"</mnt/EXSSD/formulog-artifact-evaluation/artifact/case_studies/symeval/benchmarks/prioqueue-6/prioqueue-6.ll>:main:0"	4
"</mnt/EXSSD/formulog-artifact-evaluation/artifact/case_studies/symeval/benchmarks/prioqueue-6/prioqueue-6.ll>:main:1"	4
"</mnt/EXSSD/formulog-artifact-evaluation/artifact/case_studies/symeval/benchmarks/prioqueue-6/prioqueue-6.ll>:main:2"	8
"</mnt/EXSSD/formulog-artifact-evaluation/artifact/case_studies/symeval/benchmarks/prioqueue-6/prioqueue-6.ll>:main:3"	4
"</mnt/EXSSD/formulog-artifact-evaluation/artifact/case_studies/symeval/benchmarks/prioqueue-6/prioqueue-6.ll>:main:4"	4
"</mnt/EXSSD/formulog-artifact-evaluation/artifact/case_studies/symeval/benchmarks/prioqueue-6/prioqueue-6.ll>:main:5"	4
"</mnt/EXSSD/formulog-artifact-evaluation/artifact/case_studies/symeval/benchmarks/prioqueue-6/prioqueue-6.ll>:main:6"	4
"</mnt/EXSSD/formulog-artifact-evaluation/artifact/case_studies/symeval/benchmarks/prioqueue-6/prioqueue-6.ll>:main:7"	8
"</mnt/EXSSD/formulog-artifact-evaluation/artifact/case_studies/symeval/benchmarks/prioqueue-6/prioqueue-6.ll>:main:8"	4
"</mnt/EXSSD/formulog-artifact-evaluation/artifact/case_studies/symeval/benchmarks/prioqueue-6/prioqueue-6.ll>:main:9"	4
"</mnt/EXSSD/formulog-artifact-evaluation/artifact/case_studies/symeval/benchmarks/prioqueue-6/prioqueue-6.ll>:main:10"	8
"</mnt/EXSSD/formulog-artifact-evaluation/artifact/case_studies/symeval/benchmarks/prioqueue-6/prioqueue-6.ll>:main:11"	4
"</mnt/EXSSD/formulog-artifact-evaluation/artifact/case_studies/symeval/benchmarks/prioqueue-6/prioqueue-6.ll>:main:12"	4
"</mnt/EXSSD/formulog-artifact-evaluation/artifact/case_studies/symeval/benchmarks/prioqueue-6/prioqueue-6.ll>:main:13"	4
"</mnt/EXSSD/formulog-artifact-evaluation/artifact/case_studies/symeval/benchmarks/prioqueue-6/prioqueue-6.ll>:main:14"	8
"</mnt/EXSSD/formulog-artifact-evaluation/artifact/case_studies/symeval/benchmarks/prioqueue-6/prioqueue-6.ll>:main:15"	4
"</mnt/EXSSD/formulog-artifact-evaluation/artifact/case_studies/symeval/benchmarks/prioqueue-6/prioqueue-6.ll>:main:16"	4
"</mnt/EXSSD/formulog-artifact-evaluation/artifact/case_studies/symeval/benchmarks/prioqueue-6/prioqueue-6.ll>:main:17"	8
"</mnt/EXSSD/formulog-artifact-evaluation/artifact/case_studies/symeval/benchmarks/prioqueue-6/prioqueue-6.ll>:main:18"	4
"</mnt/EXSSD/formulog-artifact-evaluation/artifact/case_studies/symeval/benchmarks/prioqueue-6/prioqueue-6.ll>:main:19"	4
"</mnt/EXSSD/formulog-artifact-evaluation/artifact/case_studies/symeval/benchmarks/prioqueue-6/prioqueue-6.ll>:main:20"	4
"</mnt/EXSSD/formulog-artifact-evaluation/artifact/case_studies/symeval/benchmarks/prioqueue-6/prioqueue-6.ll>:main:21"	4
"</mnt/EXSSD/formulog-artifact-evaluation/artifact/case_studies/symeval/benchmarks/prioqueue-6/prioqueue-6.ll>:main:22"	4
"</mnt/EXSSD/formulog-artifact-evaluation/artifact/case_studies/symeval/benchmarks/prioqueue-6/prioqueue-6.ll>:main:23"	4
"</mnt/EXSSD/formulog-artifact-evaluation/artifact/case_studies/symeval/benchmarks/prioqueue-6/prioqueue-6.ll>:main:24"	4
"</mnt/EXSSD/formulog-artifact-evaluation/artifact/case_studies/symeval/benchmarks/prioqueue-6/prioqueue-6.ll>:main:25"	4
"</mnt/EXSSD/formulog-artifact-evaluation/artifact/case_studies/symeval/benchmarks/prioqueue-6/prioqueue-6.ll>:main:26"	8
"</mnt/EXSSD/formulog-artifact-evaluation/artifact/case_studies/symeval/benchmarks/prioqueue-6/prioqueue-6.ll>:main:27"	4
"</mnt/EXSSD/formulog-artifact-evaluation/artifact/case_studies/symeval/benchmarks/prioqueue-6/prioqueue-6.ll>:main:28"	4
"</mnt/EXSSD/formulog-artifact-evaluation/artifact/case_studies/symeval/benchmarks/prioqueue-6/prioqueue-6.ll>:main:29"	4
"</mnt/EXSSD/formulog-artifact-evaluation/artifact/case_studies/symeval/benchmarks/prioqueue-6/prioqueue-6.ll>:main:30"	8
"</mnt/EXSSD/formulog-artifact-evaluation/artifact/case_studies/symeval/benchmarks/prioqueue-6/prioqueue-6.ll>:main:31"	4
"</mnt/EXSSD/formulog-artifact-evaluation/artifact/case_studies/symeval/benchmarks/prioqueue-6/prioqueue-6.ll>:main:32"	4
"</mnt/EXSSD/formulog-artifact-evaluation/artifact/case_studies/symeval/benchmarks/prioqueue-6/prioqueue-6.ll>:main:33"	4
"</mnt/EXSSD/formulog-artifact-evaluation/artifact/case_studies/symeval/benchmarks/prioqueue-6/prioqueue-6.ll>:main:34"	4
"</mnt/EXSSD/formulog-artifact-evaluation/artifact/case_studies/symeval/benchmarks/prioqueue-6/prioqueue-6.ll>:main:35"	4
"</mnt/EXSSD/formulog-artifact-evaluation/artifact/case_studies/symeval/benchmarks/prioqueue-6/prioqueue-6.ll>:main:36"	4
"</mnt/EXSSD/formulog-artifact-evaluation/artifact/case_studies/symeval/benchmarks/prioqueue-6/prioqueue-6.ll>:main:37"	8
"</mnt/EXSSD/formulog-artifact-evaluation/artifact/case_studies/symeval/benchmarks/prioqueue-6/prioqueue-6.ll>:main:38"	4
"</mnt/EXSSD/formulog-artifact-evaluation/artifact/case_studies/symeval/benchmarks/prioqueue-6/prioqueue-6.ll>:main:39"	4
"</mnt/EXSSD/formulog-artifact-evaluation/artifact/case_studies/symeval/benchmarks/prioqueue-6/prioqueue-6.ll>:main:40"	4
"</mnt/EXSSD/formulog-artifact-evaluation/artifact/case_studies/symeval/benchmarks/prioqueue-6/prioqueue-6.ll>:main:41"	8
"</mnt/EXSSD/formulog-artifact-evaluation/artifact/case_studies/symeval/benchmarks/prioqueue-6/prioqueue-6.ll>:main:42"	4
"</mnt/EXSSD/formulog-artifact-evaluation/artifact/case_studies/symeval/benchmarks/prioqueue-6/prioqueue-6.ll>:main:43"	4
"</mnt/EXSSD/formulog-artifact-evaluation/artifact/case_studies/symeval/benchmarks/prioqueue-6/prioqueue-6.ll>:main:44"	4
"</mnt/EXSSD/formulog-artifact-evaluation/artifact/case_studies/symeval/benchmarks/prioqueue-6/prioqueue-6.ll>:main:45"	8
"</mnt/EXSSD/formulog-artifact-evaluation/artifact/case_studies/symeval/benchmarks/prioqueue-6/prioqueue-6.ll>:main:46"	4
"</mnt/EXSSD/formulog-artifact-evaluation/artifact/case_studies/symeval/benchmarks/prioqueue-6/prioqueue-6.ll>:main:47"	4
"</mnt/EXSSD/formulog-artifact-evaluation/artifact/case_studies/symeval/benchmarks/prioqueue-6/prioqueue-6.ll>:main:48"	4
"</mnt/EXSSD/formulog-artifact-evaluation/artifact/case_studies/symeval/benchmarks/prioqueue-6/prioqueue-6.ll>:main:49"	4
"</mnt/EXSSD/formulog-artifact-evaluation/artifact/case_studies/symeval/benchmarks/prioqueue-6/prioqueue-6.ll>:main:50"	8
"</mnt/EXSSD/formulog-artifact-evaluation/artifact/case_studies/symeval/benchmarks/prioqueue-6/prioqueue-6.ll>:main:51"	4
"</mnt/EXSSD/formulog-artifact-evaluation/artifact/case_studies/symeval/benchmarks/prioqueue-6/prioqueue-6.ll>:main:52"	4
"</mnt/EXSSD/formulog-artifact-evaluation/artifact/case_studies/symeval/benchmarks/prioqueue-6/prioqueue-6.ll>:main:53"	8
"</mnt/EXSSD/formulog-artifact-evaluation/artifact/case_studies/symeval/benchmarks/prioqueue-6/prioqueue-6.ll>:main:54"	4
"</mnt/EXSSD/formulog-artifact-evaluation/artifact/case_studies/symeval/benchmarks/prioqueue-6/prioqueue-6.ll>:main:55"	4
"</mnt/EXSSD/formulog-artifact-evaluation/artifact/case_studies/symeval/benchmarks/prioqueue-6/prioqueue-6.ll>:main:56"	4
"</mnt/EXSSD/formulog-artifact-evaluation/artifact/case_studies/symeval/benchmarks/prioqueue-6/prioqueue-6.ll>:main:57"	8
"</mnt/EXSSD/formulog-artifact-evaluation/artifact/case_studies/symeval/benchmarks/prioqueue-6/prioqueue-6.ll>:main:58"	4
"</mnt/EXSSD/formulog-artifact-evaluation/artifact/case_studies/symeval/benchmarks/prioqueue-6/prioqueue-6.ll>:main:59"	4
"</mnt/EXSSD/formulog-artifact-evaluation/artifact/case_studies/symeval/benchmarks/prioqueue-6/prioqueue-6.ll>:main:60"	8
"</mnt/EXSSD/formulog-artifact-evaluation/artifact/case_studies/symeval/benchmarks/prioqueue-6/prioqueue-6.ll>:main:61"	4
"</mnt/EXSSD/formulog-artifact-evaluation/artifact/case_studies/symeval/benchmarks/prioqueue-6/prioqueue-6.ll>:main:62"	4
"</mnt/EXSSD/formulog-artifact-evaluation/artifact/case_studies/symeval/benchmarks/prioqueue-6/prioqueue-6.ll>:main:63"	4
"</mnt/EXSSD/formulog-artifact-evaluation/artifact/case_studies/symeval/benchmarks/prioqueue-6/prioqueue-6.ll>:main:64"	4
"</mnt/EXSSD/formulog-artifact-evaluation/artifact/case_studies/symeval/benchmarks/prioqueue-6/prioqueue-6.ll>:main:65"	4
"</mnt/EXSSD/formulog-artifact-evaluation/artifact/case_studies/symeval/benchmarks/prioqueue-6/prioqueue-6.ll>:main:66"	4
"</mnt/EXSSD/formulog-artifact-evaluation/artifact/case_studies/symeval/benchmarks/prioqueue-6/prioqueue-6.ll>:main:67"	4
"</mnt/EXSSD/formulog-artifact-evaluation/artifact/case_studies/symeval/benchmarks/prioqueue-6/prioqueue-6.ll>:main:68"	4
"</mnt/EXSSD/formulog-artifact-evaluation/artifact/case_studies/symeval/benchmarks/prioqueue-6/prioqueue-6.ll>:main:69"	8
"</mnt/EXSSD/formulog-artifact-evaluation/artifact/case_studies/symeval/benchmarks/prioqueue-6/prioqueue-6.ll>:main:70"	4
"</mnt/EXSSD/formulog-artifact-evaluation/artifact/case_studies/symeval/benchmarks/prioqueue-6/prioqueue-6.ll>:main:71"	4
"</mnt/EXSSD/formulog-artifact-evaluation/artifact/case_studies/symeval/benchmarks/prioqueue-6/prioqueue-6.ll>:main:72"	4
"</mnt/EXSSD/formulog-artifact-evaluation/artifact/case_studies/symeval/benchmarks/prioqueue-6/prioqueue-6.ll>:main:73"	8
"</mnt/EXSSD/formulog-artifact-evaluation/artifact/case_studies/symeval/benchmarks/prioqueue-6/prioqueue-6.ll>:main:74"	4
"</mnt/EXSSD/formulog-artifact-evaluation/artifact/case_studies/symeval/benchmarks/prioqueue-6/prioqueue-6.ll>:main:75"	4
"</mnt/EXSSD/formulog-artifact-evaluation/artifact/case_studies/symeval/benchmarks/prioqueue-6/prioqueue-6.ll>:main:76"	4
"</mnt/EXSSD/formulog-artifact-evaluation/artifact/case_studies/symeval/benchmarks/prioqueue-6/prioqueue-6.ll>:main:77"	4
"</mnt/EXSSD/formulog-artifact-evaluation/artifact/case_studies/symeval/benchmarks/prioqueue-6/prioqueue-6.ll>:main:78"	4
"</mnt/EXSSD/formulog-artifact-evaluation/artifact/case_studies/symeval/benchmarks/prioqueue-6/prioqueue-6.ll>:main:79"	4
"</mnt/EXSSD/formulog-artifact-evaluation/artifact/case_studies/symeval/benchmarks/prioqueue-6/prioqueue-6.ll>:main:80"	8
"</mnt/EXSSD/formulog-artifact-evaluation/artifact/case_studies/symeval/benchmarks/prioqueue-6/prioqueue-6.ll>:main:81"	4
"</mnt/EXSSD/formulog-artifact-evaluation/artifact/case_studies/symeval/benchmarks/prioqueue-6/prioqueue-6.ll>:main:82"	4
"</mnt/EXSSD/formulog-artifact-evaluation/artifact/case_studies/symeval/benchmarks/prioqueue-6/prioqueue-6.ll>:main:83"	4
"</mnt/EXSSD/formulog-artifact-evaluation/artifact/case_studies/symeval/benchmarks/prioqueue-6/prioqueue-6.ll>:main:84"	8
"</mnt/EXSSD/formulog-artifact-evaluation/artifact/case_studies/symeval/benchmarks/prioqueue-6/prioqueue-6.ll>:main:85"	4
"</mnt/EXSSD/formulog-artifact-evaluation/artifact/case_studies/symeval/benchmarks/prioqueue-6/prioqueue-6.ll>:main:86"	8
"</mnt/EXSSD/formulog-artifact-evaluation/artifact/case_studies/symeval/benchmarks/prioqueue-6/prioqueue-6.ll>:main:87"	8
"</mnt/EXSSD/formulog-artifact-evaluation/artifact/case_studies/symeval/benchmarks/prioqueue-6/prioqueue-6.ll>:main:88"	4
"</mnt/EXSSD/formulog-artifact-evaluation/artifact/case_studies/symeval/benchmarks/prioqueue-6/prioqueue-6.ll>:main:89"	8
"</mnt/EXSSD/formulog-artifact-evaluation/artifact/case_studies/symeval/benchmarks/prioqueue-6/prioqueue-6.ll>:main:90"	8
"</mnt/EXSSD/formulog-artifact-evaluation/artifact/case_studies/symeval/benchmarks/prioqueue-6/prioqueue-6.ll>:main:91"	4
"</mnt/EXSSD/formulog-artifact-evaluation/artifact/case_studies/symeval/benchmarks/prioqueue-6/prioqueue-6.ll>:main:92"	4
"</mnt/EXSSD/formulog-artifact-evaluation/artifact/case_studies/symeval/benchmarks/prioqueue-6/prioqueue-6.ll>:main:93"	4
