"</mnt/EXSSD/formulog-artifact-evaluation/artifact/case_studies/symeval/benchmarks/prioqueue-6/prioqueue-6.ll>:main:172"	"</mnt/EXSSD/formulog-artifact-evaluation/artifact/case_studies/symeval/benchmarks/prioqueue-6/prioqueue-6.ll>:main:172:1"
"</mnt/EXSSD/formulog-artifact-evaluation/artifact/case_studies/symeval/benchmarks/prioqueue-6/prioqueue-6.ll>:main:226"	"</mnt/EXSSD/formulog-artifact-evaluation/artifact/case_studies/symeval/benchmarks/prioqueue-6/prioqueue-6.ll>:main:226:1"
"</mnt/EXSSD/formulog-artifact-evaluation/artifact/case_studies/symeval/benchmarks/prioqueue-6/prioqueue-6.ll>:main:283"	"</mnt/EXSSD/formulog-artifact-evaluation/artifact/case_studies/symeval/benchmarks/prioqueue-6/prioqueue-6.ll>:main:283:1"
"</mnt/EXSSD/formulog-artifact-evaluation/artifact/case_studies/symeval/benchmarks/prioqueue-6/prioqueue-6.ll>:main:335"	"</mnt/EXSSD/formulog-artifact-evaluation/artifact/case_studies/symeval/benchmarks/prioqueue-6/prioqueue-6.ll>:main:335:1"
"</mnt/EXSSD/formulog-artifact-evaluation/artifact/case_studies/symeval/benchmarks/prioqueue-6/prioqueue-6.ll>:main:524"	"</mnt/EXSSD/formulog-artifact-evaluation/artifact/case_studies/symeval/benchmarks/prioqueue-6/prioqueue-6.ll>:main:524:1"
"</mnt/EXSSD/formulog-artifact-evaluation/artifact/case_studies/symeval/benchmarks/prioqueue-6/prioqueue-6.ll>:main:578"	"</mnt/EXSSD/formulog-artifact-evaluation/artifact/case_studies/symeval/benchmarks/prioqueue-6/prioqueue-6.ll>:main:578:1"
"</mnt/EXSSD/formulog-artifact-evaluation/artifact/case_studies/symeval/benchmarks/prioqueue-6/prioqueue-6.ll>:main:630"	"</mnt/EXSSD/formulog-artifact-evaluation/artifact/case_studies/symeval/benchmarks/prioqueue-6/prioqueue-6.ll>:main:630:1"
"</mnt/EXSSD/formulog-artifact-evaluation/artifact/case_studies/symeval/benchmarks/prioqueue-6/prioqueue-6.ll>:main:682"	"</mnt/EXSSD/formulog-artifact-evaluation/artifact/case_studies/symeval/benchmarks/prioqueue-6/prioqueue-6.ll>:main:682:1"
