java_type_ref("<Application,Lpolyglot/main/OptFlag>")
java_type_ref("<Application,Lpolyglot/ext/jl5/types/inference/SubTypeConstraint>")
java_type_ref("<Application,Lpolyglot/ext/jl5/types/JL5ImportTable>")
java_type_ref("<Application,Lpolyglot/ext/param/types/ParamTypeSystem_c>")
java_type_ref("<Application,Lpolyglot/ext/jl5/ast/JL5AbstractNodeFactory_c>")
java_type_ref("<Application,Lpolyglot/ext/jl5/ast/JL5AssertExt>")
java_type_ref("<Application,Lpolyglot/translate/ext/LocalDeclToExt_c>")
java_type_ref("<Application,Ljflex/gui/OptionsDialog>")
java_type_ref("<Application,Ljflex/IntCharSet>")
java_type_ref("<Application,Lpolyglot/ext/jl7/parse/Lexer_c>")
java_type_ref("<Application,Lpolyglot/ast/NodeFactory>")
java_type_ref("<Application,Lpolyglot/ast/AmbReceiver>")
java_type_ref("<Application,Lpolyglot/ast/Eval>")
java_type_ref("<Application,Lpolyglot/types/Context_c$Kind>")
java_type_ref("<Application,Lpolyglot/types/ProcedureInstance_c>")
java_type_ref("<Application,Lpolyglot/visit/ClassSerializer>")
java_type_ref("<Application,Lpolyglot/visit/FlowGraph$ExceptionEdgeKey>")
java_type_ref("<Application,Ljava_cup/shift_action>")
java_type_ref("<Application,Lpolyglot/frontend/MissingDependencyException>")
java_type_ref("<Application,Lppg/cmds/Command>")
java_type_ref("<Application,Lpolyglot/ext/jl5/ast/JL5CaseOps>")
java_type_ref("<Application,Lpolyglot/qq/CUP$Grm$actions>")
java_type_ref("<Application,Lpolyglot/visit/ContextVisitor>")
java_type_ref("<Application,Ljava_cup/action_part>")
java_type_ref("<Application,Lpolyglot/ext/jl5/qq/sym>")
java_type_ref("<Application,Lpolyglot/ext/jl5/types/Annotations_c>")
java_type_ref("<Application,Ljflex/Interval>")
java_type_ref("<Application,Lpolyglot/util/TransformingList>")
java_type_ref("<Application,Ljflex/gui/MainFrame$2>")
java_type_ref("<Application,Lpolyglot/ast/Lit>")
java_type_ref("<Application,Lpolyglot/ext/jl5/translate/EnumConstantToJL_c>")
java_type_ref("<Application,Lpolyglot/frontend/CupParser>")
java_type_ref("<Application,Lpolyglot/ast/FieldAssign_c>")
java_type_ref("<Application,Lpolyglot/ast/LoopOps>")
java_type_ref("<Application,Lpolyglot/types/reflect/InnerClasses>")
java_type_ref("<Application,Lpolyglot/ast/LocalDecl_c$AddDependenciesVisitor>")
java_type_ref("<Application,Lppg/atoms/Terminal>")
java_type_ref("<Application,Lpolyglot/ast/ArrayAccess_c>")
java_type_ref("<Application,Lpolyglot/visit/FinalLocalExtractor$LocalDeclFixer>")
java_type_ref("<Application,Ljflex/unicode/data/Unicode_3_0>")
java_type_ref("<Application,Ljflex/Main>")
java_type_ref("<Application,Ljflex/LexScan>")
java_type_ref("<Application,Ljflex/gui/MainFrame$10>")
java_type_ref("<Application,Lpolyglot/ext/param/types/PClass>")
java_type_ref("<Application,Lpolyglot/types/TypeSystem>")
java_type_ref("<Application,Ljava_cup/runtime/ComplexSymbolFactory>")
java_type_ref("<Application,Lpolyglot/ext/param/types/PClass_c>")
java_type_ref("<Application,Lpolyglot/ast/Loop>")
java_type_ref("<Application,Lpolyglot/ast/ProcedureDecl>")
java_type_ref("<Application,Lpolyglot/ext/jl5/ast/JL5ExtFactory_c>")
java_type_ref("<Application,Lpolyglot/ast/New_c>")
java_type_ref("<Application,Lpolyglot/types/TypeObject>")
java_type_ref("<Application,Lpolyglot/types/Flags$FlagComparator>")
java_type_ref("<Application,Lpolyglot/types/PlaceHolder>")
java_type_ref("<Application,Lpolyglot/ext/jl5/qq/CUP$Grm$actions>")
java_type_ref("<Application,Lpolyglot/visit/CopyPropagator$DataFlowItem>")
java_type_ref("<Application,Ljflex/CUP$LexParse$actions>")
java_type_ref("<Application,Lpolyglot/ext/jl5/types/JL5ConstructorInstance_c>")
java_type_ref("<Application,Lpolyglot/ast/Case>")
java_type_ref("<Application,Lpolyglot/ext/jl5/visit/RemoveVarArgsFlags>")
java_type_ref("<Application,Lpolyglot/ast/ArrayTypeNode>")
java_type_ref("<Application,Lpolyglot/ast/Field_c>")
java_type_ref("<Application,Lpolyglot/ext/jl5/AnnotationsResolved$AnnotationsResolvedCT>")
java_type_ref("<Application,Lpolyglot/visit/DefiniteAssignmentChecker$ClassBodyInfo>")
java_type_ref("<Application,Lpolyglot/ast/Term$Instance>")
java_type_ref("<Application,Lpolyglot/ext/jl5/types/JL5Context_c>")
java_type_ref("<Application,Ljava_cup/non_terminal>")
java_type_ref("<Application,Lpolyglot/ast/NumLit_c>")
java_type_ref("<Application,Lpolyglot/ext/jl5/ExtensionInfo>")
java_type_ref("<Application,Lppg/atoms/TerminalList>")
java_type_ref("<Application,Lpolyglot/frontend/JLExtensionInfo>")
java_type_ref("<Application,Lpolyglot/ast/Return>")
java_type_ref("<Application,Lpolyglot/types/VarInstance_c>")
java_type_ref("<Application,Lpolyglot/ast/NodeFactory_c$1>")
java_type_ref("<Application,Ljava_cup/emit>")
java_type_ref("<Application,Lpolyglot/ast/StringLit_c>")
java_type_ref("<Application,Lpolyglot/ast/JLang_c>")
java_type_ref("<Application,Lpolyglot/frontend/goals/Serialized>")
java_type_ref("<Application,Lpolyglot/translate/ext/UnaryToExt_c>")
java_type_ref("<Application,Lpolyglot/main/OptFlag$PathFlag>")
java_type_ref("<Application,Lpolyglot/ext/jl5/types/JL5Context>")
java_type_ref("<Application,Ljflex/RegExp>")
java_type_ref("<Application,Lpolyglot/ext/jl5/ast/JL5Import>")
java_type_ref("<Application,Lpolyglot/types/TypeObject_c>")
java_type_ref("<Application,Lpolyglot/visit/InitChecker$MinMaxInitCount>")
java_type_ref("<Application,Lpolyglot/types/TypeSystem_c>")
java_type_ref("<Application,Lpolyglot/main/Options$3>")
java_type_ref("<Application,Ljava_cup/nonassoc_action>")
java_type_ref("<Application,Ljflex/gui/OptionsDialog$6>")
java_type_ref("<Application,Lpolyglot/ast/NodeFactory_c>")
java_type_ref("<Application,Lpolyglot/translate/ext/TryToExt_c>")
java_type_ref("<Application,Lpolyglot/ext/jl5/translate/JL5LocalDeclToJL_c>")
java_type_ref("<Application,Ljflex/LexicalStates>")
java_type_ref("<Application,Lpolyglot/visit/ConstantChecker>")
java_type_ref("<Application,Ljava_cup/runtime/Scanner>")
java_type_ref("<Application,Lpolyglot/visit/InitImportsVisitor>")
java_type_ref("<Application,Lpolyglot/ext/jl7/ast/JL7ExtFactory_c>")
java_type_ref("<Application,Lpolyglot/ast/IntLit$Kind>")
java_type_ref("<Application,Lpolyglot/types/ClassType>")
java_type_ref("<Application,Lpolyglot/visit/FlowGraph>")
java_type_ref("<Application,Lpolyglot/ext/jl7/ast/JL7CaseExt>")
java_type_ref("<Application,Lpolyglot/ast/Switch_c>")
java_type_ref("<Application,Lpolyglot/ext/jl5/CovarRetOutputExtensionInfo$CovarRetMethodInstance_c>")
java_type_ref("<Application,Lpolyglot/frontend/Source>")
java_type_ref("<Application,Lpolyglot/translate/ext/ArrayAccessToExt_c>")
java_type_ref("<Application,Lpolyglot/ast/ConstructorCall_c>")
java_type_ref("<Application,Lpolyglot/ext/jl5/ast/JL5NodeFactory_c>")
java_type_ref("<Application,Lpolyglot/ext/jl5/ast/AnnotationElem>")
java_type_ref("<Application,Lpolyglot/ext/jl5/types/JL5LocalInstance>")
java_type_ref("<Application,Lpolyglot/ast/LocalClassDecl>")
java_type_ref("<Application,Lpolyglot/util/Pair>")
java_type_ref("<Application,Lpolyglot/ext/jl5/types/JL5Flags>")
java_type_ref("<Application,Lpolyglot/lex/DoubleLiteral>")
java_type_ref("<Application,Ljflex/PackEmitter>")
java_type_ref("<Application,Lpolyglot/ext/jl5/translate/ParamTypeNodeToExt_c>")
java_type_ref("<Application,Lpolyglot/translate/ext/ImportToExt_c>")
java_type_ref("<Application,Lpolyglot/translate/ext/SynchronizedToExt_c>")
java_type_ref("<Application,Lpolyglot/qq/sym>")
java_type_ref("<Application,Lpolyglot/ext/jl5/types/JL5SubstClassType>")
java_type_ref("<Application,Lpolyglot/ast/PackageNode_c>")
java_type_ref("<Application,Lpolyglot/translate/ext/ClassDeclToExt_c>")
java_type_ref("<Application,Lpolyglot/ast/ExprOps>")
java_type_ref("<Application,Lpolyglot/types/LazyInitializer>")
java_type_ref("<Application,Lpolyglot/ast/Branch>")
java_type_ref("<Application,Lppg/util/Item>")
java_type_ref("<Application,Lpolyglot/ast/FieldAssign>")
java_type_ref("<Application,Lpolyglot/ext/jl5/parse/JL5Name>")
java_type_ref("<Application,Lpolyglot/ext/param/types/ParamTypeSystem>")
java_type_ref("<Application,Lpolyglot/types/ParsedClassType>")
java_type_ref("<Application,Lpolyglot/ast/Initializer_c>")
java_type_ref("<Application,Lpolyglot/ast/ProcedureCallOps>")
java_type_ref("<Application,Lpolyglot/frontend/goals/TypesInitialized>")
java_type_ref("<Application,Lpolyglot/util/OptimalCodeWriter>")
java_type_ref("<Application,Lpolyglot/ast/For_c>")
java_type_ref("<Application,Lpolyglot/ext/param/types/SubstType>")
java_type_ref("<Application,Lppg/util/CodeWriter>")
java_type_ref("<Application,Lpolyglot/ext/jl7/ast/AmbUnionType>")
java_type_ref("<Application,Lpolyglot/ext/jl5/JL5Scheduler$JL5CodeGenerated>")
java_type_ref("<Application,Lpolyglot/translate/ext/CaseToExt_c>")
java_type_ref("<Application,Lpolyglot/ast/Labeled>")
java_type_ref("<Application,Ljflex/unicode/UnicodeProperties$UnsupportedUnicodeVersionException>")
java_type_ref("<Application,Lpolyglot/ast/AmbTypeNode>")
java_type_ref("<Application,Lpolyglot/ext/jl5/types/EnumInstance_c>")
java_type_ref("<Application,Lpolyglot/ast/BooleanLit_c>")
java_type_ref("<Application,Lpolyglot/ext/jl5/ast/JL5SourceFileExt>")
java_type_ref("<Application,Lpolyglot/ext/jl5/types/AnnotationElementValueArray>")
java_type_ref("<Application,Lpolyglot/ext/jl5/types/reflect/JL5Signature$ClassSig>")
java_type_ref("<Application,Lpolyglot/ast/ClassLit>")
java_type_ref("<Application,Lpolyglot/visit/AmbiguityRemover$AmbChecker2>")
java_type_ref("<Application,Lpolyglot/ext/param/types/Subst_c>")
java_type_ref("<Application,Lpolyglot/ast/Assert>")
java_type_ref("<Application,Lpolyglot/ast/Lit_c>")
java_type_ref("<Application,Lpolyglot/types/CachingResolver$CachedResult$Success>")
java_type_ref("<Application,Lpolyglot/ext/jl5/ast/AmbWildCard>")
java_type_ref("<Application,Ljava_cup/parse_action_table>")
java_type_ref("<Application,Lpolyglot/frontend/SchedulerException>")
java_type_ref("<Application,Lpolyglot/util/Enum>")
java_type_ref("<Application,Lpolyglot/types/LoadedClassResolver>")
java_type_ref("<Application,Ljflex/unicode/data/Unicode_4_1>")
java_type_ref("<Application,Lpolyglot/ext/jl5/types/reflect/JL5Method>")
java_type_ref("<Application,Lpolyglot/ast/IntLit_c>")
java_type_ref("<Application,Lpolyglot/ext/jl5/types/TypeVariable>")
java_type_ref("<Application,Lpolyglot/types/reflect/ClassFile>")
java_type_ref("<Application,Lpolyglot/lex/EscapedUnicodeReader>")
java_type_ref("<Application,Ljflex/gui/MainFrame$4>")
java_type_ref("<Application,Lppg/code/ActionCode>")
java_type_ref("<Application,Lpolyglot/ext/jl7/types/DiamondType_c>")
java_type_ref("<Application,Lpolyglot/ext/jl5/ast/JL5FieldExt>")
java_type_ref("<Application,Lpolyglot/visit/ExpressionFlattener>")
java_type_ref("<Application,Lpolyglot/frontend/goals/ClassTypeGoal>")
java_type_ref("<Application,Ljava_cup/symbol_set>")
java_type_ref("<Application,Lpolyglot/visit/CopyPropagator$DataFlowItem$CopyInfo>")
java_type_ref("<Application,Lpolyglot/translate/ext/BinaryToExt_c>")
java_type_ref("<Application,Lpolyglot/ast/Loop$Instance>")
java_type_ref("<Application,Lpolyglot/ext/jl5/ast/AnnotationElemDecl_c>")
java_type_ref("<Application,Lppg/parse/Parser>")
java_type_ref("<Application,Lpolyglot/ast/Local_c>")
java_type_ref("<Application,Lpolyglot/translate/ext/ConditionalToExt_c>")
java_type_ref("<Application,Lpolyglot/ext/jl5/types/JL5LocalInstance_c>")
java_type_ref("<Application,Lpolyglot/ast/Call_c>")
java_type_ref("<Application,Lpolyglot/frontend/goals/CodeGenerated>")
java_type_ref("<Application,Lpolyglot/types/ClassType$Kind>")
java_type_ref("<Application,Lpolyglot/visit/InitChecker$InitCount>")
java_type_ref("<Application,Lpolyglot/ast/AbstractExtFactory_c>")
java_type_ref("<Application,Lpolyglot/util/Assert$AssertionFailedError>")
java_type_ref("<Application,Lpolyglot/frontend/goals/ConstantsCheckedForFile>")
java_type_ref("<Application,Lpolyglot/types/MemberClassResolver>")
java_type_ref("<Application,Lpolyglot/ast/AmbPrefix_c>")
java_type_ref("<Application,Lpolyglot/ast/SwitchBlock>")
java_type_ref("<Application,Lpolyglot/ext/jl7/ast/JL7ProcedureCallExt>")
java_type_ref("<Application,Lpolyglot/ast/Id>")
java_type_ref("<Application,Lpolyglot/ast/IntLit>")
java_type_ref("<Application,Lpolyglot/util/UniqueID>")
java_type_ref("<Application,Ljflex/RegExp1>")
java_type_ref("<Application,Lpolyglot/visit/ReachChecker>")
java_type_ref("<Application,Lpolyglot/ext/jl5/types/inference/LubType_c>")
java_type_ref("<Application,Lpolyglot/types/Flags>")
java_type_ref("<Application,Lppg/code/Code>")
java_type_ref("<Application,Lpolyglot/visit/FlowGraph$PeerKey>")
java_type_ref("<Application,Lpolyglot/types/InitializerInstance_c>")
java_type_ref("<Application,Lpolyglot/ext/param/types/InstType>")
java_type_ref("<Application,Lpolyglot/ext/jl5/types/AnnotationTypeElemInstance>")
java_type_ref("<Application,Lpolyglot/ast/JLDel_c>")
java_type_ref("<Application,Lpolyglot/ast/Switch>")
java_type_ref("<Application,Lpolyglot/main/Main$TerminationException>")
java_type_ref("<Application,Lpolyglot/ext/param/types/Subst_c$MethodXform>")
java_type_ref("<Application,Lpolyglot/ext/jl7/ast/JL7TryExt>")
java_type_ref("<Application,Lpolyglot/translate/ext/LocalAssignToExt_c>")
java_type_ref("<Application,Lpolyglot/visit/InitChecker>")
java_type_ref("<Application,Lpolyglot/util/Internable>")
java_type_ref("<Application,Lpolyglot/ast/ProcedureDecl_c>")
java_type_ref("<Application,Ljava_cup/lalr_state$ProdStep>")
java_type_ref("<Application,Lpolyglot/types/NoClassException>")
java_type_ref("<Application,Lpolyglot/visit/RedundantCastRemover>")
java_type_ref("<Application,Lpolyglot/util/StringUtil>")
java_type_ref("<Application,Lpolyglot/ast/AmbExpr_c>")
java_type_ref("<Application,Lpolyglot/ast/SwitchBlock_c>")
java_type_ref("<Application,Lpolyglot/types/PackageContextResolver>")
java_type_ref("<Application,Lpolyglot/types/reflect/Constant>")
java_type_ref("<Application,Lpolyglot/visit/DataFlow>")
java_type_ref("<Application,Lpolyglot/ast/PackageNode>")
java_type_ref("<Application,Lpolyglot/util/TypeEncoder>")
java_type_ref("<Application,Lpolyglot/util/Item>")
java_type_ref("<Application,Lpolyglot/ext/jl5/translate/JL5FormalToExt_c>")
java_type_ref("<Application,Ljflex/gui/OptionsDialog$7>")
java_type_ref("<Application,Lpolyglot/lex/Literal>")
java_type_ref("<Application,Lpolyglot/types/SystemResolver$1>")
java_type_ref("<Application,Lpolyglot/ext/jl5/parse/Lexer_c>")
java_type_ref("<Application,Lpolyglot/translate/ext/LabeledToExt_c>")
java_type_ref("<Application,Lpolyglot/ast/Return_c>")
java_type_ref("<Application,Lpolyglot/ast/DelFactory>")
java_type_ref("<Application,Lpolyglot/ast/Special$Kind>")
java_type_ref("<Application,Lpolyglot/ast/VarDecl>")
java_type_ref("<Application,Lpolyglot/visit/InnerClassRemover>")
java_type_ref("<Application,Ljflex/IntPair>")
java_type_ref("<Application,Lpolyglot/util/SubtypeSet>")
java_type_ref("<Application,Lppg/code/ParserCode>")
java_type_ref("<Application,Lpolyglot/frontend/goals/EmptyGoal>")
java_type_ref("<Application,Lpolyglot/types/FieldInstance_c>")
java_type_ref("<Application,Lpolyglot/visit/HandoffVisitor>")
java_type_ref("<Application,Lpolyglot/ast/Throw>")
java_type_ref("<Application,Lpolyglot/ext/jl5/types/reflect/JL5Signature$FieldSig>")
java_type_ref("<Application,Lpolyglot/ext/jl5/ast/JL5NewArrayExt>")
java_type_ref("<Application,Lpolyglot/translate/ext/FormalToExt_c>")
java_type_ref("<Application,Lpolyglot/qq/QQListToken>")
java_type_ref("<Application,Ljava_cup/sym>")
java_type_ref("<Application,Lpolyglot/ext/jl5/translate/JL5LocalDeclToExt_c>")
java_type_ref("<Application,Lpolyglot/frontend/ExtensionInfo>")
java_type_ref("<Application,Lpolyglot/types/ImportTable>")
java_type_ref("<Application,Lpolyglot/types/UnavailableTypeException>")
java_type_ref("<Application,Lpolyglot/ast/Instanceof_c>")
java_type_ref("<Application,Lpolyglot/ext/jl5/translate/JL5TypeNodeToExt_c>")
java_type_ref("<Application,Lpolyglot/main/Options$11>")
java_type_ref("<Application,Ljava_cup/lalr_state>")
java_type_ref("<Application,Lpolyglot/ast/JLDel>")
java_type_ref("<Application,Lpolyglot/visit/InitChecker$ClassBodyInfo>")
java_type_ref("<Application,Lppg/lex/Lexer>")
java_type_ref("<Application,Ljava_cup/action_production>")
java_type_ref("<Application,Lpolyglot/ext/jl5/ast/EnumConstantDeclExt>")
java_type_ref("<Application,Lpolyglot/ext/jl5/ast/JL5ExprExt>")
java_type_ref("<Application,Lpolyglot/ext/jl7/types/JL7TypeSystem>")
java_type_ref("<Application,Lpolyglot/ast/ClassDecl_c>")
java_type_ref("<Application,Lppg/util/AllowBreak>")
java_type_ref("<Application,Lpolyglot/util/StdErrorQueue>")
java_type_ref("<Application,Lpolyglot/ast/AmbPrefix>")
java_type_ref("<Application,Ljflex/NFA>")
java_type_ref("<Application,Lpolyglot/types/LocalInstance>")
java_type_ref("<Application,Lpolyglot/ast/Block_c>")
java_type_ref("<Application,Lpolyglot/ext/jl5/parse/Grm>")
java_type_ref("<Application,Ljflex/SilentExit>")
java_type_ref("<Application,Lpolyglot/translate/ext/DoToExt_c>")
java_type_ref("<Application,Lpolyglot/util/AbstractErrorQueue>")
java_type_ref("<Application,Lpolyglot/ext/jl5/types/reflect/JL5Field>")
java_type_ref("<Application,Lpolyglot/visit/DumpAst>")
java_type_ref("<Application,Lpolyglot/visit/TypeChecker$AmbChecker>")
java_type_ref("<Application,Lpolyglot/translate/ext/LocalToExt_c>")
java_type_ref("<Application,Lppg/atoms/Precedence>")
java_type_ref("<Application,Lpolyglot/ext/jl7/JL7Scheduler>")
java_type_ref("<Application,Lpolyglot/ext/jl5/JL5Version>")
java_type_ref("<Application,Lpolyglot/translate/ext/CatchToExt_c>")
java_type_ref("<Application,Lpolyglot/visit/CodeCleaner>")
java_type_ref("<Application,Lpolyglot/ast/Synchronized_c>")
java_type_ref("<Application,Lpolyglot/lex/Operator>")
java_type_ref("<Application,Ljflex/gui/OptionsDialog$11>")
java_type_ref("<Application,Lpolyglot/filemanager/ExtFileManager>")
java_type_ref("<Application,Lpolyglot/ext/jl5/ast/JL5CaseExt>")
java_type_ref("<Application,Lpolyglot/types/Declaration>")
java_type_ref("<Application,Lpolyglot/visit/InnerClassRewriter$ClassBodyTranslator>")
java_type_ref("<Application,Lpolyglot/ast/Node_c>")
java_type_ref("<Application,Ljflex/unicode/data/Unicode_5_0>")
java_type_ref("<Application,Lpolyglot/ast/Initializer>")
java_type_ref("<Application,Lpolyglot/visit/FlowGraph$Edge>")
java_type_ref("<Application,Lpolyglot/ast/Expr_c>")
java_type_ref("<Application,Lppg/lex/LexicalError>")
java_type_ref("<Application,Lpolyglot/ast/MethodDecl_c>")
java_type_ref("<Application,Lpolyglot/frontend/AbstractExtensionInfo>")
java_type_ref("<Application,Lpolyglot/ast/ClassMember>")
java_type_ref("<Application,Lpolyglot/util/NestedMap$1>")
java_type_ref("<Application,Ljava_cup/symbol>")
java_type_ref("<Application,Lpolyglot/ast/FloatLit$Kind>")
java_type_ref("<Application,Lpolyglot/util/Overrun>")
java_type_ref("<Application,Lpolyglot/ext/jl5/ast/JL5ProcedureDeclExt>")
java_type_ref("<Application,Lpolyglot/types/TableResolver>")
java_type_ref("<Application,Lpolyglot/ext/jl5/types/inference/SuperConversionConstraint>")
java_type_ref("<Application,Lpolyglot/ext/jl5/ast/ElementValuePair_c>")
java_type_ref("<Application,Lpolyglot/ext/jl5/translate/ExtendedForToExt_c>")
java_type_ref("<Application,Lpolyglot/qq/QQParser>")
java_type_ref("<Application,Lpolyglot/ext/jl5/qq/QQ>")
java_type_ref("<Application,Lpolyglot/visit/CodeCleaner$1>")
java_type_ref("<Application,Ljflex/gui/MainFrame$3>")
java_type_ref("<Application,Lpolyglot/ext/jl5/ast/JL5BinaryExt>")
java_type_ref("<Application,Lpolyglot/ast/Do>")
java_type_ref("<Application,Lpolyglot/util/SerialVersionUID$1>")
java_type_ref("<Application,Lpolyglot/ast/Catch_c>")
java_type_ref("<Application,Lpolyglot/ext/jl5/types/JL5MethodInstance>")
java_type_ref("<Application,Lpolyglot/frontend/Source$Kind>")
java_type_ref("<Application,Lpolyglot/lex/Lexer>")
java_type_ref("<Application,Lpolyglot/parse/BaseParser>")
java_type_ref("<Application,Ljflex/gui/MainFrame$9>")
java_type_ref("<Application,Lpolyglot/frontend/passes/CheckFieldConstantsPass>")
java_type_ref("<Application,Lpolyglot/ext/jl5/ast/EnumConstantDecl>")
java_type_ref("<Application,Lpolyglot/lex/Identifier>")
java_type_ref("<Application,Lpolyglot/ast/TermOps>")
java_type_ref("<Application,Lpolyglot/visit/ExceptionChecker>")
java_type_ref("<Application,Lpolyglot/ast/For>")
java_type_ref("<Application,Lpolyglot/ext/jl5/visit/RemoveVarargVisitor>")
java_type_ref("<Application,Lpolyglot/ast/Formal_c>")
java_type_ref("<Application,Lpolyglot/ast/AmbQualifierNode_c>")
java_type_ref("<Application,Lpolyglot/types/Named>")
java_type_ref("<Application,Lpolyglot/ext/jl5/types/JL5ProcedureInstance>")
java_type_ref("<Application,Lpolyglot/ast/Formal>")
java_type_ref("<Application,Lpolyglot/ext/jl5/types/reflect/JL5ClassFile>")
java_type_ref("<Application,Ljflex/gui/MainFrame>")
java_type_ref("<Application,Lpolyglot/ext/jl5/translate/JL5TypeNodeToJL_c>")
java_type_ref("<Application,Lpolyglot/lex/EOF>")
java_type_ref("<Application,Lpolyglot/util/NilMap>")
java_type_ref("<Application,Lpolyglot/types/Type>")
java_type_ref("<Application,Lpolyglot/translate/ext/ToExt>")
java_type_ref("<Application,Lpolyglot/util/SilentErrorQueue>")
java_type_ref("<Application,Lpolyglot/types/PrimitiveType>")
java_type_ref("<Application,Lpolyglot/frontend/JobExt>")
java_type_ref("<Application,Ljflex/Skeleton>")
java_type_ref("<Application,Lpolyglot/types/LazyClassInitializer>")
java_type_ref("<Application,Lpolyglot/ext/jl5/ast/JL5NodeFactory>")
java_type_ref("<Application,Lpolyglot/ext/jl5/types/JL5ConstructorInstance>")
java_type_ref("<Application,Lpolyglot/ast/ConstructorDecl>")
java_type_ref("<Application,Lpolyglot/ext/jl5/types/JL5PrimitiveType>")
java_type_ref("<Application,Lpolyglot/ext/jl5/visit/JL5InitChecker>")
java_type_ref("<Application,Lpolyglot/visit/TypedTranslator>")
java_type_ref("<Application,Lpolyglot/types/UnknownType>")
java_type_ref("<Application,Lppg/atoms/Nonterminal>")
java_type_ref("<Application,Lppg/lex/LexTest>")
java_type_ref("<Application,Lpolyglot/visit/DefiniteAssignmentChecker$AssignmentStatus>")
java_type_ref("<Application,Lpolyglot/ext/jl5/types/UnknownTypeVariable_c>")
java_type_ref("<Application,Lpolyglot/parse/Grm>")
java_type_ref("<Application,Ljflex/unicode/data/Unicode_1_1>")
java_type_ref("<Application,Ljflex/StateSet>")
java_type_ref("<Application,Lpolyglot/ext/jl5/visit/TVCaster>")
java_type_ref("<Application,Lpolyglot/util/IdentityKey>")
java_type_ref("<Application,Lpolyglot/visit/DataFlow$BoolItem>")
java_type_ref("<Application,Ljflex/gui/OptionsDialog$10>")
java_type_ref("<Application,Ljflex/unicode/data/Unicode_5_2>")
java_type_ref("<Application,Lpolyglot/ast/ClassLit_c>")
java_type_ref("<Application,Lpolyglot/ast/While>")
java_type_ref("<Application,Lpolyglot/visit/SignatureDisambiguator>")
java_type_ref("<Application,Lpolyglot/visit/FindSharedASTVisitor$NodeStack>")
java_type_ref("<Application,Lpolyglot/ext/jl5/types/EnumInstance>")
java_type_ref("<Application,Lpolyglot/ext/param/types/MuPClass>")
java_type_ref("<Application,Lpolyglot/ext/jl5/ast/JL5CanonicalTypeNodeExt>")
java_type_ref("<Application,Lpolyglot/ast/Stmt>")
java_type_ref("<Application,Lpolyglot/ast/LocalAssign>")
java_type_ref("<Application,Lppg/util/StringItem>")
java_type_ref("<Application,Lpolyglot/ext/jl5/types/inference/InferenceSolver_c$1>")
java_type_ref("<Application,Ljflex/LexScan$ZzFlexStreamInfo>")
java_type_ref("<Application,Lpolyglot/ast/CanonicalTypeNode>")
java_type_ref("<Application,Lpolyglot/translate/ext/FieldToExt_c>")
java_type_ref("<Application,Lpolyglot/ext/jl7/ast/MultiCatch_c>")
java_type_ref("<Application,Lpolyglot/main/OptFlag$Kind>")
java_type_ref("<Application,Lpolyglot/ast/Conditional>")
java_type_ref("<Application,Lpolyglot/ext/param/types/SubstClassType_c>")
java_type_ref("<Application,Lpolyglot/ext/jl5/ast/JL5ClassBodyExt>")
java_type_ref("<Application,Lpolyglot/main/OptFlag$IntFlag>")
java_type_ref("<Application,Lpolyglot/ext/jl5/ast/JL5ConstructorCallExt>")
java_type_ref("<Application,Lpolyglot/util/MaxLevels>")
java_type_ref("<Application,Lpolyglot/ext/jl7/parse/Grm>")
java_type_ref("<Application,Lpolyglot/visit/LocalClassRemover>")
java_type_ref("<Application,Lpolyglot/ast/FloatLit_c>")
java_type_ref("<Application,Lpolyglot/ext/jl7/parse/sym>")
java_type_ref("<Application,Lpolyglot/lex/LongLiteral>")
java_type_ref("<Application,Lpolyglot/frontend/goals/Barrier>")
java_type_ref("<Application,Lpolyglot/ext/param/ExtensionInfo>")
java_type_ref("<Application,Lpolyglot/main/Options$15>")
java_type_ref("<Application,Lpolyglot/frontend/passes/TypeExistsPass>")
java_type_ref("<Application,Lpolyglot/ext/jl7/ast/JL7ThrowExt>")
java_type_ref("<Application,Lpolyglot/ext/jl5/ast/ElementValueArrayInit_c>")
java_type_ref("<Application,Lpolyglot/frontend/goals/SignaturesDisambiguated>")
java_type_ref("<Application,Ljava_cup/lalr_state$TransStep>")
java_type_ref("<Application,Lpolyglot/translate/ext/SourceFileToExt_c>")
java_type_ref("<Application,Lpolyglot/ast/ArrayAccessAssign>")
java_type_ref("<Application,Lpolyglot/translate/ext/CallToExt_c>")
java_type_ref("<Application,Lpolyglot/util/NestedMap$EntrySet>")
java_type_ref("<Application,Lpolyglot/frontend/ParserlessJLExtensionInfo>")
java_type_ref("<Application,Lpolyglot/ast/Throw_c>")
java_type_ref("<Application,Ljflex/unicode/data/Unicode_6_2>")
java_type_ref("<Application,Lpolyglot/ext/jl5/types/UnknownReferenceType>")
java_type_ref("<Application,Lpolyglot/main/Options$4>")
java_type_ref("<Application,Lpolyglot/visit/InnerClassConstructorFixer>")
java_type_ref("<Application,Lpolyglot/frontend/goals/TypeChecked>")
java_type_ref("<Application,Lpolyglot/visit/DefiniteAssignmentChecker>")
java_type_ref("<Application,Ljava_cup/parse_reduce_table>")
java_type_ref("<Application,Lpolyglot/ext/jl5/types/RawClass_c>")
java_type_ref("<Application,Lpolyglot/translate/ext/ArrayInitToExt_c>")
java_type_ref("<Application,Lpolyglot/main/Options$9>")
java_type_ref("<Application,Lpolyglot/ext/jl5/types/reflect/JL5Signature$Result>")
java_type_ref("<Application,Lpolyglot/ext/jl5/types/JL5NullType_c>")
java_type_ref("<Application,Lpolyglot/ext/jl7/ast/J7Lang_c>")
java_type_ref("<Application,Lpolyglot/ast/NodeOps>")
java_type_ref("<Application,Lpolyglot/frontend/Parser>")
java_type_ref("<Application,Lpolyglot/types/PlaceHolder_c>")
java_type_ref("<Application,Lpolyglot/types/MethodInstance_c>")
java_type_ref("<Application,Ljflex/ScannerException>")
java_type_ref("<Application,Ljflex/gui/OptionsDialog$12>")
java_type_ref("<Application,Lpolyglot/types/BadSerializationException>")
java_type_ref("<Application,Lpolyglot/ext/jl5/visit/RemoveAnnotations>")
java_type_ref("<Application,Lpolyglot/types/ClassType_c>")
java_type_ref("<Application,Lpolyglot/ext/jl5/CovarRetOutputExtensionInfo$CovarRetTypeSystem_c>")
java_type_ref("<Application,Lpolyglot/types/NullType_c>")
java_type_ref("<Application,Lpolyglot/translate/ext/InstanceOfToExt_c>")
java_type_ref("<Application,Lpolyglot/ast/TypeNode>")
java_type_ref("<Application,Lpolyglot/main/UsageError>")
java_type_ref("<Application,Lpolyglot/util/Assert>")
java_type_ref("<Application,Lpolyglot/types/ParsedTypeObject>")
java_type_ref("<Application,Ljflex/gui/OptionsDialog$1>")
java_type_ref("<Application,Lpolyglot/visit/AmbiguityRemover>")
java_type_ref("<Application,Lpolyglot/translate/ext/CastToExt_c>")
java_type_ref("<Application,Lpolyglot/types/ReferenceType>")
java_type_ref("<Application,Ljava_cup/terminal_set>")
java_type_ref("<Application,Lpolyglot/ext/jl5/visit/JL5DefiniteAssignmentChecker>")
java_type_ref("<Application,Ljflex/CharClasses>")
java_type_ref("<Application,Ljflex/unicode/data/Unicode_6_3>")
java_type_ref("<Application,Lpolyglot/ext/jl5/translate/CannotToExt_c>")
java_type_ref("<Application,Lpolyglot/frontend/goals/ConstantsChecked>")
java_type_ref("<Application,Lpolyglot/frontend/FileSource>")
java_type_ref("<Application,Lpolyglot/types/SemanticException>")
java_type_ref("<Application,Lpolyglot/visit/AscriptionVisitor>")
java_type_ref("<Application,Lpolyglot/ast/ClassDeclOps>")
java_type_ref("<Application,Lpolyglot/frontend/goals/Parsed>")
java_type_ref("<Application,Lpolyglot/ext/jl5/types/JL5ArrayType_c>")
java_type_ref("<Application,Lpolyglot/ext/jl5/types/JL5NoMemberException>")
java_type_ref("<Application,Lpolyglot/ext/jl7/ast/JL7SwitchExt>")
java_type_ref("<Application,Lpolyglot/ast/ProcedureDeclOps>")
java_type_ref("<Application,Lpolyglot/ext/jl5/visit/ResolveAnnotationsVisitor>")
java_type_ref("<Application,Lpolyglot/frontend/Source_c>")
java_type_ref("<Application,Lpolyglot/translate/ext/IfToExt_c>")
java_type_ref("<Application,Lppg/PPG>")
java_type_ref("<Application,Lpolyglot/visit/PrettyPrinter>")
java_type_ref("<Application,Lpolyglot/ast/Synchronized>")
java_type_ref("<Application,Lpolyglot/util/CodeWriter>")
java_type_ref("<Application,Ljflex/LexParse>")
java_type_ref("<Application,Lpolyglot/ext/jl5/visit/JL5Translator>")
java_type_ref("<Application,Lpolyglot/ext/jl7/types/JL7TypeSystem_c>")
java_type_ref("<Application,Lpolyglot/visit/CFGBuilder$EdgeKeyTermPair>")
java_type_ref("<Application,Lpolyglot/types/ImportTable$1>")
java_type_ref("<Application,Lpolyglot/ast/CodeNode>")
java_type_ref("<Application,Ljflex/MacroException>")
java_type_ref("<Application,Lpolyglot/visit/DataFlow$Frame>")
java_type_ref("<Application,Ljflex/unicode/data/Unicode_6_0>")
java_type_ref("<Application,Lpolyglot/frontend/goals/SupertypesDisambiguated>")
java_type_ref("<Application,Ljava_cup/symbol_part>")
java_type_ref("<Application,Lppg/lex/Token>")
java_type_ref("<Application,Lpolyglot/ast/Unary$Operator>")
java_type_ref("<Application,Lpolyglot/ext/jl7/ast/AmbDiamondTypeNode>")
java_type_ref("<Application,Lpolyglot/main/Options$5>")
java_type_ref("<Application,Ljava_cup/lalr_state$Path>")
java_type_ref("<Application,Lpolyglot/types/ReferenceType_c>")
java_type_ref("<Application,Lpolyglot/main/Options$8>")
java_type_ref("<Application,Lpolyglot/main/Main>")
java_type_ref("<Application,Lpolyglot/types/AccessControlWrapperResolver>")
java_type_ref("<Application,Lpolyglot/ast/ConstructorDecl_c>")
java_type_ref("<Application,Lpolyglot/visit/InnerTranslator>")
java_type_ref("<Application,Lpolyglot/ast/Unary>")
java_type_ref("<Application,Lpolyglot/types/CachingResolver>")
java_type_ref("<Application,Lpolyglot/util/typedump/TypeDumper$TypeCache>")
java_type_ref("<Application,Lpolyglot/frontend/goals/SupertypesResolved$SupertypesResolvedPass>")
java_type_ref("<Application,Lpolyglot/types/CachingResolver$CachedResult$Error>")
java_type_ref("<Application,Lpolyglot/types/TopLevelResolver>")
java_type_ref("<Application,Lppg/cmds/DropCmd>")
java_type_ref("<Application,Lppg/atoms/PrecedenceModifier>")
java_type_ref("<Application,Lpolyglot/util/typedump/TypeDumper>")
java_type_ref("<Application,Lpolyglot/main/UnhandledArgument>")
java_type_ref("<Application,Lpolyglot/util/Predicate>")
java_type_ref("<Application,Lpolyglot/ext/jl5/ast/JL5SpecialExt>")
java_type_ref("<Application,Lpolyglot/frontend/passes/ResolveSuperTypesPass>")
java_type_ref("<Application,Lpolyglot/ext/jl5/types/JL5TypeSystem_c>")
java_type_ref("<Application,Ljflex/unicode/data/Unicode_2_1>")
java_type_ref("<Application,Lpolyglot/ext/jl7/ast/JL7TryExt$SetThrowSetVisitor>")
java_type_ref("<Application,Lpolyglot/frontend/goals/Goal>")
java_type_ref("<Application,Ljava_cup/parse_action>")
java_type_ref("<Application,Ljava_cup/ErrorManager>")
java_type_ref("<Application,Lpolyglot/ast/NullLit_c>")
java_type_ref("<Application,Lpolyglot/types/Context>")
java_type_ref("<Application,Lpolyglot/frontend/EmptyPass>")
java_type_ref("<Application,Lpolyglot/util/ErrorLimitError>")
java_type_ref("<Application,Lpolyglot/util/CollectionUtil>")
java_type_ref("<Application,Lpolyglot/ext/jl5/visit/TypeErasureProcDecls>")
java_type_ref("<Application,Lpolyglot/visit/DeadCodeEliminator$DataFlowItem>")
java_type_ref("<Application,Lpolyglot/ast/Disamb>")
java_type_ref("<Application,Ljflex/unicode/data/Unicode_5_1>")
java_type_ref("<Application,Lpolyglot/ast/Case_c>")
java_type_ref("<Application,Lpolyglot/ast/Try>")
java_type_ref("<Application,Lpolyglot/ast/Binary>")
java_type_ref("<Application,Lpolyglot/qq/QQNodeToken>")
java_type_ref("<Application,Lpolyglot/util/Base64$1>")
java_type_ref("<Application,Lppg/parse/ParserError>")
java_type_ref("<Application,Lpolyglot/ast/SourceFile_c>")
java_type_ref("<Application,Lpolyglot/visit/DataFlow$ConditionNavigator>")
java_type_ref("<Application,Lpolyglot/ast/LocalDecl_c>")
java_type_ref("<Application,Lpolyglot/ast/CharLit_c>")
java_type_ref("<Application,Lpolyglot/ast/NewOps>")
java_type_ref("<Application,Lpolyglot/ext/jl7/parse/CUP$Grm$actions>")
java_type_ref("<Application,Lpolyglot/translate/ext/CanonicalTypeNodeToExt_c>")
java_type_ref("<Application,Lpolyglot/ext/jl5/types/JL5FieldInstance>")
java_type_ref("<Application,Lpolyglot/ext/jl5/translate/ElementValuePairArrayInitToExt_c>")
java_type_ref("<Application,Lpolyglot/ext/jl5/ast/JL5AnnotatedElementExt>")
java_type_ref("<Application,Lpolyglot/util/FormatResult>")
java_type_ref("<Application,Lpolyglot/ext/jl5/types/JL5RawSubst_c$1>")
java_type_ref("<Application,Lpolyglot/util/Enum$EnumKey>")
java_type_ref("<Application,Lpolyglot/ext/jl5/ast/JL5ProcedureCallExt>")
java_type_ref("<Application,Lpolyglot/ast/Instanceof>")
java_type_ref("<Application,Lpolyglot/frontend/VisitorPass>")
java_type_ref("<Application,Lpolyglot/types/SchedulerClassInitializer>")
java_type_ref("<Application,Lpolyglot/ast/TypeNode_c>")
java_type_ref("<Application,Lpolyglot/ext/jl5/types/IntersectionType_c>")
java_type_ref("<Application,Ljava_cup/terminal>")
java_type_ref("<Application,Lpolyglot/ast/VarInit>")
java_type_ref("<Application,Lpolyglot/ext/jl5/types/AnnotationElementValue>")
java_type_ref("<Application,Lpolyglot/frontend/OutputPass>")
java_type_ref("<Application,Lpolyglot/ast/ArrayInit>")
java_type_ref("<Application,Lpolyglot/ast/ProcedureCall>")
java_type_ref("<Application,Lpolyglot/types/LocalInstance_c>")
java_type_ref("<Application,Lpolyglot/translate/ext/ClassBodyToExt_c>")
java_type_ref("<Application,Lpolyglot/ast/ArrayInit_c>")
java_type_ref("<Application,Lpolyglot/translate/ext/LocalClassDeclToExt_c>")
java_type_ref("<Application,Lpolyglot/frontend/goals/SupertypesResolved>")
java_type_ref("<Application,Lpolyglot/main/Options$2>")
java_type_ref("<Application,Lpolyglot/ext/jl5/types/JL5Subst>")
java_type_ref("<Application,Lpolyglot/ext/jl5/types/TypeVariable_c>")
java_type_ref("<Application,Lpolyglot/types/Package_c>")
java_type_ref("<Application,Lpolyglot/ext/jl5/ast/JL5Ext>")
java_type_ref("<Application,Lpolyglot/translate/ExtensionRewriter>")
java_type_ref("<Application,Lppg/code/InitCode>")
java_type_ref("<Application,Ljava_cup/production_part>")
java_type_ref("<Application,Lpolyglot/ext/jl5/ast/EnumConstantDecl_c>")
java_type_ref("<Application,Lpolyglot/ext/jl5/ast/J5Lang_c>")
java_type_ref("<Application,Lpolyglot/ext/jl5/parse/CUP$Grm$actions>")
java_type_ref("<Application,Ljflex/gui/MainFrame$7>")
java_type_ref("<Application,Lpolyglot/visit/InnerClassRemover$2>")
java_type_ref("<Application,Lpolyglot/util/Copy$Util>")
java_type_ref("<Application,Lpolyglot/visit/ReachChecker$DataFlowItem>")
java_type_ref("<Application,Lpolyglot/ext/jl5/ast/JL5CallExt>")
java_type_ref("<Application,Lpolyglot/frontend/goals/ImportTableInitialized>")
java_type_ref("<Application,Ljava_cup/lr_item_core>")
java_type_ref("<Application,Lpolyglot/ext/jl5/types/JL5TypeSystem>")
java_type_ref("<Application,Lpolyglot/ext/jl7/JL7ExtensionInfo>")
java_type_ref("<Application,Lppg/parse/Unparse>")
java_type_ref("<Application,Lpolyglot/types/MethodInstance>")
java_type_ref("<Application,Lpolyglot/main/Options$14>")
java_type_ref("<Application,Lpolyglot/frontend/goals/AbstractGoal>")
java_type_ref("<Application,Lpolyglot/ast/TopLevelDecl>")
java_type_ref("<Application,Lpolyglot/visit/ConstantChecker$TypeCheckChecker>")
java_type_ref("<Application,Lpolyglot/ast/Unary_c>")
java_type_ref("<Application,Ljflex/HiLowEmitter>")
java_type_ref("<Application,Lpolyglot/ext/jl5/ast/JL5SwitchExt>")
java_type_ref("<Application,Lpolyglot/ast/Node>")
java_type_ref("<Application,Lpolyglot/visit/InnerClassRewriter>")
java_type_ref("<Application,Lpolyglot/ast/Ext_c>")
java_type_ref("<Application,Lpolyglot/ext/jl5/visit/AutoBoxer>")
java_type_ref("<Application,Lpolyglot/frontend/PrettyPrintPass>")
java_type_ref("<Application,Lppg/atoms/SymbolList>")
java_type_ref("<Application,Lpolyglot/frontend/ParserPass>")
java_type_ref("<Application,Lpolyglot/util/Transformation>")
java_type_ref("<Application,Lpolyglot/ast/Field>")
java_type_ref("<Application,Lpolyglot/ast/NumLit>")
java_type_ref("<Application,Lpolyglot/ext/jl7/ast/JL7ResourceExt>")
java_type_ref("<Application,Lpolyglot/ext/jl7/ast/JL7ExtFactory>")
java_type_ref("<Application,Lpolyglot/frontend/Scheduler$TheEndGoal$EndPass>")
java_type_ref("<Application,Lpolyglot/translate/ext/IdToExt_c>")
java_type_ref("<Application,Lpolyglot/ext/jl5/types/reflect/Annotations$ElementValueClassConstant>")
java_type_ref("<Application,Ljava_cup/lalr_state$StateItem>")
java_type_ref("<Application,Lpolyglot/frontend/passes/AddMembersPass>")
java_type_ref("<Application,Lpolyglot/frontend/goals/SignaturesResolved$SignaturesResolvedPass>")
java_type_ref("<Application,Lpolyglot/types/reflect/ClassFileLoader>")
java_type_ref("<Application,Lpolyglot/types/FieldInstance>")
java_type_ref("<Application,Lpolyglot/ast/Block>")
java_type_ref("<Application,Lpolyglot/ast/Ext>")
java_type_ref("<Application,Ljflex/gui/MainFrame$6>")
java_type_ref("<Application,Lpolyglot/types/reflect/ClassFile_c>")
java_type_ref("<Application,Lpolyglot/frontend/AbstractPass>")
java_type_ref("<Application,Lpolyglot/ast/Typed>")
java_type_ref("<Application,Ljava_cup/lalr_item_set>")
java_type_ref("<Application,Lpolyglot/visit/Translator>")
java_type_ref("<Application,Lpolyglot/main/Options$7>")
java_type_ref("<Application,Lpolyglot/ext/jl5/JL5Scheduler>")
java_type_ref("<Application,Ljava_cup/runtime/lr_parser>")
java_type_ref("<Application,Lpolyglot/parse/Lexer_c>")
java_type_ref("<Application,Lpolyglot/ast/Cast_c>")
java_type_ref("<Application,Lpolyglot/visit/ExitChecker$DataFlowItem>")
java_type_ref("<Application,Lpolyglot/ast/AmbReceiver_c>")
java_type_ref("<Application,Lpolyglot/ast/Call>")
java_type_ref("<Application,Lpolyglot/types/CodeInstance>")
java_type_ref("<Application,Lpolyglot/visit/NodeScrambler>")
java_type_ref("<Application,Lpolyglot/ext/jl5/translate/JL5ConstructorDeclToJL_c>")
java_type_ref("<Application,Lpolyglot/ast/Lang>")
java_type_ref("<Application,Lpolyglot/frontend/TargetFactory>")
java_type_ref("<Application,Lpolyglot/main/Options$16>")
java_type_ref("<Application,Lpolyglot/frontend/passes/DisambiguateSignaturesPass>")
java_type_ref("<Application,Lpolyglot/ast/AmbAssign_c>")
java_type_ref("<Application,Lpolyglot/visit/Disambiguator>")
java_type_ref("<Application,Lpolyglot/visit/ExitChecker>")
java_type_ref("<Application,Lpolyglot/types/SourceClassResolver>")
java_type_ref("<Application,Lpolyglot/visit/CFGBuildError>")
java_type_ref("<Application,Lpolyglot/types/ConstructorInstance>")
java_type_ref("<Application,Lpolyglot/util/NestedMap>")
java_type_ref("<Application,Lpolyglot/ext/jl5/translate/JL5ConstructorDeclToExt_c>")
java_type_ref("<Application,Lpolyglot/ext/param/types/Subst_c$1>")
java_type_ref("<Application,Lpolyglot/ext/jl5/types/JL5Subst_c>")
java_type_ref("<Application,Lpolyglot/ext/jl5/ast/JL5EnumDeclExt>")
java_type_ref("<Application,Lpolyglot/ast/StringLit>")
java_type_ref("<Application,Lpolyglot/ext/jl7/ast/JL7NodeFactory>")
java_type_ref("<Application,Lpolyglot/ast/Catch>")
java_type_ref("<Application,Lpolyglot/ext/jl5/translate/JL5OutputExtensionInfo$JL5OutputOptions>")
java_type_ref("<Application,Lpolyglot/ast/CompoundStmt>")
java_type_ref("<Application,Lpolyglot/frontend/Pass>")
java_type_ref("<Application,Lpolyglot/util/BlockItem>")
java_type_ref("<Application,Ljava_cup/Lexer>")
java_type_ref("<Application,Lpolyglot/ext/jl5/types/JL5RawSubst_c>")
java_type_ref("<Application,Lpolyglot/visit/InnerClassRemoverOld>")
java_type_ref("<Application,Lpolyglot/ast/Term_c>")
java_type_ref("<Application,Lpolyglot/ext/jl5/types/TypeVariable$TVarDecl>")
java_type_ref("<Application,Lpolyglot/lex/FloatLiteral>")
java_type_ref("<Application,Lppg/cmds/ExtendCmd>")
java_type_ref("<Application,Lpolyglot/types/PrimitiveType$Kind>")
java_type_ref("<Application,Lpolyglot/lex/Token>")
java_type_ref("<Application,Lpolyglot/visit/InnerClassRemover$1>")
java_type_ref("<Application,Lpolyglot/ext/jl5/translate/JL5FieldDeclToJL_c>")
java_type_ref("<Application,Lpolyglot/ext/jl5/types/RawClass>")
java_type_ref("<Application,Lpolyglot/ast/Special>")
java_type_ref("<Application,Lpolyglot/ext/jl5/types/JL5ParsedClassType>")
java_type_ref("<Application,Lpolyglot/ext/jl5/ast/ParamTypeNode_c>")
java_type_ref("<Application,Lpolyglot/types/LoadedClassResolver$1>")
java_type_ref("<Application,Lpolyglot/ext/jl5/types/reflect/Annotations$ElementValue>")
java_type_ref("<Application,Lpolyglot/translate/ext/EmptyToExt_c>")
java_type_ref("<Application,Lpolyglot/ext/jl5/types/reflect/Annotations$Annotation>")
java_type_ref("<Application,Lpolyglot/ext/jl5/JL5Options$1>")
java_type_ref("<Application,Lpolyglot/ext/jl5/ast/JL5SwitchOps>")
java_type_ref("<Application,Lpolyglot/ext/param/types/Subst_c$FieldXform>")
java_type_ref("<Application,Lpolyglot/visit/FlowGraph$Peer>")
java_type_ref("<Application,Lpolyglot/parse/Name>")
java_type_ref("<Application,Lpolyglot/frontend/goals/SignaturesResolved>")
java_type_ref("<Application,Lpolyglot/ext/jl7/ast/JL7TryExt$EffectivelyFinalVisitor>")
java_type_ref("<Application,Ljflex/gui/OptionsDialog$14>")
java_type_ref("<Application,Lpolyglot/ext/jl5/types/reflect/JL5Signature>")
java_type_ref("<Application,Lpolyglot/ext/jl5/types/reflect/JL5Signature$MethodSig>")
java_type_ref("<Application,Lpolyglot/ast/Empty>")
java_type_ref("<Application,Lpolyglot/visit/DeadCodeEliminator$1>")
java_type_ref("<Application,Lpolyglot/util/Base64$InputStream>")
java_type_ref("<Application,Lppg/lex/LexerResult>")
java_type_ref("<Application,Ljflex/gui/GridPanelConstraint>")
java_type_ref("<Application,Lpolyglot/lex/StringLiteral>")
java_type_ref("<Application,Lpolyglot/util/Position>")
java_type_ref("<Application,Lpolyglot/lex/BooleanLiteral>")
java_type_ref("<Application,Lpolyglot/ast/QualifierNode>")
java_type_ref("<Application,Lpolyglot/ast/Loop_c>")
java_type_ref("<Application,Lpolyglot/types/ParsedClassType_c>")
java_type_ref("<Application,Lpolyglot/ext/jl5/types/AnnotationElementValueConstant>")
java_type_ref("<Application,Ljava_cup/runtime/virtual_parse_stack>")
java_type_ref("<Application,Lpolyglot/ext/jl7/ast/JL7Ext>")
java_type_ref("<Application,Lpolyglot/translate/ext/EvalToExt_c>")
java_type_ref("<Application,Lpolyglot/ext/jl5/types/AnnotationElementValueAnnotation_c>")
java_type_ref("<Application,Lpolyglot/types/ClassContextResolver>")
java_type_ref("<Application,Lpolyglot/ast/Labeled_c>")
java_type_ref("<Application,Lpolyglot/ext/jl5/ast/ExtendedFor_c>")
java_type_ref("<Application,Lpolyglot/types/reflect/Method>")
java_type_ref("<Application,Lpolyglot/qq/Lexer_c>")
java_type_ref("<Application,Lpolyglot/translate/ext/InitializerToExt_c>")
java_type_ref("<Application,Lpolyglot/ext/jl5/types/inference/InferenceSolver_c>")
java_type_ref("<Application,Lpolyglot/ext/jl5/types/reflect/JL5ClassFileLazyClassInitializer>")
java_type_ref("<Application,Lpolyglot/visit/SupertypeDisambiguator>")
java_type_ref("<Application,Lpolyglot/ast/AbstractExtFactory_c$1>")
java_type_ref("<Application,Lpolyglot/ext/jl5/types/AnnotationElementValueArray_c>")
java_type_ref("<Application,Lpolyglot/ast/ForInit>")
java_type_ref("<Application,Lpolyglot/translate/ext/ThrowToExt_c>")
java_type_ref("<Application,Ljflex/StdOutWriter>")
java_type_ref("<Application,Ljava_cup/runtime/Symbol>")
java_type_ref("<Application,Lpolyglot/ast/CodeBlock>")
java_type_ref("<Application,Lpolyglot/util/SerialVersionUID>")
java_type_ref("<Application,Lpolyglot/translate/ext/ToExtFactory_c>")
java_type_ref("<Application,Lpolyglot/ext/jl5/types/IntersectionType>")
java_type_ref("<Application,Lpolyglot/util/NestedMap$KeySet>")
java_type_ref("<Application,Ljflex/Emitter>")
java_type_ref("<Application,Lppg/spec/Spec>")
java_type_ref("<Application,Lpolyglot/ext/jl5/translate/JL5MethodDeclToJL_c>")
java_type_ref("<Application,Lpolyglot/visit/ExceptionChecker$UncaughtReporter>")
java_type_ref("<Application,Lpolyglot/visit/PruningVisitor>")
java_type_ref("<Application,Lpolyglot/frontend/goals/FieldConstantsChecked>")
java_type_ref("<Application,Lpolyglot/frontend/Scheduler$TheEndGoal>")
java_type_ref("<Application,Lpolyglot/ext/jl5/ast/ExtendedFor>")
java_type_ref("<Application,Lpolyglot/ext/jl5/visit/AnnotationChecker>")
java_type_ref("<Application,Lpolyglot/util/TypeInputStream>")
java_type_ref("<Application,Lpolyglot/main/Options>")
java_type_ref("<Application,Lpolyglot/visit/InitChecker$BottomItem>")
java_type_ref("<Application,Ljflex/ErrorMessages>")
java_type_ref("<Application,Lpolyglot/frontend/goals/Barrier$BarrierPass>")
java_type_ref("<Application,Ljflex/unicode/data/Unicode_3_2>")
java_type_ref("<Application,Lpolyglot/util/CachingTransformingList>")
java_type_ref("<Application,Lpolyglot/ext/jl5/translate/JL5FormalToJL_c>")
java_type_ref("<Application,Lpolyglot/lex/NullLiteral>")
java_type_ref("<Application,Ljflex/CharClassException>")
java_type_ref("<Application,Lpolyglot/ext/jl5/types/inference/SubConversionConstraint>")
java_type_ref("<Application,Lpolyglot/main/OptFlag$Switch>")
java_type_ref("<Application,Lpolyglot/visit/NodeVisitor>")
java_type_ref("<Application,Lpolyglot/ext/jl5/types/reflect/Annotations>")
java_type_ref("<Application,Lpolyglot/ast/ExtFactory>")
java_type_ref("<Application,Lpolyglot/translate/ext/SpecialToExt_c>")
java_type_ref("<Application,Lpolyglot/ext/jl5/types/JL5ParsedClassType_c>")
java_type_ref("<Application,Lpolyglot/types/MemberInstance>")
java_type_ref("<Application,Lpolyglot/ext/jl5/parse/sym>")
java_type_ref("<Application,Ljflex/gui/OptionsDialog$3>")
java_type_ref("<Application,Lpolyglot/ext/jl5/JL5Options$2>")
java_type_ref("<Application,Lpolyglot/visit/LoopNormalizer>")
java_type_ref("<Application,Ljava_cup/CUP$parser$actions>")
java_type_ref("<Application,Lpolyglot/ast/If_c>")
java_type_ref("<Application,Lpolyglot/translate/ext/MethodDeclToExt_c>")
java_type_ref("<Application,Lpolyglot/ast/NullLit>")
java_type_ref("<Application,Lpolyglot/ast/CallOps>")
java_type_ref("<Application,Lpolyglot/ext/jl7/ast/JL7NewExt>")
java_type_ref("<Application,Lpolyglot/ast/AmbExpr>")
java_type_ref("<Application,Lpolyglot/translate/ext/NewArrayToExt_c>")
java_type_ref("<Application,Lpolyglot/ext/jl5/ast/JL5FieldDeclExt>")
java_type_ref("<Application,Lpolyglot/ext/jl5/ast/EnumConstant>")
java_type_ref("<Application,Lpolyglot/ast/Special_c>")
java_type_ref("<Application,Lpolyglot/visit/FindSharedASTVisitor>")
java_type_ref("<Application,Lpolyglot/ext/jl5/types/reflect/Annotations$ElementValueEnumConstant>")
java_type_ref("<Application,Lpolyglot/ast/Branch$Kind>")
java_type_ref("<Application,Lpolyglot/ext/jl5/ast/ParamTypeNode>")
java_type_ref("<Application,Lpolyglot/ast/BooleanLit>")
java_type_ref("<Application,Lpolyglot/util/StringBuilderWriter>")
java_type_ref("<Application,Lppg/spec/PPGSpec>")
java_type_ref("<Application,Lpolyglot/ext/jl5/types/inference/SuperTypeConstraint>")
java_type_ref("<Application,Lpolyglot/ext/jl5/types/Annotations>")
java_type_ref("<Application,Lpolyglot/ext/jl5/ast/JL5AssignExt>")
java_type_ref("<Application,Lpolyglot/ext/jl7/ast/TryWithResources>")
java_type_ref("<Application,Lpolyglot/util/ConcatenatedIterator>")
java_type_ref("<Application,Lpolyglot/ext/param/types/Subst_c$ConstructorXform>")
java_type_ref("<Application,Lpolyglot/ext/jl7/types/inference/JL7InferenceSolver_c>")
java_type_ref("<Application,Lpolyglot/util/SimpleErrorQueue>")
java_type_ref("<Application,Ljflex/Timer>")
java_type_ref("<Application,Lpolyglot/main/Version>")
java_type_ref("<Application,Lpolyglot/ext/jl7/ast/JL7TryOps>")
java_type_ref("<Application,Lpolyglot/ext/jl5/AnnotationsResolved$ResolveAnnotationsForClass>")
java_type_ref("<Application,Lpolyglot/ast/Disamb_c>")
java_type_ref("<Application,Lpolyglot/types/FunctionInstance>")
java_type_ref("<Application,Lpolyglot/translate/ext/LitToExt_c>")
java_type_ref("<Application,Lpolyglot/frontend/goals/SignaturesDisambiguated$MyPass>")
java_type_ref("<Application,Lpolyglot/ast/Import_c>")
java_type_ref("<Application,Lpolyglot/util/CannotResolvePlaceHolderException>")
java_type_ref("<Application,Lpolyglot/translate/ext/ReturnToExt_c>")
java_type_ref("<Application,Lpolyglot/ext/param/types/MuPClass_c>")
java_type_ref("<Application,Lpolyglot/ast/Expr>")
java_type_ref("<Application,Lpolyglot/ext/jl5/ast/JL5ConditionalExt>")
java_type_ref("<Application,Lpolyglot/visit/OuterScopeDisambiguator>")
java_type_ref("<Application,Ljava_cup/parser>")
java_type_ref("<Application,Ljava_cup/internal_error>")
java_type_ref("<Application,Lpolyglot/ast/Receiver>")
java_type_ref("<Application,Lpolyglot/ast/NamedVariable>")
java_type_ref("<Application,Lpolyglot/ext/jl5/visit/RemoveExtendedFors>")
java_type_ref("<Application,Lpolyglot/visit/BodyDisambiguator>")
java_type_ref("<Application,Lpolyglot/main/OptFlag$DoubleFlag>")
java_type_ref("<Application,Lpolyglot/visit/TypeBuilder>")
java_type_ref("<Application,Lpolyglot/types/reflect/Field>")
java_type_ref("<Application,Lpolyglot/ext/jl5/types/WildCardType>")
java_type_ref("<Application,Lpolyglot/frontend/goals/ConstructorCallsChecked>")
java_type_ref("<Application,Lpolyglot/ext/jl5/translate/JL5ConstructorCallToExt_c>")
java_type_ref("<Application,Lpolyglot/ext/jl5/ast/J5Lang>")
java_type_ref("<Application,Lpolyglot/util/TransformingIterator>")
java_type_ref("<Application,Lpolyglot/ast/Stmt_c>")
java_type_ref("<Application,Lpolyglot/ext/jl5/translate/JL5ToJL5Rewriter>")
java_type_ref("<Application,Ljflex/gui/MainFrame$5>")
java_type_ref("<Application,Lpolyglot/ast/AmbAssign>")
java_type_ref("<Application,Lpolyglot/ext/jl5/ast/JL5CatchExt>")
java_type_ref("<Application,Lppg/parse/CUP$Parser$actions>")
java_type_ref("<Application,Lpolyglot/visit/ExceptionChecker$CodeTypeReporter>")
java_type_ref("<Application,Lpolyglot/translate/ext/ToExt_c>")
java_type_ref("<Application,Lpolyglot/ext/jl5/ast/ElementValueArrayInit>")
java_type_ref("<Application,Lpolyglot/types/NoMemberException>")
java_type_ref("<Application,Lpolyglot/ast/FieldDecl>")
java_type_ref("<Application,Lpolyglot/ast/AmbQualifierNode>")
java_type_ref("<Application,Lpolyglot/util/Newline>")
java_type_ref("<Application,Lpolyglot/ext/jl5/visit/RemoveStaticImports>")
java_type_ref("<Application,Lpolyglot/types/Resolver>")
java_type_ref("<Application,Ljflex/gui/GeneratorThread>")
java_type_ref("<Application,Lpolyglot/frontend/goals/SourceFileGoal>")
java_type_ref("<Application,Lpolyglot/ast/CharLit>")
java_type_ref("<Application,Lpolyglot/ast/ArrayAccess>")
java_type_ref("<Application,Ljflex/gui/Handles>")
java_type_ref("<Application,Lpolyglot/ast/NodeFactory_c$JLangToJLDelWithFactory>")
java_type_ref("<Application,Lpolyglot/types/reflect/Attribute>")
java_type_ref("<Application,Lpolyglot/util/NestedMap$2>")
java_type_ref("<Application,Lpolyglot/ext/param/types/Subst>")
java_type_ref("<Application,Lpolyglot/frontend/goals/ExceptionsChecked>")
java_type_ref("<Application,Lpolyglot/frontend/Topics>")
java_type_ref("<Application,Lpolyglot/frontend/Stats>")
java_type_ref("<Application,Ljflex/unicode/UnicodeProperties>")
java_type_ref("<Application,Lpolyglot/ast/JLangToJLDel>")
java_type_ref("<Application,Lpolyglot/frontend/goals/MembersAdded$MembersAddedPass>")
java_type_ref("<Application,Lpolyglot/ext/jl5/ast/JL5ConstructorDeclExt>")
java_type_ref("<Application,Lpolyglot/ext/jl5/CovarRetOutputExtensionInfo>")
java_type_ref("<Application,Lpolyglot/ext/jl5/types/UnknownReferenceType_c>")
java_type_ref("<Application,Ljava_cup/parse_action_row>")
java_type_ref("<Application,Lpolyglot/ext/jl5/types/inference/LubType>")
java_type_ref("<Application,Lppg/util/Block>")
java_type_ref("<Application,Lpolyglot/ext/jl7/translate/JL7ToJLExtFactory_c>")
java_type_ref("<Application,Lpolyglot/ext/jl5/translate/JL5MethodDeclToExt_c>")
java_type_ref("<Application,Lpolyglot/visit/AmbiguityRemover$AmbChecker>")
java_type_ref("<Application,Lppg/PPGError>")
java_type_ref("<Application,Ljflex/StateSetEnumerator>")
java_type_ref("<Application,Lpolyglot/util/ListUtil>")
java_type_ref("<Application,Lpolyglot/types/PrimitiveType_c>")
java_type_ref("<Application,Lpolyglot/ext/jl5/types/inference/InferenceSolver>")
java_type_ref("<Application,Lpolyglot/ast/ClassDecl>")
java_type_ref("<Application,Lpolyglot/frontend/goals/EndGoal>")
java_type_ref("<Application,Ljflex/Options>")
java_type_ref("<Application,Lpolyglot/ext/jl5/JL5Options>")
java_type_ref("<Application,Lpolyglot/ast/AbstractBlock_c>")
java_type_ref("<Application,Lpolyglot/translate/JLOutputExtensionInfo$JLOutputScheduler>")
java_type_ref("<Application,Lpolyglot/translate/ext/BranchToExt_c>")
java_type_ref("<Application,Lpolyglot/types/Package>")
java_type_ref("<Application,Lpolyglot/translate/ext/ConstructorDeclToExt_c>")
java_type_ref("<Application,Lpolyglot/ext/jl5/types/reflect/Annotations$ElementValueArray>")
java_type_ref("<Application,Lpolyglot/ext/jl5/types/JL5SubstClassType_c>")
java_type_ref("<Application,Lpolyglot/util/SimpleCodeWriter>")
java_type_ref("<Application,Lpolyglot/types/UnknownQualifier_c>")
java_type_ref("<Application,Lpolyglot/ast/While_c>")
java_type_ref("<Application,Lppg/cmds/TransferCmd>")
java_type_ref("<Application,Lpolyglot/translate/ext/NewToExt_c>")
java_type_ref("<Application,Lpolyglot/ext/jl5/ast/JL5NewExt>")
java_type_ref("<Application,Lpolyglot/types/EmptyResolver>")
java_type_ref("<Application,Ljflex/CharSetEnumerator>")
java_type_ref("<Application,Lppg/parse/ParseTest>")
java_type_ref("<Application,Ljflex/gui/OptionsDialog$13>")
java_type_ref("<Application,Lpolyglot/util/Base64$OutputStream>")
java_type_ref("<Application,Lpolyglot/translate/JLOutputExtensionInfo>")
java_type_ref("<Application,Lpolyglot/ast/FieldDecl_c>")
java_type_ref("<Application,Lpolyglot/ext/jl5/ast/JL5ImportExt>")
java_type_ref("<Application,Lpolyglot/visit/FinalLocalExtractor>")
java_type_ref("<Application,Lpolyglot/ext/jl5/translate/EnumDeclToExt_c>")
java_type_ref("<Application,Ljflex/gui/MainFrame$11>")
java_type_ref("<Application,Lpolyglot/ext/jl5/translate/JL5OutputExtensionInfo$JL5OutputScheduler>")
java_type_ref("<Application,Lpolyglot/ext/jl5/parse/FlagAnnotations>")
java_type_ref("<Application,Lpolyglot/ast/Import>")
java_type_ref("<Application,Lpolyglot/ast/Do_c>")
java_type_ref("<Application,Ljflex/gui/OptionsDialog$4>")
java_type_ref("<Application,Lpolyglot/ext/jl5/ast/AnnotationElemDecl>")
java_type_ref("<Application,Lpolyglot/ext/jl7/ast/MultiCatch>")
java_type_ref("<Application,Lpolyglot/ext/jl5/types/JL5ArrayType>")
java_type_ref("<Application,Lpolyglot/ext/jl5/ast/JL5FormalExt>")
java_type_ref("<Application,Lpolyglot/visit/ErrorHandlingVisitor>")
java_type_ref("<Application,Lpolyglot/types/SourceLoadException>")
java_type_ref("<Application,Lpolyglot/types/UnknownType_c>")
java_type_ref("<Application,Lpolyglot/util/QuotedStringTokenizer>")
java_type_ref("<Application,Lpolyglot/translate/ext/ConstructorCallToExt_c>")
java_type_ref("<Application,Lpolyglot/visit/MakeNarrowingAssignmentsExplicit>")
java_type_ref("<Application,Lpolyglot/translate/ext/ForToExt_c>")
java_type_ref("<Application,Lpolyglot/visit/LocalClassRemover$ConstructorCallRewriter>")
java_type_ref("<Application,Ljflex/gui/OptionsDialog$2>")
java_type_ref("<Application,Lpolyglot/visit/FlattenVisitor>")
java_type_ref("<Application,Lpolyglot/ast/New>")
java_type_ref("<Application,Lpolyglot/ast/ArrayTypeNode_c>")
java_type_ref("<Application,Lpolyglot/ext/jl5/types/AnnotationElementValueAnnotation>")
java_type_ref("<Application,Lpolyglot/ext/jl5/translate/JL5OutputExtensionInfo$JL5OutputScheduler$1>")
java_type_ref("<Application,Lpolyglot/ast/Assign$Operator>")
java_type_ref("<Application,Ljflex/unicode/data/Unicode_3_1>")
java_type_ref("<Application,Lpolyglot/ext/jl5/types/CaptureConvertedWildCardType_c>")
java_type_ref("<Application,Lpolyglot/visit/DeadCodeEliminator$DefUseFinder>")
java_type_ref("<Application,Lpolyglot/visit/DeadCodeEliminator>")
java_type_ref("<Application,Ljflex/StatePairList>")
java_type_ref("<Application,Ljflex/gui/MainFrame$8>")
java_type_ref("<Application,Lpolyglot/visit/InnerClassAbstractRemover>")
java_type_ref("<Application,Lpolyglot/ast/Eval_c>")
java_type_ref("<Application,Lpolyglot/qq/QQ>")
java_type_ref("<Application,Lpolyglot/types/reflect/Exceptions>")
java_type_ref("<Application,Lpolyglot/ext/jl5/translate/AnnotationToExt_c>")
java_type_ref("<Application,Lpolyglot/ext/jl5/translate/EnumConstantDeclToExt_c>")
java_type_ref("<Application,Lpolyglot/ext/jl5/translate/JL5ClassDeclToExt_c>")
java_type_ref("<Application,Lpolyglot/ast/CodeDecl>")
java_type_ref("<Application,Lpolyglot/ast/LocalAssign_c>")
java_type_ref("<Application,Ljflex/sym>")
java_type_ref("<Application,Lpolyglot/ext/jl5/visit/SimplifyExpressionsForBoxing>")
java_type_ref("<Application,Ljflex/Out>")
java_type_ref("<Application,Lpolyglot/ext/jl5/ast/JL5TermExt>")
java_type_ref("<Application,Lpolyglot/ast/Assert_c>")
java_type_ref("<Application,Ljava_cup/runtime/ComplexSymbolFactory$ComplexSymbol>")
java_type_ref("<Application,Lpolyglot/frontend/Compiler>")
java_type_ref("<Application,Lpolyglot/filemanager/FileManager>")
java_type_ref("<Application,Lpolyglot/main/Options$6>")
java_type_ref("<Application,Lpolyglot/ext/jl5/types/reflect/Annotations$ElementValueConstant>")
java_type_ref("<Application,Lpolyglot/frontend/Stats$Times>")
java_type_ref("<Application,Ljava_cup/production>")
java_type_ref("<Application,Lpolyglot/lex/Keyword>")
java_type_ref("<Application,Ljflex/gui/OptionsDialog$9>")
java_type_ref("<Application,Lpolyglot/main/Report>")
java_type_ref("<Application,Lpolyglot/ext/jl5/translate/JL5ToJLRewriter>")
java_type_ref("<Application,Lpolyglot/util/ErrorQueue>")
java_type_ref("<Application,Lppg/util/Overrun>")
java_type_ref("<Application,Lpolyglot/types/reflect/InnerClasses$Info>")
java_type_ref("<Application,Lpolyglot/ast/AbstractExtFactory_c$2>")
java_type_ref("<Application,Lpolyglot/ext/jl5/types/JL5ClassType>")
java_type_ref("<Application,Lpolyglot/frontend/goals/MembersAdded>")
java_type_ref("<Application,Lpolyglot/ext/jl5/types/UnknownTypeVariable>")
java_type_ref("<Application,Lpolyglot/ext/jl5/Topics>")
java_type_ref("<Application,Lpolyglot/ext/jl5/translate/JL5ClassDeclToJL_c>")
java_type_ref("<Application,Lpolyglot/util/TextItem>")
java_type_ref("<Application,Ljflex/gui/OptionsDialog$8>")
java_type_ref("<Application,Lpolyglot/util/BitVector>")
java_type_ref("<Application,Lpolyglot/types/Importable>")
java_type_ref("<Application,Lpolyglot/ast/Binary$Operator>")
java_type_ref("<Application,Lpolyglot/ast/CanonicalTypeNode_c>")
java_type_ref("<Application,Lpolyglot/ext/jl5/qq/Grm>")
java_type_ref("<Application,Lpolyglot/ext/param/types/Param>")
java_type_ref("<Application,Ljava_cup/lalr_item>")
java_type_ref("<Application,Lpolyglot/ast/Conditional_c>")
java_type_ref("<Application,Lpolyglot/lex/CharacterLiteral>")
java_type_ref("<Application,Ljava_cup/version>")
java_type_ref("<Application,Lpolyglot/ext/jl5/types/AnnotationElementValueConstant_c>")
java_type_ref("<Application,Lpolyglot/types/reflect/JLCInfo>")
java_type_ref("<Application,Lpolyglot/ast/If>")
java_type_ref("<Application,Lpolyglot/ast/ArrayAccessAssign_c>")
java_type_ref("<Application,Ljflex/Macros>")
java_type_ref("<Application,Lpolyglot/ast/SourceCollection_c>")
java_type_ref("<Application,Lpolyglot/ext/jl5/ast/JL5LoopExt>")
java_type_ref("<Application,Lpolyglot/visit/DefiniteAssignmentChecker$FlowItem>")
java_type_ref("<Application,Lpolyglot/visit/DisambiguationDriver>")
java_type_ref("<Application,Ljflex/RegExp2>")
java_type_ref("<Application,Lppg/atoms/GrammarPart>")
java_type_ref("<Application,Lpolyglot/types/DeserializedClassInitializer>")
java_type_ref("<Application,Lpolyglot/types/TypeSystem_c$MostSpecificComparator>")
java_type_ref("<Application,Lpolyglot/ast/LocalClassDecl_c>")
java_type_ref("<Application,Lpolyglot/types/ArrayType_c>")
java_type_ref("<Application,Lppg/atoms/SemanticAction>")
java_type_ref("<Application,Lpolyglot/frontend/JLVersion>")
java_type_ref("<Application,Lpolyglot/visit/TypeChecker>")
java_type_ref("<Application,Lppg/util/Newline>")
java_type_ref("<Application,Lpolyglot/ast/ConstructorCall$Kind>")
java_type_ref("<Application,Lpolyglot/types/NullType>")
java_type_ref("<Application,Lppg/spec/CUPSpec>")
java_type_ref("<Application,Lpolyglot/ast/ClassBody_c>")
java_type_ref("<Application,Lpolyglot/ast/Precedence>")
java_type_ref("<Application,Lpolyglot/parse/CUP$Grm$actions>")
java_type_ref("<Application,Lppg/util/Equatable>")
java_type_ref("<Application,Lpolyglot/frontend/goals/Disambiguated>")
java_type_ref("<Application,Lpolyglot/lex/NumericLiteral>")
java_type_ref("<Application,Lpolyglot/util/FilteringIterator>")
java_type_ref("<Application,Lpolyglot/ast/Assign>")
java_type_ref("<Application,Lpolyglot/ext/jl5/types/reflect/JL5LazyClassInitializer>")
java_type_ref("<Application,Lpolyglot/util/Copy>")
java_type_ref("<Application,Lpolyglot/visit/DataFlow$Item>")
java_type_ref("<Application,Ljava_cup/runtime/DefaultSymbolFactory>")
java_type_ref("<Application,Ljava_cup/runtime/ComplexSymbolFactory$Location>")
java_type_ref("<Application,Ljflex/DFA>")
java_type_ref("<Application,Lpolyglot/ast/SwitchElement>")
java_type_ref("<Application,Lpolyglot/ast/Empty_c>")
java_type_ref("<Application,Lpolyglot/frontend/goals/ExitPathsChecked>")
java_type_ref("<Application,Lpolyglot/ext/jl5/translate/ElementValuePairToExt_c>")
java_type_ref("<Application,Lpolyglot/main/OptFlag$Arg>")
java_type_ref("<Application,Lpolyglot/ext/jl5/translate/EnumConstantToExt_c>")
java_type_ref("<Application,Lpolyglot/util/TypeOutputStream>")
java_type_ref("<Application,Lpolyglot/frontend/JLScheduler>")
java_type_ref("<Application,Lpolyglot/frontend/Scheduler>")
java_type_ref("<Application,Lpolyglot/ext/jl5/translate/JL5ToExtFactory_c>")
java_type_ref("<Application,Lpolyglot/ast/Term>")
java_type_ref("<Application,Lpolyglot/util/ObjectDumper>")
java_type_ref("<Application,Lpolyglot/ast/ConstructorCall>")
java_type_ref("<Application,Lpolyglot/ast/Prefix>")
java_type_ref("<Application,Lpolyglot/ext/jl7/ast/TryWithResources_c>")
java_type_ref("<Application,Lpolyglot/translate/ext/BlockToExt_c>")
java_type_ref("<Application,Lpolyglot/ast/Import$Kind>")
java_type_ref("<Application,Lpolyglot/types/UnknownPackage_c>")
java_type_ref("<Application,Lpolyglot/translate/ext/AssertToExt_c>")
java_type_ref("<Application,Lpolyglot/ast/AbstractDelFactory_c>")
java_type_ref("<Application,Lpolyglot/ext/jl5/ast/JL5ExtFactory>")
java_type_ref("<Application,Lpolyglot/translate/ext/PackageNodeToExt_c>")
java_type_ref("<Application,Lpolyglot/translate/JLOutputExtensionInfo$JLOutputScheduler$1>")
java_type_ref("<Application,Lpolyglot/ext/jl5/JL5ExtensionInfo>")
java_type_ref("<Application,Lpolyglot/ast/MethodDecl>")
java_type_ref("<Application,Lpolyglot/frontend/goals/InitializationsChecked>")
java_type_ref("<Application,Ljflex/CountEmitter>")
java_type_ref("<Application,Lpolyglot/ext/jl5/ast/JL5AbstractExtFactory_c>")
java_type_ref("<Application,Lpolyglot/ext/jl5/translate/JL5ToJLExtFactory_c>")
java_type_ref("<Application,Lpolyglot/visit/CFGBuilder>")
java_type_ref("<Application,Lpolyglot/translate/ext/FieldDeclToExt_c>")
java_type_ref("<Application,Lpolyglot/visit/InitChecker$DataFlowItem>")
java_type_ref("<Application,Lpolyglot/qq/Grm>")
java_type_ref("<Application,Lpolyglot/ast/JLang>")
java_type_ref("<Application,Ljflex/gui/GridPanel>")
java_type_ref("<Application,Lpolyglot/visit/ConstantFolder>")
java_type_ref("<Application,Lpolyglot/ext/jl5/translate/JL5OutputExtensionInfo>")
java_type_ref("<Application,Ljflex/GeneratorException>")
java_type_ref("<Application,Lpolyglot/types/NamedPlaceHolder>")
java_type_ref("<Application,Lpolyglot/types/reflect/ConstantValue>")
java_type_ref("<Application,Lpolyglot/ast/ForUpdate>")
java_type_ref("<Application,Lpolyglot/ast/FieldDecl_c$AddDependenciesVisitor>")
java_type_ref("<Application,Lpolyglot/ext/jl7/ast/JL7AbstractExtFactory_c>")
java_type_ref("<Application,Lpolyglot/types/SystemResolver>")
java_type_ref("<Application,Lpolyglot/visit/InitChecker$FlowItem>")
java_type_ref("<Application,Lpolyglot/visit/FwdReferenceChecker>")
java_type_ref("<Application,Lpolyglot/main/Options$13>")
java_type_ref("<Application,Lpolyglot/translate/JLOutputExtensionInfo$JLOutputOptions>")
java_type_ref("<Application,Lpolyglot/visit/TypeClosure>")
java_type_ref("<Application,Lppg/cmds/NewProdCmd>")
java_type_ref("<Application,Lpolyglot/ext/jl5/types/inference/Constraint>")
java_type_ref("<Application,Lpolyglot/visit/ConstructorCallChecker>")
java_type_ref("<Application,Lpolyglot/ext/jl5/types/JL5PrimitiveType_c>")
java_type_ref("<Application,Lpolyglot/types/ArrayType>")
java_type_ref("<Application,Lpolyglot/visit/InnerTranslator$CodeInfo>")
java_type_ref("<Application,Lpolyglot/ext/jl5/ast/JL5ClassDeclExt>")
java_type_ref("<Application,Ljflex/EOFActions>")
java_type_ref("<Application,Lpolyglot/ast/Local>")
java_type_ref("<Application,Ljflex/Action>")
java_type_ref("<Application,Lpolyglot/filemanager/ExtFileObject>")
java_type_ref("<Application,Lpolyglot/frontend/goals/VisitorGoal>")
java_type_ref("<Application,Lpolyglot/visit/ExtensionCleaner>")
java_type_ref("<Application,Lpolyglot/util/SimpleCodeWriter$State>")
java_type_ref("<Application,Ljflex/gui/MainFrame$1>")
java_type_ref("<Application,Lpolyglot/ext/jl5/types/JL5SchedulerClassInitializer>")
java_type_ref("<Application,Lpolyglot/ast/SourceFile>")
java_type_ref("<Application,Lpolyglot/ast/Binary_c>")
java_type_ref("<Application,Lpolyglot/ext/jl7/types/DiamondType>")
java_type_ref("<Application,Lpolyglot/ext/jl7/ast/JL7NodeFactory_c>")
java_type_ref("<Application,Ljava_cup/lalr_transition>")
java_type_ref("<Application,Ljava_cup/runtime/SymbolFactory>")
java_type_ref("<Application,Lpolyglot/visit/DataFlow$FlowGraphSource>")
java_type_ref("<Application,Ljava_cup/reduce_action>")
java_type_ref("<Application,Lpolyglot/frontend/Job>")
java_type_ref("<Application,Lpolyglot/translate/ext/FieldAssignToExt_c>")
java_type_ref("<Application,Lpolyglot/lex/InputElement>")
java_type_ref("<Application,Lpolyglot/translate/ext/SwitchToExt_c>")
java_type_ref("<Application,Lpolyglot/translate/ext/ArrayAccessAssignToExt_c>")
java_type_ref("<Application,Lpolyglot/parse/VarDeclarator>")
java_type_ref("<Application,Lpolyglot/ast/TryOps>")
java_type_ref("<Application,Lpolyglot/ext/jl5/ast/EnumConstant_c>")
java_type_ref("<Application,Ljflex/unicode/data/Unicode_6_1>")
java_type_ref("<Application,Lpolyglot/ext/jl5/ast/JL5ClassLitExt>")
java_type_ref("<Application,Lpolyglot/types/ProcedureInstance>")
java_type_ref("<Application,Lpolyglot/ast/FloatLit>")
java_type_ref("<Application,Lpolyglot/ext/jl5/translate/JL5FieldDeclToExt_c>")
java_type_ref("<Application,Lpolyglot/visit/AlphaRenamer>")
java_type_ref("<Application,Lpolyglot/ext/jl5/types/JL5ReferenceType>")
java_type_ref("<Application,Lpolyglot/ast/Assign_c>")
java_type_ref("<Application,Lppg/code/ScanCode>")
java_type_ref("<Application,Lpolyglot/types/InitializerInstance>")
java_type_ref("<Application,Ljava_cup/Main>")
java_type_ref("<Application,Lpolyglot/types/AccessControlResolver>")
java_type_ref("<Application,Lpolyglot/ext/jl5/types/JL5SubstType>")
java_type_ref("<Application,Lpolyglot/frontend/goals/TypesInitializedForCommandLine>")
java_type_ref("<Application,Lpolyglot/types/reflect/ClassFileLazyClassInitializer>")
java_type_ref("<Application,Lpolyglot/lex/IntegerLiteral>")
java_type_ref("<Application,Lpolyglot/ext/jl5/ast/JL5ProcedureCall>")
java_type_ref("<Application,Ljava_cup/parse_reduce_row>")
java_type_ref("<Application,Lpolyglot/frontend/goals/TypeExists>")
java_type_ref("<Application,Lpolyglot/parse/sym>")
java_type_ref("<Application,Lpolyglot/util/InternalCompilerError>")
java_type_ref("<Application,Lpolyglot/frontend/CyclicDependencyException>")
java_type_ref("<Application,Lpolyglot/frontend/passes/ConstantCheckPass>")
java_type_ref("<Application,Lpolyglot/translate/ext/SwitchBlockToExt_c>")
java_type_ref("<Application,Lppg/atoms/GrammarSymbol>")
java_type_ref("<Application,Lpolyglot/ext/jl5/types/JL5ClassType_c>")
java_type_ref("<Application,Lppg/cmds/OverrideCmd>")
java_type_ref("<Application,Lpolyglot/ext/param/types/Subst_c$TypeXform>")
java_type_ref("<Application,Lpolyglot/ext/param/Topics>")
java_type_ref("<Application,Lpolyglot/types/CompoundResolver>")
java_type_ref("<Application,Ljflex/SemCheck>")
java_type_ref("<Application,Lpolyglot/ast/Try_c>")
java_type_ref("<Application,Lpolyglot/frontend/goals/ReachabilityChecked>")
java_type_ref("<Application,Lpolyglot/types/Qualifier>")
java_type_ref("<Application,Lpolyglot/ext/jl5/types/inference/EqualConstraint>")
java_type_ref("<Application,Lpolyglot/types/ConstructorInstance_c>")
java_type_ref("<Application,Lpolyglot/main/Options$1>")
java_type_ref("<Application,Lpolyglot/types/Context_c>")
java_type_ref("<Application,Lpolyglot/frontend/SourceLoader>")
java_type_ref("<Application,Lpolyglot/types/AbstractAccessControlResolver>")
java_type_ref("<Application,Lpolyglot/util/Base64>")
java_type_ref("<Application,Lpolyglot/frontend/goals/ForwardReferencesChecked>")
java_type_ref("<Application,Lpolyglot/ext/jl5/ast/JL5Disamb_c>")
java_type_ref("<Application,Lpolyglot/ext/jl5/ast/JL5UnaryExt>")
java_type_ref("<Application,Lpolyglot/ext/jl5/visit/RemoveEnums>")
java_type_ref("<Application,Ljflex/unicode/data/Unicode_4_0>")
java_type_ref("<Application,Lpolyglot/util/ErrorInfo>")
java_type_ref("<Application,Lpolyglot/ext/jl5/translate/JL5CallToExt_c>")
java_type_ref("<Application,Lpolyglot/ext/jl5/ast/AnnotatedElement>")
java_type_ref("<Application,Lpolyglot/qq/QQError>")
java_type_ref("<Application,Lpolyglot/util/AllowBreak>")
java_type_ref("<Application,Lpolyglot/ast/TypeNode$Instance>")
java_type_ref("<Application,Lpolyglot/ast/AmbTypeNode_c>")
java_type_ref("<Application,Lppg/parse/Constant>")
java_type_ref("<Application,Lpolyglot/ext/jl7/JL7Version>")
java_type_ref("<Application,Lpolyglot/main/Options$10>")
java_type_ref("<Application,Lpolyglot/types/UnknownQualifier>")
java_type_ref("<Application,Lpolyglot/ast/Cast>")
java_type_ref("<Application,Lpolyglot/visit/NodeScrambler$FirstPass>")
java_type_ref("<Application,Lpolyglot/ast/NewArray>")
java_type_ref("<Application,Lpolyglot/ext/jl5/types/AnnotationTypeElemInstance_c>")
java_type_ref("<Application,Lpolyglot/types/VarInstance>")
java_type_ref("<Application,Ljflex/CharSet>")
java_type_ref("<Application,Lpolyglot/ast/SourceCollection>")
java_type_ref("<Application,Lpolyglot/util/UnicodeWriter>")
java_type_ref("<Application,Lpolyglot/ext/jl7/ast/J7Lang>")
java_type_ref("<Application,Lpolyglot/ast/Variable>")
java_type_ref("<Application,Lpolyglot/types/CachingResolver$CachedResult>")
java_type_ref("<Application,Lpolyglot/ext/param/types/Subst_c$CacheTypeWrapper>")
java_type_ref("<Application,Lpolyglot/ext/jl5/types/WildCardType_c>")
java_type_ref("<Application,Ljava_cup/lalr_state$Step>")
java_type_ref("<Application,Lpolyglot/ext/jl5/AnnotationsResolved>")
java_type_ref("<Application,Lpolyglot/ext/jl5/types/JL5FieldInstance_c>")
java_type_ref("<Application,Ljflex/CharClassInterval>")
java_type_ref("<Application,Lpolyglot/visit/InnerTranslator$ClassInfo>")
java_type_ref("<Application,Ljflex/gui/OptionsDialog$5>")
java_type_ref("<Application,Lpolyglot/ext/jl5/ast/AnnotationElem_c>")
java_type_ref("<Application,Lpolyglot/ast/NewArray_c>")
java_type_ref("<Application,Lpolyglot/translate/ext/WhileToExt_c>")
java_type_ref("<Application,Lpolyglot/visit/CopyPropagator>")
java_type_ref("<Application,Lpolyglot/ext/jl5/ast/ElementValuePair>")
java_type_ref("<Application,Lpolyglot/ast/Ambiguous>")
java_type_ref("<Application,Lppg/atoms/Production>")
java_type_ref("<Application,Ljflex/unicode/data/Unicode_2_0>")
java_type_ref("<Application,Lpolyglot/util/typedump/Main>")
java_type_ref("<Application,Lpolyglot/ast/AbstractNodeFactory_c>")
java_type_ref("<Application,Lpolyglot/ext/jl5/ast/JL5LocalDeclExt>")
java_type_ref("<Application,Lpolyglot/visit/DeepCopy>")
java_type_ref("<Application,Lpolyglot/ast/Id_c>")
java_type_ref("<Application,Lpolyglot/ext/jl5/ast/AmbTypeInstantiation>")
java_type_ref("<Application,Lpolyglot/main/Options$12>")
java_type_ref("<Application,Ljava_cup/assoc>")
java_type_ref("<Application,Lpolyglot/util/MultiMap>")
java_type_ref("<Application,Lpolyglot/ast/Branch_c>")
java_type_ref("<Application,Lpolyglot/visit/HaltingVisitor>")
java_type_ref("<Application,Lpolyglot/frontend/passes/ClassFilePass>")
java_type_ref("<Application,Lpolyglot/ast/LocalDecl>")
java_type_ref("<Application,Lpolyglot/types/UnknownPackage>")
java_type_ref("<Application,Lpolyglot/types/Type_c>")
java_type_ref("<Application,Lpolyglot/ext/jl5/types/JL5MethodInstance_c>")
java_type_ref("<Application,Lpolyglot/visit/FlowGraph$EdgeKey>")
java_type_ref("<Application,Ljflex/RegExps>")
java_type_ref("<Application,Lpolyglot/ext/jl5/ast/JL5MethodDeclExt>")
java_type_ref("<Application,Lpolyglot/ast/ClassBody>")
java_type_ref("<Application,Lpolyglot/frontend/goals/SupertypesDisambiguated$MyPass>")
java_type_ref("<Application,Lpolyglot/ext/jl5/types/CaptureConvertedWildCardType>")
java_type_ref("<Application,Lpolyglot/ext/jl5/visit/JL5InitImportsVisitor>")
