"< Application, Lpolyglot/util/Base64, encodeFileToFile(Ljava/lang/String;Ljava/lang/String;)V >"	"bb10"	[java_type_ref("<Primordial,Ljava/lang/Exception>")]
"< Application, Lpolyglot/visit/TypeChecker, override(Lpolyglot/ast/Node;Lpolyglot/ast/Node;)Lpolyglot/ast/Node; >"	"bb26"	[java_type_ref("<Application,Lpolyglot/frontend/MissingDependencyException>")]
"< Application, Lpolyglot/ast/Node_c, prettyPrint(Ljava/io/Writer;)V >"	"bb8"	[java_type_ref("<Primordial,Ljava/io/IOException>")]
"< Application, Lpolyglot/visit/ContextVisitor, enter(Lpolyglot/ast/Node;Lpolyglot/ast/Node;)Lpolyglot/visit/NodeVisitor; >"	"bb26"	[java_type_ref("<Application,Lpolyglot/frontend/MissingDependencyException>")]
"< Application, Lpolyglot/frontend/ParserPass, run()Z >"	"bb41"	[java_type_ref("<Primordial,Ljava/lang/Throwable>")]
"< Application, Lpolyglot/ext/jl5/JL5Scheduler, CodeGenerated(Lpolyglot/frontend/Job;)Lpolyglot/frontend/goals/Goal; >"	"bb17"	[java_type_ref("<Application,Lpolyglot/frontend/CyclicDependencyException>")]
"< Application, Lpolyglot/ext/jl5/parse/Lexer_c, float_lit(Ljava/lang/String;)Lpolyglot/lex/Token; >"	"bb38"	[java_type_ref("<Primordial,Ljava/lang/NumberFormatException>")]
"< Application, Lpolyglot/main/Main, loadExtension(Ljava/lang/String;)Lpolyglot/frontend/ExtensionInfo; >"	"bb6"	[java_type_ref("<Primordial,Ljava/lang/ClassNotFoundException>")]
"< Application, Lpolyglot/filemanager/ExtFileManager, packageExists(Ljavax/tools/JavaFileManager$Location;Ljava/lang/String;)Z >"	"bb40"	[java_type_ref("<Primordial,Ljava/io/IOException>")]
"< Application, Lpolyglot/util/SerialVersionUID, generate(Ljava/lang/Class;)J >"	"bb171"	[java_type_ref("<Primordial,Ljava/security/NoSuchAlgorithmException>"), java_type_ref("<Primordial,Ljava/io/UnsupportedEncodingException>"), java_type_ref("<Primordial,Ljava/lang/SecurityException>"), java_type_ref("<Primordial,Ljava/lang/IllegalArgumentException>")]
"< Application, Lpolyglot/visit/ExpressionFlattener, createIncDec(Lpolyglot/ast/Unary;)Lpolyglot/ast/Eval; >"	"bb32"	[java_type_ref("<Application,Lpolyglot/types/SemanticException>")]
"< Application, Ljflex/CUP$LexParse$actions, CUP$LexParse$do_action(ILjava_cup/runtime/lr_parser;Ljava/util/Stack;I)Ljava_cup/runtime/Symbol; >"	"bb2118"	[java_type_ref("<Application,Ljflex/CharClassException>")]
"< Application, Lpolyglot/util/Base64, decodeToObject(Ljava/lang/String;ILjava/lang/ClassLoader;)Ljava/lang/Object; >"	"bb17"	[java_type_ref("<Primordial,Ljava/lang/Exception>")]
"< Application, Lpolyglot/frontend/passes/TypeExistsPass, run()Z >"	"bb9"	[java_type_ref("<Application,Lpolyglot/types/SemanticException>")]
"< Application, Lpolyglot/ext/jl5/types/JL5ImportTable, find(Ljava/lang/String;)Lpolyglot/types/Named; >"	"bb20"	[java_type_ref("<Application,Lpolyglot/types/SemanticException>")]
"< Application, Lpolyglot/visit/InnerTranslator, findField(Ljava/lang/String;Lpolyglot/types/ClassType;)Lpolyglot/types/ParsedClassType; >"	"bb12"	[java_type_ref("<Application,Lpolyglot/types/SemanticException>")]
"< Application, Lpolyglot/visit/InitChecker, leaveCall(Lpolyglot/ast/Node;Lpolyglot/ast/Node;Lpolyglot/visit/NodeVisitor;)Lpolyglot/ast/Node; >"	"bb37"	[java_type_ref("<Primordial,Ljava/lang/Throwable>")]
"< Application, Lpolyglot/visit/Translator, copy()Lpolyglot/visit/Translator; >"	"bb4"	[java_type_ref("<Primordial,Ljava/lang/CloneNotSupportedException>")]
"< Application, Lpolyglot/ext/jl5/ast/JL5AssignExt, childExpectedType(Lpolyglot/ast/Expr;Lpolyglot/visit/AscriptionVisitor;)Lpolyglot/types/Type; >"	"bb40"	[java_type_ref("<Application,Lpolyglot/types/SemanticException>")]
"< Application, Lpolyglot/ext/jl5/JL5Scheduler, AutoBoxing(Lpolyglot/frontend/Job;)Lpolyglot/frontend/goals/Goal; >"	"bb21"	[java_type_ref("<Application,Lpolyglot/frontend/CyclicDependencyException>")]
"< Application, Lppg/parse/ParseTest, main([Ljava/lang/String;)V >"	"bb5"	[java_type_ref("<Primordial,Ljava/io/FileNotFoundException>")]
"< Application, Ljflex/CUP$LexParse$actions, CUP$LexParse$do_action(ILjava_cup/runtime/lr_parser;Ljava/util/Stack;I)Ljava_cup/runtime/Symbol; >"	"bb2165"	[java_type_ref("<Application,Ljflex/CharClassException>")]
"< Application, Lpolyglot/util/Base64, decodeToFile(Ljava/lang/String;Ljava/lang/String;)V >"	"bb11"	[java_type_ref("<Primordial,Ljava/lang/Throwable>")]
"< Application, Lpolyglot/types/ImportTable, findInPkgOrType(Ljava/lang/String;Ljava/lang/String;)Lpolyglot/types/Named; >"	"bb26"	[java_type_ref("<Application,Lpolyglot/types/NoClassException>")]
"< Application, Lpolyglot/types/PackageContextResolver, find(Ljava/lang/String;Lpolyglot/types/ClassType;)Lpolyglot/types/Named; >"	"bb23"	[java_type_ref("<Application,Lpolyglot/types/NoClassException>")]
"< Application, Lpolyglot/ext/jl5/JL5Scheduler, RemoveEnums(Lpolyglot/frontend/Job;)Lpolyglot/frontend/goals/Goal; >"	"bb18"	[java_type_ref("<Application,Lpolyglot/frontend/CyclicDependencyException>")]
"< Application, Ljflex/CUP$LexParse$actions, CUP$LexParse$do_action(ILjava_cup/runtime/lr_parser;Ljava/util/Stack;I)Ljava_cup/runtime/Symbol; >"	"bb2329"	[java_type_ref("<Application,Ljflex/CharClassException>")]
"< Application, Lpolyglot/main/Main, start([Ljava/lang/String;Lpolyglot/frontend/ExtensionInfo;Lpolyglot/util/ErrorQueue;)V >"	"bb15"	[java_type_ref("<Application,Lpolyglot/main/UsageError>")]
"< Application, Lpolyglot/types/CompoundResolver, find(Ljava/lang/String;)Lpolyglot/types/Named; >"	"bb4"	[java_type_ref("<Application,Lpolyglot/types/NoClassException>")]
"< Application, Lpolyglot/util/typedump/TypeDumper, dumpObjectFields(Lpolyglot/util/CodeWriter;Ljava/lang/Object;Lpolyglot/util/typedump/TypeDumper$TypeCache;)V >"	"bb45"	[java_type_ref("<Primordial,Ljava/lang/IllegalAccessException>")]
"< Application, Ljflex/Out, warning(Ljava/io/File;Ljflex/ErrorMessages;II)V >"	"bb34"	[java_type_ref("<Primordial,Ljava/lang/ArrayIndexOutOfBoundsException>")]
"< Application, Lpolyglot/main/Main, explodeOptions([Ljava/lang/String;)Ljava/util/List; >"	"bb38"	[java_type_ref("<Primordial,Ljava/lang/Throwable>")]
"< Application, Lpolyglot/visit/NodeVisitor, visitEdgeNoOverride(Lpolyglot/ast/Node;Lpolyglot/ast/Node;)Lpolyglot/ast/Node; >"	"bb16"	[java_type_ref("<Application,Lpolyglot/util/InternalCompilerError>")]
"< Application, Lpolyglot/util/Base64, decodeToObject(Ljava/lang/String;ILjava/lang/ClassLoader;)Ljava/lang/Object; >"	"bb19"	[java_type_ref("<Primordial,Ljava/lang/ClassNotFoundException>")]
"< Application, Lpolyglot/main/Main, explodeOptions([Ljava/lang/String;)Ljava/util/List; >"	"bb48"	[java_type_ref("<Primordial,Ljava/io/IOException>")]
"< Application, Lpolyglot/ext/jl7/parse/Lexer_c, float_lit(Ljava/lang/String;)Lpolyglot/lex/Token; >"	"bb39"	[java_type_ref("<Primordial,Ljava/lang/NumberFormatException>")]
"< Application, Lpolyglot/util/StdErrorQueue, showError(Lpolyglot/util/Position;)V >"	"bb85"	[java_type_ref("<Primordial,Ljava/lang/Throwable>")]
"< Application, Ljava_cup/Main, open_files()V >"	"bb37"	[java_type_ref("<Primordial,Ljava/lang/Exception>")]
"< Application, Lpolyglot/main/Main, explodeOptions([Ljava/lang/String;)Ljava/util/List; >"	"bb34"	[java_type_ref("<Primordial,Ljava/lang/Throwable>")]
"< Application, Lpolyglot/ast/Ext_c, copy()Lpolyglot/ast/Ext; >"	"bb12"	[java_type_ref("<Primordial,Ljava/lang/CloneNotSupportedException>")]
"< Application, Lpolyglot/util/AllowBreak, formatN(IIIILpolyglot/util/MaxLevels;II)Lpolyglot/util/FormatResult; >"	"bb20"	[java_type_ref("<Application,Lpolyglot/util/Overrun>")]
"< Application, Lpolyglot/ext/jl5/JL5Scheduler, RemoveStaticImports(Lpolyglot/frontend/Job;)Lpolyglot/frontend/goals/Goal; >"	"bb12"	[java_type_ref("<Application,Lpolyglot/frontend/CyclicDependencyException>")]
"< Application, Lpolyglot/util/typedump/Main, main([Ljava/lang/String;)V >"	"bb76"	[java_type_ref("<Primordial,Ljava/lang/ClassNotFoundException>")]
"< Application, Lpolyglot/util/TypeEncoder, decode(Ljava/lang/String;Ljava/lang/String;)Lpolyglot/types/TypeObject; >"	"bb51"	[java_type_ref("<Primordial,Ljava/lang/Throwable>")]
"< Application, Lpolyglot/ast/Expr_c, lastLang()Lpolyglot/ast/Lang; >"	"bb7"	[java_type_ref("<Application,Lpolyglot/util/InternalCompilerError>")]
"< Application, Lppg/PPG, main([Ljava/lang/String;)V >"	"bb107"	[java_type_ref("<Primordial,Ljava/io/IOException>")]
"< Application, Lpolyglot/util/Base64, decodeToFile(Ljava/lang/String;Ljava/lang/String;)V >"	"bb13"	[java_type_ref("<Primordial,Ljava/lang/Exception>")]
"< Application, Lpolyglot/util/Base64, decodeFromFile(Ljava/lang/String;)[B >"	"bb35"	[java_type_ref("<Primordial,Ljava/lang/Exception>")]
"< Application, Lpolyglot/filemanager/ExtFileManager, loadFile(Ljavax/tools/JavaFileManager$Location;Ljava/lang/String;)Lpolyglot/types/reflect/ClassFile; >"	"bb73"	[java_type_ref("<Primordial,Ljava/io/IOException>")]
"< Application, Lpolyglot/visit/DataFlow, dataflow(Lpolyglot/ast/CodeNode;)V >"	"bb9"	[java_type_ref("<Application,Lpolyglot/visit/CFGBuildError>")]
"< Application, Lpolyglot/util/OptimalCodeWriter, flush(Z)Z >"	"bb10"	[java_type_ref("<Application,Lpolyglot/util/Overrun>")]
"< Application, Lpolyglot/translate/ExtensionRewriter, leaveCall(Lpolyglot/ast/Node;Lpolyglot/ast/Node;Lpolyglot/visit/NodeVisitor;)Lpolyglot/ast/Node; >"	"bb4"	[java_type_ref("<Application,Lpolyglot/types/SemanticException>")]
"< Application, Lpolyglot/util/Base64, encodeBytesToBytes([B)[B >"	"bb4"	[java_type_ref("<Primordial,Ljava/io/IOException>")]
"< Application, Lpolyglot/ext/jl5/types/reflect/JL5Signature, classTypeSig(Ljava/lang/String;I)Lpolyglot/ext/jl5/types/reflect/JL5Signature$Result; >"	"bb55"	[java_type_ref("<Application,Lpolyglot/types/SemanticException>")]
"< Application, Lpolyglot/parse/Lexer_c, zzScanError(I)V >"	"bb3"	[java_type_ref("<Primordial,Ljava/lang/ArrayIndexOutOfBoundsException>")]
"< Application, Lpolyglot/types/TypeObject_c, copy()Lpolyglot/types/TypeObject_c; >"	"bb4"	[java_type_ref("<Primordial,Ljava/lang/CloneNotSupportedException>")]
"< Application, Lpolyglot/ext/jl5/parse/Lexer_c, double_lit(Ljava/lang/String;)Lpolyglot/lex/Token; >"	"bb38"	[java_type_ref("<Primordial,Ljava/lang/NumberFormatException>")]
"< Application, Lpolyglot/util/StdErrorQueue, showError(Lpolyglot/util/Position;)V >"	"bb66"	[java_type_ref("<Primordial,Ljava/lang/Throwable>")]
"< Application, Lppg/lex/Lexer, zzScanError(I)V >"	"bb3"	[java_type_ref("<Primordial,Ljava/lang/ArrayIndexOutOfBoundsException>")]
"< Application, Lppg/util/CodeWriter, flush()Z >"	"bb6"	[java_type_ref("<Application,Lppg/util/Overrun>")]
"< Application, Lpolyglot/util/Base64, encodeBytesToBytes([BIII)[B >"	"bb48"	[java_type_ref("<Primordial,Ljava/lang/Exception>")]
"< Application, Lpolyglot/util/SerialVersionUID, generate(Ljava/lang/Class;)J >"	"bb140"	[java_type_ref("<Primordial,Ljava/lang/IllegalAccessException>")]
"< Application, Lpolyglot/qq/Lexer_c, zzScanError(I)V >"	"bb3"	[java_type_ref("<Primordial,Ljava/lang/ArrayIndexOutOfBoundsException>")]
"< Application, Lpolyglot/util/StdErrorQueue, showError(Lpolyglot/util/Position;)V >"	"bb86"	[java_type_ref("<Primordial,Ljava/lang/Throwable>")]
"< Application, Lpolyglot/util/typedump/TypeDumper, dumpObjectFields(Lpolyglot/util/CodeWriter;Ljava/lang/Object;Lpolyglot/util/typedump/TypeDumper$TypeCache;)V >"	"bb64"	[java_type_ref("<Primordial,Ljava/lang/Throwable>")]
"< Application, Lpolyglot/ext/jl5/parse/Lexer_c, zzScanError(I)V >"	"bb3"	[java_type_ref("<Primordial,Ljava/lang/ArrayIndexOutOfBoundsException>")]
"< Application, Lpolyglot/types/LoadedClassResolver, getEncodedType(Lpolyglot/types/reflect/ClassFile;Ljava/lang/String;)Lpolyglot/types/ClassType; >"	"bb232"	[java_type_ref("<Application,Lpolyglot/types/UnavailableTypeException>")]
"< Application, Lpolyglot/ext/jl5/visit/SimplifyExpressionsForBoxing, simplifyAssignment(Lpolyglot/ast/Assign;)Lpolyglot/ast/Expr; >"	"bb41"	[java_type_ref("<Application,Lpolyglot/types/SemanticException>")]
"< Application, Lpolyglot/ast/Disamb_c, disambiguatePackagePrefix(Lpolyglot/ast/PackageNode;)Lpolyglot/ast/Node; >"	"bb8"	[java_type_ref("<Application,Lpolyglot/types/SemanticException>")]
"< Application, Lpolyglot/util/TypeEncoder, decode(Ljava/lang/String;Ljava/lang/String;)Lpolyglot/types/TypeObject; >"	"bb88"	[java_type_ref("<Primordial,Ljava/lang/Throwable>")]
"< Application, Lpolyglot/types/reflect/ClassFile_c, <init>(Ljavax/tools/FileObject;[BLpolyglot/frontend/ExtensionInfo;)V >"	"bb20"	[java_type_ref("<Primordial,Ljava/lang/Throwable>")]
"< Application, Lpolyglot/main/Main, invokePostCompiler(Lpolyglot/main/Options;Lpolyglot/frontend/Compiler;Lpolyglot/util/ErrorQueue;)Z >"	"bb136"	[java_type_ref("<Primordial,Ljava/lang/Throwable>")]
"< Application, Lppg/spec/PPGSpec, parseChain(Ljava/lang/String;)V >"	"bb85"	[java_type_ref("<Primordial,Ljava/lang/Exception>")]
"< Application, Lpolyglot/frontend/Scheduler, runPass(Lpolyglot/frontend/Pass;)Z >"	"bb262"	[java_type_ref("<Application,Lpolyglot/frontend/SchedulerException>")]
"< Application, Lpolyglot/util/TypeEncoder, encode(Lpolyglot/types/TypeObject;)Ljava/lang/String; >"	"bb44"	[java_type_ref("<Primordial,Ljava/lang/Throwable>")]
"< Application, Lpolyglot/util/Base64, encodeToFile([BLjava/lang/String;)V >"	"bb13"	[java_type_ref("<Primordial,Ljava/io/IOException>")]
"< Application, Lpolyglot/util/SerialVersionUID, generate(Ljava/lang/Class;)J >"	"bb166"	[java_type_ref("<Primordial,Ljava/lang/NoSuchMethodException>")]
"< Application, Lpolyglot/ext/jl7/parse/Lexer_c, double_lit(Ljava/lang/String;)Lpolyglot/lex/Token; >"	"bb39"	[java_type_ref("<Primordial,Ljava/lang/NumberFormatException>")]
"< Application, Lpolyglot/types/ImportTable, lazyImport()V >"	"bb23"	[java_type_ref("<Application,Lpolyglot/types/SemanticException>")]
"< Application, Lpolyglot/util/Base64, encodeFileToFile(Ljava/lang/String;Ljava/lang/String;)V >"	"bb12"	[java_type_ref("<Primordial,Ljava/lang/Throwable>")]
"< Application, Lpolyglot/frontend/Compiler, compileFiles(Ljava/util/Collection;)Z >"	"bb16"	[java_type_ref("<Primordial,Ljava/io/FileNotFoundException>")]
"< Application, Lpolyglot/main/Main, invokePostCompiler(Lpolyglot/main/Options;Lpolyglot/frontend/Compiler;Lpolyglot/util/ErrorQueue;)Z >"	"bb131"	[java_type_ref("<Primordial,Ljava/lang/Throwable>")]
"< Application, Lpolyglot/ext/jl5/JL5Scheduler, TypeErasureProcDecls(Lpolyglot/frontend/Job;)Lpolyglot/frontend/goals/Goal; >"	"bb18"	[java_type_ref("<Application,Lpolyglot/frontend/CyclicDependencyException>")]
"< Application, Lpolyglot/util/Base64, decodeFileToFile(Ljava/lang/String;Ljava/lang/String;)V >"	"bb9"	[java_type_ref("<Primordial,Ljava/lang/Exception>")]
"< Application, Lpolyglot/util/Base64, decode(Ljava/lang/String;I)[B >"	"bb53"	[java_type_ref("<Primordial,Ljava/lang/Throwable>")]
"< Application, Ljflex/CUP$LexParse$actions, CUP$LexParse$do_action(ILjava_cup/runtime/lr_parser;Ljava/util/Stack;I)Ljava_cup/runtime/Symbol; >"	"bb2051"	[java_type_ref("<Application,Ljflex/CharClassException>")]
"< Application, Lpolyglot/types/reflect/ClassFile_c, <init>(Ljavax/tools/FileObject;[BLpolyglot/frontend/ExtensionInfo;)V >"	"bb21"	[java_type_ref("<Primordial,Ljava/lang/Throwable>")]
"< Application, Lpolyglot/frontend/AbstractExtensionInfo, extFileManager()Lpolyglot/filemanager/FileManager; >"	"bb7"	[java_type_ref("<Primordial,Ljava/io/IOException>")]
"< Application, Lpolyglot/visit/AmbiguityRemover, override(Lpolyglot/ast/Node;Lpolyglot/ast/Node;)Lpolyglot/ast/Node; >"	"bb78"	[java_type_ref("<Application,Lpolyglot/types/SemanticException>")]
"< Application, Lpolyglot/util/Base64, encodeObject(Ljava/io/Serializable;I)Ljava/lang/String; >"	"bb40"	[java_type_ref("<Primordial,Ljava/lang/Exception>")]
"< Application, Lpolyglot/ext/jl7/parse/Lexer_c, nextToken()Lpolyglot/lex/Token; >"	"bb334"	[java_type_ref("<Primordial,Ljava/lang/NumberFormatException>")]
"< Application, Lppg/parse/ParseTest, main([Ljava/lang/String;)V >"	"bb13"	[java_type_ref("<Primordial,Ljava/lang/ArrayIndexOutOfBoundsException>")]
"< Application, Lpolyglot/frontend/ParserlessJLExtensionInfo, initTypeSystem()V >"	"bb5"	[java_type_ref("<Application,Lpolyglot/types/SemanticException>")]
"< Application, Lpolyglot/frontend/Compiler, compileFiles(Ljava/util/Collection;)Z >"	"bb34"	[java_type_ref("<Application,Lpolyglot/util/InternalCompilerError>")]
"< Application, Ljava_cup/Main, parse_grammar_spec()V >"	"bb13"	[java_type_ref("<Primordial,Ljava/lang/Exception>")]
"< Application, Lpolyglot/visit/PrettyPrinter, printAst(Lpolyglot/ast/Node;Lpolyglot/util/CodeWriter;)V >"	"bb4"	[java_type_ref("<Primordial,Ljava/io/IOException>")]
"< Application, Ljava_cup/symbol_set, equals(Ljava_cup/symbol_set;)Z >"	"bb8"	[java_type_ref("<Application,Ljava_cup/internal_error>")]
"< Application, Lppg/lex/LexTest, main([Ljava/lang/String;)V >"	"bb13"	[java_type_ref("<Primordial,Ljava/lang/ArrayIndexOutOfBoundsException>")]
"< Application, Lpolyglot/util/typedump/Main, main([Ljava/lang/String;)V >"	"bb31"	[java_type_ref("<Primordial,Ljava/lang/ClassNotFoundException>")]
"< Application, Lpolyglot/util/SerialVersionUID, generate(Ljava/lang/Class;)J >"	"bb98"	[java_type_ref("<Primordial,Ljava/lang/NoSuchMethodException>")]
"< Application, Lpolyglot/util/typedump/TypeDumper, load(Ljava/lang/String;Lpolyglot/types/TypeSystem;Lpolyglot/main/Version;)Lpolyglot/util/typedump/TypeDumper; >"	"bb32"	[java_type_ref("<Primordial,Ljava/lang/IllegalAccessException>")]
"< Application, Lpolyglot/visit/CFGBuilder, copy()Lpolyglot/visit/CFGBuilder; >"	"bb4"	[java_type_ref("<Primordial,Ljava/lang/CloneNotSupportedException>")]
"< Application, Lpolyglot/ast/Node_c, prettyPrint(Ljava/io/OutputStream;)V >"	"bb8"	[java_type_ref("<Primordial,Ljava/io/IOException>")]
"< Application, Ljflex/Main, generate(Ljava/io/File;)V >"	"bb93"	[java_type_ref("<Application,Ljflex/MacroException>")]
"< Application, Lpolyglot/frontend/Scheduler, runPass(Lpolyglot/frontend/Pass;)Z >"	"bb218"	[java_type_ref("<Application,Lpolyglot/frontend/MissingDependencyException>")]
"< Application, Lpolyglot/ast/NewArray_c, throwTypes(Lpolyglot/types/TypeSystem;)Ljava/util/List; >"	"bb9"	[java_type_ref("<Application,Lpolyglot/types/SemanticException>")]
"< Application, Lpolyglot/types/TypeSystem_c, forName(Lpolyglot/types/Resolver;Ljava/lang/String;)Lpolyglot/types/Named; >"	"bb14"	[java_type_ref("<Application,Lpolyglot/types/SemanticException>")]
"< Application, Lpolyglot/util/TypeEncoder, decode(Ljava/lang/String;Ljava/lang/String;)Lpolyglot/types/TypeObject; >"	"bb52"	[java_type_ref("<Primordial,Ljava/lang/Throwable>")]
"< Application, Ljflex/CUP$LexParse$actions, CUP$LexParse$do_action(ILjava_cup/runtime/lr_parser;Ljava/util/Stack;I)Ljava_cup/runtime/Symbol; >"	"bb1970"	[java_type_ref("<Application,Ljflex/CharClassException>")]
"< Application, Lpolyglot/types/ClassType_c, translate(Lpolyglot/types/Resolver;)Ljava/lang/String; >"	"bb18"	[java_type_ref("<Application,Lpolyglot/types/SemanticException>")]
"< Application, Ljflex/Main, generate(Ljava/io/File;)V >"	"bb98"	[java_type_ref("<Primordial,Ljava/io/IOException>")]
"< Application, Lpolyglot/util/StdErrorQueue, showError(Lpolyglot/util/Position;)V >"	"bb7"	[java_type_ref("<Primordial,Ljava/lang/Throwable>")]
"< Application, Lppg/spec/PPGSpec, parseChain(Ljava/lang/String;)V >"	"bb76"	[java_type_ref("<Primordial,Ljava/io/FileNotFoundException>")]
"< Application, Lpolyglot/util/TypeEncoder, encode(Lpolyglot/types/TypeObject;)Ljava/lang/String; >"	"bb31"	[java_type_ref("<Primordial,Ljava/lang/Throwable>")]
"< Application, Lpolyglot/visit/Translator, translateSource(Lpolyglot/ast/SourceFile;)Z >"	"bb60"	[java_type_ref("<Primordial,Ljava/lang/Throwable>")]
"< Application, Lpolyglot/types/Context_c, findInThisScope(Ljava/lang/String;)Lpolyglot/types/Named; >"	"bb15"	[java_type_ref("<Application,Lpolyglot/types/SemanticException>")]
"< Application, Lpolyglot/ext/jl7/ast/JL7ResourceExt, throwTypes(Lpolyglot/types/TypeSystem;)Ljava/util/List; >"	"bb13"	[java_type_ref("<Application,Lpolyglot/types/SemanticException>")]
"< Application, Lpolyglot/parse/Lexer_c, float_lit(Ljava/lang/String;)Lpolyglot/lex/Token; >"	"bb38"	[java_type_ref("<Primordial,Ljava/lang/NumberFormatException>")]
"< Application, Ljflex/LexScan, next_token()Ljava_cup/runtime/Symbol; >"	"bb766"	[java_type_ref("<Application,Ljflex/unicode/UnicodeProperties$UnsupportedUnicodeVersionException>")]
"< Application, Lpolyglot/main/Report, should_report(Ljava/util/Collection;I)Z >"	"bb17"	[java_type_ref("<Primordial,Ljava/lang/Throwable>")]
"< Application, Lpolyglot/util/SerialVersionUID, generate(Ljava/lang/Class;)J >"	"bb122"	[java_type_ref("<Primordial,Ljava/lang/NoSuchMethodException>")]
"< Application, Lpolyglot/ext/jl7/parse/Lexer_c, zzScanError(I)V >"	"bb3"	[java_type_ref("<Primordial,Ljava/lang/ArrayIndexOutOfBoundsException>")]
"< Application, Lpolyglot/translate/JLOutputExtensionInfo, createOptions()Lpolyglot/main/Options; >"	"bb10"	[java_type_ref("<Application,Lpolyglot/main/UsageError>")]
"< Application, Lpolyglot/util/TypeEncoder, encode(Lpolyglot/types/TypeObject;)Ljava/lang/String; >"	"bb39"	[java_type_ref("<Primordial,Ljava/lang/Throwable>")]
"< Application, Ljflex/Out, showPosition(Ljava/io/File;I)V >"	"bb5"	[java_type_ref("<Primordial,Ljava/io/IOException>")]
"< Application, Lppg/PPG, main([Ljava/lang/String;)V >"	"bb74"	[java_type_ref("<Primordial,Ljava/lang/Exception>")]
"< Application, Lpolyglot/types/TypeSystem_c, checkClassConformance(Lpolyglot/types/ClassType;)V >"	"bb78"	[java_type_ref("<Application,Lpolyglot/types/SemanticException>")]
"< Application, Lpolyglot/util/Base64, decode(Ljava/lang/String;I)[B >"	"bb39"	[java_type_ref("<Primordial,Ljava/lang/Exception>")]
"< Application, Lpolyglot/main/Main, invokePostCompiler(Lpolyglot/main/Options;Lpolyglot/frontend/Compiler;Lpolyglot/util/ErrorQueue;)Z >"	"bb127"	[java_type_ref("<Primordial,Ljava/lang/Throwable>")]
"< Application, Ljflex/CUP$LexParse$actions, CUP$LexParse$do_action(ILjava_cup/runtime/lr_parser;Ljava/util/Stack;I)Ljava_cup/runtime/Symbol; >"	"bb2239"	[java_type_ref("<Application,Ljflex/CharClassException>")]
"< Application, Ljava_cup/lr_item_core, toString()Ljava/lang/String; >"	"bb3"	[java_type_ref("<Application,Ljava_cup/internal_error>")]
"< Application, Lpolyglot/util/Base64, decodeToFile(Ljava/lang/String;Ljava/lang/String;)V >"	"bb9"	[java_type_ref("<Primordial,Ljava/lang/Exception>")]
"< Application, Lpolyglot/qq/QQ, parse(ILjava/lang/String;[Ljava/lang/Object;)Lpolyglot/ast/Node; >"	"bb105"	[java_type_ref("<Primordial,Ljava/lang/RuntimeException>")]
"< Application, Lpolyglot/visit/ClassSerializer, createSerializationMembers(Lpolyglot/types/ClassType;)Ljava/util/List; >"	"bb177"	[java_type_ref("<Primordial,Ljava/io/IOException>")]
"< Application, Lpolyglot/main/Main, main([Ljava/lang/String;)V >"	"bb5"	[java_type_ref("<Application,Lpolyglot/main/Main$TerminationException>")]
"< Application, Lppg/lex/LexTest, main([Ljava/lang/String;)V >"	"bb30"	[java_type_ref("<Primordial,Ljava/lang/Error>"), java_type_ref("<Primordial,Ljava/lang/Exception>")]
"< Application, Lpolyglot/types/MemberClassResolver, find(Ljava/lang/String;)Lpolyglot/types/Named; >"	"bb35"	[java_type_ref("<Application,Lpolyglot/types/SemanticException>")]
"< Application, Ljava_cup/production, toString()Ljava/lang/String; >"	"bb72"	[java_type_ref("<Application,Ljava_cup/internal_error>")]
"< Application, Lpolyglot/frontend/CupParser, parse()Lpolyglot/ast/Node; >"	"bb16"	[java_type_ref("<Primordial,Ljava/lang/RuntimeException>")]
"< Application, Lpolyglot/frontend/ParserPass, run()Z >"	"bb46"	[java_type_ref("<Primordial,Ljava/lang/Throwable>")]
"< Application, Lpolyglot/types/ClassType_c, translate(Lpolyglot/types/Resolver;)Ljava/lang/String; >"	"bb48"	[java_type_ref("<Application,Lpolyglot/types/SemanticException>")]
"< Application, Lpolyglot/visit/DumpAst, finish()V >"	"bb10"	[java_type_ref("<Primordial,Ljava/io/IOException>")]
"< Application, Lpolyglot/parse/Lexer_c, nextToken()Lpolyglot/lex/Token; >"	"bb331"	[java_type_ref("<Primordial,Ljava/lang/NumberFormatException>")]
"< Application, Ljflex/CUP$LexParse$actions, CUP$LexParse$do_action(ILjava_cup/runtime/lr_parser;Ljava/util/Stack;I)Ljava_cup/runtime/Symbol; >"	"bb2079"	[java_type_ref("<Application,Ljflex/CharClassException>")]
"< Application, Lpolyglot/util/TypeEncoder, decode(Ljava/lang/String;Ljava/lang/String;)Lpolyglot/types/TypeObject; >"	"bb44"	[java_type_ref("<Primordial,Ljava/lang/Throwable>")]
"< Application, Lpolyglot/parse/Lexer_c, double_lit(Ljava/lang/String;)Lpolyglot/lex/Token; >"	"bb38"	[java_type_ref("<Primordial,Ljava/lang/NumberFormatException>")]
"< Application, Lpolyglot/frontend/Compiler, compileFiles(Ljava/util/Collection;)Z >"	"bb43"	[java_type_ref("<Primordial,Ljava/lang/RuntimeException>")]
"< Application, Lpolyglot/ast/LocalDecl_c, typeCheck(Lpolyglot/visit/TypeChecker;)Lpolyglot/ast/Node; >"	"bb6"	[java_type_ref("<Application,Lpolyglot/types/SemanticException>")]
"< Application, Lpolyglot/ast/Binary_c, childExpectedType(Lpolyglot/ast/Expr;Lpolyglot/visit/AscriptionVisitor;)Lpolyglot/types/Type; >"	"bb156"	[java_type_ref("<Application,Lpolyglot/types/SemanticException>")]
"< Application, Lpolyglot/util/Base64, encodeObject(Ljava/io/Serializable;I)Ljava/lang/String; >"	"bb34"	[java_type_ref("<Primordial,Ljava/lang/Exception>")]
"< Application, Lpolyglot/ast/ConstructorDecl_c, typeCheck(Lpolyglot/visit/TypeChecker;)Lpolyglot/ast/Node; >"	"bb38"	[java_type_ref("<Application,Lpolyglot/types/SemanticException>")]
"< Application, Lpolyglot/util/Base64, encodeBytes([BII)Ljava/lang/String; >"	"bb3"	[java_type_ref("<Primordial,Ljava/io/IOException>")]
"< Application, Lpolyglot/main/Main, invokePostCompiler(Lpolyglot/main/Options;Lpolyglot/frontend/Compiler;Lpolyglot/util/ErrorQueue;)Z >"	"bb132"	[java_type_ref("<Primordial,Ljava/lang/Throwable>")]
"< Application, Ljflex/Skeleton, readDefault()V >"	"bb20"	[java_type_ref("<Primordial,Ljava/io/IOException>")]
"< Application, Lpolyglot/ext/jl5/JL5Scheduler, CastsInserted(Lpolyglot/frontend/Job;)Lpolyglot/frontend/goals/Goal; >"	"bb22"	[java_type_ref("<Application,Lpolyglot/frontend/CyclicDependencyException>")]
"< Application, Lpolyglot/util/typedump/Main, main([Ljava/lang/String;)V >"	"bb85"	[java_type_ref("<Primordial,Ljava/lang/NoSuchFieldException>")]
"< Application, Lpolyglot/visit/NodeVisitor, copy()Lpolyglot/visit/NodeVisitor; >"	"bb4"	[java_type_ref("<Primordial,Ljava/lang/CloneNotSupportedException>")]
"< Application, Ljava_cup/Main, open_files()V >"	"bb15"	[java_type_ref("<Primordial,Ljava/lang/Exception>")]
"< Application, Lpolyglot/ast/FieldDecl_c, typeCheck(Lpolyglot/visit/TypeChecker;)Lpolyglot/ast/Node; >"	"bb6"	[java_type_ref("<Application,Lpolyglot/types/SemanticException>")]
"< Application, Lpolyglot/util/Base64, encodeToFile([BLjava/lang/String;)V >"	"bb12"	[java_type_ref("<Primordial,Ljava/lang/Exception>")]
"< Application, Ljflex/LexScan, includeFile(Ljava/lang/String;)V >"	"bb36"	[java_type_ref("<Primordial,Ljava/io/FileNotFoundException>")]
"< Application, Lpolyglot/ast/Assign_c, childExpectedType(Lpolyglot/ast/Expr;Lpolyglot/visit/AscriptionVisitor;)Lpolyglot/types/Type; >"	"bb79"	[java_type_ref("<Application,Lpolyglot/types/SemanticException>")]
"< Application, Lpolyglot/util/Base64, decode(Ljava/lang/String;I)[B >"	"bb7"	[java_type_ref("<Primordial,Ljava/io/UnsupportedEncodingException>")]
"< Application, Ljflex/DFA, writeDot(Ljava/io/File;)V >"	"bb9"	[java_type_ref("<Primordial,Ljava/io/IOException>")]
"< Application, Lpolyglot/util/TypeEncoder, decode(Ljava/lang/String;Ljava/lang/String;)Lpolyglot/types/TypeObject; >"	"bb61"	[java_type_ref("<Primordial,Ljava/io/IOException>")]
"< Application, Lpolyglot/visit/NodeVisitor, visitEdge(Lpolyglot/ast/Node;Lpolyglot/ast/Node;)Lpolyglot/ast/Node; >"	"bb6"	[java_type_ref("<Application,Lpolyglot/util/InternalCompilerError>")]
"< Application, Lpolyglot/ast/Node_c, copy()Lpolyglot/ast/Node; >"	"bb22"	[java_type_ref("<Primordial,Ljava/lang/CloneNotSupportedException>")]
"< Application, Lpolyglot/types/reflect/ClassFileLazyClassInitializer, quietTypeForName(Ljava/lang/String;)Lpolyglot/types/ClassType; >"	"bb14"	[java_type_ref("<Application,Lpolyglot/types/SemanticException>")]
"< Application, Lpolyglot/util/Base64, encodeBytesToBytes([BIII)[B >"	"bb51"	[java_type_ref("<Primordial,Ljava/lang/Exception>")]
"< Application, Lpolyglot/util/typedump/Main, main([Ljava/lang/String;)V >"	"bb29"	[java_type_ref("<Primordial,Ljava/lang/ClassNotFoundException>")]
"< Application, Lpolyglot/ext/jl5/ast/JL5Disamb_c, disambiguateTypeNodePrefix(Lpolyglot/ast/TypeNode;)Lpolyglot/ast/Node; >"	"bb20"	[java_type_ref("<Application,Lpolyglot/types/NoMemberException>")]
"< Application, Lppg/lex/LexTest, main([Ljava/lang/String;)V >"	"bb5"	[java_type_ref("<Primordial,Ljava/io/FileNotFoundException>")]
"< Application, Lpolyglot/util/TypeEncoder, encode(Lpolyglot/types/TypeObject;)Ljava/lang/String; >"	"bb26"	[java_type_ref("<Primordial,Ljava/lang/Throwable>")]
"< Application, Lppg/util/Block, formatN(IIIIZZ)I >"	"bb10"	[java_type_ref("<Application,Lppg/util/Overrun>")]
"< Application, Lpolyglot/util/BlockItem, formatN(IIIILpolyglot/util/MaxLevels;II)Lpolyglot/util/FormatResult; >"	"bb22"	[java_type_ref("<Application,Lpolyglot/util/Overrun>")]
"< Application, Lpolyglot/ext/jl5/ast/JL5SourceFileExt, typeCheck(Lpolyglot/visit/TypeChecker;)Lpolyglot/ast/Node; >"	"bb43"	[java_type_ref("<Application,Lpolyglot/types/SemanticException>")]
"< Application, Lpolyglot/ext/jl5/JL5Scheduler, RemoveJava5isms(Lpolyglot/frontend/Job;)Lpolyglot/frontend/goals/Goal; >"	"bb42"	[java_type_ref("<Application,Lpolyglot/frontend/CyclicDependencyException>")]
"< Application, Lpolyglot/ext/jl5/JL5Scheduler, SimplifyExpressionsForBoxing(Lpolyglot/frontend/Job;)Lpolyglot/frontend/goals/Goal; >"	"bb12"	[java_type_ref("<Application,Lpolyglot/frontend/CyclicDependencyException>")]
"< Application, Lpolyglot/ext/jl5/ast/JL5NewExt, findEnclosingClassFrom(Lpolyglot/types/ClassType;Lpolyglot/types/Context;Lpolyglot/types/ClassType;)Lpolyglot/types/ClassType; >"	"bb32"	[java_type_ref("<Application,Lpolyglot/types/SemanticException>")]
"< Application, Lpolyglot/ast/Node_c, prettyPrint(Lpolyglot/ast/Lang;Ljava/io/Writer;)V >"	"bb7"	[java_type_ref("<Primordial,Ljava/io/IOException>")]
"< Application, Ljflex/LexScan, main([Ljava/lang/String;)V >"	"bb54"	[java_type_ref("<Primordial,Ljava/lang/Exception>")]
"< Application, Lpolyglot/ext/jl5/types/JL5SubstClassType_c, translate(Lpolyglot/ext/jl5/types/JL5ParsedClassType;Lpolyglot/types/Resolver;)Ljava/lang/String; >"	"bb72"	[java_type_ref("<Application,Lpolyglot/types/SemanticException>")]
"< Application, Lpolyglot/util/Base64, encodeToFile([BLjava/lang/String;)V >"	"bb16"	[java_type_ref("<Primordial,Ljava/lang/Exception>")]
"< Application, Lpolyglot/util/Base64, encodeBytesToBytes([BIII)[B >"	"bb54"	[java_type_ref("<Primordial,Ljava/lang/Exception>")]
"< Application, Lpolyglot/ext/jl5/ast/JL5EnumDeclExt, buildTypes(Lpolyglot/visit/TypeBuilder;)Lpolyglot/ast/Node; >"	"bb20"	[java_type_ref("<Primordial,Ljava/lang/RuntimeException>")]
"< Application, Lpolyglot/util/Base64, encodeObject(Ljava/io/Serializable;I)Ljava/lang/String; >"	"bb30"	[java_type_ref("<Primordial,Ljava/lang/Exception>")]
"< Application, Ljflex/Main, parseOptions([Ljava/lang/String;)Ljava/util/List; >"	"bb190"	[java_type_ref("<Application,Ljflex/unicode/UnicodeProperties$UnsupportedUnicodeVersionException>")]
"< Application, Lpolyglot/frontend/Compiler, <clinit>()V >"	"bb5"	[java_type_ref("<Primordial,Ljava/lang/ClassNotFoundException>")]
"< Application, Lpolyglot/types/TypeSystem_c, load(Ljava/lang/String;)Lpolyglot/types/ClassType; >"	"bb4"	[java_type_ref("<Application,Lpolyglot/types/SemanticException>")]
"< Application, Ljflex/CUP$LexParse$actions, CUP$LexParse$do_action(ILjava_cup/runtime/lr_parser;Ljava/util/Stack;I)Ljava_cup/runtime/Symbol; >"	"bb2270"	[java_type_ref("<Application,Ljflex/CharClassException>")]
"< Application, Lpolyglot/util/Base64, decodeToObject(Ljava/lang/String;ILjava/lang/ClassLoader;)Ljava/lang/Object; >"	"bb22"	[java_type_ref("<Primordial,Ljava/lang/Exception>")]
"< Application, Lpolyglot/util/TypeInputStream, installInPlaceHolderCache(Lpolyglot/types/PlaceHolder;Lpolyglot/types/TypeObject;)V >"	"bb25"	[java_type_ref("<Primordial,Ljava/lang/NullPointerException>")]
"< Application, Lpolyglot/util/StdErrorQueue, showError(Lpolyglot/util/Position;)V >"	"bb81"	[java_type_ref("<Primordial,Ljava/lang/Throwable>")]
"< Application, Lpolyglot/ast/Binary_c, constantValue(Lpolyglot/ast/Lang;)Ljava/lang/Object; >"	"bb429"	[java_type_ref("<Primordial,Ljava/lang/ArithmeticException>")]
"< Application, Lpolyglot/main/Options$16, handle([Ljava/lang/String;I)Lpolyglot/main/OptFlag$Arg; >"	"bb13"	[java_type_ref("<Primordial,Ljava/lang/NumberFormatException>")]
"< Application, Lpolyglot/ast/JLDel_c, copy()Lpolyglot/ast/JLDel; >"	"bb5"	[java_type_ref("<Primordial,Ljava/lang/CloneNotSupportedException>")]
"< Application, Lpolyglot/ext/jl5/types/JL5TypeSystem_c, wrapperClassOfPrimitive(Lpolyglot/types/PrimitiveType;)Lpolyglot/types/ClassType; >"	"bb5"	[java_type_ref("<Application,Lpolyglot/types/SemanticException>")]
"< Application, Ljava_cup/Lexer, zzScanError(I)V >"	"bb3"	[java_type_ref("<Primordial,Ljava/lang/ArrayIndexOutOfBoundsException>")]
"< Application, Lpolyglot/types/PlaceHolder_c, resolveUnsafe(Lpolyglot/types/TypeSystem;)Lpolyglot/types/TypeObject; >"	"bb17"	[java_type_ref("<Application,Lpolyglot/frontend/SchedulerException>"), java_type_ref("<Application,Lpolyglot/types/SemanticException>")]
"< Application, Lpolyglot/types/reflect/ClassFile_c, <init>(Ljavax/tools/FileObject;[BLpolyglot/frontend/ExtensionInfo;)V >"	"bb16"	[java_type_ref("<Primordial,Ljava/lang/Throwable>")]
"< Application, Lpolyglot/util/Base64, encodeBytes([B)Ljava/lang/String; >"	"bb4"	[java_type_ref("<Primordial,Ljava/io/IOException>")]
"< Application, Lpolyglot/util/TypeEncoder, decode(Ljava/lang/String;Ljava/lang/String;)Lpolyglot/types/TypeObject; >"	"bb33"	[java_type_ref("<Primordial,Ljava/lang/Throwable>")]
"< Application, Lppg/PPG, main([Ljava/lang/String;)V >"	"bb58"	[java_type_ref("<Primordial,Ljava/io/FileNotFoundException>")]
"< Application, Ljflex/gui/OptionsDialog, skelBrowse()V >"	"bb21"	[java_type_ref("<Application,Ljflex/GeneratorException>")]
"< Application, Lpolyglot/frontend/TargetFactory, outputFileObject(Ljava/lang/String;Ljava/lang/String;Lpolyglot/frontend/Source;)Ljavax/tools/JavaFileObject; >"	"bb45"	[java_type_ref("<Primordial,Ljava/io/IOException>")]
"< Application, Lpolyglot/util/Base64, decodeToObject(Ljava/lang/String;ILjava/lang/ClassLoader;)Ljava/lang/Object; >"	"bb18"	[java_type_ref("<Primordial,Ljava/io/IOException>")]
"< Application, Lpolyglot/util/Base64, decode(Ljava/lang/String;I)[B >"	"bb61"	[java_type_ref("<Primordial,Ljava/lang/Exception>")]
"< Application, Lpolyglot/qq/QQ, parse(ILjava/lang/String;[Ljava/lang/Object;)Lpolyglot/ast/Node; >"	"bb106"	[java_type_ref("<Primordial,Ljava/lang/Exception>")]
"< Application, Lpolyglot/ast/Disamb_c, disambiguateTypeNodePrefix(Lpolyglot/ast/TypeNode;)Lpolyglot/ast/Node; >"	"bb23"	[java_type_ref("<Application,Lpolyglot/types/NoMemberException>")]
"< Application, Lpolyglot/ext/jl5/ast/JL5Disamb_c, disambiguatePackagePrefix(Lpolyglot/ast/PackageNode;)Lpolyglot/ast/Node; >"	"bb8"	[java_type_ref("<Application,Lpolyglot/types/SemanticException>")]
"< Application, Ljflex/Main, main([Ljava/lang/String;)V >"	"bb3"	[java_type_ref("<Application,Ljflex/GeneratorException>")]
"< Application, Lpolyglot/ast/Initializer_c, typeCheck(Lpolyglot/visit/TypeChecker;)Lpolyglot/ast/Node; >"	"bb5"	[java_type_ref("<Application,Lpolyglot/types/SemanticException>")]
"< Application, Lpolyglot/main/Options, applyArgs(Ljava/util/Set;)V >"	"bb19"	[java_type_ref("<Primordial,Ljava/lang/Throwable>")]
"< Application, Lpolyglot/types/TypeSystem_c, canOverride(Lpolyglot/types/MethodInstance;Lpolyglot/types/MethodInstance;)Z >"	"bb3"	[java_type_ref("<Application,Lpolyglot/types/SemanticException>")]
"< Application, Lpolyglot/visit/AmbiguityRemover, override(Lpolyglot/ast/Node;Lpolyglot/ast/Node;)Lpolyglot/ast/Node; >"	"bb63"	[java_type_ref("<Application,Lpolyglot/frontend/MissingDependencyException>")]
"< Application, Lpolyglot/types/SourceClassResolver, find(Ljava/lang/String;)Lpolyglot/types/Named; >"	"bb147"	[java_type_ref("<Application,Lpolyglot/types/SemanticException>")]
"< Application, Lpolyglot/frontend/ParserPass, run()Z >"	"bb42"	[java_type_ref("<Primordial,Ljava/lang/Throwable>")]
"< Application, Lpolyglot/ext/jl5/types/JL5Context_c, findFieldScope(Ljava/lang/String;)Lpolyglot/types/ClassType; >"	"bb3"	[java_type_ref("<Application,Lpolyglot/types/SemanticException>")]
"< Application, Lpolyglot/ext/jl5/JL5Scheduler, RemoveExtendedFors(Lpolyglot/frontend/Job;)Lpolyglot/frontend/goals/Goal; >"	"bb12"	[java_type_ref("<Application,Lpolyglot/frontend/CyclicDependencyException>")]
"< Application, Lpolyglot/ast/Unary_c, childExpectedType(Lpolyglot/ast/Expr;Lpolyglot/visit/AscriptionVisitor;)Lpolyglot/types/Type; >"	"bb50"	[java_type_ref("<Application,Lpolyglot/types/SemanticException>")]
"< Application, Lpolyglot/util/Base64, encodeObject(Ljava/io/Serializable;I)Ljava/lang/String; >"	"bb21"	[java_type_ref("<Primordial,Ljava/lang/Exception>")]
"< Application, Lpolyglot/ext/jl5/types/reflect/JL5ClassFileLazyClassInitializer, fieldInstance(Lpolyglot/types/reflect/Field;Lpolyglot/types/ClassType;)Lpolyglot/types/FieldInstance; >"	"bb58"	[java_type_ref("<Application,Lpolyglot/types/SemanticException>")]
"< Application, Lpolyglot/frontend/Compiler, compile(Ljava/util/Collection;)Z >"	"bb33"	[java_type_ref("<Application,Lpolyglot/util/ErrorLimitError>")]
"< Application, Lpolyglot/util/Base64, encodeBytes([BIII)Ljava/lang/String; >"	"bb5"	[java_type_ref("<Primordial,Ljava/io/UnsupportedEncodingException>")]
"< Application, Lpolyglot/ext/jl5/ast/JL5AssignExt, childExpectedType(Lpolyglot/ast/Expr;Lpolyglot/visit/AscriptionVisitor;)Lpolyglot/types/Type; >"	"bb65"	[java_type_ref("<Application,Lpolyglot/types/SemanticException>")]
"< Application, Ljflex/Main, generate(Ljava/io/File;)V >"	"bb110"	[java_type_ref("<Primordial,Ljava/lang/Exception>")]
"< Application, Lpolyglot/util/Base64, decode(Ljava/lang/String;I)[B >"	"bb43"	[java_type_ref("<Primordial,Ljava/io/IOException>")]
"< Application, Ljava_cup/Main, parse_args([Ljava/lang/String;)V >"	"bb94"	[java_type_ref("<Primordial,Ljava/lang/NumberFormatException>")]
"< Application, Lpolyglot/ext/jl5/types/JL5SubstClassType_c, descendsFromImpl(Lpolyglot/types/Type;)Z >"	"bb13"	[java_type_ref("<Application,Lpolyglot/types/SemanticException>")]
"< Application, Lpolyglot/main/Report, should_report([Ljava/lang/String;I)Z >"	"bb17"	[java_type_ref("<Primordial,Ljava/lang/Throwable>")]
"< Application, Lpolyglot/ext/jl5/JL5Scheduler, PreRemoveJava5isms(Lpolyglot/frontend/Job;)Lpolyglot/frontend/goals/Goal; >"	"bb10"	[java_type_ref("<Application,Lpolyglot/frontend/CyclicDependencyException>")]
"< Application, Lpolyglot/frontend/Scheduler, addDependencyAndEnqueue(Lpolyglot/frontend/goals/Goal;Lpolyglot/frontend/goals/Goal;Z)V >"	"bb4"	[java_type_ref("<Application,Lpolyglot/frontend/CyclicDependencyException>")]
"< Application, Lpolyglot/ext/jl5/ast/JL5BinaryExt, childExpectedType(Lpolyglot/ast/Expr;Lpolyglot/visit/AscriptionVisitor;)Lpolyglot/types/Type; >"	"bb134"	[java_type_ref("<Application,Lpolyglot/types/SemanticException>")]
"< Application, Lpolyglot/util/ObjectDumper, dumpObject(Ljava/lang/Object;Ljava/util/Set;)V >"	"bb54"	[java_type_ref("<Primordial,Ljava/lang/SecurityException>")]
"< Application, Lpolyglot/frontend/Compiler, compileFiles(Ljava/util/Collection;)Z >"	"bb39"	[java_type_ref("<Application,Lpolyglot/util/ErrorLimitError>")]
"< Application, Lpolyglot/main/Main, invokePostCompiler(Lpolyglot/main/Options;Lpolyglot/frontend/Compiler;Lpolyglot/util/ErrorQueue;)Z >"	"bb163"	[java_type_ref("<Primordial,Ljava/lang/Exception>")]
"< Application, Lppg/util/Block, formatN(IIIIZZ)I >"	"bb20"	[java_type_ref("<Application,Lppg/util/Overrun>")]
"< Application, Lpolyglot/qq/Lexer_c, float_lit(Ljava/lang/String;)Lpolyglot/lex/Token; >"	"bb33"	[java_type_ref("<Primordial,Ljava/lang/NumberFormatException>")]
"< Application, Lpolyglot/util/Base64, encodeFromFile(Ljava/lang/String;)Ljava/lang/String; >"	"bb24"	[java_type_ref("<Primordial,Ljava/lang/Exception>")]
"< Application, Lpolyglot/types/reflect/ClassFile_c, <init>(Ljavax/tools/FileObject;[BLpolyglot/frontend/ExtensionInfo;)V >"	"bb38"	[java_type_ref("<Primordial,Ljava/lang/Throwable>")]
"< Application, Lpolyglot/visit/NodeScrambler, override(Lpolyglot/ast/Node;)Lpolyglot/ast/Node; >"	"bb16"	[java_type_ref("<Primordial,Ljava/lang/Exception>")]
"< Application, Ljflex/Out, showPosition(Ljava/io/File;II)V >"	"bb16"	[java_type_ref("<Primordial,Ljava/io/IOException>")]
"< Application, Lpolyglot/ext/jl5/JL5Scheduler, RemoveVarArgs(Lpolyglot/frontend/Job;)Lpolyglot/frontend/goals/Goal; >"	"bb12"	[java_type_ref("<Application,Lpolyglot/frontend/CyclicDependencyException>")]
"< Application, Lpolyglot/ast/ClassDecl_c, typeCheck(Lpolyglot/visit/TypeChecker;)Lpolyglot/ast/Node; >"	"bb65"	[java_type_ref("<Application,Lpolyglot/types/NoClassException>")]
"< Application, Lpolyglot/util/Base64, encodeObject(Ljava/io/Serializable;I)Ljava/lang/String; >"	"bb37"	[java_type_ref("<Primordial,Ljava/lang/Exception>")]
"< Application, Lpolyglot/util/Base64, encodeObject(Ljava/io/Serializable;I)Ljava/lang/String; >"	"bb49"	[java_type_ref("<Primordial,Ljava/io/UnsupportedEncodingException>")]
"< Application, Lpolyglot/types/MemberClassResolver, find(Ljava/lang/String;)Lpolyglot/types/Named; >"	"bb62"	[java_type_ref("<Application,Lpolyglot/types/SemanticException>")]
"< Application, Lpolyglot/ext/jl5/types/JL5TypeSystem_c, primitiveTypeOfWrapper(Lpolyglot/types/Type;)Lpolyglot/types/PrimitiveType; >"	"bb47"	[java_type_ref("<Application,Lpolyglot/types/SemanticException>")]
"< Application, Lpolyglot/ext/jl5/JL5Scheduler, TypeClosure(Lpolyglot/frontend/Job;)Lpolyglot/frontend/goals/Goal; >"	"bb12"	[java_type_ref("<Application,Lpolyglot/frontend/CyclicDependencyException>")]
"< Application, Lpolyglot/visit/Translator, translateSource(Lpolyglot/ast/SourceFile;)Z >"	"bb64"	[java_type_ref("<Primordial,Ljava/lang/Throwable>")]
"< Application, Lpolyglot/visit/Translator, translateSource(Lpolyglot/ast/SourceFile;)Z >"	"bb69"	[java_type_ref("<Primordial,Ljava/io/IOException>")]
"< Application, Lpolyglot/util/AllowBreak, formatN(IIIILpolyglot/util/MaxLevels;II)Lpolyglot/util/FormatResult; >"	"bb35"	[java_type_ref("<Application,Lpolyglot/util/Overrun>")]
"< Application, Lpolyglot/visit/ErrorHandlingVisitor, leave(Lpolyglot/ast/Node;Lpolyglot/ast/Node;Lpolyglot/ast/Node;Lpolyglot/visit/NodeVisitor;)Lpolyglot/ast/Node; >"	"bb33"	[java_type_ref("<Application,Lpolyglot/types/SemanticException>")]
"< Application, Lpolyglot/util/TypeEncoder, encode(Lpolyglot/types/TypeObject;)Ljava/lang/String; >"	"bb22"	[java_type_ref("<Primordial,Ljava/lang/Throwable>")]
"< Application, Lpolyglot/ext/jl5/types/JL5Context_c, findVariableInStaticImport(Ljava/lang/String;)Lpolyglot/types/VarInstance; >"	"bb49"	[java_type_ref("<Application,Lpolyglot/types/SemanticException>")]
"< Application, Lpolyglot/translate/ExtensionRewriter, enterCall(Lpolyglot/ast/Node;)Lpolyglot/visit/NodeVisitor; >"	"bb4"	[java_type_ref("<Application,Lpolyglot/types/SemanticException>")]
"< Application, Lpolyglot/types/LoadedClassResolver, getEncodedType(Lpolyglot/types/reflect/ClassFile;Ljava/lang/String;)Lpolyglot/types/ClassType; >"	"bb245"	[java_type_ref("<Primordial,Ljava/lang/Throwable>")]
"< Application, Lpolyglot/util/Base64, encodeBytesToBytes([BIII)[B >"	"bb61"	[java_type_ref("<Primordial,Ljava/lang/Exception>")]
"< Application, Lpolyglot/types/SourceClassResolver, find(Ljava/lang/String;)Lpolyglot/types/Named; >"	"bb146"	[java_type_ref("<Application,Lpolyglot/types/BadSerializationException>")]
"< Application, Lpolyglot/util/Base64, encodeObject(Ljava/io/Serializable;I)Ljava/lang/String; >"	"bb32"	[java_type_ref("<Primordial,Ljava/lang/Throwable>")]
"< Application, Lpolyglot/frontend/ParserPass, run()Z >"	"bb29"	[java_type_ref("<Primordial,Ljava/lang/Throwable>")]
"< Application, Lpolyglot/frontend/Compiler, compileFiles(Ljava/util/Collection;)Z >"	"bb47"	[java_type_ref("<Application,Lpolyglot/util/ErrorLimitError>")]
"< Application, Lpolyglot/ext/jl5/JL5Scheduler, AnnotationCheck(Lpolyglot/frontend/Job;)Lpolyglot/frontend/goals/Goal; >"	"bb14"	[java_type_ref("<Application,Lpolyglot/frontend/CyclicDependencyException>")]
"< Application, Lpolyglot/filemanager/ExtFileManager, loadFile(Ljavax/tools/JavaFileManager$Location;Ljava/lang/String;)Lpolyglot/types/reflect/ClassFile; >"	"bb24"	[java_type_ref("<Primordial,Ljava/io/IOException>")]
"< Application, Ljflex/LexScan, zzScanError(I)V >"	"bb3"	[java_type_ref("<Primordial,Ljava/lang/ArrayIndexOutOfBoundsException>")]
"< Application, Lpolyglot/visit/TypeChecker, override(Lpolyglot/ast/Node;Lpolyglot/ast/Node;)Lpolyglot/ast/Node; >"	"bb41"	[java_type_ref("<Application,Lpolyglot/types/SemanticException>")]
"< Application, Lpolyglot/ext/jl5/translate/JL5OutputExtensionInfo, createOptions()Lpolyglot/main/Options; >"	"bb10"	[java_type_ref("<Application,Lpolyglot/main/UsageError>")]
"< Application, Ljflex/CUP$LexParse$actions, CUP$LexParse$do_action(ILjava_cup/runtime/lr_parser;Ljava/util/Stack;I)Ljava_cup/runtime/Symbol; >"	"bb2012"	[java_type_ref("<Application,Ljflex/CharClassException>")]
"< Application, Ljflex/LexScan, main([Ljava/lang/String;)V >"	"bb11"	[java_type_ref("<Primordial,Ljava/lang/Exception>")]
"< Application, Ljflex/Main, printUnicodePropertyValuesAndAliases(Ljava/lang/String;)V >"	"bb38"	[java_type_ref("<Primordial,Ljava/lang/Exception>")]
"< Application, Lpolyglot/util/typedump/TypeDumper, dumpObjectFields(Lpolyglot/util/CodeWriter;Ljava/lang/Object;Lpolyglot/util/typedump/TypeDumper$TypeCache;)V >"	"bb60"	[java_type_ref("<Primordial,Ljava/lang/SecurityException>")]
"< Application, Lpolyglot/util/Base64, decodeToObject(Ljava/lang/String;ILjava/lang/ClassLoader;)Ljava/lang/Object; >"	"bb25"	[java_type_ref("<Primordial,Ljava/lang/Exception>")]
"< Application, Lpolyglot/util/TypeInputStream, resolveObject(Ljava/lang/Object;)Ljava/lang/Object; >"	"bb8"	[java_type_ref("<Primordial,Ljava/lang/NullPointerException>")]
"< Application, Lpolyglot/util/SerialVersionUID, generate(Ljava/lang/Class;)J >"	"bb162"	[java_type_ref("<Primordial,Ljava/lang/IllegalAccessException>")]
"< Application, Lpolyglot/main/Main, explodeOptions([Ljava/lang/String;)Ljava/util/List; >"	"bb43"	[java_type_ref("<Primordial,Ljava/lang/Throwable>")]
"< Application, Lpolyglot/frontend/Source_c, path()Ljava/lang/String; >"	"bb7"	[java_type_ref("<Primordial,Ljava/io/IOException>")]
"< Application, Lpolyglot/ast/Formal_c, typeCheck(Lpolyglot/visit/TypeChecker;)Lpolyglot/ast/Node; >"	"bb31"	[java_type_ref("<Application,Lpolyglot/types/SemanticException>")]
"< Application, Lpolyglot/visit/ContextVisitor, leave(Lpolyglot/ast/Node;Lpolyglot/ast/Node;Lpolyglot/ast/Node;Lpolyglot/visit/NodeVisitor;)Lpolyglot/ast/Node; >"	"bb8"	[java_type_ref("<Application,Lpolyglot/frontend/MissingDependencyException>")]
"< Application, Lpolyglot/types/LoadedClassResolver, getEncodedType(Lpolyglot/types/reflect/ClassFile;Ljava/lang/String;)Lpolyglot/types/ClassType; >"	"bb233"	[java_type_ref("<Application,Lpolyglot/util/InternalCompilerError>")]
"< Application, Lpolyglot/ast/ClassDecl_c, typeCheck(Lpolyglot/visit/TypeChecker;)Lpolyglot/ast/Node; >"	"bb247"	[java_type_ref("<Application,Lpolyglot/types/SemanticException>")]
"< Application, Lpolyglot/qq/Lexer_c, nextToken()Lpolyglot/lex/Token; >"	"bb353"	[java_type_ref("<Primordial,Ljava/lang/NumberFormatException>")]
"< Application, Ljflex/gui/GeneratorThread, run()V >"	"bb20"	[java_type_ref("<Application,Ljflex/GeneratorException>")]
"< Application, Lpolyglot/types/TypeSystem_c, forName(Lpolyglot/types/Resolver;Ljava/lang/String;)Lpolyglot/types/Named; >"	"bb3"	[java_type_ref("<Application,Lpolyglot/types/SemanticException>")]
"< Application, Lpolyglot/util/Base64, decodeToObject(Ljava/lang/String;ILjava/lang/ClassLoader;)Ljava/lang/Object; >"	"bb14"	[java_type_ref("<Primordial,Ljava/lang/Exception>")]
"< Application, Ljflex/Main, generate(Ljava/io/File;)V >"	"bb85"	[java_type_ref("<Application,Ljflex/ScannerException>")]
"< Application, Lpolyglot/util/typedump/Main, configureOptions(Lpolyglot/main/Options;)V >"	"bb9"	[java_type_ref("<Application,Lpolyglot/main/UsageError>")]
"< Application, Lppg/spec/PPGSpec, parseChain(Ljava/lang/String;)V >"	"bb63"	[java_type_ref("<Primordial,Ljava/lang/Throwable>")]
"< Application, Lpolyglot/util/ObjectDumper, dump(Ljava/lang/Object;)V >"	"bb13"	[java_type_ref("<Primordial,Ljava/io/IOException>")]
"< Application, Lpolyglot/main/Options, parseCommandLine([Ljava/lang/String;Ljava/util/Set;)V >"	"bb16"	[java_type_ref("<Primordial,Ljava/lang/ArrayIndexOutOfBoundsException>")]
"< Application, Lpolyglot/frontend/Scheduler, runPass(Lpolyglot/frontend/Pass;)Z >"	"bb296"	[java_type_ref("<Primordial,Ljava/lang/Throwable>")]
"< Application, Lpolyglot/util/Base64, encodeBytesToBytes([BIII)[B >"	"bb55"	[java_type_ref("<Primordial,Ljava/io/IOException>")]
"< Application, Lpolyglot/ext/jl5/types/inference/LubType_c, lub_force()Lpolyglot/types/ReferenceType; >"	"bb118"	[java_type_ref("<Application,Lpolyglot/types/SemanticException>")]
"< Application, Lpolyglot/util/StdErrorQueue, showError(Lpolyglot/util/Position;)V >"	"bb62"	[java_type_ref("<Primordial,Ljava/lang/Throwable>")]
"< Application, Lpolyglot/util/TypeEncoder, encode(Lpolyglot/types/TypeObject;)Ljava/lang/String; >"	"bb27"	[java_type_ref("<Primordial,Ljava/lang/Throwable>")]
"< Application, Lpolyglot/util/SerialVersionUID, generate(Ljava/lang/Class;)J >"	"bb131"	[java_type_ref("<Primordial,Ljava/lang/NoSuchFieldException>")]
"< Application, Lpolyglot/util/Base64, decodeFileToFile(Ljava/lang/String;Ljava/lang/String;)V >"	"bb10"	[java_type_ref("<Primordial,Ljava/io/IOException>")]
"< Application, Lpolyglot/visit/TypeBuilder, enter(Lpolyglot/ast/Node;)Lpolyglot/visit/NodeVisitor; >"	"bb4"	[java_type_ref("<Application,Lpolyglot/types/SemanticException>")]
"< Application, Ljflex/Main, generate(Ljava/io/File;)V >"	"bb107"	[java_type_ref("<Application,Ljflex/GeneratorException>")]
"< Application, Lpolyglot/types/CachingResolver, find(Ljava/lang/String;)Lpolyglot/types/Named; >"	"bb32"	[java_type_ref("<Application,Lpolyglot/types/NoClassException>")]
"< Application, Lpolyglot/main/Options, applyArgs(Ljava/util/Set;)V >"	"bb18"	[java_type_ref("<Application,Lpolyglot/main/UsageError>")]
"< Application, Ljava_cup/lalr_state, errOutput(Ljava/lang/StringBuilder;Ljava/io/ByteArrayOutputStream;)V >"	"bb4"	[java_type_ref("<Primordial,Ljava/io/UnsupportedEncodingException>")]
"< Application, Lpolyglot/util/Base64, decode(Ljava/lang/String;I)[B >"	"bb36"	[java_type_ref("<Primordial,Ljava/lang/Exception>")]
"< Application, Ljflex/gui/GeneratorThread, run()V >"	"bb24"	[java_type_ref("<Primordial,Ljava/lang/Throwable>")]
"< Application, Lpolyglot/util/Base64, encodeFromFile(Ljava/lang/String;)Ljava/lang/String; >"	"bb22"	[java_type_ref("<Primordial,Ljava/lang/Throwable>")]
"< Application, Lpolyglot/filemanager/ExtFileObject, getCharContent(Z)Ljava/lang/CharSequence; >"	"bb8"	[java_type_ref("<Primordial,Ljava/io/IOException>")]
"< Application, Lpolyglot/types/reflect/ClassFile_c, getJLCInfo(Ljava/lang/String;)Lpolyglot/types/reflect/JLCInfo; >"	"bb82"	[java_type_ref("<Application,Lpolyglot/types/SemanticException>")]
"< Application, Ljflex/Out, error(Ljava/io/File;Ljflex/ErrorMessages;II)V >"	"bb34"	[java_type_ref("<Primordial,Ljava/lang/ArrayIndexOutOfBoundsException>")]
"< Application, Lpolyglot/util/Base64, encodeFileToFile(Ljava/lang/String;Ljava/lang/String;)V >"	"bb14"	[java_type_ref("<Primordial,Ljava/lang/Exception>")]
"< Application, Lpolyglot/util/Base64, encodeBytesToBytes([BIII)[B >"	"bb56"	[java_type_ref("<Primordial,Ljava/lang/Throwable>")]
"< Application, Lpolyglot/ext/jl5/ast/JL5ImportExt, isIdStaticMember(Lpolyglot/types/ClassType;Ljava/lang/String;Lpolyglot/ext/jl5/types/JL5TypeSystem;Lpolyglot/types/Package;)Z >"	"bb48"	[java_type_ref("<Application,Lpolyglot/types/SemanticException>")]
"< Application, Lpolyglot/util/Base64, decodeFileToFile(Ljava/lang/String;Ljava/lang/String;)V >"	"bb13"	[java_type_ref("<Primordial,Ljava/lang/Exception>")]
"< Application, Lppg/spec/Spec, replaceCode(Ljava/util/Vector;)V >"	"bb28"	[java_type_ref("<Primordial,Ljava/lang/Exception>")]
"< Application, Lpolyglot/util/TypeEncoder, decode(Ljava/lang/String;Ljava/lang/String;)Lpolyglot/types/TypeObject; >"	"bb70"	[java_type_ref("<Primordial,Ljava/lang/ClassNotFoundException>")]
"< Application, Lpolyglot/types/LoadedClassResolver, checkCompilerVersion(Ljava/lang/String;)I >"	"bb17"	[java_type_ref("<Primordial,Ljava/lang/NumberFormatException>")]
"< Application, Lpolyglot/util/typedump/Main, main([Ljava/lang/String;)V >"	"bb46"	[java_type_ref("<Primordial,Ljava/lang/Exception>")]
"< Application, Lpolyglot/main/Main, loadExtension(Ljava/lang/String;)Lpolyglot/frontend/ExtensionInfo; >"	"bb19"	[java_type_ref("<Primordial,Ljava/lang/Exception>")]
"< Application, Lpolyglot/types/ImportTable, lazyImportLongName(Ljava/lang/String;)V >"	"bb8"	[java_type_ref("<Application,Lpolyglot/types/NoClassException>")]
"< Application, Lpolyglot/visit/ErrorHandlingVisitor, enter(Lpolyglot/ast/Node;Lpolyglot/ast/Node;)Lpolyglot/visit/NodeVisitor; >"	"bb15"	[java_type_ref("<Application,Lpolyglot/types/SemanticException>")]
"< Application, Lpolyglot/ext/jl5/types/JL5TypeSystem_c, findFieldOrEnum(Lpolyglot/types/ReferenceType;Ljava/lang/String;Lpolyglot/types/ClassType;)Lpolyglot/types/FieldInstance; >"	"bb3"	[java_type_ref("<Application,Lpolyglot/types/NoMemberException>")]
"< Application, Lpolyglot/frontend/CupParser, parse()Lpolyglot/ast/Node; >"	"bb17"	[java_type_ref("<Primordial,Ljava/lang/Exception>")]
"< Application, Lpolyglot/types/ImportTable, lazyImportLongNameStaticMember(Ljava/lang/String;)V >"	"bb17"	[java_type_ref("<Application,Lpolyglot/types/NoClassException>")]
"< Application, Lpolyglot/frontend/Compiler, compile(Ljava/util/Collection;)Z >"	"bb29"	[java_type_ref("<Primordial,Ljava/lang/RuntimeException>")]
"< Application, Lpolyglot/util/Base64, decodeToFile(Ljava/lang/String;Ljava/lang/String;)V >"	"bb10"	[java_type_ref("<Primordial,Ljava/io/IOException>")]
"< Application, Ljflex/LexScan, main([Ljava/lang/String;)V >"	"bb35"	[java_type_ref("<Primordial,Ljava/io/FileNotFoundException>")]
"< Application, Lpolyglot/filemanager/ExtFileManager, checkForSource(Ljavax/tools/JavaFileManager$Location;Ljava/lang/String;)Lpolyglot/frontend/FileSource; >"	"bb23"	[java_type_ref("<Primordial,Ljava/io/IOException>")]
"< Application, Lpolyglot/ext/jl5/types/JL5Context_c, findVariableInStaticImport(Ljava/lang/String;)Lpolyglot/types/VarInstance; >"	"bb25"	[java_type_ref("<Application,Lpolyglot/types/SemanticException>")]
"< Application, Lppg/parse/ParseTest, main([Ljava/lang/String;)V >"	"bb24"	[java_type_ref("<Primordial,Ljava/lang/Exception>")]
"< Application, Lpolyglot/util/Base64, encodeObject(Ljava/io/Serializable;I)Ljava/lang/String; >"	"bb24"	[java_type_ref("<Primordial,Ljava/lang/Exception>")]
"< Application, Lpolyglot/ext/jl5/ast/JL5UnaryExt, childExpectedType(Lpolyglot/ast/Expr;Lpolyglot/visit/AscriptionVisitor;)Lpolyglot/types/Type; >"	"bb45"	[java_type_ref("<Application,Lpolyglot/types/SemanticException>")]
"< Application, Lpolyglot/filemanager/ExtFileObject, getCharContent(Z)Ljava/lang/CharSequence; >"	"bb7"	[java_type_ref("<Primordial,Ljava/util/NoSuchElementException>")]
"< Application, Lpolyglot/filemanager/ExtFileManager, packageExists(Ljavax/tools/JavaFileManager$Location;Ljava/lang/String;)Z >"	"bb18"	[java_type_ref("<Primordial,Ljava/io/IOException>")]
"< Application, Lpolyglot/ext/jl5/types/JL5Context_c, findVariableInStaticImport(Ljava/lang/String;)Lpolyglot/types/VarInstance; >"	"bb57"	[java_type_ref("<Application,Lpolyglot/types/SemanticException>")]
"< Application, Ljflex/NFA, writeDot(Ljava/io/File;)V >"	"bb9"	[java_type_ref("<Primordial,Ljava/io/IOException>")]
"< Application, Lpolyglot/ast/MethodDecl_c, typeCheck(Lpolyglot/visit/TypeChecker;)Lpolyglot/ast/Node; >"	"bb19"	[java_type_ref("<Application,Lpolyglot/types/SemanticException>")]
"< Application, Lpolyglot/util/TypeEncoder, decode(Ljava/lang/String;Ljava/lang/String;)Lpolyglot/types/TypeObject; >"	"bb60"	[java_type_ref("<Primordial,Ljava/io/InvalidClassException>")]
"< Application, Ljflex/Main, main([Ljava/lang/String;)V >"	"bb6"	[java_type_ref("<Application,Ljflex/SilentExit>")]
"< Application, Lpolyglot/util/TypeInputStream, resolveObject(Ljava/lang/Object;)Ljava/lang/Object; >"	"bb58"	[java_type_ref("<Application,Lpolyglot/util/CannotResolvePlaceHolderException>")]
"< Application, Lpolyglot/qq/Lexer_c, double_lit(Ljava/lang/String;)Lpolyglot/lex/Token; >"	"bb33"	[java_type_ref("<Primordial,Ljava/lang/NumberFormatException>")]
"< Application, Ljflex/Skeleton, readSkelFile(Ljava/io/File;)V >"	"bb22"	[java_type_ref("<Primordial,Ljava/io/IOException>")]
"< Application, Lpolyglot/util/Base64, encodeToFile([BLjava/lang/String;)V >"	"bb14"	[java_type_ref("<Primordial,Ljava/lang/Throwable>")]
"< Application, Lpolyglot/util/Base64, encodeObject(Ljava/io/Serializable;I)Ljava/lang/String; >"	"bb31"	[java_type_ref("<Primordial,Ljava/io/IOException>")]
"< Application, Lpolyglot/types/CachingResolver, copy()Lpolyglot/types/CachingResolver; >"	"bb8"	[java_type_ref("<Primordial,Ljava/lang/CloneNotSupportedException>")]
"< Application, Lpolyglot/types/ImportTable, find(Ljava/lang/String;)Lpolyglot/types/Named; >"	"bb108"	[java_type_ref("<Application,Lpolyglot/types/NoClassException>")]
"< Application, Lpolyglot/util/Base64, decodeFromFile(Ljava/lang/String;)[B >"	"bb32"	[java_type_ref("<Primordial,Ljava/io/IOException>")]
"< Application, Ljava_cup/Main, parse_args([Ljava/lang/String;)V >"	"bb76"	[java_type_ref("<Primordial,Ljava/lang/NumberFormatException>")]
"< Application, Lpolyglot/frontend/ParserPass, run()Z >"	"bb50"	[java_type_ref("<Primordial,Ljava/io/IOException>")]
"< Application, Lpolyglot/util/Base64, encodeObject(Ljava/io/Serializable;I)Ljava/lang/String; >"	"bb27"	[java_type_ref("<Primordial,Ljava/lang/Exception>")]
"< Application, Lpolyglot/ast/Disamb_c, disambiguateNoPrefix()Lpolyglot/ast/Node; >"	"bb35"	[java_type_ref("<Application,Lpolyglot/types/NoClassException>")]
"< Application, Lpolyglot/util/Base64, encodeBytesToBytes([BIII)[B >"	"bb58"	[java_type_ref("<Primordial,Ljava/lang/Exception>")]
"< Application, Lpolyglot/ext/jl5/types/inference/LubType_c, glb(Lpolyglot/types/ReferenceType;Lpolyglot/types/ReferenceType;)Lpolyglot/types/ReferenceType; >"	"bb11"	[java_type_ref("<Application,Lpolyglot/types/SemanticException>")]
"< Application, Lpolyglot/visit/DefiniteAssignmentChecker, leaveCall(Lpolyglot/ast/Node;Lpolyglot/ast/Node;Lpolyglot/visit/NodeVisitor;)Lpolyglot/ast/Node; >"	"bb37"	[java_type_ref("<Primordial,Ljava/lang/Throwable>")]
"< Application, Lpolyglot/visit/Translator, translateSource(Lpolyglot/ast/SourceFile;)Z >"	"bb59"	[java_type_ref("<Primordial,Ljava/lang/Throwable>")]
"< Application, Lpolyglot/util/StdErrorQueue, showError(Lpolyglot/util/Position;)V >"	"bb90"	[java_type_ref("<Primordial,Ljava/lang/Throwable>")]
"< Application, Lpolyglot/ast/New_c, findEnclosingClass(Lpolyglot/types/Context;Lpolyglot/types/ClassType;)Lpolyglot/types/ClassType; >"	"bb18"	[java_type_ref("<Application,Lpolyglot/types/SemanticException>")]
"< Application, Lpolyglot/util/StdErrorQueue, showError(Lpolyglot/util/Position;)V >"	"bb67"	[java_type_ref("<Primordial,Ljava/lang/Throwable>")]
"< Application, Lpolyglot/ext/jl5/parse/Lexer_c, nextToken()Lpolyglot/lex/Token; >"	"bb334"	[java_type_ref("<Primordial,Ljava/lang/NumberFormatException>")]
"< Application, Ljflex/LexScan, populateDefaultVersionUnicodeProperties()V >"	"bb5"	[java_type_ref("<Application,Ljflex/unicode/UnicodeProperties$UnsupportedUnicodeVersionException>")]
"< Application, Lpolyglot/util/TypeEncoder, decode(Ljava/lang/String;Ljava/lang/String;)Lpolyglot/types/TypeObject; >"	"bb79"	[java_type_ref("<Application,Lpolyglot/frontend/SchedulerException>")]
"< Application, Lpolyglot/ext/jl5/types/JL5TypeSystem_c, Class(Lpolyglot/util/Position;Lpolyglot/types/ReferenceType;)Lpolyglot/types/Type; >"	"bb6"	[java_type_ref("<Application,Lpolyglot/types/SemanticException>")]
"< Application, Lppg/lex/Token, unparse(Ljava/io/OutputStream;)V >"	"bb21"	[java_type_ref("<Primordial,Ljava/io/IOException>")]
"< Application, Lpolyglot/types/Context_c, findVariableInThisScope(Ljava/lang/String;)Lpolyglot/types/VarInstance; >"	"bb15"	[java_type_ref("<Application,Lpolyglot/types/SemanticException>")]
"< Application, Lpolyglot/frontend/Compiler, compile(Ljava/util/Collection;)Z >"	"bb25"	[java_type_ref("<Application,Lpolyglot/util/ErrorLimitError>")]
"< Application, Lpolyglot/types/reflect/ClassFileLazyClassInitializer, fieldInstance(Lpolyglot/types/reflect/Field;Lpolyglot/types/ClassType;)Lpolyglot/types/FieldInstance; >"	"bb42"	[java_type_ref("<Application,Lpolyglot/types/SemanticException>")]
"< Application, Lpolyglot/util/SerialVersionUID, generate(Ljava/lang/Class;)J >"	"bb153"	[java_type_ref("<Primordial,Ljava/lang/NoSuchFieldException>")]
"< Application, Lppg/spec/PPGSpec, parseChain(Ljava/lang/String;)V >"	"bb58"	[java_type_ref("<Primordial,Ljava/lang/Throwable>")]
"< Application, Ljava_cup/lalr_item_set, equals(Ljava_cup/lalr_item_set;)Z >"	"bb8"	[java_type_ref("<Application,Ljava_cup/internal_error>")]
"< Application, Lpolyglot/main/Main, loadExtension(Ljava/lang/String;)Lpolyglot/frontend/ExtensionInfo; >"	"bb32"	[java_type_ref("<Primordial,Ljava/lang/ClassCastException>")]
"< Application, Lppg/PPG, main([Ljava/lang/String;)V >"	"bb66"	[java_type_ref("<Primordial,Ljava/lang/ArrayIndexOutOfBoundsException>")]
"< Application, Lpolyglot/util/Base64, decode(Ljava/lang/String;I)[B >"	"bb42"	[java_type_ref("<Primordial,Ljava/lang/Exception>")]
"< Application, Lpolyglot/ext/jl5/JL5Scheduler, RemoveAnnotations(Lpolyglot/frontend/Job;)Lpolyglot/frontend/goals/Goal; >"	"bb14"	[java_type_ref("<Application,Lpolyglot/frontend/CyclicDependencyException>")]
"< Application, Lpolyglot/ext/jl5/JL5Scheduler, InitializationsChecked(Lpolyglot/frontend/Job;)Lpolyglot/frontend/goals/Goal; >"	"bb12"	[java_type_ref("<Application,Lpolyglot/frontend/CyclicDependencyException>")]
"< Application, Lpolyglot/util/Base64, decodeFromFile(Ljava/lang/String;)[B >"	"bb31"	[java_type_ref("<Primordial,Ljava/lang/Exception>")]
"< Application, Lpolyglot/types/reflect/ClassFile_c, <init>(Ljavax/tools/FileObject;[BLpolyglot/frontend/ExtensionInfo;)V >"	"bb33"	[java_type_ref("<Primordial,Ljava/lang/Throwable>")]
"< Application, Lpolyglot/frontend/ParserPass, run()Z >"	"bb37"	[java_type_ref("<Primordial,Ljava/lang/Throwable>")]
"< Application, Ljflex/ErrorMessages, get(Ljflex/ErrorMessages;)Ljava/lang/String; >"	"bb7"	[java_type_ref("<Primordial,Ljava/util/MissingResourceException>")]
"< Application, Lpolyglot/qq/QQ, parse(ILjava/lang/String;[Ljava/lang/Object;)Lpolyglot/ast/Node; >"	"bb96"	[java_type_ref("<Primordial,Ljava/io/IOException>")]
"< Application, Ljflex/Main, generate(Ljava/io/File;)V >"	"bb103"	[java_type_ref("<Primordial,Ljava/lang/OutOfMemoryError>")]
"< Application, Lpolyglot/types/LoadedClassResolver, getEncodedType(Lpolyglot/types/reflect/ClassFile;Ljava/lang/String;)Lpolyglot/types/ClassType; >"	"bb243"	[java_type_ref("<Primordial,Ljava/lang/RuntimeException>"), java_type_ref("<Application,Lpolyglot/types/SemanticException>")]
"< Application, Lpolyglot/types/PlaceHolder_c, resolveUnsafe(Lpolyglot/types/TypeSystem;)Lpolyglot/types/TypeObject; >"	"bb9"	[java_type_ref("<Application,Lpolyglot/frontend/MissingDependencyException>")]
"< Application, Lpolyglot/types/Context_c, copy()Lpolyglot/types/Context; >"	"bb4"	[java_type_ref("<Primordial,Ljava/lang/CloneNotSupportedException>")]
"< Application, Lpolyglot/ast/Disamb_c, disambiguateTypeNodePrefix(Lpolyglot/ast/TypeNode;)Lpolyglot/ast/Node; >"	"bb36"	[java_type_ref("<Application,Lpolyglot/types/NoClassException>")]
"< Application, Lpolyglot/util/TypeEncoder, encode(Lpolyglot/types/TypeObject;)Ljava/lang/String; >"	"bb43"	[java_type_ref("<Primordial,Ljava/lang/Throwable>")]
"< Application, Lpolyglot/util/Base64, decodeFileToFile(Ljava/lang/String;Ljava/lang/String;)V >"	"bb11"	[java_type_ref("<Primordial,Ljava/lang/Throwable>")]
"< Application, Lppg/spec/PPGSpec, parseChain(Ljava/lang/String;)V >"	"bb62"	[java_type_ref("<Primordial,Ljava/lang/Throwable>")]
"< Application, Lpolyglot/ast/Node_c, prettyPrint(Lpolyglot/ast/Lang;Ljava/io/OutputStream;)V >"	"bb7"	[java_type_ref("<Primordial,Ljava/io/IOException>")]
"< Application, Lpolyglot/ext/jl5/types/inference/LubType_c, lci(Ljava/util/List;)Lpolyglot/types/ReferenceType; >"	"bb40"	[java_type_ref("<Application,Lpolyglot/types/SemanticException>")]
"< Application, Lpolyglot/visit/TypeBuilder, leave(Lpolyglot/ast/Node;Lpolyglot/ast/Node;Lpolyglot/visit/NodeVisitor;)Lpolyglot/ast/Node; >"	"bb5"	[java_type_ref("<Application,Lpolyglot/types/SemanticException>")]
"< Application, Lpolyglot/util/SerialVersionUID, generate()J >"	"bb9"	[java_type_ref("<Primordial,Ljava/lang/ClassNotFoundException>")]
"< Application, Lpolyglot/ast/Assign_c, childExpectedType(Lpolyglot/ast/Expr;Lpolyglot/visit/AscriptionVisitor;)Lpolyglot/types/Type; >"	"bb49"	[java_type_ref("<Application,Lpolyglot/types/SemanticException>")]
"< Application, Lpolyglot/ext/jl5/types/JL5Context_c, findMethod(Ljava/lang/String;Ljava/util/List;)Lpolyglot/types/MethodInstance; >"	"bb3"	[java_type_ref("<Application,Lpolyglot/types/SemanticException>")]
"< Application, Lpolyglot/types/reflect/ClassFile_c, <init>(Ljavax/tools/FileObject;[BLpolyglot/frontend/ExtensionInfo;)V >"	"bb42"	[java_type_ref("<Primordial,Ljava/lang/Throwable>")]
"< Application, Lpolyglot/util/typedump/Main, main([Ljava/lang/String;)V >"	"bb73"	[java_type_ref("<Primordial,Ljava/io/IOException>")]
"< Application, Lppg/PPG, main([Ljava/lang/String;)V >"	"bb103"	[java_type_ref("<Application,Lppg/PPGError>")]
"< Application, Lpolyglot/ext/jl5/types/JL5TypeSystem_c, glb(Lpolyglot/util/Position;Ljava/util/List;Z)Lpolyglot/types/ReferenceType; >"	"bb13"	[java_type_ref("<Application,Lpolyglot/types/SemanticException>")]
"< Application, Lpolyglot/util/typedump/Main, main([Ljava/lang/String;)V >"	"bb89"	[java_type_ref("<Primordial,Ljava/lang/SecurityException>")]
"< Application, Lpolyglot/types/LoadedClassResolver, getEncodedType(Lpolyglot/types/reflect/ClassFile;Ljava/lang/String;)Lpolyglot/types/ClassType; >"	"bb209"	[java_type_ref("<Primordial,Ljava/io/InvalidClassException>")]
"< Application, Lpolyglot/types/reflect/ClassFile_c, <init>(Ljavax/tools/FileObject;[BLpolyglot/frontend/ExtensionInfo;)V >"	"bb25"	[java_type_ref("<Primordial,Ljava/lang/Throwable>")]
"< Application, Lpolyglot/ext/jl5/JL5Scheduler, Serialized(Lpolyglot/frontend/Job;)Lpolyglot/frontend/goals/Goal; >"	"bb5"	[java_type_ref("<Application,Lpolyglot/frontend/CyclicDependencyException>")]
"< Application, Lpolyglot/ext/jl5/types/reflect/JL5Signature, classTypeSig(Ljava/lang/String;I)Lpolyglot/ext/jl5/types/reflect/JL5Signature$Result; >"	"bb106"	[java_type_ref("<Application,Lpolyglot/types/SemanticException>")]
"< Application, Lpolyglot/util/ObjectDumper, dumpObject(Ljava/lang/Object;Ljava/util/Set;)V >"	"bb39"	[java_type_ref("<Primordial,Ljava/lang/IllegalAccessException>")]
"< Application, Ljflex/Main, generate(Ljava/io/File;)V >"	"bb17"	[java_type_ref("<Primordial,Ljava/io/FileNotFoundException>")]
"< Application, Lpolyglot/ext/jl5/types/JL5Context_c, findMethod(Ljava/lang/String;Ljava/util/List;)Lpolyglot/types/MethodInstance; >"	"bb19"	[java_type_ref("<Application,Lpolyglot/types/SemanticException>")]
"< Application, Lpolyglot/util/Base64, encodeFileToFile(Ljava/lang/String;Ljava/lang/String;)V >"	"bb11"	[java_type_ref("<Primordial,Ljava/io/IOException>")]
"< Application, Lpolyglot/main/Main, explodeOptions([Ljava/lang/String;)Ljava/util/List; >"	"bb39"	[java_type_ref("<Primordial,Ljava/lang/Throwable>")]
"< Application, Lpolyglot/frontend/Compiler, compile(Ljava/util/Collection;)Z >"	"bb20"	[java_type_ref("<Application,Lpolyglot/util/InternalCompilerError>")]
"< Application, Lpolyglot/util/Base64, encodeFromFile(Ljava/lang/String;)Ljava/lang/String; >"	"bb21"	[java_type_ref("<Primordial,Ljava/io/IOException>")]
"< Application, Lpolyglot/util/Base64, decodeFromFile(Ljava/lang/String;)[B >"	"bb33"	[java_type_ref("<Primordial,Ljava/lang/Throwable>")]
"< Application, Lpolyglot/visit/Translator, translateSource(Lpolyglot/ast/SourceFile;)Z >"	"bb55"	[java_type_ref("<Primordial,Ljava/lang/Throwable>")]
"< Application, Lpolyglot/util/TypeEncoder, decode(Ljava/lang/String;Ljava/lang/String;)Lpolyglot/types/TypeObject; >"	"bb56"	[java_type_ref("<Primordial,Ljava/lang/Throwable>")]
"< Application, Lpolyglot/util/SerialVersionUID, generate(Ljava/lang/Class;)J >"	"bb144"	[java_type_ref("<Primordial,Ljava/lang/NoSuchMethodException>")]
"< Application, Lpolyglot/util/SerialVersionUID, generate(Ljava/lang/Class;)J >"	"bb94"	[java_type_ref("<Primordial,Ljava/lang/IllegalAccessException>")]
"< Application, Lpolyglot/util/SerialVersionUID, generate(Ljava/lang/Class;)J >"	"bb109"	[java_type_ref("<Primordial,Ljava/lang/NoSuchFieldException>")]
"< Application, Lpolyglot/util/Base64, encodeBytesToBytes([BIII)[B >"	"bb64"	[java_type_ref("<Primordial,Ljava/lang/Exception>")]
"< Application, Lpolyglot/types/reflect/ClassFile_c, <init>(Ljavax/tools/FileObject;[BLpolyglot/frontend/ExtensionInfo;)V >"	"bb37"	[java_type_ref("<Primordial,Ljava/lang/Throwable>")]
"< Application, Lpolyglot/filemanager/ExtFileManager, loadFile(Ljavax/tools/JavaFileManager$Location;Ljava/lang/String;)Lpolyglot/types/reflect/ClassFile; >"	"bb63"	[java_type_ref("<Primordial,Ljava/lang/ClassFormatError>")]
"< Application, Lpolyglot/ext/jl5/types/JL5ImportTable, find(Ljava/lang/String;)Lpolyglot/types/Named; >"	"bb43"	[java_type_ref("<Application,Lpolyglot/types/SemanticException>")]
"< Application, Lpolyglot/frontend/CupParser, parse()Lpolyglot/ast/Node; >"	"bb12"	[java_type_ref("<Primordial,Ljava/io/IOException>")]
"< Application, Lpolyglot/ext/jl5/ast/JL5ImportExt, isIdStaticMember(Lpolyglot/types/ClassType;Ljava/lang/String;Lpolyglot/ext/jl5/types/JL5TypeSystem;Lpolyglot/types/Package;)Z >"	"bb17"	[java_type_ref("<Application,Lpolyglot/types/SemanticException>")]
"< Application, Lpolyglot/util/Base64, decode(Ljava/lang/String;I)[B >"	"bb55"	[java_type_ref("<Primordial,Ljava/lang/Exception>")]
"< Application, Lpolyglot/util/Base64, encodeObject(Ljava/io/Serializable;I)Ljava/lang/String; >"	"bb43"	[java_type_ref("<Primordial,Ljava/lang/Exception>")]
"< Application, Ljflex/LexScan, getTokenName(I)Ljava/lang/String; >"	"bb14"	[java_type_ref("<Primordial,Ljava/lang/Exception>")]
"< Application, Lpolyglot/util/TypeEncoder, encode(Lpolyglot/types/TypeObject;)Ljava/lang/String; >"	"bb48"	[java_type_ref("<Primordial,Ljava/lang/Throwable>")]
"< Application, Ljflex/LexScan, main([Ljava/lang/String;)V >"	"bb44"	[java_type_ref("<Primordial,Ljava/io/IOException>")]
"< Application, Lpolyglot/util/Base64, encodeFromFile(Ljava/lang/String;)Ljava/lang/String; >"	"bb20"	[java_type_ref("<Primordial,Ljava/lang/Exception>")]
"< Application, Lpolyglot/util/Base64, decode(Ljava/lang/String;I)[B >"	"bb58"	[java_type_ref("<Primordial,Ljava/lang/Exception>")]
"< Application, Lpolyglot/util/StdErrorQueue, showError(Lpolyglot/util/Position;)V >"	"bb95"	[java_type_ref("<Primordial,Ljava/io/IOException>")]
"< Application, Lppg/PPG, main([Ljava/lang/String;)V >"	"bb44"	[java_type_ref("<Primordial,Ljava/lang/Exception>")]
"< Application, Ljava_cup/Main, parse_args([Ljava/lang/String;)V >"	"bb180"	[java_type_ref("<Primordial,Ljava/io/FileNotFoundException>")]
"< Application, Lpolyglot/util/StdErrorQueue, showError(Lpolyglot/util/Position;)V >"	"bb71"	[java_type_ref("<Primordial,Ljava/lang/Throwable>")]
"< Application, Lpolyglot/ext/jl5/types/JL5SubstClassType_c, translate(Lpolyglot/ext/jl5/types/JL5ParsedClassType;Lpolyglot/types/Resolver;)Ljava/lang/String; >"	"bb22"	[java_type_ref("<Application,Lpolyglot/types/SemanticException>")]
"< Application, Lpolyglot/util/Base64, decode(Ljava/lang/String;I)[B >"	"bb52"	[java_type_ref("<Primordial,Ljava/lang/Exception>")]
"< Application, Lpolyglot/ext/jl5/ast/JL5Disamb_c, disambiguateNoPrefix()Lpolyglot/ast/Node; >"	"bb46"	[java_type_ref("<Application,Lpolyglot/types/NoClassException>")]
"< Application, Lpolyglot/util/SerialVersionUID, generate(Ljava/lang/Class;)J >"	"bb118"	[java_type_ref("<Primordial,Ljava/lang/IllegalAccessException>")]
"< Application, Lppg/parse/ParseTest, main([Ljava/lang/String;)V >"	"bb40"	[java_type_ref("<Primordial,Ljava/io/IOException>")]
"< Application, Lpolyglot/util/Base64, decode(Ljava/lang/String;I)[B >"	"bb49"	[java_type_ref("<Primordial,Ljava/lang/Exception>")]
"< Application, Lpolyglot/visit/InnerTranslator, findMethod(Lpolyglot/types/MethodInstance;Lpolyglot/types/ClassType;)Lpolyglot/types/ParsedClassType; >"	"bb14"	[java_type_ref("<Application,Lpolyglot/types/SemanticException>")]
"< Application, Lpolyglot/visit/ExpressionFlattener, createSimpleAssign(Lpolyglot/ast/Assign;)Lpolyglot/ast/Assign; >"	"bb29"	[java_type_ref("<Application,Lpolyglot/types/SemanticException>")]
"< Application, Lpolyglot/filemanager/ExtFileManager, checkForSource(Ljavax/tools/JavaFileManager$Location;Ljava/lang/String;)Lpolyglot/frontend/FileSource; >"	"bb41"	[java_type_ref("<Primordial,Ljava/io/IOException>")]
"< Application, Lpolyglot/util/SerialVersionUID, generate(Ljava/lang/Class;)J >"	"bb85"	[java_type_ref("<Primordial,Ljava/lang/NoSuchFieldException>")]
"< Application, Lpolyglot/util/Base64, decodeToObject(Ljava/lang/String;ILjava/lang/ClassLoader;)Ljava/lang/Object; >"	"bb20"	[java_type_ref("<Primordial,Ljava/lang/Throwable>")]
"< Application, Lpolyglot/util/Base64, decode(Ljava/lang/String;I)[B >"	"bb46"	[java_type_ref("<Primordial,Ljava/lang/Exception>")]
"< Application, Lpolyglot/ext/jl5/JL5Scheduler, RemoveVarArgsFlags(Lpolyglot/frontend/Job;)Lpolyglot/frontend/goals/Goal; >"	"bb14"	[java_type_ref("<Application,Lpolyglot/frontend/CyclicDependencyException>")]
"< Application, Lppg/spec/PPGSpec, parseChain(Ljava/lang/String;)V >"	"bb67"	[java_type_ref("<Primordial,Ljava/lang/Throwable>")]
"< Application, Ljflex/CUP$LexParse$actions, CUP$LexParse$do_action(ILjava_cup/runtime/lr_parser;Ljava/util/Stack;I)Ljava_cup/runtime/Symbol; >"	"bb2304"	[java_type_ref("<Application,Ljflex/CharClassException>")]
"< Application, Lpolyglot/ext/jl5/types/JL5SubstClassType_c, translateAsReceiver(Lpolyglot/types/Resolver;)Ljava/lang/String; >"	"bb18"	[java_type_ref("<Application,Lpolyglot/types/SemanticException>")]
"< Application, Lpolyglot/ext/jl5/types/reflect/JL5Signature, classTypeSig(Ljava/lang/String;I)Lpolyglot/ext/jl5/types/reflect/JL5Signature$Result; >"	"bb76"	[java_type_ref("<Application,Lpolyglot/types/SemanticException>")]
"< Application, Lpolyglot/frontend/Compiler, compileFiles(Ljava/util/Collection;)Z >"	"bb28"	[java_type_ref("<Primordial,Ljava/io/IOException>")]
