"< Application, Lpolyglot/translate/ext/ArrayAccessToExt_c, <clinit>()V >"
"< Application, Lpolyglot/ext/jl5/parse/Grm, <clinit>()V >"
"< Application, Lpolyglot/translate/ext/SwitchToExt_c, <clinit>()V >"
"< Application, Lpolyglot/ast/AmbTypeNode_c, <clinit>()V >"
"< Application, Lpolyglot/types/NoMemberException, <clinit>()V >"
"< Application, Lpolyglot/ast/Eval_c, <clinit>()V >"
"< Application, Lpolyglot/util/UniqueID, <clinit>()V >"
"< Application, Lpolyglot/ext/jl5/ast/JL5ClassDeclExt, <clinit>()V >"
"< Application, Lpolyglot/ast/AmbReceiver_c, <clinit>()V >"
"< Application, Lpolyglot/qq/QQError, <clinit>()V >"
"< Application, Lpolyglot/ast/Call_c, <clinit>()V >"
"< Application, Ljflex/unicode/data/Unicode_2_0, <clinit>()V >"
"< Application, Ljflex/Options, <clinit>()V >"
"< Application, Lpolyglot/translate/ext/PackageNodeToExt_c, <clinit>()V >"
"< Application, Lpolyglot/ast/JLangToJLDel, <clinit>()V >"
"< Application, Lpolyglot/ast/Throw_c, <clinit>()V >"
"< Application, Lpolyglot/ast/Initializer_c, <clinit>()V >"
"< Application, Lpolyglot/ext/jl5/translate/JL5TypeNodeToExt_c, <clinit>()V >"
"< Application, Lppg/util/Overrun, <clinit>()V >"
"< Application, Lpolyglot/types/NoClassException, <clinit>()V >"
"< Application, Lpolyglot/ext/jl5/ast/JL5ProcedureDeclExt, <clinit>()V >"
"< Application, Lpolyglot/ast/StringLit_c, <clinit>()V >"
"< Application, Lpolyglot/frontend/Source$Kind, <clinit>()V >"
"< Application, Lpolyglot/ext/param/types/MuPClass_c, <clinit>()V >"
"< Application, Lpolyglot/ext/jl5/ast/JL5ClassBodyExt, <clinit>()V >"
"< Application, Lpolyglot/ext/jl7/ast/JL7ThrowExt, <clinit>()V >"
"< Application, Lpolyglot/translate/ext/CallToExt_c, <clinit>()V >"
"< Application, Ljflex/unicode/data/Unicode_5_1, <clinit>()V >"
"< Application, Lpolyglot/ext/jl5/ast/JL5FormalExt, <clinit>()V >"
"< Application, Lpolyglot/types/NullType_c, <clinit>()V >"
"< Application, Lpolyglot/ext/jl5/types/CaptureConvertedWildCardType_c, <clinit>()V >"
"< Application, Lpolyglot/ext/jl5/types/JL5Flags, <clinit>()V >"
"< Application, Lpolyglot/translate/ext/ToExt_c, <clinit>()V >"
"< Application, Lpolyglot/ext/jl5/types/JL5ConstructorInstance_c, <clinit>()V >"
"< Application, Lpolyglot/frontend/Job, <clinit>()V >"
"< Application, Lpolyglot/ast/ArrayInit_c, <clinit>()V >"
"< Application, Lpolyglot/ext/jl7/ast/MultiCatch_c, <clinit>()V >"
"< Application, Lpolyglot/ext/jl5/types/JL5PrimitiveType_c, <clinit>()V >"
"< Application, Lpolyglot/ext/jl5/translate/EnumConstantDeclToExt_c, <clinit>()V >"
"< Application, Lpolyglot/types/FieldInstance_c, <clinit>()V >"
"< Application, Lpolyglot/ext/jl5/translate/ExtendedForToExt_c, <clinit>()V >"
"< Application, Ljava_cup/internal_error, <clinit>()V >"
"< Application, Lpolyglot/ast/LocalDecl_c, <clinit>()V >"
"< Application, Lpolyglot/main/UsageError, <clinit>()V >"
"< Application, Lpolyglot/ast/Loop_c, <clinit>()V >"
"< Application, Lpolyglot/ext/jl5/translate/ElementValuePairArrayInitToExt_c, <clinit>()V >"
"< Application, Lpolyglot/ext/jl5/translate/JL5MethodDeclToExt_c, <clinit>()V >"
"< Application, Lpolyglot/ext/jl5/translate/ParamTypeNodeToExt_c, <clinit>()V >"
"< Application, Lpolyglot/translate/ext/BlockToExt_c, <clinit>()V >"
"< Application, Lpolyglot/ext/jl5/ast/AnnotationElem_c, <clinit>()V >"
"< Application, Lpolyglot/ext/jl5/types/JL5ImportTable, <clinit>()V >"
"< Application, Lpolyglot/ast/ConstructorCall$Kind, <clinit>()V >"
"< Application, Lpolyglot/ast/PackageNode_c, <clinit>()V >"
"< Application, Lpolyglot/translate/ext/LabeledToExt_c, <clinit>()V >"
"< Application, Lpolyglot/translate/ext/InstanceOfToExt_c, <clinit>()V >"
"< Application, Lpolyglot/ast/Special_c, <clinit>()V >"
"< Application, Lpolyglot/translate/ext/SpecialToExt_c, <clinit>()V >"
"< Application, Lpolyglot/ast/ClassDecl_c, <clinit>()V >"
"< Application, Lpolyglot/ext/jl5/translate/EnumDeclToExt_c, <clinit>()V >"
"< Application, Lpolyglot/ext/jl5/ast/JL5LocalDeclExt, <clinit>()V >"
"< Application, Lpolyglot/visit/FlowGraph, <clinit>()V >"
"< Application, Ljflex/unicode/data/Unicode_3_2, <clinit>()V >"
"< Application, Lpolyglot/ext/jl5/types/JL5ArrayType_c, <clinit>()V >"
"< Application, Lpolyglot/ast/SwitchBlock_c, <clinit>()V >"
"< Application, Lpolyglot/qq/Lexer_c, <clinit>()V >"
"< Application, Lpolyglot/ext/jl5/translate/JL5ConstructorDeclToJL_c, <clinit>()V >"
"< Application, Lpolyglot/ast/NumLit_c, <clinit>()V >"
"< Application, Lpolyglot/translate/ext/SourceFileToExt_c, <clinit>()V >"
"< Application, Lpolyglot/translate/ext/CanonicalTypeNodeToExt_c, <clinit>()V >"
"< Application, Lpolyglot/translate/ext/ArrayAccessAssignToExt_c, <clinit>()V >"
"< Application, Lpolyglot/types/ClassType, <clinit>()V >"
"< Application, Lpolyglot/ext/jl7/ast/AmbDiamondTypeNode, <clinit>()V >"
"< Application, Lpolyglot/ast/NewArray_c, <clinit>()V >"
"< Application, Lpolyglot/ast/ConstructorDecl_c, <clinit>()V >"
"< Application, Lpolyglot/translate/ext/ThrowToExt_c, <clinit>()V >"
"< Application, Lpolyglot/translate/ext/FormalToExt_c, <clinit>()V >"
"< Application, Lpolyglot/ast/BooleanLit_c, <clinit>()V >"
"< Application, Lpolyglot/util/SerialVersionUID, <clinit>()V >"
"< Application, Lpolyglot/translate/ext/InitializerToExt_c, <clinit>()V >"
"< Application, Lpolyglot/frontend/Compiler, <clinit>()V >"
"< Application, Lpolyglot/ext/jl7/ast/JL7TryExt, <clinit>()V >"
"< Application, Lpolyglot/ext/jl5/ast/JL5ProcedureCallExt, <clinit>()V >"
"< Application, Lpolyglot/ext/jl7/ast/AmbUnionType, <clinit>()V >"
"< Application, Lpolyglot/ext/jl7/parse/Lexer_c, <clinit>()V >"
"< Application, Ljava_cup/ErrorManager, <clinit>()V >"
"< Application, Lpolyglot/ast/Field_c, <clinit>()V >"
"< Application, Lpolyglot/ext/jl7/ast/JL7Ext, <clinit>()V >"
"< Application, Lpolyglot/ast/Assign_c, <clinit>()V >"
"< Application, Lpolyglot/ast/Import_c, <clinit>()V >"
"< Application, Lpolyglot/ast/Switch_c, <clinit>()V >"
"< Application, Lpolyglot/types/PrimitiveType$Kind, <clinit>()V >"
"< Application, Lpolyglot/ast/Term_c, <clinit>()V >"
"< Application, Lpolyglot/ast/TypeNode$Instance, <clinit>()V >"
"< Application, Lpolyglot/filemanager/ExtFileManager, <clinit>()V >"
"< Application, Lpolyglot/types/reflect/ClassFile_c, <clinit>()V >"
"< Application, Ljava_cup/emit, <clinit>()V >"
"< Application, Lppg/atoms/Production, <clinit>()V >"
"< Application, Lpolyglot/ext/jl5/translate/JL5ConstructorCallToExt_c, <clinit>()V >"
"< Application, Lpolyglot/ext/jl5/types/JL5Context_c, <clinit>()V >"
"< Application, Lpolyglot/ast/JLang_c, <clinit>()V >"
"< Application, Lpolyglot/ext/jl5/types/IntersectionType, <clinit>()V >"
"< Application, Lpolyglot/ext/jl5/ast/JL5Import, <clinit>()V >"
"< Application, Lpolyglot/ext/jl7/ast/JL7ResourceExt, <clinit>()V >"
"< Application, Lpolyglot/ast/SourceCollection_c, <clinit>()V >"
"< Application, Lpolyglot/ext/jl5/translate/JL5FieldDeclToJL_c, <clinit>()V >"
"< Application, Lpolyglot/ext/jl5/ast/JL5SwitchExt, <clinit>()V >"
"< Application, Ljflex/unicode/data/Unicode_5_2, <clinit>()V >"
"< Application, Lpolyglot/types/PlaceHolder_c, <clinit>()V >"
"< Application, Ljflex/unicode/data/Unicode_4_0, <clinit>()V >"
"< Application, Lpolyglot/ast/ArrayAccess_c, <clinit>()V >"
"< Application, Lpolyglot/ext/jl7/ast/JL7ProcedureCallExt, <clinit>()V >"
"< Application, Lppg/PPG, <clinit>()V >"
"< Application, Lpolyglot/ext/jl5/translate/AnnotationToExt_c, <clinit>()V >"
"< Application, Lpolyglot/ext/jl5/types/JL5LocalInstance_c, <clinit>()V >"
"< Application, Lpolyglot/translate/ext/LocalClassDeclToExt_c, <clinit>()V >"
"< Application, Lpolyglot/translate/ext/ForToExt_c, <clinit>()V >"
"< Application, Lpolyglot/ext/jl5/types/JL5ParsedClassType_c, <clinit>()V >"
"< Application, Lpolyglot/ext/jl5/ast/JL5NewExt, <clinit>()V >"
"< Application, Lpolyglot/translate/ext/LocalDeclToExt_c, <clinit>()V >"
"< Application, Lpolyglot/ext/jl5/ast/JL5CaseExt, <clinit>()V >"
"< Application, Lppg/parse/Parser, <clinit>()V >"
"< Application, Lpolyglot/ext/jl5/ast/JL5TermExt, <clinit>()V >"
"< Application, Ljflex/unicode/data/Unicode_2_1, <clinit>()V >"
"< Application, Lpolyglot/ext/jl5/ast/JL5SourceFileExt, <clinit>()V >"
"< Application, Lpolyglot/parse/Grm, <clinit>()V >"
"< Application, Ljflex/unicode/data/Unicode_6_1, <clinit>()V >"
"< Application, Lpolyglot/ast/Branch$Kind, <clinit>()V >"
"< Application, Lpolyglot/visit/FlattenVisitor, <clinit>()V >"
"< Application, Lpolyglot/ext/jl5/types/WildCardType_c, <clinit>()V >"
"< Application, Lpolyglot/translate/ext/IdToExt_c, <clinit>()V >"
"< Application, Lpolyglot/util/OptimalCodeWriter, <clinit>()V >"
"< Application, Lpolyglot/ext/jl5/types/RawClass_c, <clinit>()V >"
"< Application, Lpolyglot/ast/ConstructorCall_c, <clinit>()V >"
"< Application, Lpolyglot/ext/jl5/types/AnnotationElementValueConstant_c, <clinit>()V >"
"< Application, Lpolyglot/ast/If_c, <clinit>()V >"
"< Application, Lpolyglot/visit/CFGBuilder, <clinit>()V >"
"< Application, Lpolyglot/visit/InnerClassRemover, <clinit>()V >"
"< Application, Ljava_cup/terminal_set, <clinit>()V >"
"< Application, Lppg/lex/Lexer, <clinit>()V >"
"< Application, Lpolyglot/ext/jl5/types/JL5RawSubst_c, <clinit>()V >"
"< Application, Lpolyglot/ast/Assert_c, <clinit>()V >"
"< Application, Lpolyglot/ext/jl5/types/EnumInstance_c, <clinit>()V >"
"< Application, Lpolyglot/ast/Precedence, <clinit>()V >"
"< Application, Ljava_cup/parse_reduce_row, <clinit>()V >"
"< Application, Lpolyglot/ext/jl5/translate/ElementValuePairToExt_c, <clinit>()V >"
"< Application, Ljava_cup/parser, <clinit>()V >"
"< Application, Lpolyglot/ext/jl5/ast/JL5CanonicalTypeNodeExt, <clinit>()V >"
"< Application, Lpolyglot/ast/IntLit_c, <clinit>()V >"
"< Application, Lpolyglot/types/Context_c$Kind, <clinit>()V >"
"< Application, Lpolyglot/ext/jl5/translate/EnumConstantToJL_c, <clinit>()V >"
"< Application, Lpolyglot/ext/jl5/ast/JL5ConstructorCallExt, <clinit>()V >"
"< Application, Lpolyglot/ast/Binary$Operator, <clinit>()V >"
"< Application, Lpolyglot/ast/Formal_c, <clinit>()V >"
"< Application, Lpolyglot/translate/ext/CatchToExt_c, <clinit>()V >"
"< Application, Lpolyglot/util/Position, <clinit>()V >"
"< Application, Lpolyglot/ext/jl5/ast/JL5CatchExt, <clinit>()V >"
"< Application, Lpolyglot/types/MemberClassResolver, <clinit>()V >"
"< Application, Lpolyglot/util/CannotResolvePlaceHolderException, <clinit>()V >"
"< Application, Lpolyglot/ast/ClassBody_c, <clinit>()V >"
"< Application, Lpolyglot/ext/jl5/ast/EnumConstantDeclExt, <clinit>()V >"
"< Application, Lpolyglot/translate/ext/FieldAssignToExt_c, <clinit>()V >"
"< Application, Lpolyglot/ast/FloatLit$Kind, <clinit>()V >"
"< Application, Lpolyglot/ext/jl7/types/DiamondType_c, <clinit>()V >"
"< Application, Lpolyglot/types/Flags, <clinit>()V >"
"< Application, Lpolyglot/ast/Id_c, <clinit>()V >"
"< Application, Lpolyglot/ast/LocalClassDecl_c, <clinit>()V >"
"< Application, Lpolyglot/types/VarInstance_c, <clinit>()V >"
"< Application, Ljflex/Skeleton, <clinit>()V >"
"< Application, Lpolyglot/ext/jl7/ast/JL7SwitchExt, <clinit>()V >"
"< Application, Lpolyglot/ast/IntLit, <clinit>()V >"
"< Application, Lppg/parse/ParserError, <clinit>()V >"
"< Application, Lpolyglot/translate/ext/CastToExt_c, <clinit>()V >"
"< Application, Lpolyglot/types/TableResolver, <clinit>()V >"
"< Application, Lpolyglot/ext/jl5/ast/AmbWildCard, <clinit>()V >"
"< Application, Lpolyglot/ext/jl5/types/Annotations_c, <clinit>()V >"
"< Application, Lpolyglot/translate/ext/ConstructorDeclToExt_c, <clinit>()V >"
"< Application, Ljflex/NFA, <clinit>()V >"
"< Application, Lpolyglot/ast/Branch_c, <clinit>()V >"
"< Application, Lpolyglot/ext/jl5/translate/CannotToExt_c, <clinit>()V >"
"< Application, Lpolyglot/ast/FieldAssign_c, <clinit>()V >"
"< Application, Lpolyglot/types/ReferenceType_c, <clinit>()V >"
"< Application, Lpolyglot/util/Enum, <clinit>()V >"
"< Application, Lpolyglot/ext/jl5/ast/JL5FieldExt, <clinit>()V >"
"< Application, Lpolyglot/ast/Return_c, <clinit>()V >"
"< Application, Lpolyglot/types/ArrayType_c, <clinit>()V >"
"< Application, Lpolyglot/ext/jl5/ast/JL5ImportExt, <clinit>()V >"
"< Application, Lpolyglot/translate/ext/UnaryToExt_c, <clinit>()V >"
"< Application, Lpolyglot/visit/DefiniteAssignmentChecker, <clinit>()V >"
"< Application, Ljflex/LexParse, <clinit>()V >"
"< Application, Lpolyglot/util/TypeInputStream, <clinit>()V >"
"< Application, Lpolyglot/ast/AmbAssign_c, <clinit>()V >"
"< Application, Lpolyglot/ext/jl5/CovarRetOutputExtensionInfo$CovarRetMethodInstance_c, <clinit>()V >"
"< Application, Lpolyglot/visit/DefiniteAssignmentChecker$AssignmentStatus, <clinit>()V >"
"< Application, Lpolyglot/ext/jl5/ast/ElementValueArrayInit_c, <clinit>()V >"
"< Application, Lpolyglot/visit/DataFlow, <clinit>()V >"
"< Application, Lpolyglot/ext/jl5/translate/JL5ClassDeclToExt_c, <clinit>()V >"
"< Application, Lpolyglot/translate/ext/ImportToExt_c, <clinit>()V >"
"< Application, Lpolyglot/ast/AbstractExtFactory_c, <clinit>()V >"
"< Application, Lpolyglot/types/UnavailableTypeException, <clinit>()V >"
"< Application, Lpolyglot/ast/Unary, <clinit>()V >"
"< Application, Lpolyglot/types/ImportTable, <clinit>()V >"
"< Application, Lpolyglot/ext/jl5/types/JL5NoMemberException, <clinit>()V >"
"< Application, Lpolyglot/ext/jl5/types/AnnotationElementValueArray_c, <clinit>()V >"
"< Application, Lpolyglot/parse/Lexer_c, <clinit>()V >"
"< Application, Lpolyglot/types/InitializerInstance_c, <clinit>()V >"
"< Application, Lpolyglot/visit/LocalClassRemover$ConstructorCallRewriter, <clinit>()V >"
"< Application, Lpolyglot/ast/Do_c, <clinit>()V >"
"< Application, Lpolyglot/util/Transformation, <clinit>()V >"
"< Application, Lpolyglot/ast/AmbQualifierNode_c, <clinit>()V >"
"< Application, Lpolyglot/ast/Assign$Operator, <clinit>()V >"
"< Application, Lpolyglot/translate/ext/SynchronizedToExt_c, <clinit>()V >"
"< Application, Lpolyglot/frontend/MissingDependencyException, <clinit>()V >"
"< Application, Lpolyglot/ext/jl5/types/AnnotationTypeElemInstance_c, <clinit>()V >"
"< Application, Lpolyglot/ext/jl5/ast/JL5MethodDeclExt, <clinit>()V >"
"< Application, Ljava_cup/non_terminal, <clinit>()V >"
"< Application, Lpolyglot/ext/param/types/PClass_c, <clinit>()V >"
"< Application, Lpolyglot/ast/Local_c, <clinit>()V >"
"< Application, Ljflex/unicode/UnicodeProperties, <clinit>()V >"
"< Application, Lpolyglot/ast/FloatLit_c, <clinit>()V >"
"< Application, Lpolyglot/ast/ArrayAccessAssign_c, <clinit>()V >"
"< Application, Ljflex/ErrorMessages, <clinit>()V >"
"< Application, Lpolyglot/ext/jl5/ast/JL5ClassLitExt, <clinit>()V >"
"< Application, Lpolyglot/ext/jl7/ast/TryWithResources_c, <clinit>()V >"
"< Application, Lpolyglot/translate/ext/EvalToExt_c, <clinit>()V >"
"< Application, Lpolyglot/ast/AbstractBlock_c, <clinit>()V >"
"< Application, Lpolyglot/translate/ext/NewArrayToExt_c, <clinit>()V >"
"< Application, Lpolyglot/ast/Block_c, <clinit>()V >"
"< Application, Lpolyglot/visit/InitChecker$InitCount, <clinit>()V >"
"< Application, Lpolyglot/ast/IntLit$Kind, <clinit>()V >"
"< Application, Ljflex/unicode/data/Unicode_1_1, <clinit>()V >"
"< Application, Lpolyglot/frontend/Scheduler, <clinit>()V >"
"< Application, Lpolyglot/translate/ext/TryToExt_c, <clinit>()V >"
"< Application, Lpolyglot/ext/jl7/ast/JL7NewExt, <clinit>()V >"
"< Application, Lpolyglot/visit/ReachChecker$DataFlowItem, <clinit>()V >"
"< Application, Lpolyglot/ext/jl5/types/TypeVariable$TVarDecl, <clinit>()V >"
"< Application, Lpolyglot/types/ParsedClassType_c, <clinit>()V >"
"< Application, Lpolyglot/ext/jl5/parse/Lexer_c, <clinit>()V >"
"< Application, Lpolyglot/ast/ClassLit_c, <clinit>()V >"
"< Application, Lpolyglot/ext/jl5/ast/JL5LoopExt, <clinit>()V >"
"< Application, Lpolyglot/ast/Binary, <clinit>()V >"
"< Application, Lpolyglot/visit/CFGBuildError, <clinit>()V >"
"< Application, Lpolyglot/ast/LocalAssign_c, <clinit>()V >"
"< Application, Lpolyglot/types/PrimitiveType_c, <clinit>()V >"
"< Application, Lpolyglot/main/Report, <clinit>()V >"
"< Application, Lpolyglot/types/LoadedClassResolver, <clinit>()V >"
"< Application, Lpolyglot/ext/jl5/ast/JL5Ext, <clinit>()V >"
"< Application, Lpolyglot/translate/ext/LocalAssignToExt_c, <clinit>()V >"
"< Application, Lpolyglot/types/Type_c, <clinit>()V >"
"< Application, Lpolyglot/types/SemanticException, <clinit>()V >"
"< Application, Lpolyglot/translate/ext/MethodDeclToExt_c, <clinit>()V >"
"< Application, Lpolyglot/frontend/Topics, <clinit>()V >"
"< Application, Lpolyglot/ast/Assign, <clinit>()V >"
"< Application, Lpolyglot/util/InternalCompilerError, <clinit>()V >"
"< Application, Lpolyglot/ast/Import, <clinit>()V >"
"< Application, Lpolyglot/ext/param/types/Subst_c, <clinit>()V >"
"< Application, Lpolyglot/ext/jl5/translate/JL5MethodDeclToJL_c, <clinit>()V >"
"< Application, Lpolyglot/translate/ext/DoToExt_c, <clinit>()V >"
"< Application, Ljflex/gui/GeneratorThread, <clinit>()V >"
"< Application, Ljava_cup/production, <clinit>()V >"
"< Application, Lpolyglot/ast/NodeFactory_c, <clinit>()V >"
"< Application, Lpolyglot/ext/jl5/types/JL5SubstClassType_c, <clinit>()V >"
"< Application, Lpolyglot/ext/jl5/ast/JL5SpecialExt, <clinit>()V >"
"< Application, Lpolyglot/translate/ext/ConditionalToExt_c, <clinit>()V >"
"< Application, Lpolyglot/translate/ext/WhileToExt_c, <clinit>()V >"
"< Application, Lpolyglot/ext/jl5/ast/ParamTypeNode_c, <clinit>()V >"
"< Application, Lpolyglot/types/MethodInstance_c, <clinit>()V >"
"< Application, Lpolyglot/ext/jl5/ast/JL5AssertExt, <clinit>()V >"
"< Application, Lpolyglot/ext/jl7/ast/JL7CaseExt, <clinit>()V >"
"< Application, Lpolyglot/ext/jl5/types/JL5MethodInstance_c, <clinit>()V >"
"< Application, Lpolyglot/ext/jl5/ast/JL5EnumDeclExt, <clinit>()V >"
"< Application, Lpolyglot/ext/jl5/types/inference/LubType_c, <clinit>()V >"
"< Application, Lpolyglot/ast/JLDel_c, <clinit>()V >"
"< Application, Lpolyglot/ast/Instanceof_c, <clinit>()V >"
"< Application, Lpolyglot/types/ClassType_c, <clinit>()V >"
"< Application, Lpolyglot/ext/jl5/translate/JL5FormalToExt_c, <clinit>()V >"
"< Application, Lpolyglot/ext/jl5/types/AnnotationElementValueAnnotation_c, <clinit>()V >"
"< Application, Lpolyglot/main/UnhandledArgument, <clinit>()V >"
"< Application, Lpolyglot/ast/Unary_c, <clinit>()V >"
"< Application, Lpolyglot/util/Assert$AssertionFailedError, <clinit>()V >"
"< Application, Lpolyglot/ext/jl5/types/JL5ClassType_c, <clinit>()V >"
"< Application, Lpolyglot/ast/Synchronized_c, <clinit>()V >"
"< Application, Lpolyglot/ext/jl5/types/JL5Subst_c, <clinit>()V >"
"< Application, Lpolyglot/ext/jl5/ast/JL5BinaryExt, <clinit>()V >"
"< Application, Lpolyglot/ast/AmbExpr_c, <clinit>()V >"
"< Application, Lpolyglot/ext/jl5/ast/EnumConstantDecl_c, <clinit>()V >"
"< Application, Lpolyglot/translate/ext/NewToExt_c, <clinit>()V >"
"< Application, Lpolyglot/translate/ext/FieldDeclToExt_c, <clinit>()V >"
"< Application, Lpolyglot/frontend/CyclicDependencyException, <clinit>()V >"
"< Application, Lpolyglot/translate/ext/ClassDeclToExt_c, <clinit>()V >"
"< Application, Lpolyglot/main/Options, <clinit>()V >"
"< Application, Ljflex/unicode/data/Unicode_6_2, <clinit>()V >"
"< Application, Lpolyglot/ext/jl5/translate/JL5FieldDeclToExt_c, <clinit>()V >"
"< Application, Lpolyglot/ext/jl5/types/IntersectionType_c, <clinit>()V >"
"< Application, Lpolyglot/ast/FieldDecl_c, <clinit>()V >"
"< Application, Lpolyglot/translate/ext/AssertToExt_c, <clinit>()V >"
"< Application, Lpolyglot/ast/Try_c, <clinit>()V >"
"< Application, Lpolyglot/ast/While_c, <clinit>()V >"
"< Application, Lpolyglot/ast/CanonicalTypeNode_c, <clinit>()V >"
"< Application, Lpolyglot/ext/jl5/ast/JL5NewArrayExt, <clinit>()V >"
"< Application, Lpolyglot/ext/jl5/ast/AmbTypeInstantiation, <clinit>()V >"
"< Application, Lpolyglot/util/Base64, <clinit>()V >"
"< Application, Lpolyglot/ext/param/types/SubstClassType_c, <clinit>()V >"
"< Application, Lpolyglot/frontend/SchedulerException, <clinit>()V >"
"< Application, Lpolyglot/types/reflect/ClassFileLazyClassInitializer, <clinit>()V >"
"< Application, Lpolyglot/ext/jl5/translate/JL5CallToExt_c, <clinit>()V >"
"< Application, Lpolyglot/main/Main$TerminationException, <clinit>()V >"
"< Application, Lpolyglot/ast/CharLit_c, <clinit>()V >"
"< Application, Lpolyglot/translate/ext/LocalToExt_c, <clinit>()V >"
"< Application, Lpolyglot/ext/jl5/translate/JL5LocalDeclToJL_c, <clinit>()V >"
"< Application, Lpolyglot/ext/jl5/types/JL5FieldInstance_c, <clinit>()V >"
"< Application, Lpolyglot/types/PrimitiveType, <clinit>()V >"
"< Application, Lpolyglot/ast/Node_c, <clinit>()V >"
"< Application, Lpolyglot/util/Overrun, <clinit>()V >"
"< Application, Lpolyglot/ast/Empty_c, <clinit>()V >"
"< Application, Lpolyglot/ext/jl5/ast/JL5AssignExt, <clinit>()V >"
"< Application, Lpolyglot/ast/Term$Instance, <clinit>()V >"
"< Application, Ljflex/unicode/data/Unicode_6_0, <clinit>()V >"
"< Application, Lpolyglot/util/ErrorInfo, <clinit>()V >"
"< Application, Lpolyglot/types/ConstructorInstance_c, <clinit>()V >"
"< Application, Lpolyglot/translate/ext/ReturnToExt_c, <clinit>()V >"
"< Application, Lpolyglot/types/BadSerializationException, <clinit>()V >"
"< Application, Ljava_cup/lalr_state, <clinit>()V >"
"< Application, Lpolyglot/types/ClassContextResolver, <clinit>()V >"
"< Application, Lpolyglot/types/Flags$FlagComparator, <clinit>()V >"
"< Application, Ljflex/unicode/data/Unicode_4_1, <clinit>()V >"
"< Application, Lpolyglot/translate/ext/ClassBodyToExt_c, <clinit>()V >"
"< Application, Lpolyglot/ext/jl5/types/UnknownReferenceType_c, <clinit>()V >"
"< Application, Lpolyglot/types/UnknownPackage_c, <clinit>()V >"
"< Application, Lpolyglot/ast/Binary_c, <clinit>()V >"
"< Application, Lpolyglot/ext/param/Topics, <clinit>()V >"
"< Application, Ljava_cup/Main, <clinit>()V >"
"< Application, Ljava_cup/terminal, <clinit>()V >"
"< Application, Lpolyglot/ext/jl5/ast/JL5AnnotatedElementExt, <clinit>()V >"
"< Application, Lpolyglot/types/LocalInstance_c, <clinit>()V >"
"< Application, Lpolyglot/ext/param/ExtensionInfo, <clinit>()V >"
"< Application, Lpolyglot/ext/jl5/translate/JL5ClassDeclToJL_c, <clinit>()V >"
"< Application, Lpolyglot/translate/ext/ArrayInitToExt_c, <clinit>()V >"
"< Application, Lpolyglot/ast/Import$Kind, <clinit>()V >"
"< Application, Lpolyglot/ast/Branch, <clinit>()V >"
"< Application, Ljava_cup/Lexer, <clinit>()V >"
"< Application, Ljflex/LexScan, <clinit>()V >"
"< Application, Lpolyglot/ext/jl7/ast/J7Lang_c, <clinit>()V >"
"< Application, Lpolyglot/qq/Grm, <clinit>()V >"
"< Application, Lpolyglot/translate/ext/FieldToExt_c, <clinit>()V >"
"< Application, Lpolyglot/ext/jl5/ast/AnnotationElemDecl_c, <clinit>()V >"
"< Application, Lpolyglot/ast/Special$Kind, <clinit>()V >"
"< Application, Lpolyglot/ext/jl5/translate/JL5LocalDeclToExt_c, <clinit>()V >"
"< Application, Lpolyglot/ast/FloatLit, <clinit>()V >"
"< Application, Lppg/lex/LexicalError, <clinit>()V >"
"< Application, Lpolyglot/ext/jl5/translate/EnumConstantToExt_c, <clinit>()V >"
"< Application, Lpolyglot/ext/jl5/translate/JL5FormalToJL_c, <clinit>()V >"
"< Application, Lpolyglot/ast/ArrayTypeNode_c, <clinit>()V >"
"< Application, Lpolyglot/ext/jl7/parse/Grm, <clinit>()V >"
"< Application, Lpolyglot/ast/Case_c, <clinit>()V >"
"< Application, Lpolyglot/ext/jl5/ast/J5Lang_c, <clinit>()V >"
"< Application, Ljflex/StateSet, <clinit>()V >"
"< Application, Lpolyglot/types/ProcedureInstance_c, <clinit>()V >"
"< Application, Lpolyglot/ast/ConstructorCall, <clinit>()V >"
"< Application, Lpolyglot/ext/jl5/ast/JL5ConditionalExt, <clinit>()V >"
"< Application, Lpolyglot/ext/jl5/qq/Grm, <clinit>()V >"
"< Application, Lpolyglot/ext/jl5/ast/JL5ExprExt, <clinit>()V >"
"< Application, Lpolyglot/translate/ext/BranchToExt_c, <clinit>()V >"
"< Application, Ljflex/unicode/data/Unicode_3_1, <clinit>()V >"
"< Application, Lpolyglot/ast/Special, <clinit>()V >"
"< Application, Lpolyglot/ast/New_c, <clinit>()V >"
"< Application, Ljflex/unicode/data/Unicode_3_0, <clinit>()V >"
"< Application, Lpolyglot/ext/jl5/ast/JL5UnaryExt, <clinit>()V >"
"< Application, Lpolyglot/ast/Stmt_c, <clinit>()V >"
"< Application, Lpolyglot/ext/jl5/ast/JL5FieldDeclExt, <clinit>()V >"
"< Application, Lpolyglot/ext/jl5/ast/JL5ConstructorDeclExt, <clinit>()V >"
"< Application, Ljflex/unicode/data/Unicode_5_0, <clinit>()V >"
"< Application, Lpolyglot/ast/Labeled_c, <clinit>()V >"
"< Application, Lpolyglot/ast/Catch_c, <clinit>()V >"
"< Application, Lpolyglot/ext/jl5/ast/EnumConstant_c, <clinit>()V >"
"< Application, Lpolyglot/ast/Loop$Instance, <clinit>()V >"
"< Application, Lpolyglot/ext/jl5/translate/JL5TypeNodeToJL_c, <clinit>()V >"
"< Application, Lpolyglot/ast/ProcedureDecl_c, <clinit>()V >"
"< Application, Lpolyglot/types/ClassType$Kind, <clinit>()V >"
"< Application, Lpolyglot/ast/Conditional_c, <clinit>()V >"
"< Application, Lpolyglot/ast/AmbPrefix_c, <clinit>()V >"
"< Application, Lpolyglot/translate/ext/BinaryToExt_c, <clinit>()V >"
"< Application, Lppg/PPGError, <clinit>()V >"
"< Application, Lpolyglot/ext/jl5/Topics, <clinit>()V >"
"< Application, Lpolyglot/util/typedump/TypeDumper, <clinit>()V >"
"< Application, Ljflex/Out, <clinit>()V >"
"< Application, Lpolyglot/translate/ext/LitToExt_c, <clinit>()V >"
"< Application, Lpolyglot/frontend/ParserlessJLExtensionInfo, <clinit>()V >"
"< Application, Lpolyglot/types/Context_c, <clinit>()V >"
"< Application, Lpolyglot/types/TypeObject_c, <clinit>()V >"
"< Application, Lpolyglot/translate/ext/EmptyToExt_c, <clinit>()V >"
"< Application, Lpolyglot/ext/jl5/types/JL5NullType_c, <clinit>()V >"
"< Application, Lpolyglot/ext/jl5/translate/JL5ConstructorDeclToExt_c, <clinit>()V >"
"< Application, Lpolyglot/types/Package_c, <clinit>()V >"
"< Application, Lpolyglot/translate/ext/CaseToExt_c, <clinit>()V >"
"< Application, Lpolyglot/translate/ext/IfToExt_c, <clinit>()V >"
"< Application, Lpolyglot/ast/Lit_c, <clinit>()V >"
"< Application, Lppg/lex/Token, <clinit>()V >"
"< Application, Lpolyglot/main/Main, <clinit>()V >"
"< Application, Lpolyglot/visit/InitChecker, <clinit>()V >"
"< Application, Lpolyglot/ext/jl5/ast/JL5CallExt, <clinit>()V >"
"< Application, Lpolyglot/visit/ExitChecker$DataFlowItem, <clinit>()V >"
"< Application, Lpolyglot/util/NilMap, <clinit>()V >"
"< Application, Ljflex/unicode/data/Unicode_6_3, <clinit>()V >"
"< Application, Lpolyglot/ast/Unary$Operator, <clinit>()V >"
"< Application, Lpolyglot/ast/Cast_c, <clinit>()V >"
"< Application, Lpolyglot/ast/Expr_c, <clinit>()V >"
"< Application, Lpolyglot/ext/jl5/types/TypeVariable_c, <clinit>()V >"
"< Application, Lpolyglot/ast/Ext_c, <clinit>()V >"
"< Application, Lpolyglot/ast/MethodDecl_c, <clinit>()V >"
"< Application, Lpolyglot/ext/jl5/ast/ElementValuePair_c, <clinit>()V >"
"< Application, Ljava_cup/parse_action_row, <clinit>()V >"
"< Application, Lpolyglot/ext/jl5/types/inference/LubType, <clinit>()V >"
"< Application, Lpolyglot/main/OptFlag$Kind, <clinit>()V >"
"< Application, Lpolyglot/types/UnknownQualifier_c, <clinit>()V >"
"< Application, Lpolyglot/types/CachingResolver, <clinit>()V >"
"< Application, Lpolyglot/ast/SourceFile_c, <clinit>()V >"
"< Application, Lpolyglot/translate/ext/ConstructorCallToExt_c, <clinit>()V >"
"< Application, Lpolyglot/types/UnknownType_c, <clinit>()V >"
"< Application, Lpolyglot/types/SystemResolver, <clinit>()V >"
"< Application, Lpolyglot/ast/TypeNode_c, <clinit>()V >"
"< Application, Lpolyglot/ast/NullLit_c, <clinit>()V >"
"< Application, Lpolyglot/ext/jl5/ast/ExtendedFor_c, <clinit>()V >"
"< Application, Lpolyglot/ext/jl5/types/UnknownTypeVariable_c, <clinit>()V >"
"< Application, Lpolyglot/translate/ext/SwitchBlockToExt_c, <clinit>()V >"
"< Application, Lpolyglot/types/SourceLoadException, <clinit>()V >"
"< Application, Lpolyglot/ast/For_c, <clinit>()V >"
"< Application, Lpolyglot/util/ErrorLimitError, <clinit>()V >"
