"< Application, Lpolyglot/ast/Unary_c, constantValue(Lpolyglot/ast/Lang;)Ljava/lang/Object; >"	96	109	java_unary_neg	45
"< Application, Ljava_cup/Main, timestr(JJ)Ljava/lang/String; >"	5	9	java_unary_neg	1
"< Application, Ljava_cup/runtime/lr_parser, parse_lookahead(Z)V >"	78	93	java_unary_neg	46
"< Application, Ljava_cup/runtime/lr_parser, parse_lookahead(Z)V >"	62	77	java_unary_neg	46
"< Application, Lpolyglot/ast/Unary_c, constantValue(Lpolyglot/ast/Lang;)Ljava/lang/Object; >"	144	93	java_unary_neg	65
"< Application, Ljava_cup/emit, do_action_table(Ljava/io/PrintWriter;Ljava_cup/parse_action_table;ZI)V >"	81	74	java_unary_neg	73
"< Application, Ljava_cup/runtime/lr_parser, debug_parse()Ljava_cup/runtime/Symbol; >"	84	94	java_unary_neg	52
"< Application, Ljava_cup/runtime/lr_parser, parse()Ljava_cup/runtime/Symbol; >"	62	63	java_unary_neg	38
"< Application, Lpolyglot/ast/Unary_c, constantValue(Lpolyglot/ast/Lang;)Ljava/lang/Object; >"	48	126	java_unary_neg	27
"< Application, Ljava_cup/runtime/lr_parser, try_parse_ahead(Z)Z >"	35	44	java_unary_neg	13
"< Application, Ljava_cup/runtime/lr_parser, try_parse_ahead(Z)Z >"	27	39	java_unary_neg	13
"< Application, Lpolyglot/ast/Unary_c, constantValue(Lpolyglot/ast/Lang;)Ljava/lang/Object; >"	120	101	java_unary_neg	55
"< Application, Lpolyglot/ast/Unary_c, constantValue(Lpolyglot/ast/Lang;)Ljava/lang/Object; >"	72	117	java_unary_neg	35
"< Application, Ljava_cup/runtime/lr_parser, debug_parse()Ljava_cup/runtime/Symbol; >"	80	90	java_unary_neg	52
"< Application, Ljava_cup/runtime/lr_parser, parse()Ljava_cup/runtime/Symbol; >"	51	51	java_unary_neg	38
"< Application, Ljava_cup/runtime/lr_parser, parse_lookahead(Z)V >"	68	84	java_unary_neg	46
"< Application, Lpolyglot/ast/Unary_c, constantValue(Lpolyglot/ast/Lang;)Ljava/lang/Object; >"	31	131	java_unary_neg	19
"< Application, Ljava_cup/emit, do_action_table(Ljava/io/PrintWriter;Ljava_cup/parse_action_table;ZI)V >"	47	54	java_unary_neg	53
"< Application, Ljava_cup/runtime/lr_parser, try_parse_ahead(Z)Z >"	40	49	java_unary_neg	13
"< Application, Ljava_cup/runtime/lr_parser, debug_parse()Ljava_cup/runtime/Symbol; >"	75	85	java_unary_neg	52
"< Application, Ljava_cup/runtime/lr_parser, debug_parse()Ljava_cup/runtime/Symbol; >"	69	78	java_unary_neg	52
"< Application, Lpolyglot/ast/Unary_c, constantValue(Lpolyglot/ast/Lang;)Ljava/lang/Object; >"	168	84	java_unary_neg	75
"< Application, Ljava_cup/runtime/lr_parser, parse_lookahead(Z)V >"	73	89	java_unary_neg	46
"< Application, Ljava_cup/runtime/lr_parser, parse()Ljava_cup/runtime/Symbol; >"	57	58	java_unary_neg	38
