"< Application, Ljflex/StateSetEnumerator, advance()V >"	18	21	java_comparison_cmp	20	13
"< Application, Ljflex/CharSetEnumerator, <init>(Ljflex/CharSet;)V >"	32	32	java_comparison_cmp	31	14
"< Application, Lpolyglot/types/PrimitiveType_c, numericConversionValidImpl(Ljava/lang/Object;)Z >"	55	30	java_comparison_cmp	29	17
"< Application, Ljava_cup/Main, show_times()V >"	72	100	java_comparison_cmp	99	60
"< Application, Ljflex/Timer, toString()Ljava/lang/String; >"	39	23	java_comparison_cmp	12	19
"< Application, Lpolyglot/ast/Binary_c, constantValue(Lpolyglot/ast/Lang;)Ljava/lang/Object; >"	122	406	java_comparison_cmpl	360	363
"< Application, Lpolyglot/ast/Binary_c, constantValue(Lpolyglot/ast/Lang;)Ljava/lang/Object; >"	229	335	java_comparison_cmpl	293	296
"< Application, Ljava_cup/Main, show_times()V >"	157	200	java_comparison_cmp	199	60
"< Application, Ljava_cup/Main, show_times()V >"	41	61	java_comparison_cmp	59	60
"< Application, Ljava_cup/Main, timestr(JJ)Ljava/lang/String; >"	15	18	java_comparison_cmp	13	11
"< Application, Lpolyglot/ext/jl5/parse/Lexer_c, double_lit(Ljava/lang/String;)Lpolyglot/lex/Token; >"	22	32	java_comparison_cmpl	30	31
"< Application, Lpolyglot/ast/Binary_c, constantValue(Lpolyglot/ast/Lang;)Ljava/lang/Object; >"	149	394	java_comparison_cmpg	360	363
"< Application, Lpolyglot/ast/IntLit_c, precedence()Lpolyglot/ast/Precedence; >"	1	5	java_comparison_cmp	3	4
"< Application, Ljflex/CharSet, isElement(I)Z >"	10	16	java_comparison_cmp	14	15
"< Application, Lpolyglot/ast/Binary_c, constantValue(Lpolyglot/ast/Lang;)Ljava/lang/Object; >"	131	402	java_comparison_cmpl	360	363
"< Application, Lpolyglot/types/reflect/ClassFile_c, readAttributes(Ljava/io/DataInputStream;)V >"	19	24	java_comparison_cmp	22	23
"< Application, Lpolyglot/visit/NodeScrambler, coinFlip()Z >"	5	9	java_comparison_cmpl	7	8
"< Application, Ljflex/StateSetEnumerator, reset(Ljflex/StateSet;)V >"	12	14	java_comparison_cmp	12	13
"< Application, Ljava_cup/Main, show_times()V >"	143	182	java_comparison_cmp	181	60
"< Application, Lpolyglot/ast/CharLit_c, value(Lpolyglot/ast/CharLit_c;C)Lpolyglot/ast/CharLit_c; >"	2	7	java_comparison_cmp	5	6
"< Application, Ljava_cup/Main, show_times()V >"	58	82	java_comparison_cmp	81	60
"< Application, Ljava_cup/Main, show_times()V >"	75	102	java_comparison_cmp	101	60
"< Application, Ljava_cup/Main, show_times()V >"	222	284	java_comparison_cmp	283	60
"< Application, Ljflex/CharSetEnumerator, advance()V >"	14	17	java_comparison_cmp	15	16
"< Application, Ljava_cup/Main, show_times()V >"	210	268	java_comparison_cmp	267	60
"< Application, Lpolyglot/ast/FloatLit_c, precedence()Lpolyglot/ast/Precedence; >"	1	5	java_comparison_cmpg	3	4
"< Application, Lpolyglot/ast/Binary_c, constantValue(Lpolyglot/ast/Lang;)Ljava/lang/Object; >"	350	260	java_comparison_cmp	199	202
"< Application, Ljava_cup/Main, show_times()V >"	123	160	java_comparison_cmp	159	60
"< Application, Lpolyglot/ast/Binary_c, constantValue(Lpolyglot/ast/Lang;)Ljava/lang/Object; >"	247	327	java_comparison_cmpg	293	296
"< Application, Lpolyglot/types/reflect/Field, initialize()V >"	44	51	java_comparison_cmp	49	50
"< Application, Lpolyglot/ast/Case_c, value(Lpolyglot/ast/Case_c;J)Lpolyglot/ast/Case_c; >"	1	6	java_comparison_cmp	5	3
"< Application, Lpolyglot/ext/jl5/types/JL5TypeSystem_c, findEnumConstant(Lpolyglot/types/ReferenceType;J)Lpolyglot/ext/jl5/types/EnumInstance; >"	18	22	java_comparison_cmp	21	3
"< Application, Lpolyglot/ext/jl5/types/reflect/JL5Field, initialize()V >"	77	84	java_comparison_cmp	82	83
"< Application, Ljflex/StateSetEnumerator, advance()V >"	26	26	java_comparison_cmp	25	13
"< Application, Ljava_cup/Main, show_times()V >"	92	122	java_comparison_cmp	121	60
"< Application, Lpolyglot/types/PrimitiveType_c, numericConversionValidImpl(Ljava/lang/Object;)Z >"	57	32	java_comparison_cmp	17	31
"< Application, Ljflex/StateSet, equals(Ljava/lang/Object;)Z >"	41	22	java_comparison_cmp	20	21
"< Application, Lpolyglot/qq/Lexer_c, float_lit(Ljava/lang/String;)Lpolyglot/lex/Token; >"	17	26	java_comparison_cmpl	24	25
"< Application, Ljava_cup/Main, timestr(JJ)Ljava/lang/String; >"	0	5	java_comparison_cmp	1	4
"< Application, Lpolyglot/ast/Binary_c, constantValue(Lpolyglot/ast/Lang;)Ljava/lang/Object; >"	395	240	java_comparison_cmp	199	202
"< Application, Lpolyglot/ext/jl5/ast/EnumConstantDecl_c, ordinal(Lpolyglot/ext/jl5/ast/EnumConstantDecl_c;J)Lpolyglot/ext/jl5/ast/EnumConstantDecl_c; >"	1	6	java_comparison_cmp	5	3
"< Application, Lpolyglot/types/PrimitiveType_c, numericConversionValidImpl(Ljava/lang/Object;)Z >"	30	48	java_comparison_cmp	17	47
"< Application, Ljflex/StateSet, containsSet(Ljflex/StateSet;)Z >"	25	27	java_comparison_cmp	25	26
"< Application, Lpolyglot/types/PrimitiveType_c, numericConversionValidImpl(Ljava/lang/Object;)Z >"	28	46	java_comparison_cmp	45	17
"< Application, Ljava_cup/Main, show_times()V >"	160	202	java_comparison_cmp	201	60
"< Application, Ljflex/CharSet, add(I)V >"	7	15	java_comparison_cmp	13	14
"< Application, Ljflex/Timer, toString()Ljava/lang/String; >"	9	20	java_comparison_cmp	18	19
"< Application, Lpolyglot/ext/jl5/types/reflect/JL5Method, initialize()V >"	82	90	java_comparison_cmp	88	89
"< Application, Ljava_cup/Main, show_times()V >"	174	220	java_comparison_cmp	219	60
"< Application, Lpolyglot/util/Base64, decodeFromFile(Ljava/lang/String;)[B >"	3	10	java_comparison_cmp	8	9
"< Application, Lpolyglot/ast/IntLit_c, positiveToString()Ljava/lang/String; >"	7	33	java_comparison_cmp	31	32
"< Application, Lpolyglot/types/PrimitiveType_c, numericConversionValidImpl(Ljava/lang/Object;)Z >"	46	36	java_comparison_cmp	35	17
"< Application, Ljava_cup/Main, timestr(JJ)Ljava/lang/String; >"	12	17	java_comparison_cmp	13	16
"< Application, Ljflex/StateSet, equals(Ljava/lang/Object;)Z >"	22	34	java_comparison_cmp	33	21
"< Application, Lpolyglot/ast/Binary_c, constantValue(Lpolyglot/ast/Lang;)Ljava/lang/Object; >"	167	386	java_comparison_cmpl	360	363
"< Application, Lpolyglot/ext/jl7/parse/Lexer_c, double_lit(Ljava/lang/String;)Lpolyglot/lex/Token; >"	23	34	java_comparison_cmpl	32	33
"< Application, Lpolyglot/ast/Binary_c, constantValue(Lpolyglot/ast/Lang;)Ljava/lang/Object; >"	238	331	java_comparison_cmpg	293	296
"< Application, Ljava_cup/Main, show_times()V >"	109	142	java_comparison_cmp	141	60
"< Application, Lpolyglot/types/SourceClassResolver, find(Ljava/lang/String;)Lpolyglot/types/Named; >"	120	169	java_comparison_cmp	158	160
"< Application, Lpolyglot/ast/Binary_c, constantValue(Lpolyglot/ast/Lang;)Ljava/lang/Object; >"	220	339	java_comparison_cmpl	293	296
"< Application, Ljava_cup/Main, show_times()V >"	89	120	java_comparison_cmp	119	60
"< Application, Ljflex/CharSetEnumerator, advance()V >"	30	30	java_comparison_cmp	29	16
"< Application, Lpolyglot/ast/Binary_c, constantValue(Lpolyglot/ast/Lang;)Ljava/lang/Object; >"	256	323	java_comparison_cmpl	293	296
"< Application, Ljava_cup/Main, show_times()V >"	234	300	java_comparison_cmp	299	60
"< Application, Ljflex/StateSet, isElement(I)Z >"	10	16	java_comparison_cmp	14	15
"< Application, Ljflex/StateSet, containsSet(Ljflex/StateSet;)Z >"	14	18	java_comparison_cmp	15	17
"< Application, Lpolyglot/ast/Binary_c, constantValue(Lpolyglot/ast/Lang;)Ljava/lang/Object; >"	140	398	java_comparison_cmpg	360	363
"< Application, Lpolyglot/parse/Lexer_c, double_lit(Ljava/lang/String;)Lpolyglot/lex/Token; >"	22	32	java_comparison_cmpl	30	31
"< Application, Ljava_cup/Main, timestr(JJ)Ljava/lang/String; >"	9	15	java_comparison_cmp	13	14
"< Application, Ljava_cup/Main, show_times()V >"	186	236	java_comparison_cmp	235	60
"< Application, Lpolyglot/types/PrimitiveType_c, numericConversionValidImpl(Ljava/lang/Object;)Z >"	39	43	java_comparison_cmp	17	42
"< Application, Lpolyglot/ast/Binary_c, constantValue(Lpolyglot/ast/Lang;)Ljava/lang/Object; >"	158	390	java_comparison_cmpl	360	363
"< Application, Lpolyglot/ast/Binary_c, constantValue(Lpolyglot/ast/Lang;)Ljava/lang/Object; >"	265	319	java_comparison_cmpl	293	296
"< Application, Lpolyglot/types/PrimitiveType_c, numericConversionValidImpl(Ljava/lang/Object;)Z >"	48	38	java_comparison_cmp	17	37
"< Application, Ljflex/StateSet, getAndRemoveElement()I >"	11	15	java_comparison_cmp	14	7
"< Application, Ljflex/CharSetEnumerator, <init>(Ljflex/CharSet;)V >"	12	15	java_comparison_cmp	13	14
"< Application, Ljflex/StateSetEnumerator, reset(Ljflex/StateSet;)V >"	30	28	java_comparison_cmp	27	13
"< Application, Lpolyglot/types/PrimitiveType_c, numericConversionValidImpl(Ljava/lang/Object;)Z >"	37	41	java_comparison_cmp	40	17
"< Application, Ljava_cup/Main, show_times()V >"	126	162	java_comparison_cmp	161	60
"< Application, Lpolyglot/ext/jl7/parse/Lexer_c, float_lit(Ljava/lang/String;)Lpolyglot/lex/Token; >"	23	34	java_comparison_cmpl	32	33
"< Application, Lpolyglot/qq/Lexer_c, double_lit(Ljava/lang/String;)Lpolyglot/lex/Token; >"	17	26	java_comparison_cmpl	24	25
"< Application, Lpolyglot/ast/Binary_c, constantValue(Lpolyglot/ast/Lang;)Ljava/lang/Object; >"	359	256	java_comparison_cmp	199	202
"< Application, Lpolyglot/ast/FloatLit_c, value(Lpolyglot/ast/FloatLit_c;D)Lpolyglot/ast/FloatLit_c; >"	1	6	java_comparison_cmpl	5	3
"< Application, Ljflex/StateSetEnumerator, advance()V >"	10	14	java_comparison_cmp	12	13
"< Application, Lpolyglot/ast/IntLit_c, boundary()Z >"	10	12	java_comparison_cmp	10	11
"< Application, Ljflex/StateSet, hashCode()I >"	7	12	java_comparison_cmp	10	11
"< Application, Lpolyglot/parse/Lexer_c, float_lit(Ljava/lang/String;)Lpolyglot/lex/Token; >"	22	32	java_comparison_cmpl	30	31
"< Application, Ljflex/StateSet, equals(Ljava/lang/Object;)Z >"	12	28	java_comparison_cmp	25	27
"< Application, Ljflex/StateSet, equals(Ljava/lang/Object;)Z >"	31	14	java_comparison_cmp	11	13
"< Application, Ljflex/CharSetEnumerator, advance()V >"	48	43	java_comparison_cmp	42	16
"< Application, Lpolyglot/ext/jl5/parse/Lexer_c, float_lit(Ljava/lang/String;)Lpolyglot/lex/Token; >"	22	32	java_comparison_cmpl	30	31
"< Application, Ljflex/Timer, toString()Ljava/lang/String; >"	51	24	java_comparison_cmp	9	19
"< Application, Ljflex/Timer, toString()Ljava/lang/String; >"	25	22	java_comparison_cmp	16	19
"< Application, Ljflex/StateSet, containsElements()Z >"	5	8	java_comparison_cmp	6	7
"< Application, Ljava_cup/Main, show_times()V >"	55	80	java_comparison_cmp	79	60
"< Application, Ljava_cup/Main, show_times()V >"	106	140	java_comparison_cmp	139	60
"< Application, Ljava_cup/Main, show_times()V >"	198	252	java_comparison_cmp	251	60
"< Application, Ljflex/StateSet, getAndRemoveElement()I >"	3	8	java_comparison_cmp	6	7
"< Application, Lpolyglot/ast/Binary_c, constantValue(Lpolyglot/ast/Lang;)Ljava/lang/Object; >"	386	244	java_comparison_cmp	199	202
"< Application, Ljava_cup/Main, show_times()V >"	140	180	java_comparison_cmp	179	60
"< Application, Lpolyglot/ast/Binary_c, constantValue(Lpolyglot/ast/Lang;)Ljava/lang/Object; >"	368	252	java_comparison_cmp	199	202
"< Application, Lpolyglot/ast/Binary_c, constantValue(Lpolyglot/ast/Lang;)Ljava/lang/Object; >"	377	248	java_comparison_cmp	199	202
"< Application, Lpolyglot/ast/IntLit_c, value(Lpolyglot/ast/IntLit_c;J)Lpolyglot/ast/IntLit_c; >"	1	6	java_comparison_cmp	5	3
"< Application, Lpolyglot/types/reflect/Method, initialize()V >"	45	52	java_comparison_cmp	50	51
