"< Application, Lpolyglot/util/Base64, decode([BIII)[B >"	46	27	1	38
"< Application, Ljava_cup/lalr_state, fix_with_precedence(Ljava_cup/production;ILjava_cup/parse_action_row;Ljava_cup/parse_action;)Z >"	25	49	48	3
"< Application, Ljava_cup/runtime/lr_parser, get_action(II)S >"	11	38	6	33
"< Application, Lpolyglot/ext/jl5/types/reflect/JL5ClassFileLazyClassInitializer, initAnnotationElems()V >"	22	27	7	58
"< Application, Ljflex/Emitter, emitTransitionTable()V >"	12	18	17	22
"< Application, Ljflex/StateSet, containsElements()Z >"	4	6	3	11
"< Application, Lppg/lex/Lexer, zzScanError(I)V >"	1	5	4	2
"< Application, Ljflex/LexScan, main([Ljava/lang/String;)V >"	44	52	1	93
"< Application, Ljava_cup/Main, parse_args([Ljava/lang/String;)V >"	43	46	1	42
"< Application, Ljava_cup/parse_action_table, check_reductions()V >"	7	9	8	25
"< Application, Ljava_cup/Main, parse_args([Ljava/lang/String;)V >"	219	202	1	227
"< Application, Lppg/PPG, main([Ljava/lang/String;)V >"	18	18	1	30
"< Application, Ljflex/Main, parseOptions([Ljava/lang/String;)Ljava/util/List; >"	209	230	1	228
"< Application, Ljflex/DFA, printBlocks([I[I[II)V >"	51	87	3	145
"< Application, Ljflex/DFA, printL([I[II)V >"	24	41	3	31
"< Application, Ljflex/Main, parseOptions([Ljava/lang/String;)Ljava/util/List; >"	41	34	1	206
"< Application, Ljflex/DFA, minimize()V >"	249	193	24	196
"< Application, Ljflex/CharSet, add(I)V >"	3	8	5	7
"< Application, Ljava_cup/lalr_state, build_table_entries(Ljava_cup/parse_action_table;Ljava_cup/parse_reduce_table;)V >"	78	94	91	93
"< Application, Ljava_cup/emit, do_reduce_table(Ljava/io/PrintWriter;Ljava_cup/parse_reduce_table;)V >"	32	39	8	46
"< Application, Lpolyglot/ext/jl5/types/reflect/JL5Field, initialize()V >"	71	78	77	86
"< Application, Ljflex/DFA, minimize()V >"	423	325	324	359
"< Application, Lpolyglot/util/Base64, encode3to4([BII[BII)[B >"	17	27	1	26
"< Application, Ljflex/NFA, dotFormat()Ljava/lang/String; >"	31	39	38	97
"< Application, Ljflex/NFA, toString()Ljava/lang/String; >"	11	16	15	91
"< Application, Ljflex/Emitter, emitState(I)V >"	15	25	24	2
"< Application, Lpolyglot/types/reflect/Constant, equals(Ljava/lang/Object;)Z >"	26	22	20	21
"< Application, Lpolyglot/ext/jl7/parse/Lexer_c, nextToken()Lpolyglot/lex/Token; >"	76	56	88	70
"< Application, Ljflex/StateSet, equals(Ljava/lang/Object;)Z >"	30	13	12	17
"< Application, Ljava_cup/emit, do_action_table(Ljava/io/PrintWriter;Ljava_cup/parse_action_table;ZI)V >"	85	76	10	81
"< Application, Lpolyglot/util/Base64, decode4to3([BI[BII)I >"	68	68	1	67
"< Application, Ljflex/CharSetEnumerator, advance()V >"	29	29	27	28
"< Application, Lpolyglot/types/reflect/ClassFile_c, classNameCP(I)Ljava/lang/String; >"	1	5	4	2
"< Application, Ljflex/DFA, printBlocks([I[I[II)V >"	72	119	4	87
"< Application, Lpolyglot/ext/jl5/types/reflect/JL5ClassFileLazyClassInitializer, initAnnotationElems()V >"	16	21	7	58
"< Application, Ljflex/DFA, minimize()V >"	427	328	327	360
"< Application, Ljava_cup/production, <init>(Ljava_cup/non_terminal;[Ljava_cup/production_part;ILjava/lang/String;)V >"	61	49	48	81
"< Application, Ljava_cup/runtime/lr_parser, parse_lookahead(Z)V >"	70	86	83	85
"< Application, Ljflex/DFA, old_minimize()[[Z >"	40	31	30	46
"< Application, Ljava_cup/parse_reduce_table, toString()Ljava/lang/String; >"	14	24	23	87
"< Application, Lpolyglot/util/Base64, encode3to4([BII[BII)[B >"	2	11	1	2
"< Application, Ljflex/Emitter, reduceColumns()V >"	33	28	27	35
"< Application, Ljflex/Main, parseOptions([Ljava/lang/String;)Ljava/util/List; >"	179	167	1	206
"< Application, Ljflex/NFA, dotFormat()Ljava/lang/String; >"	53	73	72	97
"< Application, Lpolyglot/util/Base64, decode4to3([BI[BII)I >"	46	84	16	83
"< Application, Ljflex/DFA, minimize()V >"	120	96	94	95
"< Application, Lpolyglot/util/Base64, encode3to4([BII[BII)[B >"	64	40	9	39
"< Application, Lpolyglot/main/Main, explodeOptions([Ljava/lang/String;)Ljava/util/List; >"	5	7	1	42
"< Application, Lpolyglot/visit/DataFlow, dataflow(Lpolyglot/visit/FlowGraph;)V >"	30	41	15	113
"< Application, Ljava_cup/runtime/lr_parser, parse()Ljava_cup/runtime/Symbol; >"	65	66	65	40
"< Application, Ljflex/unicode/UnicodeProperties, initCaselessMatches()V >"	36	33	8	35
"< Application, Ljflex/Main, parseOptions([Ljava/lang/String;)Ljava/util/List; >"	52	46	1	206
"< Application, Ljflex/DFA, minimize()V >"	254	198	22	197
"< Application, Lpolyglot/util/SerialVersionUID, longAt([BI)J >"	12	22	1	21
"< Application, Ljflex/Emitter, emitActions()V >"	57	98	95	97
"< Application, Ljflex/Main, parseOptions([Ljava/lang/String;)Ljava/util/List; >"	61	54	1	206
"< Application, Ljava_cup/Main, parse_args([Ljava/lang/String;)V >"	26	30	1	26
"< Application, Ljflex/StateSet, containsSet(Ljflex/StateSet;)Z >"	8	12	11	21
"< Application, Ljava_cup/Lexer, next_token()Ljava_cup/runtime/Symbol; >"	66	49	47	48
"< Application, Ljflex/DFA, old_minimize()[[Z >"	107	84	18	116
"< Application, Ljflex/DFA, minimize()V >"	438	338	337	347
"< Application, Ljflex/Main, parseOptions([Ljava/lang/String;)Ljava/util/List; >"	195	183	1	206
"< Application, Lpolyglot/ext/jl5/parse/Lexer_c, nextToken()Lpolyglot/lex/Token; >"	52	35	34	33
"< Application, Ljflex/DFA, old_minimize()[[Z >"	117	91	90	110
"< Application, Ljava_cup/parse_action_row, compute_default()V >"	25	31	30	29
"< Application, Lpolyglot/util/typedump/Main, main([Ljava/lang/String;)V >"	5	12	1	11
"< Application, Lppg/lex/Lexer, getToken()Lppg/lex/Token; >"	65	51	49	50
"< Application, Ljflex/StateSet, add(Ljflex/StateSet;)V >"	18	18	5	22
"< Application, Ljflex/Emitter, emitDefaultTransition(II)V >"	8	17	16	3
"< Application, Lpolyglot/util/Base64, decode([BIII)[B >"	42	22	12	21
"< Application, Ljava_cup/runtime/lr_parser, debug_parse()Ljava_cup/runtime/Symbol; >"	77	87	84	86
"< Application, Ljflex/DFA, printL([I[II)V >"	0	7	2	4
"< Application, Lpolyglot/types/reflect/InnerClasses, <init>(Ljava/io/DataInputStream;II)V >"	23	27	26	32
"< Application, Ljflex/Main, parseOptions([Ljava/lang/String;)Ljava/util/List; >"	108	98	1	206
"< Application, Ljflex/DFA, minimize()V >"	236	184	24	181
"< Application, Lppg/lex/Lexer, getToken()Lppg/lex/Token; >"	101	65	8	64
"< Application, Lpolyglot/frontend/Scheduler, runPass(Lpolyglot/frontend/Pass;)Z >"	64	71	54	66
"< Application, Ljflex/Main, parseOptions([Ljava/lang/String;)Ljava/util/List; >"	190	179	1	206
"< Application, Ljava_cup/runtime/lr_parser, parse()Ljava_cup/runtime/Symbol; >"	64	65	62	64
"< Application, Ljava_cup/lalr_state, fix_with_precedence(Ljava_cup/production;ILjava_cup/parse_action_row;Ljava_cup/parse_action;)Z >"	33	44	43	3
"< Application, Lpolyglot/visit/DataFlow, findSCCs(Lpolyglot/visit/FlowGraph;)Lpolyglot/util/Pair; >"	59	73	8	159
"< Application, Ljflex/Emitter, getDefaultTransition(I)I >"	11	13	12	26
"< Application, Lpolyglot/main/Options$16, handle([Ljava/lang/String;I)Lpolyglot/main/OptFlag$Arg; >"	1	6	2	3
"< Application, Ljflex/DFA, minimize()V >"	69	61	49	60
"< Application, Ljflex/DFA, minimize()V >"	280	214	46	204
"< Application, Ljava_cup/runtime/lr_parser, debug_parse()Ljava_cup/runtime/Symbol; >"	82	92	89	91
"< Application, Ljava_cup/lalr_state, build_table_entries(Ljava_cup/parse_action_table;Ljava_cup/parse_reduce_table;)V >"	7	14	11	13
"< Application, Ljava_cup/production, strip_trailing_action([Ljava_cup/production_part;I)Ljava_cup/action_part; >"	4	9	2	8
"< Application, Ljflex/DFA, dotFormat()Ljava/lang/String; >"	34	44	43	59
"< Application, Ljava_cup/emit, do_action_table(Ljava/io/PrintWriter;Ljava_cup/parse_action_table;ZI)V >"	19	26	25	62
"< Application, Lppg/lex/LexTest, main([Ljava/lang/String;)V >"	0	5	1	4
"< Application, Lppg/PPG, main([Ljava/lang/String;)V >"	3	6	1	30
"< Application, Ljflex/Emitter, transformTransitionTable()V >"	44	42	41	61
"< Application, Ljava_cup/Lexer, next_token()Ljava_cup/runtime/Symbol; >"	102	63	8	62
"< Application, Ljflex/Emitter, emitActions()V >"	82	140	136	139
"< Application, Lpolyglot/util/SerialVersionUID, longAt([BI)J >"	42	62	1	61
"< Application, Ljflex/StateSet, equals(Ljava/lang/Object;)Z >"	28	11	10	17
"< Application, Ljava_cup/parse_action_table, toString()Ljava/lang/String; >"	14	24	23	81
"< Application, Ljflex/DFA, printBlocks([I[I[II)V >"	80	131	4	87
"< Application, Ljflex/Emitter, emitZZTrans()V >"	17	21	20	42
"< Application, Lpolyglot/ext/jl5/types/reflect/JL5Method, initialize()V >"	21	26	25	19
"< Application, Lpolyglot/types/reflect/ClassFile_c, getJLCInfo(Ljava/lang/String;)Lpolyglot/types/reflect/JLCInfo; >"	65	90	88	96
"< Application, Lpolyglot/ext/jl7/parse/Lexer_c, nextToken()Lpolyglot/lex/Token; >"	102	63	8	62
"< Application, Ljflex/DFA, dotFormat()Ljava/lang/String; >"	28	36	35	59
"< Application, Ljflex/LexScan, yycharat(I)C >"	3	7	4	6
"< Application, Ljflex/unicode/UnicodeProperties, bind([Ljava/lang/String;[Ljava/lang/String;[Ljava/lang/String;ILjava/lang/String;I)V >"	53	65	4	64
"< Application, Ljflex/Emitter, emitDynamicInit()V >"	2	6	5	3
"< Application, Lpolyglot/util/Base64, decode4to3([BI[BII)I >"	86	30	1	29
"< Application, Ljflex/DFA, printBlocks([I[I[II)V >"	66	109	2	87
"< Application, Ljflex/DFA, minimize()V >"	139	111	109	110
"< Application, Ljava_cup/Main, parse_args([Ljava/lang/String;)V >"	35	38	1	227
"< Application, Ljava_cup/Main, parse_args([Ljava/lang/String;)V >"	18	22	1	227
"< Application, Lppg/lex/Lexer, getToken()Lppg/lex/Token; >"	37	28	159	9
"< Application, Lpolyglot/util/Base64, encode3to4([BII[BII)[B >"	39	69	9	68
"< Application, Ljflex/Main, parseOptions([Ljava/lang/String;)Ljava/util/List; >"	114	106	1	206
"< Application, Ljflex/NFA, toString()Ljava/lang/String; >"	30	46	45	93
"< Application, Lpolyglot/visit/DataFlow, findSCCs(Lpolyglot/visit/FlowGraph;)Lpolyglot/util/Pair; >"	142	177	60	239
"< Application, Lpolyglot/util/Base64, encode3to4([BII[BII)[B >"	25	58	9	57
"< Application, Ljflex/DFA, minimize()V >"	476	371	370	375
"< Application, Ljflex/DFA, old_minimize()[[Z >"	124	95	20	93
"< Application, Ljflex/StatePairList, markAll([[Ljflex/StatePairList;[[Z)V >"	13	15	14	10
"< Application, Ljflex/Emitter, emitDynamicInit()V >"	16	23	22	49
"< Application, Lpolyglot/util/SerialVersionUID, longAt([BI)J >"	36	54	1	53
"< Application, Ljflex/DFA, minimize()V >"	193	152	34	36
"< Application, Lpolyglot/ext/jl5/types/reflect/JL5ClassFileLazyClassInitializer, annotationElemInstance(Lpolyglot/ext/jl5/types/reflect/JL5Method;Lpolyglot/types/ParsedClassType;Z)Lpolyglot/ext/jl5/types/AnnotationTypeElemInstance; >"	7	17	8	16
"< Application, Ljflex/Emitter, getDefaultTransition(I)I >"	19	21	20	26
"< Application, Lpolyglot/util/Base64$OutputStream, write(I)V >"	37	10	7	9
"< Application, Ljava_cup/Main, parse_args([Ljava/lang/String;)V >"	8	11	1	10
"< Application, Ljflex/Emitter, transformTransitionTable()V >"	51	48	47	58
"< Application, Lpolyglot/ext/jl5/types/reflect/JL5ClassFileLazyClassInitializer, methodInstance(Lpolyglot/types/reflect/Method;Lpolyglot/types/ClassType;)Lpolyglot/types/MethodInstance; >"	8	17	8	16
"< Application, Ljflex/LexScan, next_token()Ljava_cup/runtime/Symbol; >"	106	70	68	69
"< Application, Lpolyglot/types/reflect/Field, constantValue()Lpolyglot/types/reflect/Constant; >"	6	11	10	7
"< Application, Ljava_cup/runtime/lr_parser, try_parse_ahead(Z)Z >"	42	51	48	50
"< Application, Ljflex/DFA, old_minimize()[[Z >"	72	59	58	108
"< Application, Lpolyglot/ext/jl7/parse/Lexer_c, zzScanError(I)V >"	5	9	7	8
"< Application, Lpolyglot/util/Position, compilerGenerated(I)Lpolyglot/util/Position; >"	18	25	9	1
"< Application, Ljflex/Emitter, reduceColumns()V >"	32	27	26	18
"< Application, Ljava_cup/production, <init>(Ljava_cup/non_terminal;[Ljava_cup/production_part;ILjava/lang/String;)V >"	58	47	3	81
"< Application, Ljflex/CharSet, isElement(I)Z >"	6	9	8	5
"< Application, Ljflex/Emitter, transformTransitionTable()V >"	38	37	36	61
"< Application, Lpolyglot/ext/jl5/types/reflect/JL5ClassFileLazyClassInitializer, fieldInstance(Lpolyglot/types/reflect/Field;Lpolyglot/types/ClassType;)Lpolyglot/types/FieldInstance; >"	4	11	8	10
"< Application, Lpolyglot/ext/jl5/types/inference/InferenceSolver_c, solve(Lpolyglot/types/Type;)Ljava/util/Map; >"	44	53	41	58
"< Application, Ljflex/LexScan, zzScanError(I)V >"	5	9	7	8
"< Application, Ljflex/Emitter, emitDynamicInit()V >"	27	30	29	50
"< Application, Ljflex/DFA, minimize()V >"	424	326	325	347
"< Application, Ljflex/Main, parseOptions([Ljava/lang/String;)Ljava/util/List; >"	37	31	1	28
"< Application, Lpolyglot/ext/jl5/types/inference/InferenceSolver_c, handleUnresolvedTypeArgs([Lpolyglot/types/Type;Lpolyglot/types/Type;)[Lpolyglot/types/Type; >"	9	15	2	32
"< Application, Lpolyglot/main/OptFlag$DoubleFlag, handle([Ljava/lang/String;I)Lpolyglot/main/OptFlag$Arg; >"	1	7	2	3
"< Application, Lpolyglot/util/Base64$OutputStream, write([BII)V >"	8	9	2	8
"< Application, Lpolyglot/ext/jl5/types/reflect/Annotations, toAnnotationElems(Lpolyglot/ext/jl5/types/reflect/JL5ClassFileLazyClassInitializer;Lpolyglot/ext/jl5/types/JL5TypeSystem;)Ljava/util/Map; >"	11	17	15	16
"< Application, Ljflex/Main, parseOptions([Ljava/lang/String;)Ljava/util/List; >"	131	118	1	206
"< Application, Ljflex/Main, parseOptions([Ljava/lang/String;)Ljava/util/List; >"	166	155	1	206
"< Application, Ljflex/StateSetEnumerator, reset(Ljflex/StateSet;)V >"	27	25	23	24
"< Application, Ljflex/DFA, minimize()V >"	270	207	22	15
"< Application, Ljflex/LexScan, next_token()Ljava_cup/runtime/Symbol; >"	116	77	109	91
"< Application, Lpolyglot/main/Options, parseSourceArg([Ljava/lang/String;I)I >"	2	8	2	3
"< Application, Ljflex/Emitter, emitDynamicInit()V >"	36	37	36	43
"< Application, Lpolyglot/main/Options$10, handle([Ljava/lang/String;I)Lpolyglot/main/OptFlag$Arg; >"	1	7	2	3
"< Application, Lpolyglot/types/reflect/Method, initialize()V >"	39	46	45	54
"< Application, Ljava_cup/runtime/lr_parser, get_reduce(II)S >"	1	6	5	2
"< Application, Ljflex/Emitter, emitZZTrans()V >"	10	17	16	47
"< Application, Lpolyglot/util/Base64, decode4to3([BI[BII)I >"	98	44	1	43
"< Application, Ljflex/NFA, toString()Ljava/lang/String; >"	42	63	62	93
"< Application, Lpolyglot/util/Base64, decode(Ljava/lang/String;I)[B >"	19	22	16	13
"< Application, Ljflex/Emitter, emitActionTable()V >"	16	22	21	50
"< Application, Lpolyglot/types/reflect/Constant, equals(Ljava/lang/Object;)Z >"	21	17	16	5
"< Application, Ljflex/NFA, getDFA()Ljflex/DFA; >"	17	22	21	40
"< Application, Lpolyglot/ext/jl5/types/reflect/Annotations$Annotation, toAnnotationElementValue(Lpolyglot/ext/jl5/types/reflect/JL5ClassFileLazyClassInitializer;Lpolyglot/ext/jl5/types/JL5TypeSystem;Lpolyglot/util/Position;)Lpolyglot/ext/jl5/types/AnnotationElementValue; >"	3	10	8	9
"< Application, Ljflex/DFA, minimize()V >"	83	67	66	90
"< Application, Lpolyglot/ext/jl5/parse/Lexer_c, nextToken()Lpolyglot/lex/Token; >"	91	81	78	76
"< Application, Ljflex/DFA, printInvDelta([[I[I)V >"	31	47	3	64
"< Application, Ljflex/Main, parseOptions([Ljava/lang/String;)Ljava/util/List; >"	8	11	1	206
"< Application, Ljava_cup/Main, parse_args([Ljava/lang/String;)V >"	3	5	1	227
"< Application, Ljflex/DFA, minimize()V >"	351	266	22	253
"< Application, Lpolyglot/types/reflect/ClassFileLazyClassInitializer, initFields()V >"	8	9	7	46
"< Application, Ljava_cup/Main, parse_args([Ljava/lang/String;)V >"	94	94	1	93
"< Application, Ljflex/NFA, removeDead(II)V >"	41	40	39	2
"< Application, Lpolyglot/main/Options$4, handle([Ljava/lang/String;I)Lpolyglot/main/OptFlag$Arg; >"	1	6	2	3
"< Application, Ljflex/DFA, minimize()V >"	276	211	210	183
"< Application, Lpolyglot/types/reflect/ClassFileLazyClassInitializer, initConstructors()V >"	15	18	7	49
"< Application, Lpolyglot/util/SerialVersionUID, longAt([BI)J >"	18	30	1	29
"< Application, Ljflex/DFA, minimize()V >"	124	99	97	98
"< Application, Ljflex/LexScan, next_token()Ljava_cup/runtime/Symbol; >"	137	82	3	81
"< Application, Ljava_cup/Main, parse_args([Ljava/lang/String;)V >"	97	97	1	93
"< Application, Ljava_cup/emit, do_action_table(Ljava/io/PrintWriter;Ljava_cup/parse_action_table;ZI)V >"	7	15	14	80
"< Application, Lpolyglot/parse/Lexer_c, nextToken()Lpolyglot/lex/Token; >"	38	26	268	9
"< Application, Ljflex/StateSet, hashCode()I >"	6	10	4	15
"< Application, Lpolyglot/qq/Lexer_c, nextToken()Lpolyglot/lex/Token; >"	97	61	6	60
"< Application, Ljflex/DFA, minimize()V >"	158	123	22	119
"< Application, Ljflex/DFA, minimize()V >"	131	105	103	104
"< Application, Ljava_cup/runtime/lr_parser, get_action(II)S >"	31	21	6	20
"< Application, Lpolyglot/types/reflect/ClassFileLazyClassInitializer, methodInstance(Lpolyglot/types/reflect/Method;Lpolyglot/types/ClassType;)Lpolyglot/types/MethodInstance; >"	3	10	7	9
"< Application, Lpolyglot/util/SerialVersionUID, longAt([BI)J >"	30	46	1	45
"< Application, Ljflex/Emitter, reduceRows()V >"	28	23	22	50
"< Application, Lpolyglot/ext/jl5/types/reflect/JL5ClassFileLazyClassInitializer, constructorInstance(Lpolyglot/types/reflect/Method;Lpolyglot/types/ClassType;[Lpolyglot/types/reflect/Field;)Lpolyglot/types/ConstructorInstance; >"	9	16	4	24
"< Application, Lpolyglot/util/Base64, decode4to3([BI[BII)I >"	57	57	1	2
"< Application, Ljflex/Skeleton, makePrivate()V >"	6	9	8	14
"< Application, Lpolyglot/util/SerialVersionUID, longAt([BI)J >"	24	38	1	37
"< Application, Ljflex/DFA, minimize()V >"	226	177	30	176
"< Application, Ljflex/DFA, old_minimize()[[Z >"	99	76	75	109
"< Application, Ljflex/DFA, printInvDelta([[I[I)V >"	35	53	3	46
"< Application, Lpolyglot/util/ErrorInfo, getErrorString(I)Ljava/lang/String; >"	5	8	7	1
"< Application, Lppg/PPG, main([Ljava/lang/String;)V >"	24	24	1	23
"< Application, Lpolyglot/util/Base64, decode([BIII)[B >"	56	44	1	38
"< Application, Lpolyglot/util/typedump/Main, main([Ljava/lang/String;)V >"	2	7	1	6
"< Application, Ljflex/DFA, dotFormat()Ljava/lang/String; >"	33	43	42	62
"< Application, Ljflex/DFA, old_minimize()[[Z >"	78	62	61	109
"< Application, Lpolyglot/util/Base64, encode3to4([BII[BII)[B >"	59	34	9	33
"< Application, Lpolyglot/util/Base64, decode4to3([BI[BII)I >"	99	45	16	44
"< Application, Ljflex/Main, parseOptions([Ljava/lang/String;)Ljava/util/List; >"	139	126	1	206
"< Application, Ljflex/DFA, minimize()V >"	225	176	30	36
"< Application, Ljflex/Emitter, transformTransitionTable()V >"	59	54	53	58
"< Application, Ljflex/DFA, minimize()V >"	82	66	38	80
"< Application, Lpolyglot/ext/jl7/parse/Lexer_c, nextToken()Lpolyglot/lex/Token; >"	91	81	78	76
"< Application, Lpolyglot/types/reflect/ClassFileLazyClassInitializer, initConstructors()V >"	12	15	7	49
"< Application, Lpolyglot/ext/jl5/parse/Lexer_c, nextToken()Lpolyglot/lex/Token; >"	94	58	7	57
"< Application, Ljflex/DFA, minimize()V >"	59	55	38	15
"< Application, Ljava_cup/parse_action_table, toString()Ljava/lang/String; >"	26	42	41	81
"< Application, Lpolyglot/types/reflect/InnerClasses, <init>(Ljava/io/DataInputStream;II)V >"	19	23	22	32
"< Application, Lpolyglot/ext/jl5/types/inference/InferenceSolver_c, solve(Ljava/util/List;ZZ)[Lpolyglot/types/Type; >"	50	63	46	58
"< Application, Ljflex/LexScan, next_token()Ljava_cup/runtime/Symbol; >"	135	80	9	103
"< Application, Lpolyglot/qq/Lexer_c, nextToken()Lpolyglot/lex/Token; >"	102	63	8	62
"< Application, Ljflex/Emitter, transformTransitionTable()V >"	33	34	33	58
"< Application, Ljava_cup/Main, parse_args([Ljava/lang/String;)V >"	158	147	1	227
"< Application, Ljflex/DFA, addTransition(ICI)V >"	7	13	12	2
"< Application, Ljflex/StateSet, remove(I)V >"	6	9	8	5
"< Application, Lpolyglot/util/TransformingIterator, <init>(Ljava/util/Collection;Lpolyglot/util/Transformation;)V >"	11	14	13	6
"< Application, Ljflex/Emitter, reduceRows()V >"	42	39	38	35
"< Application, Ljflex/Emitter, reduceRows()V >"	33	28	27	18
"< Application, Ljflex/Emitter, transformTransitionTable()V >"	56	51	50	61
"< Application, Lpolyglot/ext/jl7/parse/Lexer_c, nextToken()Lpolyglot/lex/Token; >"	69	51	8	50
"< Application, Ljflex/DFA, old_minimize()[[Z >"	42	33	32	43
"< Application, Ljflex/DFA, minimize()V >"	86	69	49	80
"< Application, Ljava_cup/runtime/lr_parser, try_parse_ahead(Z)Z >"	37	46	43	45
"< Application, Ljflex/unicode/UnicodeProperties, initCaselessMatches()V >"	33	31	8	35
"< Application, Lpolyglot/types/reflect/Constant, equals(Ljava/lang/Object;)Z >"	30	26	25	21
"< Application, Ljflex/NFA, insertClassNFA(Ljava/util/List;II)V >"	7	12	9	16
"< Application, Ljava_cup/runtime/lr_parser, debug_parse()Ljava_cup/runtime/Symbol; >"	83	93	92	54
"< Application, Lpolyglot/ext/jl5/parse/Lexer_c, nextToken()Lpolyglot/lex/Token; >"	11	12	268	24
"< Application, Ljflex/LexScan, zzScanError(I)V >"	1	5	4	2
"< Application, Ljflex/StateSet, equals(Ljava/lang/Object;)Z >"	40	20	18	23
"< Application, Lpolyglot/util/SerialVersionUID, generate(Ljava/lang/Class;)J >"	53	60	58	64
"< Application, Ljflex/DFA, printInvDelta([[I[I)V >"	43	65	2	84
"< Application, Ljava_cup/Lexer, next_token()Ljava_cup/runtime/Symbol; >"	94	58	7	57
"< Application, Ljflex/NFA, DFAEdge(Ljflex/StateSet;C)Ljflex/StateSet; >"	11	18	14	17
"< Application, Ljflex/DFA, minimize()V >"	354	268	34	36
"< Application, Ljflex/DFA, minimize()V >"	477	372	294	371
"< Application, Ljflex/DFA, toString([I)Ljava/lang/String; >"	16	28	2	23
"< Application, Lpolyglot/ext/jl5/parse/Lexer_c, nextToken()Lpolyglot/lex/Token; >"	69	51	8	50
"< Application, Ljflex/DFA, ensureStateCapacity(I)V >"	27	25	14	32
"< Application, Ljflex/Emitter, getDefaultTransition(I)I >"	10	12	11	2
"< Application, Ljflex/DFA, old_minimize()[[Z >"	93	72	18	69
"< Application, Lpolyglot/main/OptFlag$PathFlag, handle([Ljava/lang/String;I)Lpolyglot/main/OptFlag$Arg; >"	3	8	2	3
"< Application, Lpolyglot/ext/jl5/types/reflect/Annotations$ElementValueClassConstant, toAnnotationElementValue(Lpolyglot/ext/jl5/types/reflect/JL5ClassFileLazyClassInitializer;Lpolyglot/ext/jl5/types/JL5TypeSystem;Lpolyglot/util/Position;)Lpolyglot/ext/jl5/types/AnnotationElementValue; >"	5	13	11	12
"< Application, Lppg/PPG, main([Ljava/lang/String;)V >"	40	25	1	30
"< Application, Ljflex/DFA, minimize()V >"	293	227	22	225
"< Application, Lpolyglot/util/Base64, decode([BIII)[B >"	51	31	1	38
"< Application, Ljflex/Main, parseOptions([Ljava/lang/String;)Ljava/util/List; >"	55	50	1	206
"< Application, Ljflex/StateSetEnumerator, advance()V >"	17	20	6	19
"< Application, Ljflex/Emitter, getDefaultTransition(I)I >"	26	30	29	2
"< Application, Lpolyglot/main/Options$9, handle([Ljava/lang/String;I)Lpolyglot/main/OptFlag$Arg; >"	1	7	2	3
"< Application, Ljflex/DFA, minimize()V >"	304	234	26	224
"< Application, Lpolyglot/qq/QQ, parse(ILjava/lang/String;[Ljava/lang/Object;)Lpolyglot/ast/Node; >"	10	19	4	44
"< Application, Lpolyglot/types/reflect/ClassFileLazyClassInitializer, initMethods()V >"	22	27	7	57
"< Application, Ljflex/Main, parseOptions([Ljava/lang/String;)Ljava/util/List; >"	163	151	1	206
"< Application, Ljflex/DFA, old_minimize()[[Z >"	131	100	20	93
"< Application, Ljflex/StateSet, getAndRemoveElement()I >"	2	6	5	11
"< Application, Ljava_cup/Main, parse_args([Ljava/lang/String;)V >"	163	151	1	227
"< Application, Ljflex/NFA, getDFA()Ljflex/DFA; >"	50	60	59	105
"< Application, Lpolyglot/util/Base64, decode4to3([BI[BII)I >"	55	21	1	20
"< Application, Ljava_cup/production, rhs(I)Ljava_cup/production_part; >"	4	10	9	2
"< Application, Ljflex/NFA, toString()Ljava/lang/String; >"	43	64	63	73
"< Application, Ljflex/Main, parseOptions([Ljava/lang/String;)Ljava/util/List; >"	76	70	1	206
"< Application, Lpolyglot/qq/Lexer_c, nextToken()Lpolyglot/lex/Token; >"	76	56	88	70
"< Application, Ljflex/NFA, toString()Ljava/lang/String; >"	31	47	46	73
"< Application, Ljflex/Emitter, emitActionTable()V >"	12	19	18	50
"< Application, Ljflex/LexScan, next_token()Ljava_cup/runtime/Symbol; >"	134	79	4	78
"< Application, Ljflex/NFA, addTransition(III)V >"	19	36	35	3
"< Application, Ljflex/LexScan, main([Ljava/lang/String;)V >"	8	12	1	11
"< Application, Ljflex/Emitter, emitTransition(II)V >"	2	11	10	2
"< Application, Ljflex/Main, parseOptions([Ljava/lang/String;)Ljava/util/List; >"	25	24	1	206
"< Application, Ljava_cup/parse_action_table, check_reductions()V >"	9	11	10	22
"< Application, Ljflex/DFA, printInvDelta([[I[I)V >"	22	38	2	83
"< Application, Ljflex/Emitter, reduceColumns()V >"	42	39	38	35
"< Application, Ljflex/Main, parseOptions([Ljava/lang/String;)Ljava/util/List; >"	221	191	1	206
"< Application, Ljflex/Main, printUnicodePropertyValuesAndAliases(Ljava/lang/String;)V >"	58	80	63	79
"< Application, Ljflex/Main, parseOptions([Ljava/lang/String;)Ljava/util/List; >"	158	146	1	206
"< Application, Ljflex/DFA, printBlocks([I[I[II)V >"	37	67	2	157
"< Application, Ljava_cup/Lexer, yycharat(I)C >"	3	7	4	6
"< Application, Ljflex/Main, parseOptions([Ljava/lang/String;)Ljava/util/List; >"	187	175	1	206
"< Application, Lppg/PPG, main([Ljava/lang/String;)V >"	6	10	1	30
"< Application, Lpolyglot/types/reflect/ClassFileLazyClassInitializer, initMethods()V >"	11	12	7	57
"< Application, Ljflex/DFA, minimize()V >"	429	330	329	359
"< Application, Ljflex/DFA, printInvDelta([[I[I)V >"	45	67	3	66
"< Application, Ljava_cup/runtime/lr_parser, get_action(II)S >"	39	28	6	27
"< Application, Ljflex/NFA, removeDead(II)V >"	19	20	19	37
"< Application, Ljava_cup/parse_action_row, compute_default()V >"	32	36	35	29
"< Application, Ljflex/CharSetEnumerator, advance()V >"	45	40	38	39
"< Application, Ljflex/DFA, minimize()V >"	343	264	30	259
"< Application, Lpolyglot/ext/jl5/parse/Lexer_c, zzScanError(I)V >"	5	9	7	8
"< Application, Ljflex/NFA, closure(I)Ljflex/StateSet; >"	14	21	20	14
"< Application, Lpolyglot/util/Base64, decode4to3([BI[BII)I >"	62	62	1	61
"< Application, Lpolyglot/util/Base64, encode3to4([BII[BII)[B >"	35	66	9	65
"< Application, Ljava_cup/parse_action_row, compute_default()V >"	29	34	33	29
"< Application, Ljava_cup/runtime/lr_parser, get_reduce(II)S >"	11	16	6	11
"< Application, Lppg/lex/Lexer, getToken()Lppg/lex/Token; >"	115	99	98	92
"< Application, Lpolyglot/types/reflect/Method, initialize()V >"	21	26	25	19
"< Application, Ljflex/DFA, dotFormat()Ljava/lang/String; >"	27	35	34	62
"< Application, Ljflex/Emitter, emitCharMapArray()V >"	30	39	35	38
"< Application, Lppg/lex/Lexer, getToken()Lppg/lex/Token; >"	51	37	36	35
"< Application, Ljflex/Main, parseOptions([Ljava/lang/String;)Ljava/util/List; >"	147	134	1	206
"< Application, Ljflex/DFA, minimize()V >"	172	137	22	141
"< Application, Ljflex/DFA, old_minimize()[[Z >"	125	96	95	94
"< Application, Ljflex/DFA, old_minimize()[[Z >"	84	67	66	109
"< Application, Lpolyglot/types/reflect/ClassFileLazyClassInitializer, fieldInstance(Lpolyglot/types/reflect/Field;Lpolyglot/types/ClassType;)Lpolyglot/types/FieldInstance; >"	7	16	7	15
"< Application, Lpolyglot/main/Options$14, handle([Ljava/lang/String;I)Lpolyglot/main/OptFlag$Arg; >"	1	7	2	3
"< Application, Ljflex/NFA, removeDead(II)V >"	1	6	5	2
"< Application, Lpolyglot/main/OptFlag$IntFlag, handle([Ljava/lang/String;I)Lpolyglot/main/OptFlag$Arg; >"	1	7	2	3
"< Application, Lpolyglot/main/Options$12, handle([Ljava/lang/String;I)Lpolyglot/main/OptFlag$Arg; >"	1	7	2	3
"< Application, Ljava_cup/runtime/lr_parser, try_parse_ahead(Z)Z >"	43	52	51	15
"< Application, Ljava_cup/runtime/lr_parser, get_action(II)S >"	28	31	6	30
"< Application, Lpolyglot/types/reflect/ClassFileLazyClassInitializer, fieldInstance(Lpolyglot/types/reflect/Field;Lpolyglot/types/ClassType;)Lpolyglot/types/FieldInstance; >"	3	10	7	9
"< Application, Lpolyglot/ext/jl5/parse/Lexer_c, nextToken()Lpolyglot/lex/Token; >"	97	61	6	60
"< Application, Ljava_cup/Main, parse_args([Ljava/lang/String;)V >"	131	127	1	227
"< Application, Lpolyglot/ext/jl5/JL5Options$1, handle([Ljava/lang/String;I)Lpolyglot/main/OptFlag$Arg; >"	1	7	2	3
"< Application, Lpolyglot/types/reflect/ClassFileLazyClassInitializer, initMethods()V >"	19	24	7	57
"< Application, Ljflex/StateSet, complement(Ljflex/StateSet;)Ljflex/StateSet; >"	20	23	22	27
"< Application, Lpolyglot/qq/Lexer_c, nextToken()Lpolyglot/lex/Token; >"	91	81	78	76
"< Application, Lpolyglot/types/reflect/ClassFile_c, readAttributes(Ljava/io/DataInputStream;)V >"	8	13	12	9
"< Application, Lpolyglot/types/reflect/ClassFileLazyClassInitializer, initMemberClasses()V >"	11	14	13	67
"< Application, Lpolyglot/types/reflect/ClassFileLazyClassInitializer, initConstructors()V >"	8	9	7	49
"< Application, Ljflex/DFA, old_minimize()[[Z >"	132	101	100	94
"< Application, Ljflex/DFA, minimize()V >"	307	236	24	224
"< Application, Ljflex/NFA, removeDead(II)V >"	29	31	30	28
"< Application, Ljflex/NFA, closure(I)Ljflex/StateSet; >"	10	16	15	14
"< Application, Ljflex/DFA, minimize()V >"	319	241	22	225
"< Application, Lpolyglot/util/Base64, decode4to3([BI[BII)I >"	92	37	1	36
"< Application, Ljflex/Main, parseOptions([Ljava/lang/String;)Ljava/util/List; >"	5	7	1	206
"< Application, Ljflex/Main, parseOptions([Ljava/lang/String;)Ljava/util/List; >"	67	62	1	206
"< Application, Lpolyglot/ext/jl5/types/reflect/JL5ClassFileLazyClassInitializer, initAnnotationElems()V >"	12	15	7	58
"< Application, Ljflex/StateSetEnumerator, advance()V >"	4	7	6	3
"< Application, Lppg/lex/Lexer, getToken()Lppg/lex/Token; >"	68	53	8	52
"< Application, Lpolyglot/parse/Lexer_c, nextToken()Lpolyglot/lex/Token; >"	76	56	88	70
"< Application, Ljava_cup/Main, parse_args([Ljava/lang/String;)V >"	65	66	1	227
"< Application, Ljflex/NFA, removeDead(II)V >"	18	19	18	2
"< Application, Lppg/lex/Lexer, getToken()Lppg/lex/Token; >"	90	83	80	78
"< Application, Lpolyglot/ext/jl5/types/reflect/Annotations$ElementValueArray, toAnnotationElementValue(Lpolyglot/ext/jl5/types/reflect/JL5ClassFileLazyClassInitializer;Lpolyglot/ext/jl5/types/JL5TypeSystem;Lpolyglot/util/Position;)Lpolyglot/ext/jl5/types/AnnotationElementValue; >"	6	11	8	18
"< Application, Ljava_cup/Lexer, next_token()Ljava_cup/runtime/Symbol; >"	91	81	78	76
"< Application, Ljflex/Main, parseOptions([Ljava/lang/String;)Ljava/util/List; >"	232	196	1	206
"< Application, Ljflex/DFA, minimize()V >"	262	204	22	203
"< Application, Lpolyglot/ext/jl5/parse/Lexer_c, nextToken()Lpolyglot/lex/Token; >"	116	97	96	90
"< Application, Ljflex/unicode/UnicodeProperties, getCaselessMatches(C)Ljflex/IntCharSet; >"	4	8	7	2
"< Application, Ljflex/DFA, toString()Ljava/lang/String; >"	7	11	10	69
"< Application, Ljflex/Main, parseOptions([Ljava/lang/String;)Ljava/util/List; >"	121	110	1	206
"< Application, Ljflex/DFA, old_minimize()[[Z >"	77	61	18	116
"< Application, Lpolyglot/ext/jl7/parse/Lexer_c, nextToken()Lpolyglot/lex/Token; >"	66	49	47	48
"< Application, Ljflex/StateSet, equals(Ljava/lang/Object;)Z >"	21	33	31	35
"< Application, Ljava_cup/parse_reduce_table, toString()Ljava/lang/String; >"	16	26	25	74
"< Application, Ljflex/NFA, addEpsilonTransition(II)V >"	10	19	18	2
"< Application, Ljava_cup/Main, parse_args([Ljava/lang/String;)V >"	75	75	1	74
"< Application, Ljflex/Emitter, transformTransitionTable()V >"	40	39	38	58
"< Application, Ljflex/NFA, toString()Ljava/lang/String; >"	54	77	76	93
"< Application, Ljflex/StatePairList, addPair(II)V >"	4	8	7	13
"< Application, Ljflex/DFA, minimize()V >"	75	63	49	60
"< Application, Ljava_cup/runtime/lr_parser, parse_lookahead(Z)V >"	71	87	86	5
"< Application, Lpolyglot/visit/DataFlow, dataflow(Lpolyglot/visit/FlowGraph;)V >"	31	42	18	113
"< Application, Ljflex/DFA, toString([I)Ljava/lang/String; >"	7	13	2	23
"< Application, Lpolyglot/main/Options$15, handle([Ljava/lang/String;I)Lpolyglot/main/OptFlag$Arg; >"	1	7	2	3
"< Application, Ljflex/StateSetEnumerator, advance()V >"	23	24	6	19
"< Application, Lpolyglot/types/reflect/InnerClasses, <init>(Ljava/io/DataInputStream;II)V >"	11	15	14	32
"< Application, Lpolyglot/util/Base64, decode4to3([BI[BII)I >"	40	78	1	2
"< Application, Lpolyglot/ext/jl5/parse/Lexer_c, nextToken()Lpolyglot/lex/Token; >"	66	49	47	48
"< Application, Ljflex/Emitter, findActionStates()V >"	10	10	9	26
"< Application, Lpolyglot/ext/jl5/types/reflect/JL5ClassFileLazyClassInitializer, methodInstance(Lpolyglot/types/reflect/Method;Lpolyglot/types/ClassType;)Lpolyglot/types/MethodInstance; >"	4	11	8	10
"< Application, Ljflex/Emitter, transformTransitionTable()V >"	24	25	24	61
"< Application, Lpolyglot/ext/jl5/types/reflect/JL5Signature, parseClassSignature(Lpolyglot/types/TypeSystem;Lpolyglot/util/Position;)V >"	6	10	8	9
"< Application, Ljflex/Main, parseOptions([Ljava/lang/String;)Ljava/util/List; >"	150	138	1	206
"< Application, Ljava_cup/Main, parse_args([Ljava/lang/String;)V >"	228	216	1	227
"< Application, Ljflex/Emitter, reduceColumns()V >"	29	24	23	50
"< Application, Lpolyglot/util/Base64, decode4to3([BI[BII)I >"	38	18	1	17
"< Application, Ljflex/DFA, <init>(III)V >"	23	20	19	28
"< Application, Lppg/lex/Lexer, getToken()Lppg/lex/Token; >"	93	60	7	59
"< Application, Ljava_cup/Main, parse_args([Ljava/lang/String;)V >"	111	111	1	227
"< Application, Lpolyglot/main/Report, should_report([Ljava/lang/String;I)Z >"	25	19	1	24
"< Application, Ljflex/Main, parseOptions([Ljava/lang/String;)Ljava/util/List; >"	134	122	1	206
"< Application, Ljflex/DFA, minimize()V >"	266	206	24	204
"< Application, Ljflex/StateSet, isElement(I)Z >"	6	9	8	5
"< Application, Ljflex/StatePairList, markAll([[Ljflex/StatePairList;[[Z)V >"	6	10	9	22
"< Application, Ljflex/DFA, minimize()V >"	295	228	44	225
"< Application, Ljflex/Emitter, emitLexicalStates()V >"	43	72	71	82
"< Application, Ljflex/StatePairList, markAll([[Ljflex/StatePairList;[[Z)V >"	16	18	17	10
"< Application, Ljava_cup/Main, parse_args([Ljava/lang/String;)V >"	183	167	1	227
"< Application, Lpolyglot/types/reflect/ClassFileLazyClassInitializer, methodInstance(Lpolyglot/types/reflect/Method;Lpolyglot/types/ClassType;)Lpolyglot/types/MethodInstance; >"	29	45	43	54
"< Application, Ljflex/DFA, old_minimize()[[Z >"	82	65	64	83
"< Application, Ljava_cup/production, <init>(Ljava_cup/non_terminal;[Ljava_cup/production_part;ILjava/lang/String;)V >"	23	16	3	15
"< Application, Lpolyglot/types/reflect/Field, initialize()V >"	21	26	25	19
"< Application, Ljflex/NFA, complement(Ljflex/IntPair;)Ljflex/IntPair; >"	11	17	15	16
"< Application, Ljflex/LexScan, next_token()Ljava_cup/runtime/Symbol; >"	10	12	8	24
"< Application, Lpolyglot/types/reflect/ClassFileLazyClassInitializer, initFields()V >"	12	15	7	46
"< Application, Ljava_cup/runtime/lr_parser, cur_err_token()Ljava_cup/runtime/Symbol; >"	2	5	3	4
"< Application, Lpolyglot/main/Options, parseCommand([Ljava/lang/String;ILjava/util/Set;)I >"	17	19	2	3
"< Application, Ljflex/DFA, old_minimize()[[Z >"	71	58	18	115
"< Application, Lpolyglot/util/Base64, decode4to3([BI[BII)I >"	81	22	1	2
"< Application, Lpolyglot/ext/jl5/types/reflect/JL5Signature, parseMethodSignature(Lpolyglot/types/TypeSystem;Lpolyglot/util/Position;Lpolyglot/types/ClassType;)V >"	7	11	9	10
"< Application, Ljflex/Emitter, emitTransition(II)V >"	7	7	6	2
"< Application, Ljava_cup/Main, dump_machine()V >"	16	22	4	35
"< Application, Lpolyglot/util/SerialVersionUID, longAt([BI)J >"	6	14	1	13
"< Application, Ljava_cup/emit, do_reduce_table(Ljava/io/PrintWriter;Ljava_cup/parse_reduce_table;)V >"	15	22	21	34
"< Application, Ljava_cup/emit, do_reduce_table(Ljava/io/PrintWriter;Ljava_cup/parse_reduce_table;)V >"	35	42	8	46
"< Application, Ljava_cup/runtime/lr_parser, parse()Ljava_cup/runtime/Symbol; >"	59	60	57	59
"< Application, Ljflex/DFA, minimize()V >"	360	269	34	36
"< Application, Lpolyglot/types/reflect/Constant, equals(Ljava/lang/Object;)Z >"	17	13	12	5
"< Application, Ljava_cup/production, merge_adjacent_actions([Ljava_cup/production_part;I)I >"	17	17	2	16
"< Application, Ljflex/StateSet, getAndRemoveElement()I >"	9	13	12	11
"< Application, Ljflex/Emitter, emitAttributes()V >"	22	28	27	41
"< Application, Lpolyglot/types/reflect/InnerClasses, <init>(Ljava/io/DataInputStream;II)V >"	15	19	18	32
"< Application, Ljflex/Emitter, reduceRows()V >"	32	27	26	35
"< Application, Ljflex/NFA, complement(Ljflex/IntPair;)Ljflex/IntPair; >"	77	90	89	93
"< Application, Ljflex/DFA, minimize()V >"	275	210	208	209
"< Application, Ljflex/DFA, minimize()V >"	242	187	42	192
"< Application, Ljflex/DFA, printInvDelta([[I[I)V >"	23	39	38	79
"< Application, Lpolyglot/util/Base64, encode3to4([BII[BII)[B >"	30	62	9	61
"< Application, Ljflex/StateSet, getAndRemoveElement()I >"	17	21	20	11
"< Application, Lppg/PPG, main([Ljava/lang/String;)V >"	34	40	1	30
"< Application, Lpolyglot/util/Base64, decode4to3([BI[BII)I >"	87	31	16	30
"< Application, Ljflex/Main, parseOptions([Ljava/lang/String;)Ljava/util/List; >"	174	163	1	206
"< Application, Ljflex/Skeleton, emitNext()V >"	5	8	4	5
"< Application, Ljava_cup/Main, parse_args([Ljava/lang/String;)V >"	202	187	1	179
"< Application, Ljflex/DFA, minimize()V >"	352	267	22	254
"< Application, Lpolyglot/types/reflect/ClassFileLazyClassInitializer, initFields()V >"	15	18	7	46
"< Application, Ljava_cup/emit, do_table_as_string(Ljava/io/PrintWriter;[[S)V >"	21	31	2	69
"< Application, Ljava_cup/Main, parse_args([Ljava/lang/String;)V >"	190	175	1	227
"< Application, Lpolyglot/visit/DataFlow, findSCCs(Lpolyglot/visit/FlowGraph;)Lpolyglot/util/Pair; >"	163	209	60	239
"< Application, Lppg/lex/Lexer, getToken()Lppg/lex/Token; >"	96	63	6	62
"< Application, Ljflex/Emitter, getDefaultTransition(I)I >"	27	31	30	28
"< Application, Lpolyglot/ext/jl5/types/inference/InferenceSolver_c, handleUnresolvedTypeArgs([Lpolyglot/types/Type;Lpolyglot/types/Type;)[Lpolyglot/types/Type; >"	55	73	2	76
"< Application, Ljava_cup/Main, parse_args([Ljava/lang/String;)V >"	58	60	1	56
"< Application, Lpolyglot/util/BitVector, getBit(I)Z >"	4	6	5	2
"< Application, Ljflex/NFA, toString()Ljava/lang/String; >"	35	51	50	73
"< Application, Ljflex/DFA, minimize()V >"	406	315	292	320
"< Application, Lpolyglot/util/typedump/Main, main([Ljava/lang/String;)V >"	17	23	1	6
"< Application, Ljflex/DFA, toString()Ljava/lang/String; >"	38	58	57	67
"< Application, Ljava_cup/runtime/lr_parser, get_action(II)S >"	1	6	5	2
"< Application, Lpolyglot/main/Options, parseCommand([Ljava/lang/String;ILjava/util/Set;)I >"	7	16	2	3
"< Application, Ljflex/DFA, old_minimize()[[Z >"	38	29	18	46
"< Application, Ljflex/DFA, toString()Ljava/lang/String; >"	31	47	46	67
"< Application, Ljflex/Emitter, emitZZTrans()V >"	25	27	26	49
"< Application, Lpolyglot/util/Base64, decode([BIII)[B >"	40	19	1	38
"< Application, Ljflex/DFA, old_minimize()[[Z >"	102	79	78	109
"< Application, Lppg/lex/Lexer, getToken()Lppg/lex/Token; >"	75	58	90	72
"< Application, Ljflex/StatePairList, markAll([[Ljflex/StatePairList;[[Z)V >"	12	14	2	8
"< Application, Ljava_cup/Main, parse_args([Ljava/lang/String;)V >"	195	180	1	179
"< Application, Lpolyglot/types/reflect/ClassFile_c, getJLCInfo(Ljava/lang/String;)Lpolyglot/types/reflect/JLCInfo; >"	13	17	15	113
"< Application, Ljava_cup/lalr_state, fix_with_precedence(Ljava_cup/production;ILjava_cup/parse_action_row;Ljava_cup/parse_action;)Z >"	8	59	58	3
"< Application, Ljflex/NFA, getAction(Ljflex/StateSet;)Ljflex/Action; >"	15	25	21	24
"< Application, Lpolyglot/visit/DataFlow, findSCCs(Lpolyglot/visit/FlowGraph;)Lpolyglot/util/Pair; >"	57	70	8	159
"< Application, Ljflex/DFA, minimize()V >"	146	114	22	119
"< Application, Ljflex/DFA, toString()Ljava/lang/String; >"	11	16	15	69
"< Application, Ljflex/StatePairList, markAll([[Ljflex/StatePairList;[[Z)V >"	4	8	7	22
"< Application, Lpolyglot/parse/Lexer_c, nextToken()Lpolyglot/lex/Token; >"	11	12	268	24
"< Application, Ljflex/Main, parseOptions([Ljava/lang/String;)Ljava/util/List; >"	44	38	1	206
"< Application, Ljava_cup/Main, parse_args([Ljava/lang/String;)V >"	62	65	1	56
"< Application, Ljava_cup/Lexer, zzScanError(I)V >"	1	5	4	2
"< Application, Ljflex/DFA, printTable([[Z)V >"	11	18	2	45
"< Application, Ljava_cup/production, merge_adjacent_actions([Ljava_cup/production_part;I)I >"	22	21	2	46
"< Application, Ljflex/NFA, dotFormat()Ljava/lang/String; >"	27	35	34	97
"< Application, Ljflex/LexScan, next_token()Ljava_cup/runtime/Symbol; >"	142	84	5	83
"< Application, Ljflex/DFA, minimize()V >"	173	138	22	142
"< Application, Lpolyglot/visit/DataFlow, findSCCs(Lpolyglot/visit/FlowGraph;)Lpolyglot/util/Pair; >"	91	113	8	161
"< Application, Ljflex/StateSet, containsSet(Ljflex/StateSet;)Z >"	10	14	13	21
"< Application, Ljflex/Emitter, emitTransition(II)V >"	25	36	35	3
"< Application, Lpolyglot/util/UnicodeWriter, write([CII)V >"	3	8	2	7
"< Application, Lppg/lex/Lexer, getToken()Lppg/lex/Token; >"	16	16	159	26
"< Application, Ljflex/Emitter, emitDynamicInit()V >"	23	27	26	43
"< Application, Ljflex/NFA, toString()Ljava/lang/String; >"	34	50	49	93
"< Application, Ljflex/DFA, toString()Ljava/lang/String; >"	37	57	56	71
"< Application, Lpolyglot/qq/Lexer_c, nextToken()Lpolyglot/lex/Token; >"	116	97	96	90
"< Application, Lpolyglot/qq/Lexer_c, nextToken()Lpolyglot/lex/Token; >"	66	49	47	48
"< Application, Ljflex/Emitter, emitState(I)V >"	16	26	25	31
"< Application, Ljflex/DFA, printTable([[Z)V >"	12	19	18	41
"< Application, Ljava_cup/Main, parse_args([Ljava/lang/String;)V >"	89	89	1	227
"< Application, Ljflex/LexScan, next_token()Ljava_cup/runtime/Symbol; >"	131	102	99	97
"< Application, Ljflex/DFA, minimize()V >"	305	235	24	224
"< Application, Ljava_cup/lalr_state, build_table_entries(Ljava_cup/parse_action_table;Ljava_cup/parse_reduce_table;)V >"	4	10	7	9
"< Application, Lpolyglot/filemanager/ExtFileManager, setCaseInsensitive(Ljava/lang/String;)V >"	31	34	32	45
"< Application, Lpolyglot/visit/DataFlow, findSCCs(Lpolyglot/visit/FlowGraph;)Lpolyglot/util/Pair; >"	52	65	8	159
"< Application, Ljflex/LexScan, next_token()Ljava_cup/runtime/Symbol; >"	156	118	117	111
"< Application, Ljflex/DFA, minimize()V >"	417	322	292	357
"< Application, Ljflex/NFA, removeDead(II)V >"	4	9	8	2
"< Application, Ljava_cup/Main, parse_args([Ljava/lang/String;)V >"	126	123	1	227
"< Application, Lppg/lex/Lexer, yycharat(I)C >"	3	7	4	6
"< Application, Ljflex/DFA, printInvDelta([[I[I)V >"	44	66	65	80
"< Application, Ljflex/CharSetEnumerator, advance()V >"	11	13	11	12
"< Application, Ljflex/DFA, minimize()V >"	322	243	46	225
"< Application, Ljava_cup/lalr_state, fix_with_precedence(Ljava_cup/production;ILjava_cup/parse_action_row;Ljava_cup/parse_action;)Z >"	17	54	53	3
"< Application, Ljava_cup/Lexer, next_token()Ljava_cup/runtime/Symbol; >"	69	51	8	50
"< Application, Ljava_cup/lalr_state, build_table_entries(Ljava_cup/parse_action_table;Ljava_cup/parse_reduce_table;)V >"	35	44	43	71
"< Application, Ljava_cup/Lexer, next_token()Ljava_cup/runtime/Symbol; >"	97	61	6	60
"< Application, Ljava_cup/runtime/lr_parser, try_parse_ahead(Z)Z >"	38	47	46	14
"< Application, Ljava_cup/lalr_state, fix_with_precedence(Ljava_cup/production;ILjava_cup/parse_action_row;Ljava_cup/parse_action;)Z >"	51	17	16	3
"< Application, Ljava_cup/Main, dump_machine()V >"	22	28	4	35
"< Application, Lpolyglot/util/Base64, decode4to3([BI[BII)I >"	58	58	16	57
"< Application, Ljflex/DFA, minimize()V >"	435	335	334	347
"< Application, Ljflex/LexScan, next_token()Ljava_cup/runtime/Symbol; >"	109	72	5	71
"< Application, Lpolyglot/parse/Lexer_c, zzScanError(I)V >"	1	5	4	2
"< Application, Lpolyglot/ext/jl5/parse/Lexer_c, nextToken()Lpolyglot/lex/Token; >"	38	26	268	9
"< Application, Ljava_cup/lalr_state, build_table_entries(Ljava_cup/parse_action_table;Ljava_cup/parse_reduce_table;)V >"	69	85	82	84
"< Application, Ljava_cup/parse_action_row, compute_default()V >"	20	24	23	40
"< Application, Ljflex/LexScan, main([Ljava/lang/String;)V >"	56	69	1	95
"< Application, Ljflex/DFA, old_minimize()[[Z >"	96	74	18	116
"< Application, Ljava_cup/emit, do_reduce_table(Ljava/io/PrintWriter;Ljava_cup/parse_reduce_table;)V >"	30	37	8	46
"< Application, Ljflex/DFA, minimize()V >"	253	197	47	202
"< Application, Ljava_cup/emit, do_action_table(Ljava/io/PrintWriter;Ljava_cup/parse_action_table;ZI)V >"	72	67	10	81
"< Application, Lpolyglot/ext/jl5/types/reflect/Annotations$ElementValueEnumConstant, toAnnotationElementValue(Lpolyglot/ext/jl5/types/reflect/JL5ClassFileLazyClassInitializer;Lpolyglot/ext/jl5/types/JL5TypeSystem;Lpolyglot/util/Position;)Lpolyglot/ext/jl5/types/AnnotationElementValue; >"	4	11	9	10
"< Application, Lpolyglot/ext/jl5/types/reflect/JL5ClassFileLazyClassInitializer, annotationElemInstance(Lpolyglot/ext/jl5/types/reflect/JL5Method;Lpolyglot/types/ParsedClassType;Z)Lpolyglot/ext/jl5/types/AnnotationTypeElemInstance; >"	3	11	8	10
"< Application, Lpolyglot/util/SerialVersionUID, generate(Ljava/lang/Class;)J >"	22	34	32	46
"< Application, Ljflex/DFA, minimize()V >"	97	73	48	75
"< Application, Ljflex/Main, parseOptions([Ljava/lang/String;)Ljava/util/List; >"	182	171	1	206
"< Application, Lpolyglot/ext/jl5/types/inference/InferenceSolver_c, solve(Lpolyglot/types/Type;)Ljava/util/Map; >"	37	45	41	58
"< Application, Ljflex/DFA, minimize()V >"	55	52	38	54
"< Application, Ljava_cup/runtime/lr_parser, parse()Ljava_cup/runtime/Symbol; >"	60	61	60	20
"< Application, Ljflex/DFA, minimize()V >"	345	265	34	36
"< Application, Ljava_cup/runtime/lr_parser, debug_parse()Ljava_cup/runtime/Symbol; >"	78	88	87	34
"< Application, Ljflex/StateSet, equals(Ljava/lang/Object;)Z >"	9	25	24	30
"< Application, Ljava_cup/Lexer, zzScanError(I)V >"	5	9	7	8
"< Application, Lpolyglot/util/Base64, encode3to4([BII[BII)[B >"	48	50	9	49
"< Application, Ljflex/NFA, complement(Ljflex/IntPair;)Ljflex/IntPair; >"	76	89	88	82
"< Application, Ljflex/Emitter, emitTransition(II)V >"	29	40	39	3
"< Application, Lpolyglot/types/reflect/Field, initialize()V >"	38	45	44	53
"< Application, Ljflex/DFA, minimize()V >"	471	367	290	366
"< Application, Ljava_cup/Main, parse_args([Ljava/lang/String;)V >"	136	131	1	227
"< Application, Ljflex/DFA, minimize()V >"	310	238	26	233
"< Application, Lpolyglot/util/Base64, decode4to3([BI[BII)I >"	82	23	16	22
"< Application, Ljflex/DFA, old_minimize()[[Z >"	48	38	37	43
"< Application, Lpolyglot/main/Options, jvmbootclasspath()Ljava/lang/String; >"	36	61	56	77
"< Application, Ljflex/DFA, minimize()V >"	261	203	47	221
"< Application, Lpolyglot/visit/DataFlow, findSCCs(Lpolyglot/visit/FlowGraph;)Lpolyglot/util/Pair; >"	151	190	60	239
"< Application, Ljflex/NFA, getDFA()Ljflex/DFA; >"	49	59	56	58
"< Application, Ljflex/NFA, addTransition(III)V >"	27	39	38	2
"< Application, Ljflex/StateSet, add(Ljflex/StateSet;)V >"	17	17	16	22
"< Application, Lpolyglot/ext/jl5/JL5Options$2, handle([Ljava/lang/String;I)Lpolyglot/main/OptFlag$Arg; >"	1	7	2	3
"< Application, Ljava_cup/runtime/lr_parser, parse_lookahead(Z)V >"	76	92	91	49
"< Application, Ljflex/DFA, minimize()V >"	446	344	343	359
"< Application, Ljflex/DFA, old_minimize()[[Z >"	98	75	20	116
"< Application, Ljflex/Main, parseOptions([Ljava/lang/String;)Ljava/util/List; >"	89	82	1	206
"< Application, Lpolyglot/util/Base64$InputStream, read()I >"	75	60	57	58
"< Application, Ljava_cup/production, merge_adjacent_actions([Ljava_cup/production_part;I)I >"	6	8	2	47
"< Application, Ljflex/Main, parseOptions([Ljava/lang/String;)Ljava/util/List; >"	225	223	1	206
"< Application, Lpolyglot/util/ConcatenatedIterator, findNextItem()V >"	6	8	6	7
"< Application, Ljflex/NFA, getDFA()Ljflex/DFA; >"	60	69	66	68
"< Application, Ljava_cup/Main, parse_args([Ljava/lang/String;)V >"	116	115	1	227
"< Application, Ljava_cup/production, merge_adjacent_actions([Ljava_cup/production_part;I)I >"	32	33	2	46
"< Application, Ljava_cup/Lexer, next_token()Ljava_cup/runtime/Symbol; >"	52	35	34	33
"< Application, Lpolyglot/qq/Lexer_c, zzScanError(I)V >"	1	5	4	2
"< Application, Ljava_cup/Main, parse_args([Ljava/lang/String;)V >"	11	15	1	10
"< Application, Ljava_cup/emit, do_table_as_string(Ljava/io/PrintWriter;[[S)V >"	41	51	31	65
"< Application, Ljava_cup/Lexer, next_token()Ljava_cup/runtime/Symbol; >"	76	56	88	70
"< Application, Ljflex/Emitter, transformTransitionTable()V >"	45	43	42	26
"< Application, Ljflex/DFA, minimize()V >"	71	62	38	60
"< Application, Ljflex/DFA, minimize()V >"	66	58	56	57
"< Application, Ljava_cup/production, declare_labels([Ljava_cup/production_part;ILjava/lang/String;)Ljava/lang/String; >"	2	8	2	38
"< Application, Lpolyglot/ext/jl5/types/reflect/JL5ClassFileLazyClassInitializer, initAnnotationElems()V >"	8	9	7	58
"< Application, Ljflex/DFA, minimize()V >"	223	175	30	36
"< Application, Ljflex/DFA, minimize()V >"	67	59	58	89
"< Application, Ljflex/DFA, dotFormat()Ljava/lang/String; >"	12	20	19	31
"< Application, Ljflex/DFA, minimize()V >"	470	366	365	375
"< Application, Ljflex/Emitter, reduceRows()V >"	29	24	23	18
"< Application, Ljava_cup/runtime/lr_parser, get_reduce(II)S >"	8	12	6	15
"< Application, Ljava_cup/emit, do_action_table(Ljava/io/PrintWriter;Ljava_cup/parse_action_table;ZI)V >"	70	65	10	81
"< Application, Lpolyglot/types/reflect/ClassFileLazyClassInitializer, initInterfaces()V >"	8	9	7	19
"< Application, Lpolyglot/main/Options$11, handle([Ljava/lang/String;I)Lpolyglot/main/OptFlag$Arg; >"	1	7	2	3
"< Application, Lpolyglot/ext/jl5/parse/Lexer_c, yycharat(I)C >"	3	7	4	6
"< Application, Ljflex/Emitter, emitCharMapArrayUnPacked()V >"	13	24	21	23
"< Application, Ljflex/DFA, minimize()V >"	439	339	294	338
"< Application, Lpolyglot/util/SerialVersionUID, longAt([BI)J >"	1	6	1	5
"< Application, Lpolyglot/types/reflect/Field, getString()Ljava/lang/String; >"	9	17	14	16
"< Application, Lpolyglot/types/reflect/ClassFileLazyClassInitializer, initMethods()V >"	15	18	7	57
"< Application, Ljflex/Emitter, getDefaultTransition(I)I >"	5	8	7	2
"< Application, Lpolyglot/types/reflect/ClassFile_c, readConstantPool(Ljava/io/DataInputStream;)V >"	11	15	14	22
"< Application, Ljflex/DFA, minimize()V >"	434	334	333	360
"< Application, Lpolyglot/parse/Lexer_c, nextToken()Lpolyglot/lex/Token; >"	94	58	7	57
"< Application, Lpolyglot/util/Base64, encode3to4([BII[BII)[B >"	43	46	9	45
"< Application, Ljflex/NFA, toString()Ljava/lang/String; >"	7	11	10	91
"< Application, Ljflex/Emitter, emitDefaultTransition(II)V >"	4	12	11	3
"< Application, Ljflex/LexScan, next_token()Ljava_cup/runtime/Symbol; >"	101	67	64	66
"< Application, Lpolyglot/main/Options, jvmbootclasspath()Ljava/lang/String; >"	40	67	56	77
"< Application, Ljflex/LexScan, main([Ljava/lang/String;)V >"	5	6	1	4
"< Application, Ljflex/DFA, minimize()V >"	387	302	24	312
"< Application, Lpolyglot/util/Base64, decode(Ljava/lang/String;I)[B >"	21	25	16	19
"< Application, Ljflex/Emitter, emitAttributes()V >"	26	31	30	41
"< Application, Ljflex/NFA, addEpsilonTransition(II)V >"	7	12	11	2
"< Application, Ljflex/DFA, minimize()V >"	379	296	24	311
"< Application, Ljflex/Emitter, emitRowMapArray()V >"	12	19	18	25
"< Application, Ljflex/DFA, minimize()V >"	291	225	22	224
"< Application, Lpolyglot/ext/jl5/types/inference/InferenceSolver_c, hasUnresolvedTypeArguments([Lpolyglot/types/Type;)Z >"	3	5	1	9
"< Application, Ljava_cup/runtime/lr_parser, get_action(II)S >"	24	19	6	18
"< Application, Lpolyglot/util/Base64, encode(Ljava/nio/ByteBuffer;Ljava/nio/CharBuffer;)V >"	10	19	7	27
"< Application, Lpolyglot/parse/Lexer_c, nextToken()Lpolyglot/lex/Token; >"	91	81	78	76
"< Application, Lppg/lex/Lexer, zzScanError(I)V >"	5	9	7	8
"< Application, Lpolyglot/types/reflect/ClassFile_c, name()Ljava/lang/String; >"	2	5	3	4
"< Application, Ljava_cup/production, merge_adjacent_actions([Ljava_cup/production_part;I)I >"	9	11	2	46
"< Application, Ljflex/StateSet, containsSet(Ljflex/StateSet;)Z >"	13	17	16	21
"< Application, Ljava_cup/Lexer, next_token()Ljava_cup/runtime/Symbol; >"	116	97	96	90
"< Application, Ljflex/DFA, minimize()V >"	330	253	44	275
"< Application, Ljflex/Emitter, emitCharMapArray()V >"	22	30	29	60
"< Application, Ljflex/Emitter, getDefaultTransition(I)I >"	18	20	19	2
"< Application, Ljflex/DFA, minimize()V >"	149	116	26	119
"< Application, Ljava_cup/production, <init>(Ljava_cup/non_terminal;[Ljava_cup/production_part;ILjava/lang/String;)V >"	83	73	72	81
"< Application, Ljflex/DFA, old_minimize()[[Z >"	46	36	18	46
"< Application, Ljflex/Emitter, emitZZTrans()V >"	26	28	27	42
"< Application, Ljflex/StateSet, complement(Ljflex/StateSet;)Ljflex/StateSet; >"	17	19	18	27
"< Application, Ljflex/NFA, addTransition(III)V >"	18	35	34	2
"< Application, Ljflex/DFA, minimize()V >"	457	353	352	359
"< Application, Ljava_cup/runtime/lr_parser, unpackFromStrings([Ljava/lang/String;)[[S >"	1	5	1	4
"< Application, Ljflex/LexScan, next_token()Ljava_cup/runtime/Symbol; >"	64	48	45	47
"< Application, Ljava_cup/lalr_state, build_table_entries(Ljava_cup/parse_action_table;Ljava_cup/parse_reduce_table;)V >"	27	38	37	71
"< Application, Ljava_cup/runtime/lr_parser, restart_lookahead()V >"	6	9	8	11
"< Application, Lpolyglot/ext/jl5/types/inference/InferenceSolver_c, solve(Ljava/util/List;ZZ)[Lpolyglot/types/Type; >"	101	106	46	123
"< Application, Lpolyglot/main/Options, parseCommandLine([Ljava/lang/String;Ljava/util/Set;)V >"	9	24	2	9
"< Application, Ljflex/DFA, minimize()V >"	228	178	30	36
"< Application, Lpolyglot/ext/jl7/parse/Lexer_c, nextToken()Lpolyglot/lex/Token; >"	97	61	6	60
"< Application, Ljflex/DFA, old_minimize()[[Z >"	115	89	88	105
"< Application, Ljflex/Emitter, getDefaultTransition(I)I >"	36	36	35	28
"< Application, Ljflex/Main, printUnicodePropertyValuesAndAliases(Ljava/lang/String;)V >"	56	78	63	92
"< Application, Ljflex/CharSetEnumerator, <init>(Ljflex/CharSet;)V >"	29	29	27	28
"< Application, Ljflex/LexScan, next_token()Ljava_cup/runtime/Symbol; >"	86	57	56	54
"< Application, Ljava_cup/Main, parse_args([Ljava/lang/String;)V >"	168	155	1	227
"< Application, Lpolyglot/util/Base64, encode3to4([BII[BII)[B >"	53	55	9	54
"< Application, Ljflex/DFA, minimize()V >"	128	102	100	101
"< Application, Lpolyglot/ext/jl5/types/reflect/Annotations, toAnnotationElems(Lpolyglot/ext/jl5/types/reflect/JL5ClassFileLazyClassInitializer;Lpolyglot/ext/jl5/types/JL5TypeSystem;)Ljava/util/Map; >"	7	12	9	29
"< Application, Lpolyglot/util/Base64, decode4to3([BI[BII)I >"	93	38	16	37
"< Application, Lpolyglot/util/Base64, decode4to3([BI[BII)I >"	63	63	16	62
"< Application, Lpolyglot/ext/jl7/parse/Lexer_c, nextToken()Lpolyglot/lex/Token; >"	94	58	7	57
"< Application, Ljflex/Main, parseOptions([Ljava/lang/String;)Ljava/util/List; >"	49	42	1	206
"< Application, Ljflex/LexScan, next_token()Ljava_cup/runtime/Symbol; >"	69	49	45	43
"< Application, Ljava_cup/Main, parse_args([Ljava/lang/String;)V >"	141	135	1	227
"< Application, Lpolyglot/ext/jl7/parse/Lexer_c, nextToken()Lpolyglot/lex/Token; >"	52	35	34	33
"< Application, Lpolyglot/util/BitVector, setBit(IZ)V >"	12	15	14	18
"< Application, Lppg/PPG, main([Ljava/lang/String;)V >"	12	17	1	16
"< Application, Lpolyglot/qq/Lexer_c, nextToken()Lpolyglot/lex/Token; >"	38	26	298	9
"< Application, Lpolyglot/qq/Lexer_c, nextToken()Lpolyglot/lex/Token; >"	11	12	298	24
"< Application, Ljflex/DFA, old_minimize()[[Z >"	127	97	20	93
"< Application, Ljava_cup/Main, parse_args([Ljava/lang/String;)V >"	121	119	1	227
"< Application, Lpolyglot/visit/DataFlow, dataflow(Lpolyglot/visit/FlowGraph;)V >"	123	110	18	116
"< Application, Ljflex/Main, parseOptions([Ljava/lang/String;)Ljava/util/List; >"	171	159	1	206
"< Application, Ljflex/Main, parseOptions([Ljava/lang/String;)Ljava/util/List; >"	64	58	1	206
"< Application, Ljflex/LexScan, getTokenName(I)Ljava/lang/String; >"	5	9	6	15
"< Application, Lpolyglot/main/Options, usageHeader(Ljava/io/PrintStream;)V >"	10	24	22	23
"< Application, Lpolyglot/ext/jl7/parse/Lexer_c, nextToken()Lpolyglot/lex/Token; >"	116	97	96	90
"< Application, Ljava_cup/runtime/lr_parser, unpackFromStrings([Ljava/lang/String;)[[S >"	6	9	1	13
"< Application, Lpolyglot/types/reflect/Constant, hashCode()I >"	11	10	8	9
"< Application, Ljflex/StatePairList, markAll([[Ljflex/StatePairList;[[Z)V >"	15	17	2	8
"< Application, Ljflex/StatePairList, markAll([[Ljflex/StatePairList;[[Z)V >"	8	12	11	10
"< Application, Ljflex/StatePairList, addPair(II)V >"	7	10	9	13
"< Application, Ljava_cup/Lexer, next_token()Ljava_cup/runtime/Symbol; >"	11	12	133	24
"< Application, Ljflex/DFA, printBlocks([I[I[II)V >"	58	97	2	87
"< Application, Ljflex/Main, printUnicodePropertyValuesAndAliases(Ljava/lang/String;)V >"	47	70	56	76
"< Application, Lpolyglot/visit/DataFlow, findSCCs(Lpolyglot/visit/FlowGraph;)Lpolyglot/util/Pair; >"	167	215	60	239
"< Application, Ljflex/Emitter, getDefaultTransition(I)I >"	15	16	15	28
"< Application, Ljflex/DFA, old_minimize()[[Z >"	114	88	87	117
"< Application, Ljflex/DFA, old_minimize()[[Z >"	33	26	25	46
"< Application, Ljava_cup/parse_action_table, toString()Ljava/lang/String; >"	16	26	25	68
"< Application, Ljflex/Emitter, emitCharMapArray()V >"	19	27	26	60
"< Application, Lpolyglot/filemanager/ExtFileManager, fileSource(Ljavax/tools/JavaFileManager$Location;Ljava/lang/String;Lpolyglot/frontend/Source$Kind;)Lpolyglot/frontend/FileSource; >"	57	70	68	83
"< Application, Ljflex/unicode/UnicodeProperties, bind([Ljava/lang/String;[Ljava/lang/String;[Ljava/lang/String;ILjava/lang/String;I)V >"	51	63	4	74
"< Application, Ljflex/Main, parseOptions([Ljava/lang/String;)Ljava/util/List; >"	111	102	1	206
"< Application, Lpolyglot/ext/jl5/types/reflect/Annotations$Annotation, <init>(Lpolyglot/ext/jl5/types/reflect/Annotations;Lpolyglot/types/reflect/ClassFile;Ljava/io/DataInputStream;)V >"	14	20	19	15
"< Application, Lpolyglot/ext/jl5/parse/Lexer_c, nextToken()Lpolyglot/lex/Token; >"	95	59	5	82
"< Application, Ljflex/DFA, minimize()V >"	430	331	330	347
"< Application, Ljflex/NFA, dotFormat()Ljava/lang/String; >"	28	36	35	69
"< Application, Lpolyglot/types/reflect/ClassFileLazyClassInitializer, createType()Lpolyglot/types/ParsedClassType; >"	40	61	59	69
"< Application, Lpolyglot/ext/jl5/types/reflect/Annotations$ElementValueConstant, toAnnotationElementValue(Lpolyglot/ext/jl5/types/reflect/JL5ClassFileLazyClassInitializer;Lpolyglot/ext/jl5/types/JL5TypeSystem;Lpolyglot/util/Position;)Lpolyglot/ext/jl5/types/AnnotationElementValue; >"	7	16	14	15
"< Application, Ljflex/DFA, old_minimize()[[Z >"	94	73	72	70
"< Application, Ljflex/DFA, minimize()V >"	240	186	185	183
"< Application, Ljflex/StateSet, containsSet(Ljflex/StateSet;)Z >"	24	25	24	29
"< Application, Ljflex/DFA, minimize()V >"	398	307	24	306
"< Application, Lpolyglot/ext/jl5/types/reflect/JL5Field, initialize()V >"	21	26	25	19
"< Application, Ljflex/Emitter, getDefaultTransition(I)I >"	39	40	39	2
"< Application, Lpolyglot/parse/Lexer_c, yycharat(I)C >"	3	7	4	6
"< Application, Ljava_cup/production, <init>(Ljava_cup/non_terminal;[Ljava_cup/production_part;ILjava/lang/String;)V >"	76	65	64	81
"< Application, Ljflex/DFA, printBlocks([I[I[II)V >"	42	77	3	157
"< Application, Lpolyglot/types/reflect/ClassFile_c, name()Ljava/lang/String; >"	10	16	13	15
"< Application, Lpolyglot/ext/jl5/types/reflect/JL5Method, initialize()V >"	76	84	83	92
"< Application, Ljflex/DFA, minimize()V >"	453	350	349	359
"< Application, Lpolyglot/main/Options$13, handle([Ljava/lang/String;I)Lpolyglot/main/OptFlag$Arg; >"	1	7	2	3
"< Application, Lpolyglot/filemanager/ExtFileManager, fileSource(Ljavax/tools/JavaFileManager$Location;Ljava/lang/String;Lpolyglot/frontend/Source$Kind;)Lpolyglot/frontend/FileSource; >"	106	145	68	155
"< Application, Ljava_cup/runtime/lr_parser, error_recovery(Z)Z >"	26	25	24	4
"< Application, Ljflex/NFA, toString()Ljava/lang/String; >"	51	75	74	93
"< Application, Ljava_cup/production, <init>(Ljava_cup/non_terminal;[Ljava_cup/production_part;ILjava/lang/String;)V >"	65	53	52	81
"< Application, Ljflex/LexScan, next_token()Ljava_cup/runtime/Symbol; >"	51	35	34	33
"< Application, Ljflex/Emitter, findActionStates()V >"	21	20	16	23
"< Application, Ljflex/StatePairList, markAll([[Ljflex/StatePairList;[[Z)V >"	7	11	3	8
"< Application, Ljflex/NFA, containsFinal(Ljflex/StateSet;)Z >"	8	14	10	13
"< Application, Ljflex/unicode/UnicodeProperties, bind([Ljava/lang/String;[Ljava/lang/String;[Ljava/lang/String;ILjava/lang/String;I)V >"	7	12	3	59
"< Application, Lpolyglot/util/Base64, decode4to3([BI[BII)I >"	41	79	16	78
"< Application, Lpolyglot/ext/jl5/types/inference/InferenceSolver_c, handleUnresolvedTypeArgs([Lpolyglot/types/Type;Lpolyglot/types/Type;)[Lpolyglot/types/Type; >"	57	74	71	76
"< Application, Ljflex/DFA, minimize()V >"	278	213	22	212
"< Application, Lpolyglot/ext/jl5/types/reflect/JL5ClassFileLazyClassInitializer, initAnnotationElems()V >"	19	24	7	58
"< Application, Ljava_cup/Main, parse_args([Ljava/lang/String;)V >"	70	70	1	227
"< Application, Lpolyglot/qq/Lexer_c, stringSubst(Ljava/lang/String;[Ljava/lang/Object;)Ljava/lang/String; >"	11	17	3	27
"< Application, Ljava_cup/Main, parse_args([Ljava/lang/String;)V >"	78	78	1	74
"< Application, Lpolyglot/parse/Lexer_c, nextToken()Lpolyglot/lex/Token; >"	97	61	6	60
"< Application, Lpolyglot/util/Base64, encode3to4([BII[BII)[B >"	9	19	1	18
"< Application, Ljava_cup/runtime/lr_parser, get_action(II)S >"	8	34	6	37
"< Application, Ljflex/NFA, addTransition(III)V >"	23	45	44	3
"< Application, Lpolyglot/ext/jl5/types/reflect/JL5Signature, parseFieldSignature(Lpolyglot/types/TypeSystem;Lpolyglot/util/Position;Lpolyglot/types/ClassType;)V >"	7	11	9	10
"< Application, Ljflex/DFA, old_minimize()[[Z >"	51	40	39	46
"< Application, Ljflex/DFA, old_minimize()[[Z >"	81	64	63	116
"< Application, Lpolyglot/ext/jl5/types/inference/InferenceSolver_c, solve(Ljava/util/List;ZZ)[Lpolyglot/types/Type; >"	46	59	46	58
"< Application, Ljava_cup/Main, parse_args([Ljava/lang/String;)V >"	50	52	1	227
"< Application, Ljflex/Emitter, emitDynamicInit()V >"	28	31	30	43
"< Application, Ljflex/NFA, insertNotClassNFA(Ljava/util/List;II)V >"	5	11	8	15
"< Application, Lpolyglot/parse/Lexer_c, nextToken()Lpolyglot/lex/Token; >"	52	35	34	33
"< Application, Ljflex/CharSetEnumerator, <init>(Ljflex/CharSet;)V >"	11	13	11	12
"< Application, Lppg/parse/ParseTest, main([Ljava/lang/String;)V >"	0	5	1	4
"< Application, Ljflex/Main, parseOptions([Ljava/lang/String;)Ljava/util/List; >"	198	187	1	206
"< Application, Lpolyglot/util/ObjectDumper, dumpObject(Ljava/lang/Object;Ljava/util/Set;)V >"	23	31	28	75
"< Application, Ljflex/Emitter, findActionStates()V >"	18	16	15	26
"< Application, Ljflex/Main, parseOptions([Ljava/lang/String;)Ljava/util/List; >"	124	114	1	206
"< Application, Lpolyglot/ext/jl5/types/reflect/JL5ClassFileLazyClassInitializer, methodInstance(Lpolyglot/types/reflect/Method;Lpolyglot/types/ClassType;)Lpolyglot/types/MethodInstance; >"	20	32	29	42
"< Application, Lpolyglot/types/reflect/ClassFileLazyClassInitializer, createType()Lpolyglot/types/ParsedClassType; >"	61	84	82	83
"< Application, Ljava_cup/emit, emit_production_table(Ljava/io/PrintWriter;)V >"	24	35	23	41
"< Application, Ljava_cup/Main, parse_args([Ljava/lang/String;)V >"	23	27	1	26
"< Application, Ljflex/NFA, toString()Ljava/lang/String; >"	59	84	83	93
"< Application, Ljava_cup/production, strip_trailing_action([Ljava_cup/production_part;I)Ljava_cup/action_part; >"	8	13	2	12
"< Application, Lpolyglot/main/Options$3, handle([Ljava/lang/String;I)Lpolyglot/main/OptFlag$Arg; >"	1	6	2	3
"< Application, Lpolyglot/ext/jl7/parse/Lexer_c, nextToken()Lpolyglot/lex/Token; >"	38	26	268	9
"< Application, Lpolyglot/util/typedump/Main, main([Ljava/lang/String;)V >"	19	22	1	21
"< Application, Ljflex/StateSet, equals(Ljava/lang/Object;)Z >"	11	27	26	30
"< Application, Lpolyglot/visit/DataFlow, dataflow(Lpolyglot/visit/FlowGraph;)V >"	121	109	18	116
"< Application, Lpolyglot/util/TransformingIterator, findNextItem()V >"	23	24	22	23
"< Application, Ljflex/Emitter, emitAttributes()V >"	12	20	19	14
"< Application, Ljflex/DFA, minimize()V >"	437	337	336	360
"< Application, Ljava_cup/emit, emit_production_table(Ljava/io/PrintWriter;)V >"	17	26	7	41
"< Application, Lpolyglot/main/Main, invokePostCompiler(Lpolyglot/main/Options;Lpolyglot/frontend/Compiler;Lpolyglot/util/ErrorQueue;)Z >"	109	101	50	114
"< Application, Ljflex/Emitter, transformTransitionTable()V >"	48	45	44	61
"< Application, Ljflex/StateSet, hashCode()I >"	14	17	4	22
"< Application, Ljflex/NFA, DFAEdge(Ljflex/StateSet;C)Ljflex/StateSet; >"	12	19	18	3
"< Application, Ljflex/Emitter, emitCharMapArray()V >"	28	37	36	60
"< Application, Lpolyglot/parse/Lexer_c, nextToken()Lpolyglot/lex/Token; >"	116	97	96	90
"< Application, Lpolyglot/ext/jl5/types/reflect/JL5Signature, parseClassTypeVariables(Lpolyglot/types/TypeSystem;Lpolyglot/util/Position;)Ljava/util/List; >"	6	10	8	9
"< Application, Ljflex/Emitter, getDefaultTransition(I)I >"	14	15	14	2
"< Application, Ljava_cup/Main, parse_args([Ljava/lang/String;)V >"	82	83	1	74
"< Application, Ljflex/DFA, printL([I[II)V >"	16	31	2	59
"< Application, Ljflex/Emitter, getDefaultTransition(I)I >"	31	33	32	2
"< Application, Ljava_cup/Lexer, next_token()Ljava_cup/runtime/Symbol; >"	95	59	5	82
"< Application, Ljflex/Emitter, emitState(I)V >"	23	34	33	2
"< Application, Ljava_cup/Main, parse_args([Ljava/lang/String;)V >"	146	139	1	227
"< Application, Lpolyglot/ext/jl5/types/reflect/Annotations$ElementValueEnumConstant, toAnnotationElementValue(Lpolyglot/ext/jl5/types/reflect/JL5ClassFileLazyClassInitializer;Lpolyglot/ext/jl5/types/JL5TypeSystem;Lpolyglot/util/Position;)Lpolyglot/ext/jl5/types/AnnotationElementValue; >"	11	20	18	19
"< Application, Lpolyglot/parse/Lexer_c, nextToken()Lpolyglot/lex/Token; >"	102	63	8	62
"< Application, Ljflex/NFA, dotFormat()Ljava/lang/String; >"	12	20	19	31
"< Application, Lpolyglot/ext/jl5/types/inference/LubType_c, lub([Lpolyglot/types/ReferenceType;)Lpolyglot/types/ReferenceType; >"	7	10	2	15
"< Application, Ljflex/DFA, old_minimize()[[Z >"	118	92	91	105
"< Application, Lpolyglot/visit/DataFlow, findSCCs(Lpolyglot/visit/FlowGraph;)Lpolyglot/util/Pair; >"	136	169	61	239
"< Application, Ljflex/Emitter, emitAttributes()V >"	8	17	16	14
"< Application, Ljflex/NFA, dotFormat()Ljava/lang/String; >"	32	40	39	69
"< Application, Lpolyglot/types/reflect/ClassFileLazyClassInitializer, methodInstance(Lpolyglot/types/reflect/Method;Lpolyglot/types/ClassType;)Lpolyglot/types/MethodInstance; >"	7	16	7	15
"< Application, Ljava_cup/Main, parse_args([Ljava/lang/String;)V >"	101	102	1	93
"< Application, Ljava_cup/production, declare_labels([Ljava_cup/production_part;ILjava/lang/String;)Ljava/lang/String; >"	5	11	2	38
"< Application, Ljflex/DFA, old_minimize()[[Z >"	85	68	67	83
"< Application, Lpolyglot/ext/jl5/types/reflect/JL5ClassFileLazyClassInitializer, fieldInstance(Lpolyglot/types/reflect/Field;Lpolyglot/types/ClassType;)Lpolyglot/types/FieldInstance; >"	8	17	8	16
"< Application, Ljflex/Emitter, emitLexicalStates()V >"	55	86	85	82
"< Application, Lpolyglot/qq/Lexer_c, nextToken()Lpolyglot/lex/Token; >"	95	59	5	82
"< Application, Ljflex/Emitter, transformTransitionTable()V >"	25	26	25	58
"< Application, Ljflex/Emitter, emitTransition(II)V >"	3	12	11	3
"< Application, Ljflex/StateSet, addState(I)V >"	6	10	9	5
"< Application, Lpolyglot/qq/Lexer_c, nextToken()Lpolyglot/lex/Token; >"	69	51	8	50
"< Application, Ljflex/DFA, minimize()V >"	474	369	368	375
"< Application, Lppg/lex/Lexer, getToken()Lppg/lex/Token; >"	94	61	5	84
"< Application, Lpolyglot/visit/DataFlow, findSCCs(Lpolyglot/visit/FlowGraph;)Lpolyglot/util/Pair; >"	160	203	61	239
"< Application, Lpolyglot/util/Base64, decode4to3([BI[BII)I >"	45	83	1	82
"< Application, Ljava_cup/production, merge_adjacent_actions([Ljava_cup/production_part;I)I >"	41	43	2	46
"< Application, Lpolyglot/types/reflect/ClassFile_c, classNameCP(I)Ljava/lang/String; >"	10	16	13	15
"< Application, Ljflex/DFA, old_minimize()[[Z >"	101	78	20	116
"< Application, Ljava_cup/Main, parse_args([Ljava/lang/String;)V >"	205	188	1	227
"< Application, Ljflex/NFA, removeDead(II)V >"	50	51	50	48
"< Application, Ljflex/DFA, printInvDelta([[I[I)V >"	25	40	3	64
"< Application, Ljava_cup/Main, parse_args([Ljava/lang/String;)V >"	31	36	1	26
"< Application, Lpolyglot/visit/DataFlow, findSCCs(Lpolyglot/visit/FlowGraph;)Lpolyglot/util/Pair; >"	86	106	8	161
"< Application, Ljflex/DFA, minimize()V >"	246	190	42	192
"< Application, Lpolyglot/util/SerialVersionUID, generate()J >"	3	7	5	6
"< Application, Lpolyglot/util/Base64, decode4to3([BI[BII)I >"	69	69	16	68
"< Application, Ljava_cup/Main, parse_args([Ljava/lang/String;)V >"	198	183	1	179
"< Application, Ljava_cup/Main, parse_args([Ljava/lang/String;)V >"	55	57	1	56
"< Application, Lpolyglot/ext/jl7/parse/Lexer_c, zzScanError(I)V >"	1	5	4	2
"< Application, Ljflex/StateSetEnumerator, reset(Ljflex/StateSet;)V >"	11	12	10	11
"< Application, Ljflex/Main, parseOptions([Ljava/lang/String;)Ljava/util/List; >"	100	90	1	206
"< Application, Lpolyglot/main/OptFlag, <init>(Lpolyglot/main/OptFlag$Kind;[Ljava/lang/String;Ljava/lang/String;Ljava/lang/String;Ljava/lang/String;)V >"	9	14	3	20
"< Application, Lpolyglot/ext/jl7/parse/Lexer_c, nextToken()Lpolyglot/lex/Token; >"	11	12	268	24
"< Application, Lpolyglot/parse/Lexer_c, nextToken()Lpolyglot/lex/Token; >"	95	59	5	82
"< Application, Ljava_cup/parse_action_row, compute_default()V >"	16	19	18	40
"< Application, Ljflex/LexScan, next_token()Ljava_cup/runtime/Symbol; >"	37	26	8	6
"< Application, Lpolyglot/ext/jl5/types/inference/InferenceSolver_c, solve(Ljava/util/List;ZZ)[Lpolyglot/types/Type; >"	63	69	46	121
"< Application, Lpolyglot/util/Position, compilerGenerated(I)Lpolyglot/util/Position; >"	13	15	9	1
"< Application, Ljflex/LexScan, getTokenName(I)Ljava/lang/String; >"	8	16	6	15
"< Application, Ljava_cup/Main, parse_args([Ljava/lang/String;)V >"	47	51	1	42
"< Application, Ljava_cup/emit, do_action_table(Ljava/io/PrintWriter;Ljava_cup/parse_action_table;ZI)V >"	77	70	10	81
"< Application, Ljflex/Main, parseOptions([Ljava/lang/String;)Ljava/util/List; >"	73	66	1	206
"< Application, Ljflex/CharSet, add(I)V >"	14	22	20	21
"< Application, Ljflex/Main, parseOptions([Ljava/lang/String;)Ljava/util/List; >"	155	142	1	206
"< Application, Ljflex/Emitter, emitDynamicInit()V >"	35	36	35	50
"< Application, Ljflex/DFA, minimize()V >"	384	297	24	298
"< Application, Lpolyglot/qq/Lexer_c, nextToken()Lpolyglot/lex/Token; >"	94	58	7	57
"< Application, Ljflex/DFA, minimize()V >"	212	163	34	36
"< Application, Ljflex/DFA, minimize()V >"	308	237	26	224
"< Application, Ljava_cup/Main, parse_args([Ljava/lang/String;)V >"	178	163	1	227
"< Application, Ljflex/Main, parseOptions([Ljava/lang/String;)Ljava/util/List; >"	19	18	1	16
"< Application, Ljflex/DFA, minimize()V >"	117	93	24	119
"< Application, Ljflex/DFA, minimize()V >"	444	342	341	360
"< Application, Ljflex/DFA, minimize()V >"	316	239	22	233
"< Application, Ljflex/Main, parseOptions([Ljava/lang/String;)Ljava/util/List; >"	22	20	1	206
"< Application, Lpolyglot/ext/jl7/parse/Lexer_c, nextToken()Lpolyglot/lex/Token; >"	95	59	5	82
"< Application, Ljava_cup/Main, parse_args([Ljava/lang/String;)V >"	40	43	1	42
"< Application, Ljflex/Main, parseOptions([Ljava/lang/String;)Ljava/util/List; >"	81	74	1	206
"< Application, Lpolyglot/ext/jl5/parse/Lexer_c, nextToken()Lpolyglot/lex/Token; >"	76	56	88	70
"< Application, Ljflex/DFA, minimize()V >"	283	216	24	217
"< Application, Ljflex/DFA, minimize()V >"	447	345	344	347
"< Application, Lpolyglot/ext/jl5/parse/Lexer_c, nextToken()Lpolyglot/lex/Token; >"	102	63	8	62
"< Application, Ljava_cup/Lexer, next_token()Ljava_cup/runtime/Symbol; >"	38	26	133	9
"< Application, Ljflex/DFA, minimize()V >"	84	68	38	80
"< Application, Ljflex/DFA, minimize()V >"	292	226	46	225
"< Application, Ljflex/Main, parseOptions([Ljava/lang/String;)Ljava/util/List; >"	142	130	1	206
"< Application, Ljflex/Emitter, getDefaultTransition(I)I >"	35	35	34	2
"< Application, Ljflex/Emitter, emitDynamicInit()V >"	3	7	6	3
"< Application, Lpolyglot/util/Base64$InputStream, read()I >"	33	14	11	13
"< Application, Lpolyglot/types/reflect/Field, name()Ljava/lang/String; >"	3	7	5	6
"< Application, Lpolyglot/parse/Lexer_c, nextToken()Lpolyglot/lex/Token; >"	66	49	47	48
"< Application, Ljflex/NFA, dotFormat()Ljava/lang/String; >"	56	75	74	97
"< Application, Lpolyglot/types/reflect/ClassFileLazyClassInitializer, constructorInstance(Lpolyglot/types/reflect/Method;Lpolyglot/types/ClassType;[Lpolyglot/types/reflect/Field;)Lpolyglot/types/ConstructorInstance; >"	7	14	4	22
"< Application, Ljava_cup/production, merge_adjacent_actions([Ljava_cup/production_part;I)I >"	19	18	2	16
"< Application, Lpolyglot/qq/Lexer_c, yycharat(I)C >"	3	7	4	6
"< Application, Ljava_cup/runtime/lr_parser, parse_lookahead(Z)V >"	75	91	88	90
"< Application, Ljflex/DFA, old_minimize()[[Z >"	36	28	27	43
"< Application, Lpolyglot/qq/Lexer_c, zzScanError(I)V >"	5	9	7	8
"< Application, Ljflex/unicode/UnicodeProperties, bind([Ljava/lang/String;[Ljava/lang/String;[Ljava/lang/String;ILjava/lang/String;I)V >"	6	11	2	59
"< Application, Ljava_cup/runtime/lr_parser, unpackFromStrings([Ljava/lang/String;)[[S >"	29	34	24	46
"< Application, Ljflex/NFA, addTransition(III)V >"	22	44	43	2
"< Application, Ljflex/Emitter, reduceColumns()V >"	28	23	22	18
"< Application, Ljava_cup/production, merge_adjacent_actions([Ljava_cup/production_part;I)I >"	28	27	2	16
"< Application, Ljava_cup/runtime/lr_parser, error_recovery(Z)Z >"	14	15	14	4
"< Application, Ljava_cup/Main, parse_args([Ljava/lang/String;)V >"	211	193	1	227
"< Application, Ljava_cup/emit, emit_production_table(Ljava/io/PrintWriter;)V >"	18	27	23	41
"< Application, Ljflex/DFA, minimize()V >"	239	185	38	195
"< Application, Ljflex/Emitter, transformTransitionTable()V >"	28	29	28	61
"< Application, Ljava_cup/Main, parse_args([Ljava/lang/String;)V >"	153	143	1	227
"< Application, Ljflex/DFA, minimize()V >"	331	254	44	253
"< Application, Ljflex/DFA, toString()Ljava/lang/String; >"	30	46	45	71
"< Application, Ljflex/Main, parseOptions([Ljava/lang/String;)Ljava/util/List; >"	92	86	1	206
"< Application, Lpolyglot/filemanager/ExtFileManager, checkForSource(Ljavax/tools/JavaFileManager$Location;Ljava/lang/String;)Lpolyglot/frontend/FileSource; >"	5	10	7	44
"< Application, Ljava_cup/Main, parse_args([Ljava/lang/String;)V >"	173	159	1	227
"< Application, Ljflex/DFA, minimize()V >"	431	332	290	331
"< Application, Ljava_cup/parse_action_table, toString()Ljava/lang/String; >"	28	44	43	68
"< Application, Lpolyglot/util/TransformingIterator, <init>([Ljava/util/Iterator;Lpolyglot/util/Transformation;)V >"	8	11	2	6
"< Application, Lpolyglot/ext/jl5/parse/Lexer_c, zzScanError(I)V >"	1	5	4	2
"< Application, Ljflex/Main, parseOptions([Ljava/lang/String;)Ljava/util/List; >"	103	94	1	206
"< Application, Lpolyglot/ext/jl7/parse/Lexer_c, yycharat(I)C >"	3	7	4	6
"< Application, Lpolyglot/types/reflect/Constant, hashCode()I >"	16	16	14	15
"< Application, Ljflex/Emitter, transformTransitionTable()V >"	57	52	51	26
"< Application, Ljava_cup/emit, do_reduce_table(Ljava/io/PrintWriter;Ljava_cup/parse_reduce_table;)V >"	13	20	19	46
"< Application, Ljflex/Emitter, getDefaultTransition(I)I >"	6	9	8	28
"< Application, Lpolyglot/parse/Lexer_c, zzScanError(I)V >"	5	9	7	8
"< Application, Ljflex/DFA, minimize()V >"	263	205	46	204
"< Application, Ljflex/NFA, DFAEdge(Ljflex/StateSet;C)Ljflex/StateSet; >"	27	34	30	33
"< Application, Ljflex/DFA, minimize()V >"	290	224	47	252
"< Application, Ljava_cup/production, <init>(Ljava_cup/non_terminal;[Ljava_cup/production_part;ILjava/lang/String;)V >"	70	59	58	81
"< Application, Ljflex/StatePairList, markAll([[Ljflex/StatePairList;[[Z)V >"	10	13	3	8
"< Application, Lpolyglot/ext/jl5/types/reflect/JL5Signature, toString()Ljava/lang/String; >"	3	7	5	6
"< Application, Lpolyglot/util/Base64$OutputStream, write(I)V >"	59	14	12	13
"< Application, Lpolyglot/types/reflect/Method, name()Ljava/lang/String; >"	3	7	5	6
"< Application, Ljflex/NFA, removeDead(II)V >"	35	34	33	2
"< Application, Ljflex/DFA, old_minimize()[[Z >"	108	85	84	109
"< Application, Lpolyglot/qq/Lexer_c, nextToken()Lpolyglot/lex/Token; >"	52	35	34	33
"< Application, Ljflex/Main, parseOptions([Ljava/lang/String;)Ljava/util/List; >"	84	78	1	206
"< Application, Ljava_cup/Main, parse_args([Ljava/lang/String;)V >"	15	21	1	10
"< Application, Ljflex/LexScan, main([Ljava/lang/String;)V >"	26	35	1	90
"< Application, Lpolyglot/parse/Lexer_c, nextToken()Lpolyglot/lex/Token; >"	69	51	8	50
