"< Application, Lpolyglot/visit/NodeScrambler, potentialScramble(Lpolyglot/ast/Node;)Lpolyglot/ast/Node; >"	26	21	java_type_ref("<Application,Lpolyglot/ast/Expr>")
"< Application, Lpolyglot/ast/FloatLit_c, <clinit>()V >"	0	2	java_type_ref("<Application,Lpolyglot/ast/FloatLit_c>")
"< Application, Lpolyglot/ast/Switch_c, <clinit>()V >"	0	2	java_type_ref("<Application,Lpolyglot/ast/Switch_c>")
"< Application, Lpolyglot/ast/ClassBody_c, <clinit>()V >"	0	2	java_type_ref("<Application,Lpolyglot/ast/ClassBody_c>")
"< Application, Lpolyglot/util/SerialVersionUID, generate(Ljava/lang/Class;)J >"	24	35	java_type_ref("<Primordial,Ljava/io/Serializable>")
"< Application, Lpolyglot/util/typedump/TypeDumper, <clinit>()V >"	29	33	java_type_ref("<Primordial,Ljava/lang/Compiler>")
"< Application, Lpolyglot/ast/While_c, <clinit>()V >"	0	2	java_type_ref("<Application,Lpolyglot/ast/While_c>")
"< Application, Lpolyglot/visit/NodeScrambler, potentialScramble(Lpolyglot/ast/Node;)Lpolyglot/ast/Node; >"	18	23	java_type_ref("<Application,Lpolyglot/ast/ClassMember>")
"< Application, Lpolyglot/visit/NodeScrambler, potentialScramble(Lpolyglot/ast/Node;)Lpolyglot/ast/Node; >"	22	22	java_type_ref("<Application,Lpolyglot/ast/Formal>")
"< Application, Lpolyglot/ast/NewArray_c, <clinit>()V >"	0	2	java_type_ref("<Application,Lpolyglot/ast/NewArray_c>")
"< Application, Lpolyglot/ext/jl5/ast/ExtendedFor_c, <clinit>()V >"	0	2	java_type_ref("<Application,Lpolyglot/ext/jl5/ast/ExtendedFor_c>")
"< Application, Lpolyglot/visit/LocalClassRemover$ConstructorCallRewriter, <clinit>()V >"	0	2	java_type_ref("<Application,Lpolyglot/visit/LocalClassRemover>")
"< Application, Lpolyglot/ast/Branch_c, <clinit>()V >"	0	2	java_type_ref("<Application,Lpolyglot/ast/Branch_c>")
"< Application, Lpolyglot/ast/Initializer_c, <clinit>()V >"	0	2	java_type_ref("<Application,Lpolyglot/ast/Initializer_c>")
"< Application, Lpolyglot/ast/StringLit_c, <clinit>()V >"	0	2	java_type_ref("<Application,Lpolyglot/ast/StringLit_c>")
"< Application, Lpolyglot/util/SerialVersionUID, generate(Ljava/lang/Class;)J >"	105	134	java_type_ref("<Primordial,Ljava/io/ObjectInputStream>")
"< Application, Lpolyglot/ast/For_c, <clinit>()V >"	0	2	java_type_ref("<Application,Lpolyglot/ast/For_c>")
"< Application, Lpolyglot/util/typedump/TypeDumper, dumpObject(Lpolyglot/util/CodeWriter;Ljava/lang/Object;Lpolyglot/util/typedump/TypeDumper$TypeCache;Ljava/lang/reflect/Field;)V >"	17	33	java_type_ref("<Primordial,Ljava/lang/Object>")
"< Application, Lpolyglot/ast/AmbTypeNode_c, <clinit>()V >"	0	2	java_type_ref("<Application,Lpolyglot/ast/AmbTypeNode_c>")
"< Application, Lpolyglot/ast/ArrayAccess_c, <clinit>()V >"	0	2	java_type_ref("<Application,Lpolyglot/ast/ArrayAccess_c>")
"< Application, Lpolyglot/visit/NodeScrambler, potentialScramble(Lpolyglot/ast/Node;)Lpolyglot/ast/Node; >"	10	25	java_type_ref("<Application,Lpolyglot/ast/TypeNode>")
"< Application, Lpolyglot/ast/AmbExpr_c, <clinit>()V >"	0	2	java_type_ref("<Application,Lpolyglot/ast/AmbExpr_c>")
"< Application, Lpolyglot/ast/Instanceof_c, <clinit>()V >"	0	2	java_type_ref("<Application,Lpolyglot/ast/Instanceof_c>")
"< Application, Lpolyglot/main/Options, handleArg(Lpolyglot/main/OptFlag$Arg;)V >"	48	241	java_type_ref("<Primordial,Ljava/io/File>")
"< Application, Lpolyglot/ast/If_c, <clinit>()V >"	0	2	java_type_ref("<Application,Lpolyglot/ast/If_c>")
"< Application, Lpolyglot/ast/New_c, <clinit>()V >"	0	2	java_type_ref("<Application,Lpolyglot/ast/New_c>")
"< Application, Lpolyglot/ast/Term$Instance, <clinit>()V >"	0	2	java_type_ref("<Application,Lpolyglot/ast/Term>")
"< Application, Lpolyglot/ast/AbstractBlock_c, <clinit>()V >"	0	2	java_type_ref("<Application,Lpolyglot/ast/AbstractBlock_c>")
"< Application, Lpolyglot/ast/Unary_c, <clinit>()V >"	0	2	java_type_ref("<Application,Lpolyglot/ast/Unary_c>")
"< Application, Lpolyglot/ast/Throw_c, <clinit>()V >"	0	2	java_type_ref("<Application,Lpolyglot/ast/Throw_c>")
"< Application, Lpolyglot/ast/Loop_c, <clinit>()V >"	0	2	java_type_ref("<Application,Lpolyglot/ast/Loop_c>")
"< Application, Lpolyglot/visit/NodeScrambler, potentialScramble(Lpolyglot/ast/Node;)Lpolyglot/ast/Node; >"	42	17	java_type_ref("<Application,Lpolyglot/ast/Stmt>")
"< Application, Lpolyglot/ast/Special_c, <clinit>()V >"	0	2	java_type_ref("<Application,Lpolyglot/ast/Special_c>")
"< Application, Lpolyglot/visit/NodeScrambler, potentialScramble(Lpolyglot/ast/Node;)Lpolyglot/ast/Node; >"	14	24	java_type_ref("<Application,Lpolyglot/ast/ClassDecl>")
"< Application, Lpolyglot/ast/Id_c, <clinit>()V >"	0	2	java_type_ref("<Application,Lpolyglot/ast/Id_c>")
"< Application, Lpolyglot/util/SerialVersionUID, generate(Ljava/lang/Class;)J >"	29	39	java_type_ref("<Primordial,Ljava/io/Externalizable>")
"< Application, Lpolyglot/main/OptFlag$Kind, valueOf(Ljava/lang/String;)Lpolyglot/main/OptFlag$Kind; >"	0	3	java_type_ref("<Application,Lpolyglot/main/OptFlag$Kind>")
"< Application, Lpolyglot/visit/NodeScrambler, potentialScramble(Lpolyglot/ast/Node;)Lpolyglot/ast/Node; >"	34	19	java_type_ref("<Application,Lpolyglot/ast/Catch>")
"< Application, Lpolyglot/ast/Import_c, <clinit>()V >"	0	2	java_type_ref("<Application,Lpolyglot/ast/Import_c>")
"< Application, Lpolyglot/ast/Eval_c, <clinit>()V >"	0	2	java_type_ref("<Application,Lpolyglot/ast/Eval_c>")
"< Application, Lpolyglot/visit/NodeScrambler, potentialScramble(Lpolyglot/ast/Node;)Lpolyglot/ast/Node; >"	6	26	java_type_ref("<Application,Lpolyglot/ast/Import>")
"< Application, Lpolyglot/ast/Node_c, <clinit>()V >"	0	2	java_type_ref("<Application,Lpolyglot/ast/Node_c>")
"< Application, Lpolyglot/ast/Synchronized_c, <clinit>()V >"	0	2	java_type_ref("<Application,Lpolyglot/ast/Synchronized_c>")
"< Application, Lpolyglot/util/typedump/TypeDumper, <clinit>()V >"	7	11	java_type_ref("<Primordial,Ljava/lang/Integer>")
"< Application, Lpolyglot/ast/Formal_c, <clinit>()V >"	0	2	java_type_ref("<Application,Lpolyglot/ast/Formal_c>")
"< Application, Lpolyglot/frontend/Source$Kind, valueOf(Ljava/lang/String;)Lpolyglot/frontend/Source$Kind; >"	0	3	java_type_ref("<Application,Lpolyglot/frontend/Source$Kind>")
"< Application, Lpolyglot/visit/NodeScrambler, potentialScramble(Lpolyglot/ast/Node;)Lpolyglot/ast/Node; >"	30	20	java_type_ref("<Application,Lpolyglot/ast/Block>")
"< Application, Lpolyglot/ext/jl5/ast/ElementValueArrayInit_c, <clinit>()V >"	0	2	java_type_ref("<Application,Lpolyglot/ext/jl5/ast/ElementValueArrayInit_c>")
"< Application, Lpolyglot/ast/Assign_c, <clinit>()V >"	0	2	java_type_ref("<Application,Lpolyglot/ast/Assign_c>")
"< Application, Lpolyglot/ast/LocalClassDecl_c, <clinit>()V >"	0	2	java_type_ref("<Application,Lpolyglot/ast/LocalClassDecl_c>")
"< Application, Lpolyglot/frontend/Compiler, <clinit>()V >"	0	2	java_type_ref("<Application,Lpolyglot/frontend/Compiler>")
"< Application, Lpolyglot/ast/CanonicalTypeNode_c, <clinit>()V >"	0	2	java_type_ref("<Application,Lpolyglot/ast/CanonicalTypeNode_c>")
"< Application, Lpolyglot/ast/ConstructorCall_c, <clinit>()V >"	0	2	java_type_ref("<Application,Lpolyglot/ast/ConstructorCall_c>")
"< Application, Lpolyglot/ast/Labeled_c, <clinit>()V >"	0	2	java_type_ref("<Application,Lpolyglot/ast/Labeled_c>")
"< Application, Lpolyglot/ast/Precedence, <clinit>()V >"	0	2	java_type_ref("<Application,Lpolyglot/ast/Precedence>")
"< Application, Lpolyglot/ast/Loop$Instance, <clinit>()V >"	0	2	java_type_ref("<Application,Lpolyglot/ast/Loop>")
"< Application, Lpolyglot/ast/Catch_c, <clinit>()V >"	0	2	java_type_ref("<Application,Lpolyglot/ast/Catch_c>")
"< Application, Lpolyglot/ast/ArrayTypeNode_c, <clinit>()V >"	0	2	java_type_ref("<Application,Lpolyglot/ast/ArrayTypeNode_c>")
"< Application, Lpolyglot/util/typedump/TypeDumper, <clinit>()V >"	11	15	java_type_ref("<Primordial,Ljava/lang/Float>")
"< Application, Lpolyglot/ast/PackageNode_c, <clinit>()V >"	0	2	java_type_ref("<Application,Lpolyglot/ast/PackageNode_c>")
"< Application, Lpolyglot/main/Options, handleArg(Lpolyglot/main/OptFlag$Arg;)V >"	32	255	java_type_ref("<Primordial,Ljava/io/File>")
"< Application, Lpolyglot/ast/ProcedureDecl_c, <clinit>()V >"	0	2	java_type_ref("<Application,Lpolyglot/ast/ProcedureDecl_c>")
"< Application, Lpolyglot/ast/TypeNode$Instance, <clinit>()V >"	0	2	java_type_ref("<Application,Lpolyglot/ast/TypeNode>")
"< Application, Lpolyglot/visit/InnerClassRemover, <clinit>()V >"	0	2	java_type_ref("<Application,Lpolyglot/visit/InnerClassRemover>")
"< Application, Lpolyglot/ast/IntLit_c, <clinit>()V >"	0	2	java_type_ref("<Application,Lpolyglot/ast/IntLit_c>")
"< Application, Lpolyglot/ast/ClassDecl_c, <clinit>()V >"	0	2	java_type_ref("<Application,Lpolyglot/ast/ClassDecl_c>")
"< Application, Lpolyglot/ast/Binary_c, <clinit>()V >"	0	2	java_type_ref("<Application,Lpolyglot/ast/Binary_c>")
"< Application, Lpolyglot/util/typedump/TypeDumper, <clinit>()V >"	3	7	java_type_ref("<Primordial,Ljava/lang/Boolean>")
"< Application, Lpolyglot/ast/Do_c, <clinit>()V >"	0	2	java_type_ref("<Application,Lpolyglot/ast/Do_c>")
"< Application, Lpolyglot/ast/JLDel_c, <clinit>()V >"	0	2	java_type_ref("<Application,Lpolyglot/ast/JLDel_c>")
"< Application, Lpolyglot/util/SerialVersionUID, generate(Ljava/lang/Class;)J >"	5	14	java_type_ref("<Primordial,Ljava/lang/Object>")
"< Application, Lpolyglot/util/typedump/TypeDumper, <clinit>()V >"	1	5	java_type_ref("<Primordial,Ljava/lang/Void>")
"< Application, Lpolyglot/util/typedump/TypeDumper, <clinit>()V >"	15	19	java_type_ref("<Primordial,Ljava/lang/Class>")
"< Application, Lpolyglot/ast/Call_c, <clinit>()V >"	0	2	java_type_ref("<Application,Lpolyglot/ast/Call_c>")
"< Application, Lpolyglot/main/Options, handleArg(Lpolyglot/main/OptFlag$Arg;)V >"	40	248	java_type_ref("<Primordial,Ljava/io/File>")
"< Application, Lpolyglot/ast/AmbPrefix_c, <clinit>()V >"	0	2	java_type_ref("<Application,Lpolyglot/ast/AmbPrefix_c>")
"< Application, Lpolyglot/ext/jl5/types/TypeVariable$TVarDecl, valueOf(Ljava/lang/String;)Lpolyglot/ext/jl5/types/TypeVariable$TVarDecl; >"	0	3	java_type_ref("<Application,Lpolyglot/ext/jl5/types/TypeVariable$TVarDecl>")
"< Application, Lpolyglot/util/typedump/TypeDumper, <clinit>()V >"	9	13	java_type_ref("<Primordial,Ljava/lang/Long>")
"< Application, Lpolyglot/ast/SourceCollection_c, <clinit>()V >"	0	2	java_type_ref("<Application,Lpolyglot/ast/SourceCollection_c>")
"< Application, Lpolyglot/ext/jl5/ast/AmbTypeInstantiation, <clinit>()V >"	0	2	java_type_ref("<Application,Lpolyglot/ext/jl5/ast/AmbTypeInstantiation>")
"< Application, Lpolyglot/util/typedump/TypeDumper, <clinit>()V >"	5	9	java_type_ref("<Primordial,Ljava/lang/Short>")
"< Application, Lpolyglot/main/Options, handleArg(Lpolyglot/main/OptFlag$Arg;)V >"	24	262	java_type_ref("<Primordial,Ljava/io/File>")
"< Application, Lpolyglot/ast/AmbQualifierNode_c, <clinit>()V >"	0	2	java_type_ref("<Application,Lpolyglot/ast/AmbQualifierNode_c>")
"< Application, Lpolyglot/ast/Local_c, <clinit>()V >"	0	2	java_type_ref("<Application,Lpolyglot/ast/Local_c>")
"< Application, Lpolyglot/ast/LocalDecl_c, <clinit>()V >"	0	2	java_type_ref("<Application,Lpolyglot/ast/LocalDecl_c>")
"< Application, Lpolyglot/visit/NodeScrambler, potentialScramble(Lpolyglot/ast/Node;)Lpolyglot/ast/Node; >"	0	4	java_type_ref("<Application,Lpolyglot/ast/Node>")
"< Application, Lpolyglot/ast/FieldDecl_c, <clinit>()V >"	0	2	java_type_ref("<Application,Lpolyglot/ast/FieldDecl_c>")
"< Application, Lpolyglot/ast/ClassLit_c, <clinit>()V >"	0	2	java_type_ref("<Application,Lpolyglot/ast/ClassLit_c>")
"< Application, Lpolyglot/ast/Field_c, <clinit>()V >"	0	2	java_type_ref("<Application,Lpolyglot/ast/Field_c>")
"< Application, Lpolyglot/util/typedump/TypeDumper, <clinit>()V >"	17	21	java_type_ref("<Primordial,Ljava/lang/String>")
"< Application, Lpolyglot/util/typedump/TypeDumper, <clinit>()V >"	13	17	java_type_ref("<Primordial,Ljava/lang/Double>")
"< Application, Lpolyglot/ast/SourceFile_c, <clinit>()V >"	0	2	java_type_ref("<Application,Lpolyglot/ast/SourceFile_c>")
"< Application, Lpolyglot/util/SerialVersionUID, generate(Ljava/lang/Class;)J >"	79	97	java_type_ref("<Primordial,Ljava/io/ObjectOutputStream>")
"< Application, Lpolyglot/ast/MethodDecl_c, <clinit>()V >"	0	2	java_type_ref("<Application,Lpolyglot/ast/MethodDecl_c>")
"< Application, Lpolyglot/ext/jl7/ast/TryWithResources_c, <clinit>()V >"	0	2	java_type_ref("<Application,Lpolyglot/ext/jl7/ast/TryWithResources_c>")
"< Application, Lpolyglot/util/typedump/TypeDumper, <clinit>()V >"	26	29	java_type_ref("<Application,Lpolyglot/util/Position>")
"< Application, Lpolyglot/ast/Assert_c, <clinit>()V >"	0	2	java_type_ref("<Application,Lpolyglot/ast/Assert_c>")
"< Application, Lpolyglot/util/Base64, <clinit>()V >"	0	2	java_type_ref("<Application,Lpolyglot/util/Base64>")
"< Application, Lpolyglot/ast/ArrayInit_c, <clinit>()V >"	0	2	java_type_ref("<Application,Lpolyglot/ast/ArrayInit_c>")
"< Application, Lpolyglot/visit/NodeScrambler, potentialScramble(Lpolyglot/ast/Node;)Lpolyglot/ast/Node; >"	38	18	java_type_ref("<Application,Lpolyglot/ast/LocalDecl>")
"< Application, Ljflex/Skeleton, readDefault()V >"	0	2	java_type_ref("<Application,Ljflex/Skeleton>")
"< Application, Lpolyglot/main/Options, <clinit>()V >"	0	2	java_type_ref("<Application,Lpolyglot/main/Options>")
"< Application, Lpolyglot/util/typedump/TypeDumper, <clinit>()V >"	19	23	java_type_ref("<Primordial,Ljava/lang/Character>")
"< Application, Ljflex/LexScan, getTokenName(I)Ljava/lang/String; >"	0	4	java_type_ref("<Application,Ljflex/sym>")
"< Application, Lpolyglot/ast/Cast_c, <clinit>()V >"	0	2	java_type_ref("<Application,Lpolyglot/ast/Cast_c>")
"< Application, Lpolyglot/ast/Try_c, <clinit>()V >"	0	2	java_type_ref("<Application,Lpolyglot/ast/Try_c>")
"< Application, Lpolyglot/ast/Conditional_c, <clinit>()V >"	0	2	java_type_ref("<Application,Lpolyglot/ast/Conditional_c>")
