"< Application, Ljflex/LexScan, zzRefill()Z >"	31	30	29
"< Application, Ljava_cup/Lexer, yyreset(Ljava/io/Reader;)V >"	13	7	6
"< Application, Lpolyglot/filemanager/ExtFileManager, fileSource(Ljavax/tools/JavaFileManager$Location;Ljava/lang/String;Lpolyglot/frontend/Source$Kind;)Lpolyglot/frontend/FileSource; >"	75	105	68
"< Application, Ljflex/StateSet, copy(Ljflex/StateSet;)V >"	16	19	18
"< Application, Lpolyglot/filemanager/ExtFileManager, checkForSource(Ljavax/tools/JavaFileManager$Location;Ljava/lang/String;)Lpolyglot/frontend/FileSource; >"	2	8	7
"< Application, Ljflex/StateSet, equals(Ljava/lang/Object;)Z >"	4	9	8
"< Application, Lpolyglot/main/Options, parseCommandLine([Ljava/lang/String;Ljava/util/Set;)V >"	1	6	2
"< Application, Lppg/PPG, main([Ljava/lang/String;)V >"	21	22	1
"< Application, Lpolyglot/types/reflect/ClassFileLazyClassInitializer, methodInstance(Lpolyglot/types/reflect/Method;Lpolyglot/types/ClassType;)Lpolyglot/types/MethodInstance; >"	26	44	43
"< Application, Lpolyglot/filemanager/ExtFileManager, setCaseInsensitive(Ljava/lang/String;)V >"	28	33	32
"< Application, Lpolyglot/ext/jl5/parse/Lexer_c, zzRefill()Z >"	38	36	35
"< Application, Ljava_cup/emit, do_table_as_string(Ljava/io/PrintWriter;[[S)V >"	2	9	2
"< Application, Lpolyglot/ext/jl7/parse/Lexer_c, yyreset(Ljava/io/Reader;)V >"	13	7	6
"< Application, Lpolyglot/util/Position, compilerGenerated(I)Lpolyglot/util/Position; >"	8	10	9
"< Application, Lpolyglot/main/Options, jvmbootclasspath()Ljava/lang/String; >"	34	60	56
"< Application, Lpolyglot/main/Options, jvmbootclasspath()Ljava/lang/String; >"	43	72	56
"< Application, Lpolyglot/visit/DataFlow, dataflow(Lpolyglot/visit/FlowGraph;)V >"	8	19	15
"< Application, Lpolyglot/util/Base64, decode4to3([BI[BII)I >"	14	104	1
"< Application, Ljflex/StateSet, hashCode()I >"	2	6	5
"< Application, Lpolyglot/types/reflect/Exceptions, <init>(Lpolyglot/types/reflect/ClassFile;I[I)V >"	0	7	4
"< Application, Lpolyglot/util/Base64, encodeBytesToBytes([BIII)[B >"	112	49	27
"< Application, Ljflex/unicode/UnicodeProperties, bind([Ljava/lang/String;[Ljava/lang/String;[Ljava/lang/String;ILjava/lang/String;I)V >"	4	10	2
"< Application, Lpolyglot/util/Base64, decode4to3([BI[BII)I >"	28	93	3
"< Application, Lpolyglot/ext/jl5/parse/Lexer_c, yyreset(Ljava/io/Reader;)V >"	13	7	6
"< Application, Ljflex/NFA, insertNotClassNFA(Ljava/util/List;II)V >"	2	9	8
"< Application, Ljflex/StateSet, complement(Ljflex/StateSet;)Ljflex/StateSet; >"	28	31	30
"< Application, Lpolyglot/util/SerialVersionUID, generate(Ljava/lang/Class;)J >"	50	59	58
"< Application, Ljflex/Emitter, emitCharMapArray()V >"	16	25	24
"< Application, Lpolyglot/util/Base64, decode(Ljava/lang/String;I)[B >"	9	14	12
"< Application, Ljflex/StateSet, copy(Ljflex/StateSet;)V >"	13	8	7
"< Application, Ljflex/LexScan, getTokenName(I)Ljava/lang/String; >"	3	8	6
"< Application, Ljflex/StateSet, complement(Ljflex/StateSet;)Ljflex/StateSet; >"	26	29	28
"< Application, Lpolyglot/types/reflect/ClassFile_c, getJLCInfo(Ljava/lang/String;)Lpolyglot/types/reflect/JLCInfo; >"	10	16	15
"< Application, Lpolyglot/qq/Lexer_c, zzRefill()Z >"	38	36	35
"< Application, Ljflex/Main, parseOptions([Ljava/lang/String;)Ljava/util/List; >"	12	17	1
"< Application, Lpolyglot/util/Base64, decode4to3([BI[BII)I >"	10	11	1
"< Application, Ljflex/StateSet, add(Ljflex/StateSet;)V >"	5	8	7
"< Application, Ljflex/StateSet, add(Ljflex/StateSet;)V >"	3	6	5
"< Application, Ljava_cup/Lexer, zzRefill()Z >"	38	36	35
"< Application, Ljflex/StateSet, copy()Ljflex/StateSet; >"	3	6	5
"< Application, Lpolyglot/util/ConcatenatedIterator, findNextItem()V >"	2	5	4
"< Application, Ljflex/StatePairList, addPair(II)V >"	14	16	15
"< Application, Ljflex/Emitter, emitCharMapArray()V >"	41	50	49
"< Application, Lpolyglot/parse/Lexer_c, zzRefill()Z >"	24	23	22
"< Application, Ljflex/StateSet, copy(Ljflex/StateSet;)V >"	3	28	27
"< Application, Lpolyglot/util/Base64, decode4to3([BI[BII)I >"	24	14	3
"< Application, Lpolyglot/ext/jl7/parse/Lexer_c, zzRefill()Z >"	24	23	22
"< Application, Lpolyglot/main/Options, addSourceExtension(Ljava/lang/String;)V >"	7	7	6
"< Application, Ljflex/StateSet, equals(Ljava/lang/Object;)Z >"	2	7	6
"< Application, Ljflex/Main, parseOptions([Ljava/lang/String;)Ljava/util/List; >"	202	229	1
"< Application, Lpolyglot/types/reflect/ClassFileLazyClassInitializer, initMethods()V >"	9	11	7
"< Application, Ljflex/CharSetEnumerator, hasMoreElements()Z >"	3	6	5
"< Application, Lpolyglot/qq/Lexer_c, stringSubst(Ljava/lang/String;[Ljava/lang/Object;)Ljava/lang/String; >"	7	13	3
"< Application, Ljflex/CharSetEnumerator, <init>(Ljflex/CharSet;)V >"	21	23	22
"< Application, Lpolyglot/main/Options, addSourceExtension(Ljava/lang/String;)V >"	14	16	10
"< Application, Ljflex/StateSet, containsSet(Ljflex/StateSet;)Z >"	21	23	22
"< Application, Lpolyglot/filemanager/ExtFileManager, fileSource(Ljavax/tools/JavaFileManager$Location;Ljava/lang/String;Lpolyglot/frontend/Source$Kind;)Lpolyglot/frontend/FileSource; >"	86	108	68
"< Application, Ljflex/StateSet, copy(Ljflex/StateSet;)V >"	33	25	24
"< Application, Ljava_cup/emit, do_table_as_string(Ljava/io/PrintWriter;[[S)V >"	18	30	2
"< Application, Lpolyglot/ext/jl5/types/reflect/JL5ClassFileLazyClassInitializer, initAnnotationElems()V >"	6	8	7
"< Application, Ljflex/StateSet, <init>(Ljflex/StateSet;)V >"	9	12	11
"< Application, Ljava_cup/runtime/lr_parser, get_action(II)S >"	2	7	6
"< Application, Lpolyglot/ext/jl7/parse/Lexer_c, zzRefill()Z >"	31	30	29
"< Application, Ljflex/NFA, ensureCapacity(I)V >"	1	5	4
"< Application, Ljflex/LexScan, zzRefill()Z >"	38	36	35
"< Application, Ljflex/DFA, ensureStateCapacity(I)V >"	1	5	4
"< Application, Ljflex/CharSet, resize(I)V >"	12	18	17
"< Application, Lpolyglot/types/reflect/ClassFileLazyClassInitializer, initMethods()V >"	6	9	7
"< Application, Lpolyglot/ext/jl5/parse/Lexer_c, zzRefill()Z >"	31	30	29
"< Application, Lpolyglot/ext/jl5/types/inference/InferenceSolver_c, handleUnresolvedTypeArgs([Lpolyglot/types/Type;Lpolyglot/types/Type;)[Lpolyglot/types/Type; >"	53	72	2
"< Application, Ljava_cup/production, <init>(Ljava_cup/non_terminal;[Ljava_cup/production_part;ILjava/lang/String;)V >"	13	13	3
"< Application, Lppg/lex/Lexer, yyreset(Ljava/io/Reader;)V >"	13	7	6
"< Application, Lpolyglot/util/BitVector, setBit(IZ)V >"	9	13	12
"< Application, Lpolyglot/filemanager/ExtFileManager, fileSource(Ljavax/tools/JavaFileManager$Location;Ljava/lang/String;Lpolyglot/frontend/Source$Kind;)Lpolyglot/frontend/FileSource; >"	84	107	68
"< Application, Ljava_cup/runtime/lr_parser, get_action(II)S >"	37	26	6
"< Application, Ljava_cup/Main, parse_args([Ljava/lang/String;)V >"	0	3	1
"< Application, Ljflex/StateSet, isElement(I)Z >"	2	7	6
"< Application, Lpolyglot/types/reflect/ClassFileLazyClassInitializer, initMemberClasses()V >"	8	11	10
"< Application, Lpolyglot/filemanager/ExtFileManager, fileSource(Ljavax/tools/JavaFileManager$Location;Ljava/lang/String;Lpolyglot/frontend/Source$Kind;)Lpolyglot/frontend/FileSource; >"	54	69	68
"< Application, Ljava_cup/Lexer, zzRefill()Z >"	31	30	29
"< Application, Ljflex/StateSet, copy(Ljflex/StateSet;)V >"	24	12	11
"< Application, Lpolyglot/qq/QQ, parse(ILjava/lang/String;[Ljava/lang/Object;)Lpolyglot/ast/Node; >"	8	18	4
"< Application, Ljava_cup/Lexer, zzRefill()Z >"	24	23	22
"< Application, Lpolyglot/types/reflect/ClassFileLazyClassInitializer, initInterfaces()V >"	5	8	7
"< Application, Lpolyglot/types/reflect/ClassFileLazyClassInitializer, createType()Lpolyglot/types/ParsedClassType; >"	37	60	59
"< Application, Lpolyglot/qq/Lexer_c, yyreset(Ljava/io/Reader;)V >"	13	7	6
"< Application, Lpolyglot/ext/jl5/types/reflect/Annotations, toAnnotationElems(Lpolyglot/ext/jl5/types/reflect/JL5ClassFileLazyClassInitializer;Lpolyglot/ext/jl5/types/JL5TypeSystem;)Ljava/util/Map; >"	4	10	9
"< Application, Lpolyglot/main/OptFlag, <init>(Lpolyglot/main/OptFlag$Kind;[Ljava/lang/String;Ljava/lang/String;Ljava/lang/String;Ljava/lang/String;)V >"	6	12	3
"< Application, Lppg/lex/Lexer, zzRefill()Z >"	38	36	35
"< Application, Ljflex/Main, parseOptions([Ljava/lang/String;)Ljava/util/List; >"	29	29	1
"< Application, Ljava_cup/runtime/lr_parser, get_action(II)S >"	15	10	6
"< Application, Lpolyglot/ext/jl5/types/reflect/Annotations$ElementValueArray, toAnnotationElementValue(Lpolyglot/ext/jl5/types/reflect/JL5ClassFileLazyClassInitializer;Lpolyglot/ext/jl5/types/JL5TypeSystem;Lpolyglot/util/Position;)Lpolyglot/ext/jl5/types/AnnotationElementValue; >"	3	9	8
"< Application, Ljava_cup/emit, do_table_as_string(Ljava/io/PrintWriter;[[S)V >"	30	41	31
"< Application, Ljflex/Main, printUnicodePropertyValuesAndAliases(Ljava/lang/String;)V >"	44	69	56
"< Application, Ljflex/CharSetEnumerator, advance()V >"	35	34	33
"< Application, Lpolyglot/util/TransformingIterator, <init>([Ljava/util/Iterator;Lpolyglot/util/Transformation;)V >"	6	10	2
"< Application, Ljflex/Emitter, emitCharMapInitFunction()V >"	20	38	37
"< Application, Lpolyglot/types/reflect/ClassFileLazyClassInitializer, initConstructors()V >"	6	8	7
"< Application, Lpolyglot/main/Report, should_report([Ljava/lang/String;I)Z >"	22	18	1
"< Application, Lpolyglot/ext/jl5/types/reflect/JL5ClassFileLazyClassInitializer, methodInstance(Lpolyglot/types/reflect/Method;Lpolyglot/types/ClassType;)Lpolyglot/types/MethodInstance; >"	17	30	29
"< Application, Lpolyglot/main/OptFlag, <init>(Lpolyglot/main/OptFlag$Kind;[Ljava/lang/String;Ljava/lang/String;Ljava/lang/String;Ljava/lang/String;)V >"	3	10	3
"< Application, Ljflex/StateSet, remove(I)V >"	2	7	6
"< Application, Ljava_cup/runtime/lr_parser, unpackFromStrings([Ljava/lang/String;)[[S >"	4	8	1
"< Application, Ljflex/StatePairList, increaseSize(I)V >"	19	31	30
"< Application, Ljava_cup/runtime/lr_parser, get_action(II)S >"	5	32	6
"< Application, Ljflex/LexScan, main([Ljava/lang/String;)V >"	0	3	1
"< Application, Lpolyglot/util/TransformingIterator, <init>(Ljava/util/Collection;Lpolyglot/util/Transformation;)V >"	8	12	11
"< Application, Lpolyglot/util/Base64, decode(Ljava/lang/String;I)[B >"	16	21	16
"< Application, Ljflex/CharSet, isElement(I)Z >"	2	7	6
"< Application, Lpolyglot/filemanager/ExtFileManager, fileSource(Ljavax/tools/JavaFileManager$Location;Ljava/lang/String;Lpolyglot/frontend/Source$Kind;)Lpolyglot/frontend/FileSource; >"	71	103	68
"< Application, Ljflex/CharSetEnumerator, advance()V >"	24	25	24
"< Application, Lpolyglot/filemanager/ExtFileManager, getBytes(Ljavax/tools/FileObject;)[B >"	4	10	8
"< Application, Ljflex/StatePairList, increaseSize(I)V >"	2	8	7
"< Application, Lpolyglot/types/reflect/ClassFile_c, getJLCInfo(Ljava/lang/String;)Lpolyglot/types/reflect/JLCInfo; >"	62	89	88
"< Application, Lpolyglot/util/Base64, decode([B)[B >"	0	5	1
"< Application, Lpolyglot/parse/Lexer_c, zzRefill()Z >"	31	30	29
"< Application, Ljflex/unicode/UnicodeProperties, bind([Ljava/lang/String;[Ljava/lang/String;[Ljava/lang/String;ILjava/lang/String;I)V >"	49	62	4
"< Application, Ljflex/CharSet, resize(I)V >"	2	7	6
"< Application, Ljflex/StateSetEnumerator, advance()V >"	13	18	6
"< Application, Lpolyglot/frontend/AbstractExtensionInfo, fileExtensions()[Ljava/lang/String; >"	9	13	12
"< Application, Ljflex/StateSet, copy(Ljflex/StateSet;)V >"	11	6	5
"< Application, Ljflex/StateSetEnumerator, reset(Ljflex/StateSet;)V >"	20	20	19
"< Application, Lpolyglot/util/SerialVersionUID, generate(Ljava/lang/Class;)J >"	19	33	32
"< Application, Lpolyglot/util/TypeEncoder, encode(Lpolyglot/types/TypeObject;)Ljava/lang/String; >"	66	62	53
"< Application, Lpolyglot/ext/jl5/parse/Lexer_c, zzRefill()Z >"	24	23	22
"< Application, Lpolyglot/ext/jl5/types/inference/InferenceSolver_c, handleUnresolvedTypeArgs([Lpolyglot/types/Type;Lpolyglot/types/Type;)[Lpolyglot/types/Type; >"	39	54	2
"< Application, Ljflex/StateSet, addState(I)V >"	2	7	6
"< Application, Ljflex/LexScan, zzRefill()Z >"	24	23	22
"< Application, Ljava_cup/emit, do_table_as_string(Ljava/io/PrintWriter;[[S)V >"	10	20	2
"< Application, Ljflex/DFA, toString([I)Ljava/lang/String; >"	1	6	2
"< Application, Ljflex/CharSet, resize(I)V >"	6	9	8
"< Application, Lpolyglot/ext/jl5/types/inference/LubType_c, lub([Lpolyglot/types/ReferenceType;)Lpolyglot/types/ReferenceType; >"	4	8	2
"< Application, Lpolyglot/main/Options, addSourceExtension(Ljava/lang/String;)V >"	12	14	13
"< Application, Lpolyglot/parse/Lexer_c, zzRefill()Z >"	38	36	35
"< Application, Lpolyglot/util/ErrorInfo, getErrorString(I)Ljava/lang/String; >"	2	5	4
"< Application, Ljflex/StateSet, <init>(Ljflex/StateSet;)V >"	3	7	6
"< Application, Ljflex/StateSet, resize(I)V >"	8	16	15
"< Application, Ljflex/StateSet, add(Ljflex/StateSet;)V >"	10	14	13
"< Application, Ljflex/Skeleton, makePrivate()V >"	2	4	3
"< Application, Lpolyglot/ext/jl5/types/reflect/JL5ClassFileLazyClassInitializer, constructorInstance(Lpolyglot/types/reflect/Method;Lpolyglot/types/ClassType;[Lpolyglot/types/reflect/Field;)Lpolyglot/types/ConstructorInstance; >"	6	15	4
"< Application, Ljflex/LexScan, yyreset(Ljava/io/Reader;)V >"	13	7	6
"< Application, Ljflex/StatePairList, increaseSize(I)V >"	15	27	26
"< Application, Ljflex/LexScan, main([Ljava/lang/String;)V >"	23	32	1
"< Application, Ljflex/StateSet, clear()V >"	1	4	3
"< Application, Lpolyglot/ext/jl5/types/inference/InferenceSolver_c, hasUnresolvedTypeArguments([Lpolyglot/types/Type;)Z >"	0	3	1
"< Application, Lpolyglot/util/Base64, decode([BIII)[B >"	10	73	1
"< Application, Ljava_cup/runtime/lr_parser, get_reduce(II)S >"	5	9	6
"< Application, Ljflex/StateSetEnumerator, reset(Ljflex/StateSet;)V >"	7	9	8
"< Application, Lpolyglot/util/Base64, encodeBytesToBytes([BIII)[B >"	23	9	1
"< Application, Lpolyglot/filemanager/ExtFileManager, fileSource(Ljavax/tools/JavaFileManager$Location;Ljava/lang/String;Lpolyglot/frontend/Source$Kind;)Lpolyglot/frontend/FileSource; >"	112	156	68
"< Application, Ljflex/StateSet, complement(Ljflex/StateSet;)Ljflex/StateSet; >"	5	8	7
"< Application, Lpolyglot/ext/jl7/parse/Lexer_c, zzRefill()Z >"	38	36	35
"< Application, Lppg/lex/Lexer, zzRefill()Z >"	24	23	22
"< Application, Ljflex/StateSet, complement(Ljflex/StateSet;)Ljflex/StateSet; >"	9	11	10
"< Application, Ljflex/StateSet, containsElements()Z >"	1	4	3
"< Application, Ljflex/StateSet, resize(I)V >"	2	7	6
"< Application, Lpolyglot/main/Main, explodeOptions([Ljava/lang/String;)Ljava/util/List; >"	2	5	1
"< Application, Lppg/PPG, main([Ljava/lang/String;)V >"	9	14	1
"< Application, Lpolyglot/util/Base64, encodeBytes([B)Ljava/lang/String; >"	0	5	1
"< Application, Lpolyglot/util/typedump/Main, main([Ljava/lang/String;)V >"	8	15	1
"< Application, Lpolyglot/filemanager/ExtFileManager, fileSource(Ljavax/tools/JavaFileManager$Location;Ljava/lang/String;Lpolyglot/frontend/Source$Kind;)Lpolyglot/frontend/FileSource; >"	73	104	68
"< Application, Ljflex/NFA, insertClassNFA(Ljava/util/List;II)V >"	4	10	9
"< Application, Ljflex/Main, parseOptions([Ljava/lang/String;)Ljava/util/List; >"	3	6	1
"< Application, Ljflex/StateSet, copy()Ljflex/StateSet; >"	9	12	11
"< Application, Lpolyglot/util/typedump/Main, main([Ljava/lang/String;)V >"	11	16	1
"< Application, Ljflex/StateSet, copy(Ljflex/StateSet;)V >"	21	10	9
"< Application, Lpolyglot/main/Main, invokePostCompiler(Lpolyglot/main/Options;Lpolyglot/frontend/Compiler;Lpolyglot/util/ErrorQueue;)Z >"	106	100	50
"< Application, Lpolyglot/util/typedump/Main, main([Ljava/lang/String;)V >"	0	4	1
"< Application, Lpolyglot/ext/jl5/types/inference/InferenceSolver_c, solve(Lpolyglot/types/Type;)Ljava/util/Map; >"	35	44	41
"< Application, Lppg/lex/Lexer, zzRefill()Z >"	31	30	29
"< Application, Lpolyglot/util/ObjectDumper, dumpObject(Ljava/lang/Object;Ljava/util/Set;)V >"	20	30	28
"< Application, Lpolyglot/util/TransformingIterator, findNextItem()V >"	19	21	20
"< Application, Lpolyglot/qq/Lexer_c, zzRefill()Z >"	24	23	22
"< Application, Lpolyglot/qq/Lexer_c, zzRefill()Z >"	31	30	29
"< Application, Lpolyglot/parse/Lexer_c, yyreset(Ljava/io/Reader;)V >"	13	7	6
"< Application, Lpolyglot/types/reflect/ClassFileLazyClassInitializer, constructorInstance(Lpolyglot/types/reflect/Method;Lpolyglot/types/ClassType;[Lpolyglot/types/reflect/Field;)Lpolyglot/types/ConstructorInstance; >"	4	13	4
"< Application, Lpolyglot/util/Base64, encodeBytesToBytes([BIII)[B >"	31	92	1
"< Application, Lpolyglot/util/Base64, encodeBytes([BI)Ljava/lang/String; >"	0	5	1
"< Application, Ljava_cup/emit, do_table_as_string(Ljava/io/PrintWriter;[[S)V >"	22	32	31
"< Application, Ljflex/StateSet, complement(Ljflex/StateSet;)Ljflex/StateSet; >"	33	35	34
"< Application, Lpolyglot/ext/jl5/types/inference/InferenceSolver_c, solve(Ljava/util/List;ZZ)[Lpolyglot/types/Type; >"	61	68	46
"< Application, Ljflex/StateSetEnumerator, hasMoreElements()Z >"	2	5	4
"< Application, Ljflex/DFA, minimize()V >"	466	363	362
"< Application, Lpolyglot/util/Base64, encodeBytesToBytes([B)[B >"	0	5	1
"< Application, Ljava_cup/emit, do_table_as_string(Ljava/io/PrintWriter;[[S)V >"	38	50	31
"< Application, Lpolyglot/ext/jl5/types/inference/InferenceSolver_c, handleUnresolvedTypeArgs([Lpolyglot/types/Type;Lpolyglot/types/Type;)[Lpolyglot/types/Type; >"	7	14	2
"< Application, Ljflex/StateSet, containsSet(Ljflex/StateSet;)Z >"	3	7	6
"< Application, Ljflex/Main, printUnicodePropertyValuesAndAliases(Ljava/lang/String;)V >"	54	77	63
"< Application, Ljflex/StateSet, containsSet(Ljflex/StateSet;)Z >"	1	5	4
"< Application, Lpolyglot/types/reflect/ClassFileLazyClassInitializer, initFields()V >"	6	8	7
"< Application, Ljflex/StateSet, complement(Ljflex/StateSet;)Ljflex/StateSet; >"	11	13	12
"< Application, Lppg/PPG, main([Ljava/lang/String;)V >"	1	5	1
"< Application, Ljflex/CharSetEnumerator, <init>(Ljflex/CharSet;)V >"	6	9	8
"< Application, Lpolyglot/util/Base64, decode([BIII)[B >"	6	9	1
"< Application, Ljflex/NFA, complement(Ljflex/IntPair;)Ljflex/IntPair; >"	87	101	100
