"< Application, Lpolyglot/main/Report, should_report([Ljava/lang/String;I)Z >"	16	6
"< Application, Lpolyglot/main/Report, should_report([Ljava/lang/String;I)Z >"	19	6
"< Application, Lpolyglot/main/Report, should_report(Ljava/util/Collection;I)Z >"	19	6
"< Application, Lpolyglot/main/Report, should_report(Ljava/util/Collection;I)Z >"	13	6
"< Application, Lpolyglot/main/Report, should_report(Ljava/util/Collection;I)Z >"	16	6
"< Application, Lpolyglot/main/Report, should_report([Ljava/lang/String;I)Z >"	13	6
