"< Application, Ljflex/IntCharSet, sub(Ljflex/IntCharSet;)V >"	62	59	java_prim_type_char	58	java_prim_type_int
"< Application, Lpolyglot/ext/jl5/parse/CUP$Grm$actions, CUP$Grm$do_action_part00000000(ILjava_cup/runtime/lr_parser;Ljava/util/Stack;I)Ljava_cup/runtime/Symbol; >"	159	6557	java_prim_type_long	6556	java_prim_type_int
"< Application, Ljflex/CharClasses, check()V >"	57	84	java_prim_type_char	83	java_prim_type_int
"< Application, Ljflex/gui/GridPanel, doLayout()V >"	44	48	java_prim_type_float	47	java_prim_type_int
"< Application, Lpolyglot/ast/IntLit_c, constantValue(Lpolyglot/ast/Lang;)Ljava/lang/Object; >"	9	9	java_prim_type_int	8	java_prim_type_long
"< Application, Lpolyglot/util/SerialVersionUID, getBytes(J)[B >"	13	22	java_prim_type_int	21	java_prim_type_long
"< Application, Ljava_cup/emit, do_table_as_string(Ljava/io/PrintWriter;[[S)V >"	43	54	java_prim_type_char	53	java_prim_type_int
"< Application, Ljflex/gui/GridPanel, doLayout()V >"	33	36	java_prim_type_float	35	java_prim_type_int
"< Application, Ljflex/gui/GridPanel, doLayout()V >"	74	77	java_prim_type_float	76	java_prim_type_int
"< Application, Ljflex/unicode/UnicodeProperties, bind([Ljava/lang/String;[Ljava/lang/String;[Ljava/lang/String;ILjava/lang/String;I)V >"	27	32	java_prim_type_char	31	java_prim_type_int
"< Application, Lpolyglot/ast/Cast_c, constantValue(Lpolyglot/ast/Lang;)Ljava/lang/Object; >"	133	231	java_prim_type_int	70	java_prim_type_float
"< Application, Lpolyglot/ast/Binary_c, constantValue(Lpolyglot/ast/Lang;)Ljava/lang/Object; >"	292	284	java_prim_type_int	97	java_prim_type_long
"< Application, Lpolyglot/ast/CharLit_c, constantValue(Lpolyglot/ast/Lang;)Ljava/lang/Object; >"	2	6	java_prim_type_int	5	java_prim_type_long
"< Application, Lpolyglot/ast/Cast_c, constantValue(Lpolyglot/ast/Lang;)Ljava/lang/Object; >"	38	268	java_prim_type_float	31	java_prim_type_double
"< Application, Lpolyglot/ast/IntLit_c, positiveToString()Ljava/lang/String; >"	30	10	java_prim_type_int	9	java_prim_type_long
"< Application, Lpolyglot/types/reflect/Method, initialize()V >"	42	48	java_prim_type_long	22	java_prim_type_int
"< Application, Lpolyglot/ast/Cast_c, constantValue(Lpolyglot/ast/Lang;)Ljava/lang/Object; >"	125	236	java_prim_type_char	235	java_prim_type_int
"< Application, Ljflex/gui/GridPanel, doLayout()V >"	24	26	java_prim_type_float	25	java_prim_type_int
"< Application, Lpolyglot/ast/CharLit_c, toString()Ljava/lang/String; >"	4	9	java_prim_type_int	8	java_prim_type_long
"< Application, Ljflex/gui/GridPanel, doLayout()V >"	120	118	java_prim_type_int	78	java_prim_type_float
"< Application, Lpolyglot/ext/jl5/parse/Lexer_c, nextToken()Lpolyglot/lex/Token; >"	353	177	java_prim_type_char	175	java_prim_type_int
"< Application, Lpolyglot/ast/Cast_c, constantValue(Lpolyglot/ast/Lang;)Ljava/lang/Object; >"	93	247	java_prim_type_double	70	java_prim_type_float
"< Application, Lpolyglot/util/SerialVersionUID, getBytes(J)[B >"	39	51	java_prim_type_byte	50	java_prim_type_int
"< Application, Lpolyglot/ext/jl5/types/reflect/JL5Method, initialize()V >"	79	86	java_prim_type_long	22	java_prim_type_int
"< Application, Ljflex/gui/GridPanel, getPreferredSize()Ljava/awt/Dimension; >"	45	56	java_prim_type_float	55	java_prim_type_int
"< Application, Lpolyglot/ast/Cast_c, constantValue(Lpolyglot/ast/Lang;)Ljava/lang/Object; >"	62	258	java_prim_type_int	31	java_prim_type_double
"< Application, Lpolyglot/types/PrimitiveType_c, numericConversionValidImpl(Ljava/lang/Object;)Z >"	16	13	java_prim_type_long	12	java_prim_type_int
"< Application, Lpolyglot/ast/IntLit_c, positiveToString()Ljava/lang/String; >"	42	12	java_prim_type_int	11	java_prim_type_long
"< Application, Ljflex/gui/GridPanel, getPreferredSize()Ljava/awt/Dimension; >"	22	33	java_prim_type_float	32	java_prim_type_int
"< Application, Lpolyglot/ast/Cast_c, constantValue(Lpolyglot/ast/Lang;)Ljava/lang/Object; >"	81	251	java_prim_type_byte	250	java_prim_type_int
"< Application, Lpolyglot/types/reflect/Field, initialize()V >"	41	47	java_prim_type_long	22	java_prim_type_int
"< Application, Lpolyglot/util/SerialVersionUID, longAt([BI)J >"	14	24	java_prim_type_long	23	java_prim_type_int
"< Application, Ljflex/gui/GridPanel, getPreferredSize()Ljava/awt/Dimension; >"	25	36	java_prim_type_float	35	java_prim_type_int
"< Application, Lpolyglot/util/SerialVersionUID, longAt([BI)J >"	26	40	java_prim_type_long	39	java_prim_type_int
"< Application, Lpolyglot/ast/Cast_c, constantValue(Lpolyglot/ast/Lang;)Ljava/lang/Object; >"	263	185	java_prim_type_byte	148	java_prim_type_int
"< Application, Lpolyglot/ast/CharLit_c, copy(Lpolyglot/ast/NodeFactory;)Lpolyglot/ast/Node; >"	2	6	java_prim_type_int	5	java_prim_type_long
"< Application, Ljflex/gui/GridPanel, getPreferredSize()Ljava/awt/Dimension; >"	38	49	java_prim_type_float	48	java_prim_type_int
"< Application, Ljflex/CharClasses, <init>(ILjflex/LexScan;)V >"	6	8	java_prim_type_char	2	java_prim_type_int
"< Application, Ljflex/IntCharSet, getCaseless(Ljflex/unicode/UnicodeProperties;)Ljflex/IntCharSet; >"	16	23	java_prim_type_char	22	java_prim_type_int
"< Application, Ljflex/LexScan, next_token()Ljava_cup/runtime/Symbol; >"	626	252	java_prim_type_char	251	java_prim_type_int
"< Application, Lpolyglot/util/SerialVersionUID, getBytes(J)[B >"	9	17	java_prim_type_byte	16	java_prim_type_int
"< Application, Lpolyglot/util/SerialVersionUID, getBytes(J)[B >"	4	11	java_prim_type_byte	10	java_prim_type_int
"< Application, Lpolyglot/types/reflect/ClassFile_c, readAttributes(Ljava/io/DataInputStream;)V >"	16	20	java_prim_type_long	11	java_prim_type_int
"< Application, Ljflex/NFA, complement(Ljflex/IntPair;)Ljflex/IntPair; >"	45	56	java_prim_type_char	55	java_prim_type_int
"< Application, Ljflex/CUP$LexParse$actions, getPreClass(I)Ljava/util/List; >"	148	28	java_prim_type_char	27	java_prim_type_int
"< Application, Lpolyglot/ast/Cast_c, constantValue(Lpolyglot/ast/Lang;)Ljava/lang/Object; >"	46	265	java_prim_type_long	31	java_prim_type_double
"< Application, Lpolyglot/parse/CUP$Grm$actions, CUP$Grm$do_action_part00000000(ILjava_cup/runtime/lr_parser;Ljava/util/Stack;I)Ljava_cup/runtime/Symbol; >"	36	6322	java_prim_type_long	6321	java_prim_type_int
"< Application, Lpolyglot/util/StringUtil, escape(CZ)Ljava/lang/String; >"	40	30	java_prim_type_char	29	java_prim_type_int
"< Application, Lpolyglot/parse/Lexer_c, zzRefill()Z >"	56	49	java_prim_type_char	44	java_prim_type_int
"< Application, Lpolyglot/qq/Lexer_c, nextToken()Lpolyglot/lex/Token; >"	372	201	java_prim_type_char	199	java_prim_type_int
"< Application, Lpolyglot/ast/CharLit_c, value()C >"	2	6	java_prim_type_char	5	java_prim_type_int
"< Application, Lpolyglot/types/reflect/ClassFile_c, readAttributes(Ljava/io/DataInputStream;)V >"	18	23	java_prim_type_long	11	java_prim_type_int
"< Application, Lpolyglot/ast/Binary_c, constantValue(Lpolyglot/ast/Lang;)Ljava/lang/Object; >"	284	288	java_prim_type_int	97	java_prim_type_long
"< Application, Lpolyglot/qq/CUP$Grm$actions, CUP$Grm$do_action_part00000000(ILjava_cup/runtime/lr_parser;Ljava/util/Stack;I)Ljava_cup/runtime/Symbol; >"	70	6014	java_prim_type_double	6013	java_prim_type_float
"< Application, Lpolyglot/visit/ExpressionFlattener, createInt(I)Lpolyglot/ast/IntLit; >"	3	8	java_prim_type_long	2	java_prim_type_int
"< Application, Ljflex/StdOutWriter, write(I)V >"	3	8	java_prim_type_char	2	java_prim_type_int
"< Application, Ljflex/gui/GridPanel, doLayout()V >"	37	40	java_prim_type_float	39	java_prim_type_int
"< Application, Ljflex/gui/GridPanel, getPreferredSize()Ljava/awt/Dimension; >"	31	42	java_prim_type_float	41	java_prim_type_int
"< Application, Lpolyglot/qq/CUP$Grm$actions, CUP$Grm$do_action_part00000000(ILjava_cup/runtime/lr_parser;Ljava/util/Stack;I)Ljava_cup/runtime/Symbol; >"	21	6084	java_prim_type_long	6083	java_prim_type_int
"< Application, Ljflex/LexScan, next_token()Ljava_cup/runtime/Symbol; >"	448	810	java_prim_type_char	809	java_prim_type_int
"< Application, Ljflex/gui/GridPanel, doLayout()V >"	41	45	java_prim_type_float	44	java_prim_type_int
"< Application, Lpolyglot/ast/Cast_c, constantValue(Lpolyglot/ast/Lang;)Ljava/lang/Object; >"	63	259	java_prim_type_char	258	java_prim_type_int
"< Application, Lpolyglot/ext/jl5/types/reflect/JL5Field, initialize()V >"	74	80	java_prim_type_long	22	java_prim_type_int
"< Application, Lpolyglot/ast/Cast_c, constantValue(Lpolyglot/ast/Lang;)Ljava/lang/Object; >"	204	204	java_prim_type_int	109	java_prim_type_long
"< Application, Lpolyglot/util/Base64, decode4to3([BI[BII)I >"	107	54	java_prim_type_byte	53	java_prim_type_int
"< Application, Ljava_cup/emit, do_reduce_table(Ljava/io/PrintWriter;Ljava_cup/parse_reduce_table;)V >"	22	30	java_prim_type_short	29	java_prim_type_int
"< Application, Ljflex/Emitter, transformTransitionTable()V >"	62	57	java_prim_type_char	56	java_prim_type_int
"< Application, Lpolyglot/ext/jl7/parse/CUP$Grm$actions, CUP$Grm$do_action_part00000000(ILjava_cup/runtime/lr_parser;Ljava/util/Stack;I)Ljava_cup/runtime/Symbol; >"	36	6949	java_prim_type_long	6948	java_prim_type_int
"< Application, Lpolyglot/util/SerialVersionUID, getBytes(J)[B >"	8	16	java_prim_type_int	15	java_prim_type_long
"< Application, Lpolyglot/parse/Lexer_c, nextToken()Lpolyglot/lex/Token; >"	350	177	java_prim_type_char	175	java_prim_type_int
"< Application, Lpolyglot/util/Base64$InputStream, read([BII)I >"	5	10	java_prim_type_byte	8	java_prim_type_int
"< Application, Ljflex/LexScan, next_token()Ljava_cup/runtime/Symbol; >"	537	209	java_prim_type_char	208	java_prim_type_int
"< Application, Ljflex/StateSet, hashCode()I >"	15	18	java_prim_type_long	16	java_prim_type_int
"< Application, Ljflex/gui/GridPanel, doLayout()V >"	20	22	java_prim_type_float	21	java_prim_type_int
"< Application, Lpolyglot/util/SerialVersionUID, longAt([BI)J >"	32	48	java_prim_type_long	47	java_prim_type_int
"< Application, Lpolyglot/ast/CharLit_c, value()C >"	1	5	java_prim_type_int	4	java_prim_type_long
"< Application, Ljflex/DFA, <init>(III)V >"	26	24	java_prim_type_char	23	java_prim_type_int
"< Application, Ljflex/DFA, old_minimize()[[Z >"	105	82	java_prim_type_char	81	java_prim_type_int
"< Application, Ljava_cup/emit, emit_production_table(Ljava/io/PrintWriter;)V >"	22	34	java_prim_type_short	33	java_prim_type_int
"< Application, Lpolyglot/util/StringUtil, escape(CZ)Ljava/lang/String; >"	36	24	java_prim_type_char	23	java_prim_type_int
"< Application, Ljava_cup/Lexer, zzRefill()Z >"	56	49	java_prim_type_char	44	java_prim_type_int
"< Application, Ljava_cup/emit, do_reduce_table(Ljava/io/PrintWriter;Ljava_cup/parse_reduce_table;)V >"	18	26	java_prim_type_short	34	java_prim_type_int
"< Application, Lpolyglot/ast/Cast_c, constantValue(Lpolyglot/ast/Lang;)Ljava/lang/Object; >"	196	209	java_prim_type_short	208	java_prim_type_int
"< Application, Lpolyglot/ast/Cast_c, constantValue(Lpolyglot/ast/Lang;)Ljava/lang/Object; >"	163	221	java_prim_type_float	109	java_prim_type_long
"< Application, Ljflex/IntCharSet, sub(Ljflex/IntCharSet;)V >"	57	54	java_prim_type_char	53	java_prim_type_int
"< Application, Lpolyglot/ast/Cast_c, constantValue(Lpolyglot/ast/Lang;)Ljava/lang/Object; >"	143	228	java_prim_type_byte	227	java_prim_type_int
"< Application, Lpolyglot/util/SerialVersionUID, generate(Ljava/lang/Class;)J >"	16	29	java_prim_type_byte	28	java_prim_type_int
"< Application, Lpolyglot/ast/IntLit_c, toString()Ljava/lang/String; >"	13	8	java_prim_type_long	7	java_prim_type_int
"< Application, Ljflex/LexScan, zzRefill()Z >"	56	49	java_prim_type_char	44	java_prim_type_int
"< Application, Ljava_cup/emit, do_action_table(Ljava/io/PrintWriter;Ljava_cup/parse_action_table;ZI)V >"	25	41	java_prim_type_short	62	java_prim_type_int
"< Application, Lpolyglot/ast/Cast_c, constantValue(Lpolyglot/ast/Lang;)Ljava/lang/Object; >"	80	250	java_prim_type_int	31	java_prim_type_double
"< Application, Lpolyglot/ast/CharLit_c, prettyPrint(Lpolyglot/util/CodeWriter;Lpolyglot/visit/PrettyPrinter;)V >"	2	8	java_prim_type_int	7	java_prim_type_long
"< Application, Lpolyglot/ext/jl5/qq/CUP$Grm$actions, CUP$Grm$do_action_part00000000(ILjava_cup/runtime/lr_parser;Ljava/util/Stack;I)Ljava_cup/runtime/Symbol; >"	70	6353	java_prim_type_double	6352	java_prim_type_float
"< Application, Lpolyglot/ast/IntLit_c, positiveToString()Ljava/lang/String; >"	36	21	java_prim_type_int	20	java_prim_type_long
"< Application, Lpolyglot/ast/Cast_c, constantValue(Lpolyglot/ast/Lang;)Ljava/lang/Object; >"	116	239	java_prim_type_int	70	java_prim_type_float
"< Application, Lpolyglot/ext/jl5/types/reflect/JL5Field, initialize()V >"	76	83	java_prim_type_long	22	java_prim_type_int
"< Application, Lpolyglot/visit/ConstantFolder, leave(Lpolyglot/ast/Node;Lpolyglot/ast/Node;Lpolyglot/visit/NodeVisitor;)Lpolyglot/ast/Node; >"	75	95	java_prim_type_double	94	java_prim_type_float
"< Application, Lpolyglot/util/Base64$OutputStream, write(I)V >"	43	22	java_prim_type_byte	2	java_prim_type_int
"< Application, Lpolyglot/util/SerialVersionUID, longAt([BI)J >"	8	16	java_prim_type_long	15	java_prim_type_int
"< Application, Lpolyglot/ast/Cast_c, constantValue(Lpolyglot/ast/Lang;)Ljava/lang/Object; >"	186	212	java_prim_type_int	109	java_prim_type_long
"< Application, Lpolyglot/util/SerialVersionUID, getBytes(J)[B >"	33	45	java_prim_type_int	44	java_prim_type_long
"< Application, Lpolyglot/util/SerialVersionUID, getBytes(J)[B >"	18	28	java_prim_type_int	27	java_prim_type_long
"< Application, Ljflex/NFA, insertStringNFA(ZLjava/lang/String;)Ljflex/IntPair; >"	29	38	java_prim_type_char	37	java_prim_type_int
"< Application, Lpolyglot/qq/Lexer_c, zzRefill()Z >"	56	49	java_prim_type_char	44	java_prim_type_int
"< Application, Ljflex/DFA, old_minimize()[[Z >"	135	104	java_prim_type_char	103	java_prim_type_int
"< Application, Lpolyglot/util/SerialVersionUID, generate(Ljava/lang/Class;)J >"	38	48	java_prim_type_byte	47	java_prim_type_int
"< Application, Ljava_cup/emit, do_table_as_string(Ljava/io/PrintWriter;[[S)V >"	24	34	java_prim_type_char	33	java_prim_type_int
"< Application, Ljflex/DFA, toString()Ljava/lang/String; >"	43	66	java_prim_type_char	65	java_prim_type_int
"< Application, Lpolyglot/ast/CharLit_c, copy(Lpolyglot/ast/NodeFactory;)Lpolyglot/ast/Node; >"	3	7	java_prim_type_char	6	java_prim_type_int
"< Application, Ljflex/gui/GridPanel, doLayout()V >"	66	69	java_prim_type_float	68	java_prim_type_int
"< Application, Ljflex/gui/GridPanel, doLayout()V >"	52	56	java_prim_type_float	55	java_prim_type_int
"< Application, Lpolyglot/util/SerialVersionUID, getBytes(J)[B >"	23	34	java_prim_type_int	33	java_prim_type_long
"< Application, Ljflex/Emitter, emitCharMapArrayUnPacked()V >"	23	36	java_prim_type_char	35	java_prim_type_int
"< Application, Lpolyglot/ast/CharLit_c, prettyPrint(Lpolyglot/util/CodeWriter;Lpolyglot/visit/PrettyPrinter;)V >"	3	9	java_prim_type_char	8	java_prim_type_int
"< Application, Ljflex/NFA, insertLetterNFA(ZCII)V >"	20	36	java_prim_type_char	35	java_prim_type_int
"< Application, Ljflex/gui/GridPanel, getPreferredSize()Ljava/awt/Dimension; >"	17	24	java_prim_type_float	23	java_prim_type_int
"< Application, Ljava_cup/emit, do_table_as_string(Ljava/io/PrintWriter;[[S)V >"	32	43	java_prim_type_char	42	java_prim_type_int
"< Application, Lpolyglot/util/Base64, decodeFromFile(Ljava/lang/String;)[B >"	16	13	java_prim_type_int	12	java_prim_type_long
"< Application, Lpolyglot/ast/Cast_c, constantValue(Lpolyglot/ast/Lang;)Ljava/lang/Object; >"	225	198	java_prim_type_float	148	java_prim_type_int
"< Application, Ljflex/gui/GridPanel, getPreferredSize()Ljava/awt/Dimension; >"	49	60	java_prim_type_int	57	java_prim_type_float
"< Application, Lpolyglot/util/SerialVersionUID, getBytes(J)[B >"	28	40	java_prim_type_int	39	java_prim_type_long
"< Application, Lpolyglot/util/Base64, decode4to3([BI[BII)I >"	51	89	java_prim_type_byte	88	java_prim_type_int
"< Application, Ljflex/unicode/UnicodeProperties, bind([Ljava/lang/String;[Ljava/lang/String;[Ljava/lang/String;ILjava/lang/String;I)V >"	25	29	java_prim_type_char	18	java_prim_type_int
"< Application, Lpolyglot/qq/CUP$Grm$actions, CUP$Grm$do_action_part00000000(ILjava_cup/runtime/lr_parser;Ljava/util/Stack;I)Ljava_cup/runtime/Symbol; >"	144	5907	java_prim_type_long	5906	java_prim_type_int
"< Application, Lpolyglot/util/SerialVersionUID, getBytes(J)[B >"	29	41	java_prim_type_byte	40	java_prim_type_int
"< Application, Ljflex/gui/GridPanel, doLayout()V >"	121	119	java_prim_type_int	79	java_prim_type_float
"< Application, Ljflex/Emitter, findActionStates()V >"	20	19	java_prim_type_char	18	java_prim_type_int
"< Application, Lpolyglot/ast/Cast_c, constantValue(Lpolyglot/ast/Lang;)Ljava/lang/Object; >"	142	227	java_prim_type_int	70	java_prim_type_float
"< Application, Lpolyglot/util/Base64$OutputStream, write(I)V >"	11	36	java_prim_type_byte	2	java_prim_type_int
"< Application, Lpolyglot/util/SerialVersionUID, getBytes(J)[B >"	14	23	java_prim_type_byte	22	java_prim_type_int
"< Application, Lpolyglot/util/SerialVersionUID, longAt([BI)J >"	20	32	java_prim_type_long	31	java_prim_type_int
"< Application, Lpolyglot/ast/Cast_c, constantValue(Lpolyglot/ast/Lang;)Ljava/lang/Object; >"	205	205	java_prim_type_byte	204	java_prim_type_int
"< Application, Ljflex/PackEmitter, emitUC(I)V >"	5	6	java_prim_type_char	2	java_prim_type_int
"< Application, Lppg/lex/Lexer, zzRefill()Z >"	56	49	java_prim_type_char	44	java_prim_type_int
"< Application, Ljflex/gui/GridPanel, doLayout()V >"	119	117	java_prim_type_int	113	java_prim_type_float
"< Application, Ljflex/gui/GridPanel, doLayout()V >"	57	60	java_prim_type_float	59	java_prim_type_int
"< Application, Ljava_cup/emit, do_action_table(Ljava/io/PrintWriter;Ljava_cup/parse_action_table;ZI)V >"	32	49	java_prim_type_short	48	java_prim_type_int
"< Application, Lpolyglot/types/reflect/Method, initialize()V >"	44	51	java_prim_type_long	22	java_prim_type_int
"< Application, Lpolyglot/util/Base64, encodeFromFile(Ljava/lang/String;)Ljava/lang/String; >"	6	13	java_prim_type_int	12	java_prim_type_double
"< Application, Lpolyglot/ast/IntLit_c, boundary()Z >"	4	6	java_prim_type_int	5	java_prim_type_long
"< Application, Lpolyglot/ext/jl7/parse/Lexer_c, zzRefill()Z >"	56	49	java_prim_type_char	44	java_prim_type_int
"< Application, Lpolyglot/ast/CharLit_c, <init>(Lpolyglot/util/Position;CLpolyglot/ast/Ext;)V >"	0	6	java_prim_type_long	3	java_prim_type_int
"< Application, Ljflex/StateSet, hashCode()I >"	21	26	java_prim_type_int	25	java_prim_type_long
"< Application, Lpolyglot/ext/jl5/parse/CUP$Grm$actions, CUP$Grm$do_action_part00000000(ILjava_cup/runtime/lr_parser;Ljava/util/Stack;I)Ljava_cup/runtime/Symbol; >"	85	6664	java_prim_type_double	6663	java_prim_type_float
"< Application, Lpolyglot/util/SerialVersionUID, getBytes(J)[B >"	34	46	java_prim_type_byte	45	java_prim_type_int
"< Application, Lpolyglot/ast/CharLit_c, constantValue(Lpolyglot/ast/Lang;)Ljava/lang/Object; >"	3	7	java_prim_type_char	6	java_prim_type_int
"< Application, Ljflex/unicode/UnicodeProperties, initCaselessMatches()V >"	24	23	java_prim_type_char	18	java_prim_type_int
"< Application, Ljflex/gui/GridPanel, doLayout()V >"	48	52	java_prim_type_float	51	java_prim_type_int
"< Application, Lpolyglot/ast/Cast_c, constantValue(Lpolyglot/ast/Lang;)Ljava/lang/Object; >"	178	216	java_prim_type_int	109	java_prim_type_long
"< Application, Lpolyglot/ast/CharLit_c, value(Lpolyglot/ast/CharLit_c;C)Lpolyglot/ast/CharLit_c; >"	1	6	java_prim_type_long	3	java_prim_type_int
"< Application, Ljflex/CharClasses, setMaxCharCode(I)V >"	5	6	java_prim_type_char	2	java_prim_type_int
"< Application, Lpolyglot/lex/EscapedUnicodeReader, read()I >"	50	58	java_prim_type_char	67	java_prim_type_int
"< Application, Ljflex/IntCharSet, sub(Ljflex/IntCharSet;)V >"	47	46	java_prim_type_char	45	java_prim_type_int
"< Application, Lpolyglot/types/reflect/Field, initialize()V >"	43	50	java_prim_type_long	22	java_prim_type_int
"< Application, Lpolyglot/util/StringUtil, escape(CZ)Ljava/lang/String; >"	31	16	java_prim_type_char	15	java_prim_type_int
"< Application, Lpolyglot/ast/Cast_c, constantValue(Lpolyglot/ast/Lang;)Ljava/lang/Object; >"	108	242	java_prim_type_long	70	java_prim_type_float
"< Application, Lpolyglot/parse/CUP$Grm$actions, CUP$Grm$do_action_part00000000(ILjava_cup/runtime/lr_parser;Ljava/util/Stack;I)Ljava_cup/runtime/Symbol; >"	159	6145	java_prim_type_long	6144	java_prim_type_int
"< Application, Lpolyglot/ext/jl7/parse/CUP$Grm$actions, CUP$Grm$do_action_part00000000(ILjava_cup/runtime/lr_parser;Ljava/util/Stack;I)Ljava_cup/runtime/Symbol; >"	159	6772	java_prim_type_long	6771	java_prim_type_int
"< Application, Lpolyglot/util/Base64$InputStream, read()I >"	37	17	java_prim_type_byte	10	java_prim_type_int
"< Application, Lpolyglot/ext/jl5/qq/CUP$Grm$actions, CUP$Grm$do_action_part00000000(ILjava_cup/runtime/lr_parser;Ljava/util/Stack;I)Ljava_cup/runtime/Symbol; >"	21	6423	java_prim_type_long	6422	java_prim_type_int
"< Application, Ljflex/CUP$LexParse$actions, getPreClass(I)Ljava/util/List; >"	169	49	java_prim_type_char	48	java_prim_type_int
"< Application, Ljava_cup/runtime/lr_parser, unpackFromStrings([Ljava/lang/String;)[[S >"	33	39	java_prim_type_short	38	java_prim_type_int
"< Application, Lpolyglot/ast/Cast_c, constantValue(Lpolyglot/ast/Lang;)Ljava/lang/Object; >"	187	213	java_prim_type_char	212	java_prim_type_int
"< Application, Ljflex/IntCharSet, sub(Ljflex/IntCharSet;)V >"	38	40	java_prim_type_char	39	java_prim_type_int
"< Application, Lpolyglot/util/SerialVersionUID, getBytes(J)[B >"	38	50	java_prim_type_int	49	java_prim_type_long
"< Application, Lpolyglot/util/SerialVersionUID, getBytes(J)[B >"	19	29	java_prim_type_byte	28	java_prim_type_int
"< Application, Lpolyglot/ast/Cast_c, constantValue(Lpolyglot/ast/Lang;)Ljava/lang/Object; >"	155	224	java_prim_type_double	109	java_prim_type_long
"< Application, Ljava_cup/emit, do_action_table(Ljava/io/PrintWriter;Ljava_cup/parse_action_table;ZI)V >"	43	51	java_prim_type_short	62	java_prim_type_int
"< Application, Lpolyglot/ast/Cast_c, constantValue(Lpolyglot/ast/Lang;)Ljava/lang/Object; >"	71	254	java_prim_type_int	31	java_prim_type_double
"< Application, Lpolyglot/ext/jl5/parse/Lexer_c, zzRefill()Z >"	56	49	java_prim_type_char	44	java_prim_type_int
"< Application, Ljflex/gui/GridPanel, getPreferredSize()Ljava/awt/Dimension; >"	28	39	java_prim_type_float	38	java_prim_type_int
"< Application, Lpolyglot/ast/Case_c, checkConstants(Lpolyglot/visit/ConstantChecker;)Lpolyglot/ast/Node; >"	34	41	java_prim_type_long	40	java_prim_type_int
"< Application, Lpolyglot/util/Base64, decode4to3([BI[BII)I >"	110	56	java_prim_type_byte	47	java_prim_type_int
"< Application, Lpolyglot/ext/jl7/parse/Lexer_c, nextToken()Lpolyglot/lex/Token; >"	353	177	java_prim_type_char	175	java_prim_type_int
"< Application, Ljava_cup/emit, do_action_table(Ljava/io/PrintWriter;Ljava_cup/parse_action_table;ZI)V >"	82	75	java_prim_type_short	74	java_prim_type_int
"< Application, Lpolyglot/ext/jl7/parse/CUP$Grm$actions, CUP$Grm$do_action_part00000000(ILjava_cup/runtime/lr_parser;Ljava/util/Stack;I)Ljava_cup/runtime/Symbol; >"	85	6879	java_prim_type_double	6878	java_prim_type_float
"< Application, Lpolyglot/ast/Cast_c, constantValue(Lpolyglot/ast/Lang;)Ljava/lang/Object; >"	217	201	java_prim_type_double	148	java_prim_type_int
"< Application, Lpolyglot/ast/Cast_c, constantValue(Lpolyglot/ast/Lang;)Ljava/lang/Object; >"	54	262	java_prim_type_int	31	java_prim_type_double
"< Application, Ljava_cup/emit, emit_production_table(Ljava/io/PrintWriter;)V >"	26	39	java_prim_type_short	38	java_prim_type_int
"< Application, Lpolyglot/ast/Cast_c, constantValue(Lpolyglot/ast/Lang;)Ljava/lang/Object; >"	255	188	java_prim_type_short	148	java_prim_type_int
"< Application, Lpolyglot/util/SerialVersionUID, generate(Ljava/lang/Class;)J >"	43	51	java_prim_type_byte	50	java_prim_type_int
"< Application, Lpolyglot/ext/jl5/types/reflect/JL5Method, initialize()V >"	81	89	java_prim_type_long	22	java_prim_type_int
"< Application, Lpolyglot/ast/FloatLit_c, prettyPrint(Lpolyglot/util/CodeWriter;Lpolyglot/visit/PrettyPrinter;)V >"	6	28	java_prim_type_float	27	java_prim_type_double
"< Application, Lpolyglot/lex/EscapedUnicodeReader, read([CII)I >"	9	11	java_prim_type_char	8	java_prim_type_int
"< Application, Lpolyglot/ast/Binary_c, constantValue(Lpolyglot/ast/Lang;)Ljava/lang/Object; >"	300	280	java_prim_type_int	97	java_prim_type_long
"< Application, Ljflex/gui/GridPanel, getPreferredSize()Ljava/awt/Dimension; >"	12	18	java_prim_type_float	17	java_prim_type_int
"< Application, Lpolyglot/ast/IntLit_c, toString()Ljava/lang/String; >"	12	7	java_prim_type_int	6	java_prim_type_long
"< Application, Ljflex/NFA, getDFA()Ljflex/DFA; >"	87	101	java_prim_type_char	100	java_prim_type_int
"< Application, Lpolyglot/visit/ConstantFolder, leave(Lpolyglot/ast/Node;Lpolyglot/ast/Node;Lpolyglot/visit/NodeVisitor;)Lpolyglot/ast/Node; >"	98	70	java_prim_type_long	69	java_prim_type_int
"< Application, Ljflex/gui/GridPanel, doLayout()V >"	118	116	java_prim_type_int	112	java_prim_type_float
"< Application, Lpolyglot/ext/jl5/qq/CUP$Grm$actions, CUP$Grm$do_action_part00000000(ILjava_cup/runtime/lr_parser;Ljava/util/Stack;I)Ljava_cup/runtime/Symbol; >"	144	6246	java_prim_type_long	6245	java_prim_type_int
"< Application, Lpolyglot/util/Base64, decode4to3([BI[BII)I >"	74	74	java_prim_type_byte	73	java_prim_type_int
"< Application, Ljava_cup/emit, do_table_as_string(Ljava/io/PrintWriter;[[S)V >"	12	23	java_prim_type_char	22	java_prim_type_int
"< Application, Lpolyglot/ast/Cast_c, constantValue(Lpolyglot/ast/Lang;)Ljava/lang/Object; >"	195	208	java_prim_type_int	109	java_prim_type_long
"< Application, Lpolyglot/util/SerialVersionUID, longAt([BI)J >"	3	9	java_prim_type_long	8	java_prim_type_int
"< Application, Ljflex/gui/GridPanel, getPreferredSize()Ljava/awt/Dimension; >"	48	59	java_prim_type_int	50	java_prim_type_float
"< Application, Lpolyglot/ast/CharLit_c, toString()Ljava/lang/String; >"	5	10	java_prim_type_char	9	java_prim_type_int
"< Application, Lpolyglot/util/Base64, decode4to3([BI[BII)I >"	78	77	java_prim_type_byte	76	java_prim_type_int
"< Application, Lpolyglot/ast/Cast_c, constantValue(Lpolyglot/ast/Lang;)Ljava/lang/Object; >"	233	195	java_prim_type_long	148	java_prim_type_int
"< Application, Lpolyglot/util/Base64, encodeFromFile(Ljava/lang/String;)Ljava/lang/String; >"	3	8	java_prim_type_double	7	java_prim_type_long
"< Application, Ljflex/gui/GridPanel, doLayout()V >"	72	75	java_prim_type_float	74	java_prim_type_int
"< Application, Ljflex/gui/GridPanel, doLayout()V >"	63	66	java_prim_type_float	65	java_prim_type_int
"< Application, Ljflex/gui/GridPanel, doLayout()V >"	60	63	java_prim_type_float	62	java_prim_type_int
"< Application, Lpolyglot/util/SerialVersionUID, longAt([BI)J >"	38	56	java_prim_type_long	55	java_prim_type_int
"< Application, Lpolyglot/util/SerialVersionUID, longAt([BI)J >"	44	64	java_prim_type_long	63	java_prim_type_int
"< Application, Ljflex/CharClasses, getIntervals()[Ljflex/CharClassInterval; >"	14	19	java_prim_type_char	36	java_prim_type_int
"< Application, Lpolyglot/ext/jl5/types/reflect/Annotations$Annotation, readElementValue(Lpolyglot/types/reflect/ClassFile;Ljava/io/DataInputStream;)Lpolyglot/ext/jl5/types/reflect/Annotations$ElementValue; >"	1	7	java_prim_type_char	6	java_prim_type_int
"< Application, Ljflex/CUP$LexParse$actions, getPreClass(I)Ljava/util/List; >"	152	33	java_prim_type_char	32	java_prim_type_int
"< Application, Ljava_cup/emit, do_table_as_string(Ljava/io/PrintWriter;[[S)V >"	4	12	java_prim_type_char	11	java_prim_type_int
"< Application, Lpolyglot/ext/jl5/ast/JL5CaseExt, resolveCaseLabel(Lpolyglot/visit/TypeChecker;Lpolyglot/types/Type;)Lpolyglot/ast/Case; >"	117	88	java_prim_type_long	87	java_prim_type_int
"< Application, Lpolyglot/util/Base64$InputStream, read()I >"	10	36	java_prim_type_byte	35	java_prim_type_int
"< Application, Lpolyglot/util/Base64, decode4to3([BI[BII)I >"	103	50	java_prim_type_byte	49	java_prim_type_int
"< Application, Lpolyglot/ext/jl5/parse/CUP$Grm$actions, CUP$Grm$do_action_part00000000(ILjava_cup/runtime/lr_parser;Ljava/util/Stack;I)Ljava_cup/runtime/Symbol; >"	36	6734	java_prim_type_long	6733	java_prim_type_int
"< Application, Lpolyglot/util/SerialVersionUID, getBytes(J)[B >"	3	10	java_prim_type_int	9	java_prim_type_long
"< Application, Lpolyglot/util/Base64, encode(Ljava/nio/ByteBuffer;Ljava/nio/CharBuffer;)V >"	12	22	java_prim_type_char	21	java_prim_type_int
"< Application, Lpolyglot/parse/CUP$Grm$actions, CUP$Grm$do_action_part00000000(ILjava_cup/runtime/lr_parser;Ljava/util/Stack;I)Ljava_cup/runtime/Symbol; >"	85	6252	java_prim_type_double	6251	java_prim_type_float
"< Application, Lpolyglot/lex/EscapedUnicodeReader, read()I >"	29	23	java_prim_type_char	34	java_prim_type_int
"< Application, Ljflex/NFA, toString()Ljava/lang/String; >"	48	72	java_prim_type_char	71	java_prim_type_int
"< Application, Lpolyglot/ast/CharLit_c, value(Lpolyglot/ast/CharLit_c;C)Lpolyglot/ast/CharLit_c; >"	7	12	java_prim_type_long	3	java_prim_type_int
"< Application, Lpolyglot/util/SerialVersionUID, getBytes(J)[B >"	24	35	java_prim_type_byte	34	java_prim_type_int
"< Application, Lpolyglot/ast/Cast_c, constantValue(Lpolyglot/ast/Lang;)Ljava/lang/Object; >"	72	255	java_prim_type_short	254	java_prim_type_int
"< Application, Lpolyglot/ast/Cast_c, constantValue(Lpolyglot/ast/Lang;)Ljava/lang/Object; >"	134	232	java_prim_type_short	231	java_prim_type_int
"< Application, Lpolyglot/ast/Cast_c, constantValue(Lpolyglot/ast/Lang;)Ljava/lang/Object; >"	124	235	java_prim_type_int	70	java_prim_type_float
"< Application, Ljava_cup/emit, do_action_table(Ljava/io/PrintWriter;Ljava_cup/parse_action_table;ZI)V >"	48	55	java_prim_type_short	54	java_prim_type_int
"< Application, Ljflex/LexScan, next_token()Ljava_cup/runtime/Symbol; >"	601	695	java_prim_type_char	694	java_prim_type_int
