"< Application, Lpolyglot/ext/jl7/parse/Lexer_c, float_lit(Ljava/lang/String;)Lpolyglot/lex/Token; >"	41	61
"< Application, Lpolyglot/util/Base64, encodeBytesToBytes([BIII)[B >"	50	75
"< Application, Lpolyglot/ast/Disamb_c, disambiguatePackagePrefix(Lpolyglot/ast/PackageNode;)Lpolyglot/ast/Node; >"	7	14
"< Application, Lpolyglot/main/Options, applyArgs(Ljava/util/Set;)V >"	18	37
"< Application, Lppg/PPG, main([Ljava/lang/String;)V >"	76	75
"< Application, Lpolyglot/util/Base64, encodeBytes([BII)Ljava/lang/String; >"	2	9
"< Application, Lpolyglot/types/ClassType_c, translate(Lpolyglot/types/Resolver;)Ljava/lang/String; >"	49	39
"< Application, Lpolyglot/util/AllowBreak, formatN(IIIILpolyglot/util/MaxLevels;II)Lpolyglot/util/FormatResult; >"	41	55
"< Application, Ljflex/Main, generate(Ljava/io/File;)V >"	106	154
"< Application, Lpolyglot/util/Base64, decode(Ljava/lang/String;I)[B >"	65	74
"< Application, Lpolyglot/ext/jl5/JL5Scheduler, CodeGenerated(Lpolyglot/frontend/Job;)Lpolyglot/frontend/goals/Goal; >"	18	24
"< Application, Lpolyglot/ast/LocalDecl_c, typeCheck(Lpolyglot/visit/TypeChecker;)Lpolyglot/ast/Node; >"	5	9
"< Application, Lpolyglot/ast/ClassDecl_c, typeCheck(Lpolyglot/visit/TypeChecker;)Lpolyglot/ast/Node; >"	246	217
"< Application, Ljflex/CUP$LexParse$actions, CUP$LexParse$do_action(ILjava_cup/runtime/lr_parser;Ljava/util/Stack;I)Ljava_cup/runtime/Symbol; >"	2424	1983
"< Application, Lpolyglot/util/Base64, encodeObject(Ljava/io/Serializable;I)Ljava/lang/String; >"	55	56
"< Application, Lpolyglot/util/Base64, encodeFileToFile(Ljava/lang/String;Ljava/lang/String;)V >"	12	15
"< Application, Lpolyglot/types/CachingResolver, copy()Lpolyglot/types/CachingResolver; >"	7	5
"< Application, Lpolyglot/frontend/ParserPass, run()Z >"	44	48
"< Application, Lpolyglot/frontend/Compiler, compileFiles(Ljava/util/Collection;)Z >"	50	68
"< Application, Lpolyglot/ast/Disamb_c, disambiguateNoPrefix()Lpolyglot/ast/Node; >"	35	43
"< Application, Lpolyglot/util/Base64, encodeFromFile(Ljava/lang/String;)Ljava/lang/String; >"	27	35
"< Application, Lppg/spec/PPGSpec, parseChain(Ljava/lang/String;)V >"	63	85
"< Application, Lpolyglot/ext/jl5/ast/JL5SourceFileExt, typeCheck(Lpolyglot/visit/TypeChecker;)Lpolyglot/ast/Node; >"	41	61
"< Application, Lpolyglot/main/Options, parseCommandLine([Ljava/lang/String;Ljava/util/Set;)V >"	15	30
"< Application, Ljflex/LexScan, main([Ljava/lang/String;)V >"	11	15
"< Application, Lpolyglot/frontend/Scheduler, addDependencyAndEnqueue(Lpolyglot/frontend/goals/Goal;Lpolyglot/frontend/goals/Goal;Z)V >"	3	9
"< Application, Lpolyglot/util/Base64, decode(Ljava/lang/String;I)[B >"	53	49
"< Application, Lpolyglot/visit/NodeScrambler, override(Lpolyglot/ast/Node;)Lpolyglot/ast/Node; >"	19	29
"< Application, Lpolyglot/ext/jl5/types/JL5ImportTable, find(Ljava/lang/String;)Lpolyglot/types/Named; >"	20	30
"< Application, Ljflex/Out, showPosition(Ljava/io/File;II)V >"	16	7
"< Application, Lpolyglot/translate/ExtensionRewriter, leaveCall(Lpolyglot/ast/Node;Lpolyglot/ast/Node;Lpolyglot/visit/NodeVisitor;)Lpolyglot/ast/Node; >"	3	10
"< Application, Lpolyglot/util/Base64, encodeBytesToBytes([BIII)[B >"	53	78
"< Application, Lpolyglot/frontend/Compiler, compile(Ljava/util/Collection;)Z >"	28	30
"< Application, Lpolyglot/util/Base64, encodeObject(Ljava/io/Serializable;I)Ljava/lang/String; >"	28	46
"< Application, Lppg/spec/Spec, replaceCode(Ljava/util/Vector;)V >"	31	26
"< Application, Lpolyglot/ext/jl5/types/JL5Context_c, findVariableInStaticImport(Ljava/lang/String;)Lpolyglot/types/VarInstance; >"	52	71
"< Application, Ljflex/Main, main([Ljava/lang/String;)V >"	2	7
"< Application, Ljflex/LexScan, next_token()Ljava_cup/runtime/Symbol; >"	808	578
"< Application, Lpolyglot/util/Base64, encodeObject(Ljava/io/Serializable;I)Ljava/lang/String; >"	43	34
"< Application, Lpolyglot/util/Base64, encodeObject(Ljava/io/Serializable;I)Ljava/lang/String; >"	22	40
"< Application, Lppg/PPG, main([Ljava/lang/String;)V >"	120	134
"< Application, Lpolyglot/util/TypeInputStream, resolveObject(Ljava/lang/Object;)Ljava/lang/Object; >"	7	13
"< Application, Lpolyglot/frontend/Scheduler, runPass(Lpolyglot/frontend/Pass;)Z >"	265	260
"< Application, Lpolyglot/main/Options, applyArgs(Ljava/util/Set;)V >"	16	58
"< Application, Ljflex/CUP$LexParse$actions, CUP$LexParse$do_action(ILjava_cup/runtime/lr_parser;Ljava/util/Stack;I)Ljava_cup/runtime/Symbol; >"	2373	2050
"< Application, Lpolyglot/ext/jl5/types/inference/LubType_c, lci(Ljava/util/List;)Lpolyglot/types/ReferenceType; >"	44	57
"< Application, Lpolyglot/types/reflect/ClassFileLazyClassInitializer, fieldInstance(Lpolyglot/types/reflect/Field;Lpolyglot/types/ClassType;)Lpolyglot/types/FieldInstance; >"	41	59
"< Application, Lpolyglot/visit/PrettyPrinter, printAst(Lpolyglot/ast/Node;Lpolyglot/util/CodeWriter;)V >"	3	9
"< Application, Ljflex/Out, showPosition(Ljava/io/File;I)V >"	4	6
"< Application, Lpolyglot/util/TypeInputStream, installInPlaceHolderCache(Lpolyglot/types/PlaceHolder;Lpolyglot/types/TypeObject;)V >"	26	43
"< Application, Lppg/util/CodeWriter, flush()Z >"	5	10
"< Application, Lpolyglot/ext/jl5/ast/JL5Disamb_c, disambiguateTypeNodePrefix(Lpolyglot/ast/TypeNode;)Lpolyglot/ast/Node; >"	19	23
"< Application, Lpolyglot/visit/ErrorHandlingVisitor, leave(Lpolyglot/ast/Node;Lpolyglot/ast/Node;Lpolyglot/ast/Node;Lpolyglot/visit/NodeVisitor;)Lpolyglot/ast/Node; >"	33	30
"< Application, Lpolyglot/util/SerialVersionUID, generate(Ljava/lang/Class;)J >"	98	121
"< Application, Lpolyglot/frontend/Compiler, compileFiles(Ljava/util/Collection;)Z >"	15	35
"< Application, Lpolyglot/util/TypeEncoder, decode(Ljava/lang/String;Ljava/lang/String;)Lpolyglot/types/TypeObject; >"	57	46
"< Application, Lpolyglot/util/SerialVersionUID, generate(Ljava/lang/Class;)J >"	183	249
"< Application, Ljflex/CUP$LexParse$actions, CUP$LexParse$do_action(ILjava_cup/runtime/lr_parser;Ljava/util/Stack;I)Ljava_cup/runtime/Symbol; >"	2250	2196
"< Application, Lpolyglot/util/Base64, decodeToFile(Ljava/lang/String;Ljava/lang/String;)V >"	8	21
"< Application, Lpolyglot/util/Base64, decode(Ljava/lang/String;I)[B >"	56	52
"< Application, Lpolyglot/ext/jl5/JL5Scheduler, AnnotationCheck(Lpolyglot/frontend/Job;)Lpolyglot/frontend/goals/Goal; >"	13	20
"< Application, Lpolyglot/util/Base64, encodeBytesToBytes([BIII)[B >"	65	69
"< Application, Lpolyglot/types/Context_c, findVariableInThisScope(Ljava/lang/String;)Lpolyglot/types/VarInstance; >"	14	20
"< Application, Lpolyglot/util/SerialVersionUID, generate(Ljava/lang/Class;)J >"	124	158
"< Application, Lpolyglot/ext/jl5/JL5Scheduler, RemoveVarArgsFlags(Lpolyglot/frontend/Job;)Lpolyglot/frontend/goals/Goal; >"	13	20
"< Application, Lpolyglot/visit/DefiniteAssignmentChecker, leaveCall(Lpolyglot/ast/Node;Lpolyglot/ast/Node;Lpolyglot/visit/NodeVisitor;)Lpolyglot/ast/Node; >"	36	38
"< Application, Lpolyglot/types/PackageContextResolver, find(Ljava/lang/String;Lpolyglot/types/ClassType;)Lpolyglot/types/Named; >"	22	28
"< Application, Lpolyglot/frontend/Scheduler, runPass(Lpolyglot/frontend/Pass;)Z >"	219	308
"< Application, Lpolyglot/util/SerialVersionUID, generate(Ljava/lang/Class;)J >"	114	140
"< Application, Ljflex/gui/GeneratorThread, run()V >"	23	20
"< Application, Lpolyglot/util/StdErrorQueue, showError(Lpolyglot/util/Position;)V >"	70	80
"< Application, Ljflex/CUP$LexParse$actions, CUP$LexParse$do_action(ILjava_cup/runtime/lr_parser;Ljava/util/Stack;I)Ljava_cup/runtime/Symbol; >"	2503	1883
"< Application, Lpolyglot/util/SerialVersionUID, generate(Ljava/lang/Class;)J >"	88	103
"< Application, Lpolyglot/translate/JLOutputExtensionInfo, createOptions()Lpolyglot/main/Options; >"	9	15
"< Application, Lpolyglot/util/TypeEncoder, encode(Lpolyglot/types/TypeObject;)Ljava/lang/String; >"	33	33
"< Application, Lpolyglot/util/typedump/Main, configureOptions(Lpolyglot/main/Options;)V >"	8	14
"< Application, Lpolyglot/frontend/TargetFactory, outputFileObject(Ljava/lang/String;Ljava/lang/String;Lpolyglot/frontend/Source;)Ljavax/tools/JavaFileObject; >"	45	58
"< Application, Lpolyglot/visit/ContextVisitor, leave(Lpolyglot/ast/Node;Lpolyglot/ast/Node;Lpolyglot/ast/Node;Lpolyglot/visit/NodeVisitor;)Lpolyglot/ast/Node; >"	8	13
"< Application, Lpolyglot/visit/Translator, translateSource(Lpolyglot/ast/SourceFile;)Z >"	69	85
"< Application, Lpolyglot/util/AllowBreak, formatN(IIIILpolyglot/util/MaxLevels;II)Lpolyglot/util/FormatResult; >"	23	34
"< Application, Lpolyglot/util/TypeEncoder, decode(Ljava/lang/String;Ljava/lang/String;)Lpolyglot/types/TypeObject; >"	69	72
"< Application, Lpolyglot/util/Base64, encodeObject(Ljava/io/Serializable;I)Ljava/lang/String; >"	37	26
"< Application, Lpolyglot/util/TypeEncoder, encode(Lpolyglot/types/TypeObject;)Ljava/lang/String; >"	55	45
"< Application, Lpolyglot/util/SerialVersionUID, generate(Ljava/lang/Class;)J >"	148	194
"< Application, Lpolyglot/filemanager/ExtFileManager, checkForSource(Ljavax/tools/JavaFileManager$Location;Ljava/lang/String;)Lpolyglot/frontend/FileSource; >"	42	39
"< Application, Ljflex/gui/OptionsDialog, skelBrowse()V >"	20	32
"< Application, Lpolyglot/types/TypeObject_c, copy()Lpolyglot/types/TypeObject_c; >"	3	5
"< Application, Lpolyglot/util/Base64, encodeObject(Ljava/io/Serializable;I)Ljava/lang/String; >"	46	36
"< Application, Lpolyglot/ast/Ext_c, copy()Lpolyglot/ast/Ext; >"	11	11
"< Application, Lpolyglot/ext/jl7/parse/Lexer_c, zzScanError(I)V >"	3	6
"< Application, Lpolyglot/frontend/ParserPass, run()Z >"	28	76
"< Application, Lpolyglot/ext/jl7/parse/Lexer_c, nextToken()Lpolyglot/lex/Token; >"	356	180
"< Application, Lpolyglot/parse/Lexer_c, float_lit(Ljava/lang/String;)Lpolyglot/lex/Token; >"	40	59
"< Application, Lpolyglot/types/ImportTable, findInPkgOrType(Ljava/lang/String;Ljava/lang/String;)Lpolyglot/types/Named; >"	26	38
"< Application, Ljava_cup/Main, open_files()V >"	17	22
"< Application, Lpolyglot/types/LoadedClassResolver, getEncodedType(Lpolyglot/types/reflect/ClassFile;Ljava/lang/String;)Lpolyglot/types/ClassType; >"	237	298
"< Application, Lpolyglot/filemanager/ExtFileManager, loadFile(Ljavax/tools/JavaFileManager$Location;Ljava/lang/String;)Lpolyglot/types/reflect/ClassFile; >"	68	124
"< Application, Lpolyglot/qq/Lexer_c, nextToken()Lpolyglot/lex/Token; >"	375	204
"< Application, Lpolyglot/util/TypeEncoder, decode(Ljava/lang/String;Ljava/lang/String;)Lpolyglot/types/TypeObject; >"	89	90
"< Application, Lpolyglot/util/Base64, encodeFileToFile(Ljava/lang/String;Ljava/lang/String;)V >"	18	20
"< Application, Lpolyglot/ext/jl5/JL5Scheduler, TypeErasureProcDecls(Lpolyglot/frontend/Job;)Lpolyglot/frontend/goals/Goal; >"	17	26
"< Application, Lpolyglot/util/Base64, encodeToFile([BLjava/lang/String;)V >"	20	16
"< Application, Lpolyglot/types/CachingResolver, find(Ljava/lang/String;)Lpolyglot/types/Named; >"	33	55
"< Application, Lpolyglot/util/Base64, decodeFromFile(Ljava/lang/String;)[B >"	36	49
"< Application, Lpolyglot/util/SerialVersionUID, generate(Ljava/lang/Class;)J >"	153	197
"< Application, Lpolyglot/ext/jl5/ast/JL5Disamb_c, disambiguatePackagePrefix(Lpolyglot/ast/PackageNode;)Lpolyglot/ast/Node; >"	7	14
"< Application, Lpolyglot/util/Base64, decode(Ljava/lang/String;I)[B >"	59	55
"< Application, Lpolyglot/ext/jl5/JL5Scheduler, SimplifyExpressionsForBoxing(Lpolyglot/frontend/Job;)Lpolyglot/frontend/goals/Goal; >"	11	17
"< Application, Lpolyglot/util/typedump/Main, main([Ljava/lang/String;)V >"	32	42
"< Application, Lpolyglot/util/TypeEncoder, decode(Ljava/lang/String;Ljava/lang/String;)Lpolyglot/types/TypeObject; >"	33	88
"< Application, Ljava_cup/lr_item_core, toString()Ljava/lang/String; >"	2	5
"< Application, Ljflex/Out, error(Ljava/io/File;Ljflex/ErrorMessages;II)V >"	36	67
"< Application, Lpolyglot/filemanager/ExtFileManager, checkForSource(Ljavax/tools/JavaFileManager$Location;Ljava/lang/String;)Lpolyglot/frontend/FileSource; >"	22	45
"< Application, Lpolyglot/ast/Disamb_c, disambiguateTypeNodePrefix(Lpolyglot/ast/TypeNode;)Lpolyglot/ast/Node; >"	36	54
"< Application, Lpolyglot/ext/jl5/types/inference/LubType_c, lub_force()Lpolyglot/types/ReferenceType; >"	114	143
"< Application, Lpolyglot/util/StdErrorQueue, showError(Lpolyglot/util/Position;)V >"	93	86
"< Application, Lpolyglot/ext/jl5/JL5Scheduler, CastsInserted(Lpolyglot/frontend/Job;)Lpolyglot/frontend/goals/Goal; >"	21	32
"< Application, Lpolyglot/types/reflect/ClassFile_c, <init>(Ljavax/tools/FileObject;[BLpolyglot/frontend/ExtensionInfo;)V >"	49	31
"< Application, Lpolyglot/frontend/Compiler, compile(Ljava/util/Collection;)Z >"	18	33
"< Application, Lpolyglot/ext/jl5/types/reflect/JL5ClassFileLazyClassInitializer, fieldInstance(Lpolyglot/types/reflect/Field;Lpolyglot/types/ClassType;)Lpolyglot/types/FieldInstance; >"	57	98
"< Application, Lppg/PPG, main([Ljava/lang/String;)V >"	49	52
"< Application, Lpolyglot/util/Base64, decodeToFile(Ljava/lang/String;Ljava/lang/String;)V >"	14	16
"< Application, Lpolyglot/types/LoadedClassResolver, checkCompilerVersion(Ljava/lang/String;)I >"	16	21
"< Application, Lpolyglot/filemanager/ExtFileManager, packageExists(Ljavax/tools/JavaFileManager$Location;Ljava/lang/String;)Z >"	16	53
"< Application, Lpolyglot/frontend/Compiler, <clinit>()V >"	4	8
"< Application, Lpolyglot/util/TypeEncoder, decode(Ljava/lang/String;Ljava/lang/String;)Lpolyglot/types/TypeObject; >"	99	104
"< Application, Lpolyglot/ext/jl5/translate/JL5OutputExtensionInfo, createOptions()Lpolyglot/main/Options; >"	9	15
"< Application, Lpolyglot/types/Context_c, copy()Lpolyglot/types/Context; >"	3	5
"< Application, Lpolyglot/main/Main, explodeOptions([Ljava/lang/String;)Ljava/util/List; >"	45	52
"< Application, Lpolyglot/visit/AmbiguityRemover, override(Lpolyglot/ast/Node;Lpolyglot/ast/Node;)Lpolyglot/ast/Node; >"	67	109
"< Application, Lpolyglot/util/typedump/Main, main([Ljava/lang/String;)V >"	89	121
"< Application, Lpolyglot/ext/jl5/JL5Scheduler, PreRemoveJava5isms(Lpolyglot/frontend/Job;)Lpolyglot/frontend/goals/Goal; >"	9	16
"< Application, Lpolyglot/types/MemberClassResolver, find(Ljava/lang/String;)Lpolyglot/types/Named; >"	67	95
"< Application, Lpolyglot/frontend/passes/TypeExistsPass, run()Z >"	9	11
"< Application, Ljflex/Out, warning(Ljava/io/File;Ljflex/ErrorMessages;II)V >"	36	67
"< Application, Lpolyglot/frontend/ParserPass, run()Z >"	54	55
"< Application, Lpolyglot/frontend/CupParser, parse()Lpolyglot/ast/Node; >"	19	6
"< Application, Lpolyglot/types/MemberClassResolver, find(Ljava/lang/String;)Lpolyglot/types/Named; >"	36	54
"< Application, Lpolyglot/visit/DataFlow, dataflow(Lpolyglot/ast/CodeNode;)V >"	8	13
"< Application, Lpolyglot/util/Base64, decodeToFile(Ljava/lang/String;Ljava/lang/String;)V >"	17	19
"< Application, Lpolyglot/util/Base64, decodeToObject(Ljava/lang/String;ILjava/lang/ClassLoader;)Ljava/lang/Object; >"	19	18
"< Application, Lpolyglot/util/ObjectDumper, dumpObject(Ljava/lang/Object;Ljava/util/Set;)V >"	39	48
"< Application, Lpolyglot/util/Base64, encodeBytesToBytes([BIII)[B >"	68	71
"< Application, Lpolyglot/frontend/ParserlessJLExtensionInfo, initTypeSystem()V >"	4	7
"< Application, Lpolyglot/types/LoadedClassResolver, getEncodedType(Lpolyglot/types/reflect/ClassFile;Ljava/lang/String;)Lpolyglot/types/ClassType; >"	251	352
"< Application, Lpolyglot/ext/jl7/parse/Lexer_c, double_lit(Ljava/lang/String;)Lpolyglot/lex/Token; >"	41	61
"< Application, Lpolyglot/frontend/Source_c, path()Ljava/lang/String; >"	6	11
"< Application, Lpolyglot/ast/ClassDecl_c, typeCheck(Lpolyglot/visit/TypeChecker;)Lpolyglot/ast/Node; >"	65	76
"< Application, Lpolyglot/visit/DumpAst, finish()V >"	9	6
"< Application, Lpolyglot/ext/jl5/types/JL5Context_c, findVariableInStaticImport(Ljava/lang/String;)Lpolyglot/types/VarInstance; >"	25	39
"< Application, Lpolyglot/ast/JLDel_c, copy()Lpolyglot/ast/JLDel; >"	4	5
"< Application, Lpolyglot/util/Base64, encodeFromFile(Ljava/lang/String;)Ljava/lang/String; >"	30	39
"< Application, Lpolyglot/util/Base64, decodeToObject(Ljava/lang/String;ILjava/lang/ClassLoader;)Ljava/lang/Object; >"	21	17
"< Application, Ljflex/ErrorMessages, get(Ljflex/ErrorMessages;)Ljava/lang/String; >"	8	12
"< Application, Lpolyglot/types/reflect/ClassFile_c, <init>(Ljavax/tools/FileObject;[BLpolyglot/frontend/ExtensionInfo;)V >"	36	35
"< Application, Lpolyglot/ext/jl5/types/JL5SubstClassType_c, descendsFromImpl(Lpolyglot/types/Type;)Z >"	12	16
"< Application, Lpolyglot/util/Base64, encodeBytesToBytes([BIII)[B >"	56	81
"< Application, Lpolyglot/util/StdErrorQueue, showError(Lpolyglot/util/Position;)V >"	107	95
"< Application, Lpolyglot/util/typedump/TypeDumper, dumpObjectFields(Lpolyglot/util/CodeWriter;Ljava/lang/Object;Lpolyglot/util/typedump/TypeDumper$TypeCache;)V >"	59	96
"< Application, Lpolyglot/ext/jl5/ast/JL5NewExt, findEnclosingClassFrom(Lpolyglot/types/ClassType;Lpolyglot/types/Context;Lpolyglot/types/ClassType;)Lpolyglot/types/ClassType; >"	31	44
"< Application, Ljflex/Main, generate(Ljava/io/File;)V >"	115	148
"< Application, Lpolyglot/util/Base64, decodeFromFile(Ljava/lang/String;)[B >"	42	58
"< Application, Lppg/spec/PPGSpec, parseChain(Ljava/lang/String;)V >"	81	119
"< Application, Lpolyglot/util/Base64, encodeObject(Ljava/io/Serializable;I)Ljava/lang/String; >"	31	49
"< Application, Lpolyglot/visit/NodeVisitor, copy()Lpolyglot/visit/NodeVisitor; >"	3	5
"< Application, Lpolyglot/ext/jl5/types/JL5TypeSystem_c, wrapperClassOfPrimitive(Lpolyglot/types/PrimitiveType;)Lpolyglot/types/ClassType; >"	4	8
"< Application, Lpolyglot/util/ObjectDumper, dump(Ljava/lang/Object;)V >"	12	19
"< Application, Lpolyglot/visit/ExpressionFlattener, createSimpleAssign(Lpolyglot/ast/Assign;)Lpolyglot/ast/Assign; >"	28	56
"< Application, Lpolyglot/types/reflect/ClassFile_c, <init>(Ljavax/tools/FileObject;[BLpolyglot/frontend/ExtensionInfo;)V >"	27	19
"< Application, Lpolyglot/util/TypeEncoder, decode(Ljava/lang/String;Ljava/lang/String;)Lpolyglot/types/TypeObject; >"	79	51
"< Application, Lpolyglot/ext/jl5/ast/JL5ImportExt, isIdStaticMember(Lpolyglot/types/ClassType;Ljava/lang/String;Lpolyglot/ext/jl5/types/JL5TypeSystem;Lpolyglot/types/Package;)Z >"	47	42
"< Application, Lppg/PPG, main([Ljava/lang/String;)V >"	86	100
"< Application, Lpolyglot/ext/jl5/types/JL5TypeSystem_c, findFieldOrEnum(Lpolyglot/types/ReferenceType;Ljava/lang/String;Lpolyglot/types/ClassType;)Lpolyglot/types/FieldInstance; >"	2	10
"< Application, Lpolyglot/types/ImportTable, lazyImportLongNameStaticMember(Ljava/lang/String;)V >"	15	25
"< Application, Lpolyglot/filemanager/ExtFileManager, packageExists(Ljavax/tools/JavaFileManager$Location;Ljava/lang/String;)Z >"	41	51
"< Application, Lpolyglot/ext/jl5/ast/JL5AssignExt, childExpectedType(Lpolyglot/ast/Expr;Lpolyglot/visit/AscriptionVisitor;)Lpolyglot/types/Type; >"	78	74
"< Application, Lpolyglot/util/Base64, encodeObject(Ljava/io/Serializable;I)Ljava/lang/String; >"	49	38
"< Application, Lpolyglot/util/TypeEncoder, encode(Lpolyglot/types/TypeObject;)Ljava/lang/String; >"	50	40
"< Application, Lpolyglot/visit/ClassSerializer, createSerializationMembers(Lpolyglot/types/ClassType;)Ljava/util/List; >"	187	295
"< Application, Lpolyglot/util/Base64, decodeToObject(Ljava/lang/String;ILjava/lang/ClassLoader;)Ljava/lang/Object; >"	30	26
"< Application, Lpolyglot/util/StdErrorQueue, showError(Lpolyglot/util/Position;)V >"	101	92
"< Application, Ljflex/LexScan, main([Ljava/lang/String;)V >"	51	61
"< Application, Lpolyglot/frontend/AbstractExtensionInfo, extFileManager()Lpolyglot/filemanager/FileManager; >"	6	8
"< Application, Lpolyglot/types/TypeSystem_c, forName(Lpolyglot/types/Resolver;Ljava/lang/String;)Lpolyglot/types/Named; >"	15	23
"< Application, Lpolyglot/util/StdErrorQueue, showError(Lpolyglot/util/Position;)V >"	72	81
"< Application, Lpolyglot/ext/jl5/parse/Lexer_c, zzScanError(I)V >"	3	6
"< Application, Lpolyglot/util/OptimalCodeWriter, flush(Z)Z >"	11	15
"< Application, Lpolyglot/util/typedump/TypeDumper, load(Ljava/lang/String;Lpolyglot/types/TypeSystem;Lpolyglot/main/Version;)Lpolyglot/util/typedump/TypeDumper; >"	31	55
"< Application, Lpolyglot/types/reflect/ClassFile_c, <init>(Ljavax/tools/FileObject;[BLpolyglot/frontend/ExtensionInfo;)V >"	20	15
"< Application, Lpolyglot/main/Main, invokePostCompiler(Lpolyglot/main/Options;Lpolyglot/frontend/Compiler;Lpolyglot/util/ErrorQueue;)Z >"	157	193
"< Application, Lpolyglot/ext/jl5/types/reflect/JL5Signature, classTypeSig(Ljava/lang/String;I)Lpolyglot/ext/jl5/types/reflect/JL5Signature$Result; >"	81	137
"< Application, Lpolyglot/ext/jl5/JL5Scheduler, RemoveExtendedFors(Lpolyglot/frontend/Job;)Lpolyglot/frontend/goals/Goal; >"	11	17
"< Application, Lpolyglot/util/typedump/Main, main([Ljava/lang/String;)V >"	51	72
"< Application, Lpolyglot/ast/Disamb_c, disambiguateTypeNodePrefix(Lpolyglot/ast/TypeNode;)Lpolyglot/ast/Node; >"	22	36
"< Application, Ljflex/LexScan, main([Ljava/lang/String;)V >"	39	44
"< Application, Ljflex/Main, generate(Ljava/io/File;)V >"	138	136
"< Application, Lpolyglot/util/TypeEncoder, encode(Lpolyglot/types/TypeObject;)Ljava/lang/String; >"	26	29
"< Application, Lpolyglot/util/Base64, decodeToObject(Ljava/lang/String;ILjava/lang/ClassLoader;)Ljava/lang/Object; >"	24	20
"< Application, Lpolyglot/ext/jl5/parse/Lexer_c, nextToken()Lpolyglot/lex/Token; >"	356	180
"< Application, Ljava_cup/Main, parse_args([Ljava/lang/String;)V >"	215	196
"< Application, Lpolyglot/ast/New_c, findEnclosingClass(Lpolyglot/types/Context;Lpolyglot/types/ClassType;)Lpolyglot/types/ClassType; >"	17	24
"< Application, Lpolyglot/ext/jl5/types/JL5Context_c, findMethod(Ljava/lang/String;Ljava/util/List;)Lpolyglot/types/MethodInstance; >"	18	29
"< Application, Lpolyglot/ast/Expr_c, lastLang()Lpolyglot/ast/Lang; >"	6	14
"< Application, Lppg/parse/ParseTest, main([Ljava/lang/String;)V >"	27	38
"< Application, Lpolyglot/util/typedump/Main, main([Ljava/lang/String;)V >"	84	144
"< Application, Lpolyglot/ast/Binary_c, childExpectedType(Lpolyglot/ast/Expr;Lpolyglot/visit/AscriptionVisitor;)Lpolyglot/types/Type; >"	176	190
"< Application, Lpolyglot/util/Base64, encodeFileToFile(Ljava/lang/String;Ljava/lang/String;)V >"	15	17
"< Application, Lpolyglot/main/Main, explodeOptions([Ljava/lang/String;)Ljava/util/List; >"	38	46
"< Application, Ljflex/DFA, writeDot(Ljava/io/File;)V >"	8	7
"< Application, Lpolyglot/qq/Lexer_c, double_lit(Ljava/lang/String;)Lpolyglot/lex/Token; >"	35	51
"< Application, Lpolyglot/ext/jl5/JL5Scheduler, RemoveStaticImports(Lpolyglot/frontend/Job;)Lpolyglot/frontend/goals/Goal; >"	11	17
"< Application, Lpolyglot/ext/jl5/parse/Lexer_c, double_lit(Ljava/lang/String;)Lpolyglot/lex/Token; >"	40	59
"< Application, Lppg/spec/PPGSpec, parseChain(Ljava/lang/String;)V >"	65	86
"< Application, Lpolyglot/types/reflect/ClassFile_c, <init>(Ljavax/tools/FileObject;[BLpolyglot/frontend/ExtensionInfo;)V >"	41	25
"< Application, Lpolyglot/types/TypeSystem_c, forName(Lpolyglot/types/Resolver;Ljava/lang/String;)Lpolyglot/types/Named; >"	2	7
"< Application, Lpolyglot/main/Main, invokePostCompiler(Lpolyglot/main/Options;Lpolyglot/frontend/Compiler;Lpolyglot/util/ErrorQueue;)Z >"	184	220
"< Application, Lpolyglot/frontend/Compiler, compileFiles(Ljava/util/Collection;)Z >"	28	27
"< Application, Lpolyglot/visit/InnerTranslator, findMethod(Lpolyglot/types/MethodInstance;Lpolyglot/types/ClassType;)Lpolyglot/types/ParsedClassType; >"	14	24
"< Application, Lpolyglot/ast/MethodDecl_c, typeCheck(Lpolyglot/visit/TypeChecker;)Lpolyglot/ast/Node; >"	18	23
"< Application, Ljflex/CUP$LexParse$actions, CUP$LexParse$do_action(ILjava_cup/runtime/lr_parser;Ljava/util/Stack;I)Ljava_cup/runtime/Symbol; >"	2327	2088
"< Application, Lppg/parse/ParseTest, main([Ljava/lang/String;)V >"	14	8
"< Application, Lpolyglot/types/ImportTable, find(Ljava/lang/String;)Lpolyglot/types/Named; >"	115	130
"< Application, Lpolyglot/types/reflect/ClassFile_c, getJLCInfo(Ljava/lang/String;)Lpolyglot/types/reflect/JLCInfo; >"	88	121
"< Application, Lpolyglot/ext/jl5/types/JL5SubstClassType_c, translateAsReceiver(Lpolyglot/types/Resolver;)Ljava/lang/String; >"	18	70
"< Application, Lpolyglot/visit/NodeVisitor, visitEdgeNoOverride(Lpolyglot/ast/Node;Lpolyglot/ast/Node;)Lpolyglot/ast/Node; >"	15	14
"< Application, Lpolyglot/parse/Lexer_c, nextToken()Lpolyglot/lex/Token; >"	353	180
"< Application, Lpolyglot/util/StdErrorQueue, showError(Lpolyglot/util/Position;)V >"	6	99
"< Application, Lpolyglot/ext/jl5/visit/SimplifyExpressionsForBoxing, simplifyAssignment(Lpolyglot/ast/Assign;)Lpolyglot/ast/Expr; >"	41	72
"< Application, Lpolyglot/filemanager/ExtFileObject, getCharContent(Z)Ljava/lang/CharSequence; >"	6	15
"< Application, Lpolyglot/types/LoadedClassResolver, getEncodedType(Lpolyglot/types/reflect/ClassFile;Ljava/lang/String;)Lpolyglot/types/ClassType; >"	235	313
"< Application, Lpolyglot/types/TypeSystem_c, checkClassConformance(Lpolyglot/types/ClassType;)V >"	74	60
"< Application, Lpolyglot/ext/jl5/types/JL5ImportTable, find(Ljava/lang/String;)Lpolyglot/types/Named; >"	46	60
"< Application, Lpolyglot/util/Base64, encodeObject(Ljava/io/Serializable;I)Ljava/lang/String; >"	40	32
"< Application, Lpolyglot/ext/jl5/types/JL5SubstClassType_c, translate(Lpolyglot/ext/jl5/types/JL5ParsedClassType;Lpolyglot/types/Resolver;)Ljava/lang/String; >"	22	133
"< Application, Lpolyglot/util/TypeEncoder, encode(Lpolyglot/types/TypeObject;)Ljava/lang/String; >"	47	39
"< Application, Lpolyglot/qq/QQ, parse(ILjava/lang/String;[Ljava/lang/Object;)Lpolyglot/ast/Node; >"	102	138
"< Application, Lpolyglot/ast/Node_c, prettyPrint(Ljava/io/Writer;)V >"	7	13
"< Application, Lpolyglot/util/StdErrorQueue, showError(Lpolyglot/util/Position;)V >"	96	87
"< Application, Lpolyglot/types/LoadedClassResolver, getEncodedType(Lpolyglot/types/reflect/ClassFile;Ljava/lang/String;)Lpolyglot/types/ClassType; >"	211	314
"< Application, Lpolyglot/util/Base64, decode(Ljava/lang/String;I)[B >"	62	68
"< Application, Ljflex/CUP$LexParse$actions, CUP$LexParse$do_action(ILjava_cup/runtime/lr_parser;Ljava/util/Stack;I)Ljava_cup/runtime/Symbol; >"	2602	1747
"< Application, Lpolyglot/util/Base64, decodeToObject(Ljava/lang/String;ILjava/lang/ClassLoader;)Ljava/lang/Object; >"	27	24
"< Application, Lppg/spec/PPGSpec, parseChain(Ljava/lang/String;)V >"	58	93
"< Application, Lpolyglot/frontend/Compiler, compileFiles(Ljava/util/Collection;)Z >"	41	65
"< Application, Ljflex/CUP$LexParse$actions, CUP$LexParse$do_action(ILjava_cup/runtime/lr_parser;Ljava/util/Stack;I)Ljava_cup/runtime/Symbol; >"	2538	1838
"< Application, Lppg/lex/Token, unparse(Ljava/io/OutputStream;)V >"	20	38
"< Application, Ljflex/Main, generate(Ljava/io/File;)V >"	121	122
"< Application, Lpolyglot/main/Report, should_report(Ljava/util/Collection;I)Z >"	18	31
"< Application, Lpolyglot/types/LoadedClassResolver, getEncodedType(Lpolyglot/types/reflect/ClassFile;Ljava/lang/String;)Lpolyglot/types/ClassType; >"	248	296
"< Application, Lpolyglot/util/SerialVersionUID, generate(Ljava/lang/Class;)J >"	138	176
"< Application, Lpolyglot/ext/jl5/ast/JL5Disamb_c, disambiguateNoPrefix()Lpolyglot/ast/Node; >"	46	59
"< Application, Lpolyglot/types/PlaceHolder_c, resolveUnsafe(Lpolyglot/types/TypeSystem;)Lpolyglot/types/TypeObject; >"	8	26
"< Application, Lpolyglot/types/reflect/ClassFile_c, <init>(Ljavax/tools/FileObject;[BLpolyglot/frontend/ExtensionInfo;)V >"	15	23
"< Application, Lpolyglot/parse/Lexer_c, double_lit(Ljava/lang/String;)Lpolyglot/lex/Token; >"	40	59
"< Application, Lpolyglot/visit/InitChecker, leaveCall(Lpolyglot/ast/Node;Lpolyglot/ast/Node;Lpolyglot/visit/NodeVisitor;)Lpolyglot/ast/Node; >"	36	38
"< Application, Lpolyglot/util/Base64, encodeToFile([BLjava/lang/String;)V >"	11	18
"< Application, Lpolyglot/util/Base64, decode(Ljava/lang/String;I)[B >"	46	65
"< Application, Lpolyglot/util/TypeEncoder, decode(Ljava/lang/String;Ljava/lang/String;)Lpolyglot/types/TypeObject; >"	55	45
"< Application, Lppg/lex/LexTest, main([Ljava/lang/String;)V >"	14	8
"< Application, Lpolyglot/ext/jl5/types/JL5Context_c, findFieldScope(Ljava/lang/String;)Lpolyglot/types/ClassType; >"	2	6
"< Application, Lpolyglot/ext/jl5/types/reflect/JL5Signature, classTypeSig(Ljava/lang/String;I)Lpolyglot/ext/jl5/types/reflect/JL5Signature$Result; >"	114	173
"< Application, Lpolyglot/main/Main, loadExtension(Ljava/lang/String;)Lpolyglot/frontend/ExtensionInfo; >"	19	32
"< Application, Lpolyglot/qq/Lexer_c, zzScanError(I)V >"	3	6
"< Application, Lpolyglot/util/SerialVersionUID, generate()J >"	8	12
"< Application, Lpolyglot/ext/jl5/ast/JL5EnumDeclExt, buildTypes(Lpolyglot/visit/TypeBuilder;)Lpolyglot/ast/Node; >"	19	36
"< Application, Lpolyglot/util/Base64, decode(Ljava/lang/String;I)[B >"	43	62
"< Application, Lppg/util/Block, formatN(IIIIZZ)I >"	10	17
"< Application, Lpolyglot/frontend/ParserPass, run()Z >"	49	51
"< Application, Ljflex/Main, generate(Ljava/io/File;)V >"	17	16
"< Application, Ljflex/Skeleton, readDefault()V >"	20	19
"< Application, Ljflex/Skeleton, readSkelFile(Ljava/io/File;)V >"	23	18
"< Application, Lppg/lex/LexTest, main([Ljava/lang/String;)V >"	34	44
"< Application, Lpolyglot/types/CompoundResolver, find(Ljava/lang/String;)Lpolyglot/types/Named; >"	3	7
"< Application, Lpolyglot/ext/jl5/types/JL5TypeSystem_c, Class(Lpolyglot/util/Position;Lpolyglot/types/ReferenceType;)Lpolyglot/types/Type; >"	5	12
"< Application, Lppg/PPG, main([Ljava/lang/String;)V >"	126	146
"< Application, Lpolyglot/util/typedump/TypeDumper, dumpObjectFields(Lpolyglot/util/CodeWriter;Ljava/lang/Object;Lpolyglot/util/typedump/TypeDumper$TypeCache;)V >"	64	92
"< Application, Lpolyglot/types/Context_c, findInThisScope(Ljava/lang/String;)Lpolyglot/types/Named; >"	14	19
"< Application, Ljflex/Main, main([Ljava/lang/String;)V >"	6	4
"< Application, Lpolyglot/ext/jl5/parse/Lexer_c, float_lit(Ljava/lang/String;)Lpolyglot/lex/Token; >"	40	59
"< Application, Lpolyglot/ext/jl5/types/JL5Context_c, findVariableInStaticImport(Ljava/lang/String;)Lpolyglot/types/VarInstance; >"	62	85
"< Application, Lpolyglot/util/Base64, decodeFromFile(Ljava/lang/String;)[B >"	39	54
"< Application, Lpolyglot/util/typedump/Main, main([Ljava/lang/String;)V >"	108	149
"< Application, Lpolyglot/types/PlaceHolder_c, resolveUnsafe(Lpolyglot/types/TypeSystem;)Lpolyglot/types/TypeObject; >"	17	16
"< Application, Ljflex/NFA, writeDot(Ljava/io/File;)V >"	8	7
"< Application, Ljava_cup/Main, parse_grammar_spec()V >"	12	14
"< Application, Lpolyglot/util/typedump/Main, main([Ljava/lang/String;)V >"	101	113
"< Application, Lpolyglot/ext/jl5/types/JL5TypeSystem_c, primitiveTypeOfWrapper(Lpolyglot/types/Type;)Lpolyglot/types/PrimitiveType; >"	46	48
"< Application, Lppg/parse/ParseTest, main([Ljava/lang/String;)V >"	4	13
"< Application, Lpolyglot/util/TypeEncoder, encode(Lpolyglot/types/TypeObject;)Ljava/lang/String; >"	42	49
"< Application, Lpolyglot/visit/ErrorHandlingVisitor, enter(Lpolyglot/ast/Node;Lpolyglot/ast/Node;)Lpolyglot/visit/NodeVisitor; >"	14	27
"< Application, Lpolyglot/visit/CFGBuilder, copy()Lpolyglot/visit/CFGBuilder; >"	3	5
"< Application, Lpolyglot/main/Main, loadExtension(Ljava/lang/String;)Lpolyglot/frontend/ExtensionInfo; >"	33	51
"< Application, Lpolyglot/util/Base64, decodeToObject(Ljava/lang/String;ILjava/lang/ClassLoader;)Ljava/lang/Object; >"	13	28
"< Application, Ljava_cup/symbol_set, equals(Ljava_cup/symbol_set;)Z >"	7	11
"< Application, Ljflex/CUP$LexParse$actions, CUP$LexParse$do_action(ILjava_cup/runtime/lr_parser;Ljava/util/Stack;I)Ljava_cup/runtime/Symbol; >"	2575	1792
"< Application, Lpolyglot/util/Base64, decodeFileToFile(Ljava/lang/String;Ljava/lang/String;)V >"	17	17
"< Application, Lpolyglot/main/Main, invokePostCompiler(Lpolyglot/main/Options;Lpolyglot/frontend/Compiler;Lpolyglot/util/ErrorQueue;)Z >"	152	190
"< Application, Lpolyglot/visit/NodeVisitor, visitEdge(Lpolyglot/ast/Node;Lpolyglot/ast/Node;)Lpolyglot/ast/Node; >"	5	10
"< Application, Lppg/PPG, main([Ljava/lang/String;)V >"	66	79
"< Application, Lpolyglot/frontend/Compiler, compile(Ljava/util/Collection;)Z >"	24	41
"< Application, Lpolyglot/util/Base64, encodeBytesToBytes([B)[B >"	3	8
"< Application, Lpolyglot/util/TypeEncoder, decode(Ljava/lang/String;Ljava/lang/String;)Lpolyglot/types/TypeObject; >"	67	86
"< Application, Lpolyglot/visit/Translator, translateSource(Lpolyglot/ast/SourceFile;)Z >"	63	83
"< Application, Lpolyglot/util/SerialVersionUID, generate(Ljava/lang/Class;)J >"	162	212
"< Application, Lpolyglot/util/Base64, decodeFileToFile(Ljava/lang/String;Ljava/lang/String;)V >"	11	12
"< Application, Lpolyglot/util/Base64, encodeToFile([BLjava/lang/String;)V >"	14	11
"< Application, Lpolyglot/util/StdErrorQueue, showError(Lpolyglot/util/Position;)V >"	65	70
"< Application, Lpolyglot/ast/Assign_c, childExpectedType(Lpolyglot/ast/Expr;Lpolyglot/visit/AscriptionVisitor;)Lpolyglot/types/Type; >"	58	105
"< Application, Lpolyglot/util/Base64, decodeToObject(Ljava/lang/String;ILjava/lang/ClassLoader;)Ljava/lang/Object; >"	16	31
"< Application, Lpolyglot/util/Base64, decodeFileToFile(Ljava/lang/String;Ljava/lang/String;)V >"	14	14
"< Application, Ljflex/LexScan, zzScanError(I)V >"	3	6
"< Application, Ljflex/LexScan, main([Ljava/lang/String;)V >"	65	79
"< Application, Lpolyglot/main/Main, invokePostCompiler(Lpolyglot/main/Options;Lpolyglot/frontend/Compiler;Lpolyglot/util/ErrorQueue;)Z >"	145	155
"< Application, Lpolyglot/types/ImportTable, lazyImport()V >"	23	38
"< Application, Ljava_cup/Main, parse_args([Ljava/lang/String;)V >"	86	86
"< Application, Lpolyglot/util/Base64, encodeBytes([B)Ljava/lang/String; >"	3	8
"< Application, Lpolyglot/types/ClassType_c, translate(Lpolyglot/types/Resolver;)Ljava/lang/String; >"	18	73
"< Application, Ljflex/Main, parseOptions([Ljava/lang/String;)Ljava/util/List; >"	212	232
"< Application, Lpolyglot/visit/ContextVisitor, enter(Lpolyglot/ast/Node;Lpolyglot/ast/Node;)Lpolyglot/visit/NodeVisitor; >"	26	33
"< Application, Lpolyglot/util/SerialVersionUID, generate(Ljava/lang/Class;)J >"	177	233
"< Application, Lpolyglot/types/reflect/ClassFile_c, <init>(Ljavax/tools/FileObject;[BLpolyglot/frontend/ExtensionInfo;)V >"	44	26
"< Application, Lpolyglot/ext/jl5/types/JL5TypeSystem_c, glb(Lpolyglot/util/Position;Ljava/util/List;Z)Lpolyglot/types/ReferenceType; >"	12	13
"< Application, Lpolyglot/qq/QQ, parse(ILjava/lang/String;[Ljava/lang/Object;)Lpolyglot/ast/Node; >"	112	165
"< Application, Lpolyglot/util/Base64, encodeToFile([BLjava/lang/String;)V >"	17	13
"< Application, Lpolyglot/parse/Lexer_c, zzScanError(I)V >"	3	6
"< Application, Lpolyglot/ext/jl5/JL5Scheduler, Serialized(Lpolyglot/frontend/Job;)Lpolyglot/frontend/goals/Goal; >"	4	9
"< Application, Lpolyglot/visit/Translator, translateSource(Lpolyglot/ast/SourceFile;)Z >"	51	73
"< Application, Lpolyglot/util/SerialVersionUID, generate(Ljava/lang/Class;)J >"	103	124
"< Application, Lpolyglot/ext/jl5/JL5Scheduler, RemoveEnums(Lpolyglot/frontend/Job;)Lpolyglot/frontend/goals/Goal; >"	17	26
"< Application, Lpolyglot/util/Base64, encodeFromFile(Ljava/lang/String;)Ljava/lang/String; >"	33	42
"< Application, Lpolyglot/ext/jl5/ast/JL5ImportExt, isIdStaticMember(Lpolyglot/types/ClassType;Ljava/lang/String;Lpolyglot/ext/jl5/types/JL5TypeSystem;Lpolyglot/types/Package;)Z >"	16	25
"< Application, Lpolyglot/visit/InnerTranslator, findField(Ljava/lang/String;Lpolyglot/types/ClassType;)Lpolyglot/types/ParsedClassType; >"	12	20
"< Application, Lpolyglot/util/Base64, decodeToFile(Ljava/lang/String;Ljava/lang/String;)V >"	11	14
"< Application, Lpolyglot/visit/TypeChecker, override(Lpolyglot/ast/Node;Lpolyglot/ast/Node;)Lpolyglot/ast/Node; >"	41	29
"< Application, Ljflex/Main, generate(Ljava/io/File;)V >"	128	143
"< Application, Ljflex/LexScan, populateDefaultVersionUnicodeProperties()V >"	4	5
"< Application, Lpolyglot/util/TypeEncoder, encode(Lpolyglot/types/TypeObject;)Ljava/lang/String; >"	21	37
"< Application, Lpolyglot/ext/jl5/JL5Scheduler, RemoveAnnotations(Lpolyglot/frontend/Job;)Lpolyglot/frontend/goals/Goal; >"	13	20
"< Application, Lpolyglot/visit/Translator, translateSource(Lpolyglot/ast/SourceFile;)Z >"	58	80
"< Application, Lppg/spec/PPGSpec, parseChain(Ljava/lang/String;)V >"	93	100
"< Application, Lpolyglot/qq/QQ, parse(ILjava/lang/String;[Ljava/lang/Object;)Lpolyglot/ast/Node; >"	114	120
"< Application, Lpolyglot/util/Base64, decodeFileToFile(Ljava/lang/String;Ljava/lang/String;)V >"	8	19
"< Application, Lpolyglot/ast/Node_c, prettyPrint(Lpolyglot/ast/Lang;Ljava/io/OutputStream;)V >"	6	12
"< Application, Lpolyglot/frontend/CupParser, parse()Lpolyglot/ast/Node; >"	17	51
"< Application, Lpolyglot/util/Base64, encodeObject(Ljava/io/Serializable;I)Ljava/lang/String; >"	34	23
"< Application, Lpolyglot/util/TypeEncoder, decode(Ljava/lang/String;Ljava/lang/String;)Lpolyglot/types/TypeObject; >"	62	49
"< Application, Lpolyglot/visit/TypeBuilder, enter(Lpolyglot/ast/Node;)Lpolyglot/visit/NodeVisitor; >"	3	8
"< Application, Lpolyglot/util/BlockItem, formatN(IIIILpolyglot/util/MaxLevels;II)Lpolyglot/util/FormatResult; >"	24	39
"< Application, Lpolyglot/visit/ExpressionFlattener, createIncDec(Lpolyglot/ast/Unary;)Lpolyglot/ast/Eval; >"	35	53
"< Application, Lpolyglot/ext/jl5/ast/JL5AssignExt, childExpectedType(Lpolyglot/ast/Expr;Lpolyglot/visit/AscriptionVisitor;)Lpolyglot/types/Type; >"	49	99
"< Application, Lppg/lex/Lexer, zzScanError(I)V >"	3	6
"< Application, Lpolyglot/main/Main, invokePostCompiler(Lpolyglot/main/Options;Lpolyglot/frontend/Compiler;Lpolyglot/util/ErrorQueue;)Z >"	150	189
"< Application, Lpolyglot/ext/jl5/JL5Scheduler, RemoveJava5isms(Lpolyglot/frontend/Job;)Lpolyglot/frontend/goals/Goal; >"	43	57
"< Application, Lpolyglot/translate/ExtensionRewriter, enterCall(Lpolyglot/ast/Node;)Lpolyglot/visit/NodeVisitor; >"	3	8
"< Application, Lpolyglot/ast/Binary_c, constantValue(Lpolyglot/ast/Lang;)Ljava/lang/Object; >"	554	425
"< Application, Lpolyglot/types/ImportTable, lazyImportLongName(Ljava/lang/String;)V >"	7	9
"< Application, Lpolyglot/ext/jl5/JL5Scheduler, RemoveVarArgs(Lpolyglot/frontend/Job;)Lpolyglot/frontend/goals/Goal; >"	11	17
"< Application, Lpolyglot/filemanager/ExtFileManager, loadFile(Ljavax/tools/JavaFileManager$Location;Ljava/lang/String;)Lpolyglot/types/reflect/ClassFile; >"	26	50
"< Application, Lpolyglot/ext/jl5/JL5Scheduler, TypeClosure(Lpolyglot/frontend/Job;)Lpolyglot/frontend/goals/Goal; >"	11	18
"< Application, Lpolyglot/frontend/Compiler, compileFiles(Ljava/util/Collection;)Z >"	45	54
"< Application, Lpolyglot/util/Base64, encodeBytesToBytes([BIII)[B >"	59	62
"< Application, Lpolyglot/ext/jl5/types/JL5Context_c, findMethod(Ljava/lang/String;Ljava/util/List;)Lpolyglot/types/MethodInstance; >"	2	7
"< Application, Lpolyglot/filemanager/ExtFileManager, loadFile(Ljavax/tools/JavaFileManager$Location;Ljava/lang/String;)Lpolyglot/types/reflect/ClassFile; >"	80	109
"< Application, Lpolyglot/types/SourceClassResolver, find(Ljava/lang/String;)Lpolyglot/types/Named; >"	159	216
"< Application, Ljava_cup/production, toString()Ljava/lang/String; >"	72	120
"< Application, Lpolyglot/ext/jl5/JL5Scheduler, AutoBoxing(Lpolyglot/frontend/Job;)Lpolyglot/frontend/goals/Goal; >"	20	30
"< Application, Lpolyglot/ext/jl5/JL5Scheduler, InitializationsChecked(Lpolyglot/frontend/Job;)Lpolyglot/frontend/goals/Goal; >"	11	17
"< Application, Lpolyglot/util/typedump/TypeDumper, dumpObjectFields(Lpolyglot/util/CodeWriter;Ljava/lang/Object;Lpolyglot/util/typedump/TypeDumper$TypeCache;)V >"	43	67
"< Application, Lpolyglot/ext/jl5/ast/JL5BinaryExt, childExpectedType(Lpolyglot/ast/Expr;Lpolyglot/visit/AscriptionVisitor;)Lpolyglot/types/Type; >"	154	141
"< Application, Lpolyglot/util/TypeEncoder, decode(Ljava/lang/String;Ljava/lang/String;)Lpolyglot/types/TypeObject; >"	46	67
"< Application, Lpolyglot/util/Base64, encodeBytes([BIII)Ljava/lang/String; >"	4	11
"< Application, Lppg/parse/ParseTest, main([Ljava/lang/String;)V >"	46	63
"< Application, Lpolyglot/frontend/ParserPass, run()Z >"	42	47
"< Application, Lpolyglot/ast/Node_c, prettyPrint(Lpolyglot/ast/Lang;Ljava/io/Writer;)V >"	6	12
"< Application, Lpolyglot/ast/Node_c, prettyPrint(Ljava/io/OutputStream;)V >"	7	13
"< Application, Lpolyglot/util/StdErrorQueue, showError(Lpolyglot/util/Position;)V >"	77	84
"< Application, Lpolyglot/types/TypeSystem_c, canOverride(Lpolyglot/types/MethodInstance;Lpolyglot/types/MethodInstance;)Z >"	2	8
"< Application, Ljava_cup/lalr_state, errOutput(Ljava/lang/StringBuilder;Ljava/io/ByteArrayOutputStream;)V >"	3	8
"< Application, Lpolyglot/util/Base64, encodeBytesToBytes([BIII)[B >"	62	64
"< Application, Lpolyglot/ast/Initializer_c, typeCheck(Lpolyglot/visit/TypeChecker;)Lpolyglot/ast/Node; >"	4	9
"< Application, Lpolyglot/frontend/ParserPass, run()Z >"	37	41
"< Application, Ljflex/CUP$LexParse$actions, CUP$LexParse$do_action(ILjava_cup/runtime/lr_parser;Ljava/util/Stack;I)Ljava_cup/runtime/Symbol; >"	2296	2140
"< Application, Lpolyglot/ast/ConstructorDecl_c, typeCheck(Lpolyglot/visit/TypeChecker;)Lpolyglot/ast/Node; >"	37	27
"< Application, Lpolyglot/ast/Formal_c, typeCheck(Lpolyglot/visit/TypeChecker;)Lpolyglot/ast/Node; >"	30	24
"< Application, Lpolyglot/util/Base64, decode(Ljava/lang/String;I)[B >"	40	59
"< Application, Lpolyglot/visit/AmbiguityRemover, override(Lpolyglot/ast/Node;Lpolyglot/ast/Node;)Lpolyglot/ast/Node; >"	83	55
"< Application, Lppg/lex/LexTest, main([Ljava/lang/String;)V >"	4	13
"< Application, Lpolyglot/util/Base64, decode(Ljava/lang/String;I)[B >"	6	8
"< Application, Lpolyglot/ext/jl5/types/JL5SubstClassType_c, translate(Lpolyglot/ext/jl5/types/JL5ParsedClassType;Lpolyglot/types/Resolver;)Ljava/lang/String; >"	74	70
"< Application, Lpolyglot/visit/Translator, translateSource(Lpolyglot/ast/SourceFile;)Z >"	56	78
"< Application, Lpolyglot/main/Main, loadExtension(Ljava/lang/String;)Lpolyglot/frontend/ExtensionInfo; >"	5	10
"< Application, Lpolyglot/frontend/Compiler, compile(Ljava/util/Collection;)Z >"	33	44
"< Application, Lpolyglot/qq/Lexer_c, float_lit(Ljava/lang/String;)Lpolyglot/lex/Token; >"	35	51
"< Application, Lpolyglot/main/Main, explodeOptions([Ljava/lang/String;)Ljava/util/List; >"	40	49
"< Application, Ljflex/LexScan, getTokenName(I)Ljava/lang/String; >"	14	19
"< Application, Lpolyglot/ext/jl7/ast/JL7ResourceExt, throwTypes(Lpolyglot/types/TypeSystem;)Ljava/util/List; >"	12	23
"< Application, Lpolyglot/ast/Node_c, copy()Lpolyglot/ast/Node; >"	21	18
"< Application, Ljflex/Main, printUnicodePropertyValuesAndAliases(Ljava/lang/String;)V >"	38	64
"< Application, Ljava_cup/Main, parse_args([Ljava/lang/String;)V >"	108	108
"< Application, Lpolyglot/util/Base64, encodeBytesToBytes([BIII)[B >"	71	73
"< Application, Ljava_cup/lalr_item_set, equals(Ljava_cup/lalr_item_set;)Z >"	7	11
"< Application, Lpolyglot/frontend/CupParser, parse()Lpolyglot/ast/Node; >"	12	15
"< Application, Lppg/spec/PPGSpec, parseChain(Ljava/lang/String;)V >"	70	89
"< Application, Lpolyglot/ast/Assign_c, childExpectedType(Lpolyglot/ast/Expr;Lpolyglot/visit/AscriptionVisitor;)Lpolyglot/types/Type; >"	92	81
"< Application, Lpolyglot/main/Main, explodeOptions([Ljava/lang/String;)Ljava/util/List; >"	51	54
"< Application, Lpolyglot/util/SerialVersionUID, generate(Ljava/lang/Class;)J >"	172	230
"< Application, Lpolyglot/ext/jl5/ast/JL5UnaryExt, childExpectedType(Lpolyglot/ast/Expr;Lpolyglot/visit/AscriptionVisitor;)Lpolyglot/types/Type; >"	52	57
"< Application, Lpolyglot/ext/jl5/types/reflect/JL5Signature, classTypeSig(Ljava/lang/String;I)Lpolyglot/ext/jl5/types/reflect/JL5Signature$Result; >"	58	94
"< Application, Lpolyglot/frontend/Compiler, compileFiles(Ljava/util/Collection;)Z >"	35	57
"< Application, Lpolyglot/types/reflect/ClassFile_c, <init>(Ljavax/tools/FileObject;[BLpolyglot/frontend/ExtensionInfo;)V >"	22	16
"< Application, Lpolyglot/main/Main, main([Ljava/lang/String;)V >"	4	6
"< Application, Lpolyglot/frontend/Scheduler, runPass(Lpolyglot/frontend/Pass;)Z >"	301	361
"< Application, Lpolyglot/util/TypeInputStream, resolveObject(Ljava/lang/Object;)Ljava/lang/Object; >"	62	151
"< Application, Lpolyglot/util/Base64, decode(Ljava/lang/String;I)[B >"	49	44
"< Application, Lpolyglot/util/TypeEncoder, encode(Lpolyglot/types/TypeObject;)Ljava/lang/String; >"	28	30
"< Application, Lpolyglot/util/Base64, decodeFromFile(Ljava/lang/String;)[B >"	33	30
"< Application, Lpolyglot/main/Main, start([Ljava/lang/String;Lpolyglot/frontend/ExtensionInfo;Lpolyglot/util/ErrorQueue;)V >"	15	23
"< Application, Lpolyglot/visit/TypeBuilder, leave(Lpolyglot/ast/Node;Lpolyglot/ast/Node;Lpolyglot/visit/NodeVisitor;)Lpolyglot/ast/Node; >"	4	11
"< Application, Ljava_cup/Lexer, zzScanError(I)V >"	3	6
"< Application, Ljflex/gui/GeneratorThread, run()V >"	29	24
"< Application, Ljflex/LexScan, includeFile(Ljava/lang/String;)V >"	37	17
"< Application, Lpolyglot/ast/NewArray_c, throwTypes(Lpolyglot/types/TypeSystem;)Ljava/util/List; >"	8	15
"< Application, Lpolyglot/util/Base64, encodeFromFile(Ljava/lang/String;)Ljava/lang/String; >"	24	44
"< Application, Lpolyglot/util/ObjectDumper, dumpObject(Ljava/lang/Object;Ljava/util/Set;)V >"	56	76
"< Application, Lpolyglot/visit/TypeChecker, override(Lpolyglot/ast/Node;Lpolyglot/ast/Node;)Lpolyglot/ast/Node; >"	25	65
"< Application, Lpolyglot/util/Base64, encodeFileToFile(Ljava/lang/String;Ljava/lang/String;)V >"	9	22
"< Application, Lpolyglot/util/SerialVersionUID, generate(Ljava/lang/Class;)J >"	129	161
"< Application, Lpolyglot/visit/Translator, copy()Lpolyglot/visit/Translator; >"	3	5
"< Application, Lpolyglot/ast/FieldDecl_c, typeCheck(Lpolyglot/visit/TypeChecker;)Lpolyglot/ast/Node; >"	5	10
"< Application, Lpolyglot/types/reflect/ClassFileLazyClassInitializer, quietTypeForName(Ljava/lang/String;)Lpolyglot/types/ClassType; >"	14	24
"< Application, Lppg/util/Block, formatN(IIIIZZ)I >"	21	23
"< Application, Ljflex/CUP$LexParse$actions, CUP$LexParse$do_action(ILjava_cup/runtime/lr_parser;Ljava/util/Stack;I)Ljava_cup/runtime/Symbol; >"	2201	2252
"< Application, Ljava_cup/Main, open_files()V >"	44	58
"< Application, Lpolyglot/util/Base64, decode(Ljava/lang/String;I)[B >"	68	76
"< Application, Lpolyglot/types/SourceClassResolver, find(Ljava/lang/String;)Lpolyglot/types/Named; >"	157	230
"< Application, Lpolyglot/types/TypeSystem_c, load(Ljava/lang/String;)Lpolyglot/types/ClassType; >"	3	6
"< Application, Lpolyglot/util/Base64, encodeObject(Ljava/io/Serializable;I)Ljava/lang/String; >"	25	43
"< Application, Lpolyglot/util/typedump/Main, main([Ljava/lang/String;)V >"	29	39
"< Application, Lpolyglot/ast/Unary_c, childExpectedType(Lpolyglot/ast/Expr;Lpolyglot/visit/AscriptionVisitor;)Lpolyglot/types/Type; >"	57	63
"< Application, Lpolyglot/util/Base64, decode(Ljava/lang/String;I)[B >"	71	78
"< Application, Lpolyglot/util/StdErrorQueue, showError(Lpolyglot/util/Position;)V >"	88	77
"< Application, Ljflex/Main, generate(Ljava/io/File;)V >"	134	140
"< Application, Lpolyglot/main/Options$16, handle([Ljava/lang/String;I)Lpolyglot/main/OptFlag$Arg; >"	12	22
"< Application, Lpolyglot/main/Main, explodeOptions([Ljava/lang/String;)Ljava/util/List; >"	33	35
"< Application, Lpolyglot/ext/jl5/types/inference/LubType_c, glb(Lpolyglot/types/ReferenceType;Lpolyglot/types/ReferenceType;)Lpolyglot/types/ReferenceType; >"	10	18
"< Application, Lpolyglot/main/Report, should_report([Ljava/lang/String;I)Z >"	18	28
"< Application, Lpolyglot/filemanager/ExtFileObject, getCharContent(Z)Ljava/lang/CharSequence; >"	8	6
