java_type_ref("<Application,Lpolyglot/ast/Term>")
java_type_ref("<Application,Lpolyglot/ast/JLDel>")
java_type_ref("<Application,Ljflex/gui/Handles>")
java_type_ref("<Application,Lppg/cmds/Command>")
java_type_ref("<Application,Lpolyglot/ext/jl5/types/JL5SubstClassType>")
java_type_ref("<Application,Lpolyglot/types/Package>")
java_type_ref("<Application,Lpolyglot/frontend/Parser>")
java_type_ref("<Application,Lpolyglot/ast/ForInit>")
java_type_ref("<Application,Lpolyglot/ext/jl5/ast/JL5Import>")
java_type_ref("<Application,Lpolyglot/ast/ExtFactory>")
java_type_ref("<Application,Lpolyglot/ast/Call>")
java_type_ref("<Application,Lpolyglot/util/ErrorQueue>")
java_type_ref("<Application,Lpolyglot/ast/Block>")
java_type_ref("<Application,Lpolyglot/frontend/goals/EndGoal>")
java_type_ref("<Application,Lpolyglot/ast/MethodDecl>")
java_type_ref("<Application,Lpolyglot/ext/jl5/ast/ParamTypeNode>")
java_type_ref("<Application,Lpolyglot/ast/Unary>")
java_type_ref("<Application,Lpolyglot/ast/TypeNode>")
java_type_ref("<Application,Lpolyglot/ast/ArrayAccess>")
java_type_ref("<Application,Ljflex/sym>")
java_type_ref("<Application,Lpolyglot/ext/jl5/types/JL5LocalInstance>")
java_type_ref("<Application,Lpolyglot/ast/Conditional>")
java_type_ref("<Application,Lpolyglot/types/PlaceHolder>")
java_type_ref("<Application,Lpolyglot/ast/VarInit>")
java_type_ref("<Application,Lpolyglot/ext/jl5/types/JL5PrimitiveType>")
java_type_ref("<Application,Lpolyglot/ast/Disamb>")
java_type_ref("<Application,Lpolyglot/ext/jl5/ast/ElementValueArrayInit>")
java_type_ref("<Application,Lpolyglot/ast/SourceFile>")
java_type_ref("<Application,Lpolyglot/translate/ext/ToExt>")
java_type_ref("<Application,Lpolyglot/ast/JLang>")
java_type_ref("<Application,Lpolyglot/ast/Synchronized>")
java_type_ref("<Application,Lpolyglot/types/ConstructorInstance>")
java_type_ref("<Application,Lpolyglot/ext/jl5/types/JL5ParsedClassType>")
java_type_ref("<Application,Lpolyglot/types/CodeInstance>")
java_type_ref("<Application,Lpolyglot/ast/SourceCollection>")
java_type_ref("<Application,Lpolyglot/ext/jl7/types/DiamondType>")
java_type_ref("<Application,Lpolyglot/ast/ClassBody>")
java_type_ref("<Application,Lpolyglot/ext/jl7/ast/TryWithResources>")
java_type_ref("<Application,Lpolyglot/frontend/FileSource>")
java_type_ref("<Application,Lpolyglot/ast/Variable>")
java_type_ref("<Application,Lpolyglot/ast/NamedVariable>")
java_type_ref("<Application,Lpolyglot/ast/ProcedureCall>")
java_type_ref("<Application,Lpolyglot/ext/jl5/types/AnnotationTypeElemInstance>")
java_type_ref("<Application,Lpolyglot/ast/Case>")
java_type_ref("<Application,Lpolyglot/ast/CodeBlock>")
java_type_ref("<Application,Lpolyglot/ext/jl5/ast/JL5ExtFactory>")
java_type_ref("<Application,Lpolyglot/types/Resolver>")
java_type_ref("<Application,Lpolyglot/types/FunctionInstance>")
java_type_ref("<Application,Lpolyglot/ast/AmbQualifierNode>")
java_type_ref("<Application,Lpolyglot/ext/jl5/types/UnknownReferenceType>")
java_type_ref("<Application,Lpolyglot/ext/jl5/types/WildCardType>")
java_type_ref("<Application,Lpolyglot/ast/ClassLit>")
java_type_ref("<Application,Lpolyglot/util/Copy>")
java_type_ref("<Application,Lpolyglot/ext/jl5/types/reflect/JL5LazyClassInitializer>")
java_type_ref("<Application,Lpolyglot/ast/Binary>")
java_type_ref("<Application,Lpolyglot/ext/jl5/types/JL5FieldInstance>")
java_type_ref("<Application,Lpolyglot/ast/Id>")
java_type_ref("<Application,Lpolyglot/ast/While>")
java_type_ref("<Application,Lpolyglot/ext/jl5/types/UnknownTypeVariable>")
java_type_ref("<Application,Lpolyglot/ext/jl5/ast/JL5CaseOps>")
java_type_ref("<Application,Lpolyglot/frontend/SourceLoader>")
java_type_ref("<Application,Lpolyglot/ext/jl5/ast/EnumConstant>")
java_type_ref("<Application,Lpolyglot/ext/param/types/SubstType>")
java_type_ref("<Application,Lpolyglot/ast/ExprOps>")
java_type_ref("<Application,Lpolyglot/ext/jl5/types/TypeVariable>")
java_type_ref("<Application,Lpolyglot/types/Context>")
java_type_ref("<Application,Lpolyglot/ext/jl5/types/Annotations>")
java_type_ref("<Application,Lppg/lex/LexerResult>")
java_type_ref("<Application,Lpolyglot/types/ParsedClassType>")
java_type_ref("<Application,Lpolyglot/ast/For>")
java_type_ref("<Application,Lpolyglot/ext/jl5/ast/AnnotatedElement>")
java_type_ref("<Application,Lpolyglot/types/MethodInstance>")
java_type_ref("<Application,Lpolyglot/ext/jl5/ast/AnnotationElem>")
java_type_ref("<Application,Lpolyglot/types/ArrayType>")
java_type_ref("<Application,Lpolyglot/ext/jl7/types/JL7TypeSystem>")
java_type_ref("<Application,Lpolyglot/ast/ProcedureDecl>")
java_type_ref("<Application,Lpolyglot/types/UnknownType>")
java_type_ref("<Application,Lpolyglot/ext/jl5/types/JL5SubstType>")
java_type_ref("<Application,Lpolyglot/ast/AmbExpr>")
java_type_ref("<Application,Lpolyglot/ast/TopLevelDecl>")
java_type_ref("<Application,Lpolyglot/types/InitializerInstance>")
java_type_ref("<Application,Lpolyglot/filemanager/FileManager>")
java_type_ref("<Application,Lpolyglot/ast/ArrayAccessAssign>")
java_type_ref("<Application,Lpolyglot/ast/QualifierNode>")
java_type_ref("<Application,Lppg/parse/Unparse>")
java_type_ref("<Application,Lpolyglot/ext/jl5/types/inference/LubType>")
java_type_ref("<Application,Lpolyglot/types/LocalInstance>")
java_type_ref("<Application,Lpolyglot/ast/Branch>")
java_type_ref("<Application,Lpolyglot/ast/VarDecl>")
java_type_ref("<Application,Lpolyglot/frontend/Pass>")
java_type_ref("<Application,Lpolyglot/ast/DelFactory>")
java_type_ref("<Application,Lpolyglot/types/Type>")
java_type_ref("<Application,Lpolyglot/ast/Prefix>")
java_type_ref("<Application,Lpolyglot/ast/AmbAssign>")
java_type_ref("<Application,Lpolyglot/ext/jl5/ast/JL5NodeFactory>")
java_type_ref("<Application,Lpolyglot/ast/Return>")
java_type_ref("<Application,Lpolyglot/ast/Receiver>")
java_type_ref("<Application,Lpolyglot/util/Internable>")
java_type_ref("<Application,Lpolyglot/types/Importable>")
java_type_ref("<Application,Lpolyglot/ast/Field>")
java_type_ref("<Application,Lpolyglot/types/Declaration>")
java_type_ref("<Application,Lpolyglot/ast/CharLit>")
java_type_ref("<Application,Lpolyglot/ast/Ext>")
java_type_ref("<Application,Lpolyglot/types/NullType>")
java_type_ref("<Application,Lpolyglot/ast/Try>")
java_type_ref("<Application,Lpolyglot/ast/ClassDecl>")
java_type_ref("<Application,Lpolyglot/types/ProcedureInstance>")
java_type_ref("<Application,Lpolyglot/ast/CanonicalTypeNode>")
java_type_ref("<Application,Lpolyglot/ast/ConstructorCall>")
java_type_ref("<Application,Lpolyglot/ast/ConstructorDecl>")
java_type_ref("<Application,Lpolyglot/ast/ClassMember>")
java_type_ref("<Application,Lpolyglot/util/Predicate>")
java_type_ref("<Application,Lpolyglot/ext/param/types/Param>")
java_type_ref("<Application,Lpolyglot/ast/ClassDeclOps>")
java_type_ref("<Application,Lpolyglot/ext/jl5/ast/JL5SwitchOps>")
java_type_ref("<Application,Lpolyglot/ext/jl5/types/JL5Context>")
java_type_ref("<Application,Lpolyglot/ext/param/types/ParamTypeSystem>")
java_type_ref("<Application,Lpolyglot/types/Qualifier>")
java_type_ref("<Application,Lpolyglot/ast/ArrayTypeNode>")
java_type_ref("<Application,Lpolyglot/ast/Labeled>")
java_type_ref("<Application,Ljava_cup/runtime/Scanner>")
java_type_ref("<Application,Lpolyglot/ext/param/types/MuPClass>")
java_type_ref("<Application,Lpolyglot/ast/ProcedureCallOps>")
java_type_ref("<Application,Lpolyglot/ext/jl7/ast/JL7NodeFactory>")
java_type_ref("<Application,Lpolyglot/ast/FloatLit>")
java_type_ref("<Application,Lpolyglot/ast/Eval>")
java_type_ref("<Application,Lpolyglot/ast/Initializer>")
java_type_ref("<Application,Lpolyglot/ast/Expr>")
java_type_ref("<Application,Lpolyglot/ext/param/types/PClass>")
java_type_ref("<Application,Lppg/util/Equatable>")
java_type_ref("<Application,Ljava_cup/lalr_state$Step>")
java_type_ref("<Application,Lpolyglot/ast/Import>")
java_type_ref("<Application,Lpolyglot/types/ReferenceType>")
java_type_ref("<Application,Lpolyglot/ast/ProcedureDeclOps>")
java_type_ref("<Application,Lpolyglot/ast/Node>")
java_type_ref("<Application,Lpolyglot/ext/jl5/types/JL5ArrayType>")
java_type_ref("<Application,Lpolyglot/ext/jl5/types/AnnotationElementValueAnnotation>")
java_type_ref("<Application,Lpolyglot/ast/CompoundStmt>")
java_type_ref("<Application,Ljava_cup/runtime/SymbolFactory>")
java_type_ref("<Application,Lpolyglot/types/TypeObject>")
java_type_ref("<Application,Lpolyglot/ext/param/types/Subst>")
java_type_ref("<Application,Lpolyglot/ast/NewOps>")
java_type_ref("<Application,Lpolyglot/ast/LocalDecl>")
java_type_ref("<Application,Lpolyglot/util/Transformation>")
java_type_ref("<Application,Lpolyglot/ext/jl5/types/JL5MethodInstance>")
java_type_ref("<Application,Lpolyglot/ast/Typed>")
java_type_ref("<Application,Lpolyglot/ast/NodeOps>")
java_type_ref("<Application,Lpolyglot/ext/jl5/ast/EnumConstantDecl>")
java_type_ref("<Application,Lpolyglot/ext/jl5/types/EnumInstance>")
java_type_ref("<Application,Lpolyglot/ast/Instanceof>")
java_type_ref("<Application,Lpolyglot/ast/Lang>")
java_type_ref("<Application,Lpolyglot/types/LazyClassInitializer>")
java_type_ref("<Application,Lpolyglot/ast/Local>")
java_type_ref("<Application,Lpolyglot/ast/PackageNode>")
java_type_ref("<Application,Lpolyglot/frontend/JobExt>")
java_type_ref("<Application,Lpolyglot/ast/StringLit>")
java_type_ref("<Application,Lpolyglot/types/ClassType>")
java_type_ref("<Application,Lpolyglot/ext/jl5/types/inference/InferenceSolver>")
java_type_ref("<Application,Lpolyglot/types/LazyInitializer>")
java_type_ref("<Application,Lpolyglot/types/MemberInstance>")
java_type_ref("<Application,Lpolyglot/ast/IntLit>")
java_type_ref("<Application,Lpolyglot/ast/LocalClassDecl>")
java_type_ref("<Application,Lpolyglot/ext/jl5/types/IntersectionType>")
java_type_ref("<Application,Lpolyglot/types/UnknownQualifier>")
java_type_ref("<Application,Lpolyglot/ast/NumLit>")
java_type_ref("<Application,Lpolyglot/ast/BooleanLit>")
java_type_ref("<Application,Lpolyglot/types/Named>")
java_type_ref("<Application,Lpolyglot/types/VarInstance>")
java_type_ref("<Application,Lpolyglot/ast/Do>")
java_type_ref("<Application,Lpolyglot/ast/NullLit>")
java_type_ref("<Application,Lpolyglot/lex/Lexer>")
java_type_ref("<Application,Lpolyglot/ast/Assert>")
java_type_ref("<Application,Lpolyglot/frontend/Source>")
java_type_ref("<Application,Lpolyglot/types/TypeSystem>")
java_type_ref("<Application,Lpolyglot/ast/TermOps>")
java_type_ref("<Application,Lpolyglot/ast/Catch>")
java_type_ref("<Application,Lpolyglot/ext/jl7/ast/MultiCatch>")
java_type_ref("<Application,Lpolyglot/ext/jl5/types/JL5ConstructorInstance>")
java_type_ref("<Application,Lpolyglot/ext/jl7/ast/J7Lang>")
java_type_ref("<Application,Lpolyglot/ext/jl5/ast/J5Lang>")
java_type_ref("<Application,Lpolyglot/types/TopLevelResolver>")
java_type_ref("<Application,Lpolyglot/ast/Formal>")
java_type_ref("<Application,Lpolyglot/ext/jl5/types/AnnotationElementValue>")
java_type_ref("<Application,Lpolyglot/ext/jl5/ast/AnnotationElemDecl>")
java_type_ref("<Application,Lpolyglot/ast/CodeDecl>")
java_type_ref("<Application,Lpolyglot/ast/LocalAssign>")
java_type_ref("<Application,Lpolyglot/ast/FieldAssign>")
java_type_ref("<Application,Lpolyglot/ext/jl5/types/CaptureConvertedWildCardType>")
java_type_ref("<Application,Lpolyglot/ast/AmbTypeNode>")
java_type_ref("<Application,Lpolyglot/types/PrimitiveType>")
java_type_ref("<Application,Lpolyglot/ext/jl5/types/JL5ClassType>")
java_type_ref("<Application,Lpolyglot/ast/Stmt>")
java_type_ref("<Application,Lpolyglot/ext/jl5/ast/ExtendedFor>")
java_type_ref("<Application,Lpolyglot/ext/jl5/types/JL5Subst>")
java_type_ref("<Application,Lpolyglot/ext/jl5/types/reflect/Annotations$ElementValue>")
java_type_ref("<Application,Lpolyglot/ast/CodeNode>")
java_type_ref("<Application,Lpolyglot/ext/jl5/types/AnnotationElementValueArray>")
java_type_ref("<Application,Lpolyglot/ast/Ambiguous>")
java_type_ref("<Application,Lpolyglot/ext/jl7/ast/JL7ExtFactory>")
java_type_ref("<Application,Lpolyglot/qq/QQParser>")
java_type_ref("<Application,Lpolyglot/ast/Switch>")
java_type_ref("<Application,Lpolyglot/types/FieldInstance>")
java_type_ref("<Application,Lpolyglot/ast/Cast>")
java_type_ref("<Application,Lpolyglot/ext/jl5/ast/JL5ProcedureCall>")
java_type_ref("<Application,Lpolyglot/ext/param/types/InstType>")
java_type_ref("<Application,Lpolyglot/types/NamedPlaceHolder>")
java_type_ref("<Application,Lpolyglot/ext/jl5/types/JL5TypeSystem>")
java_type_ref("<Application,Lpolyglot/ast/Loop>")
java_type_ref("<Application,Lpolyglot/ext/jl5/types/JL5ProcedureInstance>")
java_type_ref("<Application,Lpolyglot/ast/TryOps>")
java_type_ref("<Application,Lpolyglot/frontend/ExtensionInfo>")
java_type_ref("<Application,Lpolyglot/ast/NodeFactory>")
java_type_ref("<Application,Lpolyglot/frontend/goals/Goal>")
java_type_ref("<Application,Lpolyglot/ast/FieldDecl>")
java_type_ref("<Application,Lpolyglot/ast/SwitchElement>")
java_type_ref("<Application,Lpolyglot/types/AccessControlResolver>")
java_type_ref("<Application,Lpolyglot/ast/AmbPrefix>")
java_type_ref("<Application,Lpolyglot/types/UnknownPackage>")
java_type_ref("<Application,Lpolyglot/ext/jl5/ast/ElementValuePair>")
java_type_ref("<Application,Lpolyglot/ast/NewArray>")
java_type_ref("<Application,Lpolyglot/ext/jl7/ast/JL7TryOps>")
java_type_ref("<Application,Lpolyglot/types/ParsedTypeObject>")
java_type_ref("<Application,Lpolyglot/ast/CallOps>")
java_type_ref("<Application,Lpolyglot/ast/ArrayInit>")
java_type_ref("<Application,Lpolyglot/ast/SwitchBlock>")
java_type_ref("<Application,Lpolyglot/ast/Lit>")
java_type_ref("<Application,Lpolyglot/ast/Assign>")
java_type_ref("<Application,Lpolyglot/ast/If>")
java_type_ref("<Application,Lpolyglot/ast/Empty>")
java_type_ref("<Application,Lpolyglot/types/reflect/ClassFileLoader>")
java_type_ref("<Application,Lpolyglot/ast/New>")
java_type_ref("<Application,Lpolyglot/ext/jl5/types/AnnotationElementValueConstant>")
java_type_ref("<Application,Lpolyglot/ast/LoopOps>")
java_type_ref("<Application,Lpolyglot/ast/Throw>")
java_type_ref("<Application,Lpolyglot/types/reflect/ClassFile>")
java_type_ref("<Application,Lpolyglot/ast/Special>")
java_type_ref("<Application,Lpolyglot/ast/ForUpdate>")
java_type_ref("<Application,Lpolyglot/ext/jl5/types/JL5ReferenceType>")
java_type_ref("<Application,Lpolyglot/ast/AmbReceiver>")
java_type_ref("<Application,Lpolyglot/ext/jl5/types/RawClass>")
