"< Application, Lpolyglot/util/StringUtil, escape(C)Ljava/lang/String; >"
"< Application, Lpolyglot/frontend/goals/ExitPathsChecked, create(Lpolyglot/frontend/Scheduler;Lpolyglot/frontend/Job;Lpolyglot/types/TypeSystem;Lpolyglot/ast/NodeFactory;)Lpolyglot/frontend/goals/Goal; >"
"< Application, Lpolyglot/ast/CanonicalTypeNode_c, <clinit>()V >"
"< Application, Ljflex/Skeleton, readSkel(Ljava/io/BufferedReader;)V >"
"< Application, Lpolyglot/ext/jl5/ast/AmbTypeInstantiation, <clinit>()V >"
"< Application, Lpolyglot/visit/DataFlow, itemToMap(Ljava/lang/Object;Ljava/util/Set;)Ljava/util/Map; >"
"< Application, Ljava_cup/non_terminal, create_new(Ljava/lang/String;Ljava/lang/String;)Ljava_cup/non_terminal; >"
"< Application, Ljava_cup/non_terminal, all()Ljava/lang/Iterable; >"
"< Application, Lpolyglot/types/NoMemberException, <clinit>()V >"
"< Application, Lpolyglot/ast/Special$Kind, <clinit>()V >"
"< Application, Ljflex/SemCheck, isFiniteChoice(Ljflex/RegExp;)Z >"
"< Application, Lpolyglot/frontend/goals/SignaturesDisambiguated, create(Lpolyglot/frontend/Scheduler;Lpolyglot/frontend/Job;Lpolyglot/types/TypeSystem;Lpolyglot/ast/NodeFactory;)Lpolyglot/frontend/goals/Goal; >"
"< Application, Lpolyglot/types/SystemResolver, <clinit>()V >"
"< Application, Lpolyglot/ext/jl7/parse/Lexer_c, <clinit>()V >"
"< Application, Ljflex/Out, error(Ljava/lang/String;)V >"
"< Application, Lpolyglot/visit/DataFlow, itemsToMap(Ljava/lang/Object;Ljava/lang/Object;Ljava/lang/Object;Ljava/util/Set;)Ljava/util/Map; >"
"< Application, Lpolyglot/util/CannotResolvePlaceHolderException, <clinit>()V >"
"< Application, Lpolyglot/ast/TypeNode_c, <clinit>()V >"
"< Application, Ljava_cup/terminal, find(Ljava/lang/String;)Ljava_cup/terminal; >"
"< Application, Ljava_cup/terminal, <clinit>()V >"
"< Application, Lpolyglot/types/TypeSystem_c, listToString(Ljava/util/List;)Ljava/lang/String; >"
"< Application, Lpolyglot/ast/FieldDecl_c, <clinit>()V >"
"< Application, Lpolyglot/util/Base64, access$100([BII[BII)[B >"
"< Application, Lpolyglot/ext/jl5/types/JL5ConstructorInstance_c, <clinit>()V >"
"< Application, Lpolyglot/util/UniqueID, <clinit>()V >"
"< Application, Ljava_cup/emit, locations()Z >"
"< Application, Lpolyglot/ext/jl5/translate/JL5ConstructorDeclToExt_c, <clinit>()V >"
"< Application, Ljava_cup/production, number()I >"
"< Application, Lpolyglot/util/Base64, encodeBytes([B)Ljava/lang/String; >"
"< Application, Lpolyglot/ast/Branch$Kind, <clinit>()V >"
"< Application, Lpolyglot/ext/jl5/types/JL5NoMemberException, <clinit>()V >"
"< Application, Lpolyglot/main/Report, pushTopic(Ljava/lang/String;)V >"
"< Application, Lpolyglot/ext/jl5/ast/EnumConstantDeclExt, <clinit>()V >"
"< Application, Lpolyglot/util/TypeInputStream, <clinit>()V >"
"< Application, Lpolyglot/main/OptFlag, sourceArgs(Ljava/util/List;)Ljava/util/List; >"
"< Application, Lpolyglot/translate/ext/ConstructorCallToExt_c, <clinit>()V >"
"< Application, Lpolyglot/frontend/CyclicDependencyException, <clinit>()V >"
"< Application, Lpolyglot/ext/jl5/types/JL5Flags, isEnum(Lpolyglot/types/Flags;)Z >"
"< Application, Lpolyglot/util/Item, getMinWidth(Lpolyglot/util/Item;Lpolyglot/util/MaxLevels;)I >"
"< Application, Lpolyglot/ast/LocalDecl_c, <clinit>()V >"
"< Application, Ljflex/gui/OptionsDialog, access$600(Ljflex/gui/OptionsDialog;)Ljava/awt/Checkbox; >"
"< Application, Lpolyglot/util/Assert$AssertionFailedError, <clinit>()V >"
"< Application, Lpolyglot/main/Main$TerminationException, <clinit>()V >"
"< Application, Lpolyglot/ast/Try_c, <clinit>()V >"
"< Application, Lpolyglot/translate/ext/FieldToExt_c, <clinit>()V >"
"< Application, Ljflex/Out, error(Ljflex/ErrorMessages;Ljava/lang/String;)V >"
"< Application, Lpolyglot/main/Report, getQueue()Lpolyglot/util/ErrorQueue; >"
"< Application, Ljflex/unicode/data/Unicode_3_1, <clinit>()V >"
"< Application, Lpolyglot/util/typedump/Main, configureOptions(Lpolyglot/main/Options;)V >"
"< Application, Lpolyglot/ext/jl5/types/JL5ImportTable, hasStatic(Ljava/util/List;)Z >"
"< Application, Lpolyglot/util/StringUtil, nth(I)Ljava/lang/String; >"
"< Application, Lpolyglot/ext/jl5/types/JL5NullType_c, <clinit>()V >"
"< Application, Lpolyglot/visit/InnerClassRemover, addFieldsToClass(Lpolyglot/ast/ClassDecl;Ljava/util/List;Lpolyglot/types/TypeSystem;Lpolyglot/ast/NodeFactory;Z)Lpolyglot/ast/ClassDecl; >"
"< Application, Lpolyglot/frontend/Source$Kind, valueOf(Ljava/lang/String;)Lpolyglot/frontend/Source$Kind; >"
"< Application, Lpolyglot/ext/jl5/ast/JL5MethodDeclExt, <clinit>()V >"
"< Application, Ljava_cup/Lexer, <clinit>()V >"
"< Application, Lpolyglot/types/PrimitiveType_c, <clinit>()V >"
"< Application, Lpolyglot/ext/jl7/ast/MultiCatch_c, <clinit>()V >"
"< Application, Lpolyglot/translate/ext/AssertToExt_c, <clinit>()V >"
"< Application, Ljflex/gui/OptionsDialog, access$100(Ljflex/gui/OptionsDialog;)V >"
"< Application, Ljflex/Out, debug(Ljava/lang/String;)V >"
"< Application, Lpolyglot/ext/jl5/types/JL5Flags, <clinit>()V >"
"< Application, Lpolyglot/types/ConstructorInstance_c, <clinit>()V >"
"< Application, Lpolyglot/frontend/goals/SupertypesResolved, create(Lpolyglot/frontend/Scheduler;Lpolyglot/types/ParsedClassType;)Lpolyglot/frontend/goals/Goal; >"
"< Application, Lpolyglot/ext/jl5/ast/AnnotationElemDecl_c, <clinit>()V >"
"< Application, Lpolyglot/ext/jl5/ast/JL5ClassBodyExt, <clinit>()V >"
"< Application, Lpolyglot/ext/jl7/parse/Lexer_c, zzUnpackRowMap()[I >"
"< Application, Lpolyglot/translate/ext/ConstructorDeclToExt_c, <clinit>()V >"
"< Application, Lpolyglot/frontend/goals/ForwardReferencesChecked, create(Lpolyglot/frontend/Scheduler;Lpolyglot/frontend/Job;Lpolyglot/types/TypeSystem;Lpolyglot/ast/NodeFactory;)Lpolyglot/frontend/goals/Goal; >"
"< Application, Lpolyglot/visit/DataFlow, <clinit>()V >"
"< Application, Lpolyglot/util/SerialVersionUID, longAt([BI)J >"
"< Application, Lpolyglot/util/Base64, decode([B)[B >"
"< Application, Ljflex/unicode/data/Unicode_5_2, <clinit>()V >"
"< Application, Lpolyglot/types/ProcedureInstance_c, <clinit>()V >"
"< Application, Ljflex/Options, setDefaults()V >"
"< Application, Lpolyglot/ext/jl5/qq/Grm, <clinit>()V >"
"< Application, Ljava_cup/Lexer, zzUnpackCMap(Ljava/lang/String;)[C >"
"< Application, Lpolyglot/frontend/goals/FieldConstantsChecked, create(Lpolyglot/frontend/Scheduler;Lpolyglot/types/FieldInstance;)Lpolyglot/frontend/goals/Goal; >"
"< Application, Ljflex/gui/MainFrame, access$502(Ljflex/gui/MainFrame;Ljava/lang/String;)Ljava/lang/String; >"
"< Application, Lpolyglot/frontend/Compiler, createCodeWriter(Ljava/io/Writer;)Lpolyglot/util/CodeWriter; >"
"< Application, Lpolyglot/util/CollectionUtil, nonNullList(Ljava/util/List;)Ljava/util/List; >"
"< Application, Lpolyglot/ext/jl5/ast/EnumConstant_c, <clinit>()V >"
"< Application, Lpolyglot/ast/TypeNode$Instance, <clinit>()V >"
"< Application, Ljflex/LexScan, zzUnpackTrans()[I >"
"< Application, Lpolyglot/ext/jl7/parse/Lexer_c, zzUnpackAction()[I >"
"< Application, Lpolyglot/types/FieldInstance_c, <clinit>()V >"
"< Application, Lpolyglot/ext/jl5/visit/TVCaster, getBase(Lpolyglot/types/ReferenceType;)Lpolyglot/ext/jl5/types/JL5ParsedClassType; >"
"< Application, Lpolyglot/translate/ext/MethodDeclToExt_c, <clinit>()V >"
"< Application, Lpolyglot/ast/IntLit$Kind, <clinit>()V >"
"< Application, Lpolyglot/ast/Field_c, <clinit>()V >"
"< Application, Lpolyglot/visit/InitChecker$InitCount, <clinit>()V >"
"< Application, Lpolyglot/ast/ConstructorCall, <clinit>()V >"
"< Application, Lpolyglot/main/Main, reportTime(Ljava/lang/String;I)V >"
"< Application, Ljflex/LexScan, zzUnpackTrans(Ljava/lang/String;I[I)I >"
"< Application, Lppg/lex/Lexer, zzUnpackTrans(Ljava/lang/String;I[I)I >"
"< Application, Lpolyglot/ast/AmbPrefix_c, <clinit>()V >"
"< Application, Lppg/atoms/Production, isSameProduction(Ljava/util/Vector;Ljava/util/Vector;)Z >"
"< Application, Lpolyglot/types/UnknownQualifier_c, <clinit>()V >"
"< Application, Lpolyglot/types/Context_c$Kind, <clinit>()V >"
"< Application, Lpolyglot/ext/jl7/ast/JL7TryExt, <clinit>()V >"
"< Application, Ljava_cup/emit, clear()V >"
"< Application, Lpolyglot/ast/Precedence, <clinit>()V >"
"< Application, Ljflex/Skeleton, <clinit>()V >"
"< Application, Lpolyglot/ast/IntLit_c, <clinit>()V >"
"< Application, Lpolyglot/ext/jl5/translate/JL5LocalDeclToJL_c, <clinit>()V >"
"< Application, Lpolyglot/translate/ext/SpecialToExt_c, <clinit>()V >"
"< Application, Ljflex/Out, error(Ljflex/ErrorMessages;)V >"
"< Application, Lpolyglot/util/Transformation, <clinit>()V >"
"< Application, Lpolyglot/util/typedump/Main, main([Ljava/lang/String;)V >"
"< Application, Lpolyglot/ast/New_c, <clinit>()V >"
"< Application, Ljflex/LexScan, zzUnpackAction(Ljava/lang/String;I[I)I >"
"< Application, Lpolyglot/ext/param/types/MuPClass_c, <clinit>()V >"
"< Application, Lpolyglot/util/Base64, decodeFromFile(Ljava/lang/String;)[B >"
"< Application, Lpolyglot/main/Report, addTopic(Ljava/lang/String;I)V >"
"< Application, Lpolyglot/translate/ext/EvalToExt_c, <clinit>()V >"
"< Application, Ljava_cup/emit, <clinit>()V >"
"< Application, Lpolyglot/util/Assert, check(Z)V >"
"< Application, Lpolyglot/ext/jl7/parse/Lexer_c, zzUnpackAttribute(Ljava/lang/String;I[I)I >"
"< Application, Lpolyglot/util/Base64, encodeBytes([BII)Ljava/lang/String; >"
"< Application, Lpolyglot/ext/jl5/ast/JL5NewExt, <clinit>()V >"
"< Application, Lpolyglot/util/Base64, decode4to3([BI[BII)I >"
"< Application, Ljflex/Emitter, normalize(Ljava/lang/String;Ljava/io/File;)Ljava/io/File; >"
"< Application, Lpolyglot/types/reflect/ClassFileLazyClassInitializer, <clinit>()V >"
"< Application, Lpolyglot/types/MethodInstance_c, <clinit>()V >"
"< Application, Ljava_cup/Main, open_files()V >"
"< Application, Lppg/parse/ParseTest, main([Ljava/lang/String;)V >"
"< Application, Lpolyglot/translate/ext/ForToExt_c, <clinit>()V >"
"< Application, Lpolyglot/ast/FieldAssign_c, assertLeftType(Lpolyglot/ast/Expr;)V >"
"< Application, Ljava_cup/terminal, find(I)Ljava_cup/terminal; >"
"< Application, Lpolyglot/ext/jl7/ast/J7Lang_c, lang(Lpolyglot/ast/NodeOps;)Lpolyglot/ext/jl7/ast/J7Lang; >"
"< Application, Lpolyglot/translate/ext/ArrayAccessToExt_c, <clinit>()V >"
"< Application, Ljava_cup/production, is_id_start(C)Z >"
"< Application, Lpolyglot/ext/jl5/translate/JL5FormalToExt_c, <clinit>()V >"
"< Application, Lpolyglot/ext/jl5/ast/JL5LocalDeclExt, <clinit>()V >"
"< Application, Lpolyglot/translate/ext/InstanceOfToExt_c, <clinit>()V >"
"< Application, Ljflex/gui/MainFrame, access$300(Ljflex/gui/MainFrame;)V >"
"< Application, Lpolyglot/ast/Binary, <clinit>()V >"
"< Application, Lpolyglot/translate/ext/ToExt_c, <clinit>()V >"
"< Application, Lpolyglot/main/OptFlag, hasSourceArg(Ljava/util/List;)Z >"
"< Application, Lpolyglot/translate/ext/TryToExt_c, <clinit>()V >"
"< Application, Lpolyglot/ext/jl5/types/JL5Subst_c, <clinit>()V >"
"< Application, Lpolyglot/visit/DataFlow, hasTrueFalseBranches(Ljava/util/Set;)Z >"
"< Application, Lpolyglot/translate/ext/ImportToExt_c, <clinit>()V >"
"< Application, Lpolyglot/translate/ext/LocalDeclToExt_c, <clinit>()V >"
"< Application, Lpolyglot/translate/ext/BlockToExt_c, <clinit>()V >"
"< Application, Lpolyglot/visit/FlowGraph, <clinit>()V >"
"< Application, Lpolyglot/util/Copy$Util, copy(Lpolyglot/util/Copy;)Lpolyglot/util/Copy; >"
"< Application, Lpolyglot/visit/DefiniteAssignmentChecker$AssignmentStatus, construct(ZZ)Lpolyglot/visit/DefiniteAssignmentChecker$AssignmentStatus; >"
"< Application, Lpolyglot/frontend/goals/TypesInitializedForCommandLine, create(Lpolyglot/frontend/Scheduler;)Lpolyglot/frontend/goals/Goal; >"
"< Application, Ljflex/gui/MainFrame, access$800(Ljflex/gui/MainFrame;)Ljava/awt/TextField; >"
"< Application, Ljava_cup/non_terminal, <clinit>()V >"
"< Application, Lpolyglot/ext/jl5/ast/ElementValuePair_c, <clinit>()V >"
"< Application, Lpolyglot/types/NoClassException, <clinit>()V >"
"< Application, Lpolyglot/util/StringUtil, getShortNameComponent(Ljava/lang/String;)Ljava/lang/String; >"
"< Application, Ljava_cup/lalr_state, number()I >"
"< Application, Lpolyglot/util/Base64, encode(Ljava/nio/ByteBuffer;Ljava/nio/ByteBuffer;)V >"
"< Application, Lpolyglot/frontend/Topics, <clinit>()V >"
"< Application, Ljflex/Main, generate([Ljava/lang/String;)V >"
"< Application, Lpolyglot/util/StringUtil, isNameShort(Ljava/lang/String;)Z >"
"< Application, Lpolyglot/frontend/goals/Parsed, create(Lpolyglot/frontend/Scheduler;Lpolyglot/frontend/Job;)Lpolyglot/frontend/goals/Goal; >"
"< Application, Ljava_cup/Main, parse_grammar_spec()V >"
"< Application, Lpolyglot/util/Base64, encodeObject(Ljava/io/Serializable;)Ljava/lang/String; >"
"< Application, Lpolyglot/ext/jl7/parse/Grm, <clinit>()V >"
"< Application, Lpolyglot/ext/jl5/translate/JL5ClassDeclToExt_c, <clinit>()V >"
"< Application, Lpolyglot/ext/jl7/ast/J7Lang_c, <clinit>()V >"
"< Application, Lpolyglot/types/BadSerializationException, message(Ljava/lang/String;)Ljava/lang/String; >"
"< Application, Lpolyglot/ast/Throw_c, <clinit>()V >"
"< Application, Ljava_cup/emit, pre(Ljava/lang/String;)Ljava/lang/String; >"
"< Application, Lpolyglot/translate/ext/ArrayInitToExt_c, <clinit>()V >"
"< Application, Lpolyglot/translate/ext/SwitchBlockToExt_c, <clinit>()V >"
"< Application, Lpolyglot/main/OptFlag, lookupFlag(Ljava/lang/String;Ljava/util/Set;)Lpolyglot/main/OptFlag; >"
"< Application, Lpolyglot/visit/ExitChecker$DataFlowItem, <clinit>()V >"
"< Application, Ljava_cup/emit, parser(Ljava/io/PrintWriter;Ljava_cup/parse_action_table;Ljava_cup/parse_reduce_table;ILjava_cup/production;ZIZ)V >"
"< Application, Lpolyglot/util/StringUtil, unicodeEscape(Ljava/lang/String;)Ljava/lang/String; >"
"< Application, Ljava_cup/terminal, clear()V >"
"< Application, Ljava_cup/non_terminal, create_new(Ljava/lang/String;)Ljava_cup/non_terminal; >"
"< Application, Lpolyglot/ext/jl5/AnnotationsResolved, create(Lpolyglot/frontend/Scheduler;Lpolyglot/types/ParsedClassType;)Lpolyglot/frontend/goals/Goal; >"
"< Application, Lpolyglot/ext/param/types/Subst_c, <clinit>()V >"
"< Application, Lpolyglot/types/ClassType, <clinit>()V >"
"< Application, Lpolyglot/util/Base64, decodeToObject(Ljava/lang/String;ILjava/lang/ClassLoader;)Ljava/lang/Object; >"
"< Application, Lpolyglot/ext/jl5/translate/JL5FieldDeclToExt_c, <clinit>()V >"
"< Application, Lpolyglot/frontend/goals/SupertypesDisambiguated, create(Lpolyglot/frontend/Scheduler;Lpolyglot/frontend/Job;Lpolyglot/types/TypeSystem;Lpolyglot/ast/NodeFactory;)Lpolyglot/frontend/goals/Goal; >"
"< Application, Ljava_cup/production, <clinit>()V >"
"< Application, Lpolyglot/ext/jl5/ast/ExtendedFor_c, <clinit>()V >"
"< Application, Ljava_cup/non_terminal, clear()V >"
"< Application, Ljava_cup/emit, do_newline(Ljava/io/PrintWriter;II)I >"
"< Application, Lpolyglot/util/ErrorInfo, <clinit>()V >"
"< Application, Ljflex/Skeleton, replace(Ljava/lang/String;Ljava/lang/String;Ljava/lang/String;)Ljava/lang/String; >"
"< Application, Lpolyglot/types/ClassType_c, <clinit>()V >"
"< Application, Lpolyglot/translate/ext/CatchToExt_c, <clinit>()V >"
"< Application, Lpolyglot/ast/Binary$Operator, <clinit>()V >"
"< Application, Lppg/lex/Lexer, zzUnpackAction(Ljava/lang/String;I[I)I >"
"< Application, Lpolyglot/visit/InitChecker$MinMaxInitCount, join(Lpolyglot/visit/InitChecker$MinMaxInitCount;Lpolyglot/visit/InitChecker$MinMaxInitCount;)Lpolyglot/visit/InitChecker$MinMaxInitCount; >"
"< Application, Lpolyglot/ext/jl5/parse/Lexer_c, zzUnpackCMap(Ljava/lang/String;)[C >"
"< Application, Lpolyglot/parse/Lexer_c, zzUnpackRowMap(Ljava/lang/String;I[I)I >"
"< Application, Ljflex/unicode/data/Unicode_2_0, <clinit>()V >"
"< Application, Lpolyglot/visit/InnerClassRemover, rewriteConstructorDeclForNewFields(Lpolyglot/ast/ConstructorDecl;Ljava/util/List;Lpolyglot/types/TypeSystem;Lpolyglot/ast/NodeFactory;)Lpolyglot/ast/ConstructorDecl; >"
"< Application, Lpolyglot/translate/ext/BinaryToExt_c, <clinit>()V >"
"< Application, Ljflex/Main, parseOptions([Ljava/lang/String;)Ljava/util/List; >"
"< Application, Ljflex/Out, warning(Ljava/io/File;Ljflex/ErrorMessages;II)V >"
"< Application, Lpolyglot/main/Report, should_report(Ljava/lang/String;I)Z >"
"< Application, Lpolyglot/visit/InitChecker$InitCount, max(Lpolyglot/visit/InitChecker$InitCount;Lpolyglot/visit/InitChecker$InitCount;)Lpolyglot/visit/InitChecker$InitCount; >"
"< Application, Lpolyglot/ext/jl5/translate/JL5FieldDeclToJL_c, <clinit>()V >"
"< Application, Ljava_cup/lalr_state, <clinit>()V >"
"< Application, Lpolyglot/translate/ext/BranchToExt_c, <clinit>()V >"
"< Application, Lpolyglot/util/Base64, getDecodabet(I)[B >"
"< Application, Ljava_cup/Main, dump_grammar()V >"
"< Application, Lpolyglot/ast/AmbExpr_c, <clinit>()V >"
"< Application, Lpolyglot/util/OptimalCodeWriter, <clinit>()V >"
"< Application, Lpolyglot/util/Base64, access$300([B[BII)[B >"
"< Application, Lpolyglot/visit/CFGBuilder, tryFinally(Lpolyglot/visit/CFGBuilder;Lpolyglot/visit/FlowGraph$Peer;ZLpolyglot/visit/FlowGraph$EdgeKey;Lpolyglot/ast/Block;)Lpolyglot/visit/FlowGraph$Peer; >"
"< Application, Lpolyglot/util/CollectionUtil, list(Ljava/lang/Object;Ljava/lang/Object;Ljava/lang/Object;Ljava/lang/Object;)Ljava/util/List; >"
"< Application, Lpolyglot/ext/jl5/types/TypeVariable_c, <clinit>()V >"
"< Application, Lpolyglot/ext/jl5/translate/ExtendedForToExt_c, <clinit>()V >"
"< Application, Lpolyglot/ast/JLang_c, <clinit>()V >"
"< Application, Lpolyglot/frontend/goals/ReachabilityChecked, create(Lpolyglot/frontend/Scheduler;Lpolyglot/frontend/Job;Lpolyglot/types/TypeSystem;Lpolyglot/ast/NodeFactory;)Lpolyglot/frontend/goals/Goal; >"
"< Application, Ljflex/Out, time(Ljflex/ErrorMessages;Ljflex/Timer;)V >"
"< Application, Lpolyglot/frontend/goals/SignaturesResolved, create(Lpolyglot/frontend/Scheduler;Lpolyglot/types/ParsedClassType;)Lpolyglot/frontend/goals/Goal; >"
"< Application, Lpolyglot/ext/jl5/types/JL5ArrayType_c, <clinit>()V >"
"< Application, Ljflex/unicode/UnicodeProperties, <clinit>()V >"
"< Application, Lpolyglot/main/Report, report(ILjava/lang/String;)V >"
"< Application, Lpolyglot/ext/jl5/visit/RemoveEnums, prettyPrintConstructorDeclAsEnumConstructorDecl(Lpolyglot/ast/ConstructorDecl;Lpolyglot/util/CodeWriter;Lpolyglot/visit/PrettyPrinter;)V >"
"< Application, Lpolyglot/ast/Synchronized_c, <clinit>()V >"
"< Application, Lpolyglot/util/CollectionUtil, add(Ljava/util/List;Ljava/lang/Object;)Ljava/util/List; >"
"< Application, Lpolyglot/filemanager/ExtFileManager, <clinit>()V >"
"< Application, Lpolyglot/frontend/ParserlessJLExtensionInfo, <clinit>()V >"
"< Application, Lpolyglot/util/Base64, encode3to4([BII[BII)[B >"
"< Application, Ljflex/unicode/data/Unicode_1_1, <clinit>()V >"
"< Application, Lpolyglot/qq/Lexer_c, zzUnpackTrans()[I >"
"< Application, Lpolyglot/frontend/goals/Serialized, create(Lpolyglot/frontend/Scheduler;Lpolyglot/frontend/Job;)Lpolyglot/frontend/goals/Goal; >"
"< Application, Lpolyglot/qq/Lexer_c, zzUnpackAction()[I >"
"< Application, Lpolyglot/util/NilMap, <clinit>()V >"
"< Application, Lpolyglot/ast/Import$Kind, <clinit>()V >"
"< Application, Lpolyglot/ast/LocalAssign_c, <clinit>()V >"
"< Application, Ljava_cup/parse_action_row, clear()V >"
"< Application, Lpolyglot/ext/jl7/types/DiamondType_c, <clinit>()V >"
"< Application, Lpolyglot/translate/ext/LocalAssignToExt_c, <clinit>()V >"
"< Application, Lpolyglot/ast/ArrayAccess_c, <clinit>()V >"
"< Application, Lpolyglot/ast/Assign$Operator, <clinit>()V >"
"< Application, Lpolyglot/translate/ext/PackageNodeToExt_c, <clinit>()V >"
"< Application, Lpolyglot/ext/jl5/AnnotationsResolved, create(Lpolyglot/frontend/Scheduler;Lpolyglot/frontend/Job;)Lpolyglot/frontend/goals/Goal; >"
"< Application, Ljflex/Out, getLine(Ljava/io/File;I)Ljava/lang/String; >"
"< Application, Lpolyglot/ast/FieldAssign_c, <clinit>()V >"
"< Application, Lpolyglot/util/Item, getMinIndent(Lpolyglot/util/Item;Lpolyglot/util/MaxLevels;)I >"
"< Application, Lpolyglot/visit/AmbiguityRemover, astAmbiguityCount(Lpolyglot/ast/JLang;Lpolyglot/ast/Node;)I >"
"< Application, Lpolyglot/ext/jl7/ast/JL7ThrowExt, <clinit>()V >"
"< Application, Lpolyglot/util/SerialVersionUID, <clinit>()V >"
"< Application, Lpolyglot/ast/Binary_c, <clinit>()V >"
"< Application, Lpolyglot/translate/ext/LocalClassDeclToExt_c, <clinit>()V >"
"< Application, Lpolyglot/main/OptFlag$Kind, <clinit>()V >"
"< Application, Lpolyglot/util/ListUtil, copy(Ljava/util/List;Z)Ljava/util/List; >"
"< Application, Ljflex/RegExp, revString(Ljava/lang/String;)Ljava/lang/String; >"
"< Application, Lpolyglot/visit/DefiniteAssignmentChecker, <clinit>()V >"
"< Application, Lpolyglot/qq/Lexer_c, zzUnpackRowMap()[I >"
"< Application, Lpolyglot/visit/CFGBuilder, <clinit>()V >"
"< Application, Lpolyglot/visit/CopyPropagator$DataFlowItem, die()V >"
"< Application, Lpolyglot/visit/DataFlow, constructItemsFromCondition(Lpolyglot/ast/Expr;Lpolyglot/visit/DataFlow$Item;Ljava/util/Set;Lpolyglot/visit/DataFlow$ConditionNavigator;)Ljava/util/Map; >"
"< Application, Ljflex/gui/GeneratorThread, <clinit>()V >"
"< Application, Lpolyglot/ast/Cast_c, <clinit>()V >"
"< Application, Lpolyglot/frontend/goals/TypeExists, create(Lpolyglot/frontend/Scheduler;Ljava/lang/String;)Lpolyglot/frontend/goals/Goal; >"
"< Application, Ljava_cup/emit, do_action_table(Ljava/io/PrintWriter;Ljava_cup/parse_action_table;ZI)V >"
"< Application, Ljflex/unicode/data/Unicode_5_1, <clinit>()V >"
"< Application, Lpolyglot/main/Options, <clinit>()V >"
"< Application, Lpolyglot/ast/AmbTypeNode_c, <clinit>()V >"
"< Application, Lpolyglot/translate/ext/ClassBodyToExt_c, <clinit>()V >"
"< Application, Ljflex/LexScan, concExc(Ljava/lang/Object;Ljava/lang/Object;)Ljava/lang/String; >"
"< Application, Lpolyglot/ext/jl5/types/JL5Flags, clearAnnotation(Lpolyglot/types/Flags;)Lpolyglot/types/Flags; >"
"< Application, Lpolyglot/ext/jl5/ast/JL5AnnotatedElementExt, <clinit>()V >"
"< Application, Lppg/lex/LexTest, main([Ljava/lang/String;)V >"
"< Application, Lpolyglot/ast/Term_c, <clinit>()V >"
"< Application, Lpolyglot/ast/Loop_c, <clinit>()V >"
"< Application, Lpolyglot/types/SemanticException, <clinit>()V >"
"< Application, Lpolyglot/visit/DefiniteAssignmentChecker$AssignmentStatus, <clinit>()V >"
"< Application, Lpolyglot/ext/jl5/parse/Lexer_c, zzUnpackRowMap()[I >"
"< Application, Lpolyglot/ast/SourceCollection_c, <clinit>()V >"
"< Application, Lpolyglot/ext/jl5/ast/AmbWildCard, <clinit>()V >"
"< Application, Lpolyglot/ast/ClassLit_c, <clinit>()V >"
"< Application, Lpolyglot/ext/jl5/ast/ElementValueArrayInit_c, typeOf(Lpolyglot/ast/Term;)Lpolyglot/types/Type; >"
"< Application, Lpolyglot/util/Overrun, <clinit>()V >"
"< Application, Ljflex/Main, printUnicodePropertyValuesAndAliases(Ljava/lang/String;)V >"
"< Application, Lppg/util/Item, format(Lppg/util/Item;IIIIZZ)I >"
"< Application, Lpolyglot/types/Package_c, <clinit>()V >"
"< Application, Lpolyglot/ext/jl5/ast/ElementValueArrayInit_c, <clinit>()V >"
"< Application, Lpolyglot/util/SerialVersionUID, generate()J >"
"< Application, Ljflex/gui/OptionsDialog, access$000(Ljflex/gui/OptionsDialog;)V >"
"< Application, Ljava_cup/Main, timestr(JJ)Ljava/lang/String; >"
"< Application, Lpolyglot/filemanager/ExtFileManager, getBytes(Ljavax/tools/FileObject;)[B >"
"< Application, Lpolyglot/parse/Lexer_c, zzUnpackTrans()[I >"
"< Application, Ljava_cup/emit, lr_values()Z >"
"< Application, Ljava_cup/Main, show_times()V >"
"< Application, Ljflex/gui/OptionsDialog, access$200(Ljflex/gui/OptionsDialog;)V >"
"< Application, Lpolyglot/main/Report, setQueue(Lpolyglot/util/ErrorQueue;)V >"
"< Application, Ljava_cup/parse_action_row, <clinit>()V >"
"< Application, Lpolyglot/translate/ext/NewToExt_c, <clinit>()V >"
"< Application, Lpolyglot/ext/jl5/ast/JL5AssertExt, <clinit>()V >"
"< Application, Lpolyglot/ast/Local_c, <clinit>()V >"
"< Application, Ljflex/Out, requestBugReport(Ljava/lang/Error;)V >"
"< Application, Ljflex/Out, print(Ljava/lang/String;)V >"
"< Application, Lpolyglot/ext/jl5/types/JL5PrimitiveType_c, <clinit>()V >"
"< Application, Lpolyglot/util/Base64, encode(Ljava/nio/ByteBuffer;Ljava/nio/CharBuffer;)V >"
"< Application, Lpolyglot/ext/jl5/ast/JL5ProcedureCallExt, <clinit>()V >"
"< Application, Lpolyglot/ext/jl5/translate/JL5TypeNodeToExt_c, <clinit>()V >"
"< Application, Ljflex/unicode/data/Unicode_3_0, <clinit>()V >"
"< Application, Lpolyglot/ext/jl7/ast/JL7SwitchExt, <clinit>()V >"
"< Application, Ljava_cup/emit, emit_production_block(Ljava/io/PrintWriter;Ljava_cup/production;Ljava_cup/production;)V >"
"< Application, Ljflex/SemCheck, check(Ljflex/RegExps;Ljflex/Macros;Ljava/io/File;)V >"
"< Application, Lpolyglot/util/Base64, access$200([BI[BII)I >"
"< Application, Lpolyglot/util/Assert, check(Ljava/lang/String;Z)V >"
"< Application, Ljflex/LexScan, zzUnpackAttribute()[I >"
"< Application, Lpolyglot/ext/jl5/ast/JL5Import, <clinit>()V >"
"< Application, Lpolyglot/util/Base64, encodeBytes([BIII)Ljava/lang/String; >"
"< Application, Ljava_cup/terminal, number()I >"
"< Application, Lpolyglot/visit/InnerClassRemover, <clinit>()V >"
"< Application, Lpolyglot/frontend/MissingDependencyException, <clinit>()V >"
"< Application, Lpolyglot/qq/Lexer_c, zzUnpackAttribute(Ljava/lang/String;I[I)I >"
"< Application, Lpolyglot/types/ParsedClassType_c, <clinit>()V >"
"< Application, Lpolyglot/util/StringUtil, unicodeEscape(C)Ljava/lang/String; >"
"< Application, Lpolyglot/util/Enum, <clinit>()V >"
"< Application, Ljava_cup/parse_reduce_row, <clinit>()V >"
"< Application, Lpolyglot/ast/Catch_c, <clinit>()V >"
"< Application, Lpolyglot/ast/NumLit_c, <clinit>()V >"
"< Application, Lpolyglot/ext/jl5/translate/JL5ConstructorDeclToJL_c, <clinit>()V >"
"< Application, Lpolyglot/translate/ext/FieldAssignToExt_c, <clinit>()V >"
"< Application, Lpolyglot/translate/ext/LocalToExt_c, <clinit>()V >"
"< Application, Lpolyglot/ext/jl5/types/JL5Context_c, <clinit>()V >"
"< Application, Lpolyglot/ext/jl5/translate/JL5LocalDeclToExt_c, <clinit>()V >"
"< Application, Lpolyglot/types/BadSerializationException, <clinit>()V >"
"< Application, Lpolyglot/main/Report, popTopic()V >"
"< Application, Lpolyglot/ext/jl5/types/JL5TypeSystem_c, areProvablyDistinct(Lpolyglot/ext/jl5/types/JL5SubstClassType;Lpolyglot/ext/jl5/types/JL5SubstClassType;)Z >"
"< Application, Lpolyglot/util/Base64, encodeObject(Ljava/io/Serializable;I)Ljava/lang/String; >"
"< Application, Lpolyglot/ast/AbstractBlock_c, <clinit>()V >"
"< Application, Ljflex/Options, setDir(Ljava/io/File;)V >"
"< Application, Lpolyglot/qq/Grm, <clinit>()V >"
"< Application, Lpolyglot/ext/jl5/types/JL5Flags, setAnnotation(Lpolyglot/types/Flags;)Lpolyglot/types/Flags; >"
"< Application, Lpolyglot/ext/jl5/types/JL5Flags, setVarArgs(Lpolyglot/types/Flags;)Lpolyglot/types/Flags; >"
"< Application, Lpolyglot/ast/Id_c, <clinit>()V >"
"< Application, Lpolyglot/ext/jl5/ast/JL5CallExt, <clinit>()V >"
"< Application, Lpolyglot/filemanager/ExtFileManager, loadZip(Ljava/io/File;)Ljava/util/zip/ZipFile; >"
"< Application, Lpolyglot/ext/jl5/ast/JL5CanonicalTypeNodeExt, <clinit>()V >"
"< Application, Lpolyglot/util/CollectionUtil, equals(Ljava/util/Collection;Ljava/util/Collection;)Z >"
"< Application, Lpolyglot/translate/ext/ArrayAccessAssignToExt_c, <clinit>()V >"
"< Application, Lpolyglot/ext/param/ExtensionInfo, <clinit>()V >"
"< Application, Lpolyglot/translate/ext/FormalToExt_c, <clinit>()V >"
"< Application, Lpolyglot/ast/CharLit_c, <clinit>()V >"
"< Application, Ljava_cup/Lexer, zzUnpackTrans(Ljava/lang/String;I[I)I >"
"< Application, Lpolyglot/ext/jl5/types/inference/LubType_c, <clinit>()V >"
"< Application, Lpolyglot/util/ErrorLimitError, <clinit>()V >"
"< Application, Ljflex/Out, dump(Ljava/lang/String;)V >"
"< Application, Ljflex/gui/OptionsDialog, access$700(Ljflex/gui/OptionsDialog;)Ljava/awt/Checkbox; >"
"< Application, Ljava_cup/Main, dump_tables()V >"
"< Application, Lpolyglot/ast/ArrayAccessAssign_c, <clinit>()V >"
"< Application, Lpolyglot/qq/QQError, <clinit>()V >"
"< Application, Ljflex/gui/MainFrame, access$000(Ljflex/gui/MainFrame;)V >"
"< Application, Lpolyglot/ext/jl5/types/EnumInstance_c, <clinit>()V >"
"< Application, Lpolyglot/ext/jl5/types/JL5RawSubst_c, <clinit>()V >"
"< Application, Lpolyglot/ext/jl5/ast/JL5ConstructorCallExt, <clinit>()V >"
"< Application, Ljflex/Options, setSkeleton(Ljava/io/File;)V >"
"< Application, Lpolyglot/parse/Lexer_c, <clinit>()V >"
"< Application, Lpolyglot/ext/jl5/ast/JL5FieldDeclExt, <clinit>()V >"
"< Application, Ljflex/unicode/data/Unicode_6_3, <clinit>()V >"
"< Application, Lpolyglot/ext/jl7/ast/AmbDiamondTypeNode, <clinit>()V >"
"< Application, Lpolyglot/ext/jl5/translate/EnumConstantToJL_c, <clinit>()V >"
"< Application, Lpolyglot/ast/IntLit, <clinit>()V >"
"< Application, Lpolyglot/types/SourceLoadException, <clinit>()V >"
"< Application, Lpolyglot/translate/ext/WhileToExt_c, <clinit>()V >"
"< Application, Lpolyglot/types/ImportTable, <clinit>()V >"
"< Application, Lpolyglot/ext/jl5/visit/RemoveEnums, prettyPrintClassDeclAsEnum(Lpolyglot/ast/ClassDecl;Lpolyglot/util/CodeWriter;Lpolyglot/visit/PrettyPrinter;)V >"
"< Application, Lpolyglot/util/Base64, access$000(I)[B >"
"< Application, Ljava_cup/non_terminal, number()I >"
"< Application, Lppg/parse/Parser, getFilename()Ljava/lang/String; >"
"< Application, Lpolyglot/ast/Expr_c, <clinit>()V >"
"< Application, Ljava_cup/emit, set_lr_values(Z)V >"
"< Application, Lpolyglot/util/NestedMap, access$400(Lpolyglot/util/NestedMap;)Lpolyglot/util/Predicate; >"
"< Application, Lpolyglot/ext/jl5/ast/JL5BinaryExt, <clinit>()V >"
"< Application, Lpolyglot/util/Base64, encode3to4([B[BII)[B >"
"< Application, Lpolyglot/translate/ext/LabeledToExt_c, <clinit>()V >"
"< Application, Lpolyglot/ast/Special, <clinit>()V >"
"< Application, Lpolyglot/translate/ext/CastToExt_c, <clinit>()V >"
"< Application, Lpolyglot/ext/jl7/ast/JL7Ext, ext(Lpolyglot/ast/Node;)Lpolyglot/ext/jl7/ast/JL7Ext; >"
"< Application, Ljflex/Out, time(Ljava/lang/String;)V >"
"< Application, Lpolyglot/ast/Formal_c, <clinit>()V >"
"< Application, Lpolyglot/util/CollectionUtil, list()Ljava/util/List; >"
"< Application, Lpolyglot/translate/ext/EmptyToExt_c, <clinit>()V >"
"< Application, Lpolyglot/ast/BooleanLit_c, <clinit>()V >"
"< Application, Lpolyglot/ext/jl5/parse/Lexer_c, zzUnpackAction(Ljava/lang/String;I[I)I >"
"< Application, Lpolyglot/ext/jl5/types/JL5SubstClassType_c, <clinit>()V >"
"< Application, Lpolyglot/parse/Lexer_c, zzUnpackAttribute()[I >"
"< Application, Lpolyglot/frontend/Scheduler, <clinit>()V >"
"< Application, Lpolyglot/translate/ext/SwitchToExt_c, <clinit>()V >"
"< Application, Lppg/lex/Lexer, zzUnpackRowMap()[I >"
"< Application, Lpolyglot/ast/MethodDecl_c, <clinit>()V >"
"< Application, Lpolyglot/translate/ext/CaseToExt_c, <clinit>()V >"
"< Application, Lpolyglot/qq/Lexer_c, <clinit>()V >"
"< Application, Lpolyglot/ext/jl5/types/JL5Flags, clearVarArgs(Lpolyglot/types/Flags;)Lpolyglot/types/Flags; >"
"< Application, Lpolyglot/frontend/goals/ExceptionsChecked, create(Lpolyglot/frontend/Scheduler;Lpolyglot/frontend/Job;Lpolyglot/types/TypeSystem;Lpolyglot/ast/NodeFactory;)Lpolyglot/frontend/goals/Goal; >"
"< Application, Lpolyglot/main/Main, main([Ljava/lang/String;)V >"
"< Application, Ljava_cup/non_terminal, find(I)Ljava_cup/non_terminal; >"
"< Application, Lpolyglot/ast/Stmt_c, <clinit>()V >"
"< Application, Lpolyglot/ast/PackageNode_c, <clinit>()V >"
"< Application, Lpolyglot/types/CachingResolver, <clinit>()V >"
"< Application, Ljava_cup/lalr_state, dump_state(Ljava_cup/lalr_state;)V >"
"< Application, Lppg/lex/Lexer, zzUnpackTrans()[I >"
"< Application, Lpolyglot/ast/If_c, <clinit>()V >"
"< Application, Lpolyglot/types/PrimitiveType, <clinit>()V >"
"< Application, Ljava_cup/internal_error, <clinit>()V >"
"< Application, Lpolyglot/visit/DefiniteAssignmentChecker$AssignmentStatus, join(Lpolyglot/visit/DefiniteAssignmentChecker$AssignmentStatus;Lpolyglot/visit/DefiniteAssignmentChecker$AssignmentStatus;)Lpolyglot/visit/DefiniteAssignmentChecker$AssignmentStatus; >"
"< Application, Lpolyglot/util/Position, compilerGenerated()Lpolyglot/util/Position; >"
"< Application, Ljflex/Interval, isPrintable(C)Z >"
"< Application, Ljava_cup/emit, emit_do_action_call(Ljava/io/PrintWriter;I)V >"
"< Application, Lpolyglot/ext/jl5/types/JL5ImportTable, isStatic(Lpolyglot/types/MemberInstance;)Z >"
"< Application, Lpolyglot/ext/jl5/JL5Scheduler$JL5CodeGenerated, create(Lpolyglot/frontend/Scheduler;Lpolyglot/frontend/Job;)Lpolyglot/frontend/goals/Goal; >"
"< Application, Lpolyglot/ext/jl5/types/AnnotationElementValueConstant_c, <clinit>()V >"
"< Application, Lpolyglot/ast/AmbAssign_c, <clinit>()V >"
"< Application, Lpolyglot/ext/jl5/types/JL5Flags, isAnnotation(Lpolyglot/types/Flags;)Z >"
"< Application, Ljava_cup/Main, close_files()V >"
"< Application, Lpolyglot/main/UsageError, <clinit>()V >"
"< Application, Lpolyglot/ext/param/Topics, <clinit>()V >"
"< Application, Lpolyglot/visit/DefiniteAssignmentChecker, remap(Ljava/util/Map;Lpolyglot/visit/FlowGraph$EdgeKey;Lpolyglot/visit/DefiniteAssignmentChecker$AssignmentStatus;)Ljava/util/Map; >"
"< Application, Lpolyglot/types/VarInstance_c, <clinit>()V >"
"< Application, Ljflex/LexScan, conc(Ljava/lang/Object;Ljava/lang/Object;)Ljava/lang/String; >"
"< Application, Lpolyglot/ast/Unary, <clinit>()V >"
"< Application, Lpolyglot/ast/Assert_c, <clinit>()V >"
"< Application, Ljflex/Skeleton, readDefault()V >"
"< Application, Ljflex/Out, error(Ljava/io/File;Ljflex/ErrorMessages;II)V >"
"< Application, Ljava_cup/non_terminal, compute_first_sets()V >"
"< Application, Lpolyglot/ast/ClassBody_c, <clinit>()V >"
"< Application, Lpolyglot/util/UniqueID, newID(Ljava/lang/String;)Ljava/lang/String; >"
"< Application, Lpolyglot/util/NestedMap, access$300(Lpolyglot/util/NestedMap;)Lpolyglot/util/Predicate; >"
"< Application, Ljflex/LexScan, <clinit>()V >"
"< Application, Ljava_cup/Main, dump_machine()V >"
"< Application, Lpolyglot/visit/LocalClassRemover, hashGet(Ljava/util/Map;Ljava/lang/Object;Ljava/lang/Object;)Ljava/lang/Object; >"
"< Application, Lpolyglot/ext/jl7/parse/Lexer_c, zzUnpackTrans()[I >"
"< Application, Lpolyglot/frontend/SchedulerException, <clinit>()V >"
"< Application, Lpolyglot/util/Item, containsBreaks(Lpolyglot/util/Item;Lpolyglot/util/MaxLevels;)Z >"
"< Application, Lpolyglot/main/UnhandledArgument, <clinit>()V >"
"< Application, Lpolyglot/ext/jl5/ast/JL5TermExt, <clinit>()V >"
"< Application, Ljava_cup/production, find(I)Ljava_cup/production; >"
"< Application, Lpolyglot/ext/jl5/translate/JL5ConstructorCallToExt_c, <clinit>()V >"
"< Application, Ljava_cup/Main, <clinit>()V >"
"< Application, Lpolyglot/ast/Import, <clinit>()V >"
"< Application, Lpolyglot/translate/ext/ClassDeclToExt_c, <clinit>()V >"
"< Application, Ljflex/Skeleton, makePrivate()V >"
"< Application, Ljava_cup/emit, set_locations(Z)V >"
"< Application, Lpolyglot/types/Flags, createFlag(Ljava/lang/String;Lpolyglot/types/Flags;)Lpolyglot/types/Flags; >"
"< Application, Lpolyglot/ast/FloatLit$Kind, <clinit>()V >"
"< Application, Ljava_cup/Main, emit_parser()V >"
"< Application, Lpolyglot/types/MemberClassResolver, <clinit>()V >"
"< Application, Lpolyglot/frontend/Compiler, createCodeWriter(Ljava/io/OutputStream;)Lpolyglot/util/CodeWriter; >"
"< Application, Lpolyglot/util/CollectionUtil, list(Ljava/lang/Object;Ljava/lang/Object;Ljava/lang/Object;)Ljava/util/List; >"
"< Application, Lppg/parse/Parser, getProgramNode()Ljava/lang/Object; >"
"< Application, Lpolyglot/main/Report, should_report(Ljava/util/Collection;I)Z >"
"< Application, Lpolyglot/ext/jl5/types/TypeVariable$TVarDecl, <clinit>()V >"
"< Application, Lppg/lex/Lexer, zzUnpackAction()[I >"
"< Application, Lpolyglot/ext/jl7/ast/AmbUnionType, <clinit>()V >"
"< Application, Lpolyglot/ext/jl5/parse/Lexer_c, <clinit>()V >"
"< Application, Lpolyglot/types/LoadedClassResolver, <clinit>()V >"
"< Application, Lppg/util/Overrun, <clinit>()V >"
"< Application, Ljflex/SemCheck, maybeEmtpy(Ljflex/RegExp;)Z >"
"< Application, Lppg/lex/Lexer, zzUnpackAttribute()[I >"
"< Application, Lpolyglot/ext/jl5/ast/JL5ConstructorDeclExt, <clinit>()V >"
"< Application, Ljflex/ErrorMessages, get(Ljflex/ErrorMessages;Ljava/lang/String;)Ljava/lang/String; >"
"< Application, Lpolyglot/ast/Case_c, <clinit>()V >"
"< Application, Lpolyglot/ext/jl7/ast/JL7Ext, <clinit>()V >"
"< Application, Lpolyglot/frontend/goals/Disambiguated, create(Lpolyglot/frontend/Scheduler;Lpolyglot/frontend/Job;Lpolyglot/types/TypeSystem;Lpolyglot/ast/NodeFactory;)Lpolyglot/frontend/goals/Goal; >"
"< Application, Lpolyglot/frontend/Job, <clinit>()V >"
"< Application, Lpolyglot/ext/jl5/ast/JL5ImportExt, <clinit>()V >"
"< Application, Lpolyglot/ast/StringLit_c, <clinit>()V >"
"< Application, Ljava_cup/Lexer, zzUnpackAction(Ljava/lang/String;I[I)I >"
"< Application, Ljflex/ErrorMessages, <clinit>()V >"
"< Application, Lpolyglot/frontend/goals/MembersAdded, create(Lpolyglot/frontend/Scheduler;Lpolyglot/types/ParsedClassType;)Lpolyglot/frontend/goals/Goal; >"
"< Application, Lpolyglot/util/InternalCompilerError, <clinit>()V >"
"< Application, Lpolyglot/util/Base64, decode([BIII)[B >"
"< Application, Ljflex/LexScan, zzUnpackRowMap()[I >"
"< Application, Ljflex/gui/MainFrame, access$100(Ljflex/gui/MainFrame;)V >"
"< Application, Lpolyglot/ast/ConstructorDecl_c, <clinit>()V >"
"< Application, Ljflex/Emitter, getBaseName(Ljava/lang/String;)Ljava/lang/String; >"
"< Application, Lpolyglot/ast/Term$Instance, <clinit>()V >"
"< Application, Lpolyglot/ast/Block_c, <clinit>()V >"
"< Application, Lpolyglot/translate/ext/ReturnToExt_c, <clinit>()V >"
"< Application, Ljava_cup/runtime/ComplexSymbolFactory$Location, access$000(Ljava_cup/runtime/ComplexSymbolFactory$Location;)I >"
"< Application, Lpolyglot/qq/Lexer_c, zzUnpackAction(Ljava/lang/String;I[I)I >"
"< Application, Lpolyglot/ext/jl5/types/reflect/JL5Signature, parsedClassTypeForClass(Lpolyglot/types/ClassType;)Lpolyglot/ext/jl5/types/JL5ParsedClassType; >"
"< Application, Lpolyglot/visit/ReachChecker$DataFlowItem, <clinit>()V >"
"< Application, Lpolyglot/util/Base64, encodeToFile([BLjava/lang/String;)V >"
"< Application, Ljflex/LexParse, <clinit>()V >"
"< Application, Lpolyglot/types/NullType_c, <clinit>()V >"
"< Application, Lpolyglot/ext/jl7/parse/Lexer_c, zzUnpackAction(Ljava/lang/String;I[I)I >"
"< Application, Ljava_cup/emit, emit_dispatch_switch(Ljava/io/PrintWriter;IILjava_cup/production;)V >"
"< Application, Lpolyglot/visit/CopyPropagator, killDecl(Lpolyglot/visit/CopyPropagator$DataFlowItem;Lpolyglot/ast/Stmt;)V >"
"< Application, Lpolyglot/ast/Lit_c, <clinit>()V >"
"< Application, Lpolyglot/frontend/goals/ConstantsChecked, create(Lpolyglot/frontend/Scheduler;Lpolyglot/frontend/Job;Lpolyglot/types/TypeSystem;Lpolyglot/ast/NodeFactory;)Lpolyglot/frontend/goals/Goal; >"
"< Application, Lpolyglot/ast/Switch_c, <clinit>()V >"
"< Application, Lpolyglot/lex/Token, escape(Ljava/lang/String;)Ljava/lang/String; >"
"< Application, Lpolyglot/util/Base64, decodeToObject(Ljava/lang/String;)Ljava/lang/Object; >"
"< Application, Lpolyglot/ext/jl7/ast/JL7NewExt, <clinit>()V >"
"< Application, Lpolyglot/util/Position, compilerGenerated(I)Lpolyglot/util/Position; >"
"< Application, Ljflex/StateSet, <clinit>()V >"
"< Application, Lpolyglot/frontend/Compiler, createCodeWriter(Ljava/io/OutputStream;I)Lpolyglot/util/CodeWriter; >"
"< Application, Lpolyglot/util/CollectionUtil, list(Ljava/lang/Object;)Ljava/util/List; >"
"< Application, Lpolyglot/ast/Initializer_c, <clinit>()V >"
"< Application, Lppg/lex/Lexer, zzUnpackRowMap(Ljava/lang/String;I[I)I >"
"< Application, Lpolyglot/parse/Lexer_c, zzUnpackCMap(Ljava/lang/String;)[C >"
"< Application, Ljflex/gui/MainFrame, access$200(Ljflex/gui/MainFrame;)V >"
"< Application, Lpolyglot/ext/jl5/types/JL5FieldInstance_c, <clinit>()V >"
"< Application, Lpolyglot/util/Base64, encodeFileToFile(Ljava/lang/String;Ljava/lang/String;)V >"
"< Application, Ljflex/LexScan, zzUnpackCMap(Ljava/lang/String;)[C >"
"< Application, Lpolyglot/main/OptFlag, printSpaces(Ljava/io/PrintStream;I)V >"
"< Application, Lpolyglot/ast/NullLit_c, <clinit>()V >"
"< Application, Ljava_cup/Lexer, zzUnpackAttribute(Ljava/lang/String;I[I)I >"
"< Application, Ljflex/Out, warning(Ljflex/ErrorMessages;I)V >"
"< Application, Lpolyglot/ext/jl5/translate/JL5TypeNodeToJL_c, <clinit>()V >"
"< Application, Lpolyglot/ext/jl5/ast/JL5AssignExt, <clinit>()V >"
"< Application, Ljava_cup/parse_reduce_row, size()I >"
"< Application, Ljflex/Main, main([Ljava/lang/String;)V >"
"< Application, Lpolyglot/ast/Special_c, <clinit>()V >"
"< Application, Lpolyglot/main/OptFlag, lookupAll(Ljava/lang/String;Ljava/util/List;)Ljava/util/List; >"
"< Application, Lpolyglot/ext/jl5/ast/JL5Ext, <clinit>()V >"
"< Application, Lpolyglot/frontend/goals/TypesInitialized, create(Lpolyglot/frontend/Scheduler;Lpolyglot/frontend/Job;Lpolyglot/types/TypeSystem;Lpolyglot/ast/NodeFactory;)Lpolyglot/frontend/goals/Goal; >"
"< Application, Lpolyglot/ast/Assign_c, <clinit>()V >"
"< Application, Ljava_cup/Lexer, zzUnpackTrans()[I >"
"< Application, Lpolyglot/visit/FlattenVisitor, <clinit>()V >"
"< Application, Ljflex/unicode/data/Unicode_4_0, <clinit>()V >"
"< Application, Lpolyglot/util/typedump/TypeDumper, load(Ljava/lang/String;Lpolyglot/types/TypeSystem;Lpolyglot/main/Version;)Lpolyglot/util/typedump/TypeDumper; >"
"< Application, Lpolyglot/main/Main, loadExtension(Ljava/lang/String;)Lpolyglot/frontend/ExtensionInfo; >"
"< Application, Ljflex/Out, resetCounters()V >"
"< Application, Ljflex/gui/MainFrame, access$400(Ljflex/gui/MainFrame;)V >"
"< Application, Ljava_cup/emit, emit_dispatch_search(Ljava/io/PrintWriter;I)V >"
"< Application, Ljava_cup/parse_action_row, size()I >"
"< Application, Ljava_cup/lalr_state, find_state(Ljava_cup/lalr_item_set;)Ljava_cup/lalr_state; >"
"< Application, Lpolyglot/ast/ClassDecl_c, <clinit>()V >"
"< Application, Lpolyglot/types/UnknownType_c, <clinit>()V >"
"< Application, Lpolyglot/main/Report, report(ILjava/lang/String;Lpolyglot/util/Position;)V >"
"< Application, Lpolyglot/ext/jl7/parse/Lexer_c, zzUnpackRowMap(Ljava/lang/String;I[I)I >"
"< Application, Lpolyglot/ext/jl5/types/JL5Flags, setEnum(Lpolyglot/types/Flags;)Lpolyglot/types/Flags; >"
"< Application, Lpolyglot/types/NoClassException, message(Ljava/lang/String;Lpolyglot/types/Named;)Ljava/lang/String; >"
"< Application, Ljflex/Emitter, endsWithJavadoc(Ljava/lang/StringBuilder;)Z >"
"< Application, Ljflex/ErrorMessages, get(Ljflex/ErrorMessages;I)Ljava/lang/String; >"
"< Application, Lpolyglot/types/Context_c, <clinit>()V >"
"< Application, Lpolyglot/parse/Lexer_c, zzUnpackAction(Ljava/lang/String;I[I)I >"
"< Application, Lpolyglot/types/LocalInstance_c, <clinit>()V >"
"< Application, Lpolyglot/frontend/goals/CodeGenerated, create(Lpolyglot/frontend/Scheduler;Lpolyglot/frontend/Job;)Lpolyglot/frontend/goals/Goal; >"
"< Application, Lpolyglot/types/ClassType$Kind, <clinit>()V >"
"< Application, Lpolyglot/ext/jl5/ast/JL5UnaryExt, <clinit>()V >"
"< Application, Ljava_cup/emit, emit_do_action_part_header(Ljava/io/PrintWriter;III)V >"
"< Application, Lpolyglot/types/TableResolver, <clinit>()V >"
"< Application, Lpolyglot/ast/Conditional_c, <clinit>()V >"
"< Application, Lpolyglot/frontend/Compiler, <clinit>()V >"
"< Application, Ljflex/LexScan, zzUnpackAction()[I >"
"< Application, Lpolyglot/ext/jl5/types/TypeVariable$TVarDecl, values()[Lpolyglot/ext/jl5/types/TypeVariable$TVarDecl; >"
"< Application, Lpolyglot/ast/Loop$Instance, <clinit>()V >"
"< Application, Lpolyglot/util/Position, compilerGenerated(Ljava/lang/String;)Lpolyglot/util/Position; >"
"< Application, Lpolyglot/ext/jl5/types/JL5Flags, clearEnum(Lpolyglot/types/Flags;)Lpolyglot/types/Flags; >"
"< Application, Lpolyglot/util/UniqueID, newIntID()I >"
"< Application, Lpolyglot/util/SerialVersionUID, getBytes(J)[B >"
"< Application, Lpolyglot/translate/ext/SourceFileToExt_c, <clinit>()V >"
"< Application, Lpolyglot/parse/Lexer_c, zzUnpackAction()[I >"
"< Application, Lpolyglot/ast/LocalAssign_c, assertLeftType(Lpolyglot/ast/Expr;)V >"
"< Application, Lpolyglot/ext/jl5/parse/Lexer_c, zzUnpackAttribute()[I >"
"< Application, Ljava_cup/emit, emit_production_table(Ljava/io/PrintWriter;)V >"
"< Application, Ljflex/Skeleton, readSkelFile(Ljava/io/File;)V >"
"< Application, Ljava_cup/emit, typeArgument()Ljava/lang/String; >"
"< Application, Ljava_cup/emit, emit_action_code(Ljava/io/PrintWriter;Ljava_cup/production;I)V >"
"< Application, Lpolyglot/util/CollectionUtil, list(Ljava/lang/Object;Ljava/lang/Object;)Ljava/util/List; >"
"< Application, Ljflex/gui/OptionsDialog, access$300(Ljflex/gui/OptionsDialog;)Ljava/awt/Checkbox; >"
"< Application, Lpolyglot/util/CollectionUtil, map(Ljava/util/List;Lpolyglot/util/Transformation;)Ljava/util/List; >"
"< Application, Lpolyglot/main/OptFlag$Kind, values()[Lpolyglot/main/OptFlag$Kind; >"
"< Application, Lppg/PPG, DEBUG(Ljava/lang/String;)V >"
"< Application, Lppg/lex/Token, <clinit>()V >"
"< Application, Lpolyglot/ext/jl5/ast/JL5NewArrayExt, <clinit>()V >"
"< Application, Lpolyglot/visit/InnerClassRemover, hashGet(Ljava/util/Map;Ljava/lang/Object;Ljava/lang/Object;)Ljava/lang/Object; >"
"< Application, Lpolyglot/ext/jl5/ast/JL5FieldExt, <clinit>()V >"
"< Application, Ljflex/unicode/data/Unicode_4_1, <clinit>()V >"
"< Application, Lpolyglot/frontend/goals/ImportTableInitialized, create(Lpolyglot/frontend/Scheduler;Lpolyglot/frontend/Job;Lpolyglot/types/TypeSystem;Lpolyglot/ast/NodeFactory;)Lpolyglot/frontend/goals/Goal; >"
"< Application, Lpolyglot/ast/Labeled_c, <clinit>()V >"
"< Application, Ljflex/Out, showPosition(Ljava/io/File;I)V >"
"< Application, Lpolyglot/util/Base64, getAlphabet(I)[B >"
"< Application, Ljflex/Out, setGUIMode(Ljava/awt/TextArea;)V >"
"< Application, Lpolyglot/util/typedump/TypeDumper, initializeType(Lpolyglot/types/TypeObject;)V >"
"< Application, Lpolyglot/translate/ext/LitToExt_c, <clinit>()V >"
"< Application, Lppg/lex/Lexer, zzUnpackAttribute(Ljava/lang/String;I[I)I >"
"< Application, Lpolyglot/ast/AbstractExtFactory_c, <clinit>()V >"
"< Application, Lpolyglot/ast/For_c, <clinit>()V >"
"< Application, Lppg/atoms/Production, <clinit>()V >"
"< Application, Lpolyglot/visit/FlattenVisitor, newID()Ljava/lang/String; >"
"< Application, Lpolyglot/ext/jl5/types/JL5ImportTable, <clinit>()V >"
"< Application, Lpolyglot/util/Base64, <clinit>()V >"
"< Application, Lpolyglot/ext/jl5/translate/EnumConstantToExt_c, <clinit>()V >"
"< Application, Lpolyglot/ext/jl5/CovarRetOutputExtensionInfo$CovarRetMethodInstance_c, <clinit>()V >"
"< Application, Lpolyglot/types/Flags$FlagComparator, <clinit>()V >"
"< Application, Lpolyglot/ast/Assign, <clinit>()V >"
"< Application, Ljava_cup/non_terminal, compute_nullability()V >"
"< Application, Ljflex/Out, checkErrors()V >"
"< Application, Lppg/parse/Parser, setProgramNode(Ljava/lang/Object;)V >"
"< Application, Lpolyglot/frontend/goals/InitializationsChecked, create(Lpolyglot/frontend/Scheduler;Lpolyglot/frontend/Job;Lpolyglot/types/TypeSystem;Lpolyglot/ast/NodeFactory;)Lpolyglot/frontend/goals/Goal; >"
"< Application, Ljflex/gui/MainFrame, access$702(Ljflex/gui/MainFrame;Ljava/lang/String;)Ljava/lang/String; >"
"< Application, Lpolyglot/ast/Import_c, <clinit>()V >"
"< Application, Ljava_cup/Lexer, zzUnpackAttribute()[I >"
"< Application, Lpolyglot/util/NestedMap, access$100(Lpolyglot/util/NestedMap;)Ljava/util/HashMap; >"
"< Application, Lppg/PPG, <clinit>()V >"
"< Application, Lpolyglot/main/Main, <clinit>()V >"
"< Application, Ljflex/ErrorMessages, get(Ljflex/ErrorMessages;Ljava/lang/String;Ljava/lang/String;)Ljava/lang/String; >"
"< Application, Lpolyglot/ext/jl7/parse/Lexer_c, zzUnpackCMap(Ljava/lang/String;)[C >"
"< Application, Lpolyglot/util/Base64, decodeFileToFile(Ljava/lang/String;Ljava/lang/String;)V >"
"< Application, Lpolyglot/ext/jl5/translate/JL5MethodDeclToExt_c, <clinit>()V >"
"< Application, Ljava_cup/emit, emit_package(Ljava/io/PrintWriter;)V >"
"< Application, Lppg/PPG, main([Ljava/lang/String;)V >"
"< Application, Lpolyglot/ext/jl5/types/JL5Flags, isVarArgs(Lpolyglot/types/Flags;)Z >"
"< Application, Lpolyglot/main/Report, <clinit>()V >"
"< Application, Ljflex/gui/MainFrame, access$600(Ljflex/gui/MainFrame;)Ljava/awt/TextField; >"
"< Application, Ljava_cup/emit, do_table_as_string(Ljava/io/PrintWriter;[[S)V >"
"< Application, Lpolyglot/ext/jl5/translate/EnumDeclToExt_c, <clinit>()V >"
"< Application, Lpolyglot/ast/Call_c, <clinit>()V >"
"< Application, Lpolyglot/ext/jl5/types/WildCardType_c, <clinit>()V >"
"< Application, Lpolyglot/ext/jl5/parse/Lexer_c, zzUnpackRowMap(Ljava/lang/String;I[I)I >"
"< Application, Ljflex/Out, warning(Ljava/lang/String;)V >"
"< Application, Ljflex/Out, <clinit>()V >"
"< Application, Ljava_cup/non_terminal, find(Ljava/lang/String;)Ljava_cup/non_terminal; >"
"< Application, Lpolyglot/ext/jl5/ast/JL5SpecialExt, <clinit>()V >"
"< Application, Lppg/lex/LexicalError, <clinit>()V >"
"< Application, Lpolyglot/ext/jl5/ast/JL5SwitchExt, <clinit>()V >"
"< Application, Lpolyglot/util/Base64, encodeBytesToBytes([BIII)[B >"
"< Application, Lpolyglot/ext/jl5/types/inference/InferenceSolver_c, hasUnresolvedTypeArguments([Lpolyglot/types/Type;)Z >"
"< Application, Lpolyglot/ast/ArrayTypeNode_c, <clinit>()V >"
"< Application, Lpolyglot/ext/jl5/ast/JL5ImportExt, isIdStaticMember(Lpolyglot/types/ClassType;Ljava/lang/String;Lpolyglot/ext/jl5/types/JL5TypeSystem;Lpolyglot/types/Package;)Z >"
"< Application, Lpolyglot/ast/Branch, <clinit>()V >"
"< Application, Ljava_cup/Main, usage(Ljava/lang/String;)V >"
"< Application, Ljava_cup/Lexer, zzUnpackRowMap()[I >"
"< Application, Lpolyglot/ext/jl5/types/UnknownTypeVariable_c, <clinit>()V >"
"< Application, Lpolyglot/ext/jl5/ast/JL5EnumDeclExt, <clinit>()V >"
"< Application, Lpolyglot/types/ReferenceType_c, <clinit>()V >"
"< Application, Lpolyglot/main/Main, javaCompiler()Ljavax/tools/JavaCompiler; >"
"< Application, Ljflex/Main, printUsage()V >"
"< Application, Lpolyglot/parse/Grm, <clinit>()V >"
"< Application, Ljava_cup/ErrorManager, <clinit>()V >"
"< Application, Lppg/parse/ParserError, <clinit>()V >"
"< Application, Lpolyglot/ast/Unary_c, <clinit>()V >"
"< Application, Lpolyglot/ext/jl5/types/Annotations_c, <clinit>()V >"
"< Application, Lpolyglot/ext/jl5/types/JL5LocalInstance_c, <clinit>()V >"
"< Application, Lpolyglot/types/TypeObject_c, <clinit>()V >"
"< Application, Lpolyglot/util/Base64, decode(Ljava/lang/String;I)[B >"
"< Application, Lpolyglot/frontend/goals/ConstructorCallsChecked, create(Lpolyglot/frontend/Scheduler;Lpolyglot/frontend/Job;Lpolyglot/types/TypeSystem;Lpolyglot/ast/NodeFactory;)Lpolyglot/frontend/goals/Goal; >"
"< Application, Lpolyglot/parse/Lexer_c, zzUnpackRowMap()[I >"
"< Application, Lpolyglot/ext/jl5/translate/ParamTypeNodeToExt_c, <clinit>()V >"
"< Application, Lpolyglot/translate/ext/ConditionalToExt_c, <clinit>()V >"
"< Application, Lpolyglot/translate/ext/NewArrayToExt_c, <clinit>()V >"
"< Application, Lpolyglot/ext/jl7/parse/Lexer_c, zzUnpackAttribute()[I >"
"< Application, Ljflex/LexScan, zzUnpackAttribute(Ljava/lang/String;I[I)I >"
"< Application, Lpolyglot/ext/jl5/translate/EnumConstantDeclToExt_c, <clinit>()V >"
"< Application, Lpolyglot/ast/Return_c, <clinit>()V >"
"< Application, Lpolyglot/ext/jl5/ast/JL5ClassDeclExt, <clinit>()V >"
"< Application, Lpolyglot/ext/jl5/parse/Lexer_c, zzUnpackTrans()[I >"
"< Application, Lppg/parse/Parser, <clinit>()V >"
"< Application, Lpolyglot/util/Position, <clinit>()V >"
"< Application, Lpolyglot/ext/jl5/ast/AnnotationElem_c, <clinit>()V >"
"< Application, Ljflex/unicode/data/Unicode_3_2, <clinit>()V >"
"< Application, Lpolyglot/util/Base64, encodeBytes([BI)Ljava/lang/String; >"
"< Application, Lpolyglot/ext/jl5/parse/Grm, <clinit>()V >"
"< Application, Lpolyglot/ext/jl5/types/IntersectionType, <clinit>()V >"
"< Application, Ljflex/gui/OptionsDialog, access$800(Ljflex/gui/OptionsDialog;)Ljava/awt/Checkbox; >"
"< Application, Lpolyglot/ext/jl5/types/AnnotationTypeElemInstance_c, <clinit>()V >"
"< Application, Lpolyglot/ext/jl5/translate/ElementValuePairArrayInitToExt_c, <clinit>()V >"
"< Application, Lpolyglot/ast/SwitchBlock_c, <clinit>()V >"
"< Application, Ljava_cup/Main, parse_args([Ljava/lang/String;)V >"
"< Application, Lpolyglot/ext/jl5/ast/JL5LoopExt, <clinit>()V >"
"< Application, Lpolyglot/ast/LocalClassDecl_c, <clinit>()V >"
"< Application, Ljflex/Out, println(Ljflex/ErrorMessages;I)V >"
"< Application, Lpolyglot/ext/jl5/ast/EnumConstantDecl_c, <clinit>()V >"
"< Application, Lpolyglot/translate/ext/ToExt_c, ext(Lpolyglot/ast/Node;)Lpolyglot/translate/ext/ToExt; >"
"< Application, Lppg/lex/Token, toString(I)Ljava/lang/String; >"
"< Application, Ljava_cup/production, clear()V >"
"< Application, Lpolyglot/ast/Unary$Operator, <clinit>()V >"
"< Application, Lppg/lex/Lexer, <clinit>()V >"
"< Application, Lpolyglot/util/NestedMap, access$200(Lpolyglot/util/NestedMap;)Ljava/util/Map; >"
"< Application, Lpolyglot/translate/ext/UnaryToExt_c, <clinit>()V >"
"< Application, Ljava_cup/lalr_state, propagate_all_lookaheads()V >"
"< Application, Lpolyglot/types/reflect/ClassFile_c, <clinit>()V >"
"< Application, Lpolyglot/ext/jl5/visit/RemoveEnums, enumConstantFieldInstances(Lpolyglot/types/ClassType;)Ljava/util/List; >"
"< Application, Lppg/PPGError, <clinit>()V >"
"< Application, Lpolyglot/ext/jl5/ast/J5Lang_c, jl5ext(Lpolyglot/ast/Node;)Lpolyglot/ext/jl5/ast/JL5Ext; >"
"< Application, Lpolyglot/util/SerialVersionUID, generate(Ljava/lang/Class;)J >"
"< Application, Lpolyglot/visit/LocalClassRemover$ConstructorCallRewriter, <clinit>()V >"
"< Application, Lpolyglot/main/Main, explodeOptions([Ljava/lang/String;)Ljava/util/List; >"
"< Application, Lpolyglot/ext/jl5/ast/JL5CaseExt, <clinit>()V >"
"< Application, Lpolyglot/ast/Instanceof_c, <clinit>()V >"
"< Application, Lpolyglot/ext/jl5/types/inference/LubType, <clinit>()V >"
"< Application, Lpolyglot/util/StringUtil, getFirstComponent(Ljava/lang/String;)Ljava/lang/String; >"
"< Application, Lpolyglot/ast/NodeFactory_c, <clinit>()V >"
"< Application, Lpolyglot/visit/InitChecker, <clinit>()V >"
"< Application, Ljflex/gui/OptionsDialog, access$500(Ljflex/gui/OptionsDialog;)Ljava/awt/Checkbox; >"
"< Application, Lpolyglot/qq/Lexer_c, zzUnpackTrans(Ljava/lang/String;I[I)I >"
"< Application, Ljflex/unicode/data/Unicode_6_1, <clinit>()V >"
"< Application, Lpolyglot/ast/JLDel_c, <clinit>()V >"
"< Application, Lpolyglot/ast/Term_c, listChild(Ljava/util/List;Lpolyglot/ast/Term;)Lpolyglot/ast/Term; >"
"< Application, Ljflex/ErrorMessages, get(Ljflex/ErrorMessages;)Ljava/lang/String; >"
"< Application, Lpolyglot/ast/Node_c, <clinit>()V >"
"< Application, Lpolyglot/ast/AmbQualifierNode_c, <clinit>()V >"
"< Application, Ljflex/unicode/data/Unicode_6_2, <clinit>()V >"
"< Application, Lpolyglot/ext/jl7/ast/JL7CaseExt, <clinit>()V >"
"< Application, Lpolyglot/ext/jl5/ast/JL5Ext, ext(Lpolyglot/ast/Node;)Lpolyglot/ext/jl5/ast/JL5Ext; >"
"< Application, Ljflex/Out, println(Ljflex/ErrorMessages;Ljava/lang/String;)V >"
"< Application, Lpolyglot/ext/jl5/ast/JL5ProcedureDeclExt, <clinit>()V >"
"< Application, Lpolyglot/ext/jl5/types/IntersectionType_c, <clinit>()V >"
"< Application, Lpolyglot/util/Enum, access$000(Lpolyglot/util/Enum;)Ljava/lang/String; >"
"< Application, Lpolyglot/ext/jl5/types/JL5TypeSystem_c, listToString(Ljava/util/List;)Ljava/lang/String; >"
"< Application, Lpolyglot/translate/ext/ThrowToExt_c, <clinit>()V >"
"< Application, Lpolyglot/util/Base64, decode(Ljava/lang/String;)[B >"
"< Application, Lpolyglot/ext/jl5/ast/JL5ExprExt, <clinit>()V >"
"< Application, Lpolyglot/types/Flags, addToOrder(Ljava/lang/String;Lpolyglot/types/Flags;)V >"
"< Application, Lpolyglot/translate/ext/DoToExt_c, <clinit>()V >"
"< Application, Lpolyglot/ast/Ext_c, <clinit>()V >"
"< Application, Lpolyglot/util/ErrorInfo, getErrorString(I)Ljava/lang/String; >"
"< Application, Lpolyglot/main/OptFlag, lookup(Ljava/lang/String;Ljava/util/List;)Lpolyglot/main/OptFlag$Arg; >"
"< Application, Lpolyglot/ext/jl5/translate/AnnotationToExt_c, <clinit>()V >"
"< Application, Lpolyglot/ext/jl5/types/AnnotationElementValueAnnotation_c, <clinit>()V >"
"< Application, Lpolyglot/visit/CFGBuilder, tryFinally(Lpolyglot/visit/CFGBuilder;Lpolyglot/visit/FlowGraph$Peer;ZLpolyglot/ast/Block;)Lpolyglot/visit/FlowGraph$Peer; >"
"< Application, Ljava_cup/emit, emit_do_action_signature(Ljava/io/PrintWriter;)V >"
"< Application, Lpolyglot/ext/jl5/types/CaptureConvertedWildCardType_c, <clinit>()V >"
"< Application, Lpolyglot/util/Item, format(Lpolyglot/util/Item;IIIILpolyglot/util/MaxLevels;II)Lpolyglot/util/FormatResult; >"
"< Application, Lpolyglot/translate/ext/IdToExt_c, <clinit>()V >"
"< Application, Lpolyglot/ext/param/types/PClass_c, <clinit>()V >"
"< Application, Ljflex/LexScan, main([Ljava/lang/String;)V >"
"< Application, Lpolyglot/parse/Lexer_c, zzUnpackAttribute(Ljava/lang/String;I[I)I >"
"< Application, Ljflex/Out, showPosition(Ljava/io/File;II)V >"
"< Application, Ljava_cup/ErrorManager, getManager()Ljava_cup/ErrorManager; >"
"< Application, Lpolyglot/ext/jl5/types/JL5MethodInstance_c, <clinit>()V >"
"< Application, Lpolyglot/ext/jl5/types/AnnotationElementValueArray_c, <clinit>()V >"
"< Application, Lpolyglot/ext/jl5/ast/JL5SourceFileExt, <clinit>()V >"
"< Application, Lpolyglot/util/Base64, encodeFromFile(Ljava/lang/String;)Ljava/lang/String; >"
"< Application, Lpolyglot/ext/jl5/ast/JL5CatchExt, <clinit>()V >"
"< Application, Lpolyglot/util/Base64, encodeBytesToBytes([B)[B >"
"< Application, Lpolyglot/frontend/goals/TypeChecked, create(Lpolyglot/frontend/Scheduler;Lpolyglot/frontend/Job;Lpolyglot/types/TypeSystem;Lpolyglot/ast/NodeFactory;)Lpolyglot/frontend/goals/Goal; >"
"< Application, Lpolyglot/translate/ext/SynchronizedToExt_c, <clinit>()V >"
"< Application, Lpolyglot/util/StringUtil, getPackageComponent(Ljava/lang/String;)Ljava/lang/String; >"
"< Application, Lpolyglot/ast/FloatLit, <clinit>()V >"
"< Application, Lpolyglot/ext/jl5/Topics, <clinit>()V >"
"< Application, Lpolyglot/ast/NewArray_c, <clinit>()V >"
"< Application, Ljava_cup/Main, build_parser()V >"
"< Application, Ljflex/Out, err(Ljava/lang/String;)V >"
"< Application, Ljava_cup/Main, plural(I)Ljava/lang/String; >"
"< Application, Lpolyglot/util/CollectionUtil, pairs(Ljava/util/Collection;)Ljava/util/Iterator; >"
"< Application, Lpolyglot/visit/CFGBuildError, <clinit>()V >"
"< Application, Lpolyglot/ext/jl7/ast/J7Lang_c, jl7ext(Lpolyglot/ast/Node;)Lpolyglot/ext/jl7/ast/JL7Ext; >"
"< Application, Lpolyglot/util/typedump/TypeDumper, dontDump(Ljava/lang/Class;)Z >"
"< Application, Lpolyglot/types/ArrayType_c, <clinit>()V >"
"< Application, Lpolyglot/translate/ext/CallToExt_c, <clinit>()V >"
"< Application, Ljava_cup/emit, do_escaped(Ljava/io/PrintWriter;C)I >"
"< Application, Lpolyglot/util/Item, getMinPosWidth(Lpolyglot/util/Item;Lpolyglot/util/MaxLevels;)I >"
"< Application, Lpolyglot/frontend/Source$Kind, values()[Lpolyglot/frontend/Source$Kind; >"
"< Application, Ljflex/Out, println(Ljava/lang/String;)V >"
"< Application, Lpolyglot/frontend/Compiler, createCodeWriter(Ljava/io/Writer;I)Lpolyglot/util/CodeWriter; >"
"< Application, Lpolyglot/types/UnknownPackage_c, <clinit>()V >"
"< Application, Lpolyglot/util/Overrun, overrun(Lpolyglot/util/Item;Lpolyglot/util/MaxLevels;II)Lpolyglot/util/Overrun; >"
"< Application, Lpolyglot/types/InitializerInstance_c, <clinit>()V >"
"< Application, Ljava_cup/production, is_id_char(C)Z >"
"< Application, Lpolyglot/ast/While_c, <clinit>()V >"
"< Application, Lpolyglot/ast/AmbReceiver_c, <clinit>()V >"
"< Application, Lpolyglot/main/Options, printSpaces(Ljava/io/PrintStream;I)V >"
"< Application, Lpolyglot/ext/jl5/ast/J5Lang_c, lang(Lpolyglot/ast/NodeOps;)Lpolyglot/ext/jl5/ast/J5Lang; >"
"< Application, Lpolyglot/util/StringUtil, escape(Ljava/lang/String;Z)Ljava/lang/String; >"
"< Application, Lpolyglot/ext/jl5/parse/Lexer_c, zzUnpackAttribute(Ljava/lang/String;I[I)I >"
"< Application, Ljflex/Options, setDir(Ljava/lang/String;)V >"
"< Application, Lpolyglot/util/NilMap, emptyMap()Lpolyglot/util/NilMap; >"
"< Application, Lpolyglot/types/PrimitiveType$Kind, <clinit>()V >"
"< Application, Ljava_cup/lalr_state, clear()V >"
"< Application, Lpolyglot/types/Flags, <clinit>()V >"
"< Application, Lpolyglot/ext/jl5/ast/JL5ClassLitExt, <clinit>()V >"
"< Application, Ljava_cup/production, all()Ljava/lang/Iterable; >"
"< Application, Ljflex/Out, statistics()V >"
"< Application, Lpolyglot/util/Base64, decodeToFile(Ljava/lang/String;Ljava/lang/String;)V >"
"< Application, Lpolyglot/types/ClassContextResolver, <clinit>()V >"
"< Application, Lppg/PPG, usage()V >"
"< Application, Lpolyglot/translate/ext/FieldDeclToExt_c, <clinit>()V >"
"< Application, Lpolyglot/ast/Eval_c, <clinit>()V >"
"< Application, Ljflex/Out, printSystemInfo()V >"
"< Application, Lpolyglot/ast/Do_c, <clinit>()V >"
"< Application, Lpolyglot/ext/jl5/types/JL5ParsedClassType_c, <clinit>()V >"
"< Application, Lpolyglot/types/UnavailableTypeException, <clinit>()V >"
"< Application, Lpolyglot/ext/jl5/ast/ParamTypeNode_c, <clinit>()V >"
"< Application, Ljava_cup/terminal_set, <clinit>()V >"
"< Application, Lpolyglot/ast/Branch_c, <clinit>()V >"
"< Application, Lpolyglot/ext/jl5/translate/JL5FormalToJL_c, <clinit>()V >"
"< Application, Ljflex/gui/OptionsDialog, access$400(Ljflex/gui/OptionsDialog;)Ljava/awt/Checkbox; >"
"< Application, Lpolyglot/ast/Empty_c, <clinit>()V >"
"< Application, Ljava_cup/emit, symbols(Ljava/io/PrintWriter;ZZ)V >"
"< Application, Lpolyglot/frontend/Source$Kind, <clinit>()V >"
"< Application, Ljava_cup/emit, do_reduce_table(Ljava/io/PrintWriter;Ljava_cup/parse_reduce_table;)V >"
"< Application, Ljflex/Main, generate(Ljava/io/File;)V >"
"< Application, Lpolyglot/ext/jl5/translate/JL5CallToExt_c, <clinit>()V >"
"< Application, Ljflex/unicode/data/Unicode_6_0, <clinit>()V >"
"< Application, Ljava_cup/lalr_state, build_machine(Ljava_cup/production;)Ljava_cup/lalr_state; >"
"< Application, Lpolyglot/ast/ProcedureDecl_c, <clinit>()V >"
"< Application, Lpolyglot/ext/jl7/parse/Lexer_c, zzUnpackTrans(Ljava/lang/String;I[I)I >"
"< Application, Ljava_cup/parser, <clinit>()V >"
"< Application, Lpolyglot/qq/Lexer_c, zzUnpackAttribute()[I >"
"< Application, Lpolyglot/ext/jl5/translate/JL5MethodDeclToJL_c, <clinit>()V >"
"< Application, Lpolyglot/util/StringUtil, removeFirstComponent(Ljava/lang/String;)Ljava/lang/String; >"
"< Application, Ljava_cup/parse_reduce_row, clear()V >"
"< Application, Lpolyglot/types/PlaceHolder_c, <clinit>()V >"
"< Application, Ljflex/gui/OptionsDialog, access$1100(Ljflex/gui/OptionsDialog;)Ljava/awt/Checkbox; >"
"< Application, Lpolyglot/frontend/Scheduler, statusString(Z)Ljava/lang/String; >"
"< Application, Lpolyglot/qq/Lexer_c, zzUnpackCMap(Ljava/lang/String;)[C >"
"< Application, Lpolyglot/ast/ConstructorCall$Kind, <clinit>()V >"
"< Application, Lpolyglot/parse/Lexer_c, zzUnpackTrans(Ljava/lang/String;I[I)I >"
"< Application, Lpolyglot/ext/jl5/visit/RemoveEnums, prettyPrintEnumConstFieldDecl(Lpolyglot/ast/FieldDecl;Lpolyglot/util/CodeWriter;Lpolyglot/visit/PrettyPrinter;)V >"
"< Application, Lpolyglot/ext/jl5/translate/ElementValuePairToExt_c, <clinit>()V >"
"< Application, Lpolyglot/ext/jl5/types/RawClass_c, <clinit>()V >"
"< Application, Lpolyglot/util/StringUtil, escape(CZ)Ljava/lang/String; >"
"< Application, Ljflex/Out, setOutputStream(Ljava/io/OutputStream;)V >"
"< Application, Lpolyglot/util/typedump/TypeDumper, <clinit>()V >"
"< Application, Lpolyglot/translate/ext/InitializerToExt_c, <clinit>()V >"
"< Application, Lpolyglot/ext/jl5/ast/JL5FormalExt, <clinit>()V >"
"< Application, Ljflex/SemCheck, length(Ljflex/RegExp;)I >"
"< Application, Ljava_cup/terminal, all()Ljava/lang/Iterable; >"
"< Application, Ljflex/Options, <clinit>()V >"
"< Application, Ljflex/Out, error(Ljflex/ErrorMessages;Ljava/io/File;)V >"
"< Application, Lpolyglot/ext/jl7/ast/JL7ProcedureCallExt, <clinit>()V >"
"< Application, Lpolyglot/ext/jl5/translate/CannotToExt_c, <clinit>()V >"
"< Application, Ljava_cup/Main, main([Ljava/lang/String;)V >"
"< Application, Lpolyglot/ext/jl5/types/TypeVariable$TVarDecl, valueOf(Ljava/lang/String;)Lpolyglot/ext/jl5/types/TypeVariable$TVarDecl; >"
"< Application, Lpolyglot/ext/jl5/ast/J5Lang_c, <clinit>()V >"
"< Application, Lppg/lex/Lexer, zzUnpackCMap(Ljava/lang/String;)[C >"
"< Application, Lpolyglot/qq/Lexer_c, zzUnpackRowMap(Ljava/lang/String;I[I)I >"
"< Application, Ljflex/NFA, <clinit>()V >"
"< Application, Lpolyglot/util/typedump/TypeDumper$TypeCache, typeSystemFor(Ljava/lang/Object;)Lpolyglot/types/TypeSystem; >"
"< Application, Lpolyglot/ast/SourceFile_c, <clinit>()V >"
"< Application, Lpolyglot/ext/jl5/types/JL5ClassType_c, <clinit>()V >"
"< Application, Lpolyglot/main/OptFlag, removeFlag(Ljava/lang/String;Ljava/util/Set;)Z >"
"< Application, Lpolyglot/main/OptFlag$Kind, valueOf(Ljava/lang/String;)Lpolyglot/main/OptFlag$Kind; >"
"< Application, Lpolyglot/ext/jl5/types/UnknownReferenceType_c, <clinit>()V >"
"< Application, Ljflex/Options, getDir()Ljava/io/File; >"
"< Application, Lpolyglot/ast/ConstructorCall_c, <clinit>()V >"
"< Application, Ljava_cup/lalr_state, all_states()Ljava/lang/Iterable; >"
"< Application, Ljflex/unicode/data/Unicode_2_1, <clinit>()V >"
"< Application, Ljflex/unicode/data/Unicode_5_0, <clinit>()V >"
"< Application, Lpolyglot/ext/jl5/visit/RemoveEnums, findEnumConstIndex(Lpolyglot/types/ClassType;Lpolyglot/types/FieldInstance;)I >"
"< Application, Lpolyglot/main/Report, should_report([Ljava/lang/String;I)Z >"
"< Application, Ljflex/gui/OptionsDialog, access$1000(Ljflex/gui/OptionsDialog;)Ljava/awt/Checkbox; >"
"< Application, Ljava_cup/Lexer, zzUnpackAction()[I >"
"< Application, Lpolyglot/util/typedump/TypeDumper, dontDump(Ljava/lang/String;Ljava/lang/String;)Z >"
"< Application, Lpolyglot/ast/FloatLit_c, <clinit>()V >"
"< Application, Lpolyglot/ext/jl5/types/JL5TypeSystem_c, areTypArgsProvablyDistinct(Lpolyglot/types/ReferenceType;Lpolyglot/types/ReferenceType;)Z >"
"< Application, Lpolyglot/translate/ext/IfToExt_c, <clinit>()V >"
"< Application, Lpolyglot/ast/ArrayInit_c, <clinit>()V >"
"< Application, Lpolyglot/ext/jl5/parse/Lexer_c, zzUnpackTrans(Ljava/lang/String;I[I)I >"
"< Application, Lpolyglot/ext/param/types/SubstClassType_c, <clinit>()V >"
"< Application, Ljava_cup/Main, emit_summary(Z)V >"
"< Application, Lpolyglot/ext/jl5/ast/JL5ConditionalExt, <clinit>()V >"
"< Application, Ljava_cup/Main, check_unused()V >"
"< Application, Lpolyglot/main/Report, level(Ljava/lang/String;)I >"
"< Application, Ljflex/gui/OptionsDialog, access$900(Ljflex/gui/OptionsDialog;)Ljava/awt/Checkbox; >"
"< Application, Lpolyglot/ext/jl5/parse/Lexer_c, zzUnpackAction()[I >"
"< Application, Lpolyglot/util/CollectionUtil, firstOrElse(Ljava/util/Collection;Ljava/lang/Object;)Ljava/lang/Object; >"
"< Application, Lpolyglot/ext/jl7/ast/JL7ResourceExt, <clinit>()V >"
"< Application, Lpolyglot/ext/jl5/translate/JL5ClassDeclToJL_c, <clinit>()V >"
"< Application, Lpolyglot/ext/jl7/ast/TryWithResources_c, <clinit>()V >"
"< Application, Lpolyglot/types/Type_c, <clinit>()V >"
"< Application, Ljava_cup/runtime/lr_parser, unpackFromStrings([Ljava/lang/String;)[[S >"
"< Application, Ljava_cup/Lexer, zzUnpackRowMap(Ljava/lang/String;I[I)I >"
"< Application, Lpolyglot/visit/InitChecker$InitCount, min(Lpolyglot/visit/InitChecker$InitCount;Lpolyglot/visit/InitChecker$InitCount;)Lpolyglot/visit/InitChecker$InitCount; >"
"< Application, Lpolyglot/util/StringUtil, escape(Ljava/lang/String;)Ljava/lang/String; >"
"< Application, Lpolyglot/translate/ext/CanonicalTypeNodeToExt_c, <clinit>()V >"
"< Application, Ljava_cup/non_terminal, create_new()Ljava_cup/non_terminal; >"
"< Application, Ljflex/LexScan, zzUnpackRowMap(Ljava/lang/String;I[I)I >"
"< Application, Lpolyglot/visit/LocalClassRemover, hashAdd(Ljava/util/Map;Ljava/lang/Object;Ljava/lang/Object;)V >"
"< Application, Lpolyglot/ast/JLangToJLDel, <clinit>()V >"
