"MyModule.Computer000"	t_entity("MyModule.cost000", t_refine(#{"MyModule.value1"}[value], t_int, e_binop(b_gt, e_var(#{"MyModule.value1"}[value]), e_int(0))))
"MyModule.Store001"	t_coll(t_intersection(t_entity("MyModule.name001", t_str), t_entity("MyModule.val001", t_int)))
"MyModule.Store002"	t_coll(t_intersection(t_entity("MyModule.name002", t_str), t_entity("MyModule.val002", t_int)))
"MyModule.Marriage008"	t_intersection(t_entity("MyModule.SpouseA008", t_refine(#{"MyModule.value1"}[value], t_intersection(t_entity("MyModule.Name008", t_str), t_entity("MyModule.Age008", t_int)), e_binop(b_gt, e_select(e_var(#{"MyModule.value1"}[value]), "MyModule.Age008"), e_int(17)))), t_entity("MyModule.SpouseB008", t_refine(#{"MyModule.value1"}[value], t_intersection(t_entity("MyModule.Name008", t_str), t_entity("MyModule.Age008", t_int)), e_binop(b_gt, e_select(e_var(#{"MyModule.value1"}[value]), "MyModule.Age008"), e_int(17)))))
"MyModule.Store000"	t_coll(t_intersection(t_entity("MyModule.name000", t_str), t_entity("MyModule.val000", t_int)))
"MyModule.Marriage009"	t_intersection(t_entity("MyModule.SpouseA009", t_refine(#{"MyModule.value1"}[value], t_intersection(t_entity("MyModule.Name009", t_str), t_entity("MyModule.Age009", t_int)), e_binop(b_gt, e_select(e_var(#{"MyModule.value1"}[value]), "MyModule.Age009"), e_int(17)))), t_entity("MyModule.SpouseB009", t_refine(#{"MyModule.value1"}[value], t_intersection(t_entity("MyModule.Name009", t_str), t_entity("MyModule.Age009", t_int)), e_binop(b_gt, e_select(e_var(#{"MyModule.value1"}[value]), "MyModule.Age009"), e_int(17)))))
"MyModule.Marriage002"	t_intersection(t_entity("MyModule.SpouseA002", t_refine(#{"MyModule.value1"}[value], t_intersection(t_entity("MyModule.Name002", t_str), t_entity("MyModule.Age002", t_int)), e_binop(b_gt, e_select(e_var(#{"MyModule.value1"}[value]), "MyModule.Age002"), e_int(17)))), t_entity("MyModule.SpouseB002", t_refine(#{"MyModule.value1"}[value], t_intersection(t_entity("MyModule.Name002", t_str), t_entity("MyModule.Age002", t_int)), e_binop(b_gt, e_select(e_var(#{"MyModule.value1"}[value]), "MyModule.Age002"), e_int(17)))))
"MyModule.Store009"	t_coll(t_intersection(t_entity("MyModule.name009", t_str), t_entity("MyModule.val009", t_int)))
"MyModule.Marriage003"	t_intersection(t_entity("MyModule.SpouseA003", t_refine(#{"MyModule.value1"}[value], t_intersection(t_entity("MyModule.Name003", t_str), t_entity("MyModule.Age003", t_int)), e_binop(b_gt, e_select(e_var(#{"MyModule.value1"}[value]), "MyModule.Age003"), e_int(17)))), t_entity("MyModule.SpouseB003", t_refine(#{"MyModule.value1"}[value], t_intersection(t_entity("MyModule.Name003", t_str), t_entity("MyModule.Age003", t_int)), e_binop(b_gt, e_select(e_var(#{"MyModule.value1"}[value]), "MyModule.Age003"), e_int(17)))))
"MyModule.Marriage000"	t_intersection(t_entity("MyModule.SpouseA000", t_refine(#{"MyModule.value1"}[value], t_intersection(t_entity("MyModule.Name000", t_str), t_entity("MyModule.Age000", t_int)), e_binop(b_gt, e_select(e_var(#{"MyModule.value1"}[value]), "MyModule.Age000"), e_int(17)))), t_entity("MyModule.SpouseB000", t_refine(#{"MyModule.value1"}[value], t_intersection(t_entity("MyModule.Name000", t_str), t_entity("MyModule.Age000", t_int)), e_binop(b_gt, e_select(e_var(#{"MyModule.value1"}[value]), "MyModule.Age000"), e_int(17)))))
"MyModule.Store007"	t_coll(t_intersection(t_entity("MyModule.name007", t_str), t_entity("MyModule.val007", t_int)))
"MyModule.Marriage001"	t_intersection(t_entity("MyModule.SpouseA001", t_refine(#{"MyModule.value1"}[value], t_intersection(t_entity("MyModule.Name001", t_str), t_entity("MyModule.Age001", t_int)), e_binop(b_gt, e_select(e_var(#{"MyModule.value1"}[value]), "MyModule.Age001"), e_int(17)))), t_entity("MyModule.SpouseB001", t_refine(#{"MyModule.value1"}[value], t_intersection(t_entity("MyModule.Name001", t_str), t_entity("MyModule.Age001", t_int)), e_binop(b_gt, e_select(e_var(#{"MyModule.value1"}[value]), "MyModule.Age001"), e_int(17)))))
"MyModule.Store008"	t_coll(t_intersection(t_entity("MyModule.name008", t_str), t_entity("MyModule.val008", t_int)))
"MyModule.Store005"	t_coll(t_intersection(t_entity("MyModule.name005", t_str), t_entity("MyModule.val005", t_int)))
"MyModule.Marriage006"	t_intersection(t_entity("MyModule.SpouseA006", t_refine(#{"MyModule.value1"}[value], t_intersection(t_entity("MyModule.Name006", t_str), t_entity("MyModule.Age006", t_int)), e_binop(b_gt, e_select(e_var(#{"MyModule.value1"}[value]), "MyModule.Age006"), e_int(17)))), t_entity("MyModule.SpouseB006", t_refine(#{"MyModule.value1"}[value], t_intersection(t_entity("MyModule.Name006", t_str), t_entity("MyModule.Age006", t_int)), e_binop(b_gt, e_select(e_var(#{"MyModule.value1"}[value]), "MyModule.Age006"), e_int(17)))))
"MyModule.Store006"	t_coll(t_intersection(t_entity("MyModule.name006", t_str), t_entity("MyModule.val006", t_int)))
"MyModule.Marriage007"	t_intersection(t_entity("MyModule.SpouseA007", t_refine(#{"MyModule.value1"}[value], t_intersection(t_entity("MyModule.Name007", t_str), t_entity("MyModule.Age007", t_int)), e_binop(b_gt, e_select(e_var(#{"MyModule.value1"}[value]), "MyModule.Age007"), e_int(17)))), t_entity("MyModule.SpouseB007", t_refine(#{"MyModule.value1"}[value], t_intersection(t_entity("MyModule.Name007", t_str), t_entity("MyModule.Age007", t_int)), e_binop(b_gt, e_select(e_var(#{"MyModule.value1"}[value]), "MyModule.Age007"), e_int(17)))))
"MyModule.Store003"	t_coll(t_intersection(t_entity("MyModule.name003", t_str), t_entity("MyModule.val003", t_int)))
"MyModule.Marriage004"	t_intersection(t_entity("MyModule.SpouseA004", t_refine(#{"MyModule.value1"}[value], t_intersection(t_entity("MyModule.Name004", t_str), t_entity("MyModule.Age004", t_int)), e_binop(b_gt, e_select(e_var(#{"MyModule.value1"}[value]), "MyModule.Age004"), e_int(17)))), t_entity("MyModule.SpouseB004", t_refine(#{"MyModule.value1"}[value], t_intersection(t_entity("MyModule.Name004", t_str), t_entity("MyModule.Age004", t_int)), e_binop(b_gt, e_select(e_var(#{"MyModule.value1"}[value]), "MyModule.Age004"), e_int(17)))))
"MyModule.Store004"	t_coll(t_intersection(t_entity("MyModule.name004", t_str), t_entity("MyModule.val004", t_int)))
"MyModule.Marriage005"	t_intersection(t_entity("MyModule.SpouseA005", t_refine(#{"MyModule.value1"}[value], t_intersection(t_entity("MyModule.Name005", t_str), t_entity("MyModule.Age005", t_int)), e_binop(b_gt, e_select(e_var(#{"MyModule.value1"}[value]), "MyModule.Age005"), e_int(17)))), t_entity("MyModule.SpouseB005", t_refine(#{"MyModule.value1"}[value], t_intersection(t_entity("MyModule.Name005", t_str), t_entity("MyModule.Age005", t_int)), e_binop(b_gt, e_select(e_var(#{"MyModule.value1"}[value]), "MyModule.Age005"), e_int(17)))))
"Integer32"	t_int
"MyModule.U000"	t_union(t_intersection(t_entity("MyModule.tag000", t_singleton(e_int(42), t_any)), t_entity("MyModule.bar000", t_int)), t_intersection(t_entity("MyModule.tag000", t_singleton(e_int(43), t_any)), t_entity("MyModule.foo000", t_str)))
"MyModule.U001"	t_union(t_intersection(t_entity("MyModule.tag001", t_singleton(e_int(42), t_any)), t_entity("MyModule.bar001", t_int)), t_intersection(t_entity("MyModule.tag001", t_singleton(e_int(43), t_any)), t_entity("MyModule.foo001", t_str)))
"MyModule.U002"	t_union(t_intersection(t_entity("MyModule.tag002", t_singleton(e_int(42), t_any)), t_entity("MyModule.bar002", t_int)), t_intersection(t_entity("MyModule.tag002", t_singleton(e_int(43), t_any)), t_entity("MyModule.foo002", t_str)))
"MyModule.U003"	t_union(t_intersection(t_entity("MyModule.tag003", t_singleton(e_int(42), t_any)), t_entity("MyModule.bar003", t_int)), t_intersection(t_entity("MyModule.tag003", t_singleton(e_int(43), t_any)), t_entity("MyModule.foo003", t_str)))
"MyModule.U004"	t_union(t_intersection(t_entity("MyModule.tag004", t_singleton(e_int(42), t_any)), t_entity("MyModule.bar004", t_int)), t_intersection(t_entity("MyModule.tag004", t_singleton(e_int(43), t_any)), t_entity("MyModule.foo004", t_str)))
"MyModule.U005"	t_union(t_intersection(t_entity("MyModule.tag005", t_singleton(e_int(42), t_any)), t_entity("MyModule.bar005", t_int)), t_intersection(t_entity("MyModule.tag005", t_singleton(e_int(43), t_any)), t_entity("MyModule.foo005", t_str)))
"MyModule.U006"	t_union(t_intersection(t_entity("MyModule.tag006", t_singleton(e_int(42), t_any)), t_entity("MyModule.bar006", t_int)), t_intersection(t_entity("MyModule.tag006", t_singleton(e_int(43), t_any)), t_entity("MyModule.foo006", t_str)))
"MyModule.U007"	t_union(t_intersection(t_entity("MyModule.tag007", t_singleton(e_int(42), t_any)), t_entity("MyModule.bar007", t_int)), t_intersection(t_entity("MyModule.tag007", t_singleton(e_int(43), t_any)), t_entity("MyModule.foo007", t_str)))
"Logical"	t_bool
"MyModule.U008"	t_union(t_intersection(t_entity("MyModule.tag008", t_singleton(e_int(42), t_any)), t_entity("MyModule.bar008", t_int)), t_intersection(t_entity("MyModule.tag008", t_singleton(e_int(43), t_any)), t_entity("MyModule.foo008", t_str)))
"MyModule.U009"	t_union(t_intersection(t_entity("MyModule.tag009", t_singleton(e_int(42), t_any)), t_entity("MyModule.bar009", t_int)), t_intersection(t_entity("MyModule.tag009", t_singleton(e_int(43), t_any)), t_entity("MyModule.foo009", t_str)))
"MyModule.Statement009"	t_refine(#{"MyModule.x78"}[value], t_any, e_app("$MyModule.Statement009", [e_var(#{"MyModule.x78"}[value])]))
"MyModule.Server009"	t_refine(#{"MyModule.value1"}[value], t_intersection(t_entity("MyModule.comp009", t_entity("MyModule.cost009", t_refine(#{"MyModule.value1"}[value], t_int, e_binop(b_gt, e_var(#{"MyModule.value1"}[value]), e_int(0))))), t_intersection(t_entity("MyModule.cost009", t_refine(#{"MyModule.value1"}[value], t_int, e_binop(b_gt, e_var(#{"MyModule.value1"}[value]), e_int(0)))), t_entity("MyModule.app009", t_entity("MyModule.licenseFee009", t_refine(#{"MyModule.value1"}[value], t_int, e_binop(b_gt, e_var(#{"MyModule.value1"}[value]), e_int(0))))))), e_binop(b_and, e_binop(b_eq, e_select(e_var(#{"MyModule.value1"}[value]), "MyModule.cost009"), e_binop(b_add, e_select(e_select(e_var(#{"MyModule.value1"}[value]), "MyModule.comp009"), "MyModule.cost009"), e_select(e_select(e_var(#{"MyModule.value1"}[value]), "MyModule.app009"), "MyModule.licenseFee009"))), e_binop(b_lt, e_select(e_var(#{"MyModule.value1"}[value]), "MyModule.cost009"), e_int(2000))))
"MyModule.DataCenter001"	t_refine(#{"MyModule.value1"}[value], t_entity("MyModule.serv001", t_refine(#{"MyModule.value2"}[value], t_coll(t_refine(#{"MyModule.value1"}[value], t_intersection(t_entity("MyModule.comp001", t_entity("MyModule.cost001", t_refine(#{"MyModule.value1"}[value], t_int, e_binop(b_gt, e_var(#{"MyModule.value1"}[value]), e_int(0))))), t_intersection(t_entity("MyModule.cost001", t_refine(#{"MyModule.value1"}[value], t_int, e_binop(b_gt, e_var(#{"MyModule.value1"}[value]), e_int(0)))), t_entity("MyModule.app001", t_entity("MyModule.licenseFee001", t_refine(#{"MyModule.value1"}[value], t_int, e_binop(b_gt, e_var(#{"MyModule.value1"}[value]), e_int(0))))))), e_binop(b_and, e_binop(b_eq, e_select(e_var(#{"MyModule.value1"}[value]), "MyModule.cost001"), e_binop(b_add, e_select(e_select(e_var(#{"MyModule.value1"}[value]), "MyModule.comp001"), "MyModule.cost001"), e_select(e_select(e_var(#{"MyModule.value1"}[value]), "MyModule.app001"), "MyModule.licenseFee001"))), e_binop(b_lt, e_select(e_var(#{"MyModule.value1"}[value]), "MyModule.cost001"), e_int(2000))))), e_binop(b_and, e_binop(b_gt, e_accum(#{"MyModule.x8"}[value], e_var(#{"MyModule.value2"}[value]), #{"MyModule.x9"}[value], e_ascribe(e_int(0), t_int), e_binop(b_add, e_var(#{"MyModule.x9"}[value]), e_int(1))), e_int(1)), e_binop(b_lt, e_accum(#{"MyModule.x10"}[value], e_var(#{"MyModule.value2"}[value]), #{"MyModule.x11"}[value], e_ascribe(e_int(0), t_int), e_binop(b_add, e_var(#{"MyModule.x11"}[value]), e_int(1))), e_int(13))))), e_binop(b_lt, e_accum(#{"MyModule.serv001"}[value], e_select(e_var(#{"MyModule.value1"}[value]), "MyModule.serv001"), #{"MyModule.s001"}[value], e_ascribe(e_int(0), t_int), e_binop(b_add, e_var(#{"MyModule.s001"}[value]), e_select(e_var(#{"MyModule.serv001"}[value]), "MyModule.cost001"))), e_int(10001)))
"MyModule.EligiblePerson005"	t_refine(#{"MyModule.value1"}[value], t_intersection(t_entity("MyModule.Name005", t_str), t_entity("MyModule.Age005", t_int)), e_binop(b_gt, e_select(e_var(#{"MyModule.value1"}[value]), "MyModule.Age005"), e_int(17)))
"MyModule.Server006"	t_refine(#{"MyModule.value1"}[value], t_intersection(t_entity("MyModule.comp006", t_entity("MyModule.cost006", t_refine(#{"MyModule.value1"}[value], t_int, e_binop(b_gt, e_var(#{"MyModule.value1"}[value]), e_int(0))))), t_intersection(t_entity("MyModule.cost006", t_refine(#{"MyModule.value1"}[value], t_int, e_binop(b_gt, e_var(#{"MyModule.value1"}[value]), e_int(0)))), t_entity("MyModule.app006", t_entity("MyModule.licenseFee006", t_refine(#{"MyModule.value1"}[value], t_int, e_binop(b_gt, e_var(#{"MyModule.value1"}[value]), e_int(0))))))), e_binop(b_and, e_binop(b_eq, e_select(e_var(#{"MyModule.value1"}[value]), "MyModule.cost006"), e_binop(b_add, e_select(e_select(e_var(#{"MyModule.value1"}[value]), "MyModule.comp006"), "MyModule.cost006"), e_select(e_select(e_var(#{"MyModule.value1"}[value]), "MyModule.app006"), "MyModule.licenseFee006"))), e_binop(b_lt, e_select(e_var(#{"MyModule.value1"}[value]), "MyModule.cost006"), e_int(2000))))
"MyModule.DataCenter002"	t_refine(#{"MyModule.value1"}[value], t_entity("MyModule.serv002", t_refine(#{"MyModule.value2"}[value], t_coll(t_refine(#{"MyModule.value1"}[value], t_intersection(t_entity("MyModule.comp002", t_entity("MyModule.cost002", t_refine(#{"MyModule.value1"}[value], t_int, e_binop(b_gt, e_var(#{"MyModule.value1"}[value]), e_int(0))))), t_intersection(t_entity("MyModule.cost002", t_refine(#{"MyModule.value1"}[value], t_int, e_binop(b_gt, e_var(#{"MyModule.value1"}[value]), e_int(0)))), t_entity("MyModule.app002", t_entity("MyModule.licenseFee002", t_refine(#{"MyModule.value1"}[value], t_int, e_binop(b_gt, e_var(#{"MyModule.value1"}[value]), e_int(0))))))), e_binop(b_and, e_binop(b_eq, e_select(e_var(#{"MyModule.value1"}[value]), "MyModule.cost002"), e_binop(b_add, e_select(e_select(e_var(#{"MyModule.value1"}[value]), "MyModule.comp002"), "MyModule.cost002"), e_select(e_select(e_var(#{"MyModule.value1"}[value]), "MyModule.app002"), "MyModule.licenseFee002"))), e_binop(b_lt, e_select(e_var(#{"MyModule.value1"}[value]), "MyModule.cost002"), e_int(2000))))), e_binop(b_and, e_binop(b_gt, e_accum(#{"MyModule.x16"}[value], e_var(#{"MyModule.value2"}[value]), #{"MyModule.x17"}[value], e_ascribe(e_int(0), t_int), e_binop(b_add, e_var(#{"MyModule.x17"}[value]), e_int(1))), e_int(1)), e_binop(b_lt, e_accum(#{"MyModule.x18"}[value], e_var(#{"MyModule.value2"}[value]), #{"MyModule.x19"}[value], e_ascribe(e_int(0), t_int), e_binop(b_add, e_var(#{"MyModule.x19"}[value]), e_int(1))), e_int(13))))), e_binop(b_lt, e_accum(#{"MyModule.serv002"}[value], e_select(e_var(#{"MyModule.value1"}[value]), "MyModule.serv002"), #{"MyModule.s002"}[value], e_ascribe(e_int(0), t_int), e_binop(b_add, e_var(#{"MyModule.s002"}[value]), e_select(e_var(#{"MyModule.serv002"}[value]), "MyModule.cost002"))), e_int(10001)))
"MyModule.EligiblePerson004"	t_refine(#{"MyModule.value1"}[value], t_intersection(t_entity("MyModule.Name004", t_str), t_entity("MyModule.Age004", t_int)), e_binop(b_gt, e_select(e_var(#{"MyModule.value1"}[value]), "MyModule.Age004"), e_int(17)))
"MyModule.Server005"	t_refine(#{"MyModule.value1"}[value], t_intersection(t_entity("MyModule.comp005", t_entity("MyModule.cost005", t_refine(#{"MyModule.value1"}[value], t_int, e_binop(b_gt, e_var(#{"MyModule.value1"}[value]), e_int(0))))), t_intersection(t_entity("MyModule.cost005", t_refine(#{"MyModule.value1"}[value], t_int, e_binop(b_gt, e_var(#{"MyModule.value1"}[value]), e_int(0)))), t_entity("MyModule.app005", t_entity("MyModule.licenseFee005", t_refine(#{"MyModule.value1"}[value], t_int, e_binop(b_gt, e_var(#{"MyModule.value1"}[value]), e_int(0))))))), e_binop(b_and, e_binop(b_eq, e_select(e_var(#{"MyModule.value1"}[value]), "MyModule.cost005"), e_binop(b_add, e_select(e_select(e_var(#{"MyModule.value1"}[value]), "MyModule.comp005"), "MyModule.cost005"), e_select(e_select(e_var(#{"MyModule.value1"}[value]), "MyModule.app005"), "MyModule.licenseFee005"))), e_binop(b_lt, e_select(e_var(#{"MyModule.value1"}[value]), "MyModule.cost005"), e_int(2000))))
"MyModule.DataCenter003"	t_refine(#{"MyModule.value1"}[value], t_entity("MyModule.serv003", t_refine(#{"MyModule.value2"}[value], t_coll(t_refine(#{"MyModule.value1"}[value], t_intersection(t_entity("MyModule.comp003", t_entity("MyModule.cost003", t_refine(#{"MyModule.value1"}[value], t_int, e_binop(b_gt, e_var(#{"MyModule.value1"}[value]), e_int(0))))), t_intersection(t_entity("MyModule.cost003", t_refine(#{"MyModule.value1"}[value], t_int, e_binop(b_gt, e_var(#{"MyModule.value1"}[value]), e_int(0)))), t_entity("MyModule.app003", t_entity("MyModule.licenseFee003", t_refine(#{"MyModule.value1"}[value], t_int, e_binop(b_gt, e_var(#{"MyModule.value1"}[value]), e_int(0))))))), e_binop(b_and, e_binop(b_eq, e_select(e_var(#{"MyModule.value1"}[value]), "MyModule.cost003"), e_binop(b_add, e_select(e_select(e_var(#{"MyModule.value1"}[value]), "MyModule.comp003"), "MyModule.cost003"), e_select(e_select(e_var(#{"MyModule.value1"}[value]), "MyModule.app003"), "MyModule.licenseFee003"))), e_binop(b_lt, e_select(e_var(#{"MyModule.value1"}[value]), "MyModule.cost003"), e_int(2000))))), e_binop(b_and, e_binop(b_gt, e_accum(#{"MyModule.x24"}[value], e_var(#{"MyModule.value2"}[value]), #{"MyModule.x25"}[value], e_ascribe(e_int(0), t_int), e_binop(b_add, e_var(#{"MyModule.x25"}[value]), e_int(1))), e_int(1)), e_binop(b_lt, e_accum(#{"MyModule.x26"}[value], e_var(#{"MyModule.value2"}[value]), #{"MyModule.x27"}[value], e_ascribe(e_int(0), t_int), e_binop(b_add, e_var(#{"MyModule.x27"}[value]), e_int(1))), e_int(13))))), e_binop(b_lt, e_accum(#{"MyModule.serv003"}[value], e_select(e_var(#{"MyModule.value1"}[value]), "MyModule.serv003"), #{"MyModule.s003"}[value], e_ascribe(e_int(0), t_int), e_binop(b_add, e_var(#{"MyModule.s003"}[value]), e_select(e_var(#{"MyModule.serv003"}[value]), "MyModule.cost003"))), e_int(10001)))
"MyModule.EligiblePerson003"	t_refine(#{"MyModule.value1"}[value], t_intersection(t_entity("MyModule.Name003", t_str), t_entity("MyModule.Age003", t_int)), e_binop(b_gt, e_select(e_var(#{"MyModule.value1"}[value]), "MyModule.Age003"), e_int(17)))
"MyModule.Server008"	t_refine(#{"MyModule.value1"}[value], t_intersection(t_entity("MyModule.comp008", t_entity("MyModule.cost008", t_refine(#{"MyModule.value1"}[value], t_int, e_binop(b_gt, e_var(#{"MyModule.value1"}[value]), e_int(0))))), t_intersection(t_entity("MyModule.cost008", t_refine(#{"MyModule.value1"}[value], t_int, e_binop(b_gt, e_var(#{"MyModule.value1"}[value]), e_int(0)))), t_entity("MyModule.app008", t_entity("MyModule.licenseFee008", t_refine(#{"MyModule.value1"}[value], t_int, e_binop(b_gt, e_var(#{"MyModule.value1"}[value]), e_int(0))))))), e_binop(b_and, e_binop(b_eq, e_select(e_var(#{"MyModule.value1"}[value]), "MyModule.cost008"), e_binop(b_add, e_select(e_select(e_var(#{"MyModule.value1"}[value]), "MyModule.comp008"), "MyModule.cost008"), e_select(e_select(e_var(#{"MyModule.value1"}[value]), "MyModule.app008"), "MyModule.licenseFee008"))), e_binop(b_lt, e_select(e_var(#{"MyModule.value1"}[value]), "MyModule.cost008"), e_int(2000))))
"MyModule.EligiblePerson002"	t_refine(#{"MyModule.value1"}[value], t_intersection(t_entity("MyModule.Name002", t_str), t_entity("MyModule.Age002", t_int)), e_binop(b_gt, e_select(e_var(#{"MyModule.value1"}[value]), "MyModule.Age002"), e_int(17)))
"MyModule.DataCenter004"	t_refine(#{"MyModule.value1"}[value], t_entity("MyModule.serv004", t_refine(#{"MyModule.value2"}[value], t_coll(t_refine(#{"MyModule.value1"}[value], t_intersection(t_entity("MyModule.comp004", t_entity("MyModule.cost004", t_refine(#{"MyModule.value1"}[value], t_int, e_binop(b_gt, e_var(#{"MyModule.value1"}[value]), e_int(0))))), t_intersection(t_entity("MyModule.cost004", t_refine(#{"MyModule.value1"}[value], t_int, e_binop(b_gt, e_var(#{"MyModule.value1"}[value]), e_int(0)))), t_entity("MyModule.app004", t_entity("MyModule.licenseFee004", t_refine(#{"MyModule.value1"}[value], t_int, e_binop(b_gt, e_var(#{"MyModule.value1"}[value]), e_int(0))))))), e_binop(b_and, e_binop(b_eq, e_select(e_var(#{"MyModule.value1"}[value]), "MyModule.cost004"), e_binop(b_add, e_select(e_select(e_var(#{"MyModule.value1"}[value]), "MyModule.comp004"), "MyModule.cost004"), e_select(e_select(e_var(#{"MyModule.value1"}[value]), "MyModule.app004"), "MyModule.licenseFee004"))), e_binop(b_lt, e_select(e_var(#{"MyModule.value1"}[value]), "MyModule.cost004"), e_int(2000))))), e_binop(b_and, e_binop(b_gt, e_accum(#{"MyModule.x32"}[value], e_var(#{"MyModule.value2"}[value]), #{"MyModule.x33"}[value], e_ascribe(e_int(0), t_int), e_binop(b_add, e_var(#{"MyModule.x33"}[value]), e_int(1))), e_int(1)), e_binop(b_lt, e_accum(#{"MyModule.x34"}[value], e_var(#{"MyModule.value2"}[value]), #{"MyModule.x35"}[value], e_ascribe(e_int(0), t_int), e_binop(b_add, e_var(#{"MyModule.x35"}[value]), e_int(1))), e_int(13))))), e_binop(b_lt, e_accum(#{"MyModule.serv004"}[value], e_select(e_var(#{"MyModule.value1"}[value]), "MyModule.serv004"), #{"MyModule.s004"}[value], e_ascribe(e_int(0), t_int), e_binop(b_add, e_var(#{"MyModule.s004"}[value]), e_select(e_var(#{"MyModule.serv004"}[value]), "MyModule.cost004"))), e_int(10001)))
"MyModule.Server007"	t_refine(#{"MyModule.value1"}[value], t_intersection(t_entity("MyModule.comp007", t_entity("MyModule.cost007", t_refine(#{"MyModule.value1"}[value], t_int, e_binop(b_gt, e_var(#{"MyModule.value1"}[value]), e_int(0))))), t_intersection(t_entity("MyModule.cost007", t_refine(#{"MyModule.value1"}[value], t_int, e_binop(b_gt, e_var(#{"MyModule.value1"}[value]), e_int(0)))), t_entity("MyModule.app007", t_entity("MyModule.licenseFee007", t_refine(#{"MyModule.value1"}[value], t_int, e_binop(b_gt, e_var(#{"MyModule.value1"}[value]), e_int(0))))))), e_binop(b_and, e_binop(b_eq, e_select(e_var(#{"MyModule.value1"}[value]), "MyModule.cost007"), e_binop(b_add, e_select(e_select(e_var(#{"MyModule.value1"}[value]), "MyModule.comp007"), "MyModule.cost007"), e_select(e_select(e_var(#{"MyModule.value1"}[value]), "MyModule.app007"), "MyModule.licenseFee007"))), e_binop(b_lt, e_select(e_var(#{"MyModule.value1"}[value]), "MyModule.cost007"), e_int(2000))))
"MyModule.Server002"	t_refine(#{"MyModule.value1"}[value], t_intersection(t_entity("MyModule.comp002", t_entity("MyModule.cost002", t_refine(#{"MyModule.value1"}[value], t_int, e_binop(b_gt, e_var(#{"MyModule.value1"}[value]), e_int(0))))), t_intersection(t_entity("MyModule.cost002", t_refine(#{"MyModule.value1"}[value], t_int, e_binop(b_gt, e_var(#{"MyModule.value1"}[value]), e_int(0)))), t_entity("MyModule.app002", t_entity("MyModule.licenseFee002", t_refine(#{"MyModule.value1"}[value], t_int, e_binop(b_gt, e_var(#{"MyModule.value1"}[value]), e_int(0))))))), e_binop(b_and, e_binop(b_eq, e_select(e_var(#{"MyModule.value1"}[value]), "MyModule.cost002"), e_binop(b_add, e_select(e_select(e_var(#{"MyModule.value1"}[value]), "MyModule.comp002"), "MyModule.cost002"), e_select(e_select(e_var(#{"MyModule.value1"}[value]), "MyModule.app002"), "MyModule.licenseFee002"))), e_binop(b_lt, e_select(e_var(#{"MyModule.value1"}[value]), "MyModule.cost002"), e_int(2000))))
"MyModule.Expression008"	t_refine(#{"MyModule.x68"}[value], t_any, e_app("$MyModule.Expression008", [e_var(#{"MyModule.x68"}[value])]))
"MyModule.EligiblePerson009"	t_refine(#{"MyModule.value1"}[value], t_intersection(t_entity("MyModule.Name009", t_str), t_entity("MyModule.Age009", t_int)), e_binop(b_gt, e_select(e_var(#{"MyModule.value1"}[value]), "MyModule.Age009"), e_int(17)))
"MyModule.Server001"	t_refine(#{"MyModule.value1"}[value], t_intersection(t_entity("MyModule.comp001", t_entity("MyModule.cost001", t_refine(#{"MyModule.value1"}[value], t_int, e_binop(b_gt, e_var(#{"MyModule.value1"}[value]), e_int(0))))), t_intersection(t_entity("MyModule.cost001", t_refine(#{"MyModule.value1"}[value], t_int, e_binop(b_gt, e_var(#{"MyModule.value1"}[value]), e_int(0)))), t_entity("MyModule.app001", t_entity("MyModule.licenseFee001", t_refine(#{"MyModule.value1"}[value], t_int, e_binop(b_gt, e_var(#{"MyModule.value1"}[value]), e_int(0))))))), e_binop(b_and, e_binop(b_eq, e_select(e_var(#{"MyModule.value1"}[value]), "MyModule.cost001"), e_binop(b_add, e_select(e_select(e_var(#{"MyModule.value1"}[value]), "MyModule.comp001"), "MyModule.cost001"), e_select(e_select(e_var(#{"MyModule.value1"}[value]), "MyModule.app001"), "MyModule.licenseFee001"))), e_binop(b_lt, e_select(e_var(#{"MyModule.value1"}[value]), "MyModule.cost001"), e_int(2000))))
"MyModule.EligiblePerson008"	t_refine(#{"MyModule.value1"}[value], t_intersection(t_entity("MyModule.Name008", t_str), t_entity("MyModule.Age008", t_int)), e_binop(b_gt, e_select(e_var(#{"MyModule.value1"}[value]), "MyModule.Age008"), e_int(17)))
"MyModule.Expression009"	t_refine(#{"MyModule.x76"}[value], t_any, e_app("$MyModule.Expression009", [e_var(#{"MyModule.x76"}[value])]))
"MyModule.Server004"	t_refine(#{"MyModule.value1"}[value], t_intersection(t_entity("MyModule.comp004", t_entity("MyModule.cost004", t_refine(#{"MyModule.value1"}[value], t_int, e_binop(b_gt, e_var(#{"MyModule.value1"}[value]), e_int(0))))), t_intersection(t_entity("MyModule.cost004", t_refine(#{"MyModule.value1"}[value], t_int, e_binop(b_gt, e_var(#{"MyModule.value1"}[value]), e_int(0)))), t_entity("MyModule.app004", t_entity("MyModule.licenseFee004", t_refine(#{"MyModule.value1"}[value], t_int, e_binop(b_gt, e_var(#{"MyModule.value1"}[value]), e_int(0))))))), e_binop(b_and, e_binop(b_eq, e_select(e_var(#{"MyModule.value1"}[value]), "MyModule.cost004"), e_binop(b_add, e_select(e_select(e_var(#{"MyModule.value1"}[value]), "MyModule.comp004"), "MyModule.cost004"), e_select(e_select(e_var(#{"MyModule.value1"}[value]), "MyModule.app004"), "MyModule.licenseFee004"))), e_binop(b_lt, e_select(e_var(#{"MyModule.value1"}[value]), "MyModule.cost004"), e_int(2000))))
"MyModule.Expression006"	t_refine(#{"MyModule.x52"}[value], t_any, e_app("$MyModule.Expression006", [e_var(#{"MyModule.x52"}[value])]))
"MyModule.EligiblePerson007"	t_refine(#{"MyModule.value1"}[value], t_intersection(t_entity("MyModule.Name007", t_str), t_entity("MyModule.Age007", t_int)), e_binop(b_gt, e_select(e_var(#{"MyModule.value1"}[value]), "MyModule.Age007"), e_int(17)))
"MyModule.DataCenter000"	t_refine(#{"MyModule.value1"}[value], t_entity("MyModule.serv000", t_refine(#{"MyModule.value2"}[value], t_coll(t_refine(#{"MyModule.value1"}[value], t_intersection(t_entity("MyModule.comp000", t_entity("MyModule.cost000", t_refine(#{"MyModule.value1"}[value], t_int, e_binop(b_gt, e_var(#{"MyModule.value1"}[value]), e_int(0))))), t_intersection(t_entity("MyModule.cost000", t_refine(#{"MyModule.value1"}[value], t_int, e_binop(b_gt, e_var(#{"MyModule.value1"}[value]), e_int(0)))), t_entity("MyModule.app000", t_entity("MyModule.licenseFee000", t_refine(#{"MyModule.value1"}[value], t_int, e_binop(b_gt, e_var(#{"MyModule.value1"}[value]), e_int(0))))))), e_binop(b_and, e_binop(b_eq, e_select(e_var(#{"MyModule.value1"}[value]), "MyModule.cost000"), e_binop(b_add, e_select(e_select(e_var(#{"MyModule.value1"}[value]), "MyModule.comp000"), "MyModule.cost000"), e_select(e_select(e_var(#{"MyModule.value1"}[value]), "MyModule.app000"), "MyModule.licenseFee000"))), e_binop(b_lt, e_select(e_var(#{"MyModule.value1"}[value]), "MyModule.cost000"), e_int(2000))))), e_binop(b_and, e_binop(b_gt, e_accum(#{"MyModule.x0"}[value], e_var(#{"MyModule.value2"}[value]), #{"MyModule.x1"}[value], e_ascribe(e_int(0), t_int), e_binop(b_add, e_var(#{"MyModule.x1"}[value]), e_int(1))), e_int(1)), e_binop(b_lt, e_accum(#{"MyModule.x2"}[value], e_var(#{"MyModule.value2"}[value]), #{"MyModule.x3"}[value], e_ascribe(e_int(0), t_int), e_binop(b_add, e_var(#{"MyModule.x3"}[value]), e_int(1))), e_int(13))))), e_binop(b_lt, e_accum(#{"MyModule.serv000"}[value], e_select(e_var(#{"MyModule.value1"}[value]), "MyModule.serv000"), #{"MyModule.s000"}[value], e_ascribe(e_int(0), t_int), e_binop(b_add, e_var(#{"MyModule.s000"}[value]), e_select(e_var(#{"MyModule.serv000"}[value]), "MyModule.cost000"))), e_int(10001)))
"MyModule.Server003"	t_refine(#{"MyModule.value1"}[value], t_intersection(t_entity("MyModule.comp003", t_entity("MyModule.cost003", t_refine(#{"MyModule.value1"}[value], t_int, e_binop(b_gt, e_var(#{"MyModule.value1"}[value]), e_int(0))))), t_intersection(t_entity("MyModule.cost003", t_refine(#{"MyModule.value1"}[value], t_int, e_binop(b_gt, e_var(#{"MyModule.value1"}[value]), e_int(0)))), t_entity("MyModule.app003", t_entity("MyModule.licenseFee003", t_refine(#{"MyModule.value1"}[value], t_int, e_binop(b_gt, e_var(#{"MyModule.value1"}[value]), e_int(0))))))), e_binop(b_and, e_binop(b_eq, e_select(e_var(#{"MyModule.value1"}[value]), "MyModule.cost003"), e_binop(b_add, e_select(e_select(e_var(#{"MyModule.value1"}[value]), "MyModule.comp003"), "MyModule.cost003"), e_select(e_select(e_var(#{"MyModule.value1"}[value]), "MyModule.app003"), "MyModule.licenseFee003"))), e_binop(b_lt, e_select(e_var(#{"MyModule.value1"}[value]), "MyModule.cost003"), e_int(2000))))
"MyModule.EligiblePerson006"	t_refine(#{"MyModule.value1"}[value], t_intersection(t_entity("MyModule.Name006", t_str), t_entity("MyModule.Age006", t_int)), e_binop(b_gt, e_select(e_var(#{"MyModule.value1"}[value]), "MyModule.Age006"), e_int(17)))
"MyModule.Expression007"	t_refine(#{"MyModule.x60"}[value], t_any, e_app("$MyModule.Expression007", [e_var(#{"MyModule.x60"}[value])]))
"MyModule.Expression004"	t_refine(#{"MyModule.x36"}[value], t_any, e_app("$MyModule.Expression004", [e_var(#{"MyModule.x36"}[value])]))
"MyModule.Expression005"	t_refine(#{"MyModule.x44"}[value], t_any, e_app("$MyModule.Expression005", [e_var(#{"MyModule.x44"}[value])]))
"Text"	t_str
"MyModule.Server000"	t_refine(#{"MyModule.value1"}[value], t_intersection(t_entity("MyModule.comp000", t_entity("MyModule.cost000", t_refine(#{"MyModule.value1"}[value], t_int, e_binop(b_gt, e_var(#{"MyModule.value1"}[value]), e_int(0))))), t_intersection(t_entity("MyModule.cost000", t_refine(#{"MyModule.value1"}[value], t_int, e_binop(b_gt, e_var(#{"MyModule.value1"}[value]), e_int(0)))), t_entity("MyModule.app000", t_entity("MyModule.licenseFee000", t_refine(#{"MyModule.value1"}[value], t_int, e_binop(b_gt, e_var(#{"MyModule.value1"}[value]), e_int(0))))))), e_binop(b_and, e_binop(b_eq, e_select(e_var(#{"MyModule.value1"}[value]), "MyModule.cost000"), e_binop(b_add, e_select(e_select(e_var(#{"MyModule.value1"}[value]), "MyModule.comp000"), "MyModule.cost000"), e_select(e_select(e_var(#{"MyModule.value1"}[value]), "MyModule.app000"), "MyModule.licenseFee000"))), e_binop(b_lt, e_select(e_var(#{"MyModule.value1"}[value]), "MyModule.cost000"), e_int(2000))))
"MyModule.Expression002"	t_refine(#{"MyModule.x20"}[value], t_any, e_app("$MyModule.Expression002", [e_var(#{"MyModule.x20"}[value])]))
"MyModule.Expression003"	t_refine(#{"MyModule.x28"}[value], t_any, e_app("$MyModule.Expression003", [e_var(#{"MyModule.x28"}[value])]))
"MyModule.Expression000"	t_refine(#{"MyModule.x4"}[value], t_any, e_app("$MyModule.Expression000", [e_var(#{"MyModule.x4"}[value])]))
"MyModule.Expression001"	t_refine(#{"MyModule.x12"}[value], t_any, e_app("$MyModule.Expression001", [e_var(#{"MyModule.x12"}[value])]))
"MyModule.Statement006"	t_refine(#{"MyModule.x54"}[value], t_any, e_app("$MyModule.Statement006", [e_var(#{"MyModule.x54"}[value])]))
"MyModule.Statement005"	t_refine(#{"MyModule.x46"}[value], t_any, e_app("$MyModule.Statement005", [e_var(#{"MyModule.x46"}[value])]))
"MyModule.Statement008"	t_refine(#{"MyModule.x70"}[value], t_any, e_app("$MyModule.Statement008", [e_var(#{"MyModule.x70"}[value])]))
"MyModule.Statement007"	t_refine(#{"MyModule.x62"}[value], t_any, e_app("$MyModule.Statement007", [e_var(#{"MyModule.x62"}[value])]))
"MyModule.Statement002"	t_refine(#{"MyModule.x22"}[value], t_any, e_app("$MyModule.Statement002", [e_var(#{"MyModule.x22"}[value])]))
"MyModule.Statement001"	t_refine(#{"MyModule.x14"}[value], t_any, e_app("$MyModule.Statement001", [e_var(#{"MyModule.x14"}[value])]))
"MyModule.Statement004"	t_refine(#{"MyModule.x38"}[value], t_any, e_app("$MyModule.Statement004", [e_var(#{"MyModule.x38"}[value])]))
"MyModule.Statement003"	t_refine(#{"MyModule.x30"}[value], t_any, e_app("$MyModule.Statement003", [e_var(#{"MyModule.x30"}[value])]))
"MyModule.Statement000"	t_refine(#{"MyModule.x6"}[value], t_any, e_app("$MyModule.Statement000", [e_var(#{"MyModule.x6"}[value])]))
"MyModule.EligiblePerson001"	t_refine(#{"MyModule.value1"}[value], t_intersection(t_entity("MyModule.Name001", t_str), t_entity("MyModule.Age001", t_int)), e_binop(b_gt, e_select(e_var(#{"MyModule.value1"}[value]), "MyModule.Age001"), e_int(17)))
"MyModule.EligiblePerson000"	t_refine(#{"MyModule.value1"}[value], t_intersection(t_entity("MyModule.Name000", t_str), t_entity("MyModule.Age000", t_int)), e_binop(b_gt, e_select(e_var(#{"MyModule.value1"}[value]), "MyModule.Age000"), e_int(17)))
"MyModule.DataCenter009"	t_refine(#{"MyModule.value1"}[value], t_entity("MyModule.serv009", t_refine(#{"MyModule.value2"}[value], t_coll(t_refine(#{"MyModule.value1"}[value], t_intersection(t_entity("MyModule.comp009", t_entity("MyModule.cost009", t_refine(#{"MyModule.value1"}[value], t_int, e_binop(b_gt, e_var(#{"MyModule.value1"}[value]), e_int(0))))), t_intersection(t_entity("MyModule.cost009", t_refine(#{"MyModule.value1"}[value], t_int, e_binop(b_gt, e_var(#{"MyModule.value1"}[value]), e_int(0)))), t_entity("MyModule.app009", t_entity("MyModule.licenseFee009", t_refine(#{"MyModule.value1"}[value], t_int, e_binop(b_gt, e_var(#{"MyModule.value1"}[value]), e_int(0))))))), e_binop(b_and, e_binop(b_eq, e_select(e_var(#{"MyModule.value1"}[value]), "MyModule.cost009"), e_binop(b_add, e_select(e_select(e_var(#{"MyModule.value1"}[value]), "MyModule.comp009"), "MyModule.cost009"), e_select(e_select(e_var(#{"MyModule.value1"}[value]), "MyModule.app009"), "MyModule.licenseFee009"))), e_binop(b_lt, e_select(e_var(#{"MyModule.value1"}[value]), "MyModule.cost009"), e_int(2000))))), e_binop(b_and, e_binop(b_gt, e_accum(#{"MyModule.x72"}[value], e_var(#{"MyModule.value2"}[value]), #{"MyModule.x73"}[value], e_ascribe(e_int(0), t_int), e_binop(b_add, e_var(#{"MyModule.x73"}[value]), e_int(1))), e_int(1)), e_binop(b_lt, e_accum(#{"MyModule.x74"}[value], e_var(#{"MyModule.value2"}[value]), #{"MyModule.x75"}[value], e_ascribe(e_int(0), t_int), e_binop(b_add, e_var(#{"MyModule.x75"}[value]), e_int(1))), e_int(13))))), e_binop(b_lt, e_accum(#{"MyModule.serv009"}[value], e_select(e_var(#{"MyModule.value1"}[value]), "MyModule.serv009"), #{"MyModule.s009"}[value], e_ascribe(e_int(0), t_int), e_binop(b_add, e_var(#{"MyModule.s009"}[value]), e_select(e_var(#{"MyModule.serv009"}[value]), "MyModule.cost009"))), e_int(10001)))
"MyModule.DataCenter005"	t_refine(#{"MyModule.value1"}[value], t_entity("MyModule.serv005", t_refine(#{"MyModule.value2"}[value], t_coll(t_refine(#{"MyModule.value1"}[value], t_intersection(t_entity("MyModule.comp005", t_entity("MyModule.cost005", t_refine(#{"MyModule.value1"}[value], t_int, e_binop(b_gt, e_var(#{"MyModule.value1"}[value]), e_int(0))))), t_intersection(t_entity("MyModule.cost005", t_refine(#{"MyModule.value1"}[value], t_int, e_binop(b_gt, e_var(#{"MyModule.value1"}[value]), e_int(0)))), t_entity("MyModule.app005", t_entity("MyModule.licenseFee005", t_refine(#{"MyModule.value1"}[value], t_int, e_binop(b_gt, e_var(#{"MyModule.value1"}[value]), e_int(0))))))), e_binop(b_and, e_binop(b_eq, e_select(e_var(#{"MyModule.value1"}[value]), "MyModule.cost005"), e_binop(b_add, e_select(e_select(e_var(#{"MyModule.value1"}[value]), "MyModule.comp005"), "MyModule.cost005"), e_select(e_select(e_var(#{"MyModule.value1"}[value]), "MyModule.app005"), "MyModule.licenseFee005"))), e_binop(b_lt, e_select(e_var(#{"MyModule.value1"}[value]), "MyModule.cost005"), e_int(2000))))), e_binop(b_and, e_binop(b_gt, e_accum(#{"MyModule.x40"}[value], e_var(#{"MyModule.value2"}[value]), #{"MyModule.x41"}[value], e_ascribe(e_int(0), t_int), e_binop(b_add, e_var(#{"MyModule.x41"}[value]), e_int(1))), e_int(1)), e_binop(b_lt, e_accum(#{"MyModule.x42"}[value], e_var(#{"MyModule.value2"}[value]), #{"MyModule.x43"}[value], e_ascribe(e_int(0), t_int), e_binop(b_add, e_var(#{"MyModule.x43"}[value]), e_int(1))), e_int(13))))), e_binop(b_lt, e_accum(#{"MyModule.serv005"}[value], e_select(e_var(#{"MyModule.value1"}[value]), "MyModule.serv005"), #{"MyModule.s005"}[value], e_ascribe(e_int(0), t_int), e_binop(b_add, e_var(#{"MyModule.s005"}[value]), e_select(e_var(#{"MyModule.serv005"}[value]), "MyModule.cost005"))), e_int(10001)))
"MyModule.DataCenter006"	t_refine(#{"MyModule.value1"}[value], t_entity("MyModule.serv006", t_refine(#{"MyModule.value2"}[value], t_coll(t_refine(#{"MyModule.value1"}[value], t_intersection(t_entity("MyModule.comp006", t_entity("MyModule.cost006", t_refine(#{"MyModule.value1"}[value], t_int, e_binop(b_gt, e_var(#{"MyModule.value1"}[value]), e_int(0))))), t_intersection(t_entity("MyModule.cost006", t_refine(#{"MyModule.value1"}[value], t_int, e_binop(b_gt, e_var(#{"MyModule.value1"}[value]), e_int(0)))), t_entity("MyModule.app006", t_entity("MyModule.licenseFee006", t_refine(#{"MyModule.value1"}[value], t_int, e_binop(b_gt, e_var(#{"MyModule.value1"}[value]), e_int(0))))))), e_binop(b_and, e_binop(b_eq, e_select(e_var(#{"MyModule.value1"}[value]), "MyModule.cost006"), e_binop(b_add, e_select(e_select(e_var(#{"MyModule.value1"}[value]), "MyModule.comp006"), "MyModule.cost006"), e_select(e_select(e_var(#{"MyModule.value1"}[value]), "MyModule.app006"), "MyModule.licenseFee006"))), e_binop(b_lt, e_select(e_var(#{"MyModule.value1"}[value]), "MyModule.cost006"), e_int(2000))))), e_binop(b_and, e_binop(b_gt, e_accum(#{"MyModule.x48"}[value], e_var(#{"MyModule.value2"}[value]), #{"MyModule.x49"}[value], e_ascribe(e_int(0), t_int), e_binop(b_add, e_var(#{"MyModule.x49"}[value]), e_int(1))), e_int(1)), e_binop(b_lt, e_accum(#{"MyModule.x50"}[value], e_var(#{"MyModule.value2"}[value]), #{"MyModule.x51"}[value], e_ascribe(e_int(0), t_int), e_binop(b_add, e_var(#{"MyModule.x51"}[value]), e_int(1))), e_int(13))))), e_binop(b_lt, e_accum(#{"MyModule.serv006"}[value], e_select(e_var(#{"MyModule.value1"}[value]), "MyModule.serv006"), #{"MyModule.s006"}[value], e_ascribe(e_int(0), t_int), e_binop(b_add, e_var(#{"MyModule.s006"}[value]), e_select(e_var(#{"MyModule.serv006"}[value]), "MyModule.cost006"))), e_int(10001)))
"MyModule.DataCenter007"	t_refine(#{"MyModule.value1"}[value], t_entity("MyModule.serv007", t_refine(#{"MyModule.value2"}[value], t_coll(t_refine(#{"MyModule.value1"}[value], t_intersection(t_entity("MyModule.comp007", t_entity("MyModule.cost007", t_refine(#{"MyModule.value1"}[value], t_int, e_binop(b_gt, e_var(#{"MyModule.value1"}[value]), e_int(0))))), t_intersection(t_entity("MyModule.cost007", t_refine(#{"MyModule.value1"}[value], t_int, e_binop(b_gt, e_var(#{"MyModule.value1"}[value]), e_int(0)))), t_entity("MyModule.app007", t_entity("MyModule.licenseFee007", t_refine(#{"MyModule.value1"}[value], t_int, e_binop(b_gt, e_var(#{"MyModule.value1"}[value]), e_int(0))))))), e_binop(b_and, e_binop(b_eq, e_select(e_var(#{"MyModule.value1"}[value]), "MyModule.cost007"), e_binop(b_add, e_select(e_select(e_var(#{"MyModule.value1"}[value]), "MyModule.comp007"), "MyModule.cost007"), e_select(e_select(e_var(#{"MyModule.value1"}[value]), "MyModule.app007"), "MyModule.licenseFee007"))), e_binop(b_lt, e_select(e_var(#{"MyModule.value1"}[value]), "MyModule.cost007"), e_int(2000))))), e_binop(b_and, e_binop(b_gt, e_accum(#{"MyModule.x56"}[value], e_var(#{"MyModule.value2"}[value]), #{"MyModule.x57"}[value], e_ascribe(e_int(0), t_int), e_binop(b_add, e_var(#{"MyModule.x57"}[value]), e_int(1))), e_int(1)), e_binop(b_lt, e_accum(#{"MyModule.x58"}[value], e_var(#{"MyModule.value2"}[value]), #{"MyModule.x59"}[value], e_ascribe(e_int(0), t_int), e_binop(b_add, e_var(#{"MyModule.x59"}[value]), e_int(1))), e_int(13))))), e_binop(b_lt, e_accum(#{"MyModule.serv007"}[value], e_select(e_var(#{"MyModule.value1"}[value]), "MyModule.serv007"), #{"MyModule.s007"}[value], e_ascribe(e_int(0), t_int), e_binop(b_add, e_var(#{"MyModule.s007"}[value]), e_select(e_var(#{"MyModule.serv007"}[value]), "MyModule.cost007"))), e_int(10001)))
"MyModule.DataCenter008"	t_refine(#{"MyModule.value1"}[value], t_entity("MyModule.serv008", t_refine(#{"MyModule.value2"}[value], t_coll(t_refine(#{"MyModule.value1"}[value], t_intersection(t_entity("MyModule.comp008", t_entity("MyModule.cost008", t_refine(#{"MyModule.value1"}[value], t_int, e_binop(b_gt, e_var(#{"MyModule.value1"}[value]), e_int(0))))), t_intersection(t_entity("MyModule.cost008", t_refine(#{"MyModule.value1"}[value], t_int, e_binop(b_gt, e_var(#{"MyModule.value1"}[value]), e_int(0)))), t_entity("MyModule.app008", t_entity("MyModule.licenseFee008", t_refine(#{"MyModule.value1"}[value], t_int, e_binop(b_gt, e_var(#{"MyModule.value1"}[value]), e_int(0))))))), e_binop(b_and, e_binop(b_eq, e_select(e_var(#{"MyModule.value1"}[value]), "MyModule.cost008"), e_binop(b_add, e_select(e_select(e_var(#{"MyModule.value1"}[value]), "MyModule.comp008"), "MyModule.cost008"), e_select(e_select(e_var(#{"MyModule.value1"}[value]), "MyModule.app008"), "MyModule.licenseFee008"))), e_binop(b_lt, e_select(e_var(#{"MyModule.value1"}[value]), "MyModule.cost008"), e_int(2000))))), e_binop(b_and, e_binop(b_gt, e_accum(#{"MyModule.x64"}[value], e_var(#{"MyModule.value2"}[value]), #{"MyModule.x65"}[value], e_ascribe(e_int(0), t_int), e_binop(b_add, e_var(#{"MyModule.x65"}[value]), e_int(1))), e_int(1)), e_binop(b_lt, e_accum(#{"MyModule.x66"}[value], e_var(#{"MyModule.value2"}[value]), #{"MyModule.x67"}[value], e_ascribe(e_int(0), t_int), e_binop(b_add, e_var(#{"MyModule.x67"}[value]), e_int(1))), e_int(13))))), e_binop(b_lt, e_accum(#{"MyModule.serv008"}[value], e_select(e_var(#{"MyModule.value1"}[value]), "MyModule.serv008"), #{"MyModule.s008"}[value], e_ascribe(e_int(0), t_int), e_binop(b_add, e_var(#{"MyModule.s008"}[value]), e_select(e_var(#{"MyModule.serv008"}[value]), "MyModule.cost008"))), e_int(10001)))
"MyModule.Pos000"	t_refine(#{"MyModule.value1"}[value], t_int, e_binop(b_gt, e_var(#{"MyModule.value1"}[value]), e_int(0)))
"MyModule.T_tt007"	t_intersection(t_entity("MyModule.tag007", t_singleton(e_int(42), t_any)), t_entity("MyModule.bar007", t_int))
"MyModule.Pos001"	t_refine(#{"MyModule.value1"}[value], t_int, e_binop(b_gt, e_var(#{"MyModule.value1"}[value]), e_int(0)))
"MyModule.T_tt008"	t_intersection(t_entity("MyModule.tag008", t_singleton(e_int(42), t_any)), t_entity("MyModule.bar008", t_int))
"MyModule.T_tt005"	t_intersection(t_entity("MyModule.tag005", t_singleton(e_int(42), t_any)), t_entity("MyModule.bar005", t_int))
"MyModule.T_tt006"	t_intersection(t_entity("MyModule.tag006", t_singleton(e_int(42), t_any)), t_entity("MyModule.bar006", t_int))
"MyModule.T_tt003"	t_intersection(t_entity("MyModule.tag003", t_singleton(e_int(42), t_any)), t_entity("MyModule.bar003", t_int))
"MyModule.Pos004"	t_refine(#{"MyModule.value1"}[value], t_int, e_binop(b_gt, e_var(#{"MyModule.value1"}[value]), e_int(0)))
"MyModule.T_ff000"	t_intersection(t_entity("MyModule.tag000", t_singleton(e_int(43), t_any)), t_entity("MyModule.foo000", t_str))
"MyModule.T_tt004"	t_intersection(t_entity("MyModule.tag004", t_singleton(e_int(42), t_any)), t_entity("MyModule.bar004", t_int))
"MyModule.Pos005"	t_refine(#{"MyModule.value1"}[value], t_int, e_binop(b_gt, e_var(#{"MyModule.value1"}[value]), e_int(0)))
"MyModule.T_tt001"	t_intersection(t_entity("MyModule.tag001", t_singleton(e_int(42), t_any)), t_entity("MyModule.bar001", t_int))
"MyModule.Pos002"	t_refine(#{"MyModule.value1"}[value], t_int, e_binop(b_gt, e_var(#{"MyModule.value1"}[value]), e_int(0)))
"MyModule.T_tt002"	t_intersection(t_entity("MyModule.tag002", t_singleton(e_int(42), t_any)), t_entity("MyModule.bar002", t_int))
"MyModule.Pos003"	t_refine(#{"MyModule.value1"}[value], t_int, e_binop(b_gt, e_var(#{"MyModule.value1"}[value]), e_int(0)))
"MyModule.Pos008"	t_refine(#{"MyModule.value1"}[value], t_int, e_binop(b_gt, e_var(#{"MyModule.value1"}[value]), e_int(0)))
"MyModule.Pos009"	t_refine(#{"MyModule.value1"}[value], t_int, e_binop(b_gt, e_var(#{"MyModule.value1"}[value]), e_int(0)))
"MyModule.Pos006"	t_refine(#{"MyModule.value1"}[value], t_int, e_binop(b_gt, e_var(#{"MyModule.value1"}[value]), e_int(0)))
"MyModule.Pos007"	t_refine(#{"MyModule.value1"}[value], t_int, e_binop(b_gt, e_var(#{"MyModule.value1"}[value]), e_int(0)))
"Any"	t_any
"MyModule.T_tt009"	t_intersection(t_entity("MyModule.tag009", t_singleton(e_int(42), t_any)), t_entity("MyModule.bar009", t_int))
"MyModule.Person008"	t_intersection(t_entity("MyModule.Name008", t_str), t_entity("MyModule.Age008", t_int))
"MyModule.Person007"	t_intersection(t_entity("MyModule.Name007", t_str), t_entity("MyModule.Age007", t_int))
"MyModule.T_ff009"	t_intersection(t_entity("MyModule.tag009", t_singleton(e_int(43), t_any)), t_entity("MyModule.foo009", t_str))
"MyModule.Person009"	t_intersection(t_entity("MyModule.Name009", t_str), t_entity("MyModule.Age009", t_int))
"MyModule.Person004"	t_intersection(t_entity("MyModule.Name004", t_str), t_entity("MyModule.Age004", t_int))
"MyModule.Person003"	t_intersection(t_entity("MyModule.Name003", t_str), t_entity("MyModule.Age003", t_int))
"MyModule.Person006"	t_intersection(t_entity("MyModule.Name006", t_str), t_entity("MyModule.Age006", t_int))
"MyModule.Person005"	t_intersection(t_entity("MyModule.Name005", t_str), t_entity("MyModule.Age005", t_int))
"MyModule.Person000"	t_intersection(t_entity("MyModule.Name000", t_str), t_entity("MyModule.Age000", t_int))
"MyModule.T_ff003"	t_intersection(t_entity("MyModule.tag003", t_singleton(e_int(43), t_any)), t_entity("MyModule.foo003", t_str))
"MyModule.T_tt000"	t_intersection(t_entity("MyModule.tag000", t_singleton(e_int(42), t_any)), t_entity("MyModule.bar000", t_int))
"MyModule.T_ff004"	t_intersection(t_entity("MyModule.tag004", t_singleton(e_int(43), t_any)), t_entity("MyModule.foo004", t_str))
"MyModule.T_ff001"	t_intersection(t_entity("MyModule.tag001", t_singleton(e_int(43), t_any)), t_entity("MyModule.foo001", t_str))
"MyModule.Person002"	t_intersection(t_entity("MyModule.Name002", t_str), t_entity("MyModule.Age002", t_int))
"MyModule.Person001"	t_intersection(t_entity("MyModule.Name001", t_str), t_entity("MyModule.Age001", t_int))
"MyModule.T_ff002"	t_intersection(t_entity("MyModule.tag002", t_singleton(e_int(43), t_any)), t_entity("MyModule.foo002", t_str))
"MyModule.T_ff007"	t_intersection(t_entity("MyModule.tag007", t_singleton(e_int(43), t_any)), t_entity("MyModule.foo007", t_str))
"MyModule.T_ff008"	t_intersection(t_entity("MyModule.tag008", t_singleton(e_int(43), t_any)), t_entity("MyModule.foo008", t_str))
"MyModule.T_ff005"	t_intersection(t_entity("MyModule.tag005", t_singleton(e_int(43), t_any)), t_entity("MyModule.foo005", t_str))
"MyModule.T_ff006"	t_intersection(t_entity("MyModule.tag006", t_singleton(e_int(43), t_any)), t_entity("MyModule.foo006", t_str))
"MyModule.Application003"	t_entity("MyModule.licenseFee003", t_refine(#{"MyModule.value1"}[value], t_int, e_binop(b_gt, e_var(#{"MyModule.value1"}[value]), e_int(0))))
"MyModule.Application002"	t_entity("MyModule.licenseFee002", t_refine(#{"MyModule.value1"}[value], t_int, e_binop(b_gt, e_var(#{"MyModule.value1"}[value]), e_int(0))))
"MyModule.Application005"	t_entity("MyModule.licenseFee005", t_refine(#{"MyModule.value1"}[value], t_int, e_binop(b_gt, e_var(#{"MyModule.value1"}[value]), e_int(0))))
"MyModule.Application004"	t_entity("MyModule.licenseFee004", t_refine(#{"MyModule.value1"}[value], t_int, e_binop(b_gt, e_var(#{"MyModule.value1"}[value]), e_int(0))))
"MyModule.Application007"	t_entity("MyModule.licenseFee007", t_refine(#{"MyModule.value1"}[value], t_int, e_binop(b_gt, e_var(#{"MyModule.value1"}[value]), e_int(0))))
"MyModule.Application006"	t_entity("MyModule.licenseFee006", t_refine(#{"MyModule.value1"}[value], t_int, e_binop(b_gt, e_var(#{"MyModule.value1"}[value]), e_int(0))))
"MyModule.Application009"	t_entity("MyModule.licenseFee009", t_refine(#{"MyModule.value1"}[value], t_int, e_binop(b_gt, e_var(#{"MyModule.value1"}[value]), e_int(0))))
"MyModule.Application008"	t_entity("MyModule.licenseFee008", t_refine(#{"MyModule.value1"}[value], t_int, e_binop(b_gt, e_var(#{"MyModule.value1"}[value]), e_int(0))))
"MyModule.Application001"	t_entity("MyModule.licenseFee001", t_refine(#{"MyModule.value1"}[value], t_int, e_binop(b_gt, e_var(#{"MyModule.value1"}[value]), e_int(0))))
"MyModule.Application000"	t_entity("MyModule.licenseFee000", t_refine(#{"MyModule.value1"}[value], t_int, e_binop(b_gt, e_var(#{"MyModule.value1"}[value]), e_int(0))))
"MyModule.Operator002"	t_refine(#{"MyModule.value1"}[value], t_str, e_binop(b_or, e_binop(b_or, e_binop(b_or, e_binop(b_eq, e_var(#{"MyModule.value1"}[value]), e_str("plus")), e_binop(b_eq, e_var(#{"MyModule.value1"}[value]), e_str("minus"))), e_binop(b_eq, e_var(#{"MyModule.value1"}[value]), e_str("times"))), e_binop(b_eq, e_var(#{"MyModule.value1"}[value]), e_str("<="))))
"MyModule.Computer008"	t_entity("MyModule.cost008", t_refine(#{"MyModule.value1"}[value], t_int, e_binop(b_gt, e_var(#{"MyModule.value1"}[value]), e_int(0))))
"MyModule.Operator003"	t_refine(#{"MyModule.value1"}[value], t_str, e_binop(b_or, e_binop(b_or, e_binop(b_or, e_binop(b_eq, e_var(#{"MyModule.value1"}[value]), e_str("plus")), e_binop(b_eq, e_var(#{"MyModule.value1"}[value]), e_str("minus"))), e_binop(b_eq, e_var(#{"MyModule.value1"}[value]), e_str("times"))), e_binop(b_eq, e_var(#{"MyModule.value1"}[value]), e_str("<="))))
"MyModule.Computer007"	t_entity("MyModule.cost007", t_refine(#{"MyModule.value1"}[value], t_int, e_binop(b_gt, e_var(#{"MyModule.value1"}[value]), e_int(0))))
"MyModule.Operator004"	t_refine(#{"MyModule.value1"}[value], t_str, e_binop(b_or, e_binop(b_or, e_binop(b_or, e_binop(b_eq, e_var(#{"MyModule.value1"}[value]), e_str("plus")), e_binop(b_eq, e_var(#{"MyModule.value1"}[value]), e_str("minus"))), e_binop(b_eq, e_var(#{"MyModule.value1"}[value]), e_str("times"))), e_binop(b_eq, e_var(#{"MyModule.value1"}[value]), e_str("<="))))
"MyModule.Computer006"	t_entity("MyModule.cost006", t_refine(#{"MyModule.value1"}[value], t_int, e_binop(b_gt, e_var(#{"MyModule.value1"}[value]), e_int(0))))
"MyModule.Computer005"	t_entity("MyModule.cost005", t_refine(#{"MyModule.value1"}[value], t_int, e_binop(b_gt, e_var(#{"MyModule.value1"}[value]), e_int(0))))
"MyModule.Operator005"	t_refine(#{"MyModule.value1"}[value], t_str, e_binop(b_or, e_binop(b_or, e_binop(b_or, e_binop(b_eq, e_var(#{"MyModule.value1"}[value]), e_str("plus")), e_binop(b_eq, e_var(#{"MyModule.value1"}[value]), e_str("minus"))), e_binop(b_eq, e_var(#{"MyModule.value1"}[value]), e_str("times"))), e_binop(b_eq, e_var(#{"MyModule.value1"}[value]), e_str("<="))))
"MyModule.Computer004"	t_entity("MyModule.cost004", t_refine(#{"MyModule.value1"}[value], t_int, e_binop(b_gt, e_var(#{"MyModule.value1"}[value]), e_int(0))))
"MyModule.Operator006"	t_refine(#{"MyModule.value1"}[value], t_str, e_binop(b_or, e_binop(b_or, e_binop(b_or, e_binop(b_eq, e_var(#{"MyModule.value1"}[value]), e_str("plus")), e_binop(b_eq, e_var(#{"MyModule.value1"}[value]), e_str("minus"))), e_binop(b_eq, e_var(#{"MyModule.value1"}[value]), e_str("times"))), e_binop(b_eq, e_var(#{"MyModule.value1"}[value]), e_str("<="))))
"MyModule.Computer003"	t_entity("MyModule.cost003", t_refine(#{"MyModule.value1"}[value], t_int, e_binop(b_gt, e_var(#{"MyModule.value1"}[value]), e_int(0))))
"MyModule.Operator007"	t_refine(#{"MyModule.value1"}[value], t_str, e_binop(b_or, e_binop(b_or, e_binop(b_or, e_binop(b_eq, e_var(#{"MyModule.value1"}[value]), e_str("plus")), e_binop(b_eq, e_var(#{"MyModule.value1"}[value]), e_str("minus"))), e_binop(b_eq, e_var(#{"MyModule.value1"}[value]), e_str("times"))), e_binop(b_eq, e_var(#{"MyModule.value1"}[value]), e_str("<="))))
"MyModule.Computer002"	t_entity("MyModule.cost002", t_refine(#{"MyModule.value1"}[value], t_int, e_binop(b_gt, e_var(#{"MyModule.value1"}[value]), e_int(0))))
"MyModule.Operator008"	t_refine(#{"MyModule.value1"}[value], t_str, e_binop(b_or, e_binop(b_or, e_binop(b_or, e_binop(b_eq, e_var(#{"MyModule.value1"}[value]), e_str("plus")), e_binop(b_eq, e_var(#{"MyModule.value1"}[value]), e_str("minus"))), e_binop(b_eq, e_var(#{"MyModule.value1"}[value]), e_str("times"))), e_binop(b_eq, e_var(#{"MyModule.value1"}[value]), e_str("<="))))
"MyModule.Computer001"	t_entity("MyModule.cost001", t_refine(#{"MyModule.value1"}[value], t_int, e_binop(b_gt, e_var(#{"MyModule.value1"}[value]), e_int(0))))
"MyModule.Operator009"	t_refine(#{"MyModule.value1"}[value], t_str, e_binop(b_or, e_binop(b_or, e_binop(b_or, e_binop(b_eq, e_var(#{"MyModule.value1"}[value]), e_str("plus")), e_binop(b_eq, e_var(#{"MyModule.value1"}[value]), e_str("minus"))), e_binop(b_eq, e_var(#{"MyModule.value1"}[value]), e_str("times"))), e_binop(b_eq, e_var(#{"MyModule.value1"}[value]), e_str("<="))))
"MyModule.Operator000"	t_refine(#{"MyModule.value1"}[value], t_str, e_binop(b_or, e_binop(b_or, e_binop(b_or, e_binop(b_eq, e_var(#{"MyModule.value1"}[value]), e_str("plus")), e_binop(b_eq, e_var(#{"MyModule.value1"}[value]), e_str("minus"))), e_binop(b_eq, e_var(#{"MyModule.value1"}[value]), e_str("times"))), e_binop(b_eq, e_var(#{"MyModule.value1"}[value]), e_str("<="))))
"MyModule.Operator001"	t_refine(#{"MyModule.value1"}[value], t_str, e_binop(b_or, e_binop(b_or, e_binop(b_or, e_binop(b_eq, e_var(#{"MyModule.value1"}[value]), e_str("plus")), e_binop(b_eq, e_var(#{"MyModule.value1"}[value]), e_str("minus"))), e_binop(b_eq, e_var(#{"MyModule.value1"}[value]), e_str("times"))), e_binop(b_eq, e_var(#{"MyModule.value1"}[value]), e_str("<="))))
"MyModule.Computer009"	t_entity("MyModule.cost009", t_refine(#{"MyModule.value1"}[value], t_int, e_binop(b_gt, e_var(#{"MyModule.value1"}[value]), e_int(0))))
