"MyModule.Computer000"	t_entity("MyModule.cost000", t_refine(smt_var__string__value("MyModule.value1"), t_int, e_binop(b_gt, e_var(smt_var__string__value("MyModule.value1")), e_int(0))))
"MyModule.Store001"	t_coll(t_intersection(t_entity("MyModule.name001", t_str), t_entity("MyModule.val001", t_int)))
"MyModule.Store002"	t_coll(t_intersection(t_entity("MyModule.name002", t_str), t_entity("MyModule.val002", t_int)))
"MyModule.Marriage008"	t_intersection(t_entity("MyModule.SpouseA008", t_refine(smt_var__string__value("MyModule.value1"), t_intersection(t_entity("MyModule.Name008", t_str), t_entity("MyModule.Age008", t_int)), e_binop(b_gt, e_select(e_var(smt_var__string__value("MyModule.value1")), "MyModule.Age008"), e_int(17)))), t_entity("MyModule.SpouseB008", t_refine(smt_var__string__value("MyModule.value1"), t_intersection(t_entity("MyModule.Name008", t_str), t_entity("MyModule.Age008", t_int)), e_binop(b_gt, e_select(e_var(smt_var__string__value("MyModule.value1")), "MyModule.Age008"), e_int(17)))))
"MyModule.Store000"	t_coll(t_intersection(t_entity("MyModule.name000", t_str), t_entity("MyModule.val000", t_int)))
"MyModule.Marriage009"	t_intersection(t_entity("MyModule.SpouseA009", t_refine(smt_var__string__value("MyModule.value1"), t_intersection(t_entity("MyModule.Name009", t_str), t_entity("MyModule.Age009", t_int)), e_binop(b_gt, e_select(e_var(smt_var__string__value("MyModule.value1")), "MyModule.Age009"), e_int(17)))), t_entity("MyModule.SpouseB009", t_refine(smt_var__string__value("MyModule.value1"), t_intersection(t_entity("MyModule.Name009", t_str), t_entity("MyModule.Age009", t_int)), e_binop(b_gt, e_select(e_var(smt_var__string__value("MyModule.value1")), "MyModule.Age009"), e_int(17)))))
"MyModule.Marriage002"	t_intersection(t_entity("MyModule.SpouseA002", t_refine(smt_var__string__value("MyModule.value1"), t_intersection(t_entity("MyModule.Name002", t_str), t_entity("MyModule.Age002", t_int)), e_binop(b_gt, e_select(e_var(smt_var__string__value("MyModule.value1")), "MyModule.Age002"), e_int(17)))), t_entity("MyModule.SpouseB002", t_refine(smt_var__string__value("MyModule.value1"), t_intersection(t_entity("MyModule.Name002", t_str), t_entity("MyModule.Age002", t_int)), e_binop(b_gt, e_select(e_var(smt_var__string__value("MyModule.value1")), "MyModule.Age002"), e_int(17)))))
"MyModule.Store009"	t_coll(t_intersection(t_entity("MyModule.name009", t_str), t_entity("MyModule.val009", t_int)))
"MyModule.Marriage003"	t_intersection(t_entity("MyModule.SpouseA003", t_refine(smt_var__string__value("MyModule.value1"), t_intersection(t_entity("MyModule.Name003", t_str), t_entity("MyModule.Age003", t_int)), e_binop(b_gt, e_select(e_var(smt_var__string__value("MyModule.value1")), "MyModule.Age003"), e_int(17)))), t_entity("MyModule.SpouseB003", t_refine(smt_var__string__value("MyModule.value1"), t_intersection(t_entity("MyModule.Name003", t_str), t_entity("MyModule.Age003", t_int)), e_binop(b_gt, e_select(e_var(smt_var__string__value("MyModule.value1")), "MyModule.Age003"), e_int(17)))))
"MyModule.Marriage000"	t_intersection(t_entity("MyModule.SpouseA000", t_refine(smt_var__string__value("MyModule.value1"), t_intersection(t_entity("MyModule.Name000", t_str), t_entity("MyModule.Age000", t_int)), e_binop(b_gt, e_select(e_var(smt_var__string__value("MyModule.value1")), "MyModule.Age000"), e_int(17)))), t_entity("MyModule.SpouseB000", t_refine(smt_var__string__value("MyModule.value1"), t_intersection(t_entity("MyModule.Name000", t_str), t_entity("MyModule.Age000", t_int)), e_binop(b_gt, e_select(e_var(smt_var__string__value("MyModule.value1")), "MyModule.Age000"), e_int(17)))))
"MyModule.Store007"	t_coll(t_intersection(t_entity("MyModule.name007", t_str), t_entity("MyModule.val007", t_int)))
"MyModule.Marriage001"	t_intersection(t_entity("MyModule.SpouseA001", t_refine(smt_var__string__value("MyModule.value1"), t_intersection(t_entity("MyModule.Name001", t_str), t_entity("MyModule.Age001", t_int)), e_binop(b_gt, e_select(e_var(smt_var__string__value("MyModule.value1")), "MyModule.Age001"), e_int(17)))), t_entity("MyModule.SpouseB001", t_refine(smt_var__string__value("MyModule.value1"), t_intersection(t_entity("MyModule.Name001", t_str), t_entity("MyModule.Age001", t_int)), e_binop(b_gt, e_select(e_var(smt_var__string__value("MyModule.value1")), "MyModule.Age001"), e_int(17)))))
"MyModule.Store008"	t_coll(t_intersection(t_entity("MyModule.name008", t_str), t_entity("MyModule.val008", t_int)))
"MyModule.Store005"	t_coll(t_intersection(t_entity("MyModule.name005", t_str), t_entity("MyModule.val005", t_int)))
"MyModule.Marriage006"	t_intersection(t_entity("MyModule.SpouseA006", t_refine(smt_var__string__value("MyModule.value1"), t_intersection(t_entity("MyModule.Name006", t_str), t_entity("MyModule.Age006", t_int)), e_binop(b_gt, e_select(e_var(smt_var__string__value("MyModule.value1")), "MyModule.Age006"), e_int(17)))), t_entity("MyModule.SpouseB006", t_refine(smt_var__string__value("MyModule.value1"), t_intersection(t_entity("MyModule.Name006", t_str), t_entity("MyModule.Age006", t_int)), e_binop(b_gt, e_select(e_var(smt_var__string__value("MyModule.value1")), "MyModule.Age006"), e_int(17)))))
"MyModule.Store006"	t_coll(t_intersection(t_entity("MyModule.name006", t_str), t_entity("MyModule.val006", t_int)))
"MyModule.Marriage007"	t_intersection(t_entity("MyModule.SpouseA007", t_refine(smt_var__string__value("MyModule.value1"), t_intersection(t_entity("MyModule.Name007", t_str), t_entity("MyModule.Age007", t_int)), e_binop(b_gt, e_select(e_var(smt_var__string__value("MyModule.value1")), "MyModule.Age007"), e_int(17)))), t_entity("MyModule.SpouseB007", t_refine(smt_var__string__value("MyModule.value1"), t_intersection(t_entity("MyModule.Name007", t_str), t_entity("MyModule.Age007", t_int)), e_binop(b_gt, e_select(e_var(smt_var__string__value("MyModule.value1")), "MyModule.Age007"), e_int(17)))))
"MyModule.Store003"	t_coll(t_intersection(t_entity("MyModule.name003", t_str), t_entity("MyModule.val003", t_int)))
"MyModule.Marriage004"	t_intersection(t_entity("MyModule.SpouseA004", t_refine(smt_var__string__value("MyModule.value1"), t_intersection(t_entity("MyModule.Name004", t_str), t_entity("MyModule.Age004", t_int)), e_binop(b_gt, e_select(e_var(smt_var__string__value("MyModule.value1")), "MyModule.Age004"), e_int(17)))), t_entity("MyModule.SpouseB004", t_refine(smt_var__string__value("MyModule.value1"), t_intersection(t_entity("MyModule.Name004", t_str), t_entity("MyModule.Age004", t_int)), e_binop(b_gt, e_select(e_var(smt_var__string__value("MyModule.value1")), "MyModule.Age004"), e_int(17)))))
"MyModule.Store004"	t_coll(t_intersection(t_entity("MyModule.name004", t_str), t_entity("MyModule.val004", t_int)))
"MyModule.Marriage005"	t_intersection(t_entity("MyModule.SpouseA005", t_refine(smt_var__string__value("MyModule.value1"), t_intersection(t_entity("MyModule.Name005", t_str), t_entity("MyModule.Age005", t_int)), e_binop(b_gt, e_select(e_var(smt_var__string__value("MyModule.value1")), "MyModule.Age005"), e_int(17)))), t_entity("MyModule.SpouseB005", t_refine(smt_var__string__value("MyModule.value1"), t_intersection(t_entity("MyModule.Name005", t_str), t_entity("MyModule.Age005", t_int)), e_binop(b_gt, e_select(e_var(smt_var__string__value("MyModule.value1")), "MyModule.Age005"), e_int(17)))))
"Integer32"	t_int
"MyModule.U000"	t_union(t_intersection(t_entity("MyModule.tag000", t_singleton(e_int(42), t_any)), t_entity("MyModule.bar000", t_int)), t_intersection(t_entity("MyModule.tag000", t_singleton(e_int(43), t_any)), t_entity("MyModule.foo000", t_str)))
"MyModule.U001"	t_union(t_intersection(t_entity("MyModule.tag001", t_singleton(e_int(42), t_any)), t_entity("MyModule.bar001", t_int)), t_intersection(t_entity("MyModule.tag001", t_singleton(e_int(43), t_any)), t_entity("MyModule.foo001", t_str)))
"MyModule.U002"	t_union(t_intersection(t_entity("MyModule.tag002", t_singleton(e_int(42), t_any)), t_entity("MyModule.bar002", t_int)), t_intersection(t_entity("MyModule.tag002", t_singleton(e_int(43), t_any)), t_entity("MyModule.foo002", t_str)))
"MyModule.U003"	t_union(t_intersection(t_entity("MyModule.tag003", t_singleton(e_int(42), t_any)), t_entity("MyModule.bar003", t_int)), t_intersection(t_entity("MyModule.tag003", t_singleton(e_int(43), t_any)), t_entity("MyModule.foo003", t_str)))
"MyModule.U004"	t_union(t_intersection(t_entity("MyModule.tag004", t_singleton(e_int(42), t_any)), t_entity("MyModule.bar004", t_int)), t_intersection(t_entity("MyModule.tag004", t_singleton(e_int(43), t_any)), t_entity("MyModule.foo004", t_str)))
"MyModule.U005"	t_union(t_intersection(t_entity("MyModule.tag005", t_singleton(e_int(42), t_any)), t_entity("MyModule.bar005", t_int)), t_intersection(t_entity("MyModule.tag005", t_singleton(e_int(43), t_any)), t_entity("MyModule.foo005", t_str)))
"MyModule.U006"	t_union(t_intersection(t_entity("MyModule.tag006", t_singleton(e_int(42), t_any)), t_entity("MyModule.bar006", t_int)), t_intersection(t_entity("MyModule.tag006", t_singleton(e_int(43), t_any)), t_entity("MyModule.foo006", t_str)))
"MyModule.U007"	t_union(t_intersection(t_entity("MyModule.tag007", t_singleton(e_int(42), t_any)), t_entity("MyModule.bar007", t_int)), t_intersection(t_entity("MyModule.tag007", t_singleton(e_int(43), t_any)), t_entity("MyModule.foo007", t_str)))
"Logical"	t_bool
"MyModule.U008"	t_union(t_intersection(t_entity("MyModule.tag008", t_singleton(e_int(42), t_any)), t_entity("MyModule.bar008", t_int)), t_intersection(t_entity("MyModule.tag008", t_singleton(e_int(43), t_any)), t_entity("MyModule.foo008", t_str)))
"MyModule.U009"	t_union(t_intersection(t_entity("MyModule.tag009", t_singleton(e_int(42), t_any)), t_entity("MyModule.bar009", t_int)), t_intersection(t_entity("MyModule.tag009", t_singleton(e_int(43), t_any)), t_entity("MyModule.foo009", t_str)))
"MyModule.Statement009"	t_refine(smt_var__string__value("MyModule.x78"), t_any, e_app("$MyModule.Statement009", [e_var(smt_var__string__value("MyModule.x78"))]))
"MyModule.Server009"	t_refine(smt_var__string__value("MyModule.value1"), t_intersection(t_entity("MyModule.comp009", t_entity("MyModule.cost009", t_refine(smt_var__string__value("MyModule.value1"), t_int, e_binop(b_gt, e_var(smt_var__string__value("MyModule.value1")), e_int(0))))), t_intersection(t_entity("MyModule.cost009", t_refine(smt_var__string__value("MyModule.value1"), t_int, e_binop(b_gt, e_var(smt_var__string__value("MyModule.value1")), e_int(0)))), t_entity("MyModule.app009", t_entity("MyModule.licenseFee009", t_refine(smt_var__string__value("MyModule.value1"), t_int, e_binop(b_gt, e_var(smt_var__string__value("MyModule.value1")), e_int(0))))))), e_binop(b_and, e_binop(b_eq, e_select(e_var(smt_var__string__value("MyModule.value1")), "MyModule.cost009"), e_binop(b_add, e_select(e_select(e_var(smt_var__string__value("MyModule.value1")), "MyModule.comp009"), "MyModule.cost009"), e_select(e_select(e_var(smt_var__string__value("MyModule.value1")), "MyModule.app009"), "MyModule.licenseFee009"))), e_binop(b_lt, e_select(e_var(smt_var__string__value("MyModule.value1")), "MyModule.cost009"), e_int(2000))))
"MyModule.DataCenter001"	t_refine(smt_var__string__value("MyModule.value1"), t_entity("MyModule.serv001", t_refine(smt_var__string__value("MyModule.value2"), t_coll(t_refine(smt_var__string__value("MyModule.value1"), t_intersection(t_entity("MyModule.comp001", t_entity("MyModule.cost001", t_refine(smt_var__string__value("MyModule.value1"), t_int, e_binop(b_gt, e_var(smt_var__string__value("MyModule.value1")), e_int(0))))), t_intersection(t_entity("MyModule.cost001", t_refine(smt_var__string__value("MyModule.value1"), t_int, e_binop(b_gt, e_var(smt_var__string__value("MyModule.value1")), e_int(0)))), t_entity("MyModule.app001", t_entity("MyModule.licenseFee001", t_refine(smt_var__string__value("MyModule.value1"), t_int, e_binop(b_gt, e_var(smt_var__string__value("MyModule.value1")), e_int(0))))))), e_binop(b_and, e_binop(b_eq, e_select(e_var(smt_var__string__value("MyModule.value1")), "MyModule.cost001"), e_binop(b_add, e_select(e_select(e_var(smt_var__string__value("MyModule.value1")), "MyModule.comp001"), "MyModule.cost001"), e_select(e_select(e_var(smt_var__string__value("MyModule.value1")), "MyModule.app001"), "MyModule.licenseFee001"))), e_binop(b_lt, e_select(e_var(smt_var__string__value("MyModule.value1")), "MyModule.cost001"), e_int(2000))))), e_binop(b_and, e_binop(b_gt, e_accum(smt_var__string__value("MyModule.x8"), e_var(smt_var__string__value("MyModule.value2")), smt_var__string__value("MyModule.x9"), e_ascribe(e_int(0), t_int), e_binop(b_add, e_var(smt_var__string__value("MyModule.x9")), e_int(1))), e_int(1)), e_binop(b_lt, e_accum(smt_var__string__value("MyModule.x10"), e_var(smt_var__string__value("MyModule.value2")), smt_var__string__value("MyModule.x11"), e_ascribe(e_int(0), t_int), e_binop(b_add, e_var(smt_var__string__value("MyModule.x11")), e_int(1))), e_int(13))))), e_binop(b_lt, e_accum(smt_var__string__value("MyModule.serv001"), e_select(e_var(smt_var__string__value("MyModule.value1")), "MyModule.serv001"), smt_var__string__value("MyModule.s001"), e_ascribe(e_int(0), t_int), e_binop(b_add, e_var(smt_var__string__value("MyModule.s001")), e_select(e_var(smt_var__string__value("MyModule.serv001")), "MyModule.cost001"))), e_int(10001)))
"MyModule.EligiblePerson005"	t_refine(smt_var__string__value("MyModule.value1"), t_intersection(t_entity("MyModule.Name005", t_str), t_entity("MyModule.Age005", t_int)), e_binop(b_gt, e_select(e_var(smt_var__string__value("MyModule.value1")), "MyModule.Age005"), e_int(17)))
"MyModule.Server006"	t_refine(smt_var__string__value("MyModule.value1"), t_intersection(t_entity("MyModule.comp006", t_entity("MyModule.cost006", t_refine(smt_var__string__value("MyModule.value1"), t_int, e_binop(b_gt, e_var(smt_var__string__value("MyModule.value1")), e_int(0))))), t_intersection(t_entity("MyModule.cost006", t_refine(smt_var__string__value("MyModule.value1"), t_int, e_binop(b_gt, e_var(smt_var__string__value("MyModule.value1")), e_int(0)))), t_entity("MyModule.app006", t_entity("MyModule.licenseFee006", t_refine(smt_var__string__value("MyModule.value1"), t_int, e_binop(b_gt, e_var(smt_var__string__value("MyModule.value1")), e_int(0))))))), e_binop(b_and, e_binop(b_eq, e_select(e_var(smt_var__string__value("MyModule.value1")), "MyModule.cost006"), e_binop(b_add, e_select(e_select(e_var(smt_var__string__value("MyModule.value1")), "MyModule.comp006"), "MyModule.cost006"), e_select(e_select(e_var(smt_var__string__value("MyModule.value1")), "MyModule.app006"), "MyModule.licenseFee006"))), e_binop(b_lt, e_select(e_var(smt_var__string__value("MyModule.value1")), "MyModule.cost006"), e_int(2000))))
"MyModule.DataCenter002"	t_refine(smt_var__string__value("MyModule.value1"), t_entity("MyModule.serv002", t_refine(smt_var__string__value("MyModule.value2"), t_coll(t_refine(smt_var__string__value("MyModule.value1"), t_intersection(t_entity("MyModule.comp002", t_entity("MyModule.cost002", t_refine(smt_var__string__value("MyModule.value1"), t_int, e_binop(b_gt, e_var(smt_var__string__value("MyModule.value1")), e_int(0))))), t_intersection(t_entity("MyModule.cost002", t_refine(smt_var__string__value("MyModule.value1"), t_int, e_binop(b_gt, e_var(smt_var__string__value("MyModule.value1")), e_int(0)))), t_entity("MyModule.app002", t_entity("MyModule.licenseFee002", t_refine(smt_var__string__value("MyModule.value1"), t_int, e_binop(b_gt, e_var(smt_var__string__value("MyModule.value1")), e_int(0))))))), e_binop(b_and, e_binop(b_eq, e_select(e_var(smt_var__string__value("MyModule.value1")), "MyModule.cost002"), e_binop(b_add, e_select(e_select(e_var(smt_var__string__value("MyModule.value1")), "MyModule.comp002"), "MyModule.cost002"), e_select(e_select(e_var(smt_var__string__value("MyModule.value1")), "MyModule.app002"), "MyModule.licenseFee002"))), e_binop(b_lt, e_select(e_var(smt_var__string__value("MyModule.value1")), "MyModule.cost002"), e_int(2000))))), e_binop(b_and, e_binop(b_gt, e_accum(smt_var__string__value("MyModule.x16"), e_var(smt_var__string__value("MyModule.value2")), smt_var__string__value("MyModule.x17"), e_ascribe(e_int(0), t_int), e_binop(b_add, e_var(smt_var__string__value("MyModule.x17")), e_int(1))), e_int(1)), e_binop(b_lt, e_accum(smt_var__string__value("MyModule.x18"), e_var(smt_var__string__value("MyModule.value2")), smt_var__string__value("MyModule.x19"), e_ascribe(e_int(0), t_int), e_binop(b_add, e_var(smt_var__string__value("MyModule.x19")), e_int(1))), e_int(13))))), e_binop(b_lt, e_accum(smt_var__string__value("MyModule.serv002"), e_select(e_var(smt_var__string__value("MyModule.value1")), "MyModule.serv002"), smt_var__string__value("MyModule.s002"), e_ascribe(e_int(0), t_int), e_binop(b_add, e_var(smt_var__string__value("MyModule.s002")), e_select(e_var(smt_var__string__value("MyModule.serv002")), "MyModule.cost002"))), e_int(10001)))
"MyModule.EligiblePerson004"	t_refine(smt_var__string__value("MyModule.value1"), t_intersection(t_entity("MyModule.Name004", t_str), t_entity("MyModule.Age004", t_int)), e_binop(b_gt, e_select(e_var(smt_var__string__value("MyModule.value1")), "MyModule.Age004"), e_int(17)))
"MyModule.Server005"	t_refine(smt_var__string__value("MyModule.value1"), t_intersection(t_entity("MyModule.comp005", t_entity("MyModule.cost005", t_refine(smt_var__string__value("MyModule.value1"), t_int, e_binop(b_gt, e_var(smt_var__string__value("MyModule.value1")), e_int(0))))), t_intersection(t_entity("MyModule.cost005", t_refine(smt_var__string__value("MyModule.value1"), t_int, e_binop(b_gt, e_var(smt_var__string__value("MyModule.value1")), e_int(0)))), t_entity("MyModule.app005", t_entity("MyModule.licenseFee005", t_refine(smt_var__string__value("MyModule.value1"), t_int, e_binop(b_gt, e_var(smt_var__string__value("MyModule.value1")), e_int(0))))))), e_binop(b_and, e_binop(b_eq, e_select(e_var(smt_var__string__value("MyModule.value1")), "MyModule.cost005"), e_binop(b_add, e_select(e_select(e_var(smt_var__string__value("MyModule.value1")), "MyModule.comp005"), "MyModule.cost005"), e_select(e_select(e_var(smt_var__string__value("MyModule.value1")), "MyModule.app005"), "MyModule.licenseFee005"))), e_binop(b_lt, e_select(e_var(smt_var__string__value("MyModule.value1")), "MyModule.cost005"), e_int(2000))))
"MyModule.DataCenter003"	t_refine(smt_var__string__value("MyModule.value1"), t_entity("MyModule.serv003", t_refine(smt_var__string__value("MyModule.value2"), t_coll(t_refine(smt_var__string__value("MyModule.value1"), t_intersection(t_entity("MyModule.comp003", t_entity("MyModule.cost003", t_refine(smt_var__string__value("MyModule.value1"), t_int, e_binop(b_gt, e_var(smt_var__string__value("MyModule.value1")), e_int(0))))), t_intersection(t_entity("MyModule.cost003", t_refine(smt_var__string__value("MyModule.value1"), t_int, e_binop(b_gt, e_var(smt_var__string__value("MyModule.value1")), e_int(0)))), t_entity("MyModule.app003", t_entity("MyModule.licenseFee003", t_refine(smt_var__string__value("MyModule.value1"), t_int, e_binop(b_gt, e_var(smt_var__string__value("MyModule.value1")), e_int(0))))))), e_binop(b_and, e_binop(b_eq, e_select(e_var(smt_var__string__value("MyModule.value1")), "MyModule.cost003"), e_binop(b_add, e_select(e_select(e_var(smt_var__string__value("MyModule.value1")), "MyModule.comp003"), "MyModule.cost003"), e_select(e_select(e_var(smt_var__string__value("MyModule.value1")), "MyModule.app003"), "MyModule.licenseFee003"))), e_binop(b_lt, e_select(e_var(smt_var__string__value("MyModule.value1")), "MyModule.cost003"), e_int(2000))))), e_binop(b_and, e_binop(b_gt, e_accum(smt_var__string__value("MyModule.x24"), e_var(smt_var__string__value("MyModule.value2")), smt_var__string__value("MyModule.x25"), e_ascribe(e_int(0), t_int), e_binop(b_add, e_var(smt_var__string__value("MyModule.x25")), e_int(1))), e_int(1)), e_binop(b_lt, e_accum(smt_var__string__value("MyModule.x26"), e_var(smt_var__string__value("MyModule.value2")), smt_var__string__value("MyModule.x27"), e_ascribe(e_int(0), t_int), e_binop(b_add, e_var(smt_var__string__value("MyModule.x27")), e_int(1))), e_int(13))))), e_binop(b_lt, e_accum(smt_var__string__value("MyModule.serv003"), e_select(e_var(smt_var__string__value("MyModule.value1")), "MyModule.serv003"), smt_var__string__value("MyModule.s003"), e_ascribe(e_int(0), t_int), e_binop(b_add, e_var(smt_var__string__value("MyModule.s003")), e_select(e_var(smt_var__string__value("MyModule.serv003")), "MyModule.cost003"))), e_int(10001)))
"MyModule.EligiblePerson003"	t_refine(smt_var__string__value("MyModule.value1"), t_intersection(t_entity("MyModule.Name003", t_str), t_entity("MyModule.Age003", t_int)), e_binop(b_gt, e_select(e_var(smt_var__string__value("MyModule.value1")), "MyModule.Age003"), e_int(17)))
"MyModule.Server008"	t_refine(smt_var__string__value("MyModule.value1"), t_intersection(t_entity("MyModule.comp008", t_entity("MyModule.cost008", t_refine(smt_var__string__value("MyModule.value1"), t_int, e_binop(b_gt, e_var(smt_var__string__value("MyModule.value1")), e_int(0))))), t_intersection(t_entity("MyModule.cost008", t_refine(smt_var__string__value("MyModule.value1"), t_int, e_binop(b_gt, e_var(smt_var__string__value("MyModule.value1")), e_int(0)))), t_entity("MyModule.app008", t_entity("MyModule.licenseFee008", t_refine(smt_var__string__value("MyModule.value1"), t_int, e_binop(b_gt, e_var(smt_var__string__value("MyModule.value1")), e_int(0))))))), e_binop(b_and, e_binop(b_eq, e_select(e_var(smt_var__string__value("MyModule.value1")), "MyModule.cost008"), e_binop(b_add, e_select(e_select(e_var(smt_var__string__value("MyModule.value1")), "MyModule.comp008"), "MyModule.cost008"), e_select(e_select(e_var(smt_var__string__value("MyModule.value1")), "MyModule.app008"), "MyModule.licenseFee008"))), e_binop(b_lt, e_select(e_var(smt_var__string__value("MyModule.value1")), "MyModule.cost008"), e_int(2000))))
"MyModule.EligiblePerson002"	t_refine(smt_var__string__value("MyModule.value1"), t_intersection(t_entity("MyModule.Name002", t_str), t_entity("MyModule.Age002", t_int)), e_binop(b_gt, e_select(e_var(smt_var__string__value("MyModule.value1")), "MyModule.Age002"), e_int(17)))
"MyModule.DataCenter004"	t_refine(smt_var__string__value("MyModule.value1"), t_entity("MyModule.serv004", t_refine(smt_var__string__value("MyModule.value2"), t_coll(t_refine(smt_var__string__value("MyModule.value1"), t_intersection(t_entity("MyModule.comp004", t_entity("MyModule.cost004", t_refine(smt_var__string__value("MyModule.value1"), t_int, e_binop(b_gt, e_var(smt_var__string__value("MyModule.value1")), e_int(0))))), t_intersection(t_entity("MyModule.cost004", t_refine(smt_var__string__value("MyModule.value1"), t_int, e_binop(b_gt, e_var(smt_var__string__value("MyModule.value1")), e_int(0)))), t_entity("MyModule.app004", t_entity("MyModule.licenseFee004", t_refine(smt_var__string__value("MyModule.value1"), t_int, e_binop(b_gt, e_var(smt_var__string__value("MyModule.value1")), e_int(0))))))), e_binop(b_and, e_binop(b_eq, e_select(e_var(smt_var__string__value("MyModule.value1")), "MyModule.cost004"), e_binop(b_add, e_select(e_select(e_var(smt_var__string__value("MyModule.value1")), "MyModule.comp004"), "MyModule.cost004"), e_select(e_select(e_var(smt_var__string__value("MyModule.value1")), "MyModule.app004"), "MyModule.licenseFee004"))), e_binop(b_lt, e_select(e_var(smt_var__string__value("MyModule.value1")), "MyModule.cost004"), e_int(2000))))), e_binop(b_and, e_binop(b_gt, e_accum(smt_var__string__value("MyModule.x32"), e_var(smt_var__string__value("MyModule.value2")), smt_var__string__value("MyModule.x33"), e_ascribe(e_int(0), t_int), e_binop(b_add, e_var(smt_var__string__value("MyModule.x33")), e_int(1))), e_int(1)), e_binop(b_lt, e_accum(smt_var__string__value("MyModule.x34"), e_var(smt_var__string__value("MyModule.value2")), smt_var__string__value("MyModule.x35"), e_ascribe(e_int(0), t_int), e_binop(b_add, e_var(smt_var__string__value("MyModule.x35")), e_int(1))), e_int(13))))), e_binop(b_lt, e_accum(smt_var__string__value("MyModule.serv004"), e_select(e_var(smt_var__string__value("MyModule.value1")), "MyModule.serv004"), smt_var__string__value("MyModule.s004"), e_ascribe(e_int(0), t_int), e_binop(b_add, e_var(smt_var__string__value("MyModule.s004")), e_select(e_var(smt_var__string__value("MyModule.serv004")), "MyModule.cost004"))), e_int(10001)))
"MyModule.Server007"	t_refine(smt_var__string__value("MyModule.value1"), t_intersection(t_entity("MyModule.comp007", t_entity("MyModule.cost007", t_refine(smt_var__string__value("MyModule.value1"), t_int, e_binop(b_gt, e_var(smt_var__string__value("MyModule.value1")), e_int(0))))), t_intersection(t_entity("MyModule.cost007", t_refine(smt_var__string__value("MyModule.value1"), t_int, e_binop(b_gt, e_var(smt_var__string__value("MyModule.value1")), e_int(0)))), t_entity("MyModule.app007", t_entity("MyModule.licenseFee007", t_refine(smt_var__string__value("MyModule.value1"), t_int, e_binop(b_gt, e_var(smt_var__string__value("MyModule.value1")), e_int(0))))))), e_binop(b_and, e_binop(b_eq, e_select(e_var(smt_var__string__value("MyModule.value1")), "MyModule.cost007"), e_binop(b_add, e_select(e_select(e_var(smt_var__string__value("MyModule.value1")), "MyModule.comp007"), "MyModule.cost007"), e_select(e_select(e_var(smt_var__string__value("MyModule.value1")), "MyModule.app007"), "MyModule.licenseFee007"))), e_binop(b_lt, e_select(e_var(smt_var__string__value("MyModule.value1")), "MyModule.cost007"), e_int(2000))))
"MyModule.Server002"	t_refine(smt_var__string__value("MyModule.value1"), t_intersection(t_entity("MyModule.comp002", t_entity("MyModule.cost002", t_refine(smt_var__string__value("MyModule.value1"), t_int, e_binop(b_gt, e_var(smt_var__string__value("MyModule.value1")), e_int(0))))), t_intersection(t_entity("MyModule.cost002", t_refine(smt_var__string__value("MyModule.value1"), t_int, e_binop(b_gt, e_var(smt_var__string__value("MyModule.value1")), e_int(0)))), t_entity("MyModule.app002", t_entity("MyModule.licenseFee002", t_refine(smt_var__string__value("MyModule.value1"), t_int, e_binop(b_gt, e_var(smt_var__string__value("MyModule.value1")), e_int(0))))))), e_binop(b_and, e_binop(b_eq, e_select(e_var(smt_var__string__value("MyModule.value1")), "MyModule.cost002"), e_binop(b_add, e_select(e_select(e_var(smt_var__string__value("MyModule.value1")), "MyModule.comp002"), "MyModule.cost002"), e_select(e_select(e_var(smt_var__string__value("MyModule.value1")), "MyModule.app002"), "MyModule.licenseFee002"))), e_binop(b_lt, e_select(e_var(smt_var__string__value("MyModule.value1")), "MyModule.cost002"), e_int(2000))))
"MyModule.Expression008"	t_refine(smt_var__string__value("MyModule.x68"), t_any, e_app("$MyModule.Expression008", [e_var(smt_var__string__value("MyModule.x68"))]))
"MyModule.EligiblePerson009"	t_refine(smt_var__string__value("MyModule.value1"), t_intersection(t_entity("MyModule.Name009", t_str), t_entity("MyModule.Age009", t_int)), e_binop(b_gt, e_select(e_var(smt_var__string__value("MyModule.value1")), "MyModule.Age009"), e_int(17)))
"MyModule.Server001"	t_refine(smt_var__string__value("MyModule.value1"), t_intersection(t_entity("MyModule.comp001", t_entity("MyModule.cost001", t_refine(smt_var__string__value("MyModule.value1"), t_int, e_binop(b_gt, e_var(smt_var__string__value("MyModule.value1")), e_int(0))))), t_intersection(t_entity("MyModule.cost001", t_refine(smt_var__string__value("MyModule.value1"), t_int, e_binop(b_gt, e_var(smt_var__string__value("MyModule.value1")), e_int(0)))), t_entity("MyModule.app001", t_entity("MyModule.licenseFee001", t_refine(smt_var__string__value("MyModule.value1"), t_int, e_binop(b_gt, e_var(smt_var__string__value("MyModule.value1")), e_int(0))))))), e_binop(b_and, e_binop(b_eq, e_select(e_var(smt_var__string__value("MyModule.value1")), "MyModule.cost001"), e_binop(b_add, e_select(e_select(e_var(smt_var__string__value("MyModule.value1")), "MyModule.comp001"), "MyModule.cost001"), e_select(e_select(e_var(smt_var__string__value("MyModule.value1")), "MyModule.app001"), "MyModule.licenseFee001"))), e_binop(b_lt, e_select(e_var(smt_var__string__value("MyModule.value1")), "MyModule.cost001"), e_int(2000))))
"MyModule.EligiblePerson008"	t_refine(smt_var__string__value("MyModule.value1"), t_intersection(t_entity("MyModule.Name008", t_str), t_entity("MyModule.Age008", t_int)), e_binop(b_gt, e_select(e_var(smt_var__string__value("MyModule.value1")), "MyModule.Age008"), e_int(17)))
"MyModule.Expression009"	t_refine(smt_var__string__value("MyModule.x76"), t_any, e_app("$MyModule.Expression009", [e_var(smt_var__string__value("MyModule.x76"))]))
"MyModule.Server004"	t_refine(smt_var__string__value("MyModule.value1"), t_intersection(t_entity("MyModule.comp004", t_entity("MyModule.cost004", t_refine(smt_var__string__value("MyModule.value1"), t_int, e_binop(b_gt, e_var(smt_var__string__value("MyModule.value1")), e_int(0))))), t_intersection(t_entity("MyModule.cost004", t_refine(smt_var__string__value("MyModule.value1"), t_int, e_binop(b_gt, e_var(smt_var__string__value("MyModule.value1")), e_int(0)))), t_entity("MyModule.app004", t_entity("MyModule.licenseFee004", t_refine(smt_var__string__value("MyModule.value1"), t_int, e_binop(b_gt, e_var(smt_var__string__value("MyModule.value1")), e_int(0))))))), e_binop(b_and, e_binop(b_eq, e_select(e_var(smt_var__string__value("MyModule.value1")), "MyModule.cost004"), e_binop(b_add, e_select(e_select(e_var(smt_var__string__value("MyModule.value1")), "MyModule.comp004"), "MyModule.cost004"), e_select(e_select(e_var(smt_var__string__value("MyModule.value1")), "MyModule.app004"), "MyModule.licenseFee004"))), e_binop(b_lt, e_select(e_var(smt_var__string__value("MyModule.value1")), "MyModule.cost004"), e_int(2000))))
"MyModule.Expression006"	t_refine(smt_var__string__value("MyModule.x52"), t_any, e_app("$MyModule.Expression006", [e_var(smt_var__string__value("MyModule.x52"))]))
"MyModule.EligiblePerson007"	t_refine(smt_var__string__value("MyModule.value1"), t_intersection(t_entity("MyModule.Name007", t_str), t_entity("MyModule.Age007", t_int)), e_binop(b_gt, e_select(e_var(smt_var__string__value("MyModule.value1")), "MyModule.Age007"), e_int(17)))
"MyModule.DataCenter000"	t_refine(smt_var__string__value("MyModule.value1"), t_entity("MyModule.serv000", t_refine(smt_var__string__value("MyModule.value2"), t_coll(t_refine(smt_var__string__value("MyModule.value1"), t_intersection(t_entity("MyModule.comp000", t_entity("MyModule.cost000", t_refine(smt_var__string__value("MyModule.value1"), t_int, e_binop(b_gt, e_var(smt_var__string__value("MyModule.value1")), e_int(0))))), t_intersection(t_entity("MyModule.cost000", t_refine(smt_var__string__value("MyModule.value1"), t_int, e_binop(b_gt, e_var(smt_var__string__value("MyModule.value1")), e_int(0)))), t_entity("MyModule.app000", t_entity("MyModule.licenseFee000", t_refine(smt_var__string__value("MyModule.value1"), t_int, e_binop(b_gt, e_var(smt_var__string__value("MyModule.value1")), e_int(0))))))), e_binop(b_and, e_binop(b_eq, e_select(e_var(smt_var__string__value("MyModule.value1")), "MyModule.cost000"), e_binop(b_add, e_select(e_select(e_var(smt_var__string__value("MyModule.value1")), "MyModule.comp000"), "MyModule.cost000"), e_select(e_select(e_var(smt_var__string__value("MyModule.value1")), "MyModule.app000"), "MyModule.licenseFee000"))), e_binop(b_lt, e_select(e_var(smt_var__string__value("MyModule.value1")), "MyModule.cost000"), e_int(2000))))), e_binop(b_and, e_binop(b_gt, e_accum(smt_var__string__value("MyModule.x0"), e_var(smt_var__string__value("MyModule.value2")), smt_var__string__value("MyModule.x1"), e_ascribe(e_int(0), t_int), e_binop(b_add, e_var(smt_var__string__value("MyModule.x1")), e_int(1))), e_int(1)), e_binop(b_lt, e_accum(smt_var__string__value("MyModule.x2"), e_var(smt_var__string__value("MyModule.value2")), smt_var__string__value("MyModule.x3"), e_ascribe(e_int(0), t_int), e_binop(b_add, e_var(smt_var__string__value("MyModule.x3")), e_int(1))), e_int(13))))), e_binop(b_lt, e_accum(smt_var__string__value("MyModule.serv000"), e_select(e_var(smt_var__string__value("MyModule.value1")), "MyModule.serv000"), smt_var__string__value("MyModule.s000"), e_ascribe(e_int(0), t_int), e_binop(b_add, e_var(smt_var__string__value("MyModule.s000")), e_select(e_var(smt_var__string__value("MyModule.serv000")), "MyModule.cost000"))), e_int(10001)))
"MyModule.Server003"	t_refine(smt_var__string__value("MyModule.value1"), t_intersection(t_entity("MyModule.comp003", t_entity("MyModule.cost003", t_refine(smt_var__string__value("MyModule.value1"), t_int, e_binop(b_gt, e_var(smt_var__string__value("MyModule.value1")), e_int(0))))), t_intersection(t_entity("MyModule.cost003", t_refine(smt_var__string__value("MyModule.value1"), t_int, e_binop(b_gt, e_var(smt_var__string__value("MyModule.value1")), e_int(0)))), t_entity("MyModule.app003", t_entity("MyModule.licenseFee003", t_refine(smt_var__string__value("MyModule.value1"), t_int, e_binop(b_gt, e_var(smt_var__string__value("MyModule.value1")), e_int(0))))))), e_binop(b_and, e_binop(b_eq, e_select(e_var(smt_var__string__value("MyModule.value1")), "MyModule.cost003"), e_binop(b_add, e_select(e_select(e_var(smt_var__string__value("MyModule.value1")), "MyModule.comp003"), "MyModule.cost003"), e_select(e_select(e_var(smt_var__string__value("MyModule.value1")), "MyModule.app003"), "MyModule.licenseFee003"))), e_binop(b_lt, e_select(e_var(smt_var__string__value("MyModule.value1")), "MyModule.cost003"), e_int(2000))))
"MyModule.EligiblePerson006"	t_refine(smt_var__string__value("MyModule.value1"), t_intersection(t_entity("MyModule.Name006", t_str), t_entity("MyModule.Age006", t_int)), e_binop(b_gt, e_select(e_var(smt_var__string__value("MyModule.value1")), "MyModule.Age006"), e_int(17)))
"MyModule.Expression007"	t_refine(smt_var__string__value("MyModule.x60"), t_any, e_app("$MyModule.Expression007", [e_var(smt_var__string__value("MyModule.x60"))]))
"MyModule.Expression004"	t_refine(smt_var__string__value("MyModule.x36"), t_any, e_app("$MyModule.Expression004", [e_var(smt_var__string__value("MyModule.x36"))]))
"MyModule.Expression005"	t_refine(smt_var__string__value("MyModule.x44"), t_any, e_app("$MyModule.Expression005", [e_var(smt_var__string__value("MyModule.x44"))]))
"Text"	t_str
"MyModule.Server000"	t_refine(smt_var__string__value("MyModule.value1"), t_intersection(t_entity("MyModule.comp000", t_entity("MyModule.cost000", t_refine(smt_var__string__value("MyModule.value1"), t_int, e_binop(b_gt, e_var(smt_var__string__value("MyModule.value1")), e_int(0))))), t_intersection(t_entity("MyModule.cost000", t_refine(smt_var__string__value("MyModule.value1"), t_int, e_binop(b_gt, e_var(smt_var__string__value("MyModule.value1")), e_int(0)))), t_entity("MyModule.app000", t_entity("MyModule.licenseFee000", t_refine(smt_var__string__value("MyModule.value1"), t_int, e_binop(b_gt, e_var(smt_var__string__value("MyModule.value1")), e_int(0))))))), e_binop(b_and, e_binop(b_eq, e_select(e_var(smt_var__string__value("MyModule.value1")), "MyModule.cost000"), e_binop(b_add, e_select(e_select(e_var(smt_var__string__value("MyModule.value1")), "MyModule.comp000"), "MyModule.cost000"), e_select(e_select(e_var(smt_var__string__value("MyModule.value1")), "MyModule.app000"), "MyModule.licenseFee000"))), e_binop(b_lt, e_select(e_var(smt_var__string__value("MyModule.value1")), "MyModule.cost000"), e_int(2000))))
"MyModule.Expression002"	t_refine(smt_var__string__value("MyModule.x20"), t_any, e_app("$MyModule.Expression002", [e_var(smt_var__string__value("MyModule.x20"))]))
"MyModule.Expression003"	t_refine(smt_var__string__value("MyModule.x28"), t_any, e_app("$MyModule.Expression003", [e_var(smt_var__string__value("MyModule.x28"))]))
"MyModule.Expression000"	t_refine(smt_var__string__value("MyModule.x4"), t_any, e_app("$MyModule.Expression000", [e_var(smt_var__string__value("MyModule.x4"))]))
"MyModule.Expression001"	t_refine(smt_var__string__value("MyModule.x12"), t_any, e_app("$MyModule.Expression001", [e_var(smt_var__string__value("MyModule.x12"))]))
"MyModule.Statement006"	t_refine(smt_var__string__value("MyModule.x54"), t_any, e_app("$MyModule.Statement006", [e_var(smt_var__string__value("MyModule.x54"))]))
"MyModule.Statement005"	t_refine(smt_var__string__value("MyModule.x46"), t_any, e_app("$MyModule.Statement005", [e_var(smt_var__string__value("MyModule.x46"))]))
"MyModule.Statement008"	t_refine(smt_var__string__value("MyModule.x70"), t_any, e_app("$MyModule.Statement008", [e_var(smt_var__string__value("MyModule.x70"))]))
"MyModule.Statement007"	t_refine(smt_var__string__value("MyModule.x62"), t_any, e_app("$MyModule.Statement007", [e_var(smt_var__string__value("MyModule.x62"))]))
"MyModule.Statement002"	t_refine(smt_var__string__value("MyModule.x22"), t_any, e_app("$MyModule.Statement002", [e_var(smt_var__string__value("MyModule.x22"))]))
"MyModule.Statement001"	t_refine(smt_var__string__value("MyModule.x14"), t_any, e_app("$MyModule.Statement001", [e_var(smt_var__string__value("MyModule.x14"))]))
"MyModule.Statement004"	t_refine(smt_var__string__value("MyModule.x38"), t_any, e_app("$MyModule.Statement004", [e_var(smt_var__string__value("MyModule.x38"))]))
"MyModule.Statement003"	t_refine(smt_var__string__value("MyModule.x30"), t_any, e_app("$MyModule.Statement003", [e_var(smt_var__string__value("MyModule.x30"))]))
"MyModule.Statement000"	t_refine(smt_var__string__value("MyModule.x6"), t_any, e_app("$MyModule.Statement000", [e_var(smt_var__string__value("MyModule.x6"))]))
"MyModule.EligiblePerson001"	t_refine(smt_var__string__value("MyModule.value1"), t_intersection(t_entity("MyModule.Name001", t_str), t_entity("MyModule.Age001", t_int)), e_binop(b_gt, e_select(e_var(smt_var__string__value("MyModule.value1")), "MyModule.Age001"), e_int(17)))
"MyModule.EligiblePerson000"	t_refine(smt_var__string__value("MyModule.value1"), t_intersection(t_entity("MyModule.Name000", t_str), t_entity("MyModule.Age000", t_int)), e_binop(b_gt, e_select(e_var(smt_var__string__value("MyModule.value1")), "MyModule.Age000"), e_int(17)))
"MyModule.DataCenter009"	t_refine(smt_var__string__value("MyModule.value1"), t_entity("MyModule.serv009", t_refine(smt_var__string__value("MyModule.value2"), t_coll(t_refine(smt_var__string__value("MyModule.value1"), t_intersection(t_entity("MyModule.comp009", t_entity("MyModule.cost009", t_refine(smt_var__string__value("MyModule.value1"), t_int, e_binop(b_gt, e_var(smt_var__string__value("MyModule.value1")), e_int(0))))), t_intersection(t_entity("MyModule.cost009", t_refine(smt_var__string__value("MyModule.value1"), t_int, e_binop(b_gt, e_var(smt_var__string__value("MyModule.value1")), e_int(0)))), t_entity("MyModule.app009", t_entity("MyModule.licenseFee009", t_refine(smt_var__string__value("MyModule.value1"), t_int, e_binop(b_gt, e_var(smt_var__string__value("MyModule.value1")), e_int(0))))))), e_binop(b_and, e_binop(b_eq, e_select(e_var(smt_var__string__value("MyModule.value1")), "MyModule.cost009"), e_binop(b_add, e_select(e_select(e_var(smt_var__string__value("MyModule.value1")), "MyModule.comp009"), "MyModule.cost009"), e_select(e_select(e_var(smt_var__string__value("MyModule.value1")), "MyModule.app009"), "MyModule.licenseFee009"))), e_binop(b_lt, e_select(e_var(smt_var__string__value("MyModule.value1")), "MyModule.cost009"), e_int(2000))))), e_binop(b_and, e_binop(b_gt, e_accum(smt_var__string__value("MyModule.x72"), e_var(smt_var__string__value("MyModule.value2")), smt_var__string__value("MyModule.x73"), e_ascribe(e_int(0), t_int), e_binop(b_add, e_var(smt_var__string__value("MyModule.x73")), e_int(1))), e_int(1)), e_binop(b_lt, e_accum(smt_var__string__value("MyModule.x74"), e_var(smt_var__string__value("MyModule.value2")), smt_var__string__value("MyModule.x75"), e_ascribe(e_int(0), t_int), e_binop(b_add, e_var(smt_var__string__value("MyModule.x75")), e_int(1))), e_int(13))))), e_binop(b_lt, e_accum(smt_var__string__value("MyModule.serv009"), e_select(e_var(smt_var__string__value("MyModule.value1")), "MyModule.serv009"), smt_var__string__value("MyModule.s009"), e_ascribe(e_int(0), t_int), e_binop(b_add, e_var(smt_var__string__value("MyModule.s009")), e_select(e_var(smt_var__string__value("MyModule.serv009")), "MyModule.cost009"))), e_int(10001)))
"MyModule.DataCenter005"	t_refine(smt_var__string__value("MyModule.value1"), t_entity("MyModule.serv005", t_refine(smt_var__string__value("MyModule.value2"), t_coll(t_refine(smt_var__string__value("MyModule.value1"), t_intersection(t_entity("MyModule.comp005", t_entity("MyModule.cost005", t_refine(smt_var__string__value("MyModule.value1"), t_int, e_binop(b_gt, e_var(smt_var__string__value("MyModule.value1")), e_int(0))))), t_intersection(t_entity("MyModule.cost005", t_refine(smt_var__string__value("MyModule.value1"), t_int, e_binop(b_gt, e_var(smt_var__string__value("MyModule.value1")), e_int(0)))), t_entity("MyModule.app005", t_entity("MyModule.licenseFee005", t_refine(smt_var__string__value("MyModule.value1"), t_int, e_binop(b_gt, e_var(smt_var__string__value("MyModule.value1")), e_int(0))))))), e_binop(b_and, e_binop(b_eq, e_select(e_var(smt_var__string__value("MyModule.value1")), "MyModule.cost005"), e_binop(b_add, e_select(e_select(e_var(smt_var__string__value("MyModule.value1")), "MyModule.comp005"), "MyModule.cost005"), e_select(e_select(e_var(smt_var__string__value("MyModule.value1")), "MyModule.app005"), "MyModule.licenseFee005"))), e_binop(b_lt, e_select(e_var(smt_var__string__value("MyModule.value1")), "MyModule.cost005"), e_int(2000))))), e_binop(b_and, e_binop(b_gt, e_accum(smt_var__string__value("MyModule.x40"), e_var(smt_var__string__value("MyModule.value2")), smt_var__string__value("MyModule.x41"), e_ascribe(e_int(0), t_int), e_binop(b_add, e_var(smt_var__string__value("MyModule.x41")), e_int(1))), e_int(1)), e_binop(b_lt, e_accum(smt_var__string__value("MyModule.x42"), e_var(smt_var__string__value("MyModule.value2")), smt_var__string__value("MyModule.x43"), e_ascribe(e_int(0), t_int), e_binop(b_add, e_var(smt_var__string__value("MyModule.x43")), e_int(1))), e_int(13))))), e_binop(b_lt, e_accum(smt_var__string__value("MyModule.serv005"), e_select(e_var(smt_var__string__value("MyModule.value1")), "MyModule.serv005"), smt_var__string__value("MyModule.s005"), e_ascribe(e_int(0), t_int), e_binop(b_add, e_var(smt_var__string__value("MyModule.s005")), e_select(e_var(smt_var__string__value("MyModule.serv005")), "MyModule.cost005"))), e_int(10001)))
"MyModule.DataCenter006"	t_refine(smt_var__string__value("MyModule.value1"), t_entity("MyModule.serv006", t_refine(smt_var__string__value("MyModule.value2"), t_coll(t_refine(smt_var__string__value("MyModule.value1"), t_intersection(t_entity("MyModule.comp006", t_entity("MyModule.cost006", t_refine(smt_var__string__value("MyModule.value1"), t_int, e_binop(b_gt, e_var(smt_var__string__value("MyModule.value1")), e_int(0))))), t_intersection(t_entity("MyModule.cost006", t_refine(smt_var__string__value("MyModule.value1"), t_int, e_binop(b_gt, e_var(smt_var__string__value("MyModule.value1")), e_int(0)))), t_entity("MyModule.app006", t_entity("MyModule.licenseFee006", t_refine(smt_var__string__value("MyModule.value1"), t_int, e_binop(b_gt, e_var(smt_var__string__value("MyModule.value1")), e_int(0))))))), e_binop(b_and, e_binop(b_eq, e_select(e_var(smt_var__string__value("MyModule.value1")), "MyModule.cost006"), e_binop(b_add, e_select(e_select(e_var(smt_var__string__value("MyModule.value1")), "MyModule.comp006"), "MyModule.cost006"), e_select(e_select(e_var(smt_var__string__value("MyModule.value1")), "MyModule.app006"), "MyModule.licenseFee006"))), e_binop(b_lt, e_select(e_var(smt_var__string__value("MyModule.value1")), "MyModule.cost006"), e_int(2000))))), e_binop(b_and, e_binop(b_gt, e_accum(smt_var__string__value("MyModule.x48"), e_var(smt_var__string__value("MyModule.value2")), smt_var__string__value("MyModule.x49"), e_ascribe(e_int(0), t_int), e_binop(b_add, e_var(smt_var__string__value("MyModule.x49")), e_int(1))), e_int(1)), e_binop(b_lt, e_accum(smt_var__string__value("MyModule.x50"), e_var(smt_var__string__value("MyModule.value2")), smt_var__string__value("MyModule.x51"), e_ascribe(e_int(0), t_int), e_binop(b_add, e_var(smt_var__string__value("MyModule.x51")), e_int(1))), e_int(13))))), e_binop(b_lt, e_accum(smt_var__string__value("MyModule.serv006"), e_select(e_var(smt_var__string__value("MyModule.value1")), "MyModule.serv006"), smt_var__string__value("MyModule.s006"), e_ascribe(e_int(0), t_int), e_binop(b_add, e_var(smt_var__string__value("MyModule.s006")), e_select(e_var(smt_var__string__value("MyModule.serv006")), "MyModule.cost006"))), e_int(10001)))
"MyModule.DataCenter007"	t_refine(smt_var__string__value("MyModule.value1"), t_entity("MyModule.serv007", t_refine(smt_var__string__value("MyModule.value2"), t_coll(t_refine(smt_var__string__value("MyModule.value1"), t_intersection(t_entity("MyModule.comp007", t_entity("MyModule.cost007", t_refine(smt_var__string__value("MyModule.value1"), t_int, e_binop(b_gt, e_var(smt_var__string__value("MyModule.value1")), e_int(0))))), t_intersection(t_entity("MyModule.cost007", t_refine(smt_var__string__value("MyModule.value1"), t_int, e_binop(b_gt, e_var(smt_var__string__value("MyModule.value1")), e_int(0)))), t_entity("MyModule.app007", t_entity("MyModule.licenseFee007", t_refine(smt_var__string__value("MyModule.value1"), t_int, e_binop(b_gt, e_var(smt_var__string__value("MyModule.value1")), e_int(0))))))), e_binop(b_and, e_binop(b_eq, e_select(e_var(smt_var__string__value("MyModule.value1")), "MyModule.cost007"), e_binop(b_add, e_select(e_select(e_var(smt_var__string__value("MyModule.value1")), "MyModule.comp007"), "MyModule.cost007"), e_select(e_select(e_var(smt_var__string__value("MyModule.value1")), "MyModule.app007"), "MyModule.licenseFee007"))), e_binop(b_lt, e_select(e_var(smt_var__string__value("MyModule.value1")), "MyModule.cost007"), e_int(2000))))), e_binop(b_and, e_binop(b_gt, e_accum(smt_var__string__value("MyModule.x56"), e_var(smt_var__string__value("MyModule.value2")), smt_var__string__value("MyModule.x57"), e_ascribe(e_int(0), t_int), e_binop(b_add, e_var(smt_var__string__value("MyModule.x57")), e_int(1))), e_int(1)), e_binop(b_lt, e_accum(smt_var__string__value("MyModule.x58"), e_var(smt_var__string__value("MyModule.value2")), smt_var__string__value("MyModule.x59"), e_ascribe(e_int(0), t_int), e_binop(b_add, e_var(smt_var__string__value("MyModule.x59")), e_int(1))), e_int(13))))), e_binop(b_lt, e_accum(smt_var__string__value("MyModule.serv007"), e_select(e_var(smt_var__string__value("MyModule.value1")), "MyModule.serv007"), smt_var__string__value("MyModule.s007"), e_ascribe(e_int(0), t_int), e_binop(b_add, e_var(smt_var__string__value("MyModule.s007")), e_select(e_var(smt_var__string__value("MyModule.serv007")), "MyModule.cost007"))), e_int(10001)))
"MyModule.DataCenter008"	t_refine(smt_var__string__value("MyModule.value1"), t_entity("MyModule.serv008", t_refine(smt_var__string__value("MyModule.value2"), t_coll(t_refine(smt_var__string__value("MyModule.value1"), t_intersection(t_entity("MyModule.comp008", t_entity("MyModule.cost008", t_refine(smt_var__string__value("MyModule.value1"), t_int, e_binop(b_gt, e_var(smt_var__string__value("MyModule.value1")), e_int(0))))), t_intersection(t_entity("MyModule.cost008", t_refine(smt_var__string__value("MyModule.value1"), t_int, e_binop(b_gt, e_var(smt_var__string__value("MyModule.value1")), e_int(0)))), t_entity("MyModule.app008", t_entity("MyModule.licenseFee008", t_refine(smt_var__string__value("MyModule.value1"), t_int, e_binop(b_gt, e_var(smt_var__string__value("MyModule.value1")), e_int(0))))))), e_binop(b_and, e_binop(b_eq, e_select(e_var(smt_var__string__value("MyModule.value1")), "MyModule.cost008"), e_binop(b_add, e_select(e_select(e_var(smt_var__string__value("MyModule.value1")), "MyModule.comp008"), "MyModule.cost008"), e_select(e_select(e_var(smt_var__string__value("MyModule.value1")), "MyModule.app008"), "MyModule.licenseFee008"))), e_binop(b_lt, e_select(e_var(smt_var__string__value("MyModule.value1")), "MyModule.cost008"), e_int(2000))))), e_binop(b_and, e_binop(b_gt, e_accum(smt_var__string__value("MyModule.x64"), e_var(smt_var__string__value("MyModule.value2")), smt_var__string__value("MyModule.x65"), e_ascribe(e_int(0), t_int), e_binop(b_add, e_var(smt_var__string__value("MyModule.x65")), e_int(1))), e_int(1)), e_binop(b_lt, e_accum(smt_var__string__value("MyModule.x66"), e_var(smt_var__string__value("MyModule.value2")), smt_var__string__value("MyModule.x67"), e_ascribe(e_int(0), t_int), e_binop(b_add, e_var(smt_var__string__value("MyModule.x67")), e_int(1))), e_int(13))))), e_binop(b_lt, e_accum(smt_var__string__value("MyModule.serv008"), e_select(e_var(smt_var__string__value("MyModule.value1")), "MyModule.serv008"), smt_var__string__value("MyModule.s008"), e_ascribe(e_int(0), t_int), e_binop(b_add, e_var(smt_var__string__value("MyModule.s008")), e_select(e_var(smt_var__string__value("MyModule.serv008")), "MyModule.cost008"))), e_int(10001)))
"MyModule.Pos000"	t_refine(smt_var__string__value("MyModule.value1"), t_int, e_binop(b_gt, e_var(smt_var__string__value("MyModule.value1")), e_int(0)))
"MyModule.T_tt007"	t_intersection(t_entity("MyModule.tag007", t_singleton(e_int(42), t_any)), t_entity("MyModule.bar007", t_int))
"MyModule.Pos001"	t_refine(smt_var__string__value("MyModule.value1"), t_int, e_binop(b_gt, e_var(smt_var__string__value("MyModule.value1")), e_int(0)))
"MyModule.T_tt008"	t_intersection(t_entity("MyModule.tag008", t_singleton(e_int(42), t_any)), t_entity("MyModule.bar008", t_int))
"MyModule.T_tt005"	t_intersection(t_entity("MyModule.tag005", t_singleton(e_int(42), t_any)), t_entity("MyModule.bar005", t_int))
"MyModule.T_tt006"	t_intersection(t_entity("MyModule.tag006", t_singleton(e_int(42), t_any)), t_entity("MyModule.bar006", t_int))
"MyModule.T_tt003"	t_intersection(t_entity("MyModule.tag003", t_singleton(e_int(42), t_any)), t_entity("MyModule.bar003", t_int))
"MyModule.Pos004"	t_refine(smt_var__string__value("MyModule.value1"), t_int, e_binop(b_gt, e_var(smt_var__string__value("MyModule.value1")), e_int(0)))
"MyModule.T_ff000"	t_intersection(t_entity("MyModule.tag000", t_singleton(e_int(43), t_any)), t_entity("MyModule.foo000", t_str))
"MyModule.T_tt004"	t_intersection(t_entity("MyModule.tag004", t_singleton(e_int(42), t_any)), t_entity("MyModule.bar004", t_int))
"MyModule.Pos005"	t_refine(smt_var__string__value("MyModule.value1"), t_int, e_binop(b_gt, e_var(smt_var__string__value("MyModule.value1")), e_int(0)))
"MyModule.T_tt001"	t_intersection(t_entity("MyModule.tag001", t_singleton(e_int(42), t_any)), t_entity("MyModule.bar001", t_int))
"MyModule.Pos002"	t_refine(smt_var__string__value("MyModule.value1"), t_int, e_binop(b_gt, e_var(smt_var__string__value("MyModule.value1")), e_int(0)))
"MyModule.T_tt002"	t_intersection(t_entity("MyModule.tag002", t_singleton(e_int(42), t_any)), t_entity("MyModule.bar002", t_int))
"MyModule.Pos003"	t_refine(smt_var__string__value("MyModule.value1"), t_int, e_binop(b_gt, e_var(smt_var__string__value("MyModule.value1")), e_int(0)))
"MyModule.Pos008"	t_refine(smt_var__string__value("MyModule.value1"), t_int, e_binop(b_gt, e_var(smt_var__string__value("MyModule.value1")), e_int(0)))
"MyModule.Pos009"	t_refine(smt_var__string__value("MyModule.value1"), t_int, e_binop(b_gt, e_var(smt_var__string__value("MyModule.value1")), e_int(0)))
"MyModule.Pos006"	t_refine(smt_var__string__value("MyModule.value1"), t_int, e_binop(b_gt, e_var(smt_var__string__value("MyModule.value1")), e_int(0)))
"MyModule.Pos007"	t_refine(smt_var__string__value("MyModule.value1"), t_int, e_binop(b_gt, e_var(smt_var__string__value("MyModule.value1")), e_int(0)))
"Any"	t_any
"MyModule.T_tt009"	t_intersection(t_entity("MyModule.tag009", t_singleton(e_int(42), t_any)), t_entity("MyModule.bar009", t_int))
"MyModule.Person008"	t_intersection(t_entity("MyModule.Name008", t_str), t_entity("MyModule.Age008", t_int))
"MyModule.Person007"	t_intersection(t_entity("MyModule.Name007", t_str), t_entity("MyModule.Age007", t_int))
"MyModule.T_ff009"	t_intersection(t_entity("MyModule.tag009", t_singleton(e_int(43), t_any)), t_entity("MyModule.foo009", t_str))
"MyModule.Person009"	t_intersection(t_entity("MyModule.Name009", t_str), t_entity("MyModule.Age009", t_int))
"MyModule.Person004"	t_intersection(t_entity("MyModule.Name004", t_str), t_entity("MyModule.Age004", t_int))
"MyModule.Person003"	t_intersection(t_entity("MyModule.Name003", t_str), t_entity("MyModule.Age003", t_int))
"MyModule.Person006"	t_intersection(t_entity("MyModule.Name006", t_str), t_entity("MyModule.Age006", t_int))
"MyModule.Person005"	t_intersection(t_entity("MyModule.Name005", t_str), t_entity("MyModule.Age005", t_int))
"MyModule.Person000"	t_intersection(t_entity("MyModule.Name000", t_str), t_entity("MyModule.Age000", t_int))
"MyModule.T_ff003"	t_intersection(t_entity("MyModule.tag003", t_singleton(e_int(43), t_any)), t_entity("MyModule.foo003", t_str))
"MyModule.T_tt000"	t_intersection(t_entity("MyModule.tag000", t_singleton(e_int(42), t_any)), t_entity("MyModule.bar000", t_int))
"MyModule.T_ff004"	t_intersection(t_entity("MyModule.tag004", t_singleton(e_int(43), t_any)), t_entity("MyModule.foo004", t_str))
"MyModule.T_ff001"	t_intersection(t_entity("MyModule.tag001", t_singleton(e_int(43), t_any)), t_entity("MyModule.foo001", t_str))
"MyModule.Person002"	t_intersection(t_entity("MyModule.Name002", t_str), t_entity("MyModule.Age002", t_int))
"MyModule.Person001"	t_intersection(t_entity("MyModule.Name001", t_str), t_entity("MyModule.Age001", t_int))
"MyModule.T_ff002"	t_intersection(t_entity("MyModule.tag002", t_singleton(e_int(43), t_any)), t_entity("MyModule.foo002", t_str))
"MyModule.T_ff007"	t_intersection(t_entity("MyModule.tag007", t_singleton(e_int(43), t_any)), t_entity("MyModule.foo007", t_str))
"MyModule.T_ff008"	t_intersection(t_entity("MyModule.tag008", t_singleton(e_int(43), t_any)), t_entity("MyModule.foo008", t_str))
"MyModule.T_ff005"	t_intersection(t_entity("MyModule.tag005", t_singleton(e_int(43), t_any)), t_entity("MyModule.foo005", t_str))
"MyModule.T_ff006"	t_intersection(t_entity("MyModule.tag006", t_singleton(e_int(43), t_any)), t_entity("MyModule.foo006", t_str))
"MyModule.Application003"	t_entity("MyModule.licenseFee003", t_refine(smt_var__string__value("MyModule.value1"), t_int, e_binop(b_gt, e_var(smt_var__string__value("MyModule.value1")), e_int(0))))
"MyModule.Application002"	t_entity("MyModule.licenseFee002", t_refine(smt_var__string__value("MyModule.value1"), t_int, e_binop(b_gt, e_var(smt_var__string__value("MyModule.value1")), e_int(0))))
"MyModule.Application005"	t_entity("MyModule.licenseFee005", t_refine(smt_var__string__value("MyModule.value1"), t_int, e_binop(b_gt, e_var(smt_var__string__value("MyModule.value1")), e_int(0))))
"MyModule.Application004"	t_entity("MyModule.licenseFee004", t_refine(smt_var__string__value("MyModule.value1"), t_int, e_binop(b_gt, e_var(smt_var__string__value("MyModule.value1")), e_int(0))))
"MyModule.Application007"	t_entity("MyModule.licenseFee007", t_refine(smt_var__string__value("MyModule.value1"), t_int, e_binop(b_gt, e_var(smt_var__string__value("MyModule.value1")), e_int(0))))
"MyModule.Application006"	t_entity("MyModule.licenseFee006", t_refine(smt_var__string__value("MyModule.value1"), t_int, e_binop(b_gt, e_var(smt_var__string__value("MyModule.value1")), e_int(0))))
"MyModule.Application009"	t_entity("MyModule.licenseFee009", t_refine(smt_var__string__value("MyModule.value1"), t_int, e_binop(b_gt, e_var(smt_var__string__value("MyModule.value1")), e_int(0))))
"MyModule.Application008"	t_entity("MyModule.licenseFee008", t_refine(smt_var__string__value("MyModule.value1"), t_int, e_binop(b_gt, e_var(smt_var__string__value("MyModule.value1")), e_int(0))))
"MyModule.Application001"	t_entity("MyModule.licenseFee001", t_refine(smt_var__string__value("MyModule.value1"), t_int, e_binop(b_gt, e_var(smt_var__string__value("MyModule.value1")), e_int(0))))
"MyModule.Application000"	t_entity("MyModule.licenseFee000", t_refine(smt_var__string__value("MyModule.value1"), t_int, e_binop(b_gt, e_var(smt_var__string__value("MyModule.value1")), e_int(0))))
"MyModule.Operator002"	t_refine(smt_var__string__value("MyModule.value1"), t_str, e_binop(b_or, e_binop(b_or, e_binop(b_or, e_binop(b_eq, e_var(smt_var__string__value("MyModule.value1")), e_str("plus")), e_binop(b_eq, e_var(smt_var__string__value("MyModule.value1")), e_str("minus"))), e_binop(b_eq, e_var(smt_var__string__value("MyModule.value1")), e_str("times"))), e_binop(b_eq, e_var(smt_var__string__value("MyModule.value1")), e_str("<="))))
"MyModule.Computer008"	t_entity("MyModule.cost008", t_refine(smt_var__string__value("MyModule.value1"), t_int, e_binop(b_gt, e_var(smt_var__string__value("MyModule.value1")), e_int(0))))
"MyModule.Operator003"	t_refine(smt_var__string__value("MyModule.value1"), t_str, e_binop(b_or, e_binop(b_or, e_binop(b_or, e_binop(b_eq, e_var(smt_var__string__value("MyModule.value1")), e_str("plus")), e_binop(b_eq, e_var(smt_var__string__value("MyModule.value1")), e_str("minus"))), e_binop(b_eq, e_var(smt_var__string__value("MyModule.value1")), e_str("times"))), e_binop(b_eq, e_var(smt_var__string__value("MyModule.value1")), e_str("<="))))
"MyModule.Computer007"	t_entity("MyModule.cost007", t_refine(smt_var__string__value("MyModule.value1"), t_int, e_binop(b_gt, e_var(smt_var__string__value("MyModule.value1")), e_int(0))))
"MyModule.Operator004"	t_refine(smt_var__string__value("MyModule.value1"), t_str, e_binop(b_or, e_binop(b_or, e_binop(b_or, e_binop(b_eq, e_var(smt_var__string__value("MyModule.value1")), e_str("plus")), e_binop(b_eq, e_var(smt_var__string__value("MyModule.value1")), e_str("minus"))), e_binop(b_eq, e_var(smt_var__string__value("MyModule.value1")), e_str("times"))), e_binop(b_eq, e_var(smt_var__string__value("MyModule.value1")), e_str("<="))))
"MyModule.Computer006"	t_entity("MyModule.cost006", t_refine(smt_var__string__value("MyModule.value1"), t_int, e_binop(b_gt, e_var(smt_var__string__value("MyModule.value1")), e_int(0))))
"MyModule.Computer005"	t_entity("MyModule.cost005", t_refine(smt_var__string__value("MyModule.value1"), t_int, e_binop(b_gt, e_var(smt_var__string__value("MyModule.value1")), e_int(0))))
"MyModule.Operator005"	t_refine(smt_var__string__value("MyModule.value1"), t_str, e_binop(b_or, e_binop(b_or, e_binop(b_or, e_binop(b_eq, e_var(smt_var__string__value("MyModule.value1")), e_str("plus")), e_binop(b_eq, e_var(smt_var__string__value("MyModule.value1")), e_str("minus"))), e_binop(b_eq, e_var(smt_var__string__value("MyModule.value1")), e_str("times"))), e_binop(b_eq, e_var(smt_var__string__value("MyModule.value1")), e_str("<="))))
"MyModule.Computer004"	t_entity("MyModule.cost004", t_refine(smt_var__string__value("MyModule.value1"), t_int, e_binop(b_gt, e_var(smt_var__string__value("MyModule.value1")), e_int(0))))
"MyModule.Operator006"	t_refine(smt_var__string__value("MyModule.value1"), t_str, e_binop(b_or, e_binop(b_or, e_binop(b_or, e_binop(b_eq, e_var(smt_var__string__value("MyModule.value1")), e_str("plus")), e_binop(b_eq, e_var(smt_var__string__value("MyModule.value1")), e_str("minus"))), e_binop(b_eq, e_var(smt_var__string__value("MyModule.value1")), e_str("times"))), e_binop(b_eq, e_var(smt_var__string__value("MyModule.value1")), e_str("<="))))
"MyModule.Computer003"	t_entity("MyModule.cost003", t_refine(smt_var__string__value("MyModule.value1"), t_int, e_binop(b_gt, e_var(smt_var__string__value("MyModule.value1")), e_int(0))))
"MyModule.Operator007"	t_refine(smt_var__string__value("MyModule.value1"), t_str, e_binop(b_or, e_binop(b_or, e_binop(b_or, e_binop(b_eq, e_var(smt_var__string__value("MyModule.value1")), e_str("plus")), e_binop(b_eq, e_var(smt_var__string__value("MyModule.value1")), e_str("minus"))), e_binop(b_eq, e_var(smt_var__string__value("MyModule.value1")), e_str("times"))), e_binop(b_eq, e_var(smt_var__string__value("MyModule.value1")), e_str("<="))))
"MyModule.Computer002"	t_entity("MyModule.cost002", t_refine(smt_var__string__value("MyModule.value1"), t_int, e_binop(b_gt, e_var(smt_var__string__value("MyModule.value1")), e_int(0))))
"MyModule.Operator008"	t_refine(smt_var__string__value("MyModule.value1"), t_str, e_binop(b_or, e_binop(b_or, e_binop(b_or, e_binop(b_eq, e_var(smt_var__string__value("MyModule.value1")), e_str("plus")), e_binop(b_eq, e_var(smt_var__string__value("MyModule.value1")), e_str("minus"))), e_binop(b_eq, e_var(smt_var__string__value("MyModule.value1")), e_str("times"))), e_binop(b_eq, e_var(smt_var__string__value("MyModule.value1")), e_str("<="))))
"MyModule.Computer001"	t_entity("MyModule.cost001", t_refine(smt_var__string__value("MyModule.value1"), t_int, e_binop(b_gt, e_var(smt_var__string__value("MyModule.value1")), e_int(0))))
"MyModule.Operator009"	t_refine(smt_var__string__value("MyModule.value1"), t_str, e_binop(b_or, e_binop(b_or, e_binop(b_or, e_binop(b_eq, e_var(smt_var__string__value("MyModule.value1")), e_str("plus")), e_binop(b_eq, e_var(smt_var__string__value("MyModule.value1")), e_str("minus"))), e_binop(b_eq, e_var(smt_var__string__value("MyModule.value1")), e_str("times"))), e_binop(b_eq, e_var(smt_var__string__value("MyModule.value1")), e_str("<="))))
"MyModule.Operator000"	t_refine(smt_var__string__value("MyModule.value1"), t_str, e_binop(b_or, e_binop(b_or, e_binop(b_or, e_binop(b_eq, e_var(smt_var__string__value("MyModule.value1")), e_str("plus")), e_binop(b_eq, e_var(smt_var__string__value("MyModule.value1")), e_str("minus"))), e_binop(b_eq, e_var(smt_var__string__value("MyModule.value1")), e_str("times"))), e_binop(b_eq, e_var(smt_var__string__value("MyModule.value1")), e_str("<="))))
"MyModule.Operator001"	t_refine(smt_var__string__value("MyModule.value1"), t_str, e_binop(b_or, e_binop(b_or, e_binop(b_or, e_binop(b_eq, e_var(smt_var__string__value("MyModule.value1")), e_str("plus")), e_binop(b_eq, e_var(smt_var__string__value("MyModule.value1")), e_str("minus"))), e_binop(b_eq, e_var(smt_var__string__value("MyModule.value1")), e_str("times"))), e_binop(b_eq, e_var(smt_var__string__value("MyModule.value1")), e_str("<="))))
"MyModule.Computer009"	t_entity("MyModule.cost009", t_refine(smt_var__string__value("MyModule.value1"), t_int, e_binop(b_gt, e_var(smt_var__string__value("MyModule.value1")), e_int(0))))
