java_type_ref("<Application,Lantlr/RuleEndElement>")
java_type_ref("<Application,Lantlr/BlockWithImpliedExitPath>")
java_type_ref("<Application,Ldacapo/Digest>")
java_type_ref("<Application,Lantlr/NoViableAltException>")
java_type_ref("<Application,Lantlr/TokenStreamHiddenTokenFilter>")
java_type_ref("<Application,Lantlr/CharRangeElement>")
java_type_ref("<Application,Lantlr/collections/Enumerator>")
java_type_ref("<Application,Lantlr/collections/impl/ASTEnumerator>")
java_type_ref("<Application,Ldacapo/LatexDescriptions>")
java_type_ref("<Application,Lantlr/actions/java/ActionLexer>")
java_type_ref("<Application,Lantlr/CharStreamIOException>")
java_type_ref("<Application,Lantlr/SimpleTokenManager>")
java_type_ref("<Application,Lantlr/debug/DebuggingInputBuffer>")
java_type_ref("<Application,Lantlr/collections/Stack>")
java_type_ref("<Application,Lantlr/debug/ParserController>")
java_type_ref("<Application,Lantlr/BaseAST>")
java_type_ref("<Application,Lantlr/debug/SyntacticPredicateListener>")
java_type_ref("<Application,Lantlr/ActionElement>")
java_type_ref("<Application,Lantlr/NameSpace>")
java_type_ref("<Application,Lantlr/TreeBlockContext>")
java_type_ref("<Application,Lantlr/debug/Tracer>")
java_type_ref("<Application,Lantlr/debug/misc/ASTFrame$1>")
java_type_ref("<Application,Lantlr/preprocessor/GrammarFile>")
java_type_ref("<Application,Lantlr/TokenStreamBasicFilter>")
java_type_ref("<Application,LMyCallback>")
java_type_ref("<Application,Lantlr/debug/TraceEvent>")
java_type_ref("<Application,Lantlr/collections/impl/ASTArray>")
java_type_ref("<Application,Lantlr/RecognitionException>")
java_type_ref("<Application,Lantlr/ANTLRTokdefParserTokenTypes>")
java_type_ref("<Application,Lantlr/ParserSharedInputState>")
java_type_ref("<Application,Lantlr/debug/ParserListener>")
java_type_ref("<Application,Lantlr/collections/List>")
java_type_ref("<Application,Lantlr/LexerSharedInputState>")
java_type_ref("<Application,Lantlr/debug/DebuggingParser>")
java_type_ref("<Application,Lantlr/ASTPair>")
java_type_ref("<Application,Lantlr/GrammarSymbol>")
java_type_ref("<Application,Lantlr/debug/InputBufferEvent>")
java_type_ref("<Application,Lantlr/FileCopyException>")
java_type_ref("<Application,Lantlr/debug/DebuggingCharScanner>")
java_type_ref("<Application,Lantlr/debug/ParserMatchEvent>")
java_type_ref("<Application,Ldacapo/parser/SimpleCharStream>")
java_type_ref("<Application,Lantlr/build/ANTLR>")
java_type_ref("<Application,Lantlr/TokenStream>")
java_type_ref("<Application,Lantlr/StringLiteralSymbol>")
java_type_ref("<Application,Ldacapo/parser/ConfigFileConstants>")
java_type_ref("<Application,Lantlr/TokenBuffer>")
java_type_ref("<Application,Lantlr/ANTLRParser>")
java_type_ref("<Application,Ldacapo/TeeOutputStream>")
java_type_ref("<Application,Lantlr/InputBuffer>")
java_type_ref("<Application,Ldacapo/TeePrintStream>")
java_type_ref("<Application,Lantlr/CommonASTWithHiddenTokens>")
java_type_ref("<Application,Lantlr/TokenRefElement>")
java_type_ref("<Application,Lantlr/debug/misc/ASTFrame$MyTreeSelectionListener>")
java_type_ref("<Application,Lantlr/collections/impl/IndexedVector>")
java_type_ref("<Application,Lantlr/TokenStreamSelector>")
java_type_ref("<Application,Lantlr/collections/ASTEnumeration>")
java_type_ref("<Application,Lantlr/debug/TraceListener>")
java_type_ref("<Application,Lantlr/SemanticException>")
java_type_ref("<Application,Lantlr/DiagnosticCodeGenerator>")
java_type_ref("<Application,Lantlr/LexerGrammar>")
java_type_ref("<Application,Lantlr/debug/ParserMatchAdapter>")
java_type_ref("<Application,Lantlr/collections/impl/IntRange>")
java_type_ref("<Application,Lantlr/RuleBlock>")
java_type_ref("<Application,Ldacapo/Matcher>")
java_type_ref("<Application,Lantlr/ASTIterator>")
java_type_ref("<Application,Ldacapo/antlr/Main>")
java_type_ref("<Application,Ldacapo/FileDigest>")
java_type_ref("<Application,Ldacapo/parser/TokenMgrError>")
java_type_ref("<Application,Lantlr/NoViableAltForCharException>")
java_type_ref("<Application,Lantlr/debug/ParserEventSupport>")
java_type_ref("<Application,Lantlr/preprocessor/Hierarchy>")
java_type_ref("<Application,Lantlr/CSharpNameSpace>")
java_type_ref("<Application,Lantlr/CSharpCharFormatter>")
java_type_ref("<Application,Lantlr/ActionTransInfo>")
java_type_ref("<Application,Lantlr/TreeParser>")
java_type_ref("<Application,Lantlr/actions/csharp/ActionLexer>")
java_type_ref("<Application,Lantlr/debug/ParserTokenListener>")
java_type_ref("<Application,Lantlr/debug/SemanticPredicateAdapter>")
java_type_ref("<Application,Lantlr/ZeroOrMoreBlock>")
java_type_ref("<Application,Ldacapo/Slice>")
java_type_ref("<Application,Lantlr/JavaBlockFinishingInfo>")
java_type_ref("<Application,Lantlr/CommonToken>")
java_type_ref("<Application,Lantlr/debug/InputBufferReporter>")
java_type_ref("<Application,Lantlr/TokenStreamRecognitionException>")
java_type_ref("<Application,Lantlr/build/ANTLR$1>")
java_type_ref("<Application,Lantlr/HTMLCodeGenerator>")
java_type_ref("<Application,Lantlr/TreeSpecifierNode>")
java_type_ref("<Application,Ldacapo/parser/Config$OutputFile>")
java_type_ref("<Application,Lantlr/Alternative>")
java_type_ref("<Application,Lantlr/CSharpCodeGenerator>")
java_type_ref("<Application,Lantlr/CharQueue>")
java_type_ref("<Application,Ldacapo/TestHarness>")
java_type_ref("<Application,Lantlr/GrammarElement>")
java_type_ref("<Application,LHarness>")
java_type_ref("<Application,Lantlr/build/Tool>")
java_type_ref("<Application,Lantlr/collections/impl/VectorEnumeration>")
java_type_ref("<Application,Lantlr/collections/impl/VectorEnumerator>")
java_type_ref("<Application,Lantlr/TreeParserSharedInputState>")
java_type_ref("<Application,Lantlr/LLkAnalyzer>")
java_type_ref("<Application,Ldacapo/parser/ParseException>")
java_type_ref("<Application,Lantlr/DocBookCodeGenerator>")
java_type_ref("<Application,LMMTkHarness>")
java_type_ref("<Application,Lantlr/ANTLRTokenTypes>")
java_type_ref("<Application,Lantlr/ASTNULLType>")
java_type_ref("<Application,Lantlr/MismatchedCharException>")
java_type_ref("<Application,Lantlr/CommonAST>")
java_type_ref("<Application,Lantlr/Parser>")
java_type_ref("<Application,Lantlr/LLkGrammarAnalyzer>")
java_type_ref("<Application,Lantlr/CppBlockFinishingInfo>")
java_type_ref("<Application,Lantlr/TokenManager>")
java_type_ref("<Application,Lantlr/TokenRangeElement>")
java_type_ref("<Application,Lantlr/CharFormatter>")
java_type_ref("<Application,Lantlr/TokenStreamException>")
java_type_ref("<Application,Lantlr/ParserGrammar>")
java_type_ref("<Application,Lantlr/CppCodeGenerator>")
java_type_ref("<Application,Lantlr/OneOrMoreBlock>")
java_type_ref("<Application,Lantlr/TreeElement>")
java_type_ref("<Application,Ldacapo/Benchmark$1>")
java_type_ref("<Application,Lantlr/debug/MessageListener>")
java_type_ref("<Application,Lantlr/StringUtils>")
java_type_ref("<Application,Lantlr/debug/LLkDebuggingParser>")
java_type_ref("<Application,Lantlr/CodeGenerator>")
java_type_ref("<Application,Lantlr/debug/misc/JTreeASTPanel>")
java_type_ref("<Application,Ldacapo/parser/Token>")
java_type_ref("<Application,Lantlr/build/StreamScarfer>")
java_type_ref("<Application,Lantlr/debug/MessageAdapter>")
java_type_ref("<Application,Lantlr/actions/csharp/ActionLexerTokenTypes>")
java_type_ref("<Application,Ldacapo/parser/Config$Size>")
java_type_ref("<Application,Lantlr/debug/GuessingEvent>")
java_type_ref("<Application,Ldacapo/antlr/AntlrHarness>")
java_type_ref("<Application,Lantlr/JavaCodeGenerator>")
java_type_ref("<Application,Lantlr/Tool>")
java_type_ref("<Application,Lantlr/debug/NewLineListener>")
java_type_ref("<Application,Lantlr/AlternativeBlock>")
java_type_ref("<Application,Lantlr/preprocessor/PreprocessorTokenTypes>")
java_type_ref("<Application,Lantlr/collections/impl/Vector>")
java_type_ref("<Application,Lantlr/ANTLRHashString>")
java_type_ref("<Application,Lantlr/ImportVocabTokenManager>")
java_type_ref("<Application,LGcCallback>")
java_type_ref("<Application,Lantlr/collections/AST>")
java_type_ref("<Application,Lantlr/Lookahead>")
java_type_ref("<Application,Lantlr/preprocessor/Rule>")
java_type_ref("<Application,Lantlr/FileLineFormatter>")
java_type_ref("<Application,Ldacapo/parser/Config>")
java_type_ref("<Application,Lantlr/DefaultToolErrorHandler>")
java_type_ref("<Application,Lantlr/ByteBuffer>")
java_type_ref("<Application,Ldacapo/parser/ConfigFileTokenManager>")
java_type_ref("<Application,Lantlr/DefineGrammarSymbols>")
java_type_ref("<Application,Lantlr/preprocessor/PreprocessorLexer>")
java_type_ref("<Application,Lantlr/CharStreamException>")
java_type_ref("<Application,Lantlr/Version>")
java_type_ref("<Application,Lantlr/preprocessor/Option>")
java_type_ref("<Application,Lantlr/debug/ParserReporter>")
java_type_ref("<Application,Lantlr/debug/ParserTokenAdapter>")
java_type_ref("<Application,Lantlr/debug/InputBufferListener>")
java_type_ref("<Application,Lantlr/preprocessor/Preprocessor>")
java_type_ref("<Application,Lantlr/DumpASTVisitor>")
java_type_ref("<Application,Lantlr/ANTLRException>")
java_type_ref("<Application,Lantlr/SynPredBlock>")
java_type_ref("<Application,Lantlr/AlternativeElement>")
java_type_ref("<Application,Lantlr/MismatchedTokenException>")
java_type_ref("<Application,Lantlr/ANTLRStringBuffer>")
java_type_ref("<Application,Lantlr/debug/TraceAdapter>")
java_type_ref("<Application,Ldacapo/Callback>")
java_type_ref("<Application,Lantlr/actions/cpp/ActionLexer>")
java_type_ref("<Application,Lantlr/TokenStreamRetryException>")
java_type_ref("<Application,Lantlr/StringLiteralElement>")
java_type_ref("<Application,Lantlr/CharLiteralElement>")
java_type_ref("<Application,Lantlr/MakeGrammar>")
java_type_ref("<Application,Lantlr/preprocessor/Grammar>")
java_type_ref("<Application,Lantlr/debug/SemanticPredicateListener>")
java_type_ref("<Application,Lantlr/TokenQueue>")
java_type_ref("<Application,LMMTkCallback>")
java_type_ref("<Application,Lantlr/ExceptionHandler>")
java_type_ref("<Application,Lantlr/ExceptionSpec>")
java_type_ref("<Application,Lantlr/JavaCharFormatter>")
java_type_ref("<Application,Lantlr/CppCharFormatter>")
java_type_ref("<Application,Lantlr/ASTVisitor>")
java_type_ref("<Application,Lantlr/Grammar>")
java_type_ref("<Application,Lantlr/TreeWalkerGrammar>")
java_type_ref("<Application,Lantlr/preprocessor/Tool>")
java_type_ref("<Application,Lantlr/ANTLRTokdefLexer>")
java_type_ref("<Application,Lantlr/debug/InputBufferAdapter>")
java_type_ref("<Application,Lantlr/ANTLRGrammarParseBehavior>")
java_type_ref("<Application,Lantlr/debug/misc/JTreeASTModel>")
java_type_ref("<Application,Lantlr/debug/SyntacticPredicateAdapter>")
java_type_ref("<Application,Lantlr/debug/ParserTokenEvent>")
java_type_ref("<Application,Ldacapo/Benchmark>")
java_type_ref("<Application,Lantlr/debug/Event>")
java_type_ref("<Application,Lantlr/debug/NewLineEvent>")
java_type_ref("<Application,Lantlr/TokenStreamIOException>")
java_type_ref("<Application,Lantlr/PreservingFileWriter>")
java_type_ref("<Application,Lantlr/WildcardElement>")
java_type_ref("<Application,Lantlr/CharBuffer>")
java_type_ref("<Application,Lantlr/RuleRefElement>")
java_type_ref("<Application,Ldacapo/parser/ConfigFile>")
java_type_ref("<Application,Lantlr/actions/java/ActionLexerTokenTypes>")
java_type_ref("<Application,Ldacapo/DacapoException>")
java_type_ref("<Application,Lantlr/RuleSymbol>")
java_type_ref("<Application,Lantlr/debug/ParserAdapter>")
java_type_ref("<Application,Lantlr/collections/impl/BitSet>")
java_type_ref("<Application,Lantlr/collections/impl/LLCell>")
java_type_ref("<Application,Lantlr/debug/ParserMatchListener>")
java_type_ref("<Application,Lantlr/ANTLRTokdefParser>")
java_type_ref("<Application,Lantlr/debug/ListenerBase>")
java_type_ref("<Application,Lantlr/ASTFactory>")
java_type_ref("<Application,Lantlr/LLkParser>")
java_type_ref("<Application,Lantlr/ANTLRError>")
java_type_ref("<Application,Lantlr/GrammarAnalyzer>")
java_type_ref("<Application,Lantlr/GrammarAtom>")
java_type_ref("<Application,Lantlr/CharScanner>")
java_type_ref("<Application,Lantlr/BlockEndElement>")
java_type_ref("<Application,Lantlr/BlockContext>")
java_type_ref("<Application,Lantlr/DefaultFileLineFormatter>")
java_type_ref("<Application,Lantlr/Token>")
java_type_ref("<Application,Lantlr/collections/impl/LList>")
java_type_ref("<Application,Lantlr/CommonHiddenStreamToken>")
java_type_ref("<Application,Lantlr/CSharpBlockFinishingInfo>")
java_type_ref("<Application,Lantlr/debug/InputBufferEventSupport>")
java_type_ref("<Application,Lantlr/collections/impl/LLEnumeration>")
java_type_ref("<Application,Lantlr/debug/misc/ASTFrame>")
java_type_ref("<Application,Lantlr/actions/cpp/ActionLexerTokenTypes>")
java_type_ref("<Application,Lantlr/ANTLRLexer>")
java_type_ref("<Application,Lantlr/ToolErrorHandler>")
java_type_ref("<Application,Lantlr/TokenSymbol>")
java_type_ref("<Application,Lantlr/debug/SemanticPredicateEvent>")
java_type_ref("<Application,Lantlr/debug/SyntacticPredicateEvent>")
java_type_ref("<Application,Lantlr/debug/MessageEvent>")
