"< Application, Lantlr/Grammar, setOption(Ljava/lang/String;Lantlr/Token;)Z >"	"bb51"	[java_type_ref("<Primordial,Ljava/lang/NumberFormatException>")]
"< Application, Ldacapo/TestHarness, invokeConfiguration(Ljava/lang/reflect/Method;Ljava/lang/String;)V >"	"bb114"	[java_type_ref("<Primordial,Ljava/lang/Exception>")]
"< Application, Lantlr/SimpleTokenManager, clone()Ljava/lang/Object; >"	"bb18"	[java_type_ref("<Primordial,Ljava/lang/CloneNotSupportedException>")]
"< Application, Lantlr/collections/impl/VectorEnumerator, nextElement()Ljava/lang/Object; >"	"bb17"	[java_type_ref("<Primordial,Ljava/lang/Throwable>")]
"< Application, Ldacapo/parser/SimpleCharStream, ExpandBuff(Z)V >"	"bb70"	[java_type_ref("<Primordial,Ljava/lang/Throwable>")]
"< Application, Lantlr/build/StreamScarfer, run()V >"	"bb21"	[java_type_ref("<Primordial,Ljava/io/IOException>")]
"< Application, Ldacapo/parser/ConfigFileTokenManager, jjMoveStringLiteralDfa8_0(JJ)I >"	"bb8"	[java_type_ref("<Primordial,Ljava/io/IOException>")]
"< Application, Lantlr/actions/csharp/ActionLexer, nextToken()Lantlr/Token; >"	"bb35"	[java_type_ref("<Application,Lantlr/CharStreamException>")]
"< Application, Lantlr/Grammar, setOption(Ljava/lang/String;Lantlr/Token;)Z >"	"bb24"	[java_type_ref("<Primordial,Ljava/lang/NumberFormatException>")]
"< Application, Ldacapo/parser/ConfigFileTokenManager, jjMoveStringLiteralDfa7_0(JJ)I >"	"bb8"	[java_type_ref("<Primordial,Ljava/io/IOException>")]
"< Application, Lantlr/Tool, main([Ljava/lang/String;)V >"	"bb25"	[java_type_ref("<Primordial,Ljava/lang/Exception>")]
"< Application, Lantlr/CharScanner, setTokenObjectClass(Ljava/lang/String;)V >"	"bb4"	[java_type_ref("<Primordial,Ljava/lang/ClassNotFoundException>")]
"< Application, Lantlr/preprocessor/Tool, preprocess()Z >"	"bb22"	[java_type_ref("<Primordial,Ljava/io/FileNotFoundException>")]
"< Application, Lantlr/ANTLRParser, grammar()V >"	"bb46"	[java_type_ref("<Application,Lantlr/RecognitionException>")]
"< Application, Lantlr/build/Tool, perform(Ljava/lang/String;Ljava/lang/String;)V >"	"bb24"	[java_type_ref("<Primordial,Ljava/lang/Exception>")]
"< Application, Lantlr/Tool, doEverything([Ljava/lang/String;)I >"	"bb58"	[java_type_ref("<Primordial,Ljava/lang/IllegalArgumentException>")]
"< Application, Lantlr/debug/LLkDebuggingParser, setupDebugging(Lantlr/TokenStream;Lantlr/TokenBuffer;)V >"	"bb30"	[java_type_ref("<Primordial,Ljava/lang/Exception>")]
"< Application, Lantlr/Tool, getGrammarReader()Ljava/io/Reader; >"	"bb10"	[java_type_ref("<Primordial,Ljava/io/IOException>")]
"< Application, Lantlr/CodeGenerator, setGrammar(Lantlr/Grammar;)V >"	"bb10"	[java_type_ref("<Primordial,Ljava/lang/NumberFormatException>")]
"< Application, Ldacapo/parser/ConfigFileTokenManager, jjMoveStringLiteralDfa6_0(JJ)I >"	"bb8"	[java_type_ref("<Primordial,Ljava/io/IOException>")]
"< Application, Lantlr/debug/LLkDebuggingParser, matchNot(I)V >"	"bb10"	[java_type_ref("<Application,Lantlr/MismatchedTokenException>")]
"< Application, Ldacapo/TeeOutputStream, newLog()V >"	"bb6"	[java_type_ref("<Primordial,Ljava/io/FileNotFoundException>")]
"< Application, Lantlr/collections/impl/VectorEnumerator, hasMoreElements()Z >"	"bb11"	[java_type_ref("<Primordial,Ljava/lang/Throwable>")]
"< Application, Ldacapo/parser/ConfigFileTokenManager, jjMoveStringLiteralDfa9_0(JJ)I >"	"bb8"	[java_type_ref("<Primordial,Ljava/io/IOException>")]
"< Application, Lantlr/collections/impl/ASTEnumerator, nextNode()Lantlr/collections/AST; >"	"bb20"	[java_type_ref("<Primordial,Ljava/lang/Throwable>")]
"< Application, Lantlr/CharScanner, makeToken(I)Lantlr/Token; >"	"bb20"	[java_type_ref("<Primordial,Ljava/lang/IllegalAccessException>")]
"< Application, Lantlr/CppCodeGenerator, processActionForSpecialSymbols(Ljava/lang/String;ILantlr/RuleBlock;Lantlr/ActionTransInfo;)Ljava/lang/String; >"	"bb35"	[java_type_ref("<Application,Lantlr/TokenStreamException>")]
"< Application, Lantlr/actions/java/ActionLexer, nextToken()Lantlr/Token; >"	"bb32"	[java_type_ref("<Application,Lantlr/RecognitionException>")]
"< Application, Lantlr/PreservingFileWriter, close()V >"	"bb81"	[java_type_ref("<Primordial,Ljava/io/IOException>")]
"< Application, Lantlr/CppCodeGenerator, processActionForSpecialSymbols(Ljava/lang/String;ILantlr/RuleBlock;Lantlr/ActionTransInfo;)Ljava/lang/String; >"	"bb43"	[java_type_ref("<Application,Lantlr/CharStreamException>")]
"< Application, LMMTkHarness, harnessEnd()V >"	"bb4"	[java_type_ref("<Primordial,Ljava/lang/Exception>")]
"< Application, Ldacapo/parser/ConfigFileTokenManager, getNextToken()Ldacapo/parser/Token; >"	"bb112"	[java_type_ref("<Primordial,Ljava/io/IOException>")]
"< Application, Lantlr/debug/DebuggingInputBuffer, consume()V >"	"bb4"	[java_type_ref("<Application,Lantlr/CharStreamException>")]
"< Application, Lantlr/debug/LLkDebuggingParser, class$(Ljava/lang/String;)Ljava/lang/Class; >"	"bb3"	[java_type_ref("<Primordial,Ljava/lang/ClassNotFoundException>")]
"< Application, Lantlr/PreservingFileWriter, close()V >"	"bb102"	[java_type_ref("<Primordial,Ljava/io/IOException>")]
"< Application, Lantlr/Tool, doEverything([Ljava/lang/String;)I >"	"bb81"	[java_type_ref("<Application,Lantlr/TokenStreamException>")]
"< Application, Ldacapo/parser/ConfigFileTokenManager, jjMoveStringLiteralDfa1_3(J)I >"	"bb5"	[java_type_ref("<Primordial,Ljava/io/IOException>")]
"< Application, Lantlr/collections/impl/BitSet, clone()Ljava/lang/Object; >"	"bb13"	[java_type_ref("<Primordial,Ljava/lang/CloneNotSupportedException>")]
"< Application, Lantlr/ByteBuffer, fill(I)V >"	"bb12"	[java_type_ref("<Primordial,Ljava/io/IOException>")]
"< Application, Lantlr/debug/DebuggingCharScanner, match(Ljava/lang/String;)V >"	"bb10"	[java_type_ref("<Primordial,Ljava/lang/Exception>")]
"< Application, Ldacapo/TeeOutputStream, version()V >"	"bb19"	[java_type_ref("<Primordial,Ljava/io/IOException>")]
"< Application, Lantlr/build/Tool, perform(Ljava/lang/String;Ljava/lang/String;)V >"	"bb44"	[java_type_ref("<Primordial,Ljava/lang/Exception>")]
"< Application, Ldacapo/parser/ConfigFile, main([Ljava/lang/String;)V >"	"bb11"	[java_type_ref("<Primordial,Ljava/io/FileNotFoundException>")]
"< Application, Lantlr/debug/LLkDebuggingParser, consume()V >"	"bb3"	[java_type_ref("<Application,Lantlr/TokenStreamException>")]
"< Application, Lantlr/Tool, factory(Ljava/lang/String;)Ljava/lang/Object; >"	"bb4"	[java_type_ref("<Primordial,Ljava/lang/Exception>")]
"< Application, Lantlr/debug/DebuggingCharScanner, matchNot(C)V >"	"bb8"	[java_type_ref("<Application,Lantlr/MismatchedCharException>")]
"< Application, Lantlr/preprocessor/Tool, preprocess()Z >"	"bb68"	[java_type_ref("<Primordial,Ljava/io/IOException>")]
"< Application, Lantlr/actions/java/ActionLexer, nextToken()Lantlr/Token; >"	"bb35"	[java_type_ref("<Application,Lantlr/CharStreamException>")]
"< Application, Lantlr/collections/impl/VectorEnumeration, hasMoreElements()Z >"	"bb11"	[java_type_ref("<Primordial,Ljava/lang/Throwable>")]
"< Application, Ldacapo/FileDigest, main([Ljava/lang/String;)V >"	"bb49"	[java_type_ref("<Primordial,Ljava/io/IOException>")]
"< Application, Lantlr/ASTFactory, create(Ljava/lang/String;)Lantlr/collections/AST; >"	"bb3"	[java_type_ref("<Primordial,Ljava/lang/Exception>")]
"< Application, Lantlr/collections/impl/VectorEnumeration, nextElement()Ljava/lang/Object; >"	"bb17"	[java_type_ref("<Primordial,Ljava/lang/Throwable>")]
"< Application, LMMTkHarness, <init>()V >"	"bb11"	[java_type_ref("<Primordial,Ljava/lang/NoSuchMethodException>")]
"< Application, Lantlr/build/Tool, perform(Ljava/lang/String;Ljava/lang/String;)V >"	"bb8"	[java_type_ref("<Primordial,Ljava/lang/Exception>")]
"< Application, Lantlr/Tool, copyFile(Ljava/lang/String;Ljava/lang/String;)V >"	"bb90"	[java_type_ref("<Primordial,Ljava/lang/Throwable>")]
"< Application, Lantlr/Lookahead, clone()Ljava/lang/Object; >"	"bb16"	[java_type_ref("<Primordial,Ljava/lang/CloneNotSupportedException>")]
"< Application, Ldacapo/parser/ConfigFileTokenManager, jjMoveStringLiteralDfa1_0(J)I >"	"bb5"	[java_type_ref("<Primordial,Ljava/io/IOException>")]
"< Application, Lantlr/debug/DebuggingCharScanner, goToSleep()V >"	"bb3"	[java_type_ref("<Primordial,Ljava/lang/InterruptedException>")]
"< Application, Lantlr/debug/ParserEventSupport, refresh(Ljava/util/Vector;)V >"	"bb6"	[java_type_ref("<Primordial,Ljava/lang/Throwable>")]
"< Application, Ldacapo/parser/ConfigFileTokenManager, jjMoveStringLiteralDfa1_2(J)I >"	"bb5"	[java_type_ref("<Primordial,Ljava/io/IOException>")]
"< Application, Lantlr/actions/cpp/ActionLexer, nextToken()Lantlr/Token; >"	"bb32"	[java_type_ref("<Application,Lantlr/RecognitionException>")]
"< Application, Lantlr/debug/LLkDebuggingParser, goToSleep()V >"	"bb3"	[java_type_ref("<Primordial,Ljava/lang/InterruptedException>")]
"< Application, Ldacapo/Benchmark, validate(Ljava/lang/String;)Z >"	"bb91"	[java_type_ref("<Primordial,Ljava/io/IOException>")]
"< Application, Ldacapo/Matcher, <clinit>()V >"	"bb6"	[java_type_ref("<Primordial,Ljava/io/FileNotFoundException>")]
"< Application, Ldacapo/Benchmark, <init>(Ldacapo/parser/Config;Ljava/io/File;)V >"	"bb26"	[java_type_ref("<Primordial,Ljava/lang/Throwable>")]
"< Application, Lantlr/CodeGenerator, setGrammar(Lantlr/Grammar;)V >"	"bb25"	[java_type_ref("<Primordial,Ljava/lang/NumberFormatException>")]
"< Application, Lantlr/TokenStreamSelector, nextToken()Lantlr/Token; >"	"bb4"	[java_type_ref("<Application,Lantlr/TokenStreamRetryException>")]
"< Application, Lantlr/PreservingFileWriter, close()V >"	"bb64"	[java_type_ref("<Primordial,Ljava/io/IOException>")]
"< Application, Lantlr/ASTFactory, class$(Ljava/lang/String;)Ljava/lang/Class; >"	"bb3"	[java_type_ref("<Primordial,Ljava/lang/ClassNotFoundException>")]
"< Application, Ldacapo/TestHarness, main([Ljava/lang/String;)V >"	"bb161"	[java_type_ref("<Primordial,Ljava/lang/NumberFormatException>")]
"< Application, Ldacapo/FileDigest, main([Ljava/lang/String;)V >"	"bb47"	[java_type_ref("<Primordial,Ljava/io/FileNotFoundException>")]
"< Application, Lantlr/PreservingFileWriter, close()V >"	"bb98"	[java_type_ref("<Primordial,Ljava/io/IOException>")]
"< Application, Ldacapo/parser/ConfigFileTokenManager, getNextToken()Ldacapo/parser/Token; >"	"bb6"	[java_type_ref("<Primordial,Ljava/io/IOException>")]
"< Application, Lantlr/collections/impl/Vector, clone()Ljava/lang/Object; >"	"bb4"	[java_type_ref("<Primordial,Ljava/lang/CloneNotSupportedException>")]
"< Application, Lantlr/preprocessor/Preprocessor, exceptionHandler()Ljava/lang/String; >"	"bb18"	[java_type_ref("<Application,Lantlr/RecognitionException>")]
"< Application, Lantlr/ANTLRParser, classDef()V >"	"bb110"	[java_type_ref("<Application,Lantlr/RecognitionException>")]
"< Application, Lantlr/ANTLRLexer, nextToken()Lantlr/Token; >"	"bb126"	[java_type_ref("<Application,Lantlr/RecognitionException>")]
"< Application, Ldacapo/Benchmark, validate(Ljava/lang/String;)Z >"	"bb37"	[java_type_ref("<Primordial,Ljava/io/IOException>")]
"< Application, Lantlr/Tool, copyFile(Ljava/lang/String;Ljava/lang/String;)V >"	"bb100"	[java_type_ref("<Primordial,Ljava/io/IOException>")]
"< Application, Ldacapo/parser/SimpleCharStream, FillBuff()V >"	"bb49"	[java_type_ref("<Primordial,Ljava/io/IOException>")]
"< Application, Lantlr/debug/LLkDebuggingParser, setupDebugging(Lantlr/TokenStream;Lantlr/TokenBuffer;)V >"	"bb4"	[java_type_ref("<Primordial,Ljava/lang/ClassNotFoundException>")]
"< Application, Lantlr/CharScanner, makeToken(I)Lantlr/Token; >"	"bb12"	[java_type_ref("<Primordial,Ljava/lang/InstantiationException>")]
"< Application, LMMTkHarness, harnessBegin()V >"	"bb4"	[java_type_ref("<Primordial,Ljava/lang/Exception>")]
"< Application, Lantlr/actions/cpp/ActionLexer, nextToken()Lantlr/Token; >"	"bb35"	[java_type_ref("<Application,Lantlr/CharStreamException>")]
"< Application, Lantlr/PreservingFileWriter, close()V >"	"bb85"	[java_type_ref("<Primordial,Ljava/io/IOException>")]
"< Application, Lantlr/debug/DebuggingCharScanner, matchRange(CC)V >"	"bb14"	[java_type_ref("<Application,Lantlr/MismatchedCharException>")]
"< Application, Lantlr/DocBookCodeGenerator, gen()V >"	"bb18"	[java_type_ref("<Primordial,Ljava/io/IOException>")]
"< Application, Ldacapo/Benchmark, <init>(Ldacapo/parser/Config;Ljava/io/File;)V >"	"bb15"	[java_type_ref("<Primordial,Ljava/lang/Throwable>")]
"< Application, Ldacapo/parser/ConfigFileTokenManager, jjStartNfaWithStates_0(III)I >"	"bb7"	[java_type_ref("<Primordial,Ljava/io/IOException>")]
"< Application, Lantlr/preprocessor/Preprocessor, exceptionGroup()Ljava/lang/String; >"	"bb12"	[java_type_ref("<Application,Lantlr/RecognitionException>")]
"< Application, Ldacapo/TestHarness, main([Ljava/lang/String;)V >"	"bb43"	[java_type_ref("<Primordial,Ljava/lang/Exception>")]
"< Application, Ldacapo/TestHarness, main([Ljava/lang/String;)V >"	"bb221"	[java_type_ref("<Primordial,Ljava/lang/Exception>")]
"< Application, Ldacapo/TestHarness, findClass()Ljava/lang/Class; >"	"bb5"	[java_type_ref("<Primordial,Ljava/lang/ClassNotFoundException>")]
"< Application, Lantlr/Tool, copyFile(Ljava/lang/String;Ljava/lang/String;)V >"	"bb96"	[java_type_ref("<Primordial,Ljava/io/IOException>")]
"< Application, Lantlr/ASTFactory, setASTNodeClass(Ljava/lang/String;)V >"	"bb5"	[java_type_ref("<Primordial,Ljava/lang/Exception>")]
"< Application, Lantlr/Tool, doEverything([Ljava/lang/String;)I >"	"bb51"	[java_type_ref("<Primordial,Ljava/lang/InstantiationException>")]
"< Application, Ldacapo/Benchmark, enableValidationReport(Ljava/lang/String;)V >"	"bb8"	[java_type_ref("<Primordial,Ljava/io/IOException>")]
"< Application, Ldacapo/parser/ConfigFileTokenManager, getNextToken()Ldacapo/parser/Token; >"	"bb25"	[java_type_ref("<Primordial,Ljava/io/IOException>")]
"< Application, Ldacapo/parser/Config, parse(Ljava/io/File;)Ldacapo/parser/Config; >"	"bb5"	[java_type_ref("<Primordial,Ljava/io/FileNotFoundException>")]
"< Application, Lantlr/build/Tool, antlr(Ljava/lang/String;)V >"	"bb10"	[java_type_ref("<Primordial,Ljava/io/IOException>")]
"< Application, Lantlr/CppCodeGenerator, processActionForSpecialSymbols(Ljava/lang/String;ILantlr/RuleBlock;Lantlr/ActionTransInfo;)Ljava/lang/String; >"	"bb33"	[java_type_ref("<Application,Lantlr/RecognitionException>")]
"< Application, Ldacapo/Digest, create()Ljava/security/MessageDigest; >"	"bb3"	[java_type_ref("<Primordial,Ljava/security/NoSuchAlgorithmException>")]
"< Application, Lantlr/ImportVocabTokenManager, <init>(Lantlr/Grammar;Ljava/lang/String;Ljava/lang/String;Lantlr/Tool;)V >"	"bb62"	[java_type_ref("<Application,Lantlr/TokenStreamException>")]
"< Application, Lantlr/ANTLRParser, classDef()V >"	"bb82"	[java_type_ref("<Application,Lantlr/RecognitionException>")]
"< Application, LMMTkHarness, <init>()V >"	"bb9"	[java_type_ref("<Primordial,Ljava/lang/ClassNotFoundException>")]
"< Application, Lantlr/CharBuffer, fill(I)V >"	"bb12"	[java_type_ref("<Primordial,Ljava/io/IOException>")]
"< Application, Lantlr/ASTFactory, createUsingCtor(Lantlr/Token;Ljava/lang/String;)Lantlr/collections/AST; >"	"bb18"	[java_type_ref("<Primordial,Ljava/lang/Exception>")]
"< Application, Ldacapo/parser/Config, parse(Ljava/io/InputStream;)Ldacapo/parser/Config; >"	"bb5"	[java_type_ref("<Application,Ldacapo/parser/ParseException>")]
"< Application, Lantlr/preprocessor/Grammar, expandInPlace()V >"	"bb80"	[java_type_ref("<Primordial,Ljava/io/IOException>")]
"< Application, Lantlr/ASTFactory, create(Ljava/lang/Class;)Lantlr/collections/AST; >"	"bb4"	[java_type_ref("<Primordial,Ljava/lang/Exception>")]
"< Application, Lantlr/debug/ParserEventSupport, fireDoneParsing()V >"	"bb13"	[java_type_ref("<Primordial,Ljava/lang/Throwable>")]
"< Application, Ldacapo/Benchmark, validate(Ljava/lang/String;)Z >"	"bb132"	[java_type_ref("<Primordial,Ljava/io/FileNotFoundException>")]
"< Application, Lantlr/CSharpCodeGenerator, processActionForSpecialSymbols(Ljava/lang/String;ILantlr/RuleBlock;Lantlr/ActionTransInfo;)Ljava/lang/String; >"	"bb35"	[java_type_ref("<Application,Lantlr/TokenStreamException>")]
"< Application, Ldacapo/TeeOutputStream, closeLog()V >"	"bb6"	[java_type_ref("<Primordial,Ljava/io/IOException>")]
"< Application, Lantlr/PreservingFileWriter, close()V >"	"bb68"	[java_type_ref("<Primordial,Ljava/io/IOException>")]
"< Application, Ldacapo/TeeOutputStream, finalize()V >"	"bb5"	[java_type_ref("<Primordial,Ljava/lang/Exception>")]
"< Application, Lantlr/Tool, doEverything([Ljava/lang/String;)I >"	"bb73"	[java_type_ref("<Application,Lantlr/RecognitionException>")]
"< Application, Lantlr/HTMLCodeGenerator, gen()V >"	"bb18"	[java_type_ref("<Primordial,Ljava/io/IOException>")]
"< Application, Lantlr/CppCodeGenerator, gen()V >"	"bb33"	[java_type_ref("<Primordial,Ljava/io/IOException>")]
"< Application, Lantlr/preprocessor/Preprocessor, exceptionSpec()Ljava/lang/String; >"	"bb35"	[java_type_ref("<Application,Lantlr/RecognitionException>")]
"< Application, Lantlr/ANTLRLexer, nextToken()Lantlr/Token; >"	"bb129"	[java_type_ref("<Application,Lantlr/CharStreamException>")]
"< Application, Lantlr/ImportVocabTokenManager, <init>(Lantlr/Grammar;Ljava/lang/String;Ljava/lang/String;Lantlr/Tool;)V >"	"bb50"	[java_type_ref("<Application,Lantlr/RecognitionException>")]
"< Application, Ldacapo/Benchmark, validate(Ljava/lang/String;)Z >"	"bb36"	[java_type_ref("<Primordial,Ljava/io/FileNotFoundException>")]
"< Application, Lantlr/debug/LLkDebuggingParser, match(Lantlr/collections/impl/BitSet;)V >"	"bb10"	[java_type_ref("<Application,Lantlr/MismatchedTokenException>")]
"< Application, Lantlr/debug/DebuggingCharScanner, match(Ljava/lang/String;)V >"	"bb17"	[java_type_ref("<Application,Lantlr/MismatchedCharException>")]
"< Application, Lantlr/JavaCodeGenerator, gen()V >"	"bb33"	[java_type_ref("<Primordial,Ljava/io/IOException>")]
"< Application, Ldacapo/parser/ConfigFile, main([Ljava/lang/String;)V >"	"bb8"	[java_type_ref("<Application,Ldacapo/parser/ParseException>")]
"< Application, Lantlr/debug/DebuggingCharScanner, match(C)V >"	"bb8"	[java_type_ref("<Application,Lantlr/MismatchedCharException>")]
"< Application, Lantlr/build/Tool, system(Ljava/lang/String;)V >"	"bb24"	[java_type_ref("<Primordial,Ljava/lang/Exception>")]
"< Application, Lantlr/debug/InputBufferEventSupport, fireEvents(ILjava/util/Vector;)V >"	"bb9"	[java_type_ref("<Primordial,Ljava/lang/Throwable>")]
"< Application, Lantlr/ANTLRTokdefParser, line(Lantlr/ImportVocabTokenManager;)V >"	"bb71"	[java_type_ref("<Application,Lantlr/RecognitionException>")]
"< Application, Lantlr/actions/csharp/ActionLexer, nextToken()Lantlr/Token; >"	"bb32"	[java_type_ref("<Application,Lantlr/RecognitionException>")]
"< Application, Lantlr/ANTLRParser, classDef()V >"	"bb59"	[java_type_ref("<Application,Lantlr/RecognitionException>")]
"< Application, Ldacapo/parser/ConfigFileTokenManager, jjMoveStringLiteralDfa3_0(JJ)I >"	"bb8"	[java_type_ref("<Primordial,Ljava/io/IOException>")]
"< Application, Lantlr/JavaCodeGenerator, processActionForSpecialSymbols(Ljava/lang/String;ILantlr/RuleBlock;Lantlr/ActionTransInfo;)Ljava/lang/String; >"	"bb35"	[java_type_ref("<Application,Lantlr/TokenStreamException>")]
"< Application, Lantlr/CSharpCodeGenerator, processActionForSpecialSymbols(Ljava/lang/String;ILantlr/RuleBlock;Lantlr/ActionTransInfo;)Ljava/lang/String; >"	"bb43"	[java_type_ref("<Application,Lantlr/CharStreamException>")]
"< Application, Ldacapo/parser/ConfigFileTokenManager, getNextToken()Ldacapo/parser/Token; >"	"bb122"	[java_type_ref("<Primordial,Ljava/io/IOException>")]
"< Application, Lantlr/collections/impl/ASTEnumerator, hasMoreNodes()Z >"	"bb12"	[java_type_ref("<Primordial,Ljava/lang/Throwable>")]
"< Application, Lantlr/Grammar, setOption(Ljava/lang/String;Lantlr/Token;)Z >"	"bb41"	[java_type_ref("<Primordial,Ljava/lang/NumberFormatException>")]
"< Application, Lantlr/Tool, doEverything([Ljava/lang/String;)I >"	"bb65"	[java_type_ref("<Primordial,Ljava/lang/IllegalAccessException>")]
"< Application, Lantlr/preprocessor/Preprocessor, rule(Lantlr/preprocessor/Grammar;)V >"	"bb109"	[java_type_ref("<Application,Lantlr/RecognitionException>")]
"< Application, Lantlr/JavaCodeGenerator, processActionForSpecialSymbols(Ljava/lang/String;ILantlr/RuleBlock;Lantlr/ActionTransInfo;)Ljava/lang/String; >"	"bb33"	[java_type_ref("<Application,Lantlr/RecognitionException>")]
"< Application, Lantlr/debug/DebuggingCharScanner, consume()V >"	"bb3"	[java_type_ref("<Application,Lantlr/CharStreamException>")]
"< Application, Ldacapo/LatexDescriptions, main([Ljava/lang/String;)V >"	"bb3"	[java_type_ref("<Primordial,Ljava/io/IOException>")]
"< Application, Ldacapo/Benchmark, validate(Ljava/lang/String;)Z >"	"bb84"	[java_type_ref("<Primordial,Ljava/io/FileNotFoundException>")]
"< Application, Lantlr/Tool, copyFile(Ljava/lang/String;Ljava/lang/String;)V >"	"bb109"	[java_type_ref("<Primordial,Ljava/io/IOException>")]
"< Application, Ldacapo/parser/ConfigFileTokenManager, jjMoveNfa_0(II)I >"	"bb193"	[java_type_ref("<Primordial,Ljava/io/IOException>")]
"< Application, Lantlr/preprocessor/Hierarchy, readGrammarFile(Ljava/lang/String;)V >"	"bb19"	[java_type_ref("<Application,Lantlr/TokenStreamException>")]
"< Application, Ldacapo/parser/ConfigFileTokenManager, jjMoveNfa_1(II)I >"	"bb67"	[java_type_ref("<Primordial,Ljava/io/IOException>")]
"< Application, Lantlr/debug/LLkDebuggingParser, match(I)V >"	"bb10"	[java_type_ref("<Application,Lantlr/MismatchedTokenException>")]
"< Application, Lantlr/DiagnosticCodeGenerator, gen()V >"	"bb34"	[java_type_ref("<Primordial,Ljava/io/IOException>")]
"< Application, Lantlr/debug/InputBufferEventSupport, refresh(Ljava/util/Vector;)V >"	"bb6"	[java_type_ref("<Primordial,Ljava/lang/Throwable>")]
"< Application, Lantlr/Tool, copyFile(Ljava/lang/String;Ljava/lang/String;)V >"	"bb105"	[java_type_ref("<Primordial,Ljava/io/IOException>")]
"< Application, Lantlr/ANTLRTokdefParser, file(Lantlr/ImportVocabTokenManager;)V >"	"bb10"	[java_type_ref("<Application,Lantlr/RecognitionException>")]
"< Application, Lantlr/Tool, doEverything([Ljava/lang/String;)I >"	"bb44"	[java_type_ref("<Primordial,Ljava/lang/ClassNotFoundException>")]
"< Application, Lantlr/preprocessor/PreprocessorLexer, nextToken()Lantlr/Token; >"	"bb73"	[java_type_ref("<Application,Lantlr/CharStreamException>")]
"< Application, Lantlr/preprocessor/Hierarchy, readGrammarFile(Ljava/lang/String;)V >"	"bb27"	[java_type_ref("<Application,Lantlr/ANTLRException>")]
"< Application, Lantlr/ImportVocabTokenManager, <init>(Lantlr/Grammar;Ljava/lang/String;Ljava/lang/String;Lantlr/Tool;)V >"	"bb40"	[java_type_ref("<Primordial,Ljava/io/FileNotFoundException>")]
"< Application, Lantlr/preprocessor/Preprocessor, throwsSpec()Ljava/lang/String; >"	"bb25"	[java_type_ref("<Application,Lantlr/RecognitionException>")]
"< Application, Lantlr/preprocessor/Preprocessor, class_def(Ljava/lang/String;Lantlr/preprocessor/Hierarchy;)Lantlr/preprocessor/Grammar; >"	"bb96"	[java_type_ref("<Application,Lantlr/RecognitionException>")]
"< Application, Lantlr/CSharpCodeGenerator, processActionForSpecialSymbols(Ljava/lang/String;ILantlr/RuleBlock;Lantlr/ActionTransInfo;)Ljava/lang/String; >"	"bb33"	[java_type_ref("<Application,Lantlr/RecognitionException>")]
"< Application, Ldacapo/parser/ConfigFileTokenManager, jjMoveStringLiteralDfa10_0(JJ)I >"	"bb8"	[java_type_ref("<Primordial,Ljava/io/IOException>")]
"< Application, Lantlr/PreservingFileWriter, close()V >"	"bb58"	[java_type_ref("<Primordial,Ljava/lang/Throwable>")]
"< Application, Lantlr/preprocessor/Preprocessor, optionSpec(Lantlr/preprocessor/Grammar;)Lantlr/collections/impl/IndexedVector; >"	"bb39"	[java_type_ref("<Application,Lantlr/RecognitionException>")]
"< Application, Ldacapo/parser/ConfigFileTokenManager, jjMoveStringLiteralDfa4_0(JJ)I >"	"bb8"	[java_type_ref("<Primordial,Ljava/io/IOException>")]
"< Application, Lantlr/ASTFactory, setTokenTypeASTNodeType(ILjava/lang/String;)V >"	"bb18"	[java_type_ref("<Primordial,Ljava/lang/Exception>")]
"< Application, Lantlr/preprocessor/Preprocessor, grammarFile(Lantlr/preprocessor/Hierarchy;Ljava/lang/String;)V >"	"bb35"	[java_type_ref("<Application,Lantlr/RecognitionException>")]
"< Application, LMMTkHarness, <init>()V >"	"bb10"	[java_type_ref("<Primordial,Ljava/lang/SecurityException>")]
"< Application, Ldacapo/Benchmark, validate(Ljava/lang/String;)Z >"	"bb139"	[java_type_ref("<Primordial,Ljava/io/IOException>")]
"< Application, Ldacapo/parser/Config, parse(Ljava/net/URL;)Ldacapo/parser/Config; >"	"bb4"	[java_type_ref("<Primordial,Ljava/io/IOException>")]
"< Application, Lantlr/CSharpCodeGenerator, gen()V >"	"bb33"	[java_type_ref("<Primordial,Ljava/io/IOException>")]
"< Application, Ldacapo/parser/ConfigFileTokenManager, jjMoveStringLiteralDfa2_0(JJ)I >"	"bb8"	[java_type_ref("<Primordial,Ljava/io/IOException>")]
"< Application, Ldacapo/parser/ConfigFileTokenManager, jjMoveStringLiteralDfa5_0(JJ)I >"	"bb8"	[java_type_ref("<Primordial,Ljava/io/IOException>")]
"< Application, Lantlr/ANTLRTokdefLexer, nextToken()Lantlr/Token; >"	"bb65"	[java_type_ref("<Application,Lantlr/CharStreamException>")]
"< Application, Lantlr/JavaCodeGenerator, processActionForSpecialSymbols(Ljava/lang/String;ILantlr/RuleBlock;Lantlr/ActionTransInfo;)Ljava/lang/String; >"	"bb43"	[java_type_ref("<Application,Lantlr/CharStreamException>")]
"< Application, Lantlr/ANTLRTokdefLexer, nextToken()Lantlr/Token; >"	"bb62"	[java_type_ref("<Application,Lantlr/RecognitionException>")]
"< Application, Lantlr/debug/DebuggingCharScanner, match(Lantlr/collections/impl/BitSet;)V >"	"bb10"	[java_type_ref("<Application,Lantlr/MismatchedCharException>")]
"< Application, Lantlr/preprocessor/PreprocessorLexer, nextToken()Lantlr/Token; >"	"bb70"	[java_type_ref("<Application,Lantlr/RecognitionException>")]
"< Application, Lantlr/build/Tool, class$(Ljava/lang/String;)Ljava/lang/Class; >"	"bb3"	[java_type_ref("<Primordial,Ljava/lang/ClassNotFoundException>")]
