"< Application, Lantlr/BaseAST, <clinit>()V >"
"< Application, Lantlr/actions/csharp/ActionLexer, <clinit>()V >"
"< Application, Lantlr/actions/cpp/ActionLexer, <clinit>()V >"
"< Application, Lantlr/FileLineFormatter, <clinit>()V >"
"< Application, Lantlr/debug/MessageEvent, <clinit>()V >"
"< Application, Ldacapo/TestHarness, <clinit>()V >"
"< Application, Lantlr/preprocessor/Preprocessor, <clinit>()V >"
"< Application, Lantlr/ANTLRLexer, <clinit>()V >"
"< Application, Lantlr/CppCodeGenerator, <clinit>()V >"
"< Application, Lantlr/debug/TraceEvent, <clinit>()V >"
"< Application, Lantlr/ANTLRTokdefLexer, <clinit>()V >"
"< Application, Lantlr/debug/ParserMatchEvent, <clinit>()V >"
"< Application, Lantlr/ANTLRTokdefParser, <clinit>()V >"
"< Application, Ldacapo/LatexDescriptions, <clinit>()V >"
"< Application, Lantlr/Token, <clinit>()V >"
"< Application, Ldacapo/Benchmark, <clinit>()V >"
"< Application, Lantlr/debug/ParserTokenEvent, <clinit>()V >"
"< Application, Ldacapo/Matcher, <clinit>()V >"
"< Application, Ldacapo/parser/ConfigFileTokenManager, <clinit>()V >"
"< Application, Lantlr/actions/java/ActionLexer, <clinit>()V >"
"< Application, Lantlr/Tool, <clinit>()V >"
"< Application, Lantlr/JavaCodeGenerator, <clinit>()V >"
"< Application, Lantlr/preprocessor/PreprocessorLexer, <clinit>()V >"
"< Application, Lantlr/CSharpCodeGenerator, <clinit>()V >"
"< Application, Lantlr/build/ANTLR, <clinit>()V >"
"< Application, Lantlr/TreeParser, <clinit>()V >"
"< Application, Lantlr/ANTLRParser, <clinit>()V >"
"< Application, Ldacapo/parser/ConfigFile, <clinit>()V >"
"< Application, Ldacapo/parser/ConfigFileConstants, <clinit>()V >"
"< Application, Lantlr/CodeGenerator, <clinit>()V >"
