java_type_ref("<Application,Lantlr/collections/impl/LList>")	java_type_ref("<Application,Lantlr/collections/List>")
java_type_ref("<Application,Lantlr/debug/ParserListener>")	java_type_ref("<Application,Lantlr/debug/MessageListener>")
java_type_ref("<Application,Lantlr/debug/misc/ASTFrame>")	java_type_ref("<Primordial,Ljavax/swing/RootPaneContainer>")
java_type_ref("<Application,Lantlr/debug/misc/JTreeASTPanel>")	java_type_ref("<Primordial,Ljava/awt/image/ImageObserver>")
java_type_ref("<Application,Lantlr/CSharpCharFormatter>")	java_type_ref("<Application,Lantlr/CharFormatter>")
java_type_ref("<Application,Lantlr/debug/ParserAdapter>")	java_type_ref("<Application,Lantlr/debug/ParserListener>")
java_type_ref("<Application,Lantlr/Token>")	java_type_ref("<Primordial,Ljava/lang/Cloneable>")
java_type_ref("<Application,Lantlr/debug/misc/ASTFrame$1>")	java_type_ref("<Primordial,Ljava/util/EventListener>")
java_type_ref("<Application,Lantlr/TokenStreamRetryException>")	java_type_ref("<Primordial,Ljava/io/Serializable>")
java_type_ref("<Application,Lantlr/CommonAST>")	java_type_ref("<Application,Lantlr/collections/AST>")
java_type_ref("<Application,Lantlr/debug/ParserAdapter>")	java_type_ref("<Application,Lantlr/debug/SemanticPredicateListener>")
java_type_ref("<Application,Lantlr/collections/impl/VectorEnumerator>")	java_type_ref("<Primordial,Ljava/util/Enumeration>")
java_type_ref("<Application,Lantlr/debug/ParserReporter>")	java_type_ref("<Application,Lantlr/debug/ParserTokenListener>")
java_type_ref("<Application,Lantlr/debug/ParserListener>")	java_type_ref("<Application,Lantlr/debug/TraceListener>")
java_type_ref("<Application,Ldacapo/TeePrintStream>")	java_type_ref("<Primordial,Ljava/io/Flushable>")
java_type_ref("<Application,Lantlr/debug/misc/ASTFrame>")	java_type_ref("<Primordial,Ljava/awt/MenuContainer>")
java_type_ref("<Application,Lantlr/preprocessor/PreprocessorLexer>")	java_type_ref("<Application,Lantlr/TokenStream>")
java_type_ref("<Application,Lantlr/debug/SyntacticPredicateAdapter>")	java_type_ref("<Application,Lantlr/debug/ListenerBase>")
java_type_ref("<Application,Lantlr/debug/ParserListener>")	java_type_ref("<Application,Lantlr/debug/ListenerBase>")
java_type_ref("<Application,Lantlr/DumpASTVisitor>")	java_type_ref("<Application,Lantlr/ASTVisitor>")
java_type_ref("<Application,Lantlr/TokenStreamBasicFilter>")	java_type_ref("<Application,Lantlr/TokenStream>")
java_type_ref("<Application,Lantlr/debug/ParserReporter>")	java_type_ref("<Primordial,Ljava/util/EventListener>")
java_type_ref("<Application,Lantlr/debug/ParserMatchAdapter>")	java_type_ref("<Primordial,Ljava/util/EventListener>")
java_type_ref("<Application,Lantlr/debug/misc/ASTFrame>")	java_type_ref("<Primordial,Ljava/awt/image/ImageObserver>")
java_type_ref("<Application,Lantlr/debug/TraceListener>")	java_type_ref("<Primordial,Ljava/util/EventListener>")
java_type_ref("<Application,Lantlr/debug/misc/JTreeASTPanel>")	java_type_ref("<Primordial,Ljava/awt/MenuContainer>")
java_type_ref("<Application,Lantlr/SemanticException>")	java_type_ref("<Primordial,Ljava/io/Serializable>")
java_type_ref("<Application,Lantlr/ANTLRTokdefLexer>")	java_type_ref("<Application,Lantlr/ANTLRTokdefParserTokenTypes>")
java_type_ref("<Application,Lantlr/debug/ParserTokenListener>")	java_type_ref("<Primordial,Ljava/util/EventListener>")
java_type_ref("<Application,Ldacapo/TeePrintStream>")	java_type_ref("<Primordial,Ljava/io/Closeable>")
java_type_ref("<Application,Lantlr/debug/SemanticPredicateListener>")	java_type_ref("<Application,Lantlr/debug/ListenerBase>")
java_type_ref("<Application,Lantlr/debug/NewLineListener>")	java_type_ref("<Primordial,Ljava/util/EventListener>")
java_type_ref("<Application,Ldacapo/TeeOutputStream>")	java_type_ref("<Primordial,Ljava/io/Closeable>")
java_type_ref("<Application,Lantlr/MismatchedTokenException>")	java_type_ref("<Primordial,Ljava/io/Serializable>")
java_type_ref("<Application,Lantlr/debug/ParserListener>")	java_type_ref("<Primordial,Ljava/util/EventListener>")
java_type_ref("<Application,Lantlr/actions/java/ActionLexer>")	java_type_ref("<Application,Lantlr/TokenStream>")
java_type_ref("<Application,Lantlr/debug/ParserAdapter>")	java_type_ref("<Application,Lantlr/debug/TraceListener>")
java_type_ref("<Application,Lantlr/debug/ParserMatchEvent>")	java_type_ref("<Primordial,Ljava/io/Serializable>")
java_type_ref("<Application,Lantlr/debug/SyntacticPredicateListener>")	java_type_ref("<Primordial,Ljava/util/EventListener>")
java_type_ref("<Application,Lantlr/TokenStreamException>")	java_type_ref("<Primordial,Ljava/io/Serializable>")
java_type_ref("<Application,Lantlr/debug/InputBufferListener>")	java_type_ref("<Primordial,Ljava/util/EventListener>")
java_type_ref("<Application,Lantlr/debug/Event>")	java_type_ref("<Primordial,Ljava/io/Serializable>")
java_type_ref("<Application,Lantlr/MismatchedCharException>")	java_type_ref("<Primordial,Ljava/io/Serializable>")
java_type_ref("<Application,Lantlr/actions/cpp/ActionLexer>")	java_type_ref("<Application,Lantlr/TokenStream>")
java_type_ref("<Application,Lantlr/build/ANTLR$1>")	java_type_ref("<Primordial,Ljava/io/FilenameFilter>")
java_type_ref("<Application,Lantlr/CommonHiddenStreamToken>")	java_type_ref("<Primordial,Ljava/lang/Cloneable>")
java_type_ref("<Application,Lantlr/debug/InputBufferAdapter>")	java_type_ref("<Primordial,Ljava/util/EventListener>")
java_type_ref("<Application,Lantlr/debug/misc/ASTFrame>")	java_type_ref("<Primordial,Ljavax/swing/WindowConstants>")
java_type_ref("<Application,Lantlr/debug/ParserController>")	java_type_ref("<Application,Lantlr/debug/SyntacticPredicateListener>")
java_type_ref("<Application,Lantlr/debug/SyntacticPredicateEvent>")	java_type_ref("<Primordial,Ljava/io/Serializable>")
java_type_ref("<Application,Lantlr/RecognitionException>")	java_type_ref("<Primordial,Ljava/io/Serializable>")
java_type_ref("<Application,Lantlr/ANTLRException>")	java_type_ref("<Primordial,Ljava/io/Serializable>")
java_type_ref("<Application,Lantlr/BaseAST>")	java_type_ref("<Application,Lantlr/collections/AST>")
java_type_ref("<Application,Lantlr/debug/misc/ASTFrame>")	java_type_ref("<Primordial,Ljavax/accessibility/Accessible>")
java_type_ref("<Application,Lantlr/Lookahead>")	java_type_ref("<Primordial,Ljava/lang/Cloneable>")
java_type_ref("<Application,Ldacapo/TeePrintStream>")	java_type_ref("<Primordial,Ljava/lang/AutoCloseable>")
java_type_ref("<Application,Lantlr/CommonASTWithHiddenTokens>")	java_type_ref("<Application,Lantlr/collections/AST>")
java_type_ref("<Application,Lantlr/debug/MessageListener>")	java_type_ref("<Primordial,Ljava/util/EventListener>")
java_type_ref("<Application,Lantlr/debug/NewLineListener>")	java_type_ref("<Application,Lantlr/debug/ListenerBase>")
java_type_ref("<Application,Lantlr/debug/TraceAdapter>")	java_type_ref("<Application,Lantlr/debug/ListenerBase>")
java_type_ref("<Application,Lantlr/SimpleTokenManager>")	java_type_ref("<Primordial,Ljava/lang/Cloneable>")
java_type_ref("<Application,Lantlr/TokenStreamIOException>")	java_type_ref("<Primordial,Ljava/io/Serializable>")
java_type_ref("<Application,Lantlr/debug/MessageAdapter>")	java_type_ref("<Application,Lantlr/debug/ListenerBase>")
java_type_ref("<Application,Ldacapo/TeePrintStream>")	java_type_ref("<Primordial,Ljava/lang/Appendable>")
java_type_ref("<Application,Lantlr/debug/TraceAdapter>")	java_type_ref("<Primordial,Ljava/util/EventListener>")
java_type_ref("<Application,Lantlr/debug/misc/JTreeASTModel>")	java_type_ref("<Primordial,Ljavax/swing/tree/TreeModel>")
java_type_ref("<Application,Lantlr/debug/misc/ASTFrame$MyTreeSelectionListener>")	java_type_ref("<Primordial,Ljavax/swing/event/TreeSelectionListener>")
java_type_ref("<Application,Lantlr/debug/InputBufferEvent>")	java_type_ref("<Primordial,Ljava/io/Serializable>")
java_type_ref("<Application,Lantlr/ANTLRLexer>")	java_type_ref("<Application,Lantlr/ANTLRTokenTypes>")
java_type_ref("<Application,Lantlr/LLkGrammarAnalyzer>")	java_type_ref("<Application,Lantlr/GrammarAnalyzer>")
java_type_ref("<Application,Lantlr/debug/ParserAdapter>")	java_type_ref("<Application,Lantlr/debug/MessageListener>")
java_type_ref("<Application,Lantlr/collections/impl/VectorEnumeration>")	java_type_ref("<Primordial,Ljava/util/Enumeration>")
java_type_ref("<Application,Lantlr/collections/impl/BitSet>")	java_type_ref("<Primordial,Ljava/lang/Cloneable>")
java_type_ref("<Application,Lantlr/debug/ParserController>")	java_type_ref("<Application,Lantlr/debug/SemanticPredicateListener>")
java_type_ref("<Application,Lantlr/debug/InputBufferAdapter>")	java_type_ref("<Application,Lantlr/debug/ListenerBase>")
java_type_ref("<Application,Lantlr/debug/SyntacticPredicateAdapter>")	java_type_ref("<Primordial,Ljava/util/EventListener>")
java_type_ref("<Application,Lantlr/collections/impl/LLEnumeration>")	java_type_ref("<Primordial,Ljava/util/Enumeration>")
java_type_ref("<Application,Lantlr/debug/ParserAdapter>")	java_type_ref("<Application,Lantlr/debug/ListenerBase>")
java_type_ref("<Application,Lantlr/CommonASTWithHiddenTokens>")	java_type_ref("<Primordial,Ljava/io/Serializable>")
java_type_ref("<Application,Lantlr/debug/ParserController>")	java_type_ref("<Primordial,Ljava/util/EventListener>")
java_type_ref("<Application,Lantlr/debug/Tracer>")	java_type_ref("<Primordial,Ljava/util/EventListener>")
java_type_ref("<Application,Lantlr/debug/misc/ASTFrame$1>")	java_type_ref("<Primordial,Ljava/awt/event/WindowListener>")
java_type_ref("<Application,Lantlr/LLkAnalyzer>")	java_type_ref("<Application,Lantlr/LLkGrammarAnalyzer>")
java_type_ref("<Application,Lantlr/CommonAST>")	java_type_ref("<Primordial,Ljava/io/Serializable>")
java_type_ref("<Application,Lantlr/preprocessor/PreprocessorLexer>")	java_type_ref("<Application,Lantlr/preprocessor/PreprocessorTokenTypes>")
java_type_ref("<Application,Lantlr/ImportVocabTokenManager>")	java_type_ref("<Primordial,Ljava/lang/Cloneable>")
java_type_ref("<Application,Lantlr/debug/TraceAdapter>")	java_type_ref("<Application,Lantlr/debug/TraceListener>")
java_type_ref("<Application,Lantlr/debug/ParserReporter>")	java_type_ref("<Application,Lantlr/debug/SyntacticPredicateListener>")
java_type_ref("<Application,Lantlr/debug/TraceListener>")	java_type_ref("<Application,Lantlr/debug/ListenerBase>")
java_type_ref("<Application,Lantlr/debug/ParserController>")	java_type_ref("<Application,Lantlr/debug/ParserTokenListener>")
java_type_ref("<Application,Lantlr/debug/ParserReporter>")	java_type_ref("<Application,Lantlr/debug/ParserListener>")
java_type_ref("<Application,Lantlr/debug/SyntacticPredicateAdapter>")	java_type_ref("<Application,Lantlr/debug/SyntacticPredicateListener>")
java_type_ref("<Application,Lantlr/MakeGrammar>")	java_type_ref("<Application,Lantlr/ANTLRGrammarParseBehavior>")
java_type_ref("<Application,Lantlr/debug/ParserReporter>")	java_type_ref("<Application,Lantlr/debug/TraceListener>")
java_type_ref("<Application,Lantlr/debug/SemanticPredicateListener>")	java_type_ref("<Primordial,Ljava/util/EventListener>")
java_type_ref("<Application,Lantlr/debug/SemanticPredicateAdapter>")	java_type_ref("<Primordial,Ljava/util/EventListener>")
java_type_ref("<Application,Lantlr/debug/ParserController>")	java_type_ref("<Application,Lantlr/debug/TraceListener>")
java_type_ref("<Application,Lantlr/debug/ParserController>")	java_type_ref("<Application,Lantlr/debug/MessageListener>")
java_type_ref("<Application,Lantlr/preprocessor/Preprocessor>")	java_type_ref("<Application,Lantlr/preprocessor/PreprocessorTokenTypes>")
java_type_ref("<Application,Lantlr/debug/misc/ASTFrame>")	java_type_ref("<Primordial,Ljava/io/Serializable>")
java_type_ref("<Application,Lantlr/debug/SemanticPredicateEvent>")	java_type_ref("<Primordial,Ljava/io/Serializable>")
java_type_ref("<Application,Ldacapo/parser/ConfigFileTokenManager>")	java_type_ref("<Application,Ldacapo/parser/ConfigFileConstants>")
java_type_ref("<Application,Ldacapo/Benchmark$1>")	java_type_ref("<Primordial,Ljava/io/FilenameFilter>")
java_type_ref("<Application,Lantlr/debug/ParserMatchAdapter>")	java_type_ref("<Application,Lantlr/debug/ListenerBase>")
java_type_ref("<Application,Lantlr/debug/ParserController>")	java_type_ref("<Application,Lantlr/debug/ListenerBase>")
java_type_ref("<Application,Lantlr/debug/misc/ASTFrame$1>")	java_type_ref("<Primordial,Ljava/awt/event/WindowStateListener>")
java_type_ref("<Application,Lantlr/LLkAnalyzer>")	java_type_ref("<Application,Lantlr/GrammarAnalyzer>")
java_type_ref("<Application,Lantlr/debug/NewLineEvent>")	java_type_ref("<Primordial,Ljava/io/Serializable>")
java_type_ref("<Application,Lantlr/debug/SemanticPredicateAdapter>")	java_type_ref("<Application,Lantlr/debug/SemanticPredicateListener>")
java_type_ref("<Application,Lantlr/debug/ParserAdapter>")	java_type_ref("<Application,Lantlr/debug/ParserMatchListener>")
java_type_ref("<Application,Lantlr/debug/SyntacticPredicateListener>")	java_type_ref("<Application,Lantlr/debug/ListenerBase>")
java_type_ref("<Application,Lantlr/debug/misc/JTreeASTPanel>")	java_type_ref("<Primordial,Ljavax/accessibility/Accessible>")
java_type_ref("<Application,Lantlr/debug/Tracer>")	java_type_ref("<Application,Lantlr/debug/ListenerBase>")
java_type_ref("<Application,Lantlr/debug/InputBufferAdapter>")	java_type_ref("<Application,Lantlr/debug/InputBufferListener>")
java_type_ref("<Application,Lantlr/debug/ParserAdapter>")	java_type_ref("<Application,Lantlr/debug/ParserTokenListener>")
java_type_ref("<Application,Lantlr/actions/csharp/ActionLexer>")	java_type_ref("<Application,Lantlr/TokenStream>")
java_type_ref("<Application,Lantlr/debug/DebuggingCharScanner>")	java_type_ref("<Application,Lantlr/debug/DebuggingParser>")
java_type_ref("<Application,Lantlr/PreservingFileWriter>")	java_type_ref("<Primordial,Ljava/io/Closeable>")
java_type_ref("<Application,Lantlr/ANTLRError>")	java_type_ref("<Primordial,Ljava/io/Serializable>")
java_type_ref("<Application,Ldacapo/parser/TokenMgrError>")	java_type_ref("<Primordial,Ljava/io/Serializable>")
java_type_ref("<Application,Lantlr/debug/ParserTokenListener>")	java_type_ref("<Application,Lantlr/debug/ListenerBase>")
java_type_ref("<Application,Lantlr/TokenStreamHiddenTokenFilter>")	java_type_ref("<Application,Lantlr/TokenStream>")
java_type_ref("<Application,Lantlr/debug/ParserMatchListener>")	java_type_ref("<Primordial,Ljava/util/EventListener>")
java_type_ref("<Application,Lantlr/NoViableAltException>")	java_type_ref("<Primordial,Ljava/io/Serializable>")
java_type_ref("<Application,Lantlr/debug/InputBufferReporter>")	java_type_ref("<Application,Lantlr/debug/ListenerBase>")
java_type_ref("<Application,Lantlr/debug/MessageAdapter>")	java_type_ref("<Primordial,Ljava/util/EventListener>")
java_type_ref("<Application,Lantlr/debug/ParserListener>")	java_type_ref("<Application,Lantlr/debug/SemanticPredicateListener>")
java_type_ref("<Application,Ldacapo/TeeOutputStream>")	java_type_ref("<Primordial,Ljava/io/Flushable>")
java_type_ref("<Application,Lantlr/debug/ListenerBase>")	java_type_ref("<Primordial,Ljava/util/EventListener>")
java_type_ref("<Application,Lantlr/debug/DebuggingCharScanner>")	java_type_ref("<Application,Lantlr/TokenStream>")
java_type_ref("<Application,Lantlr/CommonToken>")	java_type_ref("<Primordial,Ljava/lang/Cloneable>")
java_type_ref("<Application,Lantlr/debug/misc/ASTFrame$1>")	java_type_ref("<Primordial,Ljava/awt/event/WindowFocusListener>")
java_type_ref("<Application,Ldacapo/parser/ConfigFile>")	java_type_ref("<Application,Ldacapo/parser/ConfigFileConstants>")
java_type_ref("<Application,Lantlr/debug/ParserController>")	java_type_ref("<Application,Lantlr/debug/ParserMatchListener>")
java_type_ref("<Application,Ldacapo/TeeOutputStream>")	java_type_ref("<Primordial,Ljava/lang/AutoCloseable>")
java_type_ref("<Application,Ldacapo/DacapoException>")	java_type_ref("<Primordial,Ljava/io/Serializable>")
java_type_ref("<Application,Lantlr/actions/csharp/ActionLexer>")	java_type_ref("<Application,Lantlr/actions/csharp/ActionLexerTokenTypes>")
java_type_ref("<Application,Lantlr/actions/cpp/ActionLexer>")	java_type_ref("<Application,Lantlr/actions/cpp/ActionLexerTokenTypes>")
java_type_ref("<Application,Lantlr/JavaCharFormatter>")	java_type_ref("<Application,Lantlr/CharFormatter>")
java_type_ref("<Application,Lantlr/TokenStreamSelector>")	java_type_ref("<Application,Lantlr/TokenStream>")
java_type_ref("<Application,Lantlr/DefaultToolErrorHandler>")	java_type_ref("<Application,Lantlr/ToolErrorHandler>")
java_type_ref("<Application,Lantlr/PreservingFileWriter>")	java_type_ref("<Primordial,Ljava/io/Flushable>")
java_type_ref("<Application,Lantlr/debug/ParserTokenAdapter>")	java_type_ref("<Application,Lantlr/debug/ListenerBase>")
java_type_ref("<Application,Lantlr/debug/TraceEvent>")	java_type_ref("<Primordial,Ljava/io/Serializable>")
java_type_ref("<Application,Lantlr/debug/GuessingEvent>")	java_type_ref("<Primordial,Ljava/io/Serializable>")
java_type_ref("<Application,Lantlr/debug/ParserMatchListener>")	java_type_ref("<Application,Lantlr/debug/ListenerBase>")
java_type_ref("<Application,Lantlr/SimpleTokenManager>")	java_type_ref("<Application,Lantlr/TokenManager>")
java_type_ref("<Application,Lantlr/ImportVocabTokenManager>")	java_type_ref("<Application,Lantlr/TokenManager>")
java_type_ref("<Application,Lantlr/debug/ParserReporter>")	java_type_ref("<Application,Lantlr/debug/ListenerBase>")
java_type_ref("<Application,Lantlr/collections/impl/LList>")	java_type_ref("<Application,Lantlr/collections/Stack>")
java_type_ref("<Application,Lantlr/debug/ParserListener>")	java_type_ref("<Application,Lantlr/debug/ParserTokenListener>")
java_type_ref("<Application,Lantlr/debug/ParserListener>")	java_type_ref("<Application,Lantlr/debug/SyntacticPredicateListener>")
java_type_ref("<Application,Lantlr/debug/ParserTokenEvent>")	java_type_ref("<Primordial,Ljava/io/Serializable>")
java_type_ref("<Application,Lantlr/debug/MessageAdapter>")	java_type_ref("<Application,Lantlr/debug/MessageListener>")
java_type_ref("<Application,Lantlr/debug/ParserReporter>")	java_type_ref("<Application,Lantlr/debug/MessageListener>")
java_type_ref("<Application,Lantlr/ANTLRTokdefLexer>")	java_type_ref("<Application,Lantlr/TokenStream>")
java_type_ref("<Application,Lantlr/CppCharFormatter>")	java_type_ref("<Application,Lantlr/CharFormatter>")
java_type_ref("<Application,Lantlr/NoViableAltForCharException>")	java_type_ref("<Primordial,Ljava/io/Serializable>")
java_type_ref("<Application,Lantlr/debug/misc/JTreeASTPanel>")	java_type_ref("<Primordial,Ljavax/swing/TransferHandler$HasGetTransferHandler>")
java_type_ref("<Application,Lantlr/PreservingFileWriter>")	java_type_ref("<Primordial,Ljava/lang/Appendable>")
java_type_ref("<Application,Lantlr/debug/MessageListener>")	java_type_ref("<Application,Lantlr/debug/ListenerBase>")
java_type_ref("<Application,Lantlr/TokenStreamRecognitionException>")	java_type_ref("<Primordial,Ljava/io/Serializable>")
java_type_ref("<Application,Lantlr/debug/ParserTokenAdapter>")	java_type_ref("<Application,Lantlr/debug/ParserTokenListener>")
java_type_ref("<Application,Lantlr/debug/MessageEvent>")	java_type_ref("<Primordial,Ljava/io/Serializable>")
java_type_ref("<Application,Lantlr/CharScanner>")	java_type_ref("<Application,Lantlr/TokenStream>")
java_type_ref("<Application,Lantlr/debug/misc/JTreeASTPanel>")	java_type_ref("<Primordial,Ljava/io/Serializable>")
java_type_ref("<Application,Lantlr/FileCopyException>")	java_type_ref("<Primordial,Ljava/io/Serializable>")
java_type_ref("<Application,Lantlr/debug/SemanticPredicateAdapter>")	java_type_ref("<Application,Lantlr/debug/ListenerBase>")
java_type_ref("<Application,Lantlr/debug/ParserListener>")	java_type_ref("<Application,Lantlr/debug/ParserMatchListener>")
java_type_ref("<Application,Lantlr/PreservingFileWriter>")	java_type_ref("<Primordial,Ljava/lang/AutoCloseable>")
java_type_ref("<Application,Lantlr/ANTLRTokdefParser>")	java_type_ref("<Application,Lantlr/ANTLRTokdefParserTokenTypes>")
java_type_ref("<Application,Lantlr/collections/impl/Vector>")	java_type_ref("<Primordial,Ljava/lang/Cloneable>")
java_type_ref("<Application,Lantlr/BaseAST>")	java_type_ref("<Primordial,Ljava/io/Serializable>")
java_type_ref("<Application,Lantlr/CharStreamException>")	java_type_ref("<Primordial,Ljava/io/Serializable>")
java_type_ref("<Application,Lantlr/ANTLRParser>")	java_type_ref("<Application,Lantlr/ANTLRTokenTypes>")
java_type_ref("<Application,Lantlr/ANTLRLexer>")	java_type_ref("<Application,Lantlr/TokenStream>")
java_type_ref("<Application,Lantlr/debug/ParserMatchAdapter>")	java_type_ref("<Application,Lantlr/debug/ParserMatchListener>")
java_type_ref("<Application,Ldacapo/parser/ParseException>")	java_type_ref("<Primordial,Ljava/io/Serializable>")
java_type_ref("<Application,Lantlr/debug/InputBufferReporter>")	java_type_ref("<Application,Lantlr/debug/InputBufferListener>")
java_type_ref("<Application,Lantlr/collections/impl/ASTEnumerator>")	java_type_ref("<Application,Lantlr/collections/ASTEnumeration>")
java_type_ref("<Application,Lantlr/debug/LLkDebuggingParser>")	java_type_ref("<Application,Lantlr/debug/DebuggingParser>")
java_type_ref("<Application,Lantlr/debug/InputBufferListener>")	java_type_ref("<Application,Lantlr/debug/ListenerBase>")
java_type_ref("<Application,Lantlr/debug/misc/ASTFrame$MyTreeSelectionListener>")	java_type_ref("<Primordial,Ljava/util/EventListener>")
java_type_ref("<Application,Lantlr/DefineGrammarSymbols>")	java_type_ref("<Application,Lantlr/ANTLRGrammarParseBehavior>")
java_type_ref("<Application,Lantlr/debug/ParserTokenAdapter>")	java_type_ref("<Primordial,Ljava/util/EventListener>")
java_type_ref("<Application,Lantlr/debug/ParserReporter>")	java_type_ref("<Application,Lantlr/debug/ParserMatchListener>")
java_type_ref("<Application,Lantlr/debug/InputBufferReporter>")	java_type_ref("<Primordial,Ljava/util/EventListener>")
java_type_ref("<Application,Lantlr/debug/ParserAdapter>")	java_type_ref("<Application,Lantlr/debug/SyntacticPredicateListener>")
java_type_ref("<Application,Lantlr/CharStreamIOException>")	java_type_ref("<Primordial,Ljava/io/Serializable>")
java_type_ref("<Application,Lantlr/debug/ParserController>")	java_type_ref("<Application,Lantlr/debug/ParserListener>")
java_type_ref("<Application,Lantlr/debug/misc/ASTFrame>")	java_type_ref("<Primordial,Ljavax/swing/TransferHandler$HasGetTransferHandler>")
java_type_ref("<Application,Lantlr/build/StreamScarfer>")	java_type_ref("<Primordial,Ljava/lang/Runnable>")
java_type_ref("<Application,Lantlr/debug/ParserAdapter>")	java_type_ref("<Primordial,Ljava/util/EventListener>")
java_type_ref("<Application,Lantlr/debug/ParserReporter>")	java_type_ref("<Application,Lantlr/debug/SemanticPredicateListener>")
java_type_ref("<Application,Lantlr/actions/java/ActionLexer>")	java_type_ref("<Application,Lantlr/actions/java/ActionLexerTokenTypes>")
java_type_ref("<Application,Lantlr/debug/Tracer>")	java_type_ref("<Application,Lantlr/debug/TraceListener>")
java_type_ref("<Application,Lantlr/ASTNULLType>")	java_type_ref("<Application,Lantlr/collections/AST>")
