"< Application, Lantlr/collections/impl/VectorEnumeration, <init>(Lantlr/collections/impl/Vector;)V >"
"< Application, Lantlr/preprocessor/PreprocessorLexer, <init>(Lantlr/InputBuffer;)V >"
"< Application, Lantlr/debug/misc/ASTFrame$1, <init>(Lantlr/debug/misc/ASTFrame;)V >"
"< Application, Ldacapo/LatexDescriptions, <init>()V >"
"< Application, Lantlr/TokenStreamException, <init>()V >"
"< Application, Lantlr/RuleEndElement, <init>(Lantlr/Grammar;)V >"
"< Application, Lantlr/preprocessor/Tool, <init>(Lantlr/Tool;[Ljava/lang/String;)V >"
"< Application, Lantlr/ExceptionSpec, <init>(Lantlr/Token;)V >"
"< Application, Lantlr/GrammarElement, <init>(Lantlr/Grammar;Lantlr/Token;)V >"
"< Application, Lantlr/preprocessor/Preprocessor, <init>(Lantlr/ParserSharedInputState;)V >"
"< Application, Lantlr/ANTLRParser, <init>(Lantlr/TokenStream;I)V >"
"< Application, Lantlr/RecognitionException, <init>(Ljava/lang/String;Ljava/lang/String;II)V >"
"< Application, Lantlr/TreeSpecifierNode, <init>(Lantlr/Token;)V >"
"< Application, Lantlr/RuleBlock, <init>(Lantlr/Grammar;Ljava/lang/String;)V >"
"< Application, LGcCallback, <init>()V >"
"< Application, Lantlr/debug/misc/JTreeASTPanel, <init>(Ljavax/swing/tree/TreeModel;Ljavax/swing/event/TreeSelectionListener;)V >"
"< Application, Lantlr/ANTLRHashString, <init>([CILantlr/CharScanner;)V >"
"< Application, Lantlr/collections/impl/LLCell, <init>(Ljava/lang/Object;)V >"
"< Application, Lantlr/ANTLRLexer, <init>(Ljava/io/InputStream;)V >"
"< Application, Lantlr/Parser, <init>(Lantlr/ParserSharedInputState;)V >"
"< Application, Lantlr/MismatchedCharException, <init>(CLantlr/collections/impl/BitSet;ZLantlr/CharScanner;)V >"
"< Application, Lantlr/LLkParser, <init>(I)V >"
"< Application, Lantlr/ANTLRTokdefParser, <init>(Lantlr/TokenBuffer;)V >"
"< Application, Lantlr/preprocessor/Preprocessor, <init>(Lantlr/TokenStream;)V >"
"< Application, Ldacapo/parser/SimpleCharStream, <init>(Ljava/io/InputStream;II)V >"
"< Application, Lantlr/CharScanner, <init>()V >"
"< Application, Lantlr/debug/SyntacticPredicateEvent, <init>(Ljava/lang/Object;I)V >"
"< Application, Ldacapo/parser/ConfigFile, <init>(Ldacapo/parser/ConfigFileTokenManager;)V >"
"< Application, Lantlr/debug/LLkDebuggingParser, <init>(Lantlr/TokenStream;I)V >"
"< Application, Lantlr/LexerSharedInputState, <init>(Ljava/io/InputStream;)V >"
"< Application, Lantlr/ANTLRLexer, <init>(Ljava/io/Reader;)V >"
"< Application, Lantlr/SemanticException, <init>(Ljava/lang/String;Ljava/lang/String;II)V >"
"< Application, Lantlr/ByteBuffer, <init>(Ljava/io/InputStream;)V >"
"< Application, Lantlr/ANTLRTokdefLexer, <init>(Ljava/io/Reader;)V >"
"< Application, Lantlr/build/ANTLR, <init>()V >"
"< Application, Lantlr/MismatchedTokenException, <init>([Ljava/lang/String;Lantlr/collections/AST;Lantlr/collections/impl/BitSet;Z)V >"
"< Application, Lantlr/debug/DebuggingInputBuffer, <init>(Lantlr/InputBuffer;)V >"
"< Application, Lantlr/AlternativeElement, <init>(Lantlr/Grammar;)V >"
"< Application, Lantlr/Token, <init>(ILjava/lang/String;)V >"
"< Application, Lantlr/ASTPair, <init>()V >"
"< Application, Ldacapo/antlr/AntlrHarness, <init>(Ldacapo/parser/Config;Ljava/io/File;)V >"
"< Application, Lantlr/CommonASTWithHiddenTokens, <init>()V >"
"< Application, Lantlr/LLkParser, <init>(Lantlr/TokenBuffer;I)V >"
"< Application, Lantlr/DumpASTVisitor, <init>()V >"
"< Application, Lantlr/actions/java/ActionLexer, <init>(Ljava/lang/String;Lantlr/RuleBlock;Lantlr/CodeGenerator;Lantlr/ActionTransInfo;)V >"
"< Application, Lantlr/ZeroOrMoreBlock, <init>(Lantlr/Grammar;)V >"
"< Application, Lantlr/ANTLRTokdefLexer, <init>(Lantlr/InputBuffer;)V >"
"< Application, Lantlr/debug/DebuggingCharScanner, <init>(Lantlr/InputBuffer;)V >"
"< Application, Lantlr/LexerSharedInputState, <init>(Lantlr/InputBuffer;)V >"
"< Application, Lantlr/preprocessor/Preprocessor, <init>(Lantlr/TokenStream;I)V >"
"< Application, Lantlr/ANTLRTokdefParser, <init>(Lantlr/TokenStream;)V >"
"< Application, Lantlr/debug/SemanticPredicateAdapter, <init>()V >"
"< Application, Lantlr/debug/InputBufferEvent, <init>(Ljava/lang/Object;ICI)V >"
"< Application, Lantlr/debug/Event, <init>(Ljava/lang/Object;I)V >"
"< Application, Ldacapo/FileDigest, <init>()V >"
"< Application, Lantlr/SemanticException, <init>(Ljava/lang/String;Ljava/lang/String;I)V >"
"< Application, Lantlr/TokenStreamRecognitionException, <init>(Lantlr/RecognitionException;)V >"
"< Application, Ldacapo/parser/Config$Size, <init>(Ldacapo/parser/Config;Ljava/lang/String;Ljava/util/Vector;)V >"
"< Application, Lantlr/GrammarAtom, <init>(Lantlr/Grammar;Lantlr/Token;I)V >"
"< Application, Lantlr/MakeGrammar, <init>(Lantlr/Tool;[Ljava/lang/String;Lantlr/LLkAnalyzer;)V >"
"< Application, Lantlr/CSharpCodeGenerator, <init>()V >"
"< Application, Lantlr/NoViableAltForCharException, <init>(CLantlr/CharScanner;)V >"
"< Application, Lantlr/CommonHiddenStreamToken, <init>(ILjava/lang/String;)V >"
"< Application, Lantlr/ParserGrammar, <init>(Ljava/lang/String;Lantlr/Tool;Ljava/lang/String;)V >"
"< Application, Lantlr/debug/ParserMatchEvent, <init>(Ljava/lang/Object;)V >"
"< Application, Lantlr/debug/GuessingEvent, <init>(Ljava/lang/Object;I)V >"
"< Application, Lantlr/BaseAST, <init>()V >"
"< Application, Ldacapo/DacapoException, <init>(Ljava/lang/String;)V >"
"< Application, Lantlr/debug/ParserTokenEvent, <init>(Ljava/lang/Object;III)V >"
"< Application, Lantlr/DocBookCodeGenerator, <init>()V >"
"< Application, Ldacapo/parser/ConfigFileTokenManager, <init>(Ldacapo/parser/SimpleCharStream;I)V >"
"< Application, Lantlr/StringLiteralElement, <init>(Lantlr/Grammar;Lantlr/Token;I)V >"
"< Application, Ldacapo/parser/SimpleCharStream, <init>(Ljava/io/InputStream;III)V >"
"< Application, Lantlr/BlockWithImpliedExitPath, <init>(Lantlr/Grammar;)V >"
"< Application, Lantlr/ANTLRHashString, <init>(Lantlr/CharScanner;)V >"
"< Application, Ldacapo/parser/SimpleCharStream, <init>(Ljava/io/Reader;II)V >"
"< Application, Lantlr/LexerSharedInputState, <init>(Ljava/io/Reader;)V >"
"< Application, Ldacapo/parser/Config$OutputFile, <init>(Ldacapo/parser/Config;Ljava/lang/String;)V >"
"< Application, Lantlr/debug/SyntacticPredicateEvent, <init>(Ljava/lang/Object;)V >"
"< Application, Lantlr/JavaCharFormatter, <init>()V >"
"< Application, Lantlr/CommonToken, <init>()V >"
"< Application, Lantlr/actions/csharp/ActionLexer, <init>(Lantlr/InputBuffer;)V >"
"< Application, Lantlr/collections/impl/ASTEnumerator, <init>(Lantlr/collections/impl/Vector;)V >"
"< Application, Lantlr/RecognitionException, <init>(Ljava/lang/String;)V >"
"< Application, Lantlr/debug/SemanticPredicateEvent, <init>(Ljava/lang/Object;)V >"
"< Application, Lantlr/collections/impl/BitSet, <init>([J)V >"
"< Application, Lantlr/ANTLRLexer, <init>(Lantlr/InputBuffer;)V >"
"< Application, Lantlr/preprocessor/Grammar, <init>(Lantlr/Tool;Ljava/lang/String;Ljava/lang/String;Lantlr/collections/impl/IndexedVector;)V >"
"< Application, Lantlr/debug/TraceEvent, <init>(Ljava/lang/Object;)V >"
"< Application, Lantlr/preprocessor/Hierarchy, <init>(Lantlr/Tool;)V >"
"< Application, Lantlr/BlockEndElement, <init>(Lantlr/Grammar;)V >"
"< Application, Lantlr/collections/impl/Vector, <init>(I)V >"
"< Application, Lantlr/CommonASTWithHiddenTokens, <init>(Lantlr/Token;)V >"
"< Application, Lantlr/CppBlockFinishingInfo, <init>()V >"
"< Application, Lantlr/debug/MessageEvent, <init>(Ljava/lang/Object;)V >"
"< Application, Lantlr/FileCopyException, <init>(Ljava/lang/String;)V >"
"< Application, Lantlr/actions/cpp/ActionLexer, <init>(Ljava/io/Reader;)V >"
"< Application, Lantlr/CommonHiddenStreamToken, <init>()V >"
"< Application, Lantlr/MismatchedTokenException, <init>([Ljava/lang/String;Lantlr/Token;Lantlr/collections/impl/BitSet;ZLjava/lang/String;)V >"
"< Application, Lantlr/actions/cpp/ActionLexer, <init>(Lantlr/InputBuffer;)V >"
"< Application, Lantlr/CSharpNameSpace, <init>(Ljava/lang/String;)V >"
"< Application, Lantlr/ANTLRException, <init>(Ljava/lang/String;)V >"
"< Application, Lantlr/MismatchedTokenException, <init>([Ljava/lang/String;Lantlr/Token;IIZLjava/lang/String;)V >"
"< Application, Ldacapo/TestHarness, <init>(Ljava/io/InputStream;)V >"
"< Application, Lantlr/CommonHiddenStreamToken, <init>(Ljava/lang/String;)V >"
"< Application, Lantlr/RecognitionException, <init>(Ljava/lang/String;Ljava/lang/String;I)V >"
"< Application, Lantlr/BlockContext, <init>()V >"
"< Application, Lantlr/debug/InputBufferReporter, <init>()V >"
"< Application, Lantlr/RecognitionException, <init>()V >"
"< Application, Lantlr/ActionTransInfo, <init>()V >"
"< Application, Lantlr/debug/LLkDebuggingParser, <init>(Lantlr/TokenBuffer;I)V >"
"< Application, Lantlr/debug/MessageEvent, <init>(Ljava/lang/Object;ILjava/lang/String;)V >"
"< Application, Lantlr/ZeroOrMoreBlock, <init>(Lantlr/Grammar;Lantlr/Token;)V >"
"< Application, Lantlr/collections/impl/VectorEnumerator, <init>(Lantlr/collections/impl/Vector;)V >"
"< Application, Lantlr/CppBlockFinishingInfo, <init>(Ljava/lang/String;ZZZ)V >"
"< Application, Lantlr/ANTLRParser, <init>(Lantlr/ParserSharedInputState;)V >"
"< Application, Lantlr/GrammarElement, <init>(Lantlr/Grammar;)V >"
"< Application, Lantlr/actions/cpp/ActionLexer, <init>(Lantlr/LexerSharedInputState;)V >"
"< Application, Lantlr/debug/TraceEvent, <init>(Ljava/lang/Object;IIII)V >"
"< Application, Lantlr/StringLiteralSymbol, <init>(Ljava/lang/String;)V >"
"< Application, Lantlr/debug/NewLineEvent, <init>(Ljava/lang/Object;I)V >"
"< Application, Lantlr/CommonToken, <init>(Ljava/lang/String;)V >"
"< Application, Lantlr/debug/Event, <init>(Ljava/lang/Object;)V >"
"< Application, Lantlr/debug/InputBufferEvent, <init>(Ljava/lang/Object;)V >"
"< Application, Ldacapo/parser/Token, <init>()V >"
"< Application, Ldacapo/parser/SimpleCharStream, <init>(Ljava/io/Reader;)V >"
"< Application, Lantlr/NoViableAltForCharException, <init>(CLjava/lang/String;I)V >"
"< Application, Lantlr/MismatchedCharException, <init>(CCZLantlr/CharScanner;)V >"
"< Application, Lantlr/Version, <init>()V >"
"< Application, Lantlr/ASTIterator, <init>(Lantlr/collections/AST;)V >"
"< Application, Lantlr/preprocessor/Option, <init>(Ljava/lang/String;Ljava/lang/String;Lantlr/preprocessor/Grammar;)V >"
"< Application, Lantlr/NameSpace, <init>(Ljava/lang/String;)V >"
"< Application, Lantlr/SemanticException, <init>(Ljava/lang/String;)V >"
"< Application, Lantlr/TokenStreamException, <init>(Ljava/lang/String;)V >"
"< Application, Lantlr/RuleSymbol, <init>(Ljava/lang/String;)V >"
"< Application, Lantlr/DiagnosticCodeGenerator, <init>()V >"
"< Application, Ldacapo/parser/ParseException, <init>(Ldacapo/parser/Token;[[I[Ljava/lang/String;)V >"
"< Application, Ldacapo/parser/ConfigFile, <init>(Ljava/io/Reader;)V >"
"< Application, Lantlr/collections/impl/IntRange, <init>(II)V >"
"< Application, Lantlr/ANTLRParser, <init>(Lantlr/TokenStream;)V >"
"< Application, Lantlr/NoViableAltForCharException, <init>(CLjava/lang/String;II)V >"
"< Application, Lantlr/debug/Tracer, <init>()V >"
"< Application, Lantlr/debug/LLkDebuggingParser, <init>(I)V >"
"< Application, Lantlr/CharStreamException, <init>(Ljava/lang/String;)V >"
"< Application, Lantlr/build/StreamScarfer, <init>(Ljava/io/InputStream;Ljava/lang/String;Lantlr/build/Tool;)V >"
"< Application, Lantlr/AlternativeElement, <init>(Lantlr/Grammar;Lantlr/Token;I)V >"
"< Application, Lantlr/CharStreamIOException, <init>(Ljava/io/IOException;)V >"
"< Application, Lantlr/ASTNULLType, <init>()V >"
"< Application, Lantlr/debug/ParserTokenEvent, <init>(Ljava/lang/Object;)V >"
"< Application, Ldacapo/parser/TokenMgrError, <init>()V >"
"< Application, Lantlr/MismatchedTokenException, <init>()V >"
"< Application, Lantlr/debug/ParserMatchAdapter, <init>()V >"
"< Application, Lantlr/CommonAST, <init>(Lantlr/Token;)V >"
"< Application, Lantlr/ASTFactory, <init>(Ljava/util/Hashtable;)V >"
"< Application, Lantlr/debug/TraceAdapter, <init>()V >"
"< Application, Lantlr/debug/ParserEventSupport, <init>(Ljava/lang/Object;)V >"
"< Application, Lantlr/CharLiteralElement, <init>(Lantlr/LexerGrammar;Lantlr/Token;ZI)V >"
"< Application, Lantlr/debug/ParserReporter, <init>()V >"
"< Application, Lantlr/GrammarSymbol, <init>()V >"
"< Application, Lantlr/ANTLRStringBuffer, <init>()V >"
"< Application, Lantlr/debug/ParserAdapter, <init>()V >"
"< Application, Ldacapo/Benchmark$1, <init>(Ljava/lang/String;)V >"
"< Application, Lantlr/ParserSharedInputState, <init>()V >"
"< Application, Lantlr/debug/SemanticPredicateEvent, <init>(Ljava/lang/Object;I)V >"
"< Application, Lantlr/ANTLRTokdefParser, <init>(Lantlr/TokenBuffer;I)V >"
"< Application, Lantlr/TokenStreamIOException, <init>(Ljava/io/IOException;)V >"
"< Application, Lantlr/CharScanner, <init>(Lantlr/LexerSharedInputState;)V >"
"< Application, Ldacapo/parser/ConfigFileTokenManager, <init>(Ldacapo/parser/SimpleCharStream;)V >"
"< Application, Lantlr/build/ANTLR$1, <init>(Lantlr/build/ANTLR;)V >"
"< Application, Ldacapo/DacapoException, <init>(Ljava/lang/Exception;)V >"
"< Application, Lantlr/Lookahead, <init>()V >"
"< Application, Lantlr/LLkParser, <init>(Lantlr/ParserSharedInputState;I)V >"
"< Application, Lantlr/actions/csharp/ActionLexer, <init>(Ljava/lang/String;Lantlr/RuleBlock;Lantlr/CodeGenerator;Lantlr/ActionTransInfo;)V >"
"< Application, Lantlr/TreeWalkerGrammar, <init>(Ljava/lang/String;Lantlr/Tool;Ljava/lang/String;)V >"
"< Application, Lantlr/ANTLRException, <init>()V >"
"< Application, Lantlr/ANTLRParser, <init>(Lantlr/TokenBuffer;)V >"
"< Application, Lantlr/ANTLRParser, <init>(Lantlr/TokenBuffer;Lantlr/ANTLRGrammarParseBehavior;Lantlr/Tool;)V >"
"< Application, Ldacapo/Callback, <init>()V >"
"< Application, Lantlr/Grammar, <init>(Ljava/lang/String;Lantlr/Tool;Ljava/lang/String;)V >"
"< Application, Lantlr/CharRangeElement, <init>(Lantlr/LexerGrammar;Lantlr/Token;Lantlr/Token;I)V >"
"< Application, Lantlr/Token, <init>()V >"
"< Application, Lantlr/preprocessor/Preprocessor, <init>(Lantlr/TokenBuffer;I)V >"
"< Application, Lantlr/TreeBlockContext, <init>()V >"
"< Application, Lantlr/preprocessor/PreprocessorLexer, <init>(Lantlr/LexerSharedInputState;)V >"
"< Application, Lantlr/CharQueue, <init>(I)V >"
"< Application, Lantlr/CharBuffer, <init>(Ljava/io/Reader;)V >"
"< Application, Lantlr/OneOrMoreBlock, <init>(Lantlr/Grammar;Lantlr/Token;)V >"
"< Application, Lantlr/debug/LLkDebuggingParser, <init>(Lantlr/ParserSharedInputState;I)V >"
"< Application, Lantlr/FileLineFormatter, <init>()V >"
"< Application, Lantlr/ANTLRTokdefLexer, <init>(Ljava/io/InputStream;)V >"
"< Application, Lantlr/collections/impl/Vector, <init>()V >"
"< Application, Lantlr/CommonAST, <init>()V >"
"< Application, Lantlr/LexerGrammar, <init>(Ljava/lang/String;Lantlr/Tool;Ljava/lang/String;)V >"
"< Application, Lantlr/SynPredBlock, <init>(Lantlr/Grammar;Lantlr/Token;)V >"
"< Application, LMyCallback, <init>()V >"
"< Application, Lantlr/debug/MessageAdapter, <init>()V >"
"< Application, Ldacapo/parser/Config, <init>(Ljava/lang/String;)V >"
"< Application, Ldacapo/Matcher, <init>(Ljava/lang/String;Ljava/lang/String;)V >"
"< Application, Lantlr/LLkParser, <init>(Lantlr/TokenStream;I)V >"
"< Application, Lantlr/Tool, <init>()V >"
"< Application, Lantlr/ImportVocabTokenManager, <init>(Lantlr/Grammar;Ljava/lang/String;Ljava/lang/String;Lantlr/Tool;)V >"
"< Application, Lantlr/debug/GuessingEvent, <init>(Ljava/lang/Object;)V >"
"< Application, Lantlr/debug/DebuggingCharScanner, <init>(Lantlr/LexerSharedInputState;)V >"
"< Application, Lantlr/ANTLRError, <init>(Ljava/lang/String;)V >"
"< Application, Lantlr/GrammarSymbol, <init>(Ljava/lang/String;)V >"
"< Application, Lantlr/collections/impl/IndexedVector, <init>()V >"
"< Application, Ldacapo/parser/ParseException, <init>()V >"
"< Application, Lantlr/JavaBlockFinishingInfo, <init>(Ljava/lang/String;ZZZ)V >"
"< Application, Ldacapo/parser/SimpleCharStream, <init>(Ljava/io/InputStream;)V >"
"< Application, Lantlr/TokenBuffer, <init>(Lantlr/TokenStream;)V >"
"< Application, Lantlr/Lookahead, <init>(Ljava/lang/String;)V >"
"< Application, Lantlr/TokenSymbol, <init>(Ljava/lang/String;)V >"
"< Application, Lantlr/TokenQueue, <init>(I)V >"
"< Application, Lantlr/AlternativeBlock, <init>(Lantlr/Grammar;Lantlr/Token;Z)V >"
"< Application, Lantlr/actions/csharp/ActionLexer, <init>(Ljava/io/InputStream;)V >"
"< Application, Lantlr/ANTLRTokdefParser, <init>(Lantlr/ParserSharedInputState;)V >"
"< Application, Ldacapo/Digest, <init>()V >"
"< Application, Lantlr/CodeGenerator, <init>()V >"
"< Application, Lantlr/Token, <init>(I)V >"
"< Application, Lantlr/RuleRefElement, <init>(Lantlr/Grammar;Lantlr/Token;I)V >"
"< Application, Lantlr/SynPredBlock, <init>(Lantlr/Grammar;)V >"
"< Application, Lantlr/CSharpBlockFinishingInfo, <init>(Ljava/lang/String;ZZZ)V >"
"< Application, Lantlr/collections/impl/ASTArray, <init>(I)V >"
"< Application, Lantlr/BlockWithImpliedExitPath, <init>(Lantlr/Grammar;Lantlr/Token;)V >"
"< Application, Lantlr/OneOrMoreBlock, <init>(Lantlr/Grammar;)V >"
"< Application, Lantlr/ASTFactory, <init>()V >"
"< Application, Lantlr/MismatchedTokenException, <init>([Ljava/lang/String;Lantlr/collections/AST;IIZ)V >"
"< Application, Lantlr/debug/misc/JTreeASTModel, <init>(Lantlr/collections/AST;)V >"
"< Application, Lantlr/Parser, <init>()V >"
"< Application, Lantlr/DefaultFileLineFormatter, <init>()V >"
"< Application, Lantlr/MismatchedCharException, <init>(CCCZLantlr/CharScanner;)V >"
"< Application, Lantlr/collections/impl/LLEnumeration, <init>(Lantlr/collections/impl/LList;)V >"
"< Application, Lantlr/CommonToken, <init>(ILjava/lang/String;)V >"
"< Application, Lantlr/MismatchedTokenException, <init>([Ljava/lang/String;Lantlr/collections/AST;IZ)V >"
"< Application, Lantlr/CppCodeGenerator, <init>()V >"
"< Application, Lantlr/actions/cpp/ActionLexer, <init>(Ljava/io/InputStream;)V >"
"< Application, Lantlr/actions/java/ActionLexer, <init>(Ljava/io/InputStream;)V >"
"< Application, Lantlr/preprocessor/Rule, <init>(Ljava/lang/String;Ljava/lang/String;Lantlr/collections/impl/IndexedVector;Lantlr/preprocessor/Grammar;)V >"
"< Application, Lantlr/collections/impl/LList, <init>()V >"
"< Application, Ldacapo/parser/ConfigFile, <init>(Ljava/io/InputStream;)V >"
"< Application, Lantlr/TreeElement, <init>(Lantlr/Grammar;Lantlr/Token;)V >"
"< Application, Lantlr/Alternative, <init>()V >"
"< Application, Lantlr/NoViableAltException, <init>(Lantlr/collections/AST;)V >"
"< Application, LMMTkCallback, <init>()V >"
"< Application, Lantlr/debug/InputBufferEventSupport, <init>(Ljava/lang/Object;)V >"
"< Application, Lantlr/TreeParserSharedInputState, <init>()V >"
"< Application, Lantlr/TokenRefElement, <init>(Lantlr/Grammar;Lantlr/Token;ZI)V >"
"< Application, Lantlr/WildcardElement, <init>(Lantlr/Grammar;Lantlr/Token;I)V >"
"< Application, Lantlr/actions/java/ActionLexer, <init>(Lantlr/InputBuffer;)V >"
"< Application, Lantlr/TokenStreamBasicFilter, <init>(Lantlr/TokenStream;)V >"
"< Application, Lantlr/RuleBlock, <init>(Lantlr/Grammar;Ljava/lang/String;IZ)V >"
"< Application, Lantlr/debug/ParserMatchEvent, <init>(Ljava/lang/Object;IILjava/lang/Object;Ljava/lang/String;IZZ)V >"
"< Application, Lantlr/debug/InputBufferAdapter, <init>()V >"
"< Application, Lantlr/ANTLRLexer, <init>(Lantlr/LexerSharedInputState;)V >"
"< Application, Lantlr/DefineGrammarSymbols, <init>(Lantlr/Tool;[Ljava/lang/String;Lantlr/LLkAnalyzer;)V >"
"< Application, Lantlr/Lookahead, <init>(Lantlr/collections/impl/BitSet;)V >"
"< Application, Lantlr/ANTLRStringBuffer, <init>(I)V >"
"< Application, Lantlr/TokenStreamSelector, <init>()V >"
"< Application, Lantlr/debug/SyntacticPredicateAdapter, <init>()V >"
"< Application, Lantlr/AlternativeBlock, <init>(Lantlr/Grammar;)V >"
"< Application, Lantlr/actions/java/ActionLexer, <init>(Lantlr/LexerSharedInputState;)V >"
"< Application, Lantlr/debug/misc/ASTFrame$MyTreeSelectionListener, <init>(Lantlr/debug/misc/ASTFrame;)V >"
"< Application, Lantlr/HTMLCodeGenerator, <init>()V >"
"< Application, Lantlr/CharScanner, <init>(Lantlr/InputBuffer;)V >"
"< Application, Lantlr/ANTLRHashString, <init>(Ljava/lang/String;Lantlr/CharScanner;)V >"
"< Application, Lantlr/SimpleTokenManager, <init>(Ljava/lang/String;Lantlr/Tool;)V >"
"< Application, Lantlr/CSharpBlockFinishingInfo, <init>()V >"
"< Application, Lantlr/PreservingFileWriter, <init>(Ljava/lang/String;)V >"
"< Application, Lantlr/debug/misc/ASTFrame, <init>(Ljava/lang/String;Lantlr/collections/AST;)V >"
"< Application, Lantlr/collections/impl/BitSet, <init>()V >"
"< Application, Lantlr/TokenRangeElement, <init>(Lantlr/Grammar;Lantlr/Token;Lantlr/Token;I)V >"
"< Application, Lantlr/InputBuffer, <init>()V >"
"< Application, Lantlr/ExceptionHandler, <init>(Lantlr/Token;Lantlr/Token;)V >"
"< Application, Lantlr/preprocessor/PreprocessorLexer, <init>(Ljava/io/InputStream;)V >"
"< Application, Lantlr/TokenStreamRetryException, <init>()V >"
"< Application, Lantlr/TreeParser, <init>()V >"
"< Application, Lantlr/debug/NewLineEvent, <init>(Ljava/lang/Object;)V >"
"< Application, Lantlr/MismatchedCharException, <init>()V >"
"< Application, Ldacapo/Slice, <init>()V >"
"< Application, Lantlr/JavaCodeGenerator, <init>()V >"
"< Application, Lantlr/collections/impl/BitSet, <init>(I)V >"
"< Application, Lantlr/CppCharFormatter, <init>()V >"
"< Application, Lantlr/TokenStreamHiddenTokenFilter, <init>(Lantlr/TokenStream;)V >"
"< Application, Lantlr/NoViableAltException, <init>(Lantlr/Token;Ljava/lang/String;)V >"
"< Application, Lantlr/ANTLRError, <init>()V >"
"< Application, Lantlr/MismatchedTokenException, <init>([Ljava/lang/String;Lantlr/Token;IZLjava/lang/String;)V >"
"< Application, LMMTkHarness, <init>()V >"
"< Application, Ldacapo/parser/ParseException, <init>(Ljava/lang/String;)V >"
"< Application, Ldacapo/Benchmark, <init>(Ldacapo/parser/Config;Ljava/io/File;)V >"
"< Application, Lantlr/collections/impl/IndexedVector, <init>(I)V >"
"< Application, Lantlr/preprocessor/PreprocessorLexer, <init>(Ljava/io/Reader;)V >"
"< Application, Lantlr/LLkAnalyzer, <init>(Lantlr/Tool;)V >"
"< Application, Lantlr/ANTLRParser, <init>(Lantlr/TokenBuffer;I)V >"
"< Application, Lantlr/actions/csharp/ActionLexer, <init>(Ljava/io/Reader;)V >"
"< Application, Lantlr/debug/ParserTokenAdapter, <init>()V >"
"< Application, Lantlr/ANTLRTokdefLexer, <init>(Lantlr/LexerSharedInputState;)V >"
"< Application, Lantlr/AlternativeElement, <init>(Lantlr/Grammar;Lantlr/Token;)V >"
"< Application, Lantlr/actions/csharp/ActionLexer, <init>(Lantlr/LexerSharedInputState;)V >"
"< Application, Lantlr/preprocessor/Preprocessor, <init>(Lantlr/TokenBuffer;)V >"
"< Application, Lantlr/preprocessor/GrammarFile, <init>(Lantlr/Tool;Ljava/lang/String;)V >"
"< Application, Lantlr/DefaultToolErrorHandler, <init>(Lantlr/Tool;)V >"
"< Application, Lantlr/StringUtils, <init>()V >"
"< Application, Lantlr/ActionElement, <init>(Lantlr/Grammar;Lantlr/Token;)V >"
"< Application, Lantlr/CSharpCharFormatter, <init>()V >"
"< Application, LHarness, <init>()V >"
"< Application, Ldacapo/parser/TokenMgrError, <init>(ZIIILjava/lang/String;CI)V >"
"< Application, Ldacapo/TeeOutputStream, <init>(Ljava/io/OutputStream;Ljava/io/File;)V >"
"< Application, Lantlr/actions/java/ActionLexer, <init>(Ljava/io/Reader;)V >"
"< Application, Ldacapo/TeePrintStream, <init>(Ljava/io/OutputStream;Ljava/io/File;)V >"
"< Application, Lantlr/Alternative, <init>(Lantlr/AlternativeElement;)V >"
"< Application, Ldacapo/parser/SimpleCharStream, <init>(Ljava/io/Reader;III)V >"
"< Application, Lantlr/build/Tool, <init>()V >"
"< Application, Lantlr/JavaBlockFinishingInfo, <init>()V >"
"< Application, Ldacapo/parser/TokenMgrError, <init>(Ljava/lang/String;I)V >"
"< Application, Lantlr/ANTLRTokdefParser, <init>(Lantlr/TokenStream;I)V >"
"< Application, Ldacapo/antlr/Main, <init>()V >"
"< Application, Lantlr/actions/cpp/ActionLexer, <init>(Ljava/lang/String;Lantlr/RuleBlock;Lantlr/CodeGenerator;Lantlr/ActionTransInfo;)V >"
