"< Application, Ldacapo/Benchmark, preIteration(Ljava/lang/String;)V >"	7	12	8
"< Application, Ldacapo/antlr/AntlrHarness, iterate(Ljava/lang/String;)V >"	10	19	6
"< Application, Lantlr/collections/impl/BitSet, orInPlace(Lantlr/collections/impl/BitSet;)V >"	1	5	4
"< Application, Lantlr/CSharpCodeGenerator, genBitSet(Lantlr/collections/impl/BitSet;I)V >"	35	46	42
"< Application, Ldacapo/FileDigest, main([Ljava/lang/String;)V >"	1	5	1
"< Application, Lantlr/preprocessor/Tool, processArguments([Ljava/lang/String;)V >"	36	56	2
"< Application, Ldacapo/TestHarness, main([Ljava/lang/String;)V >"	41	41	1
"< Application, Lantlr/JavaCodeGenerator, genBitSet(Lantlr/collections/impl/BitSet;I)V >"	28	39	37
"< Application, Lantlr/DiagnosticCodeGenerator, printSet(IILantlr/Lookahead;)V >"	12	26	9
"< Application, Lantlr/Tool, processArguments([Ljava/lang/String;)V >"	15	30	2
"< Application, Ldacapo/LatexDescriptions, print([Ljava/lang/String;Ljava/io/PrintStream;)V >"	0	4	1
"< Application, Lantlr/build/ANTLR, jar(Lantlr/build/Tool;)V >"	17	29	28
"< Application, Lantlr/CppCodeGenerator, genCases(Lantlr/collections/impl/BitSet;)V >"	12	23	21
"< Application, Ldacapo/TestHarness, coeff_of_var([J)D >"	3	7	1
"< Application, Lantlr/collections/impl/BitSet, orInPlace(Lantlr/collections/impl/BitSet;)V >"	6	9	8
"< Application, Ldacapo/Matcher, match(C)V >"	48	23	22
"< Application, Lantlr/collections/impl/BitSet, andInPlace(Lantlr/collections/impl/BitSet;)V >"	1	5	4
"< Application, Lantlr/collections/impl/BitSet, nil()Z >"	1	4	3
"< Application, Lantlr/collections/impl/BitSet, orInPlace(Lantlr/collections/impl/BitSet;)V >"	9	12	11
"< Application, Lantlr/CppCodeGenerator, getRangeExpression(I[I)Ljava/lang/String; >"	5	12	3
"< Application, Lantlr/collections/impl/Vector, elementAt(I)Ljava/lang/Object; >"	1	5	4
"< Application, Ldacapo/Benchmark, sortArray([Ljava/lang/Comparable;)V >"	4	8	2
"< Application, Ldacapo/FileDigest, getText(Ljava/io/File;ZLjava/io/File;)[B >"	16	31	30
"< Application, Lantlr/HTMLCodeGenerator, printSet(IILantlr/Lookahead;)V >"	47	60	9
"< Application, Lantlr/collections/impl/BitSet, remove(I)V >"	2	7	6
"< Application, Lantlr/TreeWalkerGrammar, processArguments([Ljava/lang/String;)V >"	1	5	2
"< Application, Lantlr/TokenQueue, expand()V >"	6	10	9
"< Application, Ldacapo/antlr/AntlrHarness, iterate(Ljava/lang/String;)V >"	3	11	6
"< Application, Ldacapo/FileDigest, main([Ljava/lang/String;)V >"	36	51	1
"< Application, Lantlr/build/ANTLR, rootIsValidANTLRDir(Lantlr/build/Tool;)Z >"	32	18	17
"< Application, Lantlr/CodeGenerator, elementsAreRange([I)Z >"	12	14	1
"< Application, Lantlr/collections/impl/BitSet, getRanges([I)Lantlr/collections/impl/Vector; >"	4	6	1
"< Application, Lantlr/MismatchedTokenException, tokenName(I)Ljava/lang/String; >"	4	6	5
"< Application, Lantlr/MismatchedTokenException, getMessage()Ljava/lang/String; >"	75	33	31
"< Application, Lantlr/build/ANTLR, build(Lantlr/build/Tool;)V >"	47	74	73
"< Application, Lantlr/ASTFactory, make([Lantlr/collections/AST;)Lantlr/collections/AST; >"	1	5	2
"< Application, Ldacapo/parser/Config, print(Ljava/io/PrintStream;)V >"	41	67	53
"< Application, Lantlr/JavaCodeGenerator, getLookaheadTestTerm(ILantlr/collections/impl/BitSet;)Ljava/lang/String; >"	24	17	8
"< Application, Lantlr/LexerGrammar, processArguments([Ljava/lang/String;)V >"	1	5	2
"< Application, Ldacapo/TestHarness, main([Ljava/lang/String;)V >"	117	132	1
"< Application, Ldacapo/Matcher, match(C)V >"	15	15	14
"< Application, Lantlr/collections/impl/BitSet, notInPlace()V >"	1	4	3
"< Application, Lantlr/CSharpCodeGenerator, getLookaheadTestTerm(ILantlr/collections/impl/BitSet;)Ljava/lang/String; >"	24	17	8
"< Application, Lantlr/DocBookCodeGenerator, printSet(IILantlr/Lookahead;)V >"	47	60	9
"< Application, Lantlr/collections/impl/Vector, setElementAt(Ljava/lang/Object;I)V >"	9	18	17
"< Application, Lantlr/collections/impl/Vector, capacity()I >"	1	4	3
"< Application, Ldacapo/Digest, toString([B)Ljava/lang/String; >"	5	9	1
"< Application, Ldacapo/TestHarness, coeff_of_var([J)D >"	0	3	1
"< Application, Lantlr/collections/impl/BitSet, growToInclude(I)V >"	8	16	15
"< Application, Ldacapo/TestHarness, main([Ljava/lang/String;)V >"	84	98	1
"< Application, Lantlr/debug/misc/ASTFrame$MyTreeSelectionListener, valueChanged(Ljavax/swing/event/TreeSelectionEvent;)V >"	11	22	20
"< Application, Lantlr/Tool, main([Ljava/lang/String;)V >"	8	12	1
"< Application, Lantlr/collections/impl/BitSet, toStringWithRanges(Ljava/lang/String;Lantlr/CharFormatter;)Ljava/lang/String; >"	5	10	7
"< Application, Lantlr/collections/impl/BitSet, clear(I)V >"	2	7	6
"< Application, Lantlr/collections/impl/BitSet, andInPlace(Lantlr/collections/impl/BitSet;)V >"	3	7	6
"< Application, Lantlr/collections/impl/BitSet, toString(Ljava/lang/String;Lantlr/collections/impl/Vector;)Ljava/lang/String; >"	5	9	8
"< Application, Lantlr/collections/impl/BitSet, orInPlace(Lantlr/collections/impl/BitSet;)V >"	11	14	13
"< Application, Ldacapo/TestHarness, main([Ljava/lang/String;)V >"	0	3	1
"< Application, Lantlr/collections/impl/BitSet, equals(Ljava/lang/Object;)Z >"	37	27	26
"< Application, Lantlr/MismatchedCharException, getMessage()Ljava/lang/String; >"	44	33	31
"< Application, Ldacapo/parser/ParseException, getMessage()Ljava/lang/String; >"	19	17	16
"< Application, Lantlr/CharQueue, append(C)V >"	2	6	5
"< Application, Lantlr/collections/impl/BitSet, member(I)Z >"	2	7	6
"< Application, Lantlr/collections/impl/BitSet, equals(Ljava/lang/Object;)Z >"	7	11	10
"< Application, Ldacapo/parser/ParseException, getMessage()Ljava/lang/String; >"	6	7	6
"< Application, Lantlr/CodeGenerator, elementsAreRange([I)Z >"	17	16	1
"< Application, Ldacapo/Matcher, matched()Z >"	2	5	4
"< Application, Lantlr/CodeGenerator, elementsAreRange([I)Z >"	7	10	1
"< Application, Lantlr/collections/impl/BitSet, subtractInPlace(Lantlr/collections/impl/BitSet;)V >"	7	9	8
"< Application, Lantlr/collections/impl/Vector, ensureCapacity(I)V >"	2	7	6
"< Application, Lantlr/DiagnosticCodeGenerator, printSet(IILantlr/Lookahead;)V >"	47	60	9
"< Application, Lantlr/collections/impl/BitSet, toStringWithRanges(Ljava/lang/String;Lantlr/CharFormatter;)Ljava/lang/String; >"	1	8	7
"< Application, Lantlr/JavaCodeGenerator, genCases(Lantlr/collections/impl/BitSet;)V >"	17	27	21
"< Application, Lantlr/collections/impl/BitSet, equals(Ljava/lang/Object;)Z >"	23	35	34
"< Application, Lantlr/Tool, warning([Ljava/lang/String;Ljava/lang/String;II)V >"	16	31	2
"< Application, Lantlr/collections/impl/Vector, setElementAt(Ljava/lang/Object;I)V >"	1	6	5
"< Application, Lantlr/collections/impl/Vector, ensureCapacity(I)V >"	15	19	8
"< Application, Lantlr/CppCodeGenerator, getLookaheadTestTerm(ILantlr/collections/impl/BitSet;)Ljava/lang/String; >"	24	17	8
"< Application, Lantlr/DiagnosticCodeGenerator, printSet(IILantlr/Lookahead;)V >"	41	53	9
"< Application, Ldacapo/LatexDescriptions, print([Ljava/lang/String;Ljava/io/PrintStream;)V >"	22	33	32
"< Application, Lantlr/collections/impl/BitSet, add(I)V >"	2	7	6
"< Application, Lantlr/JavaCodeGenerator, genBitSet(Lantlr/collections/impl/BitSet;I)V >"	57	73	37
"< Application, Ldacapo/parser/ParseException, getMessage()Ljava/lang/String; >"	14	13	12
"< Application, Lantlr/CharQueue, expand()V >"	1	4	3
"< Application, Lantlr/CSharpCodeGenerator, genBitSet(Lantlr/collections/impl/BitSet;I)V >"	32	44	42
"< Application, Ldacapo/TestHarness, main([Ljava/lang/String;)V >"	132	149	1
"< Application, Lantlr/HTMLCodeGenerator, printSet(IILantlr/Lookahead;)V >"	41	53	9
"< Application, Lantlr/collections/impl/BitSet, getRanges([I)Lantlr/collections/impl/Vector; >"	7	10	1
"< Application, Lantlr/TokenQueue, expand()V >"	1	4	3
"< Application, Lantlr/collections/impl/BitSet, subtractInPlace(Lantlr/collections/impl/BitSet;)V >"	4	7	6
"< Application, Lantlr/CodeGenerator, elementsAreRange([I)Z >"	0	3	1
"< Application, Lantlr/Tool, main([Ljava/lang/String;)V >"	3	7	1
"< Application, Lantlr/Tool, warning([Ljava/lang/String;Ljava/lang/String;II)V >"	1	8	2
"< Application, Lantlr/collections/impl/BitSet, getRanges([I)Lantlr/collections/impl/Vector; >"	13	15	1
"< Application, Lantlr/HTMLCodeGenerator, printSet(IILantlr/Lookahead;)V >"	12	26	9
"< Application, Lantlr/collections/impl/BitSet, toStringOfHalfWords()Ljava/lang/String; >"	4	7	6
"< Application, Lantlr/HTMLCodeGenerator, printSet(IILantlr/Lookahead;)V >"	20	33	9
"< Application, Ldacapo/TestHarness, rmdir(Ljava/io/File;)V >"	3	7	4
"< Application, Ldacapo/parser/SimpleCharStream, ReInit(Ljava/io/Reader;III)V >"	7	12	11
"< Application, Ldacapo/LatexDescriptions, print([Ljava/lang/String;Ljava/io/PrintStream;)V >"	35	51	1
"< Application, Lantlr/preprocessor/Tool, main([Ljava/lang/String;)V >"	7	12	10
"< Application, Lantlr/DocBookCodeGenerator, printSet(IILantlr/Lookahead;)V >"	12	26	9
"< Application, Lantlr/collections/impl/BitSet, setSize(I)V >"	2	6	5
"< Application, Ldacapo/TestHarness, invokeConfiguration(Ljava/lang/reflect/Method;Ljava/lang/String;)V >"	37	40	25
"< Application, Lantlr/collections/impl/BitSet, getRanges([I)Lantlr/collections/impl/Vector; >"	20	20	1
"< Application, Lantlr/DocBookCodeGenerator, printSet(IILantlr/Lookahead;)V >"	41	53	9
"< Application, Ldacapo/TestHarness, vectorise([Ljava/lang/String;)Ljava/util/Vector; >"	4	7	1
"< Application, Ldacapo/TestHarness, invokeConfiguration(Ljava/lang/reflect/Method;Ljava/lang/String;)V >"	13	26	25
"< Application, Lantlr/preprocessor/Tool, processArguments([Ljava/lang/String;)V >"	5	7	2
"< Application, Lantlr/CharQueue, expand()V >"	14	17	16
"< Application, Ldacapo/Digest, toString([B)Ljava/lang/String; >"	1	4	1
"< Application, Lantlr/collections/impl/BitSet, lengthInLongWords()I >"	1	4	3
"< Application, Lantlr/collections/impl/BitSet, equals(Ljava/lang/Object;)Z >"	34	25	24
"< Application, Lantlr/JavaCodeGenerator, getRangeExpression(I[I)Ljava/lang/String; >"	5	12	3
"< Application, Lantlr/collections/impl/BitSet, getRanges([I)Lantlr/collections/impl/Vector; >"	16	17	1
"< Application, Ldacapo/parser/ParseException, getMessage()Ljava/lang/String; >"	111	147	146
"< Application, Lantlr/TokenQueue, expand()V >"	14	17	16
"< Application, Lantlr/ANTLRStringBuffer, append(C)V >"	5	8	7
"< Application, Lantlr/collections/impl/BitSet, toStringOfWords()Ljava/lang/String; >"	4	7	6
"< Application, Ldacapo/parser/ParseException, getMessage()Ljava/lang/String; >"	38	42	41
"< Application, Lantlr/JavaCodeGenerator, genBitSet(Lantlr/collections/impl/BitSet;I)V >"	36	47	37
"< Application, Lantlr/Tool, processArguments([Ljava/lang/String;)V >"	1	5	2
"< Application, Lantlr/DiagnosticCodeGenerator, printSet(IILantlr/Lookahead;)V >"	20	33	9
"< Application, Lantlr/collections/impl/BitSet, equals(Ljava/lang/Object;)Z >"	5	9	8
"< Application, Ldacapo/Benchmark, sortArray([Ljava/lang/Comparable;)V >"	1	5	2
"< Application, Lantlr/CSharpCodeGenerator, genBitSet(Lantlr/collections/impl/BitSet;I)V >"	56	73	42
"< Application, Ldacapo/TestHarness, main([Ljava/lang/String;)V >"	13	14	1
"< Application, Lantlr/build/Tool, main([Ljava/lang/String;)V >"	0	3	1
"< Application, Ldacapo/antlr/AntlrHarness, iterate(Ljava/lang/String;)V >"	56	64	56
"< Application, Lantlr/Tool, checkForInvalidArguments([Ljava/lang/String;Lantlr/collections/impl/BitSet;)V >"	1	6	2
"< Application, Ldacapo/TestHarness, main([Ljava/lang/String;)V >"	5	5	1
"< Application, Lantlr/TokenQueue, append(Lantlr/Token;)V >"	2	6	5
"< Application, Lantlr/collections/impl/BitSet, orInPlace(Lantlr/collections/impl/BitSet;)V >"	3	7	6
"< Application, Lantlr/collections/impl/BitSet, equals(Ljava/lang/Object;)Z >"	20	23	22
"< Application, Ldacapo/Benchmark, deleteTree(Ljava/io/File;)V >"	16	22	21
"< Application, Ldacapo/TestHarness, invokeConfiguration(Ljava/lang/reflect/Method;Ljava/lang/String;)V >"	15	28	25
"< Application, Ldacapo/parser/Config, main([Ljava/lang/String;)V >"	1	4	1
"< Application, Lantlr/LLkAnalyzer, look(ILantlr/AlternativeBlock;)Lantlr/Lookahead; >"	68	96	95
"< Application, Lantlr/ANTLRStringBuffer, append(C)V >"	2	6	5
"< Application, Ldacapo/Benchmark, deleteFiles(Ljava/io/File;Ljava/lang/String;)V >"	4	9	7
"< Application, Lantlr/collections/impl/BitSet, clone()Ljava/lang/Object; >"	9	16	15
"< Application, Lantlr/preprocessor/Tool, processArguments([Ljava/lang/String;)V >"	1	5	2
"< Application, Ldacapo/TestHarness, main([Ljava/lang/String;)V >"	103	117	1
"< Application, Lantlr/LLkAnalyzer, look(ILantlr/RuleRefElement;)Lantlr/Lookahead; >"	88	105	104
"< Application, Ldacapo/parser/ParseException, getMessage()Ljava/lang/String; >"	10	10	9
"< Application, Ldacapo/antlr/AntlrHarness, iterate(Ljava/lang/String;)V >"	49	57	6
"< Application, Lantlr/collections/impl/BitSet, clone()Ljava/lang/Object; >"	3	10	9
"< Application, Lantlr/ASTFactory, make([Lantlr/collections/AST;)Lantlr/collections/AST; >"	8	10	2
"< Application, Lantlr/CharQueue, expand()V >"	6	10	9
"< Application, Lantlr/CSharpCodeGenerator, genCases(Lantlr/collections/impl/BitSet;)V >"	17	27	21
"< Application, Lantlr/collections/impl/BitSet, toStringWithRanges(Ljava/lang/String;Lantlr/CharFormatter;)Ljava/lang/String; >"	9	13	7
"< Application, Lantlr/CodeGenerator, elementsAreRange([I)Z >"	4	6	1
"< Application, Lantlr/preprocessor/Tool, processArguments([Ljava/lang/String;)V >"	73	31	2
"< Application, Lantlr/collections/impl/BitSet, degree()I >"	1	5	4
"< Application, Lantlr/collections/impl/BitSet, toString(Ljava/lang/String;Lantlr/CharFormatter;)Ljava/lang/String; >"	2	8	7
"< Application, Lantlr/ParserGrammar, processArguments([Ljava/lang/String;)V >"	1	5	2
"< Application, Lantlr/collections/impl/BitSet, size()I >"	1	4	3
"< Application, Lantlr/collections/impl/BitSet, growToInclude(I)V >"	1	5	4
"< Application, Lantlr/build/ANTLR, rootIsValidANTLRDir(Lantlr/build/Tool;)Z >"	53	33	32
"< Application, Ldacapo/TestHarness, vectorise([Ljava/lang/String;)Ljava/util/Vector; >"	1	4	1
"< Application, Ldacapo/TestHarness, main([Ljava/lang/String;)V >"	178	195	1
"< Application, Ldacapo/LatexDescriptions, print([Ljava/lang/String;Ljava/io/PrintStream;)V >"	3	7	1
"< Application, Lantlr/DocBookCodeGenerator, printSet(IILantlr/Lookahead;)V >"	20	33	9
"< Application, Lantlr/collections/impl/BitSet, toArray()[I >"	4	8	7
"< Application, Lantlr/collections/impl/Vector, elementAt(I)Ljava/lang/Object; >"	9	29	28
"< Application, Lantlr/collections/impl/BitSet, andInPlace(Lantlr/collections/impl/BitSet;)V >"	18	22	21
"< Application, Lantlr/collections/impl/BitSet, clear()V >"	1	4	3
"< Application, Lantlr/collections/impl/BitSet, getRanges([I)Lantlr/collections/impl/Vector; >"	0	3	1
"< Application, Lantlr/CSharpCodeGenerator, getRangeExpression(I[I)Ljava/lang/String; >"	5	12	3
"< Application, Lantlr/collections/impl/Vector, ensureCapacity(I)V >"	6	10	9
"< Application, Ldacapo/TestHarness, main([Ljava/lang/String;)V >"	232	261	1
"< Application, Ldacapo/TestHarness, main([Ljava/lang/String;)V >"	216	246	1
"< Application, Lantlr/collections/impl/BitSet, toString(Ljava/lang/String;)Ljava/lang/String; >"	2	7	6
"< Application, Ldacapo/TestHarness, findMethod(Ljava/lang/String;)Ljava/lang/reflect/Method; >"	3	9	7
