"< Application, Lantlr/DiagnosticCodeGenerator, genLookaheadSetForAlt(Lantlr/Alternative;)V >"	16	17	16	20
"< Application, Lantlr/LLkAnalyzer, deterministic(Lantlr/AlternativeBlock;)Z >"	126	146	67	154
"< Application, Ldacapo/FileDigest, main([Ljava/lang/String;)V >"	44	61	1	74
"< Application, Ldacapo/antlr/AntlrHarness, iterate(Ljava/lang/String;)V >"	12	20	6	42
"< Application, Lantlr/CppCodeGenerator, suitableForCaseExpression(Lantlr/Alternative;)Z >"	9	13	12	4
"< Application, Lantlr/LLkAnalyzer, FOLLOW(ILantlr/RuleEndElement;)Lantlr/Lookahead; >"	68	196	195	2
"< Application, Ldacapo/parser/ParseException, getMessage()Ljava/lang/String; >"	9	9	8	70
"< Application, Lantlr/preprocessor/Tool, processArguments([Ljava/lang/String;)V >"	26	12	2	74
"< Application, Lantlr/CSharpCodeGenerator, genNextToken()V >"	166	156	155	19
"< Application, Ldacapo/parser/ConfigFileTokenManager, getNextToken()Ldacapo/parser/Token; >"	87	159	157	158
"< Application, Lantlr/MismatchedTokenException, getMessage()Ljava/lang/String; >"	78	37	31	44
"< Application, Ldacapo/parser/ConfigFile, generateParseException()Ldacapo/parser/ParseException; >"	16	16	15	31
"< Application, Lantlr/CSharpCodeGenerator, genBitSet(Lantlr/collections/impl/BitSet;I)V >"	59	75	42	71
"< Application, Ldacapo/parser/SimpleCharStream, adjustBeginLineColumn(II)V >"	35	36	35	32
"< Application, Lantlr/collections/impl/BitSet, notInPlace(II)V >"	5	9	8	7
"< Application, Lantlr/ASTFactory, make([Lantlr/collections/AST;)Lantlr/collections/AST; >"	10	11	2	32
"< Application, Ldacapo/parser/ConfigFileTokenManager, getNextToken()Ldacapo/parser/Token; >"	91	162	160	161
"< Application, Lantlr/collections/impl/BitSet, notInPlace()V >"	7	10	9	15
"< Application, Ldacapo/parser/ConfigFileTokenManager, getNextToken()Ldacapo/parser/Token; >"	97	49	46	48
"< Application, Lantlr/collections/impl/BitSet, getRanges([I)Lantlr/collections/impl/Vector; >"	35	31	1	37
"< Application, Lantlr/CppCodeGenerator, genCommonBlock(Lantlr/AlternativeBlock;Z)Lantlr/CppBlockFinishingInfo; >"	239	208	207	206
"< Application, Ldacapo/TestHarness, main([Ljava/lang/String;)V >"	10	10	1	245
"< Application, Lantlr/BaseAST, toString()Ljava/lang/String; >"	23	41	38	40
"< Application, Ldacapo/parser/SimpleCharStream, getEndColumn()I >"	2	5	3	4
"< Application, Lantlr/JavaCodeGenerator, genBitSet(Lantlr/collections/impl/BitSet;I)V >"	38	48	37	45
"< Application, Lantlr/CSharpCodeGenerator, genBitSet(Lantlr/collections/impl/BitSet;I)V >"	39	49	42	48
"< Application, Ldacapo/parser/Config, print(Ljava/io/PrintStream;)V >"	45	70	53	74
"< Application, Ldacapo/TestHarness, main([Ljava/lang/String;)V >"	234	262	1	308
"< Application, Ldacapo/parser/ConfigFileTokenManager, jjMoveNfa_0(II)I >"	232	38	37	21
"< Application, Lantlr/RuleBlock, toString()Ljava/lang/String; >"	6	9	5	44
"< Application, Lantlr/DefaultToolErrorHandler, dumpSets([Ljava/lang/String;ILantlr/Grammar;ZI[Lantlr/Lookahead;)V >"	21	41	7	56
"< Application, Lantlr/DiagnosticCodeGenerator, printSet(IILantlr/Lookahead;)V >"	37	48	9	59
"< Application, Ldacapo/Matcher, match(C)V >"	3	7	5	6
"< Application, Lantlr/JavaCodeGenerator, getLookaheadTestExpression([Lantlr/Lookahead;I)Ljava/lang/String; >"	9	18	2	30
"< Application, Lantlr/CSharpCodeGenerator, genCommonBlock(Lantlr/AlternativeBlock;Z)Lantlr/CSharpBlockFinishingInfo; >"	229	197	196	195
"< Application, Ldacapo/parser/ConfigFile, generateParseException()Ldacapo/parser/ParseException; >"	22	20	19	32
"< Application, Ldacapo/antlr/AntlrHarness, iterate(Ljava/lang/String;)V >"	32	29	6	28
"< Application, Ldacapo/antlr/Main, main([Ljava/lang/String;)V >"	12	20	1	8
"< Application, Lantlr/Parser, getTokenName(I)Ljava/lang/String; >"	1	5	4	2
"< Application, Ldacapo/LatexDescriptions, strop(Ljava/lang/String;)Ljava/lang/String; >"	1	6	4	5
"< Application, Lantlr/LLkAnalyzer, getAltLookahead(Lantlr/AlternativeBlock;II)Lantlr/Lookahead; >"	10	13	12	4
"< Application, Lantlr/RuleBlock, toString()Ljava/lang/String; >"	21	29	5	28
"< Application, Lantlr/CSharpCodeGenerator, lookaheadIsEmpty(Lantlr/Alternative;I)Z >"	9	12	11	18
"< Application, Ldacapo/LatexDescriptions, print([Ljava/lang/String;Ljava/io/PrintStream;)V >"	28	40	39	89
"< Application, Lantlr/JavaCodeGenerator, gen(Lantlr/OneOrMoreBlock;)V >"	75	109	107	108
"< Application, Lantlr/build/Tool, main([Ljava/lang/String;)V >"	5	7	1	6
"< Application, Ldacapo/parser/ParseException, getMessage()Ljava/lang/String; >"	37	41	40	71
"< Application, Ldacapo/TestHarness, main([Ljava/lang/String;)V >"	7	6	1	245
"< Application, Lantlr/AlternativeBlock, toString()Ljava/lang/String; >"	35	49	22	75
"< Application, Ldacapo/Digest, toString([B)Ljava/lang/String; >"	7	10	1	24
"< Application, Lantlr/collections/impl/BitSet, add(I)V >"	6	10	9	5
"< Application, Ldacapo/Benchmark, deleteTree(Ljava/io/File;)V >"	18	23	21	27
"< Application, Lantlr/CSharpCodeGenerator, getLookaheadTestExpression([Lantlr/Lookahead;I)Ljava/lang/String; >"	5	12	2	30
"< Application, Lantlr/DocBookCodeGenerator, printSet(IILantlr/Lookahead;)V >"	30	40	9	59
"< Application, Ldacapo/TestHarness, rmdir(Ljava/io/File;)V >"	6	9	4	30
"< Application, Lantlr/ParserGrammar, processArguments([Ljava/lang/String;)V >"	10	10	2	26
"< Application, Lantlr/ParserGrammar, processArguments([Ljava/lang/String;)V >"	3	6	2	26
"< Application, Lantlr/build/ANTLR, jar(Lantlr/build/Tool;)V >"	26	41	40	53
"< Application, Lantlr/LLkAnalyzer, look(ILantlr/BlockEndElement;)Lantlr/Lookahead; >"	17	32	31	2
"< Application, Ldacapo/TestHarness, main([Ljava/lang/String;)V >"	70	80	1	49
"< Application, Lantlr/LLkAnalyzer, look(ILjava/lang/String;)Lantlr/Lookahead; >"	46	90	89	2
"< Application, Lantlr/LLkAnalyzer, deterministic(Lantlr/AlternativeBlock;)Z >"	121	138	67	154
"< Application, Lantlr/LexerGrammar, processArguments([Ljava/lang/String;)V >"	10	10	2	26
"< Application, Lantlr/TreeParser, getTokenName(I)Ljava/lang/String; >"	1	5	4	2
"< Application, Ldacapo/FileDigest, getBinary(Ljava/io/File;)[B >"	10	14	10	18
"< Application, Lantlr/DocBookCodeGenerator, genLookaheadSetForAlt(Lantlr/Alternative;)V >"	16	17	16	20
"< Application, Lantlr/preprocessor/Tool, processArguments([Ljava/lang/String;)V >"	62	20	2	74
"< Application, Lantlr/DocBookCodeGenerator, genLookaheadSetForAlt(Lantlr/Alternative;)V >"	3	8	6	7
"< Application, Ldacapo/parser/ParseException, getMessage()Ljava/lang/String; >"	40	44	39	43
"< Application, Lantlr/collections/impl/ASTEnumerator, nextNode()Lantlr/collections/AST; >"	13	17	13	14
"< Application, Lantlr/CppCodeGenerator, getRangeExpression(I[I)Ljava/lang/String; >"	4	11	3	7
"< Application, Ldacapo/parser/ParseException, getMessage()Ljava/lang/String; >"	18	16	15	71
"< Application, Ldacapo/TestHarness, main([Ljava/lang/String;)V >"	153	170	1	245
"< Application, Lantlr/CppCodeGenerator, gen(Lantlr/OneOrMoreBlock;)V >"	69	99	97	98
"< Application, Ldacapo/FileDigest, getText(Ljava/io/File;ZLjava/io/File;)[B >"	18	32	30	36
"< Application, Ldacapo/TestHarness, main([Ljava/lang/String;)V >"	158	175	1	245
"< Application, Lantlr/TreeWalkerGrammar, processArguments([Ljava/lang/String;)V >"	10	10	2	20
"< Application, Lantlr/debug/DebuggingCharScanner, getRuleName(I)Ljava/lang/String; >"	1	5	4	2
"< Application, Lantlr/collections/impl/BitSet, subtractInPlace(Lantlr/collections/impl/BitSet;)V >"	12	13	12	19
"< Application, Lantlr/preprocessor/Tool, processArguments([Ljava/lang/String;)V >"	59	71	2	74
"< Application, Ldacapo/TestHarness, coeff_of_var([J)D >"	5	8	1	17
"< Application, Lantlr/collections/impl/BitSet, getRanges([I)Lantlr/collections/impl/Vector; >"	24	23	1	22
"< Application, Lantlr/JavaCodeGenerator, genBitSet(Lantlr/collections/impl/BitSet;I)V >"	48	62	37	45
"< Application, Lantlr/collections/impl/BitSet, subtractInPlace(Lantlr/collections/impl/BitSet;)V >"	10	11	10	19
"< Application, Lantlr/LLkAnalyzer, lookaheadEquivForApproxAndFullAnalysis([Lantlr/Lookahead;I)Z >"	3	6	1	11
"< Application, Lantlr/HTMLCodeGenerator, genLookaheadSetForAlt(Lantlr/Alternative;)V >"	16	17	16	20
"< Application, Lantlr/MismatchedCharException, getMessage()Ljava/lang/String; >"	46	34	31	38
"< Application, Lantlr/JavaCodeGenerator, getRangeExpression(I[I)Ljava/lang/String; >"	7	15	3	14
"< Application, Ldacapo/LatexDescriptions, print([Ljava/lang/String;Ljava/io/PrintStream;)V >"	40	57	1	85
"< Application, Ldacapo/TestHarness, main([Ljava/lang/String;)V >"	192	210	1	245
"< Application, Ldacapo/Benchmark, sortArray([Ljava/lang/Comparable;)V >"	6	9	2	14
"< Application, Ldacapo/parser/ConfigFileTokenManager, getNextToken()Ldacapo/parser/Token; >"	76	37	33	36
"< Application, Ldacapo/parser/ConfigFileTokenManager, jjMoveNfa_0(II)I >"	225	32	31	21
"< Application, Lantlr/CppCodeGenerator, getLookaheadTestTerm(ILantlr/collections/impl/BitSet;)Ljava/lang/String; >"	26	18	8	33
"< Application, Ldacapo/parser/SimpleCharStream, getEndLine()I >"	2	5	3	4
"< Application, Lantlr/Tool, warning([Ljava/lang/String;Ljava/lang/String;II)V >"	25	44	2	51
"< Application, Ldacapo/parser/ConfigFileTokenManager, jjFillToken()Ldacapo/parser/Token; >"	6	9	7	8
"< Application, Ldacapo/parser/SimpleCharStream, adjustBeginLineColumn(II)V >"	38	39	38	27
"< Application, Lantlr/CppCodeGenerator, lookaheadIsEmpty(Lantlr/Alternative;I)Z >"	9	12	11	18
"< Application, Lantlr/JavaCodeGenerator, genCommonBlock(Lantlr/AlternativeBlock;Z)Lantlr/JavaBlockFinishingInfo; >"	247	230	229	27
"< Application, Lantlr/CSharpCodeGenerator, getRangeExpression(I[I)Ljava/lang/String; >"	7	15	3	14
"< Application, Lantlr/ASTFactory, make([Lantlr/collections/AST;)Lantlr/collections/AST; >"	4	7	2	6
"< Application, Lantlr/JavaCodeGenerator, genCases(Lantlr/collections/impl/BitSet;)V >"	26	37	21	55
"< Application, Ldacapo/TestHarness, main([Ljava/lang/String;)V >"	20	23	1	22
"< Application, Lantlr/collections/impl/BitSet, equals(Ljava/lang/Object;)Z >"	28	38	37	36
"< Application, Ldacapo/parser/SimpleCharStream, getLine()I >"	2	5	3	4
"< Application, Ldacapo/parser/Config, main([Ljava/lang/String;)V >"	3	5	1	12
"< Application, Lantlr/debug/LLkDebuggingParser, getSemPredName(I)Ljava/lang/String; >"	1	5	4	2
"< Application, Lantlr/JavaCodeGenerator, suitableForCaseExpression(Lantlr/Alternative;)Z >"	9	13	12	4
"< Application, Lantlr/CSharpCodeGenerator, genCases(Lantlr/collections/impl/BitSet;)V >"	26	37	21	55
"< Application, Ldacapo/TestHarness, main([Ljava/lang/String;)V >"	81	94	1	245
"< Application, Lantlr/HTMLCodeGenerator, printSet(IILantlr/Lookahead;)V >"	37	48	9	59
"< Application, Ldacapo/parser/ConfigFileTokenManager, jjMoveNfa_0(II)I >"	168	152	150	151
"< Application, Lantlr/CSharpCodeGenerator, gen(Lantlr/OneOrMoreBlock;)V >"	70	101	99	100
"< Application, Lantlr/CppCodeGenerator, suitableForCaseExpression(Lantlr/Alternative;)Z >"	5	8	7	4
"< Application, Lantlr/collections/impl/BitSet, remove(I)V >"	6	10	9	5
"< Application, Lantlr/collections/impl/BitSet, toStringOfHalfWords()Ljava/lang/String; >"	28	42	41	59
"< Application, Lantlr/collections/impl/BitSet, andInPlace(Lantlr/collections/impl/BitSet;)V >"	11	16	15	20
"< Application, Ldacapo/TestHarness, main([Ljava/lang/String;)V >"	163	179	1	245
"< Application, Lantlr/Tool, main([Ljava/lang/String;)V >"	13	17	1	28
"< Application, Ldacapo/parser/ConfigFileTokenManager, getNextToken()Ldacapo/parser/Token; >"	129	109	107	108
"< Application, Lantlr/CppCodeGenerator, getLookaheadTestExpression([Lantlr/Lookahead;I)Ljava/lang/String; >"	5	12	2	30
"< Application, Lantlr/ParserGrammar, processArguments([Ljava/lang/String;)V >"	17	14	2	26
"< Application, Lantlr/preprocessor/Tool, processArguments([Ljava/lang/String;)V >"	52	16	2	74
"< Application, Ldacapo/LatexDescriptions, print([Ljava/lang/String;Ljava/io/PrintStream;)V >"	10	16	1	31
"< Application, Ldacapo/TestHarness, main([Ljava/lang/String;)V >"	249	286	1	308
"< Application, Ldacapo/parser/ParseException, getMessage()Ljava/lang/String; >"	13	12	11	70
"< Application, Lantlr/collections/impl/VectorEnumerator, nextElement()Ljava/lang/Object; >"	11	15	11	12
"< Application, Lantlr/Tool, processArguments([Ljava/lang/String;)V >"	3	6	2	43
"< Application, Lantlr/JavaCodeGenerator, genCommonBlock(Lantlr/AlternativeBlock;Z)Lantlr/JavaBlockFinishingInfo; >"	218	190	189	188
"< Application, Ldacapo/antlr/AntlrHarness, iterate(Ljava/lang/String;)V >"	53	60	6	80
"< Application, Lantlr/Tool, processArguments([Ljava/lang/String;)V >"	38	22	2	43
"< Application, Lantlr/LLkAnalyzer, FOLLOW(ILantlr/RuleEndElement;)Lantlr/Lookahead; >"	84	208	207	2
"< Application, Ldacapo/TestHarness, invokeConfiguration(Ljava/lang/reflect/Method;Ljava/lang/String;)V >"	39	41	25	87
"< Application, Lantlr/RuleBlock, toString()Ljava/lang/String; >"	12	15	5	44
"< Application, Lantlr/CSharpCodeGenerator, genBitSet(Lantlr/collections/impl/BitSet;I)V >"	47	61	42	71
"< Application, Lantlr/HTMLCodeGenerator, genLookaheadSetForAlt(Lantlr/Alternative;)V >"	3	8	6	7
"< Application, Lantlr/TokenQueue, elementAt(I)Lantlr/Token; >"	5	9	4	8
"< Application, Ldacapo/TestHarness, main([Ljava/lang/String;)V >"	168	184	1	245
"< Application, Lantlr/ANTLRStringBuffer, charAt(I)C >"	1	5	4	2
"< Application, Ldacapo/parser/ConfigFileTokenManager, jjCheckNAddStates(II)V >"	2	6	5	10
"< Application, Lantlr/JavaCodeGenerator, genBitSet(Lantlr/collections/impl/BitSet;I)V >"	40	50	37	49
"< Application, Lantlr/MismatchedTokenException, tokenName(I)Ljava/lang/String; >"	15	8	7	2
"< Application, Lantlr/collections/impl/Vector, removeElement(Ljava/lang/Object;)Z >"	4	7	6	10
"< Application, Ldacapo/TestHarness, invokeConfiguration(Ljava/lang/reflect/Method;Ljava/lang/String;)V >"	17	31	25	30
"< Application, Ldacapo/TestHarness, main([Ljava/lang/String;)V >"	172	189	1	188
"< Application, Lantlr/CSharpCodeGenerator, getRangeExpression(I[I)Ljava/lang/String; >"	4	11	3	7
"< Application, Lantlr/LexerGrammar, processArguments([Ljava/lang/String;)V >"	3	6	2	26
"< Application, Ldacapo/TestHarness, main([Ljava/lang/String;)V >"	139	157	1	156
"< Application, Ldacapo/FileDigest, main([Ljava/lang/String;)V >"	10	16	1	15
"< Application, Ldacapo/TestHarness, main([Ljava/lang/String;)V >"	38	37	1	245
"< Application, Lantlr/CodeGenerator, elementsAreRange([I)Z >"	6	9	1	8
"< Application, Lantlr/TreeWalkerGrammar, processArguments([Ljava/lang/String;)V >"	3	6	2	20
"< Application, Lantlr/ASTFactory, make([Lantlr/collections/AST;)Lantlr/collections/AST; >"	21	17	2	32
"< Application, Lantlr/preprocessor/Tool, processArguments([Ljava/lang/String;)V >"	33	54	2	74
"< Application, Lantlr/DiagnosticCodeGenerator, genLookaheadSetForAlt(Lantlr/Alternative;)V >"	3	8	6	7
"< Application, Lantlr/Tool, processArguments([Ljava/lang/String;)V >"	41	39	2	43
"< Application, Lantlr/CodeGenerator, elementsAreRange([I)Z >"	3	5	1	4
"< Application, Ldacapo/parser/ConfigFileTokenManager, jjAddStates(II)V >"	6	10	9	12
"< Application, Lantlr/CSharpCodeGenerator, genCommonBlock(Lantlr/AlternativeBlock;Z)Lantlr/CSharpBlockFinishingInfo; >"	145	113	112	27
"< Application, Lantlr/CSharpCodeGenerator, gen(Lantlr/ZeroOrMoreBlock;)V >"	50	66	64	65
"< Application, Lantlr/CodeGenerator, elementsAreRange([I)Z >"	20	18	1	22
"< Application, Lantlr/JavaCodeGenerator, getRangeExpression(I[I)Ljava/lang/String; >"	4	11	3	7
"< Application, Ldacapo/antlr/AntlrHarness, iterate(Ljava/lang/String;)V >"	40	36	6	42
"< Application, Lantlr/collections/impl/BitSet, toStringWithRanges(Ljava/lang/String;Lantlr/CharFormatter;)Ljava/lang/String; >"	13	16	7	15
"< Application, Lantlr/JavaCodeGenerator, genBitSet(Lantlr/collections/impl/BitSet;I)V >"	30	40	37	45
"< Application, Ldacapo/LatexDescriptions, print([Ljava/lang/String;Ljava/io/PrintStream;)V >"	48	71	5	85
"< Application, Lantlr/collections/impl/BitSet, nil()Z >"	6	9	8	14
"< Application, Lantlr/LLkAnalyzer, look(ILjava/lang/String;)Lantlr/Lookahead; >"	54	101	100	2
"< Application, Ldacapo/parser/ConfigFileTokenManager, jjMoveNfa_0(II)I >"	16	50	48	49
"< Application, Ldacapo/parser/SimpleCharStream, adjustBeginLineColumn(II)V >"	25	28	25	27
"< Application, Ldacapo/Benchmark, preIteration(Ljava/lang/String;)V >"	12	16	8	27
"< Application, Ldacapo/Matcher, match(C)V >"	75	39	38	46
"< Application, Lantlr/collections/impl/BitSet, andInPlace(Lantlr/collections/impl/BitSet;)V >"	9	14	13	20
"< Application, Ldacapo/parser/SimpleCharStream, getBeginColumn()I >"	2	5	3	4
"< Application, Ldacapo/TestHarness, main([Ljava/lang/String;)V >"	175	191	1	245
"< Application, Lantlr/JavaCodeGenerator, genBitSet(Lantlr/collections/impl/BitSet;I)V >"	59	74	37	78
"< Application, Ldacapo/antlr/AntlrHarness, iterate(Ljava/lang/String;)V >"	35	32	6	42
"< Application, Ldacapo/TestHarness, main([Ljava/lang/String;)V >"	28	28	1	245
"< Application, Lantlr/collections/impl/BitSet, toStringWithRanges(Ljava/lang/String;Lantlr/CharFormatter;)Ljava/lang/String; >"	11	14	7	20
"< Application, Lantlr/CSharpCodeGenerator, genCommonBlock(Lantlr/AlternativeBlock;Z)Lantlr/CSharpBlockFinishingInfo; >"	258	237	236	27
"< Application, Lantlr/JavaCodeGenerator, genNextToken()V >"	132	151	150	19
"< Application, Lantlr/CSharpCodeGenerator, genBitSet(Lantlr/collections/impl/BitSet;I)V >"	37	47	42	71
"< Application, Lantlr/collections/impl/Vector, elementAt(I)Ljava/lang/Object; >"	24	8	7	2
"< Application, Lantlr/LLkAnalyzer, FOLLOW(ILantlr/RuleEndElement;)Lantlr/Lookahead; >"	78	215	214	2
"< Application, Lantlr/collections/impl/BitSet, toStringWithRanges(Ljava/lang/String;Lantlr/CharFormatter;)Ljava/lang/String; >"	52	69	7	82
"< Application, Ldacapo/TestHarness, main([Ljava/lang/String;)V >"	207	231	1	230
"< Application, Ldacapo/parser/SimpleCharStream, readChar()C >"	23	12	10	11
"< Application, Lantlr/CppCodeGenerator, genCases(Lantlr/collections/impl/BitSet;)V >"	21	33	21	51
"< Application, Lantlr/LLkAnalyzer, look(ILantlr/RuleEndElement;)Lantlr/Lookahead; >"	12	25	24	2
"< Application, Lantlr/preprocessor/Tool, processArguments([Ljava/lang/String;)V >"	46	64	2	60
"< Application, Lantlr/ANTLRHashString, charAt(I)C >"	6	7	6	2
"< Application, Lantlr/collections/impl/VectorEnumeration, nextElement()Ljava/lang/Object; >"	11	15	11	12
"< Application, Lantlr/HTMLCodeGenerator, printSet(IILantlr/Lookahead;)V >"	30	40	9	59
"< Application, Ldacapo/parser/ConfigFileTokenManager, jjCheckNAddStates(I)V >"	5	10	7	9
"< Application, Ldacapo/parser/SimpleCharStream, getColumn()I >"	2	5	3	4
"< Application, Lantlr/collections/impl/BitSet, equals(Ljava/lang/Object;)Z >"	42	30	29	28
"< Application, Lantlr/LLkAnalyzer, deterministicImpliedPath(Lantlr/BlockWithImpliedExitPath;)Z >"	83	113	33	121
"< Application, Ldacapo/Matcher, match(C)V >"	59	29	28	36
"< Application, Lantlr/CppCodeGenerator, gen(Lantlr/ZeroOrMoreBlock;)V >"	46	62	60	61
"< Application, Lantlr/Tool, processArguments([Ljava/lang/String;)V >"	10	10	2	43
"< Application, Lantlr/collections/impl/BitSet, equals(Ljava/lang/Object;)Z >"	15	19	18	15
"< Application, Ldacapo/TestHarness, main([Ljava/lang/String;)V >"	148	165	1	245
"< Application, Lantlr/CppCodeGenerator, genNextToken()V >"	167	193	192	19
"< Application, Lantlr/DefaultToolErrorHandler, dumpSets([Ljava/lang/String;ILantlr/Grammar;ZI[Lantlr/Lookahead;)V >"	8	22	7	56
"< Application, Ldacapo/parser/ConfigFileTokenManager, jjCheckNAddStates(I)V >"	1	5	4	2
"< Application, Lantlr/LLkAnalyzer, removeCompetingPredictionSetsFromWildcard([Lantlr/Lookahead;Lantlr/AlternativeElement;I)V >"	9	14	2	24
"< Application, Lantlr/ANTLRStringBuffer, append(C)V >"	16	17	16	20
"< Application, Lantlr/build/ANTLR, build(Lantlr/build/Tool;)V >"	61	96	95	107
"< Application, Lantlr/LLkAnalyzer, FOLLOW(ILantlr/RuleEndElement;)Lantlr/Lookahead; >"	87	210	209	2
"< Application, Lantlr/JavaCodeGenerator, getLookaheadTestTerm(ILantlr/collections/impl/BitSet;)Ljava/lang/String; >"	26	18	8	33
"< Application, Ldacapo/parser/ConfigFileTokenManager, jjMoveNfa_0(II)I >"	222	30	27	29
"< Application, Ldacapo/parser/SimpleCharStream, adjustBeginLineColumn(II)V >"	59	61	58	60
"< Application, Lantlr/DiagnosticCodeGenerator, printSet(IILantlr/Lookahead;)V >"	30	40	9	59
"< Application, Lantlr/Tool, processArguments([Ljava/lang/String;)V >"	24	14	2	43
"< Application, Lantlr/CppCodeGenerator, genCommonBlock(Lantlr/AlternativeBlock;Z)Lantlr/CppBlockFinishingInfo; >"	268	248	247	27
"< Application, Lantlr/JavaCodeGenerator, genBitSet(Lantlr/collections/impl/BitSet;I)V >"	73	95	37	45
"< Application, Lantlr/CharQueue, elementAt(I)C >"	5	9	4	8
"< Application, Ldacapo/parser/ConfigFileTokenManager, getNextToken()Ldacapo/parser/Token; >"	107	84	81	83
"< Application, Lantlr/LLkAnalyzer, FOLLOW(ILantlr/RuleEndElement;)Lantlr/Lookahead; >"	75	205	204	2
"< Application, Lantlr/BaseAST, toString()Ljava/lang/String; >"	7	12	9	11
"< Application, Lantlr/CSharpCodeGenerator, genBitSet(Lantlr/collections/impl/BitSet;I)V >"	58	74	42	78
"< Application, Ldacapo/Matcher, match(C)V >"	78	42	40	41
"< Application, Ldacapo/antlr/AntlrHarness, iterate(Ljava/lang/String;)V >"	28	24	6	42
"< Application, Lantlr/debug/DebuggingCharScanner, getSemPredName(I)Ljava/lang/String; >"	1	5	4	2
"< Application, Ldacapo/TestHarness, main([Ljava/lang/String;)V >"	58	62	1	49
"< Application, Ldacapo/parser/ConfigFileTokenManager, jjMoveNfa_1(II)I >"	54	62	60	61
"< Application, Lantlr/LLkAnalyzer, FOLLOW(ILantlr/RuleEndElement;)Lantlr/Lookahead; >"	58	192	191	2
"< Application, Ldacapo/antlr/AntlrHarness, iterate(Ljava/lang/String;)V >"	63	72	6	80
"< Application, Lantlr/JavaCodeGenerator, genCommonBlock(Lantlr/AlternativeBlock;Z)Lantlr/JavaBlockFinishingInfo; >"	134	105	104	27
"< Application, Ldacapo/parser/ConfigFileTokenManager, getNextToken()Ldacapo/parser/Token; >"	135	58	56	57
"< Application, Lantlr/collections/impl/BitSet, getRanges([I)Lantlr/collections/impl/Vector; >"	22	21	1	26
"< Application, Ldacapo/parser/ParseException, getMessage()Ljava/lang/String; >"	35	39	38	71
"< Application, Lantlr/collections/impl/BitSet, orInPlace(Lantlr/collections/impl/BitSet;)V >"	17	21	20	27
"< Application, Lantlr/CppCodeGenerator, getRangeExpression(I[I)Ljava/lang/String; >"	7	15	3	14
"< Application, Lantlr/JavaCodeGenerator, getLookaheadTestExpression([Lantlr/Lookahead;I)Ljava/lang/String; >"	5	12	2	30
"< Application, Lantlr/preprocessor/Tool, main([Ljava/lang/String;)V >"	13	19	10	27
"< Application, Lantlr/JavaCodeGenerator, genBitSet(Lantlr/collections/impl/BitSet;I)V >"	60	75	37	45
"< Application, Ldacapo/parser/ParseException, getMessage()Ljava/lang/String; >"	74	106	105	4
"< Application, Lantlr/LLkAnalyzer, look(ILantlr/BlockEndElement;)Lantlr/Lookahead; >"	12	25	24	2
"< Application, Lantlr/CppCodeGenerator, genCommonBlock(Lantlr/AlternativeBlock;Z)Lantlr/CppBlockFinishingInfo; >"	155	123	122	27
"< Application, Lantlr/preprocessor/Tool, processArguments([Ljava/lang/String;)V >"	7	8	2	74
"< Application, Ldacapo/Slice, main([Ljava/lang/String;)V >"	0	4	1	3
"< Application, Lantlr/PreservingFileWriter, close()V >"	29	32	6	35
"< Application, Ldacapo/TestHarness, findMethod(Ljava/lang/String;)Ljava/lang/reflect/Method; >"	5	10	7	17
"< Application, Ldacapo/parser/ConfigFileTokenManager, jjMoveNfa_1(II)I >"	67	30	27	29
"< Application, Ldacapo/parser/ConfigFileTokenManager, jjCheckNAdd(I)V >"	1	5	4	2
"< Application, Lantlr/CSharpCodeGenerator, suitableForCaseExpression(Lantlr/Alternative;)Z >"	9	13	12	4
"< Application, Lantlr/collections/impl/BitSet, getRanges([I)Lantlr/collections/impl/Vector; >"	36	32	1	28
"< Application, Lantlr/CSharpCodeGenerator, suitableForCaseExpression(Lantlr/Alternative;)Z >"	5	8	7	4
"< Application, Lantlr/preprocessor/Tool, processArguments([Ljava/lang/String;)V >"	49	66	2	60
"< Application, Lantlr/CSharpCodeGenerator, getLookaheadTestTerm(ILantlr/collections/impl/BitSet;)Ljava/lang/String; >"	26	18	8	33
"< Application, Lantlr/collections/impl/BitSet, getRanges([I)Lantlr/collections/impl/Vector; >"	3	5	1	4
"< Application, Lantlr/preprocessor/Tool, processArguments([Ljava/lang/String;)V >"	13	36	2	74
"< Application, Lantlr/LLkAnalyzer, look(ILjava/lang/String;)Lantlr/Lookahead; >"	78	64	63	2
"< Application, Lantlr/collections/impl/BitSet, toStringOfWords()Ljava/lang/String; >"	17	23	22	34
"< Application, Lantlr/CppCodeGenerator, getLookaheadTestExpression([Lantlr/Lookahead;I)Ljava/lang/String; >"	9	18	2	30
"< Application, Ldacapo/parser/SimpleCharStream, adjustBeginLineColumn(II)V >"	64	66	62	65
"< Application, Lantlr/LLkAnalyzer, FOLLOW(ILantlr/RuleEndElement;)Lantlr/Lookahead; >"	50	181	180	2
"< Application, Ldacapo/TestHarness, main([Ljava/lang/String;)V >"	33	33	1	245
"< Application, Ldacapo/parser/SimpleCharStream, getBeginLine()I >"	2	5	3	4
"< Application, Lantlr/LLkAnalyzer, FOLLOW(ILantlr/RuleEndElement;)Lantlr/Lookahead; >"	62	220	219	2
"< Application, Lantlr/PreservingFileWriter, close()V >"	30	33	15	35
"< Application, Lantlr/JavaCodeGenerator, lookaheadIsEmpty(Lantlr/Alternative;I)Z >"	9	12	11	18
"< Application, Ldacapo/TestHarness, main([Ljava/lang/String;)V >"	100	113	1	245
"< Application, Lantlr/DefaultToolErrorHandler, dumpSets([Ljava/lang/String;ILantlr/Grammar;ZI[Lantlr/Lookahead;)V >"	12	28	7	56
"< Application, Lantlr/BaseAST, toString()Ljava/lang/String; >"	13	20	17	19
"< Application, Ldacapo/parser/SimpleCharStream, adjustBeginLineColumn(II)V >"	78	81	80	77
"< Application, Ldacapo/FileDigest, main([Ljava/lang/String;)V >"	20	27	1	45
"< Application, Lantlr/LLkAnalyzer, look(ILjava/lang/String;)Lantlr/Lookahead; >"	17	33	32	2
"< Application, Ldacapo/TestHarness, main([Ljava/lang/String;)V >"	48	50	1	49
"< Application, Ldacapo/TestHarness, main([Ljava/lang/String;)V >"	143	160	1	245
"< Application, Lantlr/JavaCodeGenerator, gen(Lantlr/ZeroOrMoreBlock;)V >"	52	72	70	71
"< Application, Lantlr/collections/impl/BitSet, orInPlace(Lantlr/collections/impl/BitSet;)V >"	19	23	22	27
"< Application, Ldacapo/TestHarness, rmdir(Ljava/io/File;)V >"	17	22	4	30
"< Application, Lantlr/Tool, processArguments([Ljava/lang/String;)V >"	20	34	2	33
"< Application, Ldacapo/parser/SimpleCharStream, readChar()C >"	13	21	19	20
"< Application, Ldacapo/TestHarness, main([Ljava/lang/String;)V >"	124	140	1	139
"< Application, Ldacapo/parser/SimpleCharStream, adjustBeginLineColumn(II)V >"	30	33	29	32
"< Application, Ldacapo/TestHarness, main([Ljava/lang/String;)V >"	95	109	1	245
"< Application, Lantlr/DocBookCodeGenerator, printSet(IILantlr/Lookahead;)V >"	37	48	9	59
"< Application, Ldacapo/parser/ConfigFileTokenManager, getNextToken()Ldacapo/parser/Token; >"	125	97	95	96
"< Application, Lantlr/LexerGrammar, processArguments([Ljava/lang/String;)V >"	17	14	2	26
"< Application, Ldacapo/parser/ConfigFile, generateParseException()Ldacapo/parser/ParseException; >"	28	24	23	32
"< Application, Lantlr/collections/impl/BitSet, member(I)Z >"	6	9	8	5
"< Application, Ldacapo/LatexDescriptions, print([Ljava/lang/String;Ljava/io/PrintStream;)V >"	50	73	72	91
"< Application, Ldacapo/parser/SimpleCharStream, adjustBeginLineColumn(II)V >"	75	79	78	77
"< Application, Ldacapo/Matcher, match(C)V >"	61	31	30	4
"< Application, Lantlr/LLkAnalyzer, look(ILantlr/AlternativeBlock;)Lantlr/Lookahead; >"	70	97	95	100
"< Application, Lantlr/LLkAnalyzer, deterministicImpliedPath(Lantlr/BlockWithImpliedExitPath;)Z >"	79	107	33	121
"< Application, Lantlr/collections/impl/BitSet, toStringWithRanges(Ljava/lang/String;Lantlr/CharFormatter;)Ljava/lang/String; >"	44	58	7	19
"< Application, Ldacapo/parser/ConfigFile, main([Ljava/lang/String;)V >"	2	6	1	5
"< Application, Ldacapo/FileDigest, main([Ljava/lang/String;)V >"	41	55	1	74
"< Application, Lantlr/collections/impl/BitSet, clear(I)V >"	6	10	9	5
"< Application, Ldacapo/parser/ParseException, getMessage()Ljava/lang/String; >"	26	24	23	71
"< Application, Lantlr/LLkAnalyzer, FOLLOW(ILantlr/RuleEndElement;)Lantlr/Lookahead; >"	37	39	38	2
"< Application, Lantlr/CSharpCodeGenerator, getLookaheadTestExpression([Lantlr/Lookahead;I)Ljava/lang/String; >"	9	18	2	30
"< Application, Ldacapo/parser/ConfigFileTokenManager, jjMoveNfa_1(II)I >"	16	36	34	35
"< Application, Ldacapo/TestHarness, main([Ljava/lang/String;)V >"	185	203	1	202
"< Application, Ldacapo/parser/ConfigFileTokenManager, getNextToken()Ldacapo/parser/Token; >"	139	62	60	61
"< Application, Ldacapo/FileDigest, main([Ljava/lang/String;)V >"	3	6	1	45
"< Application, Lantlr/debug/misc/ASTFrame$MyTreeSelectionListener, valueChanged(Ljavax/swing/event/TreeSelectionEvent;)V >"	17	29	20	37
"< Application, Lantlr/collections/impl/BitSet, degree()I >"	6	9	8	26
"< Application, Lantlr/Tool, checkForInvalidArguments([Ljava/lang/String;Lantlr/collections/impl/BitSet;)V >"	8	14	2	25
"< Application, Lantlr/ASTFactory, make([Lantlr/collections/AST;)Lantlr/collections/AST; >"	14	12	2	32
"< Application, Ldacapo/parser/ParseException, getMessage()Ljava/lang/String; >"	27	25	24	37
"< Application, Ldacapo/parser/ParseException, getMessage()Ljava/lang/String; >"	28	26	22	25
"< Application, Ldacapo/TestHarness, main([Ljava/lang/String;)V >"	23	24	1	245
"< Application, Ldacapo/TestHarness, main([Ljava/lang/String;)V >"	91	106	1	105
"< Application, Lantlr/Tool, main([Ljava/lang/String;)V >"	10	13	1	28
"< Application, Lantlr/ASTFactory, make([Lantlr/collections/AST;)Lantlr/collections/AST; >"	17	13	2	32
"< Application, Ldacapo/TestHarness, main([Ljava/lang/String;)V >"	129	145	1	245
"< Application, Ldacapo/TestHarness, main([Ljava/lang/String;)V >"	114	128	1	245
"< Application, Lantlr/preprocessor/Tool, processArguments([Ljava/lang/String;)V >"	21	46	2	45
"< Application, Lantlr/collections/impl/BitSet, toStringWithRanges(Ljava/lang/String;Lantlr/CharFormatter;)Ljava/lang/String; >"	32	38	7	82
"< Application, Lantlr/Tool, main([Ljava/lang/String;)V >"	16	21	1	28
"< Application, Ldacapo/FileDigest, main([Ljava/lang/String;)V >"	12	17	1	45
"< Application, Lantlr/JavaCodeGenerator, suitableForCaseExpression(Lantlr/Alternative;)Z >"	5	8	7	4
"< Application, Ldacapo/parser/ConfigFile, main([Ljava/lang/String;)V >"	17	15	1	5
"< Application, Ldacapo/Matcher, match(C)V >"	86	49	47	48
"< Application, Ldacapo/FileDigest, main([Ljava/lang/String;)V >"	6	10	1	45
"< Application, Ldacapo/Slice, main([Ljava/lang/String;)V >"	1	6	1	5
"< Application, Lantlr/collections/impl/BitSet, getRanges([I)Lantlr/collections/impl/Vector; >"	6	9	1	8
"< Application, Ldacapo/Matcher, flush()V >"	5	7	6	10
"< Application, Lantlr/CSharpCodeGenerator, genBitSet(Lantlr/collections/impl/BitSet;I)V >"	72	95	42	71
"< Application, Ldacapo/TestHarness, vectorise([Ljava/lang/String;)Ljava/util/Vector; >"	6	8	1	13
"< Application, Lantlr/collections/impl/BitSet, equals(Ljava/lang/Object;)Z >"	13	17	16	15
"< Application, Lantlr/collections/impl/BitSet, toStringOfHalfWords()Ljava/lang/String; >"	14	19	18	59
"< Application, Lantlr/Tool, processArguments([Ljava/lang/String;)V >"	31	18	2	43
"< Application, Ldacapo/Slice, main([Ljava/lang/String;)V >"	2	8	1	7
"< Application, Ldacapo/TestHarness, invokeConfiguration(Ljava/lang/reflect/Method;Ljava/lang/String;)V >"	20	34	25	30
"< Application, Ldacapo/TestHarness, main([Ljava/lang/String;)V >"	110	125	1	124
"< Application, Lantlr/LLkAnalyzer, FOLLOW(ILantlr/RuleEndElement;)Lantlr/Lookahead; >"	22	37	36	2
"< Application, Lantlr/LLkAnalyzer, getAltLookahead(Lantlr/AlternativeBlock;II)Lantlr/Lookahead; >"	3	10	9	4
"< Application, Lantlr/LLkAnalyzer, look(ILantlr/RuleRefElement;)Lantlr/Lookahead; >"	90	106	104	114
"< Application, Lantlr/AlternativeBlock, toString()Ljava/lang/String; >"	44	62	22	61
"< Application, Lantlr/LLkAnalyzer, look(ILjava/lang/String;)Lantlr/Lookahead; >"	33	35	34	2
"< Application, Ldacapo/Benchmark, deleteFiles(Ljava/io/File;Ljava/lang/String;)V >"	6	10	7	14
"< Application, Lantlr/Tool, warning([Ljava/lang/String;Ljava/lang/String;II)V >"	11	24	2	9
"< Application, Lantlr/debug/LLkDebuggingParser, getRuleName(I)Ljava/lang/String; >"	1	5	4	2
"< Application, Ldacapo/parser/ConfigFile, generateParseException()Ldacapo/parser/ParseException; >"	41	34	6	41
