"< Application, Lantlr/RuleSymbol, getReference(I)Lantlr/RuleRefElement; >"	2	7	6	java_type_ref("<Application,Lantlr/RuleRefElement>")
"< Application, Lantlr/debug/ParserEventSupport, fireEvent(ILantlr/debug/ListenerBase;)V >"	29	42	3	java_type_ref("<Application,Lantlr/debug/ParserMatchListener>")
"< Application, Lantlr/MakeGrammar, endSubRule()V >"	40	58	11	java_type_ref("<Application,Lantlr/SynPredBlock>")
"< Application, Lantlr/DefaultToolErrorHandler, warnAltAmbiguity(Lantlr/Grammar;Lantlr/AlternativeBlock;ZI[Lantlr/Lookahead;II)V >"	4	15	3	java_type_ref("<Application,Lantlr/RuleBlock>")
"< Application, Lantlr/debug/ParserEventSupport, addDoneListener(Lantlr/debug/ListenerBase;)V >"	7	11	10	java_type_ref("<Primordial,Ljava/lang/Integer>")
"< Application, Lantlr/CSharpCodeGenerator, genErrorCatchForElement(Lantlr/AlternativeElement;)V >"	12	18	17	java_type_ref("<Application,Lantlr/RuleSymbol>")
"< Application, Lantlr/CppCodeGenerator, genElementAST(Lantlr/AlternativeElement;)V >"	75	52	2	java_type_ref("<Application,Lantlr/GrammarAtom>")
"< Application, Lantlr/DefineGrammarSymbols, endOptions()V >"	74	188	187	java_type_ref("<Application,Lantlr/TokenManager>")
"< Application, Lantlr/CppCodeGenerator, genTokenStrings(Ljava/lang/String;)V >"	17	29	28	java_type_ref("<Primordial,Ljava/lang/String>")
"< Application, Lantlr/DefaultToolErrorHandler, warnAltAmbiguity(Lantlr/Grammar;Lantlr/AlternativeBlock;ZI[Lantlr/Lookahead;II)V >"	10	42	41	java_type_ref("<Application,Lantlr/RuleRefElement>")
"< Application, Lantlr/BaseAST, addChild(Lantlr/collections/AST;)V >"	9	10	2	java_type_ref("<Application,Lantlr/BaseAST>")
"< Application, Lantlr/debug/InputBufferEventSupport, fireEvent(ILantlr/debug/ListenerBase;)V >"	5	25	3	java_type_ref("<Application,Lantlr/debug/InputBufferListener>")
"< Application, Lantlr/preprocessor/Hierarchy, verifyThatHierarchyIsComplete()Z >"	33	48	47	java_type_ref("<Application,Lantlr/preprocessor/Grammar>")
"< Application, Lantlr/CppCodeGenerator, genInclude(Lantlr/TreeWalkerGrammar;)V >"	228	323	321	java_type_ref("<Application,Lantlr/RuleSymbol>")
"< Application, Lantlr/TreeBlockContext, addAlternativeElement(Lantlr/AlternativeElement;)V >"	1	5	4	java_type_ref("<Application,Lantlr/TreeElement>")
"< Application, Lantlr/RuleBlock, findExceptionSpec(Ljava/lang/String;)Lantlr/ExceptionSpec; >"	5	10	9	java_type_ref("<Application,Lantlr/ExceptionSpec>")
"< Application, Lantlr/CSharpCodeGenerator, genElementAST(Lantlr/AlternativeElement;)V >"	197	181	2	java_type_ref("<Application,Lantlr/GrammarAtom>")
"< Application, Lantlr/CSharpCodeGenerator, GenRuleInvocation(Lantlr/RuleRefElement;)V >"	32	42	41	java_type_ref("<Application,Lantlr/RuleSymbol>")
"< Application, Lantlr/MakeGrammar, refElementOption(Lantlr/Token;Lantlr/Token;)V >"	8	36	8	java_type_ref("<Application,Lantlr/GrammarAtom>")
"< Application, Lantlr/LLkAnalyzer, look(ILantlr/AlternativeBlock;)Lantlr/Lookahead; >"	61	88	87	java_type_ref("<Application,Lantlr/LexerGrammar>")
"< Application, Lantlr/BaseAST, toStringList()Ljava/lang/String; >"	21	38	37	java_type_ref("<Application,Lantlr/BaseAST>")
"< Application, Lantlr/CommonASTWithHiddenTokens, initialize(Lantlr/Token;)V >"	0	4	2	java_type_ref("<Application,Lantlr/CommonHiddenStreamToken>")
"< Application, Lantlr/JavaCodeGenerator, mapTreeVariable(Lantlr/AlternativeElement;Ljava/lang/String;)V >"	15	12	2	java_type_ref("<Application,Lantlr/RuleRefElement>")
"< Application, Lantlr/debug/ParserEventSupport, fireEvent(ILantlr/debug/ListenerBase;)V >"	41	33	3	java_type_ref("<Application,Lantlr/debug/SyntacticPredicateListener>")
"< Application, Ldacapo/TestHarness, invokeConfiguration(Ljava/lang/reflect/Method;Ljava/lang/String;)V >"	71	67	43	java_type_ref("<Primordial,Ljava/lang/Double>")
"< Application, Lantlr/CodeGenerator, genTokenInterchange(Lantlr/TokenManager;)V >"	58	93	92	java_type_ref("<Application,Lantlr/StringLiteralSymbol>")
"< Application, Lantlr/CppCodeGenerator, genBody(Lantlr/LexerGrammar;)V >"	325	446	445	java_type_ref("<Application,Lantlr/GrammarSymbol>")
"< Application, Lantlr/ANTLRTokdefParser, line(Lantlr/ImportVocabTokenManager;)V >"	55	110	109	java_type_ref("<Application,Lantlr/StringLiteralSymbol>")
"< Application, Lantlr/ANTLRHashString, equals(Ljava/lang/Object;)Z >"	8	10	2	java_type_ref("<Primordial,Ljava/lang/String>")
"< Application, Lantlr/Grammar, getIntegerOption(Ljava/lang/String;)I >"	2	7	6	java_type_ref("<Application,Lantlr/Token>")
"< Application, Lantlr/CSharpCodeGenerator, genBody(Lantlr/ParserGrammar;)V >"	139	197	196	java_type_ref("<Application,Lantlr/GrammarSymbol>")
"< Application, Lantlr/CppCodeGenerator, genAlt(Lantlr/Alternative;Lantlr/AlternativeBlock;)V >"	37	45	3	java_type_ref("<Application,Lantlr/RuleBlock>")
"< Application, Ldacapo/parser/Config$Size, <init>(Ldacapo/parser/Config;Ljava/lang/String;Ljava/util/Vector;)V >"	8	15	14	java_type_array(java_type_ref("<Primordial,Ljava/lang/String>"))
"< Application, Ldacapo/parser/Config, print(Ljava/io/PrintStream;)V >"	57	88	87	java_type_ref("<Primordial,Ljava/lang/String>")
"< Application, Lantlr/debug/InputBufferEventSupport, fireEvent(ILantlr/debug/ListenerBase;)V >"	9	22	3	java_type_ref("<Application,Lantlr/debug/InputBufferListener>")
"< Application, Lantlr/AlternativeBlock, removeTrackingOfRuleRefs(Lantlr/Grammar;)V >"	10	14	41	java_type_ref("<Application,Lantlr/RuleRefElement>")
"< Application, Lantlr/HTMLCodeGenerator, genTokenTypes(Lantlr/TokenManager;)V >"	39	62	61	java_type_ref("<Primordial,Ljava/lang/String>")
"< Application, Lantlr/CppCodeGenerator, genInclude(Lantlr/ParserGrammar;)V >"	127	192	191	java_type_ref("<Application,Lantlr/Token>")
"< Application, Lantlr/CppCodeGenerator, gen(Lantlr/RuleRefElement;)V >"	13	24	23	java_type_ref("<Application,Lantlr/RuleSymbol>")
"< Application, Lantlr/LLkAnalyzer, FOLLOW(ILantlr/RuleEndElement;)Lantlr/Lookahead; >"	64	223	222	java_type_ref("<Application,Lantlr/Lookahead>")
"< Application, Lantlr/CSharpCodeGenerator, gen()V >"	22	29	28	java_type_ref("<Application,Lantlr/TokenManager>")
"< Application, Lantlr/preprocessor/GrammarFile, toString()Ljava/lang/String; >"	20	28	27	java_type_ref("<Application,Lantlr/preprocessor/Grammar>")
"< Application, Lantlr/JavaCodeGenerator, genNextToken()V >"	228	305	304	java_type_ref("<Application,Lantlr/LexerGrammar>")
"< Application, Lantlr/CppCodeGenerator, genInclude(Lantlr/LexerGrammar;)V >"	126	191	190	java_type_ref("<Application,Lantlr/Token>")
"< Application, Ldacapo/parser/Config$Size, getOutputFile(Ljava/lang/String;)Ldacapo/parser/Config$OutputFile; >"	2	7	6	java_type_ref("<Application,Ldacapo/parser/Config$OutputFile>")
"< Application, Lantlr/MakeGrammar, labelElement(Lantlr/AlternativeElement;Lantlr/Token;)V >"	9	15	14	java_type_ref("<Application,Lantlr/AlternativeElement>")
"< Application, Lantlr/CppCodeGenerator, genBlockPreamble(Lantlr/AlternativeBlock;)V >"	11	15	14	java_type_ref("<Application,Lantlr/AlternativeElement>")
"< Application, Lantlr/CppCodeGenerator, genTokenTypes(Lantlr/TokenManager;)V >"	71	110	109	java_type_ref("<Application,Lantlr/StringLiteralSymbol>")
"< Application, Lantlr/preprocessor/PreprocessorLexer, nextToken()Lantlr/Token; >"	76	66	59	java_type_ref("<Application,Lantlr/CharStreamIOException>")
"< Application, Lantlr/CppCodeGenerator, genElementAST(Lantlr/AlternativeElement;)V >"	212	198	2	java_type_ref("<Application,Lantlr/GrammarAtom>")
"< Application, Lantlr/DefineGrammarSymbols, findGrammar(Ljava/lang/String;)Lantlr/Grammar; >"	5	12	11	java_type_ref("<Application,Lantlr/Grammar>")
"< Application, Lantlr/CSharpCodeGenerator, genBody(Lantlr/TreeWalkerGrammar;)V >"	158	220	219	java_type_ref("<Application,Lantlr/GrammarSymbol>")
"< Application, Lantlr/JavaCodeGenerator, genBitsets(Lantlr/collections/impl/Vector;I)V >"	5	12	11	java_type_ref("<Application,Lantlr/collections/impl/BitSet>")
"< Application, Lantlr/DefineGrammarSymbols, defineToken(Lantlr/Token;Lantlr/Token;)V >"	10	49	48	java_type_ref("<Application,Lantlr/StringLiteralSymbol>")
"< Application, Lantlr/CppCodeGenerator, genErrorHandler(Lantlr/ExceptionSpec;)V >"	6	11	10	java_type_ref("<Application,Lantlr/ExceptionHandler>")
"< Application, Lantlr/JavaCodeGenerator, genNextToken()V >"	158	193	192	java_type_ref("<Application,Lantlr/LexerGrammar>")
"< Application, Lantlr/CSharpCodeGenerator, genNextToken()V >"	100	71	70	java_type_ref("<Application,Lantlr/LexerGrammar>")
"< Application, Lantlr/HTMLCodeGenerator, gen(Lantlr/ParserGrammar;)V >"	54	83	81	java_type_ref("<Application,Lantlr/RuleSymbol>")
"< Application, Lantlr/CSharpCodeGenerator, genElementAST(Lantlr/AlternativeElement;)V >"	174	211	2	java_type_ref("<Application,Lantlr/GrammarAtom>")
"< Application, Ldacapo/Benchmark, validate(Ljava/lang/String;)Z >"	23	35	34	java_type_ref("<Primordial,Ljava/lang/String>")
"< Application, Lantlr/CSharpCodeGenerator, genElementAST(Lantlr/AlternativeElement;)V >"	113	114	2	java_type_ref("<Application,Lantlr/GrammarAtom>")
"< Application, Lantlr/CppCodeGenerator, gen()V >"	22	29	28	java_type_ref("<Application,Lantlr/TokenManager>")
"< Application, Lantlr/SimpleTokenManager, clone()Ljava/lang/Object; >"	1	10	4	java_type_ref("<Application,Lantlr/SimpleTokenManager>")
"< Application, Lantlr/CppCodeGenerator, genElementAST(Lantlr/AlternativeElement;)V >"	125	132	2	java_type_ref("<Application,Lantlr/GrammarAtom>")
"< Application, Lantlr/CSharpCodeGenerator, genBitsets(Lantlr/collections/impl/Vector;I)V >"	5	12	11	java_type_ref("<Application,Lantlr/collections/impl/BitSet>")
"< Application, Ldacapo/TeePrintStream, openLog()V >"	1	4	3	java_type_ref("<Application,Ldacapo/TeeOutputStream>")
"< Application, Lantlr/MakeGrammar, synPred()V >"	22	34	33	java_type_ref("<Application,Lantlr/BlockContext>")
"< Application, Lantlr/CppCodeGenerator, genErrorTryForElement(Lantlr/AlternativeElement;)V >"	12	18	17	java_type_ref("<Application,Lantlr/RuleSymbol>")
"< Application, Lantlr/CppCodeGenerator, genInclude(Lantlr/ParserGrammar;)V >"	311	439	437	java_type_ref("<Application,Lantlr/RuleSymbol>")
"< Application, Lantlr/CSharpCodeGenerator, genNextToken()V >"	192	198	197	java_type_ref("<Application,Lantlr/LexerGrammar>")
"< Application, Lantlr/CSharpCodeGenerator, genBlockPreamble(Lantlr/AlternativeBlock;)V >"	99	123	15	java_type_ref("<Application,Lantlr/GrammarAtom>")
"< Application, Lantlr/debug/ParserEventSupport, fireEvents(ILjava/util/Vector;)V >"	5	11	10	java_type_ref("<Application,Lantlr/debug/ListenerBase>")
"< Application, Ldacapo/parser/ConfigFile, generateParseException()Ldacapo/parser/ParseException; >"	62	53	52	java_type_array(java_type_prim(java_prim_type_int))
"< Application, Lantlr/CSharpCodeGenerator, genBody(Lantlr/LexerGrammar;)V >"	259	364	363	java_type_ref("<Application,Lantlr/GrammarSymbol>")
"< Application, Lantlr/LLkAnalyzer, look(ILjava/lang/String;)Lantlr/Lookahead; >"	14	29	28	java_type_ref("<Application,Lantlr/RuleSymbol>")
"< Application, Lantlr/CppCodeGenerator, genNextToken()V >"	248	343	342	java_type_ref("<Application,Lantlr/LexerGrammar>")
"< Application, Lantlr/TokenStreamHiddenTokenFilter, consume()V >"	2	6	5	java_type_ref("<Application,Lantlr/CommonHiddenStreamToken>")
"< Application, Lantlr/CodeGenerator, getFIRSTBitSet(Ljava/lang/String;I)Ljava/lang/String; >"	5	10	7	java_type_ref("<Application,Lantlr/RuleSymbol>")
"< Application, Ldacapo/TestHarness, invokeConfiguration(Ljava/lang/reflect/Method;Ljava/lang/String;)V >"	30	95	94	java_type_ref("<Primordial,Ljava/lang/String>")
"< Application, Lantlr/CppCodeGenerator, genInclude(Lantlr/LexerGrammar;)V >"	259	360	359	java_type_ref("<Application,Lantlr/LexerGrammar>")
"< Application, Lantlr/CppCodeGenerator, genErrorCatchForElement(Lantlr/AlternativeElement;)V >"	12	18	17	java_type_ref("<Application,Lantlr/RuleSymbol>")
"< Application, Lantlr/DiagnosticCodeGenerator, gen(Lantlr/ParserGrammar;)V >"	79	112	111	java_type_ref("<Application,Lantlr/GrammarSymbol>")
"< Application, Lantlr/ANTLRHashString, equals(Ljava/lang/Object;)Z >"	12	8	2	java_type_ref("<Application,Lantlr/ANTLRHashString>")
"< Application, Lantlr/CppCodeGenerator, GenRuleInvocation(Lantlr/RuleRefElement;)V >"	32	42	41	java_type_ref("<Application,Lantlr/RuleSymbol>")
"< Application, Lantlr/CSharpCodeGenerator, genNextToken()V >"	263	329	328	java_type_ref("<Application,Lantlr/LexerGrammar>")
"< Application, Lantlr/debug/misc/ASTFrame, main([Ljava/lang/String;)V >"	8	18	17	java_type_ref("<Application,Lantlr/CommonAST>")
"< Application, Lantlr/LLkAnalyzer, FOLLOW(ILantlr/RuleEndElement;)Lantlr/Lookahead; >"	97	48	47	java_type_ref("<Application,Lantlr/RuleSymbol>")
"< Application, Lantlr/actions/csharp/ActionLexer, nextToken()Lantlr/Token; >"	38	44	37	java_type_ref("<Application,Lantlr/CharStreamIOException>")
"< Application, Ldacapo/parser/Config$Size, <init>(Ldacapo/parser/Config;Ljava/lang/String;Ljava/util/Vector;)V >"	7	14	13	java_type_array(java_type_ref("<Primordial,Ljava/lang/String>"))
"< Application, Lantlr/debug/ParserEventSupport, fireDoneParsing()V >"	21	19	18	java_type_ref("<Application,Lantlr/debug/ListenerBase>")
"< Application, Lantlr/DiagnosticCodeGenerator, gen(Lantlr/ParserGrammar;)V >"	82	114	112	java_type_ref("<Application,Lantlr/RuleSymbol>")
"< Application, Lantlr/CSharpCodeGenerator, genBlockPreamble(Lantlr/AlternativeBlock;)V >"	26	24	15	java_type_ref("<Application,Lantlr/AlternativeBlock>")
"< Application, Ldacapo/TeePrintStream, closeLog()V >"	1	4	3	java_type_ref("<Application,Ldacapo/TeeOutputStream>")
"< Application, Lantlr/CppCodeGenerator, genElementAST(Lantlr/AlternativeElement;)V >"	151	167	2	java_type_ref("<Application,Lantlr/GrammarAtom>")
"< Application, Lantlr/preprocessor/Grammar, inherit(Lantlr/preprocessor/Option;Lantlr/preprocessor/Grammar;)V >"	12	23	22	java_type_ref("<Application,Lantlr/preprocessor/Option>")
"< Application, Lantlr/JavaCodeGenerator, genNextToken()V >"	90	82	81	java_type_ref("<Application,Lantlr/RuleSymbol>")
"< Application, Ldacapo/parser/Config, getDesc(Ljava/lang/String;)Ljava/lang/String; >"	2	7	6	java_type_ref("<Primordial,Ljava/lang/String>")
"< Application, Lantlr/CppCodeGenerator, genNextToken()V >"	129	128	127	java_type_ref("<Application,Lantlr/RuleSymbol>")
"< Application, Lantlr/preprocessor/Hierarchy, optionsToString(Lantlr/collections/impl/IndexedVector;)Ljava/lang/String; >"	14	26	25	java_type_ref("<Application,Lantlr/preprocessor/Option>")
"< Application, Lantlr/CppCodeGenerator, genBody(Lantlr/ParserGrammar;)V >"	83	115	114	java_type_ref("<Application,Lantlr/GrammarSymbol>")
"< Application, Lantlr/CSharpCodeGenerator, genTokenStrings()V >"	12	19	18	java_type_ref("<Primordial,Ljava/lang/String>")
"< Application, Lantlr/JavaCodeGenerator, mapTreeVariable(Lantlr/AlternativeElement;Ljava/lang/String;)V >"	2	30	2	java_type_ref("<Application,Lantlr/TreeElement>")
"< Application, Lantlr/DefaultToolErrorHandler, warnAltAmbiguity(Lantlr/Grammar;Lantlr/AlternativeBlock;ZI[Lantlr/Lookahead;II)V >"	12	44	43	java_type_ref("<Application,Lantlr/RuleRefElement>")
"< Application, Lantlr/debug/ParserEventSupport, removeDoneListener(Lantlr/debug/ListenerBase;)V >"	5	9	8	java_type_ref("<Primordial,Ljava/lang/Integer>")
"< Application, Lantlr/JavaCodeGenerator, gen()V >"	22	29	28	java_type_ref("<Application,Lantlr/TokenManager>")
"< Application, Lantlr/ASTFactory, getASTNodeType(I)Ljava/lang/Class; >"	6	11	10	java_type_ref("<Primordial,Ljava/lang/Class>")
"< Application, Lantlr/CharScanner, makeToken(I)Lantlr/Token; >"	2	33	6	java_type_ref("<Application,Lantlr/Token>")
"< Application, Lantlr/MakeGrammar, refCharRange(Lantlr/Token;Lantlr/Token;Lantlr/Token;IZ)V >"	51	53	52	java_type_ref("<Application,Lantlr/LexerGrammar>")
"< Application, Lantlr/CppCodeGenerator, genNextToken()V >"	61	46	45	java_type_ref("<Application,Lantlr/LexerGrammar>")
"< Application, Lantlr/CSharpCodeGenerator, genMatch(Lantlr/GrammarAtom;)V >"	30	9	2	java_type_ref("<Application,Lantlr/WildcardElement>")
"< Application, Lantlr/JavaCodeGenerator, genTokenStrings()V >"	12	19	18	java_type_ref("<Primordial,Ljava/lang/String>")
"< Application, Lantlr/ASTFactory, createUsingCtor(Lantlr/Token;Ljava/lang/String;)Lantlr/collections/AST; >"	15	24	23	java_type_ref("<Application,Lantlr/collections/AST>")
"< Application, Lantlr/CSharpCodeGenerator, genNextToken()V >"	77	43	42	java_type_ref("<Application,Lantlr/LexerGrammar>")
"< Application, Lantlr/debug/misc/JTreeASTModel, isLeaf(Ljava/lang/Object;)Z >"	4	5	2	java_type_ref("<Application,Lantlr/collections/AST>")
"< Application, Lantlr/CSharpCodeGenerator, genBody(Lantlr/LexerGrammar;)V >"	298	412	411	java_type_ref("<Application,Lantlr/LexerGrammar>")
"< Application, Lantlr/CSharpCodeGenerator, genNextToken()V >"	122	85	84	java_type_ref("<Application,Lantlr/RuleSymbol>")
"< Application, Lantlr/debug/misc/ASTFrame, main([Ljava/lang/String;)V >"	11	23	22	java_type_ref("<Application,Lantlr/CommonAST>")
"< Application, Lantlr/HTMLCodeGenerator, genGenericBlock(Lantlr/AlternativeBlock;Ljava/lang/String;)V >"	11	20	19	java_type_ref("<Application,Lantlr/AlternativeBlock>")
"< Application, Lantlr/debug/ParserEventSupport, fireEvent(ILantlr/debug/ListenerBase;)V >"	60	19	3	java_type_ref("<Application,Lantlr/debug/NewLineListener>")
"< Application, Lantlr/DiagnosticCodeGenerator, gen(Lantlr/RuleRefElement;)V >"	3	8	7	java_type_ref("<Application,Lantlr/RuleSymbol>")
"< Application, Lantlr/CppCodeGenerator, genBody(Lantlr/ParserGrammar;)V >"	89	122	115	java_type_ref("<Application,Lantlr/RuleSymbol>")
"< Application, Lantlr/preprocessor/Hierarchy, expandGrammarsInFile(Ljava/lang/String;)V >"	6	15	14	java_type_ref("<Application,Lantlr/preprocessor/Grammar>")
"< Application, Lantlr/JavaCodeGenerator, genAlt(Lantlr/Alternative;Lantlr/AlternativeBlock;)V >"	37	45	3	java_type_ref("<Application,Lantlr/RuleBlock>")
"< Application, Lantlr/JavaCodeGenerator, genNextToken()V >"	213	289	288	java_type_ref("<Application,Lantlr/LexerGrammar>")
"< Application, Lantlr/JavaCodeGenerator, gen(Lantlr/ParserGrammar;)V >"	77	111	110	java_type_ref("<Application,Lantlr/Token>")
"< Application, Lantlr/CSharpCodeGenerator, genBody(Lantlr/TreeWalkerGrammar;)V >"	74	109	108	java_type_ref("<Application,Lantlr/Token>")
"< Application, Lantlr/BaseAST, toStringTree()Ljava/lang/String; >"	21	38	37	java_type_ref("<Application,Lantlr/BaseAST>")
"< Application, Lantlr/JavaCodeGenerator, gen(Lantlr/ParserGrammar;)V >"	113	168	167	java_type_ref("<Application,Lantlr/Token>")
"< Application, Lantlr/MakeGrammar, refCharLiteral(Lantlr/Token;Lantlr/Token;ZIZ)V >"	16	17	16	java_type_ref("<Application,Lantlr/LexerGrammar>")
"< Application, Lantlr/CppCodeGenerator, genInclude(Lantlr/TreeWalkerGrammar;)V >"	225	321	320	java_type_ref("<Application,Lantlr/GrammarSymbol>")
"< Application, Lantlr/CppCodeGenerator, mapTreeId(Ljava/lang/String;Lantlr/ActionTransInfo;)Ljava/lang/String; >"	28	38	37	java_type_ref("<Application,Lantlr/AlternativeElement>")
"< Application, Lantlr/BaseAST, xmlSerialize(Ljava/io/Writer;)V >"	4	7	19	java_type_ref("<Application,Lantlr/BaseAST>")
"< Application, Lantlr/LLkAnalyzer, removeCompetingPredictionSets(Lantlr/collections/impl/BitSet;Lantlr/AlternativeElement;)V >"	7	13	10	java_type_ref("<Application,Lantlr/TreeElement>")
"< Application, Lantlr/CSharpCodeGenerator, genNextToken()V >"	271	338	337	java_type_ref("<Application,Lantlr/LexerGrammar>")
"< Application, Ldacapo/TestHarness, main([Ljava/lang/String;)V >"	78	93	92	java_type_ref("<Application,Ldacapo/Callback>")
"< Application, Lantlr/DocBookCodeGenerator, gen(Lantlr/TreeWalkerGrammar;)V >"	59	88	86	java_type_ref("<Application,Lantlr/RuleSymbol>")
"< Application, Lantlr/DiagnosticCodeGenerator, gen(Lantlr/TreeWalkerGrammar;)V >"	79	112	111	java_type_ref("<Application,Lantlr/GrammarSymbol>")
"< Application, Lantlr/JavaCodeGenerator, genMatch(Lantlr/GrammarAtom;)V >"	30	9	2	java_type_ref("<Application,Lantlr/WildcardElement>")
"< Application, Lantlr/JavaCodeGenerator, gen(Lantlr/TreeWalkerGrammar;)V >"	100	151	150	java_type_ref("<Application,Lantlr/Token>")
"< Application, Lantlr/ANTLRParser, classDef()V >"	124	146	127	java_type_ref("<Application,Lantlr/NoViableAltException>")
"< Application, Lantlr/CodeGenerator, getFOLLOWBitSet(Ljava/lang/String;I)Ljava/lang/String; >"	5	10	7	java_type_ref("<Application,Lantlr/RuleSymbol>")
"< Application, Lantlr/debug/ParserEventSupport, addParserListener(Lantlr/debug/ParserListener;)V >"	2	6	2	java_type_ref("<Application,Lantlr/debug/ParserController>")
"< Application, Lantlr/JavaCodeGenerator, gen(Lantlr/LexerGrammar;)V >"	235	344	343	java_type_ref("<Primordial,Ljava/lang/String>")
"< Application, Lantlr/CSharpCodeGenerator, genBody(Lantlr/LexerGrammar;)V >"	69	102	101	java_type_ref("<Application,Lantlr/Token>")
"< Application, Lantlr/debug/misc/JTreeASTModel, getIndexOfChild(Ljava/lang/Object;Ljava/lang/Object;)I >"	5	6	2	java_type_ref("<Application,Lantlr/collections/AST>")
"< Application, Lantlr/CppCodeGenerator, genNextToken()V >"	8	12	11	java_type_ref("<Application,Lantlr/RuleSymbol>")
"< Application, Lantlr/collections/impl/BitSet, equals(Ljava/lang/Object;)Z >"	3	7	2	java_type_ref("<Application,Lantlr/collections/impl/BitSet>")
"< Application, Lantlr/JavaCodeGenerator, gen(Lantlr/TreeWalkerGrammar;)V >"	146	214	213	java_type_ref("<Application,Lantlr/GrammarSymbol>")
"< Application, Lantlr/AlternativeBlock, removeTrackingOfRuleRefs(Lantlr/Grammar;)V >"	31	38	41	java_type_ref("<Application,Lantlr/AlternativeBlock>")
"< Application, Lantlr/CSharpCodeGenerator, genBlockPreamble(Lantlr/AlternativeBlock;)V >"	2	6	2	java_type_ref("<Application,Lantlr/RuleBlock>")
"< Application, Lantlr/debug/ParserEventSupport, fireEvent(ILantlr/debug/ListenerBase;)V >"	1	63	3	java_type_ref("<Application,Lantlr/debug/ParserTokenListener>")
"< Application, Lantlr/CppCodeGenerator, genBlockPreamble(Lantlr/AlternativeBlock;)V >"	101	125	15	java_type_ref("<Application,Lantlr/GrammarAtom>")
"< Application, Lantlr/CSharpCodeGenerator, getValueString(I)Ljava/lang/String; >"	19	15	10	java_type_ref("<Application,Lantlr/StringLiteralSymbol>")
"< Application, Lantlr/LLkAnalyzer, FOLLOW(ILantlr/RuleEndElement;)Lantlr/Lookahead; >"	89	213	212	java_type_ref("<Application,Lantlr/Lookahead>")
"< Application, Lantlr/debug/ParserEventSupport, fireEvent(ILantlr/debug/ListenerBase;)V >"	37	36	3	java_type_ref("<Application,Lantlr/debug/SyntacticPredicateListener>")
"< Application, Lantlr/CSharpCodeGenerator, mapTreeVariable(Lantlr/AlternativeElement;Ljava/lang/String;)V >"	15	12	2	java_type_ref("<Application,Lantlr/RuleRefElement>")
"< Application, Lantlr/MakeGrammar, defineRuleName(Lantlr/Token;Ljava/lang/String;ZLjava/lang/String;)V >"	49	80	79	java_type_ref("<Application,Lantlr/RuleSymbol>")
"< Application, Lantlr/MakeGrammar, refStringLiteral(Lantlr/Token;Lantlr/Token;IZ)V >"	18	28	27	java_type_ref("<Application,Lantlr/LexerGrammar>")
"< Application, Lantlr/HTMLCodeGenerator, gen()V >"	6	12	11	java_type_ref("<Application,Lantlr/Grammar>")
"< Application, Lantlr/debug/ParserEventSupport, addParserListener(Lantlr/debug/ParserListener;)V >"	4	8	2	java_type_ref("<Application,Lantlr/debug/ParserController>")
"< Application, Lantlr/debug/ParserEventSupport, fireEvent(ILantlr/debug/ListenerBase;)V >"	25	45	3	java_type_ref("<Application,Lantlr/debug/ParserMatchListener>")
"< Application, Lantlr/CppCodeGenerator, genMatch(Lantlr/GrammarAtom;)V >"	30	9	2	java_type_ref("<Application,Lantlr/WildcardElement>")
"< Application, Lantlr/DiagnosticCodeGenerator, gen()V >"	6	12	11	java_type_ref("<Application,Lantlr/Grammar>")
"< Application, Lantlr/DiagnosticCodeGenerator, genTokenTypes(Lantlr/TokenManager;)V >"	39	62	61	java_type_ref("<Primordial,Ljava/lang/String>")
"< Application, Ldacapo/TestHarness, invokeConfiguration(Ljava/lang/reflect/Method;Ljava/lang/String;)V >"	55	57	43	java_type_ref("<Primordial,Ljava/lang/Double>")
"< Application, Lantlr/preprocessor/Rule, toString()Ljava/lang/String; >"	66	95	94	java_type_ref("<Application,Lantlr/preprocessor/Option>")
"< Application, Ldacapo/TestHarness, invokeConfiguration(Ljava/lang/reflect/Method;Ljava/lang/String;)V >"	79	72	43	java_type_ref("<Primordial,Ljava/lang/Double>")
"< Application, Lantlr/LLkAnalyzer, FOLLOW(ILantlr/RuleEndElement;)Lantlr/Lookahead; >"	71	200	199	java_type_ref("<Application,Lantlr/RuleSymbol>")
"< Application, Lantlr/BaseAST, setNextSibling(Lantlr/collections/AST;)V >"	0	4	2	java_type_ref("<Application,Lantlr/BaseAST>")
"< Application, Lantlr/debug/InputBufferEventSupport, fireEvent(ILantlr/debug/ListenerBase;)V >"	13	19	3	java_type_ref("<Application,Lantlr/debug/InputBufferListener>")
"< Application, Lantlr/MakeGrammar, createNextTokenRule(Lantlr/Grammar;Lantlr/collections/impl/Vector;Ljava/lang/String;)Lantlr/RuleBlock; >"	12	18	17	java_type_ref("<Application,Lantlr/RuleSymbol>")
"< Application, Lantlr/Lookahead, clone()Ljava/lang/Object; >"	1	9	5	java_type_ref("<Application,Lantlr/Lookahead>")
"< Application, Lantlr/preprocessor/Grammar, expandInPlace()V >"	33	39	38	java_type_ref("<Application,Lantlr/preprocessor/Option>")
"< Application, Lantlr/CppCodeGenerator, genBody(Lantlr/LexerGrammar;)V >"	287	392	390	java_type_ref("<Application,Lantlr/StringLiteralSymbol>")
"< Application, Lantlr/BaseAST, xmlSerialize(Ljava/io/Writer;)V >"	12	15	19	java_type_ref("<Application,Lantlr/BaseAST>")
"< Application, Lantlr/debug/InputBufferEventSupport, refresh(Ljava/util/Vector;)V >"	2	6	5	java_type_ref("<Primordial,Ljava/util/Vector>")
"< Application, Lantlr/JavaCodeGenerator, mapTreeId(Ljava/lang/String;Lantlr/ActionTransInfo;)Ljava/lang/String; >"	45	47	46	java_type_ref("<Primordial,Ljava/lang/String>")
"< Application, Lantlr/CSharpCodeGenerator, mapTreeVariable(Lantlr/AlternativeElement;Ljava/lang/String;)V >"	10	14	2	java_type_ref("<Application,Lantlr/TokenRefElement>")
"< Application, Lantlr/LLkAnalyzer, look(ILjava/lang/String;)Lantlr/Lookahead; >"	65	45	44	java_type_ref("<Application,Lantlr/Lookahead>")
"< Application, Lantlr/TokenStreamSelector, pop()Lantlr/TokenStream; >"	2	6	5	java_type_ref("<Application,Lantlr/TokenStream>")
"< Application, Lantlr/DiagnosticCodeGenerator, gen()V >"	25	33	32	java_type_ref("<Application,Lantlr/TokenManager>")
"< Application, Lantlr/CppCodeGenerator, genNextToken()V >"	107	114	113	java_type_ref("<Application,Lantlr/LexerGrammar>")
"< Application, Lantlr/CppCodeGenerator, genBlockPreamble(Lantlr/AlternativeBlock;)V >"	22	21	15	java_type_ref("<Application,Lantlr/AlternativeBlock>")
"< Application, Lantlr/CSharpCodeGenerator, gen()V >"	6	12	11	java_type_ref("<Application,Lantlr/Grammar>")
"< Application, Lantlr/CppCodeGenerator, genBody(Lantlr/LexerGrammar;)V >"	351	480	479	java_type_ref("<Application,Lantlr/RuleSymbol>")
"< Application, Lantlr/actions/cpp/ActionLexer, nextToken()Lantlr/Token; >"	38	44	37	java_type_ref("<Application,Lantlr/CharStreamIOException>")
"< Application, Lantlr/JavaCodeGenerator, gen(Lantlr/ParserGrammar;)V >"	280	405	404	java_type_ref("<Application,Lantlr/GrammarSymbol>")
"< Application, Lantlr/debug/ParserEventSupport, fireEvent(ILantlr/debug/ListenerBase;)V >"	53	24	3	java_type_ref("<Application,Lantlr/debug/MessageListener>")
"< Application, Lantlr/debug/ParserEventSupport, fireEvent(ILantlr/debug/ListenerBase;)V >"	33	39	3	java_type_ref("<Application,Lantlr/debug/SemanticPredicateListener>")
"< Application, Lantlr/CppCodeGenerator, genBody(Lantlr/LexerGrammar;)V >"	380	518	517	java_type_ref("<Application,Lantlr/LexerGrammar>")
"< Application, Lantlr/MakeGrammar, refArgAction(Lantlr/Token;)V >"	2	7	6	java_type_ref("<Application,Lantlr/RuleBlock>")
"< Application, Lantlr/MakeGrammar, endSubRule()V >"	6	10	9	java_type_ref("<Application,Lantlr/BlockContext>")
"< Application, Lantlr/DefineGrammarSymbols, getHeaderAction(Ljava/lang/String;)Ljava/lang/String; >"	2	7	6	java_type_ref("<Application,Lantlr/Token>")
"< Application, Lantlr/CppCodeGenerator, getValueString(I)Ljava/lang/String; >"	19	28	10	java_type_ref("<Application,Lantlr/StringLiteralSymbol>")
"< Application, Lantlr/JavaCodeGenerator, genNextToken()V >"	205	280	279	java_type_ref("<Application,Lantlr/LexerGrammar>")
"< Application, Lantlr/debug/misc/ASTFrame, main([Ljava/lang/String;)V >"	3	9	8	java_type_ref("<Application,Lantlr/CommonAST>")
"< Application, Lantlr/debug/ParserEventSupport, fireEvent(ILantlr/debug/ListenerBase;)V >"	9	57	3	java_type_ref("<Application,Lantlr/debug/TraceListener>")
"< Application, Lantlr/JavaCodeGenerator, genNextToken()V >"	8	12	11	java_type_ref("<Application,Lantlr/RuleSymbol>")
"< Application, Lantlr/JavaCodeGenerator, gen(Lantlr/LexerGrammar;)V >"	116	179	178	java_type_ref("<Application,Lantlr/Token>")
"< Application, Lantlr/JavaCodeGenerator, genElementAST(Lantlr/AlternativeElement;)V >"	113	114	2	java_type_ref("<Application,Lantlr/GrammarAtom>")
"< Application, Lantlr/debug/ParserEventSupport, fireEvent(ILantlr/debug/ListenerBase;)V >"	49	27	3	java_type_ref("<Application,Lantlr/debug/MessageListener>")
"< Application, Lantlr/JavaCodeGenerator, gen(Lantlr/TreeWalkerGrammar;)V >"	149	216	214	java_type_ref("<Application,Lantlr/RuleSymbol>")
"< Application, Lantlr/CppCodeGenerator, genNextToken()V >"	285	392	391	java_type_ref("<Application,Lantlr/LexerGrammar>")
"< Application, Lantlr/JavaCodeGenerator, gen(Lantlr/ParserGrammar;)V >"	141	204	197	java_type_ref("<Application,Lantlr/RuleSymbol>")
"< Application, Lantlr/CharScanner, testLiteralsTable(I)I >"	9	16	15	java_type_ref("<Primordial,Ljava/lang/Integer>")
"< Application, Lantlr/collections/impl/BitSet, toString(Ljava/lang/String;Lantlr/collections/impl/Vector;)Ljava/lang/String; >"	42	62	61	java_type_ref("<Primordial,Ljava/lang/String>")
"< Application, Ldacapo/parser/Config, print(Ljava/io/PrintStream;)V >"	31	51	50	java_type_ref("<Primordial,Ljava/lang/String>")
"< Application, Lantlr/DefineGrammarSymbols, endOptions()V >"	132	131	130	java_type_ref("<Application,Lantlr/TokenManager>")
"< Application, Lantlr/DiagnosticCodeGenerator, gen(Lantlr/TreeWalkerGrammar;)V >"	82	114	112	java_type_ref("<Application,Lantlr/RuleSymbol>")
"< Application, Lantlr/CppCodeGenerator, genBody(Lantlr/ParserGrammar;)V >"	276	409	408	java_type_ref("<Application,Lantlr/GrammarSymbol>")
"< Application, Lantlr/LLkAnalyzer, FOLLOW(ILantlr/RuleEndElement;)Lantlr/Lookahead; >"	80	218	217	java_type_ref("<Application,Lantlr/Lookahead>")
"< Application, Lantlr/preprocessor/Hierarchy, getGrammar(Ljava/lang/String;)Lantlr/preprocessor/Grammar; >"	2	7	6	java_type_ref("<Application,Lantlr/preprocessor/Grammar>")
"< Application, Lantlr/preprocessor/Grammar, expandInPlace()V >"	24	29	28	java_type_ref("<Application,Lantlr/preprocessor/Rule>")
"< Application, Lantlr/debug/ParserEventSupport, fireEvent(ILantlr/debug/ListenerBase;)V >"	17	51	3	java_type_ref("<Application,Lantlr/debug/ParserMatchListener>")
"< Application, Lantlr/LLkAnalyzer, look(ILantlr/WildcardElement;)Lantlr/Lookahead; >"	20	57	56	java_type_ref("<Application,Lantlr/LexerGrammar>")
"< Application, Lantlr/NameSpace, emitDeclarations(Ljava/io/PrintWriter;)V >"	5	12	11	java_type_ref("<Primordial,Ljava/lang/String>")
"< Application, Lantlr/CharScanner, testLiteralsTable(Ljava/lang/String;I)I >"	4	10	9	java_type_ref("<Primordial,Ljava/lang/Integer>")
"< Application, Lantlr/Lookahead, clone()Ljava/lang/Object; >"	4	13	12	java_type_ref("<Application,Lantlr/collections/impl/BitSet>")
"< Application, Lantlr/JavaCodeGenerator, genNextToken()V >"	51	46	45	java_type_ref("<Application,Lantlr/LexerGrammar>")
"< Application, Lantlr/CppCodeGenerator, genASTDeclaration(Lantlr/AlternativeElement;Ljava/lang/String;Ljava/lang/String;)V >"	13	21	2	java_type_ref("<Application,Lantlr/GrammarAtom>")
"< Application, Lantlr/CSharpCodeGenerator, genTokenDefinitions(Lantlr/TokenManager;)V >"	7	15	14	java_type_ref("<Primordial,Ljava/lang/String>")
"< Application, Lantlr/JavaCodeGenerator, gen(Lantlr/RuleRefElement;)V >"	13	24	23	java_type_ref("<Application,Lantlr/RuleSymbol>")
"< Application, Lantlr/TokenStreamSelector, getStream(Ljava/lang/String;)Lantlr/TokenStream; >"	2	7	6	java_type_ref("<Application,Lantlr/TokenStream>")
"< Application, Lantlr/CodeGenerator, markBitsetForGen(Lantlr/collections/impl/BitSet;)I >"	6	11	10	java_type_ref("<Application,Lantlr/collections/impl/BitSet>")
"< Application, Lantlr/collections/impl/ASTEnumerator, nextNode()Lantlr/collections/AST; >"	14	18	17	java_type_ref("<Application,Lantlr/collections/AST>")
"< Application, Lantlr/JavaCodeGenerator, gen(Lantlr/ParserGrammar;)V >"	283	407	405	java_type_ref("<Application,Lantlr/RuleSymbol>")
"< Application, Ldacapo/parser/Config, getSize(Ljava/lang/String;)Ldacapo/parser/Config$Size; >"	2	7	6	java_type_ref("<Application,Ldacapo/parser/Config$Size>")
"< Application, Lantlr/BaseAST, setFirstChild(Lantlr/collections/AST;)V >"	0	4	2	java_type_ref("<Application,Lantlr/BaseAST>")
"< Application, Lantlr/JavaCodeGenerator, genBlockPreamble(Lantlr/AlternativeBlock;)V >"	102	126	15	java_type_ref("<Application,Lantlr/GrammarAtom>")
"< Application, Ldacapo/TestHarness, invokeConfiguration(Ljava/lang/reflect/Method;Ljava/lang/String;)V >"	63	62	43	java_type_ref("<Primordial,Ljava/lang/Double>")
"< Application, Lantlr/JavaCodeGenerator, gen(Lantlr/LexerGrammar;)V >"	308	437	436	java_type_ref("<Application,Lantlr/LexerGrammar>")
"< Application, Lantlr/JavaCodeGenerator, gen(Lantlr/LexerGrammar;)V >"	271	391	390	java_type_ref("<Application,Lantlr/GrammarSymbol>")
"< Application, Ldacapo/TestHarness, runBenchmark(Ljava/io/File;Ljava/lang/String;Ldacapo/TestHarness;)V >"	12	19	18	java_type_ref("<Application,Ldacapo/Benchmark>")
"< Application, Lantlr/CppCodeGenerator, genBitsets(Lantlr/collections/impl/Vector;ILjava/lang/String;)V >"	7	15	14	java_type_ref("<Application,Lantlr/collections/impl/BitSet>")
"< Application, Lantlr/debug/InputBufferEventSupport, refresh(Ljava/util/Vector;)V >"	13	14	13	java_type_ref("<Application,Lantlr/debug/ListenerBase>")
"< Application, Lantlr/CppCodeGenerator, genNextToken()V >"	198	251	250	java_type_ref("<Application,Lantlr/LexerGrammar>")
"< Application, Lantlr/preprocessor/Grammar, inherit(Lantlr/preprocessor/Rule;Lantlr/preprocessor/Grammar;)V >"	3	10	9	java_type_ref("<Application,Lantlr/preprocessor/Rule>")
"< Application, Lantlr/ImportVocabTokenManager, clone()Ljava/lang/Object; >"	1	5	4	java_type_ref("<Application,Lantlr/ImportVocabTokenManager>")
"< Application, Lantlr/collections/impl/BitSet, not()Lantlr/collections/impl/BitSet; >"	1	5	4	java_type_ref("<Application,Lantlr/collections/impl/BitSet>")
"< Application, Lantlr/CSharpCodeGenerator, genBlockPreamble(Lantlr/AlternativeBlock;)V >"	102	126	15	java_type_ref("<Application,Lantlr/GrammarAtom>")
"< Application, Ldacapo/TestHarness, invokeConfiguration(Ljava/lang/reflect/Method;Ljava/lang/String;)V >"	95	82	43	java_type_ref("<Primordial,Ljava/lang/Double>")
"< Application, Lantlr/JavaCodeGenerator, gen()V >"	6	12	11	java_type_ref("<Application,Lantlr/Grammar>")
"< Application, Lantlr/LLkAnalyzer, look(ILantlr/AlternativeBlock;)Lantlr/Lookahead; >"	64	92	91	java_type_ref("<Application,Lantlr/collections/impl/BitSet>")
"< Application, Lantlr/CSharpCodeGenerator, genInitFactory(Lantlr/Grammar;)V >"	22	36	35	java_type_ref("<Primordial,Ljava/lang/String>")
"< Application, Lantlr/DefineGrammarSymbols, endOptions()V >"	17	248	247	java_type_ref("<Application,Lantlr/TokenManager>")
"< Application, Lantlr/CSharpCodeGenerator, genNextToken()V >"	170	160	159	java_type_ref("<Application,Lantlr/RuleRefElement>")
"< Application, Lantlr/DocBookCodeGenerator, genTokenTypes(Lantlr/TokenManager;)V >"	39	62	61	java_type_ref("<Primordial,Ljava/lang/String>")
"< Application, Lantlr/AlternativeBlock, removeTrackingOfRuleRefs(Lantlr/Grammar;)V >"	13	18	17	java_type_ref("<Application,Lantlr/RuleSymbol>")
"< Application, Lantlr/BaseAST, xmlSerialize(Ljava/io/Writer;)V >"	7	9	19	java_type_ref("<Application,Lantlr/BaseAST>")
"< Application, Lantlr/AlternativeBlock, prepareForAnalysis()V >"	6	10	9	java_type_ref("<Application,Lantlr/Alternative>")
"< Application, Lantlr/debug/ParserEventSupport, fireEvent(ILantlr/debug/ListenerBase;)V >"	21	48	3	java_type_ref("<Application,Lantlr/debug/ParserMatchListener>")
"< Application, Lantlr/CppCodeGenerator, genBlockPreamble(Lantlr/AlternativeBlock;)V >"	2	6	2	java_type_ref("<Application,Lantlr/RuleBlock>")
"< Application, Lantlr/Tool, doEverything([Ljava/lang/String;)I >"	37	113	88	java_type_ref("<Application,Lantlr/CodeGenerator>")
"< Application, Lantlr/TreeBlockContext, addAlternativeElement(Lantlr/AlternativeElement;)V >"	4	9	2	java_type_ref("<Application,Lantlr/GrammarAtom>")
"< Application, Lantlr/HTMLCodeGenerator, gen(Lantlr/RuleRefElement;)V >"	3	8	7	java_type_ref("<Application,Lantlr/RuleSymbol>")
"< Application, Lantlr/DocBookCodeGenerator, gen(Lantlr/ParserGrammar;)V >"	54	83	81	java_type_ref("<Application,Lantlr/RuleSymbol>")
"< Application, Lantlr/LLkAnalyzer, look(ILantlr/WildcardElement;)Lantlr/Lookahead; >"	23	61	60	java_type_ref("<Application,Lantlr/collections/impl/BitSet>")
"< Application, Lantlr/MakeGrammar, refReturnAction(Lantlr/Token;)V >"	5	10	9	java_type_ref("<Application,Lantlr/RuleBlock>")
"< Application, Lantlr/CSharpCodeGenerator, genNextToken()V >"	81	46	45	java_type_ref("<Application,Lantlr/LexerGrammar>")
"< Application, Lantlr/JavaCodeGenerator, genTokenASTNodeMap()V >"	12	19	18	java_type_ref("<Primordial,Ljava/lang/String>")
"< Application, Lantlr/DiagnosticCodeGenerator, printSet(IILantlr/Lookahead;)V >"	39	51	50	java_type_ref("<Primordial,Ljava/lang/String>")
"< Application, Lantlr/SimpleTokenManager, clone()Ljava/lang/Object; >"	4	14	13	java_type_ref("<Application,Lantlr/collections/impl/Vector>")
"< Application, Lantlr/DefineGrammarSymbols, defineRuleName(Lantlr/Token;Ljava/lang/String;ZLjava/lang/String;)V >"	25	43	42	java_type_ref("<Application,Lantlr/RuleSymbol>")
"< Application, Lantlr/debug/InputBufferEventSupport, fireEvents(ILjava/util/Vector;)V >"	5	8	7	java_type_ref("<Primordial,Ljava/util/Vector>")
"< Application, Lantlr/JavaCodeGenerator, gen(Lantlr/LexerGrammar;)V >"	244	353	351	java_type_ref("<Application,Lantlr/StringLiteralSymbol>")
"< Application, Lantlr/debug/ParserEventSupport, refresh(Ljava/util/Vector;)V >"	2	6	5	java_type_ref("<Primordial,Ljava/util/Vector>")
"< Application, Lantlr/CppCodeGenerator, genInclude(Lantlr/LexerGrammar;)V >"	239	341	340	java_type_ref("<Application,Lantlr/RuleSymbol>")
"< Application, Lantlr/JavaCodeGenerator, genElementAST(Lantlr/AlternativeElement;)V >"	75	52	2	java_type_ref("<Application,Lantlr/GrammarAtom>")
"< Application, Lantlr/CppCodeGenerator, mapTreeVariable(Lantlr/AlternativeElement;Ljava/lang/String;)V >"	10	14	2	java_type_ref("<Application,Lantlr/TokenRefElement>")
"< Application, Lantlr/Lookahead, clone()Ljava/lang/Object; >"	12	19	18	java_type_ref("<Application,Lantlr/collections/impl/BitSet>")
"< Application, Lantlr/DocBookCodeGenerator, gen()V >"	6	12	11	java_type_ref("<Application,Lantlr/Grammar>")
"< Application, Lantlr/Grammar, getOption(Ljava/lang/String;)Lantlr/Token; >"	2	7	6	java_type_ref("<Application,Lantlr/Token>")
"< Application, Ldacapo/parser/ConfigFile, generateParseException()Ldacapo/parser/ParseException; >"	61	52	51	java_type_array(java_type_prim(java_prim_type_int))
"< Application, Lantlr/debug/ParserEventSupport, fireEvent(ILantlr/debug/ListenerBase;)V >"	13	54	3	java_type_ref("<Application,Lantlr/debug/TraceListener>")
"< Application, Lantlr/MakeGrammar, endRule(Ljava/lang/String;)V >"	3	8	7	java_type_ref("<Application,Lantlr/BlockContext>")
"< Application, Lantlr/debug/ParserEventSupport, fireEvent(ILantlr/debug/ListenerBase;)V >"	45	30	3	java_type_ref("<Application,Lantlr/debug/SyntacticPredicateListener>")
"< Application, Lantlr/CSharpCodeGenerator, genElementAST(Lantlr/AlternativeElement;)V >"	75	52	2	java_type_ref("<Application,Lantlr/GrammarAtom>")
"< Application, Lantlr/debug/ParserEventSupport, refresh(Ljava/util/Vector;)V >"	13	14	13	java_type_ref("<Application,Lantlr/debug/ListenerBase>")
"< Application, Lantlr/CppCodeGenerator, genBlockPreamble(Lantlr/AlternativeBlock;)V >"	26	24	15	java_type_ref("<Application,Lantlr/AlternativeBlock>")
"< Application, Lantlr/BlockContext, currentAlt()Lantlr/Alternative; >"	4	8	7	java_type_ref("<Application,Lantlr/Alternative>")
"< Application, Ldacapo/antlr/AntlrHarness, iterate(Ljava/lang/String;)V >"	23	52	51	java_type_ref("<Primordial,Ljava/lang/String>")
"< Application, Lantlr/LLkAnalyzer, FOLLOW(ILantlr/RuleEndElement;)Lantlr/Lookahead; >"	188	164	163	java_type_ref("<Application,Lantlr/Lookahead>")
"< Application, Lantlr/debug/InputBufferEventSupport, fireEvent(ILantlr/debug/ListenerBase;)V >"	1	28	3	java_type_ref("<Application,Lantlr/debug/InputBufferListener>")
"< Application, Lantlr/JavaCodeGenerator, genElementAST(Lantlr/AlternativeElement;)V >"	139	149	2	java_type_ref("<Application,Lantlr/GrammarAtom>")
"< Application, Lantlr/LLkAnalyzer, look(ILantlr/CharLiteralElement;)Lantlr/Lookahead; >"	25	45	44	java_type_ref("<Application,Lantlr/collections/impl/BitSet>")
"< Application, Lantlr/JavaCodeGenerator, genErrorCatchForElement(Lantlr/AlternativeElement;)V >"	12	18	17	java_type_ref("<Application,Lantlr/RuleSymbol>")
"< Application, Lantlr/DocBookCodeGenerator, gen(Lantlr/ParserGrammar;)V >"	51	81	80	java_type_ref("<Application,Lantlr/GrammarSymbol>")
"< Application, Lantlr/MakeGrammar, zeroOrMoreSubRule()V >"	22	34	33	java_type_ref("<Application,Lantlr/BlockContext>")
"< Application, Lantlr/DiagnosticCodeGenerator, genRule(Lantlr/RuleSymbol;)V >"	94	110	109	java_type_ref("<Application,Lantlr/ExceptionHandler>")
"< Application, Lantlr/CSharpCodeGenerator, genBody(Lantlr/LexerGrammar;)V >"	223	319	318	java_type_ref("<Primordial,Ljava/lang/String>")
"< Application, Lantlr/JavaCodeGenerator, genErrorHandler(Lantlr/ExceptionSpec;)V >"	6	11	10	java_type_ref("<Application,Lantlr/ExceptionHandler>")
"< Application, Lantlr/CppCodeGenerator, genBody(Lantlr/LexerGrammar;)V >"	331	453	446	java_type_ref("<Application,Lantlr/RuleSymbol>")
"< Application, Lantlr/debug/misc/ASTFrame, main([Ljava/lang/String;)V >"	5	13	12	java_type_ref("<Application,Lantlr/CommonAST>")
"< Application, Lantlr/JavaCodeGenerator, gen(Lantlr/LexerGrammar;)V >"	277	398	391	java_type_ref("<Application,Lantlr/RuleSymbol>")
"< Application, Lantlr/CppCodeGenerator, genTokenTypes(Lantlr/TokenManager;)V >"	66	101	100	java_type_ref("<Primordial,Ljava/lang/String>")
"< Application, Lantlr/CSharpCodeGenerator, genBody(Lantlr/TreeWalkerGrammar;)V >"	102	151	150	java_type_ref("<Application,Lantlr/Token>")
"< Application, Lantlr/Grammar, toString()Ljava/lang/String; >"	7	14	13	java_type_ref("<Application,Lantlr/RuleSymbol>")
"< Application, Lantlr/DiagnosticCodeGenerator, gen(Lantlr/LexerGrammar;)V >"	114	159	158	java_type_ref("<Application,Lantlr/RuleSymbol>")
"< Application, Lantlr/MakeGrammar, refReturnAction(Lantlr/Token;)V >"	23	26	25	java_type_ref("<Application,Lantlr/RuleBlock>")
"< Application, Lantlr/TreeElement, toString()Ljava/lang/String; >"	8	17	16	java_type_ref("<Application,Lantlr/Alternative>")
"< Application, Lantlr/preprocessor/Hierarchy, verifyThatHierarchyIsComplete()Z >"	6	12	11	java_type_ref("<Application,Lantlr/preprocessor/Grammar>")
"< Application, Lantlr/JavaCodeGenerator, genNextToken()V >"	68	68	67	java_type_ref("<Application,Lantlr/LexerGrammar>")
"< Application, Lantlr/collections/impl/BitSet, or(Lantlr/collections/impl/BitSet;)Lantlr/collections/impl/BitSet; >"	1	6	5	java_type_ref("<Application,Lantlr/collections/impl/BitSet>")
"< Application, Lantlr/DiagnosticCodeGenerator, gen(Lantlr/LexerGrammar;)V >"	87	124	122	java_type_ref("<Application,Lantlr/StringLiteralSymbol>")
"< Application, Lantlr/SimpleTokenManager, clone()Ljava/lang/Object; >"	8	18	17	java_type_ref("<Primordial,Ljava/util/Hashtable>")
"< Application, Lantlr/MakeGrammar, refReturnAction(Lantlr/Token;)V >"	10	18	17	java_type_ref("<Application,Lantlr/RuleSymbol>")
"< Application, Lantlr/CppCodeGenerator, genNextToken()V >"	57	43	42	java_type_ref("<Application,Lantlr/LexerGrammar>")
"< Application, Lantlr/StringLiteralElement, <init>(Lantlr/Grammar;Lantlr/Token;I)V >"	50	64	2	java_type_ref("<Application,Lantlr/LexerGrammar>")
"< Application, Lantlr/CSharpCodeGenerator, mapTreeId(Ljava/lang/String;Lantlr/ActionTransInfo;)Ljava/lang/String; >"	28	37	36	java_type_ref("<Application,Lantlr/AlternativeElement>")
"< Application, Lantlr/CppCodeGenerator, genBody(Lantlr/LexerGrammar;)V >"	278	383	382	java_type_ref("<Primordial,Ljava/lang/String>")
"< Application, Lantlr/JavaCodeGenerator, getValueString(I)Ljava/lang/String; >"	19	15	10	java_type_ref("<Application,Lantlr/StringLiteralSymbol>")
"< Application, Lantlr/CSharpCodeGenerator, genNextToken()V >"	286	354	353	java_type_ref("<Application,Lantlr/LexerGrammar>")
"< Application, Lantlr/CSharpCodeGenerator, mapTreeId(Ljava/lang/String;Lantlr/ActionTransInfo;)Ljava/lang/String; >"	45	47	46	java_type_ref("<Primordial,Ljava/lang/String>")
"< Application, Ldacapo/parser/Config, getArgs(Ljava/lang/String;)[Ljava/lang/String; >"	4	10	9	java_type_array(java_type_ref("<Primordial,Ljava/lang/String>"))
"< Application, Lantlr/collections/impl/BitSet, clone()Ljava/lang/Object; >"	1	8	4	java_type_ref("<Application,Lantlr/collections/impl/BitSet>")
"< Application, Lantlr/actions/java/ActionLexer, nextToken()Lantlr/Token; >"	38	44	37	java_type_ref("<Application,Lantlr/CharStreamIOException>")
"< Application, Lantlr/LLkAnalyzer, look(ILantlr/RuleRefElement;)Lantlr/Lookahead; >"	15	30	29	java_type_ref("<Application,Lantlr/RuleSymbol>")
"< Application, Lantlr/MakeGrammar, oneOrMoreSubRule()V >"	22	34	33	java_type_ref("<Application,Lantlr/BlockContext>")
"< Application, Lantlr/DocBookCodeGenerator, gen(Lantlr/RuleRefElement;)V >"	3	8	7	java_type_ref("<Application,Lantlr/RuleSymbol>")
"< Application, Lantlr/collections/impl/Vector, clone()Ljava/lang/Object; >"	1	10	5	java_type_ref("<Application,Lantlr/collections/impl/Vector>")
"< Application, Lantlr/MakeGrammar, refCharLiteral(Lantlr/Token;Lantlr/Token;ZIZ)V >"	13	14	13	java_type_ref("<Application,Lantlr/LexerGrammar>")
"< Application, Lantlr/CppCodeGenerator, genInitFactory(Lantlr/Grammar;)V >"	22	39	38	java_type_ref("<Primordial,Ljava/lang/String>")
"< Application, Lantlr/CSharpCodeGenerator, genBlockPreamble(Lantlr/AlternativeBlock;)V >"	22	21	15	java_type_ref("<Application,Lantlr/AlternativeBlock>")
"< Application, Ldacapo/TestHarness, invokeConfiguration(Ljava/lang/reflect/Method;Ljava/lang/String;)V >"	48	54	43	java_type_ref("<Primordial,Ljava/lang/String>")
"< Application, Lantlr/CSharpCodeGenerator, genBody(Lantlr/ParserGrammar;)V >"	108	161	160	java_type_ref("<Application,Lantlr/Token>")
"< Application, Lantlr/JavaCodeGenerator, gen(Lantlr/ParserGrammar;)V >"	135	197	196	java_type_ref("<Application,Lantlr/GrammarSymbol>")
"< Application, Ldacapo/Benchmark, sortArray([Ljava/lang/Comparable;)V >"	17	23	22	java_type_ref("<Primordial,Ljava/lang/Comparable>")
"< Application, Lantlr/SimpleTokenManager, getTokenStringAt(I)Ljava/lang/String; >"	2	7	6	java_type_ref("<Primordial,Ljava/lang/String>")
"< Application, Lantlr/CSharpCodeGenerator, genErrorTryForElement(Lantlr/AlternativeElement;)V >"	12	18	17	java_type_ref("<Application,Lantlr/RuleSymbol>")
"< Application, Lantlr/ANTLRLexer, nextToken()Lantlr/Token; >"	132	112	105	java_type_ref("<Application,Lantlr/CharStreamIOException>")
"< Application, Lantlr/CSharpCodeGenerator, genBody(Lantlr/ParserGrammar;)V >"	291	394	393	java_type_ref("<Application,Lantlr/GrammarSymbol>")
"< Application, Lantlr/debug/misc/ASTFrame$1, windowClosing(Ljava/awt/event/WindowEvent;)V >"	1	6	5	java_type_ref("<Primordial,Ljava/awt/Frame>")
"< Application, Lantlr/LLkAnalyzer, FOLLOW(ILantlr/RuleEndElement;)Lantlr/Lookahead; >"	1	6	5	java_type_ref("<Application,Lantlr/RuleBlock>")
"< Application, Lantlr/debug/misc/JTreeASTModel, getChild(Ljava/lang/Object;I)Ljava/lang/Object; >"	2	6	2	java_type_ref("<Application,Lantlr/collections/AST>")
"< Application, Lantlr/CppCodeGenerator, genNextToken()V >"	263	365	364	java_type_ref("<Application,Lantlr/LexerGrammar>")
"< Application, Lantlr/LLkAnalyzer, look(ILantlr/CharLiteralElement;)Lantlr/Lookahead; >"	22	41	40	java_type_ref("<Application,Lantlr/LexerGrammar>")
"< Application, Lantlr/JavaCodeGenerator, genBlockPreamble(Lantlr/AlternativeBlock;)V >"	99	123	15	java_type_ref("<Application,Lantlr/GrammarAtom>")
"< Application, Lantlr/JavaCodeGenerator, gen(Lantlr/TreeWalkerGrammar;)V >"	64	94	93	java_type_ref("<Application,Lantlr/Token>")
"< Application, Lantlr/JavaCodeGenerator, genBlockPreamble(Lantlr/AlternativeBlock;)V >"	26	24	15	java_type_ref("<Application,Lantlr/AlternativeBlock>")
"< Application, Lantlr/collections/impl/BitSet, and(Lantlr/collections/impl/BitSet;)Lantlr/collections/impl/BitSet; >"	1	6	5	java_type_ref("<Application,Lantlr/collections/impl/BitSet>")
"< Application, Lantlr/JavaCodeGenerator, gen(Lantlr/LexerGrammar;)V >"	293	421	420	java_type_ref("<Application,Lantlr/RuleSymbol>")
"< Application, Lantlr/CSharpCodeGenerator, gen(Lantlr/RuleRefElement;)V >"	13	24	23	java_type_ref("<Application,Lantlr/RuleSymbol>")
"< Application, Lantlr/debug/ParserEventSupport, fireDoneParsing()V >"	10	12	11	java_type_ref("<Primordial,Ljava/util/Hashtable>")
"< Application, Lantlr/CSharpCodeGenerator, genElementAST(Lantlr/AlternativeElement;)V >"	139	149	2	java_type_ref("<Application,Lantlr/GrammarAtom>")
"< Application, Lantlr/BaseAST, toStringList()Ljava/lang/String; >"	40	66	65	java_type_ref("<Application,Lantlr/BaseAST>")
"< Application, Lantlr/CppCodeGenerator, genBlockPreamble(Lantlr/AlternativeBlock;)V >"	104	128	15	java_type_ref("<Application,Lantlr/GrammarAtom>")
"< Application, Lantlr/CppCodeGenerator, genBody(Lantlr/ParserGrammar;)V >"	279	411	409	java_type_ref("<Application,Lantlr/RuleSymbol>")
"< Application, Lantlr/CSharpCodeGenerator, genTokenDefinitions(Lantlr/TokenManager;)V >"	12	26	25	java_type_ref("<Application,Lantlr/StringLiteralSymbol>")
"< Application, Lantlr/CppCodeGenerator, printHeaderAction(Ljava/lang/String;)V >"	3	8	7	java_type_ref("<Application,Lantlr/Token>")
"< Application, Lantlr/MakeGrammar, createNextTokenRule(Lantlr/Grammar;Lantlr/collections/impl/Vector;Ljava/lang/String;)Lantlr/RuleBlock; >"	37	54	53	java_type_ref("<Application,Lantlr/Alternative>")
"< Application, Lantlr/CSharpCodeGenerator, mapTreeVariable(Lantlr/AlternativeElement;Ljava/lang/String;)V >"	2	30	2	java_type_ref("<Application,Lantlr/TreeElement>")
"< Application, Lantlr/JavaCodeGenerator, mapTreeId(Ljava/lang/String;Lantlr/ActionTransInfo;)Ljava/lang/String; >"	28	37	36	java_type_ref("<Application,Lantlr/AlternativeElement>")
"< Application, Lantlr/BaseAST, xmlSerialize(Ljava/io/Writer;)V >"	10	13	12	java_type_ref("<Application,Lantlr/BaseAST>")
"< Application, Ldacapo/TestHarness, invokeConfiguration(Ljava/lang/reflect/Method;Ljava/lang/String;)V >"	87	77	43	java_type_ref("<Primordial,Ljava/lang/Double>")
"< Application, Lantlr/CppCodeGenerator, mapTreeVariable(Lantlr/AlternativeElement;Ljava/lang/String;)V >"	2	30	2	java_type_ref("<Application,Lantlr/TreeElement>")
"< Application, Lantlr/CppCodeGenerator, genElementAST(Lantlr/AlternativeElement;)V >"	186	235	2	java_type_ref("<Application,Lantlr/GrammarAtom>")
"< Application, Lantlr/BaseAST, doWorkForFindAll(Lantlr/collections/impl/Vector;Lantlr/collections/AST;Z)V >"	12	17	16	java_type_ref("<Application,Lantlr/BaseAST>")
"< Application, Lantlr/CppCodeGenerator, genBody(Lantlr/TreeWalkerGrammar;)V >"	110	155	154	java_type_ref("<Application,Lantlr/GrammarSymbol>")
"< Application, Lantlr/HTMLCodeGenerator, printSet(IILantlr/Lookahead;)V >"	39	51	50	java_type_ref("<Primordial,Ljava/lang/String>")
"< Application, Lantlr/debug/misc/JTreeASTModel, getChildCount(Ljava/lang/Object;)I >"	4	5	2	java_type_ref("<Application,Lantlr/collections/AST>")
"< Application, Lantlr/preprocessor/Grammar, toString()Ljava/lang/String; >"	62	85	84	java_type_ref("<Application,Lantlr/preprocessor/Rule>")
"< Application, Lantlr/MakeGrammar, endExceptionSpec()V >"	11	43	42	java_type_ref("<Application,Lantlr/RuleBlock>")
"< Application, Lantlr/CSharpCodeGenerator, genBody(Lantlr/ParserGrammar;)V >"	145	204	197	java_type_ref("<Application,Lantlr/RuleSymbol>")
"< Application, Lantlr/CSharpCodeGenerator, genBody(Lantlr/LexerGrammar;)V >"	98	146	145	java_type_ref("<Application,Lantlr/Token>")
"< Application, Lantlr/DefineGrammarSymbols, endOptions()V >"	184	88	87	java_type_ref("<Application,Lantlr/TokenManager>")
"< Application, Lantlr/JavaCodeGenerator, genTokenTypes(Lantlr/TokenManager;)V >"	38	65	64	java_type_ref("<Application,Lantlr/StringLiteralSymbol>")
"< Application, Lantlr/HTMLCodeGenerator, gen(Lantlr/TreeWalkerGrammar;)V >"	59	88	86	java_type_ref("<Application,Lantlr/RuleSymbol>")
"< Application, Lantlr/CSharpCodeGenerator, genBody(Lantlr/LexerGrammar;)V >"	281	394	393	java_type_ref("<Application,Lantlr/RuleSymbol>")
"< Application, Lantlr/CppCodeGenerator, mapTreeId(Ljava/lang/String;Lantlr/ActionTransInfo;)Ljava/lang/String; >"	45	48	47	java_type_ref("<Primordial,Ljava/lang/String>")
"< Application, Lantlr/CodeGenerator, genTokenInterchange(Lantlr/TokenManager;)V >"	42	71	70	java_type_ref("<Primordial,Ljava/lang/String>")
"< Application, Lantlr/CSharpCodeGenerator, genBody(Lantlr/TreeWalkerGrammar;)V >"	161	222	220	java_type_ref("<Application,Lantlr/RuleSymbol>")
"< Application, Lantlr/CSharpCodeGenerator, genBody(Lantlr/ParserGrammar;)V >"	294	396	394	java_type_ref("<Application,Lantlr/RuleSymbol>")
"< Application, Lantlr/HTMLCodeGenerator, gen(Lantlr/LexerGrammar;)V >"	54	83	82	java_type_ref("<Application,Lantlr/RuleSymbol>")
"< Application, Lantlr/debug/InputBufferEventSupport, fireEvents(ILjava/util/Vector;)V >"	16	14	13	java_type_ref("<Application,Lantlr/debug/ListenerBase>")
"< Application, Lantlr/LLkAnalyzer, altUsesWildcardDefault(Lantlr/Alternative;)Z >"	3	7	4	java_type_ref("<Application,Lantlr/TreeElement>")
"< Application, Lantlr/DocBookCodeGenerator, gen(Lantlr/LexerGrammar;)V >"	54	83	82	java_type_ref("<Application,Lantlr/RuleSymbol>")
"< Application, Lantlr/JavaCodeGenerator, GenRuleInvocation(Lantlr/RuleRefElement;)V >"	32	42	41	java_type_ref("<Application,Lantlr/RuleSymbol>")
"< Application, Lantlr/DiagnosticCodeGenerator, gen(Lantlr/LexerGrammar;)V >"	84	122	121	java_type_ref("<Application,Lantlr/GrammarSymbol>")
"< Application, Lantlr/JavaCodeGenerator, genNextToken()V >"	47	43	42	java_type_ref("<Application,Lantlr/LexerGrammar>")
"< Application, Lantlr/MakeGrammar, refRule(Lantlr/Token;Lantlr/Token;Lantlr/Token;Lantlr/Token;I)V >"	44	48	47	java_type_ref("<Application,Lantlr/RuleSymbol>")
"< Application, Lantlr/CppCodeGenerator, mapTreeVariable(Lantlr/AlternativeElement;Ljava/lang/String;)V >"	15	12	2	java_type_ref("<Application,Lantlr/RuleRefElement>")
"< Application, Lantlr/CSharpCodeGenerator, genBody(Lantlr/LexerGrammar;)V >"	232	328	326	java_type_ref("<Application,Lantlr/StringLiteralSymbol>")
"< Application, Lantlr/preprocessor/Tool, preprocess()Z >"	16	17	16	java_type_ref("<Primordial,Ljava/lang/String>")
"< Application, Lantlr/JavaCodeGenerator, mapTreeVariable(Lantlr/AlternativeElement;Ljava/lang/String;)V >"	10	14	2	java_type_ref("<Application,Lantlr/TokenRefElement>")
"< Application, Lantlr/MakeGrammar, setUserExceptions(Ljava/lang/String;)V >"	2	7	6	java_type_ref("<Application,Lantlr/RuleBlock>")
"< Application, Lantlr/MakeGrammar, context()Lantlr/BlockContext; >"	6	10	9	java_type_ref("<Application,Lantlr/BlockContext>")
"< Application, Ldacapo/TeePrintStream, version()V >"	1	4	3	java_type_ref("<Application,Ldacapo/TeeOutputStream>")
"< Application, Lantlr/RuleBlock, findExceptionSpec(Lantlr/Token;)Lantlr/ExceptionSpec; >"	6	12	11	java_type_ref("<Application,Lantlr/ExceptionSpec>")
"< Application, Lantlr/ANTLRTokdefLexer, nextToken()Lantlr/Token; >"	68	67	60	java_type_ref("<Application,Lantlr/CharStreamIOException>")
"< Application, Lantlr/LLkAnalyzer, look(ILjava/lang/String;)Lantlr/Lookahead; >"	56	104	103	java_type_ref("<Application,Lantlr/Lookahead>")
"< Application, Lantlr/CppCodeGenerator, genInclude(Lantlr/TreeWalkerGrammar;)V >"	125	188	187	java_type_ref("<Application,Lantlr/Token>")
"< Application, Lantlr/CppCodeGenerator, genBody(Lantlr/TreeWalkerGrammar;)V >"	113	157	155	java_type_ref("<Application,Lantlr/RuleSymbol>")
"< Application, Lantlr/CppCodeGenerator, genInclude(Lantlr/ParserGrammar;)V >"	308	437	436	java_type_ref("<Application,Lantlr/GrammarSymbol>")
"< Application, Lantlr/SimpleTokenManager, getTokenSymbol(Ljava/lang/String;)Lantlr/TokenSymbol; >"	2	7	6	java_type_ref("<Application,Lantlr/TokenSymbol>")
"< Application, Lantlr/JavaCodeGenerator, gen(Lantlr/LexerGrammar;)V >"	79	119	118	java_type_ref("<Application,Lantlr/Token>")
"< Application, Lantlr/CSharpCodeGenerator, genNextToken()V >"	8	12	11	java_type_ref("<Application,Lantlr/RuleSymbol>")
"< Application, Lantlr/Lookahead, combineWith(Lantlr/Lookahead;)V >"	19	16	15	java_type_ref("<Application,Lantlr/collections/impl/BitSet>")
"< Application, Lantlr/CppCodeGenerator, genASTDeclaration(Lantlr/AlternativeElement;Ljava/lang/String;Ljava/lang/String;)V >"	7	12	2	java_type_ref("<Application,Lantlr/GrammarAtom>")
"< Application, Lantlr/CppCodeGenerator, gen()V >"	6	12	11	java_type_ref("<Application,Lantlr/Grammar>")
"< Application, Lantlr/HTMLCodeGenerator, gen(Lantlr/TreeWalkerGrammar;)V >"	56	86	85	java_type_ref("<Application,Lantlr/GrammarSymbol>")
"< Application, Lantlr/DefineGrammarSymbols, endOptions()V >"	76	191	190	java_type_ref("<Application,Lantlr/TokenManager>")
"< Application, Lantlr/JavaCodeGenerator, genBlockPreamble(Lantlr/AlternativeBlock;)V >"	2	6	2	java_type_ref("<Application,Lantlr/RuleBlock>")
"< Application, Lantlr/MakeGrammar, endTree()V >"	3	7	6	java_type_ref("<Application,Lantlr/BlockContext>")
"< Application, Lantlr/CSharpCodeGenerator, genErrorHandler(Lantlr/ExceptionSpec;)V >"	6	11	10	java_type_ref("<Application,Lantlr/ExceptionHandler>")
"< Application, Lantlr/DocBookCodeGenerator, gen(Lantlr/TreeWalkerGrammar;)V >"	56	86	85	java_type_ref("<Application,Lantlr/GrammarSymbol>")
"< Application, Lantlr/JavaCodeGenerator, genErrorTryForElement(Lantlr/AlternativeElement;)V >"	12	18	17	java_type_ref("<Application,Lantlr/RuleSymbol>")
"< Application, Lantlr/CppCodeGenerator, genBitsetsHeader(Lantlr/collections/impl/Vector;I)V >"	5	12	11	java_type_ref("<Application,Lantlr/collections/impl/BitSet>")
"< Application, Lantlr/DocBookCodeGenerator, printSet(IILantlr/Lookahead;)V >"	39	51	50	java_type_ref("<Primordial,Ljava/lang/String>")
"< Application, Lantlr/HTMLCodeGenerator, gen(Lantlr/ParserGrammar;)V >"	51	81	80	java_type_ref("<Application,Lantlr/GrammarSymbol>")
"< Application, Lantlr/CSharpCodeGenerator, genBody(Lantlr/LexerGrammar;)V >"	265	371	364	java_type_ref("<Application,Lantlr/RuleSymbol>")
"< Application, Lantlr/ASTFactory, create(Ljava/lang/Class;)Lantlr/collections/AST; >"	1	7	6	java_type_ref("<Application,Lantlr/collections/AST>")
"< Application, Lantlr/debug/ParserEventSupport, fireEvent(ILantlr/debug/ListenerBase;)V >"	5	60	3	java_type_ref("<Application,Lantlr/debug/ParserTokenListener>")
"< Application, Lantlr/JavaCodeGenerator, genBlockPreamble(Lantlr/AlternativeBlock;)V >"	22	21	15	java_type_ref("<Application,Lantlr/AlternativeBlock>")
"< Application, Lantlr/Grammar, getSymbol(Ljava/lang/String;)Lantlr/GrammarSymbol; >"	2	7	6	java_type_ref("<Application,Lantlr/GrammarSymbol>")
"< Application, Lantlr/DefineGrammarSymbols, endOptions()V >"	186	91	90	java_type_ref("<Application,Lantlr/TokenManager>")
"< Application, Ldacapo/Benchmark, postIterationCleanup(Ljava/lang/String;)V >"	6	14	13	java_type_ref("<Primordial,Ljava/lang/String>")
"< Application, Lantlr/JavaCodeGenerator, genBlockPreamble(Lantlr/AlternativeBlock;)V >"	11	15	14	java_type_ref("<Application,Lantlr/AlternativeElement>")
"< Application, Lantlr/CSharpCodeGenerator, genBlockPreamble(Lantlr/AlternativeBlock;)V >"	11	15	14	java_type_ref("<Application,Lantlr/AlternativeElement>")
"< Application, Lantlr/JavaCodeGenerator, genTokenTypes(Lantlr/TokenManager;)V >"	33	55	54	java_type_ref("<Primordial,Ljava/lang/String>")
"< Application, Lantlr/MakeGrammar, refCharRange(Lantlr/Token;Lantlr/Token;Lantlr/Token;IZ)V >"	23	20	19	java_type_ref("<Application,Lantlr/LexerGrammar>")
"< Application, Lantlr/BaseAST, addChild(Lantlr/collections/AST;)V >"	12	6	2	java_type_ref("<Application,Lantlr/BaseAST>")
"< Application, Lantlr/DefineGrammarSymbols, setCharVocabulary(Lantlr/collections/impl/BitSet;)V >"	1	5	4	java_type_ref("<Application,Lantlr/LexerGrammar>")
"< Application, Lantlr/AlternativeBlock, getAlternativeAt(I)Lantlr/Alternative; >"	2	7	6	java_type_ref("<Application,Lantlr/Alternative>")
"< Application, Lantlr/CSharpCodeGenerator, genBody(Lantlr/ParserGrammar;)V >"	80	119	118	java_type_ref("<Application,Lantlr/Token>")
"< Application, Ldacapo/parser/Config, getArgs(Ljava/lang/String;)[Ljava/lang/String; >"	3	9	8	java_type_array(java_type_ref("<Primordial,Ljava/lang/String>"))
"< Application, Lantlr/JavaCodeGenerator, genNextToken()V >"	136	155	154	java_type_ref("<Application,Lantlr/RuleRefElement>")
"< Application, Lantlr/CSharpCodeGenerator, genAlt(Lantlr/Alternative;Lantlr/AlternativeBlock;)V >"	38	47	3	java_type_ref("<Application,Lantlr/RuleBlock>")
"< Application, Lantlr/preprocessor/Hierarchy, getFile(Ljava/lang/String;)Lantlr/preprocessor/GrammarFile; >"	2	7	6	java_type_ref("<Application,Lantlr/preprocessor/GrammarFile>")
