"< Application, Lantlr/CppCodeGenerator, gen(Lantlr/CharRangeElement;)V >"	22
"< Application, Lantlr/JavaCodeGenerator, genAlt(Lantlr/Alternative;Lantlr/AlternativeBlock;)V >"	27
"< Application, Lantlr/CppCodeGenerator, genErrorHandler(Lantlr/ExceptionSpec;)V >"	0
"< Application, Ldacapo/parser/ConfigFileTokenManager, getNextToken()Ldacapo/parser/Token; >"	17
"< Application, Lantlr/Tool, parseSeparatedList(Ljava/lang/String;C)Lantlr/collections/impl/Vector; >"	7
"< Application, Lantlr/actions/csharp/ActionLexer, mAST_CONSTRUCTOR(Z)V >"	164
"< Application, Lantlr/actions/csharp/ActionLexer, mk_tokenSet_1()[J >"	2
"< Application, Lantlr/AlternativeBlock, toString()Ljava/lang/String; >"	30
"< Application, Lantlr/LLkParser, trace(Ljava/lang/String;Ljava/lang/String;)V >"	10
"< Application, Lantlr/collections/impl/BitSet, getRanges([I)Lantlr/collections/impl/Vector; >"	12
"< Application, Lantlr/JavaCodeGenerator, gen(Lantlr/ParserGrammar;)V >"	276
"< Application, Lantlr/LLkAnalyzer, look(ILantlr/AlternativeBlock;)Lantlr/Lookahead; >"	67
"< Application, Lantlr/debug/LLkDebuggingParser, setDebugMode(Z)V >"	2
"< Application, Lantlr/HTMLCodeGenerator, genLookaheadSetForBlock(Lantlr/AlternativeBlock;)V >"	16
"< Application, Lantlr/actions/java/ActionLexer, mAST_CONSTRUCTOR(Z)V >"	207
"< Application, Lantlr/actions/csharp/ActionLexer, mAST_CONSTRUCTOR(Z)V >"	181
"< Application, Lantlr/RuleBlock, toString()Ljava/lang/String; >"	37
"< Application, Lantlr/LLkAnalyzer, look(ILantlr/AlternativeBlock;)Lantlr/Lookahead; >"	16
"< Application, Lantlr/CodeGenerator, extractIdOfAction(Ljava/lang/String;II)Ljava/lang/String; >"	3
"< Application, Lantlr/JavaCodeGenerator, genElementAST(Lantlr/AlternativeElement;)V >"	49
"< Application, Lantlr/CppCodeGenerator, gen(Lantlr/OneOrMoreBlock;)V >"	78
"< Application, Lantlr/CSharpCodeGenerator, getASTCreateString(Ljava/lang/String;)Ljava/lang/String; >"	1
"< Application, Ldacapo/parser/ConfigFileTokenManager, jjMoveNfa_0(II)I >"	76
"< Application, Ldacapo/parser/ConfigFile, sizeSpec(Ldacapo/parser/Config;)V >"	9
"< Application, Lantlr/actions/cpp/ActionLexer, mTEXT_ARG(Z)V >"	69
"< Application, Lantlr/actions/csharp/ActionLexer, mID(Z)V >"	50
"< Application, Lantlr/CSharpCodeGenerator, gen(Lantlr/CharLiteralElement;)V >"	28
"< Application, Lantlr/LLkAnalyzer, getAltLookahead(Lantlr/AlternativeBlock;II)Lantlr/Lookahead; >"	11
"< Application, Lantlr/CppCodeGenerator, genBlockPreamble(Lantlr/AlternativeBlock;)V >"	5
"< Application, Ldacapo/parser/TokenMgrError, addEscapes(Ljava/lang/String;)Ljava/lang/String; >"	2
"< Application, Lantlr/preprocessor/Tool, main([Ljava/lang/String;)V >"	6
"< Application, Ldacapo/FileDigest, replaceAllFixed(Ljava/lang/String;Ljava/lang/String;Ljava/lang/String;)Ljava/lang/String; >"	0
"< Application, Lantlr/debug/DebuggingCharScanner, isDebugMode()Z >"	3
"< Application, Ldacapo/parser/ConfigFile, generateParseException()Ldacapo/parser/ParseException; >"	36
"< Application, Lantlr/CppCodeGenerator, genNextToken()V >"	0
"< Application, Lantlr/CSharpCodeGenerator, genElementAST(Lantlr/AlternativeElement;)V >"	71
"< Application, Lantlr/CSharpCodeGenerator, genBody(Lantlr/LexerGrammar;)V >"	59
"< Application, Lantlr/JavaCodeGenerator, genCommonBlock(Lantlr/AlternativeBlock;Z)Lantlr/JavaBlockFinishingInfo; >"	215
"< Application, Lantlr/CSharpCodeGenerator, genCommonBlock(Lantlr/AlternativeBlock;Z)Lantlr/CSharpBlockFinishingInfo; >"	111
"< Application, Ldacapo/antlr/AntlrHarness, iterate(Ljava/lang/String;)V >"	48
"< Application, Lantlr/InputBuffer, isMarked()Z >"	3
"< Application, Lantlr/JavaCodeGenerator, genElementAST(Lantlr/AlternativeElement;)V >"	44
"< Application, Lantlr/CSharpCodeGenerator, genCommonBlock(Lantlr/AlternativeBlock;Z)Lantlr/CSharpBlockFinishingInfo; >"	226
"< Application, Ldacapo/TestHarness, coeff_of_var([J)D >"	2
"< Application, Ldacapo/Benchmark, validate(Ljava/lang/String;)Z >"	42
"< Application, Lantlr/JavaCodeGenerator, genTokenASTNodeMap()V >"	8
"< Application, Lantlr/CSharpCodeGenerator, genCases(Lantlr/collections/impl/BitSet;)V >"	15
"< Application, Lantlr/ANTLRTokdefLexer, mESC(Z)V >"	113
"< Application, Lantlr/ANTLRLexer, mINT(Z)V >"	2
"< Application, Lantlr/CppCodeGenerator, genAlt(Lantlr/Alternative;Lantlr/AlternativeBlock;)V >"	14
"< Application, Lantlr/CSharpCodeGenerator, genElementAST(Lantlr/AlternativeElement;)V >"	55
"< Application, Lantlr/BaseAST, toStringTree()Ljava/lang/String; >"	25
"< Application, Lantlr/collections/impl/BitSet, getRanges([I)Lantlr/collections/impl/Vector; >"	31
"< Application, Ldacapo/TestHarness, exists(Ljava/lang/String;)Z >"	19
"< Application, Lantlr/actions/java/ActionLexer, mWS(Z)V >"	2
"< Application, LMyCallback, complete(Ljava/lang/String;Z)V >"	7
"< Application, Ldacapo/LatexDescriptions, print([Ljava/lang/String;Ljava/io/PrintStream;)V >"	2
"< Application, Lantlr/HTMLCodeGenerator, genLookaheadSetForAlt(Lantlr/Alternative;)V >"	13
"< Application, Lantlr/CppCodeGenerator, gen(Lantlr/StringLiteralElement;)V >"	31
"< Application, Lantlr/ANTLRParser, classDef()V >"	88
"< Application, Lantlr/actions/cpp/ActionLexer, mCOMMENT(Z)V >"	33
"< Application, Lantlr/DiagnosticCodeGenerator, genCommonBlock(Lantlr/AlternativeBlock;)V >"	4
"< Application, Lantlr/preprocessor/Rule, sameSignature(Lantlr/preprocessor/Rule;)Z >"	14
"< Application, Lantlr/LLkAnalyzer, deterministic(Lantlr/AlternativeBlock;)Z >"	39
"< Application, Lantlr/CppCharFormatter, escapeString(Ljava/lang/String;)Ljava/lang/String; >"	2
"< Application, Lantlr/preprocessor/PreprocessorLexer, mk_tokenSet_2()[J >"	2
"< Application, Lantlr/CSharpCodeGenerator, genBitSet(Lantlr/collections/impl/BitSet;I)V >"	55
"< Application, Lantlr/CSharpCodeGenerator, gen(Lantlr/OneOrMoreBlock;)V >"	45
"< Application, Lantlr/actions/java/ActionLexer, mACTION(Z)V >"	38
"< Application, Lantlr/CppCodeGenerator, genCommonBlock(Lantlr/AlternativeBlock;Z)Lantlr/CppBlockFinishingInfo; >"	146
"< Application, Ldacapo/TestHarness, runBenchmark(Ljava/io/File;Ljava/lang/String;Ldacapo/TestHarness;)V >"	33
"< Application, Lantlr/Tool, reportException(Ljava/lang/Exception;Ljava/lang/String;)V >"	11
"< Application, Lantlr/CppCodeGenerator, mangleLiteral(Ljava/lang/String;)Ljava/lang/String; >"	24
"< Application, Lantlr/CSharpCodeGenerator, genAlt(Lantlr/Alternative;Lantlr/AlternativeBlock;)V >"	14
"< Application, Lantlr/StringLiteralElement, <init>(Lantlr/Grammar;Lantlr/Token;I)V >"	28
"< Application, Lantlr/CppCodeGenerator, genCommonBlock(Lantlr/AlternativeBlock;Z)Lantlr/CppBlockFinishingInfo; >"	66
"< Application, Lantlr/CSharpCodeGenerator, genBody(Lantlr/TreeWalkerGrammar;)V >"	171
"< Application, Lantlr/actions/cpp/ActionLexer, mTEXT_ITEM(Z)V >"	182
"< Application, Lantlr/actions/java/ActionLexer, mSTRING(Z)V >"	26
"< Application, Lantlr/JavaCodeGenerator, genNextToken()V >"	0
"< Application, Lantlr/actions/cpp/ActionLexer, mTEXT_ITEM(Z)V >"	187
"< Application, Lantlr/CSharpCodeGenerator, genBody(Lantlr/TreeWalkerGrammar;)V >"	154
"< Application, Lantlr/MismatchedTokenException, <init>([Ljava/lang/String;Lantlr/collections/AST;IZ)V >"	11
"< Application, Lantlr/CSharpCodeGenerator, genBody(Lantlr/LexerGrammar;)V >"	277
"< Application, Lantlr/debug/misc/ASTFrame$MyTreeSelectionListener, valueChanged(Ljavax/swing/event/TreeSelectionEvent;)V >"	10
"< Application, Lantlr/build/Tool, system(Ljava/lang/String;)V >"	12
"< Application, Lantlr/actions/cpp/ActionLexer, mARG(Z)V >"	96
"< Application, Lantlr/actions/cpp/ActionLexer, mACTION(Z)V >"	38
"< Application, Lantlr/actions/csharp/ActionLexer, mTEXT_ITEM(Z)V >"	99
"< Application, Lantlr/CppCodeGenerator, lookaheadIsEmpty(Lantlr/Alternative;I)Z >"	4
"< Application, Ldacapo/TestHarness, invokeConfiguration(Ljava/lang/reflect/Method;Ljava/lang/String;)V >"	115
"< Application, Lantlr/AlternativeBlock, toString()Ljava/lang/String; >"	68
"< Application, Lantlr/actions/csharp/ActionLexer, mID_ELEMENT(Z)Z >"	255
"< Application, Lantlr/debug/TraceEvent, toString()Ljava/lang/String; >"	7
"< Application, Lantlr/JavaCodeGenerator, lookaheadIsEmpty(Lantlr/Alternative;I)Z >"	4
"< Application, Lantlr/BaseAST, decode(Ljava/lang/String;)Ljava/lang/String; >"	55
"< Application, Lantlr/ASTFactory, make([Lantlr/collections/AST;)Lantlr/collections/AST; >"	29
"< Application, Ldacapo/parser/ConfigFileTokenManager, jjMoveNfa_0(II)I >"	210
"< Application, Lantlr/actions/java/ActionLexer, mk_tokenSet_7()[J >"	3
"< Application, Lantlr/CSharpCodeGenerator, genMatchUsingAtomTokenType(Lantlr/GrammarAtom;)V >"	6
"< Application, Lantlr/CppCodeGenerator, processActionForSpecialSymbols(Ljava/lang/String;ILantlr/RuleBlock;Lantlr/ActionTransInfo;)Ljava/lang/String; >"	56
"< Application, Ldacapo/TestHarness, runBenchmark(Ljava/io/File;Ljava/lang/String;Ldacapo/TestHarness;)V >"	92
"< Application, Lantlr/preprocessor/PreprocessorLexer, mASSIGN_RHS(Z)V >"	59
"< Application, Lantlr/AlternativeBlock, toString()Ljava/lang/String; >"	59
"< Application, Lantlr/collections/impl/BitSet, notInPlace(II)V >"	1
"< Application, Lantlr/LLkAnalyzer, removeCompetingPredictionSets(Lantlr/collections/impl/BitSet;Lantlr/AlternativeElement;)V >"	13
"< Application, Lantlr/ANTLRTokdefLexer, mSL_COMMENT(Z)V >"	39
"< Application, Ldacapo/Benchmark, preIteration(Ljava/lang/String;)V >"	6
"< Application, Lantlr/StringUtils, stripBack(Ljava/lang/String;Ljava/lang/String;)Ljava/lang/String; >"	1
"< Application, Lantlr/ANTLRTokdefLexer, mk_tokenSet_1()[J >"	2
"< Application, Lantlr/debug/LLkDebuggingParser, setupDebugging(Lantlr/TokenStream;Lantlr/TokenBuffer;)V >"	15
"< Application, Lantlr/actions/cpp/ActionLexer, mAST_CTOR_ELEMENT(Z)V >"	45
"< Application, Lantlr/LLkAnalyzer, deterministic(Lantlr/AlternativeBlock;)Z >"	50
"< Application, Lantlr/JavaCodeGenerator, gen(Lantlr/TreeWalkerGrammar;)V >"	53
"< Application, Lantlr/JavaCodeGenerator, gen(Lantlr/TreeElement;)V >"	67
"< Application, Lantlr/DocBookCodeGenerator, printSet(IILantlr/Lookahead;)V >"	26
"< Application, Lantlr/DocBookCodeGenerator, genCommonBlock(Lantlr/AlternativeBlock;)V >"	4
"< Application, Lantlr/ANTLRLexer, mSEMI(Z)V >"	15
"< Application, Lantlr/actions/cpp/ActionLexer, mINT_OR_FLOAT(Z)V >"	2
"< Application, Lantlr/actions/cpp/ActionLexer, mAST_ITEM(Z)V >"	162
"< Application, Lantlr/CSharpCodeGenerator, lookaheadIsEmpty(Lantlr/Alternative;I)Z >"	5
"< Application, Lantlr/CSharpCodeGenerator, genTokenStrings()V >"	34
"< Application, Lantlr/actions/java/ActionLexer, mARG(Z)V >"	108
"< Application, Lantlr/JavaCharFormatter, escapeChar(IZ)Ljava/lang/String; >"	11
"< Application, Lantlr/debug/LLkDebuggingParser, isDebugMode()Z >"	3
"< Application, Ldacapo/parser/ConfigFileTokenManager, jjMoveNfa_1(II)I >"	43
"< Application, Lantlr/JavaCodeGenerator, genTokenTypes(Lantlr/TokenManager;)V >"	29
"< Application, Lantlr/ANTLRParser, throwsSpec()V >"	6
"< Application, Lantlr/JavaCodeGenerator, getASTCreateString(Ljava/lang/String;)Ljava/lang/String; >"	8
"< Application, Ldacapo/TestHarness, runBenchmark(Ljava/io/File;Ljava/lang/String;Ldacapo/TestHarness;)V >"	73
"< Application, Lantlr/JavaCodeGenerator, getLookaheadTestExpression(Lantlr/Alternative;I)Ljava/lang/String; >"	4
"< Application, Ldacapo/parser/ConfigFile, configFile()Ldacapo/parser/Config; >"	24
"< Application, Lantlr/StringUtils, stripBack(Ljava/lang/String;C)Ljava/lang/String; >"	0
"< Application, Lantlr/CppCodeGenerator, genMatchUsingAtomTokenType(Lantlr/GrammarAtom;)V >"	27
"< Application, Lantlr/JavaCodeGenerator, genNextToken()V >"	53
"< Application, Lantlr/CSharpCodeGenerator, genCommonBlock(Lantlr/AlternativeBlock;Z)Lantlr/CSharpBlockFinishingInfo; >"	178
"< Application, Lantlr/actions/cpp/ActionLexer, mINT(Z)V >"	32
"< Application, Ldacapo/parser/ConfigFileTokenManager, jjMoveNfa_1(II)I >"	3
"< Application, Lantlr/LLkAnalyzer, deterministicImpliedPath(Lantlr/BlockWithImpliedExitPath;)Z >"	87
"< Application, Lantlr/ANTLRHashString, length()I >"	6
"< Application, Lantlr/preprocessor/Preprocessor, throwsSpec()Ljava/lang/String; >"	30
"< Application, Lantlr/ParserGrammar, processArguments([Ljava/lang/String;)V >"	0
"< Application, Lantlr/actions/cpp/ActionLexer, mSTUFF(Z)V >"	78
"< Application, Lantlr/JavaCodeGenerator, genCases(Lantlr/collections/impl/BitSet;)V >"	15
"< Application, Lantlr/debug/InputBufferEventSupport, refresh(Ljava/util/Vector;)V >"	9
"< Application, Lantlr/CSharpCodeGenerator, genBody(Lantlr/TreeWalkerGrammar;)V >"	63
"< Application, Lantlr/actions/cpp/ActionLexer, mk_tokenSet_14()[J >"	2
"< Application, Lantlr/Lookahead, toString()Ljava/lang/String; >"	24
"< Application, Lantlr/TokenStreamHiddenTokenFilter, consumeFirst()V >"	30
"< Application, Lantlr/CppCodeGenerator, gen(Lantlr/CharLiteralElement;)V >"	28
"< Application, Lantlr/CppCodeGenerator, genCommonBlock(Lantlr/AlternativeBlock;Z)Lantlr/CppBlockFinishingInfo; >"	196
"< Application, Lantlr/CSharpCodeGenerator, lookaheadIsEmpty(Lantlr/Alternative;I)Z >"	4
"< Application, Lantlr/CSharpCodeGenerator, genErrorTryForElement(Lantlr/AlternativeElement;)V >"	9
"< Application, Lantlr/MismatchedTokenException, getMessage()Ljava/lang/String; >"	74
"< Application, Ldacapo/parser/ConfigFileTokenManager, jjMoveNfa_0(II)I >"	244
"< Application, Lantlr/preprocessor/Preprocessor, rule(Lantlr/preprocessor/Grammar;)V >"	74
"< Application, Ldacapo/parser/ConfigFileTokenManager, jjMoveNfa_0(II)I >"	165
"< Application, Lantlr/collections/impl/BitSet, toArray()[I >"	2
"< Application, Lantlr/CppCodeGenerator, genElementAST(Lantlr/AlternativeElement;)V >"	55
"< Application, Lantlr/preprocessor/PreprocessorLexer, mWS(Z)V >"	2
"< Application, Ldacapo/parser/ConfigFile, outputClause(Ldacapo/parser/Config;Ljava/lang/String;Ljava/lang/String;)V >"	22
"< Application, Lantlr/MakeGrammar, abortGrammar()V >"	4
"< Application, Lantlr/JavaCodeGenerator, genCommonBlock(Lantlr/AlternativeBlock;Z)Lantlr/JavaBlockFinishingInfo; >"	320
"< Application, Lantlr/CppCodeGenerator, genCommonBlock(Lantlr/AlternativeBlock;Z)Lantlr/CppBlockFinishingInfo; >"	195
"< Application, Lantlr/ANTLRLexer, mIMPLIES(Z)V >"	15
"< Application, Lantlr/JavaCodeGenerator, gen(Lantlr/OneOrMoreBlock;)V >"	84
"< Application, Lantlr/CppCodeGenerator, genInclude(Lantlr/ParserGrammar;)V >"	316
"< Application, Lantlr/CppCodeGenerator, genInclude(Lantlr/ParserGrammar;)V >"	88
"< Application, Lantlr/TokenQueue, expand()V >"	4
"< Application, Lantlr/CSharpCodeGenerator, getLookaheadTestExpression([Lantlr/Lookahead;I)Ljava/lang/String; >"	3
"< Application, Lantlr/actions/java/ActionLexer, mINT_OR_FLOAT(Z)V >"	77
"< Application, Lantlr/CppCodeGenerator, genTokenStrings(Ljava/lang/String;)V >"	13
"< Application, Lantlr/collections/impl/BitSet, toStringOfHalfWords()Ljava/lang/String; >"	12
"< Application, Lantlr/preprocessor/Preprocessor, throwsSpec()Ljava/lang/String; >"	9
"< Application, Ldacapo/parser/ConfigFileTokenManager, jjMoveNfa_1(II)I >"	22
"< Application, Ldacapo/parser/ConfigFile, sizeClause(Ldacapo/parser/Config;Ljava/lang/String;)V >"	24
"< Application, Lantlr/collections/impl/Vector, ensureCapacity(I)V >"	11
"< Application, Lantlr/CppCodeGenerator, genMatchUsingAtomText(Lantlr/GrammarAtom;)V >"	26
"< Application, Lantlr/CppCodeGenerator, genBody(Lantlr/ParserGrammar;)V >"	284
"< Application, Lantlr/JavaCodeGenerator, genTokenASTNodeMap()V >"	23
"< Application, Lantlr/CSharpCodeGenerator, genBitSet(Lantlr/collections/impl/BitSet;I)V >"	31
"< Application, Lantlr/Tool, getGrammarReader()Ljava/io/Reader; >"	7
"< Application, Ldacapo/parser/ConfigFileTokenManager, jjMoveNfa_0(II)I >"	175
"< Application, LMyCallback, completeWarmup(Ljava/lang/String;Z)V >"	7
"< Application, Lantlr/ANTLRParser, terminal(Lantlr/Token;)V >"	42
"< Application, Lantlr/CSharpCodeGenerator, genCases(Lantlr/collections/impl/BitSet;)V >"	36
"< Application, Lantlr/PreservingFileWriter, close()V >"	27
"< Application, Lantlr/CSharpCodeGenerator, mapTreeId(Ljava/lang/String;Lantlr/ActionTransInfo;)Ljava/lang/String; >"	19
"< Application, Lantlr/preprocessor/Rule, toString()Ljava/lang/String; >"	9
"< Application, Lantlr/MismatchedTokenException, <init>([Ljava/lang/String;Lantlr/collections/AST;IIZ)V >"	11
"< Application, Lantlr/BaseAST, equalsListPartial(Lantlr/collections/AST;)Z >"	2
"< Application, Lantlr/CSharpCodeGenerator, genTokenStrings()V >"	21
"< Application, Ldacapo/parser/ConfigFile, outputClause(Ldacapo/parser/Config;Ljava/lang/String;Ljava/lang/String;)V >"	5
"< Application, Ldacapo/Matcher, flush()V >"	0
"< Application, Lantlr/CppCodeGenerator, genAlt(Lantlr/Alternative;Lantlr/AlternativeBlock;)V >"	6
"< Application, Lantlr/CharScanner, testLiteralsTable(Ljava/lang/String;I)I >"	7
"< Application, Lantlr/actions/csharp/ActionLexer, mTEXT_ARG_ID_ELEMENT(Z)V >"	202
"< Application, Lantlr/LLkAnalyzer, FOLLOW(ILantlr/RuleEndElement;)Lantlr/Lookahead; >"	98
"< Application, Lantlr/HTMLCodeGenerator, printSet(IILantlr/Lookahead;)V >"	26
"< Application, Ldacapo/parser/ConfigFileTokenManager, jjAddStates(II)V >"	0
"< Application, Ldacapo/parser/ConfigFileTokenManager, getNextToken()Ldacapo/parser/Token; >"	62
"< Application, Lantlr/actions/cpp/ActionLexer, mID(Z)V >"	54
"< Application, Lantlr/JavaCodeGenerator, genNextToken()V >"	126
"< Application, Lantlr/CodeGenerator, extractTypeOfAction(Ljava/lang/String;II)Ljava/lang/String; >"	3
"< Application, Lantlr/CppCodeGenerator, genBody(Lantlr/ParserGrammar;)V >"	294
"< Application, Lantlr/actions/java/ActionLexer, mCHAR(Z)V >"	33
"< Application, Lantlr/collections/impl/BitSet, degree()I >"	9
"< Application, Lantlr/collections/impl/BitSet, toStringOfWords()Ljava/lang/String; >"	2
"< Application, Ldacapo/antlr/AntlrHarness, iterate(Ljava/lang/String;)V >"	9
"< Application, Lantlr/PreservingFileWriter, close()V >"	35
"< Application, Lantlr/ANTLRParser, elementNoOptionSpec()V >"	111
"< Application, Lantlr/actions/cpp/ActionLexer, mTEXT_ARG(Z)V >"	14
"< Application, Lantlr/CppCodeGenerator, countLines(Ljava/lang/String;)I >"	0
"< Application, Lantlr/DumpASTVisitor, visit(Lantlr/collections/AST;)V >"	0
"< Application, Lantlr/CSharpCodeGenerator, genBody(Lantlr/ParserGrammar;)V >"	70
"< Application, Lantlr/ASTFactory, createUsingCtor(Lantlr/Token;Ljava/lang/String;)Lantlr/collections/AST; >"	18
"< Application, Lantlr/MismatchedTokenException, <init>([Ljava/lang/String;Lantlr/collections/AST;Lantlr/collections/impl/BitSet;Z)V >"	11
"< Application, Lantlr/LLkAnalyzer, look(ILantlr/RuleRefElement;)Lantlr/Lookahead; >"	87
"< Application, Lantlr/ANTLRStringBuffer, append(C)V >"	6
"< Application, Lantlr/BaseAST, encode(Ljava/lang/String;)Ljava/lang/String; >"	2
"< Application, Lantlr/preprocessor/PreprocessorLexer, mCHAR_LITERAL(Z)V >"	33
"< Application, Lantlr/actions/java/ActionLexer, mINT(Z)V >"	2
"< Application, Lantlr/preprocessor/PreprocessorLexer, mRULE_BLOCK(Z)V >"	105
"< Application, Lantlr/StringUtils, stripBack(Ljava/lang/String;Ljava/lang/String;)Ljava/lang/String; >"	5
"< Application, Lantlr/MismatchedCharException, getMessage()Ljava/lang/String; >"	36
"< Application, Ldacapo/parser/ConfigFileTokenManager, jjMoveNfa_0(II)I >"	3
"< Application, Lantlr/JavaCodeGenerator, gen(Lantlr/OneOrMoreBlock;)V >"	27
"< Application, Lantlr/DocBookCodeGenerator, genLookaheadSetForBlock(Lantlr/AlternativeBlock;)V >"	17
"< Application, Lantlr/ANTLRLexer, mDIGIT(Z)V >"	15
"< Application, Ldacapo/parser/ConfigFileTokenManager, jjMoveNfa_0(II)I >"	219
"< Application, Lantlr/CppCodeGenerator, genElementAST(Lantlr/AlternativeElement;)V >"	44
"< Application, Lantlr/CppCodeGenerator, genAlt(Lantlr/Alternative;Lantlr/AlternativeBlock;)V >"	27
"< Application, Lantlr/CppCodeGenerator, genErrorCatchForElement(Lantlr/AlternativeElement;)V >"	9
"< Application, Lantlr/preprocessor/PreprocessorLexer, mALT(Z)V >"	24
"< Application, Lantlr/LLkAnalyzer, lookaheadEquivForApproxAndFullAnalysis([Lantlr/Lookahead;I)Z >"	0
"< Application, Lantlr/StringUtils, stripFront(Ljava/lang/String;Ljava/lang/String;)Ljava/lang/String; >"	1
"< Application, Lantlr/RuleBlock, findExceptionSpec(Lantlr/Token;)Lantlr/ExceptionSpec; >"	4
"< Application, Lantlr/JavaCodeGenerator, mapTreeId(Ljava/lang/String;Lantlr/ActionTransInfo;)Ljava/lang/String; >"	102
"< Application, Lantlr/debug/ParserEventSupport, refresh(Ljava/util/Vector;)V >"	9
"< Application, Lantlr/JavaCodeGenerator, genCommonBlock(Lantlr/AlternativeBlock;Z)Lantlr/JavaBlockFinishingInfo; >"	245
"< Application, Lantlr/actions/java/ActionLexer, mTEXT_ARG_ID_ELEMENT(Z)V >"	103
"< Application, Lantlr/actions/csharp/ActionLexer, mINT(Z)V >"	32
"< Application, Lantlr/collections/impl/BitSet, toArray()[I >"	11
"< Application, Lantlr/DiagnosticCodeGenerator, genLookaheadSetForAlt(Lantlr/Alternative;)V >"	13
"< Application, Lantlr/CSharpCodeGenerator, mapTreeId(Ljava/lang/String;Lantlr/ActionTransInfo;)Ljava/lang/String; >"	102
"< Application, Lantlr/HTMLCodeGenerator, genLookaheadSetForBlock(Lantlr/AlternativeBlock;)V >"	13
"< Application, Lantlr/CharScanner, testLiteralsTable(I)I >"	12
"< Application, Lantlr/ANTLRParser, range(Lantlr/Token;)V >"	68
"< Application, Ldacapo/parser/ConfigFileTokenManager, getNextToken()Ldacapo/parser/Token; >"	122
"< Application, Lantlr/preprocessor/PreprocessorLexer, mML_COMMENT(Z)V >"	41
"< Application, Lantlr/ANTLRLexer, mPLUS(Z)V >"	15
"< Application, Ldacapo/parser/ConfigFile, sizeClause(Ldacapo/parser/Config;Ljava/lang/String;)V >"	47
"< Application, Lantlr/RuleBlock, addExceptionSpec(Lantlr/ExceptionSpec;)V >"	35
"< Application, Ldacapo/parser/ConfigFileTokenManager, jjMoveNfa_0(II)I >"	238
"< Application, Lantlr/CSharpCodeGenerator, genMatchUsingAtomText(Lantlr/GrammarAtom;)V >"	6
"< Application, Lantlr/CppCodeGenerator, genInclude(Lantlr/TreeWalkerGrammar;)V >"	233
"< Application, Lantlr/actions/cpp/ActionLexer, mTEXT_ARG_ELEMENT(Z)V >"	35
"< Application, Lantlr/DiagnosticCodeGenerator, genTokenTypes(Lantlr/TokenManager;)V >"	35
"< Application, Lantlr/actions/csharp/ActionLexer, mk_tokenSet_2()[J >"	2
"< Application, Lantlr/BaseAST, toStringTree()Ljava/lang/String; >"	33
"< Application, Lantlr/JavaCodeGenerator, gen(Lantlr/ParserGrammar;)V >"	67
"< Application, Ldacapo/parser/SimpleCharStream, adjustBeginLineColumn(II)V >"	20
"< Application, Lantlr/CppCodeGenerator, genBody(Lantlr/LexerGrammar;)V >"	69
"< Application, Lantlr/JavaCodeGenerator, mangleLiteral(Ljava/lang/String;)Ljava/lang/String; >"	2
"< Application, Lantlr/preprocessor/Rule, toString()Ljava/lang/String; >"	18
"< Application, Ldacapo/parser/SimpleCharStream, adjustBeginLineColumn(II)V >"	19
"< Application, Lantlr/actions/cpp/ActionLexer, mSTRING(Z)V >"	26
"< Application, Lantlr/ANTLRLexer, mCOLON(Z)V >"	15
"< Application, Lantlr/ASTFactory, make([Lantlr/collections/AST;)Lantlr/collections/AST; >"	24
"< Application, Lantlr/ANTLRLexer, mRPAREN(Z)V >"	15
"< Application, Lantlr/build/Tool, antlr(Ljava/lang/String;)V >"	7
"< Application, Lantlr/CppCodeGenerator, genBody(Lantlr/ParserGrammar;)V >"	61
"< Application, Lantlr/DefineGrammarSymbols, refHeaderAction(Lantlr/Token;Lantlr/Token;)V >"	4
"< Application, Lantlr/actions/java/ActionLexer, mSTUFF(Z)V >"	67
"< Application, Ldacapo/TestHarness, runBenchmark(Ljava/io/File;Ljava/lang/String;Ldacapo/TestHarness;)V >"	17
"< Application, Lantlr/CodeGenerator, printTabs()V >"	0
"< Application, Lantlr/CSharpCodeGenerator, genCases(Lantlr/collections/impl/BitSet;)V >"	16
"< Application, Lantlr/collections/impl/BitSet, toString(Ljava/lang/String;Lantlr/CharFormatter;)Ljava/lang/String; >"	0
"< Application, Lantlr/debug/ParserEventSupport, fireEvents(ILjava/util/Vector;)V >"	1
"< Application, Lantlr/actions/java/ActionLexer, mTREE(Z)V >"	121
"< Application, Lantlr/LLkAnalyzer, removeCompetingPredictionSetsFromWildcard([Lantlr/Lookahead;Lantlr/AlternativeElement;I)V >"	0
"< Application, Lantlr/ANTLRLexer, mk_tokenSet_3()[J >"	3
"< Application, Lantlr/AlternativeBlock, removeTrackingOfRuleRefs(Lantlr/Grammar;)V >"	0
"< Application, Lantlr/JavaCodeGenerator, genCommonBlock(Lantlr/AlternativeBlock;Z)Lantlr/JavaBlockFinishingInfo; >"	18
"< Application, Lantlr/actions/java/ActionLexer, mID(Z)V >"	50
"< Application, Lantlr/JavaCodeGenerator, suitableForCaseExpression(Lantlr/Alternative;)Z >"	14
"< Application, Lantlr/actions/csharp/ActionLexer, mTREE(Z)V >"	125
"< Application, Lantlr/preprocessor/Preprocessor, exceptionHandler()Ljava/lang/String; >"	22
"< Application, Lantlr/JavaCodeGenerator, gen(Lantlr/TreeElement;)V >"	73
"< Application, Lantlr/CppCodeGenerator, mapTreeId(Ljava/lang/String;Lantlr/ActionTransInfo;)Ljava/lang/String; >"	19
"< Application, Lantlr/actions/cpp/ActionLexer, mTEXT_ARG_ID_ELEMENT(Z)V >"	197
"< Application, Ldacapo/parser/ConfigFile, config()Ldacapo/parser/Config; >"	21
"< Application, Lantlr/CppCodeGenerator, genElementAST(Lantlr/AlternativeElement;)V >"	71
"< Application, Lantlr/JavaCodeGenerator, genTokenASTNodeMap()V >"	34
"< Application, Lantlr/ANTLRParser, classDef()V >"	61
"< Application, Ldacapo/Matcher, matched()Z >"	5
"< Application, Lantlr/ANTLRParser, tokensSpec()V >"	1
"< Application, Lantlr/CppCodeGenerator, genCommonBlock(Lantlr/AlternativeBlock;Z)Lantlr/CppBlockFinishingInfo; >"	359
"< Application, Ldacapo/Benchmark, deleteTree(Ljava/io/File;)V >"	15
"< Application, Lantlr/collections/impl/BitSet, toStringWithRanges(Ljava/lang/String;Lantlr/CharFormatter;)Ljava/lang/String; >"	26
"< Application, Lantlr/JavaCodeGenerator, genErrorCatchForElement(Lantlr/AlternativeElement;)V >"	9
"< Application, Ldacapo/parser/SimpleCharStream, adjustBeginLineColumn(II)V >"	73
"< Application, Lantlr/CppCodeGenerator, genMatchUsingAtomTokenType(Lantlr/GrammarAtom;)V >"	14
"< Application, Ldacapo/parser/ConfigFile, ReInit(Ljava/io/InputStream;)V >"	10
"< Application, Lantlr/preprocessor/Preprocessor, rule(Lantlr/preprocessor/Grammar;)V >"	86
"< Application, Lantlr/actions/cpp/ActionLexer, mCHAR(Z)V >"	33
"< Application, Lantlr/CppCodeGenerator, genSemPred(Ljava/lang/String;I)V >"	24
"< Application, Lantlr/DefineGrammarSymbols, defineToken(Lantlr/Token;Lantlr/Token;)V >"	2
"< Application, Lantlr/ANTLRParser, elementNoOptionSpec()V >"	159
"< Application, Lantlr/JavaCodeGenerator, genTokenStrings()V >"	8
"< Application, Lantlr/CppCodeGenerator, genCommonBlock(Lantlr/AlternativeBlock;Z)Lantlr/CppBlockFinishingInfo; >"	236
"< Application, Lantlr/collections/impl/BitSet, toString(Ljava/lang/String;)Ljava/lang/String; >"	14
"< Application, Lantlr/collections/impl/BitSet, toString(Ljava/lang/String;Lantlr/collections/impl/Vector;)Ljava/lang/String; >"	17
"< Application, Lantlr/CSharpCodeGenerator, genBody(Lantlr/ParserGrammar;)V >"	304
"< Application, Lantlr/collections/impl/BitSet, toStringOfHalfWords()Ljava/lang/String; >"	2
"< Application, Lantlr/Lookahead, toString(Ljava/lang/String;Lantlr/CharFormatter;)Ljava/lang/String; >"	24
"< Application, Lantlr/preprocessor/PreprocessorLexer, mSEMI(Z)V >"	15
"< Application, Lantlr/CSharpCharFormatter, escapeChar(IZ)Ljava/lang/String; >"	7
"< Application, Lantlr/BaseAST, toStringTree()Ljava/lang/String; >"	7
"< Application, Lantlr/CSharpCodeGenerator, genMatchUsingAtomTokenType(Lantlr/GrammarAtom;)V >"	19
"< Application, Lantlr/actions/cpp/ActionLexer, mk_tokenSet_2()[J >"	2
"< Application, Lantlr/NoViableAltForCharException, getMessage()Ljava/lang/String; >"	44
"< Application, Lantlr/ANTLRParser, classDef()V >"	31
"< Application, Lantlr/ANTLRParser, elementNoOptionSpec()V >"	88
"< Application, Lantlr/JavaCodeGenerator, genTokenStrings()V >"	34
"< Application, Lantlr/ANTLRParser, elementNoOptionSpec()V >"	74
"< Application, Lantlr/DocBookCodeGenerator, genLookaheadSetForBlock(Lantlr/AlternativeBlock;)V >"	0
"< Application, Lantlr/build/Tool, perform(Ljava/lang/String;Ljava/lang/String;)V >"	33
"< Application, Lantlr/ANTLRTokdefLexer, mINT(Z)V >"	2
"< Application, Lantlr/actions/csharp/ActionLexer, mACTION(Z)V >"	38
"< Application, Lantlr/CppCodeGenerator, genCommonBlock(Lantlr/AlternativeBlock;Z)Lantlr/CppBlockFinishingInfo; >"	107
"< Application, Lantlr/DocBookCodeGenerator, genLookaheadSetForAlt(Lantlr/Alternative;)V >"	13
"< Application, Ldacapo/Benchmark, validate(Ljava/lang/String;)Z >"	142
"< Application, Lantlr/debug/MessageEvent, toString()Ljava/lang/String; >"	7
"< Application, Ldacapo/parser/ConfigFile, ReInit(Ldacapo/parser/ConfigFileTokenManager;)V >"	6
"< Application, Ldacapo/FileDigest, getText(Ljava/io/File;ZLjava/io/File;)[B >"	15
"< Application, Lantlr/collections/impl/BitSet, toString(Ljava/lang/String;Lantlr/collections/impl/Vector;)Ljava/lang/String; >"	3
"< Application, Lantlr/AlternativeBlock, toString()Ljava/lang/String; >"	51
"< Application, Lantlr/NameSpace, emitClosures(Ljava/io/PrintWriter;)V >"	0
"< Application, Lantlr/preprocessor/Preprocessor, class_def(Ljava/lang/String;Lantlr/preprocessor/Hierarchy;)Lantlr/preprocessor/Grammar; >"	53
"< Application, Lantlr/actions/csharp/ActionLexer, mAST_CONSTRUCTOR(Z)V >"	190
"< Application, Lantlr/preprocessor/Rule, toString()Ljava/lang/String; >"	31
"< Application, Lantlr/ANTLRLexer, mCOMMA(Z)V >"	15
"< Application, Lantlr/CSharpCodeGenerator, genRule(Lantlr/RuleSymbol;ZILantlr/TokenManager;)V >"	35
"< Application, Ldacapo/TestHarness, main([Ljava/lang/String;)V >"	231
"< Application, Lantlr/preprocessor/Preprocessor, class_def(Ljava/lang/String;Lantlr/preprocessor/Hierarchy;)Lantlr/preprocessor/Grammar; >"	105
"< Application, Lantlr/actions/java/ActionLexer, mWS(Z)V >"	52
"< Application, Lantlr/ANTLRParser, optionValue()Lantlr/Token; >"	27
"< Application, Lantlr/ANTLRParser, rootNode()V >"	27
"< Application, Lantlr/CppCodeGenerator, gen(Lantlr/ZeroOrMoreBlock;)V >"	55
"< Application, Lantlr/actions/cpp/ActionLexer, mk_tokenSet_0()[J >"	2
"< Application, Lantlr/JavaCodeGenerator, gen(Lantlr/TreeWalkerGrammar;)V >"	69
"< Application, Lantlr/MismatchedCharException, <init>(CCZLantlr/CharScanner;)V >"	6
"< Application, Ldacapo/parser/ConfigFileTokenManager, jjMoveNfa_1(II)I >"	51
"< Application, Lantlr/AlternativeBlock, toString()Ljava/lang/String; >"	86
"< Application, Lantlr/DiagnosticCodeGenerator, genLookaheadSetForBlock(Lantlr/AlternativeBlock;)V >"	0
"< Application, Ldacapo/Callback, complete(Ljava/lang/String;ZZ)V >"	29
"< Application, Lantlr/actions/csharp/ActionLexer, mML_COMMENT(Z)V >"	73
"< Application, Lantlr/JavaCodeGenerator, gen(Lantlr/LexerGrammar;)V >"	84
"< Application, Lantlr/actions/csharp/ActionLexer, mVAR_ASSIGN(Z)V >"	24
"< Application, Ldacapo/parser/ConfigFileTokenManager, jjMoveNfa_0(II)I >"	32
"< Application, Lantlr/preprocessor/Preprocessor, class_def(Ljava/lang/String;Lantlr/preprocessor/Hierarchy;)Lantlr/preprocessor/Grammar; >"	13
"< Application, Lantlr/CppCodeGenerator, genNextToken()V >"	63
"< Application, Lantlr/collections/impl/BitSet, equals(Ljava/lang/Object;)Z >"	38
"< Application, Ldacapo/Slice, slice(Ljava/io/File;Ljava/io/File;I)V >"	5
"< Application, Lantlr/CSharpCodeGenerator, getLookaheadTestTerm(ILantlr/collections/impl/BitSet;)Ljava/lang/String; >"	23
"< Application, Lantlr/debug/misc/JTreeASTModel, isLeaf(Ljava/lang/Object;)Z >"	8
"< Application, Lantlr/DefineGrammarSymbols, defineRuleName(Lantlr/Token;Ljava/lang/String;ZLjava/lang/String;)V >"	44
"< Application, Lantlr/build/ANTLR, build(Lantlr/build/Tool;)V >"	45
"< Application, Lantlr/CSharpCodeGenerator, genBody(Lantlr/LexerGrammar;)V >"	289
"< Application, Lantlr/actions/cpp/ActionLexer, mTEXT_ITEM(Z)V >"	275
"< Application, Lantlr/HTMLCodeGenerator, genCommonBlock(Lantlr/AlternativeBlock;)V >"	0
"< Application, Lantlr/preprocessor/PreprocessorLexer, mACTION(Z)V >"	71
"< Application, Ldacapo/parser/ConfigFileTokenManager, getNextToken()Ldacapo/parser/Token; >"	178
"< Application, Lantlr/collections/impl/ASTEnumerator, hasMoreNodes()Z >"	8
"< Application, Lantlr/actions/csharp/ActionLexer, mk_tokenSet_0()[J >"	2
"< Application, Lantlr/ANTLRLexer, mk_tokenSet_0()[J >"	2
"< Application, Ldacapo/parser/ConfigFileTokenManager, jjMoveNfa_0(II)I >"	193
"< Application, Lantlr/CSharpCodeGenerator, mapTreeId(Ljava/lang/String;Lantlr/ActionTransInfo;)Ljava/lang/String; >"	20
"< Application, Lantlr/ImportVocabTokenManager, <init>(Lantlr/Grammar;Ljava/lang/String;Ljava/lang/String;Lantlr/Tool;)V >"	24
"< Application, Lantlr/CSharpCodeGenerator, genCommonBlock(Lantlr/AlternativeBlock;Z)Lantlr/CSharpBlockFinishingInfo; >"	26
"< Application, Lantlr/CppCodeGenerator, genCommonBlock(Lantlr/AlternativeBlock;Z)Lantlr/CppBlockFinishingInfo; >"	451
"< Application, Ldacapo/parser/ConfigFile, descId()Ljava/lang/String; >"	5
"< Application, Ldacapo/TestHarness, invokeConfiguration(Ljava/lang/reflect/Method;Ljava/lang/String;)V >"	26
"< Application, Lantlr/JavaCodeGenerator, genRule(Lantlr/RuleSymbol;ZI)V >"	35
"< Application, Lantlr/CSharpCodeGenerator, genCommonBlock(Lantlr/AlternativeBlock;Z)Lantlr/CSharpBlockFinishingInfo; >"	62
"< Application, Lantlr/TokenStreamHiddenTokenFilter, nextToken()Lantlr/Token; >"	31
"< Application, Lantlr/DefineGrammarSymbols, refRule(Lantlr/Token;Lantlr/Token;Lantlr/Token;Lantlr/Token;I)V >"	4
"< Application, Lantlr/CppCodeGenerator, genBitsets(Lantlr/collections/impl/Vector;ILjava/lang/String;)V >"	22
"< Application, Ldacapo/Matcher, match(C)V >"	99
"< Application, Lantlr/JavaCharFormatter, escapeChar(IZ)Ljava/lang/String; >"	7
"< Application, Lantlr/JavaCodeGenerator, mangleLiteral(Ljava/lang/String;)Ljava/lang/String; >"	24
"< Application, Ldacapo/Benchmark, validate(Ljava/lang/String;)Z >"	227
"< Application, Lantlr/CppCodeGenerator, setupGrammarParameters(Lantlr/Grammar;)V >"	57
"< Application, Lantlr/ANTLRLexer, mML_COMMENT(Z)V >"	81
"< Application, Ldacapo/parser/ConfigFile, digestOption(Ldacapo/parser/Config;Ljava/lang/String;Ljava/lang/String;)V >"	5
"< Application, Lantlr/CSharpCodeGenerator, mapTreeId(Ljava/lang/String;Lantlr/ActionTransInfo;)Ljava/lang/String; >"	39
"< Application, Ldacapo/parser/ParseException, getMessage()Ljava/lang/String; >"	67
"< Application, Lantlr/CppCodeGenerator, suitableForCaseExpression(Lantlr/Alternative;)Z >"	14
"< Application, Lantlr/CppCodeGenerator, genBody(Lantlr/LexerGrammar;)V >"	347
"< Application, Ldacapo/TestHarness, main([Ljava/lang/String;)V >"	200
"< Application, Lantlr/JavaCodeGenerator, genCommonBlock(Lantlr/AlternativeBlock;Z)Lantlr/JavaBlockFinishingInfo; >"	175
"< Application, Lantlr/LexerGrammar, processArguments([Ljava/lang/String;)V >"	0
"< Application, Lantlr/CSharpCodeGenerator, genMatchUsingAtomText(Lantlr/GrammarAtom;)V >"	19
"< Application, Lantlr/collections/impl/BitSet, toString(Ljava/lang/String;)Ljava/lang/String; >"	20
"< Application, Lantlr/ANTLRLexer, mWS(Z)V >"	43
"< Application, Lantlr/ANTLRLexer, mNESTED_ACTION(Z)V >"	98
"< Application, Lantlr/actions/csharp/ActionLexer, mINT_OR_FLOAT(Z)V >"	2
"< Application, Lantlr/JavaCodeGenerator, genNextToken()V >"	202
"< Application, Lantlr/ANTLRParser, tokensSpec()V >"	11
"< Application, Lantlr/actions/cpp/ActionLexer, mTEXT_ARG_ID_ELEMENT(Z)V >"	95
"< Application, Lantlr/CSharpCodeGenerator, genCommonBlock(Lantlr/AlternativeBlock;Z)Lantlr/CSharpBlockFinishingInfo; >"	331
"< Application, Lantlr/CodeGenerator, _printAction(Ljava/lang/String;)V >"	29
"< Application, Lantlr/actions/csharp/ActionLexer, mTEXT_ITEM(Z)V >"	37
"< Application, Lantlr/CppCodeGenerator, getLookaheadTestExpression([Lantlr/Lookahead;I)Ljava/lang/String; >"	3
"< Application, Lantlr/ANTLRLexer, mk_tokenSet_2()[J >"	3
"< Application, Lantlr/CppCodeGenerator, mapTreeVariable(Lantlr/AlternativeElement;Ljava/lang/String;)V >"	17
"< Application, Lantlr/CppCodeGenerator, mapTreeId(Ljava/lang/String;Lantlr/ActionTransInfo;)Ljava/lang/String; >"	84
"< Application, Lantlr/ANTLRLexer, mRULE_REF(Z)V >"	27
"< Application, Ldacapo/parser/ConfigFile, configFile()Ldacapo/parser/Config; >"	6
"< Application, Lantlr/actions/java/ActionLexer, mk_tokenSet_0()[J >"	2
"< Application, Ldacapo/parser/ConfigFileTokenManager, jjMoveNfa_0(II)I >"	185
"< Application, Lantlr/CSharpCodeGenerator, getValueString(I)Ljava/lang/String; >"	26
"< Application, Lantlr/preprocessor/Preprocessor, exceptionSpec()Ljava/lang/String; >"	35
"< Application, Lantlr/collections/impl/LList, elementAt(I)Ljava/lang/Object; >"	1
"< Application, Lantlr/CppCodeGenerator, genCases(Lantlr/collections/impl/BitSet;)V >"	11
"< Application, Lantlr/TokenStreamHiddenTokenFilter, consumeFirst()V >"	1
"< Application, Lantlr/CppCodeGenerator, genBody(Lantlr/ParserGrammar;)V >"	54
"< Application, Lantlr/JavaCodeGenerator, genCommonBlock(Lantlr/AlternativeBlock;Z)Lantlr/JavaBlockFinishingInfo; >"	366
"< Application, Lantlr/CSharpCodeGenerator, genErrorHandler(Lantlr/ExceptionSpec;)V >"	0
"< Application, Lantlr/Lookahead, toString(Ljava/lang/String;Lantlr/CharFormatter;)Ljava/lang/String; >"	4
"< Application, Ldacapo/TestHarness, vectorise([Ljava/lang/String;)Ljava/util/Vector; >"	3
"< Application, Lantlr/CppCodeGenerator, genRule(Lantlr/RuleSymbol;ZILjava/lang/String;)V >"	34
"< Application, Lantlr/CppCodeGenerator, genCommonBlock(Lantlr/AlternativeBlock;Z)Lantlr/CppBlockFinishingInfo; >"	266
"< Application, Lantlr/collections/impl/VectorEnumeration, hasMoreElements()Z >"	7
"< Application, Ldacapo/antlr/AntlrHarness, iterate(Ljava/lang/String;)V >"	42
"< Application, Ldacapo/FileDigest, main([Ljava/lang/String;)V >"	35
"< Application, Lantlr/ANTLRLexer, mCOMMENT(Z)V >"	23
"< Application, Lantlr/preprocessor/Preprocessor, rule(Lantlr/preprocessor/Grammar;)V >"	63
"< Application, Lantlr/actions/java/ActionLexer, mAST_CONSTRUCTOR(Z)V >"	110
"< Application, Lantlr/Lookahead, toString(Ljava/lang/String;Lantlr/collections/impl/Vector;)Ljava/lang/String; >"	11
"< Application, Lantlr/CppCodeGenerator, genBody(Lantlr/TreeWalkerGrammar;)V >"	128
"< Application, Lantlr/ANTLRLexer, mWS_LOOP(Z)V >"	21
"< Application, Lantlr/CodeGenerator, genTokenInterchange(Lantlr/TokenManager;)V >"	38
"< Application, Lantlr/actions/java/ActionLexer, mAST_CONSTRUCTOR(Z)V >"	164
"< Application, Lantlr/CppCodeGenerator, genCommonBlock(Lantlr/AlternativeBlock;Z)Lantlr/CppBlockFinishingInfo; >"	207
"< Application, Lantlr/ANTLRLexer, mOR(Z)V >"	15
"< Application, Lantlr/actions/csharp/ActionLexer, mTEXT_ARG(Z)V >"	14
"< Application, Lantlr/CSharpCodeGenerator, genAlt(Lantlr/Alternative;Lantlr/AlternativeBlock;)V >"	28
"< Application, Lantlr/JavaCodeGenerator, gen(Lantlr/ParserGrammar;)V >"	288
"< Application, Lantlr/CSharpCodeGenerator, genBody(Lantlr/ParserGrammar;)V >"	299
"< Application, Lantlr/ANTLRLexer, mk_tokenSet_4()[J >"	2
"< Application, Lantlr/preprocessor/PreprocessorLexer, mRCURLY(Z)V >"	15
"< Application, Lantlr/ANTLRLexer, mSTRING_LITERAL(Z)V >"	26
"< Application, Lantlr/preprocessor/Grammar, toString()Ljava/lang/String; >"	56
"< Application, Ldacapo/TestHarness, runBenchmark(Ljava/io/File;Ljava/lang/String;Ldacapo/TestHarness;)V >"	67
"< Application, Lantlr/JavaCodeGenerator, mapTreeVariable(Lantlr/AlternativeElement;Ljava/lang/String;)V >"	17
"< Application, Lantlr/CSharpCodeGenerator, getASTCreateString(Lantlr/GrammarAtom;Ljava/lang/String;)Ljava/lang/String; >"	43
"< Application, Lantlr/ANTLRLexer, mACTION(Z)V >"	40
"< Application, Lantlr/CSharpCodeGenerator, genCommonBlock(Lantlr/AlternativeBlock;Z)Lantlr/CSharpBlockFinishingInfo; >"	413
"< Application, Lantlr/DefineGrammarSymbols, defineRuleName(Lantlr/Token;Ljava/lang/String;ZLjava/lang/String;)V >"	19
"< Application, Lantlr/JavaCodeGenerator, genCommonBlock(Lantlr/AlternativeBlock;Z)Lantlr/JavaBlockFinishingInfo; >"	371
"< Application, Lantlr/preprocessor/PreprocessorLexer, mID(Z)V >"	48
"< Application, Lantlr/JavaCodeGenerator, gen(Lantlr/ParserGrammar;)V >"	82
"< Application, Lantlr/CppCodeGenerator, genInclude(Lantlr/LexerGrammar;)V >"	88
"< Application, Lantlr/preprocessor/PreprocessorLexer, mID_OR_KEYWORD(Z)V >"	98
"< Application, Ldacapo/parser/ConfigFile, outputFile(Ldacapo/parser/Config;Ljava/lang/String;)V >"	20
"< Application, Lantlr/ANTLRLexer, mNESTED_ARG_ACTION(Z)V >"	50
"< Application, Lantlr/preprocessor/Hierarchy, optionsToString(Lantlr/collections/impl/IndexedVector;)Ljava/lang/String; >"	7
"< Application, Lantlr/StringUtils, stripFront(Ljava/lang/String;Ljava/lang/String;)Ljava/lang/String; >"	5
"< Application, Lantlr/CSharpCodeGenerator, genTokenStrings()V >"	8
"< Application, Ldacapo/Matcher, match(C)V >"	80
"< Application, Lantlr/CppCodeGenerator, genRuleHeader(Lantlr/RuleSymbol;Z)V >"	33
"< Application, Lantlr/JavaCodeGenerator, gen(Lantlr/OneOrMoreBlock;)V >"	45
"< Application, Lantlr/actions/java/ActionLexer, mTEXT_ITEM(Z)V >"	99
"< Application, Lantlr/CSharpCodeGenerator, gen(Lantlr/StringLiteralElement;)V >"	31
"< Application, Lantlr/BaseAST, toStringList()Ljava/lang/String; >"	7
"< Application, Ldacapo/Slice, extract(Ljava/io/File;Ljava/io/File;II)V >"	10
"< Application, Lantlr/ANTLRTokdefParser, line(Lantlr/ImportVocabTokenManager;)V >"	42
"< Application, Lantlr/StringUtils, stripFront(Ljava/lang/String;C)Ljava/lang/String; >"	0
"< Application, Ldacapo/parser/Config, print(Ljava/io/PrintStream;)V >"	40
"< Application, Lantlr/CSharpCodeGenerator, mapTreeVariable(Lantlr/AlternativeElement;Ljava/lang/String;)V >"	17
"< Application, Ldacapo/antlr/AntlrHarness, iterate(Ljava/lang/String;)V >"	45
"< Application, Lantlr/debug/DebuggingCharScanner, consume()V >"	3
"< Application, Lantlr/CSharpCodeGenerator, genTokenDefinitions(Lantlr/TokenManager;)V >"	3
"< Application, Ldacapo/parser/ConfigFileTokenManager, jjCheckNAddStates(II)V >"	0
"< Application, Lantlr/JavaCodeGenerator, processActionForSpecialSymbols(Ljava/lang/String;ILantlr/RuleBlock;Lantlr/ActionTransInfo;)Ljava/lang/String; >"	56
"< Application, Lantlr/CppCodeGenerator, fixNameSpaceOption(Ljava/lang/String;)Ljava/lang/String; >"	14
"< Application, Lantlr/ASTPair, toString()Ljava/lang/String; >"	11
"< Application, Lantlr/actions/csharp/ActionLexer, mTREE_ELEMENT(Z)V >"	101
"< Application, Lantlr/actions/csharp/ActionLexer, mINT_OR_FLOAT(Z)V >"	77
"< Application, Lantlr/preprocessor/Preprocessor, rule(Lantlr/preprocessor/Grammar;)V >"	27
"< Application, Lantlr/JavaCodeGenerator, genMatchUsingAtomTokenType(Lantlr/GrammarAtom;)V >"	3
"< Application, Lantlr/ANTLRParser, id()Lantlr/Token; >"	19
"< Application, Ldacapo/Benchmark, validate(Ljava/lang/String;)Z >"	19
"< Application, Lantlr/actions/cpp/ActionLexer, mINT(Z)V >"	2
"< Application, Lantlr/CppCodeGenerator, genCommonBlock(Lantlr/AlternativeBlock;Z)Lantlr/CppBlockFinishingInfo; >"	115
"< Application, Lantlr/JavaCodeGenerator, gen(Lantlr/TreeWalkerGrammar;)V >"	154
"< Application, Lantlr/collections/impl/BitSet, toStringWithRanges(Ljava/lang/String;Lantlr/CharFormatter;)Ljava/lang/String; >"	4
"< Application, Ldacapo/parser/ConfigFile, outputFile(Ldacapo/parser/Config;Ljava/lang/String;)V >"	5
"< Application, Lantlr/preprocessor/Preprocessor, exceptionGroup()Ljava/lang/String; >"	0
"< Application, Lantlr/ANTLRParser, exceptionGroup()V >"	5
"< Application, Ldacapo/Matcher, match(C)V >"	21
"< Application, Lantlr/preprocessor/Rule, sameSignature(Lantlr/preprocessor/Rule;)Z >"	19
"< Application, Lantlr/HTMLCodeGenerator, genTokenTypes(Lantlr/TokenManager;)V >"	35
"< Application, Lantlr/CppCodeGenerator, genBitsets(Lantlr/collections/impl/Vector;ILjava/lang/String;)V >"	47
"< Application, Lantlr/LLkAnalyzer, deterministic(Lantlr/AlternativeBlock;)Z >"	212
"< Application, Lantlr/CppCharFormatter, escapeChar(IZ)Ljava/lang/String; >"	7
"< Application, Lantlr/collections/impl/BitSet, degree()I >"	16
"< Application, Lantlr/JavaCodeGenerator, gen(Lantlr/TreeWalkerGrammar;)V >"	157
"< Application, Lantlr/DiagnosticCodeGenerator, genAlt(Lantlr/Alternative;)V >"	1
"< Application, Lantlr/preprocessor/PreprocessorLexer, mk_tokenSet_8()[J >"	3
"< Application, Ldacapo/parser/ParseException, getMessage()Ljava/lang/String; >"	59
"< Application, Ldacapo/parser/ConfigFile, <init>(Ljava/io/Reader;)V >"	19
"< Application, Lantlr/preprocessor/Preprocessor, rule(Lantlr/preprocessor/Grammar;)V >"	39
"< Application, Lantlr/CppCodeGenerator, genCommonBlock(Lantlr/AlternativeBlock;Z)Lantlr/CppBlockFinishingInfo; >"	419
"< Application, Lantlr/LLkAnalyzer, subruleCanBeInverted(Lantlr/AlternativeBlock;Z)Z >"	11
"< Application, Ldacapo/parser/ConfigFileTokenManager, getNextToken()Ldacapo/parser/Token; >"	12
"< Application, Lantlr/preprocessor/PreprocessorLexer, mXDIGIT(Z)V >"	29
"< Application, Lantlr/ANTLRLexer, mCOMMENT(Z)V >"	38
"< Application, Lantlr/TreeParser, traceIn(Ljava/lang/String;Lantlr/collections/AST;)V >"	13
"< Application, Lantlr/JavaCodeGenerator, genCommonBlock(Lantlr/AlternativeBlock;Z)Lantlr/JavaBlockFinishingInfo; >"	186
"< Application, Lantlr/CppCodeGenerator, mapTreeId(Ljava/lang/String;Lantlr/ActionTransInfo;)Ljava/lang/String; >"	102
"< Application, Lantlr/actions/csharp/ActionLexer, mWS(Z)V >"	2
"< Application, Lantlr/actions/cpp/ActionLexer, mAST_CONSTRUCTOR(Z)V >"	115
"< Application, Lantlr/CSharpCodeGenerator, suitableForCaseExpression(Lantlr/Alternative;)Z >"	14
"< Application, Lantlr/LLkAnalyzer, look(ILantlr/CharRangeElement;)Lantlr/Lookahead; >"	21
"< Application, Lantlr/ANTLRStringBuffer, append(Ljava/lang/String;)V >"	0
"< Application, Lantlr/DiagnosticCodeGenerator, printSet(IILantlr/Lookahead;)V >"	19
"< Application, Lantlr/actions/cpp/ActionLexer, mID_ELEMENT(Z)Z >"	269
"< Application, Lantlr/DocBookCodeGenerator, QuoteForId(Ljava/lang/String;)Ljava/lang/String; >"	3
"< Application, Lantlr/actions/csharp/ActionLexer, mCOMMENT(Z)V >"	33
"< Application, Lantlr/ASTPair, toString()Ljava/lang/String; >"	5
"< Application, Lantlr/InputBuffer, getLAChars()Ljava/lang/String; >"	3
"< Application, Lantlr/CodeGenerator, _printAction(Ljava/lang/String;)V >"	12
"< Application, Lantlr/CSharpCodeGenerator, genBody(Lantlr/ParserGrammar;)V >"	287
"< Application, Lantlr/actions/cpp/ActionLexer, mk_tokenSet_1()[J >"	2
"< Application, Lantlr/preprocessor/PreprocessorLexer, mSTRING_LITERAL(Z)V >"	26
"< Application, Lantlr/LLkAnalyzer, FOLLOW(ILantlr/RuleEndElement;)Lantlr/Lookahead; >"	8
"< Application, Lantlr/DiagnosticCodeGenerator, genCommonBlock(Lantlr/AlternativeBlock;)V >"	29
"< Application, Lantlr/ANTLRParser, elementNoOptionSpec()V >"	178
"< Application, Lantlr/JavaCodeGenerator, genCases(Lantlr/collections/impl/BitSet;)V >"	36
"< Application, Ldacapo/parser/ConfigFileTokenManager, jjMoveNfa_0(II)I >"	240
"< Application, Lantlr/collections/impl/BitSet, toString(Ljava/lang/String;Lantlr/CharFormatter;)Ljava/lang/String; >"	21
"< Application, Lantlr/ANTLRLexer, mSTAR(Z)V >"	15
"< Application, Lantlr/RuleBlock, findExceptionSpec(Ljava/lang/String;)Lantlr/ExceptionSpec; >"	3
"< Application, Lantlr/CSharpCodeGenerator, genNextToken()V >"	0
"< Application, Lantlr/ANTLRHashString, equals(Ljava/lang/Object;)Z >"	30
"< Application, Lantlr/ANTLRHashString, charAt(I)C >"	7
"< Application, Lantlr/actions/java/ActionLexer, mAST_ITEM(Z)V >"	105
"< Application, Lantlr/ANTLRTokdefLexer, mDIGIT(Z)V >"	15
"< Application, Lantlr/preprocessor/PreprocessorLexer, mk_tokenSet_7()[J >"	3
"< Application, Lantlr/CppCodeGenerator, getASTCreateString(Lantlr/GrammarAtom;Ljava/lang/String;)Ljava/lang/String; >"	32
"< Application, Lantlr/CppCodeGenerator, genCommonBlock(Lantlr/AlternativeBlock;Z)Lantlr/CppBlockFinishingInfo; >"	188
"< Application, Lantlr/preprocessor/PreprocessorLexer, mBANG(Z)V >"	15
"< Application, Lantlr/ANTLRLexer, mWS_OPT(Z)V >"	19
"< Application, Lantlr/preprocessor/Preprocessor, exceptionSpec()Ljava/lang/String; >"	41
"< Application, Lantlr/LLkAnalyzer, deterministic(Lantlr/ZeroOrMoreBlock;)Z >"	18
"< Application, Lantlr/ANTLRTokdefLexer, mk_tokenSet_2()[J >"	2
"< Application, Lantlr/ANTLRLexer, mESC(Z)V >"	117
"< Application, Ldacapo/parser/ConfigFileTokenManager, jjMoveNfa_0(II)I >"	22
"< Application, Ldacapo/parser/ParseException, add_escapes(Ljava/lang/String;)Ljava/lang/String; >"	2
"< Application, Ldacapo/parser/Config, pad(Ljava/lang/String;I)Ljava/lang/String; >"	0
"< Application, Lantlr/CppCodeGenerator, gen(Lantlr/TreeElement;)V >"	84
"< Application, Lantlr/debug/InputBufferEvent, toString()Ljava/lang/String; >"	6
"< Application, Lantlr/CppCodeGenerator, genCommonBlock(Lantlr/AlternativeBlock;Z)Lantlr/CppBlockFinishingInfo; >"	26
"< Application, Ldacapo/parser/TokenMgrError, LexicalError(ZIIILjava/lang/String;C)Ljava/lang/String; >"	20
"< Application, Lantlr/MakeGrammar, refRule(Lantlr/Token;Lantlr/Token;Lantlr/Token;Lantlr/Token;I)V >"	41
"< Application, Ldacapo/Benchmark, lineCount(Ljava/io/File;)I >"	4
"< Application, Lantlr/CSharpCodeGenerator, mangleLiteral(Ljava/lang/String;)Ljava/lang/String; >"	2
"< Application, Lantlr/BaseAST, toStringList()Ljava/lang/String; >"	33
"< Application, Lantlr/JavaCodeGenerator, getLookaheadTestExpression([Lantlr/Lookahead;I)Ljava/lang/String; >"	3
"< Application, Lantlr/CppCodeGenerator, genNextToken()V >"	161
"< Application, Lantlr/ANTLRLexer, mLPAREN(Z)V >"	15
"< Application, Lantlr/Tool, getGrammarReader()Ljava/io/Reader; >"	17
"< Application, Lantlr/CSharpCodeGenerator, genCommonBlock(Lantlr/AlternativeBlock;Z)Lantlr/CSharpBlockFinishingInfo; >"	420
"< Application, Lantlr/Tool, warning([Ljava/lang/String;Ljava/lang/String;II)V >"	15
"< Application, Lantlr/CSharpCodeGenerator, gen(Lantlr/TreeElement;)V >"	67
"< Application, Lantlr/actions/csharp/ActionLexer, mSTRING(Z)V >"	26
"< Application, Lantlr/CharScanner, traceIndent()V >"	0
"< Application, Lantlr/CSharpCodeGenerator, genElementAST(Lantlr/AlternativeElement;)V >"	44
"< Application, Lantlr/collections/impl/BitSet, toStringOfWords()Ljava/lang/String; >"	12
"< Application, Lantlr/preprocessor/PreprocessorLexer, mk_tokenSet_6()[J >"	2
"< Application, Lantlr/JavaCodeGenerator, gen(Lantlr/ParserGrammar;)V >"	291
"< Application, Lantlr/actions/java/ActionLexer, mID_ELEMENT(Z)Z >"	225
"< Application, Lantlr/actions/csharp/ActionLexer, mESC(Z)V >"	107
"< Application, Lantlr/JavaCodeGenerator, genAlt(Lantlr/Alternative;Lantlr/AlternativeBlock;)V >"	6
"< Application, Lantlr/actions/java/ActionLexer, mTEXT_ITEM(Z)V >"	42
"< Application, Lantlr/CSharpCodeGenerator, genAlt(Lantlr/Alternative;Lantlr/AlternativeBlock;)V >"	6
"< Application, Ldacapo/Benchmark, sortArray([Ljava/lang/Comparable;)V >"	3
"< Application, Lantlr/JavaCodeGenerator, genSemPred(Ljava/lang/String;I)V >"	24
"< Application, Lantlr/actions/cpp/ActionLexer, mDIGIT(Z)V >"	15
"< Application, Lantlr/TreeParser, traceOut(Ljava/lang/String;Lantlr/collections/AST;)V >"	10
"< Application, Ldacapo/TestHarness, runBenchmark(Ljava/io/File;Ljava/lang/String;Ldacapo/TestHarness;)V >"	93
"< Application, Lantlr/Alternative, getAutoGen()Z >"	5
"< Application, Lantlr/actions/csharp/ActionLexer, mID_ELEMENT(Z)Z >"	242
"< Application, Lantlr/CppCodeGenerator, getValueString(I)Ljava/lang/String; >"	37
"< Application, Lantlr/ANTLRTokdefLexer, mk_tokenSet_0()[J >"	2
"< Application, Ldacapo/parser/ConfigFileTokenManager, jjMoveNfa_1(II)I >"	74
"< Application, Lantlr/CppCodeGenerator, genBody(Lantlr/LexerGrammar;)V >"	364
"< Application, Lantlr/JavaCodeGenerator, getASTCreateString(Lantlr/collections/impl/Vector;)Ljava/lang/String; >"	16
"< Application, Lantlr/DocBookCodeGenerator, genLookaheadSetForBlock(Lantlr/AlternativeBlock;)V >"	13
"< Application, Lantlr/JavaCodeGenerator, getLookaheadTestTerm(ILantlr/collections/impl/BitSet;)Ljava/lang/String; >"	23
"< Application, Lantlr/preprocessor/Hierarchy, verifyThatHierarchyIsComplete()Z >"	24
"< Application, Lantlr/collections/impl/BitSet, getRanges([I)Lantlr/collections/impl/Vector; >"	19
"< Application, Lantlr/actions/java/ActionLexer, mTEXT_ARG(Z)V >"	69
"< Application, Lantlr/Tool, processArguments([Ljava/lang/String;)V >"	0
"< Application, Lantlr/CSharpCharFormatter, escapeChar(IZ)Ljava/lang/String; >"	11
"< Application, Lantlr/ANTLRParser, classDef()V >"	67
"< Application, Lantlr/CppCodeGenerator, genCommonBlock(Lantlr/AlternativeBlock;Z)Lantlr/CppBlockFinishingInfo; >"	18
"< Application, Lantlr/CppCodeGenerator, getLookaheadTestTerm(ILantlr/collections/impl/BitSet;)Ljava/lang/String; >"	23
"< Application, Lantlr/DiagnosticCodeGenerator, genLookaheadSetForBlock(Lantlr/AlternativeBlock;)V >"	13
"< Application, Lantlr/actions/csharp/ActionLexer, mTEXT_ARG(Z)V >"	69
"< Application, Lantlr/collections/impl/BitSet, toString(Ljava/lang/String;Lantlr/collections/impl/Vector;)Ljava/lang/String; >"	45
"< Application, Ldacapo/Matcher, match(C)V >"	53
"< Application, Lantlr/preprocessor/Preprocessor, exceptionSpec()Ljava/lang/String; >"	24
"< Application, Lantlr/BaseAST, doWorkForFindAll(Lantlr/collections/impl/Vector;Lantlr/collections/AST;Z)V >"	0
"< Application, Lantlr/debug/LLkDebuggingParser, isGuessing()Z >"	4
"< Application, Lantlr/JavaCodeGenerator, gen(Lantlr/StringLiteralElement;)V >"	31
"< Application, Lantlr/actions/java/ActionLexer, mID_ELEMENT(Z)Z >"	238
"< Application, Lantlr/BaseAST, decode(Ljava/lang/String;)Ljava/lang/String; >"	2
"< Application, Lantlr/preprocessor/GrammarFile, toString()Ljava/lang/String; >"	4
"< Application, Lantlr/JavaCodeGenerator, genCommonBlock(Lantlr/AlternativeBlock;Z)Lantlr/JavaBlockFinishingInfo; >"	59
"< Application, Lantlr/actions/java/ActionLexer, mTEXT_ARG_ID_ELEMENT(Z)V >"	199
"< Application, Lantlr/CSharpCodeGenerator, gen(Lantlr/CharRangeElement;)V >"	22
"< Application, Lantlr/JavaCodeGenerator, gen(Lantlr/LexerGrammar;)V >"	289
"< Application, Lantlr/Lookahead, nil()Z >"	6
"< Application, Lantlr/actions/java/ActionLexer, mAST_CONSTRUCTOR(Z)V >"	188
"< Application, Lantlr/JavaCodeGenerator, getASTCreateString(Ljava/lang/String;)Ljava/lang/String; >"	23
"< Application, Lantlr/DefineGrammarSymbols, defineToken(Lantlr/Token;Lantlr/Token;)V >"	5
"< Application, Lantlr/HTMLCodeGenerator, printSet(IILantlr/Lookahead;)V >"	19
"< Application, Lantlr/actions/cpp/ActionLexer, mVAR_ASSIGN(Z)V >"	24
"< Application, Lantlr/BaseAST, equalsList(Lantlr/collections/AST;)Z >"	2
"< Application, Lantlr/JavaCodeGenerator, genElementAST(Lantlr/AlternativeElement;)V >"	55
"< Application, Ldacapo/parser/ConfigFile, outputClause(Ldacapo/parser/Config;Ljava/lang/String;Ljava/lang/String;)V >"	13
"< Application, Ldacapo/antlr/AntlrHarness, iterate(Ljava/lang/String;)V >"	46
"< Application, Ldacapo/parser/ConfigFile, config()Ldacapo/parser/Config; >"	10
"< Application, Lantlr/CppCodeGenerator, gen(Lantlr/RuleRefElement;)V >"	148
"< Application, Lantlr/HTMLCodeGenerator, genLookaheadSetForAlt(Lantlr/Alternative;)V >"	12
"< Application, Lantlr/preprocessor/PreprocessorLexer, mWS(Z)V >"	40
"< Application, Lantlr/debug/ParserEventSupport, removeDoneListener(Lantlr/debug/ListenerBase;)V >"	9
"< Application, Lantlr/CSharpCodeGenerator, gen(Lantlr/OneOrMoreBlock;)V >"	27
"< Application, Lantlr/collections/impl/BitSet, degree()I >"	19
"< Application, Ldacapo/parser/ConfigFile, getToken(I)Ldacapo/parser/Token; >"	10
"< Application, Lantlr/WildcardElement, toString()Ljava/lang/String; >"	9
"< Application, Lantlr/ANTLRTokdefLexer, mASSIGN(Z)V >"	15
"< Application, Lantlr/CSharpCodeGenerator, genCommonBlock(Lantlr/AlternativeBlock;Z)Lantlr/CSharpBlockFinishingInfo; >"	197
"< Application, Lantlr/ActionElement, toString()Ljava/lang/String; >"	8
"< Application, Lantlr/preprocessor/PreprocessorLexer, mk_tokenSet_1()[J >"	2
"< Application, Lantlr/JavaCodeGenerator, genTokenStrings()V >"	21
"< Application, Lantlr/ANTLRLexer, mBANG(Z)V >"	15
"< Application, Ldacapo/Matcher, matching()Z >"	3
"< Application, Lantlr/debug/DebuggingCharScanner, setDebugMode(Z)V >"	2
"< Application, Lantlr/CppCodeGenerator, getValueString(I)Ljava/lang/String; >"	26
"< Application, Lantlr/collections/impl/BitSet, clear()V >"	3
"< Application, Lantlr/ANTLRLexer, mCARET(Z)V >"	15
"< Application, Lantlr/ANTLRParser, rule()V >"	46
"< Application, Lantlr/CodeGenerator, markBitsetForGen(Lantlr/collections/impl/BitSet;)I >"	0
"< Application, Lantlr/CppCodeGenerator, genInclude(Lantlr/LexerGrammar;)V >"	74
"< Application, Lantlr/TreeParser, traceOut(Ljava/lang/String;Lantlr/collections/AST;)V >"	17
"< Application, Lantlr/actions/csharp/ActionLexer, mINT(Z)V >"	2
"< Application, Lantlr/actions/cpp/ActionLexer, mAST_CONSTRUCTOR(Z)V >"	98
"< Application, Lantlr/preprocessor/PreprocessorLexer, mNEWLINE(Z)V >"	39
"< Application, Lantlr/CppCodeGenerator, genNextToken()V >"	17
"< Application, Lantlr/DiagnosticCodeGenerator, genLookaheadSetForBlock(Lantlr/AlternativeBlock;)V >"	17
"< Application, Lantlr/debug/LLkDebuggingParser, consume()V >"	3
"< Application, Lantlr/DefaultToolErrorHandler, dumpSets([Ljava/lang/String;ILantlr/Grammar;ZI[Lantlr/Lookahead;)V >"	2
"< Application, Ldacapo/parser/ConfigFileTokenManager, getNextToken()Ldacapo/parser/Token; >"	170
"< Application, Lantlr/collections/impl/BitSet, equals(Ljava/lang/Object;)Z >"	24
"< Application, Lantlr/CppCodeGenerator, genCommonBlock(Lantlr/AlternativeBlock;Z)Lantlr/CppBlockFinishingInfo; >"	424
"< Application, Lantlr/ANTLRTokdefLexer, mXDIGIT(Z)V >"	29
"< Application, Ldacapo/parser/ConfigFile, getToken(I)Ldacapo/parser/Token; >"	1
"< Application, Lantlr/ANTLRLexer, mSL_COMMENT(Z)V >"	45
"< Application, Lantlr/CppCodeGenerator, gen(Lantlr/ZeroOrMoreBlock;)V >"	22
"< Application, Lantlr/ANTLRLexer, mACTION(Z)V >"	8
"< Application, Ldacapo/parser/ConfigFile, generateParseException()Ldacapo/parser/ParseException; >"	3
"< Application, Lantlr/preprocessor/Rule, toString()Ljava/lang/String; >"	90
"< Application, Ldacapo/parser/ParseException, getMessage()Ljava/lang/String; >"	88
"< Application, Lantlr/ANTLRLexer, mINTERNAL_RULE_REF(Z)I >"	27
"< Application, Lantlr/BaseAST, toStringList()Ljava/lang/String; >"	44
"< Application, Lantlr/JavaCodeGenerator, genMatchUsingAtomText(Lantlr/GrammarAtom;)V >"	3
"< Application, Lantlr/CSharpCodeGenerator, gen(Lantlr/TreeElement;)V >"	73
"< Application, Lantlr/ANTLRLexer, mXDIGIT(Z)V >"	29
"< Application, Lantlr/ImportVocabTokenManager, define(Ljava/lang/String;I)V >"	16
"< Application, Lantlr/JavaCodeGenerator, genNextToken()V >"	17
"< Application, Lantlr/CSharpCodeGenerator, genNextToken()V >"	17
"< Application, Lantlr/JavaCodeGenerator, gen(Lantlr/ZeroOrMoreBlock;)V >"	61
"< Application, Lantlr/LLkAnalyzer, look(ILantlr/TreeElement;)Lantlr/Lookahead; >"	39
"< Application, Lantlr/Tool, copyFile(Ljava/lang/String;Ljava/lang/String;)V >"	89
"< Application, Lantlr/actions/java/ActionLexer, mVAR_ASSIGN(Z)V >"	24
"< Application, Lantlr/CppCodeGenerator, genInclude(Lantlr/TreeWalkerGrammar;)V >"	72
"< Application, Lantlr/ANTLRParser, rule()V >"	16
"< Application, Lantlr/CppCodeGenerator, genBody(Lantlr/ParserGrammar;)V >"	272
"< Application, Lantlr/collections/impl/BitSet, notInPlace()V >"	3
"< Application, Lantlr/CSharpCodeGenerator, genBitsets(Lantlr/collections/impl/Vector;I)V >"	1
"< Application, Lantlr/ANTLRLexer, mRULE_REF(Z)V >"	14
"< Application, Lantlr/ANTLRLexer, mRANGE(Z)V >"	15
"< Application, Lantlr/JavaCodeGenerator, genCommonBlock(Lantlr/AlternativeBlock;Z)Lantlr/JavaBlockFinishingInfo; >"	108
"< Application, Ldacapo/parser/ConfigFile, outputFile(Ldacapo/parser/Config;Ljava/lang/String;)V >"	27
"< Application, Lantlr/ANTLRParser, tokensSpec()V >"	26
"< Application, Lantlr/CSharpCodeGenerator, genTokenStrings()V >"	39
"< Application, Lantlr/Parser, traceOut(Ljava/lang/String;)V >"	14
"< Application, Lantlr/TreeParser, traceIndent()V >"	0
"< Application, Lantlr/CSharpCodeGenerator, genCommonBlock(Lantlr/AlternativeBlock;Z)Lantlr/CSharpBlockFinishingInfo; >"	374
"< Application, Lantlr/ANTLRTokdefLexer, mSTRING(Z)V >"	26
"< Application, Lantlr/PreservingFileWriter, close()V >"	37
"< Application, Ldacapo/parser/ConfigFileTokenManager, jjMoveNfa_1(II)I >"	70
"< Application, Lantlr/JavaCodeGenerator, mapTreeId(Ljava/lang/String;Lantlr/ActionTransInfo;)Ljava/lang/String; >"	19
"< Application, Lantlr/DiagnosticCodeGenerator, genLookaheadSetForBlock(Lantlr/AlternativeBlock;)V >"	16
"< Application, Lantlr/CSharpCodeGenerator, genBody(Lantlr/TreeWalkerGrammar;)V >"	166
"< Application, Lantlr/AlternativeBlock, removeTrackingOfRuleRefs(Lantlr/Grammar;)V >"	6
"< Application, Lantlr/DiagnosticCodeGenerator, genLookaheadSetForAlt(Lantlr/Alternative;)V >"	12
"< Application, Lantlr/NoViableAltForCharException, getMessage()Ljava/lang/String; >"	63
"< Application, Lantlr/CppCodeGenerator, genTokenTypes(Lantlr/TokenManager;)V >"	62
"< Application, Lantlr/collections/impl/BitSet, andInPlace(Lantlr/collections/impl/BitSet;)V >"	6
"< Application, Ldacapo/parser/ConfigFile, generateParseException()Ldacapo/parser/ParseException; >"	55
"< Application, Lantlr/ANTLRLexer, mTREE_BEGIN(Z)V >"	15
"< Application, Lantlr/ANTLRHashString, hashCode()I >"	21
"< Application, Lantlr/actions/java/ActionLexer, mINT_OR_FLOAT(Z)V >"	2
"< Application, Lantlr/CppCodeGenerator, genBody(Lantlr/TreeWalkerGrammar;)V >"	118
"< Application, Lantlr/collections/impl/BitSet, subtractInPlace(Lantlr/collections/impl/BitSet;)V >"	2
"< Application, Lantlr/actions/csharp/ActionLexer, mACTION(Z)V >"	2
"< Application, Lantlr/Tool, main([Ljava/lang/String;)V >"	7
"< Application, Lantlr/JavaCodeGenerator, genCommonBlock(Lantlr/AlternativeBlock;Z)Lantlr/JavaBlockFinishingInfo; >"	167
"< Application, Ldacapo/Matcher, match(C)V >"	89
"< Application, Ldacapo/TestHarness, main([Ljava/lang/String;)V >"	4
"< Application, Lantlr/collections/impl/BitSet, nil()Z >"	3
"< Application, Lantlr/ANTLRLexer, mCHAR_LITERAL(Z)V >"	33
"< Application, Lantlr/actions/java/ActionLexer, mTEXT_ARG(Z)V >"	14
"< Application, Lantlr/AlternativeBlock, toString()Ljava/lang/String; >"	8
"< Application, Lantlr/CSharpCodeGenerator, genCommonBlock(Lantlr/AlternativeBlock;Z)Lantlr/CSharpBlockFinishingInfo; >"	18
"< Application, Lantlr/TreeWalkerGrammar, processArguments([Ljava/lang/String;)V >"	0
"< Application, Lantlr/actions/java/ActionLexer, mk_tokenSet_8()[J >"	3
"< Application, Lantlr/CharQueue, <init>(I)V >"	7
"< Application, Lantlr/StringUtils, stripBack(Ljava/lang/String;Ljava/lang/String;)Ljava/lang/String; >"	0
"< Application, Lantlr/CharRangeElement, <init>(Lantlr/LexerGrammar;Lantlr/Token;Lantlr/Token;I)V >"	18
"< Application, Lantlr/JavaCodeGenerator, mapTreeId(Ljava/lang/String;Lantlr/ActionTransInfo;)Ljava/lang/String; >"	39
"< Application, Lantlr/DocBookCodeGenerator, genLookaheadSetForBlock(Lantlr/AlternativeBlock;)V >"	16
"< Application, Ldacapo/parser/ConfigFileTokenManager, jjFillToken()Ldacapo/parser/Token; >"	11
"< Application, Lantlr/ANTLRParser, grammar()V >"	0
"< Application, Lantlr/CharQueue, expand()V >"	4
"< Application, Lantlr/ANTLRLexer, mASSIGN(Z)V >"	15
"< Application, Lantlr/actions/csharp/ActionLexer, mk_tokenSet_7()[J >"	3
"< Application, Lantlr/TreeParser, traceIn(Ljava/lang/String;Lantlr/collections/AST;)V >"	20
"< Application, Lantlr/preprocessor/Rule, sameSignature(Lantlr/preprocessor/Rule;)Z >"	8
"< Application, Lantlr/ANTLRParser, grammar()V >"	6
"< Application, Lantlr/preprocessor/PreprocessorLexer, mk_tokenSet_5()[J >"	3
"< Application, Lantlr/CppCodeGenerator, setupGrammarParameters(Lantlr/Grammar;)V >"	79
"< Application, Ldacapo/parser/ConfigFile, <init>(Ljava/io/InputStream;)V >"	19
"< Application, Lantlr/actions/cpp/ActionLexer, mTEXT_ITEM(Z)V >"	238
"< Application, Lantlr/CSharpCodeGenerator, gen(Lantlr/OneOrMoreBlock;)V >"	79
"< Application, Lantlr/preprocessor/PreprocessorLexer, mk_tokenSet_3()[J >"	2
"< Application, Lantlr/MakeGrammar, createNextTokenRule(Lantlr/Grammar;Lantlr/collections/impl/Vector;Ljava/lang/String;)Lantlr/RuleBlock; >"	8
"< Application, Lantlr/JavaCodeGenerator, genCommonBlock(Lantlr/AlternativeBlock;Z)Lantlr/JavaBlockFinishingInfo; >"	356
"< Application, Lantlr/ANTLRLexer, mOPEN_ELEMENT_OPTION(Z)V >"	15
"< Application, Ldacapo/parser/ConfigFile, generateParseException()Ldacapo/parser/ParseException; >"	19
"< Application, Lantlr/LLkAnalyzer, deterministicImpliedPath(Lantlr/BlockWithImpliedExitPath;)Z >"	155
"< Application, Lantlr/DefaultToolErrorHandler, warnAltExitAmbiguity(Lantlr/Grammar;Lantlr/BlockWithImpliedExitPath;ZI[Lantlr/Lookahead;I)V >"	6
"< Application, Ldacapo/Benchmark, sortArray([Ljava/lang/Comparable;)V >"	12
"< Application, Lantlr/JavaCodeGenerator, genErrorTryForElement(Lantlr/AlternativeElement;)V >"	9
"< Application, Lantlr/preprocessor/Rule, toString()Ljava/lang/String; >"	14
"< Application, Ldacapo/parser/ConfigFileTokenManager, jjMoveNfa_1(II)I >"	13
"< Application, Lantlr/CSharpCodeGenerator, getASTCreateString(Lantlr/collections/impl/Vector;)Ljava/lang/String; >"	16
"< Application, Lantlr/Parser, traceIndent()V >"	0
"< Application, Lantlr/DocBookCodeGenerator, genTokenTypes(Lantlr/TokenManager;)V >"	35
"< Application, Lantlr/HTMLCodeGenerator, HTMLEncode(Ljava/lang/String;)Ljava/lang/String; >"	3
"< Application, Ldacapo/parser/ConfigFileTokenManager, jjMoveNfa_0(II)I >"	13
"< Application, Ldacapo/FileDigest, main([Ljava/lang/String;)V >"	0
"< Application, Lantlr/preprocessor/Grammar, inherit(Lantlr/preprocessor/Option;Lantlr/preprocessor/Grammar;)V >"	13
"< Application, Lantlr/ANTLRParser, qualifiedID()Lantlr/Token; >"	28
"< Application, Lantlr/ANTLRLexer, mCLOSE_ELEMENT_OPTION(Z)V >"	15
"< Application, Lantlr/JavaCodeGenerator, mapTreeId(Ljava/lang/String;Lantlr/ActionTransInfo;)Ljava/lang/String; >"	84
"< Application, Lantlr/ANTLRParser, classDef()V >"	152
"< Application, Lantlr/preprocessor/Preprocessor, class_def(Ljava/lang/String;Lantlr/preprocessor/Hierarchy;)Lantlr/preprocessor/Grammar; >"	99
"< Application, Lantlr/RuleBlock, toString()Ljava/lang/String; >"	4
"< Application, Lantlr/ANTLRParser, rule()V >"	61
"< Application, Lantlr/CppCodeGenerator, genNextToken()V >"	245
"< Application, Lantlr/actions/csharp/ActionLexer, mk_tokenSet_8()[J >"	3
"< Application, Lantlr/MismatchedCharException, getMessage()Ljava/lang/String; >"	43
"< Application, Lantlr/JavaCodeGenerator, getASTCreateString(Ljava/lang/String;)Ljava/lang/String; >"	16
"< Application, Lantlr/HTMLCodeGenerator, genLookaheadSetForBlock(Lantlr/AlternativeBlock;)V >"	17
"< Application, Lantlr/actions/java/ActionLexer, mTEXT_ITEM(Z)V >"	288
"< Application, Ldacapo/TestHarness, main([Ljava/lang/String;)V >"	63
"< Application, Lantlr/actions/java/ActionLexer, mAST_CTOR_ELEMENT(Z)V >"	49
"< Application, Lantlr/ANTLRTokdefLexer, mID(Z)V >"	38
"< Application, Lantlr/CSharpCodeGenerator, genSemPred(Ljava/lang/String;I)V >"	24
"< Application, Lantlr/CppCodeGenerator, genBody(Lantlr/LexerGrammar;)V >"	62
"< Application, Lantlr/CppCodeGenerator, genBody(Lantlr/TreeWalkerGrammar;)V >"	106
"< Application, Lantlr/JavaCodeGenerator, getValueString(I)Ljava/lang/String; >"	28
"< Application, Lantlr/InputBuffer, getMarkedChars()Ljava/lang/String; >"	2
"< Application, Lantlr/CodeGenerator, _printAction(Ljava/lang/String;)V >"	2
"< Application, Lantlr/TokenStreamHiddenTokenFilter, nextToken()Lantlr/Token; >"	8
"< Application, Lantlr/actions/csharp/ActionLexer, mTEXT_ARG_ELEMENT(Z)V >"	35
"< Application, Lantlr/actions/java/ActionLexer, mDIGIT(Z)V >"	15
"< Application, Ldacapo/parser/ConfigFileTokenManager, getNextToken()Ldacapo/parser/Token; >"	147
"< Application, Lantlr/TokenStreamHiddenTokenFilter, consumeFirst()V >"	25
"< Application, Lantlr/actions/csharp/ActionLexer, mSTUFF(Z)V >"	78
"< Application, Ldacapo/LatexDescriptions, print([Ljava/lang/String;Ljava/io/PrintStream;)V >"	20
"< Application, Lantlr/Parser, traceIn(Ljava/lang/String;)V >"	17
"< Application, Lantlr/LLkAnalyzer, deterministicImpliedPath(Lantlr/BlockWithImpliedExitPath;)Z >"	8
"< Application, Ldacapo/parser/ConfigFileTokenManager, jjMoveNfa_0(II)I >"	100
"< Application, Lantlr/actions/java/ActionLexer, mTEXT_ARG_ELEMENT(Z)V >"	35
"< Application, Lantlr/CppCodeGenerator, getLookaheadTestExpression(Lantlr/Alternative;I)Ljava/lang/String; >"	4
"< Application, Lantlr/ANTLRHashString, equals(Ljava/lang/Object;)Z >"	13
"< Application, Lantlr/CSharpCharFormatter, escapeString(Ljava/lang/String;)Ljava/lang/String; >"	2
"< Application, Lantlr/CppCodeGenerator, genBitsets(Lantlr/collections/impl/Vector;ILjava/lang/String;)V >"	3
"< Application, Lantlr/CppCodeGenerator, genCases(Lantlr/collections/impl/BitSet;)V >"	31
"< Application, Ldacapo/parser/ConfigFileTokenManager, jjMoveNfa_0(II)I >"	157
"< Application, Lantlr/JavaCodeGenerator, genBlockPreamble(Lantlr/AlternativeBlock;)V >"	5
"< Application, Lantlr/CodeGenerator, elementsAreRange([I)Z >"	16
"< Application, Lantlr/CSharpCodeGenerator, genCommonBlock(Lantlr/AlternativeBlock;Z)Lantlr/CSharpBlockFinishingInfo; >"	389
"< Application, Ldacapo/Matcher, match(C)V >"	70
"< Application, Lantlr/preprocessor/GrammarFile, toString()Ljava/lang/String; >"	10
"< Application, Lantlr/actions/java/ActionLexer, mINT(Z)V >"	32
"< Application, Lantlr/CppCodeGenerator, genElementAST(Lantlr/AlternativeElement;)V >"	49
"< Application, Lantlr/CppCodeGenerator, genInclude(Lantlr/TreeWalkerGrammar;)V >"	86
"< Application, Ldacapo/Benchmark, validate(Ljava/lang/String;)Z >"	85
"< Application, Lantlr/MismatchedTokenException, <init>([Ljava/lang/String;Lantlr/Token;IZLjava/lang/String;)V >"	10
"< Application, Lantlr/CppCodeGenerator, gen(Lantlr/OneOrMoreBlock;)V >"	27
"< Application, Lantlr/ANTLRLexer, mTOKEN_REF(Z)V >"	27
"< Application, Lantlr/debug/DebuggingInputBuffer, consume()V >"	4
"< Application, Lantlr/actions/cpp/ActionLexer, mSL_COMMENT(Z)V >"	52
"< Application, Lantlr/CppCodeGenerator, genErrorTryForElement(Lantlr/AlternativeElement;)V >"	9
"< Application, Lantlr/ANTLRLexer, mCOMMENT(Z)V >"	25
"< Application, Lantlr/ANTLRParser, superClass()Ljava/lang/String; >"	6
"< Application, Lantlr/actions/java/ActionLexer, mTREE_ELEMENT(Z)V >"	92
"< Application, Lantlr/Lookahead, toString(Ljava/lang/String;Lantlr/CharFormatter;)Ljava/lang/String; >"	14
"< Application, Lantlr/CSharpCodeGenerator, genNextToken()V >"	160
"< Application, Lantlr/CSharpCodeGenerator, genErrorCatchForElement(Lantlr/AlternativeElement;)V >"	9
"< Application, Ldacapo/TestHarness, invokeConfiguration(Ljava/lang/reflect/Method;Ljava/lang/String;)V >"	36
"< Application, Lantlr/ANTLRLexer, mWILDCARD(Z)V >"	15
"< Application, Lantlr/ANTLRParser, treeParserSpec(Ljava/lang/String;)V >"	14
"< Application, Lantlr/CSharpCodeGenerator, mangleLiteral(Ljava/lang/String;)Ljava/lang/String; >"	24
"< Application, Lantlr/preprocessor/PreprocessorLexer, mDIGIT(Z)V >"	15
"< Application, Lantlr/collections/impl/BitSet, toString(Ljava/lang/String;)Ljava/lang/String; >"	0
"< Application, Lantlr/CSharpCodeGenerator, getASTCreateString(Ljava/lang/String;)Ljava/lang/String; >"	16
"< Application, Lantlr/JavaCodeGenerator, genCommonBlock(Lantlr/AlternativeBlock;Z)Lantlr/JavaBlockFinishingInfo; >"	174
"< Application, Lantlr/DocBookCodeGenerator, HTMLEncode(Ljava/lang/String;)Ljava/lang/String; >"	3
"< Application, Lantlr/CSharpCodeGenerator, getValueString(I)Ljava/lang/String; >"	28
"< Application, Ldacapo/Callback, start(Ljava/lang/String;Z)V >"	15
"< Application, Lantlr/CSharpCodeGenerator, gen(Lantlr/ZeroOrMoreBlock;)V >"	59
"< Application, Lantlr/ANTLRParser, lexerSpec(Ljava/lang/String;)V >"	33
"< Application, Lantlr/CSharpCodeGenerator, gen(Lantlr/RuleRefElement;)V >"	147
"< Application, Ldacapo/parser/Config$OutputFile, hasBytes()Z >"	4
"< Application, Lantlr/CSharpCodeGenerator, genCommonBlock(Lantlr/AlternativeBlock;Z)Lantlr/CSharpBlockFinishingInfo; >"	103
"< Application, Lantlr/ANTLRLexer, mk_tokenSet_1()[J >"	3
"< Application, Lantlr/JavaCodeGenerator, genBitsets(Lantlr/collections/impl/Vector;I)V >"	1
"< Application, Lantlr/preprocessor/Tool, processArguments([Ljava/lang/String;)V >"	4
"< Application, Lantlr/actions/csharp/ActionLexer, mTEXT_ARG_ID_ELEMENT(Z)V >"	103
"< Application, Lantlr/ANTLRParser, classDef()V >"	147
"< Application, Lantlr/actions/cpp/ActionLexer, mESC(Z)V >"	107
"< Application, Ldacapo/Digest, toString([B)Ljava/lang/String; >"	4
"< Application, Lantlr/actions/csharp/ActionLexer, mSL_COMMENT(Z)V >"	52
"< Application, Lantlr/ANTLRTokdefLexer, mWS(Z)V >"	36
"< Application, Lantlr/actions/cpp/ActionLexer, mAST_CONSTRUCTOR(Z)V >"	134
"< Application, Lantlr/actions/java/ActionLexer, mESC(Z)V >"	107
"< Application, Ldacapo/parser/ConfigFile, generateParseException()Ldacapo/parser/ParseException; >"	39
"< Application, Lantlr/BaseAST, toStringList()Ljava/lang/String; >"	25
"< Application, Lantlr/Alternative, atStart()Z >"	3
"< Application, Lantlr/JavaCodeGenerator, genCommonBlock(Lantlr/AlternativeBlock;Z)Lantlr/JavaBlockFinishingInfo; >"	125
"< Application, Lantlr/GrammarAtom, toString()Ljava/lang/String; >"	9
"< Application, Lantlr/collections/impl/BitSet, toStringWithRanges(Ljava/lang/String;Lantlr/CharFormatter;)Ljava/lang/String; >"	56
"< Application, Lantlr/ANTLRParser, range(Lantlr/Token;)V >"	47
"< Application, Lantlr/collections/impl/BitSet, toStringWithRanges(Ljava/lang/String;Lantlr/CharFormatter;)Ljava/lang/String; >"	8
"< Application, Lantlr/AlternativeBlock, prepareForAnalysis()V >"	0
"< Application, LMMTkHarness, <init>()V >"	13
"< Application, Lantlr/actions/java/ActionLexer, mID_ELEMENT(Z)Z >"	117
"< Application, Lantlr/CppCodeGenerator, mapTreeId(Ljava/lang/String;Lantlr/ActionTransInfo;)Ljava/lang/String; >"	9
"< Application, Lantlr/JavaCharFormatter, escapeString(Ljava/lang/String;)Ljava/lang/String; >"	2
"< Application, Ldacapo/parser/Config$OutputFile, hasDigest()Z >"	3
"< Application, Lantlr/LLkAnalyzer, deterministic(Lantlr/AlternativeBlock;)Z >"	130
"< Application, Lantlr/build/Tool, perform(Ljava/lang/String;Ljava/lang/String;)V >"	25
"< Application, Lantlr/PreservingFileWriter, close()V >"	60
"< Application, Lantlr/ANTLRParser, elementNoOptionSpec()V >"	192
"< Application, Lantlr/preprocessor/Hierarchy, verifyThatHierarchyIsComplete()Z >"	2
"< Application, Ldacapo/parser/SimpleCharStream, adjustBeginLineColumn(II)V >"	53
"< Application, Lantlr/CSharpCodeGenerator, genBlockPreamble(Lantlr/AlternativeBlock;)V >"	5
"< Application, Lantlr/actions/cpp/ActionLexer, mWS(Z)V >"	2
"< Application, Lantlr/DocBookCodeGenerator, printSet(IILantlr/Lookahead;)V >"	19
"< Application, Ldacapo/parser/Config, describe(Ljava/io/PrintStream;ZLjava/lang/String;Ljava/lang/String;)V >"	11
"< Application, Ldacapo/parser/ConfigFileTokenManager, getNextToken()Ldacapo/parser/Token; >"	179
"< Application, Lantlr/CodeGenerator, _printAction(Ljava/lang/String;)V >"	45
"< Application, Ldacapo/parser/ConfigFile, ReInit(Ljava/io/Reader;)V >"	10
"< Application, Ldacapo/TestHarness, rmdir(Ljava/io/File;)V >"	2
"< Application, Ldacapo/TestHarness, exists(Ljava/lang/String;)Z >"	3
"< Application, Ldacapo/Matcher, match(C)V >"	57
"< Application, Lantlr/actions/csharp/ActionLexer, mARG(Z)V >"	108
"< Application, Lantlr/CodeGenerator, _printAction(Ljava/lang/String;)V >"	38
"< Application, Lantlr/ImportVocabTokenManager, define(Ljava/lang/String;I)V >"	7
"< Application, Lantlr/ANTLRParser, parserSpec(Ljava/lang/String;)V >"	30
"< Application, Lantlr/StringUtils, stripFront(Ljava/lang/String;Ljava/lang/String;)Ljava/lang/String; >"	0
"< Application, Lantlr/ANTLRParser, setBlockElement()Lantlr/collections/impl/BitSet; >"	26
"< Application, Lantlr/preprocessor/PreprocessorLexer, mID_OR_KEYWORD(Z)V >"	111
"< Application, Lantlr/CppCodeGenerator, gen(Lantlr/OneOrMoreBlock;)V >"	45
"< Application, Lantlr/CSharpCodeGenerator, gen(Lantlr/ZeroOrMoreBlock;)V >"	25
"< Application, Lantlr/ASTFactory, getASTNodeType(I)Ljava/lang/Class; >"	19
"< Application, Lantlr/CSharpCodeGenerator, genNextToken()V >"	83
"< Application, Lantlr/StringLiteralElement, <init>(Lantlr/Grammar;Lantlr/Token;I)V >"	47
"< Application, Ldacapo/TestHarness, runBenchmark(Ljava/io/File;Ljava/lang/String;Ldacapo/TestHarness;)V >"	83
"< Application, Lantlr/collections/impl/LList, includes(Ljava/lang/Object;)Z >"	1
"< Application, Ldacapo/parser/ConfigFileTokenManager, jjMoveNfa_0(II)I >"	42
"< Application, Ldacapo/parser/ConfigFileTokenManager, jjMoveNfa_0(II)I >"	84
"< Application, Lantlr/actions/cpp/ActionLexer, mTREE_ELEMENT(Z)V >"	101
"< Application, Lantlr/build/ANTLR, jar(Lantlr/build/Tool;)V >"	15
"< Application, Ldacapo/parser/ConfigFileTokenManager, getNextToken()Ldacapo/parser/Token; >"	0
"< Application, Lantlr/LLkAnalyzer, look(ILantlr/TokenRangeElement;)Lantlr/Lookahead; >"	21
"< Application, Ldacapo/Benchmark, deleteFiles(Ljava/io/File;Ljava/lang/String;)V >"	3
"< Application, Lantlr/ANTLRLexer, mRCURLY(Z)V >"	15
"< Application, Ldacapo/parser/ParseException, getMessage()Ljava/lang/String; >"	15
"< Application, Lantlr/preprocessor/PreprocessorLexer, mSL_COMMENT(Z)V >"	31
"< Application, Lantlr/CppCodeGenerator, getASTCreateString(Lantlr/collections/impl/Vector;)Ljava/lang/String; >"	18
"< Application, Lantlr/preprocessor/PreprocessorLexer, mSUBRULE_BLOCK(Z)V >"	113
"< Application, Ldacapo/parser/ConfigFile, sizeClause(Ldacapo/parser/Config;Ljava/lang/String;)V >"	15
"< Application, Lantlr/CppCodeGenerator, mapTreeId(Ljava/lang/String;Lantlr/ActionTransInfo;)Ljava/lang/String; >"	39
"< Application, Lantlr/ANTLRParser, elementNoOptionSpec()V >"	55
"< Application, Lantlr/CSharpCodeGenerator, mapTreeId(Ljava/lang/String;Lantlr/ActionTransInfo;)Ljava/lang/String; >"	84
"< Application, Lantlr/JavaCodeGenerator, genBitSet(Lantlr/collections/impl/BitSet;I)V >"	56
"< Application, Lantlr/CSharpCodeGenerator, processActionForSpecialSymbols(Ljava/lang/String;ILantlr/RuleBlock;Lantlr/ActionTransInfo;)Ljava/lang/String; >"	56
"< Application, Lantlr/ASTFactory, createUsingCtor(Lantlr/Token;Ljava/lang/String;)Lantlr/collections/AST; >"	8
"< Application, Lantlr/debug/InputBufferEventSupport, fireEvents(ILjava/util/Vector;)V >"	12
"< Application, Lantlr/DiagnosticCodeGenerator, printSet(IILantlr/Lookahead;)V >"	26
"< Application, Lantlr/HTMLCodeGenerator, genLookaheadSetForBlock(Lantlr/AlternativeBlock;)V >"	0
"< Application, Lantlr/ASTFactory, make([Lantlr/collections/AST;)Lantlr/collections/AST; >"	7
"< Application, Lantlr/CSharpCodeGenerator, genInitFactory(Lantlr/Grammar;)V >"	18
"< Application, Lantlr/MismatchedTokenException, <init>([Ljava/lang/String;Lantlr/Token;IIZLjava/lang/String;)V >"	10
"< Application, Lantlr/JavaCodeGenerator, genCommonBlock(Lantlr/AlternativeBlock;Z)Lantlr/JavaBlockFinishingInfo; >"	402
"< Application, Lantlr/collections/impl/Vector, removeElement(Ljava/lang/Object;)Z >"	0
"< Application, Lantlr/BaseAST, getNumberOfChildren()I >"	2
"< Application, Lantlr/collections/impl/BitSet, orInPlace(Lantlr/collections/impl/BitSet;)V >"	14
"< Application, Lantlr/TokenStreamBasicFilter, nextToken()Lantlr/Token; >"	2
"< Application, Lantlr/JavaCodeGenerator, genMatchUsingAtomText(Lantlr/GrammarAtom;)V >"	15
"< Application, Lantlr/CSharpCodeGenerator, getASTCreateString(Ljava/lang/String;)Ljava/lang/String; >"	42
"< Application, Lantlr/collections/impl/BitSet, andInPlace(Lantlr/collections/impl/BitSet;)V >"	16
"< Application, Lantlr/ANTLRParser, classDef()V >"	94
"< Application, Lantlr/ANTLRParser, terminal(Lantlr/Token;)V >"	17
"< Application, Lantlr/JavaCodeGenerator, genErrorHandler(Lantlr/ExceptionSpec;)V >"	0
"< Application, Ldacapo/parser/ConfigFile, sizeClause(Ldacapo/parser/Config;Ljava/lang/String;)V >"	7
"< Application, Lantlr/JavaCodeGenerator, getASTCreateString(Ljava/lang/String;)Ljava/lang/String; >"	1
"< Application, Ldacapo/parser/ConfigFileTokenManager, jjMoveNfa_0(II)I >"	154
"< Application, Lantlr/debug/ParserEventSupport, addDoneListener(Lantlr/debug/ListenerBase;)V >"	12
"< Application, Lantlr/LLkAnalyzer, deterministic(Lantlr/OneOrMoreBlock;)Z >"	18
"< Application, Lantlr/CppCodeGenerator, gen(Lantlr/TreeElement;)V >"	78
"< Application, Lantlr/Lookahead, toString()Ljava/lang/String; >"	14
"< Application, Lantlr/ANTLRParser, exceptionSpec()V >"	15
"< Application, Lantlr/CodeGenerator, _printAction(Ljava/lang/String;)V >"	19
"< Application, Lantlr/preprocessor/PreprocessorLexer, mESC(Z)V >"	117
"< Application, Lantlr/CppCharFormatter, escapeChar(IZ)Ljava/lang/String; >"	11
"< Application, Ldacapo/Slice, slice(Ljava/io/File;Ljava/io/File;I)V >"	2
"< Application, Lantlr/CSharpCodeGenerator, genCommonBlock(Lantlr/AlternativeBlock;Z)Lantlr/CSharpBlockFinishingInfo; >"	185
"< Application, Lantlr/CSharpCodeGenerator, genCommonBlock(Lantlr/AlternativeBlock;Z)Lantlr/CSharpBlockFinishingInfo; >"	186
"< Application, Lantlr/actions/java/ActionLexer, mSL_COMMENT(Z)V >"	52
"< Application, Ldacapo/FileDigest, main([Ljava/lang/String;)V >"	27
"< Application, Lantlr/build/Tool, perform(Ljava/lang/String;Ljava/lang/String;)V >"	17
"< Application, Lantlr/LLkAnalyzer, look(ILantlr/BlockEndElement;)Lantlr/Lookahead; >"	37
"< Application, Lantlr/ANTLRLexer, mML_COMMENT(Z)V >"	29
"< Application, Lantlr/collections/impl/BitSet, equals(Ljava/lang/Object;)Z >"	9
"< Application, Lantlr/ANTLRHashString, hashCode()I >"	12
"< Application, Lantlr/ANTLRParser, tree()V >"	13
"< Application, Lantlr/CppCodeGenerator, genBitsetsHeader(Lantlr/collections/impl/Vector;I)V >"	1
"< Application, Lantlr/JavaCodeGenerator, getASTCreateString(Ljava/lang/String;)Ljava/lang/String; >"	2
"< Application, Lantlr/JavaCodeGenerator, genBitSet(Lantlr/collections/impl/BitSet;I)V >"	27
"< Application, Lantlr/ANTLRTokdefLexer, mINT(Z)V >"	32
"< Application, Lantlr/GrammarAtom, toString()Ljava/lang/String; >"	17
"< Application, Lantlr/build/ANTLR$1, accept(Ljava/io/File;Ljava/lang/String;)Z >"	5
"< Application, Lantlr/MismatchedTokenException, <init>([Ljava/lang/String;Lantlr/Token;Lantlr/collections/impl/BitSet;ZLjava/lang/String;)V >"	10
"< Application, Lantlr/ANTLRParser, tokensSpec()V >"	64
"< Application, Lantlr/collections/impl/VectorEnumerator, hasMoreElements()Z >"	7
"< Application, Lantlr/LLkParser, trace(Ljava/lang/String;Ljava/lang/String;)V >"	14
"< Application, Lantlr/DocBookCodeGenerator, genAlt(Lantlr/Alternative;)V >"	7
"< Application, Lantlr/CSharpCodeGenerator, genElementAST(Lantlr/AlternativeElement;)V >"	49
"< Application, Lantlr/DiagnosticCodeGenerator, genRule(Lantlr/RuleSymbol;)V >"	4
"< Application, Lantlr/CppCodeGenerator, genTokenStrings(Ljava/lang/String;)V >"	39
"< Application, Lantlr/DiagnosticCodeGenerator, genRule(Lantlr/RuleSymbol;)V >"	86
"< Application, Lantlr/ANTLRLexer, mARG_ACTION(Z)V >"	18
"< Application, Lantlr/JavaCodeGenerator, gen(Lantlr/ZeroOrMoreBlock;)V >"	22
"< Application, Ldacapo/FileDigest, getBinary(Ljava/io/File;)[B >"	8
"< Application, Lantlr/Lookahead, toString()Ljava/lang/String; >"	4
"< Application, Lantlr/debug/ParserMatchEvent, toString()Ljava/lang/String; >"	17
"< Application, Lantlr/CSharpCodeGenerator, genCommonBlock(Lantlr/AlternativeBlock;Z)Lantlr/CSharpBlockFinishingInfo; >"	384
"< Application, Lantlr/collections/impl/BitSet, degree()I >"	3
"< Application, Lantlr/AlternativeBlock, toString()Ljava/lang/String; >"	9
"< Application, Lantlr/actions/cpp/ActionLexer, mML_COMMENT(Z)V >"	57
"< Application, Lantlr/JavaCodeGenerator, gen(Lantlr/LexerGrammar;)V >"	69
"< Application, Ldacapo/parser/Config, main([Ljava/lang/String;)V >"	0
"< Application, Lantlr/ANTLRLexer, mNOT_OP(Z)V >"	15
"< Application, Lantlr/preprocessor/Preprocessor, class_def(Ljava/lang/String;Lantlr/preprocessor/Hierarchy;)Lantlr/preprocessor/Grammar; >"	82
"< Application, Ldacapo/parser/ParseException, getMessage()Ljava/lang/String; >"	47
"< Application, Lantlr/actions/java/ActionLexer, mCOMMENT(Z)V >"	33
"< Application, Lantlr/ANTLRLexer, mQUESTION(Z)V >"	15
"< Application, Lantlr/actions/csharp/ActionLexer, mID_ELEMENT(Z)Z >"	117
"< Application, Lantlr/ANTLRParser, alternative()V >"	13
"< Application, Lantlr/CppCodeGenerator, lookaheadIsEmpty(Lantlr/Alternative;I)Z >"	5
"< Application, Lantlr/actions/csharp/ActionLexer, mTEXT_ITEM(Z)V >"	42
"< Application, Lantlr/CodeGenerator, removeAssignmentFromDeclaration(Ljava/lang/String;)Ljava/lang/String; >"	5
"< Application, Lantlr/actions/csharp/ActionLexer, mDIGIT(Z)V >"	15
"< Application, Lantlr/CppCodeGenerator, genBody(Lantlr/TreeWalkerGrammar;)V >"	57
"< Application, Lantlr/actions/cpp/ActionLexer, mID_ELEMENT(Z)Z >"	256
"< Application, Lantlr/debug/ParserMatchEvent, toString()Ljava/lang/String; >"	6
"< Application, Lantlr/actions/cpp/ActionLexer, mID_ELEMENT(Z)Z >"	132
"< Application, Lantlr/actions/java/ActionLexer, mACTION(Z)V >"	2
"< Application, Lantlr/actions/csharp/ActionLexer, mCHAR(Z)V >"	33
"< Application, Lantlr/actions/cpp/ActionLexer, mk_tokenSet_8()[J >"	3
"< Application, Ldacapo/antlr/AntlrHarness, iterate(Ljava/lang/String;)V >"	19
"< Application, Lantlr/LLkAnalyzer, deterministic(Lantlr/AlternativeBlock;)Z >"	71
"< Application, Ldacapo/TestHarness, findMethod(Ljava/lang/String;)Ljava/lang/reflect/Method; >"	2
"< Application, Lantlr/TreeElement, toString()Ljava/lang/String; >"	10
"< Application, Lantlr/actions/java/ActionLexer, mAST_CONSTRUCTOR(Z)V >"	179
"< Application, Lantlr/debug/DebuggingCharScanner, match(Ljava/lang/String;)V >"	3
"< Application, Lantlr/ANTLRParser, notTerminal(Lantlr/Token;)V >"	17
"< Application, Lantlr/Tool, checkForInvalidArguments([Ljava/lang/String;Lantlr/collections/impl/BitSet;)V >"	0
"< Application, Lantlr/JavaCodeGenerator, gen(Lantlr/CharRangeElement;)V >"	22
"< Application, Lantlr/preprocessor/Preprocessor, rule(Lantlr/preprocessor/Grammar;)V >"	14
"< Application, Ldacapo/parser/ConfigFileTokenManager, ReInitRounds()V >"	1
"< Application, Ldacapo/LatexDescriptions, print([Ljava/lang/String;Ljava/io/PrintStream;)V >"	34
"< Application, Lantlr/MismatchedTokenException, getMessage()Ljava/lang/String; >"	67
"< Application, Ldacapo/TestHarness, main([Ljava/lang/String;)V >"	213
"< Application, Lantlr/ANTLRTokdefLexer, mML_COMMENT(Z)V >"	36
"< Application, Lantlr/actions/cpp/ActionLexer, mINT_OR_FLOAT(Z)V >"	77
"< Application, Ldacapo/TestHarness, main([Ljava/lang/String;)V >"	198
"< Application, Lantlr/actions/csharp/ActionLexer, mTEXT_ITEM(Z)V >"	288
"< Application, Lantlr/BaseAST, equals(Lantlr/collections/AST;)Z >"	10
"< Application, Lantlr/CppCodeGenerator, genMatchUsingAtomText(Lantlr/GrammarAtom;)V >"	14
"< Application, Lantlr/HTMLCodeGenerator, genAlt(Lantlr/Alternative;)V >"	7
"< Application, Ldacapo/parser/SimpleCharStream, adjustBeginLineColumn(II)V >"	45
"< Application, Ldacapo/parser/ConfigFile, description(Ldacapo/parser/Config;)V >"	7
"< Application, Lantlr/actions/java/ActionLexer, mk_tokenSet_2()[J >"	2
"< Application, Ldacapo/FileDigest, getText(Ljava/io/File;ZLjava/io/File;)[B >"	13
"< Application, Lantlr/CppCodeGenerator, genCommonBlock(Lantlr/AlternativeBlock;Z)Lantlr/CppBlockFinishingInfo; >"	409
"< Application, Lantlr/actions/java/ActionLexer, mML_COMMENT(Z)V >"	73
"< Application, Lantlr/collections/impl/BitSet, member(I)Z >"	12
"< Application, Lantlr/build/Tool, perform(Ljava/lang/String;Ljava/lang/String;)V >"	44
"< Application, Lantlr/CSharpCodeGenerator, getASTCreateString(Lantlr/GrammarAtom;Ljava/lang/String;)Ljava/lang/String; >"	55
"< Application, Lantlr/DocBookCodeGenerator, genLookaheadSetForAlt(Lantlr/Alternative;)V >"	12
"< Application, Lantlr/MismatchedCharException, <init>(CLantlr/collections/impl/BitSet;ZLantlr/CharScanner;)V >"	6
"< Application, Lantlr/Tool, parseSeparatedList(Ljava/lang/String;C)Lantlr/collections/impl/Vector; >"	4
"< Application, Lantlr/actions/java/ActionLexer, mk_tokenSet_1()[J >"	2
"< Application, Lantlr/MakeGrammar, refStringLiteral(Lantlr/Token;Lantlr/Token;IZ)V >"	21
"< Application, Lantlr/ANTLRLexer, mINT(Z)V >"	32
"< Application, Lantlr/LLkAnalyzer, deterministicImpliedPath(Lantlr/BlockWithImpliedExitPath;)Z >"	24
"< Application, Lantlr/ASTFactory, dupList(Lantlr/collections/AST;)Lantlr/collections/AST; >"	1
"< Application, Lantlr/MismatchedCharException, <init>(CCCZLantlr/CharScanner;)V >"	6
"< Application, Lantlr/CSharpCodeGenerator, getLookaheadTestExpression(Lantlr/Alternative;I)Ljava/lang/String; >"	4
"< Application, Lantlr/CppCodeGenerator, genASTDeclaration(Lantlr/AlternativeElement;Ljava/lang/String;Ljava/lang/String;)V >"	21
"< Application, Lantlr/debug/LLkDebuggingParser, setupDebugging(Lantlr/TokenStream;Lantlr/TokenBuffer;)V >"	31
"< Application, Ldacapo/parser/ConfigFile, generateParseException()Ldacapo/parser/ParseException; >"	13
"< Application, Lantlr/ASTIterator, isSubtree(Lantlr/collections/AST;Lantlr/collections/AST;)Z >"	6
"< Application, Lantlr/CppCodeGenerator, genBitsets(Lantlr/collections/impl/Vector;ILjava/lang/String;)V >"	51
"< Application, Lantlr/actions/csharp/ActionLexer, mAST_CONSTRUCTOR(Z)V >"	110
"< Application, Lantlr/JavaCodeGenerator, mapTreeId(Ljava/lang/String;Lantlr/ActionTransInfo;)Ljava/lang/String; >"	20
"< Application, Lantlr/JavaCodeGenerator, genCommonBlock(Lantlr/AlternativeBlock;Z)Lantlr/JavaBlockFinishingInfo; >"	395
"< Application, Lantlr/ANTLRParser, setBlockElement()Lantlr/collections/impl/BitSet; >"	8
"< Application, Lantlr/JavaCodeGenerator, genElementAST(Lantlr/AlternativeElement;)V >"	71
"< Application, Lantlr/JavaCodeGenerator, genCases(Lantlr/collections/impl/BitSet;)V >"	16
"< Application, Lantlr/CppCodeGenerator, mangleLiteral(Ljava/lang/String;)Ljava/lang/String; >"	2
"< Application, Lantlr/JavaCodeGenerator, genCommonBlock(Lantlr/AlternativeBlock;Z)Lantlr/JavaBlockFinishingInfo; >"	100
"< Application, Lantlr/Lookahead, toString(Ljava/lang/String;Lantlr/collections/impl/Vector;)Ljava/lang/String; >"	21
"< Application, Lantlr/CSharpCodeGenerator, genNextToken()V >"	260
"< Application, Lantlr/actions/cpp/ActionLexer, mTREE(Z)V >"	125
"< Application, Lantlr/preprocessor/Rule, toString()Ljava/lang/String; >"	59
"< Application, Lantlr/actions/csharp/ActionLexer, mAST_CONSTRUCTOR(Z)V >"	209
"< Application, Ldacapo/parser/ParseException, getMessage()Ljava/lang/String; >"	4
"< Application, Lantlr/actions/cpp/ActionLexer, mk_tokenSet_7()[J >"	3
"< Application, Ldacapo/parser/Config$OutputFile, hasLines()Z >"	3
"< Application, Lantlr/ANTLRTokdefLexer, mRPAREN(Z)V >"	15
"< Application, Lantlr/preprocessor/Tool, processArguments([Ljava/lang/String;)V >"	78
"< Application, Lantlr/preprocessor/Preprocessor, rule(Lantlr/preprocessor/Grammar;)V >"	52
"< Application, Lantlr/actions/cpp/ActionLexer, mWS(Z)V >"	52
"< Application, Lantlr/actions/cpp/ActionLexer, mACTION(Z)V >"	2
"< Application, Ldacapo/Benchmark, validate(Ljava/lang/String;)Z >"	200
"< Application, Lantlr/JavaCodeGenerator, lookaheadIsEmpty(Lantlr/Alternative;I)Z >"	5
"< Application, Lantlr/actions/java/ActionLexer, mTEXT_ITEM(Z)V >"	37
"< Application, Lantlr/DumpASTVisitor, tabs()V >"	0
"< Application, Lantlr/ANTLRParser, rules()V >"	0
"< Application, Lantlr/JavaCodeGenerator, genCommonBlock(Lantlr/AlternativeBlock;Z)Lantlr/JavaBlockFinishingInfo; >"	26
"< Application, Lantlr/TokenQueue, <init>(I)V >"	7
"< Application, Ldacapo/parser/ParseException, getMessage()Ljava/lang/String; >"	16
"< Application, Lantlr/JavaCodeGenerator, gen(Lantlr/LexerGrammar;)V >"	299
"< Application, Lantlr/JavaCodeGenerator, genMatchUsingAtomTokenType(Lantlr/GrammarAtom;)V >"	16
"< Application, Lantlr/MakeGrammar, labelElement(Lantlr/AlternativeElement;Lantlr/Token;)V >"	1
"< Application, Ldacapo/Callback, complete(Ljava/lang/String;ZZ)V >"	11
"< Application, Lantlr/debug/LLkDebuggingParser, setupDebugging(Lantlr/TokenStream;Lantlr/TokenBuffer;)V >"	23
"< Application, Lantlr/BaseAST, xmlSerialize(Ljava/io/Writer;)V >"	0
"< Application, Lantlr/ANTLRParser, qualifiedID()Lantlr/Token; >"	8
"< Application, Lantlr/debug/misc/JTreeASTModel, getChildCount(Ljava/lang/Object;)I >"	6
"< Application, Lantlr/build/Tool, perform(Ljava/lang/String;Ljava/lang/String;)V >"	7
"< Application, Lantlr/preprocessor/Preprocessor, throwsSpec()Ljava/lang/String; >"	24
"< Application, Lantlr/PreservingFileWriter, close()V >"	19
"< Application, Lantlr/RuleBlock, toString()Ljava/lang/String; >"	28
"< Application, Lantlr/debug/ParserMatchEvent, toString()Ljava/lang/String; >"	11
"< Application, Lantlr/CppCodeGenerator, countLines(Ljava/lang/String;)I >"	6
"< Application, Lantlr/CppCodeGenerator, genCommonBlock(Lantlr/AlternativeBlock;Z)Lantlr/CppBlockFinishingInfo; >"	458
"< Application, Lantlr/ANTLRTokdefLexer, mk_tokenSet_3()[J >"	3
"< Application, Lantlr/preprocessor/PreprocessorLexer, mCOMMENT(Z)V >"	33
"< Application, Lantlr/LLkAnalyzer, look(ILantlr/WildcardElement;)Lantlr/Lookahead; >"	44
"< Application, Lantlr/debug/misc/JTreeASTModel, getChild(Ljava/lang/Object;I)Ljava/lang/Object; >"	8
"< Application, Lantlr/MakeGrammar, defineRuleName(Lantlr/Token;Ljava/lang/String;ZLjava/lang/String;)V >"	46
"< Application, Lantlr/preprocessor/PreprocessorLexer, mCOMMA(Z)V >"	15
"< Application, Lantlr/actions/csharp/ActionLexer, mAST_CTOR_ELEMENT(Z)V >"	49
"< Application, Lantlr/DumpASTVisitor, visit(Lantlr/collections/AST;)V >"	7
"< Application, Lantlr/preprocessor/PreprocessorLexer, mCURLY_BLOCK_SCARF(Z)V >"	63
"< Application, Lantlr/CSharpCodeGenerator, genCommonBlock(Lantlr/AlternativeBlock;Z)Lantlr/CSharpBlockFinishingInfo; >"	136
"< Application, Ldacapo/Benchmark, validate(Ljava/lang/String;)Z >"	107
"< Application, Lantlr/JavaCodeGenerator, gen(Lantlr/RuleRefElement;)V >"	145
"< Application, Lantlr/CSharpCodeGenerator, genCommonBlock(Lantlr/AlternativeBlock;Z)Lantlr/CSharpBlockFinishingInfo; >"	256
"< Application, Lantlr/ANTLRParser, ast_type_spec()I >"	18
"< Application, Lantlr/collections/impl/BitSet, toString(Ljava/lang/String;Lantlr/CharFormatter;)Ljava/lang/String; >"	14
"< Application, Lantlr/CodeGenerator, _printAction(Ljava/lang/String;)V >"	33
"< Application, Ldacapo/parser/ConfigFileTokenManager, getNextToken()Ldacapo/parser/Token; >"	162
"< Application, Lantlr/ANTLRHashString, equals(Ljava/lang/Object;)Z >"	21
"< Application, Lantlr/actions/csharp/ActionLexer, mAST_ITEM(Z)V >"	160
"< Application, Ldacapo/parser/ConfigFileTokenManager, jjMoveNfa_1(II)I >"	64
"< Application, Lantlr/preprocessor/Rule, toString()Ljava/lang/String; >"	79
"< Application, Lantlr/build/Tool, antlr(Ljava/lang/String;)V >"	16
"< Application, Lantlr/ANTLRTokdefLexer, mLPAREN(Z)V >"	15
"< Application, Lantlr/CppCodeGenerator, mapTreeId(Ljava/lang/String;Lantlr/ActionTransInfo;)Ljava/lang/String; >"	20
"< Application, Ldacapo/parser/ParseException, getMessage()Ljava/lang/String; >"	130
"< Application, Lantlr/ANTLRParser, grammar()V >"	19
"< Application, Ldacapo/Benchmark, validate(Ljava/lang/String;)Z >"	164
"< Application, Lantlr/ANTLRHashString, hashCode()I >"	4
"< Application, Lantlr/CppCodeGenerator, genLineNo(I)V >"	2
"< Application, Lantlr/JavaCodeGenerator, gen(Lantlr/TreeWalkerGrammar;)V >"	142
"< Application, Lantlr/JavaCodeGenerator, genAlt(Lantlr/Alternative;Lantlr/AlternativeBlock;)V >"	14
"< Application, Ldacapo/TestHarness, runBenchmark(Ljava/io/File;Ljava/lang/String;Ldacapo/TestHarness;)V >"	71
"< Application, Ldacapo/parser/ConfigFile, <init>(Ldacapo/parser/ConfigFileTokenManager;)V >"	13
"< Application, Lantlr/preprocessor/Preprocessor, grammarFile(Lantlr/preprocessor/Hierarchy;Ljava/lang/String;)V >"	18
"< Application, Lantlr/actions/csharp/ActionLexer, mWS(Z)V >"	52
"< Application, Lantlr/Tool, processArguments([Ljava/lang/String;)V >"	44
"< Application, Lantlr/LLkAnalyzer, removeCompetingPredictionSetsFromWildcard([Lantlr/Lookahead;Lantlr/AlternativeElement;I)V >"	2
"< Application, Lantlr/CharScanner, match(Ljava/lang/String;)V >"	1
"< Application, Lantlr/ANTLRStringBuffer, append(C)V >"	12
"< Application, Lantlr/CppCodeGenerator, genTokenStrings(Ljava/lang/String;)V >"	26
"< Application, Lantlr/JavaCodeGenerator, getValueString(I)Ljava/lang/String; >"	26
"< Application, Lantlr/preprocessor/PreprocessorLexer, mARG_ACTION(Z)V >"	63
"< Application, Lantlr/ANTLRParser, range(Lantlr/Token;)V >"	20
"< Application, Lantlr/JavaCodeGenerator, gen(Lantlr/CharLiteralElement;)V >"	28
"< Application, Lantlr/preprocessor/PreprocessorLexer, mELEMENT(Z)V >"	42
"< Application, Lantlr/BaseAST, addChild(Lantlr/collections/AST;)V >"	4
"< Application, Lantlr/CppCodeGenerator, genInclude(Lantlr/ParserGrammar;)V >"	74
"< Application, Lantlr/debug/misc/JTreeASTModel, getIndexOfChild(Ljava/lang/Object;Ljava/lang/Object;)I >"	11
