"< Application, Lantlr/preprocessor/Preprocessor, <clinit>()V >"	20	3	42	43
"< Application, Lantlr/actions/java/ActionLexer, mk_tokenSet_23()[J >"	5	3	11	9
"< Application, Ldacapo/parser/ConfigFileTokenManager, <clinit>()V >"	131	100	4	101
"< Application, Lantlr/actions/csharp/ActionLexer, mk_tokenSet_3()[J >"	5	3	11	9
"< Application, Lantlr/actions/csharp/ActionLexer, mk_tokenSet_2()[J >"	1	3	4	5
"< Application, Lantlr/build/ANTLR, <clinit>()V >"	4	6	7	8
"< Application, Lantlr/ANTLRLexer, mk_tokenSet_5()[J >"	1	3	4	5
"< Application, Lantlr/ANTLRParser, <clinit>()V >"	2	3	6	7
"< Application, Lantlr/ANTLRParser, mk_tokenSet_2()[J >"	2	3	6	7
"< Application, Ldacapo/parser/ConfigFileConstants, <clinit>()V >"	25	3	51	52
"< Application, Lantlr/actions/cpp/ActionLexer, mk_tokenSet_2()[J >"	1	3	4	5
"< Application, Ldacapo/parser/ConfigFileConstants, <clinit>()V >"	34	3	69	70
"< Application, Lantlr/ANTLRTokdefLexer, mk_tokenSet_0()[J >"	4	3	10	8
"< Application, Ldacapo/parser/ConfigFile, digestOption(Ldacapo/parser/Config;Ljava/lang/String;Ljava/lang/String;)V >"	21	12	13	14
"< Application, Lantlr/actions/java/ActionLexer, mk_tokenSet_6()[J >"	1	3	4	5
"< Application, Lantlr/actions/java/ActionLexer, mk_tokenSet_3()[J >"	5	3	10	5
"< Application, Lantlr/actions/java/ActionLexer, mk_tokenSet_7()[J >"	1	3	4	5
"< Application, Lantlr/actions/cpp/ActionLexer, mk_tokenSet_5()[J >"	2	3	6	7
"< Application, Lantlr/actions/csharp/ActionLexer, mk_tokenSet_12()[J >"	4	3	10	9
"< Application, Ldacapo/parser/ConfigFile, config()Ldacapo/parser/Config; >"	30	33	34	35
"< Application, Ldacapo/parser/ConfigFileTokenManager, <clinit>()V >"	36	24	31	32
"< Application, Lantlr/preprocessor/Preprocessor, <clinit>()V >"	24	3	50	51
"< Application, Lantlr/actions/cpp/ActionLexer, mk_tokenSet_7()[J >"	5	3	12	10
"< Application, Lantlr/preprocessor/PreprocessorLexer, mk_tokenSet_4()[J >"	4	3	10	9
"< Application, Lantlr/actions/csharp/ActionLexer, mk_tokenSet_10()[J >"	1	3	4	5
"< Application, Ldacapo/parser/ConfigFileTokenManager, jjMoveNfa_0(II)I >"	41	69	70	41
"< Application, Lantlr/preprocessor/Preprocessor, mk_tokenSet_0()[J >"	1	3	4	5
"< Application, Ldacapo/parser/ConfigFileConstants, <clinit>()V >"	5	3	12	13
"< Application, Ldacapo/parser/ConfigFileTokenManager, jjMoveNfa_1(II)I >"	2	8	5	2
"< Application, Lantlr/actions/java/ActionLexer, mk_tokenSet_18()[J >"	4	3	10	9
"< Application, Lantlr/actions/java/ActionLexer, mk_tokenSet_19()[J >"	4	3	9	7
"< Application, Ldacapo/parser/ConfigFileTokenManager, <clinit>()V >"	69	89	4	90
"< Application, Lantlr/actions/java/ActionLexer, mk_tokenSet_21()[J >"	2	3	6	7
"< Application, Lantlr/ANTLRParser, <clinit>()V >"	59	3	120	121
"< Application, Lantlr/actions/csharp/ActionLexer, mk_tokenSet_21()[J >"	3	3	8	9
"< Application, Lantlr/actions/csharp/ActionLexer, mk_tokenSet_5()[J >"	2	3	6	7
"< Application, Lantlr/actions/csharp/ActionLexer, mk_tokenSet_25()[J >"	5	3	11	9
"< Application, Lantlr/build/ANTLR, <clinit>()V >"	9	6	17	18
"< Application, Ldacapo/parser/ConfigFileTokenManager, <clinit>()V >"	28	24	21	26
"< Application, Lantlr/build/Tool, antlr(Ljava/lang/String;)V >"	30	45	48	26
"< Application, Lantlr/actions/csharp/ActionLexer, mk_tokenSet_17()[J >"	2	3	6	7
"< Application, Lantlr/preprocessor/Preprocessor, <clinit>()V >"	14	3	30	31
"< Application, Lantlr/preprocessor/Preprocessor, <clinit>()V >"	5	3	12	13
"< Application, Lantlr/actions/cpp/ActionLexer, mk_tokenSet_23()[J >"	2	3	6	7
"< Application, Lantlr/actions/csharp/ActionLexer, mk_tokenSet_20()[J >"	4	3	9	7
"< Application, Lantlr/actions/csharp/ActionLexer, mk_tokenSet_14()[J >"	2	3	6	7
"< Application, Lantlr/actions/cpp/ActionLexer, mk_tokenSet_12()[J >"	3	3	8	9
"< Application, Lantlr/preprocessor/PreprocessorLexer, mk_tokenSet_4()[J >"	2	3	6	7
"< Application, Ldacapo/parser/ConfigFile, configFile()Ldacapo/parser/Config; >"	14	18	19	20
"< Application, Lantlr/preprocessor/PreprocessorLexer, mk_tokenSet_0()[J >"	4	3	9	7
"< Application, Lantlr/actions/java/ActionLexer, mk_tokenSet_10()[J >"	1	3	4	5
"< Application, Lantlr/preprocessor/Preprocessor, mk_tokenSet_2()[J >"	1	3	4	5
"< Application, Lantlr/actions/csharp/ActionLexer, mk_tokenSet_12()[J >"	2	3	6	7
"< Application, Ldacapo/parser/ConfigFileTokenManager, jjCheckNAdd(I)V >"	8	7	8	2
"< Application, Ldacapo/parser/ConfigFile, config()Ldacapo/parser/Config; >"	34	18	19	20
"< Application, Lantlr/actions/java/ActionLexer, mk_tokenSet_6()[J >"	5	3	11	9
"< Application, Ldacapo/parser/ConfigFileTokenManager, <clinit>()V >"	21	24	7	26
"< Application, Lantlr/actions/cpp/ActionLexer, mk_tokenSet_6()[J >"	4	3	10	9
"< Application, Lantlr/CharQueue, append(C)V >"	11	8	13	2
"< Application, Lantlr/ANTLRTokdefParser, mk_tokenSet_0()[J >"	2	3	6	7
"< Application, Ldacapo/parser/ConfigFileTokenManager, <clinit>()V >"	98	94	43	95
"< Application, Ldacapo/parser/ConfigFileTokenManager, <clinit>()V >"	30	24	12	26
"< Application, Ldacapo/TestHarness, invokeConfiguration(Ljava/lang/reflect/Method;Ljava/lang/String;)V >"	74	27	87	66
"< Application, Lantlr/ANTLRLexer, mk_tokenSet_2()[J >"	1	3	4	5
"< Application, Lantlr/actions/cpp/ActionLexer, mk_tokenSet_18()[J >"	5	3	11	9
"< Application, Lantlr/ANTLRParser, mk_tokenSet_10()[J >"	2	3	6	7
"< Application, Ldacapo/parser/ConfigFileTokenManager, <clinit>()V >"	7	11	4	10
"< Application, Lantlr/actions/cpp/ActionLexer, mk_tokenSet_19()[J >"	2	3	6	7
"< Application, Lantlr/actions/java/ActionLexer, mk_tokenSet_3()[J >"	1	3	4	5
"< Application, Lantlr/actions/java/ActionLexer, mk_tokenSet_21()[J >"	1	3	4	5
"< Application, Lantlr/actions/java/ActionLexer, mk_tokenSet_11()[J >"	2	3	6	7
"< Application, Lantlr/actions/cpp/ActionLexer, mk_tokenSet_6()[J >"	1	3	4	5
"< Application, Ldacapo/parser/ConfigFileTokenManager, <clinit>()V >"	64	24	83	84
"< Application, Ldacapo/parser/ConfigFileTokenManager, <clinit>()V >"	86	94	12	4
"< Application, Lantlr/preprocessor/Preprocessor, mk_tokenSet_3()[J >"	1	3	4	5
"< Application, Lantlr/build/Tool, antlr(Ljava/lang/String;)V >"	31	45	49	2
"< Application, Lantlr/actions/cpp/ActionLexer, mk_tokenSet_5()[J >"	5	3	10	7
"< Application, Ldacapo/parser/ConfigFileTokenManager, <clinit>()V >"	108	94	63	95
"< Application, Ldacapo/parser/ConfigFileTokenManager, <clinit>()V >"	107	94	61	95
"< Application, Ldacapo/parser/ConfigFileConstants, <clinit>()V >"	13	3	27	28
"< Application, Ldacapo/parser/ConfigFileTokenManager, <clinit>()V >"	100	94	47	95
"< Application, Ldacapo/parser/ConfigFileTokenManager, <clinit>()V >"	55	24	69	70
"< Application, Ldacapo/parser/ConfigFileTokenManager, <clinit>()V >"	43	24	45	46
"< Application, Ldacapo/parser/ConfigFileTokenManager, <clinit>()V >"	13	11	16	13
"< Application, Lantlr/ANTLRTokdefParser, <clinit>()V >"	6	3	14	15
"< Application, Lantlr/actions/csharp/ActionLexer, mk_tokenSet_22()[J >"	2	3	6	7
"< Application, Ldacapo/parser/ConfigFileTokenManager, <clinit>()V >"	8	11	6	12
"< Application, Lantlr/LLkAnalyzer, look(ILantlr/BlockEndElement;)Lantlr/Lookahead; >"	29	39	2	40
"< Application, Ldacapo/parser/ConfigFile, sizeSpec(Ldacapo/parser/Config;)V >"	14	18	19	20
"< Application, Lantlr/ANTLRParser, mk_tokenSet_4()[J >"	1	3	4	5
"< Application, Lantlr/actions/java/ActionLexer, mk_tokenSet_7()[J >"	5	3	12	10
"< Application, Ldacapo/TestHarness, invokeConfiguration(Ljava/lang/reflect/Method;Ljava/lang/String;)V >"	50	27	87	53
"< Application, Lantlr/preprocessor/Preprocessor, mk_tokenSet_1()[J >"	1	3	4	5
"< Application, Lantlr/actions/cpp/ActionLexer, mk_tokenSet_24()[J >"	1	3	4	5
"< Application, Ldacapo/parser/ConfigFileTokenManager, <clinit>()V >"	32	24	13	27
"< Application, Lantlr/actions/csharp/ActionLexer, mk_tokenSet_23()[J >"	1	3	4	5
"< Application, Lantlr/ANTLRTokdefParser, <clinit>()V >"	1	3	4	5
"< Application, Lantlr/preprocessor/PreprocessorLexer, mk_tokenSet_7()[J >"	5	3	12	10
"< Application, Lantlr/actions/cpp/ActionLexer, mk_tokenSet_16()[J >"	2	3	6	7
"< Application, Lantlr/actions/cpp/ActionLexer, mk_tokenSet_16()[J >"	1	3	4	5
"< Application, Ldacapo/parser/ConfigFileTokenManager, <clinit>()V >"	53	24	65	66
"< Application, Lantlr/ANTLRTokdefLexer, mk_tokenSet_3()[J >"	1	3	4	5
"< Application, Lantlr/preprocessor/Preprocessor, <clinit>()V >"	29	3	60	61
"< Application, Ldacapo/parser/ConfigFileTokenManager, <clinit>()V >"	4	3	9	8
"< Application, Lantlr/actions/java/ActionLexer, mk_tokenSet_15()[J >"	2	3	6	7
"< Application, Lantlr/actions/csharp/ActionLexer, mk_tokenSet_5()[J >"	3	3	8	7
"< Application, Lantlr/actions/csharp/ActionLexer, mk_tokenSet_9()[J >"	5	3	11	9
"< Application, Ldacapo/parser/ConfigFileTokenManager, jjMoveNfa_0(II)I >"	49	100	101	36
"< Application, Lantlr/DefaultToolErrorHandler, warnAltAmbiguity(Lantlr/Grammar;Lantlr/AlternativeBlock;ZI[Lantlr/Lookahead;II)V >"	35	64	14	66
"< Application, Lantlr/preprocessor/Preprocessor, <clinit>()V >"	31	3	64	65
"< Application, Lantlr/actions/csharp/ActionLexer, mk_tokenSet_3()[J >"	2	3	6	7
"< Application, Lantlr/preprocessor/Preprocessor, mk_tokenSet_6()[J >"	2	3	6	7
"< Application, Ldacapo/parser/ConfigFile, jj_la1_0()V >"	8	3	15	4
"< Application, Ldacapo/LatexDescriptions, <clinit>()V >"	2	3	6	7
"< Application, Ldacapo/parser/ConfigFile, generateParseException()Ldacapo/parser/ParseException; >"	46	36	7	41
"< Application, Lantlr/actions/java/ActionLexer, mk_tokenSet_11()[J >"	1	3	4	5
"< Application, Lantlr/LLkAnalyzer, deterministic(Lantlr/AlternativeBlock;)Z >"	112	67	154	125
"< Application, Ldacapo/parser/ConfigFileConstants, <clinit>()V >"	39	3	79	80
"< Application, Ldacapo/parser/ConfigFileTokenManager, <clinit>()V >"	83	94	19	9
"< Application, Ldacapo/parser/ConfigFile, jj_la1_0()V >"	7	3	14	4
"< Application, Lantlr/actions/cpp/ActionLexer, mk_tokenSet_15()[J >"	5	3	11	9
"< Application, Lantlr/actions/cpp/ActionLexer, mk_tokenSet_17()[J >"	5	3	10	7
"< Application, Lantlr/actions/csharp/ActionLexer, mk_tokenSet_11()[J >"	2	3	6	7
"< Application, Ldacapo/parser/ConfigFileTokenManager, <clinit>()V >"	91	94	22	95
"< Application, Lantlr/LLkAnalyzer, look(ILjava/lang/String;)Lantlr/Lookahead; >"	66	42	2	45
"< Application, Lantlr/preprocessor/PreprocessorLexer, mk_tokenSet_9()[J >"	4	3	10	9
"< Application, Lantlr/actions/java/ActionLexer, mk_tokenSet_12()[J >"	5	3	11	9
"< Application, Ldacapo/LatexDescriptions, <clinit>()V >"	9	3	20	21
"< Application, Lantlr/ANTLRStringBuffer, append(C)V >"	17	13	20	17
"< Application, Ldacapo/parser/ConfigFile, <init>(Ljava/io/Reader;)V >"	22	19	21	9
"< Application, Lantlr/ANTLRParser, <clinit>()V >"	33	3	68	69
"< Application, Ldacapo/parser/ConfigFileTokenManager, <clinit>()V >"	80	94	14	95
"< Application, Ldacapo/TestHarness, invokeConfiguration(Ljava/lang/reflect/Method;Ljava/lang/String;)V >"	43	27	87	43
"< Application, Lantlr/actions/java/ActionLexer, mk_tokenSet_22()[J >"	2	3	6	7
"< Application, Ldacapo/parser/ConfigFileConstants, <clinit>()V >"	29	3	59	60
"< Application, Lantlr/preprocessor/Preprocessor, <clinit>()V >"	12	3	26	27
"< Application, Lantlr/actions/csharp/ActionLexer, mk_tokenSet_4()[J >"	5	3	10	7
"< Application, Lantlr/ANTLRTokdefParser, <clinit>()V >"	11	3	24	25
"< Application, Lantlr/actions/cpp/ActionLexer, mk_tokenSet_4()[J >"	2	3	6	7
"< Application, Lantlr/actions/cpp/ActionLexer, mk_tokenSet_10()[J >"	1	3	4	5
"< Application, Lantlr/LLkAnalyzer, look(ILjava/lang/String;)Lantlr/Lookahead; >"	59	37	2	38
"< Application, Lantlr/actions/java/ActionLexer, mk_tokenSet_15()[J >"	4	3	9	7
"< Application, Ldacapo/parser/ConfigFileTokenManager, <clinit>()V >"	46	24	51	52
"< Application, Lantlr/preprocessor/PreprocessorLexer, mk_tokenSet_10()[J >"	2	3	6	7
"< Application, Ldacapo/parser/ConfigFileTokenManager, <clinit>()V >"	33	24	20	28
"< Application, Lantlr/actions/csharp/ActionLexer, mk_tokenSet_16()[J >"	3	3	8	9
"< Application, Lantlr/ANTLRParser, <clinit>()V >"	5	3	12	13
"< Application, Lantlr/build/Tool, system(Ljava/lang/String;)V >"	8	16	20	2
"< Application, Lantlr/actions/cpp/ActionLexer, mk_tokenSet_25()[J >"	2	3	6	7
"< Application, Lantlr/LLkAnalyzer, deterministicImpliedPath(Lantlr/BlockWithImpliedExitPath;)Z >"	132	151	12	152
"< Application, Lantlr/actions/csharp/ActionLexer, mk_tokenSet_11()[J >"	4	3	10	9
"< Application, Lantlr/actions/java/ActionLexer, mk_tokenSet_17()[J >"	3	3	8	9
"< Application, Lantlr/actions/cpp/ActionLexer, mk_tokenSet_23()[J >"	4	3	10	9
"< Application, Lantlr/preprocessor/Preprocessor, <clinit>()V >"	33	3	68	69
"< Application, Lantlr/actions/cpp/ActionLexer, mk_tokenSet_18()[J >"	2	3	6	7
"< Application, Lantlr/ANTLRParser, <clinit>()V >"	25	3	52	53
"< Application, Lantlr/actions/cpp/ActionLexer, mk_tokenSet_26()[J >"	3	3	8	9
"< Application, Lantlr/ANTLRParser, <clinit>()V >"	4	3	10	11
"< Application, Lantlr/preprocessor/Preprocessor, <clinit>()V >"	36	3	74	75
"< Application, Lantlr/actions/cpp/ActionLexer, mk_tokenSet_10()[J >"	5	3	11	9
"< Application, Lantlr/actions/csharp/ActionLexer, mk_tokenSet_8()[J >"	2	3	6	7
"< Application, Lantlr/collections/impl/BitSet, andInPlace(Lantlr/collections/impl/BitSet;)V >"	13	13	20	17
"< Application, Ldacapo/parser/ConfigFileTokenManager, <clinit>()V >"	87	94	18	95
"< Application, Ldacapo/parser/ConfigFileTokenManager, <clinit>()V >"	72	89	9	93
"< Application, Ldacapo/parser/ConfigFile, generateParseException()Ldacapo/parser/ParseException; >"	33	6	27	8
"< Application, Ldacapo/parser/ConfigFileTokenManager, <clinit>()V >"	105	94	57	95
"< Application, Ldacapo/parser/SimpleCharStream, adjustBeginLineColumn(II)V >"	42	41	27	42
"< Application, Lantlr/actions/csharp/ActionLexer, mk_tokenSet_23()[J >"	3	3	8	9
"< Application, Lantlr/ANTLRParser, <clinit>()V >"	44	3	90	91
"< Application, Ldacapo/parser/ConfigFileConstants, <clinit>()V >"	17	3	35	36
"< Application, Lantlr/ANTLRParser, mk_tokenSet_3()[J >"	1	3	4	5
"< Application, Lantlr/collections/impl/Vector, appendElement(Ljava/lang/Object;)V >"	7	8	11	2
"< Application, Lantlr/CharQueue, expand()V >"	9	7	15	12
"< Application, Lantlr/actions/java/ActionLexer, mk_tokenSet_15()[J >"	5	3	10	7
"< Application, Lantlr/actions/csharp/ActionLexer, mk_tokenSet_8()[J >"	5	3	12	10
"< Application, Lantlr/actions/java/ActionLexer, mk_tokenSet_20()[J >"	3	3	8	9
"< Application, Lantlr/collections/impl/BitSet, remove(I)V >"	10	9	5	15
"< Application, Lantlr/actions/cpp/ActionLexer, mk_tokenSet_15()[J >"	2	3	6	7
"< Application, Ldacapo/parser/ConfigFile, jj_la1_1()V >"	4	3	7	4
"< Application, Lantlr/actions/cpp/ActionLexer, mk_tokenSet_22()[J >"	2	3	6	7
"< Application, Ldacapo/parser/ConfigFile, ReInit(Ljava/io/InputStream;)V >"	13	15	17	12
"< Application, Lantlr/preprocessor/PreprocessorLexer, mk_tokenSet_5()[J >"	2	3	6	7
"< Application, Lantlr/actions/csharp/ActionLexer, mk_tokenSet_25()[J >"	3	3	8	9
"< Application, Ldacapo/parser/ConfigFile, sizeClause(Ldacapo/parser/Config;Ljava/lang/String;)V >"	37	44	45	46
"< Application, Lantlr/actions/cpp/ActionLexer, mk_tokenSet_25()[J >"	3	3	8	9
"< Application, Lantlr/actions/java/ActionLexer, mk_tokenSet_14()[J >"	1	3	4	5
"< Application, Lantlr/actions/java/ActionLexer, mk_tokenSet_6()[J >"	2	3	6	7
"< Application, Lantlr/actions/java/ActionLexer, mk_tokenSet_2()[J >"	1	3	4	5
"< Application, Lantlr/actions/cpp/ActionLexer, mk_tokenSet_2()[J >"	4	3	10	8
"< Application, Lantlr/preprocessor/Tool, processArguments([Ljava/lang/String;)V >"	47	61	62	64
"< Application, Lantlr/preprocessor/PreprocessorLexer, mk_tokenSet_10()[J >"	5	3	11	9
"< Application, Lantlr/actions/cpp/ActionLexer, mk_tokenSet_19()[J >"	5	3	11	9
"< Application, Lantlr/ANTLRParser, <clinit>()V >"	60	3	122	123
"< Application, Ldacapo/parser/ConfigFile, sizeClause(Ldacapo/parser/Config;Ljava/lang/String;)V >"	29	63	64	65
"< Application, Ldacapo/parser/ConfigFileConstants, <clinit>()V >"	18	3	37	38
"< Application, Ldacapo/parser/ConfigFileTokenManager, jjMoveNfa_1(II)I >"	41	51	52	7
"< Application, Lantlr/preprocessor/PreprocessorLexer, mk_tokenSet_8()[J >"	5	3	12	10
"< Application, Lantlr/ANTLRTokdefLexer, mk_tokenSet_3()[J >"	5	3	12	10
"< Application, Lantlr/actions/cpp/ActionLexer, mk_tokenSet_17()[J >"	1	3	4	5
"< Application, Ldacapo/parser/ConfigFileTokenManager, <clinit>()V >"	49	24	57	58
"< Application, Lantlr/actions/csharp/ActionLexer, mk_tokenSet_17()[J >"	1	3	4	5
"< Application, Lantlr/ANTLRParser, <clinit>()V >"	56	3	114	115
"< Application, Lantlr/actions/cpp/ActionLexer, mk_tokenSet_8()[J >"	5	3	12	10
"< Application, Ldacapo/parser/ConfigFile, jj_la1_0()V >"	11	3	18	19
"< Application, Lantlr/preprocessor/PreprocessorLexer, mk_tokenSet_7()[J >"	2	3	6	7
"< Application, Lantlr/preprocessor/Preprocessor, mk_tokenSet_7()[J >"	1	3	4	5
"< Application, Lantlr/actions/java/ActionLexer, mk_tokenSet_19()[J >"	5	3	10	7
"< Application, Lantlr/ANTLRParser, <clinit>()V >"	8	3	18	19
"< Application, Ldacapo/parser/SimpleCharStream, adjustBeginLineColumn(II)V >"	49	53	51	2
"< Application, Lantlr/actions/csharp/ActionLexer, mk_tokenSet_9()[J >"	4	3	10	9
"< Application, Lantlr/preprocessor/Preprocessor, <clinit>()V >"	41	3	84	85
"< Application, Lantlr/preprocessor/Tool, processArguments([Ljava/lang/String;)V >"	60	68	69	71
"< Application, Lantlr/actions/csharp/ActionLexer, mk_tokenSet_1()[J >"	4	3	10	8
"< Application, Ldacapo/parser/ConfigFileTokenManager, <clinit>()V >"	79	94	2	95
"< Application, Ldacapo/TestHarness, runBenchmark(Ljava/io/File;Ljava/lang/String;Ldacapo/TestHarness;)V >"	3	8	9	10
"< Application, Lantlr/actions/csharp/ActionLexer, mk_tokenSet_19()[J >"	2	3	6	7
"< Application, Ldacapo/parser/ConfigFileConstants, <clinit>()V >"	23	3	47	48
"< Application, Lantlr/actions/csharp/ActionLexer, mk_tokenSet_24()[J >"	5	3	11	9
"< Application, Ldacapo/parser/SimpleCharStream, adjustBeginLineColumn(II)V >"	33	34	27	2
"< Application, Lantlr/actions/java/ActionLexer, mk_tokenSet_25()[J >"	5	3	11	9
"< Application, Ldacapo/parser/ConfigFileConstants, <clinit>()V >"	10	3	22	23
"< Application, Ldacapo/parser/ConfigFileTokenManager, <clinit>()V >"	1	3	4	5
"< Application, Lantlr/TokenQueue, expand()V >"	9	7	15	12
"< Application, Lantlr/actions/cpp/ActionLexer, mk_tokenSet_7()[J >"	2	3	6	7
"< Application, Ldacapo/parser/ConfigFile, descId()Ljava/lang/String; >"	27	9	10	11
"< Application, Lantlr/preprocessor/Preprocessor, <clinit>()V >"	19	3	40	41
"< Application, Lantlr/preprocessor/Preprocessor, <clinit>()V >"	32	3	66	67
"< Application, Lantlr/actions/cpp/ActionLexer, mk_tokenSet_3()[J >"	3	3	8	9
"< Application, Lantlr/actions/cpp/ActionLexer, mk_tokenSet_11()[J >"	1	3	4	5
"< Application, Ldacapo/parser/SimpleCharStream, UpdateLineColumn(C)V >"	39	24	25	26
"< Application, Ldacapo/parser/ConfigFileTokenManager, <clinit>()V >"	103	94	53	95
"< Application, Lantlr/actions/java/ActionLexer, mk_tokenSet_24()[J >"	1	3	4	5
"< Application, Lantlr/ANTLRParser, <clinit>()V >"	41	3	84	85
"< Application, Lantlr/ANTLRParser, mk_tokenSet_7()[J >"	2	3	6	7
"< Application, Ldacapo/TestHarness, invokeConfiguration(Ljava/lang/reflect/Method;Ljava/lang/String;)V >"	90	27	87	76
"< Application, Ldacapo/parser/ConfigFileTokenManager, <clinit>()V >"	11	11	2	12
"< Application, Lantlr/preprocessor/Preprocessor, <clinit>()V >"	4	3	10	11
"< Application, Lantlr/ANTLRLexer, mk_tokenSet_4()[J >"	1	3	4	5
"< Application, Lantlr/ANTLRParser, mk_tokenSet_5()[J >"	2	3	6	7
"< Application, Lantlr/ANTLRParser, <clinit>()V >"	50	3	102	103
"< Application, Ldacapo/parser/ConfigFileTokenManager, <clinit>()V >"	50	24	59	60
"< Application, Ldacapo/parser/ConfigFile, ReInit(Ljava/io/Reader;)V >"	13	15	17	12
"< Application, Lantlr/TokenQueue, append(Lantlr/Token;)V >"	11	8	13	2
"< Application, Lantlr/collections/impl/Vector, setElementAt(Ljava/lang/Object;I)V >"	15	7	3	2
"< Application, Lantlr/actions/cpp/ActionLexer, mk_tokenSet_21()[J >"	4	3	10	9
"< Application, Ldacapo/parser/ConfigFile, jj_la1_1()V >"	12	3	18	10
"< Application, Lantlr/actions/java/ActionLexer, mk_tokenSet_13()[J >"	1	3	4	5
"< Application, Lantlr/build/Tool, perform(Ljava/lang/String;Ljava/lang/String;)V >"	45	52	15	58
"< Application, Lantlr/actions/cpp/ActionLexer, mk_tokenSet_22()[J >"	4	3	10	9
"< Application, Lantlr/actions/cpp/ActionLexer, mk_tokenSet_25()[J >"	4	3	10	9
"< Application, Lantlr/ANTLRTokdefLexer, mk_tokenSet_2()[J >"	4	3	10	8
"< Application, Ldacapo/parser/ConfigFileTokenManager, <clinit>()V >"	62	24	80	26
"< Application, Lantlr/build/Tool, perform(Ljava/lang/String;Ljava/lang/String;)V >"	48	61	15	1
"< Application, Lantlr/preprocessor/PreprocessorLexer, mk_tokenSet_9()[J >"	1	3	4	5
"< Application, Lantlr/build/ANTLR, <clinit>()V >"	11	6	21	22
"< Application, Lantlr/actions/cpp/ActionLexer, mk_tokenSet_5()[J >"	4	3	9	7
"< Application, Lantlr/LLkAnalyzer, deterministicImpliedPath(Lantlr/BlockWithImpliedExitPath;)Z >"	134	151	154	155
"< Application, Lantlr/ANTLRLexer, mk_tokenSet_0()[J >"	1	3	4	5
"< Application, Lantlr/actions/cpp/ActionLexer, mk_tokenSet_8()[J >"	1	3	4	5
"< Application, Lantlr/actions/cpp/ActionLexer, mk_tokenSet_4()[J >"	5	3	10	7
"< Application, Lantlr/actions/java/ActionLexer, mk_tokenSet_14()[J >"	5	3	11	9
"< Application, Lantlr/preprocessor/PreprocessorLexer, mk_tokenSet_9()[J >"	2	3	6	7
"< Application, Lantlr/actions/csharp/ActionLexer, mk_tokenSet_7()[J >"	2	3	6	7
"< Application, Lantlr/ANTLRParser, <clinit>()V >"	55	3	112	113
"< Application, Lantlr/preprocessor/PreprocessorLexer, mk_tokenSet_4()[J >"	5	3	11	9
"< Application, Ldacapo/LatexDescriptions, <clinit>()V >"	1	3	4	5
"< Application, Lantlr/preprocessor/Preprocessor, <clinit>()V >"	15	3	32	33
"< Application, Ldacapo/parser/ConfigFileTokenManager, <clinit>()V >"	58	24	75	76
"< Application, Lantlr/actions/csharp/ActionLexer, mk_tokenSet_4()[J >"	1	3	4	5
"< Application, Ldacapo/parser/ConfigFileTokenManager, <clinit>()V >"	115	94	77	95
"< Application, Ldacapo/parser/ConfigFileTokenManager, <clinit>()V >"	25	24	16	26
"< Application, Ldacapo/parser/ConfigFileTokenManager, <clinit>()V >"	111	94	69	95
"< Application, Lantlr/LLkAnalyzer, deterministic(Lantlr/AlternativeBlock;)Z >"	34	247	4	249
"< Application, Lantlr/actions/csharp/ActionLexer, mk_tokenSet_19()[J >"	5	3	11	9
"< Application, Lantlr/ANTLRParser, <clinit>()V >"	11	3	24	25
"< Application, Lantlr/actions/java/ActionLexer, mk_tokenSet_8()[J >"	2	3	6	7
"< Application, Lantlr/preprocessor/Preprocessor, <clinit>()V >"	34	3	70	71
"< Application, Lantlr/actions/csharp/ActionLexer, mk_tokenSet_23()[J >"	4	3	10	9
"< Application, Lantlr/actions/java/ActionLexer, mk_tokenSet_18()[J >"	1	3	4	5
"< Application, Lantlr/actions/cpp/ActionLexer, mk_tokenSet_16()[J >"	3	3	8	9
"< Application, Lantlr/preprocessor/PreprocessorLexer, mk_tokenSet_5()[J >"	5	3	12	10
"< Application, Ldacapo/parser/ConfigFileTokenManager, <clinit>()V >"	84	94	21	4
"< Application, Lantlr/ANTLRParser, <clinit>()V >"	6	3	14	15
"< Application, Lantlr/actions/java/ActionLexer, mk_tokenSet_15()[J >"	1	3	4	5
"< Application, Lantlr/actions/java/ActionLexer, mk_tokenSet_21()[J >"	5	3	11	9
"< Application, Lantlr/ANTLRParser, <clinit>()V >"	29	3	60	61
"< Application, Ldacapo/parser/ConfigFile, jj_la1_0()V >"	1	3	4	5
"< Application, Ldacapo/parser/ConfigFileConstants, <clinit>()V >"	20	3	41	42
"< Application, Lantlr/actions/cpp/ActionLexer, mk_tokenSet_17()[J >"	3	3	8	7
"< Application, Ldacapo/TestHarness, invokeConfiguration(Ljava/lang/reflect/Method;Ljava/lang/String;)V >"	98	27	87	81
"< Application, Lantlr/ANTLRParser, <clinit>()V >"	19	3	40	41
"< Application, Ldacapo/TestHarness, invokeConfiguration(Ljava/lang/reflect/Method;Ljava/lang/String;)V >"	82	27	87	71
"< Application, Lantlr/ANTLRTokdefParser, <clinit>()V >"	12	3	26	27
"< Application, Ldacapo/parser/ConfigFile, jj_la1_0()V >"	3	3	7	8
"< Application, Ldacapo/TestHarness, invokeConfiguration(Ljava/lang/reflect/Method;Ljava/lang/String;)V >"	66	27	87	61
"< Application, Lantlr/actions/csharp/ActionLexer, mk_tokenSet_15()[J >"	1	3	4	5
"< Application, Lantlr/preprocessor/PreprocessorLexer, mk_tokenSet_0()[J >"	5	3	10	7
"< Application, Ldacapo/parser/ConfigFileTokenManager, <clinit>()V >"	12	11	14	15
"< Application, Ldacapo/parser/ConfigFileTokenManager, <clinit>()V >"	76	94	6	95
"< Application, Lantlr/preprocessor/Preprocessor, mk_tokenSet_0()[J >"	2	3	6	7
"< Application, Lantlr/actions/cpp/ActionLexer, mk_tokenSet_21()[J >"	2	3	6	7
"< Application, Lantlr/actions/csharp/ActionLexer, mk_tokenSet_26()[J >"	3	3	8	9
"< Application, Lantlr/build/Tool, system(Ljava/lang/String;)V >"	6	16	12	17
"< Application, Ldacapo/parser/ConfigFileTokenManager, <clinit>()V >"	61	24	79	26
"< Application, Ldacapo/parser/ConfigFileTokenManager, <clinit>()V >"	26	24	17	26
"< Application, Ldacapo/parser/ConfigFileConstants, <clinit>()V >"	44	3	89	90
"< Application, Ldacapo/parser/ConfigFileTokenManager, <clinit>()V >"	71	89	7	92
"< Application, Lantlr/preprocessor/Preprocessor, <clinit>()V >"	21	3	44	45
"< Application, Ldacapo/parser/ConfigFile, jj_la1_1()V >"	3	3	6	4
"< Application, Lantlr/build/ANTLR, <clinit>()V >"	10	6	19	20
"< Application, Ldacapo/parser/ConfigFile, jj_la1_0()V >"	9	3	16	12
"< Application, Ldacapo/parser/ConfigFile, jj_la1_1()V >"	13	3	19	20
"< Application, Ldacapo/parser/ConfigFileConstants, <clinit>()V >"	14	3	29	30
"< Application, Ldacapo/antlr/AntlrHarness, iterate(Ljava/lang/String;)V >"	58	56	65	63
"< Application, Lantlr/actions/csharp/ActionLexer, mk_tokenSet_25()[J >"	2	3	6	7
"< Application, Lantlr/actions/csharp/ActionLexer, mk_tokenSet_9()[J >"	2	3	6	7
"< Application, Ldacapo/parser/ConfigFileTokenManager, <clinit>()V >"	24	24	14	26
"< Application, Ldacapo/parser/ConfigFileConstants, <clinit>()V >"	12	3	26	25
"< Application, Ldacapo/parser/ConfigFileConstants, <clinit>()V >"	3	3	8	9
"< Application, Lantlr/actions/cpp/ActionLexer, mk_tokenSet_3()[J >"	2	3	6	7
"< Application, Ldacapo/parser/ConfigFileConstants, <clinit>()V >"	19	3	39	40
"< Application, Lantlr/ANTLRParser, <clinit>()V >"	37	3	76	77
"< Application, Ldacapo/TestHarness, runBenchmark(Ljava/io/File;Ljava/lang/String;Ldacapo/TestHarness;)V >"	10	15	11	1
"< Application, Ldacapo/parser/ConfigFileTokenManager, <clinit>()V >"	118	94	80	95
"< Application, Lantlr/actions/cpp/ActionLexer, mk_tokenSet_15()[J >"	4	3	10	9
"< Application, Lantlr/ANTLRParser, mk_tokenSet_10()[J >"	1	3	4	5
"< Application, Lantlr/actions/csharp/ActionLexer, mk_tokenSet_18()[J >"	1	3	4	5
"< Application, Ldacapo/LatexDescriptions, <clinit>()V >"	5	3	12	13
"< Application, Lantlr/ANTLRLexer, mk_tokenSet_5()[J >"	3	3	8	7
"< Application, Ldacapo/parser/ConfigFile, jj_la1_1()V >"	2	3	5	5
"< Application, Ldacapo/LatexDescriptions, <clinit>()V >"	4	3	10	11
"< Application, Ldacapo/parser/ConfigFileTokenManager, <clinit>()V >"	51	24	61	62
"< Application, Ldacapo/parser/ConfigFileConstants, <clinit>()V >"	26	3	53	54
"< Application, Lantlr/actions/csharp/ActionLexer, mk_tokenSet_0()[J >"	4	3	10	8
"< Application, Lantlr/actions/csharp/ActionLexer, mk_tokenSet_6()[J >"	2	3	6	7
"< Application, Lantlr/actions/java/ActionLexer, mk_tokenSet_21()[J >"	4	3	10	9
"< Application, Lantlr/actions/cpp/ActionLexer, mk_tokenSet_3()[J >"	4	3	10	9
"< Application, Lantlr/ANTLRTokdefParser, mk_tokenSet_1()[J >"	1	3	4	5
"< Application, Lantlr/ANTLRTokdefParser, <clinit>()V >"	13	3	28	29
"< Application, Lantlr/actions/csharp/ActionLexer, mk_tokenSet_15()[J >"	2	3	6	7
"< Application, Lantlr/actions/java/ActionLexer, mk_tokenSet_13()[J >"	5	3	11	9
"< Application, Lantlr/collections/impl/BitSet, toArray()[I >"	10	5	17	18
"< Application, Ldacapo/parser/ConfigFileTokenManager, <clinit>()V >"	57	24	73	74
"< Application, Lantlr/actions/java/ActionLexer, mk_tokenSet_10()[J >"	3	3	8	9
"< Application, Ldacapo/parser/ConfigFileConstants, <clinit>()V >"	11	3	24	25
"< Application, Lantlr/preprocessor/Preprocessor, <clinit>()V >"	30	3	62	63
"< Application, Lantlr/actions/cpp/ActionLexer, mk_tokenSet_25()[J >"	1	3	4	5
"< Application, Lantlr/LLkAnalyzer, FOLLOW(ILantlr/RuleEndElement;)Lantlr/Lookahead; >"	85	206	2	208
"< Application, Lantlr/actions/cpp/ActionLexer, mk_tokenSet_13()[J >"	4	3	10	9
"< Application, Lantlr/actions/csharp/ActionLexer, mk_tokenSet_6()[J >"	4	3	10	9
"< Application, Lantlr/actions/csharp/ActionLexer, mk_tokenSet_4()[J >"	3	3	8	7
"< Application, Lantlr/ANTLRParser, mk_tokenSet_7()[J >"	1	3	4	5
"< Application, Lantlr/DefaultToolErrorHandler, dumpSets([Ljava/lang/String;ILantlr/Grammar;ZI[Lantlr/Lookahead;)V >"	29	2	55	52
"< Application, Lantlr/actions/cpp/ActionLexer, mk_tokenSet_11()[J >"	2	3	6	7
"< Application, Lantlr/DefaultToolErrorHandler, warnAltExitAmbiguity(Lantlr/Grammar;Lantlr/BlockWithImpliedExitPath;ZI[Lantlr/Lookahead;I)V >"	10	11	12	24
"< Application, Ldacapo/parser/ConfigFile, jj_la1_0()V >"	15	3	23	24
"< Application, Lantlr/ANTLRParser, <clinit>()V >"	1	3	4	5
"< Application, Ldacapo/parser/ConfigFileTokenManager, <clinit>()V >"	54	24	67	68
"< Application, Lantlr/preprocessor/Preprocessor, <clinit>()V >"	35	3	72	73
"< Application, Ldacapo/parser/ConfigFile, ReInit(Ldacapo/parser/ConfigFileTokenManager;)V >"	9	9	12	6
"< Application, Ldacapo/parser/ConfigFile, jj_la1_0()V >"	10	3	17	4
"< Application, Ldacapo/parser/ConfigFile, jj_la1_0()V >"	14	3	22	19
"< Application, Ldacapo/parser/ConfigFileTokenManager, <clinit>()V >"	120	94	83	95
"< Application, Lantlr/ANTLRParser, <clinit>()V >"	34	3	70	71
"< Application, Ldacapo/parser/ConfigFileTokenManager, <clinit>()V >"	9	11	7	13
"< Application, Ldacapo/parser/ConfigFile, jj_la1_1()V >"	9	3	14	4
"< Application, Ldacapo/parser/ConfigFile, description(Ldacapo/parser/Config;)V >"	12	18	19	20
"< Application, Ldacapo/parser/ConfigFileTokenManager, <clinit>()V >"	117	94	79	95
"< Application, Lantlr/actions/csharp/ActionLexer, mk_tokenSet_25()[J >"	4	3	10	9
"< Application, Lantlr/debug/LLkDebuggingParser, setupDebugging(Lantlr/TokenStream;Lantlr/TokenBuffer;)V >"	36	44	5	2
"< Application, Lantlr/actions/csharp/ActionLexer, mk_tokenSet_14()[J >"	5	3	11	9
"< Application, Lantlr/actions/java/ActionLexer, mk_tokenSet_22()[J >"	4	3	10	9
"< Application, Lantlr/actions/cpp/ActionLexer, mk_tokenSet_10()[J >"	4	3	10	9
"< Application, Lantlr/actions/cpp/ActionLexer, mk_tokenSet_19()[J >"	1	3	4	5
"< Application, Lantlr/ANTLRStringBuffer, append(C)V >"	23	21	22	2
"< Application, Lantlr/preprocessor/Preprocessor, <clinit>()V >"	13	3	28	29
"< Application, Ldacapo/parser/ConfigFile, generateParseException()Ldacapo/parser/ParseException; >"	5	6	10	7
"< Application, Lantlr/ANTLRTokdefParser, <clinit>()V >"	16	3	34	35
"< Application, Lantlr/actions/java/ActionLexer, mk_tokenSet_1()[J >"	1	3	4	5
"< Application, Ldacapo/parser/ConfigFileConstants, <clinit>()V >"	28	3	57	58
"< Application, Lantlr/actions/cpp/ActionLexer, mk_tokenSet_6()[J >"	3	3	8	9
"< Application, Lantlr/build/ANTLR, <clinit>()V >"	7	6	13	14
"< Application, Lantlr/ANTLRTokdefParser, <clinit>()V >"	5	3	12	13
"< Application, Lantlr/actions/csharp/ActionLexer, mk_tokenSet_13()[J >"	1	3	4	5
"< Application, Lantlr/preprocessor/Preprocessor, <clinit>()V >"	2	3	6	7
"< Application, Lantlr/ANTLRLexer, mk_tokenSet_3()[J >"	5	3	12	10
"< Application, Ldacapo/parser/ConfigFileTokenManager, <clinit>()V >"	116	94	78	95
"< Application, Lantlr/build/ANTLR, <clinit>()V >"	6	6	11	12
"< Application, Lantlr/actions/cpp/ActionLexer, mk_tokenSet_25()[J >"	5	3	11	9
"< Application, Ldacapo/parser/ConfigFileTokenManager, <clinit>()V >"	90	94	15	95
"< Application, Ldacapo/parser/ConfigFileTokenManager, ReInitRounds()V >"	5	8	6	9
"< Application, Lantlr/actions/csharp/ActionLexer, mk_tokenSet_16()[J >"	5	3	11	9
"< Application, Lantlr/actions/cpp/ActionLexer, mk_tokenSet_18()[J >"	3	3	8	9
"< Application, Lantlr/actions/csharp/ActionLexer, mk_tokenSet_24()[J >"	1	3	4	5
"< Application, Lantlr/actions/java/ActionLexer, mk_tokenSet_23()[J >"	1	3	4	5
"< Application, Lantlr/ANTLRParser, <clinit>()V >"	9	3	20	21
"< Application, Lantlr/actions/csharp/ActionLexer, mk_tokenSet_24()[J >"	3	3	8	9
"< Application, Lantlr/actions/csharp/ActionLexer, mk_tokenSet_5()[J >"	5	3	10	7
"< Application, Ldacapo/TestHarness, runBenchmark(Ljava/io/File;Ljava/lang/String;Ldacapo/TestHarness;)V >"	9	15	9	16
"< Application, Lantlr/actions/java/ActionLexer, mk_tokenSet_24()[J >"	3	3	8	9
"< Application, Lantlr/preprocessor/Preprocessor, <clinit>()V >"	26	3	54	55
"< Application, Lantlr/actions/cpp/ActionLexer, mk_tokenSet_21()[J >"	5	3	11	9
"< Application, Lantlr/actions/csharp/ActionLexer, mk_tokenSet_26()[J >"	1	3	4	5
"< Application, Lantlr/ANTLRTokdefParser, <clinit>()V >"	14	3	30	31
"< Application, Ldacapo/parser/ConfigFile, jj_la1_1()V >"	14	3	21	4
"< Application, Lantlr/actions/java/ActionLexer, mk_tokenSet_2()[J >"	4	3	10	8
"< Application, Ldacapo/parser/ConfigFileConstants, <clinit>()V >"	7	3	16	17
"< Application, Lantlr/actions/cpp/ActionLexer, mk_tokenSet_3()[J >"	5	3	11	9
"< Application, Lantlr/preprocessor/Preprocessor, <clinit>()V >"	40	3	82	83
"< Application, Lantlr/preprocessor/Preprocessor, <clinit>()V >"	1	3	4	5
"< Application, Lantlr/actions/java/ActionLexer, mk_tokenSet_17()[J >"	5	3	11	9
"< Application, Lantlr/actions/java/ActionLexer, mk_tokenSet_17()[J >"	1	3	4	5
"< Application, Ldacapo/parser/ConfigFile, jj_la1_1()V >"	11	3	17	4
"< Application, Lantlr/actions/java/ActionLexer, mk_tokenSet_1()[J >"	4	3	10	8
"< Application, Ldacapo/parser/ConfigFileTokenManager, <clinit>()V >"	92	94	31	95
"< Application, Lantlr/preprocessor/PreprocessorLexer, mk_tokenSet_6()[J >"	1	3	4	5
"< Application, Lantlr/ANTLRTokdefLexer, mk_tokenSet_1()[J >"	4	3	10	8
"< Application, Lantlr/ANTLRStringBuffer, setCharAt(IC)V >"	1	5	2	3
"< Application, Lantlr/actions/csharp/ActionLexer, mk_tokenSet_22()[J >"	1	3	4	5
"< Application, Ldacapo/parser/ConfigFile, jj_la1_0()V >"	16	3	25	4
"< Application, Ldacapo/parser/ConfigFileTokenManager, <clinit>()V >"	65	24	85	86
"< Application, Lantlr/actions/csharp/ActionLexer, mk_tokenSet_14()[J >"	3	3	8	9
"< Application, Lantlr/actions/csharp/ActionLexer, mk_tokenSet_7()[J >"	5	3	12	10
"< Application, Lantlr/actions/csharp/ActionLexer, mk_tokenSet_13()[J >"	4	3	9	5
"< Application, Ldacapo/parser/ConfigFile, outputFile(Ldacapo/parser/Config;Ljava/lang/String;)V >"	15	11	12	13
"< Application, Lantlr/debug/LLkDebuggingParser, setupDebugging(Lantlr/TokenStream;Lantlr/TokenBuffer;)V >"	16	20	21	28
"< Application, Ldacapo/LatexDescriptions, <clinit>()V >"	8	3	18	19
"< Application, Lantlr/preprocessor/Preprocessor, mk_tokenSet_3()[J >"	2	3	6	7
"< Application, Lantlr/actions/cpp/ActionLexer, mk_tokenSet_26()[J >"	1	3	4	5
"< Application, Lantlr/preprocessor/PreprocessorLexer, mk_tokenSet_0()[J >"	3	3	8	7
"< Application, Ldacapo/parser/ConfigFileConstants, <clinit>()V >"	30	3	61	62
"< Application, Lantlr/preprocessor/Preprocessor, <clinit>()V >"	10	3	22	23
"< Application, Lantlr/preprocessor/PreprocessorLexer, mk_tokenSet_3()[J >"	1	3	4	5
"< Application, Lantlr/ANTLRTokdefParser, <clinit>()V >"	10	3	22	23
"< Application, Lantlr/actions/csharp/ActionLexer, mk_tokenSet_21()[J >"	2	3	6	7
"< Application, Ldacapo/parser/ConfigFileTokenManager, <clinit>()V >"	38	24	35	36
"< Application, Lantlr/actions/csharp/ActionLexer, mk_tokenSet_10()[J >"	5	3	11	9
"< Application, Ldacapo/parser/ConfigFileTokenManager, <clinit>()V >"	39	24	37	38
"< Application, Lantlr/ANTLRParser, mk_tokenSet_8()[J >"	1	3	4	5
"< Application, Lantlr/actions/cpp/ActionLexer, mk_tokenSet_20()[J >"	2	3	6	7
"< Application, Ldacapo/parser/ConfigFileTokenManager, jjMoveNfa_0(II)I >"	2	8	5	2
"< Application, Lantlr/ANTLRLexer, mk_tokenSet_5()[J >"	4	3	9	7
"< Application, Lantlr/actions/csharp/ActionLexer, mk_tokenSet_25()[J >"	1	3	4	5
"< Application, Lantlr/ANTLRParser, mk_tokenSet_0()[J >"	2	3	6	7
"< Application, Lantlr/actions/cpp/ActionLexer, mk_tokenSet_16()[J >"	5	3	11	9
"< Application, Ldacapo/parser/ConfigFileTokenManager, <clinit>()V >"	41	24	41	42
"< Application, Ldacapo/parser/ConfigFileTokenManager, <clinit>()V >"	60	24	78	26
"< Application, Lantlr/preprocessor/Preprocessor, mk_tokenSet_4()[J >"	2	3	6	7
"< Application, Ldacapo/parser/ConfigFile, generateParseException()Ldacapo/parser/ParseException; >"	63	45	55	53
"< Application, Ldacapo/parser/SimpleCharStream, adjustBeginLineColumn(II)V >"	71	73	60	69
"< Application, Ldacapo/TestHarness, invokeConfiguration(Ljava/lang/reflect/Method;Ljava/lang/String;)V >"	31	90	97	95
"< Application, Lantlr/actions/java/ActionLexer, mk_tokenSet_10()[J >"	4	3	10	9
"< Application, Lantlr/actions/java/ActionLexer, mk_tokenSet_5()[J >"	4	3	9	7
"< Application, Ldacapo/parser/ConfigFileConstants, <clinit>()V >"	32	3	65	66
"< Application, Lantlr/ANTLRTokdefLexer, mk_tokenSet_3()[J >"	2	3	6	7
"< Application, Lantlr/build/ANTLR, <clinit>()V >"	8	6	15	16
"< Application, Ldacapo/parser/ConfigFileTokenManager, <clinit>()V >"	48	24	55	56
"< Application, Lantlr/actions/java/ActionLexer, mk_tokenSet_24()[J >"	4	3	10	9
"< Application, Ldacapo/parser/ConfigFile, generateParseException()Ldacapo/parser/ParseException; >"	26	6	29	8
"< Application, Lantlr/preprocessor/PreprocessorLexer, mk_tokenSet_7()[J >"	1	3	4	5
"< Application, Ldacapo/parser/ConfigFile, outputClause(Ldacapo/parser/Config;Ljava/lang/String;Ljava/lang/String;)V >"	27	63	64	65
"< Application, Lantlr/actions/csharp/ActionLexer, mk_tokenSet_12()[J >"	5	3	11	9
"< Application, Lantlr/ANTLRParser, <clinit>()V >"	30	3	62	63
"< Application, Ldacapo/parser/ConfigFileTokenManager, <clinit>()V >"	119	94	81	95
"< Application, Lantlr/LLkAnalyzer, FOLLOW(ILantlr/RuleEndElement;)Lantlr/Lookahead; >"	151	120	2	8
"< Application, Lantlr/ANTLRParser, <clinit>()V >"	63	3	128	129
"< Application, Lantlr/actions/csharp/ActionLexer, mk_tokenSet_17()[J >"	5	3	10	7
"< Application, Lantlr/preprocessor/PreprocessorLexer, mk_tokenSet_10()[J >"	4	3	10	9
"< Application, Lantlr/ANTLRParser, <clinit>()V >"	64	3	130	131
"< Application, Lantlr/actions/cpp/ActionLexer, mk_tokenSet_26()[J >"	5	3	11	9
"< Application, Lantlr/actions/cpp/ActionLexer, mk_tokenSet_26()[J >"	4	3	10	9
"< Application, Lantlr/ANTLRParser, <clinit>()V >"	39	3	80	81
"< Application, Lantlr/actions/csharp/ActionLexer, mk_tokenSet_20()[J >"	5	3	10	7
"< Application, Ldacapo/parser/ConfigFileTokenManager, <clinit>()V >"	44	24	47	48
"< Application, Ldacapo/Matcher, match(C)V >"	43	59	4	2
"< Application, Ldacapo/TestHarness, runBenchmark(Ljava/io/File;Ljava/lang/String;Ldacapo/TestHarness;)V >"	38	37	52	55
"< Application, Ldacapo/parser/ConfigFileTokenManager, <clinit>()V >"	14	11	17	18
"< Application, Lantlr/preprocessor/Tool, preprocess()Z >"	51	69	70	72
"< Application, Ldacapo/parser/ConfigFile, jj_la1_0()V >"	13	3	21	4
"< Application, Lantlr/actions/cpp/ActionLexer, mk_tokenSet_9()[J >"	5	3	11	9
"< Application, Lantlr/actions/csharp/ActionLexer, mk_tokenSet_15()[J >"	4	3	10	9
"< Application, Lantlr/actions/csharp/ActionLexer, mk_tokenSet_12()[J >"	1	3	4	5
"< Application, Lantlr/ANTLRLexer, mk_tokenSet_1()[J >"	5	3	12	10
"< Application, Lantlr/ANTLRTokdefParser, mk_tokenSet_1()[J >"	2	3	6	7
"< Application, Lantlr/actions/cpp/ActionLexer, mk_tokenSet_4()[J >"	4	3	9	7
"< Application, Ldacapo/parser/ConfigFileConstants, <clinit>()V >"	42	3	85	86
"< Application, Lantlr/collections/impl/BitSet, notInPlace(II)V >"	8	8	7	12
"< Application, Ldacapo/parser/ConfigFileTokenManager, <clinit>()V >"	10	11	9	10
"< Application, Ldacapo/parser/ConfigFileTokenManager, <clinit>()V >"	121	94	85	95
"< Application, Lantlr/DefaultToolErrorHandler, warnAltExitAmbiguity(Lantlr/Grammar;Lantlr/BlockWithImpliedExitPath;ZI[Lantlr/Lookahead;I)V >"	20	11	27	40
"< Application, Lantlr/actions/java/ActionLexer, mk_tokenSet_0()[J >"	4	3	10	8
"< Application, Lantlr/actions/java/ActionLexer, mk_tokenSet_9()[J >"	3	3	8	9
"< Application, Lantlr/actions/csharp/ActionLexer, mk_tokenSet_17()[J >"	4	3	9	7
"< Application, Lantlr/ANTLRLexer, mk_tokenSet_1()[J >"	2	3	6	7
"< Application, Lantlr/collections/impl/BitSet, notInPlace()V >"	9	8	15	12
"< Application, Lantlr/actions/java/ActionLexer, mk_tokenSet_16()[J >"	3	3	8	9
"< Application, Lantlr/actions/csharp/ActionLexer, mk_tokenSet_10()[J >"	2	3	6	7
"< Application, Lantlr/ANTLRParser, <clinit>()V >"	15	3	32	33
"< Application, Ldacapo/parser/ConfigFileTokenManager, <clinit>()V >"	128	98	4	99
"< Application, Lantlr/preprocessor/PreprocessorLexer, mk_tokenSet_8()[J >"	1	3	4	5
"< Application, Lantlr/preprocessor/Preprocessor, <clinit>()V >"	9	3	20	21
"< Application, Lantlr/ANTLRLexer, mk_tokenSet_3()[J >"	1	3	4	5
"< Application, Ldacapo/parser/ConfigFile, sizeClause(Ldacapo/parser/Config;Ljava/lang/String;)V >"	59	13	14	15
"< Application, Lantlr/actions/java/ActionLexer, mk_tokenSet_3()[J >"	4	3	9	5
"< Application, Ldacapo/parser/ConfigFileTokenManager, <clinit>()V >"	22	24	9	26
"< Application, Lantlr/debug/LLkDebuggingParser, setupDebugging(Lantlr/TokenStream;Lantlr/TokenBuffer;)V >"	32	20	35	41
"< Application, Lantlr/actions/java/ActionLexer, mk_tokenSet_14()[J >"	3	3	8	9
"< Application, Ldacapo/parser/ConfigFileConstants, <clinit>()V >"	47	3	95	96
"< Application, Ldacapo/LatexDescriptions, strop(Ljava/lang/String;)Ljava/lang/String; >"	3	4	5	8
"< Application, Lantlr/collections/impl/BitSet, clear(I)V >"	10	9	5	15
"< Application, Lantlr/actions/cpp/ActionLexer, mk_tokenSet_21()[J >"	1	3	4	5
"< Application, Lantlr/actions/csharp/ActionLexer, mk_tokenSet_0()[J >"	1	3	4	5
"< Application, Lantlr/actions/cpp/ActionLexer, mk_tokenSet_19()[J >"	3	3	8	9
"< Application, Ldacapo/parser/ConfigFileTokenManager, <clinit>()V >"	31	24	18	26
"< Application, Lantlr/build/Tool, system(Ljava/lang/String;)V >"	7	16	18	19
"< Application, Lantlr/collections/impl/BitSet, orInPlace(Lantlr/collections/impl/BitSet;)V >"	21	20	27	24
"< Application, Lantlr/ANTLRParser, <clinit>()V >"	43	3	88	89
"< Application, Lantlr/ANTLRLexer, mk_tokenSet_4()[J >"	4	3	10	8
"< Application, Lantlr/ANTLRParser, <clinit>()V >"	24	3	50	51
"< Application, Lantlr/actions/java/ActionLexer, mk_tokenSet_4()[J >"	4	3	9	7
"< Application, Ldacapo/parser/ConfigFileConstants, <clinit>()V >"	9	3	20	21
"< Application, Lantlr/actions/java/ActionLexer, mk_tokenSet_4()[J >"	1	3	4	5
"< Application, Lantlr/preprocessor/Preprocessor, mk_tokenSet_5()[J >"	1	3	4	5
"< Application, Lantlr/ANTLRParser, <clinit>()V >"	46	3	94	95
"< Application, Ldacapo/parser/ConfigFile, jj_la1_0()V >"	12	3	20	4
"< Application, Ldacapo/parser/SimpleCharStream, UpdateLineColumn(C)V >"	43	27	28	29
"< Application, Lantlr/actions/java/ActionLexer, mk_tokenSet_18()[J >"	3	3	8	9
"< Application, Ldacapo/parser/ConfigFileTokenManager, <clinit>()V >"	40	24	39	40
"< Application, Ldacapo/Matcher, match(C)V >"	27	65	70	68
"< Application, Lantlr/actions/java/ActionLexer, mk_tokenSet_5()[J >"	5	3	10	7
"< Application, Lantlr/preprocessor/PreprocessorLexer, mk_tokenSet_5()[J >"	1	3	4	5
"< Application, Lantlr/actions/cpp/ActionLexer, mk_tokenSet_1()[J >"	1	3	4	5
"< Application, Lantlr/ANTLRParser, <clinit>()V >"	51	3	104	105
"< Application, Ldacapo/parser/ConfigFileTokenManager, <clinit>()V >"	88	94	13	95
"< Application, Lantlr/ANTLRLexer, mk_tokenSet_2()[J >"	5	3	12	10
"< Application, Ldacapo/parser/ConfigFile, jj_la1_1()V >"	17	3	24	25
"< Application, Lantlr/LLkAnalyzer, deterministicImpliedPath(Lantlr/BlockWithImpliedExitPath;)Z >"	70	33	121	94
"< Application, Lantlr/ANTLRParser, <clinit>()V >"	28	3	58	59
"< Application, Lantlr/actions/cpp/ActionLexer, mk_tokenSet_15()[J >"	3	3	8	9
"< Application, Lantlr/actions/java/ActionLexer, mk_tokenSet_10()[J >"	5	3	11	9
"< Application, Lantlr/actions/java/ActionLexer, mk_tokenSet_4()[J >"	2	3	6	7
"< Application, Ldacapo/parser/ConfigFileConstants, <clinit>()V >"	6	3	14	15
"< Application, Ldacapo/parser/ConfigFileConstants, <clinit>()V >"	24	3	49	50
"< Application, Lantlr/actions/csharp/ActionLexer, mk_tokenSet_17()[J >"	3	3	8	7
"< Application, Lantlr/actions/csharp/ActionLexer, mk_tokenSet_18()[J >"	3	3	8	9
"< Application, Lantlr/collections/impl/Vector, removeElement(Ljava/lang/Object;)Z >"	11	12	10	13
"< Application, Lantlr/actions/csharp/ActionLexer, mk_tokenSet_21()[J >"	1	3	4	5
"< Application, Ldacapo/Matcher, flush()V >"	6	5	10	7
"< Application, Lantlr/actions/cpp/ActionLexer, mk_tokenSet_12()[J >"	1	3	4	5
"< Application, Ldacapo/parser/ConfigFileTokenManager, <clinit>()V >"	99	94	45	95
"< Application, Lantlr/preprocessor/Preprocessor, <clinit>()V >"	25	3	52	53
"< Application, Lantlr/actions/cpp/ActionLexer, mk_tokenSet_20()[J >"	1	3	4	5
"< Application, Lantlr/actions/java/ActionLexer, mk_tokenSet_16()[J >"	5	3	11	9
"< Application, Ldacapo/parser/ConfigFile, jj_la1_0()V >"	5	3	11	12
"< Application, Ldacapo/parser/ConfigFileConstants, <clinit>()V >"	22	3	45	46
"< Application, Lantlr/ANTLRParser, <clinit>()V >"	16	3	34	35
"< Application, Lantlr/actions/cpp/ActionLexer, mk_tokenSet_5()[J >"	3	3	8	7
"< Application, Ldacapo/parser/ConfigFileConstants, <clinit>()V >"	15	3	31	32
"< Application, Lantlr/actions/csharp/ActionLexer, mk_tokenSet_16()[J >"	2	3	6	7
"< Application, Ldacapo/parser/ConfigFile, jj_la1_1()V >"	5	3	8	4
"< Application, Lantlr/actions/cpp/ActionLexer, mk_tokenSet_18()[J >"	4	3	10	9
"< Application, Lantlr/preprocessor/Preprocessor, mk_tokenSet_5()[J >"	2	3	6	7
"< Application, Lantlr/ANTLRLexer, mk_tokenSet_0()[J >"	4	3	10	8
"< Application, Lantlr/actions/cpp/ActionLexer, mk_tokenSet_9()[J >"	2	3	6	7
"< Application, Lantlr/ANTLRTokdefLexer, mk_tokenSet_2()[J >"	1	3	4	5
"< Application, Lantlr/actions/csharp/ActionLexer, mk_tokenSet_15()[J >"	3	3	8	9
"< Application, Lantlr/actions/cpp/ActionLexer, mk_tokenSet_24()[J >"	4	3	10	9
"< Application, Lantlr/actions/csharp/ActionLexer, mk_tokenSet_10()[J >"	3	3	8	9
"< Application, Lantlr/ANTLRParser, mk_tokenSet_9()[J >"	1	3	4	5
"< Application, Lantlr/actions/csharp/ActionLexer, mk_tokenSet_11()[J >"	3	3	8	9
"< Application, Lantlr/actions/java/ActionLexer, mk_tokenSet_12()[J >"	4	3	10	9
"< Application, Lantlr/actions/java/ActionLexer, mk_tokenSet_25()[J >"	1	3	4	5
"< Application, Lantlr/collections/impl/BitSet, subtractInPlace(Lantlr/collections/impl/BitSet;)V >"	15	10	19	16
"< Application, Lantlr/actions/cpp/ActionLexer, mk_tokenSet_18()[J >"	1	3	4	5
"< Application, Lantlr/actions/cpp/ActionLexer, mk_tokenSet_13()[J >"	5	3	11	9
"< Application, Lantlr/actions/java/ActionLexer, mk_tokenSet_15()[J >"	3	3	8	7
"< Application, Lantlr/actions/cpp/ActionLexer, mk_tokenSet_12()[J >"	4	3	10	9
"< Application, Lantlr/actions/csharp/ActionLexer, mk_tokenSet_19()[J >"	4	3	10	9
"< Application, Lantlr/actions/cpp/ActionLexer, mk_tokenSet_24()[J >"	3	3	8	9
"< Application, Lantlr/ANTLRParser, <clinit>()V >"	32	3	66	67
"< Application, Lantlr/ANTLRParser, <clinit>()V >"	31	3	64	65
"< Application, Lantlr/actions/java/ActionLexer, mk_tokenSet_17()[J >"	2	3	6	7
"< Application, Ldacapo/antlr/AntlrHarness, iterate(Ljava/lang/String;)V >"	24	47	54	52
"< Application, Lantlr/actions/java/ActionLexer, mk_tokenSet_14()[J >"	2	3	6	7
"< Application, Lantlr/ANTLRParser, mk_tokenSet_6()[J >"	2	3	6	7
"< Application, Ldacapo/parser/SimpleCharStream, adjustBeginLineColumn(II)V >"	52	55	51	56
"< Application, Ldacapo/parser/ConfigFileConstants, <clinit>()V >"	43	3	87	88
"< Application, Lantlr/ANTLRParser, mk_tokenSet_3()[J >"	2	3	6	7
"< Application, Lantlr/actions/cpp/ActionLexer, mk_tokenSet_17()[J >"	2	3	6	7
"< Application, Lantlr/debug/LLkDebuggingParser, setupDebugging(Lantlr/TokenStream;Lantlr/TokenBuffer;)V >"	35	44	21	1
"< Application, Ldacapo/parser/ConfigFileConstants, <clinit>()V >"	48	3	97	98
"< Application, Ldacapo/parser/ConfigFileTokenManager, <clinit>()V >"	3	3	7	8
"< Application, Lantlr/ANTLRParser, mk_tokenSet_11()[J >"	2	3	6	7
"< Application, Lantlr/ANTLRParser, mk_tokenSet_6()[J >"	1	3	4	5
"< Application, Ldacapo/parser/ConfigFileTokenManager, <clinit>()V >"	70	89	6	91
"< Application, Ldacapo/parser/ConfigFileConstants, <clinit>()V >"	38	3	77	78
"< Application, Lantlr/preprocessor/Preprocessor, <clinit>()V >"	38	3	78	79
"< Application, Lantlr/ANTLRParser, <clinit>()V >"	62	3	126	127
"< Application, Ldacapo/parser/ConfigFileTokenManager, <clinit>()V >"	85	94	10	4
"< Application, Lantlr/actions/csharp/ActionLexer, mk_tokenSet_6()[J >"	3	3	8	9
"< Application, Lantlr/actions/csharp/ActionLexer, mk_tokenSet_3()[J >"	3	3	8	9
"< Application, Lantlr/collections/impl/BitSet, andInPlace(Lantlr/collections/impl/BitSet;)V >"	21	23	26	24
"< Application, Lantlr/actions/cpp/ActionLexer, mk_tokenSet_11()[J >"	4	3	10	9
"< Application, Ldacapo/parser/ConfigFileTokenManager, <clinit>()V >"	89	94	20	95
"< Application, Lantlr/actions/cpp/ActionLexer, mk_tokenSet_15()[J >"	1	3	4	5
"< Application, Lantlr/actions/java/ActionLexer, mk_tokenSet_11()[J >"	3	3	8	9
"< Application, Lantlr/ASTFactory, createUsingCtor(Lantlr/Token;Ljava/lang/String;)Lantlr/collections/AST; >"	13	21	10	2
"< Application, Ldacapo/parser/ConfigFileConstants, <clinit>()V >"	46	3	93	94
"< Application, Lantlr/ANTLRParser, <clinit>()V >"	13	3	28	29
"< Application, Lantlr/actions/csharp/ActionLexer, mk_tokenSet_21()[J >"	4	3	10	9
"< Application, Lantlr/actions/cpp/ActionLexer, mk_tokenSet_12()[J >"	2	3	6	7
"< Application, Ldacapo/LatexDescriptions, <clinit>()V >"	3	3	8	9
"< Application, Lantlr/actions/csharp/ActionLexer, mk_tokenSet_1()[J >"	1	3	4	5
"< Application, Lantlr/actions/cpp/ActionLexer, mk_tokenSet_20()[J >"	4	3	9	7
"< Application, Lantlr/actions/cpp/ActionLexer, mk_tokenSet_16()[J >"	4	3	10	9
"< Application, Lantlr/preprocessor/PreprocessorLexer, mk_tokenSet_9()[J >"	5	3	11	9
"< Application, Lantlr/actions/java/ActionLexer, mk_tokenSet_5()[J >"	3	3	8	7
"< Application, Lantlr/preprocessor/Preprocessor, <clinit>()V >"	8	3	18	19
"< Application, Ldacapo/parser/ConfigFileTokenManager, <clinit>()V >"	93	94	33	95
"< Application, Lantlr/preprocessor/Preprocessor, mk_tokenSet_6()[J >"	1	3	4	5
"< Application, Lantlr/preprocessor/Preprocessor, <clinit>()V >"	6	3	14	15
"< Application, Lantlr/ANTLRTokdefParser, <clinit>()V >"	3	3	8	9
"< Application, Lantlr/preprocessor/PreprocessorLexer, mk_tokenSet_4()[J >"	3	3	8	9
"< Application, Lantlr/actions/cpp/ActionLexer, mk_tokenSet_20()[J >"	3	3	8	7
"< Application, Ldacapo/parser/ConfigFileTokenManager, <clinit>()V >"	101	94	49	95
"< Application, Lantlr/actions/java/ActionLexer, mk_tokenSet_23()[J >"	3	3	8	9
"< Application, Lantlr/actions/csharp/ActionLexer, mk_tokenSet_5()[J >"	1	3	4	5
"< Application, Lantlr/actions/cpp/ActionLexer, mk_tokenSet_11()[J >"	5	3	11	9
"< Application, Lantlr/actions/java/ActionLexer, mk_tokenSet_14()[J >"	4	3	10	9
"< Application, Lantlr/actions/java/ActionLexer, mk_tokenSet_3()[J >"	2	3	6	7
"< Application, Lantlr/actions/cpp/ActionLexer, mk_tokenSet_14()[J >"	4	3	10	8
"< Application, Lantlr/actions/cpp/ActionLexer, mk_tokenSet_6()[J >"	2	3	6	7
"< Application, Lantlr/actions/java/ActionLexer, mk_tokenSet_21()[J >"	3	3	8	9
"< Application, Lantlr/preprocessor/PreprocessorLexer, mk_tokenSet_1()[J >"	1	3	4	5
"< Application, Ldacapo/parser/ConfigFile, jj_la1_0()V >"	17	3	26	27
"< Application, Lantlr/ANTLRParser, <clinit>()V >"	45	3	92	93
"< Application, Lantlr/actions/java/ActionLexer, mk_tokenSet_5()[J >"	2	3	6	7
"< Application, Lantlr/actions/cpp/ActionLexer, mk_tokenSet_17()[J >"	4	3	9	7
"< Application, Ldacapo/parser/ConfigFileTokenManager, <clinit>()V >"	96	94	39	95
"< Application, Lantlr/collections/impl/ASTArray, add(Lantlr/collections/AST;)Lantlr/collections/impl/ASTArray; >"	4	4	5	2
"< Application, Lantlr/actions/csharp/ActionLexer, mk_tokenSet_22()[J >"	3	3	8	9
"< Application, Lantlr/actions/java/ActionLexer, mk_tokenSet_25()[J >"	4	3	10	9
"< Application, Lantlr/ANTLRParser, <clinit>()V >"	38	3	78	79
"< Application, Ldacapo/parser/ConfigFile, jj_la1_1()V >"	15	3	22	14
"< Application, Lantlr/actions/cpp/ActionLexer, mk_tokenSet_13()[J >"	2	3	6	7
"< Application, Lantlr/ANTLRParser, <clinit>()V >"	18	3	38	39
"< Application, Lantlr/actions/cpp/ActionLexer, mk_tokenSet_1()[J >"	4	3	10	8
"< Application, Lantlr/actions/java/ActionLexer, mk_tokenSet_4()[J >"	5	3	10	7
"< Application, Lantlr/ANTLRParser, mk_tokenSet_2()[J >"	1	3	4	5
"< Application, Lantlr/ANTLRLexer, mk_tokenSet_5()[J >"	5	3	10	7
"< Application, Lantlr/ANTLRParser, <clinit>()V >"	58	3	118	119
"< Application, Lantlr/ANTLRParser, mk_tokenSet_0()[J >"	1	3	4	5
"< Application, Lantlr/preprocessor/PreprocessorLexer, mk_tokenSet_0()[J >"	2	3	6	7
"< Application, Lantlr/ANTLRParser, <clinit>()V >"	17	3	36	37
"< Application, Ldacapo/parser/ConfigFileConstants, <clinit>()V >"	21	3	43	44
"< Application, Lantlr/build/ANTLR, <clinit>()V >"	5	6	9	10
"< Application, Lantlr/preprocessor/PreprocessorLexer, mk_tokenSet_2()[J >"	4	3	10	8
"< Application, Ldacapo/parser/ConfigFileConstants, <clinit>()V >"	4	3	10	11
"< Application, Ldacapo/parser/ConfigFile, jj_la1_1()V >"	16	3	23	10
"< Application, Ldacapo/parser/ConfigFile, jj_la1_0()V >"	2	3	6	5
"< Application, Lantlr/ANTLRParser, mk_tokenSet_1()[J >"	2	3	6	7
"< Application, Ldacapo/parser/ConfigFileConstants, <clinit>()V >"	33	3	67	68
"< Application, Lantlr/actions/cpp/ActionLexer, mk_tokenSet_10()[J >"	2	3	6	7
"< Application, Lantlr/actions/cpp/ActionLexer, mk_tokenSet_23()[J >"	5	3	11	9
"< Application, Lantlr/actions/csharp/ActionLexer, mk_tokenSet_19()[J >"	1	3	4	5
"< Application, Ldacapo/parser/ConfigFileTokenManager, <clinit>()V >"	110	94	67	95
"< Application, Lantlr/actions/java/ActionLexer, mk_tokenSet_6()[J >"	4	3	10	9
"< Application, Lantlr/actions/csharp/ActionLexer, mk_tokenSet_24()[J >"	2	3	6	7
"< Application, Lantlr/preprocessor/Preprocessor, <clinit>()V >"	27	3	56	57
"< Application, Lantlr/ANTLRTokdefParser, mk_tokenSet_0()[J >"	1	3	4	5
"< Application, Lantlr/ANTLRParser, <clinit>()V >"	35	3	72	73
"< Application, Lantlr/actions/csharp/ActionLexer, mk_tokenSet_19()[J >"	3	3	8	9
"< Application, Ldacapo/parser/ConfigFile, outputClause(Ldacapo/parser/Config;Ljava/lang/String;Ljava/lang/String;)V >"	56	12	13	14
"< Application, Lantlr/LLkAnalyzer, FOLLOW(ILantlr/RuleEndElement;)Lantlr/Lookahead; >"	92	41	2	42
"< Application, Lantlr/ANTLRLexer, mk_tokenSet_5()[J >"	2	3	6	7
"< Application, Lantlr/actions/cpp/ActionLexer, mk_tokenSet_12()[J >"	5	3	11	9
"< Application, Lantlr/actions/csharp/ActionLexer, mk_tokenSet_10()[J >"	4	3	10	9
"< Application, Lantlr/actions/csharp/ActionLexer, mk_tokenSet_6()[J >"	5	3	11	9
"< Application, Lantlr/ANTLRParser, <clinit>()V >"	61	3	124	125
"< Application, Lantlr/actions/csharp/ActionLexer, mk_tokenSet_6()[J >"	1	3	4	5
"< Application, Lantlr/actions/java/ActionLexer, mk_tokenSet_13()[J >"	3	3	8	9
"< Application, Ldacapo/parser/ConfigFileTokenManager, <clinit>()V >"	77	94	7	95
"< Application, Lantlr/actions/csharp/ActionLexer, mk_tokenSet_13()[J >"	2	3	6	7
"< Application, Lantlr/preprocessor/PreprocessorLexer, mk_tokenSet_8()[J >"	2	3	6	7
"< Application, Lantlr/actions/java/ActionLexer, mk_tokenSet_17()[J >"	4	3	10	9
"< Application, Lantlr/ANTLRParser, <clinit>()V >"	36	3	74	75
"< Application, Ldacapo/parser/ConfigFileConstants, <clinit>()V >"	8	3	18	19
"< Application, Lantlr/preprocessor/PreprocessorLexer, mk_tokenSet_1()[J >"	4	3	10	8
"< Application, Ldacapo/parser/ConfigFileTokenManager, <clinit>()V >"	104	94	55	95
"< Application, Lantlr/actions/java/ActionLexer, mk_tokenSet_18()[J >"	5	3	11	9
"< Application, Lantlr/actions/csharp/ActionLexer, mk_tokenSet_12()[J >"	3	3	8	9
"< Application, Lantlr/preprocessor/PreprocessorLexer, mk_tokenSet_10()[J >"	3	3	8	9
"< Application, Lantlr/actions/cpp/ActionLexer, mk_tokenSet_24()[J >"	5	3	11	9
"< Application, Lantlr/ANTLRParser, <clinit>()V >"	57	3	116	117
"< Application, Lantlr/ANTLRLexer, mk_tokenSet_1()[J >"	1	3	4	5
"< Application, Lantlr/ANTLRParser, mk_tokenSet_5()[J >"	1	3	4	5
"< Application, Lantlr/actions/java/ActionLexer, mk_tokenSet_22()[J >"	3	3	8	9
"< Application, Lantlr/actions/cpp/ActionLexer, mk_tokenSet_7()[J >"	1	3	4	5
"< Application, Ldacapo/parser/ConfigFile, jj_la1_1()V >"	6	3	9	10
"< Application, Lantlr/actions/csharp/ActionLexer, mk_tokenSet_16()[J >"	1	3	4	5
"< Application, Ldacapo/parser/ConfigFile, <init>(Ljava/io/InputStream;)V >"	22	19	21	9
"< Application, Lantlr/actions/java/ActionLexer, mk_tokenSet_25()[J >"	2	3	6	7
"< Application, Ldacapo/parser/SimpleCharStream, adjustBeginLineColumn(II)V >"	68	67	60	69
"< Application, Lantlr/ANTLRTokdefParser, <clinit>()V >"	8	3	18	19
"< Application, Lantlr/preprocessor/PreprocessorLexer, mk_tokenSet_4()[J >"	1	3	4	5
"< Application, Lantlr/actions/cpp/ActionLexer, mk_tokenSet_19()[J >"	4	3	10	9
"< Application, Ldacapo/parser/ConfigFile, sizeClause(Ldacapo/parser/Config;Ljava/lang/String;)V >"	52	33	34	35
"< Application, Ldacapo/parser/ConfigFile, jj_la1_0()V >"	6	3	13	4
"< Application, Lantlr/preprocessor/Preprocessor, <clinit>()V >"	17	3	36	37
"< Application, Lantlr/LLkAnalyzer, deterministicImpliedPath(Lantlr/BlockWithImpliedExitPath;)Z >"	41	56	121	55
"< Application, Lantlr/actions/java/ActionLexer, mk_tokenSet_20()[J >"	2	3	6	7
"< Application, Lantlr/ANTLRParser, <clinit>()V >"	48	3	98	99
"< Application, Ldacapo/parser/ConfigFileTokenManager, <clinit>()V >"	78	94	9	95
"< Application, Lantlr/preprocessor/Preprocessor, mk_tokenSet_7()[J >"	2	3	6	7
"< Application, Lantlr/ANTLRLexer, mk_tokenSet_3()[J >"	2	3	6	7
"< Application, Lantlr/collections/impl/BitSet, add(I)V >"	9	9	5	13
"< Application, Lantlr/ANTLRTokdefParser, <clinit>()V >"	9	3	20	21
"< Application, Ldacapo/parser/ConfigFileTokenManager, <clinit>()V >"	20	24	6	26
"< Application, Lantlr/actions/csharp/ActionLexer, mk_tokenSet_18()[J >"	2	3	6	7
"< Application, Lantlr/actions/java/ActionLexer, mk_tokenSet_9()[J >"	4	3	10	9
"< Application, Lantlr/ANTLRParser, mk_tokenSet_9()[J >"	2	3	6	7
"< Application, Lantlr/actions/csharp/ActionLexer, mk_tokenSet_9()[J >"	1	3	4	5
"< Application, Lantlr/actions/java/ActionLexer, mk_tokenSet_5()[J >"	1	3	4	5
"< Application, Lantlr/actions/cpp/ActionLexer, mk_tokenSet_11()[J >"	3	3	8	9
"< Application, Lantlr/actions/java/ActionLexer, mk_tokenSet_3()[J >"	3	3	8	5
"< Application, Ldacapo/parser/ConfigFileTokenManager, jjMoveNfa_0(II)I >"	93	117	118	36
"< Application, Ldacapo/parser/ConfigFile, generateParseException()Ldacapo/parser/ParseException; >"	11	6	12	8
"< Application, Ldacapo/parser/ConfigFileTokenManager, <clinit>()V >"	122	94	87	95
"< Application, Lantlr/ANTLRParser, <clinit>()V >"	42	3	86	87
"< Application, Lantlr/actions/csharp/ActionLexer, mk_tokenSet_3()[J >"	1	3	4	5
"< Application, Ldacapo/parser/ConfigFileTokenManager, <clinit>()V >"	37	24	33	34
"< Application, Ldacapo/parser/ConfigFileTokenManager, <clinit>()V >"	35	24	22	30
"< Application, Ldacapo/parser/ConfigFileTokenManager, jjCheckNAdd(I)V >"	11	11	2	12
"< Application, Lantlr/build/Tool, antlr(Ljava/lang/String;)V >"	29	45	46	47
"< Application, Lantlr/actions/cpp/ActionLexer, mk_tokenSet_6()[J >"	5	3	11	9
"< Application, Lantlr/actions/java/ActionLexer, mk_tokenSet_22()[J >"	1	3	4	5
"< Application, Lantlr/preprocessor/Preprocessor, mk_tokenSet_4()[J >"	1	3	4	5
"< Application, Lantlr/actions/java/ActionLexer, mk_tokenSet_11()[J >"	4	3	10	9
"< Application, Lantlr/collections/impl/BitSet, clear()V >"	6	8	12	9
"< Application, Lantlr/actions/java/ActionLexer, mk_tokenSet_9()[J >"	5	3	11	9
"< Application, Lantlr/ANTLRParser, <clinit>()V >"	52	3	106	107
"< Application, Ldacapo/parser/ConfigFileTokenManager, <clinit>()V >"	23	24	2	26
"< Application, Lantlr/preprocessor/PreprocessorLexer, mk_tokenSet_3()[J >"	4	3	10	8
"< Application, Ldacapo/LatexDescriptions, print([Ljava/lang/String;Ljava/io/PrintStream;)V >"	16	5	31	27
"< Application, Lantlr/LLkAnalyzer, look(ILjava/lang/String;)Lantlr/Lookahead; >"	62	41	2	6
"< Application, Ldacapo/parser/ConfigFileTokenManager, jjMoveNfa_1(II)I >"	29	48	49	7
"< Application, Lantlr/preprocessor/PreprocessorLexer, mk_tokenSet_2()[J >"	1	3	4	5
"< Application, Ldacapo/parser/ConfigFileTokenManager, <clinit>()V >"	82	94	17	7
"< Application, Ldacapo/parser/ConfigFileTokenManager, jjMoveNfa_0(II)I >"	105	124	125	127
"< Application, Lantlr/ANTLRTokdefLexer, mk_tokenSet_0()[J >"	1	3	4	5
"< Application, Lantlr/ANTLRParser, <clinit>()V >"	20	3	42	43
"< Application, Ldacapo/parser/ConfigFileTokenManager, <clinit>()V >"	52	24	63	64
"< Application, Ldacapo/parser/ConfigFile, configFile()Ldacapo/parser/Config; >"	29	25	26	27
"< Application, Lantlr/ANTLRParser, <clinit>()V >"	10	3	22	23
"< Application, Ldacapo/Benchmark, sortArray([Ljava/lang/Comparable;)V >"	18	2	24	23
"< Application, Ldacapo/parser/ConfigFileTokenManager, <clinit>()V >"	16	11	21	22
"< Application, Ldacapo/LatexDescriptions, <clinit>()V >"	7	3	16	17
"< Application, Lantlr/actions/csharp/ActionLexer, mk_tokenSet_14()[J >"	1	3	4	5
"< Application, Lantlr/actions/java/ActionLexer, mk_tokenSet_6()[J >"	3	3	8	9
"< Application, Lantlr/ANTLRLexer, mk_tokenSet_2()[J >"	2	3	6	7
"< Application, Ldacapo/parser/ConfigFileTokenManager, jjMoveNfa_0(II)I >"	57	103	104	7
"< Application, Lantlr/preprocessor/PreprocessorLexer, mk_tokenSet_10()[J >"	1	3	4	5
"< Application, Ldacapo/parser/ConfigFileTokenManager, <clinit>()V >"	59	24	77	26
"< Application, Ldacapo/parser/ConfigFileTokenManager, <clinit>()V >"	2	3	6	5
"< Application, Lantlr/actions/java/ActionLexer, mk_tokenSet_20()[J >"	5	3	11	9
"< Application, Lantlr/actions/csharp/ActionLexer, mk_tokenSet_26()[J >"	2	3	6	7
"< Application, Ldacapo/parser/ConfigFileTokenManager, <clinit>()V >"	34	24	15	29
"< Application, Lantlr/ANTLRParser, mk_tokenSet_1()[J >"	1	3	4	5
"< Application, Lantlr/ANTLRParser, <clinit>()V >"	22	3	46	47
"< Application, Lantlr/ANTLRParser, mk_tokenSet_11()[J >"	1	3	4	5
"< Application, Lantlr/actions/java/ActionLexer, mk_tokenSet_24()[J >"	2	3	6	7
"< Application, Ldacapo/parser/ConfigFileConstants, <clinit>()V >"	2	3	6	7
"< Application, Ldacapo/parser/ConfigFileTokenManager, <clinit>()V >"	134	102	4	103
"< Application, Lantlr/actions/java/ActionLexer, mk_tokenSet_16()[J >"	2	3	6	7
"< Application, Ldacapo/parser/ConfigFileConstants, <clinit>()V >"	37	3	75	76
"< Application, Lantlr/actions/csharp/ActionLexer, mk_tokenSet_9()[J >"	3	3	8	9
"< Application, Lantlr/ANTLRTokdefParser, <clinit>()V >"	7	3	16	17
"< Application, Ldacapo/parser/ConfigFileTokenManager, <clinit>()V >"	27	24	19	26
"< Application, Ldacapo/parser/ConfigFileConstants, <clinit>()V >"	41	3	83	84
"< Application, Lantlr/actions/java/ActionLexer, mk_tokenSet_9()[J >"	2	3	6	7
"< Application, Lantlr/actions/cpp/ActionLexer, mk_tokenSet_10()[J >"	3	3	8	9
"< Application, Lantlr/ANTLRParser, mk_tokenSet_4()[J >"	2	3	6	7
"< Application, Lantlr/actions/csharp/ActionLexer, mk_tokenSet_16()[J >"	4	3	10	9
"< Application, Ldacapo/parser/ConfigFile, jj_la1_1()V >"	7	3	11	12
"< Application, Lantlr/actions/cpp/ActionLexer, mk_tokenSet_9()[J >"	4	3	10	9
"< Application, Lantlr/actions/csharp/ActionLexer, mk_tokenSet_20()[J >"	3	3	8	7
"< Application, Lantlr/LLkAnalyzer, getAltLookahead(Lantlr/AlternativeBlock;II)Lantlr/Lookahead; >"	7	16	4	15
"< Application, Lantlr/actions/java/ActionLexer, mk_tokenSet_22()[J >"	5	3	11	9
"< Application, Lantlr/actions/cpp/ActionLexer, mk_tokenSet_9()[J >"	1	3	4	5
"< Application, Lantlr/ANTLRParser, <clinit>()V >"	54	3	110	111
"< Application, Lantlr/ANTLRParser, <clinit>()V >"	21	3	44	45
"< Application, Lantlr/actions/csharp/ActionLexer, mk_tokenSet_7()[J >"	1	3	4	5
"< Application, Lantlr/actions/java/ActionLexer, mk_tokenSet_9()[J >"	1	3	4	5
"< Application, Lantlr/actions/java/ActionLexer, mk_tokenSet_23()[J >"	2	3	6	7
"< Application, Lantlr/ANTLRTokdefLexer, mk_tokenSet_1()[J >"	1	3	4	5
"< Application, Lantlr/actions/java/ActionLexer, mk_tokenSet_16()[J >"	4	3	10	9
"< Application, Lantlr/preprocessor/Preprocessor, <clinit>()V >"	3	3	8	9
"< Application, Ldacapo/TestHarness, invokeConfiguration(Ljava/lang/reflect/Method;Ljava/lang/String;)V >"	58	27	87	56
"< Application, Lantlr/debug/LLkDebuggingParser, setupDebugging(Lantlr/TokenStream;Lantlr/TokenBuffer;)V >"	24	20	5	34
"< Application, Lantlr/actions/java/ActionLexer, mk_tokenSet_12()[J >"	1	3	4	5
"< Application, Lantlr/ANTLRParser, <clinit>()V >"	3	3	8	9
"< Application, Lantlr/actions/csharp/ActionLexer, mk_tokenSet_22()[J >"	4	3	10	9
"< Application, Ldacapo/parser/ConfigFileTokenManager, <clinit>()V >"	63	24	81	82
"< Application, Lantlr/debug/LLkDebuggingParser, setupDebugging(Lantlr/TokenStream;Lantlr/TokenBuffer;)V >"	37	44	35	3
"< Application, Ldacapo/parser/ConfigFile, outputFile(Ldacapo/parser/Config;Ljava/lang/String;)V >"	32	36	37	38
"< Application, Ldacapo/parser/ConfigFileTokenManager, <clinit>()V >"	47	24	53	54
"< Application, Lantlr/ANTLRParser, <clinit>()V >"	14	3	30	31
"< Application, Lantlr/actions/java/ActionLexer, mk_tokenSet_25()[J >"	3	3	8	9
"< Application, Ldacapo/parser/ConfigFileTokenManager, jjMoveNfa_0(II)I >"	142	134	135	137
"< Application, Ldacapo/Matcher, match(C)V >"	98	56	51	2
"< Application, Lantlr/actions/cpp/ActionLexer, mk_tokenSet_0()[J >"	4	3	10	8
"< Application, Lantlr/actions/java/ActionLexer, mk_tokenSet_13()[J >"	4	3	10	9
"< Application, Lantlr/actions/csharp/ActionLexer, mk_tokenSet_4()[J >"	4	3	9	7
"< Application, Lantlr/actions/csharp/ActionLexer, mk_tokenSet_13()[J >"	5	3	10	5
"< Application, Lantlr/preprocessor/Preprocessor, <clinit>()V >"	16	3	34	35
"< Application, Lantlr/preprocessor/Preprocessor, mk_tokenSet_1()[J >"	2	3	6	7
"< Application, Lantlr/actions/cpp/ActionLexer, mk_tokenSet_3()[J >"	1	3	4	5
"< Application, Lantlr/ANTLRParser, mk_tokenSet_8()[J >"	2	3	6	7
"< Application, Lantlr/preprocessor/PreprocessorLexer, mk_tokenSet_0()[J >"	1	3	4	5
"< Application, Lantlr/preprocessor/Preprocessor, <clinit>()V >"	22	3	46	47
"< Application, Lantlr/actions/cpp/ActionLexer, mk_tokenSet_22()[J >"	3	3	8	9
"< Application, Lantlr/actions/csharp/ActionLexer, mk_tokenSet_11()[J >"	1	3	4	5
"< Application, Ldacapo/parser/ConfigFileConstants, <clinit>()V >"	45	3	91	92
"< Application, Lantlr/preprocessor/Preprocessor, <clinit>()V >"	37	3	76	77
"< Application, Ldacapo/parser/ConfigFileTokenManager, <clinit>()V >"	125	96	4	97
"< Application, Ldacapo/parser/ConfigFileTokenManager, <clinit>()V >"	81	94	16	6
"< Application, Lantlr/preprocessor/Tool, preprocess()Z >"	67	49	50	68
"< Application, Ldacapo/parser/ConfigFileConstants, <clinit>()V >"	35	3	71	72
"< Application, Ldacapo/parser/ConfigFileTokenManager, <clinit>()V >"	75	94	4	95
"< Application, Ldacapo/TestHarness, runBenchmark(Ljava/io/File;Ljava/lang/String;Ldacapo/TestHarness;)V >"	5	8	11	12
"< Application, Lantlr/actions/csharp/ActionLexer, mk_tokenSet_18()[J >"	4	3	10	9
"< Application, Ldacapo/parser/ConfigFileConstants, <clinit>()V >"	27	3	55	56
"< Application, Lantlr/ANTLRParser, <clinit>()V >"	23	3	48	49
"< Application, Lantlr/actions/cpp/ActionLexer, mk_tokenSet_5()[J >"	1	3	4	5
"< Application, Ldacapo/parser/ConfigFile, outputClause(Ldacapo/parser/Config;Ljava/lang/String;Ljava/lang/String;)V >"	36	47	48	49
"< Application, Ldacapo/parser/ConfigFileTokenManager, <clinit>()V >"	45	24	49	50
"< Application, Ldacapo/parser/ConfigFileTokenManager, jjAddStates(II)V >"	7	5	6	10
"< Application, Ldacapo/parser/ConfigFileTokenManager, <clinit>()V >"	113	94	73	95
"< Application, Lantlr/actions/csharp/ActionLexer, mk_tokenSet_13()[J >"	3	3	8	5
"< Application, Ldacapo/parser/ConfigFileTokenManager, <clinit>()V >"	15	11	19	20
"< Application, Lantlr/ANTLRParser, <clinit>()V >"	12	3	26	27
"< Application, Lantlr/actions/cpp/ActionLexer, mk_tokenSet_4()[J >"	1	3	4	5
"< Application, Ldacapo/parser/ConfigFileTokenManager, jjMoveNfa_0(II)I >"	70	106	107	5
"< Application, Lantlr/actions/cpp/ActionLexer, mk_tokenSet_24()[J >"	2	3	6	7
"< Application, Lantlr/actions/java/ActionLexer, mk_tokenSet_4()[J >"	3	3	8	7
"< Application, Lantlr/preprocessor/PreprocessorLexer, mk_tokenSet_9()[J >"	3	3	8	9
"< Application, Lantlr/ANTLRParser, <clinit>()V >"	7	3	16	17
"< Application, Lantlr/actions/csharp/ActionLexer, mk_tokenSet_26()[J >"	4	3	10	9
"< Application, Lantlr/actions/java/ActionLexer, mk_tokenSet_23()[J >"	4	3	10	9
"< Application, Ldacapo/parser/ConfigFileTokenManager, <clinit>()V >"	56	24	71	72
"< Application, Lantlr/actions/csharp/ActionLexer, mk_tokenSet_23()[J >"	5	3	11	9
"< Application, Lantlr/actions/csharp/ActionLexer, mk_tokenSet_18()[J >"	5	3	11	9
"< Application, Ldacapo/parser/ConfigFileTokenManager, <clinit>()V >"	29	24	10	26
"< Application, Lantlr/actions/csharp/ActionLexer, mk_tokenSet_3()[J >"	4	3	10	9
"< Application, Lantlr/LLkAnalyzer, look(ILantlr/BlockEndElement;)Lantlr/Lookahead; >"	33	44	2	6
"< Application, Ldacapo/parser/ConfigFileTokenManager, <clinit>()V >"	66	24	87	88
"< Application, Lantlr/actions/csharp/ActionLexer, mk_tokenSet_5()[J >"	4	3	9	7
"< Application, Lantlr/actions/csharp/ActionLexer, mk_tokenSet_2()[J >"	4	3	10	8
"< Application, Ldacapo/parser/ConfigFileTokenManager, <clinit>()V >"	42	24	43	44
"< Application, Lantlr/actions/csharp/ActionLexer, mk_tokenSet_11()[J >"	5	3	11	9
"< Application, Ldacapo/parser/ConfigFile, jj_la1_0()V >"	4	3	9	10
"< Application, Lantlr/actions/java/ActionLexer, mk_tokenSet_12()[J >"	2	3	6	7
"< Application, Lantlr/actions/java/ActionLexer, mk_tokenSet_20()[J >"	4	3	10	9
"< Application, Ldacapo/parser/ConfigFileTokenManager, <clinit>()V >"	97	94	41	95
"< Application, Lantlr/actions/java/ActionLexer, mk_tokenSet_19()[J >"	2	3	6	7
"< Application, Lantlr/preprocessor/Preprocessor, <clinit>()V >"	18	3	38	39
"< Application, Lantlr/actions/java/ActionLexer, mk_tokenSet_13()[J >"	2	3	6	7
"< Application, Lantlr/preprocessor/Preprocessor, <clinit>()V >"	23	3	48	49
"< Application, Lantlr/ANTLRParser, <clinit>()V >"	49	3	100	101
"< Application, Lantlr/actions/csharp/ActionLexer, mk_tokenSet_22()[J >"	5	3	11	9
"< Application, Lantlr/actions/cpp/ActionLexer, mk_tokenSet_26()[J >"	2	3	6	7
"< Application, Lantlr/ANTLRParser, <clinit>()V >"	47	3	96	97
"< Application, Ldacapo/parser/ConfigFileTokenManager, <clinit>()V >"	109	94	65	95
"< Application, Lantlr/actions/csharp/ActionLexer, mk_tokenSet_20()[J >"	1	3	4	5
"< Application, Lantlr/actions/cpp/ActionLexer, mk_tokenSet_9()[J >"	3	3	8	9
"< Application, Lantlr/actions/cpp/ActionLexer, mk_tokenSet_22()[J >"	5	3	11	9
"< Application, Lantlr/actions/csharp/ActionLexer, mk_tokenSet_14()[J >"	4	3	10	9
"< Application, Lantlr/preprocessor/Preprocessor, <clinit>()V >"	7	3	16	17
"< Application, Lantlr/actions/java/ActionLexer, mk_tokenSet_24()[J >"	5	3	11	9
"< Application, Lantlr/actions/java/ActionLexer, mk_tokenSet_0()[J >"	1	3	4	5
"< Application, Lantlr/actions/java/ActionLexer, mk_tokenSet_12()[J >"	3	3	8	9
"< Application, Ldacapo/parser/ConfigFileTokenManager, <clinit>()V >"	19	24	4	25
"< Application, Ldacapo/parser/ConfigFile, <init>(Ldacapo/parser/ConfigFileTokenManager;)V >"	16	13	16	9
"< Application, Lantlr/actions/cpp/ActionLexer, mk_tokenSet_0()[J >"	1	3	4	5
"< Application, Lantlr/actions/cpp/ActionLexer, mk_tokenSet_21()[J >"	3	3	8	9
"< Application, Lantlr/ANTLRTokdefParser, <clinit>()V >"	4	3	10	11
"< Application, Lantlr/ANTLRTokdefParser, <clinit>()V >"	2	3	6	7
"< Application, Lantlr/actions/java/ActionLexer, mk_tokenSet_7()[J >"	2	3	6	7
"< Application, Lantlr/actions/cpp/ActionLexer, mk_tokenSet_20()[J >"	5	3	10	7
"< Application, Lantlr/actions/cpp/ActionLexer, mk_tokenSet_8()[J >"	2	3	6	7
"< Application, Lantlr/actions/cpp/ActionLexer, mk_tokenSet_23()[J >"	1	3	4	5
"< Application, Ldacapo/parser/ConfigFileConstants, <clinit>()V >"	36	3	73	74
"< Application, Lantlr/actions/csharp/ActionLexer, mk_tokenSet_24()[J >"	4	3	10	9
"< Application, Lantlr/actions/java/ActionLexer, mk_tokenSet_16()[J >"	1	3	4	5
"< Application, Ldacapo/parser/ConfigFileConstants, <clinit>()V >"	31	3	63	64
"< Application, Ldacapo/parser/ConfigFileTokenManager, <clinit>()V >"	114	94	75	95
"< Application, Lantlr/actions/csharp/ActionLexer, mk_tokenSet_20()[J >"	2	3	6	7
"< Application, Ldacapo/parser/ConfigFileTokenManager, <clinit>()V >"	94	94	35	95
"< Application, Lantlr/actions/csharp/ActionLexer, mk_tokenSet_21()[J >"	5	3	11	9
"< Application, Lantlr/actions/java/ActionLexer, mk_tokenSet_20()[J >"	1	3	4	5
"< Application, Ldacapo/TestHarness, invokeConfiguration(Ljava/lang/reflect/Method;Ljava/lang/String;)V >"	34	27	30	90
"< Application, Lantlr/ANTLRParser, <clinit>()V >"	40	3	82	83
"< Application, Lantlr/actions/cpp/ActionLexer, mk_tokenSet_22()[J >"	1	3	4	5
"< Application, Lantlr/ANTLRParser, <clinit>()V >"	27	3	56	57
"< Application, Lantlr/actions/cpp/ActionLexer, mk_tokenSet_4()[J >"	3	3	8	7
"< Application, Lantlr/actions/csharp/ActionLexer, mk_tokenSet_26()[J >"	5	3	11	9
"< Application, Ldacapo/parser/ConfigFileTokenManager, <clinit>()V >"	112	94	71	95
"< Application, Lantlr/ANTLRParser, <clinit>()V >"	26	3	54	55
"< Application, Lantlr/preprocessor/Preprocessor, <clinit>()V >"	39	3	80	81
"< Application, Lantlr/LLkAnalyzer, deterministicImpliedPath(Lantlr/BlockWithImpliedExitPath;)Z >"	133	151	4	153
"< Application, Lantlr/actions/csharp/ActionLexer, mk_tokenSet_8()[J >"	1	3	4	5
"< Application, Lantlr/actions/csharp/ActionLexer, mk_tokenSet_4()[J >"	2	3	6	7
"< Application, Lantlr/actions/java/ActionLexer, mk_tokenSet_10()[J >"	2	3	6	7
"< Application, Ldacapo/parser/ConfigFileTokenManager, <clinit>()V >"	106	94	59	95
"< Application, Ldacapo/parser/ConfigFileTokenManager, <clinit>()V >"	95	94	37	95
"< Application, Lantlr/actions/cpp/ActionLexer, mk_tokenSet_14()[J >"	1	3	4	5
"< Application, Lantlr/actions/java/ActionLexer, mk_tokenSet_19()[J >"	1	3	4	5
"< Application, Lantlr/actions/java/ActionLexer, mk_tokenSet_18()[J >"	2	3	6	7
"< Application, Lantlr/actions/java/ActionLexer, mk_tokenSet_11()[J >"	5	3	11	9
"< Application, Lantlr/LLkAnalyzer, FOLLOW(ILantlr/RuleEndElement;)Lantlr/Lookahead; >"	189	161	2	164
"< Application, Ldacapo/parser/ConfigFile, jj_la1_1()V >"	1	3	4	5
"< Application, Lantlr/actions/cpp/ActionLexer, mk_tokenSet_23()[J >"	3	3	8	9
"< Application, Ldacapo/parser/ConfigFileConstants, <clinit>()V >"	16	3	33	34
"< Application, Ldacapo/parser/ConfigFileTokenManager, <clinit>()V >"	102	94	51	95
"< Application, Lantlr/ANTLRTokdefParser, <clinit>()V >"	15	3	32	33
"< Application, Lantlr/preprocessor/Tool, processArguments([Ljava/lang/String;)V >"	34	51	52	54
"< Application, Lantlr/ASTFactory, createUsingCtor(Lantlr/Token;Ljava/lang/String;)Lantlr/collections/AST; >"	9	9	10	16
"< Application, Lantlr/actions/csharp/ActionLexer, mk_tokenSet_23()[J >"	2	3	6	7
"< Application, Lantlr/actions/java/ActionLexer, mk_tokenSet_8()[J >"	5	3	12	10
"< Application, Lantlr/actions/java/ActionLexer, mk_tokenSet_19()[J >"	3	3	8	7
"< Application, Lantlr/ANTLRParser, <clinit>()V >"	53	3	108	109
"< Application, Ldacapo/parser/ConfigFileConstants, <clinit>()V >"	40	3	81	82
"< Application, Lantlr/preprocessor/PreprocessorLexer, mk_tokenSet_6()[J >"	4	3	10	8
"< Application, Ldacapo/LatexDescriptions, <clinit>()V >"	6	3	14	15
"< Application, Lantlr/actions/csharp/ActionLexer, mk_tokenSet_15()[J >"	5	3	11	9
"< Application, Lantlr/preprocessor/Preprocessor, mk_tokenSet_2()[J >"	2	3	6	7
"< Application, Lantlr/actions/java/ActionLexer, mk_tokenSet_8()[J >"	1	3	4	5
"< Application, Lantlr/actions/cpp/ActionLexer, mk_tokenSet_13()[J >"	1	3	4	5
"< Application, Ldacapo/parser/ConfigFileConstants, <clinit>()V >"	1	3	4	5
"< Application, Ldacapo/parser/ConfigFile, jj_la1_1()V >"	10	3	15	16
"< Application, Lantlr/actions/cpp/ActionLexer, mk_tokenSet_13()[J >"	3	3	8	9
"< Application, Lantlr/preprocessor/Preprocessor, <clinit>()V >"	11	3	24	25
"< Application, Lantlr/preprocessor/Preprocessor, <clinit>()V >"	28	3	58	59
"< Application, Ldacapo/parser/ConfigFile, jj_la1_1()V >"	8	3	13	10
