"< Application, Lantlr/CppCodeGenerator, genCommonBlock(Lantlr/AlternativeBlock;Z)Lantlr/CppBlockFinishingInfo; >"	151	some(121)	"< Application, Lantlr/CppCodeGenerator, suitableForCaseExpression(Lantlr/Alternative;)Z >"	[119]
"< Application, Lantlr/preprocessor/PreprocessorLexer, <clinit>()V >"	21	some(24)	"< Application, Lantlr/preprocessor/PreprocessorLexer, mk_tokenSet_5()[J >"	[]
"< Application, Lantlr/collections/impl/BitSet, member(I)Z >"	7	some(11)	"< Application, Lantlr/collections/impl/BitSet, bitMask(I)J >"	[2]
"< Application, Ldacapo/antlr/Main, main([Ljava/lang/String;)V >"	8	some(16)	"< Application, Ldacapo/parser/Config, parse(Ljava/io/File;)Ldacapo/parser/Config; >"	[12]
"< Application, Lantlr/preprocessor/PreprocessorLexer, <clinit>()V >"	41	some(44)	"< Application, Lantlr/preprocessor/PreprocessorLexer, mk_tokenSet_10()[J >"	[]
"< Application, Lantlr/actions/csharp/ActionLexer, <clinit>()V >"	69	some(72)	"< Application, Lantlr/actions/csharp/ActionLexer, mk_tokenSet_17()[J >"	[]
"< Application, Lantlr/DocBookCodeGenerator, gen(Lantlr/ParserGrammar;)V >"	29	some(46)	"< Application, Lantlr/DocBookCodeGenerator, HTMLEncode(Ljava/lang/String;)Ljava/lang/String; >"	[44]
"< Application, Lantlr/Tool, openOutputFile(Ljava/lang/String;)Ljava/io/PrintWriter; >"	6	some(13)	"< Primordial, Ljava/lang/System, getProperty(Ljava/lang/String;)Ljava/lang/String; >"	[11]
"< Application, Ldacapo/parser/ConfigFile, <clinit>()V >"	1	none	"< Application, Ldacapo/parser/ConfigFile, jj_la1_1()V >"	[]
"< Application, Ldacapo/parser/ConfigFile, string()Ljava/lang/String; >"	1	some(7)	"< Application, Ldacapo/parser/ConfigFile, unQuote(Ldacapo/parser/Token;)Ljava/lang/String; >"	[5]
"< Application, Lantlr/Tool, warning([Ljava/lang/String;Ljava/lang/String;II)V >"	7	some(16)	"< Application, Lantlr/FileLineFormatter, getFormatter()Lantlr/FileLineFormatter; >"	[]
"< Application, Lantlr/ANTLRParser, setBlockElement()Lantlr/collections/impl/BitSet; >"	7	some(17)	"< Application, Lantlr/collections/impl/BitSet, of(I)Lantlr/collections/impl/BitSet; >"	[15]
"< Application, Lantlr/CSharpCodeGenerator, getLookaheadTestTerm(ILantlr/collections/impl/BitSet;)Ljava/lang/String; >"	2	some(10)	"< Application, Lantlr/CodeGenerator, elementsAreRange([I)Z >"	[8]
"< Application, Lantlr/actions/java/ActionLexer, <clinit>()V >"	65	some(68)	"< Application, Lantlr/actions/java/ActionLexer, mk_tokenSet_16()[J >"	[]
"< Application, Ldacapo/FileDigest, getText(Ljava/io/File;ZLjava/io/File;)[B >"	12	some(27)	"< Application, Ldacapo/FileDigest, replaceAllFixed(Ljava/lang/String;Ljava/lang/String;Ljava/lang/String;)Ljava/lang/String; >"	[23, 24, 25]
"< Application, Lantlr/JavaCodeGenerator, genCommonBlock(Lantlr/AlternativeBlock;Z)Lantlr/JavaBlockFinishingInfo; >"	130	some(103)	"< Application, Lantlr/JavaCodeGenerator, suitableForCaseExpression(Lantlr/Alternative;)Z >"	[101]
"< Application, Lantlr/CodeGenerator, _printAction(Ljava/lang/String;)V >"	6	some(11)	"< Primordial, Ljava/lang/Character, isSpaceChar(C)Z >"	[9]
"< Application, Lantlr/preprocessor/Rule, toString()Ljava/lang/String; >"	68	some(99)	"< Primordial, Ljava/lang/System, getProperty(Ljava/lang/String;)Ljava/lang/String; >"	[70]
"< Application, Lantlr/CSharpCodeGenerator, genErrorCatchForElement(Lantlr/AlternativeElement;)V >"	8	some(13)	"< Application, Lantlr/CodeGenerator, encodeLexerRuleName(Ljava/lang/String;)Ljava/lang/String; >"	[11]
"< Application, Ldacapo/parser/Config, parse(Ljava/lang/String;)Ldacapo/parser/Config; >"	2	some(6)	"< Application, Ldacapo/parser/Config, parse(Ljava/io/File;)Ldacapo/parser/Config; >"	[3]
"< Application, Lantlr/ANTLRTokdefParser, <clinit>()V >"	23	some(42)	"< Application, Lantlr/ANTLRTokdefParser, mk_tokenSet_1()[J >"	[]
"< Application, Lantlr/DiagnosticCodeGenerator, getASTCreateString(Lantlr/collections/impl/Vector;)Ljava/lang/String; >"	3	some(11)	"< Primordial, Ljava/lang/System, getProperty(Ljava/lang/String;)Ljava/lang/String; >"	[9]
"< Application, LGcCallback, start(Ljava/lang/String;)V >"	0	none	"< Primordial, Ljava/lang/System, gc()V >"	[]
"< Application, Lantlr/ANTLRTokdefParser, <clinit>()V >"	19	some(38)	"< Application, Lantlr/ANTLRTokdefParser, mk_tokenSet_0()[J >"	[]
"< Application, Lantlr/actions/csharp/ActionLexer, <clinit>()V >"	5	some(8)	"< Application, Lantlr/actions/csharp/ActionLexer, mk_tokenSet_1()[J >"	[]
"< Application, Ldacapo/TestHarness, <init>(Ljava/io/InputStream;)V >"	5	none	"< Primordial, Ljava/lang/System, exit(I)V >"	[9]
"< Application, Lantlr/preprocessor/PreprocessorLexer, <clinit>()V >"	25	some(28)	"< Application, Lantlr/preprocessor/PreprocessorLexer, mk_tokenSet_6()[J >"	[]
"< Application, Lantlr/CppCodeGenerator, genTokenStrings(Ljava/lang/String;)V >"	38	some(60)	"< Application, Lantlr/StringUtils, stripFrontBack(Ljava/lang/String;Ljava/lang/String;Ljava/lang/String;)Ljava/lang/String; >"	[58, 46, 46]
"< Application, Lantlr/JavaCodeGenerator, genNextToken()V >"	138	some(158)	"< Application, Lantlr/CodeGenerator, decodeLexerRuleName(Ljava/lang/String;)Ljava/lang/String; >"	[156]
"< Application, Ldacapo/TestHarness, main([Ljava/lang/String;)V >"	253	none	"< Primordial, Ljava/lang/System, exit(I)V >"	[292]
"< Application, Lantlr/CSharpCodeGenerator, setupGrammarParameters(Lantlr/Grammar;)V >"	64	some(42)	"< Application, Lantlr/StringUtils, stripFrontBack(Ljava/lang/String;Ljava/lang/String;Ljava/lang/String;)Ljava/lang/String; >"	[39, 40, 40]
"< Application, Ldacapo/LatexDescriptions, print([Ljava/lang/String;Ljava/io/PrintStream;)V >"	29	some(42)	"< Application, Ldacapo/LatexDescriptions, strop(Ljava/lang/String;)Ljava/lang/String; >"	[40]
"< Application, Lantlr/JavaCodeGenerator, genTokenStrings()V >"	33	some(50)	"< Application, Lantlr/StringUtils, stripFrontBack(Ljava/lang/String;Ljava/lang/String;Ljava/lang/String;)Ljava/lang/String; >"	[48, 36, 36]
"< Application, Lantlr/preprocessor/Hierarchy, optionsToString(Lantlr/collections/impl/IndexedVector;)Ljava/lang/String; >"	26	some(48)	"< Primordial, Ljava/lang/System, getProperty(Ljava/lang/String;)Ljava/lang/String; >"	[8]
"< Application, Lantlr/ASTFactory, class$(Ljava/lang/String;)Ljava/lang/Class; >"	0	some(4)	"< Primordial, Ljava/lang/Class, forName(Ljava/lang/String;)Ljava/lang/Class; >"	[1]
"< Application, Lantlr/MakeGrammar, refStringLiteral(Lantlr/Token;Lantlr/Token;IZ)V >"	29	some(42)	"< Primordial, Ljava/lang/Character, toLowerCase(C)C >"	[39]
"< Application, Ldacapo/TestHarness, main([Ljava/lang/String;)V >"	166	none	"< Application, Ldacapo/Benchmark, setValidate(Z)V >"	[4]
"< Application, Lantlr/collections/impl/BitSet, growToInclude(I)V >"	9	none	"< Primordial, Ljava/lang/System, arraycopy(Ljava/lang/Object;ILjava/lang/Object;II)V >"	[13, 14, 12, 14, 16]
"< Application, Ldacapo/antlr/AntlrHarness, postIteration(Ljava/lang/String;)V >"	1	some(6)	"< Application, Ldacapo/Benchmark, isPreserve()Z >"	[]
"< Application, Lantlr/Tool, doEverything([Ljava/lang/String;)I >"	35	some(75)	"< Primordial, Ljava/lang/Class, forName(Ljava/lang/String;)Ljava/lang/Class; >"	[73]
"< Application, Lantlr/CSharpCodeGenerator, genNextToken()V >"	120	some(82)	"< Application, Lantlr/CodeGenerator, encodeLexerRuleName(Ljava/lang/String;)Ljava/lang/String; >"	[48]
"< Application, Ldacapo/TestHarness, main([Ljava/lang/String;)V >"	46	none	"< Primordial, Ljava/lang/System, exit(I)V >"	[46]
"< Application, Lantlr/MakeGrammar, refReturnAction(Lantlr/Token;)V >"	7	some(14)	"< Application, Lantlr/CodeGenerator, encodeLexerRuleName(Ljava/lang/String;)Ljava/lang/String; >"	[12]
"< Application, Lantlr/LLkAnalyzer, look(ILantlr/StringLiteralElement;)Lantlr/Lookahead; >"	26	some(52)	"< Application, Lantlr/Lookahead, of(I)Lantlr/Lookahead; >"	[50]
"< Application, Lantlr/collections/impl/BitSet, notInPlace(II)V >"	3	some(7)	"< Application, Lantlr/collections/impl/BitSet, wordNumber(I)I >"	[15]
"< Application, Ldacapo/TestHarness, main([Ljava/lang/String;)V >"	2	none	"< Application, Ldacapo/TestHarness, printUsage()V >"	[]
"< Application, Lantlr/CppCodeGenerator, genCommonBlock(Lantlr/AlternativeBlock;Z)Lantlr/CppBlockFinishingInfo; >"	272	some(254)	"< Application, Lantlr/CppCodeGenerator, suitableForCaseExpression(Lantlr/Alternative;)Z >"	[184]
"< Application, Lantlr/ANTLRLexer, escapeCharValue(Ljava/lang/String;)I >"	17	some(76)	"< Primordial, Ljava/lang/Character, digit(CI)I >"	[73, 74]
"< Application, Lantlr/collections/impl/BitSet, equals(Ljava/lang/Object;)Z >"	8	some(13)	"< Primordial, Ljava/lang/Math, min(II)I >"	[9, 11]
"< Application, Lantlr/ANTLRTokdefParser, line(Lantlr/ImportVocabTokenManager;)V >"	47	some(88)	"< Primordial, Ljava/lang/Integer, valueOf(Ljava/lang/String;)Ljava/lang/Integer; >"	[86]
"< Application, Ldacapo/LatexDescriptions, print([Ljava/lang/String;Ljava/lang/String;)V >"	6	none	"< Application, Ldacapo/LatexDescriptions, print([Ljava/lang/String;Ljava/io/PrintStream;)V >"	[1, 4]
"< Application, Ldacapo/Benchmark, deleteTree(Ljava/io/File;)V >"	19	none	"< Application, Ldacapo/Benchmark, deleteTree(Ljava/io/File;)V >"	[23]
"< Application, Lantlr/collections/impl/BitSet, remove(I)V >"	7	some(12)	"< Application, Lantlr/collections/impl/BitSet, bitMask(I)J >"	[2]
"< Application, Ldacapo/Benchmark, validate(Ljava/lang/String;)Z >"	151	some(217)	"< Application, Ldacapo/Benchmark, byteCount(Ljava/io/File;)J >"	[213]
"< Application, Lantlr/Tool, setFileLineFormatter(Lantlr/FileLineFormatter;)V >"	0	none	"< Application, Lantlr/FileLineFormatter, setFormatter(Lantlr/FileLineFormatter;)V >"	[2]
"< Application, Lantlr/JavaCodeGenerator, getRangeExpression(I[I)Ljava/lang/String; >"	0	some(6)	"< Application, Lantlr/CodeGenerator, elementsAreRange([I)Z >"	[3]
"< Application, Lantlr/CharScanner, panic()V >"	2	none	"< Primordial, Ljava/lang/System, exit(I)V >"	[6]
"< Application, Lantlr/CSharpCodeGenerator, gen(Lantlr/TokenRangeElement;)V >"	24	some(44)	"< Application, Lantlr/CSharpCodeGenerator, OctalToUnicode(Ljava/lang/String;)Ljava/lang/String; >"	[42]
"< Application, Lantlr/JavaCodeGenerator, genCommonBlock(Lantlr/AlternativeBlock;Z)Lantlr/JavaBlockFinishingInfo; >"	105	some(71)	"< Application, Lantlr/JavaCodeGenerator, suitableForCaseExpression(Lantlr/Alternative;)Z >"	[69]
"< Application, Lantlr/actions/csharp/ActionLexer, <clinit>()V >"	89	some(92)	"< Application, Lantlr/actions/csharp/ActionLexer, mk_tokenSet_22()[J >"	[]
"< Application, Lantlr/CSharpCodeGenerator, genCommonBlock(Lantlr/AlternativeBlock;Z)Lantlr/CSharpBlockFinishingInfo; >"	262	some(243)	"< Application, Lantlr/CSharpCodeGenerator, suitableForCaseExpression(Lantlr/Alternative;)Z >"	[173]
"< Application, Ldacapo/Benchmark, validate(Ljava/lang/String;)Z >"	35	some(52)	"< Application, Ldacapo/FileDigest, get(Ljava/lang/String;ZZLjava/io/File;)[B >"	[43, 46, 49, 50]
"< Application, Ldacapo/Matcher, match(C)V >"	49	none	"< Primordial, Ljava/lang/System, arraycopy(Ljava/lang/Object;ILjava/lang/Object;II)V >"	[20, 4, 21, 4, 23]
"< Application, Lantlr/TreeParser, panic()V >"	2	none	"< Primordial, Ljava/lang/System, exit(I)V >"	[5]
"< Application, Ldacapo/TestHarness, main([Ljava/lang/String;)V >"	220	none	"< Primordial, Ljava/lang/System, exit(I)V >"	[250]
"< Application, Lantlr/CppCodeGenerator, genNextToken()V >"	113	some(120)	"< Application, Lantlr/CodeGenerator, encodeLexerRuleName(Ljava/lang/String;)Ljava/lang/String; >"	[48]
"< Application, Lantlr/actions/csharp/ActionLexer, <clinit>()V >"	17	some(20)	"< Application, Lantlr/actions/csharp/ActionLexer, mk_tokenSet_4()[J >"	[]
"< Application, Lantlr/HTMLCodeGenerator, genRule(Lantlr/RuleSymbol;)V >"	8	some(13)	"< Application, Lantlr/HTMLCodeGenerator, HTMLEncode(Ljava/lang/String;)Ljava/lang/String; >"	[11]
"< Application, Lantlr/preprocessor/Grammar, toString()Ljava/lang/String; >"	26	some(34)	"< Primordial, Ljava/lang/System, getProperty(Ljava/lang/String;)Ljava/lang/String; >"	[32]
"< Application, Ldacapo/parser/SimpleCharStream, GetSuffix(I)[C >"	26	none	"< Primordial, Ljava/lang/System, arraycopy(Ljava/lang/Object;ILjava/lang/Object;II)V >"	[19, 14, 4, 22, 24]
"< Application, Ldacapo/parser/ParseException, <init>()V >"	1	some(7)	"< Primordial, Ljava/lang/System, getProperty(Ljava/lang/String;Ljava/lang/String;)Ljava/lang/String; >"	[4, 5]
"< Application, Lantlr/actions/csharp/ActionLexer, <clinit>()V >"	73	some(76)	"< Application, Lantlr/actions/csharp/ActionLexer, mk_tokenSet_18()[J >"	[]
"< Application, Lantlr/actions/csharp/ActionLexer, <clinit>()V >"	25	some(28)	"< Application, Lantlr/actions/csharp/ActionLexer, mk_tokenSet_6()[J >"	[]
"< Application, Lantlr/debug/LLkDebuggingParser, setupDebugging(Lantlr/TokenStream;Lantlr/TokenBuffer;)V >"	11	some(27)	"< Application, Lantlr/debug/LLkDebuggingParser, class$(Ljava/lang/String;)Ljava/lang/Class; >"	[25]
"< Application, Ldacapo/parser/ConfigFile, integer()I >"	2	some(8)	"< Primordial, Ljava/lang/Integer, parseInt(Ljava/lang/String;)I >"	[6]
"< Application, Lantlr/actions/java/ActionLexer, <clinit>()V >"	77	some(80)	"< Application, Lantlr/actions/java/ActionLexer, mk_tokenSet_19()[J >"	[]
"< Application, Lantlr/actions/java/ActionLexer, <clinit>()V >"	89	some(92)	"< Application, Lantlr/actions/java/ActionLexer, mk_tokenSet_22()[J >"	[]
"< Application, Ldacapo/Digest, create()Ljava/security/MessageDigest; >"	4	none	"< Primordial, Ljava/lang/System, exit(I)V >"	[7]
"< Application, Lantlr/preprocessor/Rule, toString()Ljava/lang/String; >"	87	some(128)	"< Primordial, Ljava/lang/System, getProperty(Ljava/lang/String;)Ljava/lang/String; >"	[70]
"< Application, Ldacapo/TestHarness, main([Ljava/lang/String;)V >"	140	some(159)	"< Primordial, Ljava/lang/Integer, parseInt(Ljava/lang/String;)I >"	[157]
"< Application, Ldacapo/TestHarness, runBenchmark(Ljava/io/File;Ljava/lang/String;Ldacapo/TestHarness;)V >"	22	some(41)	"< Application, Ldacapo/TestHarness, coeff_of_var([J)D >"	[37]
"< Application, Lantlr/ANTLRParser, <clinit>()V >"	67	some(134)	"< Application, Lantlr/ANTLRParser, mk_tokenSet_0()[J >"	[]
"< Application, Ldacapo/Benchmark, deleteFiles(Ljava/io/File;Ljava/lang/String;)V >"	7	none	"< Application, Ldacapo/Benchmark, deleteFile(Ljava/io/File;)V >"	[10]
"< Application, Lantlr/ANTLRLexer, <clinit>()V >"	1	some(4)	"< Application, Lantlr/ANTLRLexer, mk_tokenSet_0()[J >"	[]
"< Application, Lantlr/CodeGenerator, extractIdOfAction(Ljava/lang/String;II)Ljava/lang/String; >"	6	some(16)	"< Primordial, Ljava/lang/Character, isLetterOrDigit(C)Z >"	[14]
"< Application, Lantlr/actions/cpp/ActionLexer, <clinit>()V >"	93	some(96)	"< Application, Lantlr/actions/cpp/ActionLexer, mk_tokenSet_23()[J >"	[]
"< Application, Lantlr/JavaCodeGenerator, genNextToken()V >"	88	some(79)	"< Application, Lantlr/CodeGenerator, encodeLexerRuleName(Ljava/lang/String;)Ljava/lang/String; >"	[48]
"< Application, Lantlr/LLkAnalyzer, look(ILantlr/TokenRangeElement;)Lantlr/Lookahead; >"	18	some(29)	"< Application, Lantlr/collections/impl/BitSet, of(I)Lantlr/collections/impl/BitSet; >"	[27]
"< Application, Lantlr/preprocessor/Grammar, toString()Ljava/lang/String; >"	83	some(120)	"< Primordial, Ljava/lang/System, getProperty(Ljava/lang/String;)Ljava/lang/String; >"	[32]
"< Application, Lantlr/actions/csharp/ActionLexer, <clinit>()V >"	33	some(36)	"< Application, Lantlr/actions/csharp/ActionLexer, mk_tokenSet_8()[J >"	[]
"< Application, Lantlr/DocBookCodeGenerator, gen(Lantlr/LexerGrammar;)V >"	32	some(48)	"< Application, Lantlr/DocBookCodeGenerator, HTMLEncode(Ljava/lang/String;)Ljava/lang/String; >"	[46]
"< Application, Lantlr/preprocessor/Preprocessor, <clinit>()V >"	60	some(104)	"< Application, Lantlr/preprocessor/Preprocessor, mk_tokenSet_4()[J >"	[]
"< Application, Ldacapo/parser/SimpleCharStream, ExpandBuff(Z)V >"	76	none	"< Primordial, Ljava/lang/System, arraycopy(Ljava/lang/Object;ILjava/lang/Object;II)V >"	[27, 28, 13, 14, 31]
"< Application, Lantlr/CppCodeGenerator, genNextToken()V >"	45	some(28)	"< Application, Lantlr/MakeGrammar, createNextTokenRule(Lantlr/Grammar;Lantlr/collections/impl/Vector;Ljava/lang/String;)Lantlr/RuleBlock; >"	[23, 25, 26]
"< Application, Lantlr/BaseAST, toString()Ljava/lang/String; >"	14	some(23)	"< Application, Lantlr/StringUtils, stripFrontBack(Ljava/lang/String;Ljava/lang/String;Ljava/lang/String;)Ljava/lang/String; >"	[20, 21, 21]
"< Application, Lantlr/MakeGrammar, refCharRange(Lantlr/Token;Lantlr/Token;Lantlr/Token;IZ)V >"	28	some(25)	"< Primordial, Ljava/lang/Character, toLowerCase(C)C >"	[23]
"< Application, Lantlr/CSharpCharFormatter, escapeChar(IZ)Ljava/lang/String; >"	38	some(33)	"< Primordial, Ljava/lang/Integer, toString(II)Ljava/lang/String; >"	[2, 12]
"< Application, Lantlr/CppCodeGenerator, genTokenStrings(Ljava/lang/String;)V >"	22	some(37)	"< Primordial, Ljava/lang/String, valueOf(I)Ljava/lang/String; >"	[69]
"< Application, Lantlr/actions/java/ActionLexer, <clinit>()V >"	17	some(20)	"< Application, Lantlr/actions/java/ActionLexer, mk_tokenSet_4()[J >"	[]
"< Application, Lantlr/CppCodeGenerator, genNextToken()V >"	127	some(125)	"< Application, Lantlr/CodeGenerator, encodeLexerRuleName(Ljava/lang/String;)Ljava/lang/String; >"	[48]
"< Application, Lantlr/debug/LLkDebuggingParser, class$(Ljava/lang/String;)Ljava/lang/Class; >"	0	some(4)	"< Primordial, Ljava/lang/Class, forName(Ljava/lang/String;)Ljava/lang/Class; >"	[1]
"< Application, Lantlr/collections/impl/BitSet, setSize(I)V >"	5	none	"< Primordial, Ljava/lang/System, arraycopy(Ljava/lang/Object;ILjava/lang/Object;II)V >"	[9, 10, 4, 10, 8]
"< Application, Lantlr/ANTLRLexer, <clinit>()V >"	9	some(12)	"< Application, Lantlr/ANTLRLexer, mk_tokenSet_2()[J >"	[]
"< Application, Lantlr/actions/java/ActionLexer, <clinit>()V >"	41	some(44)	"< Application, Lantlr/actions/java/ActionLexer, mk_tokenSet_10()[J >"	[]
"< Application, Lantlr/JavaCodeGenerator, genNextToken()V >"	74	some(74)	"< Application, Lantlr/CodeGenerator, encodeLexerRuleName(Ljava/lang/String;)Ljava/lang/String; >"	[48]
"< Application, Lantlr/HTMLCodeGenerator, gen(Lantlr/ParserGrammar;)V >"	29	some(46)	"< Application, Lantlr/HTMLCodeGenerator, HTMLEncode(Ljava/lang/String;)Ljava/lang/String; >"	[44]
"< Application, Lantlr/collections/impl/BitSet, setSize(I)V >"	3	some(8)	"< Primordial, Ljava/lang/Math, min(II)I >"	[2, 6]
"< Application, Ldacapo/TestHarness, main([Ljava/lang/String;)V >"	122	none	"< Primordial, Ljava/lang/System, exit(I)V >"	[137]
"< Application, Lantlr/Tool, fatalError(Ljava/lang/String;)V >"	2	none	"< Primordial, Ljava/lang/System, exit(I)V >"	[6]
"< Application, Lantlr/MakeGrammar, refRule(Lantlr/Token;Lantlr/Token;Lantlr/Token;Lantlr/Token;I)V >"	40	some(43)	"< Application, Lantlr/CodeGenerator, encodeLexerRuleName(Ljava/lang/String;)Ljava/lang/String; >"	[40]
"< Application, Lantlr/CharScanner, setTokenObjectClass(Ljava/lang/String;)V >"	0	some(5)	"< Primordial, Ljava/lang/Class, forName(Ljava/lang/String;)Ljava/lang/Class; >"	[2]
"< Application, Lantlr/actions/cpp/ActionLexer, <clinit>()V >"	53	some(56)	"< Application, Lantlr/actions/cpp/ActionLexer, mk_tokenSet_13()[J >"	[]
"< Application, Lantlr/actions/java/ActionLexer, <clinit>()V >"	37	some(40)	"< Application, Lantlr/actions/java/ActionLexer, mk_tokenSet_9()[J >"	[]
"< Application, Ldacapo/TestHarness, runBenchmark(Ljava/io/File;Ljava/lang/String;Ldacapo/TestHarness;)V >"	49	some(67)	"< Application, Ldacapo/TestHarness, coeff_of_var([J)D >"	[37]
"< Application, Lantlr/actions/java/ActionLexer, <clinit>()V >"	53	some(56)	"< Application, Lantlr/actions/java/ActionLexer, mk_tokenSet_13()[J >"	[]
"< Application, Lantlr/ANTLRParser, <clinit>()V >"	111	some(178)	"< Application, Lantlr/ANTLRParser, mk_tokenSet_11()[J >"	[]
"< Application, Ldacapo/LatexDescriptions, print([Ljava/lang/String;Ljava/io/PrintStream;)V >"	15	some(27)	"< Application, Ldacapo/parser/Config, parse(Ljava/io/InputStream;)Ldacapo/parser/Config; >"	[25]
"< Application, Lantlr/actions/csharp/ActionLexer, <clinit>()V >"	97	some(100)	"< Application, Lantlr/actions/csharp/ActionLexer, mk_tokenSet_24()[J >"	[]
"< Application, Lantlr/collections/impl/BitSet, growToInclude(I)V >"	4	some(11)	"< Primordial, Ljava/lang/Math, max(II)I >"	[7, 9]
"< Application, Ldacapo/antlr/AntlrHarness, prepare()V >"	5	none	"< Application, Ldacapo/Benchmark, copyFileTo(Ljava/io/File;Ljava/io/File;)V >"	[4, 8]
"< Application, LHarness, main([Ljava/lang/String;)V >"	0	none	"< Application, Ldacapo/TestHarness, main([Ljava/lang/String;)V >"	[1]
"< Application, Lantlr/MakeGrammar, oneOrMoreSubRule()V >"	19	none	"< Application, Lantlr/MakeGrammar, setBlock(Lantlr/AlternativeBlock;Lantlr/AlternativeBlock;)V >"	[24, 29]
"< Application, Lantlr/actions/cpp/ActionLexer, <clinit>()V >"	61	some(64)	"< Application, Lantlr/actions/cpp/ActionLexer, mk_tokenSet_15()[J >"	[]
"< Application, Ldacapo/TestHarness, invokeConfiguration(Ljava/lang/reflect/Method;Ljava/lang/String;)V >"	11	none	"< Primordial, Ljava/lang/System, exit(I)V >"	[22]
"< Application, Lantlr/actions/cpp/ActionLexer, <clinit>()V >"	25	some(28)	"< Application, Lantlr/actions/cpp/ActionLexer, mk_tokenSet_6()[J >"	[]
"< Application, Lantlr/DefaultToolErrorHandler, warnAltAmbiguity(Lantlr/Grammar;Lantlr/AlternativeBlock;ZI[Lantlr/Lookahead;II)V >"	16	some(50)	"< Application, Lantlr/CodeGenerator, reverseLexerRuleName(Ljava/lang/String;)Ljava/lang/String; >"	[48]
"< Application, Lantlr/MakeGrammar, defineRuleName(Lantlr/Token;Ljava/lang/String;ZLjava/lang/String;)V >"	45	some(75)	"< Application, Lantlr/CodeGenerator, encodeLexerRuleName(Ljava/lang/String;)Ljava/lang/String; >"	[72]
"< Application, Lantlr/ANTLRParser, <clinit>()V >"	75	some(142)	"< Application, Lantlr/ANTLRParser, mk_tokenSet_2()[J >"	[]
"< Application, Lantlr/CppCodeGenerator, genErrorCatchForElement(Lantlr/AlternativeElement;)V >"	8	some(13)	"< Application, Lantlr/CodeGenerator, encodeLexerRuleName(Ljava/lang/String;)Ljava/lang/String; >"	[11]
"< Application, Ldacapo/TestHarness, findMethod(Ljava/lang/String;)Ljava/lang/reflect/Method; >"	19	none	"< Primordial, Ljava/lang/System, exit(I)V >"	[29]
"< Application, Lantlr/ANTLRParser, <clinit>()V >"	95	some(162)	"< Application, Lantlr/ANTLRParser, mk_tokenSet_7()[J >"	[]
"< Application, Lantlr/preprocessor/Preprocessor, <clinit>()V >"	72	some(116)	"< Application, Lantlr/preprocessor/Preprocessor, mk_tokenSet_7()[J >"	[]
"< Application, Lantlr/actions/cpp/ActionLexer, <clinit>()V >"	77	some(80)	"< Application, Lantlr/actions/cpp/ActionLexer, mk_tokenSet_19()[J >"	[]
"< Application, Lantlr/LLkAnalyzer, look(ILantlr/CharLiteralElement;)Lantlr/Lookahead; >"	58	some(34)	"< Application, Lantlr/Lookahead, of(I)Lantlr/Lookahead; >"	[32]
"< Application, Ldacapo/TestHarness, main([Ljava/lang/String;)V >"	277	none	"< Primordial, Ljava/lang/System, exit(I)V >"	[314]
"< Application, Lantlr/ASTFactory, createUsingCtor(Lantlr/Token;Ljava/lang/String;)Lantlr/collections/AST; >"	4	some(15)	"< Application, Lantlr/ASTFactory, class$(Ljava/lang/String;)Ljava/lang/Class; >"	[13]
"< Application, Lantlr/ASTFactory, createUsingCtor(Lantlr/Token;Ljava/lang/String;)Lantlr/collections/AST; >"	0	some(7)	"< Primordial, Ljava/lang/Class, forName(Ljava/lang/String;)Ljava/lang/Class; >"	[3]
"< Application, Lantlr/JavaCodeGenerator, gen(Lantlr/LexerGrammar;)V >"	119	some(183)	"< Application, Lantlr/StringUtils, stripFrontBack(Ljava/lang/String;Ljava/lang/String;Ljava/lang/String;)Ljava/lang/String; >"	[181, 122, 122]
"< Application, Lantlr/ANTLRLexer, escapeCharValue(Ljava/lang/String;)I >"	37	some(38)	"< Primordial, Ljava/lang/Character, isDigit(C)Z >"	[36]
"< Application, Lantlr/actions/cpp/ActionLexer, <clinit>()V >"	1	some(4)	"< Application, Lantlr/actions/cpp/ActionLexer, mk_tokenSet_0()[J >"	[]
"< Application, Lantlr/preprocessor/Tool, processArguments([Ljava/lang/String;)V >"	22	some(49)	"< Application, Lantlr/Tool, parseSeparatedList(Ljava/lang/String;C)Lantlr/collections/impl/Vector; >"	[46, 47]
"< Application, Lantlr/JavaCodeGenerator, genErrorCatchForElement(Lantlr/AlternativeElement;)V >"	8	some(13)	"< Application, Lantlr/CodeGenerator, encodeLexerRuleName(Ljava/lang/String;)Ljava/lang/String; >"	[11]
"< Application, Ldacapo/TestHarness, runBenchmark(Ljava/io/File;Ljava/lang/String;Ldacapo/TestHarness;)V >"	26	some(45)	"< Primordial, Ljava/lang/System, currentTimeMillis()J >"	[]
"< Application, Lantlr/CppCodeGenerator, genInclude(Lantlr/TreeWalkerGrammar;)V >"	128	some(193)	"< Application, Lantlr/StringUtils, stripFrontBack(Ljava/lang/String;Ljava/lang/String;Ljava/lang/String;)Ljava/lang/String; >"	[190, 191, 191]
"< Application, Lantlr/preprocessor/Grammar, toString()Ljava/lang/String; >"	74	some(104)	"< Primordial, Ljava/lang/System, getProperty(Ljava/lang/String;)Ljava/lang/String; >"	[32]
"< Application, Lantlr/CppCodeGenerator, getRangeExpression(I[I)Ljava/lang/String; >"	0	some(6)	"< Application, Lantlr/CodeGenerator, elementsAreRange([I)Z >"	[3]
"< Application, Ldacapo/TestHarness, main([Ljava/lang/String;)V >"	64	some(74)	"< Primordial, Ljava/lang/Class, forName(Ljava/lang/String;)Ljava/lang/Class; >"	[72]
"< Application, Lantlr/CppCharFormatter, escapeChar(IZ)Ljava/lang/String; >"	26	some(18)	"< Primordial, Ljava/lang/Integer, toString(II)Ljava/lang/String; >"	[2, 16]
"< Application, Lantlr/actions/java/ActionLexer, <clinit>()V >"	1	some(4)	"< Application, Lantlr/actions/java/ActionLexer, mk_tokenSet_0()[J >"	[]
"< Application, Lantlr/actions/java/ActionLexer, <clinit>()V >"	69	some(72)	"< Application, Lantlr/actions/java/ActionLexer, mk_tokenSet_17()[J >"	[]
"< Application, Ldacapo/TestHarness, main([Ljava/lang/String;)V >"	89	none	"< Primordial, Ljava/lang/System, exit(I)V >"	[103]
"< Application, Ldacapo/parser/SimpleCharStream, ExpandBuff(Z)V >"	34	none	"< Primordial, Ljava/lang/System, arraycopy(Ljava/lang/Object;ILjava/lang/Object;II)V >"	[54, 14, 10, 57, 58]
"< Application, Lantlr/JavaCodeGenerator, gen(Lantlr/LexerGrammar;)V >"	82	some(124)	"< Application, Lantlr/StringUtils, stripFrontBack(Ljava/lang/String;Ljava/lang/String;Ljava/lang/String;)Ljava/lang/String; >"	[121, 122, 122]
"< Application, Lantlr/actions/csharp/ActionLexer, <clinit>()V >"	93	some(96)	"< Application, Lantlr/actions/csharp/ActionLexer, mk_tokenSet_23()[J >"	[]
"< Application, Lantlr/DocBookCodeGenerator, gen(Lantlr/StringLiteralElement;)V >"	4	some(10)	"< Application, Lantlr/DocBookCodeGenerator, HTMLEncode(Ljava/lang/String;)Ljava/lang/String; >"	[8]
"< Application, Lantlr/actions/cpp/ActionLexer, <clinit>()V >"	9	some(12)	"< Application, Lantlr/actions/cpp/ActionLexer, mk_tokenSet_2()[J >"	[]
"< Application, Ldacapo/TestHarness, main([Ljava/lang/String;)V >"	92	some(108)	"< Primordial, Ljava/lang/Integer, parseInt(Ljava/lang/String;)I >"	[106]
"< Application, Lantlr/preprocessor/GrammarFile, addHeaderAction(Ljava/lang/String;)V >"	5	some(13)	"< Primordial, Ljava/lang/System, getProperty(Ljava/lang/String;)Ljava/lang/String; >"	[11]
"< Application, Lantlr/CSharpCodeGenerator, genBody(Lantlr/ParserGrammar;)V >"	111	some(165)	"< Application, Lantlr/StringUtils, stripFrontBack(Ljava/lang/String;Ljava/lang/String;Ljava/lang/String;)Ljava/lang/String; >"	[163, 122, 122]
"< Application, Lantlr/ANTLRParser, <clinit>()V >"	71	some(138)	"< Application, Lantlr/ANTLRParser, mk_tokenSet_1()[J >"	[]
"< Application, Lantlr/actions/cpp/ActionLexer, <clinit>()V >"	97	some(100)	"< Application, Lantlr/actions/cpp/ActionLexer, mk_tokenSet_24()[J >"	[]
"< Application, Lantlr/CSharpCodeGenerator, setupGrammarParameters(Lantlr/Grammar;)V >"	31	some(83)	"< Application, Lantlr/StringUtils, stripFrontBack(Ljava/lang/String;Ljava/lang/String;Ljava/lang/String;)Ljava/lang/String; >"	[81, 40, 40]
"< Application, Lantlr/CSharpCharFormatter, escapeChar(IZ)Ljava/lang/String; >"	50	some(9)	"< Primordial, Ljava/lang/String, valueOf(C)Ljava/lang/String; >"	[7]
"< Application, Ldacapo/TestHarness, exists(Ljava/lang/String;)Z >"	0	some(4)	"< Application, Ldacapo/TestHarness, getURL(Ljava/lang/String;)Ljava/net/URL; >"	[1]
"< Application, Lantlr/collections/impl/BitSet, remove(I)V >"	0	some(5)	"< Application, Lantlr/collections/impl/BitSet, wordNumber(I)I >"	[2]
"< Application, Ldacapo/parser/TokenMgrError, LexicalError(ZIIILjava/lang/String;C)Ljava/lang/String; >"	12	some(30)	"< Primordial, Ljava/lang/String, valueOf(C)Ljava/lang/String; >"	[6]
"< Application, Lantlr/LLkAnalyzer, look(ILantlr/BlockEndElement;)Lantlr/Lookahead; >"	41	some(58)	"< Application, Lantlr/Lookahead, of(I)Lantlr/Lookahead; >"	[56]
"< Application, Lantlr/ASTFactory, getASTNodeType(I)Ljava/lang/Class; >"	15	some(17)	"< Application, Lantlr/ASTFactory, class$(Ljava/lang/String;)Ljava/lang/Class; >"	[15]
"< Application, Lantlr/CppCodeGenerator, genNextToken()V >"	174	some(203)	"< Primordial, Ljava/lang/System, getProperty(Ljava/lang/String;)Ljava/lang/String; >"	[201]
"< Application, Ldacapo/LatexDescriptions, main([Ljava/lang/String;)V >"	1	none	"< Application, Ldacapo/LatexDescriptions, print([Ljava/lang/String;Ljava/io/PrintStream;)V >"	[1, 3]
"< Application, Lantlr/DocBookCodeGenerator, gen(Lantlr/TreeWalkerGrammar;)V >"	30	some(47)	"< Application, Lantlr/DocBookCodeGenerator, HTMLEncode(Ljava/lang/String;)Ljava/lang/String; >"	[45]
"< Application, Lantlr/actions/java/ActionLexer, <clinit>()V >"	73	some(76)	"< Application, Lantlr/actions/java/ActionLexer, mk_tokenSet_18()[J >"	[]
"< Application, Ldacapo/parser/SimpleCharStream, ExpandBuff(Z)V >"	69	none	"< Primordial, Ljava/lang/System, arraycopy(Ljava/lang/Object;ILjava/lang/Object;II)V >"	[21, 22, 10, 14, 25]
"< Application, Lantlr/Tool, parent(Ljava/io/File;)Ljava/io/File; >"	9	some(15)	"< Primordial, Ljava/lang/System, getProperty(Ljava/lang/String;)Ljava/lang/String; >"	[13]
"< Application, Ldacapo/parser/ConfigFile, longInt()J >"	2	some(8)	"< Primordial, Ljava/lang/Long, parseLong(Ljava/lang/String;)J >"	[6]
"< Application, Lantlr/JavaCharFormatter, escapeChar(IZ)Ljava/lang/String; >"	45	some(22)	"< Primordial, Ljava/lang/Integer, toString(II)Ljava/lang/String; >"	[2, 12]
"< Application, Ldacapo/Benchmark, validate(Ljava/lang/String;)Z >"	94	some(136)	"< Application, Ldacapo/Benchmark, lineCount(Ljava/io/File;)I >"	[132]
"< Application, Lantlr/Tool, pathToFile(Ljava/lang/String;)Ljava/lang/String; >"	0	some(6)	"< Primordial, Ljava/lang/System, getProperty(Ljava/lang/String;)Ljava/lang/String; >"	[4]
"< Application, Lantlr/CppCodeGenerator, genInclude(Lantlr/ParserGrammar;)V >"	130	some(197)	"< Application, Lantlr/StringUtils, stripFrontBack(Ljava/lang/String;Ljava/lang/String;Ljava/lang/String;)Ljava/lang/String; >"	[194, 195, 195]
"< Application, Lantlr/preprocessor/Preprocessor, <clinit>()V >"	52	some(96)	"< Application, Lantlr/preprocessor/Preprocessor, mk_tokenSet_2()[J >"	[]
"< Application, Lantlr/preprocessor/Hierarchy, optionsToString(Lantlr/collections/impl/IndexedVector;)Ljava/lang/String; >"	16	some(30)	"< Primordial, Ljava/lang/System, getProperty(Ljava/lang/String;)Ljava/lang/String; >"	[8]
"< Application, Lantlr/CppCodeGenerator, fixNameSpaceOption(Ljava/lang/String;)Ljava/lang/String; >"	0	some(6)	"< Application, Lantlr/StringUtils, stripFrontBack(Ljava/lang/String;Ljava/lang/String;Ljava/lang/String;)Ljava/lang/String; >"	[2, 4, 4]
"< Application, Ldacapo/Benchmark, lineCount(Ljava/lang/String;)I >"	2	some(6)	"< Application, Ldacapo/Benchmark, lineCount(Ljava/io/File;)I >"	[3]
"< Application, Ldacapo/TestHarness, exists(Ljava/io/File;)Z >"	1	some(6)	"< Application, Ldacapo/TestHarness, exists(Ljava/lang/String;)Z >"	[4]
"< Application, Lantlr/actions/java/ActionLexer, <clinit>()V >"	49	some(52)	"< Application, Lantlr/actions/java/ActionLexer, mk_tokenSet_12()[J >"	[]
"< Application, Lantlr/Tool, warning(Ljava/lang/String;Ljava/lang/String;II)V >"	3	some(11)	"< Application, Lantlr/FileLineFormatter, getFormatter()Lantlr/FileLineFormatter; >"	[]
"< Application, Lantlr/Tool, factory(Ljava/lang/String;)Ljava/lang/Object; >"	0	some(6)	"< Primordial, Ljava/lang/Class, forName(Ljava/lang/String;)Ljava/lang/Class; >"	[2]
"< Application, Lantlr/CSharpCodeGenerator, getValueString(I)Ljava/lang/String; >"	25	some(21)	"< Primordial, Ljava/lang/String, valueOf(I)Ljava/lang/String; >"	[2]
"< Application, Lantlr/CSharpCodeGenerator, genNextToken()V >"	183	some(182)	"< Primordial, Ljava/lang/System, getProperty(Ljava/lang/String;)Ljava/lang/String; >"	[180]
"< Application, Lantlr/ANTLRParser, <clinit>()V >"	79	some(146)	"< Application, Lantlr/ANTLRParser, mk_tokenSet_3()[J >"	[]
"< Application, Lantlr/actions/csharp/ActionLexer, <clinit>()V >"	65	some(68)	"< Application, Lantlr/actions/csharp/ActionLexer, mk_tokenSet_16()[J >"	[]
"< Application, Lantlr/preprocessor/PreprocessorLexer, <clinit>()V >"	5	some(8)	"< Application, Lantlr/preprocessor/PreprocessorLexer, mk_tokenSet_1()[J >"	[]
"< Application, Ldacapo/parser/ConfigFileTokenManager, jjFillToken()Ldacapo/parser/Token; >"	1	some(5)	"< Application, Ldacapo/parser/Token, newToken(I)Ldacapo/parser/Token; >"	[3]
"< Application, Ldacapo/parser/ParseException, <init>(Ljava/lang/String;)V >"	1	some(8)	"< Primordial, Ljava/lang/System, getProperty(Ljava/lang/String;Ljava/lang/String;)Ljava/lang/String; >"	[5, 6]
"< Application, Lantlr/preprocessor/Preprocessor, <clinit>()V >"	56	some(100)	"< Application, Lantlr/preprocessor/Preprocessor, mk_tokenSet_3()[J >"	[]
"< Application, Lantlr/DocBookCodeGenerator, genRule(Lantlr/RuleSymbol;)V >"	23	some(39)	"< Application, Lantlr/DocBookCodeGenerator, QuoteForId(Ljava/lang/String;)Ljava/lang/String; >"	[37]
"< Application, Ldacapo/Callback, stopWarmup()V >"	0	some(4)	"< Primordial, Ljava/lang/System, currentTimeMillis()J >"	[]
"< Application, Lantlr/ASTFactory, create(Ljava/lang/String;)Lantlr/collections/AST; >"	0	some(6)	"< Primordial, Ljava/lang/Class, forName(Ljava/lang/String;)Ljava/lang/Class; >"	[2]
"< Application, LHarness, main([Ljava/lang/String;)V >"	1	none	"< Primordial, Ljava/lang/System, exit(I)V >"	[4]
"< Application, Lantlr/JavaCodeGenerator, genCommonBlock(Lantlr/AlternativeBlock;Z)Lantlr/JavaBlockFinishingInfo; >"	251	some(236)	"< Application, Lantlr/JavaCodeGenerator, suitableForCaseExpression(Lantlr/Alternative;)Z >"	[166]
"< Application, Lantlr/preprocessor/Preprocessor, exceptionSpec()Ljava/lang/String; >"	2	some(8)	"< Primordial, Ljava/lang/System, getProperty(Ljava/lang/String;)Ljava/lang/String; >"	[6]
"< Application, LMMTkHarness, <init>()V >"	2	some(7)	"< Primordial, Ljava/lang/Class, forName(Ljava/lang/String;)Ljava/lang/Class; >"	[4]
"< Application, Lantlr/CharScanner, panic(Ljava/lang/String;)V >"	7	none	"< Primordial, Ljava/lang/System, exit(I)V >"	[15]
"< Application, Ldacapo/Slice, slice(Ljava/io/File;Ljava/io/File;I)V >"	0	some(6)	"< Application, Ldacapo/Benchmark, lineCount(Ljava/io/File;)I >"	[1]
"< Application, Lantlr/preprocessor/PreprocessorLexer, <clinit>()V >"	1	some(4)	"< Application, Lantlr/preprocessor/PreprocessorLexer, mk_tokenSet_0()[J >"	[]
"< Application, Ldacapo/parser/SimpleCharStream, GetSuffix(I)[C >"	8	none	"< Primordial, Ljava/lang/System, arraycopy(Ljava/lang/Object;ILjava/lang/Object;II)V >"	[26, 29, 4, 14, 2]
"< Application, Ldacapo/FileDigest, main([Ljava/lang/String;)V >"	26	none	"< Primordial, Ljava/lang/System, exit(I)V >"	[14]
"< Application, Lantlr/debug/LLkDebuggingParser, setupDebugging(Lantlr/TokenStream;Lantlr/TokenBuffer;)V >"	27	some(40)	"< Application, Lantlr/debug/LLkDebuggingParser, class$(Ljava/lang/String;)Ljava/lang/Class; >"	[38]
"< Application, Lantlr/preprocessor/Grammar, toString()Ljava/lang/String; >"	52	some(71)	"< Primordial, Ljava/lang/System, getProperty(Ljava/lang/String;)Ljava/lang/String; >"	[32]
"< Application, Lantlr/CSharpCodeGenerator, genTokenStrings()V >"	33	some(52)	"< Application, Lantlr/StringUtils, stripFrontBack(Ljava/lang/String;Ljava/lang/String;Ljava/lang/String;)Ljava/lang/String; >"	[50, 36, 36]
"< Application, Ldacapo/TestHarness, main([Ljava/lang/String;)V >"	156	none	"< Application, Ldacapo/Benchmark, setValidateOutput(Z)V >"	[4]
"< Application, Lantlr/HTMLCodeGenerator, gen(Lantlr/CharLiteralElement;)V >"	6	some(12)	"< Application, Lantlr/HTMLCodeGenerator, HTMLEncode(Ljava/lang/String;)Ljava/lang/String; >"	[10]
"< Application, Lantlr/actions/java/ActionLexer, <clinit>()V >"	21	some(24)	"< Application, Lantlr/actions/java/ActionLexer, mk_tokenSet_5()[J >"	[]
"< Application, Ldacapo/TestHarness, main([Ljava/lang/String;)V >"	267	none	"< Application, Ldacapo/TestHarness, runBenchmark(Ljava/io/File;Ljava/lang/String;Ldacapo/TestHarness;)V >"	[255, 262, 294]
"< Application, Lantlr/CppCodeGenerator, setupGrammarParameters(Lantlr/Grammar;)V >"	42	some(45)	"< Application, Lantlr/StringUtils, stripFrontBack(Ljava/lang/String;Ljava/lang/String;Ljava/lang/String;)Ljava/lang/String; >"	[42, 43, 43]
"< Application, Ldacapo/TestHarness, findClass()Ljava/lang/Class; >"	2	some(6)	"< Primordial, Ljava/lang/Class, forName(Ljava/lang/String;)Ljava/lang/Class; >"	[4]
"< Application, Lantlr/JavaCodeGenerator, getLookaheadTestTerm(ILantlr/collections/impl/BitSet;)Ljava/lang/String; >"	2	some(10)	"< Application, Lantlr/CodeGenerator, elementsAreRange([I)Z >"	[8]
"< Application, Lantlr/ANTLRLexer, mACTION(Z)V >"	11	some(33)	"< Application, Lantlr/StringUtils, stripFrontBack(Ljava/lang/String;Ljava/lang/String;Ljava/lang/String;)Ljava/lang/String; >"	[30, 24, 31]
"< Application, Ldacapo/Matcher, <init>(Ljava/lang/String;Ljava/lang/String;)V >"	8	some(15)	"< Primordial, Ljava/lang/Math, max(II)I >"	[11, 13]
"< Application, Lantlr/LLkAnalyzer, look(ILantlr/CharLiteralElement;)Lantlr/Lookahead; >"	53	some(39)	"< Application, Lantlr/Lookahead, of(I)Lantlr/Lookahead; >"	[37]
"< Application, Ldacapo/Benchmark, unpackZipFileResource(Ljava/lang/String;Ljava/io/File;)V >"	14	none	"< Application, Ldacapo/Benchmark, unpackZipStream(Ljava/io/BufferedInputStream;Ljava/io/File;)V >"	[7, 2]
"< Application, Lantlr/actions/java/ActionLexer, <clinit>()V >"	81	some(84)	"< Application, Lantlr/actions/java/ActionLexer, mk_tokenSet_20()[J >"	[]
"< Application, Lantlr/preprocessor/Preprocessor, <clinit>()V >"	44	some(88)	"< Application, Lantlr/preprocessor/Preprocessor, mk_tokenSet_0()[J >"	[]
"< Application, Lantlr/ANTLRLexer, escapeCharValue(Ljava/lang/String;)I >"	54	some(44)	"< Primordial, Ljava/lang/Character, isDigit(C)Z >"	[42]
"< Application, Lantlr/ANTLRLexer, escapeCharValue(Ljava/lang/String;)I >"	69	some(18)	"< Primordial, Ljava/lang/Character, isDigit(C)Z >"	[16]
"< Application, Lantlr/actions/csharp/ActionLexer, <clinit>()V >"	29	some(32)	"< Application, Lantlr/actions/csharp/ActionLexer, mk_tokenSet_7()[J >"	[]
"< Application, Ldacapo/TestHarness, rmdir(Ljava/io/File;)V >"	10	none	"< Application, Ldacapo/TestHarness, rmdir(Ljava/io/File;)V >"	[8]
"< Application, Ldacapo/FileDigest, main([Ljava/lang/String;)V >"	34	none	"< Primordial, Ljava/lang/System, exit(I)V >"	[49]
"< Application, Lantlr/ANTLRParser, <clinit>()V >"	99	some(166)	"< Application, Lantlr/ANTLRParser, mk_tokenSet_8()[J >"	[]
"< Application, Ldacapo/Slice, main([Ljava/lang/String;)V >"	3	some(10)	"< Primordial, Ljava/lang/Integer, parseInt(Ljava/lang/String;)I >"	[8]
"< Application, Lantlr/actions/java/ActionLexer, <clinit>()V >"	5	some(8)	"< Application, Lantlr/actions/java/ActionLexer, mk_tokenSet_1()[J >"	[]
"< Application, Lantlr/actions/csharp/ActionLexer, <clinit>()V >"	85	some(88)	"< Application, Lantlr/actions/csharp/ActionLexer, mk_tokenSet_21()[J >"	[]
"< Application, Ldacapo/TestHarness, main([Ljava/lang/String;)V >"	229	none	"< Application, Ldacapo/TestHarness, rmdir(Ljava/io/File;)V >"	[255]
"< Application, Lantlr/ANTLRLexer, <clinit>()V >"	13	some(16)	"< Application, Lantlr/ANTLRLexer, mk_tokenSet_3()[J >"	[]
"< Application, Ldacapo/TestHarness, main([Ljava/lang/String;)V >"	151	none	"< Application, Ldacapo/Benchmark, setPreserve(Z)V >"	[15]
"< Application, Ldacapo/Slice, slice(Ljava/io/File;Ljava/io/File;I)V >"	21	none	"< Application, Ldacapo/Slice, extract(Ljava/io/File;Ljava/io/File;II)V >"	[1, 12, 38, 9]
"< Application, Lantlr/ANTLRParser, setBlockElement()Lantlr/collections/impl/BitSet; >"	18	some(38)	"< Application, Lantlr/ANTLRLexer, tokenTypeForCharLiteral(Ljava/lang/String;)I >"	[36]
"< Application, Lantlr/actions/csharp/ActionLexer, <clinit>()V >"	37	some(40)	"< Application, Lantlr/actions/csharp/ActionLexer, mk_tokenSet_9()[J >"	[]
"< Application, Ldacapo/parser/TokenMgrError, <init>(ZIIILjava/lang/String;CI)V >"	0	some(11)	"< Application, Ldacapo/parser/TokenMgrError, LexicalError(ZIIILjava/lang/String;C)Ljava/lang/String; >"	[2, 3, 4, 5, 6, 7]
"< Application, Lantlr/LLkAnalyzer, look(ILantlr/TreeElement;)Lantlr/Lookahead; >"	30	some(43)	"< Application, Lantlr/Lookahead, of(I)Lantlr/Lookahead; >"	[41]
"< Application, Lantlr/LLkAnalyzer, deterministic(Lantlr/AlternativeBlock;)Z >"	210	some(221)	"< Primordial, Ljava/lang/Math, max(II)I >"	[219, 150]
"< Application, Lantlr/actions/cpp/ActionLexer, <clinit>()V >"	33	some(36)	"< Application, Lantlr/actions/cpp/ActionLexer, mk_tokenSet_8()[J >"	[]
"< Application, Lantlr/preprocessor/PreprocessorLexer, <clinit>()V >"	17	some(20)	"< Application, Lantlr/preprocessor/PreprocessorLexer, mk_tokenSet_4()[J >"	[]
"< Application, Lantlr/preprocessor/Grammar, toString()Ljava/lang/String; >"	81	some(116)	"< Primordial, Ljava/lang/System, getProperty(Ljava/lang/String;)Ljava/lang/String; >"	[32]
"< Application, Lantlr/CppCodeGenerator, setupGrammarParameters(Lantlr/Grammar;)V >"	86	some(105)	"< Application, Lantlr/StringUtils, stripFrontBack(Ljava/lang/String;Ljava/lang/String;Ljava/lang/String;)Ljava/lang/String; >"	[103, 43, 43]
"< Application, Lantlr/preprocessor/GrammarFile, toString()Ljava/lang/String; >"	9	some(11)	"< Application, Lantlr/preprocessor/Hierarchy, optionsToString(Lantlr/collections/impl/IndexedVector;)Ljava/lang/String; >"	[9]
"< Application, Ldacapo/Benchmark, stopIteration()V >"	9	none	"< Primordial, Ljava/lang/System, setErr(Ljava/io/PrintStream;)V >"	[11]
"< Application, Lantlr/actions/csharp/ActionLexer, <clinit>()V >"	77	some(80)	"< Application, Lantlr/actions/csharp/ActionLexer, mk_tokenSet_19()[J >"	[]
"< Application, Lantlr/CodeGenerator, _printAction(Ljava/lang/String;)V >"	41	some(43)	"< Primordial, Ljava/lang/Character, isSpaceChar(C)Z >"	[41]
"< Application, Lantlr/collections/impl/Vector, ensureCapacity(I)V >"	16	none	"< Primordial, Ljava/lang/System, arraycopy(Ljava/lang/Object;ILjava/lang/Object;II)V >"	[8, 17, 18, 17, 19]
"< Application, Ldacapo/Benchmark, prepare()V >"	9	none	"< Application, Ldacapo/Benchmark, unpackZipFileResource(Ljava/lang/String;Ljava/io/File;)V >"	[16, 17]
"< Application, Lantlr/Parser, panic()V >"	2	none	"< Primordial, Ljava/lang/System, exit(I)V >"	[5]
"< Application, Lantlr/CppCodeGenerator, genCommonBlock(Lantlr/AlternativeBlock;Z)Lantlr/CppBlockFinishingInfo; >"	222	some(198)	"< Application, Lantlr/CppCodeGenerator, suitableForCaseExpression(Lantlr/Alternative;)Z >"	[184]
"< Application, Lantlr/ANTLRTokdefLexer, <clinit>()V >"	9	some(12)	"< Application, Lantlr/ANTLRTokdefLexer, mk_tokenSet_2()[J >"	[]
"< Application, Lantlr/CSharpCodeGenerator, genTokenStrings()V >"	17	some(27)	"< Primordial, Ljava/lang/String, valueOf(I)Ljava/lang/String; >"	[68]
"< Application, Lantlr/LLkAnalyzer, look(ILantlr/RuleEndElement;)Lantlr/Lookahead; >"	21	some(38)	"< Application, Lantlr/collections/impl/BitSet, of(I)Lantlr/collections/impl/BitSet; >"	[2]
"< Application, Lantlr/actions/cpp/ActionLexer, <clinit>()V >"	49	some(52)	"< Application, Lantlr/actions/cpp/ActionLexer, mk_tokenSet_12()[J >"	[]
"< Application, Lantlr/actions/java/ActionLexer, <clinit>()V >"	85	some(88)	"< Application, Lantlr/actions/java/ActionLexer, mk_tokenSet_21()[J >"	[]
"< Application, Lantlr/collections/impl/BitSet, notInPlace(II)V >"	6	some(11)	"< Application, Lantlr/collections/impl/BitSet, bitMask(I)J >"	[15]
"< Application, Lantlr/MakeGrammar, refCharRange(Lantlr/Token;Lantlr/Token;Lantlr/Token;IZ)V >"	13	some(18)	"< Application, Lantlr/ANTLRLexer, tokenTypeForCharLiteral(Ljava/lang/String;)I >"	[16]
"< Application, Lantlr/CSharpCodeGenerator, getRangeExpression(I[I)Ljava/lang/String; >"	0	some(6)	"< Application, Lantlr/CodeGenerator, elementsAreRange([I)Z >"	[3]
"< Application, Lantlr/MakeGrammar, refCharLiteral(Lantlr/Token;Lantlr/Token;ZIZ)V >"	23	some(26)	"< Primordial, Ljava/lang/Character, toLowerCase(C)C >"	[24]
"< Application, Lantlr/JavaCodeGenerator, mangleLiteral(Ljava/lang/String;)Ljava/lang/String; >"	7	some(13)	"< Primordial, Ljava/lang/Character, isLetter(C)Z >"	[11]
"< Application, Lantlr/collections/impl/BitSet, clear(I)V >"	7	some(12)	"< Application, Lantlr/collections/impl/BitSet, bitMask(I)J >"	[2]
"< Application, Ldacapo/TestHarness, main([Ljava/lang/String;)V >"	62	none	"< Primordial, Ljava/lang/System, exit(I)V >"	[68]
"< Application, Lantlr/HTMLCodeGenerator, gen(Lantlr/StringLiteralElement;)V >"	4	some(10)	"< Application, Lantlr/HTMLCodeGenerator, HTMLEncode(Ljava/lang/String;)Ljava/lang/String; >"	[8]
"< Application, Ldacapo/Benchmark, copyFileTo(Ljava/io/File;Ljava/io/File;)V >"	3	none	"< Application, Ldacapo/Benchmark, copyFile(Ljava/io/File;Ljava/io/File;)V >"	[1, 4]
"< Application, Lantlr/JavaCodeGenerator, gen(Lantlr/ParserGrammar;)V >"	80	some(116)	"< Application, Lantlr/StringUtils, stripFrontBack(Ljava/lang/String;Ljava/lang/String;Ljava/lang/String;)Ljava/lang/String; >"	[113, 114, 114]
"< Application, Ldacapo/TestHarness, invokeConfiguration(Ljava/lang/reflect/Method;Ljava/lang/String;)V >"	111	some(115)	"< Primordial, Ljava/lang/reflect/Modifier, isStatic(I)Z >"	[113]
"< Application, Lantlr/debug/LLkDebuggingParser, setupDebugging(Lantlr/TokenStream;Lantlr/TokenBuffer;)V >"	7	some(18)	"< Primordial, Ljava/lang/Class, forName(Ljava/lang/String;)Ljava/lang/Class; >"	[16]
"< Application, Lantlr/JavaCodeGenerator, genCommonBlock(Lantlr/AlternativeBlock;Z)Lantlr/JavaBlockFinishingInfo; >"	201	some(180)	"< Application, Lantlr/JavaCodeGenerator, suitableForCaseExpression(Lantlr/Alternative;)Z >"	[166]
"< Application, Lantlr/JavaCodeGenerator, setupGrammarParameters(Lantlr/Grammar;)V >"	8	some(62)	"< Application, Lantlr/StringUtils, stripFrontBack(Ljava/lang/String;Ljava/lang/String;Ljava/lang/String;)Ljava/lang/String; >"	[60, 20, 20]
"< Application, Lantlr/DefineGrammarSymbols, refHeaderAction(Lantlr/Token;Lantlr/Token;)V >"	3	some(10)	"< Application, Lantlr/StringUtils, stripFrontBack(Ljava/lang/String;Ljava/lang/String;Ljava/lang/String;)Ljava/lang/String; >"	[7, 8, 8]
"< Application, Ldacapo/parser/SimpleCharStream, ExpandBuff(Z)V >"	15	none	"< Primordial, Ljava/lang/System, arraycopy(Ljava/lang/Object;ILjava/lang/Object;II)V >"	[36, 37, 7, 14, 40]
"< Application, Lantlr/actions/java/ActionLexer, <clinit>()V >"	25	some(28)	"< Application, Lantlr/actions/java/ActionLexer, mk_tokenSet_6()[J >"	[]
"< Application, Lantlr/ASTFactory, setTokenTypeASTNodeType(ILjava/lang/String;)V >"	11	some(10)	"< Primordial, Ljava/lang/Class, forName(Ljava/lang/String;)Ljava/lang/Class; >"	[3]
"< Application, Lantlr/preprocessor/Grammar, toString()Ljava/lang/String; >"	35	some(48)	"< Application, Lantlr/preprocessor/Hierarchy, optionsToString(Lantlr/collections/impl/IndexedVector;)Ljava/lang/String; >"	[46]
"< Application, Lantlr/CharRangeElement, <init>(Lantlr/LexerGrammar;Lantlr/Token;Lantlr/Token;I)V >"	4	some(12)	"< Application, Lantlr/ANTLRLexer, tokenTypeForCharLiteral(Ljava/lang/String;)I >"	[10]
"< Application, Ldacapo/TestHarness, main([Ljava/lang/String;)V >"	146	none	"< Application, Ldacapo/Benchmark, setVerbose(Z)V >"	[15]
"< Application, Lantlr/debug/LLkDebuggingParser, setupDebugging(Lantlr/TokenStream;Lantlr/TokenBuffer;)V >"	6	none	"< Primordial, Ljava/lang/System, exit(I)V >"	[5]
"< Application, Ldacapo/TestHarness, main([Ljava/lang/String;)V >"	18	none	"< Primordial, Ljava/lang/System, exit(I)V >"	[20]
"< Application, Lantlr/LLkAnalyzer, look(ILantlr/GrammarAtom;)Lantlr/Lookahead; >"	25	some(41)	"< Application, Lantlr/Lookahead, of(I)Lantlr/Lookahead; >"	[39]
"< Application, Lantlr/collections/impl/BitSet, member(I)Z >"	0	some(5)	"< Application, Lantlr/collections/impl/BitSet, wordNumber(I)I >"	[2]
"< Application, Ldacapo/Digest, toString([B)Ljava/lang/String; >"	9	some(14)	"< Primordial, Ljava/lang/Integer, toHexString(I)Ljava/lang/String; >"	[12]
"< Application, Lantlr/CharScanner, toLower(C)C >"	0	some(5)	"< Primordial, Ljava/lang/Character, toLowerCase(C)C >"	[2]
"< Application, Lantlr/Tool, fileMinusPath(Ljava/lang/String;)Ljava/lang/String; >"	0	some(6)	"< Primordial, Ljava/lang/System, getProperty(Ljava/lang/String;)Ljava/lang/String; >"	[4]
"< Application, Lantlr/collections/impl/BitSet, clear(I)V >"	0	some(5)	"< Application, Lantlr/collections/impl/BitSet, wordNumber(I)I >"	[2]
"< Application, Lantlr/preprocessor/Grammar, expandInPlace()V >"	70	some(91)	"< Primordial, Ljava/lang/System, getProperty(Ljava/lang/String;)Ljava/lang/String; >"	[89]
"< Application, Lantlr/actions/java/ActionLexer, <clinit>()V >"	101	some(104)	"< Application, Lantlr/actions/java/ActionLexer, mk_tokenSet_25()[J >"	[]
"< Application, Lantlr/LLkAnalyzer, look(ILantlr/StringLiteralElement;)Lantlr/Lookahead; >"	34	some(31)	"< Application, Lantlr/Lookahead, of(I)Lantlr/Lookahead; >"	[29]
"< Application, Lantlr/RecognitionException, toString()Ljava/lang/String; >"	2	some(6)	"< Application, Lantlr/FileLineFormatter, getFormatter()Lantlr/FileLineFormatter; >"	[]
"< Application, Lantlr/JavaCodeGenerator, genNextToken()V >"	149	some(177)	"< Primordial, Ljava/lang/System, getProperty(Ljava/lang/String;)Ljava/lang/String; >"	[175]
"< Application, Lantlr/ANTLRParser, <clinit>()V >"	87	some(154)	"< Application, Lantlr/ANTLRParser, mk_tokenSet_5()[J >"	[]
"< Application, Ldacapo/parser/ParseException, <init>(Ldacapo/parser/Token;[[I[Ljava/lang/String;)V >"	1	some(11)	"< Primordial, Ljava/lang/System, getProperty(Ljava/lang/String;Ljava/lang/String;)Ljava/lang/String; >"	[8, 9]
"< Application, Ldacapo/parser/TokenMgrError, addEscapes(Ljava/lang/String;)Ljava/lang/String; >"	30	some(45)	"< Primordial, Ljava/lang/Integer, toString(II)Ljava/lang/String; >"	[35, 43]
"< Application, Ldacapo/TestHarness, main([Ljava/lang/String;)V >"	269	none	"< Application, Ldacapo/TestHarness, runBenchmarkOld(Ljava/lang/String;Ldacapo/TestHarness;)V >"	[262, 294]
"< Application, Lantlr/JavaCodeGenerator, gen(Lantlr/TreeWalkerGrammar;)V >"	67	some(99)	"< Application, Lantlr/StringUtils, stripFrontBack(Ljava/lang/String;Ljava/lang/String;Ljava/lang/String;)Ljava/lang/String; >"	[96, 97, 97]
"< Application, Lantlr/preprocessor/Tool, preprocess()Z >"	63	some(62)	"< Primordial, Ljava/lang/System, getProperty(Ljava/lang/String;)Ljava/lang/String; >"	[60]
"< Application, Ldacapo/parser/ConfigFile, hex()Ljava/lang/String; >"	1	some(7)	"< Application, Ldacapo/parser/ConfigFile, unHex(Ldacapo/parser/Token;)Ljava/lang/String; >"	[5]
"< Application, Lantlr/debug/LLkDebuggingParser, setupDebugging(Lantlr/TokenStream;Lantlr/TokenBuffer;)V >"	19	some(33)	"< Application, Lantlr/debug/LLkDebuggingParser, class$(Ljava/lang/String;)Ljava/lang/Class; >"	[31]
"< Application, Ldacapo/antlr/AntlrHarness, iterate(Ljava/lang/String;)V >"	33	some(31)	"< Primordial, Ljava/lang/Integer, parseInt(Ljava/lang/String;)I >"	[29]
"< Application, Lantlr/JavaCodeGenerator, genTokenStrings()V >"	17	some(27)	"< Primordial, Ljava/lang/String, valueOf(I)Ljava/lang/String; >"	[63]
"< Application, Lantlr/HTMLCodeGenerator, gen(Lantlr/TreeWalkerGrammar;)V >"	30	some(47)	"< Application, Lantlr/HTMLCodeGenerator, HTMLEncode(Ljava/lang/String;)Ljava/lang/String; >"	[45]
"< Application, Lantlr/preprocessor/Preprocessor, <clinit>()V >"	48	some(92)	"< Application, Lantlr/preprocessor/Preprocessor, mk_tokenSet_1()[J >"	[]
"< Application, Ldacapo/Benchmark, stopIteration()V >"	7	none	"< Primordial, Ljava/lang/System, setOut(Ljava/io/PrintStream;)V >"	[9]
"< Application, Lantlr/MakeGrammar, refCharRange(Lantlr/Token;Lantlr/Token;Lantlr/Token;IZ)V >"	39	some(39)	"< Primordial, Ljava/lang/Character, toLowerCase(C)C >"	[37]
"< Application, Lantlr/ANTLRLexer, mACTION(Z)V >"	15	some(27)	"< Application, Lantlr/StringUtils, stripFrontBack(Ljava/lang/String;Ljava/lang/String;Ljava/lang/String;)Ljava/lang/String; >"	[23, 24, 25]
"< Application, Lantlr/CppCodeGenerator, mangleLiteral(Ljava/lang/String;)Ljava/lang/String; >"	7	some(13)	"< Primordial, Ljava/lang/Character, isLetter(C)Z >"	[11]
"< Application, Ldacapo/Benchmark, postIterationCleanup(Ljava/lang/String;)V >"	18	none	"< Application, Ldacapo/Benchmark, deleteFile(Ljava/io/File;)V >"	[24]
"< Application, Lantlr/collections/impl/Vector, removeElement(Ljava/lang/Object;)Z >"	18	none	"< Primordial, Ljava/lang/System, arraycopy(Ljava/lang/Object;ILjava/lang/Object;II)V >"	[16, 17, 18, 10, 15]
"< Application, Lantlr/DocBookCodeGenerator, gen(Lantlr/CharLiteralElement;)V >"	6	some(12)	"< Application, Lantlr/DocBookCodeGenerator, HTMLEncode(Ljava/lang/String;)Ljava/lang/String; >"	[10]
"< Application, Lantlr/actions/csharp/ActionLexer, <clinit>()V >"	13	some(16)	"< Application, Lantlr/actions/csharp/ActionLexer, mk_tokenSet_3()[J >"	[]
"< Application, Lantlr/actions/cpp/ActionLexer, <clinit>()V >"	45	some(48)	"< Application, Lantlr/actions/cpp/ActionLexer, mk_tokenSet_11()[J >"	[]
"< Application, Lantlr/CSharpCodeGenerator, genBody(Lantlr/LexerGrammar;)V >"	101	some(150)	"< Application, Lantlr/StringUtils, stripFrontBack(Ljava/lang/String;Ljava/lang/String;Ljava/lang/String;)Ljava/lang/String; >"	[148, 105, 105]
"< Application, Lantlr/MakeGrammar, endSubRule()V >"	21	some(24)	"< Primordial, Ljava/lang/System, getProperty(Ljava/lang/String;)Ljava/lang/String; >"	[22]
"< Application, Lantlr/preprocessor/Preprocessor, <clinit>()V >"	68	some(112)	"< Application, Lantlr/preprocessor/Preprocessor, mk_tokenSet_6()[J >"	[]
"< Application, Lantlr/CppCodeGenerator, genInclude(Lantlr/LexerGrammar;)V >"	129	some(196)	"< Application, Lantlr/StringUtils, stripFrontBack(Ljava/lang/String;Ljava/lang/String;Ljava/lang/String;)Ljava/lang/String; >"	[193, 194, 194]
"< Application, Ldacapo/parser/TokenMgrError, LexicalError(ZIIILjava/lang/String;C)Ljava/lang/String; >"	23	some(55)	"< Application, Ldacapo/parser/TokenMgrError, addEscapes(Ljava/lang/String;)Ljava/lang/String; >"	[5]
"< Application, Ldacapo/TestHarness, invokeConfiguration(Ljava/lang/reflect/Method;Ljava/lang/String;)V >"	2	some(9)	"< Application, Ldacapo/TestHarness, vectorise([Ljava/lang/String;)Ljava/util/Vector; >"	[7]
"< Application, Ldacapo/TestHarness, runBenchmark(Ljava/io/File;Ljava/lang/String;Ldacapo/TestHarness;)V >"	36	some(54)	"< Primordial, Ljava/lang/System, currentTimeMillis()J >"	[]
"< Application, Lantlr/build/Tool, class$(Ljava/lang/String;)Ljava/lang/Class; >"	0	some(4)	"< Primordial, Ljava/lang/Class, forName(Ljava/lang/String;)Ljava/lang/Class; >"	[1]
"< Application, Lantlr/CppCodeGenerator, textOrChar(Ljava/lang/String;)Ljava/lang/String; >"	3	some(10)	"< Application, Lantlr/ANTLRLexer, tokenTypeForCharLiteral(Ljava/lang/String;)I >"	[2]
"< Application, Lantlr/ANTLRLexer, <clinit>()V >"	21	some(24)	"< Application, Lantlr/ANTLRLexer, mk_tokenSet_5()[J >"	[]
"< Application, Lantlr/preprocessor/PreprocessorLexer, <clinit>()V >"	33	some(36)	"< Application, Lantlr/preprocessor/PreprocessorLexer, mk_tokenSet_8()[J >"	[]
"< Application, Lantlr/MakeGrammar, zeroOrMoreSubRule()V >"	19	none	"< Application, Lantlr/MakeGrammar, setBlock(Lantlr/AlternativeBlock;Lantlr/AlternativeBlock;)V >"	[24, 29]
"< Application, Ldacapo/parser/TokenMgrError, LexicalError(ZIIILjava/lang/String;C)Ljava/lang/String; >"	13	some(32)	"< Application, Ldacapo/parser/TokenMgrError, addEscapes(Ljava/lang/String;)Ljava/lang/String; >"	[30]
"< Application, Lantlr/BaseAST, xmlSerializeNode(Ljava/io/Writer;)V >"	15	some(33)	"< Application, Lantlr/BaseAST, encode(Ljava/lang/String;)Ljava/lang/String; >"	[31]
"< Application, Lantlr/actions/cpp/ActionLexer, <clinit>()V >"	57	some(60)	"< Application, Lantlr/actions/cpp/ActionLexer, mk_tokenSet_14()[J >"	[]
"< Application, Lantlr/actions/java/ActionLexer, <clinit>()V >"	9	some(12)	"< Application, Lantlr/actions/java/ActionLexer, mk_tokenSet_2()[J >"	[]
"< Application, Lantlr/collections/impl/BitSet, andInPlace(Lantlr/collections/impl/BitSet;)V >"	4	some(9)	"< Primordial, Ljava/lang/Math, min(II)I >"	[5, 7]
"< Application, Lantlr/actions/cpp/ActionLexer, <clinit>()V >"	105	some(108)	"< Application, Lantlr/actions/cpp/ActionLexer, mk_tokenSet_26()[J >"	[]
"< Application, Lantlr/RuleRefElement, <init>(Lantlr/Grammar;Lantlr/Token;I)V >"	8	some(14)	"< Application, Lantlr/CodeGenerator, encodeLexerRuleName(Ljava/lang/String;)Ljava/lang/String; >"	[12]
"< Application, Lantlr/DiagnosticCodeGenerator, genNextToken()V >"	9	some(19)	"< Application, Lantlr/MakeGrammar, createNextTokenRule(Lantlr/Grammar;Lantlr/collections/impl/Vector;Ljava/lang/String;)Lantlr/RuleBlock; >"	[14, 16, 17]
"< Application, Lantlr/collections/impl/BitSet, add(I)V >"	0	some(5)	"< Application, Lantlr/collections/impl/BitSet, wordNumber(I)I >"	[2]
"< Application, Lantlr/ANTLRParser, <clinit>()V >"	103	some(170)	"< Application, Lantlr/ANTLRParser, mk_tokenSet_9()[J >"	[]
"< Application, Lantlr/JavaCodeGenerator, genErrorTryForElement(Lantlr/AlternativeElement;)V >"	8	some(13)	"< Application, Lantlr/CodeGenerator, encodeLexerRuleName(Ljava/lang/String;)Ljava/lang/String; >"	[11]
"< Application, Lantlr/actions/java/ActionLexer, <clinit>()V >"	61	some(64)	"< Application, Lantlr/actions/java/ActionLexer, mk_tokenSet_15()[J >"	[]
"< Application, Ldacapo/FileDigest, getText(Ljava/io/File;ZLjava/io/File;)[B >"	11	some(23)	"< Application, Ldacapo/FileDigest, replaceAllFixed(Ljava/lang/String;Ljava/lang/String;Ljava/lang/String;)Ljava/lang/String; >"	[19, 21, 17]
"< Application, Ldacapo/Benchmark, byteCount(Ljava/lang/String;)J >"	2	some(6)	"< Application, Ldacapo/Benchmark, byteCount(Ljava/io/File;)J >"	[3]
"< Application, Lantlr/preprocessor/Tool, preprocessedArgList()[Ljava/lang/String; >"	4	none	"< Primordial, Ljava/lang/System, arraycopy(Ljava/lang/Object;ILjava/lang/Object;II)V >"	[5, 6, 4, 6, 7]
"< Application, Ldacapo/TestHarness, findClass()Ljava/lang/Class; >"	8	none	"< Primordial, Ljava/lang/System, exit(I)V >"	[11]
"< Application, Lantlr/CSharpCodeGenerator, OctalToUnicode(Ljava/lang/String;)Ljava/lang/String; >"	22	some(42)	"< Primordial, Ljava/lang/Integer, toHexString(I)Ljava/lang/String; >"	[40]
"< Application, Lantlr/DocBookCodeGenerator, gen(Lantlr/RuleRefElement;)V >"	8	some(16)	"< Application, Lantlr/DocBookCodeGenerator, QuoteForId(Ljava/lang/String;)Ljava/lang/String; >"	[14]
"< Application, Lantlr/preprocessor/Rule, toString()Ljava/lang/String; >"	54	some(79)	"< Primordial, Ljava/lang/System, getProperty(Ljava/lang/String;)Ljava/lang/String; >"	[70]
"< Application, Lantlr/ANTLRParser, <clinit>()V >"	91	some(158)	"< Application, Lantlr/ANTLRParser, mk_tokenSet_6()[J >"	[]
"< Application, Lantlr/CSharpCodeGenerator, gen(Lantlr/TokenRangeElement;)V >"	20	some(36)	"< Application, Lantlr/CSharpCodeGenerator, OctalToUnicode(Ljava/lang/String;)Ljava/lang/String; >"	[34]
"< Application, Lantlr/ANTLRTokdefLexer, <clinit>()V >"	13	some(16)	"< Application, Lantlr/ANTLRTokdefLexer, mk_tokenSet_3()[J >"	[]
"< Application, Ldacapo/Benchmark, unpackZipFile(Ljava/lang/String;Ljava/io/File;)V >"	4	none	"< Application, Ldacapo/Benchmark, unpackZipStream(Ljava/io/BufferedInputStream;Ljava/io/File;)V >"	[4, 2]
"< Application, Lantlr/debug/LLkDebuggingParser, setupDebugging(Lantlr/TokenStream;Lantlr/TokenBuffer;)V >"	1	some(9)	"< Primordial, Ljava/lang/Class, forName(Ljava/lang/String;)Ljava/lang/Class; >"	[7]
"< Application, Lantlr/collections/impl/BitSet, clone()Ljava/lang/Object; >"	10	none	"< Primordial, Ljava/lang/System, arraycopy(Ljava/lang/Object;ILjava/lang/Object;II)V >"	[12, 13, 14, 13, 16]
"< Application, Lantlr/HTMLCodeGenerator, genNextToken()V >"	9	some(20)	"< Application, Lantlr/MakeGrammar, createNextTokenRule(Lantlr/Grammar;Lantlr/collections/impl/Vector;Ljava/lang/String;)Lantlr/RuleBlock; >"	[15, 17, 18]
"< Application, Lantlr/CSharpCodeGenerator, genNextToken()V >"	172	some(163)	"< Application, Lantlr/CodeGenerator, decodeLexerRuleName(Ljava/lang/String;)Ljava/lang/String; >"	[161]
"< Application, Ldacapo/Digest, create()Ljava/security/MessageDigest; >"	0	some(4)	"< Primordial, Ljava/security/MessageDigest, getInstance(Ljava/lang/String;)Ljava/security/MessageDigest; >"	[2]
"< Application, Ldacapo/TestHarness, runBenchmark(Ljava/io/File;Ljava/lang/String;Ldacapo/TestHarness;)V >"	108	none	"< Primordial, Ljava/lang/System, exit(I)V >"	[118]
"< Application, Ldacapo/Benchmark, unpackZipFileResource(Ljava/lang/String;Ljava/io/File;)V >"	0	some(5)	"< Application, Ldacapo/Benchmark, getURL(Ljava/lang/String;)Ljava/net/URL; >"	[1]
"< Application, Lantlr/actions/cpp/ActionLexer, <clinit>()V >"	89	some(92)	"< Application, Lantlr/actions/cpp/ActionLexer, mk_tokenSet_22()[J >"	[]
"< Application, Ldacapo/FileDigest, getBinary(Ljava/io/File;)[B >"	0	some(4)	"< Application, Ldacapo/Digest, create()Ljava/security/MessageDigest; >"	[]
"< Application, Lantlr/Tool, main([Ljava/lang/String;)V >"	31	some(40)	"< Primordial, Ljava/lang/System, getProperty(Ljava/lang/String;)Ljava/lang/String; >"	[38]
"< Application, Lantlr/CSharpCodeGenerator, genNextToken()V >"	106	some(77)	"< Application, Lantlr/CodeGenerator, encodeLexerRuleName(Ljava/lang/String;)Ljava/lang/String; >"	[48]
"< Application, Ldacapo/FileDigest, getText(Ljava/io/File;ZLjava/io/File;)[B >"	0	some(6)	"< Application, Ldacapo/Digest, create()Ljava/security/MessageDigest; >"	[]
"< Application, Lantlr/actions/cpp/ActionLexer, <clinit>()V >"	69	some(72)	"< Application, Lantlr/actions/cpp/ActionLexer, mk_tokenSet_17()[J >"	[]
"< Application, Lantlr/MakeGrammar, beginExceptionSpec(Lantlr/Token;)V >"	3	some(11)	"< Application, Lantlr/StringUtils, stripFront(Ljava/lang/String;Ljava/lang/String;)Ljava/lang/String; >"	[9, 7]
"< Application, Lantlr/DefineGrammarSymbols, setFileOption(Lantlr/Token;Lantlr/Token;Ljava/lang/String;)V >"	6	some(270)	"< Application, Lantlr/StringUtils, stripFront(Ljava/lang/String;C)Ljava/lang/String; >"	[267, 268]
"< Application, Lantlr/CSharpCodeGenerator, genCommonBlock(Lantlr/AlternativeBlock;Z)Lantlr/CSharpBlockFinishingInfo; >"	212	some(187)	"< Application, Lantlr/CSharpCodeGenerator, suitableForCaseExpression(Lantlr/Alternative;)Z >"	[173]
"< Application, Lantlr/build/ANTLR, <init>()V >"	5	some(11)	"< Primordial, Ljava/lang/System, getProperty(Ljava/lang/String;Ljava/lang/String;)Ljava/lang/String; >"	[8, 9]
"< Application, Lantlr/CSharpCodeGenerator, mangleLiteral(Ljava/lang/String;)Ljava/lang/String; >"	7	some(13)	"< Primordial, Ljava/lang/Character, isLetter(C)Z >"	[11]
"< Application, Lantlr/build/ANTLR, <init>()V >"	2	some(7)	"< Primordial, Ljava/lang/System, getProperty(Ljava/lang/String;Ljava/lang/String;)Ljava/lang/String; >"	[4, 5]
"< Application, Lantlr/actions/csharp/ActionLexer, <clinit>()V >"	21	some(24)	"< Application, Lantlr/actions/csharp/ActionLexer, mk_tokenSet_5()[J >"	[]
"< Application, Lantlr/ANTLRLexer, mARG_ACTION(Z)V >"	4	some(16)	"< Application, Lantlr/StringUtils, stripFrontBack(Ljava/lang/String;Ljava/lang/String;Ljava/lang/String;)Ljava/lang/String; >"	[12, 13, 14]
"< Application, Ldacapo/parser/ParseException, add_escapes(Ljava/lang/String;)Ljava/lang/String; >"	30	some(46)	"< Primordial, Ljava/lang/Integer, toString(II)Ljava/lang/String; >"	[36, 44]
"< Application, Lantlr/actions/csharp/ActionLexer, <clinit>()V >"	57	some(60)	"< Application, Lantlr/actions/csharp/ActionLexer, mk_tokenSet_14()[J >"	[]
"< Application, Lantlr/collections/impl/BitSet, add(I)V >"	7	some(12)	"< Application, Lantlr/collections/impl/BitSet, bitMask(I)J >"	[2]
"< Application, Lantlr/CSharpCodeGenerator, genBody(Lantlr/ParserGrammar;)V >"	85	some(124)	"< Application, Lantlr/StringUtils, stripFrontBack(Ljava/lang/String;Ljava/lang/String;Ljava/lang/String;)Ljava/lang/String; >"	[121, 122, 122]
"< Application, Ldacapo/Benchmark, sortArray([Ljava/lang/Comparable;)V >"	10	none	"< Primordial, Ljava/util/Collections, sort(Ljava/util/List;)V >"	[4]
"< Application, Lantlr/actions/cpp/ActionLexer, <clinit>()V >"	101	some(104)	"< Application, Lantlr/actions/cpp/ActionLexer, mk_tokenSet_25()[J >"	[]
"< Application, Lantlr/JavaCharFormatter, escapeChar(IZ)Ljava/lang/String; >"	38	some(33)	"< Primordial, Ljava/lang/Integer, toString(II)Ljava/lang/String; >"	[2, 12]
"< Application, Lantlr/DefineGrammarSymbols, setFileOption(Lantlr/Token;Lantlr/Token;Ljava/lang/String;)V >"	29	some(248)	"< Application, Lantlr/StringUtils, stripFrontBack(Ljava/lang/String;Ljava/lang/String;Ljava/lang/String;)Ljava/lang/String; >"	[245, 246, 246]
"< Application, Lantlr/CSharpCodeGenerator, gen(Lantlr/CharRangeElement;)V >"	33	some(52)	"< Application, Lantlr/CSharpCodeGenerator, OctalToUnicode(Ljava/lang/String;)Ljava/lang/String; >"	[50]
"< Application, Lantlr/actions/csharp/ActionLexer, <clinit>()V >"	1	some(4)	"< Application, Lantlr/actions/csharp/ActionLexer, mk_tokenSet_0()[J >"	[]
"< Application, LGcCallback, startWarmup(Ljava/lang/String;)V >"	0	none	"< Primordial, Ljava/lang/System, gc()V >"	[]
"< Application, Lantlr/CSharpCodeGenerator, genCommonBlock(Lantlr/AlternativeBlock;Z)Lantlr/CSharpBlockFinishingInfo; >"	141	some(111)	"< Application, Lantlr/CSharpCodeGenerator, suitableForCaseExpression(Lantlr/Alternative;)Z >"	[109]
"< Application, Lantlr/CSharpCodeGenerator, gen(Lantlr/CharRangeElement;)V >"	29	some(44)	"< Application, Lantlr/CSharpCodeGenerator, OctalToUnicode(Ljava/lang/String;)Ljava/lang/String; >"	[42]
"< Application, Lantlr/collections/impl/Vector, clone()Ljava/lang/Object; >"	13	none	"< Primordial, Ljava/lang/System, arraycopy(Ljava/lang/Object;ILjava/lang/Object;II)V >"	[14, 15, 16, 15, 18]
"< Application, Lantlr/CharLiteralElement, <init>(Lantlr/LexerGrammar;Lantlr/Token;ZI)V >"	2	some(12)	"< Application, Lantlr/ANTLRLexer, tokenTypeForCharLiteral(Ljava/lang/String;)I >"	[10]
"< Application, Lantlr/actions/cpp/ActionLexer, <clinit>()V >"	65	some(68)	"< Application, Lantlr/actions/cpp/ActionLexer, mk_tokenSet_16()[J >"	[]
"< Application, Ldacapo/Benchmark, cleanup()V >"	7	none	"< Application, Ldacapo/Benchmark, deleteTree(Ljava/io/File;)V >"	[5]
"< Application, Lantlr/DefineGrammarSymbols, defineRuleName(Lantlr/Token;Ljava/lang/String;ZLjava/lang/String;)V >"	3	some(12)	"< Application, Lantlr/CodeGenerator, encodeLexerRuleName(Ljava/lang/String;)Ljava/lang/String; >"	[8]
"< Application, Ldacapo/TestHarness, main([Ljava/lang/String;)V >"	197	none	"< Primordial, Ljava/lang/System, exit(I)V >"	[15]
"< Application, Lantlr/Tool, main([Ljava/lang/String;)V >"	33	some(44)	"< Primordial, Ljava/lang/System, getProperty(Ljava/lang/String;)Ljava/lang/String; >"	[38]
"< Application, Lantlr/CppCodeGenerator, setupGrammarParameters(Lantlr/Grammar;)V >"	262	some(215)	"< Application, Lantlr/StringUtils, stripFrontBack(Ljava/lang/String;Ljava/lang/String;Ljava/lang/String;)Ljava/lang/String; >"	[213, 43, 43]
"< Application, Lantlr/actions/java/ActionLexer, <clinit>()V >"	33	some(36)	"< Application, Lantlr/actions/java/ActionLexer, mk_tokenSet_8()[J >"	[]
"< Application, Lantlr/JavaCodeGenerator, setupGrammarParameters(Lantlr/Grammar;)V >"	40	some(22)	"< Application, Lantlr/StringUtils, stripFrontBack(Ljava/lang/String;Ljava/lang/String;Ljava/lang/String;)Ljava/lang/String; >"	[19, 20, 20]
"< Application, Lantlr/preprocessor/Hierarchy, optionsToString(Lantlr/collections/impl/IndexedVector;)Ljava/lang/String; >"	3	some(10)	"< Primordial, Ljava/lang/System, getProperty(Ljava/lang/String;)Ljava/lang/String; >"	[8]
"< Application, Lantlr/preprocessor/Preprocessor, <clinit>()V >"	64	some(108)	"< Application, Lantlr/preprocessor/Preprocessor, mk_tokenSet_5()[J >"	[]
"< Application, Lantlr/CSharpCodeGenerator, genCommonBlock(Lantlr/AlternativeBlock;Z)Lantlr/CSharpBlockFinishingInfo; >"	108	some(71)	"< Application, Lantlr/CSharpCodeGenerator, suitableForCaseExpression(Lantlr/Alternative;)Z >"	[69]
"< Application, Lantlr/preprocessor/PreprocessorLexer, <clinit>()V >"	13	some(16)	"< Application, Lantlr/preprocessor/PreprocessorLexer, mk_tokenSet_3()[J >"	[]
"< Application, Lantlr/build/Tool, perform(Ljava/lang/String;Ljava/lang/String;)V >"	16	some(25)	"< Primordial, Ljava/lang/Class, forName(Ljava/lang/String;)Ljava/lang/Class; >"	[23]
"< Application, Lantlr/ANTLRLexer, <clinit>()V >"	17	some(20)	"< Application, Lantlr/ANTLRLexer, mk_tokenSet_4()[J >"	[]
"< Application, Lantlr/actions/cpp/ActionLexer, <clinit>()V >"	41	some(44)	"< Application, Lantlr/actions/cpp/ActionLexer, mk_tokenSet_10()[J >"	[]
"< Application, Lantlr/DefineGrammarSymbols, setFileOption(Lantlr/Token;Lantlr/Token;Ljava/lang/String;)V >"	7	some(272)	"< Application, Lantlr/StringUtils, stripBack(Ljava/lang/String;C)Ljava/lang/String; >"	[270, 268]
"< Application, Lantlr/CppCodeGenerator, getValueString(I)Ljava/lang/String; >"	25	some(34)	"< Primordial, Ljava/lang/String, valueOf(I)Ljava/lang/String; >"	[2]
"< Application, Lantlr/ANTLRParser, <clinit>()V >"	107	some(174)	"< Application, Lantlr/ANTLRParser, mk_tokenSet_10()[J >"	[]
"< Application, Lantlr/Tool, main([Ljava/lang/String;)V >"	53	some(76)	"< Primordial, Ljava/lang/System, getProperty(Ljava/lang/String;)Ljava/lang/String; >"	[38]
"< Application, Lantlr/collections/impl/BitSet, orInPlace(Lantlr/collections/impl/BitSet;)V >"	12	some(16)	"< Primordial, Ljava/lang/Math, min(II)I >"	[12, 14]
"< Application, Ldacapo/antlr/AntlrHarness, iterate(Ljava/lang/String;)V >"	67	none	"< Application, Lantlr/Tool, main([Ljava/lang/String;)V >"	[56]
"< Application, Lantlr/preprocessor/PreprocessorLexer, <clinit>()V >"	37	some(40)	"< Application, Lantlr/preprocessor/PreprocessorLexer, mk_tokenSet_9()[J >"	[]
"< Application, Lantlr/CSharpCodeGenerator, genBody(Lantlr/LexerGrammar;)V >"	74	some(107)	"< Application, Lantlr/StringUtils, stripFrontBack(Ljava/lang/String;Ljava/lang/String;Ljava/lang/String;)Ljava/lang/String; >"	[104, 105, 105]
"< Application, Lantlr/actions/java/ActionLexer, <clinit>()V >"	97	some(100)	"< Application, Lantlr/actions/java/ActionLexer, mk_tokenSet_24()[J >"	[]
"< Application, Lantlr/CSharpCodeGenerator, genTokenStrings()V >"	38	some(55)	"< Application, Lantlr/StringUtils, stripFrontBack(Ljava/lang/String;Ljava/lang/String;Ljava/lang/String;)Ljava/lang/String; >"	[35, 36, 36]
"< Application, Lantlr/actions/csharp/ActionLexer, <clinit>()V >"	81	some(84)	"< Application, Lantlr/actions/csharp/ActionLexer, mk_tokenSet_20()[J >"	[]
"< Application, Lantlr/Tool, main([Ljava/lang/String;)V >"	20	none	"< Primordial, Ljava/lang/System, exit(I)V >"	[10]
"< Application, Lantlr/build/Tool, <init>()V >"	2	some(7)	"< Primordial, Ljava/lang/System, getProperty(Ljava/lang/String;)Ljava/lang/String; >"	[5]
"< Application, Ldacapo/TestHarness, main([Ljava/lang/String;)V >"	125	some(142)	"< Primordial, Ljava/lang/Double, parseDouble(Ljava/lang/String;)D >"	[140]
"< Application, Lantlr/ANTLRParser, <clinit>()V >"	83	some(150)	"< Application, Lantlr/ANTLRParser, mk_tokenSet_4()[J >"	[]
"< Application, Lantlr/preprocessor/Rule, toString()Ljava/lang/String; >"	76	some(113)	"< Primordial, Ljava/lang/System, getProperty(Ljava/lang/String;)Ljava/lang/String; >"	[70]
"< Application, Ldacapo/Callback, stop()V >"	0	some(4)	"< Primordial, Ljava/lang/System, currentTimeMillis()J >"	[]
"< Application, Lantlr/preprocessor/PreprocessorLexer, <clinit>()V >"	29	some(32)	"< Application, Lantlr/preprocessor/PreprocessorLexer, mk_tokenSet_7()[J >"	[]
"< Application, Ldacapo/Benchmark, startIteration()V >"	5	none	"< Primordial, Ljava/lang/System, setErr(Ljava/io/PrintStream;)V >"	[7]
"< Application, Lantlr/preprocessor/Hierarchy, optionsToString(Lantlr/collections/impl/IndexedVector;)Ljava/lang/String; >"	24	some(44)	"< Primordial, Ljava/lang/System, getProperty(Ljava/lang/String;)Ljava/lang/String; >"	[8]
"< Application, Lantlr/Tool, warning([Ljava/lang/String;Ljava/lang/String;II)V >"	21	some(36)	"< Application, Lantlr/FileLineFormatter, getFormatter()Lantlr/FileLineFormatter; >"	[]
"< Application, Ldacapo/TestHarness, main([Ljava/lang/String;)V >"	49	some(52)	"< Primordial, Ljava/lang/Class, forName(Ljava/lang/String;)Ljava/lang/Class; >"	[50]
"< Application, Lantlr/actions/cpp/ActionLexer, <clinit>()V >"	13	some(16)	"< Application, Lantlr/actions/cpp/ActionLexer, mk_tokenSet_3()[J >"	[]
"< Application, Lantlr/JavaCodeGenerator, getValueString(I)Ljava/lang/String; >"	25	some(21)	"< Primordial, Ljava/lang/String, valueOf(I)Ljava/lang/String; >"	[2]
"< Application, Lantlr/actions/csharp/ActionLexer, <clinit>()V >"	101	some(104)	"< Application, Lantlr/actions/csharp/ActionLexer, mk_tokenSet_25()[J >"	[]
"< Application, Lantlr/actions/cpp/ActionLexer, <clinit>()V >"	29	some(32)	"< Application, Lantlr/actions/cpp/ActionLexer, mk_tokenSet_7()[J >"	[]
"< Application, Ldacapo/parser/SimpleCharStream, ExpandBuff(Z)V >"	41	none	"< Primordial, Ljava/lang/System, arraycopy(Ljava/lang/Object;ILjava/lang/Object;II)V >"	[60, 61, 13, 14, 64]
"< Application, Ldacapo/TestHarness, invokeConfiguration(Ljava/lang/reflect/Method;Ljava/lang/String;)V >"	129	none	"< Primordial, Ljava/lang/System, exit(I)V >"	[22]
"< Application, Lantlr/Tool, doEverythingWrapper([Ljava/lang/String;)V >"	1	none	"< Primordial, Ljava/lang/System, exit(I)V >"	[5]
"< Application, Ldacapo/TestHarness, main([Ljava/lang/String;)V >"	137	none	"< Primordial, Ljava/lang/System, exit(I)V >"	[154]
"< Application, Ldacapo/FileDigest, get(Ljava/lang/String;ZZLjava/io/File;)[B >"	14	some(10)	"< Application, Ldacapo/FileDigest, getBinary(Ljava/io/File;)[B >"	[7]
"< Application, Lantlr/JavaCodeGenerator, gen(Lantlr/ParserGrammar;)V >"	116	some(172)	"< Application, Lantlr/StringUtils, stripFrontBack(Ljava/lang/String;Ljava/lang/String;Ljava/lang/String;)Ljava/lang/String; >"	[170, 114, 114]
"< Application, Lantlr/preprocessor/Rule, toString()Ljava/lang/String; >"	51	some(72)	"< Primordial, Ljava/lang/System, getProperty(Ljava/lang/String;)Ljava/lang/String; >"	[70]
"< Application, Ldacapo/TestHarness, main([Ljava/lang/String;)V >"	108	none	"< Primordial, Ljava/lang/System, exit(I)V >"	[122]
"< Application, Lantlr/CSharpCharFormatter, escapeChar(IZ)Ljava/lang/String; >"	20	some(55)	"< Primordial, Ljava/lang/Integer, toString(II)Ljava/lang/String; >"	[2, 12]
"< Application, Ldacapo/FileDigest, get(Ljava/lang/String;ZZLjava/io/File;)[B >"	8	some(15)	"< Application, Ldacapo/Digest, create()Ljava/security/MessageDigest; >"	[]
"< Application, Lantlr/CSharpCodeGenerator, genNextToken()V >"	65	some(28)	"< Application, Lantlr/MakeGrammar, createNextTokenRule(Lantlr/Grammar;Lantlr/collections/impl/Vector;Ljava/lang/String;)Lantlr/RuleBlock; >"	[23, 25, 26]
"< Application, Lantlr/DefaultToolErrorHandler, warnAltAmbiguity(Lantlr/Grammar;Lantlr/AlternativeBlock;ZI[Lantlr/Lookahead;II)V >"	14	some(47)	"< Application, Lantlr/CodeGenerator, reverseLexerRuleName(Ljava/lang/String;)Ljava/lang/String; >"	[45]
"< Application, Lantlr/actions/csharp/ActionLexer, <clinit>()V >"	49	some(52)	"< Application, Lantlr/actions/csharp/ActionLexer, mk_tokenSet_12()[J >"	[]
"< Application, Lantlr/Tool, main([Ljava/lang/String;)V >"	6	none	"< Primordial, Ljava/lang/System, exit(I)V >"	[10]
"< Application, Lantlr/build/Tool, perform(Ljava/lang/String;Ljava/lang/String;)V >"	40	some(57)	"< Application, Lantlr/build/Tool, class$(Ljava/lang/String;)Ljava/lang/Class; >"	[55]
"< Application, Lantlr/LLkAnalyzer, deterministicImpliedPath(Lantlr/BlockWithImpliedExitPath;)Z >"	150	some(173)	"< Primordial, Ljava/lang/Math, max(II)I >"	[171, 117]
"< Application, Ldacapo/LatexDescriptions, strop(Ljava/lang/String;)Ljava/lang/String; >"	2	some(8)	"< Primordial, Ljava/lang/Character, toUpperCase(C)C >"	[6]
"< Application, Lantlr/DocBookCodeGenerator, genNextToken()V >"	9	some(20)	"< Application, Lantlr/MakeGrammar, createNextTokenRule(Lantlr/Grammar;Lantlr/collections/impl/Vector;Ljava/lang/String;)Lantlr/RuleBlock; >"	[15, 17, 18]
"< Application, Lantlr/ANTLRTokdefLexer, <clinit>()V >"	5	some(8)	"< Application, Lantlr/ANTLRTokdefLexer, mk_tokenSet_1()[J >"	[]
"< Application, Lantlr/JavaCodeGenerator, gen(Lantlr/TreeWalkerGrammar;)V >"	103	some(155)	"< Application, Lantlr/StringUtils, stripFrontBack(Ljava/lang/String;Ljava/lang/String;Ljava/lang/String;)Ljava/lang/String; >"	[153, 97, 97]
"< Application, Lantlr/actions/csharp/ActionLexer, <clinit>()V >"	105	some(108)	"< Application, Lantlr/actions/csharp/ActionLexer, mk_tokenSet_26()[J >"	[]
"< Application, Ldacapo/TestHarness, main([Ljava/lang/String;)V >"	183	none	"< Primordial, Ljava/lang/System, exit(I)V >"	[200]
"< Application, Lantlr/LLkAnalyzer, look(ILantlr/CharRangeElement;)Lantlr/Lookahead; >"	18	some(29)	"< Application, Lantlr/collections/impl/BitSet, of(I)Lantlr/collections/impl/BitSet; >"	[27]
"< Application, Lantlr/actions/java/ActionLexer, <clinit>()V >"	29	some(32)	"< Application, Lantlr/actions/java/ActionLexer, mk_tokenSet_7()[J >"	[]
"< Application, Lantlr/MakeGrammar, synPred()V >"	19	none	"< Application, Lantlr/MakeGrammar, setBlock(Lantlr/AlternativeBlock;Lantlr/AlternativeBlock;)V >"	[24, 29]
"< Application, Lantlr/actions/cpp/ActionLexer, <clinit>()V >"	73	some(76)	"< Application, Lantlr/actions/cpp/ActionLexer, mk_tokenSet_18()[J >"	[]
"< Application, Ldacapo/parser/Config, parse(Ljava/net/URL;)Ldacapo/parser/Config; >"	1	some(9)	"< Application, Ldacapo/parser/Config, parse(Ljava/io/InputStream;)Ldacapo/parser/Config; >"	[4]
"< Application, Lantlr/MakeGrammar, createOptionalRuleRef(Ljava/lang/String;Lantlr/Token;)Lantlr/AlternativeBlock; >"	3	some(10)	"< Application, Lantlr/CodeGenerator, encodeLexerRuleName(Ljava/lang/String;)Ljava/lang/String; >"	[2]
"< Application, Ldacapo/TestHarness, main([Ljava/lang/String;)V >"	212	none	"< Primordial, Ljava/lang/System, exit(I)V >"	[200]
"< Application, Lantlr/actions/csharp/ActionLexer, <clinit>()V >"	41	some(44)	"< Application, Lantlr/actions/csharp/ActionLexer, mk_tokenSet_10()[J >"	[]
"< Application, Lantlr/CSharpCodeGenerator, OctalToUnicode(Ljava/lang/String;)Ljava/lang/String; >"	17	some(33)	"< Primordial, Ljava/lang/Integer, valueOf(Ljava/lang/String;I)Ljava/lang/Integer; >"	[30, 31]
"< Application, Ldacapo/Benchmark, setValidate(Z)V >"	1	none	"< Application, Ldacapo/Benchmark, setValidateOutput(Z)V >"	[3]
"< Application, Ldacapo/antlr/AntlrHarness, postIteration(Ljava/lang/String;)V >"	6	none	"< Application, Ldacapo/Benchmark, deleteTree(Ljava/io/File;)V >"	[8]
"< Application, Lantlr/CppCodeGenerator, getLookaheadTestTerm(ILantlr/collections/impl/BitSet;)Ljava/lang/String; >"	2	some(10)	"< Application, Lantlr/CodeGenerator, elementsAreRange([I)Z >"	[8]
"< Application, Ldacapo/parser/SimpleCharStream, ExpandBuff(Z)V >"	62	none	"< Primordial, Ljava/lang/System, arraycopy(Ljava/lang/Object;ILjava/lang/Object;II)V >"	[15, 16, 7, 14, 19]
"< Application, Lantlr/CodeGenerator, extractTypeOfAction(Ljava/lang/String;II)Ljava/lang/String; >"	6	some(16)	"< Primordial, Ljava/lang/Character, isLetterOrDigit(C)Z >"	[14]
"< Application, Ldacapo/TestHarness, coeff_of_var([J)D >"	17	some(25)	"< Primordial, Ljava/lang/Math, sqrt(D)D >"	[23]
"< Application, Lantlr/CppCodeGenerator, genCommonBlock(Lantlr/AlternativeBlock;Z)Lantlr/CppBlockFinishingInfo; >"	112	some(71)	"< Application, Lantlr/CppCodeGenerator, suitableForCaseExpression(Lantlr/Alternative;)Z >"	[69]
"< Application, Lantlr/Tool, main([Ljava/lang/String;)V >"	5	none	"< Application, Lantlr/Tool, help()V >"	[]
"< Application, Lantlr/build/Tool, perform(Ljava/lang/String;Ljava/lang/String;)V >"	4	some(7)	"< Primordial, Ljava/lang/Class, forName(Ljava/lang/String;)Ljava/lang/Class; >"	[2]
"< Application, Lantlr/preprocessor/Preprocessor, exceptionHandler()Ljava/lang/String; >"	7	some(26)	"< Primordial, Ljava/lang/System, getProperty(Ljava/lang/String;)Ljava/lang/String; >"	[24]
"< Application, Lantlr/actions/java/ActionLexer, <clinit>()V >"	57	some(60)	"< Application, Lantlr/actions/java/ActionLexer, mk_tokenSet_14()[J >"	[]
"< Application, Lantlr/actions/csharp/ActionLexer, <clinit>()V >"	61	some(64)	"< Application, Lantlr/actions/csharp/ActionLexer, mk_tokenSet_15()[J >"	[]
"< Application, Lantlr/preprocessor/Grammar, toString()Ljava/lang/String; >"	28	some(38)	"< Primordial, Ljava/lang/System, getProperty(Ljava/lang/String;)Ljava/lang/String; >"	[32]
"< Application, Lantlr/ASTFactory, setASTNodeClass(Ljava/lang/String;)V >"	1	some(5)	"< Primordial, Ljava/lang/Class, forName(Ljava/lang/String;)Ljava/lang/Class; >"	[2]
"< Application, Lantlr/Tool, main([Ljava/lang/String;)V >"	19	none	"< Application, Lantlr/Tool, help()V >"	[]
"< Application, Lantlr/debug/LLkDebuggingParser, setupDebugging(Lantlr/TokenStream;Lantlr/TokenBuffer;)V >"	50	none	"< Primordial, Ljava/lang/System, exit(I)V >"	[5]
"< Application, Lantlr/LLkAnalyzer, FOLLOW(ILantlr/RuleEndElement;)Lantlr/Lookahead; >"	5	some(14)	"< Application, Lantlr/CodeGenerator, encodeLexerRuleName(Ljava/lang/String;)Ljava/lang/String; >"	[12]
"< Application, Lantlr/preprocessor/PreprocessorLexer, <clinit>()V >"	9	some(12)	"< Application, Lantlr/preprocessor/PreprocessorLexer, mk_tokenSet_2()[J >"	[]
"< Application, Ldacapo/TestHarness, main([Ljava/lang/String;)V >"	173	none	"< Application, Ldacapo/Benchmark, enableValidationReport(Ljava/lang/String;)V >"	[189]
"< Application, Lantlr/CppCodeGenerator, setupGrammarParameters(Lantlr/Grammar;)V >"	64	some(76)	"< Application, Lantlr/StringUtils, stripFrontBack(Ljava/lang/String;Ljava/lang/String;Ljava/lang/String;)Ljava/lang/String; >"	[74, 43, 43]
"< Application, Lantlr/LLkAnalyzer, deterministicImpliedPath(Lantlr/BlockWithImpliedExitPath;)Z >"	128	some(145)	"< Application, Lantlr/LLkAnalyzer, lookaheadEquivForApproxAndFullAnalysis([Lantlr/Lookahead;I)Z >"	[141, 143]
"< Application, Lantlr/ANTLRLexer, escapeCharValue(Ljava/lang/String;)I >"	22	some(83)	"< Primordial, Ljava/lang/Character, digit(CI)I >"	[81, 74]
"< Application, Lantlr/CharRangeElement, <init>(Lantlr/LexerGrammar;Lantlr/Token;Lantlr/Token;I)V >"	10	some(19)	"< Application, Lantlr/ANTLRLexer, tokenTypeForCharLiteral(Ljava/lang/String;)I >"	[17]
"< Application, Ldacapo/Slice, main([Ljava/lang/String;)V >"	8	none	"< Application, Ldacapo/Slice, slice(Ljava/io/File;Ljava/io/File;I)V >"	[11, 13, 10]
"< Application, Ldacapo/parser/Config, main([Ljava/lang/String;)V >"	4	some(7)	"< Application, Ldacapo/parser/Config, parse(Ljava/lang/String;)Ldacapo/parser/Config; >"	[5]
"< Application, Ldacapo/Callback, start(Ljava/lang/String;Z)V >"	0	some(6)	"< Primordial, Ljava/lang/System, currentTimeMillis()J >"	[]
"< Application, Ldacapo/FileDigest, getText(Ljava/io/File;ZLjava/io/File;)[B >"	9	some(19)	"< Application, Ldacapo/FileDigest, replaceAllFixed(Ljava/lang/String;Ljava/lang/String;Ljava/lang/String;)Ljava/lang/String; >"	[12, 16, 17]
"< Application, Ldacapo/Benchmark, startIteration()V >"	3	none	"< Primordial, Ljava/lang/System, setOut(Ljava/io/PrintStream;)V >"	[5]
"< Application, Ldacapo/TestHarness, main([Ljava/lang/String;)V >"	75	none	"< Primordial, Ljava/lang/System, exit(I)V >"	[89]
"< Application, Ldacapo/parser/SimpleCharStream, ExpandBuff(Z)V >"	21	none	"< Primordial, Ljava/lang/System, arraycopy(Ljava/lang/Object;ILjava/lang/Object;II)V >"	[42, 14, 7, 45, 46]
"< Application, Lantlr/JavaCharFormatter, escapeChar(IZ)Ljava/lang/String; >"	50	some(9)	"< Primordial, Ljava/lang/String, valueOf(C)Ljava/lang/String; >"	[7]
"< Application, Lantlr/CSharpCodeGenerator, genBody(Lantlr/TreeWalkerGrammar;)V >"	79	some(114)	"< Application, Lantlr/StringUtils, stripFrontBack(Ljava/lang/String;Ljava/lang/String;Ljava/lang/String;)Ljava/lang/String; >"	[111, 112, 112]
"< Application, Lantlr/actions/csharp/ActionLexer, <clinit>()V >"	9	some(12)	"< Application, Lantlr/actions/csharp/ActionLexer, mk_tokenSet_2()[J >"	[]
"< Application, Ldacapo/TestHarness, <clinit>()V >"	12	some(11)	"< Application, Ldacapo/TestHarness, twoDecimalPlaces()Ljava/text/DecimalFormat; >"	[]
"< Application, Lantlr/LLkAnalyzer, deterministic(Lantlr/AlternativeBlock;)Z >"	207	some(218)	"< Primordial, Ljava/lang/Math, max(II)I >"	[216, 150]
"< Application, Lantlr/JavaCharFormatter, escapeChar(IZ)Ljava/lang/String; >"	20	some(55)	"< Primordial, Ljava/lang/Integer, toString(II)Ljava/lang/String; >"	[2, 12]
"< Application, Lantlr/Tool, pathToFile(Ljava/lang/String;)Ljava/lang/String; >"	6	some(21)	"< Primordial, Ljava/lang/System, getProperty(Ljava/lang/String;)Ljava/lang/String; >"	[4]
"< Application, Lantlr/LLkAnalyzer, deterministicImpliedPath(Lantlr/BlockWithImpliedExitPath;)Z >"	153	some(176)	"< Primordial, Ljava/lang/Math, max(II)I >"	[174, 117]
"< Application, Lantlr/ANTLRLexer, escapeCharValue(Ljava/lang/String;)I >"	31	some(97)	"< Primordial, Ljava/lang/Character, digit(CI)I >"	[95, 74]
"< Application, Lantlr/actions/java/ActionLexer, <clinit>()V >"	13	some(16)	"< Application, Lantlr/actions/java/ActionLexer, mk_tokenSet_3()[J >"	[]
"< Application, Lantlr/ANTLRLexer, <clinit>()V >"	5	some(8)	"< Application, Lantlr/ANTLRLexer, mk_tokenSet_1()[J >"	[]
"< Application, Lantlr/ANTLRParser, setBlockElement()Lantlr/collections/impl/BitSet; >"	6	some(15)	"< Application, Lantlr/ANTLRLexer, tokenTypeForCharLiteral(Ljava/lang/String;)I >"	[13]
"< Application, Lantlr/actions/cpp/ActionLexer, <clinit>()V >"	37	some(40)	"< Application, Lantlr/actions/cpp/ActionLexer, mk_tokenSet_9()[J >"	[]
"< Application, Lantlr/JavaCodeGenerator, genNextToken()V >"	35	some(28)	"< Application, Lantlr/MakeGrammar, createNextTokenRule(Lantlr/Grammar;Lantlr/collections/impl/Vector;Ljava/lang/String;)Lantlr/RuleBlock; >"	[23, 25, 26]
"< Application, Lantlr/CppCodeGenerator, genErrorTryForElement(Lantlr/AlternativeElement;)V >"	8	some(13)	"< Application, Lantlr/CodeGenerator, encodeLexerRuleName(Ljava/lang/String;)Ljava/lang/String; >"	[11]
"< Application, Lantlr/Tool, error(Ljava/lang/String;Ljava/lang/String;II)V >"	4	some(12)	"< Application, Lantlr/FileLineFormatter, getFormatter()Lantlr/FileLineFormatter; >"	[]
"< Application, Ldacapo/parser/ConfigFile, <clinit>()V >"	0	none	"< Application, Ldacapo/parser/ConfigFile, jj_la1_0()V >"	[]
"< Application, Ldacapo/TestHarness, main([Ljava/lang/String;)V >"	31	none	"< Application, Ldacapo/TestHarness, printUsage()V >"	[]
"< Application, Lantlr/MakeGrammar, beginExceptionSpec(Lantlr/Token;)V >"	2	some(9)	"< Application, Lantlr/StringUtils, stripBack(Ljava/lang/String;Ljava/lang/String;)Ljava/lang/String; >"	[6, 7]
"< Application, Lantlr/DocBookCodeGenerator, genRule(Lantlr/RuleSymbol;)V >"	42	some(70)	"< Application, Lantlr/DocBookCodeGenerator, HTMLEncode(Ljava/lang/String;)Ljava/lang/String; >"	[68]
"< Application, Ldacapo/FileDigest, get(Ljava/lang/String;ZZLjava/io/File;)[B >"	3	some(23)	"< Application, Ldacapo/FileDigest, getText(Ljava/io/File;ZLjava/io/File;)[B >"	[20, 3, 4]
"< Application, Lantlr/DefineGrammarSymbols, refRule(Lantlr/Token;Lantlr/Token;Lantlr/Token;Lantlr/Token;I)V >"	3	some(13)	"< Application, Lantlr/CodeGenerator, encodeLexerRuleName(Ljava/lang/String;)Ljava/lang/String; >"	[9]
"< Application, Lantlr/JavaCharFormatter, escapeChar(IZ)Ljava/lang/String; >"	29	some(44)	"< Primordial, Ljava/lang/Integer, toString(II)Ljava/lang/String; >"	[2, 12]
"< Application, Lantlr/CppCharFormatter, escapeChar(IZ)Ljava/lang/String; >"	19	some(30)	"< Primordial, Ljava/lang/Integer, toString(II)Ljava/lang/String; >"	[2, 28]
"< Application, Lantlr/ANTLRTokdefLexer, <clinit>()V >"	1	some(4)	"< Application, Lantlr/ANTLRTokdefLexer, mk_tokenSet_0()[J >"	[]
"< Application, Lantlr/CSharpCodeGenerator, genBody(Lantlr/TreeWalkerGrammar;)V >"	105	some(155)	"< Application, Lantlr/StringUtils, stripFrontBack(Ljava/lang/String;Ljava/lang/String;Ljava/lang/String;)Ljava/lang/String; >"	[153, 112, 112]
"< Application, Lantlr/CSharpCharFormatter, escapeChar(IZ)Ljava/lang/String; >"	45	some(22)	"< Primordial, Ljava/lang/Integer, toString(II)Ljava/lang/String; >"	[2, 12]
"< Application, Lantlr/MakeGrammar, refCharRange(Lantlr/Token;Lantlr/Token;Lantlr/Token;IZ)V >"	11	some(14)	"< Application, Lantlr/ANTLRLexer, tokenTypeForCharLiteral(Ljava/lang/String;)I >"	[12]
"< Application, Lantlr/MismatchedTokenException, tokenName(I)Ljava/lang/String; >"	9	some(15)	"< Primordial, Ljava/lang/String, valueOf(I)Ljava/lang/String; >"	[2]
"< Application, Lantlr/ANTLRLexer, escapeCharValue(Ljava/lang/String;)I >"	27	some(90)	"< Primordial, Ljava/lang/Character, digit(CI)I >"	[88, 74]
"< Application, Lantlr/CppCharFormatter, escapeChar(IZ)Ljava/lang/String; >"	31	some(9)	"< Primordial, Ljava/lang/String, valueOf(C)Ljava/lang/String; >"	[7]
"< Application, Lantlr/HTMLCodeGenerator, gen(Lantlr/LexerGrammar;)V >"	32	some(48)	"< Application, Lantlr/HTMLCodeGenerator, HTMLEncode(Ljava/lang/String;)Ljava/lang/String; >"	[46]
"< Application, Ldacapo/FileDigest, main([Ljava/lang/String;)V >"	47	some(65)	"< Application, Ldacapo/FileDigest, get(Ljava/lang/String;ZZLjava/io/File;)[B >"	[61, 44, 42, 62]
"< Application, Lantlr/actions/csharp/ActionLexer, <clinit>()V >"	53	some(56)	"< Application, Lantlr/actions/csharp/ActionLexer, mk_tokenSet_13()[J >"	[]
"< Application, Lantlr/CppCodeGenerator, setupGrammarParameters(Lantlr/Grammar;)V >"	132	some(353)	"< Application, Lantlr/StringUtils, stripFrontBack(Ljava/lang/String;Ljava/lang/String;Ljava/lang/String;)Ljava/lang/String; >"	[351, 43, 43]
"< Application, Lantlr/actions/cpp/ActionLexer, <clinit>()V >"	85	some(88)	"< Application, Lantlr/actions/cpp/ActionLexer, mk_tokenSet_21()[J >"	[]
"< Application, Lantlr/CodeGenerator, _printAction(Ljava/lang/String;)V >"	15	some(21)	"< Primordial, Ljava/lang/Character, isSpaceChar(C)Z >"	[19]
"< Application, Ldacapo/TestHarness, <init>(Ljava/io/InputStream;)V >"	1	some(6)	"< Application, Ldacapo/parser/Config, parse(Ljava/io/InputStream;)Ldacapo/parser/Config; >"	[2]
"< Application, Lantlr/CSharpCodeGenerator, genErrorTryForElement(Lantlr/AlternativeElement;)V >"	8	some(13)	"< Application, Lantlr/CodeGenerator, encodeLexerRuleName(Ljava/lang/String;)Ljava/lang/String; >"	[11]
"< Application, Lantlr/BaseAST, xmlSerializeRootOpen(Ljava/io/Writer;)V >"	15	some(33)	"< Application, Lantlr/BaseAST, encode(Ljava/lang/String;)Ljava/lang/String; >"	[31]
"< Application, Lantlr/build/Tool, system(Ljava/lang/String;)V >"	0	some(5)	"< Primordial, Ljava/lang/Runtime, getRuntime()Ljava/lang/Runtime; >"	[]
"< Application, Lantlr/CSharpCharFormatter, escapeChar(IZ)Ljava/lang/String; >"	29	some(44)	"< Primordial, Ljava/lang/Integer, toString(II)Ljava/lang/String; >"	[2, 12]
"< Application, Lantlr/actions/java/ActionLexer, <clinit>()V >"	93	some(96)	"< Application, Lantlr/actions/java/ActionLexer, mk_tokenSet_23()[J >"	[]
"< Application, Lantlr/actions/csharp/ActionLexer, <clinit>()V >"	45	some(48)	"< Application, Lantlr/actions/csharp/ActionLexer, mk_tokenSet_11()[J >"	[]
"< Application, Lantlr/Grammar, getIntegerOption(Ljava/lang/String;)I >"	10	some(15)	"< Primordial, Ljava/lang/Integer, parseInt(Ljava/lang/String;)I >"	[13]
"< Application, Ldacapo/parser/SimpleCharStream, ExpandBuff(Z)V >"	47	none	"< Primordial, Ljava/lang/System, arraycopy(Ljava/lang/Object;ILjava/lang/Object;II)V >"	[66, 14, 13, 69, 70]
"< Application, Lantlr/actions/cpp/ActionLexer, <clinit>()V >"	81	some(84)	"< Application, Lantlr/actions/cpp/ActionLexer, mk_tokenSet_20()[J >"	[]
"< Application, Lantlr/actions/cpp/ActionLexer, <clinit>()V >"	21	some(24)	"< Application, Lantlr/actions/cpp/ActionLexer, mk_tokenSet_5()[J >"	[]
"< Application, Lantlr/actions/cpp/ActionLexer, <clinit>()V >"	17	some(20)	"< Application, Lantlr/actions/cpp/ActionLexer, mk_tokenSet_4()[J >"	[]
"< Application, Lantlr/Tool, setNameSpace(Ljava/lang/String;)V >"	3	some(9)	"< Application, Lantlr/StringUtils, stripFrontBack(Ljava/lang/String;Ljava/lang/String;Ljava/lang/String;)Ljava/lang/String; >"	[2, 7, 7]
"< Application, Ldacapo/FileDigest, main([Ljava/lang/String;)V >"	48	some(67)	"< Application, Ldacapo/Digest, toString([B)Ljava/lang/String; >"	[65]
"< Application, Ldacapo/Benchmark, validate(Ljava/lang/String;)Z >"	36	some(54)	"< Application, Ldacapo/Digest, toString([B)Ljava/lang/String; >"	[52]
"< Application, Ldacapo/parser/Config, parse(Ljava/io/File;)Ldacapo/parser/Config; >"	2	some(9)	"< Application, Ldacapo/parser/Config, parse(Ljava/io/InputStream;)Ldacapo/parser/Config; >"	[3]
"< Application, Ldacapo/TestHarness, main([Ljava/lang/String;)V >"	111	some(127)	"< Primordial, Ljava/lang/Integer, parseInt(Ljava/lang/String;)I >"	[125]
"< Application, Lantlr/actions/cpp/ActionLexer, <clinit>()V >"	5	some(8)	"< Application, Lantlr/actions/cpp/ActionLexer, mk_tokenSet_1()[J >"	[]
"< Application, Lantlr/ANTLRLexer, tokenTypeForCharLiteral(Ljava/lang/String;)I >"	2	some(10)	"< Application, Lantlr/ANTLRLexer, escapeCharValue(Ljava/lang/String;)I >"	[1]
"< Application, Lantlr/actions/java/ActionLexer, <clinit>()V >"	45	some(48)	"< Application, Lantlr/actions/java/ActionLexer, mk_tokenSet_11()[J >"	[]
"< Application, Ldacapo/parser/SimpleCharStream, GetSuffix(I)[C >"	19	none	"< Primordial, Ljava/lang/System, arraycopy(Ljava/lang/Object;ILjava/lang/Object;II)V >"	[8, 13, 4, 14, 17]
"< Application, Ldacapo/parser/SimpleCharStream, ExpandBuff(Z)V >"	28	none	"< Primordial, Ljava/lang/System, arraycopy(Ljava/lang/Object;ILjava/lang/Object;II)V >"	[48, 49, 10, 14, 52]
