"< Application, Ldacapo/TestHarness, main([Ljava/lang/String;)V >"	241	275	java_type_ref("<Application,Ldacapo/TestHarness>")
"< Application, Ldacapo/Benchmark, getURL(Ljava/lang/String;)Ljava/net/URL; >"	0	3	java_type_ref("<Application,Ldacapo/Benchmark>")
"< Application, Ldacapo/TestHarness, runBenchmark(Ljava/io/File;Ljava/lang/String;Ldacapo/TestHarness;)V >"	2	10	java_type_ref("<Application,Ldacapo/parser/Config>")
"< Application, Ldacapo/LatexDescriptions, print([Ljava/lang/String;Ljava/io/PrintStream;)V >"	5	8	java_type_ref("<Application,Ldacapo/LatexDescriptions>")
"< Application, Ldacapo/TestHarness, runBenchmark(Ljava/io/File;Ljava/lang/String;Ldacapo/TestHarness;)V >"	4	12	java_type_ref("<Primordial,Ljava/io/File>")
"< Application, Ldacapo/TestHarness, main([Ljava/lang/String;)V >"	263	300	java_type_ref("<Application,Ldacapo/Benchmark>")
"< Application, Ldacapo/TestHarness, getURL(Ljava/lang/String;)Ljava/net/URL; >"	0	3	java_type_ref("<Application,Ldacapo/TestHarness>")
