"< Application, Lantlr/collections/impl/VectorEnumerator, nextElement()Ljava/lang/Object; >"	18	3
"< Application, Lantlr/collections/impl/VectorEnumeration, hasMoreElements()Z >"	11	3
"< Application, Ldacapo/Benchmark, <init>(Ldacapo/parser/Config;Ljava/io/File;)V >"	16	8
"< Application, Lantlr/debug/InputBufferEventSupport, refresh(Ljava/util/Vector;)V >"	3	2
"< Application, Lantlr/debug/ParserEventSupport, refresh(Ljava/util/Vector;)V >"	6	2
"< Application, Lantlr/collections/impl/VectorEnumerator, hasMoreElements()Z >"	8	3
"< Application, Lantlr/collections/impl/ASTEnumerator, hasMoreNodes()Z >"	12	3
"< Application, Lantlr/debug/ParserEventSupport, fireDoneParsing()V >"	11	1
"< Application, Ldacapo/Benchmark, <init>(Ldacapo/parser/Config;Ljava/io/File;)V >"	19	8
"< Application, Lantlr/collections/impl/VectorEnumeration, nextElement()Ljava/lang/Object; >"	12	3
"< Application, Lantlr/debug/InputBufferEventSupport, fireEvents(ILjava/util/Vector;)V >"	2	1
"< Application, Lantlr/debug/ParserEventSupport, fireDoneParsing()V >"	6	1
"< Application, Lantlr/debug/ParserEventSupport, refresh(Ljava/util/Vector;)V >"	3	2
"< Application, Lantlr/collections/impl/VectorEnumeration, hasMoreElements()Z >"	8	3
"< Application, Lantlr/debug/InputBufferEventSupport, fireEvents(ILjava/util/Vector;)V >"	9	1
"< Application, Lantlr/collections/impl/VectorEnumerator, nextElement()Ljava/lang/Object; >"	12	3
"< Application, Lantlr/collections/impl/ASTEnumerator, nextNode()Lantlr/collections/AST; >"	15	3
"< Application, Lantlr/collections/impl/VectorEnumerator, hasMoreElements()Z >"	11	3
"< Application, Lantlr/collections/impl/ASTEnumerator, nextNode()Lantlr/collections/AST; >"	21	3
"< Application, Lantlr/collections/impl/VectorEnumeration, nextElement()Ljava/lang/Object; >"	18	3
"< Application, Lantlr/debug/InputBufferEventSupport, fireEvents(ILjava/util/Vector;)V >"	6	1
"< Application, Ldacapo/Benchmark, <init>(Ldacapo/parser/Config;Ljava/io/File;)V >"	34	18
"< Application, Lantlr/debug/ParserEventSupport, fireDoneParsing()V >"	14	1
"< Application, Lantlr/collections/impl/ASTEnumerator, hasMoreNodes()Z >"	9	3
"< Application, Lantlr/debug/InputBufferEventSupport, refresh(Ljava/util/Vector;)V >"	6	2
"< Application, Ldacapo/Benchmark, <init>(Ldacapo/parser/Config;Ljava/io/File;)V >"	31	18
