"< Application, LMMTkHarness, harnessEnd()V >"	6	8
"< Application, Lantlr/CharScanner, match(C)V >"	5	8
"< Application, Lantlr/ANTLRLexer, nextToken()Lantlr/Token; >"	139	107
"< Application, Lantlr/actions/cpp/ActionLexer, mAST_ITEM(Z)V >"	149	34
"< Application, Lantlr/ANTLRParser, tokensSpec()V >"	58	71
"< Application, Lantlr/debug/LLkDebuggingParser, matchNot(I)V >"	17	12
"< Application, Lantlr/ASTFactory, setTokenTypeASTNodeType(ILjava/lang/String;)V >"	25	18
"< Application, Lantlr/ANTLRParser, classDef()V >"	58	61
"< Application, Lantlr/ANTLRParser, tokensSpec()V >"	41	83
"< Application, Lantlr/Tool, copyFile(Ljava/lang/String;Ljava/lang/String;)V >"	92	119
"< Application, Lantlr/Parser, addMessageListener(Lantlr/debug/MessageListener;)V >"	4	6
"< Application, Lantlr/actions/csharp/ActionLexer, mTEXT_ARG_ID_ELEMENT(Z)V >"	172	118
"< Application, Lantlr/actions/cpp/ActionLexer, mESC(Z)V >"	87	44
"< Application, Lantlr/actions/csharp/ActionLexer, mARG(Z)V >"	93	119
"< Application, Lantlr/ANTLRLexer, mXDIGIT(Z)V >"	16	12
"< Application, Lantlr/actions/java/ActionLexer, mTREE_ELEMENT(Z)V >"	79	36
"< Application, Lantlr/ANTLRParser, terminal(Lantlr/Token;)V >"	73	8
"< Application, Lantlr/actions/cpp/ActionLexer, mTEXT_ARG_ID_ELEMENT(Z)V >"	92	208
"< Application, Lantlr/actions/cpp/ActionLexer, mAST_CONSTRUCTOR(Z)V >"	97	65
"< Application, Lantlr/actions/cpp/ActionLexer, mACTION(Z)V >"	23	23
"< Application, Lantlr/PreservingFileWriter, <init>(Ljava/lang/String;)V >"	22	69
"< Application, Ldacapo/parser/ConfigFile, jj_consume_token(I)Ldacapo/parser/Token; >"	24	17
"< Application, Lantlr/preprocessor/PreprocessorLexer, mSUBRULE_BLOCK(Z)V >"	82	75
"< Application, Lantlr/ANTLRParser, alternative()V >"	34	30
"< Application, Lantlr/ANTLRParser, ebnf(Lantlr/Token;Z)V >"	54	36
"< Application, Lantlr/actions/java/ActionLexer, mID_ELEMENT(Z)Z >"	164	141
"< Application, Lantlr/collections/impl/Vector, setElementAt(Ljava/lang/Object;I)V >"	13	9
"< Application, Lantlr/actions/java/ActionLexer, mAST_CONSTRUCTOR(Z)V >"	75	101
"< Application, Lantlr/preprocessor/PreprocessorLexer, mID_OR_KEYWORD(Z)V >"	41	88
"< Application, Lantlr/actions/csharp/ActionLexer, mARG(Z)V >"	81	109
"< Application, Lantlr/ANTLRParser, ebnf(Lantlr/Token;Z)V >"	114	75
"< Application, Lantlr/actions/csharp/ActionLexer, mID_ELEMENT(Z)Z >"	153	182
"< Application, Lantlr/actions/csharp/ActionLexer, mCOMMENT(Z)V >"	20	21
"< Application, Lantlr/ANTLRParser, treeParserSpec(Ljava/lang/String;)V >"	62	58
"< Application, Lantlr/Grammar, getIntegerOption(Ljava/lang/String;)I >"	8	16
"< Application, Lantlr/actions/cpp/ActionLexer, mID(Z)V >"	41	61
"< Application, Lantlr/ANTLRParser, elementNoOptionSpec()V >"	110	189
"< Application, Lantlr/preprocessor/Preprocessor, class_def(Ljava/lang/String;Lantlr/preprocessor/Hierarchy;)Lantlr/preprocessor/Grammar; >"	81	81
"< Application, Lantlr/ASTFactory, createUsingCtor(Lantlr/Token;Ljava/lang/String;)Lantlr/collections/AST; >"	28	27
"< Application, Ldacapo/Benchmark, unpackZipFileResource(Ljava/lang/String;Ljava/io/File;)V >"	10	12
"< Application, Lantlr/Parser, addParserListener(Lantlr/debug/ParserListener;)V >"	4	6
"< Application, Lantlr/MakeGrammar, beginTree(Lantlr/Token;)V >"	11	29
"< Application, Lantlr/Parser, removeMessageListener(Lantlr/debug/MessageListener;)V >"	4	6
"< Application, Lantlr/actions/csharp/ActionLexer, mESC(Z)V >"	64	70
"< Application, Lantlr/actions/java/ActionLexer, nextToken()Lantlr/Token; >"	41	43
"< Application, Lantlr/ANTLRParser, parserSpec(Ljava/lang/String;)V >"	29	12
"< Application, Lantlr/actions/csharp/ActionLexer, mID_ELEMENT(Z)Z >"	219	114
"< Application, Ldacapo/Benchmark, <init>(Ldacapo/parser/Config;Ljava/io/File;)V >"	35	26
"< Application, Lantlr/actions/csharp/ActionLexer, mTEXT_ARG_ELEMENT(Z)V >"	22	12
"< Application, Lantlr/actions/java/ActionLexer, mAST_CONSTRUCTOR(Z)V >"	133	165
"< Application, Lantlr/actions/java/ActionLexer, mCOMMENT(Z)V >"	20	21
"< Application, Lantlr/ANTLRLexer, mSL_COMMENT(Z)V >"	31	31
"< Application, Lantlr/actions/java/ActionLexer, mAST_CONSTRUCTOR(Z)V >"	22	19
"< Application, Lantlr/Tool, copyFile(Ljava/lang/String;Ljava/lang/String;)V >"	25	97
"< Application, Lantlr/actions/csharp/ActionLexer, mTEXT_ITEM(Z)V >"	32	313
"< Application, Lantlr/actions/java/ActionLexer, mTREE(Z)V >"	50	54
"< Application, Lantlr/preprocessor/PreprocessorLexer, mESC(Z)V >"	68	76
"< Application, Lantlr/ANTLRParser, terminal(Lantlr/Token;)V >"	41	45
"< Application, Ldacapo/parser/ConfigFile, descId()Ljava/lang/String; >"	31	14
"< Application, Lantlr/actions/csharp/ActionLexer, mTEXT_ITEM(Z)V >"	90	251
"< Application, Lantlr/actions/java/ActionLexer, mTEXT_ARG_ELEMENT(Z)V >"	22	12
"< Application, Lantlr/actions/java/ActionLexer, mID_ELEMENT(Z)Z >"	29	29
"< Application, Lantlr/ANTLRLexer, mNESTED_ACTION(Z)V >"	42	91
"< Application, Lantlr/preprocessor/PreprocessorLexer, mNEWLINE(Z)V >"	26	21
"< Application, Lantlr/actions/java/ActionLexer, mID_ELEMENT(Z)Z >"	224	47
"< Application, Lantlr/ANTLRParser, classDef()V >"	30	25
"< Application, Lantlr/preprocessor/Preprocessor, class_def(Ljava/lang/String;Lantlr/preprocessor/Hierarchy;)Lantlr/preprocessor/Grammar; >"	68	65
"< Application, Lantlr/Parser, matchNot(I)V >"	7	8
"< Application, Lantlr/actions/csharp/ActionLexer, mID_ELEMENT(Z)Z >"	233	102
"< Application, Ldacapo/parser/ConfigFile, sizeClause(Ldacapo/parser/Config;Ljava/lang/String;)V >"	63	18
"< Application, Lantlr/TreeParser, match(Lantlr/collections/AST;I)V >"	8	9
"< Application, Lantlr/actions/cpp/ActionLexer, mID_ELEMENT(Z)Z >"	29	29
"< Application, Lantlr/actions/java/ActionLexer, mID_ELEMENT(Z)Z >"	203	97
"< Application, Lantlr/actions/cpp/ActionLexer, mTEXT_ARG_ID_ELEMENT(Z)V >"	184	57
"< Application, Lantlr/actions/csharp/ActionLexer, mTREE(Z)V >"	101	152
"< Application, Lantlr/actions/cpp/ActionLexer, mTEXT_ITEM(Z)V >"	229	61
"< Application, Lantlr/actions/cpp/ActionLexer, mTEXT_ITEM(Z)V >"	142	190
"< Application, Lantlr/collections/impl/VectorEnumerator, nextElement()Ljava/lang/Object; >"	16	7
"< Application, Lantlr/actions/csharp/ActionLexer, mARG(Z)V >"	64	99
"< Application, Lantlr/preprocessor/PreprocessorLexer, mESC(Z)V >"	104	14
"< Application, Lantlr/actions/cpp/ActionLexer, mTEXT_ITEM(Z)V >"	18	309
"< Application, Lantlr/actions/cpp/ActionLexer, nextToken()Lantlr/Token; >"	45	39
"< Application, Lantlr/CharBuffer, fill(I)V >"	16	16
"< Application, Lantlr/preprocessor/PreprocessorLexer, mESC(Z)V >"	91	51
"< Application, Lantlr/actions/cpp/ActionLexer, mAST_CONSTRUCTOR(Z)V >"	22	19
"< Application, Lantlr/actions/java/ActionLexer, mARG(Z)V >"	64	99
"< Application, Lantlr/ANTLRParser, parserSpec(Ljava/lang/String;)V >"	78	77
"< Application, Lantlr/actions/java/ActionLexer, mARG(Z)V >"	93	119
"< Application, Lantlr/actions/java/ActionLexer, mID_ELEMENT(Z)Z >"	114	246
"< Application, Lantlr/collections/impl/ASTEnumerator, nextNode()Lantlr/collections/AST; >"	19	8
"< Application, Lantlr/ANTLRParser, ebnf(Lantlr/Token;Z)V >"	87	89
"< Application, Lantlr/Parser, addSyntacticPredicateListener(Lantlr/debug/SyntacticPredicateListener;)V >"	4	6
"< Application, Lantlr/actions/csharp/ActionLexer, mAST_CONSTRUCTOR(Z)V >"	163	147
"< Application, Lantlr/debug/InputBufferEventSupport, fireEvents(ILjava/util/Vector;)V >"	10	22
"< Application, Lantlr/debug/ParserEventSupport, refresh(Ljava/util/Vector;)V >"	7	7
"< Application, Lantlr/preprocessor/Preprocessor, rule(Lantlr/preprocessor/Grammar;)V >"	62	70
"< Application, Lantlr/ANTLRLexer, mESC(Z)V >"	104	14
"< Application, Lantlr/ANTLRParser, setBlockElement()Lantlr/collections/impl/BitSet; >"	37	22
"< Application, Lantlr/preprocessor/PreprocessorLexer, mSUBRULE_BLOCK(Z)V >"	68	132
"< Application, Lantlr/ANTLRParser, rule()V >"	99	100
"< Application, Lantlr/actions/java/ActionLexer, mTEXT_ARG_ID_ELEMENT(Z)V >"	29	29
"< Application, Lantlr/Parser, removeParserListener(Lantlr/debug/ParserListener;)V >"	4	6
"< Application, Lantlr/ANTLRParser, elementNoOptionSpec()V >"	54	163
"< Application, Lantlr/actions/cpp/ActionLexer, mID_ELEMENT(Z)Z >"	247	96
"< Application, Lantlr/ANTLRParser, rule()V >"	148	158
"< Application, Lantlr/ANTLRTokdefLexer, mESC(Z)V >"	52	99
"< Application, Lantlr/ANTLRParser, optionValue()Lantlr/Token; >"	26	7
"< Application, Lantlr/Parser, removeTraceListener(Lantlr/debug/TraceListener;)V >"	4	6
"< Application, Lantlr/ANTLRParser, rootNode()V >"	26	26
"< Application, Lantlr/actions/csharp/ActionLexer, nextToken()Lantlr/Token; >"	45	39
"< Application, Lantlr/actions/cpp/ActionLexer, mTREE_ELEMENT(Z)V >"	88	36
"< Application, Lantlr/actions/cpp/ActionLexer, mTREE(Z)V >"	101	152
"< Application, Lantlr/ANTLRParser, range(Lantlr/Token;)V >"	67	42
"< Application, Lantlr/actions/java/ActionLexer, nextToken()Lantlr/Token; >"	20	24
"< Application, Lantlr/actions/java/ActionLexer, mAST_CONSTRUCTOR(Z)V >"	155	191
"< Application, Lantlr/actions/cpp/ActionLexer, mSTUFF(Z)V >"	65	48
"< Application, Lantlr/actions/csharp/ActionLexer, mTEXT_ITEM(Z)V >"	258	78
"< Application, Lantlr/CharScanner, matchRange(CC)V >"	7	11
"< Application, Lantlr/ANTLRLexer, mESC(Z)V >"	68	76
"< Application, Lantlr/actions/cpp/ActionLexer, mTREE(Z)V >"	26	25
"< Application, Lantlr/actions/csharp/ActionLexer, mTEXT_ITEM(Z)V >"	236	92
"< Application, Lantlr/preprocessor/PreprocessorLexer, mRULE_BLOCK(Z)V >"	28	29
"< Application, Lantlr/actions/csharp/ActionLexer, mAST_CTOR_ELEMENT(Z)V >"	36	40
"< Application, Lantlr/ASTFactory, create(Ljava/lang/String;)Lantlr/collections/AST; >"	10	8
"< Application, Lantlr/ANTLRParser, alternative()V >"	12	6
"< Application, Lantlr/Parser, removeSyntacticPredicateListener(Lantlr/debug/SyntacticPredicateListener;)V >"	4	6
"< Application, Lantlr/Tool, copyFile(Ljava/lang/String;Ljava/lang/String;)V >"	62	36
"< Application, Lantlr/actions/csharp/ActionLexer, mAST_ITEM(Z)V >"	36	97
"< Application, Lantlr/preprocessor/Preprocessor, class_def(Ljava/lang/String;Lantlr/preprocessor/Hierarchy;)Lantlr/preprocessor/Grammar; >"	52	53
"< Application, Lantlr/actions/cpp/ActionLexer, mARG(Z)V >"	32	32
"< Application, Lantlr/debug/misc/JTreeASTModel, getIndexOfChild(Ljava/lang/Object;Ljava/lang/Object;)I >"	4	22
"< Application, Lantlr/actions/java/ActionLexer, mTEXT_ARG_ID_ELEMENT(Z)V >"	161	135
"< Application, Lantlr/debug/misc/JTreeASTModel, getChild(Ljava/lang/Object;I)Ljava/lang/Object; >"	7	16
"< Application, Lantlr/ANTLRParser, rule()V >"	45	28
"< Application, Lantlr/actions/cpp/ActionLexer, mTEXT_ARG_ID_ELEMENT(Z)V >"	156	123
"< Application, Lantlr/ANTLRTokdefLexer, mID(Z)V >"	14	12
"< Application, Lantlr/ANTLRParser, rule()V >"	82	83
"< Application, Lantlr/ANTLRTokdefLexer, mESC(Z)V >"	100	14
"< Application, Lantlr/actions/cpp/ActionLexer, mTEXT_ITEM(Z)V >"	120	204
"< Application, Lantlr/actions/cpp/ActionLexer, mID_ELEMENT(Z)Z >"	81	234
"< Application, Lantlr/actions/java/ActionLexer, nextToken()Lantlr/Token; >"	33	35
"< Application, Lantlr/ANTLRTokdefLexer, mXDIGIT(Z)V >"	16	12
"< Application, Lantlr/actions/java/ActionLexer, mTEXT_ITEM(Z)V >"	275	43
"< Application, Lantlr/actions/csharp/ActionLexer, mTEXT_ARG(Z)V >"	13	12
"< Application, Lantlr/actions/csharp/ActionLexer, nextToken()Lantlr/Token; >"	33	35
"< Application, Lantlr/actions/csharp/ActionLexer, mID(Z)V >"	16	12
"< Application, Lantlr/actions/csharp/ActionLexer, mTEXT_ARG_ID_ELEMENT(Z)V >"	29	29
"< Application, Lantlr/actions/csharp/ActionLexer, mID_ELEMENT(Z)Z >"	66	218
"< Application, Lantlr/actions/csharp/ActionLexer, mID_ELEMENT(Z)Z >"	88	301
"< Application, Lantlr/actions/csharp/ActionLexer, mTREE(Z)V >"	75	142
"< Application, Lantlr/ANTLRParser, ebnf(Lantlr/Token;Z)V >"	102	115
"< Application, Lantlr/actions/cpp/ActionLexer, mTEXT_ARG(Z)V >"	45	79
"< Application, Lantlr/preprocessor/PreprocessorLexer, mXDIGIT(Z)V >"	16	12
"< Application, Lantlr/ANTLRLexer, mINT(Z)V >"	17	20
"< Application, Lantlr/actions/csharp/ActionLexer, mID_ELEMENT(Z)Z >"	114	266
"< Application, Lantlr/PreservingFileWriter, <init>(Ljava/lang/String;)V >"	48	41
"< Application, Lantlr/actions/cpp/ActionLexer, mAST_CONSTRUCTOR(Z)V >"	67	84
"< Application, Lantlr/actions/java/ActionLexer, mTEXT_ITEM(Z)V >"	32	313
"< Application, Lantlr/ANTLRParser, ast_type_spec()I >"	17	6
"< Application, Lantlr/actions/csharp/ActionLexer, mTEXT_ARG_ID_ELEMENT(Z)V >"	189	47
"< Application, Lantlr/actions/cpp/ActionLexer, mTREE(Z)V >"	52	57
"< Application, Lantlr/actions/csharp/ActionLexer, mESC(Z)V >"	94	14
"< Application, Lantlr/actions/csharp/ActionLexer, mINT_OR_FLOAT(Z)V >"	21	26
"< Application, Lantlr/actions/java/ActionLexer, mTEXT_ARG(Z)V >"	13	12
"< Application, Lantlr/actions/cpp/ActionLexer, mTEXT_ARG(Z)V >"	54	55
"< Application, Lantlr/actions/java/ActionLexer, mAST_CONSTRUCTOR(Z)V >"	163	147
"< Application, Lantlr/actions/cpp/ActionLexer, mTEXT_ARG_ID_ELEMENT(Z)V >"	145	143
"< Application, Lantlr/actions/csharp/ActionLexer, mINT(Z)V >"	17	20
"< Application, Ldacapo/parser/ConfigFileTokenManager, getNextToken()Ldacapo/parser/Token; >"	184	151
"< Application, Lantlr/actions/java/ActionLexer, mTEXT_ITEM(Z)V >"	90	251
"< Application, Lantlr/ANTLRParser, rule()V >"	15	9
"< Application, Lantlr/actions/java/ActionLexer, mINT_OR_FLOAT(Z)V >"	64	60
"< Application, Lantlr/collections/impl/Vector, elementAt(I)Ljava/lang/Object; >"	13	20
"< Application, Lantlr/ANTLRParser, grammar()V >"	37	32
"< Application, Lantlr/actions/cpp/ActionLexer, nextToken()Lantlr/Token; >"	41	43
"< Application, Lantlr/preprocessor/PreprocessorLexer, mCOMMENT(Z)V >"	20	21
"< Application, Lantlr/preprocessor/PreprocessorLexer, mID_OR_KEYWORD(Z)V >"	53	101
"< Application, Lantlr/actions/csharp/ActionLexer, mTEXT_ARG(Z)V >"	45	79
"< Application, Lantlr/actions/java/ActionLexer, mCHAR(Z)V >"	19	21
"< Application, Lantlr/actions/java/ActionLexer, mINT_OR_FLOAT(Z)V >"	21	26
"< Application, Lantlr/actions/java/ActionLexer, mID_ELEMENT(Z)Z >"	88	281
"< Application, Lantlr/ANTLRLexer, mCHAR_LITERAL(Z)V >"	19	21
"< Application, Lantlr/ANTLRTokdefLexer, mESC(Z)V >"	87	51
"< Application, Lantlr/actions/java/ActionLexer, mTEXT_ARG(Z)V >"	54	55
"< Application, Lantlr/ANTLRParser, elementNoOptionSpec()V >"	158	51
"< Application, Lantlr/actions/cpp/ActionLexer, mARG(Z)V >"	52	87
"< Application, Lantlr/actions/csharp/ActionLexer, mTREE_ELEMENT(Z)V >"	88	36
"< Application, Lantlr/collections/impl/ASTEnumerator, hasMoreNodes()Z >"	13	11
"< Application, Lantlr/actions/csharp/ActionLexer, mTEXT_ARG_ID_ELEMENT(Z)V >"	144	128
"< Application, Lantlr/actions/csharp/ActionLexer, mID_ELEMENT(Z)Z >"	164	162
"< Application, Lantlr/ANTLRParser, tokensSpec()V >"	63	65
"< Application, Lantlr/debug/misc/JTreeASTModel, isLeaf(Ljava/lang/Object;)Z >"	3	11
"< Application, Lantlr/actions/csharp/ActionLexer, mTREE(Z)V >"	26	25
"< Application, Ldacapo/parser/ConfigFile, digestOption(Ldacapo/parser/Config;Ljava/lang/String;Ljava/lang/String;)V >"	25	17
"< Application, Lantlr/debug/DebuggingCharScanner, matchRange(CC)V >"	27	9
"< Application, Lantlr/actions/cpp/ActionLexer, mTEXT_ITEM(Z)V >"	262	36
"< Application, Lantlr/actions/java/ActionLexer, mTEXT_ITEM(Z)V >"	258	78
"< Application, Lantlr/actions/java/ActionLexer, mSL_COMMENT(Z)V >"	38	39
"< Application, Lantlr/actions/cpp/ActionLexer, mAST_ITEM(Z)V >"	36	97
"< Application, Lantlr/actions/java/ActionLexer, mWS(Z)V >"	37	39
"< Application, Lantlr/preprocessor/PreprocessorLexer, mSUBRULE_BLOCK(Z)V >"	24	29
"< Application, Lantlr/Parser, addParserTokenListener(Lantlr/debug/ParserTokenListener;)V >"	4	6
"< Application, Lantlr/ANTLRParser, lexerSpec(Ljava/lang/String;)V >"	27	24
"< Application, Lantlr/ANTLRParser, range(Lantlr/Token;)V >"	19	79
"< Application, Lantlr/actions/cpp/ActionLexer, mID_ELEMENT(Z)Z >"	179	160
"< Application, Lantlr/actions/csharp/ActionLexer, mTEXT_ARG_ID_ELEMENT(Z)V >"	66	173
"< Application, Lantlr/debug/InputBufferEventSupport, refresh(Ljava/util/Vector;)V >"	7	7
"< Application, Lantlr/ANTLRTokdefLexer, mWS(Z)V >"	23	12
"< Application, Lantlr/actions/java/ActionLexer, mAST_ITEM(Z)V >"	92	34
"< Application, Lantlr/preprocessor/Preprocessor, rule(Lantlr/preprocessor/Grammar;)V >"	26	32
"< Application, Lantlr/preprocessor/PreprocessorLexer, mID(Z)V >"	16	12
"< Application, Lantlr/debug/ParserEventSupport, fireEvent(ILantlr/debug/ListenerBase;)V >"	72	5
"< Application, Lantlr/Parser, addParserMatchListener(Lantlr/debug/ParserMatchListener;)V >"	4	6
"< Application, Lantlr/actions/java/ActionLexer, mSTUFF(Z)V >"	54	42
"< Application, Lantlr/actions/java/ActionLexer, mTEXT_ITEM(Z)V >"	171	163
"< Application, Lantlr/actions/cpp/ActionLexer, mID_ELEMENT(Z)Z >"	129	282
"< Application, Lantlr/ANTLRTokdefLexer, mINT(Z)V >"	17	20
"< Application, Lantlr/ANTLRTokdefLexer, nextToken()Lantlr/Token; >"	50	47
"< Application, Lantlr/ANTLRLexer, mCOMMENT(Z)V >"	22	21
"< Application, Lantlr/build/Tool, class$(Ljava/lang/String;)Ljava/lang/Class; >"	6	6
"< Application, Lantlr/ANTLRParser, lexerSpec(Ljava/lang/String;)V >"	65	76
"< Application, Lantlr/actions/java/ActionLexer, mESC(Z)V >"	87	44
"< Application, Lantlr/preprocessor/PreprocessorLexer, mWS(Z)V >"	25	28
"< Application, Lantlr/actions/csharp/ActionLexer, mTREE(Z)V >"	52	57
"< Application, Lantlr/debug/misc/JTreeASTModel, getIndexOfChild(Ljava/lang/Object;Ljava/lang/Object;)I >"	10	19
"< Application, Lantlr/actions/csharp/ActionLexer, mTEXT_ITEM(Z)V >"	204	129
"< Application, Lantlr/actions/cpp/ActionLexer, mID_ELEMENT(Z)Z >"	255	58
"< Application, Lantlr/ANTLRTokdefParser, setTool(Lantlr/Tool;)V >"	6	6
"< Application, Lantlr/actions/cpp/ActionLexer, mESC(Z)V >"	64	70
"< Application, Lantlr/actions/csharp/ActionLexer, mWS(Z)V >"	37	39
"< Application, Lantlr/CharScanner, match(Lantlr/collections/impl/BitSet;)V >"	6	11
"< Application, Lantlr/actions/cpp/ActionLexer, mTEXT_ITEM(Z)V >"	55	272
"< Application, Lantlr/Parser, removeParserMatchListener(Lantlr/debug/ParserMatchListener;)V >"	4	6
"< Application, Lantlr/ANTLRParser, treeParserSpec(Ljava/lang/String;)V >"	31	36
"< Application, Lantlr/actions/java/ActionLexer, mTEXT_ARG(Z)V >"	45	79
"< Application, Lantlr/actions/java/ActionLexer, mTEXT_ITEM(Z)V >"	133	200
"< Application, Lantlr/ANTLRParser, lexerSpec(Ljava/lang/String;)V >"	32	8
"< Application, Lantlr/actions/java/ActionLexer, mID(Z)V >"	16	12
"< Application, Lantlr/ANTLRParser, grammar()V >"	59	52
"< Application, Lantlr/actions/cpp/ActionLexer, mTREE(Z)V >"	75	142
"< Application, Lantlr/ANTLRLexer, mESC(Z)V >"	91	51
"< Application, Lantlr/ANTLRParser, exceptionGroup()V >"	16	15
"< Application, Lantlr/Parser, removeParserTokenListener(Lantlr/debug/ParserTokenListener;)V >"	4	6
"< Application, Lantlr/preprocessor/PreprocessorLexer, mCHAR_LITERAL(Z)V >"	19	21
"< Application, Lantlr/actions/java/ActionLexer, mARG(Z)V >"	81	109
"< Application, Lantlr/collections/impl/VectorEnumeration, nextElement()Ljava/lang/Object; >"	16	7
"< Application, Lantlr/preprocessor/Preprocessor, setTool(Lantlr/Tool;)V >"	6	6
"< Application, Lantlr/debug/DebuggingCharScanner, match(Lantlr/collections/impl/BitSet;)V >"	17	11
"< Application, Lantlr/ANTLRParser, elementNoOptionSpec()V >"	87	228
"< Application, Lantlr/ANTLRParser, notTerminal(Lantlr/Token;)V >"	16	33
"< Application, Lantlr/ANTLRLexer, nextToken()Lantlr/Token; >"	114	92
"< Application, Lantlr/TokenStreamSelector, getStream(Ljava/lang/String;)Lantlr/TokenStream; >"	12	9
"< Application, Lantlr/actions/cpp/ActionLexer, mESC(Z)V >"	52	93
"< Application, Lantlr/actions/java/ActionLexer, mTEXT_ARG_ID_ELEMENT(Z)V >"	100	208
"< Application, Lantlr/actions/cpp/ActionLexer, mINT_OR_FLOAT(Z)V >"	21	26
"< Application, Lantlr/preprocessor/Preprocessor, class_def(Ljava/lang/String;Lantlr/preprocessor/Hierarchy;)Lantlr/preprocessor/Grammar; >"	95	103
"< Application, Lantlr/actions/cpp/ActionLexer, nextToken()Lantlr/Token; >"	33	35
"< Application, Lantlr/actions/cpp/ActionLexer, mTEXT_ARG(Z)V >"	13	12
"< Application, Lantlr/actions/cpp/ActionLexer, mTEXT_ARG_ID_ELEMENT(Z)V >"	128	133
"< Application, Lantlr/debug/DebuggingCharScanner, matchNot(C)V >"	15	8
"< Application, Lantlr/preprocessor/Preprocessor, grammarFile(Lantlr/preprocessor/Hierarchy;Ljava/lang/String;)V >"	17	21
"< Application, Lantlr/actions/java/ActionLexer, mARG(Z)V >"	40	40
"< Application, Lantlr/collections/impl/Vector, elementAt(I)Ljava/lang/Object; >"	22	9
"< Application, Lantlr/preprocessor/Preprocessor, rule(Lantlr/preprocessor/Grammar;)V >"	38	43
"< Application, Lantlr/actions/csharp/ActionLexer, mAST_ITEM(Z)V >"	147	34
"< Application, Lantlr/ANTLRParser, elementNoOptionSpec()V >"	210	100
"< Application, Lantlr/ANTLRParser, lexerSpec(Ljava/lang/String;)V >"	50	63
"< Application, Lantlr/ANTLRParser, tokensSpec()V >"	25	77
"< Application, Lantlr/actions/csharp/ActionLexer, mTEXT_ITEM(Z)V >"	171	163
"< Application, Lantlr/actions/cpp/ActionLexer, mTEXT_ITEM(Z)V >"	177	122
"< Application, Lantlr/actions/java/ActionLexer, mAST_CONSTRUCTOR(Z)V >"	109	83
"< Application, Lantlr/ANTLRParser, terminal(Lantlr/Token;)V >"	16	71
"< Application, Lantlr/ASTFactory, class$(Ljava/lang/String;)Ljava/lang/Class; >"	6	6
"< Application, Lantlr/ANTLRParser, superClass()Ljava/lang/String; >"	17	17
"< Application, Lantlr/debug/InputBufferEventSupport, fireEvent(ILantlr/debug/ListenerBase;)V >"	25	5
"< Application, LMMTkHarness, <init>()V >"	17	22
"< Application, Lantlr/actions/java/ActionLexer, mID_ELEMENT(Z)Z >"	153	161
"< Application, Lantlr/ANTLRParser, rule()V >"	119	127
"< Application, Lantlr/ANTLRLexer, nextToken()Lantlr/Token; >"	135	111
"< Application, Lantlr/preprocessor/PreprocessorLexer, nextToken()Lantlr/Token; >"	83	61
"< Application, Lantlr/actions/csharp/ActionLexer, mINT_OR_FLOAT(Z)V >"	64	60
"< Application, Lantlr/actions/java/ActionLexer, mTREE(Z)V >"	26	25
"< Application, Lantlr/ANTLRParser, ebnf(Lantlr/Token;Z)V >"	25	53
"< Application, Lantlr/actions/java/ActionLexer, mTEXT_ARG_ID_ELEMENT(Z)V >"	186	47
"< Application, Lantlr/actions/csharp/ActionLexer, nextToken()Lantlr/Token; >"	41	43
"< Application, Lantlr/actions/java/ActionLexer, mTEXT_ARG_ID_ELEMENT(Z)V >"	144	125
"< Application, Lantlr/actions/java/ActionLexer, mTEXT_ITEM(Z)V >"	236	92
"< Application, Lantlr/collections/impl/LList, elementAt(I)Ljava/lang/Object; >"	11	12
"< Application, Lantlr/actions/java/ActionLexer, mTEXT_ITEM(Z)V >"	204	129
"< Application, Lantlr/PreservingFileWriter, <init>(Ljava/lang/String;)V >"	33	55
"< Application, Lantlr/Parser, match(I)V >"	7	8
"< Application, Lantlr/actions/cpp/ActionLexer, mINT(Z)V >"	17	20
"< Application, Lantlr/preprocessor/PreprocessorLexer, mESC(Z)V >"	56	99
"< Application, Lantlr/ANTLRLexer, mWS(Z)V >"	30	21
"< Application, Lantlr/preprocessor/PreprocessorLexer, nextToken()Lantlr/Token; >"	79	65
"< Application, Lantlr/Parser, match(Lantlr/collections/impl/BitSet;)V >"	8	11
"< Application, Lantlr/ANTLRParser, exceptionSpec()V >"	14	9
"< Application, Lantlr/ANTLRParser, range(Lantlr/Token;)V >"	46	16
"< Application, Lantlr/debug/DebuggingCharScanner, match(C)V >"	15	8
"< Application, Lantlr/preprocessor/PreprocessorLexer, mRULE_BLOCK(Z)V >"	91	126
"< Application, Lantlr/preprocessor/PreprocessorLexer, nextToken()Lantlr/Token; >"	57	46
"< Application, Lantlr/debug/misc/JTreeASTModel, getChildCount(Ljava/lang/Object;)I >"	3	15
"< Application, Lantlr/actions/java/ActionLexer, mINT(Z)V >"	17	20
"< Application, Lantlr/preprocessor/Preprocessor, rule(Lantlr/preprocessor/Grammar;)V >"	85	92
"< Application, Lantlr/actions/cpp/ActionLexer, nextToken()Lantlr/Token; >"	20	24
"< Application, Lantlr/ANTLRParser, rules()V >"	17	19
"< Application, Lantlr/actions/java/ActionLexer, mESC(Z)V >"	64	70
"< Application, Lantlr/actions/csharp/ActionLexer, mID_ELEMENT(Z)Z >"	136	172
"< Application, Lantlr/actions/csharp/ActionLexer, mTEXT_ARG_ID_ELEMENT(Z)V >"	161	138
"< Application, Lantlr/debug/DebuggingCharScanner, match(Ljava/lang/String;)V >"	26	20
"< Application, Ldacapo/parser/SimpleCharStream, FillBuff()V >"	60	37
"< Application, Lantlr/ANTLRLexer, nextToken()Lantlr/Token; >"	127	103
"< Application, Lantlr/ANTLRParser, parserSpec(Ljava/lang/String;)V >"	62	68
"< Application, Lantlr/ANTLRParser, parserSpec(Ljava/lang/String;)V >"	47	55
"< Application, Lantlr/actions/csharp/ActionLexer, mAST_CONSTRUCTOR(Z)V >"	22	19
"< Application, Lantlr/ANTLRParser, classDef()V >"	15	7
"< Application, Lantlr/preprocessor/Preprocessor, rule(Lantlr/preprocessor/Grammar;)V >"	13	10
"< Application, Lantlr/actions/cpp/ActionLexer, mCHAR(Z)V >"	19	21
"< Application, Lantlr/actions/cpp/ActionLexer, mSL_COMMENT(Z)V >"	38	39
"< Application, Lantlr/ANTLRTokdefLexer, mSL_COMMENT(Z)V >"	25	22
"< Application, Lantlr/ANTLRParser, id()Lantlr/Token; >"	18	7
"< Application, Lantlr/preprocessor/PreprocessorLexer, mRULE_BLOCK(Z)V >"	74	116
"< Application, Lantlr/actions/csharp/ActionLexer, mAST_CONSTRUCTOR(Z)V >"	75	101
"< Application, Lantlr/actions/csharp/ActionLexer, mAST_CONSTRUCTOR(Z)V >"	109	83
"< Application, Ldacapo/parser/SimpleCharStream, FillBuff()V >"	46	35
"< Application, Lantlr/ANTLRParser, elementNoOptionSpec()V >"	242	28
"< Application, Lantlr/Tool, copyFile(Ljava/lang/String;Ljava/lang/String;)V >"	15	108
"< Application, Lantlr/actions/cpp/ActionLexer, mARG(Z)V >"	81	107
"< Application, Lantlr/TreeParser, match(Lantlr/collections/AST;Lantlr/collections/impl/BitSet;)V >"	9	12
"< Application, Lantlr/ANTLRParser, elementNoOptionSpec()V >"	191	129
"< Application, Lantlr/ANTLRTokdefLexer, nextToken()Lantlr/Token; >"	71	66
"< Application, Lantlr/actions/cpp/ActionLexer, mID_ELEMENT(Z)Z >"	50	192
"< Application, Lantlr/actions/cpp/ActionLexer, mTEXT_ITEM(Z)V >"	88	238
"< Application, Lantlr/CharScanner, match(Ljava/lang/String;)V >"	10	15
"< Application, Lantlr/ANTLRParser, elementNoOptionSpec()V >"	73	213
"< Application, Lantlr/actions/cpp/ActionLexer, mAST_CONSTRUCTOR(Z)V >"	44	46
"< Application, Lantlr/collections/impl/LList, top()Ljava/lang/Object; >"	4	7
"< Application, Lantlr/debug/ParserEventSupport, fireDoneParsing()V >"	15	28
"< Application, Lantlr/actions/java/ActionLexer, mTEXT_ARG_ID_ELEMENT(Z)V >"	172	115
"< Application, Ldacapo/parser/ConfigFile, configFile()Ldacapo/parser/Config; >"	18	23
"< Application, Lantlr/debug/misc/JTreeASTModel, <init>(Lantlr/collections/AST;)V >"	5	6
"< Application, Lantlr/actions/csharp/ActionLexer, mACTION(Z)V >"	23	23
"< Application, Lantlr/actions/cpp/ActionLexer, mTEXT_ARG_ID_ELEMENT(Z)V >"	29	29
"< Application, Lantlr/ANTLRParser, elementNoOptionSpec()V >"	177	113
"< Application, Lantlr/actions/csharp/ActionLexer, mTEXT_ARG_ID_ELEMENT(Z)V >"	100	211
"< Application, Lantlr/actions/csharp/ActionLexer, mAST_CONSTRUCTOR(Z)V >"	133	165
"< Application, Lantlr/actions/cpp/ActionLexer, mAST_CTOR_ELEMENT(Z)V >"	32	36
"< Application, Lantlr/ANTLRParser, range(Lantlr/Token;)V >"	81	8
"< Application, Lantlr/preprocessor/Preprocessor, class_def(Ljava/lang/String;Lantlr/preprocessor/Hierarchy;)Lantlr/preprocessor/Grammar; >"	34	109
"< Application, Lantlr/TokenStreamSelector, retry()V >"	2	3
"< Application, Lantlr/preprocessor/Preprocessor, class_def(Ljava/lang/String;Lantlr/preprocessor/Hierarchy;)Lantlr/preprocessor/Grammar; >"	12	12
"< Application, Lantlr/collections/impl/VectorEnumerator, nextElement()Ljava/lang/Object; >"	19	16
"< Application, Lantlr/preprocessor/PreprocessorLexer, mRULE_BLOCK(Z)V >"	45	48
"< Application, Ldacapo/parser/SimpleCharStream, ExpandBuff(Z)V >"	88	78
"< Application, Lantlr/ANTLRParser, element()V >"	10	7
"< Application, Lantlr/actions/csharp/ActionLexer, mCHAR(Z)V >"	19	21
"< Application, Lantlr/actions/csharp/ActionLexer, mARG(Z)V >"	40	40
"< Application, Lantlr/actions/csharp/ActionLexer, mAST_CONSTRUCTOR(Z)V >"	155	191
"< Application, Lantlr/Parser, setDebugMode(Z)V >"	4	6
"< Application, Lantlr/Parser, addTraceListener(Lantlr/debug/TraceListener;)V >"	4	6
"< Application, Lantlr/preprocessor/PreprocessorLexer, mSUBRULE_BLOCK(Z)V >"	45	122
"< Application, Lantlr/ANTLRParser, rule()V >"	60	66
"< Application, Lantlr/ANTLRTokdefLexer, mESC(Z)V >"	64	76
"< Application, Lantlr/debug/misc/JTreeASTModel, getIndexOfChild(Ljava/lang/Object;Ljava/lang/Object;)I >"	21	16
"< Application, Lantlr/ANTLRParser, tree()V >"	26	27
"< Application, Lantlr/preprocessor/PreprocessorLexer, mELEMENT(Z)V >"	29	18
"< Application, Lantlr/actions/csharp/ActionLexer, mTEXT_ITEM(Z)V >"	133	200
"< Application, Lantlr/actions/java/ActionLexer, mID_ELEMENT(Z)Z >"	98	217
"< Application, Lantlr/actions/java/ActionLexer, mAST_CTOR_ELEMENT(Z)V >"	36	40
"< Application, Lantlr/actions/java/ActionLexer, mTREE(Z)V >"	97	146
"< Application, Lantlr/actions/csharp/ActionLexer, mSTUFF(Z)V >"	65	48
"< Application, Lantlr/preprocessor/Preprocessor, exceptionSpec()Ljava/lang/String; >"	23	21
"< Application, Lantlr/debug/LLkDebuggingParser, match(I)V >"	17	12
"< Application, Lantlr/collections/impl/ASTEnumerator, nextNode()Lantlr/collections/AST; >"	22	19
"< Application, Lantlr/actions/java/ActionLexer, mID_ELEMENT(Z)Z >"	217	85
"< Application, Lantlr/actions/java/ActionLexer, mID_ELEMENT(Z)Z >"	136	151
"< Application, Lantlr/debug/LLkDebuggingParser, match(Lantlr/collections/impl/BitSet;)V >"	17	12
"< Application, Lantlr/collections/impl/VectorEnumerator, hasMoreElements()Z >"	12	10
"< Application, Lantlr/actions/java/ActionLexer, mACTION(Z)V >"	23	23
"< Application, Lantlr/actions/java/ActionLexer, mESC(Z)V >"	52	93
"< Application, Lantlr/ANTLRParser, treeParserSpec(Ljava/lang/String;)V >"	13	16
"< Application, Lantlr/actions/java/ActionLexer, mAST_CONSTRUCTOR(Z)V >"	97	127
"< Application, Lantlr/actions/java/ActionLexer, mTREE(Z)V >"	73	136
"< Application, Lantlr/ANTLRParser, notTerminal(Lantlr/Token;)V >"	39	8
"< Application, Lantlr/ANTLRTokdefLexer, nextToken()Lantlr/Token; >"	75	62
"< Application, Lantlr/actions/java/ActionLexer, nextToken()Lantlr/Token; >"	45	39
"< Application, Lantlr/ANTLRParser, tokensSpec()V >"	73	57
"< Application, Lantlr/actions/csharp/ActionLexer, mSL_COMMENT(Z)V >"	38	39
"< Application, Lantlr/Lookahead, clone()Ljava/lang/Object; >"	18	7
"< Application, Lantlr/Tool, copyFile(Ljava/lang/String;Ljava/lang/String;)V >"	51	49
"< Application, Ldacapo/parser/ConfigFile, outputClause(Ldacapo/parser/Config;Ljava/lang/String;Ljava/lang/String;)V >"	60	17
"< Application, Lantlr/TreeParser, matchNot(Lantlr/collections/AST;I)V >"	8	9
"< Application, Lantlr/ANTLRParser, treeParserSpec(Ljava/lang/String;)V >"	46	49
"< Application, Lantlr/actions/cpp/ActionLexer, mTEXT_ARG_ID_ELEMENT(Z)V >"	62	174
"< Application, Lantlr/actions/cpp/ActionLexer, mCOMMENT(Z)V >"	20	21
"< Application, LMMTkHarness, harnessBegin()V >"	6	8
"< Application, Lantlr/ANTLRTokdefLexer, nextToken()Lantlr/Token; >"	63	58
"< Application, Ldacapo/parser/ConfigFile, outputFile(Ldacapo/parser/Config;Ljava/lang/String;)V >"	19	16
"< Application, Ldacapo/Benchmark, <init>(Ldacapo/parser/Config;Ljava/io/File;)V >"	20	17
"< Application, Lantlr/actions/csharp/ActionLexer, mESC(Z)V >"	52	93
"< Application, Lantlr/actions/cpp/ActionLexer, mINT_OR_FLOAT(Z)V >"	64	60
"< Application, Lantlr/CharScanner, matchNot(C)V >"	5	8
"< Application, Lantlr/actions/csharp/ActionLexer, mID_ELEMENT(Z)Z >"	98	237
"< Application, Lantlr/debug/LLkDebuggingParser, class$(Ljava/lang/String;)Ljava/lang/Class; >"	6	6
"< Application, Lantlr/ANTLRLexer, mML_COMMENT(Z)V >"	28	33
"< Application, Lantlr/preprocessor/PreprocessorLexer, nextToken()Lantlr/Token; >"	71	57
"< Application, Lantlr/actions/java/ActionLexer, mAST_CONSTRUCTOR(Z)V >"	44	46
"< Application, Lantlr/Tool, copyFile(Ljava/lang/String;Ljava/lang/String;)V >"	72	25
"< Application, Lantlr/ANTLRParser, elementNoOptionSpec()V >"	237	87
"< Application, Ldacapo/parser/ConfigFileTokenManager, SwitchTo(I)V >"	10	6
"< Application, Lantlr/ANTLRParser, classDef()V >"	155	127
"< Application, Lantlr/actions/java/ActionLexer, mTEXT_ARG_ID_ELEMENT(Z)V >"	66	170
"< Application, Lantlr/actions/csharp/ActionLexer, mAST_CONSTRUCTOR(Z)V >"	97	127
"< Application, Lantlr/actions/csharp/ActionLexer, mID(Z)V >"	37	58
"< Application, Lantlr/actions/cpp/ActionLexer, mTEXT_ARG_ELEMENT(Z)V >"	22	12
"< Application, Lantlr/actions/csharp/ActionLexer, mTEXT_ITEM(Z)V >"	275	43
"< Application, Lantlr/Parser, addSemanticPredicateListener(Lantlr/debug/SemanticPredicateListener;)V >"	4	6
"< Application, Lantlr/actions/csharp/ActionLexer, mID_ELEMENT(Z)Z >"	29	29
"< Application, Lantlr/Tool, copyFile(Ljava/lang/String;Ljava/lang/String;)V >"	42	86
"< Application, Lantlr/collections/impl/VectorEnumeration, hasMoreElements()Z >"	12	10
"< Application, Lantlr/actions/cpp/ActionLexer, mID_ELEMENT(Z)Z >"	103	317
"< Application, Lantlr/actions/java/ActionLexer, mID(Z)V >"	37	58
"< Application, Lantlr/ANTLRLexer, mESC(Z)V >"	56	99
"< Application, Lantlr/actions/csharp/ActionLexer, mAST_CONSTRUCTOR(Z)V >"	44	46
"< Application, Lantlr/actions/csharp/ActionLexer, mID_ELEMENT(Z)Z >"	241	64
"< Application, Lantlr/actions/java/ActionLexer, mESC(Z)V >"	94	14
"< Application, Lantlr/ANTLRParser, classDef()V >"	110	116
"< Application, Lantlr/ANTLRParser, elementNoOptionSpec()V >"	123	178
"< Application, Lantlr/actions/cpp/ActionLexer, mARG(Z)V >"	69	97
"< Application, Lantlr/actions/cpp/ActionLexer, mID(Z)V >"	18	12
"< Application, Lantlr/ANTLRParser, parserSpec(Ljava/lang/String;)V >"	15	36
"< Application, Lantlr/actions/csharp/ActionLexer, mESC(Z)V >"	87	44
"< Application, Lantlr/ANTLRParser, rule()V >"	109	118
"< Application, Lantlr/ANTLRTokdefParser, line(Lantlr/ImportVocabTokenManager;)V >"	41	31
"< Application, Lantlr/ANTLRParser, rule()V >"	135	136
"< Application, Lantlr/actions/cpp/ActionLexer, mID_ELEMENT(Z)Z >"	113	253
"< Application, Lantlr/Parser, removeSemanticPredicateListener(Lantlr/debug/SemanticPredicateListener;)V >"	4	6
"< Application, Lantlr/actions/cpp/ActionLexer, mID_ELEMENT(Z)Z >"	168	180
"< Application, Lantlr/actions/cpp/ActionLexer, mESC(Z)V >"	94	14
"< Application, Lantlr/actions/cpp/ActionLexer, mWS(Z)V >"	37	39
"< Application, Lantlr/ANTLRParser, lexerSpec(Ljava/lang/String;)V >"	81	85
"< Application, Lantlr/preprocessor/Preprocessor, rule(Lantlr/preprocessor/Grammar;)V >"	73	81
"< Application, Lantlr/actions/cpp/ActionLexer, mID_ELEMENT(Z)Z >"	151	170
"< Application, Lantlr/actions/cpp/ActionLexer, mID_ELEMENT(Z)Z >"	233	108
"< Application, Lantlr/PreservingFileWriter, close()V >"	63	55
"< Application, Lantlr/collections/impl/VectorEnumeration, nextElement()Ljava/lang/Object; >"	19	16
"< Application, Lantlr/actions/cpp/ActionLexer, mAST_CONSTRUCTOR(Z)V >"	89	110
"< Application, Lantlr/ByteBuffer, fill(I)V >"	16	16
"< Application, Lantlr/collections/impl/BitSet, clone()Ljava/lang/Object; >"	15	6
"< Application, Lantlr/actions/java/ActionLexer, mID_ELEMENT(Z)Z >"	66	198
"< Application, Lantlr/actions/csharp/ActionLexer, nextToken()Lantlr/Token; >"	20	24
"< Application, Lantlr/preprocessor/Preprocessor, rule(Lantlr/preprocessor/Grammar;)V >"	51	56
"< Application, Lantlr/ANTLRParser, grammar()V >"	18	46
"< Application, Lantlr/actions/csharp/ActionLexer, mTEXT_ARG(Z)V >"	54	55
"< Application, Lantlr/collections/impl/LList, deleteHead()Ljava/lang/Object; >"	4	12
"< Application, Lantlr/collections/impl/LLEnumeration, nextElement()Ljava/lang/Object; >"	4	10
