"< Application, Lantlr/collections/impl/ASTEnumerator, nextNode()Lantlr/collections/AST; >"	20	19
"< Application, Lantlr/debug/LLkDebuggingParser, consume()V >"	2	7
"< Application, Lantlr/Tool, doEverything([Ljava/lang/String;)I >"	76	41
"< Application, Lantlr/debug/DebuggingCharScanner, match(C)V >"	7	8
"< Application, Lantlr/collections/impl/Vector, clone()Ljava/lang/Object; >"	3	6
"< Application, Lantlr/collections/impl/VectorEnumeration, nextElement()Ljava/lang/Object; >"	17	16
"< Application, Lantlr/ANTLRParser, classDef()V >"	60	75
"< Application, Ldacapo/TestHarness, findClass()Ljava/lang/Class; >"	4	7
"< Application, Lantlr/Tool, copyFile(Ljava/lang/String;Ljava/lang/String;)V >"	106	123
"< Application, Lantlr/ANTLRTokdefLexer, nextToken()Lantlr/Token; >"	64	60
"< Application, Lantlr/PreservingFileWriter, close()V >"	106	61
"< Application, Lantlr/ASTFactory, class$(Ljava/lang/String;)Ljava/lang/Class; >"	2	5
"< Application, Lantlr/PreservingFileWriter, close()V >"	61	55
"< Application, Lantlr/CppCodeGenerator, processActionForSpecialSymbols(Ljava/lang/String;ILantlr/RuleBlock;Lantlr/ActionTransInfo;)Ljava/lang/String; >"	35	61
"< Application, Lantlr/JavaCodeGenerator, gen()V >"	30	35
"< Application, Lantlr/CharScanner, makeToken(I)Lantlr/Token; >"	20	7
"< Application, Lantlr/CodeGenerator, setGrammar(Lantlr/Grammar;)V >"	9	13
"< Application, Lantlr/actions/csharp/ActionLexer, nextToken()Lantlr/Token; >"	30	34
"< Application, Ldacapo/parser/Config, parse(Ljava/io/InputStream;)Ldacapo/parser/Config; >"	4	7
"< Application, Lantlr/debug/ParserEventSupport, refresh(Ljava/util/Vector;)V >"	5	7
"< Application, Ldacapo/parser/ConfigFileTokenManager, getNextToken()Ldacapo/parser/Token; >"	157	125
"< Application, Lantlr/CodeGenerator, setGrammar(Lantlr/Grammar;)V >"	25	35
"< Application, LMMTkHarness, <init>()V >"	10	17
"< Application, Lantlr/Tool, doEverything([Ljava/lang/String;)I >"	59	118
"< Application, Lantlr/Tool, doEverything([Ljava/lang/String;)I >"	85	28
"< Application, Lantlr/CSharpCodeGenerator, gen()V >"	30	35
"< Application, Lantlr/Tool, copyFile(Ljava/lang/String;Ljava/lang/String;)V >"	97	81
"< Application, Ldacapo/FileDigest, main([Ljava/lang/String;)V >"	55	77
"< Application, Lantlr/debug/DebuggingCharScanner, match(Ljava/lang/String;)V >"	17	20
"< Application, Lantlr/build/Tool, class$(Ljava/lang/String;)Ljava/lang/Class; >"	2	5
"< Application, Ldacapo/Benchmark, enableValidationReport(Ljava/lang/String;)V >"	9	8
"< Application, Lantlr/preprocessor/Hierarchy, readGrammarFile(Ljava/lang/String;)V >"	18	33
"< Application, Lantlr/CSharpCodeGenerator, processActionForSpecialSymbols(Ljava/lang/String;ILantlr/RuleBlock;Lantlr/ActionTransInfo;)Ljava/lang/String; >"	38	50
"< Application, Lantlr/Tool, main([Ljava/lang/String;)V >"	27	34
"< Application, Lantlr/Tool, factory(Ljava/lang/String;)Ljava/lang/Object; >"	3	9
"< Application, Lantlr/CharScanner, setTokenObjectClass(Ljava/lang/String;)V >"	3	6
"< Application, Lantlr/debug/DebuggingCharScanner, matchNot(C)V >"	7	8
"< Application, Ldacapo/parser/ConfigFileTokenManager, getNextToken()Ldacapo/parser/Token; >"	5	110
"< Application, Lantlr/actions/cpp/ActionLexer, nextToken()Lantlr/Token; >"	30	34
"< Application, Lantlr/preprocessor/Tool, preprocess()Z >"	20	73
"< Application, Lantlr/Tool, copyFile(Ljava/lang/String;Ljava/lang/String;)V >"	110	125
"< Application, Lantlr/DiagnosticCodeGenerator, gen()V >"	31	37
"< Application, Ldacapo/TestHarness, main([Ljava/lang/String;)V >"	51	53
"< Application, Lantlr/Grammar, setOption(Ljava/lang/String;Lantlr/Token;)Z >"	23	140
"< Application, Lantlr/PreservingFileWriter, close()V >"	102	59
"< Application, Ldacapo/Benchmark, validate(Ljava/lang/String;)Z >"	40	57
"< Application, Lantlr/ANTLRTokdefParser, file(Lantlr/ImportVocabTokenManager;)V >"	9	16
"< Application, Lantlr/debug/DebuggingCharScanner, matchRange(CC)V >"	13	9
"< Application, Ldacapo/parser/ConfigFileTokenManager, getNextToken()Ldacapo/parser/Token; >"	146	113
"< Application, Lantlr/Grammar, setOption(Ljava/lang/String;Lantlr/Token;)Z >"	41	104
"< Application, Ldacapo/parser/ConfigFileTokenManager, jjMoveNfa_0(II)I >"	255	205
"< Application, Lantlr/collections/impl/VectorEnumerator, nextElement()Ljava/lang/Object; >"	17	16
"< Application, Lantlr/PreservingFileWriter, close()V >"	72	86
"< Application, Lantlr/debug/LLkDebuggingParser, setupDebugging(Lantlr/TokenStream;Lantlr/TokenBuffer;)V >"	40	47
"< Application, Lantlr/PreservingFileWriter, close()V >"	89	73
"< Application, Ldacapo/parser/ConfigFile, main([Ljava/lang/String;)V >"	7	27
"< Application, Lantlr/CppCodeGenerator, processActionForSpecialSymbols(Ljava/lang/String;ILantlr/RuleBlock;Lantlr/ActionTransInfo;)Ljava/lang/String; >"	38	50
"< Application, Lantlr/preprocessor/Preprocessor, exceptionHandler()Ljava/lang/String; >"	17	15
"< Application, Lantlr/preprocessor/Preprocessor, class_def(Ljava/lang/String;Lantlr/preprocessor/Hierarchy;)Lantlr/preprocessor/Grammar; >"	100	126
"< Application, Lantlr/build/Tool, perform(Ljava/lang/String;Ljava/lang/String;)V >"	51	64
"< Application, Ldacapo/Benchmark, validate(Ljava/lang/String;)Z >"	105	150
"< Application, Lantlr/ImportVocabTokenManager, <init>(Lantlr/Grammar;Ljava/lang/String;Ljava/lang/String;Lantlr/Tool;)V >"	51	82
"< Application, Lantlr/ANTLRTokdefParser, line(Lantlr/ImportVocabTokenManager;)V >"	71	71
"< Application, Ldacapo/Benchmark, <init>(Ldacapo/parser/Config;Ljava/io/File;)V >"	18	17
"< Application, Lantlr/CppCodeGenerator, processActionForSpecialSymbols(Ljava/lang/String;ILantlr/RuleBlock;Lantlr/ActionTransInfo;)Ljava/lang/String; >"	47	38
"< Application, Lantlr/debug/LLkDebuggingParser, match(I)V >"	9	12
"< Application, LMMTkHarness, harnessBegin()V >"	3	7
"< Application, Lantlr/debug/DebuggingCharScanner, consume()V >"	2	7
"< Application, Ldacapo/parser/ConfigFileTokenManager, jjMoveStringLiteralDfa1_3(J)I >"	4	7
"< Application, Ldacapo/parser/ConfigFileTokenManager, jjStartNfaWithStates_0(III)I >"	6	9
"< Application, Lantlr/preprocessor/Preprocessor, throwsSpec()Ljava/lang/String; >"	25	44
"< Application, Ldacapo/parser/ConfigFile, main([Ljava/lang/String;)V >"	12	8
"< Application, Lantlr/Tool, doEverything([Ljava/lang/String;)I >"	67	89
"< Application, Lantlr/JavaCodeGenerator, processActionForSpecialSymbols(Ljava/lang/String;ILantlr/RuleBlock;Lantlr/ActionTransInfo;)Ljava/lang/String; >"	38	50
"< Application, Lantlr/preprocessor/Preprocessor, grammarFile(Lantlr/preprocessor/Hierarchy;Ljava/lang/String;)V >"	34	44
"< Application, Lantlr/Tool, copyFile(Ljava/lang/String;Ljava/lang/String;)V >"	90	119
"< Application, Lantlr/actions/csharp/ActionLexer, nextToken()Lantlr/Token; >"	34	37
"< Application, Ldacapo/parser/ConfigFileTokenManager, getNextToken()Ldacapo/parser/Token; >"	30	80
"< Application, Lantlr/PreservingFileWriter, close()V >"	68	83
"< Application, Ldacapo/Benchmark, validate(Ljava/lang/String;)Z >"	96	137
"< Application, Ldacapo/parser/ConfigFileTokenManager, jjMoveStringLiteralDfa6_0(JJ)I >"	9	12
"< Application, Lantlr/debug/ParserEventSupport, fireDoneParsing()V >"	13	28
"< Application, Lantlr/TokenStreamSelector, nextToken()Lantlr/Token; >"	3	6
"< Application, Lantlr/preprocessor/PreprocessorLexer, nextToken()Lantlr/Token; >"	68	56
"< Application, Lantlr/build/Tool, system(Ljava/lang/String;)V >"	23	38
"< Application, Lantlr/debug/DebuggingCharScanner, match(Ljava/lang/String;)V >"	10	16
"< Application, Lantlr/preprocessor/Preprocessor, optionSpec(Lantlr/preprocessor/Grammar;)Lantlr/collections/impl/IndexedVector; >"	39	58
"< Application, Ldacapo/LatexDescriptions, main([Ljava/lang/String;)V >"	3	5
"< Application, Ldacapo/parser/ConfigFileTokenManager, jjMoveStringLiteralDfa9_0(JJ)I >"	9	12
"< Application, Lantlr/preprocessor/Tool, preprocess()Z >"	69	37
"< Application, Lantlr/ANTLRTokdefLexer, nextToken()Lantlr/Token; >"	60	57
"< Application, Lantlr/ASTFactory, setTokenTypeASTNodeType(ILjava/lang/String;)V >"	17	16
"< Application, Ldacapo/TestHarness, main([Ljava/lang/String;)V >"	201	222
"< Application, Lantlr/build/Tool, perform(Ljava/lang/String;Ljava/lang/String;)V >"	8	10
"< Application, Ldacapo/parser/ConfigFileTokenManager, jjMoveStringLiteralDfa8_0(JJ)I >"	9	12
"< Application, Lantlr/preprocessor/Grammar, expandInPlace()V >"	79	100
"< Application, Ldacapo/Benchmark, validate(Ljava/lang/String;)Z >"	162	230
"< Application, Lantlr/preprocessor/Hierarchy, readGrammarFile(Ljava/lang/String;)V >"	27	21
"< Application, Lantlr/actions/java/ActionLexer, nextToken()Lantlr/Token; >"	34	37
"< Application, Lantlr/collections/impl/ASTEnumerator, hasMoreNodes()Z >"	11	11
"< Application, Lantlr/DocBookCodeGenerator, gen()V >"	16	21
"< Application, Ldacapo/TestHarness, main([Ljava/lang/String;)V >"	273	310
"< Application, Ldacapo/parser/SimpleCharStream, ExpandBuff(Z)V >"	84	77
"< Application, Lantlr/ByteBuffer, fill(I)V >"	13	15
"< Application, Lantlr/debug/DebuggingCharScanner, match(Lantlr/collections/impl/BitSet;)V >"	9	11
"< Application, Lantlr/debug/InputBufferEventSupport, fireEvents(ILjava/util/Vector;)V >"	8	22
"< Application, Ldacapo/TeeOutputStream, finalize()V >"	4	6
"< Application, Lantlr/Tool, doEverything([Ljava/lang/String;)I >"	51	103
"< Application, Ldacapo/parser/ConfigFileTokenManager, jjMoveStringLiteralDfa4_0(JJ)I >"	9	12
"< Application, Lantlr/ImportVocabTokenManager, <init>(Lantlr/Grammar;Ljava/lang/String;Ljava/lang/String;Lantlr/Tool;)V >"	64	67
"< Application, Lantlr/debug/LLkDebuggingParser, matchNot(I)V >"	9	12
"< Application, Ldacapo/parser/Config, parse(Ljava/io/File;)Ldacapo/parser/Config; >"	4	5
"< Application, Lantlr/CppCodeGenerator, gen()V >"	30	35
"< Application, Lantlr/collections/impl/VectorEnumeration, hasMoreElements()Z >"	10	10
"< Application, Lantlr/CharScanner, makeToken(I)Lantlr/Token; >"	11	19
"< Application, Ldacapo/parser/ConfigFileTokenManager, jjMoveStringLiteralDfa7_0(JJ)I >"	9	12
"< Application, Lantlr/HTMLCodeGenerator, gen()V >"	16	21
"< Application, Lantlr/Grammar, setOption(Ljava/lang/String;Lantlr/Token;)Z >"	52	91
"< Application, Lantlr/CSharpCodeGenerator, processActionForSpecialSymbols(Ljava/lang/String;ILantlr/RuleBlock;Lantlr/ActionTransInfo;)Ljava/lang/String; >"	47	38
"< Application, Ldacapo/TeeOutputStream, version()V >"	19	27
"< Application, Ldacapo/parser/SimpleCharStream, FillBuff()V >"	51	37
"< Application, Lantlr/actions/java/ActionLexer, nextToken()Lantlr/Token; >"	30	34
"< Application, Ldacapo/parser/ConfigFileTokenManager, jjMoveStringLiteralDfa10_0(JJ)I >"	9	12
"< Application, Lantlr/collections/impl/VectorEnumerator, hasMoreElements()Z >"	10	10
"< Application, Lantlr/JavaCodeGenerator, processActionForSpecialSymbols(Ljava/lang/String;ILantlr/RuleBlock;Lantlr/ActionTransInfo;)Ljava/lang/String; >"	35	61
"< Application, Lantlr/Tool, copyFile(Ljava/lang/String;Ljava/lang/String;)V >"	101	84
"< Application, Lantlr/debug/LLkDebuggingParser, goToSleep()V >"	2	4
"< Application, Ldacapo/TeeOutputStream, closeLog()V >"	5	6
"< Application, Lantlr/JavaCodeGenerator, processActionForSpecialSymbols(Ljava/lang/String;ILantlr/RuleBlock;Lantlr/ActionTransInfo;)Ljava/lang/String; >"	47	38
"< Application, Lantlr/build/StreamScarfer, run()V >"	19	22
"< Application, Ldacapo/Benchmark, validate(Ljava/lang/String;)Z >"	153	218
"< Application, Ldacapo/FileDigest, main([Ljava/lang/String;)V >"	58	75
"< Application, Ldacapo/TeeOutputStream, newLog()V >"	5	6
"< Application, Ldacapo/parser/ConfigFileTokenManager, jjMoveStringLiteralDfa1_2(J)I >"	4	7
"< Application, Ldacapo/parser/ConfigFileTokenManager, jjMoveStringLiteralDfa1_0(J)I >"	4	7
"< Application, Lantlr/debug/LLkDebuggingParser, match(Lantlr/collections/impl/BitSet;)V >"	9	12
"< Application, Ldacapo/parser/Config, parse(Ljava/net/URL;)Ldacapo/parser/Config; >"	3	5
"< Application, Lantlr/collections/impl/BitSet, clone()Ljava/lang/Object; >"	12	5
"< Application, Lantlr/Tool, getGrammarReader()Ljava/io/Reader; >"	9	9
"< Application, Lantlr/ImportVocabTokenManager, <init>(Lantlr/Grammar;Ljava/lang/String;Ljava/lang/String;Lantlr/Tool;)V >"	40	43
"< Application, Lantlr/ASTFactory, setASTNodeClass(Ljava/lang/String;)V >"	4	6
"< Application, Lantlr/ASTFactory, create(Ljava/lang/String;)Lantlr/collections/AST; >"	2	7
"< Application, Ldacapo/parser/ConfigFileTokenManager, jjMoveStringLiteralDfa3_0(JJ)I >"	9	12
"< Application, Lantlr/debug/InputBufferEventSupport, refresh(Ljava/util/Vector;)V >"	5	7
"< Application, Ldacapo/parser/ConfigFileTokenManager, jjMoveStringLiteralDfa2_0(JJ)I >"	9	12
"< Application, Lantlr/preprocessor/Preprocessor, exceptionSpec()Ljava/lang/String; >"	36	57
"< Application, Lantlr/CSharpCodeGenerator, processActionForSpecialSymbols(Ljava/lang/String;ILantlr/RuleBlock;Lantlr/ActionTransInfo;)Ljava/lang/String; >"	35	61
"< Application, Lantlr/SimpleTokenManager, clone()Ljava/lang/Object; >"	17	5
"< Application, LMMTkHarness, <init>()V >"	8	8
"< Application, Lantlr/ASTFactory, create(Ljava/lang/Class;)Lantlr/collections/AST; >"	3	8
"< Application, Ldacapo/Digest, create()Ljava/security/MessageDigest; >"	2	5
"< Application, Lantlr/ANTLRLexer, nextToken()Lantlr/Token; >"	128	105
"< Application, Ldacapo/parser/ConfigFileTokenManager, jjMoveNfa_1(II)I >"	85	88
"< Application, Ldacapo/Matcher, <clinit>()V >"	6	6
"< Application, Lantlr/PreservingFileWriter, close()V >"	85	70
"< Application, Lantlr/ANTLRParser, classDef()V >"	87	101
"< Application, Lantlr/preprocessor/Preprocessor, rule(Lantlr/preprocessor/Grammar;)V >"	115	109
"< Application, Lantlr/Tool, doEverything([Ljava/lang/String;)I >"	43	76
"< Application, Lantlr/CharBuffer, fill(I)V >"	13	15
"< Application, Lantlr/preprocessor/Preprocessor, exceptionGroup()Ljava/lang/String; >"	11	21
"< Application, Lantlr/actions/cpp/ActionLexer, nextToken()Lantlr/Token; >"	34	37
"< Application, Ldacapo/Benchmark, validate(Ljava/lang/String;)Z >"	38	55
"< Application, Lantlr/debug/LLkDebuggingParser, setupDebugging(Lantlr/TokenStream;Lantlr/TokenBuffer;)V >"	3	10
"< Application, Lantlr/debug/LLkDebuggingParser, class$(Ljava/lang/String;)Ljava/lang/Class; >"	2	5
"< Application, LMMTkHarness, <init>()V >"	12	16
"< Application, Lantlr/ANTLRParser, classDef()V >"	118	127
"< Application, Lantlr/Lookahead, clone()Ljava/lang/Object; >"	15	6
"< Application, Lantlr/build/Tool, perform(Ljava/lang/String;Ljava/lang/String;)V >"	26	37
"< Application, Lantlr/preprocessor/PreprocessorLexer, nextToken()Lantlr/Token; >"	72	59
"< Application, LMMTkHarness, harnessEnd()V >"	3	7
"< Application, Lantlr/build/Tool, antlr(Ljava/lang/String;)V >"	9	13
"< Application, Lantlr/debug/DebuggingInputBuffer, consume()V >"	3	8
"< Application, Lantlr/ANTLRLexer, nextToken()Lantlr/Token; >"	124	102
"< Application, Ldacapo/TestHarness, invokeConfiguration(Ljava/lang/reflect/Method;Ljava/lang/String;)V >"	126	134
"< Application, Lantlr/ANTLRParser, grammar()V >"	46	52
"< Application, Lantlr/debug/DebuggingCharScanner, goToSleep()V >"	2	4
"< Application, Ldacapo/Benchmark, <init>(Ldacapo/parser/Config;Ljava/io/File;)V >"	33	26
"< Application, Ldacapo/parser/ConfigFileTokenManager, jjMoveStringLiteralDfa5_0(JJ)I >"	9	12
"< Application, Lantlr/ASTFactory, createUsingCtor(Lantlr/Token;Ljava/lang/String;)Lantlr/collections/AST; >"	20	25
