"< Application, Lantlr/debug/ParserEventSupport, fireDoneParsing()V >"	3	1
"< Application, Lantlr/collections/impl/VectorEnumerator, hasMoreElements()Z >"	1	3
"< Application, Lantlr/debug/InputBufferEventSupport, fireEvents(ILjava/util/Vector;)V >"	0	1
"< Application, Lantlr/collections/impl/VectorEnumeration, hasMoreElements()Z >"	1	3
"< Application, Ldacapo/Benchmark, <init>(Ldacapo/parser/Config;Ljava/io/File;)V >"	7	8
"< Application, Ldacapo/Benchmark, <init>(Ldacapo/parser/Config;Ljava/io/File;)V >"	22	18
"< Application, Lantlr/collections/impl/VectorEnumeration, nextElement()Ljava/lang/Object; >"	1	3
"< Application, Lantlr/debug/ParserEventSupport, refresh(Ljava/util/Vector;)V >"	0	2
"< Application, Lantlr/collections/impl/ASTEnumerator, nextNode()Lantlr/collections/AST; >"	1	3
"< Application, Lantlr/collections/impl/ASTEnumerator, hasMoreNodes()Z >"	1	3
"< Application, Lantlr/debug/InputBufferEventSupport, refresh(Ljava/util/Vector;)V >"	0	2
"< Application, Lantlr/collections/impl/VectorEnumerator, nextElement()Ljava/lang/Object; >"	1	3
