"< Application, Ldacapo/parser/ConfigFileTokenManager, jjMoveStringLiteralDfa8_0(JJ)I >"	22	20	java_comparison_cmp	19	6
"< Application, Ldacapo/parser/ConfigFileTokenManager, jjMoveStringLiteralDfa5_0(JJ)I >"	1	7	java_comparison_cmp	5	6
"< Application, Ldacapo/parser/ConfigFileTokenManager, jjStopStringLiteralDfa_0(IJ)I >"	67	26	java_comparison_cmp	25	8
"< Application, Ldacapo/parser/ConfigFileTokenManager, jjMoveNfa_0(II)I >"	197	155	java_comparison_cmp	154	34
"< Application, Ldacapo/parser/ConfigFileTokenManager, jjMoveNfa_0(II)I >"	181	168	java_comparison_cmp	167	34
"< Application, Ldacapo/parser/ConfigFileTokenManager, jjMoveStringLiteralDfa5_0(JJ)I >"	38	62	java_comparison_cmp	61	6
"< Application, Ldacapo/parser/ConfigFileTokenManager, jjMoveStringLiteralDfa3_0(JJ)I >"	35	45	java_comparison_cmp	44	6
"< Application, Lantlr/collections/impl/BitSet, degree()I >"	13	16	java_comparison_cmp	15	10
"< Application, Lantlr/CSharpCodeGenerator, genBitSet(Lantlr/collections/impl/BitSet;I)V >"	40	50	java_comparison_cmp	47	49
"< Application, Ldacapo/parser/ConfigFileTokenManager, getNextToken()Ldacapo/parser/Token; >"	102	54	java_comparison_cmp	53	44
"< Application, Ldacapo/parser/ConfigFileTokenManager, getNextToken()Ldacapo/parser/Token; >"	81	45	java_comparison_cmp	43	44
"< Application, Ldacapo/parser/ConfigFileTokenManager, jjStopStringLiteralDfa_0(IJ)I >"	34	45	java_comparison_cmp	44	8
"< Application, Ldacapo/parser/ConfigFileTokenManager, jjMoveStringLiteralDfa6_0(JJ)I >"	1	7	java_comparison_cmp	5	6
"< Application, Ldacapo/parser/ConfigFileTokenManager, jjMoveStringLiteralDfa6_0(JJ)I >"	31	20	java_comparison_cmp	19	6
"< Application, Ldacapo/parser/ConfigFileTokenManager, jjStopStringLiteralDfa_0(IJ)I >"	85	16	java_comparison_cmp	15	8
"< Application, Ldacapo/parser/ConfigFileTokenManager, jjMoveNfa_0(II)I >"	131	94	java_comparison_cmp	93	34
"< Application, Ldacapo/parser/ConfigFileTokenManager, jjMoveNfa_0(II)I >"	80	114	java_comparison_cmp	113	34
"< Application, Ldacapo/parser/ConfigFileTokenManager, jjMoveNfa_0(II)I >"	19	53	java_comparison_cmp	52	34
"< Application, Ldacapo/parser/ConfigFileTokenManager, jjMoveStringLiteralDfa6_0(JJ)I >"	17	44	java_comparison_cmp	43	6
"< Application, Ldacapo/parser/ConfigFileTokenManager, jjMoveNfa_0(II)I >"	96	121	java_comparison_cmp	120	34
"< Application, Ldacapo/parser/ConfigFileTokenManager, getNextToken()Ldacapo/parser/Token; >"	23	76	java_comparison_cmp	75	44
"< Application, Ldacapo/parser/ConfigFileTokenManager, jjMoveStringLiteralDfa9_0(JJ)I >"	1	7	java_comparison_cmp	5	6
"< Application, Lantlr/collections/impl/BitSet, member(I)Z >"	9	14	java_comparison_cmp	12	13
"< Application, Ldacapo/parser/ConfigFileTokenManager, jjMoveNfa_0(II)I >"	117	88	java_comparison_cmp	87	34
"< Application, Ldacapo/parser/ConfigFileTokenManager, jjMoveStringLiteralDfa1_3(J)I >"	9	14	java_comparison_cmp	12	13
"< Application, Lantlr/collections/impl/BitSet, equals(Ljava/lang/Object;)Z >"	16	20	java_comparison_cmp	17	19
"< Application, Ldacapo/parser/ConfigFileTokenManager, jjMoveStringLiteralDfa3_0(JJ)I >"	26	60	java_comparison_cmp	59	6
"< Application, Ldacapo/parser/ConfigFileTokenManager, jjMoveNfa_0(II)I >"	227	35	java_comparison_cmp	33	34
"< Application, Ldacapo/parser/ConfigFileTokenManager, jjMoveStringLiteralDfa3_0(JJ)I >"	51	23	java_comparison_cmp	22	6
"< Application, Ldacapo/parser/ConfigFileTokenManager, jjStopStringLiteralDfa_0(IJ)I >"	78	22	java_comparison_cmp	21	8
"< Application, Lantlr/JavaCodeGenerator, genBitSet(Lantlr/collections/impl/BitSet;I)V >"	61	76	java_comparison_cmp	74	75
"< Application, Ldacapo/parser/ConfigFileTokenManager, jjMoveStringLiteralDfa5_0(JJ)I >"	60	32	java_comparison_cmp	31	6
"< Application, Ldacapo/parser/ConfigFileTokenManager, jjMoveStringLiteralDfa5_0(JJ)I >"	67	20	java_comparison_cmp	19	6
"< Application, Ldacapo/parser/ConfigFileTokenManager, jjMoveStringLiteralDfa4_0(JJ)I >"	34	38	java_comparison_cmp	37	6
"< Application, Ldacapo/parser/ConfigFileTokenManager, jjStopStringLiteralDfa_0(IJ)I >"	56	32	java_comparison_cmp	31	8
"< Application, Ldacapo/parser/ConfigFileTokenManager, jjMoveNfa_0(II)I >"	171	163	java_comparison_cmp	162	34
"< Application, Ldacapo/parser/ConfigFileTokenManager, jjMoveNfa_0(II)I >"	60	79	java_comparison_cmp	78	34
"< Application, Ldacapo/parser/ConfigFileTokenManager, jjMoveStringLiteralDfa4_0(JJ)I >"	29	35	java_comparison_cmp	34	6
"< Application, Ldacapo/parser/ConfigFileTokenManager, jjMoveStringLiteralDfa2_0(JJ)I >"	1	7	java_comparison_cmp	5	6
"< Application, Ldacapo/parser/ConfigFileTokenManager, jjStopStringLiteralDfa_0(IJ)I >"	71	28	java_comparison_cmp	27	8
"< Application, Ldacapo/parser/ConfigFileTokenManager, jjMoveStringLiteralDfa5_0(JJ)I >"	33	59	java_comparison_cmp	58	6
"< Application, Ldacapo/parser/ConfigFileTokenManager, jjStopStringLiteralDfa_0(IJ)I >"	51	41	java_comparison_cmp	40	8
"< Application, Ldacapo/parser/ConfigFileTokenManager, jjStopStringLiteralDfa_0(IJ)I >"	45	38	java_comparison_cmp	37	8
"< Application, Ldacapo/TestHarness, runBenchmark(Ljava/io/File;Ljava/lang/String;Ldacapo/TestHarness;)V >"	24	43	java_comparison_cmpl	41	42
"< Application, Ldacapo/parser/ConfigFileTokenManager, jjMoveNfa_0(II)I >"	189	173	java_comparison_cmp	172	34
"< Application, Ldacapo/parser/ConfigFileTokenManager, getNextToken()Ldacapo/parser/Token; >"	112	89	java_comparison_cmp	88	44
"< Application, Ldacapo/parser/ConfigFileTokenManager, jjMoveStringLiteralDfa6_0(JJ)I >"	24	35	java_comparison_cmp	34	6
"< Application, Ldacapo/parser/ConfigFileTokenManager, jjMoveStringLiteralDfa3_0(JJ)I >"	19	68	java_comparison_cmp	67	6
"< Application, Ldacapo/parser/ConfigFileTokenManager, jjStopStringLiteralDfa_0(IJ)I >"	16	62	java_comparison_cmp	61	8
"< Application, Lantlr/JavaCodeGenerator, genBitSet(Lantlr/collections/impl/BitSet;I)V >"	41	51	java_comparison_cmp	48	50
"< Application, Ldacapo/parser/ConfigFileTokenManager, jjMoveStringLiteralDfa1_2(J)I >"	9	14	java_comparison_cmp	12	13
"< Application, Ldacapo/parser/ConfigFileTokenManager, jjMoveStringLiteralDfa7_0(JJ)I >"	1	7	java_comparison_cmp	5	6
"< Application, Ldacapo/parser/ConfigFileTokenManager, jjMoveStringLiteralDfa5_0(JJ)I >"	55	29	java_comparison_cmp	28	6
"< Application, Ldacapo/parser/ConfigFileTokenManager, jjMoveStringLiteralDfa5_0(JJ)I >"	15	85	java_comparison_cmp	84	6
"< Application, Ldacapo/parser/ConfigFileTokenManager, jjMoveNfa_0(II)I >"	206	160	java_comparison_cmp	159	34
"< Application, Ldacapo/parser/ConfigFileTokenManager, jjMoveStringLiteralDfa5_0(JJ)I >"	43	47	java_comparison_cmp	46	6
"< Application, Ldacapo/parser/ConfigFileTokenManager, jjMoveStringLiteralDfa2_0(JJ)I >"	27	53	java_comparison_cmp	52	6
"< Application, Ldacapo/parser/ConfigFileTokenManager, jjMoveStringLiteralDfa6_0(JJ)I >"	36	23	java_comparison_cmp	22	6
"< Application, Ldacapo/parser/ConfigFileTokenManager, jjMoveStringLiteralDfa10_0(JJ)I >"	15	20	java_comparison_cmp	19	6
"< Application, Ldacapo/parser/ConfigFileTokenManager, jjStopStringLiteralDfa_0(IJ)I >"	40	48	java_comparison_cmp	47	8
"< Application, Ldacapo/parser/ConfigFileTokenManager, jjMoveNfa_0(II)I >"	150	141	java_comparison_cmp	140	34
"< Application, Ldacapo/parser/ConfigFileTokenManager, jjStopStringLiteralDfa_0(IJ)I >"	6	68	java_comparison_cmp	67	8
"< Application, Ldacapo/parser/ConfigFileTokenManager, jjMoveNfa_0(II)I >"	112	85	java_comparison_cmp	84	34
"< Application, Ldacapo/parser/ConfigFileTokenManager, jjMoveStringLiteralDfa5_0(JJ)I >"	50	26	java_comparison_cmp	25	6
"< Application, Ldacapo/parser/ConfigFileTokenManager, jjStopStringLiteralDfa_0(IJ)I >"	89	18	java_comparison_cmp	17	8
"< Application, Ldacapo/parser/ConfigFileTokenManager, jjStopStringLiteralDfa_0(IJ)I >"	62	35	java_comparison_cmp	34	8
"< Application, Lantlr/collections/impl/BitSet, nil()Z >"	7	11	java_comparison_cmp	9	10
"< Application, Ldacapo/parser/ConfigFileTokenManager, jjMoveStringLiteralDfa1_0(J)I >"	10	55	java_comparison_cmp	54	48
"< Application, Ldacapo/parser/ConfigFileTokenManager, jjMoveStringLiteralDfa4_0(JJ)I >"	1	7	java_comparison_cmp	5	6
"< Application, Ldacapo/parser/ConfigFileTokenManager, jjMoveNfa_0(II)I >"	136	97	java_comparison_cmp	96	34
"< Application, Ldacapo/parser/ConfigFileTokenManager, jjMoveNfa_0(II)I >"	234	40	java_comparison_cmp	39	34
"< Application, Ldacapo/parser/ConfigFileTokenManager, jjMoveStringLiteralDfa2_0(JJ)I >"	46	26	java_comparison_cmp	25	6
"< Application, Ldacapo/parser/ConfigFileTokenManager, jjMoveStringLiteralDfa4_0(JJ)I >"	46	25	java_comparison_cmp	24	6
"< Application, Ldacapo/parser/ConfigFileTokenManager, jjMoveStringLiteralDfa8_0(JJ)I >"	1	7	java_comparison_cmp	5	6
"< Application, Ldacapo/parser/ConfigFileTokenManager, jjMoveStringLiteralDfa5_0(JJ)I >"	28	56	java_comparison_cmp	55	6
"< Application, Ldacapo/parser/ConfigFileTokenManager, jjMoveNfa_1(II)I >"	19	40	java_comparison_cmp	38	39
"< Application, Ldacapo/parser/ConfigFileTokenManager, jjMoveStringLiteralDfa3_0(JJ)I >"	44	33	java_comparison_cmp	32	6
"< Application, Lantlr/CSharpCodeGenerator, genBitSet(Lantlr/collections/impl/BitSet;I)V >"	60	76	java_comparison_cmp	74	75
"< Application, Ldacapo/parser/ConfigFileTokenManager, jjMoveStringLiteralDfa3_0(JJ)I >"	1	7	java_comparison_cmp	5	6
"< Application, Ldacapo/parser/ConfigFileTokenManager, jjMoveNfa_0(II)I >"	126	92	java_comparison_cmp	91	34
"< Application, Ldacapo/parser/ConfigFileTokenManager, jjMoveStringLiteralDfa10_0(JJ)I >"	1	7	java_comparison_cmp	5	6
"< Application, Ldacapo/parser/ConfigFileTokenManager, jjStopStringLiteralDfa_0(IJ)I >"	12	59	java_comparison_cmp	58	8
"< Application, Ldacapo/parser/ConfigFileTokenManager, jjStopStringLiteralDfa_0(IJ)I >"	2	66	java_comparison_cmp	65	8
"< Application, Ldacapo/parser/Config$OutputFile, hasBytes()Z >"	1	5	java_comparison_cmp	3	4
"< Application, Ldacapo/parser/ConfigFileTokenManager, jjMoveStringLiteralDfa8_0(JJ)I >"	17	27	java_comparison_cmp	26	6
"< Application, Ldacapo/parser/ConfigFileTokenManager, jjStopStringLiteralDfa_0(IJ)I >"	23	52	java_comparison_cmp	51	8
"< Application, Ldacapo/parser/ConfigFileTokenManager, jjMoveNfa_0(II)I >"	145	99	java_comparison_cmp	98	34
"< Application, Ldacapo/parser/ConfigFileTokenManager, jjStopStringLiteralDfa_0(IJ)I >"	29	55	java_comparison_cmp	54	8
"< Application, Ldacapo/parser/ConfigFileTokenManager, jjMoveStringLiteralDfa1_0(J)I >"	15	49	java_comparison_cmp	47	48
"< Application, Lantlr/JavaCodeGenerator, genBitSet(Lantlr/collections/impl/BitSet;I)V >"	31	42	java_comparison_cmp	40	41
"< Application, Lantlr/collections/impl/BitSet, degree()I >"	7	11	java_comparison_cmp	9	10
"< Application, Lantlr/collections/impl/BitSet, equals(Ljava/lang/Object;)Z >"	43	32	java_comparison_cmp	30	31
"< Application, Lantlr/PreservingFileWriter, close()V >"	6	13	java_comparison_cmp	9	12
"< Application, Ldacapo/Benchmark, validate(Ljava/lang/String;)Z >"	177	252	java_comparison_cmp	233	212
"< Application, Lantlr/collections/impl/BitSet, equals(Ljava/lang/Object;)Z >"	29	39	java_comparison_cmp	38	31
"< Application, Ldacapo/parser/ConfigFileTokenManager, jjMoveStringLiteralDfa4_0(JJ)I >"	39	41	java_comparison_cmp	40	6
"< Application, Ldacapo/parser/ConfigFileTokenManager, jjStopStringLiteralDfa_0(IJ)I >"	96	9	java_comparison_cmp	7	8
