"< Application, Lantlr/CppCodeGenerator, genBlockPreamble(Lantlr/AlternativeBlock;)V >"	20	20	15	java_type_ref("<Application,Lantlr/RuleRefElement>")
"< Application, Lantlr/CSharpCodeGenerator, genCommonBlock(Lantlr/AlternativeBlock;Z)Lantlr/CSharpBlockFinishingInfo; >"	301	280	279	java_type_ref("<Application,Lantlr/ParserGrammar>")
"< Application, Lantlr/preprocessor/PreprocessorLexer, nextToken()Lantlr/Token; >"	73	60	59	java_type_ref("<Application,Lantlr/CharStreamIOException>")
"< Application, Lantlr/CppCodeGenerator, lookaheadString(I)Ljava/lang/String; >"	1	5	4	java_type_ref("<Application,Lantlr/TreeWalkerGrammar>")
"< Application, Lantlr/LLkAnalyzer, setGrammar(Lantlr/Grammar;)V >"	5	8	7	java_type_ref("<Application,Lantlr/LexerGrammar>")
"< Application, Lantlr/ANTLRTokdefLexer, nextToken()Lantlr/Token; >"	65	61	60	java_type_ref("<Application,Lantlr/CharStreamIOException>")
"< Application, Lantlr/CSharpCodeGenerator, genSynPred(Lantlr/SynPredBlock;Ljava/lang/String;)V >"	132	185	184	java_type_ref("<Application,Lantlr/LexerGrammar>")
"< Application, Lantlr/JavaCodeGenerator, genErrorTryForElement(Lantlr/AlternativeElement;)V >"	5	9	8	java_type_ref("<Application,Lantlr/LexerGrammar>")
"< Application, Lantlr/CppCodeGenerator, genMatchUsingAtomText(Lantlr/GrammarAtom;)V >"	1	6	5	java_type_ref("<Application,Lantlr/TreeWalkerGrammar>")
"< Application, Lantlr/CSharpCodeGenerator, genRule(Lantlr/RuleSymbol;ZILantlr/TokenManager;)V >"	213	248	247	java_type_ref("<Application,Lantlr/LexerGrammar>")
"< Application, Lantlr/DocBookCodeGenerator, genAlt(Lantlr/Alternative;)V >"	8	13	17	java_type_ref("<Application,Lantlr/BlockEndElement>")
"< Application, Lantlr/JavaCodeGenerator, gen(Lantlr/TreeWalkerGrammar;)V >"	147	215	214	java_type_ref("<Application,Lantlr/RuleSymbol>")
"< Application, Lantlr/CSharpCodeGenerator, genSynPred(Lantlr/SynPredBlock;Ljava/lang/String;)V >"	65	103	102	java_type_ref("<Application,Lantlr/LexerGrammar>")
"< Application, Lantlr/CSharpCodeGenerator, genSynPred(Lantlr/SynPredBlock;Ljava/lang/String;)V >"	129	183	182	java_type_ref("<Application,Lantlr/ParserGrammar>")
"< Application, Lantlr/CppCodeGenerator, genBlockPreamble(Lantlr/AlternativeBlock;)V >"	12	16	15	java_type_ref("<Application,Lantlr/RuleRefElement>")
"< Application, Lantlr/JavaCodeGenerator, genCommonBlock(Lantlr/AlternativeBlock;Z)Lantlr/JavaBlockFinishingInfo; >"	169	146	145	java_type_ref("<Application,Lantlr/LexerGrammar>")
"< Application, Lantlr/JavaCodeGenerator, genCommonBlock(Lantlr/AlternativeBlock;Z)Lantlr/JavaBlockFinishingInfo; >"	293	278	277	java_type_ref("<Application,Lantlr/LexerGrammar>")
"< Application, Lantlr/CSharpCodeGenerator, genMatchUsingAtomText(Lantlr/GrammarAtom;)V >"	1	6	5	java_type_ref("<Application,Lantlr/TreeWalkerGrammar>")
"< Application, Lantlr/CSharpCodeGenerator, genCommonBlock(Lantlr/AlternativeBlock;Z)Lantlr/CSharpBlockFinishingInfo; >"	180	153	152	java_type_ref("<Application,Lantlr/LexerGrammar>")
"< Application, Lantlr/LLkAnalyzer, FOLLOW(ILantlr/RuleEndElement;)Lantlr/Lookahead; >"	158	126	125	java_type_ref("<Application,Lantlr/TreeWalkerGrammar>")
"< Application, Lantlr/JavaCodeGenerator, genSemPred(Ljava/lang/String;I)V >"	13	19	18	java_type_ref("<Application,Lantlr/LexerGrammar>")
"< Application, Lantlr/AlternativeBlock, removeTrackingOfRuleRefs(Lantlr/Grammar;)V >"	8	12	41	java_type_ref("<Application,Lantlr/RuleRefElement>")
"< Application, Lantlr/CppCodeGenerator, genSynPred(Lantlr/SynPredBlock;Ljava/lang/String;)V >"	63	103	102	java_type_ref("<Application,Lantlr/ParserGrammar>")
"< Application, Lantlr/JavaCodeGenerator, genCommonBlock(Lantlr/AlternativeBlock;Z)Lantlr/JavaBlockFinishingInfo; >"	72	474	473	java_type_ref("<Application,Lantlr/TreeWalkerGrammar>")
"< Application, Lantlr/CppCodeGenerator, genElementAST(Lantlr/AlternativeElement;)V >"	98	80	79	java_type_ref("<Application,Lantlr/TreeWalkerGrammar>")
"< Application, Lantlr/CSharpCodeGenerator, genBlockPreamble(Lantlr/AlternativeBlock;)V >"	14	17	15	java_type_ref("<Application,Lantlr/AlternativeBlock>")
"< Application, Lantlr/AlternativeBlock, removeTrackingOfRuleRefs(Lantlr/Grammar;)V >"	29	13	41	java_type_ref("<Application,Lantlr/AlternativeBlock>")
"< Application, Lantlr/JavaCodeGenerator, getValueString(I)Ljava/lang/String; >"	1	5	4	java_type_ref("<Application,Lantlr/LexerGrammar>")
"< Application, Lantlr/actions/java/ActionLexer, nextToken()Lantlr/Token; >"	35	38	37	java_type_ref("<Application,Lantlr/CharStreamIOException>")
"< Application, Lantlr/JavaCodeGenerator, setupGrammarParameters(Lantlr/Grammar;)V >"	31	7	2	java_type_ref("<Application,Lantlr/TreeWalkerGrammar>")
"< Application, Lantlr/JavaCodeGenerator, genSynPred(Lantlr/SynPredBlock;Ljava/lang/String;)V >"	29	52	51	java_type_ref("<Application,Lantlr/TreeWalkerGrammar>")
"< Application, Lantlr/DefineGrammarSymbols, setGrammarOption(Lantlr/Token;Lantlr/Token;)V >"	17	22	21	java_type_ref("<Application,Lantlr/LexerGrammar>")
"< Application, Lantlr/JavaCodeGenerator, genSynPred(Lantlr/SynPredBlock;Ljava/lang/String;)V >"	130	184	183	java_type_ref("<Application,Lantlr/LexerGrammar>")
"< Application, Lantlr/JavaCodeGenerator, genMatch(Lantlr/GrammarAtom;)V >"	3	27	26	java_type_ref("<Application,Lantlr/LexerGrammar>")
"< Application, Lantlr/CSharpCodeGenerator, genBlockPreamble(Lantlr/AlternativeBlock;)V >"	97	122	15	java_type_ref("<Application,Lantlr/GrammarAtom>")
"< Application, Lantlr/CppCodeGenerator, genMatch(Lantlr/GrammarAtom;)V >"	3	27	26	java_type_ref("<Application,Lantlr/LexerGrammar>")
"< Application, Lantlr/JavaCodeGenerator, genRule(Lantlr/RuleSymbol;ZI)V >"	414	511	510	java_type_ref("<Application,Lantlr/ParserGrammar>")
"< Application, Lantlr/CppCodeGenerator, genBody(Lantlr/LexerGrammar;)V >"	326	447	446	java_type_ref("<Application,Lantlr/RuleSymbol>")
"< Application, Lantlr/JavaCodeGenerator, gen(Lantlr/LexerGrammar;)V >"	272	392	391	java_type_ref("<Application,Lantlr/RuleSymbol>")
"< Application, Lantlr/JavaCodeGenerator, genCommonBlock(Lantlr/AlternativeBlock;Z)Lantlr/JavaBlockFinishingInfo; >"	290	276	275	java_type_ref("<Application,Lantlr/ParserGrammar>")
"< Application, Lantlr/CSharpCodeGenerator, setupGrammarParameters(Lantlr/Grammar;)V >"	23	26	2	java_type_ref("<Application,Lantlr/ParserGrammar>")
"< Application, Lantlr/CppCodeGenerator, genMatch(Lantlr/GrammarAtom;)V >"	28	8	2	java_type_ref("<Application,Lantlr/WildcardElement>")
"< Application, Lantlr/CSharpCodeGenerator, gen(Lantlr/LexerGrammar;)V >"	7	10	9	java_type_ref("<Application,Lantlr/LexerGrammar>")
"< Application, Lantlr/CSharpCodeGenerator, genBody(Lantlr/ParserGrammar;)V >"	292	395	394	java_type_ref("<Application,Lantlr/RuleSymbol>")
"< Application, Lantlr/CSharpCodeGenerator, gen(Lantlr/WildcardElement;)V >"	24	49	48	java_type_ref("<Application,Lantlr/LexerGrammar>")
"< Application, Lantlr/JavaCodeGenerator, gen(Lantlr/WildcardElement;)V >"	16	29	28	java_type_ref("<Application,Lantlr/TreeWalkerGrammar>")
"< Application, Lantlr/CSharpCodeGenerator, genCommonBlock(Lantlr/AlternativeBlock;Z)Lantlr/CSharpBlockFinishingInfo; >"	57	461	460	java_type_ref("<Application,Lantlr/TreeWalkerGrammar>")
"< Application, Lantlr/DefineGrammarSymbols, startParser(Ljava/lang/String;Lantlr/Token;Ljava/lang/String;Ljava/lang/String;)V >"	17	50	29	java_type_ref("<Application,Lantlr/ParserGrammar>")
"< Application, Lantlr/JavaCodeGenerator, genCommonBlock(Lantlr/AlternativeBlock;Z)Lantlr/JavaBlockFinishingInfo; >"	32	37	36	java_type_ref("<Application,Lantlr/LexerGrammar>")
"< Application, Lantlr/CSharpCodeGenerator, genAlt(Lantlr/Alternative;Lantlr/AlternativeBlock;)V >"	36	34	3	java_type_ref("<Application,Lantlr/RuleBlock>")
"< Application, Lantlr/JavaCodeGenerator, gen(Lantlr/TokenRefElement;)V >"	11	21	20	java_type_ref("<Application,Lantlr/LexerGrammar>")
"< Application, Lantlr/RuleBlock, <init>(Lantlr/Grammar;Ljava/lang/String;)V >"	18	16	2	java_type_ref("<Application,Lantlr/ParserGrammar>")
"< Application, Lantlr/CppCodeGenerator, genElementAST(Lantlr/AlternativeElement;)V >"	210	197	2	java_type_ref("<Application,Lantlr/GrammarAtom>")
"< Application, Lantlr/JavaCodeGenerator, genRule(Lantlr/RuleSymbol;ZI)V >"	201	234	233	java_type_ref("<Application,Lantlr/LexerGrammar>")
"< Application, Lantlr/CSharpCodeGenerator, genCommonBlock(Lantlr/AlternativeBlock;Z)Lantlr/CSharpBlockFinishingInfo; >"	118	81	80	java_type_ref("<Application,Lantlr/TreeWalkerGrammar>")
"< Application, Lantlr/JavaCodeGenerator, mapTreeVariable(Lantlr/AlternativeElement;Ljava/lang/String;)V >"	13	11	2	java_type_ref("<Application,Lantlr/RuleRefElement>")
"< Application, Lantlr/DiagnosticCodeGenerator, genAlt(Lantlr/Alternative;)V >"	2	5	9	java_type_ref("<Application,Lantlr/BlockEndElement>")
"< Application, Lantlr/LLkAnalyzer, subruleCanBeInverted(Lantlr/AlternativeBlock;Z)Z >"	0	5	2	java_type_ref("<Application,Lantlr/ZeroOrMoreBlock>")
"< Application, Lantlr/CSharpCodeGenerator, genBlockPreamble(Lantlr/AlternativeBlock;)V >"	65	76	75	java_type_ref("<Application,Lantlr/TreeWalkerGrammar>")
"< Application, Lantlr/CppCodeGenerator, setupGrammarParameters(Lantlr/Grammar;)V >"	211	141	2	java_type_ref("<Application,Lantlr/TreeWalkerGrammar>")
"< Application, Lantlr/DefineGrammarSymbols, startLexer(Ljava/lang/String;Lantlr/Token;Ljava/lang/String;Ljava/lang/String;)V >"	17	45	29	java_type_ref("<Application,Lantlr/LexerGrammar>")
"< Application, Lantlr/JavaCodeGenerator, genRule(Lantlr/RuleSymbol;ZI)V >"	190	232	231	java_type_ref("<Application,Lantlr/ParserGrammar>")
"< Application, Lantlr/CppCodeGenerator, genRule(Lantlr/RuleSymbol;ZILjava/lang/String;)V >"	371	477	476	java_type_ref("<Application,Lantlr/TreeWalkerGrammar>")
"< Application, Lantlr/collections/impl/BitSet, equals(Ljava/lang/Object;)Z >"	1	5	2	java_type_ref("<Application,Lantlr/collections/impl/BitSet>")
"< Application, Lantlr/CppCodeGenerator, genMatch(Lantlr/GrammarAtom;)V >"	24	7	2	java_type_ref("<Application,Lantlr/TokenRefElement>")
"< Application, Lantlr/LLkAnalyzer, deterministic(Lantlr/AlternativeBlock;)Z >"	18	28	2	java_type_ref("<Application,Lantlr/ZeroOrMoreBlock>")
"< Application, Lantlr/CSharpCodeGenerator, genCommonBlock(Lantlr/AlternativeBlock;Z)Lantlr/CSharpBlockFinishingInfo; >"	220	190	189	java_type_ref("<Application,Lantlr/LexerGrammar>")
"< Application, Lantlr/CppCodeGenerator, gen(Lantlr/WildcardElement;)V >"	43	59	58	java_type_ref("<Application,Lantlr/LexerGrammar>")
"< Application, Lantlr/JavaCodeGenerator, gen(Lantlr/TreeElement;)V >"	60	98	97	java_type_ref("<Application,Lantlr/WildcardElement>")
"< Application, Lantlr/CppCodeGenerator, genSynPred(Lantlr/SynPredBlock;Ljava/lang/String;)V >"	105	151	150	java_type_ref("<Application,Lantlr/TreeWalkerGrammar>")
"< Application, Lantlr/ANTLRLexer, nextToken()Lantlr/Token; >"	129	106	105	java_type_ref("<Application,Lantlr/CharStreamIOException>")
"< Application, Lantlr/JavaCodeGenerator, genMatchUsingAtomTokenType(Lantlr/GrammarAtom;)V >"	1	6	5	java_type_ref("<Application,Lantlr/TreeWalkerGrammar>")
"< Application, Lantlr/CppCodeGenerator, genBlockPreamble(Lantlr/AlternativeBlock;)V >"	14	17	15	java_type_ref("<Application,Lantlr/AlternativeBlock>")
"< Application, Lantlr/LLkAnalyzer, subruleCanBeInverted(Lantlr/AlternativeBlock;Z)Z >"	2	7	2	java_type_ref("<Application,Lantlr/OneOrMoreBlock>")
"< Application, Lantlr/LLkAnalyzer, altUsesWildcardDefault(Lantlr/Alternative;)Z >"	11	12	11	java_type_ref("<Application,Lantlr/BlockEndElement>")
"< Application, Lantlr/JavaCodeGenerator, genRule(Lantlr/RuleSymbol;ZI)V >"	169	203	202	java_type_ref("<Application,Lantlr/LexerGrammar>")
"< Application, Lantlr/JavaCodeGenerator, gen(Lantlr/ParserGrammar;)V >"	136	198	197	java_type_ref("<Application,Lantlr/RuleSymbol>")
"< Application, Lantlr/CSharpCodeGenerator, setupGrammarParameters(Lantlr/Grammar;)V >"	55	28	2	java_type_ref("<Application,Lantlr/TreeWalkerGrammar>")
"< Application, Lantlr/JavaCodeGenerator, genBlockPreamble(Lantlr/AlternativeBlock;)V >"	97	122	15	java_type_ref("<Application,Lantlr/GrammarAtom>")
"< Application, Lantlr/CppCodeGenerator, genBlockPreamble(Lantlr/AlternativeBlock;)V >"	0	4	2	java_type_ref("<Application,Lantlr/RuleBlock>")
"< Application, Lantlr/CSharpCodeGenerator, genBlockPreamble(Lantlr/AlternativeBlock;)V >"	18	19	15	java_type_ref("<Application,Lantlr/SynPredBlock>")
"< Application, Lantlr/CppCodeGenerator, processActionForSpecialSymbols(Ljava/lang/String;ILantlr/RuleBlock;Lantlr/ActionTransInfo;)Ljava/lang/String; >"	13	19	18	java_type_ref("<Application,Lantlr/TreeWalkerGrammar>")
"< Application, Lantlr/DefineGrammarSymbols, startTreeWalker(Ljava/lang/String;Lantlr/Token;Ljava/lang/String;Ljava/lang/String;)V >"	17	50	29	java_type_ref("<Application,Lantlr/TreeWalkerGrammar>")
"< Application, Lantlr/JavaCodeGenerator, gen(Lantlr/ParserGrammar;)V >"	281	406	405	java_type_ref("<Application,Lantlr/RuleSymbol>")
"< Application, Lantlr/CSharpCodeGenerator, setupGrammarParameters(Lantlr/Grammar;)V >"	2	6	2	java_type_ref("<Application,Lantlr/LexerGrammar>")
"< Application, Lantlr/MakeGrammar, refElementOption(Lantlr/Token;Lantlr/Token;)V >"	6	12	8	java_type_ref("<Application,Lantlr/WildcardElement>")
"< Application, Lantlr/CSharpCodeGenerator, processStringForASTConstructor(Ljava/lang/String;)Ljava/lang/String; >"	3	7	6	java_type_ref("<Application,Lantlr/TreeWalkerGrammar>")
"< Application, Lantlr/CSharpCodeGenerator, genErrorTryForElement(Lantlr/AlternativeElement;)V >"	5	9	8	java_type_ref("<Application,Lantlr/LexerGrammar>")
"< Application, Lantlr/CppCodeGenerator, gen(Lantlr/TreeWalkerGrammar;)V >"	2	6	5	java_type_ref("<Application,Lantlr/TreeWalkerGrammar>")
"< Application, Lantlr/JavaCodeGenerator, genBlockPreamble(Lantlr/AlternativeBlock;)V >"	28	26	25	java_type_ref("<Application,Lantlr/LexerGrammar>")
"< Application, Lantlr/JavaCodeGenerator, genBlockPreamble(Lantlr/AlternativeBlock;)V >"	16	18	15	java_type_ref("<Application,Lantlr/RuleBlock>")
"< Application, Lantlr/JavaCodeGenerator, genElementAST(Lantlr/AlternativeElement;)V >"	107	90	2	java_type_ref("<Application,Lantlr/GrammarAtom>")
"< Application, Lantlr/CppCodeGenerator, genBitsets(Lantlr/collections/impl/Vector;ILjava/lang/String;)V >"	29	52	51	java_type_ref("<Application,Lantlr/LexerGrammar>")
"< Application, Lantlr/LLkAnalyzer, look(ILantlr/TreeElement;)Lantlr/Lookahead; >"	23	38	37	java_type_ref("<Application,Lantlr/WildcardElement>")
"< Application, Lantlr/CSharpCodeGenerator, genMatch(Lantlr/GrammarAtom;)V >"	24	7	2	java_type_ref("<Application,Lantlr/TokenRefElement>")
"< Application, Lantlr/CSharpCodeGenerator, genRule(Lantlr/RuleSymbol;ZILantlr/TokenManager;)V >"	202	246	245	java_type_ref("<Application,Lantlr/ParserGrammar>")
"< Application, Lantlr/CSharpCodeGenerator, mapTreeId(Ljava/lang/String;Lantlr/ActionTransInfo;)Ljava/lang/String; >"	4	9	8	java_type_ref("<Application,Lantlr/TreeWalkerGrammar>")
"< Application, Lantlr/CppCodeGenerator, gen(Lantlr/WildcardElement;)V >"	31	31	30	java_type_ref("<Application,Lantlr/LexerGrammar>")
"< Application, Lantlr/CSharpCodeGenerator, genRule(Lantlr/RuleSymbol;ZILantlr/TokenManager;)V >"	335	409	408	java_type_ref("<Application,Lantlr/TreeWalkerGrammar>")
"< Application, Lantlr/JavaCodeGenerator, genBlockPreamble(Lantlr/AlternativeBlock;)V >"	12	16	15	java_type_ref("<Application,Lantlr/RuleRefElement>")
"< Application, Lantlr/JavaCodeGenerator, genMatchUsingAtomText(Lantlr/GrammarAtom;)V >"	27	35	34	java_type_ref("<Application,Lantlr/LexerGrammar>")
"< Application, Lantlr/JavaCodeGenerator, genElementAST(Lantlr/AlternativeElement;)V >"	1	5	4	java_type_ref("<Application,Lantlr/TreeWalkerGrammar>")
"< Application, Lantlr/CppCodeGenerator, processStringForASTConstructor(Ljava/lang/String;)Ljava/lang/String; >"	3	7	6	java_type_ref("<Application,Lantlr/TreeWalkerGrammar>")
"< Application, Lantlr/CppCodeGenerator, genCommonBlock(Lantlr/AlternativeBlock;Z)Lantlr/CppBlockFinishingInfo; >"	332	315	314	java_type_ref("<Application,Lantlr/LexerGrammar>")
"< Application, Lantlr/CSharpCodeGenerator, genBody(Lantlr/LexerGrammar;)V >"	260	365	364	java_type_ref("<Application,Lantlr/RuleSymbol>")
"< Application, Lantlr/JavaCodeGenerator, genRule(Lantlr/RuleSymbol;ZI)V >"	377	468	467	java_type_ref("<Application,Lantlr/LexerGrammar>")
"< Application, Lantlr/actions/cpp/ActionLexer, nextToken()Lantlr/Token; >"	35	38	37	java_type_ref("<Application,Lantlr/CharStreamIOException>")
"< Application, Lantlr/JavaCodeGenerator, gen(Lantlr/TreeWalkerGrammar;)V >"	2	6	5	java_type_ref("<Application,Lantlr/TreeWalkerGrammar>")
"< Application, Lantlr/JavaCodeGenerator, gen(Lantlr/RuleRefElement;)V >"	123	126	125	java_type_ref("<Application,Lantlr/LexerGrammar>")
"< Application, Lantlr/CppCodeGenerator, genBlockPreamble(Lantlr/AlternativeBlock;)V >"	67	78	77	java_type_ref("<Application,Lantlr/TreeWalkerGrammar>")
"< Application, Lantlr/CodeGenerator, getFOLLOWBitSet(Ljava/lang/String;I)Ljava/lang/String; >"	2	8	7	java_type_ref("<Application,Lantlr/RuleSymbol>")
"< Application, Lantlr/JavaCodeGenerator, genMatchUsingAtomText(Lantlr/GrammarAtom;)V >"	1	6	5	java_type_ref("<Application,Lantlr/TreeWalkerGrammar>")
"< Application, Lantlr/JavaCodeGenerator, genBlockPreamble(Lantlr/AlternativeBlock;)V >"	65	76	75	java_type_ref("<Application,Lantlr/TreeWalkerGrammar>")
"< Application, Lantlr/CSharpCodeGenerator, genErrorCatchForElement(Lantlr/AlternativeElement;)V >"	5	9	8	java_type_ref("<Application,Lantlr/LexerGrammar>")
"< Application, Lantlr/CSharpCodeGenerator, gen(Lantlr/TreeElement;)V >"	60	98	97	java_type_ref("<Application,Lantlr/WildcardElement>")
"< Application, Lantlr/JavaCodeGenerator, genAlt(Lantlr/Alternative;Lantlr/AlternativeBlock;)V >"	35	32	3	java_type_ref("<Application,Lantlr/RuleBlock>")
"< Application, Lantlr/CSharpCodeGenerator, gen(Lantlr/RuleRefElement;)V >"	183	186	185	java_type_ref("<Application,Lantlr/LexerGrammar>")
"< Application, Lantlr/RuleBlock, setOption(Lantlr/Token;Lantlr/Token;)V >"	74	73	72	java_type_ref("<Application,Lantlr/LexerGrammar>")
"< Application, Lantlr/DefaultToolErrorHandler, warnAltAmbiguity(Lantlr/Grammar;Lantlr/AlternativeBlock;ZI[Lantlr/Lookahead;II)V >"	2	13	3	java_type_ref("<Application,Lantlr/RuleBlock>")
"< Application, Lantlr/CppCodeGenerator, processActionForSpecialSymbols(Ljava/lang/String;ILantlr/RuleBlock;Lantlr/ActionTransInfo;)Ljava/lang/String; >"	16	21	20	java_type_ref("<Application,Lantlr/LexerGrammar>")
"< Application, Lantlr/LLkAnalyzer, deterministic(Lantlr/AlternativeBlock;)Z >"	186	175	174	java_type_ref("<Application,Lantlr/BlockEndElement>")
"< Application, Lantlr/CppCodeGenerator, genSynPred(Lantlr/SynPredBlock;Ljava/lang/String;)V >"	29	52	51	java_type_ref("<Application,Lantlr/TreeWalkerGrammar>")
"< Application, Lantlr/CSharpCodeGenerator, gen(Lantlr/RuleRefElement;)V >"	102	65	64	java_type_ref("<Application,Lantlr/LexerGrammar>")
"< Application, Lantlr/CSharpCodeGenerator, gen(Lantlr/WildcardElement;)V >"	34	60	59	java_type_ref("<Application,Lantlr/LexerGrammar>")
"< Application, Lantlr/CSharpCodeGenerator, gen(Lantlr/TokenRefElement;)V >"	34	52	51	java_type_ref("<Application,Lantlr/TreeWalkerGrammar>")
"< Application, Lantlr/CSharpCodeGenerator, genElementAST(Lantlr/AlternativeElement;)V >"	156	160	159	java_type_ref("<Application,Lantlr/TreeWalkerGrammar>")
"< Application, Lantlr/JavaCodeGenerator, genAlt(Lantlr/Alternative;Lantlr/AlternativeBlock;)V >"	28	27	30	java_type_ref("<Application,Lantlr/BlockEndElement>")
"< Application, Lantlr/CppCodeGenerator, genCommonBlock(Lantlr/AlternativeBlock;Z)Lantlr/CppBlockFinishingInfo; >"	53	501	500	java_type_ref("<Application,Lantlr/TreeWalkerGrammar>")
"< Application, Lantlr/JavaCodeGenerator, gen(Lantlr/RuleRefElement;)V >"	172	175	174	java_type_ref("<Application,Lantlr/LexerGrammar>")
"< Application, Lantlr/CSharpCodeGenerator, gen(Lantlr/RuleRefElement;)V >"	124	127	126	java_type_ref("<Application,Lantlr/LexerGrammar>")
"< Application, Lantlr/CSharpCodeGenerator, genRule(Lantlr/RuleSymbol;ZILantlr/TokenManager;)V >"	181	219	218	java_type_ref("<Application,Lantlr/LexerGrammar>")
"< Application, Lantlr/CSharpCodeGenerator, genElementAST(Lantlr/AlternativeElement;)V >"	93	71	70	java_type_ref("<Application,Lantlr/TreeWalkerGrammar>")
"< Application, Lantlr/CppCodeGenerator, mapTreeVariable(Lantlr/AlternativeElement;Ljava/lang/String;)V >"	8	10	2	java_type_ref("<Application,Lantlr/TokenRefElement>")
"< Application, Lantlr/CppCodeGenerator, getValueString(I)Ljava/lang/String; >"	17	14	10	java_type_ref("<Application,Lantlr/StringLiteralSymbol>")
"< Application, Lantlr/CppCodeGenerator, genBody(Lantlr/ParserGrammar;)V >"	84	116	115	java_type_ref("<Application,Lantlr/RuleSymbol>")
"< Application, Lantlr/CppCodeGenerator, mapTreeId(Ljava/lang/String;Lantlr/ActionTransInfo;)Ljava/lang/String; >"	4	9	8	java_type_ref("<Application,Lantlr/TreeWalkerGrammar>")
"< Application, Lantlr/JavaCodeGenerator, processActionForSpecialSymbols(Ljava/lang/String;ILantlr/RuleBlock;Lantlr/ActionTransInfo;)Ljava/lang/String; >"	16	21	20	java_type_ref("<Application,Lantlr/LexerGrammar>")
"< Application, Lantlr/CSharpCodeGenerator, genBlockPreamble(Lantlr/AlternativeBlock;)V >"	54	59	58	java_type_ref("<Application,Lantlr/LexerGrammar>")
"< Application, Lantlr/JavaCodeGenerator, genRule(Lantlr/RuleSymbol;ZI)V >"	425	513	512	java_type_ref("<Application,Lantlr/LexerGrammar>")
"< Application, Lantlr/JavaCodeGenerator, genElementAST(Lantlr/AlternativeElement;)V >"	133	127	2	java_type_ref("<Application,Lantlr/GrammarAtom>")
"< Application, Lantlr/JavaCodeGenerator, processActionForSpecialSymbols(Ljava/lang/String;ILantlr/RuleBlock;Lantlr/ActionTransInfo;)Ljava/lang/String; >"	13	19	18	java_type_ref("<Application,Lantlr/TreeWalkerGrammar>")
"< Application, Lantlr/LLkAnalyzer, deterministicImpliedPath(Lantlr/BlockWithImpliedExitPath;)Z >"	119	136	135	java_type_ref("<Application,Lantlr/BlockEndElement>")
"< Application, Lantlr/CppCodeGenerator, setupGrammarParameters(Lantlr/Grammar;)V >"	2	6	2	java_type_ref("<Application,Lantlr/LexerGrammar>")
"< Application, Lantlr/CppCodeGenerator, genMatch(Lantlr/GrammarAtom;)V >"	0	4	2	java_type_ref("<Application,Lantlr/StringLiteralElement>")
"< Application, Lantlr/CppCodeGenerator, genAlt(Lantlr/Alternative;Lantlr/AlternativeBlock;)V >"	35	32	3	java_type_ref("<Application,Lantlr/RuleBlock>")
"< Application, Lantlr/CppCodeGenerator, gen(Lantlr/TreeElement;)V >"	71	116	115	java_type_ref("<Application,Lantlr/WildcardElement>")
"< Application, Lantlr/JavaCodeGenerator, gen(Lantlr/TokenRefElement;)V >"	34	52	51	java_type_ref("<Application,Lantlr/TreeWalkerGrammar>")
"< Application, Lantlr/JavaCodeGenerator, genMatch(Lantlr/GrammarAtom;)V >"	12	13	12	java_type_ref("<Application,Lantlr/LexerGrammar>")
"< Application, Lantlr/CSharpCodeGenerator, genRule(Lantlr/RuleSymbol;ZILantlr/TokenManager;)V >"	112	127	126	java_type_ref("<Application,Lantlr/LexerGrammar>")
"< Application, Lantlr/CppCodeGenerator, genElementAST(Lantlr/AlternativeElement;)V >"	184	234	2	java_type_ref("<Application,Lantlr/GrammarAtom>")
"< Application, Lantlr/LLkAnalyzer, look(ILantlr/BlockEndElement;)Lantlr/Lookahead; >"	23	34	33	java_type_ref("<Application,Lantlr/ZeroOrMoreBlock>")
"< Application, Lantlr/JavaCodeGenerator, genElementAST(Lantlr/AlternativeElement;)V >"	156	160	159	java_type_ref("<Application,Lantlr/TreeWalkerGrammar>")
"< Application, Lantlr/MakeGrammar, refTokenRange(Lantlr/Token;Lantlr/Token;Lantlr/Token;IZ)V >"	1	9	8	java_type_ref("<Application,Lantlr/LexerGrammar>")
"< Application, Lantlr/HTMLCodeGenerator, genGenericBlock(Lantlr/AlternativeBlock;Ljava/lang/String;)V >"	8	18	17	java_type_ref("<Application,Lantlr/AlternativeBlock>")
"< Application, Lantlr/CppCodeGenerator, genBody(Lantlr/ParserGrammar;)V >"	277	410	409	java_type_ref("<Application,Lantlr/RuleSymbol>")
"< Application, Lantlr/LLkAnalyzer, deterministicImpliedPath(Lantlr/BlockWithImpliedExitPath;)Z >"	109	132	131	java_type_ref("<Application,Lantlr/BlockEndElement>")
"< Application, Lantlr/JavaCodeGenerator, gen(Lantlr/WildcardElement;)V >"	21	31	30	java_type_ref("<Application,Lantlr/LexerGrammar>")
"< Application, Lantlr/RuleBlock, setOption(Lantlr/Token;Lantlr/Token;)V >"	57	108	107	java_type_ref("<Application,Lantlr/LexerGrammar>")
"< Application, Lantlr/CppCodeGenerator, gen(Lantlr/RuleRefElement;)V >"	104	70	69	java_type_ref("<Application,Lantlr/LexerGrammar>")
"< Application, Lantlr/CppCodeGenerator, genBlockPreamble(Lantlr/AlternativeBlock;)V >"	54	59	58	java_type_ref("<Application,Lantlr/LexerGrammar>")
"< Application, Lantlr/LLkAnalyzer, subruleCanBeInverted(Lantlr/AlternativeBlock;Z)Z >"	28	24	21	java_type_ref("<Application,Lantlr/CharRangeElement>")
"< Application, Lantlr/JavaCodeGenerator, gen(Lantlr/RuleRefElement;)V >"	101	64	63	java_type_ref("<Application,Lantlr/LexerGrammar>")
"< Application, Lantlr/JavaCodeGenerator, gen(Lantlr/ParserGrammar;)V >"	7	10	9	java_type_ref("<Application,Lantlr/ParserGrammar>")
"< Application, Lantlr/CppCodeGenerator, GenRuleInvocation(Lantlr/RuleRefElement;)V >"	79	108	107	java_type_ref("<Application,Lantlr/TreeWalkerGrammar>")
"< Application, Lantlr/ANTLRParser, classDef()V >"	122	133	127	java_type_ref("<Application,Lantlr/NoViableAltException>")
"< Application, Lantlr/JavaCodeGenerator, genRule(Lantlr/RuleSymbol;ZI)V >"	101	118	117	java_type_ref("<Application,Lantlr/ParserGrammar>")
"< Application, Lantlr/CSharpCodeGenerator, genBody(Lantlr/TreeWalkerGrammar;)V >"	159	221	220	java_type_ref("<Application,Lantlr/RuleSymbol>")
"< Application, Lantlr/MakeGrammar, refCharRange(Lantlr/Token;Lantlr/Token;Lantlr/Token;IZ)V >"	1	9	8	java_type_ref("<Application,Lantlr/LexerGrammar>")
"< Application, Lantlr/CSharpCodeGenerator, mapTreeVariable(Lantlr/AlternativeElement;Ljava/lang/String;)V >"	8	10	2	java_type_ref("<Application,Lantlr/TokenRefElement>")
"< Application, Lantlr/CSharpCodeGenerator, gen(Lantlr/StringLiteralElement;)V >"	36	51	50	java_type_ref("<Application,Lantlr/TreeWalkerGrammar>")
"< Application, Lantlr/CSharpCodeGenerator, genRule(Lantlr/RuleSymbol;ZILantlr/TokenManager;)V >"	106	120	119	java_type_ref("<Application,Lantlr/LexerGrammar>")
"< Application, Lantlr/CSharpCodeGenerator, genMatch(Lantlr/GrammarAtom;)V >"	9	6	2	java_type_ref("<Application,Lantlr/CharLiteralElement>")
"< Application, Lantlr/LLkAnalyzer, subruleCanBeInverted(Lantlr/AlternativeBlock;Z)Z >"	30	25	21	java_type_ref("<Application,Lantlr/TokenRangeElement>")
"< Application, Lantlr/HTMLCodeGenerator, gen(Lantlr/TreeWalkerGrammar;)V >"	57	87	86	java_type_ref("<Application,Lantlr/RuleSymbol>")
"< Application, Lantlr/CSharpCodeGenerator, genCases(Lantlr/collections/impl/BitSet;)V >"	12	23	22	java_type_ref("<Application,Lantlr/LexerGrammar>")
"< Application, Lantlr/CppCodeGenerator, genBlockPreamble(Lantlr/AlternativeBlock;)V >"	16	18	15	java_type_ref("<Application,Lantlr/RuleBlock>")
"< Application, Lantlr/JavaCodeGenerator, gen(Lantlr/WildcardElement;)V >"	50	68	67	java_type_ref("<Application,Lantlr/TreeWalkerGrammar>")
"< Application, Lantlr/CppCodeGenerator, genASTDeclaration(Lantlr/AlternativeElement;Ljava/lang/String;Ljava/lang/String;)V >"	5	11	2	java_type_ref("<Application,Lantlr/GrammarAtom>")
"< Application, Lantlr/CSharpCodeGenerator, genSynPred(Lantlr/SynPredBlock;Ljava/lang/String;)V >"	30	53	52	java_type_ref("<Application,Lantlr/TreeWalkerGrammar>")
"< Application, Lantlr/CppCodeGenerator, GenRuleInvocation(Lantlr/RuleRefElement;)V >"	8	16	15	java_type_ref("<Application,Lantlr/LexerGrammar>")
"< Application, Lantlr/MakeGrammar, refReturnAction(Lantlr/Token;)V >"	1	5	4	java_type_ref("<Application,Lantlr/LexerGrammar>")
"< Application, Lantlr/LLkAnalyzer, deterministicImpliedPath(Lantlr/BlockWithImpliedExitPath;)Z >"	12	19	18	java_type_ref("<Application,Lantlr/BlockEndElement>")
"< Application, Lantlr/LLkAnalyzer, altUsesWildcardDefault(Lantlr/Alternative;)Z >"	8	10	4	java_type_ref("<Application,Lantlr/WildcardElement>")
"< Application, Lantlr/MakeGrammar, endSubRule()V >"	38	56	11	java_type_ref("<Application,Lantlr/SynPredBlock>")
"< Application, Lantlr/JavaCodeGenerator, genSynPred(Lantlr/SynPredBlock;Ljava/lang/String;)V >"	64	102	101	java_type_ref("<Application,Lantlr/LexerGrammar>")
"< Application, Lantlr/CSharpCodeGenerator, genMatchUsingAtomTokenType(Lantlr/GrammarAtom;)V >"	1	6	5	java_type_ref("<Application,Lantlr/TreeWalkerGrammar>")
"< Application, Lantlr/CSharpCodeGenerator, genSemPred(Ljava/lang/String;I)V >"	10	17	16	java_type_ref("<Application,Lantlr/ParserGrammar>")
"< Application, Lantlr/CppCodeGenerator, setupGrammarParameters(Lantlr/Grammar;)V >"	180	140	2	java_type_ref("<Application,Lantlr/LexerGrammar>")
"< Application, Lantlr/CppCodeGenerator, mapTreeVariable(Lantlr/AlternativeElement;Ljava/lang/String;)V >"	0	5	2	java_type_ref("<Application,Lantlr/TreeElement>")
"< Application, Lantlr/CSharpCodeGenerator, genSynPred(Lantlr/SynPredBlock;Ljava/lang/String;)V >"	62	101	100	java_type_ref("<Application,Lantlr/ParserGrammar>")
"< Application, Lantlr/CppCodeGenerator, genBlockPreamble(Lantlr/AlternativeBlock;)V >"	18	19	15	java_type_ref("<Application,Lantlr/SynPredBlock>")
"< Application, Lantlr/JavaCodeGenerator, genBlockPreamble(Lantlr/AlternativeBlock;)V >"	14	17	15	java_type_ref("<Application,Lantlr/AlternativeBlock>")
"< Application, Lantlr/CSharpCodeGenerator, gen(Lantlr/ParserGrammar;)V >"	7	10	9	java_type_ref("<Application,Lantlr/ParserGrammar>")
"< Application, Lantlr/MakeGrammar, refStringLiteral(Lantlr/Token;Lantlr/Token;IZ)V >"	2	9	8	java_type_ref("<Application,Lantlr/TreeWalkerGrammar>")
"< Application, Lantlr/CppCodeGenerator, gen(Lantlr/RuleRefElement;)V >"	126	132	131	java_type_ref("<Application,Lantlr/LexerGrammar>")
"< Application, Lantlr/JavaCodeGenerator, GenRuleInvocation(Lantlr/RuleRefElement;)V >"	95	128	127	java_type_ref("<Application,Lantlr/TreeWalkerGrammar>")
"< Application, Lantlr/CppCodeGenerator, gen(Lantlr/RuleRefElement;)V >"	49	31	30	java_type_ref("<Application,Lantlr/TreeWalkerGrammar>")
"< Application, Lantlr/CppCodeGenerator, genMatchUsingAtomText(Lantlr/GrammarAtom;)V >"	16	28	27	java_type_ref("<Application,Lantlr/LexerGrammar>")
"< Application, Lantlr/CppCodeGenerator, gen(Lantlr/RuleRefElement;)V >"	69	60	59	java_type_ref("<Application,Lantlr/LexerGrammar>")
"< Application, Lantlr/CppCodeGenerator, getASTCreateString(Lantlr/GrammarAtom;Ljava/lang/String;)Ljava/lang/String; >"	36	24	23	java_type_ref("<Application,Lantlr/TreeWalkerGrammar>")
"< Application, Lantlr/StringLiteralElement, <init>(Lantlr/Grammar;Lantlr/Token;I)V >"	48	63	2	java_type_ref("<Application,Lantlr/LexerGrammar>")
"< Application, Lantlr/JavaCodeGenerator, genMatchUsingAtomText(Lantlr/GrammarAtom;)V >"	5	11	10	java_type_ref("<Application,Lantlr/LexerGrammar>")
"< Application, Lantlr/CppCodeGenerator, genSynPred(Lantlr/SynPredBlock;Ljava/lang/String;)V >"	129	185	184	java_type_ref("<Application,Lantlr/ParserGrammar>")
"< Application, Lantlr/CppCodeGenerator, genRule(Lantlr/RuleSymbol;ZILjava/lang/String;)V >"	194	250	249	java_type_ref("<Application,Lantlr/TreeWalkerGrammar>")
"< Application, Lantlr/DiagnosticCodeGenerator, gen(Lantlr/ParserGrammar;)V >"	80	113	112	java_type_ref("<Application,Lantlr/RuleSymbol>")
"< Application, Lantlr/CppCodeGenerator, setupGrammarParameters(Lantlr/Grammar;)V >"	111	139	2	java_type_ref("<Application,Lantlr/ParserGrammar>")
"< Application, Lantlr/DiagnosticCodeGenerator, gen(Lantlr/RuleRefElement;)V >"	44	53	8	java_type_ref("<Application,Lantlr/RuleSymbol>")
"< Application, Lantlr/LLkAnalyzer, deterministic(Lantlr/AlternativeBlock;)Z >"	195	208	207	java_type_ref("<Application,Lantlr/BlockEndElement>")
"< Application, Lantlr/CSharpCodeGenerator, gen(Lantlr/TokenRefElement;)V >"	11	21	20	java_type_ref("<Application,Lantlr/LexerGrammar>")
"< Application, Lantlr/StringLiteralElement, <init>(Lantlr/Grammar;Lantlr/Token;I)V >"	1	7	2	java_type_ref("<Application,Lantlr/LexerGrammar>")
"< Application, Lantlr/MakeGrammar, endExceptionSpec()V >"	7	12	11	java_type_ref("<Application,Lantlr/RuleBlock>")
"< Application, Lantlr/CppCodeGenerator, genErrorTryForElement(Lantlr/AlternativeElement;)V >"	5	9	8	java_type_ref("<Application,Lantlr/LexerGrammar>")
"< Application, Lantlr/CSharpCodeGenerator, genMatchUsingAtomText(Lantlr/GrammarAtom;)V >"	31	38	37	java_type_ref("<Application,Lantlr/LexerGrammar>")
"< Application, Lantlr/CSharpCodeGenerator, genRule(Lantlr/RuleSymbol;ZILantlr/TokenManager;)V >"	396	486	485	java_type_ref("<Application,Lantlr/TreeWalkerGrammar>")
"< Application, Lantlr/CSharpCodeGenerator, gen(Lantlr/RuleRefElement;)V >"	49	31	30	java_type_ref("<Application,Lantlr/TreeWalkerGrammar>")
"< Application, Lantlr/MakeGrammar, refElementOption(Lantlr/Token;Lantlr/Token;)V >"	2	9	8	java_type_ref("<Application,Lantlr/StringLiteralElement>")
"< Application, Lantlr/CppCodeGenerator, genMatchUsingAtomText(Lantlr/GrammarAtom;)V >"	45	63	62	java_type_ref("<Application,Lantlr/LexerGrammar>")
"< Application, Lantlr/DocBookCodeGenerator, genGenericBlock(Lantlr/AlternativeBlock;Ljava/lang/String;)V >"	24	48	47	java_type_ref("<Application,Lantlr/BlockEndElement>")
"< Application, Lantlr/CppCodeGenerator, genCommonBlock(Lantlr/AlternativeBlock;Z)Lantlr/CppBlockFinishingInfo; >"	329	313	312	java_type_ref("<Application,Lantlr/ParserGrammar>")
"< Application, Lantlr/LLkAnalyzer, deterministic(Lantlr/AlternativeBlock;)Z >"	16	27	2	java_type_ref("<Application,Lantlr/OneOrMoreBlock>")
"< Application, Lantlr/DocBookCodeGenerator, gen(Lantlr/TreeWalkerGrammar;)V >"	57	87	86	java_type_ref("<Application,Lantlr/RuleSymbol>")
"< Application, Lantlr/DefineGrammarSymbols, defineToken(Lantlr/Token;Lantlr/Token;)V >"	37	76	59	java_type_ref("<Application,Lantlr/StringLiteralSymbol>")
"< Application, Lantlr/CSharpCodeGenerator, genSynPred(Lantlr/SynPredBlock;Ljava/lang/String;)V >"	105	149	148	java_type_ref("<Application,Lantlr/TreeWalkerGrammar>")
"< Application, Lantlr/JavaCodeGenerator, gen(Lantlr/StringLiteralElement;)V >"	36	51	50	java_type_ref("<Application,Lantlr/TreeWalkerGrammar>")
"< Application, Lantlr/JavaCodeGenerator, genRule(Lantlr/RuleSymbol;ZI)V >"	365	456	455	java_type_ref("<Application,Lantlr/TreeWalkerGrammar>")
"< Application, Lantlr/ANTLRHashString, equals(Ljava/lang/Object;)Z >"	0	4	2	java_type_ref("<Application,Lantlr/ANTLRHashString>")
"< Application, Lantlr/JavaCodeGenerator, gen(Lantlr/RuleRefElement;)V >"	66	54	53	java_type_ref("<Application,Lantlr/LexerGrammar>")
"< Application, Lantlr/CSharpCodeGenerator, genRule(Lantlr/RuleSymbol;ZILantlr/TokenManager;)V >"	465	551	550	java_type_ref("<Application,Lantlr/LexerGrammar>")
"< Application, Lantlr/DiagnosticCodeGenerator, gen(Lantlr/RuleRefElement;)V >"	70	56	55	java_type_ref("<Application,Lantlr/LexerGrammar>")
"< Application, Lantlr/CppCodeGenerator, getValueString(I)Ljava/lang/String; >"	1	5	4	java_type_ref("<Application,Lantlr/LexerGrammar>")
"< Application, Lantlr/CppCodeGenerator, genCommonBlock(Lantlr/AlternativeBlock;Z)Lantlr/CppBlockFinishingInfo; >"	190	164	163	java_type_ref("<Application,Lantlr/LexerGrammar>")
"< Application, Lantlr/CppCodeGenerator, processActionForSpecialSymbols(Ljava/lang/String;ILantlr/RuleBlock;Lantlr/ActionTransInfo;)Ljava/lang/String; >"	19	23	22	java_type_ref("<Application,Lantlr/ParserGrammar>")
"< Application, Lantlr/LLkAnalyzer, look(ILantlr/BlockEndElement;)Lantlr/Lookahead; >"	45	49	48	java_type_ref("<Application,Lantlr/SynPredBlock>")
"< Application, Lantlr/MakeGrammar, endSubRule()V >"	18	19	18	java_type_ref("<Application,Lantlr/LexerGrammar>")
"< Application, Lantlr/DiagnosticCodeGenerator, gen(Lantlr/TreeWalkerGrammar;)V >"	80	113	112	java_type_ref("<Application,Lantlr/RuleSymbol>")
"< Application, Lantlr/CppCodeGenerator, genSemPred(Ljava/lang/String;I)V >"	13	19	18	java_type_ref("<Application,Lantlr/LexerGrammar>")
"< Application, Lantlr/CodeGenerator, getFIRSTBitSet(Ljava/lang/String;I)Ljava/lang/String; >"	2	8	7	java_type_ref("<Application,Lantlr/RuleSymbol>")
"< Application, Lantlr/CSharpCodeGenerator, genMatch(Lantlr/GrammarAtom;)V >"	28	8	2	java_type_ref("<Application,Lantlr/WildcardElement>")
"< Application, Lantlr/CppCodeGenerator, gen(Lantlr/WildcardElement;)V >"	16	29	28	java_type_ref("<Application,Lantlr/TreeWalkerGrammar>")
"< Application, Lantlr/CppCodeGenerator, gen(Lantlr/LexerGrammar;)V >"	7	10	9	java_type_ref("<Application,Lantlr/LexerGrammar>")
"< Application, Lantlr/MakeGrammar, defineRuleName(Lantlr/Token;Ljava/lang/String;ZLjava/lang/String;)V >"	3	41	40	java_type_ref("<Application,Lantlr/LexerGrammar>")
"< Application, Lantlr/CSharpCodeGenerator, genBlockPreamble(Lantlr/AlternativeBlock;)V >"	28	26	25	java_type_ref("<Application,Lantlr/LexerGrammar>")
"< Application, Lantlr/RuleBlock, setOption(Lantlr/Token;Lantlr/Token;)V >"	25	123	122	java_type_ref("<Application,Lantlr/LexerGrammar>")
"< Application, Lantlr/CSharpCodeGenerator, getValueString(I)Ljava/lang/String; >"	1	5	4	java_type_ref("<Application,Lantlr/LexerGrammar>")
"< Application, Lantlr/JavaCodeGenerator, gen(Lantlr/CharRangeElement;)V >"	15	28	27	java_type_ref("<Application,Lantlr/LexerGrammar>")
"< Application, Lantlr/CSharpCodeGenerator, genSemPred(Ljava/lang/String;I)V >"	13	19	18	java_type_ref("<Application,Lantlr/LexerGrammar>")
"< Application, Lantlr/MakeGrammar, refToken(Lantlr/Token;Lantlr/Token;Lantlr/Token;Lantlr/Token;ZIZ)V >"	1	11	10	java_type_ref("<Application,Lantlr/LexerGrammar>")
"< Application, Lantlr/CSharpCodeGenerator, genRule(Lantlr/RuleSymbol;ZILantlr/TokenManager;)V >"	478	578	577	java_type_ref("<Application,Lantlr/TreeWalkerGrammar>")
"< Application, Lantlr/CppCodeGenerator, genElementAST(Lantlr/AlternativeElement;)V >"	145	145	2	java_type_ref("<Application,Lantlr/GrammarAtom>")
"< Application, Lantlr/CSharpCodeGenerator, gen(Lantlr/WildcardElement;)V >"	21	31	30	java_type_ref("<Application,Lantlr/LexerGrammar>")
"< Application, Lantlr/CppCodeGenerator, gen(Lantlr/RuleRefElement;)V >"	31	28	24	java_type_ref("<Application,Lantlr/RuleSymbol>")
"< Application, Lantlr/CppCodeGenerator, genCommonBlock(Lantlr/AlternativeBlock;Z)Lantlr/CppBlockFinishingInfo; >"	276	256	255	java_type_ref("<Application,Lantlr/TreeWalkerGrammar>")
"< Application, Lantlr/CSharpCodeGenerator, mapTreeVariable(Lantlr/AlternativeElement;Ljava/lang/String;)V >"	0	5	2	java_type_ref("<Application,Lantlr/TreeElement>")
"< Application, Lantlr/LLkAnalyzer, subruleCanBeInverted(Lantlr/AlternativeBlock;Z)Z >"	24	22	21	java_type_ref("<Application,Lantlr/CharLiteralElement>")
"< Application, Lantlr/CppCodeGenerator, gen(Lantlr/ParserGrammar;)V >"	7	10	9	java_type_ref("<Application,Lantlr/ParserGrammar>")
"< Application, Lantlr/LLkAnalyzer, deterministic(Lantlr/AlternativeBlock;)Z >"	172	168	167	java_type_ref("<Application,Lantlr/BlockEndElement>")
"< Application, Lantlr/JavaCodeGenerator, genRule(Lantlr/RuleSymbol;ZI)V >"	106	120	119	java_type_ref("<Application,Lantlr/LexerGrammar>")
"< Application, Lantlr/JavaCodeGenerator, genMatch(Lantlr/GrammarAtom;)V >"	24	7	2	java_type_ref("<Application,Lantlr/TokenRefElement>")
"< Application, Lantlr/CSharpCodeGenerator, GenRuleInvocation(Lantlr/RuleRefElement;)V >"	95	128	127	java_type_ref("<Application,Lantlr/TreeWalkerGrammar>")
"< Application, Lantlr/CSharpCodeGenerator, genElementAST(Lantlr/AlternativeElement;)V >"	195	180	2	java_type_ref("<Application,Lantlr/GrammarAtom>")
"< Application, Lantlr/JavaCodeGenerator, genRule(Lantlr/RuleSymbol;ZI)V >"	321	393	392	java_type_ref("<Application,Lantlr/TreeWalkerGrammar>")
"< Application, Lantlr/MakeGrammar, refRule(Lantlr/Token;Lantlr/Token;Lantlr/Token;Lantlr/Token;I)V >"	1	9	8	java_type_ref("<Application,Lantlr/LexerGrammar>")
"< Application, Lantlr/collections/impl/BitSet, subset(Lantlr/collections/impl/BitSet;)Z >"	1	5	2	java_type_ref("<Application,Lantlr/collections/impl/BitSet>")
"< Application, Lantlr/CppCodeGenerator, genErrorCatchForElement(Lantlr/AlternativeElement;)V >"	5	9	8	java_type_ref("<Application,Lantlr/LexerGrammar>")
"< Application, Lantlr/CppCodeGenerator, genElementAST(Lantlr/AlternativeElement;)V >"	1	5	4	java_type_ref("<Application,Lantlr/TreeWalkerGrammar>")
"< Application, Lantlr/actions/csharp/ActionLexer, nextToken()Lantlr/Token; >"	35	38	37	java_type_ref("<Application,Lantlr/CharStreamIOException>")
"< Application, Lantlr/CSharpCodeGenerator, setupGrammarParameters(Lantlr/Grammar;)V >"	44	27	2	java_type_ref("<Application,Lantlr/LexerGrammar>")
"< Application, Lantlr/CSharpCodeGenerator, genElementAST(Lantlr/AlternativeElement;)V >"	47	23	2	java_type_ref("<Application,Lantlr/TokenRefElement>")
"< Application, Lantlr/LLkAnalyzer, look(ILantlr/BlockEndElement;)Lantlr/Lookahead; >"	26	36	35	java_type_ref("<Application,Lantlr/OneOrMoreBlock>")
"< Application, Lantlr/Lookahead, toString(Ljava/lang/String;Lantlr/CharFormatter;Lantlr/Grammar;)Ljava/lang/String; >"	0	6	4	java_type_ref("<Application,Lantlr/LexerGrammar>")
"< Application, Lantlr/CppCodeGenerator, genInclude(Lantlr/TreeWalkerGrammar;)V >"	226	322	321	java_type_ref("<Application,Lantlr/RuleSymbol>")
"< Application, Lantlr/JavaCodeGenerator, genCommonBlock(Lantlr/AlternativeBlock;Z)Lantlr/JavaBlockFinishingInfo; >"	57	450	449	java_type_ref("<Application,Lantlr/TreeWalkerGrammar>")
"< Application, Lantlr/CppCodeGenerator, genMatch(Lantlr/GrammarAtom;)V >"	12	13	12	java_type_ref("<Application,Lantlr/LexerGrammar>")
"< Application, Lantlr/JavaCodeGenerator, setupGrammarParameters(Lantlr/Grammar;)V >"	0	4	2	java_type_ref("<Application,Lantlr/ParserGrammar>")
"< Application, Lantlr/CppCodeGenerator, gen(Lantlr/WildcardElement;)V >"	34	49	48	java_type_ref("<Application,Lantlr/LexerGrammar>")
"< Application, Lantlr/CSharpCodeGenerator, genCommonBlock(Lantlr/AlternativeBlock;Z)Lantlr/CSharpBlockFinishingInfo; >"	304	282	281	java_type_ref("<Application,Lantlr/LexerGrammar>")
"< Application, Lantlr/MakeGrammar, refElementOption(Lantlr/Token;Lantlr/Token;)V >"	4	11	8	java_type_ref("<Application,Lantlr/TokenRefElement>")
"< Application, Lantlr/JavaCodeGenerator, genCases(Lantlr/collections/impl/BitSet;)V >"	12	23	22	java_type_ref("<Application,Lantlr/LexerGrammar>")
"< Application, Lantlr/CSharpCodeGenerator, genRule(Lantlr/RuleSymbol;ZILantlr/TokenManager;)V >"	454	549	548	java_type_ref("<Application,Lantlr/ParserGrammar>")
"< Application, Lantlr/CppCodeGenerator, genRule(Lantlr/RuleSymbol;ZILjava/lang/String;)V >"	173	221	220	java_type_ref("<Application,Lantlr/ParserGrammar>")
"< Application, Lantlr/JavaCodeGenerator, genElementAST(Lantlr/AlternativeElement;)V >"	73	49	2	java_type_ref("<Application,Lantlr/GrammarAtom>")
"< Application, Lantlr/CSharpCodeGenerator, processActionForSpecialSymbols(Ljava/lang/String;ILantlr/RuleBlock;Lantlr/ActionTransInfo;)Ljava/lang/String; >"	19	23	22	java_type_ref("<Application,Lantlr/ParserGrammar>")
"< Application, Lantlr/LLkAnalyzer, subruleCanBeInverted(Lantlr/AlternativeBlock;Z)Z >"	4	8	2	java_type_ref("<Application,Lantlr/SynPredBlock>")
"< Application, Lantlr/CppCodeGenerator, genInclude(Lantlr/ParserGrammar;)V >"	309	438	437	java_type_ref("<Application,Lantlr/RuleSymbol>")
"< Application, Lantlr/CppCodeGenerator, gen(Lantlr/TokenRefElement;)V >"	11	21	20	java_type_ref("<Application,Lantlr/LexerGrammar>")
"< Application, Lantlr/CSharpCodeGenerator, genBlockPreamble(Lantlr/AlternativeBlock;)V >"	16	18	15	java_type_ref("<Application,Lantlr/RuleBlock>")
"< Application, Lantlr/JavaCodeGenerator, processActionForSpecialSymbols(Ljava/lang/String;ILantlr/RuleBlock;Lantlr/ActionTransInfo;)Ljava/lang/String; >"	19	23	22	java_type_ref("<Application,Lantlr/ParserGrammar>")
"< Application, Lantlr/LLkAnalyzer, subruleCanBeInverted(Lantlr/AlternativeBlock;Z)Z >"	36	28	27	java_type_ref("<Application,Lantlr/BlockEndElement>")
"< Application, Lantlr/CSharpCodeGenerator, processActionForSpecialSymbols(Ljava/lang/String;ILantlr/RuleBlock;Lantlr/ActionTransInfo;)Ljava/lang/String; >"	16	21	20	java_type_ref("<Application,Lantlr/LexerGrammar>")
"< Application, Lantlr/CSharpCodeGenerator, gen(Lantlr/WildcardElement;)V >"	52	70	69	java_type_ref("<Application,Lantlr/TreeWalkerGrammar>")
"< Application, Lantlr/CppCodeGenerator, genRule(Lantlr/RuleSymbol;ZILjava/lang/String;)V >"	184	223	222	java_type_ref("<Application,Lantlr/LexerGrammar>")
"< Application, Lantlr/JavaCodeGenerator, genElementAST(Lantlr/AlternativeElement;)V >"	93	71	70	java_type_ref("<Application,Lantlr/TreeWalkerGrammar>")
"< Application, Lantlr/JavaCodeGenerator, genBlockPreamble(Lantlr/AlternativeBlock;)V >"	20	20	15	java_type_ref("<Application,Lantlr/RuleRefElement>")
"< Application, Lantlr/LLkAnalyzer, look(ILantlr/BlockEndElement;)Lantlr/Lookahead; >"	39	47	46	java_type_ref("<Application,Lantlr/TreeElement>")
"< Application, Lantlr/LLkAnalyzer, altUsesWildcardDefault(Lantlr/Alternative;)Z >"	1	5	4	java_type_ref("<Application,Lantlr/TreeElement>")
"< Application, Lantlr/CppCodeGenerator, gen(Lantlr/StringLiteralElement;)V >"	36	51	50	java_type_ref("<Application,Lantlr/TreeWalkerGrammar>")
"< Application, Lantlr/CSharpCodeGenerator, GenRuleInvocation(Lantlr/RuleRefElement;)V >"	8	16	15	java_type_ref("<Application,Lantlr/LexerGrammar>")
"< Application, Lantlr/JavaCodeGenerator, genMatch(Lantlr/GrammarAtom;)V >"	0	4	2	java_type_ref("<Application,Lantlr/StringLiteralElement>")
"< Application, Lantlr/JavaCodeGenerator, genRule(Lantlr/RuleSymbol;ZI)V >"	221	269	268	java_type_ref("<Application,Lantlr/TreeWalkerGrammar>")
"< Application, Lantlr/JavaCodeGenerator, gen(Lantlr/LexerGrammar;)V >"	7	10	9	java_type_ref("<Application,Lantlr/LexerGrammar>")
"< Application, Lantlr/CSharpCodeGenerator, genElementAST(Lantlr/AlternativeElement;)V >"	133	127	2	java_type_ref("<Application,Lantlr/GrammarAtom>")
"< Application, Lantlr/CppCodeGenerator, genMatch(Lantlr/GrammarAtom;)V >"	9	6	2	java_type_ref("<Application,Lantlr/CharLiteralElement>")
"< Application, Lantlr/JavaCodeGenerator, genMatch(Lantlr/GrammarAtom;)V >"	9	6	2	java_type_ref("<Application,Lantlr/CharLiteralElement>")
"< Application, Lantlr/CppCodeGenerator, genElementAST(Lantlr/AlternativeElement;)V >"	47	23	2	java_type_ref("<Application,Lantlr/TokenRefElement>")
"< Application, Lantlr/JavaCodeGenerator, genBlockPreamble(Lantlr/AlternativeBlock;)V >"	54	59	58	java_type_ref("<Application,Lantlr/LexerGrammar>")
"< Application, Lantlr/CSharpCodeGenerator, genElementAST(Lantlr/AlternativeElement;)V >"	73	49	2	java_type_ref("<Application,Lantlr/GrammarAtom>")
"< Application, Lantlr/JavaCodeGenerator, genSynPred(Lantlr/SynPredBlock;Ljava/lang/String;)V >"	103	148	147	java_type_ref("<Application,Lantlr/TreeWalkerGrammar>")
"< Application, Lantlr/HTMLCodeGenerator, genAlt(Lantlr/Alternative;)V >"	8	13	17	java_type_ref("<Application,Lantlr/BlockEndElement>")
"< Application, Lantlr/CSharpCodeGenerator, genMatch(Lantlr/GrammarAtom;)V >"	3	27	26	java_type_ref("<Application,Lantlr/LexerGrammar>")
"< Application, Lantlr/LLkAnalyzer, removeCompetingPredictionSets(Lantlr/collections/impl/BitSet;Lantlr/AlternativeElement;)V >"	5	11	10	java_type_ref("<Application,Lantlr/TreeElement>")
"< Application, Lantlr/CSharpCodeGenerator, genMatch(Lantlr/GrammarAtom;)V >"	12	13	12	java_type_ref("<Application,Lantlr/LexerGrammar>")
"< Application, Lantlr/MakeGrammar, defineRuleName(Lantlr/Token;Ljava/lang/String;ZLjava/lang/String;)V >"	23	10	9	java_type_ref("<Application,Lantlr/LexerGrammar>")
"< Application, Lantlr/JavaCodeGenerator, GenRuleInvocation(Lantlr/RuleRefElement;)V >"	8	16	15	java_type_ref("<Application,Lantlr/LexerGrammar>")
"< Application, Lantlr/JavaCodeGenerator, genRule(Lantlr/RuleSymbol;ZI)V >"	112	127	126	java_type_ref("<Application,Lantlr/LexerGrammar>")
"< Application, Lantlr/CppCodeGenerator, genAlt(Lantlr/Alternative;Lantlr/AlternativeBlock;)V >"	28	27	30	java_type_ref("<Application,Lantlr/BlockEndElement>")
"< Application, Lantlr/LLkAnalyzer, altUsesWildcardDefault(Lantlr/Alternative;)Z >"	5	9	8	java_type_ref("<Application,Lantlr/WildcardElement>")
"< Application, Lantlr/CppCodeGenerator, genBody(Lantlr/LexerGrammar;)V >"	285	391	390	java_type_ref("<Application,Lantlr/StringLiteralSymbol>")
"< Application, Lantlr/JavaCodeGenerator, genBlockPreamble(Lantlr/AlternativeBlock;)V >"	0	4	2	java_type_ref("<Application,Lantlr/RuleBlock>")
"< Application, Lantlr/CSharpCodeGenerator, gen(Lantlr/TreeWalkerGrammar;)V >"	2	6	5	java_type_ref("<Application,Lantlr/TreeWalkerGrammar>")
"< Application, Lantlr/CSharpCodeGenerator, gen(Lantlr/RuleRefElement;)V >"	31	28	24	java_type_ref("<Application,Lantlr/RuleSymbol>")
"< Application, Lantlr/HTMLCodeGenerator, genGenericBlock(Lantlr/AlternativeBlock;Ljava/lang/String;)V >"	36	58	57	java_type_ref("<Application,Lantlr/BlockEndElement>")
"< Application, Lantlr/CppCodeGenerator, genBody(Lantlr/TreeWalkerGrammar;)V >"	111	156	155	java_type_ref("<Application,Lantlr/RuleSymbol>")
"< Application, Lantlr/CppCodeGenerator, genRule(Lantlr/RuleSymbol;ZILjava/lang/String;)V >"	307	393	392	java_type_ref("<Application,Lantlr/TreeWalkerGrammar>")
"< Application, Lantlr/CppCodeGenerator, mapTreeVariable(Lantlr/AlternativeElement;Ljava/lang/String;)V >"	13	11	2	java_type_ref("<Application,Lantlr/RuleRefElement>")
"< Application, Lantlr/LLkAnalyzer, FOLLOW(ILantlr/RuleEndElement;)Lantlr/Lookahead; >"	164	128	127	java_type_ref("<Application,Lantlr/LexerGrammar>")
"< Application, Lantlr/CSharpCodeGenerator, genElementAST(Lantlr/AlternativeElement;)V >"	172	210	2	java_type_ref("<Application,Lantlr/GrammarAtom>")
"< Application, Lantlr/CppCodeGenerator, genMatchUsingAtomTokenType(Lantlr/GrammarAtom;)V >"	1	6	5	java_type_ref("<Application,Lantlr/TreeWalkerGrammar>")
"< Application, Lantlr/CSharpCodeGenerator, genAlt(Lantlr/Alternative;Lantlr/AlternativeBlock;)V >"	29	29	32	java_type_ref("<Application,Lantlr/BlockEndElement>")
"< Application, Lantlr/MakeGrammar, refCharLiteral(Lantlr/Token;Lantlr/Token;ZIZ)V >"	1	9	8	java_type_ref("<Application,Lantlr/LexerGrammar>")
"< Application, Lantlr/CppCodeGenerator, genRule(Lantlr/RuleSymbol;ZILjava/lang/String;)V >"	383	489	488	java_type_ref("<Application,Lantlr/LexerGrammar>")
"< Application, Lantlr/CSharpCodeGenerator, genBody(Lantlr/LexerGrammar;)V >"	230	327	326	java_type_ref("<Application,Lantlr/StringLiteralSymbol>")
"< Application, Lantlr/CppCodeGenerator, genCommonBlock(Lantlr/AlternativeBlock;Z)Lantlr/CppBlockFinishingInfo; >"	230	201	200	java_type_ref("<Application,Lantlr/LexerGrammar>")
"< Application, Lantlr/JavaCodeGenerator, genCommonBlock(Lantlr/AlternativeBlock;Z)Lantlr/JavaBlockFinishingInfo; >"	209	183	182	java_type_ref("<Application,Lantlr/LexerGrammar>")
"< Application, Lantlr/CSharpCodeGenerator, genRule(Lantlr/RuleSymbol;ZILantlr/TokenManager;)V >"	150	173	172	java_type_ref("<Application,Lantlr/TreeWalkerGrammar>")
"< Application, Lantlr/CppCodeGenerator, processStringForASTConstructor(Ljava/lang/String;)Ljava/lang/String; >"	6	9	8	java_type_ref("<Application,Lantlr/ParserGrammar>")
"< Application, Lantlr/CppCodeGenerator, setupGrammarParameters(Lantlr/Grammar;)V >"	4	7	2	java_type_ref("<Application,Lantlr/TreeWalkerGrammar>")
"< Application, Lantlr/JavaCodeGenerator, genSynPred(Lantlr/SynPredBlock;Ljava/lang/String;)V >"	61	100	99	java_type_ref("<Application,Lantlr/ParserGrammar>")
"< Application, Lantlr/CppCodeGenerator, genSynPred(Lantlr/SynPredBlock;Ljava/lang/String;)V >"	132	187	186	java_type_ref("<Application,Lantlr/LexerGrammar>")
"< Application, Lantlr/CppCodeGenerator, genElementAST(Lantlr/AlternativeElement;)V >"	168	178	177	java_type_ref("<Application,Lantlr/TreeWalkerGrammar>")
"< Application, Lantlr/JavaCodeGenerator, genErrorCatchForElement(Lantlr/AlternativeElement;)V >"	5	9	8	java_type_ref("<Application,Lantlr/LexerGrammar>")
"< Application, Lantlr/CSharpCodeGenerator, genElementAST(Lantlr/AlternativeElement;)V >"	107	90	2	java_type_ref("<Application,Lantlr/GrammarAtom>")
"< Application, Lantlr/CSharpCodeGenerator, setupGrammarParameters(Lantlr/Grammar;)V >"	0	4	2	java_type_ref("<Application,Lantlr/ParserGrammar>")
"< Application, Lantlr/CppCodeGenerator, genCommonBlock(Lantlr/AlternativeBlock;Z)Lantlr/CppBlockFinishingInfo; >"	122	81	80	java_type_ref("<Application,Lantlr/TreeWalkerGrammar>")
"< Application, Lantlr/CppCodeGenerator, genBlockPreamble(Lantlr/AlternativeBlock;)V >"	99	124	15	java_type_ref("<Application,Lantlr/GrammarAtom>")
"< Application, Lantlr/JavaCodeGenerator, mapTreeVariable(Lantlr/AlternativeElement;Ljava/lang/String;)V >"	8	10	2	java_type_ref("<Application,Lantlr/TokenRefElement>")
"< Application, Lantlr/JavaCodeGenerator, gen(Lantlr/WildcardElement;)V >"	24	49	48	java_type_ref("<Application,Lantlr/LexerGrammar>")
"< Application, Lantlr/LLkAnalyzer, deterministic(Lantlr/AlternativeBlock;)Z >"	175	170	169	java_type_ref("<Application,Lantlr/BlockEndElement>")
"< Application, Lantlr/JavaCodeGenerator, genRule(Lantlr/RuleSymbol;ZI)V >"	149	172	171	java_type_ref("<Application,Lantlr/TreeWalkerGrammar>")
"< Application, Lantlr/MakeGrammar, endSubRule()V >"	12	15	11	java_type_ref("<Application,Lantlr/ZeroOrMoreBlock>")
"< Application, Lantlr/DefineGrammarSymbols, _refStringLiteral(Lantlr/Token;Lantlr/Token;IZ)V >"	1	8	7	java_type_ref("<Application,Lantlr/LexerGrammar>")
"< Application, Lantlr/CSharpCodeGenerator, genCommonBlock(Lantlr/AlternativeBlock;Z)Lantlr/CSharpBlockFinishingInfo; >"	75	487	486	java_type_ref("<Application,Lantlr/TreeWalkerGrammar>")
"< Application, Lantlr/JavaCodeGenerator, setupGrammarParameters(Lantlr/Grammar;)V >"	20	6	2	java_type_ref("<Application,Lantlr/LexerGrammar>")
"< Application, Lantlr/JavaCodeGenerator, genBlockPreamble(Lantlr/AlternativeBlock;)V >"	18	19	15	java_type_ref("<Application,Lantlr/SynPredBlock>")
"< Application, Lantlr/MakeGrammar, refStringLiteral(Lantlr/Token;Lantlr/Token;IZ)V >"	15	26	25	java_type_ref("<Application,Lantlr/LexerGrammar>")
"< Application, Lantlr/JavaCodeGenerator, genMatch(Lantlr/GrammarAtom;)V >"	28	8	2	java_type_ref("<Application,Lantlr/WildcardElement>")
"< Application, Lantlr/JavaCodeGenerator, gen(Lantlr/LexerGrammar;)V >"	242	352	351	java_type_ref("<Application,Lantlr/StringLiteralSymbol>")
"< Application, Lantlr/MakeGrammar, beginTree(Lantlr/Token;)V >"	1	5	4	java_type_ref("<Application,Lantlr/TreeWalkerGrammar>")
"< Application, Lantlr/CSharpCodeGenerator, lookaheadString(I)Ljava/lang/String; >"	1	5	4	java_type_ref("<Application,Lantlr/TreeWalkerGrammar>")
"< Application, Lantlr/CppCodeGenerator, setupGrammarParameters(Lantlr/Grammar;)V >"	0	4	2	java_type_ref("<Application,Lantlr/ParserGrammar>")
"< Application, Lantlr/JavaCodeGenerator, gen(Lantlr/RuleRefElement;)V >"	31	28	24	java_type_ref("<Application,Lantlr/RuleSymbol>")
"< Application, Lantlr/JavaCodeGenerator, genCommonBlock(Lantlr/AlternativeBlock;Z)Lantlr/JavaBlockFinishingInfo; >"	115	81	80	java_type_ref("<Application,Lantlr/TreeWalkerGrammar>")
"< Application, Lantlr/CSharpCodeGenerator, genCommonBlock(Lantlr/AlternativeBlock;Z)Lantlr/CSharpBlockFinishingInfo; >"	32	37	36	java_type_ref("<Application,Lantlr/LexerGrammar>")
"< Application, Lantlr/CSharpCodeGenerator, genMatch(Lantlr/GrammarAtom;)V >"	0	4	2	java_type_ref("<Application,Lantlr/StringLiteralElement>")
"< Application, Lantlr/MakeGrammar, endSubRule()V >"	10	14	11	java_type_ref("<Application,Lantlr/SynPredBlock>")
"< Application, Lantlr/CSharpCodeGenerator, genRule(Lantlr/RuleSymbol;ZILantlr/TokenManager;)V >"	408	498	497	java_type_ref("<Application,Lantlr/LexerGrammar>")
"< Application, Lantlr/LLkAnalyzer, deterministic(Lantlr/AlternativeBlock;)Z >"	192	206	205	java_type_ref("<Application,Lantlr/BlockEndElement>")
"< Application, Lantlr/CppCodeGenerator, genSynPred(Lantlr/SynPredBlock;Ljava/lang/String;)V >"	66	105	104	java_type_ref("<Application,Lantlr/LexerGrammar>")
"< Application, Lantlr/DiagnosticCodeGenerator, gen(Lantlr/LexerGrammar;)V >"	85	123	122	java_type_ref("<Application,Lantlr/StringLiteralSymbol>")
"< Application, Lantlr/JavaCodeGenerator, genSynPred(Lantlr/SynPredBlock;Ljava/lang/String;)V >"	127	182	181	java_type_ref("<Application,Lantlr/ParserGrammar>")
"< Application, Lantlr/CppCodeGenerator, genRule(Lantlr/RuleSymbol;ZILjava/lang/String;)V >"	145	181	180	java_type_ref("<Application,Lantlr/LexerGrammar>")
"< Application, Lantlr/CSharpCodeGenerator, getValueString(I)Ljava/lang/String; >"	17	14	10	java_type_ref("<Application,Lantlr/StringLiteralSymbol>")
"< Application, Lantlr/JavaCodeGenerator, mapTreeVariable(Lantlr/AlternativeElement;Ljava/lang/String;)V >"	0	5	2	java_type_ref("<Application,Lantlr/TreeElement>")
"< Application, Lantlr/CSharpCodeGenerator, mapTreeVariable(Lantlr/AlternativeElement;Ljava/lang/String;)V >"	13	11	2	java_type_ref("<Application,Lantlr/RuleRefElement>")
"< Application, Lantlr/CSharpCodeGenerator, processStringForASTConstructor(Ljava/lang/String;)Ljava/lang/String; >"	6	9	8	java_type_ref("<Application,Lantlr/ParserGrammar>")
"< Application, Lantlr/CppCodeGenerator, genBlockPreamble(Lantlr/AlternativeBlock;)V >"	28	26	25	java_type_ref("<Application,Lantlr/LexerGrammar>")
"< Application, Lantlr/CSharpCodeGenerator, genBlockPreamble(Lantlr/AlternativeBlock;)V >"	12	16	15	java_type_ref("<Application,Lantlr/RuleRefElement>")
"< Application, Lantlr/JavaCodeGenerator, genElementAST(Lantlr/AlternativeElement;)V >"	47	23	2	java_type_ref("<Application,Lantlr/TokenRefElement>")
"< Application, Lantlr/LLkAnalyzer, subruleCanBeInverted(Lantlr/AlternativeBlock;Z)Z >"	26	23	21	java_type_ref("<Application,Lantlr/TokenRefElement>")
"< Application, Lantlr/CSharpCodeGenerator, genBlockPreamble(Lantlr/AlternativeBlock;)V >"	0	4	2	java_type_ref("<Application,Lantlr/RuleBlock>")
"< Application, Lantlr/HTMLCodeGenerator, gen(Lantlr/ParserGrammar;)V >"	52	82	81	java_type_ref("<Application,Lantlr/RuleSymbol>")
"< Application, Lantlr/CSharpCodeGenerator, genBody(Lantlr/ParserGrammar;)V >"	140	198	197	java_type_ref("<Application,Lantlr/RuleSymbol>")
"< Application, Lantlr/JavaCodeGenerator, gen(Lantlr/WildcardElement;)V >"	33	59	58	java_type_ref("<Application,Lantlr/LexerGrammar>")
"< Application, Lantlr/CSharpCodeGenerator, genMatchUsingAtomText(Lantlr/GrammarAtom;)V >"	8	13	12	java_type_ref("<Application,Lantlr/LexerGrammar>")
"< Application, Lantlr/CppCodeGenerator, genCommonBlock(Lantlr/AlternativeBlock;Z)Lantlr/CppBlockFinishingInfo; >"	79	542	541	java_type_ref("<Application,Lantlr/TreeWalkerGrammar>")
"< Application, Lantlr/CppCodeGenerator, genElementAST(Lantlr/AlternativeElement;)V >"	73	49	2	java_type_ref("<Application,Lantlr/GrammarAtom>")
"< Application, Lantlr/CppCodeGenerator, gen(Lantlr/TokenRefElement;)V >"	34	52	51	java_type_ref("<Application,Lantlr/TreeWalkerGrammar>")
"< Application, Lantlr/LLkAnalyzer, deterministic(Lantlr/AlternativeBlock;)Z >"	189	177	176	java_type_ref("<Application,Lantlr/BlockEndElement>")
"< Application, Lantlr/CSharpCodeGenerator, processActionForSpecialSymbols(Ljava/lang/String;ILantlr/RuleBlock;Lantlr/ActionTransInfo;)Ljava/lang/String; >"	13	19	18	java_type_ref("<Application,Lantlr/TreeWalkerGrammar>")
"< Application, Lantlr/ANTLRHashString, equals(Ljava/lang/Object;)Z >"	2	6	2	java_type_ref("<Primordial,Ljava/lang/String>")
"< Application, Lantlr/JavaCodeGenerator, lookaheadString(I)Ljava/lang/String; >"	1	5	4	java_type_ref("<Application,Lantlr/TreeWalkerGrammar>")
"< Application, Lantlr/DocBookCodeGenerator, gen(Lantlr/ParserGrammar;)V >"	52	82	81	java_type_ref("<Application,Lantlr/RuleSymbol>")
"< Application, Lantlr/CSharpCodeGenerator, genRule(Lantlr/RuleSymbol;ZILantlr/TokenManager;)V >"	101	118	117	java_type_ref("<Application,Lantlr/ParserGrammar>")
"< Application, Lantlr/debug/ParserEventSupport, addParserListener(Lantlr/debug/ParserListener;)V >"	0	4	2	java_type_ref("<Application,Lantlr/debug/ParserController>")
"< Application, Lantlr/ANTLRHashString, equals(Ljava/lang/Object;)Z >"	5	7	2	java_type_ref("<Primordial,Ljava/lang/String>")
"< Application, Lantlr/CSharpCodeGenerator, gen(Lantlr/WildcardElement;)V >"	16	29	28	java_type_ref("<Application,Lantlr/TreeWalkerGrammar>")
"< Application, Lantlr/MakeGrammar, beginExceptionGroup()V >"	3	7	6	java_type_ref("<Application,Lantlr/RuleBlock>")
"< Application, Lantlr/JavaCodeGenerator, gen(Lantlr/RuleRefElement;)V >"	49	31	30	java_type_ref("<Application,Lantlr/TreeWalkerGrammar>")
"< Application, Lantlr/CSharpCodeGenerator, gen(Lantlr/CharRangeElement;)V >"	15	28	27	java_type_ref("<Application,Lantlr/LexerGrammar>")
"< Application, Lantlr/JavaCodeGenerator, getValueString(I)Ljava/lang/String; >"	17	14	10	java_type_ref("<Application,Lantlr/StringLiteralSymbol>")
"< Application, Lantlr/CppCodeGenerator, genCommonBlock(Lantlr/AlternativeBlock;Z)Lantlr/CppBlockFinishingInfo; >"	32	37	36	java_type_ref("<Application,Lantlr/LexerGrammar>")
"< Application, Lantlr/CSharpCodeGenerator, gen(Lantlr/RuleRefElement;)V >"	66	54	53	java_type_ref("<Application,Lantlr/LexerGrammar>")
"< Application, Lantlr/JavaCodeGenerator, genRule(Lantlr/RuleSymbol;ZI)V >"	438	540	539	java_type_ref("<Application,Lantlr/TreeWalkerGrammar>")
"< Application, Lantlr/CppCodeGenerator, gen(Lantlr/RuleRefElement;)V >"	187	194	193	java_type_ref("<Application,Lantlr/LexerGrammar>")
"< Application, Lantlr/JavaCodeGenerator, genSemPred(Ljava/lang/String;I)V >"	10	17	16	java_type_ref("<Application,Lantlr/ParserGrammar>")
"< Application, Lantlr/JavaCodeGenerator, genCommonBlock(Lantlr/AlternativeBlock;Z)Lantlr/JavaBlockFinishingInfo; >"	346	347	346	java_type_ref("<Application,Lantlr/TreeWalkerGrammar>")
"< Application, Lantlr/CSharpCodeGenerator, genCommonBlock(Lantlr/AlternativeBlock;Z)Lantlr/CSharpBlockFinishingInfo; >"	357	352	351	java_type_ref("<Application,Lantlr/TreeWalkerGrammar>")
"< Application, Lantlr/CppCodeGenerator, genRule(Lantlr/RuleSymbol;ZILjava/lang/String;)V >"	94	106	105	java_type_ref("<Application,Lantlr/TreeWalkerGrammar>")
"< Application, Lantlr/CppCodeGenerator, genCommonBlock(Lantlr/AlternativeBlock;Z)Lantlr/CppBlockFinishingInfo; >"	385	384	383	java_type_ref("<Application,Lantlr/TreeWalkerGrammar>")
"< Application, Lantlr/CSharpCodeGenerator, genBlockPreamble(Lantlr/AlternativeBlock;)V >"	20	20	15	java_type_ref("<Application,Lantlr/RuleRefElement>")
"< Application, Lantlr/LLkAnalyzer, subruleCanBeInverted(Lantlr/AlternativeBlock;Z)Z >"	32	26	21	java_type_ref("<Application,Lantlr/StringLiteralElement>")
"< Application, Lantlr/JavaCodeGenerator, mapTreeId(Ljava/lang/String;Lantlr/ActionTransInfo;)Ljava/lang/String; >"	4	9	8	java_type_ref("<Application,Lantlr/TreeWalkerGrammar>")
"< Application, Lantlr/MakeGrammar, endSubRule()V >"	14	16	11	java_type_ref("<Application,Lantlr/OneOrMoreBlock>")
"< Application, Lantlr/CppCodeGenerator, genElementAST(Lantlr/AlternativeElement;)V >"	119	109	2	java_type_ref("<Application,Lantlr/GrammarAtom>")
"< Application, Lantlr/CSharpCodeGenerator, genElementAST(Lantlr/AlternativeElement;)V >"	1	5	4	java_type_ref("<Application,Lantlr/TreeWalkerGrammar>")
"< Application, Lantlr/CSharpCodeGenerator, setupGrammarParameters(Lantlr/Grammar;)V >"	4	7	2	java_type_ref("<Application,Lantlr/TreeWalkerGrammar>")
"< Application, Lantlr/CSharpCodeGenerator, genRule(Lantlr/RuleSymbol;ZILantlr/TokenManager;)V >"	233	283	282	java_type_ref("<Application,Lantlr/TreeWalkerGrammar>")
"< Application, Lantlr/CppCodeGenerator, gen(Lantlr/WildcardElement;)V >"	60	86	85	java_type_ref("<Application,Lantlr/TreeWalkerGrammar>")
"< Application, Lantlr/CppCodeGenerator, gen(Lantlr/CharRangeElement;)V >"	15	28	27	java_type_ref("<Application,Lantlr/LexerGrammar>")
"< Application, Lantlr/CppCodeGenerator, genSemPred(Ljava/lang/String;I)V >"	10	17	16	java_type_ref("<Application,Lantlr/ParserGrammar>")
