"< Application, Lantlr/Parser, returnAST, <Application,Lantlr/collections/AST> >"
"< Application, Lantlr/RuleSymbol, block, <Application,Lantlr/RuleBlock> >"
"< Application, Lantlr/build/ANTLR$1, this$0, <Application,Lantlr/build/ANTLR> >"
"< Application, Lantlr/Grammar, options, <Application,Ljava/util/Hashtable> >"
"< Application, Lantlr/SimpleTokenManager, maxToken, <Primordial,I> >"
"< Application, Lantlr/DiagnosticCodeGenerator, doingLexRules, <Primordial,Z> >"
"< Application, Lantlr/CSharpCodeGenerator, labeledElementASTType, <Application,Ljava/lang/String> >"
"< Application, Lantlr/build/StreamScarfer, type, <Application,Ljava/lang/String> >"
"< Application, Lantlr/debug/DebuggingCharScanner, _notDebugMode, <Primordial,Z> >"
"< Application, Lantlr/DocBookCodeGenerator, firstElementInAlt, <Primordial,Z> >"
"< Application, Lantlr/LLkAnalyzer, DEBUG_ANALYZER, <Primordial,Z> >"
"< Application, Lantlr/JavaCodeGenerator, commonLocalVars, <Application,Ljava/lang/String> >"
"< Application, Lantlr/Grammar, generator, <Application,Lantlr/CodeGenerator> >"
"< Application, Lantlr/ANTLRParser, blockNesting, <Primordial,I> >"
"< Application, Lantlr/Tool, grammarFile, <Application,Ljava/lang/String> >"
"< Application, Lantlr/JavaCodeGenerator, commonExtraParams, <Application,Ljava/lang/String> >"
"< Application, Lantlr/CharScanner, saveConsumedInput, <Primordial,Z> >"
"< Application, Lantlr/preprocessor/Grammar, name, <Application,Ljava/lang/String> >"
"< Application, Lantlr/debug/misc/ASTFrame$1, this$0, <Application,Lantlr/debug/misc/ASTFrame> >"
"< Application, Lantlr/AlternativeBlock, warnWhenFollowAmbig, <Primordial,Z> >"
"< Application, Lantlr/TokenBuffer, input, <Application,Lantlr/TokenStream> >"
"< Application, Lantlr/Grammar, comment, <Application,Ljava/lang/String> >"
"< Application, Lantlr/preprocessor/Grammar, type, <Application,Ljava/lang/String> >"
"< Application, Ldacapo/parser/ConfigFile, jj_la1, <Primordial,[I> >"
"< Application, Lantlr/preprocessor/Grammar, preambleAction, <Application,Ljava/lang/String> >"
"< Application, Lantlr/RuleEndElement, cache, <Application,[Lantlr/Lookahead> >"
"< Application, Lantlr/DefaultToolErrorHandler, javaCharFormatter, <Application,Lantlr/CharFormatter> >"
"< Application, Lantlr/CommonHiddenStreamToken, hiddenBefore, <Application,Lantlr/CommonHiddenStreamToken> >"
"< Application, Lantlr/MismatchedCharException, mismatchType, <Primordial,I> >"
"< Application, Lantlr/BlockContext, blockEnd, <Application,Lantlr/BlockEndElement> >"
"< Application, Lantlr/Grammar, theLLkAnalyzer, <Application,Lantlr/LLkGrammarAnalyzer> >"
"< Application, Lantlr/WildcardElement, label, <Application,Ljava/lang/String> >"
"< Application, Ldacapo/parser/Token, image, <Application,Ljava/lang/String> >"
"< Application, Lantlr/RuleBlock, exceptionSpecs, <Application,Ljava/util/Hashtable> >"
"< Application, Lantlr/debug/Tracer, indent, <Application,Ljava/lang/String> >"
"< Application, Lantlr/LLkParser, k, <Primordial,I> >"
"< Application, Lantlr/MismatchedTokenException, upper, <Primordial,I> >"
"< Application, Lantlr/Tool, genHashLines, <Primordial,Z> >"
"< Application, Lantlr/collections/impl/IntRange, begin, <Primordial,I> >"
"< Application, Lantlr/build/StreamScarfer, tool, <Application,Lantlr/build/Tool> >"
"< Application, Lantlr/Tool, genHTML, <Primordial,Z> >"
"< Application, Ldacapo/Matcher, tagBuf, <Primordial,[C> >"
"< Application, Lantlr/collections/impl/LLEnumeration, cursor, <Application,Lantlr/collections/impl/LLCell> >"
"< Application, Lantlr/debug/ParserEventSupport, ruleDepth, <Primordial,I> >"
"< Application, Ldacapo/parser/ConfigFileTokenManager, defaultLexState, <Primordial,I> >"
"< Application, Lantlr/GrammarAtom, not, <Primordial,Z> >"
"< Application, Lantlr/LexerSharedInputState, line, <Primordial,I> >"
"< Application, Lantlr/debug/ParserEventSupport, messageEvent, <Application,Lantlr/debug/MessageEvent> >"
"< Application, Lantlr/ActionElement, actionText, <Application,Ljava/lang/String> >"
"< Application, Lantlr/RuleBlock, cache, <Application,[Lantlr/Lookahead> >"
"< Application, Lantlr/CommonHiddenStreamToken, hiddenAfter, <Application,Lantlr/CommonHiddenStreamToken> >"
"< Application, Lantlr/ANTLRHashString, buf, <Primordial,[C> >"
"< Application, Lantlr/TreeBlockContext, nextElementIsRoot, <Primordial,Z> >"
"< Application, Lantlr/CppCodeGenerator, currentASTResult, <Application,Ljava/lang/String> >"
"< Application, Lantlr/JavaCodeGenerator, declaredASTVariables, <Application,Ljava/util/HashSet> >"
"< Application, Ldacapo/parser/ParseException, currentToken, <Application,Ldacapo/parser/Token> >"
"< Application, Lantlr/debug/ParserEventSupport, semPredEvent, <Application,Lantlr/debug/SemanticPredicateEvent> >"
"< Application, Lantlr/LLkAnalyzer, charFormatter, <Application,Lantlr/CharFormatter> >"
"< Application, Lantlr/actions/csharp/ActionLexer, currentRule, <Application,Lantlr/RuleBlock> >"
"< Application, Lantlr/TokenBuffer, queue, <Application,Lantlr/TokenQueue> >"
"< Application, LMMTkHarness, endMethod, <Application,Ljava/lang/reflect/Method> >"
"< Application, Lantlr/actions/csharp/ActionLexer, lineOffset, <Primordial,I> >"
"< Application, Lantlr/BlockWithImpliedExitPath, exitCache, <Application,[Lantlr/Lookahead> >"
"< Application, Ldacapo/parser/ConfigFileTokenManager, jjimageLen, <Primordial,I> >"
"< Application, Lantlr/preprocessor/Rule, args, <Application,Ljava/lang/String> >"
"< Application, Lantlr/CppCodeGenerator, syntacticPredLevel, <Primordial,I> >"
"< Application, Lantlr/RuleBlock, throwsSpec, <Application,Ljava/lang/String> >"
"< Application, Lantlr/TokenStreamBasicFilter, input, <Application,Lantlr/TokenStream> >"
"< Application, Lantlr/collections/impl/BitSet, bits, <Primordial,[J> >"
"< Application, Lantlr/collections/impl/LLCell, next, <Application,Lantlr/collections/impl/LLCell> >"
"< Application, Lantlr/build/StreamScarfer, is, <Application,Ljava/io/InputStream> >"
"< Application, Lantlr/actions/csharp/ActionLexer, antlrTool, <Application,Lantlr/Tool> >"
"< Application, Lantlr/Lookahead, fset, <Application,Lantlr/collections/impl/BitSet> >"
"< Application, Lantlr/MismatchedCharException, foundChar, <Primordial,I> >"
"< Application, Lantlr/debug/TraceEvent, ruleNum, <Primordial,I> >"
"< Application, Lantlr/debug/TraceEvent, data, <Primordial,I> >"
"< Application, Lantlr/JavaCodeGenerator, astVarNumber, <Primordial,I> >"
"< Application, Lantlr/LLkAnalyzer, lexicalAnalysis, <Primordial,Z> >"
"< Application, Ldacapo/Benchmark, scratch, <Application,Ljava/io/File> >"
"< Application, Lantlr/ByteBuffer, input, <Application,Ljava/io/InputStream> >"
"< Application, Lantlr/Tool, noConstructors, <Primordial,Z> >"
"< Application, Lantlr/CodeGenerator, analyzer, <Application,Lantlr/LLkGrammarAnalyzer> >"
"< Application, Lantlr/LexerSharedInputState, guessing, <Primordial,I> >"
"< Application, Lantlr/CppCodeGenerator, outputFile, <Application,Ljava/lang/String> >"
"< Application, Lantlr/CodeGenerator, grammar, <Application,Lantlr/Grammar> >"
"< Application, Lantlr/actions/java/ActionLexer, antlrTool, <Application,Lantlr/Tool> >"
"< Application, Lantlr/CharRangeElement, beginText, <Application,Ljava/lang/String> >"
"< Application, Lantlr/Grammar, interactive, <Primordial,Z> >"
"< Application, Lantlr/ASTFactory, theASTNodeTypeClass, <Application,Ljava/lang/Class> >"
"< Application, Lantlr/SimpleTokenManager, name, <Application,Ljava/lang/String> >"
"< Application, Lantlr/NoViableAltForCharException, foundChar, <Primordial,C> >"
"< Application, Lantlr/TreeSpecifierNode, nextSibling, <Application,Lantlr/TreeSpecifierNode> >"
"< Application, Lantlr/MismatchedTokenException, set, <Application,Lantlr/collections/impl/BitSet> >"
"< Application, Lantlr/debug/LLkDebuggingParser, ruleNames, <Application,[Ljava/lang/String> >"
"< Application, Lantlr/Alternative, tail, <Application,Lantlr/AlternativeElement> >"
"< Application, Lantlr/TokenStreamIOException, io, <Application,Ljava/io/IOException> >"
"< Application, Lantlr/SimpleTokenManager, table, <Application,Ljava/util/Hashtable> >"
"< Application, Lantlr/CSharpCodeGenerator, commonExtraArgs, <Application,Ljava/lang/String> >"
"< Application, Ldacapo/parser/Config, name, <Application,Ljava/lang/String> >"
"< Application, Lantlr/TreeParser, traceDepth, <Primordial,I> >"
"< Application, Lantlr/preprocessor/Grammar, antlrTool, <Application,Lantlr/Tool> >"
"< Application, Lantlr/CppCodeGenerator, declaredASTVariables, <Application,Ljava/util/HashSet> >"
"< Application, Lantlr/DocBookCodeGenerator, syntacticPredLevel, <Primordial,I> >"
"< Application, Lantlr/preprocessor/Tool, grammars, <Application,Lantlr/collections/impl/Vector> >"
"< Application, Lantlr/preprocessor/Grammar, options, <Application,Lantlr/collections/impl/IndexedVector> >"
"< Application, Lantlr/CSharpCodeGenerator, bSaveIndexCreated, <Primordial,Z> >"
"< Application, Lantlr/CodeGenerator, bitsetsUsed, <Application,Lantlr/collections/impl/Vector> >"
"< Application, Lantlr/actions/cpp/ActionLexer, lineOffset, <Primordial,I> >"
"< Application, Lantlr/AlternativeBlock, alternatives, <Application,Lantlr/collections/impl/Vector> >"
"< Application, Lantlr/Grammar, hasUserErrorHandling, <Primordial,Z> >"
"< Application, Lantlr/debug/ParserEventSupport, synPredEvent, <Application,Lantlr/debug/SyntacticPredicateEvent> >"
"< Application, Lantlr/debug/GuessingEvent, guessing, <Primordial,I> >"
"< Application, Lantlr/Grammar, debuggingOutput, <Primordial,Z> >"
"< Application, Lantlr/debug/InputBufferEventSupport, inputBufferListeners, <Application,Ljava/util/Vector> >"
"< Application, Ldacapo/parser/Config$OutputFile, text, <Primordial,Z> >"
"< Application, Ldacapo/parser/Config$Size, args, <Application,[Ljava/lang/String> >"
"< Application, Lantlr/RuleRefElement, args, <Application,Ljava/lang/String> >"
"< Application, Lantlr/debug/DebuggingInputBuffer, debugMode, <Primordial,Z> >"
"< Application, Ldacapo/parser/Token, beginLine, <Primordial,I> >"
"< Application, Lantlr/AlternativeElement, next, <Application,Lantlr/AlternativeElement> >"
"< Application, Lantlr/Alternative, lookaheadDepth, <Primordial,I> >"
"< Application, Lantlr/collections/impl/ASTArray, size, <Primordial,I> >"
"< Application, Lantlr/CppBlockFinishingInfo, postscript, <Application,Ljava/lang/String> >"
"< Application, Lantlr/collections/impl/LLEnumeration, list, <Application,Lantlr/collections/impl/LList> >"
"< Application, Lantlr/GrammarElement, grammar, <Application,Lantlr/Grammar> >"
"< Application, Lantlr/Lookahead, hasEpsilon, <Primordial,Z> >"
"< Application, Lantlr/CharScanner, literals, <Application,Ljava/util/Hashtable> >"
"< Application, Lantlr/CommonASTWithHiddenTokens, hiddenBefore, <Application,Lantlr/CommonHiddenStreamToken> >"
"< Application, Lantlr/Grammar, importVocab, <Application,Ljava/lang/String> >"
"< Application, Lantlr/ActionTransInfo, refRuleRoot, <Application,Ljava/lang/String> >"
"< Application, Lantlr/debug/ParserMatchEvent, target, <Application,Ljava/lang/Object> >"
"< Application, Ldacapo/parser/ConfigFileTokenManager, curChar, <Primordial,C> >"
"< Application, Lantlr/RuleBlock, ruleName, <Application,Ljava/lang/String> >"
"< Application, Lantlr/preprocessor/Hierarchy, TreeParserRoot, <Application,Lantlr/preprocessor/Grammar> >"
"< Application, Lantlr/collections/impl/ASTEnumerator, i, <Primordial,I> >"
"< Application, Lantlr/JavaCodeGenerator, lt1Value, <Application,Ljava/lang/String> >"
"< Application, Lantlr/Parser, traceDepth, <Primordial,I> >"
"< Application, Lantlr/CppCodeGenerator, saveText, <Primordial,Z> >"
"< Application, Lantlr/TokenSymbol, ttype, <Primordial,I> >"
"< Application, Lantlr/DefineGrammarSymbols, args, <Application,[Ljava/lang/String> >"
"< Application, Ldacapo/parser/SimpleCharStream, prevCharIsLF, <Primordial,Z> >"
"< Application, Ldacapo/TeeOutputStream, logFile, <Application,Ljava/io/File> >"
"< Application, Lantlr/MakeGrammar, nested, <Primordial,I> >"
"< Application, Lantlr/Grammar, maxk, <Primordial,I> >"
"< Application, Ldacapo/parser/ConfigFile, jj_input_stream, <Application,Ldacapo/parser/SimpleCharStream> >"
"< Application, Ldacapo/parser/SimpleCharStream, tokenBegin, <Primordial,I> >"
"< Application, Ldacapo/parser/Token, endColumn, <Primordial,I> >"
"< Application, Lantlr/actions/cpp/ActionLexer, antlrTool, <Application,Lantlr/Tool> >"
"< Application, Lantlr/CharScanner, hashString, <Application,Lantlr/ANTLRHashString> >"
"< Application, Ldacapo/parser/SimpleCharStream, bufpos, <Primordial,I> >"
"< Application, Lantlr/CodeGenerator, DEBUG_CODE_GENERATOR, <Primordial,Z> >"
"< Application, Lantlr/preprocessor/Rule, bang, <Primordial,Z> >"
"< Application, Lantlr/preprocessor/Grammar, memberAction, <Application,Ljava/lang/String> >"
"< Application, Lantlr/Grammar, rules, <Application,Lantlr/collections/impl/Vector> >"
"< Application, Lantlr/collections/impl/ASTEnumerator, nodes, <Application,Lantlr/collections/impl/VectorEnumerator> >"
"< Application, Lantlr/LLkAnalyzer, tool, <Application,Lantlr/Tool> >"
"< Application, Lantlr/actions/csharp/ActionLexer, generator, <Application,Lantlr/CodeGenerator> >"
"< Application, Lantlr/CSharpCodeGenerator, astVarNumber, <Primordial,I> >"
"< Application, Lantlr/ASTFactory, tokenTypeToASTClassMap, <Application,Ljava/util/Hashtable> >"
"< Application, Lantlr/CSharpCodeGenerator, treeVariableMap, <Application,Ljava/util/Hashtable> >"
"< Application, Lantlr/AlternativeBlock, label, <Application,Ljava/lang/String> >"
"< Application, Lantlr/preprocessor/Option, rhs, <Application,Ljava/lang/String> >"
"< Application, Lantlr/RuleRefElement, targetRule, <Application,Ljava/lang/String> >"
"< Application, Lantlr/LexerSharedInputState, tokenStartLine, <Primordial,I> >"
"< Application, Lantlr/TokenStreamRecognitionException, recog, <Application,Lantlr/RecognitionException> >"
"< Application, Lantlr/CharRangeElement, endText, <Application,Ljava/lang/String> >"
"< Application, Lantlr/Tool, errorHandler, <Application,Lantlr/ToolErrorHandler> >"
"< Application, Lantlr/JavaCodeGenerator, labeledElementType, <Application,Ljava/lang/String> >"
"< Application, Ldacapo/parser/Token, specialToken, <Application,Ldacapo/parser/Token> >"
"< Application, Lantlr/TokenStreamSelector, streamStack, <Application,Lantlr/collections/Stack> >"
"< Application, Lantlr/CharQueue, buffer, <Primordial,[C> >"
"< Application, Lantlr/InputBuffer, queue, <Application,Lantlr/CharQueue> >"
"< Application, Lantlr/InputBuffer, numToConsume, <Primordial,I> >"
"< Application, Lantlr/debug/LLkDebuggingParser, semPredNames, <Application,[Ljava/lang/String> >"
"< Application, Ldacapo/parser/Token, next, <Application,Ldacapo/parser/Token> >"
"< Application, Lantlr/LexerGrammar, caseSensitiveLiterals, <Primordial,Z> >"
"< Application, Lantlr/ANTLRParser, antlrTool, <Application,Lantlr/Tool> >"
"< Application, Lantlr/preprocessor/Rule, throwsSpec, <Application,Ljava/lang/String> >"
"< Application, Lantlr/Parser, tokenNames, <Application,[Ljava/lang/String> >"
"< Application, Ldacapo/parser/Config$Size, this$0, <Application,Ldacapo/parser/Config> >"
"< Application, Ldacapo/parser/ConfigFileTokenManager, jjrounds, <Primordial,[I> >"
"< Application, Lantlr/actions/java/ActionLexer, transInfo, <Application,Lantlr/ActionTransInfo> >"
"< Application, Ldacapo/parser/ConfigFileTokenManager, lengthOfMatch, <Primordial,I> >"
"< Application, Lantlr/ANTLRStringBuffer, length, <Primordial,I> >"
"< Application, Lantlr/JavaCodeGenerator, syntacticPredLevel, <Primordial,I> >"
"< Application, Ldacapo/parser/Config$OutputFile, filter, <Primordial,Z> >"
"< Application, Lantlr/NameSpace, names, <Application,Ljava/util/Vector> >"
"< Application, Ldacapo/parser/ConfigFileTokenManager, jjmatchedKind, <Primordial,I> >"
"< Application, Lantlr/debug/misc/ASTFrame$MyTreeSelectionListener, this$0, <Application,Lantlr/debug/misc/ASTFrame> >"
"< Application, Lantlr/CSharpCodeGenerator, genAST, <Primordial,Z> >"
"< Application, Ldacapo/parser/ConfigFile, token_source, <Application,Ldacapo/parser/ConfigFileTokenManager> >"
"< Application, Lantlr/debug/InputBufferEvent, lookaheadAmount, <Primordial,I> >"
"< Application, Lantlr/debug/misc/JTreeASTPanel, tree, <Application,Ljavax/swing/JTree> >"
"< Application, Lantlr/MismatchedTokenException, node, <Application,Lantlr/collections/AST> >"
"< Application, Lantlr/preprocessor/GrammarFile, grammars, <Application,Lantlr/collections/impl/IndexedVector> >"
"< Application, Lantlr/LLkAnalyzer, currentBlock, <Application,Lantlr/AlternativeBlock> >"
"< Application, Lantlr/JavaCodeGenerator, genAST, <Primordial,Z> >"
"< Application, Lantlr/preprocessor/Rule, enclosingGrammar, <Application,Lantlr/preprocessor/Grammar> >"
"< Application, Lantlr/ANTLRHashString, len, <Primordial,I> >"
"< Application, Lantlr/actions/csharp/ActionLexer, transInfo, <Application,Lantlr/ActionTransInfo> >"
"< Application, Lantlr/NoViableAltException, token, <Application,Lantlr/Token> >"
"< Application, Lantlr/TreeWalkerGrammar, transform, <Primordial,Z> >"
"< Application, Lantlr/CSharpBlockFinishingInfo, generatedAnIf, <Primordial,Z> >"
"< Application, Ldacapo/parser/ConfigFileTokenManager, input_stream, <Application,Ldacapo/parser/SimpleCharStream> >"
"< Application, Ldacapo/parser/Token, endLine, <Primordial,I> >"
"< Application, Ldacapo/TestHarness, config, <Application,Ldacapo/parser/Config> >"
"< Application, Lantlr/CSharpCodeGenerator, labeledElementInit, <Application,Ljava/lang/String> >"
"< Application, Lantlr/Lookahead, cycle, <Application,Ljava/lang/String> >"
"< Application, Lantlr/Parser, astFactory, <Application,Lantlr/ASTFactory> >"
"< Application, Ldacapo/parser/Config$OutputFile, keep, <Primordial,Z> >"
"< Application, Ldacapo/parser/Token, beginColumn, <Primordial,I> >"
"< Application, Lantlr/CharRangeElement, end, <Primordial,C> >"
"< Application, Lantlr/Grammar, classMemberAction, <Application,Lantlr/Token> >"
"< Application, Lantlr/MakeGrammar, ruleBlock, <Application,Lantlr/RuleBlock> >"
"< Application, Lantlr/CharScanner, tokenObjectClass, <Application,Ljava/lang/Class> >"
"< Application, Lantlr/debug/ParserEventSupport, synPredListeners, <Application,Ljava/util/Vector> >"
"< Application, Lantlr/TokenSymbol, paraphrase, <Application,Ljava/lang/String> >"
"< Application, Lantlr/debug/ParserEventSupport, newLineListeners, <Application,Ljava/util/Vector> >"
"< Application, Lantlr/RuleBlock, labeledElements, <Application,Lantlr/collections/impl/Vector> >"
"< Application, Lantlr/Grammar, analyzerDebug, <Primordial,Z> >"
"< Application, Ldacapo/parser/ConfigFile, jj_expentries, <Application,Ljava/util/Vector> >"
"< Application, Lantlr/CppBlockFinishingInfo, needAnErrorClause, <Primordial,Z> >"
"< Application, Lantlr/AlternativeBlock, initAction, <Application,Ljava/lang/String> >"
"< Application, Lantlr/preprocessor/Hierarchy, symbols, <Application,Ljava/util/Hashtable> >"
"< Application, Lantlr/preprocessor/Hierarchy, files, <Application,Ljava/util/Hashtable> >"
"< Application, Lantlr/JavaCodeGenerator, currentRule, <Application,Lantlr/RuleBlock> >"
"< Application, Lantlr/TokenRangeElement, beginText, <Application,Ljava/lang/String> >"
"< Application, Ldacapo/Matcher, outCount, <Primordial,I> >"
"< Application, Lantlr/DefineGrammarSymbols, numParsers, <Primordial,I> >"
"< Application, Lantlr/debug/DebuggingCharScanner, ruleNames, <Application,[Ljava/lang/String> >"
"< Application, Lantlr/DefineGrammarSymbols, headerActions, <Application,Ljava/util/Hashtable> >"
"< Application, Lantlr/TokenBuffer, nMarkers, <Primordial,I> >"
"< Application, Lantlr/InputBuffer, nMarkers, <Primordial,I> >"
"< Application, Ldacapo/parser/ConfigFile, jj_expentry, <Primordial,[I> >"
"< Application, Ldacapo/parser/SimpleCharStream, inputStream, <Application,Ljava/io/Reader> >"
"< Application, Lantlr/DefineGrammarSymbols, tokenManagers, <Application,Ljava/util/Hashtable> >"
"< Application, Lantlr/preprocessor/Hierarchy, LexerRoot, <Application,Lantlr/preprocessor/Grammar> >"
"< Application, Lantlr/BlockEndElement, lock, <Primordial,[Z> >"
"< Application, Lantlr/AlternativeBlock, hasAnAction, <Primordial,Z> >"
"< Application, Lantlr/DefineGrammarSymbols, thePreambleAction, <Application,Lantlr/Token> >"
"< Application, Lantlr/TreeParserSharedInputState, guessing, <Primordial,I> >"
"< Application, Ldacapo/parser/ConfigFileTokenManager, curLexState, <Primordial,I> >"
"< Application, Ldacapo/parser/Token, kind, <Primordial,I> >"
"< Application, Lantlr/preprocessor/GrammarFile, options, <Application,Lantlr/collections/impl/IndexedVector> >"
"< Application, Lantlr/debug/ParserEventSupport, controller, <Application,Lantlr/debug/ParserController> >"
"< Application, Lantlr/JavaCodeGenerator, labeledElementInit, <Application,Ljava/lang/String> >"
"< Application, Lantlr/MakeGrammar, currentExceptionSpec, <Application,Lantlr/ExceptionSpec> >"
"< Application, Lantlr/TokenStreamHiddenTokenFilter, firstHidden, <Application,Lantlr/CommonHiddenStreamToken> >"
"< Application, Lantlr/ParserSharedInputState, filename, <Application,Ljava/lang/String> >"
"< Application, Lantlr/preprocessor/Option, name, <Application,Ljava/lang/String> >"
"< Application, Ldacapo/parser/ConfigFile, jj_kind, <Primordial,I> >"
"< Application, Lantlr/CppCodeGenerator, commonExtraParams, <Application,Ljava/lang/String> >"
"< Application, Lantlr/Alternative, synPred, <Application,Lantlr/SynPredBlock> >"
"< Application, Lantlr/MismatchedCharException, upper, <Primordial,I> >"
"< Application, Lantlr/DefineGrammarSymbols, numTreeParsers, <Primordial,I> >"
"< Application, Lantlr/preprocessor/Tool, theHierarchy, <Application,Lantlr/preprocessor/Hierarchy> >"
"< Application, Ldacapo/parser/Config$OutputFile, digest, <Application,Ljava/lang/String> >"
"< Application, Lantlr/DefineGrammarSymbols, language, <Application,Ljava/lang/String> >"
"< Application, Lantlr/ImportVocabTokenManager, grammar, <Application,Lantlr/Grammar> >"
"< Application, Lantlr/Alternative, cache, <Application,[Lantlr/Lookahead> >"
"< Application, Lantlr/CppCodeGenerator, labeledElementASTType, <Application,Ljava/lang/String> >"
"< Application, Ldacapo/parser/ConfigFileTokenManager, image, <Application,Ljava/lang/StringBuffer> >"
"< Application, Lantlr/TokenQueue, sizeLessOne, <Primordial,I> >"
"< Application, Lantlr/Tool, nameSpace, <Application,Lantlr/NameSpace> >"
"< Application, Lantlr/ExceptionHandler, action, <Application,Lantlr/Token> >"
"< Application, Lantlr/debug/ParserTokenEvent, value, <Primordial,I> >"
"< Application, Lantlr/JavaBlockFinishingInfo, generatedAnIf, <Primordial,Z> >"
"< Application, Lantlr/Grammar, fileName, <Application,Ljava/lang/String> >"
"< Application, Ldacapo/parser/ConfigFile, jj_ntk, <Primordial,I> >"
"< Application, Ldacapo/parser/ConfigFile, jj_nt, <Application,Ldacapo/parser/Token> >"
"< Application, Lantlr/debug/DebuggingInputBuffer, inputBufferEventSupport, <Application,Lantlr/debug/InputBufferEventSupport> >"
"< Application, Lantlr/CommonToken, line, <Primordial,I> >"
"< Application, Lantlr/CommonAST, ttype, <Primordial,I> >"
"< Application, Ldacapo/parser/SimpleCharStream, line, <Primordial,I> >"
"< Application, Lantlr/TokenQueue, buffer, <Application,[Lantlr/Token> >"
"< Application, Lantlr/Alternative, exceptionSpec, <Application,Lantlr/ExceptionSpec> >"
"< Application, Lantlr/CharQueue, nbrEntries, <Primordial,I> >"
"< Application, Ldacapo/parser/ConfigFileTokenManager, jjround, <Primordial,I> >"
"< Application, Lantlr/TreeElement, root, <Application,Lantlr/GrammarAtom> >"
"< Application, Lantlr/MakeGrammar, ruleEnd, <Application,Lantlr/RuleEndElement> >"
"< Application, Lantlr/debug/ParserEventSupport, messageListeners, <Application,Ljava/util/Vector> >"
"< Application, Lantlr/CppBlockFinishingInfo, generatedSwitch, <Primordial,Z> >"
"< Application, Lantlr/GrammarSymbol, id, <Application,Ljava/lang/String> >"
"< Application, Lantlr/MismatchedTokenException, token, <Application,Lantlr/Token> >"
"< Application, Lantlr/MismatchedCharException, scanner, <Application,Lantlr/CharScanner> >"
"< Application, Lantlr/InputBuffer, markerOffset, <Primordial,I> >"
"< Application, Lantlr/DefaultToolErrorHandler, antlrTool, <Application,Lantlr/Tool> >"
"< Application, Lantlr/LexerGrammar, caseSensitive, <Primordial,Z> >"
"< Application, Lantlr/debug/DebuggingCharScanner, semPredNames, <Application,[Ljava/lang/String> >"
"< Application, Lantlr/preprocessor/Grammar, fileName, <Application,Ljava/lang/String> >"
"< Application, Lantlr/CharScanner, caseSensitiveLiterals, <Primordial,Z> >"
"< Application, Lantlr/collections/impl/VectorEnumeration, vector, <Application,Lantlr/collections/impl/Vector> >"
"< Application, Ldacapo/Benchmark, config, <Application,Ldacapo/parser/Config> >"
"< Application, Lantlr/RuleBlock, ignoreRule, <Application,Ljava/lang/String> >"
"< Application, Lantlr/CSharpCodeGenerator, currentASTResult, <Application,Ljava/lang/String> >"
"< Application, Lantlr/CSharpBlockFinishingInfo, needAnErrorClause, <Primordial,Z> >"
"< Application, Lantlr/CharScanner, caseSensitive, <Primordial,Z> >"
"< Application, Lantlr/Tool, cmdLineArgValid, <Application,Lantlr/collections/impl/BitSet> >"
"< Application, Lantlr/Tool, namespaceAntlr, <Application,Ljava/lang/String> >"
"< Application, Lantlr/preprocessor/Grammar, exportVocab, <Application,Ljava/lang/String> >"
"< Application, Ldacapo/parser/ParseException, specialConstructor, <Primordial,Z> >"
"< Application, Lantlr/TreeParser, tokenNames, <Application,[Ljava/lang/String> >"
"< Application, Lantlr/CharScanner, inputState, <Application,Lantlr/LexerSharedInputState> >"
"< Application, Lantlr/GrammarElement, column, <Primordial,I> >"
"< Application, Lantlr/CharRangeElement, begin, <Primordial,C> >"
"< Application, Lantlr/TreeParser, astFactory, <Application,Lantlr/ASTFactory> >"
"< Application, Ldacapo/parser/SimpleCharStream, column, <Primordial,I> >"
"< Application, Lantlr/Alternative, doAutoGen, <Primordial,Z> >"
"< Application, Lantlr/RecognitionException, line, <Primordial,I> >"
"< Application, Lantlr/build/Tool, os, <Application,Ljava/lang/String> >"
"< Application, Lantlr/CharScanner, _returnToken, <Application,Lantlr/Token> >"
"< Application, Lantlr/debug/MessageEvent, text, <Application,Ljava/lang/String> >"
"< Application, Ldacapo/parser/ParseException, eol, <Application,Ljava/lang/String> >"
"< Application, Lantlr/debug/InputBufferEventSupport, inputBufferEvent, <Application,Lantlr/debug/InputBufferEvent> >"
"< Application, Lantlr/CharQueue, sizeLessOne, <Primordial,I> >"
"< Application, Lantlr/CppCodeGenerator, exceptionThrown, <Application,Ljava/lang/String> >"
"< Application, Lantlr/CppCodeGenerator, semPreds, <Application,Lantlr/collections/impl/Vector> >"
"< Application, Ldacapo/TeeOutputStream, log, <Application,Ljava/io/OutputStream> >"
"< Application, Lantlr/DefineGrammarSymbols, grammar, <Application,Lantlr/Grammar> >"
"< Application, Lantlr/ExceptionHandler, exceptionTypeAndName, <Application,Lantlr/Token> >"
"< Application, Ldacapo/parser/SimpleCharStream, bufcolumn, <Primordial,[I> >"
"< Application, Lantlr/debug/ParserMatchEvent, inverse, <Primordial,Z> >"
"< Application, Lantlr/preprocessor/Option, enclosingGrammar, <Application,Lantlr/preprocessor/Grammar> >"
"< Application, Lantlr/preprocessor/Grammar, predefined, <Primordial,Z> >"
"< Application, Lantlr/ASTIterator, original, <Application,Lantlr/collections/AST> >"
"< Application, Lantlr/CharScanner, text, <Application,Lantlr/ANTLRStringBuffer> >"
"< Application, Lantlr/preprocessor/Rule, visibility, <Application,Ljava/lang/String> >"
"< Application, Lantlr/TreeParser, returnAST, <Application,Lantlr/collections/AST> >"
"< Application, Ldacapo/Matcher, outBuf, <Primordial,[C> >"
"< Application, Lantlr/actions/cpp/ActionLexer, currentRule, <Application,Lantlr/RuleBlock> >"
"< Application, Lantlr/ImportVocabTokenManager, filename, <Application,Ljava/lang/String> >"
"< Application, Lantlr/CppCodeGenerator, usingCustomAST, <Primordial,Z> >"
"< Application, Lantlr/collections/impl/VectorEnumerator, i, <Primordial,I> >"
"< Application, Lantlr/JavaCodeGenerator, semPreds, <Application,Lantlr/collections/impl/Vector> >"
"< Application, Lantlr/ANTLRTokdefParser, antlrTool, <Application,Lantlr/Tool> >"
"< Application, Lantlr/AlternativeBlock, altj, <Primordial,I> >"
"< Application, Lantlr/ANTLRHashString, s, <Application,Ljava/lang/String> >"
"< Application, Lantlr/Parser, ignoreInvalidDebugCalls, <Primordial,Z> >"
"< Application, Lantlr/JavaCodeGenerator, treeVariableMap, <Application,Ljava/util/Hashtable> >"
"< Application, Lantlr/LexerSharedInputState, filename, <Application,Ljava/lang/String> >"
"< Application, Lantlr/LexerSharedInputState, column, <Primordial,I> >"
"< Application, Lantlr/RuleBlock, endNode, <Application,Lantlr/RuleEndElement> >"
"< Application, Ldacapo/parser/Config, className, <Application,Ljava/lang/String> >"
"< Application, Lantlr/debug/NewLineEvent, line, <Primordial,I> >"
"< Application, Lantlr/CSharpCodeGenerator, commonExtraParams, <Application,Ljava/lang/String> >"
"< Application, Lantlr/JavaCodeGenerator, exceptionThrown, <Application,Ljava/lang/String> >"
"< Application, Lantlr/preprocessor/Grammar, superGrammar, <Application,Ljava/lang/String> >"
"< Application, Lantlr/JavaCodeGenerator, commonExtraArgs, <Application,Ljava/lang/String> >"
"< Application, Lantlr/JavaCodeGenerator, labeledElementASTType, <Application,Ljava/lang/String> >"
"< Application, Lantlr/preprocessor/Tool, antlrTool, <Application,Lantlr/Tool> >"
"< Application, Lantlr/AlternativeBlock, generateAmbigWarnings, <Primordial,Z> >"
"< Application, Lantlr/collections/impl/LLCell, data, <Application,Ljava/lang/Object> >"
"< Application, Lantlr/HTMLCodeGenerator, prevAltElem, <Application,Lantlr/AlternativeElement> >"
"< Application, Lantlr/TokenBuffer, numToConsume, <Primordial,I> >"
"< Application, Lantlr/LexerGrammar, charVocabulary, <Application,Lantlr/collections/impl/BitSet> >"
"< Application, Lantlr/CSharpCodeGenerator, saveText, <Primordial,Z> >"
"< Application, Ldacapo/parser/ConfigFile, jj_gen, <Primordial,I> >"
"< Application, Lantlr/Parser, tokenTypeToASTClassMap, <Application,Ljava/util/Hashtable> >"
"< Application, Lantlr/ANTLRHashString, lexer, <Application,Lantlr/CharScanner> >"
"< Application, Lantlr/CppCodeGenerator, labeledElementASTInit, <Application,Ljava/lang/String> >"
"< Application, Lantlr/actions/cpp/ActionLexer, generator, <Application,Lantlr/CodeGenerator> >"
"< Application, Lantlr/RuleEndElement, noFOLLOW, <Primordial,Z> >"
"< Application, Lantlr/TokenRangeElement, endText, <Application,Ljava/lang/String> >"
"< Application, Lantlr/CommonToken, col, <Primordial,I> >"
"< Application, Ldacapo/parser/ConfigFileTokenManager, debugStream, <Application,Ljava/io/PrintStream> >"
"< Application, Lantlr/debug/ParserEventSupport, traceEvent, <Application,Lantlr/debug/TraceEvent> >"
"< Application, Lantlr/ActionElement, isSemPred, <Primordial,Z> >"
"< Application, Lantlr/preprocessor/Grammar, specifiedVocabulary, <Primordial,Z> >"
"< Application, Lantlr/preprocessor/Grammar, importVocab, <Application,Ljava/lang/String> >"
"< Application, Ldacapo/parser/ConfigFile, token, <Application,Ldacapo/parser/Token> >"
"< Application, Lantlr/debug/ParserEventSupport, tokenListeners, <Application,Ljava/util/Vector> >"
"< Application, Lantlr/ActionTransInfo, assignToRoot, <Primordial,Z> >"
"< Application, LMMTkCallback, harness, <Application,LMMTkHarness> >"
"< Application, Lantlr/RuleBlock, lock, <Primordial,[Z> >"
"< Application, Ldacapo/parser/ConfigFileTokenManager, jjmatchedPos, <Primordial,I> >"
"< Application, Lantlr/CSharpCodeGenerator, declaredASTVariables, <Application,Ljava/util/HashSet> >"
"< Application, Lantlr/CppCodeGenerator, astVarNumber, <Primordial,I> >"
"< Application, Lantlr/preprocessor/Grammar, tokenSection, <Application,Ljava/lang/String> >"
"< Application, Lantlr/CodeGenerator, bitsetTestThreshold, <Primordial,I> >"
"< Application, Lantlr/RuleSymbol, defined, <Primordial,Z> >"
"< Application, Lantlr/ANTLRStringBuffer, buffer, <Primordial,[C> >"
"< Application, Lantlr/AlternativeBlock, ID, <Primordial,I> >"
"< Application, Lantlr/TreeParser, _retTree, <Application,Lantlr/collections/AST> >"
"< Application, Lantlr/collections/impl/Vector, lastElement, <Primordial,I> >"
"< Application, Lantlr/CSharpCodeGenerator, semPreds, <Application,Lantlr/collections/impl/Vector> >"
"< Application, Lantlr/collections/impl/LList, head, <Application,Lantlr/collections/impl/LLCell> >"
"< Application, Lantlr/ASTIterator, cursor, <Application,Lantlr/collections/AST> >"
"< Application, Lantlr/preprocessor/Grammar, rules, <Application,Lantlr/collections/impl/IndexedVector> >"
"< Application, Lantlr/Grammar, traceRules, <Primordial,Z> >"
"< Application, Lantlr/AlternativeBlock, hasASynPred, <Primordial,Z> >"
"< Application, Lantlr/DumpASTVisitor, level, <Primordial,I> >"
"< Application, Lantlr/debug/ParserEventSupport, tokenEvent, <Application,Lantlr/debug/ParserTokenEvent> >"
"< Application, Lantlr/PreservingFileWriter, target_file, <Application,Ljava/io/File> >"
"< Application, Lantlr/debug/SemanticPredicateEvent, condition, <Primordial,I> >"
"< Application, Lantlr/DiagnosticCodeGenerator, syntacticPredLevel, <Primordial,I> >"
"< Application, Lantlr/Tool, genDocBook, <Primordial,Z> >"
"< Application, Lantlr/preprocessor/Rule, block, <Application,Ljava/lang/String> >"
"< Application, Lantlr/CSharpCodeGenerator, throwNoViable, <Application,Ljava/lang/String> >"
"< Application, Lantlr/TokenStreamSelector, inputStreamNames, <Application,Ljava/util/Hashtable> >"
"< Application, Lantlr/preprocessor/GrammarFile, headerAction, <Application,Ljava/lang/String> >"
"< Application, Ldacapo/parser/SimpleCharStream, prevCharIsCR, <Primordial,Z> >"
"< Application, Lantlr/JavaBlockFinishingInfo, generatedSwitch, <Primordial,Z> >"
"< Application, Lantlr/CSharpCodeGenerator, astTypes, <Application,Ljava/util/Vector> >"
"< Application, Lantlr/AlternativeBlock, greedy, <Primordial,Z> >"
"< Application, Lantlr/CharScanner, tabsize, <Primordial,I> >"
"< Application, Lantlr/DocBookCodeGenerator, doingLexRules, <Primordial,Z> >"
"< Application, Lantlr/preprocessor/Rule, name, <Application,Ljava/lang/String> >"
"< Application, Lantlr/actions/cpp/ActionLexer, transInfo, <Application,Lantlr/ActionTransInfo> >"
"< Application, Ldacapo/parser/Config$OutputFile, this$0, <Application,Ldacapo/parser/Config> >"
"< Application, Ldacapo/Benchmark, iteration, <Primordial,I> >"
"< Application, Lantlr/CppCodeGenerator, genHashLines, <Primordial,Z> >"
"< Application, Lantlr/collections/impl/LList, length, <Primordial,I> >"
"< Application, Lantlr/TokenBuffer, markerOffset, <Primordial,I> >"
"< Application, Lantlr/LexerGrammar, filterRule, <Application,Ljava/lang/String> >"
"< Application, Ldacapo/parser/SimpleCharStream, bufsize, <Primordial,I> >"
"< Application, Ldacapo/parser/ParseException, tokenImage, <Application,[Ljava/lang/String> >"
"< Application, Lantlr/Lookahead, epsilonDepth, <Application,Lantlr/collections/impl/BitSet> >"
"< Application, Lantlr/DefineGrammarSymbols, tool, <Application,Lantlr/Tool> >"
"< Application, Lantlr/Grammar, antlrTool, <Application,Lantlr/Tool> >"
"< Application, Ldacapo/parser/ConfigFileTokenManager, jjstateSet, <Primordial,[I> >"
"< Application, Lantlr/MismatchedTokenException, expecting, <Primordial,I> >"
"< Application, Ldacapo/parser/Config$OutputFile, existence, <Primordial,Z> >"
"< Application, Ldacapo/parser/ConfigFileTokenManager, jjnewStateCnt, <Primordial,I> >"
"< Application, Lantlr/CppCodeGenerator, commonExtraArgs, <Application,Ljava/lang/String> >"
"< Application, Lantlr/TokenStreamBasicFilter, discardMask, <Application,Lantlr/collections/impl/BitSet> >"
"< Application, Lantlr/MakeGrammar, grammarError, <Primordial,Z> >"
"< Application, Lantlr/RuleBlock, defaultErrorHandler, <Primordial,Z> >"
"< Application, Lantlr/Alternative, head, <Application,Lantlr/AlternativeElement> >"
"< Application, Lantlr/ParserSharedInputState, guessing, <Primordial,I> >"
"< Application, Lantlr/CSharpCodeGenerator, usingCustomAST, <Primordial,Z> >"
"< Application, Lantlr/TreeSpecifierNode, firstChild, <Application,Lantlr/TreeSpecifierNode> >"
"< Application, Lantlr/debug/ParserMatchEvent, matched, <Primordial,Z> >"
"< Application, Ldacapo/parser/ParseException, expectedTokenSequences, <Primordial,[[I> >"
"< Application, Lantlr/debug/ParserEventSupport, traceListeners, <Application,Ljava/util/Vector> >"
"< Application, Lantlr/TokenStreamHiddenTokenFilter, lastHiddenToken, <Application,Lantlr/CommonHiddenStreamToken> >"
"< Application, Lantlr/StringLiteralElement, processedAtomText, <Application,Ljava/lang/String> >"
"< Application, Ldacapo/Matcher, st, <Primordial,I> >"
"< Application, Lantlr/TreeSpecifierNode, parent, <Application,Lantlr/TreeSpecifierNode> >"
"< Application, Lantlr/Alternative, semPred, <Application,Ljava/lang/String> >"
"< Application, Lantlr/preprocessor/Hierarchy, antlrTool, <Application,Lantlr/Tool> >"
"< Application, Ldacapo/Matcher, replacement, <Application,Ljava/lang/String> >"
"< Application, Ldacapo/Matcher, state, <Primordial,I> >"
"< Application, Ldacapo/parser/SimpleCharStream, buffer, <Primordial,[C> >"
"< Application, Lantlr/BlockWithImpliedExitPath, exitLookaheadDepth, <Primordial,I> >"
"< Application, Ldacapo/parser/Config, methodName, <Application,Ljava/lang/String> >"
"< Application, Lantlr/RuleSymbol, references, <Application,Lantlr/collections/impl/Vector> >"
"< Application, Lantlr/Tool, genDiagnostics, <Primordial,Z> >"
"< Application, Lantlr/NameSpace, _name, <Application,Ljava/lang/String> >"
"< Application, Lantlr/Grammar, preambleAction, <Application,Lantlr/Token> >"
"< Application, Lantlr/RecognitionException, column, <Primordial,I> >"
"< Application, Lantlr/Alternative, treeSpecifier, <Application,Lantlr/Token> >"
"< Application, Lantlr/TokenStreamHiddenTokenFilter, hideMask, <Application,Lantlr/collections/impl/BitSet> >"
"< Application, Lantlr/CppCodeGenerator, currentRule, <Application,Lantlr/RuleBlock> >"
"< Application, Lantlr/StringLiteralSymbol, label, <Application,Ljava/lang/String> >"
"< Application, Lantlr/preprocessor/Rule, returnValue, <Application,Ljava/lang/String> >"
"< Application, Lantlr/CodeGenerator, charFormatter, <Application,Lantlr/CharFormatter> >"
"< Application, Ldacapo/parser/Config$OutputFile, lines, <Primordial,I> >"
"< Application, Lantlr/collections/impl/VectorEnumerator, vector, <Application,Lantlr/collections/impl/Vector> >"
"< Application, Lantlr/TokenQueue, nbrEntries, <Primordial,I> >"
"< Application, Lantlr/preprocessor/GrammarFile, fileName, <Application,Ljava/lang/String> >"
"< Application, Lantlr/ExceptionSpec, label, <Application,Lantlr/Token> >"
"< Application, Lantlr/GrammarAtom, label, <Application,Ljava/lang/String> >"
"< Application, Lantlr/CharStreamIOException, io, <Application,Ljava/io/IOException> >"
"< Application, Lantlr/Grammar, className, <Application,Ljava/lang/String> >"
"< Application, Lantlr/CppCodeGenerator, treeVariableMap, <Application,Ljava/util/Hashtable> >"
"< Application, Lantlr/preprocessor/Tool, args, <Application,[Ljava/lang/String> >"
"< Application, Lantlr/preprocessor/GrammarFile, tool, <Application,Lantlr/Tool> >"
"< Application, Lantlr/CharScanner, commitToPath, <Primordial,Z> >"
"< Application, Lantlr/CodeGenerator, currentOutput, <Application,Ljava/io/PrintWriter> >"
"< Application, Lantlr/AlternativeBlock, alti, <Primordial,I> >"
"< Application, Lantlr/debug/InputBufferEventSupport, source, <Application,Ljava/lang/Object> >"
"< Application, Lantlr/MismatchedTokenException, mismatchType, <Primordial,I> >"
"< Application, Lantlr/LLkAnalyzer, grammar, <Application,Lantlr/Grammar> >"
"< Application, Lantlr/CSharpCodeGenerator, lt1Value, <Application,Ljava/lang/String> >"
"< Application, Lantlr/RuleRefElement, label, <Application,Ljava/lang/String> >"
"< Application, Lantlr/CharScanner, traceDepth, <Primordial,I> >"
"< Application, Lantlr/DefineGrammarSymbols, grammars, <Application,Lantlr/collections/impl/Vector> >"
"< Application, Ldacapo/parser/Config, sizes, <Application,Ljava/util/HashMap> >"
"< Application, Lantlr/RecognitionException, fileName, <Application,Ljava/lang/String> >"
"< Application, Lantlr/Tool, hasError, <Primordial,Z> >"
"< Application, Lantlr/CppCodeGenerator, throwNoViable, <Application,Ljava/lang/String> >"
"< Application, Lantlr/Grammar, tokenManager, <Application,Lantlr/TokenManager> >"
"< Application, Lantlr/Parser, inputState, <Application,Lantlr/ParserSharedInputState> >"
"< Application, Lantlr/TokenStreamSelector, input, <Application,Lantlr/TokenStream> >"
"< Application, Lantlr/preprocessor/Preprocessor, antlrTool, <Application,Lantlr/Tool> >"
"< Application, Lantlr/collections/impl/ASTArray, array, <Application,[Lantlr/collections/AST> >"
"< Application, Lantlr/AlternativeElement, enclosingRuleName, <Application,Ljava/lang/String> >"
"< Application, Lantlr/GrammarElement, line, <Primordial,I> >"
"< Application, Lantlr/SimpleTokenManager, antlrTool, <Application,Lantlr/Tool> >"
"< Application, Lantlr/CodeGenerator, antlrTool, <Application,Lantlr/Tool> >"
"< Application, Lantlr/debug/SemanticPredicateEvent, result, <Primordial,Z> >"
"< Application, Lantlr/TokenRangeElement, begin, <Primordial,I> >"
"< Application, Lantlr/actions/java/ActionLexer, currentRule, <Application,Lantlr/RuleBlock> >"
"< Application, Lantlr/MismatchedCharException, expecting, <Primordial,I> >"
"< Application, Lantlr/AlternativeElement, autoGenType, <Primordial,I> >"
"< Application, Lantlr/CharBuffer, input, <Application,Ljava/io/Reader> >"
"< Application, Lantlr/Token, type, <Primordial,I> >"
"< Application, Lantlr/RuleBlock, returnAction, <Application,Ljava/lang/String> >"
"< Application, Lantlr/Grammar, symbols, <Application,Ljava/util/Hashtable> >"
"< Application, Lantlr/RuleBlock, argAction, <Application,Ljava/lang/String> >"
"< Application, Lantlr/ANTLRParser, behavior, <Application,Lantlr/ANTLRGrammarParseBehavior> >"
"< Application, Lantlr/GrammarAtom, tokenType, <Primordial,I> >"
"< Application, Lantlr/MakeGrammar, blocks, <Application,Lantlr/collections/Stack> >"
"< Application, Lantlr/CharRangeElement, label, <Application,Ljava/lang/String> >"
"< Application, Lantlr/debug/misc/JTreeASTModel, root, <Application,Lantlr/collections/AST> >"
"< Application, Lantlr/CSharpCodeGenerator, currentRule, <Application,Lantlr/RuleBlock> >"
"< Application, Lantlr/Tool, f, <Application,Ljava/io/Reader> >"
"< Application, Lantlr/CommonASTWithHiddenTokens, hiddenAfter, <Application,Lantlr/CommonHiddenStreamToken> >"
"< Application, Lantlr/DocBookCodeGenerator, prevAltElem, <Application,Lantlr/AlternativeElement> >"
"< Application, Lantlr/debug/InputBufferEvent, c, <Primordial,C> >"
"< Application, Lantlr/ExceptionSpec, handlers, <Application,Lantlr/collections/impl/Vector> >"
"< Application, Lantlr/Grammar, superClass, <Application,Ljava/lang/String> >"
"< Application, LMMTkHarness, harnessClassName, <Application,Ljava/lang/String> >"
"< Application, Lantlr/CSharpCodeGenerator, syntacticPredLevel, <Primordial,I> >"
"< Application, Lantlr/CppCodeGenerator, astTypes, <Application,Lantlr/collections/impl/Vector> >"
"< Application, Lantlr/Tool, namespaceStd, <Application,Ljava/lang/String> >"
"< Application, Lantlr/JavaCodeGenerator, throwNoViable, <Application,Ljava/lang/String> >"
"< Application, Lantlr/CppCodeGenerator, genAST, <Primordial,Z> >"
"< Application, Lantlr/preprocessor/Hierarchy, ParserRoot, <Application,Lantlr/preprocessor/Grammar> >"
"< Application, Lantlr/CppCodeGenerator, noConstructors, <Primordial,Z> >"
"< Application, Lantlr/debug/DebuggingCharScanner, parserEventSupport, <Application,Lantlr/debug/ParserEventSupport> >"
"< Application, Lantlr/AlternativeBlock, greedySet, <Primordial,Z> >"
"< Application, Lantlr/MismatchedTokenException, tokenText, <Application,Ljava/lang/String> >"
"< Application, Lantlr/debug/ParserEventSupport, newLineEvent, <Application,Lantlr/debug/NewLineEvent> >"
"< Application, Lantlr/BaseAST, down, <Application,Lantlr/BaseAST> >"
"< Application, Lantlr/ASTPair, child, <Application,Lantlr/collections/AST> >"
"< Application, Lantlr/DefineGrammarSymbols, numLexers, <Primordial,I> >"
"< Application, Lantlr/CommonAST, text, <Application,Ljava/lang/String> >"
"< Application, Lantlr/collections/impl/Vector, data, <Application,[Ljava/lang/Object> >"
"< Application, Lantlr/BlockContext, altNum, <Primordial,I> >"
"< Application, Ldacapo/parser/Config$Size, outputFiles, <Application,Ljava/util/HashMap> >"
"< Application, Lantlr/Grammar, exportVocab, <Application,Ljava/lang/String> >"
"< Application, Lantlr/JavaCodeGenerator, saveText, <Primordial,Z> >"
"< Application, Lantlr/TokenRangeElement, end, <Primordial,I> >"
"< Application, Lantlr/collections/impl/IndexedVector, elements, <Application,Lantlr/collections/impl/Vector> >"
"< Application, Lantlr/CodeGenerator, makeSwitchThreshold, <Primordial,I> >"
"< Application, Lantlr/debug/ParserEventSupport, doneListeners, <Application,Ljava/util/Hashtable> >"
"< Application, Lantlr/CppCodeGenerator, labeledElementType, <Application,Ljava/lang/String> >"
"< Application, Lantlr/TreeSpecifierNode, tok, <Application,Lantlr/Token> >"
"< Application, Lantlr/CppCodeGenerator, outputLine, <Primordial,I> >"
"< Application, Lantlr/JavaBlockFinishingInfo, postscript, <Application,Ljava/lang/String> >"
"< Application, Ldacapo/TeeOutputStream, version, <Primordial,I> >"
"< Application, Lantlr/RuleBlock, testLiterals, <Primordial,Z> >"
"< Application, Lantlr/ParserSharedInputState, input, <Application,Lantlr/TokenBuffer> >"
"< Application, Lantlr/preprocessor/Grammar, alreadyExpanded, <Primordial,Z> >"
"< Application, Lantlr/debug/LLkDebuggingParser, parserEventSupport, <Application,Lantlr/debug/ParserEventSupport> >"
"< Application, Lantlr/BlockEndElement, block, <Application,Lantlr/AlternativeBlock> >"
"< Application, Lantlr/preprocessor/Tool, nargs, <Primordial,I> >"
"< Application, Lantlr/debug/ParserEventSupport, source, <Application,Ljava/lang/Object> >"
"< Application, Lantlr/SimpleTokenManager, readOnly, <Primordial,Z> >"
"< Application, Lantlr/Grammar, defaultErrorHandler, <Primordial,Z> >"
"< Application, Lantlr/CodeGenerator, behavior, <Application,Lantlr/DefineGrammarSymbols> >"
"< Application, Lantlr/debug/ParserMatchEvent, text, <Application,Ljava/lang/String> >"
"< Application, Lantlr/RuleSymbol, comment, <Application,Ljava/lang/String> >"
"< Application, Ldacapo/parser/SimpleCharStream, bufline, <Primordial,[I> >"
"< Application, Ldacapo/Callback, timer, <Primordial,J> >"
"< Application, LMMTkHarness, beginMethod, <Application,Ljava/lang/reflect/Method> >"
"< Application, Ldacapo/parser/SimpleCharStream, available, <Primordial,I> >"
"< Application, Lantlr/debug/Event, type, <Primordial,I> >"
"< Application, Lantlr/HTMLCodeGenerator, syntacticPredLevel, <Primordial,I> >"
"< Application, Lantlr/debug/LLkDebuggingParser, _notDebugMode, <Primordial,Z> >"
"< Application, Lantlr/HTMLCodeGenerator, doingLexRules, <Primordial,Z> >"
"< Application, Lantlr/GrammarAtom, ASTNodeType, <Application,Ljava/lang/String> >"
"< Application, Lantlr/MismatchedCharException, set, <Application,Lantlr/collections/impl/BitSet> >"
"< Application, Lantlr/CodeGenerator, tabs, <Primordial,I> >"
"< Application, Lantlr/TreeParser, inputState, <Application,Lantlr/TreeParserSharedInputState> >"
"< Application, Lantlr/TokenQueue, offset, <Primordial,I> >"
"< Application, Lantlr/ASTFactory, theASTNodeType, <Application,Ljava/lang/String> >"
"< Application, Lantlr/MakeGrammar, lastRuleRef, <Application,Lantlr/RuleRefElement> >"
"< Application, Lantlr/preprocessor/Tool, grammarFileName, <Application,Ljava/lang/String> >"
"< Application, Ldacapo/parser/SimpleCharStream, inBuf, <Primordial,I> >"
"< Application, Lantlr/RuleSymbol, access, <Application,Ljava/lang/String> >"
"< Application, Lantlr/CppCodeGenerator, lt1Value, <Application,Ljava/lang/String> >"
"< Application, Lantlr/debug/ParserEventSupport, semPredListeners, <Application,Ljava/util/Vector> >"
"< Application, Lantlr/BaseAST, right, <Application,Lantlr/BaseAST> >"
"< Application, Lantlr/SimpleTokenManager, vocabulary, <Application,Lantlr/collections/impl/Vector> >"
"< Application, Lantlr/AlternativeBlock, analysisAlt, <Primordial,I> >"
"< Application, Lantlr/TokenStreamHiddenTokenFilter, nextMonitoredToken, <Application,Lantlr/CommonHiddenStreamToken> >"
"< Application, Lantlr/collections/impl/VectorEnumeration, i, <Primordial,I> >"
"< Application, Lantlr/ASTPair, root, <Application,Lantlr/collections/AST> >"
"< Application, Lantlr/debug/ParserEventSupport, matchEvent, <Application,Lantlr/debug/ParserMatchEvent> >"
"< Application, Lantlr/CSharpBlockFinishingInfo, postscript, <Application,Ljava/lang/String> >"
"< Application, Lantlr/DefineGrammarSymbols, analyzer, <Application,Lantlr/LLkAnalyzer> >"
"< Application, Lantlr/debug/ParserTokenEvent, amount, <Primordial,I> >"
"< Application, Ldacapo/Benchmark$1, val$pattern, <Application,Ljava/lang/String> >"
"< Application, Lantlr/PreservingFileWriter, tmp_file, <Application,Ljava/io/File> >"
"< Application, Lantlr/CSharpCodeGenerator, labeledElementType, <Application,Ljava/lang/String> >"
"< Application, Lantlr/LexerGrammar, filterMode, <Primordial,Z> >"
"< Application, Lantlr/debug/DebuggingInputBuffer, buffer, <Application,Lantlr/InputBuffer> >"
"< Application, Lantlr/debug/ParserMatchEvent, value, <Primordial,I> >"
"< Application, Lantlr/CppBlockFinishingInfo, generatedAnIf, <Primordial,Z> >"
"< Application, Ldacapo/parser/Config$OutputFile, bytes, <Primordial,J> >"
"< Application, Lantlr/CSharpBlockFinishingInfo, generatedSwitch, <Primordial,Z> >"
"< Application, Lantlr/JavaBlockFinishingInfo, needAnErrorClause, <Primordial,Z> >"
"< Application, Lantlr/CppCodeGenerator, commonLocalVars, <Application,Ljava/lang/String> >"
"< Application, Lantlr/TokenSymbol, ASTNodeType, <Application,Ljava/lang/String> >"
"< Application, Lantlr/LexerSharedInputState, input, <Application,Lantlr/InputBuffer> >"
"< Application, Lantlr/HTMLCodeGenerator, firstElementInAlt, <Primordial,Z> >"
"< Application, Lantlr/CSharpCodeGenerator, commonLocalVars, <Application,Ljava/lang/String> >"
"< Application, Ldacapo/parser/TokenMgrError, errorCode, <Primordial,I> >"
"< Application, Lantlr/GrammarAtom, atomText, <Application,Ljava/lang/String> >"
"< Application, Lantlr/CSharpCodeGenerator, exceptionThrown, <Application,Ljava/lang/String> >"
"< Application, Lantlr/collections/impl/LList, tail, <Application,Lantlr/collections/impl/LLCell> >"
"< Application, Lantlr/LexerGrammar, testLiterals, <Primordial,Z> >"
"< Application, Lantlr/JavaCodeGenerator, currentASTResult, <Application,Ljava/lang/String> >"
"< Application, Lantlr/NoViableAltException, node, <Application,Lantlr/collections/AST> >"
"< Application, Lantlr/CharQueue, offset, <Primordial,I> >"
"< Application, Lantlr/AlternativeBlock, doAutoGen, <Primordial,Z> >"
"< Application, Lantlr/MismatchedTokenException, tokenNames, <Application,[Ljava/lang/String> >"
"< Application, Lantlr/CommonToken, text, <Application,Ljava/lang/String> >"
"< Application, Lantlr/preprocessor/Rule, initAction, <Application,Ljava/lang/String> >"
"< Application, Lantlr/AlternativeBlock, not, <Primordial,Z> >"
"< Application, Lantlr/Grammar, buildAST, <Primordial,Z> >"
"< Application, Ldacapo/parser/SimpleCharStream, maxNextCharInd, <Primordial,I> >"
"< Application, Lantlr/CppCodeGenerator, labeledElementInit, <Application,Ljava/lang/String> >"
"< Application, Lantlr/collections/impl/IndexedVector, index, <Application,Ljava/util/Hashtable> >"
"< Application, Lantlr/debug/ParserEventSupport, matchListeners, <Application,Ljava/util/Vector> >"
"< Application, Lantlr/LexerSharedInputState, tokenStartColumn, <Primordial,I> >"
"< Application, Lantlr/actions/java/ActionLexer, lineOffset, <Primordial,I> >"
"< Application, Lantlr/actions/java/ActionLexer, generator, <Application,Lantlr/CodeGenerator> >"
"< Application, Lantlr/ActionTransInfo, followSetName, <Application,Ljava/lang/String> >"
"< Application, Lantlr/preprocessor/GrammarFile, expanded, <Primordial,Z> >"
"< Application, Lantlr/RuleRefElement, idAssign, <Application,Ljava/lang/String> >"
"< Application, Ldacapo/parser/Config$OutputFile, name, <Application,Ljava/lang/String> >"
"< Application, Lantlr/preprocessor/Grammar, hier, <Application,Lantlr/preprocessor/Hierarchy> >"
"< Application, Lantlr/BlockContext, block, <Application,Lantlr/AlternativeBlock> >"
"< Application, Lantlr/collections/impl/IntRange, end, <Primordial,I> >"
"< Application, Ldacapo/parser/Config$Size, name, <Application,Ljava/lang/String> >"
"< Application, Lantlr/TokenRangeElement, label, <Application,Ljava/lang/String> >"
"< Application, Lantlr/Grammar, hasSyntacticPredicate, <Primordial,Z> >"
"< Application, Ldacapo/parser/Config, desc, <Application,Ljava/util/HashMap> >"
"< Application, Lantlr/preprocessor/Rule, options, <Application,Lantlr/collections/impl/IndexedVector> >"
