"< Application, Lantlr/CppCharFormatter, escapeChar(IZ)Ljava/lang/String; >"	30	7	java_prim_type_char	2	java_prim_type_int
"< Application, Lantlr/ByteBuffer, fill(I)V >"	9	13	java_prim_type_char	12	java_prim_type_int
"< Application, Ldacapo/TestHarness, coeff_of_var([J)D >"	6	9	java_prim_type_double	8	java_prim_type_long
"< Application, Lantlr/CharRangeElement, <init>(Lantlr/LexerGrammar;Lantlr/Token;Lantlr/Token;I)V >"	11	20	java_prim_type_char	19	java_prim_type_int
"< Application, Lantlr/CharBuffer, fill(I)V >"	9	13	java_prim_type_char	12	java_prim_type_int
"< Application, Lantlr/MakeGrammar, refCharRange(Lantlr/Token;Lantlr/Token;Lantlr/Token;IZ)V >"	27	23	java_prim_type_char	14	java_prim_type_int
"< Application, Lantlr/MakeGrammar, refCharLiteral(Lantlr/Token;Lantlr/Token;ZIZ)V >"	25	29	java_prim_type_char	28	java_prim_type_int
"< Application, Lantlr/CSharpCharFormatter, escapeChar(IZ)Ljava/lang/String; >"	49	7	java_prim_type_char	2	java_prim_type_int
"< Application, Ldacapo/TestHarness, coeff_of_var([J)D >"	1	4	java_prim_type_double	3	java_prim_type_int
"< Application, Lantlr/NoViableAltForCharException, getMessage()Ljava/lang/String; >"	41	27	java_prim_type_char	26	java_prim_type_int
"< Application, Lantlr/CharRangeElement, <init>(Lantlr/LexerGrammar;Lantlr/Token;Lantlr/Token;I)V >"	5	13	java_prim_type_char	12	java_prim_type_int
"< Application, Lantlr/MakeGrammar, refCharRange(Lantlr/Token;Lantlr/Token;Lantlr/Token;IZ)V >"	38	37	java_prim_type_char	18	java_prim_type_int
"< Application, Lantlr/JavaCharFormatter, escapeChar(IZ)Ljava/lang/String; >"	49	7	java_prim_type_char	2	java_prim_type_int
"< Application, Lantlr/MakeGrammar, refCharRange(Lantlr/Token;Lantlr/Token;Lantlr/Token;IZ)V >"	40	40	java_prim_type_char	18	java_prim_type_int
"< Application, Lantlr/NoViableAltForCharException, getMessage()Ljava/lang/String; >"	33	38	java_prim_type_char	37	java_prim_type_int
"< Application, Lantlr/NoViableAltForCharException, getMessage()Ljava/lang/String; >"	52	62	java_prim_type_char	61	java_prim_type_int
"< Application, Lantlr/MakeGrammar, refCharRange(Lantlr/Token;Lantlr/Token;Lantlr/Token;IZ)V >"	29	26	java_prim_type_char	14	java_prim_type_int
"< Application, Lantlr/MismatchedCharException, appendCharName(Ljava/lang/StringBuffer;I)V >"	10	8	java_prim_type_char	3	java_prim_type_int
"< Application, Lantlr/MakeGrammar, refCharLiteral(Lantlr/Token;Lantlr/Token;ZIZ)V >"	22	24	java_prim_type_char	23	java_prim_type_int
"< Application, Lantlr/NoViableAltForCharException, getMessage()Ljava/lang/String; >"	60	52	java_prim_type_char	51	java_prim_type_int
