java_type_ref("<Application,Lantlr/actions/java/ActionLexerTokenTypes>")
java_type_ref("<Application,Lantlr/debug/ParserMatchListener>")
java_type_ref("<Application,Lantlr/ANTLRGrammarParseBehavior>")
java_type_ref("<Application,Lantlr/debug/SemanticPredicateListener>")
java_type_ref("<Application,Lantlr/ANTLRTokenTypes>")
java_type_ref("<Application,Lantlr/debug/NewLineListener>")
java_type_ref("<Application,Lantlr/GrammarAnalyzer>")
java_type_ref("<Application,Lantlr/debug/ParserController>")
java_type_ref("<Application,Lantlr/ToolErrorHandler>")
java_type_ref("<Application,Lantlr/collections/Stack>")
java_type_ref("<Application,Lantlr/preprocessor/PreprocessorTokenTypes>")
java_type_ref("<Application,Lantlr/debug/ParserTokenListener>")
java_type_ref("<Application,Lantlr/debug/InputBufferListener>")
java_type_ref("<Application,Lantlr/CharFormatter>")
java_type_ref("<Application,Lantlr/debug/MessageListener>")
java_type_ref("<Application,Lantlr/debug/DebuggingParser>")
java_type_ref("<Application,Lantlr/collections/AST>")
java_type_ref("<Application,Lantlr/actions/csharp/ActionLexerTokenTypes>")
java_type_ref("<Application,Lantlr/TokenManager>")
java_type_ref("<Application,Lantlr/collections/ASTEnumeration>")
java_type_ref("<Application,Lantlr/actions/cpp/ActionLexerTokenTypes>")
java_type_ref("<Application,Lantlr/debug/ParserListener>")
java_type_ref("<Application,Lantlr/debug/ListenerBase>")
java_type_ref("<Application,Lantlr/debug/SyntacticPredicateListener>")
java_type_ref("<Application,Lantlr/collections/Enumerator>")
java_type_ref("<Application,Lantlr/LLkGrammarAnalyzer>")
java_type_ref("<Application,Lantlr/collections/List>")
java_type_ref("<Application,Lantlr/debug/TraceListener>")
java_type_ref("<Application,Lantlr/ASTVisitor>")
java_type_ref("<Application,Ldacapo/parser/ConfigFileConstants>")
java_type_ref("<Application,Lantlr/ANTLRTokdefParserTokenTypes>")
java_type_ref("<Application,Lantlr/TokenStream>")
