"< Application, Lantlr/actions/java/ActionLexer, mk_tokenSet_0()[J >"
"< Application, Lantlr/actions/csharp/ActionLexer, mk_tokenSet_19()[J >"
"< Application, Ldacapo/Slice, extract(Ljava/io/File;Ljava/io/File;II)V >"
"< Application, Lantlr/actions/java/ActionLexer, mk_tokenSet_16()[J >"
"< Application, Ldacapo/Slice, main([Ljava/lang/String;)V >"
"< Application, Ldacapo/FileDigest, getText(Ljava/io/File;ZLjava/io/File;)[B >"
"< Application, Lantlr/JavaCodeGenerator, suitableForCaseExpression(Lantlr/Alternative;)Z >"
"< Application, Lantlr/actions/csharp/ActionLexer, mk_tokenSet_5()[J >"
"< Application, Lantlr/debug/misc/ASTFrame, main([Ljava/lang/String;)V >"
"< Application, Lantlr/preprocessor/Preprocessor, mk_tokenSet_1()[J >"
"< Application, Ldacapo/parser/ConfigFile, <clinit>()V >"
"< Application, Ldacapo/Benchmark, isDigestOutput()Z >"
"< Application, Lantlr/preprocessor/Preprocessor, mk_tokenSet_5()[J >"
"< Application, Lantlr/actions/cpp/ActionLexer, mk_tokenSet_1()[J >"
"< Application, Lantlr/collections/impl/BitSet, wordNumber(I)I >"
"< Application, Lantlr/BaseAST, decode(Ljava/lang/String;)Ljava/lang/String; >"
"< Application, Lantlr/actions/csharp/ActionLexer, mk_tokenSet_12()[J >"
"< Application, Lantlr/StringUtils, stripBack(Ljava/lang/String;Ljava/lang/String;)Ljava/lang/String; >"
"< Application, Lantlr/ANTLRParser, mk_tokenSet_9()[J >"
"< Application, Lantlr/actions/cpp/ActionLexer, mk_tokenSet_23()[J >"
"< Application, Lantlr/Token, <clinit>()V >"
"< Application, Ldacapo/Benchmark, lineCount(Ljava/lang/String;)I >"
"< Application, Lantlr/ANTLRLexer, mk_tokenSet_4()[J >"
"< Application, Lantlr/actions/java/ActionLexer, mk_tokenSet_15()[J >"
"< Application, Ldacapo/parser/Config, parse(Ljava/io/InputStream;)Ldacapo/parser/Config; >"
"< Application, Lantlr/StringUtils, stripFront(Ljava/lang/String;Ljava/lang/String;)Ljava/lang/String; >"
"< Application, Lantlr/CSharpCodeGenerator, suitableForCaseExpression(Lantlr/Alternative;)Z >"
"< Application, Lantlr/actions/csharp/ActionLexer, mk_tokenSet_1()[J >"
"< Application, Lantlr/actions/csharp/ActionLexer, mk_tokenSet_8()[J >"
"< Application, Ldacapo/parser/ConfigFile, main([Ljava/lang/String;)V >"
"< Application, Lantlr/actions/cpp/ActionLexer, mk_tokenSet_19()[J >"
"< Application, Ldacapo/Benchmark, isPreserve()Z >"
"< Application, Ldacapo/Benchmark, copyFile(Ljava/io/File;Ljava/io/File;)V >"
"< Application, Ldacapo/parser/Config, parse(Ljava/io/File;)Ldacapo/parser/Config; >"
"< Application, Lantlr/TreeParser, panic()V >"
"< Application, Lantlr/ANTLRParser, <clinit>()V >"
"< Application, Lantlr/DocBookCodeGenerator, HTMLEncode(Ljava/lang/String;)Ljava/lang/String; >"
"< Application, Lantlr/actions/java/ActionLexer, mk_tokenSet_23()[J >"
"< Application, Lantlr/actions/cpp/ActionLexer, mk_tokenSet_3()[J >"
"< Application, Lantlr/ANTLRTokdefLexer, mk_tokenSet_3()[J >"
"< Application, Lantlr/actions/csharp/ActionLexer, mk_tokenSet_0()[J >"
"< Application, Lantlr/actions/csharp/ActionLexer, mk_tokenSet_21()[J >"
"< Application, Lantlr/StringUtils, stripFrontBack(Ljava/lang/String;Ljava/lang/String;Ljava/lang/String;)Ljava/lang/String; >"
"< Application, Lantlr/actions/java/ActionLexer, mk_tokenSet_12()[J >"
"< Application, Lantlr/preprocessor/Preprocessor, mk_tokenSet_6()[J >"
"< Application, Lantlr/ANTLRTokdefLexer, <clinit>()V >"
"< Application, Lantlr/actions/java/ActionLexer, mk_tokenSet_2()[J >"
"< Application, Ldacapo/Benchmark, unpackZipFile(Ljava/lang/String;Ljava/io/File;)V >"
"< Application, Lantlr/actions/java/ActionLexer, mk_tokenSet_7()[J >"
"< Application, Ldacapo/TestHarness, getURL(Ljava/lang/String;)Ljava/net/URL; >"
"< Application, Ldacapo/LatexDescriptions, <clinit>()V >"
"< Application, Ldacapo/LatexDescriptions, strop(Ljava/lang/String;)Ljava/lang/String; >"
"< Application, Lantlr/ANTLRParser, mk_tokenSet_3()[J >"
"< Application, Lantlr/ANTLRTokdefParser, mk_tokenSet_0()[J >"
"< Application, Lantlr/actions/csharp/ActionLexer, mk_tokenSet_4()[J >"
"< Application, Lantlr/preprocessor/PreprocessorLexer, mk_tokenSet_5()[J >"
"< Application, Lantlr/ANTLRTokdefLexer, mk_tokenSet_2()[J >"
"< Application, Lantlr/Tool, parseSeparatedList(Ljava/lang/String;C)Lantlr/collections/impl/Vector; >"
"< Application, Lantlr/BaseAST, encode(Ljava/lang/String;)Ljava/lang/String; >"
"< Application, Ldacapo/Benchmark, deleteTree(Ljava/io/File;)V >"
"< Application, Lantlr/ANTLRLexer, mk_tokenSet_3()[J >"
"< Application, Ldacapo/TestHarness, vectorise([Ljava/lang/String;)Ljava/util/Vector; >"
"< Application, Ldacapo/parser/Config, parse(Ljava/net/URL;)Ldacapo/parser/Config; >"
"< Application, Lantlr/actions/cpp/ActionLexer, mk_tokenSet_20()[J >"
"< Application, Lantlr/CodeGenerator, reverseLexerRuleName(Ljava/lang/String;)Ljava/lang/String; >"
"< Application, Ldacapo/Benchmark, byteCount(Ljava/io/File;)J >"
"< Application, Lantlr/actions/csharp/ActionLexer, <clinit>()V >"
"< Application, Ldacapo/TestHarness, runBenchmark(Ljava/io/File;Ljava/lang/String;Ldacapo/TestHarness;)V >"
"< Application, Lantlr/CppCodeGenerator, suitableForCaseExpression(Lantlr/Alternative;)Z >"
"< Application, Ldacapo/TestHarness, twoDecimalPlaces()Ljava/text/DecimalFormat; >"
"< Application, Lantlr/ANTLRTokdefParser, mk_tokenSet_1()[J >"
"< Application, Ldacapo/parser/Config, parse(Ljava/lang/String;)Ldacapo/parser/Config; >"
"< Application, Lantlr/preprocessor/Preprocessor, mk_tokenSet_7()[J >"
"< Application, Ldacapo/Benchmark, getURL(Ljava/lang/String;)Ljava/net/URL; >"
"< Application, Lantlr/actions/cpp/ActionLexer, mk_tokenSet_5()[J >"
"< Application, Ldacapo/parser/ConfigFile, unHex(Ldacapo/parser/Token;)Ljava/lang/String; >"
"< Application, Lantlr/actions/java/ActionLexer, mk_tokenSet_3()[J >"
"< Application, Ldacapo/Digest, create()Ljava/security/MessageDigest; >"
"< Application, Lantlr/actions/cpp/ActionLexer, mk_tokenSet_6()[J >"
"< Application, Lantlr/Tool, help()V >"
"< Application, Lantlr/actions/java/ActionLexer, mk_tokenSet_8()[J >"
"< Application, Lantlr/preprocessor/PreprocessorLexer, mk_tokenSet_0()[J >"
"< Application, Ldacapo/Benchmark, lineCount(Ljava/io/File;)I >"
"< Application, Ldacapo/Matcher, <clinit>()V >"
"< Application, Lantlr/actions/cpp/ActionLexer, mk_tokenSet_11()[J >"
"< Application, Lantlr/Tool, main([Ljava/lang/String;)V >"
"< Application, Lantlr/ANTLRTokdefLexer, mk_tokenSet_1()[J >"
"< Application, Ldacapo/parser/TokenMgrError, LexicalError(ZIIILjava/lang/String;C)Ljava/lang/String; >"
"< Application, Lantlr/actions/csharp/ActionLexer, mk_tokenSet_2()[J >"
"< Application, Lantlr/ANTLRLexer, escapeCharValue(Ljava/lang/String;)I >"
"< Application, Lantlr/CSharpCodeGenerator, OctalToUnicode(Ljava/lang/String;)Ljava/lang/String; >"
"< Application, Lantlr/ANTLRParser, mk_tokenSet_1()[J >"
"< Application, Lantlr/actions/cpp/ActionLexer, mk_tokenSet_14()[J >"
"< Application, Lantlr/BaseAST, setVerboseStringConversion(Z[Ljava/lang/String;)V >"
"< Application, Lantlr/actions/java/ActionLexer, mk_tokenSet_19()[J >"
"< Application, Lantlr/actions/csharp/ActionLexer, mk_tokenSet_13()[J >"
"< Application, Lantlr/actions/java/ActionLexer, mk_tokenSet_18()[J >"
"< Application, Lantlr/ANTLRParser, mk_tokenSet_6()[J >"
"< Application, Ldacapo/TestHarness, coeff_of_var([J)D >"
"< Application, Lantlr/actions/java/ActionLexer, mk_tokenSet_1()[J >"
"< Application, Lantlr/collections/impl/BitSet, of(I)Lantlr/collections/impl/BitSet; >"
"< Application, Ldacapo/Benchmark, enableValidationReport(Ljava/lang/String;)V >"
"< Application, Ldacapo/parser/ConfigFile, unQuote(Ldacapo/parser/Token;)Ljava/lang/String; >"
"< Application, Ldacapo/LatexDescriptions, print([Ljava/lang/String;Ljava/lang/String;)V >"
"< Application, Lantlr/ANTLRLexer, mk_tokenSet_5()[J >"
"< Application, Lantlr/preprocessor/PreprocessorLexer, mk_tokenSet_3()[J >"
"< Application, Lantlr/HTMLCodeGenerator, HTMLEncode(Ljava/lang/String;)Ljava/lang/String; >"
"< Application, Lantlr/ANTLRParser, mk_tokenSet_11()[J >"
"< Application, Ldacapo/TestHarness, main([Ljava/lang/String;)V >"
"< Application, Lantlr/actions/java/ActionLexer, mk_tokenSet_4()[J >"
"< Application, Ldacapo/FileDigest, get(Ljava/lang/String;ZZLjava/io/File;)[B >"
"< Application, Ldacapo/parser/ConfigFileConstants, <clinit>()V >"
"< Application, Lantlr/JavaCodeGenerator, <clinit>()V >"
"< Application, Lantlr/preprocessor/PreprocessorLexer, mk_tokenSet_10()[J >"
"< Application, Lantlr/actions/cpp/ActionLexer, mk_tokenSet_24()[J >"
"< Application, Ldacapo/Benchmark, copyFileTo(Ljava/io/File;Ljava/io/File;)V >"
"< Application, Ldacapo/antlr/Main, main([Ljava/lang/String;)V >"
"< Application, Lantlr/actions/cpp/ActionLexer, mk_tokenSet_7()[J >"
"< Application, Lantlr/preprocessor/Preprocessor, mk_tokenSet_3()[J >"
"< Application, Lantlr/CodeGenerator, <clinit>()V >"
"< Application, Lantlr/actions/cpp/ActionLexer, mk_tokenSet_12()[J >"
"< Application, Lantlr/ANTLRParser, mk_tokenSet_2()[J >"
"< Application, Ldacapo/parser/ConfigFile, jj_la1_0()V >"
"< Application, Lantlr/actions/csharp/ActionLexer, mk_tokenSet_20()[J >"
"< Application, Ldacapo/FileDigest, main([Ljava/lang/String;)V >"
"< Application, Lantlr/preprocessor/Tool, main([Ljava/lang/String;)V >"
"< Application, Ldacapo/TestHarness, TEST(I)I >"
"< Application, Lantlr/actions/csharp/ActionLexer, mk_tokenSet_22()[J >"
"< Application, Lantlr/actions/cpp/ActionLexer, mk_tokenSet_13()[J >"
"< Application, Lantlr/preprocessor/PreprocessorLexer, mk_tokenSet_7()[J >"
"< Application, Lantlr/preprocessor/PreprocessorLexer, mk_tokenSet_9()[J >"
"< Application, Lantlr/preprocessor/Preprocessor, mk_tokenSet_0()[J >"
"< Application, Lantlr/actions/java/ActionLexer, mk_tokenSet_17()[J >"
"< Application, Ldacapo/Benchmark, deleteFile(Ljava/io/File;)V >"
"< Application, Lantlr/CodeGenerator, encodeLexerRuleName(Ljava/lang/String;)Ljava/lang/String; >"
"< Application, Ldacapo/parser/Config, main([Ljava/lang/String;)V >"
"< Application, Lantlr/ANTLRParser, mk_tokenSet_4()[J >"
"< Application, Lantlr/build/ANTLR, <clinit>()V >"
"< Application, Lantlr/actions/csharp/ActionLexer, mk_tokenSet_25()[J >"
"< Application, Lantlr/actions/java/ActionLexer, mk_tokenSet_22()[J >"
"< Application, Lantlr/ANTLRParser, mk_tokenSet_5()[J >"
"< Application, Ldacapo/Benchmark, deleteFiles(Ljava/io/File;Ljava/lang/String;)V >"
"< Application, Lantlr/actions/java/ActionLexer, mk_tokenSet_21()[J >"
"< Application, Lantlr/ANTLRLexer, mk_tokenSet_2()[J >"
"< Application, Ldacapo/parser/ConfigFileTokenManager, <clinit>()V >"
"< Application, LHarness, main([Ljava/lang/String;)V >"
"< Application, Lantlr/actions/csharp/ActionLexer, mk_tokenSet_18()[J >"
"< Application, Lantlr/actions/cpp/ActionLexer, mk_tokenSet_9()[J >"
"< Application, Lantlr/build/Tool, class$(Ljava/lang/String;)Ljava/lang/Class; >"
"< Application, Lantlr/BaseAST, <clinit>()V >"
"< Application, Ldacapo/Benchmark, setValidate(Z)V >"
"< Application, Lantlr/ANTLRLexer, <clinit>()V >"
"< Application, Lantlr/actions/cpp/ActionLexer, mk_tokenSet_22()[J >"
"< Application, Lantlr/ASTFactory, class$(Ljava/lang/String;)Ljava/lang/Class; >"
"< Application, Lantlr/actions/csharp/ActionLexer, mk_tokenSet_7()[J >"
"< Application, Ldacapo/parser/ConfigFile, jj_la1_1()V >"
"< Application, Lantlr/MakeGrammar, createNextTokenRule(Lantlr/Grammar;Lantlr/collections/impl/Vector;Ljava/lang/String;)Lantlr/RuleBlock; >"
"< Application, Lantlr/preprocessor/PreprocessorLexer, mk_tokenSet_6()[J >"
"< Application, Ldacapo/Benchmark, <clinit>()V >"
"< Application, Lantlr/FileLineFormatter, getFormatter()Lantlr/FileLineFormatter; >"
"< Application, Ldacapo/Slice, slice(Ljava/io/File;Ljava/io/File;I)V >"
"< Application, Lantlr/ANTLRParser, mk_tokenSet_0()[J >"
"< Application, Ldacapo/FileDigest, replaceAllFixed(Ljava/lang/String;Ljava/lang/String;Ljava/lang/String;)Ljava/lang/String; >"
"< Application, Lantlr/debug/MessageEvent, <clinit>()V >"
"< Application, Lantlr/collections/impl/BitSet, bitMask(I)J >"
"< Application, Lantlr/LLkAnalyzer, lookaheadEquivForApproxAndFullAnalysis([Lantlr/Lookahead;I)Z >"
"< Application, Lantlr/ANTLRLexer, mk_tokenSet_0()[J >"
"< Application, Lantlr/debug/LLkDebuggingParser, class$(Ljava/lang/String;)Ljava/lang/Class; >"
"< Application, Lantlr/actions/cpp/ActionLexer, mk_tokenSet_25()[J >"
"< Application, Lantlr/actions/java/ActionLexer, <clinit>()V >"
"< Application, Lantlr/collections/impl/BitSet, getRanges([I)Lantlr/collections/impl/Vector; >"
"< Application, Lantlr/StringUtils, stripFront(Ljava/lang/String;C)Ljava/lang/String; >"
"< Application, Lantlr/preprocessor/PreprocessorLexer, mk_tokenSet_1()[J >"
"< Application, Lantlr/MakeGrammar, setBlock(Lantlr/AlternativeBlock;Lantlr/AlternativeBlock;)V >"
"< Application, Lantlr/actions/java/ActionLexer, mk_tokenSet_14()[J >"
"< Application, Lantlr/CppCodeGenerator, <clinit>()V >"
"< Application, Lantlr/actions/csharp/ActionLexer, mk_tokenSet_24()[J >"
"< Application, Lantlr/actions/java/ActionLexer, mk_tokenSet_10()[J >"
"< Application, Lantlr/actions/csharp/ActionLexer, mk_tokenSet_3()[J >"
"< Application, Lantlr/actions/java/ActionLexer, mk_tokenSet_9()[J >"
"< Application, Lantlr/ANTLRTokdefParser, <clinit>()V >"
"< Application, Lantlr/actions/cpp/ActionLexer, mk_tokenSet_2()[J >"
"< Application, Lantlr/FileLineFormatter, setFormatter(Lantlr/FileLineFormatter;)V >"
"< Application, Lantlr/TreeParser, <clinit>()V >"
"< Application, Lantlr/actions/cpp/ActionLexer, mk_tokenSet_21()[J >"
"< Application, Lantlr/actions/cpp/ActionLexer, mk_tokenSet_0()[J >"
"< Application, Lantlr/ANTLRTokdefLexer, mk_tokenSet_0()[J >"
"< Application, Lantlr/actions/cpp/ActionLexer, mk_tokenSet_4()[J >"
"< Application, Lantlr/preprocessor/Preprocessor, <clinit>()V >"
"< Application, Lantlr/preprocessor/PreprocessorLexer, mk_tokenSet_2()[J >"
"< Application, Lantlr/debug/ParserMatchEvent, <clinit>()V >"
"< Application, Lantlr/actions/csharp/ActionLexer, mk_tokenSet_6()[J >"
"< Application, Ldacapo/TestHarness, <clinit>()V >"
"< Application, Ldacapo/TestHarness, exists(Ljava/lang/String;)Z >"
"< Application, Lantlr/actions/csharp/ActionLexer, mk_tokenSet_16()[J >"
"< Application, Lantlr/actions/java/ActionLexer, mk_tokenSet_20()[J >"
"< Application, Lantlr/build/Tool, main([Ljava/lang/String;)V >"
"< Application, Ldacapo/LatexDescriptions, main([Ljava/lang/String;)V >"
"< Application, Lantlr/actions/csharp/ActionLexer, mk_tokenSet_14()[J >"
"< Application, Ldacapo/TestHarness, exists(Ljava/io/File;)Z >"
"< Application, Ldacapo/Benchmark, setPreserve(Z)V >"
"< Application, Ldacapo/TestHarness, rmdir(Ljava/io/File;)V >"
"< Application, Lantlr/actions/java/ActionLexer, mk_tokenSet_5()[J >"
"< Application, Lantlr/actions/csharp/ActionLexer, mk_tokenSet_26()[J >"
"< Application, Lantlr/preprocessor/PreprocessorLexer, <clinit>()V >"
"< Application, Lantlr/actions/java/ActionLexer, mk_tokenSet_6()[J >"
"< Application, Lantlr/actions/csharp/ActionLexer, mk_tokenSet_11()[J >"
"< Application, Lantlr/actions/cpp/ActionLexer, mk_tokenSet_26()[J >"
"< Application, Lantlr/Parser, panic()V >"
"< Application, Lantlr/preprocessor/Preprocessor, mk_tokenSet_4()[J >"
"< Application, Lantlr/actions/cpp/ActionLexer, <clinit>()V >"
"< Application, Lantlr/actions/java/ActionLexer, mk_tokenSet_13()[J >"
"< Application, Lantlr/preprocessor/Hierarchy, optionsToString(Lantlr/collections/impl/IndexedVector;)Ljava/lang/String; >"
"< Application, Ldacapo/Benchmark, unpackZipFileResource(Ljava/lang/String;Ljava/io/File;)V >"
"< Application, Lantlr/CodeGenerator, decodeLexerRuleName(Ljava/lang/String;)Ljava/lang/String; >"
"< Application, Lantlr/CodeGenerator, elementsAreRange([I)Z >"
"< Application, Lantlr/actions/csharp/ActionLexer, mk_tokenSet_23()[J >"
"< Application, Lantlr/preprocessor/Preprocessor, mk_tokenSet_2()[J >"
"< Application, Lantlr/ANTLRParser, mk_tokenSet_8()[J >"
"< Application, Lantlr/actions/java/ActionLexer, mk_tokenSet_24()[J >"
"< Application, Ldacapo/parser/Token, newToken(I)Ldacapo/parser/Token; >"
"< Application, Lantlr/actions/csharp/ActionLexer, mk_tokenSet_9()[J >"
"< Application, Lantlr/actions/csharp/ActionLexer, mk_tokenSet_10()[J >"
"< Application, Ldacapo/Benchmark, isVerbose()Z >"
"< Application, Ldacapo/FileDigest, getBinary(Ljava/io/File;)[B >"
"< Application, Lantlr/actions/cpp/ActionLexer, mk_tokenSet_17()[J >"
"< Application, Ldacapo/TestHarness, printUsage()V >"
"< Application, Lantlr/FileLineFormatter, <clinit>()V >"
"< Application, Lantlr/ANTLRParser, mk_tokenSet_7()[J >"
"< Application, Lantlr/DocBookCodeGenerator, QuoteForId(Ljava/lang/String;)Ljava/lang/String; >"
"< Application, Lantlr/actions/cpp/ActionLexer, mk_tokenSet_15()[J >"
"< Application, Ldacapo/Benchmark, byteCount(Ljava/lang/String;)J >"
"< Application, Lantlr/CSharpCodeGenerator, <clinit>()V >"
"< Application, Lantlr/actions/java/ActionLexer, mk_tokenSet_25()[J >"
"< Application, Ldacapo/Benchmark, unpackZipStream(Ljava/io/BufferedInputStream;Ljava/io/File;)V >"
"< Application, Ldacapo/Benchmark, setVerbose(Z)V >"
"< Application, Lantlr/debug/TraceEvent, <clinit>()V >"
"< Application, Lantlr/actions/csharp/ActionLexer, mk_tokenSet_15()[J >"
"< Application, Lantlr/ANTLRParser, mk_tokenSet_10()[J >"
"< Application, Lantlr/debug/ParserTokenEvent, <clinit>()V >"
"< Application, Ldacapo/Benchmark, setValidateOutput(Z)V >"
"< Application, Lantlr/preprocessor/PreprocessorLexer, mk_tokenSet_4()[J >"
"< Application, Ldacapo/LatexDescriptions, print([Ljava/lang/String;Ljava/io/PrintStream;)V >"
"< Application, Lantlr/StringUtils, stripBack(Ljava/lang/String;C)Ljava/lang/String; >"
"< Application, Lantlr/actions/cpp/ActionLexer, mk_tokenSet_10()[J >"
"< Application, Lantlr/actions/java/ActionLexer, mk_tokenSet_11()[J >"
"< Application, Lantlr/Lookahead, of(I)Lantlr/Lookahead; >"
"< Application, Lantlr/actions/cpp/ActionLexer, mk_tokenSet_16()[J >"
"< Application, Lantlr/actions/csharp/ActionLexer, mk_tokenSet_17()[J >"
"< Application, Lantlr/Tool, <clinit>()V >"
"< Application, Ldacapo/TestHarness, runBenchmarkOld(Ljava/lang/String;Ldacapo/TestHarness;)V >"
"< Application, Lantlr/ANTLRLexer, mk_tokenSet_1()[J >"
"< Application, Ldacapo/parser/TokenMgrError, addEscapes(Ljava/lang/String;)Ljava/lang/String; >"
"< Application, Lantlr/ANTLRLexer, tokenTypeForCharLiteral(Ljava/lang/String;)I >"
"< Application, Lantlr/preprocessor/PreprocessorLexer, mk_tokenSet_8()[J >"
"< Application, Lantlr/actions/cpp/ActionLexer, mk_tokenSet_18()[J >"
"< Application, Ldacapo/Digest, toString([B)Ljava/lang/String; >"
"< Application, Lantlr/actions/cpp/ActionLexer, mk_tokenSet_8()[J >"
