"< Application, Lantlr/ANTLRTokenTypes, LITERAL_protected, <Primordial,I> >"
"< Application, Lantlr/debug/ParserEventSupport, REPORT_WARNING, <Primordial,I> >"
"< Application, Lantlr/actions/csharp/ActionLexer, _tokenSet_10, <Application,Lantlr/collections/impl/BitSet> >"
"< Application, Lantlr/ANTLRParser, _tokenSet_9, <Application,Lantlr/collections/impl/BitSet> >"
"< Application, Lantlr/actions/csharp/ActionLexerTokenTypes, TREE_ELEMENT, <Primordial,I> >"
"< Application, Lantlr/debug/ParserEventSupport, SYNPRED_STARTED, <Primordial,I> >"
"< Application, Lantlr/actions/csharp/ActionLexerTokenTypes, STUFF, <Primordial,I> >"
"< Application, Lantlr/actions/cpp/ActionLexer, _tokenSet_5, <Application,Lantlr/collections/impl/BitSet> >"
"< Application, Lantlr/actions/csharp/ActionLexer, _tokenSet_14, <Application,Lantlr/collections/impl/BitSet> >"
"< Application, Lantlr/ANTLRParser, _tokenSet_8, <Application,Lantlr/collections/impl/BitSet> >"
"< Application, Lantlr/ANTLRTokdefLexer, _tokenSet_0, <Application,Lantlr/collections/impl/BitSet> >"
"< Application, Lantlr/MismatchedCharException, NOT_RANGE, <Primordial,I> >"
"< Application, Lantlr/ANTLRTokdefParserTokenTypes, EOF, <Primordial,I> >"
"< Application, Ldacapo/parser/ConfigFileConstants, INT_LITERAL, <Primordial,I> >"
"< Application, Ldacapo/Benchmark, err, <Application,Ldacapo/TeePrintStream> >"
"< Application, Ldacapo/parser/ConfigFileConstants, SIZE, <Primordial,I> >"
"< Application, Lantlr/ANTLRParser, _tokenSet_0, <Application,Lantlr/collections/impl/BitSet> >"
"< Application, Lantlr/preprocessor/Preprocessor, _tokenNames, <Application,[Ljava/lang/String> >"
"< Application, Lantlr/MismatchedCharException, SET, <Primordial,I> >"
"< Application, Ldacapo/parser/ConfigFileConstants, RPAREN, <Primordial,I> >"
"< Application, Lantlr/actions/csharp/ActionLexer, _tokenSet_7, <Application,Lantlr/collections/impl/BitSet> >"
"< Application, Ldacapo/parser/ConfigFileConstants, EXISTS, <Primordial,I> >"
"< Application, Lantlr/GrammarElement, AUTO_GEN_BANG, <Primordial,I> >"
"< Application, Lantlr/actions/csharp/ActionLexerTokenTypes, COMMENT, <Primordial,I> >"
"< Application, Lantlr/CSharpCodeGenerator, NONUNIQUE, <Application,Ljava/lang/String> >"
"< Application, Lantlr/ANTLRTokenTypes, STAR, <Primordial,I> >"
"< Application, Lantlr/preprocessor/PreprocessorLexer, _tokenSet_3, <Application,Lantlr/collections/impl/BitSet> >"
"< Application, Lantlr/CSharpCodeGenerator, caseSizeThreshold, <Primordial,I> >"
"< Application, Ldacapo/parser/ConfigFileTokenManager, jjtoMore, <Primordial,[J> >"
"< Application, Lantlr/actions/csharp/ActionLexerTokenTypes, AST_ITEM, <Primordial,I> >"
"< Application, Lantlr/debug/ParserEventSupport, SYNPRED_FAILED, <Primordial,I> >"
"< Application, Lantlr/actions/cpp/ActionLexer, _tokenSet_8, <Application,Lantlr/collections/impl/BitSet> >"
"< Application, Ldacapo/Benchmark, preserve, <Primordial,Z> >"
"< Application, Lantlr/debug/TraceEvent, EXIT, <Primordial,I> >"
"< Application, Lantlr/ANTLRLexer, _tokenSet_4, <Application,Lantlr/collections/impl/BitSet> >"
"< Application, Lantlr/actions/cpp/ActionLexerTokenTypes, TEXT_ITEM, <Primordial,I> >"
"< Application, Lantlr/debug/ParserMatchEvent, STRING, <Primordial,I> >"
"< Application, Lantlr/actions/csharp/ActionLexer, _tokenSet_24, <Application,Lantlr/collections/impl/BitSet> >"
"< Application, Lantlr/actions/cpp/ActionLexer, _tokenSet_18, <Application,Lantlr/collections/impl/BitSet> >"
"< Application, Lantlr/ANTLRLexer, _tokenSet_2, <Application,Lantlr/collections/impl/BitSet> >"
"< Application, Lantlr/Version, patchlevel, <Application,Ljava/lang/String> >"
"< Application, Lantlr/actions/cpp/ActionLexerTokenTypes, INT_OR_FLOAT, <Primordial,I> >"
"< Application, Lantlr/actions/java/ActionLexer, _tokenSet_22, <Application,Lantlr/collections/impl/BitSet> >"
"< Application, Ldacapo/Benchmark, savedOut, <Application,Ljava/io/PrintStream> >"
"< Application, Ldacapo/parser/ConfigFileConstants, SHORT, <Primordial,I> >"
"< Application, Lantlr/build/ANTLR, compiler, <Application,Ljava/lang/String> >"
"< Application, Lantlr/preprocessor/PreprocessorTokenTypes, NULL_TREE_LOOKAHEAD, <Primordial,I> >"
"< Application, Ldacapo/parser/ConfigFileConstants, COPYRIGHT, <Primordial,I> >"
"< Application, Lantlr/ANTLRTokenTypes, TOKEN_REF, <Primordial,I> >"
"< Application, Lantlr/ASTFactory, class$antlr$CommonAST, <Application,Ljava/lang/Class> >"
"< Application, Lantlr/debug/ParserMatchEvent, TOKEN, <Primordial,I> >"
"< Application, Lantlr/ANTLRTokenTypes, IMPLIES, <Primordial,I> >"
"< Application, Lantlr/preprocessor/PreprocessorTokenTypes, ACTION, <Primordial,I> >"
"< Application, Lantlr/ANTLRTokenTypes, ML_COMMENT, <Primordial,I> >"
"< Application, Lantlr/actions/csharp/ActionLexerTokenTypes, TEXT_ARG, <Primordial,I> >"
"< Application, Lantlr/ANTLRTokenTypes, LITERAL_returns, <Primordial,I> >"
"< Application, Lantlr/ANTLRTokenTypes, RCURLY, <Primordial,I> >"
"< Application, Lantlr/CppCodeGenerator, preIncludeHpp, <Application,Ljava/lang/String> >"
"< Application, Lantlr/CharScanner, NO_CHAR, <Primordial,C> >"
"< Application, Ldacapo/Matcher, MATCHING, <Primordial,I> >"
"< Application, Lantlr/ANTLRTokdefParserTokenTypes, ID, <Primordial,I> >"
"< Application, Lantlr/debug/SemanticPredicateEvent, VALIDATING, <Primordial,I> >"
"< Application, Lantlr/actions/java/ActionLexer, _tokenSet_3, <Application,Lantlr/collections/impl/BitSet> >"
"< Application, Lantlr/ANTLRTokenTypes, CHAR_LITERAL, <Primordial,I> >"
"< Application, Lantlr/MismatchedCharException, NOT_CHAR, <Primordial,I> >"
"< Application, Lantlr/ANTLRTokenTypes, RPAREN, <Primordial,I> >"
"< Application, Lantlr/preprocessor/PreprocessorLexer, _tokenSet_2, <Application,Lantlr/collections/impl/BitSet> >"
"< Application, Lantlr/preprocessor/PreprocessorTokenTypes, BANG, <Primordial,I> >"
"< Application, Lantlr/ANTLRTokdefLexer, _tokenSet_3, <Application,Lantlr/collections/impl/BitSet> >"
"< Application, Ldacapo/parser/ConfigFileConstants, FORMAL_COMMENT, <Primordial,I> >"
"< Application, Lantlr/debug/ParserMatchEvent, CHAR_BITSET, <Primordial,I> >"
"< Application, Lantlr/Version, version, <Application,Ljava/lang/String> >"
"< Application, Lantlr/actions/java/ActionLexerTokenTypes, ML_COMMENT, <Primordial,I> >"
"< Application, Lantlr/Version, project_version, <Application,Ljava/lang/String> >"
"< Application, Lantlr/preprocessor/Preprocessor, _tokenSet_1, <Application,Lantlr/collections/impl/BitSet> >"
"< Application, Lantlr/actions/cpp/ActionLexer, _tokenSet_11, <Application,Lantlr/collections/impl/BitSet> >"
"< Application, Ldacapo/parser/ConfigFileConstants, HEX_STRING, <Primordial,I> >"
"< Application, Lantlr/MismatchedTokenException, RANGE, <Primordial,I> >"
"< Application, Lantlr/ANTLRTokenTypes, LITERAL_throws, <Primordial,I> >"
"< Application, Lantlr/actions/java/ActionLexer, _tokenSet_21, <Application,Lantlr/collections/impl/BitSet> >"
"< Application, Ldacapo/parser/ConfigFileConstants, IN_MULTI_LINE_COMMENT, <Primordial,I> >"
"< Application, Ldacapo/parser/ConfigFileConstants, BINARY, <Primordial,I> >"
"< Application, Lantlr/preprocessor/PreprocessorTokenTypes, COMMA, <Primordial,I> >"
"< Application, Lantlr/ANTLRTokenTypes, ASSIGN, <Primordial,I> >"
"< Application, Ldacapo/TestHarness, ignoreValidation, <Primordial,Z> >"
"< Application, Lantlr/actions/cpp/ActionLexer, _tokenSet_7, <Application,Lantlr/collections/impl/BitSet> >"
"< Application, Lantlr/actions/csharp/ActionLexer, _tokenSet_8, <Application,Lantlr/collections/impl/BitSet> >"
"< Application, Ldacapo/DacapoException, serialVersionUID, <Primordial,J> >"
"< Application, Lantlr/actions/csharp/ActionLexer, _tokenSet_17, <Application,Lantlr/collections/impl/BitSet> >"
"< Application, Lantlr/Token, MIN_USER_TYPE, <Primordial,I> >"
"< Application, Ldacapo/parser/ConfigFileConstants, DESCRIPTION, <Primordial,I> >"
"< Application, Lantlr/actions/csharp/ActionLexer, _tokenSet_0, <Application,Lantlr/collections/impl/BitSet> >"
"< Application, Lantlr/actions/cpp/ActionLexerTokenTypes, TREE_ELEMENT, <Primordial,I> >"
"< Application, Lantlr/Token, SKIP, <Primordial,I> >"
"< Application, Lantlr/CharScanner, EOF_CHAR, <Primordial,C> >"
"< Application, Lantlr/CppCodeGenerator, postIncludeCpp, <Application,Ljava/lang/String> >"
"< Application, Lantlr/ANTLRTokenTypes, DOC_COMMENT, <Primordial,I> >"
"< Application, Lantlr/debug/LLkDebuggingParser, class$antlr$TokenBuffer, <Application,Ljava/lang/Class> >"
"< Application, Ldacapo/parser/ConfigFileConstants, IN_SINGLE_LINE_COMMENT, <Primordial,I> >"
"< Application, Lantlr/MismatchedTokenException, SET, <Primordial,I> >"
"< Application, Ldacapo/TestHarness, two_dp, <Application,Ljava/text/DecimalFormat> >"
"< Application, Lantlr/preprocessor/PreprocessorLexer, _tokenSet_7, <Application,Lantlr/collections/impl/BitSet> >"
"< Application, Lantlr/actions/cpp/ActionLexerTokenTypes, ML_COMMENT, <Primordial,I> >"
"< Application, Ldacapo/parser/ConfigFileConstants, OUTPUT, <Primordial,I> >"
"< Application, Lantlr/preprocessor/Preprocessor, _tokenSet_3, <Application,Lantlr/collections/impl/BitSet> >"
"< Application, Lantlr/actions/cpp/ActionLexerTokenTypes, ACTION, <Primordial,I> >"
"< Application, Ldacapo/parser/TokenMgrError, STATIC_LEXER_ERROR, <Primordial,I> >"
"< Application, Lantlr/preprocessor/PreprocessorLexer, _tokenSet_0, <Application,Lantlr/collections/impl/BitSet> >"
"< Application, Ldacapo/TestHarness, max_iterations, <Primordial,I> >"
"< Application, Ldacapo/parser/ConfigFileConstants, MULTI_LINE_COMMENT, <Primordial,I> >"
"< Application, Lantlr/ANTLRParser, _tokenSet_11, <Application,Lantlr/collections/impl/BitSet> >"
"< Application, Lantlr/preprocessor/Preprocessor, _tokenSet_4, <Application,Lantlr/collections/impl/BitSet> >"
"< Application, Lantlr/actions/csharp/ActionLexer, _tokenSet_18, <Application,Lantlr/collections/impl/BitSet> >"
"< Application, Lantlr/build/ANTLR, root, <Application,Ljava/lang/String> >"
"< Application, Lantlr/actions/cpp/ActionLexerTokenTypes, NULL_TREE_LOOKAHEAD, <Primordial,I> >"
"< Application, Lantlr/actions/java/ActionLexer, _tokenSet_6, <Application,Lantlr/collections/impl/BitSet> >"
"< Application, Lantlr/ANTLRTokenTypes, INT, <Primordial,I> >"
"< Application, Lantlr/ANTLRTokenTypes, LITERAL_exception, <Primordial,I> >"
"< Application, Lantlr/preprocessor/PreprocessorLexer, _tokenSet_1, <Application,Lantlr/collections/impl/BitSet> >"
"< Application, Lantlr/debug/ParserEventSupport, DONE_PARSING, <Primordial,I> >"
"< Application, Lantlr/actions/csharp/ActionLexerTokenTypes, TEXT_ITEM, <Primordial,I> >"
"< Application, Ldacapo/parser/SimpleCharStream, staticFlag, <Primordial,Z> >"
"< Application, Lantlr/ANTLRTokdefParserTokenTypes, DIGIT, <Primordial,I> >"
"< Application, Lantlr/actions/java/ActionLexerTokenTypes, AST_ITEM, <Primordial,I> >"
"< Application, Lantlr/debug/ParserEventSupport, MISMATCH_NOT, <Primordial,I> >"
"< Application, Ldacapo/Benchmark, verbose, <Primordial,Z> >"
"< Application, Lantlr/ANTLRTokenTypes, WS, <Primordial,I> >"
"< Application, Lantlr/GrammarAnalyzer, NONDETERMINISTIC, <Primordial,I> >"
"< Application, Ldacapo/parser/ConfigFileConstants, URL, <Primordial,I> >"
"< Application, Lantlr/debug/TraceEvent, ENTER, <Primordial,I> >"
"< Application, Ldacapo/parser/ConfigFileConstants, IN_FORMAL_COMMENT, <Primordial,I> >"
"< Application, Lantlr/ANTLRLexer, _tokenSet_3, <Application,Lantlr/collections/impl/BitSet> >"
"< Application, Lantlr/actions/cpp/ActionLexer, _tokenSet_20, <Application,Lantlr/collections/impl/BitSet> >"
"< Application, Lantlr/debug/ParserEventSupport, MATCH, <Primordial,I> >"
"< Application, Lantlr/FileLineFormatter, formatter, <Application,Lantlr/FileLineFormatter> >"
"< Application, Lantlr/actions/cpp/ActionLexerTokenTypes, STUFF, <Primordial,I> >"
"< Application, Ldacapo/parser/ConfigFileConstants, DIGEST, <Primordial,I> >"
"< Application, Lantlr/preprocessor/Preprocessor, _tokenSet_7, <Application,Lantlr/collections/impl/BitSet> >"
"< Application, Lantlr/actions/cpp/ActionLexer, _tokenSet_10, <Application,Lantlr/collections/impl/BitSet> >"
"< Application, Lantlr/preprocessor/PreprocessorLexer, _tokenSet_9, <Application,Lantlr/collections/impl/BitSet> >"
"< Application, Ldacapo/Benchmark, validationReport, <Primordial,Z> >"
"< Application, Lantlr/CSharpCodeGenerator, nameSpace, <Application,Lantlr/CSharpNameSpace> >"
"< Application, Lantlr/debug/ParserEventSupport, MISMATCH, <Primordial,I> >"
"< Application, Lantlr/actions/cpp/ActionLexerTokenTypes, COMMENT, <Primordial,I> >"
"< Application, Ldacapo/parser/ConfigFileConstants, LPAREN, <Primordial,I> >"
"< Application, Lantlr/debug/ParserEventSupport, LA, <Primordial,I> >"
"< Application, Lantlr/ANTLRTokenTypes, COMMENT, <Primordial,I> >"
"< Application, Lantlr/MismatchedTokenException, NOT_SET, <Primordial,I> >"
"< Application, Lantlr/actions/csharp/ActionLexer, _tokenSet_22, <Application,Lantlr/collections/impl/BitSet> >"
"< Application, Lantlr/collections/impl/BitSet, NIBBLE, <Primordial,I> >"
"< Application, Lantlr/ANTLRTokenTypes, LITERAL_lexclass, <Primordial,I> >"
"< Application, Lantlr/preprocessor/PreprocessorTokenTypes, HEADER_ACTION, <Primordial,I> >"
"< Application, Lantlr/actions/cpp/ActionLexer, _tokenSet_9, <Application,Lantlr/collections/impl/BitSet> >"
"< Application, Ldacapo/Matcher, MATCHED, <Primordial,I> >"
"< Application, Lantlr/actions/cpp/ActionLexer, _tokenSet_6, <Application,Lantlr/collections/impl/BitSet> >"
"< Application, Ldacapo/parser/TokenMgrError, INVALID_LEXICAL_STATE, <Primordial,I> >"
"< Application, Lantlr/actions/java/ActionLexer, _tokenSet_10, <Application,Lantlr/collections/impl/BitSet> >"
"< Application, Lantlr/debug/ParserMatchEvent, CHAR_RANGE, <Primordial,I> >"
"< Application, Lantlr/preprocessor/PreprocessorTokenTypes, SEMI, <Primordial,I> >"
"< Application, Lantlr/actions/cpp/ActionLexer, _tokenSet_21, <Application,Lantlr/collections/impl/BitSet> >"
"< Application, Lantlr/actions/java/ActionLexerTokenTypes, COMMENT, <Primordial,I> >"
"< Application, Lantlr/debug/ParserEventSupport, CONSUME, <Primordial,I> >"
"< Application, Lantlr/actions/java/ActionLexer, _tokenSet_24, <Application,Lantlr/collections/impl/BitSet> >"
"< Application, Lantlr/ANTLRTokenTypes, LITERAL_Parser, <Primordial,I> >"
"< Application, Ldacapo/parser/TokenMgrError, LOOP_DETECTED, <Primordial,I> >"
"< Application, Lantlr/Tool, upperCaseMangledLiterals, <Primordial,Z> >"
"< Application, LMMTkHarness, verbose, <Primordial,Z> >"
"< Application, Lantlr/actions/cpp/ActionLexer, _tokenSet_15, <Application,Lantlr/collections/impl/BitSet> >"
"< Application, Lantlr/ANTLRParser, _tokenNames, <Application,[Ljava/lang/String> >"
"< Application, Lantlr/actions/cpp/ActionLexerTokenTypes, WS, <Primordial,I> >"
"< Application, Lantlr/actions/java/ActionLexer, _tokenSet_23, <Application,Lantlr/collections/impl/BitSet> >"
"< Application, Lantlr/CodeGenerator, DEFAULT_MAKE_SWITCH_THRESHOLD, <Primordial,I> >"
"< Application, Ldacapo/parser/ConfigFileTokenManager, jjstrLiteralImages, <Application,[Ljava/lang/String> >"
"< Application, Lantlr/collections/impl/BitSet, LOG_BITS, <Primordial,I> >"
"< Application, Lantlr/debug/InputBufferEventSupport, REWIND, <Primordial,I> >"
"< Application, Ldacapo/parser/ConfigFileConstants, FILTER, <Primordial,I> >"
"< Application, Lantlr/actions/cpp/ActionLexer, _tokenSet_12, <Application,Lantlr/collections/impl/BitSet> >"
"< Application, Lantlr/actions/csharp/ActionLexer, _tokenSet_15, <Application,Lantlr/collections/impl/BitSet> >"
"< Application, Lantlr/preprocessor/PreprocessorTokenTypes, ID_OR_KEYWORD, <Primordial,I> >"
"< Application, Lantlr/actions/java/ActionLexerTokenTypes, EOF, <Primordial,I> >"
"< Application, Lantlr/ANTLRTokenTypes, QUESTION, <Primordial,I> >"
"< Application, Lantlr/actions/java/ActionLexer, _tokenSet_0, <Application,Lantlr/collections/impl/BitSet> >"
"< Application, Ldacapo/Benchmark, BUFFER_SIZE, <Primordial,I> >"
"< Application, Lantlr/ANTLRTokenTypes, OPTIONS, <Primordial,I> >"
"< Application, Lantlr/debug/misc/ASTFrame, HEIGHT, <Primordial,I> >"
"< Application, Ldacapo/parser/ConfigFileConstants, IDENT, <Primordial,I> >"
"< Application, Lantlr/actions/java/ActionLexer, _tokenSet_7, <Application,Lantlr/collections/impl/BitSet> >"
"< Application, Lantlr/ANTLRTokenTypes, RANGE, <Primordial,I> >"
"< Application, Lantlr/ANTLRTokdefParserTokenTypes, WS, <Primordial,I> >"
"< Application, Lantlr/debug/SemanticPredicateEvent, PREDICTING, <Primordial,I> >"
"< Application, Lantlr/debug/ParserTokenEvent, LA, <Primordial,I> >"
"< Application, Lantlr/actions/cpp/ActionLexerTokenTypes, CHAR, <Primordial,I> >"
"< Application, Lantlr/actions/csharp/ActionLexer, _tokenSet_1, <Application,Lantlr/collections/impl/BitSet> >"
"< Application, Lantlr/ANTLRTokenTypes, LITERAL_catch, <Primordial,I> >"
"< Application, Lantlr/ANTLRTokdefParserTokenTypes, NULL_TREE_LOOKAHEAD, <Primordial,I> >"
"< Application, Lantlr/actions/csharp/ActionLexerTokenTypes, VAR_ASSIGN, <Primordial,I> >"
"< Application, Lantlr/actions/java/ActionLexer, _tokenSet_5, <Application,Lantlr/collections/impl/BitSet> >"
"< Application, Lantlr/actions/csharp/ActionLexerTokenTypes, INT_OR_FLOAT, <Primordial,I> >"
"< Application, Lantlr/ANTLRTokenTypes, LITERAL_class, <Primordial,I> >"
"< Application, Ldacapo/TestHarness, converge, <Primordial,Z> >"
"< Application, Lantlr/Token, EOF_TYPE, <Primordial,I> >"
"< Application, Lantlr/actions/java/ActionLexerTokenTypes, DIGIT, <Primordial,I> >"
"< Application, Lantlr/actions/cpp/ActionLexer, _tokenSet_23, <Application,Lantlr/collections/impl/BitSet> >"
"< Application, Lantlr/Version, subversion, <Application,Ljava/lang/String> >"
"< Application, Lantlr/MismatchedCharException, CHAR, <Primordial,I> >"
"< Application, Lantlr/preprocessor/Preprocessor, _tokenSet_0, <Application,Lantlr/collections/impl/BitSet> >"
"< Application, Lantlr/actions/java/ActionLexer, _tokenSet_8, <Application,Lantlr/collections/impl/BitSet> >"
"< Application, Ldacapo/Benchmark, out, <Application,Ldacapo/TeePrintStream> >"
"< Application, Lantlr/ANTLRTokdefParser, _tokenSet_1, <Application,Lantlr/collections/impl/BitSet> >"
"< Application, Lantlr/actions/csharp/ActionLexerTokenTypes, TREE, <Primordial,I> >"
"< Application, Ldacapo/Matcher, NOMATCH, <Primordial,I> >"
"< Application, Lantlr/JavaCodeGenerator, caseSizeThreshold, <Primordial,I> >"
"< Application, Ldacapo/TestHarness, size, <Application,Ljava/lang/String> >"
"< Application, Ldacapo/parser/ConfigFileConstants, THREADS, <Primordial,I> >"
"< Application, Lantlr/ANTLRParser, _tokenSet_3, <Application,Lantlr/collections/impl/BitSet> >"
"< Application, Lantlr/preprocessor/PreprocessorLexer, _tokenSet_4, <Application,Lantlr/collections/impl/BitSet> >"
"< Application, Lantlr/actions/cpp/ActionLexer, _tokenSet_17, <Application,Lantlr/collections/impl/BitSet> >"
"< Application, Lantlr/actions/java/ActionLexerTokenTypes, ID, <Primordial,I> >"
"< Application, Lantlr/CodeGenerator, TokenTypesFileSuffix, <Application,Ljava/lang/String> >"
"< Application, Lantlr/ANTLRTokenTypes, EOF, <Primordial,I> >"
"< Application, Lantlr/actions/cpp/ActionLexerTokenTypes, ESC, <Primordial,I> >"
"< Application, Lantlr/preprocessor/PreprocessorTokenTypes, XDIGIT, <Primordial,I> >"
"< Application, Ldacapo/parser/ConfigFileConstants, STDERR, <Primordial,I> >"
"< Application, Lantlr/ANTLRParser, DEBUG_PARSER, <Primordial,Z> >"
"< Application, Lantlr/preprocessor/PreprocessorTokenTypes, LITERAL_class, <Primordial,I> >"
"< Application, Ldacapo/parser/ConfigFileConstants, SINGLE_LINE_COMMENT, <Primordial,I> >"
"< Application, Lantlr/Token, NULL_TREE_LOOKAHEAD, <Primordial,I> >"
"< Application, Lantlr/ANTLRTokenTypes, LITERAL_TreeParser, <Primordial,I> >"
"< Application, Lantlr/preprocessor/PreprocessorTokenTypes, RCURLY, <Primordial,I> >"
"< Application, Ldacapo/parser/ConfigFileConstants, LINES, <Primordial,I> >"
"< Application, Ldacapo/parser/ConfigFileTokenManager, jjtoSkip, <Primordial,[J> >"
"< Application, Lantlr/debug/LLkDebuggingParser, class$antlr$TokenStream, <Application,Ljava/lang/Class> >"
"< Application, Lantlr/preprocessor/PreprocessorTokenTypes, COMMENT, <Primordial,I> >"
"< Application, Ldacapo/parser/ConfigFileConstants, CLASS, <Primordial,I> >"
"< Application, Lantlr/ANTLRTokenTypes, LITERAL_public, <Primordial,I> >"
"< Application, Lantlr/ANTLRTokdefParserTokenTypes, SL_COMMENT, <Primordial,I> >"
"< Application, Lantlr/actions/cpp/ActionLexerTokenTypes, TEXT_ARG, <Primordial,I> >"
"< Application, Lantlr/ANTLRTokenTypes, TREE_BEGIN, <Primordial,I> >"
"< Application, Lantlr/actions/cpp/ActionLexerTokenTypes, VAR_ASSIGN, <Primordial,I> >"
"< Application, Lantlr/actions/cpp/ActionLexerTokenTypes, ARG, <Primordial,I> >"
"< Application, Lantlr/ANTLRTokenTypes, OR, <Primordial,I> >"
"< Application, Lantlr/actions/java/ActionLexer, _tokenSet_11, <Application,Lantlr/collections/impl/BitSet> >"
"< Application, Lantlr/actions/cpp/ActionLexer, _tokenSet_0, <Application,Lantlr/collections/impl/BitSet> >"
"< Application, Lantlr/actions/cpp/ActionLexer, _tokenSet_24, <Application,Lantlr/collections/impl/BitSet> >"
"< Application, Lantlr/debug/InputBufferEvent, CONSUME, <Primordial,I> >"
"< Application, Lantlr/ANTLRTokenTypes, WS_OPT, <Primordial,I> >"
"< Application, Lantlr/ANTLRTokenTypes, LITERAL_charVocabulary, <Primordial,I> >"
"< Application, Lantlr/preprocessor/PreprocessorTokenTypes, ELEMENT, <Primordial,I> >"
"< Application, Lantlr/MismatchedTokenException, NOT_TOKEN, <Primordial,I> >"
"< Application, Lantlr/ANTLRTokenTypes, CLOSE_ELEMENT_OPTION, <Primordial,I> >"
"< Application, Ldacapo/Benchmark, validate, <Primordial,Z> >"
"< Application, Lantlr/TreeParser, ASTNULL, <Application,Lantlr/ASTNULLType> >"
"< Application, Ldacapo/TestHarness, scratchDir, <Application,Ljava/lang/String> >"
"< Application, Lantlr/CppCodeGenerator, postIncludeHpp, <Application,Ljava/lang/String> >"
"< Application, Ldacapo/TestHarness, verbose, <Primordial,Z> >"
"< Application, Lantlr/preprocessor/PreprocessorTokenTypes, CHAR_LITERAL, <Primordial,I> >"
"< Application, Lantlr/ANTLRTokenTypes, COLON, <Primordial,I> >"
"< Application, Lantlr/actions/cpp/ActionLexer, _tokenSet_19, <Application,Lantlr/collections/impl/BitSet> >"
"< Application, Ldacapo/parser/ConfigFileConstants, REPEATS, <Primordial,I> >"
"< Application, Lantlr/actions/csharp/ActionLexerTokenTypes, SL_COMMENT, <Primordial,I> >"
"< Application, Lantlr/CodeGenerator, BITSET_OPTIMIZE_INIT_THRESHOLD, <Primordial,I> >"
"< Application, Lantlr/GrammarAnalyzer, LOOKAHEAD_DEPTH_INIT, <Primordial,I> >"
"< Application, Lantlr/actions/csharp/ActionLexer, _tokenSet_12, <Application,Lantlr/collections/impl/BitSet> >"
"< Application, Lantlr/actions/csharp/ActionLexerTokenTypes, CHAR, <Primordial,I> >"
"< Application, Lantlr/CodeGenerator, TokenTypesFileExt, <Application,Ljava/lang/String> >"
"< Application, Ldacapo/parser/ConfigFileConstants, VERSION, <Primordial,I> >"
"< Application, Lantlr/debug/ParserEventSupport, SEMPRED, <Primordial,I> >"
"< Application, Lantlr/preprocessor/PreprocessorTokenTypes, ESC, <Primordial,I> >"
"< Application, Lantlr/ANTLRTokdefLexer, _tokenSet_1, <Application,Lantlr/collections/impl/BitSet> >"
"< Application, Lantlr/debug/misc/ASTFrame, WIDTH, <Primordial,I> >"
"< Application, Ldacapo/Benchmark, validateOutput, <Primordial,Z> >"
"< Application, Lantlr/debug/InputBufferEventSupport, MARK, <Primordial,I> >"
"< Application, Lantlr/ANTLRTokenTypes, SL_COMMENT, <Primordial,I> >"
"< Application, Lantlr/actions/cpp/ActionLexer, _tokenSet_1, <Application,Lantlr/collections/impl/BitSet> >"
"< Application, Lantlr/actions/cpp/ActionLexer, _tokenSet_25, <Application,Lantlr/collections/impl/BitSet> >"
"< Application, Lantlr/actions/csharp/ActionLexer, _tokenSet_23, <Application,Lantlr/collections/impl/BitSet> >"
"< Application, Ldacapo/parser/ConfigFileConstants, COMMA, <Primordial,I> >"
"< Application, Lantlr/actions/java/ActionLexerTokenTypes, TEXT_ARG, <Primordial,I> >"
"< Application, Lantlr/actions/cpp/ActionLexerTokenTypes, EOF, <Primordial,I> >"
"< Application, Lantlr/debug/ParserEventSupport, REPORT_ERROR, <Primordial,I> >"
"< Application, Lantlr/actions/java/ActionLexer, _tokenSet_20, <Application,Lantlr/collections/impl/BitSet> >"
"< Application, Ldacapo/parser/ConfigFileConstants, EOF, <Primordial,I> >"
"< Application, Lantlr/preprocessor/PreprocessorTokenTypes, EOF, <Primordial,I> >"
"< Application, Lantlr/ANTLRTokenTypes, LITERAL_Lexer, <Primordial,I> >"
"< Application, Lantlr/actions/csharp/ActionLexerTokenTypes, ACTION, <Primordial,I> >"
"< Application, Lantlr/preprocessor/PreprocessorLexer, _tokenSet_5, <Application,Lantlr/collections/impl/BitSet> >"
"< Application, Lantlr/actions/cpp/ActionLexerTokenTypes, INT, <Primordial,I> >"
"< Application, Lantlr/actions/java/ActionLexer, _tokenSet_15, <Application,Lantlr/collections/impl/BitSet> >"
"< Application, Lantlr/ANTLRTokdefParser, _tokenNames, <Application,[Ljava/lang/String> >"
"< Application, Lantlr/BaseAST, tokenNames, <Application,[Ljava/lang/String> >"
"< Application, Lantlr/actions/cpp/ActionLexer, _tokenSet_3, <Application,Lantlr/collections/impl/BitSet> >"
"< Application, Lantlr/collections/impl/BitSet, BITS, <Primordial,I> >"
"< Application, Ldacapo/TestHarness, allowOpenFromFileSystem, <Primordial,Z> >"
"< Application, Lantlr/MismatchedTokenException, NOT_RANGE, <Primordial,I> >"
"< Application, Lantlr/preprocessor/PreprocessorTokenTypes, LITERAL_returns, <Primordial,I> >"
"< Application, Ldacapo/parser/ConfigFileConstants, DEFAULT, <Primordial,I> >"
"< Application, Lantlr/actions/csharp/ActionLexer, _tokenSet_16, <Application,Lantlr/collections/impl/BitSet> >"
"< Application, Ldacapo/parser/ConfigFileTokenManager, jjnewLexState, <Primordial,[I> >"
"< Application, Ldacapo/parser/ConfigFileConstants, STDOUT, <Primordial,I> >"
"< Application, Lantlr/MismatchedTokenException, TOKEN, <Primordial,I> >"
"< Application, Lantlr/ANTLRTokenTypes, XDIGIT, <Primordial,I> >"
"< Application, Lantlr/preprocessor/PreprocessorLexer, _tokenSet_8, <Application,Lantlr/collections/impl/BitSet> >"
"< Application, Lantlr/actions/cpp/ActionLexerTokenTypes, SL_COMMENT, <Primordial,I> >"
"< Application, Lantlr/preprocessor/PreprocessorTokenTypes, WS, <Primordial,I> >"
"< Application, Lantlr/actions/csharp/ActionLexer, _tokenSet_9, <Application,Lantlr/collections/impl/BitSet> >"
"< Application, Lantlr/ANTLRTokenTypes, SEMI, <Primordial,I> >"
"< Application, Lantlr/Version, datestamp, <Application,Ljava/lang/String> >"
"< Application, Ldacapo/parser/ConfigFileTokenManager, jjbitVec0, <Primordial,[J> >"
"< Application, Lantlr/debug/InputBufferEventSupport, LA, <Primordial,I> >"
"< Application, Lantlr/actions/java/ActionLexerTokenTypes, TREE_ELEMENT, <Primordial,I> >"
"< Application, Lantlr/AlternativeBlock, nblks, <Primordial,I> >"
"< Application, Lantlr/ANTLRTokdefParserTokenTypes, ML_COMMENT, <Primordial,I> >"
"< Application, Lantlr/preprocessor/PreprocessorTokenTypes, ARG_ACTION, <Primordial,I> >"
"< Application, Ldacapo/FileDigest, BUFLEN, <Primordial,I> >"
"< Application, Lantlr/CodeGenerator, DEFAULT_BITSET_TEST_THRESHOLD, <Primordial,I> >"
"< Application, Lantlr/ANTLRTokenTypes, LITERAL_private, <Primordial,I> >"
"< Application, Lantlr/actions/java/ActionLexerTokenTypes, WS, <Primordial,I> >"
"< Application, Lantlr/ANTLRTokenTypes, TOKENS, <Primordial,I> >"
"< Application, Lantlr/ANTLRTokenTypes, NOT_OP, <Primordial,I> >"
"< Application, Lantlr/preprocessor/PreprocessorTokenTypes, LITERAL_tokens, <Primordial,I> >"
"< Application, Lantlr/debug/InputBufferEvent, MARK, <Primordial,I> >"
"< Application, Lantlr/actions/csharp/ActionLexerTokenTypes, EOF, <Primordial,I> >"
"< Application, Lantlr/preprocessor/PreprocessorTokenTypes, NEWLINE, <Primordial,I> >"
"< Application, Lantlr/ANTLRParser, _tokenSet_1, <Application,Lantlr/collections/impl/BitSet> >"
"< Application, Lantlr/actions/csharp/ActionLexerTokenTypes, ML_COMMENT, <Primordial,I> >"
"< Application, Lantlr/preprocessor/PreprocessorTokenTypes, LITERAL_exception, <Primordial,I> >"
"< Application, Lantlr/ANTLRTokenTypes, LITERAL_tokens, <Primordial,I> >"
"< Application, Ldacapo/Matcher, trace, <Primordial,Z> >"
"< Application, Ldacapo/parser/ConfigFileConstants, BYTES, <Primordial,I> >"
"< Application, Lantlr/debug/ParserEventSupport, MATCH_NOT, <Primordial,I> >"
"< Application, Lantlr/actions/java/ActionLexer, _tokenSet_25, <Application,Lantlr/collections/impl/BitSet> >"
"< Application, Lantlr/ANTLRTokenTypes, ESC, <Primordial,I> >"
"< Application, Lantlr/actions/java/ActionLexerTokenTypes, ARG, <Primordial,I> >"
"< Application, Lantlr/preprocessor/PreprocessorTokenTypes, ML_COMMENT, <Primordial,I> >"
"< Application, Lantlr/preprocessor/PreprocessorTokenTypes, LITERAL_public, <Primordial,I> >"
"< Application, Lantlr/preprocessor/PreprocessorTokenTypes, ASSIGN_RHS, <Primordial,I> >"
"< Application, Lantlr/ANTLRLexer, _tokenSet_1, <Application,Lantlr/collections/impl/BitSet> >"
"< Application, Lantlr/ANTLRParser, _tokenSet_2, <Application,Lantlr/collections/impl/BitSet> >"
"< Application, Lantlr/actions/java/ActionLexerTokenTypes, CHAR, <Primordial,I> >"
"< Application, Lantlr/actions/java/ActionLexerTokenTypes, AST_CONSTRUCTOR, <Primordial,I> >"
"< Application, Lantlr/preprocessor/PreprocessorLexer, _tokenSet_10, <Application,Lantlr/collections/impl/BitSet> >"
"< Application, Lantlr/actions/csharp/ActionLexerTokenTypes, ARG, <Primordial,I> >"
"< Application, Lantlr/actions/cpp/ActionLexer, _tokenSet_4, <Application,Lantlr/collections/impl/BitSet> >"
"< Application, Lantlr/MismatchedCharException, RANGE, <Primordial,I> >"
"< Application, Lantlr/ANTLRTokenTypes, CARET, <Primordial,I> >"
"< Application, Lantlr/MismatchedCharException, NOT_SET, <Primordial,I> >"
"< Application, Lantlr/preprocessor/Preprocessor, _tokenSet_5, <Application,Lantlr/collections/impl/BitSet> >"
"< Application, Lantlr/actions/java/ActionLexerTokenTypes, AST_CTOR_ELEMENT, <Primordial,I> >"
"< Application, Ldacapo/parser/ConfigFileConstants, tokenImage, <Application,[Ljava/lang/String> >"
"< Application, Lantlr/actions/java/ActionLexerTokenTypes, INT, <Primordial,I> >"
"< Application, Lantlr/ANTLRTokdefParserTokenTypes, INT, <Primordial,I> >"
"< Application, Lantlr/ANTLRTokenTypes, PLUS, <Primordial,I> >"
"< Application, Lantlr/actions/csharp/ActionLexerTokenTypes, TEXT_ARG_ELEMENT, <Primordial,I> >"
"< Application, Lantlr/actions/csharp/ActionLexer, _tokenSet_6, <Application,Lantlr/collections/impl/BitSet> >"
"< Application, Lantlr/Tool, outputDir, <Application,Ljava/lang/String> >"
"< Application, Lantlr/CppCodeGenerator, namespaceStd, <Application,Ljava/lang/String> >"
"< Application, Lantlr/preprocessor/PreprocessorTokenTypes, LITERAL_throws, <Primordial,I> >"
"< Application, Lantlr/ANTLRTokenTypes, INTERNAL_RULE_REF, <Primordial,I> >"
"< Application, Lantlr/debug/InputBufferEventSupport, CONSUME, <Primordial,I> >"
"< Application, Lantlr/ANTLRTokenTypes, ARG_ACTION, <Primordial,I> >"
"< Application, Lantlr/actions/cpp/ActionLexer, _tokenSet_13, <Application,Lantlr/collections/impl/BitSet> >"
"< Application, Lantlr/actions/csharp/ActionLexerTokenTypes, WS, <Primordial,I> >"
"< Application, Lantlr/ANTLRTokenTypes, ACTION, <Primordial,I> >"
"< Application, Lantlr/DefineGrammarSymbols, DEFAULT_TOKENMANAGER_NAME, <Application,Ljava/lang/String> >"
"< Application, Lantlr/GrammarElement, AUTO_GEN_NONE, <Primordial,I> >"
"< Application, Lantlr/actions/csharp/ActionLexer, _tokenSet_3, <Application,Lantlr/collections/impl/BitSet> >"
"< Application, Lantlr/CppCodeGenerator, nameSpace, <Application,Lantlr/NameSpace> >"
"< Application, Lantlr/actions/csharp/ActionLexerTokenTypes, ID, <Primordial,I> >"
"< Application, Lantlr/ANTLRLexer, _tokenSet_5, <Application,Lantlr/collections/impl/BitSet> >"
"< Application, Lantlr/actions/csharp/ActionLexerTokenTypes, ESC, <Primordial,I> >"
"< Application, Ldacapo/LatexDescriptions, items, <Application,[Ljava/lang/String> >"
"< Application, Lantlr/actions/csharp/ActionLexer, _tokenSet_4, <Application,Lantlr/collections/impl/BitSet> >"
"< Application, Ldacapo/parser/ConfigFileTokenManager, jjnextStates, <Primordial,[I> >"
"< Application, Lantlr/actions/csharp/ActionLexerTokenTypes, NULL_TREE_LOOKAHEAD, <Primordial,I> >"
"< Application, Lantlr/actions/csharp/ActionLexerTokenTypes, AST_CTOR_ELEMENT, <Primordial,I> >"
"< Application, Ldacapo/parser/ConfigFileConstants, BENCHMARK, <Primordial,I> >"
"< Application, Ldacapo/Benchmark, valRepFile, <Application,Ljava/io/PrintWriter> >"
"< Application, Lantlr/debug/ParserTokenEvent, CONSUME, <Primordial,I> >"
"< Application, Lantlr/actions/csharp/ActionLexer, _tokenSet_19, <Application,Lantlr/collections/impl/BitSet> >"
"< Application, Ldacapo/TestHarness, iterations, <Primordial,I> >"
"< Application, Lantlr/preprocessor/Preprocessor, _tokenSet_2, <Application,Lantlr/collections/impl/BitSet> >"
"< Application, Lantlr/JavaCodeGenerator, NONUNIQUE, <Application,Ljava/lang/String> >"
"< Application, Lantlr/actions/csharp/ActionLexer, _tokenSet_13, <Application,Lantlr/collections/impl/BitSet> >"
"< Application, Lantlr/preprocessor/PreprocessorTokenTypes, ALT, <Primordial,I> >"
"< Application, Ldacapo/parser/ConfigFileConstants, LONG, <Primordial,I> >"
"< Application, Lantlr/preprocessor/PreprocessorTokenTypes, STRING_LITERAL, <Primordial,I> >"
"< Application, Lantlr/ANTLRTokdefParserTokenTypes, ASSIGN, <Primordial,I> >"
"< Application, Lantlr/actions/csharp/ActionLexer, _tokenSet_26, <Application,Lantlr/collections/impl/BitSet> >"
"< Application, Lantlr/actions/java/ActionLexerTokenTypes, STUFF, <Primordial,I> >"
"< Application, Ldacapo/parser/ConfigFileTokenManager, jjtoToken, <Primordial,[J> >"
"< Application, Lantlr/actions/cpp/ActionLexerTokenTypes, DIGIT, <Primordial,I> >"
"< Application, Lantlr/actions/cpp/ActionLexer, _tokenSet_16, <Application,Lantlr/collections/impl/BitSet> >"
"< Application, Lantlr/ANTLRTokenTypes, SEMPRED, <Primordial,I> >"
"< Application, Lantlr/build/ANTLR, jarName, <Application,Ljava/lang/String> >"
"< Application, Ldacapo/parser/ConfigFileConstants, KEEP, <Primordial,I> >"
"< Application, Lantlr/CppCodeGenerator, NONUNIQUE, <Application,Ljava/lang/String> >"
"< Application, Lantlr/actions/java/ActionLexerTokenTypes, INT_OR_FLOAT, <Primordial,I> >"
"< Application, Lantlr/ANTLRParser, _tokenSet_6, <Application,Lantlr/collections/impl/BitSet> >"
"< Application, Lantlr/actions/cpp/ActionLexerTokenTypes, ID, <Primordial,I> >"
"< Application, Lantlr/preprocessor/PreprocessorTokenTypes, ID, <Primordial,I> >"
"< Application, Lantlr/ANTLRParser, _tokenSet_7, <Application,Lantlr/collections/impl/BitSet> >"
"< Application, Lantlr/actions/java/ActionLexer, _tokenSet_12, <Application,Lantlr/collections/impl/BitSet> >"
"< Application, Lantlr/ANTLRTokdefParser, _tokenSet_0, <Application,Lantlr/collections/impl/BitSet> >"
"< Application, Ldacapo/parser/ConfigFileConstants, SEMI, <Primordial,I> >"
"< Application, Ldacapo/parser/TokenMgrError, LEXICAL_ERROR, <Primordial,I> >"
"< Application, Ldacapo/parser/ConfigFileConstants, RAW, <Primordial,I> >"
"< Application, Lantlr/ANTLRTokdefParserTokenTypes, RPAREN, <Primordial,I> >"
"< Application, Lantlr/actions/csharp/ActionLexerTokenTypes, ID_ELEMENT, <Primordial,I> >"
"< Application, Lantlr/ANTLRTokenTypes, BANG, <Primordial,I> >"
"< Application, Lantlr/preprocessor/PreprocessorTokenTypes, OPTIONS_START, <Primordial,I> >"
"< Application, Ldacapo/parser/ConfigFile, jj_la1_1, <Primordial,[I> >"
"< Application, Lantlr/actions/java/ActionLexerTokenTypes, TREE, <Primordial,I> >"
"< Application, Lantlr/preprocessor/PreprocessorTokenTypes, SL_COMMENT, <Primordial,I> >"
"< Application, Lantlr/debug/ParserEventSupport, NEW_LINE, <Primordial,I> >"
"< Application, Lantlr/debug/ParserEventSupport, EXIT_RULE, <Primordial,I> >"
"< Application, Lantlr/actions/csharp/ActionLexer, _tokenSet_5, <Application,Lantlr/collections/impl/BitSet> >"
"< Application, Lantlr/actions/java/ActionLexer, _tokenSet_1, <Application,Lantlr/collections/impl/BitSet> >"
"< Application, Lantlr/ANTLRLexer, _tokenSet_0, <Application,Lantlr/collections/impl/BitSet> >"
"< Application, Lantlr/actions/csharp/ActionLexerTokenTypes, AST_CONSTRUCTOR, <Primordial,I> >"
"< Application, Lantlr/actions/csharp/ActionLexer, _tokenSet_25, <Application,Lantlr/collections/impl/BitSet> >"
"< Application, Lantlr/ANTLRTokenTypes, LITERAL_options, <Primordial,I> >"
"< Application, Lantlr/debug/ParserMatchEvent, BITSET, <Primordial,I> >"
"< Application, Lantlr/actions/csharp/ActionLexerTokenTypes, INT, <Primordial,I> >"
"< Application, Lantlr/ANTLRTokenTypes, COMMA, <Primordial,I> >"
"< Application, Ldacapo/parser/ConfigFileConstants, TEXT, <Primordial,I> >"
"< Application, Lantlr/CppCodeGenerator, caseSizeThreshold, <Primordial,I> >"
"< Application, Lantlr/ANTLRTokenTypes, LPAREN, <Primordial,I> >"
"< Application, Lantlr/actions/cpp/ActionLexerTokenTypes, ID_ELEMENT, <Primordial,I> >"
"< Application, Lantlr/actions/csharp/ActionLexerTokenTypes, TEXT_ARG_ID_ELEMENT, <Primordial,I> >"
"< Application, Lantlr/debug/MessageEvent, WARNING, <Primordial,I> >"
"< Application, Lantlr/actions/java/ActionLexerTokenTypes, NULL_TREE_LOOKAHEAD, <Primordial,I> >"
"< Application, Ldacapo/parser/ConfigFileConstants, ARGS, <Primordial,I> >"
"< Application, Lantlr/debug/ParserEventSupport, ENTER_RULE, <Primordial,I> >"
"< Application, Lantlr/ANTLRTokenTypes, RULE_REF, <Primordial,I> >"
"< Application, Lantlr/Token, badToken, <Application,Lantlr/Token> >"
"< Application, Lantlr/debug/InputBufferEvent, REWIND, <Primordial,I> >"
"< Application, Lantlr/preprocessor/PreprocessorTokenTypes, LITERAL_catch, <Primordial,I> >"
"< Application, Lantlr/Token, INVALID_TYPE, <Primordial,I> >"
"< Application, Lantlr/preprocessor/PreprocessorTokenTypes, LITERAL_protected, <Primordial,I> >"
"< Application, Lantlr/ANTLRTokenTypes, NULL_TREE_LOOKAHEAD, <Primordial,I> >"
"< Application, Lantlr/debug/TraceEvent, DONE_PARSING, <Primordial,I> >"
"< Application, Lantlr/preprocessor/PreprocessorTokenTypes, CURLY_BLOCK_SCARF, <Primordial,I> >"
"< Application, Ldacapo/parser/ConfigFileConstants, LICENSE, <Primordial,I> >"
"< Application, Ldacapo/parser/ConfigFileConstants, AUTHOR, <Primordial,I> >"
"< Application, Ldacapo/Benchmark, savedErr, <Application,Ljava/io/PrintStream> >"
"< Application, Ldacapo/TestHarness, info, <Primordial,Z> >"
"< Application, Lantlr/debug/LLkDebuggingParser, class$antlr$debug$LLkDebuggingParser, <Application,Ljava/lang/Class> >"
"< Application, Lantlr/debug/ParserEventSupport, SYNPRED_SUCCEEDED, <Primordial,I> >"
"< Application, Lantlr/preprocessor/PreprocessorLexer, _tokenSet_6, <Application,Lantlr/collections/impl/BitSet> >"
"< Application, Lantlr/preprocessor/PreprocessorTokenTypes, SUBRULE_BLOCK, <Primordial,I> >"
"< Application, Lantlr/debug/ParserMatchEvent, CHAR, <Primordial,I> >"
"< Application, Ldacapo/TestHarness, target_var, <Primordial,D> >"
"< Application, Lantlr/actions/java/ActionLexer, _tokenSet_14, <Application,Lantlr/collections/impl/BitSet> >"
"< Application, Lantlr/ASTFactory, class$antlr$Token, <Application,Ljava/lang/Class> >"
"< Application, Lantlr/ANTLRTokenTypes, OPEN_ELEMENT_OPTION, <Primordial,I> >"
"< Application, Lantlr/build/ANTLR, srcdir, <Application,[Ljava/lang/String> >"
"< Application, Lantlr/ANTLRTokenTypes, WILDCARD, <Primordial,I> >"
"< Application, Lantlr/ANTLRTokdefParserTokenTypes, XDIGIT, <Primordial,I> >"
"< Application, Lantlr/ANTLRTokenTypes, LITERAL_header, <Primordial,I> >"
"< Application, Lantlr/actions/csharp/ActionLexer, _tokenSet_11, <Application,Lantlr/collections/impl/BitSet> >"
"< Application, Lantlr/actions/cpp/ActionLexerTokenTypes, TREE, <Primordial,I> >"
"< Application, Lantlr/actions/java/ActionLexerTokenTypes, ACTION, <Primordial,I> >"
"< Application, Lantlr/preprocessor/Preprocessor, _tokenSet_6, <Application,Lantlr/collections/impl/BitSet> >"
"< Application, Lantlr/actions/java/ActionLexer, _tokenSet_13, <Application,Lantlr/collections/impl/BitSet> >"
"< Application, Lantlr/actions/java/ActionLexer, _tokenSet_16, <Application,Lantlr/collections/impl/BitSet> >"
"< Application, Lantlr/CppCodeGenerator, namespaceAntlr, <Application,Ljava/lang/String> >"
"< Application, Lantlr/preprocessor/PreprocessorTokenTypes, LITERAL_extends, <Primordial,I> >"
"< Application, Lantlr/Tool, version, <Application,Ljava/lang/String> >"
"< Application, Lantlr/preprocessor/PreprocessorTokenTypes, TOKENS_SPEC, <Primordial,I> >"
"< Application, Lantlr/preprocessor/PreprocessorTokenTypes, DIGIT, <Primordial,I> >"
"< Application, Lantlr/actions/java/ActionLexer, _tokenSet_19, <Application,Lantlr/collections/impl/BitSet> >"
"< Application, Lantlr/actions/cpp/ActionLexer, _tokenSet_22, <Application,Lantlr/collections/impl/BitSet> >"
"< Application, Lantlr/actions/cpp/ActionLexerTokenTypes, AST_CONSTRUCTOR, <Primordial,I> >"
"< Application, Lantlr/actions/csharp/ActionLexer, _tokenSet_2, <Application,Lantlr/collections/impl/BitSet> >"
"< Application, Lantlr/actions/java/ActionLexerTokenTypes, TEXT_ITEM, <Primordial,I> >"
"< Application, Lantlr/actions/java/ActionLexerTokenTypes, STRING, <Primordial,I> >"
"< Application, Ldacapo/parser/ConfigFileConstants, STRING_LITERAL, <Primordial,I> >"
"< Application, Lantlr/GrammarElement, AUTO_GEN_CARET, <Primordial,I> >"
"< Application, Lantlr/ANTLRTokenTypes, NESTED_ARG_ACTION, <Primordial,I> >"
"< Application, Lantlr/build/Tool, class$antlr$build$Tool, <Application,Ljava/lang/Class> >"
"< Application, Lantlr/ANTLRTokdefParserTokenTypes, LPAREN, <Primordial,I> >"
"< Application, Lantlr/ANTLRTokenTypes, STRING_LITERAL, <Primordial,I> >"
"< Application, Ldacapo/TestHarness, window, <Primordial,I> >"
"< Application, Lantlr/Tool, literalsPrefix, <Application,Ljava/lang/String> >"
"< Application, Ldacapo/Matcher, err, <Application,Ljava/io/PrintStream> >"
"< Application, Lantlr/actions/java/ActionLexerTokenTypes, ID_ELEMENT, <Primordial,I> >"
"< Application, Ldacapo/parser/ConfigFileTokenManager, jjtoSpecial, <Primordial,[J> >"
"< Application, Lantlr/collections/impl/BitSet, MOD_MASK, <Primordial,I> >"
"< Application, Lantlr/ANTLRHashString, prime, <Primordial,I> >"
"< Application, Lantlr/actions/java/ActionLexerTokenTypes, VAR_ASSIGN, <Primordial,I> >"
"< Application, Lantlr/actions/csharp/ActionLexer, _tokenSet_21, <Application,Lantlr/collections/impl/BitSet> >"
"< Application, Lantlr/ANTLRTokenTypes, NESTED_ACTION, <Primordial,I> >"
"< Application, Ldacapo/parser/ConfigFile, jj_la1_0, <Primordial,[I> >"
"< Application, Lantlr/ANTLRTokenTypes, LITERAL_extends, <Primordial,I> >"
"< Application, Lantlr/actions/csharp/ActionLexer, _tokenSet_20, <Application,Lantlr/collections/impl/BitSet> >"
"< Application, Lantlr/ANTLRTokdefParserTokenTypes, ESC, <Primordial,I> >"
"< Application, Lantlr/ANTLRParser, _tokenSet_10, <Application,Lantlr/collections/impl/BitSet> >"
"< Application, Lantlr/actions/java/ActionLexer, _tokenSet_4, <Application,Lantlr/collections/impl/BitSet> >"
"< Application, Lantlr/actions/java/ActionLexer, _tokenSet_18, <Application,Lantlr/collections/impl/BitSet> >"
"< Application, Lantlr/ANTLRTokenTypes, DIGIT, <Primordial,I> >"
"< Application, Lantlr/CppCodeGenerator, preIncludeCpp, <Application,Ljava/lang/String> >"
"< Application, Lantlr/actions/cpp/ActionLexer, _tokenSet_14, <Application,Lantlr/collections/impl/BitSet> >"
"< Application, Lantlr/actions/java/ActionLexerTokenTypes, TEXT_ARG_ID_ELEMENT, <Primordial,I> >"
"< Application, Lantlr/ANTLRParser, _tokenSet_5, <Application,Lantlr/collections/impl/BitSet> >"
"< Application, Lantlr/ANTLRTokenTypes, WS_LOOP, <Primordial,I> >"
"< Application, Lantlr/actions/cpp/ActionLexerTokenTypes, TEXT_ARG_ELEMENT, <Primordial,I> >"
"< Application, Lantlr/debug/InputBufferEvent, LA, <Primordial,I> >"
"< Application, Ldacapo/TestHarness, callback, <Application,Ldacapo/Callback> >"
"< Application, Lantlr/preprocessor/PreprocessorTokenTypes, LITERAL_private, <Primordial,I> >"
"< Application, Lantlr/ANTLRTokdefParserTokenTypes, STRING, <Primordial,I> >"
"< Application, Lantlr/actions/java/ActionLexerTokenTypes, SL_COMMENT, <Primordial,I> >"
"< Application, Lantlr/actions/java/ActionLexer, _tokenSet_2, <Application,Lantlr/collections/impl/BitSet> >"
"< Application, Lantlr/actions/cpp/ActionLexerTokenTypes, STRING, <Primordial,I> >"
"< Application, Lantlr/actions/cpp/ActionLexer, _tokenSet_26, <Application,Lantlr/collections/impl/BitSet> >"
"< Application, Lantlr/actions/java/ActionLexer, _tokenSet_17, <Application,Lantlr/collections/impl/BitSet> >"
"< Application, Lantlr/actions/cpp/ActionLexer, _tokenSet_2, <Application,Lantlr/collections/impl/BitSet> >"
"< Application, Lantlr/actions/java/ActionLexer, _tokenSet_9, <Application,Lantlr/collections/impl/BitSet> >"
"< Application, Lantlr/preprocessor/PreprocessorTokenTypes, RULE_BLOCK, <Primordial,I> >"
"< Application, Lantlr/actions/java/ActionLexerTokenTypes, TEXT_ARG_ELEMENT, <Primordial,I> >"
"< Application, Lantlr/ANTLRTokdefLexer, _tokenSet_2, <Application,Lantlr/collections/impl/BitSet> >"
"< Application, Lantlr/CodeGenerator, OLD_ACTION_TRANSLATOR, <Primordial,Z> >"
"< Application, Lantlr/actions/cpp/ActionLexerTokenTypes, TEXT_ARG_ID_ELEMENT, <Primordial,I> >"
"< Application, Lantlr/actions/cpp/ActionLexerTokenTypes, AST_ITEM, <Primordial,I> >"
"< Application, Lantlr/actions/java/ActionLexerTokenTypes, ESC, <Primordial,I> >"
"< Application, Lantlr/debug/MessageEvent, ERROR, <Primordial,I> >"
"< Application, Lantlr/ANTLRParser, _tokenSet_4, <Application,Lantlr/collections/impl/BitSet> >"
"< Application, Lantlr/actions/csharp/ActionLexerTokenTypes, STRING, <Primordial,I> >"
"< Application, Lantlr/actions/cpp/ActionLexerTokenTypes, AST_CTOR_ELEMENT, <Primordial,I> >"
"< Application, Ldacapo/parser/ConfigFileConstants, METHOD, <Primordial,I> >"
"< Application, Ldacapo/parser/ConfigFileTokenManager, lexStateNames, <Application,[Ljava/lang/String> >"
"< Application, Lantlr/actions/csharp/ActionLexerTokenTypes, DIGIT, <Primordial,I> >"
"< Application, Lantlr/BaseAST, verboseStringConversion, <Primordial,Z> >"
