"$MyModule.Expression000"	[(smt_var__string__value("MyModule.x5"), t_any)]	t_bool	e_type_test(e_var(smt_var__string__value("MyModule.x5")), t_union(t_union(t_intersection(t_entity("MyModule.kind000", t_singleton(e_str("variable"), t_any)), t_entity("MyModule.name000", t_str)), t_intersection(t_entity("MyModule.kind000", t_singleton(e_str("integer"), t_any)), t_entity("MyModule.val000", t_int))), t_intersection(t_entity("MyModule.arg1000", t_refine(smt_var__string__value("MyModule.x4"), t_any, e_app("$MyModule.Expression000", [e_var(smt_var__string__value("MyModule.x4"))]))), t_intersection(t_entity("MyModule.operator000", t_refine(smt_var__string__value("MyModule.value1"), t_str, e_binop(b_or, e_binop(b_or, e_binop(b_or, e_binop(b_eq, e_var(smt_var__string__value("MyModule.value1")), e_str("plus")), e_binop(b_eq, e_var(smt_var__string__value("MyModule.value1")), e_str("minus"))), e_binop(b_eq, e_var(smt_var__string__value("MyModule.value1")), e_str("times"))), e_binop(b_eq, e_var(smt_var__string__value("MyModule.value1")), e_str("<="))))), t_intersection(t_entity("MyModule.kind000", t_singleton(e_str("binary app"), t_any)), t_entity("MyModule.arg2000", t_refine(smt_var__string__value("MyModule.x4"), t_any, e_app("$MyModule.Expression000", [e_var(smt_var__string__value("MyModule.x4"))]))))))))
"$MyModule.Statement000"	[(smt_var__string__value("MyModule.x7"), t_any)]	t_bool	e_type_test(e_var(smt_var__string__value("MyModule.x7")), t_union(t_union(t_union(t_union(t_intersection(t_entity("MyModule.var000", t_str), t_intersection(t_entity("MyModule.kind000", t_singleton(e_str("assignment"), t_any)), t_entity("MyModule.rhs000", t_refine(smt_var__string__value("MyModule.x4"), t_any, e_app("$MyModule.Expression000", [e_var(smt_var__string__value("MyModule.x4"))]))))), t_intersection(t_entity("MyModule.test000", t_refine(smt_var__string__value("MyModule.x4"), t_any, e_app("$MyModule.Expression000", [e_var(smt_var__string__value("MyModule.x4"))]))), t_intersection(t_entity("MyModule.kind000", t_singleton(e_str("while"), t_any)), t_entity("MyModule.body000", t_refine(smt_var__string__value("MyModule.x6"), t_any, e_app("$MyModule.Statement000", [e_var(smt_var__string__value("MyModule.x6"))])))))), t_intersection(t_entity("MyModule.tt000", t_refine(smt_var__string__value("MyModule.x6"), t_any, e_app("$MyModule.Statement000", [e_var(smt_var__string__value("MyModule.x6"))]))), t_intersection(t_entity("MyModule.test000", t_refine(smt_var__string__value("MyModule.x4"), t_any, e_app("$MyModule.Expression000", [e_var(smt_var__string__value("MyModule.x4"))]))), t_intersection(t_entity("MyModule.kind000", t_singleton(e_str("if"), t_any)), t_entity("MyModule.ff000", t_refine(smt_var__string__value("MyModule.x6"), t_any, e_app("$MyModule.Statement000", [e_var(smt_var__string__value("MyModule.x6"))]))))))), t_intersection(t_entity("MyModule.s1000", t_refine(smt_var__string__value("MyModule.x6"), t_any, e_app("$MyModule.Statement000", [e_var(smt_var__string__value("MyModule.x6"))]))), t_intersection(t_entity("MyModule.kind000", t_singleton(e_str("seq"), t_any)), t_entity("MyModule.s2000", t_refine(smt_var__string__value("MyModule.x6"), t_any, e_app("$MyModule.Statement000", [e_var(smt_var__string__value("MyModule.x6"))])))))), t_entity("MyModule.kind000", t_singleton(e_str("skip"), t_any))))
"MyModule.PatChris000"	[]	t_intersection(t_entity("MyModule.SpouseA000", t_refine(smt_var__string__value("MyModule.value1"), t_intersection(t_entity("MyModule.Name000", t_str), t_entity("MyModule.Age000", t_int)), e_binop(b_gt, e_select(e_var(smt_var__string__value("MyModule.value1")), "MyModule.Age000"), e_int(17)))), t_entity("MyModule.SpouseB000", t_refine(smt_var__string__value("MyModule.value1"), t_intersection(t_entity("MyModule.Name000", t_str), t_entity("MyModule.Age000", t_int)), e_binop(b_gt, e_select(e_var(smt_var__string__value("MyModule.value1")), "MyModule.Age000"), e_int(17)))))	e_entity([("MyModule.SpouseA000", e_entity([("MyModule.Name000", e_str("Pat")), ("MyModule.Age000", e_int(24))])), ("MyModule.SpouseB000", e_entity([("MyModule.Name000", e_str("Chris")), ("MyModule.Age000", e_int(32))]))])
"MyModule.Fact_factorial000"	[(smt_var__string__value("MyModule.n000"), t_int)]	t_int	e_cond(e_binop(b_eq, e_var(smt_var__string__value("MyModule.n000")), e_int(0)), e_int(1), e_binop(b_mul, e_var(smt_var__string__value("MyModule.n000")), e_app("MyModule.Fact_factorial000", [e_binop(b_sub, e_var(smt_var__string__value("MyModule.n000")), e_int(1))])))
"MyModule.Fact_main000"	[]	t_any	e_app("MyModule.Fact_factorial000", [e_int(10)])
"MyModule.Types1_Main000"	[]	t_coll(t_intersection(t_entity("MyModule.Num000", t_int), t_entity("MyModule.Flag000", t_bool)))	e_ascribe(e_query(smt_var__string__value("MyModule.n000"), e_add(e_int(0), e_add(e_int(4), e_add(e_int(5), e_coll([])))), e_binop(b_lt, e_var(smt_var__string__value("MyModule.n000")), e_int(5)), e_entity([("MyModule.Num000", e_var(smt_var__string__value("MyModule.n000"))), ("MyModule.Flag000", e_binop(b_gt, e_var(smt_var__string__value("MyModule.n000")), e_int(0)))])), t_coll(t_intersection(t_entity("MyModule.Num000", t_int), t_entity("MyModule.Flag000", t_bool))))
"MyModule.Var000"	[(smt_var__string__value("MyModule.name000"), t_str)]	t_refine(smt_var__string__value("MyModule.x4"), t_any, e_app("$MyModule.Expression000", [e_var(smt_var__string__value("MyModule.x4"))]))	e_entity([("MyModule.kind000", e_str("variable")), ("MyModule.name000", e_var(smt_var__string__value("MyModule.name000")))])
"MyModule.Int000"	[(smt_var__string__value("MyModule.val000"), t_int)]	t_refine(smt_var__string__value("MyModule.x4"), t_any, e_app("$MyModule.Expression000", [e_var(smt_var__string__value("MyModule.x4"))]))	e_entity([("MyModule.kind000", e_str("integer")), ("MyModule.val000", e_var(smt_var__string__value("MyModule.val000")))])
"MyModule.Plus000"	[(smt_var__string__value("MyModule.arg1000"), t_refine(smt_var__string__value("MyModule.x4"), t_any, e_app("$MyModule.Expression000", [e_var(smt_var__string__value("MyModule.x4"))]))), (smt_var__string__value("MyModule.arg2000"), t_refine(smt_var__string__value("MyModule.x4"), t_any, e_app("$MyModule.Expression000", [e_var(smt_var__string__value("MyModule.x4"))])))]	t_refine(smt_var__string__value("MyModule.x4"), t_any, e_app("$MyModule.Expression000", [e_var(smt_var__string__value("MyModule.x4"))]))	e_entity([("MyModule.kind000", e_str("binary app")), ("MyModule.operator000", e_str("plus")), ("MyModule.arg1000", e_var(smt_var__string__value("MyModule.arg1000"))), ("MyModule.arg2000", e_var(smt_var__string__value("MyModule.arg2000")))])
"MyModule.Minus000"	[(smt_var__string__value("MyModule.arg1000"), t_refine(smt_var__string__value("MyModule.x4"), t_any, e_app("$MyModule.Expression000", [e_var(smt_var__string__value("MyModule.x4"))]))), (smt_var__string__value("MyModule.arg2000"), t_refine(smt_var__string__value("MyModule.x4"), t_any, e_app("$MyModule.Expression000", [e_var(smt_var__string__value("MyModule.x4"))])))]	t_refine(smt_var__string__value("MyModule.x4"), t_any, e_app("$MyModule.Expression000", [e_var(smt_var__string__value("MyModule.x4"))]))	e_entity([("MyModule.kind000", e_str("binary app")), ("MyModule.operator000", e_str("minus")), ("MyModule.arg1000", e_var(smt_var__string__value("MyModule.arg1000"))), ("MyModule.arg2000", e_var(smt_var__string__value("MyModule.arg2000")))])
"MyModule.Times000"	[(smt_var__string__value("MyModule.arg1000"), t_refine(smt_var__string__value("MyModule.x4"), t_any, e_app("$MyModule.Expression000", [e_var(smt_var__string__value("MyModule.x4"))]))), (smt_var__string__value("MyModule.arg2000"), t_refine(smt_var__string__value("MyModule.x4"), t_any, e_app("$MyModule.Expression000", [e_var(smt_var__string__value("MyModule.x4"))])))]	t_refine(smt_var__string__value("MyModule.x4"), t_any, e_app("$MyModule.Expression000", [e_var(smt_var__string__value("MyModule.x4"))]))	e_entity([("MyModule.kind000", e_str("binary app")), ("MyModule.operator000", e_str("times")), ("MyModule.arg1000", e_var(smt_var__string__value("MyModule.arg1000"))), ("MyModule.arg2000", e_var(smt_var__string__value("MyModule.arg2000")))])
"MyModule.Leq000"	[(smt_var__string__value("MyModule.arg1000"), t_refine(smt_var__string__value("MyModule.x4"), t_any, e_app("$MyModule.Expression000", [e_var(smt_var__string__value("MyModule.x4"))]))), (smt_var__string__value("MyModule.arg2000"), t_refine(smt_var__string__value("MyModule.x4"), t_any, e_app("$MyModule.Expression000", [e_var(smt_var__string__value("MyModule.x4"))])))]	t_refine(smt_var__string__value("MyModule.x4"), t_any, e_app("$MyModule.Expression000", [e_var(smt_var__string__value("MyModule.x4"))]))	e_entity([("MyModule.kind000", e_str("binary app")), ("MyModule.operator000", e_str("<=")), ("MyModule.arg1000", e_var(smt_var__string__value("MyModule.arg1000"))), ("MyModule.arg2000", e_var(smt_var__string__value("MyModule.arg2000")))])
"MyModule.Assign000"	[(smt_var__string__value("MyModule.var000"), t_str), (smt_var__string__value("MyModule.rhs000"), t_refine(smt_var__string__value("MyModule.x4"), t_any, e_app("$MyModule.Expression000", [e_var(smt_var__string__value("MyModule.x4"))])))]	t_refine(smt_var__string__value("MyModule.x6"), t_any, e_app("$MyModule.Statement000", [e_var(smt_var__string__value("MyModule.x6"))]))	e_entity([("MyModule.kind000", e_str("assignment")), ("MyModule.var000", e_var(smt_var__string__value("MyModule.var000"))), ("MyModule.rhs000", e_var(smt_var__string__value("MyModule.rhs000")))])
"MyModule.While000"	[(smt_var__string__value("MyModule.test000"), t_refine(smt_var__string__value("MyModule.x4"), t_any, e_app("$MyModule.Expression000", [e_var(smt_var__string__value("MyModule.x4"))]))), (smt_var__string__value("MyModule.body000"), t_refine(smt_var__string__value("MyModule.x6"), t_any, e_app("$MyModule.Statement000", [e_var(smt_var__string__value("MyModule.x6"))])))]	t_refine(smt_var__string__value("MyModule.x6"), t_any, e_app("$MyModule.Statement000", [e_var(smt_var__string__value("MyModule.x6"))]))	e_entity([("MyModule.kind000", e_str("while")), ("MyModule.test000", e_var(smt_var__string__value("MyModule.test000"))), ("MyModule.body000", e_var(smt_var__string__value("MyModule.body000")))])
"MyModule.If000"	[(smt_var__string__value("MyModule.test000"), t_refine(smt_var__string__value("MyModule.x4"), t_any, e_app("$MyModule.Expression000", [e_var(smt_var__string__value("MyModule.x4"))]))), (smt_var__string__value("MyModule.tt000"), t_refine(smt_var__string__value("MyModule.x6"), t_any, e_app("$MyModule.Statement000", [e_var(smt_var__string__value("MyModule.x6"))]))), (smt_var__string__value("MyModule.ff000"), t_refine(smt_var__string__value("MyModule.x6"), t_any, e_app("$MyModule.Statement000", [e_var(smt_var__string__value("MyModule.x6"))])))]	t_refine(smt_var__string__value("MyModule.x6"), t_any, e_app("$MyModule.Statement000", [e_var(smt_var__string__value("MyModule.x6"))]))	e_entity([("MyModule.kind000", e_str("if")), ("MyModule.test000", e_var(smt_var__string__value("MyModule.test000"))), ("MyModule.tt000", e_var(smt_var__string__value("MyModule.tt000"))), ("MyModule.ff000", e_var(smt_var__string__value("MyModule.ff000")))])
"MyModule.Seq000"	[(smt_var__string__value("MyModule.s1000"), t_refine(smt_var__string__value("MyModule.x6"), t_any, e_app("$MyModule.Statement000", [e_var(smt_var__string__value("MyModule.x6"))]))), (smt_var__string__value("MyModule.s2000"), t_refine(smt_var__string__value("MyModule.x6"), t_any, e_app("$MyModule.Statement000", [e_var(smt_var__string__value("MyModule.x6"))])))]	t_refine(smt_var__string__value("MyModule.x6"), t_any, e_app("$MyModule.Statement000", [e_var(smt_var__string__value("MyModule.x6"))]))	e_entity([("MyModule.kind000", e_str("seq")), ("MyModule.s1000", e_var(smt_var__string__value("MyModule.s1000"))), ("MyModule.s2000", e_var(smt_var__string__value("MyModule.s2000")))])
"MyModule.Skip000"	[]	t_refine(smt_var__string__value("MyModule.x6"), t_any, e_app("$MyModule.Statement000", [e_var(smt_var__string__value("MyModule.x6"))]))	e_entity([("MyModule.kind000", e_str("skip"))])
"MyModule.BreakSingleton000"	[(smt_var__string__value("MyModule.xs000"), t_refine(smt_var__string__value("MyModule.value1"), t_coll(t_intersection(t_entity("MyModule.name000", t_str), t_entity("MyModule.val000", t_int))), e_binop(b_eq, e_accum(smt_var__string__value("MyModule.x8"), e_var(smt_var__string__value("MyModule.value1")), smt_var__string__value("MyModule.x9"), e_ascribe(e_int(0), t_int), e_binop(b_add, e_var(smt_var__string__value("MyModule.x9")), e_int(1))), e_int(1))))]	t_int	e_accum(smt_var__string__value("MyModule.x000"), e_var(smt_var__string__value("MyModule.xs000")), smt_var__string__value("MyModule.n000"), e_ascribe(e_int(0), t_int), e_select(e_var(smt_var__string__value("MyModule.x000")), "MyModule.val000"))
"MyModule.Error000"	[]	t_refine(smt_var__string__value("MyModule.value1"), t_any, e_bool(false))	e_app("MyModule.Error000", [])
"MyModule.Lookup000"	[(smt_var__string__value("MyModule.st000"), t_coll(t_intersection(t_entity("MyModule.name000", t_str), t_entity("MyModule.val000", t_int)))), (smt_var__string__value("MyModule.n000"), t_str)]	t_int	e_let(smt_var__string__value("MyModule.match000"), e_query(smt_var__string__value("MyModule.x000"), e_var(smt_var__string__value("MyModule.st000")), e_binop(b_eq, e_select(e_var(smt_var__string__value("MyModule.x000")), "MyModule.name000"), e_var(smt_var__string__value("MyModule.n000"))), e_var(smt_var__string__value("MyModule.x000"))), e_cond(e_binop(b_eq, e_accum(smt_var__string__value("MyModule.x10"), e_var(smt_var__string__value("MyModule.match000")), smt_var__string__value("MyModule.x11"), e_ascribe(e_int(0), t_int), e_binop(b_add, e_var(smt_var__string__value("MyModule.x11")), e_int(1))), e_int(1)), e_app("MyModule.BreakSingleton000", [e_var(smt_var__string__value("MyModule.match000"))]), e_app("MyModule.Error000", [])))
"MyModule.Evaluate000"	[(smt_var__string__value("MyModule.e000"), t_refine(smt_var__string__value("MyModule.x4"), t_any, e_app("$MyModule.Expression000", [e_var(smt_var__string__value("MyModule.x4"))]))), (smt_var__string__value("MyModule.st000"), t_coll(t_intersection(t_entity("MyModule.name000", t_str), t_entity("MyModule.val000", t_int))))]	t_int	e_cond(e_binop(b_eq, e_select(e_var(smt_var__string__value("MyModule.e000")), "MyModule.kind000"), e_str("variable")), e_app("MyModule.Lookup000", [e_var(smt_var__string__value("MyModule.st000")), e_select(e_var(smt_var__string__value("MyModule.e000")), "MyModule.name000")]), e_cond(e_binop(b_eq, e_select(e_var(smt_var__string__value("MyModule.e000")), "MyModule.kind000"), e_str("integer")), e_select(e_var(smt_var__string__value("MyModule.e000")), "MyModule.val000"), e_cond(e_binop(b_eq, e_select(e_var(smt_var__string__value("MyModule.e000")), "MyModule.kind000"), e_str("binary app")), e_cond(e_binop(b_eq, e_select(e_var(smt_var__string__value("MyModule.e000")), "MyModule.operator000"), e_str("plus")), e_binop(b_add, e_app("MyModule.Evaluate000", [e_select(e_var(smt_var__string__value("MyModule.e000")), "MyModule.arg1000"), e_var(smt_var__string__value("MyModule.st000"))]), e_app("MyModule.Evaluate000", [e_select(e_var(smt_var__string__value("MyModule.e000")), "MyModule.arg2000"), e_var(smt_var__string__value("MyModule.st000"))])), e_cond(e_binop(b_eq, e_select(e_var(smt_var__string__value("MyModule.e000")), "MyModule.operator000"), e_str("minus")), e_binop(b_sub, e_app("MyModule.Evaluate000", [e_select(e_var(smt_var__string__value("MyModule.e000")), "MyModule.arg1000"), e_var(smt_var__string__value("MyModule.st000"))]), e_app("MyModule.Evaluate000", [e_select(e_var(smt_var__string__value("MyModule.e000")), "MyModule.arg2000"), e_var(smt_var__string__value("MyModule.st000"))])), e_cond(e_binop(b_eq, e_select(e_var(smt_var__string__value("MyModule.e000")), "MyModule.operator000"), e_str("times")), e_binop(b_mul, e_app("MyModule.Evaluate000", [e_select(e_var(smt_var__string__value("MyModule.e000")), "MyModule.arg1000"), e_var(smt_var__string__value("MyModule.st000"))]), e_app("MyModule.Evaluate000", [e_select(e_var(smt_var__string__value("MyModule.e000")), "MyModule.arg2000"), e_var(smt_var__string__value("MyModule.st000"))])), e_cond(e_binop(b_eq, e_select(e_var(smt_var__string__value("MyModule.e000")), "MyModule.operator000"), e_str("<=")), e_let(smt_var__string__value("MyModule.x1000"), e_app("MyModule.Evaluate000", [e_select(e_var(smt_var__string__value("MyModule.e000")), "MyModule.arg1000"), e_var(smt_var__string__value("MyModule.st000"))]), e_let(smt_var__string__value("MyModule.x2000"), e_app("MyModule.Evaluate000", [e_select(e_var(smt_var__string__value("MyModule.e000")), "MyModule.arg2000"), e_var(smt_var__string__value("MyModule.st000"))]), e_cond(e_binop(b_or, e_binop(b_lt, e_var(smt_var__string__value("MyModule.x1000")), e_var(smt_var__string__value("MyModule.x2000"))), e_binop(b_eq, e_var(smt_var__string__value("MyModule.x1000")), e_var(smt_var__string__value("MyModule.x2000")))), e_int(1), e_int(0)))), e_str("unreachable"))))), e_str("unreachable"))))
"MyModule.UpdateStore000"	[(smt_var__string__value("MyModule.x000"), t_str), (smt_var__string__value("MyModule.n000"), t_int), (smt_var__string__value("MyModule.st000"), t_coll(t_intersection(t_entity("MyModule.name000", t_str), t_entity("MyModule.val000", t_int))))]	t_coll(t_intersection(t_entity("MyModule.name000", t_str), t_entity("MyModule.val000", t_int)))	e_let(smt_var__string__value("MyModule.st1000"), e_query(smt_var__string__value("MyModule.y000"), e_var(smt_var__string__value("MyModule.st000")), e_unop(u_not, e_binop(b_eq, e_var(smt_var__string__value("MyModule.x000")), e_select(e_var(smt_var__string__value("MyModule.y000")), "MyModule.name000"))), e_var(smt_var__string__value("MyModule.y000"))), e_union(e_add(e_entity([("MyModule.name000", e_var(smt_var__string__value("MyModule.x000"))), ("MyModule.val000", e_var(smt_var__string__value("MyModule.n000")))]), e_coll([])), e_var(smt_var__string__value("MyModule.st1000"))))
"MyModule.Interpret000"	[(smt_var__string__value("MyModule.s000"), t_refine(smt_var__string__value("MyModule.x6"), t_any, e_app("$MyModule.Statement000", [e_var(smt_var__string__value("MyModule.x6"))]))), (smt_var__string__value("MyModule.st000"), t_coll(t_intersection(t_entity("MyModule.name000", t_str), t_entity("MyModule.val000", t_int))))]	t_coll(t_intersection(t_entity("MyModule.name000", t_str), t_entity("MyModule.val000", t_int)))	e_cond(e_binop(b_eq, e_select(e_var(smt_var__string__value("MyModule.s000")), "MyModule.kind000"), e_str("assignment")), e_let(smt_var__string__value("MyModule.rhs000"), e_app("MyModule.Evaluate000", [e_select(e_var(smt_var__string__value("MyModule.s000")), "MyModule.rhs000"), e_var(smt_var__string__value("MyModule.st000"))]), e_app("MyModule.UpdateStore000", [e_select(e_var(smt_var__string__value("MyModule.s000")), "MyModule.var000"), e_var(smt_var__string__value("MyModule.rhs000")), e_var(smt_var__string__value("MyModule.st000"))])), e_cond(e_binop(b_eq, e_select(e_var(smt_var__string__value("MyModule.s000")), "MyModule.kind000"), e_str("while")), e_let(smt_var__string__value("MyModule.t"), e_app("MyModule.Evaluate000", [e_select(e_var(smt_var__string__value("MyModule.s000")), "MyModule.test000"), e_var(smt_var__string__value("MyModule.st000"))]), e_cond(e_binop(b_eq, e_var(smt_var__string__value("MyModule.t")), e_int(0)), e_var(smt_var__string__value("MyModule.st000")), e_app("MyModule.Interpret000", [e_app("MyModule.Seq000", [e_select(e_var(smt_var__string__value("MyModule.s000")), "MyModule.body000"), e_var(smt_var__string__value("MyModule.s000"))]), e_var(smt_var__string__value("MyModule.st000"))]))), e_cond(e_binop(b_eq, e_select(e_var(smt_var__string__value("MyModule.s000")), "MyModule.kind000"), e_str("if")), e_let(smt_var__string__value("MyModule.t"), e_app("MyModule.Evaluate000", [e_select(e_var(smt_var__string__value("MyModule.s000")), "MyModule.test000"), e_var(smt_var__string__value("MyModule.st000"))]), e_cond(e_binop(b_eq, e_var(smt_var__string__value("MyModule.t")), e_int(0)), e_app("MyModule.Interpret000", [e_select(e_var(smt_var__string__value("MyModule.s000")), "MyModule.ff000"), e_var(smt_var__string__value("MyModule.st000"))]), e_app("MyModule.Interpret000", [e_select(e_var(smt_var__string__value("MyModule.s000")), "MyModule.tt000"), e_var(smt_var__string__value("MyModule.st000"))]))), e_cond(e_binop(b_eq, e_select(e_var(smt_var__string__value("MyModule.s000")), "MyModule.kind000"), e_str("seq")), e_let(smt_var__string__value("MyModule.st1000"), e_app("MyModule.Interpret000", [e_select(e_var(smt_var__string__value("MyModule.s000")), "MyModule.s1000"), e_var(smt_var__string__value("MyModule.st000"))]), e_app("MyModule.Interpret000", [e_select(e_var(smt_var__string__value("MyModule.s000")), "MyModule.s2000"), e_var(smt_var__string__value("MyModule.st1000"))])), e_var(smt_var__string__value("MyModule.st000"))))))
"MyModule.Fact10000"	[]	t_refine(smt_var__string__value("MyModule.x6"), t_any, e_app("$MyModule.Statement000", [e_var(smt_var__string__value("MyModule.x6"))]))	e_app("MyModule.Seq000", [e_app("MyModule.Assign000", [e_str("f"), e_app("MyModule.Int000", [e_int(1)])]), e_app("MyModule.Seq000", [e_app("MyModule.Assign000", [e_str("i"), e_app("MyModule.Int000", [e_int(1)])]), e_app("MyModule.While000", [e_app("MyModule.Leq000", [e_app("MyModule.Var000", [e_str("i")]), e_app("MyModule.Int000", [e_int(10)])]), e_app("MyModule.Seq000", [e_app("MyModule.Assign000", [e_str("f"), e_app("MyModule.Times000", [e_app("MyModule.Var000", [e_str("f")]), e_app("MyModule.Var000", [e_str("i")])])]), e_app("MyModule.Assign000", [e_str("i"), e_app("MyModule.Plus000", [e_app("MyModule.Var000", [e_str("i")]), e_app("MyModule.Int000", [e_int(1)])])])])])])])
"MyModule.While_main000"	[]	t_any	e_let(smt_var__string__value("MyModule.res"), e_app("MyModule.Interpret000", [e_app("MyModule.Fact10000", []), e_coll([])]), e_app("MyModule.Evaluate000", [e_app("MyModule.Var000", [e_str("f")]), e_var(smt_var__string__value("MyModule.res"))]))
"MyModule.Union_Test2000"	[(smt_var__string__value("MyModule.xs000"), t_coll(t_union(t_intersection(t_entity("MyModule.tag000", t_singleton(e_int(42), t_any)), t_entity("MyModule.bar000", t_int)), t_intersection(t_entity("MyModule.tag000", t_singleton(e_int(43), t_any)), t_entity("MyModule.foo000", t_str)))))]	t_coll(t_str)	e_query(smt_var__string__value("MyModule.x000"), e_var(smt_var__string__value("MyModule.xs000")), e_bool(true), e_cond(e_binop(b_eq, e_select(e_var(smt_var__string__value("MyModule.x000")), "MyModule.tag000"), e_int(42)), e_str("Hello"), e_select(e_var(smt_var__string__value("MyModule.x000")), "MyModule.foo000")))
"MyModule.Union_Test3000"	[(smt_var__string__value("MyModule.xs000"), t_coll(t_union(t_intersection(t_entity("MyModule.tag000", t_singleton(e_int(42), t_any)), t_entity("MyModule.bar000", t_int)), t_intersection(t_entity("MyModule.tag000", t_singleton(e_int(43), t_any)), t_entity("MyModule.foo000", t_str)))))]	t_coll(t_str)	e_query(smt_var__string__value("MyModule.x000"), e_var(smt_var__string__value("MyModule.xs000")), e_binop(b_eq, e_select(e_var(smt_var__string__value("MyModule.x000")), "MyModule.tag000"), e_int(43)), e_select(e_var(smt_var__string__value("MyModule.x000")), "MyModule.foo000"))
