"MyModule.Pos000"	t_refine(smt_var__string__value("MyModule.value1"), t_int, e_binop(b_gt, e_var(smt_var__string__value("MyModule.value1")), e_int(0)))
"MyModule.U000"	t_union(t_intersection(t_entity("MyModule.tag000", t_singleton(e_int(42), t_any)), t_entity("MyModule.bar000", t_int)), t_intersection(t_entity("MyModule.tag000", t_singleton(e_int(43), t_any)), t_entity("MyModule.foo000", t_str)))
"MyModule.Store000"	t_coll(t_intersection(t_entity("MyModule.name000", t_str), t_entity("MyModule.val000", t_int)))
"MyModule.T_ff000"	t_intersection(t_entity("MyModule.tag000", t_singleton(e_int(43), t_any)), t_entity("MyModule.foo000", t_str))
"MyModule.DataCenter000"	t_refine(smt_var__string__value("MyModule.value1"), t_entity("MyModule.serv000", t_refine(smt_var__string__value("MyModule.value2"), t_coll(t_refine(smt_var__string__value("MyModule.value1"), t_intersection(t_entity("MyModule.comp000", t_entity("MyModule.cost000", t_refine(smt_var__string__value("MyModule.value1"), t_int, e_binop(b_gt, e_var(smt_var__string__value("MyModule.value1")), e_int(0))))), t_intersection(t_entity("MyModule.cost000", t_refine(smt_var__string__value("MyModule.value1"), t_int, e_binop(b_gt, e_var(smt_var__string__value("MyModule.value1")), e_int(0)))), t_entity("MyModule.app000", t_entity("MyModule.licenseFee000", t_refine(smt_var__string__value("MyModule.value1"), t_int, e_binop(b_gt, e_var(smt_var__string__value("MyModule.value1")), e_int(0))))))), e_binop(b_and, e_binop(b_eq, e_select(e_var(smt_var__string__value("MyModule.value1")), "MyModule.cost000"), e_binop(b_add, e_select(e_select(e_var(smt_var__string__value("MyModule.value1")), "MyModule.comp000"), "MyModule.cost000"), e_select(e_select(e_var(smt_var__string__value("MyModule.value1")), "MyModule.app000"), "MyModule.licenseFee000"))), e_binop(b_lt, e_select(e_var(smt_var__string__value("MyModule.value1")), "MyModule.cost000"), e_int(2000))))), e_binop(b_and, e_binop(b_gt, e_accum(smt_var__string__value("MyModule.x0"), e_var(smt_var__string__value("MyModule.value2")), smt_var__string__value("MyModule.x1"), e_ascribe(e_int(0), t_int), e_binop(b_add, e_var(smt_var__string__value("MyModule.x1")), e_int(1))), e_int(1)), e_binop(b_lt, e_accum(smt_var__string__value("MyModule.x2"), e_var(smt_var__string__value("MyModule.value2")), smt_var__string__value("MyModule.x3"), e_ascribe(e_int(0), t_int), e_binop(b_add, e_var(smt_var__string__value("MyModule.x3")), e_int(1))), e_int(13))))), e_binop(b_lt, e_accum(smt_var__string__value("MyModule.serv000"), e_select(e_var(smt_var__string__value("MyModule.value1")), "MyModule.serv000"), smt_var__string__value("MyModule.s000"), e_ascribe(e_int(0), t_int), e_binop(b_add, e_var(smt_var__string__value("MyModule.s000")), e_select(e_var(smt_var__string__value("MyModule.serv000")), "MyModule.cost000"))), e_int(10001)))
"MyModule.Computer000"	t_entity("MyModule.cost000", t_refine(smt_var__string__value("MyModule.value1"), t_int, e_binop(b_gt, e_var(smt_var__string__value("MyModule.value1")), e_int(0))))
"Logical"	t_bool
"Text"	t_str
"MyModule.Server000"	t_refine(smt_var__string__value("MyModule.value1"), t_intersection(t_entity("MyModule.comp000", t_entity("MyModule.cost000", t_refine(smt_var__string__value("MyModule.value1"), t_int, e_binop(b_gt, e_var(smt_var__string__value("MyModule.value1")), e_int(0))))), t_intersection(t_entity("MyModule.cost000", t_refine(smt_var__string__value("MyModule.value1"), t_int, e_binop(b_gt, e_var(smt_var__string__value("MyModule.value1")), e_int(0)))), t_entity("MyModule.app000", t_entity("MyModule.licenseFee000", t_refine(smt_var__string__value("MyModule.value1"), t_int, e_binop(b_gt, e_var(smt_var__string__value("MyModule.value1")), e_int(0))))))), e_binop(b_and, e_binop(b_eq, e_select(e_var(smt_var__string__value("MyModule.value1")), "MyModule.cost000"), e_binop(b_add, e_select(e_select(e_var(smt_var__string__value("MyModule.value1")), "MyModule.comp000"), "MyModule.cost000"), e_select(e_select(e_var(smt_var__string__value("MyModule.value1")), "MyModule.app000"), "MyModule.licenseFee000"))), e_binop(b_lt, e_select(e_var(smt_var__string__value("MyModule.value1")), "MyModule.cost000"), e_int(2000))))
"MyModule.Marriage000"	t_intersection(t_entity("MyModule.SpouseA000", t_refine(smt_var__string__value("MyModule.value1"), t_intersection(t_entity("MyModule.Name000", t_str), t_entity("MyModule.Age000", t_int)), e_binop(b_gt, e_select(e_var(smt_var__string__value("MyModule.value1")), "MyModule.Age000"), e_int(17)))), t_entity("MyModule.SpouseB000", t_refine(smt_var__string__value("MyModule.value1"), t_intersection(t_entity("MyModule.Name000", t_str), t_entity("MyModule.Age000", t_int)), e_binop(b_gt, e_select(e_var(smt_var__string__value("MyModule.value1")), "MyModule.Age000"), e_int(17)))))
"MyModule.Expression000"	t_refine(smt_var__string__value("MyModule.x4"), t_any, e_app("$MyModule.Expression000", [e_var(smt_var__string__value("MyModule.x4"))]))
"Any"	t_any
"MyModule.Application000"	t_entity("MyModule.licenseFee000", t_refine(smt_var__string__value("MyModule.value1"), t_int, e_binop(b_gt, e_var(smt_var__string__value("MyModule.value1")), e_int(0))))
"Integer32"	t_int
"MyModule.Person000"	t_intersection(t_entity("MyModule.Name000", t_str), t_entity("MyModule.Age000", t_int))
"MyModule.T_tt000"	t_intersection(t_entity("MyModule.tag000", t_singleton(e_int(42), t_any)), t_entity("MyModule.bar000", t_int))
"MyModule.Statement000"	t_refine(smt_var__string__value("MyModule.x6"), t_any, e_app("$MyModule.Statement000", [e_var(smt_var__string__value("MyModule.x6"))]))
"MyModule.EligiblePerson000"	t_refine(smt_var__string__value("MyModule.value1"), t_intersection(t_entity("MyModule.Name000", t_str), t_entity("MyModule.Age000", t_int)), e_binop(b_gt, e_select(e_var(smt_var__string__value("MyModule.value1")), "MyModule.Age000"), e_int(17)))
"MyModule.Operator000"	t_refine(smt_var__string__value("MyModule.value1"), t_str, e_binop(b_or, e_binop(b_or, e_binop(b_or, e_binop(b_eq, e_var(smt_var__string__value("MyModule.value1")), e_str("plus")), e_binop(b_eq, e_var(smt_var__string__value("MyModule.value1")), e_str("minus"))), e_binop(b_eq, e_var(smt_var__string__value("MyModule.value1")), e_str("times"))), e_binop(b_eq, e_var(smt_var__string__value("MyModule.value1")), e_str("<="))))
