"</mnt/EXSSD/formulog-artifact-evaluation/artifact/case_studies/symeval/benchmarks/sort-7/sort-7.ll>:main:15:0"	4490122437319657922
"</mnt/EXSSD/formulog-artifact-evaluation/artifact/case_studies/symeval/benchmarks/sort-7/sort-7.ll>:main:16:@malloc"	10812519832347109215
"</mnt/EXSSD/formulog-artifact-evaluation/artifact/case_studies/symeval/benchmarks/sort-7/sort-7.ll>:main:16:28"	15723198078867544894
"</mnt/EXSSD/formulog-artifact-evaluation/artifact/case_studies/symeval/benchmarks/sort-7/sort-7.ll>:main:19:0"	4490122437319657922
"</mnt/EXSSD/formulog-artifact-evaluation/artifact/case_studies/symeval/benchmarks/sort-7/sort-7.ll>:main:22:7"	12506104513028765007
"</mnt/EXSSD/formulog-artifact-evaluation/artifact/case_studies/symeval/benchmarks/sort-7/sort-7.ll>:main:24:@symexec_new_int"	17627518819849390939
"</mnt/EXSSD/formulog-artifact-evaluation/artifact/case_studies/symeval/benchmarks/sort-7/sort-7.ll>:main:32:1"	4632970265397325641
"</mnt/EXSSD/formulog-artifact-evaluation/artifact/case_studies/symeval/benchmarks/sort-7/sort-7.ll>:main:35:@symexec_new_int"	17627518819849390939
"</mnt/EXSSD/formulog-artifact-evaluation/artifact/case_studies/symeval/benchmarks/sort-7/sort-7.ll>:main:38:0"	4490122437319657922
"</mnt/EXSSD/formulog-artifact-evaluation/artifact/case_studies/symeval/benchmarks/sort-7/sort-7.ll>:main:40:0"	4490122437319657922
"</mnt/EXSSD/formulog-artifact-evaluation/artifact/case_studies/symeval/benchmarks/sort-7/sort-7.ll>:main:43:6"	16872677909373535420
"</mnt/EXSSD/formulog-artifact-evaluation/artifact/case_studies/symeval/benchmarks/sort-7/sort-7.ll>:main:54:1"	4632970265397325641
"</mnt/EXSSD/formulog-artifact-evaluation/artifact/case_studies/symeval/benchmarks/sort-7/sort-7.ll>:main:58:7"	12506104513028765007
"</mnt/EXSSD/formulog-artifact-evaluation/artifact/case_studies/symeval/benchmarks/sort-7/sort-7.ll>:main:77:1"	4632970265397325641
"</mnt/EXSSD/formulog-artifact-evaluation/artifact/case_studies/symeval/benchmarks/sort-7/sort-7.ll>:main:98:1"	4632970265397325641
"</mnt/EXSSD/formulog-artifact-evaluation/artifact/case_studies/symeval/benchmarks/sort-7/sort-7.ll>:main:101:0"	4490122437319657922
"</mnt/EXSSD/formulog-artifact-evaluation/artifact/case_studies/symeval/benchmarks/sort-7/sort-7.ll>:main:104:6"	16872677909373535420
"</mnt/EXSSD/formulog-artifact-evaluation/artifact/case_studies/symeval/benchmarks/sort-7/sort-7.ll>:main:113:1"	4632970265397325641
"</mnt/EXSSD/formulog-artifact-evaluation/artifact/case_studies/symeval/benchmarks/sort-7/sort-7.ll>:main:119:@symexec_assert"	7711387847527431444
"</mnt/EXSSD/formulog-artifact-evaluation/artifact/case_studies/symeval/benchmarks/sort-7/sort-7.ll>:main:122:1"	4632970265397325641
"</mnt/EXSSD/formulog-artifact-evaluation/artifact/case_studies/symeval/benchmarks/sort-7/sort-7.ll>:main:126:0"	4490122437319657922
"</mnt/EXSSD/formulog-artifact-evaluation/artifact/case_studies/symeval/benchmarks/sort-7/sort-7.ll>:main:129:6"	16872677909373535420
"</mnt/EXSSD/formulog-artifact-evaluation/artifact/case_studies/symeval/benchmarks/sort-7/sort-7.ll>:main:140:1"	4632970265397325641
"</mnt/EXSSD/formulog-artifact-evaluation/artifact/case_studies/symeval/benchmarks/sort-7/sort-7.ll>:main:144:7"	12506104513028765007
"</mnt/EXSSD/formulog-artifact-evaluation/artifact/case_studies/symeval/benchmarks/sort-7/sort-7.ll>:main:163:1"	4632970265397325641
"</mnt/EXSSD/formulog-artifact-evaluation/artifact/case_studies/symeval/benchmarks/sort-7/sort-7.ll>:main:184:1"	4632970265397325641
"</mnt/EXSSD/formulog-artifact-evaluation/artifact/case_studies/symeval/benchmarks/sort-7/sort-7.ll>:main:188:0"	4490122437319657922
