"</mnt/EXSSD/formulog-artifact-evaluation/artifact/case_studies/symeval/benchmarks/sort-7/sort-7.ll>:main:21"	4
"</mnt/EXSSD/formulog-artifact-evaluation/artifact/case_studies/symeval/benchmarks/sort-7/sort-7.ll>:main:25"	8
"</mnt/EXSSD/formulog-artifact-evaluation/artifact/case_studies/symeval/benchmarks/sort-7/sort-7.ll>:main:26"	4
"</mnt/EXSSD/formulog-artifact-evaluation/artifact/case_studies/symeval/benchmarks/sort-7/sort-7.ll>:main:31"	4
"</mnt/EXSSD/formulog-artifact-evaluation/artifact/case_studies/symeval/benchmarks/sort-7/sort-7.ll>:main:37"	4
"</mnt/EXSSD/formulog-artifact-evaluation/artifact/case_studies/symeval/benchmarks/sort-7/sort-7.ll>:main:42"	4
"</mnt/EXSSD/formulog-artifact-evaluation/artifact/case_studies/symeval/benchmarks/sort-7/sort-7.ll>:main:45"	4
"</mnt/EXSSD/formulog-artifact-evaluation/artifact/case_studies/symeval/benchmarks/sort-7/sort-7.ll>:main:47"	8
"</mnt/EXSSD/formulog-artifact-evaluation/artifact/case_studies/symeval/benchmarks/sort-7/sort-7.ll>:main:48"	4
"</mnt/EXSSD/formulog-artifact-evaluation/artifact/case_studies/symeval/benchmarks/sort-7/sort-7.ll>:main:51"	4
"</mnt/EXSSD/formulog-artifact-evaluation/artifact/case_studies/symeval/benchmarks/sort-7/sort-7.ll>:main:53"	4
"</mnt/EXSSD/formulog-artifact-evaluation/artifact/case_studies/symeval/benchmarks/sort-7/sort-7.ll>:main:57"	4
"</mnt/EXSSD/formulog-artifact-evaluation/artifact/case_studies/symeval/benchmarks/sort-7/sort-7.ll>:main:60"	8
"</mnt/EXSSD/formulog-artifact-evaluation/artifact/case_studies/symeval/benchmarks/sort-7/sort-7.ll>:main:61"	4
"</mnt/EXSSD/formulog-artifact-evaluation/artifact/case_studies/symeval/benchmarks/sort-7/sort-7.ll>:main:64"	4
"</mnt/EXSSD/formulog-artifact-evaluation/artifact/case_studies/symeval/benchmarks/sort-7/sort-7.ll>:main:66"	4
"</mnt/EXSSD/formulog-artifact-evaluation/artifact/case_studies/symeval/benchmarks/sort-7/sort-7.ll>:main:67"	4
"</mnt/EXSSD/formulog-artifact-evaluation/artifact/case_studies/symeval/benchmarks/sort-7/sort-7.ll>:main:70"	4
"</mnt/EXSSD/formulog-artifact-evaluation/artifact/case_studies/symeval/benchmarks/sort-7/sort-7.ll>:main:72"	4
"</mnt/EXSSD/formulog-artifact-evaluation/artifact/case_studies/symeval/benchmarks/sort-7/sort-7.ll>:main:76"	4
"</mnt/EXSSD/formulog-artifact-evaluation/artifact/case_studies/symeval/benchmarks/sort-7/sort-7.ll>:main:80"	8
"</mnt/EXSSD/formulog-artifact-evaluation/artifact/case_studies/symeval/benchmarks/sort-7/sort-7.ll>:main:81"	4
"</mnt/EXSSD/formulog-artifact-evaluation/artifact/case_studies/symeval/benchmarks/sort-7/sort-7.ll>:main:84"	4
"</mnt/EXSSD/formulog-artifact-evaluation/artifact/case_studies/symeval/benchmarks/sort-7/sort-7.ll>:main:85"	8
"</mnt/EXSSD/formulog-artifact-evaluation/artifact/case_studies/symeval/benchmarks/sort-7/sort-7.ll>:main:86"	4
"</mnt/EXSSD/formulog-artifact-evaluation/artifact/case_studies/symeval/benchmarks/sort-7/sort-7.ll>:main:90"	4
"</mnt/EXSSD/formulog-artifact-evaluation/artifact/case_studies/symeval/benchmarks/sort-7/sort-7.ll>:main:91"	8
"</mnt/EXSSD/formulog-artifact-evaluation/artifact/case_studies/symeval/benchmarks/sort-7/sort-7.ll>:main:92"	4
"</mnt/EXSSD/formulog-artifact-evaluation/artifact/case_studies/symeval/benchmarks/sort-7/sort-7.ll>:main:97"	4
"</mnt/EXSSD/formulog-artifact-evaluation/artifact/case_studies/symeval/benchmarks/sort-7/sort-7.ll>:main:103"	4
"</mnt/EXSSD/formulog-artifact-evaluation/artifact/case_studies/symeval/benchmarks/sort-7/sort-7.ll>:main:106"	8
"</mnt/EXSSD/formulog-artifact-evaluation/artifact/case_studies/symeval/benchmarks/sort-7/sort-7.ll>:main:107"	4
"</mnt/EXSSD/formulog-artifact-evaluation/artifact/case_studies/symeval/benchmarks/sort-7/sort-7.ll>:main:110"	4
"</mnt/EXSSD/formulog-artifact-evaluation/artifact/case_studies/symeval/benchmarks/sort-7/sort-7.ll>:main:111"	8
"</mnt/EXSSD/formulog-artifact-evaluation/artifact/case_studies/symeval/benchmarks/sort-7/sort-7.ll>:main:112"	4
"</mnt/EXSSD/formulog-artifact-evaluation/artifact/case_studies/symeval/benchmarks/sort-7/sort-7.ll>:main:116"	4
"</mnt/EXSSD/formulog-artifact-evaluation/artifact/case_studies/symeval/benchmarks/sort-7/sort-7.ll>:main:121"	4
"</mnt/EXSSD/formulog-artifact-evaluation/artifact/case_studies/symeval/benchmarks/sort-7/sort-7.ll>:main:128"	4
"</mnt/EXSSD/formulog-artifact-evaluation/artifact/case_studies/symeval/benchmarks/sort-7/sort-7.ll>:main:131"	4
"</mnt/EXSSD/formulog-artifact-evaluation/artifact/case_studies/symeval/benchmarks/sort-7/sort-7.ll>:main:133"	8
"</mnt/EXSSD/formulog-artifact-evaluation/artifact/case_studies/symeval/benchmarks/sort-7/sort-7.ll>:main:134"	4
"</mnt/EXSSD/formulog-artifact-evaluation/artifact/case_studies/symeval/benchmarks/sort-7/sort-7.ll>:main:137"	4
"</mnt/EXSSD/formulog-artifact-evaluation/artifact/case_studies/symeval/benchmarks/sort-7/sort-7.ll>:main:139"	4
"</mnt/EXSSD/formulog-artifact-evaluation/artifact/case_studies/symeval/benchmarks/sort-7/sort-7.ll>:main:143"	4
"</mnt/EXSSD/formulog-artifact-evaluation/artifact/case_studies/symeval/benchmarks/sort-7/sort-7.ll>:main:146"	8
"</mnt/EXSSD/formulog-artifact-evaluation/artifact/case_studies/symeval/benchmarks/sort-7/sort-7.ll>:main:147"	4
"</mnt/EXSSD/formulog-artifact-evaluation/artifact/case_studies/symeval/benchmarks/sort-7/sort-7.ll>:main:150"	4
"</mnt/EXSSD/formulog-artifact-evaluation/artifact/case_studies/symeval/benchmarks/sort-7/sort-7.ll>:main:152"	4
"</mnt/EXSSD/formulog-artifact-evaluation/artifact/case_studies/symeval/benchmarks/sort-7/sort-7.ll>:main:153"	4
"</mnt/EXSSD/formulog-artifact-evaluation/artifact/case_studies/symeval/benchmarks/sort-7/sort-7.ll>:main:156"	4
"</mnt/EXSSD/formulog-artifact-evaluation/artifact/case_studies/symeval/benchmarks/sort-7/sort-7.ll>:main:158"	4
"</mnt/EXSSD/formulog-artifact-evaluation/artifact/case_studies/symeval/benchmarks/sort-7/sort-7.ll>:main:162"	4
"</mnt/EXSSD/formulog-artifact-evaluation/artifact/case_studies/symeval/benchmarks/sort-7/sort-7.ll>:main:166"	8
"</mnt/EXSSD/formulog-artifact-evaluation/artifact/case_studies/symeval/benchmarks/sort-7/sort-7.ll>:main:167"	4
"</mnt/EXSSD/formulog-artifact-evaluation/artifact/case_studies/symeval/benchmarks/sort-7/sort-7.ll>:main:170"	4
"</mnt/EXSSD/formulog-artifact-evaluation/artifact/case_studies/symeval/benchmarks/sort-7/sort-7.ll>:main:171"	8
"</mnt/EXSSD/formulog-artifact-evaluation/artifact/case_studies/symeval/benchmarks/sort-7/sort-7.ll>:main:172"	4
"</mnt/EXSSD/formulog-artifact-evaluation/artifact/case_studies/symeval/benchmarks/sort-7/sort-7.ll>:main:176"	4
"</mnt/EXSSD/formulog-artifact-evaluation/artifact/case_studies/symeval/benchmarks/sort-7/sort-7.ll>:main:177"	8
"</mnt/EXSSD/formulog-artifact-evaluation/artifact/case_studies/symeval/benchmarks/sort-7/sort-7.ll>:main:178"	4
"</mnt/EXSSD/formulog-artifact-evaluation/artifact/case_studies/symeval/benchmarks/sort-7/sort-7.ll>:main:183"	4
