"</mnt/EXSSD/formulog-artifact-evaluation/artifact/case_studies/symeval/benchmarks/sort-7/sort-7.ll>:main:27"	"i64"
"</mnt/EXSSD/formulog-artifact-evaluation/artifact/case_studies/symeval/benchmarks/sort-7/sort-7.ll>:main:49"	"i64"
"</mnt/EXSSD/formulog-artifact-evaluation/artifact/case_studies/symeval/benchmarks/sort-7/sort-7.ll>:main:62"	"i64"
"</mnt/EXSSD/formulog-artifact-evaluation/artifact/case_studies/symeval/benchmarks/sort-7/sort-7.ll>:main:82"	"i64"
"</mnt/EXSSD/formulog-artifact-evaluation/artifact/case_studies/symeval/benchmarks/sort-7/sort-7.ll>:main:87"	"i64"
"</mnt/EXSSD/formulog-artifact-evaluation/artifact/case_studies/symeval/benchmarks/sort-7/sort-7.ll>:main:93"	"i64"
"</mnt/EXSSD/formulog-artifact-evaluation/artifact/case_studies/symeval/benchmarks/sort-7/sort-7.ll>:main:108"	"i64"
"</mnt/EXSSD/formulog-artifact-evaluation/artifact/case_studies/symeval/benchmarks/sort-7/sort-7.ll>:main:114"	"i64"
"</mnt/EXSSD/formulog-artifact-evaluation/artifact/case_studies/symeval/benchmarks/sort-7/sort-7.ll>:main:135"	"i64"
"</mnt/EXSSD/formulog-artifact-evaluation/artifact/case_studies/symeval/benchmarks/sort-7/sort-7.ll>:main:148"	"i64"
"</mnt/EXSSD/formulog-artifact-evaluation/artifact/case_studies/symeval/benchmarks/sort-7/sort-7.ll>:main:168"	"i64"
"</mnt/EXSSD/formulog-artifact-evaluation/artifact/case_studies/symeval/benchmarks/sort-7/sort-7.ll>:main:173"	"i64"
"</mnt/EXSSD/formulog-artifact-evaluation/artifact/case_studies/symeval/benchmarks/sort-7/sort-7.ll>:main:179"	"i64"
