"< Application, Lavrora/syntax/atmel/AtmelParserTokenManager, jjMoveStringLiteralDfa1_0(JJJ)I >"	"bb5"	[java_type_ref("<Primordial,Ljava/io/IOException>")]
"< Application, Lavrora/stack/Analyzer$MonitorThread, run()V >"	"bb14"	[java_type_ref("<Primordial,Ljava/lang/InterruptedException>")]
"< Application, Lorg/dacapo/parser/Config$1, <clinit>()V >"	"bb7"	[java_type_ref("<Primordial,Ljava/lang/NoSuchFieldError>")]
"< Application, Lorg/dacapo/parser/SimpleCharStream, ExpandBuff(Z)V >"	"bb70"	[java_type_ref("<Primordial,Ljava/lang/Throwable>")]
"< Application, Lavrora/sim/types/SensorSimulation$SensorNode, createRadioModel()V >"	"bb39"	[java_type_ref("<Primordial,Ljava/io/IOException>")]
"< Application, Lavrora/gui/GUIDefaults, class$(Ljava/lang/String;)Ljava/lang/Class; >"	"bb3"	[java_type_ref("<Primordial,Ljava/lang/ClassNotFoundException>")]
"< Application, Lavrora/syntax/Module, simplify(Lavrora/syntax/Item;)V >"	"bb35"	[java_type_ref("<Application,Lavrora/arch/legacy/LegacyInstr$WrongNumberOfOperands>")]
"< Application, Lavrora/sim/clock/RippleSynchronizer$NotifyEvent, fire()V >"	"bb16"	[java_type_ref("<Primordial,Ljava/lang/Throwable>")]
"< Application, Lavrora/Defaults, class$(Ljava/lang/String;)Ljava/lang/Class; >"	"bb3"	[java_type_ref("<Primordial,Ljava/lang/ClassNotFoundException>")]
"< Application, Lavrora/syntax/objdump/ObjDumpParser, jj_2_2(I)Z >"	"bb11"	[java_type_ref("<Application,Lavrora/syntax/objdump/ObjDumpParser$LookaheadSuccess>")]
"< Application, Lorg/dacapo/harness/ChordHarness, main([Ljava/lang/String;)V >"	"bb48"	[java_type_ref("<Primordial,Ljava/io/FileNotFoundException>")]
"< Application, Lorg/dacapo/harness/TeeOutputStream, finalize()V >"	"bb5"	[java_type_ref("<Primordial,Ljava/lang/Exception>")]
"< Application, Lorg/dacapo/parser/ConfigFileTokenManager, jjMoveStringLiteralDfa9_0(JJ)I >"	"bb8"	[java_type_ref("<Primordial,Ljava/io/IOException>")]
"< Application, Lcck/help/ClassMapValueItem, computeHelp()Ljava/lang/String; >"	"bb10"	[java_type_ref("<Primordial,Ljava/lang/Throwable>")]
"< Application, Lavrora/sim/radio/LossyModel, class$(Ljava/lang/String;)Ljava/lang/Class; >"	"bb3"	[java_type_ref("<Primordial,Ljava/lang/ClassNotFoundException>")]
"< Application, Lavrora/test/probes/SimpleCharStream, ExpandBuff(Z)V >"	"bb70"	[java_type_ref("<Primordial,Ljava/lang/Throwable>")]
"< Application, Lavrora/sim/Segment, checked_write(IB)V >"	"bb3"	[java_type_ref("<Primordial,Ljava/lang/ArrayIndexOutOfBoundsException>")]
"< Application, Lavrora/monitors/SnifferMonitor$Mon, fireBeforeTransmitEnd(Lavrora/sim/radio/Medium$Transmitter;)V >"	"bb20"	[java_type_ref("<Primordial,Ljava/lang/Throwable>")]
"< Application, Lavrora/monitors/GDBServer$GDBMonitor, commandLoop(Ljava/lang/String;)V >"	"bb23"	[java_type_ref("<Primordial,Ljava/io/IOException>")]
"< Application, Lavrora/sim/platform/SPIForwarder, nextFrame()Lavrora/sim/mcu/SPI$Frame; >"	"bb13"	[java_type_ref("<Primordial,Ljava/io/IOException>")]
"< Application, Lavrora/monitors/EnergyMonitor$Monitor$Logger, write(Ljava/lang/String;)V >"	"bb4"	[java_type_ref("<Primordial,Ljava/io/IOException>")]
"< Application, Lavrora/sim/clock/BarrierSynchronizer, checkWaiters()Lavrora/sim/clock/BarrierSynchronizer$WaitSlot; >"	"bb17"	[java_type_ref("<Primordial,Ljava/lang/Throwable>")]
"< Application, Lavrora/arch/ArchitectureRegistry, class$(Ljava/lang/String;)Ljava/lang/Class; >"	"bb3"	[java_type_ref("<Primordial,Ljava/lang/ClassNotFoundException>")]
"< Application, Lavrora/syntax/objdump/ObjDumpParserTokenManager, jjMoveNfa_1(II)I >"	"bb55"	[java_type_ref("<Primordial,Ljava/io/IOException>")]
"< Application, Lavrora/sim/radio/Medium, class$(Ljava/lang/String;)Ljava/lang/Class; >"	"bb3"	[java_type_ref("<Primordial,Ljava/lang/ClassNotFoundException>")]
"< Application, Lavrora/gui/ManageSimInput, fileSelectionUpdate()Z >"	"bb9"	[java_type_ref("<Primordial,Ljava/lang/Exception>")]
"< Application, Lavrora/sim/clock/BarrierSynchronizer$SynchEvent, fire()V >"	"bb31"	[java_type_ref("<Primordial,Ljava/lang/InterruptedException>")]
"< Application, Lavrora/sim/platform/sensors/ReplaySensorData$ChangeReading, fire()V >"	"bb6"	[java_type_ref("<Primordial,Ljava/io/IOException>")]
"< Application, Lavrora/test/probes/ProbeParserTokenManager, jjMoveStringLiteralDfa4_0(JJ)I >"	"bb8"	[java_type_ref("<Primordial,Ljava/io/IOException>")]
"< Application, Lavrora/syntax/Expr$Constant, evaluateLiteral(Ljava/lang/String;)I >"	"bb8"	[java_type_ref("<Primordial,Ljava/lang/Exception>")]
"< Application, Lavrora/gui/GraphEvents, addToVector(II)V >"	"bb8"	[java_type_ref("<Primordial,Ljava/lang/Throwable>")]
"< Application, Lorg/dacapo/harness/TestHarness, main([Ljava/lang/String;)V >"	"bb48"	[java_type_ref("<Primordial,Ljava/io/FileNotFoundException>")]
"< Application, Lavrora/syntax/Module, simplify(Lavrora/syntax/Item;)V >"	"bb11"	[java_type_ref("<Application,Lavrora/arch/legacy/LegacyInstr$InvalidImmediate>")]
"< Application, Lorg/dacapo/harness/ChordHarness, main([Ljava/lang/String;)V >"	"bb16"	[java_type_ref("<Primordial,Ljava/lang/RuntimeException>")]
"< Application, Lavrora/stack/Analyzer, run()V >"	"bb13"	[java_type_ref("<Primordial,Ljava/lang/OutOfMemoryError>")]
"< Application, Lavrora/syntax/objdump/ObjDumpParserTokenManager, getNextToken()Lavrora/syntax/objdump/Token; >"	"bb23"	[java_type_ref("<Primordial,Ljava/io/IOException>")]
"< Application, Lavrora/actions/SimAction, report(Ljava/lang/Throwable;)V >"	"bb62"	[java_type_ref("<Application,Lcck/util/Util$Error>")]
"< Application, Lavrora/stack/Analyzer, run()V >"	"bb19"	[java_type_ref("<Primordial,Ljava/lang/Throwable>")]
"< Application, Lorg/dacapo/harness/DacapoClassLoader, loadClass(Ljava/lang/String;Z)Ljava/lang/Class; >"	"bb5"	[java_type_ref("<Primordial,Ljava/lang/ClassNotFoundException>")]
"< Application, Lavrora/test/probes/ProbeParserTokenManager, jjStartNfaWithStates_0(III)I >"	"bb7"	[java_type_ref("<Primordial,Ljava/io/IOException>")]
"< Application, Lorg/dacapo/harness/Benchmark, initialize()V >"	"bb29"	[java_type_ref("<Primordial,Ljava/lang/Throwable>")]
"< Application, Lavrora/sim/clock/RippleSynchronizer, waitForNeighbors(J)V >"	"bb24"	[java_type_ref("<Primordial,Ljava/lang/InterruptedException>")]
"< Application, Lavrora/gui/GraphEvents, internalUpdate()Z >"	"bb33"	[java_type_ref("<Primordial,Ljava/lang/Throwable>")]
"< Application, Lavrora/sim/platform/SerialForwarder, <init>(Lavrora/sim/mcu/USART;I)V >"	"bb44"	[java_type_ref("<Primordial,Ljava/io/IOException>")]
"< Application, Lorg/dacapo/parser/ConfigFileTokenManager, jjMoveStringLiteralDfa1_3(J)I >"	"bb5"	[java_type_ref("<Primordial,Ljava/io/IOException>")]
"< Application, Lorg/dacapo/parser/SimpleCharStream, FillBuff()V >"	"bb49"	[java_type_ref("<Primordial,Ljava/io/IOException>")]
"< Application, Lavrora/gui/AvroraGui, class$(Ljava/lang/String;)Ljava/lang/Class; >"	"bb3"	[java_type_ref("<Primordial,Ljava/lang/ClassNotFoundException>")]
"< Application, Lavrora/actions/SimAction, run([Ljava/lang/String;)V >"	"bb27"	[java_type_ref("<Primordial,Ljava/lang/Throwable>")]
"< Application, Lavrora/gui/SimTimeEvents$PauseEvent, fire()V >"	"bb6"	[java_type_ref("<Primordial,Ljava/lang/InterruptedException>")]
"< Application, Lavrora/syntax/objdump/ObjDumpParser, jj_2_5(I)Z >"	"bb11"	[java_type_ref("<Application,Lavrora/syntax/objdump/ObjDumpParser$LookaheadSuccess>")]
"< Application, Lorg/dacapo/parser/ConfigFileTokenManager, getNextToken()Lorg/dacapo/parser/Token; >"	"bb125"	[java_type_ref("<Primordial,Ljava/io/IOException>")]
"< Application, Lavrora/gui/AvroraGui, initLookAndFeel()V >"	"bb26"	[java_type_ref("<Primordial,Ljava/lang/ClassNotFoundException>")]
"< Application, Lcck/help/HelpSystem, class$(Ljava/lang/String;)Ljava/lang/Class; >"	"bb3"	[java_type_ref("<Primordial,Ljava/lang/ClassNotFoundException>")]
"< Application, Lavrora/sim/clock/BarrierSynchronizer, removeNode(Lavrora/sim/Simulation$Node;)V >"	"bb31"	[java_type_ref("<Primordial,Ljava/lang/Throwable>")]
"< Application, Lcck/util/Option$Interval, set(Ljava/lang/String;)V >"	"bb22"	[java_type_ref("<Primordial,Ljava/lang/NumberFormatException>")]
"< Application, Lavrora/syntax/objdump/ObjDumpParserTokenManager, getNextToken()Lavrora/syntax/objdump/Token; >"	"bb92"	[java_type_ref("<Primordial,Ljava/io/IOException>")]
"< Application, Lavrora/stack/Analyzer, findMaximalPath(Lavrora/stack/StateCache$State;Ljava/util/HashMap;I)Lavrora/stack/Analyzer$Path; >"	"bb35"	[java_type_ref("<Application,Lavrora/stack/Analyzer$UnboundedStackException>")]
"< Application, Lavrora/test/probes/ProbeParserTokenManager, jjMoveNfa_0(II)I >"	"bb139"	[java_type_ref("<Primordial,Ljava/io/IOException>")]
"< Application, Lavrora/sim/platform/SerialForwarder, <init>(Lavrora/sim/mcu/USART;[Ljava/lang/String;)V >"	"bb13"	[java_type_ref("<Primordial,Ljava/io/IOException>")]
"< Application, Lcck/parser/SimpleCharStream, FillBuff()V >"	"bb49"	[java_type_ref("<Primordial,Ljava/io/IOException>")]
"< Application, Lorg/dacapo/parser/ConfigFileTokenManager, jjMoveStringLiteralDfa3_0(JJ)I >"	"bb8"	[java_type_ref("<Primordial,Ljava/io/IOException>")]
"< Application, Lavrora/syntax/objdump/ObjDumpParserTokenManager, getNextToken()Lavrora/syntax/objdump/Token; >"	"bb6"	[java_type_ref("<Primordial,Ljava/io/IOException>")]
"< Application, Lavrora/test/probes/ProbeParserTokenManager, getNextToken()Lavrora/test/probes/Token; >"	"bb106"	[java_type_ref("<Primordial,Ljava/io/IOException>")]
"< Application, Lorg/dacapo/parser/ConfigFileTokenManager, jjMoveNfa_1(II)I >"	"bb67"	[java_type_ref("<Primordial,Ljava/io/IOException>")]
"< Application, Lorg/apache/commons/cli/CommandLine, getOptionObject(Ljava/lang/String;)Ljava/lang/Object; >"	"bb3"	[java_type_ref("<Application,Lorg/apache/commons/cli/ParseException>")]
"< Application, Lavrora/syntax/objdump/ObjDumpParser, jj_rescan_token()V >"	"bb35"	[java_type_ref("<Application,Lavrora/syntax/objdump/ObjDumpParser$LookaheadSuccess>")]
"< Application, Lorg/dacapo/parser/ConfigFile, <init>(Ljava/io/InputStream;Ljava/lang/String;)V >"	"bb12"	[java_type_ref("<Primordial,Ljava/io/UnsupportedEncodingException>")]
"< Application, Lcck/util/ClassMap, getObjectOfClass(Ljava/lang/String;)Ljava/lang/Object; >"	"bb44"	[java_type_ref("<Primordial,Ljava/lang/IllegalAccessException>")]
"< Application, Lavrora/monitors/EnergyMonitor$Monitor$Logger, newLine()V >"	"bb4"	[java_type_ref("<Primordial,Ljava/io/IOException>")]
"< Application, Lavrora/sim/CodeSegment, getInstr(I)Lavrora/arch/legacy/LegacyInstr; >"	"bb4"	[java_type_ref("<Primordial,Ljava/lang/ArrayIndexOutOfBoundsException>")]
"< Application, Lavrora/actions/SimAction, exitSimulation(Ljava/lang/Throwable;)V >"	"bb8"	[java_type_ref("<Primordial,Ljava/lang/Throwable>")]
"< Application, Lavrora/test/probes/ProbeParserTokenManager, jjMoveStringLiteralDfa3_0(JJ)I >"	"bb8"	[java_type_ref("<Primordial,Ljava/io/IOException>")]
"< Application, Lavrora/gui/AvroraGui, initLookAndFeel()V >"	"bb35"	[java_type_ref("<Primordial,Ljavax/swing/UnsupportedLookAndFeelException>")]
"< Application, Lavrora/syntax/objdump/ObjDumpParser, jj_2_4(I)Z >"	"bb13"	[java_type_ref("<Primordial,Ljava/lang/Throwable>")]
"< Application, Lorg/dacapo/harness/FileDigest, main([Ljava/lang/String;)V >"	"bb47"	[java_type_ref("<Primordial,Ljava/io/FileNotFoundException>")]
"< Application, Lcck/test/TestEngine, runTest(Ljava/lang/String;)Lcck/test/TestCase; >"	"bb5"	[java_type_ref("<Primordial,Ljava/lang/Throwable>")]
"< Application, Lorg/dacapo/parser/ConfigFileTokenManager, jjMoveStringLiteralDfa1_2(J)I >"	"bb5"	[java_type_ref("<Primordial,Ljava/io/IOException>")]
"< Application, Lorg/dacapo/parser/Config$1, <clinit>()V >"	"bb15"	[java_type_ref("<Primordial,Ljava/lang/NoSuchFieldError>")]
"< Application, LMMTkHarness, harnessBegin()V >"	"bb5"	[java_type_ref("<Primordial,Ljava/lang/Exception>")]
"< Application, Lavrora/arch/legacy/LegacyDisassembler, disassembleLegacy([BII)Lavrora/arch/legacy/LegacyInstr; >"	"bb10"	[java_type_ref("<Application,Lavrora/arch/legacy/LegacyInstr$InvalidImmediate>")]
"< Application, Lavrora/monitors/CallMonitor$Mon, push(IILjava/lang/String;II)V >"	"bb22"	[java_type_ref("<Primordial,Ljava/lang/Throwable>")]
"< Application, Lavrora/sim/radio/noise, parseLine(Ljava/lang/String;)V >"	"bb13"	[java_type_ref("<Primordial,Ljava/util/NoSuchElementException>")]
"< Application, Lorg/apache/commons/cli/Option, clone()Ljava/lang/Object; >"	"bb8"	[java_type_ref("<Primordial,Ljava/lang/CloneNotSupportedException>")]
"< Application, Lavrora/sim/radio/Medium$Receiver, earliestNewTransmission(J)Lavrora/sim/radio/Medium$Transmission; >"	"bb35"	[java_type_ref("<Primordial,Ljava/lang/Throwable>")]
"< Application, Lorg/dacapo/harness/Benchmark, validate(Ljava/lang/String;)Z >"	"bb92"	[java_type_ref("<Primordial,Ljava/io/FileNotFoundException>")]
"< Application, Lorg/dacapo/parser/ConfigFileTokenManager, jjMoveStringLiteralDfa4_0(JJ)I >"	"bb8"	[java_type_ref("<Primordial,Ljava/io/IOException>")]
"< Application, Lavrora/sim/platform/SPIForwarder, <init>(Lavrora/sim/mcu/SPI;IIZ)V >"	"bb46"	[java_type_ref("<Primordial,Ljava/io/IOException>")]
"< Application, Lcck/text/Columnifier, class$(Ljava/lang/String;)Ljava/lang/Class; >"	"bb3"	[java_type_ref("<Primordial,Ljava/lang/ClassNotFoundException>")]
"< Application, Lorg/dacapo/harness/ChordHarness, findClass()Ljava/lang/Class; >"	"bb5"	[java_type_ref("<Primordial,Ljava/lang/ClassNotFoundException>")]
"< Application, Lavrora/test/probes/ProbeParserTokenManager, jjMoveStringLiteralDfa2_0(JJ)I >"	"bb8"	[java_type_ref("<Primordial,Ljava/io/IOException>")]
"< Application, Lorg/dacapo/harness/Matcher, <clinit>()V >"	"bb6"	[java_type_ref("<Primordial,Ljava/io/FileNotFoundException>")]
"< Application, Lorg/apache/commons/cli/Parser, processProperties(Ljava/util/Properties;)V >"	"bb24"	[java_type_ref("<Primordial,Ljava/lang/RuntimeException>")]
"< Application, Lavrora/syntax/Module, simplify(Lavrora/syntax/Item;)V >"	"bb21"	[java_type_ref("<Application,Lavrora/arch/legacy/LegacyInstr$InvalidRegister>")]
"< Application, Lavrora/syntax/objdump/ObjDumpParserTokenManager, jjMoveStringLiteralDfa2_0(JJJJJJ)I >"	"bb8"	[java_type_ref("<Primordial,Ljava/io/IOException>")]
"< Application, Lavrora/syntax/atmel/AtmelParserTokenManager, jjMoveStringLiteralDfa6_0(JJJJ)I >"	"bb8"	[java_type_ref("<Primordial,Ljava/io/IOException>")]
"< Application, Lavrora/sim/radio/Medium$Receiver, getIntersection(J)Ljava/util/List; >"	"bb22"	[java_type_ref("<Primordial,Ljava/lang/Throwable>")]
"< Application, Lavrora/sim/platform/SerialForwarder, receiveFrame(Lavrora/sim/mcu/USART$Frame;)V >"	"bb5"	[java_type_ref("<Primordial,Ljava/io/IOException>")]
"< Application, LMMTkHarness, <init>()V >"	"bb11"	[java_type_ref("<Primordial,Ljava/lang/ClassNotFoundException>")]
"< Application, Lavrora/sim/platform/SPIForwarder$SFTicker, fire()V >"	"bb13"	[java_type_ref("<Primordial,Ljava/io/IOException>")]
"< Application, Lavrora/actions/SimAction, report(Ljava/lang/Throwable;)V >"	"bb31"	[java_type_ref("<Application,Lavrora/actions/SimAction$TimeoutException>")]
"< Application, Lavrora/gui/AvroraGui$PaintThread, run()V >"	"bb28"	[java_type_ref("<Primordial,Ljava/lang/InterruptedException>")]
"< Application, Lorg/dacapo/parser/ConfigFileTokenManager, getNextToken()Lorg/dacapo/parser/Token; >"	"bb115"	[java_type_ref("<Primordial,Ljava/io/IOException>")]
"< Application, Lavrora/sim/Segment, set(IB)V >"	"bb3"	[java_type_ref("<Primordial,Ljava/lang/ArrayIndexOutOfBoundsException>")]
"< Application, Lavrora/syntax/Module, simplify(Lavrora/syntax/Item;)V >"	"bb30"	[java_type_ref("<Application,Lavrora/arch/legacy/LegacyInstr$RegisterRequired>")]
"< Application, Lorg/dacapo/parser/ConfigFileTokenManager, jjMoveStringLiteralDfa5_0(JJ)I >"	"bb8"	[java_type_ref("<Primordial,Ljava/io/IOException>")]
"< Application, Lavrora/syntax/atmel/AtmelParserTokenManager, jjStartNfaWithStates_0(III)I >"	"bb7"	[java_type_ref("<Primordial,Ljava/io/IOException>")]
"< Application, Lorg/dacapo/parser/ConfigFileTokenManager, jjMoveStringLiteralDfa7_0(JJ)I >"	"bb8"	[java_type_ref("<Primordial,Ljava/io/IOException>")]
"< Application, Lorg/dacapo/parser/ConfigFileTokenManager, jjMoveNfa_0(II)I >"	"bb193"	[java_type_ref("<Primordial,Ljava/io/IOException>")]
"< Application, Lavrora/gui/GraphNumbers, recordNumber(I)V >"	"bb6"	[java_type_ref("<Primordial,Ljava/lang/Throwable>")]
"< Application, Lavrora/syntax/objdump/ObjDumpParser, jj_2_7(I)Z >"	"bb11"	[java_type_ref("<Application,Lavrora/syntax/objdump/ObjDumpParser$LookaheadSuccess>")]
"< Application, Lorg/dacapo/harness/Benchmark, validate(Ljava/lang/String;)Z >"	"bb99"	[java_type_ref("<Primordial,Ljava/io/IOException>")]
"< Application, Lavrora/sim/SimulatorThread, run()V >"	"bb39"	[java_type_ref("<Primordial,Ljava/lang/Throwable>")]
"< Application, Lavrora/syntax/atmel/AtmelParserTokenManager, jjMoveStringLiteralDfa5_0(JJJJJJ)I >"	"bb8"	[java_type_ref("<Primordial,Ljava/io/IOException>")]
"< Application, LMMTkHarness, <init>()V >"	"bb13"	[java_type_ref("<Primordial,Ljava/lang/NoSuchMethodException>")]
"< Application, Lavrora/test/probes/ProbeParserTokenManager, getNextToken()Lavrora/test/probes/Token; >"	"bb96"	[java_type_ref("<Primordial,Ljava/io/IOException>")]
"< Application, Lorg/dacapo/parser/ConfigFile, ReInit(Ljava/io/InputStream;Ljava/lang/String;)V >"	"bb4"	[java_type_ref("<Primordial,Ljava/io/UnsupportedEncodingException>")]
"< Application, Lavrora/stack/Analyzer, findMaximalPath()V >"	"bb8"	[java_type_ref("<Application,Lavrora/stack/Analyzer$UnboundedStackException>")]
"< Application, Lorg/apache/commons/cli/TypeHandler, createObject(Ljava/lang/String;)Ljava/lang/Object; >"	"bb13"	[java_type_ref("<Primordial,Ljava/lang/Exception>")]
"< Application, Lavrora/sim/clock/RippleSynchronizer, class$(Ljava/lang/String;)Ljava/lang/Class; >"	"bb3"	[java_type_ref("<Primordial,Ljava/lang/ClassNotFoundException>")]
"< Application, Lavrora/actions/ELFDumpAction, run([Ljava/lang/String;)V >"	"bb21"	[java_type_ref("<Application,Lcck/elf/ELFHeader$FormatError>")]
"< Application, Lavrora/test/sim/SimTestHarness, class$(Ljava/lang/String;)Ljava/lang/Class; >"	"bb3"	[java_type_ref("<Primordial,Ljava/lang/ClassNotFoundException>")]
"< Application, Lorg/dacapo/harness/Benchmark, validate(Ljava/lang/String;)Z >"	"bb45"	[java_type_ref("<Primordial,Ljava/io/IOException>")]
"< Application, Lorg/dacapo/parser/Config, parse(Ljava/io/File;)Lorg/dacapo/parser/Config; >"	"bb5"	[java_type_ref("<Primordial,Ljava/io/FileNotFoundException>")]
"< Application, Lavrora/sim/radio/Topology, parseLine(Ljava/lang/String;)V >"	"bb17"	[java_type_ref("<Primordial,Ljava/util/NoSuchElementException>")]
"< Application, Lavrora/syntax/objdump/ObjDumpParserTokenManager, jjMoveStringLiteralDfa6_0(JJJJ)I >"	"bb8"	[java_type_ref("<Primordial,Ljava/io/IOException>")]
"< Application, Lavrora/sim/clock/RippleSynchronizer, removeNode(Lavrora/sim/Simulation$Node;)V >"	"bb15"	[java_type_ref("<Primordial,Ljava/lang/Throwable>")]
"< Application, Lorg/dacapo/parser/ConfigFileTokenManager, jjMoveStringLiteralDfa1_0(J)I >"	"bb5"	[java_type_ref("<Primordial,Ljava/io/IOException>")]
"< Application, Lorg/dacapo/parser/ConfigFileTokenManager, jjMoveStringLiteralDfa10_0(JJ)I >"	"bb8"	[java_type_ref("<Primordial,Ljava/io/IOException>")]
"< Application, Lavrora/actions/SimAction, run([Ljava/lang/String;)V >"	"bb34"	[java_type_ref("<Primordial,Ljava/lang/Throwable>")]
"< Application, Lavrora/monitors/EnergyMonitor$Monitor$Logger, finish()V >"	"bb7"	[java_type_ref("<Primordial,Ljava/io/IOException>")]
"< Application, Lavrora/actions/RegisterTestAction, class$(Ljava/lang/String;)Ljava/lang/Class; >"	"bb3"	[java_type_ref("<Primordial,Ljava/lang/ClassNotFoundException>")]
"< Application, Lavrora/Main, main([Ljava/lang/String;)V >"	"bb17"	[java_type_ref("<Application,Lcck/util/Util$Error>")]
"< Application, Lorg/dacapo/parser/ConfigFileTokenManager, jjMoveStringLiteralDfa6_0(JJ)I >"	"bb8"	[java_type_ref("<Primordial,Ljava/io/IOException>")]
"< Application, Lorg/apache/commons/cli/OptionBuilder, create(Ljava/lang/String;)Lorg/apache/commons/cli/Option; >"	"bb12"	[java_type_ref("<Primordial,Ljava/lang/Throwable>")]
"< Application, Lcck/test/TestEngine, finishTest(Lcck/test/TestCase;)V >"	"bb16"	[java_type_ref("<Primordial,Ljava/lang/Throwable>")]
"< Application, Lavrora/syntax/objdump/ObjDumpParser, jj_2_3(I)Z >"	"bb11"	[java_type_ref("<Application,Lavrora/syntax/objdump/ObjDumpParser$LookaheadSuccess>")]
"< Application, Lavrora/arch/legacy/LegacyDisassembler, disassembleLegacy([BII)Lavrora/arch/legacy/LegacyInstr; >"	"bb9"	[java_type_ref("<Application,Lavrora/arch/legacy/LegacyDisassembler$InvalidInstruction>")]
"< Application, Lavrora/actions/SimAction, report(Ljava/lang/Throwable;)V >"	"bb73"	[java_type_ref("<Primordial,Ljava/lang/Throwable>")]
"< Application, Lorg/apache/commons/cli/Parser, processArgs(Lorg/apache/commons/cli/Option;Ljava/util/ListIterator;)V >"	"bb15"	[java_type_ref("<Primordial,Ljava/lang/RuntimeException>")]
"< Application, Lorg/dacapo/parser/Config$1, <clinit>()V >"	"bb11"	[java_type_ref("<Primordial,Ljava/lang/NoSuchFieldError>")]
"< Application, Lavrora/sim/util/MemPrint, <init>(IILjava/lang/String;)V >"	"bb12"	[java_type_ref("<Primordial,Ljava/lang/Exception>")]
"< Application, Lavrora/syntax/atmel/AtmelParserTokenManager, jjMoveStringLiteralDfa2_0(JJJJJJ)I >"	"bb8"	[java_type_ref("<Primordial,Ljava/io/IOException>")]
"< Application, Lorg/dacapo/harness/Callback$1, <clinit>()V >"	"bb7"	[java_type_ref("<Primordial,Ljava/lang/NoSuchFieldError>")]
"< Application, Lavrora/sim/radio/RadiusModel, class$(Ljava/lang/String;)Ljava/lang/Class; >"	"bb3"	[java_type_ref("<Primordial,Ljava/lang/ClassNotFoundException>")]
"< Application, Lavrora/syntax/objdump/ObjDumpParser, jj_2_6(I)Z >"	"bb13"	[java_type_ref("<Primordial,Ljava/lang/Throwable>")]
"< Application, Lavrora/test/probes/ProbeParserTokenManager, jjMoveNfa_1(II)I >"	"bb55"	[java_type_ref("<Primordial,Ljava/io/IOException>")]
"< Application, Lavrora/syntax/objdump/ObjDumpParserTokenManager, getNextToken()Lavrora/syntax/objdump/Token; >"	"bb102"	[java_type_ref("<Primordial,Ljava/io/IOException>")]
"< Application, Lorg/dacapo/harness/TeeOutputStream, closeLog()V >"	"bb6"	[java_type_ref("<Primordial,Ljava/io/IOException>")]
"< Application, Lorg/dacapo/harness/TeeOutputStream, version()V >"	"bb19"	[java_type_ref("<Primordial,Ljava/io/IOException>")]
"< Application, Lavrora/test/probes/SimpleCharStream, FillBuff()V >"	"bb49"	[java_type_ref("<Primordial,Ljava/io/IOException>")]
"< Application, Lcck/stat/TimeSequence, class$(Ljava/lang/String;)Ljava/lang/Class; >"	"bb3"	[java_type_ref("<Primordial,Ljava/lang/ClassNotFoundException>")]
"< Application, Lavrora/sim/SimulatorThread, run()V >"	"bb10"	[java_type_ref("<Application,Lavrora/actions/SimAction$TimeoutException>")]
"< Application, Lavrora/actions/SimAction, report(Ljava/lang/Throwable;)V >"	"bb13"	[java_type_ref("<Application,Lavrora/actions/SimAction$BreakPointException>")]
"< Application, Lavrora/sim/util/InterruptScheduler, <init>(Ljava/lang/String;Lavrora/sim/Simulator;)V >"	"bb28"	[java_type_ref("<Primordial,Ljava/io/IOException>")]
"< Application, Lorg/dacapo/parser/ConfigFileTokenManager, jjStartNfaWithStates_0(III)I >"	"bb7"	[java_type_ref("<Primordial,Ljava/io/IOException>")]
"< Application, Lavrora/gui/GraphEvents, internalUpdate()Z >"	"bb16"	[java_type_ref("<Primordial,Ljava/lang/OutOfMemoryError>")]
"< Application, Lorg/dacapo/parser/ConfigFile, main([Ljava/lang/String;)V >"	"bb11"	[java_type_ref("<Primordial,Ljava/io/FileNotFoundException>")]
"< Application, Lavrora/monitors/EnergyMonitor$Monitor$Logger, <init>(Lavrora/monitors/EnergyMonitor$Monitor;)V >"	"bb24"	[java_type_ref("<Primordial,Ljava/io/IOException>")]
"< Application, Lavrora/syntax/Module, simplify(Lavrora/syntax/Item;)V >"	"bb6"	[java_type_ref("<Application,Lavrora/arch/legacy/LegacyInstr$ImmediateRequired>")]
"< Application, Lorg/apache/commons/cli/TypeHandler, createURL(Ljava/lang/String;)Ljava/net/URL; >"	"bb4"	[java_type_ref("<Primordial,Ljava/net/MalformedURLException>")]
"< Application, Lcck/util/Option$Long, set(Ljava/lang/String;)V >"	"bb4"	[java_type_ref("<Primordial,Ljava/lang/Exception>")]
"< Application, Lorg/dacapo/harness/Benchmark, enableValidationReport(Ljava/lang/String;)V >"	"bb8"	[java_type_ref("<Primordial,Ljava/io/IOException>")]
"< Application, Lorg/dacapo/parser/ConfigFile, main([Ljava/lang/String;)V >"	"bb8"	[java_type_ref("<Application,Lorg/dacapo/parser/ParseException>")]
"< Application, Lavrora/syntax/objdump/ObjDumpParserTokenManager, jjMoveStringLiteralDfa1_0(JJJ)I >"	"bb5"	[java_type_ref("<Primordial,Ljava/io/IOException>")]
"< Application, Lavrora/syntax/objdump/ObjDumpParser, jj_2_1(I)Z >"	"bb11"	[java_type_ref("<Application,Lavrora/syntax/objdump/ObjDumpParser$LookaheadSuccess>")]
"< Application, Lavrora/test/sim/SimTestHarness$SimulatorTest, match(Ljava/lang/Throwable;)Lcck/test/TestResult; >"	"bb21"	[java_type_ref("<Application,Lavrora/test/sim/TestExpr$UnknownLabel>")]
"< Application, Lavrora/syntax/objdump/ObjDumpParserTokenManager, jjMoveStringLiteralDfa4_0(JJJJJJ)I >"	"bb8"	[java_type_ref("<Primordial,Ljava/io/IOException>")]
"< Application, Lavrora/test/VirgilRunner, run(III)I >"	"bb16"	[java_type_ref("<Primordial,Ljava/lang/Throwable>")]
"< Application, Lavrora/monitors/CallMonitor$Mon, pop(ILjava/lang/String;I)V >"	"bb24"	[java_type_ref("<Primordial,Ljava/lang/Throwable>")]
"< Application, Lavrora/monitors/GDBServer$GDBMonitor, <init>(Lavrora/monitors/GDBServer;Lavrora/sim/Simulator;I)V >"	"bb19"	[java_type_ref("<Primordial,Ljava/io/IOException>")]
"< Application, Lavrora/syntax/Module, includeFile(Lcck/parser/AbstractToken;)V >"	"bb17"	[java_type_ref("<Primordial,Ljava/io/FileNotFoundException>")]
"< Application, Lorg/dacapo/harness/Benchmark, initialize()V >"	"bb14"	[java_type_ref("<Primordial,Ljava/lang/Throwable>")]
"< Application, Lorg/apache/commons/cli/TypeHandler, createObject(Ljava/lang/String;)Ljava/lang/Object; >"	"bb3"	[java_type_ref("<Primordial,Ljava/lang/ClassNotFoundException>")]
"< Application, Lorg/dacapo/harness/TeeOutputStream, newLog()V >"	"bb6"	[java_type_ref("<Primordial,Ljava/io/FileNotFoundException>")]
"< Application, Lavrora/syntax/objdump/ObjDumpReformatter, cleanCode(Ljava/lang/String;)Ljava/lang/StringBuffer; >"	"bb9"	[java_type_ref("<Primordial,Ljava/io/IOException>")]
"< Application, Lavrora/test/probes/ProbeParserTokenManager, getNextToken()Lavrora/test/probes/Token; >"	"bb6"	[java_type_ref("<Primordial,Ljava/io/IOException>")]
"< Application, Lavrora/syntax/objdump/ObjDumpParser, jj_2_3(I)Z >"	"bb13"	[java_type_ref("<Primordial,Ljava/lang/Throwable>")]
"< Application, Lcck/test/TestEngine, runTest(I)V >"	"bb5"	[java_type_ref("<Primordial,Ljava/io/IOException>")]
"< Application, Lorg/dacapo/harness/Benchmark, validate(Ljava/lang/String;)Z >"	"bb140"	[java_type_ref("<Primordial,Ljava/io/FileNotFoundException>")]
"< Application, Lorg/dacapo/harness/CommandLineArgs, <init>([Ljava/lang/String;)V >"	"bb47"	[java_type_ref("<Application,Lorg/apache/commons/cli/ParseException>")]
"< Application, Lavrora/monitors/SnifferMonitor, class$(Ljava/lang/String;)Ljava/lang/Class; >"	"bb3"	[java_type_ref("<Primordial,Ljava/lang/ClassNotFoundException>")]
"< Application, Lavrora/sim/output/SimPrinter, println(Ljava/lang/String;)V >"	"bb16"	[java_type_ref("<Primordial,Ljava/lang/Throwable>")]
"< Application, Lavrora/sim/CodeSegment, readInstr(I)Lavrora/arch/legacy/LegacyInstr; >"	"bb5"	[java_type_ref("<Primordial,Ljava/lang/ArrayIndexOutOfBoundsException>")]
"< Application, Lavrora/sim/clock/RippleSynchronizer, waitForNeighbors(J)V >"	"bb21"	[java_type_ref("<Primordial,Ljava/lang/Throwable>")]
"< Application, Lavrora/monitors/CallMonitor, class$(Ljava/lang/String;)Ljava/lang/Class; >"	"bb3"	[java_type_ref("<Primordial,Ljava/lang/ClassNotFoundException>")]
"< Application, Lavrora/test/probes/ProbeParserTokenManager, getNextToken()Lavrora/test/probes/Token; >"	"bb25"	[java_type_ref("<Primordial,Ljava/io/IOException>")]
"< Application, Lavrora/gui/ManageSimTime, class$(Ljava/lang/String;)Ljava/lang/Class; >"	"bb3"	[java_type_ref("<Primordial,Ljava/lang/ClassNotFoundException>")]
"< Application, Lcck/util/Arithmetic, class$(Ljava/lang/String;)Ljava/lang/Class; >"	"bb3"	[java_type_ref("<Primordial,Ljava/lang/ClassNotFoundException>")]
"< Application, Lavrora/sim/output/SimPrinter, printBuffer(Ljava/lang/StringBuffer;)V >"	"bb10"	[java_type_ref("<Primordial,Ljava/lang/Throwable>")]
"< Application, Lavrora/actions/SimAction, report(Ljava/lang/Throwable;)V >"	"bb84"	[java_type_ref("<Primordial,Ljava/lang/Throwable>")]
"< Application, Lavrora/gui/GraphNumbers, internalUpdate()Z >"	"bb12"	[java_type_ref("<Primordial,Ljava/lang/Throwable>")]
"< Application, Lavrora/sim/util/MemPrint, fireBeforeWrite(Lavrora/sim/State;IB)V >"	"bb100"	[java_type_ref("<Primordial,Ljava/lang/Throwable>")]
"< Application, Lorg/dacapo/harness/Benchmark, validate(Ljava/lang/String;)Z >"	"bb147"	[java_type_ref("<Primordial,Ljava/io/IOException>")]
"< Application, Lavrora/test/probes/ProbeParserTokenManager, jjMoveStringLiteralDfa1_0(J)I >"	"bb5"	[java_type_ref("<Primordial,Ljava/io/IOException>")]
"< Application, Lavrora/sim/types/SensorSimulation$SensorDataInput, instantiate(Lavrora/sim/platform/Platform;)V >"	"bb27"	[java_type_ref("<Primordial,Ljava/io/IOException>")]
"< Application, Lorg/dacapo/harness/Benchmark, run(Lorg/dacapo/harness/Callback;Ljava/lang/String;)Z >"	"bb20"	[java_type_ref("<Primordial,Ljava/lang/Throwable>")]
"< Application, Lavrora/syntax/objdump/ObjDumpParser, jj_2_1(I)Z >"	"bb13"	[java_type_ref("<Primordial,Ljava/lang/Throwable>")]
"< Application, Lorg/dacapo/parser/Config, parse(Ljava/net/URL;)Lorg/dacapo/parser/Config; >"	"bb4"	[java_type_ref("<Primordial,Ljava/io/IOException>")]
"< Application, Lavrora/monitors/SnifferMonitor$Mon, logfile(Ljava/lang/StringBuffer;)V >"	"bb28"	[java_type_ref("<Primordial,Ljava/lang/Exception>")]
"< Application, Lorg/dacapo/harness/CommandLineArgs, defineCallback()V >"	"bb8"	[java_type_ref("<Primordial,Ljava/lang/Exception>")]
"< Application, Lorg/dacapo/harness/TestHarness, main([Ljava/lang/String;)V >"	"bb70"	[java_type_ref("<Primordial,Ljava/lang/RuntimeException>")]
"< Application, Lavrora/sim/Segment, checked_read(I)B >"	"bb3"	[java_type_ref("<Primordial,Ljava/lang/ArrayIndexOutOfBoundsException>")]
"< Application, Lavrora/gui/SimTimeEvents$PauseEvent, fire()V >"	"bb9"	[java_type_ref("<Primordial,Ljava/lang/Throwable>")]
"< Application, Lavrora/sim/platform/SPIForwarder, exchange(Lavrora/sim/mcu/SPI$Frame;)Lavrora/sim/mcu/SPI$Frame; >"	"bb4"	[java_type_ref("<Primordial,Ljava/io/IOException>")]
"< Application, Lavrora/sim/platform/SerialForwarder, <init>(Lavrora/sim/mcu/USART;Ljava/lang/String;Ljava/lang/String;)V >"	"bb26"	[java_type_ref("<Primordial,Ljava/io/IOException>")]
"< Application, Lavrora/sim/platform/SerialForwarder$SFTicker, fire()V >"	"bb9"	[java_type_ref("<Primordial,Ljava/io/IOException>")]
"< Application, Lavrora/sim/clock/BarrierSynchronizer, waitForNeighbors(J)V >"	"bb17"	[java_type_ref("<Primordial,Ljava/lang/Throwable>")]
"< Application, Lavrora/monitors/GDBServer$GDBMonitor, report()V >"	"bb6"	[java_type_ref("<Primordial,Ljava/io/IOException>")]
"< Application, Lavrora/syntax/atmel/AtmelParserTokenManager, jjMoveStringLiteralDfa3_0(JJJJJJ)I >"	"bb8"	[java_type_ref("<Primordial,Ljava/io/IOException>")]
"< Application, Lcck/test/TestEngine, runAllTests()V >"	"bb34"	[java_type_ref("<Primordial,Ljava/lang/InterruptedException>")]
"< Application, Lcck/test/TestEngine, nextTest()I >"	"bb11"	[java_type_ref("<Primordial,Ljava/lang/Throwable>")]
"< Application, Lorg/dacapo/parser/ConfigFileTokenManager, jjMoveStringLiteralDfa8_0(JJ)I >"	"bb8"	[java_type_ref("<Primordial,Ljava/io/IOException>")]
"< Application, Lavrora/syntax/objdump/ObjDumpParser, jj_2_6(I)Z >"	"bb11"	[java_type_ref("<Application,Lavrora/syntax/objdump/ObjDumpParser$LookaheadSuccess>")]
"< Application, Lavrora/sim/Simulation$Node, processEepromLoad()V >"	"bb33"	[java_type_ref("<Primordial,Ljava/io/IOException>")]
"< Application, Lavrora/syntax/objdump/ObjDumpParser, jj_2_7(I)Z >"	"bb13"	[java_type_ref("<Primordial,Ljava/lang/Throwable>")]
"< Application, LMMTkHarness, <init>()V >"	"bb12"	[java_type_ref("<Primordial,Ljava/lang/SecurityException>")]
"< Application, Lavrora/sim/platform/SerialForwarder, transmitFrame()Lavrora/sim/mcu/USART$Frame; >"	"bb9"	[java_type_ref("<Primordial,Ljava/io/IOException>")]
"< Application, Lorg/dacapo/harness/Benchmark, validate(Ljava/lang/String;)Z >"	"bb44"	[java_type_ref("<Primordial,Ljava/io/FileNotFoundException>")]
"< Application, Lcck/test/TestEngine, runTest(Ljava/lang/String;)Lcck/test/TestCase; >"	"bb9"	[java_type_ref("<Primordial,Ljava/lang/Throwable>")]
"< Application, Lorg/dacapo/harness/Callback$1, <clinit>()V >"	"bb11"	[java_type_ref("<Primordial,Ljava/lang/NoSuchFieldError>")]
"< Application, Lavrora/syntax/atmel/AtmelParserTokenManager, jjMoveStringLiteralDfa7_0(JJ)I >"	"bb8"	[java_type_ref("<Primordial,Ljava/io/IOException>")]
"< Application, Lorg/dacapo/parser/ConfigFileTokenManager, jjMoveStringLiteralDfa2_0(JJ)I >"	"bb8"	[java_type_ref("<Primordial,Ljava/io/IOException>")]
"< Application, Lorg/dacapo/harness/TestHarness, main([Ljava/lang/String;)V >"	"bb147"	[java_type_ref("<Primordial,Ljava/lang/Exception>")]
"< Application, Lavrora/syntax/atmel/AtmelParserTokenManager, getNextToken()Lavrora/syntax/atmel/Token; >"	"bb6"	[java_type_ref("<Primordial,Ljava/io/IOException>")]
"< Application, Lcck/util/Option$Double, set(Ljava/lang/String;)V >"	"bb4"	[java_type_ref("<Primordial,Ljava/lang/Exception>")]
"< Application, Lorg/dacapo/harness/ChordHarness, main([Ljava/lang/String;)V >"	"bb147"	[java_type_ref("<Primordial,Ljava/lang/Exception>")]
"< Application, Lavrora/sim/clock/BarrierSynchronizer, waitForNeighbors(J)V >"	"bb28"	[java_type_ref("<Primordial,Ljava/lang/InterruptedException>")]
"< Application, Lavrora/actions/DisassembleAction, exhaustive(Lavrora/arch/AbstractDisassembler;)V >"	"bb10"	[java_type_ref("<Primordial,Ljava/lang/Exception>")]
"< Application, Lavrora/gui/AvroraGui, initLookAndFeel()V >"	"bb44"	[java_type_ref("<Primordial,Ljava/lang/Exception>")]
"< Application, Lavrora/sim/output/SimPrinter, class$(Ljava/lang/String;)Ljava/lang/Class; >"	"bb3"	[java_type_ref("<Primordial,Ljava/lang/ClassNotFoundException>")]
"< Application, Lavrora/monitors/SnifferMonitor$Mon, fireAfterReceiveEnd(Lavrora/sim/radio/Medium$Receiver;)V >"	"bb20"	[java_type_ref("<Primordial,Ljava/lang/Throwable>")]
"< Application, Lavrora/sim/clock/StepSynchronizer$RunThread, step([I[Lavrora/sim/Simulator;)V >"	"bb12"	[java_type_ref("<Primordial,Ljava/lang/Throwable>")]
"< Application, Lavrora/syntax/objdump/ObjDumpParserTokenManager, jjMoveStringLiteralDfa3_0(JJJJJJ)I >"	"bb8"	[java_type_ref("<Primordial,Ljava/io/IOException>")]
"< Application, Lavrora/sim/clock/BarrierSynchronizer$SynchEvent, fire()V >"	"bb21"	[java_type_ref("<Primordial,Ljava/lang/Throwable>")]
"< Application, Lavrora/actions/SimAction, report(Ljava/lang/Throwable;)V >"	"bb52"	[java_type_ref("<Application,Lavrora/actions/SimAction$AsynchronousExit>")]
"< Application, Lavrora/sim/clock/StepSynchronizer, stop()V >"	"bb9"	[java_type_ref("<Primordial,Ljava/lang/InterruptedException>")]
"< Application, Lorg/dacapo/harness/LatexDescriptions, main([Ljava/lang/String;)V >"	"bb3"	[java_type_ref("<Primordial,Ljava/io/IOException>")]
"< Application, Lavrora/syntax/RawModule, simplify(Lavrora/syntax/Item;)V >"	"bb3"	[java_type_ref("<Primordial,Ljava/lang/Throwable>")]
"< Application, Lavrora/syntax/atmel/AtmelParserTokenManager, getNextToken()Lavrora/syntax/atmel/Token; >"	"bb102"	[java_type_ref("<Primordial,Ljava/io/IOException>")]
"< Application, Lorg/dacapo/harness/TestHarness, findClass()Ljava/lang/Class; >"	"bb5"	[java_type_ref("<Primordial,Ljava/lang/ClassNotFoundException>")]
"< Application, Lorg/dacapo/harness/ChordHarness, main([Ljava/lang/String;)V >"	"bb70"	[java_type_ref("<Primordial,Ljava/lang/RuntimeException>")]
"< Application, Lorg/dacapo/parser/Config, parse(Ljava/io/InputStream;)Lorg/dacapo/parser/Config; >"	"bb5"	[java_type_ref("<Application,Lorg/dacapo/parser/ParseException>")]
"< Application, Lorg/dacapo/harness/FileDigest, main([Ljava/lang/String;)V >"	"bb49"	[java_type_ref("<Primordial,Ljava/io/IOException>")]
"< Application, Lavrora/syntax/atmel/AtmelParserTokenManager, getNextToken()Lavrora/syntax/atmel/Token; >"	"bb92"	[java_type_ref("<Primordial,Ljava/io/IOException>")]
"< Application, Lavrora/syntax/objdump/ObjDumpParserTokenManager, jjStartNfaWithStates_0(III)I >"	"bb7"	[java_type_ref("<Primordial,Ljava/io/IOException>")]
"< Application, Lorg/dacapo/parser/ConfigFileTokenManager, jjMoveStringLiteralDfa11_0(JJ)I >"	"bb8"	[java_type_ref("<Primordial,Ljava/io/IOException>")]
"< Application, Lcck/util/ClassMap, getObjectOfClass(Ljava/lang/String;)Ljava/lang/Object; >"	"bb42"	[java_type_ref("<Primordial,Ljava/lang/InstantiationException>")]
"< Application, Lavrora/syntax/objdump/ObjDumpParser, jj_2_4(I)Z >"	"bb11"	[java_type_ref("<Application,Lavrora/syntax/objdump/ObjDumpParser$LookaheadSuccess>")]
"< Application, Lcck/parser/SimpleCharStream, ExpandBuff(Z)V >"	"bb70"	[java_type_ref("<Primordial,Ljava/lang/Throwable>")]
"< Application, Lavrora/sim/Segment, get(I)B >"	"bb3"	[java_type_ref("<Primordial,Ljava/lang/ArrayIndexOutOfBoundsException>")]
"< Application, Lavrora/sim/SimulatorThread, run()V >"	"bb16"	[java_type_ref("<Application,Lavrora/actions/SimAction$BreakPointException>")]
"< Application, Lavrora/syntax/objdump/ObjDumpParserTokenManager, jjMoveStringLiteralDfa5_0(JJJJJJ)I >"	"bb8"	[java_type_ref("<Primordial,Ljava/io/IOException>")]
"< Application, Lavrora/sim/SimulatorThread, run()V >"	"bb32"	[java_type_ref("<Application,Lcck/util/Util$Error>")]
"< Application, Lorg/dacapo/harness/CommandLineArgs, <init>([Ljava/lang/String;)V >"	"bb56"	[java_type_ref("<Primordial,Ljava/lang/Exception>")]
"< Application, Lorg/dacapo/parser/ConfigFileTokenManager, getNextToken()Lorg/dacapo/parser/Token; >"	"bb28"	[java_type_ref("<Primordial,Ljava/io/IOException>")]
"< Application, Lorg/dacapo/harness/DacapoClassLoader, create(Lorg/dacapo/parser/Config;Ljava/io/File;)Lorg/dacapo/harness/DacapoClassLoader; >"	"bb22"	[java_type_ref("<Primordial,Ljava/lang/Exception>")]
"< Application, Lorg/apache/commons/cli/TypeHandler, createClass(Ljava/lang/String;)Ljava/lang/Class; >"	"bb3"	[java_type_ref("<Primordial,Ljava/lang/ClassNotFoundException>")]
"< Application, Lavrora/syntax/atmel/AtmelParserTokenManager, jjMoveStringLiteralDfa4_0(JJJJJJ)I >"	"bb8"	[java_type_ref("<Primordial,Ljava/io/IOException>")]
"< Application, Lavrora/test/probes/ProbeParserTokenManager, jjMoveStringLiteralDfa6_0(JJ)I >"	"bb8"	[java_type_ref("<Primordial,Ljava/io/IOException>")]
"< Application, Lavrora/sim/clock/BarrierSynchronizer, waitForNeighbors(J)V >"	"bb25"	[java_type_ref("<Primordial,Ljava/lang/Throwable>")]
"< Application, Lavrora/syntax/objdump/ObjDumpParserTokenManager, jjMoveNfa_0(II)I >"	"bb315"	[java_type_ref("<Primordial,Ljava/io/IOException>")]
"< Application, Lavrora/syntax/atmel/AtmelParserTokenManager, jjMoveNfa_1(II)I >"	"bb55"	[java_type_ref("<Primordial,Ljava/io/IOException>")]
"< Application, Lavrora/syntax/atmel/AtmelParserTokenManager, jjMoveNfa_0(II)I >"	"bb226"	[java_type_ref("<Primordial,Ljava/io/IOException>")]
"< Application, Lavrora/sim/util/InterruptScheduler, scheduleNextInterrupt()V >"	"bb55"	[java_type_ref("<Primordial,Ljava/io/IOException>")]
"< Application, Lorg/dacapo/parser/ConfigFileTokenManager, getNextToken()Lorg/dacapo/parser/Token; >"	"bb6"	[java_type_ref("<Primordial,Ljava/io/IOException>")]
"< Application, Lavrora/monitors/GDBServer$GDBMonitor$StartupProbe, fireBefore(Lavrora/sim/State;I)V >"	"bb58"	[java_type_ref("<Primordial,Ljava/io/IOException>")]
"< Application, Lavrora/syntax/objdump/ObjDumpReformatter, cleanCode(Ljava/lang/String;)Ljava/lang/StringBuffer; >"	"bb10"	[java_type_ref("<Primordial,Ljava/lang/Throwable>")]
"< Application, Lorg/apache/commons/cli/TypeHandler, createNumber(Ljava/lang/String;)Ljava/lang/Number; >"	"bb7"	[java_type_ref("<Primordial,Ljava/lang/NumberFormatException>")]
"< Application, Lavrora/sim/mcu/ATMegaClassic, class$(Ljava/lang/String;)Ljava/lang/Class; >"	"bb3"	[java_type_ref("<Primordial,Ljava/lang/ClassNotFoundException>")]
"< Application, Lavrora/syntax/atmel/AtmelParserTokenManager, getNextToken()Lavrora/syntax/atmel/Token; >"	"bb23"	[java_type_ref("<Primordial,Ljava/io/IOException>")]
"< Application, Lavrora/syntax/objdump/ObjDumpParser, jj_2_8(I)Z >"	"bb13"	[java_type_ref("<Primordial,Ljava/lang/Throwable>")]
"< Application, Lavrora/syntax/Expr$StringLiteral, <init>(Lcck/parser/AbstractToken;)V >"	"bb6"	[java_type_ref("<Primordial,Ljava/lang/Exception>")]
"< Application, Lavrora/syntax/objdump/ObjDumpParser, jj_2_5(I)Z >"	"bb13"	[java_type_ref("<Primordial,Ljava/lang/Throwable>")]
"< Application, Lavrora/sim/util/MemPrint, class$(Ljava/lang/String;)Ljava/lang/Class; >"	"bb3"	[java_type_ref("<Primordial,Ljava/lang/ClassNotFoundException>")]
"< Application, Lorg/dacapo/harness/TestHarness, main([Ljava/lang/String;)V >"	"bb16"	[java_type_ref("<Primordial,Ljava/lang/RuntimeException>")]
"< Application, Lcck/util/ClassMap, getObjectOfClass(Ljava/lang/String;)Ljava/lang/Object; >"	"bb12"	[java_type_ref("<Primordial,Ljava/lang/ClassNotFoundException>")]
"< Application, Lorg/dacapo/harness/Digest, create()Ljava/security/MessageDigest; >"	"bb3"	[java_type_ref("<Primordial,Ljava/security/NoSuchAlgorithmException>")]
"< Application, Lorg/dacapo/harness/TestHarness, <init>(Ljava/io/InputStream;)V >"	"bb22"	[java_type_ref("<Primordial,Ljava/lang/Exception>")]
"< Application, Lavrora/gui/SimTimeEvents$PauseEvent, unpause()V >"	"bb8"	[java_type_ref("<Primordial,Ljava/lang/Throwable>")]
"< Application, Lavrora/syntax/objdump/ObjDumpParser, jj_2_2(I)Z >"	"bb13"	[java_type_ref("<Primordial,Ljava/lang/Throwable>")]
"< Application, Lavrora/sim/mcu/ATMegaTimer, class$(Ljava/lang/String;)Ljava/lang/Class; >"	"bb3"	[java_type_ref("<Primordial,Ljava/lang/ClassNotFoundException>")]
"< Application, Lcck/test/TestEngine, runAllTests()V >"	"bb30"	[java_type_ref("<Primordial,Ljava/lang/Throwable>")]
"< Application, Lavrora/test/probes/ProbeParserTokenManager, jjMoveStringLiteralDfa5_0(JJ)I >"	"bb8"	[java_type_ref("<Primordial,Ljava/io/IOException>")]
"< Application, LMMTkHarness, harnessEnd()V >"	"bb5"	[java_type_ref("<Primordial,Ljava/lang/Exception>")]
"< Application, Lavrora/syntax/objdump/ObjDumpParser, jj_2_8(I)Z >"	"bb11"	[java_type_ref("<Application,Lavrora/syntax/objdump/ObjDumpParser$LookaheadSuccess>")]
"< Application, Lavrora/sim/util/MemPrint, printToFile(Ljava/lang/String;)V >"	"bb9"	[java_type_ref("<Primordial,Ljava/lang/Exception>")]
"< Application, Lavrora/syntax/elf/ELFParser, read([Ljava/lang/String;)Lavrora/core/Program; >"	"bb14"	[java_type_ref("<Application,Lcck/elf/ELFHeader$FormatError>")]
"< Application, Lcck/test/TestEngine, readTestCase(Ljava/lang/String;)Lcck/test/TestCase; >"	"bb39"	[java_type_ref("<Primordial,Ljava/lang/Throwable>")]
"< Application, Lavrora/Main, main([Ljava/lang/String;)V >"	"bb19"	[java_type_ref("<Primordial,Ljava/lang/Exception>")]
