"< Application, Lcck/test/TestEngine, <clinit>()V >"
"< Application, Lavrora/sim/radio/noise, <clinit>()V >"
"< Application, Lavrora/sim/mcu/ATMega169, <clinit>()V >"
"< Application, Lavrora/syntax/atmel/AtmelParser, <clinit>()V >"
"< Application, Lavrora/Version, <clinit>()V >"
"< Application, Lavrora/arch/legacy/LegacyInstr$TST, <clinit>()V >"
"< Application, Lcck/help/HelpSystem, <clinit>()V >"
"< Application, Lavrora/arch/legacy/LegacyInstr$NEG, <clinit>()V >"
"< Application, Lavrora/arch/legacy/LegacyInstr$SEN, <clinit>()V >"
"< Application, Lavrora/arch/legacy/LegacyInstr$ICALL, <clinit>()V >"
"< Application, Lcck/stat/TimeSequence, <clinit>()V >"
"< Application, Lavrora/arch/legacy/LegacyInstr$AND, <clinit>()V >"
"< Application, Lavrora/arch/msp430/MSP430Symbol$GPR, <clinit>()V >"
"< Application, Lavrora/arch/legacy/LegacyInstr$LPMPI, <clinit>()V >"
"< Application, Lavrora/test/sim/SimTestHarness, <clinit>()V >"
"< Application, Lavrora/arch/legacy/LegacyInstr$POP, <clinit>()V >"
"< Application, Lavrora/arch/msp430/MSP430Architecture, <clinit>()V >"
"< Application, Lavrora/arch/legacy/LegacyInstr$BSET, <clinit>()V >"
"< Application, Lavrora/actions/NewSimAction, <clinit>()V >"
"< Application, Lavrora/test/probes/ProbeParser, <clinit>()V >"
"< Application, Lavrora/arch/avr/AVRSymbol$YZ, <clinit>()V >"
"< Application, Lavrora/arch/legacy/LegacyInstr$INC, <clinit>()V >"
"< Application, Lavrora/arch/legacy/LegacyInstr$SBIS, <clinit>()V >"
"< Application, Lavrora/sim/radio/Medium, <clinit>()V >"
"< Application, Lavrora/sim/clock/RippleSynchronizer, <clinit>()V >"
"< Application, Lavrora/arch/legacy/LegacyInstr$BRHC, <clinit>()V >"
"< Application, Lavrora/test/probes/ProbeParserConstants, <clinit>()V >"
"< Application, Lavrora/arch/avr/AVRSymbol$EGPR, <clinit>()V >"
"< Application, Lavrora/syntax/atmel/AtmelParserTokenManager, <clinit>()V >"
"< Application, Lavrora/arch/legacy/LegacyInstr$CPSE, <clinit>()V >"
"< Application, Lavrora/arch/legacy/LegacyInstr$SBRC, <clinit>()V >"
"< Application, Lavrora/arch/legacy/LegacyInstr$SEI, <clinit>()V >"
"< Application, Lavrora/arch/msp430/mcu/F1611, <clinit>()V >"
"< Application, Lavrora/arch/legacy/LegacyInstr$SBRS, <clinit>()V >"
"< Application, Lavrora/arch/legacy/LegacyInstr$EIJMP, <clinit>()V >"
"< Application, Lavrora/arch/legacy/LegacyInstr$LPM, <clinit>()V >"
"< Application, Lavrora/arch/legacy/LegacyInstr$SET, <clinit>()V >"
"< Application, Lavrora/arch/legacy/LegacyInstr$MOV, <clinit>()V >"
"< Application, Lorg/dacapo/harness/CommandLineArgs$Methodology, <clinit>()V >"
"< Application, Lavrora/arch/legacy/LegacyInstr$SWAP, <clinit>()V >"
"< Application, Lavrora/arch/legacy/LegacyInstr$BRTS, <clinit>()V >"
"< Application, Lcck/text/StringUtil, <clinit>()V >"
"< Application, Lorg/dacapo/harness/Callback, <clinit>()V >"
"< Application, Lavrora/stack/AbstractState, <clinit>()V >"
"< Application, Lavrora/arch/legacy/LegacyInstr$BRLT, <clinit>()V >"
"< Application, Lavrora/arch/legacy/LegacyInstr$CBI, <clinit>()V >"
"< Application, Lavrora/arch/legacy/LegacyInstr$LDPI, <clinit>()V >"
"< Application, Lavrora/arch/legacy/LegacyInstr$LD, <clinit>()V >"
"< Application, Lavrora/sim/radio/RadioEnergy, <clinit>()V >"
"< Application, Lcck/util/VersionTag, <clinit>()V >"
"< Application, Lavrora/sim/mcu/ATMegaTimer$FixedTop, <clinit>()V >"
"< Application, Lorg/dacapo/harness/Callback$Mode, <clinit>()V >"
"< Application, Lcck/text/Columnifier, <clinit>()V >"
"< Application, Lavrora/arch/legacy/LegacyInstr$ELPMPI, <clinit>()V >"
"< Application, Lavrora/sim/platform/sensors/LightSensor, <clinit>()V >"
"< Application, Lavrora/arch/legacy/LegacyInstr$SBC, <clinit>()V >"
"< Application, Lorg/apache/commons/cli/OptionBuilder, <clinit>()V >"
"< Application, Lcck/util/Arithmetic, <clinit>()V >"
"< Application, Lorg/dacapo/harness/TestHarness, <clinit>()V >"
"< Application, Lcck/text/Status, <clinit>()V >"
"< Application, Lavrora/sim/radio/Medium$Receiver, <clinit>()V >"
"< Application, Lavrora/arch/legacy/LegacyInstr, <clinit>()V >"
"< Application, Lavrora/sim/platform/PinWire, <clinit>()V >"
"< Application, Lavrora/arch/avr/AVRArchitecture, <clinit>()V >"
"< Application, Lavrora/arch/legacy/LegacyInstr$CLI, <clinit>()V >"
"< Application, Lavrora/arch/legacy/LegacyInstr$BRGE, <clinit>()V >"
"< Application, Lavrora/test/probes/ProbeParserTokenManager, <clinit>()V >"
"< Application, Lavrora/sim/platform/sensors/AccelSensor, <clinit>()V >"
"< Application, Lavrora/arch/legacy/LegacyInstr$BCLR, <clinit>()V >"
"< Application, Lavrora/sim/radio/CC1000Radio, <clinit>()V >"
"< Application, Lavrora/arch/legacy/LegacyInstr$BRCS, <clinit>()V >"
"< Application, Lavrora/arch/legacy/LegacyInstr$CLH, <clinit>()V >"
"< Application, Lavrora/arch/avr/AVRSymbol$MGPR, <clinit>()V >"
"< Application, Lavrora/arch/legacy/LegacyInstr$BRMI, <clinit>()V >"
"< Application, Lavrora/arch/legacy/LegacyInstr$FMUL, <clinit>()V >"
"< Application, Lavrora/syntax/Module, <clinit>()V >"
"< Application, Lavrora/arch/legacy/LegacyInstr$SEZ, <clinit>()V >"
"< Application, Lavrora/arch/legacy/LegacyInstr$ANDI, <clinit>()V >"
"< Application, Lavrora/arch/legacy/LegacyInstr$BRCC, <clinit>()V >"
"< Application, Lavrora/arch/legacy/LegacyInstr$SEH, <clinit>()V >"
"< Application, Lavrora/syntax/objdump/ObjDumpParser, <clinit>()V >"
"< Application, Lavrora/arch/legacy/LegacyInstr$BRBC, <clinit>()V >"
"< Application, Lcck/help/HelpCategory, <clinit>()V >"
"< Application, Lavrora/sim/types/SensorSimulation, <clinit>()V >"
"< Application, Lavrora/arch/avr/AVRSymbol$RZ, <clinit>()V >"
"< Application, Lavrora/sim/mcu/ATMega88, <clinit>()V >"
"< Application, Lavrora/arch/legacy/LegacyInstr$ELPMD, <clinit>()V >"
"< Application, Lavrora/arch/msp430/MSP430Disassembler, <clinit>()V >"
"< Application, Lavrora/arch/legacy/LegacyInstr$LSL, <clinit>()V >"
"< Application, Lavrora/sim/mcu/ATMega128, <clinit>()V >"
"< Application, Lavrora/arch/legacy/LegacyInstr$LDPD, <clinit>()V >"
"< Application, Lavrora/arch/avr/AVRSymbol$HGPR, <clinit>()V >"
"< Application, Lcck/Version, <clinit>()V >"
"< Application, Lavrora/arch/legacy/LegacyInstr$SES, <clinit>()V >"
"< Application, Lavrora/arch/legacy/LegacyInstr$ADIW, <clinit>()V >"
"< Application, Lavrora/arch/legacy/LegacyInstr$CLR, <clinit>()V >"
"< Application, Lavrora/arch/legacy/LegacyInstr$ELPM, <clinit>()V >"
"< Application, Lavrora/sim/radio/RadiusModel, <clinit>()V >"
"< Application, Lcck/util/TimeUtil, <clinit>()V >"
"< Application, Lavrora/sim/mcu/ATMegaX8, <clinit>()V >"
"< Application, Lavrora/stack/Analyzer, <clinit>()V >"
"< Application, Lavrora/arch/msp430/MSP430Interpreter, <clinit>()V >"
"< Application, Lavrora/arch/legacy/LegacyInstr$CPC, <clinit>()V >"
"< Application, Lavrora/arch/legacy/LegacyInstr$BRVS, <clinit>()V >"
"< Application, Lavrora/sim/platform/ExternalFlash, <clinit>()V >"
"< Application, Lcck/text/Printer, <clinit>()V >"
"< Application, Lavrora/sim/mcu/ATMegaFamily, <clinit>()V >"
"< Application, Lavrora/monitors/GDBServer, <clinit>()V >"
"< Application, Lavrora/arch/legacy/LegacyInstr$SBCI, <clinit>()V >"
"< Application, Lavrora/arch/avr/AVRDisassembler, <clinit>()V >"
"< Application, Lavrora/sim/radio/LossyModel, <clinit>()V >"
"< Application, Lavrora/arch/legacy/LegacyInstr$SUB, <clinit>()V >"
"< Application, Lavrora/syntax/objdump/ObjDumpParserConstants, <clinit>()V >"
"< Application, Lcck/elf/ELFIdentifier, <clinit>()V >"
"< Application, Lavrora/gui/AvroraGui, <clinit>()V >"
"< Application, Lavrora/arch/legacy/LegacyInstr$ST, <clinit>()V >"
"< Application, Lavrora/actions/RegisterTestAction, <clinit>()V >"
"< Application, Lavrora/sim/mcu/USART, <clinit>()V >"
"< Application, Lavrora/arch/legacy/LegacyInstr$BRLO, <clinit>()V >"
"< Application, Lcck/text/Verbose, <clinit>()V >"
"< Application, Lcck/text/Terminal, <clinit>()V >"
"< Application, Lavrora/arch/legacy/LegacyInstr$JMP, <clinit>()V >"
"< Application, Lavrora/sim/CodeSegment, <clinit>()V >"
"< Application, Lavrora/sim/radio/Medium$Transmission, <clinit>()V >"
"< Application, Lorg/dacapo/harness/CommandLineArgs, <clinit>()V >"
"< Application, Lavrora/arch/legacy/LegacyInstr$BRNE, <clinit>()V >"
"< Application, Lavrora/arch/legacy/LegacyInstr$BRVC, <clinit>()V >"
"< Application, Lavrora/arch/legacy/LegacyInstr$LPMD, <clinit>()V >"
"< Application, Lavrora/arch/legacy/LegacyInstr$SBIW, <clinit>()V >"
"< Application, Lavrora/arch/legacy/LegacyInstr$CLS, <clinit>()V >"
"< Application, Lavrora/arch/legacy/LegacyInstr$SBR, <clinit>()V >"
"< Application, Lorg/dacapo/parser/Config, <clinit>()V >"
"< Application, Lavrora/arch/legacy/LegacyInstr$EICALL, <clinit>()V >"
"< Application, Lavrora/arch/legacy/LegacyInstr$STPI, <clinit>()V >"
"< Application, Lorg/dacapo/harness/Benchmark, <clinit>()V >"
"< Application, Lavrora/gui/GUIDefaults, <clinit>()V >"
"< Application, Lorg/dacapo/harness/Callback$1, <clinit>()V >"
"< Application, Lavrora/arch/legacy/LegacyInstr$FMULSU, <clinit>()V >"
"< Application, Lavrora/arch/legacy/LegacyInstr$CBR, <clinit>()V >"
"< Application, Lorg/dacapo/harness/Matcher, <clinit>()V >"
"< Application, Lavrora/arch/legacy/LegacyInstr$RETI, <clinit>()V >"
"< Application, Lavrora/core/SourceMapping, <clinit>()V >"
"< Application, Lavrora/arch/legacy/LegacyInstr$ROL, <clinit>()V >"
"< Application, Lavrora/arch/legacy/LegacyInstr$SUBI, <clinit>()V >"
"< Application, Lavrora/arch/legacy/LegacyInstr$NOP, <clinit>()V >"
"< Application, Lavrora/sim/clock/SystemClock, <clinit>()V >"
"< Application, Lavrora/stack/isea/ISEState, <clinit>()V >"
"< Application, Lavrora/syntax/atmel/AtmelParserConstants, <clinit>()V >"
"< Application, Lavrora/arch/legacy/LegacyInstr$OR, <clinit>()V >"
"< Application, Lavrora/arch/legacy/LegacyInstr$STPD, <clinit>()V >"
"< Application, Lavrora/arch/avr/AVRState, <clinit>()V >"
"< Application, Lavrora/arch/legacy/LegacyInstr$WDR, <clinit>()V >"
"< Application, Lavrora/arch/legacy/LegacyInstr$ASR, <clinit>()V >"
"< Application, Lavrora/arch/legacy/LegacyInstr$SER, <clinit>()V >"
"< Application, Lavrora/arch/legacy/LegacyRegister, <clinit>()V >"
"< Application, Lorg/dacapo/parser/ConfigFileTokenManager, <clinit>()V >"
"< Application, Lavrora/arch/legacy/LegacyInstr$BREQ, <clinit>()V >"
"< Application, Lavrora/arch/legacy/LegacyInstr$BRID, <clinit>()V >"
"< Application, Lorg/apache/commons/cli/PatternOptionBuilder, <clinit>()V >"
"< Application, Lavrora/arch/avr/AVRSymbol$R0, <clinit>()V >"
"< Application, Lorg/dacapo/parser/ConfigFile, <clinit>()V >"
"< Application, Lavrora/arch/legacy/LegacyInstr$COM, <clinit>()V >"
"< Application, Lcck/parser/mini/Pattern, <clinit>()V >"
"< Application, Lorg/dacapo/harness/LatexDescriptions, <clinit>()V >"
"< Application, Lorg/dacapo/parser/ConfigFileConstants, <clinit>()V >"
"< Application, Lavrora/arch/legacy/LegacyInstr$CLV, <clinit>()V >"
"< Application, Lavrora/arch/legacy/LegacyInstr$ADC, <clinit>()V >"
"< Application, Lavrora/arch/legacy/LegacyArchitecture, <clinit>()V >"
"< Application, Lavrora/actions/CFGAction, <clinit>()V >"
"< Application, Lavrora/sim/mcu/ATMegaClassic, <clinit>()V >"
"< Application, Lavrora/sim/mcu/ATMega16, <clinit>()V >"
"< Application, Lavrora/arch/legacy/LegacyInstr$BRBS, <clinit>()V >"
"< Application, Lavrora/gui/VisualRadioMonitor, <clinit>()V >"
"< Application, Lavrora/arch/legacy/LegacyInstr$CLZ, <clinit>()V >"
"< Application, Lavrora/arch/legacy/LegacyInstr$BRSH, <clinit>()V >"
"< Application, Lavrora/arch/legacy/LegacyInstr$SEV, <clinit>()V >"
"< Application, Lcck/util/Option, <clinit>()V >"
"< Application, Lavrora/arch/legacy/LegacyInstr$MUL, <clinit>()V >"
"< Application, Lcck/text/CharUtil, <clinit>()V >"
"< Application, Lavrora/arch/legacy/LegacyInstr$CPI, <clinit>()V >"
"< Application, Lavrora/arch/legacy/LegacyInstr$CALL, <clinit>()V >"
"< Application, Lorg/dacapo/parser/Config$1, <clinit>()V >"
"< Application, Lavrora/sim/mcu/ATMega128New, <clinit>()V >"
"< Application, Lavrora/arch/legacy/LegacyInstr$MOVW, <clinit>()V >"
"< Application, Lavrora/sim/radio/Medium$TXRX, <clinit>()V >"
"< Application, Lavrora/arch/legacy/LegacyInstr$CLN, <clinit>()V >"
"< Application, Lavrora/arch/legacy/LegacyInstr$LDS, <clinit>()V >"
"< Application, Lavrora/Main, <clinit>()V >"
"< Application, Lavrora/arch/legacy/LegacyInstr$RCALL, <clinit>()V >"
"< Application, Lorg/dacapo/harness/ChordHarness, <clinit>()V >"
"< Application, Lavrora/arch/legacy/LegacyInstr$SLEEP, <clinit>()V >"
"< Application, Lavrora/arch/legacy/LegacyInstr$LDD, <clinit>()V >"
"< Application, Lavrora/arch/legacy/LegacyInstr$PUSH, <clinit>()V >"
"< Application, Lavrora/arch/legacy/LegacyInstr$CP, <clinit>()V >"
"< Application, Lavrora/sim/mcu/RegisterLayout, <clinit>()V >"
"< Application, Lavrora/arch/legacy/LegacyInstr$MULSU, <clinit>()V >"
"< Application, Lavrora/arch/legacy/LegacyInstr$CLC, <clinit>()V >"
"< Application, Lavrora/arch/msp430/MSP430InstrBuilder, <clinit>()V >"
"< Application, Lavrora/arch/avr/AVRInstrBuilder, <clinit>()V >"
"< Application, Lavrora/Defaults, <clinit>()V >"
"< Application, Lavrora/arch/avr/AVRSymbol$RDL, <clinit>()V >"
"< Application, Lavrora/arch/legacy/LegacyInstr$OUT, <clinit>()V >"
"< Application, Lavrora/sim/types/WiredSimulation, <clinit>()V >"
"< Application, Lcck/parser/SourceError, <clinit>()V >"
"< Application, Lavrora/arch/legacy/LegacyInstr$DEC, <clinit>()V >"
"< Application, Lavrora/arch/legacy/LegacyInstr$STD, <clinit>()V >"
"< Application, Lavrora/sim/radio/Medium$BasicArbitrator, <clinit>()V >"
"< Application, Lavrora/arch/legacy/LegacyInstr$SPM, <clinit>()V >"
"< Application, Lavrora/sim/platform/PinConnect, <clinit>()V >"
"< Application, Lavrora/arch/legacy/LegacyInstr$SEC, <clinit>()V >"
"< Application, Lavrora/sim/radio/CC2420Radio, <clinit>()V >"
"< Application, Lavrora/arch/legacy/LegacyInstr$IJMP, <clinit>()V >"
"< Application, Lavrora/arch/legacy/LegacyInstr$BRTC, <clinit>()V >"
"< Application, Lorg/dacapo/parser/Config$ThreadModel, <clinit>()V >"
"< Application, Lavrora/arch/legacy/LegacyInstr$LSR, <clinit>()V >"
"< Application, Lavrora/arch/legacy/LegacyInstr$BRIE, <clinit>()V >"
"< Application, Lavrora/arch/legacy/LegacyDisassembler, <clinit>()V >"
"< Application, Lavrora/sim/radio/Medium$Receiver$Ticker, <clinit>()V >"
"< Application, Lavrora/arch/legacy/LegacyInstr$STS, <clinit>()V >"
"< Application, Lavrora/core/ControlFlowGraph, <clinit>()V >"
"< Application, Lavrora/arch/legacy/LegacyInstr$ROR, <clinit>()V >"
"< Application, Lavrora/arch/avr/AVRSymbol$GPR, <clinit>()V >"
"< Application, Lavrora/arch/legacy/LegacyInstr$CLT, <clinit>()V >"
"< Application, Lavrora/arch/legacy/LegacyInstr$SBIC, <clinit>()V >"
"< Application, Lavrora/sim/mcu/ATMega32, <clinit>()V >"
"< Application, Lavrora/arch/legacy/LegacyInstr$ORI, <clinit>()V >"
"< Application, Lavrora/sim/platform/LED, <clinit>()V >"
"< Application, Lavrora/arch/legacy/LegacyInstr$SBI, <clinit>()V >"
"< Application, Lavrora/gui/TimeScale, <clinit>()V >"
"< Application, Lavrora/arch/legacy/LegacyInstr$BRHS, <clinit>()V >"
"< Application, Lavrora/arch/legacy/LegacyInterpreter, <clinit>()V >"
"< Application, Lavrora/arch/legacy/LegacyInstr$RJMP, <clinit>()V >"
"< Application, Lavrora/arch/legacy/LegacyInstr$FMULS, <clinit>()V >"
"< Application, Lavrora/arch/legacy/LegacyInstr$BLD, <clinit>()V >"
"< Application, Lavrora/arch/legacy/LegacyInstrSet, <clinit>()V >"
"< Application, Lavrora/arch/legacy/LegacyInstr$LDI, <clinit>()V >"
"< Application, Lavrora/sim/mcu/ADC, <clinit>()V >"
"< Application, Lavrora/arch/legacy/LegacyInstr$BREAK, <clinit>()V >"
"< Application, Lavrora/sim/util/SimUtil, <clinit>()V >"
"< Application, Lavrora/arch/legacy/LegacyInstr$BRPL, <clinit>()V >"
"< Application, Lavrora/arch/avr/AVRSymbol$ADR, <clinit>()V >"
"< Application, Lavrora/arch/legacy/LegacyInstr$IN, <clinit>()V >"
"< Application, Lavrora/arch/legacy/LegacyInstr$ADD, <clinit>()V >"
"< Application, Lavrora/syntax/objdump/ObjDumpParserTokenManager, <clinit>()V >"
"< Application, Lavrora/arch/legacy/LegacyInstr$MULS, <clinit>()V >"
"< Application, Lavrora/arch/legacy/LegacyInstr$RET, <clinit>()V >"
"< Application, Lavrora/arch/legacy/LegacyInstr$EOR, <clinit>()V >"
"< Application, Lavrora/sim/mcu/SPI, <clinit>()V >"
"< Application, Lavrora/arch/legacy/LegacyInstr$BST, <clinit>()V >"
"< Application, Lavrora/sim/radio/CC2420Energy, <clinit>()V >"
