"< Application, Lavrora/arch/legacy/LegacyInstr$IMM_class, equals(Ljava/lang/Object;)Z >"	2	4	2	java_type_ref("<Application,Lavrora/arch/legacy/LegacyInstr$IMM_class>")
"< Application, Lavrora/arch/legacy/LegacyInstr$REGIMM_class, equals(Ljava/lang/Object;)Z >"	2	4	2	java_type_ref("<Application,Lavrora/arch/legacy/LegacyInstr$REGIMM_class>")
"< Application, Lavrora/monitors/CallTrace, attachInstructionProbes(Lavrora/sim/Simulator;)V >"	7	12	10	java_type_ref("<Application,Lavrora/arch/legacy/LegacyInstr$CALL>")
"< Application, Lavrora/arch/legacy/LegacyInstr$REGIMMREG_class, equals(Ljava/lang/Object;)Z >"	2	4	2	java_type_ref("<Application,Lavrora/arch/legacy/LegacyInstr$REGIMMREG_class>")
"< Application, Lavrora/stack/Analyzer, findMaximalPath(Lavrora/stack/StateCache$State;Ljava/util/HashMap;I)Lavrora/stack/Analyzer$Path; >"	27	20	19	java_type_ref("<Application,Lavrora/stack/Analyzer$Path>")
"< Application, Lavrora/stack/isea/ISEAbstractState, equals(Ljava/lang/Object;)Z >"	0	4	2	java_type_ref("<Application,Lavrora/stack/isea/ISEAbstractState>")
"< Application, Lavrora/sim/types/SensorSimulation$SensorNode, createNode()V >"	6	10	9	java_type_ref("<Application,Lavrora/sim/radio/CC2420Radio>")
"< Application, Lavrora/arch/legacy/LegacyInstr$IMMIMM_class, equals(Ljava/lang/Object;)Z >"	2	4	2	java_type_ref("<Application,Lavrora/arch/legacy/LegacyInstr$IMMIMM_class>")
"< Application, Lavrora/monitors/StackMonitor$Mon, <init>(Lavrora/monitors/StackMonitor;Lavrora/sim/Simulator;)V >"	50	46	40	java_type_ref("<Application,Lavrora/arch/legacy/LegacyInstr$RETI>")
"< Application, Lavrora/monitors/StackMonitor$Mon, <init>(Lavrora/monitors/StackMonitor;Lavrora/sim/Simulator;)V >"	42	44	40	java_type_ref("<Application,Lavrora/arch/legacy/LegacyInstr$RCALL>")
"< Application, Lavrora/monitors/VirgilMonitor$Mon, <init>(Lavrora/monitors/VirgilMonitor;Lavrora/sim/Simulator;)V >"	22	24	22	java_type_ref("<Application,Lavrora/arch/legacy/LegacyInstr$BREAK>")
"< Application, Lcck/test/TestCase, match(Ljava/lang/Throwable;)Lcck/test/TestResult; >"	10	7	2	java_type_ref("<Application,Lcck/util/Util$InternalError>")
"< Application, Lavrora/gui/ManageSimInput, addOption(Lcck/util/Option;)Ljava/awt/Component; >"	0	4	2	java_type_ref("<Application,Lcck/util/Option$Bool>")
"< Application, Lavrora/sim/CodeSegment, insertProbe(ILavrora/sim/Simulator$Probe;)V >"	1	7	6	java_type_ref("<Application,Lavrora/sim/CodeSegment$ProbedLegacyInstr>")
"< Application, Lavrora/arch/legacy/LegacyInstr$IMMWORD_class, equals(Ljava/lang/Object;)Z >"	2	4	2	java_type_ref("<Application,Lavrora/arch/legacy/LegacyInstr$IMMWORD_class>")
"< Application, Lavrora/core/ControlFlowGraph$Block, equals(Ljava/lang/Object;)Z >"	2	4	2	java_type_ref("<Application,Lavrora/core/ControlFlowGraph$Block>")
"< Application, Lavrora/monitors/LEDMonitor$Mon, <init>(Lavrora/monitors/LEDMonitor;Lavrora/sim/Simulator;)V >"	7	15	14	java_type_ref("<Application,Lavrora/sim/platform/LED$LEDGroup>")
"< Application, Lavrora/monitors/BreakMonitor$Mon, <init>(Lavrora/monitors/BreakMonitor;Lavrora/sim/Simulator;)V >"	22	24	22	java_type_ref("<Application,Lavrora/arch/legacy/LegacyInstr$BREAK>")
"< Application, Lavrora/monitors/StackMonitor$Mon, <init>(Lavrora/monitors/StackMonitor;Lavrora/sim/Simulator;)V >"	34	42	40	java_type_ref("<Application,Lavrora/arch/legacy/LegacyInstr$CALL>")
"< Application, Lavrora/gui/SimMenuBar, checkAndDispatch(Ljava/awt/event/ActionEvent;)Z >"	1	6	5	java_type_ref("<Primordial,Ljavax/swing/JMenuItem>")
"< Application, Lavrora/monitors/CallTrace, attachInstructionProbes(Lavrora/sim/Simulator;)V >"	14	13	10	java_type_ref("<Application,Lavrora/arch/legacy/LegacyInstr$RCALL>")
"< Application, Lavrora/syntax/Item$InitializedData, computeSize(Lavrora/syntax/ExprList;I)I >"	4	9	8	java_type_ref("<Application,Lavrora/syntax/Expr$StringLiteral>")
"< Application, Lavrora/monitors/StackMonitor$Mon, <init>(Lavrora/monitors/StackMonitor;Lavrora/sim/Simulator;)V >"	54	47	40	java_type_ref("<Application,Lavrora/arch/legacy/LegacyInstr$PUSH>")
"< Application, Lavrora/sim/types/SensorSimulation$SensorNode, createNode()V >"	13	12	9	java_type_ref("<Application,Lavrora/sim/radio/CC1000Radio>")
"< Application, Lavrora/core/ProcedureMap, isSharedBetweenProcedures(Lavrora/core/ControlFlowGraph$Block;)Z >"	3	8	6	java_type_ref("<Application,Lavrora/core/ControlFlowGraph$Block>")
"< Application, Lavrora/syntax/Item$InitializedData, simplify()V >"	6	8	7	java_type_ref("<Application,Lavrora/syntax/Expr$StringLiteral>")
"< Application, Lavrora/gui/ManageSimInput, updateOption(Lcck/util/Option;Ljava/lang/Object;)V >"	0	5	2	java_type_ref("<Application,Lcck/util/Option$Bool>")
"< Application, Lavrora/arch/legacy/LegacyInstr$NONE_class, equals(Ljava/lang/Object;)Z >"	2	4	2	java_type_ref("<Application,Lavrora/arch/legacy/LegacyInstr$NONE_class>")
"< Application, Lavrora/sim/CodeSegment, replaceInstr(ILavrora/arch/legacy/LegacyInstr;)V >"	2	8	6	java_type_ref("<Application,Lavrora/sim/CodeSegment$ProbedLegacyInstr>")
"< Application, Lavrora/monitors/CallTrace, attachInstructionProbes(Lavrora/sim/Simulator;)V >"	27	15	10	java_type_ref("<Application,Lavrora/arch/legacy/LegacyInstr$RET>")
"< Application, Lcck/help/ClassMapValueItem, computeHelp()Ljava/lang/String; >"	6	10	7	java_type_ref("<Application,Lcck/help/HelpCategory>")
"< Application, Lavrora/arch/legacy/LegacyInstr$REG_class, equals(Ljava/lang/Object;)Z >"	2	4	2	java_type_ref("<Application,Lavrora/arch/legacy/LegacyInstr$REG_class>")
"< Application, Lavrora/stack/StateCache$State, equals(Ljava/lang/Object;)Z >"	2	4	2	java_type_ref("<Application,Lavrora/stack/StateCache$State>")
"< Application, Lavrora/syntax/Module, simplify(Lavrora/syntax/Item;)V >"	0	5	2	java_type_ref("<Application,Lavrora/syntax/Item$Instruction>")
"< Application, Lavrora/test/ProbeTestHarness$ProbeTestCase, match(Ljava/lang/Throwable;)Lcck/test/TestResult; >"	0	4	2	java_type_ref("<Application,Lavrora/test/probes/ProbeTest$Failure>")
"< Application, Lavrora/sim/Simulation$Node, addMonitors()V >"	18	27	26	java_type_ref("<Application,Lavrora/sim/Simulation$Monitor>")
"< Application, Lavrora/sim/CodeSegment, removeProbe(ILavrora/sim/Simulator$Probe;)V >"	1	7	6	java_type_ref("<Application,Lavrora/sim/CodeSegment$ProbedLegacyInstr>")
"< Application, Lavrora/arch/legacy/LegacyInstr$REGREG_class, equals(Ljava/lang/Object;)Z >"	2	4	2	java_type_ref("<Application,Lavrora/arch/legacy/LegacyInstr$REGREG_class>")
"< Application, Lcck/parser/SourceError, equals(Ljava/lang/Object;)Z >"	2	4	2	java_type_ref("<Primordial,Ljava/lang/String>")
"< Application, Lavrora/monitors/CallTrace, attachInstructionProbes(Lavrora/sim/Simulator;)V >"	33	16	10	java_type_ref("<Application,Lavrora/arch/legacy/LegacyInstr$RETI>")
"< Application, Lcck/test/TestCase$ExpectSourceError, matchError(Ljava/lang/Throwable;)Lcck/test/TestResult; >"	0	4	2	java_type_ref("<Application,Lcck/parser/SourceError>")
"< Application, Lavrora/monitors/PacketMonitor$Mon, <init>(Lavrora/monitors/PacketMonitor;Lavrora/sim/Simulator;)V >"	38	37	14	java_type_ref("<Application,Lavrora/sim/radio/CC2420Radio>")
"< Application, Lavrora/arch/legacy/LegacyInstr$WORD_class, equals(Ljava/lang/Object;)Z >"	2	4	2	java_type_ref("<Application,Lavrora/arch/legacy/LegacyInstr$WORD_class>")
"< Application, Lcck/test/TestCase, match(Ljava/lang/Throwable;)Lcck/test/TestResult; >"	4	5	2	java_type_ref("<Application,Lcck/test/TestEngine$NonTermination>")
"< Application, Lcck/test/TestCase$ExpectSourceError, checkError(Ljava/lang/Throwable;)Lcck/test/TestResult; >"	0	4	2	java_type_ref("<Application,Lcck/parser/SourceError>")
"< Application, Lavrora/core/ProcedureMapBuilder, buildProcedureBlockLists()Ljava/util/HashMap; >"	21	30	28	java_type_ref("<Application,Lavrora/core/ControlFlowGraph$Block>")
"< Application, Lavrora/gui/ManageSimInput, addOption(Lcck/util/Option;)Ljava/awt/Component; >"	48	7	2	java_type_ref("<Application,Lcck/util/Option$Str>")
"< Application, Lavrora/arch/legacy/LegacyInstr$REGREGIMM_class, equals(Ljava/lang/Object;)Z >"	2	4	2	java_type_ref("<Application,Lavrora/arch/legacy/LegacyInstr$REGREGIMM_class>")
"< Application, Lavrora/monitors/StackMonitor$Mon, <init>(Lavrora/monitors/StackMonitor;Lavrora/sim/Simulator;)V >"	58	48	40	java_type_ref("<Application,Lavrora/arch/legacy/LegacyInstr$POP>")
"< Application, Lavrora/test/InterruptTestHarness$InterruptTestCase, match(Ljava/lang/Throwable;)Lcck/test/TestResult; >"	0	4	2	java_type_ref("<Application,Lavrora/test/probes/ProbeTest$Failure>")
"< Application, Lavrora/gui/ManageSimInput, addOption(Lcck/util/Option;)Ljava/awt/Component; >"	13	6	2	java_type_ref("<Application,Lcck/util/Option$Double>")
"< Application, Lavrora/monitors/StackMonitor$Mon, <init>(Lavrora/monitors/StackMonitor;Lavrora/sim/Simulator;)V >"	38	43	40	java_type_ref("<Application,Lavrora/arch/legacy/LegacyInstr$ICALL>")
"< Application, Lavrora/gui/ManageSimInput, updateOption(Lcck/util/Option;Ljava/lang/Object;)V >"	15	8	2	java_type_ref("<Application,Lcck/util/Option$Str>")
"< Application, Lavrora/monitors/IcallMonitor$Mon, <init>(Lavrora/monitors/IcallMonitor;Lavrora/sim/Simulator;)V >"	12	16	14	java_type_ref("<Application,Lavrora/arch/legacy/LegacyInstr$ICALL>")
"< Application, Lavrora/core/SourceMapping$Location, equals(Ljava/lang/Object;)Z >"	2	4	2	java_type_ref("<Application,Lavrora/core/SourceMapping$Location>")
"< Application, Lavrora/core/ProcedureMap, getProcedureContaining(Lavrora/core/ControlFlowGraph$Block;)Lavrora/core/ControlFlowGraph$Block; >"	2	7	6	java_type_ref("<Application,Lavrora/core/ControlFlowGraph$Block>")
"< Application, Lavrora/monitors/PacketMonitor$Mon, <init>(Lavrora/monitors/PacketMonitor;Lavrora/sim/Simulator;)V >"	33	34	14	java_type_ref("<Application,Lavrora/sim/radio/CC1000Radio>")
"< Application, Lavrora/monitors/StackMonitor$Mon, <init>(Lavrora/monitors/StackMonitor;Lavrora/sim/Simulator;)V >"	46	45	40	java_type_ref("<Application,Lavrora/arch/legacy/LegacyInstr$RET>")
"< Application, Lavrora/monitors/CallTrace, attachInstructionProbes(Lavrora/sim/Simulator;)V >"	21	14	10	java_type_ref("<Application,Lavrora/arch/legacy/LegacyInstr$ICALL>")
"< Application, Lavrora/gui/ManageSimInput, updateOption(Lcck/util/Option;Ljava/lang/Object;)V >"	7	7	2	java_type_ref("<Application,Lcck/util/Option$Double>")
"< Application, Lavrora/arch/legacy/LegacyInstr$IMMREG_class, equals(Ljava/lang/Object;)Z >"	2	4	2	java_type_ref("<Application,Lavrora/arch/legacy/LegacyInstr$IMMREG_class>")
