"< Application, Lavrora/syntax/raw/RAWReader, read([Ljava/lang/String;)Lavrora/core/Program; >"	3	8	2
"< Application, Lavrora/core/Program, writeProgramBytes([BI)V >"	1	6	2
"< Application, Lcck/text/Columnifier, printTitle(I[Ljava/lang/String;)V >"	4	9	8
"< Application, Lavrora/sim/mcu/ATMega32, <clinit>()V >"	23	25	24
"< Application, Lavrora/syntax/objdump/ParseException, getMessage()Ljava/lang/String; >"	6	7	6
"< Application, Lavrora/sim/clock/StepSynchronizer, addNode(Lavrora/sim/Simulation$Node;)V >"	4	8	7
"< Application, Lavrora/arch/msp430/MSP430DataSegment, <init>(II[Lavrora/sim/ActiveRegister;Lavrora/arch/msp430/MSP430State;)V >"	4	11	4
"< Application, Lorg/dacapo/harness/FileDigest, main([Ljava/lang/String;)V >"	36	51	1
"< Application, Lavrora/arch/msp430/MSP430Disassembler$DTSortedNode, move(Lavrora/arch/msp430/MSP430Disassembler;I)Lavrora/arch/msp430/MSP430Disassembler$DTNode; >"	8	14	13
"< Application, Lcck/util/Arithmetic, modulus(J[I)[J >"	0	4	2
"< Application, Lorg/dacapo/harness/Benchmark, deleteFiles(Ljava/io/File;Ljava/lang/String;)V >"	4	9	7
"< Application, Lavrora/syntax/atmel/AtmelParser, jj_consume_token(I)Lavrora/syntax/atmel/Token; >"	26	26	25
"< Application, Lcck/elf/ELFStringTable, getString(I)Ljava/lang/String; >"	14	16	15
"< Application, Lavrora/sim/radio/CC1000Radio, <init>(Lavrora/sim/mcu/Microcontroller;J)V >"	15	19	18
"< Application, Lcck/stat/Distribution, expandInterval(II)V >"	6	10	9
"< Application, Lavrora/sim/mcu/ReprogrammableCodeSegment, resetBuffer()V >"	5	8	7
"< Application, Lcck/elf/ELFSectionHeaderTable, read(Ljava/io/RandomAccessFile;)V >"	1	5	4
"< Application, Lavrora/test/probes/ParseException, getMessage()Ljava/lang/String; >"	6	7	6
"< Application, Lavrora/syntax/objdump/ObjDumpProgramReader, read([Ljava/lang/String;)Lavrora/core/Program; >"	0	4	2
"< Application, Lavrora/sim/mcu/RegisterLayout$Field, add(Lavrora/sim/mcu/RegisterLayout$SubField;)V >"	16	19	18
"< Application, Lcck/text/Columnifier, println([Ljava/lang/String;)V >"	2	6	2
"< Application, Lavrora/syntax/atmel/AtmelParser, jj_add_error_token(II)V >"	28	26	25
"< Application, Lavrora/sim/Simulation, getNode(I)Lavrora/sim/Simulation$Node; >"	1	5	4
"< Application, Lavrora/syntax/objdump/ParseException, getMessage()Ljava/lang/String; >"	10	10	9
"< Application, Lavrora/gui/TimeScale, getMaxZoom()I >"	1	4	3
"< Application, Lavrora/sim/Simulation, grow()V >"	6	11	10
"< Application, Lavrora/arch/msp430/MSP430Disassembler, word([BI)I >"	0	5	2
"< Application, Lavrora/sim/state/RegisterUtil$StackedView, <init>([Lavrora/sim/state/RegisterView;)V >"	3	6	2
"< Application, Lorg/dacapo/harness/FileDigest, main([Ljava/lang/String;)V >"	1	5	1
"< Application, Lavrora/sim/types/WiredSimulation, createNodes([Ljava/lang/String;Lavrora/sim/platform/PlatformFactory;)V >"	6	13	2
"< Application, Lcck/elf/ELFLoader, readSymbolTables(Ljava/io/RandomAccessFile;Lcck/elf/ELFHeader;Lcck/elf/ELFSectionHeaderTable;)Ljava/util/List; >"	4	9	8
"< Application, Lavrora/sim/mcu/EEPROM, setContent([B)V >"	1	5	2
"< Application, Lcck/stat/Distribution, printDistribution(Lcck/text/Printer;I[I)V >"	6	10	4
"< Application, Lavrora/sim/AtmelInterpreter, <init>(Lavrora/sim/Simulator;Lavrora/core/Program;Lavrora/arch/avr/AVRProperties;)V >"	50	46	45
"< Application, Lavrora/syntax/objdump/ObjDump2ProgramReader, read([Ljava/lang/String;)Lavrora/core/Program; >"	3	8	2
"< Application, Lavrora/sim/state/ByteFIFO, copyOfRange([BII)[B >"	3	8	6
"< Application, Lavrora/sim/mcu/ATMega88, <clinit>()V >"	20	28	27
"< Application, Lorg/dacapo/harness/TestHarness, coeff_of_var([J)D >"	0	3	1
"< Application, Lavrora/Defaults$AutoProgramReader, read([Ljava/lang/String;)Lavrora/core/Program; >"	0	4	2
"< Application, Lcck/elf/ELFStringTable, read(Ljava/io/RandomAccessFile;)V >"	10	12	11
"< Application, Lavrora/sim/state/RegisterUtil$PermutedView, getWidth()I >"	1	4	3
"< Application, Lorg/dacapo/parser/ParseException, initialise(Lorg/dacapo/parser/Token;[[I[Ljava/lang/String;)Ljava/lang/String; >"	100	147	2
"< Application, Lcck/text/Columnifier, printTitle(I[Ljava/lang/String;)V >"	13	14	3
"< Application, Lcck/stat/StatUtil, sum([I)J >"	1	5	1
"< Application, Lorg/apache/commons/cli/Parser, processProperties(Ljava/util/Properties;)V >"	18	29	28
"< Application, Lavrora/actions/DisassembleAction, disassembleFile(Lavrora/arch/AbstractDisassembler;)V >"	9	16	12
"< Application, Lcck/stat/StatUtil, average([J)D >"	2	6	1
"< Application, Lorg/dacapo/parser/Config, main([Ljava/lang/String;)V >"	1	4	1
"< Application, Lavrora/sim/mcu/RegisterSet, createMultiFieldRegister(Lavrora/sim/mcu/RegisterLayout$RegisterInfo;)Lavrora/sim/mcu/RegisterSet$MultiFieldRegister; >"	1	5	4
"< Application, Lorg/dacapo/parser/Config$1, <clinit>()V >"	1	4	3
"< Application, Lavrora/actions/ELFDumpAction, printSHT(Lcck/elf/ELFSectionHeaderTable;)V >"	6	12	11
"< Application, Lavrora/sim/types/SensorSimulation, createNodes([Ljava/lang/String;Lavrora/sim/platform/PlatformFactory;)V >"	4	11	2
"< Application, Lcck/elf/ELFProgramHeaderTable, read(Ljava/io/RandomAccessFile;)V >"	13	15	14
"< Application, Lavrora/syntax/elf/ELFParser, findLMA(Lcck/elf/ELFSymbolTable$Entry;)I >"	8	12	11
"< Application, Lcck/text/Terminal, <clinit>()V >"	41	54	53
"< Application, Lavrora/syntax/objdump/ParseException, getMessage()Ljava/lang/String; >"	38	42	41
"< Application, Lcck/util/Arithmetic, mult([J[I)J >"	2	8	1
"< Application, Lavrora/arch/legacy/LegacyInstr, need(I[Lavrora/arch/legacy/LegacyOperand;)V >"	3	6	2
"< Application, Lorg/dacapo/parser/Config, preprocessArgs(Ljava/lang/String;Ljava/io/File;)[Ljava/lang/String; >"	1	7	6
"< Application, Lavrora/syntax/atmel/ParseException, getMessage()Ljava/lang/String; >"	14	13	12
"< Application, Lavrora/sim/state/RegisterUtil$PermutedView, getValue()I >"	4	8	7
"< Application, Lavrora/syntax/objdump/ParseException, getMessage()Ljava/lang/String; >"	14	13	12
"< Application, Lavrora/sim/mcu/RegisterLayout, parseSubFields(Ljava/lang/String;ILjava/lang/String;)[Lavrora/sim/mcu/RegisterLayout$SubField; >"	50	52	48
"< Application, Lavrora/actions/GUIAction, run([Ljava/lang/String;)V >"	1	5	2
"< Application, Lavrora/sim/state/ByteFIFO, wrap(I)I >"	1	5	4
"< Application, Lcck/text/StringUtil, stringReplace(Ljava/lang/String;Ljava/util/Properties;[Ljava/lang/String;)Ljava/lang/String; >"	1	6	3
"< Application, Lavrora/syntax/objdump/ObjDumpParser, jj_add_error_token(II)V >"	34	30	29
"< Application, Lavrora/syntax/elf/ELFParser, loadSections(Ljava/io/RandomAccessFile;)Lavrora/core/Program; >"	7	12	11
"< Application, Lavrora/monitors/PacketMonitor$Mon, append(C)V >"	15	17	16
"< Application, Lcck/text/StringUtil, splice([Ljava/lang/String;[Ljava/lang/String;)Ljava/lang/String; >"	3	7	1
"< Application, Lavrora/sim/Simulation$Node, processEepromLoad()V >"	27	37	35
"< Application, Lcck/elf/ELFStringTable, read(Ljava/io/RandomAccessFile;)V >"	14	15	14
"< Application, Lavrora/stack/isea/ISEAbstractState, merge(Lavrora/stack/isea/ISEAbstractState;)V >"	7	8	7
"< Application, Lavrora/sim/radio/CC2420Radio, <clinit>()V >"	257	149	148
"< Application, Lavrora/sim/state/RegisterUtil$StackedView, setValue(I)V >"	2	6	5
"< Application, Lorg/dacapo/harness/CommandLineArgs, extractBenchmarkSet()Ljava/util/List; >"	33	27	26
"< Application, Lavrora/monitors/SerialMonitor, processDeviceConnections()V >"	16	30	16
"< Application, Lavrora/Main, printHelp([Ljava/lang/String;)V >"	8	8	1
"< Application, Lavrora/syntax/objdump/ObjDumpParser, jj_add_error_token(II)V >"	28	26	25
"< Application, Lavrora/sim/mcu/RegisterLayout$Field, add(Lavrora/sim/mcu/RegisterLayout$SubField;)V >"	6	7	6
"< Application, Lorg/dacapo/parser/ParseException, initialise(Lorg/dacapo/parser/Token;[[I[Ljava/lang/String;)Ljava/lang/String; >"	7	14	13
"< Application, Lorg/apache/commons/cli/GnuParser, flatten(Lorg/apache/commons/cli/Options;[Ljava/lang/String;Z)[Ljava/lang/String; >"	51	73	3
"< Application, Lcck/text/Columnifier, <init>([I[I)V >"	3	8	2
"< Application, Lavrora/sim/state/ByteFIFO, peekField(II)[B >"	3	8	7
"< Application, Lavrora/sim/AtmelInterpreter, writeSRAM(ZIB)V >"	4	8	7
"< Application, Lavrora/monitors/MemoryMonitor$Monitor, report()V >"	15	26	23
"< Application, Lavrora/gui/TimeScale, setZoom(I)V >"	4	7	6
"< Application, Lavrora/test/probes/ParseException, getMessage()Ljava/lang/String; >"	111	147	146
"< Application, Lcck/util/Arithmetic, mult([J[I)J >"	4	10	2
"< Application, Lavrora/sim/AtmelInterpreter, insertWatch(Lavrora/sim/Simulator$Watch;I)V >"	3	8	7
"< Application, Lcck/text/StringUtil, splice([Ljava/lang/String;[Ljava/lang/String;)Ljava/lang/String; >"	7	11	2
"< Application, Lavrora/sim/state/ByteFIFO, capacity()I >"	1	4	3
"< Application, Lavrora/sim/state/ByteFIFO, peekField(II)[B >"	35	41	40
"< Application, Lorg/apache/commons/cli/OptionValidator, validateOption(Ljava/lang/String;)V >"	19	10	8
"< Application, Lavrora/syntax/elf/ELFParser, createProgram()Lavrora/core/Program; >"	3	7	6
"< Application, Lavrora/sim/mcu/RegisterSet, createMultiFieldRegister(Lavrora/sim/mcu/RegisterLayout$RegisterInfo;)Lavrora/sim/mcu/RegisterSet$MultiFieldRegister; >"	4	8	6
"< Application, Lavrora/arch/avr/AVRDataSegment, <init>(I[Lavrora/sim/ActiveRegister;Lavrora/sim/State;)V >"	2	10	3
"< Application, Lavrora/syntax/atmel/AtmelParser, jj_add_error_token(II)V >"	30	28	27
"< Application, Lavrora/sim/FiniteStateMachine, setDiagonal([[II)[[I >"	1	5	1
"< Application, Lavrora/syntax/objdump/ObjDumpParser, jj_add_error_token(II)V >"	30	28	27
"< Application, Lavrora/syntax/atmel/AtmelParser, <init>(Lavrora/syntax/atmel/AtmelParserTokenManager;)V >"	27	22	21
"< Application, Lavrora/test/probes/ParseException, getMessage()Ljava/lang/String; >"	10	10	9
"< Application, Lavrora/sim/state/RegisterUtil$PermutedView, setValue(I)V >"	4	9	8
"< Application, Lavrora/sim/mcu/ATMega169, <clinit>()V >"	23	25	24
"< Application, Lcck/stat/Distribution, recomputeMinDistrib(I)V >"	3	7	6
"< Application, Lavrora/arch/msp430/MSP430Disassembler, word([SI)I >"	0	5	2
"< Application, Lcck/stat/Distribution, printDistribution(Lcck/text/Printer;I[I)V >"	47	44	4
"< Application, Lcck/stat/StatUtil, average([I)D >"	2	6	1
"< Application, Lorg/dacapo/parser/SimpleCharStream, ReInit(Ljava/io/Reader;III)V >"	7	12	11
"< Application, Lavrora/monitors/TripTimeMonitor$PointToPointMon, report()V >"	13	23	22
"< Application, Lavrora/sim/Simulation$Iter, next()Ljava/lang/Object; >"	3	6	5
"< Application, Lavrora/syntax/elf/ELFParser, disassembleSection([BLcck/elf/ELFProgramHeaderTable$Entry32;Lavrora/core/Program;)V >"	3	10	2
"< Application, Lcck/text/Columnifier, addColumn(IIZ)V >"	1	7	6
"< Application, Lavrora/sim/state/ByteFIFO, peekField(II)[B >"	42	48	47
"< Application, Lcck/util/Options, parseCommandLine([Ljava/lang/String;)V >"	1	5	2
"< Application, Lavrora/core/Program, writeProgramBytes([BI)V >"	8	14	2
"< Application, Lcck/util/Util, verifyFilesExist([Ljava/lang/String;)Z >"	1	5	1
"< Application, Lavrora/stack/isea/ISEAbstractState, <init>([Lavrora/stack/isea/ISEAbstractState$Element;[BI)V >"	17	21	3
"< Application, Lorg/dacapo/harness/ChordHarness, coeff_of_var([J)D >"	3	7	1
"< Application, Lavrora/sim/types/SingleSimulation, process(Lcck/util/Options;[Ljava/lang/String;)V >"	3	8	3
"< Application, Lavrora/syntax/objdump/ObjDumpProgramReader, read([Ljava/lang/String;)Lavrora/core/Program; >"	3	8	2
"< Application, Lavrora/sim/energy/Energy, getModeNumber()I >"	1	4	3
"< Application, Lcck/text/Columnifier, <init>([I[I)V >"	4	9	3
"< Application, Lorg/dacapo/harness/Benchmark, deleteTree(Ljava/io/File;)V >"	16	22	21
"< Application, Lavrora/syntax/atmel/AtmelProgramReader, read([Ljava/lang/String;)Lavrora/core/Program; >"	0	4	2
"< Application, Lavrora/sim/state/ByteFIFO, peekField(II)[B >"	21	16	15
"< Application, Lavrora/test/probes/ParseException, getMessage()Ljava/lang/String; >"	38	42	41
"< Application, Lorg/dacapo/harness/Matcher, match(C)V >"	15	15	14
"< Application, Lorg/dacapo/parser/Config, print(Ljava/io/PrintStream;)V >"	40	64	50
"< Application, Lavrora/monitors/PacketMonitor$Mon, append(C)V >"	10	10	9
"< Application, Lcck/stat/Distribution, recomputeMinDistrib(I)V >"	8	13	12
"< Application, Lavrora/sim/AtmelInterpreter, <init>(Lavrora/sim/Simulator;Lavrora/core/Program;Lavrora/arch/avr/AVRProperties;)V >"	61	55	54
"< Application, Lavrora/syntax/atmel/AtmelProgramReader, read([Ljava/lang/String;)Lavrora/core/Program; >"	3	8	2
"< Application, Lcck/text/Terminal, <clinit>()V >"	46	57	56
"< Application, Lavrora/stack/isea/ISEState, mergeWithCaller(Lavrora/stack/isea/ISEState;)V >"	2	6	5
"< Application, Lavrora/sim/mcu/ATMega88, <clinit>()V >"	23	31	30
"< Application, Lcck/text/Terminal, print([I[Ljava/lang/String;)V >"	3	6	1
"< Application, Lavrora/monitors/PacketMonitor$Mon, append(C)V >"	6	7	6
"< Application, Lavrora/Defaults$AutoProgramReader, read([Ljava/lang/String;)Lavrora/core/Program; >"	3	8	2
"< Application, Lorg/dacapo/harness/Avrora, prepare(Ljava/lang/String;)V >"	7	11	10
"< Application, Lavrora/syntax/objdump/ObjDumpParser, <init>(Lavrora/syntax/objdump/ObjDumpParserTokenManager;)V >"	30	25	24
"< Application, Lcck/text/Columnifier, <init>([I[I[Z)V >"	9	16	3
"< Application, Lorg/dacapo/harness/Digest, toString([B)Ljava/lang/String; >"	1	4	1
"< Application, Lavrora/gui/GraphEvents$MyVector, add(I)V >"	2	6	5
"< Application, Lavrora/sim/types/WiredSimulation, process(Lcck/util/Options;[Ljava/lang/String;)V >"	3	8	3
"< Application, Lavrora/sim/mcu/ATMega128, <clinit>()V >"	34	34	33
"< Application, Lorg/dacapo/harness/Digest, toString([B)Ljava/lang/String; >"	5	9	1
"< Application, Lavrora/Main, main([Ljava/lang/String;)V >"	9	14	1
"< Application, Lavrora/gui/ManageTopology, removeSelectedNodes()V >"	3	7	5
"< Application, Lavrora/sim/Simulation, grow()V >"	1	4	3
"< Application, Lavrora/sim/mcu/ATMegaFamilyNew$DirectionRegister, write(B)V >"	2	6	5
"< Application, Lcck/stat/Distribution, expandInterval(II)V >"	11	14	13
"< Application, Lavrora/sim/util/MemoryProfiler, fireBeforeWrite(Lavrora/sim/State;IB)V >"	1	7	6
"< Application, Lavrora/sim/mcu/USART$SerialPrinter, transmitFrame()Lavrora/sim/mcu/USART$Frame; >"	6	9	8
"< Application, Lcck/elf/ELFSectionHeaderTable, read(Ljava/io/RandomAccessFile;)V >"	13	15	14
"< Application, Lcck/text/Columnifier, <init>([I[I[Z)V >"	12	18	4
"< Application, Lavrora/syntax/elf/ELFParser, read([Ljava/lang/String;)Lavrora/core/Program; >"	0	4	2
"< Application, Lavrora/sim/mcu/Timer16Bit, flushOCRnx()V >"	2	5	4
"< Application, Lavrora/arch/legacy/LegacyRegister$Set, <init>([Lavrora/arch/legacy/LegacyRegister;)V >"	27	32	2
"< Application, Lavrora/sim/mcu/ATMega128, <clinit>()V >"	37	37	36
"< Application, Lavrora/syntax/elf/ELFParser, read([Ljava/lang/String;)Lavrora/core/Program; >"	3	8	2
"< Application, Lavrora/sim/state/ByteFIFO, peekField(II)[B >"	8	12	11
"< Application, Lorg/dacapo/harness/CommandLineArgs, <init>([Ljava/lang/String;)V >"	3	7	6
"< Application, Lavrora/monitors/LEDMonitor$Mon, fireAfterTransition(II)V >"	7	12	10
"< Application, Lavrora/Main, printHelp([Ljava/lang/String;)V >"	3	6	1
"< Application, Lavrora/sim/energy/Energy, activate()V >"	8	10	9
"< Application, Lavrora/sim/Simulation, createNode(Lavrora/sim/platform/PlatformFactory;Lavrora/core/LoadableProgram;)Lavrora/sim/Simulation$Node; >"	8	13	12
"< Application, Lcck/text/Columnifier, println([Ljava/lang/String;)V >"	4	8	7
"< Application, Lavrora/monitors/CallTreeProfiler$ProfileMonitor, report()V >"	20	22	21
"< Application, Lavrora/actions/ELFDumpAction, printSymbolTable(Lcck/elf/ELFSymbolTable;Lcck/elf/ELFSectionHeaderTable;)V >"	7	15	14
"< Application, Lorg/dacapo/harness/Matcher, matched()Z >"	2	5	4
"< Application, Lavrora/monitors/InterruptMonitor$Mon, report()V >"	13	23	22
"< Application, Lavrora/syntax/atmel/ParseException, getMessage()Ljava/lang/String; >"	6	7	6
"< Application, Lcck/test/TestEngine, reportStatistics([Ljava/util/List;)V >"	3	6	2
"< Application, Lavrora/monitors/ProfileMonitor$Mon, computeInstrProfile()Ljava/util/List; >"	4	7	6
"< Application, Lcck/elf/ELFStringTable, getString(I)Ljava/lang/String; >"	1	5	4
"< Application, Lavrora/sim/mcu/Timer16Bit, tickerStart(I)V >"	4	7	6
"< Application, Lcck/text/Columnifier, <init>([I)V >"	5	7	2
"< Application, Lcck/elf/ELFStringTable, read(Ljava/io/RandomAccessFile;)V >"	1	5	4
"< Application, Lavrora/sim/state/ByteFIFO, wrap(I)I >"	4	7	6
"< Application, Lavrora/sim/util/MemoryProfiler, fireBeforeRead(Lavrora/sim/State;I)V >"	1	6	5
"< Application, Lavrora/sim/mcu/ATMegaFamilyNew$PortRegister, write(B)V >"	2	6	5
"< Application, Lcck/text/Columnifier, <init>([I[I[Z)V >"	2	8	3
"< Application, Lavrora/sim/clock/StepSynchronizer, addNode(Lavrora/sim/Simulation$Node;)V >"	12	17	16
"< Application, Lavrora/syntax/objdump/ObjDump2ProgramReader, read([Ljava/lang/String;)Lavrora/core/Program; >"	0	4	2
"< Application, Lcck/text/Columnifier, <init>([I)V >"	2	5	2
"< Application, Lcck/util/Arithmetic, inc([J[II)V >"	2	7	1
"< Application, Lavrora/sim/state/ByteFIFO, full()Z >"	2	5	4
"< Application, Lorg/dacapo/harness/TestHarness, rmdir(Ljava/io/File;)V >"	3	7	4
"< Application, Lcck/elf/ELFSymbolTable, read(Ljava/io/RandomAccessFile;)V >"	9	13	12
"< Application, Lcck/text/Columnifier, <init>([I[I)V >"	10	10	3
"< Application, Lavrora/sim/mcu/RegisterSet, createSubRegWriter(Lavrora/sim/mcu/RegisterLayout$RegisterInfo;I[Lavrora/sim/mcu/RegisterSet$SubRegWriter;)V >"	19	15	14
"< Application, Lcck/util/Options, parseCommandLine([Ljava/lang/String;)V >"	11	15	2
"< Application, Lavrora/test/probes/ParseException, getMessage()Ljava/lang/String; >"	14	13	12
"< Application, Lavrora/sim/energy/Energy, getTotalConsumedEnergy()D >"	2	6	5
"< Application, Lcck/util/Arithmetic, modulus(J[I)[J >"	3	8	2
"< Application, Lorg/dacapo/harness/AvroraHarness, prepare(Ljava/lang/String;)V >"	7	11	10
"< Application, Lorg/dacapo/parser/ParseException, initialise(Lorg/dacapo/parser/Token;[[I[Ljava/lang/String;)Ljava/lang/String; >"	14	19	18
"< Application, Lavrora/sim/mcu/RegisterLayout$Field, add(Lavrora/sim/mcu/RegisterLayout$SubField;)V >"	11	14	13
"< Application, Lavrora/test/probes/ParseException, getMessage()Ljava/lang/String; >"	19	17	16
"< Application, Lavrora/sim/Simulation, instantiateNodes()V >"	2	5	4
"< Application, Lcck/text/StringUtil, commalist([Ljava/lang/Object;Ljava/lang/StringBuffer;)V >"	1	5	1
"< Application, Lavrora/stack/isea/ISEState, mergeWithCaller(Lavrora/stack/isea/ISEState;)V >"	12	15	14
"< Application, Lcck/text/Terminal, print([I[Ljava/lang/String;)V >"	1	5	2
"< Application, Lcck/elf/ELFIdentifier, getArchitecture(I)Ljava/lang/String; >"	1	4	3
"< Application, Lavrora/syntax/atmel/AtmelParser, jj_add_error_token(II)V >"	34	30	29
"< Application, Lavrora/gui/TimeScale, <clinit>()V >"	54	66	37
"< Application, Lavrora/gui/GraphEvents$MyVector, add(I)V >"	5	8	7
"< Application, Lcck/elf/ELFIdentifier, getDescription(I)Ljava/lang/String; >"	1	4	3
"< Application, Lavrora/syntax/atmel/ParseException, getMessage()Ljava/lang/String; >"	10	10	9
"< Application, Lcck/stat/Distribution, recomputeMaxDistrib(I)V >"	6	12	11
"< Application, Lavrora/syntax/objdump/ParseException, getMessage()Ljava/lang/String; >"	108	145	144
"< Application, Lavrora/sim/radio/Medium$Transmitter$Ticker, fire()V >"	30	19	18
"< Application, Lavrora/gui/TimeScale, setZoom(I)V >"	1	5	4
"< Application, Lavrora/syntax/objdump/ObjDumpParser, jj_consume_token(I)Lavrora/syntax/objdump/Token; >"	26	26	25
"< Application, Lorg/dacapo/parser/ParseException, initialise(Lorg/dacapo/parser/Token;[[I[Ljava/lang/String;)Ljava/lang/String; >"	10	16	15
"< Application, Lcck/stat/Distribution, process()V >"	15	15	14
"< Application, Lavrora/sim/mcu/ATMega16, <clinit>()V >"	23	25	24
"< Application, Lcck/elf/ELFSectionHeaderTable, getSectionName(I)Ljava/lang/String; >"	2	6	5
"< Application, Lavrora/sim/FiniteStateMachine, setCircularTTM([[I[I[I)[[I >"	0	5	1
"< Application, Lcck/text/StringUtil, getStringChars(Ljava/lang/String;)[C >"	2	7	5
"< Application, Lorg/dacapo/harness/Callback$1, <clinit>()V >"	1	4	3
"< Application, Lorg/dacapo/harness/LatexDescriptions, print([Ljava/lang/String;Ljava/io/PrintStream;)V >"	35	51	1
"< Application, Lavrora/stack/isea/ISEAbstractState, equals(Ljava/lang/Object;)Z >"	10	10	9
"< Application, Lavrora/monitors/SerialMonitor, processDeviceConnections()V >"	8	17	16
"< Application, Lavrora/sim/mcu/ATMegaFamilyNew$PinRegister, read()B >"	2	5	4
"< Application, Lavrora/sim/platform/ExternalFlash$Page, debug()V >"	5	8	7
"< Application, Lavrora/gui/TimeScale, <clinit>()V >"	51	63	37
"< Application, Lavrora/sim/mcu/RegisterSet, getSize()I >"	1	4	3
"< Application, Lavrora/sim/Simulation$Node, processEepromLoad()V >"	25	36	35
"< Application, Lorg/dacapo/harness/ChordHarness, coeff_of_var([J)D >"	0	3	1
"< Application, Lcck/elf/ELFLoader, readSHT(Ljava/io/RandomAccessFile;Lcck/elf/ELFHeader;)Lcck/elf/ELFSectionHeaderTable; >"	5	9	8
"< Application, Lavrora/sim/mcu/RegisterSet$MultiFieldRegister, write(B)V >"	3	6	5
"< Application, Lorg/dacapo/harness/DacapoClassLoader, create(Lorg/dacapo/parser/Config;Ljava/io/File;)Lorg/dacapo/harness/DacapoClassLoader; >"	5	13	6
"< Application, Lavrora/stack/isea/ISEAbstractState, print(I)V >"	9	18	17
"< Application, Lavrora/gui/TimeScale, <clinit>()V >"	52	64	52
"< Application, Lcck/stat/Distribution, printDistribution(Lcck/text/Printer;I[I)V >"	0	7	4
"< Application, Lavrora/syntax/elf/ELFParser, addSymbols(Lavrora/core/SourceMapping;Lcck/elf/ELFSymbolTable;Lcck/elf/ELFStringTable;)V >"	2	8	7
"< Application, Lavrora/arch/legacy/LegacyRegister$Set, <init>([Lavrora/arch/legacy/LegacyRegister;)V >"	30	34	2
"< Application, Lavrora/Main, checkFilesExist([Ljava/lang/String;)V >"	1	4	1
"< Application, Lorg/dacapo/harness/LatexDescriptions, print([Ljava/lang/String;Ljava/io/PrintStream;)V >"	3	7	1
"< Application, Lavrora/sim/mcu/ATMega128New, <clinit>()V >"	34	34	33
"< Application, Lcck/text/StringUtil, space(I)Ljava/lang/String; >"	3	5	4
"< Application, Lavrora/sim/FiniteStateMachine, <init>(Lavrora/sim/clock/Clock;I[Ljava/lang/String;I)V >"	10	12	4
"< Application, Lavrora/gui/ManageMonitors, getNodeList()Ljava/util/LinkedList; >"	9	14	12
"< Application, Lavrora/sim/types/SingleSimulation, process(Lcck/util/Options;[Ljava/lang/String;)V >"	6	13	3
"< Application, Lavrora/monitors/SleepMonitor$Mon, report()V >"	18	30	29
"< Application, Lavrora/sim/mcu/ATMega169, <clinit>()V >"	26	28	27
"< Application, Lorg/dacapo/harness/Callback, init(Lorg/dacapo/parser/Config;)V >"	32	30	29
"< Application, Lavrora/actions/ELFDumpAction, printPHT(Lcck/elf/ELFProgramHeaderTable;)V >"	6	12	11
"< Application, Lavrora/monitors/ProfileMonitor$Mon, reportProfile()V >"	1	4	3
"< Application, Lavrora/stack/isea/ISEAbstractState, <init>([Lavrora/stack/isea/ISEAbstractState$Element;[BI)V >"	5	10	2
"< Application, Lavrora/sim/types/SensorSimulation, process(Lcck/util/Options;[Ljava/lang/String;)V >"	3	8	3
"< Application, Lavrora/arch/legacy/LegacyRegister$Set, <init>([Lavrora/arch/legacy/LegacyRegister;)V >"	23	27	2
"< Application, Lcck/util/Arithmetic, inc([J[II)V >"	4	10	2
"< Application, Lavrora/sim/state/RegisterUtil$StackedView, getValue()I >"	2	5	4
"< Application, Lavrora/monitors/LEDMonitor$Mon, <init>(Lavrora/monitors/LEDMonitor;Lavrora/sim/Simulator;)V >"	14	20	19
"< Application, Lavrora/test/VirgilRunner, main([Ljava/lang/String;)V >"	0	3	1
"< Application, Lavrora/sim/mcu/ATMega32, <clinit>()V >"	26	28	27
"< Application, Lorg/dacapo/harness/Benchmark, preIteration(Ljava/lang/String;)V >"	8	13	9
"< Application, Lcck/stat/StatUtil, sum([J)J >"	1	5	1
"< Application, Lavrora/sim/state/ByteFIFO, peekField(II)[B >"	26	20	19
"< Application, Lavrora/arch/msp430/MSP430Disassembler, word([CI)I >"	0	5	2
"< Application, Lorg/apache/commons/cli/GnuParser, flatten(Lorg/apache/commons/cli/Options;[Ljava/lang/String;Z)[Ljava/lang/String; >"	3	9	3
"< Application, Lavrora/arch/legacy/LegacyRegister$Set, <init>([Lavrora/arch/legacy/LegacyRegister;)V >"	17	22	2
"< Application, Lavrora/stack/isea/ISEAbstractState, <init>([Lavrora/stack/isea/ISEAbstractState$Element;[BI)V >"	1	7	2
"< Application, Lcck/stat/Distribution, expandInterval(II)V >"	17	21	20
"< Application, Lavrora/monitors/ProfileMonitor$Mon, reportProfile()V >"	25	35	34
"< Application, Lavrora/syntax/atmel/ParseException, getMessage()Ljava/lang/String; >"	38	42	41
"< Application, Lavrora/syntax/objdump/ParseException, getMessage()Ljava/lang/String; >"	19	17	16
"< Application, Lavrora/arch/legacy/LegacyDisassembler, getReg([Lavrora/arch/legacy/LegacyRegister;I)Lavrora/arch/legacy/LegacyRegister; >"	1	6	2
"< Application, Lavrora/sim/mcu/ATMega16, <clinit>()V >"	26	28	27
"< Application, Lavrora/sim/AtmelInterpreter, readSRAM(ZI)B >"	4	7	6
"< Application, Lorg/dacapo/harness/TestHarness, coeff_of_var([J)D >"	3	7	1
"< Application, Lavrora/syntax/Item$Instruction, simplify()V >"	7	8	7
"< Application, Lcck/util/Arithmetic, mult([J[I)J >"	10	11	1
"< Application, Lcck/text/Columnifier, <init>([I[I[Z)V >"	11	17	3
"< Application, Lavrora/gui/GraphEvents$MyVector, add(I)V >"	10	15	14
"< Application, Lorg/dacapo/parser/ParseException, initialise(Lorg/dacapo/parser/Token;[[I[Ljava/lang/String;)Ljava/lang/String; >"	25	33	32
"< Application, Lcck/util/Arithmetic, getBitField(I[I)I >"	1	5	2
"< Application, Lavrora/sim/mcu/ATMegaFamilyNew, buildInterruptRange(ZLjava/lang/String;Ljava/lang/String;II)Lavrora/sim/mcu/ATMegaFamilyNew$FlagRegister; >"	16	19	9
"< Application, Lorg/dacapo/harness/FileDigest, getText(Ljava/io/File;ZLjava/io/File;)[B >"	26	47	46
"< Application, Lavrora/syntax/atmel/ParseException, getMessage()Ljava/lang/String; >"	19	17	16
"< Application, Lavrora/monitors/GDBServer$GDBMonitor, sendPacket(Ljava/lang/String;)V >"	2	7	5
"< Application, Lavrora/arch/legacy/LegacyInstr, need(I[Lavrora/arch/legacy/LegacyOperand;)V >"	0	4	2
"< Application, Lavrora/actions/CFGAction, colorize(Lavrora/core/ControlFlowGraph$Block;)Ljava/lang/String; >"	11	16	15
"< Application, Lavrora/sim/clock/StepSynchronizer, addNode(Lavrora/sim/Simulation$Node;)V >"	7	10	9
"< Application, Lavrora/gui/TimeScale, <clinit>()V >"	48	60	37
"< Application, Lorg/dacapo/harness/ChordHarness, rmdir(Ljava/io/File;)V >"	3	7	4
"< Application, Lcck/stat/Distribution, expandInterval(II)V >"	25	28	27
"< Application, Lavrora/sim/Simulation$Iter, scan()V >"	3	6	5
"< Application, Lcck/util/Arithmetic, mult([J[I)J >"	21	23	1
"< Application, Lavrora/gui/TimeScale, zoomin()V >"	2	5	4
"< Application, Lavrora/test/probes/SimpleCharStream, ReInit(Ljava/io/Reader;III)V >"	7	12	11
"< Application, Lorg/dacapo/parser/ParseException, initialise(Lorg/dacapo/parser/Token;[[I[Ljava/lang/String;)Ljava/lang/String; >"	4	12	2
"< Application, Lcck/text/StringUtil, stringReplace(Ljava/lang/String;Ljava/util/Properties;[Ljava/lang/Object;)Ljava/lang/String; >"	1	6	3
"< Application, Lcck/text/Columnifier, println([Ljava/lang/String;)V >"	13	13	2
"< Application, Lorg/dacapo/harness/Matcher, match(C)V >"	48	23	22
"< Application, Lorg/dacapo/parser/Config, preprocessArgs(Ljava/lang/String;Ljava/io/File;)[Ljava/lang/String; >"	4	10	6
"< Application, Lavrora/sim/FiniteStateMachine, <init>(Lavrora/sim/clock/Clock;I[Ljava/lang/String;[[I)V >"	10	12	4
"< Application, Lorg/dacapo/harness/DacapoClassLoader, getJars(Lorg/dacapo/parser/Config;Ljava/io/File;)[Ljava/net/URL; >"	15	21	20
"< Application, Lcck/elf/ELFProgramHeaderTable, read(Ljava/io/RandomAccessFile;)V >"	1	5	4
"< Application, Lavrora/sim/Simulation$Iter, hasNext()Z >"	3	6	5
"< Application, Lavrora/actions/DisassembleAction, disassembleArguments([Ljava/lang/String;[BLavrora/arch/AbstractDisassembler;)V >"	4	11	2
"< Application, Lcck/test/TestEngine, initTests([Ljava/lang/String;)V >"	2	5	2
"< Application, Lavrora/sim/mcu/ATMega128New, <clinit>()V >"	37	37	36
"< Application, Lavrora/sim/radio/Medium$Transmitter$Ticker, fire()V >"	44	33	32
"< Application, Lavrora/monitors/CallTreeProfiler$ProfileMonitor, <init>(Lavrora/monitors/CallTreeProfiler;Lavrora/sim/Simulator;)V >"	31	36	35
"< Application, Lavrora/syntax/atmel/ParseException, getMessage()Ljava/lang/String; >"	108	145	144
"< Application, Lavrora/arch/legacy/LegacyRegister$Set, <init>([Lavrora/arch/legacy/LegacyRegister;)V >"	7	11	2
"< Application, Lavrora/monitors/SPIMonitor, processSocketConnections()V >"	8	17	16
"< Application, Lavrora/arch/legacy/LegacyRegister$Set, <init>([Lavrora/arch/legacy/LegacyRegister;)V >"	2	7	2
"< Application, Lcck/text/Columnifier, printTitle(I[Ljava/lang/String;)V >"	2	7	3
"< Application, Lavrora/sim/radio/CC1000Radio, <clinit>()V >"	3	5	4
"< Application, Lcck/util/TimeUtil, appendSecs(Ljava/lang/StringBuffer;J)V >"	3	8	6
"< Application, Lavrora/sim/energy/Energy, activate()V >"	3	6	5
"< Application, Lcck/text/Columnifier, <init>([I[I[Z)V >"	8	15	12
"< Application, Lavrora/monitors/SerialMonitor, processSocketConnections()V >"	8	17	16
"< Application, Lavrora/syntax/raw/RAWReader, read([Ljava/lang/String;)Lavrora/core/Program; >"	0	4	2
"< Application, Lcck/util/Arithmetic, inc([J[II)V >"	10	11	1
"< Application, Lavrora/arch/legacy/LegacyRegister$Set, <init>([Lavrora/arch/legacy/LegacyRegister;)V >"	34	39	2
"< Application, Lavrora/arch/avr/AVRDisassembler$DTSortedNode, move(Lavrora/arch/avr/AVRDisassembler;I)Lavrora/arch/avr/AVRDisassembler$DTNode; >"	8	14	13
"< Application, Lavrora/sim/radio/Medium$Transmitter$Ticker, fire()V >"	35	23	22
"< Application, Lorg/dacapo/harness/LatexDescriptions, print([Ljava/lang/String;Ljava/io/PrintStream;)V >"	22	33	32
"< Application, Lcck/text/StringUtil, splice([Ljava/lang/String;[Ljava/lang/String;)Ljava/lang/String; >"	14	18	2
"< Application, Lorg/dacapo/harness/Benchmark, prepareJars()V >"	29	40	39
"< Application, Lorg/dacapo/harness/LatexDescriptions, print([Ljava/lang/String;Ljava/io/PrintStream;)V >"	0	4	1
"< Application, Lavrora/actions/NewSimAction, run([Ljava/lang/String;)V >"	0	4	2
"< Application, Lavrora/sim/mcu/DefaultMCU, getPin(I)Lavrora/sim/mcu/Microcontroller$Pin; >"	2	6	5
"< Application, Lavrora/actions/DisassembleAction, disassembleArguments([Ljava/lang/String;[BLavrora/arch/AbstractDisassembler;)V >"	0	6	2
