"< Application, Lorg/dacapo/harness/Benchmark, run(Lorg/dacapo/harness/Callback;Ljava/lang/String;)Z >"	27	27
"< Application, Lavrora/test/probes/ProbeParserTokenManager, getNextToken()Lavrora/test/probes/Token; >"	170	146
"< Application, Lavrora/sim/CodeSegment$ProbedLegacyInstr, build(I[Lavrora/arch/legacy/LegacyOperand;)Lavrora/arch/legacy/LegacyInstr; >"	1	7
"< Application, Lavrora/syntax/atmel/AtmelParser, OpcodeLPM()Lavrora/syntax/atmel/Token; >"	17	14
"< Application, Lorg/dacapo/parser/ConfigFileTokenManager, SwitchTo(I)V >"	10	6
"< Application, Lavrora/syntax/objdump/ObjDumpParser, jj_consume_token(I)Lavrora/syntax/objdump/Token; >"	45	17
"< Application, Lorg/dacapo/harness/CommandLineArgs, makeOption(Ljava/lang/String;Ljava/lang/String;Ljava/lang/String;Ljava/lang/String;)Lorg/apache/commons/cli/Option; >"	5	16
"< Application, Lavrora/sim/radio/Medium$TXRX, <init>(Lavrora/sim/radio/Medium;Lavrora/sim/clock/Clock;)V >"	13	25
"< Application, Lavrora/sim/clock/RippleSynchronizer, waitFor(JLavrora/sim/clock/RippleSynchronizer$WaitLink;)V >"	12	22
"< Application, Lcck/util/Arithmetic, inc([J[II)V >"	8	21
"< Application, Lcck/parser/SimpleCharStream, ExpandBuff(Z)V >"	88	78
"< Application, Lavrora/gui/MonitorPanel, clear()V >"	1	4
"< Application, Lavrora/sim/platform/SPIForwarder, nextFrame()Lavrora/sim/mcu/SPI$Frame; >"	14	14
"< Application, Lavrora/monitors/EnergyMonitor$Monitor$Logger, newLine()V >"	5	7
"< Application, Lavrora/stack/Analyzer$MonitorThread, run()V >"	18	19
"< Application, Lcck/util/Util, enforce(ZLjava/lang/String;)V >"	3	5
"< Application, Lorg/dacapo/harness/Benchmark, extractFileResource(Ljava/lang/String;Ljava/io/File;)V >"	22	34
"< Application, Lavrora/sim/clock/BarrierSynchronizer, synch(J)V >"	1	5
"< Application, Lavrora/syntax/objdump/ObjDumpParser, jj_2_3(I)Z >"	15	7
"< Application, Lavrora/stack/Analyzer, findMaximalPath(Lavrora/stack/StateCache$State;Ljava/util/HashMap;I)Lavrora/stack/Analyzer$Path; >"	23	67
"< Application, Lavrora/sim/radio/Medium$Receiver, getIntersection(J)Ljava/util/List; >"	23	25
"< Application, Lcck/test/TestEngine, runAllTests()V >"	41	36
"< Application, Lavrora/sim/radio/Medium$Receiver, earliestNewTransmission(J)Lavrora/sim/radio/Medium$Transmission; >"	45	45
"< Application, Lavrora/gui/GraphEvents, addToVector(II)V >"	9	9
"< Application, Lorg/dacapo/parser/ConfigFileTokenManager, getNextToken()Lorg/dacapo/parser/Token; >"	187	154
"< Application, Lavrora/sim/clock/ClockDomain, getClock(Ljava/lang/String;)Lavrora/sim/clock/Clock; >"	12	9
"< Application, Lavrora/monitors/SimpleBatteryMonitor, <init>()V >"	2	5
"< Application, Lavrora/syntax/Expr$Func, evaluate(ILavrora/syntax/Context;)I >"	65	61
"< Application, Lavrora/sim/mcu/MCUProperties, getPin(Ljava/lang/String;)I >"	12	11
"< Application, Lavrora/arch/msp430/MSP430Interpreter, step()I >"	1	4
"< Application, Lorg/apache/commons/cli/TypeHandler, createFiles(Ljava/lang/String;)[Ljava/io/File; >"	2	3
"< Application, Lcck/util/Arithmetic, class$(Ljava/lang/String;)Ljava/lang/Class; >"	6	9
"< Application, Lavrora/monitors/TraceMonitor$Mon, addPairs()V >"	17	43
"< Application, Lcck/parser/ErrorReporter, error(Ljava/lang/String;Lcck/parser/SourcePoint;Ljava/lang/String;Ljava/lang/String;Ljava/lang/String;Ljava/lang/String;)V >"	6	14
"< Application, Lavrora/sim/radio/RadiusModel, class$(Ljava/lang/String;)Ljava/lang/Class; >"	6	9
"< Application, Lavrora/gui/GraphNumbers, internalUpdate()Z >"	13	17
"< Application, Lavrora/monitors/GDBServer$GDBMonitor, report()V >"	12	18
"< Application, Lavrora/syntax/objdump/ObjDumpReformatter, cleanCode(Ljava/lang/String;)Ljava/lang/StringBuffer; >"	9	15
"< Application, Lavrora/syntax/Expr$UnOp, evaluate(ILavrora/syntax/Context;)I >"	27	31
"< Application, Lavrora/test/probes/SimpleCharStream, FillBuff()V >"	60	37
"< Application, Lavrora/sim/radio/RadiusModel, mergeTransmissions(Lavrora/sim/radio/Medium$Receiver;Ljava/util/List;JI)C >"	33	40
"< Application, Lavrora/stack/StateTransitionGraph, setExplored(Lavrora/stack/StateCache$State;)V >"	9	25
"< Application, Lavrora/syntax/atmel/AtmelParser, ShiftExpr()Lavrora/syntax/Expr; >"	31	36
"< Application, Lcck/elf/ELFProgramHeaderTable, <init>(Lcck/elf/ELFHeader;)V >"	4	12
"< Application, Lavrora/syntax/objdump/ObjDumpParser, InstrLoad()V >"	23	14
"< Application, Lavrora/arch/msp430/MSP430State, getIOReg(I)C >"	1	5
"< Application, Lavrora/syntax/objdump/ObjDumpParser, OpcodeGPRIMM()Lavrora/syntax/objdump/Token; >"	39	14
"< Application, Lavrora/actions/SimAction, report(Ljava/lang/Throwable;)V >"	4	2
"< Application, Lavrora/sim/CodeSegment$NoLegacyInstr, accept(Lavrora/arch/legacy/LegacyInstrVisitor;)V >"	6	4
"< Application, Lavrora/monitors/CallMonitor$Mon, push(IILjava/lang/String;II)V >"	26	33
"< Application, Lcck/parser/mini/CharStream, consume()C >"	1	4
"< Application, Lavrora/arch/avr/AVRInstrInterpreter, $read_poly_uint16(Lavrora/arch/avr/AVROperand;)I >"	18	7
"< Application, Lavrora/sim/mcu/ATMegaTimer, class$(Ljava/lang/String;)Ljava/lang/Class; >"	6	9
"< Application, Lavrora/syntax/atmel/AtmelParser, InstrStore()V >"	19	14
"< Application, Lavrora/syntax/atmel/AtmelParser, OpcodeIMMIMM()Lavrora/syntax/atmel/Token; >"	25	14
"< Application, Lavrora/sim/types/SensorSimulation$SensorNode, createRadioModel()V >"	40	40
"< Application, Lavrora/sim/clock/RippleSynchronizer, waitForLink(Lavrora/sim/clock/RippleSynchronizer$WaitLink;)V >"	6	11
"< Application, Lavrora/syntax/SyntacticOperand$Register, getRegister()Lavrora/arch/legacy/LegacyRegister; >"	9	17
"< Application, Lavrora/syntax/objdump/ObjDumpParser, jj_scan_token(I)Z >"	46	34
"< Application, Lavrora/sim/radio/Medium$BasicArbitrator, mergeTransmissions(Lavrora/sim/radio/Medium$Receiver;Ljava/util/List;JI)C >"	6	36
"< Application, Lavrora/sim/mcu/ReprogrammableCodeSegment$DisassembleLegacyInstr, accept(Lavrora/arch/legacy/LegacyInstrVisitor;)V >"	15	31
"< Application, Lavrora/sim/radio/Medium$Receiver, isChannelClear(II)Z >"	20	114
"< Application, Lavrora/sim/platform/SerialForwarder, <init>(Lavrora/sim/mcu/USART;Ljava/lang/String;Ljava/lang/String;)V >"	27	29
"< Application, Lavrora/monitors/EnergyMonitor$Monitor$Logger, <init>(Lavrora/monitors/EnergyMonitor$Monitor;)V >"	25	31
"< Application, Lavrora/syntax/objdump/ObjDumpParser, Item()V >"	24	25
"< Application, Lavrora/sim/radio/noise, parseLine(Ljava/lang/String;)V >"	15	31
"< Application, Lcck/stat/Distribution, merge(Lcck/stat/MinMaxMean;)Lcck/stat/MinMaxMean; >"	1	5
"< Application, Lavrora/sim/clock/BarrierSynchronizer$SynchEvent, fire()V >"	34	25
"< Application, Lavrora/sim/radio/LossyModel, mergeTransmissions(Lavrora/sim/radio/Medium$Receiver;Ljava/util/List;JI)C >"	33	40
"< Application, Lavrora/syntax/atmel/AtmelParser, OpcodeGPR()Lavrora/syntax/atmel/Token; >"	43	14
"< Application, Lavrora/syntax/atmel/AtmelParser, DataDirective()V >"	19	14
"< Application, Lavrora/arch/legacy/LegacyInstr, WORD(Lavrora/arch/legacy/LegacyOperand;)I >"	4	8
"< Application, Lavrora/syntax/objdump/ObjDumpParser, OpcodeGPR()Lavrora/syntax/objdump/Token; >"	43	14
"< Application, Lavrora/syntax/SyntacticOperand$Expr, getValueAsWord()I >"	9	21
"< Application, Lavrora/core/ProgramReader, addIndirectEdges(Lavrora/core/Program;)V >"	16	45
"< Application, Lavrora/test/sim/StateAccessor, set(Ljava/lang/String;I)V >"	10	21
"< Application, Lorg/apache/commons/cli/Option, add(Ljava/lang/String;)V >"	9	15
"< Application, Lavrora/syntax/objdump/ObjDumpParser, jj_2_7(I)Z >"	15	7
"< Application, Lorg/dacapo/parser/Config, setThreadLimit(Ljava/lang/String;I)V >"	8	16
"< Application, Lavrora/stack/AbstractInterpreter, readInstr(I)Lavrora/arch/legacy/LegacyInstr; >"	10	36
"< Application, Lavrora/sim/platform/SerialForwarder, transmitFrame()Lavrora/sim/mcu/USART$Frame; >"	10	11
"< Application, Lcck/test/TestEngine, runAllTests()V >"	46	39
"< Application, Lavrora/sim/clock/BarrierSynchronizer, waitForNeighbors(J)V >"	27	20
"< Application, Lavrora/core/Program, checkAddress(I)V >"	11	18
"< Application, Lavrora/syntax/atmel/AtmelParser, InstrLoad()V >"	23	14
"< Application, Lavrora/stack/isea/ISEAbstractState, merge(Lavrora/stack/isea/ISEAbstractState;)V >"	4	43
"< Application, Lavrora/arch/legacy/LegacyDisassembler, getReg([Lavrora/arch/legacy/LegacyRegister;I)Lavrora/arch/legacy/LegacyRegister; >"	14	9
"< Application, Lavrora/sim/Segment, get(I)B >"	5	7
"< Application, Lavrora/syntax/atmel/AtmelParser, SegDirective()V >"	25	14
"< Application, Lorg/apache/commons/cli/Parser, processArgs(Lorg/apache/commons/cli/Option;Ljava/util/ListIterator;)V >"	24	32
"< Application, Lavrora/syntax/atmel/AtmelParser, Term()Lavrora/syntax/Expr; >"	27	14
"< Application, Lavrora/arch/msp430/MSP430Interpreter, insertWatch(Lavrora/sim/Simulator$Watch;I)V >"	1	6
"< Application, Lavrora/syntax/atmel/AtmelParser, OpcodeGPRGPR()Lavrora/syntax/atmel/Token; >"	49	14
"< Application, Lavrora/sim/Simulation, stopNode(I)V >"	4	7
"< Application, Lcck/util/Util, userError(Ljava/lang/String;Ljava/lang/String;)V >"	2	4
"< Application, Lavrora/sim/util/InterruptScheduler, scheduleNextInterrupt()V >"	16	81
"< Application, Lavrora/sim/clock/Synchronizer$Single, start()V >"	3	12
"< Application, Lavrora/sim/CodeSegment$NoLegacyInstr, build(I[Lavrora/arch/legacy/LegacyOperand;)Lavrora/arch/legacy/LegacyInstr; >"	1	7
"< Application, Lavrora/sim/clock/SystemClock, removeEvent(Lavrora/sim/Simulator$Event;)V >"	1	5
"< Application, Lavrora/sim/clock/StepSynchronizer$RunThread, pause()V >"	1	4
"< Application, Lorg/dacapo/harness/Benchmark, initialize()V >"	21	19
"< Application, Lorg/dacapo/parser/ConfigFile, threadModel()Lorg/dacapo/parser/Config$ThreadModel; >"	22	14
"< Application, Lcck/text/Columnifier, <init>([I[I)V >"	8	12
"< Application, Lcck/parser/mini/CharStream, getPosition(Lcck/parser/mini/CharStream$Position;I)Lcck/parser/mini/CharStream$Position; >"	1	6
"< Application, Lavrora/test/sim/StateAccessor, get(Ljava/lang/String;)I >"	10	21
"< Application, Lavrora/sim/clock/RippleSynchronizer, waitForNeighbors(J)V >"	24	25
"< Application, Lavrora/stack/isea/ISEInterpreter, visit(Lavrora/arch/legacy/LegacyInstr$EICALL;)V >"	1	5
"< Application, Lorg/dacapo/parser/ConfigFile, <init>(Ljava/io/InputStream;Ljava/lang/String;)V >"	14	15
"< Application, Lavrora/sim/clock/DerivedClock, <init>(Ljava/lang/String;Lavrora/sim/clock/Clock;J)V >"	6	17
"< Application, Lorg/apache/commons/cli/OptionValidator, validateOption(Ljava/lang/String;)V >"	33	16
"< Application, Lavrora/syntax/objdump/ObjDumpParser, RawData()V >"	19	18
"< Application, Lavrora/sim/clock/Synchronizer$Single, addNode(Lavrora/sim/Simulation$Node;)V >"	3	8
"< Application, Lavrora/syntax/atmel/AtmelParser, jj_consume_token(I)Lavrora/syntax/atmel/Token; >"	45	17
"< Application, Lavrora/sim/mcu/RegisterSet$Field, set(I)V >"	1	5
"< Application, Lavrora/arch/msp430/MSP430InstrBuilder, checkValue(III)I >"	4	5
"< Application, Lavrora/arch/legacy/LegacyArchitecture, getParser()Lavrora/arch/AbstractParser; >"	1	4
"< Application, Lavrora/syntax/atmel/AtmelParser, EqExpr()Lavrora/syntax/Expr; >"	31	36
"< Application, Lavrora/syntax/objdump/ObjDumpParserTokenManager, getNextToken()Lavrora/syntax/objdump/Token; >"	166	146
"< Application, Lavrora/stack/Analyzer, findMaximalPath(Lavrora/stack/StateCache$State;Ljava/util/HashMap;I)Lavrora/stack/Analyzer$Path; >"	46	57
"< Application, Lavrora/sim/AtmelInterpreter, <init>(Lavrora/sim/Simulator;Lavrora/core/Program;Lavrora/arch/avr/AVRProperties;)V >"	28	108
"< Application, Lavrora/core/LoadableProgram, getProgram()Lavrora/core/Program; >"	10	20
"< Application, Lcck/parser/ErrorReporter, error(Ljava/lang/String;Lcck/parser/SourcePoint;Ljava/lang/String;Ljava/lang/String;Ljava/lang/String;)V >"	5	12
"< Application, Lavrora/syntax/objdump/ObjDumpParser, InstrStore()V >"	19	14
"< Application, Lorg/dacapo/parser/Config, getThreadCount(Ljava/lang/String;)I >"	20	10
"< Application, Lavrora/syntax/atmel/AtmelParser, Instruction()V >"	33	14
"< Application, Lavrora/syntax/Expr$BinOp, evaluate(ILavrora/syntax/Context;)I >"	111	76
"< Application, Lavrora/stack/Analyzer$ContextSensitivePolicy, indirectJump(Lavrora/stack/MutableState;CC)Lavrora/stack/MutableState; >"	12	36
"< Application, Lorg/dacapo/parser/Config, setJar(Ljava/lang/String;)V >"	4	6
"< Application, Lavrora/gui/AvroraGui, createImageIcon(Ljava/lang/String;)Ljavax/swing/ImageIcon; >"	15	24
"< Application, Lavrora/test/sim/PredicateParser, readTerm(Ljava/text/CharacterIterator;)Lavrora/test/sim/TestExpr; >"	36	13
"< Application, Lavrora/arch/msp430/MSP430Architecture, getParser()Lavrora/arch/AbstractParser; >"	1	4
"< Application, Lorg/apache/commons/cli/HelpFormatter, printHelp(Ljava/io/PrintWriter;ILjava/lang/String;Ljava/lang/String;Lorg/apache/commons/cli/Options;IILjava/lang/String;Z)V >"	5	29
"< Application, Lcck/parser/SimpleCharStream, FillBuff()V >"	60	37
"< Application, Lorg/dacapo/parser/ConfigFile, configOption(Lorg/dacapo/parser/Config;)V >"	28	15
"< Application, Lavrora/monitors/EnergyMonitor$Monitor$Logger, write(Ljava/lang/String;)V >"	5	8
"< Application, Lcck/util/ClassMap, getObjectOfClass(Ljava/lang/String;)Ljava/lang/Object; >"	48	73
"< Application, Lavrora/sim/mcu/ATMegaClassic, class$(Ljava/lang/String;)Ljava/lang/Class; >"	6	9
"< Application, Lavrora/arch/msp430/MSP430Operand$Sym, <init>(BLavrora/arch/msp430/MSP430Symbol;)V >"	4	7
"< Application, Lavrora/sim/Simulation$Iter, next()Ljava/lang/Object; >"	7	15
"< Application, Lavrora/sim/CodeSegment, update()V >"	1	5
"< Application, Lavrora/syntax/atmel/AtmelParser, InstrBARE()V >"	67	14
"< Application, Lavrora/syntax/objdump/ObjDumpParser, jj_2_6(I)Z >"	15	7
"< Application, Lavrora/sim/clock/RippleSynchronizer, insertLink(JLavrora/sim/clock/RippleSynchronizer$WaitLink;Lavrora/sim/clock/RippleSynchronizer$WaitLink;)Lavrora/sim/clock/RippleSynchronizer$WaitLink; >"	10	16
"< Application, Lavrora/sim/CodeSegment, getInstr(I)Lavrora/arch/legacy/LegacyInstr; >"	6	7
"< Application, Lorg/dacapo/parser/Config, setThreadFactor(Ljava/lang/String;I)V >"	6	21
"< Application, Lavrora/syntax/Expr$RelativeAddress, evaluate(ILavrora/syntax/Context;)I >"	23	32
"< Application, Lavrora/Defaults, class$(Ljava/lang/String;)Ljava/lang/Class; >"	6	9
"< Application, Lorg/dacapo/parser/ConfigFile, ReInit(Ljava/io/InputStream;Ljava/lang/String;)V >"	6	9
"< Application, Lavrora/sim/util/MemPrint, class$(Ljava/lang/String;)Ljava/lang/Class; >"	6	9
"< Application, Lavrora/sim/util/MemPrint, fireBeforeWrite(Lavrora/sim/State;IB)V >"	140	160
"< Application, Lavrora/stack/Analyzer$ContextSensitivePolicy, indirectCall(Lavrora/stack/MutableState;CC)Lavrora/stack/MutableState; >"	12	36
"< Application, Lavrora/sim/mcu/ATMegaTimer$FixedTop, flush()V >"	1	5
"< Application, Lorg/apache/commons/cli/OptionBuilder, create(Ljava/lang/String;)Lorg/apache/commons/cli/Option; >"	21	21
"< Application, Lavrora/sim/clock/Synchronizer$Single, stop()V >"	1	4
"< Application, Lcck/test/TestEngine, runTest(I)V >"	6	10
"< Application, Lavrora/sim/util/Mem16, add_lo(BJ)V >"	23	14
"< Application, Lavrora/test/probes/ProbeParser, Statement(Lavrora/test/probes/ProbeTest;Ljava/util/List;)V >"	27	16
"< Application, Lavrora/syntax/objdump/ObjDumpReformatter, cleanCode(Ljava/lang/String;)Ljava/lang/StringBuffer; >"	12	14
"< Application, Lorg/dacapo/parser/ConfigFile, configFile()Lorg/dacapo/parser/Config; >"	18	23
"< Application, Lorg/apache/commons/cli/TypeHandler, createURL(Ljava/lang/String;)Ljava/net/URL; >"	11	6
"< Application, Lavrora/sim/mcu/MCUProperties, getInterrupt(Ljava/lang/String;)I >"	12	11
"< Application, Lavrora/stack/StateTransitionGraph, addFrontierState(Lavrora/stack/StateCache$State;)V >"	9	28
"< Application, Lavrora/test/probes/ProbeTest, match()V >"	77	63
"< Application, Lavrora/sim/clock/StepSynchronizer, reportExit(Lavrora/sim/Simulator;Ljava/lang/Throwable;)V >"	1	6
"< Application, Lavrora/syntax/objdump/ObjDumpParser, BinOp()Lavrora/syntax/objdump/Token; >"	17	14
"< Application, Lavrora/syntax/objdump/ObjDumpParserTokenManager, SwitchTo(I)V >"	10	6
"< Application, Lavrora/monitors/CallMonitor$Mon, pop(ILjava/lang/String;I)V >"	30	37
"< Application, Lavrora/arch/msp430/MSP430InstrInterpreter, $write_poly_int8(Lavrora/arch/msp430/MSP430Operand;I)V >"	27	8
"< Application, Lorg/dacapo/parser/Config, setLibs([Ljava/lang/String;)V >"	4	6
"< Application, LMMTkHarness, harnessEnd()V >"	7	10
"< Application, Lavrora/gui/TimeScale, newZoomLevel(D)Lavrora/gui/TimeScale$ZoomLevel; >"	29	34
"< Application, Lavrora/sim/util/InterruptScheduler, scheduleNextInterrupt()V >"	34	64
"< Application, Lavrora/sim/CodeSegment, readInstr(I)Lavrora/arch/legacy/LegacyInstr; >"	7	9
"< Application, Lavrora/syntax/atmel/AtmelParser, AddExpr()Lavrora/syntax/Expr; >"	31	36
"< Application, Lcck/parser/SimpleCharStream, FillBuff()V >"	46	35
"< Application, Lavrora/arch/avr/AVRInstrInterpreter, $write_poly_int8(Lavrora/arch/avr/AVROperand;I)V >"	9	8
"< Application, Lavrora/test/probes/ProbeTest, match()V >"	52	89
"< Application, Lcck/parser/mini/CharStream, getPosition()Lcck/parser/mini/CharStream$Position; >"	1	4
"< Application, Lavrora/gui/AvroraGui, class$(Ljava/lang/String;)Ljava/lang/Class; >"	6	9
"< Application, Lavrora/sim/output/SimPrinter, class$(Ljava/lang/String;)Ljava/lang/Class; >"	6	9
"< Application, Lavrora/sim/clock/Synchronizer$Single, pause()V >"	1	4
"< Application, Lavrora/sim/Segment, set(IB)V >"	5	7
"< Application, Lavrora/sim/platform/sensors/ReplaySensorData, scheduleNextChange()V >"	6	21
"< Application, Lavrora/test/sim/StateAccessor, getIndex(Ljava/lang/String;I)I >"	10	22
"< Application, Lavrora/sim/output/SimPrinter, println(Ljava/lang/String;)V >"	21	24
"< Application, Lcck/help/HelpCategory, addCommandExample(Ljava/lang/String;Ljava/lang/String;)V >"	1	6
"< Application, Lcck/parser/mini/CharStream, peek([CII)V >"	1	7
"< Application, Lavrora/syntax/objdump/ObjDumpParser, InstrLD_variant()V >"	23	21
"< Application, Lavrora/syntax/atmel/AtmelParser, Data()Lavrora/syntax/Expr; >"	19	14
"< Application, Lavrora/gui/SimTimeEvents$PauseEvent, unpause()V >"	9	7
"< Application, Lavrora/sim/mcu/RegisterSet, getFieldWriter(Ljava/lang/String;)Lavrora/sim/mcu/RegisterSet$FieldWriter; >"	11	21
"< Application, Lavrora/sim/Simulation$Node, processEepromLoad()V >"	36	47
"< Application, Lavrora/sim/clock/RippleSynchronizer, pause()V >"	1	4
"< Application, Lavrora/sim/platform/sensors/ReplaySensorData, getNextReading()V >"	6	15
"< Application, Lavrora/sim/clock/RippleSynchronizer, advance(JLavrora/sim/clock/RippleSynchronizer$WaitLink;)Lavrora/sim/clock/RippleSynchronizer$WaitLink; >"	19	31
"< Application, Lavrora/sim/clock/BarrierSynchronizer, removeNode(Lavrora/sim/Simulation$Node;)V >"	36	34
"< Application, Lavrora/arch/msp430/MSP430InstrInterpreter, $read_poly_int8(Lavrora/arch/msp430/MSP430Operand;)I >"	27	7
"< Application, Lorg/dacapo/harness/CommandLineArgs, <init>([Ljava/lang/String;)V >"	50	59
"< Application, Lavrora/syntax/objdump/ObjDumpParser, InstrBARE()V >"	67	14
"< Application, Lavrora/test/sim/SimTestHarness, class$(Ljava/lang/String;)Ljava/lang/Class; >"	6	9
"< Application, Lavrora/test/sim/msp430/MSP430StateAccessor$PC, set(I)V >"	1	5
"< Application, Lavrora/sim/SimulatorThread, run()V >"	47	33
"< Application, Lorg/dacapo/parser/ConfigFile, outputClause(Lorg/dacapo/parser/Config;Ljava/lang/String;Ljava/lang/String;)V >"	60	17
"< Application, Lavrora/sim/mcu/RegisterLayout, addIOReg(Ljava/lang/String;ILjava/lang/String;)V >"	12	15
"< Application, Lavrora/syntax/Expr$Constant, evaluateLiteral(Ljava/lang/String;)I >"	9	11
"< Application, Lcck/elf/ELFHeader, checkIndentByte(II)V >"	5	7
"< Application, Lavrora/arch/avr/AVRArchitecture, getAssembler()Lavrora/arch/AbstractAssembler; >"	1	4
"< Application, Lavrora/actions/RegisterTestAction, run([Ljava/lang/String;)V >"	44	75
"< Application, Lavrora/sim/platform/SerialForwarder, <init>(Lavrora/sim/mcu/USART;[Ljava/lang/String;)V >"	14	15
"< Application, Lavrora/syntax/atmel/AtmelParser, Directive()V >"	31	14
"< Application, Lorg/dacapo/parser/SimpleCharStream, FillBuff()V >"	46	35
"< Application, Lavrora/syntax/atmel/AtmelParser, Statement()V >"	19	14
"< Application, Lavrora/arch/avr/AVRInterpreter, <init>(Lavrora/sim/Simulator;Lavrora/core/Program;Lavrora/arch/avr/AVRProperties;)V >"	25	74
"< Application, Lavrora/syntax/atmel/AtmelParser, InstrLD_variant()V >"	23	21
"< Application, Lorg/dacapo/parser/Config, setClass(Ljava/lang/String;)V >"	4	6
"< Application, Lavrora/syntax/objdump/ObjDumpParser, Term()Lavrora/syntax/Expr; >"	21	14
"< Application, Lcck/parser/ErrorReporter, error(Ljava/lang/String;Lcck/parser/SourcePoint;Ljava/lang/String;)V >"	3	6
"< Application, Lavrora/stack/isea/ISEState, mergeWithCaller(Lavrora/stack/isea/ISEState;)V >"	27	33
"< Application, Lavrora/arch/avr/AVRInstrBuilder, checkValue(III)I >"	4	5
"< Application, Lavrora/arch/msp430/MSP430InstrInterpreter, $read_poly_uint16(Lavrora/arch/msp430/MSP430Operand;)I >"	27	7
"< Application, Lavrora/arch/msp430/MSP430Interpreter, insertErrorWatch(Lavrora/sim/Simulator$Watch;)V >"	1	5
"< Application, Lavrora/sim/platform/SerialForwarder$SFTicker, fire()V >"	10	10
"< Application, Lavrora/syntax/SyntacticOperand$Expr, getValue()I >"	9	17
"< Application, Lavrora/monitors/GDBServer$GDBMonitor$StartupProbe, fireBefore(Lavrora/sim/State;I)V >"	64	90
"< Application, Lavrora/syntax/objdump/ObjDumpParser, jj_2_8(I)Z >"	15	7
"< Application, Lavrora/arch/msp430/MSP430Interpreter, insertProbe(Lavrora/sim/Simulator$Probe;I)V >"	1	6
"< Application, Lorg/dacapo/parser/ConfigFile, outputFile(Lorg/dacapo/parser/Config;Ljava/lang/String;)V >"	19	16
"< Application, Lcck/help/HelpSystem, class$(Ljava/lang/String;)Ljava/lang/Class; >"	6	9
"< Application, Lavrora/test/probes/ProbeTest, match()V >"	70	66
"< Application, Lcck/stat/TimeSequence, add(JI)V >"	7	26
"< Application, Lavrora/syntax/objdump/ObjDumpParser, Const()Lavrora/syntax/SyntacticOperand$Expr; >"	19	18
"< Application, Lavrora/stack/MutableState, hashCode()I >"	1	5
"< Application, Lavrora/stack/Analyzer$ContextSensitivePolicy, indirectCall(Lavrora/stack/MutableState;CCC)Lavrora/stack/MutableState; >"	2	7
"< Application, Lavrora/gui/SimTimeEvents$PauseEvent, fire()V >"	10	8
"< Application, Lavrora/syntax/objdump/ObjDumpParser, OpcodeIMM()Lavrora/syntax/objdump/Token; >"	61	14
"< Application, Lavrora/sim/platform/SerialForwarder, receiveFrame(Lavrora/sim/mcu/USART$Frame;)V >"	7	10
"< Application, Lavrora/stack/StateTransitionGraph, addEdge(Lavrora/stack/StateCache$State;IILavrora/stack/StateCache$State;)Lavrora/stack/StateTransitionGraph$Edge; >"	19	28
"< Application, Lcck/text/Columnifier, class$(Ljava/lang/String;)Ljava/lang/Class; >"	6	9
"< Application, Lavrora/sim/clock/Synchronizer$Single, synch(J)V >"	1	5
"< Application, Lavrora/sim/mcu/AtmelInternalDevice, getIORegs()Ljava/util/Iterator; >"	1	4
"< Application, Lavrora/syntax/atmel/AtmelParser, OpcodeGPRIMM()Lavrora/syntax/atmel/Token; >"	39	14
"< Application, Lavrora/gui/ManageSimTime, class$(Ljava/lang/String;)Ljava/lang/Class; >"	6	9
"< Application, Lavrora/test/probes/ProbeParser, Declaration(Lavrora/test/probes/ProbeTest;)V >"	19	15
"< Application, Lavrora/sim/mcu/ReprogrammableCodeSegment$DisassembleLegacyInstr, build(I[Lavrora/arch/legacy/LegacyOperand;)Lavrora/arch/legacy/LegacyInstr; >"	1	7
"< Application, Lavrora/syntax/atmel/AtmelParser, MulExpr()Lavrora/syntax/Expr; >"	31	36
"< Application, Lavrora/sim/clock/StepSynchronizer, synch(J)V >"	1	5
"< Application, Lavrora/gui/ManageSimInput, fileSelectionUpdate()Z >"	11	13
"< Application, Lavrora/sim/clock/SystemClock, getFirstEventDelta()J >"	1	4
"< Application, Lavrora/sim/FiniteStateMachine, transition(I)V >"	16	84
"< Application, Lavrora/monitors/CallStack, push(BII)V >"	17	28
"< Application, Lavrora/stack/isea/ISEInterpreter, visit(Lavrora/arch/legacy/LegacyInstr$ICALL;)V >"	12	42
"< Application, Lavrora/monitors/SnifferMonitor, class$(Ljava/lang/String;)Ljava/lang/Class; >"	6	9
"< Application, Lorg/apache/commons/cli/OptionGroup, setSelected(Lorg/apache/commons/cli/Option;)V >"	11	12
"< Application, Lavrora/sim/radio/Medium$Transmission, getByteAtTime(J)B >"	7	30
"< Application, Lavrora/syntax/atmel/AtmelParser, RelExpr()Lavrora/syntax/Expr; >"	35	42
"< Application, Lorg/dacapo/harness/Benchmark, unpackZipFileResource(Ljava/lang/String;Ljava/io/File;)V >"	10	12
"< Application, Lavrora/syntax/Item$Instruction, simplify()V >"	4	32
"< Application, Lavrora/sim/clock/BarrierSynchronizer, waitForNeighbors(J)V >"	18	24
"< Application, Lcck/test/TestEngine, nextTest()I >"	13	9
"< Application, Lavrora/arch/legacy/LegacyInstr, checkImm(IIII)I >"	4	6
"< Application, LMMTkHarness, <init>()V >"	19	23
"< Application, Lavrora/sim/util/InterruptScheduler, scheduleInterrupt(IJ)V >"	7	20
"< Application, Lavrora/syntax/objdump/ObjDumpParser, OpcodeLPM()Lavrora/syntax/objdump/Token; >"	17	14
"< Application, Lavrora/sim/clock/BarrierSynchronizer, pause()V >"	1	4
"< Application, Lavrora/syntax/atmel/AtmelParserTokenManager, getNextToken()Lavrora/syntax/atmel/Token; >"	166	146
"< Application, Lavrora/syntax/atmel/AtmelParser, InstrLPM_variant()V >"	23	21
"< Application, Lavrora/stack/isea/ISEInterpreter, visit(Lavrora/arch/legacy/LegacyInstr$IJMP;)V >"	12	33
"< Application, Lavrora/syntax/atmel/AtmelParser, OpcodeIMM()Lavrora/syntax/atmel/Token; >"	61	14
"< Application, Lavrora/monitors/TripTimeMonitor$PointToPointMon, addPairs()V >"	17	43
"< Application, Lavrora/stack/Analyzer$ContextSensitivePolicy, indirectJump(Lavrora/stack/MutableState;CCC)Lavrora/stack/MutableState; >"	2	7
"< Application, Lavrora/sim/mcu/ReprogrammableCodeSegment$DisassembleLegacyInstr, getOperands()Ljava/lang/String; >"	1	5
"< Application, Lorg/dacapo/parser/SimpleCharStream, FillBuff()V >"	60	37
"< Application, Lavrora/actions/SimAction, report(Ljava/lang/Throwable;)V >"	97	105
"< Application, Lavrora/test/probes/ProbeParserTokenManager, SwitchTo(I)V >"	10	6
"< Application, Lavrora/sim/AtmelInterpreter$StateImpl, getSleepMode()I >"	1	4
"< Application, Lavrora/sim/radio/Topology, parseLine(Ljava/lang/String;)V >"	53	32
"< Application, Lavrora/sim/mcu/RegisterLayout, addIOReg(Ljava/lang/String;I)V >"	12	12
"< Application, Lavrora/actions/SimAction, run([Ljava/lang/String;)V >"	41	37
"< Application, Lcck/parser/mini/CharStream, getPosition(Lcck/parser/mini/CharStream$Position;)Lcck/parser/mini/CharStream$Position; >"	1	5
"< Application, Lavrora/sim/mcu/RegisterLayout, parseSubFields(Ljava/lang/String;ILjava/lang/String;)[Lavrora/sim/mcu/RegisterLayout$SubField; >"	45	64
"< Application, Lavrora/sim/output/SimPrinter, printBuffer(Ljava/lang/StringBuffer;)V >"	14	14
"< Application, Lavrora/sim/platform/SPIForwarder$SFTicker, fire()V >"	14	21
"< Application, Lavrora/syntax/objdump/ObjDumpParser, jj_2_4(I)Z >"	15	7
"< Application, Lorg/apache/commons/cli/TypeHandler, createClass(Ljava/lang/String;)Ljava/lang/Class; >"	10	6
"< Application, Lavrora/syntax/objdump/ObjDumpParser, Statement()V >"	17	14
"< Application, Lavrora/actions/RegisterTestAction, run([Ljava/lang/String;)V >"	37	77
"< Application, Lorg/dacapo/parser/Config, setThreadLimit(Ljava/lang/String;I)V >"	12	13
"< Application, Lcck/text/SectionFile, readHeader()V >"	8	18
"< Application, Lavrora/gui/GUIDefaults, class$(Ljava/lang/String;)Ljava/lang/Class; >"	6	9
"< Application, Lavrora/actions/RegisterTestAction, class$(Ljava/lang/String;)Ljava/lang/Class; >"	6	9
"< Application, Lavrora/stack/isea/ISEAnalyzer, analyzeProcedure(Lavrora/core/ControlFlowGraph$Block;)V >"	12	32
"< Application, Lavrora/arch/legacy/LegacyDisassembler, getReg([Lavrora/arch/legacy/LegacyRegister;I)Lavrora/arch/legacy/LegacyRegister; >"	7	14
"< Application, Lavrora/sim/radio/Topology, parseLine(Ljava/lang/String;)V >"	20	64
"< Application, Lavrora/sim/FiniteStateMachine, transition(I)V >"	32	60
"< Application, Lavrora/sim/radio/Medium$Receiver$Ticker, deliverByte(J)V >"	10	189
"< Application, Lavrora/sim/radio/LossyModel, class$(Ljava/lang/String;)Ljava/lang/Class; >"	6	9
"< Application, Lavrora/stack/StateCache$Set$OptionalIterator, remove()V >"	1	4
"< Application, Lorg/apache/commons/cli/TypeHandler, createNumber(Ljava/lang/String;)Ljava/lang/Number; >"	10	12
"< Application, Lavrora/sim/radio/CC2420Radio$ADCInterface, getVoltage()F >"	1	4
"< Application, Lavrora/sim/radio/Medium, class$(Ljava/lang/String;)Ljava/lang/Class; >"	6	9
"< Application, Lavrora/core/ControlFlowGraph, getBlockContaining(I)Lavrora/core/ControlFlowGraph$Block; >"	1	5
"< Application, Lcck/util/Arithmetic, mult([J[I)J >"	8	29
"< Application, Lavrora/syntax/objdump/ObjDumpParser, OpcodeGPRGPR()Lavrora/syntax/objdump/Token; >"	49	14
"< Application, Lorg/apache/commons/cli/TypeHandler, createDate(Ljava/lang/String;)Ljava/util/Date; >"	2	3
"< Application, Lcck/parser/mini/CharStream, peek(I)C >"	1	5
"< Application, Lorg/dacapo/parser/Config, setThreadFactor(Ljava/lang/String;I)V >"	10	18
"< Application, Lavrora/test/probes/ProbeTest, match()V >"	11	110
"< Application, Lavrora/sim/clock/StepSynchronizer, removeSimulator(Lavrora/sim/Simulator;)V >"	1	5
"< Application, Lavrora/arch/msp430/MSP430InstrInterpreter, $write_poly_uint16(Lavrora/arch/msp430/MSP430Operand;I)V >"	27	8
"< Application, Lavrora/monitors/SnifferMonitor$Mon, fireAfterReceiveEnd(Lavrora/sim/radio/Medium$Receiver;)V >"	25	24
"< Application, Lavrora/syntax/Expr$StringLiteral, <init>(Lcck/parser/AbstractToken;)V >"	7	10
"< Application, Lorg/apache/commons/cli/TypeHandler, createObject(Ljava/lang/String;)Ljava/lang/Object; >"	24	21
"< Application, Lavrora/test/probes/SimpleCharStream, FillBuff()V >"	46	35
"< Application, Lavrora/test/sim/msp430/MSP430StateAccessor$REGS, setIndex(II)V >"	1	6
"< Application, Lavrora/stack/isea/ISEAnalyzer, getProcedureSummary(I)Lavrora/stack/isea/ISEState; >"	10	25
"< Application, Lavrora/monitors/InteractiveMonitor$BreakPointProbe, fireBefore(Lavrora/sim/State;I)V >"	2	5
"< Application, Lavrora/sim/util/InterruptScheduler, scheduleNextInterrupt()V >"	60	84
"< Application, Lcck/parser/mini/CharStream, getPosition(I)Lcck/parser/mini/CharStream$Position; >"	1	5
"< Application, Lorg/apache/commons/cli/Parser, processOption(Ljava/lang/String;Ljava/util/ListIterator;)V >"	10	46
"< Application, Lavrora/sim/clock/RippleSynchronizer, removeNode(Lavrora/sim/Simulation$Node;)V >"	17	21
"< Application, Lavrora/syntax/atmel/AtmelParserTokenManager, SwitchTo(I)V >"	10	6
"< Application, Lavrora/syntax/atmel/AtmelParser, UnaryExpr()Lavrora/syntax/Expr; >"	40	14
"< Application, Lavrora/sim/platform/SPIForwarder, exchange(Lavrora/sim/mcu/SPI$Frame;)Lavrora/sim/mcu/SPI$Frame; >"	5	7
"< Application, Lavrora/syntax/Expr$StringLiteral, evaluate(ILavrora/syntax/Context;)I >"	1	7
"< Application, Lavrora/stack/isea/ISEInterpreter, visit(Lavrora/arch/legacy/LegacyInstr$EIJMP;)V >"	1	5
"< Application, Lavrora/sim/platform/sensors/ReplaySensorData$ChangeReading, fire()V >"	7	9
"< Application, Lavrora/arch/avr/AVRArchitecture, getParser()Lavrora/arch/AbstractParser; >"	1	4
"< Application, Lavrora/arch/ArchitectureRegistry, class$(Ljava/lang/String;)Ljava/lang/Class; >"	6	9
"< Application, LMMTkHarness, harnessBegin()V >"	7	10
"< Application, Lavrora/sim/clock/RippleSynchronizer, waitForNeighbors(J)V >"	14	26
"< Application, Lavrora/syntax/objdump/ObjDumpParser, jj_2_2(I)Z >"	15	7
"< Application, Lavrora/arch/msp430/MSP430Architecture, getAssembler()Lavrora/arch/AbstractAssembler; >"	1	4
"< Application, Lorg/dacapo/parser/Config, setThreadModel(Lorg/dacapo/parser/Config$ThreadModel;)V >"	4	6
"< Application, Lorg/apache/commons/cli/Parser, checkRequiredOptions()V >"	6	8
"< Application, Lcck/text/StringUtil, getProperty(Ljava/lang/StringBuffer;Ljava/util/Properties;)Ljava/lang/String; >"	10	21
"< Application, Lcck/stat/TimeSequence, class$(Ljava/lang/String;)Ljava/lang/Class; >"	6	9
"< Application, Lavrora/monitors/GDBServer$GDBMonitor, commandLoop(Ljava/lang/String;)V >"	29	34
"< Application, Lavrora/arch/legacy/LegacyInstr, REG(Lavrora/arch/legacy/LegacyOperand;)Lavrora/arch/legacy/LegacyRegister; >"	4	8
"< Application, Lavrora/arch/legacy/LegacyDisassembler, decode_root(I)Lavrora/arch/legacy/LegacyInstr; >"	9	9
"< Application, Lavrora/sim/clock/BarrierSynchronizer, checkWaiters()Lavrora/sim/clock/BarrierSynchronizer$WaitSlot; >"	19	13
"< Application, Lavrora/monitors/CallMonitor, class$(Ljava/lang/String;)Ljava/lang/Class; >"	6	9
"< Application, Lavrora/syntax/objdump/ObjDumpParser, OpcodeIMMIMM()Lavrora/syntax/objdump/Token; >"	25	14
"< Application, Lorg/apache/commons/cli/Option, addValue(Ljava/lang/String;)Z >"	2	4
"< Application, Lavrora/test/sim/StateAccessor, setIndex(Ljava/lang/String;II)V >"	10	22
"< Application, Lavrora/sim/clock/RippleSynchronizer$NotifyEvent, fire()V >"	18	18
"< Application, Lavrora/arch/msp430/MSP430Interpreter, removeWatch(Lavrora/sim/Simulator$Watch;I)V >"	1	6
"< Application, Lavrora/sim/util/ClockCycleTimeout, fire()V >"	6	6
"< Application, Lavrora/stack/MutableState, merge(Lavrora/stack/MutableState;)Lavrora/stack/MutableState; >"	4	26
"< Application, Lavrora/arch/msp430/MSP430Interpreter, <init>(Lavrora/sim/Simulator;Lavrora/core/Program;Lavrora/arch/msp430/MSP430Properties;)V >"	6	41
"< Application, Lavrora/sim/util/InterruptScheduler, scheduleNextInterrupt()V >"	48	42
"< Application, Lavrora/syntax/objdump/ObjDumpParser, Instruction()V >"	33	14
"< Application, Lavrora/sim/clock/SystemClock, insertEvent(Lavrora/sim/Simulator$Event;J)V >"	1	6
"< Application, Lavrora/stack/StateTransitionGraph, addEdge(Lavrora/stack/StateCache$State;IILavrora/stack/StateCache$State;)Lavrora/stack/StateTransitionGraph$Edge; >"	9	40
"< Application, Lavrora/arch/avr/AVRInstrInterpreter, $read_poly_int8(Lavrora/arch/avr/AVROperand;)I >"	9	7
"< Application, Lcck/util/ClassMap, addInstance(Ljava/lang/String;Ljava/lang/Object;)V >"	15	40
"< Application, Lavrora/sim/clock/RippleSynchronizer, synch(J)V >"	1	5
"< Application, Lavrora/test/sim/TestExpr$Label, evaluate(Lavrora/test/sim/StateAccessor;)I >"	8	13
"< Application, Lcck/text/Columnifier, println([Ljava/lang/String;)V >"	8	38
"< Application, Lorg/dacapo/parser/ConfigFile, sizeClause(Lorg/dacapo/parser/Config;Ljava/lang/String;)V >"	75	18
"< Application, Lcck/util/Util, userError(Ljava/lang/String;)V >"	2	3
"< Application, Lorg/dacapo/harness/Callback, runAgain()Z >"	101	34
"< Application, Lcck/parser/ErrorReporter, error(Ljava/lang/String;Lcck/parser/SourcePoint;Ljava/lang/String;Ljava/lang/String;)V >"	4	10
"< Application, Lavrora/arch/legacy/LegacyArchitecture, getAssembler()Lavrora/arch/AbstractAssembler; >"	1	4
"< Application, Lavrora/monitors/EnergyMonitor$Monitor$Logger, finish()V >"	8	10
"< Application, Lavrora/stack/Analyzer, run()V >"	29	28
"< Application, Lavrora/sim/clock/RippleSynchronizer, advance(JLavrora/sim/clock/RippleSynchronizer$WaitLink;)Lavrora/sim/clock/RippleSynchronizer$WaitLink; >"	34	29
"< Application, Lcck/text/Columnifier, printTitle(I[Ljava/lang/String;)V >"	8	36
"< Application, Lorg/dacapo/parser/SimpleCharStream, ExpandBuff(Z)V >"	88	78
"< Application, Lavrora/sim/types/SensorSimulation$SensorDataInput, instantiate(Lavrora/sim/platform/Platform;)V >"	28	33
"< Application, Lcck/elf/ELFHeader, read(Ljava/io/RandomAccessFile;)V >"	5	45
"< Application, Lavrora/core/Program, getNextPC(I)I >"	9	25
"< Application, Lavrora/sim/util/Mem16, add_hi(BJ)V >"	23	14
"< Application, Lorg/apache/commons/cli/TypeHandler, createObject(Ljava/lang/String;)Ljava/lang/Object; >"	10	7
"< Application, Lavrora/syntax/atmel/AtmelParser, Module()V >"	31	23
"< Application, Lavrora/sim/platform/SerialForwarder, <init>(Lavrora/sim/mcu/USART;I)V >"	45	58
"< Application, Lavrora/sim/Simulation$Iter, remove()V >"	1	4
"< Application, Lavrora/arch/avr/AVROperand$Sym, <init>(BLavrora/arch/avr/AVRSymbol;)V >"	4	7
"< Application, Lorg/apache/commons/cli/Option, clone()Ljava/lang/Object; >"	16	6
"< Application, Lavrora/test/probes/ProbeParser, jj_consume_token(I)Lavrora/test/probes/Token; >"	24	17
"< Application, Lorg/dacapo/parser/ConfigFile, digestOption(Lorg/dacapo/parser/Config;Ljava/lang/String;Ljava/lang/String;)V >"	25	17
"< Application, Lorg/dacapo/harness/Benchmark, initialize()V >"	43	33
"< Application, Lavrora/syntax/atmel/AtmelParser, UnaryExpr()Lavrora/syntax/Expr; >"	26	28
"< Application, Lavrora/sim/mcu/RegisterLayout, getIOReg(Ljava/lang/String;)I >"	12	10
"< Application, Lavrora/sim/clock/RippleSynchronizer, advance(JLavrora/sim/clock/RippleSynchronizer$WaitLink;)Lavrora/sim/clock/RippleSynchronizer$WaitLink; >"	7	33
"< Application, Lavrora/arch/legacy/LegacyInstr, need(I[Lavrora/arch/legacy/LegacyOperand;)V >"	5	5
"< Application, Lavrora/sim/platform/SPIForwarder, <init>(Lavrora/sim/mcu/SPI;IIZ)V >"	47	60
"< Application, Lavrora/arch/legacy/LegacyInstr, checkReg(ILavrora/arch/legacy/LegacyRegister;Lavrora/arch/legacy/LegacyRegister$Set;)Lavrora/arch/legacy/LegacyRegister; >"	5	8
"< Application, Lavrora/sim/clock/StepSynchronizer, waitForNeighbors(J)V >"	1	5
"< Application, Lavrora/arch/legacy/LegacyInstr, IMM(Lavrora/arch/legacy/LegacyOperand;)I >"	4	8
"< Application, Lavrora/monitors/SnifferMonitor$Mon, fireBeforeTransmitEnd(Lavrora/sim/radio/Medium$Transmitter;)V >"	25	24
"< Application, Lavrora/sim/radio/LossyModel, mergeTransmissions(Lavrora/sim/radio/Medium$Receiver;Ljava/util/List;JI)C >"	6	42
"< Application, Lavrora/stack/AbstractInterpreter, readInstr(I)Lavrora/arch/legacy/LegacyInstr; >"	22	23
"< Application, Lavrora/syntax/objdump/ObjDumpParser, jj_2_5(I)Z >"	15	7
"< Application, Lcck/stat/Sequence$Iterator, next()I >"	10	23
"< Application, Lorg/dacapo/parser/ConfigFile, jj_consume_token(I)Lorg/dacapo/parser/Token; >"	24	17
"< Application, Lavrora/sim/Simulation, resume()V >"	4	6
"< Application, Lavrora/arch/msp430/MSP430Interpreter, removeProbe(Lavrora/sim/Simulator$Probe;I)V >"	1	6
"< Application, Lorg/apache/commons/cli/Option, addValueForProcessing(Ljava/lang/String;)V >"	4	6
"< Application, Lavrora/syntax/objdump/ObjDumpParser, InstrST_variant()V >"	23	20
"< Application, Lcck/text/Columnifier, <init>([I[I[Z)V >"	16	19
"< Application, Lavrora/syntax/objdump/ObjDumpParser, InstrLPM_variant()V >"	23	21
"< Application, Lavrora/sim/CodeSegment$NoLegacyInstr, getOperands()Ljava/lang/String; >"	1	5
"< Application, Lavrora/actions/SimAction, exitSimulation(Ljava/lang/Throwable;)V >"	9	8
"< Application, Lavrora/sim/clock/RippleSynchronizer, waitForNeighbors(J)V >"	28	30
"< Application, Lavrora/test/probes/SimpleCharStream, ExpandBuff(Z)V >"	88	78
"< Application, Lorg/apache/commons/cli/OptionValidator, validateOption(Ljava/lang/String;)V >"	15	36
"< Application, Lavrora/stack/StateTransitionGraph, getNextFrontierState()Lavrora/stack/StateCache$State; >"	17	26
"< Application, Lcck/util/Util$Unexpected, rethrow()V >"	1	3
"< Application, Lavrora/syntax/atmel/AtmelParser, FuncName()Lavrora/syntax/atmel/Token; >"	37	14
"< Application, Lavrora/stack/MutableState, equals(Ljava/lang/Object;)Z >"	1	6
"< Application, Lavrora/syntax/objdump/ObjDumpParser, jj_2_1(I)Z >"	15	7
"< Application, Lavrora/sim/util/InterruptScheduler, <init>(Ljava/lang/String;Lavrora/sim/Simulator;)V >"	29	35
"< Application, Lavrora/sim/mcu/ATMegaTimer$Mode, <init>(Lavrora/sim/mcu/ATMegaTimer;Ljava/lang/Class;Lavrora/sim/mcu/RegisterSet$Field;Lavrora/sim/mcu/ATMegaTimer$TopValue;)V >"	69	39
"< Application, Lavrora/sim/radio/RadiusModel, mergeTransmissions(Lavrora/sim/radio/Medium$Receiver;Ljava/util/List;JI)C >"	6	42
"< Application, Lorg/apache/commons/cli/OptionBuilder, create()Lorg/apache/commons/cli/Option; >"	5	7
"< Application, Lavrora/sim/clock/RippleSynchronizer, insertLink(JLavrora/sim/clock/RippleSynchronizer$WaitLink;Lavrora/sim/clock/RippleSynchronizer$WaitLink;)Lavrora/sim/clock/RippleSynchronizer$WaitLink; >"	17	14
"< Application, Lavrora/gui/GraphEvents, internalUpdate()Z >"	37	46
"< Application, Lavrora/sim/clock/BarrierSynchronizer, waitForNeighbors(J)V >"	31	23
"< Application, Lavrora/arch/msp430/MSP430Interpreter, delay(J)V >"	1	5
"< Application, Lavrora/sim/clock/RippleSynchronizer, class$(Ljava/lang/String;)Ljava/lang/Class; >"	6	9
"< Application, Lavrora/sim/clock/BarrierSynchronizer$SynchEvent, fire()V >"	23	22
"< Application, Lorg/dacapo/parser/ConfigFile, descId()Ljava/lang/String; >"	31	14
"< Application, Lcck/test/TestEngine, finishTest(Lcck/test/TestCase;)V >"	18	17
"< Application, Lavrora/syntax/atmel/AtmelParser, InstrST_variant()V >"	23	20
"< Application, Lavrora/gui/GraphNumbers, recordNumber(I)V >"	7	6
"< Application, Lavrora/arch/avr/AVRInterpreter, getInstr(I)Lavrora/arch/AbstractInstr; >"	1	5
