"< Application, Lavrora/sim/platform/SPIForwarder, <init>(Lavrora/sim/mcu/SPI;IIZ)V >"	45	58
"< Application, Lorg/dacapo/parser/ConfigFileTokenManager, jjMoveStringLiteralDfa1_0(J)I >"	4	7
"< Application, Lavrora/monitors/GDBServer$GDBMonitor, report()V >"	5	7
"< Application, Lcck/help/ClassMapValueItem, computeHelp()Ljava/lang/String; >"	10	13
"< Application, Lorg/dacapo/parser/Config, parse(Ljava/io/InputStream;)Lorg/dacapo/parser/Config; >"	4	7
"< Application, Lavrora/syntax/objdump/ObjDumpParser, jj_2_8(I)Z >"	13	7
"< Application, Lorg/dacapo/parser/ConfigFile, main([Ljava/lang/String;)V >"	7	27
"< Application, Lavrora/sim/clock/RippleSynchronizer, waitForNeighbors(J)V >"	22	25
"< Application, Lavrora/syntax/Module, simplify(Lavrora/syntax/Item;)V >"	41	10
"< Application, Lorg/dacapo/parser/SimpleCharStream, ExpandBuff(Z)V >"	84	77
"< Application, Lavrora/actions/SimAction, run([Ljava/lang/String;)V >"	37	37
"< Application, Lavrora/syntax/objdump/ObjDumpParserTokenManager, jjMoveStringLiteralDfa5_0(JJJJJJ)I >"	13	20
"< Application, Lorg/dacapo/harness/Benchmark, validate(Ljava/lang/String;)Z >"	164	234
"< Application, Lavrora/sim/Segment, checked_write(IB)V >"	2	6
"< Application, Lavrora/sim/mcu/ATMegaTimer, class$(Ljava/lang/String;)Ljava/lang/Class; >"	2	5
"< Application, Lavrora/sim/platform/SerialForwarder, <init>(Lavrora/sim/mcu/USART;[Ljava/lang/String;)V >"	12	13
"< Application, Lavrora/sim/clock/BarrierSynchronizer, waitForNeighbors(J)V >"	25	20
"< Application, Lavrora/monitors/GDBServer$GDBMonitor, commandLoop(Ljava/lang/String;)V >"	22	23
"< Application, Lorg/dacapo/parser/ConfigFileTokenManager, jjMoveStringLiteralDfa4_0(JJ)I >"	9	12
"< Application, Lavrora/sim/clock/RippleSynchronizer, removeNode(Lavrora/sim/Simulation$Node;)V >"	15	21
"< Application, LMMTkHarness, harnessEnd()V >"	4	9
"< Application, Lavrora/syntax/objdump/ObjDumpParser, jj_2_7(I)Z >"	13	7
"< Application, Lavrora/sim/clock/BarrierSynchronizer$SynchEvent, fire()V >"	32	23
"< Application, Lavrora/sim/radio/Topology, parseLine(Ljava/lang/String;)V >"	18	62
"< Application, Lavrora/gui/GraphNumbers, internalUpdate()Z >"	11	17
"< Application, Lorg/dacapo/harness/TeeOutputStream, closeLog()V >"	5	6
"< Application, Lcck/stat/TimeSequence, class$(Ljava/lang/String;)Ljava/lang/Class; >"	2	5
"< Application, Lavrora/syntax/objdump/ObjDumpParser, jj_2_1(I)Z >"	10	10
"< Application, Lorg/dacapo/harness/TestHarness, main([Ljava/lang/String;)V >"	170	236
"< Application, Lavrora/syntax/objdump/ObjDumpParser, jj_2_4(I)Z >"	10	10
"< Application, Lavrora/sim/radio/LossyModel, class$(Ljava/lang/String;)Ljava/lang/Class; >"	2	5
"< Application, Lorg/dacapo/harness/DacapoClassLoader, loadClass(Ljava/lang/String;Z)Ljava/lang/Class; >"	4	10
"< Application, Lcck/test/TestEngine, runTest(Ljava/lang/String;)Lcck/test/TestCase; >"	4	9
"< Application, Lavrora/test/probes/ProbeParserTokenManager, jjMoveStringLiteralDfa5_0(JJ)I >"	9	12
"< Application, Lavrora/stack/Analyzer, run()V >"	27	28
"< Application, Lorg/dacapo/parser/ConfigFileTokenManager, jjMoveStringLiteralDfa1_2(J)I >"	4	7
"< Application, Lavrora/test/probes/ProbeParserTokenManager, jjMoveStringLiteralDfa2_0(JJ)I >"	9	12
"< Application, Lavrora/syntax/objdump/ObjDumpParser, jj_2_3(I)Z >"	13	7
"< Application, Lavrora/syntax/atmel/AtmelParserTokenManager, jjMoveStringLiteralDfa1_0(JJJ)I >"	4	9
"< Application, Lorg/dacapo/harness/Benchmark, validate(Ljava/lang/String;)Z >"	107	153
"< Application, Lavrora/sim/util/InterruptScheduler, <init>(Ljava/lang/String;Lavrora/sim/Simulator;)V >"	27	33
"< Application, Lavrora/syntax/Module, simplify(Lavrora/syntax/Item;)V >"	24	21
"< Application, Lavrora/syntax/atmel/AtmelParserTokenManager, getNextToken()Lavrora/syntax/atmel/Token; >"	139	120
"< Application, Lorg/dacapo/parser/ConfigFileTokenManager, getNextToken()Lorg/dacapo/parser/Token; >"	33	83
"< Application, Lavrora/syntax/atmel/AtmelParserTokenManager, getNextToken()Lavrora/syntax/atmel/Token; >"	28	75
"< Application, Lcck/util/ClassMap, getObjectOfClass(Ljava/lang/String;)Ljava/lang/Object; >"	11	32
"< Application, Lavrora/sim/Segment, checked_read(I)B >"	2	6
"< Application, Lorg/dacapo/parser/ConfigFileTokenManager, jjMoveStringLiteralDfa11_0(JJ)I >"	9	12
"< Application, Lavrora/gui/SimTimeEvents$PauseEvent, fire()V >"	5	6
"< Application, Lavrora/syntax/objdump/ObjDumpParserTokenManager, jjMoveNfa_0(II)I >"	429	321
"< Application, Lavrora/syntax/objdump/ObjDumpParserTokenManager, jjMoveStringLiteralDfa6_0(JJJJ)I >"	11	16
"< Application, Lavrora/syntax/objdump/ObjDumpParserTokenManager, jjMoveStringLiteralDfa3_0(JJJJJJ)I >"	13	20
"< Application, Lavrora/test/probes/SimpleCharStream, ExpandBuff(Z)V >"	84	77
"< Application, Lavrora/syntax/objdump/ObjDumpParser, jj_2_8(I)Z >"	10	10
"< Application, Lavrora/syntax/objdump/ObjDumpParser, jj_2_2(I)Z >"	10	10
"< Application, Lavrora/sim/clock/BarrierSynchronizer, removeNode(Lavrora/sim/Simulation$Node;)V >"	34	34
"< Application, Lavrora/Defaults, class$(Ljava/lang/String;)Ljava/lang/Class; >"	2	5
"< Application, Lorg/dacapo/parser/Config$1, <clinit>()V >"	21	25
"< Application, Lavrora/sim/platform/SPIForwarder, exchange(Lavrora/sim/mcu/SPI$Frame;)Lavrora/sim/mcu/SPI$Frame; >"	3	5
"< Application, Lorg/dacapo/harness/ChordHarness, main([Ljava/lang/String;)V >"	83	118
"< Application, Lavrora/actions/SimAction, report(Ljava/lang/Throwable;)V >"	77	17
"< Application, Lavrora/stack/Analyzer, findMaximalPath(Lavrora/stack/StateCache$State;Ljava/util/HashMap;I)Lavrora/stack/Analyzer$Path; >"	38	57
"< Application, Lavrora/monitors/SnifferMonitor$Mon, fireAfterReceiveEnd(Lavrora/sim/radio/Medium$Receiver;)V >"	23	24
"< Application, Lavrora/test/probes/ProbeParserTokenManager, jjMoveNfa_0(II)I >"	177	146
"< Application, Lavrora/syntax/atmel/AtmelParserTokenManager, jjMoveStringLiteralDfa6_0(JJJJ)I >"	11	16
"< Application, Lorg/dacapo/harness/Callback$1, <clinit>()V >"	15	17
"< Application, Lavrora/sim/platform/SPIForwarder$SFTicker, fire()V >"	12	19
"< Application, Lorg/dacapo/parser/ConfigFileTokenManager, jjMoveStringLiteralDfa3_0(JJ)I >"	9	12
"< Application, Lavrora/test/VirgilRunner, run(III)I >"	16	29
"< Application, Lcck/test/TestEngine, readTestCase(Ljava/lang/String;)Lcck/test/TestCase; >"	39	46
"< Application, Lorg/dacapo/parser/ConfigFile, main([Ljava/lang/String;)V >"	12	8
"< Application, Lorg/dacapo/harness/CommandLineArgs, <init>([Ljava/lang/String;)V >"	54	79
"< Application, Lavrora/arch/ArchitectureRegistry, class$(Ljava/lang/String;)Ljava/lang/Class; >"	2	5
"< Application, Lorg/dacapo/harness/Benchmark, initialize()V >"	41	33
"< Application, Lorg/apache/commons/cli/Parser, processArgs(Lorg/apache/commons/cli/Option;Ljava/util/ListIterator;)V >"	14	21
"< Application, Lavrora/gui/AvroraGui, class$(Ljava/lang/String;)Ljava/lang/Class; >"	2	5
"< Application, Lorg/dacapo/parser/ConfigFileTokenManager, jjMoveStringLiteralDfa7_0(JJ)I >"	9	12
"< Application, Lavrora/actions/DisassembleAction, exhaustive(Lavrora/arch/AbstractDisassembler;)V >"	13	18
"< Application, Lavrora/monitors/SnifferMonitor$Mon, logfile(Ljava/lang/StringBuffer;)V >"	28	33
"< Application, LMMTkHarness, <init>()V >"	10	8
"< Application, Lavrora/sim/platform/sensors/ReplaySensorData$ChangeReading, fire()V >"	5	7
"< Application, Lavrora/sim/clock/BarrierSynchronizer$SynchEvent, fire()V >"	21	22
"< Application, Lavrora/actions/SimAction, report(Ljava/lang/Throwable;)V >"	89	105
"< Application, Lavrora/sim/util/MemPrint, printToFile(Ljava/lang/String;)V >"	8	12
"< Application, Lorg/dacapo/parser/ConfigFileTokenManager, getNextToken()Lorg/dacapo/parser/Token; >"	5	113
"< Application, Lavrora/actions/SimAction, report(Ljava/lang/Throwable;)V >"	65	31
"< Application, Lavrora/syntax/Module, simplify(Lavrora/syntax/Item;)V >"	35	16
"< Application, Lavrora/test/probes/ProbeParserTokenManager, jjStartNfaWithStates_0(III)I >"	6	9
"< Application, Lavrora/sim/clock/RippleSynchronizer$NotifyEvent, fire()V >"	16	18
"< Application, Lavrora/sim/platform/SerialForwarder, <init>(Lavrora/sim/mcu/USART;I)V >"	43	56
"< Application, Lorg/dacapo/harness/ChordHarness, main([Ljava/lang/String;)V >"	54	80
"< Application, Lavrora/gui/AvroraGui$PaintThread, run()V >"	27	34
"< Application, Lavrora/syntax/objdump/ObjDumpParser, jj_2_3(I)Z >"	10	10
"< Application, Lavrora/gui/GraphEvents, addToVector(II)V >"	7	9
"< Application, Lavrora/gui/GUIDefaults, class$(Ljava/lang/String;)Ljava/lang/Class; >"	2	5
"< Application, Lavrora/sim/clock/StepSynchronizer$RunThread, step([I[Lavrora/sim/Simulator;)V >"	12	14
"< Application, Lorg/dacapo/harness/TeeOutputStream, version()V >"	19	27
"< Application, Lavrora/gui/GraphNumbers, recordNumber(I)V >"	5	6
"< Application, Lorg/dacapo/parser/ConfigFileTokenManager, jjMoveStringLiteralDfa1_3(J)I >"	4	7
"< Application, Lavrora/gui/ManageSimInput, fileSelectionUpdate()Z >"	8	9
"< Application, Lavrora/syntax/Module, simplify(Lavrora/syntax/Item;)V >"	6	45
"< Application, Lavrora/test/probes/ProbeParserTokenManager, getNextToken()Lavrora/test/probes/Token; >"	143	120
"< Application, Lcck/test/TestEngine, runTest(I)V >"	4	8
"< Application, Lorg/dacapo/parser/Config$1, <clinit>()V >"	9	10
"< Application, Lorg/dacapo/parser/ConfigFileTokenManager, jjMoveNfa_0(II)I >"	255	204
"< Application, Lavrora/syntax/objdump/ObjDumpParserTokenManager, getNextToken()Lavrora/syntax/objdump/Token; >"	128	108
"< Application, Lavrora/stack/Analyzer, findMaximalPath()V >"	7	12
"< Application, Lavrora/syntax/elf/ELFParser, read([Ljava/lang/String;)Lavrora/core/Program; >"	13	19
"< Application, Lavrora/syntax/objdump/ObjDumpReformatter, cleanCode(Ljava/lang/String;)Ljava/lang/StringBuffer; >"	8	15
"< Application, Lorg/apache/commons/cli/Parser, processProperties(Ljava/util/Properties;)V >"	22	40
"< Application, Lavrora/sim/SimulatorThread, run()V >"	16	14
"< Application, Lavrora/sim/util/MemPrint, fireBeforeWrite(Lavrora/sim/State;IB)V >"	138	160
"< Application, Lavrora/sim/types/SensorSimulation$SensorDataInput, instantiate(Lavrora/sim/platform/Platform;)V >"	26	31
"< Application, Lavrora/test/probes/ProbeParserTokenManager, getNextToken()Lavrora/test/probes/Token; >"	30	75
"< Application, Lavrora/gui/GraphEvents, internalUpdate()Z >"	15	16
"< Application, Lcck/test/TestEngine, runAllTests()V >"	44	37
"< Application, Lavrora/monitors/EnergyMonitor$Monitor$Logger, newLine()V >"	3	5
"< Application, Lorg/dacapo/harness/TestHarness, main([Ljava/lang/String;)V >"	54	80
"< Application, Lorg/dacapo/parser/ConfigFileTokenManager, jjStartNfaWithStates_0(III)I >"	6	9
"< Application, Lavrora/monitors/EnergyMonitor$Monitor$Logger, <init>(Lavrora/monitors/EnergyMonitor$Monitor;)V >"	23	29
"< Application, LMMTkHarness, <init>()V >"	14	17
"< Application, Lavrora/syntax/atmel/AtmelParserTokenManager, jjMoveNfa_0(II)I >"	305	242
"< Application, Lorg/dacapo/harness/ChordHarness, main([Ljava/lang/String;)V >"	170	236
"< Application, Lavrora/actions/ELFDumpAction, run([Ljava/lang/String;)V >"	19	12
"< Application, Lavrora/gui/ManageSimTime, class$(Ljava/lang/String;)Ljava/lang/Class; >"	2	5
"< Application, Lavrora/sim/clock/BarrierSynchronizer, waitForNeighbors(J)V >"	16	24
"< Application, Lavrora/gui/AvroraGui, initLookAndFeel()V >"	45	62
"< Application, Lorg/dacapo/harness/Benchmark, validate(Ljava/lang/String;)Z >"	51	73
"< Application, Lorg/dacapo/harness/Benchmark, initialize()V >"	19	19
"< Application, Lorg/dacapo/harness/FileDigest, main([Ljava/lang/String;)V >"	55	77
"< Application, Lorg/dacapo/harness/TestHarness, main([Ljava/lang/String;)V >"	83	118
"< Application, Lavrora/sim/SimulatorThread, run()V >"	41	33
"< Application, Lorg/apache/commons/cli/TypeHandler, createClass(Ljava/lang/String;)Ljava/lang/Class; >"	2	5
"< Application, Lavrora/syntax/atmel/AtmelParserTokenManager, jjMoveStringLiteralDfa2_0(JJJJJJ)I >"	13	20
"< Application, Lavrora/sim/Segment, get(I)B >"	2	6
"< Application, Lavrora/test/probes/ProbeParserTokenManager, getNextToken()Lavrora/test/probes/Token; >"	5	105
"< Application, Lavrora/actions/SimAction, report(Ljava/lang/Throwable;)V >"	54	44
"< Application, Lavrora/syntax/objdump/ObjDumpReformatter, cleanCode(Ljava/lang/String;)Ljava/lang/StringBuffer; >"	10	12
"< Application, Lavrora/monitors/CallMonitor$Mon, pop(ILjava/lang/String;I)V >"	28	37
"< Application, Lorg/dacapo/parser/ConfigFileTokenManager, jjMoveStringLiteralDfa9_0(JJ)I >"	9	12
"< Application, Lavrora/monitors/CallMonitor, class$(Ljava/lang/String;)Ljava/lang/Class; >"	2	5
"< Application, Lavrora/sim/util/MemPrint, class$(Ljava/lang/String;)Ljava/lang/Class; >"	2	5
"< Application, Lavrora/sim/util/InterruptScheduler, scheduleNextInterrupt()V >"	58	82
"< Application, Lavrora/syntax/objdump/ObjDumpParser, jj_2_4(I)Z >"	13	7
"< Application, Lavrora/syntax/RawModule, simplify(Lavrora/syntax/Item;)V >"	2	5
"< Application, Lcck/test/TestEngine, finishTest(Lcck/test/TestCase;)V >"	16	17
"< Application, Lavrora/sim/Simulation$Node, processEepromLoad()V >"	34	45
"< Application, Lavrora/syntax/objdump/ObjDumpParserTokenManager, jjMoveStringLiteralDfa2_0(JJJJJJ)I >"	13	20
"< Application, Lcck/util/Option$Double, set(Ljava/lang/String;)V >"	3	6
"< Application, Lcck/test/TestEngine, runAllTests()V >"	39	36
"< Application, Lorg/dacapo/harness/Benchmark, run(Lorg/dacapo/harness/Callback;Ljava/lang/String;)Z >"	25	27
"< Application, Lavrora/syntax/objdump/ObjDumpParser, jj_2_6(I)Z >"	13	7
"< Application, Lorg/dacapo/harness/Matcher, <clinit>()V >"	6	6
"< Application, Lorg/dacapo/harness/Digest, create()Ljava/security/MessageDigest; >"	2	5
"< Application, Lavrora/syntax/objdump/ObjDumpParser, jj_2_2(I)Z >"	13	7
"< Application, Lavrora/sim/Segment, set(IB)V >"	2	6
"< Application, Lavrora/syntax/Module, simplify(Lavrora/syntax/Item;)V >"	12	33
"< Application, LMMTkHarness, harnessBegin()V >"	4	9
"< Application, Lavrora/sim/radio/noise, parseLine(Ljava/lang/String;)V >"	13	28
"< Application, Lavrora/stack/Analyzer, run()V >"	17	20
"< Application, Lavrora/gui/SimTimeEvents$PauseEvent, fire()V >"	8	8
"< Application, Lorg/dacapo/harness/LatexDescriptions, main([Ljava/lang/String;)V >"	3	5
"< Application, Lavrora/sim/CodeSegment, readInstr(I)Lavrora/arch/legacy/LegacyInstr; >"	4	8
"< Application, Lorg/dacapo/parser/ConfigFileTokenManager, jjMoveNfa_1(II)I >"	85	88
"< Application, Lorg/apache/commons/cli/TypeHandler, createNumber(Ljava/lang/String;)Ljava/lang/Number; >"	6	11
"< Application, Lorg/dacapo/harness/ChordHarness, main([Ljava/lang/String;)V >"	19	28
"< Application, Lorg/dacapo/parser/ConfigFileTokenManager, jjMoveStringLiteralDfa5_0(JJ)I >"	9	12
"< Application, Lorg/dacapo/parser/Config$1, <clinit>()V >"	15	17
"< Application, Lorg/dacapo/harness/TestHarness, findClass()Ljava/lang/Class; >"	4	7
"< Application, Lavrora/syntax/atmel/AtmelParserTokenManager, jjStartNfaWithStates_0(III)I >"	6	9
"< Application, Lcck/util/Option$Long, set(Ljava/lang/String;)V >"	3	6
"< Application, Lavrora/sim/output/SimPrinter, class$(Ljava/lang/String;)Ljava/lang/Class; >"	2	5
"< Application, Lavrora/syntax/Module, includeFile(Lcck/parser/AbstractToken;)V >"	17	25
"< Application, Lavrora/syntax/atmel/AtmelParserTokenManager, jjMoveStringLiteralDfa4_0(JJJJJJ)I >"	13	20
"< Application, Lavrora/syntax/atmel/AtmelParserTokenManager, jjMoveStringLiteralDfa7_0(JJ)I >"	9	12
"< Application, Lavrora/syntax/objdump/ObjDumpParserTokenManager, jjStartNfaWithStates_0(III)I >"	6	9
"< Application, Lorg/dacapo/harness/TeeOutputStream, finalize()V >"	4	6
"< Application, Lorg/dacapo/harness/FileDigest, main([Ljava/lang/String;)V >"	58	75
"< Application, Lorg/dacapo/parser/ConfigFileTokenManager, getNextToken()Lorg/dacapo/parser/Token; >"	149	116
"< Application, Lavrora/sim/platform/SerialForwarder$SFTicker, fire()V >"	8	8
"< Application, Lavrora/sim/platform/SerialForwarder, <init>(Lavrora/sim/mcu/USART;Ljava/lang/String;Ljava/lang/String;)V >"	25	27
"< Application, Lorg/dacapo/harness/DacapoClassLoader, create(Lorg/dacapo/parser/Config;Ljava/io/File;)Lorg/dacapo/harness/DacapoClassLoader; >"	24	37
"< Application, Lavrora/syntax/objdump/ObjDumpParser, jj_2_6(I)Z >"	10	10
"< Application, Lavrora/syntax/objdump/ObjDumpParserTokenManager, getNextToken()Lavrora/syntax/objdump/Token; >"	28	75
"< Application, Lavrora/gui/AvroraGui, initLookAndFeel()V >"	57	43
"< Application, Lavrora/arch/legacy/LegacyDisassembler, disassembleLegacy([BII)Lavrora/arch/legacy/LegacyInstr; >"	12	15
"< Application, Lavrora/sim/SimulatorThread, run()V >"	33	7
"< Application, Lorg/dacapo/harness/ChordHarness, findClass()Ljava/lang/Class; >"	4	7
"< Application, Lavrora/syntax/atmel/AtmelParserTokenManager, jjMoveStringLiteralDfa3_0(JJJJJJ)I >"	13	20
"< Application, Lorg/dacapo/parser/ConfigFileTokenManager, jjMoveStringLiteralDfa2_0(JJ)I >"	9	12
"< Application, Lavrora/syntax/Expr$Constant, evaluateLiteral(Ljava/lang/String;)I >"	7	9
"< Application, Lavrora/stack/Analyzer$MonitorThread, run()V >"	16	17
"< Application, Lorg/dacapo/harness/TestHarness, <init>(Ljava/io/InputStream;)V >"	25	38
"< Application, LMMTkHarness, <init>()V >"	12	18
"< Application, Lavrora/sim/CodeSegment, getInstr(I)Lavrora/arch/legacy/LegacyInstr; >"	3	6
"< Application, Lavrora/sim/platform/SPIForwarder, nextFrame()Lavrora/sim/mcu/SPI$Frame; >"	12	12
"< Application, Lorg/dacapo/harness/CommandLineArgs, <init>([Ljava/lang/String;)V >"	65	62
"< Application, Lavrora/syntax/objdump/ObjDumpParserTokenManager, getNextToken()Lavrora/syntax/objdump/Token; >"	139	120
"< Application, Lcck/util/Option$Interval, set(Ljava/lang/String;)V >"	21	32
"< Application, Lavrora/syntax/objdump/ObjDumpParser, jj_2_7(I)Z >"	10	10
"< Application, Lavrora/syntax/objdump/ObjDumpParserTokenManager, jjMoveStringLiteralDfa1_0(JJJ)I >"	4	9
"< Application, Lcck/parser/SimpleCharStream, ExpandBuff(Z)V >"	84	77
"< Application, Lorg/dacapo/harness/TeeOutputStream, newLog()V >"	5	6
"< Application, Lavrora/syntax/atmel/AtmelParserTokenManager, getNextToken()Lavrora/syntax/atmel/Token; >"	128	108
"< Application, Lavrora/syntax/atmel/AtmelParserTokenManager, jjMoveNfa_1(II)I >"	67	66
"< Application, Lavrora/sim/output/SimPrinter, printBuffer(Ljava/lang/StringBuffer;)V >"	12	14
"< Application, Lavrora/test/sim/SimTestHarness$SimulatorTest, match(Ljava/lang/Throwable;)Lcck/test/TestResult; >"	19	24
"< Application, Lcck/parser/SimpleCharStream, FillBuff()V >"	51	37
"< Application, Lavrora/syntax/objdump/ObjDumpParserTokenManager, jjMoveNfa_1(II)I >"	67	66
"< Application, Lorg/apache/commons/cli/TypeHandler, createObject(Ljava/lang/String;)Ljava/lang/Object; >"	13	20
"< Application, Lorg/dacapo/harness/Callback$1, <clinit>()V >"	9	10
"< Application, Lavrora/monitors/GDBServer$GDBMonitor$StartupProbe, fireBefore(Lavrora/sim/State;I)V >"	57	79
"< Application, Lcck/test/TestEngine, runTest(Ljava/lang/String;)Lcck/test/TestCase; >"	9	14
"< Application, Lcck/text/Columnifier, class$(Ljava/lang/String;)Ljava/lang/Class; >"	2	5
"< Application, Lavrora/actions/SimAction, report(Ljava/lang/Throwable;)V >"	13	87
"< Application, Lcck/test/TestEngine, nextTest()I >"	11	9
"< Application, Lorg/dacapo/parser/ConfigFileTokenManager, jjMoveStringLiteralDfa10_0(JJ)I >"	9	12
"< Application, Lavrora/monitors/EnergyMonitor$Monitor$Logger, finish()V >"	6	8
"< Application, Lavrora/syntax/atmel/AtmelParserTokenManager, jjMoveStringLiteralDfa5_0(JJJJJJ)I >"	13	20
"< Application, Lavrora/sim/clock/RippleSynchronizer, waitForNeighbors(J)V >"	26	28
"< Application, Lavrora/test/probes/ProbeParserTokenManager, jjMoveStringLiteralDfa6_0(JJ)I >"	9	12
"< Application, Lorg/apache/commons/cli/OptionBuilder, create(Ljava/lang/String;)Lorg/apache/commons/cli/Option; >"	19	21
"< Application, Lavrora/sim/clock/RippleSynchronizer, class$(Ljava/lang/String;)Ljava/lang/Class; >"	2	5
"< Application, Lcck/util/ClassMap, getObjectOfClass(Ljava/lang/String;)Ljava/lang/Object; >"	45	65
"< Application, Lavrora/test/probes/SimpleCharStream, FillBuff()V >"	51	37
"< Application, Lavrora/test/probes/ProbeParserTokenManager, jjMoveNfa_1(II)I >"	67	66
"< Application, Lcck/util/Arithmetic, class$(Ljava/lang/String;)Ljava/lang/Class; >"	2	5
"< Application, Lavrora/monitors/CallMonitor$Mon, push(IILjava/lang/String;II)V >"	24	33
"< Application, Lavrora/monitors/SnifferMonitor$Mon, fireBeforeTransmitEnd(Lavrora/sim/radio/Medium$Transmitter;)V >"	23	24
"< Application, Lorg/dacapo/harness/TestHarness, main([Ljava/lang/String;)V >"	19	28
"< Application, Lavrora/sim/util/MemPrint, <init>(IILjava/lang/String;)V >"	11	15
"< Application, Lavrora/sim/clock/StepSynchronizer, stop()V >"	8	8
"< Application, Lavrora/sim/types/SensorSimulation$SensorNode, createRadioModel()V >"	38	38
"< Application, Lavrora/test/probes/ProbeParserTokenManager, jjMoveStringLiteralDfa4_0(JJ)I >"	9	12
"< Application, Lavrora/syntax/Expr$StringLiteral, <init>(Lcck/parser/AbstractToken;)V >"	5	8
"< Application, Lorg/apache/commons/cli/Option, clone()Ljava/lang/Object; >"	7	5
"< Application, Lavrora/arch/legacy/LegacyDisassembler, disassembleLegacy([BII)Lavrora/arch/legacy/LegacyInstr; >"	10	17
"< Application, Lavrora/sim/platform/SerialForwarder, receiveFrame(Lavrora/sim/mcu/USART$Frame;)V >"	5	8
"< Application, Lorg/dacapo/harness/CommandLineArgs, defineCallback()V >"	7	14
"< Application, Lorg/dacapo/parser/ConfigFileTokenManager, jjMoveStringLiteralDfa8_0(JJ)I >"	9	12
"< Application, Lcck/help/HelpSystem, class$(Ljava/lang/String;)Ljava/lang/Class; >"	2	5
"< Application, Lavrora/sim/radio/Medium$Receiver, earliestNewTransmission(J)Lavrora/sim/radio/Medium$Transmission; >"	43	45
"< Application, Lorg/dacapo/parser/ConfigFileTokenManager, jjMoveStringLiteralDfa6_0(JJ)I >"	9	12
"< Application, Lavrora/gui/AvroraGui, initLookAndFeel()V >"	32	79
"< Application, Lavrora/test/probes/ProbeParserTokenManager, jjMoveStringLiteralDfa1_0(J)I >"	4	7
"< Application, Lavrora/actions/SimAction, run([Ljava/lang/String;)V >"	29	31
"< Application, Lavrora/sim/radio/Medium, class$(Ljava/lang/String;)Ljava/lang/Class; >"	2	5
"< Application, Lorg/apache/commons/cli/CommandLine, getOptionObject(Ljava/lang/String;)Ljava/lang/Object; >"	2	6
"< Application, Lavrora/test/sim/SimTestHarness, class$(Ljava/lang/String;)Ljava/lang/Class; >"	2	5
"< Application, Lorg/apache/commons/cli/TypeHandler, createObject(Ljava/lang/String;)Ljava/lang/Object; >"	2	6
"< Application, Lorg/apache/commons/cli/TypeHandler, createURL(Ljava/lang/String;)Ljava/net/URL; >"	3	5
"< Application, Lorg/dacapo/parser/Config, parse(Ljava/net/URL;)Lorg/dacapo/parser/Config; >"	3	5
"< Application, Lavrora/syntax/objdump/ObjDumpParserTokenManager, jjMoveStringLiteralDfa4_0(JJJJJJ)I >"	13	20
"< Application, Lavrora/actions/SimAction, exitSimulation(Ljava/lang/Throwable;)V >"	7	8
"< Application, Lavrora/syntax/objdump/ObjDumpParser, jj_2_1(I)Z >"	13	7
"< Application, Lavrora/syntax/objdump/ObjDumpParser, jj_rescan_token()V >"	33	31
"< Application, Lavrora/actions/RegisterTestAction, class$(Ljava/lang/String;)Ljava/lang/Class; >"	2	5
"< Application, Lorg/dacapo/parser/ConfigFile, <init>(Ljava/io/InputStream;Ljava/lang/String;)V >"	11	14
"< Application, Lorg/dacapo/parser/Config, parse(Ljava/io/File;)Lorg/dacapo/parser/Config; >"	4	5
"< Application, Lavrora/actions/SimAction, report(Ljava/lang/Throwable;)V >"	32	56
"< Application, Lorg/dacapo/harness/Benchmark, enableValidationReport(Ljava/lang/String;)V >"	9	8
"< Application, Lavrora/sim/clock/BarrierSynchronizer, checkWaiters()Lavrora/sim/clock/BarrierSynchronizer$WaitSlot; >"	17	13
"< Application, Lavrora/sim/mcu/ATMegaClassic, class$(Ljava/lang/String;)Ljava/lang/Class; >"	2	5
"< Application, Lavrora/monitors/EnergyMonitor$Monitor$Logger, write(Ljava/lang/String;)V >"	3	6
"< Application, Lorg/dacapo/parser/ConfigFile, ReInit(Ljava/io/InputStream;Ljava/lang/String;)V >"	3	8
"< Application, Lorg/dacapo/parser/SimpleCharStream, FillBuff()V >"	51	37
"< Application, Lavrora/syntax/objdump/ObjDumpParser, jj_2_5(I)Z >"	13	7
"< Application, Lavrora/test/probes/ProbeParserTokenManager, getNextToken()Lavrora/test/probes/Token; >"	132	108
"< Application, Lavrora/gui/SimTimeEvents$PauseEvent, unpause()V >"	7	7
"< Application, Lavrora/sim/radio/Medium$Receiver, getIntersection(J)Ljava/util/List; >"	21	25
"< Application, Lavrora/sim/platform/SerialForwarder, transmitFrame()Lavrora/sim/mcu/USART$Frame; >"	8	9
"< Application, Lcck/util/ClassMap, getObjectOfClass(Ljava/lang/String;)Ljava/lang/Object; >"	42	68
"< Application, Lavrora/syntax/objdump/ObjDumpParserTokenManager, getNextToken()Lavrora/syntax/objdump/Token; >"	5	105
"< Application, Lavrora/monitors/SnifferMonitor, class$(Ljava/lang/String;)Ljava/lang/Class; >"	2	5
"< Application, Lavrora/syntax/atmel/AtmelParserTokenManager, getNextToken()Lavrora/syntax/atmel/Token; >"	5	105
"< Application, Lavrora/monitors/GDBServer$GDBMonitor, <init>(Lavrora/monitors/GDBServer;Lavrora/sim/Simulator;I)V >"	18	18
"< Application, Lavrora/sim/clock/BarrierSynchronizer, waitForNeighbors(J)V >"	29	21
"< Application, Lavrora/sim/radio/RadiusModel, class$(Ljava/lang/String;)Ljava/lang/Class; >"	2	5
"< Application, Lavrora/syntax/objdump/ObjDumpParser, jj_2_5(I)Z >"	10	10
"< Application, Lorg/dacapo/harness/Benchmark, validate(Ljava/lang/String;)Z >"	49	71
"< Application, Lorg/dacapo/harness/Benchmark, validate(Ljava/lang/String;)Z >"	116	166
"< Application, Lorg/dacapo/parser/ConfigFileTokenManager, getNextToken()Lorg/dacapo/parser/Token; >"	160	128
"< Application, Lavrora/sim/SimulatorThread, run()V >"	9	42
"< Application, Lavrora/gui/GraphEvents, internalUpdate()Z >"	35	46
"< Application, Lavrora/test/probes/ProbeParserTokenManager, jjMoveStringLiteralDfa3_0(JJ)I >"	9	12
"< Application, Lavrora/Main, main([Ljava/lang/String;)V >"	23	23
"< Application, Lavrora/Main, main([Ljava/lang/String;)V >"	20	25
"< Application, Lavrora/sim/output/SimPrinter, println(Ljava/lang/String;)V >"	19	24
"< Application, Lorg/dacapo/harness/Benchmark, validate(Ljava/lang/String;)Z >"	173	246
