"< Application, Lavrora/gui/GraphNumbers, paint(Ljava/awt/Graphics;)V >"	39	49	java_prim_type_int	48	java_prim_type_double
"< Application, Lavrora/stack/AbstractInterpreter, visit(Lavrora/arch/legacy/LegacyInstr$SUBI;)V >"	4	9	java_prim_type_byte	8	java_prim_type_int
"< Application, Lavrora/sim/radio/Medium$Receiver, isChannelClear(II)Z >"	78	109	java_prim_type_int	94	java_prim_type_double
"< Application, Lavrora/monitors/SimPerfMonitor$Mon, <init>(Lavrora/monitors/SimPerfMonitor;Lavrora/sim/Simulator;)V >"	11	15	java_prim_type_double	14	java_prim_type_long
"< Application, Lavrora/sim/radio/Medium$Receiver$Ticker, deliverByte(J)V >"	67	107	java_prim_type_double	106	java_prim_type_int
"< Application, Lcck/util/TimeUtil, cyclesToSeconds(JD)D >"	0	4	java_prim_type_double	1	java_prim_type_long
"< Application, Lavrora/sim/output/EventGen, gen(Ljava/lang/Object;I)V >"	3	8	java_prim_type_long	3	java_prim_type_int
"< Application, Lavrora/arch/msp430/MSP430Interpreter, pushWord(I)V >"	11	19	java_prim_type_char	7	java_prim_type_int
"< Application, Lavrora/monitors/SnifferMonitor$Mon, renderRxPacket()Ljava/lang/StringBuffer; >"	76	115	java_prim_type_long	114	java_prim_type_int
"< Application, Lavrora/monitors/CallTimeMonitor$CallTimeMon, report()V >"	17	27	java_prim_type_double	26	java_prim_type_long
"< Application, Lavrora/monitors/GDBServer$GDBMonitor, sendPacket(Ljava/lang/String;)V >"	14	26	java_prim_type_long	25	java_prim_type_int
"< Application, Lavrora/sim/platform/ExternalFlash$PD5Output, doAction()V >"	45	138	java_prim_type_short	137	java_prim_type_int
"< Application, Lavrora/monitors/GDBServer$GDBMonitor, appendPC(Lavrora/sim/State;Ljava/lang/StringBuffer;)V >"	12	26	java_prim_type_long	25	java_prim_type_int
"< Application, Lavrora/sim/platform/LCDScreen, setCursor(I)V >"	12	11	java_prim_type_char	2	java_prim_type_int
"< Application, Lavrora/monitors/CallTimeMonitor$CallTimeMon, report()V >"	52	86	java_prim_type_float	85	java_prim_type_long
"< Application, Lcck/test/TestEngine, runAllTests()V >"	24	23	java_prim_type_long	22	java_prim_type_int
"< Application, Lavrora/sim/radio/CC1000Radio$FrequencyRegister, setFrequency(I)V >"	12	21	java_prim_type_byte	20	java_prim_type_int
"< Application, Lavrora/monitors/CallTimeMonitor$CallTimeMon, report()V >"	35	54	java_prim_type_long	53	java_prim_type_int
"< Application, Lcck/stat/StatUtil, average([I)D >"	1	5	java_prim_type_double	4	java_prim_type_long
"< Application, Lavrora/sim/radio/CC1000Radio$SerialConfigurationInterface, clockInBit()V >"	48	65	java_prim_type_byte	64	java_prim_type_int
"< Application, Lavrora/monitors/CallStack, getTarget(I)I >"	4	10	java_prim_type_int	9	java_prim_type_long
"< Application, Lavrora/monitors/GDBServer$GDBMonitor, readMemory(Ljava/text/CharacterIterator;)V >"	19	44	java_prim_type_long	43	java_prim_type_int
"< Application, Lavrora/sim/AtmelInterpreter, readVolatile(I)B >"	6	12	java_prim_type_byte	11	java_prim_type_int
"< Application, Lavrora/stack/AbstractInterpreter, visit(Lavrora/arch/legacy/LegacyInstr$SBR;)V >"	4	9	java_prim_type_byte	8	java_prim_type_int
"< Application, Lavrora/gui/TimeScale, drawScale(Ljava/awt/Dimension;Ljava/awt/Graphics;)V >"	48	64	java_prim_type_double	63	java_prim_type_int
"< Application, Lavrora/actions/ELFDumpAction, printSHT(Lcck/elf/ELFSectionHeaderTable;)V >"	10	15	java_prim_type_long	78	java_prim_type_int
"< Application, Lavrora/monitors/SnifferMonitor$Mon, renderTxPacket()Ljava/lang/StringBuffer; >"	22	37	java_prim_type_double	36	java_prim_type_long
"< Application, Lavrora/sim/radio/CC1000Radio$SerialConfigurationInterface, clockInBit()V >"	57	74	java_prim_type_long	73	java_prim_type_int
"< Application, Lavrora/monitors/SimPerfMonitor$Mon, report()V >"	29	39	java_prim_type_float	31	java_prim_type_int
"< Application, Lavrora/stack/AbstractArithmetic, merge(BB)C >"	3	8	java_prim_type_char	1	java_prim_type_int
"< Application, Lavrora/sim/platform/ExternalFlash$PD5Output, doAction()V >"	69	105	java_prim_type_short	104	java_prim_type_int
"< Application, Lavrora/sim/radio/Medium$TXRX, <init>(Lavrora/sim/radio/Medium;Lavrora/sim/clock/Clock;)V >"	8	12	java_prim_type_long	9	java_prim_type_int
"< Application, Lavrora/monitors/CallTimeMonitor$CallTimeMon, report()V >"	14	24	java_prim_type_float	23	java_prim_type_int
"< Application, Lavrora/sim/mcu/ADC$ControlRegister, convertVoltage()I >"	50	37	java_prim_type_float	36	java_prim_type_int
"< Application, Lavrora/stack/AbstractArithmetic, subtract(CC)C >"	16	20	java_prim_type_byte	18	java_prim_type_int
"< Application, Lavrora/gui/TimeScale, <clinit>()V >"	8	15	java_prim_type_double	14	java_prim_type_long
"< Application, Lavrora/sim/platform/ExternalFlash$PD5Output, doAction()V >"	93	57	java_prim_type_short	56	java_prim_type_int
"< Application, Lcck/stat/Proportion, getFraction(Ljava/lang/String;)F >"	5	10	java_prim_type_float	9	java_prim_type_int
"< Application, Lavrora/stack/AbstractArithmetic, increment(C)C >"	5	12	java_prim_type_byte	8	java_prim_type_int
"< Application, Lavrora/actions/ELFDumpAction, printPHT(Lcck/elf/ELFProgramHeaderTable;)V >"	29	46	java_prim_type_long	45	java_prim_type_int
"< Application, Lavrora/sim/util/MemPrint, fireBeforeWrite(Lavrora/sim/State;IB)V >"	99	27	java_prim_type_char	26	java_prim_type_int
"< Application, Lavrora/monitors/CallStack, makeEntry(BII)J >"	2	8	java_prim_type_long	3	java_prim_type_int
"< Application, Lavrora/sim/radio/CC2420Radio$Receiver, nextByte(ZB)B >"	40	16	java_prim_type_long	3	java_prim_type_int
"< Application, Lavrora/monitors/TripTimeMonitor$PointToPointMon$Pair, report(Lcck/text/Printer;)V >"	13	21	java_prim_type_double	20	java_prim_type_float
"< Application, Lavrora/sim/util/InterruptScheduler, scheduleNextInterrupt()V >"	52	20	java_prim_type_long	19	java_prim_type_int
"< Application, Lcck/stat/StatUtil, average([J)D >"	1	5	java_prim_type_double	4	java_prim_type_long
"< Application, Lavrora/monitors/SnifferMonitor$Mon, renderRxPacket()Ljava/lang/StringBuffer; >"	38	59	java_prim_type_long	57	java_prim_type_int
"< Application, Lavrora/monitors/SimPerfMonitor$Mon, <init>(Lavrora/monitors/SimPerfMonitor;Lavrora/sim/Simulator;)V >"	15	20	java_prim_type_long	19	java_prim_type_double
"< Application, Lavrora/sim/mcu/USART$DataRegister$TwoLevelFIFO, read()B >"	32	36	java_prim_type_byte	35	java_prim_type_int
"< Application, Lavrora/sim/clock/DerivedClock, getCount()J >"	2	6	java_prim_type_double	5	java_prim_type_long
"< Application, Lavrora/sim/radio/Medium$Receiver, earliestNewTransmission(J)Lavrora/sim/radio/Medium$Transmission; >"	33	38	java_prim_type_long	37	java_prim_type_int
"< Application, Lcck/elf/ELFProgramHeaderTable, read(Ljava/io/RandomAccessFile;)V >"	6	9	java_prim_type_long	8	java_prim_type_int
"< Application, Lavrora/actions/ELFDumpAction, printSHT(Lcck/elf/ELFSectionHeaderTable;)V >"	34	55	java_prim_type_long	54	java_prim_type_int
"< Application, Lavrora/gui/TimeScale, drawScale(Ljava/awt/Dimension;Ljava/awt/Graphics;)V >"	51	66	java_prim_type_int	71	java_prim_type_double
"< Application, Lavrora/sim/mcu/ATMegaTimer$BufferedRegister, flush()V >"	4	10	java_prim_type_byte	9	java_prim_type_int
"< Application, Lcck/util/Arithmetic, low(S)B >"	0	3	java_prim_type_byte	1	java_prim_type_int
"< Application, Lavrora/sim/mcu/USART$UBRRnHReg, write(B)V >"	1	6	java_prim_type_byte	5	java_prim_type_int
"< Application, Lavrora/sim/mcu/SPI, <clinit>()V >"	6	7	java_prim_type_byte	11	java_prim_type_int
"< Application, Lavrora/monitors/InterruptMonitor$Mon, report()V >"	21	30	java_prim_type_long	64	java_prim_type_int
"< Application, Lcck/text/TermUtil, reportProportion(Ljava/lang/String;JJLjava/lang/String;)V >"	16	31	java_prim_type_float	2	java_prim_type_long
"< Application, Lavrora/sim/radio/CC2420Radio$Receiver, setRSSI(D)V >"	2	8	java_prim_type_int	7	java_prim_type_double
"< Application, Lavrora/monitors/TraceMonitor$Mon, print(Lavrora/sim/State;Lavrora/arch/AbstractInstr;)V >"	7	15	java_prim_type_long	10	java_prim_type_int
"< Application, Lavrora/gui/TimeScale, getX(J)I >"	10	14	java_prim_type_int	13	java_prim_type_double
"< Application, Lavrora/sim/platform/ExternalFlash$PD5Output, doAction()V >"	37	128	java_prim_type_short	127	java_prim_type_int
"< Application, Lavrora/gui/GraphNumbers, paint(Ljava/awt/Graphics;)V >"	36	47	java_prim_type_double	46	java_prim_type_int
"< Application, Lavrora/sim/util/SimUtil, toIDTimeString(Ljava/lang/StringBuffer;ILavrora/sim/clock/Clock;)V >"	0	6	java_prim_type_long	2	java_prim_type_int
"< Application, Lavrora/sim/AtmelInterpreter$IORegBehavior, write(II)I >"	1	6	java_prim_type_byte	3	java_prim_type_int
"< Application, Lavrora/monitors/SnifferMonitor$Mon, renderRxPacket()Ljava/lang/StringBuffer; >"	66	99	java_prim_type_long	98	java_prim_type_int
"< Application, Lavrora/sim/radio/CC2420Radio$Receiver, getCorrelation()D >"	16	23	java_prim_type_long	22	java_prim_type_double
"< Application, Lavrora/monitors/CallTreeProfiler$ProfileMonitor, reportSubTree(Lavrora/monitors/CallTreeProfiler$CallTreeNode;ID)V >"	41	66	java_prim_type_float	65	java_prim_type_long
"< Application, Lavrora/gui/GraphEvents, paint(Ljava/awt/Graphics;)V >"	21	26	java_prim_type_int	25	java_prim_type_double
"< Application, Lavrora/monitors/RealTimeMonitor$ThrottleEvent, fire()V >"	13	11	java_prim_type_double	10	java_prim_type_long
"< Application, Lcck/stat/StatUtil, percent(JJ)D >"	2	7	java_prim_type_double	2	java_prim_type_long
"< Application, Lavrora/arch/msp430/MSP430Interpreter, fetch(I)Lavrora/arch/msp430/MSP430Instr; >"	11	20	java_prim_type_char	19	java_prim_type_int
"< Application, Lavrora/monitors/CallTreeProfiler$ProfileMonitor, reportSubTree(Lavrora/monitors/CallTreeProfiler$CallTreeNode;ID)V >"	39	64	java_prim_type_long	63	java_prim_type_int
"< Application, Lavrora/stack/AbstractArithmetic, getBit(CI)C >"	2	7	java_prim_type_char	6	java_prim_type_int
"< Application, Lavrora/actions/ELFDumpAction, printHeader(Lcck/elf/ELFHeader;)V >"	6	10	java_prim_type_long	9	java_prim_type_int
"< Application, Lavrora/monitors/SnifferMonitor$Mon, renderRxPacket()Ljava/lang/StringBuffer; >"	75	114	java_prim_type_byte	93	java_prim_type_int
"< Application, Lavrora/monitors/GDBServer$GDBMonitor, appendSP(Lavrora/sim/State;Ljava/lang/StringBuffer;)V >"	2	9	java_prim_type_long	8	java_prim_type_int
"< Application, Lavrora/sim/output/EventGen, gen(Ljava/lang/Object;BB)V >"	3	10	java_prim_type_long	9	java_prim_type_int
"< Application, Lavrora/sim/radio/CC1000Radio$Receiver, nextByte(ZB)B >"	6	20	java_prim_type_int	19	java_prim_type_long
"< Application, Lcck/util/Arithmetic, mult([J[I)J >"	24	26	java_prim_type_long	21	java_prim_type_int
"< Application, Lavrora/arch/msp430/MSP430Interpreter, popWord()I >"	3	8	java_prim_type_byte	7	java_prim_type_int
"< Application, Lavrora/sim/mcu/AtmelInternalDevice, write16(ILavrora/sim/RWRegister;Lavrora/sim/RWRegister;)V >"	2	9	java_prim_type_byte	8	java_prim_type_int
"< Application, Lavrora/gui/GraphNumbers, drawValueScale(Ljava/awt/Dimension;Ljava/awt/Graphics;)V >"	13	21	java_prim_type_double	20	java_prim_type_int
"< Application, Lavrora/sim/util/SimUtil, readError(Lavrora/sim/Simulator;Ljava/lang/String;I)V >"	10	25	java_prim_type_long	24	java_prim_type_int
"< Application, Lavrora/stack/AbstractArithmetic, commonMask(CC)C >"	3	9	java_prim_type_char	8	java_prim_type_int
"< Application, Lavrora/stack/AbstractInterpreter, mul8(CZCZ)I >"	9	20	java_prim_type_byte	16	java_prim_type_int
"< Application, Lavrora/sim/radio/CC1000Radio$SerialConfigurationInterface, clockInBit()V >"	74	42	java_prim_type_long	41	java_prim_type_int
"< Application, Lavrora/sim/clock/DerivedClock, getCount()J >"	5	9	java_prim_type_long	8	java_prim_type_double
"< Application, Lavrora/sim/mcu/ReprogrammableCodeSegment, <init>(Ljava/lang/String;ILavrora/sim/AtmelInterpreter;I)V >"	22	34	java_prim_type_double	33	java_prim_type_long
"< Application, Lavrora/monitors/PrintMonitor$Monitor, <init>(Lavrora/monitors/PrintMonitor;Lavrora/sim/Simulator;)V >"	24	33	java_prim_type_long	32	java_prim_type_int
"< Application, Lavrora/actions/ELFDumpAction, printPHT(Lcck/elf/ELFProgramHeaderTable;)V >"	35	55	java_prim_type_long	54	java_prim_type_int
"< Application, Lavrora/monitors/SnifferMonitor$Mon, renderRxPacket()Ljava/lang/StringBuffer; >"	47	69	java_prim_type_long	68	java_prim_type_int
"< Application, Lavrora/monitors/TripTimeMonitor$PointToPointMon$Pair, report(Lcck/text/Printer;)V >"	28	45	java_prim_type_long	44	java_prim_type_int
"< Application, Lavrora/sim/mcu/USART$Receiver, enableReceive()V >"	21	27	java_prim_type_long	26	java_prim_type_int
"< Application, Lavrora/monitors/CallStack, makeEntry(BII)J >"	0	5	java_prim_type_long	1	java_prim_type_int
"< Application, Lavrora/arch/legacy/LegacyInterpreter, visit(Lavrora/arch/legacy/LegacyInstr$ELPMPI;)V >"	18	27	java_prim_type_byte	26	java_prim_type_int
"< Application, Lavrora/gui/GraphNumbers, drawValueScale(Ljava/awt/Dimension;Ljava/awt/Graphics;)V >"	9	17	java_prim_type_double	16	java_prim_type_int
"< Application, Lavrora/monitors/CallTimeMonitor$CallTimeMon, report()V >"	19	29	java_prim_type_double	28	java_prim_type_int
"< Application, Lcck/elf/ELFStringTable, read(Ljava/io/RandomAccessFile;)V >"	6	9	java_prim_type_long	8	java_prim_type_int
"< Application, Lavrora/monitors/PacketMonitor$Mon, report()V >"	33	49	java_prim_type_long	48	java_prim_type_int
"< Application, Lavrora/sim/platform/SPIForwarder$SFTicker, <init>(Lavrora/sim/platform/SPIForwarder;Lavrora/sim/clock/Clock;)V >"	4	9	java_prim_type_long	8	java_prim_type_int
"< Application, Lavrora/sim/radio/CC2420Radio$Receiver, nextByte(ZB)B >"	191	58	java_prim_type_int	57	java_prim_type_double
"< Application, Lcck/stat/StatUtil, average([J)D >"	3	7	java_prim_type_double	6	java_prim_type_int
"< Application, Lavrora/sim/radio/CC1000Radio$FrequencyRegister, setFrequency(I)V >"	8	16	java_prim_type_byte	15	java_prim_type_int
"< Application, Lavrora/sim/clock/DerivedClock, <init>(Ljava/lang/String;Lavrora/sim/clock/Clock;J)V >"	9	14	java_prim_type_double	13	java_prim_type_long
"< Application, Lcck/stat/StatUtil, average([I)D >"	3	7	java_prim_type_double	6	java_prim_type_int
"< Application, Lavrora/arch/msp430/MSP430State, map_set(Lavrora/sim/Segment;II)V >"	0	6	java_prim_type_byte	4	java_prim_type_int
"< Application, Lcck/text/CharUtil, toUpperHexChar(I)C >"	6	7	java_prim_type_char	6	java_prim_type_int
"< Application, Lavrora/test/sim/msp430/MSP430StateAccessor$Cycles, get()I >"	4	9	java_prim_type_int	8	java_prim_type_long
"< Application, Lavrora/monitors/MemoryMonitor$Monitor, printLine(Ljava/lang/String;JDJD)V >"	14	33	java_prim_type_double	32	java_prim_type_long
"< Application, Lavrora/sim/state/RegisterUtil, bitRangeView(Lavrora/sim/state/RegisterView;II)Lavrora/sim/state/RegisterView; >"	1	6	java_prim_type_byte	2	java_prim_type_int
"< Application, Lavrora/stack/AbstractInterpreter, mul8(CZCZ)I >"	14	27	java_prim_type_byte	26	java_prim_type_int
"< Application, Lavrora/stack/AbstractInterpreter, floor(CZ)I >"	2	10	java_prim_type_byte	9	java_prim_type_int
"< Application, Lavrora/monitors/SimPerfMonitor$Mon$Event, fire()V >"	10	16	java_prim_type_int	13	java_prim_type_long
"< Application, Lavrora/stack/AbstractInterpreter, addImmediateToRegister(Lavrora/arch/legacy/LegacyRegister;I)V >"	18	33	java_prim_type_byte	32	java_prim_type_int
"< Application, Lcck/util/Arithmetic, uword(BB)C >"	4	10	java_prim_type_char	9	java_prim_type_int
"< Application, Lavrora/sim/radio/CC1000Radio$CALRegister, decode(B)V >"	23	30	java_prim_type_double	29	java_prim_type_int
"< Application, Lavrora/sim/mcu/Timer8Bit, tickerFinish(Lavrora/sim/Simulator$Event;I)V >"	1	6	java_prim_type_byte	3	java_prim_type_int
"< Application, Lavrora/gui/GraphNumbers, updateHorzBar()V >"	4	9	java_prim_type_long	8	java_prim_type_int
"< Application, Lavrora/sim/platform/ExternalFlash$PD5Output, doAction()V >"	101	68	java_prim_type_short	67	java_prim_type_int
"< Application, Lavrora/sim/radio/Medium$TXRX, <init>(Lavrora/sim/radio/Medium;Lavrora/sim/clock/Clock;)V >"	22	21	java_prim_type_long	20	java_prim_type_int
"< Application, Lavrora/sim/Simulation$Node, processTimeout()V >"	8	15	java_prim_type_double	14	java_prim_type_long
"< Application, Lavrora/sim/radio/CC2420Radio, ReadSecurityBank(I)B >"	19	38	java_prim_type_byte	5	java_prim_type_int
"< Application, Lcck/util/TimeUtil, millisToCycles(DD)J >"	2	7	java_prim_type_long	6	java_prim_type_double
"< Application, Lavrora/sim/radio/CC2420Radio, writeRegister(II)V >"	14	29	java_prim_type_char	3	java_prim_type_int
"< Application, Lavrora/stack/AbstractInterpreter, mul8(CZCZ)I >"	8	19	java_prim_type_byte	15	java_prim_type_int
"< Application, Lavrora/test/sim/msp430/MSP430StateAccessor$Register, set(I)V >"	3	7	java_prim_type_char	2	java_prim_type_int
"< Application, Lavrora/sim/radio/CC2420Radio$Receiver, nextByte(ZB)B >"	181	30	java_prim_type_char	29	java_prim_type_int
"< Application, Lavrora/gui/TimeScale, newZoomLevel(D)Lavrora/gui/TimeScale$ZoomLevel; >"	3	9	java_prim_type_double	8	java_prim_type_long
"< Application, Lavrora/sim/radio/Medium$Transmission, end()V >"	7	11	java_prim_type_long	10	java_prim_type_int
"< Application, Lavrora/monitors/IORegMonitor$Monitor$Watch, render(B)Ljava/lang/String; >"	2	6	java_prim_type_long	2	java_prim_type_int
"< Application, Lavrora/monitors/SimPerfMonitor$Mon, report()V >"	32	43	java_prim_type_float	36	java_prim_type_long
"< Application, Lavrora/sim/util/MemPrint, fireBeforeWrite(Lavrora/sim/State;IB)V >"	43	97	java_prim_type_char	96	java_prim_type_int
"< Application, Lavrora/sim/AtmelInterpreter, commit()V >"	4	6	java_prim_type_long	5	java_prim_type_int
"< Application, Lavrora/stack/AbstractInterpreter, ceiling(CZ)I >"	2	10	java_prim_type_byte	9	java_prim_type_int
"< Application, Lcck/stat/Distribution, printDistribution(Lcck/text/Printer;I[I)V >"	26	29	java_prim_type_double	28	java_prim_type_float
"< Application, Lavrora/stack/AbstractArithmetic, knownBitsOf(C)B >"	3	8	java_prim_type_byte	7	java_prim_type_int
"< Application, Lavrora/stack/AbstractArithmetic, subtract(CC)C >"	15	19	java_prim_type_byte	13	java_prim_type_int
"< Application, Lavrora/gui/GraphNumbers, drawValueScale(Ljava/awt/Dimension;Ljava/awt/Graphics;)V >"	17	25	java_prim_type_double	31	java_prim_type_int
"< Application, Lavrora/sim/util/InterruptScheduler, scheduleNextInterrupt()V >"	19	12	java_prim_type_int	11	java_prim_type_double
"< Application, Lavrora/stack/StatePrinter, printStateName(Lavrora/stack/StateCache$State;)V >"	2	7	java_prim_type_long	6	java_prim_type_int
"< Application, Lavrora/monitors/SimPerfMonitor$Mon, report()V >"	22	32	java_prim_type_long	31	java_prim_type_int
"< Application, Lavrora/monitors/CallTreeProfiler$ProfileMonitor, asPercent(DD)F >"	2	8	java_prim_type_float	7	java_prim_type_double
"< Application, Lavrora/monitors/GDBServer$GDBMonitor, appendPC(Lavrora/sim/State;Ljava/lang/StringBuffer;)V >"	7	18	java_prim_type_long	17	java_prim_type_int
"< Application, Lavrora/gui/TimeScale, drawScale(Ljava/awt/Dimension;Ljava/awt/Graphics;)V >"	71	85	java_prim_type_int	84	java_prim_type_double
"< Application, Lavrora/sim/mcu/ATMegaTimer$BufferedRegister, read()B >"	1	5	java_prim_type_byte	4	java_prim_type_int
"< Application, Lcck/text/CharUtil, toLowerHexChar(I)C >"	2	10	java_prim_type_char	9	java_prim_type_int
"< Application, Lcck/text/StringUtil, toHex(Ljava/lang/StringBuffer;JI)V >"	14	16	java_prim_type_int	15	java_prim_type_long
"< Application, Lavrora/sim/radio/CC2420Radio, WriteSecurityBank(IB)B >"	9	20	java_prim_type_long	2	java_prim_type_int
"< Application, Lcck/stat/MinMaxMean, process()V >"	3	6	java_prim_type_float	5	java_prim_type_int
"< Application, Lavrora/arch/avr/AVRState, map_set([Lavrora/sim/ActiveRegister;II)V >"	1	6	java_prim_type_byte	3	java_prim_type_int
"< Application, Lavrora/monitors/TraceMonitor$Mon, report()V >"	16	27	java_prim_type_long	26	java_prim_type_int
"< Application, Lcck/text/CharUtil, toUpperHexChar(I)C >"	2	10	java_prim_type_char	9	java_prim_type_int
"< Application, Lavrora/actions/SimAction, reportTime(Lavrora/sim/Simulation;JZ)V >"	28	47	java_prim_type_double	35	java_prim_type_int
"< Application, Lavrora/gui/GraphEvents, paint(Ljava/awt/Graphics;)V >"	193	201	java_prim_type_double	200	java_prim_type_int
"< Application, Lavrora/monitors/IcallMonitor$Mon, reportIndirectCall(Lavrora/sim/State;I)V >"	14	28	java_prim_type_long	15	java_prim_type_int
"< Application, Lavrora/monitors/CallTreeProfiler$ProfileMonitor, reportSubTree(Lavrora/monitors/CallTreeProfiler$CallTreeNode;ID)V >"	8	14	java_prim_type_double	12	java_prim_type_long
"< Application, Lavrora/test/sim/msp430/MSP430StateAccessor$DATA, setIndex(II)V >"	2	7	java_prim_type_char	3	java_prim_type_int
"< Application, Lavrora/sim/radio/LossyModel, lockTransmission(Lavrora/sim/radio/Medium$Receiver;Lavrora/sim/radio/Medium$Transmission;I)Z >"	8	16	java_prim_type_double	9	java_prim_type_int
"< Application, Lcck/text/StringUtil, appendFract(Ljava/lang/StringBuffer;DI)V >"	9	16	java_prim_type_char	15	java_prim_type_int
"< Application, Lcck/stat/Proportion, getFraction(Ljava/lang/String;)F >"	7	12	java_prim_type_float	11	java_prim_type_int
"< Application, Lavrora/monitors/PacketMonitor$Mon, renderByte(ICZLjava/lang/StringBuffer;)Z >"	0	8	java_prim_type_byte	3	java_prim_type_int
"< Application, Lavrora/gui/TimeScale, getX(J)I >"	6	9	java_prim_type_double	8	java_prim_type_long
"< Application, Lcck/util/Arithmetic, mult([J[I)J >"	14	14	java_prim_type_long	21	java_prim_type_int
"< Application, Lavrora/monitors/MemoryMonitor$Monitor, report()V >"	19	29	java_prim_type_double	28	java_prim_type_long
"< Application, Lavrora/monitors/SimPerfMonitor$Mon, report()V >"	28	38	java_prim_type_float	30	java_prim_type_long
"< Application, Lavrora/stack/AbstractArithmetic, or(CCC)C >"	3	9	java_prim_type_char	8	java_prim_type_int
"< Application, Lavrora/sim/mcu/ATMegaFamily$Timer0$ASSRRegister, write(B)V >"	1	6	java_prim_type_byte	5	java_prim_type_int
"< Application, Lavrora/sim/radio/CC2420Radio$Receiver, getCorrelation()D >"	13	19	java_prim_type_double	18	java_prim_type_long
"< Application, Lavrora/stack/AbstractArithmetic, add(CC)C >"	6	30	java_prim_type_byte	29	java_prim_type_int
"< Application, Lavrora/gui/TimeScale, drawScale(Ljava/awt/Dimension;Ljava/awt/Graphics;)V >"	32	46	java_prim_type_double	45	java_prim_type_long
"< Application, Lavrora/monitors/MemoryMonitor$Monitor, report()V >"	48	58	java_prim_type_long	37	java_prim_type_double
"< Application, Lavrora/actions/SimAction, reportTime(Lavrora/sim/Simulation;JZ)V >"	21	36	java_prim_type_double	24	java_prim_type_long
"< Application, Lavrora/sim/util/SimUtil, toIDTimeString(Ljava/lang/StringBuffer;ILavrora/sim/clock/Clock;)V >"	15	29	java_prim_type_double	23	java_prim_type_long
"< Application, Lavrora/sim/mcu/ATMegaClassic$Timer8Bit, setCounter(I)V >"	1	5	java_prim_type_byte	2	java_prim_type_int
"< Application, Lavrora/monitors/TraceMonitor$Mon, report()V >"	13	23	java_prim_type_float	20	java_prim_type_long
"< Application, Lavrora/stack/AbstractInterpreter, mul8(CZCZ)I >"	11	22	java_prim_type_byte	18	java_prim_type_int
"< Application, Lavrora/monitors/GDBServer, newMonitor(Lavrora/sim/Simulator;)Lavrora/monitors/Monitor; >"	3	8	java_prim_type_int	7	java_prim_type_long
"< Application, Lavrora/gui/TimeScale, drawScale(Ljava/awt/Dimension;Ljava/awt/Graphics;)V >"	39	54	java_prim_type_int	53	java_prim_type_long
"< Application, Lavrora/stack/AbstractArithmetic, maskOf(C)C >"	2	7	java_prim_type_char	6	java_prim_type_int
"< Application, Lcck/stat/MinMaxMean, merge(Lcck/stat/MinMaxMean;)Lcck/stat/MinMaxMean; >"	57	39	java_prim_type_float	38	java_prim_type_int
"< Application, Lcck/stat/Distribution, printDistribution(Lcck/text/Printer;I[I)V >"	23	26	java_prim_type_int	25	java_prim_type_float
"< Application, Lavrora/gui/TimeScale, <clinit>()V >"	12	19	java_prim_type_double	18	java_prim_type_long
"< Application, Lavrora/gui/TimeScale, drawScale(Ljava/awt/Dimension;Ljava/awt/Graphics;)V >"	11	17	java_prim_type_double	9	java_prim_type_int
"< Application, Lcck/text/StringUtil, escapeChar(Ljava/text/CharacterIterator;)C >"	22	8	java_prim_type_char	7	java_prim_type_int
"< Application, Lorg/dacapo/harness/ChordHarness, coeff_of_var([J)D >"	1	4	java_prim_type_double	3	java_prim_type_int
"< Application, Lavrora/monitors/GDBServer$GDBMonitor, appendSP(Lavrora/sim/State;Ljava/lang/StringBuffer;)V >"	8	20	java_prim_type_long	19	java_prim_type_int
"< Application, Lavrora/gui/GraphNumbers, drawValueScale(Ljava/awt/Dimension;Ljava/awt/Graphics;)V >"	44	53	java_prim_type_int	52	java_prim_type_double
"< Application, Lavrora/sim/platform/ExternalFlash, access$1176(Lavrora/sim/platform/ExternalFlash;I)S >"	2	6	java_prim_type_short	5	java_prim_type_int
"< Application, Lavrora/sim/mcu/ATMegaTimer$LowRegister, read()B >"	9	15	java_prim_type_byte	14	java_prim_type_int
"< Application, Lavrora/sim/mcu/EEPROM$EEARHReg, write(B)V >"	9	14	java_prim_type_byte	13	java_prim_type_int
"< Application, Lavrora/stack/AbstractArithmetic, decrement(C)C >"	6	13	java_prim_type_byte	11	java_prim_type_int
"< Application, Lavrora/arch/avr/AVRInterpreter, pushByte(I)V >"	4	10	java_prim_type_byte	2	java_prim_type_int
"< Application, Lavrora/sim/clock/DerivedClock, insertEvent(Lavrora/sim/Simulator$Event;J)V >"	7	13	java_prim_type_double	12	java_prim_type_long
"< Application, Lavrora/sim/radio/LossyModel, mergeTransmissions(Lavrora/sim/radio/Medium$Receiver;Ljava/util/List;JI)C >"	34	39	java_prim_type_char	37	java_prim_type_int
"< Application, Lavrora/monitors/SnifferMonitor$Mon, renderRxPacket()Ljava/lang/StringBuffer; >"	46	68	java_prim_type_byte	57	java_prim_type_int
"< Application, Lcck/text/StringUtil, toFixedFloat(FI)Ljava/lang/String; >"	9	13	java_prim_type_long	1	java_prim_type_float
"< Application, Lavrora/sim/radio/Medium$Receiver, earliestNewTransmission(J)Lavrora/sim/radio/Medium$Transmission; >"	19	26	java_prim_type_int	25	java_prim_type_double
"< Application, Lavrora/sim/mcu/ATMegaFamilyNew$FlagRegister, write(B)V >"	3	8	java_prim_type_byte	7	java_prim_type_int
"< Application, Lavrora/stack/AbstractInterpreter, visit(Lavrora/arch/legacy/LegacyInstr$CPI;)V >"	4	9	java_prim_type_byte	8	java_prim_type_int
"< Application, Lavrora/sim/mcu/ReprogrammableCodeSegment, pageErase(II)V >"	10	15	java_prim_type_long	14	java_prim_type_int
"< Application, Lavrora/monitors/BreakMonitor$Mon$BreakProbe, fireBefore(Lavrora/sim/State;I)V >"	13	30	java_prim_type_long	28	java_prim_type_int
"< Application, Lavrora/sim/radio/CC1000Radio$SerialConfigurationInterface, clockInBit()V >"	12	28	java_prim_type_byte	27	java_prim_type_int
"< Application, Lorg/dacapo/harness/ChordHarness, coeff_of_var([J)D >"	6	9	java_prim_type_double	8	java_prim_type_long
"< Application, Lavrora/monitors/SnifferMonitor$Mon, renderTxPacket()Ljava/lang/StringBuffer; >"	49	72	java_prim_type_byte	61	java_prim_type_int
"< Application, Lavrora/test/sim/legacy/LegacyStateAccessor$Register, set(I)V >"	4	9	java_prim_type_byte	2	java_prim_type_int
"< Application, Lcck/util/Arithmetic, high(S)B >"	1	5	java_prim_type_byte	4	java_prim_type_int
"< Application, Lcck/stat/StatUtil, sum(Lcck/stat/Sequence;)J >"	5	11	java_prim_type_long	10	java_prim_type_int
"< Application, Lavrora/arch/msp430/MSP430Interpreter, popWord()I >"	1	5	java_prim_type_byte	4	java_prim_type_int
"< Application, Lavrora/actions/DisassembleAction, exhaustive(Lavrora/arch/AbstractDisassembler;)V >"	6	11	java_prim_type_byte	23	java_prim_type_int
"< Application, Lavrora/gui/GraphEvents, paint(Ljava/awt/Graphics;)V >"	77	95	java_prim_type_int	94	java_prim_type_double
"< Application, Lcck/util/Arithmetic, word(BB)S >"	3	9	java_prim_type_short	8	java_prim_type_int
"< Application, Lavrora/sim/radio/Medium$TXRX, <init>(Lavrora/sim/radio/Medium;Lavrora/sim/clock/Clock;)V >"	14	14	java_prim_type_long	9	java_prim_type_int
"< Application, Lavrora/stack/AbstractArithmetic, merge(CB)C >"	5	12	java_prim_type_char	11	java_prim_type_int
"< Application, Lavrora/monitors/PacketMonitor$Mon, report()V >"	38	55	java_prim_type_long	54	java_prim_type_int
"< Application, Lavrora/stack/AbstractArithmetic, logicalAnd(CC)C >"	2	7	java_prim_type_char	6	java_prim_type_int
"< Application, Lavrora/monitors/TripTimeMonitor$PointToPointMon$Pair, report(Lcck/text/Printer;)V >"	8	16	java_prim_type_double	15	java_prim_type_long
"< Application, Lavrora/sim/output/EventGen, gen(Ljava/lang/Object;II)V >"	4	12	java_prim_type_long	4	java_prim_type_int
"< Application, Lavrora/monitors/GDBServer$GDBMonitor, appendSREG(Lavrora/arch/legacy/LegacyState;Ljava/lang/StringBuffer;)V >"	2	9	java_prim_type_long	8	java_prim_type_int
"< Application, Lavrora/sim/output/EventGen, gen(Ljava/lang/Object;B)V >"	3	8	java_prim_type_long	3	java_prim_type_int
"< Application, Lavrora/sim/radio/CC1000Radio$Receiver, nextByte(ZB)B >"	13	28	java_prim_type_int	27	java_prim_type_long
"< Application, Lavrora/sim/AtmelInterpreter$StateImpl, getSREG()B >"	40	44	java_prim_type_byte	43	java_prim_type_int
"< Application, Lavrora/test/probes/ProbeTest, addResultEvent(Lavrora/test/probes/Token;Lavrora/test/probes/Token;)V >"	4	10	java_prim_type_long	9	java_prim_type_int
"< Application, Lavrora/actions/ELFDumpAction, printPHT(Lcck/elf/ELFProgramHeaderTable;)V >"	10	15	java_prim_type_long	84	java_prim_type_int
"< Application, Lavrora/test/sim/legacy/LegacyStateAccessor$FLASH, setIndex(II)V >"	2	7	java_prim_type_byte	3	java_prim_type_int
"< Application, Lavrora/sim/platform/LCDScreen, setCursor(I)V >"	4	14	java_prim_type_char	2	java_prim_type_int
"< Application, Lavrora/sim/mcu/AtmelInternalDevice, write16(ILavrora/sim/RWRegister;Lavrora/sim/RWRegister;)V >"	5	13	java_prim_type_byte	12	java_prim_type_int
"< Application, Lavrora/stack/AbstractArithmetic, xor(CC)C >"	2	7	java_prim_type_char	6	java_prim_type_int
"< Application, Lavrora/gui/GraphEvents, paint(Ljava/awt/Graphics;)V >"	58	74	java_prim_type_double	73	java_prim_type_int
"< Application, Lavrora/gui/GraphEvents, paint(Ljava/awt/Graphics;)V >"	176	184	java_prim_type_int	183	java_prim_type_double
"< Application, Lavrora/gui/GraphEvents, paint(Ljava/awt/Graphics;)V >"	70	89	java_prim_type_double	88	java_prim_type_int
"< Application, Lavrora/arch/legacy/LegacyInterpreter, leaveSleepMode()V >"	5	9	java_prim_type_long	8	java_prim_type_int
"< Application, Lavrora/sim/Simulation$Node, processTimeout()V >"	10	17	java_prim_type_long	16	java_prim_type_double
"< Application, Lavrora/gui/GraphNumbers, paint(Ljava/awt/Graphics;)V >"	21	30	java_prim_type_double	29	java_prim_type_int
"< Application, Lavrora/sim/radio/Medium, <clinit>()V >"	2	4	java_prim_type_double	3	java_prim_type_int
"< Application, Lavrora/sim/FiniteStateMachine, transition(I)V >"	68	31	java_prim_type_long	10	java_prim_type_int
"< Application, Lavrora/sim/mcu/ReprogrammableCodeSegment, <init>(Ljava/lang/String;ILavrora/sim/AtmelInterpreter;I)V >"	29	43	java_prim_type_double	42	java_prim_type_long
"< Application, Lcck/util/Arithmetic, lowestBit(J)I >"	0	4	java_prim_type_int	1	java_prim_type_long
"< Application, Lcck/text/CharUtil, toLowerHexChar(I)C >"	6	7	java_prim_type_char	6	java_prim_type_int
"< Application, Lavrora/monitors/TripTimeMonitor$PointToPointMon$Pair, report(Lcck/text/Printer;)V >"	10	18	java_prim_type_double	17	java_prim_type_int
"< Application, Lavrora/monitors/ProfileMonitor$Mon, computePercent(JJ)F >"	10	11	java_prim_type_float	2	java_prim_type_long
"< Application, Lavrora/stack/AbstractArithmetic, commonMask(CCC)C >"	5	13	java_prim_type_char	12	java_prim_type_int
"< Application, Lavrora/syntax/raw/RAWReader, readByte(Lavrora/syntax/raw/RAWReader$Record;Ljava/text/CharacterIterator;)V >"	3	10	java_prim_type_byte	7	java_prim_type_int
"< Application, Lavrora/sim/radio/CC2420Radio, strobeName(I)Ljava/lang/String; >"	18	5	java_prim_type_long	1	java_prim_type_int
"< Application, Lavrora/monitors/VirgilMonitor$Mon$BreakProbe, fireBefore(Lavrora/sim/State;I)V >"	11	20	java_prim_type_int	19	java_prim_type_long
"< Application, Lavrora/stack/AbstractInterpreter, mul8(CZCZ)I >"	10	21	java_prim_type_byte	17	java_prim_type_int
"< Application, Lavrora/stack/AbstractArithmetic, shiftLeftOne(CC)C >"	4	11	java_prim_type_char	10	java_prim_type_int
"< Application, Lavrora/monitors/ProfileMonitor$Mon, reportProfile()V >"	38	49	java_prim_type_long	44	java_prim_type_int
"< Application, Lavrora/sim/platform/sensors/AccelSensor$ADCInput, getVoltage()F >"	14	17	java_prim_type_float	12	java_prim_type_int
"< Application, Lavrora/sim/mcu/ReprogrammableCodeSegment, <init>(Ljava/lang/String;ILavrora/sim/AtmelInterpreter;I)V >"	25	39	java_prim_type_int	38	java_prim_type_double
"< Application, Lavrora/sim/radio/CC2420Radio$Receiver, getCorrelation()D >"	10	15	java_prim_type_long	14	java_prim_type_int
"< Application, Lavrora/actions/SimAction, reportTime(Lavrora/sim/Simulation;JZ)V >"	23	39	java_prim_type_double	38	java_prim_type_long
"< Application, Lavrora/sim/mcu/EEPROM$EEARLReg, write(B)V >"	9	15	java_prim_type_byte	14	java_prim_type_int
"< Application, Lavrora/sim/util/MemPrint, fireBeforeWrite(Lavrora/sim/State;IB)V >"	47	102	java_prim_type_char	96	java_prim_type_int
"< Application, Lavrora/monitors/PacketMonitor$Mon, report()V >"	20	29	java_prim_type_long	28	java_prim_type_int
"< Application, Lavrora/sim/radio/CC1000Radio$SerialConfigurationInterface, clockInBit()V >"	4	23	java_prim_type_byte	22	java_prim_type_int
"< Application, Lavrora/arch/msp430/MSP430Interpreter, pushWord(I)V >"	3	9	java_prim_type_byte	2	java_prim_type_int
"< Application, Lavrora/sim/mcu/Timer16Bit, resetPeriod(I)V >"	44	39	java_prim_type_long	2	java_prim_type_int
"< Application, Lcck/util/Arithmetic, ulow(S)C >"	1	5	java_prim_type_char	4	java_prim_type_int
"< Application, Lavrora/arch/msp430/MSP430Interpreter, popByte()I >"	5	11	java_prim_type_char	10	java_prim_type_int
"< Application, Lavrora/gui/TimeScale, drawScale(Ljava/awt/Dimension;Ljava/awt/Graphics;)V >"	16	23	java_prim_type_int	22	java_prim_type_double
"< Application, Lavrora/actions/DisassembleAction, exhaustive(Lavrora/arch/AbstractDisassembler;)V >"	2	7	java_prim_type_int	6	java_prim_type_long
"< Application, Lavrora/stack/AbstractArithmetic, setBit(CIC)C >"	6	13	java_prim_type_char	12	java_prim_type_int
"< Application, Lavrora/sim/mcu/SPI$TransferEvent, enableTransfer()V >"	32	37	java_prim_type_long	36	java_prim_type_int
"< Application, Lcck/util/Arithmetic, setBit(BI)B >"	2	7	java_prim_type_byte	6	java_prim_type_int
"< Application, Lavrora/sim/radio/Medium$Receiver$Ticker, deliverByte(J)V >"	49	80	java_prim_type_int	79	java_prim_type_double
"< Application, Lavrora/monitors/InterruptMonitor$Mon, fireAfterInvoke(Lavrora/sim/State;I)V >"	10	17	java_prim_type_int	16	java_prim_type_long
"< Application, Lavrora/gui/GraphNumbers, paint(Ljava/awt/Graphics;)V >"	28	38	java_prim_type_int	21	java_prim_type_long
"< Application, Lcck/util/Arithmetic, ulow(C)C >"	1	5	java_prim_type_char	4	java_prim_type_int
"< Application, Lavrora/sim/radio/CC2420Radio$Transmitter, nextByte()B >"	44	112	java_prim_type_byte	111	java_prim_type_int
"< Application, Lavrora/stack/Analyzer, printStats()V >"	22	32	java_prim_type_long	31	java_prim_type_int
"< Application, Lavrora/gui/GraphEvents, paint(Ljava/awt/Graphics;)V >"	59	75	java_prim_type_int	74	java_prim_type_double
"< Application, Lavrora/sim/radio/Medium$BasicArbitrator, mergeTransmissions(Lavrora/sim/radio/Medium$Receiver;Ljava/util/List;JI)C >"	25	35	java_prim_type_char	34	java_prim_type_int
"< Application, Lavrora/arch/msp430/MSP430Interpreter, setData(IC)V >"	6	13	java_prim_type_byte	12	java_prim_type_int
"< Application, Lavrora/sim/energy/Energy, <init>(Ljava/lang/String;[DLavrora/sim/FiniteStateMachine;Lavrora/sim/energy/EnergyControl;)V >"	10	15	java_prim_type_int	14	java_prim_type_long
"< Application, Lavrora/monitors/GDBServer$GDBMonitor, readCommand()Ljava/lang/String; >"	13	16	java_prim_type_char	15	java_prim_type_int
"< Application, Lavrora/sim/AtmelInterpreter, writeVolatile(IB)B >"	7	14	java_prim_type_byte	13	java_prim_type_int
"< Application, Lavrora/syntax/elf/ELFParser, loadSections(Ljava/io/RandomAccessFile;)Lavrora/core/Program; >"	17	20	java_prim_type_long	19	java_prim_type_int
"< Application, Lavrora/stack/Analyzer, printStats()V >"	17	23	java_prim_type_long	22	java_prim_type_int
"< Application, Lcck/text/StringUtil, alpha(I)C >"	2	7	java_prim_type_char	6	java_prim_type_int
"< Application, Lcck/util/Arithmetic, low(I)B >"	0	3	java_prim_type_byte	1	java_prim_type_int
"< Application, Lavrora/sim/radio/CC2420Radio, getStatus()B >"	2	6	java_prim_type_byte	5	java_prim_type_int
"< Application, Lavrora/stack/AbstractArithmetic, knownVal(B)C >"	2	7	java_prim_type_char	6	java_prim_type_int
"< Application, Lcck/elf/ELFStringTable, getString(I)Ljava/lang/String; >"	20	20	java_prim_type_char	18	java_prim_type_int
"< Application, Lavrora/sim/clock/Clock, cyclesToMillis(J)D >"	3	8	java_prim_type_double	7	java_prim_type_long
"< Application, Lcck/stat/MinMaxMean, record(I)V >"	6	19	java_prim_type_float	2	java_prim_type_int
"< Application, Lavrora/monitors/CallTimeMonitor$CallTimeMon, report()V >"	47	77	java_prim_type_float	76	java_prim_type_long
"< Application, Lavrora/stack/AbstractInterpreter, addImmediateToRegister(Lavrora/arch/legacy/LegacyRegister;I)V >"	11	22	java_prim_type_byte	18	java_prim_type_int
"< Application, Lavrora/actions/ELFDumpAction, printSymbolTable(Lcck/elf/ELFSymbolTable;Lcck/elf/ELFSectionHeaderTable;)V >"	11	18	java_prim_type_long	95	java_prim_type_int
"< Application, Lavrora/syntax/Item$InitializedData, writeValue(Lavrora/syntax/Expr;Lavrora/syntax/Module;Lavrora/syntax/Module$Seg;I)I >"	5	12	java_prim_type_byte	20	java_prim_type_int
"< Application, Lavrora/arch/msp430/MSP430Interpreter, pushByte(I)V >"	3	9	java_prim_type_byte	2	java_prim_type_int
"< Application, Lcck/stat/MinMaxMean, process()V >"	1	4	java_prim_type_float	3	java_prim_type_int
"< Application, Lavrora/actions/ELFDumpAction, printSHT(Lcck/elf/ELFSectionHeaderTable;)V >"	28	46	java_prim_type_long	45	java_prim_type_int
"< Application, Lavrora/sim/platform/ExternalFlash$PD5Output, doAction()V >"	117	21	java_prim_type_short	20	java_prim_type_int
"< Application, Lavrora/gui/TimeScale, drawScale(Ljava/awt/Dimension;Ljava/awt/Graphics;)V >"	10	16	java_prim_type_int	15	java_prim_type_double
"< Application, Lavrora/sim/clock/ClockPrescaler, insertEvent(Lavrora/sim/Simulator$Event;J)V >"	9	16	java_prim_type_long	15	java_prim_type_int
"< Application, Lavrora/monitors/MemoryMonitor$Monitor, printLine(Ljava/lang/String;JDJD)V >"	2	13	java_prim_type_double	12	java_prim_type_long
"< Application, Lavrora/sim/mcu/ATMegaFamily$FlagRegister, write(B)V >"	3	8	java_prim_type_byte	7	java_prim_type_int
"< Application, Lavrora/gui/TimeScale, drawTickLabel(Lavrora/gui/TimeScale$ZoomLevel;ILjava/awt/Graphics;II)V >"	0	8	java_prim_type_long	3	java_prim_type_int
"< Application, Lavrora/sim/mcu/ReprogrammableCodeSegment$SPMCSR_reg, reset()V >"	2	6	java_prim_type_byte	5	java_prim_type_int
"< Application, Lavrora/monitors/PacketMonitor$Mon, fireBeforeTransmit(Lavrora/sim/radio/Medium$Transmitter;B)V >"	7	14	java_prim_type_char	13	java_prim_type_int
"< Application, Lavrora/sim/radio/RadiusModel, mergeTransmissions(Lavrora/sim/radio/Medium$Receiver;Ljava/util/List;JI)C >"	34	39	java_prim_type_char	37	java_prim_type_int
"< Application, Lavrora/gui/GraphNumbers, drawValueScale(Ljava/awt/Dimension;Ljava/awt/Graphics;)V >"	38	47	java_prim_type_double	15	java_prim_type_int
"< Application, Lavrora/sim/platform/SerialForwarder, receiveFrame(Lavrora/sim/mcu/USART$Frame;)V >"	2	6	java_prim_type_byte	5	java_prim_type_int
"< Application, Lavrora/stack/AbstractArithmetic, shiftLeftOne(C)C >"	3	9	java_prim_type_char	8	java_prim_type_int
"< Application, Lavrora/gui/TimeScale, setPosition(I)V >"	5	11	java_prim_type_long	10	java_prim_type_double
"< Application, Lcck/elf/ELFDataInputStream, read_section(II)[B >"	2	7	java_prim_type_long	2	java_prim_type_int
"< Application, Lavrora/monitors/SnifferMonitor$Mon, renderRxPacket()Ljava/lang/StringBuffer; >"	70	106	java_prim_type_byte	95	java_prim_type_int
"< Application, Lavrora/gui/TimeScale, drawScale(Ljava/awt/Dimension;Ljava/awt/Graphics;)V >"	59	75	java_prim_type_double	74	java_prim_type_int
"< Application, Lcck/stat/Distribution, printDistribution(Lcck/text/Printer;I[I)V >"	24	27	java_prim_type_float	26	java_prim_type_int
"< Application, Lcck/util/Arithmetic, high(I)B >"	2	7	java_prim_type_byte	6	java_prim_type_int
"< Application, Lcck/text/StringUtil, appendFract(Ljava/lang/StringBuffer;DI)V >"	4	10	java_prim_type_double	23	java_prim_type_int
"< Application, Lavrora/sim/radio/CC1000Radio$Receiver, nextByte(ZB)B >"	7	22	java_prim_type_long	20	java_prim_type_int
"< Application, Lavrora/stack/AbstractArithmetic, subtract(CC)C >"	6	30	java_prim_type_byte	29	java_prim_type_int
"< Application, Lcck/stat/Distribution, printDistribution(Lcck/text/Printer;I[I)V >"	21	24	java_prim_type_float	23	java_prim_type_int
"< Application, Lavrora/actions/ELFDumpAction, printPHT(Lcck/elf/ELFProgramHeaderTable;)V >"	43	66	java_prim_type_long	65	java_prim_type_int
"< Application, Lavrora/stack/AbstractInterpreter, visit(Lavrora/arch/legacy/LegacyInstr$SBCI;)V >"	4	9	java_prim_type_byte	8	java_prim_type_int
"< Application, Lavrora/arch/msp430/MSP430State, map_set([CII)V >"	2	7	java_prim_type_char	4	java_prim_type_int
"< Application, Lavrora/test/probes/ProbeTest$TestEvent, insert(I)V >"	10	9	java_prim_type_long	2	java_prim_type_int
"< Application, Lcck/text/StringUtil, toFixedFloat(FI)Ljava/lang/String; >"	16	18	java_prim_type_float	13	java_prim_type_long
"< Application, Lavrora/actions/ELFDumpAction, printPHT(Lcck/elf/ELFProgramHeaderTable;)V >"	39	60	java_prim_type_long	59	java_prim_type_int
"< Application, Lavrora/monitors/TripTimeMonitor$PointToPointMon$Pair, report(Lcck/text/Printer;)V >"	45	77	java_prim_type_float	76	java_prim_type_long
"< Application, Lavrora/sim/mcu/USART$ControlRegisterA, write(B)V >"	4	10	java_prim_type_byte	9	java_prim_type_int
"< Application, Lcck/stat/MinMaxMean, merge(Lcck/stat/MinMaxMean;)Lcck/stat/MinMaxMean; >"	61	43	java_prim_type_float	42	java_prim_type_int
"< Application, Lavrora/sim/radio/Medium$Receiver$Ticker, deliverByte(J)V >"	103	162	java_prim_type_int	161	java_prim_type_double
"< Application, Lavrora/arch/msp430/MSP430Interpreter, bumpPC()V >"	3	8	java_prim_type_char	7	java_prim_type_int
"< Application, Lavrora/monitors/SnifferMonitor$Mon, renderTxPacket()Ljava/lang/StringBuffer; >"	41	63	java_prim_type_long	61	java_prim_type_int
"< Application, Lcck/text/StringUtil, appendFract(Ljava/lang/StringBuffer;DI)V >"	6	12	java_prim_type_int	11	java_prim_type_double
"< Application, Lavrora/monitors/InterruptMonitor$Mon, fireBeforeInvoke(Lavrora/sim/State;I)V >"	34	39	java_prim_type_int	38	java_prim_type_long
"< Application, Lavrora/stack/isea/ISEState, <clinit>()V >"	12	18	java_prim_type_byte	17	java_prim_type_int
"< Application, Lavrora/sim/radio/CC2420Radio, getStatus()B >"	9	15	java_prim_type_long	6	java_prim_type_int
"< Application, Lavrora/sim/radio/Medium$Receiver$Ticker, deliverByte(J)V >"	61	96	java_prim_type_int	95	java_prim_type_double
"< Application, Lavrora/sim/radio/CC2420Radio$Receiver, nextByte(ZB)B >"	173	108	java_prim_type_byte	107	java_prim_type_int
"< Application, Lorg/dacapo/harness/TestHarness, coeff_of_var([J)D >"	1	4	java_prim_type_double	3	java_prim_type_int
"< Application, Lavrora/monitors/CallTreeProfiler$ProfileMonitor, report()V >"	16	19	java_prim_type_double	17	java_prim_type_long
"< Application, Lavrora/monitors/SimPerfMonitor$Mon, report()V >"	55	84	java_prim_type_long	31	java_prim_type_int
"< Application, Lavrora/monitors/GDBServer$GDBMonitor, appendPC(Lavrora/sim/State;Ljava/lang/StringBuffer;)V >"	2	9	java_prim_type_long	8	java_prim_type_int
"< Application, Lavrora/sim/radio/CC2420Radio$Transmitter, nextByte()B >"	178	145	java_prim_type_long	135	java_prim_type_int
"< Application, Lavrora/sim/mcu/EEPROM$EECRReg, write(B)V >"	12	18	java_prim_type_long	17	java_prim_type_int
"< Application, Lavrora/gui/GraphEvents, paint(Ljava/awt/Graphics;)V >"	173	181	java_prim_type_double	180	java_prim_type_int
"< Application, Lcck/elf/ELFProgramHeaderTable, getType(Lcck/elf/ELFProgramHeaderTable$Entry32;)Ljava/lang/String; >"	10	5	java_prim_type_long	4	java_prim_type_int
"< Application, Lavrora/arch/legacy/LegacyInterpreter, low(I)B >"	0	3	java_prim_type_byte	1	java_prim_type_int
"< Application, Lcck/util/Arithmetic, ubyte(B)C >"	1	5	java_prim_type_char	4	java_prim_type_int
"< Application, Lavrora/sim/platform/sensors/ReplaySensorData, getNextReading()V >"	9	10	java_prim_type_int	9	java_prim_type_double
"< Application, Lavrora/monitors/ProfileMonitor$Mon, computePercent(JJ)F >"	13	14	java_prim_type_float	13	java_prim_type_long
"< Application, Lcck/elf/ELFSectionHeaderTable, read(Ljava/io/RandomAccessFile;)V >"	6	9	java_prim_type_long	8	java_prim_type_int
"< Application, Lavrora/sim/mcu/ReprogrammableCodeSegment$SPMCSR_reg, write(B)V >"	14	20	java_prim_type_byte	19	java_prim_type_int
"< Application, Lavrora/monitors/SimPerfMonitor$Mon, report()V >"	33	44	java_prim_type_float	37	java_prim_type_long
"< Application, Lavrora/sim/clock/DerivedClock, insertEvent(Lavrora/sim/Simulator$Event;J)V >"	2	8	java_prim_type_double	7	java_prim_type_long
"< Application, Lavrora/actions/ELFDumpAction, printPHT(Lcck/elf/ELFProgramHeaderTable;)V >"	20	32	java_prim_type_long	31	java_prim_type_int
"< Application, Lcck/text/StringUtil, toMultirepString(II)Ljava/lang/String; >"	7	16	java_prim_type_long	1	java_prim_type_int
"< Application, Lavrora/actions/SimAction, run([Ljava/lang/String;)V >"	5	10	java_prim_type_int	9	java_prim_type_long
"< Application, Lavrora/sim/RWRegister, setValue(I)V >"	0	4	java_prim_type_byte	2	java_prim_type_int
"< Application, Lavrora/sim/radio/Medium$Transmission, getByteAtTime(J)B >"	10	10	java_prim_type_int	9	java_prim_type_long
"< Application, Lavrora/sim/mcu/ADC$ControlRegister, insertConversion()V >"	6	10	java_prim_type_long	9	java_prim_type_int
"< Application, Lcck/text/StringUtil, escapeChar(Ljava/text/CharacterIterator;)C >"	19	12	java_prim_type_char	11	java_prim_type_int
"< Application, Lcck/elf/ELFDataInputStream, read_Elf32_Half()S >"	1	5	java_prim_type_short	4	java_prim_type_int
"< Application, Lavrora/stack/AbstractInterpreter, visit(Lavrora/arch/legacy/LegacyInstr$LDI;)V >"	3	7	java_prim_type_byte	6	java_prim_type_int
"< Application, Lavrora/sim/platform/ExternalFlash$PD5Output, doAction()V >"	61	95	java_prim_type_short	94	java_prim_type_int
"< Application, Lavrora/sim/radio/Medium$Receiver$Ticker, deliverByte(J)V >"	114	177	java_prim_type_char	176	java_prim_type_int
"< Application, Lavrora/gui/GraphEvents, paint(Ljava/awt/Graphics;)V >"	162	167	java_prim_type_int	166	java_prim_type_double
"< Application, Lavrora/sim/mcu/EEPROM$EEPROMTicker, fire()V >"	53	68	java_prim_type_double	67	java_prim_type_long
"< Application, Lavrora/monitors/CallStack, getInterrupt(I)B >"	5	11	java_prim_type_byte	10	java_prim_type_int
"< Application, Lavrora/stack/AbstractArithmetic, add(CC)C >"	15	19	java_prim_type_byte	13	java_prim_type_int
"< Application, Lavrora/monitors/CallTimeMonitor$CallTimeMon, report()V >"	22	32	java_prim_type_double	31	java_prim_type_float
"< Application, Lavrora/sim/radio/Medium$Receiver, isChannelClear(II)Z >"	50	71	java_prim_type_int	70	java_prim_type_double
"< Application, Lavrora/sim/energy/Energy, <init>(Ljava/lang/String;[DLavrora/sim/FiniteStateMachine;Lavrora/sim/energy/EnergyControl;)V >"	11	17	java_prim_type_double	15	java_prim_type_int
"< Application, Lavrora/sim/util/SimUtil, writeError(Lavrora/sim/Simulator;Ljava/lang/String;IB)V >"	10	26	java_prim_type_long	25	java_prim_type_int
"< Application, Lavrora/sim/radio/CC2420Radio, crcAccumulate(CB)C >"	2	8	java_prim_type_char	7	java_prim_type_int
"< Application, Lavrora/gui/TimeScale, size(J)I >"	5	11	java_prim_type_int	10	java_prim_type_double
"< Application, Lavrora/sim/util/MemPrint, fireBeforeWrite(Lavrora/sim/State;IB)V >"	103	33	java_prim_type_char	26	java_prim_type_int
"< Application, Lcck/text/StringUtil, convertToHex(JII[C[C)Ljava/lang/String; >"	24	19	java_prim_type_int	18	java_prim_type_long
"< Application, Lavrora/stack/AbstractArithmetic, or(CC)C >"	2	7	java_prim_type_char	6	java_prim_type_int
"< Application, Lavrora/sim/radio/CC2420Radio, regName(I)Ljava/lang/String; >"	37	5	java_prim_type_long	1	java_prim_type_int
"< Application, Lavrora/gui/TimeScale, drawScale(Ljava/awt/Dimension;Ljava/awt/Graphics;)V >"	7	12	java_prim_type_double	11	java_prim_type_int
"< Application, Lavrora/sim/radio/CC1000Radio$Modem0Register, calculateBaudRate(II)V >"	5	11	java_prim_type_long	10	java_prim_type_int
"< Application, Lavrora/stack/AbstractArithmetic, mergeMask(CC)C >"	2	7	java_prim_type_char	6	java_prim_type_int
"< Application, Lavrora/monitors/IORegMonitor$Monitor, insertAllWatches(Lavrora/sim/mcu/Microcontroller;Lavrora/sim/Simulator;)V >"	7	13	java_prim_type_long	25	java_prim_type_int
"< Application, Lavrora/sim/util/SimUtil, toIDTimeString(Ljava/lang/StringBuffer;ILavrora/sim/clock/Clock;)V >"	14	28	java_prim_type_double	27	java_prim_type_long
"< Application, Lavrora/sim/mcu/EEPROM$EEPROMTicker, fire()V >"	55	71	java_prim_type_long	70	java_prim_type_double
"< Application, Lorg/dacapo/harness/TestHarness, coeff_of_var([J)D >"	6	9	java_prim_type_double	8	java_prim_type_long
"< Application, Lavrora/sim/mcu/USART$SerialPrinter, transmitFrame()Lavrora/sim/mcu/USART$Frame; >"	9	12	java_prim_type_byte	11	java_prim_type_int
"< Application, Lavrora/sim/energy/Energy, getConsumedEnergy(I)D >"	1	7	java_prim_type_double	6	java_prim_type_long
"< Application, Lcck/util/Arithmetic, reverseBits(B)B >"	9	14	java_prim_type_byte	13	java_prim_type_int
"< Application, Lavrora/monitors/PacketMonitor$Mon, report()V >"	48	66	java_prim_type_long	65	java_prim_type_int
"< Application, Lavrora/test/sim/legacy/LegacyStateAccessor$SRAM, setIndex(II)V >"	2	7	java_prim_type_byte	3	java_prim_type_int
"< Application, Lavrora/sim/radio/CC1000Radio, getFrequency()D >"	14	18	java_prim_type_double	17	java_prim_type_int
"< Application, Lavrora/gui/TimeScale, drawScale(Ljava/awt/Dimension;Ljava/awt/Graphics;)V >"	5	10	java_prim_type_double	9	java_prim_type_int
"< Application, Lavrora/stack/AbstractArithmetic, add(CC)C >"	16	20	java_prim_type_byte	18	java_prim_type_int
"< Application, Lavrora/sim/state/RegisterUtil$ByteArrayView, setValue(I)V >"	2	6	java_prim_type_byte	2	java_prim_type_int
"< Application, Lavrora/monitors/SnifferMonitor$Mon, renderRxPacket()Ljava/lang/StringBuffer; >"	65	98	java_prim_type_byte	94	java_prim_type_int
"< Application, Lavrora/sim/mcu/Timer8Bit$ControlRegister, write(B)V >"	45	45	java_prim_type_long	44	java_prim_type_int
"< Application, Lavrora/stack/AbstractInterpreter, visit(Lavrora/arch/legacy/LegacyInstr$ORI;)V >"	4	9	java_prim_type_byte	8	java_prim_type_int
"< Application, Lcck/text/StringUtil, toFixedFloat(FI)Ljava/lang/String; >"	13	20	java_prim_type_float	13	java_prim_type_long
"< Application, Lavrora/sim/clock/Clock, millisToCycles(D)J >"	1	5	java_prim_type_double	4	java_prim_type_long
"< Application, Lavrora/monitors/MemoryMonitor$Monitor, report()V >"	47	57	java_prim_type_long	36	java_prim_type_double
"< Application, Lavrora/sim/radio/Medium$TXRX, <init>(Lavrora/sim/radio/Medium;Lavrora/sim/clock/Clock;)V >"	24	23	java_prim_type_long	9	java_prim_type_int
"< Application, Lavrora/sim/mcu/ATMegaFamily$PinRegister, read()B >"	56	64	java_prim_type_byte	63	java_prim_type_int
"< Application, Lavrora/monitors/TraceMonitor$Mon, report()V >"	22	38	java_prim_type_float	37	java_prim_type_long
"< Application, Lavrora/arch/msp430/MSP430Interpreter, pushByte(I)V >"	6	12	java_prim_type_char	7	java_prim_type_int
"< Application, Lavrora/sim/state/RegisterUtil, bitView(Lavrora/sim/state/RegisterView;I)Lavrora/sim/state/RegisterView; >"	1	5	java_prim_type_byte	2	java_prim_type_int
"< Application, Lavrora/stack/Analyzer, printStats()V >"	29	44	java_prim_type_long	43	java_prim_type_int
"< Application, Lavrora/sim/platform/sensors/ReplaySensorData, scheduleNextChange()V >"	15	17	java_prim_type_long	16	java_prim_type_double
"< Application, Lavrora/actions/ELFDumpAction, printSymbolTable(Lcck/elf/ELFSymbolTable;Lcck/elf/ELFSectionHeaderTable;)V >"	51	84	java_prim_type_long	83	java_prim_type_int
"< Application, Lavrora/stack/AbstractInterpreter, mul8(CZCZ)I >"	16	29	java_prim_type_byte	28	java_prim_type_int
"< Application, Lavrora/stack/AbstractArithmetic, canon(C)C >"	4	9	java_prim_type_char	8	java_prim_type_int
"< Application, Lavrora/actions/MediumTestAction$TestTransmitter, nextByte()B >"	3	6	java_prim_type_byte	3	java_prim_type_int
"< Application, Lavrora/sim/state/RegisterUtil$CharArrayView, setValue(I)V >"	2	6	java_prim_type_char	2	java_prim_type_int
"< Application, Lcck/util/Arithmetic, modulus(J[I)[J >"	9	13	java_prim_type_long	11	java_prim_type_int
"< Application, Lavrora/gui/TimeScale, drawScale(Ljava/awt/Dimension;Ljava/awt/Graphics;)V >"	26	39	java_prim_type_long	38	java_prim_type_double
"< Application, Lavrora/actions/ELFDumpAction, printHeader(Lcck/elf/ELFHeader;)V >"	10	16	java_prim_type_long	15	java_prim_type_int
"< Application, Lavrora/sim/radio/CC2420Radio$Receiver, getCorrelation()D >"	7	12	java_prim_type_long	11	java_prim_type_int
"< Application, Lavrora/stack/AbstractArithmetic, merge(CC)C >"	11	19	java_prim_type_char	18	java_prim_type_int
"< Application, Lavrora/monitors/PacketMonitor$Mon, renderByte(Ljava/lang/StringBuffer;IC)V >"	26	9	java_prim_type_long	8	java_prim_type_int
"< Application, Lavrora/sim/mcu/ATMegaTimer$LowRegister, read()B >"	5	10	java_prim_type_byte	9	java_prim_type_int
"< Application, Lavrora/sim/radio/CC2420Radio, crcAccumulate(CB)C >"	8	16	java_prim_type_char	15	java_prim_type_int
"< Application, Lavrora/stack/AbstractInterpreter, mul8(CZCZ)I >"	18	31	java_prim_type_byte	30	java_prim_type_int
"< Application, Lavrora/stack/AbstractInterpreter, addImmediateToRegister(Lavrora/arch/legacy/LegacyRegister;I)V >"	16	31	java_prim_type_byte	30	java_prim_type_int
"< Application, Lavrora/sim/clock/DerivedClock, insertEvent(Lavrora/sim/Simulator$Event;J)V >"	10	16	java_prim_type_long	15	java_prim_type_double
"< Application, Lavrora/monitors/SnifferMonitor$Mon, renderRxPacket()Ljava/lang/StringBuffer; >"	18	31	java_prim_type_double	30	java_prim_type_long
"< Application, Lavrora/sim/radio/Medium$Transmission, getByteAtTime(J)B >"	25	29	java_prim_type_byte	28	java_prim_type_int
"< Application, Lavrora/monitors/InterruptMonitor$Mon, fireBeforeInvoke(Lavrora/sim/State;I)V >"	17	24	java_prim_type_int	23	java_prim_type_long
"< Application, Lavrora/sim/radio/Medium, getTransmittedBits(C)B >"	0	3	java_prim_type_byte	1	java_prim_type_int
"< Application, Lavrora/sim/clock/ClockPrescaler, getCount()J >"	5	9	java_prim_type_long	8	java_prim_type_int
"< Application, Lavrora/actions/ELFDumpAction, printSHT(Lcck/elf/ELFSectionHeaderTable;)V >"	38	60	java_prim_type_long	59	java_prim_type_int
"< Application, Lavrora/monitors/MemoryMonitor$Monitor, printLine(Ljava/lang/String;JDJD)V >"	4	15	java_prim_type_float	14	java_prim_type_double
"< Application, Lavrora/monitors/SnifferMonitor$Mon, fireBeforeTransmit(Lavrora/sim/radio/Medium$Transmitter;B)V >"	12	19	java_prim_type_char	18	java_prim_type_int
"< Application, Lcck/stat/MinMaxMean, merge(Lcck/stat/MinMaxMean;)Lcck/stat/MinMaxMean; >"	65	47	java_prim_type_float	46	java_prim_type_int
"< Application, Lavrora/sim/radio/CC2420Radio$Receiver, getCorrelation()D >"	2	7	java_prim_type_int	6	java_prim_type_double
"< Application, Lavrora/stack/AbstractInterpreter, highAbstractByte(I)C >"	2	8	java_prim_type_char	7	java_prim_type_int
"< Application, Lavrora/actions/DisassembleAction, print([BIILjava/lang/String;)V >"	9	19	java_prim_type_long	18	java_prim_type_int
"< Application, Lavrora/monitors/CallStack, makeEntry(BII)J >"	5	12	java_prim_type_long	2	java_prim_type_int
"< Application, Lavrora/monitors/SPIMonitor$SocketConnection, connect(Lavrora/sim/mcu/SPI;)V >"	5	10	java_prim_type_int	9	java_prim_type_long
"< Application, Lavrora/sim/platform/ExternalFlash, access$1608(Lavrora/sim/platform/ExternalFlash;)B >"	2	6	java_prim_type_byte	5	java_prim_type_int
"< Application, Lavrora/sim/util/MemPrint, fireBeforeWrite(Lavrora/sim/State;IB)V >"	79	77	java_prim_type_long	76	java_prim_type_int
"< Application, Lavrora/sim/radio/CC2420Radio, crcAccumulate(CB)C >"	11	18	java_prim_type_char	17	java_prim_type_int
"< Application, Lcck/text/StringUtil, addrToString(I)Ljava/lang/String; >"	0	3	java_prim_type_long	1	java_prim_type_int
"< Application, Lavrora/gui/TimeScale, size(J)I >"	0	4	java_prim_type_double	2	java_prim_type_long
"< Application, Lavrora/monitors/TripTimeMonitor$PointToPointMon$Pair, report(Lcck/text/Printer;)V >"	5	13	java_prim_type_float	12	java_prim_type_int
"< Application, Lavrora/sim/mcu/USART$ControlRegisterA, write(B)V >"	10	17	java_prim_type_byte	16	java_prim_type_int
"< Application, Lavrora/sim/state/RegisterUtil, bitRangeView(Lavrora/sim/state/RegisterView;II)Lavrora/sim/state/RegisterView; >"	2	7	java_prim_type_byte	3	java_prim_type_int
"< Application, Lcck/stat/StatUtil, sum([I)J >"	4	7	java_prim_type_long	6	java_prim_type_int
"< Application, Lavrora/sim/radio/CC1000Radio$FrequencySeparationRegister, setFrequencySeparation(I)V >"	3	9	java_prim_type_byte	8	java_prim_type_int
"< Application, Lavrora/stack/AbstractArithmetic, and(CCC)C >"	2	7	java_prim_type_char	6	java_prim_type_int
"< Application, Lavrora/sim/clock/Clock, cyclesToMillis(J)D >"	0	5	java_prim_type_double	2	java_prim_type_long
"< Application, Lavrora/actions/SimAction, reportTime(Lavrora/sim/Simulation;JZ)V >"	25	42	java_prim_type_float	40	java_prim_type_double
"< Application, Lavrora/arch/legacy/LegacyInterpreter, high(I)B >"	1	5	java_prim_type_byte	4	java_prim_type_int
"< Application, Lavrora/arch/avr/AVRInterpreter$SREG_reg, read()B >"	40	44	java_prim_type_byte	43	java_prim_type_int
"< Application, Lcck/text/StringUtil, appendChar(ILjava/lang/StringBuffer;)V >"	11	8	java_prim_type_char	1	java_prim_type_int
"< Application, Lavrora/sim/radio/CC1000Radio$LockRegister, read()B >"	2	6	java_prim_type_byte	5	java_prim_type_int
"< Application, Lcck/util/Arithmetic, uhigh(S)C >"	2	7	java_prim_type_char	6	java_prim_type_int
"< Application, Lavrora/arch/legacy/LegacyInterpreter, stepInterrupt(J)I >"	20	25	java_prim_type_long	24	java_prim_type_int
"< Application, Lavrora/gui/TimeScale, getNS(J)D >"	0	4	java_prim_type_double	2	java_prim_type_long
"< Application, Lavrora/sim/mcu/ADC$ControlRegister, convertVoltage()I >"	60	47	java_prim_type_int	41	java_prim_type_float
"< Application, Lcck/text/TermUtil, reportProportion(Ljava/lang/String;JJLjava/lang/String;)V >"	18	33	java_prim_type_float	3	java_prim_type_long
"< Application, Lcck/stat/Distribution, printDistribution(Lcck/text/Printer;I[I)V >"	15	19	java_prim_type_float	17	java_prim_type_int
"< Application, Lavrora/stack/AbstractArithmetic, and(CC)C >"	1	5	java_prim_type_char	4	java_prim_type_int
"< Application, Lavrora/sim/radio/CC2420Radio, getFrequency()D >"	3	10	java_prim_type_double	9	java_prim_type_int
"< Application, Lavrora/monitors/SnifferMonitor$Mon, <init>(Lavrora/monitors/SnifferMonitor;Lavrora/sim/Simulator;)V >"	37	46	java_prim_type_double	45	java_prim_type_long
"< Application, Lavrora/monitors/SleepMonitor$Mon, report()V >"	30	47	java_prim_type_float	46	java_prim_type_long
"< Application, Lavrora/test/sim/legacy/LegacyStateAccessor$Cycles, set(I)V >"	3	8	java_prim_type_long	2	java_prim_type_int
"< Application, Lavrora/sim/platform/sensors/ReplaySensorData, scheduleNextChange()V >"	13	15	java_prim_type_double	14	java_prim_type_long
"< Application, Lavrora/monitors/GDBServer$GDBMonitor, readCommand()Ljava/lang/String; >"	21	27	java_prim_type_char	23	java_prim_type_int
"< Application, Lavrora/gui/GraphEvents, paint(Ljava/awt/Graphics;)V >"	16	21	java_prim_type_double	42	java_prim_type_int
"< Application, Lavrora/sim/mcu/USART$Transmitter, enableTransmit()V >"	35	42	java_prim_type_long	41	java_prim_type_int
"< Application, Lavrora/sim/radio/Medium$Receiver$Ticker, deliverByte(J)V >"	28	52	java_prim_type_int	51	java_prim_type_double
"< Application, Lavrora/monitors/CallTreeProfiler$ProfileMonitor, report()V >"	31	31	java_prim_type_double	30	java_prim_type_long
"< Application, Lavrora/sim/radio/CC2420Radio$Receiver, nextByte(ZB)B >"	193	61	java_prim_type_byte	60	java_prim_type_int
"< Application, Lavrora/arch/msp430/MSP430Interpreter, fetch(I)Lavrora/arch/msp430/MSP430Instr; >"	4	8	java_prim_type_long	2	java_prim_type_int
"< Application, Lavrora/stack/AbstractState, toString()Ljava/lang/String; >"	4	10	java_prim_type_long	9	java_prim_type_int
"< Application, Lavrora/monitors/GDBServer$GDBMonitor, appendGPR(Lavrora/arch/legacy/LegacyState;ILjava/lang/StringBuffer;)V >"	3	12	java_prim_type_long	11	java_prim_type_int
"< Application, Lavrora/gui/GraphNumbers, drawValueScale(Ljava/awt/Dimension;Ljava/awt/Graphics;)V >"	41	50	java_prim_type_double	49	java_prim_type_int
"< Application, Lavrora/stack/AbstractArithmetic, merge(BB)C >"	2	7	java_prim_type_char	6	java_prim_type_int
"< Application, Lavrora/sim/radio/Medium$Receiver, isChannelClear(II)Z >"	59	84	java_prim_type_int	83	java_prim_type_double
"< Application, Lavrora/actions/DisassembleAction, exhaustive(Lavrora/arch/AbstractDisassembler;)V >"	9	15	java_prim_type_byte	14	java_prim_type_int
"< Application, Lavrora/gui/GraphNumbers, paint(Ljava/awt/Graphics;)V >"	25	34	java_prim_type_double	33	java_prim_type_int
"< Application, Lcck/elf/ELFDataInputStream, asShort(II)S >"	2	8	java_prim_type_short	7	java_prim_type_int
"< Application, Lavrora/gui/TimeScale, drawScale(Ljava/awt/Dimension;Ljava/awt/Graphics;)V >"	68	82	java_prim_type_double	92	java_prim_type_int
"< Application, Lcck/util/Arithmetic, modulus(J[I)[J >"	12	15	java_prim_type_long	11	java_prim_type_int
"< Application, Lavrora/gui/GraphEvents, paint(Ljava/awt/Graphics;)V >"	74	92	java_prim_type_double	91	java_prim_type_int
"< Application, Lavrora/sim/radio/CC1000Radio, getPower()D >"	2	6	java_prim_type_double	5	java_prim_type_int
"< Application, Lavrora/monitors/SnifferMonitor$Mon, renderTxPacket()Ljava/lang/StringBuffer; >"	20	34	java_prim_type_double	33	java_prim_type_long
"< Application, Lavrora/stack/AbstractArithmetic, not(C)C >"	1	5	java_prim_type_char	4	java_prim_type_int
"< Application, Lcck/util/TimeUtil, secondsToCycles(DD)J >"	1	5	java_prim_type_long	4	java_prim_type_double
"< Application, Lavrora/test/probes/ProbeTest$TestEvent, insert(I)V >"	5	13	java_prim_type_long	2	java_prim_type_int
"< Application, Lavrora/monitors/MemoryMonitor$Monitor, printLine(Ljava/lang/String;JDJD)V >"	16	35	java_prim_type_float	34	java_prim_type_double
"< Application, Lavrora/stack/AbstractInterpreter, visit(Lavrora/arch/legacy/LegacyInstr$COM;)V >"	5	12	java_prim_type_char	11	java_prim_type_int
"< Application, Lavrora/monitors/PacketMonitor$Mon, report()V >"	29	43	java_prim_type_long	42	java_prim_type_int
"< Application, Lavrora/monitors/SnifferMonitor$Mon, renderRxPacket()Ljava/lang/StringBuffer; >"	71	107	java_prim_type_long	106	java_prim_type_int
"< Application, Lavrora/test/sim/msp430/MSP430StateAccessor$Cycles, set(I)V >"	3	8	java_prim_type_long	2	java_prim_type_int
"< Application, Lavrora/monitors/GDBServer$GDBMonitor, readCommand()Ljava/lang/String; >"	24	30	java_prim_type_char	26	java_prim_type_int
"< Application, Lavrora/monitors/CallStack, getInterrupt(I)B >"	4	10	java_prim_type_int	9	java_prim_type_long
"< Application, Lavrora/gui/TimeScale, drawScale(Ljava/awt/Dimension;Ljava/awt/Graphics;)V >"	80	93	java_prim_type_int	105	java_prim_type_double
"< Application, Lavrora/stack/AbstractInterpreter, visit(Lavrora/arch/legacy/LegacyInstr$CBR;)V >"	5	11	java_prim_type_byte	10	java_prim_type_int
"< Application, Lavrora/actions/AnalyzeStackAction, run([Ljava/lang/String;)V >"	19	26	java_prim_type_int	25	java_prim_type_long
"< Application, Lcck/text/StringUtil, toBin(JI)Ljava/lang/String; >"	6	10	java_prim_type_long	9	java_prim_type_int
"< Application, Lavrora/sim/state/RegisterUtil, bitView(Lavrora/sim/state/RegisterView;I)Lavrora/sim/state/RegisterView; >"	2	6	java_prim_type_byte	2	java_prim_type_int
"< Application, Lavrora/sim/state/RegisterUtil, booleanView(Lavrora/sim/state/RegisterView;I)Lavrora/sim/state/BooleanView; >"	1	5	java_prim_type_byte	2	java_prim_type_int
"< Application, Lavrora/monitors/PacketMonitor$Mon, appendTime(Ljava/lang/StringBuffer;)V >"	9	19	java_prim_type_float	15	java_prim_type_double
"< Application, Lavrora/arch/msp430/MSP430Interpreter, execute(Lavrora/arch/msp430/MSP430Instr;)V >"	3	8	java_prim_type_char	7	java_prim_type_int
"< Application, Lavrora/sim/radio/LossyModel, computeReceivedPower(Lavrora/sim/radio/Medium$Transmission;Lavrora/sim/radio/Medium$Receiver;I)D >"	15	32	java_prim_type_double	31	java_prim_type_int
"< Application, Lavrora/sim/mcu/Timer8Bit$ControlRegister, write(B)V >"	1	6	java_prim_type_byte	5	java_prim_type_int
"< Application, Lavrora/stack/Analyzer, printStats()V >"	32	47	java_prim_type_long	46	java_prim_type_int
"< Application, Lavrora/monitors/GDBServer$GDBMonitor, readMemory(Ljava/text/CharacterIterator;)V >"	30	31	java_prim_type_long	30	java_prim_type_int
"< Application, Lavrora/monitors/ProfileMonitor$Mon, computePercent(JJ)F >"	4	16	java_prim_type_float	3	java_prim_type_long
"< Application, Lavrora/sim/output/EventGen, gen(Ljava/lang/Object;F)V >"	4	10	java_prim_type_long	9	java_prim_type_int
"< Application, Lavrora/gui/GraphEvents, updateHorzBar()V >"	5	9	java_prim_type_int	8	java_prim_type_double
"< Application, Lavrora/sim/radio/CC1000Radio$Transmitter, nextByte()B >"	10	15	java_prim_type_long	14	java_prim_type_int
"< Application, Lavrora/arch/msp430/MSP430Interpreter, setData(IC)V >"	1	6	java_prim_type_byte	3	java_prim_type_int
"< Application, Lavrora/monitors/TripTimeMonitor$PointToPointMon$Pair, report(Lcck/text/Printer;)V >"	35	60	java_prim_type_float	24	java_prim_type_double
"< Application, Lavrora/sim/radio/CC2420Radio, ReadSecurityBank(I)B >"	11	21	java_prim_type_long	2	java_prim_type_int
"< Application, Lcck/elf/ELFDataInputStream, read_Elf32_byte()B >"	1	5	java_prim_type_byte	4	java_prim_type_int
"< Application, Lavrora/gui/GraphEvents, paint(Ljava/awt/Graphics;)V >"	60	76	java_prim_type_double	75	java_prim_type_int
"< Application, Lavrora/stack/AbstractArithmetic, increment(C)C >"	6	13	java_prim_type_byte	11	java_prim_type_int
"< Application, Lavrora/sim/state/RegisterUtil$BitRangeView, <init>(Lavrora/sim/state/RegisterView;BB)V >"	6	12	java_prim_type_byte	11	java_prim_type_int
"< Application, Lavrora/stack/AbstractArithmetic, decrement(C)C >"	5	12	java_prim_type_byte	8	java_prim_type_int
"< Application, Lavrora/sim/clock/DerivedClock, insertEvent(Lavrora/sim/Simulator$Event;J)V >"	5	11	java_prim_type_long	10	java_prim_type_double
"< Application, Lavrora/sim/platform/ExternalFlash, access$1408(Lavrora/sim/platform/ExternalFlash;)S >"	2	6	java_prim_type_short	5	java_prim_type_int
"< Application, Lavrora/sim/radio/CC1000Radio$SPITicker, fire()V >"	9	13	java_prim_type_byte	12	java_prim_type_int
"< Application, Lavrora/actions/SimAction, reportTime(Lavrora/sim/Simulation;JZ)V >"	30	49	java_prim_type_float	48	java_prim_type_double
"< Application, Lavrora/monitors/CallTreeProfiler$ProfileMonitor, reportSubTree(Lavrora/monitors/CallTreeProfiler$CallTreeNode;ID)V >"	10	17	java_prim_type_double	6	java_prim_type_long
"< Application, Lavrora/test/sim/legacy/LegacyStateAccessor$Cycles, get()I >"	4	9	java_prim_type_int	8	java_prim_type_long
"< Application, Lavrora/arch/msp430/MSP430Interpreter, pushWord(I)V >"	8	16	java_prim_type_byte	15	java_prim_type_int
"< Application, Lavrora/sim/util/MemPrint, fireBeforeWrite(Lavrora/sim/State;IB)V >"	26	132	java_prim_type_long	122	java_prim_type_int
"< Application, Lavrora/sim/radio/Medium, getCorruptedBits(C)B >"	1	5	java_prim_type_byte	4	java_prim_type_int
"< Application, Lcck/util/Arithmetic, clearBit(BI)B >"	3	9	java_prim_type_byte	8	java_prim_type_int
"< Application, Lavrora/sim/mcu/EEPROM$EECRReg, write(B)V >"	1	6	java_prim_type_byte	5	java_prim_type_int
"< Application, Lavrora/monitors/CallStack, fireBeforeInterrupt(JII)V >"	0	6	java_prim_type_byte	4	java_prim_type_int
"< Application, Lavrora/sim/platform/ExternalFlash$PD5Output, doAction()V >"	125	32	java_prim_type_short	31	java_prim_type_int
"< Application, Lavrora/sim/radio/CC2420Radio$Receiver, getPER()D >"	25	36	java_prim_type_double	35	java_prim_type_int
"< Application, Lavrora/stack/AbstractInterpreter, visit(Lavrora/arch/legacy/LegacyInstr$ANDI;)V >"	4	9	java_prim_type_byte	8	java_prim_type_int
"< Application, Lavrora/sim/radio/CC1000Radio$CALRegister$Calibrate, fire()V >"	27	39	java_prim_type_byte	38	java_prim_type_int
"< Application, Lavrora/sim/radio/Medium$Receiver$Ticker, deliverByte(J)V >"	107	169	java_prim_type_byte	164	java_prim_type_int
"< Application, Lavrora/sim/radio/CC2420Radio$Receiver, getPER()D >"	20	29	java_prim_type_double	28	java_prim_type_int
"< Application, Lavrora/monitors/PacketMonitor$Mon, <init>(Lavrora/monitors/PacketMonitor;Lavrora/sim/Simulator;)V >"	30	47	java_prim_type_byte	46	java_prim_type_int
"< Application, Lavrora/test/probes/ProbeTest$AdvanceStmt, execute()V >"	3	6	java_prim_type_long	5	java_prim_type_int
"< Application, Lavrora/sim/platform/sensors/LightSensor$ADCInput, getVoltage()F >"	17	19	java_prim_type_float	14	java_prim_type_int
"< Application, Lavrora/monitors/SnifferMonitor$Mon, renderTxPacket()Ljava/lang/StringBuffer; >"	50	73	java_prim_type_long	72	java_prim_type_int
"< Application, Lavrora/monitors/SnifferMonitor$Mon, renderRxPacket()Ljava/lang/StringBuffer; >"	16	28	java_prim_type_double	27	java_prim_type_long
"< Application, Lavrora/sim/mcu/ATMegaFamilyNew$PinRegister, read()B >"	10	12	java_prim_type_byte	11	java_prim_type_int
"< Application, Lavrora/monitors/TraceMonitor$Mon, report()V >"	12	22	java_prim_type_float	21	java_prim_type_int
"< Application, Lavrora/monitors/TripTimeMonitor$PointToPointMon$Pair, record(J)V >"	3	18	java_prim_type_int	2	java_prim_type_long
"< Application, Lavrora/monitors/CallStack, getSite(I)I >"	3	8	java_prim_type_int	7	java_prim_type_long
"< Application, Lavrora/test/sim/msp430/MSP430StateAccessor$SP, set(I)V >"	3	7	java_prim_type_char	2	java_prim_type_int
"< Application, Lavrora/actions/DisassembleAction, disassembleArguments([Ljava/lang/String;[BLavrora/arch/AbstractDisassembler;)V >"	8	15	java_prim_type_byte	14	java_prim_type_int
"< Application, Lcck/util/Arithmetic, inc([J[II)V >"	17	17	java_prim_type_long	16	java_prim_type_int
"< Application, Lcck/util/Arithmetic, uhigh(C)C >"	1	5	java_prim_type_char	4	java_prim_type_int
"< Application, Lavrora/sim/radio/Medium$Receiver, isChannelClear(II)Z >"	34	49	java_prim_type_int	48	java_prim_type_double
"< Application, Lavrora/stack/AbstractInterpreter, lowAbstractByte(I)C >"	1	6	java_prim_type_char	5	java_prim_type_int
"< Application, Lavrora/gui/DebugStream, write(I)V >"	1	5	java_prim_type_char	2	java_prim_type_int
"< Application, Lavrora/sim/mcu/ADC$ControlRegister, convertVoltage()I >"	21	66	java_prim_type_int	65	java_prim_type_float
"< Application, Lavrora/test/sim/msp430/MSP430StateAccessor$Flag, set(I)V >"	11	17	java_prim_type_char	13	java_prim_type_int
"< Application, Lcck/text/StringUtil, toFixedFloat(FI)Ljava/lang/String; >"	19	23	java_prim_type_double	22	java_prim_type_float
"< Application, Lavrora/monitors/CallTreeProfiler$ProfileMonitor, reportSubTree(Lavrora/monitors/CallTreeProfiler$CallTreeNode;ID)V >"	56	90	java_prim_type_long	3	java_prim_type_int
"< Application, Lavrora/monitors/SleepMonitor$Mon, report()V >"	32	49	java_prim_type_float	27	java_prim_type_long
"< Application, Lavrora/gui/TimeScale, drawScale(Ljava/awt/Dimension;Ljava/awt/Graphics;)V >"	13	19	java_prim_type_double	18	java_prim_type_int
"< Application, Lavrora/sim/clock/ClockPrescaler, reset()V >"	6	10	java_prim_type_long	9	java_prim_type_int
"< Application, Lavrora/sim/AtmelInterpreter$SREGBehavior, read(I)I >"	40	45	java_prim_type_byte	44	java_prim_type_int
"< Application, Lavrora/sim/mcu/ATMegaTimer$OCRnxHighRegister, read()B >"	3	8	java_prim_type_byte	7	java_prim_type_int
"< Application, Lavrora/monitors/PacketMonitor$Mon, renderByte(Ljava/lang/StringBuffer;IC)V >"	25	8	java_prim_type_byte	4	java_prim_type_int
"< Application, Lavrora/monitors/CallTimeMonitor$CallTimeMon, report()V >"	12	22	java_prim_type_float	21	java_prim_type_long
"< Application, Lavrora/stack/AbstractArithmetic, bitsOf(C)C >"	1	5	java_prim_type_char	4	java_prim_type_int
"< Application, Lavrora/monitors/PacketMonitor$Mon, report()V >"	24	35	java_prim_type_long	34	java_prim_type_int
"< Application, Lavrora/sim/clock/ClockPrescaler, insertEvent(Lavrora/sim/Simulator$Event;J)V >"	5	11	java_prim_type_long	10	java_prim_type_int
"< Application, Lavrora/sim/output/EventGen, gen(Ljava/lang/Object;C)V >"	3	8	java_prim_type_long	3	java_prim_type_int
"< Application, Lavrora/sim/radio/CC1000Radio$FrequencySeparationRegister, setFrequencySeparation(I)V >"	7	14	java_prim_type_byte	13	java_prim_type_int
"< Application, Lavrora/sim/radio/Medium$Transmission, getByteAtTime(J)B >"	27	20	java_prim_type_byte	19	java_prim_type_int
"< Application, Lavrora/sim/radio/CC1000Radio, getFrequency()D >"	2	6	java_prim_type_double	5	java_prim_type_int
"< Application, Lcck/stat/StatUtil, percent(JJ)D >"	0	5	java_prim_type_double	1	java_prim_type_long
"< Application, Lavrora/sim/clock/ClockPrescaler, <init>(Ljava/lang/String;Lavrora/sim/clock/Clock;I)V >"	1	8	java_prim_type_long	4	java_prim_type_int
"< Application, Lavrora/gui/GraphNumbers, paint(Ljava/awt/Graphics;)V >"	46	56	java_prim_type_int	55	java_prim_type_double
"< Application, Lavrora/sim/radio/CC2420Radio$Receiver, getCorrelation()D >"	19	26	java_prim_type_long	25	java_prim_type_int
"< Application, Lavrora/monitors/TripTimeMonitor$PointToPointMon$Pair, report(Lcck/text/Printer;)V >"	40	68	java_prim_type_float	67	java_prim_type_long
"< Application, Lavrora/monitors/GDBServer$GDBMonitor, readCommand()Ljava/lang/String; >"	6	10	java_prim_type_char	5	java_prim_type_int
"< Application, Lavrora/monitors/PacketMonitor$Mon, report()V >"	42	60	java_prim_type_long	59	java_prim_type_int
"< Application, Lavrora/monitors/SimPerfMonitor$Mon, report()V >"	25	34	java_prim_type_long	31	java_prim_type_int
"< Application, Lavrora/sim/radio/CC2420Radio$Receiver, getCorrelation()D >"	21	28	java_prim_type_double	27	java_prim_type_long
"< Application, Lavrora/stack/AbstractInterpreter, performRightShift(CC)C >"	3	10	java_prim_type_char	9	java_prim_type_int
"< Application, Lavrora/monitors/StackMonitor$Mon, report()V >"	19	50	java_prim_type_long	49	java_prim_type_int
"< Application, Lavrora/sim/util/InterruptScheduler, scheduleNextInterrupt()V >"	51	19	java_prim_type_int	18	java_prim_type_double
"< Application, Lavrora/monitors/MemoryMonitor$Monitor, report()V >"	22	32	java_prim_type_double	31	java_prim_type_long
"< Application, Lavrora/monitors/SimPerfMonitor$Mon, report()V >"	36	47	java_prim_type_float	31	java_prim_type_int
"< Application, Lavrora/gui/TimeScale, getCycles(J)D >"	0	3	java_prim_type_double	1	java_prim_type_long
"< Application, Lavrora/monitors/ProfileMonitor$Mon, computePercent(JJ)F >"	7	19	java_prim_type_float	18	java_prim_type_long
"< Application, Lavrora/monitors/RealTimeMonitor$ThrottleEvent, fire()V >"	15	14	java_prim_type_long	13	java_prim_type_double
"< Application, Lavrora/sim/mcu/Timer8Bit, tickerFinish(Lavrora/sim/Simulator$Event;I)V >"	6	11	java_prim_type_long	10	java_prim_type_int
"< Application, Lavrora/gui/TimeScale, setPosition(I)V >"	1	6	java_prim_type_double	5	java_prim_type_int
"< Application, Lavrora/gui/GraphEvents, paint(Ljava/awt/Graphics;)V >"	19	24	java_prim_type_double	13	java_prim_type_int
"< Application, Lavrora/sim/platform/SerialForwarder$SFTicker, <init>(Lavrora/sim/platform/SerialForwarder;Lavrora/sim/clock/Clock;I)V >"	3	9	java_prim_type_long	4	java_prim_type_int
"< Application, Lavrora/sim/clock/Clock, millisToCycles(D)J >"	4	9	java_prim_type_long	8	java_prim_type_double
"< Application, Lavrora/sim/mcu/ATMegaClassic$Timer0$ASSRRegister, write(B)V >"	1	6	java_prim_type_byte	5	java_prim_type_int
"< Application, Lavrora/sim/RW16Register, write(I)V >"	0	4	java_prim_type_short	2	java_prim_type_int
"< Application, Lavrora/gui/GraphEvents, updateHorzBar()V >"	2	6	java_prim_type_double	5	java_prim_type_int
"< Application, Lcck/util/Arithmetic, packBits(ZZZZZZZZ)B >"	24	35	java_prim_type_byte	34	java_prim_type_int
"< Application, Lavrora/monitors/PacketMonitor$Mon, fireAfterReceiveEnd(Lavrora/sim/radio/Medium$Receiver;)V >"	21	26	java_prim_type_char	25	java_prim_type_int
"< Application, Lavrora/arch/avr/AVRState, map_set([BII)V >"	0	5	java_prim_type_byte	3	java_prim_type_int
"< Application, Lavrora/stack/AbstractArithmetic, canon(CC)C >"	3	8	java_prim_type_char	7	java_prim_type_int
"< Application, Lavrora/sim/util/MemPrint, fireBeforeWrite(Lavrora/sim/State;IB)V >"	23	127	java_prim_type_long	122	java_prim_type_int
"< Application, Lavrora/gui/GraphEvents, paint(Ljava/awt/Graphics;)V >"	196	204	java_prim_type_int	203	java_prim_type_double
"< Application, Lavrora/sim/mcu/ReprogrammableCodeSegment, pageWrite(II)V >"	11	16	java_prim_type_long	15	java_prim_type_int
"< Application, Lavrora/monitors/GDBServer$GDBMonitor, appendPC(Lavrora/sim/State;Ljava/lang/StringBuffer;)V >"	17	34	java_prim_type_long	33	java_prim_type_int
"< Application, Lcck/elf/ELFSymbolTable, read(Ljava/io/RandomAccessFile;)V >"	2	6	java_prim_type_long	5	java_prim_type_int
"< Application, Lavrora/monitors/TripTimeMonitor$PointToPointMon$Pair, report(Lcck/text/Printer;)V >"	3	11	java_prim_type_float	10	java_prim_type_long
"< Application, Lavrora/stack/AbstractInterpreter, addImmediateToRegister(Lavrora/arch/legacy/LegacyRegister;I)V >"	10	21	java_prim_type_byte	15	java_prim_type_int
"< Application, Lavrora/sim/radio/CC1000Radio$Receiver, nextByte(ZB)B >"	31	49	java_prim_type_long	3	java_prim_type_int
"< Application, Lavrora/stack/AbstractInterpreter, visit(Lavrora/arch/legacy/LegacyInstr$SWAP;)V >"	8	16	java_prim_type_char	15	java_prim_type_int
"< Application, Lavrora/monitors/IORegMonitor$Monitor$Watch, render(B)Ljava/lang/String; >"	6	15	java_prim_type_long	2	java_prim_type_int
"< Application, Lcck/util/TimeUtil, cyclesToMillis(JD)D >"	0	5	java_prim_type_double	1	java_prim_type_long
"< Application, Lavrora/arch/avr/AVRState, map_set(Lavrora/sim/Segment;II)V >"	0	5	java_prim_type_byte	3	java_prim_type_int
"< Application, Lavrora/gui/GraphEvents, paint(Ljava/awt/Graphics;)V >"	159	164	java_prim_type_double	163	java_prim_type_int
"< Application, Lavrora/sim/mcu/ReprogrammableCodeSegment, <init>(Ljava/lang/String;ILavrora/sim/AtmelInterpreter;I)V >"	32	46	java_prim_type_int	45	java_prim_type_double
"< Application, Lavrora/sim/output/EventGen, gen(Ljava/lang/Object;II)V >"	2	8	java_prim_type_long	3	java_prim_type_int
"< Application, Lavrora/stack/AbstractInterpreter, mul8(CZCZ)I >"	20	33	java_prim_type_byte	32	java_prim_type_int
"< Application, Lavrora/actions/ELFDumpAction, printSymbolTable(Lcck/elf/ELFSymbolTable;Lcck/elf/ELFSectionHeaderTable;)V >"	42	71	java_prim_type_long	70	java_prim_type_int
"< Application, Lavrora/sim/mcu/ATMegaTimer, resetPeriod(I)V >"	38	32	java_prim_type_long	2	java_prim_type_int
"< Application, Lavrora/sim/radio/CC1000Radio$FrequencyRegister, setFrequency(I)V >"	3	9	java_prim_type_byte	8	java_prim_type_int
"< Application, Lavrora/sim/platform/ExternalFlash, access$1172(Lavrora/sim/platform/ExternalFlash;I)S >"	2	6	java_prim_type_short	5	java_prim_type_int
