"< Application, Lavrora/monitors/CallMonitor$Mon, push(IILjava/lang/String;II)V >"	7	14
"< Application, Lavrora/sim/radio/Medium$Receiver, getIntersection(J)Ljava/util/List; >"	1	5
"< Application, Lavrora/gui/GraphEvents, internalUpdate()Z >"	1	4
"< Application, Lavrora/sim/clock/BarrierSynchronizer, waitForNeighbors(J)V >"	19	14
"< Application, Lavrora/gui/GraphEvents, addToVector(II)V >"	1	5
"< Application, Lorg/dacapo/harness/Benchmark, initialize()V >"	23	20
"< Application, Lavrora/sim/util/MemPrint, fireBeforeWrite(Lavrora/sim/State;IB)V >"	119	144
"< Application, Lavrora/gui/SimTimeEvents$PauseEvent, fire()V >"	1	3
"< Application, Lavrora/sim/clock/BarrierSynchronizer, removeNode(Lavrora/sim/Simulation$Node;)V >"	6	10
"< Application, Lavrora/sim/radio/Medium$Receiver, earliestNewTransmission(J)Lavrora/sim/radio/Medium$Transmission; >"	1	5
"< Application, Lavrora/sim/clock/BarrierSynchronizer, checkWaiters()Lavrora/sim/clock/BarrierSynchronizer$WaitSlot; >"	12	9
"< Application, Lavrora/sim/output/SimPrinter, println(Ljava/lang/String;)V >"	7	10
"< Application, Lavrora/monitors/SnifferMonitor$Mon, fireBeforeTransmitEnd(Lavrora/sim/radio/Medium$Transmitter;)V >"	12	15
"< Application, Lavrora/sim/output/SimPrinter, printBuffer(Ljava/lang/StringBuffer;)V >"	7	10
"< Application, Lcck/test/TestEngine, nextTest()I >"	0	1
"< Application, Lavrora/gui/GraphNumbers, internalUpdate()Z >"	1	1
"< Application, Lcck/test/TestEngine, finishTest(Lcck/test/TestCase;)V >"	0	1
"< Application, Lavrora/monitors/SnifferMonitor$Mon, fireAfterReceiveEnd(Lavrora/sim/radio/Medium$Receiver;)V >"	12	15
"< Application, Lcck/test/TestEngine, runAllTests()V >"	35	1
"< Application, Lavrora/actions/SimAction, exitSimulation(Ljava/lang/Throwable;)V >"	0	1
"< Application, Lavrora/gui/GraphNumbers, recordNumber(I)V >"	0	1
"< Application, Lorg/dacapo/harness/Benchmark, initialize()V >"	1	3
"< Application, Lavrora/sim/clock/BarrierSynchronizer, waitForNeighbors(J)V >"	8	12
"< Application, Lavrora/monitors/CallMonitor$Mon, pop(ILjava/lang/String;I)V >"	7	12
"< Application, Lavrora/sim/clock/BarrierSynchronizer$SynchEvent, fire()V >"	2	4
"< Application, Lavrora/sim/clock/RippleSynchronizer$NotifyEvent, fire()V >"	5	8
"< Application, Lavrora/sim/clock/RippleSynchronizer, removeNode(Lavrora/sim/Simulation$Node;)V >"	8	1
"< Application, Lavrora/gui/SimTimeEvents$PauseEvent, unpause()V >"	1	3
"< Application, Lavrora/sim/clock/RippleSynchronizer, waitForNeighbors(J)V >"	15	1
