"< Application, Lavrora/stack/AbstractInterpreter, visit(Lavrora/arch/legacy/LegacyInstr$SBIW;)V >"	6	12	java_unary_neg	11
"< Application, Lavrora/sim/radio/Medium$Receiver$Ticker, deliverByte(J)V >"	78	126	java_unary_neg	125
"< Application, Lavrora/sim/types/SensorSimulation, processRandom()J >"	11	18	java_unary_neg	16
"< Application, Lavrora/sim/clock/DeltaQueue, advanceSlow(J)V >"	14	23	java_unary_neg	12
"< Application, Lavrora/syntax/Expr$UnOp, evaluate(ILavrora/syntax/Context;)I >"	18	32	java_unary_neg	7
"< Application, Lavrora/sim/types/WiredSimulation, processRandom()J >"	11	18	java_unary_neg	16
