"< Application, Lcck/test/TestEngine, runAllTests()V >"	37	1
"< Application, Lavrora/sim/clock/BarrierSynchronizer, waitForNeighbors(J)V >"	14	12
"< Application, Lavrora/sim/util/MemPrint, fireBeforeWrite(Lavrora/sim/State;IB)V >"	136	144
"< Application, Lavrora/sim/clock/BarrierSynchronizer, checkWaiters()Lavrora/sim/clock/BarrierSynchronizer$WaitSlot; >"	18	9
"< Application, Lavrora/sim/clock/BarrierSynchronizer$SynchEvent, fire()V >"	5	4
"< Application, Lavrora/monitors/CallMonitor$Mon, pop(ILjava/lang/String;I)V >"	26	12
"< Application, Lavrora/sim/radio/Medium$Receiver, getIntersection(J)Ljava/util/List; >"	19	5
"< Application, Lavrora/gui/GraphEvents, addToVector(II)V >"	8	5
"< Application, Lcck/test/TestEngine, nextTest()I >"	12	1
"< Application, Lavrora/actions/SimAction, exitSimulation(Ljava/lang/Throwable;)V >"	8	1
"< Application, Lorg/dacapo/harness/Benchmark, initialize()V >"	39	20
"< Application, Lorg/dacapo/harness/Benchmark, initialize()V >"	17	3
"< Application, Lavrora/gui/SimTimeEvents$PauseEvent, unpause()V >"	5	3
"< Application, Lavrora/gui/SimTimeEvents$PauseEvent, fire()V >"	6	3
"< Application, Lavrora/sim/clock/RippleSynchronizer, waitForNeighbors(J)V >"	20	1
"< Application, Lavrora/gui/SimTimeEvents$PauseEvent, fire()V >"	9	3
"< Application, Lavrora/gui/GraphEvents, internalUpdate()Z >"	36	4
"< Application, Lavrora/sim/clock/BarrierSynchronizer, waitForNeighbors(J)V >"	26	14
"< Application, Lavrora/sim/output/SimPrinter, println(Ljava/lang/String;)V >"	20	10
"< Application, Lcck/test/TestEngine, finishTest(Lcck/test/TestCase;)V >"	17	1
"< Application, Lavrora/monitors/SnifferMonitor$Mon, fireBeforeTransmitEnd(Lavrora/sim/radio/Medium$Transmitter;)V >"	24	15
"< Application, Lavrora/sim/clock/BarrierSynchronizer, removeNode(Lavrora/sim/Simulation$Node;)V >"	35	10
"< Application, Lavrora/gui/GraphNumbers, internalUpdate()Z >"	12	1
"< Application, Lavrora/gui/GraphNumbers, recordNumber(I)V >"	3	1
"< Application, Lavrora/sim/radio/Medium$Receiver, getIntersection(J)Ljava/util/List; >"	22	5
"< Application, Lavrora/sim/clock/RippleSynchronizer, removeNode(Lavrora/sim/Simulation$Node;)V >"	16	1
"< Application, Lavrora/sim/clock/RippleSynchronizer, removeNode(Lavrora/sim/Simulation$Node;)V >"	13	1
"< Application, Lavrora/sim/output/SimPrinter, printBuffer(Ljava/lang/StringBuffer;)V >"	13	10
"< Application, Lavrora/sim/clock/RippleSynchronizer, waitForNeighbors(J)V >"	23	1
"< Application, Lavrora/monitors/CallMonitor$Mon, push(IILjava/lang/String;II)V >"	22	14
"< Application, Lavrora/monitors/CallMonitor$Mon, push(IILjava/lang/String;II)V >"	25	14
"< Application, Lavrora/monitors/SnifferMonitor$Mon, fireBeforeTransmitEnd(Lavrora/sim/radio/Medium$Transmitter;)V >"	21	15
"< Application, Lavrora/sim/util/MemPrint, fireBeforeWrite(Lavrora/sim/State;IB)V >"	139	144
"< Application, Lavrora/actions/SimAction, exitSimulation(Ljava/lang/Throwable;)V >"	5	1
"< Application, Lavrora/sim/clock/RippleSynchronizer$NotifyEvent, fire()V >"	14	8
"< Application, Lavrora/sim/clock/BarrierSynchronizer, checkWaiters()Lavrora/sim/clock/BarrierSynchronizer$WaitSlot; >"	15	9
"< Application, Lavrora/sim/clock/BarrierSynchronizer$SynchEvent, fire()V >"	22	4
"< Application, Lavrora/gui/GraphNumbers, recordNumber(I)V >"	6	1
"< Application, Lavrora/gui/GraphNumbers, internalUpdate()Z >"	4	1
"< Application, Lavrora/sim/radio/Medium$Receiver, earliestNewTransmission(J)Lavrora/sim/radio/Medium$Transmission; >"	41	5
"< Application, Lavrora/sim/clock/RippleSynchronizer$NotifyEvent, fire()V >"	17	8
"< Application, Lorg/dacapo/harness/Benchmark, initialize()V >"	42	20
"< Application, Lavrora/sim/clock/BarrierSynchronizer, removeNode(Lavrora/sim/Simulation$Node;)V >"	32	10
"< Application, Lavrora/monitors/SnifferMonitor$Mon, fireAfterReceiveEnd(Lavrora/sim/radio/Medium$Receiver;)V >"	24	15
"< Application, Lavrora/sim/output/SimPrinter, println(Ljava/lang/String;)V >"	17	10
"< Application, Lcck/test/TestEngine, nextTest()I >"	7	1
"< Application, Lavrora/gui/GraphEvents, addToVector(II)V >"	5	5
"< Application, Lavrora/gui/SimTimeEvents$PauseEvent, unpause()V >"	8	3
"< Application, Lavrora/monitors/CallMonitor$Mon, pop(ILjava/lang/String;I)V >"	29	12
"< Application, Lavrora/gui/GraphEvents, internalUpdate()Z >"	33	4
"< Application, Lavrora/gui/GraphNumbers, internalUpdate()Z >"	9	1
"< Application, Lavrora/sim/radio/Medium$Receiver, earliestNewTransmission(J)Lavrora/sim/radio/Medium$Transmission; >"	44	5
"< Application, Lavrora/sim/output/SimPrinter, printBuffer(Ljava/lang/StringBuffer;)V >"	10	10
"< Application, Lavrora/sim/clock/BarrierSynchronizer, waitForNeighbors(J)V >"	23	14
"< Application, Lavrora/sim/clock/BarrierSynchronizer, waitForNeighbors(J)V >"	12	12
"< Application, Lcck/test/TestEngine, runAllTests()V >"	40	1
"< Application, Lorg/dacapo/harness/Benchmark, initialize()V >"	20	3
"< Application, Lcck/test/TestEngine, finishTest(Lcck/test/TestCase;)V >"	14	1
"< Application, Lavrora/sim/clock/BarrierSynchronizer$SynchEvent, fire()V >"	19	4
"< Application, Lavrora/monitors/SnifferMonitor$Mon, fireAfterReceiveEnd(Lavrora/sim/radio/Medium$Receiver;)V >"	21	15
"< Application, Lavrora/sim/clock/BarrierSynchronizer, waitForNeighbors(J)V >"	17	12
"< Application, Lcck/test/TestEngine, nextTest()I >"	9	1
