"< Application, Lavrora/syntax/objdump/ObjDumpParserTokenManager, jjMoveStringLiteralDfa3_0(JJJJJJ)I >"	130	176	java_comparison_cmp	175	14
"< Application, Lavrora/syntax/objdump/ObjDumpParserTokenManager, jjStopStringLiteralDfa_0(IJJJ)I >"	13	136	java_comparison_cmp	135	10
"< Application, Lorg/dacapo/parser/ConfigFileTokenManager, getNextToken()Lorg/dacapo/parser/Token; >"	105	57	java_comparison_cmp	56	47
"< Application, Lavrora/test/probes/ProbeParserTokenManager, jjMoveNfa_0(II)I >"	44	51	java_comparison_cmp	50	30
"< Application, Lavrora/syntax/atmel/AtmelParserTokenManager, jjMoveStringLiteralDfa3_0(JJJJJJ)I >"	172	166	java_comparison_cmp	165	14
"< Application, Lorg/dacapo/parser/ConfigFileTokenManager, jjMoveStringLiteralDfa3_0(JJ)I >"	39	53	java_comparison_cmp	52	6
"< Application, Lorg/dacapo/parser/ConfigFileTokenManager, jjStopStringLiteralDfa_0(IJ)I >"	109	13	java_comparison_cmp	12	8
"< Application, Lavrora/syntax/atmel/AtmelParserTokenManager, jjMoveStringLiteralDfa2_0(JJJJJJ)I >"	367	47	java_comparison_cmp	46	14
"< Application, Lavrora/gui/TimeScale, <clinit>()V >"	19	26	java_comparison_cmpl	32	25
"< Application, Lorg/dacapo/parser/ConfigFileTokenManager, jjMoveStringLiteralDfa1_2(J)I >"	9	14	java_comparison_cmp	12	13
"< Application, Lorg/dacapo/parser/ConfigFileTokenManager, jjMoveStringLiteralDfa3_0(JJ)I >"	1	7	java_comparison_cmp	5	6
"< Application, Lavrora/sim/radio/Medium$Transmission, getByteAtTime(J)B >"	3	7	java_comparison_cmp	2	6
"< Application, Lavrora/syntax/atmel/AtmelParserTokenManager, jjMoveStringLiteralDfa1_0(JJJ)I >"	40	120	java_comparison_cmp	119	17
"< Application, Lcck/text/StringUtil, toHex(Ljava/lang/StringBuffer;JI)V >"	2	9	java_comparison_cmp	2	8
"< Application, Lavrora/syntax/atmel/AtmelParserTokenManager, jjMoveStringLiteralDfa2_0(JJJJJJ)I >"	324	88	java_comparison_cmp	87	14
"< Application, Lavrora/syntax/objdump/ObjDumpParserTokenManager, jjMoveStringLiteralDfa3_0(JJJJJJ)I >"	145	184	java_comparison_cmp	183	14
"< Application, Lorg/dacapo/parser/ConfigFileTokenManager, jjMoveStringLiteralDfa4_0(JJ)I >"	55	23	java_comparison_cmp	22	6
"< Application, Lavrora/syntax/atmel/AtmelParserTokenManager, jjMoveStringLiteralDfa2_0(JJJJJJ)I >"	82	350	java_comparison_cmp	349	14
"< Application, Lavrora/syntax/objdump/ObjDumpParserTokenManager, jjMoveStringLiteralDfa3_0(JJJJJJ)I >"	247	82	java_comparison_cmp	81	14
"< Application, Lorg/dacapo/parser/ConfigFileTokenManager, jjStopStringLiteralDfa_0(IJ)I >"	40	55	java_comparison_cmp	54	8
"< Application, Lavrora/syntax/atmel/AtmelParserTokenManager, jjStopStringLiteralDfa_0(IJJJ)I >"	52	61	java_comparison_cmp	60	10
"< Application, Lavrora/syntax/objdump/ObjDumpParserTokenManager, jjStopStringLiteralDfa_0(IJJJ)I >"	16	139	java_comparison_cmp	138	10
"< Application, Lavrora/sim/mcu/Timer16Bit, tickerFinish(Lavrora/sim/Simulator$Event;I)V >"	5	11	java_comparison_cmp	9	10
"< Application, Lorg/dacapo/harness/Callback, runAgain()Z >"	91	88	java_comparison_cmpl	84	87
"< Application, Lavrora/syntax/atmel/AtmelParserTokenManager, jjMoveStringLiteralDfa4_0(JJJJJJ)I >"	34	109	java_comparison_cmp	108	14
"< Application, Lavrora/syntax/objdump/ObjDumpParserTokenManager, jjMoveStringLiteralDfa2_0(JJJJJJ)I >"	281	112	java_comparison_cmp	111	14
"< Application, Lavrora/syntax/atmel/AtmelParserTokenManager, jjMoveStringLiteralDfa3_0(JJJJJJ)I >"	115	227	java_comparison_cmp	226	14
"< Application, Lavrora/syntax/atmel/AtmelParserTokenManager, jjMoveStringLiteralDfa2_0(JJJJJJ)I >"	204	247	java_comparison_cmp	246	14
"< Application, Lavrora/syntax/objdump/ObjDumpParserTokenManager, jjMoveStringLiteralDfa3_0(JJJJJJ)I >"	96	233	java_comparison_cmp	232	14
"< Application, Lavrora/syntax/atmel/AtmelParserTokenManager, jjMoveStringLiteralDfa3_0(JJJJJJ)I >"	162	160	java_comparison_cmp	159	14
"< Application, Lavrora/sim/output/EventBuffer, extract(J)Lavrora/sim/output/EventBuffer$Event; >"	4	7	java_comparison_cmp	6	2
"< Application, Lavrora/sim/state/Complex, abs(Lavrora/sim/state/Complex;)D >"	9	14	java_comparison_cmpl	5	8
"< Application, Lavrora/syntax/objdump/ObjDumpParserTokenManager, jjMoveStringLiteralDfa4_0(JJJJJJ)I >"	24	105	java_comparison_cmp	104	14
"< Application, Lavrora/syntax/objdump/ObjDumpParserTokenManager, jjMoveStringLiteralDfa2_0(JJJJJJ)I >"	120	317	java_comparison_cmp	316	14
"< Application, Lavrora/sim/radio/CC1000Radio, getPower()D >"	3	8	java_comparison_cmpg	6	7
"< Application, Lavrora/test/probes/ProbeParserTokenManager, jjMoveNfa_0(II)I >"	19	31	java_comparison_cmp	29	30
"< Application, Lorg/dacapo/parser/ConfigFileTokenManager, jjMoveStringLiteralDfa6_0(JJ)I >"	19	50	java_comparison_cmp	49	6
"< Application, Lavrora/gui/TimeScale, newZoomLevel(D)Lavrora/gui/TimeScale$ZoomLevel; >"	5	11	java_comparison_cmpg	22	9
"< Application, Lavrora/syntax/objdump/ObjDumpParserTokenManager, jjMoveNfa_0(II)I >"	137	114	java_comparison_cmp	113	34
"< Application, Lavrora/syntax/atmel/AtmelParserTokenManager, jjMoveStringLiteralDfa2_0(JJJJJJ)I >"	335	94	java_comparison_cmp	93	14
"< Application, Lavrora/syntax/objdump/ObjDumpParserTokenManager, jjMoveStringLiteralDfa2_0(JJJJJJ)I >"	69	385	java_comparison_cmp	384	14
"< Application, Lavrora/test/probes/ProbeTest, match()V >"	55	58	java_comparison_cmp	56	57
"< Application, Lavrora/syntax/objdump/ObjDumpParserTokenManager, jjMoveNfa_0(II)I >"	398	35	java_comparison_cmp	33	34
"< Application, Lavrora/test/probes/ProbeParserTokenManager, jjMoveNfa_0(II)I >"	91	78	java_comparison_cmp	77	30
"< Application, Lorg/dacapo/parser/ConfigFileTokenManager, jjMoveNfa_0(II)I >"	145	99	java_comparison_cmp	98	34
"< Application, Lavrora/syntax/atmel/AtmelParserTokenManager, jjMoveStringLiteralDfa3_0(JJJJJJ)I >"	125	212	java_comparison_cmp	211	14
"< Application, Lavrora/syntax/objdump/ObjDumpParserTokenManager, jjMoveStringLiteralDfa2_0(JJJJJJ)I >"	366	31	java_comparison_cmp	30	14
"< Application, Lavrora/test/probes/ProbeParserTokenManager, jjStopStringLiteralDfa_0(IJ)I >"	15	33	java_comparison_cmp	32	8
"< Application, Lcck/stat/TimeSequence, iterator(J)Lcck/stat/TimeSequence$Iterator; >"	3	8	java_comparison_cmp	2	7
"< Application, Lavrora/syntax/atmel/AtmelParserTokenManager, jjMoveNfa_0(II)I >"	244	191	java_comparison_cmp	190	34
"< Application, Lavrora/syntax/objdump/ObjDumpParserTokenManager, jjMoveStringLiteralDfa3_0(JJJJJJ)I >"	86	228	java_comparison_cmp	227	14
"< Application, Lavrora/syntax/objdump/ObjDumpParserTokenManager, jjStopStringLiteralDfa_0(IJJJ)I >"	73	68	java_comparison_cmp	67	10
"< Application, Lavrora/syntax/atmel/AtmelParserTokenManager, jjMoveStringLiteralDfa5_0(JJJJJJ)I >"	5	15	java_comparison_cmp	13	14
"< Application, Lavrora/syntax/atmel/AtmelParserTokenManager, jjMoveStringLiteralDfa3_0(JJJJJJ)I >"	196	131	java_comparison_cmp	130	14
"< Application, Lavrora/syntax/atmel/AtmelParserTokenManager, jjMoveNfa_0(II)I >"	124	92	java_comparison_cmp	91	34
"< Application, Lavrora/syntax/atmel/AtmelParserTokenManager, jjStopStringLiteralDfa_0(IJJJ)I >"	4	86	java_comparison_cmp	4	10
"< Application, Lavrora/syntax/objdump/ObjDumpParserTokenManager, jjMoveStringLiteralDfa2_0(JJJJJJ)I >"	313	81	java_comparison_cmp	80	14
"< Application, Lavrora/syntax/atmel/AtmelParserTokenManager, jjMoveStringLiteralDfa3_0(JJJJJJ)I >"	51	295	java_comparison_cmp	294	14
"< Application, Lavrora/syntax/objdump/ObjDumpParserTokenManager, jjMoveStringLiteralDfa1_0(JJJ)I >"	16	99	java_comparison_cmp	98	18
"< Application, Lavrora/syntax/atmel/AtmelParserTokenManager, jjMoveStringLiteralDfa3_0(JJJJJJ)I >"	241	83	java_comparison_cmp	82	14
"< Application, Lorg/dacapo/parser/ConfigFileTokenManager, jjMoveNfa_0(II)I >"	171	162	java_comparison_cmp	161	34
"< Application, Lavrora/monitors/ProfileMonitor$Mon, reportProfile()V >"	29	38	java_comparison_cmp	37	26
"< Application, Lavrora/gui/TimeScale, newZoomLevel(D)Lavrora/gui/TimeScale$ZoomLevel; >"	8	14	java_comparison_cmpl	12	13
"< Application, Lorg/dacapo/parser/ConfigFileTokenManager, jjStopStringLiteralDfa_0(IJ)I >"	91	25	java_comparison_cmp	24	8
"< Application, Lavrora/syntax/atmel/AtmelParserTokenManager, jjStopStringLiteralDfa_0(IJJJ)I >"	55	64	java_comparison_cmp	63	10
"< Application, Lavrora/syntax/objdump/ObjDumpParserTokenManager, jjMoveStringLiteralDfa2_0(JJJJJJ)I >"	207	220	java_comparison_cmp	219	14
"< Application, Lavrora/test/probes/ProbeParserTokenManager, jjStopStringLiteralDfa_0(IJ)I >"	26	29	java_comparison_cmp	28	8
"< Application, Lavrora/sim/Simulation, getRandom()Ljava/util/Random; >"	4	9	java_comparison_cmp	7	8
"< Application, Lavrora/syntax/objdump/ObjDumpParserTokenManager, jjMoveStringLiteralDfa1_0(JJJ)I >"	51	47	java_comparison_cmp	46	18
"< Application, Lavrora/syntax/atmel/AtmelParserTokenManager, jjMoveStringLiteralDfa2_0(JJJJJJ)I >"	181	264	java_comparison_cmp	263	14
"< Application, Lavrora/sim/clock/BarrierSynchronizer, getWaitSlot(J)Lavrora/sim/clock/BarrierSynchronizer$WaitSlot; >"	5	8	java_comparison_cmp	7	2
"< Application, Lavrora/syntax/objdump/ObjDumpParserTokenManager, jjMoveStringLiteralDfa3_0(JJJJJJ)I >"	76	266	java_comparison_cmp	265	14
"< Application, Lavrora/syntax/atmel/AtmelParserTokenManager, jjMoveStringLiteralDfa4_0(JJJJJJ)I >"	39	91	java_comparison_cmp	90	14
"< Application, Lavrora/test/probes/ProbeParserTokenManager, jjMoveStringLiteralDfa6_0(JJ)I >"	1	7	java_comparison_cmp	5	6
"< Application, Lavrora/sim/radio/Medium$Receiver, earliestNewTransmission(J)Lavrora/sim/radio/Medium$Transmission; >"	11	17	java_comparison_cmp	2	16
"< Application, Lavrora/syntax/objdump/ObjDumpParserTokenManager, jjMoveStringLiteralDfa4_0(JJJJJJ)I >"	89	28	java_comparison_cmp	27	14
"< Application, Lavrora/syntax/objdump/ObjDumpParserTokenManager, jjMoveStringLiteralDfa2_0(JJJJJJ)I >"	195	237	java_comparison_cmp	236	14
"< Application, Lavrora/test/probes/ProbeParserTokenManager, jjStopStringLiteralDfa_0(IJ)I >"	22	26	java_comparison_cmp	25	8
"< Application, Lavrora/test/probes/ProbeParserTokenManager, jjStopStringLiteralDfa_0(IJ)I >"	2	39	java_comparison_cmp	38	8
"< Application, Lavrora/syntax/objdump/ObjDumpParserTokenManager, jjStopStringLiteralDfa_0(IJJJ)I >"	49	113	java_comparison_cmp	112	10
"< Application, Lavrora/sim/radio/Medium$Receiver, intersect(JLavrora/sim/radio/Medium$Transmission;)Z >"	1	6	java_comparison_cmp	2	5
"< Application, Lorg/dacapo/parser/ConfigFileTokenManager, jjMoveStringLiteralDfa9_0(JJ)I >"	1	7	java_comparison_cmp	5	6
"< Application, Lavrora/syntax/objdump/ObjDumpParserTokenManager, jjMoveNfa_0(II)I >"	300	265	java_comparison_cmp	264	34
"< Application, Lavrora/syntax/objdump/ObjDumpParserTokenManager, jjMoveStringLiteralDfa3_0(JJJJJJ)I >"	120	207	java_comparison_cmp	206	14
"< Application, Lavrora/syntax/objdump/ObjDumpParserTokenManager, jjMoveNfa_0(II)I >"	184	176	java_comparison_cmp	175	34
"< Application, Lavrora/syntax/objdump/ObjDumpParserTokenManager, jjStopStringLiteralDfa_0(IJJJ)I >"	100	89	java_comparison_cmp	88	10
"< Application, Lavrora/syntax/objdump/ObjDumpParserTokenManager, jjMoveStringLiteralDfa3_0(JJJJJJ)I >"	61	291	java_comparison_cmp	290	14
"< Application, Lavrora/syntax/objdump/ObjDumpParserTokenManager, jjMoveNfa_0(II)I >"	192	180	java_comparison_cmp	179	34
"< Application, Lavrora/sim/radio/LossyModel, computeReceivedPower(Lavrora/sim/radio/Medium$Transmission;Lavrora/sim/radio/Medium$Receiver;I)D >"	7	20	java_comparison_cmpl	11	12
"< Application, Lavrora/syntax/objdump/ObjDumpParserTokenManager, jjMoveStringLiteralDfa3_0(JJJJJJ)I >"	226	71	java_comparison_cmp	70	14
"< Application, Lavrora/syntax/objdump/ObjDumpParserTokenManager, jjMoveStringLiteralDfa2_0(JJJJJJ)I >"	263	156	java_comparison_cmp	155	14
"< Application, Lavrora/syntax/atmel/AtmelParserTokenManager, jjMoveStringLiteralDfa3_0(JJJJJJ)I >"	61	299	java_comparison_cmp	298	14
"< Application, Lavrora/syntax/objdump/ObjDumpParserTokenManager, jjStopStringLiteralDfa_0(IJJJ)I >"	5	131	java_comparison_cmp	130	10
"< Application, Lavrora/syntax/atmel/AtmelParserTokenManager, jjMoveStringLiteralDfa1_0(JJJ)I >"	10	156	java_comparison_cmp	155	17
"< Application, Lavrora/monitors/ProfileMonitor$Mon$InstrProfileEntry, compareTo(Ljava/lang/Object;)I >"	16	11	java_comparison_cmp	9	10
"< Application, Lavrora/sim/state/Complex, abs(Lavrora/sim/state/Complex;)D >"	4	10	java_comparison_cmpl	5	9
"< Application, Lavrora/test/probes/ProbeParserTokenManager, jjMoveStringLiteralDfa4_0(JJ)I >"	15	45	java_comparison_cmp	44	6
"< Application, Lavrora/monitors/EnergyProfiler$Monitor, report()V >"	52	71	java_comparison_cmp	70	10
"< Application, Lavrora/syntax/atmel/AtmelParserTokenManager, jjMoveStringLiteralDfa2_0(JJJJJJ)I >"	49	383	java_comparison_cmp	382	14
"< Application, Lavrora/syntax/objdump/ObjDumpParserTokenManager, jjMoveNfa_0(II)I >"	151	120	java_comparison_cmp	119	34
"< Application, Lorg/dacapo/parser/ConfigFileTokenManager, jjMoveStringLiteralDfa11_0(JJ)I >"	15	27	java_comparison_cmp	26	6
"< Application, Lorg/dacapo/parser/ConfigFileTokenManager, jjStopStringLiteralDfa_0(IJ)I >"	6	75	java_comparison_cmp	74	8
"< Application, Lavrora/syntax/objdump/ObjDumpParserTokenManager, jjMoveNfa_0(II)I >"	165	126	java_comparison_cmp	125	34
"< Application, Lavrora/syntax/objdump/ObjDumpParserTokenManager, jjMoveStringLiteralDfa2_0(JJJJJJ)I >"	97	353	java_comparison_cmp	352	14
"< Application, Lavrora/syntax/objdump/ObjDumpParserTokenManager, jjMoveStringLiteralDfa3_0(JJJJJJ)I >"	266	28	java_comparison_cmp	27	14
"< Application, Lavrora/syntax/objdump/ObjDumpParserTokenManager, jjMoveStringLiteralDfa2_0(JJJJJJ)I >"	43	373	java_comparison_cmp	372	14
"< Application, Lavrora/monitors/TripTimeMonitor$PointToPointMon$PTPProbe, fireBefore(Lavrora/sim/State;I)V >"	10	16	java_comparison_cmp	14	15
"< Application, Lavrora/monitors/EnergyMonitor$Monitor, <init>(Lavrora/monitors/EnergyMonitor;Lavrora/sim/Simulator;)V >"	14	20	java_comparison_cmpl	18	19
"< Application, Lavrora/syntax/atmel/AtmelParserTokenManager, jjMoveStringLiteralDfa5_0(JJJJJJ)I >"	26	28	java_comparison_cmp	27	14
"< Application, Lavrora/syntax/objdump/ObjDumpParserTokenManager, jjMoveStringLiteralDfa3_0(JJJJJJ)I >"	155	157	java_comparison_cmp	156	14
"< Application, Lorg/dacapo/parser/ConfigFileTokenManager, jjMoveNfa_0(II)I >"	197	154	java_comparison_cmp	153	34
"< Application, Lorg/dacapo/parser/ConfigFileTokenManager, jjMoveStringLiteralDfa3_0(JJ)I >"	53	38	java_comparison_cmp	37	6
"< Application, Lavrora/syntax/atmel/AtmelParserTokenManager, jjMoveStringLiteralDfa2_0(JJJJJJ)I >"	264	157	java_comparison_cmp	156	14
"< Application, Lavrora/syntax/atmel/AtmelParserTokenManager, jjMoveNfa_0(II)I >"	92	80	java_comparison_cmp	79	34
"< Application, Lavrora/monitors/InterruptMonitor$Mon, invocationSeparation(I)Ljava/lang/String; >"	2	7	java_comparison_cmp	5	6
"< Application, Lavrora/syntax/objdump/ObjDumpParserTokenManager, jjStopStringLiteralDfa_0(IJJJ)I >"	138	58	java_comparison_cmp	57	10
"< Application, Lavrora/syntax/objdump/ObjDumpParserTokenManager, jjMoveNfa_0(II)I >"	92	148	java_comparison_cmp	147	34
"< Application, Lorg/dacapo/parser/ConfigFileTokenManager, jjStopStringLiteralDfa_0(IJ)I >"	45	45	java_comparison_cmp	44	8
"< Application, Lavrora/syntax/atmel/AtmelParserTokenManager, jjMoveStringLiteralDfa3_0(JJJJJJ)I >"	271	47	java_comparison_cmp	46	14
"< Application, Lavrora/arch/legacy/LegacyInterpreter, runLoop()V >"	21	17	java_comparison_cmp	16	8
"< Application, Lavrora/syntax/atmel/AtmelParserTokenManager, jjMoveNfa_0(II)I >"	179	163	java_comparison_cmp	162	34
"< Application, Lavrora/syntax/objdump/ObjDumpParserTokenManager, getNextToken()Lavrora/syntax/objdump/Token; >"	91	84	java_comparison_cmp	83	36
"< Application, Lavrora/syntax/objdump/ObjDumpParserTokenManager, jjStopStringLiteralDfa_0(IJJJ)I >"	141	61	java_comparison_cmp	60	10
"< Application, Lavrora/syntax/atmel/AtmelParserTokenManager, jjMoveStringLiteralDfa2_0(JJJJJJ)I >"	141	286	java_comparison_cmp	285	14
"< Application, Lavrora/syntax/atmel/AtmelParserTokenManager, jjMoveNfa_0(II)I >"	56	116	java_comparison_cmp	115	34
"< Application, Lavrora/syntax/atmel/AtmelParserTokenManager, jjMoveStringLiteralDfa3_0(JJJJJJ)I >"	216	68	java_comparison_cmp	67	14
"< Application, Lorg/dacapo/parser/ConfigFileTokenManager, jjMoveNfa_1(II)I >"	19	40	java_comparison_cmp	38	39
"< Application, Lavrora/syntax/objdump/ObjDumpParserTokenManager, jjMoveNfa_0(II)I >"	80	143	java_comparison_cmp	142	34
"< Application, Lavrora/syntax/objdump/ObjDumpParserTokenManager, jjMoveNfa_0(II)I >"	336	276	java_comparison_cmp	275	34
"< Application, Lorg/dacapo/parser/ConfigFileTokenManager, jjMoveStringLiteralDfa10_0(JJ)I >"	19	20	java_comparison_cmp	19	6
"< Application, Lavrora/syntax/objdump/ObjDumpParserTokenManager, jjStopStringLiteralDfa_0(IJJJ)I >"	87	77	java_comparison_cmp	76	10
"< Application, Lavrora/syntax/objdump/ObjDumpParserTokenManager, jjMoveStringLiteralDfa2_0(JJJJJJ)I >"	172	255	java_comparison_cmp	254	14
"< Application, Lavrora/test/probes/ProbeParserTokenManager, jjStopStringLiteralDfa_0(IJ)I >"	50	13	java_comparison_cmp	12	8
"< Application, Lavrora/sim/clock/RippleSynchronizer, advance(JLavrora/sim/clock/RippleSynchronizer$WaitLink;)Lavrora/sim/clock/RippleSynchronizer$WaitLink; >"	3	8	java_comparison_cmp	2	7
"< Application, Lavrora/syntax/objdump/ObjDumpParserTokenManager, jjMoveNfa_0(II)I >"	293	240	java_comparison_cmp	239	34
"< Application, Lorg/dacapo/parser/ConfigFileTokenManager, jjMoveStringLiteralDfa4_0(JJ)I >"	38	33	java_comparison_cmp	32	6
"< Application, Lavrora/syntax/atmel/AtmelParserTokenManager, jjMoveStringLiteralDfa3_0(JJJJJJ)I >"	186	145	java_comparison_cmp	144	14
"< Application, Lorg/dacapo/parser/ConfigFileTokenManager, jjMoveStringLiteralDfa3_0(JJ)I >"	21	77	java_comparison_cmp	76	6
"< Application, Lavrora/monitors/ProfileMonitor$Mon$InstrProfileEntry, compareTo(Ljava/lang/Object;)I >"	21	14	java_comparison_cmp	12	13
"< Application, Lavrora/sim/state/Complex, abs(Lavrora/sim/state/Complex;)D >"	7	12	java_comparison_cmpl	8	9
"< Application, Lavrora/syntax/atmel/AtmelParserTokenManager, jjStopStringLiteralDfa_0(IJJJ)I >"	76	44	java_comparison_cmp	43	10
"< Application, Lavrora/syntax/atmel/AtmelParserTokenManager, jjMoveStringLiteralDfa2_0(JJJJJJ)I >"	230	207	java_comparison_cmp	206	14
"< Application, Lorg/dacapo/parser/ConfigFileTokenManager, jjMoveNfa_0(II)I >"	206	159	java_comparison_cmp	158	34
"< Application, Lavrora/syntax/atmel/AtmelParserTokenManager, jjMoveNfa_0(II)I >"	200	197	java_comparison_cmp	196	34
"< Application, Lavrora/syntax/atmel/AtmelParserTokenManager, jjMoveStringLiteralDfa3_0(JJJJJJ)I >"	191	128	java_comparison_cmp	127	14
"< Application, Lavrora/sim/clock/RippleSynchronizer, waitFor(JLavrora/sim/clock/RippleSynchronizer$WaitLink;)V >"	1	6	java_comparison_cmp	2	5
"< Application, Lavrora/syntax/objdump/ObjDumpParserTokenManager, jjMoveStringLiteralDfa3_0(JJJJJJ)I >"	31	277	java_comparison_cmp	276	14
"< Application, Lavrora/syntax/atmel/AtmelParserTokenManager, jjStopStringLiteralDfa_0(IJJJ)I >"	16	72	java_comparison_cmp	71	10
"< Application, Lorg/dacapo/parser/ConfigFileTokenManager, jjStopStringLiteralDfa_0(IJ)I >"	49	48	java_comparison_cmp	47	8
"< Application, Lavrora/syntax/atmel/AtmelParserTokenManager, jjMoveStringLiteralDfa4_0(JJJJJJ)I >"	73	54	java_comparison_cmp	53	14
"< Application, Lavrora/syntax/atmel/AtmelParserTokenManager, jjMoveStringLiteralDfa1_0(JJJ)I >"	20	126	java_comparison_cmp	125	17
"< Application, Lavrora/monitors/ProfileMonitor$Mon, reportProfile()V >"	64	95	java_comparison_cmp	26	94
"< Application, Lavrora/syntax/objdump/ObjDumpParserTokenManager, jjMoveNfa_0(II)I >"	118	107	java_comparison_cmp	106	34
"< Application, Lavrora/syntax/objdump/ObjDumpParserTokenManager, jjMoveNfa_0(II)I >"	123	109	java_comparison_cmp	108	34
"< Application, Lavrora/syntax/objdump/ObjDumpParserTokenManager, jjMoveStringLiteralDfa3_0(JJJJJJ)I >"	150	187	java_comparison_cmp	186	14
"< Application, Lavrora/syntax/objdump/ObjDumpParserTokenManager, getNextToken()Lavrora/syntax/objdump/Token; >"	81	46	java_comparison_cmp	45	36
"< Application, Lavrora/monitors/ProfileMonitor$Mon$InstrProfileEntry, compareTo(Ljava/lang/Object;)I >"	11	22	java_comparison_cmp	20	21
"< Application, Lorg/dacapo/parser/ConfigFileTokenManager, jjMoveStringLiteralDfa6_0(JJ)I >"	26	41	java_comparison_cmp	40	6
"< Application, Lavrora/test/probes/ProbeParserTokenManager, jjMoveNfa_0(II)I >"	124	108	java_comparison_cmp	107	30
"< Application, Lcck/stat/TimeSequence$TreeNode, find(J)Lcck/stat/TimeSequence$Fragment; >"	4	8	java_comparison_cmp	2	7
"< Application, Lavrora/syntax/atmel/AtmelParserTokenManager, jjMoveStringLiteralDfa3_0(JJJJJJ)I >"	83	239	java_comparison_cmp	238	14
"< Application, Lorg/dacapo/parser/ConfigFileTokenManager, jjStopStringLiteralDfa_0(IJ)I >"	16	69	java_comparison_cmp	68	8
"< Application, Lavrora/syntax/atmel/AtmelParserTokenManager, jjMoveStringLiteralDfa1_0(JJJ)I >"	51	99	java_comparison_cmp	98	17
"< Application, Lavrora/syntax/objdump/ObjDumpParserTokenManager, jjMoveStringLiteralDfa2_0(JJJJJJ)I >"	286	115	java_comparison_cmp	114	14
"< Application, Lavrora/syntax/objdump/ObjDumpParserTokenManager, jjMoveStringLiteralDfa3_0(JJJJJJ)I >"	172	148	java_comparison_cmp	147	14
"< Application, Lavrora/syntax/atmel/AtmelParserTokenManager, jjMoveStringLiteralDfa2_0(JJJJJJ)I >"	117	338	java_comparison_cmp	337	14
"< Application, Lavrora/syntax/atmel/AtmelParserTokenManager, jjMoveStringLiteralDfa2_0(JJJJJJ)I >"	269	160	java_comparison_cmp	159	14
"< Application, Lavrora/syntax/objdump/ObjDumpParserTokenManager, jjMoveStringLiteralDfa3_0(JJJJJJ)I >"	236	77	java_comparison_cmp	76	14
"< Application, Lavrora/syntax/atmel/AtmelParserTokenManager, jjStopStringLiteralDfa_0(IJJJ)I >"	70	39	java_comparison_cmp	38	10
"< Application, Lorg/dacapo/parser/ConfigFileTokenManager, jjStopStringLiteralDfa_0(IJ)I >"	34	52	java_comparison_cmp	51	8
"< Application, Lavrora/gui/TimeScale, drawScale(Ljava/awt/Dimension;Ljava/awt/Graphics;)V >"	49	65	java_comparison_cmpg	71	64
"< Application, Lavrora/syntax/objdump/ObjDumpParserTokenManager, jjMoveStringLiteralDfa3_0(JJJJJJ)I >"	135	179	java_comparison_cmp	178	14
"< Application, Lavrora/sim/radio/Medium$Receiver$Ticker, fireUnlocked(J)V >"	39	38	java_comparison_cmp	26	37
"< Application, Lavrora/syntax/objdump/ObjDumpParserTokenManager, jjMoveStringLiteralDfa3_0(JJJJJJ)I >"	125	210	java_comparison_cmp	209	14
"< Application, Lavrora/sim/platform/ExternalFlash$PA3Output, write(Z)V >"	7	364	java_comparison_cmp	363	15
"< Application, Lavrora/syntax/atmel/AtmelParserTokenManager, jjMoveStringLiteralDfa3_0(JJJJJJ)I >"	5	15	java_comparison_cmp	13	14
"< Application, Lavrora/syntax/atmel/AtmelParserTokenManager, jjStopStringLiteralDfa_0(IJJJ)I >"	27	78	java_comparison_cmp	77	10
"< Application, Lavrora/syntax/objdump/ObjDumpParserTokenManager, getNextToken()Lavrora/syntax/objdump/Token; >"	61	37	java_comparison_cmp	35	36
"< Application, Lavrora/syntax/objdump/ObjDumpParserTokenManager, jjMoveStringLiteralDfa3_0(JJJJJJ)I >"	41	282	java_comparison_cmp	281	14
"< Application, Lavrora/syntax/objdump/ObjDumpParserTokenManager, jjMoveStringLiteralDfa1_0(JJJ)I >"	60	34	java_comparison_cmp	33	18
"< Application, Lavrora/actions/SimAction, reportTime(Lavrora/sim/Simulation;JZ)V >"	12	22	java_comparison_cmp	20	25
"< Application, Lavrora/gui/GraphNumbers, drawValueScale(Ljava/awt/Dimension;Ljava/awt/Graphics;)V >"	19	28	java_comparison_cmpl	26	27
"< Application, Lavrora/syntax/atmel/AtmelParserTokenManager, jjMoveStringLiteralDfa3_0(JJJJJJ)I >"	259	53	java_comparison_cmp	52	14
"< Application, Lavrora/syntax/atmel/AtmelParserTokenManager, jjMoveNfa_0(II)I >"	285	39	java_comparison_cmp	38	34
"< Application, Lavrora/syntax/objdump/ObjDumpParserTokenManager, jjMoveStringLiteralDfa2_0(JJJJJJ)I >"	343	55	java_comparison_cmp	54	14
"< Application, Lavrora/syntax/atmel/AtmelParserTokenManager, jjMoveStringLiteralDfa2_0(JJJJJJ)I >"	156	295	java_comparison_cmp	294	14
"< Application, Lavrora/syntax/atmel/AtmelParserTokenManager, jjMoveStringLiteralDfa3_0(JJJJJJ)I >"	281	31	java_comparison_cmp	30	14
"< Application, Lcck/text/StringUtil, toBin(JI)Ljava/lang/String; >"	8	13	java_comparison_cmp	11	12
"< Application, Lavrora/sim/clock/DeltaQueue, advanceSlow(J)V >"	3	7	java_comparison_cmp	18	6
"< Application, Lavrora/test/probes/ProbeParserTokenManager, getNextToken()Lavrora/test/probes/Token; >"	84	46	java_comparison_cmp	45	36
"< Application, Lavrora/syntax/objdump/ObjDumpParserTokenManager, jjMoveStringLiteralDfa3_0(JJJJJJ)I >"	106	238	java_comparison_cmp	237	14
"< Application, Lavrora/syntax/atmel/AtmelParserTokenManager, jjMoveStringLiteralDfa1_0(JJJ)I >"	77	58	java_comparison_cmp	57	17
"< Application, Lavrora/syntax/atmel/AtmelParserTokenManager, jjMoveStringLiteralDfa1_0(JJJ)I >"	108	18	java_comparison_cmp	16	17
"< Application, Lavrora/syntax/atmel/AtmelParserTokenManager, jjMoveStringLiteralDfa1_0(JJJ)I >"	93	38	java_comparison_cmp	37	17
"< Application, Lavrora/syntax/atmel/AtmelParserTokenManager, jjMoveStringLiteralDfa3_0(JJJJJJ)I >"	88	242	java_comparison_cmp	241	14
"< Application, Lavrora/sim/radio/LossyModel, lockTransmission(Lavrora/sim/radio/Medium$Receiver;Lavrora/sim/radio/Medium$Transmission;I)Z >"	4	12	java_comparison_cmpl	10	11
"< Application, Lavrora/sim/radio/Medium$TXRX, <init>(Lavrora/sim/radio/Medium;Lavrora/sim/clock/Clock;)V >"	9	13	java_comparison_cmp	7	12
"< Application, Lavrora/syntax/objdump/ObjDumpParserTokenManager, jjMoveStringLiteralDfa2_0(JJJJJJ)I >"	361	28	java_comparison_cmp	27	14
"< Application, Lorg/dacapo/parser/ConfigFileTokenManager, jjMoveStringLiteralDfa5_0(JJ)I >"	40	59	java_comparison_cmp	58	6
"< Application, Lavrora/syntax/atmel/AtmelParserTokenManager, jjStopStringLiteralDfa_0(IJJJ)I >"	66	37	java_comparison_cmp	36	10
"< Application, Lavrora/syntax/atmel/AtmelParserTokenManager, jjMoveStringLiteralDfa2_0(JJJJJJ)I >"	187	267	java_comparison_cmp	266	14
"< Application, Lavrora/syntax/atmel/AtmelParserTokenManager, jjMoveStringLiteralDfa3_0(JJJJJJ)I >"	36	288	java_comparison_cmp	287	14
"< Application, Lcck/util/TimeUtil, zeropad2(JLjava/lang/StringBuffer;)V >"	0	5	java_comparison_cmp	1	4
"< Application, Lavrora/sim/mcu/ADC$ControlRegister, convertVoltage()I >"	16	62	java_comparison_cmpl	59	61
"< Application, Lavrora/sim/clock/RippleSynchronizer, waitFor(JLavrora/sim/clock/RippleSynchronizer$WaitLink;)V >"	20	14	java_comparison_cmp	2	13
"< Application, Lavrora/syntax/objdump/ObjDumpParserTokenManager, jjMoveStringLiteralDfa4_0(JJJJJJ)I >"	43	83	java_comparison_cmp	82	14
"< Application, Lavrora/syntax/atmel/AtmelParserTokenManager, jjMoveStringLiteralDfa2_0(JJJJJJ)I >"	151	292	java_comparison_cmp	291	14
"< Application, Lavrora/syntax/atmel/AtmelParserTokenManager, jjMoveStringLiteralDfa2_0(JJJJJJ)I >"	354	62	java_comparison_cmp	61	14
"< Application, Lavrora/syntax/atmel/AtmelParserTokenManager, jjMoveStringLiteralDfa2_0(JJJJJJ)I >"	176	261	java_comparison_cmp	260	14
"< Application, Lavrora/syntax/atmel/AtmelParserTokenManager, jjMoveNfa_0(II)I >"	216	178	java_comparison_cmp	177	34
"< Application, Lavrora/syntax/atmel/AtmelParserTokenManager, jjStopStringLiteralDfa_0(IJJJ)I >"	60	31	java_comparison_cmp	30	10
"< Application, Lavrora/sim/clock/DeltaQueue, insertEvent(Lavrora/sim/Simulator$Event;J)V >"	9	9	java_comparison_cmp	14	8
"< Application, Lavrora/monitors/ProfileMonitor$Mon, <init>(Lavrora/monitors/ProfileMonitor;Lavrora/sim/Simulator;)V >"	15	18	java_comparison_cmp	16	17
"< Application, Lavrora/syntax/atmel/AtmelParserTokenManager, jjMoveStringLiteralDfa2_0(JJJJJJ)I >"	167	299	java_comparison_cmp	298	14
"< Application, Lorg/dacapo/parser/ConfigFileTokenManager, jjMoveStringLiteralDfa4_0(JJ)I >"	48	39	java_comparison_cmp	38	6
"< Application, Lavrora/syntax/objdump/ObjDumpParserTokenManager, jjMoveStringLiteralDfa4_0(JJJJJJ)I >"	5	15	java_comparison_cmp	13	14
"< Application, Lavrora/syntax/objdump/ObjDumpParserTokenManager, jjMoveStringLiteralDfa2_0(JJJJJJ)I >"	76	343	java_comparison_cmp	342	14
"< Application, Lavrora/syntax/objdump/ObjDumpParserTokenManager, jjMoveStringLiteralDfa2_0(JJJJJJ)I >"	324	87	java_comparison_cmp	86	14
"< Application, Lorg/dacapo/parser/ConfigFileTokenManager, jjMoveStringLiteralDfa2_0(JJ)I >"	42	41	java_comparison_cmp	40	6
"< Application, Lavrora/syntax/objdump/ObjDumpParserTokenManager, jjMoveStringLiteralDfa3_0(JJJJJJ)I >"	56	289	java_comparison_cmp	288	14
"< Application, Lavrora/syntax/atmel/AtmelParserTokenManager, jjMoveStringLiteralDfa3_0(JJJJJJ)I >"	41	290	java_comparison_cmp	289	14
"< Application, Lcck/util/TimeUtil, zeropad3(JLjava/lang/StringBuffer;)V >"	0	5	java_comparison_cmp	1	4
"< Application, Lorg/dacapo/parser/ConfigFileTokenManager, jjMoveStringLiteralDfa5_0(JJ)I >"	74	20	java_comparison_cmp	19	6
"< Application, Lcck/util/Arithmetic, lowestBit(J)I >"	6	13	java_comparison_cmp	11	12
"< Application, Lavrora/syntax/objdump/ObjDumpParserTokenManager, jjMoveStringLiteralDfa4_0(JJJJJJ)I >"	29	99	java_comparison_cmp	98	14
"< Application, Lorg/dacapo/harness/Benchmark, validate(Ljava/lang/String;)Z >"	188	268	java_comparison_cmp	249	228
"< Application, Lavrora/syntax/objdump/ObjDumpParserTokenManager, jjMoveNfa_0(II)I >"	170	128	java_comparison_cmp	127	34
"< Application, Lavrora/monitors/ProfileMonitor$Mon, computeInstrProfile()Ljava/util/List; >"	8	11	java_comparison_cmp	9	10
"< Application, Lavrora/syntax/atmel/AtmelParserTokenManager, jjMoveStringLiteralDfa2_0(JJJJJJ)I >"	254	152	java_comparison_cmp	151	14
"< Application, Lavrora/syntax/objdump/ObjDumpParserTokenManager, jjStopStringLiteralDfa_0(IJJJ)I >"	113	44	java_comparison_cmp	43	10
"< Application, Lavrora/syntax/objdump/ObjDumpParserTokenManager, jjMoveStringLiteralDfa2_0(JJJJJJ)I >"	238	142	java_comparison_cmp	141	14
"< Application, Lorg/dacapo/parser/ConfigFileTokenManager, jjMoveNfa_0(II)I >"	227	35	java_comparison_cmp	33	34
"< Application, Lorg/dacapo/parser/ConfigFileTokenManager, jjMoveStringLiteralDfa1_0(J)I >"	10	55	java_comparison_cmp	54	48
"< Application, Lavrora/syntax/atmel/AtmelParserTokenManager, jjMoveStringLiteralDfa3_0(JJJJJJ)I >"	73	272	java_comparison_cmp	271	14
"< Application, Lavrora/syntax/objdump/ObjDumpParserTokenManager, jjMoveNfa_0(II)I >"	308	243	java_comparison_cmp	242	34
"< Application, Lavrora/syntax/objdump/ObjDumpParserTokenManager, jjMoveStringLiteralDfa2_0(JJJJJJ)I >"	221	196	java_comparison_cmp	195	14
"< Application, Lavrora/sim/radio/RadiusModel, lockTransmission(Lavrora/sim/radio/Medium$Receiver;Lavrora/sim/radio/Medium$Transmission;I)Z >"	3	10	java_comparison_cmpg	8	9
"< Application, Lavrora/syntax/objdump/ObjDumpParserTokenManager, jjMoveStringLiteralDfa3_0(JJJJJJ)I >"	36	280	java_comparison_cmp	279	14
"< Application, Lavrora/syntax/atmel/AtmelParserTokenManager, jjMoveStringLiteralDfa7_0(JJ)I >"	15	20	java_comparison_cmp	19	6
"< Application, Lavrora/syntax/atmel/AtmelParserTokenManager, jjMoveStringLiteralDfa6_0(JJJJ)I >"	19	24	java_comparison_cmp	23	10
"< Application, Lavrora/syntax/atmel/AtmelParserTokenManager, jjMoveStringLiteralDfa1_0(JJJ)I >"	35	135	java_comparison_cmp	134	17
"< Application, Lavrora/syntax/objdump/ObjDumpParserTokenManager, jjMoveStringLiteralDfa4_0(JJJJJJ)I >"	84	35	java_comparison_cmp	34	14
"< Application, Lavrora/syntax/atmel/AtmelParserTokenManager, jjMoveNfa_0(II)I >"	77	72	java_comparison_cmp	71	34
"< Application, Lavrora/syntax/objdump/ObjDumpParserTokenManager, jjMoveNfa_0(II)I >"	63	90	java_comparison_cmp	89	34
"< Application, Lavrora/syntax/objdump/ObjDumpParserTokenManager, jjMoveStringLiteralDfa3_0(JJJJJJ)I >"	184	125	java_comparison_cmp	124	14
"< Application, Lavrora/syntax/objdump/ObjDumpParserTokenManager, jjMoveStringLiteralDfa2_0(JJJJJJ)I >"	243	144	java_comparison_cmp	143	14
"< Application, Lavrora/syntax/atmel/AtmelParserTokenManager, jjMoveStringLiteralDfa3_0(JJJJJJ)I >"	93	244	java_comparison_cmp	243	14
"< Application, Lavrora/monitors/EnergyMonitor$Monitor, report()V >"	44	78	java_comparison_cmp	76	77
"< Application, Lavrora/syntax/objdump/ObjDumpParserTokenManager, jjMoveStringLiteralDfa2_0(JJJJJJ)I >"	216	193	java_comparison_cmp	192	14
"< Application, Lavrora/syntax/objdump/ObjDumpParserTokenManager, jjMoveStringLiteralDfa2_0(JJJJJJ)I >"	53	377	java_comparison_cmp	376	14
"< Application, Lavrora/syntax/atmel/AtmelParserTokenManager, getNextToken()Lavrora/syntax/atmel/Token; >"	91	84	java_comparison_cmp	83	36
"< Application, Lavrora/sim/clock/BarrierSynchronizer, getWaitSlot(J)Lavrora/sim/clock/BarrierSynchronizer$WaitSlot; >"	12	11	java_comparison_cmp	10	2
"< Application, Lavrora/syntax/atmel/AtmelParserTokenManager, jjMoveStringLiteralDfa3_0(JJJJJJ)I >"	211	117	java_comparison_cmp	116	14
"< Application, Lavrora/syntax/objdump/ObjDumpParserTokenManager, jjMoveStringLiteralDfa3_0(JJJJJJ)I >"	115	204	java_comparison_cmp	203	14
"< Application, Lorg/dacapo/parser/ConfigFileTokenManager, jjStopStringLiteralDfa_0(IJ)I >"	29	62	java_comparison_cmp	61	8
"< Application, Lavrora/syntax/atmel/AtmelParserTokenManager, jjMoveStringLiteralDfa4_0(JJJJJJ)I >"	19	126	java_comparison_cmp	125	14
"< Application, Lorg/dacapo/parser/ConfigFileTokenManager, jjMoveStringLiteralDfa4_0(JJ)I >"	1	7	java_comparison_cmp	5	6
"< Application, Lavrora/monitors/EnergyProfiler$Monitor$SleepProbe, fireBefore(Lavrora/sim/State;I)V >"	7	17	java_comparison_cmp	15	16
"< Application, Lavrora/syntax/objdump/ObjDumpParserTokenManager, jjMoveStringLiteralDfa4_0(JJJJJJ)I >"	58	68	java_comparison_cmp	67	14
"< Application, Lcck/elf/ELFHeader, read(Ljava/io/RandomAccessFile;)V >"	1	7	java_comparison_cmp	5	6
"< Application, Lavrora/syntax/objdump/ObjDumpParserTokenManager, jjMoveStringLiteralDfa3_0(JJJJJJ)I >"	91	231	java_comparison_cmp	230	14
"< Application, Lavrora/syntax/atmel/AtmelParserTokenManager, jjMoveNfa_0(II)I >"	208	202	java_comparison_cmp	201	34
"< Application, Lavrora/test/probes/ProbeParserTokenManager, jjStopStringLiteralDfa_0(IJ)I >"	8	36	java_comparison_cmp	35	8
"< Application, Lavrora/syntax/atmel/AtmelParserTokenManager, getNextToken()Lavrora/syntax/atmel/Token; >"	81	46	java_comparison_cmp	45	36
"< Application, Lavrora/syntax/objdump/ObjDumpParserTokenManager, jjMoveStringLiteralDfa2_0(JJJJJJ)I >"	303	75	java_comparison_cmp	74	14
"< Application, Lavrora/syntax/atmel/AtmelParserTokenManager, jjMoveNfa_0(II)I >"	68	67	java_comparison_cmp	66	34
"< Application, Lorg/dacapo/parser/ConfigFileTokenManager, jjStopStringLiteralDfa_0(IJ)I >"	67	32	java_comparison_cmp	31	8
"< Application, Lavrora/syntax/objdump/ObjDumpParserTokenManager, jjMoveNfa_0(II)I >"	368	256	java_comparison_cmp	255	34
"< Application, Lavrora/syntax/objdump/ObjDumpParserTokenManager, jjMoveStringLiteralDfa2_0(JJJJJJ)I >"	190	235	java_comparison_cmp	234	14
"< Application, Lavrora/sim/clock/RippleSynchronizer, waitFor(JLavrora/sim/clock/RippleSynchronizer$WaitLink;)V >"	14	12	java_comparison_cmp	2	11
"< Application, Lavrora/syntax/atmel/AtmelParserTokenManager, jjMoveStringLiteralDfa2_0(JJJJJJ)I >"	19	437	java_comparison_cmp	436	14
"< Application, Lavrora/syntax/objdump/ObjDumpParserTokenManager, jjStopStringLiteralDfa_0(IJJJ)I >"	163	39	java_comparison_cmp	38	10
"< Application, Lavrora/syntax/atmel/AtmelParserTokenManager, jjStopStringLiteralDfa_0(IJJJ)I >"	41	55	java_comparison_cmp	54	10
"< Application, Lavrora/sim/clock/RippleSynchronizer$NotifyEvent, fire()V >"	21	21	java_comparison_cmp	17	20
"< Application, Lavrora/syntax/objdump/ObjDumpParserTokenManager, jjStopStringLiteralDfa_0(IJJJ)I >"	64	121	java_comparison_cmp	120	10
"< Application, Lavrora/syntax/atmel/AtmelParserTokenManager, jjMoveNfa_0(II)I >"	19	54	java_comparison_cmp	53	34
"< Application, Lavrora/syntax/atmel/AtmelParserTokenManager, jjMoveStringLiteralDfa2_0(JJJJJJ)I >"	87	352	java_comparison_cmp	351	14
"< Application, Lavrora/syntax/atmel/AtmelParserTokenManager, jjMoveStringLiteralDfa2_0(JJJJJJ)I >"	349	59	java_comparison_cmp	58	14
"< Application, Lavrora/syntax/objdump/ObjDumpParserTokenManager, jjMoveStringLiteralDfa2_0(JJJJJJ)I >"	63	382	java_comparison_cmp	381	14
"< Application, Lavrora/syntax/objdump/ObjDumpParserTokenManager, jjMoveStringLiteralDfa3_0(JJJJJJ)I >"	221	68	java_comparison_cmp	67	14
"< Application, Lavrora/syntax/objdump/ObjDumpParserTokenManager, jjMoveNfa_0(II)I >"	216	193	java_comparison_cmp	192	34
"< Application, Lavrora/syntax/objdump/ObjDumpParserTokenManager, jjMoveStringLiteralDfa2_0(JJJJJJ)I >"	19	415	java_comparison_cmp	414	14
"< Application, Lavrora/syntax/atmel/AtmelParserTokenManager, jjMoveStringLiteralDfa3_0(JJJJJJ)I >"	252	88	java_comparison_cmp	87	14
"< Application, Lavrora/sim/radio/Medium$Receiver, intersect(JLavrora/sim/radio/Medium$Transmission;)Z >"	4	9	java_comparison_cmp	2	8
"< Application, Lavrora/syntax/atmel/AtmelParserTokenManager, jjMoveStringLiteralDfa2_0(JJJJJJ)I >"	235	210	java_comparison_cmp	209	14
"< Application, Lavrora/syntax/atmel/AtmelParserTokenManager, jjStopStringLiteralDfa_0(IJJJ)I >"	2	85	java_comparison_cmp	84	10
"< Application, Lavrora/sim/util/InterruptScheduler, scheduleInterrupt(IJ)V >"	4	12	java_comparison_cmp	10	11
"< Application, Lavrora/test/probes/ProbeParserTokenManager, jjStopStringLiteralDfa_0(IJ)I >"	44	9	java_comparison_cmp	7	8
"< Application, Lavrora/syntax/atmel/AtmelParserTokenManager, jjMoveStringLiteralDfa5_0(JJJJJJ)I >"	19	41	java_comparison_cmp	40	14
"< Application, Lorg/dacapo/parser/ConfigFileTokenManager, jjMoveStringLiteralDfa11_0(JJ)I >"	20	20	java_comparison_cmp	19	6
"< Application, Lavrora/syntax/atmel/AtmelParserTokenManager, jjMoveStringLiteralDfa3_0(JJJJJJ)I >"	201	134	java_comparison_cmp	133	14
"< Application, Lavrora/syntax/atmel/AtmelParserTokenManager, jjMoveNfa_0(II)I >"	249	194	java_comparison_cmp	193	34
"< Application, Lavrora/sim/clock/RippleSynchronizer, advance(JLavrora/sim/clock/RippleSynchronizer$WaitLink;)Lavrora/sim/clock/RippleSynchronizer$WaitLink; >"	9	10	java_comparison_cmp	2	9
"< Application, Lavrora/syntax/atmel/AtmelParserTokenManager, jjMoveStringLiteralDfa3_0(JJJJJJ)I >"	206	123	java_comparison_cmp	122	14
"< Application, Lavrora/syntax/atmel/AtmelParserTokenManager, jjMoveStringLiteralDfa2_0(JJJJJJ)I >"	44	381	java_comparison_cmp	380	14
"< Application, Lavrora/syntax/atmel/AtmelParserTokenManager, jjMoveStringLiteralDfa4_0(JJJJJJ)I >"	5	15	java_comparison_cmp	13	14
"< Application, Lavrora/test/probes/ProbeParserTokenManager, jjMoveNfa_1(II)I >"	19	29	java_comparison_cmp	27	28
"< Application, Lorg/dacapo/parser/ConfigFileTokenManager, jjMoveNfa_0(II)I >"	117	87	java_comparison_cmp	86	34
"< Application, Lavrora/syntax/atmel/AtmelParserTokenManager, jjMoveStringLiteralDfa2_0(JJJJJJ)I >"	297	122	java_comparison_cmp	121	14
"< Application, Lcck/stat/TimeSequence, add(JI)V >"	3	8	java_comparison_cmp	7	2
"< Application, Lcck/util/Arithmetic, inc([J[II)V >"	18	18	java_comparison_cmp	15	17
"< Application, Lavrora/sim/radio/RadiusModel, distanceSq(Lavrora/sim/radio/Medium$Transmitter;Lavrora/sim/radio/Medium$Receiver;)D >"	24	31	java_comparison_cmpg	29	30
"< Application, Lavrora/syntax/objdump/ObjDumpParserTokenManager, jjStopStringLiteralDfa_0(IJJJ)I >"	79	74	java_comparison_cmp	73	10
"< Application, Lcck/text/StringUtil, convertToHex(JII[C[C)Ljava/lang/String; >"	2	11	java_comparison_cmp	1	10
"< Application, Lavrora/sim/clock/DeltaQueue, advance(J)V >"	8	8	java_comparison_cmp	7	2
"< Application, Lavrora/syntax/objdump/ObjDumpParserTokenManager, jjStopStringLiteralDfa_0(IJJJ)I >"	2	128	java_comparison_cmp	127	10
"< Application, Lavrora/syntax/objdump/ObjDumpParserTokenManager, jjMoveNfa_0(II)I >"	160	124	java_comparison_cmp	123	34
"< Application, Lavrora/sim/clock/RippleSynchronizer, waitForNeighbors(J)V >"	10	19	java_comparison_cmp	2	16
"< Application, Lavrora/syntax/objdump/ObjDumpParserTokenManager, jjMoveNfa_0(II)I >"	279	233	java_comparison_cmp	232	34
"< Application, Lavrora/syntax/objdump/ObjDumpParserTokenManager, jjMoveStringLiteralDfa2_0(JJJJJJ)I >"	258	153	java_comparison_cmp	152	14
"< Application, Lavrora/syntax/objdump/ObjDumpParserTokenManager, jjMoveStringLiteralDfa2_0(JJJJJJ)I >"	167	252	java_comparison_cmp	251	14
"< Application, Lavrora/monitors/MemoryMonitor$Monitor, report()V >"	31	43	java_comparison_cmp	40	42
"< Application, Lavrora/syntax/atmel/AtmelParserTokenManager, jjMoveStringLiteralDfa2_0(JJJJJJ)I >"	64	390	java_comparison_cmp	389	14
"< Application, Lavrora/syntax/atmel/AtmelParserTokenManager, jjMoveStringLiteralDfa4_0(JJJJJJ)I >"	66	69	java_comparison_cmp	68	14
"< Application, Lavrora/syntax/objdump/ObjDumpParserTokenManager, jjStopStringLiteralDfa_0(IJJJ)I >"	181	18	java_comparison_cmp	17	10
"< Application, Lavrora/syntax/objdump/ObjDumpParserTokenManager, jjMoveStringLiteralDfa6_0(JJJJ)I >"	17	31	java_comparison_cmp	30	10
"< Application, Lavrora/sim/radio/Medium$Receiver$Ticker, fireUnlocked(J)V >"	26	32	java_comparison_cmp	26	31
"< Application, Lavrora/syntax/atmel/AtmelParserTokenManager, jjMoveNfa_0(II)I >"	87	77	java_comparison_cmp	76	34
"< Application, Lavrora/syntax/objdump/ObjDumpParserTokenManager, jjMoveNfa_1(II)I >"	19	29	java_comparison_cmp	27	28
"< Application, Lavrora/syntax/atmel/AtmelParserTokenManager, jjMoveStringLiteralDfa4_0(JJJJJJ)I >"	49	97	java_comparison_cmp	96	14
"< Application, Lavrora/syntax/atmel/AtmelParserTokenManager, jjMoveNfa_0(II)I >"	230	185	java_comparison_cmp	184	34
"< Application, Lavrora/test/probes/ProbeParserTokenManager, jjMoveNfa_0(II)I >"	64	61	java_comparison_cmp	60	30
"< Application, Lavrora/syntax/atmel/AtmelParserTokenManager, jjMoveStringLiteralDfa1_0(JJJ)I >"	30	132	java_comparison_cmp	131	17
"< Application, Lavrora/syntax/objdump/ObjDumpParserTokenManager, getNextToken()Lavrora/syntax/objdump/Token; >"	21	71	java_comparison_cmp	70	36
"< Application, Lavrora/sim/clock/DeltaQueue, insertEvent(Lavrora/sim/Simulator$Event;J)V >"	19	18	java_comparison_cmp	14	17
"< Application, Lavrora/syntax/atmel/AtmelParserTokenManager, jjMoveNfa_0(II)I >"	134	96	java_comparison_cmp	95	34
"< Application, Lavrora/syntax/atmel/AtmelParserTokenManager, jjMoveStringLiteralDfa2_0(JJJJJJ)I >"	381	28	java_comparison_cmp	27	14
"< Application, Lavrora/syntax/atmel/AtmelParserTokenManager, jjMoveStringLiteralDfa3_0(JJJJJJ)I >"	145	185	java_comparison_cmp	184	14
"< Application, Lavrora/gui/TimeScale, drawScale(Ljava/awt/Dimension;Ljava/awt/Graphics;)V >"	63	78	java_comparison_cmpg	103	77
"< Application, Lavrora/syntax/atmel/AtmelParserTokenManager, jjMoveStringLiteralDfa2_0(JJJJJJ)I >"	329	91	java_comparison_cmp	90	14
"< Application, Lavrora/syntax/objdump/ObjDumpParserTokenManager, jjMoveStringLiteralDfa2_0(JJJJJJ)I >"	185	232	java_comparison_cmp	231	14
"< Application, Lorg/dacapo/parser/ConfigFileTokenManager, jjMoveStringLiteralDfa5_0(JJ)I >"	62	29	java_comparison_cmp	28	6
"< Application, Lavrora/test/probes/ProbeParserTokenManager, jjMoveStringLiteralDfa5_0(JJ)I >"	1	7	java_comparison_cmp	5	6
"< Application, Lorg/dacapo/parser/ConfigFileTokenManager, jjMoveStringLiteralDfa3_0(JJ)I >"	60	25	java_comparison_cmp	24	6
"< Application, Lavrora/monitors/InterruptMonitor$Mon, invocationLatency(I)Ljava/lang/String; >"	2	7	java_comparison_cmp	5	6
"< Application, Lavrora/syntax/atmel/AtmelParserTokenManager, jjMoveStringLiteralDfa2_0(JJJJJJ)I >"	129	326	java_comparison_cmp	325	14
"< Application, Lavrora/syntax/objdump/ObjDumpParserTokenManager, jjMoveStringLiteralDfa2_0(JJJJJJ)I >"	202	217	java_comparison_cmp	216	14
"< Application, Lavrora/sim/clock/DeltaQueue, advanceSlow(J)V >"	9	13	java_comparison_cmp	12	6
"< Application, Lavrora/monitors/EnergyProfiler$Monitor, report()V >"	5	11	java_comparison_cmp	9	10
"< Application, Lavrora/test/probes/ProbeParserTokenManager, jjMoveNfa_0(II)I >"	145	105	java_comparison_cmp	104	30
"< Application, Lorg/dacapo/parser/ConfigFileTokenManager, jjMoveNfa_0(II)I >"	60	78	java_comparison_cmp	77	34
"< Application, Lavrora/syntax/atmel/AtmelParserTokenManager, jjMoveStringLiteralDfa7_0(JJ)I >"	1	7	java_comparison_cmp	5	6
"< Application, Lavrora/sim/radio/Medium$Receiver, earliestNewTransmission(J)Lavrora/sim/radio/Medium$Transmission; >"	26	31	java_comparison_cmp	29	30
"< Application, Lavrora/syntax/objdump/ObjDumpParserTokenManager, jjStopStringLiteralDfa_0(IJJJ)I >"	94	83	java_comparison_cmp	82	10
"< Application, Lavrora/syntax/atmel/AtmelParserTokenManager, jjMoveStringLiteralDfa1_0(JJJ)I >"	84	50	java_comparison_cmp	49	17
"< Application, Lavrora/syntax/objdump/ObjDumpParserTokenManager, jjMoveStringLiteralDfa3_0(JJJJJJ)I >"	81	225	java_comparison_cmp	224	14
"< Application, Lavrora/syntax/objdump/ObjDumpParserTokenManager, jjStopStringLiteralDfa_0(IJJJ)I >"	172	11	java_comparison_cmp	9	10
"< Application, Lavrora/monitors/CallTreeProfiler$ProfileMonitor, reportSubTree(Lavrora/monitors/CallTreeProfiler$CallTreeNode;ID)V >"	60	95	java_comparison_cmp	90	94
"< Application, Lavrora/syntax/objdump/ObjDumpParserTokenManager, jjStopStringLiteralDfa_0(IJJJ)I >"	104	91	java_comparison_cmp	90	10
"< Application, Lavrora/syntax/atmel/AtmelParserTokenManager, jjMoveNfa_0(II)I >"	129	94	java_comparison_cmp	93	34
"< Application, Lcck/util/Arithmetic, lowestBit(J)I >"	35	51	java_comparison_cmp	49	12
"< Application, Lavrora/syntax/objdump/ObjDumpParserTokenManager, jjMoveStringLiteralDfa3_0(JJJJJJ)I >"	194	131	java_comparison_cmp	130	14
"< Application, Lavrora/syntax/atmel/AtmelParserTokenManager, jjMoveStringLiteralDfa2_0(JJJJJJ)I >"	314	82	java_comparison_cmp	81	14
"< Application, Lavrora/syntax/atmel/AtmelParserTokenManager, jjMoveStringLiteralDfa3_0(JJJJJJ)I >"	221	71	java_comparison_cmp	70	14
"< Application, Lavrora/syntax/objdump/ObjDumpParserTokenManager, jjMoveStringLiteralDfa2_0(JJJJJJ)I >"	38	371	java_comparison_cmp	370	14
"< Application, Lavrora/syntax/objdump/ObjDumpParserTokenManager, jjStopStringLiteralDfa_0(IJJJ)I >"	156	33	java_comparison_cmp	32	10
"< Application, Lavrora/syntax/atmel/AtmelParserTokenManager, jjMoveStringLiteralDfa2_0(JJJJJJ)I >"	216	230	java_comparison_cmp	229	14
"< Application, Lavrora/syntax/atmel/AtmelParserTokenManager, jjMoveStringLiteralDfa2_0(JJJJJJ)I >"	59	388	java_comparison_cmp	387	14
"< Application, Lorg/dacapo/parser/ConfigFileTokenManager, jjMoveNfa_0(II)I >"	126	92	java_comparison_cmp	91	34
"< Application, Lorg/dacapo/parser/Config$OutputFile, hasBytes()Z >"	1	5	java_comparison_cmp	3	4
"< Application, Lavrora/monitors/EnergyProfiler$Monitor, report()V >"	33	44	java_comparison_cmp	43	10
"< Application, Lavrora/syntax/atmel/AtmelParserTokenManager, jjMoveNfa_1(II)I >"	19	29	java_comparison_cmp	27	28
"< Application, Lavrora/syntax/atmel/AtmelParserTokenManager, jjMoveStringLiteralDfa4_0(JJJJJJ)I >"	78	57	java_comparison_cmp	56	14
"< Application, Lavrora/syntax/objdump/ObjDumpParserTokenManager, jjMoveNfa_0(II)I >"	322	250	java_comparison_cmp	249	34
"< Application, Lavrora/syntax/objdump/ObjDumpParserTokenManager, jjMoveStringLiteralDfa3_0(JJJJJJ)I >"	66	261	java_comparison_cmp	260	14
"< Application, Lavrora/syntax/objdump/ObjDumpParserTokenManager, jjMoveStringLiteralDfa4_0(JJJJJJ)I >"	70	54	java_comparison_cmp	53	14
"< Application, Lavrora/syntax/atmel/AtmelParserTokenManager, jjMoveStringLiteralDfa2_0(JJJJJJ)I >"	31	420	java_comparison_cmp	419	14
"< Application, Lavrora/syntax/atmel/AtmelParserTokenManager, jjMoveStringLiteralDfa3_0(JJJJJJ)I >"	140	182	java_comparison_cmp	181	14
"< Application, Lorg/dacapo/parser/ConfigFileTokenManager, jjMoveStringLiteralDfa5_0(JJ)I >"	50	47	java_comparison_cmp	46	6
"< Application, Lavrora/syntax/objdump/ObjDumpParserTokenManager, jjMoveNfa_0(II)I >"	26	61	java_comparison_cmp	60	34
"< Application, Lavrora/syntax/atmel/AtmelParserTokenManager, jjStopStringLiteralDfa_0(IJJJ)I >"	19	75	java_comparison_cmp	74	10
"< Application, Lavrora/syntax/objdump/ObjDumpParserTokenManager, jjStopStringLiteralDfa_0(IJJJ)I >"	23	145	java_comparison_cmp	144	10
"< Application, Lavrora/test/probes/ProbeParserTokenManager, jjMoveStringLiteralDfa5_0(JJ)I >"	27	23	java_comparison_cmp	22	6
"< Application, Lavrora/syntax/objdump/ObjDumpParserTokenManager, jjMoveNfa_0(II)I >"	179	130	java_comparison_cmp	129	34
"< Application, Lavrora/syntax/atmel/AtmelParserTokenManager, jjMoveNfa_0(II)I >"	239	188	java_comparison_cmp	187	34
"< Application, Lavrora/syntax/objdump/ObjDumpParserTokenManager, jjMoveNfa_0(II)I >"	360	288	java_comparison_cmp	287	34
"< Application, Lavrora/test/probes/ProbeParserTokenManager, jjMoveStringLiteralDfa3_0(JJ)I >"	1	7	java_comparison_cmp	5	6
"< Application, Lavrora/monitors/ProfileMonitor$Mon$InstrProfileEntry, compareTo(Ljava/lang/Object;)I >"	6	19	java_comparison_cmp	17	18
"< Application, Lavrora/syntax/objdump/ObjDumpParserTokenManager, jjMoveStringLiteralDfa2_0(JJJJJJ)I >"	158	290	java_comparison_cmp	289	14
"< Application, Lavrora/syntax/atmel/AtmelParserTokenManager, jjMoveStringLiteralDfa3_0(JJJJJJ)I >"	179	151	java_comparison_cmp	150	14
"< Application, Lavrora/syntax/atmel/AtmelParserTokenManager, jjMoveNfa_0(II)I >"	274	35	java_comparison_cmp	33	34
"< Application, Lavrora/syntax/atmel/AtmelParserTokenManager, jjMoveStringLiteralDfa3_0(JJJJJJ)I >"	167	163	java_comparison_cmp	162	14
"< Application, Lavrora/syntax/objdump/ObjDumpParserTokenManager, jjMoveStringLiteralDfa2_0(JJJJJJ)I >"	349	58	java_comparison_cmp	57	14
"< Application, Lavrora/syntax/objdump/ObjDumpParserTokenManager, jjMoveStringLiteralDfa2_0(JJJJJJ)I >"	318	84	java_comparison_cmp	83	14
"< Application, Lorg/dacapo/parser/ConfigFileTokenManager, jjMoveNfa_0(II)I >"	181	167	java_comparison_cmp	166	34
"< Application, Lavrora/syntax/objdump/ObjDumpParserTokenManager, jjStopStringLiteralDfa_0(IJJJ)I >"	146	24	java_comparison_cmp	23	10
"< Application, Lavrora/syntax/atmel/AtmelParserTokenManager, jjMoveStringLiteralDfa3_0(JJJJJJ)I >"	110	233	java_comparison_cmp	232	14
"< Application, Lorg/dacapo/parser/ConfigFileTokenManager, jjStopStringLiteralDfa_0(IJ)I >"	73	35	java_comparison_cmp	34	8
"< Application, Lavrora/syntax/atmel/AtmelParserTokenManager, jjMoveStringLiteralDfa2_0(JJJJJJ)I >"	372	50	java_comparison_cmp	49	14
"< Application, Lavrora/syntax/objdump/ObjDumpParserTokenManager, jjStopStringLiteralDfa_0(IJJJ)I >"	121	47	java_comparison_cmp	46	10
"< Application, Lavrora/syntax/atmel/AtmelParserTokenManager, jjMoveStringLiteralDfa2_0(JJJJJJ)I >"	386	31	java_comparison_cmp	30	14
"< Application, Lavrora/syntax/objdump/ObjDumpParserTokenManager, jjMoveNfa_0(II)I >"	239	205	java_comparison_cmp	204	34
"< Application, Lavrora/syntax/objdump/ObjDumpParserTokenManager, jjMoveNfa_0(II)I >"	113	104	java_comparison_cmp	103	34
"< Application, Lavrora/syntax/objdump/ObjDumpParserTokenManager, jjMoveStringLiteralDfa3_0(JJJJJJ)I >"	276	34	java_comparison_cmp	33	14
"< Application, Lavrora/syntax/atmel/AtmelParserTokenManager, jjMoveNfa_0(II)I >"	167	156	java_comparison_cmp	155	34
"< Application, Lavrora/test/probes/ProbeParserTokenManager, jjMoveStringLiteralDfa3_0(JJ)I >"	23	28	java_comparison_cmp	27	6
"< Application, Lorg/dacapo/parser/ConfigFileTokenManager, getNextToken()Lorg/dacapo/parser/Token; >"	26	79	java_comparison_cmp	78	47
"< Application, Lavrora/syntax/objdump/ObjDumpParserTokenManager, jjMoveNfa_0(II)I >"	251	212	java_comparison_cmp	211	34
"< Application, Lavrora/syntax/objdump/ObjDumpParserTokenManager, jjMoveStringLiteralDfa2_0(JJJJJJ)I >"	248	147	java_comparison_cmp	146	14
"< Application, Lavrora/syntax/atmel/AtmelParserTokenManager, jjMoveStringLiteralDfa2_0(JJJJJJ)I >"	161	297	java_comparison_cmp	296	14
"< Application, Lavrora/syntax/objdump/ObjDumpParserTokenManager, jjMoveNfa_0(II)I >"	128	112	java_comparison_cmp	111	34
"< Application, Lavrora/syntax/objdump/ObjDumpParserTokenManager, jjMoveStringLiteralDfa2_0(JJJJJJ)I >"	274	162	java_comparison_cmp	161	14
"< Application, Lavrora/syntax/atmel/AtmelParserTokenManager, jjStopStringLiteralDfa_0(IJJJ)I >"	13	69	java_comparison_cmp	68	10
"< Application, Lavrora/syntax/atmel/AtmelParserTokenManager, jjMoveStringLiteralDfa3_0(JJJJJJ)I >"	19	330	java_comparison_cmp	329	14
"< Application, Lorg/dacapo/parser/ConfigFileTokenManager, jjMoveStringLiteralDfa1_0(J)I >"	15	49	java_comparison_cmp	47	48
"< Application, Lavrora/syntax/objdump/ObjDumpParserTokenManager, jjMoveStringLiteralDfa2_0(JJJJJJ)I >"	233	139	java_comparison_cmp	138	14
"< Application, Lavrora/syntax/atmel/AtmelParserTokenManager, jjMoveStringLiteralDfa3_0(JJJJJJ)I >"	98	247	java_comparison_cmp	246	14
"< Application, Lavrora/syntax/objdump/ObjDumpParserTokenManager, jjMoveStringLiteralDfa3_0(JJJJJJ)I >"	216	65	java_comparison_cmp	64	14
"< Application, Lavrora/sim/clock/RippleSynchronizer, advance(JLavrora/sim/clock/RippleSynchronizer$WaitLink;)Lavrora/sim/clock/RippleSynchronizer$WaitLink; >"	39	17	java_comparison_cmp	2	16
"< Application, Lavrora/syntax/atmel/AtmelParserTokenManager, jjMoveStringLiteralDfa3_0(JJJJJJ)I >"	247	85	java_comparison_cmp	84	14
"< Application, Lavrora/syntax/objdump/ObjDumpParserTokenManager, jjStopStringLiteralDfa_0(IJJJ)I >"	46	110	java_comparison_cmp	109	10
"< Application, Lavrora/syntax/atmel/AtmelParserTokenManager, jjMoveStringLiteralDfa3_0(JJJJJJ)I >"	31	285	java_comparison_cmp	284	14
"< Application, Lavrora/syntax/objdump/ObjDumpParserTokenManager, jjStopStringLiteralDfa_0(IJJJ)I >"	153	30	java_comparison_cmp	29	10
"< Application, Lavrora/syntax/objdump/ObjDumpParserTokenManager, jjMoveStringLiteralDfa2_0(JJJJJJ)I >"	115	315	java_comparison_cmp	314	14
"< Application, Lavrora/sim/radio/Medium$Receiver, earliestNewTransmission(J)Lavrora/sim/radio/Medium$Transmission; >"	36	41	java_comparison_cmp	39	40
"< Application, Lavrora/syntax/objdump/ObjDumpParserTokenManager, jjMoveStringLiteralDfa4_0(JJJJJJ)I >"	53	65	java_comparison_cmp	64	14
"< Application, Lorg/dacapo/parser/ConfigFileTokenManager, jjMoveStringLiteralDfa5_0(JJ)I >"	45	62	java_comparison_cmp	61	6
"< Application, Lavrora/syntax/objdump/ObjDumpParserTokenManager, jjMoveStringLiteralDfa2_0(JJJJJJ)I >"	253	150	java_comparison_cmp	149	14
"< Application, Lavrora/syntax/atmel/AtmelParserTokenManager, jjMoveStringLiteralDfa2_0(JJJJJJ)I >"	340	97	java_comparison_cmp	96	14
"< Application, Lavrora/syntax/objdump/ObjDumpParserTokenManager, jjStopStringLiteralDfa_0(IJJJ)I >"	8	134	java_comparison_cmp	133	10
"< Application, Lavrora/syntax/atmel/AtmelParserTokenManager, jjMoveStringLiteralDfa2_0(JJJJJJ)I >"	302	125	java_comparison_cmp	124	14
"< Application, Lavrora/syntax/objdump/ObjDumpParserTokenManager, jjMoveStringLiteralDfa2_0(JJJJJJ)I >"	24	417	java_comparison_cmp	416	14
"< Application, Lavrora/test/probes/ProbeParserTokenManager, jjMoveNfa_0(II)I >"	72	66	java_comparison_cmp	65	30
"< Application, Lcck/util/Arithmetic, lowestBit(J)I >"	30	45	java_comparison_cmp	44	12
"< Application, Lavrora/syntax/atmel/AtmelParserTokenManager, jjMoveStringLiteralDfa3_0(JJJJJJ)I >"	103	249	java_comparison_cmp	248	14
"< Application, Lavrora/syntax/atmel/AtmelParserTokenManager, jjMoveStringLiteralDfa4_0(JJJJJJ)I >"	29	115	java_comparison_cmp	114	14
"< Application, Lorg/dacapo/parser/ConfigFileTokenManager, jjMoveStringLiteralDfa2_0(JJ)I >"	1	7	java_comparison_cmp	5	6
"< Application, Lavrora/syntax/atmel/AtmelParserTokenManager, jjMoveStringLiteralDfa3_0(JJJJJJ)I >"	231	77	java_comparison_cmp	76	14
"< Application, Lavrora/syntax/atmel/AtmelParserTokenManager, jjMoveStringLiteralDfa2_0(JJJJJJ)I >"	259	154	java_comparison_cmp	153	14
"< Application, Lcck/util/Arithmetic, lowestBit(J)I >"	12	21	java_comparison_cmp	20	12
"< Application, Lavrora/syntax/objdump/ObjDumpParserTokenManager, jjMoveStringLiteralDfa2_0(JJJJJJ)I >"	152	288	java_comparison_cmp	287	14
"< Application, Lorg/dacapo/parser/ConfigFileTokenManager, jjMoveStringLiteralDfa7_0(JJ)I >"	1	7	java_comparison_cmp	5	6
"< Application, Lavrora/syntax/objdump/ObjDumpParserTokenManager, jjMoveStringLiteralDfa5_0(JJJJJJ)I >"	28	35	java_comparison_cmp	34	14
"< Application, Lavrora/sim/radio/LossyModel, lockTransmission(Lavrora/sim/radio/Medium$Receiver;Lavrora/sim/radio/Medium$Transmission;I)Z >"	9	17	java_comparison_cmpl	7	16
"< Application, Lavrora/syntax/objdump/ObjDumpParserTokenManager, jjStopStringLiteralDfa_0(IJJJ)I >"	178	15	java_comparison_cmp	14	10
"< Application, Lavrora/syntax/objdump/ObjDumpParserTokenManager, jjMoveStringLiteralDfa2_0(JJJJJJ)I >"	269	159	java_comparison_cmp	158	14
"< Application, Lavrora/syntax/objdump/ObjDumpParserTokenManager, jjMoveNfa_0(II)I >"	146	118	java_comparison_cmp	117	34
"< Application, Lavrora/syntax/objdump/ObjDumpParserTokenManager, jjMoveNfa_0(II)I >"	19	53	java_comparison_cmp	52	34
"< Application, Lavrora/syntax/objdump/ObjDumpParserTokenManager, jjMoveStringLiteralDfa2_0(JJJJJJ)I >"	329	90	java_comparison_cmp	89	14
"< Application, Lavrora/syntax/objdump/ObjDumpParserTokenManager, jjMoveStringLiteralDfa2_0(JJJJJJ)I >"	296	121	java_comparison_cmp	120	14
"< Application, Lavrora/monitors/ProfileMonitor$Mon$InstrProfileEntry, compareTo(Ljava/lang/Object;)I >"	2	7	java_comparison_cmp	5	6
"< Application, Lavrora/syntax/atmel/AtmelParserTokenManager, jjMoveStringLiteralDfa4_0(JJJJJJ)I >"	44	94	java_comparison_cmp	93	14
"< Application, Lcck/test/TestEngine, runAllTests()V >"	25	24	java_comparison_cmp	21	23
"< Application, Lavrora/syntax/objdump/ObjDumpParserTokenManager, jjMoveNfa_0(II)I >"	224	197	java_comparison_cmp	196	34
"< Application, Lavrora/gui/ManageSimTime, updateSimChangeSpeedValues()V >"	26	33	java_comparison_cmp	14	32
"< Application, Lavrora/syntax/atmel/AtmelParserTokenManager, jjMoveStringLiteralDfa2_0(JJJJJJ)I >"	211	227	java_comparison_cmp	226	14
"< Application, Lavrora/syntax/atmel/AtmelParserTokenManager, jjMoveStringLiteralDfa3_0(JJJJJJ)I >"	68	270	java_comparison_cmp	269	14
"< Application, Lavrora/syntax/atmel/AtmelParserTokenManager, jjStopStringLiteralDfa_0(IJJJ)I >"	104	11	java_comparison_cmp	9	10
"< Application, Lavrora/syntax/atmel/AtmelParserTokenManager, jjMoveStringLiteralDfa2_0(JJJJJJ)I >"	146	289	java_comparison_cmp	288	14
"< Application, Lavrora/syntax/atmel/AtmelParserTokenManager, jjStopStringLiteralDfa_0(IJJJ)I >"	96	22	java_comparison_cmp	21	10
"< Application, Lavrora/syntax/atmel/AtmelParserTokenManager, jjStopStringLiteralDfa_0(IJJJ)I >"	63	34	java_comparison_cmp	33	10
"< Application, Lorg/dacapo/parser/ConfigFileTokenManager, jjMoveNfa_0(II)I >"	150	140	java_comparison_cmp	139	34
"< Application, Lcck/util/TimeUtil, zeropad3(JLjava/lang/StringBuffer;)V >"	3	11	java_comparison_cmp	1	10
"< Application, Lavrora/syntax/atmel/AtmelParserTokenManager, jjMoveStringLiteralDfa2_0(JJJJJJ)I >"	136	284	java_comparison_cmp	283	14
"< Application, Lorg/dacapo/parser/ConfigFileTokenManager, jjMoveStringLiteralDfa8_0(JJ)I >"	17	30	java_comparison_cmp	29	6
"< Application, Lavrora/syntax/objdump/ObjDumpParserTokenManager, jjMoveStringLiteralDfa3_0(JJJJJJ)I >"	231	74	java_comparison_cmp	73	14
"< Application, Lavrora/syntax/atmel/AtmelParserTokenManager, jjMoveNfa_0(II)I >"	110	86	java_comparison_cmp	85	34
"< Application, Lavrora/syntax/objdump/ObjDumpParserTokenManager, jjMoveStringLiteralDfa2_0(JJJJJJ)I >"	108	329	java_comparison_cmp	328	14
"< Application, Lavrora/syntax/atmel/AtmelParserTokenManager, jjMoveStringLiteralDfa2_0(JJJJJJ)I >"	319	85	java_comparison_cmp	84	14
"< Application, Lavrora/syntax/atmel/AtmelParserTokenManager, jjMoveStringLiteralDfa2_0(JJJJJJ)I >"	244	147	java_comparison_cmp	146	14
"< Application, Lavrora/syntax/atmel/AtmelParserTokenManager, jjMoveStringLiteralDfa2_0(JJJJJJ)I >"	194	243	java_comparison_cmp	242	14
"< Application, Lavrora/syntax/objdump/ObjDumpParserTokenManager, jjMoveStringLiteralDfa2_0(JJJJJJ)I >"	92	351	java_comparison_cmp	350	14
"< Application, Lavrora/syntax/atmel/AtmelParserTokenManager, jjStopStringLiteralDfa_0(IJJJ)I >"	85	16	java_comparison_cmp	15	10
"< Application, Lavrora/syntax/objdump/ObjDumpParserTokenManager, jjMoveStringLiteralDfa2_0(JJJJJJ)I >"	178	258	java_comparison_cmp	257	14
"< Application, Lavrora/syntax/objdump/ObjDumpParserTokenManager, jjStopStringLiteralDfa_0(IJJJ)I >"	150	27	java_comparison_cmp	26	10
"< Application, Lavrora/sim/types/SensorSimulation, processRandom()J >"	9	17	java_comparison_cmp	16	10
"< Application, Lavrora/syntax/atmel/AtmelParserTokenManager, jjMoveStringLiteralDfa3_0(JJJJJJ)I >"	56	297	java_comparison_cmp	296	14
"< Application, Lavrora/syntax/atmel/AtmelParserTokenManager, jjMoveStringLiteralDfa2_0(JJJJJJ)I >"	249	150	java_comparison_cmp	149	14
"< Application, Lavrora/syntax/objdump/ObjDumpParserTokenManager, jjMoveStringLiteralDfa4_0(JJJJJJ)I >"	34	94	java_comparison_cmp	93	14
"< Application, Lavrora/syntax/atmel/AtmelParserTokenManager, jjMoveStringLiteralDfa2_0(JJJJJJ)I >"	75	395	java_comparison_cmp	394	14
"< Application, Lavrora/syntax/atmel/AtmelParserTokenManager, jjStopStringLiteralDfa_0(IJJJ)I >"	35	49	java_comparison_cmp	48	10
"< Application, Lavrora/test/probes/ProbeParserTokenManager, jjMoveStringLiteralDfa5_0(JJ)I >"	17	33	java_comparison_cmp	32	6
"< Application, Lavrora/sim/mcu/ATMegaTimer$Mode, fire()V >"	69	103	java_comparison_cmp	101	102
"< Application, Lavrora/syntax/atmel/AtmelParserTokenManager, jjMoveStringLiteralDfa3_0(JJJJJJ)I >"	24	333	java_comparison_cmp	332	14
"< Application, Lavrora/syntax/atmel/AtmelParserTokenManager, jjMoveStringLiteralDfa2_0(JJJJJJ)I >"	199	245	java_comparison_cmp	244	14
"< Application, Lavrora/syntax/objdump/ObjDumpParserTokenManager, jjMoveStringLiteralDfa3_0(JJJJJJ)I >"	101	236	java_comparison_cmp	235	14
"< Application, Lavrora/syntax/atmel/AtmelParserTokenManager, jjStopStringLiteralDfa_0(IJJJ)I >"	7	89	java_comparison_cmp	88	10
"< Application, Lavrora/monitors/InterruptMonitor$Mon, fireAfterInvoke(Lavrora/sim/State;I)V >"	3	10	java_comparison_cmp	8	9
"< Application, Lavrora/syntax/atmel/AtmelParserTokenManager, jjMoveStringLiteralDfa2_0(JJJJJJ)I >"	69	392	java_comparison_cmp	391	14
"< Application, Lorg/dacapo/parser/ConfigFileTokenManager, jjMoveNfa_0(II)I >"	234	40	java_comparison_cmp	39	34
"< Application, Lorg/dacapo/parser/ConfigFileTokenManager, jjMoveStringLiteralDfa4_0(JJ)I >"	19	75	java_comparison_cmp	74	6
"< Application, Lavrora/sim/Simulation, getPlatform()Lavrora/sim/platform/PlatformFactory; >"	7	19	java_comparison_cmp	17	18
"< Application, Lavrora/syntax/atmel/AtmelParserTokenManager, jjMoveStringLiteralDfa2_0(JJJJJJ)I >"	292	119	java_comparison_cmp	118	14
"< Application, Lavrora/syntax/atmel/AtmelParserTokenManager, jjMoveStringLiteralDfa2_0(JJJJJJ)I >"	5	15	java_comparison_cmp	13	14
"< Application, Lavrora/test/probes/ProbeParserTokenManager, jjMoveNfa_0(II)I >"	132	113	java_comparison_cmp	112	30
"< Application, Lorg/dacapo/parser/ConfigFileTokenManager, jjMoveStringLiteralDfa5_0(JJ)I >"	57	26	java_comparison_cmp	25	6
"< Application, Lorg/dacapo/parser/ConfigFileTokenManager, jjStopStringLiteralDfa_0(IJ)I >"	12	66	java_comparison_cmp	65	8
"< Application, Lavrora/syntax/objdump/ObjDumpParserTokenManager, jjStopStringLiteralDfa_0(IJJJ)I >"	29	98	java_comparison_cmp	97	10
"< Application, Lavrora/syntax/atmel/AtmelParserTokenManager, jjMoveStringLiteralDfa2_0(JJJJJJ)I >"	124	324	java_comparison_cmp	323	14
"< Application, Lavrora/syntax/objdump/ObjDumpParserTokenManager, jjMoveNfa_0(II)I >"	409	39	java_comparison_cmp	38	34
"< Application, Lavrora/sim/mcu/ADC$ControlRegister, convertVoltage()I >"	54	43	java_comparison_cmpg	41	42
"< Application, Lavrora/syntax/atmel/AtmelParserTokenManager, jjMoveStringLiteralDfa3_0(JJJJJJ)I >"	226	74	java_comparison_cmp	73	14
"< Application, Lorg/dacapo/parser/ConfigFileTokenManager, getNextToken()Lorg/dacapo/parser/Token; >"	115	92	java_comparison_cmp	91	47
"< Application, Lavrora/sim/radio/CC1000Radio$Modem0Register, calculateBaudRate(II)V >"	6	12	java_comparison_cmp	7	11
"< Application, Lavrora/syntax/atmel/AtmelParserTokenManager, jjMoveNfa_0(II)I >"	44	111	java_comparison_cmp	110	34
"< Application, Lavrora/syntax/objdump/ObjDumpParserTokenManager, jjMoveStringLiteralDfa5_0(JJJJJJ)I >"	33	28	java_comparison_cmp	27	14
"< Application, Lavrora/syntax/atmel/AtmelParserTokenManager, jjMoveStringLiteralDfa3_0(JJJJJJ)I >"	276	28	java_comparison_cmp	27	14
"< Application, Lavrora/syntax/atmel/AtmelParserTokenManager, jjMoveStringLiteralDfa2_0(JJJJJJ)I >"	108	361	java_comparison_cmp	360	14
"< Application, Lorg/dacapo/parser/ConfigFileTokenManager, jjMoveStringLiteralDfa8_0(JJ)I >"	1	7	java_comparison_cmp	5	6
"< Application, Lorg/dacapo/parser/ConfigFileTokenManager, jjMoveNfa_0(II)I >"	112	84	java_comparison_cmp	83	34
"< Application, Lavrora/syntax/atmel/AtmelParserTokenManager, jjMoveNfa_0(II)I >"	115	88	java_comparison_cmp	87	34
"< Application, Lavrora/syntax/objdump/ObjDumpParserTokenManager, jjMoveStringLiteralDfa6_0(JJJJ)I >"	22	24	java_comparison_cmp	23	10
"< Application, Lavrora/syntax/objdump/ObjDumpParserTokenManager, jjMoveStringLiteralDfa2_0(JJJJJJ)I >"	81	345	java_comparison_cmp	344	14
"< Application, Lavrora/syntax/objdump/ObjDumpParserTokenManager, jjMoveStringLiteralDfa4_0(JJJJJJ)I >"	48	63	java_comparison_cmp	62	14
"< Application, Lavrora/monitors/RealTimeMonitor$ThrottleEvent, fire()V >"	19	19	java_comparison_cmp	18	14
"< Application, Lavrora/syntax/objdump/ObjDumpParserTokenManager, jjMoveStringLiteralDfa2_0(JJJJJJ)I >"	5	15	java_comparison_cmp	13	14
"< Application, Lorg/dacapo/parser/ConfigFileTokenManager, jjStopStringLiteralDfa_0(IJ)I >"	85	22	java_comparison_cmp	21	8
"< Application, Lavrora/syntax/atmel/AtmelParserTokenManager, jjMoveStringLiteralDfa3_0(JJJJJJ)I >"	236	80	java_comparison_cmp	79	14
"< Application, Lavrora/syntax/objdump/ObjDumpParserTokenManager, jjMoveStringLiteralDfa4_0(JJJJJJ)I >"	77	41	java_comparison_cmp	40	14
"< Application, Lorg/dacapo/parser/ConfigFileTokenManager, jjMoveNfa_0(II)I >"	136	97	java_comparison_cmp	96	34
"< Application, Lavrora/syntax/atmel/AtmelParserTokenManager, jjMoveStringLiteralDfa4_0(JJJJJJ)I >"	56	82	java_comparison_cmp	81	14
"< Application, Lavrora/syntax/atmel/AtmelParserTokenManager, jjMoveStringLiteralDfa2_0(JJJJJJ)I >"	274	163	java_comparison_cmp	162	14
"< Application, Lavrora/syntax/objdump/ObjDumpParserTokenManager, jjMoveStringLiteralDfa3_0(JJJJJJ)I >"	199	120	java_comparison_cmp	119	14
"< Application, Lavrora/syntax/atmel/AtmelParserTokenManager, jjMoveStringLiteralDfa3_0(JJJJJJ)I >"	264	56	java_comparison_cmp	55	14
"< Application, Lorg/dacapo/parser/ConfigFileTokenManager, jjMoveNfa_0(II)I >"	19	53	java_comparison_cmp	52	34
"< Application, Lavrora/test/probes/ProbeParserTokenManager, jjMoveNfa_0(II)I >"	103	86	java_comparison_cmp	85	30
"< Application, Lorg/dacapo/parser/ConfigFileTokenManager, jjMoveNfa_0(II)I >"	96	121	java_comparison_cmp	120	34
"< Application, Lavrora/syntax/atmel/AtmelParserTokenManager, jjMoveNfa_0(II)I >"	148	144	java_comparison_cmp	143	34
"< Application, Lavrora/syntax/objdump/ObjDumpParserTokenManager, jjMoveNfa_0(II)I >"	272	227	java_comparison_cmp	226	34
"< Application, Lavrora/sim/Simulation$Node, processTimeout()V >"	3	8	java_comparison_cmpl	6	7
"< Application, Lavrora/syntax/objdump/ObjDumpParserTokenManager, jjMoveStringLiteralDfa2_0(JJJJJJ)I >"	142	283	java_comparison_cmp	282	14
"< Application, Lorg/dacapo/parser/ConfigFileTokenManager, jjMoveStringLiteralDfa5_0(JJ)I >"	67	32	java_comparison_cmp	31	6
"< Application, Lorg/dacapo/parser/ConfigFileTokenManager, jjStopStringLiteralDfa_0(IJ)I >"	60	42	java_comparison_cmp	41	8
"< Application, Lavrora/syntax/atmel/AtmelParserTokenManager, jjMoveStringLiteralDfa4_0(JJJJJJ)I >"	83	47	java_comparison_cmp	46	14
"< Application, Lavrora/syntax/atmel/AtmelParserTokenManager, getNextToken()Lavrora/syntax/atmel/Token; >"	21	71	java_comparison_cmp	70	36
"< Application, Lorg/dacapo/parser/ConfigFileTokenManager, jjStopStringLiteralDfa_0(IJ)I >"	96	19	java_comparison_cmp	18	8
"< Application, Lavrora/syntax/objdump/ObjDumpParserTokenManager, jjMoveNfa_0(II)I >"	331	253	java_comparison_cmp	252	34
"< Application, Lavrora/syntax/objdump/ObjDumpParserTokenManager, jjMoveStringLiteralDfa1_0(JJJ)I >"	35	67	java_comparison_cmp	66	18
"< Application, Lavrora/syntax/objdump/ObjDumpParserTokenManager, jjMoveStringLiteralDfa3_0(JJJJJJ)I >"	19	318	java_comparison_cmp	317	14
"< Application, Lorg/dacapo/parser/ConfigFileTokenManager, jjMoveStringLiteralDfa6_0(JJ)I >"	1	7	java_comparison_cmp	5	6
"< Application, Lavrora/syntax/atmel/AtmelParserTokenManager, jjMoveStringLiteralDfa2_0(JJJJJJ)I >"	280	166	java_comparison_cmp	165	14
"< Application, Lorg/dacapo/parser/ConfigFileTokenManager, jjMoveStringLiteralDfa2_0(JJ)I >"	53	26	java_comparison_cmp	25	6
"< Application, Lavrora/syntax/atmel/AtmelParserTokenManager, jjMoveStringLiteralDfa2_0(JJJJJJ)I >"	225	204	java_comparison_cmp	203	14
"< Application, Lavrora/syntax/objdump/ObjDumpParserTokenManager, jjMoveStringLiteralDfa3_0(JJJJJJ)I >"	51	287	java_comparison_cmp	286	14
"< Application, Lavrora/syntax/objdump/ObjDumpParserTokenManager, jjMoveStringLiteralDfa2_0(JJJJJJ)I >"	48	375	java_comparison_cmp	374	14
"< Application, Lorg/dacapo/parser/ConfigFileTokenManager, jjMoveStringLiteralDfa8_0(JJ)I >"	24	20	java_comparison_cmp	19	6
"< Application, Lavrora/sim/platform/ExternalFlash$PA3Output, write(Z)V >"	21	16	java_comparison_cmp	14	15
"< Application, Lavrora/syntax/atmel/AtmelParserTokenManager, jjMoveStringLiteralDfa2_0(JJJJJJ)I >"	103	359	java_comparison_cmp	358	14
"< Application, Lavrora/test/probes/ProbeParserTokenManager, getNextToken()Lavrora/test/probes/Token; >"	63	37	java_comparison_cmp	35	36
"< Application, Lavrora/syntax/atmel/AtmelParserTokenManager, jjMoveStringLiteralDfa3_0(JJJJJJ)I >"	78	275	java_comparison_cmp	274	14
"< Application, Lavrora/monitors/InterruptMonitor$Mon, fireBeforeInvoke(Lavrora/sim/State;I)V >"	10	18	java_comparison_cmp	16	17
"< Application, Lavrora/sim/clock/DerivedClock, <init>(Ljava/lang/String;Lavrora/sim/clock/Clock;J)V >"	3	9	java_comparison_cmp	8	4
"< Application, Lavrora/syntax/atmel/AtmelParserTokenManager, jjMoveStringLiteralDfa4_0(JJJJJJ)I >"	61	66	java_comparison_cmp	65	14
"< Application, Lavrora/syntax/objdump/ObjDumpParserTokenManager, jjMoveStringLiteralDfa3_0(JJJJJJ)I >"	46	285	java_comparison_cmp	284	14
"< Application, Lorg/dacapo/parser/ConfigFileTokenManager, getNextToken()Lorg/dacapo/parser/Token; >"	84	48	java_comparison_cmp	46	47
"< Application, Lavrora/syntax/objdump/ObjDumpParserTokenManager, jjMoveNfa_0(II)I >"	40	66	java_comparison_cmp	65	34
"< Application, Lavrora/syntax/objdump/ObjDumpParserTokenManager, jjStopStringLiteralDfa_0(IJJJ)I >"	124	50	java_comparison_cmp	49	10
"< Application, Lavrora/syntax/atmel/AtmelParserTokenManager, jjMoveStringLiteralDfa3_0(JJJJJJ)I >"	46	293	java_comparison_cmp	292	14
"< Application, Lavrora/syntax/atmel/AtmelParserTokenManager, jjStopStringLiteralDfa_0(IJJJ)I >"	38	52	java_comparison_cmp	51	10
"< Application, Lavrora/syntax/atmel/AtmelParserTokenManager, jjMoveStringLiteralDfa1_0(JJJ)I >"	68	71	java_comparison_cmp	70	17
"< Application, Lavrora/sim/Simulation, getPlatform()Lavrora/sim/platform/PlatformFactory; >"	10	21	java_comparison_cmp	20	14
"< Application, Lcck/stat/Distribution, printDistribution(Lcck/text/Printer;I[I)V >"	27	31	java_comparison_cmpl	29	30
"< Application, Lavrora/syntax/objdump/ObjDumpParserTokenManager, jjMoveStringLiteralDfa2_0(JJJJJJ)I >"	137	280	java_comparison_cmp	279	14
"< Application, Lavrora/syntax/atmel/AtmelParserTokenManager, jjMoveStringLiteralDfa2_0(JJJJJJ)I >"	37	423	java_comparison_cmp	422	14
"< Application, Lavrora/syntax/atmel/AtmelParserTokenManager, jjMoveStringLiteralDfa4_0(JJJJJJ)I >"	100	28	java_comparison_cmp	27	14
"< Application, Lcck/util/Arithmetic, lowestBit(J)I >"	24	37	java_comparison_cmp	36	12
"< Application, Lavrora/test/probes/ProbeParserTokenManager, jjMoveStringLiteralDfa4_0(JJ)I >"	31	23	java_comparison_cmp	22	6
"< Application, Lavrora/syntax/objdump/ObjDumpParserTokenManager, jjMoveNfa_0(II)I >"	373	259	java_comparison_cmp	258	34
"< Application, Lavrora/syntax/objdump/ObjDumpParserTokenManager, jjMoveStringLiteralDfa2_0(JJJJJJ)I >"	58	380	java_comparison_cmp	379	14
"< Application, Lavrora/syntax/objdump/ObjDumpParserTokenManager, jjStopStringLiteralDfa_0(IJJJ)I >"	135	55	java_comparison_cmp	54	10
"< Application, Lavrora/syntax/objdump/ObjDumpParserTokenManager, jjStopStringLiteralDfa_0(IJJJ)I >"	32	101	java_comparison_cmp	100	10
"< Application, Lorg/dacapo/parser/ConfigFileTokenManager, jjMoveStringLiteralDfa5_0(JJ)I >"	35	56	java_comparison_cmp	55	6
"< Application, Lavrora/monitors/InterruptMonitor$Mon, fireBeforeInvoke(Lavrora/sim/State;I)V >"	27	33	java_comparison_cmp	30	32
"< Application, Lavrora/syntax/atmel/AtmelParserTokenManager, getNextToken()Lavrora/syntax/atmel/Token; >"	61	37	java_comparison_cmp	35	36
"< Application, Lavrora/syntax/objdump/ObjDumpParserTokenManager, jjMoveStringLiteralDfa2_0(JJJJJJ)I >"	147	286	java_comparison_cmp	285	14
"< Application, Lavrora/syntax/objdump/ObjDumpParserTokenManager, jjMoveStringLiteralDfa2_0(JJJJJJ)I >"	132	277	java_comparison_cmp	276	14
"< Application, Lavrora/monitors/InterruptMonitor$Mon, fireBeforeInvoke(Lavrora/sim/State;I)V >"	21	28	java_comparison_cmp	27	17
"< Application, Lavrora/syntax/objdump/ObjDumpParserTokenManager, jjMoveStringLiteralDfa2_0(JJJJJJ)I >"	308	78	java_comparison_cmp	77	14
"< Application, Lavrora/syntax/objdump/ObjDumpParserTokenManager, jjMoveStringLiteralDfa1_0(JJJ)I >"	44	55	java_comparison_cmp	54	18
"< Application, Lavrora/syntax/objdump/ObjDumpParserTokenManager, jjStopStringLiteralDfa_0(IJJJ)I >"	61	118	java_comparison_cmp	117	10
"< Application, Lavrora/syntax/objdump/ObjDumpParserTokenManager, jjStopStringLiteralDfa_0(IJJJ)I >"	160	36	java_comparison_cmp	35	10
"< Application, Lavrora/syntax/objdump/ObjDumpParserTokenManager, jjMoveStringLiteralDfa4_0(JJJJJJ)I >"	65	51	java_comparison_cmp	50	14
"< Application, Lavrora/syntax/objdump/ObjDumpParserTokenManager, jjMoveStringLiteralDfa2_0(JJJJJJ)I >"	356	44	java_comparison_cmp	43	14
"< Application, Lavrora/syntax/atmel/AtmelParserTokenManager, jjMoveStringLiteralDfa4_0(JJJJJJ)I >"	24	121	java_comparison_cmp	120	14
"< Application, Lavrora/syntax/atmel/AtmelParserTokenManager, jjMoveStringLiteralDfa6_0(JJJJ)I >"	3	11	java_comparison_cmp	9	10
"< Application, Lavrora/monitors/InterruptMonitor$Mon, invocationWakeup(I)Ljava/lang/String; >"	2	7	java_comparison_cmp	5	6
"< Application, Lavrora/syntax/objdump/ObjDumpParserTokenManager, jjMoveNfa_0(II)I >"	286	235	java_comparison_cmp	234	34
"< Application, Lavrora/syntax/objdump/ObjDumpParserTokenManager, jjStopStringLiteralDfa_0(IJJJ)I >"	90	80	java_comparison_cmp	79	10
"< Application, Lavrora/syntax/objdump/ObjDumpParserTokenManager, jjMoveNfa_0(II)I >"	317	248	java_comparison_cmp	247	34
"< Application, Lorg/dacapo/parser/ConfigFileTokenManager, jjStopStringLiteralDfa_0(IJ)I >"	56	39	java_comparison_cmp	38	8
"< Application, Lavrora/syntax/objdump/ObjDumpParserTokenManager, jjMoveStringLiteralDfa5_0(JJJJJJ)I >"	5	15	java_comparison_cmp	13	14
"< Application, Lorg/dacapo/parser/ConfigFileTokenManager, jjMoveStringLiteralDfa11_0(JJ)I >"	1	7	java_comparison_cmp	5	6
"< Application, Lavrora/syntax/objdump/ObjDumpParserTokenManager, jjMoveNfa_0(II)I >"	104	99	java_comparison_cmp	98	34
"< Application, Lorg/dacapo/parser/ConfigFileTokenManager, jjMoveStringLiteralDfa5_0(JJ)I >"	22	86	java_comparison_cmp	85	6
"< Application, Lcck/util/Arithmetic, lowestBit(J)I >"	18	29	java_comparison_cmp	28	12
"< Application, Lavrora/syntax/atmel/AtmelParserTokenManager, jjMoveStringLiteralDfa2_0(JJJJJJ)I >"	98	357	java_comparison_cmp	356	14
"< Application, Lcck/text/StringUtil, toFixedFloat(FI)Ljava/lang/String; >"	11	17	java_comparison_cmpl	1	16
"< Application, Lavrora/syntax/objdump/ObjDumpParserTokenManager, jjStopStringLiteralDfa_0(IJJJ)I >"	127	52	java_comparison_cmp	51	10
"< Application, Lavrora/syntax/objdump/ObjDumpParserTokenManager, jjMoveStringLiteralDfa3_0(JJJJJJ)I >"	211	62	java_comparison_cmp	61	14
"< Application, Lavrora/test/probes/ProbeParserTokenManager, jjStopStringLiteralDfa_0(IJ)I >"	37	22	java_comparison_cmp	21	8
"< Application, Lavrora/syntax/objdump/ObjDumpParserTokenManager, jjMoveStringLiteralDfa3_0(JJJJJJ)I >"	254	47	java_comparison_cmp	46	14
"< Application, Lavrora/test/probes/ProbeParserTokenManager, jjMoveStringLiteralDfa6_0(JJ)I >"	15	20	java_comparison_cmp	19	6
"< Application, Lorg/dacapo/parser/ConfigFileTokenManager, jjMoveStringLiteralDfa3_0(JJ)I >"	28	68	java_comparison_cmp	67	6
"< Application, Lavrora/test/probes/ProbeParserTokenManager, jjMoveStringLiteralDfa4_0(JJ)I >"	1	7	java_comparison_cmp	5	6
"< Application, Lorg/dacapo/parser/ConfigFileTokenManager, jjStopStringLiteralDfa_0(IJ)I >"	2	73	java_comparison_cmp	72	8
"< Application, Lorg/dacapo/parser/ConfigFileTokenManager, jjMoveStringLiteralDfa4_0(JJ)I >"	43	36	java_comparison_cmp	35	6
"< Application, Lavrora/syntax/objdump/ObjDumpParserTokenManager, jjStopStringLiteralDfa_0(IJJJ)I >"	76	71	java_comparison_cmp	70	10
"< Application, Lavrora/sim/radio/LossyModel, lockTransmission(Lavrora/sim/radio/Medium$Receiver;Lavrora/sim/radio/Medium$Transmission;I)Z >"	6	15	java_comparison_cmpl	7	14
"< Application, Lavrora/syntax/atmel/AtmelParserTokenManager, jjMoveStringLiteralDfa3_0(JJJJJJ)I >"	150	187	java_comparison_cmp	186	14
"< Application, Lorg/dacapo/parser/ConfigFileTokenManager, jjMoveStringLiteralDfa1_3(J)I >"	9	14	java_comparison_cmp	12	13
"< Application, Lorg/dacapo/parser/ConfigFileTokenManager, jjStopStringLiteralDfa_0(IJ)I >"	103	9	java_comparison_cmp	7	8
"< Application, Lavrora/syntax/objdump/ObjDumpParserTokenManager, jjMoveNfa_0(II)I >"	33	63	java_comparison_cmp	62	34
"< Application, Lavrora/monitors/TraceMonitor$Mon, <init>(Lavrora/monitors/TraceMonitor;Lavrora/sim/Simulator;)V >"	12	16	java_comparison_cmp	14	15
"< Application, Lavrora/syntax/objdump/ObjDumpParserTokenManager, jjMoveStringLiteralDfa3_0(JJJJJJ)I >"	24	321	java_comparison_cmp	320	14
"< Application, Lavrora/syntax/objdump/ObjDumpParserTokenManager, jjMoveStringLiteralDfa2_0(JJJJJJ)I >"	127	275	java_comparison_cmp	274	14
"< Application, Lavrora/syntax/atmel/AtmelParserTokenManager, jjMoveStringLiteralDfa3_0(JJJJJJ)I >"	286	34	java_comparison_cmp	33	14
"< Application, Lavrora/syntax/atmel/AtmelParserTokenManager, jjMoveStringLiteralDfa2_0(JJJJJJ)I >"	54	386	java_comparison_cmp	385	14
"< Application, Lavrora/syntax/objdump/ObjDumpParserTokenManager, jjMoveNfa_0(II)I >"	352	284	java_comparison_cmp	283	34
"< Application, Lorg/dacapo/parser/ConfigFileTokenManager, jjMoveStringLiteralDfa5_0(JJ)I >"	15	94	java_comparison_cmp	93	6
"< Application, Lavrora/syntax/atmel/AtmelParserTokenManager, jjMoveStringLiteralDfa2_0(JJJJJJ)I >"	307	128	java_comparison_cmp	127	14
"< Application, Lavrora/syntax/objdump/ObjDumpParserTokenManager, jjStopStringLiteralDfa_0(IJJJ)I >"	35	104	java_comparison_cmp	103	10
"< Application, Lavrora/syntax/atmel/AtmelParserTokenManager, jjMoveStringLiteralDfa1_0(JJJ)I >"	25	129	java_comparison_cmp	128	17
"< Application, Lavrora/test/probes/ProbeParserTokenManager, jjStopStringLiteralDfa_0(IJ)I >"	33	19	java_comparison_cmp	18	8
"< Application, Lavrora/syntax/objdump/ObjDumpParserTokenManager, jjMoveNfa_0(II)I >"	344	280	java_comparison_cmp	279	34
"< Application, Lavrora/syntax/atmel/AtmelParserTokenManager, jjMoveNfa_0(II)I >"	82	75	java_comparison_cmp	74	34
"< Application, Lcck/util/Arithmetic, getBit(JI)Z >"	2	8	java_comparison_cmp	6	7
"< Application, Lorg/dacapo/parser/ConfigFileTokenManager, jjMoveStringLiteralDfa2_0(JJ)I >"	29	59	java_comparison_cmp	58	6
"< Application, Lavrora/syntax/atmel/AtmelParserTokenManager, jjMoveStringLiteralDfa2_0(JJJJJJ)I >"	93	355	java_comparison_cmp	354	14
"< Application, Lavrora/sim/clock/ClockDomain, newClock(Ljava/lang/String;J)Lavrora/sim/clock/Clock; >"	2	8	java_comparison_cmp	3	7
"< Application, Lavrora/sim/types/WiredSimulation, processRandom()J >"	5	11	java_comparison_cmp	9	10
"< Application, Lavrora/gui/GraphEvents, paint(Ljava/awt/Graphics;)V >"	71	90	java_comparison_cmpg	78	89
"< Application, Lavrora/syntax/atmel/AtmelParserTokenManager, jjStopStringLiteralDfa_0(IJJJ)I >"	93	19	java_comparison_cmp	18	10
"< Application, Lorg/dacapo/parser/ConfigFileTokenManager, jjMoveStringLiteralDfa6_0(JJ)I >"	43	20	java_comparison_cmp	19	6
"< Application, Lorg/dacapo/parser/ConfigFileTokenManager, jjStopStringLiteralDfa_0(IJ)I >"	78	29	java_comparison_cmp	28	8
"< Application, Lavrora/syntax/objdump/ObjDumpParserTokenManager, jjMoveStringLiteralDfa3_0(JJJJJJ)I >"	259	50	java_comparison_cmp	49	14
"< Application, Lavrora/syntax/atmel/AtmelParserTokenManager, jjMoveStringLiteralDfa2_0(JJJJJJ)I >"	24	440	java_comparison_cmp	439	14
"< Application, Lavrora/syntax/objdump/ObjDumpParserTokenManager, jjMoveNfa_0(II)I >"	208	187	java_comparison_cmp	186	34
"< Application, Lavrora/test/probes/ProbeParserTokenManager, jjMoveStringLiteralDfa2_0(JJ)I >"	1	7	java_comparison_cmp	5	6
"< Application, Lavrora/syntax/objdump/ObjDumpParserTokenManager, jjMoveStringLiteralDfa2_0(JJJJJJ)I >"	226	199	java_comparison_cmp	198	14
"< Application, Lavrora/syntax/atmel/AtmelParserTokenManager, jjStopStringLiteralDfa_0(IJJJ)I >"	49	58	java_comparison_cmp	57	10
"< Application, Lavrora/syntax/atmel/AtmelParserTokenManager, jjMoveNfa_0(II)I >"	143	98	java_comparison_cmp	97	34
"< Application, Lorg/dacapo/parser/ConfigFileTokenManager, jjMoveNfa_0(II)I >"	189	172	java_comparison_cmp	171	34
"< Application, Lorg/dacapo/parser/ConfigFileTokenManager, jjMoveNfa_0(II)I >"	80	114	java_comparison_cmp	113	34
"< Application, Lavrora/syntax/objdump/ObjDumpParserTokenManager, jjMoveStringLiteralDfa3_0(JJJJJJ)I >"	189	128	java_comparison_cmp	127	14
"< Application, Lavrora/syntax/atmel/AtmelParserTokenManager, jjMoveStringLiteralDfa3_0(JJJJJJ)I >"	155	190	java_comparison_cmp	189	14
"< Application, Lavrora/monitors/EnergyMonitor$Monitor$BatteryCheck, fire()V >"	14	22	java_comparison_cmpg	18	21
"< Application, Lavrora/syntax/objdump/ObjDumpParserTokenManager, jjMoveStringLiteralDfa3_0(JJJJJJ)I >"	204	111	java_comparison_cmp	110	14
"< Application, Lavrora/arch/legacy/LegacyInterpreter, step()I >"	3	6	java_comparison_cmp	4	5
"< Application, Lorg/dacapo/parser/ConfigFileTokenManager, jjStopStringLiteralDfa_0(IJ)I >"	23	59	java_comparison_cmp	58	8
"< Application, Lorg/dacapo/parser/ConfigFileTokenManager, jjMoveStringLiteralDfa6_0(JJ)I >"	33	26	java_comparison_cmp	25	6
"< Application, Lavrora/syntax/objdump/ObjDumpParserTokenManager, jjMoveStringLiteralDfa2_0(JJJJJJ)I >"	291	118	java_comparison_cmp	117	14
"< Application, Lcck/text/Status, print(ILjava/lang/String;)V >"	14	22	java_comparison_cmp	14	21
"< Application, Lavrora/syntax/objdump/ObjDumpParserTokenManager, jjStopStringLiteralDfa_0(IJJJ)I >"	53	115	java_comparison_cmp	114	10
"< Application, Lavrora/syntax/atmel/AtmelParserTokenManager, jjMoveNfa_0(II)I >"	225	183	java_comparison_cmp	182	34
"< Application, Lavrora/syntax/objdump/ObjDumpParserTokenManager, jjStopStringLiteralDfa_0(IJJJ)I >"	43	107	java_comparison_cmp	106	10
"< Application, Lorg/dacapo/parser/ConfigFileTokenManager, jjMoveStringLiteralDfa10_0(JJ)I >"	1	7	java_comparison_cmp	5	6
"< Application, Lavrora/syntax/objdump/ObjDumpParserTokenManager, jjMoveStringLiteralDfa3_0(JJJJJJ)I >"	140	182	java_comparison_cmp	181	14
"< Application, Lavrora/monitors/MemoryMonitor$Monitor, report()V >"	33	44	java_comparison_cmp	41	42
"< Application, Lavrora/syntax/objdump/ObjDumpParserTokenManager, jjMoveStringLiteralDfa6_0(JJJJ)I >"	3	11	java_comparison_cmp	9	10
"< Application, Lorg/dacapo/parser/ConfigFileTokenManager, jjMoveStringLiteralDfa3_0(JJ)I >"	48	35	java_comparison_cmp	34	6
"< Application, Lorg/dacapo/parser/ConfigFileTokenManager, jjMoveNfa_0(II)I >"	131	94	java_comparison_cmp	93	34
"< Application, Lavrora/syntax/objdump/ObjDumpParserTokenManager, jjMoveStringLiteralDfa2_0(JJJJJJ)I >"	338	52	java_comparison_cmp	51	14
"< Application, Lavrora/syntax/objdump/ObjDumpParserTokenManager, jjStopStringLiteralDfa_0(IJJJ)I >"	97	86	java_comparison_cmp	85	10
"< Application, Lorg/dacapo/parser/ConfigFileTokenManager, jjMoveStringLiteralDfa6_0(JJ)I >"	38	29	java_comparison_cmp	28	6
"< Application, Lavrora/syntax/atmel/AtmelParserTokenManager, jjMoveStringLiteralDfa1_0(JJJ)I >"	15	150	java_comparison_cmp	149	17
"< Application, Lavrora/syntax/objdump/ObjDumpParserTokenManager, jjMoveStringLiteralDfa3_0(JJJJJJ)I >"	160	160	java_comparison_cmp	159	14
"< Application, Lavrora/test/probes/ProbeParserTokenManager, getNextToken()Lavrora/test/probes/Token; >"	23	71	java_comparison_cmp	70	36
"< Application, Lavrora/syntax/objdump/ObjDumpParserTokenManager, jjMoveStringLiteralDfa3_0(JJJJJJ)I >"	271	31	java_comparison_cmp	30	14
"< Application, Lavrora/syntax/objdump/ObjDumpParserTokenManager, jjStopStringLiteralDfa_0(IJJJ)I >"	20	142	java_comparison_cmp	141	10
"< Application, Lavrora/arch/legacy/LegacyInterpreter, step()I >"	18	13	java_comparison_cmp	12	5
"< Application, Lavrora/arch/legacy/LegacyInterpreter, runLoop()V >"	8	9	java_comparison_cmp	7	8
"< Application, Lavrora/sim/mcu/ADC$ControlRegister, convertVoltage()I >"	57	45	java_comparison_cmpl	41	44
"< Application, Lavrora/syntax/atmel/AtmelParserTokenManager, jjMoveStringLiteralDfa2_0(JJJJJJ)I >"	360	65	java_comparison_cmp	64	14
"< Application, Lavrora/gui/TimeScale, getX(J)I >"	1	5	java_comparison_cmp	2	4
"< Application, Lavrora/syntax/atmel/AtmelParserTokenManager, jjMoveStringLiteralDfa4_0(JJJJJJ)I >"	90	35	java_comparison_cmp	34	14
"< Application, Lavrora/test/probes/ProbeParserTokenManager, getNextToken()Lavrora/test/probes/Token; >"	94	84	java_comparison_cmp	83	36
"< Application, Lavrora/syntax/atmel/AtmelParserTokenManager, jjStopStringLiteralDfa_0(IJJJ)I >"	73	42	java_comparison_cmp	41	10
"< Application, Lavrora/syntax/objdump/ObjDumpParserTokenManager, jjMoveStringLiteralDfa3_0(JJJJJJ)I >"	71	263	java_comparison_cmp	262	14
"< Application, Lavrora/syntax/atmel/AtmelParserTokenManager, jjStopStringLiteralDfa_0(IJJJ)I >"	99	25	java_comparison_cmp	24	10
"< Application, Lavrora/syntax/objdump/ObjDumpParserTokenManager, jjMoveStringLiteralDfa2_0(JJJJJJ)I >"	87	348	java_comparison_cmp	347	14
"< Application, Lavrora/syntax/atmel/AtmelParserTokenManager, jjMoveStringLiteralDfa3_0(JJJJJJ)I >"	135	179	java_comparison_cmp	178	14
"< Application, Lavrora/syntax/objdump/ObjDumpParserTokenManager, jjMoveStringLiteralDfa4_0(JJJJJJ)I >"	19	111	java_comparison_cmp	110	14
"< Application, Lavrora/gui/TimeScale, drawScale(Ljava/awt/Dimension;Ljava/awt/Graphics;)V >"	42	59	java_comparison_cmpl	57	58
"< Application, Lavrora/sim/clock/RippleSynchronizer, advance(JLavrora/sim/clock/RippleSynchronizer$WaitLink;)Lavrora/sim/clock/RippleSynchronizer$WaitLink; >"	21	15	java_comparison_cmp	2	14
"< Application, Lorg/dacapo/parser/ConfigFileTokenManager, jjMoveStringLiteralDfa5_0(JJ)I >"	1	7	java_comparison_cmp	5	6
"< Application, Lavrora/test/probes/ProbeParserTokenManager, jjMoveNfa_0(II)I >"	52	56	java_comparison_cmp	55	30
"< Application, Lavrora/syntax/objdump/ObjDumpParserTokenManager, jjMoveStringLiteralDfa2_0(JJJJJJ)I >"	31	408	java_comparison_cmp	407	14
"< Application, Lavrora/syntax/objdump/ObjDumpParserTokenManager, jjMoveStringLiteralDfa3_0(JJJJJJ)I >"	242	79	java_comparison_cmp	78	14
"< Application, Lavrora/syntax/atmel/AtmelParserTokenManager, jjMoveStringLiteralDfa4_0(JJJJJJ)I >"	95	38	java_comparison_cmp	37	14
"< Application, Lavrora/syntax/objdump/ObjDumpParserTokenManager, jjMoveStringLiteralDfa3_0(JJJJJJ)I >"	179	142	java_comparison_cmp	141	14
"< Application, Lavrora/sim/radio/Medium$Receiver$Ticker, fireUnlocked(J)V >"	18	28	java_comparison_cmp	26	27
"< Application, Lavrora/sim/types/WiredSimulation, processRandom()J >"	9	17	java_comparison_cmp	16	10
"< Application, Lavrora/gui/TimeScale, <clinit>()V >"	32	41	java_comparison_cmpl	47	40
"< Application, Lavrora/monitors/EnergyProfiler$Monitor$ProcedureProbe, fireBefore(Lavrora/sim/State;I)V >"	7	17	java_comparison_cmp	15	16
"< Application, Lavrora/syntax/atmel/AtmelParserTokenManager, jjMoveNfa_0(II)I >"	101	82	java_comparison_cmp	81	34
"< Application, Lavrora/test/probes/ProbeParserTokenManager, jjMoveStringLiteralDfa4_0(JJ)I >"	20	39	java_comparison_cmp	38	6
"< Application, Lavrora/syntax/objdump/ObjDumpParserTokenManager, jjMoveStringLiteralDfa3_0(JJJJJJ)I >"	165	163	java_comparison_cmp	162	14
"< Application, Lavrora/syntax/objdump/ObjDumpParserTokenManager, jjMoveStringLiteralDfa5_0(JJJJJJ)I >"	21	44	java_comparison_cmp	43	14
"< Application, Lavrora/syntax/atmel/AtmelParserTokenManager, jjStopStringLiteralDfa_0(IJJJ)I >"	30	81	java_comparison_cmp	80	10
"< Application, Lavrora/syntax/objdump/ObjDumpParserTokenManager, jjMoveStringLiteralDfa3_0(JJJJJJ)I >"	5	15	java_comparison_cmp	13	14
"< Application, Lavrora/test/probes/ProbeParserTokenManager, jjMoveNfa_0(II)I >"	140	102	java_comparison_cmp	101	30
"< Application, Lavrora/syntax/atmel/AtmelParserTokenManager, jjMoveStringLiteralDfa2_0(JJJJJJ)I >"	285	169	java_comparison_cmp	168	14
"< Application, Lavrora/syntax/atmel/AtmelParserTokenManager, jjMoveStringLiteralDfa3_0(JJJJJJ)I >"	120	209	java_comparison_cmp	208	14
"< Application, Lavrora/sim/types/SensorSimulation, processRandom()J >"	5	11	java_comparison_cmp	9	10
"< Application, Lavrora/syntax/atmel/AtmelParserTokenManager, jjMoveStringLiteralDfa3_0(JJJJJJ)I >"	130	215	java_comparison_cmp	214	14
"< Application, Lavrora/test/probes/ProbeParserTokenManager, jjMoveStringLiteralDfa5_0(JJ)I >"	22	20	java_comparison_cmp	19	6
