java_type_ref("<Application,Lavrora/sim/Simulator$InterruptProbe>")
java_type_ref("<Application,Lavrora/arch/legacy/LegacyInstrVisitor>")
java_type_ref("<Application,Lavrora/monitors/CallTrace$Monitor>")
java_type_ref("<Application,Lavrora/arch/avr/AVRInstrVisitor>")
java_type_ref("<Application,Lavrora/sim/radio/Medium$Probe>")
java_type_ref("<Application,Lavrora/sim/platform/sensors/SensorData>")
java_type_ref("<Application,Lavrora/stack/AnalyzerPolicy>")
java_type_ref("<Application,Lavrora/sim/mcu/Microcontroller$Pin$Output>")
java_type_ref("<Application,Lavrora/sim/mcu/Microcontroller>")
java_type_ref("<Application,Lavrora/sim/mcu/Microcontroller$Pin$Input>")
java_type_ref("<Application,Lavrora/arch/AbstractDisassembler>")
java_type_ref("<Application,Lavrora/monitors/Monitor>")
java_type_ref("<Application,Lavrora/sim/InterruptTable$Notification>")
java_type_ref("<Application,Lavrora/sim/state/BooleanView>")
java_type_ref("<Application,Lavrora/sim/mcu/ADC$ADCInput>")
java_type_ref("<Application,Lcck/help/HelpItem>")
java_type_ref("<Application,Lavrora/arch/legacy/LegacyOperand>")
java_type_ref("<Application,Lavrora/arch/msp430/MSP430OperandVisitor>")
java_type_ref("<Application,Lavrora/arch/msp430/MSP430AddrMode>")
java_type_ref("<Application,Lavrora/sim/CodeSegment$CodeSharer>")
java_type_ref("<Application,Lavrora/arch/AbstractAssembler>")
java_type_ref("<Application,Lavrora/sim/CodeSegment$Factory>")
java_type_ref("<Application,Lavrora/arch/msp430/MSP430AddrMode$DOUBLE_W>")
java_type_ref("<Application,Lavrora/syntax/Context>")
java_type_ref("<Application,Lavrora/sim/radio/Radio>")
java_type_ref("<Application,Lavrora/sim/FiniteStateMachine$Probe>")
java_type_ref("<Application,Lavrora/arch/msp430/MSP430AddrMode$DOUBLE_B>")
java_type_ref("<Application,Lavrora/syntax/atmel/AtmelParserConstants>")
java_type_ref("<Application,Lavrora/sim/energy/EnergyObserver>")
java_type_ref("<Application,Lavrora/sim/ActiveRegister>")
java_type_ref("<Application,Lavrora/sim/mcu/SPIDevice>")
java_type_ref("<Application,Lavrora/sim/Simulation$Monitor>")
java_type_ref("<Application,Lavrora/sim/State>")
java_type_ref("<Application,Lavrora/arch/msp430/MSP430AddrModeVisitor>")
java_type_ref("<Application,Lavrora/sim/state/RegisterView>")
java_type_ref("<Application,Lavrora/arch/avr/AVRAddrMode$XLPM>")
java_type_ref("<Application,Lavrora/stack/IORegisterConstants>")
java_type_ref("<Application,Lavrora/test/probes/ProbeParserConstants>")
java_type_ref("<Application,Lorg/apache/commons/cli/CommandLineParser>")
java_type_ref("<Application,Lavrora/sim/platform/PlatformFactory>")
java_type_ref("<Application,Lavrora/arch/AbstractParser>")
java_type_ref("<Application,Lavrora/arch/avr/AVROperandVisitor>")
java_type_ref("<Application,Lavrora/arch/legacy/LegacyOperand$Register>")
java_type_ref("<Application,Lavrora/sim/mcu/Microcontroller$Pin>")
java_type_ref("<Application,Lavrora/sim/state/Register$Watch>")
java_type_ref("<Application,Lavrora/sim/mcu/ATMegaTimer$TopValue>")
java_type_ref("<Application,Lavrora/arch/AbstractInstr>")
java_type_ref("<Application,Lavrora/arch/msp430/MSP430InstrVisitor>")
java_type_ref("<Application,Lavrora/sim/Simulator$Watch>")
java_type_ref("<Application,Lavrora/arch/legacy/LegacyInstrProto>")
java_type_ref("<Application,Lavrora/stack/isea/ISEInterpreter$SummaryCache>")
java_type_ref("<Application,Lavrora/arch/avr/AVRAddrModeVisitor>")
java_type_ref("<Application,Lavrora/arch/avr/AVRAddrMode>")
java_type_ref("<Application,Lavrora/arch/legacy/LegacyOperand$Constant>")
java_type_ref("<Application,Lavrora/gui/MonitorPanel$Updater>")
java_type_ref("<Application,Lavrora/syntax/objdump/ObjDumpParserConstants>")
java_type_ref("<Application,Lavrora/gui/VisualMonitor>")
java_type_ref("<Application,Lavrora/sim/radio/Medium$Arbitrator>")
java_type_ref("<Application,Lcck/test/TestEngine$Harness>")
java_type_ref("<Application,Lavrora/sim/Segment$Sharer>")
java_type_ref("<Application,Lavrora/sim/Simulator$Probe>")
java_type_ref("<Application,Lcck/stat/DataItem>")
java_type_ref("<Application,Lavrora/arch/msp430/MSP430AddrMode$SINGLE_B>")
java_type_ref("<Application,Lavrora/sim/mcu/USART$USARTDevice>")
java_type_ref("<Application,Lavrora/arch/msp430/MSP430AddrMode$SINGLE_W>")
java_type_ref("<Application,Lavrora/sim/Simulator$Event>")
java_type_ref("<Application,Lcck/text/Printable>")
java_type_ref("<Application,Lorg/dacapo/parser/ConfigFileConstants>")
java_type_ref("<Application,Lavrora/sim/output/EventProcessor>")
java_type_ref("<Application,Lavrora/arch/avr/AVRAddrMode$LD_ST>")
java_type_ref("<Application,Lavrora/sim/mcu/MicrocontrollerFactory>")
java_type_ref("<Application,Lavrora/arch/AbstractArchitecture>")
java_type_ref("<Application,Lavrora/arch/legacy/LegacyState>")
