"< Application, Lavrora/sim/radio/CC1000Radio$FrequencySeparationRegister, access$300(Lavrora/sim/radio/CC1000Radio$FrequencySeparationRegister;)Lavrora/sim/radio/CC1000Radio; >"
"< Application, Lavrora/arch/legacy/LegacyInstr$CLV, <clinit>()V >"
"< Application, Lcck/text/StringUtil, space(I)Ljava/lang/String; >"
"< Application, Lorg/dacapo/harness/Benchmark, enableValidationReport(Ljava/lang/String;)V >"
"< Application, Lavrora/stack/AbstractArithmetic, merge(BBB)C >"
"< Application, Lavrora/arch/legacy/LegacyInstr$LDPI, <clinit>()V >"
"< Application, Lavrora/gui/SimMenuBar, createSimMenuBar()Lavrora/gui/SimMenuBar; >"
"< Application, Lavrora/arch/legacy/LegacyInstr$NEG, <clinit>()V >"
"< Application, Lavrora/gui/AvroraGui, createImageIcon(Ljava/lang/String;)Ljavax/swing/ImageIcon; >"
"< Application, Lavrora/sim/platform/ExternalFlash, access$2500(Lavrora/sim/platform/ExternalFlash;IS)V >"
"< Application, Lavrora/sim/mcu/RegisterLayout, <clinit>()V >"
"< Application, Lavrora/gui/AvroraGui, init(Lcck/util/Options;[Ljava/lang/String;)V >"
"< Application, Lorg/dacapo/harness/Digest, toString([B)Ljava/lang/String; >"
"< Application, Lcck/text/StringUtil, trimLines(Ljava/lang/String;II)Ljava/util/List; >"
"< Application, Lcck/text/Terminal, printCyan(Ljava/lang/String;)V >"
"< Application, Lavrora/arch/avr/AVRSymbol, get_YZ(Ljava/lang/String;)Lavrora/arch/avr/AVRSymbol$YZ; >"
"< Application, Lavrora/arch/msp430/MSP430Disassembler, access$302(Lavrora/arch/msp430/MSP430Disassembler;I)I >"
"< Application, LHarness, main([Ljava/lang/String;)V >"
"< Application, Lcck/text/StringUtil, justify(ZFI)Ljava/lang/String; >"
"< Application, Lcck/text/Terminal, printBrightGreen(Ljava/lang/String;)V >"
"< Application, Lcck/text/StringUtil, commalist(Ljava/lang/Object;Ljava/lang/Object;Ljava/lang/Object;)Ljava/lang/String; >"
"< Application, Lavrora/sim/state/RegisterUtil, stackedView([Lavrora/sim/state/RegisterView;)Lavrora/sim/state/RegisterView; >"
"< Application, Lavrora/arch/legacy/LegacyInterpreter, high(I)B >"
"< Application, Lavrora/sim/mcu/ATMegaTimer, access$100(Lavrora/sim/mcu/ATMegaTimer;I)V >"
"< Application, Lavrora/stack/AbstractArithmetic, and(CC)C >"
"< Application, Lavrora/Main, printUsage()V >"
"< Application, Lorg/apache/commons/cli/TypeHandler, createFile(Ljava/lang/String;)Ljava/io/File; >"
"< Application, Lavrora/Defaults, class$(Ljava/lang/String;)Ljava/lang/Class; >"
"< Application, Lcck/text/StringUtil, appendFract(Ljava/lang/StringBuffer;DI)V >"
"< Application, Lavrora/sim/util/InterruptScheduler, access$000(Lavrora/sim/util/InterruptScheduler;)V >"
"< Application, Lorg/dacapo/harness/Digest, create()Ljava/security/MessageDigest; >"
"< Application, Lavrora/arch/avr/AVRSymbol$YZ, newYZ(Ljava/lang/String;II)Lavrora/arch/avr/AVRSymbol$YZ; >"
"< Application, Lavrora/arch/legacy/LegacyInstr$BRID, <clinit>()V >"
"< Application, Lavrora/arch/avr/AVRSymbol$RZ, <clinit>()V >"
"< Application, Lcck/text/StringUtil, leftJustify(Ljava/lang/String;I)Ljava/lang/String; >"
"< Application, Lorg/apache/commons/cli/TypeHandler, createValue(Ljava/lang/String;Ljava/lang/Object;)Ljava/lang/Object; >"
"< Application, Lavrora/sim/FiniteStateMachine, access$000(Lavrora/sim/util/MulticastFSMProbe;II)V >"
"< Application, Lcck/text/Status, error(Lcck/util/Util$Error;)V >"
"< Application, Lavrora/arch/legacy/LegacyInstr$OUT, <clinit>()V >"
"< Application, Lavrora/stack/AbstractArithmetic, or(CCC)C >"
"< Application, Lavrora/sim/radio/LossyModel, <clinit>()V >"
"< Application, Lorg/dacapo/harness/TestHarness, <clinit>()V >"
"< Application, Lavrora/arch/legacy/LegacyInstr, access$3400()I >"
"< Application, Lcck/util/TimeUtil, secondsToCycles(DD)J >"
"< Application, Lcck/text/Status, begin(Ljava/lang/String;)V >"
"< Application, Lavrora/arch/legacy/LegacyRegister, getRegisterByName(Ljava/lang/String;)Lavrora/arch/legacy/LegacyRegister; >"
"< Application, Lavrora/sim/radio/CC1000Radio$SerialConfigurationInterface, access$500(Lavrora/sim/radio/CC1000Radio$SerialConfigurationInterface;)V >"
"< Application, Lavrora/arch/legacy/LegacyInstr, GPR(ILavrora/arch/legacy/LegacyRegister;)Lavrora/arch/legacy/LegacyRegister; >"
"< Application, Lcck/text/StringUtil, rightJustify(JI)Ljava/lang/String; >"
"< Application, Lorg/dacapo/harness/TestHarness, twoDecimalPlaces()Ljava/text/DecimalFormat; >"
"< Application, Lorg/apache/commons/cli/HelpFormatter, appendOption(Ljava/lang/StringBuffer;Lorg/apache/commons/cli/Option;Z)V >"
"< Application, Lavrora/syntax/atmel/AtmelParser, jj_la1_3()V >"
"< Application, Lavrora/arch/avr/AVRDisassembler, readop_0(Lavrora/arch/avr/AVRDisassembler;)I >"
"< Application, Lavrora/arch/msp430/MSP430Disassembler, access$502(Lavrora/arch/msp430/MSP430Disassembler;Lavrora/arch/msp430/MSP430AddrMode;)Lavrora/arch/msp430/MSP430AddrMode; >"
"< Application, Lavrora/monitors/GDBServer, <clinit>()V >"
"< Application, Lorg/dacapo/harness/CommandLineArgs, makeOption(Ljava/lang/String;Ljava/lang/String;Ljava/lang/String;Ljava/lang/String;)Lorg/apache/commons/cli/Option; >"
"< Application, Lorg/apache/commons/cli/PatternOptionBuilder, <clinit>()V >"
"< Application, Lcck/text/Verbose, getPrinter(Ljava/lang/String;)Lcck/text/Verbose$Printer; >"
"< Application, Lcck/text/Terminal, print([I[Ljava/lang/String;)V >"
"< Application, Lavrora/arch/avr/AVRSymbol, get_RZ(Ljava/lang/String;)Lavrora/arch/avr/AVRSymbol$RZ; >"
"< Application, Lavrora/sim/mcu/ATMegaTimer$Mode, access$200(Lavrora/sim/mcu/ATMegaTimer$Mode;)Lavrora/sim/mcu/ATMegaTimer; >"
"< Application, Lcck/util/TimeUtil, appendSecs(Ljava/lang/StringBuffer;J)V >"
"< Application, Lavrora/sim/mcu/DefaultMCU, access$000(Lavrora/sim/mcu/DefaultMCU;)Z >"
"< Application, Lavrora/gui/ManageSimInput, createManageSimInput()Lavrora/gui/ManageSimInput; >"
"< Application, Lavrora/stack/Analyzer, <clinit>()V >"
"< Application, Lcck/text/StringUtil, peekAndEat(Ljava/text/CharacterIterator;Ljava/lang/String;)Z >"
"< Application, Lavrora/sim/mcu/AtmelMicrocontroller, addPin(Ljava/util/HashMap;ILjava/lang/String;Ljava/lang/String;Ljava/lang/String;Ljava/lang/String;)V >"
"< Application, Lorg/dacapo/harness/Benchmark, lineCount(Ljava/io/File;)I >"
"< Application, Lorg/apache/commons/cli/TypeHandler, createClass(Ljava/lang/String;)Ljava/lang/Class; >"
"< Application, Lavrora/arch/legacy/LegacyInstr$SLEEP, <clinit>()V >"
"< Application, Lorg/dacapo/harness/CommandLineArgs$Methodology, values()[Lorg/dacapo/harness/CommandLineArgs$Methodology; >"
"< Application, Lavrora/arch/legacy/LegacyInstr$CLI, <clinit>()V >"
"< Application, Lorg/dacapo/harness/Benchmark, deleteTree(Ljava/io/File;)V >"
"< Application, Lavrora/arch/legacy/LegacyInstr$MULS, <clinit>()V >"
"< Application, Lcck/text/TermUtil, reportProportion(Ljava/lang/String;JJLjava/lang/String;)V >"
"< Application, Lorg/dacapo/harness/Benchmark, deleteFiles(Ljava/io/File;Ljava/lang/String;)V >"
"< Application, Lavrora/arch/avr/AVRSymbol$ADR, <clinit>()V >"
"< Application, Lavrora/sim/radio/Medium, access$302(D)D >"
"< Application, Lavrora/arch/avr/AVRSymbol$R0, access$700()Ljava/util/HashMap; >"
"< Application, Lavrora/arch/legacy/LegacyInstr$SEN, <clinit>()V >"
"< Application, Lavrora/arch/legacy/LegacyInterpreter, <clinit>()V >"
"< Application, Lavrora/arch/legacy/LegacyInstr, MGPR(ILavrora/arch/legacy/LegacyRegister;)Lavrora/arch/legacy/LegacyRegister; >"
"< Application, Lcck/util/Arithmetic, setBit(BIZ)B >"
"< Application, Lavrora/monitors/EnergyMonitor$Monitor, access$100(Lavrora/monitors/EnergyMonitor$Monitor;)Lavrora/monitors/EnergyMonitor; >"
"< Application, Lcck/text/Terminal, println(Ljava/lang/String;)V >"
"< Application, Lavrora/arch/avr/AVRArchitecture, <clinit>()V >"
"< Application, Lavrora/sim/platform/sensors/AccelSensor, <clinit>()V >"
"< Application, Lavrora/syntax/Expr, asInt(Z)I >"
"< Application, Lavrora/arch/legacy/LegacyInstr$NOP, <clinit>()V >"
"< Application, Lcck/text/StringUtil, readDotIdentifier(Ljava/text/CharacterIterator;)Ljava/lang/String; >"
"< Application, Lavrora/syntax/objdump/ObjDumpParser, jj_la1_2()V >"
"< Application, Lcck/text/StringUtil, appendChar(ILjava/lang/StringBuffer;)V >"
"< Application, Lavrora/Main, banner()V >"
"< Application, Lorg/apache/commons/cli/OptionBuilder, hasOptionalArgs(I)Lorg/apache/commons/cli/OptionBuilder; >"
"< Application, Lavrora/arch/avr/AVRDisassembler, readop_7(Lavrora/arch/avr/AVRDisassembler;)I >"
"< Application, Lavrora/arch/legacy/LegacyInstr, access$500(ILavrora/arch/legacy/LegacyRegister;)Lavrora/arch/legacy/LegacyRegister; >"
"< Application, Lavrora/syntax/objdump/TokenMgrError, addEscapes(Ljava/lang/String;)Ljava/lang/String; >"
"< Application, Lavrora/sim/radio/Medium, isCorruptedByte(C)Z >"
"< Application, Lavrora/syntax/objdump/Token, newToken(I)Lavrora/syntax/objdump/Token; >"
"< Application, Lavrora/arch/legacy/LegacyRegister, getRegisterByNumber(I)Lavrora/arch/legacy/LegacyRegister; >"
"< Application, Lcck/util/Arithmetic, setBit(JIZ)J >"
"< Application, Lorg/apache/commons/cli/Util, stripLeadingHyphens(Ljava/lang/String;)Ljava/lang/String; >"
"< Application, Lavrora/stack/AbstractArithmetic, increment(C)C >"
"< Application, Lavrora/arch/avr/AVRState, map_set(Lavrora/sim/Segment;II)V >"
"< Application, Lcck/text/StringUtil, evaluateIntegerLiteral(Ljava/lang/String;)I >"
"< Application, Lorg/dacapo/parser/Config, getThreadCountOverride()I >"
"< Application, Lavrora/arch/legacy/LegacyInstr$BRPL, <clinit>()V >"
"< Application, Lavrora/sim/platform/ExternalFlash, access$202(Lavrora/sim/platform/ExternalFlash;I)I >"
"< Application, Lavrora/arch/legacy/LegacyInstr$SBCI, <clinit>()V >"
"< Application, Lcck/util/Arithmetic, uhigh(C)C >"
"< Application, Lavrora/monitors/EnergyMonitor$Monitor, access$000(Lavrora/monitors/EnergyMonitor$Monitor;)D >"
"< Application, Lavrora/arch/avr/AVRDisassembler, readop_13(Lavrora/arch/avr/AVRDisassembler;)I >"
"< Application, Lavrora/arch/avr/AVRInstrBuilder, checkValue(III)I >"
"< Application, Lavrora/arch/avr/AVRDisassembler, readop_10(Lavrora/arch/avr/AVRDisassembler;)I >"
"< Application, Lavrora/Main, parseOptions([Ljava/lang/String;)V >"
"< Application, Lcck/util/Arithmetic, getInverseBitRangeMask(II)I >"
"< Application, Lavrora/sim/platform/ExternalFlash, access$2100(Lavrora/sim/platform/ExternalFlash;I)S >"
"< Application, Lavrora/sim/platform/ExternalFlash, access$800(Lavrora/sim/platform/ExternalFlash;I)V >"
"< Application, Lavrora/arch/legacy/LegacyInstr, IMM3(II)I >"
"< Application, Lcck/text/StringUtil, leftJustify(JI)Ljava/lang/String; >"
"< Application, Lavrora/sim/mcu/ATMegaX8, <clinit>()V >"
"< Application, Lavrora/sim/platform/ExternalFlash, access$308(Lavrora/sim/platform/ExternalFlash;)I >"
"< Application, Lavrora/arch/avr/AVRSymbol, get_ADR(Ljava/lang/String;)Lavrora/arch/avr/AVRSymbol$ADR; >"
"< Application, Lavrora/arch/avr/AVRDisassembler, access$202(Lavrora/arch/avr/AVRDisassembler;I)I >"
"< Application, Lavrora/monitors/TripTimeMonitor$PointToPointMon, access$000(Lavrora/monitors/TripTimeMonitor$PointToPointMon;)Lavrora/monitors/TripTimeMonitor; >"
"< Application, Lavrora/arch/avr/AVRSymbol$GPR, newGPR(Ljava/lang/String;I)Lavrora/arch/avr/AVRSymbol$GPR; >"
"< Application, Lcck/stat/StatUtil, sum([I)J >"
"< Application, Lavrora/sim/platform/LED, <clinit>()V >"
"< Application, Lcck/text/StringUtil, to0xHex(JI)Ljava/lang/String; >"
"< Application, Lavrora/stack/AbstractArithmetic, merge(BBBB)C >"
"< Application, Lavrora/arch/legacy/LegacyInstr$RETI, <clinit>()V >"
"< Application, Lcck/text/StringUtil, linelist(Ljava/util/List;)Ljava/lang/String; >"
"< Application, Lavrora/arch/legacy/LegacyInstr, access$2600()Lavrora/arch/legacy/LegacyRegister; >"
"< Application, Lorg/apache/commons/cli/OptionBuilder, create(Ljava/lang/String;)Lorg/apache/commons/cli/Option; >"
"< Application, Lavrora/actions/RegisterTestAction, class$(Ljava/lang/String;)Ljava/lang/Class; >"
"< Application, Lavrora/arch/legacy/LegacyInstr, access$1700(III)I >"
"< Application, Lavrora/sim/platform/ExternalFlash, access$2600(Lavrora/sim/platform/ExternalFlash;IS)V >"
"< Application, Lcck/elf/ELFLoader, readSymbolTables(Ljava/io/RandomAccessFile;Lcck/elf/ELFHeader;Lcck/elf/ELFSectionHeaderTable;)Ljava/util/List; >"
"< Application, Lavrora/test/probes/ProbeParser, jj_la1_0()V >"
"< Application, Lavrora/sim/platform/SerialForwarder, access$100(Lavrora/sim/platform/SerialForwarder;)Lavrora/sim/mcu/USART; >"
"< Application, Lcck/test/TestEngine, report(Ljava/lang/String;Lcck/test/TestResult;)V >"
"< Application, Lavrora/sim/state/ByteFIFO, copyOfRange([BII)[B >"
"< Application, Lorg/dacapo/harness/ChordHarness, runBenchmark(Ljava/io/File;Ljava/lang/String;Lorg/dacapo/harness/ChordHarness;)V >"
"< Application, Lavrora/arch/avr/AVRDisassembler, readop_11(Lavrora/arch/avr/AVRDisassembler;)I >"
"< Application, Lavrora/arch/legacy/LegacyInstr$SBRC, <clinit>()V >"
"< Application, Lavrora/sim/clock/DeltaQueue, access$000(Lavrora/sim/clock/DeltaQueue;Lavrora/sim/Simulator$Event;Lavrora/sim/clock/DeltaQueue$EventList;)Lavrora/sim/clock/DeltaQueue$EventList; >"
"< Application, Lavrora/sim/mcu/ReprogrammableCodeSegment, access$800(Lavrora/sim/mcu/ReprogrammableCodeSegment;ILavrora/arch/legacy/LegacyInstr;)V >"
"< Application, Lavrora/sim/mcu/AtmelMicrocontroller, addPin(Ljava/util/HashMap;ILjava/lang/String;Ljava/lang/String;Ljava/lang/String;)V >"
"< Application, Lcck/text/StringUtil, linelist(Ljava/lang/StringBuffer;Ljava/util/List;)V >"
"< Application, Lcck/text/TermUtil, reportQuantity(Ljava/lang/String;JLjava/lang/String;)V >"
"< Application, Lavrora/sim/radio/Medium$BasicArbitrator, <clinit>()V >"
"< Application, Lcck/util/Util, failure(Ljava/lang/String;Ljava/lang/String;)Lcck/util/Util$InternalError; >"
"< Application, Lavrora/test/sim/SimTestHarness, <clinit>()V >"
"< Application, Lavrora/sim/CodeSegment, <clinit>()V >"
"< Application, Lavrora/Main, <clinit>()V >"
"< Application, Lorg/dacapo/harness/TestHarness, coeff_of_var([J)D >"
"< Application, Lavrora/arch/legacy/LegacyInstr$EOR, <clinit>()V >"
"< Application, Lavrora/stack/Analyzer, access$000(Lavrora/stack/Analyzer;)V >"
"< Application, Lavrora/stack/AbstractArithmetic, add(CC)C >"
"< Application, Lorg/dacapo/harness/ChordHarness, TEST(I)I >"
"< Application, Lavrora/arch/legacy/LegacyInstr$BRCC, <clinit>()V >"
"< Application, Lavrora/arch/legacy/LegacyInstr$OR, <clinit>()V >"
"< Application, Lavrora/stack/Analyzer, access$500(Lavrora/stack/Analyzer;Lavrora/stack/StateCache$State;)V >"
"< Application, Lorg/dacapo/harness/Callback$Mode, valueOf(Ljava/lang/String;)Lorg/dacapo/harness/Callback$Mode; >"
"< Application, Lavrora/monitors/CallMonitor, class$(Ljava/lang/String;)Ljava/lang/Class; >"
"< Application, Lavrora/arch/avr/AVRDisassembler, readop_17(Lavrora/arch/avr/AVRDisassembler;)I >"
"< Application, Lavrora/arch/legacy/LegacyInstr, YZ(ILavrora/arch/legacy/LegacyRegister;)Lavrora/arch/legacy/LegacyRegister; >"
"< Application, Lavrora/arch/avr/AVRSymbol$EGPR, newEGPR(Ljava/lang/String;II)Lavrora/arch/avr/AVRSymbol$EGPR; >"
"< Application, Lcck/text/StringUtil, convertToHex(JII[C[C)Ljava/lang/String; >"
"< Application, Lavrora/sim/mcu/Timer16Bit, access$400(Lavrora/sim/mcu/Timer16Bit;Lavrora/sim/Simulator$Event;I)V >"
"< Application, Lcck/help/HelpSystem, getCategory(Ljava/lang/String;)Lcck/help/HelpCategory; >"
"< Application, Lavrora/sim/mcu/ADC$ControlRegister, access$400(Lavrora/sim/mcu/ADC$ControlRegister;)V >"
"< Application, Lavrora/arch/legacy/LegacyInstr, RDL(ILavrora/arch/legacy/LegacyRegister;)Lavrora/arch/legacy/LegacyRegister; >"
"< Application, Lcck/text/Verbose, setVerbose(Ljava/lang/String;Z)V >"
"< Application, Lavrora/arch/avr/AVRState, map_get([BI)I >"
"< Application, Lavrora/sim/platform/SPIForwarder, access$000(Lavrora/sim/platform/SPIForwarder;)Ljava/io/InputStream; >"
"< Application, Lcck/text/Terminal, print(Ljava/lang/String;)V >"
"< Application, Lavrora/sim/platform/PinWire, access$100(Lavrora/sim/platform/PinWire;)Z >"
"< Application, Lcck/text/StringUtil, readIntegerValue(Ljava/text/CharacterIterator;)I >"
"< Application, Lavrora/arch/legacy/LegacyInstr$SWAP, <clinit>()V >"
"< Application, Lcck/text/StringUtil, toDecimal(JI)Ljava/lang/String; >"
"< Application, Lavrora/sim/radio/Medium$Receiver, access$100(Lavrora/sim/radio/Medium$Receiver;J)Lavrora/sim/radio/Medium$Transmission; >"
"< Application, Lavrora/arch/legacy/LegacyInstr$FMULS, <clinit>()V >"
"< Application, Lavrora/arch/avr/AVRDisassembler, readop_15(Lavrora/arch/avr/AVRDisassembler;)I >"
"< Application, Lorg/apache/commons/cli/OptionBuilder, withValueSeparator(C)Lorg/apache/commons/cli/OptionBuilder; >"
"< Application, Lavrora/sim/platform/ExternalFlash, access$600(Lavrora/sim/platform/ExternalFlash;I)V >"
"< Application, Lorg/apache/commons/cli/OptionBuilder, withLongOpt(Ljava/lang/String;)Lorg/apache/commons/cli/OptionBuilder; >"
"< Application, Lavrora/arch/legacy/LegacyInstrSet, getPrototype(Ljava/lang/String;)Lavrora/arch/legacy/LegacyInstrProto; >"
"< Application, Lavrora/arch/legacy/LegacyInstr$RCALL, <clinit>()V >"
"< Application, Lavrora/arch/legacy/LegacyInstr$PUSH, <clinit>()V >"
"< Application, Lcck/util/Arithmetic, high(I)B >"
"< Application, Lavrora/sim/radio/LossyModel, class$(Ljava/lang/String;)Ljava/lang/Class; >"
"< Application, Lorg/apache/commons/cli/OptionBuilder, withArgName(Ljava/lang/String;)Lorg/apache/commons/cli/OptionBuilder; >"
"< Application, Lcck/text/Status, print(ILjava/lang/String;)V >"
"< Application, Lcck/util/VersionTag, <clinit>()V >"
"< Application, Lavrora/arch/legacy/LegacyInstr$BRSH, <clinit>()V >"
"< Application, Lcck/text/StringUtil, readDecimalValue(Ljava/text/CharacterIterator;I)I >"
"< Application, Lavrora/Defaults, <clinit>()V >"
"< Application, Lavrora/sim/util/MemPrint, class$(Ljava/lang/String;)Ljava/lang/Class; >"
"< Application, Lavrora/arch/avr/AVRSymbol$GPR, <clinit>()V >"
"< Application, Lavrora/gui/GUIDefaults, class$(Ljava/lang/String;)Ljava/lang/Class; >"
"< Application, Lavrora/arch/msp430/MSP430InstrBuilder, <clinit>()V >"
"< Application, Lavrora/arch/legacy/LegacyInstr, SREL(III)I >"
"< Application, Lorg/dacapo/harness/Benchmark, unpackZipFileResource(Ljava/lang/String;Ljava/io/File;)V >"
"< Application, Lavrora/stack/AbstractArithmetic, mergeMask(CC)C >"
"< Application, Lavrora/actions/SimAction, reportTime(Lavrora/sim/Simulation;JZ)V >"
"< Application, Lavrora/stack/AbstractArithmetic, decrement(C)C >"
"< Application, Lavrora/stack/StatePrinter, printIOReg(Ljava/lang/String;C)V >"
"< Application, Lavrora/arch/msp430/MSP430Symbol$GPR, newGPR(Ljava/lang/String;I)Lavrora/arch/msp430/MSP430Symbol$GPR; >"
"< Application, Lavrora/stack/StatePrinter, printEdge(Lavrora/stack/StateCache$State;IILavrora/stack/StateCache$State;)V >"
"< Application, Lavrora/Defaults, getAllCategories()Ljava/util/List; >"
"< Application, Lavrora/arch/avr/AVRSymbol$ADR, newADR(Ljava/lang/String;I)Lavrora/arch/avr/AVRSymbol$ADR; >"
"< Application, Lcck/util/Arithmetic, ubyte(B)C >"
"< Application, Lcck/text/StringUtil, splice([Ljava/lang/String;[Ljava/lang/String;)Ljava/lang/String; >"
"< Application, Lcck/text/StringUtil, replaceVar(IILjava/lang/String;Ljava/lang/StringBuffer;Ljava/util/Properties;)I >"
"< Application, Lavrora/arch/avr/AVRDisassembler, access$402(Lavrora/arch/avr/AVRDisassembler;Lavrora/arch/avr/AVRAddrMode;)Lavrora/arch/avr/AVRAddrMode; >"
"< Application, Lorg/apache/commons/cli/OptionBuilder, withDescription(Ljava/lang/String;)Lorg/apache/commons/cli/OptionBuilder; >"
"< Application, Lcck/util/Arithmetic, <clinit>()V >"
"< Application, Lcck/util/Arithmetic, getBitField(I[I)I >"
"< Application, Lavrora/arch/legacy/LegacyInstr$CPSE, <clinit>()V >"
"< Application, Lcck/text/Status, error(Ljava/lang/String;)V >"
"< Application, Lavrora/stack/AbstractArithmetic, isUnknown(C)Z >"
"< Application, Lavrora/sim/mcu/Timer16Bit, access$500(Lavrora/sim/mcu/Timer16Bit;)V >"
"< Application, Lcck/test/TestResult, getColor(I)I >"
"< Application, Lorg/apache/commons/cli/OptionBuilder, hasArg()Lorg/apache/commons/cli/OptionBuilder; >"
"< Application, Lavrora/sim/platform/ExternalFlash, access$1502(Lavrora/sim/platform/ExternalFlash;Z)Z >"
"< Application, Lavrora/arch/avr/AVRDisassembler, signExtend(II)I >"
"< Application, Lavrora/arch/legacy/LegacyInstr, access$1600()I >"
"< Application, Lavrora/sim/platform/ExternalFlash, access$1172(Lavrora/sim/platform/ExternalFlash;I)S >"
"< Application, Lcck/help/HelpSystem, getSortedList()Ljava/util/List; >"
"< Application, Lorg/dacapo/harness/LatexDescriptions, print([Ljava/lang/String;Ljava/io/PrintStream;)V >"
"< Application, Lorg/dacapo/parser/Config, <clinit>()V >"
"< Application, Lavrora/arch/legacy/LegacyInstr$BRBC, <clinit>()V >"
"< Application, Lavrora/gui/GUIDefaults, getOptionList()Ljava/util/List; >"
"< Application, Lcck/text/StringUtil, evaluateCharLiteral(Ljava/lang/String;)C >"
"< Application, Lcck/text/StringUtil, isHexDigit(C)Z >"
"< Application, Lcck/text/StringUtil, toList(Ljava/lang/String;)Ljava/util/List; >"
"< Application, Lavrora/stack/AbstractArithmetic, toString(CLjava/lang/StringBuffer;)V >"
"< Application, Lavrora/sim/mcu/ADC$ControlRegister, access$200(Lavrora/sim/mcu/ADC$ControlRegister;)Lavrora/sim/mcu/ADC; >"
"< Application, Lorg/dacapo/harness/FileDigest, main([Ljava/lang/String;)V >"
"< Application, Lcck/stat/StatUtil, average([J)D >"
"< Application, Lcck/text/StringUtil, commalist(Ljava/lang/Object;Ljava/lang/Object;Ljava/lang/Object;Ljava/lang/Object;)Ljava/lang/String; >"
"< Application, Lavrora/sim/platform/ExternalFlash, access$376(Lavrora/sim/platform/ExternalFlash;I)I >"
"< Application, Lcck/text/TermUtil, reportQuantity(Ljava/lang/String;FLjava/lang/String;)V >"
"< Application, Lcck/text/CharUtil, isBinDigit(C)Z >"
"< Application, Lavrora/stack/AbstractArithmetic, ceiling(CC)I >"
"< Application, Lavrora/sim/radio/Medium, access$400()I >"
"< Application, Lorg/dacapo/parser/ConfigFile, jj_la1_init_1()V >"
"< Application, Lavrora/gui/GUIDefaults, getMonitorList()Ljava/util/List; >"
"< Application, Lavrora/sim/radio/RadiusModel, class$(Ljava/lang/String;)Ljava/lang/Class; >"
"< Application, Lavrora/sim/util/SimUtil, warning(Lavrora/sim/Simulator;Ljava/lang/String;Ljava/lang/String;)V >"
"< Application, Lavrora/actions/ELFDumpAction, printPHT(Lcck/elf/ELFProgramHeaderTable;)V >"
"< Application, Lorg/dacapo/harness/ChordHarness, makeCleanScratch(Ljava/io/File;)V >"
"< Application, Lavrora/sim/mcu/USART$DataRegister, access$300(Lavrora/sim/mcu/USART$DataRegister;)Lavrora/sim/mcu/USART; >"
"< Application, Lavrora/arch/msp430/MSP430Disassembler, signExtend(II)I >"
"< Application, Lcck/text/StringUtil, rightJustify(FI)Ljava/lang/String; >"
"< Application, Lcck/stat/TimeSequence, class$(Ljava/lang/String;)Ljava/lang/Class; >"
"< Application, Lcck/parser/SourceError, <clinit>()V >"
"< Application, Lorg/dacapo/harness/Matcher, <clinit>()V >"
"< Application, Lcck/text/StringUtil, toFixedFloat(FI)Ljava/lang/String; >"
"< Application, Lavrora/arch/legacy/LegacyInstr$LSL, <clinit>()V >"
"< Application, Lavrora/arch/legacy/LegacyInstr$BRVC, <clinit>()V >"
"< Application, Lavrora/arch/msp430/MSP430Disassembler, readop_2(Lavrora/arch/msp430/MSP430Disassembler;)I >"
"< Application, Lavrora/sim/radio/Medium, getTransmittedBits(C)B >"
"< Application, Lavrora/syntax/atmel/AtmelParser, jj_la1_0()V >"
"< Application, Lcck/text/StringUtil, escapeChar(Ljava/text/CharacterIterator;)C >"
"< Application, Lavrora/Main, checkFilesExist([Ljava/lang/String;)V >"
"< Application, Lcck/text/Status, error()V >"
"< Application, Lavrora/gui/ManageSimTime, class$(Ljava/lang/String;)Ljava/lang/Class; >"
"< Application, Lavrora/sim/state/RegisterUtil, bitRangeView(Lavrora/sim/state/RegisterView;II)Lavrora/sim/state/RegisterView; >"
"< Application, Lcck/util/Arithmetic, getLongBitRangeMask(II)J >"
"< Application, Lavrora/sim/mcu/ReprogrammableCodeSegment, access$900(Lavrora/sim/mcu/ReprogrammableCodeSegment;)[B >"
"< Application, Lavrora/test/probes/ProbeParserTokenManager, <clinit>()V >"
"< Application, Lavrora/syntax/Expr, access$000(Z)I >"
"< Application, Lavrora/arch/avr/AVRSymbol, get_EGPR(Ljava/lang/String;)Lavrora/arch/avr/AVRSymbol$EGPR; >"
"< Application, Lorg/dacapo/harness/Benchmark, <clinit>()V >"
"< Application, Lavrora/Defaults, getHelpCategory(Ljava/lang/String;)Lcck/help/HelpCategory; >"
"< Application, Lorg/apache/commons/cli/OptionValidator, isValidOpt(C)Z >"
"< Application, Lavrora/sim/radio/RadioEnergy, allModeNames()[Ljava/lang/String; >"
"< Application, Lcck/text/StringUtil, justify(ZLjava/lang/StringBuffer;Ljava/lang/String;I)V >"
"< Application, Lcck/Version, <clinit>()V >"
"< Application, Lcck/help/HelpSystem, addCategory(Ljava/lang/String;Ljava/lang/Class;)V >"
"< Application, Lavrora/sim/FiniteStateMachine, buildSparseTTM(II)[[I >"
"< Application, Lavrora/sim/platform/sensors/ReplaySensorData, access$000(Lavrora/sim/platform/sensors/ReplaySensorData;)V >"
"< Application, Lavrora/arch/legacy/LegacyInstr$MUL, <clinit>()V >"
"< Application, Lcck/text/StringUtil, <clinit>()V >"
"< Application, Lavrora/sim/mcu/SPI, <clinit>()V >"
"< Application, Lavrora/sim/mcu/USART$Receiver, access$100(Lavrora/sim/mcu/USART$Receiver;)Lavrora/sim/mcu/USART; >"
"< Application, Lavrora/arch/avr/AVRSymbol$HGPR, <clinit>()V >"
"< Application, Lorg/apache/commons/cli/OptionBuilder, reset()V >"
"< Application, Lavrora/arch/msp430/MSP430Disassembler, readop_1(Lavrora/arch/msp430/MSP430Disassembler;)I >"
"< Application, Lavrora/arch/legacy/LegacyInstr, access$200(Lavrora/arch/legacy/LegacyOperand;)I >"
"< Application, Lavrora/sim/FiniteStateMachine, buildUniformTTM(II)[[I >"
"< Application, Lcck/text/TermUtil, printThinSeparator()V >"
"< Application, Lavrora/sim/types/SensorSimulation, access$300(Lavrora/sim/types/SensorSimulation;)Lavrora/sim/clock/Synchronizer; >"
"< Application, Lavrora/arch/legacy/LegacyInstr$BST, <clinit>()V >"
"< Application, Lavrora/sim/radio/CC1000Radio$FrequencyRegister, access$200(Lavrora/sim/radio/CC1000Radio$FrequencyRegister;)Lavrora/sim/radio/CC1000Radio; >"
"< Application, Lcck/util/Arithmetic, getBitRangeMask(II)I >"
"< Application, Lcck/elf/ELFLoader, readSHT(Ljava/io/RandomAccessFile;Lcck/elf/ELFHeader;)Lcck/elf/ELFSectionHeaderTable; >"
"< Application, Lorg/dacapo/harness/ChordHarness, exists(Ljava/lang/String;)Z >"
"< Application, Lavrora/stack/AbstractArithmetic, not(C)C >"
"< Application, Lorg/dacapo/parser/TokenMgrError, LexicalError(ZIIILjava/lang/String;C)Ljava/lang/String; >"
"< Application, Lavrora/arch/legacy/LegacyInstr$LDS, <clinit>()V >"
"< Application, Lcck/text/CharUtil, <clinit>()V >"
"< Application, Lavrora/arch/legacy/LegacyInstr$EIJMP, <clinit>()V >"
"< Application, Lorg/apache/commons/cli/TypeHandler, createDate(Ljava/lang/String;)Ljava/util/Date; >"
"< Application, Lavrora/sim/mcu/ATMega128New, <clinit>()V >"
"< Application, Lcck/help/HelpCategory, <clinit>()V >"
"< Application, Lorg/dacapo/harness/FileDigest, getText(Ljava/io/File;ZLjava/io/File;)[B >"
"< Application, Lcck/util/Arithmetic, highestBit(I)I >"
"< Application, Lavrora/arch/legacy/LegacyInstr$ASR, <clinit>()V >"
"< Application, Lcck/text/TermUtil, printSeparator(Ljava/lang/String;)V >"
"< Application, Lcck/util/Arithmetic, setBit(BI)B >"
"< Application, Lavrora/stack/StatePrinter, printEdge(IILavrora/stack/StateCache$State;)V >"
"< Application, Lorg/apache/commons/cli/PatternOptionBuilder, parsePattern(Ljava/lang/String;)Lorg/apache/commons/cli/Options; >"
"< Application, Lcck/text/StringUtil, commalist(Ljava/lang/Object;Ljava/lang/Object;)Ljava/lang/String; >"
"< Application, Lavrora/Defaults, getTestHarnessMap()Lcck/util/ClassMap; >"
"< Application, Lorg/dacapo/harness/ChordHarness, rmdir(Ljava/io/File;)V >"
"< Application, Lcck/util/Arithmetic, modulus(J[I)[J >"
"< Application, Lcck/text/StringUtil, scanAhead(ICILjava/lang/String;Ljava/lang/StringBuffer;Ljava/lang/StringBuffer;)I >"
"< Application, Lavrora/arch/legacy/LegacyInstr, access$3500(III)I >"
"< Application, Lavrora/stack/AbstractArithmetic, shiftLeftOne(C)C >"
"< Application, Lavrora/arch/legacy/LegacyInstr$IJMP, <clinit>()V >"
"< Application, Lcck/text/StringUtil, commalist([Ljava/lang/Object;Ljava/lang/StringBuffer;)V >"
"< Application, Lavrora/arch/legacy/LegacyInstr$MOV, <clinit>()V >"
"< Application, Lcck/text/CharUtil, decValueOf(C)I >"
"< Application, Lcck/text/StringUtil, stringReplace(Ljava/lang/String;Ljava/util/Properties;Ljava/lang/Object;)Ljava/lang/String; >"
"< Application, Lavrora/sim/mcu/ReprogrammableCodeSegment, access$500(Lavrora/sim/mcu/ReprogrammableCodeSegment;ILavrora/arch/legacy/LegacyInstr;)V >"
"< Application, Lorg/apache/commons/cli/OptionBuilder, withValueSeparator()Lorg/apache/commons/cli/OptionBuilder; >"
"< Application, Lcck/util/Arithmetic, getBitMask(I)I >"
"< Application, Lcck/text/StringUtil, embed(Ljava/lang/Object;Ljava/lang/Object;Ljava/lang/Object;Ljava/lang/Object;)Ljava/lang/String; >"
"< Application, Lcck/text/Terminal, printRed(Ljava/lang/String;)V >"
"< Application, Lavrora/sim/clock/RippleSynchronizer$NotifyEvent, access$100(Lavrora/sim/clock/RippleSynchronizer$NotifyEvent;)Lavrora/sim/clock/RippleSynchronizer$WaitLink; >"
"< Application, Lavrora/arch/legacy/LegacyRegister, initializeRegisterMap()Ljava/util/HashMap; >"
"< Application, Lavrora/actions/RegisterTestAction, <clinit>()V >"
"< Application, Lorg/apache/commons/cli/OptionBuilder, hasOptionalArg()Lorg/apache/commons/cli/OptionBuilder; >"
"< Application, Lavrora/sim/state/RegisterUtil, booleanView(Lavrora/sim/state/RegisterView;I)Lavrora/sim/state/BooleanView; >"
"< Application, Lorg/dacapo/harness/Benchmark, getValidate()Z >"
"< Application, Lavrora/sim/platform/ExternalFlash, access$500(Lavrora/sim/platform/ExternalFlash;)D >"
"< Application, Lavrora/syntax/atmel/AtmelParserConstants, <clinit>()V >"
"< Application, Lavrora/arch/avr/AVRDisassembler, readop_12(Lavrora/arch/avr/AVRDisassembler;)I >"
"< Application, Lavrora/sim/platform/sensors/LightSensor, access$000(Lavrora/sim/platform/sensors/LightSensor;)I >"
"< Application, Lcck/text/StringUtil, readDecimalString(Ljava/text/CharacterIterator;I)Ljava/lang/String; >"
"< Application, Lavrora/arch/legacy/LegacyInstr, IMM6(II)I >"
"< Application, Lcck/text/StringUtil, isHex(Ljava/lang/String;)Z >"
"< Application, Lavrora/arch/legacy/LegacyInstr, access$100(Lavrora/arch/legacy/LegacyOperand;)Lavrora/arch/legacy/LegacyRegister; >"
"< Application, Lavrora/arch/avr/AVRSymbol, get_HGPR(Ljava/lang/String;)Lavrora/arch/avr/AVRSymbol$HGPR; >"
"< Application, Lavrora/sim/platform/ExternalFlash, access$1320(Lavrora/sim/platform/ExternalFlash;I)I >"
"< Application, Lavrora/arch/avr/AVRDisassembler, readop_1(Lavrora/arch/avr/AVRDisassembler;)I >"
"< Application, Lavrora/sim/mcu/ATMega128, <clinit>()V >"
"< Application, Lcck/text/StringUtil, stringReplace(Ljava/lang/String;Ljava/util/Properties;[Ljava/lang/Object;)Ljava/lang/String; >"
"< Application, Lavrora/sim/radio/CC2420Radio, <clinit>()V >"
"< Application, Lavrora/sim/FiniteStateMachine, setCircularTTM([[I[I[I)[[I >"
"< Application, Lcck/text/StringUtil, hexValueOf(C)I >"
"< Application, Lavrora/arch/avr/AVRSymbol$HGPR, newHGPR(Ljava/lang/String;II)Lavrora/arch/avr/AVRSymbol$HGPR; >"
"< Application, Lavrora/sim/radio/LossyModel, getGaussian(DD)D >"
"< Application, Lcck/stat/StatUtil, percent(JJ)D >"
"< Application, Lavrora/syntax/objdump/ObjDumpParserTokenManager, <clinit>()V >"
"< Application, Lcck/stat/StatUtil, percent(DD)D >"
"< Application, Lavrora/sim/platform/ExternalFlash, access$1400(Lavrora/sim/platform/ExternalFlash;)S >"
"< Application, Lcck/text/StringUtil, stringReplace(Ljava/lang/String;Ljava/util/Properties;[Ljava/lang/String;)Ljava/lang/String; >"
"< Application, Lcck/text/StringUtil, justify(ZLjava/lang/String;I)Ljava/lang/String; >"
"< Application, Lavrora/actions/SimAction, getLocationList(Lavrora/core/Program;Ljava/util/List;)Ljava/util/List; >"
"< Application, Lavrora/sim/radio/Medium$Receiver$Ticker, <clinit>()V >"
"< Application, Lavrora/arch/avr/AVRDisassembler, readop_16(Lavrora/arch/avr/AVRDisassembler;)I >"
"< Application, Lorg/dacapo/parser/Token, newToken(I)Lorg/dacapo/parser/Token; >"
"< Application, Lavrora/arch/avr/AVRSymbol$MGPR, newMGPR(Ljava/lang/String;II)Lavrora/arch/avr/AVRSymbol$MGPR; >"
"< Application, Lorg/apache/commons/cli/TypeHandler, createFiles(Ljava/lang/String;)[Ljava/io/File; >"
"< Application, Lorg/dacapo/harness/LatexDescriptions, main([Ljava/lang/String;)V >"
"< Application, Lavrora/sim/platform/ExternalFlash, access$502(Lavrora/sim/platform/ExternalFlash;D)D >"
"< Application, Lavrora/stack/AbstractArithmetic, couldBeEqual(CC)C >"
"< Application, Lorg/dacapo/parser/ConfigFile, main([Ljava/lang/String;)V >"
"< Application, Lavrora/arch/avr/AVRDisassembler, readop_3(Lavrora/arch/avr/AVRDisassembler;)I >"
"< Application, Lavrora/sim/platform/ExternalFlash, access$000(Lavrora/sim/platform/ExternalFlash;Ljava/lang/String;)V >"
"< Application, Lavrora/sim/radio/noise, sizeNoise()I >"
"< Application, Lavrora/sim/types/SensorSimulation, access$000(Lavrora/sim/types/SensorSimulation;)Lavrora/sim/clock/Synchronizer; >"
"< Application, Lavrora/arch/msp430/MSP430Disassembler, readop_4(Lavrora/arch/msp430/MSP430Disassembler;)I >"
"< Application, Lavrora/sim/platform/LED, access$000()[Ljava/lang/String; >"
"< Application, Lavrora/arch/legacy/LegacyInstr, PADDR(II)I >"
"< Application, Lorg/dacapo/harness/ChordHarness, <clinit>()V >"
"< Application, Lavrora/arch/legacy/LegacyInstr$ELPMPI, <clinit>()V >"
"< Application, Lavrora/gui/AvroraGui, initLookAndFeel()V >"
"< Application, Lavrora/arch/legacy/LegacyInstr$BRHS, <clinit>()V >"
"< Application, Lavrora/Main, printHelp([Ljava/lang/String;)V >"
"< Application, Lavrora/arch/legacy/LegacyInstr$BRTC, <clinit>()V >"
"< Application, Lavrora/sim/FiniteStateMachine, fireBefore(Lavrora/sim/util/MulticastFSMProbe;II)V >"
"< Application, Lavrora/arch/legacy/LegacyInstr, access$2100(II)I >"
"< Application, Lcck/text/StringUtil, baseFileName(Ljava/lang/String;)Ljava/lang/String; >"
"< Application, Lorg/dacapo/harness/CommandLineArgs, extractBenchmarkSet()Ljava/util/List; >"
"< Application, Lcck/util/TimeUtil, milliToSecs(J)Ljava/lang/String; >"
"< Application, Lavrora/arch/msp430/MSP430Disassembler, access$100(Lavrora/arch/msp430/MSP430Disassembler;)I >"
"< Application, Lavrora/monitors/BreakMonitor$Mon, access$000(Lavrora/monitors/BreakMonitor$Mon;)Lavrora/core/SourceMapping; >"
"< Application, Lavrora/arch/legacy/LegacyInstr$CLR, <clinit>()V >"
"< Application, Lcck/util/Arithmetic, uword(BB)C >"
"< Application, Lavrora/arch/legacy/LegacyInstr$BREQ, <clinit>()V >"
"< Application, Lavrora/sim/state/RegisterUtil, stackedView(Lavrora/sim/state/RegisterView;Lavrora/sim/state/RegisterView;)Lavrora/sim/state/RegisterView; >"
"< Application, Lavrora/sim/platform/sensors/ReplaySensorData, access$100(Lavrora/sim/platform/sensors/ReplaySensorData;)V >"
"< Application, Lavrora/syntax/objdump/ObjDumpParser, <clinit>()V >"
"< Application, Lorg/apache/commons/cli/OptionValidator, isValidChar(C)Z >"
"< Application, Lcck/util/TimeUtil, cyclesToSeconds(JD)D >"
"< Application, Lavrora/arch/legacy/LegacyInterpreter, low(I)B >"
"< Application, Lavrora/arch/legacy/LegacyInstr, access$3200()Lavrora/arch/legacy/LegacyRegister; >"
"< Application, Lavrora/sim/platform/ExternalFlash, access$1608(Lavrora/sim/platform/ExternalFlash;)B >"
"< Application, Lavrora/sim/radio/CC2420Radio, SecurityRAMName(I)Ljava/lang/String; >"
"< Application, Lcck/text/StringUtil, expectKeyword(Ljava/text/CharacterIterator;Ljava/lang/String;)V >"
"< Application, Lavrora/sim/state/RegisterUtil, bitView(Lavrora/sim/state/RegisterView;I)Lavrora/sim/state/RegisterView; >"
"< Application, Lavrora/arch/msp430/MSP430InstrBuilder, add(Ljava/lang/String;Lavrora/arch/msp430/MSP430InstrBuilder;)Lavrora/arch/msp430/MSP430InstrBuilder; >"
"< Application, Lavrora/monitors/EnergyProfiler$Monitor, access$100(Lavrora/monitors/EnergyProfiler$Monitor;)J >"
"< Application, Lavrora/sim/platform/ExternalFlash, access$2002(Lavrora/sim/platform/ExternalFlash;I)I >"
"< Application, Lavrora/sim/platform/ExternalFlash, access$1700(Lavrora/sim/platform/ExternalFlash;)Z >"
"< Application, Lcck/text/StringUtil, getProperty(Ljava/lang/StringBuffer;Ljava/util/Properties;)Ljava/lang/String; >"
"< Application, Lcck/util/Arithmetic, roundup(II)I >"
"< Application, Lcck/util/Arithmetic, min(II)I >"
"< Application, Lavrora/Version, main([Ljava/lang/String;)V >"
"< Application, Lcck/stat/TimeSequence, <clinit>()V >"
"< Application, Lavrora/arch/legacy/LegacyInstr$SEH, <clinit>()V >"
"< Application, Lavrora/sim/platform/ExternalFlash, access$300(Lavrora/sim/platform/ExternalFlash;)I >"
"< Application, Lavrora/arch/legacy/LegacyInstr, access$400()Lavrora/arch/legacy/LegacyRegister; >"
"< Application, Lavrora/stack/StatePrinter, printStateName(Lavrora/stack/StateCache$State;)V >"
"< Application, Lavrora/stack/AbstractArithmetic, knownBitsOf(C)B >"
"< Application, Lavrora/sim/mcu/ADC, <clinit>()V >"
"< Application, Lcck/stat/StatUtil, sum(Lcck/stat/Sequence;)J >"
"< Application, Lavrora/arch/msp430/MSP430Disassembler, access$002(Lavrora/arch/msp430/MSP430Disassembler;I)I >"
"< Application, Lcck/text/CharUtil, binValueOf(C)I >"
"< Application, Lorg/dacapo/harness/ChordHarness, main([Ljava/lang/String;)V >"
"< Application, Lcck/help/HelpSystem, addCategory(Ljava/lang/String;Lcck/help/HelpCategory;)V >"
"< Application, Lavrora/arch/legacy/LegacyInstr$CLT, <clinit>()V >"
"< Application, Lavrora/sim/radio/Medium$TXRX, <clinit>()V >"
"< Application, Lcck/text/StringUtil, formatParagraphs(Ljava/lang/String;III)Ljava/lang/String; >"
"< Application, Lavrora/arch/legacy/LegacyInstr$ORI, <clinit>()V >"
"< Application, Lavrora/monitors/EnergyProfiler$Monitor, access$000(Lavrora/monitors/EnergyProfiler$Monitor;)Lavrora/sim/Simulator; >"
"< Application, Lorg/dacapo/harness/TestHarness, main([Ljava/lang/String;)V >"
"< Application, Lavrora/gui/GUIDefaults, <clinit>()V >"
"< Application, Lcck/util/Arithmetic, getBit(JI)Z >"
"< Application, Lavrora/sim/radio/Medium, getCorruptedBits(C)B >"
"< Application, Lcck/text/StringUtil, replaceVarQuote(IILjava/lang/String;Ljava/lang/StringBuffer;Ljava/util/Properties;)I >"
"< Application, Lavrora/syntax/atmel/TokenMgrError, addEscapes(Ljava/lang/String;)Ljava/lang/String; >"
"< Application, Lavrora/stack/AbstractArithmetic, getBit(CI)C >"
"< Application, Lavrora/stack/isea/ISEValue, toString(B)Ljava/lang/String; >"
"< Application, Lorg/dacapo/parser/ConfigFile, unQuote(Lorg/dacapo/parser/Token;)Ljava/lang/String; >"
"< Application, Lavrora/sim/platform/ExternalFlash, access$400(Lavrora/sim/platform/ExternalFlash;I)V >"
"< Application, Lavrora/arch/legacy/LegacyInstr, access$700()I >"
"< Application, Lavrora/arch/legacy/LegacyDisassembler, <clinit>()V >"
"< Application, Lavrora/sim/types/SensorSimulation, access$200(Lavrora/sim/types/SensorSimulation;)Lavrora/sim/clock/Synchronizer; >"
"< Application, Lcck/test/TestEngine, <clinit>()V >"
"< Application, Lavrora/arch/legacy/LegacyInstrSet, <clinit>()V >"
"< Application, Lavrora/arch/legacy/LegacyInstr, access$2900(ILavrora/arch/legacy/LegacyRegister;)Lavrora/arch/legacy/LegacyRegister; >"
"< Application, Lavrora/sim/platform/ExternalFlash, access$1800(Lavrora/sim/platform/ExternalFlash;)Z >"
"< Application, Lcck/elf/ELFLoader, readELFHeader(Ljava/io/RandomAccessFile;)Lcck/elf/ELFHeader; >"
"< Application, Lavrora/arch/legacy/LegacyInstr$LDI, <clinit>()V >"
"< Application, Lavrora/arch/legacy/LegacyInstr$FMUL, <clinit>()V >"
"< Application, Lorg/apache/commons/cli/OptionBuilder, hasArg(Z)Lorg/apache/commons/cli/OptionBuilder; >"
"< Application, Lcck/text/CharUtil, isHexDigit(C)Z >"
"< Application, Lavrora/arch/legacy/LegacyInstr$ROL, <clinit>()V >"
"< Application, Lavrora/Main, loadProgram([Ljava/lang/String;)Lavrora/core/Program; >"
"< Application, Lavrora/arch/legacy/LegacyInstr$CLN, <clinit>()V >"
"< Application, Lcck/text/StringUtil, getStringChars(Ljava/lang/String;)[C >"
"< Application, Lavrora/Defaults, getAction(Ljava/lang/String;)Lavrora/actions/Action; >"
"< Application, Lavrora/arch/legacy/LegacyInstr$CPI, <clinit>()V >"
"< Application, Lavrora/arch/legacy/LegacyInstr$SBRS, <clinit>()V >"
"< Application, Lavrora/stack/isea/ISEValue, merge(BB)B >"
"< Application, Lavrora/sim/util/SimUtil, toIDTimeString(ILavrora/sim/clock/Clock;)Ljava/lang/String; >"
"< Application, Lavrora/gui/TimeScale, access$000(J)D >"
"< Application, Lorg/apache/commons/cli/OptionBuilder, hasOptionalArgs()Lorg/apache/commons/cli/OptionBuilder; >"
"< Application, Lavrora/arch/legacy/LegacyInstr, access$2200()Lavrora/arch/legacy/LegacyRegister; >"
"< Application, Lorg/dacapo/harness/LatexDescriptions, print([Ljava/lang/String;Ljava/lang/String;)V >"
"< Application, Lavrora/gui/TimeScale, getCycles(J)D >"
"< Application, Lorg/dacapo/harness/Callback$Mode, values()[Lorg/dacapo/harness/Callback$Mode; >"
"< Application, Lavrora/arch/legacy/LegacyInstr, access$800(ILavrora/arch/legacy/LegacyRegister;)Lavrora/arch/legacy/LegacyRegister; >"
"< Application, Lorg/dacapo/harness/TestHarness, getBuildVersion()Ljava/lang/String; >"
"< Application, Lavrora/arch/legacy/LegacyInstr, access$2500(ILavrora/arch/legacy/LegacyRegister;)Lavrora/arch/legacy/LegacyRegister; >"
"< Application, Lorg/apache/commons/cli/OptionValidator, validateOption(Ljava/lang/String;)V >"
"< Application, Lavrora/sim/util/SimUtil, writeError(Lavrora/sim/Simulator;Ljava/lang/String;IB)V >"
"< Application, Lcck/text/CharUtil, toLowerHexChar(I)C >"
"< Application, Lavrora/stack/AbstractArithmetic, maskOf(C)C >"
"< Application, Lavrora/arch/legacy/LegacyInstr, IMM(Lavrora/arch/legacy/LegacyOperand;)I >"
"< Application, Lcck/text/Terminal, println(ILjava/lang/String;)V >"
"< Application, Lorg/dacapo/harness/Benchmark, fileFromInputStream(Ljava/io/InputStream;Ljava/io/File;)V >"
"< Application, Lavrora/stack/AbstractArithmetic, bitToChar(C)C >"
"< Application, Lavrora/arch/legacy/LegacyInstr$STPI, <clinit>()V >"
"< Application, Lcck/elf/ELFIdentifier, <clinit>()V >"
"< Application, Lcck/util/Arithmetic, getBit(II)Z >"
"< Application, Lcck/text/StringUtil, invalidCharLiteral(Ljava/lang/String;)Ljava/lang/IllegalArgumentException; >"
"< Application, Lavrora/sim/platform/ExternalFlash, <clinit>()V >"
"< Application, Lavrora/Defaults, getMainCategories()Ljava/util/List; >"
"< Application, Lavrora/arch/legacy/LegacyInstr$LPM, <clinit>()V >"
"< Application, Lavrora/arch/legacy/LegacyInstr$EICALL, <clinit>()V >"
"< Application, Lcck/util/Util, unimplemented()Lcck/util/Util$InternalError; >"
"< Application, Lavrora/arch/legacy/LegacyInstr$RET, <clinit>()V >"
"< Application, Lavrora/sim/mcu/ATMega88, <clinit>()V >"
"< Application, Lavrora/arch/legacy/LegacyInstr$POP, <clinit>()V >"
"< Application, Lavrora/test/sim/SimTestHarness, class$(Ljava/lang/String;)Ljava/lang/Class; >"
"< Application, Lcck/text/Status, success()V >"
"< Application, Lcck/text/TermUtil, printSeparator()V >"
"< Application, Lavrora/sim/platform/PinConnect, <clinit>()V >"
"< Application, Lavrora/arch/legacy/LegacyInstr$BSET, <clinit>()V >"
"< Application, Lavrora/sim/mcu/ReprogrammableCodeSegment, access$1000(Lavrora/sim/mcu/ReprogrammableCodeSegment;ILavrora/arch/legacy/LegacyInstr;)V >"
"< Application, Lavrora/arch/legacy/LegacyInstr, access$1300(II)I >"
"< Application, Lavrora/sim/radio/CC2420Radio, strobeName(I)Ljava/lang/String; >"
"< Application, Lorg/dacapo/harness/Benchmark, byteCount(Ljava/lang/String;)J >"
"< Application, Lavrora/stack/isea/ISEState, <clinit>()V >"
"< Application, Lavrora/sim/platform/ExternalFlash, access$1200(Lavrora/sim/platform/ExternalFlash;)Lavrora/sim/platform/ExternalFlash$Page; >"
"< Application, Lavrora/Defaults, getSimulation(Ljava/lang/String;)Lavrora/sim/Simulation; >"
"< Application, Lcck/text/StringUtil, toHex(Ljava/lang/StringBuffer;JI)V >"
"< Application, Lavrora/stack/Analyzer$ContextSensitivePolicy, access$200(Lavrora/stack/Analyzer$ContextSensitivePolicy;Lavrora/stack/StateCache$State;ILavrora/stack/MutableState;)V >"
"< Application, Lavrora/arch/avr/AVRSymbol$YZ, <clinit>()V >"
"< Application, Lorg/apache/commons/cli/TypeHandler, createNumber(Ljava/lang/String;)Ljava/lang/Number; >"
"< Application, Lavrora/sim/FiniteStateMachine, fireAfter(Lavrora/sim/util/MulticastFSMProbe;II)V >"
"< Application, Lorg/dacapo/harness/TestHarness, rmdir(Ljava/io/File;)V >"
"< Application, Lavrora/arch/legacy/LegacyInstr, access$1200(ILavrora/arch/legacy/LegacyRegister;)Lavrora/arch/legacy/LegacyRegister; >"
"< Application, Lcck/text/Verbose, getVerbosePrinter(Ljava/lang/String;)Lcck/text/Verbose$Printer; >"
"< Application, Lavrora/sim/platform/ExternalFlash, access$1702(Lavrora/sim/platform/ExternalFlash;Z)Z >"
"< Application, Lorg/dacapo/harness/CommandLineArgs$Methodology, <clinit>()V >"
"< Application, Lavrora/stack/AbstractArithmetic, bitsOf(C)C >"
"< Application, Lavrora/sim/types/SensorSimulation, access$100(Lavrora/sim/types/SensorSimulation;)Lavrora/sim/clock/Synchronizer; >"
"< Application, Lavrora/sim/platform/ExternalFlash, access$1920(Lavrora/sim/platform/ExternalFlash;I)I >"
"< Application, Lorg/dacapo/harness/Benchmark, fileIn(Ljava/io/File;Ljava/lang/String;)Ljava/lang/String; >"
"< Application, Lavrora/arch/legacy/LegacyInstr$SEC, <clinit>()V >"
"< Application, Lavrora/arch/legacy/LegacyInstr$BRLT, <clinit>()V >"
"< Application, Lavrora/arch/legacy/LegacyInstr$SUB, <clinit>()V >"
"< Application, Lorg/apache/commons/cli/PatternOptionBuilder, getValueClass(C)Ljava/lang/Object; >"
"< Application, Lavrora/stack/StateCache, access$008(Lavrora/stack/StateCache;)J >"
"< Application, Lorg/dacapo/harness/CommandLineArgs, printUsage()V >"
"< Application, Lcck/text/Printer, <clinit>()V >"
"< Application, Lcck/util/Arithmetic, ulow(C)C >"
"< Application, Lavrora/syntax/objdump/ObjDumpReformatter, append(Ljava/lang/StringBuffer;Ljava/lang/Object;Ljava/lang/Object;)V >"
"< Application, Lcck/util/Arithmetic, high(S)B >"
"< Application, Lorg/dacapo/harness/FileDigest, getBinary(Ljava/io/File;)[B >"
"< Application, Lorg/dacapo/harness/TestHarness, exists(Ljava/lang/String;)Z >"
"< Application, Lorg/dacapo/harness/Benchmark, extractFileResource(Ljava/lang/String;Ljava/io/File;)V >"
"< Application, Lavrora/arch/legacy/LegacyInstr, access$3000()I >"
"< Application, Lavrora/sim/platform/ExternalFlash, access$2402(Lavrora/sim/platform/ExternalFlash;Z)Z >"
"< Application, Lcck/text/Columnifier, <clinit>()V >"
"< Application, Lavrora/syntax/objdump/TokenMgrError, LexicalError(ZIIILjava/lang/String;C)Ljava/lang/String; >"
"< Application, Lavrora/core/ControlFlowGraph, <clinit>()V >"
"< Application, Lavrora/sim/platform/PinWire$WireOutput, access$500(Lavrora/sim/platform/PinWire$WireOutput;)Lavrora/sim/platform/PinWire; >"
"< Application, Lavrora/sim/radio/CC2420Radio, createMedium(Lavrora/sim/clock/Synchronizer;Lavrora/sim/radio/Medium$Arbitrator;)Lavrora/sim/radio/Medium; >"
"< Application, Lorg/dacapo/parser/Config, parse(Ljava/lang/String;)Lorg/dacapo/parser/Config; >"
"< Application, Lorg/dacapo/harness/ChordHarness, coeff_of_var([J)D >"
"< Application, Lavrora/sim/platform/PinWire, access$000()[Ljava/lang/String; >"
"< Application, Lorg/apache/commons/cli/OptionBuilder, create()Lorg/apache/commons/cli/Option; >"
"< Application, Lavrora/stack/StatePrinter, printState(Ljava/lang/String;Lavrora/stack/StateCache$State;)V >"
"< Application, Lorg/dacapo/harness/Benchmark, getValidateOutput()Z >"
"< Application, Lavrora/sim/clock/RippleSynchronizer, class$(Ljava/lang/String;)Ljava/lang/Class; >"
"< Application, Lavrora/sim/platform/PinWire, access$200(Lavrora/sim/platform/PinWire;)I >"
"< Application, Lavrora/monitors/TraceMonitor$Mon, access$000(Lavrora/monitors/TraceMonitor$Mon;Lavrora/sim/State;Lavrora/arch/AbstractInstr;)V >"
"< Application, Lavrora/arch/legacy/LegacyInstr$BRHC, <clinit>()V >"
"< Application, Lavrora/sim/platform/ExternalFlash, access$1602(Lavrora/sim/platform/ExternalFlash;B)B >"
"< Application, Lcck/text/StringUtil, space(Ljava/lang/StringBuffer;I)V >"
"< Application, Lavrora/sim/radio/RadioEnergy, <clinit>()V >"
"< Application, Lavrora/arch/legacy/LegacyInstr$LSR, <clinit>()V >"
"< Application, Lavrora/arch/legacy/LegacyInstr, access$1900(II)I >"
"< Application, Lavrora/Defaults, addInputFormats()V >"
"< Application, Lavrora/arch/legacy/LegacyInstr$CBR, <clinit>()V >"
"< Application, Lavrora/sim/mcu/ATMegaClassic, <clinit>()V >"
"< Application, Lavrora/syntax/atmel/AtmelParser, jj_la1_1()V >"
"< Application, Lavrora/sim/mcu/ATMega32, <clinit>()V >"
"< Application, Lavrora/arch/legacy/LegacyInstr$BLD, <clinit>()V >"
"< Application, Lavrora/stack/AbstractArithmetic, canon(CC)C >"
"< Application, Lavrora/arch/legacy/LegacyInstr$SBI, <clinit>()V >"
"< Application, Lavrora/sim/state/Complex, abs(Lavrora/sim/state/Complex;)D >"
"< Application, Lorg/dacapo/harness/ChordHarness, exists(Ljava/io/File;)Z >"
"< Application, Lavrora/arch/msp430/MSP430Interpreter, <clinit>()V >"
"< Application, Lorg/apache/commons/cli/OptionBuilder, create(C)Lorg/apache/commons/cli/Option; >"
"< Application, Lcck/text/Terminal, outputColor(ILjava/lang/String;)V >"
"< Application, Lavrora/arch/avr/AVRState, map_set([BII)V >"
"< Application, Lavrora/stack/AbstractArithmetic, floor(C)I >"
"< Application, Lavrora/stack/Analyzer, access$100(Lavrora/stack/Analyzer;)V >"
"< Application, Lcck/text/StringUtil, readHexValue(Ljava/text/CharacterIterator;I)I >"
"< Application, Lavrora/arch/ArchitectureRegistry, getArchitecture(Ljava/lang/String;)Lavrora/arch/AbstractArchitecture; >"
"< Application, Lorg/apache/commons/cli/OptionBuilder, isRequired()Lorg/apache/commons/cli/OptionBuilder; >"
"< Application, Lavrora/arch/avr/AVRInstrBuilder, <clinit>()V >"
"< Application, Lavrora/arch/legacy/LegacyInstr$TST, <clinit>()V >"
"< Application, Lavrora/stack/AbstractArithmetic, knownVal(B)C >"
"< Application, Lavrora/arch/legacy/LegacyInstr$STPD, <clinit>()V >"
"< Application, Lavrora/stack/AbstractArithmetic, commonMask(CCC)C >"
"< Application, Lorg/dacapo/harness/CommandLineArgs$Methodology, valueOf(Ljava/lang/String;)Lorg/dacapo/harness/CommandLineArgs$Methodology; >"
"< Application, Lcck/text/StringUtil, stringReplace(Ljava/lang/String;Ljava/util/Properties;Ljava/lang/Object;Ljava/lang/Object;Ljava/lang/Object;)Ljava/lang/String; >"
"< Application, Lcck/text/Terminal, printBlue(Ljava/lang/String;)V >"
"< Application, Lavrora/arch/msp430/MSP430Symbol$GPR, access$000()Ljava/util/HashMap; >"
"< Application, Lcck/text/StringUtil, stringReplace(Ljava/lang/String;Ljava/util/Properties;Ljava/lang/Object;Ljava/lang/Object;)Ljava/lang/String; >"
"< Application, Lavrora/stack/AbstractArithmetic, commonMask(CC)C >"
"< Application, Lavrora/arch/legacy/LegacyInstr$SEZ, <clinit>()V >"
"< Application, Lavrora/gui/TimeScale, <clinit>()V >"
"< Application, Lavrora/Defaults, newSimulator(ILjava/lang/String;JJLavrora/core/Program;)Lavrora/sim/Simulator; >"
"< Application, Lavrora/syntax/Module, align(II)I >"
"< Application, Lcck/util/Arithmetic, uhigh(S)C >"
"< Application, Lavrora/arch/msp430/mcu/F1611, initProps()Lavrora/arch/msp430/MSP430Properties; >"
"< Application, Lcck/util/Arithmetic, inc([J[II)V >"
"< Application, Lavrora/arch/legacy/LegacyInstr$SBR, <clinit>()V >"
"< Application, Lavrora/monitors/CallStack, makeEntry(BII)J >"
"< Application, Lavrora/sim/mcu/Timer8Bit, access$100(Lavrora/sim/mcu/Timer8Bit;Lavrora/sim/Simulator$Event;I)V >"
"< Application, Lorg/dacapo/parser/ParseException, add_escapes(Ljava/lang/String;)Ljava/lang/String; >"
"< Application, Lorg/dacapo/parser/ConfigFile, <clinit>()V >"
"< Application, Lavrora/stack/StateCache$Set, access$100(Lavrora/stack/StateCache$Set;)Lavrora/stack/StateCache$State; >"
"< Application, Lorg/dacapo/harness/Callback$1, <clinit>()V >"
"< Application, Lavrora/arch/legacy/LegacyInstr, IMM5(II)I >"
"< Application, Lavrora/arch/legacy/LegacyInstr, IMM8(II)I >"
"< Application, Lavrora/arch/legacy/LegacyInterpreter, bit(Z)B >"
"< Application, Lavrora/sim/mcu/SPI$SPDReg, access$100(Lavrora/sim/mcu/SPI$SPDReg;)Lavrora/sim/mcu/SPI; >"
"< Application, Lavrora/arch/avr/AVRDisassembler, readop_9(Lavrora/arch/avr/AVRDisassembler;)I >"
"< Application, Lorg/dacapo/parser/Config, setThreadCountOverride(I)V >"
"< Application, Lavrora/sim/platform/ExternalFlash, access$1600(Lavrora/sim/platform/ExternalFlash;)B >"
"< Application, Lavrora/arch/legacy/LegacyInstr$SBIW, <clinit>()V >"
"< Application, Lavrora/sim/platform/ExternalFlash, access$700(Lavrora/sim/platform/ExternalFlash;I)V >"
"< Application, Lcck/text/TermUtil, printSeparator(ILjava/lang/String;)V >"
"< Application, Lcck/util/Util, unexpected(Ljava/lang/Throwable;)Lcck/util/Util$Unexpected; >"
"< Application, Lavrora/test/probes/ProbeParser, <clinit>()V >"
"< Application, Lavrora/gui/AvroraGui, access$000(Lavrora/gui/AvroraGui;)Lavrora/gui/MonitorPanel; >"
"< Application, Lavrora/arch/legacy/LegacyInstr$SET, <clinit>()V >"
"< Application, Lorg/dacapo/harness/TestHarness, makeCleanScratch(Ljava/io/File;)V >"
"< Application, Lavrora/sim/mcu/ATMegaClassic, class$(Ljava/lang/String;)Ljava/lang/Class; >"
"< Application, Lcck/util/Util, verifyFileExists(Ljava/lang/String;)Z >"
"< Application, Lcck/text/Verbose, <clinit>()V >"
"< Application, Lavrora/sim/clock/RippleSynchronizer, access$000(Lavrora/sim/clock/RippleSynchronizer;JLavrora/sim/clock/RippleSynchronizer$WaitLink;)Lavrora/sim/clock/RippleSynchronizer$WaitLink; >"
"< Application, Lavrora/arch/legacy/LegacyInstr$CP, <clinit>()V >"
"< Application, Lorg/dacapo/harness/ChordHarness, twoDecimalPlaces()Ljava/text/DecimalFormat; >"
"< Application, Lorg/apache/commons/cli/OptionBuilder, hasArgs(I)Lorg/apache/commons/cli/OptionBuilder; >"
"< Application, Lcck/text/StringUtil, toBit(Z)C >"
"< Application, Lcck/util/Arithmetic, getSingleInverseBitMask(I)I >"
"< Application, Lcck/text/StringUtil, leftJustify(FI)Ljava/lang/String; >"
"< Application, Lorg/apache/commons/cli/MissingOptionException, createMessage(Ljava/util/List;)Ljava/lang/String; >"
"< Application, Lavrora/sim/AtmelInterpreter, access$000(Lavrora/sim/AtmelInterpreter;ZI)B >"
"< Application, Lorg/apache/commons/cli/TypeHandler, createObject(Ljava/lang/String;)Ljava/lang/Object; >"
"< Application, Lavrora/sim/state/RegisterUtil, permutedView(Lavrora/sim/state/RegisterView;[B)Lavrora/sim/state/RegisterView; >"
"< Application, Lavrora/Defaults, getPlatform(Ljava/lang/String;)Lavrora/sim/platform/PlatformFactory; >"
"< Application, Lavrora/gui/GUIDefaults, getMonitor(Ljava/lang/String;)Lavrora/sim/Simulation$Monitor; >"
"< Application, Lavrora/stack/AbstractArithmetic, couldBeZero(CC)C >"
"< Application, Lcck/help/HelpSystem, <clinit>()V >"
"< Application, Lavrora/arch/avr/AVRState, map_set([Lavrora/sim/ActiveRegister;II)V >"
"< Application, Lcck/text/CharUtil, isOctDigit(C)Z >"
"< Application, Lcck/util/Util, verifyFilesExist([Ljava/lang/String;)Z >"
"< Application, Lcck/text/StringUtil, readIdentifier(Ljava/text/CharacterIterator;)Ljava/lang/String; >"
"< Application, Lavrora/sim/mcu/Timer16Bit$OutputCompareUnit, access$000(Lavrora/sim/mcu/Timer16Bit$OutputCompareUnit;)Lavrora/sim/mcu/Timer16Bit; >"
"< Application, Lavrora/sim/platform/SerialForwarder, access$000(Lavrora/sim/platform/SerialForwarder;)Ljava/io/InputStream; >"
"< Application, Lorg/dacapo/parser/Config$ThreadModel, <clinit>()V >"
"< Application, Lavrora/Defaults, addMicrocontrollers()V >"
"< Application, Lavrora/arch/legacy/LegacyInstr$SES, <clinit>()V >"
"< Application, Lavrora/arch/avr/AVRDisassembler, readop_2(Lavrora/arch/avr/AVRDisassembler;)I >"
"< Application, Lavrora/sim/radio/Medium$Receiver, access$000(Lavrora/sim/radio/Medium$Receiver;J)V >"
"< Application, Lavrora/syntax/objdump/ObjDumpParser, jj_la1_1()V >"
"< Application, Lcck/elf/ELFIdentifier, getArchitecture(I)Ljava/lang/String; >"
"< Application, Lavrora/stack/Analyzer, access$300(Lavrora/stack/Analyzer;Lavrora/stack/MutableState;Lavrora/stack/isea/ISEState;)V >"
"< Application, Lavrora/stack/AbstractArithmetic, toShortString(C)Ljava/lang/String; >"
"< Application, Lavrora/sim/mcu/ATMegaTimer, access$000(Lavrora/sim/mcu/ATMegaTimer;)[I >"
"< Application, Lorg/dacapo/harness/Benchmark, setCommandLineOptions(Lorg/dacapo/harness/CommandLineArgs;)V >"
"< Application, Lorg/dacapo/harness/CommandLineArgs, <clinit>()V >"
"< Application, Lorg/dacapo/parser/ConfigFile, unHex(Lorg/dacapo/parser/Token;)Ljava/lang/String; >"
"< Application, Lavrora/sim/mcu/ATMegaFamily, <clinit>()V >"
"< Application, Lavrora/arch/avr/AVRSymbol$GPR, access$000()Ljava/util/HashMap; >"
"< Application, Lavrora/arch/legacy/LegacyInstr, access$900(II)I >"
"< Application, Lavrora/arch/msp430/MSP430Architecture, <clinit>()V >"
"< Application, Lavrora/sim/platform/ExternalFlash, access$1312(Lavrora/sim/platform/ExternalFlash;I)I >"
"< Application, Lavrora/sim/mcu/ATMegaTimer$FixedTop, <clinit>()V >"
"< Application, Lavrora/sim/platform/ExternalFlash, access$1376(Lavrora/sim/platform/ExternalFlash;I)I >"
"< Application, Lavrora/Main, runAction()V >"
"< Application, Lavrora/arch/legacy/LegacyInstr, access$1400()I >"
"< Application, Lavrora/Main, buildHelpCategory()Lcck/help/HelpCategory; >"
"< Application, Lavrora/arch/legacy/LegacyInstr, access$1500(II)I >"
"< Application, Lavrora/sim/mcu/ATMega169, <clinit>()V >"
"< Application, Lcck/util/Util, unreachable()Lcck/util/Util$InternalError; >"
"< Application, Lavrora/arch/legacy/LegacyInstr, checkImm(IIII)I >"
"< Application, Lavrora/sim/mcu/ADC$ControlRegister, access$100(Lavrora/sim/mcu/ADC$ControlRegister;)I >"
"< Application, Lavrora/Defaults, addAll()V >"
"< Application, Lavrora/sim/mcu/SPI, access$000(Lavrora/sim/mcu/SPI;)V >"
"< Application, Lavrora/stack/Analyzer, traceEdge(ILavrora/stack/StateCache$State;Lavrora/stack/StateCache$State;I)V >"
"< Application, Lavrora/arch/legacy/LegacyInstr$SBIS, <clinit>()V >"
"< Application, Lavrora/arch/legacy/LegacyInstr$BRMI, <clinit>()V >"
"< Application, Lavrora/sim/platform/ExternalFlash, access$1500(Lavrora/sim/platform/ExternalFlash;)Z >"
"< Application, Lorg/dacapo/harness/Benchmark, getVerbose()Z >"
"< Application, Lavrora/stack/AbstractArithmetic, floor(CC)I >"
"< Application, Lcck/text/StringUtil, peekAndEat(Ljava/text/CharacterIterator;C)Z >"
"< Application, Lavrora/sim/mcu/ReprogrammableCodeSegment, access$000(Lavrora/sim/mcu/ReprogrammableCodeSegment;)Lavrora/sim/AtmelInterpreter; >"
"< Application, Lavrora/syntax/atmel/AtmelParser, jj_la1_2()V >"
"< Application, Lavrora/arch/avr/AVRDisassembler, make_root1()Lavrora/arch/avr/AVRDisassembler$DTNode; >"
"< Application, Lcck/elf/ELFIdentifier, getDescription(I)Ljava/lang/String; >"
"< Application, Lorg/dacapo/parser/Config, parse(Ljava/net/URL;)Lorg/dacapo/parser/Config; >"
"< Application, Lavrora/arch/legacy/LegacyInstr, need(I[Lavrora/arch/legacy/LegacyOperand;)V >"
"< Application, Lavrora/sim/mcu/ADC$ControlRegister, access$300(Lavrora/sim/mcu/ADC$ControlRegister;)V >"
"< Application, Lavrora/stack/AbstractArithmetic, xor(CC)C >"
"< Application, Lavrora/Main, checkFileExists(Ljava/lang/String;)V >"
"< Application, Lcck/util/Arithmetic, class$(Ljava/lang/String;)Ljava/lang/Class; >"
"< Application, Lavrora/stack/AbstractArithmetic, areEqual(CC)Z >"
"< Application, Lavrora/sim/platform/PinWire, access$402(Lavrora/sim/platform/PinWire;Z)Z >"
"< Application, Lavrora/stack/AbstractArithmetic, merge(BB)C >"
"< Application, Lcck/util/TimeUtil, millisToCycles(DD)J >"
"< Application, Lavrora/arch/msp430/MSP430InstrBuilder, checkValue(III)I >"
"< Application, Lavrora/sim/radio/Medium, class$(Ljava/lang/String;)Ljava/lang/Class; >"
"< Application, Lcck/util/Arithmetic, low(S)B >"
"< Application, Lcck/text/TermUtil, printSeparator(I)V >"
"< Application, Lavrora/arch/legacy/LegacyInstr$FMULSU, <clinit>()V >"
"< Application, Lavrora/sim/mcu/ATMega16, <clinit>()V >"
"< Application, Lavrora/arch/legacy/LegacyInstr, access$3100(II)I >"
"< Application, Lavrora/sim/radio/CC2420Radio, access$100(Lavrora/sim/radio/CC2420Radio;Z)V >"
"< Application, Lavrora/stack/AbstractState, <clinit>()V >"
"< Application, Lavrora/sim/platform/ExternalFlash, access$1300(Lavrora/sim/platform/ExternalFlash;)I >"
"< Application, Lavrora/arch/msp430/MSP430Symbol$GPR, <clinit>()V >"
"< Application, Lavrora/sim/types/SensorSimulation, <clinit>()V >"
"< Application, Lavrora/stack/AbstractArithmetic, areKnown(CC)Z >"
"< Application, Lcck/text/StringUtil, alpha(I)C >"
"< Application, Lcck/elf/ELFIdentifier, nm(ILjava/lang/String;Ljava/lang/String;)I >"
"< Application, Lavrora/sim/platform/ExternalFlash, access$2076(Lavrora/sim/platform/ExternalFlash;I)I >"
"< Application, Lavrora/sim/clock/RippleSynchronizer, <clinit>()V >"
"< Application, Lcck/util/Util, warning(Ljava/lang/String;)V >"
"< Application, Lcck/util/Arithmetic, bitCount(B)I >"
"< Application, Lcck/text/StringUtil, evaluateStringLiteral(Ljava/lang/String;)Ljava/lang/String; >"
"< Application, Lavrora/stack/Analyzer, access$400(Lavrora/stack/Analyzer;Lavrora/stack/StateCache$State;)V >"
"< Application, Lcck/util/Arithmetic, log(I)I >"
"< Application, Lavrora/arch/legacy/LegacyInstr$BRLO, <clinit>()V >"
"< Application, Lcck/util/Arithmetic, low(I)B >"
"< Application, Lavrora/syntax/objdump/ObjDumpParserConstants, <clinit>()V >"
"< Application, Lorg/apache/commons/cli/OptionBuilder, isRequired(Z)Lorg/apache/commons/cli/OptionBuilder; >"
"< Application, Lavrora/arch/legacy/LegacyInstr$RJMP, <clinit>()V >"
"< Application, Lavrora/arch/legacy/LegacyInstr, access$1100()I >"
"< Application, Lavrora/syntax/Expr, asBool(I)Z >"
"< Application, Lavrora/sim/mcu/ReprogrammableCodeSegment, access$100(Lavrora/sim/mcu/ReprogrammableCodeSegment;)Lavrora/sim/AtmelInterpreter; >"
"< Application, Lorg/dacapo/harness/TestHarness, exists(Ljava/io/File;)Z >"
"< Application, Lavrora/sim/mcu/USART$Transmitter, access$000(Lavrora/sim/mcu/USART$Transmitter;)Lavrora/sim/mcu/USART; >"
"< Application, Lcck/util/Arithmetic, lowestBit(J)I >"
"< Application, Lavrora/arch/avr/AVRSymbol, get_RDL(Ljava/lang/String;)Lavrora/arch/avr/AVRSymbol$RDL; >"
"< Application, Lcck/text/StringUtil, justify(ZJI)Ljava/lang/String; >"
"< Application, Lavrora/arch/legacy/LegacyInstr, REG(Lavrora/arch/legacy/LegacyOperand;)Lavrora/arch/legacy/LegacyRegister; >"
"< Application, Lavrora/sim/platform/ExternalFlash, access$302(Lavrora/sim/platform/ExternalFlash;I)I >"
"< Application, Lavrora/actions/CFGAction, <clinit>()V >"
"< Application, Lavrora/test/VirgilRunner, main([Ljava/lang/String;)V >"
"< Application, Lavrora/actions/ELFDumpAction, printSHT(Lcck/elf/ELFSectionHeaderTable;)V >"
"< Application, Lavrora/Defaults, getProgramReader(Ljava/lang/String;)Lavrora/core/ProgramReader; >"
"< Application, Lavrora/stack/Analyzer, access$600(Lavrora/stack/Analyzer;Lavrora/stack/StateTransitionGraph$Edge;)V >"
"< Application, Lavrora/arch/msp430/MSP430Disassembler, make_instr0()Lavrora/arch/msp430/MSP430Disassembler$DTNode; >"
"< Application, Lorg/dacapo/harness/DacapoClassLoader, create(Lorg/dacapo/parser/Config;Ljava/io/File;)Lorg/dacapo/harness/DacapoClassLoader; >"
"< Application, Lcck/text/StringUtil, expectChars(Ljava/text/CharacterIterator;Ljava/lang/String;)V >"
"< Application, Lavrora/stack/AbstractArithmetic, subtract(CC)C >"
"< Application, Lavrora/arch/legacy/LegacyInterpreter, uword(BB)I >"
"< Application, Lcck/text/CharUtil, toUpperHexChar(I)C >"
"< Application, Lorg/dacapo/harness/FileDigest, get(Ljava/lang/String;ZZLjava/io/File;)[B >"
"< Application, Lavrora/sim/radio/Medium$Transmission, <clinit>()V >"
"< Application, Lcck/text/Verbose, isVerbose(Ljava/lang/String;)Z >"
"< Application, Lavrora/sim/state/RegisterUtil, instrumentRegister(Lavrora/sim/output/SimPrinter;Lavrora/sim/state/Register;Ljava/lang/String;)V >"
"< Application, Lavrora/sim/mcu/Timer8Bit, access$000(Lavrora/sim/mcu/Timer8Bit;I)V >"
"< Application, Lcck/text/StringUtil, skipWhiteSpace(Ljava/text/CharacterIterator;)V >"
"< Application, Lavrora/monitors/VirgilMonitor$Mon, access$000(Lavrora/monitors/VirgilMonitor$Mon;)Lavrora/monitors/VirgilMonitor; >"
"< Application, Lavrora/arch/avr/AVRSymbol$RDL, access$600()Ljava/util/HashMap; >"
"< Application, Lavrora/arch/legacy/LegacyInstr$MULSU, <clinit>()V >"
"< Application, Lavrora/sim/FiniteStateMachine, newTTM(I)[[I >"
"< Application, Lavrora/syntax/Module, access$000(Lavrora/syntax/Module;)Lavrora/core/SourceMapping; >"
"< Application, Lavrora/sim/FiniteStateMachine, setDiagonal([[II)[[I >"
"< Application, Lavrora/arch/avr/AVRDisassembler, readop_8(Lavrora/arch/avr/AVRDisassembler;)I >"
"< Application, Lorg/dacapo/harness/TestHarness, getBuildNickName()Ljava/lang/String; >"
"< Application, Lavrora/sim/mcu/Timer16Bit, access$300(Lavrora/sim/mcu/Timer16Bit;I)V >"
"< Application, Lcck/elf/ELFProgramHeaderTable, getType(Lcck/elf/ELFProgramHeaderTable$Entry32;)Ljava/lang/String; >"
"< Application, Lavrora/arch/msp430/MSP430Symbol, get_GPR(Ljava/lang/String;)Lavrora/arch/msp430/MSP430Symbol$GPR; >"
"< Application, Lorg/dacapo/harness/CommandLineArgs, printBenchmarks()V >"
"< Application, Lavrora/arch/avr/AVRDisassembler, readop_4(Lavrora/arch/avr/AVRDisassembler;)I >"
"< Application, Lcck/util/Arithmetic, packBits(ZZZZZZZZ)B >"
"< Application, Lcck/test/TestEngine, report(Ljava/lang/String;[Ljava/util/List;II)V >"
"< Application, Lavrora/gui/ManageSimTime, makeSimButton(Ljava/lang/String;Ljava/lang/String;Ljava/lang/String;Ljava/lang/String;Lavrora/gui/AvroraGui;)Ljavax/swing/JButton; >"
"< Application, Lcck/text/StringUtil, isBin(Ljava/lang/String;)Z >"
"< Application, Lavrora/syntax/objdump/ObjDumpParser, jj_la1_0()V >"
"< Application, Lavrora/sim/platform/ExternalFlash, access$1000(Lavrora/sim/platform/ExternalFlash;I)Lavrora/sim/platform/ExternalFlash$Page; >"
"< Application, Lavrora/sim/output/SimPrinter, class$(Ljava/lang/String;)Ljava/lang/Class; >"
"< Application, Lavrora/arch/msp430/MSP430Disassembler, readop_3(Lavrora/arch/msp430/MSP430Disassembler;)I >"
"< Application, Lcck/stat/StatUtil, sum([J)J >"
"< Application, Lcck/text/StringUtil, embed(Ljava/lang/Object;Ljava/lang/Object;Ljava/lang/Object;Ljava/lang/Object;Ljava/lang/Object;)Ljava/lang/String; >"
"< Application, Lavrora/arch/legacy/LegacyInstr$BRGE, <clinit>()V >"
"< Application, Lavrora/arch/legacy/LegacyInstr$BRVS, <clinit>()V >"
"< Application, Lavrora/arch/legacy/LegacyInstr, access$000(I[Lavrora/arch/legacy/LegacyOperand;)V >"
"< Application, Lavrora/arch/avr/AVRSymbol$R0, newR0(Ljava/lang/String;II)Lavrora/arch/avr/AVRSymbol$R0; >"
"< Application, Lcck/text/Terminal, printGreen(Ljava/lang/String;)V >"
"< Application, Lcck/text/Terminal, print(ILjava/lang/String;)V >"
"< Application, Lavrora/stack/AbstractArithmetic, setBit(CIC)C >"
"< Application, Lcck/text/Terminal, printYellow(Ljava/lang/String;)V >"
"< Application, Lorg/dacapo/parser/Config$1, <clinit>()V >"
"< Application, Lavrora/sim/clock/DeltaQueue, access$100(Lavrora/sim/clock/DeltaQueue;Lavrora/sim/clock/DeltaQueue$EventList;)V >"
"< Application, Lavrora/sim/AtmelInterpreter, toSRAM(I)I >"
"< Application, Lcck/text/TermUtil, printThinSeparator(I)V >"
"< Application, Lavrora/sim/mcu/ReprogrammableCodeSegment, access$600(Lavrora/sim/mcu/ReprogrammableCodeSegment;ILavrora/arch/legacy/LegacyInstr;)V >"
"< Application, Lorg/dacapo/harness/Benchmark, lineCount(Ljava/lang/String;)I >"
"< Application, Lcck/text/Status, error(Ljava/lang/Throwable;)V >"
"< Application, Lorg/dacapo/parser/ConfigFileTokenManager, <clinit>()V >"
"< Application, Lcck/text/StringUtil, embed(Ljava/lang/Object;)Ljava/lang/String; >"
"< Application, Lavrora/arch/legacy/LegacyInstr$ST, <clinit>()V >"
"< Application, Lavrora/arch/avr/AVRSymbol$RDL, newRDL(Ljava/lang/String;II)Lavrora/arch/avr/AVRSymbol$RDL; >"
"< Application, Lavrora/Main, printFooter()V >"
"< Application, Lavrora/arch/avr/AVRSymbol$RZ, access$800()Ljava/util/HashMap; >"
"< Application, Lavrora/arch/legacy/LegacyInstr$SPM, <clinit>()V >"
"< Application, Lavrora/sim/mcu/AtmelMicrocontroller, addPin(Ljava/util/HashMap;ILjava/lang/String;Ljava/lang/String;)V >"
"< Application, Lcck/util/Arithmetic, word(BB)S >"
"< Application, Lavrora/sim/types/WiredSimulation, <clinit>()V >"
"< Application, Lavrora/arch/legacy/LegacyInstr$MOVW, <clinit>()V >"
"< Application, Lcck/util/Util, userError(Ljava/lang/String;Ljava/lang/String;)V >"
"< Application, Lcck/util/Arithmetic, max(II)I >"
"< Application, Lavrora/sim/platform/ExternalFlash, access$1802(Lavrora/sim/platform/ExternalFlash;Z)Z >"
"< Application, Lavrora/arch/legacy/LegacyInstr$LPMD, <clinit>()V >"
"< Application, Lavrora/stack/isea/ISEValue, asIORegister(B)I >"
"< Application, Lavrora/sim/util/SimUtil, readError(Lavrora/sim/Simulator;Ljava/lang/String;I)V >"
"< Application, Lavrora/monitors/TraceMonitor$Mon, access$100(Lavrora/monitors/TraceMonitor$Mon;Ljava/lang/String;)V >"
"< Application, Lcck/text/StringUtil, newBuffer(Ljava/lang/String;Ljava/lang/StringBuffer;Ljava/util/List;)Ljava/lang/StringBuffer; >"
"< Application, Lavrora/arch/legacy/LegacyInstr$SBC, <clinit>()V >"
"< Application, Lavrora/stack/StatePrinter, printStateLine(Lavrora/stack/StateCache$State;Ljava/lang/String;II)V >"
"< Application, Lcck/text/Terminal, printTriple(IIILjava/lang/String;Ljava/lang/String;Ljava/lang/String;Ljava/lang/String;Ljava/lang/String;)V >"
"< Application, Lorg/dacapo/harness/ChordHarness, getURL(Ljava/lang/String;)Ljava/net/URL; >"
"< Application, Lcck/text/StringUtil, getShortName(Ljava/lang/Class;)Ljava/lang/String; >"
"< Application, Lavrora/arch/legacy/LegacyInstr$CPC, <clinit>()V >"
"< Application, Lavrora/monitors/EnergyProfiler$Monitor, access$400(Lavrora/monitors/EnergyProfiler$Monitor;)Ljava/util/HashMap; >"
"< Application, Lavrora/arch/avr/AVRState, <clinit>()V >"
"< Application, Lavrora/sim/clock/SystemClock, <clinit>()V >"
"< Application, Lavrora/arch/legacy/LegacyInstr, ADR(ILavrora/arch/legacy/LegacyRegister;)Lavrora/arch/legacy/LegacyRegister; >"
"< Application, Lavrora/sim/types/SensorSimulation, access$400(Lavrora/sim/types/SensorSimulation;)Lavrora/sim/clock/Synchronizer; >"
"< Application, Lavrora/arch/legacy/LegacyInstr$ROR, <clinit>()V >"
"< Application, Lavrora/arch/legacy/LegacyInstr$CBI, <clinit>()V >"
"< Application, Lavrora/arch/avr/AVRDisassembler, readop_6(Lavrora/arch/avr/AVRDisassembler;)I >"
"< Application, Lavrora/Main, loadFile(Ljava/lang/String;)V >"
"< Application, Lavrora/core/ControlFlowGraph$Block, access$000(Lavrora/core/ControlFlowGraph$Block;)I >"
"< Application, Lavrora/arch/legacy/LegacyInstr$CLS, <clinit>()V >"
"< Application, Lcck/text/StringUtil, interval(II)Ljava/lang/String; >"
"< Application, Lavrora/arch/legacy/LegacyInstr$STS, <clinit>()V >"
"< Application, Lavrora/monitors/EnergyProfiler$Monitor, access$200(Lavrora/monitors/EnergyProfiler$Monitor;)Lavrora/monitors/EnergyProfiler$EnergyProfile; >"
"< Application, Lavrora/arch/avr/AVRDisassembler, access$100(II)I >"
"< Application, Lorg/dacapo/harness/Benchmark, unpackZipFile(Ljava/lang/String;Ljava/io/File;)V >"
"< Application, Lavrora/arch/ArchitectureRegistry, class$(Ljava/lang/String;)Ljava/lang/Class; >"
"< Application, Lavrora/arch/legacy/LegacyInstr, <clinit>()V >"
"< Application, Lavrora/arch/legacy/LegacyInstr$LDD, <clinit>()V >"
"< Application, Lavrora/syntax/Expr$Constant, evaluateLiteral(Ljava/lang/String;)I >"
"< Application, Lcck/util/Arithmetic, getBitField(III)I >"
"< Application, Lavrora/Main, title()V >"
"< Application, Lavrora/sim/platform/ExternalFlash, access$1302(Lavrora/sim/platform/ExternalFlash;I)I >"
"< Application, Lavrora/sim/mcu/Timer16Bit, access$200(Lavrora/sim/mcu/Timer16Bit;I)V >"
"< Application, Lavrora/sim/radio/Medium, access$402(I)I >"
"< Application, Lavrora/arch/legacy/LegacyInstr$BRNE, <clinit>()V >"
"< Application, Lorg/dacapo/harness/Benchmark, unpackZipStream(Ljava/io/BufferedInputStream;Ljava/io/File;)V >"
"< Application, Lavrora/sim/platform/ExternalFlash, access$100(Lavrora/sim/platform/ExternalFlash;)Z >"
"< Application, Lavrora/core/SourceMapping, <clinit>()V >"
"< Application, Lavrora/syntax/atmel/TokenMgrError, LexicalError(ZIIILjava/lang/String;C)Ljava/lang/String; >"
"< Application, Lavrora/actions/CFGAction, blockName(Lavrora/core/ControlFlowGraph$Block;)Ljava/lang/String; >"
"< Application, Lavrora/arch/legacy/LegacyInstr$ADIW, <clinit>()V >"
"< Application, Lorg/dacapo/parser/Config, parse(Ljava/io/InputStream;)Lorg/dacapo/parser/Config; >"
"< Application, Lorg/dacapo/parser/Config, parse(Ljava/io/File;)Lorg/dacapo/parser/Config; >"
"< Application, Lcck/text/StringUtil, toBin(JI)Ljava/lang/String; >"
"< Application, Lavrora/gui/VisualRadioMonitor, <clinit>()V >"
"< Application, Lavrora/sim/mcu/AtmelMicrocontroller, addInterrupt(Ljava/util/HashMap;Ljava/lang/String;I)V >"
"< Application, Lcck/help/HelpSystem, class$(Ljava/lang/String;)Ljava/lang/Class; >"
"< Application, Lavrora/arch/avr/AVRDisassembler, make_root0()Lavrora/arch/avr/AVRDisassembler$DTNode; >"
"< Application, Lavrora/Defaults, addSubCategories(Lcck/util/ClassMap;)V >"
"< Application, Lcck/util/Arithmetic, setBit(IIZ)I >"
"< Application, Lcck/util/TimeUtil, millisToDays(J)[J >"
"< Application, Lcck/text/StringUtil, qembed(Ljava/lang/String;Ljava/lang/String;Ljava/lang/String;)Ljava/lang/String; >"
"< Application, Lavrora/sim/util/SimUtil, toIDTimeString(Ljava/lang/StringBuffer;ILavrora/sim/clock/Clock;)V >"
"< Application, Lavrora/sim/util/SimUtil, getIDTimeString(Ljava/lang/StringBuffer;Lavrora/sim/Simulator;)V >"
"< Application, Lcck/util/Arithmetic, getBit(BI)Z >"
"< Application, Lavrora/sim/platform/ExternalFlash, access$1402(Lavrora/sim/platform/ExternalFlash;S)S >"
"< Application, Lcck/text/StringUtil, toHex(JI)Ljava/lang/String; >"
"< Application, Lcck/text/StringUtil, octalValueOf(C)I >"
"< Application, Lavrora/sim/radio/Medium$Receiver, access$200(Lavrora/sim/radio/Medium$Receiver;J)Ljava/util/List; >"
"< Application, Lcck/text/StringUtil, justify(ZLjava/lang/StringBuffer;JI)V >"
"< Application, Lavrora/sim/mcu/ReprogrammableCodeSegment$SPMCSR_reg, access$200(Lavrora/sim/mcu/ReprogrammableCodeSegment$SPMCSR_reg;)Lavrora/sim/mcu/ReprogrammableCodeSegment; >"
"< Application, Lavrora/sim/platform/PinWire, access$302(Lavrora/sim/platform/PinWire;Z)Z >"
"< Application, Lorg/dacapo/harness/Benchmark, byteCount(Ljava/io/File;)J >"
"< Application, Lavrora/gui/ManageMonitors, createManageMonitors()Lavrora/gui/ManageMonitors; >"
"< Application, Lcck/text/StringUtil, trimquotes(Ljava/lang/String;)Ljava/lang/String; >"
"< Application, Lavrora/monitors/SnifferMonitor, class$(Ljava/lang/String;)Ljava/lang/Class; >"
"< Application, Lcck/text/Terminal, nextln()V >"
"< Application, Lavrora/arch/avr/AVRState, map_get([Lavrora/sim/ActiveRegister;I)I >"
"< Application, Lcck/util/Arithmetic, signExtend(II)I >"
"< Application, Lavrora/syntax/Module, <clinit>()V >"
"< Application, Lorg/dacapo/harness/LatexDescriptions, strop(Ljava/lang/String;)Ljava/lang/String; >"
"< Application, Lcck/util/Option, <clinit>()V >"
"< Application, Lavrora/stack/StatePrinter, toString(C)Ljava/lang/String; >"
"< Application, Lcck/text/StringUtil, readBinaryValue(Ljava/text/CharacterIterator;I)I >"
"< Application, Lavrora/gui/AvroraGui, <clinit>()V >"
"< Application, Lavrora/sim/platform/ExternalFlash, access$2400(Lavrora/sim/platform/ExternalFlash;)Z >"
"< Application, Lavrora/arch/legacy/LegacyInstr, DADDR(II)I >"
"< Application, Lavrora/arch/avr/AVRDisassembler, readop_14(Lavrora/arch/avr/AVRDisassembler;)I >"
"< Application, Lavrora/actions/ELFDumpAction, printSymbolTable(Lcck/elf/ELFSymbolTable;Lcck/elf/ELFSectionHeaderTable;)V >"
"< Application, Lavrora/arch/legacy/LegacyInstr$LDPD, <clinit>()V >"
"< Application, Lorg/dacapo/harness/Callback$Mode, <clinit>()V >"
"< Application, Lavrora/arch/legacy/LegacyInstr, access$300(Lavrora/arch/legacy/LegacyOperand;)I >"
"< Application, Lcck/util/Arithmetic, mult([J[I)J >"
"< Application, Lorg/dacapo/harness/Benchmark, deleteFile(Ljava/io/File;)V >"
"< Application, Lavrora/arch/legacy/LegacyInstr, access$2400()Lavrora/arch/legacy/LegacyRegister; >"
"< Application, Lorg/dacapo/parser/ParseException, initialise(Lorg/dacapo/parser/Token;[[I[Ljava/lang/String;)Ljava/lang/String; >"
"< Application, Lorg/apache/commons/cli/OptionBuilder, hasArgs()Lorg/apache/commons/cli/OptionBuilder; >"
"< Application, Lavrora/stack/AbstractArithmetic, canon(C)C >"
"< Application, Lavrora/arch/legacy/LegacyInstr$BREAK, <clinit>()V >"
"< Application, Lorg/dacapo/harness/Slice, slice(Ljava/io/File;Ljava/io/File;I)V >"
"< Application, Lcck/util/TimeUtil, zeropad2(JLjava/lang/StringBuffer;)V >"
"< Application, Lavrora/sim/radio/CC2420Radio, access$200(Lavrora/sim/radio/CC2420Radio;Z)V >"
"< Application, Lavrora/sim/mcu/ReprogrammableCodeSegment, access$700(Lavrora/sim/mcu/ReprogrammableCodeSegment;)[B >"
"< Application, Lavrora/arch/legacy/LegacyInstr$ELPM, <clinit>()V >"
"< Application, Lavrora/sim/radio/CC2420Energy, <clinit>()V >"
"< Application, Lavrora/arch/legacy/LegacyInstr$WDR, <clinit>()V >"
"< Application, Lavrora/actions/NewSimAction, <clinit>()V >"
"< Application, Lavrora/arch/avr/AVRSymbol$HGPR, access$200()Ljava/util/HashMap; >"
"< Application, Lavrora/syntax/atmel/AtmelParser, jj_la1_5()V >"
"< Application, Lavrora/arch/avr/AVRSymbol$EGPR, access$300()Ljava/util/HashMap; >"
"< Application, Lcck/util/TimeUtil, zeropad3(JLjava/lang/StringBuffer;)V >"
"< Application, Lavrora/sim/radio/Medium, <clinit>()V >"
"< Application, Lavrora/arch/legacy/LegacyInstr$AND, <clinit>()V >"
"< Application, Lavrora/stack/AbstractArithmetic, ceiling(C)I >"
"< Application, Lcck/text/StringUtil, readOctalValue(Ljava/text/CharacterIterator;I)I >"
"< Application, Lavrora/arch/avr/AVRDisassembler, readop_18(Lavrora/arch/avr/AVRDisassembler;)I >"
"< Application, Lavrora/sim/util/SimUtil, <clinit>()V >"
"< Application, Lavrora/sim/mcu/SPI, newFrame(B)Lavrora/sim/mcu/SPI$Frame; >"
"< Application, Lavrora/arch/legacy/LegacyInstr, access$1800()I >"
"< Application, Lorg/dacapo/harness/LatexDescriptions, <clinit>()V >"
"< Application, Lavrora/sim/mcu/AtmelMicrocontroller, addPin(Ljava/util/HashMap;ILjava/lang/String;)V >"
"< Application, Lcck/text/Terminal, printBrightBlue(Ljava/lang/String;)V >"
"< Application, Lavrora/arch/ArchitectureRegistry, addArchitectures()V >"
"< Application, Lcck/text/StringUtil, addrToString(I)Ljava/lang/String; >"
"< Application, Lavrora/arch/legacy/LegacyInstr, LREL(III)I >"
"< Application, Lcck/util/Arithmetic, getSingleBitMask(I)I >"
"< Application, Lavrora/sim/mcu/DefaultMCU, access$002(Lavrora/sim/mcu/DefaultMCU;Z)Z >"
"< Application, Lavrora/arch/legacy/LegacyInstr$STD, <clinit>()V >"
"< Application, Lavrora/arch/legacy/LegacyInstr$ELPMD, <clinit>()V >"
"< Application, Lavrora/syntax/atmel/AtmelParserTokenManager, <clinit>()V >"
"< Application, Lavrora/arch/avr/AVRSymbol$MGPR, <clinit>()V >"
"< Application, Lavrora/sim/radio/CC2420Radio, access$300(Lavrora/sim/radio/CC2420Radio;Z)V >"
"< Application, Lavrora/sim/mcu/AtmelInternalDevice, write16(ILavrora/sim/RWRegister;Lavrora/sim/RWRegister;)V >"
"< Application, Lavrora/arch/avr/AVRDisassembler, readop_5(Lavrora/arch/avr/AVRDisassembler;)I >"
"< Application, Lcck/text/StringUtil, justify(ZLjava/lang/StringBuffer;FI)V >"
"< Application, Lavrora/arch/legacy/LegacyInstr, HGPR(ILavrora/arch/legacy/LegacyRegister;)Lavrora/arch/legacy/LegacyRegister; >"
"< Application, Lavrora/actions/ELFDumpAction, getName(Lcck/elf/ELFStringTable;I)Ljava/lang/String; >"
"< Application, Lavrora/arch/avr/AVRState, map_get(Lavrora/sim/Segment;I)I >"
"< Application, Lavrora/monitors/EnergyProfiler$Monitor, access$102(Lavrora/monitors/EnergyProfiler$Monitor;J)J >"
"< Application, Lavrora/gui/ManageSimTime, createManageSimTime()Lavrora/gui/ManageSimTime; >"
"< Application, Lavrora/arch/legacy/LegacyInstr$CALL, <clinit>()V >"
"< Application, Lavrora/sim/util/SimUtil, getIDTimeString(Lavrora/sim/Simulator;)Ljava/lang/String; >"
"< Application, Lcck/text/Terminal, <clinit>()V >"
"< Application, Lavrora/stack/AbstractArithmetic, or(CC)C >"
"< Application, Lavrora/stack/AbstractArithmetic, merge(CC)C >"
"< Application, Lcck/text/StringUtil, commalist(Ljava/util/Iterator;Ljava/lang/StringBuffer;)V >"
"< Application, Lavrora/arch/legacy/LegacyArchitecture, <clinit>()V >"
"< Application, Lavrora/Main, main([Ljava/lang/String;)V >"
"< Application, Lavrora/arch/legacy/LegacyInstr, access$2800()Lavrora/arch/legacy/LegacyRegister; >"
"< Application, Lavrora/Version, <clinit>()V >"
"< Application, Lcck/util/Arithmetic, reverseBits(B)B >"
"< Application, Lcck/text/StringUtil, toLowHex(JI)Ljava/lang/String; >"
"< Application, Lcck/text/StringUtil, isOctalDigit(C)Z >"
"< Application, Lavrora/sim/radio/CC2420Energy, allModeNames()[Ljava/lang/String; >"
"< Application, Lavrora/arch/legacy/LegacyInstr, EGPR(ILavrora/arch/legacy/LegacyRegister;)Lavrora/arch/legacy/LegacyRegister; >"
"< Application, Lcck/text/Terminal, printBrightCyan(Ljava/lang/String;)V >"
"< Application, Lavrora/arch/avr/AVRSymbol$EGPR, <clinit>()V >"
"< Application, Lavrora/actions/SimAction, access$000(Lavrora/actions/SimAction;Ljava/lang/Throwable;)V >"
"< Application, Lavrora/arch/legacy/LegacyInstr, checkReg(ILavrora/arch/legacy/LegacyRegister;Lavrora/arch/legacy/LegacyRegister$Set;)Lavrora/arch/legacy/LegacyRegister; >"
"< Application, Lcck/text/Terminal, flush()V >"
"< Application, Lavrora/sim/mcu/ReprogrammableCodeSegment, access$400(Lavrora/sim/mcu/ReprogrammableCodeSegment;)I >"
"< Application, Lavrora/sim/mcu/ATMegaTimer, class$(Ljava/lang/String;)Ljava/lang/Class; >"
"< Application, Lavrora/sim/platform/ExternalFlash, access$1100(Lavrora/sim/platform/ExternalFlash;)S >"
"< Application, Lcck/text/StringUtil, peek(Ljava/text/CharacterIterator;)C >"
"< Application, Lorg/apache/commons/cli/PatternOptionBuilder, isValueCode(C)Z >"
"< Application, Lavrora/stack/isea/ISEValue, asRegister(B)Lavrora/arch/legacy/LegacyRegister; >"
"< Application, Lorg/dacapo/harness/Benchmark, copyFile(Ljava/io/File;Ljava/io/File;)V >"
"< Application, Lavrora/actions/SimAction, reportMonitors(Lavrora/sim/Simulation;)V >"
"< Application, Lavrora/arch/legacy/LegacyInstr$CLZ, <clinit>()V >"
"< Application, Lavrora/Defaults, addActions()V >"
"< Application, Lorg/dacapo/harness/TestHarness, TEST(I)I >"
"< Application, Lavrora/sim/platform/sensors/AccelSensor, access$000(Lavrora/sim/platform/sensors/AccelSensor;)I >"
"< Application, Lavrora/arch/legacy/LegacyInstr$BRTS, <clinit>()V >"
"< Application, Lcck/text/Terminal, printPair(IILjava/lang/String;Ljava/lang/String;Ljava/lang/String;)V >"
"< Application, Lavrora/sim/platform/ExternalFlash, access$1900(Lavrora/sim/platform/ExternalFlash;)I >"
"< Application, Lavrora/Defaults, getActionList()Ljava/util/List; >"
"< Application, Lavrora/arch/legacy/LegacyInstr$ADD, <clinit>()V >"
"< Application, Lcck/elf/ELFLoader, readPHT(Ljava/io/RandomAccessFile;Lcck/elf/ELFHeader;)Lcck/elf/ELFProgramHeaderTable; >"
"< Application, Lavrora/stack/AbstractArithmetic, logicalAnd(CC)C >"
"< Application, Lcck/util/VersionTag, getVersionTag(Ljava/lang/String;)Lcck/util/VersionTag; >"
"< Application, Lavrora/arch/legacy/LegacyInstr, WORD(Lavrora/arch/legacy/LegacyOperand;)I >"
"< Application, Lavrora/syntax/atmel/Token, newToken(I)Lavrora/syntax/atmel/Token; >"
"< Application, Lavrora/sim/radio/Medium$Receiver, <clinit>()V >"
"< Application, Lavrora/Main, loadUserDefaults()V >"
"< Application, Lcck/text/StringUtil, rightJustify(Ljava/lang/String;I)Ljava/lang/String; >"
"< Application, Lavrora/arch/legacy/LegacyInstr$CLC, <clinit>()V >"
"< Application, Lorg/dacapo/harness/DacapoClassLoader, getJars(Lorg/dacapo/parser/Config;Ljava/io/File;)[Ljava/net/URL; >"
"< Application, Lavrora/stack/AbstractArithmetic, couldBeZero(C)C >"
"< Application, Lavrora/sim/radio/CC1000Radio, createMedium(Lavrora/sim/clock/Synchronizer;Lavrora/sim/radio/Medium$Arbitrator;)Lavrora/sim/radio/Medium; >"
"< Application, Lavrora/arch/avr/AVRSymbol$ADR, access$100()Ljava/util/HashMap; >"
"< Application, Lorg/dacapo/harness/TestHarness, runBenchmark(Ljava/io/File;Ljava/lang/String;Lorg/dacapo/harness/TestHarness;)V >"
"< Application, Lorg/dacapo/parser/TokenMgrError, addEscapes(Ljava/lang/String;)Ljava/lang/String; >"
"< Application, Lavrora/sim/radio/CC1000Radio, <clinit>()V >"
"< Application, Lavrora/sim/platform/ExternalFlash, access$2200(Lavrora/sim/platform/ExternalFlash;I)S >"
"< Application, Lavrora/arch/msp430/MSP430Disassembler, make_addr0()Lavrora/arch/msp430/MSP430Disassembler$DTNode; >"
"< Application, Lcck/util/Util, enforce(ZLjava/lang/String;)V >"
"< Application, Lavrora/syntax/atmel/AtmelParser, <clinit>()V >"
"< Application, Lavrora/sim/platform/ExternalFlash, access$200(Lavrora/sim/platform/ExternalFlash;)I >"
"< Application, Lorg/apache/commons/cli/OptionBuilder, <clinit>()V >"
"< Application, Lavrora/test/probes/Token, newToken(I)Lavrora/test/probes/Token; >"
"< Application, Lavrora/actions/SimAction, printSimHeader()V >"
"< Application, Lcck/text/CharUtil, octValueOf(C)I >"
"< Application, Lavrora/arch/msp430/MSP430Disassembler, <clinit>()V >"
"< Application, Lcck/text/StringUtil, embed(Ljava/lang/Object;Ljava/lang/Object;Ljava/lang/Object;)Ljava/lang/String; >"
"< Application, Lavrora/gui/AvroraGui, class$(Ljava/lang/String;)Ljava/lang/Class; >"
"< Application, Lorg/dacapo/harness/TestHarness, getURL(Ljava/lang/String;)Ljava/net/URL; >"
"< Application, Lavrora/sim/radio/RadiusModel, <clinit>()V >"
"< Application, Lavrora/arch/legacy/LegacyInstr$DEC, <clinit>()V >"
"< Application, Lavrora/monitors/VirgilMonitor$Mon, access$100(Lavrora/monitors/VirgilMonitor$Mon;)Lavrora/core/SourceMapping; >"
"< Application, Lorg/dacapo/parser/Config$ThreadModel, valueOf(Ljava/lang/String;)Lorg/dacapo/parser/Config$ThreadModel; >"
"< Application, Lavrora/gui/ManageTopology, createManageTopology()Lavrora/gui/ManageTopology; >"
"< Application, Lorg/dacapo/harness/Slice, extract(Ljava/io/File;Ljava/io/File;II)V >"
"< Application, Lavrora/arch/legacy/LegacyInstr$SBIC, <clinit>()V >"
"< Application, Lavrora/arch/legacy/LegacyInstr$INC, <clinit>()V >"
"< Application, Lorg/dacapo/harness/Slice, main([Ljava/lang/String;)V >"
"< Application, Lavrora/sim/platform/ExternalFlash, access$1176(Lavrora/sim/platform/ExternalFlash;I)S >"
"< Application, Lavrora/syntax/objdump/ObjDumpParser, jj_la1_4()V >"
"< Application, Lavrora/sim/platform/ExternalFlash, access$2000(Lavrora/sim/platform/ExternalFlash;)I >"
"< Application, Lorg/dacapo/harness/ChordHarness, getBuildNickName()Ljava/lang/String; >"
"< Application, Lavrora/arch/legacy/LegacyInstr$CLH, <clinit>()V >"
"< Application, Lorg/dacapo/parser/Config, main([Ljava/lang/String;)V >"
"< Application, Lavrora/sim/mcu/Timer16Bit$OutputCompareUnit, access$100(Lavrora/sim/mcu/Timer16Bit$OutputCompareUnit;)V >"
"< Application, Lavrora/arch/avr/AVRSymbol, get_MGPR(Ljava/lang/String;)Lavrora/arch/avr/AVRSymbol$MGPR; >"
"< Application, Lorg/dacapo/harness/CommandLineArgs, printReleaseNotes()V >"
"< Application, Lcck/text/Terminal, append(ILjava/lang/StringBuffer;Ljava/lang/String;)V >"
"< Application, Lavrora/sim/platform/PinWire, <clinit>()V >"
"< Application, Lcck/text/Status, success(Ljava/lang/String;)V >"
"< Application, Lcck/util/TimeUtil, <clinit>()V >"
"< Application, Lavrora/Main, printHelp(Ljava/lang/String;)V >"
"< Application, Lavrora/sim/radio/CC2420Radio, access$000(Lavrora/sim/radio/CC2420Radio;)I >"
"< Application, Lavrora/Defaults, getMonitor(Ljava/lang/String;)Lavrora/monitors/MonitorFactory; >"
"< Application, Lavrora/arch/legacy/LegacyInstr$BRCS, <clinit>()V >"
"< Application, Lavrora/arch/msp430/MSP430Disassembler, access$402(Lavrora/arch/msp430/MSP430Disassembler;Lavrora/arch/msp430/MSP430InstrBuilder;)Lavrora/arch/msp430/MSP430InstrBuilder; >"
"< Application, Lavrora/test/probes/TokenMgrError, LexicalError(ZIIILjava/lang/String;C)Ljava/lang/String; >"
"< Application, Lavrora/Defaults, addPlatforms()V >"
"< Application, Lavrora/arch/legacy/LegacyInstr, access$2700(ILavrora/arch/legacy/LegacyRegister;)Lavrora/arch/legacy/LegacyRegister; >"
"< Application, Lavrora/sim/platform/ExternalFlash, access$1408(Lavrora/sim/platform/ExternalFlash;)S >"
"< Application, Lorg/dacapo/parser/ConfigFileConstants, <clinit>()V >"
"< Application, Lavrora/sim/platform/SPIForwarder, access$200(Lavrora/sim/platform/SPIForwarder;Lavrora/sim/mcu/SPI$Frame;)V >"
"< Application, Lcck/text/StringUtil, stringReplace(Ljava/lang/String;Ljava/util/Properties;)Ljava/lang/String; >"
"< Application, Lavrora/stack/AbstractArithmetic, toString(C)Ljava/lang/String; >"
"< Application, Lavrora/arch/legacy/LegacyInstr$IN, <clinit>()V >"
"< Application, Lcck/text/Terminal, setOutput(Ljava/io/PrintStream;)V >"
"< Application, Lcck/text/Columnifier, class$(Ljava/lang/String;)Ljava/lang/Class; >"
"< Application, Lavrora/arch/legacy/LegacyInstr$BCLR, <clinit>()V >"
"< Application, Lavrora/sim/platform/ExternalFlash, access$364(Lavrora/sim/platform/ExternalFlash;I)I >"
"< Application, Lcck/parser/mini/Pattern, <clinit>()V >"
"< Application, Lavrora/arch/msp430/mcu/F1611, <clinit>()V >"
"< Application, Lavrora/arch/legacy/LegacyInstr$COM, <clinit>()V >"
"< Application, Lcck/text/CharUtil, hexValueOf(C)I >"
"< Application, Lcck/text/StringUtil, expectChar(Ljava/text/CharacterIterator;C)V >"
"< Application, Lavrora/sim/platform/sensors/LightSensor, <clinit>()V >"
"< Application, Lcck/text/Status, <clinit>()V >"
"< Application, Lavrora/Defaults, getMicrocontroller(Ljava/lang/String;)Lavrora/sim/mcu/MicrocontrollerFactory; >"
"< Application, Lorg/dacapo/parser/Config$ThreadModel, values()[Lorg/dacapo/parser/Config$ThreadModel; >"
"< Application, Lavrora/arch/legacy/LegacyInstr, access$1000()Lavrora/arch/legacy/LegacyRegister; >"
"< Application, Lavrora/Defaults, addMainCategory(Lcck/help/HelpCategory;)V >"
"< Application, Lavrora/core/ControlFlowGraph$Block, access$200(Lavrora/core/ControlFlowGraph$Block;)Ljava/util/List; >"
"< Application, Lavrora/arch/avr/AVRInstrBuilder, add(Ljava/lang/String;Lavrora/arch/avr/AVRInstrBuilder;)Lavrora/arch/avr/AVRInstrBuilder; >"
"< Application, Lavrora/arch/avr/AVRDisassembler, access$302(Lavrora/arch/avr/AVRDisassembler;Lavrora/arch/avr/AVRInstrBuilder;)Lavrora/arch/avr/AVRInstrBuilder; >"
"< Application, Lavrora/arch/legacy/LegacyRegister, <clinit>()V >"
"< Application, Lavrora/sim/platform/ExternalFlash, access$900(Lavrora/sim/platform/ExternalFlash;)Lavrora/sim/platform/ExternalFlash$Page; >"
"< Application, Lavrora/sim/mcu/SPI, access$200(Lavrora/sim/mcu/SPI;)V >"
"< Application, Lcck/text/StringUtil, toMultirepString(II)Ljava/lang/String; >"
"< Application, Lavrora/arch/avr/AVRDisassembler, <clinit>()V >"
"< Application, Lavrora/sim/mcu/USART, <clinit>()V >"
"< Application, Lcck/stat/StatUtil, average([I)D >"
"< Application, Lorg/apache/commons/cli/TypeHandler, createURL(Ljava/lang/String;)Ljava/net/URL; >"
"< Application, Lcck/text/CharUtil, isDecDigit(C)Z >"
"< Application, Lcck/text/StringUtil, commalist(Ljava/util/List;)Ljava/lang/String; >"
"< Application, Lavrora/sim/platform/SPIForwarder, access$100(Lavrora/sim/platform/SPIForwarder;)Lavrora/sim/mcu/SPI; >"
"< Application, Lavrora/arch/legacy/LegacyInstr, Z(ILavrora/arch/legacy/LegacyRegister;)Lavrora/arch/legacy/LegacyRegister; >"
"< Application, Lavrora/arch/avr/AVRDisassembler, access$002(Lavrora/arch/avr/AVRDisassembler;I)I >"
"< Application, Lcck/text/StringUtil, embed(Ljava/lang/Object;Ljava/lang/Object;)Ljava/lang/String; >"
"< Application, Lavrora/sim/FiniteStateMachine, buildBimodalTTM(II[I[I)[[I >"
"< Application, Lorg/dacapo/harness/FileDigest, replaceAllFixed(Ljava/lang/String;Ljava/lang/String;Ljava/lang/String;)Ljava/lang/String; >"
"< Application, Lavrora/Main, buildAllCategories()V >"
"< Application, Lavrora/stack/AbstractArithmetic, shiftLeftOne(CC)C >"
"< Application, Lcck/util/Util, userError(Ljava/lang/String;)V >"
"< Application, Lavrora/test/probes/ProbeParserConstants, <clinit>()V >"
"< Application, Lcck/text/TermUtil, reportQuantity(Ljava/lang/String;Ljava/lang/String;Ljava/lang/String;)V >"
"< Application, Lavrora/sim/radio/Medium, access$300()D >"
"< Application, Lavrora/arch/legacy/LegacyInstr$JMP, <clinit>()V >"
"< Application, Lorg/dacapo/parser/Token, newToken(ILjava/lang/String;)Lorg/dacapo/parser/Token; >"
"< Application, Lavrora/arch/legacy/LegacyInstr, access$2000()I >"
"< Application, Lcck/util/Util, failure(Ljava/lang/String;)Lcck/util/Util$InternalError; >"
"< Application, Lcck/text/Terminal, printBrightRed(Ljava/lang/String;)V >"
"< Application, Lavrora/Defaults, newSimulator(ILavrora/core/Program;)Lavrora/sim/Simulator; >"
"< Application, Lavrora/arch/legacy/LegacyInstr$LPMPI, <clinit>()V >"
"< Application, Lorg/dacapo/harness/Benchmark, getURL(Ljava/lang/String;)Ljava/net/URL; >"
"< Application, Lavrora/stack/AbstractArithmetic, and(CCC)C >"
"< Application, Lavrora/arch/legacy/LegacyInstr$BRIE, <clinit>()V >"
"< Application, Lavrora/Defaults, addMonitors()V >"
"< Application, Lcck/parser/AbstractToken, newToken(Ljava/lang/String;Lcck/parser/SourcePoint;)Lcck/parser/AbstractToken; >"
"< Application, Lavrora/arch/legacy/LegacyInstr$BRBS, <clinit>()V >"
"< Application, Lcck/util/Arithmetic, clearBit(BI)B >"
"< Application, Lavrora/syntax/atmel/AtmelParser, jj_la1_4()V >"
"< Application, Lavrora/arch/msp430/MSP430Disassembler, access$200(II)I >"
"< Application, Lavrora/arch/legacy/LegacyInstr$ADC, <clinit>()V >"
"< Application, Lavrora/sim/radio/noise, <clinit>()V >"
"< Application, Lcck/text/StringUtil, commalist(Ljava/util/List;Ljava/lang/StringBuffer;)V >"
"< Application, Lavrora/arch/avr/AVRSymbol, get_R0(Ljava/lang/String;)Lavrora/arch/avr/AVRSymbol$R0; >"
"< Application, Lavrora/actions/ELFDumpAction, printHeader(Lcck/elf/ELFHeader;)V >"
"< Application, Lavrora/arch/msp430/MSP430Disassembler, readop_0(Lavrora/arch/msp430/MSP430Disassembler;)I >"
"< Application, Lavrora/arch/legacy/LegacyInstr, access$600()Lavrora/arch/legacy/LegacyRegister; >"
"< Application, Lorg/dacapo/parser/ConfigFile, jj_la1_init_0()V >"
"< Application, Lavrora/monitors/EnergyProfiler$Monitor, access$202(Lavrora/monitors/EnergyProfiler$Monitor;Lavrora/monitors/EnergyProfiler$EnergyProfile;)Lavrora/monitors/EnergyProfiler$EnergyProfile; >"
"< Application, Lavrora/sim/radio/CC1000Radio$CALRegister, access$400(Lavrora/sim/radio/CC1000Radio$CALRegister;)Lavrora/sim/radio/CC1000Radio; >"
"< Application, Lavrora/sim/platform/ExternalFlash, access$102(Lavrora/sim/platform/ExternalFlash;Z)Z >"
"< Application, Lcck/text/StringUtil, quote(Ljava/lang/Object;)Ljava/lang/String; >"
"< Application, Lcck/text/StringUtil, squote(C)Ljava/lang/String; >"
"< Application, Lcck/text/StringUtil, dup(CI)Ljava/lang/String; >"
"< Application, Lavrora/arch/avr/AVRSymbol$RDL, <clinit>()V >"
"< Application, Lavrora/syntax/objdump/ObjDumpParser, jj_la1_3()V >"
"< Application, Lavrora/syntax/objdump/ObjDumpReformatter, append(Ljava/lang/StringBuffer;Ljava/lang/Object;Ljava/lang/Object;Ljava/lang/Object;)V >"
"< Application, Lavrora/sim/clock/SystemClock, get()Lavrora/sim/clock/SystemClock; >"
"< Application, Lavrora/stack/AbstractArithmetic, merge(CB)C >"
"< Application, Lavrora/arch/avr/AVRSymbol, get_GPR(Ljava/lang/String;)Lavrora/arch/avr/AVRSymbol$GPR; >"
"< Application, Lavrora/arch/avr/AVRSymbol$YZ, access$500()Ljava/util/HashMap; >"
"< Application, Lavrora/test/probes/TokenMgrError, addEscapes(Ljava/lang/String;)Ljava/lang/String; >"
"< Application, Lorg/dacapo/harness/Benchmark, getPreserve()Z >"
"< Application, Lavrora/arch/legacy/LegacyInstr$SEV, <clinit>()V >"
"< Application, Lavrora/monitors/EnergyProfiler$Monitor, access$314(Lavrora/monitors/EnergyProfiler$Monitor;J)J >"
"< Application, Lavrora/arch/legacy/LegacyInstr$SER, <clinit>()V >"
"< Application, Lavrora/arch/legacy/LegacyInstr$SUBI, <clinit>()V >"
"< Application, Lavrora/Defaults, getProgramReaderList()Ljava/util/List; >"
"< Application, Lavrora/gui/GUIDefaults, addNewMonitorType(Ljava/lang/String;Ljava/lang/Object;)V >"
"< Application, Lorg/dacapo/harness/Benchmark, copyFileTo(Ljava/io/File;Ljava/io/File;)V >"
"< Application, Lavrora/gui/TimeScale, newZoomLevel(D)Lavrora/gui/TimeScale$ZoomLevel; >"
"< Application, Lavrora/arch/avr/AVRSymbol$R0, <clinit>()V >"
"< Application, Lorg/dacapo/harness/Callback, <clinit>()V >"
"< Application, Lavrora/sim/platform/ExternalFlash, access$1902(Lavrora/sim/platform/ExternalFlash;I)I >"
"< Application, Lorg/apache/commons/cli/Util, stripLeadingAndTrailingQuotes(Ljava/lang/String;)Ljava/lang/String; >"
"< Application, Lcck/test/TestEngine, access$000(Lcck/test/TestEngine;I)V >"
"< Application, Lavrora/arch/legacy/LegacyInstr$SEI, <clinit>()V >"
"< Application, Lavrora/sim/mcu/USART, getUSARTProperties(Ljava/lang/String;Lavrora/sim/mcu/Microcontroller;)Lavrora/sim/mcu/USART$USARTProperties; >"
"< Application, Lavrora/arch/legacy/LegacyInstr, access$3300(ILavrora/arch/legacy/LegacyRegister;)Lavrora/arch/legacy/LegacyRegister; >"
"< Application, Lavrora/arch/legacy/LegacyInstr$ANDI, <clinit>()V >"
"< Application, Lorg/apache/commons/cli/TypeHandler, createValue(Ljava/lang/String;Ljava/lang/Class;)Ljava/lang/Object; >"
"< Application, Lavrora/arch/legacy/LegacyInstr, access$2300(ILavrora/arch/legacy/LegacyRegister;)Lavrora/arch/legacy/LegacyRegister; >"
"< Application, Lavrora/sim/radio/noise, getNoise(I)I >"
"< Application, Lavrora/Defaults, addTestHarnesses()V >"
"< Application, Lavrora/arch/legacy/LegacyInstr$ICALL, <clinit>()V >"
"< Application, Lorg/dacapo/harness/ChordHarness, getBuildVersion()Ljava/lang/String; >"
"< Application, Lorg/apache/commons/cli/OptionBuilder, withType(Ljava/lang/Object;)Lorg/apache/commons/cli/OptionBuilder; >"
"< Application, Lavrora/sim/mcu/AtmelInternalDevice, read16(Lavrora/sim/RWRegister;Lavrora/sim/RWRegister;)I >"
"< Application, Lavrora/Defaults, addSimulations()V >"
"< Application, Lavrora/arch/avr/AVRSymbol$MGPR, access$400()Ljava/util/HashMap; >"
"< Application, Lcck/util/Arithmetic, ulow(S)C >"
"< Application, Lavrora/arch/avr/AVRSymbol$RZ, newRZ(Ljava/lang/String;II)Lavrora/arch/avr/AVRSymbol$RZ; >"
"< Application, Lavrora/sim/radio/CC2420Radio, regName(I)Ljava/lang/String; >"
"< Application, Lavrora/sim/platform/ExternalFlash, access$2300(Lavrora/sim/platform/ExternalFlash;II)S >"
"< Application, Lcck/util/TimeUtil, cyclesToMillis(JD)D >"
"< Application, Lcck/text/StringUtil, commalist([Ljava/lang/Object;)Ljava/lang/String; >"
"< Application, Lavrora/syntax/Expr, access$100(I)Z >"
"< Application, Lorg/dacapo/harness/Benchmark, getSilent()Z >"
"< Application, Lavrora/arch/legacy/LegacyInstr$LD, <clinit>()V >"
