"</mnt/EXSSD/formulog-artifact-evaluation/artifact/case_studies/symeval/benchmarks/interp-5/interp-5.ll>:main:0"	4
"</mnt/EXSSD/formulog-artifact-evaluation/artifact/case_studies/symeval/benchmarks/interp-5/interp-5.ll>:main:1"	8
"</mnt/EXSSD/formulog-artifact-evaluation/artifact/case_studies/symeval/benchmarks/interp-5/interp-5.ll>:main:2"	4
"</mnt/EXSSD/formulog-artifact-evaluation/artifact/case_studies/symeval/benchmarks/interp-5/interp-5.ll>:main:3"	8
"</mnt/EXSSD/formulog-artifact-evaluation/artifact/case_studies/symeval/benchmarks/interp-5/interp-5.ll>:main:4"	4
"</mnt/EXSSD/formulog-artifact-evaluation/artifact/case_studies/symeval/benchmarks/interp-5/interp-5.ll>:main:5"	4
"</mnt/EXSSD/formulog-artifact-evaluation/artifact/case_studies/symeval/benchmarks/interp-5/interp-5.ll>:main:6"	4
"</mnt/EXSSD/formulog-artifact-evaluation/artifact/case_studies/symeval/benchmarks/interp-5/interp-5.ll>:main:7"	4
"</mnt/EXSSD/formulog-artifact-evaluation/artifact/case_studies/symeval/benchmarks/interp-5/interp-5.ll>:main:8"	4
"</mnt/EXSSD/formulog-artifact-evaluation/artifact/case_studies/symeval/benchmarks/interp-5/interp-5.ll>:main:9"	4
"</mnt/EXSSD/formulog-artifact-evaluation/artifact/case_studies/symeval/benchmarks/interp-5/interp-5.ll>:main:10"	4
"</mnt/EXSSD/formulog-artifact-evaluation/artifact/case_studies/symeval/benchmarks/interp-5/interp-5.ll>:main:11"	4
"</mnt/EXSSD/formulog-artifact-evaluation/artifact/case_studies/symeval/benchmarks/interp-5/interp-5.ll>:main:12"	4
"</mnt/EXSSD/formulog-artifact-evaluation/artifact/case_studies/symeval/benchmarks/interp-5/interp-5.ll>:main:13"	4
"</mnt/EXSSD/formulog-artifact-evaluation/artifact/case_studies/symeval/benchmarks/interp-5/interp-5.ll>:main:14"	4
"</mnt/EXSSD/formulog-artifact-evaluation/artifact/case_studies/symeval/benchmarks/interp-5/interp-5.ll>:main:15"	4
"</mnt/EXSSD/formulog-artifact-evaluation/artifact/case_studies/symeval/benchmarks/interp-5/interp-5.ll>:main:16"	4
