"</mnt/EXSSD/formulog-artifact-evaluation/artifact/case_studies/symeval/benchmarks/interp-5/interp-5.ll>:main:0"	"</mnt/EXSSD/formulog-artifact-evaluation/artifact/case_studies/symeval/benchmarks/interp-5/interp-5.ll>:main:1"
"</mnt/EXSSD/formulog-artifact-evaluation/artifact/case_studies/symeval/benchmarks/interp-5/interp-5.ll>:main:1"	"</mnt/EXSSD/formulog-artifact-evaluation/artifact/case_studies/symeval/benchmarks/interp-5/interp-5.ll>:main:2"
"</mnt/EXSSD/formulog-artifact-evaluation/artifact/case_studies/symeval/benchmarks/interp-5/interp-5.ll>:main:2"	"</mnt/EXSSD/formulog-artifact-evaluation/artifact/case_studies/symeval/benchmarks/interp-5/interp-5.ll>:main:3"
"</mnt/EXSSD/formulog-artifact-evaluation/artifact/case_studies/symeval/benchmarks/interp-5/interp-5.ll>:main:3"	"</mnt/EXSSD/formulog-artifact-evaluation/artifact/case_studies/symeval/benchmarks/interp-5/interp-5.ll>:main:4"
"</mnt/EXSSD/formulog-artifact-evaluation/artifact/case_studies/symeval/benchmarks/interp-5/interp-5.ll>:main:4"	"</mnt/EXSSD/formulog-artifact-evaluation/artifact/case_studies/symeval/benchmarks/interp-5/interp-5.ll>:main:5"
"</mnt/EXSSD/formulog-artifact-evaluation/artifact/case_studies/symeval/benchmarks/interp-5/interp-5.ll>:main:5"	"</mnt/EXSSD/formulog-artifact-evaluation/artifact/case_studies/symeval/benchmarks/interp-5/interp-5.ll>:main:6"
"</mnt/EXSSD/formulog-artifact-evaluation/artifact/case_studies/symeval/benchmarks/interp-5/interp-5.ll>:main:6"	"</mnt/EXSSD/formulog-artifact-evaluation/artifact/case_studies/symeval/benchmarks/interp-5/interp-5.ll>:main:7"
"</mnt/EXSSD/formulog-artifact-evaluation/artifact/case_studies/symeval/benchmarks/interp-5/interp-5.ll>:main:7"	"</mnt/EXSSD/formulog-artifact-evaluation/artifact/case_studies/symeval/benchmarks/interp-5/interp-5.ll>:main:8"
"</mnt/EXSSD/formulog-artifact-evaluation/artifact/case_studies/symeval/benchmarks/interp-5/interp-5.ll>:main:8"	"</mnt/EXSSD/formulog-artifact-evaluation/artifact/case_studies/symeval/benchmarks/interp-5/interp-5.ll>:main:9"
"</mnt/EXSSD/formulog-artifact-evaluation/artifact/case_studies/symeval/benchmarks/interp-5/interp-5.ll>:main:9"	"</mnt/EXSSD/formulog-artifact-evaluation/artifact/case_studies/symeval/benchmarks/interp-5/interp-5.ll>:main:10"
"</mnt/EXSSD/formulog-artifact-evaluation/artifact/case_studies/symeval/benchmarks/interp-5/interp-5.ll>:main:10"	"</mnt/EXSSD/formulog-artifact-evaluation/artifact/case_studies/symeval/benchmarks/interp-5/interp-5.ll>:main:11"
"</mnt/EXSSD/formulog-artifact-evaluation/artifact/case_studies/symeval/benchmarks/interp-5/interp-5.ll>:main:11"	"</mnt/EXSSD/formulog-artifact-evaluation/artifact/case_studies/symeval/benchmarks/interp-5/interp-5.ll>:main:12"
"</mnt/EXSSD/formulog-artifact-evaluation/artifact/case_studies/symeval/benchmarks/interp-5/interp-5.ll>:main:12"	"</mnt/EXSSD/formulog-artifact-evaluation/artifact/case_studies/symeval/benchmarks/interp-5/interp-5.ll>:main:13"
"</mnt/EXSSD/formulog-artifact-evaluation/artifact/case_studies/symeval/benchmarks/interp-5/interp-5.ll>:main:13"	"</mnt/EXSSD/formulog-artifact-evaluation/artifact/case_studies/symeval/benchmarks/interp-5/interp-5.ll>:main:14"
"</mnt/EXSSD/formulog-artifact-evaluation/artifact/case_studies/symeval/benchmarks/interp-5/interp-5.ll>:main:14"	"</mnt/EXSSD/formulog-artifact-evaluation/artifact/case_studies/symeval/benchmarks/interp-5/interp-5.ll>:main:15"
"</mnt/EXSSD/formulog-artifact-evaluation/artifact/case_studies/symeval/benchmarks/interp-5/interp-5.ll>:main:15"	"</mnt/EXSSD/formulog-artifact-evaluation/artifact/case_studies/symeval/benchmarks/interp-5/interp-5.ll>:main:16"
"</mnt/EXSSD/formulog-artifact-evaluation/artifact/case_studies/symeval/benchmarks/interp-5/interp-5.ll>:main:16"	"</mnt/EXSSD/formulog-artifact-evaluation/artifact/case_studies/symeval/benchmarks/interp-5/interp-5.ll>:main:17"
"</mnt/EXSSD/formulog-artifact-evaluation/artifact/case_studies/symeval/benchmarks/interp-5/interp-5.ll>:main:17"	"</mnt/EXSSD/formulog-artifact-evaluation/artifact/case_studies/symeval/benchmarks/interp-5/interp-5.ll>:main:18"
"</mnt/EXSSD/formulog-artifact-evaluation/artifact/case_studies/symeval/benchmarks/interp-5/interp-5.ll>:main:18"	"</mnt/EXSSD/formulog-artifact-evaluation/artifact/case_studies/symeval/benchmarks/interp-5/interp-5.ll>:main:19"
"</mnt/EXSSD/formulog-artifact-evaluation/artifact/case_studies/symeval/benchmarks/interp-5/interp-5.ll>:main:19"	"</mnt/EXSSD/formulog-artifact-evaluation/artifact/case_studies/symeval/benchmarks/interp-5/interp-5.ll>:main:20"
"</mnt/EXSSD/formulog-artifact-evaluation/artifact/case_studies/symeval/benchmarks/interp-5/interp-5.ll>:main:20"	"</mnt/EXSSD/formulog-artifact-evaluation/artifact/case_studies/symeval/benchmarks/interp-5/interp-5.ll>:main:21"
"</mnt/EXSSD/formulog-artifact-evaluation/artifact/case_studies/symeval/benchmarks/interp-5/interp-5.ll>:main:21"	"</mnt/EXSSD/formulog-artifact-evaluation/artifact/case_studies/symeval/benchmarks/interp-5/interp-5.ll>:main:22"
"</mnt/EXSSD/formulog-artifact-evaluation/artifact/case_studies/symeval/benchmarks/interp-5/interp-5.ll>:main:22"	"</mnt/EXSSD/formulog-artifact-evaluation/artifact/case_studies/symeval/benchmarks/interp-5/interp-5.ll>:main:23"
"</mnt/EXSSD/formulog-artifact-evaluation/artifact/case_studies/symeval/benchmarks/interp-5/interp-5.ll>:main:23"	"</mnt/EXSSD/formulog-artifact-evaluation/artifact/case_studies/symeval/benchmarks/interp-5/interp-5.ll>:main:24"
"</mnt/EXSSD/formulog-artifact-evaluation/artifact/case_studies/symeval/benchmarks/interp-5/interp-5.ll>:main:24"	"</mnt/EXSSD/formulog-artifact-evaluation/artifact/case_studies/symeval/benchmarks/interp-5/interp-5.ll>:main:25"
"</mnt/EXSSD/formulog-artifact-evaluation/artifact/case_studies/symeval/benchmarks/interp-5/interp-5.ll>:main:25"	"</mnt/EXSSD/formulog-artifact-evaluation/artifact/case_studies/symeval/benchmarks/interp-5/interp-5.ll>:main:26"
"</mnt/EXSSD/formulog-artifact-evaluation/artifact/case_studies/symeval/benchmarks/interp-5/interp-5.ll>:main:26"	"</mnt/EXSSD/formulog-artifact-evaluation/artifact/case_studies/symeval/benchmarks/interp-5/interp-5.ll>:main:27"
"</mnt/EXSSD/formulog-artifact-evaluation/artifact/case_studies/symeval/benchmarks/interp-5/interp-5.ll>:main:27"	"</mnt/EXSSD/formulog-artifact-evaluation/artifact/case_studies/symeval/benchmarks/interp-5/interp-5.ll>:main:28"
"</mnt/EXSSD/formulog-artifact-evaluation/artifact/case_studies/symeval/benchmarks/interp-5/interp-5.ll>:main:28"	"</mnt/EXSSD/formulog-artifact-evaluation/artifact/case_studies/symeval/benchmarks/interp-5/interp-5.ll>:main:29"
"</mnt/EXSSD/formulog-artifact-evaluation/artifact/case_studies/symeval/benchmarks/interp-5/interp-5.ll>:main:29"	"</mnt/EXSSD/formulog-artifact-evaluation/artifact/case_studies/symeval/benchmarks/interp-5/interp-5.ll>:main:30"
"</mnt/EXSSD/formulog-artifact-evaluation/artifact/case_studies/symeval/benchmarks/interp-5/interp-5.ll>:main:30"	"</mnt/EXSSD/formulog-artifact-evaluation/artifact/case_studies/symeval/benchmarks/interp-5/interp-5.ll>:main:31"
"</mnt/EXSSD/formulog-artifact-evaluation/artifact/case_studies/symeval/benchmarks/interp-5/interp-5.ll>:main:31"	"</mnt/EXSSD/formulog-artifact-evaluation/artifact/case_studies/symeval/benchmarks/interp-5/interp-5.ll>:main:32"
"</mnt/EXSSD/formulog-artifact-evaluation/artifact/case_studies/symeval/benchmarks/interp-5/interp-5.ll>:main:32"	"</mnt/EXSSD/formulog-artifact-evaluation/artifact/case_studies/symeval/benchmarks/interp-5/interp-5.ll>:main:33"
"</mnt/EXSSD/formulog-artifact-evaluation/artifact/case_studies/symeval/benchmarks/interp-5/interp-5.ll>:main:33"	"</mnt/EXSSD/formulog-artifact-evaluation/artifact/case_studies/symeval/benchmarks/interp-5/interp-5.ll>:main:34"
"</mnt/EXSSD/formulog-artifact-evaluation/artifact/case_studies/symeval/benchmarks/interp-5/interp-5.ll>:main:34"	"</mnt/EXSSD/formulog-artifact-evaluation/artifact/case_studies/symeval/benchmarks/interp-5/interp-5.ll>:main:35"
"</mnt/EXSSD/formulog-artifact-evaluation/artifact/case_studies/symeval/benchmarks/interp-5/interp-5.ll>:main:35"	"</mnt/EXSSD/formulog-artifact-evaluation/artifact/case_studies/symeval/benchmarks/interp-5/interp-5.ll>:main:36"
"</mnt/EXSSD/formulog-artifact-evaluation/artifact/case_studies/symeval/benchmarks/interp-5/interp-5.ll>:main:36"	"</mnt/EXSSD/formulog-artifact-evaluation/artifact/case_studies/symeval/benchmarks/interp-5/interp-5.ll>:main:37"
"</mnt/EXSSD/formulog-artifact-evaluation/artifact/case_studies/symeval/benchmarks/interp-5/interp-5.ll>:main:37"	"</mnt/EXSSD/formulog-artifact-evaluation/artifact/case_studies/symeval/benchmarks/interp-5/interp-5.ll>:main:38"
"</mnt/EXSSD/formulog-artifact-evaluation/artifact/case_studies/symeval/benchmarks/interp-5/interp-5.ll>:main:38"	"</mnt/EXSSD/formulog-artifact-evaluation/artifact/case_studies/symeval/benchmarks/interp-5/interp-5.ll>:main:39"
"</mnt/EXSSD/formulog-artifact-evaluation/artifact/case_studies/symeval/benchmarks/interp-5/interp-5.ll>:main:39"	"</mnt/EXSSD/formulog-artifact-evaluation/artifact/case_studies/symeval/benchmarks/interp-5/interp-5.ll>:main:40"
"</mnt/EXSSD/formulog-artifact-evaluation/artifact/case_studies/symeval/benchmarks/interp-5/interp-5.ll>:main:40"	"</mnt/EXSSD/formulog-artifact-evaluation/artifact/case_studies/symeval/benchmarks/interp-5/interp-5.ll>:main:41"
"</mnt/EXSSD/formulog-artifact-evaluation/artifact/case_studies/symeval/benchmarks/interp-5/interp-5.ll>:main:41"	"</mnt/EXSSD/formulog-artifact-evaluation/artifact/case_studies/symeval/benchmarks/interp-5/interp-5.ll>:main:42"
"</mnt/EXSSD/formulog-artifact-evaluation/artifact/case_studies/symeval/benchmarks/interp-5/interp-5.ll>:main:42"	"</mnt/EXSSD/formulog-artifact-evaluation/artifact/case_studies/symeval/benchmarks/interp-5/interp-5.ll>:main:43"
"</mnt/EXSSD/formulog-artifact-evaluation/artifact/case_studies/symeval/benchmarks/interp-5/interp-5.ll>:main:43"	"</mnt/EXSSD/formulog-artifact-evaluation/artifact/case_studies/symeval/benchmarks/interp-5/interp-5.ll>:main:44"
"</mnt/EXSSD/formulog-artifact-evaluation/artifact/case_studies/symeval/benchmarks/interp-5/interp-5.ll>:main:44"	"</mnt/EXSSD/formulog-artifact-evaluation/artifact/case_studies/symeval/benchmarks/interp-5/interp-5.ll>:main:45"
"</mnt/EXSSD/formulog-artifact-evaluation/artifact/case_studies/symeval/benchmarks/interp-5/interp-5.ll>:main:45"	"</mnt/EXSSD/formulog-artifact-evaluation/artifact/case_studies/symeval/benchmarks/interp-5/interp-5.ll>:main:46"
"</mnt/EXSSD/formulog-artifact-evaluation/artifact/case_studies/symeval/benchmarks/interp-5/interp-5.ll>:main:46"	"</mnt/EXSSD/formulog-artifact-evaluation/artifact/case_studies/symeval/benchmarks/interp-5/interp-5.ll>:main:47"
"</mnt/EXSSD/formulog-artifact-evaluation/artifact/case_studies/symeval/benchmarks/interp-5/interp-5.ll>:main:47"	"</mnt/EXSSD/formulog-artifact-evaluation/artifact/case_studies/symeval/benchmarks/interp-5/interp-5.ll>:main:48"
"</mnt/EXSSD/formulog-artifact-evaluation/artifact/case_studies/symeval/benchmarks/interp-5/interp-5.ll>:main:48"	"</mnt/EXSSD/formulog-artifact-evaluation/artifact/case_studies/symeval/benchmarks/interp-5/interp-5.ll>:main:49"
"</mnt/EXSSD/formulog-artifact-evaluation/artifact/case_studies/symeval/benchmarks/interp-5/interp-5.ll>:main:49"	"</mnt/EXSSD/formulog-artifact-evaluation/artifact/case_studies/symeval/benchmarks/interp-5/interp-5.ll>:main:50"
"</mnt/EXSSD/formulog-artifact-evaluation/artifact/case_studies/symeval/benchmarks/interp-5/interp-5.ll>:main:50"	"</mnt/EXSSD/formulog-artifact-evaluation/artifact/case_studies/symeval/benchmarks/interp-5/interp-5.ll>:main:51"
"</mnt/EXSSD/formulog-artifact-evaluation/artifact/case_studies/symeval/benchmarks/interp-5/interp-5.ll>:main:51"	"</mnt/EXSSD/formulog-artifact-evaluation/artifact/case_studies/symeval/benchmarks/interp-5/interp-5.ll>:main:52"
"</mnt/EXSSD/formulog-artifact-evaluation/artifact/case_studies/symeval/benchmarks/interp-5/interp-5.ll>:main:52"	"</mnt/EXSSD/formulog-artifact-evaluation/artifact/case_studies/symeval/benchmarks/interp-5/interp-5.ll>:main:53"
"</mnt/EXSSD/formulog-artifact-evaluation/artifact/case_studies/symeval/benchmarks/interp-5/interp-5.ll>:main:53"	"</mnt/EXSSD/formulog-artifact-evaluation/artifact/case_studies/symeval/benchmarks/interp-5/interp-5.ll>:main:54"
"</mnt/EXSSD/formulog-artifact-evaluation/artifact/case_studies/symeval/benchmarks/interp-5/interp-5.ll>:main:54"	"</mnt/EXSSD/formulog-artifact-evaluation/artifact/case_studies/symeval/benchmarks/interp-5/interp-5.ll>:main:55"
"</mnt/EXSSD/formulog-artifact-evaluation/artifact/case_studies/symeval/benchmarks/interp-5/interp-5.ll>:main:55"	"</mnt/EXSSD/formulog-artifact-evaluation/artifact/case_studies/symeval/benchmarks/interp-5/interp-5.ll>:main:56"
"</mnt/EXSSD/formulog-artifact-evaluation/artifact/case_studies/symeval/benchmarks/interp-5/interp-5.ll>:main:56"	"</mnt/EXSSD/formulog-artifact-evaluation/artifact/case_studies/symeval/benchmarks/interp-5/interp-5.ll>:main:57"
"</mnt/EXSSD/formulog-artifact-evaluation/artifact/case_studies/symeval/benchmarks/interp-5/interp-5.ll>:main:57"	"</mnt/EXSSD/formulog-artifact-evaluation/artifact/case_studies/symeval/benchmarks/interp-5/interp-5.ll>:main:58"
"</mnt/EXSSD/formulog-artifact-evaluation/artifact/case_studies/symeval/benchmarks/interp-5/interp-5.ll>:main:58"	"</mnt/EXSSD/formulog-artifact-evaluation/artifact/case_studies/symeval/benchmarks/interp-5/interp-5.ll>:main:59"
"</mnt/EXSSD/formulog-artifact-evaluation/artifact/case_studies/symeval/benchmarks/interp-5/interp-5.ll>:main:59"	"</mnt/EXSSD/formulog-artifact-evaluation/artifact/case_studies/symeval/benchmarks/interp-5/interp-5.ll>:main:60"
"</mnt/EXSSD/formulog-artifact-evaluation/artifact/case_studies/symeval/benchmarks/interp-5/interp-5.ll>:main:60"	"</mnt/EXSSD/formulog-artifact-evaluation/artifact/case_studies/symeval/benchmarks/interp-5/interp-5.ll>:main:61"
"</mnt/EXSSD/formulog-artifact-evaluation/artifact/case_studies/symeval/benchmarks/interp-5/interp-5.ll>:main:61"	"</mnt/EXSSD/formulog-artifact-evaluation/artifact/case_studies/symeval/benchmarks/interp-5/interp-5.ll>:main:62"
"</mnt/EXSSD/formulog-artifact-evaluation/artifact/case_studies/symeval/benchmarks/interp-5/interp-5.ll>:main:62"	"</mnt/EXSSD/formulog-artifact-evaluation/artifact/case_studies/symeval/benchmarks/interp-5/interp-5.ll>:main:63"
"</mnt/EXSSD/formulog-artifact-evaluation/artifact/case_studies/symeval/benchmarks/interp-5/interp-5.ll>:main:63"	"</mnt/EXSSD/formulog-artifact-evaluation/artifact/case_studies/symeval/benchmarks/interp-5/interp-5.ll>:main:64"
"</mnt/EXSSD/formulog-artifact-evaluation/artifact/case_studies/symeval/benchmarks/interp-5/interp-5.ll>:main:64"	"</mnt/EXSSD/formulog-artifact-evaluation/artifact/case_studies/symeval/benchmarks/interp-5/interp-5.ll>:main:65"
"</mnt/EXSSD/formulog-artifact-evaluation/artifact/case_studies/symeval/benchmarks/interp-5/interp-5.ll>:main:65"	"</mnt/EXSSD/formulog-artifact-evaluation/artifact/case_studies/symeval/benchmarks/interp-5/interp-5.ll>:main:66"
"</mnt/EXSSD/formulog-artifact-evaluation/artifact/case_studies/symeval/benchmarks/interp-5/interp-5.ll>:main:66"	"</mnt/EXSSD/formulog-artifact-evaluation/artifact/case_studies/symeval/benchmarks/interp-5/interp-5.ll>:main:67"
"</mnt/EXSSD/formulog-artifact-evaluation/artifact/case_studies/symeval/benchmarks/interp-5/interp-5.ll>:main:67"	"</mnt/EXSSD/formulog-artifact-evaluation/artifact/case_studies/symeval/benchmarks/interp-5/interp-5.ll>:main:68"
"</mnt/EXSSD/formulog-artifact-evaluation/artifact/case_studies/symeval/benchmarks/interp-5/interp-5.ll>:main:68"	"</mnt/EXSSD/formulog-artifact-evaluation/artifact/case_studies/symeval/benchmarks/interp-5/interp-5.ll>:main:69"
"</mnt/EXSSD/formulog-artifact-evaluation/artifact/case_studies/symeval/benchmarks/interp-5/interp-5.ll>:main:69"	"</mnt/EXSSD/formulog-artifact-evaluation/artifact/case_studies/symeval/benchmarks/interp-5/interp-5.ll>:main:70"
"</mnt/EXSSD/formulog-artifact-evaluation/artifact/case_studies/symeval/benchmarks/interp-5/interp-5.ll>:main:70"	"</mnt/EXSSD/formulog-artifact-evaluation/artifact/case_studies/symeval/benchmarks/interp-5/interp-5.ll>:main:71"
"</mnt/EXSSD/formulog-artifact-evaluation/artifact/case_studies/symeval/benchmarks/interp-5/interp-5.ll>:main:71"	"</mnt/EXSSD/formulog-artifact-evaluation/artifact/case_studies/symeval/benchmarks/interp-5/interp-5.ll>:main:72"
"</mnt/EXSSD/formulog-artifact-evaluation/artifact/case_studies/symeval/benchmarks/interp-5/interp-5.ll>:main:72"	"</mnt/EXSSD/formulog-artifact-evaluation/artifact/case_studies/symeval/benchmarks/interp-5/interp-5.ll>:main:73"
"</mnt/EXSSD/formulog-artifact-evaluation/artifact/case_studies/symeval/benchmarks/interp-5/interp-5.ll>:main:73"	"</mnt/EXSSD/formulog-artifact-evaluation/artifact/case_studies/symeval/benchmarks/interp-5/interp-5.ll>:main:74"
"</mnt/EXSSD/formulog-artifact-evaluation/artifact/case_studies/symeval/benchmarks/interp-5/interp-5.ll>:main:74"	"</mnt/EXSSD/formulog-artifact-evaluation/artifact/case_studies/symeval/benchmarks/interp-5/interp-5.ll>:main:75"
"</mnt/EXSSD/formulog-artifact-evaluation/artifact/case_studies/symeval/benchmarks/interp-5/interp-5.ll>:main:75"	"</mnt/EXSSD/formulog-artifact-evaluation/artifact/case_studies/symeval/benchmarks/interp-5/interp-5.ll>:main:76"
"</mnt/EXSSD/formulog-artifact-evaluation/artifact/case_studies/symeval/benchmarks/interp-5/interp-5.ll>:main:76"	"</mnt/EXSSD/formulog-artifact-evaluation/artifact/case_studies/symeval/benchmarks/interp-5/interp-5.ll>:main:77"
"</mnt/EXSSD/formulog-artifact-evaluation/artifact/case_studies/symeval/benchmarks/interp-5/interp-5.ll>:main:77"	"</mnt/EXSSD/formulog-artifact-evaluation/artifact/case_studies/symeval/benchmarks/interp-5/interp-5.ll>:main:78"
"</mnt/EXSSD/formulog-artifact-evaluation/artifact/case_studies/symeval/benchmarks/interp-5/interp-5.ll>:main:78"	"</mnt/EXSSD/formulog-artifact-evaluation/artifact/case_studies/symeval/benchmarks/interp-5/interp-5.ll>:main:79"
"</mnt/EXSSD/formulog-artifact-evaluation/artifact/case_studies/symeval/benchmarks/interp-5/interp-5.ll>:main:79"	"</mnt/EXSSD/formulog-artifact-evaluation/artifact/case_studies/symeval/benchmarks/interp-5/interp-5.ll>:main:80"
"</mnt/EXSSD/formulog-artifact-evaluation/artifact/case_studies/symeval/benchmarks/interp-5/interp-5.ll>:main:80"	"</mnt/EXSSD/formulog-artifact-evaluation/artifact/case_studies/symeval/benchmarks/interp-5/interp-5.ll>:main:81"
"</mnt/EXSSD/formulog-artifact-evaluation/artifact/case_studies/symeval/benchmarks/interp-5/interp-5.ll>:main:81"	"</mnt/EXSSD/formulog-artifact-evaluation/artifact/case_studies/symeval/benchmarks/interp-5/interp-5.ll>:main:82"
"</mnt/EXSSD/formulog-artifact-evaluation/artifact/case_studies/symeval/benchmarks/interp-5/interp-5.ll>:main:82"	"</mnt/EXSSD/formulog-artifact-evaluation/artifact/case_studies/symeval/benchmarks/interp-5/interp-5.ll>:main:83"
"</mnt/EXSSD/formulog-artifact-evaluation/artifact/case_studies/symeval/benchmarks/interp-5/interp-5.ll>:main:83"	"</mnt/EXSSD/formulog-artifact-evaluation/artifact/case_studies/symeval/benchmarks/interp-5/interp-5.ll>:main:84"
"</mnt/EXSSD/formulog-artifact-evaluation/artifact/case_studies/symeval/benchmarks/interp-5/interp-5.ll>:main:84"	"</mnt/EXSSD/formulog-artifact-evaluation/artifact/case_studies/symeval/benchmarks/interp-5/interp-5.ll>:main:85"
"</mnt/EXSSD/formulog-artifact-evaluation/artifact/case_studies/symeval/benchmarks/interp-5/interp-5.ll>:main:85"	"</mnt/EXSSD/formulog-artifact-evaluation/artifact/case_studies/symeval/benchmarks/interp-5/interp-5.ll>:main:86"
"</mnt/EXSSD/formulog-artifact-evaluation/artifact/case_studies/symeval/benchmarks/interp-5/interp-5.ll>:main:86"	"</mnt/EXSSD/formulog-artifact-evaluation/artifact/case_studies/symeval/benchmarks/interp-5/interp-5.ll>:main:87"
"</mnt/EXSSD/formulog-artifact-evaluation/artifact/case_studies/symeval/benchmarks/interp-5/interp-5.ll>:main:87"	"</mnt/EXSSD/formulog-artifact-evaluation/artifact/case_studies/symeval/benchmarks/interp-5/interp-5.ll>:main:88"
"</mnt/EXSSD/formulog-artifact-evaluation/artifact/case_studies/symeval/benchmarks/interp-5/interp-5.ll>:main:88"	"</mnt/EXSSD/formulog-artifact-evaluation/artifact/case_studies/symeval/benchmarks/interp-5/interp-5.ll>:main:89"
"</mnt/EXSSD/formulog-artifact-evaluation/artifact/case_studies/symeval/benchmarks/interp-5/interp-5.ll>:main:89"	"</mnt/EXSSD/formulog-artifact-evaluation/artifact/case_studies/symeval/benchmarks/interp-5/interp-5.ll>:main:90"
"</mnt/EXSSD/formulog-artifact-evaluation/artifact/case_studies/symeval/benchmarks/interp-5/interp-5.ll>:main:90"	"</mnt/EXSSD/formulog-artifact-evaluation/artifact/case_studies/symeval/benchmarks/interp-5/interp-5.ll>:main:91"
"</mnt/EXSSD/formulog-artifact-evaluation/artifact/case_studies/symeval/benchmarks/interp-5/interp-5.ll>:main:91"	"</mnt/EXSSD/formulog-artifact-evaluation/artifact/case_studies/symeval/benchmarks/interp-5/interp-5.ll>:main:92"
"</mnt/EXSSD/formulog-artifact-evaluation/artifact/case_studies/symeval/benchmarks/interp-5/interp-5.ll>:main:92"	"</mnt/EXSSD/formulog-artifact-evaluation/artifact/case_studies/symeval/benchmarks/interp-5/interp-5.ll>:main:93"
"</mnt/EXSSD/formulog-artifact-evaluation/artifact/case_studies/symeval/benchmarks/interp-5/interp-5.ll>:main:93"	"</mnt/EXSSD/formulog-artifact-evaluation/artifact/case_studies/symeval/benchmarks/interp-5/interp-5.ll>:main:94"
"</mnt/EXSSD/formulog-artifact-evaluation/artifact/case_studies/symeval/benchmarks/interp-5/interp-5.ll>:main:94"	"</mnt/EXSSD/formulog-artifact-evaluation/artifact/case_studies/symeval/benchmarks/interp-5/interp-5.ll>:main:95"
"</mnt/EXSSD/formulog-artifact-evaluation/artifact/case_studies/symeval/benchmarks/interp-5/interp-5.ll>:main:95"	"</mnt/EXSSD/formulog-artifact-evaluation/artifact/case_studies/symeval/benchmarks/interp-5/interp-5.ll>:main:96"
"</mnt/EXSSD/formulog-artifact-evaluation/artifact/case_studies/symeval/benchmarks/interp-5/interp-5.ll>:main:96"	"</mnt/EXSSD/formulog-artifact-evaluation/artifact/case_studies/symeval/benchmarks/interp-5/interp-5.ll>:main:97"
"</mnt/EXSSD/formulog-artifact-evaluation/artifact/case_studies/symeval/benchmarks/interp-5/interp-5.ll>:main:97"	"</mnt/EXSSD/formulog-artifact-evaluation/artifact/case_studies/symeval/benchmarks/interp-5/interp-5.ll>:main:98"
"</mnt/EXSSD/formulog-artifact-evaluation/artifact/case_studies/symeval/benchmarks/interp-5/interp-5.ll>:main:98"	"</mnt/EXSSD/formulog-artifact-evaluation/artifact/case_studies/symeval/benchmarks/interp-5/interp-5.ll>:main:99"
"</mnt/EXSSD/formulog-artifact-evaluation/artifact/case_studies/symeval/benchmarks/interp-5/interp-5.ll>:main:99"	"</mnt/EXSSD/formulog-artifact-evaluation/artifact/case_studies/symeval/benchmarks/interp-5/interp-5.ll>:main:100"
"</mnt/EXSSD/formulog-artifact-evaluation/artifact/case_studies/symeval/benchmarks/interp-5/interp-5.ll>:main:100"	"</mnt/EXSSD/formulog-artifact-evaluation/artifact/case_studies/symeval/benchmarks/interp-5/interp-5.ll>:main:101"
"</mnt/EXSSD/formulog-artifact-evaluation/artifact/case_studies/symeval/benchmarks/interp-5/interp-5.ll>:main:101"	"</mnt/EXSSD/formulog-artifact-evaluation/artifact/case_studies/symeval/benchmarks/interp-5/interp-5.ll>:main:102"
"</mnt/EXSSD/formulog-artifact-evaluation/artifact/case_studies/symeval/benchmarks/interp-5/interp-5.ll>:main:102"	"</mnt/EXSSD/formulog-artifact-evaluation/artifact/case_studies/symeval/benchmarks/interp-5/interp-5.ll>:main:103"
"</mnt/EXSSD/formulog-artifact-evaluation/artifact/case_studies/symeval/benchmarks/interp-5/interp-5.ll>:main:103"	"</mnt/EXSSD/formulog-artifact-evaluation/artifact/case_studies/symeval/benchmarks/interp-5/interp-5.ll>:main:104"
"</mnt/EXSSD/formulog-artifact-evaluation/artifact/case_studies/symeval/benchmarks/interp-5/interp-5.ll>:main:104"	"</mnt/EXSSD/formulog-artifact-evaluation/artifact/case_studies/symeval/benchmarks/interp-5/interp-5.ll>:main:105"
"</mnt/EXSSD/formulog-artifact-evaluation/artifact/case_studies/symeval/benchmarks/interp-5/interp-5.ll>:main:105"	"</mnt/EXSSD/formulog-artifact-evaluation/artifact/case_studies/symeval/benchmarks/interp-5/interp-5.ll>:main:106"
"</mnt/EXSSD/formulog-artifact-evaluation/artifact/case_studies/symeval/benchmarks/interp-5/interp-5.ll>:main:106"	"</mnt/EXSSD/formulog-artifact-evaluation/artifact/case_studies/symeval/benchmarks/interp-5/interp-5.ll>:main:107"
"</mnt/EXSSD/formulog-artifact-evaluation/artifact/case_studies/symeval/benchmarks/interp-5/interp-5.ll>:main:107"	"</mnt/EXSSD/formulog-artifact-evaluation/artifact/case_studies/symeval/benchmarks/interp-5/interp-5.ll>:main:108"
"</mnt/EXSSD/formulog-artifact-evaluation/artifact/case_studies/symeval/benchmarks/interp-5/interp-5.ll>:main:108"	"</mnt/EXSSD/formulog-artifact-evaluation/artifact/case_studies/symeval/benchmarks/interp-5/interp-5.ll>:main:109"
"</mnt/EXSSD/formulog-artifact-evaluation/artifact/case_studies/symeval/benchmarks/interp-5/interp-5.ll>:main:109"	"</mnt/EXSSD/formulog-artifact-evaluation/artifact/case_studies/symeval/benchmarks/interp-5/interp-5.ll>:main:110"
"</mnt/EXSSD/formulog-artifact-evaluation/artifact/case_studies/symeval/benchmarks/interp-5/interp-5.ll>:main:110"	"</mnt/EXSSD/formulog-artifact-evaluation/artifact/case_studies/symeval/benchmarks/interp-5/interp-5.ll>:main:111"
"</mnt/EXSSD/formulog-artifact-evaluation/artifact/case_studies/symeval/benchmarks/interp-5/interp-5.ll>:main:111"	"</mnt/EXSSD/formulog-artifact-evaluation/artifact/case_studies/symeval/benchmarks/interp-5/interp-5.ll>:main:112"
"</mnt/EXSSD/formulog-artifact-evaluation/artifact/case_studies/symeval/benchmarks/interp-5/interp-5.ll>:main:112"	"</mnt/EXSSD/formulog-artifact-evaluation/artifact/case_studies/symeval/benchmarks/interp-5/interp-5.ll>:main:113"
"</mnt/EXSSD/formulog-artifact-evaluation/artifact/case_studies/symeval/benchmarks/interp-5/interp-5.ll>:main:113"	"</mnt/EXSSD/formulog-artifact-evaluation/artifact/case_studies/symeval/benchmarks/interp-5/interp-5.ll>:main:114"
"</mnt/EXSSD/formulog-artifact-evaluation/artifact/case_studies/symeval/benchmarks/interp-5/interp-5.ll>:main:114"	"</mnt/EXSSD/formulog-artifact-evaluation/artifact/case_studies/symeval/benchmarks/interp-5/interp-5.ll>:main:115"
"</mnt/EXSSD/formulog-artifact-evaluation/artifact/case_studies/symeval/benchmarks/interp-5/interp-5.ll>:main:115"	"</mnt/EXSSD/formulog-artifact-evaluation/artifact/case_studies/symeval/benchmarks/interp-5/interp-5.ll>:main:116"
"</mnt/EXSSD/formulog-artifact-evaluation/artifact/case_studies/symeval/benchmarks/interp-5/interp-5.ll>:main:116"	"</mnt/EXSSD/formulog-artifact-evaluation/artifact/case_studies/symeval/benchmarks/interp-5/interp-5.ll>:main:117"
"</mnt/EXSSD/formulog-artifact-evaluation/artifact/case_studies/symeval/benchmarks/interp-5/interp-5.ll>:main:117"	"</mnt/EXSSD/formulog-artifact-evaluation/artifact/case_studies/symeval/benchmarks/interp-5/interp-5.ll>:main:118"
"</mnt/EXSSD/formulog-artifact-evaluation/artifact/case_studies/symeval/benchmarks/interp-5/interp-5.ll>:main:118"	"</mnt/EXSSD/formulog-artifact-evaluation/artifact/case_studies/symeval/benchmarks/interp-5/interp-5.ll>:main:119"
"</mnt/EXSSD/formulog-artifact-evaluation/artifact/case_studies/symeval/benchmarks/interp-5/interp-5.ll>:main:119"	"</mnt/EXSSD/formulog-artifact-evaluation/artifact/case_studies/symeval/benchmarks/interp-5/interp-5.ll>:main:120"
"</mnt/EXSSD/formulog-artifact-evaluation/artifact/case_studies/symeval/benchmarks/interp-5/interp-5.ll>:main:120"	"</mnt/EXSSD/formulog-artifact-evaluation/artifact/case_studies/symeval/benchmarks/interp-5/interp-5.ll>:main:121"
"</mnt/EXSSD/formulog-artifact-evaluation/artifact/case_studies/symeval/benchmarks/interp-5/interp-5.ll>:main:121"	"</mnt/EXSSD/formulog-artifact-evaluation/artifact/case_studies/symeval/benchmarks/interp-5/interp-5.ll>:main:122"
"</mnt/EXSSD/formulog-artifact-evaluation/artifact/case_studies/symeval/benchmarks/interp-5/interp-5.ll>:main:122"	"</mnt/EXSSD/formulog-artifact-evaluation/artifact/case_studies/symeval/benchmarks/interp-5/interp-5.ll>:main:123"
"</mnt/EXSSD/formulog-artifact-evaluation/artifact/case_studies/symeval/benchmarks/interp-5/interp-5.ll>:main:123"	"</mnt/EXSSD/formulog-artifact-evaluation/artifact/case_studies/symeval/benchmarks/interp-5/interp-5.ll>:main:124"
"</mnt/EXSSD/formulog-artifact-evaluation/artifact/case_studies/symeval/benchmarks/interp-5/interp-5.ll>:main:124"	"</mnt/EXSSD/formulog-artifact-evaluation/artifact/case_studies/symeval/benchmarks/interp-5/interp-5.ll>:main:125"
"</mnt/EXSSD/formulog-artifact-evaluation/artifact/case_studies/symeval/benchmarks/interp-5/interp-5.ll>:main:125"	"</mnt/EXSSD/formulog-artifact-evaluation/artifact/case_studies/symeval/benchmarks/interp-5/interp-5.ll>:main:126"
"</mnt/EXSSD/formulog-artifact-evaluation/artifact/case_studies/symeval/benchmarks/interp-5/interp-5.ll>:main:126"	"</mnt/EXSSD/formulog-artifact-evaluation/artifact/case_studies/symeval/benchmarks/interp-5/interp-5.ll>:main:127"
"</mnt/EXSSD/formulog-artifact-evaluation/artifact/case_studies/symeval/benchmarks/interp-5/interp-5.ll>:main:127"	"</mnt/EXSSD/formulog-artifact-evaluation/artifact/case_studies/symeval/benchmarks/interp-5/interp-5.ll>:main:128"
"</mnt/EXSSD/formulog-artifact-evaluation/artifact/case_studies/symeval/benchmarks/interp-5/interp-5.ll>:main:128"	"</mnt/EXSSD/formulog-artifact-evaluation/artifact/case_studies/symeval/benchmarks/interp-5/interp-5.ll>:main:129"
"</mnt/EXSSD/formulog-artifact-evaluation/artifact/case_studies/symeval/benchmarks/interp-5/interp-5.ll>:main:129"	"</mnt/EXSSD/formulog-artifact-evaluation/artifact/case_studies/symeval/benchmarks/interp-5/interp-5.ll>:main:130"
"</mnt/EXSSD/formulog-artifact-evaluation/artifact/case_studies/symeval/benchmarks/interp-5/interp-5.ll>:main:130"	"</mnt/EXSSD/formulog-artifact-evaluation/artifact/case_studies/symeval/benchmarks/interp-5/interp-5.ll>:main:131"
"</mnt/EXSSD/formulog-artifact-evaluation/artifact/case_studies/symeval/benchmarks/interp-5/interp-5.ll>:main:131"	"</mnt/EXSSD/formulog-artifact-evaluation/artifact/case_studies/symeval/benchmarks/interp-5/interp-5.ll>:main:132"
"</mnt/EXSSD/formulog-artifact-evaluation/artifact/case_studies/symeval/benchmarks/interp-5/interp-5.ll>:main:132"	"</mnt/EXSSD/formulog-artifact-evaluation/artifact/case_studies/symeval/benchmarks/interp-5/interp-5.ll>:main:133"
"</mnt/EXSSD/formulog-artifact-evaluation/artifact/case_studies/symeval/benchmarks/interp-5/interp-5.ll>:main:133"	"</mnt/EXSSD/formulog-artifact-evaluation/artifact/case_studies/symeval/benchmarks/interp-5/interp-5.ll>:main:134"
"</mnt/EXSSD/formulog-artifact-evaluation/artifact/case_studies/symeval/benchmarks/interp-5/interp-5.ll>:main:134"	"</mnt/EXSSD/formulog-artifact-evaluation/artifact/case_studies/symeval/benchmarks/interp-5/interp-5.ll>:main:135"
"</mnt/EXSSD/formulog-artifact-evaluation/artifact/case_studies/symeval/benchmarks/interp-5/interp-5.ll>:main:135"	"</mnt/EXSSD/formulog-artifact-evaluation/artifact/case_studies/symeval/benchmarks/interp-5/interp-5.ll>:main:136"
"</mnt/EXSSD/formulog-artifact-evaluation/artifact/case_studies/symeval/benchmarks/interp-5/interp-5.ll>:main:136"	"</mnt/EXSSD/formulog-artifact-evaluation/artifact/case_studies/symeval/benchmarks/interp-5/interp-5.ll>:main:137"
"</mnt/EXSSD/formulog-artifact-evaluation/artifact/case_studies/symeval/benchmarks/interp-5/interp-5.ll>:main:137"	"</mnt/EXSSD/formulog-artifact-evaluation/artifact/case_studies/symeval/benchmarks/interp-5/interp-5.ll>:main:138"
"</mnt/EXSSD/formulog-artifact-evaluation/artifact/case_studies/symeval/benchmarks/interp-5/interp-5.ll>:main:138"	"</mnt/EXSSD/formulog-artifact-evaluation/artifact/case_studies/symeval/benchmarks/interp-5/interp-5.ll>:main:139"
"</mnt/EXSSD/formulog-artifact-evaluation/artifact/case_studies/symeval/benchmarks/interp-5/interp-5.ll>:main:139"	"</mnt/EXSSD/formulog-artifact-evaluation/artifact/case_studies/symeval/benchmarks/interp-5/interp-5.ll>:main:140"
"</mnt/EXSSD/formulog-artifact-evaluation/artifact/case_studies/symeval/benchmarks/interp-5/interp-5.ll>:main:140"	"</mnt/EXSSD/formulog-artifact-evaluation/artifact/case_studies/symeval/benchmarks/interp-5/interp-5.ll>:main:141"
"</mnt/EXSSD/formulog-artifact-evaluation/artifact/case_studies/symeval/benchmarks/interp-5/interp-5.ll>:main:141"	"</mnt/EXSSD/formulog-artifact-evaluation/artifact/case_studies/symeval/benchmarks/interp-5/interp-5.ll>:main:142"
"</mnt/EXSSD/formulog-artifact-evaluation/artifact/case_studies/symeval/benchmarks/interp-5/interp-5.ll>:main:142"	"</mnt/EXSSD/formulog-artifact-evaluation/artifact/case_studies/symeval/benchmarks/interp-5/interp-5.ll>:main:143"
"</mnt/EXSSD/formulog-artifact-evaluation/artifact/case_studies/symeval/benchmarks/interp-5/interp-5.ll>:main:143"	"</mnt/EXSSD/formulog-artifact-evaluation/artifact/case_studies/symeval/benchmarks/interp-5/interp-5.ll>:main:144"
"</mnt/EXSSD/formulog-artifact-evaluation/artifact/case_studies/symeval/benchmarks/interp-5/interp-5.ll>:main:144"	"</mnt/EXSSD/formulog-artifact-evaluation/artifact/case_studies/symeval/benchmarks/interp-5/interp-5.ll>:main:145"
"</mnt/EXSSD/formulog-artifact-evaluation/artifact/case_studies/symeval/benchmarks/interp-5/interp-5.ll>:main:145"	"</mnt/EXSSD/formulog-artifact-evaluation/artifact/case_studies/symeval/benchmarks/interp-5/interp-5.ll>:main:146"
"</mnt/EXSSD/formulog-artifact-evaluation/artifact/case_studies/symeval/benchmarks/interp-5/interp-5.ll>:main:146"	"</mnt/EXSSD/formulog-artifact-evaluation/artifact/case_studies/symeval/benchmarks/interp-5/interp-5.ll>:main:147"
"</mnt/EXSSD/formulog-artifact-evaluation/artifact/case_studies/symeval/benchmarks/interp-5/interp-5.ll>:main:147"	"</mnt/EXSSD/formulog-artifact-evaluation/artifact/case_studies/symeval/benchmarks/interp-5/interp-5.ll>:main:148"
"</mnt/EXSSD/formulog-artifact-evaluation/artifact/case_studies/symeval/benchmarks/interp-5/interp-5.ll>:main:148"	"</mnt/EXSSD/formulog-artifact-evaluation/artifact/case_studies/symeval/benchmarks/interp-5/interp-5.ll>:main:149"
"</mnt/EXSSD/formulog-artifact-evaluation/artifact/case_studies/symeval/benchmarks/interp-5/interp-5.ll>:main:149"	"</mnt/EXSSD/formulog-artifact-evaluation/artifact/case_studies/symeval/benchmarks/interp-5/interp-5.ll>:main:150"
"</mnt/EXSSD/formulog-artifact-evaluation/artifact/case_studies/symeval/benchmarks/interp-5/interp-5.ll>:main:150"	"</mnt/EXSSD/formulog-artifact-evaluation/artifact/case_studies/symeval/benchmarks/interp-5/interp-5.ll>:main:151"
"</mnt/EXSSD/formulog-artifact-evaluation/artifact/case_studies/symeval/benchmarks/interp-5/interp-5.ll>:main:151"	"</mnt/EXSSD/formulog-artifact-evaluation/artifact/case_studies/symeval/benchmarks/interp-5/interp-5.ll>:main:152"
"</mnt/EXSSD/formulog-artifact-evaluation/artifact/case_studies/symeval/benchmarks/interp-5/interp-5.ll>:main:152"	"</mnt/EXSSD/formulog-artifact-evaluation/artifact/case_studies/symeval/benchmarks/interp-5/interp-5.ll>:main:153"
"</mnt/EXSSD/formulog-artifact-evaluation/artifact/case_studies/symeval/benchmarks/interp-5/interp-5.ll>:main:153"	"</mnt/EXSSD/formulog-artifact-evaluation/artifact/case_studies/symeval/benchmarks/interp-5/interp-5.ll>:main:154"
"</mnt/EXSSD/formulog-artifact-evaluation/artifact/case_studies/symeval/benchmarks/interp-5/interp-5.ll>:main:154"	"</mnt/EXSSD/formulog-artifact-evaluation/artifact/case_studies/symeval/benchmarks/interp-5/interp-5.ll>:main:155"
"</mnt/EXSSD/formulog-artifact-evaluation/artifact/case_studies/symeval/benchmarks/interp-5/interp-5.ll>:main:155"	"</mnt/EXSSD/formulog-artifact-evaluation/artifact/case_studies/symeval/benchmarks/interp-5/interp-5.ll>:main:156"
"</mnt/EXSSD/formulog-artifact-evaluation/artifact/case_studies/symeval/benchmarks/interp-5/interp-5.ll>:main:156"	"</mnt/EXSSD/formulog-artifact-evaluation/artifact/case_studies/symeval/benchmarks/interp-5/interp-5.ll>:main:157"
"</mnt/EXSSD/formulog-artifact-evaluation/artifact/case_studies/symeval/benchmarks/interp-5/interp-5.ll>:main:157"	"</mnt/EXSSD/formulog-artifact-evaluation/artifact/case_studies/symeval/benchmarks/interp-5/interp-5.ll>:main:158"
"</mnt/EXSSD/formulog-artifact-evaluation/artifact/case_studies/symeval/benchmarks/interp-5/interp-5.ll>:main:158"	"</mnt/EXSSD/formulog-artifact-evaluation/artifact/case_studies/symeval/benchmarks/interp-5/interp-5.ll>:main:159"
"</mnt/EXSSD/formulog-artifact-evaluation/artifact/case_studies/symeval/benchmarks/interp-5/interp-5.ll>:main:159"	"</mnt/EXSSD/formulog-artifact-evaluation/artifact/case_studies/symeval/benchmarks/interp-5/interp-5.ll>:main:160"
"</mnt/EXSSD/formulog-artifact-evaluation/artifact/case_studies/symeval/benchmarks/interp-5/interp-5.ll>:main:160"	"</mnt/EXSSD/formulog-artifact-evaluation/artifact/case_studies/symeval/benchmarks/interp-5/interp-5.ll>:main:161"
"</mnt/EXSSD/formulog-artifact-evaluation/artifact/case_studies/symeval/benchmarks/interp-5/interp-5.ll>:main:161"	"</mnt/EXSSD/formulog-artifact-evaluation/artifact/case_studies/symeval/benchmarks/interp-5/interp-5.ll>:main:162"
"</mnt/EXSSD/formulog-artifact-evaluation/artifact/case_studies/symeval/benchmarks/interp-5/interp-5.ll>:main:162"	"</mnt/EXSSD/formulog-artifact-evaluation/artifact/case_studies/symeval/benchmarks/interp-5/interp-5.ll>:main:163"
"</mnt/EXSSD/formulog-artifact-evaluation/artifact/case_studies/symeval/benchmarks/interp-5/interp-5.ll>:main:163"	"</mnt/EXSSD/formulog-artifact-evaluation/artifact/case_studies/symeval/benchmarks/interp-5/interp-5.ll>:main:164"
"</mnt/EXSSD/formulog-artifact-evaluation/artifact/case_studies/symeval/benchmarks/interp-5/interp-5.ll>:main:164"	"</mnt/EXSSD/formulog-artifact-evaluation/artifact/case_studies/symeval/benchmarks/interp-5/interp-5.ll>:main:165"
"</mnt/EXSSD/formulog-artifact-evaluation/artifact/case_studies/symeval/benchmarks/interp-5/interp-5.ll>:main:165"	"</mnt/EXSSD/formulog-artifact-evaluation/artifact/case_studies/symeval/benchmarks/interp-5/interp-5.ll>:main:166"
"</mnt/EXSSD/formulog-artifact-evaluation/artifact/case_studies/symeval/benchmarks/interp-5/interp-5.ll>:main:166"	"</mnt/EXSSD/formulog-artifact-evaluation/artifact/case_studies/symeval/benchmarks/interp-5/interp-5.ll>:main:167"
"</mnt/EXSSD/formulog-artifact-evaluation/artifact/case_studies/symeval/benchmarks/interp-5/interp-5.ll>:main:167"	"</mnt/EXSSD/formulog-artifact-evaluation/artifact/case_studies/symeval/benchmarks/interp-5/interp-5.ll>:main:168"
"</mnt/EXSSD/formulog-artifact-evaluation/artifact/case_studies/symeval/benchmarks/interp-5/interp-5.ll>:main:168"	"</mnt/EXSSD/formulog-artifact-evaluation/artifact/case_studies/symeval/benchmarks/interp-5/interp-5.ll>:main:169"
"</mnt/EXSSD/formulog-artifact-evaluation/artifact/case_studies/symeval/benchmarks/interp-5/interp-5.ll>:main:169"	"</mnt/EXSSD/formulog-artifact-evaluation/artifact/case_studies/symeval/benchmarks/interp-5/interp-5.ll>:main:170"
"</mnt/EXSSD/formulog-artifact-evaluation/artifact/case_studies/symeval/benchmarks/interp-5/interp-5.ll>:main:170"	"</mnt/EXSSD/formulog-artifact-evaluation/artifact/case_studies/symeval/benchmarks/interp-5/interp-5.ll>:main:171"
"</mnt/EXSSD/formulog-artifact-evaluation/artifact/case_studies/symeval/benchmarks/interp-5/interp-5.ll>:main:171"	"</mnt/EXSSD/formulog-artifact-evaluation/artifact/case_studies/symeval/benchmarks/interp-5/interp-5.ll>:main:172"
"</mnt/EXSSD/formulog-artifact-evaluation/artifact/case_studies/symeval/benchmarks/interp-5/interp-5.ll>:main:172"	"</mnt/EXSSD/formulog-artifact-evaluation/artifact/case_studies/symeval/benchmarks/interp-5/interp-5.ll>:main:173"
"</mnt/EXSSD/formulog-artifact-evaluation/artifact/case_studies/symeval/benchmarks/interp-5/interp-5.ll>:main:173"	"</mnt/EXSSD/formulog-artifact-evaluation/artifact/case_studies/symeval/benchmarks/interp-5/interp-5.ll>:main:174"
"</mnt/EXSSD/formulog-artifact-evaluation/artifact/case_studies/symeval/benchmarks/interp-5/interp-5.ll>:main:174"	"</mnt/EXSSD/formulog-artifact-evaluation/artifact/case_studies/symeval/benchmarks/interp-5/interp-5.ll>:main:175"
"</mnt/EXSSD/formulog-artifact-evaluation/artifact/case_studies/symeval/benchmarks/interp-5/interp-5.ll>:main:175"	"</mnt/EXSSD/formulog-artifact-evaluation/artifact/case_studies/symeval/benchmarks/interp-5/interp-5.ll>:main:176"
"</mnt/EXSSD/formulog-artifact-evaluation/artifact/case_studies/symeval/benchmarks/interp-5/interp-5.ll>:main:176"	"</mnt/EXSSD/formulog-artifact-evaluation/artifact/case_studies/symeval/benchmarks/interp-5/interp-5.ll>:main:177"
"</mnt/EXSSD/formulog-artifact-evaluation/artifact/case_studies/symeval/benchmarks/interp-5/interp-5.ll>:main:177"	"</mnt/EXSSD/formulog-artifact-evaluation/artifact/case_studies/symeval/benchmarks/interp-5/interp-5.ll>:main:178"
"</mnt/EXSSD/formulog-artifact-evaluation/artifact/case_studies/symeval/benchmarks/interp-5/interp-5.ll>:main:178"	"</mnt/EXSSD/formulog-artifact-evaluation/artifact/case_studies/symeval/benchmarks/interp-5/interp-5.ll>:main:179"
"</mnt/EXSSD/formulog-artifact-evaluation/artifact/case_studies/symeval/benchmarks/interp-5/interp-5.ll>:main:179"	"</mnt/EXSSD/formulog-artifact-evaluation/artifact/case_studies/symeval/benchmarks/interp-5/interp-5.ll>:main:180"
"</mnt/EXSSD/formulog-artifact-evaluation/artifact/case_studies/symeval/benchmarks/interp-5/interp-5.ll>:main:180"	"</mnt/EXSSD/formulog-artifact-evaluation/artifact/case_studies/symeval/benchmarks/interp-5/interp-5.ll>:main:181"
"</mnt/EXSSD/formulog-artifact-evaluation/artifact/case_studies/symeval/benchmarks/interp-5/interp-5.ll>:main:181"	"</mnt/EXSSD/formulog-artifact-evaluation/artifact/case_studies/symeval/benchmarks/interp-5/interp-5.ll>:main:182"
"</mnt/EXSSD/formulog-artifact-evaluation/artifact/case_studies/symeval/benchmarks/interp-5/interp-5.ll>:main:182"	"</mnt/EXSSD/formulog-artifact-evaluation/artifact/case_studies/symeval/benchmarks/interp-5/interp-5.ll>:main:183"
"</mnt/EXSSD/formulog-artifact-evaluation/artifact/case_studies/symeval/benchmarks/interp-5/interp-5.ll>:main:183"	"</mnt/EXSSD/formulog-artifact-evaluation/artifact/case_studies/symeval/benchmarks/interp-5/interp-5.ll>:main:184"
"</mnt/EXSSD/formulog-artifact-evaluation/artifact/case_studies/symeval/benchmarks/interp-5/interp-5.ll>:main:184"	"</mnt/EXSSD/formulog-artifact-evaluation/artifact/case_studies/symeval/benchmarks/interp-5/interp-5.ll>:main:185"
"</mnt/EXSSD/formulog-artifact-evaluation/artifact/case_studies/symeval/benchmarks/interp-5/interp-5.ll>:main:185"	"</mnt/EXSSD/formulog-artifact-evaluation/artifact/case_studies/symeval/benchmarks/interp-5/interp-5.ll>:main:186"
"</mnt/EXSSD/formulog-artifact-evaluation/artifact/case_studies/symeval/benchmarks/interp-5/interp-5.ll>:main:186"	"</mnt/EXSSD/formulog-artifact-evaluation/artifact/case_studies/symeval/benchmarks/interp-5/interp-5.ll>:main:187"
"</mnt/EXSSD/formulog-artifact-evaluation/artifact/case_studies/symeval/benchmarks/interp-5/interp-5.ll>:main:187"	"</mnt/EXSSD/formulog-artifact-evaluation/artifact/case_studies/symeval/benchmarks/interp-5/interp-5.ll>:main:188"
"</mnt/EXSSD/formulog-artifact-evaluation/artifact/case_studies/symeval/benchmarks/interp-5/interp-5.ll>:main:188"	"</mnt/EXSSD/formulog-artifact-evaluation/artifact/case_studies/symeval/benchmarks/interp-5/interp-5.ll>:main:189"
"</mnt/EXSSD/formulog-artifact-evaluation/artifact/case_studies/symeval/benchmarks/interp-5/interp-5.ll>:main:189"	"</mnt/EXSSD/formulog-artifact-evaluation/artifact/case_studies/symeval/benchmarks/interp-5/interp-5.ll>:main:190"
"</mnt/EXSSD/formulog-artifact-evaluation/artifact/case_studies/symeval/benchmarks/interp-5/interp-5.ll>:main:190"	"</mnt/EXSSD/formulog-artifact-evaluation/artifact/case_studies/symeval/benchmarks/interp-5/interp-5.ll>:main:191"
"</mnt/EXSSD/formulog-artifact-evaluation/artifact/case_studies/symeval/benchmarks/interp-5/interp-5.ll>:main:191"	"</mnt/EXSSD/formulog-artifact-evaluation/artifact/case_studies/symeval/benchmarks/interp-5/interp-5.ll>:main:192"
"</mnt/EXSSD/formulog-artifact-evaluation/artifact/case_studies/symeval/benchmarks/interp-5/interp-5.ll>:main:192"	"</mnt/EXSSD/formulog-artifact-evaluation/artifact/case_studies/symeval/benchmarks/interp-5/interp-5.ll>:main:193"
"</mnt/EXSSD/formulog-artifact-evaluation/artifact/case_studies/symeval/benchmarks/interp-5/interp-5.ll>:main:193"	"</mnt/EXSSD/formulog-artifact-evaluation/artifact/case_studies/symeval/benchmarks/interp-5/interp-5.ll>:main:194"
"</mnt/EXSSD/formulog-artifact-evaluation/artifact/case_studies/symeval/benchmarks/interp-5/interp-5.ll>:main:194"	"</mnt/EXSSD/formulog-artifact-evaluation/artifact/case_studies/symeval/benchmarks/interp-5/interp-5.ll>:main:195"
"</mnt/EXSSD/formulog-artifact-evaluation/artifact/case_studies/symeval/benchmarks/interp-5/interp-5.ll>:main:195"	"</mnt/EXSSD/formulog-artifact-evaluation/artifact/case_studies/symeval/benchmarks/interp-5/interp-5.ll>:main:196"
"</mnt/EXSSD/formulog-artifact-evaluation/artifact/case_studies/symeval/benchmarks/interp-5/interp-5.ll>:main:196"	"</mnt/EXSSD/formulog-artifact-evaluation/artifact/case_studies/symeval/benchmarks/interp-5/interp-5.ll>:main:197"
"</mnt/EXSSD/formulog-artifact-evaluation/artifact/case_studies/symeval/benchmarks/interp-5/interp-5.ll>:main:197"	"</mnt/EXSSD/formulog-artifact-evaluation/artifact/case_studies/symeval/benchmarks/interp-5/interp-5.ll>:main:198"
"</mnt/EXSSD/formulog-artifact-evaluation/artifact/case_studies/symeval/benchmarks/interp-5/interp-5.ll>:main:198"	"</mnt/EXSSD/formulog-artifact-evaluation/artifact/case_studies/symeval/benchmarks/interp-5/interp-5.ll>:main:199"
"</mnt/EXSSD/formulog-artifact-evaluation/artifact/case_studies/symeval/benchmarks/interp-5/interp-5.ll>:main:199"	"</mnt/EXSSD/formulog-artifact-evaluation/artifact/case_studies/symeval/benchmarks/interp-5/interp-5.ll>:main:200"
"</mnt/EXSSD/formulog-artifact-evaluation/artifact/case_studies/symeval/benchmarks/interp-5/interp-5.ll>:main:200"	"</mnt/EXSSD/formulog-artifact-evaluation/artifact/case_studies/symeval/benchmarks/interp-5/interp-5.ll>:main:201"
"</mnt/EXSSD/formulog-artifact-evaluation/artifact/case_studies/symeval/benchmarks/interp-5/interp-5.ll>:main:201"	"</mnt/EXSSD/formulog-artifact-evaluation/artifact/case_studies/symeval/benchmarks/interp-5/interp-5.ll>:main:202"
"</mnt/EXSSD/formulog-artifact-evaluation/artifact/case_studies/symeval/benchmarks/interp-5/interp-5.ll>:main:202"	"</mnt/EXSSD/formulog-artifact-evaluation/artifact/case_studies/symeval/benchmarks/interp-5/interp-5.ll>:main:203"
"</mnt/EXSSD/formulog-artifact-evaluation/artifact/case_studies/symeval/benchmarks/interp-5/interp-5.ll>:main:203"	"</mnt/EXSSD/formulog-artifact-evaluation/artifact/case_studies/symeval/benchmarks/interp-5/interp-5.ll>:main:204"
"</mnt/EXSSD/formulog-artifact-evaluation/artifact/case_studies/symeval/benchmarks/interp-5/interp-5.ll>:main:204"	"</mnt/EXSSD/formulog-artifact-evaluation/artifact/case_studies/symeval/benchmarks/interp-5/interp-5.ll>:main:205"
"</mnt/EXSSD/formulog-artifact-evaluation/artifact/case_studies/symeval/benchmarks/interp-5/interp-5.ll>:main:205"	"</mnt/EXSSD/formulog-artifact-evaluation/artifact/case_studies/symeval/benchmarks/interp-5/interp-5.ll>:main:206"
"</mnt/EXSSD/formulog-artifact-evaluation/artifact/case_studies/symeval/benchmarks/interp-5/interp-5.ll>:main:206"	"</mnt/EXSSD/formulog-artifact-evaluation/artifact/case_studies/symeval/benchmarks/interp-5/interp-5.ll>:main:207"
"</mnt/EXSSD/formulog-artifact-evaluation/artifact/case_studies/symeval/benchmarks/interp-5/interp-5.ll>:main:207"	"</mnt/EXSSD/formulog-artifact-evaluation/artifact/case_studies/symeval/benchmarks/interp-5/interp-5.ll>:main:208"
"</mnt/EXSSD/formulog-artifact-evaluation/artifact/case_studies/symeval/benchmarks/interp-5/interp-5.ll>:main:208"	"</mnt/EXSSD/formulog-artifact-evaluation/artifact/case_studies/symeval/benchmarks/interp-5/interp-5.ll>:main:209"
"</mnt/EXSSD/formulog-artifact-evaluation/artifact/case_studies/symeval/benchmarks/interp-5/interp-5.ll>:main:209"	"</mnt/EXSSD/formulog-artifact-evaluation/artifact/case_studies/symeval/benchmarks/interp-5/interp-5.ll>:main:210"
"</mnt/EXSSD/formulog-artifact-evaluation/artifact/case_studies/symeval/benchmarks/interp-5/interp-5.ll>:main:210"	"</mnt/EXSSD/formulog-artifact-evaluation/artifact/case_studies/symeval/benchmarks/interp-5/interp-5.ll>:main:211"
"</mnt/EXSSD/formulog-artifact-evaluation/artifact/case_studies/symeval/benchmarks/interp-5/interp-5.ll>:main:211"	"</mnt/EXSSD/formulog-artifact-evaluation/artifact/case_studies/symeval/benchmarks/interp-5/interp-5.ll>:main:212"
"</mnt/EXSSD/formulog-artifact-evaluation/artifact/case_studies/symeval/benchmarks/interp-5/interp-5.ll>:main:212"	"</mnt/EXSSD/formulog-artifact-evaluation/artifact/case_studies/symeval/benchmarks/interp-5/interp-5.ll>:main:213"
"</mnt/EXSSD/formulog-artifact-evaluation/artifact/case_studies/symeval/benchmarks/interp-5/interp-5.ll>:main:213"	"</mnt/EXSSD/formulog-artifact-evaluation/artifact/case_studies/symeval/benchmarks/interp-5/interp-5.ll>:main:214"
"</mnt/EXSSD/formulog-artifact-evaluation/artifact/case_studies/symeval/benchmarks/interp-5/interp-5.ll>:main:214"	"</mnt/EXSSD/formulog-artifact-evaluation/artifact/case_studies/symeval/benchmarks/interp-5/interp-5.ll>:main:215"
"</mnt/EXSSD/formulog-artifact-evaluation/artifact/case_studies/symeval/benchmarks/interp-5/interp-5.ll>:main:215"	"</mnt/EXSSD/formulog-artifact-evaluation/artifact/case_studies/symeval/benchmarks/interp-5/interp-5.ll>:main:216"
"</mnt/EXSSD/formulog-artifact-evaluation/artifact/case_studies/symeval/benchmarks/interp-5/interp-5.ll>:main:216"	"</mnt/EXSSD/formulog-artifact-evaluation/artifact/case_studies/symeval/benchmarks/interp-5/interp-5.ll>:main:217"
"</mnt/EXSSD/formulog-artifact-evaluation/artifact/case_studies/symeval/benchmarks/interp-5/interp-5.ll>:main:217"	"</mnt/EXSSD/formulog-artifact-evaluation/artifact/case_studies/symeval/benchmarks/interp-5/interp-5.ll>:main:218"
"</mnt/EXSSD/formulog-artifact-evaluation/artifact/case_studies/symeval/benchmarks/interp-5/interp-5.ll>:main:218"	"</mnt/EXSSD/formulog-artifact-evaluation/artifact/case_studies/symeval/benchmarks/interp-5/interp-5.ll>:main:219"
"</mnt/EXSSD/formulog-artifact-evaluation/artifact/case_studies/symeval/benchmarks/interp-5/interp-5.ll>:main:219"	"</mnt/EXSSD/formulog-artifact-evaluation/artifact/case_studies/symeval/benchmarks/interp-5/interp-5.ll>:main:220"
"</mnt/EXSSD/formulog-artifact-evaluation/artifact/case_studies/symeval/benchmarks/interp-5/interp-5.ll>:main:220"	"</mnt/EXSSD/formulog-artifact-evaluation/artifact/case_studies/symeval/benchmarks/interp-5/interp-5.ll>:main:221"
"</mnt/EXSSD/formulog-artifact-evaluation/artifact/case_studies/symeval/benchmarks/interp-5/interp-5.ll>:main:221"	"</mnt/EXSSD/formulog-artifact-evaluation/artifact/case_studies/symeval/benchmarks/interp-5/interp-5.ll>:main:222"
"</mnt/EXSSD/formulog-artifact-evaluation/artifact/case_studies/symeval/benchmarks/interp-5/interp-5.ll>:main:222"	"</mnt/EXSSD/formulog-artifact-evaluation/artifact/case_studies/symeval/benchmarks/interp-5/interp-5.ll>:main:223"
"</mnt/EXSSD/formulog-artifact-evaluation/artifact/case_studies/symeval/benchmarks/interp-5/interp-5.ll>:main:223"	"</mnt/EXSSD/formulog-artifact-evaluation/artifact/case_studies/symeval/benchmarks/interp-5/interp-5.ll>:main:224"
"</mnt/EXSSD/formulog-artifact-evaluation/artifact/case_studies/symeval/benchmarks/interp-5/interp-5.ll>:main:224"	"</mnt/EXSSD/formulog-artifact-evaluation/artifact/case_studies/symeval/benchmarks/interp-5/interp-5.ll>:main:225"
"</mnt/EXSSD/formulog-artifact-evaluation/artifact/case_studies/symeval/benchmarks/interp-5/interp-5.ll>:main:225"	"</mnt/EXSSD/formulog-artifact-evaluation/artifact/case_studies/symeval/benchmarks/interp-5/interp-5.ll>:main:226"
"</mnt/EXSSD/formulog-artifact-evaluation/artifact/case_studies/symeval/benchmarks/interp-5/interp-5.ll>:main:226"	"</mnt/EXSSD/formulog-artifact-evaluation/artifact/case_studies/symeval/benchmarks/interp-5/interp-5.ll>:main:227"
"</mnt/EXSSD/formulog-artifact-evaluation/artifact/case_studies/symeval/benchmarks/interp-5/interp-5.ll>:main:227"	"</mnt/EXSSD/formulog-artifact-evaluation/artifact/case_studies/symeval/benchmarks/interp-5/interp-5.ll>:main:228"
"</mnt/EXSSD/formulog-artifact-evaluation/artifact/case_studies/symeval/benchmarks/interp-5/interp-5.ll>:main:228"	"</mnt/EXSSD/formulog-artifact-evaluation/artifact/case_studies/symeval/benchmarks/interp-5/interp-5.ll>:main:229"
"</mnt/EXSSD/formulog-artifact-evaluation/artifact/case_studies/symeval/benchmarks/interp-5/interp-5.ll>:main:229"	"</mnt/EXSSD/formulog-artifact-evaluation/artifact/case_studies/symeval/benchmarks/interp-5/interp-5.ll>:main:230"
"</mnt/EXSSD/formulog-artifact-evaluation/artifact/case_studies/symeval/benchmarks/interp-5/interp-5.ll>:main:230"	"</mnt/EXSSD/formulog-artifact-evaluation/artifact/case_studies/symeval/benchmarks/interp-5/interp-5.ll>:main:231"
"</mnt/EXSSD/formulog-artifact-evaluation/artifact/case_studies/symeval/benchmarks/interp-5/interp-5.ll>:main:231"	"</mnt/EXSSD/formulog-artifact-evaluation/artifact/case_studies/symeval/benchmarks/interp-5/interp-5.ll>:main:232"
"</mnt/EXSSD/formulog-artifact-evaluation/artifact/case_studies/symeval/benchmarks/interp-5/interp-5.ll>:main:232"	"</mnt/EXSSD/formulog-artifact-evaluation/artifact/case_studies/symeval/benchmarks/interp-5/interp-5.ll>:main:233"
"</mnt/EXSSD/formulog-artifact-evaluation/artifact/case_studies/symeval/benchmarks/interp-5/interp-5.ll>:main:233"	"</mnt/EXSSD/formulog-artifact-evaluation/artifact/case_studies/symeval/benchmarks/interp-5/interp-5.ll>:main:234"
"</mnt/EXSSD/formulog-artifact-evaluation/artifact/case_studies/symeval/benchmarks/interp-5/interp-5.ll>:main:234"	"</mnt/EXSSD/formulog-artifact-evaluation/artifact/case_studies/symeval/benchmarks/interp-5/interp-5.ll>:main:235"
"</mnt/EXSSD/formulog-artifact-evaluation/artifact/case_studies/symeval/benchmarks/interp-5/interp-5.ll>:main:235"	"</mnt/EXSSD/formulog-artifact-evaluation/artifact/case_studies/symeval/benchmarks/interp-5/interp-5.ll>:main:236"
"</mnt/EXSSD/formulog-artifact-evaluation/artifact/case_studies/symeval/benchmarks/interp-5/interp-5.ll>:main:236"	"</mnt/EXSSD/formulog-artifact-evaluation/artifact/case_studies/symeval/benchmarks/interp-5/interp-5.ll>:main:237"
"</mnt/EXSSD/formulog-artifact-evaluation/artifact/case_studies/symeval/benchmarks/interp-5/interp-5.ll>:main:237"	"</mnt/EXSSD/formulog-artifact-evaluation/artifact/case_studies/symeval/benchmarks/interp-5/interp-5.ll>:main:238"
"</mnt/EXSSD/formulog-artifact-evaluation/artifact/case_studies/symeval/benchmarks/interp-5/interp-5.ll>:main:238"	"</mnt/EXSSD/formulog-artifact-evaluation/artifact/case_studies/symeval/benchmarks/interp-5/interp-5.ll>:main:239"
"</mnt/EXSSD/formulog-artifact-evaluation/artifact/case_studies/symeval/benchmarks/interp-5/interp-5.ll>:main:239"	"</mnt/EXSSD/formulog-artifact-evaluation/artifact/case_studies/symeval/benchmarks/interp-5/interp-5.ll>:main:240"
"</mnt/EXSSD/formulog-artifact-evaluation/artifact/case_studies/symeval/benchmarks/interp-5/interp-5.ll>:main:240"	"</mnt/EXSSD/formulog-artifact-evaluation/artifact/case_studies/symeval/benchmarks/interp-5/interp-5.ll>:main:241"
"</mnt/EXSSD/formulog-artifact-evaluation/artifact/case_studies/symeval/benchmarks/interp-5/interp-5.ll>:main:241"	"</mnt/EXSSD/formulog-artifact-evaluation/artifact/case_studies/symeval/benchmarks/interp-5/interp-5.ll>:main:242"
"</mnt/EXSSD/formulog-artifact-evaluation/artifact/case_studies/symeval/benchmarks/interp-5/interp-5.ll>:main:242"	"</mnt/EXSSD/formulog-artifact-evaluation/artifact/case_studies/symeval/benchmarks/interp-5/interp-5.ll>:main:243"
"</mnt/EXSSD/formulog-artifact-evaluation/artifact/case_studies/symeval/benchmarks/interp-5/interp-5.ll>:main:243"	"</mnt/EXSSD/formulog-artifact-evaluation/artifact/case_studies/symeval/benchmarks/interp-5/interp-5.ll>:main:244"
"</mnt/EXSSD/formulog-artifact-evaluation/artifact/case_studies/symeval/benchmarks/interp-5/interp-5.ll>:main:244"	"</mnt/EXSSD/formulog-artifact-evaluation/artifact/case_studies/symeval/benchmarks/interp-5/interp-5.ll>:main:245"
"</mnt/EXSSD/formulog-artifact-evaluation/artifact/case_studies/symeval/benchmarks/interp-5/interp-5.ll>:main:245"	"</mnt/EXSSD/formulog-artifact-evaluation/artifact/case_studies/symeval/benchmarks/interp-5/interp-5.ll>:main:246"
"</mnt/EXSSD/formulog-artifact-evaluation/artifact/case_studies/symeval/benchmarks/interp-5/interp-5.ll>:main:246"	"</mnt/EXSSD/formulog-artifact-evaluation/artifact/case_studies/symeval/benchmarks/interp-5/interp-5.ll>:main:247"
"</mnt/EXSSD/formulog-artifact-evaluation/artifact/case_studies/symeval/benchmarks/interp-5/interp-5.ll>:main:247"	"</mnt/EXSSD/formulog-artifact-evaluation/artifact/case_studies/symeval/benchmarks/interp-5/interp-5.ll>:main:248"
"</mnt/EXSSD/formulog-artifact-evaluation/artifact/case_studies/symeval/benchmarks/interp-5/interp-5.ll>:main:248"	"</mnt/EXSSD/formulog-artifact-evaluation/artifact/case_studies/symeval/benchmarks/interp-5/interp-5.ll>:main:249"
"</mnt/EXSSD/formulog-artifact-evaluation/artifact/case_studies/symeval/benchmarks/interp-5/interp-5.ll>:main:249"	"</mnt/EXSSD/formulog-artifact-evaluation/artifact/case_studies/symeval/benchmarks/interp-5/interp-5.ll>:main:250"
"</mnt/EXSSD/formulog-artifact-evaluation/artifact/case_studies/symeval/benchmarks/interp-5/interp-5.ll>:main:250"	"</mnt/EXSSD/formulog-artifact-evaluation/artifact/case_studies/symeval/benchmarks/interp-5/interp-5.ll>:main:251"
"</mnt/EXSSD/formulog-artifact-evaluation/artifact/case_studies/symeval/benchmarks/interp-5/interp-5.ll>:main:251"	"</mnt/EXSSD/formulog-artifact-evaluation/artifact/case_studies/symeval/benchmarks/interp-5/interp-5.ll>:main:252"
"</mnt/EXSSD/formulog-artifact-evaluation/artifact/case_studies/symeval/benchmarks/interp-5/interp-5.ll>:main:252"	"</mnt/EXSSD/formulog-artifact-evaluation/artifact/case_studies/symeval/benchmarks/interp-5/interp-5.ll>:main:253"
"</mnt/EXSSD/formulog-artifact-evaluation/artifact/case_studies/symeval/benchmarks/interp-5/interp-5.ll>:main:253"	"</mnt/EXSSD/formulog-artifact-evaluation/artifact/case_studies/symeval/benchmarks/interp-5/interp-5.ll>:main:254"
"</mnt/EXSSD/formulog-artifact-evaluation/artifact/case_studies/symeval/benchmarks/interp-5/interp-5.ll>:main:254"	"</mnt/EXSSD/formulog-artifact-evaluation/artifact/case_studies/symeval/benchmarks/interp-5/interp-5.ll>:main:255"
"</mnt/EXSSD/formulog-artifact-evaluation/artifact/case_studies/symeval/benchmarks/interp-5/interp-5.ll>:main:255"	"</mnt/EXSSD/formulog-artifact-evaluation/artifact/case_studies/symeval/benchmarks/interp-5/interp-5.ll>:main:256"
"</mnt/EXSSD/formulog-artifact-evaluation/artifact/case_studies/symeval/benchmarks/interp-5/interp-5.ll>:main:256"	"</mnt/EXSSD/formulog-artifact-evaluation/artifact/case_studies/symeval/benchmarks/interp-5/interp-5.ll>:main:257"
"</mnt/EXSSD/formulog-artifact-evaluation/artifact/case_studies/symeval/benchmarks/interp-5/interp-5.ll>:main:257"	"</mnt/EXSSD/formulog-artifact-evaluation/artifact/case_studies/symeval/benchmarks/interp-5/interp-5.ll>:main:258"
"</mnt/EXSSD/formulog-artifact-evaluation/artifact/case_studies/symeval/benchmarks/interp-5/interp-5.ll>:main:258"	"</mnt/EXSSD/formulog-artifact-evaluation/artifact/case_studies/symeval/benchmarks/interp-5/interp-5.ll>:main:259"
"</mnt/EXSSD/formulog-artifact-evaluation/artifact/case_studies/symeval/benchmarks/interp-5/interp-5.ll>:main:259"	"</mnt/EXSSD/formulog-artifact-evaluation/artifact/case_studies/symeval/benchmarks/interp-5/interp-5.ll>:main:260"
"</mnt/EXSSD/formulog-artifact-evaluation/artifact/case_studies/symeval/benchmarks/interp-5/interp-5.ll>:main:260"	"</mnt/EXSSD/formulog-artifact-evaluation/artifact/case_studies/symeval/benchmarks/interp-5/interp-5.ll>:main:261"
"</mnt/EXSSD/formulog-artifact-evaluation/artifact/case_studies/symeval/benchmarks/interp-5/interp-5.ll>:main:261"	"</mnt/EXSSD/formulog-artifact-evaluation/artifact/case_studies/symeval/benchmarks/interp-5/interp-5.ll>:main:262"
"</mnt/EXSSD/formulog-artifact-evaluation/artifact/case_studies/symeval/benchmarks/interp-5/interp-5.ll>:main:262"	"</mnt/EXSSD/formulog-artifact-evaluation/artifact/case_studies/symeval/benchmarks/interp-5/interp-5.ll>:main:263"
"</mnt/EXSSD/formulog-artifact-evaluation/artifact/case_studies/symeval/benchmarks/interp-5/interp-5.ll>:main:263"	"</mnt/EXSSD/formulog-artifact-evaluation/artifact/case_studies/symeval/benchmarks/interp-5/interp-5.ll>:main:264"
"</mnt/EXSSD/formulog-artifact-evaluation/artifact/case_studies/symeval/benchmarks/interp-5/interp-5.ll>:main:264"	"</mnt/EXSSD/formulog-artifact-evaluation/artifact/case_studies/symeval/benchmarks/interp-5/interp-5.ll>:main:265"
"</mnt/EXSSD/formulog-artifact-evaluation/artifact/case_studies/symeval/benchmarks/interp-5/interp-5.ll>:main:265"	"</mnt/EXSSD/formulog-artifact-evaluation/artifact/case_studies/symeval/benchmarks/interp-5/interp-5.ll>:main:266"
"</mnt/EXSSD/formulog-artifact-evaluation/artifact/case_studies/symeval/benchmarks/interp-5/interp-5.ll>:main:266"	"</mnt/EXSSD/formulog-artifact-evaluation/artifact/case_studies/symeval/benchmarks/interp-5/interp-5.ll>:main:267"
"</mnt/EXSSD/formulog-artifact-evaluation/artifact/case_studies/symeval/benchmarks/interp-5/interp-5.ll>:main:267"	"</mnt/EXSSD/formulog-artifact-evaluation/artifact/case_studies/symeval/benchmarks/interp-5/interp-5.ll>:main:268"
"</mnt/EXSSD/formulog-artifact-evaluation/artifact/case_studies/symeval/benchmarks/interp-5/interp-5.ll>:main:268"	"</mnt/EXSSD/formulog-artifact-evaluation/artifact/case_studies/symeval/benchmarks/interp-5/interp-5.ll>:main:269"
"</mnt/EXSSD/formulog-artifact-evaluation/artifact/case_studies/symeval/benchmarks/interp-5/interp-5.ll>:main:269"	"</mnt/EXSSD/formulog-artifact-evaluation/artifact/case_studies/symeval/benchmarks/interp-5/interp-5.ll>:main:270"
"</mnt/EXSSD/formulog-artifact-evaluation/artifact/case_studies/symeval/benchmarks/interp-5/interp-5.ll>:main:270"	"</mnt/EXSSD/formulog-artifact-evaluation/artifact/case_studies/symeval/benchmarks/interp-5/interp-5.ll>:main:271"
"</mnt/EXSSD/formulog-artifact-evaluation/artifact/case_studies/symeval/benchmarks/interp-5/interp-5.ll>:main:271"	"</mnt/EXSSD/formulog-artifact-evaluation/artifact/case_studies/symeval/benchmarks/interp-5/interp-5.ll>:main:272"
"</mnt/EXSSD/formulog-artifact-evaluation/artifact/case_studies/symeval/benchmarks/interp-5/interp-5.ll>:main:272"	"</mnt/EXSSD/formulog-artifact-evaluation/artifact/case_studies/symeval/benchmarks/interp-5/interp-5.ll>:main:273"
"</mnt/EXSSD/formulog-artifact-evaluation/artifact/case_studies/symeval/benchmarks/interp-5/interp-5.ll>:main:273"	"</mnt/EXSSD/formulog-artifact-evaluation/artifact/case_studies/symeval/benchmarks/interp-5/interp-5.ll>:main:274"
"</mnt/EXSSD/formulog-artifact-evaluation/artifact/case_studies/symeval/benchmarks/interp-5/interp-5.ll>:main:274"	"</mnt/EXSSD/formulog-artifact-evaluation/artifact/case_studies/symeval/benchmarks/interp-5/interp-5.ll>:main:275"
"</mnt/EXSSD/formulog-artifact-evaluation/artifact/case_studies/symeval/benchmarks/interp-5/interp-5.ll>:main:275"	"</mnt/EXSSD/formulog-artifact-evaluation/artifact/case_studies/symeval/benchmarks/interp-5/interp-5.ll>:main:276"
"</mnt/EXSSD/formulog-artifact-evaluation/artifact/case_studies/symeval/benchmarks/interp-5/interp-5.ll>:main:276"	"</mnt/EXSSD/formulog-artifact-evaluation/artifact/case_studies/symeval/benchmarks/interp-5/interp-5.ll>:main:277"
"</mnt/EXSSD/formulog-artifact-evaluation/artifact/case_studies/symeval/benchmarks/interp-5/interp-5.ll>:main:277"	"</mnt/EXSSD/formulog-artifact-evaluation/artifact/case_studies/symeval/benchmarks/interp-5/interp-5.ll>:main:278"
"</mnt/EXSSD/formulog-artifact-evaluation/artifact/case_studies/symeval/benchmarks/interp-5/interp-5.ll>:main:278"	"</mnt/EXSSD/formulog-artifact-evaluation/artifact/case_studies/symeval/benchmarks/interp-5/interp-5.ll>:main:279"
"</mnt/EXSSD/formulog-artifact-evaluation/artifact/case_studies/symeval/benchmarks/interp-5/interp-5.ll>:main:279"	"</mnt/EXSSD/formulog-artifact-evaluation/artifact/case_studies/symeval/benchmarks/interp-5/interp-5.ll>:main:280"
"</mnt/EXSSD/formulog-artifact-evaluation/artifact/case_studies/symeval/benchmarks/interp-5/interp-5.ll>:main:280"	"</mnt/EXSSD/formulog-artifact-evaluation/artifact/case_studies/symeval/benchmarks/interp-5/interp-5.ll>:main:281"
"</mnt/EXSSD/formulog-artifact-evaluation/artifact/case_studies/symeval/benchmarks/interp-5/interp-5.ll>:main:281"	"</mnt/EXSSD/formulog-artifact-evaluation/artifact/case_studies/symeval/benchmarks/interp-5/interp-5.ll>:main:282"
"</mnt/EXSSD/formulog-artifact-evaluation/artifact/case_studies/symeval/benchmarks/interp-5/interp-5.ll>:main:282"	"</mnt/EXSSD/formulog-artifact-evaluation/artifact/case_studies/symeval/benchmarks/interp-5/interp-5.ll>:main:283"
"</mnt/EXSSD/formulog-artifact-evaluation/artifact/case_studies/symeval/benchmarks/interp-5/interp-5.ll>:main:283"	"</mnt/EXSSD/formulog-artifact-evaluation/artifact/case_studies/symeval/benchmarks/interp-5/interp-5.ll>:main:284"
"</mnt/EXSSD/formulog-artifact-evaluation/artifact/case_studies/symeval/benchmarks/interp-5/interp-5.ll>:main:284"	"</mnt/EXSSD/formulog-artifact-evaluation/artifact/case_studies/symeval/benchmarks/interp-5/interp-5.ll>:main:285"
"</mnt/EXSSD/formulog-artifact-evaluation/artifact/case_studies/symeval/benchmarks/interp-5/interp-5.ll>:main:285"	"</mnt/EXSSD/formulog-artifact-evaluation/artifact/case_studies/symeval/benchmarks/interp-5/interp-5.ll>:main:286"
"</mnt/EXSSD/formulog-artifact-evaluation/artifact/case_studies/symeval/benchmarks/interp-5/interp-5.ll>:main:286"	"</mnt/EXSSD/formulog-artifact-evaluation/artifact/case_studies/symeval/benchmarks/interp-5/interp-5.ll>:main:287"
"</mnt/EXSSD/formulog-artifact-evaluation/artifact/case_studies/symeval/benchmarks/interp-5/interp-5.ll>:main:287"	"</mnt/EXSSD/formulog-artifact-evaluation/artifact/case_studies/symeval/benchmarks/interp-5/interp-5.ll>:main:288"
"</mnt/EXSSD/formulog-artifact-evaluation/artifact/case_studies/symeval/benchmarks/interp-5/interp-5.ll>:main:288"	"</mnt/EXSSD/formulog-artifact-evaluation/artifact/case_studies/symeval/benchmarks/interp-5/interp-5.ll>:main:289"
"</mnt/EXSSD/formulog-artifact-evaluation/artifact/case_studies/symeval/benchmarks/interp-5/interp-5.ll>:main:289"	"</mnt/EXSSD/formulog-artifact-evaluation/artifact/case_studies/symeval/benchmarks/interp-5/interp-5.ll>:main:290"
