"</mnt/EXSSD/formulog-artifact-evaluation/artifact/case_studies/symeval/benchmarks/prioqueue-5/prioqueue-5.ll>:main:114"	cond_slt
"</mnt/EXSSD/formulog-artifact-evaluation/artifact/case_studies/symeval/benchmarks/prioqueue-5/prioqueue-5.ll>:main:127"	cond_sge
"</mnt/EXSSD/formulog-artifact-evaluation/artifact/case_studies/symeval/benchmarks/prioqueue-5/prioqueue-5.ll>:main:151"	cond_sge
"</mnt/EXSSD/formulog-artifact-evaluation/artifact/case_studies/symeval/benchmarks/prioqueue-5/prioqueue-5.ll>:main:177"	cond_sgt
"</mnt/EXSSD/formulog-artifact-evaluation/artifact/case_studies/symeval/benchmarks/prioqueue-5/prioqueue-5.ll>:main:189"	cond_slt
"</mnt/EXSSD/formulog-artifact-evaluation/artifact/case_studies/symeval/benchmarks/prioqueue-5/prioqueue-5.ll>:main:243"	cond_sle
"</mnt/EXSSD/formulog-artifact-evaluation/artifact/case_studies/symeval/benchmarks/prioqueue-5/prioqueue-5.ll>:main:258"	cond_slt
"</mnt/EXSSD/formulog-artifact-evaluation/artifact/case_studies/symeval/benchmarks/prioqueue-5/prioqueue-5.ll>:main:266"	cond_slt
"</mnt/EXSSD/formulog-artifact-evaluation/artifact/case_studies/symeval/benchmarks/prioqueue-5/prioqueue-5.ll>:main:321"	cond_sle
"</mnt/EXSSD/formulog-artifact-evaluation/artifact/case_studies/symeval/benchmarks/prioqueue-5/prioqueue-5.ll>:main:350"	cond_sge
"</mnt/EXSSD/formulog-artifact-evaluation/artifact/case_studies/symeval/benchmarks/prioqueue-5/prioqueue-5.ll>:main:361"	cond_slt
"</mnt/EXSSD/formulog-artifact-evaluation/artifact/case_studies/symeval/benchmarks/prioqueue-5/prioqueue-5.ll>:main:373"	cond_slt
"</mnt/EXSSD/formulog-artifact-evaluation/artifact/case_studies/symeval/benchmarks/prioqueue-5/prioqueue-5.ll>:main:391"	cond_slt
"</mnt/EXSSD/formulog-artifact-evaluation/artifact/case_studies/symeval/benchmarks/prioqueue-5/prioqueue-5.ll>:main:408"	cond_slt
"</mnt/EXSSD/formulog-artifact-evaluation/artifact/case_studies/symeval/benchmarks/prioqueue-5/prioqueue-5.ll>:main:420"	cond_slt
"</mnt/EXSSD/formulog-artifact-evaluation/artifact/case_studies/symeval/benchmarks/prioqueue-5/prioqueue-5.ll>:main:427"	cond_sge
"</mnt/EXSSD/formulog-artifact-evaluation/artifact/case_studies/symeval/benchmarks/prioqueue-5/prioqueue-5.ll>:main:465"	cond_eq
"</mnt/EXSSD/formulog-artifact-evaluation/artifact/case_studies/symeval/benchmarks/prioqueue-5/prioqueue-5.ll>:main:479"	cond_sge
"</mnt/EXSSD/formulog-artifact-evaluation/artifact/case_studies/symeval/benchmarks/prioqueue-5/prioqueue-5.ll>:main:503"	cond_sge
"</mnt/EXSSD/formulog-artifact-evaluation/artifact/case_studies/symeval/benchmarks/prioqueue-5/prioqueue-5.ll>:main:529"	cond_sgt
"</mnt/EXSSD/formulog-artifact-evaluation/artifact/case_studies/symeval/benchmarks/prioqueue-5/prioqueue-5.ll>:main:541"	cond_slt
"</mnt/EXSSD/formulog-artifact-evaluation/artifact/case_studies/symeval/benchmarks/prioqueue-5/prioqueue-5.ll>:main:590"	cond_sle
"</mnt/EXSSD/formulog-artifact-evaluation/artifact/case_studies/symeval/benchmarks/prioqueue-5/prioqueue-5.ll>:main:605"	cond_slt
"</mnt/EXSSD/formulog-artifact-evaluation/artifact/case_studies/symeval/benchmarks/prioqueue-5/prioqueue-5.ll>:main:613"	cond_slt
"</mnt/EXSSD/formulog-artifact-evaluation/artifact/case_studies/symeval/benchmarks/prioqueue-5/prioqueue-5.ll>:main:668"	cond_sle
"</mnt/EXSSD/formulog-artifact-evaluation/artifact/case_studies/symeval/benchmarks/prioqueue-5/prioqueue-5.ll>:main:697"	cond_sge
"</mnt/EXSSD/formulog-artifact-evaluation/artifact/case_studies/symeval/benchmarks/prioqueue-5/prioqueue-5.ll>:main:708"	cond_slt
"</mnt/EXSSD/formulog-artifact-evaluation/artifact/case_studies/symeval/benchmarks/prioqueue-5/prioqueue-5.ll>:main:720"	cond_slt
"</mnt/EXSSD/formulog-artifact-evaluation/artifact/case_studies/symeval/benchmarks/prioqueue-5/prioqueue-5.ll>:main:738"	cond_slt
"</mnt/EXSSD/formulog-artifact-evaluation/artifact/case_studies/symeval/benchmarks/prioqueue-5/prioqueue-5.ll>:main:755"	cond_slt
"</mnt/EXSSD/formulog-artifact-evaluation/artifact/case_studies/symeval/benchmarks/prioqueue-5/prioqueue-5.ll>:main:767"	cond_slt
"</mnt/EXSSD/formulog-artifact-evaluation/artifact/case_studies/symeval/benchmarks/prioqueue-5/prioqueue-5.ll>:main:774"	cond_sge
"</mnt/EXSSD/formulog-artifact-evaluation/artifact/case_studies/symeval/benchmarks/prioqueue-5/prioqueue-5.ll>:main:812"	cond_eq
