"</mnt/EXSSD/formulog-artifact-evaluation/artifact/case_studies/symeval/benchmarks/prioqueue-5/prioqueue-5.ll>:main:98"	8
"</mnt/EXSSD/formulog-artifact-evaluation/artifact/case_studies/symeval/benchmarks/prioqueue-5/prioqueue-5.ll>:main:101"	8
"</mnt/EXSSD/formulog-artifact-evaluation/artifact/case_studies/symeval/benchmarks/prioqueue-5/prioqueue-5.ll>:main:106"	8
"</mnt/EXSSD/formulog-artifact-evaluation/artifact/case_studies/symeval/benchmarks/prioqueue-5/prioqueue-5.ll>:main:109"	8
"</mnt/EXSSD/formulog-artifact-evaluation/artifact/case_studies/symeval/benchmarks/prioqueue-5/prioqueue-5.ll>:main:113"	4
"</mnt/EXSSD/formulog-artifact-evaluation/artifact/case_studies/symeval/benchmarks/prioqueue-5/prioqueue-5.ll>:main:118"	4
"</mnt/EXSSD/formulog-artifact-evaluation/artifact/case_studies/symeval/benchmarks/prioqueue-5/prioqueue-5.ll>:main:119"	8
"</mnt/EXSSD/formulog-artifact-evaluation/artifact/case_studies/symeval/benchmarks/prioqueue-5/prioqueue-5.ll>:main:122"	8
"</mnt/EXSSD/formulog-artifact-evaluation/artifact/case_studies/symeval/benchmarks/prioqueue-5/prioqueue-5.ll>:main:124"	4
"</mnt/EXSSD/formulog-artifact-evaluation/artifact/case_studies/symeval/benchmarks/prioqueue-5/prioqueue-5.ll>:main:126"	4
"</mnt/EXSSD/formulog-artifact-evaluation/artifact/case_studies/symeval/benchmarks/prioqueue-5/prioqueue-5.ll>:main:130"	8
"</mnt/EXSSD/formulog-artifact-evaluation/artifact/case_studies/symeval/benchmarks/prioqueue-5/prioqueue-5.ll>:main:132"	4
"</mnt/EXSSD/formulog-artifact-evaluation/artifact/case_studies/symeval/benchmarks/prioqueue-5/prioqueue-5.ll>:main:135"	4
"</mnt/EXSSD/formulog-artifact-evaluation/artifact/case_studies/symeval/benchmarks/prioqueue-5/prioqueue-5.ll>:main:136"	8
"</mnt/EXSSD/formulog-artifact-evaluation/artifact/case_studies/symeval/benchmarks/prioqueue-5/prioqueue-5.ll>:main:137"	4
"</mnt/EXSSD/formulog-artifact-evaluation/artifact/case_studies/symeval/benchmarks/prioqueue-5/prioqueue-5.ll>:main:142"	4
"</mnt/EXSSD/formulog-artifact-evaluation/artifact/case_studies/symeval/benchmarks/prioqueue-5/prioqueue-5.ll>:main:143"	8
"</mnt/EXSSD/formulog-artifact-evaluation/artifact/case_studies/symeval/benchmarks/prioqueue-5/prioqueue-5.ll>:main:146"	8
"</mnt/EXSSD/formulog-artifact-evaluation/artifact/case_studies/symeval/benchmarks/prioqueue-5/prioqueue-5.ll>:main:148"	4
"</mnt/EXSSD/formulog-artifact-evaluation/artifact/case_studies/symeval/benchmarks/prioqueue-5/prioqueue-5.ll>:main:150"	4
"</mnt/EXSSD/formulog-artifact-evaluation/artifact/case_studies/symeval/benchmarks/prioqueue-5/prioqueue-5.ll>:main:154"	8
"</mnt/EXSSD/formulog-artifact-evaluation/artifact/case_studies/symeval/benchmarks/prioqueue-5/prioqueue-5.ll>:main:156"	4
"</mnt/EXSSD/formulog-artifact-evaluation/artifact/case_studies/symeval/benchmarks/prioqueue-5/prioqueue-5.ll>:main:159"	4
"</mnt/EXSSD/formulog-artifact-evaluation/artifact/case_studies/symeval/benchmarks/prioqueue-5/prioqueue-5.ll>:main:160"	8
"</mnt/EXSSD/formulog-artifact-evaluation/artifact/case_studies/symeval/benchmarks/prioqueue-5/prioqueue-5.ll>:main:161"	4
"</mnt/EXSSD/formulog-artifact-evaluation/artifact/case_studies/symeval/benchmarks/prioqueue-5/prioqueue-5.ll>:main:165"	4
"</mnt/EXSSD/formulog-artifact-evaluation/artifact/case_studies/symeval/benchmarks/prioqueue-5/prioqueue-5.ll>:main:166"	8
"</mnt/EXSSD/formulog-artifact-evaluation/artifact/case_studies/symeval/benchmarks/prioqueue-5/prioqueue-5.ll>:main:169"	4
"</mnt/EXSSD/formulog-artifact-evaluation/artifact/case_studies/symeval/benchmarks/prioqueue-5/prioqueue-5.ll>:main:171"	4
"</mnt/EXSSD/formulog-artifact-evaluation/artifact/case_studies/symeval/benchmarks/prioqueue-5/prioqueue-5.ll>:main:176"	4
"</mnt/EXSSD/formulog-artifact-evaluation/artifact/case_studies/symeval/benchmarks/prioqueue-5/prioqueue-5.ll>:main:179"	8
"</mnt/EXSSD/formulog-artifact-evaluation/artifact/case_studies/symeval/benchmarks/prioqueue-5/prioqueue-5.ll>:main:180"	4
"</mnt/EXSSD/formulog-artifact-evaluation/artifact/case_studies/symeval/benchmarks/prioqueue-5/prioqueue-5.ll>:main:183"	4
"</mnt/EXSSD/formulog-artifact-evaluation/artifact/case_studies/symeval/benchmarks/prioqueue-5/prioqueue-5.ll>:main:184"	8
"</mnt/EXSSD/formulog-artifact-evaluation/artifact/case_studies/symeval/benchmarks/prioqueue-5/prioqueue-5.ll>:main:185"	4
"</mnt/EXSSD/formulog-artifact-evaluation/artifact/case_studies/symeval/benchmarks/prioqueue-5/prioqueue-5.ll>:main:188"	4
"</mnt/EXSSD/formulog-artifact-evaluation/artifact/case_studies/symeval/benchmarks/prioqueue-5/prioqueue-5.ll>:main:193"	4
"</mnt/EXSSD/formulog-artifact-evaluation/artifact/case_studies/symeval/benchmarks/prioqueue-5/prioqueue-5.ll>:main:194"	4
"</mnt/EXSSD/formulog-artifact-evaluation/artifact/case_studies/symeval/benchmarks/prioqueue-5/prioqueue-5.ll>:main:195"	8
"</mnt/EXSSD/formulog-artifact-evaluation/artifact/case_studies/symeval/benchmarks/prioqueue-5/prioqueue-5.ll>:main:199"	8
"</mnt/EXSSD/formulog-artifact-evaluation/artifact/case_studies/symeval/benchmarks/prioqueue-5/prioqueue-5.ll>:main:200"	4
"</mnt/EXSSD/formulog-artifact-evaluation/artifact/case_studies/symeval/benchmarks/prioqueue-5/prioqueue-5.ll>:main:203"	4
"</mnt/EXSSD/formulog-artifact-evaluation/artifact/case_studies/symeval/benchmarks/prioqueue-5/prioqueue-5.ll>:main:205"	8
"</mnt/EXSSD/formulog-artifact-evaluation/artifact/case_studies/symeval/benchmarks/prioqueue-5/prioqueue-5.ll>:main:206"	4
"</mnt/EXSSD/formulog-artifact-evaluation/artifact/case_studies/symeval/benchmarks/prioqueue-5/prioqueue-5.ll>:main:209"	4
"</mnt/EXSSD/formulog-artifact-evaluation/artifact/case_studies/symeval/benchmarks/prioqueue-5/prioqueue-5.ll>:main:210"	8
"</mnt/EXSSD/formulog-artifact-evaluation/artifact/case_studies/symeval/benchmarks/prioqueue-5/prioqueue-5.ll>:main:211"	4
"</mnt/EXSSD/formulog-artifact-evaluation/artifact/case_studies/symeval/benchmarks/prioqueue-5/prioqueue-5.ll>:main:215"	4
"</mnt/EXSSD/formulog-artifact-evaluation/artifact/case_studies/symeval/benchmarks/prioqueue-5/prioqueue-5.ll>:main:216"	8
"</mnt/EXSSD/formulog-artifact-evaluation/artifact/case_studies/symeval/benchmarks/prioqueue-5/prioqueue-5.ll>:main:217"	4
"</mnt/EXSSD/formulog-artifact-evaluation/artifact/case_studies/symeval/benchmarks/prioqueue-5/prioqueue-5.ll>:main:221"	4
"</mnt/EXSSD/formulog-artifact-evaluation/artifact/case_studies/symeval/benchmarks/prioqueue-5/prioqueue-5.ll>:main:223"	4
"</mnt/EXSSD/formulog-artifact-evaluation/artifact/case_studies/symeval/benchmarks/prioqueue-5/prioqueue-5.ll>:main:225"	4
"</mnt/EXSSD/formulog-artifact-evaluation/artifact/case_studies/symeval/benchmarks/prioqueue-5/prioqueue-5.ll>:main:232"	4
"</mnt/EXSSD/formulog-artifact-evaluation/artifact/case_studies/symeval/benchmarks/prioqueue-5/prioqueue-5.ll>:main:236"	8
"</mnt/EXSSD/formulog-artifact-evaluation/artifact/case_studies/symeval/benchmarks/prioqueue-5/prioqueue-5.ll>:main:238"	8
"</mnt/EXSSD/formulog-artifact-evaluation/artifact/case_studies/symeval/benchmarks/prioqueue-5/prioqueue-5.ll>:main:240"	4
"</mnt/EXSSD/formulog-artifact-evaluation/artifact/case_studies/symeval/benchmarks/prioqueue-5/prioqueue-5.ll>:main:242"	4
"</mnt/EXSSD/formulog-artifact-evaluation/artifact/case_studies/symeval/benchmarks/prioqueue-5/prioqueue-5.ll>:main:247"	8
"</mnt/EXSSD/formulog-artifact-evaluation/artifact/case_studies/symeval/benchmarks/prioqueue-5/prioqueue-5.ll>:main:249"	4
"</mnt/EXSSD/formulog-artifact-evaluation/artifact/case_studies/symeval/benchmarks/prioqueue-5/prioqueue-5.ll>:main:256"	4
"</mnt/EXSSD/formulog-artifact-evaluation/artifact/case_studies/symeval/benchmarks/prioqueue-5/prioqueue-5.ll>:main:257"	4
"</mnt/EXSSD/formulog-artifact-evaluation/artifact/case_studies/symeval/benchmarks/prioqueue-5/prioqueue-5.ll>:main:260"	8
"</mnt/EXSSD/formulog-artifact-evaluation/artifact/case_studies/symeval/benchmarks/prioqueue-5/prioqueue-5.ll>:main:261"	4
"</mnt/EXSSD/formulog-artifact-evaluation/artifact/case_studies/symeval/benchmarks/prioqueue-5/prioqueue-5.ll>:main:264"	4
"</mnt/EXSSD/formulog-artifact-evaluation/artifact/case_studies/symeval/benchmarks/prioqueue-5/prioqueue-5.ll>:main:265"	4
"</mnt/EXSSD/formulog-artifact-evaluation/artifact/case_studies/symeval/benchmarks/prioqueue-5/prioqueue-5.ll>:main:268"	4
"</mnt/EXSSD/formulog-artifact-evaluation/artifact/case_studies/symeval/benchmarks/prioqueue-5/prioqueue-5.ll>:main:270"	8
"</mnt/EXSSD/formulog-artifact-evaluation/artifact/case_studies/symeval/benchmarks/prioqueue-5/prioqueue-5.ll>:main:271"	4
"</mnt/EXSSD/formulog-artifact-evaluation/artifact/case_studies/symeval/benchmarks/prioqueue-5/prioqueue-5.ll>:main:274"	4
"</mnt/EXSSD/formulog-artifact-evaluation/artifact/case_studies/symeval/benchmarks/prioqueue-5/prioqueue-5.ll>:main:277"	4
"</mnt/EXSSD/formulog-artifact-evaluation/artifact/case_studies/symeval/benchmarks/prioqueue-5/prioqueue-5.ll>:main:281"	4
"</mnt/EXSSD/formulog-artifact-evaluation/artifact/case_studies/symeval/benchmarks/prioqueue-5/prioqueue-5.ll>:main:282"	4
"</mnt/EXSSD/formulog-artifact-evaluation/artifact/case_studies/symeval/benchmarks/prioqueue-5/prioqueue-5.ll>:main:284"	8
"</mnt/EXSSD/formulog-artifact-evaluation/artifact/case_studies/symeval/benchmarks/prioqueue-5/prioqueue-5.ll>:main:288"	8
"</mnt/EXSSD/formulog-artifact-evaluation/artifact/case_studies/symeval/benchmarks/prioqueue-5/prioqueue-5.ll>:main:289"	4
"</mnt/EXSSD/formulog-artifact-evaluation/artifact/case_studies/symeval/benchmarks/prioqueue-5/prioqueue-5.ll>:main:292"	4
"</mnt/EXSSD/formulog-artifact-evaluation/artifact/case_studies/symeval/benchmarks/prioqueue-5/prioqueue-5.ll>:main:294"	8
"</mnt/EXSSD/formulog-artifact-evaluation/artifact/case_studies/symeval/benchmarks/prioqueue-5/prioqueue-5.ll>:main:295"	4
"</mnt/EXSSD/formulog-artifact-evaluation/artifact/case_studies/symeval/benchmarks/prioqueue-5/prioqueue-5.ll>:main:298"	4
"</mnt/EXSSD/formulog-artifact-evaluation/artifact/case_studies/symeval/benchmarks/prioqueue-5/prioqueue-5.ll>:main:299"	8
"</mnt/EXSSD/formulog-artifact-evaluation/artifact/case_studies/symeval/benchmarks/prioqueue-5/prioqueue-5.ll>:main:300"	4
"</mnt/EXSSD/formulog-artifact-evaluation/artifact/case_studies/symeval/benchmarks/prioqueue-5/prioqueue-5.ll>:main:304"	4
"</mnt/EXSSD/formulog-artifact-evaluation/artifact/case_studies/symeval/benchmarks/prioqueue-5/prioqueue-5.ll>:main:305"	8
"</mnt/EXSSD/formulog-artifact-evaluation/artifact/case_studies/symeval/benchmarks/prioqueue-5/prioqueue-5.ll>:main:306"	4
"</mnt/EXSSD/formulog-artifact-evaluation/artifact/case_studies/symeval/benchmarks/prioqueue-5/prioqueue-5.ll>:main:310"	4
"</mnt/EXSSD/formulog-artifact-evaluation/artifact/case_studies/symeval/benchmarks/prioqueue-5/prioqueue-5.ll>:main:313"	4
"</mnt/EXSSD/formulog-artifact-evaluation/artifact/case_studies/symeval/benchmarks/prioqueue-5/prioqueue-5.ll>:main:314"	8
"</mnt/EXSSD/formulog-artifact-evaluation/artifact/case_studies/symeval/benchmarks/prioqueue-5/prioqueue-5.ll>:main:316"	8
"</mnt/EXSSD/formulog-artifact-evaluation/artifact/case_studies/symeval/benchmarks/prioqueue-5/prioqueue-5.ll>:main:318"	4
"</mnt/EXSSD/formulog-artifact-evaluation/artifact/case_studies/symeval/benchmarks/prioqueue-5/prioqueue-5.ll>:main:320"	4
"</mnt/EXSSD/formulog-artifact-evaluation/artifact/case_studies/symeval/benchmarks/prioqueue-5/prioqueue-5.ll>:main:325"	8
"</mnt/EXSSD/formulog-artifact-evaluation/artifact/case_studies/symeval/benchmarks/prioqueue-5/prioqueue-5.ll>:main:327"	4
"</mnt/EXSSD/formulog-artifact-evaluation/artifact/case_studies/symeval/benchmarks/prioqueue-5/prioqueue-5.ll>:main:330"	8
"</mnt/EXSSD/formulog-artifact-evaluation/artifact/case_studies/symeval/benchmarks/prioqueue-5/prioqueue-5.ll>:main:331"	4
"</mnt/EXSSD/formulog-artifact-evaluation/artifact/case_studies/symeval/benchmarks/prioqueue-5/prioqueue-5.ll>:main:333"	8
"</mnt/EXSSD/formulog-artifact-evaluation/artifact/case_studies/symeval/benchmarks/prioqueue-5/prioqueue-5.ll>:main:334"	4
"</mnt/EXSSD/formulog-artifact-evaluation/artifact/case_studies/symeval/benchmarks/prioqueue-5/prioqueue-5.ll>:main:338"	4
"</mnt/EXSSD/formulog-artifact-evaluation/artifact/case_studies/symeval/benchmarks/prioqueue-5/prioqueue-5.ll>:main:339"	8
"</mnt/EXSSD/formulog-artifact-evaluation/artifact/case_studies/symeval/benchmarks/prioqueue-5/prioqueue-5.ll>:main:341"	8
"</mnt/EXSSD/formulog-artifact-evaluation/artifact/case_studies/symeval/benchmarks/prioqueue-5/prioqueue-5.ll>:main:344"	8
"</mnt/EXSSD/formulog-artifact-evaluation/artifact/case_studies/symeval/benchmarks/prioqueue-5/prioqueue-5.ll>:main:346"	4
"</mnt/EXSSD/formulog-artifact-evaluation/artifact/case_studies/symeval/benchmarks/prioqueue-5/prioqueue-5.ll>:main:349"	4
"</mnt/EXSSD/formulog-artifact-evaluation/artifact/case_studies/symeval/benchmarks/prioqueue-5/prioqueue-5.ll>:main:353"	4
"</mnt/EXSSD/formulog-artifact-evaluation/artifact/case_studies/symeval/benchmarks/prioqueue-5/prioqueue-5.ll>:main:355"	4
"</mnt/EXSSD/formulog-artifact-evaluation/artifact/case_studies/symeval/benchmarks/prioqueue-5/prioqueue-5.ll>:main:359"	4
"</mnt/EXSSD/formulog-artifact-evaluation/artifact/case_studies/symeval/benchmarks/prioqueue-5/prioqueue-5.ll>:main:360"	4
"</mnt/EXSSD/formulog-artifact-evaluation/artifact/case_studies/symeval/benchmarks/prioqueue-5/prioqueue-5.ll>:main:363"	8
"</mnt/EXSSD/formulog-artifact-evaluation/artifact/case_studies/symeval/benchmarks/prioqueue-5/prioqueue-5.ll>:main:364"	4
"</mnt/EXSSD/formulog-artifact-evaluation/artifact/case_studies/symeval/benchmarks/prioqueue-5/prioqueue-5.ll>:main:367"	4
"</mnt/EXSSD/formulog-artifact-evaluation/artifact/case_studies/symeval/benchmarks/prioqueue-5/prioqueue-5.ll>:main:368"	8
"</mnt/EXSSD/formulog-artifact-evaluation/artifact/case_studies/symeval/benchmarks/prioqueue-5/prioqueue-5.ll>:main:369"	4
"</mnt/EXSSD/formulog-artifact-evaluation/artifact/case_studies/symeval/benchmarks/prioqueue-5/prioqueue-5.ll>:main:372"	4
"</mnt/EXSSD/formulog-artifact-evaluation/artifact/case_studies/symeval/benchmarks/prioqueue-5/prioqueue-5.ll>:main:375"	4
"</mnt/EXSSD/formulog-artifact-evaluation/artifact/case_studies/symeval/benchmarks/prioqueue-5/prioqueue-5.ll>:main:377"	4
"</mnt/EXSSD/formulog-artifact-evaluation/artifact/case_studies/symeval/benchmarks/prioqueue-5/prioqueue-5.ll>:main:381"	8
"</mnt/EXSSD/formulog-artifact-evaluation/artifact/case_studies/symeval/benchmarks/prioqueue-5/prioqueue-5.ll>:main:382"	4
"</mnt/EXSSD/formulog-artifact-evaluation/artifact/case_studies/symeval/benchmarks/prioqueue-5/prioqueue-5.ll>:main:385"	4
"</mnt/EXSSD/formulog-artifact-evaluation/artifact/case_studies/symeval/benchmarks/prioqueue-5/prioqueue-5.ll>:main:386"	8
"</mnt/EXSSD/formulog-artifact-evaluation/artifact/case_studies/symeval/benchmarks/prioqueue-5/prioqueue-5.ll>:main:387"	4
"</mnt/EXSSD/formulog-artifact-evaluation/artifact/case_studies/symeval/benchmarks/prioqueue-5/prioqueue-5.ll>:main:390"	4
"</mnt/EXSSD/formulog-artifact-evaluation/artifact/case_studies/symeval/benchmarks/prioqueue-5/prioqueue-5.ll>:main:393"	4
"</mnt/EXSSD/formulog-artifact-evaluation/artifact/case_studies/symeval/benchmarks/prioqueue-5/prioqueue-5.ll>:main:396"	4
"</mnt/EXSSD/formulog-artifact-evaluation/artifact/case_studies/symeval/benchmarks/prioqueue-5/prioqueue-5.ll>:main:400"	4
"</mnt/EXSSD/formulog-artifact-evaluation/artifact/case_studies/symeval/benchmarks/prioqueue-5/prioqueue-5.ll>:main:402"	4
"</mnt/EXSSD/formulog-artifact-evaluation/artifact/case_studies/symeval/benchmarks/prioqueue-5/prioqueue-5.ll>:main:406"	4
"</mnt/EXSSD/formulog-artifact-evaluation/artifact/case_studies/symeval/benchmarks/prioqueue-5/prioqueue-5.ll>:main:407"	4
"</mnt/EXSSD/formulog-artifact-evaluation/artifact/case_studies/symeval/benchmarks/prioqueue-5/prioqueue-5.ll>:main:410"	8
"</mnt/EXSSD/formulog-artifact-evaluation/artifact/case_studies/symeval/benchmarks/prioqueue-5/prioqueue-5.ll>:main:411"	4
"</mnt/EXSSD/formulog-artifact-evaluation/artifact/case_studies/symeval/benchmarks/prioqueue-5/prioqueue-5.ll>:main:414"	4
"</mnt/EXSSD/formulog-artifact-evaluation/artifact/case_studies/symeval/benchmarks/prioqueue-5/prioqueue-5.ll>:main:415"	8
"</mnt/EXSSD/formulog-artifact-evaluation/artifact/case_studies/symeval/benchmarks/prioqueue-5/prioqueue-5.ll>:main:416"	4
"</mnt/EXSSD/formulog-artifact-evaluation/artifact/case_studies/symeval/benchmarks/prioqueue-5/prioqueue-5.ll>:main:419"	4
"</mnt/EXSSD/formulog-artifact-evaluation/artifact/case_studies/symeval/benchmarks/prioqueue-5/prioqueue-5.ll>:main:422"	4
"</mnt/EXSSD/formulog-artifact-evaluation/artifact/case_studies/symeval/benchmarks/prioqueue-5/prioqueue-5.ll>:main:426"	4
"</mnt/EXSSD/formulog-artifact-evaluation/artifact/case_studies/symeval/benchmarks/prioqueue-5/prioqueue-5.ll>:main:429"	4
"</mnt/EXSSD/formulog-artifact-evaluation/artifact/case_studies/symeval/benchmarks/prioqueue-5/prioqueue-5.ll>:main:430"	4
"</mnt/EXSSD/formulog-artifact-evaluation/artifact/case_studies/symeval/benchmarks/prioqueue-5/prioqueue-5.ll>:main:431"	8
"</mnt/EXSSD/formulog-artifact-evaluation/artifact/case_studies/symeval/benchmarks/prioqueue-5/prioqueue-5.ll>:main:435"	8
"</mnt/EXSSD/formulog-artifact-evaluation/artifact/case_studies/symeval/benchmarks/prioqueue-5/prioqueue-5.ll>:main:436"	4
"</mnt/EXSSD/formulog-artifact-evaluation/artifact/case_studies/symeval/benchmarks/prioqueue-5/prioqueue-5.ll>:main:439"	4
"</mnt/EXSSD/formulog-artifact-evaluation/artifact/case_studies/symeval/benchmarks/prioqueue-5/prioqueue-5.ll>:main:441"	8
"</mnt/EXSSD/formulog-artifact-evaluation/artifact/case_studies/symeval/benchmarks/prioqueue-5/prioqueue-5.ll>:main:442"	4
"</mnt/EXSSD/formulog-artifact-evaluation/artifact/case_studies/symeval/benchmarks/prioqueue-5/prioqueue-5.ll>:main:445"	4
"</mnt/EXSSD/formulog-artifact-evaluation/artifact/case_studies/symeval/benchmarks/prioqueue-5/prioqueue-5.ll>:main:446"	8
"</mnt/EXSSD/formulog-artifact-evaluation/artifact/case_studies/symeval/benchmarks/prioqueue-5/prioqueue-5.ll>:main:447"	4
"</mnt/EXSSD/formulog-artifact-evaluation/artifact/case_studies/symeval/benchmarks/prioqueue-5/prioqueue-5.ll>:main:451"	4
"</mnt/EXSSD/formulog-artifact-evaluation/artifact/case_studies/symeval/benchmarks/prioqueue-5/prioqueue-5.ll>:main:452"	8
"</mnt/EXSSD/formulog-artifact-evaluation/artifact/case_studies/symeval/benchmarks/prioqueue-5/prioqueue-5.ll>:main:453"	4
"</mnt/EXSSD/formulog-artifact-evaluation/artifact/case_studies/symeval/benchmarks/prioqueue-5/prioqueue-5.ll>:main:458"	4
"</mnt/EXSSD/formulog-artifact-evaluation/artifact/case_studies/symeval/benchmarks/prioqueue-5/prioqueue-5.ll>:main:461"	4
"</mnt/EXSSD/formulog-artifact-evaluation/artifact/case_studies/symeval/benchmarks/prioqueue-5/prioqueue-5.ll>:main:464"	4
"</mnt/EXSSD/formulog-artifact-evaluation/artifact/case_studies/symeval/benchmarks/prioqueue-5/prioqueue-5.ll>:main:470"	4
"</mnt/EXSSD/formulog-artifact-evaluation/artifact/case_studies/symeval/benchmarks/prioqueue-5/prioqueue-5.ll>:main:471"	8
"</mnt/EXSSD/formulog-artifact-evaluation/artifact/case_studies/symeval/benchmarks/prioqueue-5/prioqueue-5.ll>:main:474"	8
"</mnt/EXSSD/formulog-artifact-evaluation/artifact/case_studies/symeval/benchmarks/prioqueue-5/prioqueue-5.ll>:main:476"	4
"</mnt/EXSSD/formulog-artifact-evaluation/artifact/case_studies/symeval/benchmarks/prioqueue-5/prioqueue-5.ll>:main:478"	4
"</mnt/EXSSD/formulog-artifact-evaluation/artifact/case_studies/symeval/benchmarks/prioqueue-5/prioqueue-5.ll>:main:482"	8
"</mnt/EXSSD/formulog-artifact-evaluation/artifact/case_studies/symeval/benchmarks/prioqueue-5/prioqueue-5.ll>:main:484"	4
"</mnt/EXSSD/formulog-artifact-evaluation/artifact/case_studies/symeval/benchmarks/prioqueue-5/prioqueue-5.ll>:main:487"	4
"</mnt/EXSSD/formulog-artifact-evaluation/artifact/case_studies/symeval/benchmarks/prioqueue-5/prioqueue-5.ll>:main:488"	8
"</mnt/EXSSD/formulog-artifact-evaluation/artifact/case_studies/symeval/benchmarks/prioqueue-5/prioqueue-5.ll>:main:489"	4
"</mnt/EXSSD/formulog-artifact-evaluation/artifact/case_studies/symeval/benchmarks/prioqueue-5/prioqueue-5.ll>:main:494"	4
"</mnt/EXSSD/formulog-artifact-evaluation/artifact/case_studies/symeval/benchmarks/prioqueue-5/prioqueue-5.ll>:main:495"	8
"</mnt/EXSSD/formulog-artifact-evaluation/artifact/case_studies/symeval/benchmarks/prioqueue-5/prioqueue-5.ll>:main:498"	8
"</mnt/EXSSD/formulog-artifact-evaluation/artifact/case_studies/symeval/benchmarks/prioqueue-5/prioqueue-5.ll>:main:500"	4
"</mnt/EXSSD/formulog-artifact-evaluation/artifact/case_studies/symeval/benchmarks/prioqueue-5/prioqueue-5.ll>:main:502"	4
"</mnt/EXSSD/formulog-artifact-evaluation/artifact/case_studies/symeval/benchmarks/prioqueue-5/prioqueue-5.ll>:main:506"	8
"</mnt/EXSSD/formulog-artifact-evaluation/artifact/case_studies/symeval/benchmarks/prioqueue-5/prioqueue-5.ll>:main:508"	4
"</mnt/EXSSD/formulog-artifact-evaluation/artifact/case_studies/symeval/benchmarks/prioqueue-5/prioqueue-5.ll>:main:511"	4
"</mnt/EXSSD/formulog-artifact-evaluation/artifact/case_studies/symeval/benchmarks/prioqueue-5/prioqueue-5.ll>:main:512"	8
"</mnt/EXSSD/formulog-artifact-evaluation/artifact/case_studies/symeval/benchmarks/prioqueue-5/prioqueue-5.ll>:main:513"	4
"</mnt/EXSSD/formulog-artifact-evaluation/artifact/case_studies/symeval/benchmarks/prioqueue-5/prioqueue-5.ll>:main:517"	4
"</mnt/EXSSD/formulog-artifact-evaluation/artifact/case_studies/symeval/benchmarks/prioqueue-5/prioqueue-5.ll>:main:518"	8
"</mnt/EXSSD/formulog-artifact-evaluation/artifact/case_studies/symeval/benchmarks/prioqueue-5/prioqueue-5.ll>:main:521"	4
"</mnt/EXSSD/formulog-artifact-evaluation/artifact/case_studies/symeval/benchmarks/prioqueue-5/prioqueue-5.ll>:main:523"	4
"</mnt/EXSSD/formulog-artifact-evaluation/artifact/case_studies/symeval/benchmarks/prioqueue-5/prioqueue-5.ll>:main:528"	4
"</mnt/EXSSD/formulog-artifact-evaluation/artifact/case_studies/symeval/benchmarks/prioqueue-5/prioqueue-5.ll>:main:531"	8
"</mnt/EXSSD/formulog-artifact-evaluation/artifact/case_studies/symeval/benchmarks/prioqueue-5/prioqueue-5.ll>:main:532"	4
"</mnt/EXSSD/formulog-artifact-evaluation/artifact/case_studies/symeval/benchmarks/prioqueue-5/prioqueue-5.ll>:main:535"	4
"</mnt/EXSSD/formulog-artifact-evaluation/artifact/case_studies/symeval/benchmarks/prioqueue-5/prioqueue-5.ll>:main:536"	8
"</mnt/EXSSD/formulog-artifact-evaluation/artifact/case_studies/symeval/benchmarks/prioqueue-5/prioqueue-5.ll>:main:537"	4
"</mnt/EXSSD/formulog-artifact-evaluation/artifact/case_studies/symeval/benchmarks/prioqueue-5/prioqueue-5.ll>:main:540"	4
"</mnt/EXSSD/formulog-artifact-evaluation/artifact/case_studies/symeval/benchmarks/prioqueue-5/prioqueue-5.ll>:main:545"	4
"</mnt/EXSSD/formulog-artifact-evaluation/artifact/case_studies/symeval/benchmarks/prioqueue-5/prioqueue-5.ll>:main:546"	4
"</mnt/EXSSD/formulog-artifact-evaluation/artifact/case_studies/symeval/benchmarks/prioqueue-5/prioqueue-5.ll>:main:547"	8
"</mnt/EXSSD/formulog-artifact-evaluation/artifact/case_studies/symeval/benchmarks/prioqueue-5/prioqueue-5.ll>:main:551"	8
"</mnt/EXSSD/formulog-artifact-evaluation/artifact/case_studies/symeval/benchmarks/prioqueue-5/prioqueue-5.ll>:main:552"	4
"</mnt/EXSSD/formulog-artifact-evaluation/artifact/case_studies/symeval/benchmarks/prioqueue-5/prioqueue-5.ll>:main:555"	4
"</mnt/EXSSD/formulog-artifact-evaluation/artifact/case_studies/symeval/benchmarks/prioqueue-5/prioqueue-5.ll>:main:557"	8
"</mnt/EXSSD/formulog-artifact-evaluation/artifact/case_studies/symeval/benchmarks/prioqueue-5/prioqueue-5.ll>:main:558"	4
"</mnt/EXSSD/formulog-artifact-evaluation/artifact/case_studies/symeval/benchmarks/prioqueue-5/prioqueue-5.ll>:main:561"	4
"</mnt/EXSSD/formulog-artifact-evaluation/artifact/case_studies/symeval/benchmarks/prioqueue-5/prioqueue-5.ll>:main:562"	8
"</mnt/EXSSD/formulog-artifact-evaluation/artifact/case_studies/symeval/benchmarks/prioqueue-5/prioqueue-5.ll>:main:563"	4
"</mnt/EXSSD/formulog-artifact-evaluation/artifact/case_studies/symeval/benchmarks/prioqueue-5/prioqueue-5.ll>:main:567"	4
"</mnt/EXSSD/formulog-artifact-evaluation/artifact/case_studies/symeval/benchmarks/prioqueue-5/prioqueue-5.ll>:main:568"	8
"</mnt/EXSSD/formulog-artifact-evaluation/artifact/case_studies/symeval/benchmarks/prioqueue-5/prioqueue-5.ll>:main:569"	4
"</mnt/EXSSD/formulog-artifact-evaluation/artifact/case_studies/symeval/benchmarks/prioqueue-5/prioqueue-5.ll>:main:573"	4
"</mnt/EXSSD/formulog-artifact-evaluation/artifact/case_studies/symeval/benchmarks/prioqueue-5/prioqueue-5.ll>:main:575"	4
"</mnt/EXSSD/formulog-artifact-evaluation/artifact/case_studies/symeval/benchmarks/prioqueue-5/prioqueue-5.ll>:main:577"	4
"</mnt/EXSSD/formulog-artifact-evaluation/artifact/case_studies/symeval/benchmarks/prioqueue-5/prioqueue-5.ll>:main:583"	8
"</mnt/EXSSD/formulog-artifact-evaluation/artifact/case_studies/symeval/benchmarks/prioqueue-5/prioqueue-5.ll>:main:585"	8
"</mnt/EXSSD/formulog-artifact-evaluation/artifact/case_studies/symeval/benchmarks/prioqueue-5/prioqueue-5.ll>:main:587"	4
"</mnt/EXSSD/formulog-artifact-evaluation/artifact/case_studies/symeval/benchmarks/prioqueue-5/prioqueue-5.ll>:main:589"	4
"</mnt/EXSSD/formulog-artifact-evaluation/artifact/case_studies/symeval/benchmarks/prioqueue-5/prioqueue-5.ll>:main:594"	8
"</mnt/EXSSD/formulog-artifact-evaluation/artifact/case_studies/symeval/benchmarks/prioqueue-5/prioqueue-5.ll>:main:596"	4
"</mnt/EXSSD/formulog-artifact-evaluation/artifact/case_studies/symeval/benchmarks/prioqueue-5/prioqueue-5.ll>:main:603"	4
"</mnt/EXSSD/formulog-artifact-evaluation/artifact/case_studies/symeval/benchmarks/prioqueue-5/prioqueue-5.ll>:main:604"	4
"</mnt/EXSSD/formulog-artifact-evaluation/artifact/case_studies/symeval/benchmarks/prioqueue-5/prioqueue-5.ll>:main:607"	8
"</mnt/EXSSD/formulog-artifact-evaluation/artifact/case_studies/symeval/benchmarks/prioqueue-5/prioqueue-5.ll>:main:608"	4
"</mnt/EXSSD/formulog-artifact-evaluation/artifact/case_studies/symeval/benchmarks/prioqueue-5/prioqueue-5.ll>:main:611"	4
"</mnt/EXSSD/formulog-artifact-evaluation/artifact/case_studies/symeval/benchmarks/prioqueue-5/prioqueue-5.ll>:main:612"	4
"</mnt/EXSSD/formulog-artifact-evaluation/artifact/case_studies/symeval/benchmarks/prioqueue-5/prioqueue-5.ll>:main:615"	4
"</mnt/EXSSD/formulog-artifact-evaluation/artifact/case_studies/symeval/benchmarks/prioqueue-5/prioqueue-5.ll>:main:617"	8
"</mnt/EXSSD/formulog-artifact-evaluation/artifact/case_studies/symeval/benchmarks/prioqueue-5/prioqueue-5.ll>:main:618"	4
"</mnt/EXSSD/formulog-artifact-evaluation/artifact/case_studies/symeval/benchmarks/prioqueue-5/prioqueue-5.ll>:main:621"	4
"</mnt/EXSSD/formulog-artifact-evaluation/artifact/case_studies/symeval/benchmarks/prioqueue-5/prioqueue-5.ll>:main:624"	4
"</mnt/EXSSD/formulog-artifact-evaluation/artifact/case_studies/symeval/benchmarks/prioqueue-5/prioqueue-5.ll>:main:628"	4
"</mnt/EXSSD/formulog-artifact-evaluation/artifact/case_studies/symeval/benchmarks/prioqueue-5/prioqueue-5.ll>:main:629"	4
"</mnt/EXSSD/formulog-artifact-evaluation/artifact/case_studies/symeval/benchmarks/prioqueue-5/prioqueue-5.ll>:main:631"	8
"</mnt/EXSSD/formulog-artifact-evaluation/artifact/case_studies/symeval/benchmarks/prioqueue-5/prioqueue-5.ll>:main:635"	8
"</mnt/EXSSD/formulog-artifact-evaluation/artifact/case_studies/symeval/benchmarks/prioqueue-5/prioqueue-5.ll>:main:636"	4
"</mnt/EXSSD/formulog-artifact-evaluation/artifact/case_studies/symeval/benchmarks/prioqueue-5/prioqueue-5.ll>:main:639"	4
"</mnt/EXSSD/formulog-artifact-evaluation/artifact/case_studies/symeval/benchmarks/prioqueue-5/prioqueue-5.ll>:main:641"	8
"</mnt/EXSSD/formulog-artifact-evaluation/artifact/case_studies/symeval/benchmarks/prioqueue-5/prioqueue-5.ll>:main:642"	4
"</mnt/EXSSD/formulog-artifact-evaluation/artifact/case_studies/symeval/benchmarks/prioqueue-5/prioqueue-5.ll>:main:645"	4
"</mnt/EXSSD/formulog-artifact-evaluation/artifact/case_studies/symeval/benchmarks/prioqueue-5/prioqueue-5.ll>:main:646"	8
"</mnt/EXSSD/formulog-artifact-evaluation/artifact/case_studies/symeval/benchmarks/prioqueue-5/prioqueue-5.ll>:main:647"	4
"</mnt/EXSSD/formulog-artifact-evaluation/artifact/case_studies/symeval/benchmarks/prioqueue-5/prioqueue-5.ll>:main:651"	4
"</mnt/EXSSD/formulog-artifact-evaluation/artifact/case_studies/symeval/benchmarks/prioqueue-5/prioqueue-5.ll>:main:652"	8
"</mnt/EXSSD/formulog-artifact-evaluation/artifact/case_studies/symeval/benchmarks/prioqueue-5/prioqueue-5.ll>:main:653"	4
"</mnt/EXSSD/formulog-artifact-evaluation/artifact/case_studies/symeval/benchmarks/prioqueue-5/prioqueue-5.ll>:main:657"	4
"</mnt/EXSSD/formulog-artifact-evaluation/artifact/case_studies/symeval/benchmarks/prioqueue-5/prioqueue-5.ll>:main:660"	4
"</mnt/EXSSD/formulog-artifact-evaluation/artifact/case_studies/symeval/benchmarks/prioqueue-5/prioqueue-5.ll>:main:661"	8
"</mnt/EXSSD/formulog-artifact-evaluation/artifact/case_studies/symeval/benchmarks/prioqueue-5/prioqueue-5.ll>:main:663"	8
"</mnt/EXSSD/formulog-artifact-evaluation/artifact/case_studies/symeval/benchmarks/prioqueue-5/prioqueue-5.ll>:main:665"	4
"</mnt/EXSSD/formulog-artifact-evaluation/artifact/case_studies/symeval/benchmarks/prioqueue-5/prioqueue-5.ll>:main:667"	4
"</mnt/EXSSD/formulog-artifact-evaluation/artifact/case_studies/symeval/benchmarks/prioqueue-5/prioqueue-5.ll>:main:672"	8
"</mnt/EXSSD/formulog-artifact-evaluation/artifact/case_studies/symeval/benchmarks/prioqueue-5/prioqueue-5.ll>:main:674"	4
"</mnt/EXSSD/formulog-artifact-evaluation/artifact/case_studies/symeval/benchmarks/prioqueue-5/prioqueue-5.ll>:main:677"	8
"</mnt/EXSSD/formulog-artifact-evaluation/artifact/case_studies/symeval/benchmarks/prioqueue-5/prioqueue-5.ll>:main:678"	4
"</mnt/EXSSD/formulog-artifact-evaluation/artifact/case_studies/symeval/benchmarks/prioqueue-5/prioqueue-5.ll>:main:680"	8
"</mnt/EXSSD/formulog-artifact-evaluation/artifact/case_studies/symeval/benchmarks/prioqueue-5/prioqueue-5.ll>:main:681"	4
"</mnt/EXSSD/formulog-artifact-evaluation/artifact/case_studies/symeval/benchmarks/prioqueue-5/prioqueue-5.ll>:main:685"	4
"</mnt/EXSSD/formulog-artifact-evaluation/artifact/case_studies/symeval/benchmarks/prioqueue-5/prioqueue-5.ll>:main:686"	8
"</mnt/EXSSD/formulog-artifact-evaluation/artifact/case_studies/symeval/benchmarks/prioqueue-5/prioqueue-5.ll>:main:688"	8
"</mnt/EXSSD/formulog-artifact-evaluation/artifact/case_studies/symeval/benchmarks/prioqueue-5/prioqueue-5.ll>:main:691"	8
"</mnt/EXSSD/formulog-artifact-evaluation/artifact/case_studies/symeval/benchmarks/prioqueue-5/prioqueue-5.ll>:main:693"	4
"</mnt/EXSSD/formulog-artifact-evaluation/artifact/case_studies/symeval/benchmarks/prioqueue-5/prioqueue-5.ll>:main:696"	4
"</mnt/EXSSD/formulog-artifact-evaluation/artifact/case_studies/symeval/benchmarks/prioqueue-5/prioqueue-5.ll>:main:700"	4
"</mnt/EXSSD/formulog-artifact-evaluation/artifact/case_studies/symeval/benchmarks/prioqueue-5/prioqueue-5.ll>:main:702"	4
"</mnt/EXSSD/formulog-artifact-evaluation/artifact/case_studies/symeval/benchmarks/prioqueue-5/prioqueue-5.ll>:main:706"	4
"</mnt/EXSSD/formulog-artifact-evaluation/artifact/case_studies/symeval/benchmarks/prioqueue-5/prioqueue-5.ll>:main:707"	4
"</mnt/EXSSD/formulog-artifact-evaluation/artifact/case_studies/symeval/benchmarks/prioqueue-5/prioqueue-5.ll>:main:710"	8
"</mnt/EXSSD/formulog-artifact-evaluation/artifact/case_studies/symeval/benchmarks/prioqueue-5/prioqueue-5.ll>:main:711"	4
"</mnt/EXSSD/formulog-artifact-evaluation/artifact/case_studies/symeval/benchmarks/prioqueue-5/prioqueue-5.ll>:main:714"	4
"</mnt/EXSSD/formulog-artifact-evaluation/artifact/case_studies/symeval/benchmarks/prioqueue-5/prioqueue-5.ll>:main:715"	8
"</mnt/EXSSD/formulog-artifact-evaluation/artifact/case_studies/symeval/benchmarks/prioqueue-5/prioqueue-5.ll>:main:716"	4
"</mnt/EXSSD/formulog-artifact-evaluation/artifact/case_studies/symeval/benchmarks/prioqueue-5/prioqueue-5.ll>:main:719"	4
"</mnt/EXSSD/formulog-artifact-evaluation/artifact/case_studies/symeval/benchmarks/prioqueue-5/prioqueue-5.ll>:main:722"	4
"</mnt/EXSSD/formulog-artifact-evaluation/artifact/case_studies/symeval/benchmarks/prioqueue-5/prioqueue-5.ll>:main:724"	4
"</mnt/EXSSD/formulog-artifact-evaluation/artifact/case_studies/symeval/benchmarks/prioqueue-5/prioqueue-5.ll>:main:728"	8
"</mnt/EXSSD/formulog-artifact-evaluation/artifact/case_studies/symeval/benchmarks/prioqueue-5/prioqueue-5.ll>:main:729"	4
"</mnt/EXSSD/formulog-artifact-evaluation/artifact/case_studies/symeval/benchmarks/prioqueue-5/prioqueue-5.ll>:main:732"	4
"</mnt/EXSSD/formulog-artifact-evaluation/artifact/case_studies/symeval/benchmarks/prioqueue-5/prioqueue-5.ll>:main:733"	8
"</mnt/EXSSD/formulog-artifact-evaluation/artifact/case_studies/symeval/benchmarks/prioqueue-5/prioqueue-5.ll>:main:734"	4
"</mnt/EXSSD/formulog-artifact-evaluation/artifact/case_studies/symeval/benchmarks/prioqueue-5/prioqueue-5.ll>:main:737"	4
"</mnt/EXSSD/formulog-artifact-evaluation/artifact/case_studies/symeval/benchmarks/prioqueue-5/prioqueue-5.ll>:main:740"	4
"</mnt/EXSSD/formulog-artifact-evaluation/artifact/case_studies/symeval/benchmarks/prioqueue-5/prioqueue-5.ll>:main:743"	4
"</mnt/EXSSD/formulog-artifact-evaluation/artifact/case_studies/symeval/benchmarks/prioqueue-5/prioqueue-5.ll>:main:747"	4
"</mnt/EXSSD/formulog-artifact-evaluation/artifact/case_studies/symeval/benchmarks/prioqueue-5/prioqueue-5.ll>:main:749"	4
"</mnt/EXSSD/formulog-artifact-evaluation/artifact/case_studies/symeval/benchmarks/prioqueue-5/prioqueue-5.ll>:main:753"	4
"</mnt/EXSSD/formulog-artifact-evaluation/artifact/case_studies/symeval/benchmarks/prioqueue-5/prioqueue-5.ll>:main:754"	4
"</mnt/EXSSD/formulog-artifact-evaluation/artifact/case_studies/symeval/benchmarks/prioqueue-5/prioqueue-5.ll>:main:757"	8
"</mnt/EXSSD/formulog-artifact-evaluation/artifact/case_studies/symeval/benchmarks/prioqueue-5/prioqueue-5.ll>:main:758"	4
"</mnt/EXSSD/formulog-artifact-evaluation/artifact/case_studies/symeval/benchmarks/prioqueue-5/prioqueue-5.ll>:main:761"	4
"</mnt/EXSSD/formulog-artifact-evaluation/artifact/case_studies/symeval/benchmarks/prioqueue-5/prioqueue-5.ll>:main:762"	8
"</mnt/EXSSD/formulog-artifact-evaluation/artifact/case_studies/symeval/benchmarks/prioqueue-5/prioqueue-5.ll>:main:763"	4
"</mnt/EXSSD/formulog-artifact-evaluation/artifact/case_studies/symeval/benchmarks/prioqueue-5/prioqueue-5.ll>:main:766"	4
"</mnt/EXSSD/formulog-artifact-evaluation/artifact/case_studies/symeval/benchmarks/prioqueue-5/prioqueue-5.ll>:main:769"	4
"</mnt/EXSSD/formulog-artifact-evaluation/artifact/case_studies/symeval/benchmarks/prioqueue-5/prioqueue-5.ll>:main:773"	4
"</mnt/EXSSD/formulog-artifact-evaluation/artifact/case_studies/symeval/benchmarks/prioqueue-5/prioqueue-5.ll>:main:776"	4
"</mnt/EXSSD/formulog-artifact-evaluation/artifact/case_studies/symeval/benchmarks/prioqueue-5/prioqueue-5.ll>:main:777"	4
"</mnt/EXSSD/formulog-artifact-evaluation/artifact/case_studies/symeval/benchmarks/prioqueue-5/prioqueue-5.ll>:main:778"	8
"</mnt/EXSSD/formulog-artifact-evaluation/artifact/case_studies/symeval/benchmarks/prioqueue-5/prioqueue-5.ll>:main:782"	8
"</mnt/EXSSD/formulog-artifact-evaluation/artifact/case_studies/symeval/benchmarks/prioqueue-5/prioqueue-5.ll>:main:783"	4
"</mnt/EXSSD/formulog-artifact-evaluation/artifact/case_studies/symeval/benchmarks/prioqueue-5/prioqueue-5.ll>:main:786"	4
"</mnt/EXSSD/formulog-artifact-evaluation/artifact/case_studies/symeval/benchmarks/prioqueue-5/prioqueue-5.ll>:main:788"	8
"</mnt/EXSSD/formulog-artifact-evaluation/artifact/case_studies/symeval/benchmarks/prioqueue-5/prioqueue-5.ll>:main:789"	4
"</mnt/EXSSD/formulog-artifact-evaluation/artifact/case_studies/symeval/benchmarks/prioqueue-5/prioqueue-5.ll>:main:792"	4
"</mnt/EXSSD/formulog-artifact-evaluation/artifact/case_studies/symeval/benchmarks/prioqueue-5/prioqueue-5.ll>:main:793"	8
"</mnt/EXSSD/formulog-artifact-evaluation/artifact/case_studies/symeval/benchmarks/prioqueue-5/prioqueue-5.ll>:main:794"	4
"</mnt/EXSSD/formulog-artifact-evaluation/artifact/case_studies/symeval/benchmarks/prioqueue-5/prioqueue-5.ll>:main:798"	4
"</mnt/EXSSD/formulog-artifact-evaluation/artifact/case_studies/symeval/benchmarks/prioqueue-5/prioqueue-5.ll>:main:799"	8
"</mnt/EXSSD/formulog-artifact-evaluation/artifact/case_studies/symeval/benchmarks/prioqueue-5/prioqueue-5.ll>:main:800"	4
"</mnt/EXSSD/formulog-artifact-evaluation/artifact/case_studies/symeval/benchmarks/prioqueue-5/prioqueue-5.ll>:main:805"	4
"</mnt/EXSSD/formulog-artifact-evaluation/artifact/case_studies/symeval/benchmarks/prioqueue-5/prioqueue-5.ll>:main:808"	4
"</mnt/EXSSD/formulog-artifact-evaluation/artifact/case_studies/symeval/benchmarks/prioqueue-5/prioqueue-5.ll>:main:811"	4
