"</mnt/EXSSD/formulog-artifact-evaluation/artifact/case_studies/symeval/benchmarks/prioqueue-5/prioqueue-5.ll>:main:138"	"i64"
"</mnt/EXSSD/formulog-artifact-evaluation/artifact/case_studies/symeval/benchmarks/prioqueue-5/prioqueue-5.ll>:main:162"	"i64"
"</mnt/EXSSD/formulog-artifact-evaluation/artifact/case_studies/symeval/benchmarks/prioqueue-5/prioqueue-5.ll>:main:181"	"i64"
"</mnt/EXSSD/formulog-artifact-evaluation/artifact/case_studies/symeval/benchmarks/prioqueue-5/prioqueue-5.ll>:main:186"	"i64"
"</mnt/EXSSD/formulog-artifact-evaluation/artifact/case_studies/symeval/benchmarks/prioqueue-5/prioqueue-5.ll>:main:201"	"i64"
"</mnt/EXSSD/formulog-artifact-evaluation/artifact/case_studies/symeval/benchmarks/prioqueue-5/prioqueue-5.ll>:main:207"	"i64"
"</mnt/EXSSD/formulog-artifact-evaluation/artifact/case_studies/symeval/benchmarks/prioqueue-5/prioqueue-5.ll>:main:212"	"i64"
"</mnt/EXSSD/formulog-artifact-evaluation/artifact/case_studies/symeval/benchmarks/prioqueue-5/prioqueue-5.ll>:main:218"	"i64"
"</mnt/EXSSD/formulog-artifact-evaluation/artifact/case_studies/symeval/benchmarks/prioqueue-5/prioqueue-5.ll>:main:262"	"i64"
"</mnt/EXSSD/formulog-artifact-evaluation/artifact/case_studies/symeval/benchmarks/prioqueue-5/prioqueue-5.ll>:main:272"	"i64"
"</mnt/EXSSD/formulog-artifact-evaluation/artifact/case_studies/symeval/benchmarks/prioqueue-5/prioqueue-5.ll>:main:290"	"i64"
"</mnt/EXSSD/formulog-artifact-evaluation/artifact/case_studies/symeval/benchmarks/prioqueue-5/prioqueue-5.ll>:main:296"	"i64"
"</mnt/EXSSD/formulog-artifact-evaluation/artifact/case_studies/symeval/benchmarks/prioqueue-5/prioqueue-5.ll>:main:301"	"i64"
"</mnt/EXSSD/formulog-artifact-evaluation/artifact/case_studies/symeval/benchmarks/prioqueue-5/prioqueue-5.ll>:main:307"	"i64"
"</mnt/EXSSD/formulog-artifact-evaluation/artifact/case_studies/symeval/benchmarks/prioqueue-5/prioqueue-5.ll>:main:336"	"i64"
"</mnt/EXSSD/formulog-artifact-evaluation/artifact/case_studies/symeval/benchmarks/prioqueue-5/prioqueue-5.ll>:main:365"	"i64"
"</mnt/EXSSD/formulog-artifact-evaluation/artifact/case_studies/symeval/benchmarks/prioqueue-5/prioqueue-5.ll>:main:370"	"i64"
"</mnt/EXSSD/formulog-artifact-evaluation/artifact/case_studies/symeval/benchmarks/prioqueue-5/prioqueue-5.ll>:main:383"	"i64"
"</mnt/EXSSD/formulog-artifact-evaluation/artifact/case_studies/symeval/benchmarks/prioqueue-5/prioqueue-5.ll>:main:388"	"i64"
"</mnt/EXSSD/formulog-artifact-evaluation/artifact/case_studies/symeval/benchmarks/prioqueue-5/prioqueue-5.ll>:main:412"	"i64"
"</mnt/EXSSD/formulog-artifact-evaluation/artifact/case_studies/symeval/benchmarks/prioqueue-5/prioqueue-5.ll>:main:417"	"i64"
"</mnt/EXSSD/formulog-artifact-evaluation/artifact/case_studies/symeval/benchmarks/prioqueue-5/prioqueue-5.ll>:main:437"	"i64"
"</mnt/EXSSD/formulog-artifact-evaluation/artifact/case_studies/symeval/benchmarks/prioqueue-5/prioqueue-5.ll>:main:443"	"i64"
"</mnt/EXSSD/formulog-artifact-evaluation/artifact/case_studies/symeval/benchmarks/prioqueue-5/prioqueue-5.ll>:main:448"	"i64"
"</mnt/EXSSD/formulog-artifact-evaluation/artifact/case_studies/symeval/benchmarks/prioqueue-5/prioqueue-5.ll>:main:454"	"i64"
"</mnt/EXSSD/formulog-artifact-evaluation/artifact/case_studies/symeval/benchmarks/prioqueue-5/prioqueue-5.ll>:main:490"	"i64"
"</mnt/EXSSD/formulog-artifact-evaluation/artifact/case_studies/symeval/benchmarks/prioqueue-5/prioqueue-5.ll>:main:514"	"i64"
"</mnt/EXSSD/formulog-artifact-evaluation/artifact/case_studies/symeval/benchmarks/prioqueue-5/prioqueue-5.ll>:main:533"	"i64"
"</mnt/EXSSD/formulog-artifact-evaluation/artifact/case_studies/symeval/benchmarks/prioqueue-5/prioqueue-5.ll>:main:538"	"i64"
"</mnt/EXSSD/formulog-artifact-evaluation/artifact/case_studies/symeval/benchmarks/prioqueue-5/prioqueue-5.ll>:main:553"	"i64"
"</mnt/EXSSD/formulog-artifact-evaluation/artifact/case_studies/symeval/benchmarks/prioqueue-5/prioqueue-5.ll>:main:559"	"i64"
"</mnt/EXSSD/formulog-artifact-evaluation/artifact/case_studies/symeval/benchmarks/prioqueue-5/prioqueue-5.ll>:main:564"	"i64"
"</mnt/EXSSD/formulog-artifact-evaluation/artifact/case_studies/symeval/benchmarks/prioqueue-5/prioqueue-5.ll>:main:570"	"i64"
"</mnt/EXSSD/formulog-artifact-evaluation/artifact/case_studies/symeval/benchmarks/prioqueue-5/prioqueue-5.ll>:main:609"	"i64"
"</mnt/EXSSD/formulog-artifact-evaluation/artifact/case_studies/symeval/benchmarks/prioqueue-5/prioqueue-5.ll>:main:619"	"i64"
"</mnt/EXSSD/formulog-artifact-evaluation/artifact/case_studies/symeval/benchmarks/prioqueue-5/prioqueue-5.ll>:main:637"	"i64"
"</mnt/EXSSD/formulog-artifact-evaluation/artifact/case_studies/symeval/benchmarks/prioqueue-5/prioqueue-5.ll>:main:643"	"i64"
"</mnt/EXSSD/formulog-artifact-evaluation/artifact/case_studies/symeval/benchmarks/prioqueue-5/prioqueue-5.ll>:main:648"	"i64"
"</mnt/EXSSD/formulog-artifact-evaluation/artifact/case_studies/symeval/benchmarks/prioqueue-5/prioqueue-5.ll>:main:654"	"i64"
"</mnt/EXSSD/formulog-artifact-evaluation/artifact/case_studies/symeval/benchmarks/prioqueue-5/prioqueue-5.ll>:main:683"	"i64"
"</mnt/EXSSD/formulog-artifact-evaluation/artifact/case_studies/symeval/benchmarks/prioqueue-5/prioqueue-5.ll>:main:712"	"i64"
"</mnt/EXSSD/formulog-artifact-evaluation/artifact/case_studies/symeval/benchmarks/prioqueue-5/prioqueue-5.ll>:main:717"	"i64"
"</mnt/EXSSD/formulog-artifact-evaluation/artifact/case_studies/symeval/benchmarks/prioqueue-5/prioqueue-5.ll>:main:730"	"i64"
"</mnt/EXSSD/formulog-artifact-evaluation/artifact/case_studies/symeval/benchmarks/prioqueue-5/prioqueue-5.ll>:main:735"	"i64"
"</mnt/EXSSD/formulog-artifact-evaluation/artifact/case_studies/symeval/benchmarks/prioqueue-5/prioqueue-5.ll>:main:759"	"i64"
"</mnt/EXSSD/formulog-artifact-evaluation/artifact/case_studies/symeval/benchmarks/prioqueue-5/prioqueue-5.ll>:main:764"	"i64"
"</mnt/EXSSD/formulog-artifact-evaluation/artifact/case_studies/symeval/benchmarks/prioqueue-5/prioqueue-5.ll>:main:784"	"i64"
"</mnt/EXSSD/formulog-artifact-evaluation/artifact/case_studies/symeval/benchmarks/prioqueue-5/prioqueue-5.ll>:main:790"	"i64"
"</mnt/EXSSD/formulog-artifact-evaluation/artifact/case_studies/symeval/benchmarks/prioqueue-5/prioqueue-5.ll>:main:795"	"i64"
"</mnt/EXSSD/formulog-artifact-evaluation/artifact/case_studies/symeval/benchmarks/prioqueue-5/prioqueue-5.ll>:main:801"	"i64"
