"</mnt/EXSSD/formulog-artifact-evaluation/artifact/case_studies/symeval/benchmarks/prioqueue-5/prioqueue-5.ll>:main:94"	4
"</mnt/EXSSD/formulog-artifact-evaluation/artifact/case_studies/symeval/benchmarks/prioqueue-5/prioqueue-5.ll>:main:97"	8
"</mnt/EXSSD/formulog-artifact-evaluation/artifact/case_studies/symeval/benchmarks/prioqueue-5/prioqueue-5.ll>:main:100"	4
"</mnt/EXSSD/formulog-artifact-evaluation/artifact/case_studies/symeval/benchmarks/prioqueue-5/prioqueue-5.ll>:main:102"	8
"</mnt/EXSSD/formulog-artifact-evaluation/artifact/case_studies/symeval/benchmarks/prioqueue-5/prioqueue-5.ll>:main:105"	8
"</mnt/EXSSD/formulog-artifact-evaluation/artifact/case_studies/symeval/benchmarks/prioqueue-5/prioqueue-5.ll>:main:108"	4
"</mnt/EXSSD/formulog-artifact-evaluation/artifact/case_studies/symeval/benchmarks/prioqueue-5/prioqueue-5.ll>:main:110"	8
"</mnt/EXSSD/formulog-artifact-evaluation/artifact/case_studies/symeval/benchmarks/prioqueue-5/prioqueue-5.ll>:main:111"	4
"</mnt/EXSSD/formulog-artifact-evaluation/artifact/case_studies/symeval/benchmarks/prioqueue-5/prioqueue-5.ll>:main:117"	4
"</mnt/EXSSD/formulog-artifact-evaluation/artifact/case_studies/symeval/benchmarks/prioqueue-5/prioqueue-5.ll>:main:120"	4
"</mnt/EXSSD/formulog-artifact-evaluation/artifact/case_studies/symeval/benchmarks/prioqueue-5/prioqueue-5.ll>:main:121"	8
"</mnt/EXSSD/formulog-artifact-evaluation/artifact/case_studies/symeval/benchmarks/prioqueue-5/prioqueue-5.ll>:main:125"	4
"</mnt/EXSSD/formulog-artifact-evaluation/artifact/case_studies/symeval/benchmarks/prioqueue-5/prioqueue-5.ll>:main:134"	4
"</mnt/EXSSD/formulog-artifact-evaluation/artifact/case_studies/symeval/benchmarks/prioqueue-5/prioqueue-5.ll>:main:140"	4
"</mnt/EXSSD/formulog-artifact-evaluation/artifact/case_studies/symeval/benchmarks/prioqueue-5/prioqueue-5.ll>:main:144"	4
"</mnt/EXSSD/formulog-artifact-evaluation/artifact/case_studies/symeval/benchmarks/prioqueue-5/prioqueue-5.ll>:main:145"	8
"</mnt/EXSSD/formulog-artifact-evaluation/artifact/case_studies/symeval/benchmarks/prioqueue-5/prioqueue-5.ll>:main:149"	4
"</mnt/EXSSD/formulog-artifact-evaluation/artifact/case_studies/symeval/benchmarks/prioqueue-5/prioqueue-5.ll>:main:158"	4
"</mnt/EXSSD/formulog-artifact-evaluation/artifact/case_studies/symeval/benchmarks/prioqueue-5/prioqueue-5.ll>:main:164"	4
"</mnt/EXSSD/formulog-artifact-evaluation/artifact/case_studies/symeval/benchmarks/prioqueue-5/prioqueue-5.ll>:main:167"	4
"</mnt/EXSSD/formulog-artifact-evaluation/artifact/case_studies/symeval/benchmarks/prioqueue-5/prioqueue-5.ll>:main:168"	8
"</mnt/EXSSD/formulog-artifact-evaluation/artifact/case_studies/symeval/benchmarks/prioqueue-5/prioqueue-5.ll>:main:170"	4
"</mnt/EXSSD/formulog-artifact-evaluation/artifact/case_studies/symeval/benchmarks/prioqueue-5/prioqueue-5.ll>:main:174"	4
"</mnt/EXSSD/formulog-artifact-evaluation/artifact/case_studies/symeval/benchmarks/prioqueue-5/prioqueue-5.ll>:main:196"	4
"</mnt/EXSSD/formulog-artifact-evaluation/artifact/case_studies/symeval/benchmarks/prioqueue-5/prioqueue-5.ll>:main:197"	4
"</mnt/EXSSD/formulog-artifact-evaluation/artifact/case_studies/symeval/benchmarks/prioqueue-5/prioqueue-5.ll>:main:198"	8
"</mnt/EXSSD/formulog-artifact-evaluation/artifact/case_studies/symeval/benchmarks/prioqueue-5/prioqueue-5.ll>:main:204"	4
"</mnt/EXSSD/formulog-artifact-evaluation/artifact/case_studies/symeval/benchmarks/prioqueue-5/prioqueue-5.ll>:main:214"	4
"</mnt/EXSSD/formulog-artifact-evaluation/artifact/case_studies/symeval/benchmarks/prioqueue-5/prioqueue-5.ll>:main:220"	4
"</mnt/EXSSD/formulog-artifact-evaluation/artifact/case_studies/symeval/benchmarks/prioqueue-5/prioqueue-5.ll>:main:222"	4
"</mnt/EXSSD/formulog-artifact-evaluation/artifact/case_studies/symeval/benchmarks/prioqueue-5/prioqueue-5.ll>:main:224"	4
"</mnt/EXSSD/formulog-artifact-evaluation/artifact/case_studies/symeval/benchmarks/prioqueue-5/prioqueue-5.ll>:main:228"	4
"</mnt/EXSSD/formulog-artifact-evaluation/artifact/case_studies/symeval/benchmarks/prioqueue-5/prioqueue-5.ll>:main:234"	4
"</mnt/EXSSD/formulog-artifact-evaluation/artifact/case_studies/symeval/benchmarks/prioqueue-5/prioqueue-5.ll>:main:237"	8
"</mnt/EXSSD/formulog-artifact-evaluation/artifact/case_studies/symeval/benchmarks/prioqueue-5/prioqueue-5.ll>:main:241"	4
"</mnt/EXSSD/formulog-artifact-evaluation/artifact/case_studies/symeval/benchmarks/prioqueue-5/prioqueue-5.ll>:main:245"	4
"</mnt/EXSSD/formulog-artifact-evaluation/artifact/case_studies/symeval/benchmarks/prioqueue-5/prioqueue-5.ll>:main:251"	4
"</mnt/EXSSD/formulog-artifact-evaluation/artifact/case_studies/symeval/benchmarks/prioqueue-5/prioqueue-5.ll>:main:252"	4
"</mnt/EXSSD/formulog-artifact-evaluation/artifact/case_studies/symeval/benchmarks/prioqueue-5/prioqueue-5.ll>:main:253"	4
"</mnt/EXSSD/formulog-artifact-evaluation/artifact/case_studies/symeval/benchmarks/prioqueue-5/prioqueue-5.ll>:main:254"	4
"</mnt/EXSSD/formulog-artifact-evaluation/artifact/case_studies/symeval/benchmarks/prioqueue-5/prioqueue-5.ll>:main:269"	4
"</mnt/EXSSD/formulog-artifact-evaluation/artifact/case_studies/symeval/benchmarks/prioqueue-5/prioqueue-5.ll>:main:275"	4
"</mnt/EXSSD/formulog-artifact-evaluation/artifact/case_studies/symeval/benchmarks/prioqueue-5/prioqueue-5.ll>:main:279"	4
"</mnt/EXSSD/formulog-artifact-evaluation/artifact/case_studies/symeval/benchmarks/prioqueue-5/prioqueue-5.ll>:main:285"	4
"</mnt/EXSSD/formulog-artifact-evaluation/artifact/case_studies/symeval/benchmarks/prioqueue-5/prioqueue-5.ll>:main:286"	4
"</mnt/EXSSD/formulog-artifact-evaluation/artifact/case_studies/symeval/benchmarks/prioqueue-5/prioqueue-5.ll>:main:287"	8
"</mnt/EXSSD/formulog-artifact-evaluation/artifact/case_studies/symeval/benchmarks/prioqueue-5/prioqueue-5.ll>:main:293"	4
"</mnt/EXSSD/formulog-artifact-evaluation/artifact/case_studies/symeval/benchmarks/prioqueue-5/prioqueue-5.ll>:main:303"	4
"</mnt/EXSSD/formulog-artifact-evaluation/artifact/case_studies/symeval/benchmarks/prioqueue-5/prioqueue-5.ll>:main:309"	4
"</mnt/EXSSD/formulog-artifact-evaluation/artifact/case_studies/symeval/benchmarks/prioqueue-5/prioqueue-5.ll>:main:311"	4
"</mnt/EXSSD/formulog-artifact-evaluation/artifact/case_studies/symeval/benchmarks/prioqueue-5/prioqueue-5.ll>:main:315"	8
"</mnt/EXSSD/formulog-artifact-evaluation/artifact/case_studies/symeval/benchmarks/prioqueue-5/prioqueue-5.ll>:main:319"	4
"</mnt/EXSSD/formulog-artifact-evaluation/artifact/case_studies/symeval/benchmarks/prioqueue-5/prioqueue-5.ll>:main:323"	4
"</mnt/EXSSD/formulog-artifact-evaluation/artifact/case_studies/symeval/benchmarks/prioqueue-5/prioqueue-5.ll>:main:329"	4
"</mnt/EXSSD/formulog-artifact-evaluation/artifact/case_studies/symeval/benchmarks/prioqueue-5/prioqueue-5.ll>:main:332"	4
"</mnt/EXSSD/formulog-artifact-evaluation/artifact/case_studies/symeval/benchmarks/prioqueue-5/prioqueue-5.ll>:main:340"	4
"</mnt/EXSSD/formulog-artifact-evaluation/artifact/case_studies/symeval/benchmarks/prioqueue-5/prioqueue-5.ll>:main:342"	4
"</mnt/EXSSD/formulog-artifact-evaluation/artifact/case_studies/symeval/benchmarks/prioqueue-5/prioqueue-5.ll>:main:343"	8
"</mnt/EXSSD/formulog-artifact-evaluation/artifact/case_studies/symeval/benchmarks/prioqueue-5/prioqueue-5.ll>:main:347"	4
"</mnt/EXSSD/formulog-artifact-evaluation/artifact/case_studies/symeval/benchmarks/prioqueue-5/prioqueue-5.ll>:main:352"	4
"</mnt/EXSSD/formulog-artifact-evaluation/artifact/case_studies/symeval/benchmarks/prioqueue-5/prioqueue-5.ll>:main:354"	4
"</mnt/EXSSD/formulog-artifact-evaluation/artifact/case_studies/symeval/benchmarks/prioqueue-5/prioqueue-5.ll>:main:358"	4
"</mnt/EXSSD/formulog-artifact-evaluation/artifact/case_studies/symeval/benchmarks/prioqueue-5/prioqueue-5.ll>:main:376"	4
"</mnt/EXSSD/formulog-artifact-evaluation/artifact/case_studies/symeval/benchmarks/prioqueue-5/prioqueue-5.ll>:main:380"	4
"</mnt/EXSSD/formulog-artifact-evaluation/artifact/case_studies/symeval/benchmarks/prioqueue-5/prioqueue-5.ll>:main:394"	4
"</mnt/EXSSD/formulog-artifact-evaluation/artifact/case_studies/symeval/benchmarks/prioqueue-5/prioqueue-5.ll>:main:397"	4
"</mnt/EXSSD/formulog-artifact-evaluation/artifact/case_studies/symeval/benchmarks/prioqueue-5/prioqueue-5.ll>:main:401"	4
"</mnt/EXSSD/formulog-artifact-evaluation/artifact/case_studies/symeval/benchmarks/prioqueue-5/prioqueue-5.ll>:main:405"	4
"</mnt/EXSSD/formulog-artifact-evaluation/artifact/case_studies/symeval/benchmarks/prioqueue-5/prioqueue-5.ll>:main:423"	4
"</mnt/EXSSD/formulog-artifact-evaluation/artifact/case_studies/symeval/benchmarks/prioqueue-5/prioqueue-5.ll>:main:432"	4
"</mnt/EXSSD/formulog-artifact-evaluation/artifact/case_studies/symeval/benchmarks/prioqueue-5/prioqueue-5.ll>:main:433"	4
"</mnt/EXSSD/formulog-artifact-evaluation/artifact/case_studies/symeval/benchmarks/prioqueue-5/prioqueue-5.ll>:main:434"	8
"</mnt/EXSSD/formulog-artifact-evaluation/artifact/case_studies/symeval/benchmarks/prioqueue-5/prioqueue-5.ll>:main:440"	4
"</mnt/EXSSD/formulog-artifact-evaluation/artifact/case_studies/symeval/benchmarks/prioqueue-5/prioqueue-5.ll>:main:450"	4
"</mnt/EXSSD/formulog-artifact-evaluation/artifact/case_studies/symeval/benchmarks/prioqueue-5/prioqueue-5.ll>:main:456"	4
"</mnt/EXSSD/formulog-artifact-evaluation/artifact/case_studies/symeval/benchmarks/prioqueue-5/prioqueue-5.ll>:main:459"	4
"</mnt/EXSSD/formulog-artifact-evaluation/artifact/case_studies/symeval/benchmarks/prioqueue-5/prioqueue-5.ll>:main:462"	4
"</mnt/EXSSD/formulog-artifact-evaluation/artifact/case_studies/symeval/benchmarks/prioqueue-5/prioqueue-5.ll>:main:469"	4
"</mnt/EXSSD/formulog-artifact-evaluation/artifact/case_studies/symeval/benchmarks/prioqueue-5/prioqueue-5.ll>:main:472"	4
"</mnt/EXSSD/formulog-artifact-evaluation/artifact/case_studies/symeval/benchmarks/prioqueue-5/prioqueue-5.ll>:main:473"	8
"</mnt/EXSSD/formulog-artifact-evaluation/artifact/case_studies/symeval/benchmarks/prioqueue-5/prioqueue-5.ll>:main:477"	4
"</mnt/EXSSD/formulog-artifact-evaluation/artifact/case_studies/symeval/benchmarks/prioqueue-5/prioqueue-5.ll>:main:486"	4
"</mnt/EXSSD/formulog-artifact-evaluation/artifact/case_studies/symeval/benchmarks/prioqueue-5/prioqueue-5.ll>:main:492"	4
"</mnt/EXSSD/formulog-artifact-evaluation/artifact/case_studies/symeval/benchmarks/prioqueue-5/prioqueue-5.ll>:main:496"	4
"</mnt/EXSSD/formulog-artifact-evaluation/artifact/case_studies/symeval/benchmarks/prioqueue-5/prioqueue-5.ll>:main:497"	8
"</mnt/EXSSD/formulog-artifact-evaluation/artifact/case_studies/symeval/benchmarks/prioqueue-5/prioqueue-5.ll>:main:501"	4
"</mnt/EXSSD/formulog-artifact-evaluation/artifact/case_studies/symeval/benchmarks/prioqueue-5/prioqueue-5.ll>:main:510"	4
"</mnt/EXSSD/formulog-artifact-evaluation/artifact/case_studies/symeval/benchmarks/prioqueue-5/prioqueue-5.ll>:main:516"	4
"</mnt/EXSSD/formulog-artifact-evaluation/artifact/case_studies/symeval/benchmarks/prioqueue-5/prioqueue-5.ll>:main:519"	4
"</mnt/EXSSD/formulog-artifact-evaluation/artifact/case_studies/symeval/benchmarks/prioqueue-5/prioqueue-5.ll>:main:520"	8
"</mnt/EXSSD/formulog-artifact-evaluation/artifact/case_studies/symeval/benchmarks/prioqueue-5/prioqueue-5.ll>:main:522"	4
"</mnt/EXSSD/formulog-artifact-evaluation/artifact/case_studies/symeval/benchmarks/prioqueue-5/prioqueue-5.ll>:main:526"	4
"</mnt/EXSSD/formulog-artifact-evaluation/artifact/case_studies/symeval/benchmarks/prioqueue-5/prioqueue-5.ll>:main:548"	4
"</mnt/EXSSD/formulog-artifact-evaluation/artifact/case_studies/symeval/benchmarks/prioqueue-5/prioqueue-5.ll>:main:549"	4
"</mnt/EXSSD/formulog-artifact-evaluation/artifact/case_studies/symeval/benchmarks/prioqueue-5/prioqueue-5.ll>:main:550"	8
"</mnt/EXSSD/formulog-artifact-evaluation/artifact/case_studies/symeval/benchmarks/prioqueue-5/prioqueue-5.ll>:main:556"	4
"</mnt/EXSSD/formulog-artifact-evaluation/artifact/case_studies/symeval/benchmarks/prioqueue-5/prioqueue-5.ll>:main:566"	4
"</mnt/EXSSD/formulog-artifact-evaluation/artifact/case_studies/symeval/benchmarks/prioqueue-5/prioqueue-5.ll>:main:572"	4
"</mnt/EXSSD/formulog-artifact-evaluation/artifact/case_studies/symeval/benchmarks/prioqueue-5/prioqueue-5.ll>:main:574"	4
"</mnt/EXSSD/formulog-artifact-evaluation/artifact/case_studies/symeval/benchmarks/prioqueue-5/prioqueue-5.ll>:main:576"	4
"</mnt/EXSSD/formulog-artifact-evaluation/artifact/case_studies/symeval/benchmarks/prioqueue-5/prioqueue-5.ll>:main:580"	4
"</mnt/EXSSD/formulog-artifact-evaluation/artifact/case_studies/symeval/benchmarks/prioqueue-5/prioqueue-5.ll>:main:584"	8
"</mnt/EXSSD/formulog-artifact-evaluation/artifact/case_studies/symeval/benchmarks/prioqueue-5/prioqueue-5.ll>:main:588"	4
"</mnt/EXSSD/formulog-artifact-evaluation/artifact/case_studies/symeval/benchmarks/prioqueue-5/prioqueue-5.ll>:main:592"	4
"</mnt/EXSSD/formulog-artifact-evaluation/artifact/case_studies/symeval/benchmarks/prioqueue-5/prioqueue-5.ll>:main:598"	4
"</mnt/EXSSD/formulog-artifact-evaluation/artifact/case_studies/symeval/benchmarks/prioqueue-5/prioqueue-5.ll>:main:599"	4
"</mnt/EXSSD/formulog-artifact-evaluation/artifact/case_studies/symeval/benchmarks/prioqueue-5/prioqueue-5.ll>:main:600"	4
"</mnt/EXSSD/formulog-artifact-evaluation/artifact/case_studies/symeval/benchmarks/prioqueue-5/prioqueue-5.ll>:main:601"	4
"</mnt/EXSSD/formulog-artifact-evaluation/artifact/case_studies/symeval/benchmarks/prioqueue-5/prioqueue-5.ll>:main:616"	4
"</mnt/EXSSD/formulog-artifact-evaluation/artifact/case_studies/symeval/benchmarks/prioqueue-5/prioqueue-5.ll>:main:622"	4
"</mnt/EXSSD/formulog-artifact-evaluation/artifact/case_studies/symeval/benchmarks/prioqueue-5/prioqueue-5.ll>:main:626"	4
"</mnt/EXSSD/formulog-artifact-evaluation/artifact/case_studies/symeval/benchmarks/prioqueue-5/prioqueue-5.ll>:main:632"	4
"</mnt/EXSSD/formulog-artifact-evaluation/artifact/case_studies/symeval/benchmarks/prioqueue-5/prioqueue-5.ll>:main:633"	4
"</mnt/EXSSD/formulog-artifact-evaluation/artifact/case_studies/symeval/benchmarks/prioqueue-5/prioqueue-5.ll>:main:634"	8
"</mnt/EXSSD/formulog-artifact-evaluation/artifact/case_studies/symeval/benchmarks/prioqueue-5/prioqueue-5.ll>:main:640"	4
"</mnt/EXSSD/formulog-artifact-evaluation/artifact/case_studies/symeval/benchmarks/prioqueue-5/prioqueue-5.ll>:main:650"	4
"</mnt/EXSSD/formulog-artifact-evaluation/artifact/case_studies/symeval/benchmarks/prioqueue-5/prioqueue-5.ll>:main:656"	4
"</mnt/EXSSD/formulog-artifact-evaluation/artifact/case_studies/symeval/benchmarks/prioqueue-5/prioqueue-5.ll>:main:658"	4
"</mnt/EXSSD/formulog-artifact-evaluation/artifact/case_studies/symeval/benchmarks/prioqueue-5/prioqueue-5.ll>:main:662"	8
"</mnt/EXSSD/formulog-artifact-evaluation/artifact/case_studies/symeval/benchmarks/prioqueue-5/prioqueue-5.ll>:main:666"	4
"</mnt/EXSSD/formulog-artifact-evaluation/artifact/case_studies/symeval/benchmarks/prioqueue-5/prioqueue-5.ll>:main:670"	4
"</mnt/EXSSD/formulog-artifact-evaluation/artifact/case_studies/symeval/benchmarks/prioqueue-5/prioqueue-5.ll>:main:676"	4
"</mnt/EXSSD/formulog-artifact-evaluation/artifact/case_studies/symeval/benchmarks/prioqueue-5/prioqueue-5.ll>:main:679"	4
"</mnt/EXSSD/formulog-artifact-evaluation/artifact/case_studies/symeval/benchmarks/prioqueue-5/prioqueue-5.ll>:main:687"	4
"</mnt/EXSSD/formulog-artifact-evaluation/artifact/case_studies/symeval/benchmarks/prioqueue-5/prioqueue-5.ll>:main:689"	4
"</mnt/EXSSD/formulog-artifact-evaluation/artifact/case_studies/symeval/benchmarks/prioqueue-5/prioqueue-5.ll>:main:690"	8
"</mnt/EXSSD/formulog-artifact-evaluation/artifact/case_studies/symeval/benchmarks/prioqueue-5/prioqueue-5.ll>:main:694"	4
"</mnt/EXSSD/formulog-artifact-evaluation/artifact/case_studies/symeval/benchmarks/prioqueue-5/prioqueue-5.ll>:main:699"	4
"</mnt/EXSSD/formulog-artifact-evaluation/artifact/case_studies/symeval/benchmarks/prioqueue-5/prioqueue-5.ll>:main:701"	4
"</mnt/EXSSD/formulog-artifact-evaluation/artifact/case_studies/symeval/benchmarks/prioqueue-5/prioqueue-5.ll>:main:705"	4
"</mnt/EXSSD/formulog-artifact-evaluation/artifact/case_studies/symeval/benchmarks/prioqueue-5/prioqueue-5.ll>:main:723"	4
"</mnt/EXSSD/formulog-artifact-evaluation/artifact/case_studies/symeval/benchmarks/prioqueue-5/prioqueue-5.ll>:main:727"	4
"</mnt/EXSSD/formulog-artifact-evaluation/artifact/case_studies/symeval/benchmarks/prioqueue-5/prioqueue-5.ll>:main:741"	4
"</mnt/EXSSD/formulog-artifact-evaluation/artifact/case_studies/symeval/benchmarks/prioqueue-5/prioqueue-5.ll>:main:744"	4
"</mnt/EXSSD/formulog-artifact-evaluation/artifact/case_studies/symeval/benchmarks/prioqueue-5/prioqueue-5.ll>:main:748"	4
"</mnt/EXSSD/formulog-artifact-evaluation/artifact/case_studies/symeval/benchmarks/prioqueue-5/prioqueue-5.ll>:main:752"	4
"</mnt/EXSSD/formulog-artifact-evaluation/artifact/case_studies/symeval/benchmarks/prioqueue-5/prioqueue-5.ll>:main:770"	4
"</mnt/EXSSD/formulog-artifact-evaluation/artifact/case_studies/symeval/benchmarks/prioqueue-5/prioqueue-5.ll>:main:779"	4
"</mnt/EXSSD/formulog-artifact-evaluation/artifact/case_studies/symeval/benchmarks/prioqueue-5/prioqueue-5.ll>:main:780"	4
"</mnt/EXSSD/formulog-artifact-evaluation/artifact/case_studies/symeval/benchmarks/prioqueue-5/prioqueue-5.ll>:main:781"	8
"</mnt/EXSSD/formulog-artifact-evaluation/artifact/case_studies/symeval/benchmarks/prioqueue-5/prioqueue-5.ll>:main:787"	4
"</mnt/EXSSD/formulog-artifact-evaluation/artifact/case_studies/symeval/benchmarks/prioqueue-5/prioqueue-5.ll>:main:797"	4
"</mnt/EXSSD/formulog-artifact-evaluation/artifact/case_studies/symeval/benchmarks/prioqueue-5/prioqueue-5.ll>:main:803"	4
"</mnt/EXSSD/formulog-artifact-evaluation/artifact/case_studies/symeval/benchmarks/prioqueue-5/prioqueue-5.ll>:main:806"	4
"</mnt/EXSSD/formulog-artifact-evaluation/artifact/case_studies/symeval/benchmarks/prioqueue-5/prioqueue-5.ll>:main:809"	4
