"< Application, Lorg/codehaus/janino/tools/JGrep$5, traverseSuperclassMethodInvocation(Lorg/codehaus/janino/Java$SuperclassMethodInvocation;)V >"	"bb5"	[java_type_ref("<Application,Lorg/codehaus/janino/CompileException>")]
"< Application, Lorg/codehaus/janino/UnitCompiler$6, visitLabeledStatement(Lorg/codehaus/janino/Java$LabeledStatement;)V >"	"bb7"	[java_type_ref("<Application,Lorg/codehaus/janino/CompileException>")]
"< Application, Lorg/codehaus/janino/UnitCompiler$8, visitAssignment(Lorg/codehaus/janino/Java$Assignment;)V >"	"bb6"	[java_type_ref("<Application,Lorg/codehaus/janino/CompileException>")]
"< Application, Lorg/sunflow/core/ParameterList$1, <clinit>()V >"	"bb15"	[java_type_ref("<Primordial,Ljava/lang/NoSuchFieldError>")]
"< Application, Lorg/codehaus/janino/UnitCompiler$4, visitThrowStatement(Lorg/codehaus/janino/Java$ThrowStatement;)V >"	"bb6"	[java_type_ref("<Application,Lorg/codehaus/janino/CompileException>")]
"< Application, Lorg/codehaus/janino/UnitCompiler$6, visitForStatement(Lorg/codehaus/janino/Java$ForStatement;)V >"	"bb5"	[java_type_ref("<Application,Lorg/codehaus/janino/CompileException>")]
"< Application, Lorg/codehaus/janino/JavaSourceClassLoader, class$(Ljava/lang/String;)Ljava/lang/Class; >"	"bb3"	[java_type_ref("<Primordial,Ljava/lang/ClassNotFoundException>")]
"< Application, Lorg/codehaus/janino/UnitCompiler$8, visitMethodInvocation(Lorg/codehaus/janino/Java$MethodInvocation;)V >"	"bb6"	[java_type_ref("<Application,Lorg/codehaus/janino/CompileException>")]
"< Application, Lorg/codehaus/janino/UnitCompiler, compile2(Lorg/codehaus/janino/Java$TryStatement;)Z >"	"bb66"	[java_type_ref("<Primordial,Ljava/lang/Throwable>")]
"< Application, Lorg/codehaus/janino/util/CausedException, initCause(Ljava/lang/Throwable;)Ljava/lang/Throwable; >"	"bb8"	[java_type_ref("<Primordial,Ljava/lang/IllegalArgumentException>")]
"< Application, Lorg/codehaus/janino/UnitCompiler$8, visitQualifiedThisReference(Lorg/codehaus/janino/Java$QualifiedThisReference;)V >"	"bb6"	[java_type_ref("<Application,Lorg/codehaus/janino/CompileException>")]
"< Application, Lorg/codehaus/janino/CachingJavaSourceClassLoader, generateBytecodes(Ljava/lang/String;)Ljava/util/Map; >"	"bb15"	[java_type_ref("<Primordial,Ljava/io/IOException>")]
"< Application, Lorg/dacapo/parser/ConfigFileTokenManager, getNextToken()Lorg/dacapo/parser/Token; >"	"bb115"	[java_type_ref("<Primordial,Ljava/io/IOException>")]
"< Application, Lorg/codehaus/janino/ClassBodyEvaluator, createFastClassBodyEvaluator(Lorg/codehaus/janino/Scanner;Ljava/lang/String;Ljava/lang/Class;[Ljava/lang/Class;Ljava/lang/ClassLoader;)Ljava/lang/Object; >"	"bb9"	[java_type_ref("<Primordial,Ljava/lang/IllegalAccessException>")]
"< Application, Lorg/codehaus/janino/UnitCompiler, getType(Lorg/codehaus/janino/Java$Atom;)Lorg/codehaus/janino/IClass; >"	"bb12"	[java_type_ref("<Application,Lorg/codehaus/janino/UnitCompiler$14$UCE>")]
"< Application, Lorg/dacapo/harness/Callback$1, <clinit>()V >"	"bb11"	[java_type_ref("<Primordial,Ljava/lang/NoSuchFieldError>")]
"< Application, Lorg/codehaus/janino/UnitCompiler$10, visitSuperclassMethodInvocation(Lorg/codehaus/janino/Java$SuperclassMethodInvocation;)V >"	"bb6"	[java_type_ref("<Application,Lorg/codehaus/janino/CompileException>")]
"< Application, Lorg/dacapo/harness/Benchmark, validate(Ljava/lang/String;)Z >"	"bb45"	[java_type_ref("<Primordial,Ljava/io/IOException>")]
"< Application, Lorg/dacapo/parser/ConfigFileTokenManager, jjMoveStringLiteralDfa1_0(J)I >"	"bb5"	[java_type_ref("<Primordial,Ljava/io/IOException>")]
"< Application, Lorg/codehaus/janino/Scanner, stringToIntegerLiteralToken(Ljava/lang/String;I)Lorg/codehaus/janino/Scanner$LiteralToken; >"	"bb9"	[java_type_ref("<Primordial,Ljava/lang/NumberFormatException>")]
"< Application, Lorg/codehaus/janino/tools/JGrep, main([Ljava/lang/String;)V >"	"bb182"	[java_type_ref("<Primordial,Ljava/lang/Exception>")]
"< Application, Lorg/codehaus/janino/UnitCompiler$7, visitParenthesizedExpression(Lorg/codehaus/janino/Java$ParenthesizedExpression;)V >"	"bb4"	[java_type_ref("<Application,Lorg/codehaus/janino/CompileException>")]
"< Application, Lorg/codehaus/janino/UnitCompiler$10, visitBinaryOperation(Lorg/codehaus/janino/Java$BinaryOperation;)V >"	"bb6"	[java_type_ref("<Application,Lorg/codehaus/janino/CompileException>")]
"< Application, Lorg/apache/commons/cli/Option, clone()Ljava/lang/Object; >"	"bb8"	[java_type_ref("<Primordial,Ljava/lang/CloneNotSupportedException>")]
"< Application, Lorg/dacapo/harness/Benchmark, run(Lorg/dacapo/harness/Callback;Ljava/lang/String;)Z >"	"bb20"	[java_type_ref("<Primordial,Ljava/lang/Throwable>")]
"< Application, Lorg/codehaus/janino/ClassFileIClass, getOuterIClass2()Lorg/codehaus/janino/IClass; >"	"bb23"	[java_type_ref("<Primordial,Ljava/lang/ClassNotFoundException>")]
"< Application, Lorg/codehaus/janino/UnitCompiler$6, visitInitializer(Lorg/codehaus/janino/Java$Initializer;)V >"	"bb5"	[java_type_ref("<Application,Lorg/codehaus/janino/CompileException>")]
"< Application, Lorg/dacapo/parser/ConfigFileTokenManager, jjMoveNfa_0(II)I >"	"bb193"	[java_type_ref("<Primordial,Ljava/io/IOException>")]
"< Application, Lorg/codehaus/janino/ReflectionIClass, classToIClass(Ljava/lang/Class;)Lorg/codehaus/janino/IClass; >"	"bb6"	[java_type_ref("<Primordial,Ljava/lang/ClassNotFoundException>")]
"< Application, Lorg/codehaus/janino/UnitCompiler$1, visitSingleTypeImportDeclaration(Lorg/codehaus/janino/Java$CompilationUnit$SingleTypeImportDeclaration;)V >"	"bb4"	[java_type_ref("<Application,Lorg/codehaus/janino/CompileException>")]
"< Application, Lorg/sunflow/core/parser/RA2Parser, parse(Ljava/lang/String;Lorg/sunflow/SunflowAPI;)Z >"	"bb56"	[java_type_ref("<Primordial,Ljava/io/FileNotFoundException>")]
"< Application, Lorg/codehaus/janino/tools/HprofScrubber, main([Ljava/lang/String;)V >"	"bb110"	[java_type_ref("<Primordial,Ljava/io/IOException>")]
"< Application, Lorg/dacapo/harness/TeeOutputStream, version()V >"	"bb19"	[java_type_ref("<Primordial,Ljava/io/IOException>")]
"< Application, Lorg/sunflow/core/primitive/TriangleMesh$1, <clinit>()V >"	"bb15"	[java_type_ref("<Primordial,Ljava/lang/NoSuchFieldError>")]
"< Application, Lorg/codehaus/janino/ClassFileIClass, getDeclaredIClasses2()[Lorg/codehaus/janino/IClass; >"	"bb21"	[java_type_ref("<Primordial,Ljava/lang/ClassNotFoundException>")]
"< Application, Lorg/codehaus/janino/CachingJavaSourceClassLoader, writeResource(Lorg/codehaus/janino/util/resource/ResourceCreator;Ljava/lang/String;[B)V >"	"bb5"	[java_type_ref("<Primordial,Ljava/lang/Throwable>")]
"< Application, Lorg/codehaus/janino/UnitCompiler$8, visitThisReference(Lorg/codehaus/janino/Java$ThisReference;)V >"	"bb6"	[java_type_ref("<Application,Lorg/codehaus/janino/CompileException>")]
"< Application, Lorg/codehaus/janino/UnicodeUnescapeReader, read()I >"	"bb38"	[java_type_ref("<Primordial,Ljava/lang/NumberFormatException>")]
"< Application, Lorg/codehaus/janino/IClassLoader, loadIClass(Ljava/lang/String;)Lorg/codehaus/janino/IClass; >"	"bb71"	[java_type_ref("<Primordial,Ljava/lang/Throwable>")]
"< Application, Lorg/sunflow/SunflowAPI, create(Ljava/lang/String;I)Lorg/sunflow/SunflowAPI; >"	"bb28"	[java_type_ref("<Application,Lorg/codehaus/janino/CompileException>")]
"< Application, Lorg/dacapo/harness/Sunflow, preIteration(Ljava/lang/String;)V >"	"bb29"	[java_type_ref("<Primordial,Ljava/lang/Throwable>")]
"< Application, LSunflowGUI$24, run()V >"	"bb46"	[java_type_ref("<Primordial,Ljava/lang/Exception>")]
"< Application, LSunflowGUI, openFile(Ljava/lang/String;)V >"	"bb30"	[java_type_ref("<Primordial,Ljava/io/IOException>")]
"< Application, Lorg/dacapo/parser/ConfigFileTokenManager, jjMoveStringLiteralDfa3_0(JJ)I >"	"bb8"	[java_type_ref("<Primordial,Ljava/io/IOException>")]
"< Application, Lorg/codehaus/janino/UnitCompiler$3, visitMemberInterfaceDeclaration(Lorg/codehaus/janino/Java$MemberInterfaceDeclaration;)V >"	"bb4"	[java_type_ref("<Application,Lorg/codehaus/janino/CompileException>")]
"< Application, Lorg/sunflow/core/ParameterList$1, <clinit>()V >"	"bb54"	[java_type_ref("<Primordial,Ljava/lang/NoSuchFieldError>")]
"< Application, Lorg/sunflow/core/ParameterList$1, <clinit>()V >"	"bb46"	[java_type_ref("<Primordial,Ljava/lang/NoSuchFieldError>")]
"< Application, Lorg/codehaus/janino/UnitCompiler$10, visitNewClassInstance(Lorg/codehaus/janino/Java$NewClassInstance;)V >"	"bb6"	[java_type_ref("<Application,Lorg/codehaus/janino/CompileException>")]
"< Application, Lorg/codehaus/janino/util/resource/PathResourceFinder, createResourceFinder(Ljava/io/File;)Lorg/codehaus/janino/util/resource/ResourceFinder; >"	"bb14"	[java_type_ref("<Primordial,Ljava/io/IOException>")]
"< Application, Lorg/codehaus/janino/UnitCompiler$8, visitLiteral(Lorg/codehaus/janino/Java$Literal;)V >"	"bb6"	[java_type_ref("<Application,Lorg/codehaus/janino/CompileException>")]
"< Application, Lorg/codehaus/janino/ResourceFinderIClassLoader, findIClass(Ljava/lang/String;)Lorg/codehaus/janino/IClass; >"	"bb21"	[java_type_ref("<Primordial,Ljava/io/IOException>")]
"< Application, Lorg/codehaus/janino/UnitCompiler$8, visitLocalVariableAccess(Lorg/codehaus/janino/Java$LocalVariableAccess;)V >"	"bb6"	[java_type_ref("<Application,Lorg/codehaus/janino/CompileException>")]
"< Application, Lorg/sunflow/core/parser/RA3Parser, parse(Ljava/lang/String;Lorg/sunflow/SunflowAPI;)Z >"	"bb74"	[java_type_ref("<Primordial,Ljava/io/IOException>")]
"< Application, Lorg/codehaus/janino/util/CausedException, <clinit>()V >"	"bb13"	[java_type_ref("<Primordial,Ljava/lang/NoSuchMethodException>")]
"< Application, Lorg/sunflow/core/parser/TriParser, parse(Ljava/lang/String;Lorg/sunflow/SunflowAPI;)Z >"	"bb89"	[java_type_ref("<Primordial,Ljava/io/FileNotFoundException>")]
"< Application, Lorg/codehaus/janino/UnitCompiler$10, visitFieldAccessExpression(Lorg/codehaus/janino/Java$FieldAccessExpression;)V >"	"bb6"	[java_type_ref("<Application,Lorg/codehaus/janino/CompileException>")]
"< Application, Lorg/codehaus/janino/UnitCompiler, compile2(Lorg/codehaus/janino/Java$TryStatement;)Z >"	"bb112"	[java_type_ref("<Primordial,Ljava/lang/Throwable>")]
"< Application, Lorg/dacapo/harness/Matcher, <clinit>()V >"	"bb6"	[java_type_ref("<Primordial,Ljava/io/FileNotFoundException>")]
"< Application, Lorg/codehaus/janino/ReflectionIClass, class$(Ljava/lang/String;)Ljava/lang/Class; >"	"bb3"	[java_type_ref("<Primordial,Ljava/lang/ClassNotFoundException>")]
"< Application, Lorg/codehaus/janino/UnitCompiler$8, visitParenthesizedExpression(Lorg/codehaus/janino/Java$ParenthesizedExpression;)V >"	"bb6"	[java_type_ref("<Application,Lorg/codehaus/janino/CompileException>")]
"< Application, Lorg/codehaus/janino/UnitCompiler$8, visitNewAnonymousClassInstance(Lorg/codehaus/janino/Java$NewAnonymousClassInstance;)V >"	"bb6"	[java_type_ref("<Application,Lorg/codehaus/janino/CompileException>")]
"< Application, Lorg/codehaus/janino/tools/JGrep, parseCompilationUnit(Ljava/io/File;Ljava/lang/String;)Lorg/codehaus/janino/Java$CompilationUnit; >"	"bb37"	[java_type_ref("<Primordial,Ljava/io/IOException>")]
"< Application, Lorg/codehaus/janino/UnitCompiler$4, visitBreakStatement(Lorg/codehaus/janino/Java$BreakStatement;)V >"	"bb6"	[java_type_ref("<Application,Lorg/codehaus/janino/CompileException>")]
"< Application, Lorg/codehaus/janino/UnitCompiler$10, visitParenthesizedExpression(Lorg/codehaus/janino/Java$ParenthesizedExpression;)V >"	"bb6"	[java_type_ref("<Application,Lorg/codehaus/janino/CompileException>")]
"< Application, Lorg/codehaus/janino/UnitCompiler$10, visitCast(Lorg/codehaus/janino/Java$Cast;)V >"	"bb6"	[java_type_ref("<Application,Lorg/codehaus/janino/CompileException>")]
"< Application, Lorg/sunflow/core/photonmap/GridPhotonMap, store(Lorg/sunflow/core/ShadingState;Lorg/sunflow/math/Vector3;Lorg/sunflow/image/Color;Lorg/sunflow/image/Color;)V >"	"bb83"	[java_type_ref("<Primordial,Ljava/lang/Throwable>")]
"< Application, Lorg/codehaus/janino/ClassFileIClass, getSuperclass2()Lorg/codehaus/janino/IClass; >"	"bb9"	[java_type_ref("<Primordial,Ljava/lang/ClassNotFoundException>")]
"< Application, Lorg/codehaus/janino/UnitCompiler$10, visitNewAnonymousClassInstance(Lorg/codehaus/janino/Java$NewAnonymousClassInstance;)V >"	"bb6"	[java_type_ref("<Application,Lorg/codehaus/janino/CompileException>")]
"< Application, Lorg/sunflow/SunflowAPI, compile(Ljava/lang/String;)Lorg/sunflow/SunflowAPI; >"	"bb23"	[java_type_ref("<Application,Lorg/codehaus/janino/Parser$ParseException>")]
"< Application, Lorg/codehaus/janino/UnitCompiler$7, visitUnaryOperation(Lorg/codehaus/janino/Java$UnaryOperation;)V >"	"bb4"	[java_type_ref("<Application,Lorg/codehaus/janino/CompileException>")]
"< Application, Lorg/codehaus/janino/tools/JGrep, main([Ljava/lang/String;)V >"	"bb154"	[java_type_ref("<Primordial,Ljava/lang/Exception>")]
"< Application, Lorg/codehaus/janino/UnitCompiler, compileSet(Lorg/codehaus/janino/Java$Lvalue;)V >"	"bb5"	[java_type_ref("<Application,Lorg/codehaus/janino/UnitCompiler$13$UCE>")]
"< Application, Lorg/sunflow/image/Bitmap, saveHDR(Ljava/lang/String;)V >"	"bb45"	[java_type_ref("<Primordial,Ljava/io/FileNotFoundException>")]
"< Application, Lorg/codehaus/janino/Compiler$CompilerIClassLoader, defineIClassFromClassFileResource(Lorg/codehaus/janino/util/resource/Resource;)Lorg/codehaus/janino/IClass; >"	"bb39"	[java_type_ref("<Primordial,Ljava/io/IOException>")]
"< Application, Lorg/codehaus/janino/UnitCompiler$10, visitConditionalExpression(Lorg/codehaus/janino/Java$ConditionalExpression;)V >"	"bb6"	[java_type_ref("<Application,Lorg/codehaus/janino/CompileException>")]
"< Application, Lorg/sunflow/core/primitive/TriangleMesh$1, <clinit>()V >"	"bb7"	[java_type_ref("<Primordial,Ljava/lang/NoSuchFieldError>")]
"< Application, Lorg/codehaus/janino/UnitCompiler$16, visitFieldAccess(Lorg/codehaus/janino/Java$FieldAccess;)V >"	"bb6"	[java_type_ref("<Application,Lorg/codehaus/janino/CompileException>")]
"< Application, Lorg/codehaus/janino/UnitCompiler$2, visitSingleStaticImportDeclaration(Lorg/codehaus/janino/Java$CompilationUnit$SingleStaticImportDeclaration;)V >"	"bb4"	[java_type_ref("<Application,Lorg/codehaus/janino/CompileException>")]
"< Application, Lorg/codehaus/janino/UnitCompiler$9, visitFieldAccess(Lorg/codehaus/janino/Java$FieldAccess;)V >"	"bb6"	[java_type_ref("<Application,Lorg/codehaus/janino/CompileException>")]
"< Application, Lorg/dacapo/harness/TestHarness, main([Ljava/lang/String;)V >"	"bb16"	[java_type_ref("<Primordial,Ljava/lang/RuntimeException>")]
"< Application, Lorg/sunflow/core/tesselatable/FileMesh, tesselate()Lorg/sunflow/core/PrimitiveList; >"	"bb145"	[java_type_ref("<Primordial,Ljava/io/FileNotFoundException>")]
"< Application, Lorg/codehaus/janino/UnitCompiler$7, visitConditionalExpression(Lorg/codehaus/janino/Java$ConditionalExpression;)V >"	"bb4"	[java_type_ref("<Application,Lorg/codehaus/janino/CompileException>")]
"< Application, Lorg/codehaus/janino/Compiler, parseCompilationUnit(Ljava/lang/String;Ljava/io/InputStream;Ljava/lang/String;)Lorg/codehaus/janino/Java$CompilationUnit; >"	"bb22"	[java_type_ref("<Primordial,Ljava/lang/Throwable>")]
"< Application, Lorg/codehaus/janino/UnitCompiler$8, visitUnaryOperation(Lorg/codehaus/janino/Java$UnaryOperation;)V >"	"bb6"	[java_type_ref("<Application,Lorg/codehaus/janino/CompileException>")]
"< Application, Lorg/dacapo/parser/ConfigFileTokenManager, jjMoveStringLiteralDfa4_0(JJ)I >"	"bb8"	[java_type_ref("<Primordial,Ljava/io/IOException>")]
"< Application, Lorg/sunflow/core/parser/SCParser, parseShader(Lorg/sunflow/SunflowAPI;)Z >"	"bb302"	[java_type_ref("<Primordial,Ljava/io/IOException>")]
"< Application, Lorg/sunflow/core/ParameterList$1, <clinit>()V >"	"bb58"	[java_type_ref("<Primordial,Ljava/lang/NoSuchFieldError>")]
"< Application, Lorg/sunflow/core/parser/SCParser, parseShader(Lorg/sunflow/SunflowAPI;)Z >"	"bb275"	[java_type_ref("<Application,Lorg/codehaus/janino/CompileException>")]
"< Application, Lorg/codehaus/janino/UnitCompiler, assignSyntheticParametersToSyntheticFields(Lorg/codehaus/janino/Java$ConstructorDeclarator;)V >"	"bb39"	[java_type_ref("<Application,Lorg/codehaus/janino/Parser$ParseException>")]
"< Application, Lorg/sunflow/SunflowAPI, compile(Ljava/lang/String;)Lorg/sunflow/SunflowAPI; >"	"bb18"	[java_type_ref("<Application,Lorg/codehaus/janino/CompileException>")]
"< Application, Lorg/codehaus/janino/UnitCompiler, compileContext(Lorg/codehaus/janino/Java$Rvalue;)I >"	"bb7"	[java_type_ref("<Application,Lorg/codehaus/janino/UnitCompiler$8$UCE>")]
"< Application, Lorg/codehaus/janino/UnitCompiler$16, visitReferenceType(Lorg/codehaus/janino/Java$ReferenceType;)V >"	"bb6"	[java_type_ref("<Application,Lorg/codehaus/janino/CompileException>")]
"< Application, Lorg/codehaus/janino/UnitCompiler, declareClassDollarMethod(Lorg/codehaus/janino/Java$ClassLiteral;)V >"	"bb26"	[java_type_ref("<Primordial,Ljava/lang/ClassNotFoundException>")]
"< Application, Lorg/codehaus/janino/UnitCompiler$10, visitNewArray(Lorg/codehaus/janino/Java$NewArray;)V >"	"bb6"	[java_type_ref("<Application,Lorg/codehaus/janino/CompileException>")]
"< Application, Lorg/codehaus/janino/tools/JGrep, main([Ljava/lang/String;)V >"	"bb96"	[java_type_ref("<Primordial,Ljava/lang/Exception>")]
"< Application, Lorg/codehaus/janino/Cookable, cook(Ljava/lang/String;)V >"	"bb5"	[java_type_ref("<Primordial,Ljava/io/IOException>")]
"< Application, Lorg/codehaus/janino/UnitCompiler, compile(Lorg/codehaus/janino/Java$FunctionDeclarator;Lorg/codehaus/janino/util/ClassFile;)V >"	"bb145"	[java_type_ref("<Primordial,Ljava/lang/Throwable>")]
"< Application, LSunflowGUI, selectFrame(Ljavax/swing/JInternalFrame;)V >"	"bb4"	[java_type_ref("<Primordial,Ljava/beans/PropertyVetoException>")]
"< Application, Lorg/codehaus/janino/UnitCompiler, compile2(Lorg/codehaus/janino/Java$Block;)Z >"	"bb20"	[java_type_ref("<Primordial,Ljava/lang/Throwable>")]
"< Application, Lorg/dacapo/harness/TestHarness, <init>(Ljava/io/InputStream;)V >"	"bb22"	[java_type_ref("<Primordial,Ljava/lang/Exception>")]
"< Application, Lorg/codehaus/janino/UnitCompiler$9, visitSuperclassFieldAccessExpression(Lorg/codehaus/janino/Java$SuperclassFieldAccessExpression;)V >"	"bb6"	[java_type_ref("<Application,Lorg/codehaus/janino/CompileException>")]
"< Application, Lorg/codehaus/janino/Scanner, stringToLongLiteralToken(Ljava/lang/String;I)Lorg/codehaus/janino/Scanner$LiteralToken; >"	"bb9"	[java_type_ref("<Primordial,Ljava/lang/NumberFormatException>")]
"< Application, Lorg/codehaus/janino/UnitCompiler$7, visitSuperclassMethodInvocation(Lorg/codehaus/janino/Java$SuperclassMethodInvocation;)V >"	"bb4"	[java_type_ref("<Application,Lorg/codehaus/janino/CompileException>")]
"< Application, Lorg/codehaus/janino/JavaSourceIClassLoader, findIClass(Ljava/lang/String;)Lorg/codehaus/janino/IClass; >"	"bb72"	[java_type_ref("<Application,Lorg/codehaus/janino/Scanner$ScanException>")]
"< Application, Lorg/sunflow/core/parser/RA2Parser, parse(Ljava/lang/String;Lorg/sunflow/SunflowAPI;)Z >"	"bb110"	[java_type_ref("<Primordial,Ljava/io/FileNotFoundException>")]
"< Application, Lorg/codehaus/janino/UnitCompiler, compileUnit(Lorg/codehaus/janino/util/enumerator/EnumeratorSet;)[Lorg/codehaus/janino/util/ClassFile; >"	"bb11"	[java_type_ref("<Application,Lorg/codehaus/janino/UnitCompiler$2$UCE>")]
"< Application, Lorg/codehaus/janino/tools/JGrep, jGrep(Ljava/util/Iterator;Ljava/util/List;)V >"	"bb51"	[java_type_ref("<Primordial,Ljava/lang/Throwable>")]
"< Application, Lorg/codehaus/janino/tools/Disassembler, disasm(Ljava/io/File;)V >"	"bb15"	[java_type_ref("<Primordial,Ljava/io/IOException>")]
"< Application, Lorg/codehaus/janino/UnitCompiler$8, visitConditionalExpression(Lorg/codehaus/janino/Java$ConditionalExpression;)V >"	"bb6"	[java_type_ref("<Application,Lorg/codehaus/janino/CompileException>")]
"< Application, Lorg/codehaus/janino/UnitCompiler$16, visitSuperclassFieldAccessExpression(Lorg/codehaus/janino/Java$SuperclassFieldAccessExpression;)V >"	"bb6"	[java_type_ref("<Application,Lorg/codehaus/janino/CompileException>")]
"< Application, Lorg/codehaus/janino/UnitCompiler$10, visitSuperclassFieldAccessExpression(Lorg/codehaus/janino/Java$SuperclassFieldAccessExpression;)V >"	"bb6"	[java_type_ref("<Application,Lorg/codehaus/janino/CompileException>")]
"< Application, Lorg/codehaus/janino/ExpressionEvaluator, class$(Ljava/lang/String;)Ljava/lang/Class; >"	"bb3"	[java_type_ref("<Primordial,Ljava/lang/ClassNotFoundException>")]
"< Application, Lorg/dacapo/harness/Benchmark, enableValidationReport(Ljava/lang/String;)V >"	"bb8"	[java_type_ref("<Primordial,Ljava/io/IOException>")]
"< Application, LSunflowGUI, saveCurrentFile(Ljava/lang/String;)V >"	"bb15"	[java_type_ref("<Primordial,Ljava/io/IOException>")]
"< Application, Lorg/codehaus/janino/Compiler$CompilerIClassLoader, defineIClassFromClassFileResource(Lorg/codehaus/janino/util/resource/Resource;)Lorg/codehaus/janino/IClass; >"	"bb26"	[java_type_ref("<Primordial,Ljava/lang/Throwable>")]
"< Application, Lorg/codehaus/janino/UnitCompiler$10, visitNewInitializedArray(Lorg/codehaus/janino/Java$NewInitializedArray;)V >"	"bb6"	[java_type_ref("<Application,Lorg/codehaus/janino/CompileException>")]
"< Application, Lorg/codehaus/janino/tools/JGrep, main([Ljava/lang/String;)V >"	"bb137"	[java_type_ref("<Primordial,Ljava/lang/Exception>")]
"< Application, Lorg/dacapo/harness/Benchmark, validate(Ljava/lang/String;)Z >"	"bb147"	[java_type_ref("<Primordial,Ljava/io/IOException>")]
"< Application, Lorg/dacapo/harness/Benchmark, validate(Ljava/lang/String;)Z >"	"bb44"	[java_type_ref("<Primordial,Ljava/io/FileNotFoundException>")]
"< Application, Lorg/codehaus/janino/UnitCompiler$16, visitParameterAccess(Lorg/codehaus/janino/Java$ParameterAccess;)V >"	"bb6"	[java_type_ref("<Application,Lorg/codehaus/janino/CompileException>")]
"< Application, Lorg/codehaus/janino/Compiler, storeClassFile(Lorg/codehaus/janino/util/ClassFile;Ljava/io/File;)V >"	"bb40"	[java_type_ref("<Primordial,Ljava/io/IOException>")]
"< Application, Lorg/dacapo/parser/ConfigFileTokenManager, jjMoveStringLiteralDfa1_2(J)I >"	"bb5"	[java_type_ref("<Primordial,Ljava/io/IOException>")]
"< Application, Lorg/codehaus/janino/CachingJavaSourceClassLoader, writeResource(Lorg/codehaus/janino/util/resource/ResourceCreator;Ljava/lang/String;[B)V >"	"bb10"	[java_type_ref("<Primordial,Ljava/io/IOException>")]
"< Application, Lorg/codehaus/janino/UnitCompiler$7, visitCast(Lorg/codehaus/janino/Java$Cast;)V >"	"bb4"	[java_type_ref("<Application,Lorg/codehaus/janino/CompileException>")]
"< Application, Lorg/codehaus/janino/Compiler$CompilerIClassLoader, defineIClassFromClassFileResource(Lorg/codehaus/janino/util/resource/Resource;)Lorg/codehaus/janino/IClass; >"	"bb34"	[java_type_ref("<Primordial,Ljava/lang/Throwable>")]
"< Application, Lorg/codehaus/janino/ResourceFinderIClassLoader, findIClass(Ljava/lang/String;)Lorg/codehaus/janino/IClass; >"	"bb44"	[java_type_ref("<Primordial,Ljava/io/IOException>")]
"< Application, Lorg/dacapo/parser/ConfigFileTokenManager, jjMoveStringLiteralDfa7_0(JJ)I >"	"bb8"	[java_type_ref("<Primordial,Ljava/io/IOException>")]
"< Application, Lorg/codehaus/janino/UnitCompiler$9, visitArrayAccessExpression(Lorg/codehaus/janino/Java$ArrayAccessExpression;)V >"	"bb6"	[java_type_ref("<Application,Lorg/codehaus/janino/CompileException>")]
"< Application, Lorg/codehaus/janino/ResourceFinderIClassLoader, findIClass(Ljava/lang/String;)Lorg/codehaus/janino/IClass; >"	"bb32"	[java_type_ref("<Primordial,Ljava/lang/Throwable>")]
"< Application, Lorg/sunflow/core/ParameterList$1, <clinit>()V >"	"bb35"	[java_type_ref("<Primordial,Ljava/lang/NoSuchFieldError>")]
"< Application, Lorg/codehaus/janino/UnitCompiler$4, visitSuperConstructorInvocation(Lorg/codehaus/janino/Java$SuperConstructorInvocation;)V >"	"bb6"	[java_type_ref("<Application,Lorg/codehaus/janino/CompileException>")]
"< Application, Lorg/codehaus/janino/JavaSourceIClassLoader, findIClass(Ljava/lang/String;)Lorg/codehaus/janino/IClass; >"	"bb110"	[java_type_ref("<Primordial,Ljava/io/IOException>")]
"< Application, Lorg/codehaus/janino/UnitCompiler$8, visitArrayAccessExpression(Lorg/codehaus/janino/Java$ArrayAccessExpression;)V >"	"bb6"	[java_type_ref("<Application,Lorg/codehaus/janino/CompileException>")]
"< Application, Lorg/sunflow/core/ParameterList$1, <clinit>()V >"	"bb31"	[java_type_ref("<Primordial,Ljava/lang/NoSuchFieldError>")]
"< Application, Lorg/codehaus/janino/tools/JGrep, jGrep(Ljava/util/Iterator;Ljava/util/List;)V >"	"bb41"	[java_type_ref("<Application,Lorg/codehaus/janino/tools/JGrep$1$UCE>")]
"< Application, Lorg/codehaus/janino/util/ResourceFinderClassLoader, findClass(Ljava/lang/String;)Ljava/lang/Class; >"	"bb10"	[java_type_ref("<Primordial,Ljava/io/IOException>")]
"< Application, Lorg/codehaus/janino/tools/JGrep, parseCompilationUnit(Ljava/io/File;Ljava/lang/String;)Lorg/codehaus/janino/Java$CompilationUnit; >"	"bb21"	[java_type_ref("<Primordial,Ljava/lang/Throwable>")]
"< Application, Lorg/codehaus/janino/UnitCompiler$7, visitParameterAccess(Lorg/codehaus/janino/Java$ParameterAccess;)V >"	"bb4"	[java_type_ref("<Application,Lorg/codehaus/janino/CompileException>")]
"< Application, Lorg/sunflow/core/Texture, load()V >"	"bb21"	[java_type_ref("<Primordial,Ljava/io/IOException>")]
"< Application, Lorg/sunflow/core/parser/SCParser, parse(Ljava/lang/String;Lorg/sunflow/SunflowAPI;)Z >"	"bb178"	[java_type_ref("<Primordial,Ljava/io/IOException>")]
"< Application, Lorg/dacapo/harness/Sunflow, validate(Ljava/lang/String;)Z >"	"bb17"	[java_type_ref("<Primordial,Ljava/lang/Exception>")]
"< Application, Lorg/codehaus/janino/UnitCompiler, compileArithmeticOperation(Lorg/codehaus/janino/Java$Locatable;Lorg/codehaus/janino/IClass;Ljava/util/Iterator;Ljava/lang/String;)Lorg/codehaus/janino/IClass; >"	"bb160"	[java_type_ref("<Primordial,Ljava/lang/Throwable>")]
"< Application, Lorg/codehaus/janino/UnitCompiler$9, visitFieldAccessExpression(Lorg/codehaus/janino/Java$FieldAccessExpression;)V >"	"bb6"	[java_type_ref("<Application,Lorg/codehaus/janino/CompileException>")]
"< Application, Lorg/sunflow/core/parser/SCParser, parseObjectBlock(Lorg/sunflow/SunflowAPI;)V >"	"bb441"	[java_type_ref("<Application,Lorg/codehaus/janino/Parser$ParseException>")]
"< Application, Lorg/codehaus/janino/Scanner, stringToDoubleLiteralToken(Ljava/lang/String;)Lorg/codehaus/janino/Scanner$LiteralToken; >"	"bb3"	[java_type_ref("<Primordial,Ljava/lang/NumberFormatException>")]
"< Application, Lorg/dacapo/harness/Sunflow, validate(Ljava/lang/String;)Z >"	"bb14"	[java_type_ref("<Primordial,Ljava/lang/RuntimeException>")]
"< Application, Lorg/codehaus/janino/UnitCompiler$7, visitQualifiedThisReference(Lorg/codehaus/janino/Java$QualifiedThisReference;)V >"	"bb4"	[java_type_ref("<Application,Lorg/codehaus/janino/CompileException>")]
"< Application, Lorg/codehaus/janino/UnitCompiler, fakeCompile(Lorg/codehaus/janino/Java$Rvalue;)V >"	"bb7"	[java_type_ref("<Primordial,Ljava/lang/Throwable>")]
"< Application, Lorg/dacapo/parser/ConfigFileTokenManager, jjMoveStringLiteralDfa10_0(JJ)I >"	"bb8"	[java_type_ref("<Primordial,Ljava/io/IOException>")]
"< Application, Lorg/dacapo/harness/DacapoClassLoader, create(Lorg/dacapo/parser/Config;Ljava/io/File;)Lorg/dacapo/harness/DacapoClassLoader; >"	"bb22"	[java_type_ref("<Primordial,Ljava/lang/Exception>")]
"< Application, Lorg/codehaus/janino/UnitCompiler$3, visitPackageMemberInterfaceDeclaration(Lorg/codehaus/janino/Java$PackageMemberInterfaceDeclaration;)V >"	"bb4"	[java_type_ref("<Application,Lorg/codehaus/janino/CompileException>")]
"< Application, Lorg/codehaus/janino/UnitCompiler$7, visitArrayLength(Lorg/codehaus/janino/Java$ArrayLength;)V >"	"bb4"	[java_type_ref("<Application,Lorg/codehaus/janino/CompileException>")]
"< Application, Lorg/codehaus/janino/UnitCompiler$16, visitFieldAccessExpression(Lorg/codehaus/janino/Java$FieldAccessExpression;)V >"	"bb6"	[java_type_ref("<Application,Lorg/codehaus/janino/CompileException>")]
"< Application, Lorg/sunflow/core/display/OpenExrDisplay, imageEnd()V >"	"bb5"	[java_type_ref("<Primordial,Ljava/io/IOException>")]
"< Application, Lorg/codehaus/janino/UnitCompiler, getConstantValue(Lorg/codehaus/janino/Java$Rvalue;)Ljava/lang/Object; >"	"bb13"	[java_type_ref("<Application,Lorg/codehaus/janino/UnitCompiler$10$UCE>")]
"< Application, Lorg/dacapo/harness/TestHarness, main([Ljava/lang/String;)V >"	"bb147"	[java_type_ref("<Primordial,Ljava/lang/Exception>")]
"< Application, Lorg/sunflow/util/FastHashMap$EntryIterator, next()Lorg/sunflow/util/FastHashMap$Entry; >"	"bb7"	[java_type_ref("<Primordial,Ljava/lang/Throwable>")]
"< Application, Lorg/dacapo/parser/Config, parse(Ljava/io/InputStream;)Lorg/dacapo/parser/Config; >"	"bb5"	[java_type_ref("<Application,Lorg/dacapo/parser/ParseException>")]
"< Application, Lorg/codehaus/janino/UnitCompiler, compile2(Lorg/codehaus/janino/Java$SynchronizedStatement;)Z >"	"bb43"	[java_type_ref("<Primordial,Ljava/lang/Throwable>")]
"< Application, Lorg/codehaus/janino/UnitCompiler$10, visitArrayAccessExpression(Lorg/codehaus/janino/Java$ArrayAccessExpression;)V >"	"bb6"	[java_type_ref("<Application,Lorg/codehaus/janino/CompileException>")]
"< Application, Lorg/dacapo/harness/Benchmark, initialize()V >"	"bb14"	[java_type_ref("<Primordial,Ljava/lang/Throwable>")]
"< Application, Lorg/codehaus/janino/UnitCompiler$16, visitNewInitializedArray(Lorg/codehaus/janino/Java$NewInitializedArray;)V >"	"bb6"	[java_type_ref("<Application,Lorg/codehaus/janino/CompileException>")]
"< Application, Lorg/codehaus/janino/UnitCompiler, binaryNumericPromotion(Lorg/codehaus/janino/Java$Locatable;Lorg/codehaus/janino/IClass;Lorg/codehaus/janino/CodeContext$Inserter;Lorg/codehaus/janino/IClass;Lorg/codehaus/janino/CodeContext$Inserter;)Lorg/codehaus/janino/IClass; >"	"bb26"	[java_type_ref("<Primordial,Ljava/lang/Throwable>")]
"< Application, Lorg/codehaus/janino/ScriptEvaluator, compileToMethods(Lorg/codehaus/janino/Java$CompilationUnit;[Ljava/lang/String;[[Ljava/lang/Class;)V >"	"bb13"	[java_type_ref("<Primordial,Ljava/lang/NoSuchMethodException>")]
"< Application, Lorg/dacapo/parser/ConfigFileTokenManager, jjStartNfaWithStates_0(III)I >"	"bb7"	[java_type_ref("<Primordial,Ljava/io/IOException>")]
"< Application, Lorg/dacapo/parser/ConfigFileTokenManager, getNextToken()Lorg/dacapo/parser/Token; >"	"bb125"	[java_type_ref("<Primordial,Ljava/io/IOException>")]
"< Application, Lorg/codehaus/janino/util/ClassFile$ConstantUtf8Info, store(Ljava/io/DataOutputStream;)V >"	"bb5"	[java_type_ref("<Primordial,Ljava/io/UTFDataFormatException>")]
"< Application, Lorg/dacapo/harness/Callback$1, <clinit>()V >"	"bb7"	[java_type_ref("<Primordial,Ljava/lang/NoSuchFieldError>")]
"< Application, LSunflowGUI$SceneTransferHandler, importData(Ljavax/swing/JComponent;Ljava/awt/datatransfer/Transferable;)Z >"	"bb27"	[java_type_ref("<Primordial,Ljava/lang/Exception>")]
"< Application, Lorg/codehaus/janino/UnitCompiler$10, visitClassLiteral(Lorg/codehaus/janino/Java$ClassLiteral;)V >"	"bb6"	[java_type_ref("<Application,Lorg/codehaus/janino/CompileException>")]
"< Application, Lorg/codehaus/janino/UnitCompiler$4, visitLocalClassDeclarationStatement(Lorg/codehaus/janino/Java$LocalClassDeclarationStatement;)V >"	"bb6"	[java_type_ref("<Application,Lorg/codehaus/janino/CompileException>")]
"< Application, Lorg/dacapo/parser/Config$1, <clinit>()V >"	"bb7"	[java_type_ref("<Primordial,Ljava/lang/NoSuchFieldError>")]
"< Application, LSunflowGUI, openFile(Ljava/lang/String;)V >"	"bb26"	[java_type_ref("<Primordial,Ljava/io/FileNotFoundException>")]
"< Application, Lorg/sunflow/RenderObjectMap$1, <clinit>()V >"	"bb15"	[java_type_ref("<Primordial,Ljava/lang/NoSuchFieldError>")]
"< Application, Lorg/codehaus/janino/CachingJavaSourceClassLoader, readResource(Lorg/codehaus/janino/util/resource/Resource;)[B >"	"bb22"	[java_type_ref("<Primordial,Ljava/io/IOException>")]
"< Application, Lorg/codehaus/janino/UnitCompiler$4, visitTryStatement(Lorg/codehaus/janino/Java$TryStatement;)V >"	"bb6"	[java_type_ref("<Application,Lorg/codehaus/janino/CompileException>")]
"< Application, Lorg/codehaus/janino/UnitCompiler, binaryNumericPromotion(Lorg/codehaus/janino/Java$Locatable;Lorg/codehaus/janino/IClass;Lorg/codehaus/janino/CodeContext$Inserter;Lorg/codehaus/janino/IClass;Lorg/codehaus/janino/CodeContext$Inserter;)Lorg/codehaus/janino/IClass; >"	"bb17"	[java_type_ref("<Primordial,Ljava/lang/Throwable>")]
"< Application, Lorg/codehaus/janino/IClass$IMethod, toString()Ljava/lang/String; >"	"bb29"	[java_type_ref("<Application,Lorg/codehaus/janino/CompileException>")]
"< Application, Lorg/codehaus/janino/tools/HprofScrubber, main([Ljava/lang/String;)V >"	"bb114"	[java_type_ref("<Primordial,Ljava/io/IOException>")]
"< Application, Lorg/codehaus/janino/Compiler, compile([Lorg/codehaus/janino/util/resource/Resource;)Z >"	"bb75"	[java_type_ref("<Primordial,Ljava/lang/Throwable>")]
"< Application, Lorg/codehaus/janino/UnitCompiler$7, visitAmbiguousName(Lorg/codehaus/janino/Java$AmbiguousName;)V >"	"bb4"	[java_type_ref("<Application,Lorg/codehaus/janino/CompileException>")]
"< Application, Lorg/sunflow/core/renderer/BucketRenderer$BucketThread, run()V >"	"bb31"	[java_type_ref("<Primordial,Ljava/lang/Throwable>")]
"< Application, Lorg/dacapo/parser/SimpleCharStream, FillBuff()V >"	"bb49"	[java_type_ref("<Primordial,Ljava/io/IOException>")]
"< Application, Lorg/codehaus/janino/UnitCompiler$16, visitNewClassInstance(Lorg/codehaus/janino/Java$NewClassInstance;)V >"	"bb6"	[java_type_ref("<Application,Lorg/codehaus/janino/CompileException>")]
"< Application, Lorg/codehaus/janino/tools/Disassembler$13, print(Ljava/util/Map;)V >"	"bb46"	[java_type_ref("<Primordial,Ljava/io/IOException>")]
"< Application, Lorg/dacapo/harness/Sunflow, validate(Ljava/lang/String;)Z >"	"bb11"	[java_type_ref("<Primordial,Ljava/lang/Throwable>")]
"< Application, Lorg/sunflow/core/renderer/ProgressiveRenderer$SmallBucketThread, run()V >"	"bb22"	[java_type_ref("<Primordial,Ljava/lang/Throwable>")]
"< Application, Lorg/codehaus/janino/UnitCompiler$10, visitParameterAccess(Lorg/codehaus/janino/Java$ParameterAccess;)V >"	"bb6"	[java_type_ref("<Application,Lorg/codehaus/janino/CompileException>")]
"< Application, Lorg/codehaus/janino/tools/Disassembler, disasmClassFile(Ljava/io/DataInputStream;)V >"	"bb131"	[java_type_ref("<Primordial,Ljava/io/FileNotFoundException>")]
"< Application, Lorg/codehaus/janino/Compiler, main([Ljava/lang/String;)V >"	"bb55"	[java_type_ref("<Application,Lorg/codehaus/janino/util/enumerator/EnumeratorFormatException>")]
"< Application, Lorg/dacapo/harness/TeeOutputStream, newLog()V >"	"bb6"	[java_type_ref("<Primordial,Ljava/io/FileNotFoundException>")]
"< Application, Lorg/sunflow/core/renderer/ProgressiveRenderer, render(Lorg/sunflow/core/Display;)V >"	"bb51"	[java_type_ref("<Primordial,Ljava/lang/InterruptedException>")]
"< Application, Lorg/dacapo/parser/ConfigFileTokenManager, jjMoveStringLiteralDfa8_0(JJ)I >"	"bb8"	[java_type_ref("<Primordial,Ljava/io/IOException>")]
"< Application, Lorg/sunflow/core/tesselatable/Gumbo, main([Ljava/lang/String;)V >"	"bb80"	[java_type_ref("<Application,Lorg/sunflow/system/Parser$ParserException>")]
"< Application, Lorg/codehaus/janino/UnitCompiler, <init>(Lorg/codehaus/janino/Java$CompilationUnit;Lorg/codehaus/janino/IClassLoader;)V >"	"bb31"	[java_type_ref("<Primordial,Ljava/lang/ClassNotFoundException>")]
"< Application, Lorg/codehaus/janino/UnitCompiler, <init>(Lorg/codehaus/janino/Java$CompilationUnit;Lorg/codehaus/janino/IClassLoader;)V >"	"bb57"	[java_type_ref("<Application,Lorg/codehaus/janino/UnitCompiler$1$UCE>")]
"< Application, Lorg/codehaus/janino/UnitCompiler$4, visitLabeledStatement(Lorg/codehaus/janino/Java$LabeledStatement;)V >"	"bb6"	[java_type_ref("<Application,Lorg/codehaus/janino/CompileException>")]
"< Application, Lorg/codehaus/janino/Compiler$CompilerIClassLoader, defineIClassFromSourceResource(Lorg/codehaus/janino/util/resource/Resource;Ljava/lang/String;)Lorg/codehaus/janino/IClass; >"	"bb14"	[java_type_ref("<Primordial,Ljava/io/IOException>")]
"< Application, Lorg/codehaus/janino/Compiler$CompilerIClassLoader, defineIClassFromSourceResource(Lorg/codehaus/janino/util/resource/Resource;Ljava/lang/String;)Lorg/codehaus/janino/IClass; >"	"bb22"	[java_type_ref("<Application,Lorg/codehaus/janino/Parser$ParseException>")]
"< Application, Lorg/codehaus/janino/UnitCompiler$7, visitBinaryOperation(Lorg/codehaus/janino/Java$BinaryOperation;)V >"	"bb4"	[java_type_ref("<Application,Lorg/codehaus/janino/CompileException>")]
"< Application, Lorg/codehaus/janino/Scanner, stringToFloatLiteralToken(Ljava/lang/String;)Lorg/codehaus/janino/Scanner$LiteralToken; >"	"bb3"	[java_type_ref("<Primordial,Ljava/lang/NumberFormatException>")]
"< Application, Lorg/codehaus/janino/UnitCompiler$16, visitNewArray(Lorg/codehaus/janino/Java$NewArray;)V >"	"bb6"	[java_type_ref("<Application,Lorg/codehaus/janino/CompileException>")]
"< Application, Lorg/codehaus/janino/tools/JGrep$MethodInvocationTarget, apply(Lorg/codehaus/janino/UnitCompiler;Lorg/codehaus/janino/Java$Invocation;Lorg/codehaus/janino/IClass$IMethod;)V >"	"bb44"	[java_type_ref("<Primordial,Ljava/lang/Exception>")]
"< Application, Lorg/codehaus/janino/SimpleCompiler, classToType(Lorg/codehaus/janino/Location;Ljava/lang/Class;)Lorg/codehaus/janino/Java$Type; >"	"bb10"	[java_type_ref("<Primordial,Ljava/lang/ClassNotFoundException>")]
"< Application, Lorg/codehaus/janino/UnitCompiler$8, visitCast(Lorg/codehaus/janino/Java$Cast;)V >"	"bb6"	[java_type_ref("<Application,Lorg/codehaus/janino/CompileException>")]
"< Application, Lorg/codehaus/janino/UnitCompiler$7, visitLiteral(Lorg/codehaus/janino/Java$Literal;)V >"	"bb4"	[java_type_ref("<Application,Lorg/codehaus/janino/CompileException>")]
"< Application, Lorg/codehaus/janino/samples/DemoBase, class$(Ljava/lang/String;)Ljava/lang/Class; >"	"bb3"	[java_type_ref("<Primordial,Ljava/lang/ClassNotFoundException>")]
"< Application, Lorg/codehaus/janino/ResourceFinderIClassLoader, findIClass(Ljava/lang/String;)Lorg/codehaus/janino/IClass; >"	"bb9"	[java_type_ref("<Primordial,Ljava/io/IOException>")]
"< Application, Lorg/codehaus/janino/UnitCompiler$8, visitParameterAccess(Lorg/codehaus/janino/Java$ParameterAccess;)V >"	"bb6"	[java_type_ref("<Application,Lorg/codehaus/janino/CompileException>")]
"< Application, Lorg/dacapo/parser/ConfigFile, main([Ljava/lang/String;)V >"	"bb8"	[java_type_ref("<Application,Lorg/dacapo/parser/ParseException>")]
"< Application, Lorg/codehaus/janino/UnitCompiler, compileBoolean(Lorg/codehaus/janino/Java$Rvalue;Lorg/codehaus/janino/CodeContext$Offset;Z)V >"	"bb5"	[java_type_ref("<Application,Lorg/codehaus/janino/UnitCompiler$7$UCE>")]
"< Application, Lorg/codehaus/janino/UnitCompiler$9, visitArrayLength(Lorg/codehaus/janino/Java$ArrayLength;)V >"	"bb6"	[java_type_ref("<Application,Lorg/codehaus/janino/CompileException>")]
"< Application, Lorg/sunflow/core/parser/SCParser, parseObjectBlock(Lorg/sunflow/SunflowAPI;)V >"	"bb450"	[java_type_ref("<Application,Lorg/codehaus/janino/Scanner$ScanException>")]
"< Application, Lorg/codehaus/janino/UnitCompiler$7, visitSuperclassFieldAccessExpression(Lorg/codehaus/janino/Java$SuperclassFieldAccessExpression;)V >"	"bb4"	[java_type_ref("<Application,Lorg/codehaus/janino/CompileException>")]
"< Application, Lorg/apache/commons/cli/Parser, processArgs(Lorg/apache/commons/cli/Option;Ljava/util/ListIterator;)V >"	"bb15"	[java_type_ref("<Primordial,Ljava/lang/RuntimeException>")]
"< Application, Lorg/dacapo/harness/TestHarness, main([Ljava/lang/String;)V >"	"bb48"	[java_type_ref("<Primordial,Ljava/io/FileNotFoundException>")]
"< Application, Lorg/codehaus/janino/tools/JGrep$MethodInvocationTarget, apply(Lorg/codehaus/janino/UnitCompiler;Lorg/codehaus/janino/Java$Invocation;Lorg/codehaus/janino/IClass$IMethod;)V >"	"bb54"	[java_type_ref("<Primordial,Ljava/lang/Exception>")]
"< Application, LSunflowGUI, main([Ljava/lang/String;)V >"	"bb342"	[java_type_ref("<Primordial,Ljava/lang/Exception>")]
"< Application, Lorg/sunflow/core/ParameterList$1, <clinit>()V >"	"bb7"	[java_type_ref("<Primordial,Ljava/lang/NoSuchFieldError>")]
"< Application, Lorg/codehaus/janino/CachingJavaSourceClassLoader, writeResource(Lorg/codehaus/janino/util/resource/ResourceCreator;Ljava/lang/String;[B)V >"	"bb14"	[java_type_ref("<Primordial,Ljava/io/IOException>")]
"< Application, Lorg/sunflow/SunflowAPI, create(Ljava/lang/String;I)Lorg/sunflow/SunflowAPI; >"	"bb44"	[java_type_ref("<Application,Lorg/codehaus/janino/Scanner$ScanException>")]
"< Application, Lorg/codehaus/janino/Compiler, storeClassFile(Lorg/codehaus/janino/util/ClassFile;Ljava/io/File;)V >"	"bb15"	[java_type_ref("<Primordial,Ljava/io/IOException>")]
"< Application, Lorg/codehaus/janino/Compiler, main([Ljava/lang/String;)V >"	"bb111"	[java_type_ref("<Primordial,Ljava/lang/Exception>")]
"< Application, Lorg/codehaus/janino/UnitCompiler$4, visitExpressionStatement(Lorg/codehaus/janino/Java$ExpressionStatement;)V >"	"bb6"	[java_type_ref("<Application,Lorg/codehaus/janino/CompileException>")]
"< Application, Lorg/dacapo/harness/SunflowHarness, validate(Ljava/lang/String;)Z >"	"bb10"	[java_type_ref("<Primordial,Ljava/lang/Exception>")]
"< Application, Lorg/codehaus/janino/UnitCompiler$4, visitReturnStatement(Lorg/codehaus/janino/Java$ReturnStatement;)V >"	"bb6"	[java_type_ref("<Application,Lorg/codehaus/janino/CompileException>")]
"< Application, Lorg/codehaus/janino/tools/JGrep$5, traverseMethodInvocation(Lorg/codehaus/janino/Java$MethodInvocation;)V >"	"bb5"	[java_type_ref("<Application,Lorg/codehaus/janino/CompileException>")]
"< Application, Lorg/codehaus/janino/UnitCompiler, compile(Lorg/codehaus/janino/Java$Rvalue;)V >"	"bb5"	[java_type_ref("<Application,Lorg/codehaus/janino/UnitCompiler$6$UCE>")]
"< Application, Lorg/codehaus/janino/CachingJavaSourceClassLoader, readResource(Lorg/codehaus/janino/util/resource/Resource;)[B >"	"bb18"	[java_type_ref("<Primordial,Ljava/io/IOException>")]
"< Application, Lorg/codehaus/janino/UnitCompiler$4, visitContinueStatement(Lorg/codehaus/janino/Java$ContinueStatement;)V >"	"bb6"	[java_type_ref("<Application,Lorg/codehaus/janino/CompileException>")]
"< Application, Lorg/codehaus/janino/UnitCompiler$16, visitSuperclassMethodInvocation(Lorg/codehaus/janino/Java$SuperclassMethodInvocation;)V >"	"bb6"	[java_type_ref("<Application,Lorg/codehaus/janino/CompileException>")]
"< Application, Lorg/dacapo/parser/Config, parse(Ljava/io/File;)Lorg/dacapo/parser/Config; >"	"bb5"	[java_type_ref("<Primordial,Ljava/io/FileNotFoundException>")]
"< Application, Lorg/codehaus/janino/UnitCompiler$9, visitParenthesizedExpression(Lorg/codehaus/janino/Java$ParenthesizedExpression;)V >"	"bb6"	[java_type_ref("<Application,Lorg/codehaus/janino/CompileException>")]
"< Application, Lorg/codehaus/janino/UnitCompiler$10, visitAssignment(Lorg/codehaus/janino/Java$Assignment;)V >"	"bb6"	[java_type_ref("<Application,Lorg/codehaus/janino/CompileException>")]
"< Application, Lorg/dacapo/parser/SimpleCharStream, ExpandBuff(Z)V >"	"bb70"	[java_type_ref("<Primordial,Ljava/lang/Throwable>")]
"< Application, Lorg/codehaus/janino/UnitCompiler$16, visitCast(Lorg/codehaus/janino/Java$Cast;)V >"	"bb6"	[java_type_ref("<Application,Lorg/codehaus/janino/CompileException>")]
"< Application, Lorg/codehaus/janino/UnitCompiler$8, visitFieldAccessExpression(Lorg/codehaus/janino/Java$FieldAccessExpression;)V >"	"bb6"	[java_type_ref("<Application,Lorg/codehaus/janino/CompileException>")]
"< Application, Lorg/codehaus/janino/UnitCompiler$6, visitTryStatement(Lorg/codehaus/janino/Java$TryStatement;)V >"	"bb5"	[java_type_ref("<Application,Lorg/codehaus/janino/CompileException>")]
"< Application, Lorg/codehaus/janino/util/CausedException, initCause(Ljava/lang/Throwable;)Ljava/lang/Throwable; >"	"bb11"	[java_type_ref("<Primordial,Ljava/lang/IllegalAccessException>")]
"< Application, Lorg/codehaus/janino/Cookable, cookFile(Ljava/io/File;Ljava/lang/String;)V >"	"bb21"	[java_type_ref("<Primordial,Ljava/io/IOException>")]
"< Application, Lorg/sunflow/system/RenderGlobalsPanel, initGUI()V >"	"bb212"	[java_type_ref("<Primordial,Ljava/lang/Exception>")]
"< Application, LMMTkHarness, <init>()V >"	"bb12"	[java_type_ref("<Primordial,Ljava/lang/SecurityException>")]
"< Application, LMMTkHarness, <init>()V >"	"bb11"	[java_type_ref("<Primordial,Ljava/lang/ClassNotFoundException>")]
"< Application, Lorg/sunflow/core/parser/RA2Parser, parse(Ljava/lang/String;Lorg/sunflow/SunflowAPI;)Z >"	"bb58"	[java_type_ref("<Primordial,Ljava/io/IOException>")]
"< Application, Lorg/codehaus/janino/Scanner, readNextChar()V >"	"bb5"	[java_type_ref("<Application,Lorg/codehaus/janino/UnicodeUnescapeException>")]
"< Application, Lorg/sunflow/core/primitive/QuadMesh$1, <clinit>()V >"	"bb19"	[java_type_ref("<Primordial,Ljava/lang/NoSuchFieldError>")]
"< Application, Lorg/sunflow/Benchmark, <init>(IZZZI)V >"	"bb52"	[java_type_ref("<Primordial,Ljava/io/IOException>")]
"< Application, Lorg/codehaus/janino/UnitCompiler$15, visitFieldAccess(Lorg/codehaus/janino/Java$FieldAccess;)V >"	"bb4"	[java_type_ref("<Application,Lorg/codehaus/janino/CompileException>")]
"< Application, Lorg/dacapo/parser/ConfigFileTokenManager, jjMoveNfa_1(II)I >"	"bb67"	[java_type_ref("<Primordial,Ljava/io/IOException>")]
"< Application, Lorg/sunflow/RenderObjectMap$1, <clinit>()V >"	"bb19"	[java_type_ref("<Primordial,Ljava/lang/NoSuchFieldError>")]
"< Application, LSunflowGUI$24, run()V >"	"bb19"	[java_type_ref("<Primordial,Ljava/lang/NoClassDefFoundError>")]
"< Application, Lorg/sunflow/core/primitive/TriangleMesh$1, <clinit>()V >"	"bb11"	[java_type_ref("<Primordial,Ljava/lang/NoSuchFieldError>")]
"< Application, Lorg/sunflow/core/display/ImgPipeDisplay, imageFill(IIIILorg/sunflow/image/Color;)V >"	"bb19"	[java_type_ref("<Primordial,Ljava/io/IOException>")]
"< Application, Lorg/codehaus/janino/ReflectionIClass$ReflectionIField, getConstantValue()Ljava/lang/Object; >"	"bb19"	[java_type_ref("<Primordial,Ljava/lang/IllegalAccessException>")]
"< Application, Lorg/codehaus/janino/JavaSourceClassLoader, generateBytecodes(Ljava/lang/String;)Ljava/util/Map; >"	"bb21"	[java_type_ref("<Application,Lorg/codehaus/janino/CompileException>")]
"< Application, Lorg/sunflow/RenderObjectMap$1, <clinit>()V >"	"bb11"	[java_type_ref("<Primordial,Ljava/lang/NoSuchFieldError>")]
"< Application, LMMTkHarness, harnessEnd()V >"	"bb5"	[java_type_ref("<Primordial,Ljava/lang/Exception>")]
"< Application, Lorg/codehaus/janino/UnitCompiler$17, visitAmbiguousName(Lorg/codehaus/janino/Java$AmbiguousName;)V >"	"bb6"	[java_type_ref("<Application,Lorg/codehaus/janino/CompileException>")]
"< Application, Lorg/codehaus/janino/UnitCompiler$7, visitLocalVariableAccess(Lorg/codehaus/janino/Java$LocalVariableAccess;)V >"	"bb4"	[java_type_ref("<Application,Lorg/codehaus/janino/CompileException>")]
"< Application, Lorg/sunflow/core/primitive/QuadMesh$1, <clinit>()V >"	"bb11"	[java_type_ref("<Primordial,Ljava/lang/NoSuchFieldError>")]
"< Application, Lorg/codehaus/janino/JavaSourceIClassLoader, findIClass(Ljava/lang/String;)Lorg/codehaus/janino/IClass; >"	"bb80"	[java_type_ref("<Application,Lorg/codehaus/janino/Parser$ParseException>")]
"< Application, Lorg/codehaus/janino/UnitCompiler$12, visitParenthesizedExpression(Lorg/codehaus/janino/Java$ParenthesizedExpression;)V >"	"bb6"	[java_type_ref("<Application,Lorg/codehaus/janino/CompileException>")]
"< Application, Lorg/sunflow/core/renderer/SimpleRenderer, render(Lorg/sunflow/core/Display;)V >"	"bb27"	[java_type_ref("<Primordial,Ljava/lang/InterruptedException>")]
"< Application, Lorg/codehaus/janino/UnitCompiler, compile2(Lorg/codehaus/janino/Java$ForStatement;)Z >"	"bb67"	[java_type_ref("<Primordial,Ljava/lang/Throwable>")]
"< Application, Lorg/apache/commons/cli/CommandLine, getOptionObject(Ljava/lang/String;)Ljava/lang/Object; >"	"bb3"	[java_type_ref("<Application,Lorg/apache/commons/cli/ParseException>")]
"< Application, Lorg/codehaus/janino/ScriptEvaluator, createFastEvaluator(Lorg/codehaus/janino/ScriptEvaluator;Lorg/codehaus/janino/Scanner;[Ljava/lang/String;Ljava/lang/Class;)Ljava/lang/Object; >"	"bb40"	[java_type_ref("<Primordial,Ljava/lang/InstantiationException>")]
"< Application, Lorg/sunflow/SunflowAPI, parameter(Ljava/lang/String;Ljava/lang/String;Ljava/lang/String;[F)V >"	"bb4"	[java_type_ref("<Primordial,Ljava/lang/IllegalArgumentException>")]
"< Application, Lorg/codehaus/janino/UnitCompiler$7, visitNewAnonymousClassInstance(Lorg/codehaus/janino/Java$NewAnonymousClassInstance;)V >"	"bb4"	[java_type_ref("<Application,Lorg/codehaus/janino/CompileException>")]
"< Application, Lorg/sunflow/core/ParameterList$1, <clinit>()V >"	"bb39"	[java_type_ref("<Primordial,Ljava/lang/NoSuchFieldError>")]
"< Application, Lorg/codehaus/janino/Compiler$CompilerIClassLoader, defineIClassFromClassFileResource(Lorg/codehaus/janino/util/resource/Resource;)Lorg/codehaus/janino/IClass; >"	"bb44"	[java_type_ref("<Primordial,Ljava/io/IOException>")]
"< Application, Lorg/codehaus/janino/UnitCompiler$4, visitLocalVariableDeclarationStatement(Lorg/codehaus/janino/Java$LocalVariableDeclarationStatement;)V >"	"bb6"	[java_type_ref("<Application,Lorg/codehaus/janino/CompileException>")]
"< Application, Lorg/codehaus/janino/Compiler$CompilerIClassLoader, defineIClassFromSourceResource(Lorg/codehaus/janino/util/resource/Resource;Ljava/lang/String;)Lorg/codehaus/janino/IClass; >"	"bb38"	[java_type_ref("<Application,Lorg/codehaus/janino/CompileException>")]
"< Application, Lorg/codehaus/janino/UnitCompiler$6, visitWhileStatement(Lorg/codehaus/janino/Java$WhileStatement;)V >"	"bb5"	[java_type_ref("<Application,Lorg/codehaus/janino/CompileException>")]
"< Application, Lorg/codehaus/janino/tools/JGrep, jGrep(Ljava/util/Iterator;Ljava/util/List;)V >"	"bb45"	[java_type_ref("<Primordial,Ljava/lang/Throwable>")]
"< Application, Lorg/codehaus/janino/UnitCompiler$16, visitParenthesizedExpression(Lorg/codehaus/janino/Java$ParenthesizedExpression;)V >"	"bb6"	[java_type_ref("<Application,Lorg/codehaus/janino/CompileException>")]
"< Application, Lorg/codehaus/janino/IClassLoader, postConstruct()V >"	"bb34"	[java_type_ref("<Primordial,Ljava/lang/ClassNotFoundException>")]
"< Application, Lorg/dacapo/parser/ConfigFileTokenManager, jjMoveStringLiteralDfa5_0(JJ)I >"	"bb8"	[java_type_ref("<Primordial,Ljava/io/IOException>")]
"< Application, Lorg/codehaus/janino/CachingJavaSourceClassLoader, generateBytecodes(Ljava/lang/String;)Ljava/util/Map; >"	"bb43"	[java_type_ref("<Primordial,Ljava/io/IOException>")]
"< Application, Lorg/codehaus/janino/ClassBodyEvaluator, compileToClass(Lorg/codehaus/janino/Java$CompilationUnit;Lorg/codehaus/janino/util/enumerator/EnumeratorSet;Ljava/lang/String;)Ljava/lang/Class; >"	"bb4"	[java_type_ref("<Primordial,Ljava/lang/ClassNotFoundException>")]
"< Application, Lorg/codehaus/janino/Cookable, cookFile(Ljava/io/File;Ljava/lang/String;)V >"	"bb16"	[java_type_ref("<Primordial,Ljava/io/IOException>")]
"< Application, Lorg/codehaus/janino/UnitCompiler$4, visitDoStatement(Lorg/codehaus/janino/Java$DoStatement;)V >"	"bb6"	[java_type_ref("<Application,Lorg/codehaus/janino/CompileException>")]
"< Application, Lorg/apache/commons/cli/Parser, processProperties(Ljava/util/Properties;)V >"	"bb24"	[java_type_ref("<Primordial,Ljava/lang/RuntimeException>")]
"< Application, Lorg/codehaus/janino/UnitCompiler$16, visitThisReference(Lorg/codehaus/janino/Java$ThisReference;)V >"	"bb6"	[java_type_ref("<Application,Lorg/codehaus/janino/CompileException>")]
"< Application, Lorg/sunflow/core/primitive/Hair$1, <clinit>()V >"	"bb7"	[java_type_ref("<Primordial,Ljava/lang/NoSuchFieldError>")]
"< Application, Lorg/codehaus/janino/UnitCompiler$4, visitBlock(Lorg/codehaus/janino/Java$Block;)V >"	"bb6"	[java_type_ref("<Application,Lorg/codehaus/janino/CompileException>")]
"< Application, Lorg/sunflow/core/parser/RA3Parser, parse(Ljava/lang/String;Lorg/sunflow/SunflowAPI;)Z >"	"bb72"	[java_type_ref("<Primordial,Ljava/io/FileNotFoundException>")]
"< Application, Lorg/apache/commons/cli/TypeHandler, createObject(Ljava/lang/String;)Ljava/lang/Object; >"	"bb13"	[java_type_ref("<Primordial,Ljava/lang/Exception>")]
"< Application, Lorg/sunflow/core/parser/SCParser, parse(Ljava/lang/String;Lorg/sunflow/SunflowAPI;)Z >"	"bb173"	[java_type_ref("<Primordial,Ljava/io/FileNotFoundException>")]
"< Application, Lorg/codehaus/janino/UnitCompiler$6, visitBlock(Lorg/codehaus/janino/Java$Block;)V >"	"bb5"	[java_type_ref("<Application,Lorg/codehaus/janino/CompileException>")]
"< Application, Lorg/codehaus/janino/UnitCompiler$7, visitArrayAccessExpression(Lorg/codehaus/janino/Java$ArrayAccessExpression;)V >"	"bb4"	[java_type_ref("<Application,Lorg/codehaus/janino/CompileException>")]
"< Application, Lorg/dacapo/harness/CommandLineArgs, <init>([Ljava/lang/String;)V >"	"bb47"	[java_type_ref("<Application,Lorg/apache/commons/cli/ParseException>")]
"< Application, Lorg/sunflow/core/ParameterList$1, <clinit>()V >"	"bb23"	[java_type_ref("<Primordial,Ljava/lang/NoSuchFieldError>")]
"< Application, Lorg/codehaus/janino/UnitCompiler$10, visitInstanceof(Lorg/codehaus/janino/Java$Instanceof;)V >"	"bb6"	[java_type_ref("<Application,Lorg/codehaus/janino/CompileException>")]
"< Application, Lorg/dacapo/harness/ChordHarness, main([Ljava/lang/String;)V >"	"bb70"	[java_type_ref("<Primordial,Ljava/lang/RuntimeException>")]
"< Application, Lorg/sunflow/core/parser/ShaveRibParser, parse(Ljava/lang/String;Lorg/sunflow/SunflowAPI;)Z >"	"bb138"	[java_type_ref("<Primordial,Ljava/io/FileNotFoundException>")]
"< Application, Lorg/codehaus/janino/UnitCompiler$12, visitUnaryOperation(Lorg/codehaus/janino/Java$UnaryOperation;)V >"	"bb6"	[java_type_ref("<Application,Lorg/codehaus/janino/CompileException>")]
"< Application, Lorg/codehaus/janino/tools/Disassembler, disasm(Ljava/io/File;)V >"	"bb11"	[java_type_ref("<Primordial,Ljava/io/IOException>")]
"< Application, Lorg/codehaus/janino/Compiler, storeClassFile(Lorg/codehaus/janino/util/ClassFile;Ljava/io/File;)V >"	"bb29"	[java_type_ref("<Primordial,Ljava/lang/Throwable>")]
"< Application, Lorg/codehaus/janino/UnitCompiler$4, visitIfStatement(Lorg/codehaus/janino/Java$IfStatement;)V >"	"bb6"	[java_type_ref("<Application,Lorg/codehaus/janino/CompileException>")]
"< Application, Lorg/sunflow/core/photonmap/CausticPhotonMap, store(Lorg/sunflow/core/ShadingState;Lorg/sunflow/math/Vector3;Lorg/sunflow/image/Color;Lorg/sunflow/image/Color;)V >"	"bb28"	[java_type_ref("<Primordial,Ljava/lang/Throwable>")]
"< Application, Lorg/dacapo/parser/ConfigFileTokenManager, jjMoveStringLiteralDfa9_0(JJ)I >"	"bb8"	[java_type_ref("<Primordial,Ljava/io/IOException>")]
"< Application, Lorg/codehaus/janino/UnitCompiler$12, visitLiteral(Lorg/codehaus/janino/Java$Literal;)V >"	"bb6"	[java_type_ref("<Application,Lorg/codehaus/janino/CompileException>")]
"< Application, Lorg/sunflow/core/renderer/SimpleRenderer$BucketThread, run()V >"	"bb27"	[java_type_ref("<Primordial,Ljava/lang/Throwable>")]
"< Application, Lorg/codehaus/janino/UnitCompiler$7, visitAssignment(Lorg/codehaus/janino/Java$Assignment;)V >"	"bb4"	[java_type_ref("<Application,Lorg/codehaus/janino/CompileException>")]
"< Application, Lorg/codehaus/janino/UnitCompiler$10, visitThisReference(Lorg/codehaus/janino/Java$ThisReference;)V >"	"bb6"	[java_type_ref("<Application,Lorg/codehaus/janino/CompileException>")]
"< Application, Lorg/codehaus/janino/UnitCompiler$10, visitAmbiguousName(Lorg/codehaus/janino/Java$AmbiguousName;)V >"	"bb6"	[java_type_ref("<Application,Lorg/codehaus/janino/CompileException>")]
"< Application, Lorg/sunflow/system/SearchPath, addSearchPath(Ljava/lang/String;)V >"	"bb27"	[java_type_ref("<Primordial,Ljava/io/IOException>")]
"< Application, Lorg/codehaus/janino/Compiler$CompilerIClassLoader, defineIClassFromSourceResource(Lorg/codehaus/janino/util/resource/Resource;Ljava/lang/String;)Lorg/codehaus/janino/IClass; >"	"bb30"	[java_type_ref("<Application,Lorg/codehaus/janino/Scanner$ScanException>")]
"< Application, Lorg/codehaus/janino/UnitCompiler$6, visitSynchronizedStatement(Lorg/codehaus/janino/Java$SynchronizedStatement;)V >"	"bb5"	[java_type_ref("<Application,Lorg/codehaus/janino/CompileException>")]
"< Application, Lorg/codehaus/janino/UnitCompiler$16, visitAmbiguousName(Lorg/codehaus/janino/Java$AmbiguousName;)V >"	"bb6"	[java_type_ref("<Application,Lorg/codehaus/janino/CompileException>")]
"< Application, Lorg/dacapo/harness/SunflowHarness, validate(Ljava/lang/String;)Z >"	"bb7"	[java_type_ref("<Primordial,Ljava/lang/RuntimeException>")]
"< Application, Lorg/codehaus/janino/UnitCompiler$4, visitAlternateConstructorInvocation(Lorg/codehaus/janino/Java$AlternateConstructorInvocation;)V >"	"bb6"	[java_type_ref("<Application,Lorg/codehaus/janino/CompileException>")]
"< Application, Lorg/sunflow/core/primitive/TriangleMesh, writeObj(Ljava/lang/String;)V >"	"bb49"	[java_type_ref("<Primordial,Ljava/io/IOException>")]
"< Application, Lorg/codehaus/janino/UnitCompiler$3, visitLocalClassDeclaration(Lorg/codehaus/janino/Java$LocalClassDeclaration;)V >"	"bb4"	[java_type_ref("<Application,Lorg/codehaus/janino/CompileException>")]
"< Application, Lorg/codehaus/janino/UnitCompiler$10, visitCrement(Lorg/codehaus/janino/Java$Crement;)V >"	"bb6"	[java_type_ref("<Application,Lorg/codehaus/janino/CompileException>")]
"< Application, Lorg/codehaus/janino/UnitCompiler, compileArithmeticOperation(Lorg/codehaus/janino/Java$Locatable;Lorg/codehaus/janino/IClass;Ljava/util/Iterator;Ljava/lang/String;)Lorg/codehaus/janino/IClass; >"	"bb58"	[java_type_ref("<Primordial,Ljava/lang/Throwable>")]
"< Application, Lorg/codehaus/janino/tools/JGrep, class$(Ljava/lang/String;)Ljava/lang/Class; >"	"bb3"	[java_type_ref("<Primordial,Ljava/lang/ClassNotFoundException>")]
"< Application, Lorg/sunflow/SunflowAPI, compile(Ljava/lang/String;)Lorg/sunflow/SunflowAPI; >"	"bb28"	[java_type_ref("<Application,Lorg/codehaus/janino/Scanner$ScanException>")]
"< Application, Lorg/codehaus/janino/ClassBodyEvaluator, class$(Ljava/lang/String;)Ljava/lang/Class; >"	"bb3"	[java_type_ref("<Primordial,Ljava/lang/ClassNotFoundException>")]
"< Application, Lorg/sunflow/core/primitive/TriangleMesh$1, <clinit>()V >"	"bb19"	[java_type_ref("<Primordial,Ljava/lang/NoSuchFieldError>")]
"< Application, Lorg/codehaus/janino/UnitCompiler$13, visitFieldDeclaration(Lorg/codehaus/janino/Java$FieldDeclaration;)V >"	"bb6"	[java_type_ref("<Application,Lorg/codehaus/janino/CompileException>")]
"< Application, Lorg/codehaus/janino/UnitCompiler$16, visitPackage(Lorg/codehaus/janino/Java$Package;)V >"	"bb6"	[java_type_ref("<Application,Lorg/codehaus/janino/CompileException>")]
"< Application, Lorg/codehaus/janino/UnitCompiler$4, visitSwitchStatement(Lorg/codehaus/janino/Java$SwitchStatement;)V >"	"bb6"	[java_type_ref("<Application,Lorg/codehaus/janino/CompileException>")]
"< Application, Lorg/codehaus/janino/UnitCompiler$4, visitForStatement(Lorg/codehaus/janino/Java$ForStatement;)V >"	"bb6"	[java_type_ref("<Application,Lorg/codehaus/janino/CompileException>")]
"< Application, Lorg/codehaus/janino/UnitCompiler$3, visitMemberClassDeclaration(Lorg/codehaus/janino/Java$MemberClassDeclaration;)V >"	"bb4"	[java_type_ref("<Application,Lorg/codehaus/janino/CompileException>")]
"< Application, Lorg/codehaus/janino/UnitCompiler$7, visitFieldAccessExpression(Lorg/codehaus/janino/Java$FieldAccessExpression;)V >"	"bb4"	[java_type_ref("<Application,Lorg/codehaus/janino/CompileException>")]
"< Application, Lorg/dacapo/harness/Benchmark, validate(Ljava/lang/String;)Z >"	"bb99"	[java_type_ref("<Primordial,Ljava/io/IOException>")]
"< Application, Lorg/codehaus/janino/UnitCompiler$6, visitLocalVariableDeclarationStatement(Lorg/codehaus/janino/Java$LocalVariableDeclarationStatement;)V >"	"bb7"	[java_type_ref("<Application,Lorg/codehaus/janino/CompileException>")]
"< Application, Lorg/codehaus/janino/UnitCompiler$10, visitFieldAccess(Lorg/codehaus/janino/Java$FieldAccess;)V >"	"bb6"	[java_type_ref("<Application,Lorg/codehaus/janino/CompileException>")]
"< Application, Lorg/sunflow/image/Bitmap, saveHDR(Ljava/lang/String;)V >"	"bb47"	[java_type_ref("<Primordial,Ljava/io/IOException>")]
"< Application, Lorg/dacapo/harness/DacapoClassLoader, loadClass(Ljava/lang/String;Z)Ljava/lang/Class; >"	"bb5"	[java_type_ref("<Primordial,Ljava/lang/ClassNotFoundException>")]
"< Application, Lorg/codehaus/janino/UnitCompiler$13, visitInitializer(Lorg/codehaus/janino/Java$Initializer;)V >"	"bb6"	[java_type_ref("<Application,Lorg/codehaus/janino/CompileException>")]
"< Application, Lorg/sunflow/core/parser/SCParser, parseShader(Lorg/sunflow/SunflowAPI;)Z >"	"bb293"	[java_type_ref("<Application,Lorg/codehaus/janino/Scanner$ScanException>")]
"< Application, Lorg/dacapo/harness/ChordHarness, findClass()Ljava/lang/Class; >"	"bb5"	[java_type_ref("<Primordial,Ljava/lang/ClassNotFoundException>")]
"< Application, Lorg/dacapo/parser/ConfigFileTokenManager, jjMoveStringLiteralDfa1_3(J)I >"	"bb5"	[java_type_ref("<Primordial,Ljava/io/IOException>")]
"< Application, Lorg/codehaus/janino/Compiler, compile([Lorg/codehaus/janino/util/resource/Resource;)Z >"	"bb83"	[java_type_ref("<Primordial,Ljava/lang/Throwable>")]
"< Application, Lorg/codehaus/janino/JavaSourceClassLoader, main([Ljava/lang/String;)V >"	"bb130"	[java_type_ref("<Primordial,Ljava/lang/IllegalAccessException>")]
"< Application, Lorg/sunflow/core/parser/RA2Parser, parse(Ljava/lang/String;Lorg/sunflow/SunflowAPI;)Z >"	"bb113"	[java_type_ref("<Primordial,Ljava/io/IOException>")]
"< Application, Lorg/codehaus/janino/UnitCompiler$7, visitMethodInvocation(Lorg/codehaus/janino/Java$MethodInvocation;)V >"	"bb4"	[java_type_ref("<Application,Lorg/codehaus/janino/CompileException>")]
"< Application, Lorg/codehaus/janino/UnitCompiler$7, visitInstanceof(Lorg/codehaus/janino/Java$Instanceof;)V >"	"bb4"	[java_type_ref("<Application,Lorg/codehaus/janino/CompileException>")]
"< Application, Lorg/dacapo/parser/ConfigFile, ReInit(Ljava/io/InputStream;Ljava/lang/String;)V >"	"bb4"	[java_type_ref("<Primordial,Ljava/io/UnsupportedEncodingException>")]
"< Application, Lorg/codehaus/janino/UnitCompiler$11, visitUnaryOperation(Lorg/codehaus/janino/Java$UnaryOperation;)V >"	"bb6"	[java_type_ref("<Application,Lorg/codehaus/janino/CompileException>")]
"< Application, Lorg/codehaus/janino/samples/DemoBase, stringToType(Ljava/lang/String;)Ljava/lang/Class; >"	"bb71"	[java_type_ref("<Primordial,Ljava/lang/ClassNotFoundException>")]
"< Application, Lorg/sunflow/core/tesselatable/FileMesh, tesselate()Lorg/sunflow/core/PrimitiveList; >"	"bb57"	[java_type_ref("<Primordial,Ljava/io/IOException>")]
"< Application, Lorg/codehaus/janino/Compiler, parseCompilationUnit(Ljava/lang/String;Ljava/io/InputStream;Ljava/lang/String;)Lorg/codehaus/janino/Java$CompilationUnit; >"	"bb20"	[java_type_ref("<Primordial,Ljava/lang/Throwable>")]
"< Application, Lorg/codehaus/janino/UnitCompiler$11, visitFieldAccess(Lorg/codehaus/janino/Java$FieldAccess;)V >"	"bb6"	[java_type_ref("<Application,Lorg/codehaus/janino/CompileException>")]
"< Application, Lorg/dacapo/harness/LatexDescriptions, main([Ljava/lang/String;)V >"	"bb3"	[java_type_ref("<Primordial,Ljava/io/IOException>")]
"< Application, Lorg/codehaus/janino/UnitCompiler$8, visitCrement(Lorg/codehaus/janino/Java$Crement;)V >"	"bb6"	[java_type_ref("<Application,Lorg/codehaus/janino/CompileException>")]
"< Application, Lorg/dacapo/parser/ConfigFileTokenManager, jjMoveStringLiteralDfa11_0(JJ)I >"	"bb8"	[java_type_ref("<Primordial,Ljava/io/IOException>")]
"< Application, Lorg/codehaus/janino/UnitCompiler, buildLocalVariableMap(Lorg/codehaus/janino/Java$BlockStatement;Ljava/util/Map;)Ljava/util/Map; >"	"bb7"	[java_type_ref("<Application,Lorg/codehaus/janino/UnitCompiler$5$UCE>")]
"< Application, Lorg/codehaus/janino/UnitCompiler, compileBoolean2(Lorg/codehaus/janino/Java$BinaryOperation;Lorg/codehaus/janino/CodeContext$Offset;Z)V >"	"bb244"	[java_type_ref("<Primordial,Ljava/lang/Throwable>")]
"< Application, Lorg/codehaus/janino/Access, class$(Ljava/lang/String;)Ljava/lang/Class; >"	"bb3"	[java_type_ref("<Primordial,Ljava/lang/ClassNotFoundException>")]
"< Application, Lorg/apache/commons/cli/TypeHandler, createClass(Ljava/lang/String;)Ljava/lang/Class; >"	"bb3"	[java_type_ref("<Primordial,Ljava/lang/ClassNotFoundException>")]
"< Application, Lorg/codehaus/janino/UnitCompiler$11, visitCast(Lorg/codehaus/janino/Java$Cast;)V >"	"bb6"	[java_type_ref("<Application,Lorg/codehaus/janino/CompileException>")]
"< Application, Lorg/sunflow/core/tesselatable/FileMesh, tesselate()Lorg/sunflow/core/PrimitiveList; >"	"bb239"	[java_type_ref("<Primordial,Ljava/io/IOException>")]
"< Application, Lorg/dacapo/harness/Benchmark, validate(Ljava/lang/String;)Z >"	"bb92"	[java_type_ref("<Primordial,Ljava/io/FileNotFoundException>")]
"< Application, Lorg/codehaus/janino/UnitCompiler$10, visitQualifiedThisReference(Lorg/codehaus/janino/Java$QualifiedThisReference;)V >"	"bb6"	[java_type_ref("<Application,Lorg/codehaus/janino/CompileException>")]
"< Application, Lorg/dacapo/parser/ConfigFile, main([Ljava/lang/String;)V >"	"bb11"	[java_type_ref("<Primordial,Ljava/io/FileNotFoundException>")]
"< Application, Lorg/codehaus/janino/SimpleCompiler, class$(Ljava/lang/String;)Ljava/lang/Class; >"	"bb3"	[java_type_ref("<Primordial,Ljava/lang/ClassNotFoundException>")]
"< Application, Lorg/codehaus/janino/util/ResourceFinderClassLoader, findClass(Ljava/lang/String;)Ljava/lang/Class; >"	"bb30"	[java_type_ref("<Primordial,Ljava/io/IOException>")]
"< Application, Lorg/codehaus/janino/UnitCompiler$15, visitAmbiguousName(Lorg/codehaus/janino/Java$AmbiguousName;)V >"	"bb4"	[java_type_ref("<Application,Lorg/codehaus/janino/CompileException>")]
"< Application, Lorg/sunflow/core/primitive/QuadMesh$1, <clinit>()V >"	"bb7"	[java_type_ref("<Primordial,Ljava/lang/NoSuchFieldError>")]
"< Application, Lorg/sunflow/core/tesselatable/FileMesh, tesselate()Lorg/sunflow/core/PrimitiveList; >"	"bb157"	[java_type_ref("<Primordial,Ljava/io/IOException>")]
"< Application, Lorg/codehaus/janino/ClassLoaderIClassLoader, findIClass(Ljava/lang/String;)Lorg/codehaus/janino/IClass; >"	"bb5"	[java_type_ref("<Primordial,Ljava/lang/ClassNotFoundException>")]
"< Application, Lorg/codehaus/janino/UnitCompiler$8, visitBinaryOperation(Lorg/codehaus/janino/Java$BinaryOperation;)V >"	"bb6"	[java_type_ref("<Application,Lorg/codehaus/janino/CompileException>")]
"< Application, Lorg/codehaus/janino/UnitCompiler, compile(Lorg/codehaus/janino/Java$TypeDeclaration;)V >"	"bb5"	[java_type_ref("<Application,Lorg/codehaus/janino/UnitCompiler$3$UCE>")]
"< Application, Lorg/sunflow/SunflowAPI, create(Ljava/lang/String;I)Lorg/sunflow/SunflowAPI; >"	"bb52"	[java_type_ref("<Primordial,Ljava/io/IOException>")]
"< Application, Lorg/codehaus/janino/UnitCompiler$6, visitIfStatement(Lorg/codehaus/janino/Java$IfStatement;)V >"	"bb5"	[java_type_ref("<Application,Lorg/codehaus/janino/CompileException>")]
"< Application, Lorg/sunflow/core/display/ImgPipeDisplay, imageUpdate(IIII[Lorg/sunflow/image/Color;)V >"	"bb20"	[java_type_ref("<Primordial,Ljava/io/IOException>")]
"< Application, Lorg/codehaus/janino/UnitCompiler$11, visitBinaryOperation(Lorg/codehaus/janino/Java$BinaryOperation;)V >"	"bb6"	[java_type_ref("<Application,Lorg/codehaus/janino/CompileException>")]
"< Application, Lorg/codehaus/janino/samples/ClassBodyDemo, class$(Ljava/lang/String;)Ljava/lang/Class; >"	"bb3"	[java_type_ref("<Primordial,Ljava/lang/ClassNotFoundException>")]
"< Application, Lorg/codehaus/janino/UnitCompiler$11, visitParenthesizedExpression(Lorg/codehaus/janino/Java$ParenthesizedExpression;)V >"	"bb6"	[java_type_ref("<Application,Lorg/codehaus/janino/CompileException>")]
"< Application, Lorg/sunflow/core/photonmap/GlobalPhotonMap, store(Lorg/sunflow/core/ShadingState;Lorg/sunflow/math/Vector3;Lorg/sunflow/image/Color;Lorg/sunflow/image/Color;)V >"	"bb23"	[java_type_ref("<Primordial,Ljava/lang/Throwable>")]
"< Application, Lorg/codehaus/janino/UnitCompiler$11, visitLiteral(Lorg/codehaus/janino/Java$Literal;)V >"	"bb6"	[java_type_ref("<Application,Lorg/codehaus/janino/CompileException>")]
"< Application, Lorg/codehaus/janino/UnitCompiler$8, visitArrayLength(Lorg/codehaus/janino/Java$ArrayLength;)V >"	"bb6"	[java_type_ref("<Application,Lorg/codehaus/janino/CompileException>")]
"< Application, Lorg/codehaus/janino/UnitCompiler$16, visitQualifiedThisReference(Lorg/codehaus/janino/Java$QualifiedThisReference;)V >"	"bb6"	[java_type_ref("<Application,Lorg/codehaus/janino/CompileException>")]
"< Application, Lorg/codehaus/janino/samples/ClassBodyDemo, readFileToString(Ljava/lang/String;)Ljava/lang/String; >"	"bb15"	[java_type_ref("<Primordial,Ljava/lang/Throwable>")]
"< Application, Lorg/sunflow/core/gi/InstantGI$PointLightStore, store(Lorg/sunflow/core/ShadingState;Lorg/sunflow/math/Vector3;Lorg/sunflow/image/Color;Lorg/sunflow/image/Color;)V >"	"bb14"	[java_type_ref("<Primordial,Ljava/lang/Throwable>")]
"< Application, Lorg/codehaus/janino/UnitCompiler$8, visitNewArray(Lorg/codehaus/janino/Java$NewArray;)V >"	"bb6"	[java_type_ref("<Application,Lorg/codehaus/janino/CompileException>")]
"< Application, Lorg/sunflow/core/LightServer, calculatePhotons(Lorg/sunflow/core/PhotonStore;Ljava/lang/String;I)Z >"	"bb83"	[java_type_ref("<Primordial,Ljava/lang/InterruptedException>")]
"< Application, Lorg/codehaus/janino/Compiler, compile([Lorg/codehaus/janino/util/resource/Resource;)Z >"	"bb55"	[java_type_ref("<Primordial,Ljava/lang/Throwable>")]
"< Application, Lorg/dacapo/harness/Digest, create()Ljava/security/MessageDigest; >"	"bb3"	[java_type_ref("<Primordial,Ljava/security/NoSuchAlgorithmException>")]
"< Application, Lorg/codehaus/janino/UnitCompiler$8, visitInstanceof(Lorg/codehaus/janino/Java$Instanceof;)V >"	"bb6"	[java_type_ref("<Application,Lorg/codehaus/janino/CompileException>")]
"< Application, Lorg/sunflow/core/parser/ShaveRibParser, parse(Ljava/lang/String;Lorg/sunflow/SunflowAPI;)Z >"	"bb143"	[java_type_ref("<Application,Lorg/sunflow/system/Parser$ParserException>")]
"< Application, Lorg/codehaus/janino/UnitCompiler$16, visitArrayType(Lorg/codehaus/janino/Java$ArrayType;)V >"	"bb6"	[java_type_ref("<Application,Lorg/codehaus/janino/CompileException>")]
"< Application, Lorg/sunflow/core/tesselatable/FileMesh, tesselate()Lorg/sunflow/core/PrimitiveList; >"	"bb51"	[java_type_ref("<Primordial,Ljava/io/FileNotFoundException>")]
"< Application, Lorg/codehaus/janino/util/ResourceFinderClassLoader, findClass(Ljava/lang/String;)Ljava/lang/Class; >"	"bb54"	[java_type_ref("<Primordial,Ljava/io/IOException>")]
"< Application, Lorg/codehaus/janino/UnitCompiler$15, visitFieldAccessExpression(Lorg/codehaus/janino/Java$FieldAccessExpression;)V >"	"bb4"	[java_type_ref("<Application,Lorg/codehaus/janino/CompileException>")]
"< Application, Lorg/codehaus/janino/ResourceFinderIClassLoader, findIClass(Ljava/lang/String;)Lorg/codehaus/janino/IClass; >"	"bb40"	[java_type_ref("<Primordial,Ljava/io/IOException>")]
"< Application, Lorg/sunflow/core/tesselatable/Gumbo, main([Ljava/lang/String;)V >"	"bb76"	[java_type_ref("<Primordial,Ljava/io/FileNotFoundException>")]
"< Application, Lorg/codehaus/janino/tools/JGrep, parseCompilationUnit(Ljava/io/File;Ljava/lang/String;)Lorg/codehaus/janino/Java$CompilationUnit; >"	"bb30"	[java_type_ref("<Primordial,Ljava/io/IOException>")]
"< Application, Lorg/sunflow/core/parser/SCParser, parse(Ljava/lang/String;Lorg/sunflow/SunflowAPI;)Z >"	"bb167"	[java_type_ref("<Application,Lorg/sunflow/system/Parser$ParserException>")]
"< Application, Lorg/codehaus/janino/UnitCompiler$10, visitMethodInvocation(Lorg/codehaus/janino/Java$MethodInvocation;)V >"	"bb6"	[java_type_ref("<Application,Lorg/codehaus/janino/CompileException>")]
"< Application, Lorg/codehaus/janino/UnitCompiler$4, visitInitializer(Lorg/codehaus/janino/Java$Initializer;)V >"	"bb6"	[java_type_ref("<Application,Lorg/codehaus/janino/CompileException>")]
"< Application, Lorg/codehaus/janino/UnitCompiler, getNegatedConstantValue(Lorg/codehaus/janino/Java$Rvalue;)Ljava/lang/Object; >"	"bb7"	[java_type_ref("<Application,Lorg/codehaus/janino/UnitCompiler$11$UCE>")]
"< Application, Lorg/codehaus/janino/DebuggingInformation, class$(Ljava/lang/String;)Ljava/lang/Class; >"	"bb3"	[java_type_ref("<Primordial,Ljava/lang/ClassNotFoundException>")]
"< Application, Lorg/codehaus/janino/UnitCompiler, compile2(Lorg/codehaus/janino/Java$TryStatement;)Z >"	"bb105"	[java_type_ref("<Primordial,Ljava/lang/Throwable>")]
"< Application, Lorg/codehaus/janino/ScriptEvaluator, evaluate(I[Ljava/lang/Object;)Ljava/lang/Object; >"	"bb10"	[java_type_ref("<Primordial,Ljava/lang/IllegalAccessException>")]
"< Application, Lorg/dacapo/harness/CommandLineArgs, <init>([Ljava/lang/String;)V >"	"bb56"	[java_type_ref("<Primordial,Ljava/lang/Exception>")]
"< Application, Lorg/codehaus/janino/UnparseVisitor, visitSwitchStatement(Lorg/codehaus/janino/Java$SwitchStatement;)V >"	"bb32"	[java_type_ref("<Primordial,Ljava/lang/Throwable>")]
"< Application, Lorg/sunflow/core/ParameterList$1, <clinit>()V >"	"bb11"	[java_type_ref("<Primordial,Ljava/lang/NoSuchFieldError>")]
"< Application, Lorg/codehaus/janino/UnitCompiler, compile(Lorg/codehaus/janino/Java$FunctionDeclarator;Lorg/codehaus/janino/util/ClassFile;)V >"	"bb141"	[java_type_ref("<Primordial,Ljava/lang/RuntimeException>")]
"< Application, Lorg/sunflow/image/Bitmap, savePNG(Ljava/lang/String;)V >"	"bb27"	[java_type_ref("<Primordial,Ljava/io/IOException>")]
"< Application, Lorg/codehaus/janino/tools/Disassembler, disasmClassFile(Ljava/io/DataInputStream;)V >"	"bb141"	[java_type_ref("<Primordial,Ljava/lang/Throwable>")]
"< Application, Lorg/dacapo/parser/ConfigFileTokenManager, getNextToken()Lorg/dacapo/parser/Token; >"	"bb6"	[java_type_ref("<Primordial,Ljava/io/IOException>")]
"< Application, Lorg/codehaus/janino/UnitCompiler$4, visitSynchronizedStatement(Lorg/codehaus/janino/Java$SynchronizedStatement;)V >"	"bb6"	[java_type_ref("<Application,Lorg/codehaus/janino/CompileException>")]
"< Application, Lorg/dacapo/harness/TestHarness, findClass()Ljava/lang/Class; >"	"bb5"	[java_type_ref("<Primordial,Ljava/lang/ClassNotFoundException>")]
"< Application, Lorg/sunflow/core/parser/ShaveRibParser, parse(Ljava/lang/String;Lorg/sunflow/SunflowAPI;)Z >"	"bb148"	[java_type_ref("<Primordial,Ljava/io/IOException>")]
"< Application, Lorg/codehaus/janino/UnitCompiler$16, visitAssignment(Lorg/codehaus/janino/Java$Assignment;)V >"	"bb6"	[java_type_ref("<Application,Lorg/codehaus/janino/CompileException>")]
"< Application, Lorg/dacapo/harness/FileDigest, main([Ljava/lang/String;)V >"	"bb47"	[java_type_ref("<Primordial,Ljava/io/FileNotFoundException>")]
"< Application, Lorg/codehaus/janino/UnitCompiler$6, visitDoStatement(Lorg/codehaus/janino/Java$DoStatement;)V >"	"bb5"	[java_type_ref("<Application,Lorg/codehaus/janino/CompileException>")]
"< Application, Lorg/sunflow/image/Bitmap, saveTGA(Ljava/lang/String;)V >"	"bb49"	[java_type_ref("<Primordial,Ljava/io/IOException>")]
"< Application, Lorg/dacapo/harness/FileDigest, main([Ljava/lang/String;)V >"	"bb49"	[java_type_ref("<Primordial,Ljava/io/IOException>")]
"< Application, Lorg/codehaus/janino/UnitCompiler$16, visitConditionalExpression(Lorg/codehaus/janino/Java$ConditionalExpression;)V >"	"bb6"	[java_type_ref("<Application,Lorg/codehaus/janino/CompileException>")]
"< Application, Lorg/codehaus/janino/Compiler, storeClassFile(Lorg/codehaus/janino/util/ClassFile;Ljava/io/File;)V >"	"bb13"	[java_type_ref("<Primordial,Ljava/io/IOException>")]
"< Application, Lorg/codehaus/janino/Compiler$CompilerIClassLoader, defineIClassFromClassFileResource(Lorg/codehaus/janino/util/resource/Resource;)Lorg/codehaus/janino/IClass; >"	"bb16"	[java_type_ref("<Primordial,Ljava/io/IOException>")]
"< Application, Lorg/codehaus/janino/UnitCompiler$4, visitFieldDeclaration(Lorg/codehaus/janino/Java$FieldDeclaration;)V >"	"bb6"	[java_type_ref("<Application,Lorg/codehaus/janino/CompileException>")]
"< Application, Lorg/codehaus/janino/ClassFileIClass, getDeclaringIClass2()Lorg/codehaus/janino/IClass; >"	"bb20"	[java_type_ref("<Primordial,Ljava/lang/ClassNotFoundException>")]
"< Application, Lorg/codehaus/janino/UnitCompiler$7, visitThisReference(Lorg/codehaus/janino/Java$ThisReference;)V >"	"bb4"	[java_type_ref("<Application,Lorg/codehaus/janino/CompileException>")]
"< Application, Lorg/codehaus/janino/ClassFileIClass, resolveClasses([S)[Lorg/codehaus/janino/IClass; >"	"bb8"	[java_type_ref("<Primordial,Ljava/lang/ClassNotFoundException>")]
"< Application, Lorg/codehaus/janino/tools/JGrep, parseCompilationUnit(Ljava/io/File;Ljava/lang/String;)Lorg/codehaus/janino/Java$CompilationUnit; >"	"bb23"	[java_type_ref("<Primordial,Ljava/lang/Throwable>")]
"< Application, Lorg/sunflow/core/ParameterList$1, <clinit>()V >"	"bb27"	[java_type_ref("<Primordial,Ljava/lang/NoSuchFieldError>")]
"< Application, Lorg/codehaus/janino/UnitCompiler, declareClassDollarMethod(Lorg/codehaus/janino/Java$ClassLiteral;)V >"	"bb41"	[java_type_ref("<Primordial,Ljava/lang/ClassNotFoundException>")]
"< Application, Lorg/codehaus/janino/UnitCompiler$15, visitParenthesizedExpression(Lorg/codehaus/janino/Java$ParenthesizedExpression;)V >"	"bb4"	[java_type_ref("<Application,Lorg/codehaus/janino/CompileException>")]
"< Application, Lorg/codehaus/janino/ClassFileIClass, getDeclaredIFields2()[Lorg/codehaus/janino/IClass$IField; >"	"bb13"	[java_type_ref("<Primordial,Ljava/lang/ClassNotFoundException>")]
"< Application, Lorg/codehaus/janino/ScriptEvaluator, createFastEvaluator(Lorg/codehaus/janino/ScriptEvaluator;Lorg/codehaus/janino/Scanner;[Ljava/lang/String;Ljava/lang/Class;)Ljava/lang/Object; >"	"bb44"	[java_type_ref("<Primordial,Ljava/lang/IllegalAccessException>")]
"< Application, Lorg/codehaus/janino/UnitCompiler, leave2(Lorg/codehaus/janino/Java$TryStatement;Lorg/codehaus/janino/IClass;)V >"	"bb17"	[java_type_ref("<Primordial,Ljava/lang/Throwable>")]
"< Application, Lorg/codehaus/janino/tools/HprofScrubber, main([Ljava/lang/String;)V >"	"bb105"	[java_type_ref("<Primordial,Ljava/lang/Throwable>")]
"< Application, Lorg/codehaus/janino/UnitCompiler$10, visitUnaryOperation(Lorg/codehaus/janino/Java$UnaryOperation;)V >"	"bb6"	[java_type_ref("<Application,Lorg/codehaus/janino/CompileException>")]
"< Application, Lorg/codehaus/janino/UnitCompiler$11, visitAmbiguousName(Lorg/codehaus/janino/Java$AmbiguousName;)V >"	"bb6"	[java_type_ref("<Application,Lorg/codehaus/janino/CompileException>")]
"< Application, Lorg/apache/commons/cli/OptionBuilder, create(Ljava/lang/String;)Lorg/apache/commons/cli/Option; >"	"bb12"	[java_type_ref("<Primordial,Ljava/lang/Throwable>")]
"< Application, Lorg/codehaus/janino/UnitCompiler$7, visitNewInitializedArray(Lorg/codehaus/janino/Java$NewInitializedArray;)V >"	"bb4"	[java_type_ref("<Application,Lorg/codehaus/janino/CompileException>")]
"< Application, Lorg/dacapo/parser/ConfigFile, <init>(Ljava/io/InputStream;Ljava/lang/String;)V >"	"bb12"	[java_type_ref("<Primordial,Ljava/io/UnsupportedEncodingException>")]
"< Application, Lorg/codehaus/janino/UnitCompiler, generatesCode(Lorg/codehaus/janino/Java$BlockStatement;)Z >"	"bb7"	[java_type_ref("<Application,Lorg/codehaus/janino/UnitCompiler$12$UCE>")]
"< Application, Lorg/codehaus/janino/Cookable, cookFile(Ljava/io/File;Ljava/lang/String;)V >"	"bb10"	[java_type_ref("<Primordial,Ljava/lang/Throwable>")]
"< Application, Lorg/codehaus/janino/UnitCompiler$13, visitBlock(Lorg/codehaus/janino/Java$Block;)V >"	"bb6"	[java_type_ref("<Application,Lorg/codehaus/janino/CompileException>")]
"< Application, Lorg/dacapo/parser/ConfigFileTokenManager, getNextToken()Lorg/dacapo/parser/Token; >"	"bb28"	[java_type_ref("<Primordial,Ljava/io/IOException>")]
"< Application, Lorg/sunflow/core/primitive/QuadMesh$1, <clinit>()V >"	"bb15"	[java_type_ref("<Primordial,Ljava/lang/NoSuchFieldError>")]
"< Application, Lorg/codehaus/janino/JavaSourceIClassLoader, findIClass(Ljava/lang/String;)Lorg/codehaus/janino/IClass; >"	"bb88"	[java_type_ref("<Primordial,Ljava/io/IOException>")]
"< Application, Lorg/sunflow/core/display/OpenExrDisplay, imageBegin(III)V >"	"bb13"	[java_type_ref("<Primordial,Ljava/lang/Exception>")]
"< Application, Lorg/codehaus/janino/UnitCompiler, compile2(Lorg/codehaus/janino/Java$IfStatement;)Z >"	"bb43"	[java_type_ref("<Primordial,Ljava/lang/Throwable>")]
"< Application, Lorg/sunflow/RenderObjectMap$1, <clinit>()V >"	"bb23"	[java_type_ref("<Primordial,Ljava/lang/NoSuchFieldError>")]
"< Application, Lorg/codehaus/janino/UnitCompiler$16, visitArrayAccessExpression(Lorg/codehaus/janino/Java$ArrayAccessExpression;)V >"	"bb6"	[java_type_ref("<Application,Lorg/codehaus/janino/CompileException>")]
"< Application, Lorg/dacapo/harness/CommandLineArgs, defineCallback()V >"	"bb8"	[java_type_ref("<Primordial,Ljava/lang/Exception>")]
"< Application, Lorg/codehaus/janino/UnitCompiler$8, visitFieldAccess(Lorg/codehaus/janino/Java$FieldAccess;)V >"	"bb6"	[java_type_ref("<Application,Lorg/codehaus/janino/CompileException>")]
"< Application, Lorg/sunflow/core/parser/TriParser, parse(Ljava/lang/String;Lorg/sunflow/SunflowAPI;)Z >"	"bb91"	[java_type_ref("<Primordial,Ljava/io/IOException>")]
"< Application, LMMTkHarness, harnessBegin()V >"	"bb5"	[java_type_ref("<Primordial,Ljava/lang/Exception>")]
"< Application, Lorg/codehaus/janino/UnitCompiler$8, visitSuperclassMethodInvocation(Lorg/codehaus/janino/Java$SuperclassMethodInvocation;)V >"	"bb6"	[java_type_ref("<Application,Lorg/codehaus/janino/CompileException>")]
"< Application, Lorg/codehaus/janino/UnitCompiler$8, visitNewInitializedArray(Lorg/codehaus/janino/Java$NewInitializedArray;)V >"	"bb6"	[java_type_ref("<Application,Lorg/codehaus/janino/CompileException>")]
"< Application, Lorg/codehaus/janino/util/CausedException, class$(Ljava/lang/String;)Ljava/lang/Class; >"	"bb3"	[java_type_ref("<Primordial,Ljava/lang/ClassNotFoundException>")]
"< Application, Lorg/dacapo/harness/ChordHarness, main([Ljava/lang/String;)V >"	"bb48"	[java_type_ref("<Primordial,Ljava/io/FileNotFoundException>")]
"< Application, Lorg/dacapo/harness/Benchmark, validate(Ljava/lang/String;)Z >"	"bb140"	[java_type_ref("<Primordial,Ljava/io/FileNotFoundException>")]
"< Application, Lorg/codehaus/janino/UnitCompiler$4, visitWhileStatement(Lorg/codehaus/janino/Java$WhileStatement;)V >"	"bb6"	[java_type_ref("<Application,Lorg/codehaus/janino/CompileException>")]
"< Application, Lorg/sunflow/core/accel/KDTree, build(Lorg/sunflow/core/PrimitiveList;)V >"	"bb195"	[java_type_ref("<Primordial,Ljava/io/IOException>")]
"< Application, Lorg/codehaus/janino/UnitCompiler$6, visitSwitchStatement(Lorg/codehaus/janino/Java$SwitchStatement;)V >"	"bb5"	[java_type_ref("<Application,Lorg/codehaus/janino/CompileException>")]
"< Application, Lorg/codehaus/janino/UnitCompiler$8, visitClassLiteral(Lorg/codehaus/janino/Java$ClassLiteral;)V >"	"bb6"	[java_type_ref("<Application,Lorg/codehaus/janino/CompileException>")]
"< Application, Lorg/sunflow/system/Parser, getNextCodeBlock()Ljava/lang/String; >"	"bb7"	[java_type_ref("<Primordial,Ljava/io/IOException>")]
"< Application, Lorg/codehaus/janino/ScriptEvaluator, cook([Ljava/lang/String;)V >"	"bb13"	[java_type_ref("<Primordial,Ljava/io/IOException>")]
"< Application, Lorg/dacapo/parser/Config$1, <clinit>()V >"	"bb15"	[java_type_ref("<Primordial,Ljava/lang/NoSuchFieldError>")]
"< Application, Lorg/sunflow/core/renderer/BucketRenderer, render(Lorg/sunflow/core/Display;)V >"	"bb35"	[java_type_ref("<Primordial,Ljava/lang/InterruptedException>")]
"< Application, Lorg/sunflow/core/ParameterList$1, <clinit>()V >"	"bb50"	[java_type_ref("<Primordial,Ljava/lang/NoSuchFieldError>")]
"< Application, Lorg/codehaus/janino/UnitCompiler$8, visitSuperclassFieldAccessExpression(Lorg/codehaus/janino/Java$SuperclassFieldAccessExpression;)V >"	"bb6"	[java_type_ref("<Application,Lorg/codehaus/janino/CompileException>")]
"< Application, Lorg/codehaus/janino/UnitCompiler$8, visitAmbiguousName(Lorg/codehaus/janino/Java$AmbiguousName;)V >"	"bb6"	[java_type_ref("<Application,Lorg/codehaus/janino/CompileException>")]
"< Application, Lorg/dacapo/parser/ConfigFileTokenManager, jjMoveStringLiteralDfa6_0(JJ)I >"	"bb8"	[java_type_ref("<Primordial,Ljava/io/IOException>")]
"< Application, LMMTkHarness, <init>()V >"	"bb13"	[java_type_ref("<Primordial,Ljava/lang/NoSuchMethodException>")]
"< Application, Lorg/codehaus/janino/ClassFileIClass, getDeclaredIMethods2()[Lorg/codehaus/janino/IClass$IMethod; >"	"bb13"	[java_type_ref("<Primordial,Ljava/lang/ClassNotFoundException>")]
"< Application, Lorg/dacapo/parser/Config$1, <clinit>()V >"	"bb11"	[java_type_ref("<Primordial,Ljava/lang/NoSuchFieldError>")]
"< Application, Lorg/codehaus/janino/util/Benchmark, report(Ljava/lang/String;Ljava/lang/Object;)V >"	"bb68"	[java_type_ref("<Primordial,Ljava/lang/Throwable>")]
"< Application, Lorg/dacapo/harness/ChordHarness, main([Ljava/lang/String;)V >"	"bb147"	[java_type_ref("<Primordial,Ljava/lang/Exception>")]
"< Application, Lorg/codehaus/janino/UnitCompiler$30, toString()Ljava/lang/String; >"	"bb21"	[java_type_ref("<Application,Lorg/codehaus/janino/CompileException>")]
"< Application, Lorg/codehaus/janino/tools/Disassembler, disasm(Ljava/io/File;)V >"	"bb6"	[java_type_ref("<Primordial,Ljava/lang/Throwable>")]
"< Application, Lorg/dacapo/harness/Benchmark, initialize()V >"	"bb29"	[java_type_ref("<Primordial,Ljava/lang/Throwable>")]
"< Application, Lorg/dacapo/harness/TestHarness, main([Ljava/lang/String;)V >"	"bb70"	[java_type_ref("<Primordial,Ljava/lang/RuntimeException>")]
"< Application, Lorg/apache/commons/cli/TypeHandler, createNumber(Ljava/lang/String;)Ljava/lang/Number; >"	"bb7"	[java_type_ref("<Primordial,Ljava/lang/NumberFormatException>")]
"< Application, Lorg/codehaus/janino/UnitCompiler$9, visitAmbiguousName(Lorg/codehaus/janino/Java$AmbiguousName;)V >"	"bb6"	[java_type_ref("<Application,Lorg/codehaus/janino/CompileException>")]
"< Application, Lorg/codehaus/janino/ScriptEvaluator, cook([Lorg/codehaus/janino/Scanner;)V >"	"bb132"	[java_type_ref("<Primordial,Ljava/lang/NoSuchMethodException>")]
"< Application, Lorg/codehaus/janino/UnitCompiler$16, visitUnaryOperation(Lorg/codehaus/janino/Java$UnaryOperation;)V >"	"bb6"	[java_type_ref("<Application,Lorg/codehaus/janino/CompileException>")]
"< Application, Lorg/sunflow/SunflowAPI, compile(Ljava/lang/String;)Lorg/sunflow/SunflowAPI; >"	"bb33"	[java_type_ref("<Primordial,Ljava/io/IOException>")]
"< Application, Lorg/dacapo/parser/ConfigFileTokenManager, jjMoveStringLiteralDfa2_0(JJ)I >"	"bb8"	[java_type_ref("<Primordial,Ljava/io/IOException>")]
"< Application, Lorg/codehaus/janino/tools/JGrep, jGrep(Ljava/util/Iterator;Ljava/util/List;)V >"	"bb18"	[java_type_ref("<Primordial,Ljava/lang/Throwable>")]
"< Application, Lorg/codehaus/janino/UnitCompiler$2, visitStaticImportOnDemandDeclaration(Lorg/codehaus/janino/Java$CompilationUnit$StaticImportOnDemandDeclaration;)V >"	"bb4"	[java_type_ref("<Application,Lorg/codehaus/janino/CompileException>")]
"< Application, Lorg/dacapo/parser/Config, parse(Ljava/net/URL;)Lorg/dacapo/parser/Config; >"	"bb4"	[java_type_ref("<Primordial,Ljava/io/IOException>")]
"< Application, Lorg/codehaus/janino/JavaSourceIClassLoader, findIClass(Ljava/lang/String;)Lorg/codehaus/janino/IClass; >"	"bb106"	[java_type_ref("<Primordial,Ljava/io/IOException>")]
"< Application, Lorg/codehaus/janino/Compiler, storeClassFile(Lorg/codehaus/janino/util/ClassFile;Ljava/io/File;)V >"	"bb35"	[java_type_ref("<Primordial,Ljava/io/IOException>")]
"< Application, Lorg/codehaus/janino/IClass$IConstructor, toString()Ljava/lang/String; >"	"bb18"	[java_type_ref("<Application,Lorg/codehaus/janino/CompileException>")]
"< Application, Lorg/codehaus/janino/JavaSourceClassLoader, main([Ljava/lang/String;)V >"	"bb133"	[java_type_ref("<Primordial,Ljava/lang/reflect/InvocationTargetException>")]
"< Application, Lorg/codehaus/janino/Compiler, class$(Ljava/lang/String;)Ljava/lang/Class; >"	"bb3"	[java_type_ref("<Primordial,Ljava/lang/ClassNotFoundException>")]
"< Application, Lorg/codehaus/janino/UnitCompiler$15, visitSuperclassFieldAccessExpression(Lorg/codehaus/janino/Java$SuperclassFieldAccessExpression;)V >"	"bb4"	[java_type_ref("<Application,Lorg/codehaus/janino/CompileException>")]
"< Application, LSunflowGUI, tileWindowMenuItemActionPerformed(Ljava/awt/event/ActionEvent;)V >"	"bb31"	[java_type_ref("<Primordial,Ljava/beans/PropertyVetoException>")]
"< Application, Lorg/codehaus/janino/UnitCompiler$3, visitAnonymousClassDeclaration(Lorg/codehaus/janino/Java$AnonymousClassDeclaration;)V >"	"bb4"	[java_type_ref("<Application,Lorg/codehaus/janino/CompileException>")]
"< Application, Lorg/sunflow/core/tesselatable/FileMesh, tesselate()Lorg/sunflow/core/PrimitiveList; >"	"bb151"	[java_type_ref("<Primordial,Ljava/lang/NumberFormatException>")]
"< Application, Lorg/codehaus/janino/UnitCompiler$16, visitCrement(Lorg/codehaus/janino/Java$Crement;)V >"	"bb6"	[java_type_ref("<Application,Lorg/codehaus/janino/CompileException>")]
"< Application, Lorg/codehaus/janino/UnitCompiler$16, visitMethodInvocation(Lorg/codehaus/janino/Java$MethodInvocation;)V >"	"bb6"	[java_type_ref("<Application,Lorg/codehaus/janino/CompileException>")]
"< Application, Lorg/codehaus/janino/samples/DeclarationCounter, main([Ljava/lang/String;)V >"	"bb14"	[java_type_ref("<Primordial,Ljava/lang/Throwable>")]
"< Application, Lorg/codehaus/janino/UnitCompiler$8, visitNewClassInstance(Lorg/codehaus/janino/Java$NewClassInstance;)V >"	"bb6"	[java_type_ref("<Application,Lorg/codehaus/janino/CompileException>")]
"< Application, Lorg/codehaus/janino/IClass$IMethod, toString()Ljava/lang/String; >"	"bb46"	[java_type_ref("<Application,Lorg/codehaus/janino/CompileException>")]
"< Application, Lorg/codehaus/janino/UnitCompiler$7, visitCrement(Lorg/codehaus/janino/Java$Crement;)V >"	"bb4"	[java_type_ref("<Application,Lorg/codehaus/janino/CompileException>")]
"< Application, Lorg/apache/commons/cli/TypeHandler, createObject(Ljava/lang/String;)Ljava/lang/Object; >"	"bb3"	[java_type_ref("<Primordial,Ljava/lang/ClassNotFoundException>")]
"< Application, Lorg/sunflow/core/parser/SCParser, parseShader(Lorg/sunflow/SunflowAPI;)Z >"	"bb284"	[java_type_ref("<Application,Lorg/codehaus/janino/Parser$ParseException>")]
"< Application, Lorg/codehaus/janino/util/resource/JarDirectoriesResourceFinder$3, transform(Ljava/lang/Object;)Ljava/lang/Object; >"	"bb7"	[java_type_ref("<Primordial,Ljava/io/IOException>")]
"< Application, Lorg/codehaus/janino/UnitCompiler, loadFullyQualifiedClass([Ljava/lang/String;)Lorg/codehaus/janino/IClass; >"	"bb21"	[java_type_ref("<Primordial,Ljava/lang/ClassNotFoundException>")]
"< Application, Lorg/apache/commons/cli/TypeHandler, createURL(Ljava/lang/String;)Ljava/net/URL; >"	"bb4"	[java_type_ref("<Primordial,Ljava/net/MalformedURLException>")]
"< Application, Lorg/codehaus/janino/util/ClassFile, toByteArray()[B >"	"bb5"	[java_type_ref("<Primordial,Ljava/io/IOException>")]
"< Application, Lorg/codehaus/janino/JavaSourceClassLoader, main([Ljava/lang/String;)V >"	"bb115"	[java_type_ref("<Primordial,Ljava/lang/NoSuchMethodException>")]
"< Application, Lorg/sunflow/core/parser/SCParser, parseObjectBlock(Lorg/sunflow/SunflowAPI;)V >"	"bb432"	[java_type_ref("<Application,Lorg/codehaus/janino/CompileException>")]
"< Application, Lorg/codehaus/janino/JavaSourceClassLoader, main([Ljava/lang/String;)V >"	"bb97"	[java_type_ref("<Primordial,Ljava/lang/ClassNotFoundException>")]
"< Application, Lorg/codehaus/janino/UnitCompiler$7, visitFieldAccess(Lorg/codehaus/janino/Java$FieldAccess;)V >"	"bb4"	[java_type_ref("<Application,Lorg/codehaus/janino/CompileException>")]
"< Application, Lorg/codehaus/janino/UnitCompiler, getConstantValue2(Lorg/codehaus/janino/Java$BinaryOperation;)Ljava/lang/Object; >"	"bb191"	[java_type_ref("<Primordial,Ljava/lang/ArithmeticException>")]
"< Application, Lorg/sunflow/core/tesselatable/Gumbo, main([Ljava/lang/String;)V >"	"bb78"	[java_type_ref("<Primordial,Ljava/io/IOException>")]
"< Application, Lorg/codehaus/janino/CachingJavaSourceClassLoader, readResource(Lorg/codehaus/janino/util/resource/Resource;)[B >"	"bb12"	[java_type_ref("<Primordial,Ljava/lang/Throwable>")]
"< Application, Lorg/codehaus/janino/UnitCompiler, compileGet(Lorg/codehaus/janino/Java$Rvalue;)Lorg/codehaus/janino/IClass; >"	"bb7"	[java_type_ref("<Application,Lorg/codehaus/janino/UnitCompiler$9$UCE>")]
"< Application, Lorg/codehaus/janino/UnitCompiler$16, visitRvalueMemberType(Lorg/codehaus/janino/Java$RvalueMemberType;)V >"	"bb6"	[java_type_ref("<Application,Lorg/codehaus/janino/CompileException>")]
"< Application, Lorg/sunflow/core/parser/SCParser, parseObjectBlock(Lorg/sunflow/SunflowAPI;)V >"	"bb459"	[java_type_ref("<Primordial,Ljava/io/IOException>")]
"< Application, Lorg/sunflow/core/display/OpenExrDisplay, imageUpdate(IIII[Lorg/sunflow/image/Color;)V >"	"bb7"	[java_type_ref("<Primordial,Ljava/io/IOException>")]
"< Application, Lorg/codehaus/janino/UnitCompiler$7, visitNewClassInstance(Lorg/codehaus/janino/Java$NewClassInstance;)V >"	"bb4"	[java_type_ref("<Application,Lorg/codehaus/janino/CompileException>")]
"< Application, Lorg/codehaus/janino/UnitCompiler$7, visitNewArray(Lorg/codehaus/janino/Java$NewArray;)V >"	"bb4"	[java_type_ref("<Application,Lorg/codehaus/janino/CompileException>")]
"< Application, Lorg/codehaus/janino/UnitCompiler, compile(Lorg/codehaus/janino/Java$BlockStatement;)Z >"	"bb7"	[java_type_ref("<Application,Lorg/codehaus/janino/UnitCompiler$4$UCE>")]
"< Application, Lorg/codehaus/janino/UnitCompiler$3, visitPackageMemberClassDeclaration(Lorg/codehaus/janino/Java$PackageMemberClassDeclaration;)V >"	"bb4"	[java_type_ref("<Application,Lorg/codehaus/janino/CompileException>")]
"< Application, Lorg/sunflow/core/tesselatable/FileMesh, tesselate()Lorg/sunflow/core/PrimitiveList; >"	"bb233"	[java_type_ref("<Primordial,Ljava/io/FileNotFoundException>")]
"< Application, Lorg/dacapo/harness/TeeOutputStream, closeLog()V >"	"bb6"	[java_type_ref("<Primordial,Ljava/io/IOException>")]
"< Application, Lorg/dacapo/harness/TeeOutputStream, finalize()V >"	"bb5"	[java_type_ref("<Primordial,Ljava/lang/Exception>")]
"< Application, Lorg/codehaus/janino/UnitCompiler$7, visitClassLiteral(Lorg/codehaus/janino/Java$ClassLiteral;)V >"	"bb4"	[java_type_ref("<Application,Lorg/codehaus/janino/CompileException>")]
"< Application, Lorg/codehaus/janino/UnitCompiler$16, visitBinaryOperation(Lorg/codehaus/janino/Java$BinaryOperation;)V >"	"bb6"	[java_type_ref("<Application,Lorg/codehaus/janino/CompileException>")]
"< Application, Lorg/codehaus/janino/JavaSourceIClassLoader, findIClass(Ljava/lang/String;)Lorg/codehaus/janino/IClass; >"	"bb44"	[java_type_ref("<Primordial,Ljava/lang/Throwable>")]
"< Application, Lorg/codehaus/janino/UnitCompiler$15, visitArrayAccessExpression(Lorg/codehaus/janino/Java$ArrayAccessExpression;)V >"	"bb4"	[java_type_ref("<Application,Lorg/codehaus/janino/CompileException>")]
"< Application, Lorg/codehaus/janino/UnitCompiler, findClassByName(Lorg/codehaus/janino/Location;Ljava/lang/String;)Lorg/codehaus/janino/IClass; >"	"bb8"	[java_type_ref("<Primordial,Ljava/lang/ClassNotFoundException>")]
"< Application, Lorg/sunflow/RenderObjectMap$1, <clinit>()V >"	"bb7"	[java_type_ref("<Primordial,Ljava/lang/NoSuchFieldError>")]
"< Application, Lorg/codehaus/janino/UnitCompiler$10, visitLiteral(Lorg/codehaus/janino/Java$Literal;)V >"	"bb6"	[java_type_ref("<Application,Lorg/codehaus/janino/CompileException>")]
"< Application, Lorg/codehaus/janino/JavaSourceClassLoader, main([Ljava/lang/String;)V >"	"bb127"	[java_type_ref("<Primordial,Ljava/lang/IllegalArgumentException>")]
"< Application, Lorg/dacapo/harness/ChordHarness, main([Ljava/lang/String;)V >"	"bb16"	[java_type_ref("<Primordial,Ljava/lang/RuntimeException>")]
"< Application, Lorg/codehaus/janino/UnitCompiler, isType(Lorg/codehaus/janino/Java$Atom;)Z >"	"bb7"	[java_type_ref("<Application,Lorg/codehaus/janino/UnitCompiler$15$UCE>")]
"< Application, Lorg/sunflow/core/ParameterList$1, <clinit>()V >"	"bb19"	[java_type_ref("<Primordial,Ljava/lang/NoSuchFieldError>")]
"< Application, Lorg/codehaus/janino/UnparseVisitor, unparseDocComment(Lorg/codehaus/janino/Java$DocCommentable;)V >"	"bb13"	[java_type_ref("<Primordial,Ljava/lang/Throwable>")]
"< Application, Lorg/codehaus/janino/JavaSourceClassLoader, main([Ljava/lang/String;)V >"	"bb30"	[java_type_ref("<Application,Lorg/codehaus/janino/util/enumerator/EnumeratorFormatException>")]
"< Application, Lorg/codehaus/janino/JavaSourceIClassLoader, findIClass(Ljava/lang/String;)Lorg/codehaus/janino/IClass; >"	"bb96"	[java_type_ref("<Application,Lorg/codehaus/janino/CompileException>")]
"< Application, Lorg/sunflow/SunflowAPI, create(Ljava/lang/String;I)Lorg/sunflow/SunflowAPI; >"	"bb36"	[java_type_ref("<Application,Lorg/codehaus/janino/Parser$ParseException>")]
"< Application, Lorg/sunflow/core/LightServer$1, run()V >"	"bb20"	[java_type_ref("<Primordial,Ljava/lang/Throwable>")]
"< Application, Lorg/codehaus/janino/ScriptEvaluator, createFastEvaluator(Lorg/codehaus/janino/ScriptEvaluator;Ljava/lang/String;[Ljava/lang/String;Ljava/lang/Class;)Ljava/lang/Object; >"	"bb7"	[java_type_ref("<Primordial,Ljava/io/IOException>")]
"< Application, Lorg/sunflow/core/primitive/Hair$1, <clinit>()V >"	"bb11"	[java_type_ref("<Primordial,Ljava/lang/NoSuchFieldError>")]
"< Application, Lorg/codehaus/janino/IClass$IMethod, toString()Ljava/lang/String; >"	"bb7"	[java_type_ref("<Application,Lorg/codehaus/janino/CompileException>")]
"< Application, Lorg/codehaus/janino/UnparseVisitor, main([Ljava/lang/String;)V >"	"bb16"	[java_type_ref("<Primordial,Ljava/lang/Throwable>")]
"< Application, Lorg/codehaus/janino/util/CausedException, initCause(Ljava/lang/Throwable;)Ljava/lang/Throwable; >"	"bb14"	[java_type_ref("<Primordial,Ljava/lang/reflect/InvocationTargetException>")]
"< Application, Lorg/codehaus/janino/ClassBodyEvaluator, createFastClassBodyEvaluator(Lorg/codehaus/janino/Scanner;Ljava/lang/String;Ljava/lang/Class;[Ljava/lang/Class;Ljava/lang/ClassLoader;)Ljava/lang/Object; >"	"bb6"	[java_type_ref("<Primordial,Ljava/lang/InstantiationException>")]
"< Application, Lorg/sunflow/core/primitive/QuadMesh, writeObj(Ljava/lang/String;)V >"	"bb53"	[java_type_ref("<Primordial,Ljava/io/IOException>")]
"< Application, Lorg/codehaus/janino/util/ResourceFinderClassLoader, findClass(Ljava/lang/String;)Ljava/lang/Class; >"	"bb58"	[java_type_ref("<Primordial,Ljava/io/IOException>")]
"< Application, Lorg/codehaus/janino/SimpleCompiler$AuxiliaryClassLoader, addAuxiliaryClass(Ljava/lang/Class;)V >"	"bb18"	[java_type_ref("<Primordial,Ljava/lang/ClassNotFoundException>")]
"< Application, Lorg/codehaus/janino/util/ResourceFinderClassLoader, findClass(Ljava/lang/String;)Ljava/lang/Class; >"	"bb40"	[java_type_ref("<Primordial,Ljava/lang/Throwable>")]
"< Application, Lorg/codehaus/janino/ClassFileIClass, getDeclaredIConstructors2()[Lorg/codehaus/janino/IClass$IConstructor; >"	"bb11"	[java_type_ref("<Primordial,Ljava/lang/ClassNotFoundException>")]
