"< Application, Lorg/codehaus/janino/util/StringPattern, <clinit>()V >"
"< Application, Lorg/codehaus/janino/DebuggingInformation, <clinit>()V >"
"< Application, Lorg/sunflow/system/ImagePanel, <clinit>()V >"
"< Application, Lorg/sunflow/math/QMC, <clinit>()V >"
"< Application, Lorg/sunflow/core/primitive/JuliaFractal, <clinit>()V >"
"< Application, Lorg/codehaus/janino/util/MultiIterator, <clinit>()V >"
"< Application, Lorg/codehaus/janino/Parser$InterfaceDeclarationContext, <clinit>()V >"
"< Application, Lorg/codehaus/janino/tools/JGrep$Action, <clinit>()V >"
"< Application, Lorg/dacapo/harness/CommandLineArgs$Methodology, <clinit>()V >"
"< Application, Lorg/codehaus/janino/Mod, <clinit>()V >"
"< Application, Lorg/sunflow/core/primitive/TriangleMesh, <clinit>()V >"
"< Application, Lorg/codehaus/janino/util/enumerator/EnumeratorSet, <clinit>()V >"
"< Application, Lorg/dacapo/parser/Config, <clinit>()V >"
"< Application, Lorg/dacapo/parser/Config$1, <clinit>()V >"
"< Application, Lorg/codehaus/janino/UnitCompiler, <clinit>()V >"
"< Application, Lorg/codehaus/janino/tools/Disassembler$IndentPrintWriter, <clinit>()V >"
"< Application, Lorg/codehaus/janino/Parser$ClassDeclarationContext, <clinit>()V >"
"< Application, Lorg/sunflow/util/FastHashMap, <clinit>()V >"
"< Application, Lorg/codehaus/janino/IClass, <clinit>()V >"
"< Application, Lorg/codehaus/janino/Compiler, <clinit>()V >"
"< Application, Lorg/dacapo/harness/Matcher, <clinit>()V >"
"< Application, Lorg/codehaus/janino/Opcode, <clinit>()V >"
"< Application, Lorg/apache/commons/cli/OptionBuilder, <clinit>()V >"
"< Application, Lorg/codehaus/janino/util/AutoIndentWriter, <clinit>()V >"
"< Application, Lorg/codehaus/janino/CodeContext, <clinit>()V >"
"< Application, Lorg/dacapo/harness/LatexDescriptions, <clinit>()V >"
"< Application, Lorg/sunflow/core/primitive/TriangleMesh$1, <clinit>()V >"
"< Application, Lorg/sunflow/image/Color, <clinit>()V >"
"< Application, Lorg/sunflow/math/PerlinScalar, <clinit>()V >"
"< Application, Lorg/sunflow/core/ParameterList$ParameterType, <clinit>()V >"
"< Application, Lorg/dacapo/harness/Callback, <clinit>()V >"
"< Application, Lorg/codehaus/janino/util/iterator/ProducerIterator, <clinit>()V >"
"< Application, Lorg/sunflow/core/primitive/Hair$1, <clinit>()V >"
"< Application, Lorg/sunflow/RenderObjectMap$RenderObjectType, <clinit>()V >"
"< Application, Lorg/dacapo/parser/ConfigFileTokenManager, <clinit>()V >"
"< Application, Lorg/codehaus/janino/Descriptor, <clinit>()V >"
"< Application, Lorg/dacapo/harness/CommandLineArgs, <clinit>()V >"
"< Application, Lorg/sunflow/image/ChromaticitySpectrum, <clinit>()V >"
"< Application, Lorg/sunflow/core/light/SunSkyLight, <clinit>()V >"
"< Application, Lorg/sunflow/core/tesselatable/Gumbo, <clinit>()V >"
"< Application, Lorg/codehaus/janino/tools/JGrep, <clinit>()V >"
"< Application, Lorg/codehaus/janino/Java$Rvalue, <clinit>()V >"
"< Application, Lorg/sunflow/system/UI$PrintLevel, <clinit>()V >"
"< Application, Lorg/codehaus/janino/ClassBodyEvaluator, <clinit>()V >"
"< Application, Lorg/codehaus/janino/Parser, <clinit>()V >"
"< Application, Lorg/dacapo/parser/ConfigFileConstants, <clinit>()V >"
"< Application, Lorg/apache/commons/cli/PatternOptionBuilder, <clinit>()V >"
"< Application, Lorg/dacapo/parser/Config$ThreadModel, <clinit>()V >"
"< Application, Lorg/sunflow/core/accel/KDTree, <clinit>()V >"
"< Application, Lorg/codehaus/janino/UnparseVisitor, <clinit>()V >"
"< Application, Lorg/sunflow/core/photonmap/GridPhotonMap, <clinit>()V >"
"< Application, Lorg/sunflow/image/SpectralCurve, <clinit>()V >"
"< Application, Lorg/codehaus/janino/ExpressionEvaluator, <clinit>()V >"
"< Application, Lorg/codehaus/janino/SimpleCompiler, <clinit>()V >"
"< Application, Lorg/sunflow/core/tesselatable/Teapot, <clinit>()V >"
"< Application, Lorg/sunflow/system/UI, <clinit>()V >"
"< Application, Lorg/dacapo/harness/ChordHarness, <clinit>()V >"
"< Application, Lorg/dacapo/harness/Callback$Mode, <clinit>()V >"
"< Application, Lorg/sunflow/core/ParameterList$1, <clinit>()V >"
"< Application, Lorg/sunflow/core/shader/PrimIDShader, <clinit>()V >"
"< Application, Lorg/dacapo/parser/ConfigFile, <clinit>()V >"
"< Application, Lorg/sunflow/math/Matrix4, <clinit>()V >"
"< Application, Lorg/sunflow/core/ParameterList$InterpolationType, <clinit>()V >"
"< Application, Lorg/codehaus/janino/Access, <clinit>()V >"
"< Application, Lorg/codehaus/janino/Scanner, <clinit>()V >"
"< Application, Lorg/sunflow/RenderObjectMap$1, <clinit>()V >"
"< Application, Lorg/sunflow/math/Vector3, <clinit>()V >"
"< Application, Lorg/sunflow/core/primitive/CornellBox, <clinit>()V >"
"< Application, Lorg/codehaus/janino/util/CausedException, <clinit>()V >"
"< Application, Lorg/sunflow/image/RGBSpace, <clinit>()V >"
"< Application, Lorg/dacapo/harness/Benchmark, <clinit>()V >"
"< Application, Lorg/sunflow/system/UI$Module, <clinit>()V >"
"< Application, Lorg/dacapo/harness/Callback$1, <clinit>()V >"
"< Application, Lorg/codehaus/janino/util/iterator/MultiDimensionalIterator, <clinit>()V >"
"< Application, Lorg/sunflow/core/primitive/QuadMesh$1, <clinit>()V >"
"< Application, Lorg/codehaus/janino/util/enumerator/Enumerator, <clinit>()V >"
"< Application, Lorg/codehaus/janino/tools/Disassembler, <clinit>()V >"
"< Application, Lorg/sunflow/SunflowAPI, <clinit>()V >"
"< Application, Lorg/codehaus/janino/util/resource/ResourceFinder, <clinit>()V >"
"< Application, Lorg/sunflow/core/TextureCache, <clinit>()V >"
"< Application, Lorg/dacapo/harness/TestHarness, <clinit>()V >"
