"< Application, Lorg/codehaus/janino/UnitCompiler$7$UCE, <init>(Lorg/codehaus/janino/CompileException;)V >"
"< Application, Lorg/codehaus/janino/Scanner, <init>(Ljava/lang/String;)V >"
"< Application, Lorg/codehaus/janino/Java$SuperclassFieldAccessExpression, <init>(Lorg/codehaus/janino/Location;Lorg/codehaus/janino/Java$Type;Ljava/lang/String;)V >"
"< Application, Lorg/codehaus/janino/UnitCompiler$1, <init>(Lorg/codehaus/janino/UnitCompiler;)V >"
"< Application, Lorg/codehaus/janino/ClassFileIClass$1, <init>(Lorg/codehaus/janino/Access;[Lorg/codehaus/janino/IClass;Lorg/codehaus/janino/ClassFileIClass;[Lorg/codehaus/janino/IClass;Lorg/codehaus/janino/IClass;)V >"
"< Application, Lorg/codehaus/janino/util/ClassFile$ConstantFloatInfo, <init>(F)V >"
"< Application, Lorg/codehaus/janino/CodeContext$Relocatable, <init>(Lorg/codehaus/janino/CodeContext;)V >"
"< Application, Lorg/codehaus/janino/UnitCompiler$4$UCE, <init>(Lorg/codehaus/janino/CompileException;)V >"
"< Application, Lorg/codehaus/janino/util/iterator/FilterListIterator, <init>(Ljava/util/ListIterator;)V >"
"< Application, Lorg/sunflow/core/photonmap/GlobalPhotonMap$Photon, <init>(Lorg/sunflow/math/Point3;Lorg/sunflow/math/Vector3;Lorg/sunflow/math/Vector3;Lorg/sunflow/image/Color;Lorg/sunflow/image/Color;)V >"
"< Application, LSunflowGUI$8, <init>(LSunflowGUI;)V >"
"< Application, Lorg/codehaus/janino/Java$TryStatement, <init>(Lorg/codehaus/janino/Location;Lorg/codehaus/janino/Java$BlockStatement;Ljava/util/List;Lorg/codehaus/janino/Java$Block;)V >"
"< Application, Lorg/codehaus/janino/tools/Disassembler$28, <init>()V >"
"< Application, Lorg/sunflow/system/ImagePanel$ScrollZoomListener, <init>(Lorg/sunflow/system/ImagePanel;Lorg/sunflow/system/ImagePanel$1;)V >"
"< Application, Lorg/codehaus/janino/Java$AmbiguousName, <init>(Lorg/codehaus/janino/Location;[Ljava/lang/String;I)V >"
"< Application, Lorg/sunflow/core/IntersectionState, <init>()V >"
"< Application, LSunflowGUI$18$1, <init>(LSunflowGUI$18;)V >"
"< Application, Lorg/codehaus/janino/Compiler$1, <init>()V >"
"< Application, Lorg/dacapo/harness/SunflowHarness, <init>(Lorg/dacapo/parser/Config;Ljava/io/File;)V >"
"< Application, Lorg/codehaus/janino/UnitCompiler$16, <init>([Lorg/codehaus/janino/IClass;Lorg/codehaus/janino/UnitCompiler;)V >"
"< Application, Lorg/sunflow/core/LightServer$1, <init>(Lorg/sunflow/core/LightServer;III[FFLorg/sunflow/core/PhotonStore;)V >"
"< Application, Lorg/codehaus/janino/tools/Disassembler$CountingInputStream, <init>(Ljava/io/InputStream;)V >"
"< Application, LSunflowGUI$13, <init>(LSunflowGUI;)V >"
"< Application, Lorg/sunflow/core/ParameterList$Parameter, <init>([Ljava/lang/String;Lorg/sunflow/core/ParameterList$1;)V >"
"< Application, Lorg/dacapo/harness/LatexDescriptions, <init>()V >"
"< Application, Lorg/sunflow/core/Ray, <init>(FFFFFF)V >"
"< Application, Lorg/codehaus/janino/Parser$ParseException, <init>(Ljava/lang/String;Lorg/codehaus/janino/Location;)V >"
"< Application, Lorg/sunflow/core/light/SphereLight, <init>()V >"
"< Application, Lorg/codehaus/janino/UnitCompiler$13, <init>([ZLorg/codehaus/janino/UnitCompiler;)V >"
"< Application, Lorg/dacapo/parser/ParseException, <init>(Lorg/dacapo/parser/Token;[[I[Ljava/lang/String;)V >"
"< Application, Lorg/codehaus/janino/util/iterator/MultiDimensionalIterator$1, <init>()V >"
"< Application, Lorg/sunflow/core/display/FrameDisplay, <init>()V >"
"< Application, Lorg/codehaus/janino/ScriptEvaluator, <init>(Lorg/codehaus/janino/Scanner;Ljava/lang/Class;[Ljava/lang/Class;Ljava/lang/Class;[Ljava/lang/String;[Ljava/lang/Class;[Ljava/lang/Class;Ljava/lang/ClassLoader;)V >"
"< Application, Lorg/codehaus/janino/tools/Disassembler$IndentPrintWriter, <init>(Ljava/io/OutputStream;)V >"
"< Application, Lorg/codehaus/janino/samples/ExpressionDemo, <init>()V >"
"< Application, Lorg/codehaus/janino/util/enumerator/EnumeratorSet, <init>(Lorg/codehaus/janino/util/enumerator/EnumeratorSet;)V >"
"< Application, Lorg/sunflow/core/shader/ShinyDiffuseShader, <init>()V >"
"< Application, Lorg/sunflow/core/ShadingState, <init>(Lorg/sunflow/core/ShadingState;Lorg/sunflow/core/IntersectionState;Lorg/sunflow/core/Ray;II)V >"
"< Application, Lorg/codehaus/janino/util/resource/MapResourceCreator$1, <init>(Ljava/lang/String;Lorg/codehaus/janino/util/resource/MapResourceCreator;)V >"
"< Application, Lorg/sunflow/core/filter/MitchellFilter, <init>()V >"
"< Application, Lorg/sunflow/core/Ray, <init>(Lorg/sunflow/math/Point3;Lorg/sunflow/math/Point3;)V >"
"< Application, Lorg/codehaus/janino/util/MultiIterator, <init>(Ljava/lang/Object;Ljava/util/Collection;)V >"
"< Application, Lorg/sunflow/util/FloatArray, <init>()V >"
"< Application, Lorg/codehaus/janino/util/iterator/DirectoryIterator$1$State, <init>(Ljava/io/FilenameFilter;Ljava/io/FilenameFilter;Lorg/codehaus/janino/util/iterator/DirectoryIterator$1;Ljava/io/File;)V >"
"< Application, Lorg/codehaus/janino/ClassBodyEvaluator, <init>(Lorg/codehaus/janino/Scanner;Ljava/lang/String;Ljava/lang/Class;[Ljava/lang/Class;Ljava/lang/ClassLoader;)V >"
"< Application, Lorg/codehaus/janino/Java$Assignment, <init>(Lorg/codehaus/janino/Location;Lorg/codehaus/janino/Java$Lvalue;Ljava/lang/String;Lorg/codehaus/janino/Java$Rvalue;)V >"
"< Application, Lorg/codehaus/janino/Java$ParameterAccess, <init>(Lorg/codehaus/janino/Location;Lorg/codehaus/janino/Java$FunctionDeclarator$FormalParameter;)V >"
"< Application, Lorg/sunflow/core/shader/TexturedAmbientOcclusionShader, <init>()V >"
"< Application, Lorg/codehaus/janino/ScriptEvaluator, <init>(Ljava/lang/String;Ljava/io/Reader;Ljava/lang/Class;[Ljava/lang/String;[Ljava/lang/Class;[Ljava/lang/Class;Ljava/lang/ClassLoader;)V >"
"< Application, Lorg/sunflow/math/Matrix4, <init>(FFFFFFFFFFFFFFFF)V >"
"< Application, Lorg/codehaus/janino/Java$SuperclassMethodInvocation, <init>(Lorg/codehaus/janino/Location;Ljava/lang/String;[Lorg/codehaus/janino/Java$Rvalue;)V >"
"< Application, Lorg/sunflow/core/primitive/Background, <init>()V >"
"< Application, Lorg/codehaus/janino/UnitCompiler$27, <init>([Lorg/codehaus/janino/IClass;[Lorg/codehaus/janino/IClass$IInvocable;Lorg/codehaus/janino/IClass;)V >"
"< Application, Lorg/codehaus/janino/Java$ContinueStatement, <init>(Lorg/codehaus/janino/Location;Ljava/lang/String;)V >"
"< Application, Lorg/codehaus/janino/ClassBodyEvaluator, <init>(Ljava/lang/String;Ljava/io/Reader;)V >"
"< Application, Lorg/sunflow/core/primitive/Torus, <init>()V >"
"< Application, Lorg/codehaus/janino/Java$NamedClassDeclaration, <init>(Lorg/codehaus/janino/Location;Ljava/lang/String;SLjava/lang/String;Lorg/codehaus/janino/Java$Type;[Lorg/codehaus/janino/Java$Type;)V >"
"< Application, Lorg/codehaus/janino/util/MultiIterator, <init>([[Ljava/lang/Object;)V >"
"< Application, Lorg/dacapo/harness/TeePrintStream, <init>(Ljava/io/OutputStream;Ljava/io/File;)V >"
"< Application, Lorg/apache/commons/cli/Options, <init>()V >"
"< Application, Lorg/codehaus/janino/tools/Disassembler$30, <init>()V >"
"< Application, Lorg/sunflow/core/parser/RA2Parser, <init>()V >"
"< Application, LSunflowGUI$18, <init>(LSunflowGUI;)V >"
"< Application, Lorg/codehaus/janino/tools/Disassembler$29, <init>()V >"
"< Application, Lorg/codehaus/janino/Java$NewInitializedArray, <init>(Lorg/codehaus/janino/Location;Lorg/codehaus/janino/Java$ArrayType;Lorg/codehaus/janino/Java$ArrayInitializer;)V >"
"< Application, Lorg/sunflow/core/Options, <init>()V >"
"< Application, Lorg/codehaus/janino/UnitCompiler$6, <init>(Ljava/util/Map;[Ljava/util/Map;Lorg/codehaus/janino/UnitCompiler;)V >"
"< Application, Lorg/codehaus/janino/util/ClassFile$ConstantPoolInfo, <init>()V >"
"< Application, Lorg/codehaus/janino/UnitCompiler$11, <init>([Ljava/lang/Object;Lorg/codehaus/janino/UnitCompiler;)V >"
"< Application, Lorg/codehaus/janino/util/ClassFile$ConstantIntegerInfo, <init>(I)V >"
"< Application, Lorg/codehaus/janino/ByteArrayClassLoader, <init>(Ljava/util/Map;)V >"
"< Application, Lorg/codehaus/janino/Java$FieldAccess, <init>(Lorg/codehaus/janino/Location;Lorg/codehaus/janino/Java$Atom;Lorg/codehaus/janino/IClass$IField;)V >"
"< Application, Lorg/apache/commons/cli/UnrecognizedOptionException, <init>(Ljava/lang/String;)V >"
"< Application, Lorg/codehaus/janino/Compiler$CompilerIClassLoader, <init>(Lorg/codehaus/janino/Compiler;Lorg/codehaus/janino/util/resource/ResourceFinder;Lorg/codehaus/janino/IClassLoader;)V >"
"< Application, Lorg/apache/commons/cli/Util, <init>()V >"
"< Application, LSunflowGUI$22, <init>(LSunflowGUI;)V >"
"< Application, Lorg/codehaus/janino/SimpleCompiler, <init>(Lorg/codehaus/janino/Scanner;Ljava/lang/ClassLoader;)V >"
"< Application, LSunflowGUI$14, <init>(LSunflowGUI;)V >"
"< Application, Lorg/codehaus/janino/Java$SwitchStatement$SwitchBlockStatementGroup, <init>(Lorg/codehaus/janino/Location;Ljava/util/List;ZLjava/util/List;)V >"
"< Application, Lorg/codehaus/janino/UnitCompiler$24, <init>(Lorg/codehaus/janino/Location;)V >"
"< Application, Lorg/sunflow/core/camera/ThinLens, <init>()V >"
"< Application, Lorg/codehaus/janino/Java$MethodDeclarator, <init>(Lorg/codehaus/janino/Location;Ljava/lang/String;SLorg/codehaus/janino/Java$Type;Ljava/lang/String;[Lorg/codehaus/janino/Java$FunctionDeclarator$FormalParameter;[Lorg/codehaus/janino/Java$Type;Lorg/codehaus/janino/Java$Block;)V >"
"< Application, Lorg/codehaus/janino/CodeContext$OffsetBranch, <init>(Lorg/codehaus/janino/CodeContext;Lorg/codehaus/janino/CodeContext$Offset;Lorg/codehaus/janino/CodeContext$Offset;Lorg/codehaus/janino/CodeContext$Offset;)V >"
"< Application, Lorg/dacapo/parser/Config$OutputFile, <init>(Lorg/dacapo/parser/Config;Ljava/lang/String;)V >"
"< Application, Lorg/codehaus/janino/Java$Atom, <init>(Lorg/codehaus/janino/Location;)V >"
"< Application, Lorg/codehaus/janino/ScriptEvaluator, <init>(Lorg/codehaus/janino/Scanner;Ljava/lang/Class;[Ljava/lang/String;[Ljava/lang/Class;[Ljava/lang/Class;Ljava/lang/ClassLoader;)V >"
"< Application, Lorg/codehaus/janino/tools/Disassembler$5, <init>(SLorg/codehaus/janino/tools/Disassembler;)V >"
"< Application, Lorg/sunflow/core/shader/TexturedWardShader, <init>()V >"
"< Application, Lorg/codehaus/janino/Java$LocalClassDeclaration, <init>(Lorg/codehaus/janino/Location;Ljava/lang/String;SLjava/lang/String;Lorg/codehaus/janino/Java$Type;[Lorg/codehaus/janino/Java$Type;)V >"
"< Application, Lorg/sunflow/core/ParameterList$Parameter, <init>([ILorg/sunflow/core/ParameterList$1;)V >"
"< Application, Lorg/sunflow/core/renderer/SimpleRenderer, <init>()V >"
"< Application, Lorg/codehaus/janino/util/iterator/ProducerIterator, <init>(Lorg/codehaus/janino/util/Producer;)V >"
"< Application, Lorg/codehaus/janino/Java$QualifiedThisReference, <init>(Lorg/codehaus/janino/Location;Lorg/codehaus/janino/Java$Type;)V >"
"< Application, Lorg/sunflow/core/photonmap/CausticPhotonMap$NearestPhotons, <init>(Lorg/sunflow/math/Point3;IF)V >"
"< Application, LSunflowGUI$30, <init>(LSunflowGUI;)V >"
"< Application, Lorg/dacapo/parser/Token, <init>()V >"
"< Application, Lorg/sunflow/core/shader/IDShader, <init>()V >"
"< Application, Lorg/sunflow/util/FastHashMap$EntryIterator, <init>(Lorg/sunflow/util/FastHashMap;Lorg/sunflow/util/FastHashMap$1;)V >"
"< Application, Lorg/codehaus/janino/Scanner$LiteralToken, <init>(Lorg/codehaus/janino/Scanner;Ljava/lang/Object;)V >"
"< Application, Lorg/codehaus/janino/Visitor, <init>()V >"
"< Application, Lorg/codehaus/janino/IClass$2, <init>(Lorg/codehaus/janino/IClass;Lorg/codehaus/janino/IClass;)V >"
"< Application, Lorg/sunflow/core/ParameterList$ParameterType, <init>(Ljava/lang/String;I)V >"
"< Application, Lorg/sunflow/RenderObjectMap$RenderObjectHandle, <init>(Lorg/sunflow/core/Shader;)V >"
"< Application, Lorg/codehaus/janino/util/ClassFile$CodeAttribute$ExceptionTableEntry, <init>(SSSS)V >"
"< Application, Lorg/sunflow/math/Point2, <init>(FF)V >"
"< Application, Lorg/sunflow/core/tesselatable/FileMesh, <init>()V >"
"< Application, Lorg/codehaus/janino/tools/Disassembler$20, <init>()V >"
"< Application, Lorg/codehaus/janino/util/MultiIterator, <init>([Ljava/util/Iterator;)V >"
"< Application, Lorg/codehaus/janino/IClass$IConstructor, <init>(Lorg/codehaus/janino/IClass;)V >"
"< Application, Lorg/sunflow/math/Point2, <init>(Lorg/sunflow/math/Point2;)V >"
"< Application, Lorg/codehaus/janino/SimpleCompiler, <init>()V >"
"< Application, Lorg/sunflow/image/Color, <init>()V >"
"< Application, Lorg/codehaus/janino/Java$BreakStatement, <init>(Lorg/codehaus/janino/Location;Ljava/lang/String;)V >"
"< Application, Lorg/codehaus/janino/ScriptEvaluator, <init>(Ljava/lang/String;Ljava/lang/Class;[Ljava/lang/String;[Ljava/lang/Class;[Ljava/lang/Class;)V >"
"< Application, Lorg/sunflow/core/ParameterList$FloatParameter, <init>(Lorg/sunflow/core/ParameterList$InterpolationType;[F)V >"
"< Application, Lorg/sunflow/core/ParameterList$Parameter, <init>(Lorg/sunflow/image/Color;Lorg/sunflow/core/ParameterList$1;)V >"
"< Application, Lorg/dacapo/harness/DacapoClassLoader, <init>([Ljava/net/URL;)V >"
"< Application, Lorg/apache/commons/cli/OptionBuilder, <init>()V >"
"< Application, Lorg/codehaus/janino/SimpleCompiler$2, <init>()V >"
"< Application, Lorg/sunflow/core/ParameterList$Parameter, <init>(ILorg/sunflow/core/ParameterList$1;)V >"
"< Application, Lorg/codehaus/janino/util/iterator/ReverseListIterator, <init>(Ljava/util/ListIterator;)V >"
"< Application, Lorg/codehaus/janino/ReflectionIClass$ReflectionIMethod, <init>(Lorg/codehaus/janino/ReflectionIClass;Ljava/lang/reflect/Method;)V >"
"< Application, Lorg/sunflow/core/ParameterList$Parameter, <init>(FLorg/sunflow/core/ParameterList$1;)V >"
"< Application, Lorg/codehaus/janino/UnitCompiler$4, <init>([ZLorg/codehaus/janino/UnitCompiler;)V >"
"< Application, Lorg/codehaus/janino/Java$InterfaceDeclaration, <init>(Lorg/codehaus/janino/Location;Ljava/lang/String;SLjava/lang/String;[Lorg/codehaus/janino/Java$Type;)V >"
"< Application, Lorg/codehaus/janino/util/ClassFile$ConstantNameAndTypeInfo, <init>(SS)V >"
"< Application, Lorg/sunflow/core/shader/MirrorShader, <init>()V >"
"< Application, Lorg/codehaus/janino/util/MultiIterator, <init>(Ljava/util/Collection;Ljava/lang/Object;)V >"
"< Application, Lorg/dacapo/parser/SimpleCharStream, <init>(Ljava/io/InputStream;III)V >"
"< Application, Lorg/sunflow/core/gi/InstantGI, <init>(Lorg/sunflow/core/Options;)V >"
"< Application, Lorg/codehaus/janino/tools/Disassembler$26, <init>()V >"
"< Application, Lorg/codehaus/janino/UnitCompiler$8$UCE, <init>(Lorg/codehaus/janino/CompileException;)V >"
"< Application, Lorg/dacapo/harness/CommandLineArgs$Methodology, <init>(Ljava/lang/String;I)V >"
"< Application, Lorg/codehaus/janino/Java$ThrowStatement, <init>(Lorg/codehaus/janino/Location;Lorg/codehaus/janino/Java$Rvalue;)V >"
"< Application, Lorg/sunflow/core/display/FileDisplay, <init>(Ljava/lang/String;)V >"
"< Application, Lorg/codehaus/janino/tools/Disassembler$17, <init>(Lorg/codehaus/janino/tools/Disassembler;)V >"
"< Application, Lorg/sunflow/core/Scene, <init>()V >"
"< Application, Lorg/codehaus/janino/tools/Disassembler$6, <init>(ILorg/codehaus/janino/tools/Disassembler;)V >"
"< Application, Lorg/codehaus/janino/util/MultiIterator, <init>(Ljava/util/Iterator;)V >"
"< Application, Lorg/codehaus/janino/ExpressionEvaluator$1, <init>(Ljava/util/Set;)V >"
"< Application, Lorg/sunflow/core/gi/FakeGIEngine, <init>(Lorg/sunflow/core/Options;)V >"
"< Application, Lorg/codehaus/janino/Parser$ClassDeclarationContext, <init>(Ljava/lang/String;)V >"
"< Application, LSunflowGUI$2, <init>(LSunflowGUI;)V >"
"< Application, Lorg/codehaus/janino/UnitCompiler$8, <init>(Lorg/codehaus/janino/CodeContext$Offset;ZLorg/codehaus/janino/UnitCompiler;)V >"
"< Application, Lorg/codehaus/janino/Scanner, <init>(Ljava/io/File;Ljava/lang/String;)V >"
"< Application, Lorg/codehaus/janino/util/ClassFile$SourceFileAttribute, <init>(SS)V >"
"< Application, Lorg/sunflow/core/display/ImgPipeDisplay, <init>()V >"
"< Application, LMMTkHarness, <init>()V >"
"< Application, Lorg/codehaus/janino/util/ClassFile$LineNumberTableAttribute$Entry, <init>(II)V >"
"< Application, Lorg/sunflow/util/FastHashMap$Entry, <init>(Ljava/lang/Object;Ljava/lang/Object;Lorg/sunflow/util/FastHashMap$1;)V >"
"< Application, Lorg/codehaus/janino/Java$RvalueMemberType, <init>(Lorg/codehaus/janino/Location;Lorg/codehaus/janino/Java$Rvalue;Ljava/lang/String;)V >"
"< Application, Lorg/sunflow/Benchmark, <init>()V >"
"< Application, Lorg/sunflow/image/Color, <init>(Lorg/sunflow/image/Color;)V >"
"< Application, Lorg/codehaus/janino/UnitCompiler$9, <init>([ILorg/codehaus/janino/UnitCompiler;)V >"
"< Application, Lorg/sunflow/core/parser/SCParser, <init>()V >"
"< Application, Lorg/codehaus/janino/tools/Disassembler$22, <init>()V >"
"< Application, Lorg/sunflow/core/shader/AnisotropicWardShader, <init>()V >"
"< Application, Lorg/codehaus/janino/util/ClassFile$1, <init>([BS)V >"
"< Application, Lorg/codehaus/janino/util/ClassFile$InnerClassesAttribute, <init>(S[Lorg/codehaus/janino/util/ClassFile$InnerClassesAttribute$Entry;)V >"
"< Application, Lorg/codehaus/janino/UnitCompiler$13$UCE, <init>(Lorg/codehaus/janino/CompileException;)V >"
"< Application, Lorg/dacapo/parser/Config$ThreadModel, <init>(Ljava/lang/String;ILjava/lang/String;)V >"
"< Application, Lorg/codehaus/janino/tools/JGrep$1$UCE, <init>(Lorg/codehaus/janino/CompileException;)V >"
"< Application, Lorg/codehaus/janino/UnitCompiler$15, <init>(Lorg/codehaus/janino/UnitCompiler;)V >"
"< Application, Lorg/codehaus/janino/util/resource/FileResourceFinder, <init>()V >"
"< Application, Lorg/codehaus/janino/Compiler, <init>([Ljava/io/File;[Ljava/io/File;[Ljava/io/File;[Ljava/io/File;Ljava/io/File;Ljava/lang/String;ZLorg/codehaus/janino/util/enumerator/EnumeratorSet;[Lorg/codehaus/janino/util/StringPattern;Z)V >"
"< Application, Lorg/sunflow/RenderObjectMap$RenderObjectHandle, <init>(Lorg/sunflow/core/LightSource;Lorg/sunflow/RenderObjectMap$1;)V >"
"< Application, Lorg/sunflow/core/light/DirectionalSpotlight, <init>()V >"
"< Application, Lorg/sunflow/image/Color, <init>(F)V >"
"< Application, Lorg/sunflow/core/renderer/BucketRenderer$BucketThread, <init>(Lorg/sunflow/core/renderer/BucketRenderer;I)V >"
"< Application, Lorg/sunflow/math/Vector3, <init>(FFF)V >"
"< Application, LSunflowGUI$9, <init>(LSunflowGUI;)V >"
"< Application, Lorg/apache/commons/cli/GnuParser, <init>()V >"
"< Application, Lorg/codehaus/janino/ScriptEvaluator, <init>(Ljava/lang/String;)V >"
"< Application, Lorg/codehaus/janino/Java$SimpleType, <init>(Lorg/codehaus/janino/Location;Lorg/codehaus/janino/IClass;)V >"
"< Application, Lorg/codehaus/janino/UnitCompiler$5$UCE, <init>(Lorg/codehaus/janino/CompileException;)V >"
"< Application, Lorg/codehaus/janino/util/iterator/DirectoryIterator, <init>(Ljava/io/File;Ljava/io/FilenameFilter;Ljava/io/FilenameFilter;)V >"
"< Application, Lorg/codehaus/janino/util/resource/ResourceFinder$1, <init>()V >"
"< Application, Lorg/codehaus/janino/samples/ScriptDemo, <init>()V >"
"< Application, Lorg/sunflow/core/renderer/ProgressiveRenderer$SmallBucketThread, <init>(Lorg/sunflow/core/renderer/ProgressiveRenderer;Lorg/sunflow/core/renderer/ProgressiveRenderer$1;)V >"
"< Application, Lorg/codehaus/janino/Java$Located, <init>(Lorg/codehaus/janino/Location;)V >"
"< Application, Lorg/codehaus/janino/tools/Disassembler$ConstantPoolInfo, <init>()V >"
"< Application, Lorg/codehaus/janino/Scanner$IdentifierToken, <init>(Lorg/codehaus/janino/Scanner;Lorg/codehaus/janino/Scanner$1;Ljava/lang/String;)V >"
"< Application, Lorg/codehaus/janino/util/iterator/TraversingIterator, <init>(Ljava/util/Iterator;)V >"
"< Application, Lorg/sunflow/core/primitive/Hair, <init>()V >"
"< Application, Lorg/codehaus/janino/Java$LabeledStatement, <init>(Lorg/codehaus/janino/Location;Ljava/lang/String;Lorg/codehaus/janino/Java$Statement;)V >"
"< Application, Lorg/codehaus/janino/util/MultiIterator, <init>([Ljava/lang/Object;)V >"
"< Application, Lorg/codehaus/janino/Java$SynchronizedStatement, <init>(Lorg/codehaus/janino/Location;Lorg/codehaus/janino/Java$Rvalue;Lorg/codehaus/janino/Java$BlockStatement;)V >"
"< Application, Lorg/sunflow/core/photonmap/CausticPhotonMap$Photon, <init>(Lorg/sunflow/math/Point3;Lorg/sunflow/math/Vector3;Lorg/sunflow/image/Color;)V >"
"< Application, Lorg/sunflow/core/gi/GIEngineFactory, <init>()V >"
"< Application, Lorg/codehaus/janino/Java$ForStatement, <init>(Lorg/codehaus/janino/Location;Lorg/codehaus/janino/Java$BlockStatement;Lorg/codehaus/janino/Java$Rvalue;[Lorg/codehaus/janino/Java$Rvalue;Lorg/codehaus/janino/Java$BlockStatement;)V >"
"< Application, Lorg/codehaus/janino/tools/Disassembler$Instruction, <init>(Ljava/lang/String;[Lorg/codehaus/janino/tools/Disassembler$Operand;)V >"
"< Application, Lorg/dacapo/parser/ConfigFileTokenManager, <init>(Lorg/dacapo/parser/SimpleCharStream;I)V >"
"< Application, Lorg/codehaus/janino/ReflectionIClass, <init>(Ljava/lang/Class;Lorg/codehaus/janino/IClassLoader;)V >"
"< Application, Lorg/sunflow/core/primitive/BanchoffSurface, <init>()V >"
"< Application, Lorg/codehaus/janino/Scanner$OperatorToken, <init>(Lorg/codehaus/janino/Scanner;Lorg/codehaus/janino/Scanner$1;Ljava/lang/String;)V >"
"< Application, Lorg/codehaus/janino/util/enumerator/EnumeratorSetTypeException, <init>()V >"
"< Application, LSunflowGUI$29, <init>(LSunflowGUI;)V >"
"< Application, Lorg/codehaus/janino/tools/Disassembler$8, <init>(JLorg/codehaus/janino/tools/Disassembler;)V >"
"< Application, Lorg/codehaus/janino/UnitCompiler$SimpleIField, <init>(Lorg/codehaus/janino/IClass;Ljava/lang/String;Lorg/codehaus/janino/IClass;)V >"
"< Application, Lorg/codehaus/janino/ReflectionIClass$1, <init>(Lorg/codehaus/janino/ReflectionIClass;Lorg/codehaus/janino/IClass;)V >"
"< Application, Lorg/sunflow/core/filter/CatmullRomFilter, <init>()V >"
"< Application, LSunflowGUI$12, <init>(LSunflowGUI;)V >"
"< Application, Lorg/sunflow/core/AccelerationStructureFactory, <init>()V >"
"< Application, Lorg/sunflow/core/accel/KDTree$BuildStats, <init>()V >"
"< Application, Lorg/sunflow/core/renderer/ProgressiveRenderer$SmallBucket, <init>()V >"
"< Application, Lorg/sunflow/core/bucket/SpiralBucketOrder, <init>()V >"
"< Application, Lorg/dacapo/parser/ParseException, <init>()V >"
"< Application, Lorg/sunflow/util/FastHashMap$EntryIterator, <init>(Lorg/sunflow/util/FastHashMap;)V >"
"< Application, Lorg/sunflow/math/Matrix4, <init>()V >"
"< Application, Lorg/sunflow/core/bucket/DiagonalBucketOrder, <init>()V >"
"< Application, Lorg/codehaus/janino/UnitCompiler$2, <init>(Lorg/codehaus/janino/UnitCompiler;)V >"
"< Application, Lorg/codehaus/janino/Java$Literal, <init>(Lorg/codehaus/janino/Location;Ljava/lang/Object;)V >"
"< Application, Lorg/codehaus/janino/util/ClassFile$FieldInfo, <init>(SSSLjava/util/List;)V >"
"< Application, Lorg/sunflow/core/accel/BoundingIntervalHierarchy$BuildStats, <init>()V >"
"< Application, Lorg/codehaus/janino/Java$MemberClassDeclaration, <init>(Lorg/codehaus/janino/Location;Ljava/lang/String;SLjava/lang/String;Lorg/codehaus/janino/Java$Type;[Lorg/codehaus/janino/Java$Type;)V >"
"< Application, Lorg/sunflow/image/Bitmap, <init>(Ljava/lang/String;Z)V >"
"< Application, LSunflowGUI$3, <init>(LSunflowGUI;)V >"
"< Application, Lorg/codehaus/janino/Access, <init>(Ljava/lang/String;)V >"
"< Application, Lorg/sunflow/core/shader/ViewIrradianceShader, <init>()V >"
"< Application, Lorg/codehaus/janino/Java$Crement, <init>(Lorg/codehaus/janino/Location;Ljava/lang/String;Lorg/codehaus/janino/Java$Lvalue;)V >"
"< Application, Lorg/codehaus/janino/Java$UnaryOperation, <init>(Lorg/codehaus/janino/Location;Ljava/lang/String;Lorg/codehaus/janino/Java$Rvalue;)V >"
"< Application, Lorg/codehaus/janino/Java$SwitchStatement, <init>(Lorg/codehaus/janino/Location;Lorg/codehaus/janino/Java$Rvalue;Ljava/util/List;)V >"
"< Application, Lorg/codehaus/janino/Java$CompilationUnit$SingleTypeImportDeclaration, <init>(Lorg/codehaus/janino/Location;[Ljava/lang/String;)V >"
"< Application, Lorg/codehaus/janino/Java$FieldAccessExpression, <init>(Lorg/codehaus/janino/Location;Lorg/codehaus/janino/Java$Atom;Ljava/lang/String;)V >"
"< Application, Lorg/codehaus/janino/Scanner$Token, <init>(Lorg/codehaus/janino/Scanner;)V >"
"< Application, Lorg/sunflow/math/QMC, <init>()V >"
"< Application, Lorg/codehaus/janino/UnitCompiler$19, <init>(Lorg/codehaus/janino/Java$Rvalue;Lorg/codehaus/janino/Java$Locatable;Lorg/codehaus/janino/UnitCompiler;)V >"
"< Application, LSunflowGUI$21, <init>(LSunflowGUI;)V >"
"< Application, Lorg/codehaus/janino/tools/Disassembler$SourceRelatedAttributeInfo, <init>()V >"
"< Application, Lorg/codehaus/janino/util/enumerator/EnumeratorSet, <init>(Ljava/lang/Class;Ljava/lang/String;Ljava/lang/String;)V >"
"< Application, Lorg/sunflow/math/MathUtils, <init>()V >"
"< Application, Lorg/codehaus/janino/util/iterator/UniterableElementException, <init>()V >"
"< Application, Lorg/sunflow/core/Camera, <init>(Lorg/sunflow/core/CameraLens;)V >"
"< Application, Lorg/codehaus/janino/Java$AnonymousClassDeclaration, <init>(Lorg/codehaus/janino/Location;Lorg/codehaus/janino/Java$Type;)V >"
"< Application, Lorg/codehaus/janino/util/ClassFile$ExceptionsAttribute, <init>(S[S)V >"
"< Application, Lorg/sunflow/system/Parser, <init>(Ljava/lang/String;)V >"
"< Application, Lorg/sunflow/core/shader/DiffuseShader, <init>()V >"
"< Application, Lorg/sunflow/image/Bitmap, <init>(IIZ)V >"
"< Application, Lorg/sunflow/core/InstanceList, <init>()V >"
"< Application, Lorg/codehaus/janino/Java$ThisReference, <init>(Lorg/codehaus/janino/Location;)V >"
"< Application, Lorg/codehaus/janino/util/Benchmark, <init>(Z)V >"
"< Application, Lorg/codehaus/janino/tools/HprofScrubber$Sample, <init>(II)V >"
"< Application, Lorg/codehaus/janino/tools/Disassembler, <init>()V >"
"< Application, Lorg/codehaus/janino/tools/Disassembler$12, <init>(SLorg/codehaus/janino/tools/Disassembler;)V >"
"< Application, Lorg/codehaus/janino/util/resource/PathResourceFinder$1, <init>(Ljava/util/Iterator;)V >"
"< Application, Lorg/codehaus/janino/tools/HprofScrubber$1, <init>()V >"
"< Application, Lorg/dacapo/harness/Matcher, <init>(Ljava/lang/String;Ljava/lang/String;)V >"
"< Application, LSunflowGUI$4, <init>(LSunflowGUI;)V >"
"< Application, Lorg/codehaus/janino/util/ClassFile$ConstantFieldrefInfo, <init>(SS)V >"
"< Application, Lorg/sunflow/core/gi/IrradianceCacheGIEngine$Sample, <init>(Lorg/sunflow/math/Point3;Lorg/sunflow/math/Vector3;)V >"
"< Application, Lorg/sunflow/image/SpectralCurve, <init>()V >"
"< Application, Lorg/sunflow/core/renderer/ProgressiveRenderer, <init>()V >"
"< Application, Lorg/sunflow/core/shader/UVShader, <init>()V >"
"< Application, Lorg/sunflow/core/LightServer$CacheEntry, <init>(Lorg/sunflow/core/LightServer$1;)V >"
"< Application, Lorg/codehaus/janino/UnitCompiler$6$UCE, <init>(Lorg/codehaus/janino/CompileException;)V >"
"< Application, Lorg/apache/commons/cli/Parser, <init>()V >"
"< Application, Lorg/sunflow/core/light/ImageBasedLight, <init>()V >"
"< Application, Lorg/codehaus/janino/Java$Cast, <init>(Lorg/codehaus/janino/Location;Lorg/codehaus/janino/Java$Type;Lorg/codehaus/janino/Java$Rvalue;)V >"
"< Application, Lorg/sunflow/core/renderer/ProgressiveRenderer$SmallBucketThread, <init>(Lorg/sunflow/core/renderer/ProgressiveRenderer;)V >"
"< Application, Lorg/codehaus/janino/util/CausedException, <init>(Ljava/lang/Throwable;)V >"
"< Application, Lorg/codehaus/janino/JavaSourceClassLoader, <init>(Ljava/lang/ClassLoader;[Ljava/io/File;Ljava/lang/String;Lorg/codehaus/janino/util/enumerator/EnumeratorSet;)V >"
"< Application, Lorg/codehaus/janino/ClassBodyEvaluator, <init>(Lorg/codehaus/janino/Scanner;Ljava/lang/ClassLoader;)V >"
"< Application, Lorg/codehaus/janino/util/resource/MapResourceFinder$1, <init>([BLjava/lang/String;Lorg/codehaus/janino/util/resource/MapResourceFinder;)V >"
"< Application, LSunflowGUI$6, <init>(LSunflowGUI;)V >"
"< Application, Lorg/codehaus/janino/CompileException, <init>(Ljava/lang/String;Lorg/codehaus/janino/Location;)V >"
"< Application, Lorg/codehaus/janino/ScriptEvaluator$1, <init>(Ljava/util/Set;Ljava/util/Set;)V >"
"< Application, Lorg/codehaus/janino/Java$ContinuableStatement, <init>(Lorg/codehaus/janino/Location;)V >"
"< Application, Lorg/sunflow/core/photonmap/GridPhotonMap$PhotonGroup, <init>(Lorg/sunflow/core/photonmap/GridPhotonMap;ILorg/sunflow/math/Vector3;)V >"
"< Application, Lorg/codehaus/janino/tools/Disassembler$LineNumberTableAttribute, <init>(Lorg/codehaus/janino/tools/Disassembler;[S)V >"
"< Application, Lorg/codehaus/janino/util/StringPattern, <init>(Ljava/lang/String;)V >"
"< Application, Lorg/codehaus/janino/Java$ArrayInitializer, <init>(Lorg/codehaus/janino/Location;[Lorg/codehaus/janino/Java$ArrayInitializerOrRvalue;)V >"
"< Application, LSunflowGUI$SceneTransferHandler, <init>(LSunflowGUI;)V >"
"< Application, Lorg/codehaus/janino/tools/JGrep$3, <init>([Lorg/codehaus/janino/util/StringPattern;)V >"
"< Application, Lorg/dacapo/harness/ChordHarness, <init>(Ljava/io/InputStream;)V >"
"< Application, Lorg/codehaus/janino/MethodDescriptor, <init>(Ljava/lang/String;)V >"
"< Application, Lorg/sunflow/core/filter/FilterFactory, <init>()V >"
"< Application, Lorg/sunflow/RenderObjectMap$RenderObjectHandle, <init>(Lorg/sunflow/core/Modifier;)V >"
"< Application, Lorg/codehaus/janino/tools/Disassembler$11, <init>(S[Lorg/codehaus/janino/tools/Disassembler$AttributeInfo;SSLorg/codehaus/janino/tools/Disassembler;)V >"
"< Application, Lorg/codehaus/janino/Java$PackageMemberClassDeclaration, <init>(Lorg/codehaus/janino/Location;Ljava/lang/String;SLjava/lang/String;Lorg/codehaus/janino/Java$Type;[Lorg/codehaus/janino/Java$Type;)V >"
"< Application, Lorg/dacapo/harness/DacapoException, <init>(Ljava/lang/String;)V >"
"< Application, Lorg/dacapo/parser/ParseException, <init>(Ljava/lang/String;)V >"
"< Application, Lorg/codehaus/janino/Java$LocalVariableAccess, <init>(Lorg/codehaus/janino/Location;Lorg/codehaus/janino/Java$LocalVariable;)V >"
"< Application, Lorg/sunflow/core/camera/SphericalLens, <init>()V >"
"< Application, Lorg/sunflow/math/PerlinVector, <init>()V >"
"< Application, Lorg/codehaus/janino/util/CausedException, <init>(Ljava/lang/String;Ljava/lang/Throwable;)V >"
"< Application, Lorg/sunflow/core/ParameterList$Parameter, <init>([Ljava/lang/String;)V >"
"< Application, LSunflowGUI$1, <init>(LSunflowGUI;)V >"
"< Application, Lorg/codehaus/janino/CodeContext$Inserter, <init>(Lorg/codehaus/janino/CodeContext;)V >"
"< Application, Lorg/codehaus/janino/Parser, <init>(Lorg/codehaus/janino/Scanner;)V >"
"< Application, Lorg/sunflow/image/Color, <init>(I)V >"
"< Application, Lorg/sunflow/image/BlackbodySpectrum, <init>(F)V >"
"< Application, Lorg/codehaus/janino/UnitCompiler$11$UCE, <init>(Lorg/codehaus/janino/CompileException;)V >"
"< Application, Lorg/codehaus/janino/util/AutoIndentWriter, <init>(Ljava/io/Writer;)V >"
"< Application, Lorg/codehaus/janino/util/resource/MapResourceCreator, <init>(Ljava/util/Map;)V >"
"< Application, Lorg/codehaus/janino/Scanner$KeywordToken, <init>(Lorg/codehaus/janino/Scanner;Ljava/lang/String;)V >"
"< Application, Lorg/codehaus/janino/CodeContext, <init>(Lorg/codehaus/janino/util/ClassFile;)V >"
"< Application, Lorg/sunflow/core/gi/InstantGI$PointLightStore, <init>(Lorg/sunflow/core/gi/InstantGI;Lorg/sunflow/core/gi/InstantGI$1;)V >"
"< Application, Lorg/codehaus/janino/Java$1, <init>(Lorg/codehaus/janino/Java$BlockStatement;)V >"
"< Application, Lorg/codehaus/janino/Descriptor, <init>()V >"
"< Application, Lorg/codehaus/janino/util/ClassFile$ConstantDoubleInfo, <init>(D)V >"
"< Application, Lorg/dacapo/parser/Token, <init>(I)V >"
"< Application, Lorg/codehaus/janino/util/resource/PathResourceFinder, <init>(Ljava/lang/String;)V >"
"< Application, Lorg/codehaus/janino/util/ClassFile$ConstantMethodrefInfo, <init>(SS)V >"
"< Application, Lorg/sunflow/core/ParameterList$Parameter, <init>([I)V >"
"< Application, Lorg/codehaus/janino/tools/Disassembler$10, <init>(SSLorg/codehaus/janino/tools/Disassembler;)V >"
"< Application, Lorg/sunflow/core/shader/TexturedDiffuseShader, <init>()V >"
"< Application, Lorg/dacapo/harness/DacapoClassLoader, <init>([Ljava/net/URL;Ljava/lang/ClassLoader;)V >"
"< Application, Lorg/codehaus/janino/ScriptEvaluator, <init>(Ljava/lang/String;Ljava/lang/Class;)V >"
"< Application, Lorg/sunflow/core/parser/ShaveRibParser, <init>()V >"
"< Application, Lorg/codehaus/janino/Java$EmptyStatement, <init>(Lorg/codehaus/janino/Location;)V >"
"< Application, Lorg/codehaus/janino/Java$AmbiguousName, <init>(Lorg/codehaus/janino/Location;[Ljava/lang/String;)V >"
"< Application, Lorg/sunflow/system/SearchPath, <init>(Ljava/lang/String;)V >"
"< Application, Lorg/sunflow/system/ui/SilentInterface, <init>()V >"
"< Application, Lorg/dacapo/parser/SimpleCharStream, <init>(Ljava/io/InputStream;Ljava/lang/String;)V >"
"< Application, Lorg/codehaus/janino/Java$ConstantValue, <init>(Lorg/codehaus/janino/Location;Ljava/lang/Object;)V >"
"< Application, Lorg/sunflow/core/display/FileDisplay, <init>(Z)V >"
"< Application, Lorg/sunflow/system/Parser$ParserException, <init>(Ljava/lang/String;Ljava/lang/String;Lorg/sunflow/system/Parser$1;)V >"
"< Application, Lorg/dacapo/harness/Slice, <init>()V >"
"< Application, Lorg/sunflow/RenderObjectMap$RenderObjectHandle, <init>(Lorg/sunflow/core/PrimitiveList;Lorg/sunflow/RenderObjectMap$1;)V >"
"< Application, Lorg/codehaus/janino/util/resource/JarDirectoriesResourceFinder, <init>([Ljava/io/File;)V >"
"< Application, Lorg/sunflow/image/ChromaticitySpectrum, <init>(FF)V >"
"< Application, Lorg/codehaus/janino/Java$ArrayAccessExpression, <init>(Lorg/codehaus/janino/Location;Lorg/codehaus/janino/Java$Rvalue;Lorg/codehaus/janino/Java$Rvalue;)V >"
"< Application, Lorg/sunflow/core/ParameterList$Parameter, <init>(Ljava/lang/String;)V >"
"< Application, Lorg/codehaus/janino/UnitCompiler$5, <init>(Lorg/codehaus/janino/CodeContext;SS)V >"
"< Application, Lorg/sunflow/core/ParameterList$Parameter, <init>(F)V >"
"< Application, Lorg/dacapo/parser/Token, <init>(ILjava/lang/String;)V >"
"< Application, Lorg/codehaus/janino/tools/Disassembler$4, <init>(SSLorg/codehaus/janino/tools/Disassembler;)V >"
"< Application, Lorg/codehaus/janino/FilterWarningHandler, <init>([Lorg/codehaus/janino/util/StringPattern;Lorg/codehaus/janino/WarningHandler;)V >"
"< Application, Lorg/sunflow/core/primitive/TriangleMesh$WaldTriangle, <init>(Lorg/sunflow/core/primitive/TriangleMesh;ILorg/sunflow/core/primitive/TriangleMesh$1;)V >"
"< Application, Lorg/dacapo/harness/Callback$Mode, <init>(Ljava/lang/String;I)V >"
"< Application, Lorg/dacapo/parser/SimpleCharStream, <init>(Ljava/io/InputStream;Ljava/lang/String;II)V >"
"< Application, Lorg/codehaus/janino/Java, <init>()V >"
"< Application, Lorg/sunflow/core/shader/TexturedShinyDiffuseShader, <init>()V >"
"< Application, Lorg/sunflow/core/IntersectionState$StackNode, <init>()V >"
"< Application, Lorg/codehaus/janino/util/resource/PathResourceFinder, <init>([Ljava/io/File;)V >"
"< Application, Lorg/codehaus/janino/Scanner$ScanException, <init>(Lorg/codehaus/janino/Scanner;Ljava/lang/String;Ljava/lang/Throwable;)V >"
"< Application, Lorg/codehaus/janino/Java$Invocation, <init>(Lorg/codehaus/janino/Location;[Lorg/codehaus/janino/Java$Rvalue;)V >"
"< Application, Lorg/sunflow/math/BoundingBox, <init>(FFF)V >"
"< Application, Lorg/codehaus/janino/UnitCompiler$20, <init>(Lorg/codehaus/janino/Java$Locatable;Ljava/lang/String;Lorg/codehaus/janino/UnitCompiler;)V >"
"< Application, Lorg/codehaus/janino/Java$ClassDeclaration, <init>(Lorg/codehaus/janino/Location;S)V >"
"< Application, Lorg/codehaus/janino/util/MultiIterator, <init>(Ljava/util/Collection;)V >"
"< Application, Lorg/apache/commons/cli/CommandLine, <init>()V >"
"< Application, Lorg/codehaus/janino/Java$ReferenceType, <init>(Lorg/codehaus/janino/Location;[Ljava/lang/String;)V >"
"< Application, Lorg/sunflow/core/gi/IrradianceCacheGIEngine, <init>(Lorg/sunflow/core/Options;)V >"
"< Application, Lorg/codehaus/janino/Java$PackageMemberInterfaceDeclaration, <init>(Lorg/codehaus/janino/Location;Ljava/lang/String;SLjava/lang/String;[Lorg/codehaus/janino/Java$Type;)V >"
"< Application, Lorg/codehaus/janino/Java$LocalVariableDeclarationStatement, <init>(Lorg/codehaus/janino/Location;SLorg/codehaus/janino/Java$Type;[Lorg/codehaus/janino/Java$VariableDeclarator;)V >"
"< Application, Lorg/sunflow/core/display/FrameDisplay, <init>(Ljava/lang/String;)V >"
"< Application, Lorg/codehaus/janino/Scanner$KeywordToken, <init>(Lorg/codehaus/janino/Scanner;Lorg/codehaus/janino/Scanner$1;Ljava/lang/String;)V >"
"< Application, Lorg/codehaus/janino/tools/Disassembler$24, <init>()V >"
"< Application, Lorg/sunflow/core/photonmap/GlobalPhotonMap$NearestPhotons, <init>(Lorg/sunflow/math/Point3;IF)V >"
"< Application, Lorg/codehaus/janino/Scanner$IdentifierToken, <init>(Lorg/codehaus/janino/Scanner;Ljava/lang/String;)V >"
"< Application, Lorg/sunflow/core/renderer/ProgressiveRenderer$SmallBucket, <init>(Lorg/sunflow/core/renderer/ProgressiveRenderer$1;)V >"
"< Application, Lorg/codehaus/janino/util/MultiIterator$1, <init>()V >"
"< Application, Lorg/dacapo/parser/SimpleCharStream, <init>(Ljava/io/InputStream;)V >"
"< Application, Lorg/codehaus/janino/tools/JGrep$JGrepIClassLoader, <init>(Lorg/codehaus/janino/tools/JGrep;Lorg/codehaus/janino/IClassLoader;)V >"
"< Application, Lorg/sunflow/core/filter/TriangleFilter, <init>(F)V >"
"< Application, Lorg/sunflow/core/LightSample, <init>()V >"
"< Application, Lorg/sunflow/core/photonmap/GlobalPhotonMap, <init>(IIF)V >"
"< Application, Lorg/codehaus/janino/ClassLoaderIClassLoader, <init>(Ljava/lang/ClassLoader;)V >"
"< Application, Lorg/codehaus/janino/Java$Package, <init>(Lorg/codehaus/janino/Location;Ljava/lang/String;)V >"
"< Application, Lorg/sunflow/RenderObjectMap$RenderObjectHandle, <init>(Lorg/sunflow/core/PrimitiveList;)V >"
"< Application, Lorg/codehaus/janino/util/LocatedException, <init>(Ljava/lang/String;Lorg/codehaus/janino/Location;)V >"
"< Application, Lorg/dacapo/parser/SimpleCharStream, <init>(Ljava/io/InputStream;II)V >"
"< Application, Lorg/sunflow/core/ParameterList$Parameter, <init>(Ljava/lang/String;Lorg/sunflow/core/ParameterList$1;)V >"
"< Application, Lorg/apache/commons/cli/PosixParser, <init>()V >"
"< Application, Lorg/codehaus/janino/util/Benchmark, <init>()V >"
"< Application, Lorg/codehaus/janino/Java$BasicType, <init>(Lorg/codehaus/janino/Location;I)V >"
"< Application, Lorg/codehaus/janino/Compiler, <init>(Lorg/codehaus/janino/util/resource/ResourceFinder;Lorg/codehaus/janino/IClassLoader;Lorg/codehaus/janino/util/resource/ResourceFinder;Lorg/codehaus/janino/util/resource/ResourceCreator;Ljava/lang/String;ZLorg/codehaus/janino/util/enumerator/EnumeratorSet;Lorg/codehaus/janino/WarningHandler;)V >"
"< Application, Lorg/sunflow/core/gi/InstantGI$PointLight, <init>()V >"
"< Application, Lorg/codehaus/janino/util/iterator/TransformingIterator, <init>(Ljava/util/Iterator;)V >"
"< Application, Lorg/codehaus/janino/util/enumerator/EnumeratorFormatException, <init>(Ljava/lang/String;)V >"
"< Application, Lorg/codehaus/janino/UnitCompiler$3$UCE, <init>(Lorg/codehaus/janino/CompileException;)V >"
"< Application, Lorg/codehaus/janino/util/CausedException, <init>()V >"
"< Application, Lorg/codehaus/janino/tools/JGrep, <init>([Ljava/io/File;[Ljava/io/File;[Ljava/io/File;Ljava/lang/String;Z)V >"
"< Application, Lorg/sunflow/core/photonmap/CausticPhotonMap, <init>(Lorg/sunflow/core/Options;)V >"
"< Application, Lorg/codehaus/janino/ScriptEvaluator, <init>(Ljava/lang/String;Ljava/io/InputStream;Ljava/lang/Class;[Ljava/lang/String;[Ljava/lang/Class;[Ljava/lang/Class;Ljava/lang/ClassLoader;)V >"
"< Application, Lorg/sunflow/core/ParameterList$Parameter, <init>(Lorg/sunflow/image/Color;)V >"
"< Application, LSunflowGUI$19, <init>(LSunflowGUI;)V >"
"< Application, Lorg/sunflow/core/accel/KDTree$BuildTask, <init>(I)V >"
"< Application, Lorg/codehaus/janino/Java$ExpressionStatement, <init>(Lorg/codehaus/janino/Java$Rvalue;)V >"
"< Application, Lorg/codehaus/janino/util/MultiIterator, <init>(Ljava/util/Iterator;Ljava/lang/Object;)V >"
"< Application, Lorg/sunflow/core/Ray, <init>(Lorg/sunflow/math/Point3;Lorg/sunflow/math/Vector3;)V >"
"< Application, Lorg/sunflow/math/BoundingBox, <init>()V >"
"< Application, Lorg/sunflow/core/ParameterList$Parameter, <init>(Z)V >"
"< Application, Lorg/codehaus/janino/tools/Disassembler$9, <init>(DLorg/codehaus/janino/tools/Disassembler;)V >"
"< Application, Lorg/codehaus/janino/SimpleCompiler, <init>(Ljava/lang/String;)V >"
"< Application, Lorg/sunflow/math/OrthoNormalBasis, <init>()V >"
"< Application, Lorg/codehaus/janino/tools/Disassembler$31, <init>()V >"
"< Application, Lorg/dacapo/harness/FileDigest, <init>()V >"
"< Application, Lorg/dacapo/parser/ConfigFile, <init>(Ljava/io/InputStream;)V >"
"< Application, Lorg/codehaus/janino/util/ClassFile$ConstantClassInfo, <init>(S)V >"
"< Application, Lorg/codehaus/janino/tools/JGrep$MethodInvocationTarget, <init>()V >"
"< Application, LSunflowGUI$25, <init>(LSunflowGUI;Ljava/lang/String;)V >"
"< Application, Lorg/sunflow/core/primitive/TriangleMesh$BakingSurface, <init>(Lorg/sunflow/core/primitive/TriangleMesh;Lorg/sunflow/core/primitive/TriangleMesh$1;)V >"
"< Application, Lorg/codehaus/janino/ScriptEvaluator$1$MethodWrapper, <init>(Ljava/lang/String;[Ljava/lang/Class;)V >"
"< Application, Lorg/codehaus/janino/util/iterator/IteratorCollection, <init>(Ljava/util/Iterator;)V >"
"< Application, Lorg/codehaus/janino/util/enumerator/Enumerator, <init>(Ljava/lang/String;)V >"
"< Application, Lorg/apache/commons/cli/HelpFormatter$OptionComparator, <init>(Lorg/apache/commons/cli/HelpFormatter$1;)V >"
"< Application, Lorg/codehaus/janino/UnitCompiler$14, <init>(Lorg/codehaus/janino/IClass;Lorg/codehaus/janino/UnitCompiler;)V >"
"< Application, Lorg/codehaus/janino/UnitCompiler$1$UCE, <init>(Lorg/codehaus/janino/CompileException;)V >"
"< Application, Lorg/codehaus/janino/CodeContext$LineNumberOffset, <init>(Lorg/codehaus/janino/CodeContext;II)V >"
"< Application, Lorg/codehaus/janino/util/iterator/IteratorCollection$1, <init>(Lorg/codehaus/janino/util/iterator/IteratorCollection;)V >"
"< Application, Lorg/codehaus/janino/UnitCompiler$2$UCE, <init>(Lorg/codehaus/janino/CompileException;)V >"
"< Application, Lorg/sunflow/core/ParameterList$InterpolationType, <init>(Ljava/lang/String;I)V >"
"< Application, Lorg/dacapo/harness/Callback, <init>(Lorg/dacapo/harness/CommandLineArgs;)V >"
"< Application, Lorg/sunflow/core/shader/PrimIDShader, <init>()V >"
"< Application, Lorg/sunflow/core/display/FastDisplay, <init>()V >"
"< Application, Lorg/apache/commons/cli/PatternOptionBuilder, <init>()V >"
"< Application, Lorg/codehaus/janino/ScriptEvaluator, <init>(Ljava/lang/String;Ljava/lang/Class;[Ljava/lang/String;[Ljava/lang/Class;)V >"
"< Application, Lorg/dacapo/parser/TokenMgrError, <init>(Ljava/lang/String;I)V >"
"< Application, Lorg/sunflow/system/RenderGlobalsPanel, <init>()V >"
"< Application, Lorg/apache/commons/cli/HelpFormatter$OptionComparator, <init>()V >"
"< Application, Lorg/sunflow/core/accel/KDTree$BuildTask, <init>(ILorg/sunflow/core/accel/KDTree$BuildTask;)V >"
"< Application, Lorg/codehaus/janino/util/resource/JarDirectoriesResourceFinder$2, <init>()V >"
"< Application, Lorg/sunflow/core/camera/PinholeLens, <init>()V >"
"< Application, Lorg/codehaus/janino/Java$EnclosingScopeOfTypeDeclaration, <init>(Lorg/codehaus/janino/Java$TypeDeclaration;)V >"
"< Application, Lorg/sunflow/core/parser/RA3Parser, <init>()V >"
"< Application, Lorg/sunflow/RenderObjectMap$RenderObjectHandle, <init>(Lorg/sunflow/core/Instance;Lorg/sunflow/RenderObjectMap$1;)V >"
"< Application, Lorg/sunflow/core/primitive/TriangleMesh$WaldTriangle, <init>(Lorg/sunflow/core/primitive/TriangleMesh;I)V >"
"< Application, Lorg/codehaus/janino/Java$CompilationUnit$TypeImportOnDemandDeclaration, <init>(Lorg/codehaus/janino/Location;[Ljava/lang/String;)V >"
"< Application, Lorg/sunflow/core/gi/IrradianceCacheGIEngine$Node, <init>(Lorg/sunflow/core/gi/IrradianceCacheGIEngine;Lorg/sunflow/math/Point3;F)V >"
"< Application, Lorg/sunflow/image/XYZColor, <init>(FFF)V >"
"< Application, Lorg/sunflow/core/ShadingState$LightSampleIterator, <init>(Lorg/sunflow/core/LightSample;)V >"
"< Application, Lorg/codehaus/janino/samples/ClassBodyDemo, <init>()V >"
"< Application, Lorg/sunflow/RenderObjectMap, <init>()V >"
"< Application, Lorg/codehaus/janino/util/TeeReader, <init>(Ljava/io/Reader;Ljava/io/Writer;Z)V >"
"< Application, Lorg/sunflow/core/TextureCache, <init>()V >"
"< Application, Lorg/codehaus/janino/UnitCompiler$7, <init>(Lorg/codehaus/janino/UnitCompiler;)V >"
"< Application, Lorg/codehaus/janino/util/iterator/MultiDimensionalIterator, <init>(Ljava/util/Iterator;I)V >"
"< Application, Lorg/codehaus/janino/Java$NewClassInstance, <init>(Lorg/codehaus/janino/Location;Lorg/codehaus/janino/Java$Rvalue;Lorg/codehaus/janino/Java$Type;[Lorg/codehaus/janino/Java$Rvalue;)V >"
"< Application, Lorg/codehaus/janino/Scanner, <init>(Ljava/lang/String;Ljava/io/InputStream;)V >"
"< Application, Lorg/sunflow/core/renderer/BucketRenderer$ImageSample, <init>(FFI)V >"
"< Application, Lorg/sunflow/math/Vector3, <init>()V >"
"< Application, Lorg/codehaus/janino/Java$ParenthesizedExpression, <init>(Lorg/codehaus/janino/Location;Lorg/codehaus/janino/Java$Rvalue;)V >"
"< Application, Lorg/codehaus/janino/Java$Rvalue, <init>(Lorg/codehaus/janino/Location;)V >"
"< Application, Lorg/codehaus/janino/util/enumerator/EnumeratorSet, <init>(Ljava/lang/Class;Ljava/lang/String;)V >"
"< Application, Lorg/apache/commons/cli/Option, <init>(Ljava/lang/String;ZLjava/lang/String;)V >"
"< Application, Lorg/codehaus/janino/Java$BreakableStatement, <init>(Lorg/codehaus/janino/Location;)V >"
"< Application, Lorg/codehaus/janino/Java$VariableDeclarator, <init>(Lorg/codehaus/janino/Location;Ljava/lang/String;ILorg/codehaus/janino/Java$ArrayInitializerOrRvalue;)V >"
"< Application, Lorg/codehaus/janino/IClass$1, <init>(Lorg/codehaus/janino/IClass;Lorg/codehaus/janino/IClass;)V >"
"< Application, Lorg/codehaus/janino/CachingJavaSourceClassLoader, <init>(Ljava/lang/ClassLoader;Lorg/codehaus/janino/util/resource/ResourceFinder;Ljava/lang/String;Lorg/codehaus/janino/util/resource/ResourceFinder;Lorg/codehaus/janino/util/resource/ResourceCreator;Lorg/codehaus/janino/util/enumerator/EnumeratorSet;)V >"
"< Application, Lorg/codehaus/janino/SimpleCompiler, <init>(Ljava/lang/String;Ljava/io/InputStream;)V >"
"< Application, Lorg/codehaus/janino/ByteArrayClassLoader, <init>(Ljava/util/Map;Ljava/lang/ClassLoader;)V >"
"< Application, Lorg/sunflow/core/display/FrameDisplay$RenderFrame, <init>()V >"
"< Application, Lorg/codehaus/janino/UnitCompiler, <init>(Lorg/codehaus/janino/Java$CompilationUnit;Lorg/codehaus/janino/IClassLoader;)V >"
"< Application, Lorg/codehaus/janino/ClassBodyEvaluator, <init>()V >"
"< Application, Lorg/sunflow/core/primitive/QuadMesh, <init>()V >"
"< Application, Lorg/sunflow/math/BoundingBox, <init>(Lorg/sunflow/math/Point3;)V >"
"< Application, Lorg/codehaus/janino/tools/JGrep, <init>(Lorg/codehaus/janino/IClassLoader;Ljava/lang/String;Z)V >"
"< Application, Lorg/sunflow/core/light/PointLight, <init>()V >"
"< Application, Lorg/sunflow/core/shader/GlassShader, <init>()V >"
"< Application, Lorg/codehaus/janino/util/MultiIterator, <init>(Ljava/lang/Object;Ljava/util/Iterator;)V >"
"< Application, Lorg/sunflow/core/tesselatable/Gumbo, <init>()V >"
"< Application, LSunflowGUI$7, <init>(LSunflowGUI;)V >"
"< Application, Lorg/codehaus/janino/Java$CompilationUnit$ImportDeclaration, <init>(Lorg/codehaus/janino/Location;)V >"
"< Application, Lorg/apache/commons/cli/OptionValidator, <init>()V >"
"< Application, Lorg/codehaus/janino/UnitCompiler$25, <init>(Ljava/lang/String;[Lorg/codehaus/janino/IClass;Lorg/codehaus/janino/IClass;)V >"
"< Application, Lorg/codehaus/janino/UnitCompiler$10$UCE, <init>(Lorg/codehaus/janino/CompileException;)V >"
"< Application, Lorg/codehaus/janino/Java$LocalClassDeclarationStatement, <init>(Lorg/codehaus/janino/Java$LocalClassDeclaration;)V >"
"< Application, Lorg/codehaus/janino/util/ClassFile, <init>(Ljava/io/InputStream;)V >"
"< Application, Lorg/dacapo/parser/ConfigFile, <init>(Ljava/io/Reader;)V >"
"< Application, Lorg/sunflow/system/ImagePanel, <init>()V >"
"< Application, Lorg/codehaus/janino/util/enumerator/EnumeratorSet, <init>(Ljava/lang/Class;Z)V >"
"< Application, Lorg/codehaus/janino/tools/Disassembler$18, <init>(Ljava/lang/String;Ljava/io/ByteArrayOutputStream;Lorg/codehaus/janino/tools/Disassembler;)V >"
"< Application, Lorg/codehaus/janino/ClassLoaderIClassLoader, <init>()V >"
"< Application, Lorg/sunflow/RenderObjectMap$RenderObjectHandle, <init>(Lorg/sunflow/core/Camera;Lorg/sunflow/RenderObjectMap$1;)V >"
"< Application, Lorg/dacapo/harness/DacapoException, <init>(Ljava/lang/Exception;)V >"
"< Application, Lorg/sunflow/core/shader/ViewCausticsShader, <init>()V >"
"< Application, Lorg/sunflow/core/shader/SimpleShader, <init>()V >"
"< Application, Lorg/codehaus/janino/Java$CatchClause, <init>(Lorg/codehaus/janino/Location;Lorg/codehaus/janino/Java$FunctionDeclarator$FormalParameter;Lorg/codehaus/janino/Java$Block;)V >"
"< Application, Lorg/codehaus/janino/tools/JGrep$Action, <init>(Ljava/lang/String;)V >"
"< Application, Lorg/codehaus/janino/Java$PackageDeclaration, <init>(Lorg/codehaus/janino/Location;Ljava/lang/String;)V >"
"< Application, Lorg/codehaus/janino/util/ClassFile$InnerClassesAttribute, <init>(S)V >"
"< Application, Lorg/sunflow/system/Memory, <init>()V >"
"< Application, Lorg/codehaus/janino/Java$ClassLiteral, <init>(Lorg/codehaus/janino/Location;Lorg/codehaus/janino/Java$Type;)V >"
"< Application, Lorg/codehaus/janino/Scanner, <init>(Ljava/lang/String;Ljava/io/InputStream;Ljava/lang/String;)V >"
"< Application, LSunflowGUI$11, <init>(LSunflowGUI;)V >"
"< Application, Lorg/codehaus/janino/tools/Disassembler$23, <init>(S)V >"
"< Application, Lorg/codehaus/janino/ClassBodyEvaluator, <init>(Ljava/lang/String;Ljava/io/InputStream;)V >"
"< Application, Lorg/sunflow/core/shader/AmbientOcclusionShader, <init>()V >"
"< Application, Lorg/codehaus/janino/util/ClassFile$ConstantLongInfo, <init>(J)V >"
"< Application, Lorg/codehaus/janino/util/ClassFile$InnerClassesAttribute$Entry, <init>(SSSS)V >"
"< Application, Lorg/codehaus/janino/tools/Disassembler$7, <init>(FLorg/codehaus/janino/tools/Disassembler;)V >"
"< Application, Lorg/sunflow/system/UI, <init>()V >"
"< Application, Lorg/codehaus/janino/UnitCompiler$26, <init>([Lorg/codehaus/janino/IClass;Lorg/codehaus/janino/IClass;)V >"
"< Application, Lorg/sunflow/core/accel/KDTree, <init>(I)V >"
"< Application, Lorg/sunflow/core/light/TriangleMeshLight, <init>()V >"
"< Application, Lorg/sunflow/core/Instance, <init>()V >"
"< Application, Lorg/codehaus/janino/Location, <init>(Ljava/lang/String;SS)V >"
"< Application, LSunflowGUI$26, <init>(LSunflowGUI;II)V >"
"< Application, Lorg/sunflow/core/bucket/InvertedBucketOrder, <init>(Lorg/sunflow/core/BucketOrder;)V >"
"< Application, Lorg/codehaus/janino/SimpleCompiler$AuxiliaryClassLoader, <init>(Lorg/codehaus/janino/SimpleCompiler$2;Ljava/lang/ClassLoader;)V >"
"< Application, Lorg/codehaus/janino/Compiler$2, <init>(Ljava/io/File;)V >"
"< Application, LMyCallback, <init>(Lorg/dacapo/harness/CommandLineArgs;)V >"
"< Application, Lorg/sunflow/core/shader/ViewGlobalPhotonsShader, <init>()V >"
"< Application, Lorg/sunflow/core/modifiers/BumpMappingModifier, <init>()V >"
"< Application, Lorg/dacapo/parser/TokenMgrError, <init>(ZIIILjava/lang/String;CI)V >"
"< Application, Lorg/codehaus/janino/tools/Disassembler$19, <init>()V >"
"< Application, Lorg/sunflow/core/shader/TexturedPhongShader, <init>()V >"
"< Application, Lorg/codehaus/janino/UnitCompiler$28, <init>(Lorg/codehaus/janino/IClass$IMethod;[Lorg/codehaus/janino/IClass;Lorg/codehaus/janino/IClass;)V >"
"< Application, Lorg/dacapo/harness/TestHarness, <init>(Ljava/io/InputStream;)V >"
"< Application, Lorg/sunflow/core/tesselatable/BezierMesh, <init>()V >"
"< Application, Lorg/apache/commons/cli/HelpFormatter, <init>()V >"
"< Application, Lorg/codehaus/janino/ClassFileIClass, <init>(Lorg/codehaus/janino/util/ClassFile;Lorg/codehaus/janino/IClassLoader;)V >"
"< Application, Lorg/codehaus/janino/Java$ReturnStatement, <init>(Lorg/codehaus/janino/Location;Lorg/codehaus/janino/Java$Rvalue;)V >"
"< Application, Lorg/codehaus/janino/Java$BooleanRvalue, <init>(Lorg/codehaus/janino/Location;)V >"
"< Application, Lorg/codehaus/janino/Scanner, <init>(Ljava/io/File;)V >"
"< Application, Lorg/sunflow/core/accel/NullAccelerator, <init>()V >"
"< Application, Lorg/sunflow/core/LightServer$CacheEntry, <init>()V >"
"< Application, Lorg/sunflow/math/Vector3, <init>(Lorg/sunflow/math/Vector3;)V >"
"< Application, Lorg/codehaus/janino/util/resource/DirectoryResourceFinder, <init>(Ljava/io/File;)V >"
"< Application, Lorg/sunflow/core/ParameterList$Parameter, <init>(Lorg/sunflow/core/ParameterList$ParameterType;Lorg/sunflow/core/ParameterList$InterpolationType;[F)V >"
"< Application, Lorg/sunflow/core/primitive/Box, <init>()V >"
"< Application, Lorg/codehaus/janino/util/enumerator/EnumeratorFormatException, <init>()V >"
"< Application, Lorg/sunflow/system/ui/ConsoleInterface, <init>()V >"
"< Application, Lorg/sunflow/core/primitive/CornellBox, <init>()V >"
"< Application, Lorg/sunflow/math/Point3, <init>()V >"
"< Application, Lorg/apache/commons/cli/AlreadySelectedException, <init>(Lorg/apache/commons/cli/OptionGroup;Lorg/apache/commons/cli/Option;)V >"
"< Application, Lorg/codehaus/janino/UnitCompiler$29, <init>(Lorg/codehaus/janino/Java$AbstractTypeDeclaration;Lorg/codehaus/janino/Java$TypeDeclaration;Lorg/codehaus/janino/UnitCompiler;)V >"
"< Application, Lorg/sunflow/core/gi/InstantGI$PointLight, <init>(Lorg/sunflow/core/gi/InstantGI$1;)V >"
"< Application, Lorg/sunflow/core/primitive/TriangleMesh, <init>()V >"
"< Application, Lorg/codehaus/janino/ClassBodyEvaluator, <init>(Ljava/lang/String;)V >"
"< Application, Lorg/codehaus/janino/Scanner, <init>(Ljava/lang/String;Ljava/io/Reader;)V >"
"< Application, Lorg/sunflow/RenderObjectMap$RenderObjectHandle, <init>(Lorg/sunflow/core/Modifier;Lorg/sunflow/RenderObjectMap$1;)V >"
"< Application, Lorg/sunflow/core/renderer/SimpleRenderer$BucketThread, <init>(Lorg/sunflow/core/renderer/SimpleRenderer;Lorg/sunflow/core/renderer/SimpleRenderer$1;)V >"
"< Application, Lorg/codehaus/janino/IClassLoader, <init>(Lorg/codehaus/janino/IClassLoader;)V >"
"< Application, Lorg/codehaus/janino/Java$Padder, <init>(Lorg/codehaus/janino/CodeContext;)V >"
"< Application, Lorg/codehaus/janino/ExpressionEvaluator, <init>(Ljava/lang/String;Ljava/lang/Class;[Ljava/lang/String;[Ljava/lang/Class;[Ljava/lang/Class;Ljava/lang/ClassLoader;)V >"
"< Application, Lorg/sunflow/Benchmark, <init>(IZZZI)V >"
"< Application, Lorg/codehaus/janino/util/StringPattern, <init>(ILjava/lang/String;)V >"
"< Application, LSunflowGUI$SceneTransferHandler, <init>(LSunflowGUI;LSunflowGUI$1;)V >"
"< Application, LSunflowGUI$31, <init>(LSunflowGUI;)V >"
"< Application, Lorg/dacapo/parser/SimpleCharStream, <init>(Ljava/io/Reader;)V >"
"< Application, Lorg/codehaus/janino/util/ResourceFinderClassLoader, <init>(Lorg/codehaus/janino/util/resource/ResourceFinder;Ljava/lang/ClassLoader;)V >"
"< Application, Lorg/sunflow/core/photonmap/GridPhotonMap, <init>(IIF)V >"
"< Application, Lorg/apache/commons/cli/ParseException, <init>(Ljava/lang/String;)V >"
"< Application, Lorg/sunflow/math/Point3, <init>(Lorg/sunflow/math/Point3;)V >"
"< Application, Lorg/sunflow/RenderObjectMap$RenderObjectHandle, <init>(Lorg/sunflow/core/Options;)V >"
"< Application, Lorg/codehaus/janino/util/ClassFile$ConstantValuePoolInfo, <init>()V >"
"< Application, LHarness, <init>()V >"
"< Application, Lorg/sunflow/RealtimeBenchmark, <init>(ZI)V >"
"< Application, Lorg/codehaus/janino/samples/DemoBase, <init>()V >"
"< Application, Lorg/codehaus/janino/util/enumerator/EnumeratorSet, <init>(Ljava/lang/Class;Ljava/util/Set;)V >"
"< Application, Lorg/codehaus/janino/ReflectionIClass$ReflectionIField, <init>(Lorg/codehaus/janino/ReflectionIClass;Ljava/lang/reflect/Field;)V >"
"< Application, Lorg/dacapo/harness/Benchmark, <init>(Lorg/dacapo/parser/Config;Ljava/io/File;Z)V >"
"< Application, Lorg/sunflow/RenderObjectMap$RenderObjectHandle, <init>(Lorg/sunflow/core/Instance;)V >"
"< Application, Lorg/sunflow/math/Matrix4, <init>([FZ)V >"
"< Application, Lorg/sunflow/core/filter/GaussianFilter, <init>(F)V >"
"< Application, Lorg/sunflow/core/filter/BoxFilter, <init>(F)V >"
"< Application, LSunflowGUI$28, <init>(LSunflowGUI;)V >"
"< Application, Lorg/codehaus/janino/util/resource/JarDirectoriesResourceFinder$3, <init>(Ljava/util/Iterator;)V >"
"< Application, Lorg/apache/commons/cli/BasicParser, <init>()V >"
"< Application, Lorg/sunflow/math/BoundingBox, <init>(Lorg/sunflow/math/BoundingBox;)V >"
"< Application, Lorg/codehaus/janino/ResourceFinderIClassLoader, <init>(Lorg/codehaus/janino/util/resource/ResourceFinder;Lorg/codehaus/janino/IClassLoader;)V >"
"< Application, Lorg/codehaus/janino/Scanner, <init>(Ljava/lang/String;Ljava/lang/String;)V >"
"< Application, Lorg/dacapo/harness/TeeOutputStream, <init>(Ljava/io/OutputStream;Ljava/io/File;)V >"
"< Application, Lorg/codehaus/janino/util/resource/MapResourceFinder, <init>(Ljava/util/Map;)V >"
"< Application, Lorg/dacapo/harness/Benchmark, <init>(Lorg/dacapo/parser/Config;Ljava/io/File;)V >"
"< Application, Lorg/codehaus/janino/util/enumerator/EnumeratorSetTypeException, <init>(Ljava/lang/String;)V >"
"< Application, Lorg/sunflow/core/accel/KDTree, <init>()V >"
"< Application, Lorg/codehaus/janino/Java$CompilationUnit$SingleStaticImportDeclaration, <init>(Lorg/codehaus/janino/Location;[Ljava/lang/String;)V >"
"< Application, Lorg/dacapo/harness/Sunflow, <init>(Lorg/dacapo/parser/Config;Ljava/io/File;)V >"
"< Application, Lorg/codehaus/janino/util/iterator/FilterIterator, <init>(Ljava/util/Iterator;)V >"
"< Application, Lorg/codehaus/janino/util/ClassFile, <init>(SLjava/lang/String;Ljava/lang/String;[Ljava/lang/String;)V >"
"< Application, Lorg/codehaus/janino/IClass$IInvocable, <init>(Lorg/codehaus/janino/IClass;)V >"
"< Application, Lorg/codehaus/janino/tools/JGrep$2, <init>()V >"
"< Application, Lorg/sunflow/system/UI$PrintLevel, <init>(Ljava/lang/String;I)V >"
"< Application, Lorg/sunflow/image/ConstantSpectralCurve, <init>(F)V >"
"< Application, Lorg/dacapo/harness/Digest, <init>()V >"
"< Application, Lorg/codehaus/janino/CachingJavaSourceClassLoader, <init>(Ljava/lang/ClassLoader;[Ljava/io/File;Ljava/lang/String;Ljava/io/File;Lorg/codehaus/janino/util/enumerator/EnumeratorSet;)V >"
"< Application, Lorg/codehaus/janino/Java$ConstructorInvocation, <init>(Lorg/codehaus/janino/Location;[Lorg/codehaus/janino/Java$Rvalue;)V >"
"< Application, Lorg/codehaus/janino/util/resource/DirectoryResourceCreator, <init>(Ljava/io/File;)V >"
"< Application, Lorg/codehaus/janino/UnitCompiler$17, <init>([ZLorg/codehaus/janino/UnitCompiler;)V >"
"< Application, Lorg/sunflow/core/ParameterList$FloatParameter, <init>(Lorg/sunflow/core/ParameterList$InterpolationType;[FLorg/sunflow/core/ParameterList$1;)V >"
"< Application, Lorg/codehaus/janino/Java$Statement, <init>(Lorg/codehaus/janino/Location;)V >"
"< Application, Lorg/sunflow/core/bucket/BucketOrderFactory, <init>()V >"
"< Application, Lorg/sunflow/image/RGBSpace, <init>(FFFFFFFFFF)V >"
"< Application, Lorg/sunflow/RenderObjectMap$RenderObjectHandle, <init>(Lorg/sunflow/core/Tesselatable;)V >"
"< Application, Lorg/apache/commons/cli/MissingOptionException, <init>(Ljava/util/List;)V >"
"< Application, Lorg/codehaus/janino/ReflectionIClass$ReflectionIConstructor, <init>(Lorg/codehaus/janino/ReflectionIClass;Ljava/lang/reflect/Constructor;)V >"
"< Application, Lorg/sunflow/core/primitive/CubeGrid, <init>()V >"
"< Application, Lorg/codehaus/janino/UnitCompiler$15$UCE, <init>(Lorg/codehaus/janino/CompileException;)V >"
"< Application, Lorg/codehaus/janino/Java$WhileStatement, <init>(Lorg/codehaus/janino/Location;Lorg/codehaus/janino/Java$Rvalue;Lorg/codehaus/janino/Java$BlockStatement;)V >"
"< Application, Lorg/sunflow/core/LightServer, <init>(Lorg/sunflow/core/Scene;)V >"
"< Application, Lorg/apache/commons/cli/OptionGroup, <init>()V >"
"< Application, LSunflowGUI$15, <init>(LSunflowGUI;)V >"
"< Application, Lorg/codehaus/janino/tools/Disassembler$13, <init>([Lorg/codehaus/janino/tools/Disassembler$AttributeInfo;[B[Lorg/codehaus/janino/tools/Disassembler$ExceptionTableEntry;SSLorg/codehaus/janino/tools/Disassembler;)V >"
"< Application, Lorg/codehaus/janino/Java$FunctionDeclarator$FormalParameter, <init>(Lorg/codehaus/janino/Location;ZLorg/codehaus/janino/Java$Type;Ljava/lang/String;)V >"
"< Application, Lorg/codehaus/janino/Java$LocalVariable, <init>(ZLorg/codehaus/janino/IClass;)V >"
"< Application, Lorg/sunflow/core/bucket/HilbertBucketOrder, <init>()V >"
"< Application, Lorg/sunflow/core/Geometry, <init>(Lorg/sunflow/core/PrimitiveList;)V >"
"< Application, Lorg/sunflow/core/primitive/ParticleSurface, <init>()V >"
"< Application, Lorg/sunflow/core/primitive/Sphere, <init>()V >"
"< Application, Lorg/codehaus/janino/Scanner, <init>(Ljava/lang/String;Ljava/io/Reader;SS)V >"
"< Application, Lorg/sunflow/core/shader/WireframeShader, <init>()V >"
"< Application, Lorg/sunflow/system/BenchmarkFramework, <init>(II)V >"
"< Application, Lorg/codehaus/janino/util/MultiIterator, <init>([Ljava/util/Collection;)V >"
"< Application, Lorg/sunflow/image/RegularSpectralCurve, <init>([FFF)V >"
"< Application, Lorg/sunflow/math/Point3, <init>(FFF)V >"
"< Application, Lorg/sunflow/core/tesselatable/Teapot, <init>()V >"
"< Application, Lorg/codehaus/janino/util/ClassFile$SyntheticAttribute, <init>(S)V >"
"< Application, Lorg/codehaus/janino/ClassBodyEvaluator, <init>(Lorg/codehaus/janino/Scanner;Ljava/lang/Class;[Ljava/lang/Class;Ljava/lang/ClassLoader;)V >"
"< Application, Lorg/sunflow/RenderObjectMap$RenderObjectHandle, <init>(Lorg/sunflow/core/Camera;)V >"
"< Application, Lorg/codehaus/janino/util/ClassFile$CodeAttribute, <init>(SSS[B[Lorg/codehaus/janino/util/ClassFile$CodeAttribute$ExceptionTableEntry;[Lorg/codehaus/janino/util/ClassFile$AttributeInfo;)V >"
"< Application, Lorg/codehaus/janino/util/Traverser, <init>()V >"
"< Application, Lorg/codehaus/janino/UnitCompiler$14$UCE, <init>(Lorg/codehaus/janino/CompileException;)V >"
"< Application, Lorg/codehaus/janino/SimpleCompiler$AuxiliaryClassLoader, <init>(Ljava/lang/ClassLoader;)V >"
"< Application, Lorg/codehaus/janino/UnitCompiler$18, <init>(Lorg/codehaus/janino/Java$Atom;Lorg/codehaus/janino/Location;)V >"
"< Application, Lorg/sunflow/core/shader/PhongShader, <init>()V >"
"< Application, LSunflowGUI$5, <init>(LSunflowGUI;)V >"
"< Application, Lorg/codehaus/janino/util/enumerator/EnumeratorSet, <init>(Ljava/lang/Class;)V >"
"< Application, Lorg/codehaus/janino/ExpressionEvaluator, <init>()V >"
"< Application, Lorg/codehaus/janino/tools/HprofScrubber, <init>()V >"
"< Application, Lorg/codehaus/janino/CodeContext$Offset, <init>(Lorg/codehaus/janino/CodeContext;)V >"
"< Application, Lorg/codehaus/janino/UnitCompiler$12, <init>([Ljava/lang/Object;Lorg/codehaus/janino/UnitCompiler;)V >"
"< Application, Lorg/sunflow/core/ParameterList$Parameter, <init>(ZLorg/sunflow/core/ParameterList$1;)V >"
"< Application, Lorg/sunflow/core/gi/AmbientOcclusionGIEngine, <init>(Lorg/sunflow/core/Options;)V >"
"< Application, Lorg/codehaus/janino/UnitCompiler$9$UCE, <init>(Lorg/codehaus/janino/CompileException;)V >"
"< Application, Lorg/codehaus/janino/Java$NewArray, <init>(Lorg/codehaus/janino/Location;Lorg/codehaus/janino/Java$Type;[Lorg/codehaus/janino/Java$Rvalue;I)V >"
"< Application, Lorg/sunflow/core/ParameterList, <init>()V >"
"< Application, Lorg/codehaus/janino/Java$AlternateConstructorInvocation, <init>(Lorg/codehaus/janino/Location;[Lorg/codehaus/janino/Java$Rvalue;)V >"
"< Application, Lorg/sunflow/Benchmark$BenchmarkScene, <init>(Lorg/sunflow/Benchmark;)V >"
"< Application, Lorg/codehaus/janino/Java$CompilationUnit$StaticImportOnDemandDeclaration, <init>(Lorg/codehaus/janino/Location;[Ljava/lang/String;)V >"
"< Application, Lorg/sunflow/core/display/OpenExrDisplay, <init>(Ljava/lang/String;Ljava/lang/String;Ljava/lang/String;)V >"
"< Application, Lorg/codehaus/janino/util/ClassFile$MethodInfo, <init>(Lorg/codehaus/janino/util/ClassFile;SSSLjava/util/List;)V >"
"< Application, Lorg/codehaus/janino/Java$NewClassInstance, <init>(Lorg/codehaus/janino/Location;Lorg/codehaus/janino/Java$Rvalue;Lorg/codehaus/janino/IClass;[Lorg/codehaus/janino/Java$Rvalue;)V >"
"< Application, Lorg/sunflow/core/primitive/JuliaFractal, <init>()V >"
"< Application, Lorg/dacapo/parser/TokenMgrError, <init>()V >"
"< Application, Lorg/codehaus/janino/UnicodeUnescapeException, <init>(Ljava/lang/String;)V >"
"< Application, Lorg/codehaus/janino/util/resource/MapResourceCreator, <init>()V >"
"< Application, Lorg/codehaus/janino/UnitCompiler$30, <init>(Lorg/codehaus/janino/Java$ConstructorDeclarator;Lorg/codehaus/janino/UnitCompiler;Lorg/codehaus/janino/IClass;)V >"
"< Application, Lorg/codehaus/janino/tools/Disassembler$SourceFileAttribute, <init>(Lorg/codehaus/janino/tools/Disassembler;S)V >"
"< Application, Lorg/apache/commons/cli/Option, <init>(Ljava/lang/String;Ljava/lang/String;)V >"
"< Application, Lorg/codehaus/janino/tools/Disassembler$ExceptionTableEntry, <init>(Lorg/codehaus/janino/tools/Disassembler;SSSS)V >"
"< Application, Lorg/codehaus/janino/tools/Disassembler$15, <init>([SLorg/codehaus/janino/tools/Disassembler;)V >"
"< Application, LSunflowGUI$23, <init>(LSunflowGUI;)V >"
"< Application, Lorg/codehaus/janino/IClass$IField, <init>(Lorg/codehaus/janino/IClass;)V >"
"< Application, Lorg/codehaus/janino/util/iterator/DirectoryIterator$1, <init>(Ljava/io/FilenameFilter;Ljava/io/FilenameFilter;Ljava/io/File;)V >"
"< Application, Lorg/sunflow/RenderObjectMap$RenderObjectType, <init>(Ljava/lang/String;I)V >"
"< Application, Lorg/codehaus/janino/JavaSourceIClassLoader, <init>(Lorg/codehaus/janino/util/resource/ResourceFinder;Ljava/lang/String;Ljava/util/Set;Lorg/codehaus/janino/IClassLoader;)V >"
"< Application, Lorg/sunflow/core/InstanceList, <init>([Lorg/sunflow/core/Instance;)V >"
"< Application, Lorg/sunflow/system/ImagePanel$ScrollZoomListener, <init>(Lorg/sunflow/system/ImagePanel;)V >"
"< Application, Lorg/dacapo/parser/ConfigFile, <init>(Lorg/dacapo/parser/ConfigFileTokenManager;)V >"
"< Application, Lorg/codehaus/janino/UnitCompiler$12$UCE, <init>(Lorg/codehaus/janino/CompileException;)V >"
"< Application, Lorg/sunflow/RenderObjectMap$RenderObjectHandle, <init>(Lorg/sunflow/core/Options;Lorg/sunflow/RenderObjectMap$1;)V >"
"< Application, Lorg/codehaus/janino/util/ClassFile$LocalVariableTableAttribute$Entry, <init>(SSSSS)V >"
"< Application, Lorg/sunflow/system/Parser$ParserException, <init>(Ljava/lang/String;Ljava/lang/String;)V >"
"< Application, Lorg/sunflow/core/Geometry, <init>(Lorg/sunflow/core/Tesselatable;)V >"
"< Application, Lorg/sunflow/core/ParameterList$FloatParameter, <init>()V >"
"< Application, Lorg/sunflow/core/shader/QuickGrayShader, <init>()V >"
"< Application, Lorg/codehaus/janino/ExpressionEvaluator, <init>(Ljava/lang/String;Ljava/lang/Class;[Ljava/lang/String;[Ljava/lang/Class;[Ljava/lang/Class;Ljava/lang/Class;[Ljava/lang/Class;Ljava/lang/ClassLoader;)V >"
"< Application, Lorg/sunflow/core/ParameterList$Parameter, <init>(I)V >"
"< Application, Lorg/sunflow/Benchmark, <init>(IZZZ)V >"
"< Application, Lorg/sunflow/core/gi/IrradianceCacheGIEngine$Sample, <init>(Lorg/sunflow/math/Point3;Lorg/sunflow/math/Vector3;FLorg/sunflow/image/Color;)V >"
"< Application, LSunflowGUI$24, <init>(LSunflowGUI;)V >"
"< Application, Lorg/codehaus/janino/util/Traverser$1, <init>(Lorg/codehaus/janino/util/Traverser;)V >"
"< Application, Lorg/sunflow/core/bucket/ColumnBucketOrder, <init>()V >"
"< Application, Lorg/codehaus/janino/Java$Type, <init>(Lorg/codehaus/janino/Location;)V >"
"< Application, Lorg/codehaus/janino/Java$DoStatement, <init>(Lorg/codehaus/janino/Location;Lorg/codehaus/janino/Java$BlockStatement;Lorg/codehaus/janino/Java$Rvalue;)V >"
"< Application, Lorg/apache/commons/cli/MissingOptionException, <init>(Ljava/lang/String;)V >"
"< Application, Lorg/sunflow/system/Timer, <init>()V >"
"< Application, Lorg/codehaus/janino/tools/Disassembler$LocalVariableTableAttribute, <init>(Lorg/codehaus/janino/tools/Disassembler;[S)V >"
"< Application, Lorg/codehaus/janino/JavaSourceClassLoader, <init>(Ljava/lang/ClassLoader;Lorg/codehaus/janino/util/resource/ResourceFinder;Ljava/lang/String;Lorg/codehaus/janino/util/enumerator/EnumeratorSet;)V >"
"< Application, Lorg/sunflow/util/FloatArray, <init>(I)V >"
"< Application, Lorg/codehaus/janino/SimpleCompiler, <init>(Ljava/lang/String;Ljava/io/Reader;)V >"
"< Application, Lorg/codehaus/janino/SimpleCompiler$1, <init>(Ljava/lang/ClassLoader;)V >"
"< Application, Lorg/sunflow/core/LightServer$Sample, <init>(Lorg/sunflow/core/LightServer$1;)V >"
"< Application, Lorg/sunflow/core/renderer/BucketRenderer, <init>()V >"
"< Application, Lorg/codehaus/janino/UnitCompiler$3, <init>(Lorg/codehaus/janino/UnitCompiler;)V >"
"< Application, Lorg/codehaus/janino/Scanner$OperatorToken, <init>(Lorg/codehaus/janino/Scanner;Ljava/lang/String;)V >"
"< Application, Lorg/dacapo/parser/SimpleCharStream, <init>(Ljava/io/Reader;III)V >"
"< Application, Lorg/apache/commons/cli/UnrecognizedOptionException, <init>(Ljava/lang/String;Ljava/lang/String;)V >"
"< Application, LMMTkCallback, <init>(Lorg/dacapo/harness/CommandLineArgs;)V >"
"< Application, Lorg/codehaus/janino/Java$MethodInvocation, <init>(Lorg/codehaus/janino/Location;Lorg/codehaus/janino/Java$Atom;Ljava/lang/String;[Lorg/codehaus/janino/Java$Rvalue;)V >"
"< Application, Lorg/codehaus/janino/Scanner$ScanException, <init>(Lorg/codehaus/janino/Scanner;Ljava/lang/String;)V >"
"< Application, Lorg/codehaus/janino/util/PrimitiveWrapper, <init>()V >"
"< Application, Lorg/sunflow/core/filter/BlackmanHarrisFilter, <init>(F)V >"
"< Application, Lorg/dacapo/harness/Benchmark$1, <init>(Ljava/lang/String;)V >"
"< Application, Lorg/codehaus/janino/Java$ConditionalExpression, <init>(Lorg/codehaus/janino/Location;Lorg/codehaus/janino/Java$Rvalue;Lorg/codehaus/janino/Java$Rvalue;Lorg/codehaus/janino/Java$Rvalue;)V >"
"< Application, Lorg/sunflow/core/LightServer$Sample, <init>()V >"
"< Application, Lorg/sunflow/core/display/FastDisplay$1, <init>(Lorg/sunflow/core/display/FastDisplay;)V >"
"< Application, Lorg/codehaus/janino/DebuggingInformation, <init>(Ljava/lang/String;)V >"
"< Application, Lorg/codehaus/janino/ClassFileIClass$2, <init>(Lorg/codehaus/janino/Access;Lorg/codehaus/janino/util/ClassFile$MethodInfo;Ljava/lang/String;[Lorg/codehaus/janino/IClass;Lorg/codehaus/janino/IClass;[Lorg/codehaus/janino/IClass;Lorg/codehaus/janino/IClass;)V >"
"< Application, Lorg/sunflow/RenderObjectMap$RenderObjectHandle, <init>(Lorg/sunflow/core/Shader;Lorg/sunflow/RenderObjectMap$1;)V >"
"< Application, Lorg/sunflow/core/bucket/RandomBucketOrder, <init>()V >"
"< Application, Lorg/codehaus/janino/Java$ConstructorDeclarator, <init>(Lorg/codehaus/janino/Location;Ljava/lang/String;S[Lorg/codehaus/janino/Java$FunctionDeclarator$FormalParameter;[Lorg/codehaus/janino/Java$Type;Lorg/codehaus/janino/Java$ConstructorInvocation;Lorg/codehaus/janino/Java$Block;)V >"
"< Application, Lorg/sunflow/core/accel/UniformGrid, <init>()V >"
"< Application, Lorg/codehaus/janino/ClassFileIClass$3, <init>(Lorg/codehaus/janino/Access;Lorg/codehaus/janino/util/ClassFile$FieldInfo;Ljava/lang/String;Ljava/lang/Object;Lorg/codehaus/janino/IClass;Lorg/codehaus/janino/IClass;)V >"
"< Application, Lorg/codehaus/janino/Java$FieldDeclaration, <init>(Lorg/codehaus/janino/Location;Ljava/lang/String;SLorg/codehaus/janino/Java$Type;[Lorg/codehaus/janino/Java$VariableDeclarator;)V >"
"< Application, Lorg/codehaus/janino/UnitCompiler$21, <init>(Lorg/codehaus/janino/Java$FieldDeclaration;Lorg/codehaus/janino/UnitCompiler;Lorg/codehaus/janino/Java$VariableDeclarator;Lorg/codehaus/janino/IClass;)V >"
"< Application, Lorg/sunflow/core/shader/NormalShader, <init>()V >"
"< Application, Lorg/codehaus/janino/Java$FunctionDeclarator, <init>(Lorg/codehaus/janino/Location;Ljava/lang/String;SLorg/codehaus/janino/Java$Type;Ljava/lang/String;[Lorg/codehaus/janino/Java$FunctionDeclarator$FormalParameter;[Lorg/codehaus/janino/Java$Type;Lorg/codehaus/janino/Java$Block;)V >"
"< Application, Lorg/codehaus/janino/Java$Initializer, <init>(Lorg/codehaus/janino/Location;ZLorg/codehaus/janino/Java$Block;)V >"
"< Application, Lorg/codehaus/janino/util/resource/LazyMultiResourceFinder, <init>(Ljava/util/Iterator;)V >"
"< Application, Lorg/sunflow/system/UI$Module, <init>(Ljava/lang/String;I)V >"
"< Application, Lorg/apache/commons/cli/Option, <init>(Ljava/lang/String;Ljava/lang/String;ZLjava/lang/String;)V >"
"< Application, Lorg/codehaus/janino/UnitCompiler$10, <init>([Lorg/codehaus/janino/IClass;Lorg/codehaus/janino/UnitCompiler;)V >"
"< Application, Lorg/sunflow/core/Ray, <init>()V >"
"< Application, Lorg/dacapo/parser/SimpleCharStream, <init>(Ljava/io/InputStream;Ljava/lang/String;III)V >"
"< Application, Lorg/sunflow/math/Solvers, <init>()V >"
"< Application, Lorg/sunflow/math/PerlinScalar, <init>()V >"
"< Application, Lorg/apache/commons/cli/AlreadySelectedException, <init>(Ljava/lang/String;)V >"
"< Application, Lorg/codehaus/janino/util/ClassFile$LineNumberTableAttribute, <init>(S[Lorg/codehaus/janino/util/ClassFile$LineNumberTableAttribute$Entry;)V >"
"< Application, Lorg/sunflow/core/parser/TriParser, <init>()V >"
"< Application, Lorg/sunflow/core/Texture, <init>(Ljava/lang/String;Z)V >"
"< Application, Lorg/sunflow/core/accel/BoundingIntervalHierarchy, <init>()V >"
"< Application, Lorg/codehaus/janino/Java$IfStatement, <init>(Lorg/codehaus/janino/Location;Lorg/codehaus/janino/Java$Rvalue;Lorg/codehaus/janino/Java$BlockStatement;Lorg/codehaus/janino/Java$BlockStatement;)V >"
"< Application, LSunflowGUI$20, <init>(LSunflowGUI;)V >"
"< Application, Lorg/sunflow/core/filter/LanczosFilter, <init>()V >"
"< Application, Lorg/dacapo/parser/SimpleCharStream, <init>(Ljava/io/Reader;II)V >"
"< Application, Lorg/sunflow/image/XYZColor, <init>()V >"
"< Application, Lorg/codehaus/janino/tools/Disassembler$ConstantUtf8Info, <init>(Lorg/codehaus/janino/tools/Disassembler;Ljava/lang/String;)V >"
"< Application, Lorg/sunflow/core/renderer/SimpleRenderer$BucketThread, <init>(Lorg/sunflow/core/renderer/SimpleRenderer;)V >"
"< Application, Lorg/codehaus/janino/UnparseVisitor, <init>(Ljava/io/Writer;)V >"
"< Application, Lorg/codehaus/janino/util/ClassFile$AttributeInfo, <init>(S)V >"
"< Application, LSunflowGUI, <init>()V >"
"< Application, Lorg/sunflow/RenderObjectMap$RenderObjectHandle, <init>(Lorg/sunflow/core/LightSource;)V >"
"< Application, Lorg/apache/commons/cli/TypeHandler, <init>()V >"
"< Application, Lorg/sunflow/core/light/SunSkyLight, <init>()V >"
"< Application, Lorg/codehaus/janino/util/resource/ResourceFinder, <init>()V >"
"< Application, Lorg/codehaus/janino/util/Benchmark$1, <init>()V >"
"< Application, Lorg/codehaus/janino/util/resource/MultiResourceFinder, <init>(Ljava/util/Collection;)V >"
"< Application, Lorg/sunflow/core/filter/SincFilter, <init>(F)V >"
"< Application, Lorg/codehaus/janino/Java$Instanceof, <init>(Lorg/codehaus/janino/Location;Lorg/codehaus/janino/Java$Rvalue;Lorg/codehaus/janino/Java$Type;)V >"
"< Application, Lorg/codehaus/janino/UnitCompiler$22, <init>([Ljava/lang/String;Lorg/codehaus/janino/Location;)V >"
"< Application, Lorg/codehaus/janino/Mod, <init>()V >"
"< Application, Lorg/codehaus/janino/util/ClassFile$ConstantStringInfo, <init>(S)V >"
"< Application, Lorg/sunflow/core/shader/AmbientOcclusionShader, <init>(Lorg/sunflow/image/Color;F)V >"
"< Application, Lorg/codehaus/janino/samples/ShippingCost, <init>()V >"
"< Application, Lorg/codehaus/janino/Java$AbstractTypeBodyDeclaration, <init>(Lorg/codehaus/janino/Location;Z)V >"
"< Application, Lorg/codehaus/janino/tools/Disassembler$27, <init>()V >"
"< Application, Lorg/sunflow/SunflowAPI, <init>()V >"
"< Application, Lorg/sunflow/core/primitive/Plane, <init>()V >"
"< Application, Lorg/codehaus/janino/IClass$PrimitiveIClass, <init>(Ljava/lang/String;)V >"
"< Application, Lorg/codehaus/janino/util/ClassFile$ConstantValueAttribute, <init>(SS)V >"
"< Application, Lorg/sunflow/util/IntArray, <init>(I)V >"
"< Application, Lorg/sunflow/util/FastHashMap$Entry, <init>(Ljava/lang/Object;Ljava/lang/Object;)V >"
"< Application, Lorg/codehaus/janino/Java$Block, <init>(Lorg/codehaus/janino/Location;)V >"
"< Application, Lorg/codehaus/janino/ExpressionEvaluator, <init>(Lorg/codehaus/janino/Scanner;Ljava/lang/String;Ljava/lang/Class;[Ljava/lang/Class;ZLjava/lang/Class;Ljava/lang/String;[Ljava/lang/String;[Ljava/lang/Class;[Ljava/lang/Class;Ljava/lang/ClassLoader;)V >"
"< Application, Lorg/codehaus/janino/Java$CompilationUnit, <init>(Ljava/lang/String;)V >"
"< Application, Lorg/codehaus/janino/util/ClassFile$ConstantUtf8Info, <init>(Ljava/lang/String;)V >"
"< Application, LSunflowGUI$16, <init>(LSunflowGUI;)V >"
"< Application, Lorg/codehaus/janino/util/ClassFile$ConstantInterfaceMethodrefInfo, <init>(SS)V >"
"< Application, Lorg/sunflow/core/camera/FisheyeLens, <init>()V >"
"< Application, Lorg/codehaus/janino/tools/Disassembler$1, <init>(SLorg/codehaus/janino/tools/Disassembler;)V >"
"< Application, Lorg/codehaus/janino/ScriptEvaluator, <init>(Lorg/codehaus/janino/Scanner;Ljava/lang/String;Ljava/lang/Class;[Ljava/lang/Class;ZLjava/lang/Class;Ljava/lang/String;[Ljava/lang/String;[Ljava/lang/Class;[Ljava/lang/Class;Ljava/lang/ClassLoader;)V >"
"< Application, LSunflowGUI$27, <init>(LSunflowGUI;ILjava/lang/String;)V >"
"< Application, Lorg/codehaus/janino/util/Benchmark, <init>(ZLorg/codehaus/janino/util/Benchmark$Reporter;)V >"
"< Application, Lorg/sunflow/image/Color, <init>(FFF)V >"
"< Application, Lorg/codehaus/janino/UnicodeUnescapeReader, <init>(Ljava/io/Reader;)V >"
"< Application, Lorg/codehaus/janino/IClass$IMethod, <init>(Lorg/codehaus/janino/IClass;)V >"
"< Application, Lorg/dacapo/harness/DacapoClassLoader, <init>([Ljava/net/URL;Ljava/lang/ClassLoader;Ljava/net/URLStreamHandlerFactory;)V >"
"< Application, Lorg/sunflow/core/shader/UberShader, <init>()V >"
"< Application, Lorg/codehaus/janino/tools/Disassembler$3, <init>(SSLorg/codehaus/janino/tools/Disassembler;)V >"
"< Application, Lorg/dacapo/parser/Config, <init>(Ljava/lang/String;)V >"
"< Application, Lorg/codehaus/janino/tools/HprofScrubber$Site, <init>(IIILjava/lang/String;)V >"
"< Application, Lorg/codehaus/janino/MethodDescriptor, <init>([Ljava/lang/String;Ljava/lang/String;)V >"
"< Application, Lorg/codehaus/janino/Java$MemberInterfaceDeclaration, <init>(Lorg/codehaus/janino/Location;Ljava/lang/String;SLjava/lang/String;[Lorg/codehaus/janino/Java$Type;)V >"
"< Application, Lorg/codehaus/janino/UnitCompiler$23, <init>(Lorg/codehaus/janino/Location;)V >"
"< Application, Lorg/codehaus/janino/Java$NewAnonymousClassInstance, <init>(Lorg/codehaus/janino/Location;Lorg/codehaus/janino/Java$Rvalue;Lorg/codehaus/janino/Java$AnonymousClassDeclaration;[Lorg/codehaus/janino/Java$Rvalue;)V >"
"< Application, Lorg/sunflow/math/BoundingBox, <init>(F)V >"
"< Application, Lorg/codehaus/janino/tools/Disassembler$32, <init>()V >"
"< Application, Lorg/codehaus/janino/Parser$InterfaceDeclarationContext, <init>(Ljava/lang/String;)V >"
"< Application, Lorg/sunflow/util/IntArray, <init>()V >"
"< Application, Lorg/codehaus/janino/util/resource/FileResourceCreator, <init>()V >"
"< Application, Lorg/codehaus/janino/tools/JGrep$1, <init>()V >"
"< Application, Lorg/codehaus/janino/tools/Disassembler$25, <init>()V >"
"< Application, Lorg/codehaus/janino/Scanner$Token, <init>(Lorg/codehaus/janino/Scanner;Lorg/codehaus/janino/Scanner$1;)V >"
"< Application, Lorg/codehaus/janino/IClass, <init>()V >"
"< Application, Lorg/codehaus/janino/Java$Lvalue, <init>(Lorg/codehaus/janino/Location;)V >"
"< Application, Lorg/codehaus/janino/tools/Disassembler$21, <init>()V >"
"< Application, Lorg/codehaus/janino/Java$SuperConstructorInvocation, <init>(Lorg/codehaus/janino/Location;Lorg/codehaus/janino/Java$Rvalue;[Lorg/codehaus/janino/Java$Rvalue;)V >"
"< Application, Lorg/codehaus/janino/Compiler$SimpleWarningHandler, <init>()V >"
"< Application, LSunflowGUI$10, <init>(LSunflowGUI;)V >"
"< Application, Lorg/sunflow/core/light/TriangleMeshLight$TriangleLight, <init>(Lorg/sunflow/core/light/TriangleMeshLight;I)V >"
"< Application, Lorg/sunflow/core/ParameterList$Parameter, <init>(Lorg/sunflow/core/ParameterList$ParameterType;Lorg/sunflow/core/ParameterList$InterpolationType;[FLorg/sunflow/core/ParameterList$1;)V >"
"< Application, Lorg/sunflow/core/shader/ConstantShader, <init>()V >"
"< Application, Lorg/sunflow/image/IrregularSpectralCurve, <init>([F[F)V >"
"< Application, Lorg/codehaus/janino/CodeContext$ExceptionTableEntry, <init>(Lorg/codehaus/janino/CodeContext$Offset;Lorg/codehaus/janino/CodeContext$Offset;Lorg/codehaus/janino/CodeContext$Offset;S)V >"
"< Application, Lorg/sunflow/math/Point2, <init>()V >"
"< Application, Lorg/sunflow/core/tesselatable/BezierMesh, <init>([[F)V >"
"< Application, Lorg/dacapo/harness/CommandLineArgs, <init>([Ljava/lang/String;)V >"
"< Application, Lorg/codehaus/janino/util/ClassFile$DeprecatedAttribute, <init>(S)V >"
"< Application, Lorg/sunflow/core/gi/PathTracingGIEngine, <init>(Lorg/sunflow/core/Options;)V >"
"< Application, Lorg/codehaus/janino/CompileException, <init>(Ljava/lang/String;Lorg/codehaus/janino/Location;Ljava/lang/Throwable;)V >"
"< Application, Lorg/codehaus/janino/util/resource/ZipFileResourceFinder$1, <init>(Ljava/lang/String;Lorg/codehaus/janino/util/resource/ZipFileResourceFinder;Ljava/util/zip/ZipEntry;)V >"
"< Application, Lorg/sunflow/system/ByteUtil, <init>()V >"
"< Application, Lorg/codehaus/janino/util/iterator/EnumerationIterator, <init>(Ljava/util/Enumeration;)V >"
"< Application, Lorg/sunflow/core/primitive/TriangleMesh$BakingSurface, <init>(Lorg/sunflow/core/primitive/TriangleMesh;)V >"
"< Application, Lorg/codehaus/janino/ScriptEvaluator, <init>()V >"
"< Application, Lorg/codehaus/janino/tools/Disassembler$16, <init>(Lorg/codehaus/janino/tools/Disassembler;)V >"
"< Application, LSunflowGUI$17, <init>(LSunflowGUI;)V >"
"< Application, Lorg/dacapo/parser/ConfigFileTokenManager, <init>(Lorg/dacapo/parser/SimpleCharStream;)V >"
"< Application, Lorg/codehaus/janino/Java$AbstractTypeDeclaration, <init>(Lorg/codehaus/janino/Location;S)V >"
"< Application, Lorg/codehaus/janino/Cookable, <init>()V >"
"< Application, Lorg/apache/commons/cli/MissingArgumentException, <init>(Lorg/apache/commons/cli/Option;)V >"
"< Application, Lorg/codehaus/janino/samples/DeclarationCounter, <init>()V >"
"< Application, Lorg/dacapo/parser/Config$Size, <init>(Lorg/dacapo/parser/Config;Ljava/lang/String;Ljava/util/Vector;)V >"
"< Application, Lorg/codehaus/janino/util/resource/JarDirectoriesResourceFinder$1, <init>(Ljava/util/Iterator;)V >"
"< Application, Lorg/sunflow/core/modifiers/NormalMapModifier, <init>()V >"
"< Application, Lorg/dacapo/parser/ConfigFile, <init>(Ljava/io/InputStream;Ljava/lang/String;)V >"
"< Application, Lorg/codehaus/janino/util/LocatedException, <init>(Ljava/lang/String;Lorg/codehaus/janino/Location;Ljava/lang/Throwable;)V >"
"< Application, Lorg/codehaus/janino/util/resource/ZipFileResourceFinder, <init>(Ljava/util/zip/ZipFile;)V >"
"< Application, Lorg/codehaus/janino/util/resource/FileResource, <init>(Ljava/io/File;)V >"
"< Application, Lorg/codehaus/janino/util/CausedException, <init>(Ljava/lang/String;)V >"
"< Application, Lorg/apache/commons/cli/MissingArgumentException, <init>(Ljava/lang/String;)V >"
"< Application, Lorg/codehaus/janino/UnitCompiler$31, <init>(Lorg/codehaus/janino/Java$MethodDeclarator;Lorg/codehaus/janino/UnitCompiler;Lorg/codehaus/janino/IClass;)V >"
"< Application, Lorg/sunflow/core/gi/InstantGI$PointLightStore, <init>(Lorg/sunflow/core/gi/InstantGI;)V >"
"< Application, Lorg/sunflow/core/display/FrameDisplay$RenderFrame$1, <init>(Lorg/sunflow/core/display/FrameDisplay$RenderFrame;)V >"
"< Application, Lorg/codehaus/janino/Java$BinaryOperation, <init>(Lorg/codehaus/janino/Location;Lorg/codehaus/janino/Java$Rvalue;Ljava/lang/String;Lorg/codehaus/janino/Java$Rvalue;)V >"
"< Application, Lorg/codehaus/janino/CodeContext$Branch, <init>(Lorg/codehaus/janino/CodeContext;ILorg/codehaus/janino/CodeContext$Offset;)V >"
"< Application, Lorg/codehaus/janino/util/resource/PathResourceFinder, <init>(Ljava/util/Iterator;)V >"
"< Application, Lorg/sunflow/core/bucket/RowBucketOrder, <init>()V >"
"< Application, Lorg/codehaus/janino/Scanner$1, <init>()V >"
"< Application, Lorg/codehaus/janino/ExpressionEvaluator, <init>(Ljava/lang/String;Ljava/lang/Class;[Ljava/lang/String;[Ljava/lang/Class;)V >"
"< Application, Lorg/codehaus/janino/util/ClassFile$LocalVariableTableAttribute, <init>(S[Lorg/codehaus/janino/util/ClassFile$LocalVariableTableAttribute$Entry;)V >"
"< Application, Lorg/codehaus/janino/Scanner$EOFToken, <init>(Lorg/codehaus/janino/Scanner;)V >"
"< Application, Lorg/codehaus/janino/Java$ArrayLength, <init>(Lorg/codehaus/janino/Location;Lorg/codehaus/janino/Java$Rvalue;)V >"
"< Application, Lorg/sunflow/core/ParameterList$FloatParameter, <init>(F)V >"
"< Application, Lorg/codehaus/janino/tools/Disassembler$14, <init>([SLorg/codehaus/janino/tools/Disassembler;)V >"
"< Application, Lorg/sunflow/util/FastHashMap, <init>()V >"
"< Application, Lorg/sunflow/RenderObjectMap$RenderObjectHandle, <init>(Lorg/sunflow/core/Tesselatable;Lorg/sunflow/RenderObjectMap$1;)V >"
"< Application, Lorg/codehaus/janino/tools/JGrep$4, <init>([Lorg/codehaus/janino/util/StringPattern;)V >"
"< Application, Lorg/codehaus/janino/Java$ArrayType, <init>(Lorg/codehaus/janino/Java$Type;)V >"
"< Application, Lorg/codehaus/janino/tools/JGrep$5, <init>(Ljava/util/List;Lorg/codehaus/janino/UnitCompiler;)V >"
"< Application, Lorg/codehaus/janino/Java$Crement, <init>(Lorg/codehaus/janino/Location;Lorg/codehaus/janino/Java$Lvalue;Ljava/lang/String;)V >"
"< Application, Lorg/codehaus/janino/tools/Disassembler$2, <init>(SSLorg/codehaus/janino/tools/Disassembler;)V >"
