"< Application, Lorg/codehaus/janino/UnitCompiler$30, getAccess()Lorg/codehaus/janino/Access; >"	3	6	[java_constant_int(0), java_constant_int(1), java_constant_int(2), java_constant_int(3), java_constant_int(4)]	"bb8"
"< Application, Lorg/dacapo/parser/ConfigFile, sizeSpec(Lorg/dacapo/parser/Config;)V >"	10	17	[java_constant_int(13), java_constant_int(20), java_constant_int(32), java_constant_int(43), java_constant_int(44)]	"bb13"
"< Application, Lorg/dacapo/parser/ConfigFile, descId()Ljava/lang/String; >"	6	8	[java_constant_int(14), java_constant_int(15), java_constant_int(16), java_constant_int(17), java_constant_int(18), java_constant_int(19), java_constant_int(20), java_constant_int(21), java_constant_int(22), java_constant_int(23), java_constant_int(24), java_constant_int(25), java_constant_int(26), java_constant_int(27), java_constant_int(28), java_constant_int(29), java_constant_int(30), java_constant_int(31), java_constant_int(32), java_constant_int(33), java_constant_int(34), java_constant_int(35), java_constant_int(36), java_constant_int(37), java_constant_int(38), java_constant_int(39), java_constant_int(40), java_constant_int(41), java_constant_int(42), java_constant_int(43), java_constant_int(44), java_constant_int(45), java_constant_int(46)]	"bb25"
"< Application, Lorg/dacapo/parser/ConfigFile, digestOption(Lorg/dacapo/parser/Config;Ljava/lang/String;Ljava/lang/String;)V >"	6	11	[java_constant_int(16), java_constant_int(23), java_constant_int(34), java_constant_int(40)]	"bb19"
"< Application, Lorg/sunflow/core/photonmap/CausticPhotonMap$Photon, getCoord(I)F >"	0	2	[java_constant_int(0), java_constant_int(1)]	"bb6"
"< Application, Lorg/sunflow/core/photonmap/GlobalPhotonMap, balanceSegment([Lorg/sunflow/core/photonmap/GlobalPhotonMap$Photon;III)V >"	133	38	[java_constant_int(0), java_constant_int(1)]	"bb126"
"< Application, Lorg/sunflow/core/primitive/Box, prepareShadingState(Lorg/sunflow/core/ShadingState;)V >"	5	12	[java_constant_int(0), java_constant_int(1), java_constant_int(2), java_constant_int(3), java_constant_int(4), java_constant_int(5)]	"bb37"
"< Application, Lorg/dacapo/parser/ConfigFileTokenManager, jjMoveStringLiteralDfa3_0(JJ)I >"	13	17	[java_constant_int(95), java_constant_int(96), java_constant_int(97), java_constant_int(98), java_constant_int(99), java_constant_int(100), java_constant_int(101), java_constant_int(102), java_constant_int(103), java_constant_int(104), java_constant_int(105), java_constant_int(106), java_constant_int(107), java_constant_int(108), java_constant_int(109), java_constant_int(110), java_constant_int(111), java_constant_int(112), java_constant_int(113), java_constant_int(114), java_constant_int(115), java_constant_int(116), java_constant_int(117), java_constant_int(118), java_constant_int(119), java_constant_int(120), java_constant_int(121)]	"bb54"
"< Application, Lorg/sunflow/math/Point3, get(I)F >"	0	2	[java_constant_int(0), java_constant_int(1)]	"bb6"
"< Application, Lorg/dacapo/parser/TokenMgrError, addEscapes(Ljava/lang/String;)Ljava/lang/String; >"	6	9	[java_constant_int(0), java_constant_int(8), java_constant_int(9), java_constant_int(10), java_constant_int(12), java_constant_int(13), java_constant_int(34), java_constant_int(39), java_constant_int(92)]	"bb25"
"< Application, Lorg/codehaus/janino/Java$BasicType, toString()Ljava/lang/String; >"	1	3	[java_constant_int(0), java_constant_int(1), java_constant_int(2), java_constant_int(3), java_constant_int(4), java_constant_int(5), java_constant_int(6), java_constant_int(7), java_constant_int(8)]	"bb12"
"< Application, Lorg/dacapo/parser/ConfigFileTokenManager, jjMoveStringLiteralDfa5_0(JJ)I >"	13	17	[java_constant_int(100), java_constant_int(101), java_constant_int(102), java_constant_int(103), java_constant_int(104), java_constant_int(105), java_constant_int(106), java_constant_int(107), java_constant_int(108), java_constant_int(109), java_constant_int(110), java_constant_int(111), java_constant_int(112), java_constant_int(113), java_constant_int(114), java_constant_int(115), java_constant_int(116), java_constant_int(117), java_constant_int(118), java_constant_int(119), java_constant_int(120), java_constant_int(121)]	"bb56"
"< Application, Lorg/codehaus/janino/CodeContext, flowAnalysis(Ljava/lang/String;[BIII[B)V >"	218	131	[java_constant_int(0), java_constant_int(2048)]	"bb168"
"< Application, Lorg/dacapo/parser/ConfigFileTokenManager, SkipLexicalActions(Lorg/dacapo/parser/Token;)V >"	1	4	[]	"bb3"
"< Application, Lorg/dacapo/parser/ConfigFile, sizeClause(Lorg/dacapo/parser/Config;Ljava/lang/String;)V >"	25	73	[java_constant_int(51)]	"bb26"
"< Application, Lorg/dacapo/parser/ConfigFileTokenManager, jjMoveStringLiteralDfa2_0(JJ)I >"	13	17	[java_constant_int(97), java_constant_int(98), java_constant_int(99), java_constant_int(100), java_constant_int(101), java_constant_int(102), java_constant_int(103), java_constant_int(104), java_constant_int(105), java_constant_int(106), java_constant_int(107), java_constant_int(108), java_constant_int(109), java_constant_int(110), java_constant_int(111), java_constant_int(112), java_constant_int(113), java_constant_int(114), java_constant_int(115), java_constant_int(116), java_constant_int(117), java_constant_int(118), java_constant_int(119), java_constant_int(120), java_constant_int(121), java_constant_int(122)]	"bb53"
"< Application, Lorg/sunflow/RenderObjectMap, remove(Ljava/lang/String;)V >"	18	22	[java_constant_int(1), java_constant_int(2), java_constant_int(3), java_constant_int(4), java_constant_int(5)]	"bb85"
"< Application, Lorg/dacapo/parser/ConfigFileTokenManager, jjMoveStringLiteralDfa6_0(JJ)I >"	13	17	[java_constant_int(45), java_constant_int(97), java_constant_int(101), java_constant_int(103), java_constant_int(110), java_constant_int(112), java_constant_int(115), java_constant_int(117)]	"bb35"
"< Application, Lorg/dacapo/harness/Callback, init(Lorg/dacapo/parser/Config;)V >"	10	15	[java_constant_int(1), java_constant_int(2)]	"bb23"
"< Application, Lorg/sunflow/math/Vector3, get(I)F >"	0	2	[java_constant_int(0), java_constant_int(1)]	"bb6"
"< Application, Lorg/sunflow/core/primitive/Torus, getPrimitiveBound(II)F >"	0	3	[java_constant_int(0), java_constant_int(1), java_constant_int(2), java_constant_int(3), java_constant_int(4), java_constant_int(5)]	"bb12"
"< Application, Lorg/sunflow/image/Bitmap, <init>(Ljava/lang/String;Z)V >"	15	240	[java_constant_int(32), java_constant_int(48), java_constant_int(49), java_constant_int(50), java_constant_int(51), java_constant_int(52), java_constant_int(53), java_constant_int(54), java_constant_int(55), java_constant_int(56), java_constant_int(57), java_constant_int(88), java_constant_int(89)]	"bb42"
"< Application, Lorg/dacapo/parser/ConfigFile, sizeClause(Lorg/dacapo/parser/Config;Ljava/lang/String;)V >"	16	61	[java_constant_int(49)]	"bb34"
"< Application, Lorg/sunflow/core/primitive/CornellBox, getBound(I)F >"	0	2	[java_constant_int(0), java_constant_int(1), java_constant_int(2), java_constant_int(3), java_constant_int(4), java_constant_int(5)]	"bb14"
"< Application, Lorg/dacapo/parser/ConfigFile, outputClause(Lorg/dacapo/parser/Config;Ljava/lang/String;Ljava/lang/String;)V >"	6	11	[java_constant_int(17), java_constant_int(18), java_constant_int(19), java_constant_int(20), java_constant_int(21), java_constant_int(22), java_constant_int(23), java_constant_int(24), java_constant_int(25), java_constant_int(26), java_constant_int(27), java_constant_int(28), java_constant_int(29)]	"bb52"
"< Application, Lorg/dacapo/parser/ConfigFileTokenManager, jjMoveStringLiteralDfa1_3(J)I >"	7	9	[java_constant_int(47)]	"bb11"
"< Application, Lorg/dacapo/parser/ConfigFile, libraries(Lorg/dacapo/parser/Config;)V >"	10	15	[java_constant_int(51)]	"bb13"
"< Application, Lorg/sunflow/core/accel/KDTree$BuildStats, updateLeaf(II)V >"	21	3	[java_constant_int(0), java_constant_int(1), java_constant_int(2), java_constant_int(3), java_constant_int(4)]	"bb35"
"< Application, Lorg/codehaus/janino/Scanner, internalRead()Lorg/codehaus/janino/Scanner$Token; >"	7	119	[java_constant_int(0), java_constant_int(1), java_constant_int(2), java_constant_int(3), java_constant_int(4), java_constant_int(5), java_constant_int(6), java_constant_int(7), java_constant_int(8), java_constant_int(9), java_constant_int(10)]	"bb181"
"< Application, Lorg/sunflow/core/primitive/Plane, update(Lorg/sunflow/core/ParameterList;Lorg/sunflow/SunflowAPI;)Z >"	43	61	[java_constant_int(0), java_constant_int(1), java_constant_int(2)]	"bb56"
"< Application, Lorg/sunflow/core/ShadingState, getRandom(II)D >"	0	3	[java_constant_int(0), java_constant_int(1)]	"bb10"
"< Application, Lorg/sunflow/core/accel/KDTree, intersect(Lorg/sunflow/core/Ray;Lorg/sunflow/core/IntersectionState;)V >"	111	112	[java_constant_int(-2147483648), java_constant_int(0), java_constant_int(1073741824)]	"bb129"
"< Application, Lorg/dacapo/parser/ConfigFile, configFile()Lorg/dacapo/parser/Config; >"	25	17	[java_constant_int(20), java_constant_int(37)]	"bb27"
"< Application, Lorg/dacapo/parser/ConfigFileTokenManager, jjMoveStringLiteralDfa10_0(JJ)I >"	13	17	[java_constant_int(101), java_constant_int(105), java_constant_int(110)]	"bb19"
"< Application, Lorg/codehaus/janino/CodeContext, determineArgumentsSize(S)I >"	26	34	[java_constant_int(41), java_constant_int(66), java_constant_int(67), java_constant_int(68), java_constant_int(70), java_constant_int(73), java_constant_int(74), java_constant_int(76), java_constant_int(83), java_constant_int(90), java_constant_int(91)]	"bb51"
"< Application, Lorg/sunflow/image/Bitmap, <init>(Ljava/lang/String;Z)V >"	258	58	[java_constant_int(2), java_constant_int(10)]	"bb228"
"< Application, Lorg/sunflow/core/primitive/TriangleMesh, prepareShadingState(Lorg/sunflow/core/ShadingState;)V >"	142	183	[java_constant_int(1), java_constant_int(2), java_constant_int(3), java_constant_int(4)]	"bb107"
"< Application, Lorg/codehaus/janino/Scanner, scanNumericLiteral(I)Lorg/codehaus/janino/Scanner$Token; >"	8	152	[java_constant_int(0), java_constant_int(1), java_constant_int(2), java_constant_int(3), java_constant_int(4), java_constant_int(5), java_constant_int(6), java_constant_int(7), java_constant_int(8), java_constant_int(9)]	"bb226"
"< Application, Lorg/dacapo/parser/ParseException, add_escapes(Ljava/lang/String;)Ljava/lang/String; >"	6	9	[java_constant_int(0), java_constant_int(8), java_constant_int(9), java_constant_int(10), java_constant_int(12), java_constant_int(13), java_constant_int(34), java_constant_int(39), java_constant_int(92)]	"bb25"
"< Application, Lorg/dacapo/parser/ConfigFileTokenManager, jjMoveStringLiteralDfa4_0(JJ)I >"	13	17	[java_constant_int(97), java_constant_int(98), java_constant_int(99), java_constant_int(100), java_constant_int(101), java_constant_int(102), java_constant_int(103), java_constant_int(104), java_constant_int(105), java_constant_int(106), java_constant_int(107), java_constant_int(108), java_constant_int(109), java_constant_int(110), java_constant_int(111), java_constant_int(112), java_constant_int(113), java_constant_int(114), java_constant_int(115), java_constant_int(116), java_constant_int(117)]	"bb51"
"< Application, Lorg/codehaus/janino/Scanner, stringToIntegerLiteralToken(Ljava/lang/String;I)Lorg/codehaus/janino/Scanner$LiteralToken; >"	0	3	[java_constant_int(8), java_constant_int(9), java_constant_int(10), java_constant_int(11), java_constant_int(12), java_constant_int(13), java_constant_int(14), java_constant_int(15), java_constant_int(16)]	"bb49"
"< Application, Lorg/sunflow/core/primitive/TriangleMesh$BakingSurface, getPrimitiveBound(II)F >"	29	3	[java_constant_int(0), java_constant_int(1), java_constant_int(2), java_constant_int(3)]	"bb43"
"< Application, Lorg/dacapo/parser/ConfigFileTokenManager, getNextToken()Lorg/dacapo/parser/Token; >"	17	11	[java_constant_int(0), java_constant_int(1), java_constant_int(2), java_constant_int(3)]	"bb59"
"< Application, Lorg/dacapo/parser/ConfigFile, threadModel()Lorg/dacapo/parser/Config$ThreadModel; >"	6	8	[java_constant_int(24), java_constant_int(33), java_constant_int(36)]	"bb13"
"< Application, Lorg/sunflow/core/accel/KDTree, dumpObj(IIILorg/sunflow/math/BoundingBox;Ljava/io/FileWriter;Ljava/io/FileWriter;)I >"	222	21	[java_constant_int(-2147483648), java_constant_int(0), java_constant_int(1073741824)]	"bb238"
"< Application, Lorg/sunflow/core/primitive/TriangleMesh$BakingSurface, intersectPrimitive(Lorg/sunflow/core/Ray;ILorg/sunflow/core/IntersectionState;)V >"	6	14	[java_constant_int(1), java_constant_int(2), java_constant_int(3), java_constant_int(4)]	"bb7"
"< Application, Lorg/sunflow/RenderObjectMap, update(Ljava/lang/String;Lorg/sunflow/core/ParameterList;Lorg/sunflow/SunflowAPI;)Z >"	27	27	[java_constant_int(3), java_constant_int(4), java_constant_int(5)]	"bb29"
"< Application, Lorg/sunflow/core/primitive/TriangleMesh$WaldTriangle, intersectBox(Lorg/sunflow/core/Ray;FFFILorg/sunflow/core/IntersectionState;)V >"	1	9	[java_constant_int(0), java_constant_int(1), java_constant_int(2)]	"bb39"
"< Application, Lorg/codehaus/janino/Descriptor, toString(Ljava/lang/String;ILjava/lang/StringBuffer;)I >"	19	19	[java_constant_int(66), java_constant_int(67), java_constant_int(68), java_constant_int(69), java_constant_int(70), java_constant_int(71), java_constant_int(72), java_constant_int(73), java_constant_int(74), java_constant_int(75), java_constant_int(76), java_constant_int(77), java_constant_int(78), java_constant_int(79), java_constant_int(80), java_constant_int(81), java_constant_int(82), java_constant_int(83), java_constant_int(84), java_constant_int(85), java_constant_int(86), java_constant_int(87), java_constant_int(88), java_constant_int(89), java_constant_int(90)]	"bb51"
"< Application, Lorg/codehaus/janino/util/ClassFile$ConstantPoolInfo, loadConstantPoolInfo(Ljava/io/DataInputStream;)Lorg/codehaus/janino/util/ClassFile$ConstantPoolInfo; >"	1	4	[java_constant_int(1), java_constant_int(2), java_constant_int(3), java_constant_int(4), java_constant_int(5), java_constant_int(6), java_constant_int(7), java_constant_int(8), java_constant_int(9), java_constant_int(10), java_constant_int(11), java_constant_int(12)]	"bb51"
"< Application, Lorg/sunflow/core/primitive/CornellBox, getPrimitiveBound(II)F >"	0	3	[java_constant_int(0), java_constant_int(1), java_constant_int(2), java_constant_int(3), java_constant_int(4), java_constant_int(5)]	"bb14"
"< Application, Lorg/codehaus/janino/UnitCompiler$21, getAccess()Lorg/codehaus/janino/Access; >"	3	6	[java_constant_int(0), java_constant_int(1), java_constant_int(2), java_constant_int(3), java_constant_int(4)]	"bb8"
"< Application, Lorg/dacapo/parser/ConfigFileTokenManager, jjMoveNfa_1(II)I >"	68	30	[]	"bb54"
"< Application, Lorg/dacapo/parser/ConfigFile, configFile()Lorg/dacapo/parser/Config; >"	7	10	[java_constant_int(20), java_constant_int(37)]	"bb13"
"< Application, Lorg/sunflow/core/display/OpenExrDisplay, compress(I[BI[B)I >"	31	1	[java_constant_int(1), java_constant_int(3)]	"bb30"
"< Application, Lorg/dacapo/parser/ConfigFile, outputClause(Lorg/dacapo/parser/Config;Ljava/lang/String;Ljava/lang/String;)V >"	14	46	[java_constant_int(52)]	"bb32"
"< Application, Lorg/sunflow/core/primitive/TriangleMesh$BakingSurface, getPrimitiveBound(II)F >"	8	13	[java_constant_int(1), java_constant_int(2), java_constant_int(3), java_constant_int(4)]	"bb9"
"< Application, Lorg/dacapo/parser/ConfigFile, outputFile(Lorg/dacapo/parser/Config;Ljava/lang/String;)V >"	28	34	[java_constant_int(17), java_constant_int(18), java_constant_int(19), java_constant_int(20), java_constant_int(21), java_constant_int(22), java_constant_int(23), java_constant_int(24), java_constant_int(25), java_constant_int(26), java_constant_int(27), java_constant_int(28), java_constant_int(29)]	"bb28"
"< Application, Lorg/dacapo/parser/ConfigFileTokenManager, jjMoveStringLiteralDfa0_2()I >"	1	3	[java_constant_int(42)]	"bb5"
"< Application, Lorg/sunflow/system/ImagePanel$ScrollZoomListener, mousePressed(Ljava/awt/event/MouseEvent;)V >"	5	9	[java_constant_int(1), java_constant_int(2), java_constant_int(3)]	"bb23"
"< Application, Lorg/dacapo/parser/ConfigFileTokenManager, jjMoveNfa_0(II)I >"	223	30	[java_constant_int(1), java_constant_int(10)]	"bb180"
"< Application, Lorg/sunflow/core/primitive/Box, getPrimitiveBound(II)F >"	0	3	[java_constant_int(0), java_constant_int(1), java_constant_int(2), java_constant_int(3), java_constant_int(4), java_constant_int(5)]	"bb14"
"< Application, Lorg/sunflow/core/primitive/TriangleMesh$BakingSurface, prepareShadingState(Lorg/sunflow/core/ShadingState;)V >"	73	99	[java_constant_int(1), java_constant_int(2), java_constant_int(3), java_constant_int(4)]	"bb110"
"< Application, Lorg/dacapo/parser/ConfigFile, outputClause(Lorg/dacapo/parser/Config;Ljava/lang/String;Ljava/lang/String;)V >"	23	58	[java_constant_int(51)]	"bb23"
"< Application, Lorg/sunflow/core/accel/BoundingIntervalHierarchy$BuildStats, updateLeaf(II)V >"	21	3	[java_constant_int(0), java_constant_int(1), java_constant_int(2), java_constant_int(3), java_constant_int(4)]	"bb35"
"< Application, Lorg/dacapo/parser/ConfigFileTokenManager, jjMoveStringLiteralDfa1_0(J)I >"	8	12	[java_constant_int(42), java_constant_int(47), java_constant_int(97), java_constant_int(101), java_constant_int(104), java_constant_int(105), java_constant_int(108), java_constant_int(111), java_constant_int(114), java_constant_int(116), java_constant_int(117), java_constant_int(120), java_constant_int(121)]	"bb37"
"< Application, Lorg/dacapo/parser/ConfigFile, config()Lorg/dacapo/parser/Config; >"	11	17	[java_constant_int(18), java_constant_int(25), java_constant_int(27), java_constant_int(45)]	"bb14"
"< Application, Lorg/sunflow/core/primitive/CubeGrid, prepareShadingState(Lorg/sunflow/core/ShadingState;)V >"	6	14	[java_constant_int(0), java_constant_int(1), java_constant_int(2), java_constant_int(3), java_constant_int(4), java_constant_int(5)]	"bb26"
"< Application, Lorg/sunflow/core/primitive/TriangleMesh$WaldTriangle, <init>(Lorg/sunflow/core/primitive/TriangleMesh;I)V >"	40	49	[java_constant_int(0), java_constant_int(1), java_constant_int(2)]	"bb73"
"< Application, Lorg/dacapo/parser/Config, getThreadCount(Ljava/lang/String;)I >"	4	9	[java_constant_int(1), java_constant_int(2), java_constant_int(3)]	"bb15"
"< Application, Lorg/codehaus/janino/CodeContext, flowAnalysis(Ljava/lang/String;[BIII[B)V >"	203	126	[java_constant_int(0), java_constant_int(512), java_constant_int(1024)]	"bb158"
"< Application, Lorg/sunflow/core/primitive/QuadMesh, prepareShadingState(Lorg/sunflow/core/ShadingState;)V >"	113	138	[java_constant_int(1), java_constant_int(2), java_constant_int(3), java_constant_int(4)]	"bb113"
"< Application, Lorg/apache/commons/cli/PatternOptionBuilder, getValueClass(C)Ljava/lang/Object; >"	0	1	[java_constant_int(35), java_constant_int(36), java_constant_int(37), java_constant_int(38), java_constant_int(39), java_constant_int(40), java_constant_int(41), java_constant_int(42), java_constant_int(43), java_constant_int(44), java_constant_int(45), java_constant_int(46), java_constant_int(47), java_constant_int(48), java_constant_int(49), java_constant_int(50), java_constant_int(51), java_constant_int(52), java_constant_int(53), java_constant_int(54), java_constant_int(55), java_constant_int(56), java_constant_int(57), java_constant_int(58), java_constant_int(59), java_constant_int(60), java_constant_int(61), java_constant_int(62), java_constant_int(63), java_constant_int(64)]	"bb11"
"< Application, Lorg/sunflow/core/primitive/Hair, getWidth(I)F >"	5	9	[java_constant_int(1), java_constant_int(2)]	"bb14"
"< Application, Lorg/codehaus/janino/tools/Disassembler, readConstantPoolInfo(Ljava/io/DataInputStream;)Lorg/codehaus/janino/tools/Disassembler$ConstantPoolInfo; >"	1	5	[java_constant_int(1), java_constant_int(2), java_constant_int(3), java_constant_int(4), java_constant_int(5), java_constant_int(6), java_constant_int(7), java_constant_int(8), java_constant_int(9), java_constant_int(10), java_constant_int(11), java_constant_int(12)]	"bb51"
"< Application, Lorg/codehaus/janino/CodeContext, flowAnalysis(Ljava/lang/String;[BIII[B)V >"	136	68	[java_constant_int(0), java_constant_int(32), java_constant_int(64), java_constant_int(96), java_constant_int(128), java_constant_int(160), java_constant_int(192), java_constant_int(224), java_constant_int(256), java_constant_int(288), java_constant_int(320), java_constant_int(352), java_constant_int(384)]	"bb147"
"< Application, Lorg/sunflow/core/primitive/CornellBox, prepareShadingState(Lorg/sunflow/core/ShadingState;)V >"	5	12	[java_constant_int(0), java_constant_int(1), java_constant_int(2), java_constant_int(3), java_constant_int(4), java_constant_int(5)]	"bb37"
"< Application, Lorg/dacapo/parser/ConfigFileTokenManager, jjMoveNfa_1(II)I >"	17	36	[java_constant_int(0), java_constant_int(1), java_constant_int(2)]	"bb37"
"< Application, Lorg/sunflow/core/parser/RA2Parser, parse(Ljava/lang/String;Lorg/sunflow/SunflowAPI;)Z >"	93	120	[java_constant_int(0), java_constant_int(1), java_constant_int(2)]	"bb92"
"< Application, Lorg/sunflow/core/primitive/TriangleMesh, prepareShadingState(Lorg/sunflow/core/ShadingState;)V >"	33	57	[java_constant_int(1), java_constant_int(2), java_constant_int(3), java_constant_int(4)]	"bb79"
"< Application, Lorg/dacapo/parser/ConfigFileTokenManager, jjMoveStringLiteralDfa9_0(JJ)I >"	13	17	[java_constant_int(100), java_constant_int(109), java_constant_int(111)]	"bb18"
"< Application, Lorg/dacapo/parser/SimpleCharStream, UpdateLineColumn(C)V >"	21	2	[java_constant_int(9), java_constant_int(10), java_constant_int(11), java_constant_int(12), java_constant_int(13)]	"bb33"
"< Application, Lorg/dacapo/parser/ConfigFileTokenManager, jjMoveNfa_0(II)I >"	169	151	[java_constant_int(1), java_constant_int(2), java_constant_int(3), java_constant_int(4), java_constant_int(5), java_constant_int(6), java_constant_int(7), java_constant_int(8), java_constant_int(9), java_constant_int(10), java_constant_int(11), java_constant_int(12)]	"bb164"
"< Application, Lorg/codehaus/janino/UnitCompiler$31, getAccess()Lorg/codehaus/janino/Access; >"	3	6	[java_constant_int(0), java_constant_int(1), java_constant_int(2), java_constant_int(3), java_constant_int(4)]	"bb8"
"< Application, Lorg/apache/commons/cli/Option, addValueForProcessing(Ljava/lang/String;)V >"	1	4	[java_constant_int(-1)]	"bb6"
"< Application, Lorg/sunflow/core/photonmap/GlobalPhotonMap, balanceSegment([Lorg/sunflow/core/photonmap/GlobalPhotonMap$Photon;III)V >"	80	38	[java_constant_int(0), java_constant_int(1)]	"bb81"
"< Application, Lorg/dacapo/parser/ConfigFileTokenManager, jjMoveNfa_0(II)I >"	17	50	[java_constant_int(0), java_constant_int(1), java_constant_int(2), java_constant_int(3), java_constant_int(4), java_constant_int(5), java_constant_int(6), java_constant_int(7), java_constant_int(8), java_constant_int(9), java_constant_int(10), java_constant_int(11), java_constant_int(12), java_constant_int(13), java_constant_int(14), java_constant_int(15), java_constant_int(16), java_constant_int(17), java_constant_int(18)]	"bb125"
"< Application, Lorg/sunflow/core/ShadingState, getRandom(III)D >"	0	3	[java_constant_int(0), java_constant_int(1)]	"bb9"
"< Application, Lorg/sunflow/core/photonmap/CausticPhotonMap, balanceSegment([Lorg/sunflow/core/photonmap/CausticPhotonMap$Photon;III)V >"	80	38	[java_constant_int(0), java_constant_int(1)]	"bb81"
"< Application, Lorg/sunflow/core/accel/KDTree, buildTree(FFFFFFLorg/sunflow/core/accel/KDTree$BuildTask;ILorg/sunflow/util/IntArray;ILorg/sunflow/util/IntArray;Lorg/sunflow/core/accel/KDTree$BuildStats;)V >"	307	159	[java_constant_int(0), java_constant_int(1), java_constant_int(2)]	"bb202"
"< Application, Lorg/sunflow/core/primitive/TriangleMesh$BakingSurface, getPrimitiveBound(II)F >"	67	3	[java_constant_int(0), java_constant_int(1), java_constant_int(2), java_constant_int(3)]	"bb68"
"< Application, Lorg/dacapo/parser/Token, newToken(ILjava/lang/String;)Lorg/dacapo/parser/Token; >"	0	1	[]	"bb2"
"< Application, Lorg/sunflow/core/primitive/CornellBox, getRadiance(Lorg/sunflow/core/ShadingState;)Lorg/sunflow/image/Color; >"	1	5	[java_constant_int(0), java_constant_int(1), java_constant_int(2), java_constant_int(3), java_constant_int(4), java_constant_int(5)]	"bb34"
"< Application, Lorg/codehaus/janino/UnitCompiler, dup(Lorg/codehaus/janino/Java$Locatable;I)V >"	0	3	[java_constant_int(0), java_constant_int(1), java_constant_int(2)]	"bb6"
"< Application, Lorg/sunflow/core/primitive/Plane, prepareShadingState(Lorg/sunflow/core/ShadingState;)V >"	18	35	[java_constant_int(0), java_constant_int(1), java_constant_int(2)]	"bb29"
"< Application, Lorg/dacapo/parser/ConfigFileTokenManager, MoreLexicalActions()V >"	7	8	[java_constant_int(7)]	"bb16"
"< Application, Lorg/sunflow/core/ParameterList$Parameter, size()I >"	4	7	[java_constant_int(1), java_constant_int(2), java_constant_int(3), java_constant_int(4), java_constant_int(5), java_constant_int(6), java_constant_int(7), java_constant_int(8), java_constant_int(9)]	"bb46"
"< Application, Lorg/dacapo/parser/ConfigFileTokenManager, jjMoveStringLiteralDfa7_0(JJ)I >"	13	17	[java_constant_int(104), java_constant_int(105), java_constant_int(106), java_constant_int(107), java_constant_int(108), java_constant_int(109), java_constant_int(110), java_constant_int(111), java_constant_int(112), java_constant_int(113), java_constant_int(114), java_constant_int(115), java_constant_int(116)]	"bb22"
"< Application, Lorg/sunflow/core/photonmap/GlobalPhotonMap$Photon, getDist1(FFF)F >"	2	8	[java_constant_int(0), java_constant_int(1)]	"bb7"
"< Application, Lorg/dacapo/parser/ConfigFileTokenManager, jjMoveStringLiteralDfa0_0()I >"	1	3	[java_constant_int(40), java_constant_int(41), java_constant_int(42), java_constant_int(43), java_constant_int(44), java_constant_int(45), java_constant_int(46), java_constant_int(47), java_constant_int(48), java_constant_int(49), java_constant_int(50), java_constant_int(51), java_constant_int(52), java_constant_int(53), java_constant_int(54), java_constant_int(55), java_constant_int(56), java_constant_int(57), java_constant_int(58), java_constant_int(59), java_constant_int(60), java_constant_int(61), java_constant_int(62), java_constant_int(63), java_constant_int(64), java_constant_int(65), java_constant_int(66), java_constant_int(67), java_constant_int(68), java_constant_int(69), java_constant_int(70), java_constant_int(71), java_constant_int(72), java_constant_int(73), java_constant_int(74), java_constant_int(75), java_constant_int(76), java_constant_int(77), java_constant_int(78), java_constant_int(79), java_constant_int(80), java_constant_int(81), java_constant_int(82), java_constant_int(83), java_constant_int(84), java_constant_int(85), java_constant_int(86), java_constant_int(87), java_constant_int(88), java_constant_int(89), java_constant_int(90), java_constant_int(91), java_constant_int(92), java_constant_int(93), java_constant_int(94), java_constant_int(95), java_constant_int(96), java_constant_int(97), java_constant_int(98), java_constant_int(99), java_constant_int(100), java_constant_int(101), java_constant_int(102), java_constant_int(103), java_constant_int(104), java_constant_int(105), java_constant_int(106), java_constant_int(107), java_constant_int(108), java_constant_int(109), java_constant_int(110), java_constant_int(111), java_constant_int(112), java_constant_int(113), java_constant_int(114), java_constant_int(115), java_constant_int(116), java_constant_int(117), java_constant_int(118)]	"bb47"
"< Application, Lorg/sunflow/core/primitive/TriangleMesh$BakingSurface, prepareShadingState(Lorg/sunflow/core/ShadingState;)V >"	187	231	[java_constant_int(1), java_constant_int(2), java_constant_int(3), java_constant_int(4)]	"bb141"
"< Application, Lorg/dacapo/parser/ConfigFile, sizeClause(Lorg/dacapo/parser/Config;Ljava/lang/String;)V >"	60	28	[java_constant_int(51)]	"bb60"
"< Application, Lorg/sunflow/core/primitive/TriangleMesh$WaldTriangle, intersect(Lorg/sunflow/core/Ray;ILorg/sunflow/core/IntersectionState;)V >"	1	6	[java_constant_int(0), java_constant_int(1), java_constant_int(2)]	"bb102"
"< Application, Lorg/dacapo/parser/ConfigFileTokenManager, jjMoveStringLiteralDfa8_0(JJ)I >"	13	17	[java_constant_int(105), java_constant_int(107), java_constant_int(111), java_constant_int(116)]	"bb22"
"< Application, Lorg/sunflow/core/accel/BoundingIntervalHierarchy, intersect(Lorg/sunflow/core/Ray;Lorg/sunflow/core/IntersectionState;)V >"	120	121	[java_constant_int(-2147483648), java_constant_int(-1610612736), java_constant_int(-1073741824), java_constant_int(0), java_constant_int(536870912), java_constant_int(1073741824), java_constant_int(1610612736)]	"bb216"
"< Application, Lorg/codehaus/janino/util/StringPattern, wildmatch(Ljava/lang/String;Ljava/lang/String;)Z >"	2	8	[java_constant_int(42), java_constant_int(63)]	"bb20"
"< Application, Lorg/dacapo/parser/ConfigFileTokenManager, jjMoveNfa_1(II)I >"	55	62	[]	"bb46"
"< Application, Lorg/codehaus/janino/CodeContext, flowAnalysis(Ljava/lang/String;[BIII[B)V >"	66	31	[java_constant_int(0), java_constant_int(1), java_constant_int(2), java_constant_int(3), java_constant_int(4), java_constant_int(5), java_constant_int(6), java_constant_int(7), java_constant_int(8), java_constant_int(9), java_constant_int(10), java_constant_int(11), java_constant_int(12), java_constant_int(13), java_constant_int(14), java_constant_int(15), java_constant_int(16), java_constant_int(17), java_constant_int(18)]	"bb74"
"< Application, Lorg/dacapo/parser/ConfigFile, sizeClause(Lorg/dacapo/parser/Config;Ljava/lang/String;)V >"	8	12	[java_constant_int(13), java_constant_int(20), java_constant_int(32), java_constant_int(43), java_constant_int(44)]	"bb67"
"< Application, Lorg/dacapo/parser/ConfigFileTokenManager, jjStopStringLiteralDfa_0(IJ)I >"	0	2	[java_constant_int(0), java_constant_int(1), java_constant_int(2), java_constant_int(3), java_constant_int(4), java_constant_int(5), java_constant_int(6), java_constant_int(7), java_constant_int(8), java_constant_int(9), java_constant_int(10)]	"bb74"
"< Application, Lorg/sunflow/math/BoundingBox, getBound(I)F >"	0	2	[java_constant_int(0), java_constant_int(1), java_constant_int(2), java_constant_int(3), java_constant_int(4), java_constant_int(5)]	"bb20"
"< Application, Lorg/sunflow/core/photonmap/CausticPhotonMap, balanceSegment([Lorg/sunflow/core/photonmap/CausticPhotonMap$Photon;III)V >"	133	38	[java_constant_int(0), java_constant_int(1)]	"bb126"
"< Application, Lorg/dacapo/parser/ConfigFile, outputFile(Lorg/dacapo/parser/Config;Ljava/lang/String;)V >"	6	10	[java_constant_int(38), java_constant_int(39), java_constant_int(49)]	"bb13"
"< Application, Lorg/sunflow/math/QMC, halton(II)D >"	0	1	[java_constant_int(0), java_constant_int(1)]	"bb9"
"< Application, Lorg/dacapo/parser/ConfigFile, configOption(Lorg/dacapo/parser/Config;)V >"	6	9	[java_constant_int(18), java_constant_int(25), java_constant_int(27), java_constant_int(45)]	"bb22"
"< Application, Lorg/dacapo/parser/ConfigFile, description(Lorg/dacapo/parser/Config;)V >"	8	13	[java_constant_int(51)]	"bb10"
"< Application, Lorg/dacapo/harness/Callback, runAgain()Z >"	25	32	[java_constant_int(1), java_constant_int(2)]	"bb85"
"< Application, Lorg/sunflow/core/primitive/TriangleMesh, getBakingPrimitives()Lorg/sunflow/core/PrimitiveList; >"	5	8	[java_constant_int(1), java_constant_int(2)]	"bb9"
"< Application, Lorg/dacapo/parser/ConfigFileTokenManager, jjMoveStringLiteralDfa0_3()I >"	1	3	[java_constant_int(42)]	"bb5"
"< Application, Lorg/sunflow/core/primitive/QuadMesh, prepareShadingState(Lorg/sunflow/core/ShadingState;)V >"	247	291	[java_constant_int(1), java_constant_int(2), java_constant_int(3), java_constant_int(4)]	"bb145"
"< Application, Lorg/dacapo/parser/ConfigFileTokenManager, jjMoveStringLiteralDfa1_2(J)I >"	7	9	[java_constant_int(47)]	"bb11"
"< Application, Lorg/sunflow/core/photonmap/GlobalPhotonMap$Photon, getCoord(I)F >"	0	2	[java_constant_int(0), java_constant_int(1)]	"bb6"
"< Application, Lorg/codehaus/janino/Scanner, stringToLongLiteralToken(Ljava/lang/String;I)Lorg/codehaus/janino/Scanner$LiteralToken; >"	0	3	[java_constant_int(8), java_constant_int(9), java_constant_int(10), java_constant_int(11), java_constant_int(12), java_constant_int(13), java_constant_int(14), java_constant_int(15), java_constant_int(16)]	"bb49"
"< Application, Lorg/dacapo/parser/ConfigFileTokenManager, jjMoveStringLiteralDfa11_0(JJ)I >"	13	17	[java_constant_int(108), java_constant_int(116)]	"bb18"
"< Application, Lorg/sunflow/core/photonmap/CausticPhotonMap$Photon, getDist1(FFF)F >"	2	8	[java_constant_int(0), java_constant_int(1)]	"bb7"
"< Application, Lorg/sunflow/core/ParameterList, getFloatParameter(Ljava/lang/String;Lorg/sunflow/core/ParameterList$ParameterType;Lorg/sunflow/core/ParameterList$Parameter;)Lorg/sunflow/core/ParameterList$FloatParameter; >"	6	12	[java_constant_int(1), java_constant_int(2), java_constant_int(3), java_constant_int(4)]	"bb26"
"< Application, Lorg/sunflow/core/primitive/CornellBox, scatterPhoton(Lorg/sunflow/core/ShadingState;Lorg/sunflow/image/Color;)V >"	1	6	[java_constant_int(0), java_constant_int(1), java_constant_int(2), java_constant_int(3), java_constant_int(4), java_constant_int(5)]	"bb29"
"< Application, Lorg/codehaus/janino/UnitCompiler, getType2(Lorg/codehaus/janino/Java$BasicType;)Lorg/codehaus/janino/IClass; >"	1	4	[java_constant_int(0), java_constant_int(1), java_constant_int(2), java_constant_int(3), java_constant_int(4), java_constant_int(5), java_constant_int(6), java_constant_int(7), java_constant_int(8)]	"bb12"
