"< Application, Lorg/codehaus/janino/util/ClassFile, getInnerClassesAttribute()Lorg/codehaus/janino/util/ClassFile$InnerClassesAttribute; >"	15	24	19	java_type_ref("<Application,Lorg/codehaus/janino/util/ClassFile$InnerClassesAttribute>")
"< Application, Lorg/codehaus/janino/UnitCompiler, assignmentConversion(Lorg/codehaus/janino/Java$Locatable;Ljava/lang/Object;Lorg/codehaus/janino/IClass;)Ljava/lang/Object; >"	91	72	3	java_type_ref("<Primordial,Ljava/lang/Integer>")
"< Application, Lorg/codehaus/janino/UnitCompiler, compileGetValue(Lorg/codehaus/janino/Java$ArrayInitializer;Lorg/codehaus/janino/IClass;)V >"	30	49	41	java_type_ref("<Application,Lorg/codehaus/janino/Java$ArrayInitializer>")
"< Application, Lorg/codehaus/janino/util/ClassFile$ConstantUtf8Info, equals(Ljava/lang/Object;)Z >"	0	4	2	java_type_ref("<Application,Lorg/codehaus/janino/util/ClassFile$ConstantUtf8Info>")
"< Application, Lorg/codehaus/janino/Java$ExpressionStatement, <init>(Lorg/codehaus/janino/Java$Rvalue;)V >"	2	7	2	java_type_ref("<Application,Lorg/codehaus/janino/Java$Assignment>")
"< Application, Lorg/codehaus/janino/UnitCompiler, getDeclaringTypeBodyDeclaration(Lorg/codehaus/janino/Java$QualifiedThisReference;)Lorg/codehaus/janino/Java$TypeBodyDeclaration; >"	6	8	12	java_type_ref("<Application,Lorg/codehaus/janino/Java$TypeBodyDeclaration>")
"< Application, Lorg/codehaus/janino/UnitCompiler, compile2(Lorg/codehaus/janino/Java$ContinueStatement;)Z >"	21	11	19	java_type_ref("<Application,Lorg/codehaus/janino/Java$LabeledStatement>")
"< Application, Lorg/codehaus/janino/UnitCompiler, getConstantValue2(Lorg/codehaus/janino/Java$BinaryOperation;)Ljava/lang/Object; >"	240	39	38	java_type_ref("<Primordial,Ljava/lang/Boolean>")
"< Application, Lorg/codehaus/janino/UnitCompiler, addFields(Lorg/codehaus/janino/Java$FieldDeclaration;Lorg/codehaus/janino/util/ClassFile;)V >"	17	24	23	java_type_ref("<Application,Lorg/codehaus/janino/Java$Rvalue>")
"< Application, Lorg/codehaus/janino/UnitCompiler, invokeConstructor(Lorg/codehaus/janino/Java$Locatable;Lorg/codehaus/janino/Java$Scope;Lorg/codehaus/janino/Java$Rvalue;Lorg/codehaus/janino/IClass;[Lorg/codehaus/janino/Java$Rvalue;)V >"	104	129	128	java_type_ref("<Application,Lorg/codehaus/janino/Java$Block>")
"< Application, Lorg/codehaus/janino/UnparseVisitor, comparePrecedence(Ljava/lang/String;Lorg/codehaus/janino/Java$Atom;)I >"	27	8	2	java_type_ref("<Application,Lorg/codehaus/janino/Java$Instanceof>")
"< Application, Lorg/codehaus/janino/UnitCompiler, assignmentConversion(Lorg/codehaus/janino/Java$Locatable;Ljava/lang/Object;Lorg/codehaus/janino/IClass;)Ljava/lang/Object; >"	112	56	3	java_type_ref("<Primordial,Ljava/lang/Long>")
"< Application, Lorg/codehaus/janino/UnitCompiler, getNegatedConstantValue2(Lorg/codehaus/janino/Java$Literal;)Ljava/lang/Object; >"	31	12	11	java_type_ref("<Primordial,Ljava/lang/Double>")
"< Application, Lorg/codehaus/janino/UnitCompiler, getNegatedConstantValue2(Lorg/codehaus/janino/Java$Literal;)Ljava/lang/Object; >"	1	5	4	java_type_ref("<Primordial,Ljava/lang/Integer>")
"< Application, Lorg/codehaus/janino/util/ClassFile, <init>(Ljava/io/InputStream;)V >"	1	5	2	java_type_ref("<Primordial,Ljava/io/DataInputStream>")
"< Application, Lorg/codehaus/janino/UnitCompiler, getConstantValue2(Lorg/codehaus/janino/Java$UnaryOperation;)Ljava/lang/Object; >"	17	21	20	java_type_ref("<Primordial,Ljava/lang/Boolean>")
"< Application, Lorg/codehaus/janino/UnitCompiler, getConstantValue2(Lorg/codehaus/janino/Java$BinaryOperation;)Ljava/lang/Object; >"	109	103	102	java_type_ref("<Primordial,Ljava/lang/Float>")
"< Application, Lorg/codehaus/janino/UnitCompiler, compileGet2(Lorg/codehaus/janino/Java$ConditionalExpression;)Lorg/codehaus/janino/IClass; >"	6	12	11	java_type_ref("<Primordial,Ljava/lang/Boolean>")
"< Application, Lorg/codehaus/janino/Java$Literal, <init>(Lorg/codehaus/janino/Location;Ljava/lang/Object;)V >"	5	9	3	java_type_ref("<Primordial,Ljava/lang/Float>")
"< Application, Lorg/codehaus/janino/UnitCompiler, getConstantValue2(Lorg/codehaus/janino/Java$BinaryOperation;)Ljava/lang/Object; >"	76	81	102	java_type_ref("<Primordial,Ljava/lang/Double>")
"< Application, Lorg/codehaus/janino/Scanner, literalValueToString(Ljava/lang/Object;)Ljava/lang/String; >"	90	10	1	java_type_ref("<Primordial,Ljava/lang/Boolean>")
"< Application, Lorg/codehaus/janino/UnitCompiler, assignmentConversion(Lorg/codehaus/janino/Java$Locatable;Ljava/lang/Object;Lorg/codehaus/janino/IClass;)Ljava/lang/Object; >"	13	120	3	java_type_ref("<Primordial,Ljava/lang/Byte>")
"< Application, Lorg/codehaus/janino/util/ClassFile, store(Ljava/io/OutputStream;)V >"	0	4	2	java_type_ref("<Primordial,Ljava/io/DataOutputStream>")
"< Application, Lorg/codehaus/janino/Java$Literal, <init>(Lorg/codehaus/janino/Location;Ljava/lang/Object;)V >"	7	10	3	java_type_ref("<Primordial,Ljava/lang/Double>")
"< Application, Lorg/codehaus/janino/util/ClassFile$ConstantDoubleInfo, equals(Ljava/lang/Object;)Z >"	0	4	2	java_type_ref("<Application,Lorg/codehaus/janino/util/ClassFile$ConstantDoubleInfo>")
"< Application, Lorg/codehaus/janino/Parser, parseClassBodyDeclaration(Lorg/codehaus/janino/Java$ClassDeclaration;)V >"	58	25	2	java_type_ref("<Application,Lorg/codehaus/janino/Java$NamedClassDeclaration>")
"< Application, Lorg/codehaus/janino/UnitCompiler, findLocalClassDeclaration(Lorg/codehaus/janino/Java$Scope;Ljava/lang/String;)Lorg/codehaus/janino/Java$LocalClassDeclaration; >"	15	21	20	java_type_ref("<Application,Lorg/codehaus/janino/Java$LocalClassDeclarationStatement>")
"< Application, Lorg/codehaus/janino/UnitCompiler, getType2(Lorg/codehaus/janino/Java$Literal;)Lorg/codehaus/janino/IClass; >"	11	10	9	java_type_ref("<Primordial,Ljava/lang/Float>")
"< Application, Lorg/codehaus/janino/UnitCompiler, invokeConstructor(Lorg/codehaus/janino/Java$Locatable;Lorg/codehaus/janino/Java$Scope;Lorg/codehaus/janino/Java$Rvalue;Lorg/codehaus/janino/IClass;[Lorg/codehaus/janino/Java$Rvalue;)V >"	138	153	156	java_type_ref("<Application,Lorg/codehaus/janino/Java$FunctionDeclarator>")
"< Application, Lorg/codehaus/janino/UnitCompiler, reclassifyName(Lorg/codehaus/janino/Location;Lorg/codehaus/janino/Java$Scope;[Ljava/lang/String;I)Lorg/codehaus/janino/Java$Atom; >"	34	72	3	java_type_ref("<Application,Lorg/codehaus/janino/Java$BlockStatement>")
"< Application, Lorg/codehaus/janino/UnitCompiler, assignmentConversion(Lorg/codehaus/janino/Java$Locatable;Ljava/lang/Object;Lorg/codehaus/janino/IClass;)Ljava/lang/Object; >"	145	43	3	java_type_ref("<Primordial,Ljava/lang/Long>")
"< Application, Lorg/codehaus/janino/UnitCompiler, assignmentConversion(Lorg/codehaus/janino/Java$Locatable;Ljava/lang/Object;Lorg/codehaus/janino/IClass;)Ljava/lang/Object; >"	94	73	3	java_type_ref("<Primordial,Ljava/lang/Byte>")
"< Application, Lorg/codehaus/janino/util/iterator/MultiDimensionalIterator, hasNext()Z >"	54	48	29	java_type_ref("<Primordial,Ljava/util/Enumeration>")
"< Application, Lorg/codehaus/janino/util/ClassFile$ConstantFloatInfo, equals(Ljava/lang/Object;)Z >"	0	4	2	java_type_ref("<Application,Lorg/codehaus/janino/util/ClassFile$ConstantFloatInfo>")
"< Application, Lorg/codehaus/janino/UnitCompiler, compileGet2(Lorg/codehaus/janino/Java$NewAnonymousClassInstance;)Lorg/codehaus/janino/IClass; >"	109	118	121	java_type_ref("<Application,Lorg/codehaus/janino/Java$TypeBodyDeclaration>")
"< Application, Lorg/codehaus/janino/UnitCompiler, assignmentConversion(Lorg/codehaus/janino/Java$Locatable;Ljava/lang/Object;Lorg/codehaus/janino/IClass;)Ljava/lang/Object; >"	16	121	3	java_type_ref("<Primordial,Ljava/lang/Short>")
"< Application, Lorg/codehaus/janino/util/ClassFile$ConstantIntegerInfo, equals(Ljava/lang/Object;)Z >"	0	4	2	java_type_ref("<Application,Lorg/codehaus/janino/util/ClassFile$ConstantIntegerInfo>")
"< Application, Lorg/codehaus/janino/UnitCompiler, compile2(Lorg/codehaus/janino/Java$IfStatement;)Z >"	33	98	97	java_type_ref("<Application,Lorg/codehaus/janino/Java$FunctionDeclarator>")
"< Application, Lorg/codehaus/janino/UnitCompiler, pushConstant(Lorg/codehaus/janino/Java$Locatable;Ljava/lang/Object;)Lorg/codehaus/janino/IClass; >"	31	10	3	java_type_ref("<Primordial,Ljava/lang/Long>")
"< Application, Lorg/codehaus/janino/UnitCompiler, isIntLV(Lorg/codehaus/janino/Java$Crement;)Lorg/codehaus/janino/Java$LocalVariable; >"	1	5	4	java_type_ref("<Application,Lorg/codehaus/janino/Java$AmbiguousName>")
"< Application, Lorg/codehaus/janino/UnitCompiler, findMostSpecificIInvocable(Lorg/codehaus/janino/Java$Locatable;[Lorg/codehaus/janino/IClass$IInvocable;[Lorg/codehaus/janino/IClass;Z)Lorg/codehaus/janino/IClass$IInvocable; >"	72	75	74	java_type_ref("<Application,Lorg/codehaus/janino/IClass$IMethod>")
"< Application, Lorg/codehaus/janino/UnitCompiler, buildLocalVariableMap(Lorg/codehaus/janino/Java$FunctionDeclarator;)V >"	31	44	2	java_type_ref("<Application,Lorg/codehaus/janino/Java$ConstructorDeclarator>")
"< Application, Lorg/codehaus/janino/UnitCompiler, getType2(Lorg/codehaus/janino/Java$Literal;)Lorg/codehaus/janino/IClass; >"	32	18	17	java_type_ref("<Primordial,Ljava/lang/Boolean>")
"< Application, Lorg/codehaus/janino/UnitCompiler, getConstantValue2(Lorg/codehaus/janino/Java$BinaryOperation;)Ljava/lang/Object; >"	142	124	102	java_type_ref("<Primordial,Ljava/lang/Long>")
"< Application, Lorg/codehaus/janino/UnitCompiler, assignmentConversion(Lorg/codehaus/janino/Java$Locatable;Ljava/lang/Object;Lorg/codehaus/janino/IClass;)Ljava/lang/Object; >"	117	58	3	java_type_ref("<Primordial,Ljava/lang/Short>")
"< Application, Lorg/codehaus/janino/UnitCompiler, assignmentConversion(Lorg/codehaus/janino/Java$Locatable;Ljava/lang/Object;Lorg/codehaus/janino/IClass;)Ljava/lang/Object; >"	28	123	3	java_type_ref("<Primordial,Ljava/lang/Character>")
"< Application, Lorg/codehaus/janino/UnitCompiler, loadFullyQualifiedClass([Ljava/lang/String;)Lorg/codehaus/janino/IClass; >"	26	44	43	java_type_ref("<Application,Lorg/codehaus/janino/CompileException>")
"< Application, Lorg/codehaus/janino/UnitCompiler, assignmentConversion(Lorg/codehaus/janino/Java$Locatable;Ljava/lang/Object;Lorg/codehaus/janino/IClass;)Ljava/lang/Object; >"	165	22	3	java_type_ref("<Primordial,Ljava/lang/Byte>")
"< Application, Lorg/codehaus/janino/UnitCompiler, compileGet2(Lorg/codehaus/janino/Java$ClassLiteral;)Lorg/codehaus/janino/IClass; >"	127	105	19	java_type_ref("<Application,Lorg/codehaus/janino/Java$ClassDeclaration>")
"< Application, Lorg/codehaus/janino/UnitCompiler, assignmentConversion(Lorg/codehaus/janino/Java$Locatable;Ljava/lang/Object;Lorg/codehaus/janino/IClass;)Ljava/lang/Object; >"	152	44	3	java_type_ref("<Primordial,Ljava/lang/Character>")
"< Application, Lorg/codehaus/janino/UnitCompiler, compile(Lorg/codehaus/janino/Java$FunctionDeclarator;Lorg/codehaus/janino/util/ClassFile;)V >"	77	106	2	java_type_ref("<Application,Lorg/codehaus/janino/Java$ConstructorDeclarator>")
"< Application, Lorg/codehaus/janino/UnitCompiler$29, getSuperclass2()Lorg/codehaus/janino/IClass; >"	17	7	6	java_type_ref("<Application,Lorg/codehaus/janino/Java$NamedClassDeclaration>")
"< Application, Lorg/codehaus/janino/UnitCompiler$29, getDeclaredIFields2()[Lorg/codehaus/janino/IClass$IField; >"	35	7	6	java_type_ref("<Application,Lorg/codehaus/janino/Java$InterfaceDeclaration>")
"< Application, Lorg/codehaus/janino/Java$LocalClassDeclaration, getClassName()Ljava/lang/String; >"	2	5	9	java_type_ref("<Application,Lorg/codehaus/janino/Java$TypeDeclaration>")
"< Application, Lorg/codehaus/janino/UnitCompiler, compile(Lorg/codehaus/janino/Java$FunctionDeclarator;Lorg/codehaus/janino/util/ClassFile;)V >"	3	17	2	java_type_ref("<Application,Lorg/codehaus/janino/Java$MethodDeclarator>")
"< Application, Lorg/codehaus/janino/UnitCompiler, compileGet2(Lorg/codehaus/janino/Java$ClassLiteral;)Lorg/codehaus/janino/IClass; >"	58	25	19	java_type_ref("<Application,Lorg/codehaus/janino/Java$ClassDeclaration>")
"< Application, Lorg/codehaus/janino/UnitCompiler, pushConstant(Lorg/codehaus/janino/Java$Locatable;Ljava/lang/Object;)Lorg/codehaus/janino/IClass; >"	47	11	3	java_type_ref("<Primordial,Ljava/lang/Float>")
"< Application, Lorg/codehaus/janino/UnitCompiler, getConstantValue2(Lorg/codehaus/janino/Java$BinaryOperation;)Ljava/lang/Object; >"	144	125	75	java_type_ref("<Primordial,Ljava/lang/Long>")
"< Application, Lorg/codehaus/janino/UnitCompiler, assignmentConversion(Lorg/codehaus/janino/Java$Locatable;Ljava/lang/Object;Lorg/codehaus/janino/IClass;)Ljava/lang/Object; >"	162	21	3	java_type_ref("<Primordial,Ljava/lang/Double>")
"< Application, Lorg/codehaus/janino/UnitCompiler, getNonConstantFinalInitializer(Lorg/codehaus/janino/Java$FieldDeclaration;Lorg/codehaus/janino/Java$VariableDeclarator;)Lorg/codehaus/janino/Java$ArrayInitializerOrRvalue; >"	10	15	14	java_type_ref("<Application,Lorg/codehaus/janino/Java$Rvalue>")
"< Application, Lorg/codehaus/janino/UnitCompiler, reclassifyName(Lorg/codehaus/janino/Location;Lorg/codehaus/janino/Java$Scope;Ljava/lang/String;)Lorg/codehaus/janino/Java$Atom; >"	97	65	64	java_type_ref("<Application,Lorg/codehaus/janino/Java$FunctionDeclarator>")
"< Application, Lorg/codehaus/janino/UnitCompiler$29, isAbstract()Z >"	1	4	3	java_type_ref("<Application,Lorg/codehaus/janino/Java$InterfaceDeclaration>")
"< Application, Lorg/codehaus/janino/util/ClassFile$ConstantStringInfo, equals(Ljava/lang/Object;)Z >"	0	4	2	java_type_ref("<Application,Lorg/codehaus/janino/util/ClassFile$ConstantStringInfo>")
"< Application, Lorg/codehaus/janino/ClassFileIClass, resolveAllClasses()V >"	3	11	10	java_type_ref("<Application,Lorg/codehaus/janino/util/ClassFile$ConstantClassInfo>")
"< Application, Lorg/codehaus/janino/UnitCompiler, pushConstant(Lorg/codehaus/janino/Java$Locatable;Ljava/lang/Object;)Lorg/codehaus/janino/IClass; >"	4	8	3	java_type_ref("<Primordial,Ljava/lang/Character>")
"< Application, Lorg/codehaus/janino/UnitCompiler, compile2(Lorg/codehaus/janino/Java$IfStatement;)Z >"	31	94	97	java_type_ref("<Application,Lorg/codehaus/janino/Java$Block>")
"< Application, Lorg/codehaus/janino/UnitCompiler, referenceThis(Lorg/codehaus/janino/Java$Locatable;Lorg/codehaus/janino/Java$ClassDeclaration;Lorg/codehaus/janino/Java$TypeBodyDeclaration;Lorg/codehaus/janino/IClass;)V >"	25	45	4	java_type_ref("<Application,Lorg/codehaus/janino/Java$ConstructorDeclarator>")
"< Application, Lorg/codehaus/janino/UnitCompiler, compile2(Lorg/codehaus/janino/Java$PackageMemberTypeDeclaration;)V >"	33	59	2	java_type_ref("<Application,Lorg/codehaus/janino/Java$InterfaceDeclaration>")
"< Application, Lorg/codehaus/janino/util/MultiIterator, hasNext()Z >"	10	13	12	java_type_ref("<Primordial,Ljava/util/Iterator>")
"< Application, Lorg/codehaus/janino/util/Traverser, traverseArrayInitializerOrRvalue(Lorg/codehaus/janino/Java$ArrayInitializerOrRvalue;)V >"	0	4	2	java_type_ref("<Application,Lorg/codehaus/janino/Java$Rvalue>")
"< Application, Lorg/codehaus/janino/UnitCompiler, compile2(Lorg/codehaus/janino/Java$BreakStatement;)Z >"	21	11	19	java_type_ref("<Application,Lorg/codehaus/janino/Java$LabeledStatement>")
"< Application, Lorg/codehaus/janino/util/ClassFile$ConstantFieldrefInfo, equals(Ljava/lang/Object;)Z >"	0	4	2	java_type_ref("<Application,Lorg/codehaus/janino/util/ClassFile$ConstantFieldrefInfo>")
"< Application, Lorg/codehaus/janino/tools/Disassembler$11, print(Ljava/util/Map;)V >"	25	39	38	java_type_ref("<Application,Lorg/codehaus/janino/tools/Disassembler$SourceRelatedAttributeInfo>")
"< Application, Lorg/codehaus/janino/UnitCompiler, compile2(Lorg/codehaus/janino/Java$InterfaceDeclaration;)V >"	67	87	86	java_type_ref("<Application,Lorg/codehaus/janino/Java$FieldDeclaration>")
"< Application, Lorg/codehaus/janino/UnitCompiler, findMostSpecificIInvocable(Lorg/codehaus/janino/Java$Locatable;[Lorg/codehaus/janino/IClass$IInvocable;[Lorg/codehaus/janino/Java$Rvalue;)Lorg/codehaus/janino/IClass$IInvocable; >"	72	93	92	java_type_ref("<Application,Lorg/codehaus/janino/IClass$IMethod>")
"< Application, Lorg/codehaus/janino/UnitCompiler, compileGet2(Lorg/codehaus/janino/Java$ClassLiteral;)Lorg/codehaus/janino/IClass; >"	100	83	80	java_type_ref("<Application,Lorg/codehaus/janino/Java$FieldDeclaration>")
"< Application, Lorg/codehaus/janino/UnitCompiler, findMostSpecificIInvocable(Lorg/codehaus/janino/Java$Locatable;[Lorg/codehaus/janino/IClass$IInvocable;[Lorg/codehaus/janino/Java$Rvalue;)Lorg/codehaus/janino/IClass$IInvocable; >"	63	91	90	java_type_ref("<Application,Lorg/codehaus/janino/IClass$IConstructor>")
"< Application, Lorg/codehaus/janino/UnitCompiler, tryConstantAssignmentConversion(Lorg/codehaus/janino/Java$Locatable;Ljava/lang/Object;Lorg/codehaus/janino/IClass;)Z >"	5	8	3	java_type_ref("<Primordial,Ljava/lang/Short>")
"< Application, Lorg/codehaus/janino/util/iterator/MultiDimensionalIterator, hasNext()Z >"	46	42	29	java_type_ref("<Primordial,Ljava/util/Collection>")
"< Application, Lorg/codehaus/janino/util/ClassFile, addConstantSIFLDInfo(Ljava/lang/Object;)S >"	9	8	2	java_type_ref("<Primordial,Ljava/lang/Integer>")
"< Application, Lorg/codehaus/janino/Java$Literal, <init>(Lorg/codehaus/janino/Location;Ljava/lang/Object;)V >"	13	13	3	java_type_ref("<Primordial,Ljava/lang/Boolean>")
"< Application, Lorg/codehaus/janino/UnitCompiler, findLocalClassDeclaration(Lorg/codehaus/janino/Java$Scope;Ljava/lang/String;)Lorg/codehaus/janino/Java$LocalClassDeclaration; >"	2	7	6	java_type_ref("<Application,Lorg/codehaus/janino/Java$CompilationUnit>")
"< Application, Lorg/codehaus/janino/UnitCompiler, compileBoolean2(Lorg/codehaus/janino/Java$BinaryOperation;Lorg/codehaus/janino/CodeContext$Offset;Z)V >"	42	243	242	java_type_ref("<Primordial,Ljava/lang/Boolean>")
"< Application, Lorg/codehaus/janino/util/ClassFile$ConstantClassInfo, equals(Ljava/lang/Object;)Z >"	0	4	2	java_type_ref("<Application,Lorg/codehaus/janino/util/ClassFile$ConstantClassInfo>")
"< Application, Lorg/codehaus/janino/UnitCompiler, compileGet2(Lorg/codehaus/janino/Java$SuperclassMethodInvocation;)Lorg/codehaus/janino/IClass; >"	7	10	13	java_type_ref("<Application,Lorg/codehaus/janino/Java$CatchClause>")
"< Application, Lorg/codehaus/janino/UnitCompiler, assignmentConversion(Lorg/codehaus/janino/Java$Locatable;Ljava/lang/Object;Lorg/codehaus/janino/IClass;)Ljava/lang/Object; >"	47	98	3	java_type_ref("<Primordial,Ljava/lang/Short>")
"< Application, Lorg/codehaus/janino/UnitCompiler, compileGet2(Lorg/codehaus/janino/Java$ClassLiteral;)Lorg/codehaus/janino/IClass; >"	132	106	19	java_type_ref("<Application,Lorg/codehaus/janino/Java$InterfaceDeclaration>")
"< Application, Lorg/codehaus/janino/UnitCompiler, leaveStatements(Lorg/codehaus/janino/Java$Scope;Lorg/codehaus/janino/Java$Scope;Lorg/codehaus/janino/IClass;)V >"	1	6	12	java_type_ref("<Application,Lorg/codehaus/janino/Java$BlockStatement>")
"< Application, Lorg/codehaus/janino/UnitCompiler, getOuterClass(Lorg/codehaus/janino/Java$TypeDeclaration;)Lorg/codehaus/janino/Java$TypeDeclaration; >"	44	11	16	java_type_ref("<Application,Lorg/codehaus/janino/Java$TypeBodyDeclaration>")
"< Application, Lorg/codehaus/janino/UnitCompiler, compileGet2(Lorg/codehaus/janino/Java$SuperclassMethodInvocation;)Lorg/codehaus/janino/IClass; >"	9	14	13	java_type_ref("<Application,Lorg/codehaus/janino/Java$FunctionDeclarator>")
"< Application, Lorg/codehaus/janino/UnitCompiler, compile2(Lorg/codehaus/janino/Java$SwitchStatement;)Z >"	35	51	45	java_type_ref("<Primordial,Ljava/lang/Number>")
"< Application, Lorg/codehaus/janino/UnitCompiler, reclassifyName(Lorg/codehaus/janino/Location;Lorg/codehaus/janino/Java$Scope;Ljava/lang/String;)Lorg/codehaus/janino/Java$Atom; >"	176	75	88	java_type_ref("<Application,Lorg/codehaus/janino/Java$CompilationUnit>")
"< Application, Lorg/codehaus/janino/ClassFileIClass, resolveMethod(Lorg/codehaus/janino/util/ClassFile$MethodInfo;)Lorg/codehaus/janino/IClass$IInvocable; >"	30	40	39	java_type_ref("<Application,Lorg/codehaus/janino/util/ClassFile$ExceptionsAttribute>")
"< Application, Lorg/codehaus/janino/UnitCompiler, reclassifyName(Lorg/codehaus/janino/Location;Lorg/codehaus/janino/Java$Scope;Ljava/lang/String;)Lorg/codehaus/janino/Java$Atom; >"	34	394	3	java_type_ref("<Application,Lorg/codehaus/janino/Java$BlockStatement>")
"< Application, Lorg/codehaus/janino/UnitCompiler, reclassifyName(Lorg/codehaus/janino/Location;Lorg/codehaus/janino/Java$Scope;Ljava/lang/String;)Lorg/codehaus/janino/Java$Atom; >"	10	13	16	java_type_ref("<Application,Lorg/codehaus/janino/Java$TypeBodyDeclaration>")
"< Application, Lorg/codehaus/janino/UnitCompiler, assignmentConversion(Lorg/codehaus/janino/Java$Locatable;Ljava/lang/Object;Lorg/codehaus/janino/IClass;)Ljava/lang/Object; >"	8	138	3	java_type_ref("<Primordial,Ljava/lang/String>")
"< Application, Lorg/codehaus/janino/util/ClassFile, addConstantSIFLDInfo(Ljava/lang/Object;)S >"	15	9	2	java_type_ref("<Primordial,Ljava/lang/Boolean>")
"< Application, Lorg/codehaus/janino/UnitCompiler$29, getDeclaringIClass2()Lorg/codehaus/janino/IClass; >"	2	6	9	java_type_ref("<Application,Lorg/codehaus/janino/Java$CompilationUnit>")
"< Application, Lorg/codehaus/janino/Scanner, literalValueToString(Ljava/lang/Object;)Ljava/lang/String; >"	48	7	1	java_type_ref("<Primordial,Ljava/lang/Long>")
"< Application, Lorg/codehaus/janino/UnitCompiler, pushConstant(Lorg/codehaus/janino/Java$Locatable;Ljava/lang/Object;)Lorg/codehaus/janino/IClass; >"	66	12	3	java_type_ref("<Primordial,Ljava/lang/Double>")
"< Application, Lorg/codehaus/janino/UnitCompiler, getType2(Lorg/codehaus/janino/Java$Literal;)Lorg/codehaus/janino/IClass; >"	16	12	11	java_type_ref("<Primordial,Ljava/lang/Double>")
"< Application, Lorg/codehaus/janino/Java$ExpressionStatement, <init>(Lorg/codehaus/janino/Java$Rvalue;)V >"	8	11	2	java_type_ref("<Application,Lorg/codehaus/janino/Java$SuperclassMethodInvocation>")
"< Application, Lorg/codehaus/janino/UnparseVisitor, comparePrecedence(Ljava/lang/String;Lorg/codehaus/janino/Java$Atom;)I >"	47	12	2	java_type_ref("<Application,Lorg/codehaus/janino/Java$NewArray>")
"< Application, Lorg/codehaus/janino/UnitCompiler, getOuterClass(Lorg/codehaus/janino/Java$TypeDeclaration;)Lorg/codehaus/janino/Java$TypeDeclaration; >"	23	39	38	java_type_ref("<Application,Lorg/codehaus/janino/Java$ClassDeclaration>")
"< Application, Lorg/codehaus/janino/UnitCompiler, compile2(Lorg/codehaus/janino/Java$SwitchStatement;)Z >"	42	57	45	java_type_ref("<Primordial,Ljava/lang/Character>")
"< Application, Lorg/codehaus/janino/Java$ExpressionStatement, <init>(Lorg/codehaus/janino/Java$Rvalue;)V >"	6	10	2	java_type_ref("<Application,Lorg/codehaus/janino/Java$MethodInvocation>")
"< Application, Lorg/codehaus/janino/UnitCompiler, reclassifyName(Lorg/codehaus/janino/Location;Lorg/codehaus/janino/Java$Scope;Ljava/lang/String;)Lorg/codehaus/janino/Java$Atom; >"	57	51	50	java_type_ref("<Application,Lorg/codehaus/janino/Java$AnonymousClassDeclaration>")
"< Application, Lorg/codehaus/janino/Java$AnonymousClassDeclaration, getClassName()Ljava/lang/String; >"	6	7	11	java_type_ref("<Application,Lorg/codehaus/janino/Java$TypeDeclaration>")
"< Application, Lorg/codehaus/janino/Java$ExpressionStatement, <init>(Lorg/codehaus/janino/Java$Rvalue;)V >"	10	12	2	java_type_ref("<Application,Lorg/codehaus/janino/Java$NewClassInstance>")
"< Application, Lorg/codehaus/janino/UnitCompiler, pushConstant(Lorg/codehaus/janino/Java$Locatable;Ljava/lang/Object;)Lorg/codehaus/janino/IClass; >"	104	14	3	java_type_ref("<Primordial,Ljava/lang/Boolean>")
"< Application, Lorg/codehaus/janino/UnitCompiler, compile2(Lorg/codehaus/janino/Java$ClassDeclaration;)V >"	34	56	55	java_type_ref("<Application,Lorg/codehaus/janino/Java$CompilationUnit>")
"< Application, Lorg/codehaus/janino/UnitCompiler, assignmentConversion(Lorg/codehaus/janino/Java$Locatable;Ljava/lang/Object;Lorg/codehaus/janino/IClass;)Ljava/lang/Object; >"	126	60	3	java_type_ref("<Primordial,Ljava/lang/Character>")
"< Application, Lorg/codehaus/janino/UnitCompiler$29, getDeclaredIFields2()[Lorg/codehaus/janino/IClass$IField; >"	11	55	54	java_type_ref("<Application,Lorg/codehaus/janino/Java$FieldDeclaration>")
"< Application, Lorg/codehaus/janino/UnitCompiler, compile2(Lorg/codehaus/janino/Java$ClassDeclaration;)V >"	150	178	177	java_type_ref("<Application,Lorg/codehaus/janino/Java$FieldDeclaration>")
"< Application, Lorg/codehaus/janino/UnitCompiler, getConstantValue2(Lorg/codehaus/janino/Java$BinaryOperation;)Ljava/lang/Object; >"	111	104	75	java_type_ref("<Primordial,Ljava/lang/Float>")
"< Application, Lorg/codehaus/janino/UnparseVisitor, comparePrecedence(Ljava/lang/String;Lorg/codehaus/janino/Java$Atom;)I >"	21	7	2	java_type_ref("<Application,Lorg/codehaus/janino/Java$ConditionalExpression>")
"< Application, Lorg/codehaus/janino/UnitCompiler, compile2(Lorg/codehaus/janino/Java$ClassDeclaration;)V >"	41	89	1	java_type_ref("<Application,Lorg/codehaus/janino/Java$NamedTypeDeclaration>")
"< Application, Lorg/codehaus/janino/util/MultiIterator, hasNext()Z >"	21	19	12	java_type_array(java_type_ref("<Primordial,Ljava/lang/Object>"))
"< Application, Lorg/codehaus/janino/UnitCompiler, getType2(Lorg/codehaus/janino/Java$ReferenceType;)Lorg/codehaus/janino/IClass; >"	137	34	33	java_type_ref("<Application,Lorg/codehaus/janino/Java$Package>")
"< Application, Lorg/codehaus/janino/UnitCompiler, compile2(Lorg/codehaus/janino/Java$ContinueStatement;)Z >"	35	25	24	java_type_ref("<Application,Lorg/codehaus/janino/Java$ContinuableStatement>")
"< Application, Lorg/codehaus/janino/UnitCompiler, toIInvocable(Lorg/codehaus/janino/Java$FunctionDeclarator;)Lorg/codehaus/janino/IClass$IInvocable; >"	5	6	2	java_type_ref("<Application,Lorg/codehaus/janino/Java$MethodDeclarator>")
"< Application, Lorg/codehaus/janino/UnitCompiler, assignmentConversion(Lorg/codehaus/janino/Java$Locatable;Ljava/lang/Object;Lorg/codehaus/janino/IClass;)Ljava/lang/Object; >"	40	97	3	java_type_ref("<Primordial,Ljava/lang/Byte>")
"< Application, Lorg/codehaus/janino/UnitCompiler, assignmentConversion(Lorg/codehaus/janino/Java$Locatable;Ljava/lang/Object;Lorg/codehaus/janino/IClass;)Ljava/lang/Object; >"	143	42	3	java_type_ref("<Primordial,Ljava/lang/Integer>")
"< Application, Lorg/codehaus/janino/UnitCompiler, compile2(Lorg/codehaus/janino/Java$ContinueStatement;)Z >"	46	10	19	java_type_ref("<Application,Lorg/codehaus/janino/Java$CatchClause>")
"< Application, Lorg/codehaus/janino/UnitCompiler, assignmentConversion(Lorg/codehaus/janino/Java$Locatable;Ljava/lang/Object;Lorg/codehaus/janino/IClass;)Ljava/lang/Object; >"	50	99	3	java_type_ref("<Primordial,Ljava/lang/Character>")
"< Application, Lorg/codehaus/janino/UnitCompiler, reclassifyName(Lorg/codehaus/janino/Location;Lorg/codehaus/janino/Java$Scope;Ljava/lang/String;)Lorg/codehaus/janino/Java$Atom; >"	27	33	3	java_type_ref("<Application,Lorg/codehaus/janino/Java$BlockStatement>")
"< Application, Lorg/codehaus/janino/UnitCompiler, checkThrownException(Lorg/codehaus/janino/Java$Locatable;Lorg/codehaus/janino/IClass;Lorg/codehaus/janino/Java$Scope;)V >"	56	34	54	java_type_ref("<Application,Lorg/codehaus/janino/Java$TypeBodyDeclaration>")
"< Application, Lorg/codehaus/janino/CodeContext, fixUp()V >"	2	5	10	java_type_ref("<Application,Lorg/codehaus/janino/CodeContext$FixUp>")
"< Application, Lorg/codehaus/janino/UnitCompiler, declareClassDollarMethod(Lorg/codehaus/janino/Java$ClassLiteral;)V >"	3	8	12	java_type_ref("<Application,Lorg/codehaus/janino/Java$AbstractTypeDeclaration>")
"< Application, Lorg/codehaus/janino/UnitCompiler, findClassByName(Lorg/codehaus/janino/Location;Ljava/lang/String;)Lorg/codehaus/janino/IClass; >"	9	16	15	java_type_ref("<Application,Lorg/codehaus/janino/CompileException>")
"< Application, Lorg/codehaus/janino/UnitCompiler, assignmentConversion(Lorg/codehaus/janino/Java$Locatable;Ljava/lang/Object;Lorg/codehaus/janino/IClass;)Ljava/lang/Object; >"	96	74	3	java_type_ref("<Primordial,Ljava/lang/Short>")
"< Application, Lorg/codehaus/janino/util/iterator/TraversingIterator, readNext()Z >"	30	38	17	java_type_ref("<Primordial,Ljava/util/Enumeration>")
"< Application, Lorg/codehaus/janino/UnitCompiler, getType2(Lorg/codehaus/janino/Java$Literal;)Lorg/codehaus/janino/IClass; >"	27	16	15	java_type_ref("<Primordial,Ljava/lang/Character>")
"< Application, Lorg/codehaus/janino/UnitCompiler, compile2(Lorg/codehaus/janino/Java$ContinueStatement;)Z >"	12	55	59	java_type_ref("<Application,Lorg/codehaus/janino/Java$CatchClause>")
"< Application, Lorg/codehaus/janino/Java$Literal, <init>(Lorg/codehaus/janino/Location;Ljava/lang/Object;)V >"	1	6	3	java_type_ref("<Primordial,Ljava/lang/Integer>")
"< Application, Lorg/codehaus/janino/UnitCompiler, getConstantValue2(Lorg/codehaus/janino/Java$BinaryOperation;)Ljava/lang/Object; >"	73	80	75	java_type_ref("<Primordial,Ljava/lang/Number>")
"< Application, Lorg/codehaus/janino/UnitCompiler, getNegatedConstantValue2(Lorg/codehaus/janino/Java$Literal;)Ljava/lang/Object; >"	21	10	9	java_type_ref("<Primordial,Ljava/lang/Float>")
"< Application, Lorg/codehaus/janino/UnitCompiler, pushConstant(Lorg/codehaus/janino/Java$Locatable;Ljava/lang/Object;)Lorg/codehaus/janino/IClass; >"	0	5	3	java_type_ref("<Primordial,Ljava/lang/Integer>")
"< Application, Lorg/codehaus/janino/ScriptEvaluator$1$MethodWrapper, equals(Ljava/lang/Object;)Z >"	0	4	2	java_type_ref("<Application,Lorg/codehaus/janino/ScriptEvaluator$1$MethodWrapper>")
"< Application, Lorg/codehaus/janino/UnitCompiler, compileBoolean2(Lorg/codehaus/janino/Java$BinaryOperation;Lorg/codehaus/janino/CodeContext$Offset;Z)V >"	14	239	238	java_type_ref("<Primordial,Ljava/lang/Boolean>")
"< Application, Lorg/codehaus/janino/UnitCompiler, getType2(Lorg/codehaus/janino/Java$Literal;)Lorg/codehaus/janino/IClass; >"	1	5	4	java_type_ref("<Primordial,Ljava/lang/Integer>")
"< Application, Lorg/codehaus/janino/util/ClassFile, addConstantSIFLDInfo(Ljava/lang/Object;)S >"	42	13	2	java_type_ref("<Primordial,Ljava/lang/Double>")
"< Application, Lorg/codehaus/janino/tools/Disassembler, readAttributeInfo(Ljava/io/DataInputStream;)Lorg/codehaus/janino/tools/Disassembler$AttributeInfo; >"	4	9	7	java_type_ref("<Application,Lorg/codehaus/janino/tools/Disassembler$ConstantUtf8Info>")
"< Application, Lorg/codehaus/janino/Java, setEnclosingBlockStatement(Lorg/codehaus/janino/Java$ArrayInitializerOrRvalue;Lorg/codehaus/janino/Java$BlockStatement;)V >"	5	6	1	java_type_ref("<Application,Lorg/codehaus/janino/Java$ArrayInitializer>")
"< Application, Lorg/codehaus/janino/util/ClassFile$ConstantNameAndTypeInfo, equals(Ljava/lang/Object;)Z >"	0	4	2	java_type_ref("<Application,Lorg/codehaus/janino/util/ClassFile$ConstantNameAndTypeInfo>")
"< Application, Lorg/codehaus/janino/UnitCompiler, getType2(Lorg/codehaus/janino/Java$ReferenceType;)Lorg/codehaus/janino/IClass; >"	2	7	19	java_type_ref("<Application,Lorg/codehaus/janino/Java$BlockStatement>")
"< Application, Lorg/codehaus/janino/UnitCompiler, checkThrownException(Lorg/codehaus/janino/Java$Locatable;Lorg/codehaus/janino/IClass;Lorg/codehaus/janino/Java$Scope;)V >"	21	32	54	java_type_ref("<Application,Lorg/codehaus/janino/Java$TryStatement>")
"< Application, Lorg/codehaus/janino/Scanner, literalValueToString(Ljava/lang/Object;)Ljava/lang/String; >"	81	9	1	java_type_ref("<Primordial,Ljava/lang/Double>")
"< Application, Lorg/codehaus/janino/UnitCompiler, pushConstant(Lorg/codehaus/janino/Java$Locatable;Ljava/lang/Object;)Lorg/codehaus/janino/IClass; >"	6	9	3	java_type_ref("<Primordial,Ljava/lang/Byte>")
"< Application, Lorg/codehaus/janino/UnitCompiler, compile2(Lorg/codehaus/janino/Java$LocalVariableDeclarationStatement;)Z >"	28	39	38	java_type_ref("<Application,Lorg/codehaus/janino/Java$ArrayInitializer>")
"< Application, Lorg/codehaus/janino/UnitCompiler, compile2(Lorg/codehaus/janino/Java$IfStatement;)Z >"	11	16	6	java_type_ref("<Primordial,Ljava/lang/Boolean>")
"< Application, Lorg/codehaus/janino/UnitCompiler, tryConstantAssignmentConversion(Lorg/codehaus/janino/Java$Locatable;Ljava/lang/Object;Lorg/codehaus/janino/IClass;)Z >"	15	10	3	java_type_ref("<Primordial,Ljava/lang/Character>")
"< Application, Lorg/codehaus/janino/UnitCompiler, assignmentConversion(Lorg/codehaus/janino/Java$Locatable;Ljava/lang/Object;Lorg/codehaus/janino/IClass;)Ljava/lang/Object; >"	115	57	3	java_type_ref("<Primordial,Ljava/lang/Byte>")
"< Application, Lorg/codehaus/janino/Java$Literal, <init>(Lorg/codehaus/janino/Location;Ljava/lang/Object;)V >"	9	11	3	java_type_ref("<Primordial,Ljava/lang/String>")
"< Application, Lorg/codehaus/janino/UnitCompiler, getOuterClass(Lorg/codehaus/janino/Java$TypeDeclaration;)Lorg/codehaus/janino/Java$TypeDeclaration; >"	3	5	1	java_type_ref("<Application,Lorg/codehaus/janino/Java$LocalClassDeclaration>")
"< Application, Lorg/codehaus/janino/UnitCompiler, getOuterClass(Lorg/codehaus/janino/Java$TypeDeclaration;)Lorg/codehaus/janino/Java$TypeDeclaration; >"	28	6	1	java_type_ref("<Application,Lorg/codehaus/janino/Java$MemberClassDeclaration>")
"< Application, Lorg/codehaus/janino/CodeContext, makeSpace(SI)V >"	6	10	12	java_type_ref("<Application,Lorg/codehaus/janino/CodeContext$LineNumberOffset>")
"< Application, Lorg/codehaus/janino/util/enumerator/EnumeratorSet, equals(Ljava/lang/Object;)Z >"	0	4	2	java_type_ref("<Application,Lorg/codehaus/janino/util/enumerator/EnumeratorSet>")
"< Application, Lorg/codehaus/janino/CodeContext, storeCodeAttributeBody(Ljava/io/DataOutputStream;S)V >"	41	52	62	java_type_ref("<Application,Lorg/codehaus/janino/CodeContext$LineNumberOffset>")
"< Application, Lorg/codehaus/janino/UnitCompiler, pushConstant(Lorg/codehaus/janino/Java$Locatable;Ljava/lang/Object;)Lorg/codehaus/janino/IClass; >"	2	7	3	java_type_ref("<Primordial,Ljava/lang/Short>")
"< Application, Lorg/codehaus/janino/UnitCompiler, compileGet2(Lorg/codehaus/janino/Java$ClassLiteral;)Lorg/codehaus/janino/IClass; >"	63	26	19	java_type_ref("<Application,Lorg/codehaus/janino/Java$InterfaceDeclaration>")
"< Application, Lorg/codehaus/janino/util/ClassFile, addConstantSIFLDInfo(Ljava/lang/Object;)S >"	36	12	2	java_type_ref("<Primordial,Ljava/lang/Long>")
"< Application, Lorg/codehaus/janino/util/ClassFile, addConstantSIFLDInfo(Ljava/lang/Object;)S >"	24	10	2	java_type_ref("<Primordial,Ljava/lang/Character>")
"< Application, Lorg/codehaus/janino/Java$LocalClassDeclaration, getOuterIClass2()Lorg/codehaus/janino/IClass; >"	4	5	9	java_type_ref("<Application,Lorg/codehaus/janino/Java$FunctionDeclarator>")
"< Application, Lorg/codehaus/janino/Parser, parsePrimary()Lorg/codehaus/janino/Java$Atom; >"	166	110	109	java_type_ref("<Application,Lorg/codehaus/janino/Java$ArrayType>")
"< Application, Lorg/codehaus/janino/UnitCompiler, compileGet2(Lorg/codehaus/janino/Java$MethodInvocation;)Lorg/codehaus/janino/IClass; >"	10	50	48	java_type_ref("<Application,Lorg/codehaus/janino/Java$ClassDeclaration>")
"< Application, Lorg/codehaus/janino/UnitCompiler, getConstantValue2(Lorg/codehaus/janino/Java$BinaryOperation;)Ljava/lang/Object; >"	71	79	102	java_type_ref("<Primordial,Ljava/lang/Number>")
"< Application, Lorg/codehaus/janino/UnitCompiler, assignmentConversion(Lorg/codehaus/janino/Java$Locatable;Ljava/lang/Object;Lorg/codehaus/janino/IClass;)Ljava/lang/Object; >"	139	40	3	java_type_ref("<Primordial,Ljava/lang/Byte>")
"< Application, Lorg/codehaus/janino/UnitCompiler$29, getInterfaces2()[Lorg/codehaus/janino/IClass; >"	1	4	3	java_type_ref("<Application,Lorg/codehaus/janino/Java$AnonymousClassDeclaration>")
"< Application, Lorg/codehaus/janino/SimpleCompiler, equals(Ljava/lang/Object;)Z >"	0	4	2	java_type_ref("<Application,Lorg/codehaus/janino/SimpleCompiler>")
"< Application, Lorg/codehaus/janino/UnitCompiler, reclassifyName(Lorg/codehaus/janino/Location;Lorg/codehaus/janino/Java$Scope;Ljava/lang/String;)Lorg/codehaus/janino/Java$Atom; >"	180	92	91	java_type_ref("<Application,Lorg/codehaus/janino/IClass$IField>")
"< Application, Lorg/codehaus/janino/UnitCompiler, isType2(Lorg/codehaus/janino/Java$Atom;)Z >"	0	4	2	java_type_ref("<Application,Lorg/codehaus/janino/Java$Type>")
"< Application, Lorg/codehaus/janino/Java$Literal, <init>(Lorg/codehaus/janino/Location;Ljava/lang/Object;)V >"	11	12	3	java_type_ref("<Primordial,Ljava/lang/Character>")
"< Application, Lorg/codehaus/janino/UnitCompiler$29, getDeclaredIConstructors2()[Lorg/codehaus/janino/IClass$IConstructor; >"	1	4	3	java_type_ref("<Application,Lorg/codehaus/janino/Java$ClassDeclaration>")
"< Application, Lorg/codehaus/janino/ClassFileIClass, resolveField(Lorg/codehaus/janino/util/ClassFile$FieldInfo;)Lorg/codehaus/janino/IClass$IField; >"	15	26	25	java_type_ref("<Application,Lorg/codehaus/janino/util/ClassFile$ConstantValueAttribute>")
"< Application, Lorg/codehaus/janino/UnitCompiler, compile2(Lorg/codehaus/janino/Java$ClassDeclaration;)V >"	54	62	61	java_type_ref("<Application,Lorg/codehaus/janino/Java$AbstractTypeDeclaration>")
"< Application, Lorg/codehaus/janino/UnitCompiler, reclassifyName(Lorg/codehaus/janino/Location;Lorg/codehaus/janino/Java$Scope;Ljava/lang/String;)Lorg/codehaus/janino/Java$Atom; >"	100	68	67	java_type_ref("<Application,Lorg/codehaus/janino/Java$InnerClassDeclaration>")
"< Application, Lorg/codehaus/janino/UnitCompiler, internalCheckAccessible(Lorg/codehaus/janino/IClass;Lorg/codehaus/janino/Access;Lorg/codehaus/janino/Java$BlockStatement;)Ljava/lang/String; >"	5	9	13	java_type_ref("<Application,Lorg/codehaus/janino/Java$TypeDeclaration>")
"< Application, Lorg/codehaus/janino/UnitCompiler, getIClass(Lorg/codehaus/janino/Java$ThisReference;)Lorg/codehaus/janino/IClass; >"	6	8	13	java_type_ref("<Application,Lorg/codehaus/janino/Java$Statement>")
"< Application, Lorg/codehaus/janino/UnitCompiler, assignmentConversion(Lorg/codehaus/janino/Java$Locatable;Ljava/lang/Object;Lorg/codehaus/janino/IClass;)Ljava/lang/Object; >"	75	87	3	java_type_ref("<Primordial,Ljava/lang/Byte>")
"< Application, Lorg/codehaus/janino/UnitCompiler$29, getSyntheticIFields()[Lorg/codehaus/janino/IClass$IField; >"	1	4	3	java_type_ref("<Application,Lorg/codehaus/janino/Java$ClassDeclaration>")
"< Application, Lorg/codehaus/janino/UnitCompiler, reclassifyName(Lorg/codehaus/janino/Location;Lorg/codehaus/janino/Java$Scope;Ljava/lang/String;)Lorg/codehaus/janino/Java$Atom; >"	288	172	171	java_type_ref("<Application,Lorg/codehaus/janino/IClass>")
"< Application, Lorg/codehaus/janino/UnitCompiler, compileGet2(Lorg/codehaus/janino/Java$SuperclassMethodInvocation;)Lorg/codehaus/janino/IClass; >"	5	8	13	java_type_ref("<Application,Lorg/codehaus/janino/Java$Statement>")
"< Application, Lorg/codehaus/janino/Scanner, literalValueToString(Ljava/lang/Object;)Ljava/lang/String; >"	0	3	1	java_type_ref("<Primordial,Ljava/lang/String>")
"< Application, Lorg/codehaus/janino/UnitCompiler, assignmentConversion(Lorg/codehaus/janino/Java$Locatable;Ljava/lang/Object;Lorg/codehaus/janino/IClass;)Ljava/lang/Object; >"	119	59	3	java_type_ref("<Primordial,Ljava/lang/Integer>")
"< Application, Lorg/codehaus/janino/UnitCompiler, pushConstant(Lorg/codehaus/janino/Java$Locatable;Ljava/lang/Object;)Lorg/codehaus/janino/IClass; >"	8	118	3	java_type_ref("<Primordial,Ljava/lang/Character>")
"< Application, Lorg/codehaus/janino/UnitCompiler, reclassifyName(Lorg/codehaus/janino/Location;Lorg/codehaus/janino/Java$Scope;Ljava/lang/String;)Lorg/codehaus/janino/Java$Atom; >"	17	23	22	java_type_ref("<Application,Lorg/codehaus/janino/Java$TypeDeclaration>")
"< Application, Lorg/codehaus/janino/UnitCompiler, reclassifyName(Lorg/codehaus/janino/Location;Lorg/codehaus/janino/Java$Scope;Ljava/lang/String;)Lorg/codehaus/janino/Java$Atom; >"	108	76	88	java_type_ref("<Application,Lorg/codehaus/janino/Java$BlockStatement>")
"< Application, Lorg/codehaus/janino/UnitCompiler, reclassifyName(Lorg/codehaus/janino/Location;Lorg/codehaus/janino/Java$Scope;Ljava/lang/String;)Lorg/codehaus/janino/Java$Atom; >"	105	55	54	java_type_ref("<Application,Lorg/codehaus/janino/Java$BlockStatement>")
"< Application, Lorg/codehaus/janino/Java, setEnclosingBlockStatement(Lorg/codehaus/janino/Java$ArrayInitializerOrRvalue;Lorg/codehaus/janino/Java$BlockStatement;)V >"	0	4	1	java_type_ref("<Application,Lorg/codehaus/janino/Java$Rvalue>")
"< Application, Lorg/codehaus/janino/ClassFileIClass, resolveAllClasses()V >"	7	12	10	java_type_ref("<Application,Lorg/codehaus/janino/util/ClassFile$ConstantNameAndTypeInfo>")
"< Application, Lorg/codehaus/janino/UnitCompiler, getType2(Lorg/codehaus/janino/Java$ReferenceType;)Lorg/codehaus/janino/IClass; >"	12	14	19	java_type_ref("<Application,Lorg/codehaus/janino/Java$CompilationUnit>")
"< Application, Lorg/codehaus/janino/UnitCompiler, reclassifyName(Lorg/codehaus/janino/Location;Lorg/codehaus/janino/Java$Scope;Ljava/lang/String;)Lorg/codehaus/janino/Java$Atom; >"	48	41	39	java_type_ref("<Application,Lorg/codehaus/janino/Java$CatchClause>")
"< Application, Lorg/codehaus/janino/UnitCompiler, findIMethod(Lorg/codehaus/janino/Java$MethodInvocation;)Lorg/codehaus/janino/IClass$IMethod; >"	29	33	32	java_type_ref("<Primordial,Ljava/util/List>")
"< Application, Lorg/codehaus/janino/UnitCompiler, compile2(Lorg/codehaus/janino/Java$PackageMemberTypeDeclaration;)V >"	28	57	2	java_type_ref("<Application,Lorg/codehaus/janino/Java$NamedClassDeclaration>")
"< Application, Lorg/codehaus/janino/ClassFileIClass, getDeclaredIMethods2()[Lorg/codehaus/janino/IClass$IMethod; >"	18	21	20	java_type_ref("<Application,Lorg/codehaus/janino/IClass$IMethod>")
"< Application, Lorg/codehaus/janino/UnitCompiler$21, getConstantValue()Ljava/lang/Object; >"	6	10	9	java_type_ref("<Application,Lorg/codehaus/janino/Java$Rvalue>")
"< Application, Lorg/codehaus/janino/UnitCompiler, compileGet2(Lorg/codehaus/janino/Java$MethodInvocation;)Lorg/codehaus/janino/IClass; >"	7	45	48	java_type_ref("<Application,Lorg/codehaus/janino/Java$TypeBodyDeclaration>")
"< Application, Lorg/codehaus/janino/UnitCompiler, compile2(Lorg/codehaus/janino/Java$ContinueStatement;)Z >"	33	21	24	java_type_ref("<Application,Lorg/codehaus/janino/Java$LabeledStatement>")
"< Application, Lorg/codehaus/janino/UnitCompiler, compile(Lorg/codehaus/janino/Java$FunctionDeclarator;Lorg/codehaus/janino/util/ClassFile;)V >"	109	172	171	java_type_ref("<Application,Lorg/codehaus/janino/Java$SuperConstructorInvocation>")
"< Application, Lorg/codehaus/janino/UnitCompiler, assignmentConversion(Lorg/codehaus/janino/Java$Locatable;Ljava/lang/Object;Lorg/codehaus/janino/IClass;)Ljava/lang/Object; >"	167	23	3	java_type_ref("<Primordial,Ljava/lang/Short>")
"< Application, Lorg/codehaus/janino/util/ClassFile$ConstantLongInfo, equals(Ljava/lang/Object;)Z >"	0	4	2	java_type_ref("<Application,Lorg/codehaus/janino/util/ClassFile$ConstantLongInfo>")
"< Application, Lorg/codehaus/janino/UnparseVisitor, comparePrecedence(Ljava/lang/String;Lorg/codehaus/janino/Java$Atom;)I >"	41	11	2	java_type_ref("<Application,Lorg/codehaus/janino/Java$FieldAccess>")
"< Application, Lorg/codehaus/janino/tools/Disassembler$13, print(Ljava/util/Map;)V >"	29	39	35	java_type_ref("<Application,Lorg/codehaus/janino/tools/Disassembler$LineNumberTableAttribute>")
"< Application, Lorg/codehaus/janino/UnitCompiler, getOuterClass(Lorg/codehaus/janino/Java$TypeDeclaration;)Lorg/codehaus/janino/Java$TypeDeclaration; >"	39	13	16	java_type_ref("<Application,Lorg/codehaus/janino/Java$CompilationUnit>")
"< Application, Lorg/codehaus/janino/UnparseVisitor, unparseArrayInitializerOrRvalue(Lorg/codehaus/janino/Java$ArrayInitializerOrRvalue;)V >"	5	6	2	java_type_ref("<Application,Lorg/codehaus/janino/Java$ArrayInitializer>")
"< Application, Lorg/codehaus/janino/UnparseVisitor, comparePrecedence(Ljava/lang/String;Lorg/codehaus/janino/Java$Atom;)I >"	8	6	2	java_type_ref("<Application,Lorg/codehaus/janino/Java$UnaryOperation>")
"< Application, Lorg/codehaus/janino/UnitCompiler, reclassifyName(Lorg/codehaus/janino/Location;Lorg/codehaus/janino/Java$Scope;Ljava/lang/String;)Lorg/codehaus/janino/Java$Atom; >"	24	29	28	java_type_ref("<Application,Lorg/codehaus/janino/Java$CompilationUnit>")
"< Application, Lorg/codehaus/janino/UnitCompiler$29, isInterface()Z >"	1	4	3	java_type_ref("<Application,Lorg/codehaus/janino/Java$InterfaceDeclaration>")
"< Application, Lorg/codehaus/janino/UnitCompiler, findLocalClassDeclaration(Lorg/codehaus/janino/Java$Scope;Ljava/lang/String;)Lorg/codehaus/janino/Java$LocalClassDeclaration; >"	4	9	27	java_type_ref("<Application,Lorg/codehaus/janino/Java$BlockStatement>")
"< Application, Lorg/codehaus/janino/UnitCompiler, compile2(Lorg/codehaus/janino/Java$BreakStatement;)Z >"	31	8	19	java_type_ref("<Application,Lorg/codehaus/janino/Java$Statement>")
"< Application, Lorg/codehaus/janino/UnitCompiler, getConstantValue2(Lorg/codehaus/janino/Java$Cast;)Ljava/lang/Object; >"	4	8	6	java_type_ref("<Primordial,Ljava/lang/Number>")
"< Application, Lorg/codehaus/janino/ClassFileIClass, resolveField(Lorg/codehaus/janino/util/ClassFile$FieldInfo;)Lorg/codehaus/janino/IClass$IField; >"	28	37	36	java_type_ref("<Application,Lorg/codehaus/janino/util/ClassFile$ConstantValuePoolInfo>")
"< Application, Lorg/codehaus/janino/UnitCompiler, compile2(Lorg/codehaus/janino/Java$BreakStatement;)Z >"	33	10	19	java_type_ref("<Application,Lorg/codehaus/janino/Java$CatchClause>")
"< Application, Lorg/codehaus/janino/UnitCompiler, assignmentConversion(Lorg/codehaus/janino/Java$Locatable;Ljava/lang/Object;Lorg/codehaus/janino/IClass;)Ljava/lang/Object; >"	169	24	3	java_type_ref("<Primordial,Ljava/lang/Integer>")
"< Application, Lorg/codehaus/janino/Java$ClassDeclaration, defineSyntheticField(Lorg/codehaus/janino/IClass$IField;)V >"	0	4	1	java_type_ref("<Application,Lorg/codehaus/janino/Java$InnerClassDeclaration>")
"< Application, Lorg/codehaus/janino/UnitCompiler, assignmentConversion(Lorg/codehaus/janino/Java$Locatable;Ljava/lang/Object;Lorg/codehaus/janino/IClass;)Ljava/lang/Object; >"	173	26	3	java_type_ref("<Primordial,Ljava/lang/Float>")
"< Application, Lorg/codehaus/janino/UnitCompiler$29, getSuperclass2()Lorg/codehaus/janino/IClass; >"	1	4	3	java_type_ref("<Application,Lorg/codehaus/janino/Java$AnonymousClassDeclaration>")
"< Application, Lorg/codehaus/janino/UnitCompiler, invokeConstructor(Lorg/codehaus/janino/Java$Locatable;Lorg/codehaus/janino/Java$Scope;Lorg/codehaus/janino/Java$Rvalue;Lorg/codehaus/janino/IClass;[Lorg/codehaus/janino/Java$Rvalue;)V >"	41	50	53	java_type_ref("<Application,Lorg/codehaus/janino/Java$TypeBodyDeclaration>")
"< Application, Lorg/codehaus/janino/UnitCompiler, getOuterClass(Lorg/codehaus/janino/Java$TypeDeclaration;)Lorg/codehaus/janino/Java$TypeDeclaration; >"	9	26	29	java_type_ref("<Application,Lorg/codehaus/janino/Java$FunctionDeclarator>")
"< Application, Lorg/codehaus/janino/UnitCompiler, checkThrownException(Lorg/codehaus/janino/Java$Locatable;Lorg/codehaus/janino/IClass;Lorg/codehaus/janino/Java$Scope;)V >"	40	33	54	java_type_ref("<Application,Lorg/codehaus/janino/Java$FunctionDeclarator>")
"< Application, Lorg/codehaus/janino/UnitCompiler, findIMethod(Lorg/codehaus/janino/Java$SuperclassMethodInvocation;)Lorg/codehaus/janino/IClass$IMethod; >"	10	16	19	java_type_ref("<Application,Lorg/codehaus/janino/Java$ClassDeclaration>")
"< Application, Lorg/codehaus/janino/CodeContext, determineArgumentsSize(S)I >"	3	8	6	java_type_ref("<Application,Lorg/codehaus/janino/util/ClassFile$ConstantInterfaceMethodrefInfo>")
"< Application, Lorg/codehaus/janino/SimpleCompiler$AuxiliaryClassLoader, equals(Ljava/lang/Object;)Z >"	0	4	2	java_type_ref("<Application,Lorg/codehaus/janino/SimpleCompiler$AuxiliaryClassLoader>")
"< Application, Lorg/codehaus/janino/UnitCompiler$30, getDescriptor()Ljava/lang/String; >"	2	6	5	java_type_ref("<Application,Lorg/codehaus/janino/Java$InnerClassDeclaration>")
"< Application, Lorg/codehaus/janino/UnitCompiler, compile2(Lorg/codehaus/janino/Java$ClassDeclaration;)V >"	37	59	58	java_type_ref("<Application,Lorg/codehaus/janino/Java$Block>")
"< Application, Lorg/codehaus/janino/UnitCompiler, compile2(Lorg/codehaus/janino/Java$ReturnStatement;)Z >"	5	9	14	java_type_ref("<Application,Lorg/codehaus/janino/Java$Statement>")
"< Application, Lorg/codehaus/janino/UnitCompiler, compileGet2(Lorg/codehaus/janino/Java$NewClassInstance;)Lorg/codehaus/janino/IClass; >"	47	58	61	java_type_ref("<Application,Lorg/codehaus/janino/Java$TypeBodyDeclaration>")
"< Application, Lorg/codehaus/janino/Scanner, literalValueToString(Ljava/lang/Object;)Ljava/lang/String; >"	72	8	1	java_type_ref("<Primordial,Ljava/lang/Float>")
"< Application, Lorg/codehaus/janino/UnitCompiler, pushConstant(Lorg/codehaus/janino/Java$Locatable;Ljava/lang/Object;)Lorg/codehaus/janino/IClass; >"	84	13	3	java_type_ref("<Primordial,Ljava/lang/String>")
"< Application, Lorg/codehaus/janino/Java$BinaryOperation, unrollLeftAssociation()Ljava/util/Iterator; >"	6	9	8	java_type_ref("<Application,Lorg/codehaus/janino/Java$BinaryOperation>")
"< Application, Lorg/codehaus/janino/UnitCompiler, getType2(Lorg/codehaus/janino/Java$ReferenceType;)Lorg/codehaus/janino/IClass; >"	40	113	124	java_type_ref("<Application,Lorg/codehaus/janino/Java$CompilationUnit>")
"< Application, Lorg/codehaus/janino/UnitCompiler, reclassifyName(Lorg/codehaus/janino/Location;Lorg/codehaus/janino/Java$Scope;Ljava/lang/String;)Lorg/codehaus/janino/Java$Atom; >"	12	17	16	java_type_ref("<Application,Lorg/codehaus/janino/Java$TypeBodyDeclaration>")
"< Application, Lorg/codehaus/janino/UnitCompiler, compile2(Lorg/codehaus/janino/Java$BreakStatement;)Z >"	12	44	48	java_type_ref("<Application,Lorg/codehaus/janino/Java$CatchClause>")
"< Application, Lorg/codehaus/janino/UnitCompiler, reclassifyName(Lorg/codehaus/janino/Location;Lorg/codehaus/janino/Java$Scope;Ljava/lang/String;)Lorg/codehaus/janino/Java$Atom; >"	0	7	3	java_type_ref("<Application,Lorg/codehaus/janino/Java$BlockStatement>")
"< Application, Lorg/codehaus/janino/Java$ExpressionStatement, <init>(Lorg/codehaus/janino/Java$Rvalue;)V >"	12	13	2	java_type_ref("<Application,Lorg/codehaus/janino/Java$NewAnonymousClassInstance>")
"< Application, Lorg/codehaus/janino/UnitCompiler, getType2(Lorg/codehaus/janino/Java$Literal;)Lorg/codehaus/janino/IClass; >"	6	8	7	java_type_ref("<Primordial,Ljava/lang/Long>")
"< Application, Lorg/codehaus/janino/util/iterator/TraversingIterator, readNext()Z >"	23	31	17	java_type_ref("<Primordial,Ljava/util/Collection>")
"< Application, Lorg/codehaus/janino/util/iterator/MultiDimensionalIterator, hasNext()Z >"	30	30	29	java_type_ref("<Primordial,Ljava/util/Iterator>")
"< Application, Lorg/codehaus/janino/util/ClassFile$ConstantMethodrefInfo, equals(Ljava/lang/Object;)Z >"	0	4	2	java_type_ref("<Application,Lorg/codehaus/janino/util/ClassFile$ConstantMethodrefInfo>")
"< Application, Lorg/codehaus/janino/UnitCompiler, compile2(Lorg/codehaus/janino/Java$ReturnStatement;)Z >"	7	11	14	java_type_ref("<Application,Lorg/codehaus/janino/Java$CatchClause>")
"< Application, Lorg/codehaus/janino/UnitCompiler, assignmentConversion(Lorg/codehaus/janino/Java$Locatable;Ljava/lang/Object;Lorg/codehaus/janino/IClass;)Ljava/lang/Object; >"	141	41	3	java_type_ref("<Primordial,Ljava/lang/Short>")
"< Application, Lorg/codehaus/janino/UnitCompiler, findIMethod(Lorg/codehaus/janino/Java$MethodInvocation;)Lorg/codehaus/janino/IClass$IMethod; >"	4	10	20	java_type_ref("<Application,Lorg/codehaus/janino/Java$TypeDeclaration>")
"< Application, Lorg/codehaus/janino/UnitCompiler, getIClass(Lorg/codehaus/janino/Java$ThisReference;)Lorg/codehaus/janino/IClass; >"	23	27	26	java_type_ref("<Application,Lorg/codehaus/janino/Java$ClassDeclaration>")
"< Application, Lorg/codehaus/janino/UnitCompiler, assignmentConversion(Lorg/codehaus/janino/Java$Locatable;Ljava/lang/Object;Lorg/codehaus/janino/IClass;)Ljava/lang/Object; >"	180	27	3	java_type_ref("<Primordial,Ljava/lang/Character>")
"< Application, Lorg/codehaus/janino/UnitCompiler, compile2(Lorg/codehaus/janino/Java$BreakStatement;)Z >"	10	43	48	java_type_ref("<Application,Lorg/codehaus/janino/Java$Statement>")
"< Application, Lorg/codehaus/janino/Compiler$CompilerIClassLoader, findIClass(Ljava/lang/String;)Lorg/codehaus/janino/IClass; >"	43	42	38	java_type_ref("<Application,Lorg/codehaus/janino/util/resource/FileResource>")
"< Application, Lorg/codehaus/janino/UnitCompiler, invokeConstructor(Lorg/codehaus/janino/Java$Locatable;Lorg/codehaus/janino/Java$Scope;Lorg/codehaus/janino/Java$Rvalue;Lorg/codehaus/janino/IClass;[Lorg/codehaus/janino/Java$Rvalue;)V >"	45	57	56	java_type_ref("<Application,Lorg/codehaus/janino/Java$ClassDeclaration>")
"< Application, Lorg/codehaus/janino/UnitCompiler, findIMethod(Lorg/codehaus/janino/Java$SuperclassMethodInvocation;)Lorg/codehaus/janino/IClass$IMethod; >"	2	6	19	java_type_ref("<Application,Lorg/codehaus/janino/Java$FunctionDeclarator>")
"< Application, Lorg/codehaus/janino/UnitCompiler, invokeConstructor(Lorg/codehaus/janino/Java$Locatable;Lorg/codehaus/janino/Java$Scope;Lorg/codehaus/janino/Java$Rvalue;Lorg/codehaus/janino/IClass;[Lorg/codehaus/janino/Java$Rvalue;)V >"	113	140	139	java_type_ref("<Application,Lorg/codehaus/janino/Java$LocalVariableDeclarationStatement>")
"< Application, Lorg/codehaus/janino/UnitCompiler, tryConstantAssignmentConversion(Lorg/codehaus/janino/Java$Locatable;Ljava/lang/Object;Lorg/codehaus/janino/IClass;)Z >"	0	6	3	java_type_ref("<Primordial,Ljava/lang/Byte>")
"< Application, Lorg/codehaus/janino/UnitCompiler, getOuterClass(Lorg/codehaus/janino/Java$TypeDeclaration;)Lorg/codehaus/janino/Java$TypeDeclaration; >"	36	12	16	java_type_ref("<Application,Lorg/codehaus/janino/Java$ConstructorInvocation>")
"< Application, Lorg/codehaus/janino/UnitCompiler, compile2(Lorg/codehaus/janino/Java$ContinueStatement;)Z >"	44	8	19	java_type_ref("<Application,Lorg/codehaus/janino/Java$Statement>")
"< Application, Lorg/codehaus/janino/util/MultiIterator, hasNext()Z >"	15	15	12	java_type_ref("<Primordial,Ljava/util/Collection>")
"< Application, Lorg/codehaus/janino/IClass, getDeclaredIMethods(Ljava/lang/String;)[Lorg/codehaus/janino/IClass$IMethod; >"	12	19	16	java_type_ref("<Application,Lorg/codehaus/janino/IClass$IMethod>")
"< Application, Lorg/codehaus/janino/UnitCompiler, getIClass(Lorg/codehaus/janino/Java$ThisReference;)Lorg/codehaus/janino/IClass; >"	21	23	26	java_type_ref("<Application,Lorg/codehaus/janino/Java$TypeDeclaration>")
"< Application, Lorg/codehaus/janino/UnitCompiler, reclassifyName(Lorg/codehaus/janino/Location;Lorg/codehaus/janino/Java$Scope;Ljava/lang/String;)Lorg/codehaus/janino/Java$Atom; >"	6	11	16	java_type_ref("<Application,Lorg/codehaus/janino/Java$BlockStatement>")
"< Application, Lorg/codehaus/janino/Java$LocalClassDeclaration, getOuterIClass2()Lorg/codehaus/janino/IClass; >"	6	10	9	java_type_ref("<Application,Lorg/codehaus/janino/Java$MethodDeclarator>")
"< Application, Lorg/codehaus/janino/UnitCompiler, assignmentConversion(Lorg/codehaus/janino/Java$Locatable;Ljava/lang/Object;Lorg/codehaus/janino/IClass;)Ljava/lang/Object; >"	79	89	3	java_type_ref("<Primordial,Ljava/lang/Integer>")
"< Application, Lorg/codehaus/janino/UnitCompiler, getType2(Lorg/codehaus/janino/Java$ReferenceType;)Lorg/codehaus/janino/IClass; >"	30	114	124	java_type_ref("<Application,Lorg/codehaus/janino/Java$TypeDeclaration>")
"< Application, Lorg/codehaus/janino/UnparseVisitor, comparePrecedence(Ljava/lang/String;Lorg/codehaus/janino/Java$Atom;)I >"	39	10	2	java_type_ref("<Application,Lorg/codehaus/janino/Java$MethodInvocation>")
"< Application, Lorg/codehaus/janino/util/Traverser, traverseArrayInitializerOrRvalue(Lorg/codehaus/janino/Java$ArrayInitializerOrRvalue;)V >"	6	6	2	java_type_ref("<Application,Lorg/codehaus/janino/Java$ArrayInitializer>")
"< Application, Lorg/codehaus/janino/ByteArrayClassLoader, equals(Ljava/lang/Object;)Z >"	0	4	2	java_type_ref("<Application,Lorg/codehaus/janino/ByteArrayClassLoader>")
"< Application, Lorg/codehaus/janino/UnitCompiler, fillConversionMap([Ljava/lang/Object;Ljava/util/HashMap;)V >"	2	8	7	java_type_array(java_type_prim(java_prim_type_byte))
"< Application, Lorg/codehaus/janino/UnitCompiler, getType2(Lorg/codehaus/janino/Java$Literal;)Lorg/codehaus/janino/IClass; >"	21	14	13	java_type_ref("<Primordial,Ljava/lang/String>")
"< Application, Lorg/codehaus/janino/UnitCompiler, reclassifyName(Lorg/codehaus/janino/Location;Lorg/codehaus/janino/Java$Scope;Ljava/lang/String;)Lorg/codehaus/janino/Java$Atom; >"	46	40	39	java_type_ref("<Application,Lorg/codehaus/janino/Java$BlockStatement>")
"< Application, Lorg/codehaus/janino/Parser, parsePrimary()Lorg/codehaus/janino/Java$Atom; >"	173	111	109	java_type_ref("<Application,Lorg/codehaus/janino/Java$ReferenceType>")
"< Application, Lorg/codehaus/janino/UnitCompiler, getNegatedConstantValue2(Lorg/codehaus/janino/Java$Literal;)Ljava/lang/Object; >"	11	8	7	java_type_ref("<Primordial,Ljava/lang/Long>")
"< Application, Lorg/codehaus/janino/UnitCompiler, getOuterClass(Lorg/codehaus/janino/Java$TypeDeclaration;)Lorg/codehaus/janino/Java$TypeDeclaration; >"	0	3	1	java_type_ref("<Application,Lorg/codehaus/janino/Java$PackageMemberClassDeclaration>")
"< Application, Lorg/codehaus/janino/util/iterator/TraversingIterator, readNext()Z >"	15	22	17	java_type_array(java_type_ref("<Primordial,Ljava/lang/Object>"))
"< Application, Lorg/codehaus/janino/UnparseVisitor, <clinit>()V >"	103	144	143	java_type_ref("<Primordial,Ljava/lang/String>")
"< Application, Lorg/codehaus/janino/UnitCompiler, compileGet2(Lorg/codehaus/janino/Java$NewClassInstance;)Lorg/codehaus/janino/IClass; >"	52	66	65	java_type_ref("<Application,Lorg/codehaus/janino/Java$ClassDeclaration>")
"< Application, Lorg/codehaus/janino/util/ClassFile, addConstantSIFLDInfo(Ljava/lang/Object;)S >"	5	6	2	java_type_ref("<Primordial,Ljava/lang/Byte>")
"< Application, Lorg/codehaus/janino/UnitCompiler, assignmentConversion(Lorg/codehaus/janino/Java$Locatable;Ljava/lang/Object;Lorg/codehaus/janino/IClass;)Ljava/lang/Object; >"	77	88	3	java_type_ref("<Primordial,Ljava/lang/Short>")
"< Application, Lorg/codehaus/janino/tools/Disassembler$13, print(Ljava/util/Map;)V >"	21	36	35	java_type_ref("<Application,Lorg/codehaus/janino/tools/Disassembler$LocalVariableTableAttribute>")
"< Application, Lorg/codehaus/janino/UnparseVisitor, comparePrecedence(Ljava/lang/String;Lorg/codehaus/janino/Java$Atom;)I >"	0	4	2	java_type_ref("<Application,Lorg/codehaus/janino/Java$BinaryOperation>")
"< Application, Lorg/codehaus/janino/util/ClassFile, addConstantSIFLDInfo(Ljava/lang/Object;)S >"	30	11	2	java_type_ref("<Primordial,Ljava/lang/Float>")
"< Application, Lorg/codehaus/janino/UnparseVisitor, visitConstructorDeclarator(Lorg/codehaus/janino/Java$ConstructorDeclarator;)V >"	5	10	8	java_type_ref("<Application,Lorg/codehaus/janino/Java$NamedClassDeclaration>")
"< Application, Lorg/codehaus/janino/UnitCompiler, reclassifyName(Lorg/codehaus/janino/Location;Lorg/codehaus/janino/Java$Scope;[Ljava/lang/String;I)Lorg/codehaus/janino/Java$Atom; >"	8	13	10	java_type_ref("<Application,Lorg/codehaus/janino/Java$Package>")
"< Application, Lorg/codehaus/janino/tools/Disassembler, disasmClassFile(Ljava/io/DataInputStream;)V >"	135	175	174	java_type_ref("<Application,Lorg/codehaus/janino/tools/Disassembler$ConstantUtf8Info>")
"< Application, Lorg/codehaus/janino/UnitCompiler, compile2(Lorg/codehaus/janino/Java$BreakStatement;)Z >"	4	45	48	java_type_ref("<Application,Lorg/codehaus/janino/Java$BreakableStatement>")
"< Application, Lorg/codehaus/janino/tools/Disassembler, disasmClassFile(Ljava/io/DataInputStream;)V >"	129	169	168	java_type_ref("<Application,Lorg/codehaus/janino/tools/Disassembler$SourceFileAttribute>")
"< Application, Lorg/codehaus/janino/util/iterator/MultiDimensionalIterator, hasNext()Z >"	37	34	29	java_type_array(java_type_ref("<Primordial,Ljava/lang/Object>"))
"< Application, Lorg/codehaus/janino/UnitCompiler$29, getDeclaredIFields2()[Lorg/codehaus/janino/IClass$IField; >"	1	4	3	java_type_ref("<Application,Lorg/codehaus/janino/Java$ClassDeclaration>")
"< Application, Lorg/codehaus/janino/UnitCompiler$29, getInterfaces2()[Lorg/codehaus/janino/IClass; >"	50	9	8	java_type_ref("<Application,Lorg/codehaus/janino/Java$InterfaceDeclaration>")
"< Application, Lorg/codehaus/janino/UnitCompiler$31, isAbstract()Z >"	2	6	5	java_type_ref("<Application,Lorg/codehaus/janino/Java$InterfaceDeclaration>")
"< Application, Lorg/codehaus/janino/UnitCompiler, isIntLV(Lorg/codehaus/janino/Java$Crement;)Lorg/codehaus/janino/Java$LocalVariable; >"	7	11	10	java_type_ref("<Application,Lorg/codehaus/janino/Java$LocalVariableAccess>")
"< Application, Lorg/codehaus/janino/UnitCompiler, getConstantValue2(Lorg/codehaus/janino/Java$BinaryOperation;)Ljava/lang/Object; >"	78	82	75	java_type_ref("<Primordial,Ljava/lang/Double>")
"< Application, Lorg/codehaus/janino/UnitCompiler, getIClass(Lorg/codehaus/janino/Java$ThisReference;)Lorg/codehaus/janino/IClass; >"	10	14	13	java_type_ref("<Application,Lorg/codehaus/janino/Java$FunctionDeclarator>")
"< Application, Lorg/codehaus/janino/UnitCompiler, assignmentConversion(Lorg/codehaus/janino/Java$Locatable;Ljava/lang/Object;Lorg/codehaus/janino/IClass;)Ljava/lang/Object; >"	171	25	3	java_type_ref("<Primordial,Ljava/lang/Long>")
"< Application, Lorg/codehaus/janino/Java$Literal, <init>(Lorg/codehaus/janino/Location;Ljava/lang/Object;)V >"	3	8	3	java_type_ref("<Primordial,Ljava/lang/Long>")
"< Application, Lorg/codehaus/janino/Java$LocalClassDeclaration, getOuterIClass2()Lorg/codehaus/janino/IClass; >"	20	22	21	java_type_ref("<Application,Lorg/codehaus/janino/Java$ClassDeclaration>")
"< Application, Lorg/codehaus/janino/UnitCompiler, assignmentConversion(Lorg/codehaus/janino/Java$Locatable;Ljava/lang/Object;Lorg/codehaus/janino/IClass;)Ljava/lang/Object; >"	72	86	3	java_type_ref("<Primordial,Ljava/lang/Short>")
"< Application, Lorg/codehaus/janino/util/ClassFile, addConstantSIFLDInfo(Ljava/lang/Object;)S >"	0	4	2	java_type_ref("<Primordial,Ljava/lang/String>")
"< Application, Lorg/codehaus/janino/UnitCompiler, compile2(Lorg/codehaus/janino/Java$ClassDeclaration;)V >"	81	109	2	java_type_ref("<Application,Lorg/codehaus/janino/Java$NamedTypeDeclaration>")
"< Application, Lorg/codehaus/janino/Scanner, literalValueToString(Ljava/lang/Object;)Ljava/lang/String; >"	19	5	1	java_type_ref("<Primordial,Ljava/lang/Character>")
"< Application, Lorg/codehaus/janino/UnitCompiler$29, getDeclaredIFields2()[Lorg/codehaus/janino/IClass$IField; >"	45	22	21	java_type_ref("<Application,Lorg/codehaus/janino/Java$FieldDeclaration>")
"< Application, Lorg/codehaus/janino/UnitCompiler, toIInvocable(Lorg/codehaus/janino/Java$FunctionDeclarator;)Lorg/codehaus/janino/IClass$IInvocable; >"	0	4	2	java_type_ref("<Application,Lorg/codehaus/janino/Java$ConstructorDeclarator>")
"< Application, Lorg/codehaus/janino/UnitCompiler, compileGetValue(Lorg/codehaus/janino/Java$ArrayInitializer;Lorg/codehaus/janino/IClass;)V >"	23	42	41	java_type_ref("<Application,Lorg/codehaus/janino/Java$Rvalue>")
"< Application, Lorg/codehaus/janino/UnitCompiler, getType2(Lorg/codehaus/janino/Java$ReferenceType;)Lorg/codehaus/janino/IClass; >"	7	11	19	java_type_ref("<Application,Lorg/codehaus/janino/Java$TypeDeclaration>")
"< Application, Lorg/codehaus/janino/UnitCompiler, compile2(Lorg/codehaus/janino/Java$ContinueStatement;)Z >"	10	54	59	java_type_ref("<Application,Lorg/codehaus/janino/Java$Statement>")
"< Application, Lorg/codehaus/janino/UnitCompiler, reclassifyName(Lorg/codehaus/janino/Location;Lorg/codehaus/janino/Java$Scope;Ljava/lang/String;)Lorg/codehaus/janino/Java$Atom; >"	53	47	46	java_type_ref("<Application,Lorg/codehaus/janino/Java$InnerClassDeclaration>")
"< Application, Lorg/codehaus/janino/UnitCompiler, invokeConstructor(Lorg/codehaus/janino/Java$Locatable;Lorg/codehaus/janino/Java$Scope;Lorg/codehaus/janino/Java$Rvalue;Lorg/codehaus/janino/IClass;[Lorg/codehaus/janino/Java$Rvalue;)V >"	63	72	54	java_type_ref("<Application,Lorg/codehaus/janino/Java$MethodDeclarator>")
"< Application, Lorg/codehaus/janino/UnitCompiler, getConstantValue2(Lorg/codehaus/janino/Java$BinaryOperation;)Ljava/lang/Object; >"	55	78	75	java_type_ref("<Primordial,Ljava/lang/String>")
"< Application, Lorg/codehaus/janino/UnitCompiler$29, getInterfaces2()[Lorg/codehaus/janino/IClass; >"	17	7	6	java_type_ref("<Application,Lorg/codehaus/janino/Java$NamedClassDeclaration>")
"< Application, Lorg/codehaus/janino/UnitCompiler, getConstantValue2(Lorg/codehaus/janino/Java$BinaryOperation;)Ljava/lang/Object; >"	53	77	102	java_type_ref("<Primordial,Ljava/lang/String>")
"< Application, Lorg/codehaus/janino/UnitCompiler, compile2(Lorg/codehaus/janino/Java$SwitchStatement;)Z >"	31	49	45	java_type_ref("<Primordial,Ljava/lang/Integer>")
"< Application, Lorg/codehaus/janino/UnitCompiler, compile2(Lorg/codehaus/janino/Java$ClassDeclaration;)V >"	93	129	2	java_type_ref("<Application,Lorg/codehaus/janino/Java$DocCommentable>")
"< Application, Lorg/codehaus/janino/util/iterator/TraversingIterator, readNext()Z >"	10	18	17	java_type_ref("<Primordial,Ljava/util/Iterator>")
"< Application, Lorg/codehaus/janino/UnitCompiler, reclassifyName(Lorg/codehaus/janino/Location;Lorg/codehaus/janino/Java$Scope;Ljava/lang/String;)Lorg/codehaus/janino/Java$Atom; >"	8	12	16	java_type_ref("<Application,Lorg/codehaus/janino/Java$CatchClause>")
"< Application, Lorg/codehaus/janino/UnitCompiler, compileGet2(Lorg/codehaus/janino/Java$UnaryOperation;)Lorg/codehaus/janino/IClass; >"	14	60	59	java_type_ref("<Application,Lorg/codehaus/janino/Java$Literal>")
"< Application, Lorg/codehaus/janino/UnitCompiler, assignmentConversion(Lorg/codehaus/janino/Java$Locatable;Ljava/lang/Object;Lorg/codehaus/janino/IClass;)Ljava/lang/Object; >"	2	139	3	java_type_ref("<Primordial,Ljava/lang/Boolean>")
"< Application, Lorg/codehaus/janino/UnitCompiler, compile2(Lorg/codehaus/janino/Java$LocalVariableDeclarationStatement;)Z >"	18	29	28	java_type_ref("<Application,Lorg/codehaus/janino/Java$Rvalue>")
"< Application, Lorg/codehaus/janino/UnitCompiler, tryConstantAssignmentConversion(Lorg/codehaus/janino/Java$Locatable;Ljava/lang/Object;Lorg/codehaus/janino/IClass;)Z >"	10	9	3	java_type_ref("<Primordial,Ljava/lang/Integer>")
"< Application, Lorg/codehaus/janino/UnitCompiler, compileGet2(Lorg/codehaus/janino/Java$ClassLiteral;)Lorg/codehaus/janino/IClass; >"	49	15	18	java_type_ref("<Application,Lorg/codehaus/janino/Java$TypeDeclaration>")
"< Application, Lorg/codehaus/janino/UnitCompiler, getOuterClass(Lorg/codehaus/janino/Java$TypeDeclaration;)Lorg/codehaus/janino/Java$TypeDeclaration; >"	20	34	37	java_type_ref("<Application,Lorg/codehaus/janino/Java$TypeDeclaration>")
"< Application, Lorg/codehaus/janino/tools/Disassembler$5, print()V >"	5	8	6	java_type_ref("<Application,Lorg/codehaus/janino/tools/Disassembler$ConstantUtf8Info>")
"< Application, Lorg/codehaus/janino/UnitCompiler, compile(Lorg/codehaus/janino/Java$FunctionDeclarator;Lorg/codehaus/janino/util/ClassFile;)V >"	101	137	2	java_type_ref("<Application,Lorg/codehaus/janino/Java$ConstructorDeclarator>")
"< Application, Lorg/codehaus/janino/UnitCompiler, reclassifyName(Lorg/codehaus/janino/Location;Lorg/codehaus/janino/Java$Scope;Ljava/lang/String;)Lorg/codehaus/janino/Java$Atom; >"	95	61	64	java_type_ref("<Application,Lorg/codehaus/janino/Java$BlockStatement>")
"< Application, Lorg/codehaus/janino/UnitCompiler, assignmentConversion(Lorg/codehaus/janino/Java$Locatable;Ljava/lang/Object;Lorg/codehaus/janino/IClass;)Ljava/lang/Object; >"	18	122	3	java_type_ref("<Primordial,Ljava/lang/Integer>")
"< Application, Lorg/codehaus/janino/Java$LocalClassDeclaration, getOuterIClass2()Lorg/codehaus/janino/IClass; >"	17	17	20	java_type_ref("<Application,Lorg/codehaus/janino/Java$TypeDeclaration>")
"< Application, Lorg/codehaus/janino/ClassFileIClass, getDeclaredIConstructors2()[Lorg/codehaus/janino/IClass$IConstructor; >"	15	17	16	java_type_ref("<Application,Lorg/codehaus/janino/IClass$IConstructor>")
"< Application, Lorg/codehaus/janino/util/ClassFile, addConstantSIFLDInfo(Ljava/lang/Object;)S >"	7	7	2	java_type_ref("<Primordial,Ljava/lang/Short>")
"< Application, Lorg/codehaus/janino/util/ClassFile$ConstantInterfaceMethodrefInfo, equals(Ljava/lang/Object;)Z >"	0	4	2	java_type_ref("<Application,Lorg/codehaus/janino/util/ClassFile$ConstantInterfaceMethodrefInfo>")
"< Application, Lorg/codehaus/janino/UnitCompiler$29, getDeclaringIClass2()Lorg/codehaus/janino/IClass; >"	7	4	9	java_type_ref("<Application,Lorg/codehaus/janino/Java$TypeBodyDeclaration>")
"< Application, Lorg/codehaus/janino/UnitCompiler, compile2(Lorg/codehaus/janino/Java$ContinueStatement;)Z >"	4	56	59	java_type_ref("<Application,Lorg/codehaus/janino/Java$ContinuableStatement>")
"< Application, Lorg/codehaus/janino/UnitCompiler, getOuterClass(Lorg/codehaus/janino/Java$TypeDeclaration;)Lorg/codehaus/janino/Java$TypeDeclaration; >"	11	30	29	java_type_ref("<Application,Lorg/codehaus/janino/Java$MethodDeclarator>")
"< Application, Lorg/codehaus/janino/UnitCompiler, invokeConstructor(Lorg/codehaus/janino/Java$Locatable;Lorg/codehaus/janino/Java$Scope;Lorg/codehaus/janino/Java$Rvalue;Lorg/codehaus/janino/IClass;[Lorg/codehaus/janino/Java$Rvalue;)V >"	133	125	132	java_type_ref("<Application,Lorg/codehaus/janino/Java$BlockStatement>")
"< Application, Lorg/codehaus/janino/UnitCompiler, compile2(Lorg/codehaus/janino/Java$FieldDeclaration;)Z >"	11	20	10	java_type_ref("<Application,Lorg/codehaus/janino/Java$Rvalue>")
"< Application, Lorg/codehaus/janino/UnitCompiler, compile2(Lorg/codehaus/janino/Java$FieldDeclaration;)Z >"	22	32	10	java_type_ref("<Application,Lorg/codehaus/janino/Java$ArrayInitializer>")
"< Application, Lorg/codehaus/janino/UnparseVisitor, comparePrecedence(Ljava/lang/String;Lorg/codehaus/janino/Java$Atom;)I >"	53	13	2	java_type_ref("<Application,Lorg/codehaus/janino/Java$Crement>")
"< Application, Lorg/sunflow/core/ShadingState, getTrianglePoints([Lorg/sunflow/math/Point3;)Z >"	3	9	8	java_type_ref("<Application,Lorg/sunflow/core/primitive/TriangleMesh>")
"< Application, Lorg/codehaus/janino/UnitCompiler, internalCheckAccessible(Lorg/codehaus/janino/IClass;Lorg/codehaus/janino/Java$BlockStatement;)Ljava/lang/String; >"	11	38	42	java_type_ref("<Application,Lorg/codehaus/janino/Java$TypeDeclaration>")
"< Application, Lorg/codehaus/janino/UnitCompiler, getIClass(Lorg/codehaus/janino/Java$ThisReference;)Lorg/codehaus/janino/IClass; >"	8	10	13	java_type_ref("<Application,Lorg/codehaus/janino/Java$CatchClause>")
"< Application, Lorg/codehaus/janino/Java$ExpressionStatement, <init>(Lorg/codehaus/janino/Java$Rvalue;)V >"	4	9	2	java_type_ref("<Application,Lorg/codehaus/janino/Java$Crement>")
"< Application, Lorg/codehaus/janino/Parser, parseConstructorDeclarator(Ljava/lang/String;S)Lorg/codehaus/janino/Java$ConstructorDeclarator; >"	38	66	65	java_type_ref("<Application,Lorg/codehaus/janino/Java$ConstructorInvocation>")
"< Application, Lorg/codehaus/janino/UnparseVisitor, unparseArrayInitializerOrRvalue(Lorg/codehaus/janino/Java$ArrayInitializerOrRvalue;)V >"	0	4	2	java_type_ref("<Application,Lorg/codehaus/janino/Java$Rvalue>")
"< Application, Lorg/codehaus/janino/Scanner, literalValueToString(Ljava/lang/Object;)Ljava/lang/String; >"	31	6	1	java_type_ref("<Primordial,Ljava/lang/Integer>")
"< Application, Lorg/codehaus/janino/UnparseVisitor, comparePrecedence(Ljava/lang/String;Lorg/codehaus/janino/Java$Atom;)I >"	33	9	2	java_type_ref("<Application,Lorg/codehaus/janino/Java$Cast>")
"< Application, Lorg/codehaus/janino/UnitCompiler, getType2(Lorg/codehaus/janino/Java$ReferenceType;)Lorg/codehaus/janino/IClass; >"	76	157	156	java_type_ref("<Application,Lorg/codehaus/janino/IClass>")
"< Application, Lorg/codehaus/janino/UnitCompiler, reclassifyName(Lorg/codehaus/janino/Location;Lorg/codehaus/janino/Java$Scope;Ljava/lang/String;)Lorg/codehaus/janino/Java$Atom; >"	50	44	39	java_type_ref("<Application,Lorg/codehaus/janino/Java$FunctionDeclarator>")
"< Application, Lorg/codehaus/janino/UnitCompiler, assignmentConversion(Lorg/codehaus/janino/Java$Locatable;Ljava/lang/Object;Lorg/codehaus/janino/IClass;)Ljava/lang/Object; >"	60	100	3	java_type_ref("<Primordial,Ljava/lang/Integer>")
"< Application, Lorg/codehaus/janino/UnitCompiler, assignmentConversion(Lorg/codehaus/janino/Java$Locatable;Ljava/lang/Object;Lorg/codehaus/janino/IClass;)Ljava/lang/Object; >"	136	39	3	java_type_ref("<Primordial,Ljava/lang/Float>")
"< Application, Lorg/codehaus/janino/UnitCompiler, assignmentConversion(Lorg/codehaus/janino/Java$Locatable;Ljava/lang/Object;Lorg/codehaus/janino/IClass;)Ljava/lang/Object; >"	103	75	3	java_type_ref("<Primordial,Ljava/lang/Character>")
"< Application, Lorg/codehaus/janino/UnitCompiler, findLocalClassDeclaration(Lorg/codehaus/janino/Java$Scope;Ljava/lang/String;)Lorg/codehaus/janino/Java$LocalClassDeclaration; >"	6	10	6	java_type_ref("<Application,Lorg/codehaus/janino/Java$Block>")
"< Application, Lorg/codehaus/janino/UnitCompiler, reclassifyName(Lorg/codehaus/janino/Location;Lorg/codehaus/janino/Java$Scope;Ljava/lang/String;)Lorg/codehaus/janino/Java$Atom; >"	113	79	88	java_type_ref("<Application,Lorg/codehaus/janino/Java$TypeDeclaration>")
"< Application, Lorg/codehaus/janino/IClass, getDeclaredIMethods(Ljava/lang/String;)[Lorg/codehaus/janino/IClass$IMethod; >"	32	45	44	java_type_ref("<Application,Lorg/codehaus/janino/IClass$IMethod>")
"< Application, Lorg/codehaus/janino/UnitCompiler, invokeConstructor(Lorg/codehaus/janino/Java$Locatable;Lorg/codehaus/janino/Java$Scope;Lorg/codehaus/janino/Java$Rvalue;Lorg/codehaus/janino/IClass;[Lorg/codehaus/janino/Java$Rvalue;)V >"	74	87	54	java_type_ref("<Application,Lorg/codehaus/janino/Java$ConstructorDeclarator>")
"< Application, Lorg/codehaus/janino/UnitCompiler, findIMethod(Lorg/codehaus/janino/Java$MethodInvocation;)Lorg/codehaus/janino/IClass$IMethod; >"	15	8	20	java_type_ref("<Application,Lorg/codehaus/janino/Java$CompilationUnit>")
