"< Application, Lorg/codehaus/janino/ScriptEvaluator, cook([Lorg/codehaus/janino/Scanner;)V >"	16	11	10
"< Application, Lorg/dacapo/harness/Callback, init(Lorg/dacapo/parser/Config;)V >"	32	30	29
"< Application, Lorg/sunflow/core/parser/ShaveRibParser, parse(Ljava/lang/String;Lorg/sunflow/SunflowAPI;)Z >"	111	154	85
"< Application, Lorg/codehaus/janino/UnitCompiler, concat([Ljava/lang/String;Ljava/lang/String;)[Ljava/lang/String; >"	5	11	1
"< Application, Lorg/codehaus/janino/UnitCompiler$30, getThrownExceptions()[Lorg/codehaus/janino/IClass; >"	2	5	4
"< Application, Lorg/sunflow/core/bucket/RandomBucketOrder, getBucketSequence(II)[I >"	22	25	8
"< Application, Lorg/sunflow/core/LightServer, showStats()V >"	23	28	27
"< Application, Lorg/codehaus/janino/UnitCompiler, getIFields(Lorg/codehaus/janino/Java$FieldDeclaration;)[Lorg/codehaus/janino/IClass$IField; >"	14	8	6
"< Application, Lorg/sunflow/core/parser/SCParser, parseObjectBlock(Lorg/sunflow/SunflowAPI;)V >"	758	189	188
"< Application, Lorg/codehaus/janino/ReflectionIClass, getDeclaredIMethods2()[Lorg/codehaus/janino/IClass$IMethod; >"	16	22	5
"< Application, Lorg/codehaus/janino/SimpleCompiler, main([Ljava/lang/String;)V >"	0	3	1
"< Application, Lorg/sunflow/image/RegularSpectralCurve, sample(F)F >"	14	17	16
"< Application, Lorg/codehaus/janino/samples/DeclarationCounter, main([Ljava/lang/String;)V >"	19	6	1
"< Application, Lorg/codehaus/janino/UnitCompiler, findMostSpecificIInvocable(Lorg/codehaus/janino/Java$Locatable;[Lorg/codehaus/janino/IClass$IInvocable;[Lorg/codehaus/janino/IClass;Z)Lorg/codehaus/janino/IClass$IInvocable; >"	5	14	13
"< Application, Lorg/sunflow/core/parser/TriParser, parse(Ljava/lang/String;Lorg/sunflow/SunflowAPI;)Z >"	84	121	17
"< Application, Lorg/codehaus/janino/util/ClassFile$LineNumberTableAttribute, storeBody(Ljava/io/DataOutputStream;)V >"	1	5	4
"< Application, Lorg/dacapo/parser/Config, preprocessArgs(Ljava/lang/String;Ljava/io/File;)[Ljava/lang/String; >"	1	7	6
"< Application, Lorg/codehaus/janino/ClassFileIClass, resolveHalf()V >"	12	10	9
"< Application, Lorg/codehaus/janino/UnitCompiler, last([Ljava/lang/String;)Ljava/lang/String; >"	5	5	1
"< Application, Lorg/sunflow/core/light/TriangleMeshLight, init(Ljava/lang/String;Lorg/sunflow/SunflowAPI;)V >"	21	38	37
"< Application, Lorg/sunflow/core/ParameterList$Parameter, size()I >"	19	36	35
"< Application, Lorg/sunflow/core/tesselatable/BezierMesh, getPrimitiveBound(II)F >"	21	14	6
"< Application, Lorg/codehaus/janino/UnitCompiler, findMostSpecificIInvocable(Lorg/codehaus/janino/Java$Locatable;[Lorg/codehaus/janino/IClass$IInvocable;[Lorg/codehaus/janino/IClass;Z)Lorg/codehaus/janino/IClass$IInvocable; >"	154	134	133
"< Application, Lorg/sunflow/core/light/SunSkyLight, getSamples(Lorg/sunflow/core/ShadingState;)V >"	52	58	54
"< Application, Lorg/codehaus/janino/Java$LocalVariableDeclarationStatement, <init>(Lorg/codehaus/janino/Location;SLorg/codehaus/janino/Java$Type;[Lorg/codehaus/janino/Java$VariableDeclarator;)V >"	13	10	5
"< Application, Lorg/codehaus/janino/UnparseVisitor, unparseArrayInitializerOrRvalue(Lorg/codehaus/janino/Java$ArrayInitializerOrRvalue;)V >"	28	31	30
"< Application, Lorg/sunflow/core/tesselatable/FileMesh, tesselate()Lorg/sunflow/core/PrimitiveList; >"	32	322	321
"< Application, Lorg/codehaus/janino/UnitCompiler, compile2(Lorg/codehaus/janino/Java$ClassDeclaration;)V >"	141	160	159
"< Application, Lorg/sunflow/core/tesselatable/BezierMesh, tesselate()Lorg/sunflow/core/PrimitiveList; >"	35	41	40
"< Application, Lorg/sunflow/core/Camera, getRay(FFIIDDD)Lorg/sunflow/core/Ray; >"	18	25	24
"< Application, Lorg/sunflow/core/Instance, getModifier(I)Lorg/sunflow/core/Modifier; >"	4	8	7
"< Application, Lorg/codehaus/janino/util/ClassFile, <init>(SLjava/lang/String;Ljava/lang/String;[Ljava/lang/String;)V >"	26	25	5
"< Application, Lorg/codehaus/janino/util/Traverser, traverseNewClassInstance(Lorg/codehaus/janino/Java$NewClassInstance;)V >"	16	14	13
"< Application, LSunflowGUI, main([Ljava/lang/String;)V >"	3	32	1
"< Application, Lorg/codehaus/janino/UnitCompiler, allButLast([Ljava/lang/String;)[Ljava/lang/String; >"	0	3	1
"< Application, Lorg/codehaus/janino/ScriptEvaluator$1$MethodWrapper, equals(Ljava/lang/Object;)Z >"	12	14	13
"< Application, Lorg/sunflow/core/primitive/QuadMesh, update(Lorg/sunflow/core/ParameterList;Lorg/sunflow/SunflowAPI;)Z >"	17	20	19
"< Application, Lorg/codehaus/janino/util/ResourceFinderClassLoader, findClass(Ljava/lang/String;)Ljava/lang/Class; >"	44	58	57
"< Application, Lorg/sunflow/core/tesselatable/BezierMesh, getWorldBounds(Lorg/sunflow/math/Matrix4;)Lorg/sunflow/math/BoundingBox; >"	10	37	36
"< Application, Lorg/dacapo/harness/Benchmark, prepareJars()V >"	29	40	39
"< Application, Lorg/codehaus/janino/UnitCompiler, compileGetValue(Lorg/codehaus/janino/Java$ArrayInitializer;Lorg/codehaus/janino/IClass;)V >"	50	33	32
"< Application, Lorg/codehaus/janino/UnparseVisitor, unparseArrayInitializerOrRvalue(Lorg/codehaus/janino/Java$ArrayInitializerOrRvalue;)V >"	9	22	21
"< Application, Lorg/apache/commons/cli/GnuParser, flatten(Lorg/apache/commons/cli/Options;[Ljava/lang/String;Z)[Ljava/lang/String; >"	3	9	3
"< Application, Lorg/codehaus/janino/ReflectionIClass, getDeclaredIFields2()[Lorg/codehaus/janino/IClass$IField; >"	2	6	5
"< Application, Lorg/codehaus/janino/tools/HprofScrubber, dumpSamples([Lorg/codehaus/janino/tools/HprofScrubber$Sample;Ljava/util/Map;)V >"	66	70	68
"< Application, Lorg/sunflow/core/ParameterList, addVectors(Ljava/lang/String;Lorg/sunflow/core/ParameterList$InterpolationType;[F)V >"	1	7	4
"< Application, Lorg/sunflow/image/SpectralCurve, <clinit>()V >"	311	368	367
"< Application, Lorg/codehaus/janino/util/Benchmark, report(Ljava/lang/String;Ljava/lang/Object;)V >"	40	48	46
"< Application, Lorg/codehaus/janino/ScriptEvaluator, cook([Ljava/lang/String;[Ljava/io/Reader;)V >"	10	8	3
"< Application, Lorg/codehaus/janino/tools/Disassembler, disasmInstruction(Lorg/codehaus/janino/tools/Disassembler$Instruction;Ljava/io/DataInputStream;ILorg/codehaus/janino/tools/Disassembler$LocalVariableTableAttribute;)V >"	10	14	11
"< Application, Lorg/codehaus/janino/tools/Disassembler$14, print()V >"	22	11	10
"< Application, Lorg/codehaus/janino/Parser, parsePrimary()Lorg/codehaus/janino/Java$Atom; >"	83	220	177
"< Application, Lorg/sunflow/core/LightServer, build(Lorg/sunflow/core/Options;)Z >"	43	49	48
"< Application, Lorg/codehaus/janino/tools/Disassembler, compileInstructions([Ljava/lang/String;[Lorg/codehaus/janino/tools/Disassembler$Instruction;)V >"	110	5	1
"< Application, Lorg/codehaus/janino/UnitCompiler, invokeConstructor(Lorg/codehaus/janino/Java$Locatable;Lorg/codehaus/janino/Java$Scope;Lorg/codehaus/janino/Java$Rvalue;Lorg/codehaus/janino/IClass;[Lorg/codehaus/janino/Java$Rvalue;)V >"	127	143	142
"< Application, Lorg/codehaus/janino/Java$NamedClassDeclaration, <init>(Lorg/codehaus/janino/Location;Ljava/lang/String;SLjava/lang/String;Lorg/codehaus/janino/Java$Type;[Lorg/codehaus/janino/Java$Type;)V >"	16	15	7
"< Application, Lorg/dacapo/harness/Digest, toString([B)Ljava/lang/String; >"	5	9	1
"< Application, Lorg/codehaus/janino/UnitCompiler, findMemberType(Lorg/codehaus/janino/IClass;Ljava/lang/String;Lorg/codehaus/janino/Location;)Lorg/codehaus/janino/IClass; >"	1	8	7
"< Application, Lorg/codehaus/janino/UnitCompiler, concat([Ljava/lang/String;Ljava/lang/String;)[Ljava/lang/String; >"	3	9	1
"< Application, Lorg/apache/commons/cli/Parser, processProperties(Ljava/util/Properties;)V >"	18	29	28
"< Application, Lorg/sunflow/core/LightServer, calculatePhotons(Lorg/sunflow/core/PhotonStore;Ljava/lang/String;I)Z >"	92	89	60
"< Application, Lorg/sunflow/core/renderer/ProgressiveRenderer, progressiveRenderNext(Lorg/sunflow/core/IntersectionState;)I >"	41	38	37
"< Application, Lorg/sunflow/util/FastHashMap, containsKey(Ljava/lang/Object;)Z >"	3	8	7
"< Application, Lorg/codehaus/janino/util/Traverser, traverseFunctionDeclarator(Lorg/codehaus/janino/Java$FunctionDeclarator;)V >"	9	6	5
"< Application, Lorg/sunflow/core/primitive/QuadMesh, update(Lorg/sunflow/core/ParameterList;Lorg/sunflow/SunflowAPI;)Z >"	42	41	40
"< Application, Lorg/codehaus/janino/tools/Disassembler$11, print(Ljava/util/Map;)V >"	37	36	35
"< Application, Lorg/codehaus/janino/UnitCompiler, allButLast([Ljava/lang/String;)[Ljava/lang/String; >"	5	5	1
"< Application, Lorg/codehaus/janino/util/ClassFile, storeShortArray(Ljava/io/DataOutputStream;[S)V >"	0	4	2
"< Application, Lorg/sunflow/core/accel/BoundingIntervalHierarchy, build(Lorg/sunflow/core/PrimitiveList;)V >"	46	57	56
"< Application, Lorg/sunflow/core/primitive/TriangleMesh, getWorldBounds(Lorg/sunflow/math/Matrix4;)Lorg/sunflow/math/BoundingBox; >"	5	31	30
"< Application, Lorg/codehaus/janino/JavaSourceClassLoader, main([Ljava/lang/String;)V >"	115	156	1
"< Application, Lorg/codehaus/janino/UnitCompiler, invokeConstructor(Lorg/codehaus/janino/Java$Locatable;Lorg/codehaus/janino/Java$Scope;Lorg/codehaus/janino/Java$Rvalue;Lorg/codehaus/janino/IClass;[Lorg/codehaus/janino/Java$Rvalue;)V >"	20	17	16
"< Application, Lorg/codehaus/janino/UnitCompiler$30, getParameterTypes()[Lorg/codehaus/janino/IClass; >"	12	8	4
"< Application, Lorg/dacapo/harness/Benchmark, deleteFiles(Ljava/io/File;Ljava/lang/String;)V >"	4	9	7
"< Application, Lorg/codehaus/janino/UnitCompiler, compile(Lorg/codehaus/janino/Java$FunctionDeclarator;Lorg/codehaus/janino/util/ClassFile;)V >"	53	69	68
"< Application, Lorg/sunflow/core/LightServer, build(Lorg/sunflow/core/Options;)Z >"	72	71	70
"< Application, Lorg/sunflow/core/shader/PrimIDShader, getRadiance(Lorg/sunflow/core/ShadingState;)Lorg/sunflow/image/Color; >"	10	19	18
"< Application, Lorg/codehaus/janino/samples/ScriptDemo, main([Ljava/lang/String;)V >"	66	84	59
"< Application, Lorg/codehaus/janino/ScriptEvaluator, cook([Lorg/codehaus/janino/Scanner;)V >"	40	20	19
"< Application, Lorg/codehaus/janino/UnitCompiler, findMostSpecificIInvocable(Lorg/codehaus/janino/Java$Locatable;[Lorg/codehaus/janino/IClass$IInvocable;[Lorg/codehaus/janino/IClass;Z)Lorg/codehaus/janino/IClass$IInvocable; >"	124	124	121
"< Application, Lorg/sunflow/core/primitive/TriangleMesh, writeObj(Ljava/lang/String;)V >"	7	13	12
"< Application, Lorg/sunflow/util/FastHashMap, put(Ljava/lang/Object;Ljava/lang/Object;)Ljava/lang/Object; >"	50	56	55
"< Application, Lorg/codehaus/janino/CodeContext, write(S[B)V >"	5	9	3
"< Application, Lorg/codehaus/janino/UnitCompiler, getIMethods(Lorg/codehaus/janino/IClass;Ljava/lang/String;Ljava/util/List;)V >"	20	27	21
"< Application, Lorg/codehaus/janino/ScriptEvaluator, makeMethodDeclaration(Lorg/codehaus/janino/Location;ZLjava/lang/Class;Ljava/lang/String;[Ljava/lang/Class;[Ljava/lang/String;[Ljava/lang/Class;Lorg/codehaus/janino/Java$Block;)Lorg/codehaus/janino/Java$MethodDeclarator; >"	1	12	6
"< Application, Lorg/sunflow/core/tesselatable/BezierMesh, tesselate()Lorg/sunflow/core/PrimitiveList; >"	1	4	3
"< Application, Lorg/codehaus/janino/ExpressionEvaluator, setExpressionTypes([Ljava/lang/Class;)V >"	18	8	6
"< Application, Lorg/codehaus/janino/ReflectionIClass, getDeclaredIMethods2()[Lorg/codehaus/janino/IClass$IMethod; >"	14	9	5
"< Application, Lorg/codehaus/janino/CodeContext, makeSpace(SI)V >"	36	32	31
"< Application, Lorg/sunflow/core/parser/ShaveRibParser, parse(Ljava/lang/String;Lorg/sunflow/SunflowAPI;)Z >"	101	86	85
"< Application, Lorg/codehaus/janino/util/ClassFile$CodeAttribute, loadBody(SLorg/codehaus/janino/util/ClassFile;Ljava/io/DataInputStream;)Lorg/codehaus/janino/util/ClassFile$AttributeInfo; >"	24	32	31
"< Application, Lorg/codehaus/janino/Compiler, compile([Lorg/codehaus/janino/util/resource/Resource;)Z >"	74	85	65
"< Application, Lorg/sunflow/util/FastHashMap, put(Ljava/lang/Object;Ljava/lang/Object;)Ljava/lang/Object; >"	2	9	8
"< Application, Lorg/sunflow/core/parser/TriParser, parse(Ljava/lang/String;Lorg/sunflow/SunflowAPI;)Z >"	10	18	17
"< Application, Lorg/codehaus/janino/samples/ClassBodyDemo, main([Ljava/lang/String;)V >"	0	3	1
"< Application, Lorg/codehaus/janino/UnitCompiler, invokeConstructor(Lorg/codehaus/janino/Java$Locatable;Lorg/codehaus/janino/Java$Scope;Lorg/codehaus/janino/Java$Rvalue;Lorg/codehaus/janino/IClass;[Lorg/codehaus/janino/Java$Rvalue;)V >"	1	10	9
"< Application, Lorg/codehaus/janino/UnitCompiler, getType2(Lorg/codehaus/janino/Java$ReferenceType;)Lorg/codehaus/janino/IClass; >"	157	37	36
"< Application, Lorg/codehaus/janino/util/Traverser, traverseNewAnonymousClassInstance(Lorg/codehaus/janino/Java$NewAnonymousClassInstance;)V >"	16	14	13
"< Application, Lorg/sunflow/core/Instance, update(Lorg/sunflow/core/ParameterList;Lorg/sunflow/SunflowAPI;)Z >"	48	41	40
"< Application, Lorg/codehaus/janino/Parser, parseModifiersOpt()S >"	54	49	48
"< Application, Lorg/codehaus/janino/ScriptEvaluator$1$MethodWrapper, equals(Ljava/lang/Object;)Z >"	10	12	11
"< Application, Lorg/dacapo/parser/Config$1, <clinit>()V >"	1	4	3
"< Application, Lorg/codehaus/janino/UnitCompiler, compileGet2(Lorg/codehaus/janino/Java$NewAnonymousClassInstance;)Lorg/codehaus/janino/IClass; >"	102	112	111
"< Application, Lorg/sunflow/core/renderer/BucketRenderer, render(Lorg/sunflow/core/Display;)V >"	30	33	19
"< Application, Lorg/codehaus/janino/UnitCompiler$29, getDeclaredIConstructors2()[Lorg/codehaus/janino/IClass$IConstructor; >"	6	11	10
"< Application, Lorg/codehaus/janino/IClass, hasIMethod(Ljava/lang/String;[Lorg/codehaus/janino/IClass;)Z >"	9	8	6
"< Application, Lorg/sunflow/core/light/SunSkyLight, getSamples(Lorg/sunflow/core/ShadingState;)V >"	122	119	54
"< Application, Lorg/codehaus/janino/Compiler, main([Ljava/lang/String;)V >"	130	176	1
"< Application, Lorg/sunflow/core/photonmap/GridPhotonMap, init()V >"	18	25	24
"< Application, Lorg/sunflow/core/primitive/QuadMesh, update(Lorg/sunflow/core/ParameterList;Lorg/sunflow/SunflowAPI;)Z >"	63	63	58
"< Application, Lorg/codehaus/janino/UnitCompiler, findMostSpecificIInvocable(Lorg/codehaus/janino/Java$Locatable;[Lorg/codehaus/janino/IClass$IInvocable;[Lorg/codehaus/janino/IClass;Z)Lorg/codehaus/janino/IClass$IInvocable; >"	6	15	4
"< Application, Lorg/codehaus/janino/samples/DeclarationCounter, traverseFieldDeclaration(Lorg/codehaus/janino/Java$FieldDeclaration;)V >"	2	6	5
"< Application, Lorg/codehaus/janino/UnparseVisitor, unparseFunctionDeclaratorRest(Lorg/codehaus/janino/Java$FunctionDeclarator;)V >"	17	23	22
"< Application, Lorg/codehaus/janino/ClassFileIClass, resolveAllClasses()V >"	26	30	29
"< Application, Lorg/sunflow/system/BenchmarkFramework, execute(Lorg/sunflow/system/BenchmarkTest;)V >"	60	68	67
"< Application, Lorg/sunflow/core/photonmap/GridPhotonMap, growPhotonHash()V >"	14	15	14
"< Application, Lorg/codehaus/janino/util/ClassFile$CodeAttribute, storeBody(Ljava/io/DataOutputStream;)V >"	29	37	36
"< Application, Lorg/codehaus/janino/UnitCompiler$29, getInterfaces2()[Lorg/codehaus/janino/IClass; >"	46	53	52
"< Application, Lorg/codehaus/janino/tools/HprofScrubber, dumpSamples([Lorg/codehaus/janino/tools/HprofScrubber$Sample;Ljava/util/Map;)V >"	6	5	1
"< Application, Lorg/codehaus/janino/UnitCompiler$31, getParameterTypes()[Lorg/codehaus/janino/IClass; >"	2	5	4
"< Application, Lorg/codehaus/janino/ScriptEvaluator, cook([Ljava/lang/String;)V >"	9	7	2
"< Application, Lorg/codehaus/janino/Java$InterfaceDeclaration, <init>(Lorg/codehaus/janino/Location;Ljava/lang/String;SLjava/lang/String;[Lorg/codehaus/janino/Java$Type;)V >"	15	13	6
"< Application, Lorg/codehaus/janino/UnitCompiler, findMostSpecificIInvocable(Lorg/codehaus/janino/Java$Locatable;[Lorg/codehaus/janino/IClass$IInvocable;[Lorg/codehaus/janino/IClass;Z)Lorg/codehaus/janino/IClass$IInvocable; >"	158	132	121
"< Application, Lorg/codehaus/janino/UnitCompiler, compile2(Lorg/codehaus/janino/Java$FieldDeclaration;)Z >"	52	6	5
"< Application, Lorg/codehaus/janino/UnitCompiler$31, getParameterTypes()[Lorg/codehaus/janino/IClass; >"	12	8	4
"< Application, Lorg/sunflow/core/ParameterList$Parameter, size()I >"	30	25	24
"< Application, Lorg/sunflow/core/tesselatable/Gumbo, main([Ljava/lang/String;)V >"	13	23	22
"< Application, Lorg/codehaus/janino/util/Traverser, traverseLocalVariableDeclarationStatement(Lorg/codehaus/janino/Java$LocalVariableDeclarationStatement;)V >"	12	9	8
"< Application, Lorg/sunflow/core/photonmap/GridPhotonMap, prepare(Lorg/sunflow/math/BoundingBox;)V >"	56	68	67
"< Application, Lorg/codehaus/janino/util/ClassFile$InnerClassesAttribute, loadBody(SLjava/io/DataInputStream;)Lorg/codehaus/janino/util/ClassFile$AttributeInfo; >"	13	8	6
"< Application, Lorg/sunflow/core/LightServer$1, run()V >"	27	24	23
"< Application, Lorg/codehaus/janino/util/iterator/DirectoryIterator, traverseDirectories([Ljava/io/File;Ljava/io/FilenameFilter;Ljava/io/FilenameFilter;)Ljava/util/Iterator; >"	9	8	1
"< Application, Lorg/codehaus/janino/samples/ExpressionDemo, main([Ljava/lang/String;)V >"	123	162	104
"< Application, Lorg/dacapo/harness/DacapoClassLoader, create(Lorg/dacapo/parser/Config;Ljava/io/File;)Lorg/dacapo/harness/DacapoClassLoader; >"	5	13	6
"< Application, Lorg/codehaus/janino/UnitCompiler, compileGetValue(Lorg/codehaus/janino/Java$ArrayInitializer;Lorg/codehaus/janino/IClass;)V >"	12	25	24
"< Application, Lorg/sunflow/core/InstanceList, getWorldBounds(Lorg/sunflow/math/Matrix4;)Lorg/sunflow/math/BoundingBox; >"	3	7	6
"< Application, Lorg/codehaus/janino/tools/JGrep, main([Ljava/lang/String;)V >"	82	100	1
"< Application, Lorg/sunflow/core/tesselatable/BezierMesh, getWorldBounds(Lorg/sunflow/math/Matrix4;)Lorg/sunflow/math/BoundingBox; >"	30	12	11
"< Application, Lorg/sunflow/core/tesselatable/FileMesh, tesselate()Lorg/sunflow/core/PrimitiveList; >"	49	337	321
"< Application, Lorg/codehaus/janino/UnitCompiler, compileGet2(Lorg/codehaus/janino/Java$NewAnonymousClassInstance;)Lorg/codehaus/janino/IClass; >"	74	78	18
"< Application, Lorg/sunflow/core/parser/ShaveRibParser, parse(Ljava/lang/String;Lorg/sunflow/SunflowAPI;)Z >"	85	165	64
"< Application, Lorg/codehaus/janino/Java, join([Ljava/lang/Object;Ljava/lang/String;)Ljava/lang/String; >"	0	5	1
"< Application, Lorg/sunflow/image/RegularSpectralCurve, <init>([FFF)V >"	5	8	2
"< Application, Lorg/codehaus/janino/ClassFileIClass, resolveMethod(Lorg/codehaus/janino/util/ClassFile$MethodInfo;)Lorg/codehaus/janino/IClass$IInvocable; >"	16	25	24
"< Application, Lorg/codehaus/janino/ClassFileIClass, resolveField(Lorg/codehaus/janino/util/ClassFile$FieldInfo;)Lorg/codehaus/janino/IClass$IField; >"	21	24	22
"< Application, Lorg/sunflow/image/IrregularSpectralCurve, <init>([F[F)V >"	3	6	2
"< Application, Lorg/codehaus/janino/UnparseVisitor, unparseFunctionDeclaratorRest(Lorg/codehaus/janino/Java$FunctionDeclarator;)V >"	12	9	8
"< Application, Lorg/codehaus/janino/UnitCompiler, import2(Lorg/codehaus/janino/Java$CompilationUnit$SingleStaticImportDeclaration;)V >"	43	30	29
"< Application, Lorg/sunflow/core/LightServer, build(Lorg/sunflow/core/Options;)Z >"	84	84	83
"< Application, LSunflowGUI, main([Ljava/lang/String;)V >"	51	87	1
"< Application, Lorg/dacapo/harness/FileDigest, main([Ljava/lang/String;)V >"	36	51	1
"< Application, Lorg/codehaus/janino/tools/Disassembler, getConstantPoolEntry(S)Lorg/codehaus/janino/tools/Disassembler$ConstantPoolInfo; >"	2	7	6
"< Application, Lorg/sunflow/core/renderer/BucketRenderer, renderBucket(Lorg/sunflow/core/Display;IIILorg/sunflow/core/IntersectionState;)V >"	72	83	82
"< Application, Lorg/codehaus/janino/samples/ScriptDemo, main([Ljava/lang/String;)V >"	44	62	1
"< Application, Lorg/sunflow/util/FastHashMap, put(Ljava/lang/Object;Ljava/lang/Object;)Ljava/lang/Object; >"	17	23	22
"< Application, Lorg/sunflow/image/IrregularSpectralCurve, <init>([F[F)V >"	18	9	2
"< Application, Lorg/dacapo/parser/ParseException, initialise(Lorg/dacapo/parser/Token;[[I[Ljava/lang/String;)Ljava/lang/String; >"	100	147	2
"< Application, Lorg/sunflow/util/FastHashMap, resize(I)V >"	16	14	13
"< Application, Lorg/dacapo/harness/LatexDescriptions, print([Ljava/lang/String;Ljava/io/PrintStream;)V >"	3	7	1
"< Application, Lorg/codehaus/janino/Scanner$OperatorToken, isOperator([Ljava/lang/String;)Z >"	7	5	2
"< Application, Lorg/sunflow/core/primitive/QuadMesh, getWorldBounds(Lorg/sunflow/math/Matrix4;)Lorg/sunflow/math/BoundingBox; >"	21	9	8
"< Application, Lorg/sunflow/core/photonmap/GridPhotonMap, growPhotonHash()V >"	21	20	12
"< Application, Lorg/codehaus/janino/tools/Disassembler, disasmClassFile(Ljava/io/DataInputStream;)V >"	186	212	159
"< Application, Lorg/dacapo/parser/ParseException, initialise(Lorg/dacapo/parser/Token;[[I[Ljava/lang/String;)Ljava/lang/String; >"	4	12	2
"< Application, Lorg/sunflow/core/Camera, getRay(FFIIDDD)Lorg/sunflow/core/Ray; >"	4	15	14
"< Application, Lorg/codehaus/janino/UnitCompiler, reclassifyName(Lorg/codehaus/janino/Location;Lorg/codehaus/janino/Java$Scope;Ljava/lang/String;)Lorg/codehaus/janino/Java$Atom; >"	218	103	102
"< Application, Lorg/codehaus/janino/UnitCompiler, invokeConstructor(Lorg/codehaus/janino/Java$Locatable;Lorg/codehaus/janino/Java$Scope;Lorg/codehaus/janino/Java$Rvalue;Lorg/codehaus/janino/IClass;[Lorg/codehaus/janino/Java$Rvalue;)V >"	47	200	49
"< Application, Lorg/sunflow/core/parser/SCParser, parseObjectBlock(Lorg/sunflow/SunflowAPI;)V >"	681	279	278
"< Application, Lorg/codehaus/janino/UnitCompiler, findMostSpecificIInvocable(Lorg/codehaus/janino/Java$Locatable;[Lorg/codehaus/janino/IClass$IInvocable;[Lorg/codehaus/janino/Java$Rvalue;)Lorg/codehaus/janino/IClass$IInvocable; >"	0	6	4
"< Application, Lorg/sunflow/core/gi/InstantGI, getIrradiance(Lorg/sunflow/core/ShadingState;Lorg/sunflow/image/Color;)Lorg/sunflow/image/Color; >"	14	27	26
"< Application, Lorg/dacapo/harness/Matcher, match(C)V >"	15	15	14
"< Application, Lorg/codehaus/janino/tools/HprofScrubber, dumpSites([Lorg/codehaus/janino/tools/HprofScrubber$Site;Ljava/util/Map;)V >"	11	8	1
"< Application, Lorg/codehaus/janino/JavaSourceClassLoader, main([Ljava/lang/String;)V >"	103	6	1
"< Application, Lorg/codehaus/janino/UnitCompiler, getIMethods(Lorg/codehaus/janino/IClass;Ljava/lang/String;Ljava/util/List;)V >"	6	9	7
"< Application, Lorg/sunflow/core/accel/UniformGrid, intersect(Lorg/sunflow/core/Ray;Lorg/sunflow/core/IntersectionState;)V >"	335	332	331
"< Application, Lorg/sunflow/core/primitive/BanchoffSurface, intersectPrimitive(Lorg/sunflow/core/Ray;ILorg/sunflow/core/IntersectionState;)V >"	100	112	104
"< Application, Lorg/codehaus/janino/UnitCompiler, checkThrownExceptions(Lorg/codehaus/janino/Java$Invocation;Lorg/codehaus/janino/IClass$IMethod;)V >"	7	8	6
"< Application, Lorg/codehaus/janino/UnitCompiler, findMemberType(Lorg/codehaus/janino/IClass;Ljava/lang/String;Lorg/codehaus/janino/Location;)Lorg/codehaus/janino/IClass; >"	25	29	7
"< Application, Lorg/codehaus/janino/UnitCompiler, generatesCode2(Lorg/codehaus/janino/Java$FieldDeclaration;)Z >"	9	6	5
"< Application, Lorg/sunflow/core/primitive/TriangleMesh$1, <clinit>()V >"	1	4	3
"< Application, Lorg/codehaus/janino/CodeContext, write(S[B)V >"	0	5	3
"< Application, Lorg/codehaus/janino/UnitCompiler, compile2(Lorg/codehaus/janino/Java$InterfaceDeclaration;)V >"	6	10	9
"< Application, Lorg/sunflow/core/LightServer, calculatePhotons(Lorg/sunflow/core/PhotonStore;Ljava/lang/String;I)Z >"	3	8	7
"< Application, Lorg/sunflow/core/renderer/BucketRenderer, render(Lorg/sunflow/core/Display;)V >"	41	44	19
"< Application, Lorg/codehaus/janino/Compiler, main([Ljava/lang/String;)V >"	114	168	1
"< Application, Lorg/codehaus/janino/ScriptEvaluator, cook([Lorg/codehaus/janino/Scanner;)V >"	167	97	92
"< Application, Lorg/sunflow/core/primitive/Hair, update(Lorg/sunflow/core/ParameterList;Lorg/sunflow/SunflowAPI;)Z >"	34	30	29
"< Application, Lorg/codehaus/janino/UnitCompiler, reclassifyName(Lorg/codehaus/janino/Location;Lorg/codehaus/janino/Java$Scope;[Ljava/lang/String;I)Lorg/codehaus/janino/Java$Atom; >"	64	29	28
"< Application, Lorg/sunflow/core/LightServer, calculatePhotons(Lorg/sunflow/core/PhotonStore;Ljava/lang/String;I)Z >"	68	69	60
"< Application, Lorg/codehaus/janino/UnitCompiler, getIMethods(Lorg/codehaus/janino/IClass;Ljava/lang/String;Ljava/util/List;)V >"	17	22	21
"< Application, Lorg/sunflow/core/primitive/TriangleMesh, update(Lorg/sunflow/core/ParameterList;Lorg/sunflow/SunflowAPI;)Z >"	48	47	46
"< Application, Lorg/codehaus/janino/UnitCompiler, addFields(Lorg/codehaus/janino/Java$FieldDeclaration;Lorg/codehaus/janino/util/ClassFile;)V >"	51	7	6
"< Application, Lorg/sunflow/core/IntersectionState, <init>()V >"	5	8	7
"< Application, Lorg/codehaus/janino/UnitCompiler$31, getThrownExceptions()[Lorg/codehaus/janino/IClass; >"	2	5	4
"< Application, Lorg/sunflow/core/renderer/ProgressiveRenderer, render(Lorg/sunflow/core/Display;)V >"	49	46	38
"< Application, Lorg/codehaus/janino/UnparseVisitor, visitFieldDeclaration(Lorg/codehaus/janino/Java$FieldDeclaration;)V >"	17	14	13
"< Application, Lorg/codehaus/janino/Java$ForStatement, <init>(Lorg/codehaus/janino/Location;Lorg/codehaus/janino/Java$BlockStatement;Lorg/codehaus/janino/Java$Rvalue;[Lorg/codehaus/janino/Java$Rvalue;Lorg/codehaus/janino/Java$BlockStatement;)V >"	14	13	5
"< Application, Lorg/codehaus/janino/samples/ShippingCost, main([Ljava/lang/String;)V >"	0	3	1
"< Application, Lorg/codehaus/janino/UnitCompiler$30, getThrownExceptions()[Lorg/codehaus/janino/IClass; >"	13	8	6
"< Application, Lorg/codehaus/janino/UnitCompiler, loadFullyQualifiedClass([Ljava/lang/String;)Lorg/codehaus/janino/IClass; >"	17	27	7
"< Application, Lorg/codehaus/janino/IClass, findMemberType(Ljava/lang/String;Ljava/util/Collection;)V >"	23	26	6
"< Application, Lorg/sunflow/util/FastHashMap, resize(I)V >"	27	23	12
"< Application, LSunflowGUI, main([Ljava/lang/String;)V >"	309	359	1
"< Application, Lorg/codehaus/janino/Parser, parsePrimary()Lorg/codehaus/janino/Java$Atom; >"	87	224	177
"< Application, Lorg/codehaus/janino/IClass, getDeclaredIField(Ljava/lang/String;)Lorg/codehaus/janino/IClass$IField; >"	12	11	7
"< Application, Lorg/codehaus/janino/tools/HprofScrubber, dumpSamples([Lorg/codehaus/janino/tools/HprofScrubber$Sample;Ljava/util/Map;)V >"	71	32	1
"< Application, Lorg/sunflow/core/photonmap/GridPhotonMap, getRadiance(Lorg/sunflow/math/Point3;Lorg/sunflow/math/Vector3;)Lorg/sunflow/image/Color; >"	187	216	215
"< Application, Lorg/codehaus/janino/ScriptEvaluator, cook([Lorg/codehaus/janino/Scanner;)V >"	4	5	2
"< Application, Lorg/sunflow/core/accel/UniformGrid, build(Lorg/sunflow/core/PrimitiveList;)V >"	141	159	92
"< Application, Lorg/codehaus/janino/util/ClassFile$CodeAttribute, storeBody(Ljava/io/DataOutputStream;)V >"	10	14	13
"< Application, Lorg/dacapo/parser/ParseException, initialise(Lorg/dacapo/parser/Token;[[I[Ljava/lang/String;)Ljava/lang/String; >"	14	19	18
"< Application, Lorg/codehaus/janino/tools/Disassembler, main([Ljava/lang/String;)V >"	44	54	1
"< Application, LSunflowGUI, main([Ljava/lang/String;)V >"	106	147	1
"< Application, Lorg/codehaus/janino/tools/Disassembler$LocalVariableTableAttribute, find(SI)Ljava/lang/String; >"	38	7	6
"< Application, Lorg/codehaus/janino/ClassFileIClass, resolveMethod(Lorg/codehaus/janino/util/ClassFile$MethodInfo;)Lorg/codehaus/janino/IClass$IInvocable; >"	34	44	43
"< Application, Lorg/codehaus/janino/Parser, join([Ljava/lang/String;Ljava/lang/String;)Ljava/lang/String; >"	2	5	1
"< Application, Lorg/codehaus/janino/UnitCompiler$29, getDeclaredIConstructors2()[Lorg/codehaus/janino/IClass$IConstructor; >"	15	13	10
"< Application, Lorg/sunflow/image/IrregularSpectralCurve, <init>([F[F)V >"	4	7	3
"< Application, Lorg/sunflow/core/primitive/TriangleMesh, update(Lorg/sunflow/core/ParameterList;Lorg/sunflow/SunflowAPI;)Z >"	11	14	13
"< Application, Lorg/sunflow/core/primitive/BanchoffSurface, intersectPrimitive(Lorg/sunflow/core/Ray;ILorg/sunflow/core/IntersectionState;)V >"	109	120	104
"< Application, Lorg/dacapo/harness/TestHarness, coeff_of_var([J)D >"	3	7	1
"< Application, Lorg/sunflow/core/bucket/BucketOrderFactory, create(Ljava/lang/String;)Lorg/sunflow/core/BucketOrder; >"	7	16	15
"< Application, Lorg/codehaus/janino/UnitCompiler, fillConversionMap([Ljava/lang/Object;Ljava/util/HashMap;)V >"	10	6	1
"< Application, Lorg/sunflow/core/LightServer, calculatePhotons(Lorg/sunflow/core/PhotonStore;Ljava/lang/String;I)Z >"	103	114	60
"< Application, Lorg/codehaus/janino/ScriptEvaluator$1, traverseLocalVariableDeclarationStatement(Lorg/codehaus/janino/Java$LocalVariableDeclarationStatement;)V >"	9	6	5
"< Application, Lorg/codehaus/janino/ScriptEvaluator, cook([Lorg/codehaus/janino/Scanner;)V >"	32	17	16
"< Application, Lorg/codehaus/janino/UnitCompiler, compileGet2(Lorg/codehaus/janino/Java$MethodInvocation;)Lorg/codehaus/janino/IClass; >"	87	110	109
"< Application, Lorg/dacapo/harness/LatexDescriptions, print([Ljava/lang/String;Ljava/io/PrintStream;)V >"	35	51	1
"< Application, Lorg/codehaus/janino/JavaSourceClassLoader, main([Ljava/lang/String;)V >"	112	153	1
"< Application, Lorg/sunflow/core/primitive/QuadMesh, update(Lorg/sunflow/core/ParameterList;Lorg/sunflow/SunflowAPI;)Z >"	10	11	10
"< Application, Lorg/codehaus/janino/util/ClassFile, storeShortArray(Ljava/io/DataOutputStream;[S)V >"	7	7	2
"< Application, Lorg/codehaus/janino/util/ClassFile$LineNumberTableAttribute, storeBody(Ljava/io/DataOutputStream;)V >"	15	9	8
"< Application, Lorg/sunflow/image/IrregularSpectralCurve, sample(F)F >"	60	28	27
"< Application, Lorg/sunflow/core/primitive/QuadMesh, writeObj(Ljava/lang/String;)V >"	7	13	12
"< Application, Lorg/sunflow/core/gi/InstantGI, init(Lorg/sunflow/core/Scene;)Z >"	56	71	70
"< Application, Lorg/sunflow/core/primitive/QuadMesh, writeObj(Ljava/lang/String;)V >"	31	41	40
"< Application, Lorg/codehaus/janino/UnparseVisitor, visitForStatement(Lorg/codehaus/janino/Java$ForStatement;)V >"	31	27	26
"< Application, Lorg/codehaus/janino/SimpleCompiler, main([Ljava/lang/String;)V >"	16	26	1
"< Application, Lorg/codehaus/janino/Mod, shortToString(S)Ljava/lang/String; >"	28	6	5
"< Application, Lorg/codehaus/janino/ExpressionEvaluator$1, traverseAmbiguousName(Lorg/codehaus/janino/Java$AmbiguousName;)V >"	10	6	5
"< Application, Lorg/codehaus/janino/util/ClassFile$ExceptionsAttribute, getExceptionIndexes()[S >"	4	8	5
"< Application, Lorg/sunflow/RenderObjectMap$1, <clinit>()V >"	1	4	3
"< Application, Lorg/codehaus/janino/ClassFileIClass, resolveMethod(Lorg/codehaus/janino/util/ClassFile$MethodInfo;)Lorg/codehaus/janino/IClass$IInvocable; >"	42	46	43
"< Application, Lorg/sunflow/system/Parser, fetchNextToken()Ljava/lang/String; >"	5	7	6
"< Application, Lorg/codehaus/janino/Scanner, <clinit>()V >"	65	108	11
"< Application, Lorg/codehaus/janino/UnparseVisitor, unparseFunctionInvocationArguments([Lorg/codehaus/janino/Java$Rvalue;)V >"	10	8	2
"< Application, Lorg/codehaus/janino/UnitCompiler, compileGet2(Lorg/codehaus/janino/Java$NewAnonymousClassInstance;)Lorg/codehaus/janino/IClass; >"	38	36	18
"< Application, Lorg/codehaus/janino/ScriptEvaluator, cook([Lorg/codehaus/janino/Scanner;)V >"	48	23	22
"< Application, Lorg/sunflow/core/renderer/ProgressiveRenderer, render(Lorg/sunflow/core/Display;)V >"	60	57	38
"< Application, Lorg/dacapo/harness/Matcher, match(C)V >"	48	23	22
"< Application, Lorg/codehaus/janino/IClass$IInvocable, isMoreSpecificThan(Lorg/codehaus/janino/IClass$IInvocable;)Z >"	10	9	5
"< Application, Lorg/dacapo/harness/ChordHarness, coeff_of_var([J)D >"	0	3	1
"< Application, Lorg/codehaus/janino/UnitCompiler$29, getDeclaredIFields2()[Lorg/codehaus/janino/IClass$IField; >"	55	27	26
"< Application, Lorg/codehaus/janino/UnitCompiler, loadFullyQualifiedClass([Ljava/lang/String;)Lorg/codehaus/janino/IClass; >"	0	4	2
"< Application, Lorg/codehaus/janino/UnitCompiler, getType2(Lorg/codehaus/janino/Java$ReferenceType;)Lorg/codehaus/janino/IClass; >"	19	22	21
"< Application, Lorg/codehaus/janino/ScriptEvaluator, makeMethodDeclaration(Lorg/codehaus/janino/Location;ZLjava/lang/Class;Ljava/lang/String;[Ljava/lang/Class;[Ljava/lang/String;[Ljava/lang/Class;Lorg/codehaus/janino/Java$Block;)Lorg/codehaus/janino/Java$MethodDeclarator; >"	9	45	6
"< Application, Lorg/codehaus/janino/Parser, parsePrimary()Lorg/codehaus/janino/Java$Atom; >"	79	218	177
"< Application, Lorg/codehaus/janino/UnitCompiler, checkThrownException(Lorg/codehaus/janino/Java$Locatable;Lorg/codehaus/janino/IClass;Lorg/codehaus/janino/Java$Scope;)V >"	53	59	58
"< Application, Lorg/codehaus/janino/IClass$IMethod, toString()Ljava/lang/String; >"	43	70	58
"< Application, Lorg/codehaus/janino/SimpleCompiler$AuxiliaryClassLoader, addAuxiliaryClass(Ljava/lang/Class;)V >"	30	41	40
"< Application, Lorg/codehaus/janino/SimpleCompiler, classesToTypes(Lorg/codehaus/janino/Location;[Ljava/lang/Class;)[Lorg/codehaus/janino/Java$Type; >"	0	5	3
"< Application, Lorg/codehaus/janino/ScriptEvaluator, createFastEvaluator(Lorg/codehaus/janino/ScriptEvaluator;Lorg/codehaus/janino/Scanner;[Ljava/lang/String;Ljava/lang/Class;)Ljava/lang/Object; >"	11	11	10
"< Application, Lorg/codehaus/janino/CodeContext, write(S[B)V >"	8	12	3
"< Application, Lorg/sunflow/core/renderer/BucketRenderer, renderBucket(Lorg/sunflow/core/Display;IIILorg/sunflow/core/IntersectionState;)V >"	94	103	102
"< Application, Lorg/codehaus/janino/IClass, <clinit>()V >"	58	72	34
"< Application, Lorg/sunflow/core/parser/ShaveRibParser, parse(Ljava/lang/String;Lorg/sunflow/SunflowAPI;)Z >"	62	48	42
"< Application, Lorg/sunflow/core/light/ImageBasedLight, getSamples(Lorg/sunflow/core/ShadingState;)V >"	18	59	58
"< Application, Lorg/sunflow/core/accel/UniformGrid, build(Lorg/sunflow/core/PrimitiveList;)V >"	213	240	239
"< Application, Lorg/sunflow/core/primitive/QuadMesh, getWorldBounds(Lorg/sunflow/math/Matrix4;)Lorg/sunflow/math/BoundingBox; >"	5	31	30
"< Application, Lorg/codehaus/janino/tools/JGrep, main([Ljava/lang/String;)V >"	77	15	1
"< Application, Lorg/sunflow/core/primitive/QuadMesh, update(Lorg/sunflow/core/ParameterList;Lorg/sunflow/SunflowAPI;)Z >"	67	65	58
"< Application, Lorg/sunflow/core/parser/RA2Parser, parse(Ljava/lang/String;Lorg/sunflow/SunflowAPI;)Z >"	31	51	50
"< Application, Lorg/codehaus/janino/tools/HprofScrubber, dumpSites([Lorg/codehaus/janino/tools/HprofScrubber$Site;Ljava/util/Map;)V >"	84	43	1
"< Application, Lorg/codehaus/janino/tools/Disassembler, readAttributeInfo(Ljava/io/DataInputStream;)Lorg/codehaus/janino/tools/Disassembler$AttributeInfo; >"	13	22	19
"< Application, Lorg/codehaus/janino/util/Traverser, traverseInterfaceDeclaration(Lorg/codehaus/janino/Java$InterfaceDeclaration;)V >"	17	16	15
"< Application, Lorg/sunflow/core/parser/TriParser, parse(Ljava/lang/String;Lorg/sunflow/SunflowAPI;)Z >"	74	107	38
"< Application, Lorg/codehaus/janino/UnitCompiler, loadFullyQualifiedClass([Ljava/lang/String;)Lorg/codehaus/janino/IClass; >"	8	15	2
"< Application, Lorg/codehaus/janino/ClassFileIClass, resolveClasses([S)[Lorg/codehaus/janino/IClass; >"	14	7	5
"< Application, Lorg/sunflow/core/light/ImageBasedLight, getSamples(Lorg/sunflow/core/ShadingState;)V >"	30	68	64
"< Application, Lorg/codehaus/janino/ReflectionIClass$ReflectionIConstructor, getDescriptor()Ljava/lang/String; >"	11	9	7
"< Application, Lorg/codehaus/janino/Java$FieldDeclaration, toString()Ljava/lang/String; >"	20	25	24
"< Application, Lorg/sunflow/core/tesselatable/FileMesh, generate([I[FZ)Lorg/sunflow/core/primitive/TriangleMesh; >"	17	24	2
"< Application, Lorg/sunflow/core/light/ImageBasedLight, getSamples(Lorg/sunflow/core/ShadingState;)V >"	95	124	123
"< Application, Lorg/sunflow/Benchmark, main([Ljava/lang/String;)V >"	40	20	1
"< Application, Lorg/codehaus/janino/samples/ScriptDemo, main([Ljava/lang/String;)V >"	60	78	59
"< Application, Lorg/codehaus/janino/SimpleCompiler, main([Ljava/lang/String;)V >"	23	34	1
"< Application, Lorg/codehaus/janino/Java$ConstructorDeclarator, toString()Ljava/lang/String; >"	14	14	12
"< Application, Lorg/sunflow/image/IrregularSpectralCurve, sample(F)F >"	23	54	53
"< Application, Lorg/codehaus/janino/UnitCompiler, fakeIMethod(Lorg/codehaus/janino/IClass;Ljava/lang/String;[Lorg/codehaus/janino/Java$Rvalue;)Lorg/codehaus/janino/IClass$IMethod; >"	8	9	4
"< Application, Lorg/codehaus/janino/samples/ClassBodyDemo, main([Ljava/lang/String;)V >"	34	49	48
"< Application, Lorg/sunflow/core/photonmap/GridPhotonMap, growPhotonHash()V >"	2	5	4
"< Application, Lorg/codehaus/janino/tools/JGrep$MethodInvocationTarget, apply(Lorg/codehaus/janino/UnitCompiler;Lorg/codehaus/janino/Java$Invocation;Lorg/codehaus/janino/IClass$IMethod;)V >"	34	31	28
"< Application, Lorg/sunflow/util/FastHashMap, remove(Ljava/lang/Object;)V >"	3	8	7
"< Application, Lorg/sunflow/core/ParameterList$1, <clinit>()V >"	59	79	78
"< Application, Lorg/sunflow/core/LightServer, lookupShadingCache(Lorg/sunflow/core/ShadingState;Lorg/sunflow/core/Shader;)Lorg/sunflow/image/Color; >"	17	25	24
"< Application, Lorg/sunflow/util/FastHashMap, remove(Ljava/lang/Object;)V >"	35	42	41
"< Application, Lorg/sunflow/core/parser/TriParser, parse(Ljava/lang/String;Lorg/sunflow/SunflowAPI;)Z >"	101	137	17
"< Application, Lorg/sunflow/Benchmark, kernelEnd()V >"	5	9	8
"< Application, LSunflowGUI, main([Ljava/lang/String;)V >"	29	63	1
"< Application, Lorg/codehaus/janino/util/iterator/MultiDimensionalIterator, hasNext()Z >"	2	5	4
"< Application, Lorg/codehaus/janino/IClass$IConstructor, getDescriptor()Ljava/lang/String; >"	8	14	4
"< Application, Lorg/dacapo/parser/Config, print(Ljava/io/PrintStream;)V >"	40	64	50
"< Application, Lorg/sunflow/core/primitive/TriangleMesh$BakingSurface, getWorldBounds(Lorg/sunflow/math/Matrix4;)Lorg/sunflow/math/BoundingBox; >"	26	12	11
"< Application, Lorg/sunflow/core/primitive/ParticleSurface, update(Lorg/sunflow/core/ParameterList;Lorg/sunflow/SunflowAPI;)Z >"	18	24	23
"< Application, Lorg/dacapo/harness/ChordHarness, rmdir(Ljava/io/File;)V >"	3	7	4
"< Application, Lorg/codehaus/janino/samples/ExpressionDemo, main([Ljava/lang/String;)V >"	87	122	105
"< Application, Lorg/codehaus/janino/UnitCompiler, compileUnconditionalLoopWithUpdate(Lorg/codehaus/janino/Java$ContinuableStatement;Lorg/codehaus/janino/Java$BlockStatement;[Lorg/codehaus/janino/Java$Rvalue;)Z >"	23	20	4
"< Application, Lorg/sunflow/core/primitive/QuadMesh, getNumPrimitives()I >"	1	4	3
"< Application, Lorg/sunflow/image/IrregularSpectralCurve, sample(F)F >"	16	15	14
"< Application, Lorg/dacapo/harness/Benchmark, preIteration(Ljava/lang/String;)V >"	8	13	9
"< Application, Lorg/codehaus/janino/ScriptEvaluator, makeMethodDeclaration(Lorg/codehaus/janino/Location;ZLjava/lang/Class;Ljava/lang/String;[Ljava/lang/Class;[Ljava/lang/String;[Ljava/lang/Class;Lorg/codehaus/janino/Java$Block;)Lorg/codehaus/janino/Java$MethodDeclarator; >"	6	39	7
"< Application, Lorg/sunflow/math/QMC, <clinit>()V >"	43	40	39
"< Application, Lorg/sunflow/util/IntArray, add(I)V >"	2	6	5
"< Application, Lorg/codehaus/janino/util/ClassFile$LineNumberTableAttribute, loadBody(SLjava/io/DataInputStream;)Lorg/codehaus/janino/util/ClassFile$AttributeInfo; >"	11	8	6
"< Application, Lorg/dacapo/harness/FileDigest, getText(Ljava/io/File;ZLjava/io/File;)[B >"	26	47	46
"< Application, Lorg/codehaus/janino/UnitCompiler, compile2(Lorg/codehaus/janino/Java$ClassDeclaration;)V >"	21	12	11
"< Application, Lorg/codehaus/janino/UnitCompiler, concat([Ljava/lang/String;Ljava/lang/String;)[Ljava/lang/String; >"	0	4	1
"< Application, Lorg/sunflow/util/FastHashMap, put(Ljava/lang/Object;Ljava/lang/Object;)Ljava/lang/Object; >"	37	45	44
"< Application, Lorg/codehaus/janino/tools/Disassembler$13, print(Ljava/util/Map;)V >"	40	33	32
"< Application, Lorg/sunflow/image/IrregularSpectralCurve, sample(F)F >"	29	20	19
"< Application, Lorg/codehaus/janino/UnitCompiler, compileGet2(Lorg/codehaus/janino/Java$NewAnonymousClassInstance;)Lorg/codehaus/janino/IClass; >"	45	61	60
"< Application, Lorg/dacapo/harness/ChordHarness, coeff_of_var([J)D >"	3	7	1
"< Application, Lorg/codehaus/janino/samples/ExpressionDemo, main([Ljava/lang/String;)V >"	98	140	104
"< Application, Lorg/codehaus/janino/tools/Disassembler$LineNumberTableAttribute, print()V >"	28	11	10
"< Application, Lorg/sunflow/core/accel/UniformGrid, build(Lorg/sunflow/core/PrimitiveList;)V >"	193	218	217
"< Application, Lorg/dacapo/parser/ParseException, initialise(Lorg/dacapo/parser/Token;[[I[Ljava/lang/String;)Ljava/lang/String; >"	25	33	32
"< Application, Lorg/sunflow/core/light/ImageBasedLight, update(Lorg/sunflow/core/ParameterList;Lorg/sunflow/SunflowAPI;)Z >"	157	163	159
"< Application, Lorg/sunflow/core/Instance, removeShader(Lorg/sunflow/core/Shader;)V >"	4	8	7
"< Application, Lorg/codehaus/janino/UnitCompiler$31, getThrownExceptions()[Lorg/codehaus/janino/IClass; >"	13	8	6
"< Application, Lorg/sunflow/core/photonmap/GridPhotonMap, prepare(Lorg/sunflow/math/BoundingBox;)V >"	76	84	83
"< Application, Lorg/sunflow/core/light/SunSkyLight, getSamples(Lorg/sunflow/core/ShadingState;)V >"	40	49	48
"< Application, Lorg/codehaus/janino/UnitCompiler, buildLocalVariableMap(Lorg/codehaus/janino/Java$LocalVariableDeclarationStatement;Ljava/util/Map;)Ljava/util/Map; >"	23	10	9
"< Application, LSunflowGUI, main([Ljava/lang/String;)V >"	187	223	1
"< Application, Lorg/codehaus/janino/util/Traverser, traverseFieldDeclaration(Lorg/codehaus/janino/Java$FieldDeclaration;)V >"	12	9	8
"< Application, Lorg/codehaus/janino/util/iterator/MultiDimensionalIterator, next()Ljava/lang/Object; >"	7	8	7
"< Application, Lorg/codehaus/janino/UnitCompiler, last([Ljava/lang/String;)Ljava/lang/String; >"	0	3	1
"< Application, Lorg/codehaus/janino/UnitCompiler, findMostSpecificIInvocable(Lorg/codehaus/janino/Java$Locatable;[Lorg/codehaus/janino/IClass$IInvocable;[Lorg/codehaus/janino/Java$Rvalue;)Lorg/codehaus/janino/IClass$IInvocable; >"	8	9	4
"< Application, Lorg/codehaus/janino/tools/Disassembler, main([Ljava/lang/String;)V >"	42	6	1
"< Application, Lorg/codehaus/janino/samples/ExpressionDemo, main([Ljava/lang/String;)V >"	96	138	1
"< Application, LSunflowGUI, main([Ljava/lang/String;)V >"	282	329	1
"< Application, Lorg/codehaus/janino/ClassFileIClass, resolveMethod(Lorg/codehaus/janino/util/ClassFile$MethodInfo;)Lorg/codehaus/janino/IClass$IInvocable; >"	25	28	26
"< Application, Lorg/codehaus/janino/SimpleCompiler, classesToTypes(Lorg/codehaus/janino/Location;[Ljava/lang/Class;)[Lorg/codehaus/janino/Java$Type; >"	8	8	3
"< Application, Lorg/codehaus/janino/samples/ClassBodyDemo, main([Ljava/lang/String;)V >"	31	46	1
"< Application, Lorg/codehaus/janino/UnitCompiler, invokeConstructor(Lorg/codehaus/janino/Java$Locatable;Lorg/codehaus/janino/Java$Scope;Lorg/codehaus/janino/Java$Rvalue;Lorg/codehaus/janino/IClass;[Lorg/codehaus/janino/Java$Rvalue;)V >"	152	159	158
"< Application, Lorg/codehaus/janino/UnitCompiler, findMostSpecificIInvocable(Lorg/codehaus/janino/Java$Locatable;[Lorg/codehaus/janino/IClass$IInvocable;[Lorg/codehaus/janino/IClass;Z)Lorg/codehaus/janino/IClass$IInvocable; >"	16	16	4
"< Application, Lorg/sunflow/core/ParameterList$Parameter, size()I >"	13	40	39
"< Application, Lorg/dacapo/harness/Callback$1, <clinit>()V >"	1	4	3
"< Application, Lorg/codehaus/janino/tools/Disassembler, disasmClassFile(Ljava/io/DataInputStream;)V >"	40	43	42
"< Application, Lorg/codehaus/janino/Java, setEnclosingBlockStatement(Lorg/codehaus/janino/Java$ArrayInitializerOrRvalue;Lorg/codehaus/janino/Java$BlockStatement;)V >"	14	22	21
"< Application, Lorg/sunflow/core/primitive/Box, update(Lorg/sunflow/core/ParameterList;Lorg/sunflow/SunflowAPI;)Z >"	6	13	12
"< Application, Lorg/codehaus/janino/ReflectionIClass$ReflectionIConstructor, getDescriptor()Ljava/lang/String; >"	2	6	5
"< Application, Lorg/codehaus/janino/samples/ExpressionDemo, main([Ljava/lang/String;)V >"	81	116	105
"< Application, Lorg/sunflow/core/accel/UniformGrid, build(Lorg/sunflow/core/PrimitiveList;)V >"	188	213	212
"< Application, Lorg/codehaus/janino/tools/Disassembler$IndentPrintWriter, handleIndentation()V >"	5	8	7
"< Application, Lorg/sunflow/core/primitive/TriangleMesh, update(Lorg/sunflow/core/ParameterList;Lorg/sunflow/SunflowAPI;)Z >"	44	43	42
"< Application, Lorg/sunflow/core/primitive/TriangleMesh, update(Lorg/sunflow/core/ParameterList;Lorg/sunflow/SunflowAPI;)Z >"	60	60	59
"< Application, Lorg/sunflow/util/FastHashMap, get(Ljava/lang/Object;)Ljava/lang/Object; >"	3	8	7
"< Application, Lorg/codehaus/janino/ClassFileIClass, resolveMethod(Lorg/codehaus/janino/util/ClassFile$MethodInfo;)Lorg/codehaus/janino/IClass$IInvocable; >"	47	38	37
"< Application, Lorg/sunflow/core/parser/RA2Parser, parse(Ljava/lang/String;Lorg/sunflow/SunflowAPI;)Z >"	18	31	30
"< Application, Lorg/sunflow/core/LightServer, calculatePhotons(Lorg/sunflow/core/PhotonStore;Ljava/lang/String;I)Z >"	11	11	10
"< Application, Lorg/codehaus/janino/ReflectionIClass, getDeclaredIConstructors2()[Lorg/codehaus/janino/IClass$IConstructor; >"	2	6	5
"< Application, Lorg/sunflow/core/renderer/ProgressiveRenderer, progressiveRenderNext(Lorg/sunflow/core/IntersectionState;)I >"	37	34	33
"< Application, Lorg/codehaus/janino/tools/JGrep$MethodInvocationTarget, apply(Lorg/codehaus/janino/UnitCompiler;Lorg/codehaus/janino/Java$Invocation;Lorg/codehaus/janino/IClass$IMethod;)V >"	21	30	26
"< Application, Lorg/sunflow/core/primitive/TriangleMesh$BakingSurface, getWorldBounds(Lorg/sunflow/math/Matrix4;)Lorg/sunflow/math/BoundingBox; >"	7	40	39
"< Application, Lorg/sunflow/core/LightServer, calculatePhotons(Lorg/sunflow/core/PhotonStore;Ljava/lang/String;I)Z >"	19	19	18
"< Application, Lorg/sunflow/core/parser/TriParser, parse(Ljava/lang/String;Lorg/sunflow/SunflowAPI;)Z >"	73	106	17
"< Application, Lorg/sunflow/core/parser/ShaveRibParser, parse(Ljava/lang/String;Lorg/sunflow/SunflowAPI;)Z >"	51	43	42
"< Application, Lorg/codehaus/janino/tools/Disassembler, disasmClassFile(Ljava/io/DataInputStream;)V >"	175	202	152
"< Application, Lorg/sunflow/core/tesselatable/BezierMesh, getWorldBounds(Lorg/sunflow/math/Matrix4;)Lorg/sunflow/math/BoundingBox; >"	25	9	8
"< Application, Lorg/sunflow/core/parser/ShaveRibParser, parse(Ljava/lang/String;Lorg/sunflow/SunflowAPI;)Z >"	94	77	64
"< Application, Lorg/sunflow/core/bucket/InvertedBucketOrder, getBucketSequence(II)[I >"	3	9	7
"< Application, Lorg/sunflow/core/accel/UniformGrid, intersect(Lorg/sunflow/core/Ray;Lorg/sunflow/core/IntersectionState;)V >"	303	300	299
"< Application, Lorg/codehaus/janino/samples/ExpressionDemo, main([Ljava/lang/String;)V >"	74	109	1
"< Application, Lorg/codehaus/janino/Java$ArrayInitializer, toString()Ljava/lang/String; >"	3	7	6
"< Application, Lorg/codehaus/janino/Java$ConstructorInvocation, <init>(Lorg/codehaus/janino/Location;[Lorg/codehaus/janino/Java$Rvalue;)V >"	9	8	3
"< Application, Lorg/codehaus/janino/UnitCompiler$29, getInterfaces2()[Lorg/codehaus/janino/IClass; >"	79	18	17
"< Application, Lorg/codehaus/janino/ScriptEvaluator, cook([Ljava/lang/String;[Ljava/io/Reader;)V >"	0	5	3
"< Application, LSunflowGUI, main([Ljava/lang/String;)V >"	165	203	1
"< Application, Lorg/codehaus/janino/util/Traverser, traverseNamedClassDeclaration(Lorg/codehaus/janino/Java$NamedClassDeclaration;)V >"	8	6	5
"< Application, Lorg/codehaus/janino/ScriptEvaluator, cook([Ljava/lang/String;)V >"	0	4	2
"< Application, Lorg/sunflow/math/QMC, <clinit>()V >"	114	95	94
"< Application, Lorg/codehaus/janino/JavaSourceClassLoader, defineBytecode(Ljava/lang/String;[B)Ljava/lang/Class; >"	8	13	3
"< Application, Lorg/codehaus/janino/samples/ScriptDemo, main([Ljava/lang/String;)V >"	51	69	60
"< Application, LSunflowGUI, main([Ljava/lang/String;)V >"	242	287	1
"< Application, Lorg/sunflow/util/FastHashMap$EntryIterator, hasNext()Z >"	3	7	6
"< Application, Lorg/codehaus/janino/ClassBodyEvaluator, makeCompilationUnit(Lorg/codehaus/janino/Scanner;)Lorg/codehaus/janino/Java$CompilationUnit; >"	35	13	12
"< Application, Lorg/codehaus/janino/util/Benchmark, report(Ljava/lang/String;Ljava/lang/Object;)V >"	31	47	46
"< Application, Lorg/sunflow/core/tesselatable/BezierMesh, getNumPrimitives()I >"	1	4	3
"< Application, Lorg/codehaus/janino/UnparseVisitor, unparseInterfaceDeclaration(Lorg/codehaus/janino/Java$InterfaceDeclaration;)V >"	11	18	17
"< Application, Lorg/codehaus/janino/Compiler, compile([Ljava/io/File;)Z >"	11	10	2
"< Application, Lorg/codehaus/janino/ReflectionIClass, getDeclaredIConstructors2()[Lorg/codehaus/janino/IClass$IConstructor; >"	11	9	5
"< Application, Lorg/codehaus/janino/UnitCompiler, findMostSpecificIInvocable(Lorg/codehaus/janino/Java$Locatable;[Lorg/codehaus/janino/IClass$IInvocable;[Lorg/codehaus/janino/IClass;Z)Lorg/codehaus/janino/IClass$IInvocable; >"	180	178	4
"< Application, Lorg/sunflow/core/bucket/InvertedBucketOrder, getBucketSequence(II)[I >"	6	12	7
"< Application, Lorg/codehaus/janino/UnitCompiler, invokeConstructor(Lorg/codehaus/janino/Java$Locatable;Lorg/codehaus/janino/Java$Scope;Lorg/codehaus/janino/Java$Rvalue;Lorg/codehaus/janino/IClass;[Lorg/codehaus/janino/Java$Rvalue;)V >"	180	203	6
"< Application, Lorg/sunflow/core/primitive/Hair, getNumPrimitives()I >"	2	5	4
"< Application, Lorg/sunflow/core/renderer/BucketRenderer$BucketThread, run()V >"	8	12	11
"< Application, Lorg/codehaus/janino/tools/Disassembler, readExceptionTable(Ljava/io/DataInputStream;)[Lorg/codehaus/janino/tools/Disassembler$ExceptionTableEntry; >"	13	8	6
"< Application, Lorg/dacapo/harness/FileDigest, main([Ljava/lang/String;)V >"	1	5	1
"< Application, Lorg/codehaus/janino/ScriptEvaluator, cook([Ljava/io/Reader;)V >"	0	4	2
"< Application, Lorg/codehaus/janino/UnitCompiler, compile2(Lorg/codehaus/janino/Java$ForStatement;)Z >"	60	47	46
"< Application, Lorg/codehaus/janino/IClass, getDeclaredIMethods(Ljava/lang/String;)[Lorg/codehaus/janino/IClass$IMethod; >"	24	11	9
"< Application, Lorg/codehaus/janino/UnitCompiler$29, getDeclaredIFields2()[Lorg/codehaus/janino/IClass$IField; >"	21	60	59
"< Application, Lorg/sunflow/core/gi/InstantGI, init(Lorg/sunflow/core/Scene;)Z >"	73	43	42
"< Application, Lorg/sunflow/core/parser/RA2Parser, parse(Ljava/lang/String;Lorg/sunflow/SunflowAPI;)Z >"	26	46	30
"< Application, Lorg/codehaus/janino/UnitCompiler, compile2(Lorg/codehaus/janino/Java$LocalVariableDeclarationStatement;)Z >"	50	13	12
"< Application, Lorg/sunflow/core/LightServer, calculatePhotons(Lorg/sunflow/core/PhotonStore;Ljava/lang/String;I)Z >"	36	35	12
"< Application, Lorg/codehaus/janino/UnitCompiler, compileGet2(Lorg/codehaus/janino/Java$NewAnonymousClassInstance;)Lorg/codehaus/janino/IClass; >"	64	76	18
"< Application, Lorg/sunflow/core/accel/UniformGrid, intersect(Lorg/sunflow/core/Ray;Lorg/sunflow/core/IntersectionState;)V >"	269	265	264
"< Application, Lorg/sunflow/system/Memory, sizeof([I)Ljava/lang/String; >"	2	5	1
"< Application, Lorg/sunflow/core/LightServer, calculatePhotons(Lorg/sunflow/core/PhotonStore;Ljava/lang/String;I)Z >"	71	71	60
"< Application, Lorg/sunflow/core/primitive/TriangleMesh, writeObj(Ljava/lang/String;)V >"	31	41	40
"< Application, Lorg/sunflow/util/FloatArray, trim()[F >"	2	5	4
"< Application, Lorg/sunflow/core/primitive/QuadMesh$1, <clinit>()V >"	1	4	3
"< Application, Lorg/codehaus/janino/tools/Disassembler$13, print(Ljava/util/Map;)V >"	62	61	60
"< Application, Lorg/codehaus/janino/Java$MethodDeclarator, toString()Ljava/lang/String; >"	13	11	9
"< Application, Lorg/codehaus/janino/Compiler, compile([Lorg/codehaus/janino/util/resource/Resource;)Z >"	62	72	65
"< Application, LSunflowGUI, main([Ljava/lang/String;)V >"	143	183	1
"< Application, Lorg/sunflow/core/InstanceList, getNumPrimitives()I >"	1	4	3
"< Application, Lorg/codehaus/janino/samples/ExpressionDemo, main([Ljava/lang/String;)V >"	72	8	1
"< Application, Lorg/codehaus/janino/UnitCompiler$30, getDescriptor()Ljava/lang/String; >"	43	49	48
"< Application, Lorg/codehaus/janino/util/ClassFile$LocalVariableTableAttribute, storeBody(Ljava/io/DataOutputStream;)V >"	1	5	4
"< Application, Lorg/codehaus/janino/CodeContext$Branch, relocate()Z >"	92	70	64
"< Application, Lorg/codehaus/janino/IClass, getDescriptors([Lorg/codehaus/janino/IClass;)[Ljava/lang/String; >"	0	3	1
"< Application, Lorg/codehaus/janino/UnitCompiler, getType2(Lorg/codehaus/janino/Java$NewArray;)Lorg/codehaus/janino/IClass; >"	3	8	7
"< Application, Lorg/sunflow/core/LightServer, initLightSamples(Lorg/sunflow/core/ShadingState;)V >"	1	5	4
"< Application, Lorg/codehaus/janino/UnparseVisitor, main([Ljava/lang/String;)V >"	22	9	1
"< Application, Lorg/codehaus/janino/UnitCompiler, reclassifyName(Lorg/codehaus/janino/Location;Lorg/codehaus/janino/Java$Scope;Ljava/lang/String;)Lorg/codehaus/janino/Java$Atom; >"	327	183	182
"< Application, Lorg/sunflow/math/QMC, <clinit>()V >"	54	70	69
"< Application, Lorg/sunflow/core/tesselatable/FileMesh, generate([I[FZ)Lorg/sunflow/core/primitive/TriangleMesh; >"	113	116	15
"< Application, Lorg/dacapo/parser/Config, main([Ljava/lang/String;)V >"	1	4	1
"< Application, Lorg/codehaus/janino/util/iterator/DirectoryIterator$1$State, <init>(Ljava/io/FilenameFilter;Ljava/io/FilenameFilter;Lorg/codehaus/janino/util/iterator/DirectoryIterator$1;Ljava/io/File;)V >"	33	16	9
"< Application, Lorg/sunflow/core/parser/ShaveRibParser, parse(Ljava/lang/String;Lorg/sunflow/SunflowAPI;)Z >"	119	95	85
"< Application, LSunflowGUI, main([Ljava/lang/String;)V >"	176	213	1
"< Application, Lorg/sunflow/system/BenchmarkFramework, execute(Lorg/sunflow/system/BenchmarkTest;)V >"	11	15	14
"< Application, Lorg/codehaus/janino/IClass, getIMethods(Ljava/util/Map;)V >"	18	7	5
"< Application, Lorg/codehaus/janino/Java$LocalVariableDeclarationStatement, toString()Ljava/lang/String; >"	24	28	27
"< Application, Lorg/codehaus/janino/UnitCompiler, compileGet2(Lorg/codehaus/janino/Java$SuperclassMethodInvocation;)Lorg/codehaus/janino/IClass; >"	40	33	32
"< Application, Lorg/codehaus/janino/ByteArrayClassLoader, hashCode()I >"	19	26	25
"< Application, Lorg/codehaus/janino/tools/Disassembler$15, print()V >"	56	11	10
"< Application, Lorg/codehaus/janino/tools/Disassembler, readShortArray(Ljava/io/DataInputStream;I)[S >"	6	6	4
"< Application, Lorg/codehaus/janino/ScriptEvaluator, makeMethodDeclaration(Lorg/codehaus/janino/Location;ZLjava/lang/Class;Ljava/lang/String;[Ljava/lang/Class;[Ljava/lang/String;[Ljava/lang/Class;Lorg/codehaus/janino/Java$Block;)Lorg/codehaus/janino/Java$MethodDeclarator; >"	0	11	7
"< Application, Lorg/sunflow/core/ParameterList$Parameter, size()I >"	8	44	43
"< Application, Lorg/sunflow/core/primitive/Hair, getWorldBounds(Lorg/sunflow/math/Matrix4;)Lorg/sunflow/math/BoundingBox; >"	4	8	7
"< Application, Lorg/sunflow/core/Instance, update(Lorg/sunflow/core/ParameterList;Lorg/sunflow/SunflowAPI;)Z >"	20	16	15
"< Application, Lorg/codehaus/janino/tools/Disassembler$13, print(Ljava/util/Map;)V >"	77	75	74
"< Application, Lorg/sunflow/core/renderer/ProgressiveRenderer, render(Lorg/sunflow/core/Display;)V >"	39	39	38
"< Application, Lorg/sunflow/core/renderer/SimpleRenderer, render(Lorg/sunflow/core/Display;)V >"	12	16	15
"< Application, LSunflowGUI, main([Ljava/lang/String;)V >"	231	276	1
"< Application, Lorg/codehaus/janino/util/ClassFile$CodeAttribute, loadBody(SLorg/codehaus/janino/util/ClassFile;Ljava/io/DataInputStream;)Lorg/codehaus/janino/util/ClassFile$AttributeInfo; >"	15	15	13
"< Application, Lorg/codehaus/janino/UnitCompiler, findMostSpecificIInvocable(Lorg/codehaus/janino/Java$Locatable;[Lorg/codehaus/janino/IClass$IInvocable;[Lorg/codehaus/janino/IClass;Z)Lorg/codehaus/janino/IClass$IInvocable; >"	107	105	104
"< Application, Lorg/codehaus/janino/Scanner, <clinit>()V >"	124	165	118
"< Application, Lorg/codehaus/janino/ReflectionIClass, classesToIClasses([Ljava/lang/Class;)[Lorg/codehaus/janino/IClass; >"	0	4	2
"< Application, Lorg/codehaus/janino/UnitCompiler, getType2(Lorg/codehaus/janino/Java$ReferenceType;)Lorg/codehaus/janino/IClass; >"	113	168	167
"< Application, Lorg/sunflow/core/renderer/BucketRenderer, renderBucket(Lorg/sunflow/core/Display;IIILorg/sunflow/core/IntersectionState;)V >"	83	93	92
"< Application, Lorg/codehaus/janino/UnparseVisitor, visitNewAnonymousClassInstance(Lorg/codehaus/janino/Java$NewAnonymousClassInstance;)V >"	26	30	29
"< Application, Lorg/codehaus/janino/UnitCompiler, compile2(Lorg/codehaus/janino/Java$InterfaceDeclaration;)V >"	2	7	6
"< Application, Lorg/codehaus/janino/tools/Disassembler$15, print()V >"	47	63	62
"< Application, Lorg/sunflow/core/primitive/TriangleMesh, getWorldBounds(Lorg/sunflow/math/Matrix4;)Lorg/sunflow/math/BoundingBox; >"	21	9	8
"< Application, Lorg/sunflow/core/parser/TriParser, parse(Ljava/lang/String;Lorg/sunflow/SunflowAPI;)Z >"	29	39	38
"< Application, Lorg/dacapo/harness/TestHarness, rmdir(Ljava/io/File;)V >"	3	7	4
"< Application, Lorg/codehaus/janino/UnitCompiler, fakeIMethod(Lorg/codehaus/janino/IClass;Ljava/lang/String;[Lorg/codehaus/janino/Java$Rvalue;)Lorg/codehaus/janino/IClass$IMethod; >"	0	6	4
"< Application, Lorg/sunflow/util/FloatArray, add(F)V >"	2	6	5
"< Application, Lorg/sunflow/core/tesselatable/BezierMesh, tesselate()Lorg/sunflow/core/PrimitiveList; >"	13	19	18
"< Application, Lorg/codehaus/janino/samples/ClassBodyDemo, readFileToString(Ljava/lang/String;)Ljava/lang/String; >"	5	10	8
"< Application, Lorg/dacapo/harness/LatexDescriptions, print([Ljava/lang/String;Ljava/io/PrintStream;)V >"	22	33	32
"< Application, Lorg/codehaus/janino/tools/HprofScrubber, main([Ljava/lang/String;)V >"	0	3	1
"< Application, LSunflowGUI, main([Ljava/lang/String;)V >"	261	306	1
"< Application, Lorg/codehaus/janino/ByteArrayClassLoader, findClass(Ljava/lang/String;)Ljava/lang/Class; >"	7	10	7
"< Application, Lorg/sunflow/core/renderer/BucketRenderer, render(Lorg/sunflow/core/Display;)V >"	7	11	10
"< Application, Lorg/codehaus/janino/samples/DeclarationCounter, traverseLocalVariableDeclarationStatement(Lorg/codehaus/janino/Java$LocalVariableDeclarationStatement;)V >"	2	6	5
"< Application, Lorg/sunflow/core/accel/UniformGrid, build(Lorg/sunflow/core/PrimitiveList;)V >"	168	189	188
"< Application, Lorg/sunflow/system/ImagePanel, imagePrepare(IIIII)V >"	2	10	9
"< Application, Lorg/sunflow/core/parser/SCParser, parseObjectBlock(Lorg/sunflow/SunflowAPI;)V >"	696	290	278
"< Application, Lorg/sunflow/core/Instance, update(Lorg/sunflow/core/ParameterList;Lorg/sunflow/SunflowAPI;)Z >"	25	20	19
"< Application, Lorg/sunflow/core/tesselatable/BezierMesh, getWorldBounds(Lorg/sunflow/math/Matrix4;)Lorg/sunflow/math/BoundingBox; >"	5	34	33
"< Application, Lorg/dacapo/harness/DacapoClassLoader, getJars(Lorg/dacapo/parser/Config;Ljava/io/File;)[Ljava/net/URL; >"	15	21	20
"< Application, Lorg/codehaus/janino/samples/ScriptDemo, main([Ljava/lang/String;)V >"	76	86	59
"< Application, Lorg/codehaus/janino/util/Traverser, traverseArrayInitializerOrRvalue(Lorg/codehaus/janino/Java$ArrayInitializerOrRvalue;)V >"	15	22	21
"< Application, Lorg/sunflow/core/tesselatable/FileMesh, generate([I[FZ)Lorg/sunflow/core/primitive/TriangleMesh; >"	6	14	3
"< Application, Lorg/sunflow/image/IrregularSpectralCurve, <init>([F[F)V >"	11	32	3
"< Application, LSunflowGUI, main([Ljava/lang/String;)V >"	121	163	1
"< Application, Lorg/sunflow/Benchmark, main([Ljava/lang/String;)V >"	22	43	32
"< Application, Lorg/sunflow/math/QMC, <clinit>()V >"	29	29	28
"< Application, LSunflowGUI, main([Ljava/lang/String;)V >"	294	343	1
"< Application, Lorg/codehaus/janino/tools/Disassembler, main([Ljava/lang/String;)V >"	56	59	1
"< Application, Lorg/codehaus/janino/samples/ScriptDemo, main([Ljava/lang/String;)V >"	52	70	59
"< Application, Lorg/codehaus/janino/ScriptEvaluator$1$MethodWrapper, hashCode()I >"	10	8	7
"< Application, Lorg/codehaus/janino/Java$NewClassInstance, toString()Ljava/lang/String; >"	33	38	37
"< Application, Lorg/codehaus/janino/UnitCompiler, getType2(Lorg/codehaus/janino/Java$ReferenceType;)Lorg/codehaus/janino/IClass; >"	163	46	45
"< Application, Lorg/codehaus/janino/JavaSourceClassLoader, generateBytecodes(Ljava/lang/String;)Ljava/util/Map; >"	37	28	27
"< Application, Lorg/sunflow/core/ParameterList$1, <clinit>()V >"	1	4	3
"< Application, Lorg/codehaus/janino/samples/ScriptDemo, main([Ljava/lang/String;)V >"	58	76	1
"< Application, Lorg/sunflow/core/accel/UniformGrid, build(Lorg/sunflow/core/PrimitiveList;)V >"	203	229	228
"< Application, Lorg/codehaus/janino/Java$FieldDeclaration, <init>(Lorg/codehaus/janino/Location;Ljava/lang/String;SLorg/codehaus/janino/Java$Type;[Lorg/codehaus/janino/Java$VariableDeclarator;)V >"	14	11	6
"< Application, Lorg/codehaus/janino/util/ClassFile$CodeAttribute, storeBody(Ljava/io/DataOutputStream;)V >"	26	18	17
"< Application, Lorg/codehaus/janino/Compiler, main([Ljava/lang/String;)V >"	119	173	1
"< Application, Lorg/codehaus/janino/UnitCompiler, findIField(Lorg/codehaus/janino/IClass;Ljava/lang/String;Lorg/codehaus/janino/Location;)Lorg/codehaus/janino/IClass$IField; >"	30	17	15
"< Application, Lorg/codehaus/janino/UnitCompiler, compileGet2(Lorg/codehaus/janino/Java$NewArray;)Lorg/codehaus/janino/IClass; >"	17	23	22
"< Application, Lorg/sunflow/math/QMC, <clinit>()V >"	66	78	69
"< Application, Lorg/codehaus/janino/ReflectionIClass, classesToIClasses([Ljava/lang/Class;)[Lorg/codehaus/janino/IClass; >"	8	7	2
"< Application, Lorg/sunflow/core/tesselatable/BezierMesh, tesselate()Lorg/sunflow/core/PrimitiveList; >"	25	30	29
"< Application, Lorg/dacapo/parser/ParseException, initialise(Lorg/dacapo/parser/Token;[[I[Ljava/lang/String;)Ljava/lang/String; >"	7	14	13
"< Application, Lorg/sunflow/core/parser/RA3Parser, parse(Ljava/lang/String;Lorg/sunflow/SunflowAPI;)Z >"	43	59	42
"< Application, Lorg/codehaus/janino/MethodDescriptor, toString()Ljava/lang/String; >"	9	8	7
"< Application, Lorg/codehaus/janino/UnitCompiler, compileGet2(Lorg/codehaus/janino/Java$NewAnonymousClassInstance;)Lorg/codehaus/janino/IClass; >"	4	11	10
"< Application, Lorg/codehaus/janino/util/ClassFile$ExceptionsAttribute, getExceptionIndexes()[S >"	1	4	3
"< Application, Lorg/sunflow/core/primitive/QuadMesh, update(Lorg/sunflow/core/ParameterList;Lorg/sunflow/SunflowAPI;)Z >"	46	46	45
"< Application, Lorg/sunflow/core/parser/ShaveRibParser, parse(Ljava/lang/String;Lorg/sunflow/SunflowAPI;)Z >"	74	65	64
"< Application, Lorg/sunflow/core/LightServer$1, run()V >"	39	35	34
"< Application, Lorg/sunflow/core/primitive/Torus, intersectPrimitive(Lorg/sunflow/core/Ray;ILorg/sunflow/core/IntersectionState;)V >"	82	94	86
"< Application, Lorg/sunflow/core/Camera, update(Lorg/sunflow/core/ParameterList;Lorg/sunflow/SunflowAPI;)Z >"	20	26	25
"< Application, Lorg/codehaus/janino/SimpleCompiler, main([Ljava/lang/String;)V >"	26	37	36
"< Application, Lorg/sunflow/core/gi/InstantGI, init(Lorg/sunflow/core/Scene;)Z >"	37	49	48
"< Application, LSunflowGUI, main([Ljava/lang/String;)V >"	0	3	1
"< Application, Lorg/codehaus/janino/samples/ExpressionDemo, main([Ljava/lang/String;)V >"	103	145	1
"< Application, Lorg/codehaus/janino/UnitCompiler$29, getInterfaces2()[Lorg/codehaus/janino/IClass; >"	55	16	15
"< Application, Lorg/sunflow/util/IntArray, trim()[I >"	2	5	4
"< Application, Lorg/codehaus/janino/ClassFileIClass$1, getParameterTypes()[Lorg/codehaus/janino/IClass; >"	4	9	8
"< Application, LSunflowGUI, main([Ljava/lang/String;)V >"	132	173	1
"< Application, Lorg/sunflow/core/ParameterList$Parameter, size()I >"	24	31	30
"< Application, Lorg/codehaus/janino/UnitCompiler, findMostSpecificIInvocable(Lorg/codehaus/janino/Java$Locatable;[Lorg/codehaus/janino/IClass$IInvocable;[Lorg/codehaus/janino/Java$Rvalue;)Lorg/codehaus/janino/IClass$IInvocable; >"	31	31	7
"< Application, Lorg/sunflow/core/tesselatable/BezierMesh, getPrimitiveBound(II)F >"	8	24	6
"< Application, Lorg/sunflow/core/light/ImageBasedLight, update(Lorg/sunflow/core/ParameterList;Lorg/sunflow/SunflowAPI;)Z >"	222	219	218
"< Application, Lorg/sunflow/core/Camera, update(Lorg/sunflow/core/ParameterList;Lorg/sunflow/SunflowAPI;)Z >"	25	29	28
"< Application, Lorg/codehaus/janino/UnparseVisitor, unparseNamedClassDeclaration(Lorg/codehaus/janino/Java$NamedClassDeclaration;)V >"	17	25	24
"< Application, Lorg/codehaus/janino/tools/Disassembler, disasmClassFile(Ljava/io/DataInputStream;)V >"	165	167	159
"< Application, Lorg/dacapo/harness/LatexDescriptions, print([Ljava/lang/String;Ljava/io/PrintStream;)V >"	0	4	1
"< Application, Lorg/codehaus/janino/UnitCompiler, findMostSpecificIInvocable(Lorg/codehaus/janino/Java$Locatable;[Lorg/codehaus/janino/IClass$IInvocable;[Lorg/codehaus/janino/Java$Rvalue;)Lorg/codehaus/janino/IClass$IInvocable; >"	57	65	3
"< Application, Lorg/sunflow/core/parser/TriParser, parse(Ljava/lang/String;Lorg/sunflow/SunflowAPI;)Z >"	87	125	38
"< Application, Lorg/codehaus/janino/samples/ExpressionDemo, main([Ljava/lang/String;)V >"	82	117	104
"< Application, LSunflowGUI$24, run()V >"	53	73	72
"< Application, Lorg/sunflow/core/primitive/TriangleMesh, update(Lorg/sunflow/core/ParameterList;Lorg/sunflow/SunflowAPI;)Z >"	62	62	61
"< Application, Lorg/codehaus/janino/JavaSourceClassLoader, main([Ljava/lang/String;)V >"	105	146	1
"< Application, Lorg/codehaus/janino/UnitCompiler, compileGet2(Lorg/codehaus/janino/Java$NewArray;)Lorg/codehaus/janino/IClass; >"	14	6	5
"< Application, Lorg/sunflow/system/BenchmarkFramework, execute(Lorg/sunflow/system/BenchmarkTest;)V >"	106	118	117
"< Application, Lorg/codehaus/janino/SimpleCompiler, setUpClassLoaders()V >"	15	11	10
"< Application, Lorg/sunflow/core/tesselatable/Gumbo, main([Ljava/lang/String;)V >"	42	53	22
"< Application, Lorg/sunflow/core/accel/UniformGrid, build(Lorg/sunflow/core/PrimitiveList;)V >"	175	197	196
"< Application, Lorg/codehaus/janino/util/iterator/MultiDimensionalIterator, hasNext()Z >"	23	24	23
"< Application, LSunflowGUI, main([Ljava/lang/String;)V >"	217	260	1
"< Application, Lorg/codehaus/janino/util/Traverser, traverseForStatement(Lorg/codehaus/janino/Java$ForStatement;)V >"	20	16	15
"< Application, Lorg/apache/commons/cli/OptionValidator, validateOption(Ljava/lang/String;)V >"	19	10	8
"< Application, Lorg/codehaus/janino/util/ClassFile$LocalVariableTableAttribute, storeBody(Ljava/io/DataOutputStream;)V >"	19	9	8
"< Application, Lorg/codehaus/janino/Scanner$KeywordToken, isKeyword([Ljava/lang/String;)Z >"	7	5	2
"< Application, Lorg/codehaus/janino/ClassFileIClass$1, getParameterTypes()[Lorg/codehaus/janino/IClass; >"	27	15	14
"< Application, Lorg/codehaus/janino/util/ClassFile, loadAttribute(Ljava/io/DataInputStream;)Lorg/codehaus/janino/util/ClassFile$AttributeInfo; >"	53	69	8
"< Application, Lorg/codehaus/janino/ReflectionIClass$ReflectionIConstructor, getParameterTypes()[Lorg/codehaus/janino/IClass; >"	7	13	8
"< Application, Lorg/sunflow/image/IrregularSpectralCurve, sample(F)F >"	1	5	4
"< Application, Lorg/codehaus/janino/UnitCompiler, findMostSpecificIInvocable(Lorg/codehaus/janino/Java$Locatable;[Lorg/codehaus/janino/IClass$IInvocable;[Lorg/codehaus/janino/IClass;Z)Lorg/codehaus/janino/IClass$IInvocable; >"	141	141	140
"< Application, Lorg/sunflow/core/photonmap/GridPhotonMap, store(Lorg/sunflow/core/ShadingState;Lorg/sunflow/math/Vector3;Lorg/sunflow/image/Color;Lorg/sunflow/image/Color;)V >"	98	108	107
"< Application, Lorg/sunflow/core/ParameterList$Parameter, size()I >"	42	13	12
"< Application, Lorg/codehaus/janino/UnitCompiler, compileStringConcatenation(Lorg/codehaus/janino/Java$Locatable;Lorg/codehaus/janino/IClass;Lorg/codehaus/janino/Java$Rvalue;Ljava/util/Iterator;)Lorg/codehaus/janino/IClass; >"	51	48	47
"< Application, Lorg/sunflow/core/LightServer, showStats()V >"	4	7	6
"< Application, Lorg/codehaus/janino/util/Traverser, traverseNewArray(Lorg/codehaus/janino/Java$NewArray;)V >"	11	9	8
"< Application, Lorg/codehaus/janino/ScriptEvaluator, makeMethodDeclaration(Lorg/codehaus/janino/Location;ZLjava/lang/Class;Ljava/lang/String;[Ljava/lang/Class;[Ljava/lang/String;[Ljava/lang/Class;Lorg/codehaus/janino/Java$Block;)Lorg/codehaus/janino/Java$MethodDeclarator; >"	26	16	14
"< Application, Lorg/codehaus/janino/util/ClassFile, <init>(SLjava/lang/String;Ljava/lang/String;[Ljava/lang/String;)V >"	16	22	5
"< Application, Lorg/codehaus/janino/Java$AmbiguousName, <init>(Lorg/codehaus/janino/Location;[Ljava/lang/String;)V >"	0	5	3
"< Application, Lorg/codehaus/janino/IClass$IConstructor, toString()Ljava/lang/String; >"	14	19	13
"< Application, Lorg/sunflow/core/photonmap/GridPhotonMap, getRadiance(Lorg/sunflow/math/Point3;Lorg/sunflow/math/Vector3;)Lorg/sunflow/image/Color; >"	193	221	220
"< Application, Lorg/dacapo/parser/Config, preprocessArgs(Ljava/lang/String;Ljava/io/File;)[Ljava/lang/String; >"	4	10	6
"< Application, Lorg/codehaus/janino/JavaSourceClassLoader, defineBytecode(Ljava/lang/String;[B)Ljava/lang/Class; >"	2	16	3
"< Application, Lorg/codehaus/janino/tools/JGrep$MethodInvocationTarget, apply(Lorg/codehaus/janino/UnitCompiler;Lorg/codehaus/janino/Java$Invocation;Lorg/codehaus/janino/IClass$IMethod;)V >"	20	29	28
"< Application, Lorg/codehaus/janino/UnitCompiler, compileGet2(Lorg/codehaus/janino/Java$NewAnonymousClassInstance;)Lorg/codehaus/janino/IClass; >"	54	63	60
"< Application, Lorg/sunflow/core/photonmap/GridPhotonMap, get(III)Lorg/sunflow/core/photonmap/GridPhotonMap$PhotonGroup; >"	22	20	19
"< Application, Lorg/codehaus/janino/samples/ExpressionDemo, main([Ljava/lang/String;)V >"	107	151	104
"< Application, Lorg/sunflow/image/SpectralCurve, toXYZ()Lorg/sunflow/image/XYZColor; >"	2	7	6
"< Application, Lorg/codehaus/janino/IClass$IMethod, toString()Ljava/lang/String; >"	32	63	58
"< Application, Lorg/codehaus/janino/Java$FunctionDeclarator, <init>(Lorg/codehaus/janino/Location;Ljava/lang/String;SLorg/codehaus/janino/Java$Type;Ljava/lang/String;[Lorg/codehaus/janino/Java$FunctionDeclarator$FormalParameter;[Lorg/codehaus/janino/Java$Type;Lorg/codehaus/janino/Java$Block;)V >"	19	19	7
"< Application, Lorg/codehaus/janino/UnitCompiler, invokeConstructor(Lorg/codehaus/janino/Java$Locatable;Lorg/codehaus/janino/Java$Scope;Lorg/codehaus/janino/Java$Rvalue;Lorg/codehaus/janino/IClass;[Lorg/codehaus/janino/Java$Rvalue;)V >"	168	59	49
"< Application, Lorg/codehaus/janino/UnitCompiler, compileGet2(Lorg/codehaus/janino/Java$MethodInvocation;)Lorg/codehaus/janino/IClass; >"	108	189	188
"< Application, Lorg/codehaus/janino/Parser, join([Ljava/lang/String;Ljava/lang/String;)Ljava/lang/String; >"	14	11	1
"< Application, Lorg/sunflow/core/primitive/TriangleMesh, update(Lorg/sunflow/core/ParameterList;Lorg/sunflow/SunflowAPI;)Z >"	65	64	59
"< Application, Lorg/codehaus/janino/CodeContext, makeSpace(SI)V >"	53	40	33
"< Application, Lorg/sunflow/core/ParameterList, addTexCoords(Ljava/lang/String;Lorg/sunflow/core/ParameterList$InterpolationType;[F)V >"	1	7	4
"< Application, Lorg/codehaus/janino/ClassFileIClass, resolveClasses([S)[Lorg/codehaus/janino/IClass; >"	0	4	2
"< Application, Lorg/codehaus/janino/IClass, getIMethods(Ljava/util/Map;)V >"	29	37	36
"< Application, Lorg/codehaus/janino/ReflectionIClass, getDeclaredIFields2()[Lorg/codehaus/janino/IClass$IField; >"	11	9	5
"< Application, Lorg/sunflow/core/gi/InstantGI, getGlobalRadiance(Lorg/sunflow/core/ShadingState;)Lorg/sunflow/image/Color; >"	9	21	20
"< Application, Lorg/sunflow/core/tesselatable/FileMesh, tesselate()Lorg/sunflow/core/PrimitiveList; >"	115	175	174
"< Application, Lorg/codehaus/janino/IClass, findMemberType(Ljava/lang/String;Ljava/util/Collection;)V >"	34	46	45
"< Application, Lorg/sunflow/core/renderer/BucketRenderer, renderBucket(Lorg/sunflow/core/Display;IIILorg/sunflow/core/IntersectionState;)V >"	68	79	78
"< Application, Lorg/codehaus/janino/UnitCompiler, findMemberType(Lorg/codehaus/janino/IClass;Ljava/lang/String;Lorg/codehaus/janino/Location;)Lorg/codehaus/janino/IClass; >"	4	10	7
"< Application, Lorg/codehaus/janino/IClass$IConstructor, getDescriptor()Ljava/lang/String; >"	4	9	4
"< Application, Lorg/dacapo/harness/Digest, toString([B)Ljava/lang/String; >"	1	4	1
"< Application, Lorg/codehaus/janino/tools/HprofScrubber, dumpSites([Lorg/codehaus/janino/tools/HprofScrubber$Site;Ljava/util/Map;)V >"	79	87	85
"< Application, Lorg/sunflow/system/BenchmarkFramework, execute(Lorg/sunflow/system/BenchmarkTest;)V >"	2	6	5
"< Application, Lorg/codehaus/janino/UnitCompiler, findMostSpecificIInvocable(Lorg/codehaus/janino/Java$Locatable;[Lorg/codehaus/janino/IClass$IInvocable;[Lorg/codehaus/janino/Java$Rvalue;)Lorg/codehaus/janino/IClass$IInvocable; >"	18	24	7
"< Application, Lorg/codehaus/janino/UnitCompiler, buildLocalVariableMap(Lorg/codehaus/janino/Java$FunctionDeclarator;)V >"	28	8	7
"< Application, Lorg/codehaus/janino/util/ClassFile$CodeAttribute, storeBody(Ljava/io/DataOutputStream;)V >"	5	9	8
"< Application, Lorg/codehaus/janino/ScriptEvaluator$1, traverseAmbiguousName(Lorg/codehaus/janino/Java$AmbiguousName;)V >"	10	6	5
"< Application, Lorg/sunflow/core/Instance, getShader(I)Lorg/sunflow/core/Shader; >"	4	8	7
"< Application, Lorg/sunflow/core/light/SunSkyLight, getSamples(Lorg/sunflow/core/ShadingState;)V >"	117	114	113
"< Application, Lorg/codehaus/janino/UnitCompiler, compileGet2(Lorg/codehaus/janino/Java$NewAnonymousClassInstance;)Lorg/codehaus/janino/IClass; >"	95	106	105
"< Application, Lorg/sunflow/core/renderer/SimpleRenderer, render(Lorg/sunflow/core/Display;)V >"	22	25	15
"< Application, Lorg/sunflow/math/QMC, <clinit>()V >"	17	18	17
"< Application, Lorg/dacapo/harness/CommandLineArgs, <init>([Ljava/lang/String;)V >"	3	7	6
"< Application, Lorg/codehaus/janino/ScriptEvaluator, cook([Lorg/codehaus/janino/Scanner;)V >"	8	8	7
"< Application, Lorg/sunflow/core/LightServer, calculatePhotons(Lorg/sunflow/core/PhotonStore;Ljava/lang/String;I)Z >"	61	64	60
"< Application, Lorg/sunflow/math/QMC, <clinit>()V >"	63	76	69
"< Application, Lorg/sunflow/core/ParameterList$Parameter, size()I >"	36	19	18
"< Application, Lorg/sunflow/core/renderer/BucketRenderer, renderBucket(Lorg/sunflow/core/Display;IIILorg/sunflow/core/IntersectionState;)V >"	64	75	74
"< Application, Lorg/dacapo/harness/TestHarness, coeff_of_var([J)D >"	0	3	1
"< Application, Lorg/codehaus/janino/SimpleCompiler, compileToClassLoader(Lorg/codehaus/janino/Java$CompilationUnit;Lorg/codehaus/janino/util/enumerator/EnumeratorSet;)Ljava/lang/ClassLoader; >"	13	13	9
"< Application, Lorg/sunflow/core/primitive/Torus, intersectPrimitive(Lorg/sunflow/core/Ray;ILorg/sunflow/core/IntersectionState;)V >"	91	102	86
"< Application, Lorg/dacapo/parser/ParseException, initialise(Lorg/dacapo/parser/Token;[[I[Ljava/lang/String;)Ljava/lang/String; >"	10	16	15
"< Application, Lorg/codehaus/janino/UnitCompiler, getIMethods(Lorg/codehaus/janino/IClass;Ljava/lang/String;Ljava/util/List;)V >"	37	34	33
"< Application, Lorg/codehaus/janino/util/ClassFile$CodeAttribute, storeBody(Ljava/io/DataOutputStream;)V >"	38	40	39
"< Application, Lorg/sunflow/image/SpectralCurve, <clinit>()V >"	292	348	347
"< Application, Lorg/codehaus/janino/ScriptEvaluator, cook([Lorg/codehaus/janino/Scanner;)V >"	24	14	13
"< Application, Lorg/codehaus/janino/UnparseVisitor, <clinit>()V >"	100	142	11
"< Application, Lorg/sunflow/core/photonmap/GridPhotonMap, init()V >"	12	20	19
"< Application, Lorg/sunflow/core/LightServer$1, run()V >"	44	39	38
"< Application, Lorg/codehaus/janino/tools/Disassembler$18, print()V >"	25	20	19
"< Application, Lorg/sunflow/util/FastHashMap, put(Ljava/lang/Object;Ljava/lang/Object;)Ljava/lang/Object; >"	5	11	10
"< Application, Lorg/codehaus/janino/util/iterator/MultiDimensionalIterator, hasNext()Z >"	9	13	12
"< Application, Lorg/codehaus/janino/Compiler, compile([Lorg/codehaus/janino/util/resource/Resource;)Z >"	27	15	2
"< Application, Lorg/codehaus/janino/UnparseVisitor, visitLocalVariableDeclarationStatement(Lorg/codehaus/janino/Java$LocalVariableDeclarationStatement;)V >"	18	17	16
"< Application, Lorg/sunflow/core/tesselatable/BezierMesh, tesselate()Lorg/sunflow/core/PrimitiveList; >"	60	65	64
"< Application, Lorg/sunflow/core/primitive/QuadMesh, update(Lorg/sunflow/core/ParameterList;Lorg/sunflow/SunflowAPI;)Z >"	58	59	58
"< Application, Lorg/codehaus/janino/samples/ExpressionDemo, main([Ljava/lang/String;)V >"	90	128	104
"< Application, Lorg/codehaus/janino/UnitCompiler$29, getInterfaces2()[Lorg/codehaus/janino/IClass; >"	22	51	50
"< Application, Lorg/codehaus/janino/UnitCompiler, compile(Lorg/codehaus/janino/Java$FunctionDeclarator;Lorg/codehaus/janino/util/ClassFile;)V >"	41	66	65
"< Application, Lorg/codehaus/janino/samples/ExpressionDemo, main([Ljava/lang/String;)V >"	113	160	104
"< Application, Lorg/codehaus/janino/util/Traverser, traverseConstructorInvocation(Lorg/codehaus/janino/Java$ConstructorInvocation;)V >"	8	6	5
"< Application, Lorg/codehaus/janino/ScriptEvaluator, compileToMethods(Lorg/codehaus/janino/Java$CompilationUnit;[Ljava/lang/String;[[Ljava/lang/Class;)V >"	27	14	13
"< Application, Lorg/sunflow/core/primitive/QuadMesh, update(Lorg/sunflow/core/ParameterList;Lorg/sunflow/SunflowAPI;)Z >"	60	61	60
"< Application, Lorg/sunflow/Benchmark, kernelEnd()V >"	3	7	6
"< Application, LSunflowGUI$SceneTransferHandler, canImport(Ljavax/swing/JComponent;[Ljava/awt/datatransfer/DataFlavor;)Z >"	1	6	3
"< Application, Lorg/sunflow/core/parser/RA3Parser, parse(Ljava/lang/String;Lorg/sunflow/SunflowAPI;)Z >"	41	58	57
"< Application, Lorg/codehaus/janino/UnitCompiler, getIFields(Lorg/codehaus/janino/Java$FieldDeclaration;)[Lorg/codehaus/janino/IClass$IField; >"	1	5	4
"< Application, LSunflowGUI, main([Ljava/lang/String;)V >"	94	134	1
"< Application, LSunflowGUI, main([Ljava/lang/String;)V >"	154	193	1
"< Application, Lorg/codehaus/janino/tools/Disassembler$LocalVariableTableAttribute, print()V >"	52	11	10
"< Application, Lorg/codehaus/janino/UnitCompiler, allButLast([Ljava/lang/String;)[Ljava/lang/String; >"	8	9	8
"< Application, Lorg/sunflow/system/BenchmarkFramework, execute(Lorg/sunflow/system/BenchmarkTest;)V >"	42	49	48
"< Application, Lorg/codehaus/janino/CodeContext, makeSpace(SI)V >"	50	34	33
"< Application, Lorg/codehaus/janino/UnitCompiler, findMostSpecificIInvocable(Lorg/codehaus/janino/Java$Locatable;[Lorg/codehaus/janino/IClass$IInvocable;[Lorg/codehaus/janino/IClass;Z)Lorg/codehaus/janino/IClass$IInvocable; >"	147	137	121
"< Application, Lorg/codehaus/janino/UnitCompiler$30, getParameterTypes()[Lorg/codehaus/janino/IClass; >"	2	5	4
"< Application, Lorg/codehaus/janino/ReflectionIClass$ReflectionIConstructor, getParameterTypes()[Lorg/codehaus/janino/IClass; >"	34	17	8
"< Application, Lorg/codehaus/janino/IClass, getDescriptors([Lorg/codehaus/janino/IClass;)[Ljava/lang/String; >"	8	6	1
"< Application, Lorg/codehaus/janino/IClass$IMethod, toString()Ljava/lang/String; >"	25	41	36
"< Application, Lorg/sunflow/core/parser/TriParser, parse(Ljava/lang/String;Lorg/sunflow/SunflowAPI;)Z >"	91	129	17
"< Application, Lorg/codehaus/janino/Compiler, compile([Ljava/io/File;)Z >"	2	7	2
"< Application, Lorg/codehaus/janino/tools/Disassembler, printConstantPoolEntry(S)V >"	10	19	18
"< Application, LSunflowGUI, main([Ljava/lang/String;)V >"	8	37	1
"< Application, Lorg/sunflow/core/light/ImageBasedLight, getSamples(Lorg/sunflow/core/ShadingState;)V >"	100	129	64
"< Application, Lorg/codehaus/janino/UnitCompiler, getType2(Lorg/codehaus/janino/Java$ReferenceType;)Lorg/codehaus/janino/IClass; >"	134	30	29
"< Application, Lorg/sunflow/Benchmark, main([Ljava/lang/String;)V >"	35	14	1
"< Application, Lorg/sunflow/core/Instance, removeModifier(Lorg/sunflow/core/Modifier;)V >"	4	8	7
"< Application, Lorg/sunflow/core/tesselatable/FileMesh, tesselate()Lorg/sunflow/core/PrimitiveList; >"	142	177	174
"< Application, Lorg/sunflow/image/SpectralCurve, <clinit>()V >"	298	353	352
"< Application, Lorg/codehaus/janino/util/Benchmark, report(Ljava/lang/String;Ljava/lang/Object;)V >"	66	63	46
"< Application, Lorg/sunflow/Benchmark, main([Ljava/lang/String;)V >"	0	3	1
"< Application, Lorg/codehaus/janino/tools/JGrep, main([Ljava/lang/String;)V >"	198	127	1
"< Application, Lorg/codehaus/janino/UnitCompiler$30, toString()Ljava/lang/String; >"	24	18	16
"< Application, Lorg/sunflow/core/primitive/TriangleMesh, getNumPrimitives()I >"	1	4	3
"< Application, Lorg/codehaus/janino/samples/ClassBodyDemo, main([Ljava/lang/String;)V >"	20	31	1
"< Application, Lorg/codehaus/janino/UnitCompiler, compile2(Lorg/codehaus/janino/Java$InterfaceDeclaration;)V >"	21	14	13
"< Application, Lorg/codehaus/janino/ClassFileIClass$1, getParameterTypes()[Lorg/codehaus/janino/IClass; >"	31	19	17
"< Application, Lorg/sunflow/util/FastHashMap, remove(Ljava/lang/Object;)V >"	39	45	44
"< Application, Lorg/sunflow/core/light/ImageBasedLight, update(Lorg/sunflow/core/ParameterList;Lorg/sunflow/SunflowAPI;)Z >"	145	154	153
"< Application, Lorg/sunflow/core/primitive/TriangleMesh, update(Lorg/sunflow/core/ParameterList;Lorg/sunflow/SunflowAPI;)Z >"	18	22	21
"< Application, Lorg/codehaus/janino/Java$FunctionDeclarator, <init>(Lorg/codehaus/janino/Location;Ljava/lang/String;SLorg/codehaus/janino/Java$Type;Ljava/lang/String;[Lorg/codehaus/janino/Java$FunctionDeclarator$FormalParameter;[Lorg/codehaus/janino/Java$Type;Lorg/codehaus/janino/Java$Block;)V >"	27	25	8
"< Application, Lorg/apache/commons/cli/GnuParser, flatten(Lorg/apache/commons/cli/Options;[Ljava/lang/String;Z)[Ljava/lang/String; >"	51	73	3
"< Application, Lorg/sunflow/core/primitive/TriangleMesh, update(Lorg/sunflow/core/ParameterList;Lorg/sunflow/SunflowAPI;)Z >"	69	66	59
"< Application, Lorg/sunflow/util/FastHashMap, put(Ljava/lang/Object;Ljava/lang/Object;)Ljava/lang/Object; >"	53	58	57
"< Application, Lorg/sunflow/image/IrregularSpectralCurve, sample(F)F >"	5	8	7
"< Application, Lorg/sunflow/core/light/ImageBasedLight, update(Lorg/sunflow/core/ParameterList;Lorg/sunflow/SunflowAPI;)Z >"	227	224	159
"< Application, Lorg/sunflow/core/LightServer, addShadingCache(Lorg/sunflow/core/ShadingState;Lorg/sunflow/core/Shader;Lorg/sunflow/image/Color;)V >"	16	25	24
"< Application, Lorg/codehaus/janino/tools/Disassembler, readAttributes(Ljava/io/DataInputStream;)[Lorg/codehaus/janino/tools/Disassembler$AttributeInfo; >"	7	8	6
"< Application, Lorg/sunflow/core/Instance, update(Lorg/sunflow/core/ParameterList;Lorg/sunflow/SunflowAPI;)Z >"	43	38	37
"< Application, Lorg/sunflow/core/ParameterList, addPoints(Ljava/lang/String;Lorg/sunflow/core/ParameterList$InterpolationType;[F)V >"	1	7	4
"< Application, Lorg/codehaus/janino/tools/Disassembler$LineNumberTableAttribute, findLineNumber(S)S >"	12	6	5
"< Application, Lorg/dacapo/harness/Benchmark, deleteTree(Ljava/io/File;)V >"	16	22	21
"< Application, Lorg/codehaus/janino/Java$MethodInvocation, toString()Ljava/lang/String; >"	21	23	22
"< Application, Lorg/codehaus/janino/util/StringPattern, matches([Lorg/codehaus/janino/util/StringPattern;Ljava/lang/String;)Z >"	2	5	1
"< Application, Lorg/sunflow/core/Camera, getRay(FFIIDDD)Lorg/sunflow/core/Ray; >"	11	18	17
"< Application, Lorg/codehaus/janino/ScriptEvaluator, makeMethodDeclaration(Lorg/codehaus/janino/Location;ZLjava/lang/Class;Ljava/lang/String;[Ljava/lang/Class;[Ljava/lang/String;[Ljava/lang/Class;Lorg/codehaus/janino/Java$Block;)Lorg/codehaus/janino/Java$MethodDeclarator; >"	15	13	7
"< Application, Lorg/codehaus/janino/ReflectionIClass$ReflectionIConstructor, getParameterTypes()[Lorg/codehaus/janino/IClass; >"	37	20	19
"< Application, Lorg/sunflow/core/ParameterList, addMatrices(Ljava/lang/String;Lorg/sunflow/core/ParameterList$InterpolationType;[F)V >"	1	7	4
"< Application, Lorg/dacapo/harness/CommandLineArgs, extractBenchmarkSet()Ljava/util/List; >"	33	27	26
"< Application, Lorg/codehaus/janino/UnitCompiler, getType2(Lorg/codehaus/janino/Java$ReferenceType;)Lorg/codehaus/janino/IClass; >"	167	47	45
"< Application, Lorg/codehaus/janino/UnitCompiler, import2(Lorg/codehaus/janino/Java$CompilationUnit$SingleStaticImportDeclaration;)V >"	40	19	17
"< Application, Lorg/codehaus/janino/CodeContext, flowAnalysis(Ljava/lang/String;)V >"	57	47	6
"< Application, Lorg/sunflow/core/renderer/BucketRenderer, render(Lorg/sunflow/core/Display;)V >"	16	20	19
"< Application, Lorg/sunflow/core/photonmap/GridPhotonMap, store(Lorg/sunflow/core/ShadingState;Lorg/sunflow/math/Vector3;Lorg/sunflow/image/Color;Lorg/sunflow/image/Color;)V >"	64	80	79
"< Application, Lorg/sunflow/core/renderer/ProgressiveRenderer, progressiveRenderNext(Lorg/sunflow/core/IntersectionState;)I >"	33	30	29
"< Application, Lorg/codehaus/janino/Compiler, main([Ljava/lang/String;)V >"	97	113	112
"< Application, Lorg/sunflow/core/parser/TriParser, parse(Ljava/lang/String;Lorg/sunflow/SunflowAPI;)Z >"	99	136	38
"< Application, Lorg/codehaus/janino/UnitCompiler, compileGet2(Lorg/codehaus/janino/Java$ClassLiteral;)Lorg/codehaus/janino/IClass; >"	112	87	86
"< Application, Lorg/sunflow/image/IrregularSpectralCurve, <init>([F[F)V >"	8	29	2
"< Application, Lorg/codehaus/janino/tools/JGrep, main([Ljava/lang/String;)V >"	61	67	66
"< Application, Lorg/codehaus/janino/util/Traverser, traverseInvocation(Lorg/codehaus/janino/Java$Invocation;)V >"	8	6	5
"< Application, Lorg/sunflow/util/FastHashMap, remove(Ljava/lang/Object;)V >"	30	35	34
"< Application, Lorg/codehaus/janino/Compiler, main([Ljava/lang/String;)V >"	112	12	1
"< Application, Lorg/sunflow/core/primitive/Hair$1, <clinit>()V >"	1	4	3
"< Application, Lorg/sunflow/core/tesselatable/FileMesh, tesselate()Lorg/sunflow/core/PrimitiveList; >"	47	336	335
"< Application, Lorg/codehaus/janino/UnitCompiler, pushConstant(Lorg/codehaus/janino/Java$Locatable;Ljava/lang/Object;)Lorg/codehaus/janino/IClass; >"	99	50	45
"< Application, Lorg/sunflow/core/accel/BoundingIntervalHierarchy, buildHierarchy(Lorg/sunflow/util/IntArray;[ILorg/sunflow/core/accel/BoundingIntervalHierarchy$BuildStats;)V >"	4	12	11
"< Application, Lorg/sunflow/Benchmark, kernelEnd()V >"	9	15	14
"< Application, Lorg/codehaus/janino/samples/ScriptDemo, main([Ljava/lang/String;)V >"	42	7	1
"< Application, LSunflowGUI, main([Ljava/lang/String;)V >"	202	242	1
"< Application, Lorg/sunflow/core/parser/RA3Parser, parse(Ljava/lang/String;Lorg/sunflow/SunflowAPI;)Z >"	26	43	42
"< Application, Lorg/codehaus/janino/IClass, getInterfaces()[Lorg/codehaus/janino/IClass; >"	22	9	8
"< Application, Lorg/codehaus/janino/UnparseVisitor, visitNewArray(Lorg/codehaus/janino/Java$NewArray;)V >"	15	11	10
"< Application, Lorg/codehaus/janino/IClass, implementsInterface(Lorg/codehaus/janino/IClass;)Z >"	10	8	6
"< Application, Lorg/codehaus/janino/ScriptEvaluator, compileToMethods(Lorg/codehaus/janino/Java$CompilationUnit;[Ljava/lang/String;[[Ljava/lang/Class;)V >"	3	10	3
"< Application, Lorg/codehaus/janino/UnitCompiler, findMostSpecificIInvocable(Lorg/codehaus/janino/Java$Locatable;[Lorg/codehaus/janino/IClass$IInvocable;[Lorg/codehaus/janino/IClass;Z)Lorg/codehaus/janino/IClass$IInvocable; >"	22	10	3
"< Application, Lorg/codehaus/janino/tools/Disassembler, disasmClassFile(Ljava/io/DataInputStream;)V >"	59	63	62
"< Application, Lorg/codehaus/janino/tools/JGrep, main([Ljava/lang/String;)V >"	214	118	1
"< Application, Lorg/codehaus/janino/ExpressionEvaluator, setExpressionTypes([Ljava/lang/Class;)V >"	2	5	2
"< Application, Lorg/sunflow/core/renderer/SimpleRenderer, render(Lorg/sunflow/core/Display;)V >"	33	36	15
"< Application, Lorg/dacapo/harness/Matcher, matched()Z >"	2	5	4
"< Application, Lorg/dacapo/parser/SimpleCharStream, ReInit(Ljava/io/Reader;III)V >"	7	12	11
"< Application, Lorg/sunflow/core/accel/BoundingIntervalHierarchy, buildHierarchy(Lorg/sunflow/util/IntArray;[ILorg/sunflow/core/accel/BoundingIntervalHierarchy$BuildStats;)V >"	58	70	69
