"< Application, Lorg/sunflow/core/renderer/SimpleRenderer$BucketThread, run()V >"	3	5
"< Application, Lorg/dacapo/harness/Benchmark, initialize()V >"	23	20
"< Application, Lorg/codehaus/janino/IClassLoader, loadIClass(Ljava/lang/String;)Lorg/codehaus/janino/IClass; >"	46	1
"< Application, Lorg/sunflow/core/gi/InstantGI$PointLightStore, store(Lorg/sunflow/core/ShadingState;Lorg/sunflow/math/Vector3;Lorg/sunflow/image/Color;Lorg/sunflow/image/Color;)V >"	8	1
"< Application, Lorg/sunflow/core/photonmap/CausticPhotonMap, store(Lorg/sunflow/core/ShadingState;Lorg/sunflow/math/Vector3;Lorg/sunflow/image/Color;Lorg/sunflow/image/Color;)V >"	9	1
"< Application, Lorg/sunflow/core/photonmap/GridPhotonMap, store(Lorg/sunflow/core/ShadingState;Lorg/sunflow/math/Vector3;Lorg/sunflow/image/Color;Lorg/sunflow/image/Color;)V >"	62	1
"< Application, Lorg/sunflow/core/LightServer$1, run()V >"	7	7
"< Application, Lorg/sunflow/core/renderer/ProgressiveRenderer$SmallBucketThread, run()V >"	5	8
"< Application, Lorg/dacapo/harness/Benchmark, initialize()V >"	1	3
"< Application, Lorg/sunflow/core/renderer/BucketRenderer$BucketThread, run()V >"	3	5
"< Application, Lorg/sunflow/core/photonmap/GlobalPhotonMap, store(Lorg/sunflow/core/ShadingState;Lorg/sunflow/math/Vector3;Lorg/sunflow/image/Color;Lorg/sunflow/image/Color;)V >"	4	1
