"< Application, Lorg/codehaus/janino/util/Benchmark, report(Ljava/lang/String;Ljava/lang/Object;)V >"	70	70
"< Application, Lorg/codehaus/janino/UnitCompiler$16, visitSuperclassMethodInvocation(Lorg/codehaus/janino/Java$SuperclassMethodInvocation;)V >"	5	9
"< Application, Lorg/codehaus/janino/UnitCompiler$16, visitAssignment(Lorg/codehaus/janino/Java$Assignment;)V >"	5	9
"< Application, Lorg/codehaus/janino/UnitCompiler$6, visitWhileStatement(Lorg/codehaus/janino/Java$WhileStatement;)V >"	4	7
"< Application, Lorg/codehaus/janino/UnitCompiler, compileBoolean(Lorg/codehaus/janino/Java$Rvalue;Lorg/codehaus/janino/CodeContext$Offset;Z)V >"	4	9
"< Application, Lorg/codehaus/janino/UnitCompiler, compile(Lorg/codehaus/janino/Java$TypeDeclaration;)V >"	4	7
"< Application, Lorg/codehaus/janino/JavaSourceClassLoader, main([Ljava/lang/String;)V >"	176	216
"< Application, Lorg/sunflow/core/display/OpenExrDisplay, imageUpdate(IIII[Lorg/sunflow/image/Color;)V >"	6	13
"< Application, Lorg/codehaus/janino/UnitCompiler$17, visitAmbiguousName(Lorg/codehaus/janino/Java$AmbiguousName;)V >"	5	9
"< Application, Lorg/dacapo/parser/ConfigFileTokenManager, jjMoveStringLiteralDfa1_0(J)I >"	4	7
"< Application, Lorg/codehaus/janino/UnitCompiler, compile2(Lorg/codehaus/janino/Java$SynchronizedStatement;)Z >"	42	56
"< Application, Lorg/sunflow/core/Texture, load()V >"	21	15
"< Application, Lorg/codehaus/janino/Compiler$CompilerIClassLoader, defineIClassFromClassFileResource(Lorg/codehaus/janino/util/resource/Resource;)Lorg/codehaus/janino/IClass; >"	16	27
"< Application, Lorg/codehaus/janino/UnitCompiler$6, visitInitializer(Lorg/codehaus/janino/Java$Initializer;)V >"	4	7
"< Application, LSunflowGUI, selectFrame(Ljavax/swing/JInternalFrame;)V >"	3	8
"< Application, Lorg/codehaus/janino/ScriptEvaluator, compileToMethods(Lorg/codehaus/janino/Java$CompilationUnit;[Ljava/lang/String;[[Ljava/lang/Class;)V >"	13	23
"< Application, Lorg/dacapo/parser/Config, parse(Ljava/net/URL;)Lorg/dacapo/parser/Config; >"	3	5
"< Application, Lorg/codehaus/janino/UnitCompiler$8, visitParenthesizedExpression(Lorg/codehaus/janino/Java$ParenthesizedExpression;)V >"	5	8
"< Application, Lorg/codehaus/janino/UnitCompiler$7, visitNewClassInstance(Lorg/codehaus/janino/Java$NewClassInstance;)V >"	3	6
"< Application, Lorg/sunflow/core/ParameterList$1, <clinit>()V >"	51	65
"< Application, Lorg/codehaus/janino/UnitCompiler$7, visitNewAnonymousClassInstance(Lorg/codehaus/janino/Java$NewAnonymousClassInstance;)V >"	3	6
"< Application, Lorg/dacapo/harness/TestHarness, main([Ljava/lang/String;)V >"	170	236
"< Application, Lorg/codehaus/janino/UnitCompiler$30, toString()Ljava/lang/String; >"	19	31
"< Application, Lorg/codehaus/janino/UnitCompiler$10, visitParameterAccess(Lorg/codehaus/janino/Java$ParameterAccess;)V >"	5	9
"< Application, Lorg/codehaus/janino/UnitCompiler$9, visitSuperclassFieldAccessExpression(Lorg/codehaus/janino/Java$SuperclassFieldAccessExpression;)V >"	5	9
"< Application, Lorg/codehaus/janino/JavaSourceClassLoader, class$(Ljava/lang/String;)Ljava/lang/Class; >"	2	5
"< Application, Lorg/codehaus/janino/UnitCompiler$8, visitClassLiteral(Lorg/codehaus/janino/Java$ClassLiteral;)V >"	5	8
"< Application, Lorg/apache/commons/cli/TypeHandler, createClass(Ljava/lang/String;)Ljava/lang/Class; >"	2	5
"< Application, Lorg/codehaus/janino/UnitCompiler$7, visitBinaryOperation(Lorg/codehaus/janino/Java$BinaryOperation;)V >"	3	6
"< Application, Lorg/codehaus/janino/UnitCompiler$6, visitDoStatement(Lorg/codehaus/janino/Java$DoStatement;)V >"	4	7
"< Application, Lorg/codehaus/janino/UnitCompiler$16, visitCast(Lorg/codehaus/janino/Java$Cast;)V >"	5	9
"< Application, Lorg/codehaus/janino/JavaSourceIClassLoader, findIClass(Ljava/lang/String;)Lorg/codehaus/janino/IClass; >"	45	48
"< Application, Lorg/sunflow/core/parser/RA2Parser, parse(Ljava/lang/String;Lorg/sunflow/SunflowAPI;)Z >"	123	159
"< Application, Lorg/codehaus/janino/UnitCompiler$7, visitNewArray(Lorg/codehaus/janino/Java$NewArray;)V >"	3	6
"< Application, Lorg/codehaus/janino/util/resource/JarDirectoriesResourceFinder$3, transform(Ljava/lang/Object;)Ljava/lang/Object; >"	6	8
"< Application, Lorg/codehaus/janino/JavaSourceClassLoader, main([Ljava/lang/String;)V >"	172	219
"< Application, Lorg/codehaus/janino/UnitCompiler$8, visitArrayAccessExpression(Lorg/codehaus/janino/Java$ArrayAccessExpression;)V >"	5	8
"< Application, Lorg/codehaus/janino/UnitCompiler, getType(Lorg/codehaus/janino/Java$Atom;)Lorg/codehaus/janino/IClass; >"	12	9
"< Application, Lorg/sunflow/core/parser/SCParser, parseObjectBlock(Lorg/sunflow/SunflowAPI;)V >"	525	434
"< Application, Lorg/codehaus/janino/UnitCompiler$16, visitRvalueMemberType(Lorg/codehaus/janino/Java$RvalueMemberType;)V >"	5	9
"< Application, Lorg/codehaus/janino/Compiler, parseCompilationUnit(Ljava/lang/String;Ljava/io/InputStream;Ljava/lang/String;)Lorg/codehaus/janino/Java$CompilationUnit; >"	19	28
"< Application, Lorg/codehaus/janino/util/resource/PathResourceFinder, createResourceFinder(Ljava/io/File;)Lorg/codehaus/janino/util/resource/ResourceFinder; >"	13	24
"< Application, Lorg/codehaus/janino/UnitCompiler$4, visitLocalClassDeclarationStatement(Lorg/codehaus/janino/Java$LocalClassDeclarationStatement;)V >"	5	9
"< Application, Lorg/sunflow/core/display/ImgPipeDisplay, imageFill(IIIILorg/sunflow/image/Color;)V >"	51	64
"< Application, Lorg/codehaus/janino/UnitCompiler, compile(Lorg/codehaus/janino/Java$FunctionDeclarator;Lorg/codehaus/janino/util/ClassFile;)V >"	154	217
"< Application, Lorg/codehaus/janino/UnitCompiler$3, visitLocalClassDeclaration(Lorg/codehaus/janino/Java$LocalClassDeclaration;)V >"	3	6
"< Application, Lorg/sunflow/SunflowAPI, create(Ljava/lang/String;I)Lorg/sunflow/SunflowAPI; >"	61	73
"< Application, LMMTkHarness, <init>()V >"	14	17
"< Application, Lorg/codehaus/janino/UnitCompiler$4, visitThrowStatement(Lorg/codehaus/janino/Java$ThrowStatement;)V >"	5	9
"< Application, Lorg/dacapo/parser/Config, parse(Ljava/io/InputStream;)Lorg/dacapo/parser/Config; >"	4	7
"< Application, Lorg/codehaus/janino/UnitCompiler$10, visitConditionalExpression(Lorg/codehaus/janino/Java$ConditionalExpression;)V >"	5	9
"< Application, Lorg/codehaus/janino/tools/Disassembler, disasmClassFile(Ljava/io/DataInputStream;)V >"	147	199
"< Application, Lorg/sunflow/core/tesselatable/FileMesh, tesselate()Lorg/sunflow/core/PrimitiveList; >"	174	255
"< Application, Lorg/apache/commons/cli/TypeHandler, createNumber(Ljava/lang/String;)Ljava/lang/Number; >"	6	11
"< Application, Lorg/codehaus/janino/UnitCompiler$4, visitLocalVariableDeclarationStatement(Lorg/codehaus/janino/Java$LocalVariableDeclarationStatement;)V >"	5	9
"< Application, Lorg/codehaus/janino/SimpleCompiler, classToType(Lorg/codehaus/janino/Location;Ljava/lang/Class;)Lorg/codehaus/janino/Java$Type; >"	9	15
"< Application, Lorg/dacapo/harness/DacapoClassLoader, create(Lorg/dacapo/parser/Config;Ljava/io/File;)Lorg/dacapo/harness/DacapoClassLoader; >"	24	37
"< Application, Lorg/codehaus/janino/UnitCompiler$8, visitCrement(Lorg/codehaus/janino/Java$Crement;)V >"	5	8
"< Application, Lorg/codehaus/janino/JavaSourceIClassLoader, findIClass(Ljava/lang/String;)Lorg/codehaus/janino/IClass; >"	116	50
"< Application, Lorg/codehaus/janino/Compiler$CompilerIClassLoader, defineIClassFromClassFileResource(Lorg/codehaus/janino/util/resource/Resource;)Lorg/codehaus/janino/IClass; >"	43	45
"< Application, Lorg/codehaus/janino/UnitCompiler, getConstantValue2(Lorg/codehaus/janino/Java$BinaryOperation;)Ljava/lang/Object; >"	228	176
"< Application, Lorg/sunflow/core/parser/SCParser, parseObjectBlock(Lorg/sunflow/SunflowAPI;)V >"	501	454
"< Application, Lorg/sunflow/core/photonmap/GlobalPhotonMap, store(Lorg/sunflow/core/ShadingState;Lorg/sunflow/math/Vector3;Lorg/sunflow/image/Color;Lorg/sunflow/image/Color;)V >"	23	31
"< Application, Lorg/codehaus/janino/UnparseVisitor, visitSwitchStatement(Lorg/codehaus/janino/Java$SwitchStatement;)V >"	31	59
"< Application, Lorg/codehaus/janino/UnitCompiler, compile2(Lorg/codehaus/janino/Java$IfStatement;)Z >"	47	110
"< Application, Lorg/codehaus/janino/tools/JGrep$MethodInvocationTarget, apply(Lorg/codehaus/janino/UnitCompiler;Lorg/codehaus/janino/Java$Invocation;Lorg/codehaus/janino/IClass$IMethod;)V >"	44	66
"< Application, Lorg/sunflow/core/ParameterList$1, <clinit>()V >"	45	57
"< Application, Lorg/codehaus/janino/ClassFileIClass, getOuterIClass2()Lorg/codehaus/janino/IClass; >"	23	27
"< Application, Lorg/codehaus/janino/tools/JGrep$MethodInvocationTarget, apply(Lorg/codehaus/janino/UnitCompiler;Lorg/codehaus/janino/Java$Invocation;Lorg/codehaus/janino/IClass$IMethod;)V >"	55	64
"< Application, Lorg/codehaus/janino/UnitCompiler, compile2(Lorg/codehaus/janino/Java$ForStatement;)Z >"	67	82
"< Application, Lorg/sunflow/core/parser/ShaveRibParser, parse(Ljava/lang/String;Lorg/sunflow/SunflowAPI;)Z >"	175	203
"< Application, Lorg/sunflow/core/ParameterList$1, <clinit>()V >"	85	106
"< Application, Lorg/codehaus/janino/UnitCompiler$4, visitSynchronizedStatement(Lorg/codehaus/janino/Java$SynchronizedStatement;)V >"	5	9
"< Application, Lorg/dacapo/parser/ConfigFileTokenManager, jjMoveStringLiteralDfa10_0(JJ)I >"	9	12
"< Application, Lorg/sunflow/image/Bitmap, saveTGA(Ljava/lang/String;)V >"	64	68
"< Application, Lorg/codehaus/janino/ClassFileIClass, getDeclaredIClasses2()[Lorg/codehaus/janino/IClass; >"	20	33
"< Application, Lorg/codehaus/janino/ResourceFinderIClassLoader, findIClass(Ljava/lang/String;)Lorg/codehaus/janino/IClass; >"	21	31
"< Application, Lorg/sunflow/SunflowAPI, compile(Ljava/lang/String;)Lorg/sunflow/SunflowAPI; >"	32	24
"< Application, Lorg/codehaus/janino/ExpressionEvaluator, class$(Ljava/lang/String;)Ljava/lang/Class; >"	2	5
"< Application, Lorg/codehaus/janino/Compiler$CompilerIClassLoader, defineIClassFromSourceResource(Lorg/codehaus/janino/util/resource/Resource;Ljava/lang/String;)Lorg/codehaus/janino/IClass; >"	13	41
"< Application, Lorg/sunflow/core/parser/SCParser, parseObjectBlock(Lorg/sunflow/SunflowAPI;)V >"	537	422
"< Application, Lorg/sunflow/core/primitive/Hair$1, <clinit>()V >"	15	17
"< Application, Lorg/codehaus/janino/UnitCompiler$16, visitThisReference(Lorg/codehaus/janino/Java$ThisReference;)V >"	5	9
"< Application, Lorg/dacapo/harness/Benchmark, initialize()V >"	19	19
"< Application, Lorg/codehaus/janino/UnitCompiler$4, visitFieldDeclaration(Lorg/codehaus/janino/Java$FieldDeclaration;)V >"	5	9
"< Application, Lorg/codehaus/janino/Scanner, stringToLongLiteralToken(Ljava/lang/String;I)Lorg/codehaus/janino/Scanner$LiteralToken; >"	9	79
"< Application, Lorg/codehaus/janino/UnitCompiler$16, visitCrement(Lorg/codehaus/janino/Java$Crement;)V >"	5	9
"< Application, Lorg/codehaus/janino/UnitCompiler$4, visitReturnStatement(Lorg/codehaus/janino/Java$ReturnStatement;)V >"	5	9
"< Application, Lorg/codehaus/janino/UnitCompiler$6, visitLocalVariableDeclarationStatement(Lorg/codehaus/janino/Java$LocalVariableDeclarationStatement;)V >"	6	10
"< Application, Lorg/codehaus/janino/UnitCompiler$3, visitPackageMemberInterfaceDeclaration(Lorg/codehaus/janino/Java$PackageMemberInterfaceDeclaration;)V >"	3	6
"< Application, Lorg/sunflow/core/LightServer$1, run()V >"	19	96
"< Application, Lorg/codehaus/janino/UnitCompiler$16, visitQualifiedThisReference(Lorg/codehaus/janino/Java$QualifiedThisReference;)V >"	5	9
"< Application, Lorg/codehaus/janino/UnitCompiler$4, visitWhileStatement(Lorg/codehaus/janino/Java$WhileStatement;)V >"	5	9
"< Application, Lorg/sunflow/core/renderer/SimpleRenderer$BucketThread, run()V >"	25	31
"< Application, Lorg/sunflow/core/parser/SCParser, parseShader(Lorg/sunflow/SunflowAPI;)Z >"	292	218
"< Application, Lorg/codehaus/janino/UnitCompiler$4, visitBlock(Lorg/codehaus/janino/Java$Block;)V >"	5	9
"< Application, Lorg/codehaus/janino/UnitCompiler$7, visitParenthesizedExpression(Lorg/codehaus/janino/Java$ParenthesizedExpression;)V >"	3	6
"< Application, Lorg/codehaus/janino/UnitCompiler$10, visitLiteral(Lorg/codehaus/janino/Java$Literal;)V >"	5	9
"< Application, Lorg/sunflow/core/display/OpenExrDisplay, imageBegin(III)V >"	12	18
"< Application, Lorg/sunflow/core/primitive/TriangleMesh$1, <clinit>()V >"	21	25
"< Application, Lorg/codehaus/janino/UnitCompiler$7, visitNewInitializedArray(Lorg/codehaus/janino/Java$NewInitializedArray;)V >"	3	6
"< Application, Lorg/codehaus/janino/tools/JGrep, parseCompilationUnit(Ljava/io/File;Ljava/lang/String;)Lorg/codehaus/janino/Java$CompilationUnit; >"	20	29
"< Application, Lorg/codehaus/janino/UnitCompiler, compileUnit(Lorg/codehaus/janino/util/enumerator/EnumeratorSet;)[Lorg/codehaus/janino/util/ClassFile; >"	10	57
"< Application, Lorg/codehaus/janino/UnitCompiler$4, visitLabeledStatement(Lorg/codehaus/janino/Java$LabeledStatement;)V >"	5	9
"< Application, Lorg/codehaus/janino/ClassFileIClass, getDeclaredIMethods2()[Lorg/codehaus/janino/IClass$IMethod; >"	13	30
"< Application, Lorg/dacapo/parser/ConfigFileTokenManager, jjMoveNfa_1(II)I >"	85	88
"< Application, Lorg/codehaus/janino/util/CausedException, initCause(Ljava/lang/Throwable;)Ljava/lang/Throwable; >"	13	16
"< Application, Lorg/codehaus/janino/UnitCompiler$16, visitMethodInvocation(Lorg/codehaus/janino/Java$MethodInvocation;)V >"	5	9
"< Application, Lorg/codehaus/janino/Compiler, compile([Lorg/codehaus/janino/util/resource/Resource;)Z >"	78	113
"< Application, Lorg/codehaus/janino/UnitCompiler, compile(Lorg/codehaus/janino/Java$FunctionDeclarator;Lorg/codehaus/janino/util/ClassFile;)V >"	148	192
"< Application, Lorg/sunflow/SunflowAPI, parameter(Ljava/lang/String;Ljava/lang/String;Ljava/lang/String;[F)V >"	3	11
"< Application, Lorg/sunflow/core/renderer/BucketRenderer$BucketThread, run()V >"	31	47
"< Application, Lorg/codehaus/janino/UnitCompiler$8, visitFieldAccessExpression(Lorg/codehaus/janino/Java$FieldAccessExpression;)V >"	5	8
"< Application, Lorg/codehaus/janino/UnitCompiler$6, visitTryStatement(Lorg/codehaus/janino/Java$TryStatement;)V >"	4	7
"< Application, Lorg/codehaus/janino/UnitCompiler, compile2(Lorg/codehaus/janino/Java$TryStatement;)Z >"	117	133
"< Application, Lorg/dacapo/harness/ChordHarness, main([Ljava/lang/String;)V >"	170	236
"< Application, Lorg/codehaus/janino/UnitCompiler$9, visitAmbiguousName(Lorg/codehaus/janino/Java$AmbiguousName;)V >"	5	9
"< Application, Lorg/codehaus/janino/UnitCompiler, leave2(Lorg/codehaus/janino/Java$TryStatement;Lorg/codehaus/janino/IClass;)V >"	17	23
"< Application, Lorg/codehaus/janino/UnitCompiler$16, visitArrayAccessExpression(Lorg/codehaus/janino/Java$ArrayAccessExpression;)V >"	5	9
"< Application, Lorg/codehaus/janino/util/ClassFile, toByteArray()[B >"	4	6
"< Application, Lorg/codehaus/janino/UnitCompiler, binaryNumericPromotion(Lorg/codehaus/janino/Java$Locatable;Lorg/codehaus/janino/IClass;Lorg/codehaus/janino/CodeContext$Inserter;Lorg/codehaus/janino/IClass;Lorg/codehaus/janino/CodeContext$Inserter;)Lorg/codehaus/janino/IClass; >"	16	22
"< Application, Lorg/dacapo/parser/ConfigFileTokenManager, jjMoveStringLiteralDfa7_0(JJ)I >"	9	12
"< Application, Lorg/codehaus/janino/CachingJavaSourceClassLoader, writeResource(Lorg/codehaus/janino/util/resource/ResourceCreator;Ljava/lang/String;[B)V >"	4	8
"< Application, Lorg/codehaus/janino/UnitCompiler$10, visitNewClassInstance(Lorg/codehaus/janino/Java$NewClassInstance;)V >"	5	9
"< Application, Lorg/codehaus/janino/UnitCompiler$10, visitCrement(Lorg/codehaus/janino/Java$Crement;)V >"	5	9
"< Application, Lorg/codehaus/janino/util/CausedException, initCause(Ljava/lang/Throwable;)Ljava/lang/Throwable; >"	9	19
"< Application, Lorg/codehaus/janino/UnitCompiler$13, visitInitializer(Lorg/codehaus/janino/Java$Initializer;)V >"	5	9
"< Application, Lorg/codehaus/janino/UnitCompiler$10, visitMethodInvocation(Lorg/codehaus/janino/Java$MethodInvocation;)V >"	5	9
"< Application, Lorg/codehaus/janino/Compiler, compile([Lorg/codehaus/janino/util/resource/Resource;)Z >"	88	118
"< Application, Lorg/sunflow/core/tesselatable/Gumbo, main([Ljava/lang/String;)V >"	105	143
"< Application, Lorg/codehaus/janino/ScriptEvaluator, createFastEvaluator(Lorg/codehaus/janino/ScriptEvaluator;Ljava/lang/String;[Ljava/lang/String;Ljava/lang/Class;)Ljava/lang/Object; >"	6	13
"< Application, Lorg/dacapo/parser/ConfigFileTokenManager, jjMoveStringLiteralDfa4_0(JJ)I >"	9	12
"< Application, Lorg/codehaus/janino/UnitCompiler, compile(Lorg/codehaus/janino/Java$BlockStatement;)Z >"	6	9
"< Application, Lorg/sunflow/RenderObjectMap$1, <clinit>()V >"	9	10
"< Application, Lorg/codehaus/janino/UnitCompiler$15, visitSuperclassFieldAccessExpression(Lorg/codehaus/janino/Java$SuperclassFieldAccessExpression;)V >"	3	6
"< Application, Lorg/dacapo/harness/Callback$1, <clinit>()V >"	15	17
"< Application, Lorg/codehaus/janino/UnitCompiler, <init>(Lorg/codehaus/janino/Java$CompilationUnit;Lorg/codehaus/janino/IClassLoader;)V >"	30	25
"< Application, Lorg/codehaus/janino/UnitCompiler$7, visitFieldAccess(Lorg/codehaus/janino/Java$FieldAccess;)V >"	3	6
"< Application, Lorg/codehaus/janino/UnitCompiler$7, visitCast(Lorg/codehaus/janino/Java$Cast;)V >"	3	6
"< Application, Lorg/dacapo/parser/ConfigFileTokenManager, jjMoveStringLiteralDfa11_0(JJ)I >"	9	12
"< Application, Lorg/codehaus/janino/UnitCompiler$6, visitIfStatement(Lorg/codehaus/janino/Java$IfStatement;)V >"	4	7
"< Application, Lorg/codehaus/janino/Scanner, readNextChar()V >"	4	6
"< Application, Lorg/codehaus/janino/UnitCompiler$7, visitCrement(Lorg/codehaus/janino/Java$Crement;)V >"	3	6
"< Application, Lorg/codehaus/janino/UnitCompiler$7, visitAmbiguousName(Lorg/codehaus/janino/Java$AmbiguousName;)V >"	3	6
"< Application, Lorg/sunflow/SunflowAPI, create(Ljava/lang/String;I)Lorg/sunflow/SunflowAPI; >"	39	53
"< Application, Lorg/sunflow/core/parser/SCParser, parseShader(Lorg/sunflow/SunflowAPI;)Z >"	280	228
"< Application, Lorg/codehaus/janino/tools/JGrep, main([Ljava/lang/String;)V >"	165	252
"< Application, Lorg/sunflow/core/tesselatable/Gumbo, main([Ljava/lang/String;)V >"	102	147
"< Application, Lorg/codehaus/janino/CachingJavaSourceClassLoader, readResource(Lorg/codehaus/janino/util/resource/Resource;)[B >"	21	22
"< Application, Lorg/dacapo/harness/CommandLineArgs, <init>([Ljava/lang/String;)V >"	65	62
"< Application, Lorg/codehaus/janino/ClassBodyEvaluator, compileToClass(Lorg/codehaus/janino/Java$CompilationUnit;Lorg/codehaus/janino/util/enumerator/EnumeratorSet;Ljava/lang/String;)Ljava/lang/Class; >"	3	10
"< Application, Lorg/codehaus/janino/ResourceFinderIClassLoader, findIClass(Ljava/lang/String;)Lorg/codehaus/janino/IClass; >"	8	14
"< Application, Lorg/sunflow/core/parser/SCParser, parseShader(Lorg/sunflow/SunflowAPI;)Z >"	304	208
"< Application, Lorg/codehaus/janino/UnitCompiler$12, visitUnaryOperation(Lorg/codehaus/janino/Java$UnaryOperation;)V >"	5	9
"< Application, Lorg/codehaus/janino/samples/DemoBase, stringToType(Ljava/lang/String;)Ljava/lang/Class; >"	82	86
"< Application, LMMTkHarness, <init>()V >"	12	18
"< Application, Lorg/codehaus/janino/UnitCompiler$2, visitSingleStaticImportDeclaration(Lorg/codehaus/janino/Java$CompilationUnit$SingleStaticImportDeclaration;)V >"	3	6
"< Application, Lorg/apache/commons/cli/Parser, processProperties(Ljava/util/Properties;)V >"	22	40
"< Application, Lorg/codehaus/janino/ClassBodyEvaluator, createFastClassBodyEvaluator(Lorg/codehaus/janino/Scanner;Ljava/lang/String;Ljava/lang/Class;[Ljava/lang/Class;Ljava/lang/ClassLoader;)Ljava/lang/Object; >"	5	18
"< Application, Lorg/codehaus/janino/CachingJavaSourceClassLoader, generateBytecodes(Ljava/lang/String;)Ljava/util/Map; >"	44	42
"< Application, Lorg/codehaus/janino/samples/ClassBodyDemo, readFileToString(Ljava/lang/String;)Ljava/lang/String; >"	13	20
"< Application, Lorg/dacapo/parser/ConfigFile, main([Ljava/lang/String;)V >"	12	8
"< Application, Lorg/codehaus/janino/util/ResourceFinderClassLoader, findClass(Ljava/lang/String;)Ljava/lang/Class; >"	9	12
"< Application, Lorg/codehaus/janino/ScriptEvaluator, evaluate(I[Ljava/lang/Object;)Ljava/lang/Object; >"	9	11
"< Application, Lorg/codehaus/janino/Cookable, cookFile(Ljava/io/File;Ljava/lang/String;)V >"	16	18
"< Application, Lorg/dacapo/parser/ConfigFileTokenManager, jjMoveStringLiteralDfa8_0(JJ)I >"	9	12
"< Application, Lorg/codehaus/janino/UnitCompiler$9, visitFieldAccessExpression(Lorg/codehaus/janino/Java$FieldAccessExpression;)V >"	5	9
"< Application, Lorg/dacapo/harness/CommandLineArgs, defineCallback()V >"	7	14
"< Application, Lorg/codehaus/janino/UnitCompiler$9, visitParenthesizedExpression(Lorg/codehaus/janino/Java$ParenthesizedExpression;)V >"	5	9
"< Application, Lorg/codehaus/janino/UnitCompiler$8, visitNewArray(Lorg/codehaus/janino/Java$NewArray;)V >"	5	8
"< Application, Lorg/dacapo/harness/Digest, create()Ljava/security/MessageDigest; >"	2	5
"< Application, Lorg/codehaus/janino/UnparseVisitor, main([Ljava/lang/String;)V >"	16	26
"< Application, Lorg/codehaus/janino/UnitCompiler$4, visitAlternateConstructorInvocation(Lorg/codehaus/janino/Java$AlternateConstructorInvocation;)V >"	5	9
"< Application, Lorg/codehaus/janino/Scanner, stringToDoubleLiteralToken(Ljava/lang/String;)Lorg/codehaus/janino/Scanner$LiteralToken; >"	2	6
"< Application, Lorg/codehaus/janino/UnitCompiler$2, visitStaticImportOnDemandDeclaration(Lorg/codehaus/janino/Java$CompilationUnit$StaticImportOnDemandDeclaration;)V >"	3	6
"< Application, Lorg/codehaus/janino/tools/JGrep, jGrep(Ljava/util/Iterator;Ljava/util/List;)V >"	18	96
"< Application, Lorg/codehaus/janino/UnitCompiler, declareClassDollarMethod(Lorg/codehaus/janino/Java$ClassLiteral;)V >"	42	50
"< Application, Lorg/dacapo/harness/TeeOutputStream, finalize()V >"	4	6
"< Application, Lorg/codehaus/janino/Compiler, storeClassFile(Lorg/codehaus/janino/util/ClassFile;Ljava/io/File;)V >"	43	39
"< Application, Lorg/dacapo/parser/ConfigFileTokenManager, getNextToken()Lorg/dacapo/parser/Token; >"	33	83
"< Application, Lorg/dacapo/harness/TeeOutputStream, version()V >"	19	27
"< Application, Lorg/codehaus/janino/UnitCompiler, loadFullyQualifiedClass([Ljava/lang/String;)Lorg/codehaus/janino/IClass; >"	24	41
"< Application, Lorg/codehaus/janino/UnitCompiler$6, visitLabeledStatement(Lorg/codehaus/janino/Java$LabeledStatement;)V >"	6	10
"< Application, Lorg/dacapo/parser/ConfigFileTokenManager, jjMoveStringLiteralDfa2_0(JJ)I >"	9	12
"< Application, Lorg/codehaus/janino/UnitCompiler$7, visitClassLiteral(Lorg/codehaus/janino/Java$ClassLiteral;)V >"	3	6
"< Application, Lorg/sunflow/image/Bitmap, saveHDR(Ljava/lang/String;)V >"	58	74
"< Application, Lorg/sunflow/core/ParameterList$1, <clinit>()V >"	21	25
"< Application, Lorg/codehaus/janino/UnitCompiler$9, visitArrayLength(Lorg/codehaus/janino/Java$ArrayLength;)V >"	5	9
"< Application, Lorg/sunflow/SunflowAPI, compile(Ljava/lang/String;)Lorg/sunflow/SunflowAPI; >"	18	36
"< Application, Lorg/codehaus/janino/UnitCompiler$8, visitLocalVariableAccess(Lorg/codehaus/janino/Java$LocalVariableAccess;)V >"	5	8
"< Application, Lorg/sunflow/core/renderer/BucketRenderer, render(Lorg/sunflow/core/Display;)V >"	35	36
"< Application, Lorg/dacapo/harness/FileDigest, main([Ljava/lang/String;)V >"	55	77
"< Application, Lorg/sunflow/core/renderer/SimpleRenderer, render(Lorg/sunflow/core/Display;)V >"	27	28
"< Application, Lorg/codehaus/janino/UnitCompiler$11, visitBinaryOperation(Lorg/codehaus/janino/Java$BinaryOperation;)V >"	5	9
"< Application, Lorg/codehaus/janino/UnitCompiler, buildLocalVariableMap(Lorg/codehaus/janino/Java$BlockStatement;Ljava/util/Map;)Ljava/util/Map; >"	6	11
"< Application, Lorg/dacapo/harness/Sunflow, validate(Ljava/lang/String;)Z >"	10	13
"< Application, Lorg/sunflow/RenderObjectMap$1, <clinit>()V >"	21	25
"< Application, Lorg/codehaus/janino/UnitCompiler$10, visitQualifiedThisReference(Lorg/codehaus/janino/Java$QualifiedThisReference;)V >"	5	9
"< Application, Lorg/codehaus/janino/tools/Disassembler$13, print(Ljava/util/Map;)V >"	48	52
"< Application, Lorg/codehaus/janino/UnitCompiler, getNegatedConstantValue(Lorg/codehaus/janino/Java$Rvalue;)Ljava/lang/Object; >"	6	9
"< Application, Lorg/sunflow/core/ParameterList$1, <clinit>()V >"	73	92
"< Application, Lorg/dacapo/parser/ConfigFile, <init>(Ljava/io/InputStream;Ljava/lang/String;)V >"	11	14
"< Application, Lorg/codehaus/janino/UnitCompiler$8, visitNewInitializedArray(Lorg/codehaus/janino/Java$NewInitializedArray;)V >"	5	8
"< Application, Lorg/sunflow/core/primitive/QuadMesh$1, <clinit>()V >"	9	10
"< Application, Lorg/codehaus/janino/UnitCompiler$4, visitInitializer(Lorg/codehaus/janino/Java$Initializer;)V >"	5	9
"< Application, Lorg/codehaus/janino/tools/JGrep$5, traverseMethodInvocation(Lorg/codehaus/janino/Java$MethodInvocation;)V >"	4	8
"< Application, Lorg/codehaus/janino/Scanner, stringToIntegerLiteralToken(Ljava/lang/String;I)Lorg/codehaus/janino/Scanner$LiteralToken; >"	9	74
"< Application, Lorg/codehaus/janino/UnitCompiler, compileContext(Lorg/codehaus/janino/Java$Rvalue;)I >"	6	9
"< Application, Lorg/codehaus/janino/JavaSourceIClassLoader, findIClass(Ljava/lang/String;)Lorg/codehaus/janino/IClass; >"	101	87
"< Application, Lorg/sunflow/core/tesselatable/FileMesh, tesselate()Lorg/sunflow/core/PrimitiveList; >"	71	345
"< Application, Lorg/codehaus/janino/UnitCompiler$13, visitFieldDeclaration(Lorg/codehaus/janino/Java$FieldDeclaration;)V >"	5	9
"< Application, Lorg/sunflow/core/parser/RA3Parser, parse(Ljava/lang/String;Lorg/sunflow/SunflowAPI;)Z >"	84	69
"< Application, Lorg/codehaus/janino/ScriptEvaluator, createFastEvaluator(Lorg/codehaus/janino/ScriptEvaluator;Lorg/codehaus/janino/Scanner;[Ljava/lang/String;Ljava/lang/Class;)Ljava/lang/Object; >"	44	36
"< Application, Lorg/sunflow/SunflowAPI, compile(Ljava/lang/String;)Lorg/sunflow/SunflowAPI; >"	39	15
"< Application, Lorg/codehaus/janino/ReflectionIClass$ReflectionIField, getConstantValue()Ljava/lang/Object; >"	21	26
"< Application, Lorg/codehaus/janino/ClassFileIClass, getDeclaredIFields2()[Lorg/codehaus/janino/IClass$IField; >"	12	23
"< Application, Lorg/dacapo/harness/TeeOutputStream, newLog()V >"	5	6
"< Application, Lorg/sunflow/core/primitive/QuadMesh$1, <clinit>()V >"	15	17
"< Application, Lorg/codehaus/janino/UnitCompiler$3, visitMemberInterfaceDeclaration(Lorg/codehaus/janino/Java$MemberInterfaceDeclaration;)V >"	3	6
"< Application, Lorg/sunflow/core/ParameterList$1, <clinit>()V >"	15	17
"< Application, Lorg/dacapo/harness/TestHarness, main([Ljava/lang/String;)V >"	54	80
"< Application, Lorg/codehaus/janino/UnitCompiler$4, visitForStatement(Lorg/codehaus/janino/Java$ForStatement;)V >"	5	9
"< Application, Lorg/codehaus/janino/UnitCompiler$16, visitParameterAccess(Lorg/codehaus/janino/Java$ParameterAccess;)V >"	5	9
"< Application, Lorg/codehaus/janino/samples/DemoBase, class$(Ljava/lang/String;)Ljava/lang/Class; >"	2	5
"< Application, Lorg/codehaus/janino/Compiler, storeClassFile(Lorg/codehaus/janino/util/ClassFile;Ljava/io/File;)V >"	30	36
"< Application, Lorg/sunflow/core/parser/SCParser, parseShader(Lorg/sunflow/SunflowAPI;)Z >"	316	196
"< Application, Lorg/apache/commons/cli/TypeHandler, createObject(Ljava/lang/String;)Ljava/lang/Object; >"	13	20
"< Application, Lorg/sunflow/core/tesselatable/FileMesh, tesselate()Lorg/sunflow/core/PrimitiveList; >"	303	123
"< Application, Lorg/codehaus/janino/UnitCompiler$8, visitUnaryOperation(Lorg/codehaus/janino/Java$UnaryOperation;)V >"	5	8
"< Application, Lorg/codehaus/janino/IClass$IMethod, toString()Ljava/lang/String; >"	46	59
"< Application, Lorg/codehaus/janino/UnitCompiler$8, visitSuperclassMethodInvocation(Lorg/codehaus/janino/Java$SuperclassMethodInvocation;)V >"	5	8
"< Application, Lorg/codehaus/janino/Compiler$CompilerIClassLoader, defineIClassFromSourceResource(Lorg/codehaus/janino/util/resource/Resource;Ljava/lang/String;)Lorg/codehaus/janino/IClass; >"	31	17
"< Application, Lorg/codehaus/janino/JavaSourceClassLoader, main([Ljava/lang/String;)V >"	37	46
"< Application, Lorg/sunflow/core/parser/RA2Parser, parse(Ljava/lang/String;Lorg/sunflow/SunflowAPI;)Z >"	61	39
"< Application, Lorg/codehaus/janino/UnitCompiler$7, visitUnaryOperation(Lorg/codehaus/janino/Java$UnaryOperation;)V >"	3	6
"< Application, Lorg/codehaus/janino/tools/JGrep, main([Ljava/lang/String;)V >"	184	235
"< Application, Lorg/codehaus/janino/UnitCompiler$6, visitSwitchStatement(Lorg/codehaus/janino/Java$SwitchStatement;)V >"	4	7
"< Application, Lorg/codehaus/janino/Compiler, main([Ljava/lang/String;)V >"	136	187
"< Application, Lorg/codehaus/janino/UnitCompiler$6, visitSynchronizedStatement(Lorg/codehaus/janino/Java$SynchronizedStatement;)V >"	4	7
"< Application, Lorg/codehaus/janino/UnparseVisitor, unparseDocComment(Lorg/codehaus/janino/Java$DocCommentable;)V >"	12	17
"< Application, Lorg/sunflow/core/display/OpenExrDisplay, imageEnd()V >"	4	6
"< Application, Lorg/codehaus/janino/UnitCompiler$16, visitArrayType(Lorg/codehaus/janino/Java$ArrayType;)V >"	5	9
"< Application, Lorg/dacapo/harness/TestHarness, <init>(Ljava/io/InputStream;)V >"	25	38
"< Application, Lorg/dacapo/harness/Matcher, <clinit>()V >"	6	6
"< Application, Lorg/sunflow/core/primitive/Hair$1, <clinit>()V >"	9	10
"< Application, Lorg/sunflow/SunflowAPI, create(Ljava/lang/String;I)Lorg/sunflow/SunflowAPI; >"	50	41
"< Application, Lorg/sunflow/core/ParameterList$1, <clinit>()V >"	39	49
"< Application, Lorg/codehaus/janino/UnitCompiler$8, visitQualifiedThisReference(Lorg/codehaus/janino/Java$QualifiedThisReference;)V >"	5	8
"< Application, Lorg/codehaus/janino/Compiler, main([Ljava/lang/String;)V >"	66	78
"< Application, Lorg/codehaus/janino/UnitCompiler$13, visitBlock(Lorg/codehaus/janino/Java$Block;)V >"	5	9
"< Application, Lorg/codehaus/janino/UnitCompiler$10, visitUnaryOperation(Lorg/codehaus/janino/Java$UnaryOperation;)V >"	5	9
"< Application, Lorg/codehaus/janino/ClassBodyEvaluator, class$(Ljava/lang/String;)Ljava/lang/Class; >"	2	5
"< Application, Lorg/codehaus/janino/UnitCompiler$16, visitConditionalExpression(Lorg/codehaus/janino/Java$ConditionalExpression;)V >"	5	9
"< Application, Lorg/codehaus/janino/util/CausedException, class$(Ljava/lang/String;)Ljava/lang/Class; >"	2	5
"< Application, Lorg/dacapo/parser/Config$1, <clinit>()V >"	9	10
"< Application, Lorg/codehaus/janino/IClassLoader, loadIClass(Ljava/lang/String;)Lorg/codehaus/janino/IClass; >"	79	59
"< Application, Lorg/codehaus/janino/UnitCompiler, <init>(Lorg/codehaus/janino/Java$CompilationUnit;Lorg/codehaus/janino/IClassLoader;)V >"	57	59
"< Application, Lorg/dacapo/harness/Benchmark, validate(Ljava/lang/String;)Z >"	173	246
"< Application, Lorg/dacapo/harness/Callback$1, <clinit>()V >"	9	10
"< Application, Lorg/codehaus/janino/tools/JGrep, parseCompilationUnit(Ljava/io/File;Ljava/lang/String;)Lorg/codehaus/janino/Java$CompilationUnit; >"	31	36
"< Application, Lorg/dacapo/parser/SimpleCharStream, FillBuff()V >"	51	37
"< Application, Lorg/sunflow/core/parser/RA2Parser, parse(Ljava/lang/String;Lorg/sunflow/SunflowAPI;)Z >"	118	164
"< Application, Lorg/codehaus/janino/UnitCompiler, binaryNumericPromotion(Lorg/codehaus/janino/Java$Locatable;Lorg/codehaus/janino/IClass;Lorg/codehaus/janino/CodeContext$Inserter;Lorg/codehaus/janino/IClass;Lorg/codehaus/janino/CodeContext$Inserter;)Lorg/codehaus/janino/IClass; >"	26	32
"< Application, Lorg/codehaus/janino/UnitCompiler$16, visitReferenceType(Lorg/codehaus/janino/Java$ReferenceType;)V >"	5	9
"< Application, Lorg/sunflow/core/LightServer, calculatePhotons(Lorg/sunflow/core/PhotonStore;Ljava/lang/String;I)Z >"	97	107
"< Application, Lorg/codehaus/janino/UnitCompiler$4, visitIfStatement(Lorg/codehaus/janino/Java$IfStatement;)V >"	5	9
"< Application, Lorg/dacapo/parser/ConfigFileTokenManager, getNextToken()Lorg/dacapo/parser/Token; >"	149	116
"< Application, Lorg/codehaus/janino/UnitCompiler$15, visitParenthesizedExpression(Lorg/codehaus/janino/Java$ParenthesizedExpression;)V >"	3	6
"< Application, LSunflowGUI, openFile(Ljava/lang/String;)V >"	31	65
"< Application, Lorg/codehaus/janino/Compiler, parseCompilationUnit(Ljava/lang/String;Ljava/io/InputStream;Ljava/lang/String;)Lorg/codehaus/janino/Java$CompilationUnit; >"	22	35
"< Application, Lorg/codehaus/janino/UnitCompiler$10, visitAssignment(Lorg/codehaus/janino/Java$Assignment;)V >"	5	9
"< Application, Lorg/dacapo/parser/ConfigFileTokenManager, jjMoveStringLiteralDfa1_3(J)I >"	4	7
"< Application, Lorg/codehaus/janino/CachingJavaSourceClassLoader, generateBytecodes(Ljava/lang/String;)Ljava/util/Map; >"	15	59
"< Application, Lorg/codehaus/janino/UnitCompiler$7, visitInstanceof(Lorg/codehaus/janino/Java$Instanceof;)V >"	3	6
"< Application, Lorg/sunflow/core/parser/RA2Parser, parse(Ljava/lang/String;Lorg/sunflow/SunflowAPI;)Z >"	64	37
"< Application, Lorg/codehaus/janino/UnitCompiler$11, visitCast(Lorg/codehaus/janino/Java$Cast;)V >"	5	9
"< Application, Lorg/sunflow/core/parser/SCParser, parse(Ljava/lang/String;Lorg/sunflow/SunflowAPI;)Z >"	181	215
"< Application, Lorg/sunflow/core/parser/TriParser, parse(Ljava/lang/String;Lorg/sunflow/SunflowAPI;)Z >"	113	146
"< Application, Lorg/codehaus/janino/tools/Disassembler, disasmClassFile(Ljava/io/DataInputStream;)V >"	159	221
"< Application, Lorg/codehaus/janino/UnitCompiler$10, visitSuperclassFieldAccessExpression(Lorg/codehaus/janino/Java$SuperclassFieldAccessExpression;)V >"	5	9
"< Application, Lorg/codehaus/janino/UnitCompiler$11, visitParenthesizedExpression(Lorg/codehaus/janino/Java$ParenthesizedExpression;)V >"	5	9
"< Application, Lorg/codehaus/janino/Cookable, cookFile(Ljava/io/File;Ljava/lang/String;)V >"	22	16
"< Application, Lorg/sunflow/core/tesselatable/FileMesh, tesselate()Lorg/sunflow/core/PrimitiveList; >"	183	273
"< Application, Lorg/dacapo/parser/SimpleCharStream, ExpandBuff(Z)V >"	84	77
"< Application, Lorg/codehaus/janino/UnitCompiler$8, visitCast(Lorg/codehaus/janino/Java$Cast;)V >"	5	8
"< Application, Lorg/codehaus/janino/tools/JGrep, main([Ljava/lang/String;)V >"	218	196
"< Application, Lorg/codehaus/janino/SimpleCompiler, class$(Ljava/lang/String;)Ljava/lang/Class; >"	2	5
"< Application, Lorg/codehaus/janino/UnitCompiler$15, visitAmbiguousName(Lorg/codehaus/janino/Java$AmbiguousName;)V >"	3	6
"< Application, Lorg/apache/commons/cli/Parser, processArgs(Lorg/apache/commons/cli/Option;Ljava/util/ListIterator;)V >"	14	21
"< Application, Lorg/codehaus/janino/UnitCompiler$10, visitAmbiguousName(Lorg/codehaus/janino/Java$AmbiguousName;)V >"	5	9
"< Application, Lorg/codehaus/janino/UnitCompiler, getConstantValue(Lorg/codehaus/janino/Java$Rvalue;)Ljava/lang/Object; >"	13	11
"< Application, Lorg/codehaus/janino/UnitCompiler, compileBoolean2(Lorg/codehaus/janino/Java$BinaryOperation;Lorg/codehaus/janino/CodeContext$Offset;Z)V >"	273	152
"< Application, Lorg/codehaus/janino/ClassFileIClass, getDeclaredIConstructors2()[Lorg/codehaus/janino/IClass$IConstructor; >"	10	26
"< Application, LMMTkHarness, harnessEnd()V >"	4	9
"< Application, Lorg/dacapo/harness/Benchmark, initialize()V >"	41	33
"< Application, Lorg/codehaus/janino/JavaSourceClassLoader, main([Ljava/lang/String;)V >"	168	222
"< Application, Lorg/codehaus/janino/UnitCompiler, findClassByName(Lorg/codehaus/janino/Location;Ljava/lang/String;)Lorg/codehaus/janino/IClass; >"	7	13
"< Application, Lorg/codehaus/janino/JavaSourceClassLoader, main([Ljava/lang/String;)V >"	131	171
"< Application, Lorg/codehaus/janino/UnitCompiler$10, visitBinaryOperation(Lorg/codehaus/janino/Java$BinaryOperation;)V >"	5	9
"< Application, Lorg/codehaus/janino/util/CausedException, <clinit>()V >"	19	21
"< Application, Lorg/dacapo/parser/ConfigFile, main([Ljava/lang/String;)V >"	7	27
"< Application, Lorg/codehaus/janino/UnitCompiler$16, visitNewInitializedArray(Lorg/codehaus/janino/Java$NewInitializedArray;)V >"	5	9
"< Application, Lorg/codehaus/janino/UnitCompiler, assignSyntheticParametersToSyntheticFields(Lorg/codehaus/janino/Java$ConstructorDeclarator;)V >"	38	46
"< Application, Lorg/sunflow/core/primitive/TriangleMesh$1, <clinit>()V >"	27	33
"< Application, Lorg/codehaus/janino/UnitCompiler$6, visitForStatement(Lorg/codehaus/janino/Java$ForStatement;)V >"	4	7
"< Application, Lorg/dacapo/harness/ChordHarness, main([Ljava/lang/String;)V >"	19	28
"< Application, Lorg/sunflow/system/SearchPath, addSearchPath(Ljava/lang/String;)V >"	26	20
"< Application, Lorg/codehaus/janino/UnitCompiler$7, visitThisReference(Lorg/codehaus/janino/Java$ThisReference;)V >"	3	6
"< Application, LSunflowGUI, tileWindowMenuItemActionPerformed(Ljava/awt/event/ActionEvent;)V >"	42	20
"< Application, Lorg/sunflow/core/ParameterList$1, <clinit>()V >"	33	41
"< Application, Lorg/dacapo/harness/Benchmark, validate(Ljava/lang/String;)Z >"	107	153
"< Application, Lorg/codehaus/janino/UnitCompiler$8, visitBinaryOperation(Lorg/codehaus/janino/Java$BinaryOperation;)V >"	5	8
"< Application, Lorg/dacapo/harness/DacapoClassLoader, loadClass(Ljava/lang/String;Z)Ljava/lang/Class; >"	4	10
"< Application, Lorg/codehaus/janino/UnitCompiler$16, visitSuperclassFieldAccessExpression(Lorg/codehaus/janino/Java$SuperclassFieldAccessExpression;)V >"	5	9
"< Application, Lorg/dacapo/harness/Sunflow, validate(Ljava/lang/String;)Z >"	19	15
"< Application, LMMTkHarness, harnessBegin()V >"	4	9
"< Application, Lorg/codehaus/janino/ScriptEvaluator, createFastEvaluator(Lorg/codehaus/janino/ScriptEvaluator;Lorg/codehaus/janino/Scanner;[Ljava/lang/String;Ljava/lang/Class;)Ljava/lang/Object; >"	39	41
"< Application, Lorg/codehaus/janino/samples/ClassBodyDemo, class$(Ljava/lang/String;)Ljava/lang/Class; >"	2	5
"< Application, Lorg/codehaus/janino/UnitCompiler$4, visitSwitchStatement(Lorg/codehaus/janino/Java$SwitchStatement;)V >"	5	9
"< Application, Lorg/codehaus/janino/UnitCompiler$9, visitArrayAccessExpression(Lorg/codehaus/janino/Java$ArrayAccessExpression;)V >"	5	9
"< Application, Lorg/codehaus/janino/ReflectionIClass, classToIClass(Ljava/lang/Class;)Lorg/codehaus/janino/IClass; >"	5	11
"< Application, Lorg/codehaus/janino/UnitCompiler$15, visitFieldAccessExpression(Lorg/codehaus/janino/Java$FieldAccessExpression;)V >"	3	6
"< Application, Lorg/codehaus/janino/UnitCompiler, compileArithmeticOperation(Lorg/codehaus/janino/Java$Locatable;Lorg/codehaus/janino/IClass;Ljava/util/Iterator;Ljava/lang/String;)Lorg/codehaus/janino/IClass; >"	65	245
"< Application, Lorg/apache/commons/cli/CommandLine, getOptionObject(Ljava/lang/String;)Ljava/lang/Object; >"	2	6
"< Application, Lorg/codehaus/janino/JavaSourceIClassLoader, findIClass(Ljava/lang/String;)Lorg/codehaus/janino/IClass; >"	74	125
"< Application, Lorg/sunflow/core/primitive/TriangleMesh$1, <clinit>()V >"	9	10
"< Application, Lorg/codehaus/janino/UnitCompiler$16, visitNewClassInstance(Lorg/codehaus/janino/Java$NewClassInstance;)V >"	5	9
"< Application, Lorg/codehaus/janino/UnitCompiler, compileArithmeticOperation(Lorg/codehaus/janino/Java$Locatable;Lorg/codehaus/janino/IClass;Ljava/util/Iterator;Ljava/lang/String;)Lorg/codehaus/janino/IClass; >"	179	96
"< Application, Lorg/codehaus/janino/UnicodeUnescapeReader, read()I >"	40	35
"< Application, Lorg/codehaus/janino/ResourceFinderIClassLoader, findIClass(Ljava/lang/String;)Lorg/codehaus/janino/IClass; >"	46	47
"< Application, Lorg/dacapo/parser/ConfigFileTokenManager, jjMoveStringLiteralDfa1_2(J)I >"	4	7
"< Application, LSunflowGUI$24, run()V >"	46	63
"< Application, Lorg/codehaus/janino/DebuggingInformation, class$(Ljava/lang/String;)Ljava/lang/Class; >"	2	5
"< Application, LMMTkHarness, <init>()V >"	10	8
"< Application, Lorg/sunflow/core/parser/SCParser, parseObjectBlock(Lorg/sunflow/SunflowAPI;)V >"	513	444
"< Application, Lorg/codehaus/janino/UnitCompiler$16, visitParenthesizedExpression(Lorg/codehaus/janino/Java$ParenthesizedExpression;)V >"	5	9
"< Application, Lorg/codehaus/janino/UnitCompiler$7, visitParameterAccess(Lorg/codehaus/janino/Java$ParameterAccess;)V >"	3	6
"< Application, Lorg/dacapo/harness/Benchmark, validate(Ljava/lang/String;)Z >"	116	166
"< Application, LSunflowGUI$SceneTransferHandler, importData(Ljavax/swing/JComponent;Ljava/awt/datatransfer/Transferable;)Z >"	28	37
"< Application, Lorg/codehaus/janino/UnitCompiler$7, visitAssignment(Lorg/codehaus/janino/Java$Assignment;)V >"	3	6
"< Application, Lorg/codehaus/janino/ClassFileIClass, resolveClasses([S)[Lorg/codehaus/janino/IClass; >"	7	14
"< Application, Lorg/codehaus/janino/tools/JGrep, parseCompilationUnit(Ljava/io/File;Ljava/lang/String;)Lorg/codehaus/janino/Java$CompilationUnit; >"	38	40
"< Application, Lorg/dacapo/harness/TeeOutputStream, closeLog()V >"	5	6
"< Application, Lorg/sunflow/core/primitive/TriangleMesh, writeObj(Ljava/lang/String;)V >"	57	67
"< Application, Lorg/sunflow/RenderObjectMap$1, <clinit>()V >"	33	41
"< Application, Lorg/sunflow/image/Bitmap, savePNG(Ljava/lang/String;)V >"	33	37
"< Application, Lorg/apache/commons/cli/OptionBuilder, create(Ljava/lang/String;)Lorg/apache/commons/cli/Option; >"	19	21
"< Application, Lorg/codehaus/janino/tools/JGrep$5, traverseSuperclassMethodInvocation(Lorg/codehaus/janino/Java$SuperclassMethodInvocation;)V >"	4	8
"< Application, Lorg/codehaus/janino/UnitCompiler$8, visitInstanceof(Lorg/codehaus/janino/Java$Instanceof;)V >"	5	8
"< Application, Lorg/codehaus/janino/UnitCompiler$16, visitFieldAccess(Lorg/codehaus/janino/Java$FieldAccess;)V >"	5	9
"< Application, Lorg/codehaus/janino/UnitCompiler$4, visitContinueStatement(Lorg/codehaus/janino/Java$ContinueStatement;)V >"	5	9
"< Application, Lorg/codehaus/janino/UnitCompiler$10, visitSuperclassMethodInvocation(Lorg/codehaus/janino/Java$SuperclassMethodInvocation;)V >"	5	9
"< Application, Lorg/codehaus/janino/samples/DeclarationCounter, main([Ljava/lang/String;)V >"	13	62
"< Application, Lorg/codehaus/janino/util/ResourceFinderClassLoader, findClass(Ljava/lang/String;)Ljava/lang/Class; >"	40	67
"< Application, Lorg/sunflow/core/accel/KDTree, build(Lorg/sunflow/core/PrimitiveList;)V >"	248	290
"< Application, Lorg/sunflow/core/ParameterList$1, <clinit>()V >"	27	33
"< Application, Lorg/codehaus/janino/IClass$IConstructor, toString()Ljava/lang/String; >"	17	14
"< Application, Lorg/codehaus/janino/UnitCompiler$10, visitNewAnonymousClassInstance(Lorg/codehaus/janino/Java$NewAnonymousClassInstance;)V >"	5	9
"< Application, Lorg/codehaus/janino/UnitCompiler$7, visitArrayAccessExpression(Lorg/codehaus/janino/Java$ArrayAccessExpression;)V >"	3	6
"< Application, Lorg/codehaus/janino/UnitCompiler$4, visitSuperConstructorInvocation(Lorg/codehaus/janino/Java$SuperConstructorInvocation;)V >"	5	9
"< Application, Lorg/dacapo/parser/ConfigFileTokenManager, jjMoveNfa_0(II)I >"	255	204
"< Application, Lorg/codehaus/janino/UnitCompiler$8, visitAssignment(Lorg/codehaus/janino/Java$Assignment;)V >"	5	8
"< Application, Lorg/codehaus/janino/util/ResourceFinderClassLoader, findClass(Ljava/lang/String;)Ljava/lang/Class; >"	59	69
"< Application, Lorg/codehaus/janino/tools/JGrep, class$(Ljava/lang/String;)Ljava/lang/Class; >"	2	5
"< Application, Lorg/dacapo/parser/ConfigFileTokenManager, jjStartNfaWithStates_0(III)I >"	6	9
"< Application, Lorg/codehaus/janino/UnitCompiler$10, visitInstanceof(Lorg/codehaus/janino/Java$Instanceof;)V >"	5	9
"< Application, Lorg/codehaus/janino/UnitCompiler$12, visitParenthesizedExpression(Lorg/codehaus/janino/Java$ParenthesizedExpression;)V >"	5	9
"< Application, Lorg/codehaus/janino/UnitCompiler$8, visitConditionalExpression(Lorg/codehaus/janino/Java$ConditionalExpression;)V >"	5	8
"< Application, Lorg/codehaus/janino/ScriptEvaluator, cook([Ljava/lang/String;)V >"	13	15
"< Application, Lorg/codehaus/janino/UnitCompiler$11, visitAmbiguousName(Lorg/codehaus/janino/Java$AmbiguousName;)V >"	5	9
"< Application, Lorg/codehaus/janino/UnitCompiler$3, visitMemberClassDeclaration(Lorg/codehaus/janino/Java$MemberClassDeclaration;)V >"	3	6
"< Application, Lorg/codehaus/janino/Compiler, storeClassFile(Lorg/codehaus/janino/util/ClassFile;Ljava/io/File;)V >"	15	20
"< Application, Lorg/codehaus/janino/UnitCompiler$8, visitMethodInvocation(Lorg/codehaus/janino/Java$MethodInvocation;)V >"	5	8
"< Application, Lorg/codehaus/janino/UnitCompiler$8, visitLiteral(Lorg/codehaus/janino/Java$Literal;)V >"	5	8
"< Application, Lorg/codehaus/janino/UnitCompiler$7, visitQualifiedThisReference(Lorg/codehaus/janino/Java$QualifiedThisReference;)V >"	3	6
"< Application, Lorg/dacapo/harness/CommandLineArgs, <init>([Ljava/lang/String;)V >"	54	79
"< Application, Lorg/codehaus/janino/ResourceFinderIClassLoader, findIClass(Ljava/lang/String;)Lorg/codehaus/janino/IClass; >"	33	45
"< Application, Lorg/sunflow/core/parser/SCParser, parse(Ljava/lang/String;Lorg/sunflow/SunflowAPI;)Z >"	196	225
"< Application, Lorg/codehaus/janino/UnitCompiler$7, visitMethodInvocation(Lorg/codehaus/janino/Java$MethodInvocation;)V >"	3	6
"< Application, Lorg/codehaus/janino/tools/HprofScrubber, main([Ljava/lang/String;)V >"	112	153
"< Application, Lorg/dacapo/harness/Benchmark, enableValidationReport(Ljava/lang/String;)V >"	9	8
"< Application, Lorg/codehaus/janino/UnitCompiler$16, visitFieldAccessExpression(Lorg/codehaus/janino/Java$FieldAccessExpression;)V >"	5	9
"< Application, Lorg/codehaus/janino/UnitCompiler$10, visitArrayAccessExpression(Lorg/codehaus/janino/Java$ArrayAccessExpression;)V >"	5	9
"< Application, Lorg/codehaus/janino/UnitCompiler, compileGet(Lorg/codehaus/janino/Java$Rvalue;)Lorg/codehaus/janino/IClass; >"	6	9
"< Application, Lorg/codehaus/janino/UnitCompiler$7, visitLocalVariableAccess(Lorg/codehaus/janino/Java$LocalVariableAccess;)V >"	3	6
"< Application, Lorg/codehaus/janino/UnitCompiler, compile2(Lorg/codehaus/janino/Java$TryStatement;)Z >"	68	129
"< Application, Lorg/codehaus/janino/Cookable, cookFile(Ljava/io/File;Ljava/lang/String;)V >"	9	13
"< Application, LSunflowGUI$24, run()V >"	18	26
"< Application, Lorg/sunflow/core/renderer/ProgressiveRenderer$SmallBucketThread, run()V >"	20	25
"< Application, Lorg/codehaus/janino/Compiler$CompilerIClassLoader, defineIClassFromSourceResource(Lorg/codehaus/janino/util/resource/Resource;Ljava/lang/String;)Lorg/codehaus/janino/IClass; >"	22	30
"< Application, Lorg/codehaus/janino/UnitCompiler$16, visitUnaryOperation(Lorg/codehaus/janino/Java$UnaryOperation;)V >"	5	9
"< Application, Lorg/codehaus/janino/UnitCompiler$16, visitBinaryOperation(Lorg/codehaus/janino/Java$BinaryOperation;)V >"	5	9
"< Application, Lorg/dacapo/parser/Config$1, <clinit>()V >"	15	17
"< Application, Lorg/codehaus/janino/UnitCompiler$4, visitBreakStatement(Lorg/codehaus/janino/Java$BreakStatement;)V >"	5	9
"< Application, Lorg/codehaus/janino/UnitCompiler$16, visitAmbiguousName(Lorg/codehaus/janino/Java$AmbiguousName;)V >"	5	9
"< Application, Lorg/dacapo/harness/ChordHarness, findClass()Ljava/lang/Class; >"	4	7
"< Application, Lorg/sunflow/core/tesselatable/Gumbo, main([Ljava/lang/String;)V >"	108	139
"< Application, Lorg/sunflow/core/primitive/QuadMesh$1, <clinit>()V >"	21	25
"< Application, LSunflowGUI, main([Ljava/lang/String;)V >"	417	468
"< Application, Lorg/dacapo/harness/Benchmark, validate(Ljava/lang/String;)Z >"	51	73
"< Application, Lorg/codehaus/janino/tools/JGrep, jGrep(Ljava/util/Iterator;Ljava/util/List;)V >"	47	82
"< Application, Lorg/codehaus/janino/UnitCompiler$8, visitParameterAccess(Lorg/codehaus/janino/Java$ParameterAccess;)V >"	5	8
"< Application, Lorg/codehaus/janino/UnitCompiler$9, visitFieldAccess(Lorg/codehaus/janino/Java$FieldAccess;)V >"	5	9
"< Application, Lorg/sunflow/core/tesselatable/FileMesh, tesselate()Lorg/sunflow/core/PrimitiveList; >"	63	351
"< Application, Lorg/codehaus/janino/ClassFileIClass, getDeclaringIClass2()Lorg/codehaus/janino/IClass; >"	19	24
"< Application, Lorg/codehaus/janino/ClassLoaderIClassLoader, findIClass(Ljava/lang/String;)Lorg/codehaus/janino/IClass; >"	4	10
"< Application, Lorg/codehaus/janino/IClassLoader, postConstruct()V >"	33	51
"< Application, Lorg/codehaus/janino/CachingJavaSourceClassLoader, readResource(Lorg/codehaus/janino/util/resource/Resource;)[B >"	17	16
"< Application, Lorg/sunflow/core/ParameterList$1, <clinit>()V >"	9	10
"< Application, Lorg/codehaus/janino/tools/JGrep, parseCompilationUnit(Ljava/io/File;Ljava/lang/String;)Lorg/codehaus/janino/Java$CompilationUnit; >"	23	38
"< Application, Lorg/codehaus/janino/util/ResourceFinderClassLoader, findClass(Ljava/lang/String;)Ljava/lang/Class; >"	55	54
"< Application, Lorg/dacapo/parser/ConfigFileTokenManager, jjMoveStringLiteralDfa3_0(JJ)I >"	9	12
"< Application, Lorg/codehaus/janino/Compiler$CompilerIClassLoader, defineIClassFromSourceResource(Lorg/codehaus/janino/util/resource/Resource;Ljava/lang/String;)Lorg/codehaus/janino/IClass; >"	40	57
"< Application, Lorg/codehaus/janino/UnitCompiler$10, visitNewInitializedArray(Lorg/codehaus/janino/Java$NewInitializedArray;)V >"	5	9
"< Application, Lorg/codehaus/janino/tools/Disassembler, disasm(Ljava/io/File;)V >"	11	12
"< Application, Lorg/sunflow/core/renderer/ProgressiveRenderer, render(Lorg/sunflow/core/Display;)V >"	54	49
"< Application, Lorg/dacapo/harness/FileDigest, main([Ljava/lang/String;)V >"	58	75
"< Application, Lorg/codehaus/janino/tools/HprofScrubber, main([Ljava/lang/String;)V >"	108	149
"< Application, Lorg/dacapo/parser/ConfigFileTokenManager, getNextToken()Lorg/dacapo/parser/Token; >"	160	128
"< Application, Lorg/codehaus/janino/UnitCompiler$8, visitNewClassInstance(Lorg/codehaus/janino/Java$NewClassInstance;)V >"	5	8
"< Application, Lorg/dacapo/parser/ConfigFile, ReInit(Ljava/io/InputStream;Ljava/lang/String;)V >"	3	8
"< Application, Lorg/dacapo/parser/ConfigFileTokenManager, jjMoveStringLiteralDfa5_0(JJ)I >"	9	12
"< Application, Lorg/codehaus/janino/JavaSourceClassLoader, main([Ljava/lang/String;)V >"	154	199
"< Application, Lorg/sunflow/core/parser/RA3Parser, parse(Ljava/lang/String;Lorg/sunflow/SunflowAPI;)Z >"	87	67
"< Application, Lorg/codehaus/janino/Compiler$CompilerIClassLoader, defineIClassFromClassFileResource(Lorg/codehaus/janino/util/resource/Resource;)Lorg/codehaus/janino/IClass; >"	49	43
"< Application, Lorg/codehaus/janino/JavaSourceClassLoader, generateBytecodes(Ljava/lang/String;)Ljava/util/Map; >"	19	41
"< Application, Lorg/dacapo/parser/Config$1, <clinit>()V >"	21	25
"< Application, Lorg/dacapo/harness/Sunflow, validate(Ljava/lang/String;)Z >"	14	18
"< Application, Lorg/codehaus/janino/Scanner, stringToFloatLiteralToken(Ljava/lang/String;)Lorg/codehaus/janino/Scanner$LiteralToken; >"	2	6
"< Application, Lorg/codehaus/janino/UnitCompiler$11, visitFieldAccess(Lorg/codehaus/janino/Java$FieldAccess;)V >"	5	9
"< Application, Lorg/codehaus/janino/JavaSourceIClassLoader, findIClass(Ljava/lang/String;)Lorg/codehaus/janino/IClass; >"	83	112
"< Application, Lorg/codehaus/janino/UnitCompiler$7, visitFieldAccessExpression(Lorg/codehaus/janino/Java$FieldAccessExpression;)V >"	3	6
"< Application, Lorg/sunflow/core/photonmap/GridPhotonMap, store(Lorg/sunflow/core/ShadingState;Lorg/sunflow/math/Vector3;Lorg/sunflow/image/Color;Lorg/sunflow/image/Color;)V >"	114	121
"< Application, Lorg/sunflow/RenderObjectMap$1, <clinit>()V >"	27	33
"< Application, Lorg/codehaus/janino/util/ClassFile$ConstantUtf8Info, store(Ljava/io/DataOutputStream;)V >"	4	8
"< Application, Lorg/codehaus/janino/tools/JGrep, jGrep(Ljava/util/Iterator;Ljava/util/List;)V >"	42	80
"< Application, Lorg/codehaus/janino/Compiler, storeClassFile(Lorg/codehaus/janino/util/ClassFile;Ljava/io/File;)V >"	12	18
"< Application, Lorg/codehaus/janino/UnitCompiler$8, visitNewAnonymousClassInstance(Lorg/codehaus/janino/Java$NewAnonymousClassInstance;)V >"	5	8
"< Application, Lorg/codehaus/janino/UnitCompiler$8, visitAmbiguousName(Lorg/codehaus/janino/Java$AmbiguousName;)V >"	5	8
"< Application, Lorg/sunflow/core/primitive/TriangleMesh$1, <clinit>()V >"	15	17
"< Application, Lorg/codehaus/janino/CachingJavaSourceClassLoader, writeResource(Lorg/codehaus/janino/util/resource/ResourceCreator;Ljava/lang/String;[B)V >"	14	11
"< Application, Lorg/codehaus/janino/UnitCompiler$15, visitArrayAccessExpression(Lorg/codehaus/janino/Java$ArrayAccessExpression;)V >"	3	6
"< Application, Lorg/sunflow/Benchmark, <init>(IZZZI)V >"	60	33
"< Application, Lorg/codehaus/janino/JavaSourceIClassLoader, findIClass(Ljava/lang/String;)Lorg/codehaus/janino/IClass; >"	92	101
"< Application, Lorg/dacapo/parser/ConfigFileTokenManager, jjMoveStringLiteralDfa6_0(JJ)I >"	9	12
"< Application, Lorg/codehaus/janino/UnitCompiler$3, visitAnonymousClassDeclaration(Lorg/codehaus/janino/Java$AnonymousClassDeclaration;)V >"	3	6
"< Application, Lorg/codehaus/janino/UnitCompiler$10, visitThisReference(Lorg/codehaus/janino/Java$ThisReference;)V >"	5	9
"< Application, Lorg/codehaus/janino/UnitCompiler$4, visitExpressionStatement(Lorg/codehaus/janino/Java$ExpressionStatement;)V >"	5	9
"< Application, Lorg/codehaus/janino/Compiler, compile([Lorg/codehaus/janino/util/resource/Resource;)Z >"	56	110
"< Application, Lorg/apache/commons/cli/TypeHandler, createURL(Ljava/lang/String;)Ljava/net/URL; >"	3	5
"< Application, Lorg/sunflow/core/primitive/QuadMesh, writeObj(Ljava/lang/String;)V >"	63	74
"< Application, Lorg/codehaus/janino/tools/Disassembler, disasm(Ljava/io/File;)V >"	5	7
"< Application, Lorg/codehaus/janino/UnitCompiler$12, visitLiteral(Lorg/codehaus/janino/Java$Literal;)V >"	5	9
"< Application, Lorg/codehaus/janino/UnitCompiler, compile2(Lorg/codehaus/janino/Java$TryStatement;)Z >"	109	120
"< Application, Lorg/dacapo/parser/ConfigFileTokenManager, jjMoveStringLiteralDfa9_0(JJ)I >"	9	12
"< Application, Lorg/codehaus/janino/UnitCompiler$8, visitFieldAccess(Lorg/codehaus/janino/Java$FieldAccess;)V >"	5	8
"< Application, Lorg/codehaus/janino/UnitCompiler, isType(Lorg/codehaus/janino/Java$Atom;)Z >"	6	9
"< Application, Lorg/sunflow/core/gi/InstantGI$PointLightStore, store(Lorg/sunflow/core/ShadingState;Lorg/sunflow/math/Vector3;Lorg/sunflow/image/Color;Lorg/sunflow/image/Color;)V >"	13	18
"< Application, Lorg/codehaus/janino/CachingJavaSourceClassLoader, readResource(Lorg/codehaus/janino/util/resource/Resource;)[B >"	10	20
"< Application, Lorg/codehaus/janino/UnitCompiler$4, visitTryStatement(Lorg/codehaus/janino/Java$TryStatement;)V >"	5	9
"< Application, Lorg/codehaus/janino/UnitCompiler$7, visitArrayLength(Lorg/codehaus/janino/Java$ArrayLength;)V >"	3	6
"< Application, Lorg/codehaus/janino/UnitCompiler$8, visitArrayLength(Lorg/codehaus/janino/Java$ArrayLength;)V >"	5	8
"< Application, Lorg/codehaus/janino/ReflectionIClass, class$(Ljava/lang/String;)Ljava/lang/Class; >"	2	5
"< Application, Lorg/codehaus/janino/IClass$IMethod, toString()Ljava/lang/String; >"	28	37
"< Application, Lorg/dacapo/harness/TestHarness, main([Ljava/lang/String;)V >"	83	118
"< Application, Lorg/sunflow/core/display/ImgPipeDisplay, imageUpdate(IIII[Lorg/sunflow/image/Color;)V >"	56	69
"< Application, Lorg/codehaus/janino/util/CausedException, initCause(Ljava/lang/Throwable;)Ljava/lang/Throwable; >"	17	12
"< Application, Lorg/codehaus/janino/UnitCompiler$10, visitFieldAccess(Lorg/codehaus/janino/Java$FieldAccess;)V >"	5	9
"< Application, LSunflowGUI, openFile(Ljava/lang/String;)V >"	25	70
"< Application, Lorg/codehaus/janino/UnitCompiler, declareClassDollarMethod(Lorg/codehaus/janino/Java$ClassLiteral;)V >"	26	33
"< Application, Lorg/sunflow/util/FastHashMap$EntryIterator, next()Lorg/sunflow/util/FastHashMap$Entry; >"	6	8
"< Application, Lorg/apache/commons/cli/TypeHandler, createObject(Ljava/lang/String;)Ljava/lang/Object; >"	2	6
"< Application, Lorg/sunflow/system/Parser, getNextCodeBlock()Ljava/lang/String; >"	7	34
"< Application, Lorg/codehaus/janino/UnitCompiler$16, visitPackage(Lorg/codehaus/janino/Java$Package;)V >"	5	9
"< Application, Lorg/codehaus/janino/tools/HprofScrubber, main([Ljava/lang/String;)V >"	102	151
"< Application, Lorg/sunflow/core/parser/ShaveRibParser, parse(Ljava/lang/String;Lorg/sunflow/SunflowAPI;)Z >"	168	197
"< Application, Lorg/dacapo/harness/ChordHarness, main([Ljava/lang/String;)V >"	83	118
"< Application, Lorg/dacapo/harness/SunflowHarness, validate(Ljava/lang/String;)Z >"	6	9
"< Application, Lorg/codehaus/janino/UnitCompiler$7, visitSuperclassMethodInvocation(Lorg/codehaus/janino/Java$SuperclassMethodInvocation;)V >"	3	6
"< Application, Lorg/sunflow/system/RenderGlobalsPanel, initGUI()V >"	211	242
"< Application, Lorg/codehaus/janino/tools/JGrep, main([Ljava/lang/String;)V >"	115	216
"< Application, Lorg/sunflow/image/Bitmap, saveHDR(Ljava/lang/String;)V >"	55	76
"< Application, Lorg/codehaus/janino/UnitCompiler$8, visitSuperclassFieldAccessExpression(Lorg/codehaus/janino/Java$SuperclassFieldAccessExpression;)V >"	5	8
"< Application, Lorg/sunflow/SunflowAPI, compile(Ljava/lang/String;)Lorg/sunflow/SunflowAPI; >"	25	30
"< Application, Lorg/codehaus/janino/Compiler$CompilerIClassLoader, defineIClassFromClassFileResource(Lorg/codehaus/janino/util/resource/Resource;)Lorg/codehaus/janino/IClass; >"	28	40
"< Application, Lorg/codehaus/janino/ScriptEvaluator, cook([Lorg/codehaus/janino/Scanner;)V >"	140	148
"< Application, Lorg/codehaus/janino/UnitCompiler$4, visitDoStatement(Lorg/codehaus/janino/Java$DoStatement;)V >"	5	9
"< Application, Lorg/sunflow/core/ParameterList$1, <clinit>()V >"	79	99
"< Application, Lorg/dacapo/parser/ConfigFileTokenManager, getNextToken()Lorg/dacapo/parser/Token; >"	5	113
"< Application, Lorg/codehaus/janino/tools/Disassembler, disasm(Ljava/io/File;)V >"	15	10
"< Application, Lorg/codehaus/janino/IClass$IMethod, toString()Ljava/lang/String; >"	6	7
"< Application, Lorg/codehaus/janino/UnitCompiler$15, visitFieldAccess(Lorg/codehaus/janino/Java$FieldAccess;)V >"	3	6
"< Application, Lorg/codehaus/janino/UnitCompiler$8, visitThisReference(Lorg/codehaus/janino/Java$ThisReference;)V >"	5	8
"< Application, Lorg/codehaus/janino/UnitCompiler, fakeCompile(Lorg/codehaus/janino/Java$Rvalue;)V >"	6	12
"< Application, Lorg/dacapo/harness/TestHarness, findClass()Ljava/lang/Class; >"	4	7
"< Application, Lorg/codehaus/janino/SimpleCompiler$AuxiliaryClassLoader, addAuxiliaryClass(Ljava/lang/Class;)V >"	17	28
"< Application, Lorg/codehaus/janino/JavaSourceIClassLoader, findIClass(Ljava/lang/String;)Lorg/codehaus/janino/IClass; >"	112	52
"< Application, Lorg/dacapo/harness/Benchmark, run(Lorg/dacapo/harness/Callback;Ljava/lang/String;)Z >"	25	27
"< Application, Lorg/sunflow/core/primitive/QuadMesh$1, <clinit>()V >"	27	33
"< Application, Lorg/codehaus/janino/ResourceFinderIClassLoader, findIClass(Ljava/lang/String;)Lorg/codehaus/janino/IClass; >"	42	49
"< Application, Lorg/dacapo/harness/TestHarness, main([Ljava/lang/String;)V >"	19	28
"< Application, LSunflowGUI, saveCurrentFile(Ljava/lang/String;)V >"	15	12
"< Application, Lorg/dacapo/harness/Benchmark, validate(Ljava/lang/String;)Z >"	164	234
"< Application, Lorg/codehaus/janino/CachingJavaSourceClassLoader, writeResource(Lorg/codehaus/janino/util/resource/ResourceCreator;Ljava/lang/String;[B)V >"	10	13
"< Application, Lorg/codehaus/janino/Access, class$(Ljava/lang/String;)Ljava/lang/Class; >"	2	5
"< Application, Lorg/codehaus/janino/UnitCompiler$3, visitPackageMemberClassDeclaration(Lorg/codehaus/janino/Java$PackageMemberClassDeclaration;)V >"	3	6
"< Application, Lorg/codehaus/janino/UnitCompiler$7, visitSuperclassFieldAccessExpression(Lorg/codehaus/janino/Java$SuperclassFieldAccessExpression;)V >"	3	6
"< Application, Lorg/sunflow/core/tesselatable/FileMesh, tesselate()Lorg/sunflow/core/PrimitiveList; >"	191	249
"< Application, Lorg/codehaus/janino/UnitCompiler, compile(Lorg/codehaus/janino/Java$Rvalue;)V >"	4	7
"< Application, Lorg/codehaus/janino/Compiler, class$(Ljava/lang/String;)Ljava/lang/Class; >"	2	5
"< Application, Lorg/codehaus/janino/UnitCompiler$10, visitFieldAccessExpression(Lorg/codehaus/janino/Java$FieldAccessExpression;)V >"	5	9
"< Application, Lorg/sunflow/core/ParameterList$1, <clinit>()V >"	57	73
"< Application, Lorg/codehaus/janino/tools/JGrep, jGrep(Ljava/util/Iterator;Ljava/util/List;)V >"	54	85
"< Application, Lorg/apache/commons/cli/Option, clone()Ljava/lang/Object; >"	7	5
"< Application, Lorg/sunflow/core/tesselatable/FileMesh, tesselate()Lorg/sunflow/core/PrimitiveList; >"	295	130
"< Application, Lorg/codehaus/janino/UnitCompiler$10, visitClassLiteral(Lorg/codehaus/janino/Java$ClassLiteral;)V >"	5	9
"< Application, Lorg/codehaus/janino/UnitCompiler, generatesCode(Lorg/codehaus/janino/Java$BlockStatement;)Z >"	6	9
"< Application, Lorg/codehaus/janino/UnitCompiler, compile2(Lorg/codehaus/janino/Java$Block;)Z >"	20	26
"< Application, Lorg/sunflow/core/photonmap/CausticPhotonMap, store(Lorg/sunflow/core/ShadingState;Lorg/sunflow/math/Vector3;Lorg/sunflow/image/Color;Lorg/sunflow/image/Color;)V >"	28	36
"< Application, Lorg/codehaus/janino/UnitCompiler$16, visitNewArray(Lorg/codehaus/janino/Java$NewArray;)V >"	5	9
"< Application, Lorg/dacapo/harness/ChordHarness, main([Ljava/lang/String;)V >"	54	80
"< Application, Lorg/dacapo/harness/LatexDescriptions, main([Ljava/lang/String;)V >"	3	5
"< Application, Lorg/codehaus/janino/util/ResourceFinderClassLoader, findClass(Ljava/lang/String;)Ljava/lang/Class; >"	29	40
"< Application, Lorg/codehaus/janino/Compiler, storeClassFile(Lorg/codehaus/janino/util/ClassFile;Ljava/io/File;)V >"	37	41
"< Application, Lorg/codehaus/janino/UnitCompiler$7, visitConditionalExpression(Lorg/codehaus/janino/Java$ConditionalExpression;)V >"	3	6
"< Application, Lorg/dacapo/parser/Config, parse(Ljava/io/File;)Lorg/dacapo/parser/Config; >"	4	5
"< Application, Lorg/codehaus/janino/UnitCompiler$11, visitUnaryOperation(Lorg/codehaus/janino/Java$UnaryOperation;)V >"	5	9
"< Application, Lorg/codehaus/janino/UnitCompiler$10, visitCast(Lorg/codehaus/janino/Java$Cast;)V >"	5	9
"< Application, Lorg/codehaus/janino/Compiler$CompilerIClassLoader, defineIClassFromClassFileResource(Lorg/codehaus/janino/util/resource/Resource;)Lorg/codehaus/janino/IClass; >"	37	55
"< Application, Lorg/codehaus/janino/UnitCompiler, compileSet(Lorg/codehaus/janino/Java$Lvalue;)V >"	4	7
"< Application, Lorg/codehaus/janino/UnitCompiler$10, visitParenthesizedExpression(Lorg/codehaus/janino/Java$ParenthesizedExpression;)V >"	5	9
"< Application, Lorg/codehaus/janino/ClassFileIClass, getSuperclass2()Lorg/codehaus/janino/IClass; >"	8	10
"< Application, Lorg/sunflow/SunflowAPI, create(Ljava/lang/String;I)Lorg/sunflow/SunflowAPI; >"	28	62
"< Application, Lorg/codehaus/janino/UnitCompiler$6, visitBlock(Lorg/codehaus/janino/Java$Block;)V >"	4	7
"< Application, Lorg/sunflow/core/ParameterList$1, <clinit>()V >"	67	85
"< Application, Lorg/dacapo/harness/Benchmark, validate(Ljava/lang/String;)Z >"	49	71
"< Application, Lorg/sunflow/core/parser/SCParser, parse(Ljava/lang/String;Lorg/sunflow/SunflowAPI;)Z >"	189	231
"< Application, Lorg/codehaus/janino/UnitCompiler$11, visitLiteral(Lorg/codehaus/janino/Java$Literal;)V >"	5	9
"< Application, Lorg/codehaus/janino/ClassBodyEvaluator, createFastClassBodyEvaluator(Lorg/codehaus/janino/Scanner;Ljava/lang/String;Ljava/lang/Class;[Ljava/lang/Class;Ljava/lang/ClassLoader;)Ljava/lang/Object; >"	9	13
"< Application, Lorg/codehaus/janino/UnitCompiler$7, visitLiteral(Lorg/codehaus/janino/Java$Literal;)V >"	3	6
"< Application, Lorg/codehaus/janino/Cookable, cook(Ljava/lang/String;)V >"	4	7
"< Application, Lorg/dacapo/harness/Sunflow, preIteration(Ljava/lang/String;)V >"	28	40
"< Application, Lorg/sunflow/RenderObjectMap$1, <clinit>()V >"	15	17
"< Application, Lorg/codehaus/janino/UnitCompiler$10, visitNewArray(Lorg/codehaus/janino/Java$NewArray;)V >"	5	9
"< Application, Lorg/sunflow/core/parser/ShaveRibParser, parse(Ljava/lang/String;Lorg/sunflow/SunflowAPI;)Z >"	161	209
"< Application, Lorg/sunflow/core/parser/TriParser, parse(Ljava/lang/String;Lorg/sunflow/SunflowAPI;)Z >"	110	148
"< Application, Lorg/codehaus/janino/UnitCompiler$1, visitSingleTypeImportDeclaration(Lorg/codehaus/janino/Java$CompilationUnit$SingleTypeImportDeclaration;)V >"	3	6
