"< Application, Lorg/dacapo/harness/ChordHarness, main([Ljava/lang/String;)V >"	36	57	java_type_ref("<Application,Lorg/dacapo/harness/ChordHarness>")
"< Application, Lorg/sunflow/util/FastHashMap, <clinit>()V >"	0	2	java_type_ref("<Application,Lorg/sunflow/util/FastHashMap>")
"< Application, Lorg/dacapo/harness/TestHarness, runBenchmark(Ljava/io/File;Ljava/lang/String;Lorg/dacapo/harness/TestHarness;)V >"	11	21	java_type_ref("<Primordial,Ljava/io/File>")
"< Application, Lorg/sunflow/core/parser/SCParser, parseObjectBlock(Lorg/sunflow/SunflowAPI;)V >"	495	417	java_type_ref("<Application,Lorg/sunflow/core/Tesselatable>")
"< Application, Lorg/apache/commons/cli/PatternOptionBuilder, <clinit>()V >"	10	7	java_type_ref("<Primordial,Ljava/io/FileInputStream>")
"< Application, Lorg/sunflow/RenderObjectMap$RenderObjectType, valueOf(Ljava/lang/String;)Lorg/sunflow/RenderObjectMap$RenderObjectType; >"	0	3	java_type_ref("<Application,Lorg/sunflow/RenderObjectMap$RenderObjectType>")
"< Application, Lorg/dacapo/harness/LatexDescriptions, print([Ljava/lang/String;Ljava/io/PrintStream;)V >"	5	8	java_type_ref("<Application,Lorg/dacapo/harness/LatexDescriptions>")
"< Application, Lorg/sunflow/core/ParameterList$InterpolationType, valueOf(Ljava/lang/String;)Lorg/sunflow/core/ParameterList$InterpolationType; >"	0	3	java_type_ref("<Application,Lorg/sunflow/core/ParameterList$InterpolationType>")
"< Application, Lorg/apache/commons/cli/PatternOptionBuilder, <clinit>()V >"	6	5	java_type_ref("<Primordial,Ljava/util/Date>")
"< Application, Lorg/sunflow/core/accel/KDTree, <clinit>()V >"	0	2	java_type_ref("<Application,Lorg/sunflow/core/accel/KDTree>")
"< Application, Lorg/dacapo/harness/ChordHarness, getURL(Ljava/lang/String;)Ljava/net/URL; >"	0	3	java_type_ref("<Application,Lorg/dacapo/harness/ChordHarness>")
"< Application, Lorg/dacapo/parser/Config$ThreadModel, valueOf(Ljava/lang/String;)Lorg/dacapo/parser/Config$ThreadModel; >"	0	3	java_type_ref("<Application,Lorg/dacapo/parser/Config$ThreadModel>")
"< Application, Lorg/sunflow/SunflowAPI, create(Ljava/lang/String;I)Lorg/sunflow/SunflowAPI; >"	22	36	java_type_ref("<Application,Lorg/sunflow/SunflowAPI>")
"< Application, Lorg/apache/commons/cli/PatternOptionBuilder, <clinit>()V >"	12	8	java_type_ref("<Primordial,Ljava/io/File>")
"< Application, Lorg/sunflow/core/primitive/CornellBox, <clinit>()V >"	0	2	java_type_ref("<Application,Lorg/sunflow/core/primitive/CornellBox>")
"< Application, Lorg/apache/commons/cli/PatternOptionBuilder, <clinit>()V >"	4	4	java_type_ref("<Primordial,Ljava/lang/Number>")
"< Application, Lorg/dacapo/harness/CommandLineArgs, defineCallback()V >"	21	35	java_type_ref("<Application,Lorg/dacapo/harness/Callback>")
"< Application, Lorg/dacapo/harness/TestHarness, main([Ljava/lang/String;)V >"	36	57	java_type_ref("<Application,Lorg/dacapo/harness/TestHarness>")
"< Application, Lorg/dacapo/harness/CommandLineArgs$Methodology, valueOf(Ljava/lang/String;)Lorg/dacapo/harness/CommandLineArgs$Methodology; >"	0	3	java_type_ref("<Application,Lorg/dacapo/harness/CommandLineArgs$Methodology>")
"< Application, Lorg/apache/commons/cli/PatternOptionBuilder, <clinit>()V >"	2	3	java_type_ref("<Primordial,Ljava/lang/Object>")
"< Application, Lorg/apache/commons/cli/PatternOptionBuilder, <clinit>()V >"	8	6	java_type_ref("<Primordial,Ljava/lang/Class>")
"< Application, Lorg/sunflow/core/parser/SCParser, parseShader(Lorg/sunflow/SunflowAPI;)Z >"	274	191	java_type_ref("<Application,Lorg/sunflow/core/Shader>")
"< Application, Lorg/sunflow/core/ParameterList$ParameterType, valueOf(Ljava/lang/String;)Lorg/sunflow/core/ParameterList$ParameterType; >"	0	3	java_type_ref("<Application,Lorg/sunflow/core/ParameterList$ParameterType>")
"< Application, Lorg/apache/commons/cli/PatternOptionBuilder, <clinit>()V >"	14	9	java_type_array(java_type_ref("<Primordial,Ljava/io/File>"))
"< Application, Lorg/dacapo/harness/Callback$Mode, valueOf(Ljava/lang/String;)Lorg/dacapo/harness/Callback$Mode; >"	0	3	java_type_ref("<Application,Lorg/dacapo/harness/Callback$Mode>")
"< Application, Lorg/dacapo/harness/CommandLineArgs, defineCallback()V >"	36	40	java_type_ref("<Application,Lorg/dacapo/harness/CommandLineArgs>")
"< Application, Lorg/dacapo/harness/CommandLineArgs, printReleaseNotes()V >"	2	4	java_type_ref("<Application,Lorg/dacapo/harness/CommandLineArgs>")
"< Application, Lorg/dacapo/harness/Callback, <clinit>()V >"	0	2	java_type_ref("<Application,Lorg/dacapo/harness/Callback>")
"< Application, Lorg/sunflow/SunflowAPI, compile(Ljava/lang/String;)Lorg/sunflow/SunflowAPI; >"	7	11	java_type_ref("<Application,Lorg/sunflow/SunflowAPI>")
"< Application, Lorg/dacapo/harness/TestHarness, runBenchmark(Ljava/io/File;Ljava/lang/String;Lorg/dacapo/harness/TestHarness;)V >"	9	19	java_type_ref("<Application,Lorg/dacapo/parser/Config>")
"< Application, Lorg/dacapo/harness/TestHarness, <init>(Ljava/io/InputStream;)V >"	5	9	java_type_ref("<Application,Lorg/dacapo/harness/TestHarness>")
"< Application, Lorg/sunflow/SunflowAPI, <clinit>()V >"	0	2	java_type_ref("<Application,Lorg/sunflow/SunflowAPI>")
"< Application, Lorg/apache/commons/cli/PatternOptionBuilder, <clinit>()V >"	16	10	java_type_ref("<Primordial,Ljava/net/URL>")
"< Application, Lorg/dacapo/harness/Benchmark, getURL(Ljava/lang/String;)Ljava/net/URL; >"	0	3	java_type_ref("<Application,Lorg/dacapo/harness/Benchmark>")
"< Application, Lorg/dacapo/harness/CommandLineArgs, <clinit>()V >"	0	2	java_type_ref("<Application,Lorg/dacapo/harness/CommandLineArgs>")
"< Application, Lorg/apache/commons/cli/PatternOptionBuilder, <clinit>()V >"	0	2	java_type_ref("<Primordial,Ljava/lang/String>")
"< Application, Lorg/sunflow/system/UI$Module, valueOf(Ljava/lang/String;)Lorg/sunflow/system/UI$Module; >"	0	3	java_type_ref("<Application,Lorg/sunflow/system/UI$Module>")
"< Application, Lorg/sunflow/math/QMC, <clinit>()V >"	0	2	java_type_ref("<Application,Lorg/sunflow/math/QMC>")
"< Application, Lorg/dacapo/harness/TestHarness, getURL(Ljava/lang/String;)Ljava/net/URL; >"	0	3	java_type_ref("<Application,Lorg/dacapo/harness/TestHarness>")
"< Application, Lorg/sunflow/Benchmark, <init>(IZZZI)V >"	10	12	java_type_ref("<Application,Lorg/sunflow/Benchmark>")
"< Application, Lorg/dacapo/harness/CommandLineArgs, extractBenchmarkSet()Ljava/util/List; >"	2	4	java_type_ref("<Application,Lorg/dacapo/harness/CommandLineArgs>")
"< Application, Lorg/sunflow/system/UI$PrintLevel, valueOf(Ljava/lang/String;)Lorg/sunflow/system/UI$PrintLevel; >"	0	3	java_type_ref("<Application,Lorg/sunflow/system/UI$PrintLevel>")
