"< Application, Lorg/sunflow/core/LightServer$1, run()V >"	21	96
"< Application, Lorg/codehaus/janino/ScriptEvaluator, cook([Lorg/codehaus/janino/Scanner;)V >"	191	123
"< Application, Lorg/codehaus/janino/Scanner, stringToDoubleLiteralToken(Ljava/lang/String;)Lorg/codehaus/janino/Scanner$LiteralToken; >"	30	56
"< Application, Lorg/codehaus/janino/UnitCompiler, compile2(Lorg/codehaus/janino/Java$LocalVariableDeclarationStatement;)Z >"	44	49
"< Application, Lorg/sunflow/core/photonmap/CausticPhotonMap, store(Lorg/sunflow/core/ShadingState;Lorg/sunflow/math/Vector3;Lorg/sunflow/image/Color;Lorg/sunflow/image/Color;)V >"	30	36
"< Application, Lorg/apache/commons/cli/Option, add(Ljava/lang/String;)V >"	9	15
"< Application, Lorg/codehaus/janino/tools/Disassembler, compileInstructions([Ljava/lang/String;[Lorg/codehaus/janino/tools/Disassembler$Instruction;)V >"	94	118
"< Application, Lorg/apache/commons/cli/TypeHandler, createURL(Ljava/lang/String;)Ljava/net/URL; >"	11	6
"< Application, Lorg/codehaus/janino/tools/Disassembler, disasmClassFile(Ljava/io/DataInputStream;)V >"	161	221
"< Application, Lorg/codehaus/janino/util/ResourceFinderClassLoader, findClass(Ljava/lang/String;)Ljava/lang/Class; >"	51	65
"< Application, Lorg/codehaus/janino/ScriptEvaluator, makeMethodDeclaration(Lorg/codehaus/janino/Location;ZLjava/lang/Class;Ljava/lang/String;[Ljava/lang/Class;[Ljava/lang/String;[Ljava/lang/Class;Lorg/codehaus/janino/Java$Block;)Lorg/codehaus/janino/Java$MethodDeclarator; >"	14	35
"< Application, Lorg/codehaus/janino/tools/Disassembler, readAttributeInfo(Ljava/io/DataInputStream;)Lorg/codehaus/janino/tools/Disassembler$AttributeInfo; >"	34	31
"< Application, Lorg/codehaus/janino/UnitCompiler$10, visitArrayAccessExpression(Lorg/codehaus/janino/Java$ArrayAccessExpression;)V >"	8	10
"< Application, Lorg/codehaus/janino/UnitCompiler$10, visitSuperclassMethodInvocation(Lorg/codehaus/janino/Java$SuperclassMethodInvocation;)V >"	8	10
"< Application, Lorg/codehaus/janino/UnitCompiler$16, visitReferenceType(Lorg/codehaus/janino/Java$ReferenceType;)V >"	8	10
"< Application, Lorg/codehaus/janino/IClassLoader, loadIClass(Ljava/lang/String;)Lorg/codehaus/janino/IClass; >"	81	59
"< Application, Lorg/codehaus/janino/UnitCompiler$4, visitLocalVariableDeclarationStatement(Lorg/codehaus/janino/Java$LocalVariableDeclarationStatement;)V >"	8	10
"< Application, Lorg/sunflow/core/renderer/BucketRenderer$BucketThread, run()V >"	33	47
"< Application, Lorg/codehaus/janino/UnitCompiler$6, visitIfStatement(Lorg/codehaus/janino/Java$IfStatement;)V >"	7	8
"< Application, Lorg/codehaus/janino/UnitCompiler, generatesCode(Lorg/codehaus/janino/Java$BlockStatement;)Z >"	8	10
"< Application, Lorg/codehaus/janino/Compiler$CompilerIClassLoader, defineIClassFromClassFileResource(Lorg/codehaus/janino/util/resource/Resource;)Lorg/codehaus/janino/IClass; >"	30	40
"< Application, Lorg/codehaus/janino/Scanner, internalRead()Lorg/codehaus/janino/Scanner$Token; >"	346	175
"< Application, Lorg/codehaus/janino/UnitCompiler, compileUnit(Lorg/codehaus/janino/util/enumerator/EnumeratorSet;)[Lorg/codehaus/janino/util/ClassFile; >"	42	37
"< Application, Lorg/dacapo/parser/ConfigFile, sizeClause(Lorg/dacapo/parser/Config;Ljava/lang/String;)V >"	75	18
"< Application, Lorg/codehaus/janino/UnitCompiler$4, visitSynchronizedStatement(Lorg/codehaus/janino/Java$SynchronizedStatement;)V >"	8	10
"< Application, Lorg/codehaus/janino/ClassBodyEvaluator, class$(Ljava/lang/String;)Ljava/lang/Class; >"	6	6
"< Application, Lorg/codehaus/janino/ScriptEvaluator, cook([Ljava/lang/String;)V >"	16	16
"< Application, Lorg/codehaus/janino/UnitCompiler$7, visitFieldAccess(Lorg/codehaus/janino/Java$FieldAccess;)V >"	6	7
"< Application, Lorg/codehaus/janino/UnitCompiler$16, visitParenthesizedExpression(Lorg/codehaus/janino/Java$ParenthesizedExpression;)V >"	8	10
"< Application, Lorg/codehaus/janino/Scanner, stringToFloatLiteralToken(Ljava/lang/String;)Lorg/codehaus/janino/Scanner$LiteralToken; >"	30	56
"< Application, Lorg/codehaus/janino/Java$Type, setEnclosingScope(Lorg/codehaus/janino/Java$Scope;)V >"	14	7
"< Application, Lorg/codehaus/janino/tools/JGrep, jGrep(Ljava/util/Iterator;Ljava/util/List;)V >"	56	85
"< Application, Lorg/sunflow/core/accel/KDTree, buildTree(FFFFFFLorg/sunflow/core/accel/KDTree$BuildTask;ILorg/sunflow/util/IntArray;ILorg/sunflow/util/IntArray;Lorg/sunflow/core/accel/KDTree$BuildStats;)V >"	330	380
"< Application, Lorg/codehaus/janino/UnitCompiler, fakeCompile(Lorg/codehaus/janino/Java$Rvalue;)V >"	8	12
"< Application, Lorg/codehaus/janino/tools/JGrep, parseCompilationUnit(Ljava/io/File;Ljava/lang/String;)Lorg/codehaus/janino/Java$CompilationUnit; >"	22	29
"< Application, Lorg/codehaus/janino/util/ClassFile, addConstantClassInfo(Ljava/lang/String;)S >"	15	9
"< Application, Lorg/codehaus/janino/UnicodeUnescapeReader, read()I >"	34	51
"< Application, Lorg/codehaus/janino/UnitCompiler$4, visitBreakStatement(Lorg/codehaus/janino/Java$BreakStatement;)V >"	8	10
"< Application, Lorg/codehaus/janino/UnitCompiler$12, visitLiteral(Lorg/codehaus/janino/Java$Literal;)V >"	8	10
"< Application, Lorg/codehaus/janino/Scanner$Token, getLiteralValue()Ljava/lang/Object; >"	3	3
"< Application, Lorg/codehaus/janino/UnitCompiler, <init>(Lorg/codehaus/janino/Java$CompilationUnit;Lorg/codehaus/janino/IClassLoader;)V >"	38	26
"< Application, Lorg/codehaus/janino/Compiler$CompilerIClassLoader, defineIClassFromSourceResource(Lorg/codehaus/janino/util/resource/Resource;Ljava/lang/String;)Lorg/codehaus/janino/IClass; >"	21	42
"< Application, Lorg/codehaus/janino/UnitCompiler$16, visitRvalueMemberType(Lorg/codehaus/janino/Java$RvalueMemberType;)V >"	8	10
"< Application, Lorg/codehaus/janino/ClassBodyEvaluator, setImplementedTypes([Ljava/lang/Class;)V >"	3	6
"< Application, Lorg/sunflow/util/FastHashMap$EntryIterator, next()Lorg/sunflow/util/FastHashMap$Entry; >"	8	8
"< Application, Lorg/sunflow/SunflowAPI, options(Ljava/lang/String;)V >"	22	20
"< Application, Lorg/codehaus/janino/tools/JGrep, parseCompilationUnit(Ljava/io/File;Ljava/lang/String;)Lorg/codehaus/janino/Java$CompilationUnit; >"	25	38
"< Application, Lorg/codehaus/janino/util/iterator/EnumerationIterator, remove()V >"	2	3
"< Application, Lorg/codehaus/janino/Compiler, compile([Lorg/codehaus/janino/util/resource/Resource;)Z >"	90	118
"< Application, Lorg/codehaus/janino/ScriptEvaluator, compileToMethods(Lorg/codehaus/janino/Java$CompilationUnit;[Ljava/lang/String;[[Ljava/lang/Class;)V >"	23	24
"< Application, Lorg/codehaus/janino/CodeContext$Branch, relocate()Z >"	5	85
"< Application, Lorg/codehaus/janino/SimpleCompiler, classToType(Lorg/codehaus/janino/Location;Ljava/lang/Class;)Lorg/codehaus/janino/Java$Type; >"	19	16
"< Application, Lorg/codehaus/janino/tools/Disassembler$SourceRelatedAttributeInfo, print()V >"	2	3
"< Application, Lorg/apache/commons/cli/OptionValidator, validateOption(Ljava/lang/String;)V >"	33	16
"< Application, Lorg/codehaus/janino/UnitCompiler, compile2(Lorg/codehaus/janino/Java$Block;)Z >"	22	26
"< Application, Lorg/codehaus/janino/ResourceFinderIClassLoader, findIClass(Ljava/lang/String;)Lorg/codehaus/janino/IClass; >"	35	45
"< Application, Lorg/codehaus/janino/ReflectionIClass, classToIClass(Ljava/lang/Class;)Lorg/codehaus/janino/IClass; >"	25	29
"< Application, Lorg/codehaus/janino/UnitCompiler, declareClassDollarMethod(Lorg/codehaus/janino/Java$ClassLiteral;)V >"	38	116
"< Application, Lorg/codehaus/janino/UnitCompiler$6, visitDoStatement(Lorg/codehaus/janino/Java$DoStatement;)V >"	7	8
"< Application, Lorg/codehaus/janino/IClass, getSuperclass()Lorg/codehaus/janino/IClass; >"	19	14
"< Application, Lorg/codehaus/janino/UnitCompiler, compileGet(Lorg/codehaus/janino/Java$Rvalue;)Lorg/codehaus/janino/IClass; >"	8	10
"< Application, Lorg/codehaus/janino/ClassFileIClass, getDeclaredIConstructors2()[Lorg/codehaus/janino/IClass$IConstructor; >"	14	27
"< Application, Lorg/codehaus/janino/util/ResourceFinderClassLoader, findClass(Ljava/lang/String;)Ljava/lang/Class; >"	20	13
"< Application, Lorg/codehaus/janino/Compiler, storeClassFile(Lorg/codehaus/janino/util/ClassFile;Ljava/io/File;)V >"	32	36
"< Application, Lorg/codehaus/janino/util/MultiIterator, next()Ljava/lang/Object; >"	7	6
"< Application, Lorg/dacapo/parser/ConfigFile, digestOption(Lorg/dacapo/parser/Config;Ljava/lang/String;Ljava/lang/String;)V >"	25	17
"< Application, Lorg/codehaus/janino/UnitCompiler, assignSyntheticParametersToSyntheticFields(Lorg/codehaus/janino/Java$ConstructorDeclarator;)V >"	41	47
"< Application, Lorg/codehaus/janino/UnitCompiler$7, visitLiteral(Lorg/codehaus/janino/Java$Literal;)V >"	6	7
"< Application, Lorg/codehaus/janino/UnitCompiler$6, visitForStatement(Lorg/codehaus/janino/Java$ForStatement;)V >"	7	8
"< Application, Lorg/codehaus/janino/Scanner, internalRead()Lorg/codehaus/janino/Scanner$Token; >"	277	246
"< Application, Lorg/codehaus/janino/UnitCompiler$10, visitNewInitializedArray(Lorg/codehaus/janino/Java$NewInitializedArray;)V >"	8	10
"< Application, Lorg/sunflow/util/FastHashMap$EntryIterator, remove()V >"	2	3
"< Application, Lorg/apache/commons/cli/OptionBuilder, create()Lorg/apache/commons/cli/Option; >"	5	7
"< Application, Lorg/codehaus/janino/ReflectionIClass, classToIClass(Ljava/lang/Class;)Lorg/codehaus/janino/IClass; >"	15	12
"< Application, Lorg/codehaus/janino/Scanner, internalRead()Lorg/codehaus/janino/Scanner$Token; >"	63	135
"< Application, Lorg/codehaus/janino/Java$AbstractTypeDeclaration, throwParseException(Ljava/lang/String;)V >"	3	4
"< Application, Lorg/dacapo/parser/ConfigFile, <init>(Ljava/io/InputStream;Ljava/lang/String;)V >"	14	15
"< Application, Lorg/codehaus/janino/util/enumerator/Enumerator, fromString(Ljava/lang/String;Ljava/lang/Class;)Lorg/codehaus/janino/util/enumerator/Enumerator; >"	6	10
"< Application, Lorg/codehaus/janino/CodeContext$OffsetBranch, relocate()Z >"	8	35
"< Application, Lorg/codehaus/janino/UnitCompiler, toIInvocable(Lorg/codehaus/janino/Java$FunctionDeclarator;)Lorg/codehaus/janino/IClass$IInvocable; >"	12	7
"< Application, Lorg/codehaus/janino/util/ClassFile, toByteArray()[B >"	8	7
"< Application, Lorg/codehaus/janino/UnitCompiler, findIField(Lorg/codehaus/janino/IClass;Ljava/lang/String;Lorg/codehaus/janino/Location;)Lorg/codehaus/janino/IClass$IField; >"	26	26
"< Application, Lorg/codehaus/janino/UnitCompiler$7, visitArrayLength(Lorg/codehaus/janino/Java$ArrayLength;)V >"	6	7
"< Application, Lorg/codehaus/janino/Scanner, stringToFloatLiteralToken(Ljava/lang/String;)Lorg/codehaus/janino/Scanner$LiteralToken; >"	44	44
"< Application, Lorg/codehaus/janino/ScriptEvaluator, evaluate(I[Ljava/lang/Object;)Ljava/lang/Object; >"	4	16
"< Application, Lorg/codehaus/janino/UnitCompiler, referenceThis(Lorg/codehaus/janino/Java$Locatable;Lorg/codehaus/janino/Java$ClassDeclaration;Lorg/codehaus/janino/Java$TypeBodyDeclaration;Lorg/codehaus/janino/IClass;)V >"	48	105
"< Application, Lorg/codehaus/janino/Java$CatchClause, setEnclosingTryStatement(Lorg/codehaus/janino/Java$TryStatement;)V >"	14	7
"< Application, Lorg/dacapo/parser/ConfigFile, descId()Ljava/lang/String; >"	31	14
"< Application, Lorg/codehaus/janino/Compiler, parseCompilationUnit(Ljava/lang/String;Ljava/io/InputStream;Ljava/lang/String;)Lorg/codehaus/janino/Java$CompilationUnit; >"	21	28
"< Application, Lorg/codehaus/janino/UnitCompiler, numericPromotion(Lorg/codehaus/janino/Java$Locatable;Lorg/codehaus/janino/IClass;Lorg/codehaus/janino/IClass;)V >"	6	11
"< Application, Lorg/dacapo/parser/Config, setClass(Ljava/lang/String;)V >"	4	6
"< Application, Lorg/apache/commons/cli/HelpFormatter, printHelp(Ljava/io/PrintWriter;ILjava/lang/String;Ljava/lang/String;Lorg/apache/commons/cli/Options;IILjava/lang/String;Z)V >"	5	29
"< Application, Lorg/codehaus/janino/ScriptEvaluator, cook([Lorg/codehaus/janino/Scanner;)V >"	28	169
"< Application, Lorg/codehaus/janino/Scanner, stringToDoubleLiteralToken(Ljava/lang/String;)Lorg/codehaus/janino/Scanner$LiteralToken; >"	44	44
"< Application, Lorg/codehaus/janino/UnitCompiler, compile(Lorg/codehaus/janino/Java$TypeDeclaration;)V >"	6	8
"< Application, Lorg/codehaus/janino/CodeContext, determineArgumentsSize(S)I >"	50	70
"< Application, Lorg/codehaus/janino/util/iterator/MultiDimensionalIterator, next()Ljava/lang/Object; >"	4	14
"< Application, Lorg/codehaus/janino/CodeContext, flowAnalysis(Ljava/lang/String;[BIII[B)V >"	36	249
"< Application, Lorg/codehaus/janino/UnitCompiler$7, visitFieldAccessExpression(Lorg/codehaus/janino/Java$FieldAccessExpression;)V >"	6	7
"< Application, Lorg/codehaus/janino/MethodDescriptor, <init>(Ljava/lang/String;)V >"	5	57
"< Application, Lorg/codehaus/janino/CodeContext, flowAnalysis(Ljava/lang/String;[BIII[B)V >"	228	178
"< Application, Lorg/codehaus/janino/UnitCompiler$7, visitThisReference(Lorg/codehaus/janino/Java$ThisReference;)V >"	6	7
"< Application, Lorg/codehaus/janino/UnitCompiler$6, visitSynchronizedStatement(Lorg/codehaus/janino/Java$SynchronizedStatement;)V >"	7	8
"< Application, Lorg/codehaus/janino/UnitCompiler$7, visitInstanceof(Lorg/codehaus/janino/Java$Instanceof;)V >"	6	7
"< Application, Lorg/codehaus/janino/util/enumerator/EnumeratorSet, <init>(Ljava/lang/Class;Ljava/lang/String;Ljava/lang/String;)V >"	29	37
"< Application, Lorg/codehaus/janino/samples/DemoBase, class$(Ljava/lang/String;)Ljava/lang/Class; >"	6	6
"< Application, Lorg/codehaus/janino/CachingJavaSourceClassLoader, generateBytecodes(Ljava/lang/String;)Ljava/util/Map; >"	23	60
"< Application, Lorg/codehaus/janino/CodeContext, flowAnalysis(Ljava/lang/String;[BIII[B)V >"	200	156
"< Application, Lorg/codehaus/janino/Compiler$1, handleError(Ljava/lang/String;Lorg/codehaus/janino/Location;)V >"	6	5
"< Application, Lorg/codehaus/janino/UnitCompiler$16, visitFieldAccessExpression(Lorg/codehaus/janino/Java$FieldAccessExpression;)V >"	8	10
"< Application, Lorg/codehaus/janino/UnitCompiler, compile(Lorg/codehaus/janino/Java$FunctionDeclarator;Lorg/codehaus/janino/util/ClassFile;)V >"	151	192
"< Application, Lorg/codehaus/janino/UnitCompiler$7, visitClassLiteral(Lorg/codehaus/janino/Java$ClassLiteral;)V >"	6	7
"< Application, Lorg/codehaus/janino/JavaSourceClassLoader, findClass(Ljava/lang/String;)Ljava/lang/Class; >"	8	32
"< Application, Lorg/codehaus/janino/UnitCompiler, compile2(Lorg/codehaus/janino/Java$SynchronizedStatement;)Z >"	44	56
"< Application, Lorg/codehaus/janino/ExpressionEvaluator, guessParameterNames(Lorg/codehaus/janino/Scanner;)[Ljava/lang/String; >"	21	34
"< Application, Lorg/sunflow/image/SpectralCurve, <clinit>()V >"	317	373
"< Application, Lorg/codehaus/janino/tools/HprofScrubber, main([Ljava/lang/String;)V >"	104	151
"< Application, Lorg/codehaus/janino/CodeContext, pushInserter(Lorg/codehaus/janino/CodeContext$Inserter;)V >"	4	9
"< Application, Lorg/codehaus/janino/ClassFileIClass, resolveField(Lorg/codehaus/janino/util/ClassFile$FieldInfo;)Lorg/codehaus/janino/IClass$IField; >"	43	38
"< Application, Lorg/codehaus/janino/Java$AbstractTypeBodyDeclaration, setDeclaringType(Lorg/codehaus/janino/Java$TypeDeclaration;)V >"	14	6
"< Application, Lorg/codehaus/janino/util/Traverser, traverseArrayInitializerOrRvalue(Lorg/codehaus/janino/Java$ArrayInitializerOrRvalue;)V >"	26	7
"< Application, Lorg/codehaus/janino/UnitCompiler, declareClassDollarMethod(Lorg/codehaus/janino/Java$ClassLiteral;)V >"	54	113
"< Application, Lorg/codehaus/janino/ClassBodyEvaluator, compileToClass(Lorg/codehaus/janino/Java$CompilationUnit;Lorg/codehaus/janino/util/enumerator/EnumeratorSet;Ljava/lang/String;)Ljava/lang/Class; >"	11	11
"< Application, Lorg/apache/commons/cli/OptionBuilder, create(Ljava/lang/String;)Lorg/apache/commons/cli/Option; >"	21	21
"< Application, Lorg/codehaus/janino/JavaSourceIClassLoader, findIClass(Ljava/lang/String;)Lorg/codehaus/janino/IClass; >"	70	68
"< Application, Lorg/codehaus/janino/UnitCompiler$10, visitThisReference(Lorg/codehaus/janino/Java$ThisReference;)V >"	8	10
"< Application, Lorg/codehaus/janino/ClassBodyEvaluator, createFastClassBodyEvaluator(Lorg/codehaus/janino/Scanner;Ljava/lang/String;Ljava/lang/Class;[Ljava/lang/Class;Ljava/lang/ClassLoader;)Ljava/lang/Object; >"	13	14
"< Application, Lorg/codehaus/janino/util/CausedException, initCause(Ljava/lang/Throwable;)Ljava/lang/Throwable; >"	20	13
"< Application, Lorg/codehaus/janino/Compiler, compile([Lorg/codehaus/janino/util/resource/Resource;)Z >"	38	116
"< Application, Lorg/codehaus/janino/UnitCompiler$6, visitLabeledStatement(Lorg/codehaus/janino/Java$LabeledStatement;)V >"	9	11
"< Application, Lorg/sunflow/core/ShadingState$LightSampleIterator, remove()V >"	2	3
"< Application, Lorg/codehaus/janino/UnitCompiler$8, visitAmbiguousName(Lorg/codehaus/janino/Java$AmbiguousName;)V >"	8	9
"< Application, Lorg/codehaus/janino/JavaSourceClassLoader, findClass(Ljava/lang/String;)Ljava/lang/Class; >"	22	20
"< Application, Lorg/codehaus/janino/CodeContext, flowAnalysis(Ljava/lang/String;)V >"	50	53
"< Application, Lorg/codehaus/janino/CodeContext$Offset, set()V >"	4	18
"< Application, Lorg/codehaus/janino/UnitCompiler, ilfdabcs(Lorg/codehaus/janino/IClass;)I >"	33	14
"< Application, Lorg/codehaus/janino/Descriptor, toString(Ljava/lang/String;ILjava/lang/StringBuffer;)I >"	17	89
"< Application, Lorg/codehaus/janino/Cookable, cook(Ljava/lang/String;)V >"	7	8
"< Application, LMMTkHarness, <init>()V >"	19	23
"< Application, Lorg/codehaus/janino/Compiler, compile([Lorg/codehaus/janino/util/resource/Resource;)Z >"	58	110
"< Application, Lorg/codehaus/janino/UnitCompiler$7, visitAmbiguousName(Lorg/codehaus/janino/Java$AmbiguousName;)V >"	6	7
"< Application, Lorg/dacapo/parser/ConfigFileTokenManager, SwitchTo(I)V >"	10	6
"< Application, Lorg/codehaus/janino/UnitCompiler, compile2(Lorg/codehaus/janino/Java$TryStatement;)Z >"	111	120
"< Application, Lorg/codehaus/janino/ClassBodyEvaluator, getClazz()Ljava/lang/Class; >"	16	14
"< Application, Lorg/apache/commons/cli/TypeHandler, createObject(Ljava/lang/String;)Ljava/lang/Object; >"	10	7
"< Application, Lorg/codehaus/janino/SimpleCompiler, class$(Ljava/lang/String;)Ljava/lang/Class; >"	6	6
"< Application, Lorg/dacapo/parser/ConfigFile, outputFile(Lorg/dacapo/parser/Config;Ljava/lang/String;)V >"	19	16
"< Application, Lorg/codehaus/janino/UnitCompiler$15, visitArrayAccessExpression(Lorg/codehaus/janino/Java$ArrayAccessExpression;)V >"	6	7
"< Application, Lorg/codehaus/janino/util/ResourceFinderClassLoader, findClass(Ljava/lang/String;)Ljava/lang/Class; >"	6	70
"< Application, Lorg/codehaus/janino/UnitCompiler$16, visitNewArray(Lorg/codehaus/janino/Java$NewArray;)V >"	8	10
"< Application, Lorg/codehaus/janino/UnitCompiler$4, visitFieldDeclaration(Lorg/codehaus/janino/Java$FieldDeclaration;)V >"	8	10
"< Application, Lorg/codehaus/janino/util/iterator/DirectoryIterator$1$State, <init>(Ljava/io/FilenameFilter;Ljava/io/FilenameFilter;Lorg/codehaus/janino/util/iterator/DirectoryIterator$1;Ljava/io/File;)V >"	11	41
"< Application, Lorg/codehaus/janino/JavaSourceIClassLoader, findIClass(Ljava/lang/String;)Lorg/codehaus/janino/IClass; >"	100	102
"< Application, Lorg/codehaus/janino/UnitCompiler$7, visitNewClassInstance(Lorg/codehaus/janino/Java$NewClassInstance;)V >"	6	7
"< Application, Lorg/codehaus/janino/UnitCompiler$7, visitNewAnonymousClassInstance(Lorg/codehaus/janino/Java$NewAnonymousClassInstance;)V >"	6	7
"< Application, Lorg/codehaus/janino/tools/JGrep, jGrep(Ljava/util/Iterator;Ljava/util/List;)V >"	44	81
"< Application, Lorg/codehaus/janino/UnitCompiler$9, visitParenthesizedExpression(Lorg/codehaus/janino/Java$ParenthesizedExpression;)V >"	8	10
"< Application, Lorg/dacapo/parser/ConfigFile, configOption(Lorg/dacapo/parser/Config;)V >"	28	15
"< Application, Lorg/codehaus/janino/tools/Disassembler$13, print(Ljava/util/Map;)V >"	26	90
"< Application, Lorg/codehaus/janino/UnitCompiler, <init>(Lorg/codehaus/janino/Java$CompilationUnit;Lorg/codehaus/janino/IClassLoader;)V >"	59	60
"< Application, Lorg/codehaus/janino/UnitCompiler$15, visitFieldAccessExpression(Lorg/codehaus/janino/Java$FieldAccessExpression;)V >"	6	7
"< Application, Lorg/codehaus/janino/Scanner, stringToFloatLiteralToken(Ljava/lang/String;)Lorg/codehaus/janino/Scanner$LiteralToken; >"	20	67
"< Application, Lorg/apache/commons/cli/OptionGroup, setSelected(Lorg/apache/commons/cli/Option;)V >"	11	12
"< Application, Lorg/dacapo/parser/Config, setLibs([Ljava/lang/String;)V >"	4	6
"< Application, Lorg/codehaus/janino/UnitCompiler$4, visitContinueStatement(Lorg/codehaus/janino/Java$ContinueStatement;)V >"	8	10
"< Application, Lorg/codehaus/janino/Scanner, scanNumericLiteral(I)Lorg/codehaus/janino/Scanner$Token; >"	112	212
"< Application, Lorg/codehaus/janino/UnitCompiler, pushConstant(Lorg/codehaus/janino/Java$Locatable;Ljava/lang/Object;)Lorg/codehaus/janino/IClass; >"	128	16
"< Application, Lorg/apache/commons/cli/Parser, processOption(Ljava/lang/String;Ljava/util/ListIterator;)V >"	10	46
"< Application, Lorg/sunflow/image/IrregularSpectralCurve, <init>([F[F)V >"	31	17
"< Application, Lorg/sunflow/util/FastHashMap, resize(I)V >"	7	53
"< Application, Lorg/codehaus/janino/UnitCompiler$8, visitQualifiedThisReference(Lorg/codehaus/janino/Java$QualifiedThisReference;)V >"	8	9
"< Application, Lorg/codehaus/janino/util/MultiIterator, hasNext()Z >"	37	25
"< Application, Lorg/codehaus/janino/UnitCompiler$9, visitSuperclassFieldAccessExpression(Lorg/codehaus/janino/Java$SuperclassFieldAccessExpression;)V >"	8	10
"< Application, Lorg/dacapo/parser/ConfigFile, outputClause(Lorg/dacapo/parser/Config;Ljava/lang/String;Ljava/lang/String;)V >"	60	17
"< Application, Lorg/codehaus/janino/Scanner$Token, getKeyword()Ljava/lang/String; >"	3	3
"< Application, Lorg/codehaus/janino/UnitCompiler$11, visitCast(Lorg/codehaus/janino/Java$Cast;)V >"	8	10
"< Application, Lorg/codehaus/janino/Java$Located, throwParseException(Ljava/lang/String;)V >"	3	4
"< Application, Lorg/codehaus/janino/UnitCompiler, compileContext(Lorg/codehaus/janino/Java$Rvalue;)I >"	8	10
"< Application, Lorg/codehaus/janino/UnitCompiler$30, getAccess()Lorg/codehaus/janino/Access; >"	14	7
"< Application, Lorg/codehaus/janino/UnitCompiler$9, visitFieldAccessExpression(Lorg/codehaus/janino/Java$FieldAccessExpression;)V >"	8	10
"< Application, Lorg/codehaus/janino/Scanner, stringToIntegerLiteralToken(Ljava/lang/String;I)Lorg/codehaus/janino/Scanner$LiteralToken; >"	64	5
"< Application, Lorg/codehaus/janino/UnitCompiler$16, visitSuperclassMethodInvocation(Lorg/codehaus/janino/Java$SuperclassMethodInvocation;)V >"	8	10
"< Application, Lorg/codehaus/janino/UnitCompiler$4, visitReturnStatement(Lorg/codehaus/janino/Java$ReturnStatement;)V >"	8	10
"< Application, Lorg/codehaus/janino/UnitCompiler$10, visitSuperclassFieldAccessExpression(Lorg/codehaus/janino/Java$SuperclassFieldAccessExpression;)V >"	8	10
"< Application, Lorg/codehaus/janino/util/MultiIterator$1, next()Ljava/lang/Object; >"	2	3
"< Application, Lorg/codehaus/janino/UnitCompiler$10, visitBinaryOperation(Lorg/codehaus/janino/Java$BinaryOperation;)V >"	8	10
"< Application, Lorg/codehaus/janino/UnitCompiler, compile2(Lorg/codehaus/janino/Java$TryStatement;)Z >"	70	129
"< Application, Lorg/codehaus/janino/UnitCompiler, assignSyntheticParametersToSyntheticFields(Lorg/codehaus/janino/Java$ConstructorDeclarator;)V >"	20	50
"< Application, Lorg/codehaus/janino/UnparseVisitor, main([Ljava/lang/String;)V >"	18	26
"< Application, Lorg/codehaus/janino/UnitCompiler, compileArithmeticOperation(Lorg/codehaus/janino/Java$Locatable;Lorg/codehaus/janino/IClass;Ljava/util/Iterator;Ljava/lang/String;)Lorg/codehaus/janino/IClass; >"	225	18
"< Application, Lorg/codehaus/janino/UnitCompiler$29, getInterfaces2()[Lorg/codehaus/janino/IClass; >"	84	10
"< Application, Lorg/codehaus/janino/UnitCompiler$21, getAccess()Lorg/codehaus/janino/Access; >"	14	7
"< Application, Lorg/codehaus/janino/Scanner, internalRead()Lorg/codehaus/janino/Scanner$Token; >"	138	129
"< Application, Lorg/codehaus/janino/Java$1, traverseType(Lorg/codehaus/janino/Java$Type;)V >"	15	13
"< Application, Lorg/codehaus/janino/util/iterator/MultiDimensionalIterator$1, remove()V >"	2	3
"< Application, Lorg/codehaus/janino/UnitCompiler$29, getDeclaredIFields2()[Lorg/codehaus/janino/IClass$IField; >"	70	8
"< Application, Lorg/codehaus/janino/UnitCompiler$17, visitAmbiguousName(Lorg/codehaus/janino/Java$AmbiguousName;)V >"	8	10
"< Application, Lorg/dacapo/harness/Benchmark, initialize()V >"	43	33
"< Application, Lorg/codehaus/janino/JavaSourceIClassLoader, findIClass(Ljava/lang/String;)Lorg/codehaus/janino/IClass; >"	91	115
"< Application, Lorg/codehaus/janino/UnitCompiler$8, visitParenthesizedExpression(Lorg/codehaus/janino/Java$ParenthesizedExpression;)V >"	8	9
"< Application, Lorg/codehaus/janino/CodeContext, determineArgumentsSize(S)I >"	67	67
"< Application, Lorg/sunflow/math/QMC, generateSigmaTable(I)[I >"	7	19
"< Application, Lorg/codehaus/janino/UnitCompiler$10, visitAssignment(Lorg/codehaus/janino/Java$Assignment;)V >"	8	10
"< Application, Lorg/codehaus/janino/UnitCompiler, internalCheckAccessible(Lorg/codehaus/janino/IClass;Lorg/codehaus/janino/Java$BlockStatement;)Ljava/lang/String; >"	45	18
"< Application, Lorg/codehaus/janino/ClassFileIClass, resolveClasses([S)[Lorg/codehaus/janino/IClass; >"	11	15
"< Application, Lorg/codehaus/janino/UnitCompiler$3, visitLocalClassDeclaration(Lorg/codehaus/janino/Java$LocalClassDeclaration;)V >"	6	7
"< Application, Lorg/codehaus/janino/Compiler, storeClassFile(Lorg/codehaus/janino/util/ClassFile;Ljava/io/File;)V >"	26	18
"< Application, Lorg/codehaus/janino/Scanner, internalRead()Lorg/codehaus/janino/Scanner$Token; >"	154	126
"< Application, Lorg/codehaus/janino/util/iterator/IteratorCollection$1, remove()V >"	2	3
"< Application, Lorg/codehaus/janino/UnitCompiler, compile2(Lorg/codehaus/janino/Java$ForStatement;)Z >"	69	82
"< Application, Lorg/codehaus/janino/CodeContext, popInserter()V >"	5	9
"< Application, Lorg/codehaus/janino/CodeContext, determineArgumentsSize(S)I >"	22	78
"< Application, Lorg/codehaus/janino/util/resource/FileResourceCreator, createResource(Ljava/lang/String;)Ljava/io/OutputStream; >"	14	16
"< Application, Lorg/codehaus/janino/UnitCompiler$13, visitFieldDeclaration(Lorg/codehaus/janino/Java$FieldDeclaration;)V >"	8	10
"< Application, Lorg/codehaus/janino/util/iterator/ReverseListIterator, nextIndex()I >"	2	3
"< Application, Lorg/codehaus/janino/UnitCompiler, isType(Lorg/codehaus/janino/Java$Atom;)Z >"	8	10
"< Application, Lorg/codehaus/janino/CachingJavaSourceClassLoader, readResource(Lorg/codehaus/janino/util/resource/Resource;)[B >"	12	20
"< Application, Lorg/codehaus/janino/ScriptEvaluator, evaluate(I[Ljava/lang/Object;)Ljava/lang/Object; >"	13	12
"< Application, Lorg/sunflow/core/ParameterList, addIntegerArray(Ljava/lang/String;[I)V >"	3	9
"< Application, Lorg/codehaus/janino/UnitCompiler, findClassByName(Lorg/codehaus/janino/Location;Ljava/lang/String;)Lorg/codehaus/janino/IClass; >"	13	22
"< Application, Lorg/codehaus/janino/util/ClassFile$ConstantUtf8Info, <init>(Ljava/lang/String;)V >"	4	6
"< Application, Lorg/codehaus/janino/Java$CompilationUnit, getEnclosingScope()Lorg/codehaus/janino/Java$Scope; >"	2	3
"< Application, Lorg/codehaus/janino/UnitCompiler$10, visitConditionalExpression(Lorg/codehaus/janino/Java$ConditionalExpression;)V >"	8	10
"< Application, Lorg/codehaus/janino/ScriptEvaluator, cook([Lorg/codehaus/janino/Scanner;)V >"	20	172
"< Application, Lorg/codehaus/janino/samples/ClassBodyDemo, readFileToString(Ljava/lang/String;)Ljava/lang/String; >"	15	20
"< Application, Lorg/dacapo/parser/Config, setThreadLimit(Ljava/lang/String;I)V >"	8	16
"< Application, Lorg/codehaus/janino/ByteArrayClassLoader, findClass(Ljava/lang/String;)Ljava/lang/Class; >"	6	17
"< Application, Lorg/codehaus/janino/UnitCompiler$7, visitAssignment(Lorg/codehaus/janino/Java$Assignment;)V >"	6	7
"< Application, Lorg/codehaus/janino/UnitCompiler$8, visitSuperclassFieldAccessExpression(Lorg/codehaus/janino/Java$SuperclassFieldAccessExpression;)V >"	8	9
"< Application, Lorg/codehaus/janino/CodeContext, flowAnalysis(Ljava/lang/String;[BIII[B)V >"	215	167
"< Application, Lorg/codehaus/janino/UnitCompiler$7, visitCast(Lorg/codehaus/janino/Java$Cast;)V >"	6	7
"< Application, Lorg/codehaus/janino/ClassFileIClass, getDeclaringIClass2()Lorg/codehaus/janino/IClass; >"	23	25
"< Application, Lorg/codehaus/janino/Scanner, scanNumericLiteral(I)Lorg/codehaus/janino/Scanner$Token; >"	123	209
"< Application, Lorg/codehaus/janino/UnicodeUnescapeReader, read()I >"	50	36
"< Application, Lorg/codehaus/janino/UnitCompiler$16, visitArrayAccessExpression(Lorg/codehaus/janino/Java$ArrayAccessExpression;)V >"	8	10
"< Application, Lorg/codehaus/janino/UnitCompiler$15, visitParenthesizedExpression(Lorg/codehaus/janino/Java$ParenthesizedExpression;)V >"	6	7
"< Application, Lorg/codehaus/janino/UnitCompiler$16, visitAmbiguousName(Lorg/codehaus/janino/Java$AmbiguousName;)V >"	8	10
"< Application, Lorg/codehaus/janino/ScriptEvaluator, createFastEvaluator(Lorg/codehaus/janino/ScriptEvaluator;Lorg/codehaus/janino/Scanner;[Ljava/lang/String;Ljava/lang/Class;)Ljava/lang/Object; >"	20	46
"< Application, Lorg/codehaus/janino/UnitCompiler, getType(Lorg/codehaus/janino/Java$Atom;)Lorg/codehaus/janino/IClass; >"	14	10
"< Application, Lorg/codehaus/janino/util/Benchmark, report(Ljava/lang/String;Ljava/lang/Object;)V >"	72	70
"< Application, Lorg/codehaus/janino/UnitCompiler$3, visitPackageMemberInterfaceDeclaration(Lorg/codehaus/janino/Java$PackageMemberInterfaceDeclaration;)V >"	6	7
"< Application, Lorg/codehaus/janino/Compiler, compile([Lorg/codehaus/janino/util/resource/Resource;)Z >"	80	113
"< Application, Lorg/codehaus/janino/util/MultiIterator$1, remove()V >"	2	3
"< Application, Lorg/sunflow/core/renderer/ProgressiveRenderer$SmallBucketThread, run()V >"	22	25
"< Application, Lorg/codehaus/janino/UnitCompiler$7, visitLocalVariableAccess(Lorg/codehaus/janino/Java$LocalVariableAccess;)V >"	6	7
"< Application, Lorg/codehaus/janino/Java$Literal, <init>(Lorg/codehaus/janino/Location;Ljava/lang/Object;)V >"	20	15
"< Application, Lorg/codehaus/janino/Descriptor, getPackageName(Ljava/lang/String;)Ljava/lang/String; >"	9	19
"< Application, Lorg/apache/commons/cli/Parser, checkRequiredOptions()V >"	6	8
"< Application, Lorg/codehaus/janino/JavaSourceClassLoader, generateBytecodes(Ljava/lang/String;)Ljava/util/Map; >"	29	42
"< Application, Lorg/codehaus/janino/UnitCompiler$16, visitNewClassInstance(Lorg/codehaus/janino/Java$NewClassInstance;)V >"	8	10
"< Application, Lorg/codehaus/janino/UnitCompiler$15, visitFieldAccess(Lorg/codehaus/janino/Java$FieldAccess;)V >"	6	7
"< Application, Lorg/sunflow/Benchmark, print(Lorg/sunflow/system/UI$Module;Lorg/sunflow/system/UI$PrintLevel;Ljava/lang/String;)V >"	13	15
"< Application, Lorg/codehaus/janino/UnitCompiler, ilfd(Lorg/codehaus/janino/IClass;)I >"	27	11
"< Application, Lorg/codehaus/janino/UnitCompiler$11, visitUnaryOperation(Lorg/codehaus/janino/Java$UnaryOperation;)V >"	8	10
"< Application, Lorg/codehaus/janino/Scanner, internalRead()Lorg/codehaus/janino/Scanner$Token; >"	54	137
"< Application, Lorg/codehaus/janino/util/ClassFile$ConstantPoolInfo, loadConstantPoolInfo(Ljava/io/DataInputStream;)Lorg/codehaus/janino/util/ClassFile$ConstantPoolInfo; >"	56	5
"< Application, Lorg/codehaus/janino/Java$ConstructorInvocation, setEnclosingScope(Lorg/codehaus/janino/Java$Scope;)V >"	13	6
"< Application, Lorg/codehaus/janino/UnitCompiler, <init>(Lorg/codehaus/janino/Java$CompilationUnit;Lorg/codehaus/janino/IClassLoader;)V >"	29	22
"< Application, Lorg/codehaus/janino/Java$QualifiedThisReference, <init>(Lorg/codehaus/janino/Location;Lorg/codehaus/janino/Java$Type;)V >"	7	7
"< Application, Lorg/codehaus/janino/Java$CompilationUnit, setPackageDeclaration(Lorg/codehaus/janino/Java$PackageDeclaration;)V >"	4	6
"< Application, Lorg/sunflow/core/primitive/CornellBox, getRadiance(Lorg/sunflow/core/ShadingState;)Lorg/sunflow/image/Color; >"	43	9
"< Application, Lorg/codehaus/janino/util/iterator/ReverseListIterator, previousIndex()I >"	2	3
"< Application, Lorg/dacapo/parser/ConfigFileTokenManager, getNextToken()Lorg/dacapo/parser/Token; >"	187	154
"< Application, Lorg/codehaus/janino/Access, class$(Ljava/lang/String;)Ljava/lang/Class; >"	6	6
"< Application, Lorg/codehaus/janino/Scanner, stringToIntegerLiteralToken(Ljava/lang/String;I)Lorg/codehaus/janino/Scanner$LiteralToken; >"	48	31
"< Application, Lorg/codehaus/janino/JavaSourceIClassLoader, findIClass(Ljava/lang/String;)Lorg/codehaus/janino/IClass; >"	109	90
"< Application, Lorg/codehaus/janino/ClassLoaderIClassLoader, <init>(Ljava/lang/ClassLoader;)V >"	4	7
"< Application, Lorg/sunflow/core/accel/KDTree, buildTree(FFFFFFLorg/sunflow/core/accel/KDTree$BuildTask;ILorg/sunflow/util/IntArray;ILorg/sunflow/util/IntArray;Lorg/sunflow/core/accel/KDTree$BuildStats;)V >"	216	397
"< Application, Lorg/codehaus/janino/util/iterator/MultiDimensionalIterator$1, next()Ljava/lang/Object; >"	2	3
"< Application, Lorg/dacapo/harness/Benchmark, unpackZipFileResource(Ljava/lang/String;Ljava/io/File;)V >"	10	12
"< Application, Lorg/codehaus/janino/UnitCompiler, ilfd(Lorg/codehaus/janino/IClass;IIII)I >"	27	15
"< Application, Lorg/codehaus/janino/UnitCompiler$11, visitBinaryOperation(Lorg/codehaus/janino/Java$BinaryOperation;)V >"	8	10
"< Application, Lorg/codehaus/janino/UnitCompiler$13, visitInitializer(Lorg/codehaus/janino/Java$Initializer;)V >"	8	10
"< Application, Lorg/codehaus/janino/Scanner, scanNumericLiteral(I)Lorg/codehaus/janino/Scanner$Token; >"	224	164
"< Application, Lorg/sunflow/core/display/OpenExrDisplay, imageBegin(III)V >"	9	15
"< Application, Lorg/codehaus/janino/ScriptEvaluator, createFastEvaluator(Lorg/codehaus/janino/ScriptEvaluator;Lorg/codehaus/janino/Scanner;[Ljava/lang/String;Ljava/lang/Class;)Ljava/lang/Object; >"	48	37
"< Application, Lorg/codehaus/janino/UnitCompiler$4, visitInitializer(Lorg/codehaus/janino/Java$Initializer;)V >"	8	10
"< Application, Lorg/codehaus/janino/UnitCompiler, findClassByName(Lorg/codehaus/janino/Location;Ljava/lang/String;)Lorg/codehaus/janino/IClass; >"	16	18
"< Application, Lorg/codehaus/janino/UnitCompiler$4, visitLocalClassDeclarationStatement(Lorg/codehaus/janino/Java$LocalClassDeclarationStatement;)V >"	8	10
"< Application, Lorg/codehaus/janino/Descriptor, toString(Ljava/lang/String;ILjava/lang/StringBuffer;)I >"	29	79
"< Application, Lorg/codehaus/janino/UnitCompiler$7, visitCrement(Lorg/codehaus/janino/Java$Crement;)V >"	6	7
"< Application, Lorg/codehaus/janino/UnitCompiler$8, visitCast(Lorg/codehaus/janino/Java$Cast;)V >"	8	9
"< Application, Lorg/dacapo/parser/Config, setJar(Ljava/lang/String;)V >"	4	6
"< Application, Lorg/codehaus/janino/UnitCompiler$16, visitCrement(Lorg/codehaus/janino/Java$Crement;)V >"	8	10
"< Application, Lorg/codehaus/janino/UnparseVisitor, visitSwitchStatement(Lorg/codehaus/janino/Java$SwitchStatement;)V >"	33	59
"< Application, Lorg/sunflow/core/primitive/CornellBox, intersectPrimitive(Lorg/sunflow/core/Ray;ILorg/sunflow/core/IntersectionState;)V >"	89	96
"< Application, Lorg/codehaus/janino/UnitCompiler$16, visitConditionalExpression(Lorg/codehaus/janino/Java$ConditionalExpression;)V >"	8	10
"< Application, Lorg/codehaus/janino/ClassBodyEvaluator, makeCompilationUnit(Lorg/codehaus/janino/Scanner;)Lorg/codehaus/janino/Java$CompilationUnit; >"	31	42
"< Application, Lorg/codehaus/janino/UnitCompiler, findMostSpecificIInvocable(Lorg/codehaus/janino/Java$Locatable;[Lorg/codehaus/janino/IClass$IInvocable;[Lorg/codehaus/janino/IClass;Z)Lorg/codehaus/janino/IClass$IInvocable; >"	93	114
"< Application, Lorg/dacapo/harness/CommandLineArgs, <init>([Ljava/lang/String;)V >"	50	59
"< Application, Lorg/codehaus/janino/UnitCompiler$16, visitBinaryOperation(Lorg/codehaus/janino/Java$BinaryOperation;)V >"	8	10
"< Application, Lorg/codehaus/janino/SimpleCompiler, assertNotCooked()V >"	4	5
"< Application, Lorg/codehaus/janino/UnitCompiler$7, visitConditionalExpression(Lorg/codehaus/janino/Java$ConditionalExpression;)V >"	6	7
"< Application, Lorg/sunflow/core/primitive/CornellBox, scatterPhoton(Lorg/sunflow/core/ShadingState;Lorg/sunflow/image/Color;)V >"	37	10
"< Application, Lorg/codehaus/janino/Java$ClassDeclaration, defineSyntheticField(Lorg/codehaus/janino/IClass$IField;)V >"	4	24
"< Application, Lorg/codehaus/janino/UnitCompiler$9, visitFieldAccess(Lorg/codehaus/janino/Java$FieldAccess;)V >"	8	10
"< Application, Lorg/codehaus/janino/UnitCompiler, compileError(Ljava/lang/String;Lorg/codehaus/janino/Location;)V >"	10	10
"< Application, Lorg/codehaus/janino/UnitCompiler$8, visitBinaryOperation(Lorg/codehaus/janino/Java$BinaryOperation;)V >"	8	9
"< Application, Lorg/codehaus/janino/UnitCompiler, compileBoolean(Lorg/codehaus/janino/Java$Rvalue;Lorg/codehaus/janino/CodeContext$Offset;Z)V >"	6	10
"< Application, Lorg/codehaus/janino/util/ClassFile, <init>(Ljava/io/InputStream;)V >"	31	47
"< Application, Lorg/codehaus/janino/UnitCompiler$3, visitAnonymousClassDeclaration(Lorg/codehaus/janino/Java$AnonymousClassDeclaration;)V >"	6	7
"< Application, Lorg/codehaus/janino/UnitCompiler, getType2(Lorg/codehaus/janino/Java$BasicType;)Lorg/codehaus/janino/IClass; >"	27	5
"< Application, Lorg/codehaus/janino/Scanner, unescapeCharacterLiteral()C >"	47	39
"< Application, Lorg/codehaus/janino/UnitCompiler, compile(Lorg/codehaus/janino/Java$FunctionDeclarator;Lorg/codehaus/janino/util/ClassFile;)V >"	156	217
"< Application, Lorg/codehaus/janino/UnitCompiler$11, visitLiteral(Lorg/codehaus/janino/Java$Literal;)V >"	8	10
"< Application, Lorg/codehaus/janino/UnitCompiler$8, visitArrayAccessExpression(Lorg/codehaus/janino/Java$ArrayAccessExpression;)V >"	8	9
"< Application, Lorg/codehaus/janino/UnitCompiler$8, visitNewClassInstance(Lorg/codehaus/janino/Java$NewClassInstance;)V >"	8	9
"< Application, Lorg/codehaus/janino/CodeContext, flowAnalysis(Ljava/lang/String;[BIII[B)V >"	134	208
"< Application, Lorg/codehaus/janino/util/enumerator/EnumeratorSet, contains(Lorg/codehaus/janino/util/enumerator/Enumerator;)Z >"	14	10
"< Application, Lorg/dacapo/parser/ConfigFile, jj_consume_token(I)Lorg/dacapo/parser/Token; >"	24	17
"< Application, Lorg/codehaus/janino/UnitCompiler$8, visitLocalVariableAccess(Lorg/codehaus/janino/Java$LocalVariableAccess;)V >"	8	9
"< Application, Lorg/codehaus/janino/UnitCompiler, binaryNumericPromotion(Lorg/codehaus/janino/Java$Locatable;Lorg/codehaus/janino/IClass;Lorg/codehaus/janino/CodeContext$Inserter;Lorg/codehaus/janino/IClass;Lorg/codehaus/janino/CodeContext$Inserter;)Lorg/codehaus/janino/IClass; >"	28	32
"< Application, Lorg/codehaus/janino/Compiler, storeClassFile(Lorg/codehaus/janino/util/ClassFile;Ljava/io/File;)V >"	25	24
"< Application, Lorg/codehaus/janino/tools/JGrep, class$(Ljava/lang/String;)Ljava/lang/Class; >"	6	6
"< Application, Lorg/codehaus/janino/UnitCompiler$8, visitAssignment(Lorg/codehaus/janino/Java$Assignment;)V >"	8	9
"< Application, Lorg/codehaus/janino/ScriptEvaluator, cook([Lorg/codehaus/janino/Scanner;)V >"	44	163
"< Application, Lorg/dacapo/parser/SimpleCharStream, ExpandBuff(Z)V >"	88	78
"< Application, Lorg/codehaus/janino/ScriptEvaluator, getMethod(I)Ljava/lang/reflect/Method; >"	4	8
"< Application, Lorg/codehaus/janino/ClassFileIClass, getSuperclass2()Lorg/codehaus/janino/IClass; >"	12	11
"< Application, Lorg/codehaus/janino/Compiler$CompilerIClassLoader, defineIClassFromSourceResource(Lorg/codehaus/janino/util/resource/Resource;Ljava/lang/String;)Lorg/codehaus/janino/IClass; >"	39	18
"< Application, Lorg/codehaus/janino/UnitCompiler$8, visitFieldAccess(Lorg/codehaus/janino/Java$FieldAccess;)V >"	8	9
"< Application, Lorg/dacapo/parser/ConfigFile, configFile()Lorg/dacapo/parser/Config; >"	18	23
"< Application, Lorg/codehaus/janino/UnitCompiler, getConstantValue(Lorg/codehaus/janino/Java$Rvalue;)Ljava/lang/Object; >"	15	12
"< Application, Lorg/codehaus/janino/util/iterator/TraversingIterator, next()Ljava/lang/Object; >"	6	8
"< Application, Lorg/codehaus/janino/UnitCompiler$16, visitUnaryOperation(Lorg/codehaus/janino/Java$UnaryOperation;)V >"	8	10
"< Application, Lorg/codehaus/janino/UnitCompiler, loadFullyQualifiedClass([Ljava/lang/String;)Lorg/codehaus/janino/IClass; >"	34	45
"< Application, Lorg/codehaus/janino/ScriptEvaluator, createFastEvaluator(Lorg/codehaus/janino/ScriptEvaluator;Lorg/codehaus/janino/Scanner;[Ljava/lang/String;Ljava/lang/Class;)Ljava/lang/Object; >"	9	58
"< Application, Lorg/codehaus/janino/UnitCompiler$10, visitNewArray(Lorg/codehaus/janino/Java$NewArray;)V >"	8	10
"< Application, Lorg/codehaus/janino/UnitCompiler$10, visitCast(Lorg/codehaus/janino/Java$Cast;)V >"	8	10
"< Application, Lorg/sunflow/util/FastHashMap, resize(I)V >"	42	49
"< Application, Lorg/codehaus/janino/CodeContext, flowAnalysis(Ljava/lang/String;[BIII[B)V >"	64	230
"< Application, Lorg/codehaus/janino/UnitCompiler$7, visitUnaryOperation(Lorg/codehaus/janino/Java$UnaryOperation;)V >"	6	7
"< Application, Lorg/codehaus/janino/UnitCompiler$10, visitNewAnonymousClassInstance(Lorg/codehaus/janino/Java$NewAnonymousClassInstance;)V >"	8	10
"< Application, Lorg/sunflow/core/ParameterList, addStringArray(Ljava/lang/String;[Ljava/lang/String;)V >"	3	9
"< Application, Lorg/codehaus/janino/UnitCompiler$8, visitNewAnonymousClassInstance(Lorg/codehaus/janino/Java$NewAnonymousClassInstance;)V >"	8	9
"< Application, Lorg/codehaus/janino/Scanner, stringToFloatLiteralToken(Ljava/lang/String;)Lorg/codehaus/janino/Scanner$LiteralToken; >"	10	7
"< Application, Lorg/sunflow/core/ParameterList, addColor(Ljava/lang/String;Lorg/sunflow/image/Color;)V >"	3	9
"< Application, Lorg/dacapo/parser/Config, setThreadFactor(Ljava/lang/String;I)V >"	6	21
"< Application, Lorg/codehaus/janino/ReflectionIClass$ReflectionIConstructor, getParameterTypes()[Lorg/codehaus/janino/IClass; >"	33	23
"< Application, Lorg/codehaus/janino/Scanner, stringToLongLiteralToken(Ljava/lang/String;I)Lorg/codehaus/janino/Scanner$LiteralToken; >"	68	5
"< Application, Lorg/dacapo/harness/Sunflow, validate(Ljava/lang/String;)Z >"	12	13
"< Application, Lorg/codehaus/janino/UnitCompiler$4, visitLabeledStatement(Lorg/codehaus/janino/Java$LabeledStatement;)V >"	8	10
"< Application, Lorg/codehaus/janino/UnitCompiler$7, visitArrayAccessExpression(Lorg/codehaus/janino/Java$ArrayAccessExpression;)V >"	6	7
"< Application, Lorg/dacapo/harness/Benchmark, run(Lorg/dacapo/harness/Callback;Ljava/lang/String;)Z >"	27	27
"< Application, Lorg/dacapo/parser/Config, getThreadCount(Ljava/lang/String;)I >"	20	10
"< Application, Lorg/codehaus/janino/ClassFileIClass$1, getParameterTypes()[Lorg/codehaus/janino/IClass; >"	8	44
"< Application, Lorg/dacapo/parser/ConfigFile, ReInit(Ljava/io/InputStream;Ljava/lang/String;)V >"	6	9
"< Application, Lorg/codehaus/janino/tools/Disassembler$32, disasm(Ljava/io/DataInputStream;ILorg/codehaus/janino/tools/Disassembler$LocalVariableTableAttribute;Lorg/codehaus/janino/tools/Disassembler;)V >"	12	16
"< Application, Lorg/codehaus/janino/UnitCompiler, compileGet2(Lorg/codehaus/janino/Java$Assignment;)Lorg/codehaus/janino/IClass; >"	40	34
"< Application, Lorg/codehaus/janino/UnitCompiler, last([Ljava/lang/String;)Ljava/lang/String; >"	4	9
"< Application, Lorg/codehaus/janino/UnitCompiler$9, visitArrayAccessExpression(Lorg/codehaus/janino/Java$ArrayAccessExpression;)V >"	8	10
"< Application, Lorg/codehaus/janino/SimpleCompiler, getClassLoader()Ljava/lang/ClassLoader; >"	16	14
"< Application, Lorg/codehaus/janino/UnitCompiler$16, visitAssignment(Lorg/codehaus/janino/Java$Assignment;)V >"	8	10
"< Application, Lorg/codehaus/janino/ClassFileIClass, getDeclaredIFields2()[Lorg/codehaus/janino/IClass$IField; >"	16	24
"< Application, Lorg/codehaus/janino/ClassBodyEvaluator, createFastClassBodyEvaluator(Lorg/codehaus/janino/Scanner;Ljava/lang/String;Ljava/lang/Class;[Ljava/lang/Class;Ljava/lang/ClassLoader;)Ljava/lang/Object; >"	8	19
"< Application, Lorg/codehaus/janino/UnitCompiler$16, visitQualifiedThisReference(Lorg/codehaus/janino/Java$QualifiedThisReference;)V >"	8	10
"< Application, Lorg/apache/commons/cli/TypeHandler, createFiles(Ljava/lang/String;)[Ljava/io/File; >"	2	3
"< Application, Lorg/codehaus/janino/UnitCompiler, compile2(Lorg/codehaus/janino/Java$IfStatement;)Z >"	49	110
"< Application, Lorg/dacapo/parser/Config, setThreadLimit(Ljava/lang/String;I)V >"	12	13
"< Application, Lorg/codehaus/janino/UnitCompiler$10, visitUnaryOperation(Lorg/codehaus/janino/Java$UnaryOperation;)V >"	8	10
"< Application, Lorg/dacapo/parser/Config, setThreadFactor(Ljava/lang/String;I)V >"	10	18
"< Application, Lorg/codehaus/janino/UnitCompiler$3, visitPackageMemberClassDeclaration(Lorg/codehaus/janino/Java$PackageMemberClassDeclaration;)V >"	6	7
"< Application, Lorg/codehaus/janino/UnitCompiler, dup(Lorg/codehaus/janino/Java$Locatable;I)V >"	12	5
"< Application, Lorg/codehaus/janino/UnitCompiler$10, visitClassLiteral(Lorg/codehaus/janino/Java$ClassLiteral;)V >"	8	10
"< Application, Lorg/codehaus/janino/UnitCompiler$12, visitParenthesizedExpression(Lorg/codehaus/janino/Java$ParenthesizedExpression;)V >"	8	10
"< Application, Lorg/codehaus/janino/tools/Disassembler, readConstantPoolInfo(Ljava/io/DataInputStream;)Lorg/codehaus/janino/tools/Disassembler$ConstantPoolInfo; >"	57	6
"< Application, Lorg/codehaus/janino/UnitCompiler$10, visitParenthesizedExpression(Lorg/codehaus/janino/Java$ParenthesizedExpression;)V >"	8	10
"< Application, Lorg/codehaus/janino/CachingJavaSourceClassLoader, writeResource(Lorg/codehaus/janino/util/resource/ResourceCreator;Ljava/lang/String;[B)V >"	6	8
"< Application, Lorg/codehaus/janino/IClassLoader, loadIClass(Ljava/lang/String;)Lorg/codehaus/janino/IClass; >"	95	27
"< Application, Lorg/codehaus/janino/util/enumerator/EnumeratorSet, containsAllOf(Lorg/codehaus/janino/util/enumerator/EnumeratorSet;)Z >"	14	10
"< Application, Lorg/codehaus/janino/UnitCompiler$7, visitParenthesizedExpression(Lorg/codehaus/janino/Java$ParenthesizedExpression;)V >"	6	7
"< Application, Lorg/codehaus/janino/UnitCompiler$3, visitMemberClassDeclaration(Lorg/codehaus/janino/Java$MemberClassDeclaration;)V >"	6	7
"< Application, Lorg/codehaus/janino/UnitCompiler$4, visitIfStatement(Lorg/codehaus/janino/Java$IfStatement;)V >"	8	10
"< Application, Lorg/codehaus/janino/util/enumerator/EnumeratorSet, add(Lorg/codehaus/janino/util/enumerator/EnumeratorSet;)Lorg/codehaus/janino/util/enumerator/EnumeratorSet; >"	14	25
"< Application, Lorg/codehaus/janino/UnitCompiler$4, visitExpressionStatement(Lorg/codehaus/janino/Java$ExpressionStatement;)V >"	8	10
"< Application, Lorg/codehaus/janino/Descriptor, toString(Ljava/lang/String;)Ljava/lang/String; >"	24	36
"< Application, Lorg/codehaus/janino/Scanner$Token, getOperator()Ljava/lang/String; >"	3	3
"< Application, Lorg/codehaus/janino/tools/Disassembler, disasm(Ljava/io/File;)V >"	7	7
"< Application, Lorg/codehaus/janino/UnitCompiler$10, visitFieldAccessExpression(Lorg/codehaus/janino/Java$FieldAccessExpression;)V >"	8	10
"< Application, Lorg/codehaus/janino/UnitCompiler$6, visitLocalVariableDeclarationStatement(Lorg/codehaus/janino/Java$LocalVariableDeclarationStatement;)V >"	9	11
"< Application, Lorg/codehaus/janino/UnitCompiler, compile(Lorg/codehaus/janino/Java$BlockStatement;)Z >"	8	10
"< Application, Lorg/codehaus/janino/UnitCompiler, compileGet2(Lorg/codehaus/janino/Java$ClassLiteral;)Lorg/codehaus/janino/IClass; >"	70	27
"< Application, Lorg/codehaus/janino/UnitCompiler$8, visitInstanceof(Lorg/codehaus/janino/Java$Instanceof;)V >"	8	9
"< Application, Lorg/codehaus/janino/UnitCompiler$29, getComponentType2()Lorg/codehaus/janino/IClass; >"	2	3
"< Application, Lorg/codehaus/janino/UnitCompiler$7, visitNewInitializedArray(Lorg/codehaus/janino/Java$NewInitializedArray;)V >"	6	7
"< Application, Lorg/dacapo/parser/SimpleCharStream, FillBuff()V >"	60	37
"< Application, Lorg/codehaus/janino/Compiler$CompilerIClassLoader, defineIClassFromSourceResource(Lorg/codehaus/janino/util/resource/Resource;Ljava/lang/String;)Lorg/codehaus/janino/IClass; >"	48	58
"< Application, Lorg/codehaus/janino/UnitCompiler$10, visitLiteral(Lorg/codehaus/janino/Java$Literal;)V >"	8	10
"< Application, Lorg/codehaus/janino/util/CausedException, class$(Ljava/lang/String;)Ljava/lang/Class; >"	6	6
"< Application, Lorg/codehaus/janino/Compiler, class$(Ljava/lang/String;)Ljava/lang/Class; >"	6	6
"< Application, Lorg/codehaus/janino/CachingJavaSourceClassLoader, generateBytecodes(Ljava/lang/String;)Ljava/util/Map; >"	53	43
"< Application, Lorg/codehaus/janino/UnitCompiler$7, visitQualifiedThisReference(Lorg/codehaus/janino/Java$QualifiedThisReference;)V >"	6	7
"< Application, Lorg/codehaus/janino/UnitCompiler$16, visitMethodInvocation(Lorg/codehaus/janino/Java$MethodInvocation;)V >"	8	10
"< Application, Lorg/codehaus/janino/UnitCompiler$4, visitForStatement(Lorg/codehaus/janino/Java$ForStatement;)V >"	8	10
"< Application, Lorg/codehaus/janino/Scanner, unescapeCharacterLiteral()C >"	4	54
"< Application, Lorg/codehaus/janino/UnitCompiler$7, visitNewArray(Lorg/codehaus/janino/Java$NewArray;)V >"	6	7
"< Application, Lorg/codehaus/janino/util/iterator/ProducerIterator, next()Ljava/lang/Object; >"	10	12
"< Application, Lorg/codehaus/janino/UnitCompiler, compile2(Lorg/codehaus/janino/Java$FieldDeclaration;)Z >"	35	55
"< Application, Lorg/dacapo/harness/CommandLineArgs, makeOption(Ljava/lang/String;Ljava/lang/String;Ljava/lang/String;Ljava/lang/String;)Lorg/apache/commons/cli/Option; >"	5	16
"< Application, Lorg/codehaus/janino/tools/JGrep, jGrep(Ljava/util/Iterator;Ljava/util/List;)V >"	49	82
"< Application, Lorg/codehaus/janino/ClassFileIClass, getOuterIClass2()Lorg/codehaus/janino/IClass; >"	27	28
"< Application, Lorg/codehaus/janino/util/iterator/MultiDimensionalIterator, remove()V >"	2	3
"< Application, Lorg/codehaus/janino/UnitCompiler, compileSet(Lorg/codehaus/janino/Java$Lvalue;)V >"	6	8
"< Application, Lorg/apache/commons/cli/TypeHandler, createObject(Ljava/lang/String;)Ljava/lang/Object; >"	24	21
"< Application, Lorg/codehaus/janino/Compiler$CompilerIClassLoader, defineIClassFromClassFileResource(Lorg/codehaus/janino/util/resource/Resource;)Lorg/codehaus/janino/IClass; >"	24	29
"< Application, Lorg/codehaus/janino/UnitCompiler$10, visitAmbiguousName(Lorg/codehaus/janino/Java$AmbiguousName;)V >"	8	10
"< Application, Lorg/codehaus/janino/UnitCompiler, buildLocalVariableMap(Lorg/codehaus/janino/Java$BlockStatement;Ljava/util/Map;)Ljava/util/Map; >"	8	12
"< Application, Lorg/codehaus/janino/Scanner, stringToLongLiteralToken(Ljava/lang/String;I)Lorg/codehaus/janino/Scanner$LiteralToken; >"	51	34
"< Application, Lorg/codehaus/janino/UnitCompiler$8, visitClassLiteral(Lorg/codehaus/janino/Java$ClassLiteral;)V >"	8	9
"< Application, Lorg/codehaus/janino/util/iterator/TraversingIterator, remove()V >"	2	3
"< Application, Lorg/codehaus/janino/tools/JGrep$5, traverseSuperclassMethodInvocation(Lorg/codehaus/janino/Java$SuperclassMethodInvocation;)V >"	7	9
"< Application, Lorg/codehaus/janino/Scanner, internalRead()Lorg/codehaus/janino/Scanner$Token; >"	294	226
"< Application, Lorg/codehaus/janino/Cookable, cookFile(Ljava/io/File;Ljava/lang/String;)V >"	11	13
"< Application, Lorg/codehaus/janino/ReflectionIClass$ReflectionIConstructor, getParameterTypes()[Lorg/codehaus/janino/IClass; >"	17	47
"< Application, Lorg/codehaus/janino/Scanner, internalRead()Lorg/codehaus/janino/Scanner$Token; >"	181	121
"< Application, Lorg/codehaus/janino/UnitCompiler$12, visitUnaryOperation(Lorg/codehaus/janino/Java$UnaryOperation;)V >"	8	10
"< Application, Lorg/dacapo/parser/ConfigFile, threadModel()Lorg/dacapo/parser/Config$ThreadModel; >"	22	14
"< Application, Lorg/codehaus/janino/util/enumerator/EnumeratorSet, containsAnyOf(Lorg/codehaus/janino/util/enumerator/EnumeratorSet;)Z >"	14	18
"< Application, Lorg/codehaus/janino/ExpressionEvaluator, class$(Ljava/lang/String;)Ljava/lang/Class; >"	6	6
"< Application, Lorg/codehaus/janino/UnitCompiler, compileGetValue(Lorg/codehaus/janino/Java$ArrayInitializer;Lorg/codehaus/janino/IClass;)V >"	43	59
"< Application, Lorg/codehaus/janino/Scanner$Token, getIdentifier()Ljava/lang/String; >"	3	3
"< Application, Lorg/apache/commons/cli/Parser, processArgs(Lorg/apache/commons/cli/Option;Ljava/util/ListIterator;)V >"	24	32
"< Application, Lorg/codehaus/janino/Scanner, stringToLongLiteralToken(Ljava/lang/String;I)Lorg/codehaus/janino/Scanner$LiteralToken; >"	17	80
"< Application, Lorg/apache/commons/cli/Option, clone()Ljava/lang/Object; >"	16	6
"< Application, Lorg/codehaus/janino/UnitCompiler$8, visitSuperclassMethodInvocation(Lorg/codehaus/janino/Java$SuperclassMethodInvocation;)V >"	8	9
"< Application, Lorg/codehaus/janino/util/enumerator/Enumerator, <init>(Ljava/lang/String;)V >"	4	12
"< Application, Lorg/codehaus/janino/UnitCompiler$9, visitAmbiguousName(Lorg/codehaus/janino/Java$AmbiguousName;)V >"	8	10
"< Application, LMMTkHarness, harnessEnd()V >"	7	10
"< Application, Lorg/codehaus/janino/util/ResourceFinderClassLoader, findClass(Ljava/lang/String;)Ljava/lang/Class; >"	37	41
"< Application, Lorg/codehaus/janino/Scanner, internalRead()Lorg/codehaus/janino/Scanner$Token; >"	94	133
"< Application, Lorg/codehaus/janino/UnitCompiler, declareClassDollarMethod(Lorg/codehaus/janino/Java$ClassLiteral;)V >"	34	34
"< Application, Lorg/codehaus/janino/CodeContext, flowAnalysis(Ljava/lang/String;[BIII[B)V >"	105	145
"< Application, Lorg/codehaus/janino/samples/DeclarationCounter, main([Ljava/lang/String;)V >"	15	62
"< Application, Lorg/codehaus/janino/Parser, parseInterfaceDeclarationRest(Ljava/lang/String;SLorg/codehaus/janino/Parser$InterfaceDeclarationContext;)Lorg/codehaus/janino/Java$InterfaceDeclaration; >"	25	22
"< Application, Lorg/codehaus/janino/UnitCompiler$8, visitNewInitializedArray(Lorg/codehaus/janino/Java$NewInitializedArray;)V >"	8	9
"< Application, Lorg/codehaus/janino/UnitCompiler$2, visitStaticImportOnDemandDeclaration(Lorg/codehaus/janino/Java$CompilationUnit$StaticImportOnDemandDeclaration;)V >"	6	7
"< Application, Lorg/codehaus/janino/UnitCompiler, compileGet2(Lorg/codehaus/janino/Java$ClassLiteral;)Lorg/codehaus/janino/IClass; >"	43	166
"< Application, Lorg/codehaus/janino/UnitCompiler, compileGet2(Lorg/codehaus/janino/Java$NewAnonymousClassInstance;)Lorg/codehaus/janino/IClass; >"	8	140
"< Application, Lorg/codehaus/janino/Scanner, readNextChar()V >"	8	7
"< Application, Lorg/codehaus/janino/CodeContext, flowAnalysis(Ljava/lang/String;[BIII[B)V >"	22	272
"< Application, Lorg/codehaus/janino/UnitCompiler$8, visitThisReference(Lorg/codehaus/janino/Java$ThisReference;)V >"	8	9
"< Application, Lorg/codehaus/janino/Scanner, literalValueToString(Ljava/lang/Object;)Ljava/lang/String; >"	105	12
"< Application, Lorg/codehaus/janino/CodeContext, flowAnalysis(Ljava/lang/String;[BIII[B)V >"	10	283
"< Application, Lorg/codehaus/janino/util/iterator/ProducerIterator, remove()V >"	2	3
"< Application, Lorg/codehaus/janino/UnitCompiler$8, visitNewArray(Lorg/codehaus/janino/Java$NewArray;)V >"	8	9
"< Application, Lorg/codehaus/janino/UnitCompiler$4, visitDoStatement(Lorg/codehaus/janino/Java$DoStatement;)V >"	8	10
"< Application, Lorg/codehaus/janino/IClassLoader, defineIClass(Lorg/codehaus/janino/IClass;)V >"	14	14
"< Application, Lorg/codehaus/janino/ScriptEvaluator, cook([Lorg/codehaus/janino/Scanner;)V >"	52	160
"< Application, Lorg/codehaus/janino/UnitCompiler$16, visitNewInitializedArray(Lorg/codehaus/janino/Java$NewInitializedArray;)V >"	8	10
"< Application, Lorg/codehaus/janino/Compiler$CompilerIClassLoader, defineIClassFromClassFileResource(Lorg/codehaus/janino/util/resource/Resource;)Lorg/codehaus/janino/IClass; >"	39	55
"< Application, Lorg/codehaus/janino/UnitCompiler, leave2(Lorg/codehaus/janino/Java$TryStatement;Lorg/codehaus/janino/IClass;)V >"	19	23
"< Application, Lorg/sunflow/image/IrregularSpectralCurve, <init>([F[F)V >"	16	25
"< Application, Lorg/codehaus/janino/Parser, throwParseException(Ljava/lang/String;)V >"	3	4
"< Application, Lorg/codehaus/janino/UnitCompiler$4, visitSuperConstructorInvocation(Lorg/codehaus/janino/Java$SuperConstructorInvocation;)V >"	8	10
"< Application, Lorg/codehaus/janino/Scanner, stringToDoubleLiteralToken(Ljava/lang/String;)Lorg/codehaus/janino/Scanner$LiteralToken; >"	20	67
"< Application, Lorg/codehaus/janino/util/ClassFile, loadAttribute(Ljava/io/DataInputStream;)Lorg/codehaus/janino/util/ClassFile$AttributeInfo; >"	63	67
"< Application, Lorg/codehaus/janino/UnitCompiler, compile2(Lorg/codehaus/janino/Java$TryStatement;)Z >"	119	133
"< Application, Lorg/sunflow/core/photonmap/GlobalPhotonMap, store(Lorg/sunflow/core/ShadingState;Lorg/sunflow/math/Vector3;Lorg/sunflow/image/Color;Lorg/sunflow/image/Color;)V >"	25	31
"< Application, Lorg/codehaus/janino/UnitCompiler$4, visitBlock(Lorg/codehaus/janino/Java$Block;)V >"	8	10
"< Application, Lorg/codehaus/janino/UnitCompiler$4, visitAlternateConstructorInvocation(Lorg/codehaus/janino/Java$AlternateConstructorInvocation;)V >"	8	10
"< Application, Lorg/codehaus/janino/tools/Disassembler$30, disasm(Ljava/io/DataInputStream;ILorg/codehaus/janino/tools/Disassembler$LocalVariableTableAttribute;Lorg/codehaus/janino/tools/Disassembler;)V >"	7	50
"< Application, Lorg/codehaus/janino/UnitCompiler$6, visitTryStatement(Lorg/codehaus/janino/Java$TryStatement;)V >"	7	8
"< Application, Lorg/codehaus/janino/UnitCompiler, reclassifyName(Lorg/codehaus/janino/Location;Lorg/codehaus/janino/Java$Scope;Ljava/lang/String;)Lorg/codehaus/janino/Java$Atom; >"	38	397
"< Application, Lorg/codehaus/janino/Scanner, internalRead()Lorg/codehaus/janino/Scanner$Token; >"	300	223
"< Application, Lorg/codehaus/janino/samples/ClassBodyDemo, class$(Ljava/lang/String;)Ljava/lang/Class; >"	6	6
"< Application, Lorg/codehaus/janino/util/CausedException, initCause(Ljava/lang/Throwable;)Ljava/lang/Throwable; >"	12	20
"< Application, Lorg/codehaus/janino/UnitCompiler$11, visitParenthesizedExpression(Lorg/codehaus/janino/Java$ParenthesizedExpression;)V >"	8	10
"< Application, Lorg/codehaus/janino/UnitCompiler$10, visitFieldAccess(Lorg/codehaus/janino/Java$FieldAccess;)V >"	8	10
"< Application, Lorg/codehaus/janino/ReflectionIClass$ReflectionIField, getConstantValue()Ljava/lang/Object; >"	31	27
"< Application, Lorg/codehaus/janino/Java$ClassDeclaration, defineSyntheticField(Lorg/codehaus/janino/IClass$IField;)V >"	15	22
"< Application, Lorg/dacapo/parser/Config, setThreadModel(Lorg/dacapo/parser/Config$ThreadModel;)V >"	4	6
"< Application, Lorg/codehaus/janino/tools/JGrep, jGrep(Ljava/util/Iterator;Ljava/util/List;)V >"	20	96
"< Application, Lorg/codehaus/janino/util/ClassFile$ConstantUtf8Info, store(Ljava/io/DataOutputStream;)V >"	7	9
"< Application, Lorg/codehaus/janino/ReflectionIClass, class$(Ljava/lang/String;)Ljava/lang/Class; >"	6	6
"< Application, Lorg/codehaus/janino/SimpleCompiler, getClassLoader()Ljava/lang/ClassLoader; >"	11	17
"< Application, Lorg/codehaus/janino/UnitCompiler, invokeConstructor(Lorg/codehaus/janino/Java$Locatable;Lorg/codehaus/janino/Java$Scope;Lorg/codehaus/janino/Java$Rvalue;Lorg/codehaus/janino/IClass;[Lorg/codehaus/janino/Java$Rvalue;)V >"	162	186
"< Application, Lorg/codehaus/janino/UnitCompiler, allButLast([Ljava/lang/String;)[Ljava/lang/String; >"	4	11
"< Application, Lorg/dacapo/harness/Benchmark, extractFileResource(Ljava/lang/String;Ljava/io/File;)V >"	22	34
"< Application, Lorg/codehaus/janino/Scanner, internalRead()Lorg/codehaus/janino/Scanner$Token; >"	173	124
"< Application, Lorg/apache/commons/cli/OptionValidator, validateOption(Ljava/lang/String;)V >"	15	36
"< Application, Lorg/codehaus/janino/Compiler$CompilerIClassLoader, defineIClassFromSourceResource(Lorg/codehaus/janino/util/resource/Resource;Ljava/lang/String;)Lorg/codehaus/janino/IClass; >"	30	31
"< Application, Lorg/codehaus/janino/UnitCompiler$16, visitParameterAccess(Lorg/codehaus/janino/Java$ParameterAccess;)V >"	8	10
"< Application, Lorg/codehaus/janino/Scanner, stringToIntegerLiteralToken(Ljava/lang/String;I)Lorg/codehaus/janino/Scanner$LiteralToken; >"	28	58
"< Application, Lorg/codehaus/janino/SimpleCompiler, classToType(Lorg/codehaus/janino/Location;Ljava/lang/Class;)Lorg/codehaus/janino/Java$Type; >"	29	34
"< Application, Lorg/codehaus/janino/UnitCompiler, compileBoolean2(Lorg/codehaus/janino/Java$BinaryOperation;Lorg/codehaus/janino/CodeContext$Offset;Z)V >"	275	152
"< Application, Lorg/codehaus/janino/UnitCompiler$8, visitCrement(Lorg/codehaus/janino/Java$Crement;)V >"	8	9
"< Application, Lorg/codehaus/janino/UnitCompiler, getCodeContext()Lorg/codehaus/janino/CodeContext; >"	4	5
"< Application, Lorg/codehaus/janino/ClassFileIClass$1, getParameterTypes()[Lorg/codehaus/janino/IClass; >"	25	21
"< Application, Lorg/codehaus/janino/MethodDescriptor, <init>(Ljava/lang/String;)V >"	31	55
"< Application, Lorg/codehaus/janino/ClassBodyEvaluator, getClazz()Ljava/lang/Class; >"	11	17
"< Application, Lorg/codehaus/janino/UnitCompiler$10, visitQualifiedThisReference(Lorg/codehaus/janino/Java$QualifiedThisReference;)V >"	8	10
"< Application, Lorg/apache/commons/cli/Option, addValueForProcessing(Ljava/lang/String;)V >"	4	6
"< Application, Lorg/codehaus/janino/UnitCompiler$4, visitSwitchStatement(Lorg/codehaus/janino/Java$SwitchStatement;)V >"	8	10
"< Application, Lorg/codehaus/janino/UnitCompiler$9, visitArrayLength(Lorg/codehaus/janino/Java$ArrayLength;)V >"	8	10
"< Application, Lorg/codehaus/janino/IClass, getInterfaces()[Lorg/codehaus/janino/IClass; >"	18	18
"< Application, Lorg/codehaus/janino/UnitCompiler$6, visitSwitchStatement(Lorg/codehaus/janino/Java$SwitchStatement;)V >"	7	8
"< Application, Lorg/codehaus/janino/Descriptor, getComponentDescriptor(Ljava/lang/String;)Ljava/lang/String; >"	9	10
"< Application, Lorg/codehaus/janino/CodeContext, makeSpace(SI)V >"	66	53
"< Application, Lorg/dacapo/parser/SimpleCharStream, FillBuff()V >"	46	35
"< Application, Lorg/sunflow/system/Parser, checkNextToken(Ljava/lang/String;)V >"	6	10
"< Application, Lorg/codehaus/janino/UnitCompiler$16, visitFieldAccess(Lorg/codehaus/janino/Java$FieldAccess;)V >"	8	10
"< Application, Lorg/codehaus/janino/tools/Disassembler$13, print(Ljava/util/Map;)V >"	34	87
"< Application, Lorg/dacapo/harness/Callback, runAgain()Z >"	101	34
"< Application, Lorg/codehaus/janino/UnitCompiler, invokeConstructor(Lorg/codehaus/janino/Java$Locatable;Lorg/codehaus/janino/Java$Scope;Lorg/codehaus/janino/Java$Rvalue;Lorg/codehaus/janino/IClass;[Lorg/codehaus/janino/Java$Rvalue;)V >"	11	225
"< Application, Lorg/codehaus/janino/ExpressionEvaluator, makeBlock(ILorg/codehaus/janino/Scanner;)Lorg/codehaus/janino/Java$Block; >"	60	68
"< Application, Lorg/codehaus/janino/Java$Statement, setEnclosingScope(Lorg/codehaus/janino/Java$Scope;)V >"	14	7
"< Application, Lorg/codehaus/janino/Scanner, stringToLongLiteralToken(Ljava/lang/String;I)Lorg/codehaus/janino/Scanner$LiteralToken; >"	29	63
"< Application, Lorg/codehaus/janino/UnitCompiler, compileBoolean2(Lorg/codehaus/janino/Java$BinaryOperation;Lorg/codehaus/janino/CodeContext$Offset;Z)V >"	239	171
"< Application, Lorg/codehaus/janino/UnitCompiler$6, visitWhileStatement(Lorg/codehaus/janino/Java$WhileStatement;)V >"	7	8
"< Application, LMMTkHarness, harnessBegin()V >"	7	10
"< Application, Lorg/codehaus/janino/Scanner, stringToIntegerLiteralToken(Ljava/lang/String;I)Lorg/codehaus/janino/Scanner$LiteralToken; >"	17	75
"< Application, Lorg/codehaus/janino/util/ClassFile, <init>(Ljava/io/InputStream;)V >"	12	63
"< Application, Lorg/codehaus/janino/UnitCompiler$16, visitCast(Lorg/codehaus/janino/Java$Cast;)V >"	8	10
"< Application, Lorg/codehaus/janino/ClassFileIClass, getDeclaredIMethods2()[Lorg/codehaus/janino/IClass$IMethod; >"	17	31
"< Application, Lorg/codehaus/janino/UnitCompiler$7, visitMethodInvocation(Lorg/codehaus/janino/Java$MethodInvocation;)V >"	6	7
"< Application, Lorg/codehaus/janino/UnitCompiler$10, visitMethodInvocation(Lorg/codehaus/janino/Java$MethodInvocation;)V >"	8	10
"< Application, Lorg/codehaus/janino/ScriptEvaluator, createFastEvaluator(Lorg/codehaus/janino/ScriptEvaluator;Ljava/lang/String;[Ljava/lang/String;Ljava/lang/Class;)Ljava/lang/Object; >"	9	14
"< Application, Lorg/codehaus/janino/UnitCompiler$8, visitArrayLength(Lorg/codehaus/janino/Java$ArrayLength;)V >"	8	9
"< Application, Lorg/codehaus/janino/samples/DemoBase, stringToType(Ljava/lang/String;)Ljava/lang/Class; >"	87	89
"< Application, Lorg/dacapo/harness/Benchmark, initialize()V >"	21	19
"< Application, Lorg/codehaus/janino/UnitCompiler$13, visitBlock(Lorg/codehaus/janino/Java$Block;)V >"	8	10
"< Application, Lorg/sunflow/core/photonmap/GridPhotonMap, store(Lorg/sunflow/core/ShadingState;Lorg/sunflow/math/Vector3;Lorg/sunflow/image/Color;Lorg/sunflow/image/Color;)V >"	116	121
"< Application, Lorg/codehaus/janino/ScriptEvaluator, cook([Lorg/codehaus/janino/Scanner;)V >"	36	166
"< Application, Lorg/codehaus/janino/UnitCompiler, declareClassDollarMethod(Lorg/codehaus/janino/Java$ClassLiteral;)V >"	50	51
"< Application, Lorg/codehaus/janino/UnitCompiler$10, visitCrement(Lorg/codehaus/janino/Java$Crement;)V >"	8	10
"< Application, Lorg/codehaus/janino/util/enumerator/EnumeratorSet, add(Lorg/codehaus/janino/util/enumerator/Enumerator;)Lorg/codehaus/janino/util/enumerator/EnumeratorSet; >"	14	15
"< Application, Lorg/codehaus/janino/JavaSourceIClassLoader, findIClass(Ljava/lang/String;)Lorg/codehaus/janino/IClass; >"	47	48
"< Application, Lorg/codehaus/janino/UnitCompiler$31, getAccess()Lorg/codehaus/janino/Access; >"	14	7
"< Application, Lorg/codehaus/janino/UnitCompiler, reverseUnaryNumericPromotion(Lorg/codehaus/janino/Java$Locatable;Lorg/codehaus/janino/IClass;Lorg/codehaus/janino/IClass;)V >"	10	16
"< Application, Lorg/apache/commons/cli/TypeHandler, createClass(Ljava/lang/String;)Ljava/lang/Class; >"	10	6
"< Application, Lorg/codehaus/janino/UnitCompiler$1, visitSingleTypeImportDeclaration(Lorg/codehaus/janino/Java$CompilationUnit$SingleTypeImportDeclaration;)V >"	6	7
"< Application, Lorg/codehaus/janino/Parser, parseClassDeclarationRest(Ljava/lang/String;SLorg/codehaus/janino/Parser$ClassDeclarationContext;)Lorg/codehaus/janino/Java$NamedClassDeclaration; >"	35	31
"< Application, Lorg/codehaus/janino/UnitCompiler$10, visitNewClassInstance(Lorg/codehaus/janino/Java$NewClassInstance;)V >"	8	10
"< Application, Lorg/codehaus/janino/UnitCompiler$15, visitAmbiguousName(Lorg/codehaus/janino/Java$AmbiguousName;)V >"	6	7
"< Application, Lorg/codehaus/janino/UnitCompiler$2, visitSingleStaticImportDeclaration(Lorg/codehaus/janino/Java$CompilationUnit$SingleStaticImportDeclaration;)V >"	6	7
"< Application, Lorg/codehaus/janino/SimpleCompiler$AuxiliaryClassLoader, addAuxiliaryClass(Ljava/lang/Class;)V >"	16	14
"< Application, Lorg/codehaus/janino/UnitCompiler, getNegatedConstantValue(Lorg/codehaus/janino/Java$Rvalue;)Ljava/lang/Object; >"	8	10
"< Application, Lorg/codehaus/janino/Scanner, unescapeCharacterLiteral()C >"	11	51
"< Application, Lorg/codehaus/janino/UnitCompiler$7, visitSuperclassMethodInvocation(Lorg/codehaus/janino/Java$SuperclassMethodInvocation;)V >"	6	7
"< Application, Lorg/codehaus/janino/Java, setEnclosingBlockStatement(Lorg/codehaus/janino/Java$ArrayInitializerOrRvalue;Lorg/codehaus/janino/Java$BlockStatement;)V >"	25	7
"< Application, Lorg/codehaus/janino/Descriptor, size(Ljava/lang/String;)S >"	17	11
"< Application, Lorg/codehaus/janino/ScriptEvaluator, cook([Lorg/codehaus/janino/Scanner;)V >"	12	175
"< Application, Lorg/codehaus/janino/UnitCompiler, compile2(Lorg/codehaus/janino/Java$IfStatement;)Z >"	36	117
"< Application, Lorg/codehaus/janino/UnitCompiler, dupx(Lorg/codehaus/janino/Java$Locatable;Lorg/codehaus/janino/IClass;I)V >"	8	16
"< Application, Lorg/codehaus/janino/UnparseVisitor, unparseArrayInitializerOrRvalue(Lorg/codehaus/janino/Java$ArrayInitializerOrRvalue;)V >"	41	7
"< Application, Lorg/codehaus/janino/UnitCompiler$3, visitMemberInterfaceDeclaration(Lorg/codehaus/janino/Java$MemberInterfaceDeclaration;)V >"	6	7
"< Application, Lorg/codehaus/janino/UnitCompiler$8, visitMethodInvocation(Lorg/codehaus/janino/Java$MethodInvocation;)V >"	8	9
"< Application, Lorg/codehaus/janino/JavaSourceClassLoader, class$(Ljava/lang/String;)Ljava/lang/Class; >"	6	6
"< Application, Lorg/codehaus/janino/UnitCompiler, compileArithmeticOperation(Lorg/codehaus/janino/Java$Locatable;Lorg/codehaus/janino/IClass;Ljava/util/Iterator;Ljava/lang/String;)Lorg/codehaus/janino/IClass; >"	67	245
"< Application, Lorg/codehaus/janino/UnitCompiler$4, visitThrowStatement(Lorg/codehaus/janino/Java$ThrowStatement;)V >"	8	10
"< Application, Lorg/codehaus/janino/UnitCompiler$15, visitSuperclassFieldAccessExpression(Lorg/codehaus/janino/Java$SuperclassFieldAccessExpression;)V >"	6	7
"< Application, Lorg/codehaus/janino/UnitCompiler$16, visitSuperclassFieldAccessExpression(Lorg/codehaus/janino/Java$SuperclassFieldAccessExpression;)V >"	8	10
"< Application, Lorg/codehaus/janino/ScriptEvaluator, cook([Lorg/codehaus/janino/Scanner;)V >"	3	178
"< Application, Lorg/codehaus/janino/ScriptEvaluator, createFastEvaluator(Lorg/codehaus/janino/ScriptEvaluator;Lorg/codehaus/janino/Scanner;[Ljava/lang/String;Ljava/lang/Class;)Ljava/lang/Object; >"	43	42
"< Application, Lorg/codehaus/janino/Java$1, traverseRvalue(Lorg/codehaus/janino/Java$Rvalue;)V >"	15	13
"< Application, Lorg/apache/commons/cli/TypeHandler, createDate(Ljava/lang/String;)Ljava/util/Date; >"	2	3
"< Application, Lorg/codehaus/janino/UnitCompiler$4, visitTryStatement(Lorg/codehaus/janino/Java$TryStatement;)V >"	8	10
"< Application, Lorg/codehaus/janino/tools/Disassembler, readAttributeInfo(Ljava/io/DataInputStream;)Lorg/codehaus/janino/tools/Disassembler$AttributeInfo; >"	17	47
"< Application, Lorg/codehaus/janino/UnitCompiler, getType2(Lorg/codehaus/janino/Java$Literal;)Lorg/codehaus/janino/IClass; >"	50	21
"< Application, Lorg/codehaus/janino/UnitCompiler$16, visitArrayType(Lorg/codehaus/janino/Java$ArrayType;)V >"	8	10
"< Application, Lorg/codehaus/janino/UnitCompiler, compileUnit(Lorg/codehaus/janino/util/enumerator/EnumeratorSet;)[Lorg/codehaus/janino/util/ClassFile; >"	12	58
"< Application, Lorg/codehaus/janino/UnitCompiler$8, visitParameterAccess(Lorg/codehaus/janino/Java$ParameterAccess;)V >"	8	9
"< Application, Lorg/sunflow/core/accel/BoundingIntervalHierarchy, subdivide(IILorg/sunflow/util/IntArray;[I[F[FIILorg/sunflow/core/accel/BoundingIntervalHierarchy$BuildStats;)V >"	35	307
"< Application, Lorg/codehaus/janino/util/CausedException, initCause(Ljava/lang/Throwable;)Ljava/lang/Throwable; >"	16	17
"< Application, Lorg/codehaus/janino/util/enumerator/EnumeratorSet, remove(Lorg/codehaus/janino/util/enumerator/Enumerator;)Lorg/codehaus/janino/util/enumerator/EnumeratorSet; >"	14	19
"< Application, Lorg/codehaus/janino/UnitCompiler, compileGet2(Lorg/codehaus/janino/Java$ClassLiteral;)Lorg/codehaus/janino/IClass; >"	139	107
"< Application, Lorg/codehaus/janino/UnitCompiler, compile2(Lorg/codehaus/janino/Java$PackageMemberTypeDeclaration;)V >"	46	60
"< Application, Lorg/codehaus/janino/tools/JGrep$5, traverseMethodInvocation(Lorg/codehaus/janino/Java$MethodInvocation;)V >"	7	9
"< Application, Lorg/codehaus/janino/UnitCompiler, compileArithmeticOperation(Lorg/codehaus/janino/Java$Locatable;Lorg/codehaus/janino/IClass;Ljava/util/Iterator;Ljava/lang/String;)Lorg/codehaus/janino/IClass; >"	181	96
"< Application, Lorg/codehaus/janino/Scanner, internalRead()Lorg/codehaus/janino/Scanner$Token; >"	114	131
"< Application, Lorg/codehaus/janino/util/enumerator/EnumeratorSet, remove(Lorg/codehaus/janino/util/enumerator/EnumeratorSet;)Lorg/codehaus/janino/util/enumerator/EnumeratorSet; >"	14	15
"< Application, Lorg/codehaus/janino/tools/Disassembler, readByteArray(Ljava/io/InputStream;I)[B >"	5	7
"< Application, Lorg/codehaus/janino/UnitCompiler$7, visitBinaryOperation(Lorg/codehaus/janino/Java$BinaryOperation;)V >"	6	7
"< Application, Lorg/codehaus/janino/Descriptor, toClassName(Ljava/lang/String;)Ljava/lang/String; >"	24	16
"< Application, Lorg/codehaus/janino/ClassFileIClass, resolveClass(Ljava/lang/String;)Lorg/codehaus/janino/IClass; >"	10	15
"< Application, Lorg/codehaus/janino/UnitCompiler, loadFullyQualifiedClass([Ljava/lang/String;)Lorg/codehaus/janino/IClass; >"	30	51
"< Application, Lorg/codehaus/janino/ClassBodyEvaluator, setClassName(Ljava/lang/String;)V >"	3	6
"< Application, Lorg/codehaus/janino/UnitCompiler, invokeConstructor(Lorg/codehaus/janino/Java$Locatable;Lorg/codehaus/janino/Java$Scope;Lorg/codehaus/janino/Java$Rvalue;Lorg/codehaus/janino/IClass;[Lorg/codehaus/janino/Java$Rvalue;)V >"	51	222
"< Application, Lorg/codehaus/janino/UnitCompiler, compile2(Lorg/codehaus/janino/Java$ClassDeclaration;)V >"	138	202
"< Application, Lorg/codehaus/janino/UnitCompiler$8, visitFieldAccessExpression(Lorg/codehaus/janino/Java$FieldAccessExpression;)V >"	8	9
"< Application, Lorg/apache/commons/cli/Option, addValue(Ljava/lang/String;)Z >"	2	4
"< Application, Lorg/codehaus/janino/UnitCompiler$6, visitInitializer(Lorg/codehaus/janino/Java$Initializer;)V >"	7	8
"< Application, Lorg/codehaus/janino/UnitCompiler, binaryNumericPromotion(Lorg/codehaus/janino/Java$Locatable;Lorg/codehaus/janino/IClass;Lorg/codehaus/janino/CodeContext$Inserter;Lorg/codehaus/janino/IClass;Lorg/codehaus/janino/CodeContext$Inserter;)Lorg/codehaus/janino/IClass; >"	18	22
"< Application, Lorg/codehaus/janino/SimpleCompiler, equals(Ljava/lang/Object;)Z >"	14	18
"< Application, Lorg/codehaus/janino/ClassLoaderIClassLoader, findIClass(Ljava/lang/String;)Lorg/codehaus/janino/IClass; >"	8	10
"< Application, Lorg/codehaus/janino/UnitCompiler$8, visitConditionalExpression(Lorg/codehaus/janino/Java$ConditionalExpression;)V >"	8	9
"< Application, Lorg/codehaus/janino/UnitCompiler$10, visitInstanceof(Lorg/codehaus/janino/Java$Instanceof;)V >"	8	10
"< Application, Lorg/codehaus/janino/UnparseVisitor, unparseDocComment(Lorg/codehaus/janino/Java$DocCommentable;)V >"	14	17
"< Application, Lorg/codehaus/janino/UnitCompiler$8, visitUnaryOperation(Lorg/codehaus/janino/Java$UnaryOperation;)V >"	8	9
"< Application, Lorg/codehaus/janino/util/ResourceFinderClassLoader, findClass(Ljava/lang/String;)Ljava/lang/Class; >"	42	67
"< Application, Lorg/codehaus/janino/ResourceFinderIClassLoader, findIClass(Ljava/lang/String;)Lorg/codehaus/janino/IClass; >"	17	15
"< Application, Lorg/codehaus/janino/ClassFileIClass, getDeclaredIClasses2()[Lorg/codehaus/janino/IClass; >"	24	34
"< Application, Lorg/codehaus/janino/UnitCompiler$8, visitLiteral(Lorg/codehaus/janino/Java$Literal;)V >"	8	9
"< Application, Lorg/sunflow/util/FastHashMap, resize(I)V >"	13	51
"< Application, Lorg/codehaus/janino/IClassLoader, postConstruct()V >"	36	52
"< Application, Lorg/codehaus/janino/UnitCompiler, compile(Lorg/codehaus/janino/Java$Rvalue;)V >"	6	8
"< Application, Lorg/sunflow/core/primitive/CornellBox, intersectPrimitive(Lorg/sunflow/core/Ray;ILorg/sunflow/core/IntersectionState;)V >"	83	98
"< Application, Lorg/sunflow/core/accel/BoundingIntervalHierarchy, subdivide(IILorg/sunflow/util/IntArray;[I[F[FIILorg/sunflow/core/accel/BoundingIntervalHierarchy$BuildStats;)V >"	61	304
"< Application, Lorg/codehaus/janino/UnitCompiler, compile2(Lorg/codehaus/janino/Java$Assignment;)V >"	39	33
"< Application, Lorg/codehaus/janino/UnicodeUnescapeReader, read()I >"	24	54
"< Application, Lorg/codehaus/janino/Scanner, stringToDoubleLiteralToken(Ljava/lang/String;)Lorg/codehaus/janino/Scanner$LiteralToken; >"	10	7
"< Application, Lorg/codehaus/janino/Compiler, parseCompilationUnit(Ljava/lang/String;Ljava/io/InputStream;Ljava/lang/String;)Lorg/codehaus/janino/Java$CompilationUnit; >"	24	35
"< Application, Lorg/codehaus/janino/ResourceFinderIClassLoader, findIClass(Ljava/lang/String;)Lorg/codehaus/janino/IClass; >"	30	32
"< Application, Lorg/codehaus/janino/UnitCompiler$6, visitBlock(Lorg/codehaus/janino/Java$Block;)V >"	7	8
"< Application, Lorg/codehaus/janino/util/iterator/MultiDimensionalIterator, hasNext()Z >"	65	54
"< Application, Lorg/dacapo/harness/Sunflow, preIteration(Ljava/lang/String;)V >"	30	40
"< Application, Lorg/codehaus/janino/DebuggingInformation, class$(Ljava/lang/String;)Ljava/lang/Class; >"	6	6
"< Application, Lorg/codehaus/janino/ScriptEvaluator, cook([Lorg/codehaus/janino/Scanner;)V >"	149	149
"< Application, Lorg/codehaus/janino/UnitCompiler$11, visitFieldAccess(Lorg/codehaus/janino/Java$FieldAccess;)V >"	8	10
"< Application, Lorg/codehaus/janino/Java$AbstractTypeDeclaration, setEnclosingScope(Lorg/codehaus/janino/Java$Scope;)V >"	14	7
"< Application, Lorg/sunflow/core/renderer/SimpleRenderer$BucketThread, run()V >"	27	31
"< Application, Lorg/codehaus/janino/UnitCompiler$11, visitAmbiguousName(Lorg/codehaus/janino/Java$AmbiguousName;)V >"	8	10
"< Application, Lorg/codehaus/janino/JavaSourceIClassLoader, findIClass(Ljava/lang/String;)Lorg/codehaus/janino/IClass; >"	82	128
"< Application, Lorg/codehaus/janino/Descriptor, toString(Ljava/lang/String;ILjava/lang/StringBuffer;)I >"	60	20
"< Application, Lorg/codehaus/janino/Java$BasicType, toString()Ljava/lang/String; >"	18	4
"< Application, Lorg/codehaus/janino/Scanner, internalRead()Lorg/codehaus/janino/Scanner$Token; >"	270	249
"< Application, Lorg/codehaus/janino/util/ClassFile, addConstantSIFLDInfo(Ljava/lang/Object;)S >"	57	14
"< Application, Lorg/codehaus/janino/UnitCompiler$7, visitParameterAccess(Lorg/codehaus/janino/Java$ParameterAccess;)V >"	6	7
"< Application, Lorg/codehaus/janino/UnitCompiler$10, visitParameterAccess(Lorg/codehaus/janino/Java$ParameterAccess;)V >"	8	10
"< Application, Lorg/codehaus/janino/UnitCompiler$16, visitThisReference(Lorg/codehaus/janino/Java$ThisReference;)V >"	8	10
"< Application, Lorg/codehaus/janino/UnitCompiler$4, visitWhileStatement(Lorg/codehaus/janino/Java$WhileStatement;)V >"	8	10
"< Application, Lorg/codehaus/janino/UnitCompiler$16, visitPackage(Lorg/codehaus/janino/Java$Package;)V >"	8	10
"< Application, Lorg/codehaus/janino/UnitCompiler$7, visitSuperclassFieldAccessExpression(Lorg/codehaus/janino/Java$SuperclassFieldAccessExpression;)V >"	6	7
"< Application, Lorg/apache/commons/cli/TypeHandler, createNumber(Ljava/lang/String;)Ljava/lang/Number; >"	10	12
"< Application, Lorg/codehaus/janino/Descriptor, toInternalForm(Ljava/lang/String;)Ljava/lang/String; >"	9	13
"< Application, Lorg/codehaus/janino/CodeContext, flowAnalysis(Ljava/lang/String;[BIII[B)V >"	120	228
"< Application, Lorg/sunflow/core/gi/InstantGI$PointLightStore, store(Lorg/sunflow/core/ShadingState;Lorg/sunflow/math/Vector3;Lorg/sunflow/image/Color;Lorg/sunflow/image/Color;)V >"	15	18
