"< Application, Lorg/sunflow/core/shader/GlassShader, scatterPhoton(Lorg/sunflow/core/ShadingState;Lorg/sunflow/image/Color;)V >"	130	80	java_unary_neg	42
"< Application, Lorg/sunflow/core/primitive/QuadMesh, intersectPrimitive(Lorg/sunflow/core/Ray;ILorg/sunflow/core/IntersectionState;)V >"	246	363	java_unary_neg	362
"< Application, Lorg/sunflow/math/OrthoNormalBasis, makeFromW(Lorg/sunflow/math/Vector3;)Lorg/sunflow/math/OrthoNormalBasis; >"	59	42	java_unary_neg	41
"< Application, Lorg/sunflow/math/Matrix4, rotateY(F)Lorg/sunflow/math/Matrix4; >"	13	14	java_unary_neg	8
"< Application, Lorg/sunflow/core/primitive/CornellBox, getPhoton(DDDDLorg/sunflow/math/Point3;Lorg/sunflow/math/Vector3;Lorg/sunflow/image/Color;)V >"	33	47	java_unary_neg	46
"< Application, Lorg/sunflow/core/camera/ThinLens, getRay(FFIIDDD)Lorg/sunflow/core/Ray; >"	123	148	java_unary_neg	147
"< Application, Lorg/sunflow/math/OrthoNormalBasis, makeFromW(Lorg/sunflow/math/Vector3;)Lorg/sunflow/math/OrthoNormalBasis; >"	49	52	java_unary_neg	51
"< Application, Lorg/sunflow/core/light/SunSkyLight, computeAttenuatedSunlight(FF)Lorg/sunflow/image/SpectralCurve; >"	21	44	java_unary_neg	28
"< Application, Lorg/sunflow/core/primitive/BanchoffSurface, intersectPrimitive(Lorg/sunflow/core/Ray;ILorg/sunflow/core/IntersectionState;)V >"	40	47	java_unary_neg	8
"< Application, Lorg/sunflow/math/Solvers, solveQuartic(DDDDD)[D >"	24	39	java_unary_neg	36
"< Application, Lorg/sunflow/core/shader/UberShader, scatterPhoton(Lorg/sunflow/core/ShadingState;Lorg/sunflow/image/Color;)V >"	52	119	java_unary_neg	118
"< Application, Lorg/sunflow/core/primitive/TriangleMesh$BakingSurface, prepareShadingState(Lorg/sunflow/core/ShadingState;)V >"	271	321	java_unary_neg	303
"< Application, Lorg/sunflow/core/light/TriangleMeshLight$TriangleLight, getSamples(Lorg/sunflow/core/ShadingState;)V >"	166	202	java_unary_neg	194
"< Application, Lorg/sunflow/core/accel/UniformGrid, intersect(Lorg/sunflow/core/Ray;Lorg/sunflow/core/IntersectionState;)V >"	232	212	java_unary_neg	211
"< Application, Lorg/sunflow/core/filter/CatmullRomFilter, catrom1d(F)F >"	13	13	java_unary_neg	7
"< Application, Lorg/sunflow/core/primitive/Torus, getWorldBounds(Lorg/sunflow/math/Matrix4;)Lorg/sunflow/math/BoundingBox; >"	6	10	java_unary_neg	9
"< Application, Lorg/sunflow/core/bucket/SpiralBucketOrder, getBucketSequence(II)[I >"	23	29	java_unary_neg	24
"< Application, Lorg/sunflow/core/Scene, getRadiance(Lorg/sunflow/core/IntersectionState;FFDDDI)Lorg/sunflow/core/ShadingState; >"	50	50	java_unary_neg	49
"< Application, Lorg/sunflow/math/OrthoNormalBasis, makeFromW(Lorg/sunflow/math/Vector3;)Lorg/sunflow/math/OrthoNormalBasis; >"	29	60	java_unary_neg	59
"< Application, Lorg/codehaus/janino/UnitCompiler, getNegatedConstantValue2(Lorg/codehaus/janino/Java$Literal;)Ljava/lang/Object; >"	37	23	java_unary_neg	22
"< Application, Lorg/sunflow/math/BoundingBox, <init>(F)V >"	4	8	java_unary_neg	2
"< Application, Lorg/sunflow/math/Matrix4, inverse()Lorg/sunflow/math/Matrix4; >"	145	146	java_unary_neg	145
"< Application, Lorg/sunflow/core/shader/AnisotropicWardShader, brdf(Lorg/sunflow/math/Vector3;Lorg/sunflow/math/Vector3;Lorg/sunflow/math/OrthoNormalBasis;)F >"	27	39	java_unary_neg	38
"< Application, Lorg/sunflow/core/light/TriangleMeshLight$TriangleLight, getSamples(Lorg/sunflow/core/ShadingState;)V >"	109	131	java_unary_neg	130
"< Application, Lorg/sunflow/core/primitive/CubeGrid, intersectPrimitive(Lorg/sunflow/core/Ray;ILorg/sunflow/core/IntersectionState;)V >"	122	109	java_unary_neg	108
"< Application, Lorg/sunflow/core/filter/GaussianFilter, <init>(F)V >"	8	12	java_unary_neg	11
"< Application, Lorg/sunflow/math/Vector3, negate(Lorg/sunflow/math/Vector3;)Lorg/sunflow/math/Vector3; >"	7	9	java_unary_neg	8
"< Application, Lorg/sunflow/math/Matrix4, rotateX(F)Lorg/sunflow/math/Matrix4; >"	12	14	java_unary_neg	8
"< Application, Lorg/sunflow/math/Vector3, negate()Lorg/sunflow/math/Vector3; >"	1	4	java_unary_neg	3
"< Application, Lorg/sunflow/core/shader/GlassShader, scatterPhoton(Lorg/sunflow/core/ShadingState;Lorg/sunflow/image/Color;)V >"	69	42	java_unary_neg	36
"< Application, Lorg/sunflow/core/filter/GaussianFilter, <init>(F)V >"	3	6	java_unary_neg	5
"< Application, Lorg/sunflow/core/camera/PinholeLens, getRay(FFIIDDD)Lorg/sunflow/core/Ray; >"	1	11	java_unary_neg	10
"< Application, Lorg/sunflow/core/gi/IrradianceCacheGIEngine, insert(Lorg/sunflow/math/Point3;Lorg/sunflow/math/Vector3;FLorg/sunflow/image/Color;)V >"	69	69	java_unary_neg	68
"< Application, Lorg/sunflow/math/BoundingBox, <init>(F)V >"	2	6	java_unary_neg	2
"< Application, Lorg/sunflow/core/renderer/BucketRenderer, aaDepthToString(I)Ljava/lang/String; >"	3	9	java_unary_neg	8
"< Application, Lorg/sunflow/math/Solvers, solveCubicForQuartic(DDD)D >"	40	40	java_unary_neg	39
"< Application, Lorg/sunflow/core/light/TriangleMeshLight$TriangleLight, getSamples(Lorg/sunflow/core/ShadingState;)V >"	159	195	java_unary_neg	194
"< Application, Lorg/sunflow/core/camera/ThinLens, getRay(FFIIDDD)Lorg/sunflow/core/Ray; >"	43	108	java_unary_neg	103
"< Application, Lorg/sunflow/core/photonmap/CausticPhotonMap, getSamples(Lorg/sunflow/core/ShadingState;)V >"	62	76	java_unary_neg	32
"< Application, Lorg/sunflow/core/primitive/Torus, getPrimitiveBound(II)F >"	2	13	java_unary_neg	12
"< Application, Lorg/sunflow/core/shader/ShinyDiffuseShader, scatterPhoton(Lorg/sunflow/core/ShadingState;Lorg/sunflow/image/Color;)V >"	49	34	java_unary_neg	33
"< Application, Lorg/sunflow/core/primitive/QuadMesh, prepareShadingState(Lorg/sunflow/core/ShadingState;)V >"	341	390	java_unary_neg	372
"< Application, Lorg/sunflow/core/renderer/BucketRenderer, prepare(Lorg/sunflow/core/Options;Lorg/sunflow/core/Scene;II)Z >"	73	87	java_unary_neg	86
"< Application, Lorg/sunflow/core/renderer/BucketRenderer, renderBucket(Lorg/sunflow/core/Display;IIILorg/sunflow/core/IntersectionState;)V >"	232	199	java_unary_neg	198
"< Application, Lorg/sunflow/core/accel/UniformGrid, intersect(Lorg/sunflow/core/Ray;Lorg/sunflow/core/IntersectionState;)V >"	183	163	java_unary_neg	162
"< Application, Lorg/sunflow/core/primitive/Torus, getWorldBounds(Lorg/sunflow/math/Matrix4;)Lorg/sunflow/math/BoundingBox; >"	2	6	java_unary_neg	5
"< Application, Lorg/sunflow/math/BoundingBox, <init>(F)V >"	3	7	java_unary_neg	2
"< Application, Lorg/sunflow/core/light/SunSkyLight, computeAttenuatedSunlight(FF)Lorg/sunflow/image/SpectralCurve; >"	14	32	java_unary_neg	28
"< Application, Lorg/sunflow/core/light/TriangleMeshLight$TriangleLight, getSamples(Lorg/sunflow/core/ShadingState;)V >"	106	124	java_unary_neg	123
"< Application, Lorg/sunflow/core/primitive/QuadMesh, prepareShadingState(Lorg/sunflow/core/ShadingState;)V >"	357	404	java_unary_neg	372
"< Application, Lorg/sunflow/core/photonmap/CausticPhotonMap, getSamples(Lorg/sunflow/core/ShadingState;)V >"	48	58	java_unary_neg	57
"< Application, Lorg/sunflow/core/photonmap/GlobalPhotonMap, precomputeRadiance()V >"	74	82	java_unary_neg	60
"< Application, Lorg/sunflow/core/primitive/TriangleMesh$BakingSurface, prepareShadingState(Lorg/sunflow/core/ShadingState;)V >"	279	328	java_unary_neg	303
"< Application, Lorg/sunflow/core/gi/InstantGI, getIrradiance(Lorg/sunflow/core/ShadingState;Lorg/sunflow/image/Color;)Lorg/sunflow/image/Color; >"	127	154	java_unary_neg	153
"< Application, Lorg/sunflow/core/light/TriangleMeshLight$TriangleLight, getSamples(Lorg/sunflow/core/ShadingState;)V >"	160	196	java_unary_neg	194
"< Application, Lorg/sunflow/core/accel/UniformGrid, intersect(Lorg/sunflow/core/Ray;Lorg/sunflow/core/IntersectionState;)V >"	134	113	java_unary_neg	112
"< Application, Lorg/sunflow/core/bucket/SpiralBucketOrder, getBucketSequence(II)[I >"	38	41	java_unary_neg	24
"< Application, Lorg/sunflow/math/Vector3, negate(Lorg/sunflow/math/Vector3;)Lorg/sunflow/math/Vector3; >"	4	7	java_unary_neg	6
"< Application, Lorg/sunflow/core/gi/InstantGI, getIrradiance(Lorg/sunflow/core/ShadingState;Lorg/sunflow/image/Color;)Lorg/sunflow/image/Color; >"	35	46	java_unary_neg	45
"< Application, Lorg/sunflow/math/Vector3, negate()Lorg/sunflow/math/Vector3; >"	4	6	java_unary_neg	5
"< Application, Lorg/sunflow/core/Scene, getRadiance(Lorg/sunflow/core/IntersectionState;FFDDDI)Lorg/sunflow/core/ShadingState; >"	52	52	java_unary_neg	51
"< Application, Lorg/sunflow/core/primitive/CubeGrid, intersectPrimitive(Lorg/sunflow/core/Ray;ILorg/sunflow/core/IntersectionState;)V >"	162	147	java_unary_neg	146
"< Application, Lorg/sunflow/core/primitive/TriangleMesh, prepareShadingState(Lorg/sunflow/core/ShadingState;)V >"	223	267	java_unary_neg	249
"< Application, Lorg/sunflow/core/primitive/TriangleMesh$WaldTriangle, <init>(Lorg/sunflow/core/primitive/TriangleMesh;I)V >"	143	142	java_unary_neg	129
"< Application, Lorg/sunflow/core/primitive/Hair, prepareShadingState(Lorg/sunflow/core/ShadingState;)V >"	31	47	java_unary_neg	46
"< Application, Lorg/sunflow/math/Matrix4, inverse()Lorg/sunflow/math/Matrix4; >"	197	193	java_unary_neg	192
"< Application, Lorg/sunflow/core/primitive/Torus, getPrimitiveBound(II)F >"	11	8	java_unary_neg	7
"< Application, Lorg/sunflow/math/Matrix4, inverse()Lorg/sunflow/math/Matrix4; >"	250	241	java_unary_neg	240
"< Application, Lorg/sunflow/math/Matrix4, inverse()Lorg/sunflow/math/Matrix4; >"	218	212	java_unary_neg	211
"< Application, Lorg/sunflow/core/primitive/Torus, getWorldBounds(Lorg/sunflow/math/Matrix4;)Lorg/sunflow/math/BoundingBox; >"	10	14	java_unary_neg	13
"< Application, Lorg/sunflow/core/bucket/SpiralBucketOrder, getBucketSequence(II)[I >"	45	47	java_unary_neg	24
"< Application, Lorg/sunflow/core/camera/PinholeLens, getRay(FFIIDDD)Lorg/sunflow/core/Ray; >"	10	22	java_unary_neg	21
"< Application, Lorg/sunflow/core/shader/GlassShader, scatterPhoton(Lorg/sunflow/core/ShadingState;Lorg/sunflow/image/Color;)V >"	139	90	java_unary_neg	42
"< Application, Lorg/sunflow/core/primitive/QuadMesh, intersectPrimitive(Lorg/sunflow/core/Ray;ILorg/sunflow/core/IntersectionState;)V >"	349	298	java_unary_neg	297
"< Application, Lorg/sunflow/core/camera/ThinLens, getRay(FFIIDDD)Lorg/sunflow/core/Ray; >"	10	22	java_unary_neg	21
"< Application, Lorg/sunflow/core/primitive/TriangleMesh$WaldTriangle, <init>(Lorg/sunflow/core/primitive/TriangleMesh;I)V >"	131	134	java_unary_neg	128
"< Application, Lorg/sunflow/core/renderer/BucketRenderer, renderBucket(Lorg/sunflow/core/Display;IIILorg/sunflow/core/IntersectionState;)V >"	225	194	java_unary_neg	193
"< Application, Lorg/sunflow/core/light/SunSkyLight, computeAttenuatedSunlight(FF)Lorg/sunflow/image/SpectralCurve; >"	28	54	java_unary_neg	28
"< Application, Lorg/codehaus/janino/UnitCompiler, getNegatedConstantValue2(Lorg/codehaus/janino/Java$Literal;)Ljava/lang/Object; >"	7	44	java_unary_neg	43
"< Application, Lorg/sunflow/core/ShadingState, faceforward()V >"	16	23	java_unary_neg	22
"< Application, Lorg/sunflow/core/Scene, getRadiance(Lorg/sunflow/core/IntersectionState;FFDDDI)Lorg/sunflow/core/ShadingState; >"	48	48	java_unary_neg	47
"< Application, Lorg/sunflow/core/primitive/Hair, prepareShadingState(Lorg/sunflow/core/ShadingState;)V >"	29	45	java_unary_neg	44
"< Application, Lorg/sunflow/math/Vector3, negate(Lorg/sunflow/math/Vector3;)Lorg/sunflow/math/Vector3; >"	1	5	java_unary_neg	4
"< Application, Lorg/sunflow/core/shader/GlassShader, getRadiance(Lorg/sunflow/core/ShadingState;)Lorg/sunflow/image/Color; >"	115	131	java_unary_neg	130
"< Application, Lorg/sunflow/math/Matrix4, inverse()Lorg/sunflow/math/Matrix4; >"	134	136	java_unary_neg	135
"< Application, Lorg/sunflow/core/filter/GaussianFilter, get(FF)F >"	0	5	java_unary_neg	2
"< Application, Lorg/sunflow/core/camera/FisheyeLens, getRay(FFIIDDD)Lorg/sunflow/core/Ray; >"	18	31	java_unary_neg	30
"< Application, Lorg/codehaus/janino/UnitCompiler, getNegatedConstantValue2(Lorg/codehaus/janino/Java$Literal;)Ljava/lang/Object; >"	17	37	java_unary_neg	36
"< Application, Lorg/codehaus/janino/UnitCompiler, getNegatedConstantValue2(Lorg/codehaus/janino/Java$Literal;)Ljava/lang/Object; >"	27	30	java_unary_neg	29
"< Application, Lorg/sunflow/math/Matrix4, inverse()Lorg/sunflow/math/Matrix4; >"	113	117	java_unary_neg	116
"< Application, Lorg/sunflow/core/primitive/JuliaFractal, getPrimitiveBound(II)F >"	3	10	java_unary_neg	9
"< Application, Lorg/sunflow/image/Color, constrainRGB()Lorg/sunflow/image/Color; >"	4	9	java_unary_neg	8
"< Application, Lorg/sunflow/core/light/ImageBasedLight, getDirection(FF)Lorg/sunflow/math/Vector3; >"	8	17	java_unary_neg	16
"< Application, Lorg/sunflow/core/primitive/Hair, prepareShadingState(Lorg/sunflow/core/ShadingState;)V >"	27	43	java_unary_neg	42
"< Application, Lorg/sunflow/core/photonmap/GlobalPhotonMap, precomputeRadiance()V >"	63	69	java_unary_neg	68
"< Application, Lorg/sunflow/core/gi/IrradianceCacheGIEngine, insert(Lorg/sunflow/math/Point3;Lorg/sunflow/math/Vector3;FLorg/sunflow/image/Color;)V >"	59	62	java_unary_neg	61
"< Application, Lorg/sunflow/core/shader/AnisotropicWardShader, getRadiance(Lorg/sunflow/core/ShadingState;)Lorg/sunflow/image/Color; >"	107	140	java_unary_neg	139
"< Application, Lorg/sunflow/core/primitive/BanchoffSurface, intersectPrimitive(Lorg/sunflow/core/Ray;ILorg/sunflow/core/IntersectionState;)V >"	82	92	java_unary_neg	23
"< Application, Lorg/sunflow/core/bucket/SpiralBucketOrder, getBucketSequence(II)[I >"	50	52	java_unary_neg	24
"< Application, Lorg/sunflow/core/gi/IrradianceCacheGIEngine, insert(Lorg/sunflow/math/Point3;Lorg/sunflow/math/Vector3;FLorg/sunflow/image/Color;)V >"	79	76	java_unary_neg	75
"< Application, Lorg/sunflow/core/primitive/TriangleMesh, prepareShadingState(Lorg/sunflow/core/ShadingState;)V >"	239	281	java_unary_neg	249
"< Application, Lorg/sunflow/core/shader/GlassShader, getRadiance(Lorg/sunflow/core/ShadingState;)Lorg/sunflow/image/Color; >"	89	103	java_unary_neg	102
"< Application, Lorg/sunflow/core/shader/AnisotropicWardShader, scatterPhoton(Lorg/sunflow/core/ShadingState;Lorg/sunflow/image/Color;)V >"	128	134	java_unary_neg	133
"< Application, Lorg/sunflow/core/renderer/BucketRenderer, prepare(Lorg/sunflow/core/Options;Lorg/sunflow/core/Scene;II)Z >"	90	95	java_unary_neg	94
"< Application, Lorg/sunflow/core/primitive/TriangleMesh, prepareShadingState(Lorg/sunflow/core/ShadingState;)V >"	231	274	java_unary_neg	249
"< Application, Lorg/sunflow/core/camera/ThinLens, getRay(FFIIDDD)Lorg/sunflow/core/Ray; >"	38	116	java_unary_neg	101
"< Application, Lorg/sunflow/core/shader/GlassShader, scatterPhoton(Lorg/sunflow/core/ShadingState;Lorg/sunflow/image/Color;)V >"	84	59	java_unary_neg	58
"< Application, Lorg/sunflow/core/primitive/Plane, update(Lorg/sunflow/core/ParameterList;Lorg/sunflow/SunflowAPI;)Z >"	80	101	java_unary_neg	95
"< Application, Lorg/sunflow/core/primitive/CubeGrid, intersectPrimitive(Lorg/sunflow/core/Ray;ILorg/sunflow/core/IntersectionState;)V >"	202	184	java_unary_neg	183
"< Application, Lorg/sunflow/image/Color, <clinit>()V >"	42	30	java_unary_neg	29
"< Application, Lorg/sunflow/math/Matrix4, rotateZ(F)Lorg/sunflow/math/Matrix4; >"	12	14	java_unary_neg	8
"< Application, Lorg/sunflow/core/filter/GaussianFilter, get(FF)F >"	7	13	java_unary_neg	3
"< Application, Lorg/sunflow/core/primitive/TriangleMesh$BakingSurface, prepareShadingState(Lorg/sunflow/core/ShadingState;)V >"	287	335	java_unary_neg	303
"< Application, Lorg/sunflow/math/Matrix4, inverse()Lorg/sunflow/math/Matrix4; >"	229	222	java_unary_neg	221
"< Application, Lorg/sunflow/math/Vector3, negate()Lorg/sunflow/math/Vector3; >"	7	8	java_unary_neg	7
"< Application, Lorg/sunflow/core/camera/ThinLens, getRay(FFIIDDD)Lorg/sunflow/core/Ray; >"	24	104	java_unary_neg	103
"< Application, Lorg/sunflow/core/primitive/QuadMesh, intersectPrimitive(Lorg/sunflow/core/Ray;ILorg/sunflow/core/IntersectionState;)V >"	381	326	java_unary_neg	325
"< Application, Lorg/sunflow/core/light/SunSkyLight, getDirection(FF)Lorg/sunflow/math/Vector3; >"	8	17	java_unary_neg	16
"< Application, Lorg/sunflow/core/camera/ThinLens, getRay(FFIIDDD)Lorg/sunflow/core/Ray; >"	1	11	java_unary_neg	10
"< Application, Lorg/sunflow/core/light/TriangleMeshLight$TriangleLight, getSamples(Lorg/sunflow/core/ShadingState;)V >"	112	136	java_unary_neg	135
"< Application, Lorg/sunflow/core/primitive/QuadMesh, prepareShadingState(Lorg/sunflow/core/ShadingState;)V >"	349	397	java_unary_neg	372
"< Application, Lorg/sunflow/core/renderer/BucketRenderer, aaDepthToString(I)Ljava/lang/String; >"	1	7	java_unary_neg	2
"< Application, Lorg/sunflow/core/primitive/Plane, update(Lorg/sunflow/core/ParameterList;Lorg/sunflow/SunflowAPI;)Z >"	92	109	java_unary_neg	96
"< Application, Lorg/sunflow/math/Matrix4, inverse()Lorg/sunflow/math/Matrix4; >"	166	165	java_unary_neg	164
"< Application, Lorg/sunflow/core/shader/GlassShader, scatterPhoton(Lorg/sunflow/core/ShadingState;Lorg/sunflow/image/Color;)V >"	148	100	java_unary_neg	42
