"< Application, Lorg/codehaus/janino/IClassLoader, loadIClass(Ljava/lang/String;)Lorg/codehaus/janino/IClass; >"	97	1
"< Application, Lorg/codehaus/janino/IClassLoader, loadIClass(Ljava/lang/String;)Lorg/codehaus/janino/IClass; >"	101	1
"< Application, Lorg/codehaus/janino/IClassLoader, loadIClass(Ljava/lang/String;)Lorg/codehaus/janino/IClass; >"	103	1
"< Application, Lorg/sunflow/core/photonmap/CausticPhotonMap, store(Lorg/sunflow/core/ShadingState;Lorg/sunflow/math/Vector3;Lorg/sunflow/image/Color;Lorg/sunflow/image/Color;)V >"	29	1
"< Application, Lorg/codehaus/janino/IClassLoader, loadIClass(Ljava/lang/String;)Lorg/codehaus/janino/IClass; >"	99	1
"< Application, Lorg/sunflow/core/renderer/ProgressiveRenderer$SmallBucketThread, run()V >"	18	8
"< Application, Lorg/sunflow/core/photonmap/GlobalPhotonMap, store(Lorg/sunflow/core/ShadingState;Lorg/sunflow/math/Vector3;Lorg/sunflow/image/Color;Lorg/sunflow/image/Color;)V >"	24	1
"< Application, Lorg/sunflow/core/renderer/SimpleRenderer$BucketThread, run()V >"	23	5
"< Application, Lorg/codehaus/janino/IClassLoader, loadIClass(Ljava/lang/String;)Lorg/codehaus/janino/IClass; >"	105	1
"< Application, Lorg/dacapo/harness/Benchmark, initialize()V >"	17	3
"< Application, Lorg/dacapo/harness/Benchmark, initialize()V >"	20	3
"< Application, Lorg/dacapo/harness/Benchmark, initialize()V >"	42	20
"< Application, Lorg/sunflow/core/gi/InstantGI$PointLightStore, store(Lorg/sunflow/core/ShadingState;Lorg/sunflow/math/Vector3;Lorg/sunflow/image/Color;Lorg/sunflow/image/Color;)V >"	14	1
"< Application, Lorg/sunflow/core/renderer/SimpleRenderer$BucketThread, run()V >"	9	5
"< Application, Lorg/sunflow/core/renderer/BucketRenderer$BucketThread, run()V >"	10	5
"< Application, Lorg/sunflow/core/photonmap/GridPhotonMap, store(Lorg/sunflow/core/ShadingState;Lorg/sunflow/math/Vector3;Lorg/sunflow/image/Color;Lorg/sunflow/image/Color;)V >"	115	1
"< Application, Lorg/codehaus/janino/IClassLoader, loadIClass(Ljava/lang/String;)Lorg/codehaus/janino/IClass; >"	77	1
"< Application, Lorg/dacapo/harness/Benchmark, initialize()V >"	39	20
"< Application, Lorg/sunflow/core/photonmap/CausticPhotonMap, store(Lorg/sunflow/core/ShadingState;Lorg/sunflow/math/Vector3;Lorg/sunflow/image/Color;Lorg/sunflow/image/Color;)V >"	26	1
"< Application, Lorg/sunflow/core/photonmap/GlobalPhotonMap, store(Lorg/sunflow/core/ShadingState;Lorg/sunflow/math/Vector3;Lorg/sunflow/image/Color;Lorg/sunflow/image/Color;)V >"	21	1
"< Application, Lorg/sunflow/core/photonmap/GridPhotonMap, store(Lorg/sunflow/core/ShadingState;Lorg/sunflow/math/Vector3;Lorg/sunflow/image/Color;Lorg/sunflow/image/Color;)V >"	112	1
"< Application, Lorg/sunflow/core/renderer/ProgressiveRenderer$SmallBucketThread, run()V >"	11	8
"< Application, Lorg/sunflow/core/LightServer$1, run()V >"	20	7
"< Application, Lorg/codehaus/janino/IClassLoader, loadIClass(Ljava/lang/String;)Lorg/codehaus/janino/IClass; >"	80	1
"< Application, Lorg/sunflow/core/gi/InstantGI$PointLightStore, store(Lorg/sunflow/core/ShadingState;Lorg/sunflow/math/Vector3;Lorg/sunflow/image/Color;Lorg/sunflow/image/Color;)V >"	11	1
"< Application, Lorg/sunflow/core/renderer/ProgressiveRenderer$SmallBucketThread, run()V >"	21	8
"< Application, Lorg/sunflow/core/LightServer$1, run()V >"	15	7
"< Application, Lorg/sunflow/core/renderer/BucketRenderer$BucketThread, run()V >"	32	5
"< Application, Lorg/sunflow/core/renderer/BucketRenderer$BucketThread, run()V >"	29	5
"< Application, Lorg/sunflow/core/LightServer$1, run()V >"	17	7
"< Application, Lorg/sunflow/core/renderer/SimpleRenderer$BucketThread, run()V >"	26	5
