java_type_ref("<Application,Lorg/codehaus/janino/Visitor$RvalueVisitor>")
java_type_ref("<Application,Lorg/sunflow/core/Tesselatable>")
java_type_ref("<Application,Lorg/codehaus/janino/util/resource/Resource>")
java_type_ref("<Application,Lorg/codehaus/janino/Visitor$BlockStatementVisitor>")
java_type_ref("<Application,Lorg/codehaus/janino/tools/Disassembler$MethodInfo>")
java_type_ref("<Application,Lorg/sunflow/core/ImageSampler>")
java_type_ref("<Application,Lorg/codehaus/janino/Java$BlockStatement>")
java_type_ref("<Application,Lorg/codehaus/janino/Visitor$TypeVisitor>")
java_type_ref("<Application,Lorg/sunflow/core/Shader>")
java_type_ref("<Application,Lorg/sunflow/core/GlobalPhotonMapInterface>")
java_type_ref("<Application,Lorg/codehaus/janino/util/resource/ResourceCreator>")
java_type_ref("<Application,Lorg/codehaus/janino/Visitor$TypeDeclarationVisitor>")
java_type_ref("<Application,Lorg/codehaus/janino/Java$ArrayInitializerOrRvalue>")
java_type_ref("<Application,Lorg/codehaus/janino/tools/JGrep$MethodInvocationPredicate>")
java_type_ref("<Application,Lorg/sunflow/system/UserInterface>")
java_type_ref("<Application,Lorg/codehaus/janino/Java$NamedTypeDeclaration>")
java_type_ref("<Application,Lorg/sunflow/system/BenchmarkTest>")
java_type_ref("<Application,Lorg/codehaus/janino/tools/Disassembler$Operand>")
java_type_ref("<Application,Lorg/codehaus/janino/CodeContext$FixUp>")
java_type_ref("<Application,Lorg/codehaus/janino/util/Producer>")
java_type_ref("<Application,Lorg/sunflow/core/Display>")
java_type_ref("<Application,Lorg/codehaus/janino/Java$DocCommentable>")
java_type_ref("<Application,Lorg/sunflow/core/Filter>")
java_type_ref("<Application,Lorg/codehaus/janino/tools/Disassembler$AttributeInfo>")
java_type_ref("<Application,Lorg/codehaus/janino/Visitor$ImportVisitor>")
java_type_ref("<Application,Lorg/codehaus/janino/Java$TypeBodyDeclaration>")
java_type_ref("<Application,Lorg/sunflow/core/RenderObject>")
java_type_ref("<Application,Lorg/sunflow/core/GIEngine>")
java_type_ref("<Application,Lorg/codehaus/janino/UnitCompiler$Compilable>")
java_type_ref("<Application,Lorg/dacapo/parser/ConfigFileConstants>")
java_type_ref("<Application,Lorg/codehaus/janino/Visitor$AtomVisitor>")
java_type_ref("<Application,Lorg/sunflow/core/BucketOrder>")
java_type_ref("<Application,Lorg/codehaus/janino/Java$Locatable>")
java_type_ref("<Application,Lorg/codehaus/janino/Java$InnerClassDeclaration>")
java_type_ref("<Application,Lorg/sunflow/core/CameraLens>")
java_type_ref("<Application,Lorg/codehaus/janino/Java$PackageMemberTypeDeclaration>")
java_type_ref("<Application,Lorg/codehaus/janino/Visitor$TypeBodyDeclarationVisitor>")
java_type_ref("<Application,Lorg/sunflow/core/SceneParser>")
java_type_ref("<Application,Lorg/codehaus/janino/JavaSourceClassLoader$ProtectionDomainFactory>")
java_type_ref("<Application,Lorg/codehaus/janino/Opcode>")
java_type_ref("<Application,Lorg/codehaus/janino/Java$MemberTypeDeclaration>")
java_type_ref("<Application,Lorg/codehaus/janino/Java$TypeDeclaration>")
java_type_ref("<Application,Lorg/sunflow/core/PrimitiveList>")
java_type_ref("<Application,Lorg/codehaus/janino/tools/JGrep$MethodInvocationAction>")
java_type_ref("<Application,Lorg/sunflow/core/PhotonStore>")
java_type_ref("<Application,Lorg/sunflow/core/LightSource>")
java_type_ref("<Application,Lorg/codehaus/janino/Visitor$ComprehensiveVisitor>")
java_type_ref("<Application,Lorg/sunflow/core/Modifier>")
java_type_ref("<Application,Lorg/sunflow/core/CausticPhotonMapInterface>")
java_type_ref("<Application,Lorg/apache/commons/cli/CommandLineParser>")
java_type_ref("<Application,Lorg/codehaus/janino/AstCompilationUnitGenerator>")
java_type_ref("<Application,Lorg/codehaus/janino/Java$Scope>")
java_type_ref("<Application,Lorg/codehaus/janino/Visitor$LvalueVisitor>")
java_type_ref("<Application,Lorg/codehaus/janino/util/Benchmark$Reporter>")
java_type_ref("<Application,Lorg/codehaus/janino/UnitCompiler$ErrorHandler>")
java_type_ref("<Application,Lorg/sunflow/core/AccelerationStructure>")
java_type_ref("<Application,Lorg/codehaus/janino/IClass$IMember>")
java_type_ref("<Application,Lorg/codehaus/janino/WarningHandler>")
