java_type_ref("<Primordial,Ljava/lang/Object>")	java_type_ref("<Application,Lorg/sunflow/core/modifiers/BumpMappingModifier>")
java_type_ref("<Primordial,Ljava/lang/Object>")	java_type_ref("<Application,Lorg/sunflow/core/primitive/Hair>")
java_type_ref("<Application,Lorg/codehaus/janino/Java$Lvalue>")	java_type_ref("<Application,Lorg/codehaus/janino/Java$FieldAccessExpression>")
java_type_ref("<Primordial,Ljava/lang/Object>")	java_type_ref("<Application,Lorg/sunflow/core/LightSample>")
java_type_ref("<Primordial,Ljava/lang/Object>")	java_type_ref("<Application,Lorg/sunflow/system/UserInterface>")
java_type_ref("<Primordial,Ljava/lang/Object>")	java_type_ref("<Application,Lorg/codehaus/janino/CodeContext$Relocatable>")
java_type_ref("<Application,Lorg/codehaus/janino/util/resource/FileResourceCreator>")	java_type_ref("<Application,Lorg/codehaus/janino/util/resource/DirectoryResourceCreator>")
java_type_ref("<Primordial,Ljava/lang/Object>")	java_type_ref("<Application,Lorg/codehaus/janino/tools/HprofScrubber>")
java_type_ref("<Primordial,Ljava/lang/RuntimeException>")	java_type_ref("<Application,Lorg/codehaus/janino/UnitCompiler$11$UCE>")
java_type_ref("<Primordial,Ljava/lang/Object>")	java_type_ref("<Application,Lorg/sunflow/core/renderer/ProgressiveRenderer>")
java_type_ref("<Application,Lorg/codehaus/janino/CodeContext$Offset>")	java_type_ref("<Application,Lorg/codehaus/janino/CodeContext$Inserter>")
java_type_ref("<Application,Lorg/sunflow/core/tesselatable/BezierMesh>")	java_type_ref("<Application,Lorg/sunflow/core/tesselatable/Teapot>")
java_type_ref("<Application,Lorg/codehaus/janino/util/iterator/TransformingIterator>")	java_type_ref("<Application,Lorg/codehaus/janino/util/resource/JarDirectoriesResourceFinder$1>")
java_type_ref("<Primordial,Ljava/lang/Object>")	java_type_ref("<Application,Lorg/codehaus/janino/Java$Locatable>")
java_type_ref("<Primordial,Ljava/lang/Object>")	java_type_ref("<Application,Lorg/dacapo/parser/Token>")
java_type_ref("<Application,Lorg/codehaus/janino/IClass$IMethod>")	java_type_ref("<Application,Lorg/codehaus/janino/UnitCompiler$31>")
java_type_ref("<Primordial,Ljava/lang/Object>")	java_type_ref("<Application,Lorg/sunflow/core/shader/SimpleShader>")
java_type_ref("<Application,Lorg/codehaus/janino/tools/Disassembler$ConstantPoolInfo>")	java_type_ref("<Application,Lorg/codehaus/janino/tools/Disassembler$9>")
java_type_ref("<Application,Lorg/codehaus/janino/Java$CompilationUnit$ImportDeclaration>")	java_type_ref("<Application,Lorg/codehaus/janino/Java$CompilationUnit$StaticImportOnDemandDeclaration>")
java_type_ref("<Primordial,Ljava/lang/Object>")	java_type_ref("<Application,Lorg/codehaus/janino/Visitor$AtomVisitor>")
java_type_ref("<Primordial,Ljava/lang/Object>")	java_type_ref("<Application,Lorg/codehaus/janino/tools/Disassembler$Operand>")
java_type_ref("<Application,Lorg/codehaus/janino/Java$Lvalue>")	java_type_ref("<Application,Lorg/codehaus/janino/Java$AmbiguousName>")
java_type_ref("<Application,Lorg/codehaus/janino/util/ClassFile$AttributeInfo>")	java_type_ref("<Application,Lorg/codehaus/janino/util/ClassFile$ExceptionsAttribute>")
java_type_ref("<Primordial,Ljava/lang/Object>")	java_type_ref("<Application,Lorg/sunflow/core/bucket/HilbertBucketOrder>")
java_type_ref("<Primordial,Ljava/lang/Object>")	java_type_ref("<Application,Lorg/codehaus/janino/util/Benchmark>")
java_type_ref("<Primordial,Ljava/lang/Object>")	java_type_ref("<Application,Lorg/sunflow/core/ParameterList$Parameter>")
java_type_ref("<Primordial,Ljava/lang/Object>")	java_type_ref("<Application,Lorg/codehaus/janino/UnitCompiler$1>")
java_type_ref("<Primordial,Ljava/lang/RuntimeException>")	java_type_ref("<Application,Lorg/codehaus/janino/UnitCompiler$4$UCE>")
java_type_ref("<Primordial,Ljava/io/FilterReader>")	java_type_ref("<Application,Lorg/codehaus/janino/util/TeeReader>")
java_type_ref("<Primordial,Ljava/lang/Object>")	java_type_ref("<Application,Lorg/codehaus/janino/UnitCompiler$2>")
java_type_ref("<Primordial,Ljava/lang/Object>")	java_type_ref("<Application,Lorg/sunflow/image/Color>")
java_type_ref("<Primordial,Ljava/lang/Object>")	java_type_ref("<Application,Lorg/sunflow/system/ui/ConsoleInterface>")
java_type_ref("<Application,Lorg/codehaus/janino/Java$Rvalue>")	java_type_ref("<Application,Lorg/codehaus/janino/Java$NewAnonymousClassInstance>")
java_type_ref("<Application,Lorg/codehaus/janino/Scanner$Token>")	java_type_ref("<Application,Lorg/codehaus/janino/Scanner$IdentifierToken>")
java_type_ref("<Primordial,Ljava/lang/Object>")	java_type_ref("<Application,Lorg/sunflow/core/Display>")
java_type_ref("<Primordial,Ljava/lang/Object>")	java_type_ref("<Application,Lorg/codehaus/janino/tools/JGrep$MethodInvocationPredicate>")
java_type_ref("<Primordial,Ljava/lang/Object>")	java_type_ref("<Application,Lorg/codehaus/janino/tools/Disassembler$22>")
java_type_ref("<Primordial,Ljava/io/FilterWriter>")	java_type_ref("<Application,Lorg/codehaus/janino/util/AutoIndentWriter>")
java_type_ref("<Primordial,Ljava/lang/Object>")	java_type_ref("<Application,Lorg/codehaus/janino/tools/Disassembler$ConstantPoolInfo>")
java_type_ref("<Primordial,Ljava/lang/Object>")	java_type_ref("<Application,Lorg/sunflow/core/gi/AmbientOcclusionGIEngine>")
java_type_ref("<Primordial,Ljavax/swing/JPanel>")	java_type_ref("<Application,Lorg/sunflow/core/display/ImgPipeDisplay>")
java_type_ref("<Primordial,Ljava/lang/Object>")	java_type_ref("<Application,LSunflowGUI$3>")
java_type_ref("<Primordial,Ljava/lang/Object>")	java_type_ref("<Application,Lorg/sunflow/core/Instance>")
java_type_ref("<Application,Lorg/codehaus/janino/Java$Rvalue>")	java_type_ref("<Application,Lorg/codehaus/janino/Java$ThisReference>")
java_type_ref("<Primordial,Ljava/lang/ClassLoader>")	java_type_ref("<Application,Lorg/codehaus/janino/ByteArrayClassLoader>")
java_type_ref("<Primordial,Ljava/lang/Object>")	java_type_ref("<Application,Lorg/dacapo/parser/Config$OutputFile>")
java_type_ref("<Primordial,Ljava/lang/Object>")	java_type_ref("<Application,Lorg/sunflow/core/light/SunSkyLight>")
java_type_ref("<Primordial,Ljava/lang/Object>")	java_type_ref("<Application,Lorg/sunflow/core/photonmap/CausticPhotonMap$NearestPhotons>")
java_type_ref("<Primordial,Ljava/lang/Object>")	java_type_ref("<Application,Lorg/sunflow/core/gi/InstantGI$PointLight>")
java_type_ref("<Primordial,Ljava/lang/Object>")	java_type_ref("<Application,Lorg/sunflow/core/BucketOrder>")
java_type_ref("<Primordial,Ljava/lang/Object>")	java_type_ref("<Application,Lorg/sunflow/core/shader/IDShader>")
java_type_ref("<Application,Lorg/codehaus/janino/Java$Lvalue>")	java_type_ref("<Application,Lorg/codehaus/janino/Java$ParenthesizedExpression>")
java_type_ref("<Primordial,Ljava/io/FilterOutputStream>")	java_type_ref("<Application,Lorg/dacapo/harness/TeeOutputStream>")
java_type_ref("<Primordial,Ljava/lang/Object>")	java_type_ref("<Application,Lorg/dacapo/harness/Benchmark$1>")
java_type_ref("<Primordial,Ljava/lang/Object>")	java_type_ref("<Application,Lorg/codehaus/janino/tools/Disassembler$Instruction>")
java_type_ref("<Primordial,Ljava/lang/Object>")	java_type_ref("<Application,Lorg/sunflow/core/parser/TriParser>")
java_type_ref("<Primordial,Ljava/lang/Object>")	java_type_ref("<Application,Lorg/codehaus/janino/Visitor>")
java_type_ref("<Primordial,Ljava/lang/Object>")	java_type_ref("<Application,Lorg/codehaus/janino/Java$NamedTypeDeclaration>")
java_type_ref("<Application,Lorg/codehaus/janino/tools/Disassembler$SourceRelatedAttributeInfo>")	java_type_ref("<Application,Lorg/codehaus/janino/tools/Disassembler$13>")
java_type_ref("<Primordial,Ljava/lang/Object>")	java_type_ref("<Application,Lorg/codehaus/janino/Java$Located>")
java_type_ref("<Application,Lorg/sunflow/core/shader/DiffuseShader>")	java_type_ref("<Application,Lorg/sunflow/core/shader/TexturedDiffuseShader>")
java_type_ref("<Primordial,Ljava/lang/Object>")	java_type_ref("<Application,Lorg/sunflow/core/gi/PathTracingGIEngine>")
java_type_ref("<Application,Lorg/codehaus/janino/Java$Statement>")	java_type_ref("<Application,Lorg/codehaus/janino/Java$FieldDeclaration>")
java_type_ref("<Primordial,Ljava/lang/RuntimeException>")	java_type_ref("<Application,Lorg/codehaus/janino/UnitCompiler$10$UCE>")
java_type_ref("<Primordial,Ljava/lang/Object>")	java_type_ref("<Application,Lorg/sunflow/core/display/FrameDisplay>")
java_type_ref("<Primordial,Ljava/lang/Object>")	java_type_ref("<Application,Lorg/codehaus/janino/CodeContext$ExceptionTableEntry>")
java_type_ref("<Primordial,Ljava/lang/Object>")	java_type_ref("<Application,Lorg/sunflow/core/renderer/ProgressiveRenderer$SmallBucket>")
java_type_ref("<Application,Lorg/codehaus/janino/util/ClassFile$ConstantValuePoolInfo>")	java_type_ref("<Application,Lorg/codehaus/janino/util/ClassFile$ConstantStringInfo>")
java_type_ref("<Primordial,Ljava/lang/Object>")	java_type_ref("<Application,Lorg/codehaus/janino/Visitor$TypeBodyDeclarationVisitor>")
java_type_ref("<Primordial,Ljava/lang/Object>")	java_type_ref("<Application,Lorg/dacapo/harness/Matcher>")
java_type_ref("<Primordial,Ljava/lang/Object>")	java_type_ref("<Application,Lorg/codehaus/janino/util/resource/FileResourceCreator>")
java_type_ref("<Primordial,Ljava/lang/Object>")	java_type_ref("<Application,Lorg/sunflow/RenderObjectMap>")
java_type_ref("<Primordial,Ljava/lang/Object>")	java_type_ref("<Application,Lorg/codehaus/janino/UnitCompiler$15>")
java_type_ref("<Application,Lorg/codehaus/janino/Java$Statement>")	java_type_ref("<Application,Lorg/codehaus/janino/Java$ExpressionStatement>")
java_type_ref("<Primordial,Ljava/lang/Object>")	java_type_ref("<Application,Lorg/sunflow/system/BenchmarkTest>")
java_type_ref("<Application,Lorg/codehaus/janino/Java$Statement>")	java_type_ref("<Application,Lorg/codehaus/janino/Java$BreakStatement>")
java_type_ref("<Primordial,Ljava/lang/Object>")	java_type_ref("<Application,Lorg/codehaus/janino/SimpleCompiler$2>")
java_type_ref("<Application,Lorg/codehaus/janino/Java$Located>")	java_type_ref("<Application,Lorg/codehaus/janino/Java$ArrayInitializer>")
java_type_ref("<Primordial,Ljava/lang/Object>")	java_type_ref("<Application,Lorg/codehaus/janino/util/resource/FileResource>")
java_type_ref("<Primordial,Ljava/lang/Object>")	java_type_ref("<Application,Lorg/codehaus/janino/tools/HprofScrubber$1>")
java_type_ref("<Application,Lorg/codehaus/janino/Java$CompilationUnit$ImportDeclaration>")	java_type_ref("<Application,Lorg/codehaus/janino/Java$CompilationUnit$SingleStaticImportDeclaration>")
java_type_ref("<Primordial,Ljava/lang/Object>")	java_type_ref("<Application,LSunflowGUI$7>")
java_type_ref("<Primordial,Ljava/lang/Object>")	java_type_ref("<Application,Lorg/sunflow/core/shader/ViewCausticsShader>")
java_type_ref("<Primordial,Ljava/lang/Object>")	java_type_ref("<Application,Lorg/sunflow/core/shader/QuickGrayShader>")
java_type_ref("<Primordial,Ljava/lang/Object>")	java_type_ref("<Application,Lorg/codehaus/janino/Java$DocCommentable>")
java_type_ref("<Primordial,Ljava/lang/Object>")	java_type_ref("<Application,LSunflowGUI$6>")
java_type_ref("<Primordial,Ljava/lang/Object>")	java_type_ref("<Application,Lorg/sunflow/core/ShadingState>")
java_type_ref("<Application,Lorg/codehaus/janino/util/ClassFile$ConstantValuePoolInfo>")	java_type_ref("<Application,Lorg/codehaus/janino/util/ClassFile$ConstantLongInfo>")
java_type_ref("<Primordial,Ljava/lang/Object>")	java_type_ref("<Application,Lorg/sunflow/math/BoundingBox>")
java_type_ref("<Primordial,Ljava/lang/ClassLoader>")	java_type_ref("<Application,Lorg/codehaus/janino/JavaSourceClassLoader>")
java_type_ref("<Application,Lorg/codehaus/janino/IClass$IInvocable>")	java_type_ref("<Application,Lorg/codehaus/janino/IClass$IMethod>")
java_type_ref("<Primordial,Ljava/lang/Object>")	java_type_ref("<Application,Lorg/apache/commons/cli/OptionValidator>")
java_type_ref("<Primordial,Ljava/lang/Object>")	java_type_ref("<Application,LSunflowGUI$8>")
java_type_ref("<Primordial,Ljava/lang/Object>")	java_type_ref("<Application,Lorg/codehaus/janino/Java$ArrayInitializerOrRvalue>")
java_type_ref("<Primordial,Ljava/lang/Object>")	java_type_ref("<Application,Lorg/sunflow/core/shader/ShinyDiffuseShader>")
java_type_ref("<Primordial,Ljava/lang/Object>")	java_type_ref("<Application,Lorg/codehaus/janino/tools/JGrep>")
java_type_ref("<Primordial,Ljava/lang/Object>")	java_type_ref("<Application,Lorg/codehaus/janino/Cookable>")
java_type_ref("<Primordial,Ljava/lang/Object>")	java_type_ref("<Application,Lorg/sunflow/core/ImageSampler>")
java_type_ref("<Primordial,Ljava/lang/Object>")	java_type_ref("<Application,Lorg/codehaus/janino/Compiler>")
java_type_ref("<Primordial,Ljava/lang/Object>")	java_type_ref("<Application,Lorg/sunflow/core/primitive/TriangleMesh$1>")
java_type_ref("<Application,Lorg/codehaus/janino/IClass$IMethod>")	java_type_ref("<Application,Lorg/codehaus/janino/ReflectionIClass$1>")
java_type_ref("<Primordial,Ljava/lang/Object>")	java_type_ref("<Application,Lorg/codehaus/janino/util/StringPattern>")
java_type_ref("<Primordial,Ljava/lang/Object>")	java_type_ref("<Application,LSunflowGUI$16>")
java_type_ref("<Primordial,Ljava/lang/Object>")	java_type_ref("<Application,Lorg/codehaus/janino/tools/Disassembler$AttributeInfo>")
java_type_ref("<Primordial,Ljava/lang/Object>")	java_type_ref("<Application,Lorg/sunflow/core/primitive/Hair$1>")
java_type_ref("<Primordial,Ljava/lang/Object>")	java_type_ref("<Application,Lorg/codehaus/janino/CodeContext$Offset>")
java_type_ref("<Application,Lorg/codehaus/janino/Java$Rvalue>")	java_type_ref("<Application,Lorg/codehaus/janino/Java$ArrayLength>")
java_type_ref("<Primordial,Ljava/lang/RuntimeException>")	java_type_ref("<Application,Lorg/codehaus/janino/UnitCompiler$5$UCE>")
java_type_ref("<Primordial,Ljava/lang/Object>")	java_type_ref("<Application,Lorg/sunflow/util/FastHashMap$Entry>")
java_type_ref("<Application,Lorg/codehaus/janino/util/Traverser>")	java_type_ref("<Application,Lorg/codehaus/janino/ScriptEvaluator$1>")
java_type_ref("<Primordial,Ljava/lang/Object>")	java_type_ref("<Application,Lorg/sunflow/core/filter/GaussianFilter>")
java_type_ref("<Primordial,Ljava/lang/Object>")	java_type_ref("<Application,Lorg/codehaus/janino/tools/JGrep$2>")
java_type_ref("<Application,Lorg/codehaus/janino/Java$Rvalue>")	java_type_ref("<Application,Lorg/codehaus/janino/Java$ClassLiteral>")
java_type_ref("<Primordial,Ljava/lang/Object>")	java_type_ref("<Application,Lorg/codehaus/janino/tools/Disassembler$16>")
java_type_ref("<Application,Lorg/codehaus/janino/ClassBodyEvaluator>")	java_type_ref("<Application,Lorg/codehaus/janino/ScriptEvaluator>")
java_type_ref("<Primordial,Ljava/lang/Object>")	java_type_ref("<Application,Lorg/codehaus/janino/CodeContext>")
java_type_ref("<Application,Lorg/codehaus/janino/util/enumerator/Enumerator>")	java_type_ref("<Application,Lorg/codehaus/janino/Parser$ClassDeclarationContext>")
java_type_ref("<Application,Lorg/codehaus/janino/IClass>")	java_type_ref("<Application,Lorg/codehaus/janino/ClassFileIClass>")
java_type_ref("<Application,Lorg/codehaus/janino/util/enumerator/Enumerator>")	java_type_ref("<Application,Lorg/codehaus/janino/DebuggingInformation>")
java_type_ref("<Primordial,Ljava/util/AbstractCollection>")	java_type_ref("<Application,Lorg/codehaus/janino/util/iterator/IteratorCollection>")
java_type_ref("<Primordial,Ljava/lang/Object>")	java_type_ref("<Application,Lorg/codehaus/janino/tools/Disassembler$30>")
java_type_ref("<Application,Lorg/codehaus/janino/IClassLoader>")	java_type_ref("<Application,Lorg/codehaus/janino/ResourceFinderIClassLoader>")
java_type_ref("<Primordial,Ljava/lang/Object>")	java_type_ref("<Application,Lorg/sunflow/core/photonmap/GridPhotonMap>")
java_type_ref("<Application,Lorg/sunflow/image/SpectralCurve>")	java_type_ref("<Application,Lorg/sunflow/image/IrregularSpectralCurve>")
java_type_ref("<Primordial,Ljava/lang/Object>")	java_type_ref("<Application,Lorg/sunflow/core/IntersectionState>")
java_type_ref("<Primordial,Ljava/lang/Object>")	java_type_ref("<Application,Lorg/sunflow/core/LightSource>")
java_type_ref("<Primordial,Ljava/lang/Object>")	java_type_ref("<Application,Lorg/sunflow/core/LightServer$CacheEntry>")
java_type_ref("<Application,Lorg/codehaus/janino/tools/Disassembler$ConstantPoolInfo>")	java_type_ref("<Application,Lorg/codehaus/janino/tools/Disassembler$10>")
java_type_ref("<Application,Lorg/codehaus/janino/Cookable>")	java_type_ref("<Application,Lorg/codehaus/janino/SimpleCompiler>")
java_type_ref("<Primordial,Ljava/lang/Object>")	java_type_ref("<Application,Lorg/codehaus/janino/util/iterator/EnumerationIterator>")
java_type_ref("<Application,Lorg/codehaus/janino/IClass$IField>")	java_type_ref("<Application,Lorg/codehaus/janino/ClassFileIClass$3>")
java_type_ref("<Application,Lorg/codehaus/janino/Java$NamedClassDeclaration>")	java_type_ref("<Application,Lorg/codehaus/janino/Java$PackageMemberClassDeclaration>")
java_type_ref("<Primordial,Ljava/lang/Object>")	java_type_ref("<Application,Lorg/codehaus/janino/tools/Disassembler$SourceFileAttribute>")
java_type_ref("<Primordial,Ljava/lang/Object>")	java_type_ref("<Application,Lorg/dacapo/harness/Digest>")
java_type_ref("<Primordial,Ljava/lang/Object>")	java_type_ref("<Application,Lorg/sunflow/core/renderer/BucketRenderer$ImageSample>")
java_type_ref("<Primordial,Ljava/lang/Object>")	java_type_ref("<Application,Lorg/codehaus/janino/tools/HprofScrubber$Site>")
java_type_ref("<Primordial,Ljava/io/InputStream>")	java_type_ref("<Application,Lorg/codehaus/janino/tools/Disassembler$CountingInputStream>")
java_type_ref("<Primordial,Ljava/lang/Object>")	java_type_ref("<Application,Lorg/apache/commons/cli/OptionBuilder>")
java_type_ref("<Primordial,Ljava/lang/Thread>")	java_type_ref("<Application,Lorg/sunflow/core/renderer/ProgressiveRenderer$SmallBucketThread>")
java_type_ref("<Application,Lorg/codehaus/janino/Java$Rvalue>")	java_type_ref("<Application,Lorg/codehaus/janino/Java$QualifiedThisReference>")
java_type_ref("<Application,Lorg/codehaus/janino/Java$Rvalue>")	java_type_ref("<Application,Lorg/codehaus/janino/Java$Literal>")
java_type_ref("<Application,Lorg/codehaus/janino/util/resource/ResourceFinder>")	java_type_ref("<Application,Lorg/codehaus/janino/util/resource/MapResourceFinder>")
java_type_ref("<Primordial,Ljava/lang/Enum>")	java_type_ref("<Application,Lorg/sunflow/core/ParameterList$ParameterType>")
java_type_ref("<Application,Lorg/codehaus/janino/IClassLoader>")	java_type_ref("<Application,Lorg/codehaus/janino/JavaSourceIClassLoader>")
java_type_ref("<Primordial,Ljava/lang/Object>")	java_type_ref("<Application,Lorg/codehaus/janino/Java$EnclosingScopeOfTypeDeclaration>")
java_type_ref("<Application,Lorg/codehaus/janino/Java$AbstractTypeBodyDeclaration>")	java_type_ref("<Application,Lorg/codehaus/janino/Java$FunctionDeclarator>")
java_type_ref("<Primordial,Ljava/lang/Object>")	java_type_ref("<Application,Lorg/codehaus/janino/util/ClassFile$LocalVariableTableAttribute$Entry>")
java_type_ref("<Primordial,Ljava/lang/Object>")	java_type_ref("<Application,Lorg/sunflow/core/photonmap/GridPhotonMap$PhotonGroup>")
java_type_ref("<Application,Lorg/codehaus/janino/Java$Rvalue>")	java_type_ref("<Application,Lorg/codehaus/janino/Java$BooleanRvalue>")
java_type_ref("<Application,Lorg/codehaus/janino/tools/Disassembler$ConstantPoolInfo>")	java_type_ref("<Application,Lorg/codehaus/janino/tools/Disassembler$ConstantUtf8Info>")
java_type_ref("<Application,Lorg/codehaus/janino/Java$Type>")	java_type_ref("<Application,Lorg/codehaus/janino/Java$SimpleType>")
java_type_ref("<Primordial,Ljava/lang/Object>")	java_type_ref("<Application,Lorg/dacapo/harness/FileDigest>")
java_type_ref("<Application,Lorg/codehaus/janino/Java$Located>")	java_type_ref("<Application,Lorg/codehaus/janino/Java$AbstractTypeBodyDeclaration>")
java_type_ref("<Application,Lorg/codehaus/janino/Java$InterfaceDeclaration>")	java_type_ref("<Application,Lorg/codehaus/janino/Java$PackageMemberInterfaceDeclaration>")
java_type_ref("<Application,Lorg/codehaus/janino/Java$Type>")	java_type_ref("<Application,Lorg/codehaus/janino/Java$BasicType>")
java_type_ref("<Application,Lorg/codehaus/janino/Scanner$Token>")	java_type_ref("<Application,Lorg/codehaus/janino/Scanner$LiteralToken>")
java_type_ref("<Primordial,Ljava/lang/ClassLoader>")	java_type_ref("<Application,Lorg/codehaus/janino/SimpleCompiler$AuxiliaryClassLoader>")
java_type_ref("<Application,Lorg/codehaus/janino/IClass$IField>")	java_type_ref("<Application,Lorg/codehaus/janino/UnitCompiler$SimpleIField>")
java_type_ref("<Primordial,Ljava/lang/Object>")	java_type_ref("<Application,LSunflowGUI$19>")
java_type_ref("<Application,Lorg/codehaus/janino/Java$AbstractTypeBodyDeclaration>")	java_type_ref("<Application,Lorg/codehaus/janino/Java$Initializer>")
java_type_ref("<Application,Lorg/codehaus/janino/Java$Located>")	java_type_ref("<Application,Lorg/codehaus/janino/Java$CatchClause>")
java_type_ref("<Primordial,Ljava/lang/Object>")	java_type_ref("<Application,Lorg/codehaus/janino/util/resource/ResourceFinder>")
java_type_ref("<Application,Lorg/codehaus/janino/Java$Atom>")	java_type_ref("<Application,Lorg/codehaus/janino/Java$Type>")
java_type_ref("<Primordial,Ljava/lang/Object>")	java_type_ref("<Application,LSunflowGUI$11>")
java_type_ref("<Primordial,Ljava/io/ByteArrayOutputStream>")	java_type_ref("<Application,Lorg/codehaus/janino/util/resource/MapResourceCreator$1>")
java_type_ref("<Application,Lorg/codehaus/janino/Scanner$Token>")	java_type_ref("<Application,Lorg/codehaus/janino/Scanner$KeywordToken>")
java_type_ref("<Primordial,Ljavax/swing/filechooser/FileFilter>")	java_type_ref("<Application,LSunflowGUI$31>")
java_type_ref("<Application,Lorg/codehaus/janino/Java$Lvalue>")	java_type_ref("<Application,Lorg/codehaus/janino/Java$SuperclassFieldAccessExpression>")
java_type_ref("<Primordial,Ljava/lang/Object>")	java_type_ref("<Application,Lorg/codehaus/janino/tools/JGrep$MethodInvocationAction>")
java_type_ref("<Primordial,Ljavax/swing/TransferHandler>")	java_type_ref("<Application,LSunflowGUI$SceneTransferHandler>")
java_type_ref("<Primordial,Ljava/lang/Object>")	java_type_ref("<Application,Lorg/sunflow/core/primitive/CubeGrid>")
java_type_ref("<Primordial,Ljava/lang/Object>")	java_type_ref("<Application,Lorg/dacapo/harness/LatexDescriptions>")
java_type_ref("<Application,Lorg/codehaus/janino/tools/Disassembler$ConstantPoolInfo>")	java_type_ref("<Application,Lorg/codehaus/janino/tools/Disassembler$6>")
java_type_ref("<Primordial,Ljava/lang/ClassLoader>")	java_type_ref("<Application,Lorg/codehaus/janino/SimpleCompiler$1>")
java_type_ref("<Primordial,Ljava/lang/Object>")	java_type_ref("<Application,LSunflowGUI$18>")
java_type_ref("<Application,Lorg/codehaus/janino/IClass>")	java_type_ref("<Application,Lorg/codehaus/janino/IClass$PrimitiveIClass>")
java_type_ref("<Primordial,Ljava/lang/Object>")	java_type_ref("<Application,Lorg/sunflow/core/accel/NullAccelerator>")
java_type_ref("<Primordial,Ljava/lang/Object>")	java_type_ref("<Application,Lorg/codehaus/janino/Visitor$ComprehensiveVisitor>")
java_type_ref("<Application,Lorg/codehaus/janino/util/ClassFile$AttributeInfo>")	java_type_ref("<Application,Lorg/codehaus/janino/util/ClassFile$ConstantValueAttribute>")
java_type_ref("<Primordial,Ljava/lang/Object>")	java_type_ref("<Application,Lorg/codehaus/janino/UnitCompiler$ErrorHandler>")
java_type_ref("<Primordial,Ljava/lang/Object>")	java_type_ref("<Application,Lorg/sunflow/core/primitive/TriangleMesh$WaldTriangle>")
java_type_ref("<Primordial,Ljava/lang/Object>")	java_type_ref("<Application,Lorg/sunflow/core/camera/SphericalLens>")
java_type_ref("<Primordial,Ljava/lang/Thread>")	java_type_ref("<Application,LSunflowGUI$30>")
java_type_ref("<Application,Lorg/codehaus/janino/Scanner$Token>")	java_type_ref("<Application,Lorg/codehaus/janino/Scanner$OperatorToken>")
java_type_ref("<Primordial,Ljava/lang/ClassLoader>")	java_type_ref("<Application,Lorg/codehaus/janino/util/ResourceFinderClassLoader>")
java_type_ref("<Application,Lorg/codehaus/janino/Java$Rvalue>")	java_type_ref("<Application,Lorg/codehaus/janino/Java$Crement>")
java_type_ref("<Primordial,Ljava/lang/Object>")	java_type_ref("<Application,Lorg/codehaus/janino/tools/HprofScrubber$Sample>")
java_type_ref("<Primordial,Ljava/lang/Object>")	java_type_ref("<Application,Lorg/sunflow/core/PhotonStore>")
java_type_ref("<Primordial,Ljava/lang/Object>")	java_type_ref("<Application,Lorg/sunflow/Benchmark>")
java_type_ref("<Primordial,Ljava/lang/Object>")	java_type_ref("<Application,Lorg/sunflow/core/camera/FisheyeLens>")
java_type_ref("<Primordial,Ljava/lang/Object>")	java_type_ref("<Application,Lorg/sunflow/math/PerlinScalar>")
java_type_ref("<Primordial,Ljava/lang/Object>")	java_type_ref("<Application,Lorg/codehaus/janino/IClass$IField>")
java_type_ref("<Application,Lorg/sunflow/image/SpectralCurve>")	java_type_ref("<Application,Lorg/sunflow/image/BlackbodySpectrum>")
java_type_ref("<Primordial,Ljava/lang/Object>")	java_type_ref("<Application,Lorg/sunflow/core/Ray>")
java_type_ref("<Application,Lorg/codehaus/janino/Java$NamedClassDeclaration>")	java_type_ref("<Application,Lorg/codehaus/janino/Java$LocalClassDeclaration>")
java_type_ref("<Primordial,Ljava/lang/Object>")	java_type_ref("<Application,LSunflowGUI$25>")
java_type_ref("<Application,Lorg/codehaus/janino/IClassLoader>")	java_type_ref("<Application,Lorg/codehaus/janino/tools/JGrep$JGrepIClassLoader>")
java_type_ref("<Primordial,Ljava/lang/Object>")	java_type_ref("<Application,Lorg/sunflow/core/IntersectionState$StackNode>")
java_type_ref("<Primordial,Ljava/lang/Object>")	java_type_ref("<Application,Lorg/sunflow/RenderObjectMap$RenderObjectHandle>")
java_type_ref("<Primordial,Ljava/lang/Object>")	java_type_ref("<Application,Lorg/codehaus/janino/util/ClassFile$LineNumberTableAttribute$Entry>")
java_type_ref("<Primordial,Ljava/lang/Object>")	java_type_ref("<Application,Lorg/codehaus/janino/UnitCompiler$8>")
java_type_ref("<Primordial,Ljava/lang/Object>")	java_type_ref("<Application,Lorg/sunflow/system/SearchPath>")
java_type_ref("<Primordial,Ljava/lang/Thread>")	java_type_ref("<Application,LSunflowGUI$29>")
java_type_ref("<Primordial,Ljava/lang/Exception>")	java_type_ref("<Application,Lorg/sunflow/system/Parser$ParserException>")
java_type_ref("<Application,Lorg/dacapo/harness/Callback>")	java_type_ref("<Application,LMMTkCallback>")
java_type_ref("<Primordial,Ljava/lang/Object>")	java_type_ref("<Application,Lorg/apache/commons/cli/CommandLineParser>")
java_type_ref("<Primordial,Ljava/lang/Object>")	java_type_ref("<Application,Lorg/sunflow/math/QMC>")
java_type_ref("<Primordial,Ljava/lang/Object>")	java_type_ref("<Application,Lorg/dacapo/parser/ConfigFile>")
java_type_ref("<Primordial,Ljava/lang/Object>")	java_type_ref("<Application,Lorg/sunflow/core/renderer/SimpleRenderer$1>")
java_type_ref("<Primordial,Ljava/lang/Object>")	java_type_ref("<Application,Lorg/apache/commons/cli/PatternOptionBuilder>")
java_type_ref("<Primordial,Ljava/lang/RuntimeException>")	java_type_ref("<Application,Lorg/codehaus/janino/util/iterator/UniterableElementException>")
java_type_ref("<Application,Lorg/codehaus/janino/tools/Disassembler$ConstantPoolInfo>")	java_type_ref("<Application,Lorg/codehaus/janino/tools/Disassembler$2>")
java_type_ref("<Primordial,Ljava/lang/Object>")	java_type_ref("<Application,Lorg/sunflow/core/light/SphereLight>")
java_type_ref("<Primordial,Ljava/lang/Object>")	java_type_ref("<Application,Lorg/codehaus/janino/Parser>")
java_type_ref("<Primordial,Ljava/lang/Object>")	java_type_ref("<Application,Lorg/codehaus/janino/tools/JGrep$4>")
java_type_ref("<Primordial,Ljava/lang/Object>")	java_type_ref("<Application,Lorg/sunflow/util/FloatArray>")
java_type_ref("<Application,Lorg/codehaus/janino/Java$Type>")	java_type_ref("<Application,Lorg/codehaus/janino/Java$ReferenceType>")
java_type_ref("<Application,Lorg/apache/commons/cli/ParseException>")	java_type_ref("<Application,Lorg/apache/commons/cli/UnrecognizedOptionException>")
java_type_ref("<Primordial,Ljava/lang/Object>")	java_type_ref("<Application,Lorg/sunflow/core/gi/InstantGI$PointLightStore>")
java_type_ref("<Application,Lorg/codehaus/janino/util/iterator/ProducerIterator>")	java_type_ref("<Application,Lorg/codehaus/janino/util/iterator/DirectoryIterator>")
java_type_ref("<Primordial,Ljava/lang/Object>")	java_type_ref("<Application,Lorg/sunflow/core/filter/TriangleFilter>")
java_type_ref("<Primordial,Ljava/lang/RuntimeException>")	java_type_ref("<Application,Lorg/codehaus/janino/UnitCompiler$3$UCE>")
java_type_ref("<Application,Lorg/codehaus/janino/Java$Lvalue>")	java_type_ref("<Application,Lorg/codehaus/janino/Java$FieldAccess>")
java_type_ref("<Primordial,Ljava/lang/Object>")	java_type_ref("<Application,Lorg/codehaus/janino/Visitor$RvalueVisitor>")
java_type_ref("<Primordial,Ljava/lang/Object>")	java_type_ref("<Application,Lorg/codehaus/janino/MethodDescriptor>")
java_type_ref("<Primordial,Ljava/lang/Object>")	java_type_ref("<Application,Lorg/codehaus/janino/IClass$IMember>")
java_type_ref("<Primordial,Ljava/lang/Object>")	java_type_ref("<Application,Lorg/codehaus/janino/Compiler$SimpleWarningHandler>")
java_type_ref("<Primordial,Ljava/lang/Object>")	java_type_ref("<Application,Lorg/sunflow/util/IntArray>")
java_type_ref("<Application,Lorg/dacapo/harness/Benchmark>")	java_type_ref("<Application,Lorg/dacapo/harness/SunflowHarness>")
java_type_ref("<Application,Lorg/apache/commons/cli/Parser>")	java_type_ref("<Application,Lorg/apache/commons/cli/GnuParser>")
java_type_ref("<Primordial,Ljava/lang/Object>")	java_type_ref("<Application,Lorg/sunflow/core/gi/IrradianceCacheGIEngine>")
java_type_ref("<Primordial,Ljava/lang/Object>")	java_type_ref("<Application,Lorg/apache/commons/cli/Options>")
java_type_ref("<Primordial,Ljava/lang/Object>")	java_type_ref("<Application,Lorg/dacapo/harness/Slice>")
java_type_ref("<Primordial,Ljavax/swing/JPanel>")	java_type_ref("<Application,Lorg/sunflow/core/display/FastDisplay>")
java_type_ref("<Application,Lorg/codehaus/janino/Java$Lvalue>")	java_type_ref("<Application,Lorg/codehaus/janino/UnitCompiler$18>")
java_type_ref("<Primordial,Ljava/lang/Object>")	java_type_ref("<Application,Lorg/sunflow/math/Solvers>")
java_type_ref("<Primordial,Ljava/lang/Object>")	java_type_ref("<Application,Lorg/codehaus/janino/util/resource/ZipFileResourceFinder$1>")
java_type_ref("<Application,Lorg/codehaus/janino/CodeContext$Relocatable>")	java_type_ref("<Application,Lorg/codehaus/janino/CodeContext$Branch>")
java_type_ref("<Primordial,Ljava/lang/Object>")	java_type_ref("<Application,Lorg/dacapo/parser/Config$Size>")
java_type_ref("<Primordial,Ljava/lang/Object>")	java_type_ref("<Application,LSunflowGUI$14>")
java_type_ref("<Primordial,Ljava/lang/Object>")	java_type_ref("<Application,LSunflowGUI$4>")
java_type_ref("<Primordial,Ljava/lang/Object>")	java_type_ref("<Application,Lorg/sunflow/core/accel/UniformGrid>")
java_type_ref("<Primordial,Ljava/lang/Object>")	java_type_ref("<Application,Lorg/sunflow/core/photonmap/GlobalPhotonMap>")
java_type_ref("<Application,Lorg/codehaus/janino/util/ClassFile$ConstantPoolInfo>")	java_type_ref("<Application,Lorg/codehaus/janino/util/ClassFile$ConstantMethodrefInfo>")
java_type_ref("<Primordial,Ljava/lang/Object>")	java_type_ref("<Application,Lorg/sunflow/core/display/FileDisplay>")
java_type_ref("<Primordial,Ljava/lang/Object>")	java_type_ref("<Application,Lorg/codehaus/janino/UnitCompiler$9>")
java_type_ref("<Primordial,Ljava/lang/Object>")	java_type_ref("<Application,Lorg/sunflow/core/shader/GlassShader>")
java_type_ref("<Primordial,Ljavax/swing/JFrame>")	java_type_ref("<Application,LSunflowGUI>")
java_type_ref("<Primordial,Ljava/lang/Object>")	java_type_ref("<Application,LMMTkHarness>")
java_type_ref("<Primordial,Ljava/lang/Object>")	java_type_ref("<Application,Lorg/sunflow/core/photonmap/GlobalPhotonMap$NearestPhotons>")
java_type_ref("<Application,Lorg/codehaus/janino/util/enumerator/Enumerator>")	java_type_ref("<Application,Lorg/codehaus/janino/Parser$InterfaceDeclarationContext>")
java_type_ref("<Primordial,Ljava/lang/Object>")	java_type_ref("<Application,Lorg/codehaus/janino/tools/Disassembler$15>")
java_type_ref("<Application,Lorg/codehaus/janino/Java$Rvalue>")	java_type_ref("<Application,Lorg/codehaus/janino/Java$Assignment>")
java_type_ref("<Application,Lorg/codehaus/janino/IClass>")	java_type_ref("<Application,Lorg/codehaus/janino/ReflectionIClass>")
java_type_ref("<Primordial,Ljava/lang/Object>")	java_type_ref("<Application,Lorg/sunflow/core/camera/ThinLens>")
java_type_ref("<Primordial,Ljava/lang/Thread>")	java_type_ref("<Application,LSunflowGUI$24>")
java_type_ref("<Primordial,Ljava/lang/Enum>")	java_type_ref("<Application,Lorg/sunflow/core/ParameterList$InterpolationType>")
java_type_ref("<Primordial,Ljava/lang/Object>")	java_type_ref("<Application,Lorg/sunflow/core/shader/ViewIrradianceShader>")
java_type_ref("<Application,Lorg/codehaus/janino/Java$Statement>")	java_type_ref("<Application,Lorg/codehaus/janino/Java$Block>")
java_type_ref("<Application,Lorg/codehaus/janino/Java$Statement>")	java_type_ref("<Application,Lorg/codehaus/janino/Java$SynchronizedStatement>")
java_type_ref("<Application,Lorg/codehaus/janino/util/iterator/TransformingIterator>")	java_type_ref("<Application,Lorg/codehaus/janino/util/resource/PathResourceFinder$1>")
java_type_ref("<Primordial,Ljava/lang/Object>")	java_type_ref("<Application,LSunflowGUI$1>")
java_type_ref("<Primordial,Ljava/lang/Object>")	java_type_ref("<Application,Lorg/sunflow/core/bucket/BucketOrderFactory>")
java_type_ref("<Primordial,Ljava/lang/Object>")	java_type_ref("<Application,Lorg/codehaus/janino/tools/Disassembler$19>")
java_type_ref("<Application,Lorg/codehaus/janino/IClass>")	java_type_ref("<Application,Lorg/codehaus/janino/IClass$1>")
java_type_ref("<Primordial,Ljava/lang/Object>")	java_type_ref("<Application,Lorg/sunflow/math/Point3>")
java_type_ref("<Primordial,Ljava/lang/Object>")	java_type_ref("<Application,Lorg/codehaus/janino/IClass>")
java_type_ref("<Application,Lorg/codehaus/janino/util/resource/ResourceFinder>")	java_type_ref("<Application,Lorg/codehaus/janino/util/resource/FileResourceFinder>")
java_type_ref("<Primordial,Ljava/lang/Object>")	java_type_ref("<Application,Lorg/codehaus/janino/util/PrimitiveWrapper>")
java_type_ref("<Primordial,Ljava/lang/Object>")	java_type_ref("<Application,Lorg/apache/commons/cli/Parser>")
java_type_ref("<Primordial,Ljava/lang/Object>")	java_type_ref("<Application,Lorg/sunflow/core/tesselatable/BezierMesh>")
java_type_ref("<Application,Lorg/codehaus/janino/IClass$IConstructor>")	java_type_ref("<Application,Lorg/codehaus/janino/UnitCompiler$30>")
java_type_ref("<Primordial,Ljava/lang/Object>")	java_type_ref("<Application,Lorg/codehaus/janino/tools/JGrep$MethodInvocationTarget>")
java_type_ref("<Application,Lorg/sunflow/SunflowAPI>")	java_type_ref("<Application,Lorg/sunflow/RealtimeBenchmark>")
java_type_ref("<Primordial,Ljava/lang/Object>")	java_type_ref("<Application,Lorg/codehaus/janino/util/MultiIterator$1>")
java_type_ref("<Primordial,Ljava/lang/Object>")	java_type_ref("<Application,Lorg/sunflow/core/Shader>")
java_type_ref("<Primordial,Ljava/lang/Object>")	java_type_ref("<Application,Lorg/codehaus/janino/tools/Disassembler$21>")
java_type_ref("<Primordial,Ljava/lang/Object>")	java_type_ref("<Application,Lorg/codehaus/janino/Visitor$TypeVisitor>")
java_type_ref("<Application,Lorg/codehaus/janino/Java$ContinuableStatement>")	java_type_ref("<Application,Lorg/codehaus/janino/Java$DoStatement>")
java_type_ref("<Primordial,Ljava/lang/Object>")	java_type_ref("<Application,Lorg/codehaus/janino/UnitCompiler$7>")
java_type_ref("<Primordial,Ljava/lang/Object>")	java_type_ref("<Application,Lorg/sunflow/core/bucket/ColumnBucketOrder>")
java_type_ref("<Primordial,Ljava/lang/Object>")	java_type_ref("<Application,Lorg/apache/commons/cli/HelpFormatter>")
java_type_ref("<Application,Lorg/codehaus/janino/CodeContext$Relocatable>")	java_type_ref("<Application,Lorg/codehaus/janino/CodeContext$OffsetBranch>")
java_type_ref("<Primordial,Ljava/lang/Object>")	java_type_ref("<Application,Lorg/codehaus/janino/UnitCompiler$6>")
java_type_ref("<Primordial,Ljava/lang/Object>")	java_type_ref("<Application,Lorg/dacapo/harness/Callback$1>")
java_type_ref("<Primordial,Ljava/lang/Object>")	java_type_ref("<Application,Lorg/sunflow/core/shader/AmbientOcclusionShader>")
java_type_ref("<Application,Lorg/codehaus/janino/Java$NamedClassDeclaration>")	java_type_ref("<Application,Lorg/codehaus/janino/Java$MemberClassDeclaration>")
java_type_ref("<Application,Lorg/codehaus/janino/Java$Atom>")	java_type_ref("<Application,Lorg/codehaus/janino/Java$ConstructorInvocation>")
java_type_ref("<Application,Lorg/codehaus/janino/IClassLoader>")	java_type_ref("<Application,Lorg/codehaus/janino/Compiler$CompilerIClassLoader>")
java_type_ref("<Primordial,Ljava/lang/Object>")	java_type_ref("<Application,Lorg/sunflow/core/parser/RA2Parser>")
java_type_ref("<Primordial,Ljava/lang/RuntimeException>")	java_type_ref("<Application,Lorg/codehaus/janino/UnitCompiler$14$UCE>")
java_type_ref("<Primordial,Ljava/lang/Object>")	java_type_ref("<Application,Lorg/sunflow/core/primitive/TriangleMesh>")
java_type_ref("<Primordial,Ljava/lang/Object>")	java_type_ref("<Application,Lorg/dacapo/harness/Callback>")
java_type_ref("<Primordial,Ljava/lang/Object>")	java_type_ref("<Application,Lorg/codehaus/janino/Java$AbstractTypeDeclaration>")
java_type_ref("<Primordial,Ljava/lang/Object>")	java_type_ref("<Application,Lorg/sunflow/core/InstanceList>")
java_type_ref("<Primordial,Ljava/lang/Object>")	java_type_ref("<Application,Lorg/codehaus/janino/util/ClassFile$ConstantPoolInfo>")
java_type_ref("<Primordial,Ljava/lang/Object>")	java_type_ref("<Application,Lorg/dacapo/harness/TestHarness>")
java_type_ref("<Application,Lorg/codehaus/janino/Java$Statement>")	java_type_ref("<Application,Lorg/codehaus/janino/Java$ThrowStatement>")
java_type_ref("<Primordial,Ljava/lang/Object>")	java_type_ref("<Application,Lorg/sunflow/core/bucket/SpiralBucketOrder>")
java_type_ref("<Primordial,Ljava/lang/Object>")	java_type_ref("<Application,Lorg/codehaus/janino/util/ClassFile$InnerClassesAttribute$Entry>")
java_type_ref("<Primordial,Ljava/lang/Object>")	java_type_ref("<Application,Lorg/sunflow/core/filter/BlackmanHarrisFilter>")
java_type_ref("<Primordial,Ljava/lang/Object>")	java_type_ref("<Application,Lorg/codehaus/janino/CodeContext$FixUp>")
java_type_ref("<Primordial,Ljava/lang/Object>")	java_type_ref("<Application,Lorg/sunflow/core/photonmap/CausticPhotonMap>")
java_type_ref("<Application,Lorg/codehaus/janino/IClass$IMethod>")	java_type_ref("<Application,Lorg/codehaus/janino/IClass$2>")
java_type_ref("<Primordial,Ljava/lang/Object>")	java_type_ref("<Application,Lorg/sunflow/core/Texture>")
java_type_ref("<Application,Lorg/codehaus/janino/util/enumerator/Enumerator>")	java_type_ref("<Application,Lorg/codehaus/janino/tools/JGrep$Action>")
java_type_ref("<Application,Lorg/codehaus/janino/util/resource/LazyMultiResourceFinder>")	java_type_ref("<Application,Lorg/codehaus/janino/util/resource/PathResourceFinder>")
java_type_ref("<Application,Lorg/codehaus/janino/JavaSourceClassLoader>")	java_type_ref("<Application,Lorg/codehaus/janino/CachingJavaSourceClassLoader>")
java_type_ref("<Application,Lorg/codehaus/janino/util/ClassFile$AttributeInfo>")	java_type_ref("<Application,Lorg/codehaus/janino/util/ClassFile$InnerClassesAttribute>")
java_type_ref("<Application,Lorg/codehaus/janino/CodeContext$Offset>")	java_type_ref("<Application,Lorg/codehaus/janino/CodeContext$LineNumberOffset>")
java_type_ref("<Primordial,Ljava/lang/Object>")	java_type_ref("<Application,Lorg/codehaus/janino/tools/Disassembler$12>")
java_type_ref("<Application,Lorg/codehaus/janino/Java$CompilationUnit$ImportDeclaration>")	java_type_ref("<Application,Lorg/codehaus/janino/Java$CompilationUnit$SingleTypeImportDeclaration>")
java_type_ref("<Primordial,Ljava/lang/Object>")	java_type_ref("<Application,Lorg/sunflow/core/shader/PhongShader>")
java_type_ref("<Primordial,Ljava/lang/Object>")	java_type_ref("<Application,Lorg/codehaus/janino/UnitCompiler$19>")
java_type_ref("<Application,Lorg/codehaus/janino/util/Traverser>")	java_type_ref("<Application,Lorg/codehaus/janino/samples/DeclarationCounter>")
java_type_ref("<Primordial,Ljava/lang/Object>")	java_type_ref("<Application,Lorg/codehaus/janino/UnitCompiler$20>")
java_type_ref("<Primordial,Ljava/lang/Object>")	java_type_ref("<Application,Lorg/codehaus/janino/Java$Scope>")
java_type_ref("<Primordial,Ljava/lang/Object>")	java_type_ref("<Application,Lorg/sunflow/core/ParameterList$FloatParameter>")
java_type_ref("<Primordial,Ljava/lang/Object>")	java_type_ref("<Application,Lorg/sunflow/core/parser/ShaveRibParser>")
java_type_ref("<Application,Lorg/apache/commons/cli/Parser>")	java_type_ref("<Application,Lorg/apache/commons/cli/BasicParser>")
java_type_ref("<Application,Lorg/codehaus/janino/Java$ConstructorInvocation>")	java_type_ref("<Application,Lorg/codehaus/janino/Java$AlternateConstructorInvocation>")
java_type_ref("<Primordial,Ljava/lang/Object>")	java_type_ref("<Application,Lorg/codehaus/janino/util/Benchmark$Reporter>")
java_type_ref("<Primordial,Ljava/lang/RuntimeException>")	java_type_ref("<Application,Lorg/codehaus/janino/UnitCompiler$13$UCE>")
java_type_ref("<Application,Lorg/codehaus/janino/Java$Invocation>")	java_type_ref("<Application,Lorg/codehaus/janino/Java$SuperclassMethodInvocation>")
java_type_ref("<Primordial,Ljava/lang/Object>")	java_type_ref("<Application,Lorg/sunflow/core/shader/WireframeShader>")
java_type_ref("<Application,Lorg/codehaus/janino/Java$Rvalue>")	java_type_ref("<Application,Lorg/codehaus/janino/Java$ConstantValue>")
java_type_ref("<Primordial,Ljava/lang/RuntimeException>")	java_type_ref("<Application,Lorg/codehaus/janino/UnitCompiler$12$UCE>")
java_type_ref("<Application,Lorg/codehaus/janino/util/ClassFile$ConstantPoolInfo>")	java_type_ref("<Application,Lorg/codehaus/janino/util/ClassFile$ConstantValuePoolInfo>")
java_type_ref("<Application,Lorg/codehaus/janino/util/ClassFile$AttributeInfo>")	java_type_ref("<Application,Lorg/codehaus/janino/util/ClassFile$SourceFileAttribute>")
java_type_ref("<Primordial,Ljava/lang/Object>")	java_type_ref("<Application,Lorg/codehaus/janino/util/resource/MapResourceFinder$1>")
java_type_ref("<Primordial,Ljava/lang/Thread>")	java_type_ref("<Application,Lorg/sunflow/core/renderer/BucketRenderer$BucketThread>")
java_type_ref("<Application,Lorg/codehaus/janino/util/resource/FileResourceCreator>")	java_type_ref("<Application,Lorg/codehaus/janino/Compiler$2>")
java_type_ref("<Application,Lorg/codehaus/janino/IClass$IField>")	java_type_ref("<Application,Lorg/codehaus/janino/UnitCompiler$21>")
java_type_ref("<Primordial,Ljava/lang/RuntimeException>")	java_type_ref("<Application,Lorg/codehaus/janino/UnitCompiler$6$UCE>")
java_type_ref("<Application,Lorg/codehaus/janino/Java$Lvalue>")	java_type_ref("<Application,Lorg/codehaus/janino/Java$ArrayAccessExpression>")
java_type_ref("<Primordial,Ljava/lang/Exception>")	java_type_ref("<Application,Lorg/codehaus/janino/util/enumerator/EnumeratorFormatException>")
java_type_ref("<Primordial,Ljava/lang/Object>")	java_type_ref("<Application,Lorg/codehaus/janino/tools/Disassembler$28>")
java_type_ref("<Application,Lorg/sunflow/image/SpectralCurve>")	java_type_ref("<Application,Lorg/sunflow/image/RegularSpectralCurve>")
java_type_ref("<Application,Lorg/sunflow/image/SpectralCurve>")	java_type_ref("<Application,Lorg/sunflow/image/ConstantSpectralCurve>")
java_type_ref("<Primordial,Ljava/lang/Object>")	java_type_ref("<Application,Lorg/sunflow/core/Geometry>")
java_type_ref("<Primordial,Ljava/lang/Object>")	java_type_ref("<Application,Lorg/codehaus/janino/util/enumerator/Enumerator>")
java_type_ref("<Primordial,Ljava/lang/Object>")	java_type_ref("<Application,LSunflowGUI$17>")
java_type_ref("<Primordial,Ljava/lang/Object>")	java_type_ref("<Application,Lorg/sunflow/math/PerlinVector>")
java_type_ref("<Primordial,Ljava/lang/Object>")	java_type_ref("<Application,Lorg/sunflow/math/Matrix4>")
java_type_ref("<Primordial,Ljava/lang/Object>")	java_type_ref("<Application,Lorg/sunflow/core/gi/InstantGI>")
java_type_ref("<Application,Lorg/codehaus/janino/util/ClassFile$ConstantPoolInfo>")	java_type_ref("<Application,Lorg/codehaus/janino/util/ClassFile$ConstantUtf8Info>")
java_type_ref("<Primordial,Ljava/lang/Exception>")	java_type_ref("<Application,Lorg/apache/commons/cli/ParseException>")
java_type_ref("<Primordial,Ljava/lang/Object>")	java_type_ref("<Application,Lorg/sunflow/core/accel/KDTree$BuildStats>")
java_type_ref("<Application,Lorg/codehaus/janino/util/LocatedException>")	java_type_ref("<Application,Lorg/codehaus/janino/Parser$ParseException>")
java_type_ref("<Application,Lorg/codehaus/janino/Java$Rvalue>")	java_type_ref("<Application,Lorg/codehaus/janino/Java$NewArray>")
java_type_ref("<Application,Lorg/codehaus/janino/util/ClassFile$AttributeInfo>")	java_type_ref("<Application,Lorg/codehaus/janino/util/ClassFile$1>")
java_type_ref("<Primordial,Ljava/lang/Object>")	java_type_ref("<Application,Lorg/sunflow/util/FastHashMap$EntryIterator>")
java_type_ref("<Primordial,Ljava/lang/Object>")	java_type_ref("<Application,Lorg/sunflow/core/filter/BoxFilter>")
java_type_ref("<Primordial,Ljava/lang/Object>")	java_type_ref("<Application,Lorg/sunflow/image/XYZColor>")
java_type_ref("<Primordial,Ljava/lang/Object>")	java_type_ref("<Application,Lorg/codehaus/janino/Visitor$ImportVisitor>")
java_type_ref("<Primordial,Ljava/lang/Object>")	java_type_ref("<Application,Lorg/codehaus/janino/util/enumerator/EnumeratorSet>")
java_type_ref("<Primordial,Ljava/lang/Object>")	java_type_ref("<Application,LSunflowGUI$12>")
java_type_ref("<Primordial,Ljava/lang/RuntimeException>")	java_type_ref("<Application,Lorg/codehaus/janino/UnitCompiler$1$UCE>")
java_type_ref("<Primordial,Ljava/lang/Object>")	java_type_ref("<Application,Lorg/codehaus/janino/UnitCompiler>")
java_type_ref("<Primordial,Ljava/lang/Object>")	java_type_ref("<Application,Lorg/sunflow/core/primitive/QuadMesh$1>")
java_type_ref("<Primordial,Ljava/lang/Object>")	java_type_ref("<Application,Lorg/codehaus/janino/ScriptEvaluator$1$MethodWrapper>")
java_type_ref("<Primordial,Ljava/lang/Object>")	java_type_ref("<Application,Lorg/codehaus/janino/Visitor$BlockStatementVisitor>")
java_type_ref("<Primordial,Ljava/lang/Object>")	java_type_ref("<Application,Lorg/codehaus/janino/util/Traverser>")
java_type_ref("<Primordial,Ljava/lang/RuntimeException>")	java_type_ref("<Application,Lorg/codehaus/janino/UnitCompiler$8$UCE>")
java_type_ref("<Primordial,Ljava/lang/Object>")	java_type_ref("<Application,Lorg/codehaus/janino/Java$PackageMemberTypeDeclaration>")
java_type_ref("<Application,Lorg/codehaus/janino/Java$Rvalue>")	java_type_ref("<Application,Lorg/codehaus/janino/UnitCompiler$24>")
java_type_ref("<Primordial,Ljava/lang/Object>")	java_type_ref("<Application,Lorg/sunflow/system/Parser$1>")
java_type_ref("<Primordial,Ljava/lang/Object>")	java_type_ref("<Application,Lorg/codehaus/janino/Scanner$1>")
java_type_ref("<Primordial,Ljava/lang/Object>")	java_type_ref("<Application,Lorg/apache/commons/cli/TypeHandler>")
java_type_ref("<Primordial,Ljava/lang/Object>")	java_type_ref("<Application,Lorg/codehaus/janino/tools/Disassembler$25>")
java_type_ref("<Primordial,Ljava/lang/Object>")	java_type_ref("<Application,Lorg/codehaus/janino/tools/Disassembler$17>")
java_type_ref("<Primordial,Ljava/lang/Object>")	java_type_ref("<Application,Lorg/sunflow/core/filter/FilterFactory>")
java_type_ref("<Primordial,Ljava/lang/Object>")	java_type_ref("<Application,LSunflowGUI$27>")
java_type_ref("<Application,Lorg/dacapo/harness/Callback>")	java_type_ref("<Application,LMyCallback>")
java_type_ref("<Application,Lorg/codehaus/janino/tools/Disassembler$ConstantPoolInfo>")	java_type_ref("<Application,Lorg/codehaus/janino/tools/Disassembler$7>")
java_type_ref("<Primordial,Ljava/lang/Object>")	java_type_ref("<Application,Lorg/sunflow/core/PrimitiveList>")
java_type_ref("<Primordial,Ljava/lang/Object>")	java_type_ref("<Application,Lorg/dacapo/parser/Config>")
java_type_ref("<Application,Lorg/codehaus/janino/util/iterator/TransformingIterator>")	java_type_ref("<Application,Lorg/codehaus/janino/util/resource/JarDirectoriesResourceFinder$3>")
java_type_ref("<Primordial,Ljava/lang/Object>")	java_type_ref("<Application,Lorg/codehaus/janino/UnitCompiler$4>")
java_type_ref("<Application,Lorg/codehaus/janino/Java$FunctionDeclarator>")	java_type_ref("<Application,Lorg/codehaus/janino/Java$MethodDeclarator>")
java_type_ref("<Primordial,Ljava/lang/Object>")	java_type_ref("<Application,Lorg/codehaus/janino/tools/Disassembler$ExceptionTableEntry>")
java_type_ref("<Application,Lorg/codehaus/janino/Java$Invocation>")	java_type_ref("<Application,Lorg/codehaus/janino/Java$MethodInvocation>")
java_type_ref("<Primordial,Ljava/lang/Object>")	java_type_ref("<Application,Lorg/sunflow/core/primitive/JuliaFractal>")
java_type_ref("<Application,Lorg/codehaus/janino/Java$Lvalue>")	java_type_ref("<Application,Lorg/codehaus/janino/Java$LocalVariableAccess>")
java_type_ref("<Primordial,Ljava/lang/Object>")	java_type_ref("<Application,Lorg/sunflow/image/RGBSpace>")
java_type_ref("<Application,Lorg/codehaus/janino/Java$Located>")	java_type_ref("<Application,Lorg/codehaus/janino/Java$Statement>")
java_type_ref("<Application,Lorg/codehaus/janino/tools/Disassembler$ConstantPoolInfo>")	java_type_ref("<Application,Lorg/codehaus/janino/tools/Disassembler$1>")
java_type_ref("<Primordial,Ljava/lang/Object>")	java_type_ref("<Application,Lorg/codehaus/janino/tools/Disassembler$26>")
java_type_ref("<Primordial,Ljava/lang/Object>")	java_type_ref("<Application,Lorg/sunflow/core/filter/SincFilter>")
java_type_ref("<Application,Lorg/codehaus/janino/IClass$IMethod>")	java_type_ref("<Application,Lorg/codehaus/janino/ClassFileIClass$2>")
java_type_ref("<Application,Lorg/sunflow/core/ParameterList>")	java_type_ref("<Application,Lorg/sunflow/core/Options>")
java_type_ref("<Application,Lorg/codehaus/janino/Java$Type>")	java_type_ref("<Application,Lorg/codehaus/janino/Java$ArrayType>")
java_type_ref("<Application,Lorg/codehaus/janino/Java$Located>")	java_type_ref("<Application,Lorg/codehaus/janino/Java$FunctionDeclarator$FormalParameter>")
java_type_ref("<Primordial,Ljava/lang/Object>")	java_type_ref("<Application,Lorg/codehaus/janino/util/iterator/TraversingIterator>")
java_type_ref("<Primordial,Ljava/lang/Object>")	java_type_ref("<Application,Lorg/codehaus/janino/util/resource/MapResourceCreator>")
java_type_ref("<Application,Lorg/codehaus/janino/util/ClassFile$AttributeInfo>")	java_type_ref("<Application,Lorg/codehaus/janino/util/ClassFile$SyntheticAttribute>")
java_type_ref("<Application,Lorg/codehaus/janino/Java$Statement>")	java_type_ref("<Application,Lorg/codehaus/janino/Java$EmptyStatement>")
java_type_ref("<Primordial,Ljava/lang/Object>")	java_type_ref("<Application,Lorg/codehaus/janino/tools/JGrep$3>")
java_type_ref("<Primordial,Ljava/lang/Enum>")	java_type_ref("<Application,Lorg/sunflow/system/UI$Module>")
java_type_ref("<Primordial,Ljava/lang/Object>")	java_type_ref("<Application,Lorg/sunflow/core/ShadingState$LightSampleIterator>")
java_type_ref("<Primordial,Ljava/lang/Object>")	java_type_ref("<Application,Lorg/sunflow/core/shader/ConstantShader>")
java_type_ref("<Primordial,Ljava/lang/Enum>")	java_type_ref("<Application,Lorg/dacapo/harness/CommandLineArgs$Methodology>")
java_type_ref("<Primordial,Ljava/lang/Object>")	java_type_ref("<Application,Lorg/codehaus/janino/util/iterator/MultiDimensionalIterator>")
java_type_ref("<Primordial,Ljava/lang/Object>")	java_type_ref("<Application,Lorg/sunflow/core/CausticPhotonMapInterface>")
java_type_ref("<Primordial,Ljava/lang/Object>")	java_type_ref("<Application,Lorg/sunflow/core/accel/KDTree$BuildTask>")
java_type_ref("<Application,Lorg/codehaus/janino/Java$InterfaceDeclaration>")	java_type_ref("<Application,Lorg/codehaus/janino/Java$MemberInterfaceDeclaration>")
java_type_ref("<Application,Lorg/apache/commons/cli/Parser>")	java_type_ref("<Application,Lorg/apache/commons/cli/PosixParser>")
java_type_ref("<Primordial,Ljava/lang/Object>")	java_type_ref("<Application,Lorg/sunflow/system/ImagePanel$1>")
java_type_ref("<Primordial,Ljava/lang/Object>")	java_type_ref("<Application,Lorg/sunflow/core/AccelerationStructureFactory>")
java_type_ref("<Application,Lorg/codehaus/janino/IClass$IMethod>")	java_type_ref("<Application,Lorg/codehaus/janino/UnitCompiler$25>")
java_type_ref("<Primordial,Ljava/lang/Object>")	java_type_ref("<Application,Lorg/sunflow/core/light/ImageBasedLight>")
java_type_ref("<Primordial,Ljava/lang/Object>")	java_type_ref("<Application,Lorg/codehaus/janino/tools/Disassembler$18>")
java_type_ref("<Application,Lorg/codehaus/janino/tools/Disassembler$ConstantPoolInfo>")	java_type_ref("<Application,Lorg/codehaus/janino/tools/Disassembler$3>")
java_type_ref("<Application,Lorg/codehaus/janino/Java$AbstractTypeDeclaration>")	java_type_ref("<Application,Lorg/codehaus/janino/Java$InterfaceDeclaration>")
java_type_ref("<Application,Lorg/codehaus/janino/util/ClassFile$ConstantPoolInfo>")	java_type_ref("<Application,Lorg/codehaus/janino/util/ClassFile$ConstantFieldrefInfo>")
java_type_ref("<Primordial,Ljava/lang/Object>")	java_type_ref("<Application,Lorg/sunflow/system/Parser>")
java_type_ref("<Application,Lorg/sunflow/core/shader/AnisotropicWardShader>")	java_type_ref("<Application,Lorg/sunflow/core/shader/TexturedWardShader>")
java_type_ref("<Application,Lorg/codehaus/janino/IClass>")	java_type_ref("<Application,Lorg/codehaus/janino/UnitCompiler$29>")
java_type_ref("<Primordial,Ljava/lang/Object>")	java_type_ref("<Application,Lorg/sunflow/system/Timer>")
java_type_ref("<Primordial,Ljava/lang/Object>")	java_type_ref("<Application,Lorg/sunflow/math/OrthoNormalBasis>")
java_type_ref("<Primordial,Ljava/lang/Object>")	java_type_ref("<Application,Lorg/sunflow/core/ParameterList$1>")
java_type_ref("<Primordial,Ljava/lang/Object>")	java_type_ref("<Application,Lorg/codehaus/janino/Java$InnerClassDeclaration>")
java_type_ref("<Primordial,Ljava/lang/RuntimeException>")	java_type_ref("<Application,Lorg/codehaus/janino/util/enumerator/EnumeratorSetTypeException>")
java_type_ref("<Primordial,Ljava/lang/Object>")	java_type_ref("<Application,Lorg/codehaus/janino/Java>")
java_type_ref("<Primordial,Ljava/lang/Object>")	java_type_ref("<Application,Lorg/codehaus/janino/UnitCompiler$11>")
java_type_ref("<Primordial,Ljava/lang/Object>")	java_type_ref("<Application,Lorg/codehaus/janino/util/ClassFile$MethodInfo>")
java_type_ref("<Application,Lorg/codehaus/janino/Java$Located>")	java_type_ref("<Application,Lorg/codehaus/janino/Java$PackageDeclaration>")
java_type_ref("<Primordial,Ljava/lang/Object>")	java_type_ref("<Application,Lorg/sunflow/core/shader/NormalShader>")
java_type_ref("<Application,Lorg/sunflow/core/shader/AmbientOcclusionShader>")	java_type_ref("<Application,Lorg/sunflow/core/shader/TexturedAmbientOcclusionShader>")
java_type_ref("<Primordial,Ljavax/swing/JPanel>")	java_type_ref("<Application,Lorg/sunflow/system/ImagePanel>")
java_type_ref("<Primordial,Ljava/lang/Object>")	java_type_ref("<Application,Lorg/codehaus/janino/util/ClassFile$CodeAttribute$ExceptionTableEntry>")
java_type_ref("<Application,Lorg/codehaus/janino/Java$Located>")	java_type_ref("<Application,Lorg/codehaus/janino/Java$Atom>")
java_type_ref("<Primordial,Ljava/lang/Object>")	java_type_ref("<Application,LSunflowGUI$13>")
java_type_ref("<Application,Lorg/sunflow/core/shader/PhongShader>")	java_type_ref("<Application,Lorg/sunflow/core/shader/TexturedPhongShader>")
java_type_ref("<Application,Lorg/codehaus/janino/IClass$IConstructor>")	java_type_ref("<Application,Lorg/codehaus/janino/UnitCompiler$26>")
java_type_ref("<Application,Lorg/codehaus/janino/tools/Disassembler$ConstantPoolInfo>")	java_type_ref("<Application,Lorg/codehaus/janino/tools/Disassembler$8>")
java_type_ref("<Primordial,Ljava/lang/Object>")	java_type_ref("<Application,Lorg/sunflow/system/UI>")
java_type_ref("<Primordial,Ljava/lang/Object>")	java_type_ref("<Application,LSunflowGUI$15>")
java_type_ref("<Primordial,Ljava/lang/Object>")	java_type_ref("<Application,Lorg/sunflow/core/shader/PrimIDShader>")
java_type_ref("<Application,Lorg/codehaus/janino/samples/DemoBase>")	java_type_ref("<Application,Lorg/codehaus/janino/samples/ScriptDemo>")
java_type_ref("<Primordial,Ljava/lang/Object>")	java_type_ref("<Application,Lorg/sunflow/core/primitive/Sphere>")
java_type_ref("<Primordial,Ljava/lang/Object>")	java_type_ref("<Application,Lorg/sunflow/core/primitive/BanchoffSurface>")
java_type_ref("<Application,Lorg/codehaus/janino/Java$BooleanRvalue>")	java_type_ref("<Application,Lorg/codehaus/janino/Java$BinaryOperation>")
java_type_ref("<Primordial,Ljava/lang/Object>")	java_type_ref("<Application,Lorg/sunflow/core/Modifier>")
java_type_ref("<Primordial,Ljava/lang/Object>")	java_type_ref("<Application,Lorg/codehaus/janino/tools/Disassembler$24>")
java_type_ref("<Primordial,Ljava/lang/RuntimeException>")	java_type_ref("<Application,Lorg/codehaus/janino/UnitCompiler$9$UCE>")
java_type_ref("<Primordial,Ljava/lang/Object>")	java_type_ref("<Application,Lorg/dacapo/parser/Config$1>")
java_type_ref("<Application,Lorg/codehaus/janino/util/ClassFile$AttributeInfo>")	java_type_ref("<Application,Lorg/codehaus/janino/util/ClassFile$CodeAttribute>")
java_type_ref("<Application,Lorg/codehaus/janino/Java$FunctionDeclarator>")	java_type_ref("<Application,Lorg/codehaus/janino/Java$ConstructorDeclarator>")
java_type_ref("<Primordial,Ljava/lang/Object>")	java_type_ref("<Application,Lorg/sunflow/system/ByteUtil>")
java_type_ref("<Application,Lorg/sunflow/core/primitive/TriangleMesh>")	java_type_ref("<Application,Lorg/sunflow/core/light/TriangleMeshLight>")
java_type_ref("<Application,Lorg/codehaus/janino/util/iterator/FilterListIterator>")	java_type_ref("<Application,Lorg/codehaus/janino/util/iterator/ReverseListIterator>")
java_type_ref("<Primordial,Ljava/lang/Object>")	java_type_ref("<Application,Lorg/sunflow/core/gi/IrradianceCacheGIEngine$Sample>")
java_type_ref("<Primordial,Ljava/lang/Object>")	java_type_ref("<Application,Lorg/sunflow/core/bucket/RandomBucketOrder>")
java_type_ref("<Primordial,Ljava/lang/Object>")	java_type_ref("<Application,Lorg/codehaus/janino/util/resource/Resource>")
java_type_ref("<Primordial,Ljava/lang/Object>")	java_type_ref("<Application,Lorg/apache/commons/cli/CommandLine>")
java_type_ref("<Primordial,Ljava/lang/Object>")	java_type_ref("<Application,LSunflowGUI$21>")
java_type_ref("<Primordial,Ljava/lang/Object>")	java_type_ref("<Application,Lorg/apache/commons/cli/OptionGroup>")
java_type_ref("<Application,Lorg/codehaus/janino/util/Traverser>")	java_type_ref("<Application,Lorg/codehaus/janino/ExpressionEvaluator$1>")
java_type_ref("<Application,Lorg/codehaus/janino/Java$BreakableStatement>")	java_type_ref("<Application,Lorg/codehaus/janino/Java$LabeledStatement>")
java_type_ref("<Primordial,Ljava/lang/Object>")	java_type_ref("<Application,Lorg/codehaus/janino/UnitCompiler$17>")
java_type_ref("<Primordial,Ljava/lang/Object>")	java_type_ref("<Application,Lorg/codehaus/janino/samples/ClassBodyDemo>")
java_type_ref("<Primordial,Ljava/lang/Object>")	java_type_ref("<Application,Lorg/codehaus/janino/IClassLoader>")
java_type_ref("<Primordial,Ljava/lang/Object>")	java_type_ref("<Application,Lorg/codehaus/janino/util/iterator/IteratorCollection$1>")
java_type_ref("<Application,Lorg/codehaus/janino/Java$Rvalue>")	java_type_ref("<Application,Lorg/codehaus/janino/Java$Cast>")
java_type_ref("<Application,Lorg/codehaus/janino/IClass$IMethod>")	java_type_ref("<Application,Lorg/codehaus/janino/ReflectionIClass$ReflectionIMethod>")
java_type_ref("<Primordial,Ljava/lang/Object>")	java_type_ref("<Application,Lorg/dacapo/harness/ChordHarness>")
java_type_ref("<Primordial,Ljava/lang/Object>")	java_type_ref("<Application,Lorg/sunflow/core/parser/SCParser>")
java_type_ref("<Application,Lorg/codehaus/janino/util/ClassFile$AttributeInfo>")	java_type_ref("<Application,Lorg/codehaus/janino/util/ClassFile$LocalVariableTableAttribute>")
java_type_ref("<Primordial,Ljava/lang/Object>")	java_type_ref("<Application,Lorg/codehaus/janino/Location>")
java_type_ref("<Application,Lorg/codehaus/janino/Java$Atom>")	java_type_ref("<Application,Lorg/codehaus/janino/Java$Rvalue>")
java_type_ref("<Primordial,Ljava/io/PrintWriter>")	java_type_ref("<Application,Lorg/codehaus/janino/tools/Disassembler$IndentPrintWriter>")
java_type_ref("<Application,Lorg/codehaus/janino/Java$Statement>")	java_type_ref("<Application,Lorg/codehaus/janino/Java$LocalClassDeclarationStatement>")
java_type_ref("<Application,Lorg/codehaus/janino/samples/DemoBase>")	java_type_ref("<Application,Lorg/codehaus/janino/samples/ExpressionDemo>")
java_type_ref("<Primordial,Ljava/lang/Object>")	java_type_ref("<Application,Lorg/sunflow/core/LightServer$Sample>")
java_type_ref("<Primordial,Ljava/lang/Object>")	java_type_ref("<Application,Lorg/sunflow/core/GlobalPhotonMapInterface>")
java_type_ref("<Primordial,Ljava/io/PrintStream>")	java_type_ref("<Application,Lorg/dacapo/harness/TeePrintStream>")
java_type_ref("<Application,Lorg/codehaus/janino/util/resource/ResourceFinder>")	java_type_ref("<Application,Lorg/codehaus/janino/util/resource/MultiResourceFinder>")
java_type_ref("<Primordial,Ljava/lang/Object>")	java_type_ref("<Application,Lorg/codehaus/janino/Java$BlockStatement>")
java_type_ref("<Primordial,Ljava/lang/Enum>")	java_type_ref("<Application,Lorg/dacapo/harness/Callback$Mode>")
java_type_ref("<Primordial,Ljava/lang/Object>")	java_type_ref("<Application,Lorg/codehaus/janino/tools/Disassembler$11>")
java_type_ref("<Primordial,Ljava/lang/Object>")	java_type_ref("<Application,Lorg/sunflow/core/light/TriangleMeshLight$TriangleLight>")
java_type_ref("<Primordial,Ljava/lang/Object>")	java_type_ref("<Application,Lorg/sunflow/core/gi/GIEngineFactory>")
java_type_ref("<Application,Lorg/codehaus/janino/tools/Disassembler$ConstantPoolInfo>")	java_type_ref("<Application,Lorg/codehaus/janino/tools/Disassembler$5>")
java_type_ref("<Primordial,Ljava/lang/Object>")	java_type_ref("<Application,Lorg/dacapo/parser/ConfigFileTokenManager>")
java_type_ref("<Primordial,Ljava/lang/Object>")	java_type_ref("<Application,Lorg/sunflow/core/renderer/BucketRenderer>")
java_type_ref("<Primordial,Ljava/lang/Object>")	java_type_ref("<Application,Lorg/codehaus/janino/UnitCompiler$12>")
java_type_ref("<Primordial,Ljava/lang/Object>")	java_type_ref("<Application,Lorg/sunflow/core/shader/DiffuseShader>")
java_type_ref("<Primordial,Ljava/lang/Object>")	java_type_ref("<Application,Lorg/sunflow/util/FastHashMap>")
java_type_ref("<Primordial,Ljava/lang/Object>")	java_type_ref("<Application,Lorg/codehaus/janino/UnitCompiler$16>")
java_type_ref("<Application,Lorg/codehaus/janino/CodeContext$Inserter>")	java_type_ref("<Application,Lorg/codehaus/janino/Java$Padder>")
java_type_ref("<Primordial,Ljava/lang/Object>")	java_type_ref("<Application,Lorg/sunflow/core/display/OpenExrDisplay>")
java_type_ref("<Primordial,Ljava/lang/Object>")	java_type_ref("<Application,LSunflowGUI$20>")
java_type_ref("<Primordial,Ljava/lang/Object>")	java_type_ref("<Application,LSunflowGUI$28>")
java_type_ref("<Primordial,Ljava/lang/Object>")	java_type_ref("<Application,Lorg/sunflow/core/SceneParser>")
java_type_ref("<Primordial,Ljava/lang/Thread>")	java_type_ref("<Application,Lorg/sunflow/core/renderer/SimpleRenderer$BucketThread>")
java_type_ref("<Primordial,Ljava/lang/Object>")	java_type_ref("<Application,Lorg/dacapo/harness/CommandLineArgs>")
java_type_ref("<Primordial,Ljava/lang/Object>")	java_type_ref("<Application,Lorg/sunflow/core/gi/IrradianceCacheGIEngine$Node>")
java_type_ref("<Primordial,Ljava/lang/Error>")	java_type_ref("<Application,Lorg/dacapo/parser/TokenMgrError>")
java_type_ref("<Primordial,Ljava/lang/Object>")	java_type_ref("<Application,Lorg/codehaus/janino/util/Traverser$1>")
java_type_ref("<Primordial,Ljava/lang/Object>")	java_type_ref("<Application,Lorg/codehaus/janino/tools/Disassembler$27>")
java_type_ref("<Primordial,Ljava/lang/Object>")	java_type_ref("<Application,Lorg/apache/commons/cli/HelpFormatter$1>")
java_type_ref("<Primordial,Ljava/lang/Object>")	java_type_ref("<Application,Lorg/sunflow/core/light/DirectionalSpotlight>")
java_type_ref("<Primordial,Ljava/lang/Object>")	java_type_ref("<Application,Lorg/sunflow/core/primitive/CornellBox>")
java_type_ref("<Application,Lorg/codehaus/janino/Scanner$Token>")	java_type_ref("<Application,Lorg/codehaus/janino/Scanner$EOFToken>")
java_type_ref("<Primordial,Ljava/lang/Object>")	java_type_ref("<Application,Lorg/codehaus/janino/util/Producer>")
java_type_ref("<Application,Lorg/codehaus/janino/Java$CompilationUnit$ImportDeclaration>")	java_type_ref("<Application,Lorg/codehaus/janino/Java$CompilationUnit$TypeImportOnDemandDeclaration>")
java_type_ref("<Application,Lorg/codehaus/janino/util/ClassFile$ConstantValuePoolInfo>")	java_type_ref("<Application,Lorg/codehaus/janino/util/ClassFile$ConstantFloatInfo>")
java_type_ref("<Primordial,Ljava/lang/Object>")	java_type_ref("<Application,LSunflowGUI$10>")
java_type_ref("<Primordial,Ljava/lang/Object>")	java_type_ref("<Application,Lorg/sunflow/core/GIEngine>")
java_type_ref("<Application,Lorg/codehaus/janino/Java$BreakableStatement>")	java_type_ref("<Application,Lorg/codehaus/janino/Java$ContinuableStatement>")
java_type_ref("<Primordial,Ljava/lang/Object>")	java_type_ref("<Application,Lorg/codehaus/janino/util/MultiIterator>")
java_type_ref("<Primordial,Ljava/lang/Object>")	java_type_ref("<Application,Lorg/codehaus/janino/Visitor$TypeDeclarationVisitor>")
java_type_ref("<Primordial,Ljava/lang/Object>")	java_type_ref("<Application,Lorg/sunflow/core/gi/InstantGI$1>")
java_type_ref("<Application,Lorg/codehaus/janino/util/resource/MultiResourceFinder>")	java_type_ref("<Application,Lorg/codehaus/janino/util/resource/LazyMultiResourceFinder>")
java_type_ref("<Application,Lorg/codehaus/janino/IClass$IMethod>")	java_type_ref("<Application,Lorg/codehaus/janino/UnitCompiler$27>")
java_type_ref("<Primordial,Ljava/lang/Object>")	java_type_ref("<Application,Lorg/sunflow/core/bucket/RowBucketOrder>")
java_type_ref("<Primordial,Ljava/lang/Object>")	java_type_ref("<Application,Lorg/sunflow/core/tesselatable/FileMesh>")
java_type_ref("<Primordial,Ljava/lang/Object>")	java_type_ref("<Application,Lorg/sunflow/core/shader/UVShader>")
java_type_ref("<Primordial,Ljava/lang/Object>")	java_type_ref("<Application,Lorg/codehaus/janino/tools/Disassembler$SourceRelatedAttributeInfo>")
java_type_ref("<Primordial,Ljava/lang/RuntimeException>")	java_type_ref("<Application,Lorg/codehaus/janino/tools/JGrep$1$UCE>")
java_type_ref("<Application,Lorg/codehaus/janino/Java$Rvalue>")	java_type_ref("<Application,Lorg/codehaus/janino/Java$ConditionalExpression>")
java_type_ref("<Primordial,Ljava/lang/Object>")	java_type_ref("<Application,Lorg/sunflow/core/bucket/DiagonalBucketOrder>")
java_type_ref("<Primordial,Ljava/lang/Object>")	java_type_ref("<Application,LHarness>")
java_type_ref("<Primordial,Ljava/lang/Object>")	java_type_ref("<Application,Lorg/codehaus/janino/WarningHandler>")
java_type_ref("<Primordial,Ljava/lang/Object>")	java_type_ref("<Application,Lorg/sunflow/core/accel/BoundingIntervalHierarchy$BuildStats>")
java_type_ref("<Application,Lorg/codehaus/janino/Java$Rvalue>")	java_type_ref("<Application,Lorg/codehaus/janino/Java$Lvalue>")
java_type_ref("<Primordial,Ljavax/swing/JFrame>")	java_type_ref("<Application,Lorg/sunflow/core/display/FrameDisplay$RenderFrame>")
java_type_ref("<Application,Lorg/codehaus/janino/util/iterator/FilterIterator>")	java_type_ref("<Application,Lorg/codehaus/janino/util/iterator/TransformingIterator>")
java_type_ref("<Primordial,Ljava/lang/Object>")	java_type_ref("<Application,Lorg/codehaus/janino/JavaSourceClassLoader$ProtectionDomainFactory>")
java_type_ref("<Application,Lorg/codehaus/janino/util/LocatedException>")	java_type_ref("<Application,Lorg/codehaus/janino/Scanner$ScanException>")
java_type_ref("<Primordial,Ljava/lang/Object>")	java_type_ref("<Application,Lorg/sunflow/core/LightServer$1>")
java_type_ref("<Primordial,Ljava/awt/event/KeyAdapter>")	java_type_ref("<Application,Lorg/sunflow/core/display/FastDisplay$1>")
java_type_ref("<Application,Lorg/codehaus/janino/SimpleCompiler>")	java_type_ref("<Application,Lorg/codehaus/janino/ClassBodyEvaluator>")
java_type_ref("<Primordial,Ljava/lang/RuntimeException>")	java_type_ref("<Application,Lorg/codehaus/janino/UnitCompiler$7$UCE>")
java_type_ref("<Primordial,Ljava/lang/Object>")	java_type_ref("<Application,Lorg/sunflow/core/parser/RA3Parser>")
java_type_ref("<Application,Lorg/codehaus/janino/Java$Statement>")	java_type_ref("<Application,Lorg/codehaus/janino/Java$BreakableStatement>")
java_type_ref("<Primordial,Ljava/lang/Object>")	java_type_ref("<Application,Lorg/sunflow/core/accel/BoundingIntervalHierarchy>")
java_type_ref("<Application,Lorg/codehaus/janino/Java$ClassDeclaration>")	java_type_ref("<Application,Lorg/codehaus/janino/Java$AnonymousClassDeclaration>")
java_type_ref("<Application,Lorg/codehaus/janino/util/enumerator/Enumerator>")	java_type_ref("<Application,Lorg/codehaus/janino/Access>")
java_type_ref("<Application,Lorg/codehaus/janino/Java$BreakableStatement>")	java_type_ref("<Application,Lorg/codehaus/janino/Java$SwitchStatement>")
java_type_ref("<Application,Lorg/codehaus/janino/Java$Rvalue>")	java_type_ref("<Application,Lorg/codehaus/janino/Java$ParameterAccess>")
java_type_ref("<Application,Lorg/codehaus/janino/Java$Statement>")	java_type_ref("<Application,Lorg/codehaus/janino/Java$TryStatement>")
java_type_ref("<Application,Lorg/codehaus/janino/util/ClassFile$ConstantValuePoolInfo>")	java_type_ref("<Application,Lorg/codehaus/janino/util/ClassFile$ConstantIntegerInfo>")
java_type_ref("<Application,Lorg/codehaus/janino/Java$Statement>")	java_type_ref("<Application,Lorg/codehaus/janino/Java$IfStatement>")
java_type_ref("<Primordial,Ljava/lang/Object>")	java_type_ref("<Application,Lorg/sunflow/core/photonmap/CausticPhotonMap$Photon>")
java_type_ref("<Application,Lorg/codehaus/janino/Java$Statement>")	java_type_ref("<Application,Lorg/codehaus/janino/Java$ReturnStatement>")
java_type_ref("<Primordial,Ljava/lang/Object>")	java_type_ref("<Application,Lorg/codehaus/janino/UnitCompiler$10>")
java_type_ref("<Application,Lorg/codehaus/janino/Java$Located>")	java_type_ref("<Application,Lorg/codehaus/janino/Java$CompilationUnit$ImportDeclaration>")
java_type_ref("<Primordial,Ljava/lang/Enum>")	java_type_ref("<Application,Lorg/dacapo/parser/Config$ThreadModel>")
java_type_ref("<Primordial,Ljava/lang/Object>")	java_type_ref("<Application,Lorg/codehaus/janino/tools/Disassembler$31>")
java_type_ref("<Primordial,Ljava/lang/Object>")	java_type_ref("<Application,Lorg/codehaus/janino/util/Benchmark$1>")
java_type_ref("<Application,Lorg/codehaus/janino/Java$BooleanRvalue>")	java_type_ref("<Application,Lorg/codehaus/janino/Java$UnaryOperation>")
java_type_ref("<Application,Lorg/codehaus/janino/Java$ContinuableStatement>")	java_type_ref("<Application,Lorg/codehaus/janino/Java$ForStatement>")
java_type_ref("<Primordial,Ljava/lang/RuntimeException>")	java_type_ref("<Application,Lorg/codehaus/janino/UnicodeUnescapeException>")
java_type_ref("<Primordial,Ljava/lang/Exception>")	java_type_ref("<Application,Lorg/dacapo/harness/DacapoException>")
java_type_ref("<Primordial,Ljava/lang/Object>")	java_type_ref("<Application,Lorg/codehaus/janino/Java$LocalVariable>")
java_type_ref("<Application,Lorg/codehaus/janino/util/ClassFile$AttributeInfo>")	java_type_ref("<Application,Lorg/codehaus/janino/util/ClassFile$DeprecatedAttribute>")
java_type_ref("<Primordial,Ljava/lang/Object>")	java_type_ref("<Application,Lorg/sunflow/core/filter/CatmullRomFilter>")
java_type_ref("<Primordial,Ljava/lang/Object>")	java_type_ref("<Application,Lorg/codehaus/janino/Scanner>")
java_type_ref("<Application,Lorg/codehaus/janino/Java$ContinuableStatement>")	java_type_ref("<Application,Lorg/codehaus/janino/Java$WhileStatement>")
java_type_ref("<Primordial,Ljava/lang/Object>")	java_type_ref("<Application,Lorg/sunflow/core/modifiers/NormalMapModifier>")
java_type_ref("<Primordial,Ljava/lang/Object>")	java_type_ref("<Application,Lorg/apache/commons/cli/Util>")
java_type_ref("<Primordial,Ljava/lang/Object>")	java_type_ref("<Application,Lorg/sunflow/core/shader/ViewGlobalPhotonsShader>")
java_type_ref("<Primordial,Ljava/lang/Object>")	java_type_ref("<Application,Lorg/sunflow/core/primitive/ParticleSurface>")
java_type_ref("<Primordial,Ljava/lang/Object>")	java_type_ref("<Application,Lorg/codehaus/janino/tools/Disassembler$LocalVariableTableAttribute>")
java_type_ref("<Application,Lorg/codehaus/janino/util/ClassFile$ConstantPoolInfo>")	java_type_ref("<Application,Lorg/codehaus/janino/util/ClassFile$ConstantNameAndTypeInfo>")
java_type_ref("<Primordial,Ljava/lang/Object>")	java_type_ref("<Application,Lorg/sunflow/core/renderer/ProgressiveRenderer$1>")
java_type_ref("<Primordial,Ljava/lang/Object>")	java_type_ref("<Application,Lorg/sunflow/core/primitive/QuadMesh>")
java_type_ref("<Primordial,Ljava/lang/Object>")	java_type_ref("<Application,Lorg/sunflow/core/gi/FakeGIEngine>")
java_type_ref("<Primordial,Ljava/lang/Object>")	java_type_ref("<Application,Lorg/codehaus/janino/util/resource/JarDirectoriesResourceFinder$2>")
java_type_ref("<Primordial,Ljava/lang/Object>")	java_type_ref("<Application,Lorg/sunflow/core/Camera>")
java_type_ref("<Application,Lorg/apache/commons/cli/ParseException>")	java_type_ref("<Application,Lorg/apache/commons/cli/MissingArgumentException>")
java_type_ref("<Primordial,Ljava/lang/Object>")	java_type_ref("<Application,Lorg/codehaus/janino/tools/Disassembler$23>")
java_type_ref("<Primordial,Ljava/lang/Object>")	java_type_ref("<Application,Lorg/dacapo/harness/Benchmark>")
java_type_ref("<Primordial,Ljava/lang/Object>")	java_type_ref("<Application,Lorg/sunflow/core/shader/AnisotropicWardShader>")
java_type_ref("<Application,Lorg/codehaus/janino/Java$ClassDeclaration>")	java_type_ref("<Application,Lorg/codehaus/janino/Java$NamedClassDeclaration>")
java_type_ref("<Primordial,Ljava/lang/Object>")	java_type_ref("<Application,LSunflowGUI$2>")
java_type_ref("<Application,Lorg/codehaus/janino/Java$Statement>")	java_type_ref("<Application,Lorg/codehaus/janino/Java$LocalVariableDeclarationStatement>")
java_type_ref("<Application,Lorg/codehaus/janino/ScriptEvaluator>")	java_type_ref("<Application,Lorg/codehaus/janino/ExpressionEvaluator>")
java_type_ref("<Primordial,Ljava/lang/Object>")	java_type_ref("<Application,Lorg/sunflow/core/ParameterList>")
java_type_ref("<Primordial,Ljava/lang/Object>")	java_type_ref("<Application,Lorg/codehaus/janino/Mod>")
java_type_ref("<Primordial,Ljava/lang/Object>")	java_type_ref("<Application,Lorg/sunflow/core/Tesselatable>")
java_type_ref("<Primordial,Ljava/lang/Object>")	java_type_ref("<Application,Lorg/codehaus/janino/IClass$IInvocable>")
java_type_ref("<Application,Lorg/codehaus/janino/Java$AbstractTypeDeclaration>")	java_type_ref("<Application,Lorg/codehaus/janino/Java$ClassDeclaration>")
java_type_ref("<Primordial,Ljava/lang/Object>")	java_type_ref("<Application,Lorg/sunflow/core/LightServer>")
java_type_ref("<Primordial,Ljava/lang/Object>")	java_type_ref("<Application,Lorg/codehaus/janino/util/iterator/DirectoryIterator$1$State>")
java_type_ref("<Application,Lorg/codehaus/janino/IClassLoader>")	java_type_ref("<Application,Lorg/codehaus/janino/ClassLoaderIClassLoader>")
java_type_ref("<Primordial,Ljava/lang/Object>")	java_type_ref("<Application,Lorg/sunflow/math/Vector3>")
java_type_ref("<Primordial,Ljava/lang/Object>")	java_type_ref("<Application,Lorg/sunflow/core/light/PointLight>")
java_type_ref("<Primordial,Ljava/lang/Object>")	java_type_ref("<Application,Lorg/codehaus/janino/Java$TypeDeclaration>")
java_type_ref("<Primordial,Ljava/lang/Object>")	java_type_ref("<Application,Lorg/sunflow/core/AccelerationStructure>")
java_type_ref("<Primordial,Ljava/lang/Object>")	java_type_ref("<Application,Lorg/sunflow/core/Scene>")
java_type_ref("<Primordial,Ljava/lang/Object>")	java_type_ref("<Application,Lorg/sunflow/core/TextureCache>")
java_type_ref("<Application,Lorg/codehaus/janino/Java$Located>")	java_type_ref("<Application,Lorg/codehaus/janino/Java$SwitchStatement$SwitchBlockStatementGroup>")
java_type_ref("<Primordial,Ljava/lang/Object>")	java_type_ref("<Application,Lorg/dacapo/parser/ConfigFileConstants>")
java_type_ref("<Application,Lorg/codehaus/janino/util/Traverser>")	java_type_ref("<Application,Lorg/codehaus/janino/tools/JGrep$5>")
java_type_ref("<Primordial,Ljava/lang/Object>")	java_type_ref("<Application,Lorg/sunflow/math/MathUtils>")
java_type_ref("<Primordial,Ljava/lang/Object>")	java_type_ref("<Application,Lorg/codehaus/janino/util/iterator/FilterListIterator>")
java_type_ref("<Application,Lorg/codehaus/janino/Java$Located>")	java_type_ref("<Application,Lorg/codehaus/janino/Java$VariableDeclarator>")
java_type_ref("<Primordial,Ljava/lang/Object>")	java_type_ref("<Application,Lorg/codehaus/janino/util/resource/ResourceCreator>")
java_type_ref("<Primordial,Ljava/lang/Object>")	java_type_ref("<Application,Lorg/apache/commons/cli/Option>")
java_type_ref("<Primordial,Ljava/lang/Object>")	java_type_ref("<Application,Lorg/sunflow/core/CameraLens>")
java_type_ref("<Primordial,Ljava/lang/Enum>")	java_type_ref("<Application,Lorg/sunflow/RenderObjectMap$RenderObjectType>")
java_type_ref("<Primordial,Ljava/lang/Object>")	java_type_ref("<Application,Lorg/codehaus/janino/UnitCompiler$14>")
java_type_ref("<Primordial,Ljava/lang/Object>")	java_type_ref("<Application,Lorg/sunflow/core/shader/MirrorShader>")
java_type_ref("<Primordial,Ljava/net/URLClassLoader>")	java_type_ref("<Application,Lorg/dacapo/harness/DacapoClassLoader>")
java_type_ref("<Application,Lorg/codehaus/janino/Java$Rvalue>")	java_type_ref("<Application,Lorg/codehaus/janino/Java$NewInitializedArray>")
java_type_ref("<Primordial,Ljava/lang/Object>")	java_type_ref("<Application,Lorg/codehaus/janino/util/ClassFile>")
java_type_ref("<Primordial,Ljava/lang/Object>")	java_type_ref("<Application,Lorg/sunflow/core/primitive/Background>")
java_type_ref("<Primordial,Ljava/lang/Object>")	java_type_ref("<Application,Lorg/dacapo/parser/SimpleCharStream>")
java_type_ref("<Application,Lorg/codehaus/janino/util/resource/LazyMultiResourceFinder>")	java_type_ref("<Application,Lorg/codehaus/janino/util/resource/JarDirectoriesResourceFinder>")
java_type_ref("<Primordial,Ljava/lang/Object>")	java_type_ref("<Application,Lorg/codehaus/janino/Descriptor>")
java_type_ref("<Application,Lorg/codehaus/janino/util/ClassFile$ConstantPoolInfo>")	java_type_ref("<Application,Lorg/codehaus/janino/util/ClassFile$ConstantClassInfo>")
java_type_ref("<Application,Lorg/apache/commons/cli/ParseException>")	java_type_ref("<Application,Lorg/apache/commons/cli/MissingOptionException>")
java_type_ref("<Application,Lorg/codehaus/janino/IClass$IField>")	java_type_ref("<Application,Lorg/codehaus/janino/ReflectionIClass$ReflectionIField>")
java_type_ref("<Application,Lorg/codehaus/janino/Java$Statement>")	java_type_ref("<Application,Lorg/codehaus/janino/Java$ContinueStatement>")
java_type_ref("<Primordial,Ljava/lang/Object>")	java_type_ref("<Application,Lorg/sunflow/image/Bitmap>")
java_type_ref("<Primordial,Ljava/lang/Object>")	java_type_ref("<Application,Lorg/sunflow/core/primitive/Torus>")
java_type_ref("<Application,Lorg/codehaus/janino/util/Traverser>")	java_type_ref("<Application,Lorg/codehaus/janino/Java$1>")
java_type_ref("<Application,Lorg/codehaus/janino/IClass$IInvocable>")	java_type_ref("<Application,Lorg/codehaus/janino/IClass$IConstructor>")
java_type_ref("<Primordial,Ljava/lang/Object>")	java_type_ref("<Application,Lorg/sunflow/core/primitive/Box>")
java_type_ref("<Primordial,Ljava/lang/Object>")	java_type_ref("<Application,Lorg/codehaus/janino/util/ClassFile$FieldInfo>")
java_type_ref("<Primordial,Ljava/lang/Object>")	java_type_ref("<Application,Lorg/sunflow/image/SpectralCurve>")
java_type_ref("<Primordial,Ljava/lang/Object>")	java_type_ref("<Application,Lorg/codehaus/janino/AstCompilationUnitGenerator>")
java_type_ref("<Application,Lorg/sunflow/core/tesselatable/BezierMesh>")	java_type_ref("<Application,Lorg/sunflow/core/tesselatable/Gumbo>")
java_type_ref("<Primordial,Ljava/lang/Object>")	java_type_ref("<Application,Lorg/codehaus/janino/Scanner$Token>")
java_type_ref("<Primordial,Ljava/lang/Object>")	java_type_ref("<Application,Lorg/sunflow/core/filter/LanczosFilter>")
java_type_ref("<Application,Lorg/apache/commons/cli/ParseException>")	java_type_ref("<Application,Lorg/apache/commons/cli/AlreadySelectedException>")
java_type_ref("<Application,Lorg/codehaus/janino/Java$Atom>")	java_type_ref("<Application,Lorg/codehaus/janino/UnitCompiler$22>")
java_type_ref("<Application,Lorg/codehaus/janino/IClass$IConstructor>")	java_type_ref("<Application,Lorg/codehaus/janino/ReflectionIClass$ReflectionIConstructor>")
java_type_ref("<Primordial,Ljava/lang/Object>")	java_type_ref("<Application,Lorg/sunflow/core/renderer/SimpleRenderer>")
java_type_ref("<Application,Lorg/dacapo/harness/Benchmark>")	java_type_ref("<Application,Lorg/dacapo/harness/Sunflow>")
java_type_ref("<Application,Lorg/codehaus/janino/util/ClassFile$ConstantValuePoolInfo>")	java_type_ref("<Application,Lorg/codehaus/janino/util/ClassFile$ConstantDoubleInfo>")
java_type_ref("<Primordial,Ljava/lang/Object>")	java_type_ref("<Application,Lorg/codehaus/janino/Java$TypeBodyDeclaration>")
java_type_ref("<Application,Lorg/codehaus/janino/tools/Disassembler$ConstantPoolInfo>")	java_type_ref("<Application,Lorg/codehaus/janino/tools/Disassembler$4>")
java_type_ref("<Application,Lorg/codehaus/janino/util/ClassFile$AttributeInfo>")	java_type_ref("<Application,Lorg/codehaus/janino/util/ClassFile$LineNumberTableAttribute>")
java_type_ref("<Primordial,Ljava/lang/Object>")	java_type_ref("<Application,Lorg/codehaus/janino/tools/Disassembler$14>")
java_type_ref("<Primordial,Ljava/lang/Object>")	java_type_ref("<Application,Lorg/sunflow/system/BenchmarkFramework>")
java_type_ref("<Application,Lorg/sunflow/core/shader/ShinyDiffuseShader>")	java_type_ref("<Application,Lorg/sunflow/core/shader/TexturedShinyDiffuseShader>")
java_type_ref("<Primordial,Ljava/lang/Object>")	java_type_ref("<Application,Lorg/sunflow/core/photonmap/GlobalPhotonMap$Photon>")
java_type_ref("<Primordial,Ljava/lang/Object>")	java_type_ref("<Application,Lorg/codehaus/janino/util/ClassFile$AttributeInfo>")
java_type_ref("<Primordial,Ljava/lang/Object>")	java_type_ref("<Application,Lorg/codehaus/janino/Compiler$1>")
java_type_ref("<Application,Lorg/codehaus/janino/IClass$IConstructor>")	java_type_ref("<Application,Lorg/codehaus/janino/ClassFileIClass$1>")
java_type_ref("<Primordial,Ljava/lang/Object>")	java_type_ref("<Application,Lorg/codehaus/janino/tools/Disassembler$29>")
java_type_ref("<Primordial,Ljava/lang/Enum>")	java_type_ref("<Application,Lorg/sunflow/system/UI$PrintLevel>")
java_type_ref("<Primordial,Ljava/lang/Object>")	java_type_ref("<Application,Lorg/sunflow/system/ui/SilentInterface>")
java_type_ref("<Primordial,Ljava/lang/RuntimeException>")	java_type_ref("<Application,Lorg/codehaus/janino/UnitCompiler$2$UCE>")
java_type_ref("<Application,Lorg/codehaus/janino/Java$ConstructorInvocation>")	java_type_ref("<Application,Lorg/codehaus/janino/Java$SuperConstructorInvocation>")
java_type_ref("<Primordial,Ljava/lang/Object>")	java_type_ref("<Application,Lorg/apache/commons/cli/HelpFormatter$OptionComparator>")
java_type_ref("<Primordial,Ljavax/swing/JTabbedPane>")	java_type_ref("<Application,Lorg/sunflow/system/RenderGlobalsPanel>")
java_type_ref("<Primordial,Ljava/lang/Exception>")	java_type_ref("<Application,Lorg/dacapo/parser/ParseException>")
java_type_ref("<Primordial,Ljava/lang/RuntimeException>")	java_type_ref("<Application,Lorg/codehaus/janino/UnitCompiler$15$UCE>")
java_type_ref("<Application,Lorg/codehaus/janino/util/CausedException>")	java_type_ref("<Application,Lorg/codehaus/janino/util/LocatedException>")
java_type_ref("<Primordial,Ljava/lang/Object>")	java_type_ref("<Application,Lorg/codehaus/janino/Java$MemberTypeDeclaration>")
java_type_ref("<Primordial,Ljava/lang/Object>")	java_type_ref("<Application,Lorg/sunflow/RenderObjectMap$1>")
java_type_ref("<Primordial,Ljava/lang/Object>")	java_type_ref("<Application,Lorg/codehaus/janino/UnitCompiler$Compilable>")
java_type_ref("<Primordial,Ljava/lang/Object>")	java_type_ref("<Application,Lorg/codehaus/janino/Opcode>")
java_type_ref("<Primordial,Ljavax/swing/filechooser/FileFilter>")	java_type_ref("<Application,LSunflowGUI$18$1>")
java_type_ref("<Application,Lorg/codehaus/janino/Java$Rvalue>")	java_type_ref("<Application,Lorg/codehaus/janino/Java$Invocation>")
java_type_ref("<Application,Lorg/sunflow/SunflowAPI>")	java_type_ref("<Application,Lorg/sunflow/Benchmark$BenchmarkScene>")
java_type_ref("<Application,Lorg/codehaus/janino/Java$Rvalue>")	java_type_ref("<Application,Lorg/codehaus/janino/UnitCompiler$23>")
java_type_ref("<Primordial,Ljava/lang/Object>")	java_type_ref("<Application,Lorg/codehaus/janino/tools/Disassembler$32>")
java_type_ref("<Primordial,Ljava/lang/Object>")	java_type_ref("<Application,Lorg/codehaus/janino/samples/ShippingCost>")
java_type_ref("<Primordial,Ljava/lang/Object>")	java_type_ref("<Application,LSunflowGUI$9>")
java_type_ref("<Primordial,Ljava/lang/Object>")	java_type_ref("<Application,Lorg/codehaus/janino/util/iterator/ProducerIterator>")
java_type_ref("<Primordial,Ljava/lang/Object>")	java_type_ref("<Application,Lorg/codehaus/janino/tools/Disassembler$20>")
java_type_ref("<Primordial,Ljava/lang/Object>")	java_type_ref("<Application,Lorg/codehaus/janino/tools/Disassembler$MethodInfo>")
java_type_ref("<Primordial,Ljava/lang/Object>")	java_type_ref("<Application,Lorg/sunflow/system/Memory>")
java_type_ref("<Primordial,Ljava/lang/Exception>")	java_type_ref("<Application,Lorg/codehaus/janino/util/CausedException>")
java_type_ref("<Application,Lorg/codehaus/janino/util/resource/ResourceFinder>")	java_type_ref("<Application,Lorg/codehaus/janino/util/resource/ZipFileResourceFinder>")
java_type_ref("<Primordial,Ljava/lang/Object>")	java_type_ref("<Application,LSunflowGUI$5>")
java_type_ref("<Primordial,Ljava/lang/Object>")	java_type_ref("<Application,Lorg/codehaus/janino/FilterWarningHandler>")
java_type_ref("<Primordial,Ljava/lang/Object>")	java_type_ref("<Application,Lorg/sunflow/core/camera/PinholeLens>")
java_type_ref("<Primordial,Ljavax/swing/event/MouseInputAdapter>")	java_type_ref("<Application,Lorg/sunflow/system/ImagePanel$ScrollZoomListener>")
java_type_ref("<Application,Lorg/codehaus/janino/util/LocatedException>")	java_type_ref("<Application,Lorg/codehaus/janino/CompileException>")
java_type_ref("<Primordial,Ljava/lang/Object>")	java_type_ref("<Application,Lorg/sunflow/core/filter/MitchellFilter>")
java_type_ref("<Primordial,Ljava/lang/Object>")	java_type_ref("<Application,Lorg/sunflow/core/primitive/Plane>")
java_type_ref("<Primordial,Ljava/io/FilterReader>")	java_type_ref("<Application,Lorg/codehaus/janino/UnicodeUnescapeReader>")
java_type_ref("<Primordial,Ljava/lang/Object>")	java_type_ref("<Application,Lorg/codehaus/janino/samples/DemoBase>")
java_type_ref("<Primordial,Ljava/lang/Object>")	java_type_ref("<Application,Lorg/sunflow/core/Filter>")
java_type_ref("<Primordial,Ljava/lang/Object>")	java_type_ref("<Application,Lorg/sunflow/SunflowAPI>")
java_type_ref("<Primordial,Ljava/lang/Object>")	java_type_ref("<Application,Lorg/sunflow/util/FastHashMap$1>")
java_type_ref("<Primordial,Ljava/lang/Object>")	java_type_ref("<Application,Lorg/sunflow/core/primitive/TriangleMesh$BakingSurface>")
java_type_ref("<Primordial,Ljava/lang/Object>")	java_type_ref("<Application,Lorg/codehaus/janino/UnitCompiler$13>")
java_type_ref("<Application,Lorg/codehaus/janino/util/resource/FileResourceFinder>")	java_type_ref("<Application,Lorg/codehaus/janino/util/resource/DirectoryResourceFinder>")
java_type_ref("<Application,Lorg/sunflow/image/SpectralCurve>")	java_type_ref("<Application,Lorg/sunflow/image/ChromaticitySpectrum>")
java_type_ref("<Application,Lorg/codehaus/janino/Java$Rvalue>")	java_type_ref("<Application,Lorg/codehaus/janino/Java$NewClassInstance>")
java_type_ref("<Primordial,Ljava/lang/Object>")	java_type_ref("<Application,Lorg/codehaus/janino/tools/JGrep$1>")
java_type_ref("<Primordial,Ljava/lang/Object>")	java_type_ref("<Application,Lorg/codehaus/janino/tools/Disassembler>")
java_type_ref("<Primordial,Ljava/lang/Object>")	java_type_ref("<Application,Lorg/sunflow/math/Point2>")
java_type_ref("<Primordial,Ljava/lang/Object>")	java_type_ref("<Application,Lorg/codehaus/janino/UnitCompiler$3>")
java_type_ref("<Primordial,Ljava/lang/Object>")	java_type_ref("<Application,Lorg/codehaus/janino/Visitor$LvalueVisitor>")
java_type_ref("<Primordial,Ljava/lang/Object>")	java_type_ref("<Application,Lorg/sunflow/core/bucket/InvertedBucketOrder>")
java_type_ref("<Primordial,Ljava/lang/Object>")	java_type_ref("<Application,Lorg/codehaus/janino/util/iterator/DirectoryIterator$1>")
java_type_ref("<Primordial,Ljava/awt/event/KeyAdapter>")	java_type_ref("<Application,Lorg/sunflow/core/display/FrameDisplay$RenderFrame$1>")
java_type_ref("<Primordial,Ljava/lang/Object>")	java_type_ref("<Application,LSunflowGUI$22>")
java_type_ref("<Application,Lorg/codehaus/janino/Java$Type>")	java_type_ref("<Application,Lorg/codehaus/janino/Java$RvalueMemberType>")
java_type_ref("<Primordial,Ljava/lang/Object>")	java_type_ref("<Application,LSunflowGUI$26>")
java_type_ref("<Application,Lorg/codehaus/janino/Java$Atom>")	java_type_ref("<Application,Lorg/codehaus/janino/Java$Package>")
java_type_ref("<Primordial,Ljava/lang/Object>")	java_type_ref("<Application,Lorg/sunflow/core/shader/UberShader>")
java_type_ref("<Application,Lorg/codehaus/janino/Java$Rvalue>")	java_type_ref("<Application,Lorg/codehaus/janino/Java$Instanceof>")
java_type_ref("<Primordial,Ljava/lang/Object>")	java_type_ref("<Application,Lorg/codehaus/janino/util/iterator/MultiDimensionalIterator$1>")
java_type_ref("<Primordial,Ljavax/swing/filechooser/FileFilter>")	java_type_ref("<Application,LSunflowGUI$23>")
java_type_ref("<Primordial,Ljava/lang/Object>")	java_type_ref("<Application,Lorg/codehaus/janino/Java$CompilationUnit>")
java_type_ref("<Primordial,Ljava/lang/Object>")	java_type_ref("<Application,Lorg/codehaus/janino/tools/Disassembler$LineNumberTableAttribute>")
java_type_ref("<Primordial,Ljava/lang/Object>")	java_type_ref("<Application,Lorg/codehaus/janino/util/iterator/FilterIterator>")
java_type_ref("<Application,Lorg/codehaus/janino/util/ClassFile$ConstantPoolInfo>")	java_type_ref("<Application,Lorg/codehaus/janino/util/ClassFile$ConstantInterfaceMethodrefInfo>")
java_type_ref("<Primordial,Ljava/lang/Object>")	java_type_ref("<Application,Lorg/sunflow/core/accel/KDTree>")
java_type_ref("<Primordial,Ljava/lang/Object>")	java_type_ref("<Application,Lorg/codehaus/janino/UnparseVisitor>")
java_type_ref("<Application,Lorg/codehaus/janino/IClass$IMethod>")	java_type_ref("<Application,Lorg/codehaus/janino/UnitCompiler$28>")
java_type_ref("<Application,Lorg/codehaus/janino/util/ClassFile$AttributeInfo>")	java_type_ref("<Application,Lorg/codehaus/janino/UnitCompiler$5>")
java_type_ref("<Primordial,Ljava/lang/Object>")	java_type_ref("<Application,Lorg/sunflow/core/RenderObject>")
java_type_ref("<Application,Lorg/codehaus/janino/util/resource/ResourceFinder>")	java_type_ref("<Application,Lorg/codehaus/janino/util/resource/ResourceFinder$1>")
