"< Application, Lorg/apache/commons/cli/PatternOptionBuilder, URL_VALUE, <Application,Ljava/lang/Class> >"
"< Application, Lorg/sunflow/core/photonmap/GridPhotonMap, NORMAL_THRESHOLD, <Primordial,F> >"
"< Application, LMMTkHarness, verbose, <Primordial,Z> >"
"< Application, Lorg/sunflow/image/Color, CYAN, <Application,Lorg/sunflow/image/Color> >"
"< Application, Lorg/codehaus/janino/Opcode, FADD, <Primordial,B> >"
"< Application, Lorg/codehaus/janino/Opcode, OP1_CP1, <Primordial,S> >"
"< Application, Lorg/sunflow/core/light/SunSkyLight, k_waAmplitudes, <Primordial,[F> >"
"< Application, Lorg/codehaus/janino/Compiler, class$org$codehaus$janino$DebuggingInformation, <Application,Ljava/lang/Class> >"
"< Application, Lorg/sunflow/core/accel/KDTree, CLOSED, <Primordial,J> >"
"< Application, Lorg/sunflow/image/Color, EXPONENT, <Primordial,[F> >"
"< Application, Lorg/codehaus/janino/Opcode, LNEG, <Primordial,B> >"
"< Application, Lorg/codehaus/janino/Opcode, LCMP, <Primordial,B> >"
"< Application, Lorg/codehaus/janino/Opcode, FLOAD_3, <Primordial,B> >"
"< Application, Lorg/codehaus/janino/Opcode, DDIV, <Primordial,B> >"
"< Application, Lorg/sunflow/system/UI$PrintLevel, ERROR, <Application,Lorg/sunflow/system/UI$PrintLevel> >"
"< Application, Lorg/codehaus/janino/Opcode, LSTORE_2, <Primordial,B> >"
"< Application, Lorg/sunflow/RenderObjectMap$RenderObjectType, CAMERA, <Application,Lorg/sunflow/RenderObjectMap$RenderObjectType> >"
"< Application, Lorg/sunflow/math/PerlinScalar, p, <Primordial,[I> >"
"< Application, Lorg/codehaus/janino/Opcode, DRETURN, <Primordial,B> >"
"< Application, Lorg/codehaus/janino/Opcode, FLOAD_0, <Primordial,B> >"
"< Application, Lorg/codehaus/janino/Mod, FINAL, <Primordial,S> >"
"< Application, Lorg/codehaus/janino/Opcode, D2I, <Primordial,B> >"
"< Application, Lorg/codehaus/janino/Opcode, ICONST_5, <Primordial,B> >"
"< Application, Lorg/codehaus/janino/UnitCompiler, STOP_COMPILING_CODE, <Application,Ljava/lang/RuntimeException> >"
"< Application, Lorg/codehaus/janino/Scanner, JAVA_KEYWORDS, <Application,Ljava/util/Map> >"
"< Application, Lorg/sunflow/core/light/SunSkyLight, solAmplitudes, <Primordial,[F> >"
"< Application, Lorg/dacapo/parser/ConfigFileConstants, BENCHMARK, <Primordial,I> >"
"< Application, Lorg/sunflow/system/UI$Module, BCKT, <Application,Lorg/sunflow/system/UI$Module> >"
"< Application, Lorg/codehaus/janino/Opcode, SD_P2, <Primordial,S> >"
"< Application, Lorg/codehaus/janino/Opcode, POP, <Primordial,B> >"
"< Application, Lorg/codehaus/janino/tools/Disassembler, opcodeToInstruction, <Application,[Lorg/codehaus/janino/tools/Disassembler$Instruction> >"
"< Application, Lorg/codehaus/janino/Opcode, ALOAD_3, <Primordial,B> >"
"< Application, Lorg/codehaus/janino/Java$BasicType, DOUBLE, <Primordial,I> >"
"< Application, Lorg/sunflow/system/UI$Module, $VALUES, <Application,[Lorg/sunflow/system/UI$Module> >"
"< Application, Lorg/sunflow/core/ParameterList$1, $SwitchMap$org$sunflow$core$ParameterList$ParameterType, <Primordial,[I> >"
"< Application, Lorg/dacapo/harness/CommandLineArgs, OPT_ITERATIONS, <Application,Ljava/lang/String> >"
"< Application, Lorg/dacapo/parser/ConfigFileConstants, URL, <Primordial,I> >"
"< Application, Lorg/codehaus/janino/Descriptor, STRING, <Application,Ljava/lang/String> >"
"< Application, Lorg/codehaus/janino/Opcode, LALOAD, <Primordial,B> >"
"< Application, Lorg/dacapo/harness/CommandLineArgs, OPT_CALLBACK, <Application,Ljava/lang/String> >"
"< Application, Lorg/codehaus/janino/Opcode, FSTORE, <Primordial,B> >"
"< Application, Lorg/dacapo/harness/CommandLineArgs$Methodology, $VALUES, <Application,[Lorg/dacapo/harness/CommandLineArgs$Methodology> >"
"< Application, Lorg/codehaus/janino/Opcode, L2I, <Primordial,B> >"
"< Application, Lorg/codehaus/janino/samples/DemoBase, class$java$lang$Character, <Application,Ljava/lang/Class> >"
"< Application, Lorg/codehaus/janino/tools/JGrep, DEBUG, <Primordial,Z> >"
"< Application, Lorg/dacapo/parser/ConfigFileConstants, SIZE, <Primordial,I> >"
"< Application, Lorg/codehaus/janino/Mod, PRIVATE, <Primordial,S> >"
"< Application, Lorg/sunflow/math/Matrix4, ZERO, <Application,Lorg/sunflow/math/Matrix4> >"
"< Application, Lorg/codehaus/janino/Opcode, BASTORE, <Primordial,B> >"
"< Application, Lorg/codehaus/janino/Opcode, ANEWARRAY, <Primordial,B> >"
"< Application, Lorg/codehaus/janino/Descriptor, FLOAT, <Application,Ljava/lang/String> >"
"< Application, Lorg/sunflow/core/photonmap/GlobalPhotonMap$Photon, SPLIT_Y, <Primordial,I> >"
"< Application, Lorg/codehaus/janino/Descriptor, BYTE, <Application,Ljava/lang/String> >"
"< Application, Lorg/apache/commons/cli/CommandLine, serialVersionUID, <Primordial,J> >"
"< Application, Lorg/dacapo/parser/ConfigFileConstants, MULTI_LINE_COMMENT, <Primordial,I> >"
"< Application, Lorg/codehaus/janino/Opcode, IFNE, <Primordial,B> >"
"< Application, Lorg/codehaus/janino/Opcode, ALOAD, <Primordial,B> >"
"< Application, Lorg/codehaus/janino/Access, DEFAULT, <Application,Lorg/codehaus/janino/Access> >"
"< Application, Lorg/codehaus/janino/Opcode, CALOAD, <Primordial,B> >"
"< Application, Lorg/codehaus/janino/Mod, NATIVE, <Primordial,S> >"
"< Application, Lorg/codehaus/janino/CodeContext$Offset, UNSET, <Primordial,I> >"
"< Application, Lorg/apache/commons/cli/OptionBuilder, numberOfArgs, <Primordial,I> >"
"< Application, Lorg/dacapo/parser/ConfigFileConstants, STDOUT, <Primordial,I> >"
"< Application, Lorg/codehaus/janino/Opcode, IO_LV_2, <Primordial,S> >"
"< Application, Lorg/codehaus/janino/Compiler, FIND_NEXT_TO_SOURCE_FILE, <Application,Lorg/codehaus/janino/util/resource/ResourceFinder> >"
"< Application, Lorg/dacapo/harness/Benchmark, savedErr, <Application,Ljava/io/PrintStream> >"
"< Application, Lorg/codehaus/janino/Opcode, I2S, <Primordial,B> >"
"< Application, Lorg/sunflow/image/SpectralCurve, WAVELENGTH_STEP, <Primordial,I> >"
"< Application, Lorg/sunflow/system/UI$PrintLevel, DETAIL, <Application,Lorg/sunflow/system/UI$PrintLevel> >"
"< Application, Lorg/codehaus/janino/samples/DemoBase, class$java$lang$Long, <Application,Ljava/lang/Class> >"
"< Application, Lorg/dacapo/parser/ConfigFileTokenManager, jjnewLexState, <Primordial,[I> >"
"< Application, Lorg/codehaus/janino/JavaSourceIClassLoader, DEBUG, <Primordial,Z> >"
"< Application, Lorg/codehaus/janino/tools/Disassembler, wideInstructions, <Application,[Ljava/lang/String> >"
"< Application, Lorg/dacapo/harness/CommandLineArgs, OPT_RELEASE_NOTES, <Application,Ljava/lang/String> >"
"< Application, Lorg/codehaus/janino/Opcode, LOOKUPSWITCH, <Primordial,B> >"
"< Application, Lorg/dacapo/harness/CommandLineArgs, OPT_VARIANCE, <Application,Ljava/lang/String> >"
"< Application, Lorg/codehaus/janino/util/StringPattern, PATTERNS_ALL, <Application,[Lorg/codehaus/janino/util/StringPattern> >"
"< Application, Lorg/codehaus/janino/samples/DemoBase, class$java$lang$Float, <Application,Ljava/lang/Class> >"
"< Application, Lorg/sunflow/core/light/SunSkyLight, k_oCurve, <Application,Lorg/sunflow/image/IrregularSpectralCurve> >"
"< Application, Lorg/codehaus/janino/util/enumerator/EnumeratorSet, namedEnumeratorSets, <Application,Ljava/util/Map> >"
"< Application, Lorg/codehaus/janino/Opcode, NEW, <Primordial,B> >"
"< Application, Lorg/sunflow/core/light/SunSkyLight, k_waWavelengths, <Primordial,[F> >"
"< Application, Lorg/codehaus/janino/util/AutoIndentWriter, LINE_SEPARATOR, <Application,Ljava/lang/String> >"
"< Application, Lorg/sunflow/image/RGBSpace, ADOBE, <Application,Lorg/sunflow/image/RGBSpace> >"
"< Application, Lorg/codehaus/janino/util/ClassFile, MAJOR_VERSION_JDK_1_5, <Primordial,S> >"
"< Application, Lorg/sunflow/core/shader/PrimIDShader, BORDERS, <Application,[Lorg/sunflow/image/Color> >"
"< Application, Lorg/dacapo/harness/Benchmark, silent, <Primordial,Z> >"
"< Application, Lorg/codehaus/janino/Opcode, LLOAD_3, <Primordial,B> >"
"< Application, Lorg/codehaus/janino/Opcode, OP1_CP2, <Primordial,S> >"
"< Application, Lorg/dacapo/parser/SimpleCharStream, staticFlag, <Primordial,Z> >"
"< Application, Lorg/dacapo/parser/ConfigFileConstants, ARGS, <Primordial,I> >"
"< Application, Lorg/dacapo/harness/Benchmark, validate, <Primordial,Z> >"
"< Application, Lorg/sunflow/core/photonmap/GridPhotonMap, PRIMES, <Primordial,[I> >"
"< Application, Lorg/dacapo/harness/CommandLineArgs, DEFAULT_THREAD_FACTOR, <Application,Ljava/lang/String> >"
"< Application, Lorg/codehaus/janino/Opcode, ARETURN, <Primordial,B> >"
"< Application, Lorg/codehaus/janino/IClassLoader, DEBUG, <Primordial,Z> >"
"< Application, Lorg/codehaus/janino/JavaSourceClassLoader, class$org$codehaus$janino$DebuggingInformation, <Application,Ljava/lang/Class> >"
"< Application, Lorg/codehaus/janino/Opcode, FCMPG, <Primordial,B> >"
"< Application, Lorg/codehaus/janino/Java$Rvalue, JUMP_IF_TRUE, <Primordial,Z> >"
"< Application, Lorg/apache/commons/cli/HelpFormatter, DEFAULT_LONG_OPT_PREFIX, <Application,Ljava/lang/String> >"
"< Application, Lorg/dacapo/harness/Matcher, trace, <Primordial,Z> >"
"< Application, Lorg/apache/commons/cli/OptionBuilder, optionalArg, <Primordial,Z> >"
"< Application, Lorg/sunflow/RenderObjectMap$RenderObjectType, INSTANCE, <Application,Lorg/sunflow/RenderObjectMap$RenderObjectType> >"
"< Application, Lorg/dacapo/harness/CommandLineArgs, OPT_NO_PRE_ITERATION_GC, <Application,Ljava/lang/String> >"
"< Application, Lorg/codehaus/janino/Descriptor, classNameToDescriptor, <Application,Ljava/util/Map> >"
"< Application, Lorg/codehaus/janino/Opcode, FALOAD, <Primordial,B> >"
"< Application, Lorg/codehaus/janino/Opcode, I2L, <Primordial,B> >"
"< Application, Lorg/codehaus/janino/samples/DemoBase, class$java$lang$Boolean, <Application,Ljava/lang/Class> >"
"< Application, Lorg/apache/commons/cli/OptionBuilder, argName, <Application,Ljava/lang/String> >"
"< Application, Lorg/dacapo/harness/CommandLineArgs, OPTIONS, <Application,[Lorg/apache/commons/cli/Option> >"
"< Application, Lorg/dacapo/harness/CommandLineArgs, OPT_WINDOW, <Application,Ljava/lang/String> >"
"< Application, Lorg/codehaus/janino/Descriptor, STRING_BUILDER, <Application,Ljava/lang/String> >"
"< Application, Lorg/sunflow/core/photonmap/CausticPhotonMap$Photon, SPLIT_Z, <Primordial,I> >"
"< Application, Lorg/codehaus/janino/Parser$ClassDeclarationContext, TYPE_DECLARATION, <Application,Lorg/codehaus/janino/Parser$ClassDeclarationContext> >"
"< Application, Lorg/codehaus/janino/Opcode, DCMPG, <Primordial,B> >"
"< Application, Lorg/codehaus/janino/IClass, VOID, <Application,Lorg/codehaus/janino/IClass> >"
"< Application, Lorg/sunflow/core/ParameterList$ParameterType, MATRIX, <Application,Lorg/sunflow/core/ParameterList$ParameterType> >"
"< Application, Lorg/codehaus/janino/UnitCompiler, STRING_CONCAT_LIMIT, <Primordial,I> >"
"< Application, Lorg/codehaus/janino/Descriptor, BYTE_, <Application,Ljava/lang/String> >"
"< Application, Lorg/sunflow/image/RGBSpace, WIDE_GAMUT, <Application,Lorg/sunflow/image/RGBSpace> >"
"< Application, Lorg/codehaus/janino/Opcode, SD_M4, <Primordial,S> >"
"< Application, Lorg/dacapo/harness/Benchmark, valRepFile, <Application,Ljava/io/PrintWriter> >"
"< Application, Lorg/sunflow/core/display/OpenExrDisplay, HALF, <Primordial,B> >"
"< Application, Lorg/dacapo/harness/ChordHarness, two_dp, <Application,Ljava/text/DecimalFormat> >"
"< Application, Lorg/sunflow/core/primitive/TriangleMesh$1, $SwitchMap$org$sunflow$core$ParameterList$InterpolationType, <Primordial,[I> >"
"< Application, Lorg/dacapo/harness/CommandLineArgs, OPT_CONVERGE, <Application,Ljava/lang/String> >"
"< Application, Lorg/sunflow/math/QMC, SIGMA, <Primordial,[[I> >"
"< Application, Lorg/codehaus/janino/Opcode, SASTORE, <Primordial,B> >"
"< Application, Lorg/codehaus/janino/Opcode, RET, <Primordial,B> >"
"< Application, Lorg/sunflow/system/UI$Module, GUI, <Application,Lorg/sunflow/system/UI$Module> >"
"< Application, Lorg/sunflow/system/UI$PrintLevel, WARN, <Application,Lorg/sunflow/system/UI$PrintLevel> >"
"< Application, Lorg/sunflow/RenderObjectMap$1, $SwitchMap$org$sunflow$RenderObjectMap$RenderObjectType, <Primordial,[I> >"
"< Application, Lorg/apache/commons/cli/OptionBuilder, valuesep, <Primordial,C> >"
"< Application, Lorg/codehaus/janino/Mod, PPP, <Primordial,S> >"
"< Application, Lorg/codehaus/janino/Opcode, ISHR, <Primordial,B> >"
"< Application, Lorg/dacapo/harness/Benchmark, out, <Application,Lorg/dacapo/harness/TeePrintStream> >"
"< Application, Lorg/sunflow/system/UI$PrintLevel, INFO, <Application,Lorg/sunflow/system/UI$PrintLevel> >"
"< Application, Lorg/sunflow/image/ChromaticitySpectrum, S1xyz, <Application,Lorg/sunflow/image/XYZColor> >"
"< Application, Lorg/codehaus/janino/UnitCompiler, DEBUG, <Primordial,Z> >"
"< Application, Lorg/sunflow/image/ChromaticitySpectrum, kS1Spectrum, <Application,Lorg/sunflow/image/RegularSpectralCurve> >"
"< Application, Lorg/codehaus/janino/Opcode, IAND, <Primordial,B> >"
"< Application, Lorg/apache/commons/cli/OptionBuilder, description, <Application,Ljava/lang/String> >"
"< Application, Lorg/codehaus/janino/UnparseVisitor, LEFT_ASSOCIATIVE_OPERATORS, <Application,Ljava/util/Set> >"
"< Application, Lorg/codehaus/janino/Opcode, JSR, <Primordial,B> >"
"< Application, Lorg/codehaus/janino/UnparseVisitor, RIGHT_ASSOCIATIVE_OPERATORS, <Application,Ljava/util/Set> >"
"< Application, Lorg/sunflow/system/ImagePanel, BORDERS, <Primordial,[I> >"
"< Application, Lorg/sunflow/math/PerlinVector, P1x, <Primordial,F> >"
"< Application, Lorg/codehaus/janino/CodeContext, INITIAL_SIZE, <Primordial,I> >"
"< Application, Lorg/codehaus/janino/Descriptor, DOUBLE_, <Application,Ljava/lang/String> >"
"< Application, Lorg/codehaus/janino/Scanner, JAVA_OPERATORS, <Application,Ljava/util/Map> >"
"< Application, Lorg/sunflow/image/ChromaticitySpectrum, kS0Spectrum, <Application,Lorg/sunflow/image/RegularSpectralCurve> >"
"< Application, Lorg/dacapo/parser/ConfigFileTokenManager, jjtoToken, <Primordial,[J> >"
"< Application, Lorg/sunflow/image/SpectralCurve, CIE_ybar, <Primordial,[D> >"
"< Application, Lorg/sunflow/core/tesselatable/Gumbo, PATCHES, <Primordial,[[F> >"
"< Application, Lorg/codehaus/janino/Opcode, L2F, <Primordial,B> >"
"< Application, Lorg/codehaus/janino/Opcode, ALOAD_0, <Primordial,B> >"
"< Application, Lorg/codehaus/janino/CodeContext, UNEXAMINED, <Primordial,B> >"
"< Application, Lorg/codehaus/janino/util/ClassFile, MINOR_VERSION_JDK_1_2, <Primordial,S> >"
"< Application, Lorg/codehaus/janino/Opcode, ACONST_NULL, <Primordial,B> >"
"< Application, Lorg/dacapo/parser/ConfigFileTokenManager, jjtoSkip, <Primordial,[J> >"
"< Application, Lorg/dacapo/harness/TestHarness, PROP_BUILD_VERSION, <Application,Ljava/lang/String> >"
"< Application, Lorg/dacapo/harness/CommandLineArgs, parser, <Application,Lorg/apache/commons/cli/CommandLineParser> >"
"< Application, Lorg/dacapo/harness/Benchmark, err, <Application,Lorg/dacapo/harness/TeePrintStream> >"
"< Application, Lorg/dacapo/parser/ConfigFileConstants, BINARY, <Primordial,I> >"
"< Application, Lorg/sunflow/core/Ray, EPSILON, <Primordial,F> >"
"< Application, Lorg/dacapo/harness/Callback$Mode, WARMUP, <Application,Lorg/dacapo/harness/Callback$Mode> >"
"< Application, Lorg/codehaus/janino/Opcode, FLOAD_2, <Primordial,B> >"
"< Application, Lorg/dacapo/parser/ConfigFileConstants, THREAD_LIMIT, <Primordial,I> >"
"< Application, Lorg/codehaus/janino/Opcode, IF_ICMPLT, <Primordial,B> >"
"< Application, Lorg/codehaus/janino/util/ClassFile, MAJOR_VERSION_JDK_1_4, <Primordial,S> >"
"< Application, Lorg/sunflow/math/PerlinScalar, G2, <Primordial,[[F> >"
"< Application, Lorg/dacapo/parser/Token, serialVersionUID, <Primordial,J> >"
"< Application, Lorg/codehaus/janino/Opcode, LMUL, <Primordial,B> >"
"< Application, Lorg/codehaus/janino/Opcode, SD_P0, <Primordial,S> >"
"< Application, Lorg/codehaus/janino/Opcode, OP1_SS, <Primordial,S> >"
"< Application, Lorg/codehaus/janino/Opcode, IFEQ, <Primordial,B> >"
"< Application, Lorg/sunflow/core/display/OpenExrDisplay, FLOAT, <Primordial,B> >"
"< Application, Lorg/codehaus/janino/Opcode, FSTORE_3, <Primordial,B> >"
"< Application, Lorg/codehaus/janino/Opcode, FLOAD_1, <Primordial,B> >"
"< Application, Lorg/apache/commons/cli/Option, UNINITIALIZED, <Primordial,I> >"
"< Application, Lorg/codehaus/janino/util/CausedException, class$java$lang$Exception, <Application,Ljava/lang/Class> >"
"< Application, Lorg/codehaus/janino/Opcode, ICONST_2, <Primordial,B> >"
"< Application, Lorg/sunflow/math/PerlinVector, P2z, <Primordial,F> >"
"< Application, Lorg/codehaus/janino/Descriptor, CHAR_, <Application,Ljava/lang/String> >"
"< Application, Lorg/codehaus/janino/Descriptor, INTEGER, <Application,Ljava/lang/String> >"
"< Application, Lorg/codehaus/janino/Opcode, FREM, <Primordial,B> >"
"< Application, Lorg/codehaus/janino/Opcode, DLOAD_0, <Primordial,B> >"
"< Application, Lorg/codehaus/janino/Descriptor, LONG, <Application,Ljava/lang/String> >"
"< Application, Lorg/codehaus/janino/Opcode, GOTO_W, <Primordial,B> >"
"< Application, Lorg/codehaus/janino/Java$BasicType, BOOLEAN, <Primordial,I> >"
"< Application, Lorg/codehaus/janino/Opcode, FNEG, <Primordial,B> >"
"< Application, Lorg/codehaus/janino/IClass, LONG, <Application,Lorg/codehaus/janino/IClass> >"
"< Application, Lorg/dacapo/parser/Config$ThreadModel, $VALUES, <Application,[Lorg/dacapo/parser/Config$ThreadModel> >"
"< Application, Lorg/dacapo/parser/ConfigFileTokenManager, jjnextStates, <Primordial,[I> >"
"< Application, Lorg/codehaus/janino/util/iterator/ProducerIterator, AT_END, <Application,Ljava/lang/Object> >"
"< Application, Lorg/codehaus/janino/UnitCompiler, PRIMITIVE_NARROWING_CONVERSIONS, <Application,Ljava/util/HashMap> >"
"< Application, Lorg/codehaus/janino/Opcode, LDC, <Primordial,B> >"
"< Application, Lorg/codehaus/janino/Opcode, LLOAD_0, <Primordial,B> >"
"< Application, Lorg/sunflow/core/accel/KDTree, dumpPrefix, <Application,Ljava/lang/String> >"
"< Application, Lorg/codehaus/janino/SimpleCompiler, class$org$codehaus$janino$SimpleCompiler, <Application,Ljava/lang/Class> >"
"< Application, Lorg/dacapo/parser/ConfigFileConstants, REPEATS, <Primordial,I> >"
"< Application, Lorg/codehaus/janino/Opcode, IFLT, <Primordial,B> >"
"< Application, Lorg/dacapo/parser/ConfigFileConstants, CLASS, <Primordial,I> >"
"< Application, Lorg/codehaus/janino/Opcode, POP2, <Primordial,B> >"
"< Application, Lorg/codehaus/janino/Java$Rvalue, CONSTANT_VALUE_NULL, <Application,Ljava/lang/Object> >"
"< Application, Lorg/codehaus/janino/ExpressionEvaluator, class$java$lang$Object, <Application,Ljava/lang/Class> >"
"< Application, Lorg/codehaus/janino/Opcode, CASTORE, <Primordial,B> >"
"< Application, Lorg/codehaus/janino/Opcode, FSTORE_0, <Primordial,B> >"
"< Application, Lorg/sunflow/RenderObjectMap$RenderObjectType, GEOMETRY, <Application,Lorg/sunflow/RenderObjectMap$RenderObjectType> >"
"< Application, Lorg/sunflow/core/display/OpenExrDisplay, OE_TILED_FLAG, <Primordial,I> >"
"< Application, Lorg/dacapo/harness/CommandLineArgs, OPT_VERBOSE, <Application,Ljava/lang/String> >"
"< Application, Lorg/dacapo/harness/CommandLineArgs, DEFAULT_MAX_ITERATIONS, <Application,Ljava/lang/String> >"
"< Application, Lorg/codehaus/janino/Opcode, ILOAD_0, <Primordial,B> >"
"< Application, Lorg/codehaus/janino/Opcode, OPCODE_PROPERTIES, <Primordial,[S> >"
"< Application, Lorg/dacapo/parser/ConfigFileConstants, DIGEST, <Primordial,I> >"
"< Application, Lorg/dacapo/parser/ConfigFileTokenManager, jjbitVec0, <Primordial,[J> >"
"< Application, Lorg/sunflow/core/light/SunSkyLight, k_gCurve, <Application,Lorg/sunflow/image/IrregularSpectralCurve> >"
"< Application, Lorg/codehaus/janino/util/ClassFile, MAJOR_VERSION_JDK_1_1, <Primordial,S> >"
"< Application, Lorg/sunflow/core/ParameterList$InterpolationType, NONE, <Application,Lorg/sunflow/core/ParameterList$InterpolationType> >"
"< Application, Lorg/codehaus/janino/IClass, DEBUG, <Primordial,Z> >"
"< Application, Lorg/codehaus/janino/Opcode, I2F, <Primordial,B> >"
"< Application, Lorg/sunflow/image/ChromaticitySpectrum, S2xyz, <Application,Lorg/sunflow/image/XYZColor> >"
"< Application, Lorg/codehaus/janino/Access, PROTECTED, <Application,Lorg/codehaus/janino/Access> >"
"< Application, Lorg/dacapo/parser/Config$ThreadModel, SINGLE, <Application,Lorg/dacapo/parser/Config$ThreadModel> >"
"< Application, Lorg/sunflow/image/RGBSpace, APPLE, <Application,Lorg/sunflow/image/RGBSpace> >"
"< Application, Lorg/codehaus/janino/Parser$InterfaceDeclarationContext, NAMED_TYPE_DECLARATION, <Application,Lorg/codehaus/janino/Parser$InterfaceDeclarationContext> >"
"< Application, Lorg/sunflow/core/display/OpenExrDisplay, RLE_MAX_RUN, <Primordial,I> >"
"< Application, Lorg/dacapo/parser/ConfigFileConstants, OUTPUT, <Primordial,I> >"
"< Application, Lorg/codehaus/janino/Opcode, ISHL, <Primordial,B> >"
"< Application, Lorg/dacapo/harness/Matcher, MATCHING, <Primordial,I> >"
"< Application, Lorg/codehaus/janino/Opcode, D2F, <Primordial,B> >"
"< Application, Lorg/codehaus/janino/Opcode, SD_PUTFIELD, <Primordial,S> >"
"< Application, Lorg/codehaus/janino/Opcode, DCONST_1, <Primordial,B> >"
"< Application, Lorg/dacapo/harness/CommandLineArgs, EXIT_BAD_CALLBACK, <Primordial,I> >"
"< Application, Lorg/codehaus/janino/Opcode, PUTSTATIC, <Primordial,B> >"
"< Application, Lorg/codehaus/janino/CodeContext, INVALID_OFFSET, <Primordial,B> >"
"< Application, Lorg/codehaus/janino/samples/DemoBase, class$java$lang$Integer, <Application,Ljava/lang/Class> >"
"< Application, Lorg/codehaus/janino/tools/JGrep, class$org$codehaus$janino$tools$JGrep$Action, <Application,Ljava/lang/Class> >"
"< Application, Lorg/dacapo/parser/ConfigFileConstants, THREADS, <Primordial,I> >"
"< Application, Lorg/codehaus/janino/ClassBodyEvaluator, ZERO_CLASSES, <Application,[Ljava/lang/Class> >"
"< Application, Lorg/sunflow/SunflowAPI, DEFAULT_OPTIONS, <Application,Ljava/lang/String> >"
"< Application, Lorg/sunflow/core/ParameterList$ParameterType, VECTOR, <Application,Lorg/sunflow/core/ParameterList$ParameterType> >"
"< Application, Lorg/sunflow/core/ParameterList$ParameterType, POINT, <Application,Lorg/sunflow/core/ParameterList$ParameterType> >"
"< Application, Lorg/sunflow/image/Color, WHITE, <Application,Lorg/sunflow/image/Color> >"
"< Application, Lorg/apache/commons/cli/Options, serialVersionUID, <Primordial,J> >"
"< Application, Lorg/codehaus/janino/Opcode, DSUB, <Primordial,B> >"
"< Application, Lorg/codehaus/janino/Opcode, LAND, <Primordial,B> >"
"< Application, Lorg/codehaus/janino/Opcode, L2D, <Primordial,B> >"
"< Application, Lorg/dacapo/harness/CommandLineArgs, DEFAULT_SIZE, <Application,Ljava/lang/String> >"
"< Application, Lorg/sunflow/math/Vector3, COS_THETA, <Primordial,[F> >"
"< Application, Lorg/codehaus/janino/Opcode, TABLESWITCH, <Primordial,B> >"
"< Application, Lorg/dacapo/harness/CommandLineArgs, RELEASE_NOTES, <Application,Ljava/lang/String> >"
"< Application, Lorg/codehaus/janino/Access, PUBLIC, <Application,Lorg/codehaus/janino/Access> >"
"< Application, Lorg/codehaus/janino/tools/Disassembler, instructions, <Application,[Ljava/lang/String> >"
"< Application, Lorg/codehaus/janino/Opcode, IFLE, <Primordial,B> >"
"< Application, Lorg/codehaus/janino/Opcode, IDIV, <Primordial,B> >"
"< Application, Lorg/codehaus/janino/JavaSourceClassLoader, DEBUG, <Primordial,Z> >"
"< Application, Lorg/codehaus/janino/Opcode, I2D, <Primordial,B> >"
"< Application, Lorg/sunflow/system/UI$Module, CAM, <Application,Lorg/sunflow/system/UI$Module> >"
"< Application, Lorg/codehaus/janino/Opcode, DUP2_X2, <Primordial,B> >"
"< Application, Lorg/codehaus/janino/Opcode, OP1_LV1, <Primordial,S> >"
"< Application, Lorg/sunflow/core/ParameterList$ParameterType, $VALUES, <Application,[Lorg/sunflow/core/ParameterList$ParameterType> >"
"< Application, Lorg/codehaus/janino/Opcode, SIPUSH, <Primordial,B> >"
"< Application, Lorg/codehaus/janino/Opcode, LSTORE_3, <Primordial,B> >"
"< Application, Lorg/sunflow/RenderObjectMap$RenderObjectType, MODIFIER, <Application,Lorg/sunflow/RenderObjectMap$RenderObjectType> >"
"< Application, Lorg/codehaus/janino/Opcode, BIPUSH, <Primordial,B> >"
"< Application, Lorg/sunflow/core/accel/KDTree, dump, <Primordial,Z> >"
"< Application, Lorg/codehaus/janino/Opcode, ILOAD_3, <Primordial,B> >"
"< Application, Lorg/sunflow/core/primitive/JuliaFractal, DELTA, <Primordial,F> >"
"< Application, Lorg/dacapo/parser/ConfigFileConstants, LINES, <Primordial,I> >"
"< Application, Lorg/codehaus/janino/util/CausedException, class$java$lang$Throwable, <Application,Ljava/lang/Class> >"
"< Application, Lorg/dacapo/parser/ConfigFileConstants, DEFAULT, <Primordial,I> >"
"< Application, Lorg/codehaus/janino/DebuggingInformation, SOURCE, <Application,Lorg/codehaus/janino/DebuggingInformation> >"
"< Application, Lorg/codehaus/janino/IClass, DOUBLE, <Application,Lorg/codehaus/janino/IClass> >"
"< Application, Lorg/dacapo/parser/ConfigFileConstants, STRING_LITERAL, <Primordial,I> >"
"< Application, Lorg/dacapo/parser/ConfigFileConstants, BYTES, <Primordial,I> >"
"< Application, Lorg/codehaus/janino/util/ClassFile, CLASS_FILE_MAGIC, <Primordial,I> >"
"< Application, Lorg/sunflow/core/tesselatable/Teapot, PATCHES, <Primordial,[[F> >"
"< Application, Lorg/sunflow/util/FastHashMap, MIN_SIZE, <Primordial,I> >"
"< Application, Lorg/codehaus/janino/Mod, PACKAGE, <Primordial,S> >"
"< Application, Lorg/codehaus/janino/Descriptor, BOOLEAN, <Application,Ljava/lang/String> >"
"< Application, Lorg/dacapo/parser/ConfigFileConstants, LIBS, <Primordial,I> >"
"< Application, Lorg/sunflow/RenderObjectMap$RenderObjectType, SHADER, <Application,Lorg/sunflow/RenderObjectMap$RenderObjectType> >"
"< Application, Lorg/sunflow/math/PerlinVector, P3z, <Primordial,F> >"
"< Application, Lorg/codehaus/janino/Descriptor, SHORT, <Application,Ljava/lang/String> >"
"< Application, Lorg/codehaus/janino/Mod, SYNCHRONIZED, <Primordial,S> >"
"< Application, Lorg/codehaus/janino/Opcode, IO_LV_0, <Primordial,S> >"
"< Application, Lorg/codehaus/janino/util/StringPattern, PATTERNS_NONE, <Application,[Lorg/codehaus/janino/util/StringPattern> >"
"< Application, Lorg/apache/commons/cli/OptionBuilder, longopt, <Application,Ljava/lang/String> >"
"< Application, Lorg/codehaus/janino/tools/JGrep, class$org$codehaus$janino$tools$JGrep, <Application,Ljava/lang/Class> >"
"< Application, Lorg/sunflow/RenderObjectMap$RenderObjectType, LIGHT, <Application,Lorg/sunflow/RenderObjectMap$RenderObjectType> >"
"< Application, Lorg/codehaus/janino/Opcode, DREM, <Primordial,B> >"
"< Application, Lorg/codehaus/janino/Opcode, LSUB, <Primordial,B> >"
"< Application, Lorg/dacapo/parser/ConfigFileConstants, METHOD, <Primordial,I> >"
"< Application, Lorg/dacapo/parser/ConfigFileConstants, IDENT, <Primordial,I> >"
"< Application, Lorg/codehaus/janino/Opcode, LADD, <Primordial,B> >"
"< Application, Lorg/sunflow/system/UI$Module, IPR, <Application,Lorg/sunflow/system/UI$Module> >"
"< Application, Lorg/codehaus/janino/Opcode, SWAP, <Primordial,B> >"
"< Application, Lorg/codehaus/janino/Opcode, DUP_X2, <Primordial,B> >"
"< Application, Lorg/codehaus/janino/Opcode, SD_GETFIELD, <Primordial,S> >"
"< Application, Lorg/codehaus/janino/tools/Disassembler$IndentPrintWriter, INDENTATION_CHARS, <Primordial,[C> >"
"< Application, Lorg/codehaus/janino/Descriptor, SERIALIZABLE, <Application,Ljava/lang/String> >"
"< Application, Lorg/codehaus/janino/Opcode, OP1_MASK, <Primordial,S> >"
"< Application, Lorg/codehaus/janino/Opcode, DUP2, <Primordial,B> >"
"< Application, Lorg/codehaus/janino/ExpressionEvaluator, ANY_TYPE, <Application,Ljava/lang/Class> >"
"< Application, Lorg/codehaus/janino/util/ClassFile, MINOR_VERSION_JDK_1_3, <Primordial,S> >"
"< Application, Lorg/sunflow/image/Color, GREEN, <Application,Lorg/sunflow/image/Color> >"
"< Application, Lorg/codehaus/janino/Java$BasicType, INT, <Primordial,I> >"
"< Application, Lorg/codehaus/janino/Opcode, IASTORE, <Primordial,B> >"
"< Application, Lorg/sunflow/system/UI, canceled, <Primordial,Z> >"
"< Application, Lorg/dacapo/harness/CommandLineArgs, OPT_NO_VALIDATION, <Application,Ljava/lang/String> >"
"< Application, Lorg/dacapo/parser/ConfigFileConstants, SINGLE, <Primordial,I> >"
"< Application, Lorg/codehaus/janino/Opcode, F2D, <Primordial,B> >"
"< Application, Lorg/codehaus/janino/util/StringPattern, EXCLUDE, <Primordial,I> >"
"< Application, Lorg/codehaus/janino/tools/JGrep, USAGE, <Application,[Ljava/lang/String> >"
"< Application, Lorg/codehaus/janino/Opcode, OP1_UB, <Primordial,S> >"
"< Application, Lorg/dacapo/harness/Callback$Mode, $VALUES, <Application,[Lorg/dacapo/harness/Callback$Mode> >"
"< Application, Lorg/codehaus/janino/samples/ClassBodyDemo, array$Ljava$lang$String, <Application,Ljava/lang/Class> >"
"< Application, Lorg/codehaus/janino/Opcode, OP1_TABLESWITCH, <Primordial,S> >"
"< Application, Lorg/dacapo/parser/Config, threadCountOverride, <Primordial,I> >"
"< Application, Lorg/apache/commons/cli/PatternOptionBuilder, EXISTING_FILE_VALUE, <Application,Ljava/lang/Class> >"
"< Application, Lorg/dacapo/parser/ConfigFileConstants, TEXT, <Primordial,I> >"
"< Application, Lorg/codehaus/janino/Opcode, ASTORE_1, <Primordial,B> >"
"< Application, Lorg/codehaus/janino/Opcode, DUP2_X1, <Primordial,B> >"
"< Application, Lorg/codehaus/janino/Opcode, SD_INVOKEVIRTUAL, <Primordial,S> >"
"< Application, Lorg/dacapo/parser/TokenMgrError, LEXICAL_ERROR, <Primordial,I> >"
"< Application, Lorg/sunflow/core/accel/KDTree, TRAVERSAL_COST, <Primordial,F> >"
"< Application, Lorg/codehaus/janino/Opcode, LDC_W, <Primordial,B> >"
"< Application, Lorg/codehaus/janino/Opcode, LASTORE, <Primordial,B> >"
"< Application, Lorg/codehaus/janino/Descriptor, SHORT_, <Application,Ljava/lang/String> >"
"< Application, Lorg/codehaus/janino/Opcode, DUP_X1, <Primordial,B> >"
"< Application, Lorg/sunflow/core/accel/KDTree, EMPTY_BONUS, <Primordial,F> >"
"< Application, Lorg/codehaus/janino/Java$BasicType, SHORT, <Primordial,I> >"
"< Application, Lorg/codehaus/janino/util/iterator/MultiDimensionalIterator, EMPTY_ITERATOR, <Application,Ljava/util/Iterator> >"
"< Application, Lorg/codehaus/janino/DebuggingInformation, NONE, <Application,Lorg/codehaus/janino/util/enumerator/EnumeratorSet> >"
"< Application, Lorg/dacapo/harness/CommandLineArgs, EXIT_MISSING_CALLBACK, <Primordial,I> >"
"< Application, Lorg/codehaus/janino/tools/JGrep, class$org$codehaus$janino$tools$JGrep$MethodInvocationAction, <Application,Ljava/lang/Class> >"
"< Application, Lorg/sunflow/image/ChromaticitySpectrum, S0Amplitudes, <Primordial,[F> >"
"< Application, Lorg/codehaus/janino/Opcode, ISTORE_0, <Primordial,B> >"
"< Application, Lorg/sunflow/image/RGBSpace, SMPTE_240M, <Application,Lorg/sunflow/image/RGBSpace> >"
"< Application, Lorg/codehaus/janino/tools/JGrep, class$org$codehaus$janino$tools$JGrep$MethodInvocationPredicate, <Application,Ljava/lang/Class> >"
"< Application, Lorg/dacapo/parser/ConfigFileTokenManager, jjtoMore, <Primordial,[J> >"
"< Application, Lorg/dacapo/parser/TokenMgrError, LOOP_DETECTED, <Primordial,I> >"
"< Application, Lorg/sunflow/math/PerlinVector, P1z, <Primordial,F> >"
"< Application, Lorg/sunflow/core/photonmap/CausticPhotonMap$Photon, SPLIT_Y, <Primordial,I> >"
"< Application, Lorg/codehaus/janino/Parser$ClassDeclarationContext, BLOCK, <Application,Lorg/codehaus/janino/Parser$ClassDeclarationContext> >"
"< Application, Lorg/sunflow/core/display/OpenExrDisplay, OE_MAGIC, <Primordial,I> >"
"< Application, Lorg/sunflow/RenderObjectMap$RenderObjectType, OPTIONS, <Application,Lorg/sunflow/RenderObjectMap$RenderObjectType> >"
"< Application, Lorg/codehaus/janino/Access, PRIVATE, <Application,Lorg/codehaus/janino/Access> >"
"< Application, Lorg/codehaus/janino/Compiler, NO_DESTINATION_DIRECTORY, <Application,Ljava/io/File> >"
"< Application, Lorg/codehaus/janino/Opcode, ICONST_M1, <Primordial,B> >"
"< Application, Lorg/codehaus/janino/Opcode, GETSTATIC, <Primordial,B> >"
"< Application, Lorg/dacapo/parser/ConfigFileConstants, KEEP, <Primordial,I> >"
"< Application, Lorg/codehaus/janino/ClassBodyEvaluator, DEFAULT_CLASS_NAME, <Application,Ljava/lang/String> >"
"< Application, Lorg/sunflow/core/accel/KDTree, $assertionsDisabled, <Primordial,Z> >"
"< Application, Lorg/codehaus/janino/Opcode, ICONST_1, <Primordial,B> >"
"< Application, Lorg/sunflow/core/primitive/CornellBox, $assertionsDisabled, <Primordial,Z> >"
"< Application, Lorg/sunflow/system/UI$Module, GEOM, <Application,Lorg/sunflow/system/UI$Module> >"
"< Application, Lorg/sunflow/core/ParameterList$ParameterType, INT, <Application,Lorg/sunflow/core/ParameterList$ParameterType> >"
"< Application, Lorg/codehaus/janino/SimpleCompiler, BOOT_CLASS_LOADER, <Application,Ljava/lang/ClassLoader> >"
"< Application, Lorg/dacapo/harness/CommandLineArgs, EXIT_UNKNOWN_BENCHMARK, <Primordial,I> >"
"< Application, Lorg/dacapo/parser/ConfigFileConstants, FILTER, <Primordial,I> >"
"< Application, Lorg/sunflow/math/PerlinVector, P2y, <Primordial,F> >"
"< Application, Lorg/codehaus/janino/Opcode, INVOKEINTERFACE, <Primordial,B> >"
"< Application, Lorg/codehaus/janino/Java$BasicType, VOID, <Primordial,I> >"
"< Application, Lorg/dacapo/harness/CommandLineArgs, OPT_HELP, <Application,Ljava/lang/String> >"
"< Application, Lorg/codehaus/janino/ExpressionEvaluator, class$org$codehaus$janino$util$PrimitiveWrapper, <Application,Ljava/lang/Class> >"
"< Application, Lorg/codehaus/janino/Parser, MUTUALS, <Primordial,[S> >"
"< Application, Lorg/apache/commons/cli/HelpFormatter, DEFAULT_ARG_NAME, <Application,Ljava/lang/String> >"
"< Application, Lorg/sunflow/core/display/OpenExrDisplay, HALF_SIZE, <Primordial,I> >"
"< Application, Lorg/codehaus/janino/Opcode, IF_ICMPNE, <Primordial,B> >"
"< Application, Lorg/dacapo/parser/ConfigFileConstants, STDERR, <Primordial,I> >"
"< Application, Lorg/sunflow/core/ParameterList$ParameterType, TEXCOORD, <Application,Lorg/sunflow/core/ParameterList$ParameterType> >"
"< Application, Lorg/dacapo/harness/CommandLineArgs, DEFAULT_ITERATIONS, <Application,Ljava/lang/String> >"
"< Application, Lorg/codehaus/janino/Opcode, IO_LV_1, <Primordial,S> >"
"< Application, Lorg/codehaus/janino/Opcode, IOR, <Primordial,B> >"
"< Application, Lorg/codehaus/janino/Opcode, IF_ACMPEQ, <Primordial,B> >"
"< Application, Lorg/sunflow/core/ParameterList$InterpolationType, VERTEX, <Application,Lorg/sunflow/core/ParameterList$InterpolationType> >"
"< Application, Lorg/apache/commons/cli/PatternOptionBuilder, STRING_VALUE, <Application,Ljava/lang/Class> >"
"< Application, Lorg/codehaus/janino/Opcode, IFNULL, <Primordial,B> >"
"< Application, Lorg/sunflow/RenderObjectMap$RenderObjectType, $VALUES, <Application,[Lorg/sunflow/RenderObjectMap$RenderObjectType> >"
"< Application, Lorg/codehaus/janino/DebuggingInformation, VARS, <Application,Lorg/codehaus/janino/DebuggingInformation> >"
"< Application, Lorg/dacapo/harness/Matcher, MATCHED, <Primordial,I> >"
"< Application, Lorg/codehaus/janino/Opcode, CHECKCAST, <Primordial,B> >"
"< Application, Lorg/codehaus/janino/ClassFileIClass, DEBUG, <Primordial,Z> >"
"< Application, Lorg/codehaus/janino/tools/Disassembler, PRIMITIVES, <Application,[Ljava/lang/String> >"
"< Application, Lorg/sunflow/image/ChromaticitySpectrum, kS2Spectrum, <Application,Lorg/sunflow/image/RegularSpectralCurve> >"
"< Application, Lorg/codehaus/janino/Opcode, SD_MULTIANEWARRAY, <Primordial,S> >"
"< Application, Lorg/dacapo/parser/ConfigFileConstants, COPYRIGHT, <Primordial,I> >"
"< Application, Lorg/sunflow/system/UI$Module, TEX, <Application,Lorg/sunflow/system/UI$Module> >"
"< Application, Lorg/dacapo/harness/ChordHarness, PROP_BUILD_VERSION, <Application,Ljava/lang/String> >"
"< Application, Lorg/codehaus/janino/util/iterator/ProducerIterator, UNKNOWN, <Application,Ljava/lang/Object> >"
"< Application, Lorg/codehaus/janino/Mod, STRICTFP, <Primordial,S> >"
"< Application, Lorg/sunflow/core/accel/KDTree, OPENED, <Primordial,J> >"
"< Application, Lorg/sunflow/core/primitive/Hair$1, $SwitchMap$org$sunflow$core$ParameterList$InterpolationType, <Primordial,[I> >"
"< Application, Lorg/sunflow/math/Vector3, COS_PHI, <Primordial,[F> >"
"< Application, Lorg/codehaus/janino/IClass, BOOLEAN, <Application,Lorg/codehaus/janino/IClass> >"
"< Application, Lorg/codehaus/janino/Opcode, SD_M1, <Primordial,S> >"
"< Application, Lorg/codehaus/janino/Opcode, ICONST_3, <Primordial,B> >"
"< Application, Lorg/codehaus/janino/Opcode, ILOAD_2, <Primordial,B> >"
"< Application, Lorg/codehaus/janino/SimpleCompiler, array$Ljava$lang$String, <Application,Ljava/lang/Class> >"
"< Application, Lorg/codehaus/janino/IClass, BYTE, <Application,Lorg/codehaus/janino/IClass> >"
"< Application, Lorg/sunflow/core/ParameterList$ParameterType, STRING, <Application,Lorg/sunflow/core/ParameterList$ParameterType> >"
"< Application, Lorg/codehaus/janino/Opcode, D2L, <Primordial,B> >"
"< Application, Lorg/codehaus/janino/SimpleCompiler, DEBUG, <Primordial,Z> >"
"< Application, Lorg/sunflow/math/Matrix4, IDENTITY, <Application,Lorg/sunflow/math/Matrix4> >"
"< Application, Lorg/dacapo/parser/ConfigFileConstants, LPAREN, <Primordial,I> >"
"< Application, Lorg/dacapo/parser/ConfigFileConstants, EXISTS, <Primordial,I> >"
"< Application, Lorg/codehaus/janino/Opcode, MONITORENTER, <Primordial,B> >"
"< Application, Lorg/apache/commons/cli/HelpFormatter, DEFAULT_OPT_PREFIX, <Application,Ljava/lang/String> >"
"< Application, Lorg/codehaus/janino/Opcode, LREM, <Primordial,B> >"
"< Application, Lorg/sunflow/system/UI$Module, SYS, <Application,Lorg/sunflow/system/UI$Module> >"
"< Application, Lorg/dacapo/harness/CommandLineArgs, EXIT_BAD_COMMANDLINE, <Primordial,I> >"
"< Application, Lorg/dacapo/harness/CommandLineArgs, DEFAULT_SCRATCH_DIRECTORY, <Application,Ljava/lang/String> >"
"< Application, Lorg/codehaus/janino/Java$Rvalue, JUMP_IF_FALSE, <Primordial,Z> >"
"< Application, Lorg/codehaus/janino/IClass, PRIMITIVE_WIDENING_CONVERSIONS, <Application,Ljava/util/Set> >"
"< Application, Lorg/dacapo/harness/DacapoException, serialVersionUID, <Primordial,J> >"
"< Application, Lorg/apache/commons/cli/Option, UNLIMITED_VALUES, <Primordial,I> >"
"< Application, Lorg/codehaus/janino/Mod, PROTECTED, <Primordial,S> >"
"< Application, Lorg/apache/commons/cli/PatternOptionBuilder, FILES_VALUE, <Application,Ljava/lang/Class> >"
"< Application, Lorg/dacapo/harness/Callback, $assertionsDisabled, <Primordial,Z> >"
"< Application, Lorg/sunflow/image/RGBSpace, SRGB, <Application,Lorg/sunflow/image/RGBSpace> >"
"< Application, Lorg/sunflow/RenderObjectMap$RenderObjectType, UNKNOWN, <Application,Lorg/sunflow/RenderObjectMap$RenderObjectType> >"
"< Application, Lorg/sunflow/image/Color, GRAY, <Application,Lorg/sunflow/image/Color> >"
"< Application, Lorg/sunflow/system/UI$Module, LIGHT, <Application,Lorg/sunflow/system/UI$Module> >"
"< Application, Lorg/codehaus/janino/Descriptor, VOID_, <Application,Ljava/lang/String> >"
"< Application, Lorg/codehaus/janino/Opcode, OP2_SS, <Primordial,S> >"
"< Application, Lorg/sunflow/system/UI$Module, IMG, <Application,Lorg/sunflow/system/UI$Module> >"
"< Application, Lorg/codehaus/janino/Opcode, LSHL, <Primordial,B> >"
"< Application, Lorg/sunflow/core/ParameterList$InterpolationType, $VALUES, <Application,[Lorg/sunflow/core/ParameterList$InterpolationType> >"
"< Application, Lorg/codehaus/janino/Opcode, IO_MASK, <Primordial,S> >"
"< Application, Lorg/dacapo/harness/TestHarness, two_dp, <Application,Ljava/text/DecimalFormat> >"
"< Application, Lorg/codehaus/janino/util/Benchmark, PAD, <Application,Ljava/lang/String> >"
"< Application, Lorg/codehaus/janino/Compiler, CREATE_NEXT_TO_SOURCE_FILE, <Application,Lorg/codehaus/janino/util/resource/ResourceCreator> >"
"< Application, Lorg/sunflow/system/UI$Module, USER, <Application,Lorg/sunflow/system/UI$Module> >"
"< Application, Lorg/codehaus/janino/Descriptor, CHARACTER, <Application,Ljava/lang/String> >"
"< Application, Lorg/dacapo/harness/CommandLineArgs, OPT_CONFIG, <Application,Ljava/lang/String> >"
"< Application, Lorg/codehaus/janino/UnparseVisitor, OPERATOR_PRECEDENCE, <Application,Ljava/util/Map> >"
"< Application, Lorg/codehaus/janino/Opcode, LDC2_W, <Primordial,B> >"
"< Application, Lorg/sunflow/image/Color, MAGENTA, <Application,Lorg/sunflow/image/Color> >"
"< Application, Lorg/codehaus/janino/Opcode, DLOAD, <Primordial,B> >"
"< Application, Lorg/codehaus/janino/Opcode, DMUL, <Primordial,B> >"
"< Application, Lorg/codehaus/janino/Opcode, MONITOREXIT, <Primordial,B> >"
"< Application, Lorg/codehaus/janino/Opcode, LSTORE_1, <Primordial,B> >"
"< Application, Lorg/sunflow/SunflowAPI, $assertionsDisabled, <Primordial,Z> >"
"< Application, Lorg/dacapo/parser/ConfigFile, jj_la1_0, <Primordial,[I> >"
"< Application, Lorg/codehaus/janino/Opcode, SD_M3, <Primordial,S> >"
"< Application, Lorg/sunflow/core/display/OpenExrDisplay, FLOAT_SIZE, <Primordial,I> >"
"< Application, Lorg/codehaus/janino/Opcode, F2I, <Primordial,B> >"
"< Application, Lorg/apache/commons/cli/OptionBuilder, required, <Primordial,Z> >"
"< Application, Lorg/sunflow/math/Vector3, SIN_THETA, <Primordial,[F> >"
"< Application, Lorg/sunflow/math/QMC, NUM, <Primordial,I> >"
"< Application, Lorg/sunflow/core/ParameterList$ParameterType, FLOAT, <Application,Lorg/sunflow/core/ParameterList$ParameterType> >"
"< Application, Lorg/dacapo/harness/TestHarness, BUILD_NICKNAME, <Application,Ljava/lang/String> >"
"< Application, Lorg/codehaus/janino/Descriptor, STRING_BUFFER, <Application,Ljava/lang/String> >"
"< Application, Lorg/sunflow/math/PerlinVector, P3x, <Primordial,F> >"
"< Application, Lorg/codehaus/janino/Descriptor, FLOAT_, <Application,Ljava/lang/String> >"
"< Application, Lorg/codehaus/janino/util/enumerator/Enumerator, instances, <Application,Ljava/util/Map> >"
"< Application, Lorg/codehaus/janino/Opcode, FLOAD, <Primordial,B> >"
"< Application, Lorg/sunflow/core/ParameterList$InterpolationType, FACE, <Application,Lorg/sunflow/core/ParameterList$InterpolationType> >"
"< Application, Lorg/codehaus/janino/Parser$InterfaceDeclarationContext, COMPILATION_UNIT, <Application,Lorg/codehaus/janino/Parser$InterfaceDeclarationContext> >"
"< Application, Lorg/codehaus/janino/Opcode, FMUL, <Primordial,B> >"
"< Application, Lorg/sunflow/system/UI, verbosity, <Primordial,I> >"
"< Application, Lorg/sunflow/core/photonmap/GlobalPhotonMap$Photon, SPLIT_MASK, <Primordial,I> >"
"< Application, Lorg/sunflow/math/PerlinScalar, G1, <Primordial,[F> >"
"< Application, Lorg/codehaus/janino/CodeContext, DEBUG, <Primordial,Z> >"
"< Application, Lorg/dacapo/parser/ConfigFileConstants, IN_FORMAL_COMMENT, <Primordial,I> >"
"< Application, Lorg/codehaus/janino/Opcode, DADD, <Primordial,B> >"
"< Application, Lorg/codehaus/janino/Opcode, IO_LV_3, <Primordial,S> >"
"< Application, Lorg/dacapo/parser/ConfigFileConstants, DESCRIPTION, <Primordial,I> >"
"< Application, Lorg/dacapo/harness/Benchmark, BUFFER_SIZE, <Primordial,I> >"
"< Application, Lorg/codehaus/janino/Opcode, BALOAD, <Primordial,B> >"
"< Application, Lorg/dacapo/harness/CommandLineArgs, options, <Application,Lorg/apache/commons/cli/Options> >"
"< Application, Lorg/codehaus/janino/Opcode, OP1_LV2, <Primordial,S> >"
"< Application, Lorg/codehaus/janino/Opcode, LCONST_0, <Primordial,B> >"
"< Application, Lorg/dacapo/parser/Config$ThreadModel, PER_CPU, <Application,Lorg/dacapo/parser/Config$ThreadModel> >"
"< Application, Lorg/codehaus/janino/Opcode, INVALID_OPCODE, <Primordial,S> >"
"< Application, Lorg/codehaus/janino/Opcode, LXOR, <Primordial,B> >"
"< Application, Lorg/codehaus/janino/Opcode, ASTORE_2, <Primordial,B> >"
"< Application, Lorg/codehaus/janino/Opcode, IF_ICMPGE, <Primordial,B> >"
"< Application, Lorg/codehaus/janino/Java$Rvalue, CONSTANT_VALUE_UNKNOWN, <Application,Ljava/lang/Object> >"
"< Application, LSunflowGUI, DEFAULT_WIDTH, <Primordial,I> >"
"< Application, Lorg/dacapo/harness/Benchmark, validateOutput, <Primordial,Z> >"
"< Application, Lorg/apache/commons/cli/PatternOptionBuilder, OBJECT_VALUE, <Application,Ljava/lang/Class> >"
"< Application, Lorg/codehaus/janino/Opcode, IRETURN, <Primordial,B> >"
"< Application, Lorg/sunflow/util/FastHashMap, $assertionsDisabled, <Primordial,Z> >"
"< Application, Lorg/codehaus/janino/Opcode, OP2_MASK, <Primordial,S> >"
"< Application, Lorg/sunflow/image/RGBSpace, CIE, <Application,Lorg/sunflow/image/RGBSpace> >"
"< Application, Lorg/codehaus/janino/Opcode, ISTORE_2, <Primordial,B> >"
"< Application, Lorg/sunflow/math/PerlinVector, P2x, <Primordial,F> >"
"< Application, Lorg/codehaus/janino/Opcode, OP3_SB, <Primordial,S> >"
"< Application, Lorg/codehaus/janino/Opcode, OP3_MASK, <Primordial,S> >"
"< Application, Lorg/dacapo/harness/CommandLineArgs, OPT_PRESERVE, <Application,Ljava/lang/String> >"
"< Application, Lorg/sunflow/core/primitive/TriangleMesh, smallTriangles, <Primordial,Z> >"
"< Application, Lorg/codehaus/janino/Opcode, IXOR, <Primordial,B> >"
"< Application, Lorg/sunflow/core/photonmap/GlobalPhotonMap$Photon, SPLIT_X, <Primordial,I> >"
"< Application, Lorg/codehaus/janino/Opcode, OP2_SB, <Primordial,S> >"
"< Application, Lorg/sunflow/core/light/SunSkyLight, k_waCurve, <Application,Lorg/sunflow/image/IrregularSpectralCurve> >"
"< Application, Lorg/codehaus/janino/Opcode, SALOAD, <Primordial,B> >"
"< Application, Lorg/sunflow/core/primitive/JuliaFractal, ESCAPE_THRESHOLD, <Primordial,F> >"
"< Application, Lorg/codehaus/janino/DebuggingInformation, LINES, <Application,Lorg/codehaus/janino/DebuggingInformation> >"
"< Application, Lorg/apache/commons/cli/HelpFormatter, DEFAULT_DESC_PAD, <Primordial,I> >"
"< Application, Lorg/dacapo/harness/Benchmark, savedOut, <Application,Ljava/io/PrintStream> >"
"< Application, Lorg/sunflow/image/RGBSpace, NTSC, <Application,Lorg/sunflow/image/RGBSpace> >"
"< Application, Lorg/dacapo/parser/ConfigFileConstants, LONG, <Primordial,I> >"
"< Application, Lorg/codehaus/janino/Mod, INTERFACE, <Primordial,S> >"
"< Application, Lorg/sunflow/core/display/OpenExrDisplay, NO_COMPRESSION, <Primordial,I> >"
"< Application, Lorg/dacapo/harness/Matcher, NOMATCH, <Primordial,I> >"
"< Application, Lorg/codehaus/janino/Opcode, ISTORE_1, <Primordial,B> >"
"< Application, Lorg/dacapo/harness/ChordHarness, PROP_BUILD_NICKNAME, <Application,Ljava/lang/String> >"
"< Application, Lorg/codehaus/janino/Opcode, IF_ICMPLE, <Primordial,B> >"
"< Application, Lorg/dacapo/harness/Benchmark, preserve, <Primordial,Z> >"
"< Application, Lorg/codehaus/janino/ByteArrayClassLoader, DEBUG, <Primordial,Z> >"
"< Application, Lorg/dacapo/harness/CommandLineArgs, DEFAULT_WINDOW_SIZE, <Application,Ljava/lang/String> >"
"< Application, LSunflowGUI, DEFAULT_HEIGHT, <Primordial,I> >"
"< Application, Lorg/codehaus/janino/Opcode, SD_M2, <Primordial,S> >"
"< Application, Lorg/codehaus/janino/Opcode, FCONST_1, <Primordial,B> >"
"< Application, Lorg/codehaus/janino/Descriptor, INT_, <Application,Ljava/lang/String> >"
"< Application, Lorg/codehaus/janino/Opcode, ILOAD_1, <Primordial,B> >"
"< Application, Lorg/codehaus/janino/DebuggingInformation, DEFAULT_DEBUGGING_INFORMATION, <Application,Lorg/codehaus/janino/util/enumerator/EnumeratorSet> >"
"< Application, Lorg/codehaus/janino/util/StringPattern, INCLUDE, <Primordial,I> >"
"< Application, Lorg/codehaus/janino/Opcode, FASTORE, <Primordial,B> >"
"< Application, Lorg/codehaus/janino/Descriptor, RUNTIME_EXCEPTION, <Application,Ljava/lang/String> >"
"< Application, Lorg/dacapo/harness/CommandLineArgs, OPT_LIST_BENCHMARKS, <Application,Ljava/lang/String> >"
"< Application, Lorg/codehaus/janino/util/MultiIterator, AT_END, <Application,Ljava/util/Iterator> >"
"< Application, Lorg/sunflow/image/SpectralCurve, CIE_zbar, <Primordial,[D> >"
"< Application, Lorg/dacapo/harness/LatexDescriptions, items, <Application,[Ljava/lang/String> >"
"< Application, Lorg/codehaus/janino/IClass, NO_IMETHODS, <Application,[Lorg/codehaus/janino/IClass$IMethod> >"
"< Application, Lorg/sunflow/core/ParameterList$ParameterType, COLOR, <Application,Lorg/sunflow/core/ParameterList$ParameterType> >"
"< Application, Lorg/codehaus/janino/Opcode, IMUL, <Primordial,B> >"
"< Application, Lorg/sunflow/math/QMC, $assertionsDisabled, <Primordial,Z> >"
"< Application, Lorg/codehaus/janino/Compiler, class$org$codehaus$janino$Compiler, <Application,Ljava/lang/Class> >"
"< Application, Lorg/dacapo/parser/ConfigFileConstants, THREAD_MODEL, <Primordial,I> >"
"< Application, Lorg/codehaus/janino/Opcode, IINC, <Primordial,B> >"
"< Application, Lorg/codehaus/janino/Compiler, DEFAULT_WARNING_HANDLE_PATTERNS, <Application,[Lorg/codehaus/janino/util/StringPattern> >"
"< Application, Lorg/codehaus/janino/Scanner, MAGIC_LONG, <Application,Ljava/lang/Long> >"
"< Application, Lorg/codehaus/janino/Opcode, IADD, <Primordial,B> >"
"< Application, Lorg/codehaus/janino/util/ClassFile, MAJOR_VERSION_JDK_1_3, <Primordial,S> >"
"< Application, Lorg/sunflow/core/accel/KDTree, PLANAR, <Primordial,J> >"
"< Application, Lorg/dacapo/harness/Matcher, err, <Application,Ljava/io/PrintStream> >"
"< Application, Lorg/dacapo/harness/Benchmark, preIterationGC, <Primordial,Z> >"
"< Application, Lorg/dacapo/parser/ConfigFileConstants, HEX_STRING, <Primordial,I> >"
"< Application, Lorg/sunflow/system/UI$Module, API, <Application,Lorg/sunflow/system/UI$Module> >"
"< Application, Lorg/codehaus/janino/IClass, INT, <Application,Lorg/codehaus/janino/IClass> >"
"< Application, Lorg/dacapo/harness/CommandLineArgs, OPT_SIZE, <Application,Ljava/lang/String> >"
"< Application, Lorg/codehaus/janino/Opcode, GETFIELD, <Primordial,B> >"
"< Application, Lorg/sunflow/core/photonmap/GlobalPhotonMap$Photon, SPLIT_Z, <Primordial,I> >"
"< Application, Lorg/dacapo/harness/TestHarness, commandLineArgs, <Application,Lorg/dacapo/harness/CommandLineArgs> >"
"< Application, Lorg/codehaus/janino/Opcode, RETURN, <Primordial,B> >"
"< Application, Lorg/sunflow/image/RGBSpace, EBU, <Application,Lorg/sunflow/image/RGBSpace> >"
"< Application, Lorg/sunflow/system/UI$Module, DISP, <Application,Lorg/sunflow/system/UI$Module> >"
"< Application, Lorg/dacapo/parser/ConfigFileConstants, SHORT, <Primordial,I> >"
"< Application, Lorg/sunflow/image/Color, BLACK, <Application,Lorg/sunflow/image/Color> >"
"< Application, Lorg/codehaus/janino/tools/Disassembler, opcodeToWideInstruction, <Application,[Lorg/codehaus/janino/tools/Disassembler$Instruction> >"
"< Application, Lorg/codehaus/janino/Descriptor, THROWABLE, <Application,Ljava/lang/String> >"
"< Application, Lorg/codehaus/janino/Opcode, DSTORE_0, <Primordial,B> >"
"< Application, Lorg/codehaus/janino/Access, class$org$codehaus$janino$Access, <Application,Ljava/lang/Class> >"
"< Application, Lorg/codehaus/janino/UnitCompiler, PRIMITIVE_WIDENING_CONVERSIONS, <Application,Ljava/util/HashMap> >"
"< Application, Lorg/codehaus/janino/tools/JGrep$Action, PRINT_LOCATION, <Application,Lorg/codehaus/janino/tools/JGrep$Action> >"
"< Application, Lorg/codehaus/janino/Opcode, AASTORE, <Primordial,B> >"
"< Application, Lorg/codehaus/janino/Opcode, SD_INVOKEINTERFACE, <Primordial,S> >"
"< Application, Lorg/codehaus/janino/IClass, ZERO_ICLASSES, <Application,[Lorg/codehaus/janino/IClass> >"
"< Application, Lorg/codehaus/janino/Opcode, SD_P1, <Primordial,S> >"
"< Application, Lorg/codehaus/janino/Opcode, DCMPL, <Primordial,B> >"
"< Application, Lorg/sunflow/core/display/OpenExrDisplay, ZIP_COMPRESSION, <Primordial,I> >"
"< Application, Lorg/dacapo/harness/TestHarness, BUILD_VERSION, <Application,Ljava/lang/String> >"
"< Application, Lorg/dacapo/harness/CommandLineArgs, OPT_THREAD_FACTOR, <Application,Ljava/lang/String> >"
"< Application, Lorg/dacapo/parser/ConfigFileConstants, SINGLE_LINE_COMMENT, <Primordial,I> >"
"< Application, Lorg/sunflow/core/display/OpenExrDisplay, RLE_COMPRESSION, <Primordial,I> >"
"< Application, Lorg/codehaus/janino/Opcode, ASTORE_0, <Primordial,B> >"
"< Application, Lorg/codehaus/janino/ClassLoaderIClassLoader, DEBUG, <Primordial,Z> >"
"< Application, Lorg/codehaus/janino/Descriptor, CLONEABLE, <Application,Ljava/lang/String> >"
"< Application, Lorg/codehaus/janino/Opcode, IF_ACMPNE, <Primordial,B> >"
"< Application, Lorg/codehaus/janino/IClass, CHAR, <Application,Lorg/codehaus/janino/IClass> >"
"< Application, Lorg/codehaus/janino/Mod, STATIC, <Primordial,S> >"
"< Application, Lorg/codehaus/janino/Opcode, OP1_LOOKUPSWITCH, <Primordial,S> >"
"< Application, Lorg/sunflow/math/Vector3, SIN_PHI, <Primordial,[F> >"
"< Application, Lorg/codehaus/janino/Opcode, FSUB, <Primordial,B> >"
"< Application, Lorg/sunflow/core/IntersectionState, MAX_STACK_SIZE, <Primordial,I> >"
"< Application, Lorg/dacapo/harness/Benchmark, verbose, <Primordial,Z> >"
"< Application, Lorg/sunflow/core/light/SunSkyLight, solCurve, <Application,Lorg/sunflow/image/RegularSpectralCurve> >"
"< Application, Lorg/codehaus/janino/Opcode, WIDE, <Primordial,B> >"
"< Application, Lorg/dacapo/harness/TestHarness, BuildVersion, <Application,Ljava/lang/String> >"
"< Application, Lorg/codehaus/janino/Opcode, PUTFIELD, <Primordial,B> >"
"< Application, Lorg/codehaus/janino/Opcode, SD_INVOKESTATIC, <Primordial,S> >"
"< Application, Lorg/dacapo/harness/CommandLineArgs, DEFAULT_THREAD_COUNT, <Application,Ljava/lang/String> >"
"< Application, Lorg/dacapo/harness/CommandLineArgs, OPT_THREAD_COUNT, <Application,Ljava/lang/String> >"
"< Application, Lorg/sunflow/core/display/OpenExrDisplay, OE_EXR_VERSION, <Primordial,I> >"
"< Application, Lorg/dacapo/harness/ChordHarness, BuildVersion, <Application,Ljava/lang/String> >"
"< Application, Lorg/codehaus/janino/Opcode, DLOAD_3, <Primordial,B> >"
"< Application, Lorg/codehaus/janino/Opcode, ISTORE, <Primordial,B> >"
"< Application, Lorg/codehaus/janino/Compiler, USAGE, <Application,[Ljava/lang/String> >"
"< Application, Lorg/codehaus/janino/Opcode, DSTORE_1, <Primordial,B> >"
"< Application, Lorg/codehaus/janino/Opcode, LSTORE, <Primordial,B> >"
"< Application, Lorg/codehaus/janino/Opcode, LLOAD, <Primordial,B> >"
"< Application, Lorg/codehaus/janino/Opcode, INEG, <Primordial,B> >"
"< Application, Lorg/apache/commons/cli/HelpFormatter, DEFAULT_SYNTAX_PREFIX, <Application,Ljava/lang/String> >"
"< Application, Lorg/dacapo/harness/ChordHarness, BUILD_VERSION, <Application,Ljava/lang/String> >"
"< Application, Lorg/codehaus/janino/samples/DemoBase, class$java$lang$Double, <Application,Ljava/lang/Class> >"
"< Application, Lorg/codehaus/janino/JavaSourceClassLoader, class$org$codehaus$janino$JavaSourceClassLoader, <Application,Ljava/lang/Class> >"
"< Application, Lorg/codehaus/janino/JavaSourceClassLoader, array$Ljava$lang$String, <Application,Ljava/lang/Class> >"
"< Application, Lorg/dacapo/parser/ConfigFileConstants, AUTHOR, <Primordial,I> >"
"< Application, Lorg/codehaus/janino/Opcode, FSTORE_1, <Primordial,B> >"
"< Application, Lorg/sunflow/image/ChromaticitySpectrum, S2Amplitudes, <Primordial,[F> >"
"< Application, Lorg/codehaus/janino/Opcode, INSTANCEOF, <Primordial,B> >"
"< Application, Lorg/codehaus/janino/Opcode, IF_ICMPEQ, <Primordial,B> >"
"< Application, Lorg/sunflow/image/SpectralCurve, WAVELENGTH_MIN, <Primordial,I> >"
"< Application, Lorg/apache/commons/cli/PatternOptionBuilder, NUMBER_VALUE, <Application,Ljava/lang/Class> >"
"< Application, Lorg/codehaus/janino/Opcode, OP1_BO4, <Primordial,S> >"
"< Application, Lorg/codehaus/janino/Descriptor, CLASS, <Application,Ljava/lang/String> >"
"< Application, Lorg/codehaus/janino/Java$BasicType, CHAR, <Primordial,I> >"
"< Application, Lorg/codehaus/janino/Opcode, ICONST_4, <Primordial,B> >"
"< Application, Lorg/codehaus/janino/Opcode, ARRAYLENGTH, <Primordial,B> >"
"< Application, Lorg/codehaus/janino/Opcode, OP1_SB, <Primordial,S> >"
"< Application, Lorg/codehaus/janino/DebuggingInformation, ALL, <Application,Lorg/codehaus/janino/util/enumerator/EnumeratorSet> >"
"< Application, Lorg/dacapo/harness/CommandLineArgs, OPT_MAX_ITERATIONS, <Application,Ljava/lang/String> >"
"< Application, Lorg/codehaus/janino/samples/DemoBase, class$java$lang$String, <Application,Ljava/lang/Class> >"
"< Application, Lorg/codehaus/janino/tools/JGrep$Action, PRINT_LOCATION_AND_MATCH, <Application,Lorg/codehaus/janino/tools/JGrep$Action> >"
"< Application, Lorg/dacapo/parser/ConfigFileConstants, LICENSE, <Primordial,I> >"
"< Application, Lorg/dacapo/parser/ConfigFileConstants, RAW, <Primordial,I> >"
"< Application, Lorg/sunflow/core/accel/KDTree, INTERSECT_COST, <Primordial,F> >"
"< Application, Lorg/codehaus/janino/Opcode, IFGT, <Primordial,B> >"
"< Application, Lorg/codehaus/janino/util/ResourceFinderClassLoader, DEBUG, <Primordial,Z> >"
"< Application, Lorg/sunflow/system/UI$Module, QMC, <Application,Lorg/sunflow/system/UI$Module> >"
"< Application, Lorg/codehaus/janino/Opcode, DCONST_0, <Primordial,B> >"
"< Application, Lorg/sunflow/core/light/SunSkyLight, k_gAmplitudes, <Primordial,[F> >"
"< Application, Lorg/dacapo/harness/CommandLineArgs$Methodology, CONVERGE, <Application,Lorg/dacapo/harness/CommandLineArgs$Methodology> >"
"< Application, Lorg/codehaus/janino/Opcode, NEWARRAY, <Primordial,B> >"
"< Application, Lorg/dacapo/parser/ConfigFile, jj_la1_1, <Primordial,[I> >"
"< Application, Lorg/codehaus/janino/Descriptor, ERROR, <Application,Ljava/lang/String> >"
"< Application, Lorg/dacapo/harness/ChordHarness, BUILD_NICKNAME, <Application,Ljava/lang/String> >"
"< Application, Lorg/dacapo/harness/TestHarness, PROP_BUILD_NICKNAME, <Application,Ljava/lang/String> >"
"< Application, Lorg/codehaus/janino/Opcode, SD_MASK, <Primordial,S> >"
"< Application, Lorg/codehaus/janino/util/CausedException, INIT_CAUSE, <Application,Ljava/lang/reflect/Method> >"
"< Application, Lorg/sunflow/core/primitive/JuliaFractal, BOUNDING_RADIUS, <Primordial,F> >"
"< Application, Lorg/codehaus/janino/Opcode, FCONST_2, <Primordial,B> >"
"< Application, Lorg/codehaus/janino/Opcode, WIDE_OPCODE_PROPERTIES, <Primordial,[S> >"
"< Application, Lorg/sunflow/core/light/SunSkyLight, k_oWavelengths, <Primordial,[F> >"
"< Application, Lorg/apache/commons/cli/OptionGroup, serialVersionUID, <Primordial,J> >"
"< Application, Lorg/sunflow/image/RGBSpace, HDTV, <Application,Lorg/sunflow/image/RGBSpace> >"
"< Application, Lorg/dacapo/parser/ParseException, serialVersionUID, <Primordial,J> >"
"< Application, Lorg/sunflow/system/UI, ui, <Application,Lorg/sunflow/system/UserInterface> >"
"< Application, Lorg/codehaus/janino/Opcode, IUSHR, <Primordial,B> >"
"< Application, Lorg/codehaus/janino/Opcode, GOTO, <Primordial,B> >"
"< Application, Lorg/dacapo/harness/CommandLineArgs, OPT_INFORMATION, <Application,Ljava/lang/String> >"
"< Application, Lorg/apache/commons/cli/HelpFormatter, DEFAULT_WIDTH, <Primordial,I> >"
"< Application, Lorg/sunflow/image/SpectralCurve, CIE_xbar, <Primordial,[D> >"
"< Application, Lorg/apache/commons/cli/OptionBuilder, type, <Application,Ljava/lang/Object> >"
"< Application, Lorg/sunflow/core/primitive/QuadMesh$1, $SwitchMap$org$sunflow$core$ParameterList$InterpolationType, <Primordial,[I> >"
"< Application, Lorg/codehaus/janino/Opcode, AALOAD, <Primordial,B> >"
"< Application, Lorg/codehaus/janino/Opcode, OP1_BO2, <Primordial,S> >"
"< Application, Lorg/codehaus/janino/Opcode, LLOAD_1, <Primordial,B> >"
"< Application, Lorg/codehaus/janino/Opcode, FCMPL, <Primordial,B> >"
"< Application, Lorg/codehaus/janino/Descriptor, LONG_, <Application,Ljava/lang/String> >"
"< Application, Lorg/sunflow/image/SpectralCurve, WAVELENGTH_MAX, <Primordial,I> >"
"< Application, Lorg/codehaus/janino/Opcode, DSTORE, <Primordial,B> >"
"< Application, Lorg/codehaus/janino/Opcode, IALOAD, <Primordial,B> >"
"< Application, Lorg/codehaus/janino/Mod, SYNTHETIC, <Primordial,S> >"
"< Application, Lorg/sunflow/core/accel/KDTree, MAX_DEPTH, <Primordial,I> >"
"< Application, Lorg/codehaus/janino/Opcode, DASTORE, <Primordial,B> >"
"< Application, Lorg/dacapo/harness/CommandLineArgs, OPT_SCRATCH_DIRECTORY, <Application,Ljava/lang/String> >"
"< Application, Lorg/apache/commons/cli/PatternOptionBuilder, DATE_VALUE, <Application,Ljava/lang/Class> >"
"< Application, Lorg/dacapo/parser/TokenMgrError, INVALID_LEXICAL_STATE, <Primordial,I> >"
"< Application, Lorg/apache/commons/cli/OptionBuilder, instance, <Application,Lorg/apache/commons/cli/OptionBuilder> >"
"< Application, Lorg/dacapo/harness/CommandLineArgs, OPT_VALIDATION_REPORT, <Application,Ljava/lang/String> >"
"< Application, Lorg/codehaus/janino/Opcode, LDIV, <Primordial,B> >"
"< Application, Lorg/codehaus/janino/Java$BasicType, LONG, <Primordial,I> >"
"< Application, Lorg/codehaus/janino/util/ClassFile, MAJOR_VERSION_JDK_1_2, <Primordial,S> >"
"< Application, Lorg/codehaus/janino/Opcode, ISTORE_3, <Primordial,B> >"
"< Application, Lorg/codehaus/janino/util/ClassFile, MINOR_VERSION_JDK_1_1, <Primordial,S> >"
"< Application, Lorg/codehaus/janino/Opcode, IF_ICMPGT, <Primordial,B> >"
"< Application, Lorg/dacapo/parser/ConfigFileConstants, JAR, <Primordial,I> >"
"< Application, Lorg/sunflow/core/photonmap/CausticPhotonMap$Photon, SPLIT_MASK, <Primordial,I> >"
"< Application, Lorg/codehaus/janino/Opcode, FCONST_0, <Primordial,B> >"
"< Application, Lorg/codehaus/janino/Mod, VOLATILE, <Primordial,S> >"
"< Application, Lorg/codehaus/janino/Opcode, F2L, <Primordial,B> >"
"< Application, Lorg/dacapo/harness/TestHarness, BuildNickName, <Application,Ljava/lang/String> >"
"< Application, Lorg/dacapo/parser/ConfigFileConstants, EOF, <Primordial,I> >"
"< Application, Lorg/sunflow/image/ChromaticitySpectrum, S1Amplitudes, <Primordial,[F> >"
"< Application, Lorg/dacapo/harness/CommandLineArgs, DEFAULT_VARIANCE, <Application,Ljava/lang/String> >"
"< Application, Lorg/codehaus/janino/Opcode, IFGE, <Primordial,B> >"
"< Application, Lorg/codehaus/janino/samples/DemoBase, class$java$lang$Short, <Application,Ljava/lang/Class> >"
"< Application, Lorg/dacapo/parser/ConfigFileConstants, IN_SINGLE_LINE_COMMENT, <Primordial,I> >"
"< Application, Lorg/codehaus/janino/Parser$ClassDeclarationContext, COMPILATION_UNIT, <Application,Lorg/codehaus/janino/Parser$ClassDeclarationContext> >"
"< Application, Lorg/sunflow/core/primitive/JuliaFractal, BOUNDING_RADIUS2, <Primordial,F> >"
"< Application, Lorg/dacapo/harness/ChordHarness, commandLineArgs, <Application,Lorg/dacapo/harness/CommandLineArgs> >"
"< Application, Lorg/codehaus/janino/Mod, mappings, <Application,[Ljava/lang/Object> >"
"< Application, Lorg/sunflow/math/PerlinVector, P1y, <Primordial,F> >"
"< Application, Lorg/codehaus/janino/Opcode, DLOAD_1, <Primordial,B> >"
"< Application, Lorg/codehaus/janino/Compiler, DEBUG, <Primordial,Z> >"
"< Application, Lorg/dacapo/parser/Config$1, $SwitchMap$org$dacapo$parser$Config$ThreadModel, <Primordial,[I> >"
"< Application, Lorg/codehaus/janino/Opcode, DSTORE_2, <Primordial,B> >"
"< Application, Lorg/sunflow/core/display/OpenExrDisplay, RLE_MIN_RUN, <Primordial,I> >"
"< Application, Lorg/apache/commons/cli/PatternOptionBuilder, CLASS_VALUE, <Application,Ljava/lang/Class> >"
"< Application, Lorg/dacapo/parser/ConfigFileTokenManager, jjstrLiteralImages, <Application,[Ljava/lang/String> >"
"< Application, Lorg/dacapo/parser/TokenMgrError, STATIC_LEXER_ERROR, <Primordial,I> >"
"< Application, Lorg/sunflow/core/TextureCache, textures, <Application,Ljava/util/HashMap> >"
"< Application, Lorg/dacapo/parser/ConfigFileConstants, INT_LITERAL, <Primordial,I> >"
"< Application, Lorg/codehaus/janino/Opcode, LUSHR, <Primordial,B> >"
"< Application, Lorg/sunflow/system/UI$Module, HAIR, <Application,Lorg/sunflow/system/UI$Module> >"
"< Application, Lorg/codehaus/janino/Opcode, SD_0, <Primordial,S> >"
"< Application, Lorg/dacapo/harness/CommandLineArgs$Methodology, ITERATE, <Application,Lorg/dacapo/harness/CommandLineArgs$Methodology> >"
"< Application, Lorg/sunflow/core/light/SunSkyLight, k_oAmplitudes, <Primordial,[F> >"
"< Application, Lorg/dacapo/parser/ConfigFileConstants, VERSION, <Primordial,I> >"
"< Application, Lorg/dacapo/harness/CommandLineArgs, EXIT_MISSING_BENCHMARKS, <Primordial,I> >"
"< Application, Lorg/codehaus/janino/Mod, ABSTRACT, <Primordial,S> >"
"< Application, Lorg/sunflow/system/UI$Module, SCENE, <Application,Lorg/sunflow/system/UI$Module> >"
"< Application, Lorg/dacapo/harness/Benchmark, validationReport, <Primordial,Z> >"
"< Application, Lorg/codehaus/janino/DebuggingInformation, class$org$codehaus$janino$DebuggingInformation, <Application,Ljava/lang/Class> >"
"< Application, Lorg/codehaus/janino/Opcode, DLOAD_2, <Primordial,B> >"
"< Application, Lorg/dacapo/harness/CommandLineArgs, OPT_NO_DIGEST_OUTPUT, <Application,Ljava/lang/String> >"
"< Application, Lorg/dacapo/parser/ConfigFileConstants, FORMAL_COMMENT, <Primordial,I> >"
"< Application, Lorg/codehaus/janino/Opcode, ASTORE, <Primordial,B> >"
"< Application, Lorg/sunflow/system/UI$PrintLevel, $VALUES, <Application,[Lorg/sunflow/system/UI$PrintLevel> >"
"< Application, Lorg/codehaus/janino/Opcode, SD_INVOKESPECIAL, <Primordial,S> >"
"< Application, Lorg/sunflow/core/ParameterList$InterpolationType, FACEVARYING, <Application,Lorg/sunflow/core/ParameterList$InterpolationType> >"
"< Application, Lorg/codehaus/janino/Descriptor, BOOLEAN_, <Application,Ljava/lang/String> >"
"< Application, Lorg/codehaus/janino/Opcode, SD_GETSTATIC, <Primordial,S> >"
"< Application, Lorg/codehaus/janino/Opcode, ALOAD_1, <Primordial,B> >"
"< Application, Lorg/dacapo/harness/CommandLineArgs, OPT_IGNORE_VALIDATION, <Application,Ljava/lang/String> >"
"< Application, Lorg/codehaus/janino/ReflectionIClass, class$java$lang$String, <Application,Ljava/lang/Class> >"
"< Application, Lorg/dacapo/parser/TokenMgrError, serialVersionUID, <Primordial,J> >"
"< Application, Lorg/sunflow/image/Color, RED, <Application,Lorg/sunflow/image/Color> >"
"< Application, Lorg/codehaus/janino/Opcode, ISUB, <Primordial,B> >"
"< Application, Lorg/codehaus/janino/Mod, NONE, <Primordial,S> >"
"< Application, Lorg/codehaus/janino/Opcode, IREM, <Primordial,B> >"
"< Application, Lorg/codehaus/janino/Descriptor, descriptorToClassName, <Application,Ljava/util/Map> >"
"< Application, Lorg/sunflow/system/UI$Module, BENCH, <Application,Lorg/sunflow/system/UI$Module> >"
"< Application, Lorg/codehaus/janino/Opcode, ATHROW, <Primordial,B> >"
"< Application, Lorg/apache/commons/cli/Option, serialVersionUID, <Primordial,J> >"
"< Application, Lorg/codehaus/janino/Scanner, MAGIC_INTEGER, <Application,Ljava/lang/Integer> >"
"< Application, Lorg/codehaus/janino/Opcode, LSTORE_0, <Primordial,B> >"
"< Application, Lorg/codehaus/janino/IClass, FLOAT, <Application,Lorg/codehaus/janino/IClass> >"
"< Application, Lorg/dacapo/harness/Callback$1, $SwitchMap$org$dacapo$harness$CommandLineArgs$Methodology, <Primordial,[I> >"
"< Application, Lorg/dacapo/harness/CommandLineArgs, visibleOptions, <Application,Lorg/apache/commons/cli/Options> >"
"< Application, Lorg/codehaus/janino/Opcode, INVOKESPECIAL, <Primordial,B> >"
"< Application, Lorg/codehaus/janino/Java$BasicType, FLOAT, <Primordial,I> >"
"< Application, Lorg/dacapo/harness/Callback$Mode, TIMING, <Application,Lorg/dacapo/harness/Callback$Mode> >"
"< Application, Lorg/dacapo/parser/ConfigFileConstants, SEMI, <Primordial,I> >"
"< Application, Lorg/codehaus/janino/Opcode, INVOKESTATIC, <Primordial,B> >"
"< Application, Lorg/codehaus/janino/Opcode, ASTORE_3, <Primordial,B> >"
"< Application, Lorg/codehaus/janino/Opcode, FRETURN, <Primordial,B> >"
"< Application, Lorg/sunflow/image/Color, BLUE, <Application,Lorg/sunflow/image/Color> >"
"< Application, Lorg/codehaus/janino/Mod, TRANSIENT, <Primordial,S> >"
"< Application, Lorg/codehaus/janino/Opcode, DNEG, <Primordial,B> >"
"< Application, Lorg/codehaus/janino/Opcode, I2C, <Primordial,B> >"
"< Application, Lorg/codehaus/janino/Scanner, DEBUG, <Primordial,Z> >"
"< Application, Lorg/codehaus/janino/Opcode, DALOAD, <Primordial,B> >"
"< Application, Lorg/codehaus/janino/Opcode, LRETURN, <Primordial,B> >"
"< Application, Lorg/apache/commons/cli/HelpFormatter, DEFAULT_LEFT_PAD, <Primordial,I> >"
"< Application, Lorg/codehaus/janino/util/resource/ResourceFinder, EMPTY_RESOURCE_FINDER, <Application,Lorg/codehaus/janino/util/resource/ResourceFinder> >"
"< Application, Lorg/codehaus/janino/Opcode, JSR_W, <Primordial,B> >"
"< Application, Lorg/codehaus/janino/IClass, SHORT, <Application,Lorg/codehaus/janino/IClass> >"
"< Application, Lorg/sunflow/core/accel/KDTree, TYPE_MASK, <Primordial,J> >"
"< Application, Lorg/codehaus/janino/Opcode, DUP, <Primordial,B> >"
"< Application, Lorg/codehaus/janino/Opcode, LLOAD_2, <Primordial,B> >"
"< Application, Lorg/dacapo/parser/ConfigFileConstants, IN_MULTI_LINE_COMMENT, <Primordial,I> >"
"< Application, Lorg/dacapo/parser/ConfigFileConstants, PER_CPU, <Primordial,I> >"
"< Application, Lorg/sunflow/system/UI$Module, ACCEL, <Application,Lorg/sunflow/system/UI$Module> >"
"< Application, Lorg/codehaus/janino/Opcode, SD_PUTSTATIC, <Primordial,S> >"
"< Application, Lorg/codehaus/janino/Java$BasicType, BYTE, <Primordial,I> >"
"< Application, Lorg/sunflow/math/PerlinScalar, G3, <Primordial,[[F> >"
"< Application, Lorg/codehaus/janino/Descriptor, OBJECT, <Application,Ljava/lang/String> >"
"< Application, Lorg/sunflow/math/PerlinVector, P3y, <Primordial,F> >"
"< Application, Lorg/codehaus/janino/Opcode, INVOKEVIRTUAL, <Primordial,B> >"
"< Application, Lorg/dacapo/parser/ConfigFileConstants, COMMA, <Primordial,I> >"
"< Application, Lorg/sunflow/image/RGBSpace, SMPTE_C, <Application,Lorg/sunflow/image/RGBSpace> >"
"< Application, Lorg/codehaus/janino/Opcode, IFNONNULL, <Primordial,B> >"
"< Application, Lorg/dacapo/parser/ConfigFileConstants, RPAREN, <Primordial,I> >"
"< Application, Lorg/codehaus/janino/Opcode, NOP, <Primordial,B> >"
"< Application, Lorg/codehaus/janino/Opcode, NO_FALLTHROUGH, <Primordial,S> >"
"< Application, Lorg/sunflow/core/light/SunSkyLight, k_gWavelengths, <Primordial,[F> >"
"< Application, Lorg/sunflow/core/ParameterList$1, $SwitchMap$org$sunflow$core$ParameterList$InterpolationType, <Primordial,[I> >"
"< Application, Lorg/dacapo/parser/ConfigFileConstants, FIXED, <Primordial,I> >"
"< Application, Lorg/sunflow/math/QMC, PRIMES, <Primordial,[I> >"
"< Application, Lorg/codehaus/janino/util/ClassFile, MINOR_VERSION_JDK_1_5, <Primordial,S> >"
"< Application, Lorg/codehaus/janino/Mod, SUPER, <Primordial,S> >"
"< Application, Lorg/codehaus/janino/Opcode, LCONST_1, <Primordial,B> >"
"< Application, Lorg/dacapo/harness/CommandLineArgs, $assertionsDisabled, <Primordial,Z> >"
"< Application, Lorg/codehaus/janino/Mod, PUBLIC, <Primordial,S> >"
"< Application, Lorg/codehaus/janino/Opcode, LSHR, <Primordial,B> >"
"< Application, Lorg/dacapo/harness/CommandLineArgs, EXIT_OK, <Primordial,I> >"
"< Application, Lorg/codehaus/janino/samples/DemoBase, class$java$lang$Byte, <Application,Ljava/lang/Class> >"
"< Application, Lorg/sunflow/core/photonmap/CausticPhotonMap$Photon, SPLIT_X, <Primordial,I> >"
"< Application, Lorg/dacapo/parser/ConfigFileTokenManager, lexStateNames, <Application,[Ljava/lang/String> >"
"< Application, Lorg/sunflow/math/PerlinScalar, G4, <Primordial,[[F> >"
"< Application, Lorg/codehaus/janino/Opcode, I2B, <Primordial,B> >"
"< Application, Lorg/codehaus/janino/ClassBodyEvaluator, class$org$codehaus$janino$ClassBodyEvaluator, <Application,Ljava/lang/Class> >"
"< Application, Lorg/dacapo/parser/ConfigFileConstants, tokenImage, <Application,[Ljava/lang/String> >"
"< Application, Lorg/dacapo/harness/ChordHarness, BuildNickName, <Application,Ljava/lang/String> >"
"< Application, Lorg/codehaus/janino/util/ClassFile, MINOR_VERSION_JDK_1_4, <Primordial,S> >"
"< Application, Lorg/sunflow/SunflowAPI, VERSION, <Application,Ljava/lang/String> >"
"< Application, Lorg/codehaus/janino/Opcode, FSTORE_2, <Primordial,B> >"
"< Application, Lorg/codehaus/janino/Opcode, ALOAD_2, <Primordial,B> >"
"< Application, Lorg/sunflow/core/ParameterList$ParameterType, BOOL, <Application,Lorg/sunflow/core/ParameterList$ParameterType> >"
"< Application, Lorg/sunflow/image/Color, YELLOW, <Application,Lorg/sunflow/image/Color> >"
"< Application, Lorg/codehaus/janino/Opcode, ILOAD, <Primordial,B> >"
"< Application, Lorg/dacapo/parser/ConfigFileTokenManager, jjtoSpecial, <Primordial,[J> >"
"< Application, Lorg/codehaus/janino/Descriptor, DOUBLE, <Application,Ljava/lang/String> >"
"< Application, Lorg/codehaus/janino/Opcode, FDIV, <Primordial,B> >"
"< Application, Lorg/codehaus/janino/Opcode, DSTORE_3, <Primordial,B> >"
"< Application, Lorg/dacapo/harness/FileDigest, BUFLEN, <Primordial,I> >"
"< Application, Lorg/codehaus/janino/UnparseVisitor, UNARY_OPERATORS, <Application,Ljava/util/Set> >"
"< Application, Lorg/codehaus/janino/Mod, ENUM, <Primordial,S> >"
"< Application, Lorg/codehaus/janino/Opcode, LOR, <Primordial,B> >"
"< Application, Lorg/codehaus/janino/CodeContext, BRANCH_OPCODE_INVERSION, <Application,Ljava/util/Map> >"
"< Application, Lorg/dacapo/harness/CommandLineArgs, OPT_DEBUG, <Application,Ljava/lang/String> >"
"< Application, Lorg/sunflow/image/ChromaticitySpectrum, S0xyz, <Application,Lorg/sunflow/image/XYZColor> >"
"< Application, Lorg/codehaus/janino/Opcode, MULTIANEWARRAY, <Primordial,B> >"
"< Application, Lorg/dacapo/parser/Config$ThreadModel, FIXED, <Application,Lorg/dacapo/parser/Config$ThreadModel> >"
"< Application, Lorg/codehaus/janino/Opcode, OP1_JSR, <Primordial,S> >"
"< Application, Lorg/codehaus/janino/Mod, ANNOTATION, <Primordial,S> >"
"< Application, Lorg/apache/commons/cli/PatternOptionBuilder, FILE_VALUE, <Application,Ljava/lang/Class> >"
"< Application, Lorg/codehaus/janino/Opcode, ICONST_0, <Primordial,B> >"
