java_type_ref("<Application,Ltoba/jit/JIT>")
java_type_ref("<Application,Ltoba/classfile/IHash>")
java_type_ref("<Application,Ltoba/classfile/Instr>")
java_type_ref("<Application,Ltoba/translator/InsGen>")
java_type_ref("<Application,Ltoba/translator/ClassInstall>")
java_type_ref("<Application,Ltoba/translator/Supers>")
java_type_ref("<Application,Ltoba/classfile/ClassRef>")
java_type_ref("<Application,Ltoba/translator/HFile>")
java_type_ref("<Application,Ltoba/classfile/Handler>")
java_type_ref("<Application,Ltoba/jit/BackpatchInfo>")
java_type_ref("<Application,Ltoba/classfile/Method>")
java_type_ref("<Application,Ltoba/classfile/Attribute>")
java_type_ref("<Application,Ltoba/classfile/ClassFile>")
java_type_ref("<Application,Ltoba/classfile/VariableRef>")
java_type_ref("<Application,Ltoba/jit/JITCodeGen>")
java_type_ref("<Application,Ltoba/classfile/MethodRef>")
java_type_ref("<Application,Ltoba/runtime/CodeGen>")
java_type_ref("<Application,Ltoba/classfile/ClassData>")
java_type_ref("<Application,Ltoba/runtime/SystemClassLoader>")
java_type_ref("<Application,Ltoba/runtime/Supers>")
java_type_ref("<Application,Ltoba/jit/Register>")
java_type_ref("<Application,Ltoba/classfile/Field>")
java_type_ref("<Application,Ltoba/classfile/Names>")
java_type_ref("<Application,Ltoba/jit/Intel86>")
java_type_ref("<Application,Ltoba/jit/MemoryRef>")
java_type_ref("<Application,Ltoba/runtime/ClassRT>")
java_type_ref("<Application,Ltoba/classfile/Opcode>")
java_type_ref("<Application,Ltoba/translator/CFile>")
java_type_ref("<Application,Ltoba/classfile/MethodCode>")
java_type_ref("<Application,Ltoba/jit/CodeBlock>")
java_type_ref("<Application,Ltoba/classfile/FieldRef>")
java_type_ref("<Application,Ltoba/runtime/Resolve>")
java_type_ref("<Application,Ltoba/classfile/Pair>")
java_type_ref("<Application,Ltoba/jit/Immediate>")
java_type_ref("<Application,Ltoba/classfile/Constant>")
java_type_ref("<Application,Ltoba/translator/MethGen>")
java_type_ref("<Application,Ltoba/classfile/InterfaceRef>")
java_type_ref("<Application,Ltoba/Lister>")
java_type_ref("<Application,Ltoba/translator/Repr>")
java_type_ref("<Application,Ltoba/translator/Trans>")
java_type_ref("<Application,Ltoba/InstallClassFile>")
