"< Application, Ltoba/translator/Trans, foreign(Ljava/io/File;)Z >"	"bb17"	[java_type_ref("<Primordial,Ljava/lang/Exception>")]
"< Application, Ltoba/runtime/CodeGen, buildNativeClass(Ltoba/classfile/ClassData;Ljava/lang/ClassLoader;)Ljava/lang/Class; >"	"bb54"	[java_type_ref("<Primordial,Ljava/io/IOException>")]
"< Application, Ltoba/runtime/CodeGen, defineClass(Ljava/lang/ClassLoader;Ljava/io/DataInputStream;)Ljava/lang/Class; >"	"bb8"	[java_type_ref("<Primordial,Ljava/lang/ClassNotFoundException>")]
"< Application, Ltoba/Lister, listSystemClasses()V >"	"bb27"	[java_type_ref("<Primordial,Ljava/io/IOException>")]
"< Application, Ltoba/classfile/ClassFile, open(Ljava/lang/String;Ljava/lang/String;)Ltoba/classfile/ClassFile; >"	"bb41"	[java_type_ref("<Primordial,Ljava/io/IOException>")]
"< Application, Ltoba/runtime/ClassRT, getClassData(Ljava/lang/Class;)Ltoba/classfile/ClassData; >"	"bb21"	[java_type_ref("<Primordial,Ljava/io/IOException>")]
"< Application, Ltoba/classfile/Names, toba_getSRAS(Ljava/lang/String;)Ljava/io/InputStream; >"	"bb41"	[java_type_ref("<Primordial,Ljava/lang/Exception>")]
"< Application, Ltoba/runtime/CodeGen, defineClass(Ljava/lang/ClassLoader;Ljava/io/DataInputStream;)Ljava/lang/Class; >"	"bb4"	[java_type_ref("<Primordial,Ljava/lang/ClassFormatError>")]
"< Application, Ltoba/InstallClassFile, main([Ljava/lang/String;)V >"	"bb38"	[java_type_ref("<Primordial,Ljava/lang/Exception>")]
"< Application, Ltoba/jit/JITCodeGen, generateCode(Ljava/lang/Class;Ltoba/classfile/Method;)Ltoba/classfile/MethodCode; >"	"bb79"	[java_type_ref("<Primordial,Ljava/lang/Exception>")]
"< Application, Ltoba/Lister, closeClassList([Ljava/lang/String;I)V >"	"bb44"	[java_type_ref("<Primordial,Ljava/io/FileNotFoundException>")]
"< Application, Ltoba/translator/Trans, doname(Ljava/lang/String;)V >"	"bb76"	[java_type_ref("<Primordial,Ljava/io/IOException>")]
"< Application, Ltoba/classfile/ClassFile, open(Ljava/lang/String;Ljava/lang/String;)Ltoba/classfile/ClassFile; >"	"bb38"	[java_type_ref("<Primordial,Ljava/io/IOException>")]
"< Application, Ltoba/classfile/ClassFile, close()V >"	"bb3"	[java_type_ref("<Primordial,Ljava/io/IOException>")]
"< Application, Ltoba/jit/Intel86, FNSTCW(Ljava/lang/Object;)[B >"	"bb3"	[java_type_ref("<Primordial,Ljava/lang/ClassCastException>")]
"< Application, Ltoba/classfile/Names, toba_getSRAS(Ljava/lang/String;)Ljava/io/InputStream; >"	"bb33"	[java_type_ref("<Primordial,Ljava/io/IOException>")]
"< Application, Ltoba/runtime/ClassRT, getClassData(Ljava/lang/Class;)Ltoba/classfile/ClassData; >"	"bb10"	[java_type_ref("<Primordial,Ljava/lang/Exception>")]
"< Application, Ltoba/translator/CFile, emitStaticFinalInit(Ljava/io/PrintWriter;Ltoba/classfile/ClassData;)Z >"	"bb13"	[java_type_ref("<Primordial,Ljava/io/IOException>")]
"< Application, Ltoba/Lister, closeClassList([Ljava/lang/String;I)V >"	"bb34"	[java_type_ref("<Primordial,Ljava/lang/ClassNotFoundException>")]
"< Application, Ltoba/jit/Intel86, FLD(Ljava/lang/Object;)[B >"	"bb3"	[java_type_ref("<Primordial,Ljava/lang/ClassCastException>")]
"< Application, Ltoba/translator/Trans, doname(Ljava/lang/String;)V >"	"bb28"	[java_type_ref("<Primordial,Ljava/lang/ClassFormatError>")]
"< Application, Ltoba/classfile/ClassFile, close()V >"	"bb9"	[java_type_ref("<Primordial,Ljava/io/IOException>")]
"< Application, Ltoba/classfile/ClassFile, open(Ljava/lang/String;Ljava/lang/String;)Ltoba/classfile/ClassFile; >"	"bb63"	[java_type_ref("<Primordial,Ljava/io/FileNotFoundException>")]
"< Application, Ltoba/jit/Intel86, FISTP(Ljava/lang/Object;)[B >"	"bb3"	[java_type_ref("<Primordial,Ljava/lang/ClassCastException>")]
"< Application, Ltoba/jit/Intel86, FSTP(Ljava/lang/Object;)[B >"	"bb3"	[java_type_ref("<Primordial,Ljava/lang/ClassCastException>")]
"< Application, Ltoba/translator/ClassInstall, copy(Ljava/io/DataInputStream;Ljava/lang/String;)V >"	"bb12"	[java_type_ref("<Primordial,Ljava/io/EOFException>")]
"< Application, Ltoba/runtime/CodeGen, resolveClass(Ljava/lang/Class;Ljava/lang/ClassLoader;)V >"	"bb18"	[java_type_ref("<Primordial,Ljava/lang/Throwable>")]
"< Application, Ltoba/Lister, printname(Ljava/lang/String;)V >"	"bb7"	[java_type_ref("<Primordial,Ljava/lang/StringIndexOutOfBoundsException>")]
"< Application, Ltoba/runtime/Resolve, resolveClassName(Ljava/lang/String;Ljava/lang/ClassLoader;)Ljava/lang/Class; >"	"bb21"	[java_type_ref("<Primordial,Ljava/lang/ClassNotFoundException>")]
"< Application, Ltoba/classfile/IHash, hashlist(Ljava/lang/ClassLoader;Ltoba/classfile/ClassRef;)[I >"	"bb21"	[java_type_ref("<Primordial,Ljava/lang/UnsatisfiedLinkError>")]
"< Application, Ltoba/translator/CFile, write(Ljava/io/PrintWriter;Ltoba/classfile/ClassData;)V >"	"bb104"	[java_type_ref("<Primordial,Ljava/lang/Error>")]
"< Application, Ltoba/jit/Intel86, TestIntel86([Ljava/lang/String;)V >"	"bb10"	[java_type_ref("<Primordial,Ljava/io/IOException>")]
"< Application, Ltoba/classfile/Method, <init>(Ltoba/classfile/ClassData;Ltoba/classfile/Field;)V >"	"bb129"	[java_type_ref("<Primordial,Ljava/io/IOException>")]
"< Application, Ltoba/Lister, closeClassList([Ljava/lang/String;I)V >"	"bb22"	[java_type_ref("<Primordial,Ljava/lang/Exception>")]
"< Application, Ltoba/runtime/CodeGen, defineClass(Ljava/lang/ClassLoader;Ljava/io/DataInputStream;)Ljava/lang/Class; >"	"bb12"	[java_type_ref("<Primordial,Ljava/io/IOException>")]
"< Application, Ltoba/jit/Intel86, FILD(Ljava/lang/Object;)[B >"	"bb3"	[java_type_ref("<Primordial,Ljava/lang/ClassCastException>")]
"< Application, Ltoba/classfile/Names, toba_getSRAS(Ljava/lang/String;)Ljava/io/InputStream; >"	"bb30"	[java_type_ref("<Primordial,Ljava/io/IOException>")]
"< Application, Ltoba/translator/Trans, oopen(Ltoba/classfile/ClassData;Ljava/lang/String;I)Ljava/io/PrintWriter; >"	"bb45"	[java_type_ref("<Primordial,Ljava/lang/Exception>")]
"< Application, Ltoba/jit/Intel86, JMPn(Ljava/lang/Object;)[B >"	"bb3"	[java_type_ref("<Primordial,Ljava/lang/ClassCastException>")]
"< Application, Ltoba/jit/Intel86, FLDCW(Ljava/lang/Object;)[B >"	"bb3"	[java_type_ref("<Primordial,Ljava/lang/ClassCastException>")]
"< Application, Ltoba/jit/Intel86, Jccn(ILjava/lang/Object;)[B >"	"bb3"	[java_type_ref("<Primordial,Ljava/lang/ClassCastException>")]
"< Application, Ltoba/classfile/InterfaceRef, findInterface(Ltoba/classfile/ClassData;)Ltoba/classfile/Field; >"	"bb3"	[java_type_ref("<Primordial,Ljava/lang/NoSuchMethodError>")]
"< Application, Ltoba/runtime/ClassRT, getClassData(Ljava/lang/Class;)Ltoba/classfile/ClassData; >"	"bb25"	[java_type_ref("<Primordial,Ljava/lang/ClassNotFoundException>")]
"< Application, Ltoba/classfile/Method, <init>(Ltoba/classfile/ClassData;Ltoba/classfile/Field;)V >"	"bb39"	[java_type_ref("<Primordial,Ljava/io/IOException>")]
"< Application, Ltoba/Lister, closeClassList([Ljava/lang/String;I)V >"	"bb51"	[java_type_ref("<Primordial,Ljava/io/IOException>")]
"< Application, Ltoba/classfile/ClassFile, find(Ljava/lang/String;)Ltoba/classfile/ClassFile; >"	"bb31"	[java_type_ref("<Primordial,Ljava/lang/ClassNotFoundException>")]
"< Application, Ltoba/translator/Trans, doname(Ljava/lang/String;)V >"	"bb37"	[java_type_ref("<Primordial,Ljava/io/IOException>")]
"< Application, Ltoba/translator/Trans, doname(Ljava/lang/String;)V >"	"bb21"	[java_type_ref("<Primordial,Ljava/io/FileNotFoundException>")]
"< Application, Ltoba/jit/Intel86, Jcc(ILjava/lang/Object;)[B >"	"bb3"	[java_type_ref("<Primordial,Ljava/lang/ClassCastException>")]
"< Application, Ltoba/InstallClassFile, main([Ljava/lang/String;)V >"	"bb13"	[java_type_ref("<Primordial,Ljava/io/IOException>")]
"< Application, Ltoba/runtime/ClassRT, getClassData(Ljava/lang/Class;)Ltoba/classfile/ClassData; >"	"bb29"	[java_type_ref("<Primordial,Ljava/lang/ClassFormatError>")]
"< Application, Ltoba/classfile/ClassFile, find(Ljava/lang/String;)Ltoba/classfile/ClassFile; >"	"bb13"	[java_type_ref("<Primordial,Ljava/io/FileNotFoundException>")]
"< Application, Ltoba/translator/Trans, doname(Ljava/lang/String;)V >"	"bb11"	[java_type_ref("<Primordial,Ljava/lang/ClassNotFoundException>")]
"< Application, Ltoba/jit/CodeBlock, resolveCode()V >"	"bb12"	[java_type_ref("<Primordial,Ljava/lang/InternalError>")]
"< Application, Ltoba/translator/Trans, doname(Ljava/lang/String;)V >"	"bb85"	[java_type_ref("<Primordial,Ljava/lang/ClassNotFoundException>")]
"< Application, Ltoba/classfile/ClassFile, find(Ljava/lang/String;)Ltoba/classfile/ClassFile; >"	"bb38"	[java_type_ref("<Primordial,Ljava/lang/ClassNotFoundException>")]
