"< Application, Ltoba/jit/Register, <clinit>()V >"
"< Application, Ltoba/jit/CodeBlock, <clinit>()V >"
"< Application, Ltoba/runtime/Resolve, <clinit>()V >"
"< Application, Ltoba/jit/Intel86, <clinit>()V >"
"< Application, Ltoba/jit/JITCodeGen, <clinit>()V >"
"< Application, Ltoba/classfile/ClassData, <clinit>()V >"
"< Application, Ltoba/classfile/Names, <clinit>()V >"
"< Application, Ltoba/translator/Trans, <clinit>()V >"
"< Application, Ltoba/classfile/Constant, <clinit>()V >"
"< Application, Ltoba/classfile/ClassRef, <clinit>()V >"
"< Application, Ltoba/classfile/Opcode, <clinit>()V >"
"< Application, Ltoba/classfile/MethodCode, <clinit>()V >"
