java_type_ref("<Application,Ltoba/jit/Immediate>")	"< Application, Ltoba/jit/Immediate, getSignExtend()Z >"
java_type_ref("<Application,Ltoba/classfile/ClassData>")	"< Application, Ltoba/classfile/ClassData, ClassDataInternal(Ltoba/classfile/ClassData;Ljava/lang/Class;)V >"
java_type_ref("<Application,Ltoba/translator/MethGen>")	"< Application, Ltoba/translator/MethGen, needSwitch(Ltoba/classfile/Method;)Z >"
java_type_ref("<Application,Ltoba/jit/MemoryRef>")	"< Application, Ltoba/jit/MemoryRef, <init>(Ltoba/jit/Immediate;Ltoba/jit/Register;)V >"
java_type_ref("<Application,Ltoba/classfile/ClassRef>")	"< Application, Ltoba/classfile/ClassRef, resolveTo(Ljava/lang/Class;Ljava/lang/ClassLoader;)V >"
java_type_ref("<Application,Ltoba/jit/JITCodeGen>")	"< Application, Ltoba/jit/JITCodeGen, excOheadAddr(I)Ltoba/jit/MemoryRef; >"
java_type_ref("<Application,Ltoba/translator/Trans>")	"< Application, Ltoba/translator/Trans, debugging(C)Z >"
java_type_ref("<Application,Ltoba/classfile/MethodCode>")	"< Application, Ltoba/classfile/MethodCode, resolveCode()V >"
java_type_ref("<Application,Ltoba/jit/JITCodeGen>")	"< Application, Ltoba/jit/JITCodeGen, allocUncolMemory(I)J >"
java_type_ref("<Application,Ltoba/jit/Intel86>")	"< Application, Ltoba/jit/Intel86, CWD()[B >"
java_type_ref("<Application,Ltoba/classfile/Names>")	"< Application, Ltoba/classfile/Names, hashvar(Ljava/lang/String;)Ljava/lang/String; >"
java_type_ref("<Application,Ltoba/jit/Intel86>")	"< Application, Ltoba/jit/Intel86, RELATIVE_CALL(I)[B >"
java_type_ref("<Application,Ltoba/classfile/Opcode>")	"< Application, Ltoba/classfile/Opcode, toString()Ljava/lang/String; >"
java_type_ref("<Application,Ltoba/jit/JITCodeGen>")	"< Application, Ltoba/jit/JITCodeGen, EmitCkInstance(Ltoba/classfile/Instr;Ltoba/classfile/ClassRef;)V >"
java_type_ref("<Application,Ltoba/classfile/MethodRef>")	"< Application, Ltoba/classfile/MethodRef, findMethod(Ltoba/classfile/ClassData;)Ltoba/classfile/Field; >"
java_type_ref("<Application,Ltoba/translator/CFile>")	"< Application, Ltoba/translator/CFile, constructor(Ljava/io/PrintWriter;Ltoba/classfile/ClassData;)V >"
java_type_ref("<Application,Ltoba/runtime/Resolve>")	"< Application, Ltoba/runtime/Resolve, <clinit>()V >"
java_type_ref("<Application,Ltoba/runtime/ClassRT>")	"< Application, Ltoba/runtime/ClassRT, allocateNativeClass(Ltoba/classfile/ClassData;III)Ljava/lang/Class; >"
java_type_ref("<Application,Ltoba/jit/Intel86>")	"< Application, Ltoba/jit/Intel86, tossEStackOffs(I)I >"
java_type_ref("<Application,Ltoba/Lister>")	"< Application, Ltoba/Lister, <init>()V >"
java_type_ref("<Application,Ltoba/runtime/SystemClassLoader>")	"< Application, Ltoba/runtime/SystemClassLoader, loadPrimitiveClass(C)Ljava/lang/Class; >"
java_type_ref("<Application,Ltoba/classfile/Opcode>")	"< Application, Ltoba/classfile/Opcode, <clinit>()V >"
java_type_ref("<Application,Ltoba/jit/CodeBlock>")	"< Application, Ltoba/jit/CodeBlock, setByteOffs(I)V >"
java_type_ref("<Application,Ltoba/jit/CodeBlock>")	"< Application, Ltoba/jit/CodeBlock, expandArr(I)V >"
java_type_ref("<Application,Ltoba/InstallClassFile>")	"< Application, Ltoba/InstallClassFile, <init>()V >"
java_type_ref("<Application,Ltoba/jit/Intel86>")	"< Application, Ltoba/jit/Intel86, valDFlag(Ljava/lang/Object;Ljava/lang/Object;)I >"
java_type_ref("<Application,Ltoba/jit/Intel86>")	"< Application, Ltoba/jit/Intel86, BasicInit()V >"
java_type_ref("<Application,Ltoba/translator/Supers>")	"< Application, Ltoba/translator/Supers, <init>()V >"
java_type_ref("<Application,Ltoba/runtime/ClassRT>")	"< Application, Ltoba/runtime/ClassRT, setMTEntFuncPtr(JJ)V >"
java_type_ref("<Application,Ltoba/runtime/ClassRT>")	"< Application, Ltoba/runtime/ClassRT, getElementClass(Ljava/lang/Class;)Ljava/lang/Class; >"
java_type_ref("<Application,Ltoba/translator/ClassInstall>")	"< Application, Ltoba/translator/ClassInstall, copy(Ljava/io/DataInputStream;Ljava/lang/String;)V >"
java_type_ref("<Application,Ltoba/runtime/ClassRT>")	"< Application, Ltoba/runtime/ClassRT, getMethodTEnt(Ljava/lang/Class;Ltoba/classfile/Field;)J >"
java_type_ref("<Application,Ltoba/jit/CodeBlock>")	"< Application, Ltoba/jit/CodeBlock, doBackPatch(Ltoba/jit/BackpatchInfo;)V >"
java_type_ref("<Application,Ltoba/jit/MemoryRef>")	"< Application, Ltoba/jit/MemoryRef, setScaleFactor(I)Ltoba/jit/MemoryRef; >"
java_type_ref("<Application,Ltoba/runtime/ClassRT>")	"< Application, Ltoba/runtime/ClassRT, getFlags(Ljava/lang/Class;)I >"
java_type_ref("<Application,Ltoba/jit/Intel86>")	"< Application, Ltoba/jit/Intel86, PatchLongJump(II)V >"
java_type_ref("<Application,Ltoba/translator/InsGen>")	"< Application, Ltoba/translator/InsGen, ancestor(Ltoba/classfile/ClassData;Ljava/lang/String;)Z >"
java_type_ref("<Application,Ltoba/classfile/Instr>")	"< Application, Ltoba/classfile/Instr, u1([BI)I >"
java_type_ref("<Application,Ltoba/classfile/ClassData>")	"< Application, Ltoba/classfile/ClassData, buildTables()V >"
java_type_ref("<Application,Ltoba/runtime/CodeGen>")	"< Application, Ltoba/runtime/CodeGen, getGenerator()Ltoba/runtime/CodeGen; >"
java_type_ref("<Application,Ltoba/jit/Immediate>")	"< Application, Ltoba/jit/Immediate, <init>(IIZ)V >"
java_type_ref("<Application,Ltoba/runtime/ClassRT>")	"< Application, Ltoba/runtime/ClassRT, setClassData(Ljava/lang/Class;Ltoba/classfile/ClassData;)V >"
java_type_ref("<Application,Ltoba/jit/Intel86>")	"< Application, Ltoba/jit/Intel86, JMP(Ljava/lang/Object;)[B >"
java_type_ref("<Application,Ltoba/jit/Intel86>")	"< Application, Ltoba/jit/Intel86, UNIMP(I)[B >"
java_type_ref("<Application,Ltoba/classfile/MethodCode>")	"< Application, Ltoba/classfile/MethodCode, setMethodType(I)I >"
java_type_ref("<Application,Ltoba/jit/CodeBlock>")	"< Application, Ltoba/jit/CodeBlock, installCode()J >"
java_type_ref("<Application,Ltoba/classfile/ClassData>")	"< Application, Ltoba/classfile/ClassData, getmethod(Ljava/lang/String;Z)Ltoba/classfile/Field; >"
java_type_ref("<Application,Ltoba/runtime/ClassRT>")	"< Application, Ltoba/runtime/ClassRT, setClassVariables(Ljava/lang/Class;[Ltoba/classfile/Field;[II)V >"
java_type_ref("<Application,Ltoba/runtime/CodeGen>")	"< Application, Ltoba/runtime/CodeGen, classVariableOffsets([Ltoba/classfile/Field;)[I >"
java_type_ref("<Application,Ltoba/translator/InsGen>")	"< Application, Ltoba/translator/InsGen, checkref(Ljava/io/PrintWriter;Ltoba/classfile/Instr;I)V >"
java_type_ref("<Application,Ltoba/jit/Intel86>")	"< Application, Ltoba/jit/Intel86, FpushES()[B >"
java_type_ref("<Application,Ltoba/jit/Intel86>")	"< Application, Ltoba/jit/Intel86, valWFlag(Ljava/lang/Object;)I >"
java_type_ref("<Application,Ltoba/jit/CodeBlock>")	"< Application, Ltoba/jit/CodeBlock, resolveCode()V >"
java_type_ref("<Application,Ltoba/jit/BackpatchInfo>")	"< Application, Ltoba/jit/BackpatchInfo, toString()Ljava/lang/String; >"
java_type_ref("<Application,Ltoba/jit/MemoryRef>")	"< Application, Ltoba/jit/MemoryRef, toString()Ljava/lang/String; >"
java_type_ref("<Application,Ltoba/classfile/Handler>")	"< Application, Ltoba/classfile/Handler, <init>(IIILtoba/classfile/ClassRef;)V >"
java_type_ref("<Application,Ltoba/jit/Intel86>")	"< Application, Ltoba/jit/Intel86, FpopES()[B >"
java_type_ref("<Application,Ltoba/runtime/CodeGen>")	"< Application, Ltoba/runtime/CodeGen, classVariableSpace([Ltoba/classfile/Field;)I >"
java_type_ref("<Application,Ltoba/runtime/SystemClassLoader>")	"< Application, Ltoba/runtime/SystemClassLoader, systemLoadClass(Ljava/lang/String;Z)Ljava/lang/Class; >"
java_type_ref("<Application,Ltoba/translator/CFile>")	"< Application, Ltoba/translator/CFile, gfloats(Ljava/io/PrintWriter;[Ltoba/classfile/Constant;)V >"
java_type_ref("<Application,Ltoba/translator/InsGen>")	"< Application, Ltoba/translator/InsGen, <init>()V >"
java_type_ref("<Application,Ltoba/jit/CodeBlock>")	"< Application, Ltoba/jit/CodeBlock, BS(II)Ljava/lang/String; >"
java_type_ref("<Application,Ltoba/runtime/Resolve>")	"< Application, Ltoba/runtime/Resolve, resolveClass(Ltoba/classfile/ClassData;Ljava/lang/ClassLoader;)V >"
java_type_ref("<Application,Ltoba/jit/Immediate>")	"< Application, Ltoba/jit/Immediate, getSignExtendFlagVal()Z >"
java_type_ref("<Application,Ltoba/jit/CodeBlock>")	"< Application, Ltoba/jit/CodeBlock, storeByte(BI)B >"
java_type_ref("<Application,Ltoba/jit/Immediate>")	"< Application, Ltoba/jit/Immediate, <init>(IZ)V >"
java_type_ref("<Application,Ltoba/classfile/Instr>")	"< Application, Ltoba/classfile/Instr, u2([BI)I >"
java_type_ref("<Application,Ltoba/runtime/CodeGen>")	"< Application, Ltoba/runtime/CodeGen, hashAddrs(Ljava/lang/Class;[Ltoba/classfile/Field;)[J >"
java_type_ref("<Application,Ltoba/jit/CodeBlock>")	"< Application, Ltoba/jit/CodeBlock, setEpilogOffs()V >"
java_type_ref("<Application,Ltoba/classfile/Instr>")	"< Application, Ltoba/classfile/Instr, argwords()I >"
java_type_ref("<Application,Ltoba/translator/Trans>")	"< Application, Ltoba/translator/Trans, doname(Ljava/lang/String;)V >"
java_type_ref("<Application,Ltoba/jit/Intel86>")	"< Application, Ltoba/jit/Intel86, SUB(Ljava/lang/Object;Ljava/lang/Object;)[B >"
java_type_ref("<Application,Ltoba/jit/Intel86>")	"< Application, Ltoba/jit/Intel86, FUCOMPP()[B >"
java_type_ref("<Application,Ltoba/jit/CodeBlock>")	"< Application, Ltoba/jit/CodeBlock, UNIMP(I)[B >"
java_type_ref("<Application,Ltoba/classfile/ClassFile>")	"< Application, Ltoba/classfile/ClassFile, <init>(Ljava/io/InputStream;)V >"
java_type_ref("<Application,Ltoba/translator/InsGen>")	"< Application, Ltoba/translator/InsGen, stack2nd(Ltoba/classfile/Instr;)Ljava/lang/String; >"
java_type_ref("<Application,Ltoba/jit/JITCodeGen>")	"< Application, Ltoba/jit/JITCodeGen, getFuncAddr(I)J >"
java_type_ref("<Application,Ltoba/translator/HFile>")	"< Application, Ltoba/translator/HFile, declare(Ljava/io/PrintWriter;Ltoba/classfile/Field;Ljava/lang/String;)V >"
java_type_ref("<Application,Ltoba/runtime/CodeGen>")	"< Application, Ltoba/runtime/CodeGen, <init>()V >"
java_type_ref("<Application,Ltoba/translator/Repr>")	"< Application, Ltoba/translator/Repr, simplefloat(D)Z >"
java_type_ref("<Application,Ltoba/runtime/ClassRT>")	"< Application, Ltoba/runtime/ClassRT, setStringPool(Ljava/lang/Class;[Ljava/lang/String;)V >"
java_type_ref("<Application,Ltoba/runtime/CodeGen>")	"< Application, Ltoba/runtime/CodeGen, resolveClass(Ljava/lang/Class;Ljava/lang/ClassLoader;)V >"
java_type_ref("<Application,Ltoba/jit/CodeBlock>")	"< Application, Ltoba/jit/CodeBlock, <clinit>()V >"
java_type_ref("<Application,Ltoba/jit/MemoryRef>")	"< Application, Ltoba/jit/MemoryRef, getRefSize()I >"
java_type_ref("<Application,Ltoba/classfile/ClassData>")	"< Application, Ltoba/classfile/ClassData, buildVariableTables(Z)V >"
java_type_ref("<Application,Ltoba/jit/Intel86>")	"< Application, Ltoba/jit/Intel86, relBPop(I)Ltoba/jit/MemoryRef; >"
java_type_ref("<Application,Ltoba/classfile/FieldRef>")	"< Application, Ltoba/classfile/FieldRef, isResolved()Z >"
java_type_ref("<Application,Ltoba/classfile/Names>")	"< Application, Ltoba/classfile/Names, hashmethod(Ljava/lang/String;Ljava/lang/String;Ljava/lang/String;)Ljava/lang/String; >"
java_type_ref("<Application,Ltoba/jit/Intel86>")	"< Application, Ltoba/jit/Intel86, FSUBRP(Ljava/lang/Object;)[B >"
java_type_ref("<Application,Ltoba/jit/MemoryRef>")	"< Application, Ltoba/jit/MemoryRef, setRefSize(I)Ltoba/jit/MemoryRef; >"
java_type_ref("<Application,Ltoba/classfile/MethodCode>")	"< Application, Ltoba/classfile/MethodCode, <clinit>()V >"
java_type_ref("<Application,Ltoba/runtime/SystemClassLoader>")	"< Application, Ltoba/runtime/SystemClassLoader, loadClass(Ljava/lang/String;Z)Ljava/lang/Class; >"
java_type_ref("<Application,Ltoba/translator/ClassInstall>")	"< Application, Ltoba/translator/ClassInstall, install(Ljava/lang/String;Ljava/lang/String;Ljava/lang/String;)V >"
java_type_ref("<Application,Ltoba/jit/JITCodeGen>")	"< Application, Ltoba/jit/JITCodeGen, checkObjectRef(ILtoba/jit/Register;Ltoba/classfile/Instr;)V >"
java_type_ref("<Application,Ltoba/classfile/Field>")	"< Application, Ltoba/classfile/Field, getVarFieldSize()I >"
java_type_ref("<Application,Ltoba/jit/CodeBlock>")	"< Application, Ltoba/jit/CodeBlock, nextByteOffs()I >"
java_type_ref("<Application,Ltoba/runtime/ClassRT>")	"< Application, Ltoba/runtime/ClassRT, setClassInitializer(Ljava/lang/Class;J)V >"
java_type_ref("<Application,Ltoba/runtime/ClassRT>")	"< Application, Ltoba/runtime/ClassRT, getClassDataInternal(Ljava/lang/Class;)Ltoba/classfile/ClassData; >"
java_type_ref("<Application,Ltoba/jit/Register>")	"< Application, Ltoba/jit/Register, isFPReg()Z >"
java_type_ref("<Application,Ltoba/jit/JITCodeGen>")	"< Application, Ltoba/jit/JITCodeGen, getStringAddress(Ljava/lang/String;)J >"
java_type_ref("<Application,Ltoba/classfile/Method>")	"< Application, Ltoba/classfile/Method, toString()Ljava/lang/String; >"
java_type_ref("<Application,Ltoba/translator/Repr>")	"< Application, Ltoba/translator/Repr, ctype(C)Ljava/lang/String; >"
java_type_ref("<Application,Ltoba/runtime/CodeGen>")	"< Application, Ltoba/runtime/CodeGen, typeAlignment(C)I >"
java_type_ref("<Application,Ltoba/jit/Intel86>")	"< Application, Ltoba/jit/Intel86, setEStackBase(I)I >"
java_type_ref("<Application,Ltoba/jit/Intel86>")	"< Application, Ltoba/jit/Intel86, OpType(Ljava/lang/Object;)I >"
java_type_ref("<Application,Ltoba/jit/Intel86>")	"< Application, Ltoba/jit/Intel86, FILD(Ljava/lang/Object;)[B >"
java_type_ref("<Application,Ltoba/jit/Immediate>")	"< Application, Ltoba/jit/Immediate, clone()Ljava/lang/Object; >"
java_type_ref("<Application,Ltoba/classfile/Instr>")	"< Application, Ltoba/classfile/Instr, argstring(Ljava/lang/String;)Ljava/lang/String; >"
java_type_ref("<Application,Ltoba/jit/CodeBlock>")	"< Application, Ltoba/jit/CodeBlock, LOAD_REG(ILjava/lang/Object;)[B >"
java_type_ref("<Application,Ltoba/jit/CodeBlock>")	"< Application, Ltoba/jit/CodeBlock, evalBrLOAD(ILjava/lang/Object;)[B >"
java_type_ref("<Application,Ltoba/jit/CodeBlock>")	"< Application, Ltoba/jit/CodeBlock, RELATIVE_JUMP(I)[B >"
java_type_ref("<Application,Ltoba/jit/JITCodeGen>")	"< Application, Ltoba/jit/JITCodeGen, EmitCode(Ltoba/classfile/Method;I)V >"
java_type_ref("<Application,Ltoba/classfile/MethodRef>")	"< Application, Ltoba/classfile/MethodRef, resolveWith(Ltoba/classfile/ClassData;)V >"
java_type_ref("<Application,Ltoba/jit/BackpatchInfo>")	"< Application, Ltoba/jit/BackpatchInfo, <init>(ILtoba/classfile/Instr;Ljava/lang/Object;IJ)V >"
java_type_ref("<Application,Ltoba/translator/MethGen>")	"< Application, Ltoba/translator/MethGen, dclstack(Ljava/io/PrintWriter;Ltoba/classfile/Method;C)V >"
java_type_ref("<Application,Ltoba/classfile/Field>")	"< Application, Ltoba/classfile/Field, equals(Ltoba/classfile/Field;)Z >"
java_type_ref("<Application,Ltoba/Lister>")	"< Application, Ltoba/Lister, closeClassList([Ljava/lang/String;I)V >"
java_type_ref("<Application,Ltoba/classfile/Names>")	"< Application, Ltoba/classfile/Names, hashinterface(Ljava/lang/String;Ljava/lang/String;)I >"
java_type_ref("<Application,Ltoba/jit/CodeBlock>")	"< Application, Ltoba/jit/CodeBlock, evalBrCALL(I)[B >"
java_type_ref("<Application,Ltoba/classfile/ClassData>")	"< Application, Ltoba/classfile/ClassData, forClass(Ljava/lang/Class;)Ltoba/classfile/ClassData; >"
java_type_ref("<Application,Ltoba/classfile/ClassRef>")	"< Application, Ltoba/classfile/ClassRef, <clinit>()V >"
java_type_ref("<Application,Ltoba/jit/Intel86>")	"< Application, Ltoba/jit/Intel86, peekES(ILjava/lang/Object;)[B >"
java_type_ref("<Application,Ltoba/runtime/ClassRT>")	"< Application, Ltoba/runtime/ClassRT, setInstanceVariables(Ljava/lang/Class;[Ltoba/classfile/Field;[I)V >"
java_type_ref("<Application,Ltoba/jit/Intel86>")	"< Application, Ltoba/jit/Intel86, LOAD_REG(ILjava/lang/Object;)[B >"
java_type_ref("<Application,Ltoba/jit/Intel86>")	"< Application, Ltoba/jit/Intel86, FNSTCW(Ljava/lang/Object;)[B >"
java_type_ref("<Application,Ltoba/classfile/Attribute>")	"< Application, Ltoba/classfile/Attribute, toString()Ljava/lang/String; >"
java_type_ref("<Application,Ltoba/classfile/ClassFile>")	"< Application, Ltoba/classfile/ClassFile, close()V >"
java_type_ref("<Application,Ltoba/classfile/ClassData>")	"< Application, Ltoba/classfile/ClassData, forStream(Ljava/lang/ClassLoader;Ljava/io/DataInputStream;)Ltoba/classfile/ClassData; >"
java_type_ref("<Application,Ltoba/jit/Intel86>")	"< Application, Ltoba/jit/Intel86, FDIVRP(Ljava/lang/Object;)[B >"
java_type_ref("<Application,Ltoba/translator/InsGen>")	"< Application, Ltoba/translator/InsGen, stacktop(Ltoba/classfile/Instr;)Ljava/lang/String; >"
java_type_ref("<Application,Ltoba/classfile/ClassData>")	"< Application, Ltoba/classfile/ClassData, toString()Ljava/lang/String; >"
java_type_ref("<Application,Ltoba/runtime/ClassRT>")	"< Application, Ltoba/runtime/ClassRT, setInterfaces(Ljava/lang/Class;[JI)V >"
java_type_ref("<Application,Ltoba/jit/Intel86>")	"< Application, Ltoba/jit/Intel86, DEC(Ljava/lang/Object;)[B >"
java_type_ref("<Application,Ltoba/jit/Intel86>")	"< Application, Ltoba/jit/Intel86, valFFlag(Ljava/lang/Object;)I >"
java_type_ref("<Application,Ltoba/jit/Intel86>")	"< Application, Ltoba/jit/Intel86, FSTP(Ljava/lang/Object;)[B >"
java_type_ref("<Application,Ltoba/classfile/Names>")	"< Application, Ltoba/classfile/Names, idstring(Ljava/lang/String;)Z >"
java_type_ref("<Application,Ltoba/classfile/FieldRef>")	"< Application, Ltoba/classfile/FieldRef, resolveTo(Ltoba/classfile/Field;)V >"
java_type_ref("<Application,Ltoba/translator/MethGen>")	"< Application, Ltoba/translator/MethGen, dclvars(Ljava/io/PrintWriter;Ltoba/classfile/Method;CZ)V >"
java_type_ref("<Application,Ltoba/translator/CFile>")	"< Application, Ltoba/translator/CFile, clstruct(Ljava/io/PrintWriter;Ltoba/classfile/ClassData;)V >"
java_type_ref("<Application,Ltoba/classfile/Constant>")	"< Application, Ltoba/classfile/Constant, readUTF(Ljava/io/DataInput;)Ljava/lang/String; >"
java_type_ref("<Application,Ltoba/classfile/Constant>")	"< Application, Ltoba/classfile/Constant, dump(Ljava/io/PrintWriter;[Ltoba/classfile/Constant;)V >"
java_type_ref("<Application,Ltoba/jit/JITCodeGen>")	"< Application, Ltoba/jit/JITCodeGen, InitInstrumentation()V >"
java_type_ref("<Application,Ltoba/classfile/IHash>")	"< Application, Ltoba/classfile/IHash, setInTranslator(Z)Z >"
java_type_ref("<Application,Ltoba/translator/HFile>")	"< Application, Ltoba/translator/HFile, ivfield(Ljava/io/PrintWriter;Ltoba/classfile/ClassData;)V >"
java_type_ref("<Application,Ltoba/InstallClassFile>")	"< Application, Ltoba/InstallClassFile, main([Ljava/lang/String;)V >"
java_type_ref("<Application,Ltoba/jit/Intel86>")	"< Application, Ltoba/jit/Intel86, checkOperand(Ljava/lang/Object;)I >"
java_type_ref("<Application,Ltoba/jit/Intel86>")	"< Application, Ltoba/jit/Intel86, encode(II)[B >"
java_type_ref("<Application,Ltoba/runtime/ClassRT>")	"< Application, Ltoba/runtime/ClassRT, updateMethodExceptionLists(Ltoba/classfile/ClassData;)V >"
java_type_ref("<Application,Ltoba/jit/Intel86>")	"< Application, Ltoba/jit/Intel86, NOP()[B >"
java_type_ref("<Application,Ltoba/jit/Intel86>")	"< Application, Ltoba/jit/Intel86, popEStackOffs()I >"
java_type_ref("<Application,Ltoba/runtime/ClassRT>")	"< Application, Ltoba/runtime/ClassRT, setStaticMethods(Ljava/lang/Class;[Ltoba/classfile/Field;[J)V >"
java_type_ref("<Application,Ltoba/jit/Intel86>")	"< Application, Ltoba/jit/Intel86, LEA(Ljava/lang/Object;Ljava/lang/Object;)[B >"
java_type_ref("<Application,Ltoba/translator/Trans>")	"< Application, Ltoba/translator/Trans, foreign(Ljava/io/File;)Z >"
java_type_ref("<Application,Ltoba/jit/Intel86>")	"< Application, Ltoba/jit/Intel86, pushEStackOffs()I >"
java_type_ref("<Application,Ltoba/classfile/ClassRef>")	"< Application, Ltoba/classfile/ClassRef, getRefClass(Ljava/lang/ClassLoader;)Ljava/lang/Class; >"
java_type_ref("<Application,Ltoba/jit/BackpatchInfo>")	"< Application, Ltoba/jit/BackpatchInfo, getNext()Ltoba/jit/BackpatchInfo; >"
java_type_ref("<Application,Ltoba/classfile/Opcode>")	"< Application, Ltoba/classfile/Opcode, op(IIIILjava/lang/String;Ljava/lang/String;II)V >"
java_type_ref("<Application,Ltoba/jit/JITCodeGen>")	"< Application, Ltoba/jit/JITCodeGen, Prologue(Ltoba/classfile/Method;I)V >"
java_type_ref("<Application,Ltoba/classfile/Attribute>")	"< Application, Ltoba/classfile/Attribute, find([Ltoba/classfile/Attribute;Ljava/lang/String;)[B >"
java_type_ref("<Application,Ltoba/classfile/Instr>")	"< Application, Ltoba/classfile/Instr, <init>([BI[Ltoba/classfile/Constant;)V >"
java_type_ref("<Application,Ltoba/classfile/MethodCode>")	"< Application, Ltoba/classfile/MethodCode, setStubEntry(J)J >"
java_type_ref("<Application,Ltoba/runtime/ClassRT>")	"< Application, Ltoba/runtime/ClassRT, getMethodTEnt(Ljava/lang/Class;ZI)J >"
java_type_ref("<Application,Ltoba/jit/Immediate>")	"< Application, Ltoba/jit/Immediate, getValue()I >"
java_type_ref("<Application,Ltoba/jit/BackpatchInfo>")	"< Application, Ltoba/jit/BackpatchInfo, setLongVal(J)J >"
java_type_ref("<Application,Ltoba/jit/Intel86>")	"< Application, Ltoba/jit/Intel86, POP(Ljava/lang/Object;)[B >"
java_type_ref("<Application,Ltoba/translator/Trans>")	"< Application, Ltoba/translator/Trans, <clinit>()V >"
java_type_ref("<Application,Ltoba/runtime/ClassRT>")	"< Application, Ltoba/runtime/ClassRT, setMethodAddr(Ljava/lang/Class;Ltoba/classfile/Field;J)V >"
java_type_ref("<Application,Ltoba/jit/CodeBlock>")	"< Application, Ltoba/jit/CodeBlock, copyNativeCode([BIJ)V >"
java_type_ref("<Application,Ltoba/jit/Intel86>")	"< Application, Ltoba/jit/Intel86, fitsin8bit(I)Z >"
java_type_ref("<Application,Ltoba/runtime/CodeGen>")	"< Application, Ltoba/runtime/CodeGen, superclasses(Ljava/lang/Class;Ljava/lang/Class;)[J >"
java_type_ref("<Application,Ltoba/classfile/Field>")	"< Application, Ltoba/classfile/Field, isInArray([Ltoba/classfile/Field;)Z >"
java_type_ref("<Application,Ltoba/classfile/Constant>")	"< Application, Ltoba/classfile/Constant, <clinit>()V >"
java_type_ref("<Application,Ltoba/runtime/ClassRT>")	"< Application, Ltoba/runtime/ClassRT, setInstanceMethods(Ljava/lang/Class;[Ltoba/classfile/Field;[J)V >"
java_type_ref("<Application,Ltoba/translator/CFile>")	"< Application, Ltoba/translator/CFile, methodref(Ljava/io/PrintWriter;Ltoba/classfile/ClassData;Ljava/lang/String;Z)V >"
java_type_ref("<Application,Ltoba/classfile/FieldRef>")	"< Application, Ltoba/classfile/FieldRef, getField()Ltoba/classfile/Field; >"
java_type_ref("<Application,Ltoba/classfile/Names>")	"< Application, Ltoba/classfile/Names, classfile(Ljava/lang/String;)Ljava/lang/String; >"
java_type_ref("<Application,Ltoba/runtime/CodeGen>")	"< Application, Ltoba/runtime/CodeGen, getInstanceMethodAddrs(Ljava/lang/Class;)[J >"
java_type_ref("<Application,Ltoba/jit/CodeBlock>")	"< Application, Ltoba/jit/CodeBlock, getCodeByteArray(II)[B >"
java_type_ref("<Application,Ltoba/jit/Intel86>")	"< Application, Ltoba/jit/Intel86, FRNDINT()[B >"
java_type_ref("<Application,Ltoba/classfile/Pair>")	"< Application, Ltoba/classfile/Pair, toString()Ljava/lang/String; >"
java_type_ref("<Application,Ltoba/translator/Supers>")	"< Application, Ltoba/translator/Supers, load(Ltoba/classfile/ClassData;)V >"
java_type_ref("<Application,Ltoba/jit/MemoryRef>")	"< Application, Ltoba/jit/MemoryRef, getScaleFactor()I >"
java_type_ref("<Application,Ltoba/runtime/CodeGen>")	"< Application, Ltoba/runtime/CodeGen, pokeInt(JI)V >"
java_type_ref("<Application,Ltoba/classfile/Names>")	"< Application, Ltoba/classfile/Names, idchar(C)Z >"
java_type_ref("<Application,Ltoba/jit/MemoryRef>")	"< Application, Ltoba/jit/MemoryRef, <init>(Ltoba/jit/Immediate;Ltoba/jit/Register;ILtoba/jit/Register;I)V >"
java_type_ref("<Application,Ltoba/runtime/Resolve>")	"< Application, Ltoba/runtime/Resolve, <init>()V >"
java_type_ref("<Application,Ltoba/jit/JITCodeGen>")	"< Application, Ltoba/jit/JITCodeGen, EmitExceptHandle(Ltoba/classfile/Method;)V >"
java_type_ref("<Application,Ltoba/jit/MemoryRef>")	"< Application, Ltoba/jit/MemoryRef, getScaleBits()I >"
java_type_ref("<Application,Ltoba/classfile/FieldRef>")	"< Application, Ltoba/classfile/FieldRef, toString()Ljava/lang/String; >"
java_type_ref("<Application,Ltoba/jit/Register>")	"< Application, Ltoba/jit/Register, getRegBitName()I >"
java_type_ref("<Application,Ltoba/runtime/Resolve>")	"< Application, Ltoba/runtime/Resolve, resolveClassRef(Ltoba/classfile/ClassRef;Ljava/lang/ClassLoader;)V >"
java_type_ref("<Application,Ltoba/classfile/Names>")	"< Application, Ltoba/classfile/Names, <init>()V >"
java_type_ref("<Application,Ltoba/jit/Intel86>")	"< Application, Ltoba/jit/Intel86, getEStackDepth()I >"
java_type_ref("<Application,Ltoba/jit/CodeBlock>")	"< Application, Ltoba/jit/CodeBlock, evalBrACALL(I)[B >"
java_type_ref("<Application,Ltoba/runtime/ClassRT>")	"< Application, Ltoba/runtime/ClassRT, getClassVarAddr(Ljava/lang/Class;I)J >"
java_type_ref("<Application,Ltoba/runtime/CodeGen>")	"< Application, Ltoba/runtime/CodeGen, setGenerator(Ltoba/runtime/CodeGen;)V >"
java_type_ref("<Application,Ltoba/jit/CodeBlock>")	"< Application, Ltoba/jit/CodeBlock, addWord(I)I >"
java_type_ref("<Application,Ltoba/translator/CFile>")	"< Application, Ltoba/translator/CFile, emitStaticFinalInit(Ljava/io/PrintWriter;Ltoba/classfile/ClassData;)Z >"
java_type_ref("<Application,Ltoba/classfile/Instr>")	"< Application, Ltoba/classfile/Instr, regtype(Ljava/lang/String;)C >"
java_type_ref("<Application,Ltoba/classfile/VariableRef>")	"< Application, Ltoba/classfile/VariableRef, <init>(Ltoba/classfile/ClassRef;Ljava/lang/String;Ljava/lang/String;)V >"
java_type_ref("<Application,Ltoba/jit/JITCodeGen>")	"< Application, Ltoba/jit/JITCodeGen, getArrayDataAddress(Ljava/lang/Object;)J >"
java_type_ref("<Application,Ltoba/classfile/ClassRef>")	"< Application, Ltoba/classfile/ClassRef, <init>(Ljava/lang/Class;)V >"
java_type_ref("<Application,Ltoba/runtime/ClassRT>")	"< Application, Ltoba/runtime/ClassRT, setFlags(Ljava/lang/Class;I)V >"
java_type_ref("<Application,Ltoba/jit/Intel86>")	"< Application, Ltoba/jit/Intel86, pokeES(ILjava/lang/Object;)[B >"
java_type_ref("<Application,Ltoba/classfile/Names>")	"< Application, Ltoba/classfile/Names, csignature(Ljava/lang/String;)Ljava/lang/String; >"
java_type_ref("<Application,Ltoba/jit/CodeBlock>")	"< Application, Ltoba/jit/CodeBlock, evalBrLOADNatCl(ILjava/lang/Object;)[B >"
java_type_ref("<Application,Ltoba/translator/Trans>")	"< Application, Ltoba/translator/Trans, setdbg(Ljava/lang/String;)V >"
java_type_ref("<Application,Ltoba/translator/Repr>")	"< Application, Ltoba/translator/Repr, emitCharData(Ljava/io/PrintWriter;Ljava/lang/String;)V >"
java_type_ref("<Application,Ltoba/jit/Intel86>")	"< Application, Ltoba/jit/Intel86, MOV(Ljava/lang/Object;Ljava/lang/Object;)[B >"
java_type_ref("<Application,Ltoba/classfile/Field>")	"< Application, Ltoba/classfile/Field, <init>(Ljava/io/DataInputStream;[Ltoba/classfile/Constant;)V >"
java_type_ref("<Application,Ltoba/translator/HFile>")	"< Application, Ltoba/translator/HFile, <init>()V >"
java_type_ref("<Application,Ltoba/jit/CodeBlock>")	"< Application, Ltoba/jit/CodeBlock, setLockCodeBytes(Z)Z >"
java_type_ref("<Application,Ltoba/jit/JITCodeGen>")	"< Application, Ltoba/jit/JITCodeGen, popIntoMemory(Ltoba/jit/Register;C)V >"
java_type_ref("<Application,Ltoba/runtime/CodeGen>")	"< Application, Ltoba/runtime/CodeGen, baseAlignment()I >"
java_type_ref("<Application,Ltoba/classfile/ClassRef>")	"< Application, Ltoba/classfile/ClassRef, bySignature(Ljava/lang/String;)Ltoba/classfile/ClassRef; >"
java_type_ref("<Application,Ltoba/classfile/Names>")	"< Application, Ltoba/classfile/Names, hashname(Ljava/lang/String;Ljava/lang/String;Ljava/lang/String;Ljava/lang/StringBuffer;)Ljava/lang/String; >"
java_type_ref("<Application,Ltoba/jit/Intel86>")	"< Application, Ltoba/jit/Intel86, SHR(Ljava/lang/Object;Ljava/lang/Object;)[B >"
java_type_ref("<Application,Ltoba/jit/Intel86>")	"< Application, Ltoba/jit/Intel86, FMULP(Ljava/lang/Object;)[B >"
java_type_ref("<Application,Ltoba/runtime/CodeGen>")	"< Application, Ltoba/runtime/CodeGen, pokeLong(JJ)V >"
java_type_ref("<Application,Ltoba/runtime/SystemClassLoader>")	"< Application, Ltoba/runtime/SystemClassLoader, registerNewClass(Ljava/lang/String;Ljava/lang/Class;)V >"
java_type_ref("<Application,Ltoba/jit/JITCodeGen>")	"< Application, Ltoba/jit/JITCodeGen, getFieldOffset(I)I >"
java_type_ref("<Application,Ltoba/classfile/ClassRef>")	"< Application, Ltoba/classfile/ClassRef, byName(Ljava/lang/String;)Ltoba/classfile/ClassRef; >"
java_type_ref("<Application,Ltoba/jit/JITCodeGen>")	"< Application, Ltoba/jit/JITCodeGen, pushFromMemory(Ltoba/jit/Register;C)V >"
java_type_ref("<Application,Ltoba/runtime/ClassRT>")	"< Application, Ltoba/runtime/ClassRT, <init>()V >"
java_type_ref("<Application,Ltoba/translator/ClassInstall>")	"< Application, Ltoba/translator/ClassInstall, mkdir(Ljava/lang/String;)V >"
java_type_ref("<Application,Ltoba/jit/Intel86>")	"< Application, Ltoba/jit/Intel86, setEStackTop(I)V >"
java_type_ref("<Application,Ltoba/jit/Intel86>")	"< Application, Ltoba/jit/Intel86, tossES(I)[B >"
java_type_ref("<Application,Ltoba/translator/CFile>")	"< Application, Ltoba/translator/CFile, strref(Ltoba/classfile/Constant;)I >"
java_type_ref("<Application,Ltoba/classfile/Instr>")	"< Application, Ltoba/classfile/Instr, toString()Ljava/lang/String; >"
java_type_ref("<Application,Ltoba/jit/Intel86>")	"< Application, Ltoba/jit/Intel86, makeModRM(ILjava/lang/Object;)[B >"
java_type_ref("<Application,Ltoba/jit/CodeBlock>")	"< Application, Ltoba/jit/CodeBlock, addByte(B)B >"
java_type_ref("<Application,Ltoba/classfile/Instr>")	"< Application, Ltoba/classfile/Instr, i4([BI)I >"
java_type_ref("<Application,Ltoba/Lister>")	"< Application, Ltoba/Lister, printname(Ljava/lang/String;)V >"
java_type_ref("<Application,Ltoba/translator/InsGen>")	"< Application, Ltoba/translator/InsGen, stackvar(Ltoba/classfile/Instr;I)Ljava/lang/String; >"
java_type_ref("<Application,Ltoba/jit/Intel86>")	"< Application, Ltoba/jit/Intel86, FISTP(Ljava/lang/Object;)[B >"
java_type_ref("<Application,Ltoba/jit/Intel86>")	"< Application, Ltoba/jit/Intel86, SBB(Ljava/lang/Object;Ljava/lang/Object;)[B >"
java_type_ref("<Application,Ltoba/jit/CodeBlock>")	"< Application, Ltoba/jit/CodeBlock, BV(Ljava/lang/String;)I >"
java_type_ref("<Application,Ltoba/jit/Register>")	"< Application, Ltoba/jit/Register, is8BitReg()Z >"
java_type_ref("<Application,Ltoba/translator/Repr>")	"< Application, Ltoba/translator/Repr, con(Ltoba/classfile/Method;Ltoba/classfile/Constant;)Ljava/lang/String; >"
java_type_ref("<Application,Ltoba/jit/Intel86>")	"< Application, Ltoba/jit/Intel86, encode(I)[B >"
java_type_ref("<Application,Ltoba/jit/Immediate>")	"< Application, Ltoba/jit/Immediate, setValue(I)Ltoba/jit/Immediate; >"
java_type_ref("<Application,Ltoba/jit/Immediate>")	"< Application, Ltoba/jit/Immediate, <init>(I)V >"
java_type_ref("<Application,Ltoba/translator/Repr>")	"< Application, Ltoba/translator/Repr, isQuotable(C)Z >"
java_type_ref("<Application,Ltoba/jit/JITCodeGen>")	"< Application, Ltoba/jit/JITCodeGen, EmitUnOp(Ltoba/classfile/Instr;)V >"
java_type_ref("<Application,Ltoba/translator/InsGen>")	"< Application, Ltoba/translator/InsGen, target(Ltoba/classfile/Method;I)I >"
java_type_ref("<Application,Ltoba/classfile/MethodCode>")	"< Application, Ltoba/classfile/MethodCode, getStubEntry()J >"
java_type_ref("<Application,Ltoba/classfile/ClassRef>")	"< Application, Ltoba/classfile/ClassRef, isResolved(Ljava/lang/ClassLoader;)Z >"
java_type_ref("<Application,Ltoba/classfile/ClassRef>")	"< Application, Ltoba/classfile/ClassRef, <init>(Ljava/lang/String;)V >"
java_type_ref("<Application,Ltoba/runtime/ClassRT>")	"< Application, Ltoba/runtime/ClassRT, getMethodAddr(Ljava/lang/Class;Ltoba/classfile/Field;)J >"
java_type_ref("<Application,Ltoba/jit/Intel86>")	"< Application, Ltoba/jit/Intel86, valSFlag(Ljava/lang/Object;)I >"
java_type_ref("<Application,Ltoba/jit/Intel86>")	"< Application, Ltoba/jit/Intel86, TEST(Ljava/lang/Object;Ljava/lang/Object;)[B >"
java_type_ref("<Application,Ltoba/jit/CodeBlock>")	"< Application, Ltoba/jit/CodeBlock, evalBrLOADCodeLbl(ILjava/lang/Object;)[B >"
java_type_ref("<Application,Ltoba/runtime/CodeGen>")	"< Application, Ltoba/runtime/CodeGen, baseSize()I >"
java_type_ref("<Application,Ltoba/classfile/ClassData>")	"< Application, Ltoba/classfile/ClassData, ivregister()V >"
java_type_ref("<Application,Ltoba/jit/JITCodeGen>")	"< Application, Ltoba/jit/JITCodeGen, <clinit>()V >"
java_type_ref("<Application,Ltoba/runtime/CodeGen>")	"< Application, Ltoba/runtime/CodeGen, interfaces(Ljava/lang/Class;)[J >"
java_type_ref("<Application,Ltoba/jit/Intel86>")	"< Application, Ltoba/jit/Intel86, makeByteArray(I)[B >"
java_type_ref("<Application,Ltoba/runtime/CodeGen>")	"< Application, Ltoba/runtime/CodeGen, pokeByte(JB)V >"
java_type_ref("<Application,Ltoba/jit/Intel86>")	"< Application, Ltoba/jit/Intel86, LpopES(Ljava/lang/Object;Ljava/lang/Object;)[B >"
java_type_ref("<Application,Ltoba/classfile/Method>")	"< Application, Ltoba/classfile/Method, markvar(CI)V >"
java_type_ref("<Application,Ltoba/runtime/CodeGen>")	"< Application, Ltoba/runtime/CodeGen, instanceOffsets(Ljava/lang/Class;)[I >"
java_type_ref("<Application,Ltoba/classfile/MethodCode>")	"< Application, Ltoba/classfile/MethodCode, setMethodEntry(J)J >"
java_type_ref("<Application,Ltoba/runtime/ClassRT>")	"< Application, Ltoba/runtime/ClassRT, getNativeClass(Ljava/lang/Class;)J >"
java_type_ref("<Application,Ltoba/translator/MethGen>")	"< Application, Ltoba/translator/MethGen, minfo(Ljava/io/PrintWriter;Ltoba/classfile/Method;)V >"
java_type_ref("<Application,Ltoba/jit/JITCodeGen>")	"< Application, Ltoba/jit/JITCodeGen, setCallArgs(I)I >"
java_type_ref("<Application,Ltoba/jit/Intel86>")	"< Application, Ltoba/jit/Intel86, AND(Ljava/lang/Object;Ljava/lang/Object;)[B >"
java_type_ref("<Application,Ltoba/jit/Intel86>")	"< Application, Ltoba/jit/Intel86, FLDCW(Ljava/lang/Object;)[B >"
java_type_ref("<Application,Ltoba/jit/CodeBlock>")	"< Application, Ltoba/jit/CodeBlock, getCodeBlock()[B >"
java_type_ref("<Application,Ltoba/jit/Intel86>")	"< Application, Ltoba/jit/Intel86, LEAVE()[B >"
java_type_ref("<Application,Ltoba/runtime/ClassRT>")	"< Application, Ltoba/runtime/ClassRT, setFinalizer(Ljava/lang/Class;J)V >"
java_type_ref("<Application,Ltoba/classfile/Method>")	"< Application, Ltoba/classfile/Method, target(I)I >"
java_type_ref("<Application,Ltoba/runtime/Resolve>")	"< Application, Ltoba/runtime/Resolve, resolveClassName(Ljava/lang/String;Ljava/lang/ClassLoader;)Ljava/lang/Class; >"
java_type_ref("<Application,Ltoba/jit/JITCodeGen>")	"< Application, Ltoba/jit/JITCodeGen, <init>()V >"
java_type_ref("<Application,Ltoba/classfile/VariableRef>")	"< Application, Ltoba/classfile/VariableRef, resolveWith(Ltoba/classfile/ClassData;)V >"
java_type_ref("<Application,Ltoba/classfile/Pair>")	"< Application, Ltoba/classfile/Pair, <init>()V >"
java_type_ref("<Application,Ltoba/classfile/Field>")	"< Application, Ltoba/classfile/Field, finishField()V >"
java_type_ref("<Application,Ltoba/jit/BackpatchInfo>")	"< Application, Ltoba/jit/BackpatchInfo, setNext(Ltoba/jit/BackpatchInfo;)Ltoba/jit/BackpatchInfo; >"
java_type_ref("<Application,Ltoba/classfile/Names>")	"< Application, Ltoba/classfile/Names, classref(Ljava/lang/String;)Ljava/lang/String; >"
java_type_ref("<Application,Ltoba/classfile/FieldRef>")	"< Application, Ltoba/classfile/FieldRef, resolveWith(Ltoba/classfile/ClassData;)V >"
java_type_ref("<Application,Ltoba/translator/ClassInstall>")	"< Application, Ltoba/translator/ClassInstall, <init>()V >"
java_type_ref("<Application,Ltoba/jit/JITCodeGen>")	"< Application, Ltoba/jit/JITCodeGen, genCallResolve(Ltoba/classfile/Method;)V >"
java_type_ref("<Application,Ltoba/translator/CFile>")	"< Application, Ltoba/translator/CFile, clname(Ljava/io/PrintWriter;Ltoba/classfile/ClassData;)V >"
java_type_ref("<Application,Ltoba/runtime/CodeGen>")	"< Application, Ltoba/runtime/CodeGen, pokeShort(JS)V >"
java_type_ref("<Application,Ltoba/classfile/ClassData>")	"< Application, Ltoba/classfile/ClassData, forStream(Ljava/lang/ClassLoader;Ljava/io/DataInputStream;Z)Ltoba/classfile/ClassData; >"
java_type_ref("<Application,Ltoba/jit/CodeBlock>")	"< Application, Ltoba/jit/CodeBlock, getCodeWord(I)I >"
java_type_ref("<Application,Ltoba/classfile/VariableRef>")	"< Application, Ltoba/classfile/VariableRef, findVariable(Ltoba/classfile/ClassData;)Ltoba/classfile/Field; >"
java_type_ref("<Application,Ltoba/runtime/CodeGen>")	"< Application, Ltoba/runtime/CodeGen, typeSpace(C)I >"
java_type_ref("<Application,Ltoba/jit/CodeBlock>")	"< Application, Ltoba/jit/CodeBlock, BV(Ljava/lang/String;I)I >"
java_type_ref("<Application,Ltoba/jit/Intel86>")	"< Application, Ltoba/jit/Intel86, CMP(Ljava/lang/Object;Ljava/lang/Object;)[B >"
java_type_ref("<Application,Ltoba/jit/JITCodeGen>")	"< Application, Ltoba/jit/JITCodeGen, LVOffs(I)Ltoba/jit/MemoryRef; >"
java_type_ref("<Application,Ltoba/translator/Trans>")	"< Application, Ltoba/translator/Trans, oopen(Ltoba/classfile/ClassData;Ljava/lang/String;I)Ljava/io/PrintWriter; >"
java_type_ref("<Application,Ltoba/jit/Intel86>")	"< Application, Ltoba/jit/Intel86, LpushES(Ljava/lang/Object;Ljava/lang/Object;)[B >"
java_type_ref("<Application,Ltoba/jit/Intel86>")	"< Application, Ltoba/jit/Intel86, Jcc(ILjava/lang/Object;)[B >"
java_type_ref("<Application,Ltoba/jit/Intel86>")	"< Application, Ltoba/jit/Intel86, peekEStackOffs(I)I >"
java_type_ref("<Application,Ltoba/runtime/ClassRT>")	"< Application, Ltoba/runtime/ClassRT, getMTEntFuncPtr(J)J >"
java_type_ref("<Application,Ltoba/translator/MethGen>")	"< Application, Ltoba/translator/MethGen, syncwrap(Ljava/io/PrintWriter;Ltoba/classfile/Method;)V >"
java_type_ref("<Application,Ltoba/translator/CFile>")	"< Application, Ltoba/translator/CFile, cltables(Ljava/io/PrintWriter;Ltoba/classfile/ClassData;)V >"
java_type_ref("<Application,Ltoba/jit/JITCodeGen>")	"< Application, Ltoba/jit/JITCodeGen, EmitBinOp(Ltoba/classfile/Instr;)V >"
java_type_ref("<Application,Ltoba/jit/MemoryRef>")	"< Application, Ltoba/jit/MemoryRef, getDisplacement()I >"
java_type_ref("<Application,Ltoba/jit/CodeBlock>")	"< Application, Ltoba/jit/CodeBlock, evalBrLOADCodeAbs(ILjava/lang/Object;)[B >"
java_type_ref("<Application,Ltoba/jit/CodeBlock>")	"< Application, Ltoba/jit/CodeBlock, storeByteArray([BI)[B >"
java_type_ref("<Application,Ltoba/jit/JITCodeGen>")	"< Application, Ltoba/jit/JITCodeGen, EmitIfCmp(Ltoba/classfile/Instr;Ltoba/classfile/Method;)V >"
java_type_ref("<Application,Ltoba/runtime/Supers>")	"< Application, Ltoba/runtime/Supers, resolveIfaceRefs(Ltoba/classfile/ClassData;Ljava/lang/ClassLoader;)V >"
java_type_ref("<Application,Ltoba/translator/Trans>")	"< Application, Ltoba/translator/Trans, options([Ljava/lang/String;)V >"
java_type_ref("<Application,Ltoba/classfile/MethodCode>")	"< Application, Ltoba/classfile/MethodCode, getEntryPoint()J >"
java_type_ref("<Application,Ltoba/jit/JIT>")	"< Application, Ltoba/jit/JIT, usage()V >"
java_type_ref("<Application,Ltoba/jit/JIT>")	"< Application, Ltoba/jit/JIT, <init>()V >"
java_type_ref("<Application,Ltoba/Lister>")	"< Application, Ltoba/Lister, main([Ljava/lang/String;)V >"
java_type_ref("<Application,Ltoba/jit/CodeBlock>")	"< Application, Ltoba/jit/CodeBlock, <init>(Ltoba/classfile/Method;I)V >"
java_type_ref("<Application,Ltoba/runtime/ClassRT>")	"< Application, Ltoba/runtime/ClassRT, setSuperclasses(Ljava/lang/Class;[J)V >"
java_type_ref("<Application,Ltoba/jit/CodeBlock>")	"< Application, Ltoba/jit/CodeBlock, overwriteInstalledCode([BI)V >"
java_type_ref("<Application,Ltoba/classfile/Instr>")	"< Application, Ltoba/classfile/Instr, argwords(Ljava/lang/String;)I >"
java_type_ref("<Application,Ltoba/jit/BackpatchInfo>")	"< Application, Ltoba/jit/BackpatchInfo, setInsSeqLen(I)V >"
java_type_ref("<Application,Ltoba/translator/Trans>")	"< Application, Ltoba/translator/Trans, <init>()V >"
java_type_ref("<Application,Ltoba/classfile/Opcode>")	"< Application, Ltoba/classfile/Opcode, <init>()V >"
java_type_ref("<Application,Ltoba/classfile/IHash>")	"< Application, Ltoba/classfile/IHash, hashlist(Ljava/lang/ClassLoader;Ltoba/classfile/ClassRef;)[I >"
java_type_ref("<Application,Ltoba/translator/MethGen>")	"< Application, Ltoba/translator/MethGen, <init>()V >"
java_type_ref("<Application,Ltoba/classfile/Opcode>")	"< Application, Ltoba/classfile/Opcode, lookupOpcode(I)Ltoba/classfile/Opcode; >"
java_type_ref("<Application,Ltoba/classfile/MethodCode>")	"< Application, Ltoba/classfile/MethodCode, getIsResolved()Z >"
java_type_ref("<Application,Ltoba/classfile/Instr>")	"< Application, Ltoba/classfile/Instr, dump(Ljava/io/PrintWriter;[Ltoba/classfile/Instr;)V >"
java_type_ref("<Application,Ltoba/classfile/Constant>")	"< Application, Ltoba/classfile/Constant, load(Ljava/io/DataInputStream;)[Ltoba/classfile/Constant; >"
java_type_ref("<Application,Ltoba/jit/Intel86>")	"< Application, Ltoba/jit/Intel86, JMPn(Ljava/lang/Object;)[B >"
java_type_ref("<Application,Ltoba/runtime/Supers>")	"< Application, Ltoba/runtime/Supers, load(Ltoba/classfile/ClassData;Ljava/lang/ClassLoader;)V >"
java_type_ref("<Application,Ltoba/runtime/CodeGen>")	"< Application, Ltoba/runtime/CodeGen, verifyRequirements()V >"
java_type_ref("<Application,Ltoba/classfile/InterfaceRef>")	"< Application, Ltoba/classfile/InterfaceRef, <init>(Ltoba/classfile/ClassRef;Ljava/lang/String;Ljava/lang/String;)V >"
java_type_ref("<Application,Ltoba/jit/Intel86>")	"< Application, Ltoba/jit/Intel86, <init>(Ltoba/classfile/Method;I)V >"
java_type_ref("<Application,Ltoba/translator/CFile>")	"< Application, Ltoba/translator/CFile, include(Ljava/io/PrintWriter;Ljava/lang/String;)V >"
java_type_ref("<Application,Ltoba/classfile/IHash>")	"< Application, Ltoba/classfile/IHash, impls(Ltoba/classfile/ClassData;)Ljava/util/Vector; >"
java_type_ref("<Application,Ltoba/jit/Intel86>")	"< Application, Ltoba/jit/Intel86, FTST()[B >"
java_type_ref("<Application,Ltoba/jit/MemoryRef>")	"< Application, Ltoba/jit/MemoryRef, getIndexReg()Ltoba/jit/Register; >"
java_type_ref("<Application,Ltoba/jit/CodeBlock>")	"< Application, Ltoba/jit/CodeBlock, reserveCode(ILtoba/classfile/Instr;Ljava/lang/Object;Ljava/lang/Object;)Ltoba/jit/BackpatchInfo; >"
java_type_ref("<Application,Ltoba/jit/Intel86>")	"< Application, Ltoba/jit/Intel86, popES(Ljava/lang/Object;)[B >"
java_type_ref("<Application,Ltoba/jit/CodeBlock>")	"< Application, Ltoba/jit/CodeBlock, getCodeClassLoader()Ljava/lang/ClassLoader; >"
java_type_ref("<Application,Ltoba/jit/Register>")	"< Application, Ltoba/jit/Register, toString()Ljava/lang/String; >"
java_type_ref("<Application,Ltoba/runtime/ClassRT>")	"< Application, Ltoba/runtime/ClassRT, setHashTable(Ljava/lang/Class;I[Ltoba/classfile/Field;[J)V >"
java_type_ref("<Application,Ltoba/runtime/CodeGen>")	"< Application, Ltoba/runtime/CodeGen, staticMethodAddrs(Ljava/lang/Class;[Ltoba/classfile/Field;)[J >"
java_type_ref("<Application,Ltoba/jit/Intel86>")	"< Application, Ltoba/jit/Intel86, ADC(Ljava/lang/Object;Ljava/lang/Object;)[B >"
java_type_ref("<Application,Ltoba/jit/Intel86>")	"< Application, Ltoba/jit/Intel86, makeByteArray(Ltoba/jit/Immediate;)[B >"
java_type_ref("<Application,Ltoba/jit/JITCodeGen>")	"< Application, Ltoba/jit/JITCodeGen, generateCode(Ljava/lang/Class;Ltoba/classfile/Method;)Ltoba/classfile/MethodCode; >"
java_type_ref("<Application,Ltoba/jit/Intel86>")	"< Application, Ltoba/jit/Intel86, SAR(Ljava/lang/Object;Ljava/lang/Object;)[B >"
java_type_ref("<Application,Ltoba/runtime/SystemClassLoader>")	"< Application, Ltoba/runtime/SystemClassLoader, findNativeClass(Ljava/lang/String;)Ljava/lang/Class; >"
java_type_ref("<Application,Ltoba/jit/Intel86>")	"< Application, Ltoba/jit/Intel86, FADDP(Ljava/lang/Object;)[B >"
java_type_ref("<Application,Ltoba/jit/Intel86>")	"< Application, Ltoba/jit/Intel86, DpushES()[B >"
java_type_ref("<Application,Ltoba/classfile/IHash>")	"< Application, Ltoba/classfile/IHash, mark(Ljava/lang/ClassLoader;Ltoba/classfile/ClassData;)V >"
java_type_ref("<Application,Ltoba/jit/Immediate>")	"< Application, Ltoba/jit/Immediate, toString()Ljava/lang/String; >"
java_type_ref("<Application,Ltoba/runtime/CodeGen>")	"< Application, Ltoba/runtime/CodeGen, referencedClasses(Ljava/lang/Class;Ljava/lang/ClassLoader;)[J >"
java_type_ref("<Application,Ltoba/jit/Intel86>")	"< Application, Ltoba/jit/Intel86, makeModRM(Ljava/lang/Object;Ljava/lang/Object;)[B >"
java_type_ref("<Application,Ltoba/classfile/MethodCode>")	"< Application, Ltoba/classfile/MethodCode, <init>(Ltoba/classfile/Method;)V >"
java_type_ref("<Application,Ltoba/runtime/CodeGen>")	"< Application, Ltoba/runtime/CodeGen, internStrings(Ljava/lang/Class;)[Ljava/lang/String; >"
java_type_ref("<Application,Ltoba/classfile/ClassFile>")	"< Application, Ltoba/classfile/ClassFile, findInPath(Ljava/lang/String;Ljava/lang/String;Ljava/lang/String;)Ltoba/classfile/ClassFile; >"
java_type_ref("<Application,Ltoba/classfile/ClassRef>")	"< Application, Ltoba/classfile/ClassRef, findRefdClass(Ljava/lang/ClassLoader;)Ljava/lang/Class; >"
java_type_ref("<Application,Ltoba/jit/Intel86>")	"< Application, Ltoba/jit/Intel86, RET()[B >"
java_type_ref("<Application,Ltoba/classfile/ClassFile>")	"< Application, Ltoba/classfile/ClassFile, <init>(Ljava/io/File;)V >"
java_type_ref("<Application,Ltoba/classfile/Names>")	"< Application, Ltoba/classfile/Names, toba_getSRAS(Ljava/lang/String;)Ljava/io/InputStream; >"
java_type_ref("<Application,Ltoba/translator/CFile>")	"< Application, Ltoba/translator/CFile, write(Ljava/io/PrintWriter;Ltoba/classfile/ClassData;)V >"
java_type_ref("<Application,Ltoba/jit/Intel86>")	"< Application, Ltoba/jit/Intel86, RELATIVE_JUMP(I)[B >"
java_type_ref("<Application,Ltoba/classfile/MethodRef>")	"< Application, Ltoba/classfile/MethodRef, <init>(Ltoba/classfile/ClassRef;Ljava/lang/String;Ljava/lang/String;)V >"
java_type_ref("<Application,Ltoba/jit/Immediate>")	"< Application, Ltoba/jit/Immediate, getImmSize()I >"
java_type_ref("<Application,Ltoba/jit/Intel86>")	"< Application, Ltoba/jit/Intel86, FCHS()[B >"
java_type_ref("<Application,Ltoba/runtime/ClassRT>")	"< Application, Ltoba/runtime/ClassRT, initClass(Ljava/lang/Class;)V >"
java_type_ref("<Application,Ltoba/runtime/ClassRT>")	"< Application, Ltoba/runtime/ClassRT, getInstanceVarOffset(Ljava/lang/Class;I)I >"
java_type_ref("<Application,Ltoba/translator/CFile>")	"< Application, Ltoba/translator/CFile, strdump(Ljava/io/PrintWriter;Ltoba/classfile/ClassData;)V >"
java_type_ref("<Application,Ltoba/translator/CFile>")	"< Application, Ltoba/translator/CFile, inters(Ljava/io/PrintWriter;Ltoba/classfile/ClassData;)V >"
java_type_ref("<Application,Ltoba/jit/JITCodeGen>")	"< Application, Ltoba/jit/JITCodeGen, emitClassInit(Ltoba/classfile/Instr;Ljava/lang/Object;)V >"
java_type_ref("<Application,Ltoba/classfile/Names>")	"< Application, Ltoba/classfile/Names, hashclass(Ljava/lang/String;)Ljava/lang/String; >"
java_type_ref("<Application,Ltoba/translator/CFile>")	"< Application, Ltoba/translator/CFile, emitNamesSigs(Ljava/io/PrintWriter;Ljava/lang/String;[Ltoba/classfile/Field;)V >"
java_type_ref("<Application,Ltoba/jit/Immediate>")	"< Application, Ltoba/jit/Immediate, setBestImmSize()Ltoba/jit/Immediate; >"
java_type_ref("<Application,Ltoba/jit/JITCodeGen>")	"< Application, Ltoba/jit/JITCodeGen, SummarizeInstrumentation()V >"
java_type_ref("<Application,Ltoba/jit/BackpatchInfo>")	"< Application, Ltoba/jit/BackpatchInfo, <init>(ILtoba/classfile/Instr;Ljava/lang/Object;ILjava/lang/Object;)V >"
java_type_ref("<Application,Ltoba/classfile/ClassData>")	"< Application, Ltoba/classfile/ClassData, getByNameLoader(Ljava/lang/String;Ljava/lang/ClassLoader;)Ltoba/classfile/ClassData; >"
java_type_ref("<Application,Ltoba/classfile/Method>")	"< Application, Ltoba/classfile/Method, sigscan()V >"
java_type_ref("<Application,Ltoba/jit/Intel86>")	"< Application, Ltoba/jit/Intel86, PrefixOPSIZE()[B >"
java_type_ref("<Application,Ltoba/classfile/Method>")	"< Application, Ltoba/classfile/Method, setMethodCode(Ltoba/classfile/MethodCode;)Ltoba/classfile/MethodCode; >"
java_type_ref("<Application,Ltoba/classfile/Opcode>")	"< Application, Ltoba/classfile/Opcode, op(IIIILjava/lang/String;Ljava/lang/String;Ljava/lang/String;I)V >"
java_type_ref("<Application,Ltoba/jit/JITCodeGen>")	"< Application, Ltoba/jit/JITCodeGen, EmitSyncWrapper(Ltoba/classfile/Method;)V >"
java_type_ref("<Application,Ltoba/jit/Intel86>")	"< Application, Ltoba/jit/Intel86, PUSH(Ljava/lang/Object;)[B >"
java_type_ref("<Application,Ltoba/translator/CFile>")	"< Application, Ltoba/translator/CFile, methodsigs(Ljava/io/PrintWriter;Ltoba/classfile/ClassData;)V >"
java_type_ref("<Application,Ltoba/jit/Intel86>")	"< Application, Ltoba/jit/Intel86, IDIV(Ljava/lang/Object;)[B >"
java_type_ref("<Application,Ltoba/jit/CodeBlock>")	"< Application, Ltoba/jit/CodeBlock, getCodeByte(I)I >"
java_type_ref("<Application,Ltoba/jit/CodeBlock>")	"< Application, Ltoba/jit/CodeBlock, setBVlength(I)I >"
java_type_ref("<Application,Ltoba/jit/JITCodeGen>")	"< Application, Ltoba/jit/JITCodeGen, getOverheadSize()[I >"
java_type_ref("<Application,Ltoba/classfile/IHash>")	"< Application, Ltoba/classfile/IHash, <init>(Ltoba/classfile/ClassData;)V >"
java_type_ref("<Application,Ltoba/classfile/ClassData>")	"< Application, Ltoba/classfile/ClassData, <init>(Ljava/lang/Class;)V >"
java_type_ref("<Application,Ltoba/classfile/MethodCode>")	"< Application, Ltoba/classfile/MethodCode, getMethodEntry()J >"
java_type_ref("<Application,Ltoba/jit/Intel86>")	"< Application, Ltoba/jit/Intel86, encode([B[B[B)[B >"
java_type_ref("<Application,Ltoba/translator/CFile>")	"< Application, Ltoba/translator/CFile, hashprint(Ljava/io/PrintWriter;Ljava/lang/String;)V >"
java_type_ref("<Application,Ltoba/classfile/Instr>")	"< Application, Ltoba/classfile/Instr, nextStack()Ljava/lang/String; >"
java_type_ref("<Application,Ltoba/runtime/ClassRT>")	"< Application, Ltoba/runtime/ClassRT, getArrayClass(Ljava/lang/Class;)Ljava/lang/Class; >"
java_type_ref("<Application,Ltoba/classfile/ClassData>")	"< Application, Ltoba/classfile/ClassData, addSymFields([Ltoba/classfile/Field;)V >"
java_type_ref("<Application,Ltoba/runtime/CodeGen>")	"< Application, Ltoba/runtime/CodeGen, buildNativeClass(Ltoba/classfile/ClassData;Ljava/lang/ClassLoader;)Ljava/lang/Class; >"
java_type_ref("<Application,Ltoba/classfile/IHash>")	"< Application, Ltoba/classfile/IHash, collisions(Ljava/util/Vector;I)I >"
java_type_ref("<Application,Ltoba/translator/CFile>")	"< Application, Ltoba/translator/CFile, others(Ljava/io/PrintWriter;Ltoba/classfile/ClassData;)V >"
java_type_ref("<Application,Ltoba/jit/Intel86>")	"< Application, Ltoba/jit/Intel86, PatchNearJump(II)V >"
java_type_ref("<Application,Ltoba/jit/CodeBlock>")	"< Application, Ltoba/jit/CodeBlock, addByteArray([B)[B >"
java_type_ref("<Application,Ltoba/jit/Intel86>")	"< Application, Ltoba/jit/Intel86, Jccn(ILjava/lang/Object;)[B >"
java_type_ref("<Application,Ltoba/jit/Intel86>")	"< Application, Ltoba/jit/Intel86, XOR(Ljava/lang/Object;Ljava/lang/Object;)[B >"
java_type_ref("<Application,Ltoba/classfile/Constant>")	"< Application, Ltoba/classfile/Constant, <init>()V >"
java_type_ref("<Application,Ltoba/classfile/ClassRef>")	"< Application, Ltoba/classfile/ClassRef, toString()Ljava/lang/String; >"
java_type_ref("<Application,Ltoba/classfile/ClassFile>")	"< Application, Ltoba/classfile/ClassFile, find(Ljava/lang/String;)Ltoba/classfile/ClassFile; >"
java_type_ref("<Application,Ltoba/jit/CodeBlock>")	"< Application, Ltoba/jit/CodeBlock, evalBrJUMP(I)[B >"
java_type_ref("<Application,Ltoba/jit/Intel86>")	"< Application, Ltoba/jit/Intel86, CBW()[B >"
java_type_ref("<Application,Ltoba/translator/Trans>")	"< Application, Ltoba/translator/Trans, genmain(Ltoba/classfile/ClassData;)V >"
java_type_ref("<Application,Ltoba/runtime/SystemClassLoader>")	"< Application, Ltoba/runtime/SystemClassLoader, invokeLoader(Ljava/lang/ClassLoader;Ljava/lang/String;Z)Ljava/lang/Class; >"
java_type_ref("<Application,Ltoba/jit/Intel86>")	"< Application, Ltoba/jit/Intel86, ADD(Ljava/lang/Object;Ljava/lang/Object;)[B >"
java_type_ref("<Application,Ltoba/jit/CodeBlock>")	"< Application, Ltoba/jit/CodeBlock, setAllNativeCode(Z)V >"
java_type_ref("<Application,Ltoba/jit/Intel86>")	"< Application, Ltoba/jit/Intel86, makeByteArray(II)[B >"
java_type_ref("<Application,Ltoba/runtime/ClassRT>")	"< Application, Ltoba/runtime/ClassRT, setName(Ljava/lang/Class;Ljava/lang/String;)V >"
java_type_ref("<Application,Ltoba/jit/CodeBlock>")	"< Application, Ltoba/jit/CodeBlock, RELATIVE_CALL(I)[B >"
java_type_ref("<Application,Ltoba/jit/Immediate>")	"< Application, Ltoba/jit/Immediate, setImmSize(I)Ltoba/jit/Immediate; >"
java_type_ref("<Application,Ltoba/classfile/ClassData>")	"< Application, Ltoba/classfile/ClassData, <clinit>()V >"
java_type_ref("<Application,Ltoba/jit/Immediate>")	"< Application, Ltoba/jit/Immediate, setSignExtend(Z)Ltoba/jit/Immediate; >"
java_type_ref("<Application,Ltoba/runtime/ClassRT>")	"< Application, Ltoba/runtime/ClassRT, setInstanceSize(Ljava/lang/Class;I)V >"
java_type_ref("<Application,Ltoba/runtime/ClassRT>")	"< Application, Ltoba/runtime/ClassRT, setClassLoader(Ljava/lang/Class;Ljava/lang/ClassLoader;)V >"
java_type_ref("<Application,Ltoba/jit/Intel86>")	"< Application, Ltoba/jit/Intel86, FNSTSW()[B >"
java_type_ref("<Application,Ltoba/translator/CFile>")	"< Application, Ltoba/translator/CFile, <init>()V >"
java_type_ref("<Application,Ltoba/classfile/Instr>")	"< Application, Ltoba/classfile/Instr, i2([BI)I >"
java_type_ref("<Application,Ltoba/jit/MemoryRef>")	"< Application, Ltoba/jit/MemoryRef, swapIndexBaseRegs()Ltoba/jit/MemoryRef; >"
java_type_ref("<Application,Ltoba/translator/InsGen>")	"< Application, Ltoba/translator/InsGen, invoke(Ljava/io/PrintWriter;Ltoba/classfile/Instr;Ltoba/classfile/MethodRef;Ljava/lang/String;)V >"
java_type_ref("<Application,Ltoba/jit/Intel86>")	"< Application, Ltoba/jit/Intel86, CALL(Ljava/lang/Object;)[B >"
java_type_ref("<Application,Ltoba/jit/Intel86>")	"< Application, Ltoba/jit/Intel86, SHL(Ljava/lang/Object;Ljava/lang/Object;)[B >"
java_type_ref("<Application,Ltoba/runtime/SystemClassLoader>")	"< Application, Ltoba/runtime/SystemClassLoader, <init>()V >"
java_type_ref("<Application,Ltoba/runtime/CodeGen>")	"< Application, Ltoba/runtime/CodeGen, defineClass(Ljava/lang/ClassLoader;[BII)Ljava/lang/Class; >"
java_type_ref("<Application,Ltoba/translator/InsGen>")	"< Application, Ltoba/translator/InsGen, ckinstance(Ltoba/classfile/Instr;Ljava/lang/String;)Ljava/lang/String; >"
java_type_ref("<Application,Ltoba/jit/CodeBlock>")	"< Application, Ltoba/jit/CodeBlock, <init>(Ltoba/classfile/Method;)V >"
java_type_ref("<Application,Ltoba/jit/JITCodeGen>")	"< Application, Ltoba/jit/JITCodeGen, checkBackJump(Ltoba/classfile/Instr;II)V >"
java_type_ref("<Application,Ltoba/jit/JITCodeGen>")	"< Application, Ltoba/jit/JITCodeGen, emitEltOffsetCode(ILtoba/classfile/Instr;)V >"
java_type_ref("<Application,Ltoba/jit/CodeBlock>")	"< Application, Ltoba/jit/CodeBlock, evalBrFIELDLOAD(ILjava/lang/Object;)[B >"
java_type_ref("<Application,Ltoba/jit/Immediate>")	"< Application, Ltoba/jit/Immediate, valFitsByte(IZ)Z >"
java_type_ref("<Application,Ltoba/jit/JITCodeGen>")	"< Application, Ltoba/jit/JITCodeGen, emitBackJumpCall(Ltoba/classfile/Instr;)V >"
java_type_ref("<Application,Ltoba/classfile/Constant>")	"< Application, Ltoba/classfile/Constant, toString()Ljava/lang/String; >"
java_type_ref("<Application,Ltoba/jit/Intel86>")	"< Application, Ltoba/jit/Intel86, valWFlag(Ljava/lang/Object;Ljava/lang/Object;)I >"
java_type_ref("<Application,Ltoba/jit/Intel86>")	"< Application, Ltoba/jit/Intel86, INC(Ljava/lang/Object;)[B >"
java_type_ref("<Application,Ltoba/classfile/Field>")	"< Application, Ltoba/classfile/Field, toString()Ljava/lang/String; >"
java_type_ref("<Application,Ltoba/jit/CodeBlock>")	"< Application, Ltoba/jit/CodeBlock, setJumpFromNextInstr(Z)Z >"
java_type_ref("<Application,Ltoba/runtime/CodeGen>")	"< Application, Ltoba/runtime/CodeGen, classVariableAlignment([Ltoba/classfile/Field;)I >"
java_type_ref("<Application,Ltoba/jit/Intel86>")	"< Application, Ltoba/jit/Intel86, <clinit>()V >"
java_type_ref("<Application,Ltoba/jit/JITCodeGen>")	"< Application, Ltoba/jit/JITCodeGen, EmitRetvalStore(Ltoba/classfile/FieldRef;)V >"
java_type_ref("<Application,Ltoba/jit/Intel86>")	"< Application, Ltoba/jit/Intel86, FLD(Ljava/lang/Object;)[B >"
java_type_ref("<Application,Ltoba/jit/CodeBlock>")	"< Application, Ltoba/jit/CodeBlock, allocNativeBlock(I)J >"
java_type_ref("<Application,Ltoba/jit/Register>")	"< Application, Ltoba/jit/Register, <init>(IZ)V >"
java_type_ref("<Application,Ltoba/Lister>")	"< Application, Ltoba/Lister, abort(Ljava/lang/String;)V >"
java_type_ref("<Application,Ltoba/jit/CodeBlock>")	"< Application, Ltoba/jit/CodeBlock, NOP()[B >"
java_type_ref("<Application,Ltoba/translator/MethGen>")	"< Application, Ltoba/translator/MethGen, parmdecls(Ltoba/classfile/Method;)Ljava/lang/String; >"
java_type_ref("<Application,Ltoba/classfile/ClassData>")	"< Application, Ltoba/classfile/ClassData, forName(Ljava/lang/String;)Ltoba/classfile/ClassData; >"
java_type_ref("<Application,Ltoba/classfile/Names>")	"< Application, Ltoba/classfile/Names, <clinit>()V >"
java_type_ref("<Application,Ltoba/runtime/ClassRT>")	"< Application, Ltoba/runtime/ClassRT, setReferencedClasses(Ljava/lang/Class;[J)V >"
java_type_ref("<Application,Ltoba/jit/Intel86>")	"< Application, Ltoba/jit/Intel86, NEG(Ljava/lang/Object;)[B >"
java_type_ref("<Application,Ltoba/jit/JIT>")	"< Application, Ltoba/jit/JIT, startMain(J[Ljava/lang/String;)V >"
java_type_ref("<Application,Ltoba/translator/Trans>")	"< Application, Ltoba/translator/Trans, abort(Ljava/lang/String;)V >"
java_type_ref("<Application,Ltoba/classfile/ClassData>")	"< Application, Ltoba/classfile/ClassData, <init>(Ljava/io/DataInputStream;)V >"
java_type_ref("<Application,Ltoba/translator/InsGen>")	"< Application, Ltoba/translator/InsGen, argindex(Ltoba/classfile/Instr;Ljava/lang/String;)I >"
java_type_ref("<Application,Ltoba/translator/MethGen>")	"< Application, Ltoba/translator/MethGen, mgen(Ljava/io/PrintWriter;Ltoba/classfile/Method;)V >"
java_type_ref("<Application,Ltoba/translator/CFile>")	"< Application, Ltoba/translator/CFile, hashgen(Ljava/io/PrintWriter;Ltoba/classfile/ClassData;)V >"
java_type_ref("<Application,Ltoba/translator/CFile>")	"< Application, Ltoba/translator/CFile, supers(Ljava/io/PrintWriter;Ltoba/classfile/ClassData;)V >"
java_type_ref("<Application,Ltoba/classfile/FieldRef>")	"< Application, Ltoba/classfile/FieldRef, <init>(Ltoba/classfile/ClassRef;Ljava/lang/String;Ljava/lang/String;)V >"
java_type_ref("<Application,Ltoba/runtime/ClassRT>")	"< Application, Ltoba/runtime/ClassRT, setConstructor(Ljava/lang/Class;J)V >"
java_type_ref("<Application,Ltoba/translator/Repr>")	"< Application, Ltoba/translator/Repr, rettype(Ljava/lang/String;)Ljava/lang/String; >"
java_type_ref("<Application,Ltoba/classfile/Names>")	"< Application, Ltoba/classfile/Names, reserved(Ljava/lang/String;)Z >"
java_type_ref("<Application,Ltoba/classfile/ClassRef>")	"< Application, Ltoba/classfile/ClassRef, RegisterClassRef(Ltoba/classfile/ClassRef;)V >"
java_type_ref("<Application,Ltoba/translator/HFile>")	"< Application, Ltoba/translator/HFile, argtypes(Ltoba/classfile/Field;)Ljava/lang/String; >"
java_type_ref("<Application,Ltoba/jit/CodeBlock>")	"< Application, Ltoba/jit/CodeBlock, getEpilogOffs()I >"
java_type_ref("<Application,Ltoba/classfile/ClassData>")	"< Application, Ltoba/classfile/ClassData, buildMethodTables(Z)V >"
java_type_ref("<Application,Ltoba/jit/Intel86>")	"< Application, Ltoba/jit/Intel86, OR(Ljava/lang/Object;Ljava/lang/Object;)[B >"
java_type_ref("<Application,Ltoba/runtime/CodeGen>")	"< Application, Ltoba/runtime/CodeGen, generateCode(Ljava/lang/Class;Ltoba/classfile/Method;)Ltoba/classfile/MethodCode; >"
java_type_ref("<Application,Ltoba/jit/JITCodeGen>")	"< Application, Ltoba/jit/JITCodeGen, setCallArgs(Ljava/lang/String;)I >"
java_type_ref("<Application,Ltoba/translator/Repr>")	"< Application, Ltoba/translator/Repr, <init>()V >"
java_type_ref("<Application,Ltoba/jit/MemoryRef>")	"< Application, Ltoba/jit/MemoryRef, getBaseReg()Ltoba/jit/Register; >"
java_type_ref("<Application,Ltoba/Lister>")	"< Application, Ltoba/Lister, listSystemClasses()V >"
java_type_ref("<Application,Ltoba/translator/Trans>")	"< Application, Ltoba/translator/Trans, main([Ljava/lang/String;)V >"
java_type_ref("<Application,Ltoba/jit/Intel86>")	"< Application, Ltoba/jit/Intel86, TestIntel86([Ljava/lang/String;)V >"
java_type_ref("<Application,Ltoba/jit/Intel86>")	"< Application, Ltoba/jit/Intel86, DpopES()[B >"
java_type_ref("<Application,Ltoba/jit/Register>")	"< Application, Ltoba/jit/Register, isAReg()Z >"
java_type_ref("<Application,Ltoba/jit/CodeBlock>")	"< Application, Ltoba/jit/CodeBlock, evalBrLOADCodeRel(ILjava/lang/Object;)[B >"
java_type_ref("<Application,Ltoba/translator/InsGen>")	"< Application, Ltoba/translator/InsGen, igen(Ljava/io/PrintWriter;Ltoba/classfile/Method;Ltoba/classfile/Instr;)V >"
java_type_ref("<Application,Ltoba/classfile/Method>")	"< Application, Ltoba/classfile/Method, <init>(Ltoba/classfile/ClassData;Ltoba/classfile/Field;)V >"
java_type_ref("<Application,Ltoba/jit/JITCodeGen>")	"< Application, Ltoba/jit/JITCodeGen, loadClassPointer(Ltoba/classfile/Instr;Ltoba/classfile/ClassRef;ILtoba/jit/Register;)V >"
java_type_ref("<Application,Ltoba/classfile/ClassData>")	"< Application, Ltoba/classfile/ClassData, arrayString([Ljava/lang/Object;)Ljava/lang/String; >"
java_type_ref("<Application,Ltoba/Lister>")	"< Application, Ltoba/Lister, recursivelist(Ljava/lang/String;Ljava/lang/String;)V >"
java_type_ref("<Application,Ltoba/jit/CodeBlock>")	"< Application, Ltoba/jit/CodeBlock, evalBrCLREFLOAD(ILjava/lang/Object;)[B >"
java_type_ref("<Application,Ltoba/runtime/CodeGen>")	"< Application, Ltoba/runtime/CodeGen, instanceMethodAddrs(Ljava/lang/Class;[Ltoba/classfile/Field;I)[J >"
java_type_ref("<Application,Ltoba/runtime/CodeGen>")	"< Application, Ltoba/runtime/CodeGen, setSpecialMethods(Ljava/lang/Class;)V >"
java_type_ref("<Application,Ltoba/jit/MemoryRef>")	"< Application, Ltoba/jit/MemoryRef, <init>(Ltoba/jit/Register;)V >"
java_type_ref("<Application,Ltoba/jit/Intel86>")	"< Application, Ltoba/jit/Intel86, IMUL(Ljava/lang/Object;)[B >"
java_type_ref("<Application,Ltoba/runtime/CodeGen>")	"< Application, Ltoba/runtime/CodeGen, getNativeObjectAddr(Ljava/lang/Object;)J >"
java_type_ref("<Application,Ltoba/classfile/ClassData>")	"< Application, Ltoba/classfile/ClassData, addByNameLoader(Ljava/lang/String;Ljava/lang/ClassLoader;Ltoba/classfile/ClassData;)V >"
java_type_ref("<Application,Ltoba/jit/JIT>")	"< Application, Ltoba/jit/JIT, main([Ljava/lang/String;)V >"
java_type_ref("<Application,Ltoba/jit/CodeBlock>")	"< Application, Ltoba/jit/CodeBlock, reserveCode(ILtoba/classfile/Instr;Ljava/lang/Object;J)Ltoba/jit/BackpatchInfo; >"
java_type_ref("<Application,Ltoba/runtime/Supers>")	"< Application, Ltoba/runtime/Supers, <init>()V >"
java_type_ref("<Application,Ltoba/jit/Intel86>")	"< Application, Ltoba/jit/Intel86, emitByteArray([B)V >"
java_type_ref("<Application,Ltoba/translator/InsGen>")	"< Application, Ltoba/translator/InsGen, stackAt(Ltoba/classfile/Instr;I)Ljava/lang/String; >"
java_type_ref("<Application,Ltoba/classfile/Method>")	"< Application, Ltoba/classfile/Method, mark(ILjava/lang/String;I)V >"
java_type_ref("<Application,Ltoba/runtime/CodeGen>")	"< Application, Ltoba/runtime/CodeGen, instanceSize([Ltoba/classfile/Field;[I)I >"
java_type_ref("<Application,Ltoba/classfile/Names>")	"< Application, Ltoba/classfile/Names, baseclass(Ljava/lang/String;)Ljava/lang/String; >"
java_type_ref("<Application,Ltoba/jit/Intel86>")	"< Application, Ltoba/jit/Intel86, pushES(Ljava/lang/Object;)[B >"
java_type_ref("<Application,Ltoba/jit/JITCodeGen>")	"< Application, Ltoba/jit/JITCodeGen, getNPprimclass(II)J >"
java_type_ref("<Application,Ltoba/jit/CodeBlock>")	"< Application, Ltoba/jit/CodeBlock, dumpHex()V >"
java_type_ref("<Application,Ltoba/jit/CodeBlock>")	"< Application, Ltoba/jit/CodeBlock, setCheckWordAlign(Z)Z >"
java_type_ref("<Application,Ltoba/jit/CodeBlock>")	"< Application, Ltoba/jit/CodeBlock, setLittleEndian(Z)Z >"
java_type_ref("<Application,Ltoba/runtime/CodeGen>")	"< Application, Ltoba/runtime/CodeGen, getNativeSymbolAddress(Ljava/lang/String;)J >"
java_type_ref("<Application,Ltoba/translator/InsGen>")	"< Application, Ltoba/translator/InsGen, gengoto(Ljava/io/PrintWriter;Ltoba/classfile/Method;Ltoba/classfile/Instr;I)V >"
java_type_ref("<Application,Ltoba/jit/CodeBlock>")	"< Application, Ltoba/jit/CodeBlock, storeWord(II)I >"
java_type_ref("<Application,Ltoba/classfile/Attribute>")	"< Application, Ltoba/classfile/Attribute, <init>(Ljava/io/DataInputStream;[Ltoba/classfile/Constant;)V >"
java_type_ref("<Application,Ltoba/runtime/ClassRT>")	"< Application, Ltoba/runtime/ClassRT, getClassData(Ljava/lang/Class;)Ltoba/classfile/ClassData; >"
java_type_ref("<Application,Ltoba/classfile/ClassFile>")	"< Application, Ltoba/classfile/ClassFile, <init>(Ljava/lang/String;)V >"
java_type_ref("<Application,Ltoba/jit/Intel86>")	"< Application, Ltoba/jit/Intel86, <init>(Ltoba/classfile/Method;)V >"
java_type_ref("<Application,Ltoba/jit/Register>")	"< Application, Ltoba/jit/Register, <clinit>()V >"
java_type_ref("<Application,Ltoba/translator/InsGen>")	"< Application, Ltoba/translator/InsGen, assign(Ltoba/classfile/Instr;)Ljava/lang/String; >"
java_type_ref("<Application,Ltoba/jit/JITCodeGen>")	"< Application, Ltoba/jit/JITCodeGen, Epilogue(Ltoba/classfile/Method;)V >"
java_type_ref("<Application,Ltoba/classfile/Instr>")	"< Application, Ltoba/classfile/Instr, i1([BI)I >"
java_type_ref("<Application,Ltoba/jit/CodeBlock>")	"< Application, Ltoba/jit/CodeBlock, setCodeClassLoader(Ljava/lang/ClassLoader;)V >"
java_type_ref("<Application,Ltoba/runtime/CodeGen>")	"< Application, Ltoba/runtime/CodeGen, defineClass(Ljava/lang/ClassLoader;Ljava/io/DataInputStream;)Ljava/lang/Class; >"
java_type_ref("<Application,Ltoba/jit/CodeBlock>")	"< Application, Ltoba/jit/CodeBlock, backpatchCode()V >"
java_type_ref("<Application,Ltoba/classfile/InterfaceRef>")	"< Application, Ltoba/classfile/InterfaceRef, findInterface(Ltoba/classfile/ClassData;)Ltoba/classfile/Field; >"
java_type_ref("<Application,Ltoba/jit/JITCodeGen>")	"< Application, Ltoba/jit/JITCodeGen, Initialize()V >"
java_type_ref("<Application,Ltoba/translator/MethGen>")	"< Application, Ltoba/translator/MethGen, lvinits(Ljava/io/PrintWriter;Ltoba/classfile/Method;)V >"
java_type_ref("<Application,Ltoba/classfile/ClassFile>")	"< Application, Ltoba/classfile/ClassFile, open(Ljava/lang/String;Ljava/lang/String;)Ltoba/classfile/ClassFile; >"
java_type_ref("<Application,Ltoba/translator/HFile>")	"< Application, Ltoba/translator/HFile, write(Ljava/io/PrintWriter;Ltoba/classfile/ClassData;)V >"
