"< Application, Ltoba/classfile/Instr, nextStack()Ljava/lang/String; >"	"bb153"
"< Application, Ltoba/classfile/Instr, regtype(Ljava/lang/String;)C >"	"bb13"
"< Application, Ltoba/translator/Repr, <init>()V >"	"bb3"
"< Application, Ltoba/jit/Intel86, SAR(Ljava/lang/Object;Ljava/lang/Object;)[B >"	"bb32"
"< Application, Ltoba/jit/Immediate, <init>(I)V >"	"bb3"
"< Application, Ltoba/runtime/CodeGen, classVariableOffsets([Ltoba/classfile/Field;)[I >"	"bb19"
"< Application, Ltoba/jit/Intel86, makeModRM(Ljava/lang/Object;Ljava/lang/Object;)[B >"	"bb170"
"< Application, Ltoba/jit/Immediate, <init>(IZ)V >"	"bb7"
"< Application, Ltoba/jit/MemoryRef, setRefSize(I)Ltoba/jit/MemoryRef; >"	"bb14"
"< Application, Ltoba/classfile/Field, isInArray([Ltoba/classfile/Field;)Z >"	"bb9"
"< Application, Ltoba/runtime/CodeGen, <init>()V >"	"bb3"
"< Application, Ltoba/jit/JITCodeGen, EmitCkInstance(Ltoba/classfile/Instr;Ltoba/classfile/ClassRef;)V >"	"bb145"
"< Application, Ltoba/jit/JITCodeGen, EmitBinOp(Ltoba/classfile/Instr;)V >"	"bb218"
"< Application, Ltoba/classfile/MethodCode, getStubEntry()J >"	"bb3"
"< Application, Ltoba/runtime/CodeGen, staticMethodAddrs(Ljava/lang/Class;[Ltoba/classfile/Field;)[J >"	"bb23"
"< Application, Ltoba/jit/CodeBlock, evalBrLOADNatCl(ILjava/lang/Object;)[B >"	"bb3"
"< Application, Ltoba/classfile/ClassFile, findInPath(Ljava/lang/String;Ljava/lang/String;Ljava/lang/String;)Ltoba/classfile/ClassFile; >"	"bb40"
"< Application, Ltoba/translator/Repr, simplefloat(D)Z >"	"bb18"
"< Application, Ltoba/translator/CFile, write(Ljava/io/PrintWriter;Ltoba/classfile/ClassData;)V >"	"bb125"
"< Application, Ltoba/jit/Intel86, FNSTSW()[B >"	"bb3"
"< Application, Ltoba/jit/Intel86, FADDP(Ljava/lang/Object;)[B >"	"bb16"
"< Application, Ltoba/jit/CodeBlock, <init>(Ltoba/classfile/Method;I)V >"	"bb28"
"< Application, Ltoba/classfile/FieldRef, toString()Ljava/lang/String; >"	"bb13"
"< Application, Ltoba/classfile/Names, reserved(Ljava/lang/String;)Z >"	"bb13"
"< Application, Ltoba/classfile/ClassData, <init>(Ljava/io/DataInputStream;)V >"	"bb118"
"< Application, Ltoba/classfile/Names, idchar(C)Z >"	"bb7"
"< Application, Ltoba/jit/JITCodeGen, pushFromMemory(Ltoba/jit/Register;C)V >"	"bb88"
"< Application, Ltoba/jit/CodeBlock, doBackPatch(Ltoba/jit/BackpatchInfo;)V >"	"bb405"
"< Application, Ltoba/runtime/ClassRT, <init>()V >"	"bb3"
"< Application, Ltoba/jit/Intel86, valDFlag(Ljava/lang/Object;Ljava/lang/Object;)I >"	"bb7"
"< Application, Ltoba/runtime/Supers, <init>()V >"	"bb3"
"< Application, Ltoba/jit/MemoryRef, <init>(Ltoba/jit/Immediate;Ltoba/jit/Register;ILtoba/jit/Register;I)V >"	"bb39"
"< Application, Ltoba/jit/Intel86, popES(Ljava/lang/Object;)[B >"	"bb5"
"< Application, Ltoba/jit/Intel86, encode(I)[B >"	"bb5"
"< Application, Ltoba/jit/Intel86, peekES(ILjava/lang/Object;)[B >"	"bb5"
"< Application, Ltoba/translator/MethGen, dclvars(Ljava/io/PrintWriter;Ltoba/classfile/Method;CZ)V >"	"bb43"
"< Application, Ltoba/jit/Intel86, NOP()[B >"	"bb3"
"< Application, Ltoba/jit/Immediate, setSignExtend(Z)Ltoba/jit/Immediate; >"	"bb3"
"< Application, Ltoba/translator/CFile, emitNamesSigs(Ljava/io/PrintWriter;Ljava/lang/String;[Ltoba/classfile/Field;)V >"	"bb30"
"< Application, Ltoba/jit/CodeBlock, evalBrJUMP(I)[B >"	"bb3"
"< Application, Ltoba/jit/JITCodeGen, EmitCode(Ltoba/classfile/Method;I)V >"	"bb1106"
"< Application, Ltoba/jit/CodeBlock, getEpilogOffs()I >"	"bb3"
"< Application, Ltoba/jit/Intel86, setEStackBase(I)I >"	"bb4"
"< Application, Ltoba/translator/InsGen, argindex(Ltoba/classfile/Instr;Ljava/lang/String;)I >"	"bb11"
"< Application, Ltoba/runtime/Resolve, resolveClass(Ltoba/classfile/ClassData;Ljava/lang/ClassLoader;)V >"	"bb55"
"< Application, Ltoba/jit/Intel86, MOV(Ljava/lang/Object;Ljava/lang/Object;)[B >"	"bb39"
"< Application, Ltoba/classfile/Constant, load(Ljava/io/DataInputStream;)[Ltoba/classfile/Constant; >"	"bb163"
"< Application, Ltoba/classfile/Pair, toString()Ljava/lang/String; >"	"bb10"
"< Application, Ltoba/jit/Intel86, FDIVRP(Ljava/lang/Object;)[B >"	"bb16"
"< Application, Ltoba/jit/Intel86, valWFlag(Ljava/lang/Object;)I >"	"bb20"
"< Application, Ltoba/classfile/Field, getVarFieldSize()I >"	"bb23"
"< Application, Ltoba/translator/Trans, setdbg(Ljava/lang/String;)V >"	"bb16"
"< Application, Ltoba/translator/Trans, doname(Ljava/lang/String;)V >"	"bb123"
"< Application, Ltoba/classfile/ClassRef, findRefdClass(Ljava/lang/ClassLoader;)Ljava/lang/Class; >"	"bb11"
"< Application, Ltoba/translator/ClassInstall, install(Ljava/lang/String;Ljava/lang/String;Ljava/lang/String;)V >"	"bb36"
"< Application, Ltoba/classfile/MethodCode, setMethodType(I)I >"	"bb4"
"< Application, Ltoba/jit/CodeBlock, getCodeByte(I)I >"	"bb4"
"< Application, Ltoba/jit/CodeBlock, addWord(I)I >"	"bb16"
"< Application, Ltoba/jit/CodeBlock, getCodeByteArray(II)[B >"	"bb5"
"< Application, Ltoba/jit/CodeBlock, getCodeBlock()[B >"	"bb7"
"< Application, Ltoba/classfile/Method, markvar(CI)V >"	"bb7"
"< Application, Ltoba/jit/JITCodeGen, emitClassInit(Ltoba/classfile/Instr;Ljava/lang/Object;)V >"	"bb20"
"< Application, Ltoba/runtime/SystemClassLoader, systemLoadClass(Ljava/lang/String;Z)Ljava/lang/Class; >"	"bb3"
"< Application, Ltoba/classfile/ClassData, <init>(Ljava/lang/Class;)V >"	"bb45"
"< Application, Ltoba/jit/CodeBlock, expandArr(I)V >"	"bb14"
"< Application, Ltoba/runtime/CodeGen, internStrings(Ljava/lang/Class;)[Ljava/lang/String; >"	"bb31"
"< Application, Ltoba/translator/CFile, gfloats(Ljava/io/PrintWriter;[Ltoba/classfile/Constant;)V >"	"bb45"
"< Application, Ltoba/classfile/ClassRef, resolveTo(Ljava/lang/Class;Ljava/lang/ClassLoader;)V >"	"bb12"
"< Application, Ltoba/jit/Immediate, getSignExtend()Z >"	"bb7"
"< Application, Ltoba/translator/Supers, load(Ltoba/classfile/ClassData;)V >"	"bb32"
"< Application, Ltoba/classfile/ClassData, forName(Ljava/lang/String;)Ltoba/classfile/ClassData; >"	"bb7"
"< Application, Ltoba/classfile/ClassRef, <init>(Ljava/lang/Class;)V >"	"bb11"
"< Application, Ltoba/runtime/CodeGen, defineClass(Ljava/lang/ClassLoader;[BII)Ljava/lang/Class; >"	"bb7"
"< Application, Ltoba/classfile/Opcode, op(IIIILjava/lang/String;Ljava/lang/String;II)V >"	"bb13"
"< Application, Ltoba/classfile/Attribute, toString()Ljava/lang/String; >"	"bb12"
"< Application, Ltoba/jit/Intel86, DEC(Ljava/lang/Object;)[B >"	"bb14"
"< Application, Ltoba/runtime/Resolve, resolveClassRef(Ltoba/classfile/ClassRef;Ljava/lang/ClassLoader;)V >"	"bb7"
"< Application, Ltoba/runtime/CodeGen, instanceMethodAddrs(Ljava/lang/Class;[Ltoba/classfile/Field;I)[J >"	"bb33"
"< Application, Ltoba/classfile/VariableRef, findVariable(Ltoba/classfile/ClassData;)Ltoba/classfile/Field; >"	"bb44"
"< Application, Ltoba/translator/Trans, <init>()V >"	"bb3"
"< Application, Ltoba/classfile/IHash, collisions(Ljava/util/Vector;I)I >"	"bb16"
"< Application, Ltoba/translator/Trans, <clinit>()V >"	"bb3"
"< Application, Ltoba/classfile/Instr, i4([BI)I >"	"bb6"
"< Application, Ltoba/jit/Intel86, BasicInit()V >"	"bb6"
"< Application, Ltoba/jit/JIT, usage()V >"	"bb5"
"< Application, Ltoba/jit/Intel86, SHL(Ljava/lang/Object;Ljava/lang/Object;)[B >"	"bb32"
"< Application, Ltoba/jit/JITCodeGen, genCallResolve(Ltoba/classfile/Method;)V >"	"bb52"
"< Application, Ltoba/jit/CodeBlock, evalBrCLREFLOAD(ILjava/lang/Object;)[B >"	"bb3"
"< Application, Ltoba/jit/Intel86, FRNDINT()[B >"	"bb3"
"< Application, Ltoba/runtime/CodeGen, classVariableSpace([Ltoba/classfile/Field;)I >"	"bb16"
"< Application, Ltoba/jit/Register, is8BitReg()Z >"	"bb5"
"< Application, Ltoba/classfile/FieldRef, <init>(Ltoba/classfile/ClassRef;Ljava/lang/String;Ljava/lang/String;)V >"	"bb6"
"< Application, Ltoba/classfile/MethodCode, <clinit>()V >"	"bb6"
"< Application, Ltoba/translator/MethGen, lvinits(Ljava/io/PrintWriter;Ltoba/classfile/Method;)V >"	"bb35"
"< Application, Ltoba/translator/CFile, others(Ljava/io/PrintWriter;Ltoba/classfile/ClassData;)V >"	"bb32"
"< Application, Ltoba/translator/Trans, abort(Ljava/lang/String;)V >"	"bb5"
"< Application, Ltoba/classfile/MethodCode, setMethodEntry(J)J >"	"bb4"
"< Application, Ltoba/classfile/Opcode, lookupOpcode(I)Ltoba/classfile/Opcode; >"	"bb3"
"< Application, Ltoba/jit/JIT, main([Ljava/lang/String;)V >"	"bb62"
"< Application, Ltoba/jit/CodeBlock, getCodeWord(I)I >"	"bb25"
"< Application, Ltoba/jit/BackpatchInfo, toString()Ljava/lang/String; >"	"bb44"
"< Application, Ltoba/jit/BackpatchInfo, <init>(ILtoba/classfile/Instr;Ljava/lang/Object;IJ)V >"	"bb11"
"< Application, Ltoba/translator/CFile, strdump(Ljava/io/PrintWriter;Ltoba/classfile/ClassData;)V >"	"bb57"
"< Application, Ltoba/jit/Immediate, getSignExtendFlagVal()Z >"	"bb3"
"< Application, Ltoba/translator/HFile, write(Ljava/io/PrintWriter;Ltoba/classfile/ClassData;)V >"	"bb177"
"< Application, Ltoba/translator/MethGen, needSwitch(Ltoba/classfile/Method;)Z >"	"bb8"
"< Application, Ltoba/jit/MemoryRef, getScaleBits()I >"	"bb3"
"< Application, Ltoba/jit/Intel86, TestIntel86([Ljava/lang/String;)V >"	"bb104"
"< Application, Ltoba/translator/MethGen, dclstack(Ljava/io/PrintWriter;Ltoba/classfile/Method;C)V >"	"bb37"
"< Application, Ltoba/classfile/ClassData, getmethod(Ljava/lang/String;Z)Ltoba/classfile/Field; >"	"bb19"
"< Application, Ltoba/classfile/ClassData, forStream(Ljava/lang/ClassLoader;Ljava/io/DataInputStream;Z)Ltoba/classfile/ClassData; >"	"bb11"
"< Application, Ltoba/classfile/ClassRef, <clinit>()V >"	"bb28"
"< Application, Ltoba/translator/MethGen, parmdecls(Ltoba/classfile/Method;)Ljava/lang/String; >"	"bb43"
"< Application, Ltoba/classfile/Method, toString()Ljava/lang/String; >"	"bb12"
"< Application, Ltoba/classfile/Instr, u1([BI)I >"	"bb3"
"< Application, Ltoba/runtime/CodeGen, instanceSize([Ltoba/classfile/Field;[I)I >"	"bb26"
"< Application, Ltoba/translator/HFile, argtypes(Ltoba/classfile/Field;)Ljava/lang/String; >"	"bb47"
"< Application, Ltoba/jit/Intel86, RET()[B >"	"bb3"
"< Application, Ltoba/translator/Repr, rettype(Ljava/lang/String;)Ljava/lang/String; >"	"bb5"
"< Application, Ltoba/classfile/MethodRef, resolveWith(Ltoba/classfile/ClassData;)V >"	"bb4"
"< Application, Ltoba/runtime/SystemClassLoader, loadPrimitiveClass(C)Ljava/lang/Class; >"	"bb26"
"< Application, Ltoba/translator/CFile, clstruct(Ljava/io/PrintWriter;Ltoba/classfile/ClassData;)V >"	"bb160"
"< Application, Ltoba/translator/Trans, options([Ljava/lang/String;)V >"	"bb45"
"< Application, Ltoba/jit/JITCodeGen, loadClassPointer(Ltoba/classfile/Instr;Ltoba/classfile/ClassRef;ILtoba/jit/Register;)V >"	"bb39"
"< Application, Ltoba/classfile/Field, equals(Ltoba/classfile/Field;)Z >"	"bb19"
"< Application, Ltoba/jit/Intel86, JMP(Ljava/lang/Object;)[B >"	"bb33"
"< Application, Ltoba/classfile/Instr, dump(Ljava/io/PrintWriter;[Ltoba/classfile/Instr;)V >"	"bb13"
"< Application, Ltoba/classfile/Instr, <init>([BI[Ltoba/classfile/Constant;)V >"	"bb137"
"< Application, Ltoba/classfile/IHash, hashlist(Ljava/lang/ClassLoader;Ltoba/classfile/ClassRef;)[I >"	"bb64"
"< Application, Ltoba/jit/JITCodeGen, EmitRetvalStore(Ltoba/classfile/FieldRef;)V >"	"bb27"
"< Application, Ltoba/classfile/ClassRef, byName(Ljava/lang/String;)Ltoba/classfile/ClassRef; >"	"bb10"
"< Application, Ltoba/jit/MemoryRef, setScaleFactor(I)Ltoba/jit/MemoryRef; >"	"bb26"
"< Application, Ltoba/jit/Intel86, ADD(Ljava/lang/Object;Ljava/lang/Object;)[B >"	"bb34"
"< Application, Ltoba/jit/Intel86, FLD(Ljava/lang/Object;)[B >"	"bb15"
"< Application, Ltoba/classfile/ClassData, arrayString([Ljava/lang/Object;)Ljava/lang/String; >"	"bb25"
"< Application, Ltoba/jit/JITCodeGen, setCallArgs(I)I >"	"bb15"
"< Application, Ltoba/classfile/IHash, mark(Ljava/lang/ClassLoader;Ltoba/classfile/ClassData;)V >"	"bb32"
"< Application, Ltoba/runtime/ClassRT, getMethodAddr(Ljava/lang/Class;Ltoba/classfile/Field;)J >"	"bb4"
"< Application, Ltoba/classfile/Field, toString()Ljava/lang/String; >"	"bb16"
"< Application, Ltoba/jit/CodeBlock, BV(Ljava/lang/String;)I >"	"bb3"
"< Application, Ltoba/classfile/Method, mark(ILjava/lang/String;I)V >"	"bb102"
"< Application, Ltoba/classfile/Instr, i2([BI)I >"	"bb4"
"< Application, Ltoba/jit/Immediate, clone()Ljava/lang/Object; >"	"bb7"
"< Application, Ltoba/classfile/IHash, impls(Ltoba/classfile/ClassData;)Ljava/util/Vector; >"	"bb16"
"< Application, Ltoba/classfile/ClassFile, close()V >"	"bb15"
"< Application, Ltoba/classfile/ClassFile, find(Ljava/lang/String;)Ltoba/classfile/ClassFile; >"	"bb44"
"< Application, Ltoba/runtime/CodeGen, getGenerator()Ltoba/runtime/CodeGen; >"	"bb2"
"< Application, Ltoba/jit/Register, <clinit>()V >"	"bb67"
"< Application, Ltoba/jit/BackpatchInfo, setInsSeqLen(I)V >"	"bb3"
"< Application, Ltoba/runtime/CodeGen, interfaces(Ljava/lang/Class;)[J >"	"bb27"
"< Application, Ltoba/jit/Immediate, valFitsByte(IZ)Z >"	"bb9"
"< Application, Ltoba/classfile/Names, hashname(Ljava/lang/String;Ljava/lang/String;Ljava/lang/String;Ljava/lang/StringBuffer;)Ljava/lang/String; >"	"bb33"
"< Application, Ltoba/classfile/Instr, i1([BI)I >"	"bb3"
"< Application, Ltoba/jit/MemoryRef, getIndexReg()Ltoba/jit/Register; >"	"bb3"
"< Application, Ltoba/jit/CodeBlock, evalBrLOADCodeLbl(ILjava/lang/Object;)[B >"	"bb3"
"< Application, Ltoba/translator/CFile, hashgen(Ljava/io/PrintWriter;Ltoba/classfile/ClassData;)V >"	"bb71"
"< Application, Ltoba/classfile/Names, <clinit>()V >"	"bb92"
"< Application, Ltoba/classfile/Names, classfile(Ljava/lang/String;)Ljava/lang/String; >"	"bb3"
"< Application, Ltoba/classfile/Constant, <clinit>()V >"	"bb15"
"< Application, Ltoba/classfile/IHash, setInTranslator(Z)Z >"	"bb2"
"< Application, Ltoba/classfile/Instr, argwords(Ljava/lang/String;)I >"	"bb31"
"< Application, Ltoba/Lister, main([Ljava/lang/String;)V >"	"bb16"
"< Application, Ltoba/jit/Intel86, JMPn(Ljava/lang/Object;)[B >"	"bb18"
"< Application, Ltoba/classfile/Names, classref(Ljava/lang/String;)Ljava/lang/String; >"	"bb20"
"< Application, Ltoba/jit/Intel86, makeByteArray(II)[B >"	"bb5"
"< Application, Ltoba/jit/JITCodeGen, setCallArgs(Ljava/lang/String;)I >"	"bb36"
"< Application, Ltoba/translator/InsGen, <init>()V >"	"bb3"
"< Application, Ltoba/jit/Intel86, NEG(Ljava/lang/Object;)[B >"	"bb15"
"< Application, Ltoba/translator/Repr, con(Ltoba/classfile/Method;Ltoba/classfile/Constant;)Ljava/lang/String; >"	"bb67"
"< Application, Ltoba/jit/CodeBlock, setAllNativeCode(Z)V >"	"bb3"
"< Application, Ltoba/classfile/MethodCode, getMethodEntry()J >"	"bb3"
"< Application, Ltoba/translator/CFile, <init>()V >"	"bb3"
"< Application, Ltoba/classfile/ClassData, forStream(Ljava/lang/ClassLoader;Ljava/io/DataInputStream;)Ltoba/classfile/ClassData; >"	"bb3"
"< Application, Ltoba/jit/CodeBlock, addByte(B)B >"	"bb15"
"< Application, Ltoba/runtime/SystemClassLoader, loadClass(Ljava/lang/String;Z)Ljava/lang/Class; >"	"bb19"
"< Application, Ltoba/translator/CFile, methodref(Ljava/io/PrintWriter;Ltoba/classfile/ClassData;Ljava/lang/String;Z)V >"	"bb13"
"< Application, Ltoba/jit/CodeBlock, evalBrACALL(I)[B >"	"bb3"
"< Application, Ltoba/jit/Intel86, fitsin8bit(I)Z >"	"bb5"
"< Application, Ltoba/translator/CFile, strref(Ltoba/classfile/Constant;)I >"	"bb15"
"< Application, Ltoba/translator/ClassInstall, copy(Ljava/io/DataInputStream;Ljava/lang/String;)V >"	"bb18"
"< Application, Ltoba/runtime/CodeGen, superclasses(Ljava/lang/Class;Ljava/lang/Class;)[J >"	"bb15"
"< Application, Ltoba/translator/InsGen, gengoto(Ljava/io/PrintWriter;Ltoba/classfile/Method;Ltoba/classfile/Instr;I)V >"	"bb24"
"< Application, Ltoba/jit/JITCodeGen, <init>()V >"	"bb6"
"< Application, Ltoba/jit/Intel86, FSTP(Ljava/lang/Object;)[B >"	"bb15"
"< Application, Ltoba/jit/Immediate, toString()Ljava/lang/String; >"	"bb15"
"< Application, Ltoba/jit/CodeBlock, overwriteInstalledCode([BI)V >"	"bb17"
"< Application, Ltoba/jit/CodeBlock, nextByteOffs()I >"	"bb3"
"< Application, Ltoba/jit/JITCodeGen, excOheadAddr(I)Ltoba/jit/MemoryRef; >"	"bb8"
"< Application, Ltoba/classfile/ClassData, addByNameLoader(Ljava/lang/String;Ljava/lang/ClassLoader;Ltoba/classfile/ClassData;)V >"	"bb12"
"< Application, Ltoba/runtime/CodeGen, setSpecialMethods(Ljava/lang/Class;)V >"	"bb61"
"< Application, Ltoba/translator/CFile, include(Ljava/io/PrintWriter;Ljava/lang/String;)V >"	"bb13"
"< Application, Ltoba/jit/CodeBlock, setCodeClassLoader(Ljava/lang/ClassLoader;)V >"	"bb3"
"< Application, Ltoba/classfile/Pair, <init>()V >"	"bb3"
"< Application, Ltoba/jit/Intel86, Jccn(ILjava/lang/Object;)[B >"	"bb18"
"< Application, Ltoba/translator/HFile, ivfield(Ljava/io/PrintWriter;Ltoba/classfile/ClassData;)V >"	"bb25"
"< Application, Ltoba/runtime/CodeGen, setGenerator(Ltoba/runtime/CodeGen;)V >"	"bb2"
"< Application, Ltoba/jit/MemoryRef, getRefSize()I >"	"bb3"
"< Application, Ltoba/jit/JITCodeGen, checkObjectRef(ILtoba/jit/Register;Ltoba/classfile/Instr;)V >"	"bb20"
"< Application, Ltoba/translator/InsGen, igen(Ljava/io/PrintWriter;Ltoba/classfile/Method;Ltoba/classfile/Instr;)V >"	"bb1126"
"< Application, Ltoba/Lister, abort(Ljava/lang/String;)V >"	"bb4"
"< Application, Ltoba/jit/MemoryRef, <init>(Ltoba/jit/Register;)V >"	"bb3"
"< Application, Ltoba/jit/Intel86, RELATIVE_JUMP(I)[B >"	"bb5"
"< Application, Ltoba/classfile/InterfaceRef, <init>(Ltoba/classfile/ClassRef;Ljava/lang/String;Ljava/lang/String;)V >"	"bb3"
"< Application, Ltoba/jit/CodeBlock, setLittleEndian(Z)Z >"	"bb4"
"< Application, Ltoba/runtime/ClassRT, getMethodTEnt(Ljava/lang/Class;Ltoba/classfile/Field;)J >"	"bb8"
"< Application, Ltoba/classfile/Names, <init>()V >"	"bb3"
"< Application, Ltoba/jit/Intel86, emitByteArray([B)V >"	"bb31"
"< Application, Ltoba/classfile/VariableRef, <init>(Ltoba/classfile/ClassRef;Ljava/lang/String;Ljava/lang/String;)V >"	"bb3"
"< Application, Ltoba/translator/Trans, oopen(Ltoba/classfile/ClassData;Ljava/lang/String;I)Ljava/io/PrintWriter; >"	"bb52"
"< Application, Ltoba/classfile/Handler, <init>(IIILtoba/classfile/ClassRef;)V >"	"bb7"
"< Application, Ltoba/jit/JITCodeGen, EmitUnOp(Ltoba/classfile/Instr;)V >"	"bb179"
"< Application, Ltoba/jit/JITCodeGen, emitEltOffsetCode(ILtoba/classfile/Instr;)V >"	"bb54"
"< Application, Ltoba/jit/JITCodeGen, InitInstrumentation()V >"	"bb13"
"< Application, Ltoba/runtime/Supers, resolveIfaceRefs(Ltoba/classfile/ClassData;Ljava/lang/ClassLoader;)V >"	"bb15"
"< Application, Ltoba/jit/Intel86, LpopES(Ljava/lang/Object;Ljava/lang/Object;)[B >"	"bb8"
"< Application, Ltoba/jit/Intel86, PatchLongJump(II)V >"	"bb3"
"< Application, Ltoba/translator/InsGen, checkref(Ljava/io/PrintWriter;Ltoba/classfile/Instr;I)V >"	"bb18"
"< Application, Ltoba/classfile/ClassFile, <init>(Ljava/io/File;)V >"	"bb7"
"< Application, Ltoba/translator/Repr, emitCharData(Ljava/io/PrintWriter;Ljava/lang/String;)V >"	"bb21"
"< Application, Ltoba/jit/CodeBlock, getCodeClassLoader()Ljava/lang/ClassLoader; >"	"bb3"
"< Application, Ltoba/Lister, printname(Ljava/lang/String;)V >"	"bb8"
"< Application, Ltoba/jit/Immediate, getImmSize()I >"	"bb3"
"< Application, Ltoba/jit/Intel86, FILD(Ljava/lang/Object;)[B >"	"bb32"
"< Application, Ltoba/classfile/MethodCode, setStubEntry(J)J >"	"bb4"
"< Application, Ltoba/classfile/ClassData, buildVariableTables(Z)V >"	"bb87"
"< Application, Ltoba/classfile/InterfaceRef, findInterface(Ltoba/classfile/ClassData;)Ltoba/classfile/Field; >"	"bb6"
"< Application, Ltoba/translator/ClassInstall, <init>()V >"	"bb3"
"< Application, Ltoba/jit/Intel86, RELATIVE_CALL(I)[B >"	"bb5"
"< Application, Ltoba/translator/InsGen, stackAt(Ltoba/classfile/Instr;I)Ljava/lang/String; >"	"bb11"
"< Application, Ltoba/jit/Intel86, FTST()[B >"	"bb3"
"< Application, Ltoba/jit/Intel86, LEAVE()[B >"	"bb3"
"< Application, Ltoba/translator/HFile, <init>()V >"	"bb3"
"< Application, Ltoba/classfile/Names, idstring(Ljava/lang/String;)Z >"	"bb15"
"< Application, Ltoba/classfile/Field, finishField()V >"	"bb6"
"< Application, Ltoba/Lister, closeClassList([Ljava/lang/String;I)V >"	"bb104"
"< Application, Ltoba/jit/Intel86, PrefixOPSIZE()[B >"	"bb3"
"< Application, Ltoba/jit/Intel86, setEStackTop(I)V >"	"bb4"
"< Application, Ltoba/classfile/Opcode, toString()Ljava/lang/String; >"	"bb3"
"< Application, Ltoba/runtime/ClassRT, getClassData(Ljava/lang/Class;)Ltoba/classfile/ClassData; >"	"bb33"
"< Application, Ltoba/translator/CFile, cltables(Ljava/io/PrintWriter;Ltoba/classfile/ClassData;)V >"	"bb170"
"< Application, Ltoba/classfile/FieldRef, getField()Ltoba/classfile/Field; >"	"bb13"
"< Application, Ltoba/jit/Intel86, SHR(Ljava/lang/Object;Ljava/lang/Object;)[B >"	"bb32"
"< Application, Ltoba/jit/Immediate, setValue(I)Ltoba/jit/Immediate; >"	"bb3"
"< Application, Ltoba/jit/Intel86, FNSTCW(Ljava/lang/Object;)[B >"	"bb15"
"< Application, Ltoba/classfile/Attribute, find([Ltoba/classfile/Attribute;Ljava/lang/String;)[B >"	"bb13"
"< Application, Ltoba/translator/CFile, emitStaticFinalInit(Ljava/io/PrintWriter;Ltoba/classfile/ClassData;)Z >"	"bb147"
"< Application, Ltoba/classfile/FieldRef, isResolved()Z >"	"bb5"
"< Application, Ltoba/translator/ClassInstall, mkdir(Ljava/lang/String;)V >"	"bb16"
"< Application, Ltoba/translator/InsGen, ancestor(Ltoba/classfile/ClassData;Ljava/lang/String;)Z >"	"bb10"
"< Application, Ltoba/jit/CodeBlock, evalBrLOAD(ILjava/lang/Object;)[B >"	"bb3"
"< Application, Ltoba/classfile/Opcode, <clinit>()V >"	"bb205"
"< Application, Ltoba/classfile/MethodCode, getEntryPoint()J >"	"bb7"
"< Application, Ltoba/classfile/ClassData, forClass(Ljava/lang/Class;)Ltoba/classfile/ClassData; >"	"bb11"
"< Application, Ltoba/jit/Intel86, POP(Ljava/lang/Object;)[B >"	"bb14"
"< Application, Ltoba/classfile/Method, sigscan()V >"	"bb66"
"< Application, Ltoba/jit/Register, isFPReg()Z >"	"bb3"
"< Application, Ltoba/jit/CodeBlock, setByteOffs(I)V >"	"bb16"
"< Application, Ltoba/jit/JITCodeGen, SummarizeInstrumentation()V >"	"bb25"
"< Application, Ltoba/translator/MethGen, minfo(Ljava/io/PrintWriter;Ltoba/classfile/Method;)V >"	"bb47"
"< Application, Ltoba/jit/Intel86, makeModRM(ILjava/lang/Object;)[B >"	"bb25"
"< Application, Ltoba/runtime/ClassRT, setMethodAddr(Ljava/lang/Class;Ltoba/classfile/Field;J)V >"	"bb4"
"< Application, Ltoba/classfile/ClassRef, RegisterClassRef(Ltoba/classfile/ClassRef;)V >"	"bb4"
"< Application, Ltoba/jit/Intel86, FMULP(Ljava/lang/Object;)[B >"	"bb16"
"< Application, Ltoba/translator/InsGen, stacktop(Ltoba/classfile/Instr;)Ljava/lang/String; >"	"bb13"
"< Application, Ltoba/classfile/ClassData, buildMethodTables(Z)V >"	"bb99"
"< Application, Ltoba/jit/MemoryRef, swapIndexBaseRegs()Ltoba/jit/MemoryRef; >"	"bb21"
"< Application, Ltoba/runtime/Resolve, <init>()V >"	"bb3"
"< Application, Ltoba/jit/MemoryRef, toString()Ljava/lang/String; >"	"bb40"
"< Application, Ltoba/jit/JITCodeGen, generateCode(Ljava/lang/Class;Ltoba/classfile/Method;)Ltoba/classfile/MethodCode; >"	"bb106"
"< Application, Ltoba/jit/CodeBlock, evalBrLOADCodeRel(ILjava/lang/Object;)[B >"	"bb3"
"< Application, Ltoba/classfile/Names, hashmethod(Ljava/lang/String;Ljava/lang/String;Ljava/lang/String;)Ljava/lang/String; >"	"bb26"
"< Application, Ltoba/jit/MemoryRef, <init>(Ltoba/jit/Immediate;Ltoba/jit/Register;)V >"	"bb3"
"< Application, Ltoba/jit/Intel86, makeByteArray(Ltoba/jit/Immediate;)[B >"	"bb25"
"< Application, Ltoba/jit/CodeBlock, resolveCode()V >"	"bb116"
"< Application, Ltoba/runtime/CodeGen, referencedClasses(Ljava/lang/Class;Ljava/lang/ClassLoader;)[J >"	"bb43"
"< Application, Ltoba/runtime/CodeGen, resolveClass(Ljava/lang/Class;Ljava/lang/ClassLoader;)V >"	"bb20"
"< Application, Ltoba/classfile/Opcode, <init>()V >"	"bb3"
"< Application, Ltoba/jit/Intel86, FpushES()[B >"	"bb6"
"< Application, Ltoba/jit/Intel86, pokeES(ILjava/lang/Object;)[B >"	"bb5"
"< Application, Ltoba/jit/Intel86, tossEStackOffs(I)I >"	"bb5"
"< Application, Ltoba/translator/CFile, clname(Ljava/io/PrintWriter;Ltoba/classfile/ClassData;)V >"	"bb27"
"< Application, Ltoba/jit/CodeBlock, addByteArray([B)[B >"	"bb20"
"< Application, Ltoba/classfile/Names, csignature(Ljava/lang/String;)Ljava/lang/String; >"	"bb49"
"< Application, Ltoba/classfile/Constant, dump(Ljava/io/PrintWriter;[Ltoba/classfile/Constant;)V >"	"bb23"
"< Application, Ltoba/jit/CodeBlock, backpatchCode()V >"	"bb10"
"< Application, Ltoba/classfile/VariableRef, resolveWith(Ltoba/classfile/ClassData;)V >"	"bb4"
"< Application, Ltoba/translator/MethGen, mgen(Ljava/io/PrintWriter;Ltoba/classfile/Method;)V >"	"bb238"
"< Application, Ltoba/classfile/FieldRef, resolveTo(Ltoba/classfile/Field;)V >"	"bb3"
"< Application, Ltoba/jit/Intel86, FISTP(Ljava/lang/Object;)[B >"	"bb32"
"< Application, Ltoba/runtime/CodeGen, defineClass(Ljava/lang/ClassLoader;Ljava/io/DataInputStream;)Ljava/lang/Class; >"	"bb27"
"< Application, Ltoba/jit/Intel86, <init>(Ltoba/classfile/Method;I)V >"	"bb4"
"< Application, Ltoba/Lister, recursivelist(Ljava/lang/String;Ljava/lang/String;)V >"	"bb30"
"< Application, Ltoba/jit/CodeBlock, storeByte(BI)B >"	"bb6"
"< Application, Ltoba/translator/CFile, constructor(Ljava/io/PrintWriter;Ltoba/classfile/ClassData;)V >"	"bb17"
"< Application, Ltoba/classfile/Constant, readUTF(Ljava/io/DataInput;)Ljava/lang/String; >"	"bb39"
"< Application, Ltoba/jit/Intel86, peekEStackOffs(I)I >"	"bb3"
"< Application, Ltoba/runtime/CodeGen, hashAddrs(Ljava/lang/Class;[Ltoba/classfile/Field;)[J >"	"bb14"
"< Application, Ltoba/classfile/ClassRef, bySignature(Ljava/lang/String;)Ltoba/classfile/ClassRef; >"	"bb32"
"< Application, Ltoba/translator/InsGen, assign(Ltoba/classfile/Instr;)Ljava/lang/String; >"	"bb14"
"< Application, Ltoba/classfile/ClassRef, isResolved(Ljava/lang/ClassLoader;)Z >"	"bb5"
"< Application, Ltoba/jit/Intel86, CMP(Ljava/lang/Object;Ljava/lang/Object;)[B >"	"bb34"
"< Application, Ltoba/jit/CodeBlock, setEpilogOffs()V >"	"bb4"
"< Application, Ltoba/classfile/Field, <init>(Ljava/io/DataInputStream;[Ltoba/classfile/Constant;)V >"	"bb29"
"< Application, Ltoba/jit/BackpatchInfo, setNext(Ltoba/jit/BackpatchInfo;)Ltoba/jit/BackpatchInfo; >"	"bb3"
"< Application, Ltoba/jit/Intel86, XOR(Ljava/lang/Object;Ljava/lang/Object;)[B >"	"bb34"
"< Application, Ltoba/classfile/Instr, toString()Ljava/lang/String; >"	"bb88"
"< Application, Ltoba/jit/JITCodeGen, Epilogue(Ltoba/classfile/Method;)V >"	"bb28"
"< Application, Ltoba/jit/BackpatchInfo, setLongVal(J)J >"	"bb4"
"< Application, Ltoba/runtime/Supers, load(Ltoba/classfile/ClassData;Ljava/lang/ClassLoader;)V >"	"bb24"
"< Application, Ltoba/jit/JITCodeGen, EmitSyncWrapper(Ltoba/classfile/Method;)V >"	"bb322"
"< Application, Ltoba/classfile/ClassRef, <init>(Ljava/lang/String;)V >"	"bb5"
"< Application, Ltoba/jit/Intel86, FCHS()[B >"	"bb3"
"< Application, Ltoba/jit/Intel86, SUB(Ljava/lang/Object;Ljava/lang/Object;)[B >"	"bb34"
"< Application, Ltoba/jit/Intel86, CALL(Ljava/lang/Object;)[B >"	"bb22"
"< Application, Ltoba/classfile/Constant, <init>()V >"	"bb3"
"< Application, Ltoba/jit/Intel86, <clinit>()V >"	"bb2"
"< Application, Ltoba/jit/Intel86, LOAD_REG(ILjava/lang/Object;)[B >"	"bb5"
"< Application, Ltoba/classfile/Constant, toString()Ljava/lang/String; >"	"bb11"
"< Application, Ltoba/classfile/MethodCode, getIsResolved()Z >"	"bb3"
"< Application, Ltoba/jit/CodeBlock, setBVlength(I)I >"	"bb2"
"< Application, Ltoba/jit/Immediate, getValue()I >"	"bb3"
"< Application, Ltoba/InstallClassFile, <init>()V >"	"bb3"
"< Application, Ltoba/jit/CodeBlock, reserveCode(ILtoba/classfile/Instr;Ljava/lang/Object;Ljava/lang/Object;)Ltoba/jit/BackpatchInfo; >"	"bb46"
"< Application, Ltoba/classfile/ClassFile, open(Ljava/lang/String;Ljava/lang/String;)Ltoba/classfile/ClassFile; >"	"bb65"
"< Application, Ltoba/jit/Intel86, valSFlag(Ljava/lang/Object;)I >"	"bb14"
"< Application, Ltoba/classfile/ClassFile, <init>(Ljava/lang/String;)V >"	"bb5"
"< Application, Ltoba/translator/CFile, hashprint(Ljava/io/PrintWriter;Ljava/lang/String;)V >"	"bb8"
"< Application, Ltoba/jit/Intel86, SBB(Ljava/lang/Object;Ljava/lang/Object;)[B >"	"bb34"
"< Application, Ltoba/jit/Intel86, encode([B[B[B)[B >"	"bb31"
"< Application, Ltoba/jit/Intel86, getEStackDepth()I >"	"bb5"
"< Application, Ltoba/jit/Intel86, checkOperand(Ljava/lang/Object;)I >"	"bb7"
"< Application, Ltoba/classfile/MethodCode, <init>(Ltoba/classfile/Method;)V >"	"bb7"
"< Application, Ltoba/translator/Trans, foreign(Ljava/io/File;)Z >"	"bb18"
"< Application, Ltoba/runtime/SystemClassLoader, <init>()V >"	"bb6"
"< Application, Ltoba/jit/CodeBlock, storeByteArray([BI)[B >"	"bb11"
"< Application, Ltoba/jit/MemoryRef, getScaleFactor()I >"	"bb3"
"< Application, Ltoba/jit/Intel86, pushEStackOffs()I >"	"bb5"
"< Application, Ltoba/jit/JITCodeGen, LVOffs(I)Ltoba/jit/MemoryRef; >"	"bb8"
"< Application, Ltoba/translator/Repr, isQuotable(C)Z >"	"bb7"
"< Application, Ltoba/jit/Intel86, FLDCW(Ljava/lang/Object;)[B >"	"bb15"
"< Application, Ltoba/jit/MemoryRef, getBaseReg()Ltoba/jit/Register; >"	"bb3"
"< Application, Ltoba/classfile/ClassRef, getRefClass(Ljava/lang/ClassLoader;)Ljava/lang/Class; >"	"bb13"
"< Application, Ltoba/classfile/MethodCode, resolveCode()V >"	"bb6"
"< Application, Ltoba/jit/Intel86, AND(Ljava/lang/Object;Ljava/lang/Object;)[B >"	"bb34"
"< Application, Ltoba/runtime/Resolve, resolveClassName(Ljava/lang/String;Ljava/lang/ClassLoader;)Ljava/lang/Class; >"	"bb26"
"< Application, Ltoba/classfile/Instr, u2([BI)I >"	"bb4"
"< Application, Ltoba/jit/Intel86, popEStackOffs()I >"	"bb5"
"< Application, Ltoba/classfile/MethodRef, findMethod(Ltoba/classfile/ClassData;)Ltoba/classfile/Field; >"	"bb42"
"< Application, Ltoba/jit/CodeBlock, setCheckWordAlign(Z)Z >"	"bb4"
"< Application, Ltoba/jit/Intel86, ADC(Ljava/lang/Object;Ljava/lang/Object;)[B >"	"bb34"
"< Application, Ltoba/classfile/Names, hashinterface(Ljava/lang/String;Ljava/lang/String;)I >"	"bb12"
"< Application, Ltoba/jit/Intel86, LpushES(Ljava/lang/Object;Ljava/lang/Object;)[B >"	"bb8"
"< Application, Ltoba/jit/Register, isAReg()Z >"	"bb5"
"< Application, Ltoba/translator/Trans, genmain(Ltoba/classfile/ClassData;)V >"	"bb45"
"< Application, Ltoba/translator/InsGen, invoke(Ljava/io/PrintWriter;Ltoba/classfile/Instr;Ltoba/classfile/MethodRef;Ljava/lang/String;)V >"	"bb36"
"< Application, Ltoba/translator/InsGen, ckinstance(Ltoba/classfile/Instr;Ljava/lang/String;)Ljava/lang/String; >"	"bb53"
"< Application, Ltoba/jit/CodeBlock, <clinit>()V >"	"bb2"
"< Application, Ltoba/jit/Intel86, <init>(Ltoba/classfile/Method;)V >"	"bb4"
"< Application, Ltoba/jit/Intel86, CWD()[B >"	"bb3"
"< Application, Ltoba/classfile/Instr, argstring(Ljava/lang/String;)Ljava/lang/String; >"	"bb47"
"< Application, Ltoba/translator/InsGen, stack2nd(Ltoba/classfile/Instr;)Ljava/lang/String; >"	"bb22"
"< Application, Ltoba/jit/CodeBlock, storeWord(II)I >"	"bb29"
"< Application, Ltoba/translator/InsGen, target(Ltoba/classfile/Method;I)I >"	"bb7"
"< Application, Ltoba/classfile/Method, target(I)I >"	"bb7"
"< Application, Ltoba/classfile/MethodRef, <init>(Ltoba/classfile/ClassRef;Ljava/lang/String;Ljava/lang/String;)V >"	"bb3"
"< Application, Ltoba/Lister, listSystemClasses()V >"	"bb46"
"< Application, Ltoba/translator/Repr, ctype(C)Ljava/lang/String; >"	"bb12"
"< Application, Ltoba/Lister, <init>()V >"	"bb3"
"< Application, Ltoba/classfile/Names, hashclass(Ljava/lang/String;)Ljava/lang/String; >"	"bb25"
"< Application, Ltoba/runtime/Resolve, <clinit>()V >"	"bb2"
"< Application, Ltoba/classfile/ClassRef, toString()Ljava/lang/String; >"	"bb3"
"< Application, Ltoba/jit/Intel86, TEST(Ljava/lang/Object;Ljava/lang/Object;)[B >"	"bb36"
"< Application, Ltoba/translator/HFile, declare(Ljava/io/PrintWriter;Ltoba/classfile/Field;Ljava/lang/String;)V >"	"bb17"
"< Application, Ltoba/translator/Trans, debugging(C)Z >"	"bb3"
"< Application, Ltoba/jit/CodeBlock, evalBrLOADCodeAbs(ILjava/lang/Object;)[B >"	"bb3"
"< Application, Ltoba/classfile/Opcode, op(IIIILjava/lang/String;Ljava/lang/String;Ljava/lang/String;I)V >"	"bb5"
"< Application, Ltoba/runtime/CodeGen, classVariableAlignment([Ltoba/classfile/Field;)I >"	"bb12"
"< Application, Ltoba/jit/Intel86, encode(II)[B >"	"bb6"
"< Application, Ltoba/translator/CFile, methodsigs(Ljava/io/PrintWriter;Ltoba/classfile/ClassData;)V >"	"bb63"
"< Application, Ltoba/translator/MethGen, <init>()V >"	"bb3"
"< Application, Ltoba/classfile/Names, toba_getSRAS(Ljava/lang/String;)Ljava/io/InputStream; >"	"bb45"
"< Application, Ltoba/classfile/IHash, <init>(Ltoba/classfile/ClassData;)V >"	"bb97"
"< Application, Ltoba/runtime/SystemClassLoader, registerNewClass(Ljava/lang/String;Ljava/lang/Class;)V >"	"bb9"
"< Application, Ltoba/jit/Intel86, PatchNearJump(II)V >"	"bb13"
"< Application, Ltoba/jit/JITCodeGen, Initialize()V >"	"bb9"
"< Application, Ltoba/translator/MethGen, syncwrap(Ljava/io/PrintWriter;Ltoba/classfile/Method;)V >"	"bb132"
"< Application, Ltoba/jit/Register, toString()Ljava/lang/String; >"	"bb13"
"< Application, Ltoba/jit/Immediate, setBestImmSize()Ltoba/jit/Immediate; >"	"bb9"
"< Application, Ltoba/jit/Intel86, DpushES()[B >"	"bb7"
"< Application, Ltoba/jit/Intel86, PUSH(Ljava/lang/Object;)[B >"	"bb25"
"< Application, Ltoba/jit/CodeBlock, setJumpFromNextInstr(Z)Z >"	"bb4"
"< Application, Ltoba/classfile/Method, <init>(Ltoba/classfile/ClassData;Ltoba/classfile/Field;)V >"	"bb253"
"< Application, Ltoba/classfile/Names, hashvar(Ljava/lang/String;)Ljava/lang/String; >"	"bb28"
"< Application, Ltoba/jit/Intel86, Jcc(ILjava/lang/Object;)[B >"	"bb11"
"< Application, Ltoba/jit/BackpatchInfo, getNext()Ltoba/jit/BackpatchInfo; >"	"bb3"
"< Application, Ltoba/jit/Intel86, IMUL(Ljava/lang/Object;)[B >"	"bb16"
"< Application, Ltoba/classfile/Instr, argwords()I >"	"bb15"
"< Application, Ltoba/jit/Register, getRegBitName()I >"	"bb7"
"< Application, Ltoba/classfile/Method, setMethodCode(Ltoba/classfile/MethodCode;)Ltoba/classfile/MethodCode; >"	"bb8"
"< Application, Ltoba/jit/JITCodeGen, checkBackJump(Ltoba/classfile/Instr;II)V >"	"bb4"
"< Application, Ltoba/classfile/ClassData, addSymFields([Ltoba/classfile/Field;)V >"	"bb15"
"< Application, Ltoba/jit/CodeBlock, reserveCode(ILtoba/classfile/Instr;Ljava/lang/Object;J)Ltoba/jit/BackpatchInfo; >"	"bb46"
"< Application, Ltoba/jit/JITCodeGen, popIntoMemory(Ltoba/jit/Register;C)V >"	"bb48"
"< Application, Ltoba/jit/CodeBlock, dumpHex()V >"	"bb42"
"< Application, Ltoba/jit/JITCodeGen, emitBackJumpCall(Ltoba/classfile/Instr;)V >"	"bb22"
"< Application, Ltoba/translator/CFile, supers(Ljava/io/PrintWriter;Ltoba/classfile/ClassData;)V >"	"bb18"
"< Application, Ltoba/jit/Intel86, pushES(Ljava/lang/Object;)[B >"	"bb5"
"< Application, Ltoba/jit/Immediate, <init>(IIZ)V >"	"bb6"
"< Application, Ltoba/jit/CodeBlock, BS(II)Ljava/lang/String; >"	"bb13"
"< Application, Ltoba/jit/Intel86, INC(Ljava/lang/Object;)[B >"	"bb14"
"< Application, Ltoba/jit/Intel86, FUCOMPP()[B >"	"bb3"
"< Application, Ltoba/jit/Intel86, FSUBRP(Ljava/lang/Object;)[B >"	"bb16"
"< Application, Ltoba/jit/CodeBlock, installCode()J >"	"bb36"
"< Application, Ltoba/jit/Intel86, valWFlag(Ljava/lang/Object;Ljava/lang/Object;)I >"	"bb10"
"< Application, Ltoba/translator/Supers, <init>()V >"	"bb3"
"< Application, Ltoba/classfile/ClassFile, <init>(Ljava/io/InputStream;)V >"	"bb5"
"< Application, Ltoba/jit/Immediate, setImmSize(I)Ltoba/jit/Immediate; >"	"bb38"
"< Application, Ltoba/jit/Intel86, makeByteArray(I)[B >"	"bb4"
"< Application, Ltoba/jit/JITCodeGen, <clinit>()V >"	"bb119"
"< Application, Ltoba/runtime/CodeGen, instanceOffsets(Ljava/lang/Class;)[I >"	"bb44"
"< Application, Ltoba/classfile/Names, baseclass(Ljava/lang/String;)Ljava/lang/String; >"	"bb14"
"< Application, Ltoba/translator/CFile, inters(Ljava/io/PrintWriter;Ltoba/classfile/ClassData;)V >"	"bb27"
"< Application, Ltoba/jit/Intel86, tossES(I)[B >"	"bb4"
"< Application, Ltoba/classfile/ClassData, ivregister()V >"	"bb15"
"< Application, Ltoba/classfile/ClassData, buildTables()V >"	"bb12"
"< Application, Ltoba/translator/Trans, main([Ljava/lang/String;)V >"	"bb26"
"< Application, Ltoba/translator/InsGen, stackvar(Ltoba/classfile/Instr;I)Ljava/lang/String; >"	"bb17"
"< Application, Ltoba/jit/CodeBlock, evalBrCALL(I)[B >"	"bb3"
"< Application, Ltoba/jit/Register, <init>(IZ)V >"	"bb5"
"< Application, Ltoba/jit/JITCodeGen, EmitExceptHandle(Ltoba/classfile/Method;)V >"	"bb135"
"< Application, Ltoba/jit/Intel86, OR(Ljava/lang/Object;Ljava/lang/Object;)[B >"	"bb34"
"< Application, Ltoba/jit/Intel86, LEA(Ljava/lang/Object;Ljava/lang/Object;)[B >"	"bb12"
"< Application, Ltoba/jit/Intel86, relBPop(I)Ltoba/jit/MemoryRef; >"	"bb6"
"< Application, Ltoba/jit/Intel86, valFFlag(Ljava/lang/Object;)I >"	"bb6"
"< Application, Ltoba/jit/CodeBlock, evalBrFIELDLOAD(ILjava/lang/Object;)[B >"	"bb3"
"< Application, Ltoba/jit/Intel86, CBW()[B >"	"bb3"
"< Application, Ltoba/runtime/CodeGen, getInstanceMethodAddrs(Ljava/lang/Class;)[J >"	"bb15"
"< Application, Ltoba/jit/CodeBlock, setLockCodeBytes(Z)Z >"	"bb4"
"< Application, Ltoba/jit/CodeBlock, <init>(Ltoba/classfile/Method;)V >"	"bb3"
"< Application, Ltoba/runtime/CodeGen, buildNativeClass(Ltoba/classfile/ClassData;Ljava/lang/ClassLoader;)Ljava/lang/Class; >"	"bb118"
"< Application, Ltoba/jit/Intel86, UNIMP(I)[B >"	"bb3"
"< Application, Ltoba/jit/Intel86, FpopES()[B >"	"bb6"
"< Application, Ltoba/jit/JIT, <init>()V >"	"bb3"
"< Application, Ltoba/jit/Intel86, IDIV(Ljava/lang/Object;)[B >"	"bb16"
"< Application, Ltoba/InstallClassFile, main([Ljava/lang/String;)V >"	"bb50"
"< Application, Ltoba/classfile/Attribute, <init>(Ljava/io/DataInputStream;[Ltoba/classfile/Constant;)V >"	"bb12"
"< Application, Ltoba/jit/MemoryRef, getDisplacement()I >"	"bb7"
"< Application, Ltoba/jit/JITCodeGen, Prologue(Ltoba/classfile/Method;I)V >"	"bb127"
"< Application, Ltoba/classfile/ClassData, <clinit>()V >"	"bb7"
"< Application, Ltoba/jit/Intel86, OpType(Ljava/lang/Object;)I >"	"bb20"
"< Application, Ltoba/jit/JITCodeGen, EmitIfCmp(Ltoba/classfile/Instr;Ltoba/classfile/Method;)V >"	"bb55"
"< Application, Ltoba/classfile/ClassData, toString()Ljava/lang/String; >"	"bb121"
"< Application, Ltoba/jit/BackpatchInfo, <init>(ILtoba/classfile/Instr;Ljava/lang/Object;ILjava/lang/Object;)V >"	"bb14"
"< Application, Ltoba/classfile/ClassData, getByNameLoader(Ljava/lang/String;Ljava/lang/ClassLoader;)Ltoba/classfile/ClassData; >"	"bb10"
"< Application, Ltoba/jit/Intel86, DpopES()[B >"	"bb7"
"< Application, Ltoba/jit/CodeBlock, BV(Ljava/lang/String;I)I >"	"bb29"
