"< Application, Ltoba/translator/Trans, packagedir, <Application,Ljava/lang/String> >"	java_type_ref("<Primordial,Ljava/lang/String>")
"< Application, Ltoba/classfile/Opcode, ALOAD_1, <Primordial,I> >"	java_type_prim(java_prim_type_int)
"< Application, Ltoba/classfile/Opcode, DSUB, <Primordial,I> >"	java_type_prim(java_prim_type_int)
"< Application, Ltoba/classfile/Opcode, IFGT, <Primordial,I> >"	java_type_prim(java_prim_type_int)
"< Application, Ltoba/jit/JITCodeGen, icaddr, <Primordial,J> >"	java_type_prim(java_prim_type_long)
"< Application, Ltoba/classfile/ClassData, ivtable, <Application,[Ltoba/classfile/Field> >"	java_type_array(java_type_ref("<Application,Ltoba/classfile/Field>"))
"< Application, Ltoba/classfile/Opcode, LASTOR, <Primordial,I> >"	java_type_prim(java_prim_type_int)
"< Application, Ltoba/classfile/IHash, MINSIZE, <Primordial,I> >"	java_type_prim(java_prim_type_int)
"< Application, Ltoba/classfile/Field, FT_double, <Primordial,C> >"	java_type_prim(java_prim_type_char)
"< Application, Ltoba/classfile/Opcode, ACONST_NULL, <Primordial,I> >"	java_type_prim(java_prim_type_int)
"< Application, Ltoba/translator/CFile, declared, <Application,Ljava/util/Hashtable> >"	java_type_ref("<Primordial,Ljava/util/Hashtable>")
"< Application, Ltoba/classfile/Opcode, INT2CHAR, <Primordial,I> >"	java_type_prim(java_prim_type_int)
"< Application, Ltoba/jit/Register, R_ecx, <Application,Ltoba/jit/Register> >"	java_type_ref("<Application,Ltoba/jit/Register>")
"< Application, Ltoba/classfile/Opcode, ILOAD_1, <Primordial,I> >"	java_type_prim(java_prim_type_int)
"< Application, Ltoba/jit/JITCodeGen, FID_long2d, <Primordial,I> >"	java_type_prim(java_prim_type_int)
"< Application, Ltoba/classfile/ClassData, minor, <Primordial,I> >"	java_type_prim(java_prim_type_int)
"< Application, Ltoba/jit/JITCodeGen, IMM_4, <Application,Ltoba/jit/Immediate> >"	java_type_ref("<Application,Ltoba/jit/Immediate>")
"< Application, Ltoba/jit/Intel86, AR_RIP_SIZE, <Primordial,I> >"	java_type_prim(java_prim_type_int)
"< Application, Ltoba/jit/JITCodeGen, FA_anewarray, <Primordial,J> >"	java_type_prim(java_prim_type_long)
"< Application, Ltoba/jit/Register, RV_cl, <Primordial,I> >"	java_type_prim(java_prim_type_int)
"< Application, Ltoba/classfile/Opcode, ISHR, <Primordial,I> >"	java_type_prim(java_prim_type_int)
"< Application, Ltoba/classfile/MethodCode, shouldTimeCodegen, <Primordial,Z> >"	java_type_prim(java_prim_type_boolean)
"< Application, Ltoba/classfile/Opcode, T_CHAR, <Primordial,I> >"	java_type_prim(java_prim_type_int)
"< Application, Ltoba/classfile/ClassData, name, <Application,Ljava/lang/String> >"	java_type_ref("<Primordial,Ljava/lang/String>")
"< Application, Ltoba/classfile/ClassData, RES_CONSTANTS, <Primordial,I> >"	java_type_prim(java_prim_type_int)
"< Application, Ltoba/jit/JITCodeGen, FID_geteltoffs, <Primordial,I> >"	java_type_prim(java_prim_type_int)
"< Application, Ltoba/classfile/ClassData, pseudoSystemClassLoader, <Application,Ljava/lang/Object> >"	java_type_ref("<Primordial,Ljava/lang/Object>")
"< Application, Ltoba/jit/JITCodeGen, R_ah, <Application,Ltoba/jit/Register> >"	java_type_ref("<Application,Ltoba/jit/Register>")
"< Application, Ltoba/classfile/Opcode, D2X2, <Primordial,I> >"	java_type_prim(java_prim_type_int)
"< Application, Ltoba/classfile/Opcode, D2I, <Primordial,I> >"	java_type_prim(java_prim_type_int)
"< Application, Ltoba/classfile/Opcode, FASTOR, <Primordial,I> >"	java_type_prim(java_prim_type_int)
"< Application, Ltoba/classfile/Opcode, IF_ICMPLE, <Primordial,I> >"	java_type_prim(java_prim_type_int)
"< Application, Ltoba/classfile/Opcode, LLOAD_1, <Primordial,I> >"	java_type_prim(java_prim_type_int)
"< Application, Ltoba/classfile/Opcode, IF_ICMPGE, <Primordial,I> >"	java_type_prim(java_prim_type_int)
"< Application, Ltoba/classfile/Opcode, ARETURN, <Primordial,I> >"	java_type_prim(java_prim_type_int)
"< Application, Ltoba/classfile/MethodCode, stbentry, <Primordial,J> >"	java_type_prim(java_prim_type_long)
"< Application, Ltoba/jit/Intel86, DFlag, <Primordial,I> >"	java_type_prim(java_prim_type_int)
"< Application, Ltoba/jit/JITCodeGen, FA_longmul, <Primordial,J> >"	java_type_prim(java_prim_type_long)
"< Application, Ltoba/runtime/ClassRT, IS_SETUP, <Primordial,I> >"	java_type_prim(java_prim_type_int)
"< Application, Ltoba/jit/JITCodeGen, FID_longshift, <Primordial,I> >"	java_type_prim(java_prim_type_int)
"< Application, Ltoba/jit/CodeBlock, bpinfo, <Application,Ltoba/jit/BackpatchInfo> >"	java_type_ref("<Application,Ltoba/jit/BackpatchInfo>")
"< Application, Ltoba/jit/JITCodeGen, FA_longshift, <Primordial,J> >"	java_type_prim(java_prim_type_long)
"< Application, Ltoba/jit/JITCodeGen, ARLV_oldbuf, <Primordial,I> >"	java_type_prim(java_prim_type_int)
"< Application, Ltoba/jit/JITCodeGen, R_ST1, <Application,Ltoba/jit/Register> >"	java_type_ref("<Application,Ltoba/jit/Register>")
"< Application, Ltoba/classfile/Opcode, GOTO_W, <Primordial,I> >"	java_type_prim(java_prim_type_int)
"< Application, Ltoba/classfile/Opcode, FLOAD_3, <Primordial,I> >"	java_type_prim(java_prim_type_int)
"< Application, Ltoba/classfile/FieldRef, signature, <Application,Ljava/lang/String> >"	java_type_ref("<Primordial,Ljava/lang/String>")
"< Application, Ltoba/classfile/ClassData, myRef, <Application,Ltoba/classfile/ClassRef> >"	java_type_ref("<Application,Ltoba/classfile/ClassRef>")
"< Application, Ltoba/classfile/Opcode, ILOAD_0, <Primordial,I> >"	java_type_prim(java_prim_type_int)
"< Application, Ltoba/classfile/Opcode, LDIV, <Primordial,I> >"	java_type_prim(java_prim_type_int)
"< Application, Ltoba/classfile/Instr, pc, <Primordial,I> >"	java_type_prim(java_prim_type_int)
"< Application, Ltoba/classfile/Opcode, IF_ICMPNE, <Primordial,I> >"	java_type_prim(java_prim_type_int)
"< Application, Ltoba/classfile/ClassFile, file, <Application,Ljava/io/File> >"	java_type_ref("<Primordial,Ljava/io/File>")
"< Application, Ltoba/classfile/Field, FT_boolean, <Primordial,C> >"	java_type_prim(java_prim_type_char)
"< Application, Ltoba/jit/Register, RV_eax, <Primordial,I> >"	java_type_prim(java_prim_type_int)
"< Application, Ltoba/classfile/FieldRef, refField, <Application,Ltoba/classfile/Field> >"	java_type_ref("<Application,Ltoba/classfile/Field>")
"< Application, Ltoba/classfile/Opcode, table, <Application,[Ltoba/classfile/Opcode> >"	java_type_array(java_type_ref("<Application,Ltoba/classfile/Opcode>"))
"< Application, Ltoba/jit/JITCodeGen, R_ST7, <Application,Ltoba/jit/Register> >"	java_type_ref("<Application,Ltoba/jit/Register>")
"< Application, Ltoba/jit/JITCodeGen, overheadSize, <Primordial,I> >"	java_type_prim(java_prim_type_int)
"< Application, Ltoba/classfile/Names, HashLength, <Primordial,I> >"	java_type_prim(java_prim_type_int)
"< Application, Ltoba/jit/CodeBlock, brLOADCodeLbl, <Primordial,I> >"	java_type_prim(java_prim_type_int)
"< Application, Ltoba/jit/Register, RV_bl, <Primordial,I> >"	java_type_prim(java_prim_type_int)
"< Application, Ltoba/jit/JITCodeGen, IO_mythread_exception, <Application,Ltoba/jit/Immediate> >"	java_type_ref("<Application,Ltoba/jit/Immediate>")
"< Application, Ltoba/classfile/Opcode, LDC2_W, <Primordial,I> >"	java_type_prim(java_prim_type_int)
"< Application, Ltoba/jit/CodeBlock, brLOAD, <Primordial,I> >"	java_type_prim(java_prim_type_int)
"< Application, Ltoba/jit/BackpatchInfo, treg, <Application,Ljava/lang/Object> >"	java_type_ref("<Primordial,Ljava/lang/Object>")
"< Application, Ltoba/jit/CodeBlock, brLOADCodeRel, <Primordial,I> >"	java_type_prim(java_prim_type_int)
"< Application, Ltoba/classfile/Opcode, LSTORE_2, <Primordial,I> >"	java_type_prim(java_prim_type_int)
"< Application, Ltoba/classfile/Constant, METHOD, <Primordial,I> >"	java_type_prim(java_prim_type_int)
"< Application, Ltoba/classfile/Opcode, DCONST_1, <Primordial,I> >"	java_type_prim(java_prim_type_int)
"< Application, Ltoba/classfile/Opcode, ISTAT, <Primordial,I> >"	java_type_prim(java_prim_type_int)
"< Application, Ltoba/jit/Register, R_edi, <Application,Ltoba/jit/Register> >"	java_type_ref("<Application,Ltoba/jit/Register>")
"< Application, Ltoba/jit/JITCodeGen, ARLV_monitorheld, <Primordial,I> >"	java_type_prim(java_prim_type_int)
"< Application, Ltoba/jit/Intel86, CND_nz, <Primordial,I> >"	java_type_prim(java_prim_type_int)
"< Application, Ltoba/jit/Intel86, AR_EDI_SIZE, <Primordial,I> >"	java_type_prim(java_prim_type_int)
"< Application, Ltoba/jit/CodeBlock, brLOADNatCl, <Primordial,I> >"	java_type_prim(java_prim_type_int)
"< Application, Ltoba/classfile/Opcode, IF_ICMPGT, <Primordial,I> >"	java_type_prim(java_prim_type_int)
"< Application, Ltoba/classfile/Opcode, DCONST_0, <Primordial,I> >"	java_type_prim(java_prim_type_int)
"< Application, Ltoba/classfile/Instr, opcode, <Application,Ltoba/classfile/Opcode> >"	java_type_ref("<Application,Ltoba/classfile/Opcode>")
"< Application, Ltoba/jit/Intel86, eStackBase, <Primordial,I> >"	java_type_prim(java_prim_type_int)
"< Application, Ltoba/classfile/Opcode, T_FLOAT, <Primordial,I> >"	java_type_prim(java_prim_type_int)
"< Application, Ltoba/classfile/Opcode, BPOINT, <Primordial,I> >"	java_type_prim(java_prim_type_int)
"< Application, Ltoba/jit/BackpatchInfo, isDone, <Primordial,Z> >"	java_type_prim(java_prim_type_boolean)
"< Application, Ltoba/classfile/Opcode, SWCH, <Primordial,I> >"	java_type_prim(java_prim_type_int)
"< Application, Ltoba/jit/Register, R_ST0, <Application,Ltoba/jit/Register> >"	java_type_ref("<Application,Ltoba/jit/Register>")
"< Application, Ltoba/classfile/Opcode, FCMPG, <Primordial,I> >"	java_type_prim(java_prim_type_int)
"< Application, Ltoba/classfile/Opcode, ARRAYLOAD, <Primordial,I> >"	java_type_prim(java_prim_type_int)
"< Application, Ltoba/jit/Register, RV_esi, <Primordial,I> >"	java_type_prim(java_prim_type_int)
"< Application, Ltoba/jit/CodeBlock, allNativeCode, <Primordial,Z> >"	java_type_prim(java_prim_type_boolean)
"< Application, Ltoba/classfile/Method, instrs, <Application,[Ltoba/classfile/Instr> >"	java_type_array(java_type_ref("<Application,Ltoba/classfile/Instr>"))
"< Application, Ltoba/classfile/Opcode, T_LONG, <Primordial,I> >"	java_type_prim(java_prim_type_int)
"< Application, Ltoba/jit/JITCodeGen, FA_longrem, <Primordial,J> >"	java_type_prim(java_prim_type_long)
"< Application, Ltoba/classfile/Opcode, CMP, <Primordial,I> >"	java_type_prim(java_prim_type_int)
"< Application, Ltoba/jit/JITCodeGen, R_ST0, <Application,Ltoba/jit/Register> >"	java_type_ref("<Application,Ltoba/jit/Register>")
"< Application, Ltoba/classfile/Opcode, WIDE, <Primordial,I> >"	java_type_prim(java_prim_type_int)
"< Application, Ltoba/jit/JITCodeGen, FID_throwCCE, <Primordial,I> >"	java_type_prim(java_prim_type_int)
"< Application, Ltoba/jit/JITCodeGen, FID_timeSliceEnd, <Primordial,I> >"	java_type_prim(java_prim_type_int)
"< Application, Ltoba/classfile/MethodCode, resolveTime, <Primordial,I> >"	java_type_prim(java_prim_type_int)
"< Application, Ltoba/classfile/Opcode, T_DOUBLE, <Primordial,I> >"	java_type_prim(java_prim_type_int)
"< Application, Ltoba/classfile/Opcode, BINOP, <Primordial,I> >"	java_type_prim(java_prim_type_int)
"< Application, Ltoba/classfile/Instr, isTarget, <Primordial,Z> >"	java_type_prim(java_prim_type_boolean)
"< Application, Ltoba/jit/Intel86, SFlag, <Primordial,I> >"	java_type_prim(java_prim_type_int)
"< Application, Ltoba/jit/JITCodeGen, FA_new, <Primordial,J> >"	java_type_prim(java_prim_type_long)
"< Application, Ltoba/jit/CodeBlock, handlerTableAddress, <Primordial,J> >"	java_type_prim(java_prim_type_long)
"< Application, Ltoba/classfile/Opcode, IVIRT, <Primordial,I> >"	java_type_prim(java_prim_type_int)
"< Application, Ltoba/classfile/Opcode, CASTOR, <Primordial,I> >"	java_type_prim(java_prim_type_int)
"< Application, Ltoba/classfile/Opcode, length, <Primordial,I> >"	java_type_prim(java_prim_type_int)
"< Application, Ltoba/jit/Immediate, value, <Primordial,I> >"	java_type_prim(java_prim_type_int)
"< Application, Ltoba/classfile/ClassData, superclass, <Application,Ltoba/classfile/ClassData> >"	java_type_ref("<Application,Ltoba/classfile/ClassData>")
"< Application, Ltoba/classfile/Opcode, LSTORE, <Primordial,I> >"	java_type_prim(java_prim_type_int)
"< Application, Ltoba/jit/Register, R_eax, <Application,Ltoba/jit/Register> >"	java_type_ref("<Application,Ltoba/jit/Register>")
"< Application, Ltoba/classfile/Opcode, PC, <Primordial,I> >"	java_type_prim(java_prim_type_int)
"< Application, Ltoba/jit/BackpatchInfo, brtype, <Primordial,I> >"	java_type_prim(java_prim_type_int)
"< Application, Ltoba/translator/CFile, TOBA_CLASSSTRUCT_VERSION, <Primordial,I> >"	java_type_prim(java_prim_type_int)
"< Application, Ltoba/classfile/FieldRef, name, <Application,Ljava/lang/String> >"	java_type_ref("<Primordial,Ljava/lang/String>")
"< Application, Ltoba/jit/JITCodeGen, OID_class_flags, <Primordial,I> >"	java_type_prim(java_prim_type_int)
"< Application, Ltoba/jit/JITCodeGen, FA_throwNPE, <Primordial,J> >"	java_type_prim(java_prim_type_long)
"< Application, Ltoba/classfile/Opcode, IRETURN, <Primordial,I> >"	java_type_prim(java_prim_type_int)
"< Application, Ltoba/jit/Intel86, CND_ne, <Primordial,I> >"	java_type_prim(java_prim_type_int)
"< Application, Ltoba/classfile/Opcode, I32, <Primordial,I> >"	java_type_prim(java_prim_type_int)
"< Application, Ltoba/jit/JITCodeGen, FMA_timeNow, <Application,Ltoba/jit/MemoryRef> >"	java_type_ref("<Application,Ltoba/jit/MemoryRef>")
"< Application, Ltoba/jit/Register, R_ST6, <Application,Ltoba/jit/Register> >"	java_type_ref("<Application,Ltoba/jit/Register>")
"< Application, Ltoba/classfile/Attribute, name, <Application,Ljava/lang/String> >"	java_type_ref("<Primordial,Ljava/lang/String>")
"< Application, Ltoba/classfile/Names, MaxIdLength, <Primordial,I> >"	java_type_prim(java_prim_type_int)
"< Application, Ltoba/classfile/Opcode, LSTORE_1, <Primordial,I> >"	java_type_prim(java_prim_type_int)
"< Application, Ltoba/classfile/Opcode, ISTORE_3, <Primordial,I> >"	java_type_prim(java_prim_type_int)
"< Application, Ltoba/classfile/Instr, after, <Application,Ljava/lang/String> >"	java_type_ref("<Primordial,Ljava/lang/String>")
"< Application, Ltoba/classfile/Opcode, AALOAD, <Primordial,I> >"	java_type_prim(java_prim_type_int)
"< Application, Ltoba/jit/JITCodeGen, FID_findhandler, <Primordial,I> >"	java_type_prim(java_prim_type_int)
"< Application, Ltoba/classfile/Opcode, GETS, <Primordial,I> >"	java_type_prim(java_prim_type_int)
"< Application, Ltoba/classfile/Instr, before, <Application,Ljava/lang/String> >"	java_type_ref("<Primordial,Ljava/lang/String>")
"< Application, Ltoba/jit/JITCodeGen, OID_class_nsupers, <Primordial,I> >"	java_type_prim(java_prim_type_int)
"< Application, Ltoba/jit/Register, RV_ch, <Primordial,I> >"	java_type_prim(java_prim_type_int)
"< Application, Ltoba/jit/CodeBlock, brACALL, <Primordial,I> >"	java_type_prim(java_prim_type_int)
"< Application, Ltoba/classfile/Handler, type, <Application,Ltoba/classfile/ClassRef> >"	java_type_ref("<Application,Ltoba/classfile/ClassRef>")
"< Application, Ltoba/classfile/IHash, mask, <Primordial,I> >"	java_type_prim(java_prim_type_int)
"< Application, Ltoba/jit/Register, R_ebx, <Application,Ltoba/jit/Register> >"	java_type_ref("<Application,Ltoba/jit/Register>")
"< Application, Ltoba/jit/Intel86, WFlag, <Primordial,I> >"	java_type_prim(java_prim_type_int)
"< Application, Ltoba/classfile/Method, JVM_TYPES, <Application,Ljava/lang/String> >"	java_type_ref("<Primordial,Ljava/lang/String>")
"< Application, Ltoba/classfile/IHash, hlist, <Application,[Ltoba/classfile/Field> >"	java_type_array(java_type_ref("<Application,Ltoba/classfile/Field>"))
"< Application, Ltoba/classfile/Opcode, IFGE, <Primordial,I> >"	java_type_prim(java_prim_type_int)
"< Application, Ltoba/jit/CodeBlock, brINITSwitchTable, <Primordial,I> >"	java_type_prim(java_prim_type_int)
"< Application, Ltoba/jit/JITCodeGen, OID_barray_data, <Primordial,I> >"	java_type_prim(java_prim_type_int)
"< Application, Ltoba/jit/JITCodeGen, R_al, <Application,Ltoba/jit/Register> >"	java_type_ref("<Application,Ltoba/jit/Register>")
"< Application, Ltoba/jit/Intel86, CND_b, <Primordial,I> >"	java_type_prim(java_prim_type_int)
"< Application, Ltoba/classfile/Opcode, ICONST_0, <Primordial,I> >"	java_type_prim(java_prim_type_int)
"< Application, Ltoba/classfile/Opcode, DSTORE_3, <Primordial,I> >"	java_type_prim(java_prim_type_int)
"< Application, Ltoba/classfile/Instr, succ, <Application,Ltoba/classfile/Instr> >"	java_type_ref("<Application,Ltoba/classfile/Instr>")
"< Application, Ltoba/classfile/Constant, UTF8, <Primordial,I> >"	java_type_prim(java_prim_type_int)
"< Application, Ltoba/jit/Intel86, CND_ae, <Primordial,I> >"	java_type_prim(java_prim_type_int)
"< Application, Ltoba/jit/Register, R_bh, <Application,Ltoba/jit/Register> >"	java_type_ref("<Application,Ltoba/jit/Register>")
"< Application, Ltoba/classfile/Opcode, F2D, <Primordial,I> >"	java_type_prim(java_prim_type_int)
"< Application, Ltoba/classfile/Attribute, data, <Primordial,[B> >"	java_type_array(java_type_prim(java_prim_type_byte))
"< Application, Ltoba/classfile/Opcode, CALOAD, <Primordial,I> >"	java_type_prim(java_prim_type_int)
"< Application, Ltoba/classfile/ClassRef, rccache, <Application,Ljava/util/Hashtable> >"	java_type_ref("<Primordial,Ljava/util/Hashtable>")
"< Application, Ltoba/classfile/Opcode, push, <Application,Ljava/lang/String> >"	java_type_ref("<Primordial,Ljava/lang/String>")
"< Application, Ltoba/classfile/ClassData, RES_NONE, <Primordial,I> >"	java_type_prim(java_prim_type_int)
"< Application, Ltoba/classfile/Opcode, DLOAD, <Primordial,I> >"	java_type_prim(java_prim_type_int)
"< Application, Ltoba/classfile/ClassData, state, <Primordial,I> >"	java_type_prim(java_prim_type_int)
"< Application, Ltoba/classfile/Opcode, LSHR, <Primordial,I> >"	java_type_prim(java_prim_type_int)
"< Application, Ltoba/classfile/Field, FT_array, <Primordial,C> >"	java_type_prim(java_prim_type_char)
"< Application, Ltoba/jit/JITCodeGen, FID_throwNASE, <Primordial,I> >"	java_type_prim(java_prim_type_int)
"< Application, Ltoba/jit/JITCodeGen, FID_mythread, <Primordial,I> >"	java_type_prim(java_prim_type_int)
"< Application, Ltoba/classfile/Opcode, pop, <Primordial,I> >"	java_type_prim(java_prim_type_int)
"< Application, Ltoba/classfile/Constant, FLOAT, <Primordial,I> >"	java_type_prim(java_prim_type_int)
"< Application, Ltoba/classfile/Opcode, FSTORE_3, <Primordial,I> >"	java_type_prim(java_prim_type_int)
"< Application, Ltoba/jit/JITCodeGen, FID_initclass, <Primordial,I> >"	java_type_prim(java_prim_type_int)
"< Application, Ltoba/classfile/ClassData, ACC_SYNCHRONIZED, <Primordial,I> >"	java_type_prim(java_prim_type_int)
"< Application, Ltoba/classfile/Method, varused, <Application,[Ljava/util/BitSet> >"	java_type_array(java_type_ref("<Primordial,Ljava/util/BitSet>"))
"< Application, Ltoba/jit/Intel86, OT_mem, <Primordial,I> >"	java_type_prim(java_prim_type_int)
"< Application, Ltoba/translator/Trans, dbgAll, <Primordial,C> >"	java_type_prim(java_prim_type_char)
"< Application, Ltoba/jit/JITCodeGen, ARLV_pc, <Primordial,I> >"	java_type_prim(java_prim_type_int)
"< Application, Ltoba/translator/MethGen, nullJump, <Primordial,Z> >"	java_type_prim(java_prim_type_boolean)
"< Application, Ltoba/classfile/Opcode, MNEWA, <Primordial,I> >"	java_type_prim(java_prim_type_int)
"< Application, Ltoba/classfile/Opcode, LLOAD_3, <Primordial,I> >"	java_type_prim(java_prim_type_int)
"< Application, Ltoba/classfile/Instr, xseg, <Primordial,I> >"	java_type_prim(java_prim_type_int)
"< Application, Ltoba/classfile/Constant, NAMETYPE, <Primordial,I> >"	java_type_prim(java_prim_type_int)
"< Application, Ltoba/classfile/Opcode, SASTOR, <Primordial,I> >"	java_type_prim(java_prim_type_int)
"< Application, Ltoba/classfile/Opcode, INEG, <Primordial,I> >"	java_type_prim(java_prim_type_int)
"< Application, Ltoba/classfile/MethodCode, TMIT_uninstalled_jit, <Primordial,I> >"	java_type_prim(java_prim_type_int)
"< Application, Ltoba/classfile/Opcode, FLOAD_0, <Primordial,I> >"	java_type_prim(java_prim_type_int)
"< Application, Ltoba/jit/JITCodeGen, FA_CodeBlock_resolveCode, <Primordial,J> >"	java_type_prim(java_prim_type_long)
"< Application, Ltoba/jit/JITCodeGen, IO_barray_data, <Application,Ltoba/jit/Immediate> >"	java_type_ref("<Application,Ltoba/jit/Immediate>")
"< Application, Ltoba/jit/JITCodeGen, R_ST2, <Application,Ltoba/jit/Register> >"	java_type_ref("<Application,Ltoba/jit/Register>")
"< Application, Ltoba/classfile/ClassData, smtable, <Application,[Ltoba/classfile/Field> >"	java_type_array(java_type_ref("<Application,Ltoba/classfile/Field>"))
"< Application, Ltoba/jit/BackpatchInfo, or, <Application,Ljava/lang/Object> >"	java_type_ref("<Primordial,Ljava/lang/Object>")
"< Application, Ltoba/classfile/ClassData, ACC_NATIVE, <Primordial,I> >"	java_type_prim(java_prim_type_int)
"< Application, Ltoba/classfile/MethodCode, TMIT_LAST_ENUM, <Primordial,I> >"	java_type_prim(java_prim_type_int)
"< Application, Ltoba/jit/JITCodeGen, R_edi, <Application,Ltoba/jit/Register> >"	java_type_ref("<Application,Ltoba/jit/Register>")
"< Application, Ltoba/jit/CodeBlock, checkWordAlign, <Primordial,Z> >"	java_type_prim(java_prim_type_boolean)
"< Application, Ltoba/classfile/Opcode, PUTF, <Primordial,I> >"	java_type_prim(java_prim_type_int)
"< Application, Ltoba/classfile/ClassData, visiblevars, <Application,Ljava/util/Hashtable> >"	java_type_ref("<Primordial,Ljava/util/Hashtable>")
"< Application, Ltoba/classfile/Opcode, CTAB, <Primordial,I> >"	java_type_prim(java_prim_type_int)
"< Application, Ltoba/jit/Register, R_ch, <Application,Ltoba/jit/Register> >"	java_type_ref("<Application,Ltoba/jit/Register>")
"< Application, Ltoba/translator/Trans, classBufferSize, <Primordial,I> >"	java_type_prim(java_prim_type_int)
"< Application, Ltoba/jit/JITCodeGen, FA_intrem, <Primordial,J> >"	java_type_prim(java_prim_type_long)
"< Application, Ltoba/jit/JITCodeGen, excOheadSize, <Primordial,[I> >"	java_type_array(java_type_prim(java_prim_type_int))
"< Application, Ltoba/translator/Trans, peekBufferSize, <Primordial,I> >"	java_type_prim(java_prim_type_int)
"< Application, Ltoba/classfile/Instr, isReached, <Primordial,Z> >"	java_type_prim(java_prim_type_boolean)
"< Application, Ltoba/jit/MemoryRef, basereg, <Application,Ltoba/jit/Register> >"	java_type_ref("<Application,Ltoba/jit/Register>")
"< Application, Ltoba/classfile/Opcode, IF_ICMPEQ, <Primordial,I> >"	java_type_prim(java_prim_type_int)
"< Application, Ltoba/translator/Trans, autodep, <Primordial,Z> >"	java_type_prim(java_prim_type_boolean)
"< Application, Ltoba/classfile/Opcode, DIVOP, <Primordial,I> >"	java_type_prim(java_prim_type_int)
"< Application, Ltoba/classfile/Opcode, IINTR, <Primordial,I> >"	java_type_prim(java_prim_type_int)
"< Application, Ltoba/jit/Intel86, OT_fpstack, <Primordial,I> >"	java_type_prim(java_prim_type_int)
"< Application, Ltoba/jit/JITCodeGen, FA_throwJITIntErr, <Primordial,J> >"	java_type_prim(java_prim_type_long)
"< Application, Ltoba/jit/Register, RV_dh, <Primordial,I> >"	java_type_prim(java_prim_type_int)
"< Application, Ltoba/jit/JITCodeGen, overheadOffs, <Primordial,I> >"	java_type_prim(java_prim_type_int)
"< Application, Ltoba/jit/Intel86, CND_nae, <Primordial,I> >"	java_type_prim(java_prim_type_int)
"< Application, Ltoba/translator/Trans, cBufferSize, <Primordial,I> >"	java_type_prim(java_prim_type_int)
"< Application, Ltoba/classfile/ClassData, imtable, <Application,[Ltoba/classfile/Field> >"	java_type_array(java_type_ref("<Application,Ltoba/classfile/Field>"))
"< Application, Ltoba/classfile/Opcode, DNEG, <Primordial,I> >"	java_type_prim(java_prim_type_int)
"< Application, Ltoba/classfile/Opcode, LLOAD, <Primordial,I> >"	java_type_prim(java_prim_type_int)
"< Application, Ltoba/classfile/Constant, TagToName, <Application,[Ljava/lang/String> >"	java_type_array(java_type_ref("<Primordial,Ljava/lang/String>"))
"< Application, Ltoba/classfile/Instr, val, <Primordial,I> >"	java_type_prim(java_prim_type_int)
"< Application, Ltoba/jit/Register, isfpreg, <Primordial,Z> >"	java_type_prim(java_prim_type_boolean)
"< Application, Ltoba/classfile/Opcode, IAND, <Primordial,I> >"	java_type_prim(java_prim_type_int)
"< Application, Ltoba/classfile/MethodCode, TMIT_undefined, <Primordial,I> >"	java_type_prim(java_prim_type_int)
"< Application, Ltoba/classfile/Opcode, LOR, <Primordial,I> >"	java_type_prim(java_prim_type_int)
"< Application, Ltoba/classfile/MethodCode, isResolved, <Primordial,Z> >"	java_type_prim(java_prim_type_boolean)
"< Application, Ltoba/jit/JITCodeGen, FID_longcmp, <Primordial,I> >"	java_type_prim(java_prim_type_int)
"< Application, Ltoba/classfile/Field, hashcode, <Primordial,I> >"	java_type_prim(java_prim_type_int)
"< Application, Ltoba/jit/Intel86, CND_p, <Primordial,I> >"	java_type_prim(java_prim_type_int)
"< Application, Ltoba/classfile/Opcode, INT2BYTE, <Primordial,I> >"	java_type_prim(java_prim_type_int)
"< Application, Ltoba/classfile/Opcode, D2F, <Primordial,I> >"	java_type_prim(java_prim_type_int)
"< Application, Ltoba/classfile/Opcode, IFEQ, <Primordial,I> >"	java_type_prim(java_prim_type_int)
"< Application, Ltoba/classfile/Opcode, NFT, <Primordial,I> >"	java_type_prim(java_prim_type_int)
"< Application, Ltoba/jit/Intel86, CND_o, <Primordial,I> >"	java_type_prim(java_prim_type_int)
"< Application, Ltoba/classfile/Opcode, GOTO, <Primordial,I> >"	java_type_prim(java_prim_type_int)
"< Application, Ltoba/jit/JITCodeGen, FA_dtol, <Primordial,J> >"	java_type_prim(java_prim_type_long)
"< Application, Ltoba/classfile/Opcode, UNS, <Primordial,I> >"	java_type_prim(java_prim_type_int)
"< Application, Ltoba/classfile/Field, access, <Primordial,I> >"	java_type_prim(java_prim_type_int)
"< Application, Ltoba/classfile/Opcode, ICONST_M1, <Primordial,I> >"	java_type_prim(java_prim_type_int)
"< Application, Ltoba/classfile/Instr, more, <Primordial,[I> >"	java_type_array(java_type_prim(java_prim_type_int))
"< Application, Ltoba/jit/JITCodeGen, useScoutThreadPreemption, <Primordial,Z> >"	java_type_prim(java_prim_type_boolean)
"< Application, Ltoba/jit/CodeBlock, jumpFromNextInstr, <Primordial,Z> >"	java_type_prim(java_prim_type_boolean)
"< Application, Ltoba/translator/Trans, PROGNAME, <Application,Ljava/lang/String> >"	java_type_ref("<Primordial,Ljava/lang/String>")
"< Application, Ltoba/jit/CodeBlock, brJUMP, <Primordial,I> >"	java_type_prim(java_prim_type_int)
"< Application, Ltoba/classfile/Opcode, LREM, <Primordial,I> >"	java_type_prim(java_prim_type_int)
"< Application, Ltoba/classfile/Opcode, DUPX2, <Primordial,I> >"	java_type_prim(java_prim_type_int)
"< Application, Ltoba/jit/Register, RV_bh, <Primordial,I> >"	java_type_prim(java_prim_type_int)
"< Application, Ltoba/classfile/Opcode, ASTORE_1, <Primordial,I> >"	java_type_prim(java_prim_type_int)
"< Application, Ltoba/classfile/ClassData, rts, <Application,Ljava/lang/Runtime> >"	java_type_ref("<Primordial,Ljava/lang/Runtime>")
"< Application, Ltoba/jit/Intel86, CND_na, <Primordial,I> >"	java_type_prim(java_prim_type_int)
"< Application, Ltoba/classfile/Names, MaxSigLength, <Primordial,I> >"	java_type_prim(java_prim_type_int)
"< Application, Ltoba/runtime/ClassRT, IS_INTERFACE, <Primordial,I> >"	java_type_prim(java_prim_type_int)
"< Application, Ltoba/jit/CodeBlock, brLOADCodeAbs, <Primordial,I> >"	java_type_prim(java_prim_type_int)
"< Application, Ltoba/classfile/Constant, INTEGER, <Primordial,I> >"	java_type_prim(java_prim_type_int)
"< Application, Ltoba/classfile/Method, numLabels, <Primordial,I> >"	java_type_prim(java_prim_type_int)
"< Application, Ltoba/classfile/ClassData, methods, <Application,[Ltoba/classfile/Field> >"	java_type_array(java_type_ref("<Application,Ltoba/classfile/Field>"))
"< Application, Ltoba/jit/JITCodeGen, IO_mtgeneric_f, <Application,Ltoba/jit/Immediate> >"	java_type_ref("<Application,Ltoba/jit/Immediate>")
"< Application, Ltoba/classfile/Opcode, NOP, <Primordial,I> >"	java_type_prim(java_prim_type_int)
"< Application, Ltoba/jit/CodeBlock, brCLREFLOAD, <Primordial,I> >"	java_type_prim(java_prim_type_int)
"< Application, Ltoba/classfile/Opcode, FLOAD_1, <Primordial,I> >"	java_type_prim(java_prim_type_int)
"< Application, Ltoba/translator/Trans, fileheader, <Application,Ljava/lang/String> >"	java_type_ref("<Primordial,Ljava/lang/String>")
"< Application, Ltoba/classfile/ClassData, cname, <Application,Ljava/lang/String> >"	java_type_ref("<Primordial,Ljava/lang/String>")
"< Application, Ltoba/classfile/Opcode, POP2, <Primordial,I> >"	java_type_prim(java_prim_type_int)
"< Application, Ltoba/classfile/ClassData, fields, <Application,[Ltoba/classfile/Field> >"	java_type_array(java_type_ref("<Application,Ltoba/classfile/Field>"))
"< Application, Ltoba/classfile/ClassData, cvtable, <Application,[Ltoba/classfile/Field> >"	java_type_array(java_type_ref("<Application,Ltoba/classfile/Field>"))
"< Application, Ltoba/classfile/ClassFile, trace, <Primordial,Z> >"	java_type_prim(java_prim_type_boolean)
"< Application, Ltoba/jit/JITCodeGen, ARLV_insref, <Primordial,I> >"	java_type_prim(java_prim_type_int)
"< Application, Ltoba/jit/JITCodeGen, FA_sthread_got_exc, <Primordial,J> >"	java_type_prim(java_prim_type_long)
"< Application, Ltoba/classfile/ClassData, access, <Primordial,I> >"	java_type_prim(java_prim_type_int)
"< Application, Ltoba/classfile/MethodCode, TMIT_native_code, <Primordial,I> >"	java_type_prim(java_prim_type_int)
"< Application, Ltoba/classfile/Field, overrides, <Primordial,I> >"	java_type_prim(java_prim_type_int)
"< Application, Ltoba/classfile/ClassData, ACC_PUBLIC, <Primordial,I> >"	java_type_prim(java_prim_type_int)
"< Application, Ltoba/runtime/CodeGen, generator, <Application,Ltoba/runtime/CodeGen> >"	java_type_ref("<Application,Ltoba/runtime/CodeGen>")
"< Application, Ltoba/classfile/Names, MinIdUsed, <Primordial,I> >"	java_type_prim(java_prim_type_int)
"< Application, Ltoba/classfile/Opcode, ICONST_5, <Primordial,I> >"	java_type_prim(java_prim_type_int)
"< Application, Ltoba/classfile/ClassData, symtab, <Application,Ljava/util/Hashtable> >"	java_type_ref("<Primordial,Ljava/util/Hashtable>")
"< Application, Ltoba/classfile/ClassData, ACC_TRANSIENT, <Primordial,I> >"	java_type_prim(java_prim_type_int)
"< Application, Ltoba/classfile/Opcode, DSTORE_1, <Primordial,I> >"	java_type_prim(java_prim_type_int)
"< Application, Ltoba/classfile/Opcode, LUSHR, <Primordial,I> >"	java_type_prim(java_prim_type_int)
"< Application, Ltoba/jit/JITCodeGen, FID_longdiv, <Primordial,I> >"	java_type_prim(java_prim_type_int)
"< Application, Ltoba/classfile/Opcode, IFNULL, <Primordial,I> >"	java_type_prim(java_prim_type_int)
"< Application, Ltoba/jit/JITCodeGen, FA_longdiv, <Primordial,J> >"	java_type_prim(java_prim_type_long)
"< Application, Ltoba/classfile/Opcode, IREM, <Primordial,I> >"	java_type_prim(java_prim_type_int)
"< Application, Ltoba/jit/JITCodeGen, R_esi, <Application,Ltoba/jit/Register> >"	java_type_ref("<Application,Ltoba/jit/Register>")
"< Application, Ltoba/jit/Intel86, CND_s, <Primordial,I> >"	java_type_prim(java_prim_type_int)
"< Application, Ltoba/classfile/Opcode, LCONST_1, <Primordial,I> >"	java_type_prim(java_prim_type_int)
"< Application, Ltoba/translator/CFile, strnums, <Primordial,[I> >"	java_type_array(java_type_prim(java_prim_type_int))
"< Application, Ltoba/classfile/Opcode, IFNONNULL, <Primordial,I> >"	java_type_prim(java_prim_type_int)
"< Application, Ltoba/jit/Intel86, CND_nle, <Primordial,I> >"	java_type_prim(java_prim_type_int)
"< Application, Ltoba/classfile/Opcode, BALOAD, <Primordial,I> >"	java_type_prim(java_prim_type_int)
"< Application, Ltoba/jit/CodeBlock, littleEndian, <Primordial,Z> >"	java_type_prim(java_prim_type_boolean)
"< Application, Ltoba/jit/JITCodeGen, FA_throwNASE, <Primordial,J> >"	java_type_prim(java_prim_type_long)
"< Application, Ltoba/jit/Intel86, CND_le, <Primordial,I> >"	java_type_prim(java_prim_type_int)
"< Application, Ltoba/jit/JITCodeGen, FA_longcmp, <Primordial,J> >"	java_type_prim(java_prim_type_long)
"< Application, Ltoba/classfile/Opcode, MEXIT, <Primordial,I> >"	java_type_prim(java_prim_type_int)
"< Application, Ltoba/translator/CFile, HColMax, <Primordial,I> >"	java_type_prim(java_prim_type_int)
"< Application, Ltoba/jit/JITCodeGen, FMA_timeSliceEnd, <Application,Ltoba/jit/MemoryRef> >"	java_type_ref("<Application,Ltoba/jit/MemoryRef>")
"< Application, Ltoba/classfile/Opcode, FMUL, <Primordial,I> >"	java_type_prim(java_prim_type_int)
"< Application, Ltoba/jit/CodeBlock, numCodeBytes, <Primordial,I> >"	java_type_prim(java_prim_type_int)
"< Application, Ltoba/classfile/Opcode, IOR, <Primordial,I> >"	java_type_prim(java_prim_type_int)
"< Application, Ltoba/classfile/Opcode, IF_ACMPNE, <Primordial,I> >"	java_type_prim(java_prim_type_int)
"< Application, Ltoba/jit/JITCodeGen, FID_athrow, <Primordial,I> >"	java_type_prim(java_prim_type_int)
"< Application, Ltoba/classfile/Opcode, AASTOR, <Primordial,I> >"	java_type_prim(java_prim_type_int)
"< Application, Ltoba/jit/JITCodeGen, R_ch, <Application,Ltoba/jit/Register> >"	java_type_ref("<Application,Ltoba/jit/Register>")
"< Application, Ltoba/translator/Trans, mBufferSize, <Primordial,I> >"	java_type_prim(java_prim_type_int)
"< Application, Ltoba/jit/JITCodeGen, FA_backjumpfn, <Primordial,J> >"	java_type_prim(java_prim_type_long)
"< Application, Ltoba/classfile/Opcode, code, <Primordial,I> >"	java_type_prim(java_prim_type_int)
"< Application, Ltoba/jit/JITCodeGen, FA_puts, <Primordial,J> >"	java_type_prim(java_prim_type_long)
"< Application, Ltoba/classfile/Method, pcmap, <Primordial,[S> >"	java_type_array(java_type_prim(java_prim_type_short))
"< Application, Ltoba/jit/JITCodeGen, FID_dtol, <Primordial,I> >"	java_type_prim(java_prim_type_int)
"< Application, Ltoba/jit/JITCodeGen, FA_throwCCE, <Primordial,J> >"	java_type_prim(java_prim_type_long)
"< Application, Ltoba/classfile/Opcode, L2F, <Primordial,I> >"	java_type_prim(java_prim_type_int)
"< Application, Ltoba/jit/Intel86, CND_nb, <Primordial,I> >"	java_type_prim(java_prim_type_int)
"< Application, Ltoba/classfile/Opcode, FSUB, <Primordial,I> >"	java_type_prim(java_prim_type_int)
"< Application, Ltoba/jit/JITCodeGen, FID_sthread_got_exc, <Primordial,I> >"	java_type_prim(java_prim_type_int)
"< Application, Ltoba/jit/Intel86, CND_po, <Primordial,I> >"	java_type_prim(java_prim_type_int)
"< Application, Ltoba/classfile/Opcode, T_BYTE, <Primordial,I> >"	java_type_prim(java_prim_type_int)
"< Application, Ltoba/classfile/Constant, value, <Application,Ljava/lang/Object> >"	java_type_ref("<Primordial,Ljava/lang/Object>")
"< Application, Ltoba/translator/Trans, echo_names, <Primordial,Z> >"	java_type_prim(java_prim_type_boolean)
"< Application, Ltoba/classfile/Field, FT_object, <Primordial,C> >"	java_type_prim(java_prim_type_char)
"< Application, Ltoba/classfile/ClassData, CDSRC_tobaclass, <Primordial,I> >"	java_type_prim(java_prim_type_int)
"< Application, Ltoba/jit/Register, R_ST5, <Application,Ltoba/jit/Register> >"	java_type_ref("<Application,Ltoba/jit/Register>")
"< Application, Ltoba/classfile/Opcode, ISHL, <Primordial,I> >"	java_type_prim(java_prim_type_int)
"< Application, Ltoba/jit/JITCodeGen, R_cl, <Application,Ltoba/jit/Register> >"	java_type_ref("<Application,Ltoba/jit/Register>")
"< Application, Ltoba/jit/JITCodeGen, excOheadOffs, <Primordial,[I> >"	java_type_array(java_type_prim(java_prim_type_int))
"< Application, Ltoba/jit/JITCodeGen, R_edx, <Application,Ltoba/jit/Register> >"	java_type_ref("<Application,Ltoba/jit/Register>")
"< Application, Ltoba/classfile/Method, maxvar, <Primordial,[I> >"	java_type_array(java_type_prim(java_prim_type_int))
"< Application, Ltoba/jit/JITCodeGen, FID_longmul, <Primordial,I> >"	java_type_prim(java_prim_type_int)
"< Application, Ltoba/classfile/Opcode, F2L, <Primordial,I> >"	java_type_prim(java_prim_type_int)
"< Application, Ltoba/jit/Register, RV_edi, <Primordial,I> >"	java_type_prim(java_prim_type_int)
"< Application, Ltoba/classfile/Opcode, IALOAD, <Primordial,I> >"	java_type_prim(java_prim_type_int)
"< Application, Ltoba/classfile/Opcode, ALOAD_2, <Primordial,I> >"	java_type_prim(java_prim_type_int)
"< Application, Ltoba/classfile/MethodCode, TMIT_abstract, <Primordial,I> >"	java_type_prim(java_prim_type_int)
"< Application, Ltoba/jit/Register, R_edx, <Application,Ltoba/jit/Register> >"	java_type_ref("<Application,Ltoba/jit/Register>")
"< Application, Ltoba/classfile/Names, namelist, <Application,[Ljava/lang/String> >"	java_type_array(java_type_ref("<Primordial,Ljava/lang/String>"))
"< Application, Ltoba/classfile/Opcode, PUTS, <Primordial,I> >"	java_type_prim(java_prim_type_int)
"< Application, Ltoba/runtime/SystemClassLoader, cache, <Application,Ljava/util/Hashtable> >"	java_type_ref("<Primordial,Ljava/util/Hashtable>")
"< Application, Ltoba/classfile/ClassData, ACC_INTERFACE, <Primordial,I> >"	java_type_prim(java_prim_type_int)
"< Application, Ltoba/classfile/Opcode, UNOP, <Primordial,I> >"	java_type_prim(java_prim_type_int)
"< Application, Ltoba/classfile/Opcode, IFCMP, <Primordial,I> >"	java_type_prim(java_prim_type_int)
"< Application, Ltoba/classfile/Opcode, FREM, <Primordial,I> >"	java_type_prim(java_prim_type_int)
"< Application, Ltoba/translator/Trans, tobapath, <Application,Ljava/lang/String> >"	java_type_ref("<Primordial,Ljava/lang/String>")
"< Application, Ltoba/classfile/Opcode, DASTOR, <Primordial,I> >"	java_type_prim(java_prim_type_int)
"< Application, Ltoba/jit/JITCodeGen, FA_mythread, <Primordial,J> >"	java_type_prim(java_prim_type_long)
"< Application, Ltoba/jit/Register, R_ST7, <Application,Ltoba/jit/Register> >"	java_type_ref("<Application,Ltoba/jit/Register>")
"< Application, Ltoba/translator/Trans, dbgflag, <Primordial,[Z> >"	java_type_array(java_type_prim(java_prim_type_boolean))
"< Application, Ltoba/jit/JITCodeGen, R_bh, <Application,Ltoba/jit/Register> >"	java_type_ref("<Application,Ltoba/jit/Register>")
"< Application, Ltoba/jit/BackpatchInfo, loffs, <Primordial,I> >"	java_type_prim(java_prim_type_int)
"< Application, Ltoba/jit/JITCodeGen, FA_monitorenter, <Primordial,J> >"	java_type_prim(java_prim_type_long)
"< Application, Ltoba/classfile/Opcode, T_INT, <Primordial,I> >"	java_type_prim(java_prim_type_int)
"< Application, Ltoba/classfile/ClassData, cdsrc, <Primordial,I> >"	java_type_prim(java_prim_type_int)
"< Application, Ltoba/classfile/Opcode, ISTORE_1, <Primordial,I> >"	java_type_prim(java_prim_type_int)
"< Application, Ltoba/jit/JITCodeGen, FID_longrem, <Primordial,I> >"	java_type_prim(java_prim_type_int)
"< Application, Ltoba/classfile/Opcode, ILOAD, <Primordial,I> >"	java_type_prim(java_prim_type_int)
"< Application, Ltoba/jit/JITCodeGen, IMM_16, <Application,Ltoba/jit/Immediate> >"	java_type_ref("<Application,Ltoba/jit/Immediate>")
"< Application, Ltoba/classfile/Method, fl, <Application,Ltoba/classfile/Field> >"	java_type_ref("<Application,Ltoba/classfile/Field>")
"< Application, Ltoba/classfile/Opcode, FRETURN, <Primordial,I> >"	java_type_prim(java_prim_type_int)
"< Application, Ltoba/jit/Intel86, eStackOffs, <Primordial,I> >"	java_type_prim(java_prim_type_int)
"< Application, Ltoba/classfile/ClassData, CDSRC_classfile, <Primordial,I> >"	java_type_prim(java_prim_type_int)
"< Application, Ltoba/jit/JITCodeGen, R_ST3, <Application,Ltoba/jit/Register> >"	java_type_ref("<Application,Ltoba/jit/Register>")
"< Application, Ltoba/classfile/Names, hashchoices, <Primordial,I> >"	java_type_prim(java_prim_type_int)
"< Application, Ltoba/classfile/Opcode, I2D, <Primordial,I> >"	java_type_prim(java_prim_type_int)
"< Application, Ltoba/translator/Trans, dbgCode, <Primordial,C> >"	java_type_prim(java_prim_type_char)
"< Application, Ltoba/jit/JITCodeGen, ARLV_methname, <Primordial,I> >"	java_type_prim(java_prim_type_int)
"< Application, Ltoba/jit/JITCodeGen, FA_athrow, <Primordial,J> >"	java_type_prim(java_prim_type_long)
"< Application, Ltoba/jit/JITCodeGen, FID_puts, <Primordial,I> >"	java_type_prim(java_prim_type_int)
"< Application, Ltoba/classfile/Handler, end, <Primordial,I> >"	java_type_prim(java_prim_type_int)
"< Application, Ltoba/jit/JITCodeGen, FID_remdr, <Primordial,I> >"	java_type_prim(java_prim_type_int)
"< Application, Ltoba/jit/JITCodeGen, OID_mcode_isresolved, <Primordial,I> >"	java_type_prim(java_prim_type_int)
"< Application, Ltoba/translator/Trans, dbgConstants, <Primordial,C> >"	java_type_prim(java_prim_type_char)
"< Application, Ltoba/jit/JITCodeGen, FA_vmnewarray, <Primordial,J> >"	java_type_prim(java_prim_type_long)
"< Application, Ltoba/classfile/Opcode, name, <Application,Ljava/lang/String> >"	java_type_ref("<Primordial,Ljava/lang/String>")
"< Application, Ltoba/translator/Trans, classWorkList, <Application,Ljava/util/Stack> >"	java_type_ref("<Primordial,Ljava/util/Stack>")
"< Application, Ltoba/classfile/Opcode, FALOAD, <Primordial,I> >"	java_type_prim(java_prim_type_int)
"< Application, Ltoba/classfile/Opcode, SIPUSH, <Primordial,I> >"	java_type_prim(java_prim_type_int)
"< Application, Ltoba/jit/JITCodeGen, IO_barray_length, <Application,Ltoba/jit/Immediate> >"	java_type_ref("<Application,Ltoba/jit/Immediate>")
"< Application, Ltoba/classfile/Opcode, CONST, <Primordial,I> >"	java_type_prim(java_prim_type_int)
"< Application, Ltoba/jit/JITCodeGen, R_ebx, <Application,Ltoba/jit/Register> >"	java_type_ref("<Application,Ltoba/jit/Register>")
"< Application, Ltoba/classfile/Opcode, SHIFT, <Primordial,I> >"	java_type_prim(java_prim_type_int)
"< Application, Ltoba/jit/JITCodeGen, IO_class_nsupers, <Application,Ltoba/jit/Immediate> >"	java_type_ref("<Application,Ltoba/jit/Immediate>")
"< Application, Ltoba/jit/JITCodeGen, IO_mythread_jmpbuf, <Application,Ltoba/jit/Immediate> >"	java_type_ref("<Application,Ltoba/jit/Immediate>")
"< Application, Ltoba/classfile/Opcode, LNEG, <Primordial,I> >"	java_type_prim(java_prim_type_int)
"< Application, Ltoba/classfile/ClassData, ACC_VOLATILE, <Primordial,I> >"	java_type_prim(java_prim_type_int)
"< Application, Ltoba/classfile/Opcode, ALOAD_0, <Primordial,I> >"	java_type_prim(java_prim_type_int)
"< Application, Ltoba/jit/JITCodeGen, IO_class_supers, <Application,Ltoba/jit/Immediate> >"	java_type_ref("<Application,Ltoba/jit/Immediate>")
"< Application, Ltoba/classfile/ClassFile, dir, <Application,Ljava/lang/String> >"	java_type_ref("<Primordial,Ljava/lang/String>")
"< Application, Ltoba/classfile/Opcode, MORE, <Primordial,I> >"	java_type_prim(java_prim_type_int)
"< Application, Ltoba/classfile/Opcode, DUP2, <Primordial,I> >"	java_type_prim(java_prim_type_int)
"< Application, Ltoba/classfile/Opcode, T_SHORT, <Primordial,I> >"	java_type_prim(java_prim_type_int)
"< Application, Ltoba/classfile/Names, HashMultName, <Primordial,I> >"	java_type_prim(java_prim_type_int)
"< Application, Ltoba/classfile/Field, tableslot, <Primordial,I> >"	java_type_prim(java_prim_type_int)
"< Application, Ltoba/classfile/Field, FT_long, <Primordial,C> >"	java_type_prim(java_prim_type_char)
"< Application, Ltoba/jit/CodeBlock, localHandlerTarget, <Primordial,I> >"	java_type_prim(java_prim_type_int)
"< Application, Ltoba/classfile/Opcode, I16, <Primordial,I> >"	java_type_prim(java_prim_type_int)
"< Application, Ltoba/jit/JITCodeGen, R_esp, <Application,Ltoba/jit/Register> >"	java_type_ref("<Application,Ltoba/jit/Register>")
"< Application, Ltoba/classfile/Method, max_stack, <Primordial,I> >"	java_type_prim(java_prim_type_int)
"< Application, Ltoba/classfile/Opcode, LAND, <Primordial,I> >"	java_type_prim(java_prim_type_int)
"< Application, Ltoba/classfile/Pair, i2, <Primordial,I> >"	java_type_prim(java_prim_type_int)
"< Application, Ltoba/classfile/Opcode, INSTC, <Primordial,I> >"	java_type_prim(java_prim_type_int)
"< Application, Ltoba/jit/JITCodeGen, FA_intdiv, <Primordial,J> >"	java_type_prim(java_prim_type_long)
"< Application, Ltoba/jit/JITCodeGen, FA_exitclass, <Primordial,J> >"	java_type_prim(java_prim_type_long)
"< Application, Ltoba/classfile/Opcode, ILOAD_2, <Primordial,I> >"	java_type_prim(java_prim_type_int)
"< Application, Ltoba/jit/JITCodeGen, FID_timeNow, <Primordial,I> >"	java_type_prim(java_prim_type_int)
"< Application, Ltoba/jit/JITCodeGen, FA_initclass, <Primordial,J> >"	java_type_prim(java_prim_type_long)
"< Application, Ltoba/runtime/ClassRT, IS_ARRAY, <Primordial,I> >"	java_type_prim(java_prim_type_int)
"< Application, Ltoba/jit/JITCodeGen, FID_throwNPE, <Primordial,I> >"	java_type_prim(java_prim_type_int)
"< Application, Ltoba/classfile/Names, nametable, <Application,Ljava/util/Hashtable> >"	java_type_ref("<Primordial,Ljava/util/Hashtable>")
"< Application, Ltoba/classfile/Instr, length, <Primordial,I> >"	java_type_prim(java_prim_type_int)
"< Application, Ltoba/classfile/IHash, inTranslator, <Primordial,Z> >"	java_type_prim(java_prim_type_boolean)
"< Application, Ltoba/jit/JITCodeGen, FA_findhandler, <Primordial,J> >"	java_type_prim(java_prim_type_long)
"< Application, Ltoba/classfile/Opcode, IUSHR, <Primordial,I> >"	java_type_prim(java_prim_type_int)
"< Application, Ltoba/translator/CFile, strpool, <Application,Ljava/lang/StringBuffer> >"	java_type_ref("<Primordial,Ljava/lang/StringBuffer>")
"< Application, Ltoba/jit/Intel86, CND_z, <Primordial,I> >"	java_type_prim(java_prim_type_int)
"< Application, Ltoba/classfile/Opcode, DSTORE_0, <Primordial,I> >"	java_type_prim(java_prim_type_int)
"< Application, Ltoba/classfile/Method, CHAR_INDX_SIZE, <Primordial,I> >"	java_type_prim(java_prim_type_int)
"< Application, Ltoba/jit/CodeBlock, syncwrap_bpi, <Application,Ltoba/jit/BackpatchInfo> >"	java_type_ref("<Application,Ltoba/jit/BackpatchInfo>")
"< Application, Ltoba/jit/Register, R_ST4, <Application,Ltoba/jit/Register> >"	java_type_ref("<Application,Ltoba/jit/Register>")
"< Application, Ltoba/classfile/ClassData, ACC_ABSTRACT, <Primordial,I> >"	java_type_prim(java_prim_type_int)
"< Application, Ltoba/classfile/ClassFile, zipfile, <Application,Ljava/util/zip/ZipFile> >"	java_type_ref("<Primordial,Ljava/util/zip/ZipFile>")
"< Application, Ltoba/jit/JITCodeGen, FA_timeSliceEnd, <Primordial,J> >"	java_type_prim(java_prim_type_long)
"< Application, Ltoba/classfile/Opcode, LRETURN, <Primordial,I> >"	java_type_prim(java_prim_type_int)
"< Application, Ltoba/classfile/Opcode, LDC_W, <Primordial,I> >"	java_type_prim(java_prim_type_int)
"< Application, Ltoba/classfile/Opcode, U8, <Primordial,I> >"	java_type_prim(java_prim_type_int)
"< Application, Ltoba/translator/Trans, retobaapi, <Primordial,Z> >"	java_type_prim(java_prim_type_boolean)
"< Application, Ltoba/jit/Register, regid, <Primordial,I> >"	java_type_prim(java_prim_type_int)
"< Application, Ltoba/classfile/ClassData, name2cdata, <Application,Ljava/util/Hashtable> >"	java_type_ref("<Primordial,Ljava/util/Hashtable>")
"< Application, Ltoba/classfile/Opcode, DDIV, <Primordial,I> >"	java_type_prim(java_prim_type_int)
"< Application, Ltoba/classfile/Opcode, JSR_W, <Primordial,I> >"	java_type_prim(java_prim_type_int)
"< Application, Ltoba/classfile/Opcode, FCMPL, <Primordial,I> >"	java_type_prim(java_prim_type_int)
"< Application, Ltoba/jit/Register, RV_ebp, <Primordial,I> >"	java_type_prim(java_prim_type_int)
"< Application, Ltoba/jit/JITCodeGen, FA_timeNow, <Primordial,J> >"	java_type_prim(java_prim_type_long)
"< Application, Ltoba/translator/Repr, DECLS_PER_LINE, <Primordial,I> >"	java_type_prim(java_prim_type_int)
"< Application, Ltoba/jit/Register, RV_ah, <Primordial,I> >"	java_type_prim(java_prim_type_int)
"< Application, Ltoba/classfile/Opcode, ACAST, <Primordial,I> >"	java_type_prim(java_prim_type_int)
"< Application, Ltoba/jit/JITCodeGen, OID_barray_length, <Primordial,I> >"	java_type_prim(java_prim_type_int)
"< Application, Ltoba/classfile/Field, cname, <Application,Ljava/lang/String> >"	java_type_ref("<Primordial,Ljava/lang/String>")
"< Application, Ltoba/classfile/ClassData, ACC_PROTECTED, <Primordial,I> >"	java_type_prim(java_prim_type_int)
"< Application, Ltoba/jit/JITCodeGen, IO_class_flags, <Application,Ltoba/jit/Immediate> >"	java_type_ref("<Application,Ltoba/jit/Immediate>")
"< Application, Ltoba/classfile/ClassRef, refClass, <Application,Ljava/lang/Class> >"	java_type_ref("<Primordial,Ljava/lang/Class>")
"< Application, Ltoba/jit/JITCodeGen, FID_throwJITIntErr, <Primordial,I> >"	java_type_prim(java_prim_type_int)
"< Application, Ltoba/classfile/Opcode, ANEWA, <Primordial,I> >"	java_type_prim(java_prim_type_int)
"< Application, Ltoba/classfile/ClassData, FLG_INTERFACE, <Primordial,I> >"	java_type_prim(java_prim_type_int)
"< Application, Ltoba/jit/JITCodeGen, frame_size, <Primordial,I> >"	java_type_prim(java_prim_type_int)
"< Application, Ltoba/classfile/ClassData, ACC_FINAL, <Primordial,I> >"	java_type_prim(java_prim_type_int)
"< Application, Ltoba/classfile/Field, name, <Application,Ljava/lang/String> >"	java_type_ref("<Primordial,Ljava/lang/String>")
"< Application, Ltoba/classfile/Opcode, LXOR, <Primordial,I> >"	java_type_prim(java_prim_type_int)
"< Application, Ltoba/classfile/Method, lblmap, <Primordial,[S> >"	java_type_array(java_type_prim(java_prim_type_short))
"< Application, Ltoba/classfile/Opcode, IF_ICMPLT, <Primordial,I> >"	java_type_prim(java_prim_type_int)
"< Application, Ltoba/classfile/Opcode, RETV, <Primordial,I> >"	java_type_prim(java_prim_type_int)
"< Application, Ltoba/classfile/Method, oflags, <Primordial,I> >"	java_type_prim(java_prim_type_int)
"< Application, Ltoba/jit/MemoryRef, sfbits, <Primordial,I> >"	java_type_prim(java_prim_type_int)
"< Application, Ltoba/classfile/Opcode, DLOAD_0, <Primordial,I> >"	java_type_prim(java_prim_type_int)
"< Application, Ltoba/translator/Trans, dbgInstrs, <Primordial,C> >"	java_type_prim(java_prim_type_char)
"< Application, Ltoba/classfile/ClassData, attributes, <Application,[Ltoba/classfile/Attribute> >"	java_type_array(java_type_ref("<Application,Ltoba/classfile/Attribute>"))
"< Application, Ltoba/Lister, trace, <Primordial,Z> >"	java_type_prim(java_prim_type_boolean)
"< Application, Ltoba/classfile/Opcode, IMUL, <Primordial,I> >"	java_type_prim(java_prim_type_int)
"< Application, Ltoba/classfile/Opcode, U16, <Primordial,I> >"	java_type_prim(java_prim_type_int)
"< Application, Ltoba/jit/JITCodeGen, OID_mythread_exception, <Primordial,I> >"	java_type_prim(java_prim_type_int)
"< Application, Ltoba/jit/Intel86, CND_nbe, <Primordial,I> >"	java_type_prim(java_prim_type_int)
"< Application, Ltoba/classfile/IHash, MINLOAD, <Primordial,I> >"	java_type_prim(java_prim_type_int)
"< Application, Ltoba/classfile/Field, FT_void, <Primordial,C> >"	java_type_prim(java_prim_type_char)
"< Application, Ltoba/jit/JITCodeGen, IMM_3, <Application,Ltoba/jit/Immediate> >"	java_type_ref("<Application,Ltoba/jit/Immediate>")
"< Application, Ltoba/jit/CodeBlock, instrToByteOffs, <Primordial,[I> >"	java_type_array(java_type_prim(java_prim_type_int))
"< Application, Ltoba/classfile/Opcode, FLOAD_2, <Primordial,I> >"	java_type_prim(java_prim_type_int)
"< Application, Ltoba/translator/Trans, okToInstallPkgClasses, <Primordial,Z> >"	java_type_prim(java_prim_type_boolean)
"< Application, Ltoba/classfile/Opcode, LSTORE_0, <Primordial,I> >"	java_type_prim(java_prim_type_int)
"< Application, Ltoba/classfile/Opcode, INT2SHORT, <Primordial,I> >"	java_type_prim(java_prim_type_int)
"< Application, Ltoba/classfile/Field, FT_int, <Primordial,C> >"	java_type_prim(java_prim_type_char)
"< Application, Ltoba/classfile/Constant, DOUBLE, <Primordial,I> >"	java_type_prim(java_prim_type_int)
"< Application, Ltoba/translator/CFile, hcols, <Primordial,I> >"	java_type_prim(java_prim_type_int)
"< Application, Ltoba/translator/Trans, usagestring, <Application,Ljava/lang/String> >"	java_type_ref("<Primordial,Ljava/lang/String>")
"< Application, Ltoba/classfile/ClassData, interfaces, <Application,[Ltoba/classfile/ClassRef> >"	java_type_array(java_type_ref("<Application,Ltoba/classfile/ClassRef>"))
"< Application, Ltoba/jit/Register, R_dl, <Application,Ltoba/jit/Register> >"	java_type_ref("<Application,Ltoba/jit/Register>")
"< Application, Ltoba/jit/JITCodeGen, instrcounts, <Primordial,[I> >"	java_type_array(java_type_prim(java_prim_type_int))
"< Application, Ltoba/classfile/Opcode, DADD, <Primordial,I> >"	java_type_prim(java_prim_type_int)
"< Application, Ltoba/jit/CodeBlock, codeClassLoader, <Application,Ljava/lang/ClassLoader> >"	java_type_ref("<Primordial,Ljava/lang/ClassLoader>")
"< Application, Ltoba/jit/Intel86, CND_ge, <Primordial,I> >"	java_type_prim(java_prim_type_int)
"< Application, Ltoba/classfile/Pair, i1, <Primordial,I> >"	java_type_prim(java_prim_type_int)
"< Application, Ltoba/classfile/Constant, CLASS, <Primordial,I> >"	java_type_prim(java_prim_type_int)
"< Application, Ltoba/jit/JITCodeGen, IO_mcode_mtentry, <Application,Ltoba/jit/Immediate> >"	java_type_ref("<Application,Ltoba/jit/Immediate>")
"< Application, Ltoba/jit/Intel86, CND_no, <Primordial,I> >"	java_type_prim(java_prim_type_int)
"< Application, Ltoba/jit/MemoryRef, displacement, <Application,Ltoba/jit/Immediate> >"	java_type_ref("<Application,Ltoba/jit/Immediate>")
"< Application, Ltoba/classfile/Field, FT_byte, <Primordial,C> >"	java_type_prim(java_prim_type_char)
"< Application, Ltoba/classfile/Opcode, flags, <Primordial,I> >"	java_type_prim(java_prim_type_int)
"< Application, Ltoba/jit/JITCodeGen, OID_mcode_mtentry, <Primordial,I> >"	java_type_prim(java_prim_type_int)
"< Application, Ltoba/classfile/Constant, index, <Primordial,I> >"	java_type_prim(java_prim_type_int)
"< Application, Ltoba/translator/CFile, strcount, <Primordial,I> >"	java_type_prim(java_prim_type_int)
"< Application, Ltoba/classfile/Opcode, opr, <Application,Ljava/lang/String> >"	java_type_ref("<Primordial,Ljava/lang/String>")
"< Application, Ltoba/classfile/Opcode, BASTOR, <Primordial,I> >"	java_type_prim(java_prim_type_int)
"< Application, Ltoba/classfile/Opcode, IINC, <Primordial,I> >"	java_type_prim(java_prim_type_int)
"< Application, Ltoba/jit/JITCodeGen, ARLV_tdata, <Primordial,I> >"	java_type_prim(java_prim_type_int)
"< Application, Ltoba/classfile/Opcode, IFZRO, <Primordial,I> >"	java_type_prim(java_prim_type_int)
"< Application, Ltoba/translator/Trans, dbgTrace, <Primordial,C> >"	java_type_prim(java_prim_type_char)
"< Application, Ltoba/classfile/Opcode, POP, <Primordial,I> >"	java_type_prim(java_prim_type_int)
"< Application, Ltoba/classfile/Constant, UNICODE, <Primordial,I> >"	java_type_prim(java_prim_type_int)
"< Application, Ltoba/classfile/Opcode, L2D, <Primordial,I> >"	java_type_prim(java_prim_type_int)
"< Application, Ltoba/classfile/Handler, start, <Primordial,I> >"	java_type_prim(java_prim_type_int)
"< Application, Ltoba/classfile/Opcode, ALOAD, <Primordial,I> >"	java_type_prim(java_prim_type_int)
"< Application, Ltoba/classfile/Opcode, ILOAD_3, <Primordial,I> >"	java_type_prim(java_prim_type_int)
"< Application, Ltoba/classfile/MethodCode, mtentry, <Primordial,J> >"	java_type_prim(java_prim_type_long)
"< Application, Ltoba/classfile/Opcode, I2L, <Primordial,I> >"	java_type_prim(java_prim_type_int)
"< Application, Ltoba/classfile/Constant, FIELD, <Primordial,I> >"	java_type_prim(java_prim_type_int)
"< Application, Ltoba/jit/Immediate, imNB4, <Application,Ltoba/jit/Immediate> >"	java_type_ref("<Application,Ltoba/jit/Immediate>")
"< Application, Ltoba/classfile/Opcode, DUP, <Primordial,I> >"	java_type_prim(java_prim_type_int)
"< Application, Ltoba/jit/JITCodeGen, FA_setjmp, <Primordial,J> >"	java_type_prim(java_prim_type_long)
"< Application, Ltoba/classfile/Opcode, NEW, <Primordial,I> >"	java_type_prim(java_prim_type_int)
"< Application, Ltoba/classfile/Field, next, <Application,Ltoba/classfile/Field> >"	java_type_ref("<Application,Ltoba/classfile/Field>")
"< Application, Ltoba/translator/Supers, previous, <Application,Ltoba/classfile/ClassData> >"	java_type_ref("<Application,Ltoba/classfile/ClassData>")
"< Application, Ltoba/jit/JITCodeGen, OID_class_supers, <Primordial,I> >"	java_type_prim(java_prim_type_int)
"< Application, Ltoba/jit/Intel86, CND_g, <Primordial,I> >"	java_type_prim(java_prim_type_int)
"< Application, Ltoba/classfile/Opcode, kind, <Primordial,I> >"	java_type_prim(java_prim_type_int)
"< Application, Ltoba/jit/JITCodeGen, OID_mtgeneric_f, <Primordial,I> >"	java_type_prim(java_prim_type_int)
"< Application, Ltoba/jit/JITCodeGen, R_ST4, <Application,Ltoba/jit/Register> >"	java_type_ref("<Application,Ltoba/jit/Register>")
"< Application, Ltoba/classfile/Method, max_locals, <Primordial,I> >"	java_type_prim(java_prim_type_int)
"< Application, Ltoba/jit/JITCodeGen, useBinarySetjmp, <Primordial,Z> >"	java_type_prim(java_prim_type_boolean)
"< Application, Ltoba/classfile/Opcode, IF_ACMPEQ, <Primordial,I> >"	java_type_prim(java_prim_type_int)
"< Application, Ltoba/jit/Register, RV_esp, <Primordial,I> >"	java_type_prim(java_prim_type_int)
"< Application, Ltoba/jit/Immediate, nbytes, <Primordial,I> >"	java_type_prim(java_prim_type_int)
"< Application, Ltoba/classfile/Opcode, DREM, <Primordial,I> >"	java_type_prim(java_prim_type_int)
"< Application, Ltoba/jit/Register, RegNames, <Application,[Ljava/lang/String> >"	java_type_array(java_type_ref("<Primordial,Ljava/lang/String>"))
"< Application, Ltoba/classfile/Opcode, JSRI, <Primordial,I> >"	java_type_prim(java_prim_type_int)
"< Application, Ltoba/jit/JITCodeGen, FA_longjmp, <Primordial,J> >"	java_type_prim(java_prim_type_long)
"< Application, Ltoba/classfile/MethodCode, itype, <Primordial,I> >"	java_type_prim(java_prim_type_int)
"< Application, Ltoba/jit/JITCodeGen, FID_monitorexit, <Primordial,I> >"	java_type_prim(java_prim_type_int)
"< Application, Ltoba/jit/JITCodeGen, FA_instanceof, <Primordial,J> >"	java_type_prim(java_prim_type_long)
"< Application, Ltoba/jit/JITCodeGen, MR_ebx, <Application,Ltoba/jit/MemoryRef> >"	java_type_ref("<Application,Ltoba/jit/MemoryRef>")
"< Application, Ltoba/runtime/ClassRT, IS_PRIMITIVE, <Primordial,I> >"	java_type_prim(java_prim_type_int)
"< Application, Ltoba/classfile/Opcode, LKPSW, <Primordial,I> >"	java_type_prim(java_prim_type_int)
"< Application, Ltoba/classfile/Opcode, FSTORE_0, <Primordial,I> >"	java_type_prim(java_prim_type_int)
"< Application, Ltoba/classfile/Opcode, F2I, <Primordial,I> >"	java_type_prim(java_prim_type_int)
"< Application, Ltoba/classfile/Opcode, IDIV, <Primordial,I> >"	java_type_prim(java_prim_type_int)
"< Application, Ltoba/classfile/Opcode, ASTORE_3, <Primordial,I> >"	java_type_prim(java_prim_type_int)
"< Application, Ltoba/jit/Intel86, AR_EBP_SIZE, <Primordial,I> >"	java_type_prim(java_prim_type_int)
"< Application, Ltoba/classfile/Opcode, THROW, <Primordial,I> >"	java_type_prim(java_prim_type_int)
"< Application, Ltoba/classfile/Opcode, I2F, <Primordial,I> >"	java_type_prim(java_prim_type_int)
"< Application, Ltoba/classfile/Constant, LONG, <Primordial,I> >"	java_type_prim(java_prim_type_int)
"< Application, Ltoba/classfile/Opcode, DLOAD_1, <Primordial,I> >"	java_type_prim(java_prim_type_int)
"< Application, Ltoba/jit/JITCodeGen, FID_intrem, <Primordial,I> >"	java_type_prim(java_prim_type_int)
"< Application, Ltoba/classfile/Opcode, ISTORE_2, <Primordial,I> >"	java_type_prim(java_prim_type_int)
"< Application, Ltoba/classfile/Field, FT_char, <Primordial,C> >"	java_type_prim(java_prim_type_char)
"< Application, Ltoba/jit/Register, R_ST3, <Application,Ltoba/jit/Register> >"	java_type_ref("<Application,Ltoba/jit/Register>")
"< Application, Ltoba/classfile/Opcode, LSHL, <Primordial,I> >"	java_type_prim(java_prim_type_int)
"< Application, Ltoba/jit/Intel86, CND_a, <Primordial,I> >"	java_type_prim(java_prim_type_int)
"< Application, Ltoba/jit/JITCodeGen, R_ST6, <Application,Ltoba/jit/Register> >"	java_type_ref("<Application,Ltoba/jit/Register>")
"< Application, Ltoba/classfile/ClassData, supername, <Application,Ljava/lang/String> >"	java_type_ref("<Primordial,Ljava/lang/String>")
"< Application, Ltoba/classfile/Opcode, SWAP, <Primordial,I> >"	java_type_prim(java_prim_type_int)
"< Application, Ltoba/classfile/Method, exthrown, <Application,[Ltoba/classfile/ClassRef> >"	java_type_array(java_type_ref("<Application,Ltoba/classfile/ClassRef>"))
"< Application, Ltoba/classfile/Opcode, DCMPL, <Primordial,I> >"	java_type_prim(java_prim_type_int)
"< Application, Ltoba/classfile/Opcode, LMUL, <Primordial,I> >"	java_type_prim(java_prim_type_int)
"< Application, Ltoba/classfile/ClassData, fname, <Application,Ljava/lang/String> >"	java_type_ref("<Primordial,Ljava/lang/String>")
"< Application, Ltoba/classfile/Opcode, LADD, <Primordial,I> >"	java_type_prim(java_prim_type_int)
"< Application, Ltoba/classfile/Opcode, SALOAD, <Primordial,I> >"	java_type_prim(java_prim_type_int)
"< Application, Ltoba/jit/JITCodeGen, FID_intdiv, <Primordial,I> >"	java_type_prim(java_prim_type_int)
"< Application, Ltoba/translator/Trans, hBufferSize, <Primordial,I> >"	java_type_prim(java_prim_type_int)
"< Application, Ltoba/jit/JITCodeGen, FID_longjmp, <Primordial,I> >"	java_type_prim(java_prim_type_int)
"< Application, Ltoba/classfile/Opcode, ICONST_4, <Primordial,I> >"	java_type_prim(java_prim_type_int)
"< Application, Ltoba/jit/JITCodeGen, FA_enterclass, <Primordial,J> >"	java_type_prim(java_prim_type_long)
"< Application, Ltoba/translator/HFile, hvnum, <Primordial,I> >"	java_type_prim(java_prim_type_int)
"< Application, Ltoba/classfile/MethodCode, compileTime, <Primordial,I> >"	java_type_prim(java_prim_type_int)
"< Application, Ltoba/classfile/Opcode, ISUB, <Primordial,I> >"	java_type_prim(java_prim_type_int)
"< Application, Ltoba/classfile/Opcode, LSUB, <Primordial,I> >"	java_type_prim(java_prim_type_int)
"< Application, Ltoba/jit/Register, RV_al, <Primordial,I> >"	java_type_prim(java_prim_type_int)
"< Application, Ltoba/classfile/Opcode, TBLSW, <Primordial,I> >"	java_type_prim(java_prim_type_int)
"< Application, Ltoba/classfile/Opcode, ASTORE_0, <Primordial,I> >"	java_type_prim(java_prim_type_int)
"< Application, Ltoba/classfile/Opcode, L2I, <Primordial,I> >"	java_type_prim(java_prim_type_int)
"< Application, Ltoba/classfile/Field, tableObj, <Application,Ljava/lang/Object> >"	java_type_ref("<Primordial,Ljava/lang/Object>")
"< Application, Ltoba/classfile/MethodCode, method, <Application,Ltoba/classfile/Method> >"	java_type_ref("<Application,Ltoba/classfile/Method>")
"< Application, Ltoba/runtime/Resolve, tabPrefix, <Application,Ljava/lang/String> >"	java_type_ref("<Primordial,Ljava/lang/String>")
"< Application, Ltoba/classfile/Opcode, ALEN, <Primordial,I> >"	java_type_prim(java_prim_type_int)
"< Application, Ltoba/classfile/ClassData, javaClass, <Application,Ljava/lang/Class> >"	java_type_ref("<Primordial,Ljava/lang/Class>")
"< Application, Ltoba/jit/JITCodeGen, FID_CodeBlock_resolveCode, <Primordial,I> >"	java_type_prim(java_prim_type_int)
"< Application, Ltoba/jit/Intel86, OT_reg, <Primordial,I> >"	java_type_prim(java_prim_type_int)
"< Application, Ltoba/classfile/Names, alnums, <Application,Ljava/lang/String> >"	java_type_ref("<Primordial,Ljava/lang/String>")
"< Application, Ltoba/translator/Trans, mainclass, <Application,Ljava/lang/String> >"	java_type_ref("<Primordial,Ljava/lang/String>")
"< Application, Ltoba/jit/JITCodeGen, ARLV_newbuf, <Primordial,I> >"	java_type_prim(java_prim_type_int)
"< Application, Ltoba/jit/JITCodeGen, FA_remdr, <Primordial,J> >"	java_type_prim(java_prim_type_long)
"< Application, Ltoba/jit/Register, RV_dl, <Primordial,I> >"	java_type_prim(java_prim_type_int)
"< Application, Ltoba/translator/CFile, nsupers, <Primordial,I> >"	java_type_prim(java_prim_type_int)
"< Application, Ltoba/classfile/Opcode, DCMPG, <Primordial,I> >"	java_type_prim(java_prim_type_int)
"< Application, Ltoba/classfile/Opcode, FDIV, <Primordial,I> >"	java_type_prim(java_prim_type_int)
"< Application, Ltoba/classfile/Opcode, RET, <Primordial,I> >"	java_type_prim(java_prim_type_int)
"< Application, Ltoba/classfile/Opcode, DUPX1, <Primordial,I> >"	java_type_prim(java_prim_type_int)
"< Application, Ltoba/jit/Immediate, imNB1, <Application,Ltoba/jit/Immediate> >"	java_type_ref("<Application,Ltoba/jit/Immediate>")
"< Application, Ltoba/jit/JITCodeGen, FA_dtoi, <Primordial,J> >"	java_type_prim(java_prim_type_long)
"< Application, Ltoba/classfile/ClassFile, classBufferSize, <Primordial,I> >"	java_type_prim(java_prim_type_int)
"< Application, Ltoba/classfile/ClassData, RES_SUPERCLASSES, <Primordial,I> >"	java_type_prim(java_prim_type_int)
"< Application, Ltoba/classfile/Opcode, NEWA, <Primordial,I> >"	java_type_prim(java_prim_type_int)
"< Application, Ltoba/jit/JITCodeGen, excOheadTotal, <Primordial,I> >"	java_type_prim(java_prim_type_int)
"< Application, Ltoba/jit/JITCodeGen, IMM_1, <Application,Ltoba/jit/Immediate> >"	java_type_ref("<Application,Ltoba/jit/Immediate>")
"< Application, Ltoba/classfile/Opcode, var, <Primordial,I> >"	java_type_prim(java_prim_type_int)
"< Application, Ltoba/classfile/Opcode, ISTORE, <Primordial,I> >"	java_type_prim(java_prim_type_int)
"< Application, Ltoba/classfile/Opcode, ASTORE_2, <Primordial,I> >"	java_type_prim(java_prim_type_int)
"< Application, Ltoba/jit/JITCodeGen, R_dh, <Application,Ltoba/jit/Register> >"	java_type_ref("<Application,Ltoba/jit/Register>")
"< Application, Ltoba/classfile/Opcode, DSTORE_2, <Primordial,I> >"	java_type_prim(java_prim_type_int)
"< Application, Ltoba/jit/JITCodeGen, R_dl, <Application,Ltoba/jit/Register> >"	java_type_ref("<Application,Ltoba/jit/Register>")
"< Application, Ltoba/jit/MemoryRef, scalefact, <Primordial,I> >"	java_type_prim(java_prim_type_int)
"< Application, Ltoba/jit/Register, RV_edx, <Primordial,I> >"	java_type_prim(java_prim_type_int)
"< Application, Ltoba/jit/CodeBlock, valBVrlen, <Primordial,I> >"	java_type_prim(java_prim_type_int)
"< Application, Ltoba/jit/JITCodeGen, FA_long2d, <Primordial,J> >"	java_type_prim(java_prim_type_long)
"< Application, Ltoba/jit/JITCodeGen, FID_findinterface, <Primordial,I> >"	java_type_prim(java_prim_type_int)
"< Application, Ltoba/classfile/Opcode, LCONST_0, <Primordial,I> >"	java_type_prim(java_prim_type_int)
"< Application, Ltoba/classfile/Opcode, IFLT, <Primordial,I> >"	java_type_prim(java_prim_type_int)
"< Application, Ltoba/classfile/Opcode, LCMP, <Primordial,I> >"	java_type_prim(java_prim_type_int)
"< Application, Ltoba/classfile/Opcode, LLOAD_0, <Primordial,I> >"	java_type_prim(java_prim_type_int)
"< Application, Ltoba/classfile/ClassData, ACC_STATIC, <Primordial,I> >"	java_type_prim(java_prim_type_int)
"< Application, Ltoba/classfile/Names, charflags, <Primordial,[Z> >"	java_type_array(java_type_prim(java_prim_type_boolean))
"< Application, Ltoba/jit/JITCodeGen, FA_throwAIOBE, <Primordial,J> >"	java_type_prim(java_prim_type_long)
"< Application, Ltoba/jit/Register, R_ebp, <Application,Ltoba/jit/Register> >"	java_type_ref("<Application,Ltoba/jit/Register>")
"< Application, Ltoba/classfile/Field, classfilePos, <Primordial,I> >"	java_type_prim(java_prim_type_int)
"< Application, Ltoba/jit/Register, R_dh, <Application,Ltoba/jit/Register> >"	java_type_ref("<Application,Ltoba/jit/Register>")
"< Application, Ltoba/jit/MemoryRef, indexreg, <Application,Ltoba/jit/Register> >"	java_type_ref("<Application,Ltoba/jit/Register>")
"< Application, Ltoba/classfile/Opcode, ISTORE_0, <Primordial,I> >"	java_type_prim(java_prim_type_int)
"< Application, Ltoba/jit/JITCodeGen, R_ecx, <Application,Ltoba/jit/Register> >"	java_type_ref("<Application,Ltoba/jit/Register>")
"< Application, Ltoba/classfile/Opcode, DSTORE, <Primordial,I> >"	java_type_prim(java_prim_type_int)
"< Application, Ltoba/jit/CodeBlock, brOverWriteCode, <Primordial,I> >"	java_type_prim(java_prim_type_int)
"< Application, Ltoba/classfile/Method, code, <Primordial,[B> >"	java_type_array(java_type_prim(java_prim_type_byte))
"< Application, Ltoba/translator/Trans, needmain, <Primordial,Z> >"	java_type_prim(java_prim_type_boolean)
"< Application, Ltoba/jit/Intel86, OT_imm, <Primordial,I> >"	java_type_prim(java_prim_type_int)
"< Application, Ltoba/jit/Register, R_bl, <Application,Ltoba/jit/Register> >"	java_type_ref("<Application,Ltoba/jit/Register>")
"< Application, Ltoba/jit/Intel86, OT_absent, <Primordial,I> >"	java_type_prim(java_prim_type_int)
"< Application, Ltoba/classfile/Instr, isBoundary, <Primordial,Z> >"	java_type_prim(java_prim_type_boolean)
"< Application, Ltoba/jit/JITCodeGen, code, <Application,Ltoba/jit/Intel86> >"	java_type_ref("<Application,Ltoba/jit/Intel86>")
"< Application, Ltoba/jit/JITCodeGen, OID_mythread_jmpbuf, <Primordial,I> >"	java_type_prim(java_prim_type_int)
"< Application, Ltoba/translator/Repr, GCHARS_PER_LINE, <Primordial,I> >"	java_type_prim(java_prim_type_int)
"< Application, Ltoba/classfile/Opcode, DLOAD_2, <Primordial,I> >"	java_type_prim(java_prim_type_int)
"< Application, Ltoba/jit/Register, R_ST1, <Application,Ltoba/jit/Register> >"	java_type_ref("<Application,Ltoba/jit/Register>")
"< Application, Ltoba/classfile/ClassRef, loadedRefdClasses, <Application,Ljava/util/Hashtable> >"	java_type_ref("<Primordial,Ljava/util/Hashtable>")
"< Application, Ltoba/jit/Register, R_esp, <Application,Ltoba/jit/Register> >"	java_type_ref("<Application,Ltoba/jit/Register>")
"< Application, Ltoba/classfile/Opcode, MENTR, <Primordial,I> >"	java_type_prim(java_prim_type_int)
"< Application, Ltoba/classfile/Opcode, ALOAD_3, <Primordial,I> >"	java_type_prim(java_prim_type_int)
"< Application, Ltoba/jit/CodeBlock, brFIELDLOAD, <Primordial,I> >"	java_type_prim(java_prim_type_int)
"< Application, Ltoba/classfile/Names, HashMultSignature, <Primordial,I> >"	java_type_prim(java_prim_type_int)
"< Application, Ltoba/classfile/Opcode, IFNE, <Primordial,I> >"	java_type_prim(java_prim_type_int)
"< Application, Ltoba/jit/BackpatchInfo, lv, <Primordial,J> >"	java_type_prim(java_prim_type_long)
"< Application, Ltoba/jit/Intel86, CND_nge, <Primordial,I> >"	java_type_prim(java_prim_type_int)
"< Application, Ltoba/jit/JITCodeGen, FID_setjmp, <Primordial,I> >"	java_type_prim(java_prim_type_int)
"< Application, Ltoba/jit/JITCodeGen, R_bl, <Application,Ltoba/jit/Register> >"	java_type_ref("<Application,Ltoba/jit/Register>")
"< Application, Ltoba/jit/Register, R_al, <Application,Ltoba/jit/Register> >"	java_type_ref("<Application,Ltoba/jit/Register>")
"< Application, Ltoba/jit/JITCodeGen, ARLV_NumVars, <Primordial,I> >"	java_type_prim(java_prim_type_int)
"< Application, Ltoba/translator/Repr, GCHARS_PER_CMMT, <Primordial,I> >"	java_type_prim(java_prim_type_int)
"< Application, Ltoba/jit/Intel86, CND_np, <Primordial,I> >"	java_type_prim(java_prim_type_int)
"< Application, Ltoba/jit/Intel86, FFlag, <Primordial,I> >"	java_type_prim(java_prim_type_int)
"< Application, Ltoba/jit/JITCodeGen, IMM_8, <Application,Ltoba/jit/Immediate> >"	java_type_ref("<Application,Ltoba/jit/Immediate>")
"< Application, Ltoba/classfile/Opcode, FSTORE_2, <Primordial,I> >"	java_type_prim(java_prim_type_int)
"< Application, Ltoba/classfile/ClassRef, name, <Application,Ljava/lang/String> >"	java_type_ref("<Primordial,Ljava/lang/String>")
"< Application, Ltoba/classfile/Opcode, FTOI, <Primordial,I> >"	java_type_prim(java_prim_type_int)
"< Application, Ltoba/classfile/Opcode, ASTORE, <Primordial,I> >"	java_type_prim(java_prim_type_int)
"< Application, Ltoba/jit/JITCodeGen, FA_geteltoffs, <Primordial,J> >"	java_type_prim(java_prim_type_long)
"< Application, Ltoba/classfile/Constant, INTERFACE, <Primordial,I> >"	java_type_prim(java_prim_type_int)
"< Application, Ltoba/classfile/Opcode, IFLE, <Primordial,I> >"	java_type_prim(java_prim_type_int)
"< Application, Ltoba/classfile/Field, FT_float, <Primordial,C> >"	java_type_prim(java_prim_type_char)
"< Application, Ltoba/jit/BackpatchInfo, ins, <Application,Ltoba/classfile/Instr> >"	java_type_ref("<Application,Ltoba/classfile/Instr>")
"< Application, Ltoba/jit/MemoryRef, refsize, <Primordial,I> >"	java_type_prim(java_prim_type_int)
"< Application, Ltoba/classfile/Method, stktypes, <Application,Ljava/util/BitSet> >"	java_type_ref("<Primordial,Ljava/util/BitSet>")
"< Application, Ltoba/classfile/Opcode, FLOAD, <Primordial,I> >"	java_type_prim(java_prim_type_int)
"< Application, Ltoba/translator/Trans, dbgTemp, <Primordial,C> >"	java_type_prim(java_prim_type_char)
"< Application, Ltoba/jit/JITCodeGen, FID_exitclass, <Primordial,I> >"	java_type_prim(java_prim_type_int)
"< Application, Ltoba/classfile/Constant, STRING, <Primordial,I> >"	java_type_prim(java_prim_type_int)
"< Application, Ltoba/classfile/Names, HashMultClass, <Primordial,I> >"	java_type_prim(java_prim_type_int)
"< Application, Ltoba/classfile/Method, handlers, <Application,[Ltoba/classfile/Handler> >"	java_type_array(java_type_ref("<Application,Ltoba/classfile/Handler>"))
"< Application, Ltoba/classfile/Opcode, BIPUSH, <Primordial,I> >"	java_type_prim(java_prim_type_int)
"< Application, Ltoba/classfile/Handler, jump, <Primordial,I> >"	java_type_prim(java_prim_type_int)
"< Application, Ltoba/classfile/Opcode, FCONST_2, <Primordial,I> >"	java_type_prim(java_prim_type_int)
"< Application, Ltoba/classfile/Opcode, LLOAD_2, <Primordial,I> >"	java_type_prim(java_prim_type_int)
"< Application, Ltoba/translator/Trans, genlist, <Application,Ljava/util/Hashtable> >"	java_type_ref("<Primordial,Ljava/util/Hashtable>")
"< Application, Ltoba/jit/JITCodeGen, R_ST5, <Application,Ltoba/jit/Register> >"	java_type_ref("<Application,Ltoba/jit/Register>")
"< Application, Ltoba/jit/CodeBlock, maxCodeBytes, <Primordial,I> >"	java_type_prim(java_prim_type_int)
"< Application, Ltoba/classfile/Opcode, RETRN, <Primordial,I> >"	java_type_prim(java_prim_type_int)
"< Application, Ltoba/jit/Intel86, AR_ESI_SIZE, <Primordial,I> >"	java_type_prim(java_prim_type_int)
"< Application, Ltoba/classfile/Opcode, LSTORE_3, <Primordial,I> >"	java_type_prim(java_prim_type_int)
"< Application, Ltoba/jit/CodeBlock, brCALL, <Primordial,I> >"	java_type_prim(java_prim_type_int)
"< Application, Ltoba/jit/JITCodeGen, FID_backjumpfn, <Primordial,I> >"	java_type_prim(java_prim_type_int)
"< Application, Ltoba/jit/JITCodeGen, R_ebp, <Application,Ltoba/jit/Register> >"	java_type_ref("<Application,Ltoba/jit/Register>")
"< Application, Ltoba/jit/JITCodeGen, FID_dtoi, <Primordial,I> >"	java_type_prim(java_prim_type_int)
"< Application, Ltoba/jit/JITCodeGen, FID_anewarray, <Primordial,I> >"	java_type_prim(java_prim_type_int)
"< Application, Ltoba/classfile/Opcode, DRETURN, <Primordial,I> >"	java_type_prim(java_prim_type_int)
"< Application, Ltoba/classfile/Field, FT_short, <Primordial,C> >"	java_type_prim(java_prim_type_char)
"< Application, Ltoba/classfile/Opcode, GETF, <Primordial,I> >"	java_type_prim(java_prim_type_int)
"< Application, Ltoba/classfile/MethodCode, TMIT_interpreter, <Primordial,I> >"	java_type_prim(java_prim_type_int)
"< Application, Ltoba/translator/CFile, nothers, <Primordial,I> >"	java_type_prim(java_prim_type_int)
"< Application, Ltoba/jit/Immediate, signext, <Primordial,Z> >"	java_type_prim(java_prim_type_boolean)
"< Application, Ltoba/jit/JITCodeGen, FID_monitorenter, <Primordial,I> >"	java_type_prim(java_prim_type_int)
"< Application, Ltoba/classfile/Opcode, IXOR, <Primordial,I> >"	java_type_prim(java_prim_type_int)
"< Application, Ltoba/classfile/Opcode, LOAD, <Primordial,I> >"	java_type_prim(java_prim_type_int)
"< Application, Ltoba/classfile/Opcode, IASTOR, <Primordial,I> >"	java_type_prim(java_prim_type_int)
"< Application, Ltoba/jit/Register, R_esi, <Application,Ltoba/jit/Register> >"	java_type_ref("<Application,Ltoba/jit/Register>")
"< Application, Ltoba/jit/Intel86, CND_nl, <Primordial,I> >"	java_type_prim(java_prim_type_int)
"< Application, Ltoba/jit/JITCodeGen, immZero8b, <Application,Ltoba/jit/Immediate> >"	java_type_ref("<Application,Ltoba/jit/Immediate>")
"< Application, Ltoba/classfile/Constant, tag, <Primordial,I> >"	java_type_prim(java_prim_type_int)
"< Application, Ltoba/jit/CodeBlock, brLOADDynNative, <Primordial,I> >"	java_type_prim(java_prim_type_int)
"< Application, Ltoba/classfile/ClassFile, path, <Application,Ljava/lang/String> >"	java_type_ref("<Primordial,Ljava/lang/String>")
"< Application, Ltoba/jit/JITCodeGen, IMM_2, <Application,Ltoba/jit/Immediate> >"	java_type_ref("<Application,Ltoba/jit/Immediate>")
"< Application, Ltoba/classfile/Method, astack, <Application,Ljava/lang/String> >"	java_type_ref("<Primordial,Ljava/lang/String>")
"< Application, Ltoba/classfile/Opcode, I8, <Primordial,I> >"	java_type_prim(java_prim_type_int)
"< Application, Ltoba/classfile/Opcode, ICONST_1, <Primordial,I> >"	java_type_prim(java_prim_type_int)
"< Application, Ltoba/jit/JITCodeGen, FID_new, <Primordial,I> >"	java_type_prim(java_prim_type_int)
"< Application, Ltoba/classfile/Opcode, LDC, <Primordial,I> >"	java_type_prim(java_prim_type_int)
"< Application, Ltoba/classfile/Opcode, DLOAD_3, <Primordial,I> >"	java_type_prim(java_prim_type_int)
"< Application, Ltoba/translator/CFile, ninters, <Primordial,I> >"	java_type_prim(java_prim_type_int)
"< Application, Ltoba/jit/JITCodeGen, IMM_0, <Application,Ltoba/jit/Immediate> >"	java_type_ref("<Application,Ltoba/jit/Immediate>")
"< Application, Ltoba/jit/Intel86, CND_l, <Primordial,I> >"	java_type_prim(java_prim_type_int)
"< Application, Ltoba/classfile/Opcode, ARRAYSTORE, <Primordial,I> >"	java_type_prim(java_prim_type_int)
"< Application, Ltoba/classfile/Opcode, FCONST_1, <Primordial,I> >"	java_type_prim(java_prim_type_int)
"< Application, Ltoba/classfile/ClassData, major, <Primordial,I> >"	java_type_prim(java_prim_type_int)
"< Application, Ltoba/classfile/Opcode, JSR, <Primordial,I> >"	java_type_prim(java_prim_type_int)
"< Application, Ltoba/jit/Intel86, CND_ng, <Primordial,I> >"	java_type_prim(java_prim_type_int)
"< Application, Ltoba/jit/CodeBlock, codeBytes, <Primordial,[B> >"	java_type_array(java_type_prim(java_prim_type_byte))
"< Application, Ltoba/classfile/Opcode, ICONST_2, <Primordial,I> >"	java_type_prim(java_prim_type_int)
"< Application, Ltoba/jit/Register, R_cl, <Application,Ltoba/jit/Register> >"	java_type_ref("<Application,Ltoba/jit/Register>")
"< Application, Ltoba/jit/BackpatchInfo, inseqlen, <Primordial,I> >"	java_type_prim(java_prim_type_int)
"< Application, Ltoba/jit/JITCodeGen, IO_mcode_isresolved, <Application,Ltoba/jit/Immediate> >"	java_type_ref("<Application,Ltoba/jit/Immediate>")
"< Application, Ltoba/classfile/Method, rstack, <Application,Ljava/lang/String> >"	java_type_ref("<Primordial,Ljava/lang/String>")
"< Application, Ltoba/classfile/Opcode, DMUL, <Primordial,I> >"	java_type_prim(java_prim_type_int)
"< Application, Ltoba/classfile/Opcode, DALOAD, <Primordial,I> >"	java_type_prim(java_prim_type_int)
"< Application, Ltoba/jit/JITCodeGen, FID_throwAIOBE, <Primordial,I> >"	java_type_prim(java_prim_type_int)
"< Application, Ltoba/jit/BackpatchInfo, next, <Application,Ltoba/jit/BackpatchInfo> >"	java_type_ref("<Application,Ltoba/jit/BackpatchInfo>")
"< Application, Ltoba/jit/Intel86, CND_pe, <Primordial,I> >"	java_type_prim(java_prim_type_int)
"< Application, Ltoba/jit/JITCodeGen, FID_enterclass, <Primordial,I> >"	java_type_prim(java_prim_type_int)
"< Application, Ltoba/jit/CodeBlock, lockCodeBytes, <Primordial,Z> >"	java_type_prim(java_prim_type_boolean)
"< Application, Ltoba/jit/CodeBlock, epilogOffs, <Primordial,I> >"	java_type_prim(java_prim_type_int)
"< Application, Ltoba/classfile/Field, signature, <Application,Ljava/lang/String> >"	java_type_ref("<Primordial,Ljava/lang/String>")
"< Application, Ltoba/jit/JITCodeGen, FA_long2f, <Primordial,J> >"	java_type_prim(java_prim_type_long)
"< Application, Ltoba/classfile/FieldRef, cl, <Application,Ltoba/classfile/ClassRef> >"	java_type_ref("<Application,Ltoba/classfile/ClassRef>")
"< Application, Ltoba/classfile/Opcode, ICONST_3, <Primordial,I> >"	java_type_prim(java_prim_type_int)
"< Application, Ltoba/jit/JITCodeGen, FA_monitorexit, <Primordial,J> >"	java_type_prim(java_prim_type_long)
"< Application, Ltoba/classfile/Method, cl, <Application,Ltoba/classfile/ClassData> >"	java_type_ref("<Application,Ltoba/classfile/ClassData>")
"< Application, Ltoba/jit/Register, RV_ebx, <Primordial,I> >"	java_type_prim(java_prim_type_int)
"< Application, Ltoba/classfile/Opcode, INST, <Primordial,I> >"	java_type_prim(java_prim_type_int)
"< Application, Ltoba/classfile/Opcode, STORE, <Primordial,I> >"	java_type_prim(java_prim_type_int)
"< Application, Ltoba/translator/CFile, strlens, <Primordial,[I> >"	java_type_array(java_type_prim(java_prim_type_int))
"< Application, Ltoba/jit/JITCodeGen, FID_vmnewarray, <Primordial,I> >"	java_type_prim(java_prim_type_int)
"< Application, Ltoba/classfile/Opcode, D2X1, <Primordial,I> >"	java_type_prim(java_prim_type_int)
"< Application, Ltoba/jit/JITCodeGen, FA_findinterface, <Primordial,J> >"	java_type_prim(java_prim_type_long)
"< Application, Ltoba/classfile/Opcode, D2L, <Primordial,I> >"	java_type_prim(java_prim_type_int)
"< Application, Ltoba/classfile/Opcode, FADD, <Primordial,I> >"	java_type_prim(java_prim_type_int)
"< Application, Ltoba/jit/Intel86, AR_EBX_SIZE, <Primordial,I> >"	java_type_prim(java_prim_type_int)
"< Application, Ltoba/classfile/Method, useUnextendedBasicBlocks, <Primordial,Z> >"	java_type_prim(java_prim_type_boolean)
"< Application, Ltoba/translator/Trans, dbgGeneral, <Primordial,C> >"	java_type_prim(java_prim_type_char)
"< Application, Ltoba/jit/Register, R_ah, <Application,Ltoba/jit/Register> >"	java_type_ref("<Application,Ltoba/jit/Register>")
"< Application, Ltoba/classfile/Instr, con, <Application,Ltoba/classfile/Constant> >"	java_type_ref("<Application,Ltoba/classfile/Constant>")
"< Application, Ltoba/classfile/Field, attributes, <Application,[Ltoba/classfile/Attribute> >"	java_type_array(java_type_ref("<Application,Ltoba/classfile/Attribute>"))
"< Application, Ltoba/classfile/Method, mtcode, <Application,Ltoba/classfile/MethodCode> >"	java_type_ref("<Application,Ltoba/classfile/MethodCode>")
"< Application, Ltoba/classfile/Opcode, INONV, <Primordial,I> >"	java_type_prim(java_prim_type_int)
"< Application, Ltoba/jit/JITCodeGen, MR_esp, <Application,Ltoba/jit/MemoryRef> >"	java_type_ref("<Application,Ltoba/jit/MemoryRef>")
"< Application, Ltoba/classfile/Opcode, T_BOOLEAN, <Primordial,I> >"	java_type_prim(java_prim_type_int)
"< Application, Ltoba/jit/Intel86, CND_be, <Primordial,I> >"	java_type_prim(java_prim_type_int)
"< Application, Ltoba/jit/JITCodeGen, FID_long2f, <Primordial,I> >"	java_type_prim(java_prim_type_int)
"< Application, Ltoba/jit/Register, R_ST2, <Application,Ltoba/jit/Register> >"	java_type_ref("<Application,Ltoba/jit/Register>")
"< Application, Ltoba/classfile/Opcode, FSTORE, <Primordial,I> >"	java_type_prim(java_prim_type_int)
"< Application, Ltoba/classfile/Opcode, IADD, <Primordial,I> >"	java_type_prim(java_prim_type_int)
"< Application, Ltoba/classfile/ClassData, constants, <Application,[Ltoba/classfile/Constant> >"	java_type_array(java_type_ref("<Application,Ltoba/classfile/Constant>"))
"< Application, Ltoba/classfile/Opcode, FSTORE_1, <Primordial,I> >"	java_type_prim(java_prim_type_int)
"< Application, Ltoba/classfile/Opcode, LALOAD, <Primordial,I> >"	java_type_prim(java_prim_type_int)
"< Application, Ltoba/classfile/Opcode, FCONST_0, <Primordial,I> >"	java_type_prim(java_prim_type_int)
"< Application, Ltoba/jit/Register, RV_ecx, <Primordial,I> >"	java_type_prim(java_prim_type_int)
"< Application, Ltoba/jit/Intel86, CND_ns, <Primordial,I> >"	java_type_prim(java_prim_type_int)
"< Application, Ltoba/jit/JITCodeGen, FID_instanceof, <Primordial,I> >"	java_type_prim(java_prim_type_int)
"< Application, Ltoba/jit/Intel86, CND_e, <Primordial,I> >"	java_type_prim(java_prim_type_int)
"< Application, Ltoba/classfile/Opcode, FNEG, <Primordial,I> >"	java_type_prim(java_prim_type_int)
"< Application, Ltoba/jit/CodeBlock, myGenerator, <Application,Ltoba/runtime/CodeGen> >"	java_type_ref("<Application,Ltoba/runtime/CodeGen>")
"< Application, Ltoba/classfile/ClassData, ACC_PRIVATE, <Primordial,I> >"	java_type_prim(java_prim_type_int)
"< Application, Ltoba/jit/JITCodeGen, R_eax, <Application,Ltoba/jit/Register> >"	java_type_ref("<Application,Ltoba/jit/Register>")
"< Application, Ltoba/classfile/Instr, label, <Primordial,I> >"	java_type_prim(java_prim_type_int)
"< Application, Ltoba/jit/CodeBlock, nBackPatches, <Primordial,I> >"	java_type_prim(java_prim_type_int)
