"< Application, Ltoba/classfile/ClassFile, <init>(Ljava/io/InputStream;)V >"
"< Application, Ltoba/jit/MemoryRef, <init>(Ltoba/jit/Immediate;Ltoba/jit/Register;ILtoba/jit/Register;I)V >"
"< Application, Ltoba/jit/Intel86, <init>(Ltoba/classfile/Method;)V >"
"< Application, Ltoba/jit/MemoryRef, <init>(Ltoba/jit/Immediate;Ltoba/jit/Register;)V >"
"< Application, Ltoba/jit/BackpatchInfo, <init>(ILtoba/classfile/Instr;Ljava/lang/Object;IJ)V >"
"< Application, Ltoba/jit/JIT, <init>()V >"
"< Application, Ltoba/classfile/Handler, <init>(IIILtoba/classfile/ClassRef;)V >"
"< Application, Ltoba/translator/MethGen, <init>()V >"
"< Application, Ltoba/translator/Repr, <init>()V >"
"< Application, Ltoba/classfile/FieldRef, <init>(Ltoba/classfile/ClassRef;Ljava/lang/String;Ljava/lang/String;)V >"
"< Application, Ltoba/runtime/CodeGen, <init>()V >"
"< Application, Ltoba/jit/Intel86, <init>(Ltoba/classfile/Method;I)V >"
"< Application, Ltoba/translator/HFile, <init>()V >"
"< Application, Ltoba/classfile/ClassData, <init>(Ljava/lang/Class;)V >"
"< Application, Ltoba/jit/Immediate, <init>(IIZ)V >"
"< Application, Ltoba/jit/JITCodeGen, <init>()V >"
"< Application, Ltoba/classfile/InterfaceRef, <init>(Ltoba/classfile/ClassRef;Ljava/lang/String;Ljava/lang/String;)V >"
"< Application, Ltoba/classfile/Method, <init>(Ltoba/classfile/ClassData;Ltoba/classfile/Field;)V >"
"< Application, Ltoba/classfile/Opcode, <init>()V >"
"< Application, Ltoba/runtime/Supers, <init>()V >"
"< Application, Ltoba/classfile/IHash, <init>(Ltoba/classfile/ClassData;)V >"
"< Application, Ltoba/translator/ClassInstall, <init>()V >"
"< Application, Ltoba/translator/Trans, <init>()V >"
"< Application, Ltoba/translator/Supers, <init>()V >"
"< Application, Ltoba/classfile/Names, <init>()V >"
"< Application, Ltoba/jit/CodeBlock, <init>(Ltoba/classfile/Method;I)V >"
"< Application, Ltoba/classfile/MethodRef, <init>(Ltoba/classfile/ClassRef;Ljava/lang/String;Ljava/lang/String;)V >"
"< Application, Ltoba/classfile/Pair, <init>()V >"
"< Application, Ltoba/Lister, <init>()V >"
"< Application, Ltoba/classfile/ClassRef, <init>(Ljava/lang/Class;)V >"
"< Application, Ltoba/jit/BackpatchInfo, <init>(ILtoba/classfile/Instr;Ljava/lang/Object;ILjava/lang/Object;)V >"
"< Application, Ltoba/jit/MemoryRef, <init>(Ltoba/jit/Register;)V >"
"< Application, Ltoba/classfile/Constant, <init>()V >"
"< Application, Ltoba/jit/CodeBlock, <init>(Ltoba/classfile/Method;)V >"
"< Application, Ltoba/classfile/VariableRef, <init>(Ltoba/classfile/ClassRef;Ljava/lang/String;Ljava/lang/String;)V >"
"< Application, Ltoba/classfile/Attribute, <init>(Ljava/io/DataInputStream;[Ltoba/classfile/Constant;)V >"
"< Application, Ltoba/jit/Immediate, <init>(I)V >"
"< Application, Ltoba/classfile/Instr, <init>([BI[Ltoba/classfile/Constant;)V >"
"< Application, Ltoba/classfile/ClassData, <init>(Ljava/io/DataInputStream;)V >"
"< Application, Ltoba/classfile/MethodCode, <init>(Ltoba/classfile/Method;)V >"
"< Application, Ltoba/classfile/ClassFile, <init>(Ljava/io/File;)V >"
"< Application, Ltoba/runtime/Resolve, <init>()V >"
"< Application, Ltoba/translator/InsGen, <init>()V >"
"< Application, Ltoba/runtime/ClassRT, <init>()V >"
"< Application, Ltoba/jit/Immediate, <init>(IZ)V >"
"< Application, Ltoba/InstallClassFile, <init>()V >"
"< Application, Ltoba/classfile/Field, <init>(Ljava/io/DataInputStream;[Ltoba/classfile/Constant;)V >"
"< Application, Ltoba/jit/Register, <init>(IZ)V >"
"< Application, Ltoba/runtime/SystemClassLoader, <init>()V >"
"< Application, Ltoba/classfile/ClassFile, <init>(Ljava/lang/String;)V >"
"< Application, Ltoba/classfile/ClassRef, <init>(Ljava/lang/String;)V >"
"< Application, Ltoba/translator/CFile, <init>()V >"
