"< Application, Ltoba/jit/JITCodeGen, loadClassPointer(Ltoba/classfile/Instr;Ltoba/classfile/ClassRef;ILtoba/jit/Register;)V >"	13	51	java_prim_type_int	50	java_prim_type_long
"< Application, Ltoba/jit/CodeBlock, doBackPatch(Ltoba/jit/BackpatchInfo;)V >"	282	274	java_prim_type_int	273	java_prim_type_long
"< Application, Ltoba/jit/JITCodeGen, EmitCode(Ltoba/classfile/Method;I)V >"	1140	494	java_prim_type_int	398	java_prim_type_long
"< Application, Ltoba/jit/JITCodeGen, loadClassPointer(Ltoba/classfile/Instr;Ltoba/classfile/ClassRef;ILtoba/jit/Register;)V >"	16	47	java_prim_type_int	46	java_prim_type_long
"< Application, Ltoba/translator/Repr, con(Ltoba/classfile/Method;Ltoba/classfile/Constant;)Ljava/lang/String; >"	21	70	java_prim_type_int	69	java_prim_type_long
"< Application, Ltoba/jit/CodeBlock, overwriteInstalledCode([BI)V >"	7	10	java_prim_type_long	3	java_prim_type_int
"< Application, Ltoba/jit/JITCodeGen, EmitCode(Ltoba/classfile/Method;I)V >"	83	1686	java_prim_type_int	1685	java_prim_type_long
"< Application, Ltoba/jit/CodeBlock, storeWord(II)I >"	32	53	java_prim_type_byte	52	java_prim_type_int
"< Application, Ltoba/classfile/Names, hashname(Ljava/lang/String;Ljava/lang/String;Ljava/lang/String;Ljava/lang/StringBuffer;)Ljava/lang/String; >"	39	60	java_prim_type_int	59	java_prim_type_long
"< Application, Ltoba/jit/CodeBlock, doBackPatch(Ltoba/jit/BackpatchInfo;)V >"	150	432	java_prim_type_long	424	java_prim_type_int
"< Application, Ltoba/jit/CodeBlock, storeWord(II)I >"	45	24	java_prim_type_byte	23	java_prim_type_int
"< Application, Ltoba/classfile/Method, <init>(Ltoba/classfile/ClassData;Ltoba/classfile/Field;)V >"	164	142	java_prim_type_short	141	java_prim_type_int
"< Application, Ltoba/jit/CodeBlock, storeWord(II)I >"	26	48	java_prim_type_byte	47	java_prim_type_int
"< Application, Ltoba/jit/CodeBlock, overwriteInstalledCode([BI)V >"	10	13	java_prim_type_long	12	java_prim_type_int
"< Application, Ltoba/jit/JITCodeGen, EmitCode(Ltoba/classfile/Method;I)V >"	1158	391	java_prim_type_long	390	java_prim_type_int
"< Application, Ltoba/jit/CodeBlock, doBackPatch(Ltoba/jit/BackpatchInfo;)V >"	312	256	java_prim_type_long	255	java_prim_type_int
"< Application, Ltoba/jit/Intel86, makeByteArray(Ltoba/jit/Immediate;)[B >"	21	24	java_prim_type_byte	23	java_prim_type_int
"< Application, Ltoba/jit/Intel86, makeModRM(Ljava/lang/Object;Ljava/lang/Object;)[B >"	219	242	java_prim_type_byte	241	java_prim_type_int
"< Application, Ltoba/jit/JITCodeGen, loadClassPointer(Ltoba/classfile/Instr;Ltoba/classfile/ClassRef;ILtoba/jit/Register;)V >"	25	36	java_prim_type_int	35	java_prim_type_long
"< Application, Ltoba/translator/CFile, gfloats(Ljava/io/PrintWriter;[Ltoba/classfile/Constant;)V >"	30	46	java_prim_type_int	45	java_prim_type_long
"< Application, Ltoba/jit/JITCodeGen, EmitCode(Ltoba/classfile/Method;I)V >"	51	44	java_prim_type_int	43	java_prim_type_long
"< Application, Ltoba/jit/Intel86, encode(II)[B >"	3	10	java_prim_type_byte	3	java_prim_type_int
"< Application, Ltoba/jit/CodeBlock, doBackPatch(Ltoba/jit/BackpatchInfo;)V >"	152	434	java_prim_type_int	433	java_prim_type_long
"< Application, Ltoba/jit/JITCodeGen, loadClassPointer(Ltoba/classfile/Instr;Ltoba/classfile/ClassRef;ILtoba/jit/Register;)V >"	31	28	java_prim_type_int	27	java_prim_type_long
"< Application, Ltoba/jit/Intel86, makeByteArray(Ltoba/jit/Immediate;)[B >"	15	47	java_prim_type_byte	46	java_prim_type_int
"< Application, Ltoba/classfile/Constant, readUTF(Ljava/io/DataInput;)Ljava/lang/String; >"	8	14	java_prim_type_char	8	java_prim_type_int
"< Application, Ltoba/classfile/Names, hashname(Ljava/lang/String;Ljava/lang/String;Ljava/lang/String;Ljava/lang/StringBuffer;)Ljava/lang/String; >"	7	20	java_prim_type_long	17	java_prim_type_int
"< Application, Ltoba/jit/CodeBlock, doBackPatch(Ltoba/jit/BackpatchInfo;)V >"	124	477	java_prim_type_int	476	java_prim_type_long
"< Application, Ltoba/jit/CodeBlock, storeWord(II)I >"	51	30	java_prim_type_byte	29	java_prim_type_int
"< Application, Ltoba/jit/JITCodeGen, <clinit>()V >"	209	217	java_prim_type_int	216	java_prim_type_long
"< Application, Ltoba/jit/CodeBlock, doBackPatch(Ltoba/jit/BackpatchInfo;)V >"	112	465	java_prim_type_long	464	java_prim_type_int
"< Application, Ltoba/jit/JITCodeGen, genCallResolve(Ltoba/classfile/Method;)V >"	46	67	java_prim_type_int	66	java_prim_type_long
"< Application, Ltoba/jit/JITCodeGen, <clinit>()V >"	202	210	java_prim_type_int	209	java_prim_type_long
"< Application, Ltoba/jit/Intel86, makeByteArray(Ltoba/jit/Immediate;)[B >"	36	39	java_prim_type_byte	38	java_prim_type_int
"< Application, Ltoba/jit/JITCodeGen, EmitCode(Ltoba/classfile/Method;I)V >"	1181	378	java_prim_type_long	377	java_prim_type_int
"< Application, Ltoba/jit/JITCodeGen, EmitCode(Ltoba/classfile/Method;I)V >"	145	1604	java_prim_type_int	1603	java_prim_type_long
"< Application, Ltoba/jit/Intel86, PatchNearJump(II)V >"	10	7	java_prim_type_byte	3	java_prim_type_int
"< Application, Ltoba/classfile/Names, hashname(Ljava/lang/String;Ljava/lang/String;Ljava/lang/String;Ljava/lang/StringBuffer;)Ljava/lang/String; >"	43	66	java_prim_type_long	65	java_prim_type_int
"< Application, Ltoba/jit/CodeBlock, resolveCode()V >"	68	76	java_prim_type_long	75	java_prim_type_int
"< Application, Ltoba/jit/Intel86, makeByteArray(Ltoba/jit/Immediate;)[B >"	26	29	java_prim_type_byte	28	java_prim_type_int
"< Application, Ltoba/translator/CFile, gfloats(Ljava/io/PrintWriter;[Ltoba/classfile/Constant;)V >"	32	49	java_prim_type_int	43	java_prim_type_long
"< Application, Ltoba/jit/Intel86, makeModRM(Ljava/lang/Object;Ljava/lang/Object;)[B >"	224	247	java_prim_type_byte	246	java_prim_type_int
"< Application, Ltoba/classfile/Constant, load(Ljava/io/DataInputStream;)[Ltoba/classfile/Constant; >"	20	24	java_prim_type_char	23	java_prim_type_int
"< Application, Ltoba/jit/JITCodeGen, EmitCode(Ltoba/classfile/Method;I)V >"	66	1672	java_prim_type_double	1671	java_prim_type_int
"< Application, Ltoba/jit/CodeBlock, doBackPatch(Ltoba/jit/BackpatchInfo;)V >"	266	291	java_prim_type_int	290	java_prim_type_long
"< Application, Ltoba/jit/Intel86, makeByteArray(Ltoba/jit/Immediate;)[B >"	10	43	java_prim_type_byte	6	java_prim_type_int
"< Application, Ltoba/jit/JITCodeGen, loadClassPointer(Ltoba/classfile/Instr;Ltoba/classfile/ClassRef;ILtoba/jit/Register;)V >"	10	55	java_prim_type_int	54	java_prim_type_long
"< Application, Ltoba/jit/Intel86, encode(II)[B >"	1	8	java_prim_type_byte	2	java_prim_type_int
"< Application, Ltoba/jit/JITCodeGen, EmitCode(Ltoba/classfile/Method;I)V >"	457	1171	java_prim_type_int	1170	java_prim_type_long
"< Application, Ltoba/jit/JITCodeGen, EmitCode(Ltoba/classfile/Method;I)V >"	151	1611	java_prim_type_int	1610	java_prim_type_long
"< Application, Ltoba/jit/JITCodeGen, EmitCode(Ltoba/classfile/Method;I)V >"	1177	372	java_prim_type_long	371	java_prim_type_int
"< Application, Ltoba/jit/Intel86, makeByteArray(I)[B >"	1	7	java_prim_type_byte	2	java_prim_type_int
"< Application, Ltoba/jit/CodeBlock, doBackPatch(Ltoba/jit/BackpatchInfo;)V >"	347	226	java_prim_type_long	225	java_prim_type_int
"< Application, Ltoba/jit/JITCodeGen, genCallResolve(Ltoba/classfile/Method;)V >"	6	12	java_prim_type_int	11	java_prim_type_long
"< Application, Ltoba/jit/Intel86, makeByteArray(Ltoba/jit/Immediate;)[B >"	31	34	java_prim_type_byte	33	java_prim_type_int
"< Application, Ltoba/jit/CodeBlock, doBackPatch(Ltoba/jit/BackpatchInfo;)V >"	170	402	java_prim_type_int	401	java_prim_type_long
"< Application, Ltoba/translator/CFile, gfloats(Ljava/io/PrintWriter;[Ltoba/classfile/Constant;)V >"	20	29	java_prim_type_float	16	java_prim_type_double
"< Application, Ltoba/jit/CodeBlock, resolveCode()V >"	46	54	java_prim_type_int	53	java_prim_type_long
"< Application, Ltoba/jit/CodeBlock, resolveCode()V >"	97	105	java_prim_type_int	104	java_prim_type_long
"< Application, Ltoba/runtime/CodeGen, buildNativeClass(Ltoba/classfile/ClassData;Ljava/lang/ClassLoader;)Ljava/lang/Class; >"	86	92	java_prim_type_int	91	java_prim_type_long
"< Application, Ltoba/classfile/Names, hashname(Ljava/lang/String;Ljava/lang/String;Ljava/lang/String;Ljava/lang/StringBuffer;)Ljava/lang/String; >"	28	48	java_prim_type_long	45	java_prim_type_int
"< Application, Ltoba/jit/Intel86, makeModRM(ILjava/lang/Object;)[B >"	26	18	java_prim_type_byte	17	java_prim_type_int
"< Application, Ltoba/jit/Intel86, makeByteArray(II)[B >"	1	8	java_prim_type_byte	2	java_prim_type_int
"< Application, Ltoba/jit/JITCodeGen, EmitCode(Ltoba/classfile/Method;I)V >"	125	1618	java_prim_type_int	1617	java_prim_type_long
"< Application, Ltoba/classfile/Constant, readUTF(Ljava/io/DataInput;)Ljava/lang/String; >"	52	51	java_prim_type_char	50	java_prim_type_int
"< Application, Ltoba/jit/Intel86, encode(I)[B >"	1	7	java_prim_type_byte	2	java_prim_type_int
"< Application, Ltoba/jit/CodeBlock, doBackPatch(Ltoba/jit/BackpatchInfo;)V >"	138	419	java_prim_type_int	418	java_prim_type_long
"< Application, Ltoba/jit/JITCodeGen, generateCode(Ljava/lang/Class;Ltoba/classfile/Method;)Ltoba/classfile/MethodCode; >"	114	62	java_prim_type_int	61	java_prim_type_long
"< Application, Ltoba/jit/CodeBlock, doBackPatch(Ltoba/jit/BackpatchInfo;)V >"	277	269	java_prim_type_int	268	java_prim_type_long
"< Application, Ltoba/jit/CodeBlock, doBackPatch(Ltoba/jit/BackpatchInfo;)V >"	280	272	java_prim_type_long	271	java_prim_type_int
"< Application, Ltoba/jit/Intel86, makeModRM(Ljava/lang/Object;Ljava/lang/Object;)[B >"	199	230	java_prim_type_byte	229	java_prim_type_int
"< Application, Ltoba/jit/CodeBlock, doBackPatch(Ltoba/jit/BackpatchInfo;)V >"	349	228	java_prim_type_int	227	java_prim_type_long
"< Application, Ltoba/jit/JITCodeGen, EmitSyncWrapper(Ltoba/classfile/Method;)V >"	435	548	java_prim_type_long	547	java_prim_type_int
"< Application, Ltoba/classfile/Method, <init>(Ltoba/classfile/ClassData;Ltoba/classfile/Field;)V >"	84	86	java_prim_type_char	78	java_prim_type_int
"< Application, Ltoba/jit/JITCodeGen, loadClassPointer(Ltoba/classfile/Instr;Ltoba/classfile/ClassRef;ILtoba/jit/Register;)V >"	28	32	java_prim_type_int	31	java_prim_type_long
"< Application, Ltoba/jit/Intel86, makeByteArray(Ltoba/jit/Immediate;)[B >"	5	50	java_prim_type_byte	6	java_prim_type_int
"< Application, Ltoba/jit/JITCodeGen, EmitExceptHandle(Ltoba/classfile/Method;)V >"	106	132	java_prim_type_int	131	java_prim_type_long
"< Application, Ltoba/jit/JITCodeGen, loadClassPointer(Ltoba/classfile/Instr;Ltoba/classfile/ClassRef;ILtoba/jit/Register;)V >"	19	43	java_prim_type_int	42	java_prim_type_long
"< Application, Ltoba/jit/CodeBlock, doBackPatch(Ltoba/jit/BackpatchInfo;)V >"	261	286	java_prim_type_int	285	java_prim_type_long
"< Application, Ltoba/jit/JITCodeGen, EmitCode(Ltoba/classfile/Method;I)V >"	1127	478	java_prim_type_long	477	java_prim_type_int
"< Application, Ltoba/jit/JITCodeGen, genCallResolve(Ltoba/classfile/Method;)V >"	67	93	java_prim_type_long	6	java_prim_type_int
"< Application, Ltoba/jit/CodeBlock, doBackPatch(Ltoba/jit/BackpatchInfo;)V >"	147	429	java_prim_type_long	428	java_prim_type_int
"< Application, Ltoba/jit/Intel86, makeModRM(Ljava/lang/Object;Ljava/lang/Object;)[B >"	203	232	java_prim_type_byte	182	java_prim_type_int
"< Application, Ltoba/jit/Intel86, makeModRM(Ljava/lang/Object;Ljava/lang/Object;)[B >"	214	237	java_prim_type_byte	236	java_prim_type_int
"< Application, Ltoba/jit/CodeBlock, doBackPatch(Ltoba/jit/BackpatchInfo;)V >"	197	366	java_prim_type_long	365	java_prim_type_int
"< Application, Ltoba/jit/JITCodeGen, EmitCode(Ltoba/classfile/Method;I)V >"	77	1679	java_prim_type_int	1678	java_prim_type_long
"< Application, Ltoba/jit/CodeBlock, storeWord(II)I >"	14	38	java_prim_type_byte	37	java_prim_type_int
"< Application, Ltoba/jit/CodeBlock, overwriteInstalledCode([BI)V >"	21	20	java_prim_type_long	3	java_prim_type_int
"< Application, Ltoba/jit/CodeBlock, doBackPatch(Ltoba/jit/BackpatchInfo;)V >"	192	362	java_prim_type_long	361	java_prim_type_int
"< Application, Ltoba/jit/JITCodeGen, EmitCode(Ltoba/classfile/Method;I)V >"	1055	578	java_prim_type_long	577	java_prim_type_int
"< Application, Ltoba/jit/CodeBlock, storeWord(II)I >"	39	18	java_prim_type_byte	17	java_prim_type_int
"< Application, Ltoba/jit/CodeBlock, doBackPatch(Ltoba/jit/BackpatchInfo;)V >"	143	426	java_prim_type_long	425	java_prim_type_int
"< Application, Ltoba/jit/CodeBlock, doBackPatch(Ltoba/jit/BackpatchInfo;)V >"	120	473	java_prim_type_long	472	java_prim_type_int
"< Application, Ltoba/jit/CodeBlock, doBackPatch(Ltoba/jit/BackpatchInfo;)V >"	241	318	java_prim_type_int	317	java_prim_type_long
"< Application, Ltoba/jit/CodeBlock, resolveCode()V >"	57	65	java_prim_type_short	64	java_prim_type_int
"< Application, Ltoba/jit/CodeBlock, storeWord(II)I >"	20	43	java_prim_type_byte	42	java_prim_type_int
"< Application, Ltoba/jit/JITCodeGen, loadClassPointer(Ltoba/classfile/Instr;Ltoba/classfile/ClassRef;ILtoba/jit/Register;)V >"	22	40	java_prim_type_int	39	java_prim_type_long
"< Application, Ltoba/jit/JITCodeGen, EmitCode(Ltoba/classfile/Method;I)V >"	92	1653	java_prim_type_float	1652	java_prim_type_int
"< Application, Ltoba/jit/JITCodeGen, Prologue(Ltoba/classfile/Method;I)V >"	84	86	java_prim_type_int	85	java_prim_type_long
"< Application, Ltoba/jit/JITCodeGen, EmitCode(Ltoba/classfile/Method;I)V >"	1091	433	java_prim_type_int	398	java_prim_type_long
"< Application, Ltoba/jit/CodeBlock, resolveCode()V >"	70	78	java_prim_type_int	77	java_prim_type_long
"< Application, Ltoba/classfile/Method, <init>(Ltoba/classfile/ClassData;Ltoba/classfile/Field;)V >"	271	233	java_prim_type_short	237	java_prim_type_int
"< Application, Ltoba/classfile/Names, hashname(Ljava/lang/String;Ljava/lang/String;Ljava/lang/String;Ljava/lang/StringBuffer;)Ljava/lang/String; >"	16	32	java_prim_type_long	29	java_prim_type_int
"< Application, Ltoba/jit/CodeBlock, doBackPatch(Ltoba/jit/BackpatchInfo;)V >"	407	167	java_prim_type_int	165	java_prim_type_long
"< Application, Ltoba/classfile/Names, hashname(Ljava/lang/String;Ljava/lang/String;Ljava/lang/String;Ljava/lang/StringBuffer;)Ljava/lang/String; >"	37	58	java_prim_type_long	57	java_prim_type_int
"< Application, Ltoba/jit/Intel86, makeModRM(Ljava/lang/Object;Ljava/lang/Object;)[B >"	209	254	java_prim_type_byte	184	java_prim_type_int
"< Application, Ltoba/jit/JITCodeGen, EmitCode(Ltoba/classfile/Method;I)V >"	72	1668	java_prim_type_long	1667	java_prim_type_int
"< Application, Ltoba/jit/CodeBlock, doBackPatch(Ltoba/jit/BackpatchInfo;)V >"	250	301	java_prim_type_int	300	java_prim_type_long
"< Application, Ltoba/jit/JITCodeGen, EmitCode(Ltoba/classfile/Method;I)V >"	49	42	java_prim_type_long	41	java_prim_type_int
"< Application, Ltoba/jit/CodeBlock, resolveCode()V >"	52	60	java_prim_type_short	59	java_prim_type_int
"< Application, Ltoba/jit/Intel86, makeModRM(Ljava/lang/Object;Ljava/lang/Object;)[B >"	229	252	java_prim_type_byte	251	java_prim_type_int
"< Application, Ltoba/jit/CodeBlock, doBackPatch(Ltoba/jit/BackpatchInfo;)V >"	314	258	java_prim_type_int	257	java_prim_type_long
"< Application, Ltoba/jit/CodeBlock, doBackPatch(Ltoba/jit/BackpatchInfo;)V >"	264	289	java_prim_type_long	288	java_prim_type_int
"< Application, Ltoba/jit/CodeBlock, storeWord(II)I >"	56	34	java_prim_type_byte	33	java_prim_type_int
"< Application, Ltoba/jit/JITCodeGen, EmitIfCmp(Ltoba/classfile/Instr;Ltoba/classfile/Method;)V >"	66	77	java_prim_type_long	76	java_prim_type_int
"< Application, Ltoba/jit/Intel86, makeByteArray(II)[B >"	3	10	java_prim_type_byte	3	java_prim_type_int
"< Application, Ltoba/jit/JITCodeGen, EmitCode(Ltoba/classfile/Method;I)V >"	1036	556	java_prim_type_int	510	java_prim_type_long
"< Application, Ltoba/translator/CFile, emitStaticFinalInit(Ljava/io/PrintWriter;Ltoba/classfile/ClassData;)Z >"	44	63	java_prim_type_int	62	java_prim_type_long
"< Application, Ltoba/jit/CodeBlock, overwriteInstalledCode([BI)V >"	13	16	java_prim_type_long	15	java_prim_type_int
"< Application, Ltoba/translator/Repr, con(Ltoba/classfile/Method;Ltoba/classfile/Constant;)Ljava/lang/String; >"	22	71	java_prim_type_int	63	java_prim_type_long
"< Application, Ltoba/translator/CFile, emitStaticFinalInit(Ljava/io/PrintWriter;Ltoba/classfile/ClassData;)Z >"	45	64	java_prim_type_int	53	java_prim_type_long
"< Application, Ltoba/classfile/Constant, readUTF(Ljava/io/DataInput;)Ljava/lang/String; >"	27	32	java_prim_type_char	31	java_prim_type_int
"< Application, Ltoba/jit/CodeBlock, doBackPatch(Ltoba/jit/BackpatchInfo;)V >"	201	370	java_prim_type_int	369	java_prim_type_long
