"< Application, Ltoba/runtime/CodeGen, instanceOffsets(Ljava/lang/Class;)[I >"	25	32	19	31
"< Application, Ltoba/translator/HFile, write(Ljava/io/PrintWriter;Ltoba/classfile/ClassData;)V >"	68	111	110	147
"< Application, Ltoba/jit/CodeBlock, doBackPatch(Ltoba/jit/BackpatchInfo;)V >"	140	421	415	420
"< Application, Ltoba/jit/JITCodeGen, EmitCode(Ltoba/classfile/Method;I)V >"	1054	577	576	22
"< Application, Ltoba/jit/JITCodeGen, EmitCode(Ltoba/classfile/Method;I)V >"	226	1503	1502	22
"< Application, Ltoba/translator/HFile, write(Ljava/io/PrintWriter;Ltoba/classfile/ClassData;)V >"	93	153	152	158
"< Application, Ltoba/classfile/ClassData, buildMethodTables(Z)V >"	12	15	14	53
"< Application, Ltoba/translator/CFile, strdump(Ljava/io/PrintWriter;Ltoba/classfile/ClassData;)V >"	55	73	72	97
"< Application, Ltoba/runtime/CodeGen, setSpecialMethods(Ljava/lang/Class;)V >"	3	10	9	38
"< Application, Ltoba/translator/CFile, write(Ljava/io/PrintWriter;Ltoba/classfile/ClassData;)V >"	25	32	31	42
"< Application, Ltoba/jit/CodeBlock, getCodeWord(I)I >"	16	37	35	36
"< Application, Ltoba/runtime/Supers, resolveIfaceRefs(Ltoba/classfile/ClassData;Ljava/lang/ClassLoader;)V >"	2	8	7	19
"< Application, Ltoba/jit/CodeBlock, doBackPatch(Ltoba/jit/BackpatchInfo;)V >"	356	204	203	93
"< Application, Ltoba/classfile/MethodRef, findMethod(Ltoba/classfile/ClassData;)Ltoba/classfile/Field; >"	27	44	16	18
"< Application, Ltoba/jit/CodeBlock, resolveCode()V >"	66	74	69	73
"< Application, Ltoba/classfile/Attribute, <init>(Ljava/io/DataInputStream;[Ltoba/classfile/Constant;)V >"	2	8	3	7
"< Application, Ltoba/jit/Intel86, emitByteArray([B)V >"	17	27	1	45
"< Application, Ltoba/classfile/ClassData, arrayString([Ljava/lang/Object;)Ljava/lang/String; >"	13	22	2	35
"< Application, Ltoba/runtime/CodeGen, staticMethodAddrs(Ljava/lang/Class;[Ltoba/classfile/Field;)[J >"	4	11	3	27
"< Application, Ltoba/translator/InsGen, igen(Ljava/io/PrintWriter;Ltoba/classfile/Method;Ltoba/classfile/Instr;)V >"	925	357	356	360
"< Application, Ltoba/classfile/IHash, hashlist(Ljava/lang/ClassLoader;Ltoba/classfile/ClassRef;)[I >"	34	48	45	53
"< Application, Ltoba/Lister, recursivelist(Ljava/lang/String;Ljava/lang/String;)V >"	9	15	7	40
"< Application, Ltoba/classfile/IHash, mark(Ljava/lang/ClassLoader;Ltoba/classfile/ClassData;)V >"	3	9	8	31
"< Application, Ltoba/translator/CFile, write(Ljava/io/PrintWriter;Ltoba/classfile/ClassData;)V >"	63	75	74	88
"< Application, Ltoba/jit/JITCodeGen, EmitCode(Ltoba/classfile/Method;I)V >"	992	503	502	27
"< Application, Ltoba/jit/JITCodeGen, EmitCode(Ltoba/classfile/Method;I)V >"	208	1497	1496	22
"< Application, Ltoba/classfile/Method, <init>(Ltoba/classfile/ClassData;Ltoba/classfile/Field;)V >"	198	171	169	170
"< Application, Ltoba/classfile/Instr, i4([BI)I >"	8	17	1	16
"< Application, Ltoba/jit/JITCodeGen, excOheadAddr(I)Ltoba/jit/MemoryRef; >"	4	8	7	2
"< Application, Ltoba/classfile/Method, <init>(Ltoba/classfile/ClassData;Ltoba/classfile/Field;)V >"	29	29	26	28
"< Application, Ltoba/classfile/Names, idchar(C)Z >"	4	6	5	1
"< Application, Ltoba/jit/JITCodeGen, <clinit>()V >"	246	250	249	253
"< Application, Ltoba/classfile/Method, <init>(Ltoba/classfile/ClassData;Ltoba/classfile/Field;)V >"	184	159	158	174
"< Application, Ltoba/classfile/Method, mark(ILjava/lang/String;I)V >"	16	18	16	100
"< Application, Ltoba/runtime/CodeGen, classVariableOffsets([Ltoba/classfile/Field;)[I >"	3	8	2	29
"< Application, Ltoba/jit/CodeBlock, dumpHex()V >"	19	36	35	44
"< Application, Ltoba/translator/MethGen, dclvars(Ljava/io/PrintWriter;Ltoba/classfile/Method;CZ)V >"	5	10	9	3
"< Application, Ltoba/translator/MethGen, mgen(Ljava/io/PrintWriter;Ltoba/classfile/Method;)V >"	63	96	92	95
"< Application, Ltoba/jit/CodeBlock, doBackPatch(Ltoba/jit/BackpatchInfo;)V >"	263	288	282	287
"< Application, Ltoba/classfile/MethodRef, findMethod(Ltoba/classfile/ClassData;)Ltoba/classfile/Field; >"	24	24	16	18
"< Application, Ltoba/classfile/Instr, <init>([BI[Ltoba/classfile/Constant;)V >"	28	135	2	134
"< Application, Ltoba/translator/HFile, write(Ljava/io/PrintWriter;Ltoba/classfile/ClassData;)V >"	38	65	64	94
"< Application, Ltoba/jit/JITCodeGen, SummarizeInstrumentation()V >"	18	26	25	34
"< Application, Ltoba/classfile/Constant, load(Ljava/io/DataInputStream;)[Ltoba/classfile/Constant; >"	145	115	5	114
"< Application, Ltoba/classfile/MethodRef, findMethod(Ltoba/classfile/ClassData;)Ltoba/classfile/Field; >"	20	20	16	18
"< Application, Ltoba/classfile/Instr, <init>([BI[Ltoba/classfile/Constant;)V >"	31	138	137	136
"< Application, Ltoba/jit/CodeBlock, dumpHex()V >"	36	50	49	61
"< Application, Ltoba/jit/CodeBlock, doBackPatch(Ltoba/jit/BackpatchInfo;)V >"	333	210	206	209
"< Application, Ltoba/classfile/Field, <init>(Ljava/io/DataInputStream;[Ltoba/classfile/Constant;)V >"	4	10	3	9
"< Application, Ltoba/jit/JITCodeGen, EmitExceptHandle(Ltoba/classfile/Method;)V >"	7	13	11	12
"< Application, Ltoba/classfile/Method, mark(ILjava/lang/String;I)V >"	93	83	82	92
"< Application, Ltoba/classfile/Opcode, lookupOpcode(I)Ltoba/classfile/Opcode; >"	1	4	3	1
"< Application, Ltoba/classfile/Instr, i4([BI)I >"	13	24	1	23
"< Application, Ltoba/classfile/Instr, i2([BI)I >"	0	4	1	2
"< Application, Ltoba/translator/InsGen, igen(Ljava/io/PrintWriter;Ltoba/classfile/Method;Ltoba/classfile/Instr;)V >"	934	363	362	6
"< Application, Ltoba/runtime/CodeGen, instanceSize([Ltoba/classfile/Field;[I)I >"	16	23	2	32
"< Application, Ltoba/translator/CFile, emitNamesSigs(Ljava/io/PrintWriter;Ljava/lang/String;[Ltoba/classfile/Field;)V >"	21	42	3	48
"< Application, Ltoba/runtime/CodeGen, hashAddrs(Ljava/lang/Class;[Ltoba/classfile/Field;)[J >"	3	9	3	16
"< Application, Ltoba/classfile/VariableRef, findVariable(Ltoba/classfile/ClassData;)Ltoba/classfile/Field; >"	4	10	4	7
"< Application, Ltoba/classfile/IHash, <init>(Ltoba/classfile/ClassData;)V >"	89	100	99	118
"< Application, Ltoba/jit/CodeBlock, resolveCode()V >"	31	38	37	92
"< Application, Ltoba/jit/Intel86, encode([B[B[B)[B >"	27	29	3	31
"< Application, Ltoba/classfile/VariableRef, findVariable(Ltoba/classfile/ClassData;)Ltoba/classfile/Field; >"	8	14	4	7
"< Application, Ltoba/translator/InsGen, igen(Ljava/io/PrintWriter;Ltoba/classfile/Method;Ltoba/classfile/Instr;)V >"	907	330	329	36
"< Application, Ltoba/jit/CodeBlock, doBackPatch(Ltoba/jit/BackpatchInfo;)V >"	139	420	417	419
"< Application, Ltoba/translator/Trans, doname(Ljava/lang/String;)V >"	131	186	185	198
"< Application, Ltoba/jit/JITCodeGen, EmitCode(Ltoba/classfile/Method;I)V >"	1073	410	409	80
"< Application, Ltoba/classfile/IHash, hashlist(Ljava/lang/ClassLoader;Ltoba/classfile/ClassRef;)[I >"	49	61	60	66
"< Application, Ltoba/classfile/Method, <init>(Ltoba/classfile/ClassData;Ltoba/classfile/Field;)V >"	254	219	218	221
"< Application, Ltoba/translator/CFile, strref(Ltoba/classfile/Constant;)I >"	2	5	3	4
"< Application, Ltoba/jit/Intel86, makeModRM(ILjava/lang/Object;)[B >"	1	9	7	8
"< Application, Ltoba/classfile/Instr, nextStack()Ljava/lang/String; >"	136	55	53	54
"< Application, Ltoba/runtime/CodeGen, staticMethodAddrs(Ljava/lang/Class;[Ltoba/classfile/Field;)[J >"	9	16	3	27
"< Application, Ltoba/classfile/Names, <clinit>()V >"	94	168	167	173
"< Application, Ltoba/jit/CodeBlock, doBackPatch(Ltoba/jit/BackpatchInfo;)V >"	278	270	267	269
"< Application, Ltoba/jit/JITCodeGen, EmitCode(Ltoba/classfile/Method;I)V >"	1020	537	536	27
"< Application, Ltoba/jit/JITCodeGen, EmitCode(Ltoba/classfile/Method;I)V >"	629	1004	1003	22
"< Application, Ltoba/runtime/CodeGen, instanceMethodAddrs(Ljava/lang/Class;[Ltoba/classfile/Field;I)[J >"	8	18	3	35
"< Application, Ltoba/jit/CodeBlock, getCodeWord(I)I >"	33	19	17	18
"< Application, Ltoba/jit/JITCodeGen, EmitCode(Ltoba/classfile/Method;I)V >"	995	506	505	80
"< Application, Ltoba/classfile/ClassData, buildVariableTables(Z)V >"	18	22	21	36
"< Application, Ltoba/jit/JITCodeGen, EmitSyncWrapper(Ltoba/classfile/Method;)V >"	32	45	43	44
"< Application, Ltoba/classfile/Constant, toString()Ljava/lang/String; >"	3	6	4	5
"< Application, Ltoba/runtime/CodeGen, getInstanceMethodAddrs(Ljava/lang/Class;)[J >"	6	13	12	18
"< Application, Ltoba/translator/CFile, others(Ljava/io/PrintWriter;Ltoba/classfile/ClassData;)V >"	5	12	11	40
"< Application, Ltoba/classfile/Instr, i4([BI)I >"	0	4	1	2
"< Application, Ltoba/classfile/Method, target(I)I >"	3	7	4	6
"< Application, Ltoba/classfile/Instr, dump(Ljava/io/PrintWriter;[Ltoba/classfile/Instr;)V >"	3	9	2	15
"< Application, Ltoba/jit/Register, toString()Ljava/lang/String; >"	11	7	5	6
"< Application, Ltoba/classfile/ClassData, <init>(Ljava/lang/Class;)V >"	16	21	20	26
"< Application, Ltoba/jit/JITCodeGen, EmitExceptHandle(Ltoba/classfile/Method;)V >"	24	34	32	33
"< Application, Ltoba/translator/CFile, cltables(Ljava/io/PrintWriter;Ltoba/classfile/ClassData;)V >"	65	109	108	173
"< Application, Ltoba/classfile/Instr, i1([BI)I >"	0	4	1	2
"< Application, Ltoba/jit/CodeBlock, doBackPatch(Ltoba/jit/BackpatchInfo;)V >"	345	224	217	223
"< Application, Ltoba/classfile/VariableRef, findVariable(Ltoba/classfile/ClassData;)Ltoba/classfile/Field; >"	27	50	16	18
"< Application, Ltoba/translator/HFile, ivfield(Ljava/io/PrintWriter;Ltoba/classfile/ClassData;)V >"	4	9	8	32
"< Application, Ltoba/translator/CFile, emitStaticFinalInit(Ljava/io/PrintWriter;Ltoba/classfile/ClassData;)Z >"	2	8	7	232
"< Application, Ltoba/translator/Trans, main([Ljava/lang/String;)V >"	27	32	1	35
"< Application, Ltoba/jit/JITCodeGen, generateCode(Ljava/lang/Class;Ltoba/classfile/Method;)Ltoba/classfile/MethodCode; >"	93	75	74	51
"< Application, Ltoba/classfile/Instr, u2([BI)I >"	0	4	1	2
"< Application, Ltoba/jit/JITCodeGen, SummarizeInstrumentation()V >"	8	13	12	34
"< Application, Ltoba/classfile/MethodRef, findMethod(Ltoba/classfile/ClassData;)Ltoba/classfile/Field; >"	8	14	4	7
"< Application, Ltoba/jit/Intel86, emitByteArray([B)V >"	1	6	1	45
"< Application, Ltoba/classfile/Constant, load(Ljava/io/DataInputStream;)[Ltoba/classfile/Constant; >"	126	98	5	131
"< Application, Ltoba/classfile/ClassData, addSymFields([Ltoba/classfile/Field;)V >"	1	6	2	18
"< Application, Ltoba/classfile/Constant, load(Ljava/io/DataInputStream;)[Ltoba/classfile/Constant; >"	133	103	5	102
"< Application, Ltoba/classfile/ClassData, ivregister()V >"	2	7	6	17
"< Application, Ltoba/classfile/Constant, load(Ljava/io/DataInputStream;)[Ltoba/classfile/Constant; >"	88	71	5	70
"< Application, Ltoba/classfile/ClassData, buildMethodTables(Z)V >"	90	77	76	85
"< Application, Ltoba/translator/InsGen, target(Ltoba/classfile/Method;I)I >"	2	6	5	2
"< Application, Ltoba/classfile/Field, <init>(Ljava/io/DataInputStream;[Ltoba/classfile/Constant;)V >"	9	15	3	14
"< Application, Ltoba/classfile/Method, <init>(Ltoba/classfile/ClassData;Ltoba/classfile/Field;)V >"	199	172	168	171
"< Application, Ltoba/jit/CodeBlock, doBackPatch(Ltoba/jit/BackpatchInfo;)V >"	346	225	215	224
"< Application, Ltoba/jit/JITCodeGen, EmitCode(Ltoba/classfile/Method;I)V >"	1	6	5	3
"< Application, Ltoba/translator/CFile, cltables(Ljava/io/PrintWriter;Ltoba/classfile/ClassData;)V >"	12	23	22	90
"< Application, Ltoba/classfile/Instr, <init>([BI[Ltoba/classfile/Constant;)V >"	138	101	100	104
"< Application, Ltoba/classfile/Method, mark(ILjava/lang/String;I)V >"	1	7	6	2
"< Application, Ltoba/translator/Trans, options([Ljava/lang/String;)V >"	29	29	1	26
"< Application, Ltoba/classfile/Instr, u2([BI)I >"	4	11	1	10
"< Application, Ltoba/classfile/Instr, i4([BI)I >"	3	9	1	8
"< Application, Ltoba/jit/Intel86, encode([B[B[B)[B >"	17	22	2	24
"< Application, Ltoba/runtime/CodeGen, instanceOffsets(Ljava/lang/Class;)[I >"	13	21	19	27
"< Application, Ltoba/runtime/Resolve, resolveClass(Ltoba/classfile/ClassData;Ljava/lang/ClassLoader;)V >"	36	37	36	52
"< Application, Ltoba/translator/InsGen, igen(Ljava/io/PrintWriter;Ltoba/classfile/Method;Ltoba/classfile/Instr;)V >"	304	1314	1313	6
"< Application, Ltoba/translator/CFile, inters(Ljava/io/PrintWriter;Ltoba/classfile/ClassData;)V >"	6	12	11	35
"< Application, Ltoba/classfile/Method, mark(ILjava/lang/String;I)V >"	112	98	97	17
"< Application, Ltoba/translator/CFile, write(Ljava/io/PrintWriter;Ltoba/classfile/ClassData;)V >"	102	112	111	148
"< Application, Ltoba/jit/JITCodeGen, <clinit>()V >"	232	238	237	242
"< Application, Ltoba/classfile/Method, <init>(Ltoba/classfile/ClassData;Ltoba/classfile/Field;)V >"	211	180	179	185
"< Application, Ltoba/classfile/Instr, i2([BI)I >"	3	9	1	8
"< Application, Ltoba/jit/JITCodeGen, EmitCode(Ltoba/classfile/Method;I)V >"	1007	521	520	80
"< Application, Ltoba/classfile/IHash, <init>(Ltoba/classfile/ClassData;)V >"	61	68	67	121
"< Application, Ltoba/jit/Intel86, makeModRM(ILjava/lang/Object;)[B >"	7	34	7	8
"< Application, Ltoba/classfile/Method, <init>(Ltoba/classfile/ClassData;Ltoba/classfile/Field;)V >"	129	123	122	121
"< Application, Ltoba/translator/MethGen, dclvars(Ljava/io/PrintWriter;Ltoba/classfile/Method;CZ)V >"	1	7	6	3
"< Application, Ltoba/jit/JITCodeGen, EmitIfCmp(Ltoba/classfile/Instr;Ltoba/classfile/Method;)V >"	63	74	72	73
"< Application, Ltoba/classfile/Method, <init>(Ltoba/classfile/ClassData;Ltoba/classfile/Field;)V >"	189	164	160	163
"< Application, Ltoba/Lister, main([Ljava/lang/String;)V >"	10	13	1	11
"< Application, Ltoba/classfile/Method, <init>(Ltoba/classfile/ClassData;Ltoba/classfile/Field;)V >"	266	230	229	237
"< Application, Ltoba/classfile/VariableRef, findVariable(Ltoba/classfile/ClassData;)Ltoba/classfile/Field; >"	20	20	16	18
"< Application, Ltoba/jit/CodeBlock, doBackPatch(Ltoba/jit/BackpatchInfo;)V >"	309	253	251	252
"< Application, Ltoba/classfile/Constant, load(Ljava/io/DataInputStream;)[Ltoba/classfile/Constant; >"	81	64	5	77
"< Application, Ltoba/runtime/CodeGen, internStrings(Ljava/lang/Class;)[Ljava/lang/String; >"	20	24	6	30
"< Application, Ltoba/translator/CFile, hashgen(Ljava/io/PrintWriter;Ltoba/classfile/ClassData;)V >"	50	81	80	109
"< Application, Ltoba/jit/JITCodeGen, Prologue(Ltoba/classfile/Method;I)V >"	162	180	179	14
"< Application, Ltoba/InstallClassFile, main([Ljava/lang/String;)V >"	5	10	1	4
"< Application, Ltoba/translator/InsGen, target(Ltoba/classfile/Method;I)I >"	3	7	4	6
"< Application, Ltoba/classfile/Method, <init>(Ltoba/classfile/ClassData;Ltoba/classfile/Field;)V >"	239	206	204	205
"< Application, Ltoba/classfile/Constant, dump(Ljava/io/PrintWriter;[Ltoba/classfile/Constant;)V >"	3	9	2	31
"< Application, Ltoba/runtime/CodeGen, instanceOffsets(Ljava/lang/Class;)[I >"	36	49	6	63
"< Application, Ltoba/classfile/IHash, impls(Ltoba/classfile/ClassData;)Ljava/util/Vector; >"	9	14	13	18
"< Application, Ltoba/runtime/CodeGen, setSpecialMethods(Ljava/lang/Class;)V >"	47	42	41	54
"< Application, Ltoba/classfile/Opcode, op(IIIILjava/lang/String;Ljava/lang/String;Ljava/lang/String;I)V >"	2	13	12	1
"< Application, Ltoba/jit/JITCodeGen, EmitCode(Ltoba/classfile/Method;I)V >"	1022	539	538	80
"< Application, Ltoba/translator/InsGen, igen(Ljava/io/PrintWriter;Ltoba/classfile/Method;Ltoba/classfile/Instr;)V >"	67	1702	1701	6
"< Application, Ltoba/translator/MethGen, mgen(Ljava/io/PrintWriter;Ltoba/classfile/Method;)V >"	176	246	245	311
"< Application, Ltoba/classfile/Constant, load(Ljava/io/DataInputStream;)[Ltoba/classfile/Constant; >"	137	107	5	106
"< Application, Ltoba/translator/CFile, strdump(Ljava/io/PrintWriter;Ltoba/classfile/ClassData;)V >"	59	91	90	97
"< Application, Ltoba/translator/Trans, main([Ljava/lang/String;)V >"	25	31	1	35
"< Application, Ltoba/translator/Trans, genmain(Ltoba/classfile/ClassData;)V >"	2	8	7	21
"< Application, Ltoba/runtime/CodeGen, staticMethodAddrs(Ljava/lang/Class;[Ltoba/classfile/Field;)[J >"	14	22	6	27
"< Application, Ltoba/jit/JITCodeGen, EmitCode(Ltoba/classfile/Method;I)V >"	1156	389	385	388
"< Application, Ltoba/classfile/ClassData, <init>(Ljava/io/DataInputStream;)V >"	33	35	34	32
"< Application, Ltoba/jit/JITCodeGen, <clinit>()V >"	221	228	227	242
"< Application, Ltoba/jit/JITCodeGen, EmitSyncWrapper(Ltoba/classfile/Method;)V >"	45	59	58	13
"< Application, Ltoba/classfile/Method, markvar(CI)V >"	6	9	8	2
"< Application, Ltoba/translator/Trans, debugging(C)Z >"	1	4	3	1
"< Application, Ltoba/runtime/CodeGen, interfaces(Ljava/lang/Class;)[J >"	14	23	22	33
"< Application, Ltoba/jit/Intel86, encode([B[B[B)[B >"	37	36	4	38
"< Application, Ltoba/jit/JITCodeGen, EmitCode(Ltoba/classfile/Method;I)V >"	624	998	997	22
"< Application, Ltoba/jit/CodeBlock, doBackPatch(Ltoba/jit/BackpatchInfo;)V >"	295	240	239	207
"< Application, Ltoba/classfile/ClassData, <init>(Ljava/io/DataInputStream;)V >"	46	48	47	45
"< Application, Ltoba/runtime/CodeGen, instanceSize([Ltoba/classfile/Field;[I)I >"	6	10	3	9
"< Application, Ltoba/jit/CodeBlock, doBackPatch(Ltoba/jit/BackpatchInfo;)V >"	311	255	247	254
"< Application, Ltoba/translator/Trans, options([Ljava/lang/String;)V >"	18	24	1	20
"< Application, Ltoba/runtime/CodeGen, classVariableSpace([Ltoba/classfile/Field;)I >"	1	6	2	27
"< Application, Ltoba/classfile/Instr, <init>([BI[Ltoba/classfile/Constant;)V >"	5	9	2	8
"< Application, Ltoba/jit/CodeBlock, doBackPatch(Ltoba/jit/BackpatchInfo;)V >"	344	223	219	222
"< Application, Ltoba/classfile/ClassData, <init>(Ljava/lang/Class;)V >"	29	32	31	39
"< Application, Ltoba/jit/CodeBlock, resolveCode()V >"	67	75	67	74
"< Application, Ltoba/translator/CFile, methodsigs(Ljava/io/PrintWriter;Ltoba/classfile/ClassData;)V >"	3	10	9	96
"< Application, Ltoba/translator/InsGen, igen(Ljava/io/PrintWriter;Ltoba/classfile/Method;Ltoba/classfile/Instr;)V >"	956	318	316	317
"< Application, Ltoba/jit/JITCodeGen, EmitCode(Ltoba/classfile/Method;I)V >"	647	1026	1025	22
"< Application, Ltoba/classfile/Field, isInArray([Ltoba/classfile/Field;)Z >"	3	8	2	14
"< Application, Ltoba/translator/Trans, options([Ljava/lang/String;)V >"	1	5	1	46
"< Application, Ltoba/classfile/IHash, mark(Ljava/lang/ClassLoader;Ltoba/classfile/ClassData;)V >"	13	20	19	26
"< Application, Ltoba/classfile/Method, mark(ILjava/lang/String;I)V >"	3	9	8	7
"< Application, Ltoba/runtime/CodeGen, instanceOffsets(Ljava/lang/Class;)[I >"	23	30	9	29
"< Application, Ltoba/translator/InsGen, igen(Ljava/io/PrintWriter;Ltoba/classfile/Method;Ltoba/classfile/Instr;)V >"	965	325	324	6
"< Application, Ltoba/classfile/Instr, <init>([BI[Ltoba/classfile/Constant;)V >"	162	132	4	131
"< Application, Ltoba/jit/JITCodeGen, EmitCode(Ltoba/classfile/Method;I)V >"	1062	395	394	80
"< Application, Ltoba/jit/Intel86, makeModRM(ILjava/lang/Object;)[B >"	23	14	7	8
"< Application, Ltoba/translator/MethGen, mgen(Ljava/io/PrintWriter;Ltoba/classfile/Method;)V >"	62	95	93	94
"< Application, Ltoba/classfile/Method, target(I)I >"	2	6	5	2
"< Application, Ltoba/translator/CFile, emitNamesSigs(Ljava/io/PrintWriter;Ljava/lang/String;[Ltoba/classfile/Field;)V >"	9	23	3	48
"< Application, Ltoba/runtime/CodeGen, instanceMethodAddrs(Ljava/lang/Class;[Ltoba/classfile/Field;I)[J >"	19	30	6	29
"< Application, Ltoba/classfile/VariableRef, findVariable(Ltoba/classfile/ClassData;)Ltoba/classfile/Field; >"	11	51	4	7
"< Application, Ltoba/translator/CFile, emitStaticFinalInit(Ljava/io/PrintWriter;Ltoba/classfile/ClassData;)Z >"	30	48	47	23
"< Application, Ltoba/jit/CodeBlock, resolveCode()V >"	50	58	57	92
"< Application, Ltoba/classfile/ClassData, <init>(Ljava/io/DataInputStream;)V >"	19	21	18	20
"< Application, Ltoba/jit/CodeBlock, resolveCode()V >"	36	42	41	92
"< Application, Ltoba/classfile/IHash, <init>(Ltoba/classfile/ClassData;)V >"	80	89	88	121
"< Application, Ltoba/classfile/Method, <init>(Ltoba/classfile/ClassData;Ltoba/classfile/Field;)V >"	188	163	161	162
"< Application, Ltoba/translator/CFile, hashgen(Ljava/io/PrintWriter;Ltoba/classfile/ClassData;)V >"	12	22	21	63
"< Application, Ltoba/Lister, closeClassList([Ljava/lang/String;I)V >"	8	27	1	31
"< Application, Ltoba/runtime/CodeGen, instanceSize([Ltoba/classfile/Field;[I)I >"	9	13	2	12
"< Application, Ltoba/runtime/CodeGen, classVariableOffsets([Ltoba/classfile/Field;)[I >"	7	14	2	29
"< Application, Ltoba/jit/JIT, main([Ljava/lang/String;)V >"	1	6	1	37
"< Application, Ltoba/classfile/Method, <init>(Ltoba/classfile/ClassData;Ltoba/classfile/Field;)V >"	241	208	207	221
"< Application, Ltoba/classfile/Attribute, find([Ltoba/classfile/Attribute;Ljava/lang/String;)[B >"	5	14	1	12
"< Application, Ltoba/jit/CodeBlock, resolveCode()V >"	55	63	62	92
"< Application, Ltoba/jit/CodeBlock, doBackPatch(Ltoba/jit/BackpatchInfo;)V >"	279	271	265	270
"< Application, Ltoba/Lister, closeClassList([Ljava/lang/String;I)V >"	77	105	104	133
"< Application, Ltoba/jit/CodeBlock, doBackPatch(Ltoba/jit/BackpatchInfo;)V >"	262	287	284	286
"< Application, Ltoba/runtime/CodeGen, internStrings(Ljava/lang/Class;)[Ljava/lang/String; >"	3	10	6	19
"< Application, Ltoba/classfile/Instr, u1([BI)I >"	0	4	1	2
"< Application, Ltoba/jit/JIT, main([Ljava/lang/String;)V >"	57	74	1	76
"< Application, Ltoba/jit/JITCodeGen, EmitCode(Ltoba/classfile/Method;I)V >"	1126	477	476	22
"< Application, Ltoba/classfile/IHash, <init>(Ltoba/classfile/ClassData;)V >"	75	81	80	121
"< Application, Ltoba/classfile/MethodRef, findMethod(Ltoba/classfile/ClassData;)Ltoba/classfile/Field; >"	11	45	4	7
"< Application, Ltoba/classfile/Instr, argwords()I >"	10	8	6	7
"< Application, Ltoba/classfile/Constant, load(Ljava/io/DataInputStream;)[Ltoba/classfile/Constant; >"	141	111	5	110
"< Application, Ltoba/classfile/IHash, <init>(Ltoba/classfile/ClassData;)V >"	94	107	106	118
"< Application, Ltoba/classfile/Method, <init>(Ltoba/classfile/ClassData;Ltoba/classfile/Field;)V >"	226	195	194	200
"< Application, Ltoba/classfile/Attribute, find([Ltoba/classfile/Attribute;Ljava/lang/String;)[B >"	1	6	1	12
"< Application, Ltoba/classfile/Instr, <init>([BI[Ltoba/classfile/Constant;)V >"	133	96	95	23
"< Application, Ltoba/jit/Intel86, makeModRM(Ljava/lang/Object;Ljava/lang/Object;)[B >"	234	258	6	257
"< Application, Ltoba/translator/InsGen, igen(Ljava/io/PrintWriter;Ltoba/classfile/Method;Ltoba/classfile/Instr;)V >"	949	307	306	321
"< Application, Ltoba/jit/JITCodeGen, EmitCode(Ltoba/classfile/Method;I)V >"	1174	369	367	368
"< Application, Ltoba/classfile/IHash, hashlist(Ljava/lang/ClassLoader;Ltoba/classfile/ClassRef;)[I >"	30	43	42	55
"< Application, Ltoba/runtime/CodeGen, buildNativeClass(Ltoba/classfile/ClassData;Ljava/lang/ClassLoader;)Ljava/lang/Class; >"	43	44	43	98
"< Application, Ltoba/translator/MethGen, mgen(Ljava/io/PrintWriter;Ltoba/classfile/Method;)V >"	37	59	58	108
"< Application, Ltoba/jit/Intel86, emitByteArray([B)V >"	7	13	1	45
"< Application, Ltoba/runtime/CodeGen, classVariableSpace([Ltoba/classfile/Field;)I >"	5	12	2	27
"< Application, Ltoba/jit/CodeBlock, resolveCode()V >"	64	72	71	92
"< Application, Ltoba/translator/HFile, write(Ljava/io/PrintWriter;Ltoba/classfile/ClassData;)V >"	115	175	174	179
"< Application, Ltoba/runtime/CodeGen, referencedClasses(Ljava/lang/Class;Ljava/lang/ClassLoader;)[J >"	3	11	10	25
"< Application, Ltoba/runtime/CodeGen, referencedClasses(Ljava/lang/Class;Ljava/lang/ClassLoader;)[J >"	22	30	29	52
"< Application, Ltoba/translator/CFile, write(Ljava/io/PrintWriter;Ltoba/classfile/ClassData;)V >"	10	16	15	21
"< Application, Ltoba/classfile/IHash, <init>(Ltoba/classfile/ClassData;)V >"	63	70	69	118
"< Application, Ltoba/jit/CodeBlock, doBackPatch(Ltoba/jit/BackpatchInfo;)V >"	299	244	243	93
"< Application, Ltoba/jit/JITCodeGen, EmitCode(Ltoba/classfile/Method;I)V >"	1155	388	386	387
"< Application, Ltoba/jit/CodeBlock, getCodeByte(I)I >"	1	5	4	2
"< Application, Ltoba/classfile/ClassData, buildVariableTables(Z)V >"	75	50	49	58
"< Application, Ltoba/classfile/Constant, load(Ljava/io/DataInputStream;)[Ltoba/classfile/Constant; >"	108	79	5	96
"< Application, Ltoba/classfile/Method, markvar(CI)V >"	1	6	5	2
"< Application, Ltoba/runtime/CodeGen, classVariableAlignment([Ltoba/classfile/Field;)I >"	1	6	2	16
"< Application, Ltoba/translator/CFile, gfloats(Ljava/io/PrintWriter;[Ltoba/classfile/Constant;)V >"	2	7	2	73
"< Application, Ltoba/classfile/VariableRef, findVariable(Ltoba/classfile/ClassData;)Ltoba/classfile/Field; >"	24	24	16	18
"< Application, Ltoba/jit/JITCodeGen, EmitCode(Ltoba/classfile/Method;I)V >"	1175	370	366	369
"< Application, Ltoba/jit/JITCodeGen, EmitCode(Ltoba/classfile/Method;I)V >"	216	1499	1498	22
"< Application, Ltoba/classfile/MethodRef, findMethod(Ltoba/classfile/ClassData;)Ltoba/classfile/Field; >"	4	10	4	7
"< Application, Ltoba/jit/CodeBlock, storeByteArray([BI)[B >"	5	11	2	14
"< Application, Ltoba/classfile/IHash, mark(Ljava/lang/ClassLoader;Ltoba/classfile/ClassData;)V >"	6	13	11	28
"< Application, Ltoba/jit/JITCodeGen, EmitIfCmp(Ltoba/classfile/Instr;Ltoba/classfile/Method;)V >"	64	75	71	74
"< Application, Ltoba/translator/Trans, setdbg(Ljava/lang/String;)V >"	11	16	14	15
"< Application, Ltoba/classfile/Method, mark(ILjava/lang/String;I)V >"	88	76	75	11
"< Application, Ltoba/Lister, main([Ljava/lang/String;)V >"	2	5	1	3
"< Application, Ltoba/translator/CFile, strdump(Ljava/io/PrintWriter;Ltoba/classfile/ClassData;)V >"	32	56	55	95
"< Application, Ltoba/runtime/Resolve, resolveClass(Ltoba/classfile/ClassData;Ljava/lang/ClassLoader;)V >"	21	24	23	32
"< Application, Ltoba/classfile/IHash, impls(Ltoba/classfile/ClassData;)Ljava/util/Vector; >"	4	9	8	18
"< Application, Ltoba/translator/MethGen, minfo(Ljava/io/PrintWriter;Ltoba/classfile/Method;)V >"	33	59	58	73
"< Application, Ltoba/classfile/Instr, <init>([BI[Ltoba/classfile/Constant;)V >"	8	13	12	11
"< Application, Ltoba/jit/CodeBlock, getCodeWord(I)I >"	29	14	12	13
"< Application, Ltoba/classfile/Constant, load(Ljava/io/DataInputStream;)[Ltoba/classfile/Constant; >"	115	86	5	85
"< Application, Ltoba/runtime/CodeGen, buildNativeClass(Ltoba/classfile/ClassData;Ljava/lang/ClassLoader;)Ljava/lang/Class; >"	57	60	59	58
"< Application, Ltoba/runtime/CodeGen, instanceOffsets(Ljava/lang/Class;)[I >"	32	43	6	63
"< Application, Ltoba/translator/CFile, cltables(Ljava/io/PrintWriter;Ltoba/classfile/ClassData;)V >"	117	186	185	259
"< Application, Ltoba/classfile/IHash, mark(Ljava/lang/ClassLoader;Ltoba/classfile/ClassData;)V >"	9	17	16	26
"< Application, Ltoba/jit/CodeBlock, getCodeWord(I)I >"	12	33	31	32
"< Application, Ltoba/jit/CodeBlock, dumpHex()V >"	30	29	28	44
"< Application, Ltoba/jit/CodeBlock, doBackPatch(Ltoba/jit/BackpatchInfo;)V >"	310	254	249	253
