"< Application, Ltoba/jit/CodeBlock, setJumpFromNextInstr(Z)Z >"	1	1	"< Application, Ltoba/jit/CodeBlock, jumpFromNextInstr, <Primordial,Z> >"	2
"< Application, Ltoba/jit/CodeBlock, setLittleEndian(Z)Z >"	1	1	"< Application, Ltoba/jit/CodeBlock, littleEndian, <Primordial,Z> >"	2
"< Application, Ltoba/classfile/ClassData, buildVariableTables(Z)V >"	13	1	"< Application, Ltoba/classfile/ClassData, visiblevars, <Application,Ljava/util/Hashtable> >"	7
"< Application, Ltoba/translator/Trans, main([Ljava/lang/String;)V >"	8	-1	"< Application, Ltoba/translator/Trans, classWorkList, <Application,Ljava/util/Stack> >"	9
"< Application, Ltoba/jit/CodeBlock, installCode()J >"	8	1	"< Application, Ltoba/classfile/MethodCode, mtentry, <Primordial,J> >"	13
"< Application, Ltoba/jit/CodeBlock, setAllNativeCode(Z)V >"	0	1	"< Application, Ltoba/jit/CodeBlock, allNativeCode, <Primordial,Z> >"	2
"< Application, Ltoba/jit/JITCodeGen, <clinit>()V >"	22	-1	"< Application, Ltoba/jit/JITCodeGen, R_esi, <Application,Ltoba/jit/Register> >"	15
"< Application, Ltoba/classfile/Method, sigscan()V >"	49	1	"< Application, Ltoba/classfile/Method, rstack, <Application,Ljava/lang/String> >"	67
"< Application, Ltoba/jit/JITCodeGen, <clinit>()V >"	32	-1	"< Application, Ltoba/jit/JITCodeGen, R_dl, <Application,Ltoba/jit/Register> >"	20
"< Application, Ltoba/classfile/Method, mark(ILjava/lang/String;I)V >"	58	18	"< Application, Ltoba/classfile/Instr, after, <Application,Ljava/lang/String> >"	42
"< Application, Ltoba/classfile/Method, sigscan()V >"	61	1	"< Application, Ltoba/classfile/Method, rstack, <Application,Ljava/lang/String> >"	49
"< Application, Ltoba/classfile/Names, <clinit>()V >"	1	-1	"< Application, Ltoba/classfile/Names, hashchoices, <Primordial,I> >"	4
"< Application, Ltoba/jit/BackpatchInfo, <init>(ILtoba/classfile/Instr;Ljava/lang/Object;ILjava/lang/Object;)V >"	2	1	"< Application, Ltoba/jit/BackpatchInfo, brtype, <Primordial,I> >"	2
"< Application, Ltoba/jit/JITCodeGen, Prologue(Ltoba/classfile/Method;I)V >"	20	1	"< Application, Ltoba/jit/JITCodeGen, overheadSize, <Primordial,I> >"	14
"< Application, Ltoba/jit/JITCodeGen, <clinit>()V >"	94	-1	"< Application, Ltoba/jit/JITCodeGen, FA_puts, <Primordial,J> >"	89
"< Application, Ltoba/jit/JITCodeGen, <clinit>()V >"	82	-1	"< Application, Ltoba/jit/JITCodeGen, FA_dtoi, <Primordial,J> >"	71
"< Application, Ltoba/classfile/Instr, <init>([BI[Ltoba/classfile/Constant;)V >"	36	1	"< Application, Ltoba/classfile/Instr, val, <Primordial,I> >"	142
"< Application, Ltoba/jit/JITCodeGen, <clinit>()V >"	4	-1	"< Application, Ltoba/jit/JITCodeGen, R_ecx, <Application,Ltoba/jit/Register> >"	4
"< Application, Ltoba/jit/JITCodeGen, <clinit>()V >"	114	-1	"< Application, Ltoba/jit/JITCodeGen, FA_throwCCE, <Primordial,J> >"	119
"< Application, Ltoba/classfile/FieldRef, resolveTo(Ltoba/classfile/Field;)V >"	0	1	"< Application, Ltoba/classfile/FieldRef, refField, <Application,Ltoba/classfile/Field> >"	2
"< Application, Ltoba/translator/Trans, main([Ljava/lang/String;)V >"	2	-1	"< Application, Ltoba/translator/Trans, tobapath, <Application,Ljava/lang/String> >"	6
"< Application, Ltoba/translator/Trans, options([Ljava/lang/String;)V >"	58	-1	"< Application, Ltoba/translator/Trans, echo_names, <Primordial,Z> >"	12
"< Application, Ltoba/jit/Intel86, setEStackTop(I)V >"	4	1	"< Application, Ltoba/jit/Intel86, eStackOffs, <Primordial,I> >"	8
"< Application, Ltoba/jit/BackpatchInfo, setNext(Ltoba/jit/BackpatchInfo;)Ltoba/jit/BackpatchInfo; >"	0	1	"< Application, Ltoba/jit/BackpatchInfo, next, <Application,Ltoba/jit/BackpatchInfo> >"	2
"< Application, Ltoba/runtime/SystemClassLoader, <init>()V >"	3	1	"< Application, Ltoba/runtime/SystemClassLoader, cache, <Application,Ljava/util/Hashtable> >"	4
"< Application, Ltoba/jit/Immediate, setSignExtend(Z)Ltoba/jit/Immediate; >"	0	1	"< Application, Ltoba/jit/Immediate, signext, <Primordial,Z> >"	2
"< Application, Ltoba/classfile/ClassData, <init>(Ljava/io/DataInputStream;)V >"	23	1	"< Application, Ltoba/classfile/ClassData, name, <Application,Ljava/lang/String> >"	24
"< Application, Ltoba/classfile/Instr, <init>([BI[Ltoba/classfile/Constant;)V >"	42	1	"< Application, Ltoba/classfile/Instr, more, <Primordial,[I> >"	147
"< Application, Ltoba/classfile/ClassData, <init>(Ljava/io/DataInputStream;)V >"	60	1	"< Application, Ltoba/classfile/ClassData, fields, <Application,[Ltoba/classfile/Field> >"	58
"< Application, Ltoba/jit/BackpatchInfo, <init>(ILtoba/classfile/Instr;Ljava/lang/Object;IJ)V >"	8	1	"< Application, Ltoba/jit/BackpatchInfo, next, <Application,Ltoba/jit/BackpatchInfo> >"	10
"< Application, Ltoba/jit/JITCodeGen, <clinit>()V >"	72	-1	"< Application, Ltoba/jit/JITCodeGen, FA_intrem, <Primordial,J> >"	56
"< Application, Ltoba/jit/JITCodeGen, <clinit>()V >"	20	-1	"< Application, Ltoba/jit/JITCodeGen, R_ebp, <Application,Ltoba/jit/Register> >"	14
"< Application, Ltoba/translator/Trans, options([Ljava/lang/String;)V >"	37	-1	"< Application, Ltoba/translator/Trans, echo_names, <Primordial,Z> >"	12
"< Application, Ltoba/jit/CodeBlock, resolveCode()V >"	85	1	"< Application, Ltoba/classfile/MethodCode, isResolved, <Primordial,Z> >"	89
"< Application, Ltoba/jit/Register, <clinit>()V >"	26	-1	"< Application, Ltoba/jit/Register, R_edx, <Application,Ltoba/jit/Register> >"	40
"< Application, Ltoba/classfile/FieldRef, <init>(Ltoba/classfile/ClassRef;Ljava/lang/String;Ljava/lang/String;)V >"	2	1	"< Application, Ltoba/classfile/FieldRef, name, <Application,Ljava/lang/String> >"	3
"< Application, Ltoba/classfile/ClassData, <init>(Ljava/lang/Class;)V >"	10	1	"< Application, Ltoba/classfile/ClassData, cdsrc, <Primordial,I> >"	14
"< Application, Ltoba/classfile/Method, sigscan()V >"	45	1	"< Application, Ltoba/classfile/Method, astack, <Application,Ljava/lang/String> >"	60
"< Application, Ltoba/jit/CodeBlock, setBVlength(I)I >"	1	-1	"< Application, Ltoba/jit/CodeBlock, valBVrlen, <Primordial,I> >"	2
"< Application, Ltoba/jit/JITCodeGen, <clinit>()V >"	146	-1	"< Application, Ltoba/jit/JITCodeGen, IMM_2, <Application,Ltoba/jit/Immediate> >"	157
"< Application, Ltoba/jit/JITCodeGen, <clinit>()V >"	120	-1	"< Application, Ltoba/jit/JITCodeGen, FA_throwNASE, <Primordial,J> >"	128
"< Application, Ltoba/classfile/Method, <init>(Ltoba/classfile/ClassData;Ltoba/classfile/Field;)V >"	2	1	"< Application, Ltoba/classfile/Method, fl, <Application,Ltoba/classfile/Field> >"	3
"< Application, Ltoba/jit/JITCodeGen, <clinit>()V >"	18	-1	"< Application, Ltoba/jit/JITCodeGen, MR_esp, <Application,Ltoba/jit/MemoryRef> >"	11
"< Application, Ltoba/jit/JITCodeGen, <clinit>()V >"	174	-1	"< Application, Ltoba/jit/JITCodeGen, IO_mythread_jmpbuf, <Application,Ltoba/jit/Immediate> >"	179
"< Application, Ltoba/classfile/Instr, <init>([BI[Ltoba/classfile/Constant;)V >"	40	1	"< Application, Ltoba/classfile/Instr, length, <Primordial,I> >"	146
"< Application, Ltoba/runtime/Resolve, resolveClass(Ltoba/classfile/ClassData;Ljava/lang/ClassLoader;)V >"	15	-1	"< Application, Ltoba/runtime/Resolve, tabPrefix, <Application,Ljava/lang/String> >"	61
"< Application, Ltoba/runtime/Resolve, resolveClassName(Ljava/lang/String;Ljava/lang/ClassLoader;)Ljava/lang/Class; >"	30	-1	"< Application, Ltoba/runtime/Resolve, tabPrefix, <Application,Ljava/lang/String> >"	41
"< Application, Ltoba/classfile/ClassFile, find(Ljava/lang/String;)Ltoba/classfile/ClassFile; >"	12	53	"< Application, Ltoba/classfile/ClassFile, dir, <Application,Ljava/lang/String> >"	1
"< Application, Ltoba/jit/JITCodeGen, <clinit>()V >"	28	-1	"< Application, Ltoba/jit/JITCodeGen, R_bl, <Application,Ltoba/jit/Register> >"	18
"< Application, Ltoba/jit/JITCodeGen, <clinit>()V >"	140	-1	"< Application, Ltoba/jit/JITCodeGen, IMM_0, <Application,Ltoba/jit/Immediate> >"	153
"< Application, Ltoba/classfile/Instr, <init>([BI[Ltoba/classfile/Constant;)V >"	32	1	"< Application, Ltoba/classfile/Instr, opcode, <Application,Ltoba/classfile/Opcode> >"	138
"< Application, Ltoba/jit/MemoryRef, swapIndexBaseRegs()Ltoba/jit/MemoryRef; >"	18	1	"< Application, Ltoba/jit/MemoryRef, basereg, <Application,Ltoba/jit/Register> >"	8
"< Application, Ltoba/classfile/ClassData, buildMethodTables(Z)V >"	76	1	"< Application, Ltoba/classfile/ClassData, imtable, <Application,[Ltoba/classfile/Field> >"	64
"< Application, Ltoba/jit/Immediate, <init>(IIZ)V >"	1	1	"< Application, Ltoba/jit/Immediate, value, <Primordial,I> >"	2
"< Application, Ltoba/jit/JITCodeGen, <clinit>()V >"	30	-1	"< Application, Ltoba/jit/JITCodeGen, R_cl, <Application,Ltoba/jit/Register> >"	19
"< Application, Ltoba/classfile/MethodCode, <clinit>()V >"	5	-1	"< Application, Ltoba/classfile/MethodCode, shouldTimeCodegen, <Primordial,Z> >"	9
"< Application, Ltoba/jit/Intel86, <clinit>()V >"	10	-1	"< Application, Ltoba/jit/Intel86, CND_ne, <Primordial,I> >"	9
"< Application, Ltoba/jit/Immediate, setBestImmSize()Ltoba/jit/Immediate; >"	6	1	"< Application, Ltoba/jit/Immediate, nbytes, <Primordial,I> >"	8
"< Application, Ltoba/jit/CodeBlock, addByte(B)B >"	16	1	"< Application, Ltoba/jit/CodeBlock, numCodeBytes, <Primordial,I> >"	20
"< Application, Ltoba/jit/Intel86, <clinit>()V >"	27	-1	"< Application, Ltoba/jit/Intel86, CND_l, <Primordial,I> >"	21
"< Application, Ltoba/classfile/Constant, load(Ljava/io/DataInputStream;)[Ltoba/classfile/Constant; >"	120	79	"< Application, Ltoba/classfile/Constant, value, <Application,Ljava/lang/Object> >"	94
"< Application, Ltoba/jit/JITCodeGen, <clinit>()V >"	98	-1	"< Application, Ltoba/jit/JITCodeGen, FA_mythread, <Primordial,J> >"	95
"< Application, Ltoba/classfile/Field, <init>(Ljava/io/DataInputStream;[Ltoba/classfile/Constant;)V >"	12	1	"< Application, Ltoba/classfile/Field, signature, <Application,Ljava/lang/String> >"	17
"< Application, Ltoba/jit/MemoryRef, swapIndexBaseRegs()Ltoba/jit/MemoryRef; >"	19	1	"< Application, Ltoba/jit/MemoryRef, indexreg, <Application,Ltoba/jit/Register> >"	7
"< Application, Ltoba/classfile/ClassData, <init>(Ljava/lang/Class;)V >"	13	1	"< Application, Ltoba/classfile/ClassData, symtab, <Application,Ljava/util/Hashtable> >"	15
"< Application, Ltoba/jit/JITCodeGen, <clinit>()V >"	102	-1	"< Application, Ltoba/jit/JITCodeGen, FA_setjmp, <Primordial,J> >"	101
"< Application, Ltoba/classfile/ClassData, <init>(Ljava/io/DataInputStream;)V >"	102	1	"< Application, Ltoba/classfile/ClassData, attributes, <Application,[Ltoba/classfile/Attribute> >"	92
"< Application, Ltoba/jit/JITCodeGen, <clinit>()V >"	34	-1	"< Application, Ltoba/jit/JITCodeGen, R_ah, <Application,Ltoba/jit/Register> >"	21
"< Application, Ltoba/classfile/IHash, <init>(Ltoba/classfile/ClassData;)V >"	54	1	"< Application, Ltoba/classfile/IHash, hlist, <Application,[Ltoba/classfile/Field> >"	59
"< Application, Ltoba/jit/MemoryRef, <init>(Ltoba/jit/Immediate;Ltoba/jit/Register;ILtoba/jit/Register;I)V >"	35	1	"< Application, Ltoba/jit/MemoryRef, indexreg, <Application,Ltoba/jit/Register> >"	5
"< Application, Ltoba/classfile/Method, <init>(Ltoba/classfile/ClassData;Ltoba/classfile/Field;)V >"	252	1	"< Application, Ltoba/classfile/Method, numLabels, <Primordial,I> >"	217
"< Application, Ltoba/classfile/ClassData, <init>(Ljava/io/DataInputStream;)V >"	67	61	"< Application, Ltoba/classfile/Field, cname, <Application,Ljava/lang/String> >"	66
"< Application, Ltoba/jit/JITCodeGen, <clinit>()V >"	124	-1	"< Application, Ltoba/jit/JITCodeGen, FA_exitclass, <Primordial,J> >"	134
"< Application, Ltoba/jit/Intel86, <clinit>()V >"	13	-1	"< Application, Ltoba/jit/Intel86, CND_be, <Primordial,I> >"	11
"< Application, Ltoba/jit/JITCodeGen, <clinit>()V >"	56	-1	"< Application, Ltoba/jit/JITCodeGen, R_ST7, <Application,Ltoba/jit/Register> >"	32
"< Application, Ltoba/classfile/ClassFile, <init>(Ljava/io/File;)V >"	3	1	"< Application, Ltoba/classfile/ClassFile, file, <Application,Ljava/io/File> >"	2
"< Application, Ltoba/classfile/Method, <init>(Ltoba/classfile/ClassData;Ltoba/classfile/Field;)V >"	59	-1	"< Application, Ltoba/classfile/Method, maxvar, <Primordial,[I> >"	59
"< Application, Ltoba/jit/JITCodeGen, <clinit>()V >"	26	-1	"< Application, Ltoba/jit/JITCodeGen, R_al, <Application,Ltoba/jit/Register> >"	17
"< Application, Ltoba/jit/JITCodeGen, <clinit>()V >"	48	-1	"< Application, Ltoba/jit/JITCodeGen, R_ST3, <Application,Ltoba/jit/Register> >"	28
"< Application, Ltoba/classfile/Field, <init>(Ljava/io/DataInputStream;[Ltoba/classfile/Constant;)V >"	2	1	"< Application, Ltoba/classfile/Field, access, <Primordial,I> >"	7
"< Application, Ltoba/jit/CodeBlock, <init>(Ltoba/classfile/Method;I)V >"	22	1	"< Application, Ltoba/jit/CodeBlock, instrToByteOffs, <Primordial,[I> >"	13
"< Application, Ltoba/jit/JITCodeGen, InitInstrumentation()V >"	12	1	"< Application, Ltoba/jit/JITCodeGen, icaddr, <Primordial,J> >"	14
"< Application, Ltoba/classfile/Instr, <init>([BI[Ltoba/classfile/Constant;)V >"	91	1	"< Application, Ltoba/classfile/Instr, more, <Primordial,[I> >"	105
"< Application, Ltoba/jit/JITCodeGen, <clinit>()V >"	108	-1	"< Application, Ltoba/jit/JITCodeGen, FA_athrow, <Primordial,J> >"	110
"< Application, Ltoba/classfile/Method, <init>(Ltoba/classfile/ClassData;Ltoba/classfile/Field;)V >"	255	219	"< Application, Ltoba/classfile/Instr, isTarget, <Primordial,Z> >"	32
"< Application, Ltoba/jit/JITCodeGen, <clinit>()V >"	110	-1	"< Application, Ltoba/jit/JITCodeGen, FA_monitorenter, <Primordial,J> >"	113
"< Application, Ltoba/jit/JITCodeGen, <clinit>()V >"	14	-1	"< Application, Ltoba/jit/JITCodeGen, R_esp, <Application,Ltoba/jit/Register> >"	10
"< Application, Ltoba/jit/CodeBlock, reserveCode(ILtoba/classfile/Instr;Ljava/lang/Object;Ljava/lang/Object;)Ltoba/jit/BackpatchInfo; >"	46	1	"< Application, Ltoba/jit/CodeBlock, nBackPatches, <Primordial,I> >"	53
"< Application, Ltoba/classfile/Opcode, op(IIIILjava/lang/String;Ljava/lang/String;II)V >"	7	10	"< Application, Ltoba/classfile/Opcode, pop, <Primordial,I> >"	4
"< Application, Ltoba/classfile/ClassData, <init>(Ljava/lang/Class;)V >"	34	32	"< Application, Ltoba/classfile/Field, cname, <Application,Ljava/lang/String> >"	37
"< Application, Ltoba/jit/CodeBlock, reserveCode(ILtoba/classfile/Instr;Ljava/lang/Object;Ljava/lang/Object;)Ltoba/jit/BackpatchInfo; >"	26	1	"< Application, Ltoba/jit/CodeBlock, bpinfo, <Application,Ltoba/jit/BackpatchInfo> >"	38
"< Application, Ltoba/classfile/ClassData, addSymFields([Ltoba/classfile/Field;)V >"	6	6	"< Application, Ltoba/classfile/Field, next, <Application,Ltoba/classfile/Field> >"	11
"< Application, Ltoba/classfile/ClassData, buildMethodTables(Z)V >"	43	15	"< Application, Ltoba/classfile/Field, overrides, <Primordial,I> >"	40
"< Application, Ltoba/classfile/Attribute, <init>(Ljava/io/DataInputStream;[Ltoba/classfile/Constant;)V >"	5	1	"< Application, Ltoba/classfile/Attribute, name, <Application,Ljava/lang/String> >"	10
"< Application, Ltoba/jit/Intel86, <clinit>()V >"	20	-1	"< Application, Ltoba/jit/Intel86, CND_ns, <Primordial,I> >"	16
"< Application, Ltoba/jit/CodeBlock, <init>(Ltoba/classfile/Method;I)V >"	1	1	"< Application, Ltoba/jit/CodeBlock, littleEndian, <Primordial,Z> >"	6
"< Application, Ltoba/jit/Register, <clinit>()V >"	44	-1	"< Application, Ltoba/jit/Register, R_al, <Application,Ltoba/jit/Register> >"	52
"< Application, Ltoba/jit/JITCodeGen, <clinit>()V >"	198	-1	"< Application, Ltoba/jit/JITCodeGen, IO_barray_data, <Application,Ltoba/jit/Immediate> >"	203
"< Application, Ltoba/classfile/Instr, <init>([BI[Ltoba/classfile/Constant;)V >"	74	1	"< Application, Ltoba/classfile/Instr, val, <Primordial,I> >"	38
"< Application, Ltoba/jit/JITCodeGen, <init>()V >"	3	1	"< Application, Ltoba/jit/JITCodeGen, overheadOffs, <Primordial,I> >"	5
"< Application, Ltoba/jit/JITCodeGen, <clinit>()V >"	86	-1	"< Application, Ltoba/jit/JITCodeGen, FA_longshift, <Primordial,J> >"	77
"< Application, Ltoba/jit/JITCodeGen, <clinit>()V >"	182	-1	"< Application, Ltoba/jit/JITCodeGen, IO_mtgeneric_f, <Application,Ltoba/jit/Immediate> >"	187
"< Application, Ltoba/jit/JITCodeGen, <clinit>()V >"	122	-1	"< Application, Ltoba/jit/JITCodeGen, FA_enterclass, <Primordial,J> >"	131
"< Application, Ltoba/jit/JITCodeGen, <clinit>()V >"	118	-1	"< Application, Ltoba/jit/JITCodeGen, FA_findinterface, <Primordial,J> >"	125
"< Application, Ltoba/jit/Intel86, <clinit>()V >"	12	-1	"< Application, Ltoba/jit/Intel86, CND_nz, <Primordial,I> >"	10
"< Application, Ltoba/classfile/Method, <init>(Ltoba/classfile/ClassData;Ltoba/classfile/Field;)V >"	222	1	"< Application, Ltoba/classfile/Method, numLabels, <Primordial,I> >"	22
"< Application, Ltoba/classfile/ClassData, <init>(Ljava/io/DataInputStream;)V >"	14	1	"< Application, Ltoba/classfile/ClassData, constants, <Application,[Ltoba/classfile/Constant> >"	15
"< Application, Ltoba/jit/Immediate, setImmSize(I)Ltoba/jit/Immediate; >"	32	1	"< Application, Ltoba/jit/Immediate, imNB1, <Application,Ltoba/jit/Immediate> >"	11
"< Application, Ltoba/jit/JITCodeGen, <clinit>()V >"	116	-1	"< Application, Ltoba/jit/JITCodeGen, FA_instanceof, <Primordial,J> >"	122
"< Application, Ltoba/classfile/Instr, <init>([BI[Ltoba/classfile/Constant;)V >"	79	1	"< Application, Ltoba/classfile/Instr, val, <Primordial,I> >"	36
"< Application, Ltoba/jit/JITCodeGen, <init>()V >"	2	1	"< Application, Ltoba/jit/JITCodeGen, useScoutThreadPreemption, <Primordial,Z> >"	4
"< Application, Ltoba/runtime/Supers, load(Ltoba/classfile/ClassData;Ljava/lang/ClassLoader;)V >"	14	1	"< Application, Ltoba/classfile/ClassData, state, <Primordial,I> >"	13
"< Application, Ltoba/classfile/MethodCode, setStubEntry(J)J >"	0	1	"< Application, Ltoba/classfile/MethodCode, stbentry, <Primordial,J> >"	2
"< Application, Ltoba/jit/Intel86, <clinit>()V >"	18	-1	"< Application, Ltoba/jit/Intel86, CND_a, <Primordial,I> >"	14
"< Application, Ltoba/classfile/ClassData, <init>(Ljava/io/DataInputStream;)V >"	40	1	"< Application, Ltoba/classfile/ClassData, interfaces, <Application,[Ltoba/classfile/ClassRef> >"	41
"< Application, Ltoba/jit/Register, <init>(IZ)V >"	1	1	"< Application, Ltoba/jit/Register, regid, <Primordial,I> >"	2
"< Application, Ltoba/classfile/Opcode, op(IIIILjava/lang/String;Ljava/lang/String;II)V >"	5	10	"< Application, Ltoba/classfile/Opcode, length, <Primordial,I> >"	2
"< Application, Ltoba/classfile/Field, <init>(Ljava/io/DataInputStream;[Ltoba/classfile/Constant;)V >"	7	1	"< Application, Ltoba/classfile/Field, name, <Application,Ljava/lang/String> >"	12
"< Application, Ltoba/classfile/Constant, load(Ljava/io/DataInputStream;)[Ltoba/classfile/Constant; >"	65	10	"< Application, Ltoba/classfile/Constant, value, <Application,Ljava/lang/Object> >"	53
"< Application, Ltoba/translator/Trans, <clinit>()V >"	3	-1	"< Application, Ltoba/translator/Trans, needmain, <Primordial,Z> >"	5
"< Application, Ltoba/jit/JITCodeGen, <clinit>()V >"	158	-1	"< Application, Ltoba/jit/JITCodeGen, IMM_16, <Application,Ltoba/jit/Immediate> >"	165
"< Application, Ltoba/jit/JITCodeGen, <clinit>()V >"	100	-1	"< Application, Ltoba/jit/JITCodeGen, FA_sthread_got_exc, <Primordial,J> >"	98
"< Application, Ltoba/classfile/ClassRef, <init>(Ljava/lang/String;)V >"	1	1	"< Application, Ltoba/classfile/ClassRef, name, <Application,Ljava/lang/String> >"	2
"< Application, Ltoba/jit/CodeBlock, expandArr(I)V >"	11	1	"< Application, Ltoba/jit/CodeBlock, maxCodeBytes, <Primordial,I> >"	2
"< Application, Ltoba/runtime/CodeGen, setGenerator(Ltoba/runtime/CodeGen;)V >"	0	-1	"< Application, Ltoba/runtime/CodeGen, generator, <Application,Ltoba/runtime/CodeGen> >"	1
"< Application, Ltoba/jit/JITCodeGen, Prologue(Ltoba/classfile/Method;I)V >"	27	1	"< Application, Ltoba/jit/JITCodeGen, overheadSize, <Primordial,I> >"	20
"< Application, Ltoba/classfile/ClassData, <init>(Ljava/io/DataInputStream;)V >"	116	1	"< Application, Ltoba/classfile/ClassData, myRef, <Application,Ltoba/classfile/ClassRef> >"	103
"< Application, Ltoba/translator/HFile, ivfield(Ljava/io/PrintWriter;Ltoba/classfile/ClassData;)V >"	15	-1	"< Application, Ltoba/translator/HFile, hvnum, <Primordial,I> >"	19
"< Application, Ltoba/jit/CodeBlock, reserveCode(ILtoba/classfile/Instr;Ljava/lang/Object;J)Ltoba/jit/BackpatchInfo; >"	27	1	"< Application, Ltoba/jit/CodeBlock, bpinfo, <Application,Ltoba/jit/BackpatchInfo> >"	39
"< Application, Ltoba/classfile/ClassData, <init>(Ljava/io/DataInputStream;)V >"	80	1	"< Application, Ltoba/classfile/ClassData, methods, <Application,[Ltoba/classfile/Field> >"	74
"< Application, Ltoba/classfile/Constant, load(Ljava/io/DataInputStream;)[Ltoba/classfile/Constant; >"	50	10	"< Application, Ltoba/classfile/Constant, value, <Application,Ljava/lang/Object> >"	44
"< Application, Ltoba/classfile/Method, mark(ILjava/lang/String;I)V >"	40	1	"< Application, Ltoba/classfile/Method, oflags, <Primordial,I> >"	23
"< Application, Ltoba/classfile/Method, sigscan()V >"	67	1	"< Application, Ltoba/classfile/Method, rstack, <Application,Ljava/lang/String> >"	64
"< Application, Ltoba/runtime/CodeGen, buildNativeClass(Ltoba/classfile/ClassData;Ljava/lang/ClassLoader;)Ljava/lang/Class; >"	25	2	"< Application, Ltoba/classfile/ClassData, javaClass, <Application,Ljava/lang/Class> >"	19
"< Application, Ltoba/translator/CFile, write(Ljava/io/PrintWriter;Ltoba/classfile/ClassData;)V >"	93	-1	"< Application, Ltoba/translator/CFile, strpool, <Application,Ljava/lang/StringBuffer> >"	101
"< Application, Ltoba/jit/JITCodeGen, <init>()V >"	1	1	"< Application, Ltoba/jit/JITCodeGen, useBinarySetjmp, <Primordial,Z> >"	4
"< Application, Ltoba/classfile/Method, <init>(Ltoba/classfile/ClassData;Ltoba/classfile/Field;)V >"	216	180	"< Application, Ltoba/classfile/Instr, xseg, <Primordial,I> >"	183
"< Application, Ltoba/jit/BackpatchInfo, <init>(ILtoba/classfile/Instr;Ljava/lang/Object;ILjava/lang/Object;)V >"	3	1	"< Application, Ltoba/jit/BackpatchInfo, ins, <Application,Ltoba/classfile/Instr> >"	3
"< Application, Ltoba/jit/Immediate, setImmSize(I)Ltoba/jit/Immediate; >"	35	1	"< Application, Ltoba/jit/Immediate, imNB4, <Application,Ltoba/jit/Immediate> >"	11
"< Application, Ltoba/classfile/ClassFile, close()V >"	12	1	"< Application, Ltoba/classfile/ClassFile, zipfile, <Application,Ljava/util/zip/ZipFile> >"	3
"< Application, Ltoba/jit/Intel86, <clinit>()V >"	36	-1	"< Application, Ltoba/jit/Intel86, CND_nle, <Primordial,I> >"	27
"< Application, Ltoba/jit/JITCodeGen, <clinit>()V >"	78	-1	"< Application, Ltoba/jit/JITCodeGen, FA_longmul, <Primordial,J> >"	65
"< Application, Ltoba/jit/JITCodeGen, <clinit>()V >"	52	-1	"< Application, Ltoba/jit/JITCodeGen, R_ST5, <Application,Ltoba/jit/Register> >"	30
"< Application, Ltoba/classfile/Method, <init>(Ltoba/classfile/ClassData;Ltoba/classfile/Field;)V >"	1	1	"< Application, Ltoba/classfile/Method, cl, <Application,Ltoba/classfile/ClassData> >"	2
"< Application, Ltoba/jit/BackpatchInfo, <init>(ILtoba/classfile/Instr;Ljava/lang/Object;ILjava/lang/Object;)V >"	1	1	"< Application, Ltoba/jit/BackpatchInfo, isDone, <Primordial,Z> >"	9
"< Application, Ltoba/classfile/Instr, <init>([BI[Ltoba/classfile/Constant;)V >"	122	1	"< Application, Ltoba/classfile/Instr, more, <Primordial,[I> >"	87
"< Application, Ltoba/jit/JITCodeGen, <clinit>()V >"	170	-1	"< Application, Ltoba/jit/JITCodeGen, IO_class_supers, <Application,Ltoba/jit/Immediate> >"	175
"< Application, Ltoba/translator/Trans, options([Ljava/lang/String;)V >"	31	-1	"< Application, Ltoba/translator/Trans, needmain, <Primordial,Z> >"	3
"< Application, Ltoba/jit/Intel86, <clinit>()V >"	32	-1	"< Application, Ltoba/jit/Intel86, CND_ge, <Primordial,I> >"	24
"< Application, Ltoba/classfile/ClassRef, <init>(Ljava/lang/String;)V >"	2	1	"< Application, Ltoba/classfile/ClassRef, refClass, <Application,Ljava/lang/Class> >"	5
"< Application, Ltoba/classfile/Field, <init>(Ljava/io/DataInputStream;[Ltoba/classfile/Constant;)V >"	15	1	"< Application, Ltoba/classfile/Field, attributes, <Application,[Ltoba/classfile/Attribute> >"	20
"< Application, Ltoba/classfile/Method, sigscan()V >"	53	1	"< Application, Ltoba/classfile/Method, rstack, <Application,Ljava/lang/String> >"	65
"< Application, Ltoba/translator/Supers, load(Ltoba/classfile/ClassData;)V >"	28	1	"< Application, Ltoba/classfile/ClassData, state, <Primordial,I> >"	25
"< Application, Ltoba/jit/BackpatchInfo, <init>(ILtoba/classfile/Instr;Ljava/lang/Object;IJ)V >"	2	1	"< Application, Ltoba/jit/BackpatchInfo, brtype, <Primordial,I> >"	2
"< Application, Ltoba/jit/Register, <clinit>()V >"	17	-1	"< Application, Ltoba/jit/Register, RegNames, <Application,[Ljava/lang/String> >"	3
"< Application, Ltoba/classfile/Method, <init>(Ltoba/classfile/ClassData;Ltoba/classfile/Field;)V >"	200	172	"< Application, Ltoba/classfile/Instr, isBoundary, <Primordial,Z> >"	32
"< Application, Ltoba/jit/CodeBlock, <init>(Ltoba/classfile/Method;I)V >"	4	1	"< Application, Ltoba/jit/CodeBlock, lockCodeBytes, <Primordial,Z> >"	6
"< Application, Ltoba/jit/JITCodeGen, <clinit>()V >"	149	-1	"< Application, Ltoba/jit/JITCodeGen, IMM_3, <Application,Ltoba/jit/Immediate> >"	159
"< Application, Ltoba/jit/JITCodeGen, <clinit>()V >"	50	-1	"< Application, Ltoba/jit/JITCodeGen, R_ST4, <Application,Ltoba/jit/Register> >"	29
"< Application, Ltoba/classfile/ClassData, buildVariableTables(Z)V >"	63	1	"< Application, Ltoba/classfile/ClassData, cvtable, <Application,[Ltoba/classfile/Field> >"	38
"< Application, Ltoba/classfile/ClassData, <init>(Ljava/lang/Class;)V >"	8	1	"< Application, Ltoba/classfile/ClassData, major, <Primordial,I> >"	12
"< Application, Ltoba/jit/JITCodeGen, Prologue(Ltoba/classfile/Method;I)V >"	44	1	"< Application, Ltoba/jit/JITCodeGen, frame_size, <Primordial,I> >"	36
"< Application, Ltoba/jit/CodeBlock, <init>(Ltoba/classfile/Method;I)V >"	25	1	"< Application, Ltoba/jit/CodeBlock, handlerTableAddress, <Primordial,J> >"	18
"< Application, Ltoba/jit/JITCodeGen, <clinit>()V >"	84	-1	"< Application, Ltoba/jit/JITCodeGen, FA_dtol, <Primordial,J> >"	74
"< Application, Ltoba/classfile/ClassData, buildMethodTables(Z)V >"	46	15	"< Application, Ltoba/classfile/Field, tableslot, <Primordial,I> >"	45
"< Application, Ltoba/jit/Register, <clinit>()V >"	50	-1	"< Application, Ltoba/jit/Register, R_cl, <Application,Ltoba/jit/Register> >"	56
"< Application, Ltoba/classfile/Method, <init>(Ltoba/classfile/ClassData;Ltoba/classfile/Field;)V >"	24	1	"< Application, Ltoba/classfile/Method, exthrown, <Application,[Ltoba/classfile/ClassRef> >"	21
"< Application, Ltoba/runtime/Resolve, resolveClassName(Ljava/lang/String;Ljava/lang/ClassLoader;)Ljava/lang/Class; >"	6	-1	"< Application, Ltoba/runtime/Resolve, tabPrefix, <Application,Ljava/lang/String> >"	13
"< Application, Ltoba/jit/Intel86, <clinit>()V >"	24	-1	"< Application, Ltoba/jit/Intel86, CND_np, <Primordial,I> >"	19
"< Application, Ltoba/jit/CodeBlock, <init>(Ltoba/classfile/Method;I)V >"	7	1	"< Application, Ltoba/jit/CodeBlock, codeBytes, <Primordial,[B> >"	8
"< Application, Ltoba/jit/BackpatchInfo, <init>(ILtoba/classfile/Instr;Ljava/lang/Object;IJ)V >"	5	1	"< Application, Ltoba/jit/BackpatchInfo, treg, <Application,Ljava/lang/Object> >"	4
"< Application, Ltoba/jit/BackpatchInfo, setLongVal(J)J >"	1	1	"< Application, Ltoba/jit/BackpatchInfo, lv, <Primordial,J> >"	2
"< Application, Ltoba/jit/JITCodeGen, <clinit>()V >"	190	-1	"< Application, Ltoba/jit/JITCodeGen, IO_mcode_mtentry, <Application,Ltoba/jit/Immediate> >"	195
"< Application, Ltoba/classfile/Method, <init>(Ltoba/classfile/ClassData;Ltoba/classfile/Field;)V >"	111	1	"< Application, Ltoba/classfile/Method, max_stack, <Primordial,I> >"	101
"< Application, Ltoba/classfile/ClassData, <init>(Ljava/lang/Class;)V >"	7	1	"< Application, Ltoba/classfile/ClassData, fname, <Application,Ljava/lang/String> >"	11
"< Application, Ltoba/jit/Intel86, pushEStackOffs()I >"	2	1	"< Application, Ltoba/jit/Intel86, eStackOffs, <Primordial,I> >"	5
"< Application, Ltoba/classfile/Constant, <clinit>()V >"	1	-1	"< Application, Ltoba/classfile/Constant, TagToName, <Application,[Ljava/lang/String> >"	3
"< Application, Ltoba/classfile/ClassData, <init>(Ljava/io/DataInputStream;)V >"	37	1	"< Application, Ltoba/classfile/ClassData, supername, <Application,Ljava/lang/String> >"	38
"< Application, Ltoba/translator/CFile, write(Ljava/io/PrintWriter;Ltoba/classfile/ClassData;)V >"	89	-1	"< Application, Ltoba/translator/CFile, strlens, <Primordial,[I> >"	100
"< Application, Ltoba/classfile/ClassData, <clinit>()V >"	7	-1	"< Application, Ltoba/classfile/ClassData, rts, <Application,Ljava/lang/Runtime> >"	7
"< Application, Ltoba/classfile/ClassData, <init>(Ljava/io/DataInputStream;)V >"	90	77	"< Application, Ltoba/classfile/Field, classfilePos, <Primordial,I> >"	87
"< Application, Ltoba/jit/CodeBlock, resolveCode()V >"	98	1	"< Application, Ltoba/classfile/MethodCode, resolveTime, <Primordial,I> >"	105
"< Application, Ltoba/jit/JITCodeGen, <clinit>()V >"	194	-1	"< Application, Ltoba/jit/JITCodeGen, IO_barray_length, <Application,Ltoba/jit/Immediate> >"	199
"< Application, Ltoba/jit/Immediate, setBestImmSize()Ltoba/jit/Immediate; >"	4	1	"< Application, Ltoba/jit/Immediate, nbytes, <Primordial,I> >"	9
"< Application, Ltoba/classfile/Instr, <init>([BI[Ltoba/classfile/Constant;)V >"	84	1	"< Application, Ltoba/classfile/Instr, val, <Primordial,I> >"	48
"< Application, Ltoba/classfile/Method, <init>(Ltoba/classfile/ClassData;Ltoba/classfile/Field;)V >"	61	-1	"< Application, Ltoba/classfile/Method, varused, <Application,[Ljava/util/BitSet> >"	60
"< Application, Ltoba/classfile/Method, mark(ILjava/lang/String;I)V >"	8	1	"< Application, Ltoba/classfile/Method, numLabels, <Primordial,I> >"	14
"< Application, Ltoba/jit/Register, <clinit>()V >"	47	-1	"< Application, Ltoba/jit/Register, R_bl, <Application,Ltoba/jit/Register> >"	54
"< Application, Ltoba/classfile/ClassData, buildVariableTables(Z)V >"	61	1	"< Application, Ltoba/classfile/ClassData, ivtable, <Application,[Ltoba/classfile/Field> >"	37
"< Application, Ltoba/jit/JITCodeGen, <clinit>()V >"	76	-1	"< Application, Ltoba/jit/JITCodeGen, FA_longrem, <Primordial,J> >"	62
"< Application, Ltoba/classfile/Opcode, op(IIIILjava/lang/String;Ljava/lang/String;II)V >"	10	10	"< Application, Ltoba/classfile/Opcode, var, <Primordial,I> >"	7
"< Application, Ltoba/jit/Register, <clinit>()V >"	41	-1	"< Application, Ltoba/jit/Register, R_edi, <Application,Ltoba/jit/Register> >"	50
"< Application, Ltoba/classfile/IHash, <init>(Ltoba/classfile/ClassData;)V >"	17	1	"< Application, Ltoba/classfile/IHash, mask, <Primordial,I> >"	23
"< Application, Ltoba/jit/Intel86, <clinit>()V >"	0	-1	"< Application, Ltoba/jit/Intel86, CND_no, <Primordial,I> >"	2
"< Application, Ltoba/classfile/Method, <init>(Ltoba/classfile/ClassData;Ltoba/classfile/Field;)V >"	121	1	"< Application, Ltoba/classfile/Method, handlers, <Application,[Ltoba/classfile/Handler> >"	111
"< Application, Ltoba/jit/JITCodeGen, <clinit>()V >"	74	-1	"< Application, Ltoba/jit/JITCodeGen, FA_longdiv, <Primordial,J> >"	59
"< Application, Ltoba/translator/Supers, load(Ltoba/classfile/ClassData;)V >"	14	1	"< Application, Ltoba/classfile/ClassData, superclass, <Application,Ltoba/classfile/ClassData> >"	12
"< Application, Ltoba/classfile/Opcode, op(IIIILjava/lang/String;Ljava/lang/String;II)V >"	11	10	"< Application, Ltoba/classfile/Opcode, flags, <Primordial,I> >"	8
"< Application, Ltoba/classfile/Method, sigscan()V >"	65	1	"< Application, Ltoba/classfile/Method, rstack, <Application,Ljava/lang/String> >"	65
"< Application, Ltoba/jit/CodeBlock, <init>(Ltoba/classfile/Method;I)V >"	9	1	"< Application, Ltoba/jit/CodeBlock, numCodeBytes, <Primordial,I> >"	6
"< Application, Ltoba/jit/Register, <clinit>()V >"	59	-1	"< Application, Ltoba/jit/Register, R_bh, <Application,Ltoba/jit/Register> >"	62
"< Application, Ltoba/jit/JITCodeGen, generateCode(Ljava/lang/Class;Ltoba/classfile/Method;)Ltoba/classfile/MethodCode; >"	18	1	"< Application, Ltoba/jit/JITCodeGen, code, <Application,Ltoba/jit/Intel86> >"	15
"< Application, Ltoba/translator/MethGen, mgen(Ljava/io/PrintWriter;Ltoba/classfile/Method;)V >"	173	-1	"< Application, Ltoba/translator/MethGen, nullJump, <Primordial,Z> >"	9
"< Application, Ltoba/jit/Register, <clinit>()V >"	71	-1	"< Application, Ltoba/jit/Register, R_ST1, <Application,Ltoba/jit/Register> >"	70
"< Application, Ltoba/classfile/ClassFile, open(Ljava/lang/String;Ljava/lang/String;)Ltoba/classfile/ClassFile; >"	39	80	"< Application, Ltoba/classfile/ClassFile, dir, <Application,Ljava/lang/String> >"	1
"< Application, Ltoba/jit/Register, <clinit>()V >"	65	-1	"< Application, Ltoba/jit/Register, R_dh, <Application,Ltoba/jit/Register> >"	66
"< Application, Ltoba/classfile/Instr, <init>([BI[Ltoba/classfile/Constant;)V >"	3	1	"< Application, Ltoba/classfile/Instr, before, <Application,Ljava/lang/String> >"	7
"< Application, Ltoba/jit/JITCodeGen, <clinit>()V >"	90	-1	"< Application, Ltoba/jit/JITCodeGen, FA_long2d, <Primordial,J> >"	83
"< Application, Ltoba/jit/Register, <clinit>()V >"	38	-1	"< Application, Ltoba/jit/Register, R_esi, <Application,Ltoba/jit/Register> >"	48
"< Application, Ltoba/classfile/ClassRef, <clinit>()V >"	2	-1	"< Application, Ltoba/classfile/ClassRef, rccache, <Application,Ljava/util/Hashtable> >"	2
"< Application, Ltoba/classfile/Constant, load(Ljava/io/DataInputStream;)[Ltoba/classfile/Constant; >"	14	10	"< Application, Ltoba/classfile/Constant, value, <Application,Ljava/lang/Object> >"	18
"< Application, Ltoba/classfile/Method, sigscan()V >"	55	1	"< Application, Ltoba/classfile/Method, rstack, <Application,Ljava/lang/String> >"	41
"< Application, Ltoba/runtime/CodeGen, defineClass(Ljava/lang/ClassLoader;Ljava/io/DataInputStream;)Ljava/lang/Class; >"	21	6	"< Application, Ltoba/classfile/ClassData, javaClass, <Application,Ljava/lang/Class> >"	31
"< Application, Ltoba/jit/JITCodeGen, <clinit>()V >"	205	-1	"< Application, Ltoba/jit/JITCodeGen, FMA_timeSliceEnd, <Application,Ltoba/jit/MemoryRef> >"	207
"< Application, Ltoba/translator/CFile, inters(Ljava/io/PrintWriter;Ltoba/classfile/ClassData;)V >"	19	-1	"< Application, Ltoba/translator/CFile, ninters, <Primordial,I> >"	33
"< Application, Ltoba/jit/JITCodeGen, Prologue(Ltoba/classfile/Method;I)V >"	18	1	"< Application, Ltoba/jit/JITCodeGen, frame_size, <Primordial,I> >"	42
"< Application, Ltoba/classfile/Method, <init>(Ltoba/classfile/ClassData;Ltoba/classfile/Field;)V >"	160	1	"< Application, Ltoba/classfile/Method, pcmap, <Primordial,[S> >"	136
"< Application, Ltoba/classfile/Method, setMethodCode(Ltoba/classfile/MethodCode;)Ltoba/classfile/MethodCode; >"	5	1	"< Application, Ltoba/classfile/Method, mtcode, <Application,Ltoba/classfile/MethodCode> >"	2
"< Application, Ltoba/classfile/ClassData, <init>(Ljava/lang/Class;)V >"	19	21	"< Application, Ltoba/classfile/Field, cname, <Application,Ljava/lang/String> >"	24
"< Application, Ltoba/jit/Intel86, <clinit>()V >"	21	-1	"< Application, Ltoba/jit/Intel86, CND_p, <Primordial,I> >"	17
"< Application, Ltoba/jit/JITCodeGen, <clinit>()V >"	155	-1	"< Application, Ltoba/jit/JITCodeGen, IMM_8, <Application,Ltoba/jit/Immediate> >"	163
"< Application, Ltoba/classfile/ClassData, <init>(Ljava/lang/Class;)V >"	43	1	"< Application, Ltoba/classfile/ClassData, attributes, <Application,[Ltoba/classfile/Attribute> >"	42
"< Application, Ltoba/classfile/Constant, load(Ljava/io/DataInputStream;)[Ltoba/classfile/Constant; >"	62	53	"< Application, Ltoba/classfile/Pair, i1, <Primordial,I> >"	56
"< Application, Ltoba/classfile/Method, <init>(Ltoba/classfile/ClassData;Ltoba/classfile/Field;)V >"	269	230	"< Application, Ltoba/classfile/Instr, label, <Primordial,I> >"	238
"< Application, Ltoba/jit/JITCodeGen, <clinit>()V >"	137	-1	"< Application, Ltoba/jit/JITCodeGen, immZero8b, <Application,Ltoba/jit/Immediate> >"	150
"< Application, Ltoba/classfile/ClassData, <init>(Ljava/io/DataInputStream;)V >"	29	1	"< Application, Ltoba/classfile/ClassData, fname, <Application,Ljava/lang/String> >"	30
"< Application, Ltoba/classfile/ClassRef, <init>(Ljava/lang/Class;)V >"	8	1	"< Application, Ltoba/classfile/ClassRef, refClass, <Application,Ljava/lang/Class> >"	2
"< Application, Ltoba/jit/Intel86, <clinit>()V >"	16	-1	"< Application, Ltoba/jit/Intel86, CND_nbe, <Primordial,I> >"	13
"< Application, Ltoba/classfile/Names, <clinit>()V >"	87	-1	"< Application, Ltoba/classfile/Names, namelist, <Application,[Ljava/lang/String> >"	19
"< Application, Ltoba/jit/Intel86, <clinit>()V >"	38	-1	"< Application, Ltoba/jit/Intel86, CND_g, <Primordial,I> >"	28
"< Application, Ltoba/translator/CFile, supers(Ljava/io/PrintWriter;Ltoba/classfile/ClassData;)V >"	0	-1	"< Application, Ltoba/translator/CFile, nsupers, <Primordial,I> >"	4
"< Application, Ltoba/jit/MemoryRef, <init>(Ltoba/jit/Immediate;Ltoba/jit/Register;ILtoba/jit/Register;I)V >"	1	1	"< Application, Ltoba/jit/MemoryRef, displacement, <Application,Ltoba/jit/Immediate> >"	2
"< Application, Ltoba/classfile/MethodCode, <init>(Ltoba/classfile/Method;)V >"	3	1	"< Application, Ltoba/classfile/MethodCode, isResolved, <Primordial,Z> >"	5
"< Application, Ltoba/classfile/ClassData, <init>(Ljava/lang/Class;)V >"	44	1	"< Application, Ltoba/classfile/ClassData, state, <Primordial,I> >"	17
"< Application, Ltoba/jit/CodeBlock, <init>(Ltoba/classfile/Method;I)V >"	3	1	"< Application, Ltoba/jit/CodeBlock, checkWordAlign, <Primordial,Z> >"	7
"< Application, Ltoba/classfile/Method, <init>(Ltoba/classfile/ClassData;Ltoba/classfile/Field;)V >"	113	1	"< Application, Ltoba/classfile/Method, max_locals, <Primordial,I> >"	103
"< Application, Ltoba/jit/Immediate, <init>(IIZ)V >"	2	1	"< Application, Ltoba/jit/Immediate, nbytes, <Primordial,I> >"	3
"< Application, Ltoba/jit/Register, <clinit>()V >"	29	-1	"< Application, Ltoba/jit/Register, R_ebx, <Application,Ltoba/jit/Register> >"	42
"< Application, Ltoba/jit/Intel86, <clinit>()V >"	19	-1	"< Application, Ltoba/jit/Intel86, CND_s, <Primordial,I> >"	15
"< Application, Ltoba/jit/JITCodeGen, <clinit>()V >"	44	-1	"< Application, Ltoba/jit/JITCodeGen, R_ST1, <Application,Ltoba/jit/Register> >"	26
"< Application, Ltoba/translator/CFile, others(Ljava/io/PrintWriter;Ltoba/classfile/ClassData;)V >"	26	-1	"< Application, Ltoba/translator/CFile, nothers, <Primordial,I> >"	38
"< Application, Ltoba/Lister, main([Ljava/lang/String;)V >"	5	-1	"< Application, Ltoba/Lister, trace, <Primordial,Z> >"	9
"< Application, Ltoba/classfile/MethodCode, setMethodEntry(J)J >"	0	1	"< Application, Ltoba/classfile/MethodCode, mtentry, <Primordial,J> >"	2
"< Application, Ltoba/jit/JITCodeGen, <clinit>()V >"	24	-1	"< Application, Ltoba/jit/JITCodeGen, R_edi, <Application,Ltoba/jit/Register> >"	16
"< Application, Ltoba/jit/Register, <clinit>()V >"	62	-1	"< Application, Ltoba/jit/Register, R_ch, <Application,Ltoba/jit/Register> >"	64
"< Application, Ltoba/classfile/ClassFile, open(Ljava/lang/String;Ljava/lang/String;)Ltoba/classfile/ClassFile; >"	37	80	"< Application, Ltoba/classfile/ClassFile, zipfile, <Application,Ljava/util/zip/ZipFile> >"	61
"< Application, Ltoba/classfile/Method, sigscan()V >"	51	1	"< Application, Ltoba/classfile/Method, rstack, <Application,Ljava/lang/String> >"	65
"< Application, Ltoba/classfile/Constant, load(Ljava/io/DataInputStream;)[Ltoba/classfile/Constant; >"	38	10	"< Application, Ltoba/classfile/Constant, value, <Application,Ljava/lang/Object> >"	35
"< Application, Ltoba/jit/Register, <clinit>()V >"	68	-1	"< Application, Ltoba/jit/Register, R_ST0, <Application,Ltoba/jit/Register> >"	68
"< Application, Ltoba/classfile/Handler, <init>(IIILtoba/classfile/ClassRef;)V >"	4	1	"< Application, Ltoba/classfile/Handler, type, <Application,Ltoba/classfile/ClassRef> >"	5
"< Application, Ltoba/jit/CodeBlock, setLockCodeBytes(Z)Z >"	1	1	"< Application, Ltoba/jit/CodeBlock, lockCodeBytes, <Primordial,Z> >"	2
"< Application, Ltoba/classfile/Field, finishField()V >"	3	1	"< Application, Ltoba/classfile/Field, hashcode, <Primordial,I> >"	6
"< Application, Ltoba/jit/Intel86, <clinit>()V >"	35	-1	"< Application, Ltoba/jit/Intel86, CND_ng, <Primordial,I> >"	26
"< Application, Ltoba/classfile/Attribute, <init>(Ljava/io/DataInputStream;[Ltoba/classfile/Constant;)V >"	8	1	"< Application, Ltoba/classfile/Attribute, data, <Primordial,[B> >"	13
"< Application, Ltoba/jit/Register, <clinit>()V >"	20	-1	"< Application, Ltoba/jit/Register, R_eax, <Application,Ltoba/jit/Register> >"	36
"< Application, Ltoba/classfile/Method, <init>(Ltoba/classfile/ClassData;Ltoba/classfile/Field;)V >"	10	9	"< Application, Ltoba/classfile/Field, tableObj, <Application,Ljava/lang/Object> >"	1
"< Application, Ltoba/classfile/ClassFile, <init>(Ljava/io/File;)V >"	4	1	"< Application, Ltoba/classfile/ClassFile, path, <Application,Ljava/lang/String> >"	7
"< Application, Ltoba/jit/Register, <clinit>()V >"	83	-1	"< Application, Ltoba/jit/Register, R_ST5, <Application,Ltoba/jit/Register> >"	78
"< Application, Ltoba/jit/Intel86, <clinit>()V >"	33	-1	"< Application, Ltoba/jit/Intel86, CND_le, <Primordial,I> >"	25
"< Application, Ltoba/jit/Intel86, <clinit>()V >"	26	-1	"< Application, Ltoba/jit/Intel86, CND_po, <Primordial,I> >"	20
"< Application, Ltoba/runtime/Resolve, resolveClass(Ltoba/classfile/ClassData;Ljava/lang/ClassLoader;)V >"	9	-1	"< Application, Ltoba/runtime/Resolve, tabPrefix, <Application,Ljava/lang/String> >"	15
"< Application, Ltoba/translator/Supers, load(Ltoba/classfile/ClassData;)V >"	18	1	"< Application, Ltoba/classfile/ClassData, superclass, <Application,Ltoba/classfile/ClassData> >"	16
"< Application, Ltoba/jit/BackpatchInfo, <init>(ILtoba/classfile/Instr;Ljava/lang/Object;IJ)V >"	7	1	"< Application, Ltoba/jit/BackpatchInfo, or, <Application,Ljava/lang/Object> >"	10
"< Application, Ltoba/translator/Trans, <clinit>()V >"	0	-1	"< Application, Ltoba/translator/Trans, fileheader, <Application,Ljava/lang/String> >"	2
"< Application, Ltoba/classfile/ClassData, <init>(Ljava/lang/Class;)V >"	4	1	"< Application, Ltoba/classfile/ClassData, cname, <Application,Ljava/lang/String> >"	8
"< Application, Ltoba/jit/Intel86, <clinit>()V >"	23	-1	"< Application, Ltoba/jit/Intel86, CND_pe, <Primordial,I> >"	18
"< Application, Ltoba/jit/JITCodeGen, <clinit>()V >"	12	-1	"< Application, Ltoba/jit/JITCodeGen, MR_ebx, <Application,Ltoba/jit/MemoryRef> >"	7
"< Application, Ltoba/jit/CodeBlock, <init>(Ltoba/classfile/Method;I)V >"	5	1	"< Application, Ltoba/jit/CodeBlock, allNativeCode, <Primordial,Z> >"	6
"< Application, Ltoba/classfile/Instr, <init>([BI[Ltoba/classfile/Constant;)V >"	25	1	"< Application, Ltoba/classfile/Instr, length, <Primordial,I> >"	29
"< Application, Ltoba/jit/JITCodeGen, <clinit>()V >"	96	-1	"< Application, Ltoba/jit/JITCodeGen, FA_throwNPE, <Primordial,J> >"	92
"< Application, Ltoba/jit/MemoryRef, setScaleFactor(I)Ltoba/jit/MemoryRef; >"	11	1	"< Application, Ltoba/jit/MemoryRef, sfbits, <Primordial,I> >"	11
"< Application, Ltoba/classfile/Instr, <init>([BI[Ltoba/classfile/Constant;)V >"	9	1	"< Application, Ltoba/classfile/Instr, opcode, <Application,Ltoba/classfile/Opcode> >"	13
"< Application, Ltoba/classfile/Constant, load(Ljava/io/DataInputStream;)[Ltoba/classfile/Constant; >"	9	10	"< Application, Ltoba/classfile/Constant, tag, <Primordial,I> >"	13
"< Application, Ltoba/classfile/Names, <clinit>()V >"	90	-1	"< Application, Ltoba/classfile/Names, nametable, <Application,Ljava/util/Hashtable> >"	162
"< Application, Ltoba/jit/JITCodeGen, <clinit>()V >"	166	-1	"< Application, Ltoba/jit/JITCodeGen, IO_class_nsupers, <Application,Ltoba/jit/Immediate> >"	171
"< Application, Ltoba/classfile/ClassRef, resolveTo(Ljava/lang/Class;Ljava/lang/ClassLoader;)V >"	1	1	"< Application, Ltoba/classfile/ClassRef, refClass, <Application,Ljava/lang/Class> >"	2
"< Application, Ltoba/classfile/Method, sigscan()V >"	59	1	"< Application, Ltoba/classfile/Method, rstack, <Application,Ljava/lang/String> >"	65
"< Application, Ltoba/classfile/ClassData, buildVariableTables(Z)V >"	46	22	"< Application, Ltoba/classfile/Field, tableslot, <Primordial,I> >"	35
"< Application, Ltoba/jit/JITCodeGen, <clinit>()V >"	42	-1	"< Application, Ltoba/jit/JITCodeGen, R_ST0, <Application,Ltoba/jit/Register> >"	25
"< Application, Ltoba/jit/JITCodeGen, <clinit>()V >"	130	-1	"< Application, Ltoba/jit/JITCodeGen, FA_timeSliceEnd, <Primordial,J> >"	143
"< Application, Ltoba/classfile/Constant, load(Ljava/io/DataInputStream;)[Ltoba/classfile/Constant; >"	64	53	"< Application, Ltoba/classfile/Pair, i2, <Primordial,I> >"	58
"< Application, Ltoba/classfile/ClassData, <init>(Ljava/lang/Class;)V >"	9	1	"< Application, Ltoba/classfile/ClassData, minor, <Primordial,I> >"	13
"< Application, Ltoba/classfile/Opcode, op(IIIILjava/lang/String;Ljava/lang/String;Ljava/lang/String;I)V >"	3	13	"< Application, Ltoba/classfile/Opcode, opr, <Application,Ljava/lang/String> >"	7
"< Application, Ltoba/classfile/ClassData, buildVariableTables(Z)V >"	6	1	"< Application, Ltoba/classfile/ClassData, visiblevars, <Application,Ljava/util/Hashtable> >"	13
"< Application, Ltoba/classfile/Instr, <init>([BI[Ltoba/classfile/Constant;)V >"	1	1	"< Application, Ltoba/classfile/Instr, pc, <Primordial,I> >"	3
"< Application, Ltoba/jit/JITCodeGen, <clinit>()V >"	212	-1	"< Application, Ltoba/jit/JITCodeGen, FMA_timeNow, <Application,Ltoba/jit/MemoryRef> >"	214
"< Application, Ltoba/jit/CodeBlock, addByteArray([B)[B >"	19	1	"< Application, Ltoba/jit/CodeBlock, numCodeBytes, <Primordial,I> >"	21
"< Application, Ltoba/translator/Trans, options([Ljava/lang/String;)V >"	36	-1	"< Application, Ltoba/translator/Trans, autodep, <Primordial,Z> >"	12
"< Application, Ltoba/classfile/Method, <init>(Ltoba/classfile/ClassData;Ltoba/classfile/Field;)V >"	16	1	"< Application, Ltoba/classfile/Method, exthrown, <Application,[Ltoba/classfile/ClassRef> >"	52
"< Application, Ltoba/jit/JITCodeGen, <clinit>()V >"	80	-1	"< Application, Ltoba/jit/JITCodeGen, FA_remdr, <Primordial,J> >"	68
"< Application, Ltoba/translator/Trans, main([Ljava/lang/String;)V >"	5	-1	"< Application, Ltoba/translator/Trans, genlist, <Application,Ljava/util/Hashtable> >"	7
"< Application, Ltoba/classfile/Instr, <init>([BI[Ltoba/classfile/Constant;)V >"	69	1	"< Application, Ltoba/classfile/Instr, val, <Primordial,I> >"	40
"< Application, Ltoba/runtime/Supers, load(Ltoba/classfile/ClassData;Ljava/lang/ClassLoader;)V >"	13	1	"< Application, Ltoba/classfile/ClassData, superclass, <Application,Ltoba/classfile/ClassData> >"	12
"< Application, Ltoba/translator/Trans, options([Ljava/lang/String;)V >"	19	-1	"< Application, Ltoba/translator/Trans, mainclass, <Application,Ljava/lang/String> >"	24
"< Application, Ltoba/jit/JITCodeGen, <clinit>()V >"	186	-1	"< Application, Ltoba/jit/JITCodeGen, IO_mcode_isresolved, <Application,Ltoba/jit/Immediate> >"	191
"< Application, Ltoba/translator/Supers, load(Ltoba/classfile/ClassData;)V >"	31	-1	"< Application, Ltoba/translator/Supers, previous, <Application,Ltoba/classfile/ClassData> >"	1
"< Application, Ltoba/translator/CFile, inters(Ljava/io/PrintWriter;Ltoba/classfile/ClassData;)V >"	0	-1	"< Application, Ltoba/translator/CFile, ninters, <Primordial,I> >"	4
"< Application, Ltoba/classfile/Method, mark(ILjava/lang/String;I)V >"	35	18	"< Application, Ltoba/classfile/Instr, isReached, <Primordial,Z> >"	13
"< Application, Ltoba/jit/JITCodeGen, Prologue(Ltoba/classfile/Method;I)V >"	36	1	"< Application, Ltoba/jit/JITCodeGen, frame_size, <Primordial,I> >"	28
"< Application, Ltoba/translator/CFile, strref(Ltoba/classfile/Constant;)I >"	7	-1	"< Application, Ltoba/translator/CFile, strcount, <Primordial,I> >"	9
"< Application, Ltoba/classfile/ClassData, <init>(Ljava/io/DataInputStream;)V >"	12	1	"< Application, Ltoba/classfile/ClassData, major, <Primordial,I> >"	13
"< Application, Ltoba/classfile/Opcode, op(IIIILjava/lang/String;Ljava/lang/String;II)V >"	4	10	"< Application, Ltoba/classfile/Opcode, code, <Primordial,I> >"	1
"< Application, Ltoba/jit/JITCodeGen, <clinit>()V >"	218	-1	"< Application, Ltoba/jit/JITCodeGen, excOheadOffs, <Primordial,[I> >"	224
"< Application, Ltoba/jit/CodeBlock, <init>(Ltoba/classfile/Method;I)V >"	8	1	"< Application, Ltoba/jit/CodeBlock, maxCodeBytes, <Primordial,I> >"	3
"< Application, Ltoba/jit/JITCodeGen, generateCode(Ljava/lang/Class;Ltoba/classfile/Method;)Ltoba/classfile/MethodCode; >"	115	58	"< Application, Ltoba/classfile/MethodCode, compileTime, <Primordial,I> >"	62
"< Application, Ltoba/classfile/Method, sigscan()V >"	63	1	"< Application, Ltoba/classfile/Method, rstack, <Application,Ljava/lang/String> >"	65
"< Application, Ltoba/classfile/Method, sigscan()V >"	57	1	"< Application, Ltoba/classfile/Method, rstack, <Application,Ljava/lang/String> >"	66
"< Application, Ltoba/classfile/Method, mark(ILjava/lang/String;I)V >"	113	18	"< Application, Ltoba/classfile/Instr, succ, <Application,Ltoba/classfile/Instr> >"	98
"< Application, Ltoba/jit/CodeBlock, doBackPatch(Ltoba/jit/BackpatchInfo;)V >"	449	100	"< Application, Ltoba/jit/BackpatchInfo, isDone, <Primordial,Z> >"	8
"< Application, Ltoba/jit/CodeBlock, <clinit>()V >"	0	-1	"< Application, Ltoba/jit/CodeBlock, valBVrlen, <Primordial,I> >"	2
"< Application, Ltoba/classfile/ClassData, <init>(Ljava/io/DataInputStream;)V >"	89	77	"< Application, Ltoba/classfile/Field, cname, <Application,Ljava/lang/String> >"	84
"< Application, Ltoba/jit/CodeBlock, setCheckWordAlign(Z)Z >"	1	1	"< Application, Ltoba/jit/CodeBlock, checkWordAlign, <Primordial,Z> >"	2
"< Application, Ltoba/jit/JITCodeGen, <clinit>()V >"	66	-1	"< Application, Ltoba/jit/JITCodeGen, FA_throwAIOBE, <Primordial,J> >"	47
"< Application, Ltoba/runtime/Resolve, resolveClass(Ltoba/classfile/ClassData;Ljava/lang/ClassLoader;)V >"	10	1	"< Application, Ltoba/classfile/ClassData, state, <Primordial,I> >"	5
"< Application, Ltoba/classfile/Constant, load(Ljava/io/DataInputStream;)[Ltoba/classfile/Constant; >"	28	10	"< Application, Ltoba/classfile/Constant, value, <Application,Ljava/lang/Object> >"	30
"< Application, Ltoba/translator/CFile, write(Ljava/io/PrintWriter;Ltoba/classfile/ClassData;)V >"	42	-1	"< Application, Ltoba/translator/CFile, declared, <Application,Ljava/util/Hashtable> >"	43
"< Application, Ltoba/runtime/Resolve, resolveClass(Ltoba/classfile/ClassData;Ljava/lang/ClassLoader;)V >"	60	-1	"< Application, Ltoba/runtime/Resolve, tabPrefix, <Application,Ljava/lang/String> >"	55
"< Application, Ltoba/jit/CodeBlock, reserveCode(ILtoba/classfile/Instr;Ljava/lang/Object;J)Ltoba/jit/BackpatchInfo; >"	46	1	"< Application, Ltoba/jit/CodeBlock, nBackPatches, <Primordial,I> >"	53
"< Application, Ltoba/classfile/FieldRef, <init>(Ltoba/classfile/ClassRef;Ljava/lang/String;Ljava/lang/String;)V >"	1	1	"< Application, Ltoba/classfile/FieldRef, cl, <Application,Ltoba/classfile/ClassRef> >"	2
"< Application, Ltoba/classfile/FieldRef, <init>(Ltoba/classfile/ClassRef;Ljava/lang/String;Ljava/lang/String;)V >"	3	1	"< Application, Ltoba/classfile/FieldRef, signature, <Application,Ljava/lang/String> >"	4
"< Application, Ltoba/classfile/ClassData, buildVariableTables(Z)V >"	23	22	"< Application, Ltoba/classfile/Field, tableslot, <Primordial,I> >"	34
"< Application, Ltoba/classfile/Field, <init>(Ljava/io/DataInputStream;[Ltoba/classfile/Constant;)V >"	26	1	"< Application, Ltoba/classfile/Field, tableslot, <Primordial,I> >"	30
"< Application, Ltoba/classfile/Instr, <init>([BI[Ltoba/classfile/Constant;)V >"	64	1	"< Application, Ltoba/classfile/Instr, val, <Primordial,I> >"	42
"< Application, Ltoba/jit/BackpatchInfo, <init>(ILtoba/classfile/Instr;Ljava/lang/Object;ILjava/lang/Object;)V >"	5	1	"< Application, Ltoba/jit/BackpatchInfo, treg, <Application,Ljava/lang/Object> >"	4
"< Application, Ltoba/jit/Register, <clinit>()V >"	53	-1	"< Application, Ltoba/jit/Register, R_dl, <Application,Ltoba/jit/Register> >"	58
"< Application, Ltoba/classfile/Constant, load(Ljava/io/DataInputStream;)[Ltoba/classfile/Constant; >"	102	64	"< Application, Ltoba/classfile/Constant, value, <Application,Ljava/lang/Object> >"	75
"< Application, Ltoba/jit/JITCodeGen, <clinit>()V >"	88	-1	"< Application, Ltoba/jit/JITCodeGen, FA_long2f, <Primordial,J> >"	80
"< Application, Ltoba/classfile/Handler, <init>(IIILtoba/classfile/ClassRef;)V >"	1	1	"< Application, Ltoba/classfile/Handler, start, <Primordial,I> >"	2
"< Application, Ltoba/classfile/ClassData, <init>(Ljava/io/DataInputStream;)V >"	68	61	"< Application, Ltoba/classfile/Field, classfilePos, <Primordial,I> >"	69
"< Application, Ltoba/jit/CodeBlock, <init>(Ltoba/classfile/Method;I)V >"	24	1	"< Application, Ltoba/jit/CodeBlock, localHandlerTarget, <Primordial,I> >"	17
"< Application, Ltoba/runtime/Resolve, <clinit>()V >"	0	-1	"< Application, Ltoba/runtime/Resolve, tabPrefix, <Application,Ljava/lang/String> >"	2
"< Application, Ltoba/translator/CFile, hashprint(Ljava/io/PrintWriter;Ljava/lang/String;)V >"	5	-1	"< Application, Ltoba/translator/CFile, hcols, <Primordial,I> >"	11
"< Application, Ltoba/classfile/ClassData, <init>(Ljava/io/DataInputStream;)V >"	3	1	"< Application, Ltoba/classfile/ClassData, symtab, <Application,Ljava/util/Hashtable> >"	5
"< Application, Ltoba/jit/Register, <clinit>()V >"	80	-1	"< Application, Ltoba/jit/Register, R_ST4, <Application,Ltoba/jit/Register> >"	76
"< Application, Ltoba/jit/Immediate, setValue(I)Ltoba/jit/Immediate; >"	0	1	"< Application, Ltoba/jit/Immediate, value, <Primordial,I> >"	2
"< Application, Ltoba/classfile/Method, <init>(Ltoba/classfile/ClassData;Ltoba/classfile/Field;)V >"	57	-1	"< Application, Ltoba/classfile/Method, stktypes, <Application,Ljava/util/BitSet> >"	56
"< Application, Ltoba/jit/JITCodeGen, <clinit>()V >"	58	-1	"< Application, Ltoba/jit/JITCodeGen, FA_new, <Primordial,J> >"	35
"< Application, Ltoba/jit/JITCodeGen, EmitSyncWrapper(Ltoba/classfile/Method;)V >"	294	366	"< Application, Ltoba/jit/CodeBlock, syncwrap_bpi, <Application,Ltoba/jit/BackpatchInfo> >"	370
"< Application, Ltoba/jit/Intel86, <clinit>()V >"	9	-1	"< Application, Ltoba/jit/Intel86, CND_z, <Primordial,I> >"	8
"< Application, Ltoba/classfile/Instr, <init>([BI[Ltoba/classfile/Constant;)V >"	2	1	"< Application, Ltoba/classfile/Instr, after, <Application,Ljava/lang/String> >"	7
"< Application, Ltoba/classfile/MethodCode, <init>(Ltoba/classfile/Method;)V >"	4	1	"< Application, Ltoba/classfile/MethodCode, method, <Application,Ltoba/classfile/Method> >"	2
"< Application, Ltoba/jit/Register, <init>(IZ)V >"	2	1	"< Application, Ltoba/jit/Register, isfpreg, <Primordial,Z> >"	3
"< Application, Ltoba/classfile/ClassFile, open(Ljava/lang/String;Ljava/lang/String;)Ltoba/classfile/ClassFile; >"	71	41	"< Application, Ltoba/classfile/ClassFile, dir, <Application,Ljava/lang/String> >"	54
"< Application, Ltoba/classfile/Method, mark(ILjava/lang/String;I)V >"	41	18	"< Application, Ltoba/classfile/Instr, before, <Application,Ljava/lang/String> >"	99
"< Application, Ltoba/classfile/ClassData, <init>(Ljava/io/DataInputStream;)V >"	26	1	"< Application, Ltoba/classfile/ClassData, cname, <Application,Ljava/lang/String> >"	27
"< Application, Ltoba/jit/Register, <clinit>()V >"	89	-1	"< Application, Ltoba/jit/Register, R_ST7, <Application,Ltoba/jit/Register> >"	82
"< Application, Ltoba/jit/JITCodeGen, <clinit>()V >"	64	-1	"< Application, Ltoba/jit/JITCodeGen, FA_vmnewarray, <Primordial,J> >"	44
"< Application, Ltoba/jit/CodeBlock, <init>(Ltoba/classfile/Method;I)V >"	12	1	"< Application, Ltoba/jit/CodeBlock, instrToByteOffs, <Primordial,[I> >"	16
"< Application, Ltoba/classfile/Method, <init>(Ltoba/classfile/ClassData;Ltoba/classfile/Field;)V >"	190	164	"< Application, Ltoba/classfile/Instr, isBoundary, <Primordial,Z> >"	32
"< Application, Ltoba/jit/JITCodeGen, <clinit>()V >"	214	-1	"< Application, Ltoba/jit/JITCodeGen, excOheadSize, <Primordial,[I> >"	221
"< Application, Ltoba/jit/BackpatchInfo, <init>(ILtoba/classfile/Instr;Ljava/lang/Object;ILjava/lang/Object;)V >"	4	1	"< Application, Ltoba/jit/BackpatchInfo, loffs, <Primordial,I> >"	5
"< Application, Ltoba/jit/JITCodeGen, <clinit>()V >"	134	-1	"< Application, Ltoba/jit/JITCodeGen, FA_CodeBlock_resolveCode, <Primordial,J> >"	149
"< Application, Ltoba/jit/JITCodeGen, <clinit>()V >"	178	-1	"< Application, Ltoba/jit/JITCodeGen, IO_mythread_exception, <Application,Ltoba/jit/Immediate> >"	183
"< Application, Ltoba/translator/CFile, write(Ljava/io/PrintWriter;Ltoba/classfile/ClassData;)V >"	85	-1	"< Application, Ltoba/translator/CFile, strnums, <Primordial,[I> >"	97
"< Application, Ltoba/jit/JITCodeGen, <clinit>()V >"	70	-1	"< Application, Ltoba/jit/JITCodeGen, FA_intdiv, <Primordial,J> >"	53
"< Application, Ltoba/classfile/Constant, load(Ljava/io/DataInputStream;)[Ltoba/classfile/Constant; >"	164	98	"< Application, Ltoba/classfile/Constant, value, <Application,Ljava/lang/Object> >"	128
"< Application, Ltoba/classfile/Constant, load(Ljava/io/DataInputStream;)[Ltoba/classfile/Constant; >"	43	10	"< Application, Ltoba/classfile/Constant, value, <Application,Ljava/lang/Object> >"	39
"< Application, Ltoba/classfile/Opcode, op(IIIILjava/lang/String;Ljava/lang/String;II)V >"	8	10	"< Application, Ltoba/classfile/Opcode, push, <Application,Ljava/lang/String> >"	5
"< Application, Ltoba/classfile/ClassData, <clinit>()V >"	5	-1	"< Application, Ltoba/classfile/ClassData, name2cdata, <Application,Ljava/util/Hashtable> >"	4
"< Application, Ltoba/classfile/ClassFile, open(Ljava/lang/String;Ljava/lang/String;)Ltoba/classfile/ClassFile; >"	38	80	"< Application, Ltoba/classfile/ClassFile, file, <Application,Ljava/io/File> >"	59
"< Application, Ltoba/jit/Intel86, tossEStackOffs(I)I >"	3	1	"< Application, Ltoba/jit/Intel86, eStackOffs, <Primordial,I> >"	7
"< Application, Ltoba/classfile/Instr, <init>([BI[Ltoba/classfile/Constant;)V >"	59	1	"< Application, Ltoba/classfile/Instr, val, <Primordial,I> >"	44
"< Application, Ltoba/translator/Trans, options([Ljava/lang/String;)V >"	54	-1	"< Application, Ltoba/classfile/ClassFile, trace, <Primordial,Z> >"	50
"< Application, Ltoba/jit/CodeBlock, <init>(Ltoba/classfile/Method;I)V >"	17	1	"< Application, Ltoba/jit/CodeBlock, instrToByteOffs, <Primordial,[I> >"	15
"< Application, Ltoba/classfile/Constant, load(Ljava/io/DataInputStream;)[Ltoba/classfile/Constant; >"	152	98	"< Application, Ltoba/classfile/Constant, value, <Application,Ljava/lang/Object> >"	124
"< Application, Ltoba/jit/Intel86, <clinit>()V >"	6	-1	"< Application, Ltoba/jit/Intel86, CND_ae, <Primordial,I> >"	6
"< Application, Ltoba/jit/JITCodeGen, <clinit>()V >"	6	-1	"< Application, Ltoba/jit/JITCodeGen, R_edx, <Application,Ltoba/jit/Register> >"	5
"< Application, Ltoba/translator/Trans, <clinit>()V >"	4	-1	"< Application, Ltoba/translator/Trans, okToInstallPkgClasses, <Primordial,Z> >"	5
"< Application, Ltoba/jit/Register, <clinit>()V >"	86	-1	"< Application, Ltoba/jit/Register, R_ST6, <Application,Ltoba/jit/Register> >"	80
"< Application, Ltoba/classfile/ClassFile, findInPath(Ljava/lang/String;Ljava/lang/String;Ljava/lang/String;)Ltoba/classfile/ClassFile; >"	27	46	"< Application, Ltoba/classfile/ClassFile, path, <Application,Ljava/lang/String> >"	1
"< Application, Ltoba/jit/JITCodeGen, <clinit>()V >"	36	-1	"< Application, Ltoba/jit/JITCodeGen, R_bh, <Application,Ltoba/jit/Register> >"	22
"< Application, Ltoba/jit/MemoryRef, setScaleFactor(I)Ltoba/jit/MemoryRef; >"	6	1	"< Application, Ltoba/jit/MemoryRef, sfbits, <Primordial,I> >"	7
"< Application, Ltoba/classfile/Method, mark(ILjava/lang/String;I)V >"	12	9	"< Application, Ltoba/classfile/Instr, isBoundary, <Primordial,Z> >"	13
"< Application, Ltoba/jit/JITCodeGen, <clinit>()V >"	62	-1	"< Application, Ltoba/jit/JITCodeGen, FA_initclass, <Primordial,J> >"	41
"< Application, Ltoba/classfile/ClassRef, <init>(Ljava/lang/Class;)V >"	7	1	"< Application, Ltoba/classfile/ClassRef, name, <Application,Ljava/lang/String> >"	16
"< Application, Ltoba/jit/Intel86, <clinit>()V >"	29	-1	"< Application, Ltoba/jit/Intel86, CND_nge, <Primordial,I> >"	22
"< Application, Ltoba/jit/Immediate, <init>(IIZ)V >"	3	1	"< Application, Ltoba/jit/Immediate, signext, <Primordial,Z> >"	4
"< Application, Ltoba/translator/Trans, options([Ljava/lang/String;)V >"	30	-1	"< Application, Ltoba/translator/Trans, packagedir, <Application,Ljava/lang/String> >"	29
"< Application, Ltoba/jit/BackpatchInfo, <init>(ILtoba/classfile/Instr;Ljava/lang/Object;IJ)V >"	4	1	"< Application, Ltoba/jit/BackpatchInfo, loffs, <Primordial,I> >"	5
"< Application, Ltoba/jit/JITCodeGen, <clinit>()V >"	112	-1	"< Application, Ltoba/jit/JITCodeGen, FA_monitorexit, <Primordial,J> >"	116
"< Application, Ltoba/classfile/ClassData, <init>(Ljava/io/DataInputStream;)V >"	10	1	"< Application, Ltoba/classfile/ClassData, minor, <Primordial,I> >"	11
"< Application, Ltoba/jit/JITCodeGen, <clinit>()V >"	143	-1	"< Application, Ltoba/jit/JITCodeGen, IMM_1, <Application,Ltoba/jit/Immediate> >"	155
"< Application, Ltoba/translator/CFile, others(Ljava/io/PrintWriter;Ltoba/classfile/ClassData;)V >"	0	-1	"< Application, Ltoba/translator/CFile, nothers, <Primordial,I> >"	4
"< Application, Ltoba/jit/JITCodeGen, <clinit>()V >"	8	-1	"< Application, Ltoba/jit/JITCodeGen, R_ebx, <Application,Ltoba/jit/Register> >"	6
"< Application, Ltoba/translator/CFile, write(Ljava/io/PrintWriter;Ltoba/classfile/ClassData;)V >"	2	-1	"< Application, Ltoba/translator/CFile, declared, <Application,Ljava/util/Hashtable> >"	4
"< Application, Ltoba/jit/JITCodeGen, <clinit>()V >"	106	-1	"< Application, Ltoba/jit/JITCodeGen, FA_findhandler, <Primordial,J> >"	107
"< Application, Ltoba/jit/JITCodeGen, <clinit>()V >"	60	-1	"< Application, Ltoba/jit/JITCodeGen, FA_anewarray, <Primordial,J> >"	38
"< Application, Ltoba/classfile/ClassData, buildMethodTables(Z)V >"	61	15	"< Application, Ltoba/classfile/Field, tableslot, <Primordial,I> >"	54
"< Application, Ltoba/jit/JITCodeGen, EmitExceptHandle(Ltoba/classfile/Method;)V >"	5	4	"< Application, Ltoba/jit/CodeBlock, handlerTableAddress, <Primordial,J> >"	10
"< Application, Ltoba/classfile/Constant, load(Ljava/io/DataInputStream;)[Ltoba/classfile/Constant; >"	57	10	"< Application, Ltoba/classfile/Constant, value, <Application,Ljava/lang/Object> >"	49
"< Application, Ltoba/jit/Register, <clinit>()V >"	23	-1	"< Application, Ltoba/jit/Register, R_ecx, <Application,Ltoba/jit/Register> >"	38
"< Application, Ltoba/classfile/Opcode, <clinit>()V >"	1	-1	"< Application, Ltoba/classfile/Opcode, table, <Application,[Ltoba/classfile/Opcode> >"	3
"< Application, Ltoba/jit/JITCodeGen, <clinit>()V >"	2	-1	"< Application, Ltoba/jit/JITCodeGen, R_eax, <Application,Ltoba/jit/Register> >"	3
"< Application, Ltoba/classfile/IHash, mark(Ljava/lang/ClassLoader;Ltoba/classfile/ClassData;)V >"	16	20	"< Application, Ltoba/classfile/Field, access, <Primordial,I> >"	23
"< Application, Ltoba/jit/MemoryRef, <init>(Ltoba/jit/Immediate;Ltoba/jit/Register;ILtoba/jit/Register;I)V >"	13	1	"< Application, Ltoba/jit/MemoryRef, basereg, <Application,Ltoba/jit/Register> >"	3
"< Application, Ltoba/classfile/ClassData, <clinit>()V >"	2	-1	"< Application, Ltoba/classfile/ClassData, pseudoSystemClassLoader, <Application,Ljava/lang/Object> >"	2
"< Application, Ltoba/classfile/Method, <init>(Ltoba/classfile/ClassData;Ltoba/classfile/Field;)V >"	116	1	"< Application, Ltoba/classfile/Method, code, <Primordial,[B> >"	106
"< Application, Ltoba/classfile/Instr, <init>([BI[Ltoba/classfile/Constant;)V >"	51	1	"< Application, Ltoba/classfile/Instr, length, <Primordial,I> >"	20
"< Application, Ltoba/classfile/Handler, <init>(IIILtoba/classfile/ClassRef;)V >"	3	1	"< Application, Ltoba/classfile/Handler, jump, <Primordial,I> >"	4
"< Application, Ltoba/jit/JITCodeGen, <clinit>()V >"	126	-1	"< Application, Ltoba/jit/JITCodeGen, FA_backjumpfn, <Primordial,J> >"	137
"< Application, Ltoba/classfile/Method, <init>(Ltoba/classfile/ClassData;Ltoba/classfile/Field;)V >"	263	1	"< Application, Ltoba/classfile/Method, lblmap, <Primordial,[S> >"	226
"< Application, Ltoba/jit/Intel86, <clinit>()V >"	7	-1	"< Application, Ltoba/jit/Intel86, CND_e, <Primordial,I> >"	7
"< Application, Ltoba/jit/Register, <clinit>()V >"	56	-1	"< Application, Ltoba/jit/Register, R_ah, <Application,Ltoba/jit/Register> >"	60
"< Application, Ltoba/jit/Register, <clinit>()V >"	77	-1	"< Application, Ltoba/jit/Register, R_ST3, <Application,Ltoba/jit/Register> >"	74
"< Application, Ltoba/jit/JITCodeGen, Prologue(Ltoba/classfile/Method;I)V >"	31	1	"< Application, Ltoba/jit/JITCodeGen, frame_size, <Primordial,I> >"	23
"< Application, Ltoba/jit/CodeBlock, addWord(I)I >"	16	1	"< Application, Ltoba/jit/CodeBlock, numCodeBytes, <Primordial,I> >"	20
"< Application, Ltoba/jit/Intel86, popEStackOffs()I >"	2	1	"< Application, Ltoba/jit/Intel86, eStackOffs, <Primordial,I> >"	5
"< Application, Ltoba/classfile/Names, <clinit>()V >"	3	-1	"< Application, Ltoba/classfile/Names, charflags, <Primordial,[Z> >"	6
"< Application, Ltoba/classfile/ClassData, buildMethodTables(Z)V >"	78	1	"< Application, Ltoba/classfile/ClassData, smtable, <Application,[Ltoba/classfile/Field> >"	65
"< Application, Ltoba/jit/JITCodeGen, InitInstrumentation()V >"	1	1	"< Application, Ltoba/jit/JITCodeGen, instrcounts, <Primordial,[I> >"	4
"< Application, Ltoba/jit/JITCodeGen, <clinit>()V >"	38	-1	"< Application, Ltoba/jit/JITCodeGen, R_ch, <Application,Ltoba/jit/Register> >"	23
"< Application, Ltoba/jit/JITCodeGen, <clinit>()V >"	46	-1	"< Application, Ltoba/jit/JITCodeGen, R_ST2, <Application,Ltoba/jit/Register> >"	27
"< Application, Ltoba/translator/CFile, hashprint(Ljava/io/PrintWriter;Ljava/lang/String;)V >"	10	-1	"< Application, Ltoba/translator/CFile, hcols, <Primordial,I> >"	16
"< Application, Ltoba/jit/BackpatchInfo, <init>(ILtoba/classfile/Instr;Ljava/lang/Object;IJ)V >"	6	1	"< Application, Ltoba/jit/BackpatchInfo, lv, <Primordial,J> >"	6
"< Application, Ltoba/jit/Intel86, <clinit>()V >"	4	-1	"< Application, Ltoba/jit/Intel86, CND_nb, <Primordial,I> >"	5
"< Application, Ltoba/translator/InsGen, checkref(Ljava/io/PrintWriter;Ltoba/classfile/Instr;I)V >"	16	-1	"< Application, Ltoba/translator/MethGen, nullJump, <Primordial,Z> >"	31
"< Application, Ltoba/classfile/MethodCode, resolveCode()V >"	3	1	"< Application, Ltoba/classfile/MethodCode, isResolved, <Primordial,Z> >"	5
"< Application, Ltoba/jit/Intel86, <clinit>()V >"	1	-1	"< Application, Ltoba/jit/Intel86, CND_b, <Primordial,I> >"	3
"< Application, Ltoba/jit/JITCodeGen, Prologue(Ltoba/classfile/Method;I)V >"	14	1	"< Application, Ltoba/jit/JITCodeGen, frame_size, <Primordial,I> >"	39
"< Application, Ltoba/classfile/Constant, load(Ljava/io/DataInputStream;)[Ltoba/classfile/Constant; >"	33	10	"< Application, Ltoba/classfile/Constant, value, <Application,Ljava/lang/Object> >"	31
"< Application, Ltoba/jit/JITCodeGen, <clinit>()V >"	68	-1	"< Application, Ltoba/jit/JITCodeGen, FA_geteltoffs, <Primordial,J> >"	50
"< Application, Ltoba/classfile/Method, <init>(Ltoba/classfile/ClassData;Ltoba/classfile/Field;)V >"	179	1	"< Application, Ltoba/classfile/Method, instrs, <Application,[Ltoba/classfile/Instr> >"	153
"< Application, Ltoba/translator/Trans, <clinit>()V >"	2	-1	"< Application, Ltoba/translator/Trans, dbgflag, <Primordial,[Z> >"	4
"< Application, Ltoba/jit/JITCodeGen, <clinit>()V >"	132	-1	"< Application, Ltoba/jit/JITCodeGen, FA_throwJITIntErr, <Primordial,J> >"	146
"< Application, Ltoba/jit/CodeBlock, setByteOffs(I)V >"	13	1	"< Application, Ltoba/jit/CodeBlock, numCodeBytes, <Primordial,I> >"	2
"< Application, Ltoba/classfile/MethodCode, <clinit>()V >"	0	-1	"< Application, Ltoba/classfile/MethodCode, TMIT_LAST_ENUM, <Primordial,I> >"	2
"< Application, Ltoba/translator/Trans, options([Ljava/lang/String;)V >"	39	-1	"< Application, Ltoba/translator/Trans, retobaapi, <Primordial,Z> >"	12
"< Application, Ltoba/classfile/Instr, <init>([BI[Ltoba/classfile/Constant;)V >"	148	1	"< Application, Ltoba/classfile/Instr, more, <Primordial,[I> >"	53
"< Application, Ltoba/translator/CFile, supers(Ljava/io/PrintWriter;Ltoba/classfile/ClassData;)V >"	16	-1	"< Application, Ltoba/translator/CFile, nsupers, <Primordial,I> >"	28
"< Application, Ltoba/jit/BackpatchInfo, <init>(ILtoba/classfile/Instr;Ljava/lang/Object;ILjava/lang/Object;)V >"	11	1	"< Application, Ltoba/jit/BackpatchInfo, next, <Application,Ltoba/jit/BackpatchInfo> >"	10
"< Application, Ltoba/classfile/Instr, <init>([BI[Ltoba/classfile/Constant;)V >"	120	1	"< Application, Ltoba/classfile/Instr, length, <Primordial,I> >"	86
"< Application, Ltoba/classfile/ClassData, <init>(Ljava/io/DataInputStream;)V >"	117	1	"< Application, Ltoba/classfile/ClassData, state, <Primordial,I> >"	33
"< Application, Ltoba/classfile/Constant, load(Ljava/io/DataInputStream;)[Ltoba/classfile/Constant; >"	7	10	"< Application, Ltoba/classfile/Constant, index, <Primordial,I> >"	61
"< Application, Ltoba/classfile/ClassData, <init>(Ljava/io/DataInputStream;)V >"	119	1	"< Application, Ltoba/classfile/ClassData, cdsrc, <Primordial,I> >"	33
"< Application, Ltoba/jit/BackpatchInfo, <init>(ILtoba/classfile/Instr;Ljava/lang/Object;ILjava/lang/Object;)V >"	10	1	"< Application, Ltoba/jit/BackpatchInfo, or, <Application,Ljava/lang/Object> >"	6
"< Application, Ltoba/classfile/ClassRef, resolveTo(Ljava/lang/Class;Ljava/lang/ClassLoader;)V >"	7	1	"< Application, Ltoba/classfile/ClassRef, loadedRefdClasses, <Application,Ljava/util/Hashtable> >"	7
"< Application, Ltoba/jit/BackpatchInfo, setInsSeqLen(I)V >"	0	1	"< Application, Ltoba/jit/BackpatchInfo, inseqlen, <Primordial,I> >"	2
"< Application, Ltoba/jit/MemoryRef, setScaleFactor(I)Ltoba/jit/MemoryRef; >"	25	1	"< Application, Ltoba/jit/MemoryRef, scalefact, <Primordial,I> >"	2
"< Application, Ltoba/jit/Intel86, setEStackBase(I)I >"	1	1	"< Application, Ltoba/jit/Intel86, eStackBase, <Primordial,I> >"	2
"< Application, Ltoba/classfile/MethodCode, <init>(Ltoba/classfile/Method;)V >"	1	1	"< Application, Ltoba/classfile/MethodCode, itype, <Primordial,I> >"	5
"< Application, Ltoba/translator/HFile, write(Ljava/io/PrintWriter;Ltoba/classfile/ClassData;)V >"	171	-1	"< Application, Ltoba/translator/HFile, hvnum, <Primordial,I> >"	37
"< Application, Ltoba/classfile/IHash, setInTranslator(Z)Z >"	1	-1	"< Application, Ltoba/classfile/IHash, inTranslator, <Primordial,Z> >"	1
"< Application, Ltoba/jit/Register, <clinit>()V >"	74	-1	"< Application, Ltoba/jit/Register, R_ST2, <Application,Ltoba/jit/Register> >"	72
"< Application, Ltoba/jit/JITCodeGen, Prologue(Ltoba/classfile/Method;I)V >"	9	1	"< Application, Ltoba/jit/JITCodeGen, overheadOffs, <Primordial,I> >"	15
"< Application, Ltoba/translator/Trans, options([Ljava/lang/String;)V >"	23	-1	"< Application, Ltoba/translator/Trans, needmain, <Primordial,Z> >"	3
"< Application, Ltoba/jit/JITCodeGen, EmitSyncWrapper(Ltoba/classfile/Method;)V >"	10	1	"< Application, Ltoba/jit/JITCodeGen, overheadSize, <Primordial,I> >"	16
"< Application, Ltoba/classfile/Opcode, op(IIIILjava/lang/String;Ljava/lang/String;II)V >"	6	10	"< Application, Ltoba/classfile/Opcode, kind, <Primordial,I> >"	3
"< Application, Ltoba/jit/Intel86, <clinit>()V >"	30	-1	"< Application, Ltoba/jit/Intel86, CND_nl, <Primordial,I> >"	23
"< Application, Ltoba/jit/JITCodeGen, <clinit>()V >"	92	-1	"< Application, Ltoba/jit/JITCodeGen, FA_longcmp, <Primordial,J> >"	86
"< Application, Ltoba/classfile/Constant, load(Ljava/io/DataInputStream;)[Ltoba/classfile/Constant; >"	158	98	"< Application, Ltoba/classfile/Constant, value, <Application,Ljava/lang/Object> >"	126
"< Application, Ltoba/jit/JITCodeGen, <clinit>()V >"	152	-1	"< Application, Ltoba/jit/JITCodeGen, IMM_4, <Application,Ltoba/jit/Immediate> >"	161
"< Application, Ltoba/jit/CodeBlock, doBackPatch(Ltoba/jit/BackpatchInfo;)V >"	464	2	"< Application, Ltoba/jit/BackpatchInfo, isDone, <Primordial,Z> >"	93
"< Application, Ltoba/jit/BackpatchInfo, <init>(ILtoba/classfile/Instr;Ljava/lang/Object;IJ)V >"	3	1	"< Application, Ltoba/jit/BackpatchInfo, ins, <Application,Ltoba/classfile/Instr> >"	3
"< Application, Ltoba/classfile/ClassData, <init>(Ljava/io/DataInputStream;)V >"	16	1	"< Application, Ltoba/classfile/ClassData, access, <Primordial,I> >"	17
"< Application, Ltoba/classfile/Handler, <init>(IIILtoba/classfile/ClassRef;)V >"	2	1	"< Application, Ltoba/classfile/Handler, end, <Primordial,I> >"	3
"< Application, Ltoba/jit/Intel86, <clinit>()V >"	3	-1	"< Application, Ltoba/jit/Intel86, CND_nae, <Primordial,I> >"	4
"< Application, Ltoba/jit/JITCodeGen, <clinit>()V >"	128	-1	"< Application, Ltoba/jit/JITCodeGen, FA_timeNow, <Primordial,J> >"	140
"< Application, Ltoba/classfile/ClassData, buildMethodTables(Z)V >"	17	15	"< Application, Ltoba/classfile/Field, tableslot, <Primordial,I> >"	52
"< Application, Ltoba/translator/CFile, write(Ljava/io/PrintWriter;Ltoba/classfile/ClassData;)V >"	98	-1	"< Application, Ltoba/translator/CFile, strcount, <Primordial,I> >"	19
"< Application, Ltoba/jit/BackpatchInfo, <init>(ILtoba/classfile/Instr;Ljava/lang/Object;IJ)V >"	1	1	"< Application, Ltoba/jit/BackpatchInfo, isDone, <Primordial,Z> >"	9
"< Application, Ltoba/jit/JITCodeGen, <clinit>()V >"	104	-1	"< Application, Ltoba/jit/JITCodeGen, FA_longjmp, <Primordial,J> >"	104
"< Application, Ltoba/jit/JITCodeGen, <clinit>()V >"	40	-1	"< Application, Ltoba/jit/JITCodeGen, R_dh, <Application,Ltoba/jit/Register> >"	24
"< Application, Ltoba/classfile/Method, mark(ILjava/lang/String;I)V >"	9	9	"< Application, Ltoba/classfile/Instr, isTarget, <Primordial,Z> >"	13
"< Application, Ltoba/jit/JITCodeGen, <clinit>()V >"	162	-1	"< Application, Ltoba/jit/JITCodeGen, IO_class_flags, <Application,Ltoba/jit/Immediate> >"	167
"< Application, Ltoba/jit/CodeBlock, setCodeClassLoader(Ljava/lang/ClassLoader;)V >"	0	1	"< Application, Ltoba/jit/CodeBlock, codeClassLoader, <Application,Ljava/lang/ClassLoader> >"	2
"< Application, Ltoba/classfile/Opcode, op(IIIILjava/lang/String;Ljava/lang/String;II)V >"	9	10	"< Application, Ltoba/classfile/Opcode, name, <Application,Ljava/lang/String> >"	6
"< Application, Ltoba/jit/Register, <clinit>()V >"	32	-1	"< Application, Ltoba/jit/Register, R_esp, <Application,Ltoba/jit/Register> >"	44
"< Application, Ltoba/jit/JITCodeGen, <clinit>()V >"	241	-1	"< Application, Ltoba/jit/JITCodeGen, excOheadTotal, <Primordial,I> >"	244
"< Application, Ltoba/jit/CodeBlock, <init>(Ltoba/classfile/Method;I)V >"	23	1	"< Application, Ltoba/jit/CodeBlock, nBackPatches, <Primordial,I> >"	6
"< Application, Ltoba/translator/Trans, genmain(Ltoba/classfile/ClassData;)V >"	45	-1	"< Application, Ltoba/translator/Trans, needmain, <Primordial,Z> >"	4
"< Application, Ltoba/jit/MemoryRef, setRefSize(I)Ltoba/jit/MemoryRef; >"	11	1	"< Application, Ltoba/jit/MemoryRef, refsize, <Primordial,I> >"	2
"< Application, Ltoba/jit/Register, <clinit>()V >"	35	-1	"< Application, Ltoba/jit/Register, R_ebp, <Application,Ltoba/jit/Register> >"	46
"< Application, Ltoba/translator/Trans, options([Ljava/lang/String;)V >"	34	-1	"< Application, Ltoba/translator/Trans, okToInstallPkgClasses, <Primordial,Z> >"	3
"< Application, Ltoba/classfile/MethodCode, <init>(Ltoba/classfile/Method;)V >"	2	1	"< Application, Ltoba/classfile/MethodCode, mtentry, <Primordial,J> >"	6
"< Application, Ltoba/jit/CodeBlock, <init>(Ltoba/classfile/Method;I)V >"	2	1	"< Application, Ltoba/jit/CodeBlock, jumpFromNextInstr, <Primordial,Z> >"	6
"< Application, Ltoba/classfile/MethodCode, setMethodType(I)I >"	0	1	"< Application, Ltoba/classfile/MethodCode, itype, <Primordial,I> >"	2
"< Application, Ltoba/classfile/Instr, <init>([BI[Ltoba/classfile/Constant;)V >"	163	1	"< Application, Ltoba/classfile/Instr, con, <Application,Ltoba/classfile/Constant> >"	132
"< Application, Ltoba/jit/CodeBlock, setEpilogOffs()V >"	1	1	"< Application, Ltoba/jit/CodeBlock, epilogOffs, <Primordial,I> >"	3
"< Application, Ltoba/jit/Intel86, <clinit>()V >"	15	-1	"< Application, Ltoba/jit/Intel86, CND_na, <Primordial,I> >"	12
"< Application, Ltoba/jit/JITCodeGen, Prologue(Ltoba/classfile/Method;I)V >"	7	1	"< Application, Ltoba/jit/JITCodeGen, frame_size, <Primordial,I> >"	14
"< Application, Ltoba/jit/JITCodeGen, <clinit>()V >"	54	-1	"< Application, Ltoba/jit/JITCodeGen, R_ST6, <Application,Ltoba/jit/Register> >"	31
"< Application, Ltoba/jit/CodeBlock, expandArr(I)V >"	10	1	"< Application, Ltoba/jit/CodeBlock, codeBytes, <Primordial,[B> >"	4
"< Application, Ltoba/translator/CFile, hashgen(Ljava/io/PrintWriter;Ltoba/classfile/ClassData;)V >"	47	-1	"< Application, Ltoba/translator/CFile, hcols, <Primordial,I> >"	77
