"< Application, Ltoba/jit/Intel86, makeModRM(Ljava/lang/Object;Ljava/lang/Object;)[B >"	174	220	15	java_type_ref("<Application,Ltoba/jit/Register>")
"< Application, Ltoba/translator/InsGen, igen(Ljava/io/PrintWriter;Ltoba/classfile/Method;Ltoba/classfile/Instr;)V >"	121	1589	1588	java_type_ref("<Application,Ltoba/classfile/FieldRef>")
"< Application, Ltoba/jit/Intel86, makeModRM(Ljava/lang/Object;Ljava/lang/Object;)[B >"	159	214	15	java_type_ref("<Application,Ltoba/jit/Register>")
"< Application, Ltoba/jit/Intel86, FILD(Ljava/lang/Object;)[B >"	10	15	2	java_type_ref("<Application,Ltoba/jit/MemoryRef>")
"< Application, Ltoba/Lister, closeClassList([Ljava/lang/String;I)V >"	29	39	38	java_type_ref("<Primordial,Ljava/lang/String>")
"< Application, Ltoba/translator/InsGen, igen(Ljava/io/PrintWriter;Ltoba/classfile/Method;Ltoba/classfile/Instr;)V >"	75	1624	1623	java_type_ref("<Application,Ltoba/classfile/FieldRef>")
"< Application, Ltoba/classfile/ClassData, addSymFields([Ltoba/classfile/Field;)V >"	5	11	10	java_type_ref("<Application,Ltoba/classfile/Field>")
"< Application, Ltoba/translator/InsGen, igen(Ljava/io/PrintWriter;Ltoba/classfile/Method;Ltoba/classfile/Instr;)V >"	1057	159	158	java_type_ref("<Application,Ltoba/classfile/MethodRef>")
"< Application, Ltoba/classfile/Instr, nextStack()Ljava/lang/String; >"	45	169	168	java_type_ref("<Application,Ltoba/classfile/VariableRef>")
"< Application, Ltoba/translator/InsGen, igen(Ljava/io/PrintWriter;Ltoba/classfile/Method;Ltoba/classfile/Instr;)V >"	296	1306	1305	java_type_ref("<Application,Ltoba/classfile/ClassRef>")
"< Application, Ltoba/jit/JIT, main([Ljava/lang/String;)V >"	30	42	41	java_type_ref("<Application,Ltoba/jit/JITCodeGen>")
"< Application, Ltoba/classfile/Constant, load(Ljava/io/DataInputStream;)[Ltoba/classfile/Constant; >"	86	68	67	java_type_ref("<Primordial,Ljava/lang/Integer>")
"< Application, Ltoba/classfile/Method, <init>(Ltoba/classfile/ClassData;Ltoba/classfile/Field;)V >"	31	31	30	java_type_ref("<Application,Ltoba/classfile/ClassRef>")
"< Application, Ltoba/jit/JITCodeGen, EmitCode(Ltoba/classfile/Method;I)V >"	305	1352	1351	java_type_ref("<Application,Ltoba/classfile/VariableRef>")
"< Application, Ltoba/jit/Intel86, POP(Ljava/lang/Object;)[B >"	9	8	2	java_type_ref("<Application,Ltoba/jit/Register>")
"< Application, Ltoba/classfile/IHash, hashlist(Ljava/lang/ClassLoader;Ltoba/classfile/ClassRef;)[I >"	62	74	73	java_type_ref("<Primordial,Ljava/lang/Integer>")
"< Application, Ltoba/translator/CFile, emitStaticFinalInit(Ljava/io/PrintWriter;Ltoba/classfile/ClassData;)Z >"	106	166	165	java_type_ref("<Primordial,Ljava/lang/Integer>")
"< Application, Ltoba/translator/Repr, con(Ltoba/classfile/Method;Ltoba/classfile/Constant;)Ljava/lang/String; >"	3	95	94	java_type_ref("<Primordial,Ljava/lang/Integer>")
"< Application, Ltoba/classfile/Field, <init>(Ljava/io/DataInputStream;[Ltoba/classfile/Constant;)V >"	6	12	11	java_type_ref("<Primordial,Ljava/lang/String>")
"< Application, Ltoba/jit/Intel86, DEC(Ljava/lang/Object;)[B >"	2	7	2	java_type_ref("<Application,Ltoba/jit/Register>")
"< Application, Ltoba/classfile/Instr, argwords()I >"	5	11	10	java_type_ref("<Application,Ltoba/classfile/MethodRef>")
"< Application, Ltoba/classfile/ClassData, getByNameLoader(Ljava/lang/String;Ljava/lang/ClassLoader;)Ltoba/classfile/ClassData; >"	5	10	9	java_type_ref("<Primordial,Ljava/util/Hashtable>")
"< Application, Ltoba/Lister, closeClassList([Ljava/lang/String;I)V >"	109	142	141	java_type_ref("<Primordial,Ljava/lang/String>")
"< Application, Ltoba/jit/Intel86, makeModRM(Ljava/lang/Object;Ljava/lang/Object;)[B >"	177	208	14	java_type_ref("<Application,Ltoba/jit/Register>")
"< Application, Ltoba/translator/CFile, write(Ljava/io/PrintWriter;Ltoba/classfile/ClassData;)V >"	30	36	35	java_type_ref("<Application,Ltoba/classfile/ClassRef>")
"< Application, Ltoba/classfile/Attribute, <init>(Ljava/io/DataInputStream;[Ltoba/classfile/Constant;)V >"	4	10	9	java_type_ref("<Primordial,Ljava/lang/String>")
"< Application, Ltoba/Lister, closeClassList([Ljava/lang/String;I)V >"	82	109	108	java_type_ref("<Application,Ltoba/classfile/ClassRef>")
"< Application, Ltoba/jit/Intel86, valFFlag(Ljava/lang/Object;)I >"	0	4	2	java_type_ref("<Application,Ltoba/jit/MemoryRef>")
"< Application, Ltoba/classfile/ClassRef, bySignature(Ljava/lang/String;)Ltoba/classfile/ClassRef; >"	15	44	43	java_type_ref("<Application,Ltoba/classfile/ClassRef>")
"< Application, Ltoba/jit/JITCodeGen, EmitCode(Ltoba/classfile/Method;I)V >"	508	1039	1038	java_type_ref("<Application,Ltoba/classfile/ClassRef>")
"< Application, Ltoba/translator/InsGen, igen(Ljava/io/PrintWriter;Ltoba/classfile/Method;Ltoba/classfile/Instr;)V >"	1036	227	185	java_type_ref("<Application,Ltoba/classfile/MethodRef>")
"< Application, Ltoba/classfile/Method, <init>(Ltoba/classfile/ClassData;Ltoba/classfile/Field;)V >"	131	125	124	java_type_ref("<Application,Ltoba/classfile/ClassRef>")
"< Application, Ltoba/classfile/Instr, nextStack()Ljava/lang/String; >"	145	24	23	java_type_ref("<Application,Ltoba/classfile/MethodRef>")
"< Application, Ltoba/jit/Intel86, FISTP(Ljava/lang/Object;)[B >"	10	15	2	java_type_ref("<Application,Ltoba/jit/MemoryRef>")
"< Application, Ltoba/classfile/ClassRef, bySignature(Ljava/lang/String;)Ltoba/classfile/ClassRef; >"	10	49	48	java_type_ref("<Application,Ltoba/classfile/ClassRef>")
"< Application, Ltoba/jit/Intel86, SAR(Ljava/lang/Object;Ljava/lang/Object;)[B >"	15	14	2	java_type_ref("<Application,Ltoba/jit/Immediate>")
"< Application, Ltoba/classfile/ClassRef, bySignature(Ljava/lang/String;)Ltoba/classfile/ClassRef; >"	5	54	53	java_type_ref("<Application,Ltoba/classfile/ClassRef>")
"< Application, Ltoba/classfile/ClassRef, bySignature(Ljava/lang/String;)Ltoba/classfile/ClassRef; >"	30	29	28	java_type_ref("<Application,Ltoba/classfile/ClassRef>")
"< Application, Ltoba/jit/Intel86, valWFlag(Ljava/lang/Object;Ljava/lang/Object;)I >"	2	10	2	java_type_ref("<Application,Ltoba/jit/Register>")
"< Application, Ltoba/jit/JITCodeGen, EmitCode(Ltoba/classfile/Method;I)V >"	134	1594	1593	java_type_ref("<Primordial,Ljava/lang/Double>")
"< Application, Ltoba/jit/JITCodeGen, EmitCode(Ltoba/classfile/Method;I)V >"	1198	287	286	java_type_ref("<Application,Ltoba/classfile/MethodRef>")
"< Application, Ltoba/classfile/Constant, load(Ljava/io/DataInputStream;)[Ltoba/classfile/Constant; >"	135	105	104	java_type_ref("<Application,Ltoba/classfile/Pair>")
"< Application, Ltoba/jit/Intel86, valWFlag(Ljava/lang/Object;)I >"	2	22	2	java_type_ref("<Application,Ltoba/jit/MemoryRef>")
"< Application, Ltoba/Lister, listSystemClasses()V >"	18	49	48	java_type_ref("<Primordial,Ljava/util/zip/ZipEntry>")
"< Application, Ltoba/jit/CodeBlock, doBackPatch(Ltoba/jit/BackpatchInfo;)V >"	95	450	449	java_type_ref("<Application,Ltoba/classfile/FieldRef>")
"< Application, Ltoba/jit/Intel86, FLD(Ljava/lang/Object;)[B >"	0	4	2	java_type_ref("<Application,Ltoba/jit/MemoryRef>")
"< Application, Ltoba/jit/Intel86, CMP(Ljava/lang/Object;Ljava/lang/Object;)[B >"	5	26	3	java_type_ref("<Application,Ltoba/jit/Register>")
"< Application, Ltoba/jit/CodeBlock, doBackPatch(Ltoba/jit/BackpatchInfo;)V >"	158	390	389	java_type_ref("<Application,Ltoba/classfile/FieldRef>")
"< Application, Ltoba/jit/JITCodeGen, EmitCode(Ltoba/classfile/Method;I)V >"	1276	221	220	java_type_ref("<Application,Ltoba/classfile/MethodRef>")
"< Application, Ltoba/translator/InsGen, igen(Ljava/io/PrintWriter;Ltoba/classfile/Method;Ltoba/classfile/Instr;)V >"	254	1358	1357	java_type_ref("<Application,Ltoba/classfile/ClassRef>")
"< Application, Ltoba/jit/Intel86, makeModRM(Ljava/lang/Object;Ljava/lang/Object;)[B >"	180	205	15	java_type_ref("<Application,Ltoba/jit/Register>")
"< Application, Ltoba/jit/CodeBlock, doBackPatch(Ltoba/jit/BackpatchInfo;)V >"	221	309	308	java_type_ref("<Application,Ltoba/classfile/ClassRef>")
"< Application, Ltoba/jit/BackpatchInfo, toString()Ljava/lang/String; >"	24	46	45	java_type_ref("<Application,Ltoba/classfile/FieldRef>")
"< Application, Ltoba/classfile/ClassData, <init>(Ljava/io/DataInputStream;)V >"	48	50	49	java_type_ref("<Application,Ltoba/classfile/ClassRef>")
"< Application, Ltoba/jit/Intel86, FILD(Ljava/lang/Object;)[B >"	0	4	2	java_type_ref("<Application,Ltoba/jit/MemoryRef>")
"< Application, Ltoba/classfile/ClassData, getmethod(Ljava/lang/String;Z)Ltoba/classfile/Field; >"	3	9	8	java_type_ref("<Application,Ltoba/classfile/Field>")
"< Application, Ltoba/jit/JITCodeGen, EmitCode(Ltoba/classfile/Method;I)V >"	361	1328	1327	java_type_ref("<Application,Ltoba/classfile/ClassRef>")
"< Application, Ltoba/jit/Intel86, SHR(Ljava/lang/Object;Ljava/lang/Object;)[B >"	15	14	2	java_type_ref("<Application,Ltoba/jit/Immediate>")
"< Application, Ltoba/jit/JITCodeGen, EmitCode(Ltoba/classfile/Method;I)V >"	246	1472	1471	java_type_ref("<Application,Ltoba/classfile/VariableRef>")
"< Application, Ltoba/jit/CodeBlock, doBackPatch(Ltoba/jit/BackpatchInfo;)V >"	84	448	447	java_type_ref("<Application,Ltoba/classfile/Method>")
"< Application, Ltoba/translator/Repr, con(Ltoba/classfile/Method;Ltoba/classfile/Constant;)Ljava/lang/String; >"	34	28	27	java_type_ref("<Primordial,Ljava/lang/Number>")
"< Application, Ltoba/jit/CodeBlock, doBackPatch(Ltoba/jit/BackpatchInfo;)V >"	414	130	129	java_type_array(java_type_prim(java_prim_type_byte))
"< Application, Ltoba/jit/Intel86, ADC(Ljava/lang/Object;Ljava/lang/Object;)[B >"	3	24	2	java_type_ref("<Application,Ltoba/jit/Immediate>")
"< Application, Ltoba/classfile/IHash, collisions(Ljava/util/Vector;I)I >"	5	13	12	java_type_ref("<Application,Ltoba/classfile/Field>")
"< Application, Ltoba/jit/JITCodeGen, EmitCode(Ltoba/classfile/Method;I)V >"	115	1626	1625	java_type_ref("<Primordial,Ljava/lang/Integer>")
"< Application, Ltoba/classfile/Constant, load(Ljava/io/DataInputStream;)[Ltoba/classfile/Constant; >"	147	117	116	java_type_ref("<Primordial,Ljava/lang/String>")
"< Application, Ltoba/runtime/CodeGen, buildNativeClass(Ltoba/classfile/ClassData;Ljava/lang/ClassLoader;)Ljava/lang/Class; >"	68	71	70	java_type_ref("<Primordial,Ljava/lang/Float>")
"< Application, Ltoba/jit/Intel86, MOV(Ljava/lang/Object;Ljava/lang/Object;)[B >"	5	43	3	java_type_ref("<Application,Ltoba/jit/Register>")
"< Application, Ltoba/jit/JITCodeGen, EmitCode(Ltoba/classfile/Method;I)V >"	613	985	984	java_type_ref("<Application,Ltoba/classfile/ClassRef>")
"< Application, Ltoba/jit/CodeBlock, doBackPatch(Ltoba/jit/BackpatchInfo;)V >"	363	151	150	java_type_ref("<Application,Ltoba/classfile/FieldRef>")
"< Application, Ltoba/runtime/CodeGen, buildNativeClass(Ltoba/classfile/ClassData;Ljava/lang/ClassLoader;)Ljava/lang/Class; >"	63	66	65	java_type_ref("<Primordial,Ljava/lang/Long>")
"< Application, Ltoba/classfile/Field, <init>(Ljava/io/DataInputStream;[Ltoba/classfile/Constant;)V >"	11	17	16	java_type_ref("<Primordial,Ljava/lang/String>")
"< Application, Ltoba/jit/Intel86, SBB(Ljava/lang/Object;Ljava/lang/Object;)[B >"	3	24	2	java_type_ref("<Application,Ltoba/jit/Immediate>")
"< Application, Ltoba/classfile/Constant, load(Ljava/io/DataInputStream;)[Ltoba/classfile/Constant; >"	117	88	87	java_type_ref("<Primordial,Ljava/lang/String>")
"< Application, Ltoba/jit/CodeBlock, doBackPatch(Ltoba/jit/BackpatchInfo;)V >"	207	340	339	java_type_ref("<Application,Ltoba/classfile/FieldRef>")
"< Application, Ltoba/jit/Intel86, SHL(Ljava/lang/Object;Ljava/lang/Object;)[B >"	15	14	2	java_type_ref("<Application,Ltoba/jit/Immediate>")
"< Application, Ltoba/runtime/CodeGen, internStrings(Ljava/lang/Class;)[Ljava/lang/String; >"	27	28	27	java_type_ref("<Primordial,Ljava/lang/String>")
"< Application, Ltoba/jit/CodeBlock, doBackPatch(Ltoba/jit/BackpatchInfo;)V >"	419	83	82	java_type_ref("<Application,Ltoba/classfile/Method>")
"< Application, Ltoba/translator/Repr, con(Ltoba/classfile/Method;Ltoba/classfile/Constant;)Ljava/lang/String; >"	11	61	60	java_type_ref("<Primordial,Ljava/lang/Long>")
"< Application, Ltoba/classfile/Constant, load(Ljava/io/DataInputStream;)[Ltoba/classfile/Constant; >"	139	109	108	java_type_ref("<Application,Ltoba/classfile/ClassRef>")
"< Application, Ltoba/translator/Trans, doname(Ljava/lang/String;)V >"	5	13	12	java_type_ref("<Primordial,Ljava/lang/String>")
"< Application, Ltoba/jit/Intel86, JMP(Ljava/lang/Object;)[B >"	18	9	2	java_type_ref("<Application,Ltoba/jit/Register>")
"< Application, Ltoba/jit/Intel86, Jcc(ILjava/lang/Object;)[B >"	0	5	3	java_type_ref("<Application,Ltoba/jit/Immediate>")
"< Application, Ltoba/jit/Intel86, makeModRM(Ljava/lang/Object;Ljava/lang/Object;)[B >"	172	217	14	java_type_ref("<Application,Ltoba/jit/Register>")
"< Application, Ltoba/translator/InsGen, igen(Ljava/io/PrintWriter;Ltoba/classfile/Method;Ltoba/classfile/Instr;)V >"	1010	185	184	java_type_ref("<Application,Ltoba/classfile/FieldRef>")
"< Application, Ltoba/jit/Intel86, XOR(Ljava/lang/Object;Ljava/lang/Object;)[B >"	5	26	3	java_type_ref("<Application,Ltoba/jit/Register>")
"< Application, Ltoba/jit/CodeBlock, doBackPatch(Ltoba/jit/BackpatchInfo;)V >"	76	442	441	java_type_ref("<Application,Ltoba/classfile/FieldRef>")
"< Application, Ltoba/translator/CFile, emitStaticFinalInit(Ljava/io/PrintWriter;Ltoba/classfile/ClassData;)Z >"	34	51	50	java_type_ref("<Primordial,Ljava/lang/Long>")
"< Application, Ltoba/jit/Intel86, FADDP(Ljava/lang/Object;)[B >"	11	9	2	java_type_ref("<Application,Ltoba/jit/Register>")
"< Application, Ltoba/jit/CodeBlock, doBackPatch(Ltoba/jit/BackpatchInfo;)V >"	6	54	53	java_type_ref("<Application,Ltoba/classfile/FieldRef>")
"< Application, Ltoba/jit/Intel86, TEST(Ljava/lang/Object;Ljava/lang/Object;)[B >"	3	21	2	java_type_ref("<Application,Ltoba/jit/Immediate>")
"< Application, Ltoba/classfile/Constant, load(Ljava/io/DataInputStream;)[Ltoba/classfile/Constant; >"	113	83	82	java_type_ref("<Primordial,Ljava/lang/Integer>")
"< Application, Ltoba/jit/JITCodeGen, EmitCode(Ltoba/classfile/Method;I)V >"	1296	165	164	java_type_ref("<Application,Ltoba/classfile/FieldRef>")
"< Application, Ltoba/classfile/ClassRef, findRefdClass(Ljava/lang/ClassLoader;)Ljava/lang/Class; >"	7	9	8	java_type_ref("<Primordial,Ljava/lang/Class>")
"< Application, Ltoba/translator/CFile, emitStaticFinalInit(Ljava/io/PrintWriter;Ltoba/classfile/ClassData;)Z >"	114	177	176	java_type_ref("<Primordial,Ljava/lang/String>")
"< Application, Ltoba/jit/Intel86, OpType(Ljava/lang/Object;)I >"	4	19	1	java_type_ref("<Application,Ltoba/jit/Register>")
"< Application, Ltoba/translator/InsGen, igen(Ljava/io/PrintWriter;Ltoba/classfile/Method;Ltoba/classfile/Instr;)V >"	1091	154	113	java_type_ref("<Application,Ltoba/classfile/MethodRef>")
"< Application, Ltoba/jit/Intel86, valWFlag(Ljava/lang/Object;)I >"	7	18	2	java_type_ref("<Application,Ltoba/jit/Register>")
"< Application, Ltoba/jit/Intel86, OR(Ljava/lang/Object;Ljava/lang/Object;)[B >"	3	24	2	java_type_ref("<Application,Ltoba/jit/Immediate>")
"< Application, Ltoba/runtime/SystemClassLoader, loadClass(Ljava/lang/String;Z)Ljava/lang/Class; >"	3	11	10	java_type_ref("<Primordial,Ljava/lang/Class>")
"< Application, Ltoba/jit/JITCodeGen, EmitCode(Ltoba/classfile/Method;I)V >"	234	1485	1484	java_type_ref("<Application,Ltoba/classfile/VariableRef>")
"< Application, Ltoba/translator/CFile, strref(Ltoba/classfile/Constant;)I >"	10	12	11	java_type_ref("<Primordial,Ljava/lang/String>")
"< Application, Ltoba/jit/Intel86, JMPn(Ljava/lang/Object;)[B >"	0	4	2	java_type_ref("<Application,Ltoba/jit/Immediate>")
"< Application, Ltoba/runtime/CodeGen, buildNativeClass(Ltoba/classfile/ClassData;Ljava/lang/ClassLoader;)Ljava/lang/Class; >"	74	78	77	java_type_ref("<Primordial,Ljava/lang/Double>")
"< Application, Ltoba/translator/InsGen, igen(Ljava/io/PrintWriter;Ltoba/classfile/Method;Ltoba/classfile/Instr;)V >"	1046	175	169	java_type_ref("<Application,Ltoba/classfile/MethodRef>")
"< Application, Ltoba/runtime/CodeGen, buildNativeClass(Ltoba/classfile/ClassData;Ljava/lang/ClassLoader;)Ljava/lang/Class; >"	80	85	84	java_type_ref("<Primordial,Ljava/lang/Integer>")
"< Application, Ltoba/translator/CFile, emitStaticFinalInit(Ljava/io/PrintWriter;Ltoba/classfile/ClassData;)Z >"	66	102	101	java_type_ref("<Primordial,Ljava/lang/Float>")
"< Application, Ltoba/classfile/ClassData, <init>(Ljava/io/DataInputStream;)V >"	21	23	22	java_type_ref("<Application,Ltoba/classfile/ClassRef>")
"< Application, Ltoba/jit/Intel86, FDIVRP(Ljava/lang/Object;)[B >"	11	9	2	java_type_ref("<Application,Ltoba/jit/Register>")
"< Application, Ltoba/translator/InsGen, igen(Ljava/io/PrintWriter;Ltoba/classfile/Method;Ltoba/classfile/Instr;)V >"	201	1469	1468	java_type_ref("<Application,Ltoba/classfile/ClassRef>")
"< Application, Ltoba/translator/InsGen, igen(Ljava/io/PrintWriter;Ltoba/classfile/Method;Ltoba/classfile/Instr;)V >"	183	1497	1496	java_type_ref("<Application,Ltoba/classfile/ClassRef>")
"< Application, Ltoba/jit/CodeBlock, doBackPatch(Ltoba/jit/BackpatchInfo;)V >"	33	32	31	java_type_ref("<Application,Ltoba/classfile/ClassRef>")
"< Application, Ltoba/jit/Intel86, XOR(Ljava/lang/Object;Ljava/lang/Object;)[B >"	3	24	2	java_type_ref("<Application,Ltoba/jit/Immediate>")
"< Application, Ltoba/jit/Intel86, valSFlag(Ljava/lang/Object;)I >"	0	4	2	java_type_ref("<Application,Ltoba/jit/Immediate>")
"< Application, Ltoba/translator/Trans, doname(Ljava/lang/String;)V >"	136	190	189	java_type_ref("<Application,Ltoba/classfile/ClassRef>")
"< Application, Ltoba/jit/Intel86, Jccn(ILjava/lang/Object;)[B >"	0	5	3	java_type_ref("<Application,Ltoba/jit/Immediate>")
"< Application, Ltoba/jit/Intel86, PUSH(Ljava/lang/Object;)[B >"	9	28	2	java_type_ref("<Application,Ltoba/jit/Register>")
"< Application, Ltoba/jit/JITCodeGen, EmitCode(Ltoba/classfile/Method;I)V >"	1247	244	243	java_type_ref("<Application,Ltoba/classfile/MethodRef>")
"< Application, Ltoba/jit/JITCodeGen, EmitCode(Ltoba/classfile/Method;I)V >"	444	1257	1256	java_type_ref("<Application,Ltoba/classfile/ClassRef>")
"< Application, Ltoba/jit/JITCodeGen, EmitCode(Ltoba/classfile/Method;I)V >"	1260	262	261	java_type_ref("<Application,Ltoba/classfile/MethodRef>")
"< Application, Ltoba/jit/Intel86, CMP(Ljava/lang/Object;Ljava/lang/Object;)[B >"	3	24	2	java_type_ref("<Application,Ltoba/jit/Immediate>")
"< Application, Ltoba/jit/CodeBlock, doBackPatch(Ltoba/jit/BackpatchInfo;)V >"	376	149	148	java_type_ref("<Application,Ltoba/classfile/ClassRef>")
"< Application, Ltoba/jit/Intel86, makeModRM(Ljava/lang/Object;Ljava/lang/Object;)[B >"	7	21	15	java_type_ref("<Application,Ltoba/jit/MemoryRef>")
"< Application, Ltoba/jit/Intel86, FSTP(Ljava/lang/Object;)[B >"	0	4	2	java_type_ref("<Application,Ltoba/jit/MemoryRef>")
"< Application, Ltoba/jit/JITCodeGen, EmitCode(Ltoba/classfile/Method;I)V >"	139	1590	1589	java_type_ref("<Primordial,Ljava/lang/Long>")
"< Application, Ltoba/classfile/IHash, <init>(Ltoba/classfile/ClassData;)V >"	27	34	33	java_type_ref("<Application,Ltoba/classfile/Field>")
"< Application, Ltoba/jit/Intel86, FLDCW(Ljava/lang/Object;)[B >"	0	4	2	java_type_ref("<Application,Ltoba/jit/MemoryRef>")
"< Application, Ltoba/translator/CFile, strref(Ltoba/classfile/Constant;)I >"	14	17	16	java_type_ref("<Primordial,Ljava/lang/String>")
"< Application, Ltoba/jit/Intel86, MOV(Ljava/lang/Object;Ljava/lang/Object;)[B >"	3	24	2	java_type_ref("<Application,Ltoba/jit/Immediate>")
"< Application, Ltoba/jit/Intel86, AND(Ljava/lang/Object;Ljava/lang/Object;)[B >"	3	24	2	java_type_ref("<Application,Ltoba/jit/Immediate>")
"< Application, Ltoba/classfile/Constant, load(Ljava/io/DataInputStream;)[Ltoba/classfile/Constant; >"	143	113	112	java_type_ref("<Primordial,Ljava/lang/String>")
"< Application, Ltoba/classfile/ClassRef, byName(Ljava/lang/String;)Ltoba/classfile/ClassRef; >"	3	8	7	java_type_ref("<Application,Ltoba/classfile/ClassRef>")
"< Application, Ltoba/classfile/Instr, nextStack()Ljava/lang/String; >"	55	159	158	java_type_ref("<Application,Ltoba/classfile/VariableRef>")
"< Application, Ltoba/classfile/ClassData, <init>(Ljava/io/DataInputStream;)V >"	35	37	36	java_type_ref("<Application,Ltoba/classfile/ClassRef>")
"< Application, Ltoba/runtime/CodeGen, referencedClasses(Ljava/lang/Class;Ljava/lang/ClassLoader;)[J >"	8	16	15	java_type_ref("<Application,Ltoba/classfile/ClassRef>")
"< Application, Ltoba/classfile/ClassData, buildMethodTables(Z)V >"	32	26	25	java_type_ref("<Application,Ltoba/classfile/Field>")
"< Application, Ltoba/runtime/Resolve, resolveClass(Ltoba/classfile/ClassData;Ljava/lang/ClassLoader;)V >"	26	29	28	java_type_ref("<Application,Ltoba/classfile/ClassRef>")
"< Application, Ltoba/jit/Intel86, SUB(Ljava/lang/Object;Ljava/lang/Object;)[B >"	5	26	3	java_type_ref("<Application,Ltoba/jit/Register>")
"< Application, Ltoba/classfile/ClassData, buildVariableTables(Z)V >"	5	13	12	java_type_ref("<Primordial,Ljava/util/Hashtable>")
"< Application, Ltoba/translator/InsGen, igen(Ljava/io/PrintWriter;Ltoba/classfile/Method;Ltoba/classfile/Instr;)V >"	1056	158	157	java_type_ref("<Application,Ltoba/classfile/FieldRef>")
"< Application, Ltoba/jit/Intel86, SBB(Ljava/lang/Object;Ljava/lang/Object;)[B >"	5	26	3	java_type_ref("<Application,Ltoba/jit/Register>")
"< Application, Ltoba/jit/Intel86, JMP(Ljava/lang/Object;)[B >"	3	43	2	java_type_ref("<Application,Ltoba/jit/Immediate>")
"< Application, Ltoba/translator/InsGen, igen(Ljava/io/PrintWriter;Ltoba/classfile/Method;Ltoba/classfile/Instr;)V >"	1041	169	168	java_type_ref("<Application,Ltoba/classfile/FieldRef>")
"< Application, Ltoba/classfile/ClassData, addByNameLoader(Ljava/lang/String;Ljava/lang/ClassLoader;Ltoba/classfile/ClassData;)V >"	5	11	10	java_type_ref("<Primordial,Ljava/util/Hashtable>")
"< Application, Ltoba/jit/JITCodeGen, EmitCode(Ltoba/classfile/Method;I)V >"	258	1417	1416	java_type_ref("<Application,Ltoba/classfile/VariableRef>")
"< Application, Ltoba/jit/Intel86, FMULP(Ljava/lang/Object;)[B >"	11	9	2	java_type_ref("<Application,Ltoba/jit/Register>")
"< Application, Ltoba/jit/JITCodeGen, Initialize()V >"	2	5	4	java_type_ref("<Application,Ltoba/jit/JITCodeGen>")
"< Application, Ltoba/translator/CFile, others(Ljava/io/PrintWriter;Ltoba/classfile/ClassData;)V >"	10	17	16	java_type_ref("<Application,Ltoba/classfile/ClassRef>")
"< Application, Ltoba/translator/InsGen, igen(Ljava/io/PrintWriter;Ltoba/classfile/Method;Ltoba/classfile/Instr;)V >"	145	1551	1550	java_type_ref("<Application,Ltoba/classfile/FieldRef>")
"< Application, Ltoba/jit/JITCodeGen, EmitCode(Ltoba/classfile/Method;I)V >"	394	1288	1287	java_type_ref("<Application,Ltoba/classfile/ClassRef>")
"< Application, Ltoba/classfile/ClassData, getByNameLoader(Ljava/lang/String;Ljava/lang/ClassLoader;)Ltoba/classfile/ClassData; >"	8	13	12	java_type_ref("<Application,Ltoba/classfile/ClassData>")
"< Application, Ltoba/runtime/Resolve, resolveClass(Ltoba/classfile/ClassData;Ljava/lang/ClassLoader;)V >"	38	39	38	java_type_ref("<Application,Ltoba/classfile/Method>")
"< Application, Ltoba/jit/Intel86, valSFlag(Ljava/lang/Object;)I >"	8	11	2	java_type_ref("<Application,Ltoba/jit/Immediate>")
"< Application, Ltoba/jit/JITCodeGen, generateCode(Ljava/lang/Class;Ltoba/classfile/Method;)Ltoba/classfile/MethodCode; >"	17	15	14	java_type_ref("<Application,Ltoba/jit/Intel86>")
"< Application, Ltoba/jit/Intel86, PUSH(Ljava/lang/Object;)[B >"	5	40	2	java_type_ref("<Application,Ltoba/jit/Immediate>")
"< Application, Ltoba/translator/InsGen, igen(Ljava/io/PrintWriter;Ltoba/classfile/Method;Ltoba/classfile/Instr;)V >"	1067	113	112	java_type_ref("<Application,Ltoba/classfile/FieldRef>")
"< Application, Ltoba/classfile/ClassRef, bySignature(Ljava/lang/String;)Ltoba/classfile/ClassRef; >"	20	39	38	java_type_ref("<Application,Ltoba/classfile/ClassRef>")
"< Application, Ltoba/jit/Intel86, INC(Ljava/lang/Object;)[B >"	2	7	2	java_type_ref("<Application,Ltoba/jit/Register>")
"< Application, Ltoba/jit/JIT, main([Ljava/lang/String;)V >"	43	62	61	java_type_ref("<Application,Ltoba/classfile/Method>")
"< Application, Ltoba/jit/Intel86, SUB(Ljava/lang/Object;Ljava/lang/Object;)[B >"	3	24	2	java_type_ref("<Application,Ltoba/jit/Immediate>")
"< Application, Ltoba/classfile/ClassRef, bySignature(Ljava/lang/String;)Ltoba/classfile/ClassRef; >"	25	34	33	java_type_ref("<Application,Ltoba/classfile/ClassRef>")
"< Application, Ltoba/jit/Intel86, ADD(Ljava/lang/Object;Ljava/lang/Object;)[B >"	5	24	3	java_type_ref("<Application,Ltoba/jit/Register>")
"< Application, Ltoba/jit/Intel86, FSUBRP(Ljava/lang/Object;)[B >"	11	9	2	java_type_ref("<Application,Ltoba/jit/Register>")
"< Application, Ltoba/jit/Intel86, TEST(Ljava/lang/Object;Ljava/lang/Object;)[B >"	5	23	3	java_type_ref("<Application,Ltoba/jit/Register>")
"< Application, Ltoba/jit/Intel86, ADD(Ljava/lang/Object;Ljava/lang/Object;)[B >"	3	22	2	java_type_ref("<Application,Ltoba/jit/Immediate>")
"< Application, Ltoba/jit/JITCodeGen, EmitCode(Ltoba/classfile/Method;I)V >"	110	1630	1629	java_type_ref("<Primordial,Ljava/lang/Float>")
"< Application, Ltoba/jit/Intel86, AND(Ljava/lang/Object;Ljava/lang/Object;)[B >"	5	26	3	java_type_ref("<Application,Ltoba/jit/Register>")
"< Application, Ltoba/translator/CFile, emitStaticFinalInit(Ljava/io/PrintWriter;Ltoba/classfile/ClassData;)Z >"	84	131	130	java_type_ref("<Primordial,Ljava/lang/Double>")
"< Application, Ltoba/runtime/CodeGen, referencedClasses(Ljava/lang/Class;Ljava/lang/ClassLoader;)[J >"	27	33	32	java_type_ref("<Application,Ltoba/classfile/ClassRef>")
"< Application, Ltoba/classfile/ClassRef, bySignature(Ljava/lang/String;)Ltoba/classfile/ClassRef; >"	35	24	23	java_type_ref("<Application,Ltoba/classfile/ClassRef>")
"< Application, Ltoba/classfile/Constant, load(Ljava/io/DataInputStream;)[Ltoba/classfile/Constant; >"	131	101	100	java_type_ref("<Application,Ltoba/classfile/Pair>")
"< Application, Ltoba/jit/Intel86, CALL(Ljava/lang/Object;)[B >"	3	29	2	java_type_ref("<Application,Ltoba/jit/Immediate>")
"< Application, Ltoba/classfile/ClassRef, bySignature(Ljava/lang/String;)Ltoba/classfile/ClassRef; >"	40	19	18	java_type_ref("<Application,Ltoba/classfile/ClassRef>")
"< Application, Ltoba/jit/Intel86, OR(Ljava/lang/Object;Ljava/lang/Object;)[B >"	5	26	3	java_type_ref("<Application,Ltoba/jit/Register>")
"< Application, Ltoba/translator/CFile, gfloats(Ljava/io/PrintWriter;[Ltoba/classfile/Constant;)V >"	10	14	13	java_type_ref("<Primordial,Ljava/lang/Number>")
"< Application, Ltoba/jit/Intel86, FNSTCW(Ljava/lang/Object;)[B >"	0	4	2	java_type_ref("<Application,Ltoba/jit/MemoryRef>")
"< Application, Ltoba/jit/BackpatchInfo, toString()Ljava/lang/String; >"	35	36	35	java_type_ref("<Application,Ltoba/classfile/ClassRef>")
"< Application, Ltoba/jit/Intel86, FISTP(Ljava/lang/Object;)[B >"	0	4	2	java_type_ref("<Application,Ltoba/jit/MemoryRef>")
"< Application, Ltoba/jit/Intel86, makeModRM(Ljava/lang/Object;Ljava/lang/Object;)[B >"	157	211	14	java_type_ref("<Application,Ltoba/jit/Register>")
"< Application, Ltoba/translator/InsGen, igen(Ljava/io/PrintWriter;Ltoba/classfile/Method;Ltoba/classfile/Instr;)V >"	168	1527	1526	java_type_ref("<Application,Ltoba/classfile/ClassRef>")
"< Application, Ltoba/jit/Intel86, ADC(Ljava/lang/Object;Ljava/lang/Object;)[B >"	5	26	3	java_type_ref("<Application,Ltoba/jit/Register>")
