"< Application, Ltoba/translator/CFile, write(Ljava/io/PrintWriter;Ltoba/classfile/ClassData;)V >"	61	"bb69"
"< Application, Ltoba/translator/CFile, write(Ljava/io/PrintWriter;Ltoba/classfile/ClassData;)V >"	5	"bb19"
"< Application, Ltoba/classfile/ClassData, buildMethodTables(Z)V >"	97	"bb94"
"< Application, Ltoba/jit/JITCodeGen, EmitIfCmp(Ltoba/classfile/Instr;Ltoba/classfile/Method;)V >"	43	"bb37"
"< Application, Ltoba/classfile/Instr, argstring(Ljava/lang/String;)Ljava/lang/String; >"	27	"bb42"
"< Application, Ltoba/classfile/Method, <init>(Ltoba/classfile/ClassData;Ltoba/classfile/Field;)V >"	209	"bb199"
"< Application, Ltoba/translator/Trans, options([Ljava/lang/String;)V >"	21	"bb37"
"< Application, Ltoba/translator/MethGen, lvinits(Ljava/io/PrintWriter;Ltoba/classfile/Method;)V >"	7	"bb32"
"< Application, Ltoba/translator/CFile, hashgen(Ljava/io/PrintWriter;Ltoba/classfile/ClassData;)V >"	10	"bb35"
"< Application, Ltoba/jit/JITCodeGen, EmitUnOp(Ltoba/classfile/Instr;)V >"	52	"bb154"
"< Application, Ltoba/jit/Intel86, makeModRM(Ljava/lang/Object;Ljava/lang/Object;)[B >"	233	"bb168"
"< Application, Ltoba/jit/JITCodeGen, Prologue(Ltoba/classfile/Method;I)V >"	19	"bb34"
"< Application, Ltoba/jit/Intel86, AND(Ljava/lang/Object;Ljava/lang/Object;)[B >"	15	"bb17"
"< Application, Ltoba/jit/Intel86, makeModRM(Ljava/lang/Object;Ljava/lang/Object;)[B >"	32	"bb32"
"< Application, Ltoba/classfile/Method, sigscan()V >"	32	"bb41"
"< Application, Ltoba/jit/CodeBlock, reserveCode(ILtoba/classfile/Instr;Ljava/lang/Object;J)Ltoba/jit/BackpatchInfo; >"	5	"bb22"
"< Application, Ltoba/classfile/Method, <init>(Ltoba/classfile/ClassData;Ltoba/classfile/Field;)V >"	182	"bb185"
"< Application, Ltoba/classfile/Instr, <init>([BI[Ltoba/classfile/Constant;)V >"	98	"bb118"
"< Application, Ltoba/translator/MethGen, parmdecls(Ltoba/classfile/Method;)Ljava/lang/String; >"	26	"bb31"
"< Application, Ltoba/translator/HFile, ivfield(Ljava/io/PrintWriter;Ltoba/classfile/ClassData;)V >"	11	"bb20"
"< Application, Ltoba/jit/CodeBlock, reserveCode(ILtoba/classfile/Instr;Ljava/lang/Object;Ljava/lang/Object;)Ltoba/jit/BackpatchInfo; >"	9	"bb21"
"< Application, Ltoba/translator/CFile, cltables(Ljava/io/PrintWriter;Ltoba/classfile/ClassData;)V >"	115	"bb161"
"< Application, Ltoba/classfile/Instr, toString()Ljava/lang/String; >"	58	"bb65"
"< Application, Ltoba/classfile/Constant, load(Ljava/io/DataInputStream;)[Ltoba/classfile/Constant; >"	18	"bb23"
"< Application, Ltoba/translator/CFile, write(Ljava/io/PrintWriter;Ltoba/classfile/ClassData;)V >"	126	"bb115"
"< Application, Ltoba/InstallClassFile, main([Ljava/lang/String;)V >"	40	"bb46"
"< Application, Ltoba/classfile/Method, mark(ILjava/lang/String;I)V >"	91	"bb91"
"< Application, Ltoba/classfile/ClassRef, bySignature(Ljava/lang/String;)Ltoba/classfile/ClassRef; >"	11	"bb31"
"< Application, Ltoba/runtime/CodeGen, buildNativeClass(Ltoba/classfile/ClassData;Ljava/lang/ClassLoader;)Ljava/lang/Class; >"	66	"bb91"
"< Application, Ltoba/classfile/Instr, nextStack()Ljava/lang/String; >"	42	"bb151"
"< Application, Ltoba/runtime/Resolve, resolveClass(Ltoba/classfile/ClassData;Ljava/lang/ClassLoader;)V >"	19	"bb26"
"< Application, Ltoba/translator/InsGen, igen(Ljava/io/PrintWriter;Ltoba/classfile/Method;Ltoba/classfile/Instr;)V >"	225	"bb236"
"< Application, Ltoba/runtime/CodeGen, setSpecialMethods(Ljava/lang/Class;)V >"	45	"bb57"
"< Application, Ltoba/translator/HFile, write(Ljava/io/PrintWriter;Ltoba/classfile/ClassData;)V >"	24	"bb36"
"< Application, Ltoba/runtime/CodeGen, buildNativeClass(Ltoba/classfile/ClassData;Ljava/lang/ClassLoader;)Ljava/lang/Class; >"	78	"bb91"
"< Application, Ltoba/classfile/ClassFile, open(Ljava/lang/String;Ljava/lang/String;)Ltoba/classfile/ClassFile; >"	47	"bb64"
"< Application, Ltoba/Lister, closeClassList([Ljava/lang/String;I)V >"	21	"bb23"
"< Application, Ltoba/jit/Intel86, FLD(Ljava/lang/Object;)[B >"	1	"bb10"
"< Application, Ltoba/translator/HFile, argtypes(Ltoba/classfile/Field;)Ljava/lang/String; >"	30	"bb33"
"< Application, Ltoba/jit/Intel86, JMPn(Ljava/lang/Object;)[B >"	1	"bb6"
"< Application, Ltoba/jit/Immediate, toString()Ljava/lang/String; >"	3	"bb7"
"< Application, Ltoba/jit/JITCodeGen, EmitIfCmp(Ltoba/classfile/Instr;Ltoba/classfile/Method;)V >"	48	"bb37"
"< Application, Ltoba/runtime/CodeGen, interfaces(Ljava/lang/Class;)[J >"	9	"bb25"
"< Application, Ltoba/runtime/CodeGen, instanceOffsets(Ljava/lang/Class;)[I >"	31	"bb41"
"< Application, Ltoba/translator/CFile, cltables(Ljava/io/PrintWriter;Ltoba/classfile/ClassData;)V >"	155	"bb156"
"< Application, Ltoba/classfile/ClassData, buildVariableTables(Z)V >"	16	"bb54"
"< Application, Ltoba/classfile/IHash, mark(Ljava/lang/ClassLoader;Ltoba/classfile/ClassData;)V >"	0	"bb30"
"< Application, Ltoba/InstallClassFile, main([Ljava/lang/String;)V >"	12	"bb14"
"< Application, Ltoba/classfile/ClassData, buildMethodTables(Z)V >"	25	"bb65"
"< Application, Ltoba/translator/InsGen, ckinstance(Ltoba/classfile/Instr;Ljava/lang/String;)Ljava/lang/String; >"	35	"bb38"
"< Application, Ltoba/classfile/Instr, argwords(Ljava/lang/String;)I >"	19	"bb27"
"< Application, Ltoba/runtime/SystemClassLoader, loadPrimitiveClass(C)Ljava/lang/Class; >"	14	"bb21"
"< Application, Ltoba/jit/Intel86, AND(Ljava/lang/Object;Ljava/lang/Object;)[B >"	10	"bb13"
"< Application, Ltoba/jit/Intel86, makeModRM(Ljava/lang/Object;Ljava/lang/Object;)[B >"	15	"bb18"
"< Application, Ltoba/jit/JITCodeGen, EmitUnOp(Ltoba/classfile/Instr;)V >"	16	"bb25"
"< Application, Ltoba/jit/JITCodeGen, EmitBinOp(Ltoba/classfile/Instr;)V >"	85	"bb195"
"< Application, Ltoba/jit/Intel86, makeModRM(Ljava/lang/Object;Ljava/lang/Object;)[B >"	68	"bb108"
"< Application, Ltoba/translator/InsGen, igen(Ljava/io/PrintWriter;Ltoba/classfile/Method;Ltoba/classfile/Instr;)V >"	298	"bb295"
"< Application, Ltoba/jit/CodeBlock, doBackPatch(Ltoba/jit/BackpatchInfo;)V >"	246	"bb403"
"< Application, Ltoba/jit/Intel86, makeByteArray(Ltoba/jit/Immediate;)[B >"	7	"bb24"
"< Application, Ltoba/translator/CFile, methodsigs(Ljava/io/PrintWriter;Ltoba/classfile/ClassData;)V >"	20	"bb22"
"< Application, Ltoba/runtime/CodeGen, buildNativeClass(Ltoba/classfile/ClassData;Ljava/lang/ClassLoader;)Ljava/lang/Class; >"	83	"bb91"
"< Application, Ltoba/classfile/Field, <init>(Ljava/io/DataInputStream;[Ltoba/classfile/Constant;)V >"	16	"bb23"
"< Application, Ltoba/classfile/Instr, nextStack()Ljava/lang/String; >"	79	"bb151"
"< Application, Ltoba/translator/Trans, doname(Ljava/lang/String;)V >"	129	"bb117"
"< Application, Ltoba/jit/Intel86, SUB(Ljava/lang/Object;Ljava/lang/Object;)[B >"	10	"bb13"
"< Application, Ltoba/jit/JITCodeGen, loadClassPointer(Ltoba/classfile/Instr;Ltoba/classfile/ClassRef;ILtoba/jit/Register;)V >"	17	"bb32"
"< Application, Ltoba/classfile/Names, <clinit>()V >"	4	"bb7"
"< Application, Ltoba/classfile/ClassFile, open(Ljava/lang/String;Ljava/lang/String;)Ltoba/classfile/ClassFile; >"	42	"bb64"
"< Application, Ltoba/jit/JITCodeGen, setCallArgs(I)I >"	0	"bb11"
"< Application, Ltoba/translator/HFile, write(Ljava/io/PrintWriter;Ltoba/classfile/ClassData;)V >"	113	"bb115"
"< Application, Ltoba/translator/Trans, doname(Ljava/lang/String;)V >"	12	"bb44"
"< Application, Ltoba/classfile/ClassData, buildVariableTables(Z)V >"	24	"bb43"
"< Application, Ltoba/Lister, listSystemClasses()V >"	16	"bb23"
"< Application, Ltoba/jit/JITCodeGen, EmitBinOp(Ltoba/classfile/Instr;)V >"	91	"bb195"
"< Application, Ltoba/translator/CFile, others(Ljava/io/PrintWriter;Ltoba/classfile/ClassData;)V >"	3	"bb25"
"< Application, Ltoba/classfile/ClassData, getmethod(Ljava/lang/String;Z)Ltoba/classfile/Field; >"	13	"bb18"
"< Application, Ltoba/classfile/Instr, nextStack()Ljava/lang/String; >"	162	"bb151"
"< Application, Ltoba/jit/JITCodeGen, loadClassPointer(Ltoba/classfile/Instr;Ltoba/classfile/ClassRef;ILtoba/jit/Register;)V >"	29	"bb32"
"< Application, Ltoba/Lister, closeClassList([Ljava/lang/String;I)V >"	46	"bb58"
"< Application, Ltoba/runtime/SystemClassLoader, loadPrimitiveClass(C)Ljava/lang/Class; >"	8	"bb21"
"< Application, Ltoba/translator/Trans, doname(Ljava/lang/String;)V >"	24	"bb44"
"< Application, Ltoba/classfile/Names, csignature(Ljava/lang/String;)Ljava/lang/String; >"	35	"bb40"
"< Application, Ltoba/classfile/Instr, nextStack()Ljava/lang/String; >"	34	"bb151"
"< Application, Ltoba/jit/Intel86, makeModRM(Ljava/lang/Object;Ljava/lang/Object;)[B >"	140	"bb108"
"< Application, Ltoba/jit/Intel86, Jcc(ILjava/lang/Object;)[B >"	1	"bb6"
"< Application, Ltoba/translator/CFile, emitStaticFinalInit(Ljava/io/PrintWriter;Ltoba/classfile/ClassData;)Z >"	82	"bb139"
"< Application, Ltoba/classfile/Method, <init>(Ltoba/classfile/ClassData;Ltoba/classfile/Field;)V >"	62	"bb64"
"< Application, Ltoba/classfile/Instr, nextStack()Ljava/lang/String; >"	36	"bb151"
"< Application, Ltoba/classfile/Instr, <init>([BI[Ltoba/classfile/Constant;)V >"	111	"bb90"
"< Application, Ltoba/jit/Immediate, toString()Ljava/lang/String; >"	4	"bb7"
"< Application, Ltoba/classfile/Instr, <init>([BI[Ltoba/classfile/Constant;)V >"	70	"bb68"
"< Application, Ltoba/classfile/Instr, argwords(Ljava/lang/String;)I >"	21	"bb27"
"< Application, Ltoba/classfile/Names, csignature(Ljava/lang/String;)Ljava/lang/String; >"	12	"bb40"
"< Application, Ltoba/translator/HFile, argtypes(Ltoba/classfile/Field;)Ljava/lang/String; >"	41	"bb9"
"< Application, Ltoba/translator/HFile, write(Ljava/io/PrintWriter;Ltoba/classfile/ClassData;)V >"	91	"bb97"
"< Application, Ltoba/runtime/SystemClassLoader, loadPrimitiveClass(C)Ljava/lang/Class; >"	10	"bb21"
"< Application, Ltoba/classfile/Instr, argwords(Ljava/lang/String;)I >"	9	"bb27"
"< Application, Ltoba/jit/JITCodeGen, loadClassPointer(Ltoba/classfile/Instr;Ltoba/classfile/ClassRef;ILtoba/jit/Register;)V >"	23	"bb32"
"< Application, Ltoba/classfile/Names, csignature(Ljava/lang/String;)Ljava/lang/String; >"	29	"bb40"
"< Application, Ltoba/jit/Intel86, makeModRM(Ljava/lang/Object;Ljava/lang/Object;)[B >"	52	"bb108"
"< Application, Ltoba/jit/JITCodeGen, EmitSyncWrapper(Ltoba/classfile/Method;)V >"	146	"bb125"
"< Application, Ltoba/jit/CodeBlock, BS(II)Ljava/lang/String; >"	8	"bb8"
"< Application, Ltoba/classfile/Names, hashname(Ljava/lang/String;Ljava/lang/String;Ljava/lang/String;Ljava/lang/StringBuffer;)Ljava/lang/String; >"	13	"bb17"
"< Application, Ltoba/jit/Intel86, makeModRM(Ljava/lang/Object;Ljava/lang/Object;)[B >"	26	"bb28"
"< Application, Ltoba/jit/Intel86, makeModRM(Ljava/lang/Object;Ljava/lang/Object;)[B >"	95	"bb108"
"< Application, Ltoba/classfile/Instr, toString()Ljava/lang/String; >"	38	"bb41"
"< Application, Ltoba/jit/JITCodeGen, EmitUnOp(Ltoba/classfile/Instr;)V >"	33	"bb154"
"< Application, Ltoba/jit/JITCodeGen, EmitIfCmp(Ltoba/classfile/Instr;Ltoba/classfile/Method;)V >"	10	"bb16"
"< Application, Ltoba/jit/JITCodeGen, loadClassPointer(Ltoba/classfile/Instr;Ltoba/classfile/ClassRef;ILtoba/jit/Register;)V >"	0	"bb3"
"< Application, Ltoba/classfile/Constant, load(Ljava/io/DataInputStream;)[Ltoba/classfile/Constant; >"	39	"bb72"
"< Application, Ltoba/jit/JITCodeGen, EmitCode(Ltoba/classfile/Method;I)V >"	703	"bb554"
"< Application, Ltoba/runtime/SystemClassLoader, loadPrimitiveClass(C)Ljava/lang/Class; >"	6	"bb21"
"< Application, Ltoba/translator/MethGen, syncwrap(Ljava/io/PrintWriter;Ltoba/classfile/Method;)V >"	104	"bb109"
"< Application, Ltoba/jit/Intel86, FILD(Ljava/lang/Object;)[B >"	1	"bb10"
"< Application, Ltoba/translator/HFile, ivfield(Ljava/io/PrintWriter;Ltoba/classfile/ClassData;)V >"	2	"bb21"
"< Application, Ltoba/classfile/ClassData, buildMethodTables(Z)V >"	88	"bb95"
"< Application, Ltoba/jit/JITCodeGen, setCallArgs(Ljava/lang/String;)I >"	2	"bb32"
"< Application, Ltoba/runtime/SystemClassLoader, loadPrimitiveClass(C)Ljava/lang/Class; >"	16	"bb21"
"< Application, Ltoba/jit/CodeBlock, doBackPatch(Ltoba/jit/BackpatchInfo;)V >"	412	"bb403"
"< Application, Ltoba/translator/HFile, write(Ljava/io/PrintWriter;Ltoba/classfile/ClassData;)V >"	36	"bb55"
"< Application, Ltoba/jit/Intel86, makeByteArray(Ltoba/jit/Immediate;)[B >"	17	"bb24"
"< Application, Ltoba/classfile/Instr, toString()Ljava/lang/String; >"	3	"bb6"
"< Application, Ltoba/jit/CodeBlock, doBackPatch(Ltoba/jit/BackpatchInfo;)V >"	358	"bb403"
"< Application, Ltoba/jit/CodeBlock, doBackPatch(Ltoba/jit/BackpatchInfo;)V >"	328	"bb299"
"< Application, Ltoba/classfile/Instr, nextStack()Ljava/lang/String; >"	86	"bb151"
"< Application, Ltoba/jit/BackpatchInfo, toString()Ljava/lang/String; >"	28	"bb39"
"< Application, Ltoba/translator/CFile, supers(Ljava/io/PrintWriter;Ltoba/classfile/ClassData;)V >"	3	"bb15"
"< Application, Ltoba/classfile/ClassRef, bySignature(Ljava/lang/String;)Ltoba/classfile/ClassRef; >"	16	"bb31"
"< Application, Ltoba/jit/Intel86, TestIntel86([Ljava/lang/String;)V >"	50	"bb48"
"< Application, Ltoba/classfile/Constant, load(Ljava/io/DataInputStream;)[Ltoba/classfile/Constant; >"	29	"bb72"
"< Application, Ltoba/jit/JITCodeGen, loadClassPointer(Ltoba/classfile/Instr;Ltoba/classfile/ClassRef;ILtoba/jit/Register;)V >"	11	"bb32"
"< Application, Ltoba/classfile/Names, <clinit>()V >"	91	"bb89"
"< Application, Ltoba/jit/JITCodeGen, loadClassPointer(Ltoba/classfile/Instr;Ltoba/classfile/ClassRef;ILtoba/jit/Register;)V >"	26	"bb32"
"< Application, Ltoba/translator/HFile, write(Ljava/io/PrintWriter;Ltoba/classfile/ClassData;)V >"	66	"bb86"
"< Application, Ltoba/translator/MethGen, mgen(Ljava/io/PrintWriter;Ltoba/classfile/Method;)V >"	174	"bb218"
"< Application, Ltoba/classfile/Instr, nextStack()Ljava/lang/String; >"	142	"bb151"
"< Application, Ltoba/jit/JITCodeGen, EmitSyncWrapper(Ltoba/classfile/Method;)V >"	359	"bb281"
"< Application, Ltoba/classfile/Method, sigscan()V >"	28	"bb41"
"< Application, Ltoba/runtime/CodeGen, buildNativeClass(Ltoba/classfile/ClassData;Ljava/lang/ClassLoader;)Ljava/lang/Class; >"	41	"bb92"
"< Application, Ltoba/translator/CFile, strdump(Ljava/io/PrintWriter;Ltoba/classfile/ClassData;)V >"	49	"bb47"
"< Application, Ltoba/jit/JITCodeGen, EmitBinOp(Ltoba/classfile/Instr;)V >"	222	"bb195"
"< Application, Ltoba/translator/CFile, methodsigs(Ljava/io/PrintWriter;Ltoba/classfile/ClassData;)V >"	1	"bb58"
"< Application, Ltoba/jit/Intel86, makeModRM(Ljava/lang/Object;Ljava/lang/Object;)[B >"	41	"bb108"
"< Application, Ltoba/translator/Supers, load(Ltoba/classfile/ClassData;)V >"	9	"bb13"
"< Application, Ltoba/classfile/Constant, load(Ljava/io/DataInputStream;)[Ltoba/classfile/Constant; >"	153	"bb159"
"< Application, Ltoba/classfile/Names, csignature(Ljava/lang/String;)Ljava/lang/String; >"	23	"bb40"
"< Application, Ltoba/jit/MemoryRef, toString()Ljava/lang/String; >"	25	"bb37"
"< Application, Ltoba/jit/CodeBlock, doBackPatch(Ltoba/jit/BackpatchInfo;)V >"	175	"bb403"
"< Application, Ltoba/classfile/Names, csignature(Ljava/lang/String;)Ljava/lang/String; >"	37	"bb40"
"< Application, Ltoba/classfile/Constant, load(Ljava/io/DataInputStream;)[Ltoba/classfile/Constant; >"	107	"bb116"
"< Application, Ltoba/classfile/Names, csignature(Ljava/lang/String;)Ljava/lang/String; >"	19	"bb40"
"< Application, Ltoba/jit/CodeBlock, reserveCode(ILtoba/classfile/Instr;Ljava/lang/Object;J)Ltoba/jit/BackpatchInfo; >"	9	"bb22"
"< Application, Ltoba/classfile/ClassData, arrayString([Ljava/lang/Object;)Ljava/lang/String; >"	11	"bb21"
"< Application, Ltoba/translator/InsGen, igen(Ljava/io/PrintWriter;Ltoba/classfile/Method;Ltoba/classfile/Instr;)V >"	916	"bb904"
"< Application, Ltoba/jit/JITCodeGen, EmitCode(Ltoba/classfile/Method;I)V >"	509	"bb401"
"< Application, Ltoba/jit/CodeBlock, BS(II)Ljava/lang/String; >"	1	"bb11"
"< Application, Ltoba/jit/Intel86, makeModRM(Ljava/lang/Object;Ljava/lang/Object;)[B >"	131	"bb108"
"< Application, Ltoba/classfile/Instr, argwords(Ljava/lang/String;)I >"	11	"bb27"
"< Application, Ltoba/jit/CodeBlock, storeWord(II)I >"	34	"bb28"
"< Application, Ltoba/runtime/CodeGen, referencedClasses(Ljava/lang/Class;Ljava/lang/ClassLoader;)[J >"	32	"bb34"
"< Application, Ltoba/jit/JITCodeGen, EmitCode(Ltoba/classfile/Method;I)V >"	681	"bb537"
"< Application, Ltoba/translator/Trans, options([Ljava/lang/String;)V >"	13	"bb37"
"< Application, Ltoba/classfile/Instr, argwords()I >"	11	"bb14"
"< Application, Ltoba/classfile/Instr, nextStack()Ljava/lang/String; >"	40	"bb151"
"< Application, Ltoba/classfile/IHash, mark(Ljava/lang/ClassLoader;Ltoba/classfile/ClassData;)V >"	1	"bb25"
"< Application, Ltoba/jit/JITCodeGen, EmitBinOp(Ltoba/classfile/Instr;)V >"	218	"bb195"
"< Application, Ltoba/translator/CFile, emitStaticFinalInit(Ljava/io/PrintWriter;Ltoba/classfile/ClassData;)Z >"	42	"bb50"
"< Application, Ltoba/translator/MethGen, parmdecls(Ltoba/classfile/Method;)Ljava/lang/String; >"	13	"bb31"
"< Application, Ltoba/runtime/CodeGen, interfaces(Ljava/lang/Class;)[J >"	0	"bb7"
"< Application, Ltoba/classfile/Instr, argwords(Ljava/lang/String;)I >"	0	"bb28"
"< Application, Ltoba/runtime/CodeGen, getInstanceMethodAddrs(Ljava/lang/Class;)[J >"	4	"bb11"
"< Application, Ltoba/jit/CodeBlock, dumpHex()V >"	13	"bb39"
"< Application, Ltoba/classfile/Instr, argstring(Ljava/lang/String;)Ljava/lang/String; >"	2	"bb43"
"< Application, Ltoba/classfile/ClassData, buildMethodTables(Z)V >"	28	"bb55"
"< Application, Ltoba/jit/CodeBlock, <init>(Ltoba/classfile/Method;I)V >"	13	"bb24"
"< Application, Ltoba/jit/CodeBlock, BV(Ljava/lang/String;I)I >"	2	"bb17"
"< Application, Ltoba/classfile/Constant, load(Ljava/io/DataInputStream;)[Ltoba/classfile/Constant; >"	58	"bb72"
"< Application, Ltoba/jit/Immediate, setImmSize(I)Ltoba/jit/Immediate; >"	33	"bb37"
"< Application, Ltoba/jit/JITCodeGen, EmitBinOp(Ltoba/classfile/Instr;)V >"	259	"bb195"
"< Application, Ltoba/classfile/Names, csignature(Ljava/lang/String;)Ljava/lang/String; >"	2	"bb45"
"< Application, Ltoba/jit/JITCodeGen, EmitBinOp(Ltoba/classfile/Instr;)V >"	36	"bb48"
"< Application, Ltoba/classfile/Constant, load(Ljava/io/DataInputStream;)[Ltoba/classfile/Constant; >"	159	"bb159"
"< Application, Ltoba/jit/JITCodeGen, EmitCode(Ltoba/classfile/Method;I)V >"	702	"bb554"
"< Application, Ltoba/classfile/Names, toba_getSRAS(Ljava/lang/String;)Ljava/io/InputStream; >"	9	"bb42"
"< Application, Ltoba/jit/JITCodeGen, EmitUnOp(Ltoba/classfile/Instr;)V >"	89	"bb154"
"< Application, Ltoba/classfile/IHash, collisions(Ljava/util/Vector;I)I >"	3	"bb13"
"< Application, Ltoba/jit/Intel86, makeModRM(Ljava/lang/Object;Ljava/lang/Object;)[B >"	179	"bb153"
"< Application, Ltoba/translator/MethGen, dclstack(Ljava/io/PrintWriter;Ltoba/classfile/Method;C)V >"	11	"bb25"
"< Application, Ltoba/jit/MemoryRef, setScaleFactor(I)Ltoba/jit/MemoryRef; >"	7	"bb13"
"< Application, Ltoba/jit/JITCodeGen, EmitCode(Ltoba/classfile/Method;I)V >"	94	"bb87"
"< Application, Ltoba/classfile/Method, <init>(Ltoba/classfile/ClassData;Ltoba/classfile/Field;)V >"	142	"bb140"
"< Application, Ltoba/classfile/Names, hashname(Ljava/lang/String;Ljava/lang/String;Ljava/lang/String;Ljava/lang/StringBuffer;)Ljava/lang/String; >"	35	"bb30"
"< Application, Ltoba/jit/Intel86, ADD(Ljava/lang/Object;Ljava/lang/Object;)[B >"	15	"bb17"
"< Application, Ltoba/translator/Trans, options([Ljava/lang/String;)V >"	0	"bb38"
"< Application, Ltoba/jit/JITCodeGen, EmitIfCmp(Ltoba/classfile/Instr;Ltoba/classfile/Method;)V >"	33	"bb37"
"< Application, Ltoba/jit/CodeBlock, BV(Ljava/lang/String;I)I >"	7	"bb15"
"< Application, Ltoba/InstallClassFile, main([Ljava/lang/String;)V >"	16	"bb46"
"< Application, Ltoba/translator/InsGen, invoke(Ljava/io/PrintWriter;Ltoba/classfile/Instr;Ltoba/classfile/MethodRef;Ljava/lang/String;)V >"	15	"bb31"
"< Application, Ltoba/Lister, closeClassList([Ljava/lang/String;I)V >"	34	"bb58"
"< Application, Ltoba/jit/JITCodeGen, EmitCode(Ltoba/classfile/Method;I)V >"	1407	"bb1089"
"< Application, Ltoba/jit/CodeBlock, <init>(Ltoba/classfile/Method;I)V >"	18	"bb24"
"< Application, Ltoba/translator/HFile, argtypes(Ltoba/classfile/Field;)Ljava/lang/String; >"	13	"bb39"
"< Application, Ltoba/classfile/IHash, <init>(Ltoba/classfile/ClassData;)V >"	59	"bb89"
"< Application, Ltoba/classfile/Method, <init>(Ltoba/classfile/ClassData;Ltoba/classfile/Field;)V >"	264	"bb249"
"< Application, Ltoba/jit/JIT, main([Ljava/lang/String;)V >"	0	"bb20"
"< Application, Ltoba/jit/Intel86, ADC(Ljava/lang/Object;Ljava/lang/Object;)[B >"	10	"bb13"
"< Application, Ltoba/jit/JITCodeGen, EmitBinOp(Ltoba/classfile/Instr;)V >"	186	"bb195"
"< Application, Ltoba/classfile/ClassFile, open(Ljava/lang/String;Ljava/lang/String;)Ltoba/classfile/ClassFile; >"	74	"bb64"
"< Application, Ltoba/classfile/ClassData, getmethod(Ljava/lang/String;Z)Ltoba/classfile/Field; >"	0	"bb17"
"< Application, Ltoba/translator/CFile, emitStaticFinalInit(Ljava/io/PrintWriter;Ltoba/classfile/ClassData;)Z >"	100	"bb139"
"< Application, Ltoba/translator/Trans, options([Ljava/lang/String;)V >"	6	"bb37"
"< Application, Ltoba/classfile/ClassRef, bySignature(Ljava/lang/String;)Ltoba/classfile/ClassRef; >"	41	"bb31"
"< Application, Ltoba/Lister, listSystemClasses()V >"	14	"bb40"
"< Application, Ltoba/jit/JITCodeGen, EmitBinOp(Ltoba/classfile/Instr;)V >"	121	"bb195"
"< Application, Ltoba/Lister, closeClassList([Ljava/lang/String;I)V >"	107	"bb101"
"< Application, Ltoba/jit/Intel86, emitByteArray([B)V >"	14	"bb21"
"< Application, Ltoba/jit/JITCodeGen, EmitUnOp(Ltoba/classfile/Instr;)V >"	78	"bb154"
"< Application, Ltoba/classfile/Names, csignature(Ljava/lang/String;)Ljava/lang/String; >"	41	"bb40"
"< Application, Ltoba/translator/Trans, doname(Ljava/lang/String;)V >"	44	"bb44"
"< Application, Ltoba/jit/JITCodeGen, EmitUnOp(Ltoba/classfile/Instr;)V >"	156	"bb130"
"< Application, Ltoba/translator/InsGen, igen(Ljava/io/PrintWriter;Ltoba/classfile/Method;Ltoba/classfile/Instr;)V >"	219	"bb236"
"< Application, Ltoba/jit/JITCodeGen, EmitCode(Ltoba/classfile/Method;I)V >"	314	"bb265"
"< Application, Ltoba/jit/JITCodeGen, EmitCode(Ltoba/classfile/Method;I)V >"	1347	"bb1046"
"< Application, Ltoba/jit/CodeBlock, doBackPatch(Ltoba/jit/BackpatchInfo;)V >"	287	"bb403"
"< Application, Ltoba/jit/JIT, main([Ljava/lang/String;)V >"	55	"bb55"
"< Application, Ltoba/jit/Intel86, makeModRM(Ljava/lang/Object;Ljava/lang/Object;)[B >"	176	"bb153"
"< Application, Ltoba/classfile/IHash, hashlist(Ljava/lang/ClassLoader;Ltoba/classfile/ClassRef;)[I >"	46	"bb50"
"< Application, Ltoba/translator/MethGen, syncwrap(Ljava/io/PrintWriter;Ltoba/classfile/Method;)V >"	130	"bb125"
"< Application, Ltoba/translator/CFile, strdump(Ljava/io/PrintWriter;Ltoba/classfile/ClassData;)V >"	40	"bb48"
"< Application, Ltoba/classfile/Field, isInArray([Ltoba/classfile/Field;)Z >"	2	"bb6"
"< Application, Ltoba/translator/HFile, argtypes(Ltoba/classfile/Field;)Ljava/lang/String; >"	17	"bb39"
"< Application, Ltoba/jit/CodeBlock, doBackPatch(Ltoba/jit/BackpatchInfo;)V >"	371	"bb329"
"< Application, Ltoba/classfile/Method, sigscan()V >"	36	"bb41"
"< Application, Ltoba/classfile/ClassRef, bySignature(Ljava/lang/String;)Ltoba/classfile/ClassRef; >"	36	"bb31"
"< Application, Ltoba/classfile/Instr, nextStack()Ljava/lang/String; >"	133	"bb151"
"< Application, Ltoba/classfile/ClassFile, close()V >"	1	"bb4"
"< Application, Ltoba/classfile/ClassData, <init>(Ljava/io/DataInputStream;)V >"	103	"bb108"
"< Application, Ltoba/jit/JITCodeGen, EmitBinOp(Ltoba/classfile/Instr;)V >"	75	"bb195"
"< Application, Ltoba/classfile/Instr, argstring(Ljava/lang/String;)Ljava/lang/String; >"	19	"bb42"
"< Application, Ltoba/translator/MethGen, parmdecls(Ltoba/classfile/Method;)Ljava/lang/String; >"	14	"bb17"
"< Application, Ltoba/classfile/ClassRef, bySignature(Ljava/lang/String;)Ltoba/classfile/ClassRef; >"	26	"bb31"
"< Application, Ltoba/translator/InsGen, checkref(Ljava/io/PrintWriter;Ltoba/classfile/Instr;I)V >"	5	"bb9"
"< Application, Ltoba/classfile/Names, csignature(Ljava/lang/String;)Ljava/lang/String; >"	25	"bb40"
"< Application, Ltoba/jit/JITCodeGen, EmitIfCmp(Ltoba/classfile/Instr;Ltoba/classfile/Method;)V >"	38	"bb37"
"< Application, Ltoba/jit/JITCodeGen, EmitCode(Ltoba/classfile/Method;I)V >"	700	"bb554"
"< Application, Ltoba/classfile/Names, toba_getSRAS(Ljava/lang/String;)Ljava/io/InputStream; >"	36	"bb42"
"< Application, Ltoba/runtime/CodeGen, interfaces(Ljava/lang/Class;)[J >"	12	"bb20"
"< Application, Ltoba/classfile/Names, baseclass(Ljava/lang/String;)Ljava/lang/String; >"	3	"bb6"
"< Application, Ltoba/translator/CFile, cltables(Ljava/io/PrintWriter;Ltoba/classfile/ClassData;)V >"	63	"bb103"
"< Application, Ltoba/jit/JITCodeGen, EmitSyncWrapper(Ltoba/classfile/Method;)V >"	417	"bb306"
"< Application, Ltoba/runtime/Supers, resolveIfaceRefs(Ltoba/classfile/ClassData;Ljava/lang/ClassLoader;)V >"	0	"bb11"
"< Application, Ltoba/classfile/Instr, argstring(Ljava/lang/String;)Ljava/lang/String; >"	21	"bb42"
"< Application, Ltoba/classfile/Method, <init>(Ltoba/classfile/ClassData;Ltoba/classfile/Field;)V >"	25	"bb35"
"< Application, Ltoba/classfile/ClassFile, close()V >"	8	"bb11"
"< Application, Ltoba/translator/CFile, emitStaticFinalInit(Ljava/io/PrintWriter;Ltoba/classfile/ClassData;)Z >"	0	"bb141"
"< Application, Ltoba/translator/Trans, options([Ljava/lang/String;)V >"	38	"bb37"
"< Application, Ltoba/translator/MethGen, mgen(Ljava/io/PrintWriter;Ltoba/classfile/Method;)V >"	35	"bb70"
"< Application, Ltoba/translator/Trans, options([Ljava/lang/String;)V >"	24	"bb37"
"< Application, Ltoba/translator/InsGen, igen(Ljava/io/PrintWriter;Ltoba/classfile/Method;Ltoba/classfile/Instr;)V >"	256	"bb255"
"< Application, Ltoba/classfile/ClassRef, bySignature(Ljava/lang/String;)Ltoba/classfile/ClassRef; >"	46	"bb31"
"< Application, Ltoba/classfile/Constant, readUTF(Ljava/io/DataInput;)Ljava/lang/String; >"	10	"bb35"
"< Application, Ltoba/classfile/Names, csignature(Ljava/lang/String;)Ljava/lang/String; >"	27	"bb40"
"< Application, Ltoba/translator/MethGen, parmdecls(Ltoba/classfile/Method;)Ljava/lang/String; >"	27	"bb31"
"< Application, Ltoba/translator/Trans, doname(Ljava/lang/String;)V >"	97	"bb92"
"< Application, Ltoba/classfile/Instr, toString()Ljava/lang/String; >"	17	"bb43"
"< Application, Ltoba/runtime/CodeGen, buildNativeClass(Ltoba/classfile/ClassData;Ljava/lang/ClassLoader;)Ljava/lang/Class; >"	52	"bb55"
"< Application, Ltoba/runtime/Resolve, resolveClassName(Ljava/lang/String;Ljava/lang/ClassLoader;)Ljava/lang/Class; >"	23	"bb24"
"< Application, Ltoba/InstallClassFile, main([Ljava/lang/String;)V >"	54	"bb11"
"< Application, Ltoba/classfile/Instr, <init>([BI[Ltoba/classfile/Constant;)V >"	146	"bb118"
"< Application, Ltoba/translator/CFile, methodsigs(Ljava/io/PrintWriter;Ltoba/classfile/ClassData;)V >"	8	"bb17"
"< Application, Ltoba/jit/Intel86, TestIntel86([Ljava/lang/String;)V >"	75	"bb86"
"< Application, Ltoba/Lister, closeClassList([Ljava/lang/String;I)V >"	68	"bb94"
"< Application, Ltoba/jit/CodeBlock, doBackPatch(Ltoba/jit/BackpatchInfo;)V >"	452	"bb403"
"< Application, Ltoba/translator/InsGen, invoke(Ljava/io/PrintWriter;Ltoba/classfile/Instr;Ltoba/classfile/MethodRef;Ljava/lang/String;)V >"	6	"bb10"
"< Application, Ltoba/translator/MethGen, minfo(Ljava/io/PrintWriter;Ltoba/classfile/Method;)V >"	26	"bb42"
"< Application, Ltoba/jit/JITCodeGen, EmitUnOp(Ltoba/classfile/Instr;)V >"	19	"bb25"
"< Application, Ltoba/jit/JITCodeGen, EmitSyncWrapper(Ltoba/classfile/Method;)V >"	277	"bb209"
"< Application, Ltoba/classfile/ClassFile, find(Ljava/lang/String;)Ltoba/classfile/ClassFile; >"	37	"bb32"
"< Application, Ltoba/jit/CodeBlock, resolveCode()V >"	11	"bb21"
"< Application, Ltoba/Lister, closeClassList([Ljava/lang/String;I)V >"	14	"bb94"
"< Application, Ltoba/jit/JITCodeGen, <clinit>()V >"	219	"bb110"
"< Application, Ltoba/jit/JITCodeGen, EmitBinOp(Ltoba/classfile/Instr;)V >"	116	"bb195"
"< Application, Ltoba/classfile/Instr, argwords(Ljava/lang/String;)I >"	37	"bb24"
"< Application, Ltoba/jit/JITCodeGen, EmitExceptHandle(Ltoba/classfile/Method;)V >"	61	"bb50"
"< Application, Ltoba/runtime/CodeGen, defineClass(Ljava/lang/ClassLoader;Ljava/io/DataInputStream;)Ljava/lang/Class; >"	2	"bb16"
"< Application, Ltoba/classfile/Names, hashname(Ljava/lang/String;Ljava/lang/String;Ljava/lang/String;Ljava/lang/StringBuffer;)Ljava/lang/String; >"	25	"bb22"
"< Application, Ltoba/jit/Intel86, makeModRM(Ljava/lang/Object;Ljava/lang/Object;)[B >"	37	"bb35"
"< Application, Ltoba/jit/JITCodeGen, EmitUnOp(Ltoba/classfile/Instr;)V >"	109	"bb154"
"< Application, Ltoba/translator/MethGen, mgen(Ljava/io/PrintWriter;Ltoba/classfile/Method;)V >"	41	"bb51"
"< Application, Ltoba/classfile/IHash, impls(Ltoba/classfile/ClassData;)Ljava/util/Vector; >"	2	"bb12"
"< Application, Ltoba/jit/JITCodeGen, EmitSyncWrapper(Ltoba/classfile/Method;)V >"	315	"bb239"
"< Application, Ltoba/jit/JITCodeGen, EmitCode(Ltoba/classfile/Method;I)V >"	680	"bb537"
"< Application, Ltoba/translator/CFile, write(Ljava/io/PrintWriter;Ltoba/classfile/ClassData;)V >"	8	"bb14"
"< Application, Ltoba/translator/CFile, gfloats(Ljava/io/PrintWriter;[Ltoba/classfile/Constant;)V >"	8	"bb41"
"< Application, Ltoba/classfile/ClassData, buildVariableTables(Z)V >"	47	"bb52"
"< Application, Ltoba/classfile/Instr, argstring(Ljava/lang/String;)Ljava/lang/String; >"	34	"bb36"
"< Application, Ltoba/classfile/Names, csignature(Ljava/lang/String;)Ljava/lang/String; >"	21	"bb40"
"< Application, Ltoba/classfile/ClassData, <init>(Ljava/io/DataInputStream;)V >"	61	"bb72"
"< Application, Ltoba/jit/CodeBlock, reserveCode(ILtoba/classfile/Instr;Ljava/lang/Object;J)Ltoba/jit/BackpatchInfo; >"	3	"bb22"
"< Application, Ltoba/jit/Intel86, TestIntel86([Ljava/lang/String;)V >"	87	"bb86"
"< Application, Ltoba/classfile/Names, csignature(Ljava/lang/String;)Ljava/lang/String; >"	33	"bb40"
"< Application, Ltoba/jit/Intel86, ADC(Ljava/lang/Object;Ljava/lang/Object;)[B >"	15	"bb17"
"< Application, Ltoba/Lister, closeClassList([Ljava/lang/String;I)V >"	7	"bb12"
"< Application, Ltoba/classfile/Method, <init>(Ltoba/classfile/ClassData;Ltoba/classfile/Field;)V >"	17	"bb50"
"< Application, Ltoba/translator/MethGen, syncwrap(Ljava/io/PrintWriter;Ltoba/classfile/Method;)V >"	94	"bb94"
"< Application, Ltoba/translator/Trans, doname(Ljava/lang/String;)V >"	33	"bb44"
"< Application, Ltoba/jit/Intel86, OR(Ljava/lang/Object;Ljava/lang/Object;)[B >"	15	"bb17"
"< Application, Ltoba/classfile/ClassRef, bySignature(Ljava/lang/String;)Ltoba/classfile/ClassRef; >"	6	"bb31"
"< Application, Ltoba/InstallClassFile, main([Ljava/lang/String;)V >"	50	"bb46"
"< Application, Ltoba/translator/CFile, gfloats(Ljava/io/PrintWriter;[Ltoba/classfile/Constant;)V >"	27	"bb41"
"< Application, Ltoba/translator/CFile, hashgen(Ljava/io/PrintWriter;Ltoba/classfile/ClassData;)V >"	48	"bb66"
"< Application, Ltoba/jit/JITCodeGen, EmitCode(Ltoba/classfile/Method;I)V >"	684	"bb537"
"< Application, Ltoba/translator/CFile, strdump(Ljava/io/PrintWriter;Ltoba/classfile/ClassData;)V >"	26	"bb54"
"< Application, Ltoba/runtime/Resolve, resolveClassName(Ljava/lang/String;Ljava/lang/ClassLoader;)Ljava/lang/Class; >"	8	"bb9"
"< Application, Ltoba/classfile/Constant, load(Ljava/io/DataInputStream;)[Ltoba/classfile/Constant; >"	125	"bb160"
"< Application, Ltoba/classfile/IHash, hashlist(Ljava/lang/ClassLoader;Ltoba/classfile/ClassRef;)[I >"	20	"bb24"
"< Application, Ltoba/runtime/CodeGen, defineClass(Ljava/lang/ClassLoader;Ljava/io/DataInputStream;)Ljava/lang/Class; >"	22	"bb26"
"< Application, Ltoba/runtime/CodeGen, setSpecialMethods(Ljava/lang/Class;)V >"	1	"bb24"
"< Application, Ltoba/classfile/Method, sigscan()V >"	40	"bb41"
"< Application, Ltoba/translator/CFile, emitStaticFinalInit(Ljava/io/PrintWriter;Ltoba/classfile/ClassData;)Z >"	141	"bb139"
"< Application, Ltoba/classfile/IHash, <init>(Ltoba/classfile/ClassData;)V >"	20	"bb20"
"< Application, Ltoba/jit/JITCodeGen, EmitSyncWrapper(Ltoba/classfile/Method;)V >"	406	"bb306"
"< Application, Ltoba/translator/Supers, load(Ltoba/classfile/ClassData;)V >"	5	"bb12"
"< Application, Ltoba/runtime/CodeGen, buildNativeClass(Ltoba/classfile/ClassData;Ljava/lang/ClassLoader;)Ljava/lang/Class; >"	88	"bb91"
"< Application, Ltoba/classfile/ClassFile, open(Ljava/lang/String;Ljava/lang/String;)Ltoba/classfile/ClassFile; >"	49	"bb64"
"< Application, Ltoba/jit/JITCodeGen, EmitBinOp(Ltoba/classfile/Instr;)V >"	230	"bb195"
"< Application, Ltoba/translator/HFile, argtypes(Ltoba/classfile/Field;)Ljava/lang/String; >"	19	"bb39"
"< Application, Ltoba/jit/JITCodeGen, EmitBinOp(Ltoba/classfile/Instr;)V >"	71	"bb195"
"< Application, Ltoba/jit/CodeBlock, reserveCode(ILtoba/classfile/Instr;Ljava/lang/Object;J)Ltoba/jit/BackpatchInfo; >"	7	"bb22"
"< Application, Ltoba/jit/JITCodeGen, EmitIfCmp(Ltoba/classfile/Instr;Ltoba/classfile/Method;)V >"	53	"bb37"
"< Application, Ltoba/translator/MethGen, syncwrap(Ljava/io/PrintWriter;Ltoba/classfile/Method;)V >"	70	"bb71"
"< Application, Ltoba/jit/MemoryRef, toString()Ljava/lang/String; >"	28	"bb37"
"< Application, Ltoba/classfile/ClassData, buildVariableTables(Z)V >"	44	"bb53"
"< Application, Ltoba/classfile/Instr, toString()Ljava/lang/String; >"	49	"bb65"
"< Application, Ltoba/jit/JITCodeGen, EmitBinOp(Ltoba/classfile/Instr;)V >"	195	"bb195"
"< Application, Ltoba/jit/JITCodeGen, EmitBinOp(Ltoba/classfile/Instr;)V >"	226	"bb195"
"< Application, Ltoba/translator/HFile, argtypes(Ltoba/classfile/Field;)Ljava/lang/String; >"	15	"bb39"
"< Application, Ltoba/jit/CodeBlock, resolveCode()V >"	28	"bb68"
"< Application, Ltoba/classfile/Method, sigscan()V >"	34	"bb41"
"< Application, Ltoba/classfile/ClassData, buildTables()V >"	2	"bb5"
"< Application, Ltoba/jit/JITCodeGen, EmitBinOp(Ltoba/classfile/Instr;)V >"	52	"bb48"
"< Application, Ltoba/jit/Intel86, FSTP(Ljava/lang/Object;)[B >"	1	"bb10"
"< Application, Ltoba/classfile/Method, sigscan()V >"	43	"bb11"
"< Application, Ltoba/classfile/IHash, <init>(Ltoba/classfile/ClassData;)V >"	41	"bb37"
"< Application, Ltoba/classfile/IHash, mark(Ljava/lang/ClassLoader;Ltoba/classfile/ClassData;)V >"	7	"bb18"
"< Application, Ltoba/classfile/Method, <init>(Ltoba/classfile/ClassData;Ltoba/classfile/Field;)V >"	83	"bb75"
"< Application, Ltoba/translator/CFile, clstruct(Ljava/io/PrintWriter;Ltoba/classfile/ClassData;)V >"	40	"bb42"
"< Application, Ltoba/runtime/CodeGen, hashAddrs(Ljava/lang/Class;[Ltoba/classfile/Field;)[J >"	7	"bb10"
"< Application, Ltoba/jit/CodeBlock, getCodeWord(I)I >"	25	"bb24"
"< Application, Ltoba/jit/Intel86, FISTP(Ljava/lang/Object;)[B >"	1	"bb10"
"< Application, Ltoba/classfile/ClassData, buildVariableTables(Z)V >"	73	"bb83"
"< Application, Ltoba/jit/JITCodeGen, <clinit>()V >"	225	"bb107"
"< Application, Ltoba/classfile/IHash, <init>(Ltoba/classfile/ClassData;)V >"	57	"bb93"
"< Application, Ltoba/translator/MethGen, dclvars(Ljava/io/PrintWriter;Ltoba/classfile/Method;CZ)V >"	33	"bb38"
"< Application, Ltoba/jit/Intel86, valWFlag(Ljava/lang/Object;)I >"	10	"bb19"
"< Application, Ltoba/translator/Trans, options([Ljava/lang/String;)V >"	40	"bb37"
"< Application, Ltoba/jit/JITCodeGen, EmitSyncWrapper(Ltoba/classfile/Method;)V >"	82	"bb66"
"< Application, Ltoba/classfile/ClassData, buildMethodTables(Z)V >"	47	"bb65"
"< Application, Ltoba/jit/JITCodeGen, EmitBinOp(Ltoba/classfile/Instr;)V >"	101	"bb195"
"< Application, Ltoba/classfile/IHash, <init>(Ltoba/classfile/ClassData;)V >"	31	"bb28"
"< Application, Ltoba/jit/CodeBlock, reserveCode(ILtoba/classfile/Instr;Ljava/lang/Object;J)Ltoba/jit/BackpatchInfo; >"	31	"bb36"
"< Application, Ltoba/classfile/Instr, argwords(Ljava/lang/String;)I >"	7	"bb27"
"< Application, Ltoba/jit/JITCodeGen, EmitUnOp(Ltoba/classfile/Instr;)V >"	179	"bb154"
"< Application, Ltoba/classfile/IHash, hashlist(Ljava/lang/ClassLoader;Ltoba/classfile/ClassRef;)[I >"	32	"bb36"
"< Application, Ltoba/classfile/Names, csignature(Ljava/lang/String;)Ljava/lang/String; >"	31	"bb40"
"< Application, Ltoba/jit/Intel86, TEST(Ljava/lang/Object;Ljava/lang/Object;)[B >"	15	"bb17"
"< Application, Ltoba/translator/HFile, argtypes(Ltoba/classfile/Field;)Ljava/lang/String; >"	38	"bb39"
"< Application, Ltoba/jit/JITCodeGen, EmitBinOp(Ltoba/classfile/Instr;)V >"	63	"bb195"
"< Application, Ltoba/translator/Repr, emitCharData(Ljava/io/PrintWriter;Ljava/lang/String;)V >"	11	"bb14"
"< Application, Ltoba/classfile/IHash, hashlist(Ljava/lang/ClassLoader;Ltoba/classfile/ClassRef;)[I >"	5	"bb24"
"< Application, Ltoba/translator/CFile, clstruct(Ljava/io/PrintWriter;Ltoba/classfile/ClassData;)V >"	129	"bb128"
"< Application, Ltoba/runtime/CodeGen, internStrings(Ljava/lang/Class;)[Ljava/lang/String; >"	2	"bb12"
"< Application, Ltoba/jit/CodeBlock, doBackPatch(Ltoba/jit/BackpatchInfo;)V >"	455	"bb403"
"< Application, Ltoba/classfile/Instr, argwords(Ljava/lang/String;)I >"	23	"bb15"
"< Application, Ltoba/classfile/Instr, <init>([BI[Ltoba/classfile/Constant;)V >"	65	"bb68"
"< Application, Ltoba/classfile/IHash, hashlist(Ljava/lang/ClassLoader;Ltoba/classfile/ClassRef;)[I >"	60	"bb61"
"< Application, Ltoba/classfile/Instr, toString()Ljava/lang/String; >"	27	"bb43"
"< Application, Ltoba/classfile/Instr, nextStack()Ljava/lang/String; >"	63	"bb151"
"< Application, Ltoba/jit/JITCodeGen, Prologue(Ltoba/classfile/Method;I)V >"	139	"bb118"
"< Application, Ltoba/Lister, closeClassList([Ljava/lang/String;I)V >"	55	"bb58"
"< Application, Ltoba/jit/JITCodeGen, EmitBinOp(Ltoba/classfile/Instr;)V >"	160	"bb120"
"< Application, Ltoba/classfile/Instr, argstring(Ljava/lang/String;)Ljava/lang/String; >"	6	"bb42"
"< Application, Ltoba/translator/Trans, doname(Ljava/lang/String;)V >"	108	"bb92"
"< Application, Ltoba/jit/Intel86, TestIntel86([Ljava/lang/String;)V >"	8	"bb11"
"< Application, Ltoba/runtime/SystemClassLoader, loadPrimitiveClass(C)Ljava/lang/Class; >"	12	"bb21"
"< Application, Ltoba/translator/MethGen, mgen(Ljava/io/PrintWriter;Ltoba/classfile/Method;)V >"	163	"bb164"
"< Application, Ltoba/translator/InsGen, igen(Ljava/io/PrintWriter;Ltoba/classfile/Method;Ltoba/classfile/Instr;)V >"	226	"bb236"
"< Application, Ltoba/jit/JITCodeGen, EmitSyncWrapper(Ltoba/classfile/Method;)V >"	326	"bb239"
"< Application, Ltoba/runtime/CodeGen, classVariableOffsets([Ltoba/classfile/Field;)[I >"	2	"bb16"
"< Application, Ltoba/classfile/Constant, load(Ljava/io/DataInputStream;)[Ltoba/classfile/Constant; >"	53	"bb72"
"< Application, Ltoba/translator/CFile, emitNamesSigs(Ljava/io/PrintWriter;Ljava/lang/String;[Ltoba/classfile/Field;)V >"	0	"bb27"
"< Application, Ltoba/jit/JITCodeGen, generateCode(Ljava/lang/Class;Ltoba/classfile/Method;)Ltoba/classfile/MethodCode; >"	46	"bb50"
"< Application, Ltoba/translator/InsGen, igen(Ljava/io/PrintWriter;Ltoba/classfile/Method;Ltoba/classfile/Instr;)V >"	319	"bb322"
"< Application, Ltoba/jit/JITCodeGen, EmitCode(Ltoba/classfile/Method;I)V >"	113	"bb106"
"< Application, Ltoba/jit/JITCodeGen, EmitBinOp(Ltoba/classfile/Instr;)V >"	168	"bb195"
"< Application, Ltoba/jit/JITCodeGen, SummarizeInstrumentation()V >"	6	"bb21"
"< Application, Ltoba/jit/JITCodeGen, EmitUnOp(Ltoba/classfile/Instr;)V >"	182	"bb154"
"< Application, Ltoba/classfile/Instr, nextStack()Ljava/lang/String; >"	38	"bb151"
"< Application, Ltoba/jit/JITCodeGen, EmitCode(Ltoba/classfile/Method;I)V >"	558	"bb468"
"< Application, Ltoba/jit/Intel86, valWFlag(Ljava/lang/Object;)I >"	5	"bb19"
"< Application, Ltoba/classfile/Constant, dump(Ljava/io/PrintWriter;[Ltoba/classfile/Constant;)V >"	2	"bb18"
"< Application, Ltoba/classfile/IHash, <init>(Ltoba/classfile/ClassData;)V >"	25	"bb38"
"< Application, Ltoba/jit/Intel86, TestIntel86([Ljava/lang/String;)V >"	40	"bb39"
"< Application, Ltoba/jit/JITCodeGen, loadClassPointer(Ltoba/classfile/Instr;Ltoba/classfile/ClassRef;ILtoba/jit/Register;)V >"	14	"bb32"
"< Application, Ltoba/classfile/ClassData, getmethod(Ljava/lang/String;Z)Ltoba/classfile/Field; >"	4	"bb12"
"< Application, Ltoba/jit/JITCodeGen, EmitBinOp(Ltoba/classfile/Instr;)V >"	156	"bb120"
"< Application, Ltoba/jit/Intel86, makeModRM(Ljava/lang/Object;Ljava/lang/Object;)[B >"	88	"bb108"
"< Application, Ltoba/classfile/Method, mark(ILjava/lang/String;I)V >"	114	"bb13"
"< Application, Ltoba/translator/HFile, argtypes(Ltoba/classfile/Field;)Ljava/lang/String; >"	11	"bb39"
"< Application, Ltoba/translator/CFile, cltables(Ljava/io/PrintWriter;Ltoba/classfile/ClassData;)V >"	10	"bb50"
"< Application, Ltoba/jit/JITCodeGen, generateCode(Ljava/lang/Class;Ltoba/classfile/Method;)Ltoba/classfile/MethodCode; >"	85	"bb92"
"< Application, Ltoba/classfile/Method, <init>(Ltoba/classfile/ClassData;Ltoba/classfile/Field;)V >"	38	"bb50"
"< Application, Ltoba/classfile/Instr, argwords(Ljava/lang/String;)I >"	5	"bb27"
"< Application, Ltoba/runtime/CodeGen, superclasses(Ljava/lang/Class;Ljava/lang/Class;)[J >"	9	"bb13"
"< Application, Ltoba/classfile/ClassData, buildVariableTables(Z)V >"	82	"bb82"
"< Application, Ltoba/jit/CodeBlock, reserveCode(ILtoba/classfile/Instr;Ljava/lang/Object;J)Ltoba/jit/BackpatchInfo; >"	11	"bb22"
"< Application, Ltoba/classfile/Names, csignature(Ljava/lang/String;)Ljava/lang/String; >"	14	"bb40"
"< Application, Ltoba/translator/MethGen, parmdecls(Ltoba/classfile/Method;)Ljava/lang/String; >"	23	"bb31"
"< Application, Ltoba/runtime/CodeGen, superclasses(Ljava/lang/Class;Ljava/lang/Class;)[J >"	0	"bb4"
"< Application, Ltoba/translator/Trans, doname(Ljava/lang/String;)V >"	2	"bb120"
"< Application, Ltoba/translator/MethGen, dclvars(Ljava/io/PrintWriter;Ltoba/classfile/Method;CZ)V >"	6	"bb40"
"< Application, Ltoba/jit/Intel86, CMP(Ljava/lang/Object;Ljava/lang/Object;)[B >"	10	"bb13"
"< Application, Ltoba/translator/InsGen, igen(Ljava/io/PrintWriter;Ltoba/classfile/Method;Ltoba/classfile/Instr;)V >"	222	"bb236"
"< Application, Ltoba/classfile/Instr, <init>([BI[Ltoba/classfile/Constant;)V >"	155	"bb118"
"< Application, Ltoba/runtime/Resolve, resolveClassName(Ljava/lang/String;Ljava/lang/ClassLoader;)Ljava/lang/Class; >"	16	"bb19"
"< Application, Ltoba/jit/Intel86, makeModRM(Ljava/lang/Object;Ljava/lang/Object;)[B >"	81	"bb108"
"< Application, Ltoba/classfile/Method, <init>(Ltoba/classfile/ClassData;Ltoba/classfile/Field;)V >"	224	"bb210"
"< Application, Ltoba/translator/MethGen, parmdecls(Ltoba/classfile/Method;)Ljava/lang/String; >"	30	"bb31"
"< Application, Ltoba/classfile/Instr, argstring(Ljava/lang/String;)Ljava/lang/String; >"	42	"bb42"
"< Application, Ltoba/classfile/Instr, argstring(Ljava/lang/String;)Ljava/lang/String; >"	29	"bb42"
"< Application, Ltoba/jit/JITCodeGen, EmitCode(Ltoba/classfile/Method;I)V >"	1342	"bb1046"
"< Application, Ltoba/runtime/CodeGen, classVariableAlignment([Ltoba/classfile/Field;)I >"	0	"bb9"
"< Application, Ltoba/jit/CodeBlock, doBackPatch(Ltoba/jit/BackpatchInfo;)V >"	417	"bb403"
"< Application, Ltoba/Lister, recursivelist(Ljava/lang/String;Ljava/lang/String;)V >"	5	"bb27"
"< Application, Ltoba/translator/MethGen, parmdecls(Ltoba/classfile/Method;)Ljava/lang/String; >"	29	"bb31"
"< Application, Ltoba/classfile/Constant, readUTF(Ljava/io/DataInput;)Ljava/lang/String; >"	2	"bb35"
"< Application, Ltoba/translator/CFile, inters(Ljava/io/PrintWriter;Ltoba/classfile/ClassData;)V >"	4	"bb17"
"< Application, Ltoba/translator/HFile, argtypes(Ltoba/classfile/Field;)Ljava/lang/String; >"	23	"bb39"
"< Application, Ltoba/classfile/VariableRef, findVariable(Ltoba/classfile/ClassData;)Ltoba/classfile/Field; >"	2	"bb14"
"< Application, Ltoba/jit/Immediate, setImmSize(I)Ltoba/jit/Immediate; >"	8	"bb11"
"< Application, Ltoba/classfile/Constant, load(Ljava/io/DataInputStream;)[Ltoba/classfile/Constant; >"	15	"bb72"
"< Application, Ltoba/jit/Intel86, makeModRM(Ljava/lang/Object;Ljava/lang/Object;)[B >"	10	"bb13"
"< Application, Ltoba/jit/JITCodeGen, EmitCode(Ltoba/classfile/Method;I)V >"	701	"bb554"
"< Application, Ltoba/classfile/Names, hashinterface(Ljava/lang/String;Ljava/lang/String;)I >"	8	"bb9"
"< Application, Ltoba/translator/HFile, write(Ljava/io/PrintWriter;Ltoba/classfile/ClassData;)V >"	97	"bb100"
"< Application, Ltoba/classfile/ClassData, buildVariableTables(Z)V >"	10	"bb16"
"< Application, Ltoba/translator/MethGen, mgen(Ljava/io/PrintWriter;Ltoba/classfile/Method;)V >"	237	"bb232"
"< Application, Ltoba/classfile/Names, toba_getSRAS(Ljava/lang/String;)Ljava/io/InputStream; >"	47	"bb42"
"< Application, Ltoba/classfile/Instr, argstring(Ljava/lang/String;)Ljava/lang/String; >"	15	"bb42"
"< Application, Ltoba/classfile/Instr, argstring(Ljava/lang/String;)Ljava/lang/String; >"	17	"bb42"
"< Application, Ltoba/jit/CodeBlock, doBackPatch(Ltoba/jit/BackpatchInfo;)V >"	93	"bb98"
"< Application, Ltoba/classfile/ClassRef, bySignature(Ljava/lang/String;)Ltoba/classfile/ClassRef; >"	21	"bb31"
"< Application, Ltoba/jit/CodeBlock, reserveCode(ILtoba/classfile/Instr;Ljava/lang/Object;Ljava/lang/Object;)Ltoba/jit/BackpatchInfo; >"	7	"bb21"
"< Application, Ltoba/translator/HFile, argtypes(Ltoba/classfile/Field;)Ljava/lang/String; >"	28	"bb39"
"< Application, Ltoba/jit/JITCodeGen, EmitBinOp(Ltoba/classfile/Instr;)V >"	177	"bb195"
"< Application, Ltoba/jit/Intel86, CMP(Ljava/lang/Object;Ljava/lang/Object;)[B >"	15	"bb17"
"< Application, Ltoba/jit/Intel86, makeByteArray(Ltoba/jit/Immediate;)[B >"	38	"bb24"
"< Application, Ltoba/runtime/CodeGen, referencedClasses(Ljava/lang/Class;Ljava/lang/ClassLoader;)[J >"	1	"bb15"
"< Application, Ltoba/classfile/Instr, argstring(Ljava/lang/String;)Ljava/lang/String; >"	32	"bb42"
"< Application, Ltoba/jit/Intel86, makeModRM(Ljava/lang/Object;Ljava/lang/Object;)[B >"	55	"bb108"
"< Application, Ltoba/jit/JITCodeGen, EmitBinOp(Ltoba/classfile/Instr;)V >"	111	"bb195"
"< Application, Ltoba/runtime/CodeGen, setSpecialMethods(Ljava/lang/Class;)V >"	12	"bb23"
"< Application, Ltoba/runtime/CodeGen, instanceMethodAddrs(Ljava/lang/Class;[Ltoba/classfile/Field;I)[J >"	7	"bb30"
"< Application, Ltoba/jit/CodeBlock, backpatchCode()V >"	1	"bb8"
"< Application, Ltoba/classfile/ClassData, buildMethodTables(Z)V >"	33	"bb52"
"< Application, Ltoba/jit/Intel86, XOR(Ljava/lang/Object;Ljava/lang/Object;)[B >"	10	"bb13"
"< Application, Ltoba/jit/CodeBlock, doBackPatch(Ltoba/jit/BackpatchInfo;)V >"	205	"bb403"
"< Application, Ltoba/jit/Intel86, FLDCW(Ljava/lang/Object;)[B >"	1	"bb10"
"< Application, Ltoba/classfile/Instr, argwords(Ljava/lang/String;)I >"	13	"bb27"
"< Application, Ltoba/jit/CodeBlock, reserveCode(ILtoba/classfile/Instr;Ljava/lang/Object;Ljava/lang/Object;)Ltoba/jit/BackpatchInfo; >"	12	"bb21"
"< Application, Ltoba/jit/JITCodeGen, loadClassPointer(Ltoba/classfile/Instr;Ltoba/classfile/ClassRef;ILtoba/jit/Register;)V >"	32	"bb32"
"< Application, Ltoba/jit/CodeBlock, doBackPatch(Ltoba/jit/BackpatchInfo;)V >"	219	"bb403"
"< Application, Ltoba/jit/Intel86, ADD(Ljava/lang/Object;Ljava/lang/Object;)[B >"	10	"bb13"
"< Application, Ltoba/classfile/Method, sigscan()V >"	24	"bb41"
"< Application, Ltoba/classfile/Instr, nextStack()Ljava/lang/String; >"	113	"bb151"
"< Application, Ltoba/classfile/IHash, mark(Ljava/lang/ClassLoader;Ltoba/classfile/ClassData;)V >"	5	"bb22"
"< Application, Ltoba/jit/Intel86, makeModRM(Ljava/lang/Object;Ljava/lang/Object;)[B >"	74	"bb108"
"< Application, Ltoba/jit/Immediate, setImmSize(I)Ltoba/jit/Immediate; >"	5	"bb11"
"< Application, Ltoba/translator/InsGen, igen(Ljava/io/PrintWriter;Ltoba/classfile/Method;Ltoba/classfile/Instr;)V >"	224	"bb236"
"< Application, Ltoba/classfile/Method, sigscan()V >"	38	"bb41"
"< Application, Ltoba/translator/Trans, genmain(Ltoba/classfile/ClassData;)V >"	11	"bb17"
"< Application, Ltoba/jit/CodeBlock, doBackPatch(Ltoba/jit/BackpatchInfo;)V >"	156	"bb403"
"< Application, Ltoba/jit/Intel86, makeModRM(Ljava/lang/Object;Ljava/lang/Object;)[B >"	71	"bb108"
"< Application, Ltoba/translator/CFile, write(Ljava/io/PrintWriter;Ltoba/classfile/ClassData;)V >"	114	"bb115"
"< Application, Ltoba/classfile/Names, csignature(Ljava/lang/String;)Ljava/lang/String; >"	46	"bb47"
"< Application, Ltoba/jit/JITCodeGen, EmitIfCmp(Ltoba/classfile/Instr;Ltoba/classfile/Method;)V >"	28	"bb37"
"< Application, Ltoba/jit/CodeBlock, doBackPatch(Ltoba/jit/BackpatchInfo;)V >"	271	"bb403"
"< Application, Ltoba/classfile/Constant, load(Ljava/io/DataInputStream;)[Ltoba/classfile/Constant; >"	80	"bb99"
"< Application, Ltoba/classfile/Instr, nextStack()Ljava/lang/String; >"	103	"bb151"
"< Application, Ltoba/translator/InsGen, igen(Ljava/io/PrintWriter;Ltoba/classfile/Method;Ltoba/classfile/Instr;)V >"	945	"bb933"
"< Application, Ltoba/classfile/Constant, load(Ljava/io/DataInputStream;)[Ltoba/classfile/Constant; >"	66	"bb72"
"< Application, Ltoba/translator/CFile, emitStaticFinalInit(Ljava/io/PrintWriter;Ltoba/classfile/ClassData;)Z >"	64	"bb139"
"< Application, Ltoba/classfile/Instr, <init>([BI[Ltoba/classfile/Constant;)V >"	60	"bb68"
"< Application, Ltoba/runtime/Resolve, resolveClassName(Ljava/lang/String;Ljava/lang/ClassLoader;)Ljava/lang/Class; >"	18	"bb19"
"< Application, Ltoba/classfile/Instr, nextStack()Ljava/lang/String; >"	93	"bb151"
"< Application, Ltoba/jit/Intel86, MOV(Ljava/lang/Object;Ljava/lang/Object;)[B >"	30	"bb29"
"< Application, Ltoba/jit/Intel86, makeModRM(Ljava/lang/Object;Ljava/lang/Object;)[B >"	103	"bb108"
"< Application, Ltoba/classfile/Names, hashinterface(Ljava/lang/String;Ljava/lang/String;)I >"	0	"bb4"
"< Application, Ltoba/translator/MethGen, parmdecls(Ltoba/classfile/Method;)Ljava/lang/String; >"	22	"bb31"
"< Application, Ltoba/classfile/Method, sigscan()V >"	30	"bb41"
"< Application, Ltoba/jit/Intel86, FNSTCW(Ljava/lang/Object;)[B >"	1	"bb10"
"< Application, Ltoba/jit/Intel86, encode([B[B[B)[B >"	34	"bb27"
"< Application, Ltoba/jit/CodeBlock, getCodeWord(I)I >"	9	"bb15"
"< Application, Ltoba/translator/InsGen, igen(Ljava/io/PrintWriter;Ltoba/classfile/Method;Ltoba/classfile/Instr;)V >"	220	"bb236"
"< Application, Ltoba/jit/CodeBlock, doBackPatch(Ltoba/jit/BackpatchInfo;)V >"	320	"bb403"
"< Application, Ltoba/classfile/MethodCode, <clinit>()V >"	3	"bb5"
"< Application, Ltoba/jit/JITCodeGen, EmitCode(Ltoba/classfile/Method;I)V >"	699	"bb554"
"< Application, Ltoba/translator/Trans, doname(Ljava/lang/String;)V >"	116	"bb92"
"< Application, Ltoba/classfile/ClassData, <init>(Ljava/io/DataInputStream;)V >"	81	"bb93"
"< Application, Ltoba/classfile/ClassData, buildMethodTables(Z)V >"	10	"bb66"
"< Application, Ltoba/jit/JITCodeGen, EmitBinOp(Ltoba/classfile/Instr;)V >"	10	"bb48"
"< Application, Ltoba/translator/CFile, inters(Ljava/io/PrintWriter;Ltoba/classfile/ClassData;)V >"	3	"bb22"
"< Application, Ltoba/jit/CodeBlock, doBackPatch(Ltoba/jit/BackpatchInfo;)V >"	301	"bb274"
"< Application, Ltoba/Lister, listSystemClasses()V >"	3	"bb41"
"< Application, Ltoba/classfile/Instr, <init>([BI[Ltoba/classfile/Constant;)V >"	136	"bb107"
"< Application, Ltoba/classfile/Method, <init>(Ltoba/classfile/ClassData;Ltoba/classfile/Field;)V >"	122	"bb125"
"< Application, Ltoba/translator/Supers, load(Ltoba/classfile/ClassData;)V >"	15	"bb28"
"< Application, Ltoba/jit/CodeBlock, reserveCode(ILtoba/classfile/Instr;Ljava/lang/Object;Ljava/lang/Object;)Ltoba/jit/BackpatchInfo; >"	11	"bb21"
"< Application, Ltoba/translator/CFile, cltables(Ljava/io/PrintWriter;Ltoba/classfile/ClassData;)V >"	35	"bb38"
"< Application, Ltoba/classfile/IHash, <init>(Ltoba/classfile/ClassData;)V >"	2	"bb5"
"< Application, Ltoba/classfile/Constant, load(Ljava/io/DataInputStream;)[Ltoba/classfile/Constant; >"	3	"bb73"
"< Application, Ltoba/classfile/IHash, <init>(Ltoba/classfile/ClassData;)V >"	7	"bb9"
"< Application, Ltoba/jit/JITCodeGen, EmitCode(Ltoba/classfile/Method;I)V >"	137	"bb129"
"< Application, Ltoba/classfile/Instr, argwords()I >"	8	"bb14"
"< Application, Ltoba/translator/InsGen, igen(Ljava/io/PrintWriter;Ltoba/classfile/Method;Ltoba/classfile/Instr;)V >"	221	"bb236"
"< Application, Ltoba/translator/InsGen, ancestor(Ltoba/classfile/ClassData;Ljava/lang/String;)Z >"	0	"bb8"
"< Application, Ltoba/translator/CFile, cltables(Ljava/io/PrintWriter;Ltoba/classfile/ClassData;)V >"	121	"bb122"
"< Application, Ltoba/runtime/SystemClassLoader, loadPrimitiveClass(C)Ljava/lang/Class; >"	4	"bb21"
"< Application, Ltoba/jit/JITCodeGen, EmitUnOp(Ltoba/classfile/Instr;)V >"	8	"bb25"
"< Application, Ltoba/jit/Intel86, encode([B[B[B)[B >"	24	"bb21"
"< Application, Ltoba/classfile/Method, sigscan()V >"	26	"bb41"
"< Application, Ltoba/jit/CodeBlock, reserveCode(ILtoba/classfile/Instr;Ljava/lang/Object;Ljava/lang/Object;)Ltoba/jit/BackpatchInfo; >"	5	"bb21"
"< Application, Ltoba/classfile/ClassData, <init>(Ljava/lang/Class;)V >"	27	"bb36"
"< Application, Ltoba/classfile/Instr, toString()Ljava/lang/String; >"	35	"bb43"
"< Application, Ltoba/jit/Intel86, TestIntel86([Ljava/lang/String;)V >"	57	"bb54"
"< Application, Ltoba/jit/Intel86, TestIntel86([Ljava/lang/String;)V >"	79	"bb86"
"< Application, Ltoba/jit/JITCodeGen, EmitCode(Ltoba/classfile/Method;I)V >"	614	"bb476"
"< Application, Ltoba/jit/Immediate, toString()Ljava/lang/String; >"	2	"bb7"
"< Application, Ltoba/translator/CFile, methodsigs(Ljava/io/PrintWriter;Ltoba/classfile/ClassData;)V >"	51	"bb53"
"< Application, Ltoba/jit/Immediate, setBestImmSize()Ltoba/jit/Immediate; >"	5	"bb8"
"< Application, Ltoba/Lister, closeClassList([Ljava/lang/String;I)V >"	75	"bb91"
"< Application, Ltoba/classfile/Instr, <init>([BI[Ltoba/classfile/Constant;)V >"	75	"bb68"
"< Application, Ltoba/translator/InsGen, igen(Ljava/io/PrintWriter;Ltoba/classfile/Method;Ltoba/classfile/Instr;)V >"	223	"bb236"
"< Application, Ltoba/classfile/Method, sigscan()V >"	14	"bb41"
"< Application, Ltoba/jit/JITCodeGen, EmitBinOp(Ltoba/classfile/Instr;)V >"	130	"bb195"
"< Application, Ltoba/classfile/Instr, argwords(Ljava/lang/String;)I >"	17	"bb27"
"< Application, Ltoba/classfile/Attribute, find([Ltoba/classfile/Attribute;Ljava/lang/String;)[B >"	0	"bb10"
"< Application, Ltoba/jit/CodeBlock, expandArr(I)V >"	7	"bb10"
"< Application, Ltoba/jit/CodeBlock, storeByteArray([BI)[B >"	2	"bb8"
"< Application, Ltoba/runtime/SystemClassLoader, loadPrimitiveClass(C)Ljava/lang/Class; >"	2	"bb21"
"< Application, Ltoba/translator/CFile, write(Ljava/io/PrintWriter;Ltoba/classfile/ClassData;)V >"	23	"bb35"
"< Application, Ltoba/classfile/Constant, load(Ljava/io/DataInputStream;)[Ltoba/classfile/Constant; >"	34	"bb72"
"< Application, Ltoba/runtime/CodeGen, classVariableSpace([Ltoba/classfile/Field;)I >"	0	"bb13"
"< Application, Ltoba/translator/ClassInstall, copy(Ljava/io/DataInputStream;Ljava/lang/String;)V >"	8	"bb6"
"< Application, Ltoba/runtime/CodeGen, instanceOffsets(Ljava/lang/Class;)[I >"	12	"bb19"
"< Application, Ltoba/classfile/Method, mark(ILjava/lang/String;I)V >"	75	"bb74"
"< Application, Ltoba/translator/CFile, write(Ljava/io/PrintWriter;Ltoba/classfile/ClassData;)V >"	99	"bb120"
"< Application, Ltoba/runtime/CodeGen, hashAddrs(Ljava/lang/Class;[Ltoba/classfile/Field;)[J >"	2	"bb11"
"< Application, Ltoba/runtime/ClassRT, getMethodTEnt(Ljava/lang/Class;Ltoba/classfile/Field;)J >"	3	"bb5"
"< Application, Ltoba/jit/JITCodeGen, EmitUnOp(Ltoba/classfile/Instr;)V >"	11	"bb25"
"< Application, Ltoba/jit/Intel86, makeModRM(Ljava/lang/Object;Ljava/lang/Object;)[B >"	182	"bb153"
"< Application, Ltoba/translator/CFile, emitStaticFinalInit(Ljava/io/PrintWriter;Ltoba/classfile/ClassData;)Z >"	112	"bb139"
"< Application, Ltoba/jit/JITCodeGen, loadClassPointer(Ltoba/classfile/Instr;Ltoba/classfile/ClassRef;ILtoba/jit/Register;)V >"	20	"bb32"
"< Application, Ltoba/InstallClassFile, main([Ljava/lang/String;)V >"	20	"bb21"
"< Application, Ltoba/classfile/Instr, argstring(Ljava/lang/String;)Ljava/lang/String; >"	23	"bb42"
"< Application, Ltoba/jit/Intel86, makeModRM(Ljava/lang/Object;Ljava/lang/Object;)[B >"	42	"bb108"
"< Application, Ltoba/classfile/ClassData, forStream(Ljava/lang/ClassLoader;Ljava/io/DataInputStream;Z)Ltoba/classfile/ClassData; >"	5	"bb10"
"< Application, Ltoba/classfile/Names, idstring(Ljava/lang/String;)Z >"	5	"bb12"
"< Application, Ltoba/jit/JITCodeGen, EmitCode(Ltoba/classfile/Method;I)V >"	682	"bb537"
"< Application, Ltoba/classfile/Method, <init>(Ltoba/classfile/ClassData;Ltoba/classfile/Field;)V >"	74	"bb76"
"< Application, Ltoba/jit/JITCodeGen, InitInstrumentation()V >"	4	"bb8"
"< Application, Ltoba/classfile/MethodRef, findMethod(Ltoba/classfile/ClassData;)Ltoba/classfile/Field; >"	18	"bb28"
"< Application, Ltoba/translator/CFile, hashgen(Ljava/io/PrintWriter;Ltoba/classfile/ClassData;)V >"	53	"bb65"
"< Application, Ltoba/classfile/Instr, nextStack()Ljava/lang/String; >"	123	"bb151"
"< Application, Ltoba/jit/JITCodeGen, Prologue(Ltoba/classfile/Method;I)V >"	105	"bb118"
"< Application, Ltoba/jit/JITCodeGen, EmitBinOp(Ltoba/classfile/Instr;)V >"	234	"bb195"
"< Application, Ltoba/classfile/ClassFile, find(Ljava/lang/String;)Ltoba/classfile/ClassFile; >"	35	"bb32"
"< Application, Ltoba/translator/Trans, options([Ljava/lang/String;)V >"	33	"bb37"
"< Application, Ltoba/jit/Intel86, TestIntel86([Ljava/lang/String;)V >"	33	"bb33"
"< Application, Ltoba/translator/MethGen, mgen(Ljava/io/PrintWriter;Ltoba/classfile/Method;)V >"	103	"bb111"
"< Application, Ltoba/jit/JITCodeGen, generateCode(Ljava/lang/Class;Ltoba/classfile/Method;)Ltoba/classfile/MethodCode; >"	83	"bb93"
"< Application, Ltoba/classfile/ClassData, buildMethodTables(Z)V >"	62	"bb64"
"< Application, Ltoba/jit/JITCodeGen, EmitCkInstance(Ltoba/classfile/Instr;Ltoba/classfile/ClassRef;)V >"	176	"bb122"
"< Application, Ltoba/translator/MethGen, parmdecls(Ltoba/classfile/Method;)Ljava/lang/String; >"	24	"bb31"
"< Application, Ltoba/jit/Intel86, SBB(Ljava/lang/Object;Ljava/lang/Object;)[B >"	15	"bb17"
"< Application, Ltoba/translator/InsGen, igen(Ljava/io/PrintWriter;Ltoba/classfile/Method;Ltoba/classfile/Instr;)V >"	815	"bb798"
"< Application, Ltoba/translator/Trans, main([Ljava/lang/String;)V >"	24	"bb23"
"< Application, Ltoba/jit/JITCodeGen, EmitBinOp(Ltoba/classfile/Instr;)V >"	96	"bb195"
"< Application, Ltoba/classfile/IHash, collisions(Ljava/util/Vector;I)I >"	11	"bb12"
"< Application, Ltoba/classfile/ClassData, <init>(Ljava/io/DataInputStream;)V >"	41	"bb55"
"< Application, Ltoba/Lister, listSystemClasses()V >"	28	"bb40"
"< Application, Ltoba/jit/CodeBlock, getCodeWord(I)I >"	26	"bb23"
"< Application, Ltoba/Lister, closeClassList([Ljava/lang/String;I)V >"	26	"bb20"
"< Application, Ltoba/classfile/IHash, hashlist(Ljava/lang/ClassLoader;Ltoba/classfile/ClassRef;)[I >"	28	"bb39"
"< Application, Ltoba/classfile/Method, <init>(Ltoba/classfile/ClassData;Ltoba/classfile/Field;)V >"	236	"bb233"
"< Application, Ltoba/runtime/Supers, load(Ltoba/classfile/ClassData;Ljava/lang/ClassLoader;)V >"	15	"bb20"
"< Application, Ltoba/translator/CFile, emitStaticFinalInit(Ljava/io/PrintWriter;Ltoba/classfile/ClassData;)Z >"	11	"bb14"
"< Application, Ltoba/jit/JITCodeGen, EmitBinOp(Ltoba/classfile/Instr;)V >"	139	"bb195"
"< Application, Ltoba/jit/JITCodeGen, EmitSyncWrapper(Ltoba/classfile/Method;)V >"	253	"bb201"
"< Application, Ltoba/jit/Intel86, makeModRM(Ljava/lang/Object;Ljava/lang/Object;)[B >"	96	"bb108"
"< Application, Ltoba/classfile/Names, toba_getSRAS(Ljava/lang/String;)Ljava/io/InputStream; >"	31	"bb42"
"< Application, Ltoba/classfile/ClassData, <init>(Ljava/io/DataInputStream;)V >"	50	"bb54"
"< Application, Ltoba/translator/Repr, emitCharData(Ljava/io/PrintWriter;Ljava/lang/String;)V >"	1	"bb19"
"< Application, Ltoba/runtime/CodeGen, referencedClasses(Ljava/lang/Class;Ljava/lang/ClassLoader;)[J >"	20	"bb39"
"< Application, Ltoba/classfile/ClassFile, findInPath(Ljava/lang/String;Ljava/lang/String;Ljava/lang/String;)Ltoba/classfile/ClassFile; >"	15	"bb29"
"< Application, Ltoba/classfile/Instr, argwords(Ljava/lang/String;)I >"	30	"bb19"
"< Application, Ltoba/jit/Intel86, TestIntel86([Ljava/lang/String;)V >"	111	"bb8"
"< Application, Ltoba/jit/JITCodeGen, setCallArgs(Ljava/lang/String;)I >"	28	"bb32"
"< Application, Ltoba/jit/JITCodeGen, EmitBinOp(Ltoba/classfile/Instr;)V >"	17	"bb48"
"< Application, Ltoba/jit/JITCodeGen, EmitCode(Ltoba/classfile/Method;I)V >"	68	"bb69"
"< Application, Ltoba/translator/MethGen, parmdecls(Ltoba/classfile/Method;)Ljava/lang/String; >"	28	"bb31"
"< Application, Ltoba/classfile/Names, hashname(Ljava/lang/String;Ljava/lang/String;Ljava/lang/String;Ljava/lang/StringBuffer;)Ljava/lang/String; >"	2	"bb8"
"< Application, Ltoba/classfile/ClassData, buildTables()V >"	7	"bb10"
"< Application, Ltoba/jit/Intel86, TestIntel86([Ljava/lang/String;)V >"	83	"bb86"
"< Application, Ltoba/classfile/Instr, nextStack()Ljava/lang/String; >"	52	"bb151"
"< Application, Ltoba/jit/Intel86, Jccn(ILjava/lang/Object;)[B >"	1	"bb6"
"< Application, Ltoba/jit/Intel86, SBB(Ljava/lang/Object;Ljava/lang/Object;)[B >"	10	"bb13"
"< Application, Ltoba/translator/MethGen, parmdecls(Ltoba/classfile/Method;)Ljava/lang/String; >"	38	"bb11"
"< Application, Ltoba/jit/JITCodeGen, EmitCode(Ltoba/classfile/Method;I)V >"	1354	"bb1046"
"< Application, Ltoba/runtime/CodeGen, staticMethodAddrs(Ljava/lang/Class;[Ltoba/classfile/Field;)[J >"	3	"bb20"
"< Application, Ltoba/jit/Intel86, OR(Ljava/lang/Object;Ljava/lang/Object;)[B >"	10	"bb13"
"< Application, Ltoba/runtime/Resolve, resolveClass(Ltoba/classfile/ClassData;Ljava/lang/ClassLoader;)V >"	34	"bb50"
"< Application, Ltoba/classfile/ClassRef, bySignature(Ljava/lang/String;)Ltoba/classfile/ClassRef; >"	31	"bb31"
"< Application, Ltoba/classfile/Constant, readUTF(Ljava/io/DataInput;)Ljava/lang/String; >"	29	"bb35"
"< Application, Ltoba/classfile/ClassData, ivregister()V >"	0	"bb11"
"< Application, Ltoba/jit/CodeBlock, doBackPatch(Ltoba/jit/BackpatchInfo;)V >"	128	"bb403"
"< Application, Ltoba/jit/Intel86, TEST(Ljava/lang/Object;Ljava/lang/Object;)[B >"	26	"bb27"
"< Application, Ltoba/jit/Intel86, MOV(Ljava/lang/Object;Ljava/lang/Object;)[B >"	13	"bb16"
"< Application, Ltoba/jit/Intel86, SUB(Ljava/lang/Object;Ljava/lang/Object;)[B >"	15	"bb17"
"< Application, Ltoba/classfile/Constant, load(Ljava/io/DataInputStream;)[Ltoba/classfile/Constant; >"	165	"bb159"
"< Application, Ltoba/translator/CFile, gfloats(Ljava/io/PrintWriter;[Ltoba/classfile/Constant;)V >"	1	"bb42"
"< Application, Ltoba/jit/Intel86, XOR(Ljava/lang/Object;Ljava/lang/Object;)[B >"	15	"bb17"
"< Application, Ltoba/translator/MethGen, parmdecls(Ltoba/classfile/Method;)Ljava/lang/String; >"	25	"bb31"
"< Application, Ltoba/classfile/Names, toba_getSRAS(Ljava/lang/String;)Ljava/io/InputStream; >"	38	"bb42"
"< Application, Ltoba/translator/MethGen, syncwrap(Ljava/io/PrintWriter;Ltoba/classfile/Method;)V >"	88	"bb88"
"< Application, Ltoba/Lister, closeClassList([Ljava/lang/String;I)V >"	27	"bb94"
"< Application, Ltoba/classfile/Constant, readUTF(Ljava/io/DataInput;)Ljava/lang/String; >"	54	"bb35"
"< Application, Ltoba/jit/Intel86, makeModRM(Ljava/lang/Object;Ljava/lang/Object;)[B >"	211	"bb164"
"< Application, Ltoba/jit/MemoryRef, toString()Ljava/lang/String; >"	31	"bb37"
"< Application, Ltoba/jit/Intel86, TestIntel86([Ljava/lang/String;)V >"	25	"bb26"
"< Application, Ltoba/classfile/Instr, nextStack()Ljava/lang/String; >"	159	"bb151"
"< Application, Ltoba/jit/JITCodeGen, <clinit>()V >"	242	"bb116"
"< Application, Ltoba/translator/HFile, argtypes(Ltoba/classfile/Field;)Ljava/lang/String; >"	25	"bb39"
"< Application, Ltoba/jit/BackpatchInfo, toString()Ljava/lang/String; >"	17	"bb42"
"< Application, Ltoba/jit/JITCodeGen, EmitCode(Ltoba/classfile/Method;I)V >"	950	"bb727"
"< Application, Ltoba/classfile/ClassData, buildMethodTables(Z)V >"	5	"bb11"
"< Application, Ltoba/translator/MethGen, mgen(Ljava/io/PrintWriter;Ltoba/classfile/Method;)V >"	109	"bb109"
"< Application, Ltoba/InstallClassFile, main([Ljava/lang/String;)V >"	27	"bb29"
"< Application, Ltoba/classfile/Instr, <init>([BI[Ltoba/classfile/Constant;)V >"	123	"bb98"
"< Application, Ltoba/jit/Immediate, <init>(IZ)V >"	2	"bb5"
"< Application, Ltoba/classfile/Method, <init>(Ltoba/classfile/ClassData;Ltoba/classfile/Field;)V >"	161	"bb157"
"< Application, Ltoba/jit/CodeBlock, doBackPatch(Ltoba/jit/BackpatchInfo;)V >"	133	"bb130"
"< Application, Ltoba/classfile/ClassFile, find(Ljava/lang/String;)Ltoba/classfile/ClassFile; >"	46	"bb39"
"< Application, Ltoba/jit/CodeBlock, doBackPatch(Ltoba/jit/BackpatchInfo;)V >"	255	"bb403"
"< Application, Ltoba/runtime/CodeGen, buildNativeClass(Ltoba/classfile/ClassData;Ljava/lang/ClassLoader;)Ljava/lang/Class; >"	16	"bb19"
"< Application, Ltoba/translator/Trans, genmain(Ltoba/classfile/ClassData;)V >"	0	"bb14"
"< Application, Ltoba/jit/Intel86, makeModRM(Ljava/lang/Object;Ljava/lang/Object;)[B >"	122	"bb108"
"< Application, Ltoba/translator/Trans, setdbg(Ljava/lang/String;)V >"	13	"bb13"
"< Application, Ltoba/classfile/ClassData, <init>(Ljava/lang/Class;)V >"	14	"bb22"
"< Application, Ltoba/runtime/CodeGen, instanceSize([Ltoba/classfile/Field;[I)I >"	15	"bb21"
"< Application, Ltoba/jit/Intel86, TestIntel86([Ljava/lang/String;)V >"	16	"bb18"
"< Application, Ltoba/runtime/CodeGen, buildNativeClass(Ltoba/classfile/ClassData;Ljava/lang/ClassLoader;)Ljava/lang/Class; >"	72	"bb91"
"< Application, Ltoba/classfile/ClassFile, find(Ljava/lang/String;)Ltoba/classfile/ClassFile; >"	44	"bb39"
"< Application, Ltoba/jit/CodeBlock, doBackPatch(Ltoba/jit/BackpatchInfo;)V >"	377	"bb329"
"< Application, Ltoba/translator/HFile, argtypes(Ltoba/classfile/Field;)Ljava/lang/String; >"	21	"bb39"
"< Application, Ltoba/jit/Intel86, encode([B[B[B)[B >"	14	"bb15"
"< Application, Ltoba/classfile/ClassData, buildMethodTables(Z)V >"	18	"bb24"
"< Application, Ltoba/jit/Intel86, makeModRM(Ljava/lang/Object;Ljava/lang/Object;)[B >"	46	"bb108"
"< Application, Ltoba/classfile/Instr, dump(Ljava/io/PrintWriter;[Ltoba/classfile/Instr;)V >"	2	"bb8"
"< Application, Ltoba/classfile/Instr, argwords(Ljava/lang/String;)I >"	42	"bb27"
"< Application, Ltoba/translator/Trans, setdbg(Ljava/lang/String;)V >"	0	"bb5"
"< Application, Ltoba/jit/Intel86, makeModRM(Ljava/lang/Object;Ljava/lang/Object;)[B >"	62	"bb108"
"< Application, Ltoba/jit/JITCodeGen, EmitUnOp(Ltoba/classfile/Instr;)V >"	106	"bb154"
"< Application, Ltoba/classfile/ClassData, addSymFields([Ltoba/classfile/Field;)V >"	0	"bb12"
"< Application, Ltoba/classfile/Instr, argwords(Ljava/lang/String;)I >"	15	"bb27"
"< Application, Ltoba/classfile/VariableRef, findVariable(Ltoba/classfile/ClassData;)Ltoba/classfile/Field; >"	18	"bb28"
"< Application, Ltoba/jit/Intel86, TEST(Ljava/lang/Object;Ljava/lang/Object;)[B >"	10	"bb13"
"< Application, Ltoba/jit/CodeBlock, reserveCode(ILtoba/classfile/Instr;Ljava/lang/Object;Ljava/lang/Object;)Ltoba/jit/BackpatchInfo; >"	3	"bb21"
"< Application, Ltoba/jit/JITCodeGen, EmitBinOp(Ltoba/classfile/Instr;)V >"	45	"bb48"
"< Application, Ltoba/translator/Trans, options([Ljava/lang/String;)V >"	35	"bb37"
"< Application, Ltoba/jit/Intel86, makeModRM(Ljava/lang/Object;Ljava/lang/Object;)[B >"	110	"bb108"
"< Application, Ltoba/jit/JITCodeGen, EmitCode(Ltoba/classfile/Method;I)V >"	904	"bb695"
"< Application, Ltoba/jit/JITCodeGen, EmitUnOp(Ltoba/classfile/Instr;)V >"	36	"bb154"
"< Application, Ltoba/translator/MethGen, dclvars(Ljava/io/PrintWriter;Ltoba/classfile/Method;CZ)V >"	27	"bb38"
"< Application, Ltoba/translator/CFile, cltables(Ljava/io/PrintWriter;Ltoba/classfile/ClassData;)V >"	89	"bb91"
"< Application, Ltoba/classfile/Instr, argstring(Ljava/lang/String;)Ljava/lang/String; >"	25	"bb42"
"< Application, Ltoba/jit/JITCodeGen, EmitBinOp(Ltoba/classfile/Instr;)V >"	106	"bb195"
"< Application, Ltoba/translator/InsGen, stackvar(Ltoba/classfile/Instr;I)Ljava/lang/String; >"	2	"bb8"
"< Application, Ltoba/classfile/MethodRef, findMethod(Ltoba/classfile/ClassData;)Ltoba/classfile/Field; >"	2	"bb14"
"< Application, Ltoba/jit/Intel86, makeModRM(Ljava/lang/Object;Ljava/lang/Object;)[B >"	21	"bb24"
"< Application, Ltoba/jit/JIT, main([Ljava/lang/String;)V >"	5	"bb19"
"< Application, Ltoba/jit/CodeBlock, reserveCode(ILtoba/classfile/Instr;Ljava/lang/Object;Ljava/lang/Object;)Ltoba/jit/BackpatchInfo; >"	31	"bb36"
"< Application, Ltoba/classfile/Constant, load(Ljava/io/DataInputStream;)[Ltoba/classfile/Constant; >"	46	"bb72"
"< Application, Ltoba/jit/JIT, main([Ljava/lang/String;)V >"	18	"bb19"
"< Application, Ltoba/translator/MethGen, lvinits(Ljava/io/PrintWriter;Ltoba/classfile/Method;)V >"	24	"bb31"
"< Application, Ltoba/classfile/Instr, argwords(Ljava/lang/String;)I >"	28	"bb27"
"< Application, Ltoba/jit/JITCodeGen, EmitUnOp(Ltoba/classfile/Instr;)V >"	64	"bb154"
"< Application, Ltoba/jit/CodeBlock, reserveCode(ILtoba/classfile/Instr;Ljava/lang/Object;J)Ltoba/jit/BackpatchInfo; >"	13	"bb22"
"< Application, Ltoba/jit/JITCodeGen, EmitCode(Ltoba/classfile/Method;I)V >"	683	"bb537"
"< Application, Ltoba/jit/Intel86, emitByteArray([B)V >"	0	"bb25"
"< Application, Ltoba/jit/JITCodeGen, EmitUnOp(Ltoba/classfile/Instr;)V >"	70	"bb154"
"< Application, Ltoba/runtime/CodeGen, internStrings(Ljava/lang/Class;)[Ljava/lang/String; >"	19	"bb28"
