"< Application, Ltoba/jit/JITCodeGen, EmitBinOp(Ltoba/classfile/Instr;)V >"	58	71	java_constant_int(118)	"bb186"
"< Application, Ltoba/classfile/Instr, regtype(Ljava/lang/String;)C >"	1	5	java_constant_int(73)	"bb7"
"< Application, Ltoba/jit/JITCodeGen, EmitUnOp(Ltoba/classfile/Instr;)V >"	4	7	java_constant_int(138)	"bb12"
"< Application, Ltoba/translator/HFile, argtypes(Ltoba/classfile/Field;)Ljava/lang/String; >"	9	15	java_constant_int(41)	"bb40"
"< Application, Ltoba/jit/JITCodeGen, EmitIfCmp(Ltoba/classfile/Instr;Ltoba/classfile/Method;)V >"	23	31	java_constant_int(163)	"bb28"
"< Application, Ltoba/classfile/Constant, load(Ljava/io/DataInputStream;)[Ltoba/classfile/Constant; >"	11	14	java_constant_int(4)	"bb34"
"< Application, Ltoba/runtime/CodeGen, buildNativeClass(Ltoba/classfile/ClassData;Ljava/lang/ClassLoader;)Ljava/lang/Class; >"	61	64	java_constant_int(7)	"bb88"
"< Application, Ltoba/classfile/Names, csignature(Ljava/lang/String;)Ljava/lang/String; >"	15	10	java_constant_int(73)	"bb26"
"< Application, Ltoba/classfile/Instr, nextStack()Ljava/lang/String; >"	29	17	java_constant_int(179)	"bb54"
"< Application, Ltoba/translator/InsGen, igen(Ljava/io/PrintWriter;Ltoba/classfile/Method;Ltoba/classfile/Instr;)V >"	5	8	java_constant_int(184)	"bb1022"
"< Application, Ltoba/classfile/Instr, nextStack()Ljava/lang/String; >"	29	17	java_constant_int(89)	"bb77"
"< Application, Ltoba/classfile/Instr, nextStack()Ljava/lang/String; >"	32	178	java_constant_int(6)	"bb39"
"< Application, Ltoba/jit/JITCodeGen, EmitCode(Ltoba/classfile/Method;I)V >"	57	50	java_constant_int(91)	"bb585"
"< Application, Ltoba/jit/JITCodeGen, EmitCode(Ltoba/classfile/Method;I)V >"	57	50	java_constant_int(21)	"bb138"
"< Application, Ltoba/classfile/ClassRef, bySignature(Ljava/lang/String;)Ltoba/classfile/ClassRef; >"	1	6	java_constant_int(83)	"bb12"
"< Application, Ltoba/translator/InsGen, igen(Ljava/io/PrintWriter;Ltoba/classfile/Method;Ltoba/classfile/Instr;)V >"	5	8	java_constant_int(159)	"bb870"
"< Application, Ltoba/classfile/Instr, regtype(Ljava/lang/String;)C >"	1	5	java_constant_int(74)	"bb8"
"< Application, Ltoba/jit/JITCodeGen, EmitBinOp(Ltoba/classfile/Instr;)V >"	58	71	java_constant_int(99)	"bb157"
"< Application, Ltoba/jit/Intel86, PUSH(Ljava/lang/Object;)[B >"	1	5	java_constant_int(2)	"bb9"
"< Application, Ltoba/translator/InsGen, igen(Ljava/io/PrintWriter;Ltoba/classfile/Method;Ltoba/classfile/Instr;)V >"	218	1420	java_constant_int(5)	"bb218"
"< Application, Ltoba/jit/JITCodeGen, EmitSyncWrapper(Ltoba/classfile/Method;)V >"	308	387	java_constant_int(68)	"bb231"
"< Application, Ltoba/jit/JITCodeGen, pushFromMemory(Ltoba/jit/Register;C)V >"	6	3	java_constant_int(83)	"bb54"
"< Application, Ltoba/jit/CodeBlock, reserveCode(ILtoba/classfile/Instr;Ljava/lang/Object;Ljava/lang/Object;)Ltoba/jit/BackpatchInfo; >"	1	2	java_constant_int(6)	"bb9"
"< Application, Ltoba/classfile/Constant, load(Ljava/io/DataInputStream;)[Ltoba/classfile/Constant; >"	11	14	java_constant_int(8)	"bb51"
"< Application, Ltoba/translator/InsGen, igen(Ljava/io/PrintWriter;Ltoba/classfile/Method;Ltoba/classfile/Instr;)V >"	5	8	java_constant_int(148)	"bb816"
"< Application, Ltoba/jit/Intel86, makeByteArray(Ltoba/jit/Immediate;)[B >"	2	8	java_constant_int(1)	"bb4"
"< Application, Ltoba/jit/JITCodeGen, EmitCode(Ltoba/classfile/Method;I)V >"	57	50	java_constant_int(95)	"bb647"
"< Application, Ltoba/classfile/Constant, load(Ljava/io/DataInputStream;)[Ltoba/classfile/Constant; >"	129	99	java_constant_int(10)	"bb123"
"< Application, Ltoba/translator/Repr, ctype(C)Ljava/lang/String; >"	0	1	java_constant_int(108)	"bb7"
"< Application, Ltoba/jit/JITCodeGen, EmitBinOp(Ltoba/classfile/Instr;)V >"	58	71	java_constant_int(100)	"bb54"
"< Application, Ltoba/jit/CodeBlock, doBackPatch(Ltoba/jit/BackpatchInfo;)V >"	69	71	java_constant_int(4)	"bb180"
"< Application, Ltoba/classfile/Names, classref(Ljava/lang/String;)Ljava/lang/String; >"	1	5	java_constant_int(90)	"bb10"
"< Application, Ltoba/jit/JITCodeGen, EmitCode(Ltoba/classfile/Method;I)V >"	57	50	java_constant_int(177)	"bb1049"
"< Application, Ltoba/jit/JITCodeGen, EmitCode(Ltoba/classfile/Method;I)V >"	106	1587	java_constant_int(4)	"bb95"
"< Application, Ltoba/jit/JITCodeGen, popIntoMemory(Ltoba/jit/Register;C)V >"	9	3	java_constant_int(67)	"bb25"
"< Application, Ltoba/jit/JITCodeGen, EmitCode(Ltoba/classfile/Method;I)V >"	57	50	java_constant_int(92)	"bb600"
"< Application, Ltoba/jit/JITCodeGen, EmitBinOp(Ltoba/classfile/Instr;)V >"	58	71	java_constant_int(98)	"bb157"
"< Application, Ltoba/translator/MethGen, parmdecls(Ltoba/classfile/Method;)Ljava/lang/String; >"	11	17	java_constant_int(70)	"bb26"
"< Application, Ltoba/classfile/Constant, load(Ljava/io/DataInputStream;)[Ltoba/classfile/Constant; >"	11	14	java_constant_int(6)	"bb45"
"< Application, Ltoba/translator/Repr, ctype(C)Ljava/lang/String; >"	0	1	java_constant_int(90)	"bb10"
"< Application, Ltoba/jit/Intel86, makeModRM(Ljava/lang/Object;Ljava/lang/Object;)[B >"	156	187	java_constant_int(84)	"bb140"
"< Application, Ltoba/translator/HFile, argtypes(Ltoba/classfile/Field;)Ljava/lang/String; >"	9	15	java_constant_int(73)	"bb19"
"< Application, Ltoba/classfile/Constant, load(Ljava/io/DataInputStream;)[Ltoba/classfile/Constant; >"	11	14	java_constant_int(1)	"bb13"
"< Application, Ltoba/classfile/Method, sigscan()V >"	48	63	java_constant_int(73)	"bb56"
"< Application, Ltoba/jit/JITCodeGen, popIntoMemory(Ltoba/jit/Register;C)V >"	9	3	java_constant_int(83)	"bb25"
"< Application, Ltoba/jit/JITCodeGen, EmitUnOp(Ltoba/classfile/Instr;)V >"	4	7	java_constant_int(145)	"bb6"
"< Application, Ltoba/jit/JITCodeGen, EmitCode(Ltoba/classfile/Method;I)V >"	57	50	java_constant_int(196)	"bb1094"
"< Application, Ltoba/classfile/Instr, argstring(Ljava/lang/String;)Ljava/lang/String; >"	4	10	java_constant_int(67)	"bb17"
"< Application, Ltoba/jit/JITCodeGen, EmitCode(Ltoba/classfile/Method;I)V >"	679	951	java_constant_int(46)	"bb525"
"< Application, Ltoba/classfile/Instr, argwords(Ljava/lang/String;)I >"	2	8	java_constant_int(91)	"bb18"
"< Application, Ltoba/jit/JITCodeGen, EmitBinOp(Ltoba/classfile/Instr;)V >"	58	71	java_constant_int(117)	"bb186"
"< Application, Ltoba/classfile/Names, classref(Ljava/lang/String;)Ljava/lang/String; >"	1	5	java_constant_int(70)	"bb6"
"< Application, Ltoba/translator/Trans, options([Ljava/lang/String;)V >"	10	16	java_constant_int(80)	"bb21"
"< Application, Ltoba/jit/JITCodeGen, EmitCode(Ltoba/classfile/Method;I)V >"	57	50	java_constant_int(54)	"bb155"
"< Application, Ltoba/jit/Intel86, makeModRM(Ljava/lang/Object;Ljava/lang/Object;)[B >"	40	46	java_constant_int(2)	"bb38"
"< Application, Ltoba/jit/Intel86, makeModRM(Ljava/lang/Object;Ljava/lang/Object;)[B >"	40	46	java_constant_int(15)	"bb100"
"< Application, Ltoba/jit/JITCodeGen, EmitRetvalStore(Ltoba/classfile/FieldRef;)V >"	4	11	java_constant_int(74)	"bb11"
"< Application, Ltoba/jit/CodeBlock, reserveCode(ILtoba/classfile/Instr;Ljava/lang/Object;J)Ltoba/jit/BackpatchInfo; >"	1	2	java_constant_int(8)	"bb3"
"< Application, Ltoba/jit/Intel86, makeModRM(Ljava/lang/Object;Ljava/lang/Object;)[B >"	156	187	java_constant_int(18)	"bb140"
"< Application, Ltoba/translator/InsGen, igen(Ljava/io/PrintWriter;Ltoba/classfile/Method;Ltoba/classfile/Instr;)V >"	5	8	java_constant_int(153)	"bb858"
"< Application, Ltoba/translator/CFile, emitStaticFinalInit(Ljava/io/PrintWriter;Ltoba/classfile/ClassData;)Z >"	32	49	java_constant_int(6)	"bb77"
"< Application, Ltoba/runtime/CodeGen, buildNativeClass(Ltoba/classfile/ClassData;Ljava/lang/ClassLoader;)Ljava/lang/Class; >"	61	64	java_constant_int(5)	"bb62"
"< Application, Ltoba/jit/Intel86, makeModRM(Ljava/lang/Object;Ljava/lang/Object;)[B >"	40	46	java_constant_int(4)	"bb55"
"< Application, Ltoba/jit/JITCodeGen, EmitIfCmp(Ltoba/classfile/Instr;Ltoba/classfile/Method;)V >"	23	31	java_constant_int(155)	"bb25"
"< Application, Ltoba/jit/Immediate, toString()Ljava/lang/String; >"	1	3	java_constant_int(4)	"bb5"
"< Application, Ltoba/jit/JITCodeGen, EmitBinOp(Ltoba/classfile/Instr;)V >"	58	71	java_constant_int(113)	"bb102"
"< Application, Ltoba/jit/JITCodeGen, EmitBinOp(Ltoba/classfile/Instr;)V >"	58	71	java_constant_int(109)	"bb102"
"< Application, Ltoba/translator/HFile, argtypes(Ltoba/classfile/Field;)Ljava/lang/String; >"	9	15	java_constant_int(74)	"bb21"
"< Application, Ltoba/classfile/Constant, load(Ljava/io/DataInputStream;)[Ltoba/classfile/Constant; >"	129	99	java_constant_int(11)	"bb123"
"< Application, Ltoba/jit/JITCodeGen, EmitCode(Ltoba/classfile/Method;I)V >"	698	908	java_constant_int(81)	"bb542"
"< Application, Ltoba/jit/JITCodeGen, loadClassPointer(Ltoba/classfile/Instr;Ltoba/classfile/ClassRef;ILtoba/jit/Register;)V >"	8	17	java_constant_int(74)	"bb19"
"< Application, Ltoba/translator/InsGen, igen(Ljava/io/PrintWriter;Ltoba/classfile/Method;Ltoba/classfile/Instr;)V >"	218	1420	java_constant_int(7)	"bb220"
"< Application, Ltoba/jit/JITCodeGen, EmitUnOp(Ltoba/classfile/Instr;)V >"	29	34	java_constant_int(138)	"bb73"
"< Application, Ltoba/jit/JITCodeGen, EmitBinOp(Ltoba/classfile/Instr;)V >"	58	71	java_constant_int(128)	"bb77"
"< Application, Ltoba/translator/MethGen, parmdecls(Ltoba/classfile/Method;)Ljava/lang/String; >"	11	17	java_constant_int(91)	"bb15"
"< Application, Ltoba/jit/Intel86, makeModRM(Ljava/lang/Object;Ljava/lang/Object;)[B >"	156	187	java_constant_int(82)	"bb140"
"< Application, Ltoba/jit/JITCodeGen, EmitSyncWrapper(Ltoba/classfile/Method;)V >"	398	387	java_constant_int(86)	"bb306"
"< Application, Ltoba/jit/Intel86, makeModRM(Ljava/lang/Object;Ljava/lang/Object;)[B >"	40	46	java_constant_int(8)	"bb81"
"< Application, Ltoba/translator/InsGen, igen(Ljava/io/PrintWriter;Ltoba/classfile/Method;Ltoba/classfile/Instr;)V >"	5	8	java_constant_int(90)	"bb437"
"< Application, Ltoba/jit/JITCodeGen, loadClassPointer(Ltoba/classfile/Instr;Ltoba/classfile/ClassRef;ILtoba/jit/Register;)V >"	8	17	java_constant_int(67)	"bb11"
"< Application, Ltoba/classfile/Constant, load(Ljava/io/DataInputStream;)[Ltoba/classfile/Constant; >"	11	14	java_constant_int(3)	"bb29"
"< Application, Ltoba/jit/JITCodeGen, EmitCode(Ltoba/classfile/Method;I)V >"	679	951	java_constant_int(49)	"bb526"
"< Application, Ltoba/jit/JITCodeGen, EmitIfCmp(Ltoba/classfile/Instr;Ltoba/classfile/Method;)V >"	23	31	java_constant_int(198)	"bb19"
"< Application, Ltoba/jit/JITCodeGen, EmitSyncWrapper(Ltoba/classfile/Method;)V >"	398	387	java_constant_int(73)	"bb292"
"< Application, Ltoba/jit/JITCodeGen, EmitCode(Ltoba/classfile/Method;I)V >"	57	50	java_constant_int(187)	"bb293"
"< Application, Ltoba/translator/Repr, ctype(C)Ljava/lang/String; >"	0	1	java_constant_int(74)	"bb7"
"< Application, Ltoba/jit/Intel86, makeModRM(Ljava/lang/Object;Ljava/lang/Object;)[B >"	40	46	java_constant_int(1)	"bb37"
"< Application, Ltoba/jit/JITCodeGen, EmitCode(Ltoba/classfile/Method;I)V >"	57	50	java_constant_int(180)	"bb221"
"< Application, Ltoba/jit/JITCodeGen, EmitRetvalStore(Ltoba/classfile/FieldRef;)V >"	4	11	java_constant_int(76)	"bb5"
"< Application, Ltoba/classfile/ClassRef, bySignature(Ljava/lang/String;)Ltoba/classfile/ClassRef; >"	1	6	java_constant_int(67)	"bb9"
"< Application, Ltoba/classfile/Constant, readUTF(Ljava/io/DataInput;)Ljava/lang/String; >"	5	10	java_constant_int(2)	"bb6"
"< Application, Ltoba/jit/JITCodeGen, popIntoMemory(Ltoba/jit/Register;C)V >"	9	3	java_constant_int(76)	"bb32"
"< Application, Ltoba/jit/JITCodeGen, EmitCode(Ltoba/classfile/Method;I)V >"	57	50	java_constant_int(171)	"bb809"
"< Application, Ltoba/jit/Intel86, FILD(Ljava/lang/Object;)[B >"	12	17	java_constant_int(2)	"bb13"
"< Application, Ltoba/translator/MethGen, parmdecls(Ltoba/classfile/Method;)Ljava/lang/String; >"	11	17	java_constant_int(67)	"bb24"
"< Application, Ltoba/translator/InsGen, igen(Ljava/io/PrintWriter;Ltoba/classfile/Method;Ltoba/classfile/Instr;)V >"	5	8	java_constant_int(169)	"bb968"
"< Application, Ltoba/translator/Trans, options([Ljava/lang/String;)V >"	10	16	java_constant_int(77)	"bb20"
"< Application, Ltoba/classfile/Constant, readUTF(Ljava/io/DataInput;)Ljava/lang/String; >"	5	10	java_constant_int(6)	"bb6"
"< Application, Ltoba/jit/CodeBlock, reserveCode(ILtoba/classfile/Instr;Ljava/lang/Object;Ljava/lang/Object;)Ltoba/jit/BackpatchInfo; >"	1	2	java_constant_int(7)	"bb7"
"< Application, Ltoba/classfile/Instr, nextStack()Ljava/lang/String; >"	29	17	java_constant_int(91)	"bb105"
"< Application, Ltoba/jit/JITCodeGen, EmitBinOp(Ltoba/classfile/Instr;)V >"	58	71	java_constant_int(123)	"bb140"
"< Application, Ltoba/jit/JITCodeGen, EmitUnOp(Ltoba/classfile/Instr;)V >"	4	7	java_constant_int(134)	"bb6"
"< Application, Ltoba/jit/JITCodeGen, EmitBinOp(Ltoba/classfile/Instr;)V >"	58	71	java_constant_int(125)	"bb140"
"< Application, Ltoba/jit/JITCodeGen, EmitUnOp(Ltoba/classfile/Instr;)V >"	4	7	java_constant_int(136)	"bb12"
"< Application, Ltoba/jit/JITCodeGen, EmitRetvalStore(Ltoba/classfile/FieldRef;)V >"	4	11	java_constant_int(66)	"bb5"
"< Application, Ltoba/translator/HFile, argtypes(Ltoba/classfile/Field;)Ljava/lang/String; >"	9	15	java_constant_int(70)	"bb17"
"< Application, Ltoba/classfile/Method, sigscan()V >"	48	63	java_constant_int(70)	"bb54"
"< Application, Ltoba/jit/JITCodeGen, EmitUnOp(Ltoba/classfile/Instr;)V >"	29	34	java_constant_int(144)	"bb154"
"< Application, Ltoba/jit/JITCodeGen, EmitCode(Ltoba/classfile/Method;I)V >"	698	908	java_constant_int(84)	"bb544"
"< Application, Ltoba/classfile/ClassRef, bySignature(Ljava/lang/String;)Ltoba/classfile/ClassRef; >"	1	6	java_constant_int(76)	"bb27"
"< Application, Ltoba/classfile/Names, csignature(Ljava/lang/String;)Ljava/lang/String; >"	15	10	java_constant_int(68)	"bb22"
"< Application, Ltoba/classfile/Instr, argwords(Ljava/lang/String;)I >"	2	8	java_constant_int(73)	"bb10"
"< Application, Ltoba/classfile/Instr, argstring(Ljava/lang/String;)Ljava/lang/String; >"	4	10	java_constant_int(41)	"bb6"
"< Application, Ltoba/jit/JITCodeGen, EmitSyncWrapper(Ltoba/classfile/Method;)V >"	398	387	java_constant_int(76)	"bb292"
"< Application, Ltoba/classfile/Instr, argstring(Ljava/lang/String;)Ljava/lang/String; >"	4	10	java_constant_int(90)	"bb29"
"< Application, Ltoba/jit/JITCodeGen, EmitRetvalStore(Ltoba/classfile/FieldRef;)V >"	4	11	java_constant_int(67)	"bb5"
"< Application, Ltoba/classfile/Instr, nextStack()Ljava/lang/String; >"	32	178	java_constant_int(5)	"bb35"
"< Application, Ltoba/translator/InsGen, igen(Ljava/io/PrintWriter;Ltoba/classfile/Method;Ltoba/classfile/Instr;)V >"	5	8	java_constant_int(1)	"bb7"
"< Application, Ltoba/jit/Intel86, makeModRM(Ljava/lang/Object;Ljava/lang/Object;)[B >"	40	46	java_constant_int(10)	"bb81"
"< Application, Ltoba/classfile/Method, sigscan()V >"	48	63	java_constant_int(86)	"bb46"
"< Application, Ltoba/jit/JITCodeGen, EmitSyncWrapper(Ltoba/classfile/Method;)V >"	308	387	java_constant_int(70)	"bb231"
"< Application, Ltoba/classfile/Instr, argwords(Ljava/lang/String;)I >"	2	8	java_constant_int(83)	"bb12"
"< Application, Ltoba/jit/JITCodeGen, EmitCode(Ltoba/classfile/Method;I)V >"	679	951	java_constant_int(52)	"bb528"
"< Application, Ltoba/translator/InsGen, igen(Ljava/io/PrintWriter;Ltoba/classfile/Method;Ltoba/classfile/Instr;)V >"	5	8	java_constant_int(95)	"bb694"
"< Application, Ltoba/classfile/Instr, nextStack()Ljava/lang/String; >"	32	178	java_constant_int(3)	"bb33"
"< Application, Ltoba/jit/JITCodeGen, EmitSyncWrapper(Ltoba/classfile/Method;)V >"	398	387	java_constant_int(90)	"bb292"
"< Application, Ltoba/classfile/Instr, argwords()I >"	2	4	java_constant_int(182)	"bb4"
"< Application, Ltoba/jit/Intel86, makeModRM(Ljava/lang/Object;Ljava/lang/Object;)[B >"	40	46	java_constant_int(0)	"bb36"
"< Application, Ltoba/jit/JITCodeGen, EmitSyncWrapper(Ltoba/classfile/Method;)V >"	308	387	java_constant_int(73)	"bb228"
"< Application, Ltoba/jit/JITCodeGen, EmitBinOp(Ltoba/classfile/Instr;)V >"	58	71	java_constant_int(124)	"bb89"
"< Application, Ltoba/runtime/CodeGen, buildNativeClass(Ltoba/classfile/ClassData;Ljava/lang/ClassLoader;)Ljava/lang/Class; >"	61	64	java_constant_int(6)	"bb73"
"< Application, Ltoba/runtime/SystemClassLoader, loadPrimitiveClass(C)Ljava/lang/Class; >"	0	1	java_constant_int(90)	"bb2"
"< Application, Ltoba/jit/JITCodeGen, EmitSyncWrapper(Ltoba/classfile/Method;)V >"	398	387	java_constant_int(66)	"bb292"
"< Application, Ltoba/classfile/Constant, load(Ljava/io/DataInputStream;)[Ltoba/classfile/Constant; >"	11	14	java_constant_int(7)	"bb51"
"< Application, Ltoba/translator/HFile, argtypes(Ltoba/classfile/Field;)Ljava/lang/String; >"	9	15	java_constant_int(67)	"bb13"
"< Application, Ltoba/jit/JITCodeGen, EmitCode(Ltoba/classfile/Method;I)V >"	57	50	java_constant_int(90)	"bb574"
"< Application, Ltoba/translator/InsGen, igen(Ljava/io/PrintWriter;Ltoba/classfile/Method;Ltoba/classfile/Instr;)V >"	5	8	java_constant_int(91)	"bb472"
"< Application, Ltoba/jit/JITCodeGen, EmitUnOp(Ltoba/classfile/Instr;)V >"	29	34	java_constant_int(134)	"bb34"
"< Application, Ltoba/jit/JITCodeGen, EmitSyncWrapper(Ltoba/classfile/Method;)V >"	308	387	java_constant_int(66)	"bb228"
"< Application, Ltoba/jit/Intel86, makeModRM(Ljava/lang/Object;Ljava/lang/Object;)[B >"	40	46	java_constant_int(13)	"bb85"
"< Application, Ltoba/jit/JITCodeGen, pushFromMemory(Ltoba/jit/Register;C)V >"	6	3	java_constant_int(90)	"bb17"
"< Application, Ltoba/jit/JITCodeGen, EmitUnOp(Ltoba/classfile/Instr;)V >"	4	7	java_constant_int(135)	"bb6"
"< Application, Ltoba/jit/JITCodeGen, EmitUnOp(Ltoba/classfile/Instr;)V >"	4	7	java_constant_int(117)	"bb12"
"< Application, Ltoba/jit/Immediate, toString()Ljava/lang/String; >"	1	3	java_constant_int(3)	"bb6"
"< Application, Ltoba/jit/JITCodeGen, EmitCode(Ltoba/classfile/Method;I)V >"	57	50	java_constant_int(159)	"bb755"
"< Application, Ltoba/jit/JITCodeGen, EmitCode(Ltoba/classfile/Method;I)V >"	57	50	java_constant_int(79)	"bb540"
"< Application, Ltoba/classfile/ClassRef, bySignature(Ljava/lang/String;)Ltoba/classfile/ClassRef; >"	1	6	java_constant_int(68)	"bb24"
"< Application, Ltoba/jit/Intel86, FISTP(Ljava/lang/Object;)[B >"	12	17	java_constant_int(4)	"bb17"
"< Application, Ltoba/classfile/Instr, argstring(Ljava/lang/String;)Ljava/lang/String; >"	4	10	java_constant_int(70)	"bb21"
"< Application, Ltoba/jit/JITCodeGen, EmitBinOp(Ltoba/classfile/Instr;)V >"	58	71	java_constant_int(96)	"bb51"
"< Application, Ltoba/translator/InsGen, igen(Ljava/io/PrintWriter;Ltoba/classfile/Method;Ltoba/classfile/Instr;)V >"	218	1420	java_constant_int(6)	"bb219"
"< Application, Ltoba/jit/JITCodeGen, EmitCode(Ltoba/classfile/Method;I)V >"	57	50	java_constant_int(114)	"bb658"
"< Application, Ltoba/classfile/Instr, argstring(Ljava/lang/String;)Ljava/lang/String; >"	4	10	java_constant_int(74)	"bb25"
"< Application, Ltoba/jit/JITCodeGen, EmitSyncWrapper(Ltoba/classfile/Method;)V >"	308	387	java_constant_int(83)	"bb228"
"< Application, Ltoba/jit/JITCodeGen, EmitBinOp(Ltoba/classfile/Instr;)V >"	58	71	java_constant_int(97)	"bb92"
"< Application, Ltoba/translator/CFile, emitStaticFinalInit(Ljava/io/PrintWriter;Ltoba/classfile/ClassData;)Z >"	32	49	java_constant_int(5)	"bb32"
"< Application, Ltoba/jit/CodeBlock, doBackPatch(Ltoba/jit/BackpatchInfo;)V >"	69	71	java_constant_int(12)	"bb353"
"< Application, Ltoba/classfile/Instr, regtype(Ljava/lang/String;)C >"	1	5	java_constant_int(70)	"bb6"
"< Application, Ltoba/translator/Trans, options([Ljava/lang/String;)V >"	10	16	java_constant_int(112)	"bb27"
"< Application, Ltoba/translator/HFile, argtypes(Ltoba/classfile/Field;)Ljava/lang/String; >"	9	15	java_constant_int(66)	"bb11"
"< Application, Ltoba/translator/InsGen, igen(Ljava/io/PrintWriter;Ltoba/classfile/Method;Ltoba/classfile/Instr;)V >"	5	8	java_constant_int(185)	"bb1033"
"< Application, Ltoba/jit/JITCodeGen, EmitRetvalStore(Ltoba/classfile/FieldRef;)V >"	4	11	java_constant_int(68)	"bb14"
"< Application, Ltoba/translator/HFile, argtypes(Ltoba/classfile/Field;)Ljava/lang/String; >"	9	15	java_constant_int(68)	"bb15"
"< Application, Ltoba/jit/JITCodeGen, EmitCode(Ltoba/classfile/Method;I)V >"	106	1587	java_constant_int(8)	"bb111"
"< Application, Ltoba/classfile/Names, csignature(Ljava/lang/String;)Ljava/lang/String; >"	15	10	java_constant_int(76)	"bb15"
"< Application, Ltoba/jit/JITCodeGen, EmitCode(Ltoba/classfile/Method;I)V >"	57	50	java_constant_int(167)	"bb871"
"< Application, Ltoba/jit/JITCodeGen, EmitUnOp(Ltoba/classfile/Instr;)V >"	29	34	java_constant_int(139)	"bb88"
"< Application, Ltoba/jit/JITCodeGen, EmitCode(Ltoba/classfile/Method;I)V >"	57	50	java_constant_int(181)	"bb253"
"< Application, Ltoba/jit/JITCodeGen, EmitIfCmp(Ltoba/classfile/Instr;Ltoba/classfile/Method;)V >"	23	31	java_constant_int(160)	"bb22"
"< Application, Ltoba/classfile/Method, sigscan()V >"	11	17	java_constant_int(74)	"bb35"
"< Application, Ltoba/jit/Intel86, makeByteArray(Ltoba/jit/Immediate;)[B >"	2	8	java_constant_int(2)	"bb7"
"< Application, Ltoba/translator/InsGen, igen(Ljava/io/PrintWriter;Ltoba/classfile/Method;Ltoba/classfile/Instr;)V >"	5	8	java_constant_int(18)	"bb18"
"< Application, Ltoba/translator/MethGen, parmdecls(Ltoba/classfile/Method;)Ljava/lang/String; >"	11	17	java_constant_int(73)	"bb27"
"< Application, Ltoba/classfile/Method, sigscan()V >"	11	17	java_constant_int(73)	"bb33"
"< Application, Ltoba/classfile/Constant, load(Ljava/io/DataInputStream;)[Ltoba/classfile/Constant; >"	11	14	java_constant_int(10)	"bb56"
"< Application, Ltoba/jit/Intel86, FILD(Ljava/lang/Object;)[B >"	12	17	java_constant_int(4)	"bb17"
"< Application, Ltoba/jit/JITCodeGen, EmitUnOp(Ltoba/classfile/Instr;)V >"	29	34	java_constant_int(142)	"bb88"
"< Application, Ltoba/jit/JITCodeGen, EmitCode(Ltoba/classfile/Method;I)V >"	57	50	java_constant_int(178)	"bb201"
"< Application, Ltoba/translator/InsGen, igen(Ljava/io/PrintWriter;Ltoba/classfile/Method;Ltoba/classfile/Instr;)V >"	5	8	java_constant_int(192)	"bb179"
"< Application, Ltoba/jit/JITCodeGen, EmitUnOp(Ltoba/classfile/Instr;)V >"	29	34	java_constant_int(135)	"bb34"
"< Application, Ltoba/classfile/Instr, <init>([BI[Ltoba/classfile/Constant;)V >"	89	52	java_constant_int(171)	"bb82"
"< Application, Ltoba/translator/InsGen, igen(Ljava/io/PrintWriter;Ltoba/classfile/Method;Ltoba/classfile/Instr;)V >"	5	8	java_constant_int(193)	"bb197"
"< Application, Ltoba/jit/JITCodeGen, EmitCode(Ltoba/classfile/Method;I)V >"	679	951	java_constant_int(48)	"bb525"
"< Application, Ltoba/translator/MethGen, parmdecls(Ltoba/classfile/Method;)Ljava/lang/String; >"	11	17	java_constant_int(83)	"bb29"
"< Application, Ltoba/jit/JITCodeGen, EmitCode(Ltoba/classfile/Method;I)V >"	57	50	java_constant_int(183)	"bb947"
"< Application, Ltoba/jit/JITCodeGen, EmitBinOp(Ltoba/classfile/Instr;)V >"	58	71	java_constant_int(119)	"bb186"
"< Application, Ltoba/classfile/Method, sigscan()V >"	11	17	java_constant_int(70)	"bb31"
"< Application, Ltoba/classfile/Field, getVarFieldSize()I >"	2	6	java_constant_int(66)	"bb5"
"< Application, Ltoba/jit/JITCodeGen, loadClassPointer(Ltoba/classfile/Instr;Ltoba/classfile/ClassRef;ILtoba/jit/Register;)V >"	8	17	java_constant_int(83)	"bb21"
"< Application, Ltoba/classfile/Constant, readUTF(Ljava/io/DataInput;)Ljava/lang/String; >"	5	10	java_constant_int(14)	"bb19"
"< Application, Ltoba/runtime/CodeGen, buildNativeClass(Ltoba/classfile/ClassData;Ljava/lang/ClassLoader;)Ljava/lang/Class; >"	61	64	java_constant_int(3)	"bb79"
"< Application, Ltoba/translator/InsGen, igen(Ljava/io/PrintWriter;Ltoba/classfile/Method;Ltoba/classfile/Instr;)V >"	5	8	java_constant_int(179)	"bb71"
"< Application, Ltoba/jit/JITCodeGen, EmitCode(Ltoba/classfile/Method;I)V >"	57	50	java_constant_int(116)	"bb656"
"< Application, Ltoba/jit/JITCodeGen, pushFromMemory(Ltoba/jit/Register;C)V >"	6	3	java_constant_int(91)	"bb68"
"< Application, Ltoba/jit/JITCodeGen, EmitUnOp(Ltoba/classfile/Instr;)V >"	29	34	java_constant_int(147)	"bb59"
"< Application, Ltoba/translator/InsGen, igen(Ljava/io/PrintWriter;Ltoba/classfile/Method;Ltoba/classfile/Instr;)V >"	5	8	java_constant_int(54)	"bb44"
"< Application, Ltoba/jit/JITCodeGen, EmitCode(Ltoba/classfile/Method;I)V >"	57	50	java_constant_int(197)	"bb471"
"< Application, Ltoba/classfile/Method, sigscan()V >"	11	17	java_constant_int(66)	"bb25"
"< Application, Ltoba/jit/JITCodeGen, EmitIfCmp(Ltoba/classfile/Instr;Ltoba/classfile/Method;)V >"	23	31	java_constant_int(154)	"bb22"
"< Application, Ltoba/classfile/Method, sigscan()V >"	48	63	java_constant_int(66)	"bb48"
"< Application, Ltoba/classfile/Instr, regtype(Ljava/lang/String;)C >"	1	5	java_constant_int(86)	"bb10"
"< Application, Ltoba/jit/JITCodeGen, EmitUnOp(Ltoba/classfile/Instr;)V >"	29	34	java_constant_int(116)	"bb28"
"< Application, Ltoba/jit/JITCodeGen, EmitCode(Ltoba/classfile/Method;I)V >"	57	50	java_constant_int(153)	"bb755"
"< Application, Ltoba/jit/JITCodeGen, EmitIfCmp(Ltoba/classfile/Instr;Ltoba/classfile/Method;)V >"	23	31	java_constant_int(165)	"bb19"
"< Application, Ltoba/classfile/Names, csignature(Ljava/lang/String;)Ljava/lang/String; >"	15	10	java_constant_int(41)	"bb36"
"< Application, Ltoba/classfile/ClassRef, bySignature(Ljava/lang/String;)Ltoba/classfile/ClassRef; >"	1	6	java_constant_int(70)	"bb21"
"< Application, Ltoba/translator/InsGen, igen(Ljava/io/PrintWriter;Ltoba/classfile/Method;Ltoba/classfile/Instr;)V >"	5	8	java_constant_int(194)	"bb1092"
"< Application, Ltoba/jit/JITCodeGen, EmitSyncWrapper(Ltoba/classfile/Method;)V >"	308	387	java_constant_int(91)	"bb228"
"< Application, Ltoba/classfile/Instr, regtype(Ljava/lang/String;)C >"	1	5	java_constant_int(83)	"bb9"
"< Application, Ltoba/jit/CodeBlock, reserveCode(ILtoba/classfile/Instr;Ljava/lang/Object;J)Ltoba/jit/BackpatchInfo; >"	1	2	java_constant_int(2)	"bb9"
"< Application, Ltoba/jit/Intel86, FISTP(Ljava/lang/Object;)[B >"	12	17	java_constant_int(8)	"bb21"
"< Application, Ltoba/classfile/Names, classref(Ljava/lang/String;)Ljava/lang/String; >"	1	5	java_constant_int(67)	"bb4"
"< Application, Ltoba/jit/JITCodeGen, pushFromMemory(Ltoba/jit/Register;C)V >"	6	3	java_constant_int(68)	"bb75"
"< Application, Ltoba/runtime/SystemClassLoader, loadPrimitiveClass(C)Ljava/lang/Class; >"	0	1	java_constant_int(73)	"bb10"
"< Application, Ltoba/classfile/Method, sigscan()V >"	11	17	java_constant_int(83)	"bb37"
"< Application, Ltoba/jit/JITCodeGen, EmitCode(Ltoba/classfile/Method;I)V >"	57	50	java_constant_int(191)	"bb1052"
"< Application, Ltoba/classfile/Field, getVarFieldSize()I >"	2	6	java_constant_int(70)	"bb8"
"< Application, Ltoba/classfile/Instr, <init>([BI[Ltoba/classfile/Constant;)V >"	89	52	java_constant_int(170)	"bb82"
"< Application, Ltoba/jit/Intel86, makeModRM(Ljava/lang/Object;Ljava/lang/Object;)[B >"	156	187	java_constant_int(19)	"bb153"
"< Application, Ltoba/jit/JITCodeGen, EmitCode(Ltoba/classfile/Method;I)V >"	57	50	java_constant_int(89)	"bb569"
"< Application, Ltoba/classfile/Constant, load(Ljava/io/DataInputStream;)[Ltoba/classfile/Constant; >"	11	14	java_constant_int(5)	"bb39"
"< Application, Ltoba/jit/JITCodeGen, EmitUnOp(Ltoba/classfile/Instr;)V >"	4	7	java_constant_int(141)	"bb9"
"< Application, Ltoba/classfile/Instr, <init>([BI[Ltoba/classfile/Constant;)V >"	89	52	java_constant_int(185)	"bb111"
"< Application, Ltoba/translator/InsGen, igen(Ljava/io/PrintWriter;Ltoba/classfile/Method;Ltoba/classfile/Instr;)V >"	5	8	java_constant_int(46)	"bb337"
"< Application, Ltoba/jit/JITCodeGen, EmitBinOp(Ltoba/classfile/Instr;)V >"	58	71	java_constant_int(120)	"bb83"
"< Application, Ltoba/translator/MethGen, parmdecls(Ltoba/classfile/Method;)Ljava/lang/String; >"	11	17	java_constant_int(66)	"bb23"
"< Application, Ltoba/jit/JITCodeGen, pushFromMemory(Ltoba/jit/Register;C)V >"	6	3	java_constant_int(76)	"bb68"
"< Application, Ltoba/jit/Immediate, toString()Ljava/lang/String; >"	1	3	java_constant_int(2)	"bb4"
"< Application, Ltoba/jit/JITCodeGen, EmitUnOp(Ltoba/classfile/Instr;)V >"	29	34	java_constant_int(141)	"bb154"
"< Application, Ltoba/classfile/Instr, argwords()I >"	2	4	java_constant_int(183)	"bb4"
"< Application, Ltoba/jit/JITCodeGen, popIntoMemory(Ltoba/jit/Register;C)V >"	9	3	java_constant_int(70)	"bb32"
"< Application, Ltoba/jit/Intel86, makeModRM(Ljava/lang/Object;Ljava/lang/Object;)[B >"	40	46	java_constant_int(7)	"bb76"
"< Application, Ltoba/jit/JITCodeGen, pushFromMemory(Ltoba/jit/Register;C)V >"	6	3	java_constant_int(67)	"bb43"
"< Application, Ltoba/jit/JITCodeGen, pushFromMemory(Ltoba/jit/Register;C)V >"	6	3	java_constant_int(74)	"bb75"
"< Application, Ltoba/classfile/Instr, argstring(Ljava/lang/String;)Ljava/lang/String; >"	4	10	java_constant_int(66)	"bb15"
"< Application, Ltoba/translator/Repr, con(Ltoba/classfile/Method;Ltoba/classfile/Constant;)Ljava/lang/String; >"	1	4	java_constant_int(6)	"bb29"
"< Application, Ltoba/translator/InsGen, igen(Ljava/io/PrintWriter;Ltoba/classfile/Method;Ltoba/classfile/Instr;)V >"	218	1420	java_constant_int(11)	"bb224"
"< Application, Ltoba/classfile/Constant, load(Ljava/io/DataInputStream;)[Ltoba/classfile/Constant; >"	11	14	java_constant_int(9)	"bb56"
"< Application, Ltoba/jit/Intel86, makeModRM(Ljava/lang/Object;Ljava/lang/Object;)[B >"	40	46	java_constant_int(14)	"bb88"
"< Application, Ltoba/classfile/Field, getVarFieldSize()I >"	2	6	java_constant_int(67)	"bb6"
"< Application, Ltoba/translator/InsGen, igen(Ljava/io/PrintWriter;Ltoba/classfile/Method;Ltoba/classfile/Instr;)V >"	5	8	java_constant_int(170)	"bb884"
"< Application, Ltoba/jit/JITCodeGen, pushFromMemory(Ltoba/jit/Register;C)V >"	6	3	java_constant_int(73)	"bb68"
"< Application, Ltoba/classfile/Names, csignature(Ljava/lang/String;)Ljava/lang/String; >"	15	10	java_constant_int(91)	"bb34"
"< Application, Ltoba/translator/InsGen, igen(Ljava/io/PrintWriter;Ltoba/classfile/Method;Ltoba/classfile/Instr;)V >"	5	8	java_constant_int(177)	"bb1078"
"< Application, Ltoba/jit/JITCodeGen, EmitUnOp(Ltoba/classfile/Instr;)V >"	4	7	java_constant_int(139)	"bb9"
"< Application, Ltoba/jit/CodeBlock, reserveCode(ILtoba/classfile/Instr;Ljava/lang/Object;Ljava/lang/Object;)Ltoba/jit/BackpatchInfo; >"	1	2	java_constant_int(1)	"bb11"
"< Application, Ltoba/translator/InsGen, igen(Ljava/io/PrintWriter;Ltoba/classfile/Method;Ltoba/classfile/Instr;)V >"	5	8	java_constant_int(114)	"bb775"
"< Application, Ltoba/translator/InsGen, igen(Ljava/io/PrintWriter;Ltoba/classfile/Method;Ltoba/classfile/Instr;)V >"	5	8	java_constant_int(79)	"bb374"
"< Application, Ltoba/jit/JITCodeGen, pushFromMemory(Ltoba/jit/Register;C)V >"	6	3	java_constant_int(70)	"bb68"
"< Application, Ltoba/translator/InsGen, igen(Ljava/io/PrintWriter;Ltoba/classfile/Method;Ltoba/classfile/Instr;)V >"	5	8	java_constant_int(0)	"bb1125"
"< Application, Ltoba/classfile/Instr, nextStack()Ljava/lang/String; >"	29	17	java_constant_int(94)	"bb113"
"< Application, Ltoba/translator/InsGen, igen(Ljava/io/PrintWriter;Ltoba/classfile/Method;Ltoba/classfile/Instr;)V >"	5	8	java_constant_int(21)	"bb29"
"< Application, Ltoba/jit/JITCodeGen, popIntoMemory(Ltoba/jit/Register;C)V >"	9	3	java_constant_int(73)	"bb32"
"< Application, Ltoba/jit/JITCodeGen, EmitBinOp(Ltoba/classfile/Instr;)V >"	58	71	java_constant_int(107)	"bb163"
"< Application, Ltoba/translator/MethGen, parmdecls(Ltoba/classfile/Method;)Ljava/lang/String; >"	11	17	java_constant_int(74)	"bb28"
"< Application, Ltoba/translator/Repr, ctype(C)Ljava/lang/String; >"	0	1	java_constant_int(100)	"bb4"
"< Application, Ltoba/translator/InsGen, igen(Ljava/io/PrintWriter;Ltoba/classfile/Method;Ltoba/classfile/Instr;)V >"	5	8	java_constant_int(120)	"bb789"
"< Application, Ltoba/jit/JITCodeGen, EmitCode(Ltoba/classfile/Method;I)V >"	106	1587	java_constant_int(6)	"bb118"
"< Application, Ltoba/translator/Repr, ctype(C)Ljava/lang/String; >"	0	1	java_constant_int(66)	"bb2"
"< Application, Ltoba/translator/MethGen, parmdecls(Ltoba/classfile/Method;)Ljava/lang/String; >"	11	17	java_constant_int(41)	"bb36"
"< Application, Ltoba/jit/JITCodeGen, pushFromMemory(Ltoba/jit/Register;C)V >"	6	3	java_constant_int(66)	"bb27"
"< Application, Ltoba/runtime/SystemClassLoader, loadPrimitiveClass(C)Ljava/lang/Class; >"	0	1	java_constant_int(83)	"bb8"
"< Application, Ltoba/classfile/Constant, readUTF(Ljava/io/DataInput;)Ljava/lang/String; >"	5	10	java_constant_int(3)	"bb6"
"< Application, Ltoba/translator/InsGen, igen(Ljava/io/PrintWriter;Ltoba/classfile/Method;Ltoba/classfile/Instr;)V >"	5	8	java_constant_int(96)	"bb761"
"< Application, Ltoba/jit/CodeBlock, reserveCode(ILtoba/classfile/Instr;Ljava/lang/Object;J)Ltoba/jit/BackpatchInfo; >"	1	2	java_constant_int(9)	"bb13"
"< Application, Ltoba/translator/CFile, emitStaticFinalInit(Ljava/io/PrintWriter;Ltoba/classfile/ClassData;)Z >"	32	49	java_constant_int(3)	"bb95"
"< Application, Ltoba/classfile/Method, sigscan()V >"	11	17	java_constant_int(68)	"bb29"
"< Application, Ltoba/classfile/Field, getVarFieldSize()I >"	2	6	java_constant_int(74)	"bb10"
"< Application, Ltoba/jit/CodeBlock, doBackPatch(Ltoba/jit/BackpatchInfo;)V >"	69	71	java_constant_int(7)	"bb194"
"< Application, Ltoba/jit/CodeBlock, doBackPatch(Ltoba/jit/BackpatchInfo;)V >"	69	71	java_constant_int(6)	"bb304"
"< Application, Ltoba/jit/JITCodeGen, EmitSyncWrapper(Ltoba/classfile/Method;)V >"	308	387	java_constant_int(74)	"bb225"
"< Application, Ltoba/jit/JITCodeGen, EmitBinOp(Ltoba/classfile/Instr;)V >"	58	71	java_constant_int(101)	"bb97"
"< Application, Ltoba/translator/Repr, ctype(C)Ljava/lang/String; >"	0	1	java_constant_int(67)	"bb3"
"< Application, Ltoba/jit/JITCodeGen, EmitCode(Ltoba/classfile/Method;I)V >"	698	908	java_constant_int(79)	"bb542"
"< Application, Ltoba/classfile/Instr, argwords()I >"	2	4	java_constant_int(185)	"bb10"
"< Application, Ltoba/classfile/Names, classref(Ljava/lang/String;)Ljava/lang/String; >"	1	5	java_constant_int(68)	"bb5"
"< Application, Ltoba/classfile/Names, csignature(Ljava/lang/String;)Ljava/lang/String; >"	15	10	java_constant_int(83)	"bb30"
"< Application, Ltoba/jit/JITCodeGen, EmitBinOp(Ltoba/classfile/Instr;)V >"	58	71	java_constant_int(106)	"bb163"
"< Application, Ltoba/jit/JITCodeGen, EmitBinOp(Ltoba/classfile/Instr;)V >"	58	71	java_constant_int(130)	"bb80"
"< Application, Ltoba/jit/JITCodeGen, EmitIfCmp(Ltoba/classfile/Instr;Ltoba/classfile/Method;)V >"	23	31	java_constant_int(153)	"bb19"
"< Application, Ltoba/jit/JITCodeGen, EmitUnOp(Ltoba/classfile/Instr;)V >"	29	34	java_constant_int(146)	"bb54"
"< Application, Ltoba/jit/JITCodeGen, EmitBinOp(Ltoba/classfile/Instr;)V >"	58	71	java_constant_int(121)	"bb140"
"< Application, Ltoba/jit/JITCodeGen, popIntoMemory(Ltoba/jit/Register;C)V >"	9	3	java_constant_int(90)	"bb19"
"< Application, Ltoba/classfile/Instr, nextStack()Ljava/lang/String; >"	29	17	java_constant_int(95)	"bb64"
"< Application, Ltoba/classfile/Instr, argwords(Ljava/lang/String;)I >"	2	8	java_constant_int(76)	"bb14"
"< Application, Ltoba/jit/JITCodeGen, EmitCode(Ltoba/classfile/Method;I)V >"	698	908	java_constant_int(80)	"bb543"
"< Application, Ltoba/translator/Repr, con(Ltoba/classfile/Method;Ltoba/classfile/Constant;)Ljava/lang/String; >"	1	4	java_constant_int(3)	"bb3"
"< Application, Ltoba/classfile/Instr, argwords()I >"	2	4	java_constant_int(184)	"bb4"
"< Application, Ltoba/classfile/Field, getVarFieldSize()I >"	2	6	java_constant_int(73)	"bb9"
"< Application, Ltoba/classfile/Instr, argwords(Ljava/lang/String;)I >"	2	8	java_constant_int(67)	"bb7"
"< Application, Ltoba/jit/Intel86, FISTP(Ljava/lang/Object;)[B >"	12	17	java_constant_int(2)	"bb13"
"< Application, Ltoba/jit/JITCodeGen, EmitUnOp(Ltoba/classfile/Instr;)V >"	4	7	java_constant_int(144)	"bb15"
"< Application, Ltoba/classfile/Names, classref(Ljava/lang/String;)Ljava/lang/String; >"	1	5	java_constant_int(66)	"bb3"
"< Application, Ltoba/classfile/Instr, regtype(Ljava/lang/String;)C >"	1	5	java_constant_int(66)	"bb3"
"< Application, Ltoba/classfile/Method, sigscan()V >"	48	63	java_constant_int(67)	"bb50"
"< Application, Ltoba/jit/JITCodeGen, EmitCode(Ltoba/classfile/Method;I)V >"	57	50	java_constant_int(185)	"bb993"
"< Application, Ltoba/translator/Repr, con(Ltoba/classfile/Method;Ltoba/classfile/Constant;)Ljava/lang/String; >"	1	4	java_constant_int(7)	"bb64"
"< Application, Ltoba/translator/CFile, emitStaticFinalInit(Ljava/io/PrintWriter;Ltoba/classfile/ClassData;)Z >"	32	49	java_constant_int(8)	"bb107"
"< Application, Ltoba/jit/JITCodeGen, loadClassPointer(Ltoba/classfile/Instr;Ltoba/classfile/ClassRef;ILtoba/jit/Register;)V >"	8	17	java_constant_int(73)	"bb17"
"< Application, Ltoba/translator/InsGen, igen(Ljava/io/PrintWriter;Ltoba/classfile/Method;Ltoba/classfile/Instr;)V >"	5	8	java_constant_int(167)	"bb942"
"< Application, Ltoba/jit/JITCodeGen, EmitBinOp(Ltoba/classfile/Instr;)V >"	58	71	java_constant_int(116)	"bb186"
"< Application, Ltoba/classfile/Instr, nextStack()Ljava/lang/String; >"	29	17	java_constant_int(197)	"bb121"
"< Application, Ltoba/classfile/Instr, argwords(Ljava/lang/String;)I >"	2	8	java_constant_int(70)	"bb9"
"< Application, Ltoba/jit/JITCodeGen, EmitCode(Ltoba/classfile/Method;I)V >"	679	951	java_constant_int(51)	"bb527"
"< Application, Ltoba/classfile/Instr, argstring(Ljava/lang/String;)Ljava/lang/String; >"	4	10	java_constant_int(91)	"bb34"
"< Application, Ltoba/classfile/ClassRef, bySignature(Ljava/lang/String;)Ltoba/classfile/ClassRef; >"	1	6	java_constant_int(73)	"bb15"
"< Application, Ltoba/jit/JITCodeGen, EmitCode(Ltoba/classfile/Method;I)V >"	57	50	java_constant_int(148)	"bb660"
"< Application, Ltoba/classfile/ClassRef, bySignature(Ljava/lang/String;)Ltoba/classfile/ClassRef; >"	1	6	java_constant_int(74)	"bb18"
"< Application, Ltoba/translator/Repr, con(Ltoba/classfile/Method;Ltoba/classfile/Constant;)Ljava/lang/String; >"	1	4	java_constant_int(5)	"bb11"
"< Application, Ltoba/classfile/Instr, argstring(Ljava/lang/String;)Ljava/lang/String; >"	4	10	java_constant_int(73)	"bb23"
"< Application, Ltoba/jit/JITCodeGen, EmitSyncWrapper(Ltoba/classfile/Method;)V >"	398	387	java_constant_int(74)	"bb292"
"< Application, Ltoba/classfile/Field, getVarFieldSize()I >"	2	6	java_constant_int(68)	"bb7"
"< Application, Ltoba/jit/JITCodeGen, EmitCode(Ltoba/classfile/Method;I)V >"	106	1587	java_constant_int(3)	"bb95"
"< Application, Ltoba/translator/InsGen, igen(Ljava/io/PrintWriter;Ltoba/classfile/Method;Ltoba/classfile/Instr;)V >"	5	8	java_constant_int(93)	"bb549"
"< Application, Ltoba/jit/JITCodeGen, EmitIfCmp(Ltoba/classfile/Instr;Ltoba/classfile/Method;)V >"	23	31	java_constant_int(164)	"bb31"
"< Application, Ltoba/classfile/Names, classref(Ljava/lang/String;)Ljava/lang/String; >"	1	5	java_constant_int(73)	"bb7"
"< Application, Ltoba/translator/InsGen, igen(Ljava/io/PrintWriter;Ltoba/classfile/Method;Ltoba/classfile/Instr;)V >"	5	8	java_constant_int(89)	"bb427"
"< Application, Ltoba/translator/InsGen, igen(Ljava/io/PrintWriter;Ltoba/classfile/Method;Ltoba/classfile/Instr;)V >"	5	8	java_constant_int(191)	"bb1084"
"< Application, Ltoba/jit/JITCodeGen, EmitCode(Ltoba/classfile/Method;I)V >"	57	50	java_constant_int(190)	"bb509"
"< Application, Ltoba/classfile/Instr, regtype(Ljava/lang/String;)C >"	1	5	java_constant_int(67)	"bb4"
"< Application, Ltoba/jit/JITCodeGen, EmitUnOp(Ltoba/classfile/Instr;)V >"	4	7	java_constant_int(116)	"bb6"
"< Application, Ltoba/classfile/Instr, regtype(Ljava/lang/String;)C >"	1	5	java_constant_int(68)	"bb5"
"< Application, Ltoba/classfile/Instr, <init>([BI[Ltoba/classfile/Constant;)V >"	89	52	java_constant_int(197)	"bb75"
"< Application, Ltoba/runtime/SystemClassLoader, loadPrimitiveClass(C)Ljava/lang/Class; >"	0	1	java_constant_int(70)	"bb14"
"< Application, Ltoba/jit/JITCodeGen, EmitRetvalStore(Ltoba/classfile/FieldRef;)V >"	4	11	java_constant_int(86)	"bb26"
"< Application, Ltoba/translator/HFile, argtypes(Ltoba/classfile/Field;)Ljava/lang/String; >"	9	15	java_constant_int(76)	"bb27"
"< Application, Ltoba/translator/InsGen, igen(Ljava/io/PrintWriter;Ltoba/classfile/Method;Ltoba/classfile/Instr;)V >"	5	8	java_constant_int(187)	"bb164"
"< Application, Ltoba/translator/InsGen, igen(Ljava/io/PrintWriter;Ltoba/classfile/Method;Ltoba/classfile/Instr;)V >"	5	8	java_constant_int(180)	"bb116"
"< Application, Ltoba/jit/JITCodeGen, EmitIfCmp(Ltoba/classfile/Instr;Ltoba/classfile/Method;)V >"	23	31	java_constant_int(162)	"bb34"
"< Application, Ltoba/translator/HFile, argtypes(Ltoba/classfile/Field;)Ljava/lang/String; >"	9	15	java_constant_int(90)	"bb25"
"< Application, Ltoba/jit/CodeBlock, doBackPatch(Ltoba/jit/BackpatchInfo;)V >"	69	71	java_constant_int(13)	"bb358"
"< Application, Ltoba/classfile/Instr, nextStack()Ljava/lang/String; >"	29	17	java_constant_int(178)	"bb43"
"< Application, Ltoba/jit/JITCodeGen, EmitCode(Ltoba/classfile/Method;I)V >"	57	50	java_constant_int(94)	"bb626"
"< Application, Ltoba/jit/Intel86, makeModRM(Ljava/lang/Object;Ljava/lang/Object;)[B >"	156	187	java_constant_int(35)	"bb137"
"< Application, Ltoba/classfile/Method, sigscan()V >"	48	63	java_constant_int(83)	"bb60"
"< Application, Ltoba/jit/JITCodeGen, EmitSyncWrapper(Ltoba/classfile/Method;)V >"	398	387	java_constant_int(68)	"bb298"
"< Application, Ltoba/jit/JITCodeGen, EmitCode(Ltoba/classfile/Method;I)V >"	57	50	java_constant_int(46)	"bb519"
"< Application, Ltoba/jit/JITCodeGen, EmitCode(Ltoba/classfile/Method;I)V >"	57	50	java_constant_int(139)	"bb656"
"< Application, Ltoba/translator/InsGen, igen(Ljava/io/PrintWriter;Ltoba/classfile/Method;Ltoba/classfile/Instr;)V >"	5	8	java_constant_int(92)	"bb523"
"< Application, Ltoba/jit/JITCodeGen, EmitUnOp(Ltoba/classfile/Instr;)V >"	29	34	java_constant_int(118)	"bb85"
"< Application, Ltoba/jit/CodeBlock, doBackPatch(Ltoba/jit/BackpatchInfo;)V >"	69	71	java_constant_int(1)	"bb67"
"< Application, Ltoba/classfile/Instr, argwords(Ljava/lang/String;)I >"	2	8	java_constant_int(41)	"bb4"
"< Application, Ltoba/translator/InsGen, igen(Ljava/io/PrintWriter;Ltoba/classfile/Method;Ltoba/classfile/Instr;)V >"	5	8	java_constant_int(172)	"bb1059"
"< Application, Ltoba/jit/Intel86, makeModRM(Ljava/lang/Object;Ljava/lang/Object;)[B >"	40	46	java_constant_int(5)	"bb63"
"< Application, Ltoba/classfile/Constant, load(Ljava/io/DataInputStream;)[Ltoba/classfile/Constant; >"	11	14	java_constant_int(12)	"bb56"
"< Application, Ltoba/translator/InsGen, igen(Ljava/io/PrintWriter;Ltoba/classfile/Method;Ltoba/classfile/Instr;)V >"	5	8	java_constant_int(195)	"bb1103"
"< Application, Ltoba/jit/JITCodeGen, EmitUnOp(Ltoba/classfile/Instr;)V >"	4	7	java_constant_int(146)	"bb6"
"< Application, Ltoba/jit/CodeBlock, doBackPatch(Ltoba/jit/BackpatchInfo;)V >"	69	71	java_constant_int(9)	"bb251"
"< Application, Ltoba/jit/JITCodeGen, EmitCode(Ltoba/classfile/Method;I)V >"	57	50	java_constant_int(96)	"bb658"
"< Application, Ltoba/translator/InsGen, igen(Ljava/io/PrintWriter;Ltoba/classfile/Method;Ltoba/classfile/Instr;)V >"	5	8	java_constant_int(197)	"bb289"
"< Application, Ltoba/jit/JITCodeGen, EmitCode(Ltoba/classfile/Method;I)V >"	106	1587	java_constant_int(5)	"bb118"
"< Application, Ltoba/jit/JITCodeGen, EmitUnOp(Ltoba/classfile/Instr;)V >"	4	7	java_constant_int(142)	"bb15"
"< Application, Ltoba/classfile/Method, sigscan()V >"	11	17	java_constant_int(41)	"bb42"
"< Application, Ltoba/jit/JITCodeGen, loadClassPointer(Ltoba/classfile/Instr;Ltoba/classfile/ClassRef;ILtoba/jit/Register;)V >"	8	17	java_constant_int(70)	"bb15"
"< Application, Ltoba/jit/JITCodeGen, EmitCode(Ltoba/classfile/Method;I)V >"	698	908	java_constant_int(83)	"bb542"
"< Application, Ltoba/jit/CodeBlock, reserveCode(ILtoba/classfile/Instr;Ljava/lang/Object;J)Ltoba/jit/BackpatchInfo; >"	1	2	java_constant_int(5)	"bb11"
"< Application, Ltoba/translator/InsGen, igen(Ljava/io/PrintWriter;Ltoba/classfile/Method;Ltoba/classfile/Instr;)V >"	5	8	java_constant_int(94)	"bb610"
"< Application, Ltoba/classfile/Instr, argstring(Ljava/lang/String;)Ljava/lang/String; >"	4	10	java_constant_int(76)	"bb31"
"< Application, Ltoba/jit/JITCodeGen, EmitBinOp(Ltoba/classfile/Instr;)V >"	58	71	java_constant_int(112)	"bb62"
"< Application, Ltoba/jit/JITCodeGen, EmitUnOp(Ltoba/classfile/Instr;)V >"	4	7	java_constant_int(118)	"bb9"
"< Application, Ltoba/jit/JITCodeGen, popIntoMemory(Ltoba/jit/Register;C)V >"	9	3	java_constant_int(74)	"bb37"
"< Application, Ltoba/translator/HFile, argtypes(Ltoba/classfile/Field;)Ljava/lang/String; >"	9	15	java_constant_int(83)	"bb23"
"< Application, Ltoba/translator/InsGen, igen(Ljava/io/PrintWriter;Ltoba/classfile/Method;Ltoba/classfile/Instr;)V >"	5	8	java_constant_int(188)	"bb215"
"< Application, Ltoba/jit/JITCodeGen, EmitSyncWrapper(Ltoba/classfile/Method;)V >"	398	387	java_constant_int(83)	"bb292"
"< Application, Ltoba/jit/CodeBlock, reserveCode(ILtoba/classfile/Instr;Ljava/lang/Object;J)Ltoba/jit/BackpatchInfo; >"	1	2	java_constant_int(10)	"bb7"
"< Application, Ltoba/jit/JITCodeGen, EmitCode(Ltoba/classfile/Method;I)V >"	57	50	java_constant_int(168)	"bb883"
"< Application, Ltoba/classfile/Constant, load(Ljava/io/DataInputStream;)[Ltoba/classfile/Constant; >"	11	14	java_constant_int(2)	"bb17"
"< Application, Ltoba/jit/JITCodeGen, EmitUnOp(Ltoba/classfile/Instr;)V >"	29	34	java_constant_int(145)	"bb43"
"< Application, Ltoba/translator/Trans, options([Ljava/lang/String;)V >"	10	16	java_constant_int(114)	"bb28"
"< Application, Ltoba/translator/InsGen, igen(Ljava/io/PrintWriter;Ltoba/classfile/Method;Ltoba/classfile/Instr;)V >"	5	8	java_constant_int(190)	"bb325"
"< Application, Ltoba/jit/JITCodeGen, EmitBinOp(Ltoba/classfile/Instr;)V >"	58	71	java_constant_int(105)	"bb102"
"< Application, Ltoba/classfile/Constant, load(Ljava/io/DataInputStream;)[Ltoba/classfile/Constant; >"	11	14	java_constant_int(11)	"bb56"
"< Application, Ltoba/classfile/Instr, nextStack()Ljava/lang/String; >"	29	17	java_constant_int(184)	"bb129"
"< Application, Ltoba/jit/JITCodeGen, EmitCode(Ltoba/classfile/Method;I)V >"	57	50	java_constant_int(108)	"bb658"
"< Application, Ltoba/translator/Repr, ctype(C)Ljava/lang/String; >"	0	1	java_constant_int(86)	"bb9"
"< Application, Ltoba/jit/JITCodeGen, popIntoMemory(Ltoba/jit/Register;C)V >"	9	3	java_constant_int(91)	"bb32"
"< Application, Ltoba/runtime/SystemClassLoader, loadPrimitiveClass(C)Ljava/lang/Class; >"	0	1	java_constant_int(68)	"bb16"
"< Application, Ltoba/jit/Intel86, PUSH(Ljava/lang/Object;)[B >"	1	5	java_constant_int(3)	"bb13"
"< Application, Ltoba/jit/JITCodeGen, EmitCode(Ltoba/classfile/Method;I)V >"	57	50	java_constant_int(132)	"bb176"
"< Application, Ltoba/classfile/Instr, <init>([BI[Ltoba/classfile/Constant;)V >"	89	52	java_constant_int(132)	"bb75"
"< Application, Ltoba/jit/JITCodeGen, EmitUnOp(Ltoba/classfile/Instr;)V >"	29	34	java_constant_int(117)	"bb66"
"< Application, Ltoba/classfile/Instr, nextStack()Ljava/lang/String; >"	29	17	java_constant_int(93)	"bb97"
"< Application, Ltoba/translator/InsGen, igen(Ljava/io/PrintWriter;Ltoba/classfile/Method;Ltoba/classfile/Instr;)V >"	5	8	java_constant_int(183)	"bb1008"
"< Application, Ltoba/jit/JITCodeGen, pushFromMemory(Ltoba/jit/Register;C)V >"	6	3	java_constant_int(86)	"bb14"
"< Application, Ltoba/classfile/ClassRef, bySignature(Ljava/lang/String;)Ltoba/classfile/ClassRef; >"	1	6	java_constant_int(66)	"bb6"
"< Application, Ltoba/translator/Repr, ctype(C)Ljava/lang/String; >"	0	1	java_constant_int(105)	"bb6"
"< Application, Ltoba/jit/CodeBlock, reserveCode(ILtoba/classfile/Instr;Ljava/lang/Object;Ljava/lang/Object;)Ltoba/jit/BackpatchInfo; >"	1	2	java_constant_int(4)	"bb5"
"< Application, Ltoba/translator/Repr, ctype(C)Ljava/lang/String; >"	0	1	java_constant_int(73)	"bb6"
"< Application, Ltoba/jit/JITCodeGen, EmitCode(Ltoba/classfile/Method;I)V >"	698	908	java_constant_int(85)	"bb545"
"< Application, Ltoba/jit/JITCodeGen, EmitCode(Ltoba/classfile/Method;I)V >"	57	50	java_constant_int(184)	"bb974"
"< Application, Ltoba/jit/JITCodeGen, EmitRetvalStore(Ltoba/classfile/FieldRef;)V >"	4	11	java_constant_int(90)	"bb5"
"< Application, Ltoba/jit/JITCodeGen, EmitCode(Ltoba/classfile/Method;I)V >"	57	50	java_constant_int(182)	"bb907"
"< Application, Ltoba/classfile/Names, csignature(Ljava/lang/String;)Ljava/lang/String; >"	15	10	java_constant_int(66)	"bb18"
"< Application, Ltoba/jit/JITCodeGen, EmitUnOp(Ltoba/classfile/Instr;)V >"	29	34	java_constant_int(119)	"bb142"
"< Application, Ltoba/jit/JITCodeGen, EmitCode(Ltoba/classfile/Method;I)V >"	57	50	java_constant_int(18)	"bb92"
"< Application, Ltoba/jit/JITCodeGen, EmitCode(Ltoba/classfile/Method;I)V >"	698	908	java_constant_int(86)	"bb546"
"< Application, Ltoba/jit/JITCodeGen, EmitUnOp(Ltoba/classfile/Instr;)V >"	29	34	java_constant_int(140)	"bb88"
"< Application, Ltoba/jit/JITCodeGen, EmitUnOp(Ltoba/classfile/Instr;)V >"	29	34	java_constant_int(143)	"bb88"
"< Application, Ltoba/jit/CodeBlock, reserveCode(ILtoba/classfile/Instr;Ljava/lang/Object;Ljava/lang/Object;)Ltoba/jit/BackpatchInfo; >"	1	2	java_constant_int(12)	"bb13"
"< Application, Ltoba/translator/Repr, ctype(C)Ljava/lang/String; >"	0	1	java_constant_int(102)	"bb5"
"< Application, Ltoba/classfile/Instr, nextStack()Ljava/lang/String; >"	29	17	java_constant_int(92)	"bb83"
"< Application, Ltoba/jit/JITCodeGen, EmitBinOp(Ltoba/classfile/Instr;)V >"	58	71	java_constant_int(111)	"bb166"
"< Application, Ltoba/jit/Intel86, FILD(Ljava/lang/Object;)[B >"	12	17	java_constant_int(8)	"bb21"
"< Application, Ltoba/jit/JITCodeGen, EmitIfCmp(Ltoba/classfile/Instr;Ltoba/classfile/Method;)V >"	23	31	java_constant_int(161)	"bb25"
"< Application, Ltoba/classfile/Constant, readUTF(Ljava/io/DataInput;)Ljava/lang/String; >"	5	10	java_constant_int(0)	"bb6"
"< Application, Ltoba/classfile/Names, csignature(Ljava/lang/String;)Ljava/lang/String; >"	15	10	java_constant_int(74)	"bb28"
"< Application, Ltoba/runtime/SystemClassLoader, loadPrimitiveClass(C)Ljava/lang/Class; >"	0	1	java_constant_int(67)	"bb6"
"< Application, Ltoba/translator/Repr, con(Ltoba/classfile/Method;Ltoba/classfile/Constant;)Ljava/lang/String; >"	1	4	java_constant_int(4)	"bb29"
"< Application, Ltoba/classfile/Method, sigscan()V >"	48	63	java_constant_int(68)	"bb52"
"< Application, Ltoba/classfile/Instr, nextStack()Ljava/lang/String; >"	29	17	java_constant_int(182)	"bb129"
"< Application, Ltoba/jit/JITCodeGen, EmitBinOp(Ltoba/classfile/Instr;)V >"	58	71	java_constant_int(122)	"bb86"
"< Application, Ltoba/runtime/CodeGen, buildNativeClass(Ltoba/classfile/ClassData;Ljava/lang/ClassLoader;)Ljava/lang/Class; >"	61	64	java_constant_int(8)	"bb84"
"< Application, Ltoba/runtime/SystemClassLoader, loadPrimitiveClass(C)Ljava/lang/Class; >"	0	1	java_constant_int(66)	"bb4"
"< Application, Ltoba/classfile/Constant, readUTF(Ljava/io/DataInput;)Ljava/lang/String; >"	5	10	java_constant_int(13)	"bb8"
"< Application, Ltoba/jit/JITCodeGen, EmitIfCmp(Ltoba/classfile/Instr;Ltoba/classfile/Method;)V >"	23	31	java_constant_int(159)	"bb19"
"< Application, Ltoba/jit/Intel86, makeModRM(Ljava/lang/Object;Ljava/lang/Object;)[B >"	40	46	java_constant_int(11)	"bb81"
"< Application, Ltoba/translator/Repr, ctype(C)Ljava/lang/String; >"	0	1	java_constant_int(68)	"bb4"
"< Application, Ltoba/jit/JITCodeGen, EmitCode(Ltoba/classfile/Method;I)V >"	57	50	java_constant_int(188)	"bb361"
"< Application, Ltoba/translator/MethGen, parmdecls(Ltoba/classfile/Method;)Ljava/lang/String; >"	11	17	java_constant_int(68)	"bb25"
"< Application, Ltoba/translator/InsGen, igen(Ljava/io/PrintWriter;Ltoba/classfile/Method;Ltoba/classfile/Instr;)V >"	218	1420	java_constant_int(9)	"bb222"
"< Application, Ltoba/classfile/Field, getVarFieldSize()I >"	2	6	java_constant_int(86)	"bb4"
"< Application, Ltoba/translator/CFile, emitStaticFinalInit(Ljava/io/PrintWriter;Ltoba/classfile/ClassData;)Z >"	32	49	java_constant_int(4)	"bb59"
"< Application, Ltoba/jit/JITCodeGen, EmitCode(Ltoba/classfile/Method;I)V >"	698	908	java_constant_int(82)	"bb543"
"< Application, Ltoba/jit/CodeBlock, reserveCode(ILtoba/classfile/Instr;Ljava/lang/Object;Ljava/lang/Object;)Ltoba/jit/BackpatchInfo; >"	1	2	java_constant_int(13)	"bb13"
"< Application, Ltoba/jit/CodeBlock, doBackPatch(Ltoba/jit/BackpatchInfo;)V >"	69	71	java_constant_int(5)	"bb157"
"< Application, Ltoba/jit/JITCodeGen, EmitSyncWrapper(Ltoba/classfile/Method;)V >"	308	387	java_constant_int(86)	"bb239"
"< Application, Ltoba/jit/JITCodeGen, EmitIfCmp(Ltoba/classfile/Instr;Ltoba/classfile/Method;)V >"	23	31	java_constant_int(166)	"bb22"
"< Application, Ltoba/translator/InsGen, igen(Ljava/io/PrintWriter;Ltoba/classfile/Method;Ltoba/classfile/Instr;)V >"	218	1420	java_constant_int(4)	"bb217"
"< Application, Ltoba/translator/InsGen, igen(Ljava/io/PrintWriter;Ltoba/classfile/Method;Ltoba/classfile/Instr;)V >"	5	8	java_constant_int(108)	"bb754"
"< Application, Ltoba/jit/JITCodeGen, EmitBinOp(Ltoba/classfile/Instr;)V >"	58	71	java_constant_int(103)	"bb160"
"< Application, Ltoba/jit/JITCodeGen, popIntoMemory(Ltoba/jit/Register;C)V >"	9	3	java_constant_int(68)	"bb37"
"< Application, Ltoba/runtime/CodeGen, buildNativeClass(Ltoba/classfile/ClassData;Ljava/lang/ClassLoader;)Ljava/lang/Class; >"	61	64	java_constant_int(4)	"bb67"
"< Application, Ltoba/jit/JITCodeGen, EmitCode(Ltoba/classfile/Method;I)V >"	57	50	java_constant_int(195)	"bb1061"
"< Application, Ltoba/classfile/Instr, nextStack()Ljava/lang/String; >"	29	17	java_constant_int(181)	"bb54"
"< Application, Ltoba/jit/JITCodeGen, EmitRetvalStore(Ltoba/classfile/FieldRef;)V >"	4	11	java_constant_int(73)	"bb5"
"< Application, Ltoba/classfile/Method, sigscan()V >"	11	17	java_constant_int(91)	"bb17"
"< Application, Ltoba/jit/JITCodeGen, EmitRetvalStore(Ltoba/classfile/FieldRef;)V >"	4	11	java_constant_int(91)	"bb5"
"< Application, Ltoba/translator/InsGen, igen(Ljava/io/PrintWriter;Ltoba/classfile/Method;Ltoba/classfile/Instr;)V >"	5	8	java_constant_int(178)	"bb71"
"< Application, Ltoba/classfile/Instr, nextStack()Ljava/lang/String; >"	29	17	java_constant_int(18)	"bb30"
"< Application, Ltoba/jit/Intel86, makeModRM(Ljava/lang/Object;Ljava/lang/Object;)[B >"	156	187	java_constant_int(83)	"bb153"
"< Application, Ltoba/jit/JITCodeGen, EmitBinOp(Ltoba/classfile/Instr;)V >"	58	71	java_constant_int(110)	"bb166"
"< Application, Ltoba/classfile/Instr, argstring(Ljava/lang/String;)Ljava/lang/String; >"	4	10	java_constant_int(68)	"bb19"
"< Application, Ltoba/jit/JITCodeGen, EmitCode(Ltoba/classfile/Method;I)V >"	57	50	java_constant_int(120)	"bb658"
"< Application, Ltoba/classfile/ClassRef, bySignature(Ljava/lang/String;)Ltoba/classfile/ClassRef; >"	1	6	java_constant_int(90)	"bb3"
"< Application, Ltoba/jit/Intel86, makeModRM(Ljava/lang/Object;Ljava/lang/Object;)[B >"	40	46	java_constant_int(3)	"bb49"
"< Application, Ltoba/jit/JITCodeGen, EmitBinOp(Ltoba/classfile/Instr;)V >"	58	71	java_constant_int(129)	"bb130"
"< Application, Ltoba/translator/MethGen, parmdecls(Ltoba/classfile/Method;)Ljava/lang/String; >"	11	17	java_constant_int(76)	"bb13"
"< Application, Ltoba/translator/Trans, options([Ljava/lang/String;)V >"	10	16	java_constant_int(82)	"bb29"
"< Application, Ltoba/jit/JITCodeGen, EmitBinOp(Ltoba/classfile/Instr;)V >"	58	71	java_constant_int(114)	"bb169"
"< Application, Ltoba/classfile/Instr, nextStack()Ljava/lang/String; >"	29	17	java_constant_int(185)	"bb129"
"< Application, Ltoba/translator/InsGen, igen(Ljava/io/PrintWriter;Ltoba/classfile/Method;Ltoba/classfile/Instr;)V >"	218	1420	java_constant_int(10)	"bb223"
"< Application, Ltoba/jit/JITCodeGen, EmitIfCmp(Ltoba/classfile/Instr;Ltoba/classfile/Method;)V >"	23	31	java_constant_int(199)	"bb22"
"< Application, Ltoba/classfile/Names, classref(Ljava/lang/String;)Ljava/lang/String; >"	1	5	java_constant_int(74)	"bb8"
"< Application, Ltoba/jit/JITCodeGen, loadClassPointer(Ltoba/classfile/Instr;Ltoba/classfile/ClassRef;ILtoba/jit/Register;)V >"	8	17	java_constant_int(90)	"bb23"
"< Application, Ltoba/classfile/Constant, readUTF(Ljava/io/DataInput;)Ljava/lang/String; >"	5	10	java_constant_int(5)	"bb6"
"< Application, Ltoba/jit/JITCodeGen, EmitUnOp(Ltoba/classfile/Instr;)V >"	4	7	java_constant_int(133)	"bb6"
"< Application, Ltoba/jit/JITCodeGen, EmitBinOp(Ltoba/classfile/Instr;)V >"	58	71	java_constant_int(131)	"bb135"
"< Application, Ltoba/jit/JITCodeGen, EmitUnOp(Ltoba/classfile/Instr;)V >"	29	34	java_constant_int(136)	"bb154"
"< Application, Ltoba/jit/JITCodeGen, EmitSyncWrapper(Ltoba/classfile/Method;)V >"	398	387	java_constant_int(91)	"bb292"
"< Application, Ltoba/jit/JITCodeGen, EmitUnOp(Ltoba/classfile/Instr;)V >"	4	7	java_constant_int(147)	"bb6"
"< Application, Ltoba/jit/JITCodeGen, EmitUnOp(Ltoba/classfile/Instr;)V >"	4	7	java_constant_int(137)	"bb12"
"< Application, Ltoba/jit/JITCodeGen, EmitSyncWrapper(Ltoba/classfile/Method;)V >"	308	387	java_constant_int(67)	"bb228"
"< Application, Ltoba/jit/JITCodeGen, EmitCode(Ltoba/classfile/Method;I)V >"	57	50	java_constant_int(170)	"bb757"
"< Application, Ltoba/jit/JITCodeGen, EmitBinOp(Ltoba/classfile/Instr;)V >"	58	71	java_constant_int(108)	"bb69"
"< Application, Ltoba/jit/JITCodeGen, EmitCode(Ltoba/classfile/Method;I)V >"	57	50	java_constant_int(172)	"bb1028"
"< Application, Ltoba/jit/JITCodeGen, EmitIfCmp(Ltoba/classfile/Instr;Ltoba/classfile/Method;)V >"	23	31	java_constant_int(157)	"bb28"
"< Application, Ltoba/jit/JITCodeGen, EmitUnOp(Ltoba/classfile/Instr;)V >"	4	7	java_constant_int(143)	"bb15"
"< Application, Ltoba/jit/JITCodeGen, EmitBinOp(Ltoba/classfile/Instr;)V >"	58	71	java_constant_int(104)	"bb59"
"< Application, Ltoba/translator/InsGen, igen(Ljava/io/PrintWriter;Ltoba/classfile/Method;Ltoba/classfile/Instr;)V >"	5	8	java_constant_int(182)	"bb979"
"< Application, Ltoba/jit/JITCodeGen, EmitIfCmp(Ltoba/classfile/Instr;Ltoba/classfile/Method;)V >"	23	31	java_constant_int(158)	"bb31"
"< Application, Ltoba/jit/JITCodeGen, EmitSyncWrapper(Ltoba/classfile/Method;)V >"	308	387	java_constant_int(76)	"bb228"
"< Application, Ltoba/classfile/Constant, readUTF(Ljava/io/DataInput;)Ljava/lang/String; >"	5	10	java_constant_int(4)	"bb6"
"< Application, Ltoba/jit/Intel86, makeModRM(Ljava/lang/Object;Ljava/lang/Object;)[B >"	156	187	java_constant_int(34)	"bb117"
"< Application, Ltoba/classfile/Constant, readUTF(Ljava/io/DataInput;)Ljava/lang/String; >"	5	10	java_constant_int(7)	"bb6"
"< Application, Ltoba/translator/InsGen, igen(Ljava/io/PrintWriter;Ltoba/classfile/Method;Ltoba/classfile/Instr;)V >"	5	8	java_constant_int(139)	"bb741"
"< Application, Ltoba/classfile/Method, sigscan()V >"	11	17	java_constant_int(76)	"bb13"
"< Application, Ltoba/translator/Trans, options([Ljava/lang/String;)V >"	10	16	java_constant_int(100)	"bb11"
"< Application, Ltoba/classfile/Instr, argwords(Ljava/lang/String;)I >"	2	8	java_constant_int(68)	"bb8"
"< Application, Ltoba/jit/JITCodeGen, EmitRetvalStore(Ltoba/classfile/FieldRef;)V >"	4	11	java_constant_int(70)	"bb8"
"< Application, Ltoba/translator/InsGen, igen(Ljava/io/PrintWriter;Ltoba/classfile/Method;Ltoba/classfile/Instr;)V >"	5	8	java_constant_int(132)	"bb59"
"< Application, Ltoba/jit/JITCodeGen, popIntoMemory(Ltoba/jit/Register;C)V >"	9	3	java_constant_int(66)	"bb19"
"< Application, Ltoba/jit/Intel86, makeModRM(Ljava/lang/Object;Ljava/lang/Object;)[B >"	40	46	java_constant_int(9)	"bb81"
"< Application, Ltoba/classfile/Instr, regtype(Ljava/lang/String;)C >"	1	5	java_constant_int(90)	"bb11"
"< Application, Ltoba/jit/Immediate, toString()Ljava/lang/String; >"	1	3	java_constant_int(1)	"bb3"
"< Application, Ltoba/jit/JITCodeGen, EmitCode(Ltoba/classfile/Method;I)V >"	57	50	java_constant_int(194)	"bb1061"
"< Application, Ltoba/classfile/Method, sigscan()V >"	48	63	java_constant_int(90)	"bb62"
"< Application, Ltoba/jit/JITCodeGen, EmitUnOp(Ltoba/classfile/Instr;)V >"	4	7	java_constant_int(119)	"bb15"
"< Application, Ltoba/jit/JITCodeGen, EmitCode(Ltoba/classfile/Method;I)V >"	57	50	java_constant_int(1)	"bb57"
"< Application, Ltoba/classfile/Field, getVarFieldSize()I >"	2	6	java_constant_int(76)	"bb13"
"< Application, Ltoba/jit/JITCodeGen, EmitCode(Ltoba/classfile/Method;I)V >"	57	50	java_constant_int(192)	"bb307"
"< Application, Ltoba/jit/JITCodeGen, EmitBinOp(Ltoba/classfile/Instr;)V >"	58	71	java_constant_int(127)	"bb125"
"< Application, Ltoba/classfile/Names, classref(Ljava/lang/String;)Ljava/lang/String; >"	1	5	java_constant_int(83)	"bb9"
"< Application, Ltoba/jit/JITCodeGen, EmitCode(Ltoba/classfile/Method;I)V >"	679	951	java_constant_int(50)	"bb525"
"< Application, Ltoba/jit/CodeBlock, reserveCode(ILtoba/classfile/Instr;Ljava/lang/Object;Ljava/lang/Object;)Ltoba/jit/BackpatchInfo; >"	1	2	java_constant_int(3)	"bb3"
"< Application, Ltoba/jit/JITCodeGen, EmitBinOp(Ltoba/classfile/Instr;)V >"	58	71	java_constant_int(126)	"bb74"
"< Application, Ltoba/jit/JITCodeGen, EmitIfCmp(Ltoba/classfile/Instr;Ltoba/classfile/Method;)V >"	23	31	java_constant_int(156)	"bb34"
"< Application, Ltoba/translator/InsGen, igen(Ljava/io/PrintWriter;Ltoba/classfile/Method;Ltoba/classfile/Instr;)V >"	5	8	java_constant_int(168)	"bb946"
"< Application, Ltoba/jit/JITCodeGen, loadClassPointer(Ltoba/classfile/Instr;Ltoba/classfile/ClassRef;ILtoba/jit/Register;)V >"	8	17	java_constant_int(66)	"bb9"
"< Application, Ltoba/jit/JITCodeGen, EmitCode(Ltoba/classfile/Method;I)V >"	679	951	java_constant_int(53)	"bb529"
"< Application, Ltoba/classfile/Field, getVarFieldSize()I >"	2	6	java_constant_int(90)	"bb12"
"< Application, Ltoba/jit/JITCodeGen, EmitCode(Ltoba/classfile/Method;I)V >"	57	50	java_constant_int(179)	"bb211"
"< Application, Ltoba/translator/Repr, ctype(C)Ljava/lang/String; >"	0	1	java_constant_int(83)	"bb8"
"< Application, Ltoba/translator/Repr, con(Ltoba/classfile/Method;Ltoba/classfile/Constant;)Ljava/lang/String; >"	1	4	java_constant_int(8)	"bb53"
"< Application, Ltoba/jit/JITCodeGen, EmitCode(Ltoba/classfile/Method;I)V >"	57	50	java_constant_int(189)	"bb396"
"< Application, Ltoba/translator/InsGen, igen(Ljava/io/PrintWriter;Ltoba/classfile/Method;Ltoba/classfile/Instr;)V >"	218	1420	java_constant_int(8)	"bb221"
"< Application, Ltoba/classfile/Constant, readUTF(Ljava/io/DataInput;)Ljava/lang/String; >"	5	10	java_constant_int(12)	"bb8"
"< Application, Ltoba/classfile/Instr, nextStack()Ljava/lang/String; >"	29	17	java_constant_int(90)	"bb89"
"< Application, Ltoba/classfile/Constant, load(Ljava/io/DataInputStream;)[Ltoba/classfile/Constant; >"	129	99	java_constant_int(9)	"bb123"
"< Application, Ltoba/jit/CodeBlock, doBackPatch(Ltoba/jit/BackpatchInfo;)V >"	69	71	java_constant_int(3)	"bb139"
"< Application, Ltoba/translator/InsGen, igen(Ljava/io/PrintWriter;Ltoba/classfile/Method;Ltoba/classfile/Instr;)V >"	5	8	java_constant_int(189)	"bb249"
"< Application, Ltoba/classfile/Field, getVarFieldSize()I >"	2	6	java_constant_int(83)	"bb11"
"< Application, Ltoba/classfile/Instr, nextStack()Ljava/lang/String; >"	29	17	java_constant_int(183)	"bb129"
"< Application, Ltoba/translator/InsGen, igen(Ljava/io/PrintWriter;Ltoba/classfile/Method;Ltoba/classfile/Instr;)V >"	5	8	java_constant_int(171)	"bb913"
"< Application, Ltoba/classfile/Method, sigscan()V >"	11	17	java_constant_int(67)	"bb27"
"< Application, Ltoba/jit/Intel86, PUSH(Ljava/lang/Object;)[B >"	1	5	java_constant_int(1)	"bb3"
"< Application, Ltoba/jit/Intel86, makeModRM(Ljava/lang/Object;Ljava/lang/Object;)[B >"	40	46	java_constant_int(6)	"bb66"
"< Application, Ltoba/jit/JITCodeGen, EmitCode(Ltoba/classfile/Method;I)V >"	57	50	java_constant_int(193)	"bb340"
"< Application, Ltoba/jit/JITCodeGen, EmitCode(Ltoba/classfile/Method;I)V >"	57	50	java_constant_int(169)	"bb902"
"< Application, Ltoba/translator/Trans, options([Ljava/lang/String;)V >"	10	16	java_constant_int(109)	"bb14"
"< Application, Ltoba/classfile/Names, csignature(Ljava/lang/String;)Ljava/lang/String; >"	15	10	java_constant_int(70)	"bb24"
"< Application, Ltoba/jit/JITCodeGen, EmitUnOp(Ltoba/classfile/Instr;)V >"	4	7	java_constant_int(140)	"bb9"
"< Application, Ltoba/classfile/Instr, argwords(Ljava/lang/String;)I >"	2	8	java_constant_int(66)	"bb6"
"< Application, Ltoba/classfile/Instr, nextStack()Ljava/lang/String; >"	29	17	java_constant_int(180)	"bb43"
"< Application, Ltoba/jit/JITCodeGen, EmitCode(Ltoba/classfile/Method;I)V >"	106	1587	java_constant_int(7)	"bb1105"
"< Application, Ltoba/jit/Intel86, makeByteArray(Ltoba/jit/Immediate;)[B >"	2	8	java_constant_int(3)	"bb17"
"< Application, Ltoba/classfile/Names, csignature(Ljava/lang/String;)Ljava/lang/String; >"	15	10	java_constant_int(40)	"bb40"
"< Application, Ltoba/classfile/Instr, argwords(Ljava/lang/String;)I >"	2	8	java_constant_int(74)	"bb11"
"< Application, Ltoba/jit/Intel86, makeModRM(Ljava/lang/Object;Ljava/lang/Object;)[B >"	40	46	java_constant_int(12)	"bb82"
"< Application, Ltoba/jit/JITCodeGen, popIntoMemory(Ltoba/jit/Register;C)V >"	9	3	java_constant_int(86)	"bb16"
"< Application, Ltoba/translator/InsGen, igen(Ljava/io/PrintWriter;Ltoba/classfile/Method;Ltoba/classfile/Instr;)V >"	5	8	java_constant_int(116)	"bb729"
"< Application, Ltoba/jit/CodeBlock, reserveCode(ILtoba/classfile/Instr;Ljava/lang/Object;J)Ltoba/jit/BackpatchInfo; >"	1	2	java_constant_int(11)	"bb5"
"< Application, Ltoba/runtime/SystemClassLoader, loadPrimitiveClass(C)Ljava/lang/Class; >"	0	1	java_constant_int(74)	"bb12"
"< Application, Ltoba/classfile/Method, sigscan()V >"	48	63	java_constant_int(74)	"bb58"
"< Application, Ltoba/jit/CodeBlock, doBackPatch(Ltoba/jit/BackpatchInfo;)V >"	69	71	java_constant_int(8)	"bb220"
"< Application, Ltoba/jit/CodeBlock, doBackPatch(Ltoba/jit/BackpatchInfo;)V >"	69	71	java_constant_int(2)	"bb119"
"< Application, Ltoba/classfile/Instr, nextStack()Ljava/lang/String; >"	32	178	java_constant_int(4)	"bb37"
"< Application, Ltoba/classfile/Names, csignature(Ljava/lang/String;)Ljava/lang/String; >"	15	10	java_constant_int(67)	"bb20"
"< Application, Ltoba/classfile/Instr, argstring(Ljava/lang/String;)Ljava/lang/String; >"	4	10	java_constant_int(83)	"bb27"
"< Application, Ltoba/jit/JITCodeGen, EmitCode(Ltoba/classfile/Method;I)V >"	679	951	java_constant_int(47)	"bb526"
"< Application, Ltoba/jit/JITCodeGen, EmitBinOp(Ltoba/classfile/Instr;)V >"	58	71	java_constant_int(102)	"bb160"
"< Application, Ltoba/jit/JITCodeGen, EmitUnOp(Ltoba/classfile/Instr;)V >"	29	34	java_constant_int(133)	"bb31"
"< Application, Ltoba/jit/JITCodeGen, EmitCode(Ltoba/classfile/Method;I)V >"	57	50	java_constant_int(0)	"bb565"
"< Application, Ltoba/jit/JITCodeGen, loadClassPointer(Ltoba/classfile/Instr;Ltoba/classfile/ClassRef;ILtoba/jit/Register;)V >"	8	17	java_constant_int(68)	"bb13"
"< Application, Ltoba/classfile/Method, sigscan()V >"	11	17	java_constant_int(90)	"bb39"
"< Application, Ltoba/translator/Repr, ctype(C)Ljava/lang/String; >"	0	1	java_constant_int(70)	"bb5"
"< Application, Ltoba/jit/Intel86, makeByteArray(Ltoba/jit/Immediate;)[B >"	2	8	java_constant_int(4)	"bb11"
"< Application, Ltoba/translator/HFile, argtypes(Ltoba/classfile/Field;)Ljava/lang/String; >"	9	15	java_constant_int(91)	"bb30"
"< Application, Ltoba/jit/JITCodeGen, EmitSyncWrapper(Ltoba/classfile/Method;)V >"	398	387	java_constant_int(67)	"bb292"
"< Application, Ltoba/classfile/Instr, argwords(Ljava/lang/String;)I >"	2	8	java_constant_int(90)	"bb13"
"< Application, Ltoba/jit/JITCodeGen, EmitBinOp(Ltoba/classfile/Instr;)V >"	58	71	java_constant_int(115)	"bb169"
"< Application, Ltoba/jit/JITCodeGen, EmitCode(Ltoba/classfile/Method;I)V >"	57	50	java_constant_int(93)	"bb609"
"< Application, Ltoba/jit/JITCodeGen, EmitUnOp(Ltoba/classfile/Instr;)V >"	29	34	java_constant_int(137)	"bb73"
"< Application, Ltoba/jit/JITCodeGen, EmitSyncWrapper(Ltoba/classfile/Method;)V >"	398	387	java_constant_int(70)	"bb298"
"< Application, Ltoba/translator/MethGen, parmdecls(Ltoba/classfile/Method;)Ljava/lang/String; >"	11	17	java_constant_int(90)	"bb30"
"< Application, Ltoba/jit/CodeBlock, doBackPatch(Ltoba/jit/BackpatchInfo;)V >"	69	71	java_constant_int(10)	"bb227"
"< Application, Ltoba/translator/CFile, emitStaticFinalInit(Ljava/io/PrintWriter;Ltoba/classfile/ClassData;)Z >"	32	49	java_constant_int(7)	"bb136"
"< Application, Ltoba/jit/CodeBlock, doBackPatch(Ltoba/jit/BackpatchInfo;)V >"	69	71	java_constant_int(11)	"bb239"
"< Application, Ltoba/classfile/Names, csignature(Ljava/lang/String;)Ljava/lang/String; >"	15	10	java_constant_int(90)	"bb32"
"< Application, Ltoba/jit/JITCodeGen, EmitRetvalStore(Ltoba/classfile/FieldRef;)V >"	4	11	java_constant_int(83)	"bb5"
"< Application, Ltoba/classfile/Constant, readUTF(Ljava/io/DataInput;)Ljava/lang/String; >"	5	10	java_constant_int(1)	"bb6"
"< Application, Ltoba/jit/JITCodeGen, EmitSyncWrapper(Ltoba/classfile/Method;)V >"	308	387	java_constant_int(90)	"bb228"
"< Application, Ltoba/translator/InsGen, igen(Ljava/io/PrintWriter;Ltoba/classfile/Method;Ltoba/classfile/Instr;)V >"	5	8	java_constant_int(181)	"bb140"
