"< Application, Ltoba/runtime/CodeGen, internStrings(Ljava/lang/Class;)[Ljava/lang/String; >"	12
"< Application, Ltoba/classfile/Names, hashinterface(Ljava/lang/String;Ljava/lang/String;)I >"	13
"< Application, Ltoba/classfile/IHash, mark(Ljava/lang/ClassLoader;Ltoba/classfile/ClassData;)V >"	27
"< Application, Ltoba/classfile/Instr, argwords(Ljava/lang/String;)I >"	31
"< Application, Ltoba/classfile/Constant, load(Ljava/io/DataInputStream;)[Ltoba/classfile/Constant; >"	122
"< Application, Ltoba/jit/Immediate, toString()Ljava/lang/String; >"	5
"< Application, Ltoba/runtime/CodeGen, setSpecialMethods(Ljava/lang/Class;)V >"	57
"< Application, Ltoba/InstallClassFile, main([Ljava/lang/String;)V >"	30
"< Application, Ltoba/jit/Intel86, TestIntel86([Ljava/lang/String;)V >"	15
"< Application, Ltoba/translator/HFile, write(Ljava/io/PrintWriter;Ltoba/classfile/ClassData;)V >"	99
"< Application, Ltoba/translator/Trans, options([Ljava/lang/String;)V >"	48
"< Application, Ltoba/jit/Intel86, TestIntel86([Ljava/lang/String;)V >"	59
"< Application, Ltoba/runtime/CodeGen, getInstanceMethodAddrs(Ljava/lang/Class;)[J >"	10
"< Application, Ltoba/jit/CodeBlock, BV(Ljava/lang/String;I)I >"	21
"< Application, Ltoba/jit/JITCodeGen, EmitCode(Ltoba/classfile/Method;I)V >"	141
"< Application, Ltoba/classfile/IHash, <init>(Ltoba/classfile/ClassData;)V >"	107
"< Application, Ltoba/translator/CFile, methodsigs(Ljava/io/PrintWriter;Ltoba/classfile/ClassData;)V >"	21
"< Application, Ltoba/classfile/MethodRef, findMethod(Ltoba/classfile/ClassData;)Ltoba/classfile/Field; >"	29
"< Application, Ltoba/translator/MethGen, lvinits(Ljava/io/PrintWriter;Ltoba/classfile/Method;)V >"	37
"< Application, Ltoba/translator/MethGen, parmdecls(Ltoba/classfile/Method;)Ljava/lang/String; >"	9
"< Application, Ltoba/jit/Intel86, makeModRM(Ljava/lang/Object;Ljava/lang/Object;)[B >"	59
"< Application, Ltoba/InstallClassFile, main([Ljava/lang/String;)V >"	22
"< Application, Ltoba/classfile/ClassData, buildVariableTables(Z)V >"	56
"< Application, Ltoba/Lister, listSystemClasses()V >"	43
"< Application, Ltoba/translator/Repr, emitCharData(Ljava/io/PrintWriter;Ljava/lang/String;)V >"	19
"< Application, Ltoba/jit/JITCodeGen, setCallArgs(I)I >"	11
"< Application, Ltoba/jit/Immediate, <init>(IZ)V >"	3
"< Application, Ltoba/classfile/IHash, mark(Ljava/lang/ClassLoader;Ltoba/classfile/ClassData;)V >"	32
"< Application, Ltoba/classfile/Names, toba_getSRAS(Ljava/lang/String;)Ljava/io/InputStream; >"	48
"< Application, Ltoba/jit/JITCodeGen, EmitCode(Ltoba/classfile/Method;I)V >"	616
"< Application, Ltoba/translator/Trans, setdbg(Ljava/lang/String;)V >"	5
"< Application, Ltoba/jit/CodeBlock, doBackPatch(Ltoba/jit/BackpatchInfo;)V >"	353
"< Application, Ltoba/jit/Intel86, TestIntel86([Ljava/lang/String;)V >"	70
"< Application, Ltoba/jit/Intel86, MOV(Ljava/lang/Object;Ljava/lang/Object;)[B >"	31
"< Application, Ltoba/runtime/CodeGen, hashAddrs(Ljava/lang/Class;[Ltoba/classfile/Field;)[J >"	10
"< Application, Ltoba/jit/CodeBlock, doBackPatch(Ltoba/jit/BackpatchInfo;)V >"	100
"< Application, Ltoba/classfile/Method, <init>(Ltoba/classfile/ClassData;Ltoba/classfile/Field;)V >"	132
"< Application, Ltoba/jit/Intel86, OR(Ljava/lang/Object;Ljava/lang/Object;)[B >"	11
"< Application, Ltoba/classfile/IHash, mark(Ljava/lang/ClassLoader;Ltoba/classfile/ClassData;)V >"	23
"< Application, Ltoba/jit/Intel86, encode([B[B[B)[B >"	29
"< Application, Ltoba/classfile/Method, <init>(Ltoba/classfile/ClassData;Ltoba/classfile/Field;)V >"	215
"< Application, Ltoba/runtime/CodeGen, classVariableAlignment([Ltoba/classfile/Field;)I >"	6
"< Application, Ltoba/runtime/CodeGen, referencedClasses(Ljava/lang/Class;Ljava/lang/ClassLoader;)[J >"	13
"< Application, Ltoba/jit/BackpatchInfo, toString()Ljava/lang/String; >"	39
"< Application, Ltoba/translator/MethGen, parmdecls(Ltoba/classfile/Method;)Ljava/lang/String; >"	31
"< Application, Ltoba/runtime/Resolve, resolveClass(Ltoba/classfile/ClassData;Ljava/lang/ClassLoader;)V >"	29
"< Application, Ltoba/translator/CFile, cltables(Ljava/io/PrintWriter;Ltoba/classfile/ClassData;)V >"	90
"< Application, Ltoba/classfile/Instr, argstring(Ljava/lang/String;)Ljava/lang/String; >"	43
"< Application, Ltoba/runtime/CodeGen, instanceOffsets(Ljava/lang/Class;)[I >"	47
"< Application, Ltoba/jit/Intel86, ADC(Ljava/lang/Object;Ljava/lang/Object;)[B >"	11
"< Application, Ltoba/jit/JITCodeGen, generateCode(Ljava/lang/Class;Ltoba/classfile/Method;)Ltoba/classfile/MethodCode; >"	101
"< Application, Ltoba/translator/InsGen, stackvar(Ltoba/classfile/Instr;I)Ljava/lang/String; >"	8
"< Application, Ltoba/classfile/Method, <init>(Ltoba/classfile/ClassData;Ltoba/classfile/Field;)V >"	88
"< Application, Ltoba/jit/Intel86, TestIntel86([Ljava/lang/String;)V >"	42
"< Application, Ltoba/translator/Trans, genmain(Ltoba/classfile/ClassData;)V >"	17
"< Application, Ltoba/jit/JITCodeGen, EmitSyncWrapper(Ltoba/classfile/Method;)V >"	8
"< Application, Ltoba/runtime/Resolve, resolveClassName(Ljava/lang/String;Ljava/lang/ClassLoader;)Ljava/lang/Class; >"	10
"< Application, Ltoba/jit/JITCodeGen, EmitCkInstance(Ltoba/classfile/Instr;Ltoba/classfile/ClassRef;)V >"	178
"< Application, Ltoba/jit/JITCodeGen, <clinit>()V >"	235
"< Application, Ltoba/translator/MethGen, minfo(Ljava/io/PrintWriter;Ltoba/classfile/Method;)V >"	41
"< Application, Ltoba/jit/CodeBlock, reserveCode(ILtoba/classfile/Instr;Ljava/lang/Object;Ljava/lang/Object;)Ltoba/jit/BackpatchInfo; >"	36
"< Application, Ltoba/jit/JIT, main([Ljava/lang/String;)V >"	16
"< Application, Ltoba/translator/MethGen, lvinits(Ljava/io/PrintWriter;Ltoba/classfile/Method;)V >"	6
"< Application, Ltoba/classfile/Method, <init>(Ltoba/classfile/ClassData;Ltoba/classfile/Field;)V >"	276
"< Application, Ltoba/jit/Intel86, makeModRM(Ljava/lang/Object;Ljava/lang/Object;)[B >"	231
"< Application, Ltoba/jit/JIT, main([Ljava/lang/String;)V >"	22
"< Application, Ltoba/classfile/Names, hashname(Ljava/lang/String;Ljava/lang/String;Ljava/lang/String;Ljava/lang/StringBuffer;)Ljava/lang/String; >"	31
"< Application, Ltoba/translator/CFile, methodsigs(Ljava/io/PrintWriter;Ltoba/classfile/ClassData;)V >"	58
"< Application, Ltoba/translator/MethGen, mgen(Ljava/io/PrintWriter;Ltoba/classfile/Method;)V >"	113
"< Application, Ltoba/classfile/IHash, hashlist(Ljava/lang/ClassLoader;Ltoba/classfile/ClassRef;)[I >"	38
"< Application, Ltoba/translator/Trans, main([Ljava/lang/String;)V >"	30
"< Application, Ltoba/jit/CodeBlock, doBackPatch(Ltoba/jit/BackpatchInfo;)V >"	149
"< Application, Ltoba/translator/Trans, doname(Ljava/lang/String;)V >"	25
"< Application, Ltoba/classfile/ClassData, buildVariableTables(Z)V >"	14
"< Application, Ltoba/runtime/CodeGen, referencedClasses(Ljava/lang/Class;Ljava/lang/ClassLoader;)[J >"	43
"< Application, Ltoba/translator/InsGen, igen(Ljava/io/PrintWriter;Ltoba/classfile/Method;Ltoba/classfile/Instr;)V >"	959
"< Application, Ltoba/classfile/ClassFile, find(Ljava/lang/String;)Ltoba/classfile/ClassFile; >"	38
"< Application, Ltoba/classfile/ClassData, buildTables()V >"	3
"< Application, Ltoba/jit/Intel86, SUB(Ljava/lang/Object;Ljava/lang/Object;)[B >"	11
"< Application, Ltoba/jit/CodeBlock, reserveCode(ILtoba/classfile/Instr;Ljava/lang/Object;J)Ltoba/jit/BackpatchInfo; >"	36
"< Application, Ltoba/jit/Intel86, TestIntel86([Ljava/lang/String;)V >"	52
"< Application, Ltoba/translator/CFile, gfloats(Ljava/io/PrintWriter;[Ltoba/classfile/Constant;)V >"	45
"< Application, Ltoba/Lister, main([Ljava/lang/String;)V >"	7
"< Application, Ltoba/classfile/Names, toba_getSRAS(Ljava/lang/String;)Ljava/io/InputStream; >"	32
"< Application, Ltoba/classfile/IHash, <init>(Ltoba/classfile/ClassData;)V >"	44
"< Application, Ltoba/translator/CFile, cltables(Ljava/io/PrintWriter;Ltoba/classfile/ClassData;)V >"	49
"< Application, Ltoba/classfile/ClassData, buildVariableTables(Z)V >"	87
"< Application, Ltoba/jit/Intel86, ADD(Ljava/lang/Object;Ljava/lang/Object;)[B >"	16
"< Application, Ltoba/classfile/ClassData, addSymFields([Ltoba/classfile/Field;)V >"	11
"< Application, Ltoba/classfile/Instr, <init>([BI[Ltoba/classfile/Constant;)V >"	142
"< Application, Ltoba/jit/JIT, main([Ljava/lang/String;)V >"	20
"< Application, Ltoba/translator/MethGen, syncwrap(Ljava/io/PrintWriter;Ltoba/classfile/Method;)V >"	110
"< Application, Ltoba/jit/CodeBlock, getCodeWord(I)I >"	42
"< Application, Ltoba/translator/MethGen, mgen(Ljava/io/PrintWriter;Ltoba/classfile/Method;)V >"	110
"< Application, Ltoba/classfile/Names, idstring(Ljava/lang/String;)Z >"	11
"< Application, Ltoba/runtime/CodeGen, superclasses(Ljava/lang/Class;Ljava/lang/Class;)[J >"	14
"< Application, Ltoba/classfile/VariableRef, findVariable(Ltoba/classfile/ClassData;)Ltoba/classfile/Field; >"	29
"< Application, Ltoba/classfile/Method, mark(ILjava/lang/String;I)V >"	102
"< Application, Ltoba/classfile/Method, sigscan()V >"	22
"< Application, Ltoba/Lister, closeClassList([Ljava/lang/String;I)V >"	100
"< Application, Ltoba/classfile/Constant, load(Ljava/io/DataInputStream;)[Ltoba/classfile/Constant; >"	104
"< Application, Ltoba/translator/MethGen, dclstack(Ljava/io/PrintWriter;Ltoba/classfile/Method;C)V >"	25
"< Application, Ltoba/classfile/Method, <init>(Ltoba/classfile/ClassData;Ltoba/classfile/Field;)V >"	230
"< Application, Ltoba/translator/CFile, write(Ljava/io/PrintWriter;Ltoba/classfile/ClassData;)V >"	72
"< Application, Ltoba/runtime/CodeGen, referencedClasses(Ljava/lang/Class;Ljava/lang/ClassLoader;)[J >"	41
"< Application, Ltoba/classfile/Method, mark(ILjava/lang/String;I)V >"	100
"< Application, Ltoba/translator/CFile, methodsigs(Ljava/io/PrintWriter;Ltoba/classfile/ClassData;)V >"	52
"< Application, Ltoba/jit/CodeBlock, BS(II)Ljava/lang/String; >"	9
"< Application, Ltoba/translator/MethGen, syncwrap(Ljava/io/PrintWriter;Ltoba/classfile/Method;)V >"	113
"< Application, Ltoba/classfile/IHash, hashlist(Ljava/lang/ClassLoader;Ltoba/classfile/ClassRef;)[I >"	54
"< Application, Ltoba/classfile/Names, hashname(Ljava/lang/String;Ljava/lang/String;Ljava/lang/String;Ljava/lang/StringBuffer;)Ljava/lang/String; >"	22
"< Application, Ltoba/classfile/ClassData, getByNameLoader(Ljava/lang/String;Ljava/lang/ClassLoader;)Ltoba/classfile/ClassData; >"	2
"< Application, Ltoba/runtime/CodeGen, interfaces(Ljava/lang/Class;)[J >"	26
"< Application, Ltoba/jit/Intel86, SBB(Ljava/lang/Object;Ljava/lang/Object;)[B >"	11
"< Application, Ltoba/jit/Intel86, makeModRM(Ljava/lang/Object;Ljava/lang/Object;)[B >"	11
"< Application, Ltoba/translator/CFile, cltables(Ljava/io/PrintWriter;Ltoba/classfile/ClassData;)V >"	36
"< Application, Ltoba/classfile/ClassData, buildMethodTables(Z)V >"	102
"< Application, Ltoba/classfile/ClassData, buildTables()V >"	8
"< Application, Ltoba/translator/CFile, cltables(Ljava/io/PrintWriter;Ltoba/classfile/ClassData;)V >"	103
"< Application, Ltoba/jit/Intel86, emitByteArray([B)V >"	30
"< Application, Ltoba/jit/JITCodeGen, EmitCode(Ltoba/classfile/Method;I)V >"	951
"< Application, Ltoba/jit/Intel86, TestIntel86([Ljava/lang/String;)V >"	27
"< Application, Ltoba/classfile/Instr, argwords(Ljava/lang/String;)I >"	45
"< Application, Ltoba/classfile/Names, csignature(Ljava/lang/String;)Ljava/lang/String; >"	48
"< Application, Ltoba/jit/CodeBlock, doBackPatch(Ltoba/jit/BackpatchInfo;)V >"	141
"< Application, Ltoba/translator/InsGen, igen(Ljava/io/PrintWriter;Ltoba/classfile/Method;Ltoba/classfile/Instr;)V >"	258
"< Application, Ltoba/classfile/Names, <clinit>()V >"	97
"< Application, Ltoba/classfile/Names, hashname(Ljava/lang/String;Ljava/lang/String;Ljava/lang/String;Ljava/lang/StringBuffer;)Ljava/lang/String; >"	10
"< Application, Ltoba/translator/CFile, cltables(Ljava/io/PrintWriter;Ltoba/classfile/ClassData;)V >"	162
"< Application, Ltoba/jit/JITCodeGen, EmitBinOp(Ltoba/classfile/Instr;)V >"	161
"< Application, Ltoba/classfile/ClassFile, close()V >"	13
"< Application, Ltoba/translator/ClassInstall, copy(Ljava/io/DataInputStream;Ljava/lang/String;)V >"	11
"< Application, Ltoba/jit/JITCodeGen, setCallArgs(Ljava/lang/String;)I >"	40
"< Application, Ltoba/classfile/ClassData, getmethod(Ljava/lang/String;Z)Ltoba/classfile/Field; >"	15
"< Application, Ltoba/translator/CFile, hashgen(Ljava/io/PrintWriter;Ltoba/classfile/ClassData;)V >"	35
"< Application, Ltoba/jit/Intel86, XOR(Ljava/lang/Object;Ljava/lang/Object;)[B >"	16
"< Application, Ltoba/classfile/Method, <init>(Ltoba/classfile/ClassData;Ltoba/classfile/Field;)V >"	71
"< Application, Ltoba/translator/CFile, write(Ljava/io/PrintWriter;Ltoba/classfile/ClassData;)V >"	133
"< Application, Ltoba/translator/Trans, doname(Ljava/lang/String;)V >"	34
"< Application, Ltoba/InstallClassFile, main([Ljava/lang/String;)V >"	51
"< Application, Ltoba/jit/Intel86, MOV(Ljava/lang/Object;Ljava/lang/Object;)[B >"	14
"< Application, Ltoba/classfile/Field, <init>(Ljava/io/DataInputStream;[Ltoba/classfile/Constant;)V >"	22
"< Application, Ltoba/translator/InsGen, igen(Ljava/io/PrintWriter;Ltoba/classfile/Method;Ltoba/classfile/Instr;)V >"	329
"< Application, Ltoba/translator/InsGen, checkref(Ljava/io/PrintWriter;Ltoba/classfile/Instr;I)V >"	7
"< Application, Ltoba/translator/MethGen, parmdecls(Ltoba/classfile/Method;)Ljava/lang/String; >"	16
"< Application, Ltoba/classfile/ClassFile, find(Ljava/lang/String;)Ltoba/classfile/ClassFile; >"	47
"< Application, Ltoba/classfile/ClassFile, close()V >"	3
"< Application, Ltoba/runtime/ClassRT, getMethodTEnt(Ljava/lang/Class;Ltoba/classfile/Field;)J >"	4
"< Application, Ltoba/classfile/ClassData, forName(Ljava/lang/String;)Ltoba/classfile/ClassData; >"	4
"< Application, Ltoba/jit/Intel86, TestIntel86([Ljava/lang/String;)V >"	35
"< Application, Ltoba/jit/JITCodeGen, <clinit>()V >"	250
"< Application, Ltoba/jit/CodeBlock, dumpHex()V >"	42
"< Application, Ltoba/translator/MethGen, mgen(Ljava/io/PrintWriter;Ltoba/classfile/Method;)V >"	70
"< Application, Ltoba/jit/Intel86, OR(Ljava/lang/Object;Ljava/lang/Object;)[B >"	16
"< Application, Ltoba/classfile/Method, <init>(Ltoba/classfile/ClassData;Ltoba/classfile/Field;)V >"	138
"< Application, Ltoba/runtime/SystemClassLoader, loadClass(Ljava/lang/String;Z)Ljava/lang/Class; >"	15
"< Application, Ltoba/runtime/Supers, resolveIfaceRefs(Ltoba/classfile/ClassData;Ljava/lang/ClassLoader;)V >"	10
"< Application, Ltoba/jit/Intel86, TestIntel86([Ljava/lang/String;)V >"	49
"< Application, Ltoba/classfile/Method, sigscan()V >"	16
"< Application, Ltoba/jit/Intel86, makeModRM(Ljava/lang/Object;Ljava/lang/Object;)[B >"	17
"< Application, Ltoba/runtime/CodeGen, classVariableOffsets([Ltoba/classfile/Field;)[I >"	18
"< Application, Ltoba/translator/Trans, doname(Ljava/lang/String;)V >"	143
"< Application, Ltoba/runtime/CodeGen, superclasses(Ljava/lang/Class;Ljava/lang/Class;)[J >"	3
"< Application, Ltoba/classfile/Instr, <init>([BI[Ltoba/classfile/Constant;)V >"	116
"< Application, Ltoba/classfile/Names, csignature(Ljava/lang/String;)Ljava/lang/String; >"	42
"< Application, Ltoba/translator/Trans, doname(Ljava/lang/String;)V >"	54
"< Application, Ltoba/classfile/ClassData, <init>(Ljava/lang/Class;)V >"	36
"< Application, Ltoba/classfile/Instr, argstring(Ljava/lang/String;)Ljava/lang/String; >"	45
"< Application, Ltoba/translator/InsGen, igen(Ljava/io/PrintWriter;Ltoba/classfile/Method;Ltoba/classfile/Instr;)V >"	300
"< Application, Ltoba/classfile/Field, isInArray([Ltoba/classfile/Field;)Z >"	6
"< Application, Ltoba/jit/Intel86, SBB(Ljava/lang/Object;Ljava/lang/Object;)[B >"	16
"< Application, Ltoba/classfile/Constant, dump(Ljava/io/PrintWriter;[Ltoba/classfile/Constant;)V >"	17
"< Application, Ltoba/jit/MemoryRef, toString()Ljava/lang/String; >"	32
"< Application, Ltoba/jit/JITCodeGen, SummarizeInstrumentation()V >"	23
"< Application, Ltoba/classfile/ClassFile, close()V >"	11
"< Application, Ltoba/classfile/ClassData, buildMethodTables(Z)V >"	71
"< Application, Ltoba/jit/Intel86, ADD(Ljava/lang/Object;Ljava/lang/Object;)[B >"	11
"< Application, Ltoba/translator/HFile, write(Ljava/io/PrintWriter;Ltoba/classfile/ClassData;)V >"	103
"< Application, Ltoba/classfile/ClassData, <init>(Ljava/io/DataInputStream;)V >"	110
"< Application, Ltoba/jit/Intel86, makeByteArray(Ltoba/jit/Immediate;)[B >"	46
"< Application, Ltoba/classfile/ClassData, buildVariableTables(Z)V >"	54
"< Application, Ltoba/jit/CodeBlock, resolveCode()V >"	80
"< Application, Ltoba/jit/Intel86, CMP(Ljava/lang/Object;Ljava/lang/Object;)[B >"	11
"< Application, Ltoba/translator/CFile, others(Ljava/io/PrintWriter;Ltoba/classfile/ClassData;)V >"	28
"< Application, Ltoba/jit/Intel86, encode([B[B[B)[B >"	22
"< Application, Ltoba/jit/Intel86, AND(Ljava/lang/Object;Ljava/lang/Object;)[B >"	11
"< Application, Ltoba/runtime/CodeGen, instanceSize([Ltoba/classfile/Field;[I)I >"	23
"< Application, Ltoba/translator/MethGen, dclvars(Ljava/io/PrintWriter;Ltoba/classfile/Method;CZ)V >"	40
"< Application, Ltoba/runtime/Supers, load(Ltoba/classfile/ClassData;Ljava/lang/ClassLoader;)V >"	18
"< Application, Ltoba/classfile/ClassData, <init>(Ljava/lang/Class;)V >"	21
"< Application, Ltoba/jit/Intel86, makeModRM(Ljava/lang/Object;Ljava/lang/Object;)[B >"	27
"< Application, Ltoba/translator/CFile, emitStaticFinalInit(Ljava/io/PrintWriter;Ltoba/classfile/ClassData;)Z >"	19
"< Application, Ltoba/classfile/IHash, <init>(Ltoba/classfile/ClassData;)V >"	33
"< Application, Ltoba/jit/Intel86, makeModRM(Ljava/lang/Object;Ljava/lang/Object;)[B >"	144
"< Application, Ltoba/classfile/ClassData, buildMethodTables(Z)V >"	55
"< Application, Ltoba/translator/CFile, emitStaticFinalInit(Ljava/io/PrintWriter;Ltoba/classfile/ClassData;)Z >"	13
"< Application, Ltoba/jit/JITCodeGen, EmitCkInstance(Ltoba/classfile/Instr;Ltoba/classfile/ClassRef;)V >"	185
"< Application, Ltoba/runtime/CodeGen, instanceSize([Ltoba/classfile/Field;[I)I >"	21
"< Application, Ltoba/classfile/Method, <init>(Ltoba/classfile/ClassData;Ltoba/classfile/Field;)V >"	173
"< Application, Ltoba/classfile/Constant, load(Ljava/io/DataInputStream;)[Ltoba/classfile/Constant; >"	23
"< Application, Ltoba/classfile/Method, mark(ILjava/lang/String;I)V >"	13
"< Application, Ltoba/classfile/Names, <clinit>()V >"	9
"< Application, Ltoba/classfile/Method, sigscan()V >"	41
"< Application, Ltoba/jit/JIT, main([Ljava/lang/String;)V >"	60
"< Application, Ltoba/runtime/CodeGen, defineClass(Ljava/lang/ClassLoader;Ljava/io/DataInputStream;)Ljava/lang/Class; >"	28
"< Application, Ltoba/runtime/CodeGen, buildNativeClass(Ltoba/classfile/ClassData;Ljava/lang/ClassLoader;)Ljava/lang/Class; >"	93
"< Application, Ltoba/jit/Intel86, encode([B[B[B)[B >"	19
"< Application, Ltoba/translator/CFile, strdump(Ljava/io/PrintWriter;Ltoba/classfile/ClassData;)V >"	62
"< Application, Ltoba/classfile/Constant, load(Ljava/io/DataInputStream;)[Ltoba/classfile/Constant; >"	77
"< Application, Ltoba/classfile/IHash, hashlist(Ljava/lang/ClassLoader;Ltoba/classfile/ClassRef;)[I >"	66
"< Application, Ltoba/classfile/ClassData, <init>(Ljava/io/DataInputStream;)V >"	54
"< Application, Ltoba/Lister, recursivelist(Ljava/lang/String;Ljava/lang/String;)V >"	27
"< Application, Ltoba/runtime/CodeGen, referencedClasses(Ljava/lang/Class;Ljava/lang/ClassLoader;)[J >"	34
"< Application, Ltoba/jit/Intel86, valWFlag(Ljava/lang/Object;)I >"	18
"< Application, Ltoba/translator/HFile, write(Ljava/io/PrintWriter;Ltoba/classfile/ClassData;)V >"	86
"< Application, Ltoba/jit/Intel86, encode([B[B[B)[B >"	3
"< Application, Ltoba/jit/Immediate, setImmSize(I)Ltoba/jit/Immediate; >"	9
"< Application, Ltoba/classfile/ClassRef, byName(Ljava/lang/String;)Ltoba/classfile/ClassRef; >"	9
"< Application, Ltoba/Lister, closeClassList([Ljava/lang/String;I)V >"	11
"< Application, Ltoba/translator/InsGen, invoke(Ljava/io/PrintWriter;Ltoba/classfile/Instr;Ltoba/classfile/MethodRef;Ljava/lang/String;)V >"	34
"< Application, Ltoba/jit/CodeBlock, BS(II)Ljava/lang/String; >"	13
"< Application, Ltoba/translator/Trans, doname(Ljava/lang/String;)V >"	45
"< Application, Ltoba/jit/JITCodeGen, <clinit>()V >"	228
"< Application, Ltoba/translator/CFile, inters(Ljava/io/PrintWriter;Ltoba/classfile/ClassData;)V >"	26
"< Application, Ltoba/classfile/Instr, argwords(Ljava/lang/String;)I >"	38
"< Application, Ltoba/jit/Intel86, makeModRM(Ljava/lang/Object;Ljava/lang/Object;)[B >"	153
"< Application, Ltoba/jit/Intel86, encode([B[B[B)[B >"	32
"< Application, Ltoba/runtime/CodeGen, classVariableSpace([Ltoba/classfile/Field;)I >"	15
"< Application, Ltoba/translator/CFile, write(Ljava/io/PrintWriter;Ltoba/classfile/ClassData;)V >"	36
"< Application, Ltoba/classfile/Instr, toString()Ljava/lang/String; >"	39
"< Application, Ltoba/jit/CodeBlock, doBackPatch(Ltoba/jit/BackpatchInfo;)V >"	199
"< Application, Ltoba/translator/CFile, clstruct(Ljava/io/PrintWriter;Ltoba/classfile/ClassData;)V >"	130
"< Application, Ltoba/jit/CodeBlock, BV(Ljava/lang/String;I)I >"	16
"< Application, Ltoba/classfile/ClassData, addByNameLoader(Ljava/lang/String;Ljava/lang/ClassLoader;Ltoba/classfile/ClassData;)V >"	11
"< Application, Ltoba/translator/Trans, options([Ljava/lang/String;)V >"	50
"< Application, Ltoba/translator/InsGen, ckinstance(Ltoba/classfile/Instr;Ljava/lang/String;)Ljava/lang/String; >"	37
"< Application, Ltoba/classfile/Method, <init>(Ltoba/classfile/ClassData;Ltoba/classfile/Field;)V >"	274
"< Application, Ltoba/classfile/ClassFile, findInPath(Ljava/lang/String;Ljava/lang/String;Ljava/lang/String;)Ltoba/classfile/ClassFile; >"	30
"< Application, Ltoba/jit/JITCodeGen, EmitCode(Ltoba/classfile/Method;I)V >"	98
"< Application, Ltoba/jit/Intel86, CMP(Ljava/lang/Object;Ljava/lang/Object;)[B >"	16
"< Application, Ltoba/jit/JITCodeGen, loadClassPointer(Ltoba/classfile/Instr;Ltoba/classfile/ClassRef;ILtoba/jit/Register;)V >"	39
"< Application, Ltoba/jit/MemoryRef, setScaleFactor(I)Ltoba/jit/MemoryRef; >"	13
"< Application, Ltoba/translator/InsGen, igen(Ljava/io/PrintWriter;Ltoba/classfile/Method;Ltoba/classfile/Instr;)V >"	238
"< Application, Ltoba/classfile/ClassRef, bySignature(Ljava/lang/String;)Ltoba/classfile/ClassRef; >"	47
"< Application, Ltoba/jit/CodeBlock, reserveCode(ILtoba/classfile/Instr;Ljava/lang/Object;Ljava/lang/Object;)Ltoba/jit/BackpatchInfo; >"	20
"< Application, Ltoba/runtime/Resolve, resolveClassName(Ljava/lang/String;Ljava/lang/ClassLoader;)Ljava/lang/Class; >"	21
"< Application, Ltoba/classfile/Instr, argwords(Ljava/lang/String;)I >"	24
"< Application, Ltoba/jit/JITCodeGen, EmitCode(Ltoba/classfile/Method;I)V >"	73
"< Application, Ltoba/classfile/IHash, hashlist(Ljava/lang/ClassLoader;Ltoba/classfile/ClassRef;)[I >"	42
"< Application, Ltoba/jit/JITCodeGen, emitBackJumpCall(Ltoba/classfile/Instr;)V >"	20
"< Application, Ltoba/jit/CodeBlock, doBackPatch(Ltoba/jit/BackpatchInfo;)V >"	386
"< Application, Ltoba/classfile/Names, hashname(Ljava/lang/String;Ljava/lang/String;Ljava/lang/String;Ljava/lang/StringBuffer;)Ljava/lang/String; >"	5
"< Application, Ltoba/jit/Intel86, encode([B[B[B)[B >"	11
"< Application, Ltoba/translator/CFile, write(Ljava/io/PrintWriter;Ltoba/classfile/ClassData;)V >"	19
"< Application, Ltoba/runtime/CodeGen, setSpecialMethods(Ljava/lang/Class;)V >"	21
"< Application, Ltoba/classfile/Instr, <init>([BI[Ltoba/classfile/Constant;)V >"	130
"< Application, Ltoba/classfile/ClassData, addByNameLoader(Ljava/lang/String;Ljava/lang/ClassLoader;Ltoba/classfile/ClassData;)V >"	2
"< Application, Ltoba/translator/MethGen, lvinits(Ljava/io/PrintWriter;Ltoba/classfile/Method;)V >"	39
"< Application, Ltoba/translator/InsGen, invoke(Ljava/io/PrintWriter;Ltoba/classfile/Instr;Ltoba/classfile/MethodRef;Ljava/lang/String;)V >"	32
"< Application, Ltoba/runtime/CodeGen, referencedClasses(Ljava/lang/Class;Ljava/lang/ClassLoader;)[J >"	15
"< Application, Ltoba/translator/CFile, cltables(Ljava/io/PrintWriter;Ltoba/classfile/ClassData;)V >"	156
"< Application, Ltoba/jit/CodeBlock, doBackPatch(Ltoba/jit/BackpatchInfo;)V >"	318
"< Application, Ltoba/classfile/Constant, readUTF(Ljava/io/DataInput;)Ljava/lang/String; >"	58
"< Application, Ltoba/Lister, closeClassList([Ljava/lang/String;I)V >"	65
"< Application, Ltoba/classfile/ClassData, <init>(Ljava/io/DataInputStream;)V >"	72
"< Application, Ltoba/classfile/IHash, mark(Ljava/lang/ClassLoader;Ltoba/classfile/ClassData;)V >"	18
"< Application, Ltoba/classfile/Method, <init>(Ltoba/classfile/ClassData;Ltoba/classfile/Field;)V >"	257
"< Application, Ltoba/translator/InsGen, igen(Ljava/io/PrintWriter;Ltoba/classfile/Method;Ltoba/classfile/Instr;)V >"	928
"< Application, Ltoba/classfile/Instr, argwords(Ljava/lang/String;)I >"	43
"< Application, Ltoba/jit/CodeBlock, storeByteArray([BI)[B >"	8
"< Application, Ltoba/classfile/Instr, toString()Ljava/lang/String; >"	4
"< Application, Ltoba/translator/HFile, argtypes(Ltoba/classfile/Field;)Ljava/lang/String; >"	7
"< Application, Ltoba/translator/CFile, strdump(Ljava/io/PrintWriter;Ltoba/classfile/ClassData;)V >"	52
"< Application, Ltoba/classfile/ClassData, buildMethodTables(Z)V >"	9
"< Application, Ltoba/classfile/ClassData, forClass(Ljava/lang/Class;)Ltoba/classfile/ClassData; >"	9
"< Application, Ltoba/jit/CodeBlock, getCodeWord(I)I >"	40
"< Application, Ltoba/translator/MethGen, dclvars(Ljava/io/PrintWriter;Ltoba/classfile/Method;CZ)V >"	42
"< Application, Ltoba/classfile/Names, hashinterface(Ljava/lang/String;Ljava/lang/String;)I >"	5
"< Application, Ltoba/jit/CodeBlock, dumpHex()V >"	24
"< Application, Ltoba/jit/Intel86, TestIntel86([Ljava/lang/String;)V >"	91
"< Application, Ltoba/jit/CodeBlock, resolveCode()V >"	47
"< Application, Ltoba/jit/Intel86, TEST(Ljava/lang/Object;Ljava/lang/Object;)[B >"	27
"< Application, Ltoba/classfile/IHash, impls(Ltoba/classfile/ClassData;)Ljava/util/Vector; >"	12
"< Application, Ltoba/translator/InsGen, ancestor(Ltoba/classfile/ClassData;Ljava/lang/String;)Z >"	6
"< Application, Ltoba/translator/CFile, emitStaticFinalInit(Ljava/io/PrintWriter;Ltoba/classfile/ClassData;)Z >"	55
"< Application, Ltoba/classfile/Method, <init>(Ltoba/classfile/ClassData;Ltoba/classfile/Field;)V >"	218
"< Application, Ltoba/jit/Intel86, TestIntel86([Ljava/lang/String;)V >"	68
"< Application, Ltoba/classfile/MethodRef, findMethod(Ltoba/classfile/ClassData;)Ltoba/classfile/Field; >"	13
"< Application, Ltoba/classfile/Names, toba_getSRAS(Ljava/lang/String;)Ljava/io/InputStream; >"	2
"< Application, Ltoba/jit/Intel86, ADC(Ljava/lang/Object;Ljava/lang/Object;)[B >"	16
"< Application, Ltoba/classfile/MethodCode, <clinit>()V >"	4
"< Application, Ltoba/runtime/Resolve, resolveClass(Ltoba/classfile/ClassData;Ljava/lang/ClassLoader;)V >"	54
"< Application, Ltoba/classfile/ClassData, forStream(Ljava/lang/ClassLoader;Ljava/io/DataInputStream;Z)Ltoba/classfile/ClassData; >"	9
"< Application, Ltoba/translator/Supers, load(Ltoba/classfile/ClassData;)V >"	11
"< Application, Ltoba/translator/CFile, cltables(Ljava/io/PrintWriter;Ltoba/classfile/ClassData;)V >"	122
"< Application, Ltoba/jit/JITCodeGen, EmitCode(Ltoba/classfile/Method;I)V >"	169
"< Application, Ltoba/jit/Intel86, encode([B[B[B)[B >"	7
"< Application, Ltoba/jit/JITCodeGen, EmitSyncWrapper(Ltoba/classfile/Method;)V >"	289
"< Application, Ltoba/classfile/IHash, collisions(Ljava/util/Vector;I)I >"	15
"< Application, Ltoba/classfile/IHash, <init>(Ltoba/classfile/ClassData;)V >"	23
"< Application, Ltoba/jit/Intel86, makeModRM(Ljava/lang/Object;Ljava/lang/Object;)[B >"	38
"< Application, Ltoba/classfile/IHash, <init>(Ltoba/classfile/ClassData;)V >"	102
"< Application, Ltoba/classfile/IHash, collisions(Ljava/util/Vector;I)I >"	17
"< Application, Ltoba/jit/CodeBlock, expandArr(I)V >"	8
"< Application, Ltoba/jit/JITCodeGen, EmitCode(Ltoba/classfile/Method;I)V >"	692
"< Application, Ltoba/Lister, closeClassList([Ljava/lang/String;I)V >"	23
"< Application, Ltoba/jit/JITCodeGen, loadClassPointer(Ltoba/classfile/Instr;Ltoba/classfile/ClassRef;ILtoba/jit/Register;)V >"	2
"< Application, Ltoba/classfile/Names, hashname(Ljava/lang/String;Ljava/lang/String;Ljava/lang/String;Ljava/lang/StringBuffer;)Ljava/lang/String; >"	46
"< Application, Ltoba/classfile/Method, <init>(Ltoba/classfile/ClassData;Ltoba/classfile/Field;)V >"	202
"< Application, Ltoba/jit/CodeBlock, BV(Ljava/lang/String;I)I >"	19
"< Application, Ltoba/jit/Intel86, makeModRM(Ljava/lang/Object;Ljava/lang/Object;)[B >"	5
"< Application, Ltoba/translator/Trans, setdbg(Ljava/lang/String;)V >"	17
"< Application, Ltoba/classfile/ClassData, getmethod(Ljava/lang/String;Z)Ltoba/classfile/Field; >"	10
"< Application, Ltoba/translator/InsGen, igen(Ljava/io/PrintWriter;Ltoba/classfile/Method;Ltoba/classfile/Instr;)V >"	819
"< Application, Ltoba/classfile/ClassFile, open(Ljava/lang/String;Ljava/lang/String;)Ltoba/classfile/ClassFile; >"	43
"< Application, Ltoba/jit/Intel86, makeModRM(Ljava/lang/Object;Ljava/lang/Object;)[B >"	22
"< Application, Ltoba/classfile/Method, <init>(Ltoba/classfile/ClassData;Ltoba/classfile/Field;)V >"	86
"< Application, Ltoba/jit/JITCodeGen, InitInstrumentation()V >"	7
"< Application, Ltoba/classfile/IHash, hashlist(Ljava/lang/ClassLoader;Ltoba/classfile/ClassRef;)[I >"	25
"< Application, Ltoba/translator/ClassInstall, install(Ljava/lang/String;Ljava/lang/String;Ljava/lang/String;)V >"	18
"< Application, Ltoba/classfile/Instr, argwords()I >"	12
"< Application, Ltoba/jit/JITCodeGen, EmitCode(Ltoba/classfile/Method;I)V >"	711
"< Application, Ltoba/runtime/SystemClassLoader, loadPrimitiveClass(C)Ljava/lang/Class; >"	20
"< Application, Ltoba/classfile/IHash, <init>(Ltoba/classfile/ClassData;)V >"	9
"< Application, Ltoba/jit/Intel86, XOR(Ljava/lang/Object;Ljava/lang/Object;)[B >"	11
"< Application, Ltoba/jit/Intel86, TEST(Ljava/lang/Object;Ljava/lang/Object;)[B >"	11
"< Application, Ltoba/classfile/IHash, <init>(Ltoba/classfile/ClassData;)V >"	4
"< Application, Ltoba/runtime/CodeGen, instanceOffsets(Ljava/lang/Class;)[I >"	30
"< Application, Ltoba/jit/CodeBlock, reserveCode(ILtoba/classfile/Instr;Ljava/lang/Object;J)Ltoba/jit/BackpatchInfo; >"	21
"< Application, Ltoba/jit/Intel86, makeModRM(Ljava/lang/Object;Ljava/lang/Object;)[B >"	205
"< Application, Ltoba/runtime/CodeGen, setSpecialMethods(Ljava/lang/Class;)V >"	23
"< Application, Ltoba/jit/Intel86, TestIntel86([Ljava/lang/String;)V >"	66
"< Application, Ltoba/runtime/CodeGen, instanceOffsets(Ljava/lang/Class;)[I >"	18
"< Application, Ltoba/jit/Intel86, makeModRM(Ljava/lang/Object;Ljava/lang/Object;)[B >"	33
"< Application, Ltoba/jit/CodeBlock, doBackPatch(Ltoba/jit/BackpatchInfo;)V >"	122
"< Application, Ltoba/jit/JITCodeGen, EmitCode(Ltoba/classfile/Method;I)V >"	117
"< Application, Ltoba/translator/CFile, inters(Ljava/io/PrintWriter;Ltoba/classfile/ClassData;)V >"	21
"< Application, Ltoba/runtime/CodeGen, staticMethodAddrs(Ljava/lang/Class;[Ltoba/classfile/Field;)[J >"	21
"< Application, Ltoba/runtime/CodeGen, classVariableAlignment([Ltoba/classfile/Field;)I >"	8
"< Application, Ltoba/classfile/ClassData, ivregister()V >"	10
"< Application, Ltoba/translator/HFile, ivfield(Ljava/io/PrintWriter;Ltoba/classfile/ClassData;)V >"	23
"< Application, Ltoba/translator/Trans, genmain(Ltoba/classfile/ClassData;)V >"	13
"< Application, Ltoba/jit/Intel86, TestIntel86([Ljava/lang/String;)V >"	18
"< Application, Ltoba/runtime/CodeGen, instanceMethodAddrs(Ljava/lang/Class;[Ltoba/classfile/Field;I)[J >"	31
"< Application, Ltoba/translator/CFile, write(Ljava/io/PrintWriter;Ltoba/classfile/ClassData;)V >"	14
"< Application, Ltoba/classfile/Instr, dump(Ljava/io/PrintWriter;[Ltoba/classfile/Instr;)V >"	7
"< Application, Ltoba/jit/JITCodeGen, EmitCode(Ltoba/classfile/Method;I)V >"	1408
"< Application, Ltoba/translator/CFile, supers(Ljava/io/PrintWriter;Ltoba/classfile/ClassData;)V >"	18
"< Application, Ltoba/classfile/Method, <init>(Ltoba/classfile/ClassData;Ltoba/classfile/Field;)V >"	34
"< Application, Ltoba/translator/HFile, write(Ljava/io/PrintWriter;Ltoba/classfile/ClassData;)V >"	54
"< Application, Ltoba/classfile/Names, toba_getSRAS(Ljava/lang/String;)Ljava/io/InputStream; >"	14
"< Application, Ltoba/jit/Intel86, AND(Ljava/lang/Object;Ljava/lang/Object;)[B >"	16
"< Application, Ltoba/classfile/Names, baseclass(Ljava/lang/String;)Ljava/lang/String; >"	5
"< Application, Ltoba/translator/Trans, doname(Ljava/lang/String;)V >"	13
"< Application, Ltoba/runtime/CodeGen, interfaces(Ljava/lang/Class;)[J >"	21
"< Application, Ltoba/jit/CodeBlock, getCodeWord(I)I >"	23
"< Application, Ltoba/translator/CFile, emitStaticFinalInit(Ljava/io/PrintWriter;Ltoba/classfile/ClassData;)Z >"	148
"< Application, Ltoba/classfile/Constant, load(Ljava/io/DataInputStream;)[Ltoba/classfile/Constant; >"	167
"< Application, Ltoba/classfile/VariableRef, findVariable(Ltoba/classfile/ClassData;)Ltoba/classfile/Field; >"	13
"< Application, Ltoba/classfile/ClassFile, findInPath(Ljava/lang/String;Ljava/lang/String;Ljava/lang/String;)Ltoba/classfile/ClassFile; >"	24
"< Application, Ltoba/translator/HFile, argtypes(Ltoba/classfile/Field;)Ljava/lang/String; >"	32
"< Application, Ltoba/classfile/Constant, load(Ljava/io/DataInputStream;)[Ltoba/classfile/Constant; >"	75
"< Application, Ltoba/jit/Intel86, encode([B[B[B)[B >"	39
"< Application, Ltoba/jit/JITCodeGen, Prologue(Ltoba/classfile/Method;I)V >"	155
"< Application, Ltoba/classfile/Method, sigscan()V >"	9
"< Application, Ltoba/runtime/CodeGen, buildNativeClass(Ltoba/classfile/ClassData;Ljava/lang/ClassLoader;)Ljava/lang/Class; >"	17
"< Application, Ltoba/translator/CFile, hashgen(Ljava/io/PrintWriter;Ltoba/classfile/ClassData;)V >"	68
"< Application, Ltoba/classfile/Attribute, find([Ltoba/classfile/Attribute;Ljava/lang/String;)[B >"	9
"< Application, Ltoba/runtime/CodeGen, internStrings(Ljava/lang/Class;)[Ljava/lang/String; >"	10
"< Application, Ltoba/jit/Intel86, TEST(Ljava/lang/Object;Ljava/lang/Object;)[B >"	16
"< Application, Ltoba/runtime/CodeGen, interfaces(Ljava/lang/Class;)[J >"	6
"< Application, Ltoba/classfile/ClassData, <init>(Ljava/io/DataInputStream;)V >"	94
"< Application, Ltoba/jit/Intel86, SUB(Ljava/lang/Object;Ljava/lang/Object;)[B >"	16
"< Application, Ltoba/jit/Intel86, makeModRM(Ljava/lang/Object;Ljava/lang/Object;)[B >"	236
"< Application, Ltoba/translator/CFile, emitStaticFinalInit(Ljava/io/PrintWriter;Ltoba/classfile/ClassData;)Z >"	146
"< Application, Ltoba/translator/CFile, emitNamesSigs(Ljava/io/PrintWriter;Ljava/lang/String;[Ltoba/classfile/Field;)V >"	26
"< Application, Ltoba/classfile/ClassData, buildMethodTables(Z)V >"	58
"< Application, Ltoba/InstallClassFile, main([Ljava/lang/String;)V >"	14
"< Application, Ltoba/jit/Intel86, makeModRM(Ljava/lang/Object;Ljava/lang/Object;)[B >"	193
"< Application, Ltoba/translator/HFile, write(Ljava/io/PrintWriter;Ltoba/classfile/ClassData;)V >"	119
"< Application, Ltoba/runtime/CodeGen, buildNativeClass(Ltoba/classfile/ClassData;Ljava/lang/ClassLoader;)Ljava/lang/Class; >"	54
"< Application, Ltoba/translator/MethGen, mgen(Ljava/io/PrintWriter;Ltoba/classfile/Method;)V >"	224
"< Application, Ltoba/classfile/ClassData, arrayString([Ljava/lang/Object;)Ljava/lang/String; >"	20
"< Application, Ltoba/classfile/Instr, argstring(Ljava/lang/String;)Ljava/lang/String; >"	35
"< Application, Ltoba/runtime/CodeGen, internStrings(Ljava/lang/Class;)[Ljava/lang/String; >"	29
"< Application, Ltoba/jit/JITCodeGen, EmitCode(Ltoba/classfile/Method;I)V >"	511
"< Application, Ltoba/translator/HFile, argtypes(Ltoba/classfile/Field;)Ljava/lang/String; >"	39
"< Application, Ltoba/jit/CodeBlock, backpatchCode()V >"	6
"< Application, Ltoba/jit/Intel86, makeModRM(Ljava/lang/Object;Ljava/lang/Object;)[B >"	16
"< Application, Ltoba/translator/HFile, declare(Ljava/io/PrintWriter;Ltoba/classfile/Field;Ljava/lang/String;)V >"	3
"< Application, Ltoba/classfile/ClassData, buildMethodTables(Z)V >"	69
