"< Application, Ltoba/jit/CodeBlock, doBackPatch(Ltoba/jit/BackpatchInfo;)V >"	30	10	9	java_type_ref("<Application,Ltoba/classfile/ClassRef>")
"< Application, Ltoba/jit/Intel86, OpType(Ljava/lang/Object;)I >"	2	4	1	java_type_ref("<Application,Ltoba/jit/Register>")
"< Application, Ltoba/jit/CodeBlock, doBackPatch(Ltoba/jit/BackpatchInfo;)V >"	360	135	134	java_type_ref("<Application,Ltoba/classfile/FieldRef>")
"< Application, Ltoba/jit/Intel86, OpType(Ljava/lang/Object;)I >"	12	7	1	java_type_ref("<Application,Ltoba/jit/Immediate>")
"< Application, Ltoba/jit/CodeBlock, doBackPatch(Ltoba/jit/BackpatchInfo;)V >"	54	14	13	java_type_ref("<Application,Ltoba/classfile/Method>")
"< Application, Ltoba/jit/CodeBlock, doBackPatch(Ltoba/jit/BackpatchInfo;)V >"	3	7	6	java_type_ref("<Application,Ltoba/classfile/FieldRef>")
"< Application, Ltoba/jit/Intel86, OpType(Ljava/lang/Object;)I >"	9	6	1	java_type_ref("<Application,Ltoba/jit/MemoryRef>")
"< Application, Ltoba/jit/CodeBlock, doBackPatch(Ltoba/jit/BackpatchInfo;)V >"	373	137	136	java_type_ref("<Application,Ltoba/classfile/ClassRef>")
"< Application, Ltoba/jit/CodeBlock, doBackPatch(Ltoba/jit/BackpatchInfo;)V >"	51	12	11	java_type_array(java_type_prim(java_prim_type_byte))
"< Application, Ltoba/jit/BackpatchInfo, toString()Ljava/lang/String; >"	30	31	30	java_type_ref("<Application,Ltoba/classfile/ClassRef>")
"< Application, Ltoba/jit/BackpatchInfo, toString()Ljava/lang/String; >"	19	28	27	java_type_ref("<Application,Ltoba/classfile/FieldRef>")
