"< Application, Ltoba/jit/CodeBlock, reserveCode(ILtoba/classfile/Instr;Ljava/lang/Object;Ljava/lang/Object;)Ltoba/jit/BackpatchInfo; >"	29	42	31
"< Application, Ltoba/runtime/CodeGen, instanceOffsets(Ljava/lang/Class;)[I >"	19	20	19
"< Application, Ltoba/translator/Trans, options([Ljava/lang/String;)V >"	55	51	1
"< Application, Ltoba/classfile/ClassData, ivregister()V >"	12	5	4
"< Application, Ltoba/jit/Intel86, encode([B[B[B)[B >"	40	33	4
"< Application, Ltoba/translator/CFile, clstruct(Ljava/io/PrintWriter;Ltoba/classfile/ClassData;)V >"	78	130	129
"< Application, Ltoba/classfile/MethodRef, findMethod(Ltoba/classfile/ClassData;)Ltoba/classfile/Field; >"	17	17	16
"< Application, Ltoba/jit/CodeBlock, reserveCode(ILtoba/classfile/Instr;Ljava/lang/Object;J)Ltoba/jit/BackpatchInfo; >"	34	48	47
"< Application, Ltoba/jit/CodeBlock, reserveCode(ILtoba/classfile/Instr;Ljava/lang/Object;Ljava/lang/Object;)Ltoba/jit/BackpatchInfo; >"	37	44	31
"< Application, Ltoba/translator/InsGen, igen(Ljava/io/PrintWriter;Ltoba/classfile/Method;Ltoba/classfile/Instr;)V >"	961	302	301
"< Application, Ltoba/runtime/CodeGen, buildNativeClass(Ltoba/classfile/ClassData;Ljava/lang/ClassLoader;)Ljava/lang/Class; >"	103	106	105
"< Application, Ltoba/translator/Trans, setdbg(Ljava/lang/String;)V >"	19	18	17
"< Application, Ltoba/classfile/Instr, <init>([BI[Ltoba/classfile/Constant;)V >"	144	99	98
"< Application, Ltoba/translator/CFile, write(Ljava/io/PrintWriter;Ltoba/classfile/ClassData;)V >"	16	14	13
"< Application, Ltoba/jit/JITCodeGen, EmitCode(Ltoba/classfile/Method;I)V >"	1377	67	66
"< Application, Ltoba/translator/MethGen, mgen(Ljava/io/PrintWriter;Ltoba/classfile/Method;)V >"	143	200	199
"< Application, Ltoba/runtime/CodeGen, getInstanceMethodAddrs(Ljava/lang/Class;)[J >"	2	7	6
"< Application, Ltoba/runtime/CodeGen, buildNativeClass(Ltoba/classfile/ClassData;Ljava/lang/ClassLoader;)Ljava/lang/Class; >"	23	17	16
"< Application, Ltoba/translator/CFile, write(Ljava/io/PrintWriter;Ltoba/classfile/ClassData;)V >"	83	96	95
"< Application, Ltoba/jit/CodeBlock, reserveCode(ILtoba/classfile/Instr;Ljava/lang/Object;J)Ltoba/jit/BackpatchInfo; >"	39	51	32
"< Application, Ltoba/InstallClassFile, main([Ljava/lang/String;)V >"	0	3	1
"< Application, Ltoba/jit/Intel86, TestIntel86([Ljava/lang/String;)V >"	103	120	98
"< Application, Ltoba/translator/MethGen, mgen(Ljava/io/PrintWriter;Ltoba/classfile/Method;)V >"	155	222	221
"< Application, Ltoba/jit/JITCodeGen, EmitExceptHandle(Ltoba/classfile/Method;)V >"	2	6	5
"< Application, Ltoba/jit/JITCodeGen, SummarizeInstrumentation()V >"	25	11	10
"< Application, Ltoba/runtime/CodeGen, internStrings(Ljava/lang/Class;)[Ljava/lang/String; >"	13	9	6
"< Application, Ltoba/translator/Trans, doname(Ljava/lang/String;)V >"	145	184	183
"< Application, Ltoba/classfile/ClassData, arrayString([Ljava/lang/Object;)Ljava/lang/String; >"	21	20	2
"< Application, Ltoba/runtime/CodeGen, staticMethodAddrs(Ljava/lang/Class;[Ltoba/classfile/Field;)[J >"	0	5	3
"< Application, Ltoba/runtime/Resolve, resolveClass(Ltoba/classfile/ClassData;Ljava/lang/ClassLoader;)V >"	56	35	34
"< Application, Ltoba/jit/CodeBlock, resolveCode()V >"	114	128	127
"< Application, Ltoba/Lister, main([Ljava/lang/String;)V >"	8	12	1
"< Application, Ltoba/translator/CFile, gfloats(Ljava/io/PrintWriter;[Ltoba/classfile/Constant;)V >"	46	6	2
"< Application, Ltoba/jit/JITCodeGen, Epilogue(Ltoba/classfile/Method;)V >"	3	7	6
"< Application, Ltoba/runtime/CodeGen, instanceOffsets(Ljava/lang/Class;)[I >"	48	42	6
"< Application, Ltoba/runtime/CodeGen, internStrings(Ljava/lang/Class;)[Ljava/lang/String; >"	30	23	6
"< Application, Ltoba/jit/CodeBlock, overwriteInstalledCode([BI)V >"	19	18	2
"< Application, Ltoba/jit/JITCodeGen, Prologue(Ltoba/classfile/Method;I)V >"	24	19	18
"< Application, Ltoba/jit/CodeBlock, addByteArray([B)[B >"	21	23	2
"< Application, Ltoba/runtime/CodeGen, instanceMethodAddrs(Ljava/lang/Class;[Ltoba/classfile/Field;I)[J >"	32	17	3
"< Application, Ltoba/jit/JIT, main([Ljava/lang/String;)V >"	23	5	1
"< Application, Ltoba/jit/CodeBlock, addByteArray([B)[B >"	13	16	2
"< Application, Ltoba/translator/CFile, hashgen(Ljava/io/PrintWriter;Ltoba/classfile/ClassData;)V >"	42	68	67
"< Application, Ltoba/Lister, closeClassList([Ljava/lang/String;I)V >"	12	26	1
"< Application, Ltoba/translator/MethGen, mgen(Ljava/io/PrintWriter;Ltoba/classfile/Method;)V >"	32	53	52
"< Application, Ltoba/runtime/CodeGen, referencedClasses(Ljava/lang/Class;Ljava/lang/ClassLoader;)[J >"	17	9	8
"< Application, Ltoba/classfile/Method, mark(ILjava/lang/String;I)V >"	104	81	80
"< Application, Ltoba/jit/CodeBlock, <init>(Ltoba/classfile/Method;I)V >"	20	12	11
"< Application, Ltoba/translator/CFile, cltables(Ljava/io/PrintWriter;Ltoba/classfile/ClassData;)V >"	108	175	174
"< Application, Ltoba/translator/CFile, others(Ljava/io/PrintWriter;Ltoba/classfile/ClassData;)V >"	30	10	9
"< Application, Ltoba/translator/CFile, cltables(Ljava/io/PrintWriter;Ltoba/classfile/ClassData;)V >"	105	107	106
"< Application, Ltoba/classfile/Method, <init>(Ltoba/classfile/ClassData;Ltoba/classfile/Field;)V >"	220	178	177
"< Application, Ltoba/runtime/CodeGen, instanceSize([Ltoba/classfile/Field;[I)I >"	24	22	2
"< Application, Ltoba/classfile/Field, <init>(Ljava/io/DataInputStream;[Ltoba/classfile/Constant;)V >"	24	23	22
"< Application, Ltoba/translator/Trans, main([Ljava/lang/String;)V >"	31	30	1
"< Application, Ltoba/classfile/Names, idchar(C)Z >"	1	4	3
"< Application, Ltoba/classfile/IHash, hashlist(Ljava/lang/ClassLoader;Ltoba/classfile/ClassRef;)[I >"	39	46	45
"< Application, Ltoba/runtime/Resolve, resolveClass(Ltoba/classfile/ClassData;Ljava/lang/ClassLoader;)V >"	31	22	21
"< Application, Ltoba/translator/CFile, write(Ljava/io/PrintWriter;Ltoba/classfile/ClassData;)V >"	87	99	98
"< Application, Ltoba/translator/HFile, write(Ljava/io/PrintWriter;Ltoba/classfile/ClassData;)V >"	56	63	62
"< Application, Ltoba/jit/CodeBlock, overwriteInstalledCode([BI)V >"	9	12	2
"< Application, Ltoba/translator/Trans, options([Ljava/lang/String;)V >"	26	27	1
"< Application, Ltoba/jit/JITCodeGen, generateCode(Ljava/lang/Class;Ltoba/classfile/Method;)Ltoba/classfile/MethodCode; >"	103	47	46
"< Application, Ltoba/jit/Intel86, encode([B[B[B)[B >"	5	11	3
"< Application, Ltoba/classfile/Constant, dump(Ljava/io/PrintWriter;[Ltoba/classfile/Constant;)V >"	18	8	2
"< Application, Ltoba/jit/CodeBlock, addByteArray([B)[B >"	7	10	2
"< Application, Ltoba/classfile/ClassData, buildVariableTables(Z)V >"	71	45	44
"< Application, Ltoba/runtime/CodeGen, instanceOffsets(Ljava/lang/Class;)[I >"	21	28	19
"< Application, Ltoba/translator/Trans, options([Ljava/lang/String;)V >"	15	21	1
"< Application, Ltoba/jit/CodeBlock, dumpHex()V >"	8	14	13
"< Application, Ltoba/translator/CFile, cltables(Ljava/io/PrintWriter;Ltoba/classfile/ClassData;)V >"	51	21	20
"< Application, Ltoba/translator/MethGen, needSwitch(Ltoba/classfile/Method;)Z >"	1	4	3
"< Application, Ltoba/runtime/CodeGen, instanceSize([Ltoba/classfile/Field;[I)I >"	7	11	2
"< Application, Ltoba/runtime/CodeGen, interfaces(Ljava/lang/Class;)[J >"	3	9	8
"< Application, Ltoba/classfile/IHash, <init>(Ltoba/classfile/ClassData;)V >"	104	66	65
"< Application, Ltoba/translator/CFile, hashgen(Ljava/io/PrintWriter;Ltoba/classfile/ClassData;)V >"	37	20	19
"< Application, Ltoba/runtime/CodeGen, instanceSize([Ltoba/classfile/Field;[I)I >"	0	5	2
"< Application, Ltoba/runtime/CodeGen, setSpecialMethods(Ljava/lang/Class;)V >"	25	8	7
"< Application, Ltoba/runtime/CodeGen, buildNativeClass(Ltoba/classfile/ClassData;Ljava/lang/ClassLoader;)Ljava/lang/Class; >"	99	102	101
"< Application, Ltoba/translator/CFile, write(Ljava/io/PrintWriter;Ltoba/classfile/ClassData;)V >"	74	73	72
"< Application, Ltoba/jit/JIT, main([Ljava/lang/String;)V >"	61	72	1
"< Application, Ltoba/classfile/IHash, impls(Ltoba/classfile/ClassData;)Ljava/util/Vector; >"	14	7	6
"< Application, Ltoba/jit/CodeBlock, storeByteArray([BI)[B >"	9	7	2
"< Application, Ltoba/runtime/CodeGen, instanceOffsets(Ljava/lang/Class;)[I >"	2	8	6
"< Application, Ltoba/Lister, closeClassList([Ljava/lang/String;I)V >"	102	103	102
"< Application, Ltoba/translator/MethGen, mgen(Ljava/io/PrintWriter;Ltoba/classfile/Method;)V >"	107	156	155
"< Application, Ltoba/classfile/Constant, load(Ljava/io/DataInputStream;)[Ltoba/classfile/Constant; >"	105	63	5
"< Application, Ltoba/runtime/CodeGen, getInstanceMethodAddrs(Ljava/lang/Class;)[J >"	12	11	10
"< Application, Ltoba/jit/JITCodeGen, <clinit>()V >"	216	223	222
"< Application, Ltoba/classfile/ClassData, arrayString([Ljava/lang/Object;)Ljava/lang/String; >"	4	7	2
"< Application, Ltoba/translator/CFile, clstruct(Ljava/io/PrintWriter;Ltoba/classfile/ClassData;)V >"	54	96	95
"< Application, Ltoba/jit/JITCodeGen, EmitCode(Ltoba/classfile/Method;I)V >"	32	21	20
"< Application, Ltoba/jit/Intel86, encode([B[B[B)[B >"	20	18	2
"< Application, Ltoba/classfile/ClassData, <init>(Ljava/io/DataInputStream;)V >"	56	43	42
"< Application, Ltoba/classfile/IHash, <init>(Ltoba/classfile/ClassData;)V >"	109	63	62
"< Application, Ltoba/classfile/Method, <init>(Ltoba/classfile/ClassData;Ltoba/classfile/Field;)V >"	278	228	227
"< Application, Ltoba/runtime/CodeGen, classVariableOffsets([Ltoba/classfile/Field;)[I >"	0	5	2
"< Application, Ltoba/translator/CFile, cltables(Ljava/io/PrintWriter;Ltoba/classfile/ClassData;)V >"	167	261	260
"< Application, Ltoba/translator/CFile, emitStaticFinalInit(Ljava/io/PrintWriter;Ltoba/classfile/ClassData;)Z >"	150	6	5
"< Application, Ltoba/jit/Intel86, encode([B[B[B)[B >"	9	14	4
"< Application, Ltoba/classfile/IHash, hashlist(Ljava/lang/ClassLoader;Ltoba/classfile/ClassRef;)[I >"	56	58	57
"< Application, Ltoba/classfile/ClassData, <init>(Ljava/lang/Class;)V >"	23	19	18
"< Application, Ltoba/translator/Trans, genmain(Ltoba/classfile/ClassData;)V >"	15	6	5
"< Application, Ltoba/jit/JITCodeGen, EmitCode(Ltoba/classfile/Method;I)V >"	4	9	8
"< Application, Ltoba/classfile/ClassData, buildMethodTables(Z)V >"	8	10	9
"< Application, Ltoba/classfile/Field, isInArray([Ltoba/classfile/Field;)Z >"	0	5	2
"< Application, Ltoba/jit/CodeBlock, reserveCode(ILtoba/classfile/Instr;Ljava/lang/Object;Ljava/lang/Object;)Ltoba/jit/BackpatchInfo; >"	34	48	47
"< Application, Ltoba/translator/InsGen, igen(Ljava/io/PrintWriter;Ltoba/classfile/Method;Ltoba/classfile/Instr;)V >"	930	345	344
"< Application, Ltoba/translator/MethGen, mgen(Ljava/io/PrintWriter;Ltoba/classfile/Method;)V >"	72	57	56
"< Application, Ltoba/classfile/Method, <init>(Ltoba/classfile/ClassData;Ltoba/classfile/Field;)V >"	175	138	137
"< Application, Ltoba/runtime/CodeGen, instanceSize([Ltoba/classfile/Field;[I)I >"	4	7	3
"< Application, Ltoba/Lister, recursivelist(Ljava/lang/String;Ljava/lang/String;)V >"	28	10	7
"< Application, Ltoba/jit/JITCodeGen, <clinit>()V >"	237	226	225
"< Application, Ltoba/runtime/CodeGen, classVariableSpace([Ltoba/classfile/Field;)I >"	16	5	2
"< Application, Ltoba/translator/CFile, inters(Ljava/io/PrintWriter;Ltoba/classfile/ClassData;)V >"	23	10	9
"< Application, Ltoba/jit/JITCodeGen, Prologue(Ltoba/classfile/Method;I)V >"	69	66	65
"< Application, Ltoba/translator/MethGen, mgen(Ljava/io/PrintWriter;Ltoba/classfile/Method;)V >"	226	244	243
"< Application, Ltoba/translator/CFile, clstruct(Ljava/io/PrintWriter;Ltoba/classfile/ClassData;)V >"	96	158	157
"< Application, Ltoba/translator/HFile, ivfield(Ljava/io/PrintWriter;Ltoba/classfile/ClassData;)V >"	25	7	6
"< Application, Ltoba/jit/JITCodeGen, generateCode(Ljava/lang/Class;Ltoba/classfile/Method;)Ltoba/classfile/MethodCode; >"	80	44	43
"< Application, Ltoba/classfile/Constant, load(Ljava/io/DataInputStream;)[Ltoba/classfile/Constant; >"	123	78	5
"< Application, Ltoba/classfile/ClassData, buildMethodTables(Z)V >"	86	72	71
"< Application, Ltoba/classfile/IHash, mark(Ljava/lang/ClassLoader;Ltoba/classfile/ClassData;)V >"	20	15	14
"< Application, Ltoba/translator/CFile, hashgen(Ljava/io/PrintWriter;Ltoba/classfile/ClassData;)V >"	70	79	78
"< Application, Ltoba/runtime/CodeGen, classVariableAlignment([Ltoba/classfile/Field;)I >"	9	5	2
"< Application, Ltoba/runtime/CodeGen, hashAddrs(Ljava/lang/Class;[Ltoba/classfile/Field;)[J >"	0	5	3
"< Application, Ltoba/classfile/IHash, hashlist(Ljava/lang/ClassLoader;Ltoba/classfile/ClassRef;)[I >"	44	41	40
"< Application, Ltoba/classfile/ClassData, buildVariableTables(Z)V >"	9	16	15
"< Application, Ltoba/classfile/Attribute, toString()Ljava/lang/String; >"	6	12	11
"< Application, Ltoba/runtime/CodeGen, classVariableOffsets([Ltoba/classfile/Field;)[I >"	19	7	2
"< Application, Ltoba/runtime/CodeGen, interfaces(Ljava/lang/Class;)[J >"	23	21	20
"< Application, Ltoba/jit/JITCodeGen, EmitCode(Ltoba/classfile/Method;I)V >"	13	1701	1700
"< Application, Ltoba/classfile/VariableRef, findVariable(Ltoba/classfile/ClassData;)Ltoba/classfile/Field; >"	17	17	16
"< Application, Ltoba/classfile/ClassData, buildVariableTables(Z)V >"	58	20	19
"< Application, Ltoba/jit/CodeBlock, resolveCode()V >"	83	35	34
"< Application, Ltoba/classfile/Method, <init>(Ltoba/classfile/ClassData;Ltoba/classfile/Field;)V >"	193	167	166
"< Application, Ltoba/classfile/MethodRef, findMethod(Ltoba/classfile/ClassData;)Ltoba/classfile/Field; >"	1	5	4
"< Application, Ltoba/translator/CFile, emitNamesSigs(Ljava/io/PrintWriter;Ljava/lang/String;[Ltoba/classfile/Field;)V >"	27	6	3
"< Application, Ltoba/translator/CFile, clstruct(Ljava/io/PrintWriter;Ltoba/classfile/ClassData;)V >"	62	108	107
"< Application, Ltoba/translator/HFile, write(Ljava/io/PrintWriter;Ltoba/classfile/ClassData;)V >"	121	173	172
"< Application, Ltoba/jit/JITCodeGen, InitInstrumentation()V >"	3	6	5
"< Application, Ltoba/jit/CodeBlock, expandArr(I)V >"	6	10	9
"< Application, Ltoba/classfile/ClassData, addSymFields([Ltoba/classfile/Field;)V >"	12	5	2
"< Application, Ltoba/jit/Intel86, encode([B[B[B)[B >"	30	26	3
"< Application, Ltoba/translator/HFile, write(Ljava/io/PrintWriter;Ltoba/classfile/ClassData;)V >"	88	109	108
"< Application, Ltoba/translator/CFile, cltables(Ljava/io/PrintWriter;Ltoba/classfile/ClassData;)V >"	54	92	91
"< Application, Ltoba/jit/JIT, main([Ljava/lang/String;)V >"	52	69	1
"< Application, Ltoba/translator/MethGen, mgen(Ljava/io/PrintWriter;Ltoba/classfile/Method;)V >"	76	112	111
"< Application, Ltoba/classfile/Method, <init>(Ltoba/classfile/ClassData;Ltoba/classfile/Field;)V >"	207	176	175
"< Application, Ltoba/jit/CodeBlock, reserveCode(ILtoba/classfile/Instr;Ljava/lang/Object;J)Ltoba/jit/BackpatchInfo; >"	28	40	32
"< Application, Ltoba/translator/MethGen, mgen(Ljava/io/PrintWriter;Ltoba/classfile/Method;)V >"	198	275	274
"< Application, Ltoba/translator/CFile, cltables(Ljava/io/PrintWriter;Ltoba/classfile/ClassData;)V >"	164	184	183
"< Application, Ltoba/translator/CFile, methodsigs(Ljava/io/PrintWriter;Ltoba/classfile/ClassData;)V >"	60	8	7
"< Application, Ltoba/classfile/VariableRef, findVariable(Ltoba/classfile/ClassData;)Ltoba/classfile/Field; >"	1	5	4
"< Application, Ltoba/jit/JITCodeGen, EmitCode(Ltoba/classfile/Method;I)V >"	17	1708	1707
"< Application, Ltoba/jit/CodeBlock, reserveCode(ILtoba/classfile/Instr;Ljava/lang/Object;Ljava/lang/Object;)Ltoba/jit/BackpatchInfo; >"	39	51	31
"< Application, Ltoba/classfile/ClassData, <init>(Ljava/lang/Class;)V >"	38	30	29
"< Application, Ltoba/runtime/CodeGen, instanceMethodAddrs(Ljava/lang/Class;[Ltoba/classfile/Field;I)[J >"	5	15	13
"< Application, Ltoba/translator/CFile, clstruct(Ljava/io/PrintWriter;Ltoba/classfile/ClassData;)V >"	70	119	118
"< Application, Ltoba/runtime/CodeGen, referencedClasses(Ljava/lang/Class;Ljava/lang/ClassLoader;)[J >"	45	28	27
"< Application, Ltoba/classfile/Method, <init>(Ltoba/classfile/ClassData;Ltoba/classfile/Field;)V >"	204	157	156
"< Application, Ltoba/translator/CFile, write(Ljava/io/PrintWriter;Ltoba/classfile/ClassData;)V >"	38	30	29
"< Application, Ltoba/classfile/Constant, load(Ljava/io/DataInputStream;)[Ltoba/classfile/Constant; >"	168	97	5
"< Application, Ltoba/jit/CodeBlock, addByteArray([B)[B >"	17	20	2
"< Application, Ltoba/jit/CodeBlock, dumpHex()V >"	27	27	26
"< Application, Ltoba/runtime/Supers, resolveIfaceRefs(Ltoba/classfile/ClassData;Ljava/lang/ClassLoader;)V >"	12	6	5
"< Application, Ltoba/classfile/ClassData, buildMethodTables(Z)V >"	104	75	74
"< Application, Ltoba/jit/CodeBlock, expandArr(I)V >"	3	8	7
"< Application, Ltoba/jit/CodeBlock, reserveCode(ILtoba/classfile/Instr;Ljava/lang/Object;J)Ltoba/jit/BackpatchInfo; >"	37	44	32
"< Application, Ltoba/jit/Intel86, emitByteArray([B)V >"	31	4	1
"< Application, Ltoba/translator/MethGen, minfo(Ljava/io/PrintWriter;Ltoba/classfile/Method;)V >"	43	49	48
"< Application, Ltoba/translator/HFile, write(Ljava/io/PrintWriter;Ltoba/classfile/ClassData;)V >"	101	151	150
"< Application, Ltoba/jit/JITCodeGen, <clinit>()V >"	252	246	245
"< Application, Ltoba/runtime/CodeGen, instanceOffsets(Ljava/lang/Class;)[I >"	9	18	17
"< Application, Ltoba/classfile/Method, <init>(Ltoba/classfile/ClassData;Ltoba/classfile/Field;)V >"	36	24	23
"< Application, Ltoba/classfile/Method, <init>(Ltoba/classfile/ClassData;Ltoba/classfile/Field;)V >"	259	203	202
"< Application, Ltoba/runtime/CodeGen, buildNativeClass(Ltoba/classfile/ClassData;Ljava/lang/ClassLoader;)Ljava/lang/Class; >"	95	42	41
"< Application, Ltoba/classfile/Method, <init>(Ltoba/classfile/ClassData;Ltoba/classfile/Field;)V >"	158	135	134
"< Application, Ltoba/translator/Trans, options([Ljava/lang/String;)V >"	51	4	1
"< Application, Ltoba/jit/Intel86, encode([B[B[B)[B >"	1	8	2
"< Application, Ltoba/classfile/IHash, mark(Ljava/lang/ClassLoader;Ltoba/classfile/ClassData;)V >"	29	7	6
"< Application, Ltoba/Lister, main([Ljava/lang/String;)V >"	0	4	1
"< Application, Ltoba/classfile/Method, <init>(Ltoba/classfile/ClassData;Ltoba/classfile/Field;)V >"	140	113	112
"< Application, Ltoba/classfile/ClassData, buildMethodTables(Z)V >"	73	13	12
"< Application, Ltoba/runtime/CodeGen, setSpecialMethods(Ljava/lang/Class;)V >"	59	40	39
"< Application, Ltoba/classfile/Instr, <init>([BI[Ltoba/classfile/Constant;)V >"	159	115	4
"< Application, Ltoba/classfile/ClassData, buildVariableTables(Z)V >"	89	48	47
"< Application, Ltoba/classfile/ClassData, <init>(Ljava/io/DataInputStream;)V >"	74	60	59
"< Application, Ltoba/classfile/ClassData, <init>(Ljava/io/DataInputStream;)V >"	112	94	93
"< Application, Ltoba/jit/JITCodeGen, EmitExceptHandle(Ltoba/classfile/Method;)V >"	99	124	123
"< Application, Ltoba/runtime/CodeGen, hashAddrs(Ljava/lang/Class;[Ltoba/classfile/Field;)[J >"	11	8	3
"< Application, Ltoba/classfile/IHash, mark(Ljava/lang/ClassLoader;Ltoba/classfile/ClassData;)V >"	24	12	11
"< Application, Ltoba/classfile/Attribute, find([Ltoba/classfile/Attribute;Ljava/lang/String;)[B >"	10	5	1
"< Application, Ltoba/classfile/Names, <clinit>()V >"	99	165	164
"< Application, Ltoba/Lister, closeClassList([Ljava/lang/String;I)V >"	5	11	1
"< Application, Ltoba/translator/CFile, write(Ljava/io/PrintWriter;Ltoba/classfile/ClassData;)V >"	135	109	108
"< Application, Ltoba/classfile/Constant, load(Ljava/io/DataInputStream;)[Ltoba/classfile/Constant; >"	78	9	5
"< Application, Ltoba/classfile/Instr, dump(Ljava/io/PrintWriter;[Ltoba/classfile/Instr;)V >"	8	8	2
"< Application, Ltoba/classfile/ClassData, <init>(Ljava/io/DataInputStream;)V >"	96	76	75
"< Application, Ltoba/runtime/CodeGen, staticMethodAddrs(Ljava/lang/Class;[Ltoba/classfile/Field;)[J >"	22	10	3
"< Application, Ltoba/classfile/Method, <init>(Ltoba/classfile/ClassData;Ltoba/classfile/Field;)V >"	232	193	192
