"< Application, Ltoba/translator/Repr, isQuotable(C)Z >"	5	some(7)
"< Application, Ltoba/jit/Intel86, OpType(Ljava/lang/Object;)I >"	1	some(24)
"< Application, Ltoba/runtime/Resolve, resolveClass(Ltoba/classfile/ClassData;Ljava/lang/ClassLoader;)V >"	16	none
"< Application, Ltoba/jit/Intel86, FISTP(Ljava/lang/Object;)[B >"	16	some(49)
"< Application, Ltoba/translator/Repr, ctype(C)Ljava/lang/String; >"	1	some(12)
"< Application, Ltoba/classfile/Attribute, <init>(Ljava/io/DataInputStream;[Ltoba/classfile/Constant;)V >"	10	none
"< Application, Ltoba/classfile/ClassFile, find(Ljava/lang/String;)Ltoba/classfile/ClassFile; >"	13	some(53)
"< Application, Ltoba/jit/Intel86, DpopES()[B >"	5	some(11)
"< Application, Ltoba/translator/Trans, debugging(C)Z >"	2	some(4)
"< Application, Ltoba/translator/CFile, hashprint(Ljava/io/PrintWriter;Ljava/lang/String;)V >"	11	none
"< Application, Ltoba/translator/InsGen, igen(Ljava/io/PrintWriter;Ltoba/classfile/Method;Ltoba/classfile/Instr;)V >"	968	none
"< Application, Ltoba/translator/Repr, simplefloat(D)Z >"	4	some(5)
"< Application, Ltoba/classfile/Field, getVarFieldSize()I >"	9	some(22)
"< Application, Ltoba/classfile/Names, hashinterface(Ljava/lang/String;Ljava/lang/String;)I >"	16	some(26)
"< Application, Ltoba/translator/Repr, simplefloat(D)Z >"	25	some(5)
"< Application, Ltoba/translator/InsGen, igen(Ljava/io/PrintWriter;Ltoba/classfile/Method;Ltoba/classfile/Instr;)V >"	1104	none
"< Application, Ltoba/translator/Trans, oopen(Ltoba/classfile/ClassData;Ljava/lang/String;I)Ljava/io/PrintWriter; >"	52	some(81)
"< Application, Ltoba/classfile/FieldRef, isResolved()Z >"	3	some(5)
"< Application, Ltoba/jit/JITCodeGen, EmitCode(Ltoba/classfile/Method;I)V >"	858	none
"< Application, Ltoba/translator/InsGen, igen(Ljava/io/PrintWriter;Ltoba/classfile/Method;Ltoba/classfile/Instr;)V >"	445	none
"< Application, Ltoba/translator/InsGen, igen(Ljava/io/PrintWriter;Ltoba/classfile/Method;Ltoba/classfile/Instr;)V >"	198	none
"< Application, Ltoba/runtime/ClassRT, getClassData(Ljava/lang/Class;)Ltoba/classfile/ClassData; >"	2	some(4)
"< Application, Ltoba/jit/JITCodeGen, EmitCode(Ltoba/classfile/Method;I)V >"	1427	none
"< Application, Ltoba/jit/JITCodeGen, emitClassInit(Ltoba/classfile/Instr;Ljava/lang/Object;)V >"	28	none
"< Application, Ltoba/classfile/Constant, dump(Ljava/io/PrintWriter;[Ltoba/classfile/Constant;)V >"	22	none
"< Application, Ltoba/jit/Intel86, ADD(Ljava/lang/Object;Ljava/lang/Object;)[B >"	29	some(42)
"< Application, Ltoba/translator/InsGen, igen(Ljava/io/PrintWriter;Ltoba/classfile/Method;Ltoba/classfile/Instr;)V >"	760	none
"< Application, Ltoba/jit/CodeBlock, setBVlength(I)I >"	2	some(4)
"< Application, Ltoba/jit/CodeBlock, getCodeClassLoader()Ljava/lang/ClassLoader; >"	1	some(3)
"< Application, Ltoba/jit/CodeBlock, setAllNativeCode(Z)V >"	1	none
"< Application, Ltoba/jit/Intel86, FpopES()[B >"	4	some(11)
"< Application, Ltoba/runtime/Resolve, <init>()V >"	1	none
"< Application, Ltoba/InstallClassFile, main([Ljava/lang/String;)V >"	55	none
"< Application, Ltoba/jit/CodeBlock, setByteOffs(I)V >"	14	none
"< Application, Ltoba/classfile/ClassData, getByNameLoader(Ljava/lang/String;Ljava/lang/ClassLoader;)Ltoba/classfile/ClassData; >"	10	some(4)
"< Application, Ltoba/translator/CFile, supers(Ljava/io/PrintWriter;Ltoba/classfile/ClassData;)V >"	21	none
"< Application, Ltoba/jit/JITCodeGen, EmitCode(Ltoba/classfile/Method;I)V >"	814	none
"< Application, Ltoba/jit/Intel86, valSFlag(Ljava/lang/Object;)I >"	12	some(7)
"< Application, Ltoba/translator/MethGen, dclvars(Ljava/io/PrintWriter;Ltoba/classfile/Method;CZ)V >"	45	none
"< Application, Ltoba/jit/JITCodeGen, EmitCode(Ltoba/classfile/Method;I)V >"	1293	none
"< Application, Ltoba/classfile/Opcode, op(IIIILjava/lang/String;Ljava/lang/String;II)V >"	12	none
"< Application, Ltoba/jit/BackpatchInfo, toString()Ljava/lang/String; >"	43	some(67)
"< Application, Ltoba/jit/JITCodeGen, EmitRetvalStore(Ltoba/classfile/FieldRef;)V >"	11	none
"< Application, Ltoba/jit/Intel86, SHR(Ljava/lang/Object;Ljava/lang/Object;)[B >"	23	some(42)
"< Application, Ltoba/jit/Intel86, XOR(Ljava/lang/Object;Ljava/lang/Object;)[B >"	29	some(45)
"< Application, Ltoba/jit/Register, is8BitReg()Z >"	2	some(6)
"< Application, Ltoba/classfile/Names, hashclass(Ljava/lang/String;)Ljava/lang/String; >"	3	some(6)
"< Application, Ltoba/jit/MemoryRef, getDisplacement()I >"	2	some(8)
"< Application, Ltoba/translator/Trans, foreign(Ljava/io/File;)Z >"	5	some(5)
"< Application, Ltoba/translator/Trans, <clinit>()V >"	5	none
"< Application, Ltoba/classfile/MethodCode, <clinit>()V >"	6	none
"< Application, Ltoba/translator/InsGen, igen(Ljava/io/PrintWriter;Ltoba/classfile/Method;Ltoba/classfile/Instr;)V >"	905	none
"< Application, Ltoba/translator/HFile, <init>()V >"	1	none
"< Application, Ltoba/jit/JITCodeGen, EmitCode(Ltoba/classfile/Method;I)V >"	610	none
"< Application, Ltoba/classfile/ClassFile, <init>(Ljava/io/InputStream;)V >"	3	none
"< Application, Ltoba/classfile/ClassFile, find(Ljava/lang/String;)Ltoba/classfile/ClassFile; >"	40	some(29)
"< Application, Ltoba/jit/JITCodeGen, EmitCode(Ltoba/classfile/Method;I)V >"	1360	none
"< Application, Ltoba/jit/JITCodeGen, EmitBinOp(Ltoba/classfile/Instr;)V >"	291	none
"< Application, Ltoba/classfile/MethodCode, getIsResolved()Z >"	1	some(3)
"< Application, Ltoba/classfile/MethodCode, setMethodEntry(J)J >"	2	some(4)
"< Application, Ltoba/jit/CodeBlock, addByte(B)B >"	18	some(22)
"< Application, Ltoba/jit/Register, getRegBitName()I >"	4	some(7)
"< Application, Ltoba/classfile/Method, target(I)I >"	5	some(8)
"< Application, Ltoba/translator/InsGen, stack2nd(Ltoba/classfile/Instr;)Ljava/lang/String; >"	27	some(26)
"< Application, Ltoba/classfile/Names, classref(Ljava/lang/String;)Ljava/lang/String; >"	3	some(30)
"< Application, Ltoba/translator/Repr, con(Ltoba/classfile/Method;Ltoba/classfile/Constant;)Ljava/lang/String; >"	9	some(101)
"< Application, Ltoba/classfile/Attribute, find([Ltoba/classfile/Attribute;Ljava/lang/String;)[B >"	7	some(15)
"< Application, Ltoba/jit/JITCodeGen, popIntoMemory(Ltoba/jit/Register;C)V >"	55	none
"< Application, Ltoba/classfile/FieldRef, isResolved()Z >"	2	some(6)
"< Application, Ltoba/jit/Intel86, FILD(Ljava/lang/Object;)[B >"	20	some(43)
"< Application, Ltoba/jit/Intel86, FCHS()[B >"	1	some(6)
"< Application, Ltoba/jit/CodeBlock, getCodeByte(I)I >"	2	some(5)
"< Application, Ltoba/jit/JITCodeGen, EmitCode(Ltoba/classfile/Method;I)V >"	177	none
"< Application, Ltoba/jit/JITCodeGen, EmitRetvalStore(Ltoba/classfile/FieldRef;)V >"	29	none
"< Application, Ltoba/jit/CodeBlock, <init>(Ltoba/classfile/Method;)V >"	1	none
"< Application, Ltoba/jit/Immediate, setValue(I)Ltoba/jit/Immediate; >"	1	some(1)
"< Application, Ltoba/translator/InsGen, igen(Ljava/io/PrintWriter;Ltoba/classfile/Method;Ltoba/classfile/Instr;)V >"	2	none
"< Application, Ltoba/jit/JITCodeGen, Initialize()V >"	7	none
"< Application, Ltoba/translator/Trans, oopen(Ltoba/classfile/ClassData;Ljava/lang/String;I)Ljava/io/PrintWriter; >"	44	some(43)
"< Application, Ltoba/classfile/Field, equals(Ltoba/classfile/Field;)Z >"	17	some(17)
"< Application, Ltoba/jit/JITCodeGen, EmitUnOp(Ltoba/classfile/Instr;)V >"	198	none
"< Application, Ltoba/classfile/Field, getVarFieldSize()I >"	5	some(21)
"< Application, Ltoba/jit/JITCodeGen, EmitBinOp(Ltoba/classfile/Instr;)V >"	286	none
"< Application, Ltoba/classfile/MethodCode, resolveCode()V >"	2	none
"< Application, Ltoba/jit/JITCodeGen, checkObjectRef(ILtoba/jit/Register;Ltoba/classfile/Instr;)V >"	23	none
"< Application, Ltoba/jit/Intel86, pushES(Ljava/lang/Object;)[B >"	3	some(9)
"< Application, Ltoba/jit/Intel86, setEStackTop(I)V >"	5	none
"< Application, Ltoba/jit/JITCodeGen, EmitCode(Ltoba/classfile/Method;I)V >"	738	none
"< Application, Ltoba/translator/CFile, emitNamesSigs(Ljava/io/PrintWriter;Ljava/lang/String;[Ltoba/classfile/Field;)V >"	29	none
"< Application, Ltoba/jit/JITCodeGen, EmitCode(Ltoba/classfile/Method;I)V >"	358	none
"< Application, Ltoba/jit/BackpatchInfo, setLongVal(J)J >"	2	some(4)
"< Application, Ltoba/jit/Intel86, tossES(I)[B >"	2	some(7)
"< Application, Ltoba/runtime/SystemClassLoader, loadClass(Ljava/lang/String;Z)Ljava/lang/Class; >"	19	some(20)
"< Application, Ltoba/jit/JITCodeGen, EmitCode(Ltoba/classfile/Method;I)V >"	1375	none
"< Application, Ltoba/jit/JITCodeGen, InitInstrumentation()V >"	13	none
"< Application, Ltoba/classfile/ClassRef, isResolved(Ljava/lang/ClassLoader;)Z >"	2	some(8)
"< Application, Ltoba/jit/Intel86, FSTP(Ljava/lang/Object;)[B >"	15	some(26)
"< Application, Ltoba/classfile/ClassData, buildVariableTables(Z)V >"	91	none
"< Application, Ltoba/jit/CodeBlock, <clinit>()V >"	1	none
"< Application, Ltoba/Lister, closeClassList([Ljava/lang/String;I)V >"	114	none
"< Application, Ltoba/jit/CodeBlock, BS(II)Ljava/lang/String; >"	15	some(23)
"< Application, Ltoba/classfile/Instr, regtype(Ljava/lang/String;)C >"	2	some(7)
"< Application, Ltoba/classfile/ClassFile, close()V >"	16	none
"< Application, Ltoba/classfile/Method, mark(ILjava/lang/String;I)V >"	34	none
"< Application, Ltoba/classfile/Instr, regtype(Ljava/lang/String;)C >"	10	some(7)
"< Application, Ltoba/jit/CodeBlock, getCodeBlock()[B >"	5	some(4)
"< Application, Ltoba/jit/Intel86, SUB(Ljava/lang/Object;Ljava/lang/Object;)[B >"	20	some(60)
"< Application, Ltoba/classfile/Instr, <init>([BI[Ltoba/classfile/Constant;)V >"	48	none
"< Application, Ltoba/jit/Intel86, pushEStackOffs()I >"	4	some(6)
"< Application, Ltoba/jit/JITCodeGen, genCallResolve(Ltoba/classfile/Method;)V >"	72	none
"< Application, Ltoba/translator/InsGen, igen(Ljava/io/PrintWriter;Ltoba/classfile/Method;Ltoba/classfile/Instr;)V >"	216	none
"< Application, Ltoba/jit/JITCodeGen, EmitCode(Ltoba/classfile/Method;I)V >"	231	none
"< Application, Ltoba/translator/HFile, argtypes(Ltoba/classfile/Field;)Ljava/lang/String; >"	44	some(68)
"< Application, Ltoba/jit/Intel86, Jcc(ILjava/lang/Object;)[B >"	11	some(22)
"< Application, Ltoba/translator/MethGen, mgen(Ljava/io/PrintWriter;Ltoba/classfile/Method;)V >"	245	none
"< Application, Ltoba/classfile/Constant, <init>()V >"	1	none
"< Application, Ltoba/jit/Register, isAReg()Z >"	4	some(6)
"< Application, Ltoba/jit/Intel86, PatchLongJump(II)V >"	2	none
"< Application, Ltoba/runtime/CodeGen, buildNativeClass(Ltoba/classfile/ClassData;Ljava/lang/ClassLoader;)Ljava/lang/Class; >"	119	some(19)
"< Application, Ltoba/translator/InsGen, igen(Ljava/io/PrintWriter;Ltoba/classfile/Method;Ltoba/classfile/Instr;)V >"	165	none
"< Application, Ltoba/Lister, <init>()V >"	1	none
"< Application, Ltoba/translator/InsGen, igen(Ljava/io/PrintWriter;Ltoba/classfile/Method;Ltoba/classfile/Instr;)V >"	1150	none
"< Application, Ltoba/jit/JITCodeGen, EmitCode(Ltoba/classfile/Method;I)V >"	302	none
"< Application, Ltoba/runtime/ClassRT, <init>()V >"	1	none
"< Application, Ltoba/jit/JITCodeGen, EmitCode(Ltoba/classfile/Method;I)V >"	776	none
"< Application, Ltoba/jit/Intel86, OpType(Ljava/lang/Object;)I >"	11	some(18)
"< Application, Ltoba/jit/JITCodeGen, EmitCode(Ltoba/classfile/Method;I)V >"	424	none
"< Application, Ltoba/jit/JITCodeGen, EmitCode(Ltoba/classfile/Method;I)V >"	214	none
"< Application, Ltoba/jit/CodeBlock, addByteArray([B)[B >"	24	some(26)
"< Application, Ltoba/classfile/Instr, regtype(Ljava/lang/String;)C >"	8	some(7)
"< Application, Ltoba/jit/Intel86, FSUBRP(Ljava/lang/Object;)[B >"	15	some(14)
"< Application, Ltoba/classfile/ClassRef, <init>(Ljava/lang/Class;)V >"	9	none
"< Application, Ltoba/jit/MemoryRef, getScaleFactor()I >"	1	some(3)
"< Application, Ltoba/translator/MethGen, lvinits(Ljava/io/PrintWriter;Ltoba/classfile/Method;)V >"	42	none
"< Application, Ltoba/jit/Immediate, <init>(I)V >"	1	none
"< Application, Ltoba/jit/Intel86, RELATIVE_CALL(I)[B >"	3	some(9)
"< Application, Ltoba/jit/Intel86, SAR(Ljava/lang/Object;Ljava/lang/Object;)[B >"	31	some(31)
"< Application, Ltoba/jit/JITCodeGen, EmitCode(Ltoba/classfile/Method;I)V >"	255	none
"< Application, Ltoba/classfile/Opcode, op(IIIILjava/lang/String;Ljava/lang/String;Ljava/lang/String;I)V >"	4	none
"< Application, Ltoba/runtime/CodeGen, defineClass(Ljava/lang/ClassLoader;[BII)Ljava/lang/Class; >"	5	some(12)
"< Application, Ltoba/classfile/Names, classref(Ljava/lang/String;)Ljava/lang/String; >"	7	some(26)
"< Application, Ltoba/classfile/ClassRef, bySignature(Ljava/lang/String;)Ltoba/classfile/ClassRef; >"	48	some(55)
"< Application, Ltoba/classfile/ClassRef, <clinit>()V >"	51	none
"< Application, Ltoba/classfile/Method, <init>(Ltoba/classfile/ClassData;Ltoba/classfile/Field;)V >"	54	none
"< Application, Ltoba/translator/MethGen, parmdecls(Ltoba/classfile/Method;)Ljava/lang/String; >"	41	some(67)
"< Application, Ltoba/classfile/Names, csignature(Ljava/lang/String;)Ljava/lang/String; >"	39	some(64)
"< Application, Ltoba/jit/Intel86, CALL(Ljava/lang/Object;)[B >"	7	some(36)
"< Application, Ltoba/classfile/IHash, hashlist(Ljava/lang/ClassLoader;Ltoba/classfile/ClassRef;)[I >"	69	some(69)
"< Application, Ltoba/classfile/Method, sigscan()V >"	50	none
"< Application, Ltoba/translator/CFile, constructor(Ljava/io/PrintWriter;Ltoba/classfile/ClassData;)V >"	16	none
"< Application, Ltoba/classfile/Opcode, lookupOpcode(I)Ltoba/classfile/Opcode; >"	2	some(4)
"< Application, Ltoba/classfile/Method, sigscan()V >"	62	none
"< Application, Ltoba/classfile/Names, <clinit>()V >"	101	none
"< Application, Ltoba/translator/InsGen, igen(Ljava/io/PrintWriter;Ltoba/classfile/Method;Ltoba/classfile/Instr;)V >"	808	none
"< Application, Ltoba/translator/InsGen, igen(Ljava/io/PrintWriter;Ltoba/classfile/Method;Ltoba/classfile/Instr;)V >"	1112	none
"< Application, Ltoba/jit/JITCodeGen, EmitCode(Ltoba/classfile/Method;I)V >"	1060	none
"< Application, Ltoba/classfile/Field, getVarFieldSize()I >"	8	some(19)
"< Application, Ltoba/translator/Repr, ctype(C)Ljava/lang/String; >"	3	some(10)
"< Application, Ltoba/translator/Repr, con(Ltoba/classfile/Method;Ltoba/classfile/Constant;)Ljava/lang/String; >"	40	some(59)
"< Application, Ltoba/classfile/Constant, toString()Ljava/lang/String; >"	10	some(17)
"< Application, Ltoba/classfile/InterfaceRef, findInterface(Ltoba/classfile/ClassData;)Ltoba/classfile/Field; >"	1	some(5)
"< Application, Ltoba/jit/MemoryRef, getBaseReg()Ltoba/jit/Register; >"	1	some(3)
"< Application, Ltoba/translator/MethGen, dclstack(Ljava/io/PrintWriter;Ltoba/classfile/Method;C)V >"	37	none
"< Application, Ltoba/translator/InsGen, igen(Ljava/io/PrintWriter;Ltoba/classfile/Method;Ltoba/classfile/Instr;)V >"	532	none
"< Application, Ltoba/translator/InsGen, stack2nd(Ltoba/classfile/Instr;)Ljava/lang/String; >"	16	some(41)
"< Application, Ltoba/jit/Intel86, valWFlag(Ljava/lang/Object;Ljava/lang/Object;)I >"	6	some(14)
"< Application, Ltoba/jit/Intel86, NOP()[B >"	1	some(5)
"< Application, Ltoba/classfile/Names, <init>()V >"	1	none
"< Application, Ltoba/jit/CodeBlock, setEpilogOffs()V >"	2	none
"< Application, Ltoba/jit/Intel86, LEAVE()[B >"	1	some(5)
"< Application, Ltoba/jit/JITCodeGen, setCallArgs(Ljava/lang/String;)I >"	45	some(60)
"< Application, Ltoba/Lister, abort(Ljava/lang/String;)V >"	3	none
"< Application, Ltoba/InstallClassFile, <init>()V >"	1	none
"< Application, Ltoba/jit/CodeBlock, resolveCode()V >"	2	none
"< Application, Ltoba/classfile/Names, hashclass(Ljava/lang/String;)Ljava/lang/String; >"	24	some(43)
"< Application, Ltoba/translator/Repr, con(Ltoba/classfile/Method;Ltoba/classfile/Constant;)Ljava/lang/String; >"	56	some(46)
"< Application, Ltoba/classfile/ClassData, buildMethodTables(Z)V >"	106	none
"< Application, Ltoba/classfile/ClassRef, <init>(Ljava/lang/String;)V >"	3	none
"< Application, Ltoba/runtime/SystemClassLoader, <init>()V >"	4	none
"< Application, Ltoba/jit/CodeBlock, evalBrLOAD(ILjava/lang/Object;)[B >"	1	some(6)
"< Application, Ltoba/runtime/CodeGen, buildNativeClass(Ltoba/classfile/ClassData;Ljava/lang/ClassLoader;)Ljava/lang/Class; >"	13	some(138)
"< Application, Ltoba/classfile/Instr, u2([BI)I >"	7	some(13)
"< Application, Ltoba/jit/JITCodeGen, emitEltOffsetCode(ILtoba/classfile/Instr;)V >"	79	none
"< Application, Ltoba/jit/CodeBlock, BV(Ljava/lang/String;)I >"	2	some(5)
"< Application, Ltoba/jit/Intel86, OR(Ljava/lang/Object;Ljava/lang/Object;)[B >"	37	some(23)
"< Application, Ltoba/translator/InsGen, igen(Ljava/io/PrintWriter;Ltoba/classfile/Method;Ltoba/classfile/Instr;)V >"	44	none
"< Application, Ltoba/jit/CodeBlock, addByteArray([B)[B >"	5	some(2)
"< Application, Ltoba/jit/MemoryRef, <init>(Ltoba/jit/Register;)V >"	1	none
"< Application, Ltoba/jit/Intel86, <init>(Ltoba/classfile/Method;I)V >"	2	none
"< Application, Ltoba/jit/Intel86, JMP(Ljava/lang/Object;)[B >"	7	some(49)
"< Application, Ltoba/jit/Intel86, DpushES()[B >"	5	some(13)
"< Application, Ltoba/runtime/CodeGen, classVariableSpace([Ltoba/classfile/Field;)I >"	18	some(26)
"< Application, Ltoba/jit/CodeBlock, evalBrLOADCodeRel(ILjava/lang/Object;)[B >"	1	some(6)
"< Application, Ltoba/Lister, listSystemClasses()V >"	41	none
"< Application, Ltoba/jit/JITCodeGen, EmitCode(Ltoba/classfile/Method;I)V >"	1244	none
"< Application, Ltoba/jit/CodeBlock, storeByteArray([BI)[B >"	11	some(2)
"< Application, Ltoba/translator/Repr, con(Ltoba/classfile/Method;Ltoba/classfile/Constant;)Ljava/lang/String; >"	70	some(7)
"< Application, Ltoba/jit/Immediate, <init>(IZ)V >"	5	none
"< Application, Ltoba/runtime/Resolve, resolveClass(Ltoba/classfile/ClassData;Ljava/lang/ClassLoader;)V >"	2	none
"< Application, Ltoba/jit/JITCodeGen, loadClassPointer(Ltoba/classfile/Instr;Ltoba/classfile/ClassRef;ILtoba/jit/Register;)V >"	45	none
"< Application, Ltoba/classfile/Names, hashvar(Ljava/lang/String;)Ljava/lang/String; >"	27	some(43)
"< Application, Ltoba/jit/Intel86, encode(II)[B >"	6	some(12)
"< Application, Ltoba/translator/InsGen, igen(Ljava/io/PrintWriter;Ltoba/classfile/Method;Ltoba/classfile/Instr;)V >"	103	none
"< Application, Ltoba/jit/JITCodeGen, setCallArgs(I)I >"	16	some(23)
"< Application, Ltoba/jit/JITCodeGen, pushFromMemory(Ltoba/jit/Register;C)V >"	50	none
"< Application, Ltoba/jit/JITCodeGen, EmitCode(Ltoba/classfile/Method;I)V >"	454	none
"< Application, Ltoba/jit/CodeBlock, expandArr(I)V >"	12	none
"< Application, Ltoba/classfile/Instr, u1([BI)I >"	2	some(6)
"< Application, Ltoba/classfile/ClassFile, <init>(Ljava/io/File;)V >"	5	none
"< Application, Ltoba/translator/Repr, simplefloat(D)Z >"	24	some(27)
"< Application, Ltoba/classfile/Field, getVarFieldSize()I >"	7	some(19)
"< Application, Ltoba/runtime/CodeGen, instanceOffsets(Ljava/lang/Class;)[I >"	50	some(9)
"< Application, Ltoba/translator/CFile, clname(Ljava/io/PrintWriter;Ltoba/classfile/ClassData;)V >"	25	none
"< Application, Ltoba/translator/Repr, ctype(C)Ljava/lang/String; >"	10	some(3)
"< Application, Ltoba/classfile/Names, idchar(C)Z >"	6	some(7)
"< Application, Ltoba/jit/JITCodeGen, EmitCode(Ltoba/classfile/Method;I)V >"	86	none
"< Application, Ltoba/jit/MemoryRef, getRefSize()I >"	1	some(3)
"< Application, Ltoba/jit/Intel86, AND(Ljava/lang/Object;Ljava/lang/Object;)[B >"	37	some(23)
"< Application, Ltoba/translator/InsGen, igen(Ljava/io/PrintWriter;Ltoba/classfile/Method;Ltoba/classfile/Instr;)V >"	1064	none
"< Application, Ltoba/jit/Intel86, FDIVRP(Ljava/lang/Object;)[B >"	15	some(14)
"< Application, Ltoba/classfile/Field, getVarFieldSize()I >"	10	some(21)
"< Application, Ltoba/jit/JITCodeGen, EmitCode(Ltoba/classfile/Method;I)V >"	731	none
"< Application, Ltoba/classfile/ClassRef, resolveTo(Ljava/lang/Class;Ljava/lang/ClassLoader;)V >"	2	none
"< Application, Ltoba/classfile/MethodCode, getStubEntry()J >"	1	some(3)
"< Application, Ltoba/classfile/ClassFile, open(Ljava/lang/String;Ljava/lang/String;)Ltoba/classfile/ClassFile; >"	75	some(20)
"< Application, Ltoba/translator/InsGen, igen(Ljava/io/PrintWriter;Ltoba/classfile/Method;Ltoba/classfile/Instr;)V >"	275	none
"< Application, Ltoba/classfile/MethodCode, setStubEntry(J)J >"	2	some(4)
"< Application, Ltoba/runtime/CodeGen, defineClass(Ljava/lang/ClassLoader;Ljava/io/DataInputStream;)Ljava/lang/Class; >"	29	some(32)
"< Application, Ltoba/jit/JITCodeGen, EmitCode(Ltoba/classfile/Method;I)V >"	122	none
"< Application, Ltoba/runtime/SystemClassLoader, registerNewClass(Ljava/lang/String;Ljava/lang/Class;)V >"	6	none
"< Application, Ltoba/runtime/CodeGen, classVariableAlignment([Ltoba/classfile/Field;)I >"	11	some(15)
"< Application, Ltoba/classfile/Names, hashname(Ljava/lang/String;Ljava/lang/String;Ljava/lang/String;Ljava/lang/StringBuffer;)Ljava/lang/String; >"	49	some(72)
"< Application, Ltoba/translator/CFile, methodsigs(Ljava/io/PrintWriter;Ltoba/classfile/ClassData;)V >"	63	none
"< Application, Ltoba/translator/InsGen, igen(Ljava/io/PrintWriter;Ltoba/classfile/Method;Ltoba/classfile/Instr;)V >"	1093	none
"< Application, Ltoba/translator/Repr, ctype(C)Ljava/lang/String; >"	4	some(9)
"< Application, Ltoba/translator/Trans, setdbg(Ljava/lang/String;)V >"	21	none
"< Application, Ltoba/jit/JITCodeGen, EmitCode(Ltoba/classfile/Method;I)V >"	754	none
"< Application, Ltoba/classfile/MethodRef, findMethod(Ltoba/classfile/ClassData;)Ltoba/classfile/Field; >"	28	some(44)
"< Application, Ltoba/jit/JITCodeGen, EmitCode(Ltoba/classfile/Method;I)V >"	1183	none
"< Application, Ltoba/translator/HFile, argtypes(Ltoba/classfile/Field;)Ljava/lang/String; >"	49	some(67)
"< Application, Ltoba/classfile/IHash, setInTranslator(Z)Z >"	2	some(3)
"< Application, Ltoba/translator/MethGen, dclvars(Ljava/io/PrintWriter;Ltoba/classfile/Method;CZ)V >"	3	none
"< Application, Ltoba/classfile/Instr, argwords(Ljava/lang/String;)I >"	3	some(41)
"< Application, Ltoba/runtime/ClassRT, getClassData(Ljava/lang/Class;)Ltoba/classfile/ClassData; >"	9	some(38)
"< Application, Ltoba/runtime/CodeGen, resolveClass(Ljava/lang/Class;Ljava/lang/ClassLoader;)V >"	16	none
"< Application, Ltoba/classfile/MethodCode, getEntryPoint()J >"	3	some(6)
"< Application, Ltoba/classfile/Names, idstring(Ljava/lang/String;)Z >"	9	some(3)
"< Application, Ltoba/jit/JITCodeGen, EmitUnOp(Ltoba/classfile/Instr;)V >"	219	none
"< Application, Ltoba/jit/JITCodeGen, EmitCode(Ltoba/classfile/Method;I)V >"	1147	none
"< Application, Ltoba/jit/Immediate, getSignExtendFlagVal()Z >"	1	some(3)
"< Application, Ltoba/translator/InsGen, ckinstance(Ltoba/classfile/Instr;Ljava/lang/String;)Ljava/lang/String; >"	52	some(44)
"< Application, Ltoba/jit/JITCodeGen, EmitCkInstance(Ltoba/classfile/Instr;Ltoba/classfile/ClassRef;)V >"	206	none
"< Application, Ltoba/jit/BackpatchInfo, <init>(ILtoba/classfile/Instr;Ljava/lang/Object;IJ)V >"	9	none
"< Application, Ltoba/jit/Intel86, ADC(Ljava/lang/Object;Ljava/lang/Object;)[B >"	37	some(23)
"< Application, Ltoba/Lister, listSystemClasses()V >"	50	none
"< Application, Ltoba/jit/Intel86, MOV(Ljava/lang/Object;Ljava/lang/Object;)[B >"	35	some(42)
"< Application, Ltoba/classfile/Names, csignature(Ljava/lang/String;)Ljava/lang/String; >"	52	some(67)
"< Application, Ltoba/classfile/ClassData, forStream(Ljava/lang/ClassLoader;Ljava/io/DataInputStream;)Ltoba/classfile/ClassData; >"	1	some(6)
"< Application, Ltoba/classfile/ClassData, forStream(Ljava/lang/ClassLoader;Ljava/io/DataInputStream;Z)Ltoba/classfile/ClassData; >"	10	some(14)
"< Application, Ltoba/classfile/FieldRef, resolveTo(Ltoba/classfile/Field;)V >"	1	none
"< Application, Ltoba/classfile/ClassData, arrayString([Ljava/lang/Object;)Ljava/lang/String; >"	1	some(38)
"< Application, Ltoba/classfile/Names, reserved(Ljava/lang/String;)Z >"	9	some(9)
"< Application, Ltoba/jit/Intel86, FTST()[B >"	1	some(6)
"< Application, Ltoba/runtime/CodeGen, getInstanceMethodAddrs(Ljava/lang/Class;)[J >"	14	some(8)
"< Application, Ltoba/translator/CFile, include(Ljava/io/PrintWriter;Ljava/lang/String;)V >"	12	none
"< Application, Ltoba/translator/MethGen, needSwitch(Ltoba/classfile/Method;)Z >"	7	some(9)
"< Application, Ltoba/jit/Intel86, PatchNearJump(II)V >"	13	none
"< Application, Ltoba/jit/JITCodeGen, Prologue(Ltoba/classfile/Method;I)V >"	164	none
"< Application, Ltoba/jit/Intel86, TEST(Ljava/lang/Object;Ljava/lang/Object;)[B >"	37	some(20)
"< Application, Ltoba/jit/JITCodeGen, EmitCode(Ltoba/classfile/Method;I)V >"	895	none
"< Application, Ltoba/jit/CodeBlock, installCode()J >"	36	some(32)
"< Application, Ltoba/classfile/Pair, <init>()V >"	1	none
"< Application, Ltoba/translator/Trans, options([Ljava/lang/String;)V >"	59	none
"< Application, Ltoba/classfile/ClassData, forName(Ljava/lang/String;)Ltoba/classfile/ClassData; >"	5	some(10)
"< Application, Ltoba/jit/Intel86, NEG(Ljava/lang/Object;)[B >"	14	some(18)
"< Application, Ltoba/jit/JITCodeGen, EmitRetvalStore(Ltoba/classfile/FieldRef;)V >"	19	none
"< Application, Ltoba/classfile/ClassFile, find(Ljava/lang/String;)Ltoba/classfile/ClassFile; >"	52	some(38)
"< Application, Ltoba/jit/JITCodeGen, Epilogue(Ltoba/classfile/Method;)V >"	33	none
"< Application, Ltoba/runtime/CodeGen, setSpecialMethods(Ljava/lang/Class;)V >"	61	none
"< Application, Ltoba/jit/JITCodeGen, <init>()V >"	4	none
"< Application, Ltoba/jit/Intel86, FADDP(Ljava/lang/Object;)[B >"	15	some(14)
"< Application, Ltoba/jit/Intel86, IMUL(Ljava/lang/Object;)[B >"	15	some(19)
"< Application, Ltoba/classfile/ClassData, arrayString([Ljava/lang/Object;)Ljava/lang/String; >"	24	some(37)
"< Application, Ltoba/classfile/Names, baseclass(Ljava/lang/String;)Ljava/lang/String; >"	15	some(15)
"< Application, Ltoba/translator/InsGen, igen(Ljava/io/PrintWriter;Ltoba/classfile/Method;Ltoba/classfile/Instr;)V >"	879	none
"< Application, Ltoba/jit/JITCodeGen, EmitIfCmp(Ltoba/classfile/Instr;Ltoba/classfile/Method;)V >"	73	none
"< Application, Ltoba/translator/Trans, genmain(Ltoba/classfile/ClassData;)V >"	19	none
"< Application, Ltoba/translator/InsGen, igen(Ljava/io/PrintWriter;Ltoba/classfile/Method;Ltoba/classfile/Instr;)V >"	28	none
"< Application, Ltoba/translator/CFile, others(Ljava/io/PrintWriter;Ltoba/classfile/ClassData;)V >"	36	none
"< Application, Ltoba/translator/InsGen, target(Ltoba/classfile/Method;I)I >"	5	some(8)
"< Application, Ltoba/jit/CodeBlock, evalBrCALL(I)[B >"	1	some(5)
"< Application, Ltoba/jit/Intel86, OpType(Ljava/lang/Object;)I >"	7	some(23)
"< Application, Ltoba/jit/Intel86, makeModRM(ILjava/lang/Object;)[B >"	28	some(7)
"< Application, Ltoba/jit/Intel86, valWFlag(Ljava/lang/Object;Ljava/lang/Object;)I >"	5	some(13)
"< Application, Ltoba/classfile/Field, finishField()V >"	4	none
"< Application, Ltoba/classfile/Names, reserved(Ljava/lang/String;)Z >"	2	some(6)
"< Application, Ltoba/Lister, main([Ljava/lang/String;)V >"	15	none
"< Application, Ltoba/translator/Repr, con(Ltoba/classfile/Method;Ltoba/classfile/Constant;)Ljava/lang/String; >"	32	some(90)
"< Application, Ltoba/translator/InsGen, igen(Ljava/io/PrintWriter;Ltoba/classfile/Method;Ltoba/classfile/Instr;)V >"	794	none
"< Application, Ltoba/translator/MethGen, dclstack(Ljava/io/PrintWriter;Ltoba/classfile/Method;C)V >"	3	none
"< Application, Ltoba/jit/JITCodeGen, <clinit>()V >"	254	none
"< Application, Ltoba/classfile/Method, sigscan()V >"	54	none
"< Application, Ltoba/jit/Intel86, BasicInit()V >"	4	none
"< Application, Ltoba/jit/JITCodeGen, checkBackJump(Ltoba/classfile/Instr;II)V >"	2	none
"< Application, Ltoba/classfile/Instr, argwords()I >"	13	some(15)
"< Application, Ltoba/jit/Register, is8BitReg()Z >"	3	some(5)
"< Application, Ltoba/jit/JITCodeGen, emitBackJumpCall(Ltoba/classfile/Instr;)V >"	29	none
"< Application, Ltoba/jit/Intel86, OpType(Ljava/lang/Object;)I >"	14	some(17)
"< Application, Ltoba/classfile/Instr, i1([BI)I >"	1	some(4)
"< Application, Ltoba/classfile/ClassFile, open(Ljava/lang/String;Ljava/lang/String;)Ltoba/classfile/ClassFile; >"	72	some(41)
"< Application, Ltoba/classfile/Instr, regtype(Ljava/lang/String;)C >"	4	some(11)
"< Application, Ltoba/jit/Intel86, SAR(Ljava/lang/Object;Ljava/lang/Object;)[B >"	10	some(56)
"< Application, Ltoba/classfile/ClassRef, findRefdClass(Ljava/lang/ClassLoader;)Ljava/lang/Class; >"	8	some(9)
"< Application, Ltoba/jit/Intel86, XOR(Ljava/lang/Object;Ljava/lang/Object;)[B >"	37	some(23)
"< Application, Ltoba/jit/Intel86, SBB(Ljava/lang/Object;Ljava/lang/Object;)[B >"	29	some(45)
"< Application, Ltoba/jit/Intel86, popES(Ljava/lang/Object;)[B >"	3	some(9)
"< Application, Ltoba/classfile/ClassData, buildTables()V >"	10	none
"< Application, Ltoba/classfile/MethodRef, <init>(Ltoba/classfile/ClassRef;Ljava/lang/String;Ljava/lang/String;)V >"	1	none
"< Application, Ltoba/classfile/ClassData, getmethod(Ljava/lang/String;Z)Ltoba/classfile/Field; >"	17	some(5)
"< Application, Ltoba/classfile/Attribute, find([Ltoba/classfile/Attribute;Ljava/lang/String;)[B >"	12	some(13)
"< Application, Ltoba/jit/JITCodeGen, LVOffs(I)Ltoba/jit/MemoryRef; >"	12	some(4)
"< Application, Ltoba/translator/InsGen, checkref(Ljava/io/PrintWriter;Ltoba/classfile/Instr;I)V >"	17	none
"< Application, Ltoba/translator/InsGen, gengoto(Ljava/io/PrintWriter;Ltoba/classfile/Method;Ltoba/classfile/Instr;I)V >"	12	none
"< Application, Ltoba/jit/Intel86, encode([B[B[B)[B >"	43	some(41)
"< Application, Ltoba/classfile/Names, reserved(Ljava/lang/String;)Z >"	12	some(17)
"< Application, Ltoba/jit/Intel86, fitsin8bit(I)Z >"	2	some(6)
"< Application, Ltoba/classfile/MethodCode, <init>(Ltoba/classfile/Method;)V >"	5	none
"< Application, Ltoba/translator/CFile, methodref(Ljava/io/PrintWriter;Ltoba/classfile/ClassData;Ljava/lang/String;Z)V >"	11	none
"< Application, Ltoba/jit/CodeBlock, evalBrJUMP(I)[B >"	1	some(5)
"< Application, Ltoba/translator/ClassInstall, <init>()V >"	1	none
"< Application, Ltoba/classfile/ClassRef, RegisterClassRef(Ltoba/classfile/ClassRef;)V >"	3	none
"< Application, Ltoba/jit/JITCodeGen, pushFromMemory(Ltoba/jit/Register;C)V >"	92	none
"< Application, Ltoba/translator/Repr, con(Ltoba/classfile/Method;Ltoba/classfile/Constant;)Ljava/lang/String; >"	67	some(26)
"< Application, Ltoba/translator/InsGen, igen(Ljava/io/PrintWriter;Ltoba/classfile/Method;Ltoba/classfile/Instr;)V >"	996	none
"< Application, Ltoba/jit/BackpatchInfo, <init>(ILtoba/classfile/Instr;Ljava/lang/Object;ILjava/lang/Object;)V >"	12	none
"< Application, Ltoba/jit/JITCodeGen, popIntoMemory(Ltoba/jit/Register;C)V >"	26	none
"< Application, Ltoba/jit/Intel86, Jccn(ILjava/lang/Object;)[B >"	18	some(18)
"< Application, Ltoba/jit/Intel86, TEST(Ljava/lang/Object;Ljava/lang/Object;)[B >"	31	some(42)
"< Application, Ltoba/jit/Register, getRegBitName()I >"	6	some(5)
"< Application, Ltoba/classfile/MethodCode, getEntryPoint()J >"	5	some(5)
"< Application, Ltoba/translator/MethGen, needSwitch(Ltoba/classfile/Method;)Z >"	6	some(5)
"< Application, Ltoba/translator/InsGen, igen(Ljava/io/PrintWriter;Ltoba/classfile/Method;Ltoba/classfile/Instr;)V >"	1053	none
"< Application, Ltoba/jit/JIT, <init>()V >"	1	none
"< Application, Ltoba/jit/Intel86, relBPop(I)Ltoba/jit/MemoryRef; >"	5	some(4)
"< Application, Ltoba/translator/Trans, abort(Ljava/lang/String;)V >"	5	none
"< Application, Ltoba/runtime/Resolve, resolveClassName(Ljava/lang/String;Ljava/lang/ClassLoader;)Ljava/lang/Class; >"	31	some(33)
"< Application, Ltoba/jit/Intel86, FISTP(Ljava/lang/Object;)[B >"	20	some(43)
"< Application, Ltoba/jit/BackpatchInfo, setInsSeqLen(I)V >"	1	none
"< Application, Ltoba/translator/ClassInstall, install(Ljava/lang/String;Ljava/lang/String;Ljava/lang/String;)V >"	35	none
"< Application, Ltoba/jit/Intel86, emitByteArray([B)V >"	37	none
"< Application, Ltoba/jit/Intel86, FILD(Ljava/lang/Object;)[B >"	24	some(35)
"< Application, Ltoba/translator/InsGen, ancestor(Ltoba/classfile/ClassData;Ljava/lang/String;)Z >"	4	some(11)
"< Application, Ltoba/translator/CFile, emitStaticFinalInit(Ljava/io/PrintWriter;Ltoba/classfile/ClassData;)Z >"	154	some(231)
"< Application, Ltoba/jit/JITCodeGen, EmitCode(Ltoba/classfile/Method;I)V >"	696	none
"< Application, Ltoba/classfile/ClassData, addSymFields([Ltoba/classfile/Field;)V >"	14	none
"< Application, Ltoba/jit/JITCodeGen, EmitCode(Ltoba/classfile/Method;I)V >"	222	none
"< Application, Ltoba/classfile/Instr, toString()Ljava/lang/String; >"	84	some(119)
"< Application, Ltoba/jit/Intel86, valDFlag(Ljava/lang/Object;Ljava/lang/Object;)I >"	4	some(10)
"< Application, Ltoba/jit/Intel86, fitsin8bit(I)Z >"	3	some(5)
"< Application, Ltoba/jit/Intel86, TestIntel86([Ljava/lang/String;)V >"	112	none
"< Application, Ltoba/jit/Intel86, ADD(Ljava/lang/Object;Ljava/lang/Object;)[B >"	36	some(21)
"< Application, Ltoba/runtime/ClassRT, setMethodAddr(Ljava/lang/Class;Ltoba/classfile/Field;J)V >"	2	none
"< Application, Ltoba/Lister, recursivelist(Ljava/lang/String;Ljava/lang/String;)V >"	30	none
"< Application, Ltoba/classfile/Names, toba_getSRAS(Ljava/lang/String;)Ljava/io/InputStream; >"	45	some(56)
"< Application, Ltoba/translator/InsGen, igen(Ljava/io/PrintWriter;Ltoba/classfile/Method;Ltoba/classfile/Instr;)V >"	773	none
"< Application, Ltoba/jit/CodeBlock, overwriteInstalledCode([BI)V >"	24	none
"< Application, Ltoba/translator/InsGen, igen(Ljava/io/PrintWriter;Ltoba/classfile/Method;Ltoba/classfile/Instr;)V >"	1126	none
"< Application, Ltoba/jit/Register, isAReg()Z >"	5	some(5)
"< Application, Ltoba/translator/CFile, clstruct(Ljava/io/PrintWriter;Ltoba/classfile/ClassData;)V >"	162	none
"< Application, Ltoba/jit/CodeBlock, getEpilogOffs()I >"	1	some(3)
"< Application, Ltoba/classfile/Names, classref(Ljava/lang/String;)Ljava/lang/String; >"	9	some(24)
"< Application, Ltoba/jit/Intel86, JMPn(Ljava/lang/Object;)[B >"	17	some(16)
"< Application, Ltoba/jit/JITCodeGen, EmitCode(Ltoba/classfile/Method;I)V >"	378	none
"< Application, Ltoba/jit/CodeBlock, storeByte(BI)B >"	5	some(2)
"< Application, Ltoba/classfile/Field, getVarFieldSize()I >"	4	some(20)
"< Application, Ltoba/translator/InsGen, <init>()V >"	1	none
"< Application, Ltoba/jit/BackpatchInfo, setNext(Ltoba/jit/BackpatchInfo;)Ltoba/jit/BackpatchInfo; >"	1	some(1)
"< Application, Ltoba/classfile/Field, getVarFieldSize()I >"	11	some(20)
"< Application, Ltoba/translator/InsGen, ckinstance(Ltoba/classfile/Instr;Ljava/lang/String;)Ljava/lang/String; >"	34	some(65)
"< Application, Ltoba/classfile/Instr, regtype(Ljava/lang/String;)C >"	7	some(9)
"< Application, Ltoba/classfile/Method, <init>(Ltoba/classfile/ClassData;Ltoba/classfile/Field;)V >"	280	none
"< Application, Ltoba/jit/Intel86, SHL(Ljava/lang/Object;Ljava/lang/Object;)[B >"	31	some(31)
"< Application, Ltoba/jit/JITCodeGen, SummarizeInstrumentation()V >"	27	none
"< Application, Ltoba/jit/CodeBlock, evalBrLOADCodeAbs(ILjava/lang/Object;)[B >"	1	some(6)
"< Application, Ltoba/jit/JITCodeGen, pushFromMemory(Ltoba/jit/Register;C)V >"	83	none
"< Application, Ltoba/jit/JITCodeGen, EmitBinOp(Ltoba/classfile/Instr;)V >"	274	none
"< Application, Ltoba/runtime/CodeGen, interfaces(Ljava/lang/Class;)[J >"	28	some(15)
"< Application, Ltoba/classfile/Instr, <init>([BI[Ltoba/classfile/Constant;)V >"	164	none
"< Application, Ltoba/jit/Intel86, AND(Ljava/lang/Object;Ljava/lang/Object;)[B >"	20	some(59)
"< Application, Ltoba/classfile/Instr, regtype(Ljava/lang/String;)C >"	5	some(10)
"< Application, Ltoba/classfile/IHash, mark(Ljava/lang/ClassLoader;Ltoba/classfile/ClassData;)V >"	34	none
"< Application, Ltoba/classfile/ClassFile, <init>(Ljava/lang/String;)V >"	3	none
"< Application, Ltoba/translator/MethGen, syncwrap(Ljava/io/PrintWriter;Ltoba/classfile/Method;)V >"	138	none
"< Application, Ltoba/jit/MemoryRef, getScaleBits()I >"	1	some(3)
"< Application, Ltoba/jit/Immediate, setSignExtend(Z)Ltoba/jit/Immediate; >"	1	some(1)
"< Application, Ltoba/classfile/ClassFile, findInPath(Ljava/lang/String;Ljava/lang/String;Ljava/lang/String;)Ltoba/classfile/ClassFile; >"	28	some(46)
"< Application, Ltoba/classfile/ClassData, <init>(Ljava/lang/Class;)V >"	45	none
"< Application, Ltoba/classfile/Instr, regtype(Ljava/lang/String;)C >"	9	some(8)
"< Application, Ltoba/translator/InsGen, igen(Ljava/io/PrintWriter;Ltoba/classfile/Method;Ltoba/classfile/Instr;)V >"	621	none
"< Application, Ltoba/jit/CodeBlock, getCodeWord(I)I >"	43	some(48)
"< Application, Ltoba/jit/Intel86, popEStackOffs()I >"	5	some(7)
"< Application, Ltoba/jit/CodeBlock, setCheckWordAlign(Z)Z >"	2	some(4)
"< Application, Ltoba/runtime/CodeGen, instanceSize([Ltoba/classfile/Field;[I)I >"	30	some(37)
"< Application, Ltoba/translator/InsGen, igen(Ljava/io/PrintWriter;Ltoba/classfile/Method;Ltoba/classfile/Instr;)V >"	1138	none
"< Application, Ltoba/translator/Repr, ctype(C)Ljava/lang/String; >"	8	some(5)
"< Application, Ltoba/jit/Intel86, <init>(Ltoba/classfile/Method;)V >"	2	none
"< Application, Ltoba/translator/Repr, simplefloat(D)Z >"	16	some(27)
"< Application, Ltoba/jit/CodeBlock, addWord(I)I >"	20	some(24)
"< Application, Ltoba/translator/InsGen, igen(Ljava/io/PrintWriter;Ltoba/classfile/Method;Ltoba/classfile/Instr;)V >"	332	none
"< Application, Ltoba/jit/JITCodeGen, pushFromMemory(Ltoba/jit/Register;C)V >"	65	none
"< Application, Ltoba/classfile/ClassRef, byName(Ljava/lang/String;)Ltoba/classfile/ClassRef; >"	10	some(15)
"< Application, Ltoba/jit/MemoryRef, swapIndexBaseRegs()Ltoba/jit/MemoryRef; >"	20	some(1)
"< Application, Ltoba/translator/InsGen, igen(Ljava/io/PrintWriter;Ltoba/classfile/Method;Ltoba/classfile/Instr;)V >"	1007	none
"< Application, Ltoba/classfile/FieldRef, toString()Ljava/lang/String; >"	11	some(21)
"< Application, Ltoba/classfile/Field, getVarFieldSize()I >"	12	some(19)
"< Application, Ltoba/translator/InsGen, igen(Ljava/io/PrintWriter;Ltoba/classfile/Method;Ltoba/classfile/Instr;)V >"	251	none
"< Application, Ltoba/runtime/CodeGen, <init>()V >"	1	none
"< Application, Ltoba/jit/CodeBlock, getCodeByteArray(II)[B >"	3	some(5)
"< Application, Ltoba/classfile/Field, getVarFieldSize()I >"	6	some(22)
"< Application, Ltoba/jit/JITCodeGen, pushFromMemory(Ltoba/jit/Register;C)V >"	110	none
"< Application, Ltoba/classfile/ClassRef, isResolved(Ljava/lang/ClassLoader;)Z >"	3	some(7)
"< Application, Ltoba/jit/Immediate, getSignExtend()Z >"	4	some(6)
"< Application, Ltoba/translator/InsGen, igen(Ljava/io/PrintWriter;Ltoba/classfile/Method;Ltoba/classfile/Instr;)V >"	891	none
"< Application, Ltoba/jit/Intel86, setEStackBase(I)I >"	2	some(4)
"< Application, Ltoba/jit/Intel86, makeByteArray(I)[B >"	3	some(5)
"< Application, Ltoba/translator/InsGen, argindex(Ltoba/classfile/Instr;Ljava/lang/String;)I >"	8	some(19)
"< Application, Ltoba/translator/CFile, strdump(Ljava/io/PrintWriter;Ltoba/classfile/ClassData;)V >"	66	none
"< Application, Ltoba/classfile/VariableRef, <init>(Ltoba/classfile/ClassRef;Ljava/lang/String;Ljava/lang/String;)V >"	1	none
"< Application, Ltoba/jit/Intel86, DEC(Ljava/lang/Object;)[B >"	14	some(22)
"< Application, Ltoba/jit/JITCodeGen, EmitCode(Ltoba/classfile/Method;I)V >"	206	none
"< Application, Ltoba/jit/Intel86, SBB(Ljava/lang/Object;Ljava/lang/Object;)[B >"	37	some(23)
"< Application, Ltoba/runtime/CodeGen, hashAddrs(Ljava/lang/Class;[Ltoba/classfile/Field;)[J >"	13	some(6)
"< Application, Ltoba/jit/Intel86, encode(I)[B >"	4	some(9)
"< Application, Ltoba/translator/Repr, con(Ltoba/classfile/Method;Ltoba/classfile/Constant;)Ljava/lang/String; >"	49	some(56)
"< Application, Ltoba/translator/InsGen, igen(Ljava/io/PrintWriter;Ltoba/classfile/Method;Ltoba/classfile/Instr;)V >"	117	none
"< Application, Ltoba/Lister, main([Ljava/lang/String;)V >"	17	none
"< Application, Ltoba/translator/Trans, genmain(Ltoba/classfile/ClassData;)V >"	46	none
"< Application, Ltoba/classfile/ClassData, toString()Ljava/lang/String; >"	119	some(210)
"< Application, Ltoba/jit/MemoryRef, setRefSize(I)Ltoba/jit/MemoryRef; >"	12	some(1)
"< Application, Ltoba/classfile/Constant, readUTF(Ljava/io/DataInput;)Ljava/lang/String; >"	62	some(52)
"< Application, Ltoba/jit/MemoryRef, <init>(Ltoba/jit/Immediate;Ltoba/jit/Register;ILtoba/jit/Register;I)V >"	38	none
"< Application, Ltoba/jit/Intel86, RET()[B >"	1	some(5)
"< Application, Ltoba/jit/CodeBlock, evalBrCLREFLOAD(ILjava/lang/Object;)[B >"	1	some(6)
"< Application, Ltoba/classfile/ClassData, getmethod(Ljava/lang/String;Z)Ltoba/classfile/Field; >"	8	some(16)
"< Application, Ltoba/jit/Intel86, valSFlag(Ljava/lang/Object;)I >"	11	some(14)
"< Application, Ltoba/jit/Intel86, FUCOMPP()[B >"	1	some(6)
"< Application, Ltoba/runtime/CodeGen, classVariableOffsets([Ltoba/classfile/Field;)[I >"	21	some(6)
"< Application, Ltoba/classfile/MethodCode, resolveCode()V >"	4	none
"< Application, Ltoba/jit/Intel86, ADC(Ljava/lang/Object;Ljava/lang/Object;)[B >"	20	some(59)
"< Application, Ltoba/jit/JITCodeGen, emitBackJumpCall(Ltoba/classfile/Instr;)V >"	3	none
"< Application, Ltoba/jit/Intel86, CMP(Ljava/lang/Object;Ljava/lang/Object;)[B >"	20	some(60)
"< Application, Ltoba/classfile/Names, classfile(Ljava/lang/String;)Ljava/lang/String; >"	1	some(6)
"< Application, Ltoba/jit/MemoryRef, setScaleFactor(I)Ltoba/jit/MemoryRef; >"	26	some(1)
"< Application, Ltoba/jit/Intel86, checkOperand(Ljava/lang/Object;)I >"	5	some(5)
"< Application, Ltoba/jit/JITCodeGen, EmitCode(Ltoba/classfile/Method;I)V >"	130	none
"< Application, Ltoba/jit/CodeBlock, <init>(Ltoba/classfile/Method;I)V >"	26	none
"< Application, Ltoba/translator/InsGen, igen(Ljava/io/PrintWriter;Ltoba/classfile/Method;Ltoba/classfile/Instr;)V >"	1116	none
"< Application, Ltoba/jit/JITCodeGen, EmitCode(Ltoba/classfile/Method;I)V >"	243	none
"< Application, Ltoba/jit/Intel86, MOV(Ljava/lang/Object;Ljava/lang/Object;)[B >"	43	some(23)
"< Application, Ltoba/translator/InsGen, igen(Ljava/io/PrintWriter;Ltoba/classfile/Method;Ltoba/classfile/Instr;)V >"	293	none
"< Application, Ltoba/classfile/Method, sigscan()V >"	60	none
"< Application, Ltoba/runtime/CodeGen, superclasses(Ljava/lang/Class;Ljava/lang/Class;)[J >"	16	some(12)
"< Application, Ltoba/runtime/SystemClassLoader, systemLoadClass(Ljava/lang/String;Z)Ljava/lang/Class; >"	1	some(6)
"< Application, Ltoba/Lister, printname(Ljava/lang/String;)V >"	10	none
"< Application, Ltoba/jit/Intel86, SAR(Ljava/lang/Object;Ljava/lang/Object;)[B >"	23	some(42)
"< Application, Ltoba/classfile/Instr, i2([BI)I >"	6	some(12)
"< Application, Ltoba/classfile/FieldRef, <init>(Ltoba/classfile/ClassRef;Ljava/lang/String;Ljava/lang/String;)V >"	4	none
"< Application, Ltoba/jit/JITCodeGen, EmitCode(Ltoba/classfile/Method;I)V >"	1363	none
"< Application, Ltoba/jit/Intel86, valDFlag(Ljava/lang/Object;Ljava/lang/Object;)I >"	5	some(11)
"< Application, Ltoba/Lister, recursivelist(Ljava/lang/String;Ljava/lang/String;)V >"	4	none
"< Application, Ltoba/jit/Intel86, SHR(Ljava/lang/Object;Ljava/lang/Object;)[B >"	10	some(56)
"< Application, Ltoba/classfile/Field, equals(Ltoba/classfile/Field;)Z >"	16	some(8)
"< Application, Ltoba/classfile/Method, sigscan()V >"	64	none
"< Application, Ltoba/translator/Supers, load(Ltoba/classfile/ClassData;)V >"	32	none
"< Application, Ltoba/classfile/ClassFile, findInPath(Ljava/lang/String;Ljava/lang/String;Ljava/lang/String;)Ltoba/classfile/ClassFile; >"	1	some(5)
"< Application, Ltoba/classfile/Field, toString()Ljava/lang/String; >"	14	some(27)
"< Application, Ltoba/classfile/Instr, regtype(Ljava/lang/String;)C >"	3	some(7)
"< Application, Ltoba/classfile/MethodRef, findMethod(Ltoba/classfile/ClassData;)Ltoba/classfile/Field; >"	12	some(45)
"< Application, Ltoba/jit/Intel86, TEST(Ljava/lang/Object;Ljava/lang/Object;)[B >"	20	some(56)
"< Application, Ltoba/classfile/ClassData, forClass(Ljava/lang/Class;)Ltoba/classfile/ClassData; >"	10	some(17)
"< Application, Ltoba/runtime/Resolve, resolveClass(Ltoba/classfile/ClassData;Ljava/lang/ClassLoader;)V >"	61	none
"< Application, Ltoba/classfile/Names, idstring(Ljava/lang/String;)Z >"	14	some(15)
"< Application, Ltoba/runtime/ClassRT, getClassData(Ljava/lang/Class;)Ltoba/classfile/ClassData; >"	21	some(14)
"< Application, Ltoba/classfile/ClassData, <init>(Ljava/io/DataInputStream;)V >"	120	none
"< Application, Ltoba/jit/Intel86, CBW()[B >"	1	some(5)
"< Application, Ltoba/translator/CFile, methodref(Ljava/io/PrintWriter;Ltoba/classfile/ClassData;Ljava/lang/String;Z)V >"	9	none
"< Application, Ltoba/jit/Intel86, PUSH(Ljava/lang/Object;)[B >"	13	some(33)
"< Application, Ltoba/jit/Immediate, valFitsByte(IZ)Z >"	6	some(4)
"< Application, Ltoba/jit/Immediate, <init>(IIZ)V >"	4	none
"< Application, Ltoba/jit/Intel86, FMULP(Ljava/lang/Object;)[B >"	15	some(14)
"< Application, Ltoba/translator/ClassInstall, copy(Ljava/io/DataInputStream;Ljava/lang/String;)V >"	10	none
"< Application, Ltoba/classfile/Method, markvar(CI)V >"	8	none
"< Application, Ltoba/classfile/ClassRef, getRefClass(Ljava/lang/ClassLoader;)Ljava/lang/Class; >"	11	some(5)
"< Application, Ltoba/classfile/ClassFile, open(Ljava/lang/String;Ljava/lang/String;)Ltoba/classfile/ClassFile; >"	40	some(80)
"< Application, Ltoba/jit/MemoryRef, getIndexReg()Ltoba/jit/Register; >"	1	some(3)
"< Application, Ltoba/translator/CFile, <init>()V >"	1	none
"< Application, Ltoba/translator/Repr, <init>()V >"	1	none
"< Application, Ltoba/classfile/Instr, dump(Ljava/io/PrintWriter;[Ltoba/classfile/Instr;)V >"	12	none
"< Application, Ltoba/translator/HFile, ivfield(Ljava/io/PrintWriter;Ltoba/classfile/ClassData;)V >"	1	none
"< Application, Ltoba/jit/Intel86, LpushES(Ljava/lang/Object;Ljava/lang/Object;)[B >"	6	some(16)
"< Application, Ltoba/runtime/Supers, <init>()V >"	1	none
"< Application, Ltoba/jit/Intel86, ADD(Ljava/lang/Object;Ljava/lang/Object;)[B >"	20	some(56)
"< Application, Ltoba/classfile/Field, getVarFieldSize()I >"	3	some(4)
"< Application, Ltoba/translator/InsGen, igen(Ljava/io/PrintWriter;Ltoba/classfile/Method;Ltoba/classfile/Instr;)V >"	837	none
"< Application, Ltoba/classfile/Names, classref(Ljava/lang/String;)Ljava/lang/String; >"	6	some(27)
"< Application, Ltoba/classfile/VariableRef, findVariable(Ltoba/classfile/ClassData;)Ltoba/classfile/Field; >"	12	some(51)
"< Application, Ltoba/jit/Intel86, CMP(Ljava/lang/Object;Ljava/lang/Object;)[B >"	37	some(23)
"< Application, Ltoba/jit/Intel86, FISTP(Ljava/lang/Object;)[B >"	24	some(35)
"< Application, Ltoba/jit/CodeBlock, BV(Ljava/lang/String;I)I >"	33	some(23)
"< Application, Ltoba/jit/Intel86, SHR(Ljava/lang/Object;Ljava/lang/Object;)[B >"	31	some(31)
"< Application, Ltoba/classfile/ClassRef, findRefdClass(Ljava/lang/ClassLoader;)Ljava/lang/Class; >"	9	some(4)
"< Application, Ltoba/classfile/Opcode, <clinit>()V >"	204	none
"< Application, Ltoba/classfile/Names, baseclass(Ljava/lang/String;)Ljava/lang/String; >"	2	some(1)
"< Application, Ltoba/classfile/Names, classref(Ljava/lang/String;)Ljava/lang/String; >"	5	some(28)
"< Application, Ltoba/runtime/CodeGen, getGenerator()Ltoba/runtime/CodeGen; >"	1	some(2)
"< Application, Ltoba/translator/InsGen, igen(Ljava/io/PrintWriter;Ltoba/classfile/Method;Ltoba/classfile/Instr;)V >"	708	none
"< Application, Ltoba/jit/CodeBlock, evalBrFIELDLOAD(ILjava/lang/Object;)[B >"	1	some(6)
"< Application, Ltoba/jit/Intel86, IDIV(Ljava/lang/Object;)[B >"	15	some(19)
"< Application, Ltoba/jit/JITCodeGen, EmitCode(Ltoba/classfile/Method;I)V >"	1273	none
"< Application, Ltoba/translator/InsGen, igen(Ljava/io/PrintWriter;Ltoba/classfile/Method;Ltoba/classfile/Instr;)V >"	381	none
"< Application, Ltoba/translator/InsGen, invoke(Ljava/io/PrintWriter;Ltoba/classfile/Instr;Ltoba/classfile/MethodRef;Ljava/lang/String;)V >"	39	none
"< Application, Ltoba/runtime/CodeGen, setGenerator(Ltoba/runtime/CodeGen;)V >"	1	none
"< Application, Ltoba/jit/CodeBlock, nextByteOffs()I >"	1	some(3)
"< Application, Ltoba/jit/CodeBlock, evalBrLOADNatCl(ILjava/lang/Object;)[B >"	1	some(6)
"< Application, Ltoba/jit/Intel86, INC(Ljava/lang/Object;)[B >"	8	some(27)
"< Application, Ltoba/jit/CodeBlock, setLockCodeBytes(Z)Z >"	2	some(4)
"< Application, Ltoba/jit/JITCodeGen, EmitCode(Ltoba/classfile/Method;I)V >"	1337	none
"< Application, Ltoba/translator/CFile, gfloats(Ljava/io/PrintWriter;[Ltoba/classfile/Constant;)V >"	48	none
"< Application, Ltoba/jit/JITCodeGen, generateCode(Ljava/lang/Class;Ltoba/classfile/Method;)Ltoba/classfile/MethodCode; >"	62	some(128)
"< Application, Ltoba/jit/JITCodeGen, EmitCkInstance(Ltoba/classfile/Instr;Ltoba/classfile/ClassRef;)V >"	144	none
"< Application, Ltoba/classfile/Field, <init>(Ljava/io/DataInputStream;[Ltoba/classfile/Constant;)V >"	28	none
"< Application, Ltoba/translator/CFile, inters(Ljava/io/PrintWriter;Ltoba/classfile/ClassData;)V >"	32	none
"< Application, Ltoba/jit/JIT, usage()V >"	4	none
"< Application, Ltoba/classfile/Instr, regtype(Ljava/lang/String;)C >"	11	some(6)
"< Application, Ltoba/classfile/Pair, toString()Ljava/lang/String; >"	8	some(16)
"< Application, Ltoba/classfile/Names, idstring(Ljava/lang/String;)Z >"	4	some(3)
"< Application, Ltoba/jit/Intel86, SBB(Ljava/lang/Object;Ljava/lang/Object;)[B >"	20	some(60)
"< Application, Ltoba/translator/ClassInstall, mkdir(Ljava/lang/String;)V >"	15	none
"< Application, Ltoba/jit/Immediate, getSignExtend()Z >"	5	some(4)
"< Application, Ltoba/classfile/Names, classref(Ljava/lang/String;)Ljava/lang/String; >"	2	some(31)
"< Application, Ltoba/runtime/Supers, load(Ltoba/classfile/ClassData;Ljava/lang/ClassLoader;)V >"	22	none
"< Application, Ltoba/jit/CodeBlock, addWord(I)I >"	5	some(2)
"< Application, Ltoba/jit/Intel86, FNSTCW(Ljava/lang/Object;)[B >"	15	some(26)
"< Application, Ltoba/jit/Intel86, RELATIVE_JUMP(I)[B >"	3	some(9)
"< Application, Ltoba/translator/Repr, con(Ltoba/classfile/Method;Ltoba/classfile/Constant;)Ljava/lang/String; >"	6	some(102)
"< Application, Ltoba/jit/JITCodeGen, EmitCode(Ltoba/classfile/Method;I)V >"	727	none
"< Application, Ltoba/jit/Intel86, valWFlag(Ljava/lang/Object;)I >"	19	some(25)
"< Application, Ltoba/translator/Repr, emitCharData(Ljava/io/PrintWriter;Ljava/lang/String;)V >"	21	none
"< Application, Ltoba/classfile/Method, sigscan()V >"	56	none
"< Application, Ltoba/jit/JITCodeGen, EmitCode(Ltoba/classfile/Method;I)V >"	1188	none
"< Application, Ltoba/jit/Intel86, valFFlag(Ljava/lang/Object;)I >"	4	some(8)
"< Application, Ltoba/jit/JITCodeGen, EmitCkInstance(Ltoba/classfile/Instr;Ltoba/classfile/ClassRef;)V >"	7	none
"< Application, Ltoba/translator/Trans, <init>()V >"	1	none
"< Application, Ltoba/classfile/Names, classref(Ljava/lang/String;)Ljava/lang/String; >"	8	some(25)
"< Application, Ltoba/translator/HFile, declare(Ljava/io/PrintWriter;Ltoba/classfile/Field;Ljava/lang/String;)V >"	16	none
"< Application, Ltoba/jit/Intel86, peekEStackOffs(I)I >"	3	some(7)
"< Application, Ltoba/classfile/ClassData, <clinit>()V >"	8	none
"< Application, Ltoba/jit/Intel86, SUB(Ljava/lang/Object;Ljava/lang/Object;)[B >"	29	some(45)
"< Application, Ltoba/jit/CodeBlock, evalBrLOADCodeLbl(ILjava/lang/Object;)[B >"	1	some(6)
"< Application, Ltoba/jit/BackpatchInfo, getNext()Ltoba/jit/BackpatchInfo; >"	1	some(3)
"< Application, Ltoba/jit/Register, <init>(IZ)V >"	3	none
"< Application, Ltoba/jit/CodeBlock, evalBrACALL(I)[B >"	1	some(5)
"< Application, Ltoba/translator/CFile, cltables(Ljava/io/PrintWriter;Ltoba/classfile/ClassData;)V >"	171	none
"< Application, Ltoba/jit/MemoryRef, getDisplacement()I >"	5	some(7)
"< Application, Ltoba/jit/JITCodeGen, popIntoMemory(Ltoba/jit/Register;C)V >"	34	none
"< Application, Ltoba/translator/InsGen, igen(Ljava/io/PrintWriter;Ltoba/classfile/Method;Ltoba/classfile/Instr;)V >"	748	none
"< Application, Ltoba/classfile/VariableRef, findVariable(Ltoba/classfile/ClassData;)Ltoba/classfile/Field; >"	28	some(50)
"< Application, Ltoba/classfile/FieldRef, getField()Ltoba/classfile/Field; >"	11	some(6)
"< Application, Ltoba/jit/CodeBlock, dumpHex()V >"	45	none
"< Application, Ltoba/classfile/InterfaceRef, <init>(Ltoba/classfile/ClassRef;Ljava/lang/String;Ljava/lang/String;)V >"	1	none
"< Application, Ltoba/jit/Register, toString()Ljava/lang/String; >"	12	some(7)
"< Application, Ltoba/classfile/IHash, impls(Ltoba/classfile/ClassData;)Ljava/util/Vector; >"	16	some(3)
"< Application, Ltoba/jit/Intel86, POP(Ljava/lang/Object;)[B >"	13	some(13)
"< Application, Ltoba/jit/Intel86, PUSH(Ljava/lang/Object;)[B >"	8	some(44)
"< Application, Ltoba/runtime/CodeGen, instanceMethodAddrs(Ljava/lang/Class;[Ltoba/classfile/Field;I)[J >"	34	some(6)
"< Application, Ltoba/classfile/Constant, <clinit>()V >"	26	none
"< Application, Ltoba/jit/Intel86, FNSTSW()[B >"	1	some(6)
"< Application, Ltoba/translator/Repr, rettype(Ljava/lang/String;)Ljava/lang/String; >"	4	some(11)
"< Application, Ltoba/translator/Repr, ctype(C)Ljava/lang/String; >"	6	some(7)
"< Application, Ltoba/jit/JITCodeGen, EmitCode(Ltoba/classfile/Method;I)V >"	154	none
"< Application, Ltoba/translator/InsGen, ckinstance(Ltoba/classfile/Instr;Ljava/lang/String;)Ljava/lang/String; >"	2	some(100)
"< Application, Ltoba/classfile/Names, hashmethod(Ljava/lang/String;Ljava/lang/String;Ljava/lang/String;)Ljava/lang/String; >"	29	some(52)
"< Application, Ltoba/translator/Repr, ctype(C)Ljava/lang/String; >"	7	some(6)
"< Application, Ltoba/translator/ClassInstall, copy(Ljava/io/DataInputStream;Ljava/lang/String;)V >"	18	none
"< Application, Ltoba/runtime/CodeGen, referencedClasses(Ljava/lang/Class;Ljava/lang/ClassLoader;)[J >"	47	some(26)
"< Application, Ltoba/translator/CFile, constructor(Ljava/io/PrintWriter;Ltoba/classfile/ClassData;)V >"	4	none
"< Application, Ltoba/jit/Intel86, CALL(Ljava/lang/Object;)[B >"	20	some(16)
"< Application, Ltoba/translator/InsGen, igen(Ljava/io/PrintWriter;Ltoba/classfile/Method;Ltoba/classfile/Instr;)V >"	1118	none
"< Application, Ltoba/translator/Repr, ctype(C)Ljava/lang/String; >"	9	some(4)
"< Application, Ltoba/runtime/CodeGen, internStrings(Ljava/lang/Class;)[Ljava/lang/String; >"	32	some(21)
"< Application, Ltoba/classfile/Names, classref(Ljava/lang/String;)Ljava/lang/String; >"	4	some(29)
"< Application, Ltoba/translator/MethGen, parmdecls(Ltoba/classfile/Method;)Ljava/lang/String; >"	46	some(66)
"< Application, Ltoba/classfile/Method, sigscan()V >"	52	none
"< Application, Ltoba/jit/CodeBlock, setCodeClassLoader(Ljava/lang/ClassLoader;)V >"	1	none
"< Application, Ltoba/jit/Immediate, setImmSize(I)Ltoba/jit/Immediate; >"	11	some(10)
"< Application, Ltoba/jit/Intel86, MOV(Ljava/lang/Object;Ljava/lang/Object;)[B >"	24	some(65)
"< Application, Ltoba/classfile/ClassRef, resolveTo(Ljava/lang/Class;Ljava/lang/ClassLoader;)V >"	10	none
"< Application, Ltoba/jit/Intel86, XOR(Ljava/lang/Object;Ljava/lang/Object;)[B >"	20	some(60)
"< Application, Ltoba/jit/Intel86, SHL(Ljava/lang/Object;Ljava/lang/Object;)[B >"	23	some(42)
"< Application, Ltoba/jit/CodeBlock, setJumpFromNextInstr(Z)Z >"	2	some(4)
"< Application, Ltoba/jit/Intel86, JMP(Ljava/lang/Object;)[B >"	31	some(21)
"< Application, Ltoba/translator/Repr, isQuotable(C)Z >"	4	some(8)
"< Application, Ltoba/jit/Immediate, valFitsByte(IZ)Z >"	7	some(8)
"< Application, Ltoba/translator/InsGen, igen(Ljava/io/PrintWriter;Ltoba/classfile/Method;Ltoba/classfile/Instr;)V >"	180	none
"< Application, Ltoba/jit/Intel86, DEC(Ljava/lang/Object;)[B >"	8	some(28)
"< Application, Ltoba/classfile/IHash, <init>(Ltoba/classfile/ClassData;)V >"	111	none
"< Application, Ltoba/jit/Intel86, UNIMP(I)[B >"	1	some(6)
"< Application, Ltoba/jit/Intel86, LpopES(Ljava/lang/Object;Ljava/lang/Object;)[B >"	6	some(16)
"< Application, Ltoba/translator/InsGen, igen(Ljava/io/PrintWriter;Ltoba/classfile/Method;Ltoba/classfile/Instr;)V >"	480	none
"< Application, Ltoba/classfile/ClassData, buildMethodTables(Z)V >"	2	none
"< Application, Ltoba/runtime/ClassRT, getMethodTEnt(Ljava/lang/Class;Ltoba/classfile/Field;)J >"	7	some(12)
"< Application, Ltoba/jit/JIT, main([Ljava/lang/String;)V >"	67	none
"< Application, Ltoba/jit/Intel86, valWFlag(Ljava/lang/Object;Ljava/lang/Object;)I >"	8	some(9)
"< Application, Ltoba/translator/InsGen, igen(Ljava/io/PrintWriter;Ltoba/classfile/Method;Ltoba/classfile/Instr;)V >"	859	none
"< Application, Ltoba/jit/JITCodeGen, EmitCode(Ltoba/classfile/Method;I)V >"	656	none
"< Application, Ltoba/translator/InsGen, argindex(Ltoba/classfile/Instr;Ljava/lang/String;)I >"	10	some(13)
"< Application, Ltoba/jit/JITCodeGen, EmitCode(Ltoba/classfile/Method;I)V >"	845	none
"< Application, Ltoba/classfile/ClassData, getByNameLoader(Ljava/lang/String;Ljava/lang/ClassLoader;)Ltoba/classfile/ClassData; >"	9	some(13)
"< Application, Ltoba/jit/CodeBlock, reserveCode(ILtoba/classfile/Instr;Ljava/lang/Object;J)Ltoba/jit/BackpatchInfo; >"	47	some(33)
"< Application, Ltoba/classfile/ClassRef, toString()Ljava/lang/String; >"	1	some(3)
"< Application, Ltoba/classfile/MethodCode, getMethodEntry()J >"	1	some(3)
"< Application, Ltoba/translator/Trans, main([Ljava/lang/String;)V >"	33	none
"< Application, Ltoba/jit/Intel86, FpushES()[B >"	4	some(11)
"< Application, Ltoba/translator/CFile, hashgen(Ljava/io/PrintWriter;Ltoba/classfile/ClassData;)V >"	73	none
"< Application, Ltoba/jit/Intel86, SUB(Ljava/lang/Object;Ljava/lang/Object;)[B >"	37	some(23)
"< Application, Ltoba/classfile/Instr, argwords(Ljava/lang/String;)I >"	48	some(41)
"< Application, Ltoba/jit/Immediate, toString()Ljava/lang/String; >"	13	some(20)
"< Application, Ltoba/classfile/VariableRef, resolveWith(Ltoba/classfile/ClassData;)V >"	2	none
"< Application, Ltoba/classfile/Field, equals(Ltoba/classfile/Field;)Z >"	1	some(17)
"< Application, Ltoba/jit/Intel86, CMP(Ljava/lang/Object;Ljava/lang/Object;)[B >"	29	some(45)
"< Application, Ltoba/translator/Trans, foreign(Ljava/io/File;)Z >"	17	some(23)
"< Application, Ltoba/jit/JITCodeGen, pushFromMemory(Ltoba/jit/Register;C)V >"	30	none
"< Application, Ltoba/translator/Trans, foreign(Ljava/io/File;)Z >"	19	some(5)
"< Application, Ltoba/Lister, listSystemClasses()V >"	26	none
"< Application, Ltoba/classfile/Instr, <init>([BI[Ltoba/classfile/Constant;)V >"	175	none
"< Application, Ltoba/jit/Register, toString()Ljava/lang/String; >"	8	some(18)
"< Application, Ltoba/jit/Register, <clinit>()V >"	90	none
"< Application, Ltoba/translator/CFile, strref(Ltoba/classfile/Constant;)I >"	4	some(5)
"< Application, Ltoba/translator/Supers, <init>()V >"	1	none
"< Application, Ltoba/translator/HFile, ivfield(Ljava/io/PrintWriter;Ltoba/classfile/ClassData;)V >"	27	none
"< Application, Ltoba/translator/InsGen, stackvar(Ltoba/classfile/Instr;I)Ljava/lang/String; >"	19	some(30)
"< Application, Ltoba/jit/JITCodeGen, EmitCode(Ltoba/classfile/Method;I)V >"	103	none
"< Application, Ltoba/translator/Trans, doname(Ljava/lang/String;)V >"	150	none
"< Application, Ltoba/translator/InsGen, igen(Ljava/io/PrintWriter;Ltoba/classfile/Method;Ltoba/classfile/Instr;)V >"	937	none
"< Application, Ltoba/translator/InsGen, argindex(Ltoba/classfile/Instr;Ljava/lang/String;)I >"	12	some(17)
"< Application, Ltoba/jit/JITCodeGen, EmitCode(Ltoba/classfile/Method;I)V >"	990	none
"< Application, Ltoba/classfile/Instr, nextStack()Ljava/lang/String; >"	167	some(195)
"< Application, Ltoba/runtime/ClassRT, getMethodAddr(Ljava/lang/Class;Ltoba/classfile/Field;)J >"	2	some(7)
"< Application, Ltoba/classfile/Names, hashvar(Ljava/lang/String;)Ljava/lang/String; >"	6	some(1)
"< Application, Ltoba/translator/HFile, write(Ljava/io/PrintWriter;Ltoba/classfile/ClassData;)V >"	182	none
"< Application, Ltoba/classfile/Opcode, toString()Ljava/lang/String; >"	1	some(3)
"< Application, Ltoba/jit/Intel86, <clinit>()V >"	39	none
"< Application, Ltoba/jit/Intel86, OR(Ljava/lang/Object;Ljava/lang/Object;)[B >"	29	some(44)
"< Application, Ltoba/jit/CodeBlock, doBackPatch(Ltoba/jit/BackpatchInfo;)V >"	465	none
"< Application, Ltoba/runtime/CodeGen, instanceSize([Ltoba/classfile/Field;[I)I >"	3	some(39)
"< Application, Ltoba/jit/Intel86, makeByteArray(II)[B >"	5	some(6)
"< Application, Ltoba/translator/Repr, con(Ltoba/classfile/Method;Ltoba/classfile/Constant;)Ljava/lang/String; >"	19	some(93)
"< Application, Ltoba/jit/Intel86, PUSH(Ljava/lang/Object;)[B >"	17	some(26)
"< Application, Ltoba/jit/JITCodeGen, excOheadAddr(I)Ltoba/jit/MemoryRef; >"	10	some(4)
"< Application, Ltoba/jit/Intel86, tossEStackOffs(I)I >"	5	some(8)
"< Application, Ltoba/classfile/Method, toString()Ljava/lang/String; >"	10	some(17)
"< Application, Ltoba/classfile/ClassData, ivregister()V >"	14	none
"< Application, Ltoba/translator/MethGen, <init>()V >"	1	none
"< Application, Ltoba/jit/JITCodeGen, EmitCode(Ltoba/classfile/Method;I)V >"	671	none
"< Application, Ltoba/classfile/Names, baseclass(Ljava/lang/String;)Ljava/lang/String; >"	14	some(21)
"< Application, Ltoba/jit/Intel86, FILD(Ljava/lang/Object;)[B >"	16	some(49)
"< Application, Ltoba/jit/Intel86, LEA(Ljava/lang/Object;Ljava/lang/Object;)[B >"	10	some(18)
"< Application, Ltoba/runtime/Resolve, <clinit>()V >"	1	none
"< Application, Ltoba/classfile/Names, toba_getSRAS(Ljava/lang/String;)Ljava/io/InputStream; >"	52	some(6)
"< Application, Ltoba/jit/Intel86, SHL(Ljava/lang/Object;Ljava/lang/Object;)[B >"	10	some(56)
"< Application, Ltoba/jit/JITCodeGen, EmitExceptHandle(Ltoba/classfile/Method;)V >"	182	none
"< Application, Ltoba/translator/CFile, write(Ljava/io/PrintWriter;Ltoba/classfile/ClassData;)V >"	138	none
"< Application, Ltoba/translator/InsGen, igen(Ljava/io/PrintWriter;Ltoba/classfile/Method;Ltoba/classfile/Instr;)V >"	435	none
"< Application, Ltoba/translator/InsGen, igen(Ljava/io/PrintWriter;Ltoba/classfile/Method;Ltoba/classfile/Instr;)V >"	559	none
"< Application, Ltoba/translator/Trans, foreign(Ljava/io/File;)Z >"	16	some(5)
"< Application, Ltoba/classfile/Method, mark(ILjava/lang/String;I)V >"	110	none
"< Application, Ltoba/jit/CodeBlock, addByte(B)B >"	5	some(2)
"< Application, Ltoba/classfile/Names, toba_getSRAS(Ljava/lang/String;)Ljava/io/InputStream; >"	29	some(44)
"< Application, Ltoba/jit/CodeBlock, resolveCode()V >"	132	none
"< Application, Ltoba/jit/Intel86, valFFlag(Ljava/lang/Object;)I >"	3	some(7)
"< Application, Ltoba/jit/Intel86, TestIntel86([Ljava/lang/String;)V >"	10	none
"< Application, Ltoba/jit/JITCodeGen, EmitCode(Ltoba/classfile/Method;I)V >"	198	none
"< Application, Ltoba/jit/JITCodeGen, EmitCode(Ltoba/classfile/Method;I)V >"	789	none
"< Application, Ltoba/jit/JITCodeGen, EmitRetvalStore(Ltoba/classfile/FieldRef;)V >"	16	none
"< Application, Ltoba/translator/CFile, constructor(Ljava/io/PrintWriter;Ltoba/classfile/ClassData;)V >"	8	none
"< Application, Ltoba/jit/Immediate, clone()Ljava/lang/Object; >"	5	some(3)
"< Application, Ltoba/jit/JITCodeGen, EmitBinOp(Ltoba/classfile/Instr;)V >"	279	none
"< Application, Ltoba/jit/JITCodeGen, EmitUnOp(Ltoba/classfile/Instr;)V >"	203	none
"< Application, Ltoba/jit/Intel86, ADC(Ljava/lang/Object;Ljava/lang/Object;)[B >"	29	some(44)
"< Application, Ltoba/translator/InsGen, ancestor(Ltoba/classfile/ClassData;Ljava/lang/String;)Z >"	8	some(8)
"< Application, Ltoba/classfile/Field, isInArray([Ltoba/classfile/Field;)Z >"	9	some(13)
"< Application, Ltoba/jit/Intel86, getEStackDepth()I >"	4	some(7)
"< Application, Ltoba/runtime/Supers, load(Ltoba/classfile/ClassData;Ljava/lang/ClassLoader;)V >"	2	none
"< Application, Ltoba/jit/Immediate, setImmSize(I)Ltoba/jit/Immediate; >"	2	some(1)
"< Application, Ltoba/jit/Intel86, FRNDINT()[B >"	1	some(6)
"< Application, Ltoba/jit/JITCodeGen, EmitUnOp(Ltoba/classfile/Instr;)V >"	215	none
"< Application, Ltoba/translator/InsGen, assign(Ltoba/classfile/Instr;)Ljava/lang/String; >"	13	some(25)
"< Application, Ltoba/classfile/Method, sigscan()V >"	66	none
"< Application, Ltoba/classfile/MethodRef, resolveWith(Ltoba/classfile/ClassData;)V >"	2	none
"< Application, Ltoba/translator/InsGen, igen(Ljava/io/PrintWriter;Ltoba/classfile/Method;Ltoba/classfile/Instr;)V >"	17	none
"< Application, Ltoba/translator/InsGen, ckinstance(Ltoba/classfile/Instr;Ljava/lang/String;)Ljava/lang/String; >"	20	some(99)
"< Application, Ltoba/jit/JITCodeGen, EmitUnOp(Ltoba/classfile/Instr;)V >"	210	none
"< Application, Ltoba/jit/Register, isFPReg()Z >"	1	some(3)
"< Application, Ltoba/classfile/Handler, <init>(IIILtoba/classfile/ClassRef;)V >"	5	none
"< Application, Ltoba/jit/JITCodeGen, EmitCode(Ltoba/classfile/Method;I)V >"	1415	none
"< Application, Ltoba/classfile/Attribute, toString()Ljava/lang/String; >"	10	some(19)
"< Application, Ltoba/jit/JITCodeGen, popIntoMemory(Ltoba/jit/Register;C)V >"	40	none
"< Application, Ltoba/translator/InsGen, igen(Ljava/io/PrintWriter;Ltoba/classfile/Method;Ltoba/classfile/Instr;)V >"	60	none
"< Application, Ltoba/translator/InsGen, stackAt(Ltoba/classfile/Instr;I)Ljava/lang/String; >"	12	some(21)
"< Application, Ltoba/jit/JITCodeGen, EmitSyncWrapper(Ltoba/classfile/Method;)V >"	437	none
"< Application, Ltoba/jit/CodeBlock, reserveCode(ILtoba/classfile/Instr;Ljava/lang/Object;Ljava/lang/Object;)Ltoba/jit/BackpatchInfo; >"	47	some(32)
"< Application, Ltoba/translator/InsGen, igen(Ljava/io/PrintWriter;Ltoba/classfile/Method;Ltoba/classfile/Instr;)V >"	1038	none
"< Application, Ltoba/translator/CFile, strref(Ltoba/classfile/Constant;)I >"	20	some(7)
"< Application, Ltoba/translator/Repr, simplefloat(D)Z >"	8	some(5)
"< Application, Ltoba/jit/Intel86, pokeES(ILjava/lang/Object;)[B >"	3	some(10)
"< Application, Ltoba/jit/Immediate, getValue()I >"	1	some(3)
"< Application, Ltoba/classfile/ClassData, addByNameLoader(Ljava/lang/String;Ljava/lang/ClassLoader;Ltoba/classfile/ClassData;)V >"	13	none
"< Application, Ltoba/classfile/Method, setMethodCode(Ltoba/classfile/MethodCode;)Ltoba/classfile/MethodCode; >"	6	some(2)
"< Application, Ltoba/jit/Intel86, OpType(Ljava/lang/Object;)I >"	8	some(22)
"< Application, Ltoba/runtime/Supers, resolveIfaceRefs(Ltoba/classfile/ClassData;Ljava/lang/ClassLoader;)V >"	14	none
"< Application, Ltoba/translator/InsGen, igen(Ljava/io/PrintWriter;Ltoba/classfile/Method;Ltoba/classfile/Instr;)V >"	972	none
"< Application, Ltoba/jit/CodeBlock, setLittleEndian(Z)Z >"	2	some(4)
"< Application, Ltoba/jit/JITCodeGen, EmitCode(Ltoba/classfile/Method;I)V >"	505	none
"< Application, Ltoba/jit/JITCodeGen, EmitCode(Ltoba/classfile/Method;I)V >"	862	none
"< Application, Ltoba/classfile/Instr, i4([BI)I >"	16	some(26)
"< Application, Ltoba/jit/Intel86, PrefixOPSIZE()[B >"	1	some(5)
"< Application, Ltoba/jit/JITCodeGen, EmitRetvalStore(Ltoba/classfile/FieldRef;)V >"	8	none
"< Application, Ltoba/translator/InsGen, igen(Ljava/io/PrintWriter;Ltoba/classfile/Method;Ltoba/classfile/Instr;)V >"	1162	none
"< Application, Ltoba/jit/JITCodeGen, EmitCode(Ltoba/classfile/Method;I)V >"	988	none
"< Application, Ltoba/jit/Immediate, getImmSize()I >"	1	some(3)
"< Application, Ltoba/jit/JITCodeGen, EmitCode(Ltoba/classfile/Method;I)V >"	860	none
"< Application, Ltoba/jit/MemoryRef, toString()Ljava/lang/String; >"	35	some(51)
"< Application, Ltoba/classfile/Constant, load(Ljava/io/DataInputStream;)[Ltoba/classfile/Constant; >"	170	some(5)
"< Application, Ltoba/Lister, printname(Ljava/lang/String;)V >"	8	none
"< Application, Ltoba/jit/MemoryRef, <init>(Ltoba/jit/Immediate;Ltoba/jit/Register;)V >"	1	none
"< Application, Ltoba/translator/Repr, ctype(C)Ljava/lang/String; >"	2	some(11)
"< Application, Ltoba/classfile/Names, idchar(C)Z >"	7	some(8)
"< Application, Ltoba/classfile/MethodCode, setMethodType(I)I >"	2	some(4)
"< Application, Ltoba/jit/JITCodeGen, SummarizeInstrumentation()V >"	3	none
"< Application, Ltoba/jit/Intel86, CWD()[B >"	1	some(5)
"< Application, Ltoba/classfile/Method, sigscan()V >"	68	none
"< Application, Ltoba/translator/InsGen, igen(Ljava/io/PrintWriter;Ltoba/classfile/Method;Ltoba/classfile/Instr;)V >"	344	none
"< Application, Ltoba/classfile/ClassRef, findRefdClass(Ljava/lang/ClassLoader;)Ljava/lang/Class; >"	2	some(10)
"< Application, Ltoba/jit/Intel86, peekES(ILjava/lang/Object;)[B >"	3	some(10)
"< Application, Ltoba/jit/JITCodeGen, generateCode(Ljava/lang/Class;Ltoba/classfile/Method;)Ltoba/classfile/MethodCode; >"	117	some(63)
"< Application, Ltoba/runtime/SystemClassLoader, loadPrimitiveClass(C)Ljava/lang/Class; >"	25	some(29)
"< Application, Ltoba/runtime/Resolve, resolveClassRef(Ltoba/classfile/ClassRef;Ljava/lang/ClassLoader;)V >"	5	none
"< Application, Ltoba/classfile/Instr, regtype(Ljava/lang/String;)C >"	6	some(7)
"< Application, Ltoba/jit/Intel86, FLDCW(Ljava/lang/Object;)[B >"	15	some(26)
"< Application, Ltoba/classfile/Method, sigscan()V >"	58	none
"< Application, Ltoba/translator/InsGen, gengoto(Ljava/io/PrintWriter;Ltoba/classfile/Method;Ltoba/classfile/Instr;I)V >"	22	none
"< Application, Ltoba/jit/Intel86, OR(Ljava/lang/Object;Ljava/lang/Object;)[B >"	20	some(59)
"< Application, Ltoba/jit/Intel86, makeModRM(Ljava/lang/Object;Ljava/lang/Object;)[B >"	239	some(256)
"< Application, Ltoba/jit/JITCodeGen, EmitCode(Ltoba/classfile/Method;I)V >"	1160	none
"< Application, Ltoba/jit/Immediate, setImmSize(I)Ltoba/jit/Immediate; >"	36	some(11)
"< Application, Ltoba/classfile/Instr, argstring(Ljava/lang/String;)Ljava/lang/String; >"	49	some(55)
"< Application, Ltoba/jit/Intel86, AND(Ljava/lang/Object;Ljava/lang/Object;)[B >"	29	some(45)
"< Application, Ltoba/jit/CodeBlock, storeWord(II)I >"	58	some(2)
"< Application, Ltoba/translator/MethGen, minfo(Ljava/io/PrintWriter;Ltoba/classfile/Method;)V >"	46	none
"< Application, Ltoba/jit/Intel86, LOAD_REG(ILjava/lang/Object;)[B >"	3	some(10)
"< Application, Ltoba/jit/Intel86, INC(Ljava/lang/Object;)[B >"	14	some(21)
"< Application, Ltoba/classfile/Names, classref(Ljava/lang/String;)Ljava/lang/String; >"	19	some(23)
"< Application, Ltoba/translator/Repr, ctype(C)Ljava/lang/String; >"	5	some(8)
"< Application, Ltoba/translator/InsGen, igen(Ljava/io/PrintWriter;Ltoba/classfile/Method;Ltoba/classfile/Instr;)V >"	72	none
"< Application, Ltoba/runtime/CodeGen, staticMethodAddrs(Ljava/lang/Class;[Ltoba/classfile/Field;)[J >"	24	some(6)
"< Application, Ltoba/classfile/Opcode, <init>()V >"	1	none
"< Application, Ltoba/jit/Intel86, makeByteArray(Ltoba/jit/Immediate;)[B >"	47	some(51)
"< Application, Ltoba/translator/InsGen, igen(Ljava/io/PrintWriter;Ltoba/classfile/Method;Ltoba/classfile/Instr;)V >"	141	none
"< Application, Ltoba/jit/CodeBlock, backpatchCode()V >"	8	none
"< Application, Ltoba/jit/Intel86, FLD(Ljava/lang/Object;)[B >"	15	some(26)
"< Application, Ltoba/classfile/IHash, collisions(Ljava/util/Vector;I)I >"	20	some(24)
"< Application, Ltoba/jit/Immediate, setBestImmSize()Ltoba/jit/Immediate; >"	7	some(1)
"< Application, Ltoba/translator/InsGen, stacktop(Ltoba/classfile/Instr;)Ljava/lang/String; >"	12	some(21)
