"< Application, Ltoba/classfile/Method, max_stack, <Primordial,I> >"
"< Application, Ltoba/classfile/ClassData, access, <Primordial,I> >"
"< Application, Ltoba/jit/Immediate, imNB1, <Application,Ltoba/jit/Immediate> >"
"< Application, Ltoba/classfile/ClassFile, dir, <Application,Ljava/lang/String> >"
"< Application, Ltoba/jit/MemoryRef, sfbits, <Primordial,I> >"
"< Application, Ltoba/jit/CodeBlock, instrToByteOffs, <Primordial,[I> >"
"< Application, Ltoba/classfile/Opcode, push, <Application,Ljava/lang/String> >"
"< Application, Ltoba/jit/BackpatchInfo, lv, <Primordial,J> >"
"< Application, Ltoba/jit/Intel86, eStackBase, <Primordial,I> >"
"< Application, Ltoba/classfile/ClassData, myRef, <Application,Ltoba/classfile/ClassRef> >"
"< Application, Ltoba/jit/CodeBlock, maxCodeBytes, <Primordial,I> >"
"< Application, Ltoba/classfile/ClassData, fields, <Application,[Ltoba/classfile/Field> >"
"< Application, Ltoba/classfile/MethodCode, compileTime, <Primordial,I> >"
"< Application, Ltoba/classfile/Method, cl, <Application,Ltoba/classfile/ClassData> >"
"< Application, Ltoba/jit/BackpatchInfo, isDone, <Primordial,Z> >"
"< Application, Ltoba/classfile/Instr, before, <Application,Ljava/lang/String> >"
"< Application, Ltoba/classfile/Field, attributes, <Application,[Ltoba/classfile/Attribute> >"
"< Application, Ltoba/classfile/Instr, succ, <Application,Ltoba/classfile/Instr> >"
"< Application, Ltoba/classfile/Field, tableslot, <Primordial,I> >"
"< Application, Ltoba/classfile/Method, handlers, <Application,[Ltoba/classfile/Handler> >"
"< Application, Ltoba/classfile/FieldRef, signature, <Application,Ljava/lang/String> >"
"< Application, Ltoba/jit/CodeBlock, myGenerator, <Application,Ltoba/runtime/CodeGen> >"
"< Application, Ltoba/jit/Immediate, imNB4, <Application,Ltoba/jit/Immediate> >"
"< Application, Ltoba/classfile/Opcode, name, <Application,Ljava/lang/String> >"
"< Application, Ltoba/classfile/Handler, type, <Application,Ltoba/classfile/ClassRef> >"
"< Application, Ltoba/classfile/ClassFile, path, <Application,Ljava/lang/String> >"
"< Application, Ltoba/classfile/ClassData, methods, <Application,[Ltoba/classfile/Field> >"
"< Application, Ltoba/classfile/Constant, tag, <Primordial,I> >"
"< Application, Ltoba/classfile/Instr, opcode, <Application,Ltoba/classfile/Opcode> >"
"< Application, Ltoba/classfile/ClassData, attributes, <Application,[Ltoba/classfile/Attribute> >"
"< Application, Ltoba/classfile/FieldRef, refField, <Application,Ltoba/classfile/Field> >"
"< Application, Ltoba/classfile/Attribute, name, <Application,Ljava/lang/String> >"
"< Application, Ltoba/classfile/Field, tableObj, <Application,Ljava/lang/Object> >"
"< Application, Ltoba/jit/CodeBlock, handlerTableAddress, <Primordial,J> >"
"< Application, Ltoba/jit/JITCodeGen, overheadSize, <Primordial,I> >"
"< Application, Ltoba/classfile/ClassData, state, <Primordial,I> >"
"< Application, Ltoba/jit/JITCodeGen, overheadOffs, <Primordial,I> >"
"< Application, Ltoba/classfile/Constant, value, <Application,Ljava/lang/Object> >"
"< Application, Ltoba/jit/Register, isfpreg, <Primordial,Z> >"
"< Application, Ltoba/classfile/ClassData, major, <Primordial,I> >"
"< Application, Ltoba/jit/CodeBlock, codeBytes, <Primordial,[B> >"
"< Application, Ltoba/classfile/Instr, pc, <Primordial,I> >"
"< Application, Ltoba/jit/MemoryRef, scalefact, <Primordial,I> >"
"< Application, Ltoba/classfile/Opcode, length, <Primordial,I> >"
"< Application, Ltoba/jit/CodeBlock, epilogOffs, <Primordial,I> >"
"< Application, Ltoba/classfile/ClassFile, file, <Application,Ljava/io/File> >"
"< Application, Ltoba/classfile/Method, lblmap, <Primordial,[S> >"
"< Application, Ltoba/jit/BackpatchInfo, or, <Application,Ljava/lang/Object> >"
"< Application, Ltoba/classfile/Method, instrs, <Application,[Ltoba/classfile/Instr> >"
"< Application, Ltoba/jit/BackpatchInfo, ins, <Application,Ltoba/classfile/Instr> >"
"< Application, Ltoba/classfile/Opcode, pop, <Primordial,I> >"
"< Application, Ltoba/jit/CodeBlock, checkWordAlign, <Primordial,Z> >"
"< Application, Ltoba/jit/CodeBlock, localHandlerTarget, <Primordial,I> >"
"< Application, Ltoba/classfile/Opcode, kind, <Primordial,I> >"
"< Application, Ltoba/classfile/ClassData, symtab, <Application,Ljava/util/Hashtable> >"
"< Application, Ltoba/classfile/Constant, index, <Primordial,I> >"
"< Application, Ltoba/classfile/MethodCode, isResolved, <Primordial,Z> >"
"< Application, Ltoba/classfile/Instr, more, <Primordial,[I> >"
"< Application, Ltoba/classfile/Instr, val, <Primordial,I> >"
"< Application, Ltoba/classfile/Method, mtcode, <Application,Ltoba/classfile/MethodCode> >"
"< Application, Ltoba/classfile/Instr, isBoundary, <Primordial,Z> >"
"< Application, Ltoba/jit/CodeBlock, syncwrap_bpi, <Application,Ltoba/jit/BackpatchInfo> >"
"< Application, Ltoba/classfile/MethodCode, mtentry, <Primordial,J> >"
"< Application, Ltoba/classfile/Instr, con, <Application,Ltoba/classfile/Constant> >"
"< Application, Ltoba/jit/Register, regid, <Primordial,I> >"
"< Application, Ltoba/jit/JITCodeGen, frame_size, <Primordial,I> >"
"< Application, Ltoba/jit/Immediate, signext, <Primordial,Z> >"
"< Application, Ltoba/classfile/Pair, i1, <Primordial,I> >"
"< Application, Ltoba/jit/MemoryRef, displacement, <Application,Ltoba/jit/Immediate> >"
"< Application, Ltoba/jit/CodeBlock, bpinfo, <Application,Ltoba/jit/BackpatchInfo> >"
"< Application, Ltoba/classfile/ClassData, minor, <Primordial,I> >"
"< Application, Ltoba/classfile/ClassRef, loadedRefdClasses, <Application,Ljava/util/Hashtable> >"
"< Application, Ltoba/classfile/MethodCode, resolveTime, <Primordial,I> >"
"< Application, Ltoba/classfile/Instr, isTarget, <Primordial,Z> >"
"< Application, Ltoba/classfile/ClassData, ivtable, <Application,[Ltoba/classfile/Field> >"
"< Application, Ltoba/classfile/Handler, end, <Primordial,I> >"
"< Application, Ltoba/classfile/Opcode, code, <Primordial,I> >"
"< Application, Ltoba/classfile/ClassRef, name, <Application,Ljava/lang/String> >"
"< Application, Ltoba/classfile/FieldRef, name, <Application,Ljava/lang/String> >"
"< Application, Ltoba/jit/JITCodeGen, useBinarySetjmp, <Primordial,Z> >"
"< Application, Ltoba/classfile/ClassData, javaClass, <Application,Ljava/lang/Class> >"
"< Application, Ltoba/classfile/ClassData, name, <Application,Ljava/lang/String> >"
"< Application, Ltoba/classfile/MethodCode, method, <Application,Ltoba/classfile/Method> >"
"< Application, Ltoba/jit/MemoryRef, indexreg, <Application,Ltoba/jit/Register> >"
"< Application, Ltoba/classfile/Opcode, opr, <Application,Ljava/lang/String> >"
"< Application, Ltoba/jit/JITCodeGen, code, <Application,Ltoba/jit/Intel86> >"
"< Application, Ltoba/classfile/Method, oflags, <Primordial,I> >"
"< Application, Ltoba/classfile/Field, access, <Primordial,I> >"
"< Application, Ltoba/classfile/Field, classfilePos, <Primordial,I> >"
"< Application, Ltoba/classfile/ClassData, supername, <Application,Ljava/lang/String> >"
"< Application, Ltoba/classfile/Method, rstack, <Application,Ljava/lang/String> >"
"< Application, Ltoba/jit/CodeBlock, lockCodeBytes, <Primordial,Z> >"
"< Application, Ltoba/jit/CodeBlock, codeClassLoader, <Application,Ljava/lang/ClassLoader> >"
"< Application, Ltoba/jit/MemoryRef, basereg, <Application,Ltoba/jit/Register> >"
"< Application, Ltoba/jit/JITCodeGen, instrcounts, <Primordial,[I> >"
"< Application, Ltoba/classfile/Method, fl, <Application,Ltoba/classfile/Field> >"
"< Application, Ltoba/classfile/ClassData, cvtable, <Application,[Ltoba/classfile/Field> >"
"< Application, Ltoba/classfile/ClassData, imtable, <Application,[Ltoba/classfile/Field> >"
"< Application, Ltoba/classfile/Handler, start, <Primordial,I> >"
"< Application, Ltoba/classfile/ClassRef, refClass, <Application,Ljava/lang/Class> >"
"< Application, Ltoba/classfile/ClassData, fname, <Application,Ljava/lang/String> >"
"< Application, Ltoba/classfile/Pair, i2, <Primordial,I> >"
"< Application, Ltoba/classfile/ClassData, superclass, <Application,Ltoba/classfile/ClassData> >"
"< Application, Ltoba/classfile/Field, next, <Application,Ltoba/classfile/Field> >"
"< Application, Ltoba/jit/JITCodeGen, icaddr, <Primordial,J> >"
"< Application, Ltoba/classfile/Method, exthrown, <Application,[Ltoba/classfile/ClassRef> >"
"< Application, Ltoba/classfile/Method, numLabels, <Primordial,I> >"
"< Application, Ltoba/classfile/ClassData, smtable, <Application,[Ltoba/classfile/Field> >"
"< Application, Ltoba/classfile/ClassData, cname, <Application,Ljava/lang/String> >"
"< Application, Ltoba/jit/CodeBlock, jumpFromNextInstr, <Primordial,Z> >"
"< Application, Ltoba/classfile/Field, signature, <Application,Ljava/lang/String> >"
"< Application, Ltoba/jit/Immediate, nbytes, <Primordial,I> >"
"< Application, Ltoba/classfile/Method, pcmap, <Primordial,[S> >"
"< Application, Ltoba/jit/JITCodeGen, useScoutThreadPreemption, <Primordial,Z> >"
"< Application, Ltoba/jit/MemoryRef, refsize, <Primordial,I> >"
"< Application, Ltoba/classfile/MethodCode, stbentry, <Primordial,J> >"
"< Application, Ltoba/classfile/Method, astack, <Application,Ljava/lang/String> >"
"< Application, Ltoba/jit/BackpatchInfo, loffs, <Primordial,I> >"
"< Application, Ltoba/classfile/FieldRef, cl, <Application,Ltoba/classfile/ClassRef> >"
"< Application, Ltoba/jit/CodeBlock, numCodeBytes, <Primordial,I> >"
"< Application, Ltoba/classfile/Field, hashcode, <Primordial,I> >"
"< Application, Ltoba/classfile/Attribute, data, <Primordial,[B> >"
"< Application, Ltoba/classfile/ClassData, cdsrc, <Primordial,I> >"
"< Application, Ltoba/jit/CodeBlock, allNativeCode, <Primordial,Z> >"
"< Application, Ltoba/classfile/Method, max_locals, <Primordial,I> >"
"< Application, Ltoba/classfile/Field, overrides, <Primordial,I> >"
"< Application, Ltoba/classfile/Opcode, flags, <Primordial,I> >"
"< Application, Ltoba/jit/BackpatchInfo, next, <Application,Ltoba/jit/BackpatchInfo> >"
"< Application, Ltoba/classfile/IHash, mask, <Primordial,I> >"
"< Application, Ltoba/classfile/IHash, hlist, <Application,[Ltoba/classfile/Field> >"
"< Application, Ltoba/classfile/Handler, jump, <Primordial,I> >"
"< Application, Ltoba/classfile/ClassFile, zipfile, <Application,Ljava/util/zip/ZipFile> >"
"< Application, Ltoba/classfile/Method, code, <Primordial,[B> >"
"< Application, Ltoba/classfile/Instr, after, <Application,Ljava/lang/String> >"
"< Application, Ltoba/classfile/Instr, isReached, <Primordial,Z> >"
"< Application, Ltoba/classfile/ClassData, visiblevars, <Application,Ljava/util/Hashtable> >"
"< Application, Ltoba/jit/Intel86, eStackOffs, <Primordial,I> >"
"< Application, Ltoba/jit/Immediate, value, <Primordial,I> >"
"< Application, Ltoba/classfile/Field, cname, <Application,Ljava/lang/String> >"
"< Application, Ltoba/classfile/Instr, xseg, <Primordial,I> >"
"< Application, Ltoba/classfile/Instr, label, <Primordial,I> >"
"< Application, Ltoba/classfile/MethodCode, itype, <Primordial,I> >"
"< Application, Ltoba/jit/BackpatchInfo, brtype, <Primordial,I> >"
"< Application, Ltoba/jit/CodeBlock, nBackPatches, <Primordial,I> >"
"< Application, Ltoba/classfile/ClassData, constants, <Application,[Ltoba/classfile/Constant> >"
"< Application, Ltoba/classfile/Instr, length, <Primordial,I> >"
"< Application, Ltoba/classfile/Field, name, <Application,Ljava/lang/String> >"
"< Application, Ltoba/classfile/Opcode, var, <Primordial,I> >"
"< Application, Ltoba/runtime/SystemClassLoader, cache, <Application,Ljava/util/Hashtable> >"
"< Application, Ltoba/jit/BackpatchInfo, inseqlen, <Primordial,I> >"
"< Application, Ltoba/jit/BackpatchInfo, treg, <Application,Ljava/lang/Object> >"
"< Application, Ltoba/jit/CodeBlock, littleEndian, <Primordial,Z> >"
"< Application, Ltoba/classfile/ClassData, interfaces, <Application,[Ltoba/classfile/ClassRef> >"
