"< Application, Ltoba/Lister, closeClassList([Ljava/lang/String;I)V >"	56	78
"< Application, Ltoba/runtime/Resolve, resolveClassName(Ljava/lang/String;Ljava/lang/ClassLoader;)Ljava/lang/Class; >"	24	26
"< Application, Ltoba/runtime/CodeGen, defineClass(Ljava/lang/ClassLoader;Ljava/io/DataInputStream;)Ljava/lang/Class; >"	3	18
"< Application, Ltoba/jit/Intel86, JMPn(Ljava/lang/Object;)[B >"	2	5
"< Application, Ltoba/Lister, printname(Ljava/lang/String;)V >"	9	19
"< Application, Ltoba/runtime/CodeGen, defineClass(Ljava/lang/ClassLoader;Ljava/io/DataInputStream;)Ljava/lang/Class; >"	13	8
"< Application, Ltoba/Lister, listSystemClasses()V >"	27	58
"< Application, Ltoba/classfile/Method, <init>(Ltoba/classfile/ClassData;Ltoba/classfile/Field;)V >"	143	240
"< Application, Ltoba/translator/Trans, doname(Ljava/lang/String;)V >"	35	57
"< Application, Ltoba/translator/CFile, emitStaticFinalInit(Ljava/io/PrintWriter;Ltoba/classfile/ClassData;)Z >"	12	21
"< Application, Ltoba/jit/Intel86, Jcc(ILjava/lang/Object;)[B >"	2	6
"< Application, Ltoba/jit/Intel86, FISTP(Ljava/lang/Object;)[B >"	2	5
"< Application, Ltoba/runtime/ClassRT, getClassData(Ljava/lang/Class;)Ltoba/classfile/ClassData; >"	10	40
"< Application, Ltoba/translator/Trans, doname(Ljava/lang/String;)V >"	98	138
"< Application, Ltoba/translator/Trans, doname(Ljava/lang/String;)V >"	109	154
"< Application, Ltoba/classfile/Names, toba_getSRAS(Ljava/lang/String;)Ljava/io/InputStream; >"	46	58
"< Application, Ltoba/jit/Intel86, FNSTCW(Ljava/lang/Object;)[B >"	2	5
"< Application, Ltoba/translator/CFile, write(Ljava/io/PrintWriter;Ltoba/classfile/ClassData;)V >"	115	124
"< Application, Ltoba/translator/Trans, foreign(Ljava/io/File;)Z >"	18	22
"< Application, Ltoba/translator/Trans, doname(Ljava/lang/String;)V >"	46	74
"< Application, Ltoba/runtime/ClassRT, getClassData(Ljava/lang/Class;)Ltoba/classfile/ClassData; >"	22	29
"< Application, Ltoba/jit/Intel86, Jccn(ILjava/lang/Object;)[B >"	2	6
"< Application, Ltoba/runtime/ClassRT, getClassData(Ljava/lang/Class;)Ltoba/classfile/ClassData; >"	27	24
"< Application, Ltoba/classfile/ClassFile, find(Ljava/lang/String;)Ltoba/classfile/ClassFile; >"	45	36
"< Application, Ltoba/classfile/IHash, hashlist(Ljava/lang/ClassLoader;Ltoba/classfile/ClassRef;)[I >"	21	12
"< Application, Ltoba/classfile/ClassFile, open(Ljava/lang/String;Ljava/lang/String;)Ltoba/classfile/ClassFile; >"	44	83
"< Application, Ltoba/InstallClassFile, main([Ljava/lang/String;)V >"	41	55
"< Application, Ltoba/jit/Intel86, FLD(Ljava/lang/Object;)[B >"	2	5
"< Application, Ltoba/jit/Intel86, FSTP(Ljava/lang/Object;)[B >"	2	5
"< Application, Ltoba/jit/Intel86, FILD(Ljava/lang/Object;)[B >"	2	5
"< Application, Ltoba/classfile/Names, toba_getSRAS(Ljava/lang/String;)Ljava/io/InputStream; >"	33	46
"< Application, Ltoba/translator/Trans, doname(Ljava/lang/String;)V >"	14	24
"< Application, Ltoba/classfile/ClassFile, find(Ljava/lang/String;)Ltoba/classfile/ClassFile; >"	36	27
"< Application, Ltoba/classfile/InterfaceRef, findInterface(Ltoba/classfile/ClassData;)Ltoba/classfile/Field; >"	2	6
"< Application, Ltoba/jit/Intel86, TestIntel86([Ljava/lang/String;)V >"	9	134
"< Application, Ltoba/translator/ClassInstall, copy(Ljava/io/DataInputStream;Ljava/lang/String;)V >"	12	18
"< Application, Ltoba/jit/Intel86, FLDCW(Ljava/lang/Object;)[B >"	2	5
"< Application, Ltoba/translator/Trans, oopen(Ltoba/classfile/ClassData;Ljava/lang/String;I)Ljava/io/PrintWriter; >"	45	70
"< Application, Ltoba/translator/Trans, doname(Ljava/lang/String;)V >"	26	45
"< Application, Ltoba/jit/JITCodeGen, generateCode(Ljava/lang/Class;Ltoba/classfile/Method;)Ltoba/classfile/MethodCode; >"	86	64
"< Application, Ltoba/classfile/ClassFile, find(Ljava/lang/String;)Ltoba/classfile/ClassFile; >"	14	55
"< Application, Ltoba/Lister, closeClassList([Ljava/lang/String;I)V >"	22	20
"< Application, Ltoba/classfile/Method, <init>(Ltoba/classfile/ClassData;Ltoba/classfile/Field;)V >"	39	35
"< Application, Ltoba/runtime/CodeGen, buildNativeClass(Ltoba/classfile/ClassData;Ljava/lang/ClassLoader;)Ljava/lang/Class; >"	53	56
"< Application, Ltoba/classfile/ClassFile, open(Ljava/lang/String;Ljava/lang/String;)Ltoba/classfile/ClassFile; >"	48	86
"< Application, Ltoba/classfile/ClassFile, close()V >"	2	5
"< Application, Ltoba/classfile/Names, toba_getSRAS(Ljava/lang/String;)Ljava/io/InputStream; >"	37	55
"< Application, Ltoba/jit/CodeBlock, resolveCode()V >"	12	11
"< Application, Ltoba/Lister, closeClassList([Ljava/lang/String;I)V >"	35	46
"< Application, Ltoba/classfile/ClassFile, open(Ljava/lang/String;Ljava/lang/String;)Ltoba/classfile/ClassFile; >"	73	43
"< Application, Ltoba/runtime/CodeGen, resolveClass(Ljava/lang/Class;Ljava/lang/ClassLoader;)V >"	17	25
"< Application, Ltoba/runtime/CodeGen, defineClass(Ljava/lang/ClassLoader;Ljava/io/DataInputStream;)Ljava/lang/Class; >"	8	13
"< Application, Ltoba/Lister, closeClassList([Ljava/lang/String;I)V >"	47	66
"< Application, Ltoba/classfile/ClassFile, close()V >"	9	11
"< Application, Ltoba/InstallClassFile, main([Ljava/lang/String;)V >"	13	19
"< Application, Ltoba/runtime/ClassRT, getClassData(Ljava/lang/Class;)Ltoba/classfile/ClassData; >"	32	18
