"< Application, Ltoba/jit/JITCodeGen, EmitCode(Ltoba/classfile/Method;I)V >"	1264	273
"< Application, Ltoba/jit/JITCodeGen, generateCode(Ljava/lang/Class;Ltoba/classfile/Method;)Ltoba/classfile/MethodCode; >"	99	65
"< Application, Ltoba/jit/CodeBlock, doBackPatch(Ltoba/jit/BackpatchInfo;)V >"	463	72
"< Application, Ltoba/classfile/ClassData, buildMethodTables(Z)V >"	53	89
"< Application, Ltoba/runtime/ClassRT, getClassData(Ljava/lang/Class;)Ltoba/classfile/ClassData; >"	36	20
"< Application, Ltoba/jit/Intel86, makeModRM(Ljava/lang/Object;Ljava/lang/Object;)[B >"	192	188
"< Application, Ltoba/jit/Intel86, Jcc(ILjava/lang/Object;)[B >"	5	7
"< Application, Ltoba/jit/Intel86, IDIV(Ljava/lang/Object;)[B >"	9	20
"< Application, Ltoba/jit/Intel86, CALL(Ljava/lang/Object;)[B >"	16	17
"< Application, Ltoba/jit/CodeBlock, getCodeWord(I)I >"	6	51
"< Application, Ltoba/classfile/Instr, nextStack()Ljava/lang/String; >"	21	196
"< Application, Ltoba/translator/CFile, emitStaticFinalInit(Ljava/io/PrintWriter;Ltoba/classfile/ClassData;)Z >"	144	235
"< Application, Ltoba/runtime/CodeGen, defineClass(Ljava/lang/ClassLoader;Ljava/io/DataInputStream;)Ljava/lang/Class; >"	17	9
"< Application, Ltoba/classfile/ClassFile, find(Ljava/lang/String;)Ltoba/classfile/ClassFile; >"	17	56
"< Application, Ltoba/classfile/IHash, hashlist(Ljava/lang/ClassLoader;Ltoba/classfile/ClassRef;)[I >"	24	13
"< Application, Ltoba/translator/InsGen, igen(Ljava/io/PrintWriter;Ltoba/classfile/Method;Ltoba/classfile/Instr;)V >"	1161	9
"< Application, Ltoba/jit/JITCodeGen, EmitCode(Ltoba/classfile/Method;I)V >"	691	952
"< Application, Ltoba/runtime/CodeGen, setSpecialMethods(Ljava/lang/Class;)V >"	35	65
"< Application, Ltoba/classfile/Constant, readUTF(Ljava/io/DataInput;)Ljava/lang/String; >"	15	62
"< Application, Ltoba/jit/CodeBlock, doBackPatch(Ltoba/jit/BackpatchInfo;)V >"	239	325
"< Application, Ltoba/runtime/CodeGen, staticMethodAddrs(Ljava/lang/Class;[Ltoba/classfile/Field;)[J >"	19	28
"< Application, Ltoba/jit/CodeBlock, BV(Ljava/lang/String;I)I >"	32	27
"< Application, Ltoba/runtime/ClassRT, getClassData(Ljava/lang/Class;)Ltoba/classfile/ClassData; >"	13	41
"< Application, Ltoba/classfile/FieldRef, getField()Ltoba/classfile/Field; >"	9	7
"< Application, Ltoba/jit/Intel86, Jccn(ILjava/lang/Object;)[B >"	5	7
"< Application, Ltoba/runtime/SystemClassLoader, loadPrimitiveClass(C)Ljava/lang/Class; >"	24	31
"< Application, Ltoba/jit/CodeBlock, setByteOffs(I)V >"	12	5
"< Application, Ltoba/jit/JITCodeGen, EmitExceptHandle(Ltoba/classfile/Method;)V >"	11	235
"< Application, Ltoba/jit/CodeBlock, doBackPatch(Ltoba/jit/BackpatchInfo;)V >"	67	17
"< Application, Ltoba/classfile/Constant, load(Ljava/io/DataInputStream;)[Ltoba/classfile/Constant; >"	100	132
"< Application, Ltoba/jit/CodeBlock, doBackPatch(Ltoba/jit/BackpatchInfo;)V >"	406	174
"< Application, Ltoba/jit/CodeBlock, doBackPatch(Ltoba/jit/BackpatchInfo;)V >"	90	499
"< Application, Ltoba/jit/Intel86, FMULP(Ljava/lang/Object;)[B >"	10	15
"< Application, Ltoba/runtime/Resolve, resolveClassName(Ljava/lang/String;Ljava/lang/ClassLoader;)Ljava/lang/Class; >"	27	27
"< Application, Ltoba/classfile/ClassFile, find(Ljava/lang/String;)Ltoba/classfile/ClassFile; >"	51	39
"< Application, Ltoba/jit/Intel86, PatchNearJump(II)V >"	9	12
"< Application, Ltoba/jit/Intel86, JMP(Ljava/lang/Object;)[B >"	16	31
"< Application, Ltoba/jit/Immediate, setImmSize(I)Ltoba/jit/Immediate; >"	30	21
"< Application, Ltoba/translator/InsGen, igen(Ljava/io/PrintWriter;Ltoba/classfile/Method;Ltoba/classfile/Instr;)V >"	237	1421
"< Application, Ltoba/classfile/ClassFile, find(Ljava/lang/String;)Ltoba/classfile/ClassFile; >"	31	41
"< Application, Ltoba/jit/Intel86, PUSH(Ljava/lang/Object;)[B >"	25	6
"< Application, Ltoba/classfile/Constant, readUTF(Ljava/io/DataInput;)Ljava/lang/String; >"	57	54
"< Application, Ltoba/translator/ClassInstall, copy(Ljava/io/DataInputStream;Ljava/lang/String;)V >"	17	18
"< Application, Ltoba/jit/MemoryRef, swapIndexBaseRegs()Ltoba/jit/MemoryRef; >"	15	9
"< Application, Ltoba/runtime/SystemClassLoader, loadClass(Ljava/lang/String;Z)Ljava/lang/Class; >"	11	24
"< Application, Ltoba/jit/JITCodeGen, loadClassPointer(Ltoba/classfile/Instr;Ltoba/classfile/ClassRef;ILtoba/jit/Register;)V >"	36	22
"< Application, Ltoba/jit/JITCodeGen, pushFromMemory(Ltoba/jit/Register;C)V >"	16	126
"< Application, Ltoba/jit/JITCodeGen, pushFromMemory(Ltoba/jit/Register;C)V >"	5	138
"< Application, Ltoba/jit/CodeBlock, reserveCode(ILtoba/classfile/Instr;Ljava/lang/Object;J)Ltoba/jit/BackpatchInfo; >"	43	54
"< Application, Ltoba/jit/JITCodeGen, EmitExceptHandle(Ltoba/classfile/Method;)V >"	28	232
"< Application, Ltoba/jit/JITCodeGen, EmitCode(Ltoba/classfile/Method;I)V >"	1426	51
"< Application, Ltoba/runtime/CodeGen, defineClass(Ljava/lang/ClassLoader;Ljava/io/DataInputStream;)Ljava/lang/Class; >"	7	19
"< Application, Ltoba/jit/JITCodeGen, popIntoMemory(Ltoba/jit/Register;C)V >"	16	57
"< Application, Ltoba/jit/Intel86, JMPn(Ljava/lang/Object;)[B >"	14	17
"< Application, Ltoba/runtime/CodeGen, defineClass(Ljava/lang/ClassLoader;Ljava/io/DataInputStream;)Ljava/lang/Class; >"	27	27
"< Application, Ltoba/jit/Intel86, POP(Ljava/lang/Object;)[B >"	8	14
"< Application, Ltoba/jit/CodeBlock, doBackPatch(Ltoba/jit/BackpatchInfo;)V >"	227	336
"< Application, Ltoba/jit/Intel86, JMPn(Ljava/lang/Object;)[B >"	5	6
"< Application, Ltoba/jit/Intel86, FSUBRP(Ljava/lang/Object;)[B >"	10	15
"< Application, Ltoba/classfile/ClassData, buildVariableTables(Z)V >"	42	62
"< Application, Ltoba/jit/Intel86, makeByteArray(Ltoba/jit/Immediate;)[B >"	45	9
"< Application, Ltoba/jit/Intel86, checkOperand(Ljava/lang/Object;)I >"	4	7
"< Application, Ltoba/runtime/ClassRT, getClassData(Ljava/lang/Class;)Ltoba/classfile/ClassData; >"	26	30
"< Application, Ltoba/classfile/ClassRef, getRefClass(Ljava/lang/ClassLoader;)Ljava/lang/Class; >"	10	7
"< Application, Ltoba/jit/CodeBlock, doBackPatch(Ltoba/jit/BackpatchInfo;)V >"	385	138
"< Application, Ltoba/jit/Intel86, SAR(Ljava/lang/Object;Ljava/lang/Object;)[B >"	13	44
"< Application, Ltoba/runtime/Supers, load(Ltoba/classfile/ClassData;Ljava/lang/ClassLoader;)V >"	12	19
"< Application, Ltoba/jit/CodeBlock, doBackPatch(Ltoba/jit/BackpatchInfo;)V >"	212	352
"< Application, Ltoba/jit/JITCodeGen, Prologue(Ltoba/classfile/Method;I)V >"	50	182
"< Application, Ltoba/jit/MemoryRef, <init>(Ltoba/jit/Immediate;Ltoba/jit/Register;ILtoba/jit/Register;I)V >"	12	44
"< Application, Ltoba/jit/JITCodeGen, EmitUnOp(Ltoba/classfile/Instr;)V >"	26	8
"< Application, Ltoba/jit/CodeBlock, doBackPatch(Ltoba/jit/BackpatchInfo;)V >"	49	41
"< Application, Ltoba/runtime/ClassRT, getClassData(Ljava/lang/Class;)Ltoba/classfile/ClassData; >"	19	16
"< Application, Ltoba/classfile/Constant, readUTF(Ljava/io/DataInput;)Ljava/lang/String; >"	34	58
"< Application, Ltoba/jit/CodeBlock, doBackPatch(Ltoba/jit/BackpatchInfo;)V >"	110	489
"< Application, Ltoba/classfile/ClassData, <init>(Ljava/io/DataInputStream;)V >"	8	105
"< Application, Ltoba/jit/MemoryRef, <init>(Ltoba/jit/Immediate;Ltoba/jit/Register;ILtoba/jit/Register;I)V >"	24	32
"< Application, Ltoba/jit/JITCodeGen, EmitCode(Ltoba/classfile/Method;I)V >"	1284	239
"< Application, Ltoba/jit/Intel86, FISTP(Ljava/lang/Object;)[B >"	31	18
"< Application, Ltoba/jit/CodeBlock, doBackPatch(Ltoba/jit/BackpatchInfo;)V >"	190	376
"< Application, Ltoba/jit/JITCodeGen, EmitUnOp(Ltoba/classfile/Instr;)V >"	218	248
"< Application, Ltoba/jit/CodeBlock, doBackPatch(Ltoba/jit/BackpatchInfo;)V >"	368	190
"< Application, Ltoba/classfile/Constant, readUTF(Ljava/io/DataInput;)Ljava/lang/String; >"	21	60
"< Application, Ltoba/jit/MemoryRef, setScaleFactor(I)Ltoba/jit/MemoryRef; >"	24	15
"< Application, Ltoba/jit/Intel86, FILD(Ljava/lang/Object;)[B >"	31	18
"< Application, Ltoba/jit/CodeBlock, overwriteInstalledCode([BI)V >"	18	23
"< Application, Ltoba/jit/JITCodeGen, pushFromMemory(Ltoba/jit/Register;C)V >"	13	129
"< Application, Ltoba/translator/ClassInstall, mkdir(Ljava/lang/String;)V >"	14	14
"< Application, Ltoba/jit/CodeBlock, BV(Ljava/lang/String;I)I >"	15	41
"< Application, Ltoba/jit/JITCodeGen, EmitCode(Ltoba/classfile/Method;I)V >"	710	909
"< Application, Ltoba/classfile/ClassData, buildMethodTables(Z)V >"	67	86
"< Application, Ltoba/jit/CodeBlock, reserveCode(ILtoba/classfile/Instr;Ljava/lang/Object;J)Ltoba/jit/BackpatchInfo; >"	20	10
"< Application, Ltoba/classfile/Constant, load(Ljava/io/DataInputStream;)[Ltoba/classfile/Constant; >"	74	144
"< Application, Ltoba/jit/Intel86, OpType(Ljava/lang/Object;)I >"	21	8
"< Application, Ltoba/jit/Intel86, SHL(Ljava/lang/Object;Ljava/lang/Object;)[B >"	13	44
"< Application, Ltoba/classfile/Field, getVarFieldSize()I >"	21	7
"< Application, Ltoba/jit/CodeBlock, doBackPatch(Ltoba/jit/BackpatchInfo;)V >"	327	235
"< Application, Ltoba/jit/CodeBlock, doBackPatch(Ltoba/jit/BackpatchInfo;)V >"	440	103
"< Application, Ltoba/runtime/CodeGen, setSpecialMethods(Ljava/lang/Class;)V >"	44	55
"< Application, Ltoba/jit/Intel86, IMUL(Ljava/lang/Object;)[B >"	9	20
"< Application, Ltoba/jit/CodeBlock, doBackPatch(Ltoba/jit/BackpatchInfo;)V >"	163	409
"< Application, Ltoba/jit/CodeBlock, storeWord(II)I >"	6	55
"< Application, Ltoba/jit/MemoryRef, setRefSize(I)Ltoba/jit/MemoryRef; >"	10	8
"< Application, Ltoba/jit/Intel86, FSTP(Ljava/lang/Object;)[B >"	9	6
"< Application, Ltoba/runtime/CodeGen, instanceMethodAddrs(Ljava/lang/Class;[Ltoba/classfile/Field;I)[J >"	29	36
"< Application, Ltoba/classfile/Constant, readUTF(Ljava/io/DataInput;)Ljava/lang/String; >"	43	56
"< Application, Ltoba/runtime/SystemClassLoader, loadPrimitiveClass(C)Ljava/lang/Class; >"	19	3
"< Application, Ltoba/jit/CodeBlock, doBackPatch(Ltoba/jit/BackpatchInfo;)V >"	74	505
"< Application, Ltoba/jit/Intel86, SHL(Ljava/lang/Object;Ljava/lang/Object;)[B >"	34	11
"< Application, Ltoba/jit/Intel86, FLD(Ljava/lang/Object;)[B >"	9	6
"< Application, Ltoba/jit/JITCodeGen, popIntoMemory(Ltoba/jit/Register;C)V >"	5	66
"< Application, Ltoba/classfile/Instr, <init>([BI[Ltoba/classfile/Constant;)V >"	174	116
"< Application, Ltoba/jit/JITCodeGen, EmitCode(Ltoba/classfile/Method;I)V >"	1381	116
"< Application, Ltoba/classfile/ClassFile, findInPath(Ljava/lang/String;Ljava/lang/String;Ljava/lang/String;)Ltoba/classfile/ClassFile; >"	44	60
"< Application, Ltoba/jit/JITCodeGen, EmitCode(Ltoba/classfile/Method;I)V >"	1418	63
"< Application, Ltoba/jit/Intel86, FDIVRP(Ljava/lang/Object;)[B >"	10	15
"< Application, Ltoba/jit/Intel86, makeModRM(ILjava/lang/Object;)[B >"	12	30
"< Application, Ltoba/classfile/ClassFile, close()V >"	15	15
"< Application, Ltoba/jit/JITCodeGen, EmitCode(Ltoba/classfile/Method;I)V >"	21	1690
"< Application, Ltoba/classfile/Method, <init>(Ltoba/classfile/ClassData;Ltoba/classfile/Field;)V >"	50	36
"< Application, Ltoba/runtime/CodeGen, buildNativeClass(Ltoba/classfile/ClassData;Ljava/lang/ClassLoader;)Ljava/lang/Class; >"	91	125
"< Application, Ltoba/classfile/InterfaceRef, findInterface(Ltoba/classfile/ClassData;)Ltoba/classfile/Field; >"	5	7
"< Application, Ltoba/classfile/Method, <init>(Ltoba/classfile/ClassData;Ltoba/classfile/Field;)V >"	105	257
"< Application, Ltoba/classfile/VariableRef, findVariable(Ltoba/classfile/ClassData;)Ltoba/classfile/Field; >"	46	26
"< Application, Ltoba/jit/Intel86, FNSTCW(Ljava/lang/Object;)[B >"	9	6
"< Application, Ltoba/jit/Intel86, valSFlag(Ljava/lang/Object;)I >"	7	15
"< Application, Ltoba/jit/Intel86, FLDCW(Ljava/lang/Object;)[B >"	9	6
"< Application, Ltoba/jit/Intel86, LEA(Ljava/lang/Object;Ljava/lang/Object;)[B >"	6	19
"< Application, Ltoba/classfile/Method, <init>(Ltoba/classfile/ClassData;Ltoba/classfile/Field;)V >"	8	272
"< Application, Ltoba/jit/Intel86, FADDP(Ljava/lang/Object;)[B >"	10	15
"< Application, Ltoba/jit/MemoryRef, setScaleFactor(I)Ltoba/jit/MemoryRef; >"	5	24
"< Application, Ltoba/jit/MemoryRef, <init>(Ltoba/jit/Immediate;Ltoba/jit/Register;ILtoba/jit/Register;I)V >"	34	20
"< Application, Ltoba/jit/JITCodeGen, EmitBinOp(Ltoba/classfile/Instr;)V >"	268	72
"< Application, Ltoba/jit/JITCodeGen, EmitSyncWrapper(Ltoba/classfile/Method;)V >"	36	554
"< Application, Ltoba/jit/CodeBlock, reserveCode(ILtoba/classfile/Instr;Ljava/lang/Object;Ljava/lang/Object;)Ltoba/jit/BackpatchInfo; >"	19	10
"< Application, Ltoba/jit/Intel86, NEG(Ljava/lang/Object;)[B >"	8	19
"< Application, Ltoba/jit/Intel86, Jccn(ILjava/lang/Object;)[B >"	14	19
"< Application, Ltoba/jit/CodeBlock, resolveCode()V >"	22	11
"< Application, Ltoba/jit/CodeBlock, resolveCode()V >"	8	163
"< Application, Ltoba/runtime/ClassRT, getClassData(Ljava/lang/Class;)Ltoba/classfile/ClassData; >"	31	25
"< Application, Ltoba/jit/CodeBlock, doBackPatch(Ltoba/jit/BackpatchInfo;)V >"	392	187
"< Application, Ltoba/jit/JITCodeGen, EmitBinOp(Ltoba/classfile/Instr;)V >"	294	324
"< Application, Ltoba/jit/CodeBlock, reserveCode(ILtoba/classfile/Instr;Ljava/lang/Object;Ljava/lang/Object;)Ltoba/jit/BackpatchInfo; >"	43	54
"< Application, Ltoba/jit/JITCodeGen, EmitBinOp(Ltoba/classfile/Instr;)V >"	55	19
"< Application, Ltoba/jit/Intel86, JMP(Ljava/lang/Object;)[B >"	27	22
"< Application, Ltoba/classfile/Method, setMethodCode(Ltoba/classfile/MethodCode;)Ltoba/classfile/MethodCode; >"	4	6
"< Application, Ltoba/jit/BackpatchInfo, <init>(ILtoba/classfile/Instr;Ljava/lang/Object;ILjava/lang/Object;)V >"	9	11
"< Application, Ltoba/jit/Intel86, makeModRM(Ljava/lang/Object;Ljava/lang/Object;)[B >"	143	47
"< Application, Ltoba/jit/Intel86, FILD(Ljava/lang/Object;)[B >"	9	6
"< Application, Ltoba/classfile/Instr, <init>([BI[Ltoba/classfile/Constant;)V >"	21	153
"< Application, Ltoba/jit/Intel86, makeModRM(Ljava/lang/Object;Ljava/lang/Object;)[B >"	171	260
"< Application, Ltoba/jit/Intel86, SHR(Ljava/lang/Object;Ljava/lang/Object;)[B >"	34	11
"< Application, Ltoba/classfile/MethodRef, findMethod(Ltoba/classfile/ClassData;)Ltoba/classfile/Field; >"	44	26
"< Application, Ltoba/runtime/CodeGen, resolveClass(Ljava/lang/Class;Ljava/lang/ClassLoader;)V >"	19	25
"< Application, Ltoba/runtime/Resolve, resolveClass(Ltoba/classfile/ClassData;Ljava/lang/ClassLoader;)V >"	44	56
"< Application, Ltoba/jit/Intel86, makeModRM(ILjava/lang/Object;)[B >"	22	19
"< Application, Ltoba/jit/Intel86, SAR(Ljava/lang/Object;Ljava/lang/Object;)[B >"	34	11
"< Application, Ltoba/jit/JITCodeGen, popIntoMemory(Ltoba/jit/Register;C)V >"	19	54
"< Application, Ltoba/translator/Supers, load(Ltoba/classfile/ClassData;)V >"	25	23
"< Application, Ltoba/jit/CodeBlock, installCode()J >"	20	33
"< Application, Ltoba/jit/JITCodeGen, generateCode(Ljava/lang/Class;Ltoba/classfile/Method;)Ltoba/classfile/MethodCode; >"	13	129
"< Application, Ltoba/jit/MemoryRef, swapIndexBaseRegs()Ltoba/jit/MemoryRef; >"	9	12
"< Application, Ltoba/jit/JITCodeGen, EmitSyncWrapper(Ltoba/classfile/Method;)V >"	49	551
"< Application, Ltoba/runtime/CodeGen, defineClass(Ljava/lang/ClassLoader;Ljava/io/DataInputStream;)Ljava/lang/Class; >"	12	14
"< Application, Ltoba/jit/CodeBlock, overwriteInstalledCode([BI)V >"	5	26
"< Application, Ltoba/jit/JITCodeGen, EmitUnOp(Ltoba/classfile/Instr;)V >"	191	35
"< Application, Ltoba/jit/Intel86, makeModRM(Ljava/lang/Object;Ljava/lang/Object;)[B >"	152	277
"< Application, Ltoba/jit/Intel86, SHR(Ljava/lang/Object;Ljava/lang/Object;)[B >"	13	44
"< Application, Ltoba/classfile/Method, mark(ILjava/lang/String;I)V >"	33	105
"< Application, Ltoba/jit/Intel86, MOV(Ljava/lang/Object;Ljava/lang/Object;)[B >"	10	66
"< Application, Ltoba/classfile/IHash, hashlist(Ljava/lang/ClassLoader;Ltoba/classfile/ClassRef;)[I >"	17	16
"< Application, Ltoba/classfile/ClassData, buildMethodTables(Z)V >"	23	92
"< Application, Ltoba/jit/JITCodeGen, EmitRetvalStore(Ltoba/classfile/FieldRef;)V >"	28	12
"< Application, Ltoba/jit/CodeBlock, doBackPatch(Ltoba/jit/BackpatchInfo;)V >"	81	502
"< Application, Ltoba/classfile/Instr, argstring(Ljava/lang/String;)Ljava/lang/String; >"	13	56
"< Application, Ltoba/classfile/ClassData, buildVariableTables(Z)V >"	52	59
"< Application, Ltoba/jit/Intel86, FISTP(Ljava/lang/Object;)[B >"	9	6
"< Application, Ltoba/jit/Intel86, valWFlag(Ljava/lang/Object;)I >"	17	9
"< Application, Ltoba/classfile/Method, <init>(Ltoba/classfile/ClassData;Ltoba/classfile/Field;)V >"	154	242
"< Application, Ltoba/jit/CodeBlock, doBackPatch(Ltoba/jit/BackpatchInfo;)V >"	28	508
