"< Application, Ltoba/classfile/Field, getVarFieldSize()I >"	2	6	[java_constant_int(66), java_constant_int(67), java_constant_int(68), java_constant_int(70), java_constant_int(73), java_constant_int(74), java_constant_int(76), java_constant_int(83), java_constant_int(86), java_constant_int(90)]	"bb14"
"< Application, Ltoba/classfile/Instr, <init>([BI[Ltoba/classfile/Constant;)V >"	89	52	[java_constant_int(132), java_constant_int(170), java_constant_int(171), java_constant_int(185), java_constant_int(197)]	"bb118"
"< Application, Ltoba/translator/InsGen, igen(Ljava/io/PrintWriter;Ltoba/classfile/Method;Ltoba/classfile/Instr;)V >"	218	1420	[java_constant_int(4), java_constant_int(5), java_constant_int(6), java_constant_int(7), java_constant_int(8), java_constant_int(9), java_constant_int(10), java_constant_int(11)]	"bb225"
"< Application, Ltoba/jit/JITCodeGen, EmitCode(Ltoba/classfile/Method;I)V >"	57	50	[java_constant_int(0), java_constant_int(1), java_constant_int(18), java_constant_int(21), java_constant_int(46), java_constant_int(54), java_constant_int(79), java_constant_int(89), java_constant_int(90), java_constant_int(91), java_constant_int(92), java_constant_int(93), java_constant_int(94), java_constant_int(95), java_constant_int(96), java_constant_int(108), java_constant_int(114), java_constant_int(116), java_constant_int(120), java_constant_int(132), java_constant_int(139), java_constant_int(148), java_constant_int(153), java_constant_int(159), java_constant_int(167), java_constant_int(168), java_constant_int(169), java_constant_int(170), java_constant_int(171), java_constant_int(172), java_constant_int(177), java_constant_int(178), java_constant_int(179), java_constant_int(180), java_constant_int(181), java_constant_int(182), java_constant_int(183), java_constant_int(184), java_constant_int(185), java_constant_int(187), java_constant_int(188), java_constant_int(189), java_constant_int(190), java_constant_int(191), java_constant_int(192), java_constant_int(193), java_constant_int(194), java_constant_int(195), java_constant_int(196), java_constant_int(197)]	"bb1097"
"< Application, Ltoba/classfile/ClassRef, bySignature(Ljava/lang/String;)Ltoba/classfile/ClassRef; >"	1	6	[java_constant_int(66), java_constant_int(67), java_constant_int(68), java_constant_int(70), java_constant_int(73), java_constant_int(74), java_constant_int(76), java_constant_int(83), java_constant_int(90)]	"bb31"
"< Application, Ltoba/jit/Intel86, FILD(Ljava/lang/Object;)[B >"	12	17	[java_constant_int(2), java_constant_int(4), java_constant_int(8)]	"bb25"
"< Application, Ltoba/jit/CodeBlock, reserveCode(ILtoba/classfile/Instr;Ljava/lang/Object;J)Ltoba/jit/BackpatchInfo; >"	1	2	[java_constant_int(2), java_constant_int(5), java_constant_int(8), java_constant_int(9), java_constant_int(10), java_constant_int(11)]	"bb15"
"< Application, Ltoba/classfile/Instr, argwords()I >"	2	4	[java_constant_int(182), java_constant_int(183), java_constant_int(184), java_constant_int(185)]	"bb13"
"< Application, Ltoba/jit/JITCodeGen, popIntoMemory(Ltoba/jit/Register;C)V >"	9	3	[java_constant_int(66), java_constant_int(67), java_constant_int(68), java_constant_int(70), java_constant_int(73), java_constant_int(74), java_constant_int(76), java_constant_int(83), java_constant_int(86), java_constant_int(90), java_constant_int(91)]	"bb9"
"< Application, Ltoba/jit/CodeBlock, reserveCode(ILtoba/classfile/Instr;Ljava/lang/Object;Ljava/lang/Object;)Ltoba/jit/BackpatchInfo; >"	1	2	[java_constant_int(1), java_constant_int(3), java_constant_int(4), java_constant_int(6), java_constant_int(7), java_constant_int(12), java_constant_int(13)]	"bb14"
"< Application, Ltoba/jit/JITCodeGen, EmitCode(Ltoba/classfile/Method;I)V >"	679	951	[java_constant_int(46), java_constant_int(47), java_constant_int(48), java_constant_int(49), java_constant_int(50), java_constant_int(51), java_constant_int(52), java_constant_int(53)]	"bb530"
"< Application, Ltoba/runtime/SystemClassLoader, loadPrimitiveClass(C)Ljava/lang/Class; >"	0	1	[java_constant_int(66), java_constant_int(67), java_constant_int(68), java_constant_int(70), java_constant_int(73), java_constant_int(74), java_constant_int(83), java_constant_int(90)]	"bb18"
"< Application, Ltoba/classfile/Instr, nextStack()Ljava/lang/String; >"	29	17	[java_constant_int(18), java_constant_int(89), java_constant_int(90), java_constant_int(91), java_constant_int(92), java_constant_int(93), java_constant_int(94), java_constant_int(95), java_constant_int(178), java_constant_int(179), java_constant_int(180), java_constant_int(181), java_constant_int(182), java_constant_int(183), java_constant_int(184), java_constant_int(185), java_constant_int(197)]	"bb147"
"< Application, Ltoba/jit/Intel86, FISTP(Ljava/lang/Object;)[B >"	12	17	[java_constant_int(2), java_constant_int(4), java_constant_int(8)]	"bb25"
"< Application, Ltoba/jit/JITCodeGen, EmitCode(Ltoba/classfile/Method;I)V >"	698	908	[java_constant_int(79), java_constant_int(80), java_constant_int(81), java_constant_int(82), java_constant_int(83), java_constant_int(84), java_constant_int(85), java_constant_int(86)]	"bb547"
"< Application, Ltoba/classfile/Names, classref(Ljava/lang/String;)Ljava/lang/String; >"	1	5	[java_constant_int(66), java_constant_int(67), java_constant_int(68), java_constant_int(70), java_constant_int(73), java_constant_int(74), java_constant_int(83), java_constant_int(90)]	"bb11"
"< Application, Ltoba/translator/Repr, con(Ltoba/classfile/Method;Ltoba/classfile/Constant;)Ljava/lang/String; >"	1	4	[java_constant_int(3), java_constant_int(4), java_constant_int(5), java_constant_int(6), java_constant_int(7), java_constant_int(8)]	"bb64"
"< Application, Ltoba/jit/Intel86, makeModRM(Ljava/lang/Object;Ljava/lang/Object;)[B >"	156	187	[java_constant_int(18), java_constant_int(19), java_constant_int(34), java_constant_int(35), java_constant_int(82), java_constant_int(83), java_constant_int(84)]	"bb143"
"< Application, Ltoba/jit/Immediate, toString()Ljava/lang/String; >"	1	3	[java_constant_int(1), java_constant_int(2), java_constant_int(3), java_constant_int(4)]	"bb6"
"< Application, Ltoba/jit/JITCodeGen, EmitUnOp(Ltoba/classfile/Instr;)V >"	4	7	[java_constant_int(116), java_constant_int(117), java_constant_int(118), java_constant_int(119), java_constant_int(133), java_constant_int(134), java_constant_int(135), java_constant_int(136), java_constant_int(137), java_constant_int(138), java_constant_int(139), java_constant_int(140), java_constant_int(141), java_constant_int(142), java_constant_int(143), java_constant_int(144), java_constant_int(145), java_constant_int(146), java_constant_int(147)]	"bb18"
"< Application, Ltoba/jit/JITCodeGen, loadClassPointer(Ltoba/classfile/Instr;Ltoba/classfile/ClassRef;ILtoba/jit/Register;)V >"	8	17	[java_constant_int(66), java_constant_int(67), java_constant_int(68), java_constant_int(70), java_constant_int(73), java_constant_int(74), java_constant_int(83), java_constant_int(90)]	"bb25"
"< Application, Ltoba/classfile/Names, csignature(Ljava/lang/String;)Ljava/lang/String; >"	15	10	[java_constant_int(40), java_constant_int(41), java_constant_int(66), java_constant_int(67), java_constant_int(68), java_constant_int(70), java_constant_int(73), java_constant_int(74), java_constant_int(76), java_constant_int(83), java_constant_int(90), java_constant_int(91)]	"bb38"
"< Application, Ltoba/runtime/CodeGen, buildNativeClass(Ltoba/classfile/ClassData;Ljava/lang/ClassLoader;)Ljava/lang/Class; >"	61	64	[java_constant_int(3), java_constant_int(4), java_constant_int(5), java_constant_int(6), java_constant_int(7), java_constant_int(8)]	"bb88"
"< Application, Ltoba/classfile/Instr, argwords(Ljava/lang/String;)I >"	2	8	[java_constant_int(41), java_constant_int(66), java_constant_int(67), java_constant_int(68), java_constant_int(70), java_constant_int(73), java_constant_int(74), java_constant_int(76), java_constant_int(83), java_constant_int(90), java_constant_int(91)]	"bb5"
"< Application, Ltoba/jit/CodeBlock, doBackPatch(Ltoba/jit/BackpatchInfo;)V >"	69	71	[java_constant_int(1), java_constant_int(2), java_constant_int(3), java_constant_int(4), java_constant_int(5), java_constant_int(6), java_constant_int(7), java_constant_int(8), java_constant_int(9), java_constant_int(10), java_constant_int(11), java_constant_int(12), java_constant_int(13)]	"bb395"
"< Application, Ltoba/classfile/Constant, readUTF(Ljava/io/DataInput;)Ljava/lang/String; >"	5	10	[java_constant_int(0), java_constant_int(1), java_constant_int(2), java_constant_int(3), java_constant_int(4), java_constant_int(5), java_constant_int(6), java_constant_int(7), java_constant_int(12), java_constant_int(13), java_constant_int(14)]	"bb32"
"< Application, Ltoba/classfile/Method, sigscan()V >"	48	63	[java_constant_int(66), java_constant_int(67), java_constant_int(68), java_constant_int(70), java_constant_int(73), java_constant_int(74), java_constant_int(83), java_constant_int(86), java_constant_int(90)]	"bb64"
"< Application, Ltoba/classfile/Instr, regtype(Ljava/lang/String;)C >"	1	5	[java_constant_int(66), java_constant_int(67), java_constant_int(68), java_constant_int(70), java_constant_int(73), java_constant_int(74), java_constant_int(83), java_constant_int(86), java_constant_int(90)]	"bb12"
"< Application, Ltoba/translator/InsGen, igen(Ljava/io/PrintWriter;Ltoba/classfile/Method;Ltoba/classfile/Instr;)V >"	5	8	[java_constant_int(0), java_constant_int(1), java_constant_int(18), java_constant_int(21), java_constant_int(46), java_constant_int(54), java_constant_int(79), java_constant_int(89), java_constant_int(90), java_constant_int(91), java_constant_int(92), java_constant_int(93), java_constant_int(94), java_constant_int(95), java_constant_int(96), java_constant_int(108), java_constant_int(114), java_constant_int(116), java_constant_int(120), java_constant_int(132), java_constant_int(139), java_constant_int(148), java_constant_int(153), java_constant_int(159), java_constant_int(167), java_constant_int(168), java_constant_int(169), java_constant_int(170), java_constant_int(171), java_constant_int(172), java_constant_int(177), java_constant_int(178), java_constant_int(179), java_constant_int(180), java_constant_int(181), java_constant_int(182), java_constant_int(183), java_constant_int(184), java_constant_int(185), java_constant_int(187), java_constant_int(188), java_constant_int(189), java_constant_int(190), java_constant_int(191), java_constant_int(192), java_constant_int(193), java_constant_int(194), java_constant_int(195), java_constant_int(197)]	"bb1114"
"< Application, Ltoba/translator/CFile, emitStaticFinalInit(Ljava/io/PrintWriter;Ltoba/classfile/ClassData;)Z >"	32	49	[java_constant_int(3), java_constant_int(4), java_constant_int(5), java_constant_int(6), java_constant_int(7), java_constant_int(8)]	"bb136"
"< Application, Ltoba/jit/JITCodeGen, EmitSyncWrapper(Ltoba/classfile/Method;)V >"	308	387	[java_constant_int(66), java_constant_int(67), java_constant_int(68), java_constant_int(70), java_constant_int(73), java_constant_int(74), java_constant_int(76), java_constant_int(83), java_constant_int(86), java_constant_int(90), java_constant_int(91)]	"bb239"
"< Application, Ltoba/jit/JITCodeGen, EmitSyncWrapper(Ltoba/classfile/Method;)V >"	398	387	[java_constant_int(66), java_constant_int(67), java_constant_int(68), java_constant_int(70), java_constant_int(73), java_constant_int(74), java_constant_int(76), java_constant_int(83), java_constant_int(86), java_constant_int(90), java_constant_int(91)]	"bb306"
"< Application, Ltoba/classfile/Constant, load(Ljava/io/DataInputStream;)[Ltoba/classfile/Constant; >"	11	14	[java_constant_int(1), java_constant_int(2), java_constant_int(3), java_constant_int(4), java_constant_int(5), java_constant_int(6), java_constant_int(7), java_constant_int(8), java_constant_int(9), java_constant_int(10), java_constant_int(11), java_constant_int(12)]	"bb64"
"< Application, Ltoba/jit/JITCodeGen, EmitBinOp(Ltoba/classfile/Instr;)V >"	58	71	[java_constant_int(96), java_constant_int(97), java_constant_int(98), java_constant_int(99), java_constant_int(100), java_constant_int(101), java_constant_int(102), java_constant_int(103), java_constant_int(104), java_constant_int(105), java_constant_int(106), java_constant_int(107), java_constant_int(108), java_constant_int(109), java_constant_int(110), java_constant_int(111), java_constant_int(112), java_constant_int(113), java_constant_int(114), java_constant_int(115), java_constant_int(116), java_constant_int(117), java_constant_int(118), java_constant_int(119), java_constant_int(120), java_constant_int(121), java_constant_int(122), java_constant_int(123), java_constant_int(124), java_constant_int(125), java_constant_int(126), java_constant_int(127), java_constant_int(128), java_constant_int(129), java_constant_int(130), java_constant_int(131)]	"bb186"
"< Application, Ltoba/jit/Intel86, makeModRM(Ljava/lang/Object;Ljava/lang/Object;)[B >"	40	46	[java_constant_int(0), java_constant_int(1), java_constant_int(2), java_constant_int(3), java_constant_int(4), java_constant_int(5), java_constant_int(6), java_constant_int(7), java_constant_int(8), java_constant_int(9), java_constant_int(10), java_constant_int(11), java_constant_int(12), java_constant_int(13), java_constant_int(14), java_constant_int(15)]	"bb105"
"< Application, Ltoba/jit/Intel86, makeByteArray(Ltoba/jit/Immediate;)[B >"	2	8	[java_constant_int(1), java_constant_int(2), java_constant_int(3), java_constant_int(4)]	"bb17"
"< Application, Ltoba/classfile/Instr, argstring(Ljava/lang/String;)Ljava/lang/String; >"	4	10	[java_constant_int(41), java_constant_int(66), java_constant_int(67), java_constant_int(68), java_constant_int(70), java_constant_int(73), java_constant_int(74), java_constant_int(76), java_constant_int(83), java_constant_int(90), java_constant_int(91)]	"bb8"
"< Application, Ltoba/classfile/Constant, load(Ljava/io/DataInputStream;)[Ltoba/classfile/Constant; >"	129	99	[java_constant_int(9), java_constant_int(10), java_constant_int(11)]	"bb159"
"< Application, Ltoba/jit/Intel86, PUSH(Ljava/lang/Object;)[B >"	1	5	[java_constant_int(1), java_constant_int(2), java_constant_int(3)]	"bb17"
"< Application, Ltoba/jit/JITCodeGen, EmitUnOp(Ltoba/classfile/Instr;)V >"	29	34	[java_constant_int(116), java_constant_int(117), java_constant_int(118), java_constant_int(119), java_constant_int(133), java_constant_int(134), java_constant_int(135), java_constant_int(136), java_constant_int(137), java_constant_int(138), java_constant_int(139), java_constant_int(140), java_constant_int(141), java_constant_int(142), java_constant_int(143), java_constant_int(144), java_constant_int(145), java_constant_int(146), java_constant_int(147)]	"bb145"
"< Application, Ltoba/translator/HFile, argtypes(Ltoba/classfile/Field;)Ljava/lang/String; >"	9	15	[java_constant_int(41), java_constant_int(66), java_constant_int(67), java_constant_int(68), java_constant_int(70), java_constant_int(73), java_constant_int(74), java_constant_int(76), java_constant_int(83), java_constant_int(90), java_constant_int(91)]	"bb39"
"< Application, Ltoba/jit/JITCodeGen, EmitCode(Ltoba/classfile/Method;I)V >"	106	1587	[java_constant_int(3), java_constant_int(4), java_constant_int(5), java_constant_int(6), java_constant_int(7), java_constant_int(8)]	"bb1105"
"< Application, Ltoba/translator/MethGen, parmdecls(Ltoba/classfile/Method;)Ljava/lang/String; >"	11	17	[java_constant_int(41), java_constant_int(66), java_constant_int(67), java_constant_int(68), java_constant_int(70), java_constant_int(73), java_constant_int(74), java_constant_int(76), java_constant_int(83), java_constant_int(90), java_constant_int(91)]	"bb13"
"< Application, Ltoba/classfile/Instr, nextStack()Ljava/lang/String; >"	32	178	[java_constant_int(3), java_constant_int(4), java_constant_int(5), java_constant_int(6)]	"bb41"
"< Application, Ltoba/jit/JITCodeGen, EmitRetvalStore(Ltoba/classfile/FieldRef;)V >"	4	11	[java_constant_int(66), java_constant_int(67), java_constant_int(68), java_constant_int(70), java_constant_int(73), java_constant_int(74), java_constant_int(76), java_constant_int(83), java_constant_int(86), java_constant_int(90), java_constant_int(91)]	"bb17"
"< Application, Ltoba/translator/Trans, options([Ljava/lang/String;)V >"	10	16	[java_constant_int(77), java_constant_int(80), java_constant_int(82), java_constant_int(100), java_constant_int(109), java_constant_int(112), java_constant_int(114)]	"bb30"
"< Application, Ltoba/classfile/Method, sigscan()V >"	11	17	[java_constant_int(41), java_constant_int(66), java_constant_int(67), java_constant_int(68), java_constant_int(70), java_constant_int(73), java_constant_int(74), java_constant_int(76), java_constant_int(83), java_constant_int(90), java_constant_int(91)]	"bb41"
"< Application, Ltoba/jit/JITCodeGen, EmitIfCmp(Ltoba/classfile/Instr;Ltoba/classfile/Method;)V >"	23	31	[java_constant_int(153), java_constant_int(154), java_constant_int(155), java_constant_int(156), java_constant_int(157), java_constant_int(158), java_constant_int(159), java_constant_int(160), java_constant_int(161), java_constant_int(162), java_constant_int(163), java_constant_int(164), java_constant_int(165), java_constant_int(166), java_constant_int(198), java_constant_int(199)]	"bb37"
"< Application, Ltoba/jit/JITCodeGen, pushFromMemory(Ltoba/jit/Register;C)V >"	6	3	[java_constant_int(66), java_constant_int(67), java_constant_int(68), java_constant_int(70), java_constant_int(73), java_constant_int(74), java_constant_int(76), java_constant_int(83), java_constant_int(86), java_constant_int(90), java_constant_int(91)]	"bb7"
"< Application, Ltoba/translator/Repr, ctype(C)Ljava/lang/String; >"	0	1	[java_constant_int(66), java_constant_int(67), java_constant_int(68), java_constant_int(70), java_constant_int(73), java_constant_int(74), java_constant_int(83), java_constant_int(86), java_constant_int(90), java_constant_int(100), java_constant_int(102), java_constant_int(105), java_constant_int(108)]	"bb11"
