"< Application, Ltoba/classfile/Constant, <clinit>()V >"	21	31	32	33
"< Application, Ltoba/classfile/ClassData, <init>(Ljava/io/DataInputStream;)V >"	49	46	55	50
"< Application, Ltoba/classfile/Constant, <clinit>()V >"	17	25	26	27
"< Application, Ltoba/classfile/Names, <clinit>()V >"	20	19	28	29
"< Application, Ltoba/classfile/Constant, <clinit>()V >"	19	28	29	30
"< Application, Ltoba/classfile/Names, <clinit>()V >"	28	19	44	45
"< Application, Ltoba/classfile/Names, <clinit>()V >"	36	19	60	61
"< Application, Ltoba/runtime/CodeGen, internStrings(Ljava/lang/Class;)[Ljava/lang/String; >"	18	21	7	22
"< Application, Ltoba/classfile/Method, markvar(CI)V >"	4	7	2	3
"< Application, Ltoba/jit/Register, <clinit>()V >"	13	3	28	29
"< Application, Ltoba/classfile/Names, <clinit>()V >"	53	19	94	95
"< Application, Ltoba/jit/Intel86, makeByteArray(Ltoba/jit/Immediate;)[B >"	32	19	25	34
"< Application, Ltoba/runtime/CodeGen, instanceOffsets(Ljava/lang/Class;)[I >"	16	9	27	24
"< Application, Ltoba/classfile/Names, <clinit>()V >"	57	19	102	103
"< Application, Ltoba/jit/CodeBlock, storeWord(II)I >"	46	19	13	24
"< Application, Ltoba/jit/Register, <clinit>()V >"	12	3	26	27
"< Application, Ltoba/classfile/Names, <clinit>()V >"	38	19	64	65
"< Application, Ltoba/runtime/CodeGen, classVariableOffsets([Ltoba/classfile/Field;)[I >"	15	6	29	24
"< Application, Ltoba/classfile/Names, <clinit>()V >"	79	19	146	147
"< Application, Ltoba/runtime/CodeGen, superclasses(Ljava/lang/Class;Ljava/lang/Class;)[J >"	8	12	13	16
"< Application, Ltoba/classfile/Names, <clinit>()V >"	76	19	140	141
"< Application, Ltoba/translator/Trans, options([Ljava/lang/String;)V >"	32	1	26	14
"< Application, Ltoba/jit/Intel86, makeByteArray(II)[B >"	4	6	9	10
"< Application, Ltoba/classfile/Names, <clinit>()V >"	52	19	92	93
"< Application, Ltoba/classfile/ClassData, <init>(Ljava/io/DataInputStream;)V >"	92	85	87	77
"< Application, Ltoba/classfile/Constant, <clinit>()V >"	7	10	11	12
"< Application, Ltoba/jit/CodeBlock, storeByte(BI)B >"	4	7	3	2
"< Application, Ltoba/runtime/CodeGen, superclasses(Ljava/lang/Class;Ljava/lang/Class;)[J >"	12	12	23	19
"< Application, Ltoba/jit/Intel86, makeModRM(Ljava/lang/Object;Ljava/lang/Object;)[B >"	200	6	7	230
"< Application, Ltoba/jit/Register, <clinit>()V >"	4	3	10	11
"< Application, Ltoba/jit/CodeBlock, storeByteArray([BI)[B >"	6	8	13	11
"< Application, Ltoba/classfile/Names, <clinit>()V >"	67	19	122	123
"< Application, Ltoba/classfile/Names, <clinit>()V >"	51	19	90	91
"< Application, Ltoba/jit/Intel86, makeModRM(ILjava/lang/Object;)[B >"	27	7	8	18
"< Application, Ltoba/classfile/Names, <clinit>()V >"	56	19	100	101
"< Application, Ltoba/classfile/Names, <clinit>()V >"	40	19	68	69
"< Application, Ltoba/translator/CFile, write(Ljava/io/PrintWriter;Ltoba/classfile/ClassData;)V >"	97	104	12	107
"< Application, Ltoba/classfile/Instr, <init>([BI[Ltoba/classfile/Constant;)V >"	47	148	23	152
"< Application, Ltoba/jit/Intel86, makeModRM(Ljava/lang/Object;Ljava/lang/Object;)[B >"	220	6	234	242
"< Application, Ltoba/classfile/Names, <clinit>()V >"	86	19	160	161
"< Application, Ltoba/classfile/Names, <clinit>()V >"	33	19	54	55
"< Application, Ltoba/classfile/Names, <clinit>()V >"	46	19	80	81
"< Application, Ltoba/classfile/Names, <clinit>()V >"	49	19	86	87
"< Application, Ltoba/classfile/Names, <clinit>()V >"	17	19	22	23
"< Application, Ltoba/classfile/Names, <clinit>()V >"	59	19	106	107
"< Application, Ltoba/classfile/Names, <clinit>()V >"	22	19	32	33
"< Application, Ltoba/jit/CodeBlock, storeWord(II)I >"	15	35	3	38
"< Application, Ltoba/translator/Trans, setdbg(Ljava/lang/String;)V >"	15	19	21	9
"< Application, Ltoba/classfile/ClassData, <init>(Ljava/io/DataInputStream;)V >"	52	51	55	52
"< Application, Ltoba/jit/Register, <clinit>()V >"	1	3	4	5
"< Application, Ltoba/jit/Register, <clinit>()V >"	2	3	6	7
"< Application, Ltoba/jit/JITCodeGen, <clinit>()V >"	248	247	253	251
"< Application, Ltoba/translator/Trans, options([Ljava/lang/String;)V >"	20	1	20	14
"< Application, Ltoba/classfile/Method, <init>(Ltoba/classfile/ClassData;Ltoba/classfile/Field;)V >"	65	66	65	67
"< Application, Ltoba/classfile/Method, <init>(Ltoba/classfile/ClassData;Ltoba/classfile/Field;)V >"	272	232	238	233
"< Application, Ltoba/jit/Register, <clinit>()V >"	3	3	8	9
"< Application, Ltoba/jit/JITCodeGen, InitInstrumentation()V >"	6	10	8	9
"< Application, Ltoba/jit/Register, <clinit>()V >"	10	3	22	23
"< Application, Ltoba/jit/JITCodeGen, <clinit>()V >"	230	236	242	235
"< Application, Ltoba/classfile/Names, <clinit>()V >"	64	19	116	117
"< Application, Ltoba/classfile/Field, <init>(Ljava/io/DataInputStream;[Ltoba/classfile/Constant;)V >"	20	24	29	25
"< Application, Ltoba/classfile/Constant, <clinit>()V >"	9	13	14	15
"< Application, Ltoba/jit/Register, <clinit>()V >"	7	3	16	17
"< Application, Ltoba/classfile/Names, <clinit>()V >"	68	19	124	125
"< Application, Ltoba/jit/Intel86, makeModRM(Ljava/lang/Object;Ljava/lang/Object;)[B >"	225	6	238	247
"< Application, Ltoba/classfile/Names, <clinit>()V >"	47	19	82	83
"< Application, Ltoba/classfile/Names, <clinit>()V >"	55	19	98	99
"< Application, Ltoba/classfile/Constant, load(Ljava/io/DataInputStream;)[Ltoba/classfile/Constant; >"	21	21	26	24
"< Application, Ltoba/jit/Intel86, encode([B[B[B)[B >"	38	17	37	36
"< Application, Ltoba/classfile/Constant, load(Ljava/io/DataInputStream;)[Ltoba/classfile/Constant; >"	45	5	43	7
"< Application, Ltoba/classfile/Names, <clinit>()V >"	32	19	52	53
"< Application, Ltoba/jit/Register, <clinit>()V >"	6	3	14	15
"< Application, Ltoba/classfile/Names, <clinit>()V >"	73	19	134	135
"< Application, Ltoba/jit/JIT, main([Ljava/lang/String;)V >"	58	71	73	74
"< Application, Ltoba/jit/Intel86, encode(II)[B >"	2	6	7	8
"< Application, Ltoba/classfile/Method, <init>(Ltoba/classfile/ClassData;Ltoba/classfile/Field;)V >"	136	127	131	128
"< Application, Ltoba/classfile/Names, <clinit>()V >"	35	19	58	59
"< Application, Ltoba/classfile/Names, <clinit>()V >"	24	19	36	37
"< Application, Ltoba/classfile/Names, <clinit>()V >"	29	19	46	47
"< Application, Ltoba/classfile/Names, <clinit>()V >"	42	19	72	73
"< Application, Ltoba/jit/Register, <clinit>()V >"	14	3	30	31
"< Application, Ltoba/jit/Register, <clinit>()V >"	8	3	18	19
"< Application, Ltoba/classfile/Method, <init>(Ltoba/classfile/ClassData;Ltoba/classfile/Field;)V >"	165	139	150	142
"< Application, Ltoba/classfile/Names, <clinit>()V >"	74	19	136	137
"< Application, Ltoba/classfile/Instr, <init>([BI[Ltoba/classfile/Constant;)V >"	97	106	23	111
"< Application, Ltoba/classfile/Names, <clinit>()V >"	19	19	26	27
"< Application, Ltoba/jit/Register, <clinit>()V >"	15	3	32	33
"< Application, Ltoba/classfile/ClassData, <init>(Ljava/io/DataInputStream;)V >"	70	67	69	61
"< Application, Ltoba/jit/Intel86, makeByteArray(Ltoba/jit/Immediate;)[B >"	16	41	42	47
"< Application, Ltoba/classfile/Names, <clinit>()V >"	18	19	24	25
"< Application, Ltoba/runtime/CodeGen, referencedClasses(Ljava/lang/Class;Ljava/lang/ClassLoader;)[J >"	40	26	53	48
"< Application, Ltoba/jit/Intel86, makeModRM(Ljava/lang/Object;Ljava/lang/Object;)[B >"	215	6	233	237
"< Application, Ltoba/classfile/Instr, <init>([BI[Ltoba/classfile/Constant;)V >"	128	88	94	92
"< Application, Ltoba/jit/Intel86, makeByteArray(I)[B >"	2	5	6	7
"< Application, Ltoba/classfile/Names, <clinit>()V >"	60	19	108	109
"< Application, Ltoba/jit/Intel86, encode([B[B[B)[B >"	18	17	23	22
"< Application, Ltoba/classfile/Names, <clinit>()V >"	63	19	114	115
"< Application, Ltoba/classfile/Names, <clinit>()V >"	37	19	62	63
"< Application, Ltoba/classfile/Constant, <clinit>()V >"	23	34	35	36
"< Application, Ltoba/jit/Intel86, makeModRM(Ljava/lang/Object;Ljava/lang/Object;)[B >"	204	6	225	232
"< Application, Ltoba/classfile/Names, <clinit>()V >"	21	19	30	31
"< Application, Ltoba/translator/Trans, options([Ljava/lang/String;)V >"	8	1	46	14
"< Application, Ltoba/classfile/Constant, <clinit>()V >"	5	7	8	9
"< Application, Ltoba/classfile/Names, <clinit>()V >"	27	19	42	43
"< Application, Ltoba/classfile/Names, <clinit>()V >"	13	16	17	13
"< Application, Ltoba/classfile/Opcode, op(IIIILjava/lang/String;Ljava/lang/String;II)V >"	3	12	1	10
"< Application, Ltoba/jit/Intel86, makeByteArray(Ltoba/jit/Immediate;)[B >"	22	19	4	24
"< Application, Ltoba/jit/Intel86, makeByteArray(Ltoba/jit/Immediate;)[B >"	11	41	4	43
"< Application, Ltoba/classfile/Names, <clinit>()V >"	34	19	56	57
"< Application, Ltoba/jit/CodeBlock, storeWord(II)I >"	57	31	26	34
"< Application, Ltoba/classfile/Names, <clinit>()V >"	44	19	76	77
"< Application, Ltoba/classfile/Names, <clinit>()V >"	62	19	112	113
"< Application, Ltoba/jit/Intel86, encode(II)[B >"	4	6	9	10
"< Application, Ltoba/classfile/ClassData, buildMethodTables(Z)V >"	96	80	81	77
"< Application, Ltoba/classfile/Names, <clinit>()V >"	61	19	110	111
"< Application, Ltoba/jit/Intel86, makeByteArray(II)[B >"	2	6	7	8
"< Application, Ltoba/jit/Intel86, makeByteArray(Ltoba/jit/Immediate;)[B >"	37	19	30	39
"< Application, Ltoba/classfile/Method, <init>(Ltoba/classfile/ClassData;Ltoba/classfile/Field;)V >"	69	68	65	69
"< Application, Ltoba/classfile/Names, <clinit>()V >"	80	19	148	149
"< Application, Ltoba/classfile/Names, <clinit>()V >"	23	19	34	35
"< Application, Ltoba/classfile/Names, <clinit>()V >"	15	19	7	20
"< Application, Ltoba/classfile/Names, <clinit>()V >"	48	19	84	85
"< Application, Ltoba/classfile/Names, <clinit>()V >"	25	19	38	39
"< Application, Ltoba/classfile/Instr, <init>([BI[Ltoba/classfile/Constant;)V >"	140	100	104	102
"< Application, Ltoba/runtime/CodeGen, instanceOffsets(Ljava/lang/Class;)[I >"	44	9	63	59
"< Application, Ltoba/classfile/Names, <clinit>()V >"	77	19	142	143
"< Application, Ltoba/classfile/Names, <clinit>()V >"	30	19	48	49
"< Application, Ltoba/classfile/Constant, <clinit>()V >"	3	4	5	6
"< Application, Ltoba/classfile/Names, <clinit>()V >"	71	19	130	131
"< Application, Ltoba/jit/Register, <clinit>()V >"	5	3	12	13
"< Application, Ltoba/classfile/Names, <clinit>()V >"	69	19	126	127
"< Application, Ltoba/classfile/Names, <clinit>()V >"	65	19	118	119
"< Application, Ltoba/jit/JITCodeGen, EmitCode(Ltoba/classfile/Method;I)V >"	26	11	3	14
"< Application, Ltoba/classfile/Constant, readUTF(Ljava/io/DataInput;)Ljava/lang/String; >"	53	5	16	51
"< Application, Ltoba/classfile/Constant, <clinit>()V >"	11	16	17	18
"< Application, Ltoba/runtime/CodeGen, staticMethodAddrs(Ljava/lang/Class;[Ltoba/classfile/Field;)[J >"	13	6	27	21
"< Application, Ltoba/classfile/Names, <clinit>()V >"	39	19	66	67
"< Application, Ltoba/jit/Intel86, makeModRM(Ljava/lang/Object;Ljava/lang/Object;)[B >"	235	256	257	258
"< Application, Ltoba/classfile/Names, <clinit>()V >"	45	19	78	79
"< Application, Ltoba/classfile/Names, <clinit>()V >"	82	19	152	153
"< Application, Ltoba/jit/Register, <clinit>()V >"	11	3	24	25
"< Application, Ltoba/classfile/ClassData, <init>(Ljava/io/DataInputStream;)V >"	108	95	100	96
"< Application, Ltoba/classfile/Names, <clinit>()V >"	16	19	13	21
"< Application, Ltoba/classfile/Constant, <clinit>()V >"	13	19	20	21
"< Application, Ltoba/classfile/Names, <clinit>()V >"	54	19	96	97
"< Application, Ltoba/classfile/Constant, <clinit>()V >"	25	37	38	39
"< Application, Ltoba/jit/Intel86, encode(I)[B >"	2	5	6	7
"< Application, Ltoba/classfile/Constant, readUTF(Ljava/io/DataInput;)Ljava/lang/String; >"	9	5	16	14
"< Application, Ltoba/classfile/Constant, readUTF(Ljava/io/DataInput;)Ljava/lang/String; >"	28	5	16	32
"< Application, Ltoba/classfile/Names, <clinit>()V >"	26	19	40	41
"< Application, Ltoba/jit/Intel86, makeByteArray(Ltoba/jit/Immediate;)[B >"	27	19	21	29
"< Application, Ltoba/translator/Trans, setdbg(Ljava/lang/String;)V >"	9	12	13	9
"< Application, Ltoba/jit/Intel86, encode([B[B[B)[B >"	28	17	30	29
"< Application, Ltoba/classfile/IHash, hashlist(Ljava/lang/ClassLoader;Ltoba/classfile/ClassRef;)[I >"	64	69	78	76
"< Application, Ltoba/classfile/Names, <clinit>()V >"	66	19	120	121
"< Application, Ltoba/jit/CodeBlock, storeWord(II)I >"	40	11	3	18
"< Application, Ltoba/translator/CFile, strref(Ltoba/classfile/Constant;)I >"	19	20	21	7
"< Application, Ltoba/classfile/Constant, load(Ljava/io/DataInputStream;)[Ltoba/classfile/Constant; >"	2	5	6	7
"< Application, Ltoba/classfile/ClassData, buildVariableTables(Z)V >"	85	55	56	50
"< Application, Ltoba/classfile/Constant, <clinit>()V >"	15	22	23	24
"< Application, Ltoba/classfile/Names, <clinit>()V >"	70	19	128	129
"< Application, Ltoba/classfile/Names, <clinit>()V >"	50	19	88	89
"< Application, Ltoba/translator/CFile, strref(Ltoba/classfile/Constant;)I >"	16	15	7	19
"< Application, Ltoba/classfile/Names, <clinit>()V >"	84	19	156	157
"< Application, Ltoba/runtime/CodeGen, hashAddrs(Ljava/lang/Class;[Ltoba/classfile/Field;)[J >"	8	6	16	13
"< Application, Ltoba/jit/Intel86, makeModRM(Ljava/lang/Object;Ljava/lang/Object;)[B >"	210	6	233	254
"< Application, Ltoba/classfile/Names, <clinit>()V >"	41	19	70	71
"< Application, Ltoba/classfile/ClassData, buildVariableTables(Z)V >"	81	53	54	50
"< Application, Ltoba/jit/Intel86, makeByteArray(Ltoba/jit/Immediate;)[B >"	6	48	4	50
"< Application, Ltoba/classfile/Names, <clinit>()V >"	7	10	12	13
"< Application, Ltoba/classfile/Instr, <init>([BI[Ltoba/classfile/Constant;)V >"	154	54	23	59
"< Application, Ltoba/classfile/Names, <clinit>()V >"	75	19	138	139
"< Application, Ltoba/classfile/Constant, load(Ljava/io/DataInputStream;)[Ltoba/classfile/Constant; >"	52	5	48	7
"< Application, Ltoba/classfile/Method, <init>(Ltoba/classfile/ClassData;Ltoba/classfile/Field;)V >"	32	25	34	31
"< Application, Ltoba/translator/Trans, setdbg(Ljava/lang/String;)V >"	3	6	8	9
"< Application, Ltoba/classfile/Names, <clinit>()V >"	78	19	144	145
"< Application, Ltoba/classfile/ClassData, buildMethodTables(Z)V >"	100	82	83	77
"< Application, Ltoba/jit/Register, <clinit>()V >"	9	3	20	21
"< Application, Ltoba/jit/Register, <clinit>()V >"	16	3	34	35
"< Application, Ltoba/runtime/CodeGen, getInstanceMethodAddrs(Ljava/lang/Class;)[J >"	8	8	18	15
"< Application, Ltoba/jit/CodeBlock, storeWord(II)I >"	33	49	45	53
"< Application, Ltoba/classfile/Names, <clinit>()V >"	31	19	50	51
"< Application, Ltoba/runtime/CodeGen, hashAddrs(Ljava/lang/Class;[Ltoba/classfile/Field;)[J >"	6	6	16	12
"< Application, Ltoba/runtime/CodeGen, instanceMethodAddrs(Ljava/lang/Class;[Ltoba/classfile/Field;I)[J >"	17	6	26	28
"< Application, Ltoba/jit/CodeBlock, storeWord(II)I >"	52	25	20	30
"< Application, Ltoba/classfile/Constant, load(Ljava/io/DataInputStream;)[Ltoba/classfile/Constant; >"	6	5	61	10
"< Application, Ltoba/classfile/Names, <clinit>()V >"	83	19	154	155
"< Application, Ltoba/classfile/Instr, <init>([BI[Ltoba/classfile/Constant;)V >"	135	95	23	97
"< Application, Ltoba/jit/Intel86, makeModRM(Ljava/lang/Object;Ljava/lang/Object;)[B >"	230	6	243	252
"< Application, Ltoba/classfile/Names, <clinit>()V >"	43	19	74	75
"< Application, Ltoba/classfile/Names, <clinit>()V >"	81	19	150	151
"< Application, Ltoba/jit/CodeBlock, storeWord(II)I >"	27	44	40	48
"< Application, Ltoba/classfile/Names, <clinit>()V >"	58	19	104	105
"< Application, Ltoba/classfile/Names, <clinit>()V >"	72	19	132	133
"< Application, Ltoba/runtime/CodeGen, interfaces(Ljava/lang/Class;)[J >"	19	15	32	30
"< Application, Ltoba/jit/CodeBlock, storeWord(II)I >"	21	39	36	43
"< Application, Ltoba/classfile/Names, <clinit>()V >"	85	19	158	159
