"< Application, Ltoba/jit/JITCodeGen, SummarizeInstrumentation()V >"	1	5	java_comparison_cmp	3	4
"< Application, Ltoba/jit/CodeBlock, doBackPatch(Ltoba/jit/BackpatchInfo;)V >"	101	463	java_comparison_cmp	462	88
"< Application, Ltoba/jit/CodeBlock, overwriteInstalledCode([BI)V >"	14	17	java_comparison_cmp	14	16
"< Application, Ltoba/translator/Repr, con(Ltoba/classfile/Method;Ltoba/classfile/Constant;)Ljava/lang/String; >"	13	65	java_comparison_cmp	63	64
"< Application, Ltoba/jit/CodeBlock, resolveCode()V >"	4	7	java_comparison_cmp	5	6
"< Application, Ltoba/translator/CFile, emitStaticFinalInit(Ljava/io/PrintWriter;Ltoba/classfile/ClassData;)Z >"	36	55	java_comparison_cmp	53	54
"< Application, Ltoba/jit/CodeBlock, installCode()J >"	1	5	java_comparison_cmp	3	4
"< Application, Ltoba/translator/Repr, con(Ltoba/classfile/Method;Ltoba/classfile/Constant;)Ljava/lang/String; >"	15	67	java_comparison_cmp	63	66
"< Application, Ltoba/translator/Repr, simplefloat(D)Z >"	10	15	java_comparison_cmpl	13	14
"< Application, Ltoba/runtime/CodeGen, staticMethodAddrs(Ljava/lang/Class;[Ltoba/classfile/Field;)[J >"	15	24	java_comparison_cmp	22	23
"< Application, Ltoba/translator/Repr, simplefloat(D)Z >"	14	19	java_comparison_cmpl	1	18
"< Application, Ltoba/jit/CodeBlock, doBackPatch(Ltoba/jit/BackpatchInfo;)V >"	130	414	java_comparison_cmp	412	413
"< Application, Ltoba/translator/Repr, simplefloat(D)Z >"	22	26	java_comparison_cmpl	1	25
"< Application, Ltoba/jit/JITCodeGen, emitBackJumpCall(Ltoba/classfile/Instr;)V >"	1	6	java_comparison_cmp	4	5
"< Application, Ltoba/jit/CodeBlock, addByteArray([B)[B >"	1	6	java_comparison_cmp	4	5
"< Application, Ltoba/jit/CodeBlock, doBackPatch(Ltoba/jit/BackpatchInfo;)V >"	180	360	java_comparison_cmp	359	88
"< Application, Ltoba/jit/CodeBlock, installCode()J >"	10	15	java_comparison_cmp	14	4
"< Application, Ltoba/runtime/CodeGen, instanceMethodAddrs(Ljava/lang/Class;[Ltoba/classfile/Field;I)[J >"	20	32	java_comparison_cmp	30	31
"< Application, Ltoba/translator/Repr, simplefloat(D)Z >"	12	17	java_comparison_cmpg	1	16
"< Application, Ltoba/jit/CodeBlock, doBackPatch(Ltoba/jit/BackpatchInfo;)V >"	423	89	java_comparison_cmp	87	88
"< Application, Ltoba/jit/JITCodeGen, generateCode(Ljava/lang/Class;Ltoba/classfile/Method;)Ltoba/classfile/MethodCode; >"	31	101	java_comparison_cmp	88	91
"< Application, Ltoba/translator/CFile, emitStaticFinalInit(Ljava/io/PrintWriter;Ltoba/classfile/ClassData;)Z >"	38	57	java_comparison_cmp	53	56
"< Application, Ltoba/jit/JITCodeGen, generateCode(Ljava/lang/Class;Ltoba/classfile/Method;)Ltoba/classfile/MethodCode; >"	47	92	java_comparison_cmp	88	91
"< Application, Ltoba/translator/Repr, simplefloat(D)Z >"	6	11	java_comparison_cmp	9	10
"< Application, Ltoba/jit/CodeBlock, addWord(I)I >"	1	6	java_comparison_cmp	4	5
"< Application, Ltoba/translator/Repr, simplefloat(D)Z >"	20	24	java_comparison_cmpg	1	23
"< Application, Ltoba/jit/CodeBlock, doBackPatch(Ltoba/jit/BackpatchInfo;)V >"	396	166	java_comparison_cmp	165	88
"< Application, Ltoba/jit/CodeBlock, overwriteInstalledCode([BI)V >"	1	7	java_comparison_cmp	5	6
"< Application, Ltoba/translator/Repr, simplefloat(D)Z >"	18	22	java_comparison_cmpl	21	14
"< Application, Ltoba/jit/CodeBlock, addByte(B)B >"	1	6	java_comparison_cmp	4	5
"< Application, Ltoba/translator/Trans, foreign(Ljava/io/File;)Z >"	3	9	java_comparison_cmp	7	8
