"< Application, Ltoba/runtime/CodeGen, baseSize()I >"
"< Application, Ltoba/runtime/ClassRT, setStaticMethods(Ljava/lang/Class;[Ltoba/classfile/Field;[J)V >"
"< Application, Ltoba/runtime/ClassRT, getMethodTEnt(Ljava/lang/Class;ZI)J >"
"< Application, Ltoba/runtime/ClassRT, setInstanceMethods(Ljava/lang/Class;[Ltoba/classfile/Field;[J)V >"
"< Application, Ltoba/runtime/CodeGen, pokeByte(JB)V >"
"< Application, Ltoba/runtime/ClassRT, getClassDataInternal(Ljava/lang/Class;)Ltoba/classfile/ClassData; >"
"< Application, Ltoba/runtime/CodeGen, typeSpace(C)I >"
"< Application, Ltoba/classfile/ClassData, ClassDataInternal(Ltoba/classfile/ClassData;Ljava/lang/Class;)V >"
"< Application, Ltoba/runtime/ClassRT, setFlags(Ljava/lang/Class;I)V >"
"< Application, Ltoba/runtime/ClassRT, setReferencedClasses(Ljava/lang/Class;[J)V >"
"< Application, Ltoba/jit/JITCodeGen, getFieldOffset(I)I >"
"< Application, Ltoba/jit/JITCodeGen, allocUncolMemory(I)J >"
"< Application, Ltoba/jit/JITCodeGen, getStringAddress(Ljava/lang/String;)J >"
"< Application, Ltoba/runtime/ClassRT, setName(Ljava/lang/Class;Ljava/lang/String;)V >"
"< Application, Ltoba/runtime/ClassRT, setHashTable(Ljava/lang/Class;I[Ltoba/classfile/Field;[J)V >"
"< Application, Ltoba/jit/JITCodeGen, getArrayDataAddress(Ljava/lang/Object;)J >"
"< Application, Ltoba/runtime/SystemClassLoader, invokeLoader(Ljava/lang/ClassLoader;Ljava/lang/String;Z)Ljava/lang/Class; >"
"< Application, Ltoba/runtime/ClassRT, updateMethodExceptionLists(Ltoba/classfile/ClassData;)V >"
"< Application, Ltoba/jit/JITCodeGen, getNPprimclass(II)J >"
"< Application, Ltoba/runtime/CodeGen, getNativeSymbolAddress(Ljava/lang/String;)J >"
"< Application, Ltoba/runtime/ClassRT, setFinalizer(Ljava/lang/Class;J)V >"
"< Application, Ltoba/runtime/ClassRT, initClass(Ljava/lang/Class;)V >"
"< Application, Ltoba/runtime/ClassRT, setMTEntFuncPtr(JJ)V >"
"< Application, Ltoba/runtime/ClassRT, setClassLoader(Ljava/lang/Class;Ljava/lang/ClassLoader;)V >"
"< Application, Ltoba/jit/JITCodeGen, getOverheadSize()[I >"
"< Application, Ltoba/runtime/ClassRT, setInterfaces(Ljava/lang/Class;[JI)V >"
"< Application, Ltoba/runtime/ClassRT, setConstructor(Ljava/lang/Class;J)V >"
"< Application, Ltoba/runtime/ClassRT, setClassData(Ljava/lang/Class;Ltoba/classfile/ClassData;)V >"
"< Application, Ltoba/jit/JITCodeGen, getFuncAddr(I)J >"
"< Application, Ltoba/runtime/ClassRT, setSuperclasses(Ljava/lang/Class;[J)V >"
"< Application, Ltoba/runtime/CodeGen, pokeLong(JJ)V >"
"< Application, Ltoba/runtime/ClassRT, setClassInitializer(Ljava/lang/Class;J)V >"
"< Application, Ltoba/runtime/ClassRT, getElementClass(Ljava/lang/Class;)Ljava/lang/Class; >"
"< Application, Ltoba/runtime/CodeGen, typeAlignment(C)I >"
"< Application, Ltoba/runtime/ClassRT, getFlags(Ljava/lang/Class;)I >"
"< Application, Ltoba/runtime/ClassRT, setStringPool(Ljava/lang/Class;[Ljava/lang/String;)V >"
"< Application, Ltoba/runtime/ClassRT, setInstanceVariables(Ljava/lang/Class;[Ltoba/classfile/Field;[I)V >"
"< Application, Ltoba/runtime/ClassRT, getClassVarAddr(Ljava/lang/Class;I)J >"
"< Application, Ltoba/jit/JIT, startMain(J[Ljava/lang/String;)V >"
"< Application, Ltoba/runtime/ClassRT, getNativeClass(Ljava/lang/Class;)J >"
"< Application, Ltoba/runtime/CodeGen, getNativeObjectAddr(Ljava/lang/Object;)J >"
"< Application, Ltoba/runtime/SystemClassLoader, findNativeClass(Ljava/lang/String;)Ljava/lang/Class; >"
"< Application, Ltoba/runtime/ClassRT, getMTEntFuncPtr(J)J >"
"< Application, Ltoba/jit/CodeBlock, allocNativeBlock(I)J >"
"< Application, Ltoba/runtime/CodeGen, verifyRequirements()V >"
"< Application, Ltoba/runtime/ClassRT, getInstanceVarOffset(Ljava/lang/Class;I)I >"
"< Application, Ltoba/runtime/ClassRT, setClassVariables(Ljava/lang/Class;[Ltoba/classfile/Field;[II)V >"
"< Application, Ltoba/runtime/ClassRT, allocateNativeClass(Ltoba/classfile/ClassData;III)Ljava/lang/Class; >"
"< Application, Ltoba/runtime/CodeGen, baseAlignment()I >"
"< Application, Ltoba/runtime/ClassRT, getArrayClass(Ljava/lang/Class;)Ljava/lang/Class; >"
"< Application, Ltoba/runtime/ClassRT, setInstanceSize(Ljava/lang/Class;I)V >"
"< Application, Ltoba/jit/CodeBlock, copyNativeCode([BIJ)V >"
"< Application, Ltoba/runtime/CodeGen, pokeShort(JS)V >"
"< Application, Ltoba/runtime/CodeGen, pokeInt(JI)V >"
