"< Application, Ltoba/translator/Trans, options([Ljava/lang/String;)V >"	"bb38"	46	[("bb37", 45), ("bb1", 3)]
"< Application, Ltoba/runtime/CodeGen, setSpecialMethods(Ljava/lang/Class;)V >"	"bb24"	38	[("bb23", 35), ("bb2", 4)]
"< Application, Ltoba/runtime/CodeGen, instanceSize([Ltoba/classfile/Field;[I)I >"	"bb21"	32	[("bb20", 30), ("bb13", 6)]
"< Application, Ltoba/translator/MethGen, parmdecls(Ltoba/classfile/Method;)Ljava/lang/String; >"	"bb17"	23	[("bb16", 22), ("bb15", 54)]
"< Application, Ltoba/translator/HFile, write(Ljava/io/PrintWriter;Ltoba/classfile/ClassData;)V >"	"bb55"	94	[("bb54", 93), ("bb37", 37)]
"< Application, Ltoba/translator/MethGen, lvinits(Ljava/io/PrintWriter;Ltoba/classfile/Method;)V >"	"bb31"	65	[("bb20", 44), ("bb30", 51)]
"< Application, Ltoba/classfile/Names, idstring(Ljava/lang/String;)Z >"	"bb12"	17	[("bb6", 3), ("bb11", 16)]
"< Application, Ltoba/classfile/MethodRef, findMethod(Ltoba/classfile/ClassData;)Ltoba/classfile/Field; >"	"bb28"	22	[("bb25", 18), ("bb21", 18), ("bb17", 17)]
"< Application, Ltoba/translator/Trans, doname(Ljava/lang/String;)V >"	"bb11"	26	[("bb9", 22), ("bb7", 17)]
"< Application, Ltoba/jit/CodeBlock, BV(Ljava/lang/String;I)I >"	"bb16"	19	[("bb15", 17), ("bb4", 24)]
"< Application, Ltoba/classfile/ClassData, buildVariableTables(Z)V >"	"bb16"	17	[("bb15", 4), ("bb11", 16)]
"< Application, Ltoba/classfile/Method, mark(ILjava/lang/String;I)V >"	"bb91"	92	[("bb90", 91), ("bb81", 79)]
"< Application, Ltoba/translator/MethGen, lvinits(Ljava/io/PrintWriter;Ltoba/classfile/Method;)V >"	"bb31"	66	[("bb20", 18), ("bb30", 71)]
"< Application, Ltoba/classfile/ClassFile, close()V >"	"bb4"	7	[("bb2", 3), ("bb3", 5)]
"< Application, Ltoba/jit/JITCodeGen, EmitCode(Ltoba/classfile/Method;I)V >"	"bb106"	1635	[("bb101", 1634), ("bb105", 1628)]
"< Application, Ltoba/translator/InsGen, igen(Ljava/io/PrintWriter;Ltoba/classfile/Method;Ltoba/classfile/Instr;)V >"	"bb798"	498	[("bb797", 492), ("bb794", 496), ("bb796", 484), ("bb793", 484)]
"< Application, Ltoba/jit/JITCodeGen, setCallArgs(I)I >"	"bb11"	18	[("bb10", 17), ("bb1", 4)]
"< Application, Ltoba/translator/Trans, options([Ljava/lang/String;)V >"	"bb37"	44	[("bb20", 13), ("bb29", 13), ("bb4", 47), ("bb26", 13), ("bb19", 13), ("bb7", 47), ("bb28", 13), ("bb13", 13), ("bb27", 13), ("bb36", 13)]
"< Application, Ltoba/translator/InsGen, igen(Ljava/io/PrintWriter;Ltoba/classfile/Method;Ltoba/classfile/Instr;)V >"	"bb255"	1363	[("bb253", 6), ("bb254", 1362)]
"< Application, Ltoba/translator/HFile, write(Ljava/io/PrintWriter;Ltoba/classfile/ClassData;)V >"	"bb86"	147	[("bb66", 37), ("bb85", 145)]
"< Application, Ltoba/jit/Intel86, TEST(Ljava/lang/Object;Ljava/lang/Object;)[B >"	"bb17"	50	[("bb16", 35), ("bb15", 9)]
"< Application, Ltoba/translator/HFile, write(Ljava/io/PrintWriter;Ltoba/classfile/ClassData;)V >"	"bb115"	179	[("bb114", 178), ("bb109", 37)]
"< Application, Ltoba/translator/CFile, write(Ljava/io/PrintWriter;Ltoba/classfile/ClassData;)V >"	"bb69"	88	[("bb68", 87), ("bb58", 12)]
"< Application, Ltoba/classfile/ClassFile, findInPath(Ljava/lang/String;Ljava/lang/String;Ljava/lang/String;)Ltoba/classfile/ClassFile; >"	"bb24"	44	[("bb23", 5), ("bb22", 41)]
"< Application, Ltoba/translator/MethGen, parmdecls(Ltoba/classfile/Method;)Ljava/lang/String; >"	"bb31"	41	[("bb29", 38), ("bb26", 35), ("bb14", 18), ("bb23", 32), ("bb28", 37), ("bb30", 39), ("bb20", 18), ("bb27", 36), ("bb25", 34), ("bb24", 33), ("bb22", 18)]
"< Application, Ltoba/jit/JITCodeGen, EmitCode(Ltoba/classfile/Method;I)V >"	"bb87"	1656	[("bb86", 1649), ("bb83", 1655)]
"< Application, Ltoba/runtime/Resolve, resolveClass(Ltoba/classfile/ClassData;Ljava/lang/ClassLoader;)V >"	"bb50"	52	[("bb30", 20), ("bb49", 51)]
"< Application, Ltoba/runtime/CodeGen, instanceSize([Ltoba/classfile/Field;[I)I >"	"bb20"	29	[("bb18", 31), ("bb19", 28)]
"< Application, Ltoba/classfile/ClassData, buildTables()V >"	"bb10"	9	[("bb8", 5), ("bb9", 4)]
"< Application, Ltoba/jit/Intel86, makeModRM(Ljava/lang/Object;Ljava/lang/Object;)[B >"	"bb116"	185	[("bb108", 178), ("bb7", 19)]
"< Application, Ltoba/jit/CodeBlock, BV(Ljava/lang/String;I)I >"	"bb17"	24	[("bb16", 19), ("bb2", 5)]
"< Application, Ltoba/classfile/Method, sigscan()V >"	"bb17"	27	[("bb12", 58), ("bb16", 26)]
"< Application, Ltoba/classfile/Names, <clinit>()V >"	"bb7"	15	[("bb6", 14), ("bb3", 7)]
"< Application, Ltoba/classfile/ClassData, buildMethodTables(Z)V >"	"bb55"	55	[("bb54", 58), ("bb27", 52)]
"< Application, Ltoba/jit/CodeBlock, doBackPatch(Ltoba/jit/BackpatchInfo;)V >"	"bb274"	263	[("bb262", 8), ("bb273", 261)]
"< Application, Ltoba/classfile/ClassRef, byName(Ljava/lang/String;)Ltoba/classfile/ClassRef; >"	"bb9"	15	[("bb8", 10), ("bb4", 8)]
"< Application, Ltoba/runtime/CodeGen, instanceOffsets(Ljava/lang/Class;)[I >"	"bb19"	27	[("bb13", 12), ("bb18", 26)]
"< Application, Ltoba/jit/Intel86, makeModRM(Ljava/lang/Object;Ljava/lang/Object;)[B >"	"bb116"	184	[("bb108", 23), ("bb7", 7)]
"< Application, Ltoba/translator/MethGen, mgen(Ljava/io/PrintWriter;Ltoba/classfile/Method;)V >"	"bb111"	160	[("bb101", 9), ("bb110", 159)]
"< Application, Ltoba/classfile/Instr, argwords(Ljava/lang/String;)I >"	"bb28"	41	[("bb27", 38), ("bb1", 3)]
"< Application, Ltoba/jit/CodeBlock, getCodeWord(I)I >"	"bb24"	48	[("bb23", 28), ("bb16", 45)]
"< Application, Ltoba/classfile/IHash, hashlist(Ljava/lang/ClassLoader;Ltoba/classfile/ClassRef;)[I >"	"bb50"	66	[("bb42", 5), ("bb49", 65)]
"< Application, Ltoba/classfile/IHash, hashlist(Ljava/lang/ClassLoader;Ltoba/classfile/ClassRef;)[I >"	"bb36"	56	[("bb30", 55), ("bb35", 56)]
"< Application, Ltoba/translator/Trans, setdbg(Ljava/lang/String;)V >"	"bb5"	11	[("bb4", 10), ("bb1", 3)]
"< Application, Ltoba/translator/CFile, write(Ljava/io/PrintWriter;Ltoba/classfile/ClassData;)V >"	"bb35"	42	[("bb22", 19), ("bb34", 41)]
"< Application, Ltoba/jit/CodeBlock, storeByteArray([BI)[B >"	"bb8"	13	[("bb3", 3), ("bb7", 10)]
"< Application, Ltoba/translator/CFile, cltables(Ljava/io/PrintWriter;Ltoba/classfile/ClassData;)V >"	"bb122"	190	[("bb120", 88), ("bb121", 19)]
"< Application, Ltoba/jit/JITCodeGen, EmitSyncWrapper(Ltoba/classfile/Method;)V >"	"bb8"	15	[("bb7", 14), ("bb6", 7)]
"< Application, Ltoba/classfile/IHash, impls(Ltoba/classfile/ClassData;)Ljava/util/Vector; >"	"bb12"	18	[("bb11", 17), ("bb3", 5)]
"< Application, Ltoba/translator/CFile, hashgen(Ljava/io/PrintWriter;Ltoba/classfile/ClassData;)V >"	"bb35"	63	[("bb11", 18), ("bb34", 62)]
"< Application, Ltoba/jit/Intel86, encode([B[B[B)[B >"	"bb15"	24	[("bb12", 6), ("bb14", 21)]
"< Application, Ltoba/classfile/ClassData, buildVariableTables(Z)V >"	"bb83"	58	[("bb82", 57), ("bb70", 4)]
"< Application, Ltoba/jit/Intel86, makeModRM(Ljava/lang/Object;Ljava/lang/Object;)[B >"	"bb108"	176	[("bb104", 62), ("bb99", 77), ("bb37", 18), ("bb81", 18), ("bb48", 18), ("bb65", 18), ("bb36", 18), ("bb59", 18), ("bb84", 106), ("bb87", 98), ("bb54", 155), ("bb94", 89), ("bb80", 117), ("bb75", 133), ("bb40", 153), ("bb62", 18), ("bb45", 18), ("bb70", 134)]
"< Application, Ltoba/classfile/Instr, <init>([BI[Ltoba/classfile/Constant;)V >"	"bb90"	82	[("bb87", 24), ("bb89", 27)]
"< Application, Ltoba/classfile/IHash, <init>(Ltoba/classfile/ClassData;)V >"	"bb28"	43	[("bb27", 42), ("bb26", 37)]
"< Application, Ltoba/jit/CodeBlock, resolveCode()V >"	"bb68"	91	[("bb67", 88), ("bb26", 29)]
"< Application, Ltoba/classfile/Method, <init>(Ltoba/classfile/ClassData;Ltoba/classfile/Field;)V >"	"bb125"	131	[("bb124", 130), ("bb109", 22)]
"< Application, Ltoba/translator/MethGen, mgen(Ljava/io/PrintWriter;Ltoba/classfile/Method;)V >"	"bb70"	108	[("bb69", 107), ("bb35", 9)]
"< Application, Ltoba/classfile/MethodRef, findMethod(Ltoba/classfile/ClassData;)Ltoba/classfile/Field; >"	"bb14"	12	[("bb7", 7), ("bb3", 5), ("bb11", 7)]
"< Application, Ltoba/runtime/CodeGen, interfaces(Ljava/lang/Class;)[J >"	"bb20"	38	[("bb19", 38), ("bb12", 36)]
"< Application, Ltoba/jit/CodeBlock, doBackPatch(Ltoba/jit/BackpatchInfo;)V >"	"bb130"	424	[("bb122", 423), ("bb129", 421)]
"< Application, Ltoba/classfile/Names, hashname(Ljava/lang/String;Ljava/lang/String;Ljava/lang/String;Ljava/lang/StringBuffer;)Ljava/lang/String; >"	"bb30"	70	[("bb24", 10), ("bb29", 68)]
"< Application, Ltoba/runtime/CodeGen, referencedClasses(Ljava/lang/Class;Ljava/lang/ClassLoader;)[J >"	"bb39"	51	[("bb19", 5), ("bb38", 49)]
"< Application, Ltoba/jit/CodeBlock, expandArr(I)V >"	"bb10"	11	[("bb8", 10), ("bb9", 2)]
"< Application, Ltoba/classfile/ClassData, addByNameLoader(Ljava/lang/String;Ljava/lang/ClassLoader;Ltoba/classfile/ClassData;)V >"	"bb10"	17	[("bb9", 12), ("bb5", 11)]
"< Application, Ltoba/classfile/Instr, <init>([BI[Ltoba/classfile/Constant;)V >"	"bb90"	83	[("bb87", 81), ("bb89", 70)]
"< Application, Ltoba/classfile/ClassFile, find(Ljava/lang/String;)Ltoba/classfile/ClassFile; >"	"bb32"	29	[("bb30", 26), ("bb28", 20), ("bb31", 20)]
"< Application, Ltoba/translator/CFile, strdump(Ljava/io/PrintWriter;Ltoba/classfile/ClassData;)V >"	"bb48"	97	[("bb47", 97), ("bb38", 95)]
"< Application, Ltoba/classfile/Names, hashinterface(Ljava/lang/String;Ljava/lang/String;)I >"	"bb4"	14	[("bb3", 13), ("bb1", 4)]
"< Application, Ltoba/translator/Trans, main([Ljava/lang/String;)V >"	"bb23"	35	[("bb17", 15), ("bb22", 34)]
"< Application, Ltoba/classfile/ClassData, forClass(Ljava/lang/Class;)Ltoba/classfile/ClassData; >"	"bb10"	17	[("bb9", 10), ("bb4", 8)]
"< Application, Ltoba/classfile/ClassData, <init>(Ljava/io/DataInputStream;)V >"	"bb55"	55	[("bb54", 54), ("bb42", 33)]
"< Application, Ltoba/runtime/CodeGen, interfaces(Ljava/lang/Class;)[J >"	"bb20"	32	[("bb19", 28), ("bb12", 37)]
"< Application, Ltoba/classfile/Names, hashname(Ljava/lang/String;Ljava/lang/String;Ljava/lang/String;Ljava/lang/StringBuffer;)Ljava/lang/String; >"	"bb17"	41	[("bb10", 10), ("bb16", 38)]
"< Application, Ltoba/classfile/IHash, mark(Ljava/lang/ClassLoader;Ltoba/classfile/ClassData;)V >"	"bb18"	33	[("bb17", 33), ("bb8", 32)]
"< Application, Ltoba/classfile/Method, sigscan()V >"	"bb23"	33	[("bb20", 27), ("bb22", 32)]
"< Application, Ltoba/jit/Intel86, TestIntel86([Ljava/lang/String;)V >"	"bb46"	53	[("bb45", 52), ("bb43", 5)]
"< Application, Ltoba/classfile/Constant, load(Ljava/io/DataInputStream;)[Ltoba/classfile/Constant; >"	"bb99"	77	[("bb75", 8), ("bb98", 76)]
"< Application, Ltoba/classfile/ClassData, buildMethodTables(Z)V >"	"bb66"	51	[("bb65", 48), ("bb11", 11)]
"< Application, Ltoba/jit/Intel86, OR(Ljava/lang/Object;Ljava/lang/Object;)[B >"	"bb13"	48	[("bb11", 29), ("bb12", 9)]
"< Application, Ltoba/translator/CFile, cltables(Ljava/io/PrintWriter;Ltoba/classfile/ClassData;)V >"	"bb38"	66	[("bb36", 64), ("bb37", 65)]
"< Application, Ltoba/translator/InsGen, igen(Ljava/io/PrintWriter;Ltoba/classfile/Method;Ltoba/classfile/Instr;)V >"	"bb322"	1354	[("bb313", 6), ("bb321", 1353)]
"< Application, Ltoba/runtime/CodeGen, instanceMethodAddrs(Ljava/lang/Class;[Ltoba/classfile/Field;I)[J >"	"bb30"	35	[("bb8", 14), ("bb29", 34)]
"< Application, Ltoba/classfile/IHash, mark(Ljava/lang/ClassLoader;Ltoba/classfile/ClassData;)V >"	"bb22"	32	[("bb21", 33), ("bb6", 31)]
"< Application, Ltoba/jit/Intel86, makeModRM(Ljava/lang/Object;Ljava/lang/Object;)[B >"	"bb168"	259	[("bb167", 257), ("bb165", 255)]
"< Application, Ltoba/classfile/Constant, readUTF(Ljava/io/DataInput;)Ljava/lang/String; >"	"bb35"	16	[("bb31", 41), ("bb7", 13), ("bb18", 24), ("bb3", 6)]
"< Application, Ltoba/jit/Intel86, ADC(Ljava/lang/Object;Ljava/lang/Object;)[B >"	"bb17"	53	[("bb16", 52), ("bb15", 9)]
"< Application, Ltoba/translator/InsGen, ancestor(Ltoba/classfile/ClassData;Ljava/lang/String;)Z >"	"bb8"	10	[("bb1", 1), ("bb7", 9)]
"< Application, Ltoba/jit/CodeBlock, doBackPatch(Ltoba/jit/BackpatchInfo;)V >"	"bb299"	234	[("bb298", 232), ("bb283", 8)]
"< Application, Ltoba/translator/MethGen, lvinits(Ljava/io/PrintWriter;Ltoba/classfile/Method;)V >"	"bb31"	64	[("bb20", 34), ("bb30", 56)]
"< Application, Ltoba/runtime/CodeGen, referencedClasses(Ljava/lang/Class;Ljava/lang/ClassLoader;)[J >"	"bb34"	45	[("bb31", 38), ("bb33", 44)]
"< Application, Ltoba/translator/CFile, emitStaticFinalInit(Ljava/io/PrintWriter;Ltoba/classfile/ClassData;)Z >"	"bb140"	228	[("bb14", 231), ("bb139", 30), ("bb6", 231)]
"< Application, Ltoba/runtime/SystemClassLoader, loadClass(Ljava/lang/String;Z)Ljava/lang/Class; >"	"bb15"	20	[("bb14", 19), ("bb7", 13), ("bb5", 11)]
"< Application, Ltoba/translator/Trans, doname(Ljava/lang/String;)V >"	"bb11"	25	[("bb9", 20), ("bb7", 17)]
"< Application, Ltoba/classfile/ClassData, buildMethodTables(Z)V >"	"bb52"	59	[("bb31", 56), ("bb51", 59)]
"< Application, Ltoba/jit/Intel86, makeModRM(Ljava/lang/Object;Ljava/lang/Object;)[B >"	"bb52"	155	[("bb51", 153), ("bb50", 18)]
"< Application, Ltoba/classfile/ClassData, buildMethodTables(Z)V >"	"bb52"	57	[("bb31", 54), ("bb51", 57)]
"< Application, Ltoba/jit/Intel86, AND(Ljava/lang/Object;Ljava/lang/Object;)[B >"	"bb13"	49	[("bb12", 9), ("bb11", 29)]
"< Application, Ltoba/jit/JITCodeGen, EmitCkInstance(Ltoba/classfile/Instr;Ltoba/classfile/ClassRef;)V >"	"bb129"	66	[("bb127", 62), ("bb128", 9)]
"< Application, Ltoba/jit/JITCodeGen, setCallArgs(Ljava/lang/String;)I >"	"bb32"	40	[("bb31", 54), ("bb2", 8), ("bb22", 37)]
"< Application, Ltoba/translator/CFile, methodsigs(Ljava/io/PrintWriter;Ltoba/classfile/ClassData;)V >"	"bb22"	32	[("bb21", 6), ("bb20", 31)]
"< Application, Ltoba/classfile/IHash, hashlist(Ljava/lang/ClassLoader;Ltoba/classfile/ClassRef;)[I >"	"bb39"	55	[("bb38", 54), ("bb26", 5)]
"< Application, Ltoba/classfile/Names, hashname(Ljava/lang/String;Ljava/lang/String;Ljava/lang/String;Ljava/lang/StringBuffer;)Ljava/lang/String; >"	"bb22"	51	[("bb21", 49), ("bb19", 39)]
"< Application, Ltoba/classfile/Names, hashinterface(Ljava/lang/String;Ljava/lang/String;)I >"	"bb9"	26	[("bb6", 15), ("bb8", 22)]
"< Application, Ltoba/runtime/CodeGen, buildNativeClass(Ltoba/classfile/ClassData;Ljava/lang/ClassLoader;)Ljava/lang/Class; >"	"bb92"	98	[("bb91", 96), ("bb42", 40)]
"< Application, Ltoba/jit/Intel86, XOR(Ljava/lang/Object;Ljava/lang/Object;)[B >"	"bb13"	49	[("bb12", 9), ("bb11", 29)]
"< Application, Ltoba/jit/Intel86, TEST(Ljava/lang/Object;Ljava/lang/Object;)[B >"	"bb13"	46	[("bb11", 26), ("bb12", 9)]
"< Application, Ltoba/jit/CodeBlock, resolveCode()V >"	"bb45"	55	[("bb44", 54), ("bb31", 4)]
"< Application, Ltoba/jit/JITCodeGen, EmitCode(Ltoba/classfile/Method;I)V >"	"bb129"	1599	[("bb124", 1598), ("bb128", 1592)]
"< Application, Ltoba/classfile/Instr, argwords(Ljava/lang/String;)I >"	"bb27"	38	[("bb6", 19), ("bb12", 26), ("bb9", 23), ("bb8", 22), ("bb13", 27), ("bb10", 24), ("bb22", 9), ("bb5", 18), ("bb7", 20), ("bb17", 28), ("bb11", 25), ("bb26", 9)]
"< Application, Ltoba/translator/MethGen, dclvars(Ljava/io/PrintWriter;Ltoba/classfile/Method;CZ)V >"	"bb40"	61	[("bb5", 8), ("bb39", 59)]
"< Application, Ltoba/InstallClassFile, main([Ljava/lang/String;)V >"	"bb29"	40	[("bb25", 28), ("bb22", 28), ("bb28", 36)]
"< Application, Ltoba/translator/MethGen, lvinits(Ljava/io/PrintWriter;Ltoba/classfile/Method;)V >"	"bb32"	69	[("bb31", 64), ("bb6", 12)]
"< Application, Ltoba/jit/JITCodeGen, <clinit>()V >"	"bb116"	253	[("bb115", 252), ("bb112", 151)]
"< Application, Ltoba/classfile/Instr, toString()Ljava/lang/String; >"	"bb41"	14	[("bb40", 12), ("bb39", 13)]
"< Application, Ltoba/classfile/ClassData, forStream(Ljava/lang/ClassLoader;Ljava/io/DataInputStream;Z)Ltoba/classfile/ClassData; >"	"bb10"	14	[("bb6", 9), ("bb9", 5), ("bb7", 5)]
"< Application, Ltoba/jit/Intel86, makeModRM(Ljava/lang/Object;Ljava/lang/Object;)[B >"	"bb32"	42	[("bb31", 7), ("bb30", 19)]
"< Application, Ltoba/jit/CodeBlock, reserveCode(ILtoba/classfile/Instr;Ljava/lang/Object;J)Ltoba/jit/BackpatchInfo; >"	"bb36"	50	[("bb35", 49), ("bb31", 19)]
"< Application, Ltoba/classfile/Method, <init>(Ltoba/classfile/ClassData;Ltoba/classfile/Field;)V >"	"bb197"	183	[("bb195", 186), ("bb196", 182)]
"< Application, Ltoba/translator/CFile, write(Ljava/io/PrintWriter;Ltoba/classfile/ClassData;)V >"	"bb14"	21	[("bb13", 20), ("bb8", 12)]
"< Application, Ltoba/jit/CodeBlock, getCodeWord(I)I >"	"bb15"	47	[("bb9", 5), ("bb14", 43)]
"< Application, Ltoba/jit/Intel86, TestIntel86([Ljava/lang/String;)V >"	"bb16"	20	[("bb15", 19), ("bb13", 14)]
"< Application, Ltoba/translator/Supers, load(Ltoba/classfile/ClassData;)V >"	"bb12"	12	[("bb11", 11), ("bb5", 6)]
"< Application, Ltoba/classfile/ClassRef, bySignature(Ljava/lang/String;)Ltoba/classfile/ClassRef; >"	"bb31"	55	[("bb8", 49), ("bb23", 24), ("bb11", 44), ("bb14", 39), ("bb26", 19), ("bb17", 34), ("bb2", 3), ("bb5", 54), ("bb20", 29), ("bb30", 14)]
"< Application, Ltoba/jit/JIT, main([Ljava/lang/String;)V >"	"bb16"	27	[("bb15", 26), ("bb13", 35)]
"< Application, Ltoba/jit/Intel86, makeModRM(Ljava/lang/Object;Ljava/lang/Object;)[B >"	"bb24"	33	[("bb23", 7), ("bb22", 19)]
"< Application, Ltoba/jit/JITCodeGen, EmitSyncWrapper(Ltoba/classfile/Method;)V >"	"bb209"	365	[("bb201", 13), ("bb208", 364)]
"< Application, Ltoba/jit/CodeBlock, dumpHex()V >"	"bb39"	60	[("bb13", 23), ("bb38", 58)]
"< Application, Ltoba/runtime/Supers, load(Ltoba/classfile/ClassData;Ljava/lang/ClassLoader;)V >"	"bb20"	16	[("bb19", 15), ("bb16", 1)]
"< Application, Ltoba/jit/JITCodeGen, EmitCode(Ltoba/classfile/Method;I)V >"	"bb476"	991	[("bb474", 22), ("bb475", 990)]
"< Application, Ltoba/InstallClassFile, main([Ljava/lang/String;)V >"	"bb14"	21	[("bb12", 18), ("bb13", 16)]
"< Application, Ltoba/InstallClassFile, main([Ljava/lang/String;)V >"	"bb46"	70	[("bb15", 4), ("bb37", 39), ("bb45", 39)]
"< Application, Ltoba/jit/Intel86, makeModRM(Ljava/lang/Object;Ljava/lang/Object;)[B >"	"bb7"	15	[("bb6", 2), ("bb5", 3), ("bb4", 3)]
"< Application, Ltoba/jit/CodeBlock, doBackPatch(Ltoba/jit/BackpatchInfo;)V >"	"bb299"	233	[("bb298", 231), ("bb283", 193)]
"< Application, Ltoba/classfile/Instr, argwords(Ljava/lang/String;)I >"	"bb28"	42	[("bb27", 40), ("bb1", 4)]
"< Application, Ltoba/translator/CFile, emitStaticFinalInit(Ljava/io/PrintWriter;Ltoba/classfile/ClassData;)Z >"	"bb14"	23	[("bb13", 14), ("bb12", 20)]
"< Application, Ltoba/translator/CFile, gfloats(Ljava/io/PrintWriter;[Ltoba/classfile/Constant;)V >"	"bb42"	73	[("bb2", 5), ("bb41", 72)]
"< Application, Ltoba/classfile/IHash, mark(Ljava/lang/ClassLoader;Ltoba/classfile/ClassData;)V >"	"bb18"	38	[("bb17", 38), ("bb8", 37)]
"< Application, Ltoba/jit/CodeBlock, doBackPatch(Ltoba/jit/BackpatchInfo;)V >"	"bb98"	462	[("bb97", 456), ("bb90", 460)]
"< Application, Ltoba/jit/Intel86, TestIntel86([Ljava/lang/String;)V >"	"bb33"	44	[("bb32", 43), ("bb31", 36)]
"< Application, Ltoba/jit/JITCodeGen, EmitBinOp(Ltoba/classfile/Instr;)V >"	"bb120"	219	[("bb118", 217), ("bb114", 218), ("bb119", 216)]
"< Application, Ltoba/runtime/CodeGen, instanceOffsets(Ljava/lang/Class;)[I >"	"bb28"	40	[("bb7", 11), ("bb27", 38), ("bb11", 11)]
"< Application, Ltoba/jit/JITCodeGen, generateCode(Ljava/lang/Class;Ltoba/classfile/Method;)Ltoba/classfile/MethodCode; >"	"bb93"	51	[("bb92", 50), ("bb76", 10)]
"< Application, Ltoba/jit/Intel86, makeModRM(Ljava/lang/Object;Ljava/lang/Object;)[B >"	"bb116"	180	[("bb108", 174), ("bb7", 12)]
"< Application, Ltoba/jit/CodeBlock, BV(Ljava/lang/String;I)I >"	"bb17"	23	[("bb16", 18), ("bb2", 4)]
"< Application, Ltoba/classfile/Method, <init>(Ltoba/classfile/ClassData;Ltoba/classfile/Field;)V >"	"bb157"	150	[("bb146", 22), ("bb156", 149)]
"< Application, Ltoba/runtime/CodeGen, internStrings(Ljava/lang/Class;)[Ljava/lang/String; >"	"bb12"	18	[("bb11", 16), ("bb3", 7)]
"< Application, Ltoba/classfile/Constant, load(Ljava/io/DataInputStream;)[Ltoba/classfile/Constant; >"	"bb23"	26	[("bb22", 25), ("bb19", 6)]
"< Application, Ltoba/jit/Intel86, valWFlag(Ljava/lang/Object;)I >"	"bb19"	25	[("bb6", 21), ("bb5", 6), ("bb10", 6), ("bb11", 21)]
"< Application, Ltoba/translator/MethGen, lvinits(Ljava/io/PrintWriter;Ltoba/classfile/Method;)V >"	"bb6"	12	[("bb5", 11), ("bb4", 5)]
"< Application, Ltoba/runtime/CodeGen, buildNativeClass(Ltoba/classfile/ClassData;Ljava/lang/ClassLoader;)Ljava/lang/Class; >"	"bb55"	58	[("bb53", 55), ("bb54", 49)]
"< Application, Ltoba/translator/InsGen, invoke(Ljava/io/PrintWriter;Ltoba/classfile/Instr;Ltoba/classfile/MethodRef;Ljava/lang/String;)V >"	"bb30"	53	[("bb19", 56), ("bb29", 36)]
"< Application, Ltoba/jit/CodeBlock, dumpHex()V >"	"bb23"	44	[("bb22", 43), ("bb40", 59)]
"< Application, Ltoba/translator/InsGen, stackvar(Ltoba/classfile/Instr;I)Ljava/lang/String; >"	"bb8"	17	[("bb6", 17), ("bb7", 16), ("bb3", 2)]
"< Application, Ltoba/translator/CFile, hashgen(Ljava/io/PrintWriter;Ltoba/classfile/ClassData;)V >"	"bb66"	109	[("bb46", 18), ("bb65", 108)]
"< Application, Ltoba/classfile/IHash, mark(Ljava/lang/ClassLoader;Ltoba/classfile/ClassData;)V >"	"bb25"	31	[("bb24", 30), ("bb2", 5)]
"< Application, Ltoba/jit/JITCodeGen, EmitCode(Ltoba/classfile/Method;I)V >"	"bb401"	1044	[("bb400", 1043), ("bb399", 22)]
"< Application, Ltoba/classfile/ClassData, forName(Ljava/lang/String;)Ltoba/classfile/ClassData; >"	"bb6"	10	[("bb5", 9), ("bb2", 5)]
"< Application, Ltoba/classfile/ClassFile, close()V >"	"bb12"	15	[("bb5", 7), ("bb11", 13)]
"< Application, Ltoba/classfile/ClassData, getmethod(Ljava/lang/String;Z)Ltoba/classfile/Field; >"	"bb17"	18	[("bb1", 1), ("bb16", 17)]
"< Application, Ltoba/classfile/VariableRef, findVariable(Ltoba/classfile/ClassData;)Ltoba/classfile/Field; >"	"bb14"	12	[("bb7", 7), ("bb11", 7), ("bb3", 5)]
"< Application, Ltoba/jit/Intel86, encode([B[B[B)[B >"	"bb17"	25	[("bb16", 23), ("bb11", 6)]
"< Application, Ltoba/jit/JITCodeGen, SummarizeInstrumentation()V >"	"bb21"	34	[("bb5", 6), ("bb20", 33)]
"< Application, Ltoba/jit/CodeBlock, getCodeWord(I)I >"	"bb15"	45	[("bb9", 5), ("bb14", 41)]
"< Application, Ltoba/translator/InsGen, checkref(Ljava/io/PrintWriter;Ltoba/classfile/Instr;I)V >"	"bb9"	15	[("bb6", 14), ("bb8", 7)]
"< Application, Ltoba/translator/HFile, write(Ljava/io/PrintWriter;Ltoba/classfile/ClassData;)V >"	"bb97"	158	[("bb96", 157), ("bb90", 37)]
"< Application, Ltoba/jit/Intel86, MOV(Ljava/lang/Object;Ljava/lang/Object;)[B >"	"bb29"	36	[("bb28", 35), ("bb27", 9)]
"< Application, Ltoba/classfile/Field, <init>(Ljava/io/DataInputStream;[Ltoba/classfile/Constant;)V >"	"bb23"	29	[("bb22", 28), ("bb17", 21)]
"< Application, Ltoba/InstallClassFile, main([Ljava/lang/String;)V >"	"bb21"	34	[("bb20", 33), ("bb19", 26)]
"< Application, Ltoba/classfile/ClassData, buildMethodTables(Z)V >"	"bb65"	49	[("bb64", 55), ("bb24", 44), ("bb43", 58), ("bb46", 58)]
"< Application, Ltoba/translator/CFile, write(Ljava/io/PrintWriter;Ltoba/classfile/ClassData;)V >"	"bb120"	148	[("bb90", 12), ("bb119", 147)]
"< Application, Ltoba/classfile/Constant, load(Ljava/io/DataInputStream;)[Ltoba/classfile/Constant; >"	"bb72"	59	[("bb33", 61), ("bb55", 61), ("bb63", 61), ("bb38", 61), ("bb28", 62), ("bb16", 61), ("bb50", 48), ("bb44", 43)]
"< Application, Ltoba/runtime/CodeGen, superclasses(Ljava/lang/Class;Ljava/lang/Class;)[J >"	"bb4"	10	[("bb3", 7), ("bb1", 5)]
"< Application, Ltoba/jit/CodeBlock, dumpHex()V >"	"bb39"	59	[("bb13", 23), ("bb38", 44)]
"< Application, Ltoba/translator/MethGen, dclvars(Ljava/io/PrintWriter;Ltoba/classfile/Method;CZ)V >"	"bb40"	60	[("bb5", 8), ("bb39", 58)]
"< Application, Ltoba/classfile/Instr, dump(Ljava/io/PrintWriter;[Ltoba/classfile/Instr;)V >"	"bb8"	15	[("bb7", 14), ("bb3", 7)]
"< Application, Ltoba/classfile/Attribute, find([Ltoba/classfile/Attribute;Ljava/lang/String;)[B >"	"bb10"	12	[("bb1", 4), ("bb9", 11)]
"< Application, Ltoba/translator/MethGen, mgen(Ljava/io/PrintWriter;Ltoba/classfile/Method;)V >"	"bb109"	157	[("bb107", 9), ("bb108", 106)]
"< Application, Ltoba/translator/HFile, declare(Ljava/io/PrintWriter;Ltoba/classfile/Field;Ljava/lang/String;)V >"	"bb4"	11	[("bb3", 10), ("bb2", 5)]
"< Application, Ltoba/Lister, closeClassList([Ljava/lang/String;I)V >"	"bb23"	22	[("bb22", 17), ("bb21", 19)]
"< Application, Ltoba/jit/CodeBlock, BS(II)Ljava/lang/String; >"	"bb8"	16	[("bb6", 14), ("bb7", 15)]
"< Application, Ltoba/jit/Intel86, SUB(Ljava/lang/Object;Ljava/lang/Object;)[B >"	"bb13"	49	[("bb11", 29), ("bb12", 9)]
"< Application, Ltoba/jit/MemoryRef, setScaleFactor(I)Ltoba/jit/MemoryRef; >"	"bb13"	13	[("bb12", 12), ("bb8", 6)]
"< Application, Ltoba/jit/Intel86, makeModRM(Ljava/lang/Object;Ljava/lang/Object;)[B >"	"bb156"	233	[("bb155", 231), ("bb154", 225)]
"< Application, Ltoba/classfile/ClassData, buildMethodTables(Z)V >"	"bb52"	58	[("bb31", 55), ("bb51", 58)]
"< Application, Ltoba/runtime/CodeGen, referencedClasses(Ljava/lang/Class;Ljava/lang/ClassLoader;)[J >"	"bb38"	49	[("bb24", 51), ("bb37", 46), ("bb22", 51), ("bb29", 51)]
"< Application, Ltoba/jit/Intel86, encode([B[B[B)[B >"	"bb10"	16	[("bb9", 15), ("bb7", 13)]
"< Application, Ltoba/jit/Intel86, TEST(Ljava/lang/Object;Ljava/lang/Object;)[B >"	"bb27"	36	[("bb26", 35), ("bb25", 9)]
"< Application, Ltoba/classfile/IHash, <init>(Ltoba/classfile/ClassData;)V >"	"bb20"	29	[("bb17", 15), ("bb19", 28)]
"< Application, Ltoba/jit/CodeBlock, reserveCode(ILtoba/classfile/Instr;Ljava/lang/Object;J)Ltoba/jit/BackpatchInfo; >"	"bb22"	32	[("bb6", 29), ("bb10", 25), ("bb4", 31), ("bb12", 23), ("bb8", 27), ("bb14", 20)]
"< Application, Ltoba/classfile/ClassData, buildMethodTables(Z)V >"	"bb11"	11	[("bb10", 10), ("bb6", 4)]
"< Application, Ltoba/jit/CodeBlock, doBackPatch(Ltoba/jit/BackpatchInfo;)V >"	"bb176"	368	[("bb173", 363), ("bb175", 367)]
"< Application, Ltoba/jit/Intel86, OR(Ljava/lang/Object;Ljava/lang/Object;)[B >"	"bb17"	53	[("bb15", 9), ("bb16", 52)]
"< Application, Ltoba/jit/JITCodeGen, EmitCode(Ltoba/classfile/Method;I)V >"	"bb727"	657	[("bb725", 656), ("bb726", 642)]
"< Application, Ltoba/jit/JITCodeGen, <clinit>()V >"	"bb107"	235	[("bb106", 234), ("bb105", 231)]
"< Application, Ltoba/translator/MethGen, dclstack(Ljava/io/PrintWriter;Ltoba/classfile/Method;C)V >"	"bb25"	42	[("bb24", 41), ("bb11", 8)]
"< Application, Ltoba/runtime/CodeGen, classVariableSpace([Ltoba/classfile/Field;)I >"	"bb13"	26	[("bb12", 23), ("bb1", 4)]
"< Application, Ltoba/jit/CodeBlock, getCodeWord(I)I >"	"bb23"	28	[("bb17", 5), ("bb22", 23)]
"< Application, Ltoba/classfile/IHash, mark(Ljava/lang/ClassLoader;Ltoba/classfile/ClassData;)V >"	"bb30"	35	[("bb1", 2), ("bb29", 34)]
"< Application, Ltoba/Lister, main([Ljava/lang/String;)V >"	"bb7"	11	[("bb5", 3), ("bb6", 10), ("bb2", 3)]
"< Application, Ltoba/classfile/IHash, <init>(Ltoba/classfile/ClassData;)V >"	"bb89"	118	[("bb50", 64), ("bb88", 117)]
"< Application, Ltoba/runtime/CodeGen, classVariableAlignment([Ltoba/classfile/Field;)I >"	"bb9"	15	[("bb1", 4), ("bb8", 12)]
"< Application, Ltoba/jit/CodeBlock, reserveCode(ILtoba/classfile/Instr;Ljava/lang/Object;Ljava/lang/Object;)Ltoba/jit/BackpatchInfo; >"	"bb21"	31	[("bb8", 26), ("bb4", 30), ("bb12", 22), ("bb10", 24), ("bb6", 28), ("bb13", 19)]
"< Application, Ltoba/jit/Intel86, emitByteArray([B)V >"	"bb25"	45	[("bb24", 44), ("bb1", 3)]
"< Application, Ltoba/runtime/CodeGen, classVariableSpace([Ltoba/classfile/Field;)I >"	"bb13"	27	[("bb12", 25), ("bb1", 4)]
"< Application, Ltoba/jit/JITCodeGen, EmitCode(Ltoba/classfile/Method;I)V >"	"bb149"	1575	[("bb148", 1574), ("bb142", 1559)]
"< Application, Ltoba/classfile/Names, hashname(Ljava/lang/String;Ljava/lang/String;Ljava/lang/String;Ljava/lang/StringBuffer;)Ljava/lang/String; >"	"bb8"	24	[("bb7", 21), ("bb3", 9)]
"< Application, Ltoba/classfile/Method, sigscan()V >"	"bb11"	58	[("bb41", 57), ("bb10", 7)]
"< Application, Ltoba/classfile/ClassData, <init>(Ljava/lang/Class;)V >"	"bb36"	39	[("bb35", 38), ("bb27", 17)]
"< Application, Ltoba/runtime/CodeGen, setSpecialMethods(Ljava/lang/Class;)V >"	"bb24"	37	[("bb23", 34), ("bb2", 4)]
"< Application, Ltoba/translator/CFile, inters(Ljava/io/PrintWriter;Ltoba/classfile/ClassData;)V >"	"bb17"	38	[("bb16", 38), ("bb4", 37)]
"< Application, Ltoba/classfile/Names, toba_getSRAS(Ljava/lang/String;)Ljava/io/InputStream; >"	"bb42"	49	[("bb32", 25), ("bb37", 25), ("bb30", 25), ("bb41", 25), ("bb29", 25), ("bb33", 25), ("bb9", 18)]
"< Application, Ltoba/runtime/CodeGen, interfaces(Ljava/lang/Class;)[J >"	"bb7"	13	[("bb1", 4), ("bb6", 10)]
"< Application, Ltoba/classfile/Instr, argwords()I >"	"bb14"	15	[("bb9", 14), ("bb12", 8), ("bb13", 5)]
"< Application, Ltoba/classfile/Method, <init>(Ltoba/classfile/ClassData;Ltoba/classfile/Field;)V >"	"bb120"	126	[("bb114", 8), ("bb119", 125)]
"< Application, Ltoba/jit/Intel86, encode([B[B[B)[B >"	"bb21"	30	[("bb20", 27), ("bb18", 25)]
"< Application, Ltoba/jit/JITCodeGen, InitInstrumentation()V >"	"bb8"	11	[("bb5", 6), ("bb7", 8)]
"< Application, Ltoba/classfile/MethodCode, <clinit>()V >"	"bb5"	9	[("bb3", 8), ("bb4", 7)]
"< Application, Ltoba/translator/CFile, write(Ljava/io/PrintWriter;Ltoba/classfile/ClassData;)V >"	"bb19"	23	[("bb18", 22), ("bb5", 2)]
"< Application, Ltoba/translator/MethGen, lvinits(Ljava/io/PrintWriter;Ltoba/classfile/Method;)V >"	"bb32"	70	[("bb31", 65), ("bb6", 5)]
"< Application, Ltoba/jit/CodeBlock, storeByteArray([BI)[B >"	"bb8"	14	[("bb3", 6), ("bb7", 12)]
"< Application, Ltoba/classfile/Instr, argwords(Ljava/lang/String;)I >"	"bb24"	37	[("bb23", 10), ("bb25", 34)]
"< Application, Ltoba/classfile/IHash, <init>(Ltoba/classfile/ClassData;)V >"	"bb9"	22	[("bb8", 21), ("bb7", 12)]
"< Application, Ltoba/runtime/CodeGen, referencedClasses(Ljava/lang/Class;Ljava/lang/ClassLoader;)[J >"	"bb38"	55	[("bb24", 52), ("bb37", 54), ("bb22", 52), ("bb29", 52)]
"< Application, Ltoba/classfile/Method, <init>(Ltoba/classfile/ClassData;Ltoba/classfile/Field;)V >"	"bb75"	88	[("bb73", 85), ("bb74", 91)]
"< Application, Ltoba/classfile/ClassData, buildMethodTables(Z)V >"	"bb55"	54	[("bb54", 57), ("bb27", 51)]
"< Application, Ltoba/jit/Intel86, ADD(Ljava/lang/Object;Ljava/lang/Object;)[B >"	"bb17"	50	[("bb16", 45), ("bb15", 9)]
"< Application, Ltoba/classfile/IHash, <init>(Ltoba/classfile/ClassData;)V >"	"bb38"	49	[("bb37", 48), ("bb21", 15)]
"< Application, Ltoba/jit/Intel86, makeModRM(Ljava/lang/Object;Ljava/lang/Object;)[B >"	"bb116"	182	[("bb108", 176), ("bb7", 18)]
"< Application, Ltoba/translator/Trans, doname(Ljava/lang/String;)V >"	"bb44"	89	[("bb20", 25), ("bb43", 20), ("bb36", 58), ("bb10", 20), ("bb27", 20)]
"< Application, Ltoba/runtime/CodeGen, instanceOffsets(Ljava/lang/Class;)[I >"	"bb41"	63	[("bb40", 61), ("bb28", 41)]
"< Application, Ltoba/classfile/IHash, <init>(Ltoba/classfile/ClassData;)V >"	"bb89"	121	[("bb50", 120), ("bb88", 121)]
"< Application, Ltoba/runtime/CodeGen, getInstanceMethodAddrs(Ljava/lang/Class;)[J >"	"bb11"	18	[("bb5", 9), ("bb10", 17)]
"< Application, Ltoba/jit/Intel86, makeModRM(Ljava/lang/Object;Ljava/lang/Object;)[B >"	"bb7"	17	[("bb6", 9), ("bb5", 11), ("bb4", 11)]
"< Application, Ltoba/classfile/IHash, mark(Ljava/lang/ClassLoader;Ltoba/classfile/ClassData;)V >"	"bb25"	36	[("bb24", 37), ("bb2", 35)]
"< Application, Ltoba/classfile/ClassData, buildMethodTables(Z)V >"	"bb66"	52	[("bb65", 49), ("bb11", 4)]
"< Application, Ltoba/jit/Intel86, encode([B[B[B)[B >"	"bb4"	10	[("bb1", 6), ("bb3", 9)]
"< Application, Ltoba/translator/CFile, cltables(Ljava/io/PrintWriter;Ltoba/classfile/ClassData;)V >"	"bb161"	259	[("bb114", 19), ("bb160", 258)]
"< Application, Ltoba/translator/InsGen, igen(Ljava/io/PrintWriter;Ltoba/classfile/Method;Ltoba/classfile/Instr;)V >"	"bb236"	1445	[("bb220", 1441), ("bb222", 1439), ("bb219", 1442), ("bb224", 1437), ("bb218", 1443), ("bb217", 1444), ("bb221", 1440), ("bb223", 1438)]
"< Application, Ltoba/translator/CFile, inters(Ljava/io/PrintWriter;Ltoba/classfile/ClassData;)V >"	"bb17"	35	[("bb16", 34), ("bb4", 4)]
"< Application, Ltoba/jit/Intel86, ADC(Ljava/lang/Object;Ljava/lang/Object;)[B >"	"bb13"	48	[("bb12", 9), ("bb11", 29)]
"< Application, Ltoba/classfile/ClassData, <init>(Ljava/io/DataInputStream;)V >"	"bb72"	69	[("bb61", 33), ("bb71", 68)]
"< Application, Ltoba/runtime/CodeGen, instanceOffsets(Ljava/lang/Class;)[I >"	"bb28"	41	[("bb7", 12), ("bb27", 28), ("bb11", 12)]
"< Application, Ltoba/translator/CFile, emitStaticFinalInit(Ljava/io/PrintWriter;Ltoba/classfile/ClassData;)Z >"	"bb141"	231	[("bb140", 228), ("bb1", 4)]
"< Application, Ltoba/jit/Intel86, TestIntel86([Ljava/lang/String;)V >"	"bb63"	70	[("bb62", 69), ("bb61", 53)]
"< Application, Ltoba/runtime/Resolve, resolveClass(Ltoba/classfile/ClassData;Ljava/lang/ClassLoader;)V >"	"bb26"	32	[("bb25", 31), ("bb16", 20)]
"< Application, Ltoba/classfile/ClassData, getmethod(Ljava/lang/String;Z)Ltoba/classfile/Field; >"	"bb12"	19	[("bb11", 19), ("bb5", 18)]
"< Application, Ltoba/translator/CFile, write(Ljava/io/PrintWriter;Ltoba/classfile/ClassData;)V >"	"bb14"	24	[("bb13", 24), ("bb8", 23)]
"< Application, Ltoba/translator/HFile, ivfield(Ljava/io/PrintWriter;Ltoba/classfile/ClassData;)V >"	"bb21"	32	[("bb3", 5), ("bb20", 31)]
"< Application, Ltoba/jit/Intel86, TestIntel86([Ljava/lang/String;)V >"	"bb86"	98	[("bb81", 95), ("bb69", 89), ("bb77", 93), ("bb85", 97), ("bb73", 91), ("bb83", 72)]
"< Application, Ltoba/classfile/ClassData, addSymFields([Ltoba/classfile/Field;)V >"	"bb12"	18	[("bb1", 4), ("bb11", 17)]
"< Application, Ltoba/translator/HFile, argtypes(Ltoba/classfile/Field;)Ljava/lang/String; >"	"bb39"	57	[("bb12", 59), ("bb38", 56), ("bb22", 59), ("bb36", 22), ("bb29", 54), ("bb26", 59), ("bb24", 59), ("bb18", 59), ("bb14", 59), ("bb10", 59), ("bb16", 59), ("bb20", 59)]
"< Application, Ltoba/runtime/Resolve, resolveClassName(Ljava/lang/String;Ljava/lang/ClassLoader;)Ljava/lang/Class; >"	"bb9"	22	[("bb7", 16), ("bb8", 21)]
"< Application, Ltoba/translator/HFile, argtypes(Ltoba/classfile/Field;)Ljava/lang/String; >"	"bb9"	59	[("bb8", 13), ("bb39", 58)]
"< Application, Ltoba/translator/Trans, options([Ljava/lang/String;)V >"	"bb37"	43	[("bb20", 25), ("bb29", 46), ("bb4", 46), ("bb26", 26), ("bb19", 20), ("bb7", 46), ("bb28", 46), ("bb13", 46), ("bb27", 46), ("bb36", 46)]
"< Application, Ltoba/classfile/IHash, mark(Ljava/lang/ClassLoader;Ltoba/classfile/ClassData;)V >"	"bb22"	28	[("bb21", 27), ("bb6", 5)]
"< Application, Ltoba/jit/CodeBlock, doBackPatch(Ltoba/jit/BackpatchInfo;)V >"	"bb115"	475	[("bb114", 474), ("bb112", 470)]
"< Application, Ltoba/translator/Trans, genmain(Ltoba/classfile/ClassData;)V >"	"bb17"	22	[("bb16", 3), ("bb12", 8)]
"< Application, Ltoba/classfile/ClassData, arrayString([Ljava/lang/Object;)Ljava/lang/String; >"	"bb21"	35	[("bb12", 19), ("bb20", 34)]
"< Application, Ltoba/translator/CFile, clstruct(Ljava/io/PrintWriter;Ltoba/classfile/ClassData;)V >"	"bb128"	212	[("bb127", 210), ("bb126", 211)]
"< Application, Ltoba/runtime/CodeGen, referencedClasses(Ljava/lang/Class;Ljava/lang/ClassLoader;)[J >"	"bb34"	53	[("bb31", 51), ("bb33", 53)]
"< Application, Ltoba/translator/Trans, doname(Ljava/lang/String;)V >"	"bb37"	75	[("bb9", 22), ("bb8", 17)]
"< Application, Ltoba/jit/JITCodeGen, emitBackJumpCall(Ltoba/classfile/Instr;)V >"	"bb14"	28	[("bb4", 8), ("bb13", 27)]
"< Application, Ltoba/jit/JIT, main([Ljava/lang/String;)V >"	"bb20"	36	[("bb19", 8), ("bb1", 4)]
"< Application, Ltoba/classfile/IHash, collisions(Ljava/util/Vector;I)I >"	"bb12"	22	[("bb11", 24), ("bb9", 18)]
"< Application, Ltoba/jit/Intel86, makeModRM(Ljava/lang/Object;Ljava/lang/Object;)[B >"	"bb7"	16	[("bb6", 11), ("bb5", 9), ("bb4", 9)]
"< Application, Ltoba/jit/Intel86, makeModRM(Ljava/lang/Object;Ljava/lang/Object;)[B >"	"bb116"	183	[("bb108", 177), ("bb7", 7)]
"< Application, Ltoba/translator/Repr, emitCharData(Ljava/io/PrintWriter;Ljava/lang/String;)V >"	"bb19"	24	[("bb2", 6), ("bb17", 23), ("bb18", 23), ("bb14", 23)]
"< Application, Ltoba/jit/Intel86, makeModRM(Ljava/lang/Object;Ljava/lang/Object;)[B >"	"bb28"	37	[("bb26", 19), ("bb27", 7)]
"< Application, Ltoba/jit/Intel86, makeModRM(Ljava/lang/Object;Ljava/lang/Object;)[B >"	"bb108"	179	[("bb104", 20), ("bb99", 20), ("bb37", 20), ("bb81", 107), ("bb48", 20), ("bb65", 20), ("bb36", 20), ("bb59", 20), ("bb84", 20), ("bb87", 20), ("bb54", 20), ("bb94", 20), ("bb80", 20), ("bb75", 20), ("bb40", 20), ("bb62", 20), ("bb45", 20), ("bb70", 20)]
"< Application, Ltoba/classfile/Instr, <init>([BI[Ltoba/classfile/Constant;)V >"	"bb107"	104	[("bb106", 103), ("bb102", 71)]
"< Application, Ltoba/translator/CFile, emitStaticFinalInit(Ljava/io/PrintWriter;Ltoba/classfile/ClassData;)Z >"	"bb141"	232	[("bb140", 229), ("bb1", 4)]
"< Application, Ltoba/classfile/ClassData, buildMethodTables(Z)V >"	"bb55"	28	[("bb54", 22), ("bb27", 4)]
"< Application, Ltoba/jit/JITCodeGen, EmitCkInstance(Ltoba/classfile/Instr;Ltoba/classfile/ClassRef;)V >"	"bb122"	62	[("bb120", 9), ("bb121", 61)]
"< Application, Ltoba/classfile/Names, hashname(Ljava/lang/String;Ljava/lang/String;Ljava/lang/String;Ljava/lang/StringBuffer;)Ljava/lang/String; >"	"bb7"	17	[("bb5", 14), ("bb6", 16)]
"< Application, Ltoba/translator/InsGen, igen(Ljava/io/PrintWriter;Ltoba/classfile/Method;Ltoba/classfile/Instr;)V >"	"bb798"	497	[("bb797", 488), ("bb794", 493), ("bb796", 488), ("bb793", 493)]
"< Application, Ltoba/translator/CFile, strdump(Ljava/io/PrintWriter;Ltoba/classfile/ClassData;)V >"	"bb54"	94	[("bb26", 32), ("bb53", 92)]
"< Application, Ltoba/classfile/IHash, <init>(Ltoba/classfile/ClassData;)V >"	"bb93"	120	[("bb49", 15), ("bb92", 119)]
"< Application, Ltoba/classfile/IHash, <init>(Ltoba/classfile/ClassData;)V >"	"bb5"	12	[("bb4", 11), ("bb3", 7)]
"< Application, Ltoba/jit/CodeBlock, doBackPatch(Ltoba/jit/BackpatchInfo;)V >"	"bb329"	157	[("bb320", 149), ("bb315", 154)]
"< Application, Ltoba/jit/Intel86, TestIntel86([Ljava/lang/String;)V >"	"bb48"	59	[("bb47", 58), ("bb46", 50)]
"< Application, Ltoba/classfile/ClassData, buildMethodTables(Z)V >"	"bb65"	48	[("bb64", 47), ("bb24", 51), ("bb43", 57), ("bb46", 57)]
"< Application, Ltoba/jit/JITCodeGen, setCallArgs(Ljava/lang/String;)I >"	"bb32"	41	[("bb31", 55), ("bb2", 4), ("bb22", 39)]
"< Application, Ltoba/runtime/CodeGen, referencedClasses(Ljava/lang/Class;Ljava/lang/ClassLoader;)[J >"	"bb15"	25	[("bb2", 5), ("bb14", 23)]
"< Application, Ltoba/runtime/Supers, resolveIfaceRefs(Ltoba/classfile/ClassData;Ljava/lang/ClassLoader;)V >"	"bb11"	19	[("bb1", 4), ("bb10", 18)]
"< Application, Ltoba/classfile/Instr, argwords(Ljava/lang/String;)I >"	"bb19"	14	[("bb20", 10), ("bb18", 42)]
"< Application, Ltoba/runtime/CodeGen, internStrings(Ljava/lang/Class;)[Ljava/lang/String; >"	"bb12"	19	[("bb11", 17), ("bb3", 8)]
"< Application, Ltoba/classfile/ClassData, getByNameLoader(Ljava/lang/String;Ljava/lang/ClassLoader;)Ltoba/classfile/ClassData; >"	"bb3"	6	[("bb1", 2), ("bb2", 5)]
"< Application, Ltoba/translator/MethGen, mgen(Ljava/io/PrintWriter;Ltoba/classfile/Method;)V >"	"bb218"	311	[("bb169", 9), ("bb217", 310)]
"< Application, Ltoba/runtime/SystemClassLoader, loadPrimitiveClass(C)Ljava/lang/Class; >"	"bb21"	29	[("bb9", 19), ("bb15", 10), ("bb7", 22), ("bb13", 13), ("bb11", 16), ("bb5", 25), ("bb17", 7), ("bb3", 28)]
"< Application, Ltoba/runtime/CodeGen, setSpecialMethods(Ljava/lang/Class;)V >"	"bb24"	36	[("bb23", 33), ("bb2", 4)]
"< Application, Ltoba/classfile/ClassFile, open(Ljava/lang/String;Ljava/lang/String;)Ltoba/classfile/ClassFile; >"	"bb38"	84	[("bb18", 20), ("bb30", 61), ("bb36", 61)]
"< Application, Ltoba/classfile/Instr, toString()Ljava/lang/String; >"	"bb6"	8	[("bb5", 6), ("bb4", 7)]
"< Application, Ltoba/jit/JITCodeGen, <clinit>()V >"	"bb110"	242	[("bb109", 240), ("bb102", 151)]
"< Application, Ltoba/Lister, closeClassList([Ljava/lang/String;I)V >"	"bb91"	133	[("bb90", 132), ("bb67", 4)]
"< Application, Ltoba/translator/Trans, doname(Ljava/lang/String;)V >"	"bb44"	90	[("bb20", 26), ("bb43", 75), ("bb36", 59), ("bb10", 22), ("bb27", 46)]
"< Application, Ltoba/translator/MethGen, lvinits(Ljava/io/PrintWriter;Ltoba/classfile/Method;)V >"	"bb32"	71	[("bb31", 68), ("bb6", 5)]
"< Application, Ltoba/jit/Intel86, makeModRM(Ljava/lang/Object;Ljava/lang/Object;)[B >"	"bb35"	45	[("bb33", 19), ("bb34", 7)]
"< Application, Ltoba/classfile/ClassData, buildVariableTables(Z)V >"	"bb53"	32	[("bb43", 35), ("bb52", 30)]
"< Application, Ltoba/jit/Intel86, encode([B[B[B)[B >"	"bb21"	31	[("bb20", 28), ("bb18", 6)]
"< Application, Ltoba/translator/InsGen, igen(Ljava/io/PrintWriter;Ltoba/classfile/Method;Ltoba/classfile/Instr;)V >"	"bb295"	1312	[("bb294", 1311), ("bb293", 6)]
"< Application, Ltoba/jit/Intel86, makeModRM(Ljava/lang/Object;Ljava/lang/Object;)[B >"	"bb7"	14	[("bb6", 3), ("bb5", 2), ("bb4", 2)]
"< Application, Ltoba/jit/Intel86, TestIntel86([Ljava/lang/String;)V >"	"bb39"	50	[("bb37", 44), ("bb38", 49)]
"< Application, Ltoba/classfile/ClassData, buildMethodTables(Z)V >"	"bb52"	34	[("bb31", 26), ("bb51", 33)]
"< Application, Ltoba/runtime/CodeGen, buildNativeClass(Ltoba/classfile/ClassData;Ljava/lang/ClassLoader;)Ljava/lang/Class; >"	"bb19"	9	[("bb18", 7), ("bb17", 8)]
"< Application, Ltoba/jit/JIT, main([Ljava/lang/String;)V >"	"bb19"	32	[("bb17", 27), ("bb18", 35), ("bb5", 35)]
"< Application, Ltoba/classfile/ClassData, <init>(Ljava/lang/Class;)V >"	"bb22"	26	[("bb15", 17), ("bb21", 25)]
"< Application, Ltoba/jit/JITCodeGen, loadClassPointer(Ltoba/classfile/Instr;Ltoba/classfile/ClassRef;ILtoba/jit/Register;)V >"	"bb32"	56	[("bb18", 40), ("bb16", 43), ("bb31", 7), ("bb14", 47), ("bb20", 36), ("bb12", 51), ("bb22", 32), ("bb10", 55), ("bb24", 28)]
"< Application, Ltoba/jit/Immediate, setImmSize(I)Ltoba/jit/Immediate; >"	"bb11"	10	[("bb9", 8), ("bb10", 7), ("bb6", 9)]
"< Application, Ltoba/jit/Intel86, AND(Ljava/lang/Object;Ljava/lang/Object;)[B >"	"bb17"	53	[("bb15", 9), ("bb16", 39)]
"< Application, Ltoba/translator/InsGen, invoke(Ljava/io/PrintWriter;Ltoba/classfile/Instr;Ltoba/classfile/MethodRef;Ljava/lang/String;)V >"	"bb31"	55	[("bb16", 8), ("bb30", 54)]
"< Application, Ltoba/classfile/ClassData, buildTables()V >"	"bb5"	6	[("bb4", 4), ("bb3", 5)]
"< Application, Ltoba/runtime/CodeGen, setSpecialMethods(Ljava/lang/Class;)V >"	"bb23"	34	[("bb22", 29), ("bb19", 37), ("bb16", 37), ("bb13", 37)]
"< Application, Ltoba/jit/Intel86, makeModRM(Ljava/lang/Object;Ljava/lang/Object;)[B >"	"bb116"	181	[("bb108", 175), ("bb7", 7)]
"< Application, Ltoba/InstallClassFile, main([Ljava/lang/String;)V >"	"bb29"	39	[("bb25", 34), ("bb22", 34), ("bb28", 38)]
"< Application, Ltoba/classfile/IHash, collisions(Ljava/util/Vector;I)I >"	"bb13"	25	[("bb12", 23), ("bb3", 8)]
"< Application, Ltoba/classfile/IHash, hashlist(Ljava/lang/ClassLoader;Ltoba/classfile/ClassRef;)[I >"	"bb24"	37	[("bb5", 36), ("bb20", 11)]
"< Application, Ltoba/translator/CFile, cltables(Ljava/io/PrintWriter;Ltoba/classfile/ClassData;)V >"	"bb50"	90	[("bb49", 89), ("bb11", 19)]
"< Application, Ltoba/translator/Trans, setdbg(Ljava/lang/String;)V >"	"bb13"	21	[("bb10", 3), ("bb12", 20)]
"< Application, Ltoba/translator/CFile, emitStaticFinalInit(Ljava/io/PrintWriter;Ltoba/classfile/ClassData;)Z >"	"bb50"	84	[("bb39", 60), ("bb49", 83)]
"< Application, Ltoba/jit/JIT, main([Ljava/lang/String;)V >"	"bb20"	37	[("bb19", 33), ("bb1", 4)]
"< Application, Ltoba/classfile/Names, hashname(Ljava/lang/String;Ljava/lang/String;Ljava/lang/String;Ljava/lang/StringBuffer;)Ljava/lang/String; >"	"bb17"	39	[("bb10", 24), ("bb16", 33)]
"< Application, Ltoba/runtime/CodeGen, instanceOffsets(Ljava/lang/Class;)[I >"	"bb41"	62	[("bb40", 60), ("bb28", 40)]
"< Application, Ltoba/translator/Trans, doname(Ljava/lang/String;)V >"	"bb117"	198	[("bb116", 197), ("bb103", 182)]
"< Application, Ltoba/jit/Intel86, TestIntel86([Ljava/lang/String;)V >"	"bb65"	71	[("bb64", 69), ("bb63", 68)]
"< Application, Ltoba/jit/CodeBlock, BS(II)Ljava/lang/String; >"	"bb11"	24	[("bb1", 6), ("bb10", 22)]
"< Application, Ltoba/jit/Intel86, makeModRM(Ljava/lang/Object;Ljava/lang/Object;)[B >"	"bb153"	224	[("bb116", 181), ("bb136", 222), ("bb139", 181), ("bb142", 207)]
"< Application, Ltoba/classfile/Names, <clinit>()V >"	"bb89"	173	[("bb85", 7), ("bb88", 172)]
"< Application, Ltoba/translator/MethGen, parmdecls(Ltoba/classfile/Method;)Ljava/lang/String; >"	"bb17"	56	[("bb16", 56), ("bb15", 55)]
"< Application, Ltoba/classfile/Names, toba_getSRAS(Ljava/lang/String;)Ljava/io/InputStream; >"	"bb30"	47	[("bb26", 39), ("bb23", 6), ("bb28", 39)]
"< Application, Ltoba/translator/HFile, argtypes(Ltoba/classfile/Field;)Ljava/lang/String; >"	"bb33"	22	[("bb32", 21), ("bb31", 59)]
"< Application, Ltoba/classfile/Method, <init>(Ltoba/classfile/ClassData;Ltoba/classfile/Field;)V >"	"bb35"	34	[("bb34", 33), ("bb26", 22)]
"< Application, Ltoba/runtime/Resolve, resolveClassName(Ljava/lang/String;Ljava/lang/ClassLoader;)Ljava/lang/Class; >"	"bb19"	38	[("bb14", 22), ("bb16", 22), ("bb18", 37)]
"< Application, Ltoba/jit/Intel86, makeModRM(Ljava/lang/Object;Ljava/lang/Object;)[B >"	"bb164"	255	[("bb163", 248), ("bb156", 233), ("bb159", 253)]
"< Application, Ltoba/classfile/Constant, load(Ljava/io/DataInputStream;)[Ltoba/classfile/Constant; >"	"bb116"	96	[("bb115", 95), ("bb101", 8)]
"< Application, Ltoba/classfile/ClassData, buildMethodTables(Z)V >"	"bb55"	56	[("bb54", 59), ("bb27", 53)]
"< Application, Ltoba/translator/MethGen, syncwrap(Ljava/io/PrintWriter;Ltoba/classfile/Method;)V >"	"bb109"	181	[("bb102", 164), ("bb108", 169)]
"< Application, Ltoba/translator/CFile, emitNamesSigs(Ljava/io/PrintWriter;Ljava/lang/String;[Ltoba/classfile/Field;)V >"	"bb27"	48	[("bb1", 5), ("bb26", 47)]
"< Application, Ltoba/translator/MethGen, parmdecls(Ltoba/classfile/Method;)Ljava/lang/String; >"	"bb31"	40	[("bb29", 54), ("bb26", 54), ("bb14", 29), ("bb23", 54), ("bb28", 54), ("bb30", 54), ("bb20", 23), ("bb27", 54), ("bb25", 54), ("bb24", 54), ("bb22", 31)]
"< Application, Ltoba/classfile/ClassData, buildVariableTables(Z)V >"	"bb54"	35	[("bb53", 32), ("bb17", 4)]
"< Application, Ltoba/jit/Intel86, makeByteArray(Ltoba/jit/Immediate;)[B >"	"bb24"	51	[("bb6", 48), ("bb10", 41), ("bb16", 19)]
"< Application, Ltoba/classfile/Method, <init>(Ltoba/classfile/ClassData;Ltoba/classfile/Field;)V >"	"bb199"	185	[("bb198", 184), ("bb191", 22)]
"< Application, Ltoba/translator/CFile, methodsigs(Ljava/io/PrintWriter;Ltoba/classfile/ClassData;)V >"	"bb58"	96	[("bb57", 95), ("bb2", 6)]
"< Application, Ltoba/jit/JITCodeGen, EmitCode(Ltoba/classfile/Method;I)V >"	"bb69"	1675	[("bb68", 1668), ("bb65", 1674)]
"< Application, Ltoba/jit/Intel86, CMP(Ljava/lang/Object;Ljava/lang/Object;)[B >"	"bb17"	54	[("bb16", 53), ("bb15", 9)]
"< Application, Ltoba/classfile/Constant, dump(Ljava/io/PrintWriter;[Ltoba/classfile/Constant;)V >"	"bb18"	31	[("bb17", 30), ("bb3", 7)]
"< Application, Ltoba/translator/Trans, genmain(Ltoba/classfile/ClassData;)V >"	"bb14"	21	[("bb13", 20), ("bb1", 4)]
"< Application, Ltoba/classfile/ClassData, <init>(Ljava/io/DataInputStream;)V >"	"bb93"	87	[("bb80", 33), ("bb92", 86)]
"< Application, Ltoba/jit/CodeBlock, backpatchCode()V >"	"bb8"	10	[("bb7", 9), ("bb2", 3)]
"< Application, Ltoba/classfile/IHash, mark(Ljava/lang/ClassLoader;Ltoba/classfile/ClassData;)V >"	"bb18"	26	[("bb17", 25), ("bb8", 5)]
"< Application, Ltoba/runtime/CodeGen, setSpecialMethods(Ljava/lang/Class;)V >"	"bb57"	54	[("bb56", 53), ("bb45", 4)]
"< Application, Ltoba/runtime/CodeGen, classVariableOffsets([Ltoba/classfile/Field;)[I >"	"bb16"	29	[("bb15", 27), ("bb3", 4)]
"< Application, Ltoba/jit/CodeBlock, getCodeWord(I)I >"	"bb23"	29	[("bb17", 5), ("bb22", 27)]
"< Application, Ltoba/translator/CFile, cltables(Ljava/io/PrintWriter;Ltoba/classfile/ClassData;)V >"	"bb103"	173	[("bb63", 19), ("bb102", 172)]
"< Application, Ltoba/classfile/Names, hashname(Ljava/lang/String;Ljava/lang/String;Ljava/lang/String;Ljava/lang/StringBuffer;)Ljava/lang/String; >"	"bb30"	69	[("bb24", 55), ("bb29", 67)]
"< Application, Ltoba/jit/Intel86, makeModRM(Ljava/lang/Object;Ljava/lang/Object;)[B >"	"bb108"	175	[("bb104", 50), ("bb99", 50), ("bb37", 97), ("bb81", 7), ("bb48", 169), ("bb65", 138), ("bb36", 97), ("bb59", 149), ("bb84", 50), ("bb87", 50), ("bb54", 159), ("bb94", 50), ("bb80", 50), ("bb75", 50), ("bb40", 50), ("bb62", 145), ("bb45", 173), ("bb70", 50)]
"< Application, Ltoba/classfile/Instr, argwords(Ljava/lang/String;)I >"	"bb27"	39	[("bb6", 42), ("bb12", 42), ("bb9", 42), ("bb8", 42), ("bb13", 42), ("bb10", 42), ("bb22", 10), ("bb5", 42), ("bb7", 42), ("bb17", 29), ("bb11", 42), ("bb26", 34)]
"< Application, Ltoba/translator/HFile, write(Ljava/io/PrintWriter;Ltoba/classfile/ClassData;)V >"	"bb100"	159	[("bb99", 37), ("bb95", 92)]
"< Application, Ltoba/jit/Intel86, SUB(Ljava/lang/Object;Ljava/lang/Object;)[B >"	"bb17"	54	[("bb16", 53), ("bb15", 9)]
"< Application, Ltoba/Lister, recursivelist(Ljava/lang/String;Ljava/lang/String;)V >"	"bb27"	40	[("bb6", 9), ("bb26", 39)]
"< Application, Ltoba/translator/InsGen, stackvar(Ltoba/classfile/Instr;I)Ljava/lang/String; >"	"bb8"	14	[("bb6", 10), ("bb7", 10), ("bb3", 6)]
"< Application, Ltoba/runtime/CodeGen, superclasses(Ljava/lang/Class;Ljava/lang/Class;)[J >"	"bb13"	23	[("bb8", 14), ("bb12", 17)]
"< Application, Ltoba/classfile/ClassFile, findInPath(Ljava/lang/String;Ljava/lang/String;Ljava/lang/String;)Ltoba/classfile/ClassFile; >"	"bb29"	49	[("bb28", 48), ("bb14", 6)]
"< Application, Ltoba/translator/CFile, others(Ljava/io/PrintWriter;Ltoba/classfile/ClassData;)V >"	"bb25"	40	[("bb3", 8), ("bb24", 39)]
"< Application, Ltoba/classfile/Method, <init>(Ltoba/classfile/ClassData;Ltoba/classfile/Field;)V >"	"bb210"	200	[("bb204", 22), ("bb209", 199)]
"< Application, Ltoba/runtime/CodeGen, internStrings(Ljava/lang/Class;)[Ljava/lang/String; >"	"bb11"	16	[("bb9", 18), ("bb10", 15), ("bb5", 18)]
"< Application, Ltoba/classfile/Names, hashinterface(Ljava/lang/String;Ljava/lang/String;)I >"	"bb4"	15	[("bb3", 11), ("bb1", 4)]
"< Application, Ltoba/classfile/Names, csignature(Ljava/lang/String;)Ljava/lang/String; >"	"bb45"	61	[("bb44", 57), ("bb3", 6)]
"< Application, Ltoba/runtime/CodeGen, referencedClasses(Ljava/lang/Class;Ljava/lang/ClassLoader;)[J >"	"bb14"	22	[("bb12", 24), ("bb5", 24), ("bb13", 21), ("bb7", 24)]
"< Application, Ltoba/runtime/CodeGen, referencedClasses(Ljava/lang/Class;Ljava/lang/ClassLoader;)[J >"	"bb34"	54	[("bb31", 52), ("bb33", 54)]
"< Application, Ltoba/runtime/CodeGen, referencedClasses(Ljava/lang/Class;Ljava/lang/ClassLoader;)[J >"	"bb39"	52	[("bb19", 5), ("bb38", 50)]
"< Application, Ltoba/classfile/Method, <init>(Ltoba/classfile/ClassData;Ltoba/classfile/Field;)V >"	"bb233"	221	[("bb232", 220), ("bb214", 32)]
"< Application, Ltoba/classfile/IHash, mark(Ljava/lang/ClassLoader;Ltoba/classfile/ClassData;)V >"	"bb18"	29	[("bb17", 29), ("bb8", 28)]
"< Application, Ltoba/classfile/Constant, load(Ljava/io/DataInputStream;)[Ltoba/classfile/Constant; >"	"bb23"	62	[("bb22", 62), ("bb19", 61)]
"< Application, Ltoba/translator/MethGen, parmdecls(Ltoba/classfile/Method;)Ljava/lang/String; >"	"bb11"	54	[("bb10", 5), ("bb35", 52)]
"< Application, Ltoba/translator/CFile, inters(Ljava/io/PrintWriter;Ltoba/classfile/ClassData;)V >"	"bb22"	37	[("bb3", 2), ("bb21", 36)]
"< Application, Ltoba/runtime/CodeGen, setSpecialMethods(Ljava/lang/Class;)V >"	"bb23"	33	[("bb22", 36), ("bb19", 36), ("bb16", 36), ("bb13", 29)]
"< Application, Ltoba/jit/CodeBlock, getCodeWord(I)I >"	"bb15"	46	[("bb9", 5), ("bb14", 44)]
"< Application, Ltoba/runtime/CodeGen, superclasses(Ljava/lang/Class;Ljava/lang/Class;)[J >"	"bb4"	11	[("bb3", 9), ("bb1", 3)]
"< Application, Ltoba/jit/CodeBlock, doBackPatch(Ltoba/jit/BackpatchInfo;)V >"	"bb274"	262	[("bb262", 193), ("bb273", 260)]
"< Application, Ltoba/classfile/VariableRef, findVariable(Ltoba/classfile/ClassData;)Ltoba/classfile/Field; >"	"bb28"	22	[("bb17", 17), ("bb21", 18), ("bb25", 18)]
"< Application, Ltoba/jit/JITCodeGen, EmitCode(Ltoba/classfile/Method;I)V >"	"bb1089"	106	[("bb1087", 105), ("bb1088", 104)]
"< Application, Ltoba/jit/CodeBlock, BS(II)Ljava/lang/String; >"	"bb11"	23	[("bb1", 4), ("bb10", 20)]
"< Application, Ltoba/classfile/ClassData, buildVariableTables(Z)V >"	"bb53"	31	[("bb43", 28), ("bb52", 34)]
"< Application, Ltoba/jit/MemoryRef, toString()Ljava/lang/String; >"	"bb37"	47	[("bb36", 43), ("bb29", 46), ("bb35", 44), ("bb32", 45)]
"< Application, Ltoba/jit/CodeBlock, BV(Ljava/lang/String;I)I >"	"bb17"	25	[("bb16", 20), ("bb2", 4)]
"< Application, Ltoba/classfile/ClassData, buildMethodTables(Z)V >"	"bb65"	63	[("bb64", 56), ("bb24", 53), ("bb43", 59), ("bb46", 59)]
"< Application, Ltoba/jit/JITCodeGen, EmitCode(Ltoba/classfile/Method;I)V >"	"bb554"	923	[("bb544", 80), ("bb546", 27), ("bb543", 353), ("bb545", 27), ("bb542", 38)]
"< Application, Ltoba/translator/ClassInstall, copy(Ljava/io/DataInputStream;Ljava/lang/String;)V >"	"bb12"	19	[("bb10", 6), ("bb8", 13), ("bb6", 13)]
"< Application, Ltoba/jit/Intel86, TestIntel86([Ljava/lang/String;)V >"	"bb26"	36	[("bb25", 35), ("bb24", 28)]
"< Application, Ltoba/jit/Intel86, SBB(Ljava/lang/Object;Ljava/lang/Object;)[B >"	"bb17"	54	[("bb16", 53), ("bb15", 9)]
"< Application, Ltoba/classfile/Method, mark(ILjava/lang/String;I)V >"	"bb13"	99	[("bb11", 3), ("bb12", 3), ("bb101", 42)]
"< Application, Ltoba/runtime/ClassRT, getMethodTEnt(Ljava/lang/Class;Ltoba/classfile/Field;)J >"	"bb5"	9	[("bb4", 8), ("bb3", 7)]
"< Application, Ltoba/jit/CodeBlock, doBackPatch(Ltoba/jit/BackpatchInfo;)V >"	"bb135"	431	[("bb134", 430), ("bb132", 426)]
"< Application, Ltoba/runtime/CodeGen, defineClass(Ljava/lang/ClassLoader;Ljava/io/DataInputStream;)Ljava/lang/Class; >"	"bb26"	32	[("bb22", 25), ("bb20", 31)]
"< Application, Ltoba/jit/Intel86, encode([B[B[B)[B >"	"bb23"	32	[("bb22", 30), ("bb17", 25)]
"< Application, Ltoba/jit/JITCodeGen, EmitCode(Ltoba/classfile/Method;I)V >"	"bb554"	924	[("bb544", 920), ("bb546", 918), ("bb543", 921), ("bb545", 919), ("bb542", 922)]
"< Application, Ltoba/classfile/Names, baseclass(Ljava/lang/String;)Ljava/lang/String; >"	"bb6"	11	[("bb4", 7), ("bb5", 10)]
"< Application, Ltoba/classfile/Names, csignature(Ljava/lang/String;)Ljava/lang/String; >"	"bb40"	57	[("bb29", 61), ("bb19", 61), ("bb21", 61), ("bb11", 61), ("bb23", 61), ("bb27", 61), ("bb35", 61), ("bb12", 61), ("bb17", 16), ("bb39", 61), ("bb31", 61), ("bb14", 61), ("bb33", 61), ("bb13", 6), ("bb25", 61)]
"< Application, Ltoba/classfile/ClassData, buildMethodTables(Z)V >"	"bb55"	29	[("bb54", 27), ("bb27", 20)]
"< Application, Ltoba/jit/Intel86, makeModRM(Ljava/lang/Object;Ljava/lang/Object;)[B >"	"bb153"	223	[("bb116", 7), ("bb136", 219), ("bb139", 210), ("bb142", 7)]
"< Application, Ltoba/classfile/Method, mark(ILjava/lang/String;I)V >"	"bb13"	100	[("bb11", 7), ("bb12", 7), ("bb101", 17)]
"< Application, Ltoba/classfile/Instr, argstring(Ljava/lang/String;)Ljava/lang/String; >"	"bb43"	53	[("bb42", 52), ("bb3", 6)]
"< Application, Ltoba/runtime/CodeGen, hashAddrs(Ljava/lang/Class;[Ltoba/classfile/Field;)[J >"	"bb11"	16	[("bb3", 7), ("bb10", 15)]
"< Application, Ltoba/runtime/CodeGen, interfaces(Ljava/lang/Class;)[J >"	"bb25"	36	[("bb24", 35), ("bb9", 2)]
"< Application, Ltoba/jit/Intel86, CMP(Ljava/lang/Object;Ljava/lang/Object;)[B >"	"bb13"	49	[("bb12", 9), ("bb11", 29)]
"< Application, Ltoba/translator/CFile, strdump(Ljava/io/PrintWriter;Ltoba/classfile/ClassData;)V >"	"bb48"	87	[("bb47", 86), ("bb38", 32)]
"< Application, Ltoba/classfile/Method, <init>(Ltoba/classfile/ClassData;Ltoba/classfile/Field;)V >"	"bb248"	235	[("bb247", 234), ("bb243", 238)]
"< Application, Ltoba/translator/InsGen, ckinstance(Ltoba/classfile/Instr;Ljava/lang/String;)Ljava/lang/String; >"	"bb38"	18	[("bb37", 17), ("bb36", 7)]
"< Application, Ltoba/translator/Trans, options([Ljava/lang/String;)V >"	"bb38"	47	[("bb37", 44), ("bb1", 3)]
"< Application, Ltoba/classfile/ClassData, buildVariableTables(Z)V >"	"bb54"	36	[("bb53", 33), ("bb17", 4)]
"< Application, Ltoba/jit/CodeBlock, BV(Ljava/lang/String;I)I >"	"bb16"	18	[("bb15", 15), ("bb4", 23)]
"< Application, Ltoba/jit/Intel86, TestIntel86([Ljava/lang/String;)V >"	"bb61"	68	[("bb58", 5), ("bb60", 67)]
"< Application, Ltoba/translator/Trans, doname(Ljava/lang/String;)V >"	"bb28"	58	[("bb9", 20), ("bb7", 17), ("bb8", 20)]
"< Application, Ltoba/classfile/Field, isInArray([Ltoba/classfile/Field;)Z >"	"bb6"	13	[("bb5", 10), ("bb2", 4)]
"< Application, Ltoba/jit/CodeBlock, BV(Ljava/lang/String;I)I >"	"bb17"	26	[("bb16", 22), ("bb2", 8)]
"< Application, Ltoba/jit/JITCodeGen, <clinit>()V >"	"bb110"	241	[("bb109", 239), ("bb102", 151)]
"< Application, Ltoba/jit/Immediate, <init>(IZ)V >"	"bb5"	10	[("bb4", 8), ("bb3", 9)]
"< Application, Ltoba/classfile/ClassData, buildVariableTables(Z)V >"	"bb54"	34	[("bb53", 31), ("bb17", 17)]
"< Application, Ltoba/translator/MethGen, minfo(Ljava/io/PrintWriter;Ltoba/classfile/Method;)V >"	"bb42"	73	[("bb27", 47), ("bb41", 72)]
"< Application, Ltoba/jit/JIT, main([Ljava/lang/String;)V >"	"bb20"	35	[("bb19", 32), ("bb1", 3)]
"< Application, Ltoba/jit/Intel86, encode([B[B[B)[B >"	"bb27"	38	[("bb26", 35), ("bb24", 6)]
"< Application, Ltoba/translator/InsGen, igen(Ljava/io/PrintWriter;Ltoba/classfile/Method;Ltoba/classfile/Instr;)V >"	"bb904"	360	[("bb903", 359), ("bb893", 331)]
"< Application, Ltoba/jit/Intel86, makeModRM(Ljava/lang/Object;Ljava/lang/Object;)[B >"	"bb108"	177	[("bb104", 24), ("bb99", 24), ("bb37", 24), ("bb81", 24), ("bb48", 24), ("bb65", 24), ("bb36", 19), ("bb59", 19), ("bb84", 19), ("bb87", 24), ("bb54", 24), ("bb94", 19), ("bb80", 24), ("bb75", 24), ("bb40", 24), ("bb62", 24), ("bb45", 19), ("bb70", 19)]
"< Application, Ltoba/translator/CFile, cltables(Ljava/io/PrintWriter;Ltoba/classfile/ClassData;)V >"	"bb91"	152	[("bb90", 65), ("bb89", 64)]
"< Application, Ltoba/translator/MethGen, syncwrap(Ljava/io/PrintWriter;Ltoba/classfile/Method;)V >"	"bb107"	177	[("bb104", 174), ("bb106", 176)]
"< Application, Ltoba/translator/MethGen, dclvars(Ljava/io/PrintWriter;Ltoba/classfile/Method;CZ)V >"	"bb39"	58	[("bb38", 57), ("bb7", 60)]
"< Application, Ltoba/Lister, closeClassList([Ljava/lang/String;I)V >"	"bb58"	94	[("bb43", 17), ("bb50", 17), ("bb57", 17), ("bb33", 45)]
"< Application, Ltoba/classfile/IHash, hashlist(Ljava/lang/ClassLoader;Ltoba/classfile/ClassRef;)[I >"	"bb61"	78	[("bb60", 77), ("bb55", 5)]
"< Application, Ltoba/classfile/Constant, load(Ljava/io/DataInputStream;)[Ltoba/classfile/Constant; >"	"bb73"	61	[("bb72", 60), ("bb4", 8)]
"< Application, Ltoba/jit/BackpatchInfo, toString()Ljava/lang/String; >"	"bb39"	52	[("bb28", 51), ("bb30", 26), ("bb38", 41)]
"< Application, Ltoba/runtime/CodeGen, classVariableAlignment([Ltoba/classfile/Field;)I >"	"bb9"	16	[("bb1", 4), ("bb8", 14)]
"< Application, Ltoba/runtime/CodeGen, instanceSize([Ltoba/classfile/Field;[I)I >"	"bb21"	31	[("bb20", 29), ("bb13", 21)]
"< Application, Ltoba/classfile/IHash, hashlist(Ljava/lang/ClassLoader;Ltoba/classfile/ClassRef;)[I >"	"bb36"	53	[("bb30", 5), ("bb35", 52)]
"< Application, Ltoba/jit/Intel86, TestIntel86([Ljava/lang/String;)V >"	"bb54"	65	[("bb52", 59), ("bb53", 64)]
"< Application, Ltoba/translator/CFile, methodsigs(Ljava/io/PrintWriter;Ltoba/classfile/ClassData;)V >"	"bb53"	86	[("bb51", 84), ("bb52", 85)]
"< Application, Ltoba/classfile/Method, sigscan()V >"	"bb41"	56	[("bb34", 58), ("bb32", 58), ("bb26", 58), ("bb30", 58), ("bb15", 20), ("bb28", 58), ("bb40", 58), ("bb36", 58), ("bb12", 58), ("bb24", 33), ("bb38", 58)]
"< Application, Ltoba/runtime/CodeGen, interfaces(Ljava/lang/Class;)[J >"	"bb7"	14	[("bb1", 2), ("bb6", 12)]
"< Application, Ltoba/translator/CFile, strdump(Ljava/io/PrintWriter;Ltoba/classfile/ClassData;)V >"	"bb48"	96	[("bb47", 96), ("bb38", 94)]
"< Application, Ltoba/jit/Immediate, toString()Ljava/lang/String; >"	"bb7"	8	[("bb5", 5), ("bb4", 6), ("bb3", 7), ("bb6", 4)]
"< Application, Ltoba/jit/Intel86, MOV(Ljava/lang/Object;Ljava/lang/Object;)[B >"	"bb16"	48	[("bb14", 9), ("bb15", 35)]
"< Application, Ltoba/jit/Intel86, makeModRM(Ljava/lang/Object;Ljava/lang/Object;)[B >"	"bb13"	24	[("bb11", 7), ("bb12", 19)]
"< Application, Ltoba/classfile/ClassData, getmethod(Ljava/lang/String;Z)Ltoba/classfile/Field; >"	"bb12"	16	[("bb11", 15), ("bb5", 9)]
"< Application, Ltoba/classfile/Method, <init>(Ltoba/classfile/ClassData;Ltoba/classfile/Field;)V >"	"bb64"	72	[("bb63", 71), ("bb57", 22)]
"< Application, Ltoba/jit/CodeBlock, BV(Ljava/lang/String;I)I >"	"bb16"	20	[("bb15", 16), ("bb4", 25)]
"< Application, Ltoba/classfile/Names, toba_getSRAS(Ljava/lang/String;)Ljava/io/InputStream; >"	"bb4"	8	[("bb3", 7), ("bb2", 5)]
"< Application, Ltoba/jit/JITCodeGen, loadClassPointer(Ltoba/classfile/Instr;Ltoba/classfile/ClassRef;ILtoba/jit/Register;)V >"	"bb3"	14	[("bb1", 7), ("bb2", 13)]
"< Application, Ltoba/jit/JIT, main([Ljava/lang/String;)V >"	"bb19"	31	[("bb17", 34), ("bb18", 34), ("bb5", 6)]
"< Application, Ltoba/jit/CodeBlock, getCodeWord(I)I >"	"bb23"	30	[("bb17", 9), ("bb22", 25)]
"< Application, Ltoba/jit/Intel86, TestIntel86([Ljava/lang/String;)V >"	"bb18"	28	[("bb17", 27), ("bb16", 3)]
"< Application, Ltoba/runtime/CodeGen, classVariableAlignment([Ltoba/classfile/Field;)I >"	"bb8"	12	[("bb7", 11), ("bb6", 15)]
"< Application, Ltoba/jit/CodeBlock, reserveCode(ILtoba/classfile/Instr;Ljava/lang/Object;Ljava/lang/Object;)Ltoba/jit/BackpatchInfo; >"	"bb36"	50	[("bb31", 39), ("bb35", 49)]
"< Application, Ltoba/runtime/CodeGen, classVariableOffsets([Ltoba/classfile/Field;)[I >"	"bb16"	28	[("bb15", 25), ("bb3", 4)]
"< Application, Ltoba/classfile/Instr, argwords(Ljava/lang/String;)I >"	"bb15"	33	[("bb16", 29), ("bb14", 42)]
"< Application, Ltoba/jit/Intel86, XOR(Ljava/lang/Object;Ljava/lang/Object;)[B >"	"bb17"	54	[("bb15", 9), ("bb16", 53)]
"< Application, Ltoba/classfile/Names, csignature(Ljava/lang/String;)Ljava/lang/String; >"	"bb45"	62	[("bb44", 60), ("bb3", 6)]
"< Application, Ltoba/translator/ClassInstall, install(Ljava/lang/String;Ljava/lang/String;Ljava/lang/String;)V >"	"bb19"	35	[("bb11", 2), ("bb18", 34)]
"< Application, Ltoba/classfile/Method, <init>(Ltoba/classfile/ClassData;Ltoba/classfile/Field;)V >"	"bb185"	174	[("bb165", 22), ("bb184", 173)]
"< Application, Ltoba/translator/CFile, emitStaticFinalInit(Ljava/io/PrintWriter;Ltoba/classfile/ClassData;)Z >"	"bb19"	30	[("bb18", 24), ("bb15", 231)]
"< Application, Ltoba/jit/Intel86, makeModRM(Ljava/lang/Object;Ljava/lang/Object;)[B >"	"bb19"	28	[("bb14", 7), ("bb18", 27)]
"< Application, Ltoba/translator/Trans, doname(Ljava/lang/String;)V >"	"bb28"	59	[("bb9", 22), ("bb7", 17), ("bb8", 17)]
"< Application, Ltoba/jit/Intel86, encode([B[B[B)[B >"	"bb15"	23	[("bb12", 6), ("bb14", 20)]
"< Application, Ltoba/classfile/Method, mark(ILjava/lang/String;I)V >"	"bb90"	90	[("bb88", 92), ("bb89", 89)]
"< Application, Ltoba/classfile/Names, hashname(Ljava/lang/String;Ljava/lang/String;Ljava/lang/String;Ljava/lang/StringBuffer;)Ljava/lang/String; >"	"bb22"	53	[("bb21", 50), ("bb19", 10)]
"< Application, Ltoba/jit/Intel86, makeModRM(Ljava/lang/Object;Ljava/lang/Object;)[B >"	"bb108"	174	[("bb104", 28), ("bb99", 7), ("bb37", 7), ("bb81", 28), ("bb48", 7), ("bb65", 28), ("bb36", 7), ("bb59", 19), ("bb84", 7), ("bb87", 7), ("bb54", 28), ("bb94", 19), ("bb80", 28), ("bb75", 7), ("bb40", 7), ("bb62", 7), ("bb45", 19), ("bb70", 19)]
"< Application, Ltoba/classfile/ClassFile, close()V >"	"bb11"	13	[("bb8", 7), ("bb9", 7), ("bb10", 11)]
"< Application, Ltoba/Lister, closeClassList([Ljava/lang/String;I)V >"	"bb58"	93	[("bb43", 17), ("bb50", 43), ("bb57", 43), ("bb33", 43)]
"< Application, Ltoba/jit/Intel86, encode([B[B[B)[B >"	"bb7"	13	[("bb6", 12), ("bb4", 10)]
"< Application, Ltoba/jit/Intel86, SBB(Ljava/lang/Object;Ljava/lang/Object;)[B >"	"bb13"	49	[("bb12", 9), ("bb11", 29)]
"< Application, Ltoba/classfile/ClassFile, find(Ljava/lang/String;)Ltoba/classfile/ClassFile; >"	"bb39"	38	[("bb35", 29), ("bb38", 29), ("bb37", 35)]
"< Application, Ltoba/jit/CodeBlock, BV(Ljava/lang/String;I)I >"	"bb15"	15	[("bb7", 23), ("bb6", 14)]
"< Application, Ltoba/jit/Intel86, makeModRM(Ljava/lang/Object;Ljava/lang/Object;)[B >"	"bb108"	178	[("bb104", 26), ("bb99", 26), ("bb37", 26), ("bb81", 26), ("bb48", 26), ("bb65", 26), ("bb36", 19), ("bb59", 19), ("bb84", 7), ("bb87", 7), ("bb54", 26), ("bb94", 19), ("bb80", 26), ("bb75", 26), ("bb40", 26), ("bb62", 26), ("bb45", 19), ("bb70", 19)]
"< Application, Ltoba/classfile/Constant, load(Ljava/io/DataInputStream;)[Ltoba/classfile/Constant; >"	"bb160"	131	[("bb159", 130), ("bb118", 8)]
"< Application, Ltoba/translator/MethGen, parmdecls(Ltoba/classfile/Method;)Ljava/lang/String; >"	"bb11"	55	[("bb10", 5), ("bb35", 53)]
"< Application, Ltoba/classfile/Instr, argstring(Ljava/lang/String;)Ljava/lang/String; >"	"bb36"	18	[("bb35", 53), ("bb37", 14)]
"< Application, Ltoba/jit/JIT, main([Ljava/lang/String;)V >"	"bb55"	76	[("bb51", 36), ("bb54", 75)]
"< Application, Ltoba/classfile/IHash, <init>(Ltoba/classfile/ClassData;)V >"	"bb28"	50	[("bb27", 50), ("bb26", 49)]
"< Application, Ltoba/jit/Intel86, makeModRM(Ljava/lang/Object;Ljava/lang/Object;)[B >"	"bb18"	27	[("bb17", 13), ("bb16", 19)]
"< Application, Ltoba/classfile/ClassData, <init>(Ljava/io/DataInputStream;)V >"	"bb108"	100	[("bb101", 33), ("bb107", 99)]
"< Application, Ltoba/runtime/CodeGen, interfaces(Ljava/lang/Class;)[J >"	"bb25"	37	[("bb24", 32), ("bb9", 4)]
"< Application, Ltoba/classfile/Method, <init>(Ltoba/classfile/ClassData;Ltoba/classfile/Field;)V >"	"bb249"	238	[("bb248", 235), ("bb239", 22)]
"< Application, Ltoba/classfile/Instr, <init>([BI[Ltoba/classfile/Constant;)V >"	"bb98"	94	[("bb97", 93), ("bb93", 23)]
"< Application, Ltoba/jit/CodeBlock, dumpHex()V >"	"bb23"	61	[("bb22", 61), ("bb40", 60)]
"< Application, Ltoba/classfile/ClassData, addByNameLoader(Ljava/lang/String;Ljava/lang/ClassLoader;Ltoba/classfile/ClassData;)V >"	"bb3"	7	[("bb2", 6), ("bb1", 2)]
"< Application, Ltoba/classfile/Names, hashinterface(Ljava/lang/String;Ljava/lang/String;)I >"	"bb9"	24	[("bb6", 4), ("bb8", 23)]
"< Application, Ltoba/jit/CodeBlock, doBackPatch(Ltoba/jit/BackpatchInfo;)V >"	"bb98"	461	[("bb97", 450), ("bb90", 442)]
"< Application, Ltoba/jit/JIT, main([Ljava/lang/String;)V >"	"bb20"	34	[("bb19", 31), ("bb1", 3)]
"< Application, Ltoba/runtime/Resolve, resolveClassName(Ljava/lang/String;Ljava/lang/ClassLoader;)Ljava/lang/Class; >"	"bb19"	33	[("bb14", 32), ("bb16", 25), ("bb18", 35)]
"< Application, Ltoba/jit/Intel86, ADD(Ljava/lang/Object;Ljava/lang/Object;)[B >"	"bb13"	46	[("bb12", 9), ("bb11", 27)]
"< Application, Ltoba/runtime/CodeGen, superclasses(Ljava/lang/Class;Ljava/lang/Class;)[J >"	"bb13"	22	[("bb8", 3), ("bb12", 21)]
"< Application, Ltoba/classfile/Instr, argstring(Ljava/lang/String;)Ljava/lang/String; >"	"bb42"	51	[("bb30", 53), ("bb20", 53), ("bb22", 53), ("bb33", 48), ("bb28", 53), ("bb18", 53), ("bb41", 50), ("bb26", 53), ("bb16", 53), ("bb39", 14), ("bb24", 53), ("bb7", 23)]
"< Application, Ltoba/translator/InsGen, invoke(Ljava/io/PrintWriter;Ltoba/classfile/Instr;Ltoba/classfile/MethodRef;Ljava/lang/String;)V >"	"bb31"	56	[("bb16", 27), ("bb30", 53)]
"< Application, Ltoba/Lister, closeClassList([Ljava/lang/String;I)V >"	"bb12"	31	[("bb11", 30), ("bb8", 2)]
"< Application, Ltoba/classfile/ClassData, ivregister()V >"	"bb11"	17	[("bb1", 3), ("bb10", 16)]
"< Application, Ltoba/jit/JITCodeGen, EmitCode(Ltoba/classfile/Method;I)V >"	"bb537"	962	[("bb526", 921), ("bb527", 920), ("bb528", 919), ("bb525", 922), ("bb529", 918)]
"< Application, Ltoba/translator/CFile, cltables(Ljava/io/PrintWriter;Ltoba/classfile/ClassData;)V >"	"bb156"	249	[("bb154", 247), ("bb155", 248)]
"< Application, Ltoba/Lister, listSystemClasses()V >"	"bb41"	64	[("bb3", 10), ("bb40", 62)]
"< Application, Ltoba/translator/MethGen, parmdecls(Ltoba/classfile/Method;)Ljava/lang/String; >"	"bb31"	57	[("bb29", 55), ("bb26", 55), ("bb14", 55), ("bb23", 55), ("bb28", 55), ("bb30", 55), ("bb20", 56), ("bb27", 55), ("bb25", 55), ("bb24", 55), ("bb22", 56)]
"< Application, Ltoba/classfile/ClassData, buildMethodTables(Z)V >"	"bb66"	53	[("bb65", 50), ("bb11", 4)]
"< Application, Ltoba/runtime/CodeGen, interfaces(Ljava/lang/Class;)[J >"	"bb20"	33	[("bb19", 31), ("bb12", 4)]
"< Application, Ltoba/classfile/Names, hashname(Ljava/lang/String;Ljava/lang/String;Ljava/lang/String;Ljava/lang/StringBuffer;)Ljava/lang/String; >"	"bb8"	25	[("bb7", 23), ("bb3", 10)]
"< Application, Ltoba/jit/JITCodeGen, EmitCode(Ltoba/classfile/Method;I)V >"	"bb537"	961	[("bb526", 353), ("bb527", 80), ("bb528", 27), ("bb525", 38), ("bb529", 27)]
"< Application, Ltoba/classfile/IHash, collisions(Ljava/util/Vector;I)I >"	"bb13"	24	[("bb12", 22), ("bb3", 8)]
"< Application, Ltoba/classfile/Method, <init>(Ltoba/classfile/ClassData;Ltoba/classfile/Field;)V >"	"bb249"	237	[("bb248", 236), ("bb239", 22)]
"< Application, Ltoba/translator/Trans, doname(Ljava/lang/String;)V >"	"bb21"	46	[("bb9", 22), ("bb8", 17)]
"< Application, Ltoba/jit/Intel86, encode([B[B[B)[B >"	"bb27"	37	[("bb26", 34), ("bb24", 32)]
"< Application, Ltoba/classfile/IHash, mark(Ljava/lang/ClassLoader;Ltoba/classfile/ClassData;)V >"	"bb22"	37	[("bb21", 38), ("bb6", 36)]
"< Application, Ltoba/translator/CFile, supers(Ljava/io/PrintWriter;Ltoba/classfile/ClassData;)V >"	"bb15"	30	[("bb3", 2), ("bb14", 29)]
"< Application, Ltoba/runtime/CodeGen, internStrings(Ljava/lang/Class;)[Ljava/lang/String; >"	"bb28"	30	[("bb27", 29), ("bb17", 8)]
"< Application, Ltoba/runtime/CodeGen, referencedClasses(Ljava/lang/Class;Ljava/lang/ClassLoader;)[J >"	"bb15"	24	[("bb2", 5), ("bb14", 22)]
"< Application, Ltoba/translator/InsGen, igen(Ljava/io/PrintWriter;Ltoba/classfile/Method;Ltoba/classfile/Instr;)V >"	"bb933"	321	[("bb920", 300), ("bb932", 320)]
"< Application, Ltoba/classfile/Method, <init>(Ltoba/classfile/ClassData;Ltoba/classfile/Field;)V >"	"bb76"	91	[("bb66", 22), ("bb75", 89)]
"< Application, Ltoba/jit/JITCodeGen, Prologue(Ltoba/classfile/Method;I)V >"	"bb118"	159	[("bb107", 158), ("bb117", 177), ("bb85", 14)]
"< Application, Ltoba/runtime/CodeGen, staticMethodAddrs(Ljava/lang/Class;[Ltoba/classfile/Field;)[J >"	"bb20"	27	[("bb4", 9), ("bb19", 26)]
"< Application, Ltoba/classfile/ClassData, buildMethodTables(Z)V >"	"bb95"	85	[("bb94", 84), ("bb82", 4)]
"< Application, Ltoba/classfile/Constant, readUTF(Ljava/io/DataInput;)Ljava/lang/String; >"	"bb35"	15	[("bb31", 34), ("bb7", 12), ("bb18", 18), ("bb3", 6)]
"< Application, Ltoba/classfile/Names, toba_getSRAS(Ljava/lang/String;)Ljava/io/InputStream; >"	"bb14"	28	[("bb13", 6), ("bb12", 23)]
"< Application, Ltoba/classfile/Method, <init>(Ltoba/classfile/ClassData;Ltoba/classfile/Field;)V >"	"bb199"	186	[("bb198", 183), ("bb191", 22)]
"< Application, Ltoba/jit/CodeBlock, resolveCode()V >"	"bb68"	92	[("bb67", 90), ("bb26", 4)]
"< Application, Ltoba/translator/CFile, strdump(Ljava/io/PrintWriter;Ltoba/classfile/ClassData;)V >"	"bb54"	95	[("bb26", 32), ("bb53", 93)]
"< Application, Ltoba/classfile/Field, isInArray([Ltoba/classfile/Field;)Z >"	"bb6"	14	[("bb5", 12), ("bb2", 7)]
