"< Application, Ltoba/Lister, abort(Ljava/lang/String;)V >"	"abort(Ljava/lang/String;)V"
"< Application, Ltoba/jit/CodeBlock, allocNativeBlock(I)J >"	"allocNativeBlock(I)J"
"< Application, Ltoba/jit/Intel86, LEA(Ljava/lang/Object;Ljava/lang/Object;)[B >"	"LEA(Ljava/lang/Object;Ljava/lang/Object;)[B"
"< Application, Ltoba/classfile/Names, classfile(Ljava/lang/String;)Ljava/lang/String; >"	"classfile(Ljava/lang/String;)Ljava/lang/String;"
"< Application, Ltoba/classfile/Instr, i1([BI)I >"	"i1([BI)I"
"< Application, Ltoba/runtime/CodeGen, defineClass(Ljava/lang/ClassLoader;[BII)Ljava/lang/Class; >"	"defineClass(Ljava/lang/ClassLoader;[BII)Ljava/lang/Class;"
"< Primordial, Ljava/lang/ClassNotFoundException, <init>(Ljava/lang/String;)V >"	"<init>(Ljava/lang/String;)V"
"< Application, Ltoba/classfile/Instr, argwords()I >"	"argwords()I"
"< Application, Ltoba/jit/Immediate, getValue()I >"	"getValue()I"
"< Primordial, Ljava/util/BitSet, <init>()V >"	"<init>()V"
"< Application, Ltoba/classfile/Instr, nextStack()Ljava/lang/String; >"	"nextStack()Ljava/lang/String;"
"< Application, Ltoba/translator/Trans, doname(Ljava/lang/String;)V >"	"doname(Ljava/lang/String;)V"
"< Primordial, Ljava/util/Stack, empty()Z >"	"empty()Z"
"< Application, Ltoba/jit/JITCodeGen, emitClassInit(Ltoba/classfile/Instr;Ljava/lang/Object;)V >"	"emitClassInit(Ltoba/classfile/Instr;Ljava/lang/Object;)V"
"< Application, Ltoba/classfile/MethodRef, <init>(Ltoba/classfile/ClassRef;Ljava/lang/String;Ljava/lang/String;)V >"	"<init>(Ltoba/classfile/ClassRef;Ljava/lang/String;Ljava/lang/String;)V"
"< Application, Ltoba/jit/CodeBlock, evalBrCALL(I)[B >"	"evalBrCALL(I)[B"
"< Application, Ltoba/jit/Intel86, FpushES()[B >"	"FpushES()[B"
"< Application, Ltoba/jit/Intel86, FNSTSW()[B >"	"FNSTSW()[B"
"< Application, Ltoba/jit/Intel86, XOR(Ljava/lang/Object;Ljava/lang/Object;)[B >"	"XOR(Ljava/lang/Object;Ljava/lang/Object;)[B"
"< Application, Ltoba/jit/Immediate, setSignExtend(Z)Ltoba/jit/Immediate; >"	"setSignExtend(Z)Ltoba/jit/Immediate;"
"< Primordial, Ljava/lang/System, getProperty(Ljava/lang/String;)Ljava/lang/String; >"	"getProperty(Ljava/lang/String;)Ljava/lang/String;"
"< Application, Ltoba/jit/Register, <clinit>()V >"	"<clinit>()V"
"< Application, Ltoba/classfile/Constant, load(Ljava/io/DataInputStream;)[Ltoba/classfile/Constant; >"	"load(Ljava/io/DataInputStream;)[Ltoba/classfile/Constant;"
"< Application, Ltoba/runtime/ClassRT, getMethodAddr(Ljava/lang/Class;Ltoba/classfile/Field;)J >"	"getMethodAddr(Ljava/lang/Class;Ltoba/classfile/Field;)J"
"< Application, Ltoba/classfile/MethodCode, getEntryPoint()J >"	"getEntryPoint()J"
"< Application, Ltoba/runtime/ClassRT, setInstanceVariables(Ljava/lang/Class;[Ltoba/classfile/Field;[I)V >"	"setInstanceVariables(Ljava/lang/Class;[Ltoba/classfile/Field;[I)V"
"< Primordial, Ljava/lang/Class, getSuperclass()Ljava/lang/Class; >"	"getSuperclass()Ljava/lang/Class;"
"< Application, Ltoba/classfile/Field, <init>(Ljava/io/DataInputStream;[Ltoba/classfile/Constant;)V >"	"<init>(Ljava/io/DataInputStream;[Ltoba/classfile/Constant;)V"
"< Application, Ltoba/translator/Trans, genmain(Ltoba/classfile/ClassData;)V >"	"genmain(Ltoba/classfile/ClassData;)V"
"< Primordial, Ljava/lang/ClassFormatError, <init>(Ljava/lang/String;)V >"	"<init>(Ljava/lang/String;)V"
"< Primordial, Ljava/lang/Object, toString()Ljava/lang/String; >"	"toString()Ljava/lang/String;"
"< Application, Ltoba/runtime/ClassRT, setMTEntFuncPtr(JJ)V >"	"setMTEntFuncPtr(JJ)V"
"< Application, Ltoba/jit/BackpatchInfo, setNext(Ltoba/jit/BackpatchInfo;)Ltoba/jit/BackpatchInfo; >"	"setNext(Ltoba/jit/BackpatchInfo;)Ltoba/jit/BackpatchInfo;"
"< Application, Ltoba/jit/Intel86, fitsin8bit(I)Z >"	"fitsin8bit(I)Z"
"< Application, Ltoba/classfile/FieldRef, isResolved()Z >"	"isResolved()Z"
"< Application, Ltoba/classfile/Names, idstring(Ljava/lang/String;)Z >"	"idstring(Ljava/lang/String;)Z"
"< Application, Ltoba/translator/CFile, clname(Ljava/io/PrintWriter;Ltoba/classfile/ClassData;)V >"	"clname(Ljava/io/PrintWriter;Ltoba/classfile/ClassData;)V"
"< Application, Ltoba/jit/JITCodeGen, popIntoMemory(Ltoba/jit/Register;C)V >"	"popIntoMemory(Ltoba/jit/Register;C)V"
"< Application, Ltoba/jit/CodeBlock, getCodeByte(I)I >"	"getCodeByte(I)I"
"< Application, Ltoba/jit/Immediate, <init>(IZ)V >"	"<init>(IZ)V"
"< Application, Ltoba/classfile/Names, reserved(Ljava/lang/String;)Z >"	"reserved(Ljava/lang/String;)Z"
"< Application, Ltoba/translator/Trans, options([Ljava/lang/String;)V >"	"options([Ljava/lang/String;)V"
"< Application, Ltoba/translator/CFile, strref(Ltoba/classfile/Constant;)I >"	"strref(Ltoba/classfile/Constant;)I"
"< Application, Ltoba/jit/Intel86, PrefixOPSIZE()[B >"	"PrefixOPSIZE()[B"
"< Application, Ltoba/runtime/ClassRT, setName(Ljava/lang/Class;Ljava/lang/String;)V >"	"setName(Ljava/lang/Class;Ljava/lang/String;)V"
"< Application, Ltoba/jit/JITCodeGen, LVOffs(I)Ltoba/jit/MemoryRef; >"	"LVOffs(I)Ltoba/jit/MemoryRef;"
"< Application, Ltoba/jit/CodeBlock, addWord(I)I >"	"addWord(I)I"
"< Application, Ltoba/classfile/Names, toba_getSRAS(Ljava/lang/String;)Ljava/io/InputStream; >"	"toba_getSRAS(Ljava/lang/String;)Ljava/io/InputStream;"
"< Application, Ltoba/classfile/Opcode, <init>()V >"	"<init>()V"
"< Application, Ltoba/classfile/Field, getVarFieldSize()I >"	"getVarFieldSize()I"
"< Application, Ltoba/jit/CodeBlock, setJumpFromNextInstr(Z)Z >"	"setJumpFromNextInstr(Z)Z"
"< Application, Ltoba/classfile/MethodRef, resolveWith(Ltoba/classfile/ClassData;)V >"	"resolveWith(Ltoba/classfile/ClassData;)V"
"< Application, Ltoba/runtime/ClassRT, setClassInitializer(Ljava/lang/Class;J)V >"	"setClassInitializer(Ljava/lang/Class;J)V"
"< Application, Ltoba/classfile/MethodCode, <init>(Ltoba/classfile/Method;)V >"	"<init>(Ltoba/classfile/Method;)V"
"< Application, Ltoba/jit/CodeBlock, storeByteArray([BI)[B >"	"storeByteArray([BI)[B"
"< Application, Ltoba/runtime/CodeGen, classVariableOffsets([Ltoba/classfile/Field;)[I >"	"classVariableOffsets([Ltoba/classfile/Field;)[I"
"< Application, Ltoba/jit/JITCodeGen, emitBackJumpCall(Ltoba/classfile/Instr;)V >"	"emitBackJumpCall(Ltoba/classfile/Instr;)V"
"< Application, Ltoba/classfile/MethodCode, resolveCode()V >"	"resolveCode()V"
"< Primordial, Ljava/io/InputStreamReader, <init>(Ljava/io/InputStream;)V >"	"<init>(Ljava/io/InputStream;)V"
"< Primordial, Ljava/lang/ClassLoader, resolveClass(Ljava/lang/Class;)V >"	"resolveClass(Ljava/lang/Class;)V"
"< Application, Ltoba/jit/JITCodeGen, Prologue(Ltoba/classfile/Method;I)V >"	"Prologue(Ltoba/classfile/Method;I)V"
"< Primordial, Ljava/lang/Integer, <init>(I)V >"	"<init>(I)V"
"< Primordial, Ljava/io/File, getPath()Ljava/lang/String; >"	"getPath()Ljava/lang/String;"
"< Application, Ltoba/Lister, listSystemClasses()V >"	"listSystemClasses()V"
"< Primordial, Ljava/lang/StringBuffer, setCharAt(IC)V >"	"setCharAt(IC)V"
"< Application, Ltoba/jit/JITCodeGen, EmitSyncWrapper(Ltoba/classfile/Method;)V >"	"EmitSyncWrapper(Ltoba/classfile/Method;)V"
"< Application, Ltoba/translator/Repr, emitCharData(Ljava/io/PrintWriter;Ljava/lang/String;)V >"	"emitCharData(Ljava/io/PrintWriter;Ljava/lang/String;)V"
"< Application, Ltoba/translator/Trans, debugging(C)Z >"	"debugging(C)Z"
"< Application, Ltoba/translator/CFile, emitNamesSigs(Ljava/io/PrintWriter;Ljava/lang/String;[Ltoba/classfile/Field;)V >"	"emitNamesSigs(Ljava/io/PrintWriter;Ljava/lang/String;[Ltoba/classfile/Field;)V"
"< Primordial, Ljava/lang/StringBuffer, toString()Ljava/lang/String; >"	"toString()Ljava/lang/String;"
"< Application, Ltoba/jit/Immediate, valFitsByte(IZ)Z >"	"valFitsByte(IZ)Z"
"< Application, Ltoba/classfile/IHash, collisions(Ljava/util/Vector;I)I >"	"collisions(Ljava/util/Vector;I)I"
"< Application, Ltoba/translator/InsGen, igen(Ljava/io/PrintWriter;Ltoba/classfile/Method;Ltoba/classfile/Instr;)V >"	"igen(Ljava/io/PrintWriter;Ltoba/classfile/Method;Ltoba/classfile/Instr;)V"
"< Primordial, Ljava/lang/String, <init>([CII)V >"	"<init>([CII)V"
"< Primordial, Ljava/lang/NoClassDefFoundError, <init>(Ljava/lang/String;)V >"	"<init>(Ljava/lang/String;)V"
"< Primordial, Ljava/lang/StringBuffer, append(J)Ljava/lang/StringBuffer; >"	"append(J)Ljava/lang/StringBuffer;"
"< Application, Ltoba/classfile/IHash, hashlist(Ljava/lang/ClassLoader;Ltoba/classfile/ClassRef;)[I >"	"hashlist(Ljava/lang/ClassLoader;Ltoba/classfile/ClassRef;)[I"
"< Primordial, Ljava/lang/InternalError, <init>(Ljava/lang/String;)V >"	"<init>(Ljava/lang/String;)V"
"< Application, Ltoba/translator/Trans, foreign(Ljava/io/File;)Z >"	"foreign(Ljava/io/File;)Z"
"< Application, Ltoba/runtime/ClassRT, setConstructor(Ljava/lang/Class;J)V >"	"setConstructor(Ljava/lang/Class;J)V"
"< Application, Ltoba/translator/CFile, strdump(Ljava/io/PrintWriter;Ltoba/classfile/ClassData;)V >"	"strdump(Ljava/io/PrintWriter;Ltoba/classfile/ClassData;)V"
"< Application, Ltoba/classfile/ClassData, forName(Ljava/lang/String;)Ltoba/classfile/ClassData; >"	"forName(Ljava/lang/String;)Ltoba/classfile/ClassData;"
"< Application, Ltoba/jit/MemoryRef, <init>(Ltoba/jit/Register;)V >"	"<init>(Ltoba/jit/Register;)V"
"< Application, Ltoba/jit/Intel86, MOV(Ljava/lang/Object;Ljava/lang/Object;)[B >"	"MOV(Ljava/lang/Object;Ljava/lang/Object;)[B"
"< Application, Ltoba/classfile/Opcode, toString()Ljava/lang/String; >"	"toString()Ljava/lang/String;"
"< Application, Ltoba/jit/Intel86, FISTP(Ljava/lang/Object;)[B >"	"FISTP(Ljava/lang/Object;)[B"
"< Application, Ltoba/classfile/IHash, impls(Ltoba/classfile/ClassData;)Ljava/util/Vector; >"	"impls(Ltoba/classfile/ClassData;)Ljava/util/Vector;"
"< Application, Ltoba/jit/Register, <init>(IZ)V >"	"<init>(IZ)V"
"< Application, Ltoba/jit/BackpatchInfo, <init>(ILtoba/classfile/Instr;Ljava/lang/Object;IJ)V >"	"<init>(ILtoba/classfile/Instr;Ljava/lang/Object;IJ)V"
"< Primordial, Ljava/io/IOException, <init>(Ljava/lang/String;)V >"	"<init>(Ljava/lang/String;)V"
"< Primordial, Ljava/lang/NoSuchMethodError, <init>(Ljava/lang/String;)V >"	"<init>(Ljava/lang/String;)V"
"< Primordial, Ljava/io/File, <init>(Ljava/lang/String;Ljava/lang/String;)V >"	"<init>(Ljava/lang/String;Ljava/lang/String;)V"
"< Application, Ltoba/jit/Intel86, RELATIVE_CALL(I)[B >"	"RELATIVE_CALL(I)[B"
"< Application, Ltoba/jit/CodeBlock, evalBrLOADCodeLbl(ILjava/lang/Object;)[B >"	"evalBrLOADCodeLbl(ILjava/lang/Object;)[B"
"< Primordial, Ljava/lang/InternalError, <init>()V >"	"<init>()V"
"< Application, Ltoba/runtime/CodeGen, typeAlignment(C)I >"	"typeAlignment(C)I"
"< Application, Ltoba/jit/Intel86, setEStackBase(I)I >"	"setEStackBase(I)I"
"< Application, Ltoba/classfile/Names, hashinterface(Ljava/lang/String;Ljava/lang/String;)I >"	"hashinterface(Ljava/lang/String;Ljava/lang/String;)I"
"< Primordial, Ljava/util/Stack, pop()Ljava/lang/Object; >"	"pop()Ljava/lang/Object;"
"< Application, Ltoba/jit/Immediate, getSignExtendFlagVal()Z >"	"getSignExtendFlagVal()Z"
"< Primordial, Ljava/lang/Integer, toString()Ljava/lang/String; >"	"toString()Ljava/lang/String;"
"< Application, Ltoba/jit/CodeBlock, <init>(Ltoba/classfile/Method;I)V >"	"<init>(Ltoba/classfile/Method;I)V"
"< Application, Ltoba/runtime/SystemClassLoader, findNativeClass(Ljava/lang/String;)Ljava/lang/Class; >"	"findNativeClass(Ljava/lang/String;)Ljava/lang/Class;"
"< Application, Ltoba/classfile/Instr, u1([BI)I >"	"u1([BI)I"
"< Application, Ltoba/jit/Intel86, FMULP(Ljava/lang/Object;)[B >"	"FMULP(Ljava/lang/Object;)[B"
"< Application, Ltoba/jit/Intel86, popES(Ljava/lang/Object;)[B >"	"popES(Ljava/lang/Object;)[B"
"< Primordial, Ljava/lang/String, indexOf(Ljava/lang/String;I)I >"	"indexOf(Ljava/lang/String;I)I"
"< Application, Ltoba/classfile/Instr, dump(Ljava/io/PrintWriter;[Ltoba/classfile/Instr;)V >"	"dump(Ljava/io/PrintWriter;[Ltoba/classfile/Instr;)V"
"< Application, Ltoba/classfile/ClassFile, open(Ljava/lang/String;Ljava/lang/String;)Ltoba/classfile/ClassFile; >"	"open(Ljava/lang/String;Ljava/lang/String;)Ltoba/classfile/ClassFile;"
"< Application, Ltoba/classfile/Names, <init>()V >"	"<init>()V"
"< Application, Ltoba/runtime/CodeGen, hashAddrs(Ljava/lang/Class;[Ltoba/classfile/Field;)[J >"	"hashAddrs(Ljava/lang/Class;[Ltoba/classfile/Field;)[J"
"< Application, Ltoba/translator/MethGen, <init>()V >"	"<init>()V"
"< Application, Ltoba/jit/JITCodeGen, SummarizeInstrumentation()V >"	"SummarizeInstrumentation()V"
"< Primordial, Ljava/lang/Float, floatToIntBits(F)I >"	"floatToIntBits(F)I"
"< Primordial, Ljava/io/DataInputStream, <init>(Ljava/io/InputStream;)V >"	"<init>(Ljava/io/InputStream;)V"
"< Application, Ltoba/classfile/MethodCode, setStubEntry(J)J >"	"setStubEntry(J)J"
"< Application, Ltoba/translator/CFile, write(Ljava/io/PrintWriter;Ltoba/classfile/ClassData;)V >"	"write(Ljava/io/PrintWriter;Ltoba/classfile/ClassData;)V"
"< Application, Ltoba/jit/Intel86, UNIMP(I)[B >"	"UNIMP(I)[B"
"< Application, Ltoba/classfile/MethodCode, getMethodEntry()J >"	"getMethodEntry()J"
"< Primordial, Ljava/lang/String, replace(CC)Ljava/lang/String; >"	"replace(CC)Ljava/lang/String;"
"< Application, Ltoba/jit/Intel86, getEStackDepth()I >"	"getEStackDepth()I"
"< Primordial, Ljava/lang/Double, isInfinite(D)Z >"	"isInfinite(D)Z"
"< Application, Ltoba/jit/Immediate, <init>(I)V >"	"<init>(I)V"
"< Application, Ltoba/classfile/Names, hashvar(Ljava/lang/String;)Ljava/lang/String; >"	"hashvar(Ljava/lang/String;)Ljava/lang/String;"
"< Application, Ltoba/classfile/ClassRef, bySignature(Ljava/lang/String;)Ltoba/classfile/ClassRef; >"	"bySignature(Ljava/lang/String;)Ltoba/classfile/ClassRef;"
"< Application, Ltoba/jit/Intel86, OR(Ljava/lang/Object;Ljava/lang/Object;)[B >"	"OR(Ljava/lang/Object;Ljava/lang/Object;)[B"
"< Primordial, Ljava/lang/Double, doubleValue()D >"	"doubleValue()D"
"< Primordial, Ljava/lang/System, exit(I)V >"	"exit(I)V"
"< Primordial, Ljava/util/zip/ZipFile, getInputStream(Ljava/util/zip/ZipEntry;)Ljava/io/InputStream; >"	"getInputStream(Ljava/util/zip/ZipEntry;)Ljava/io/InputStream;"
"< Application, Ltoba/classfile/Names, hashmethod(Ljava/lang/String;Ljava/lang/String;Ljava/lang/String;)Ljava/lang/String; >"	"hashmethod(Ljava/lang/String;Ljava/lang/String;Ljava/lang/String;)Ljava/lang/String;"
"< Application, Ltoba/classfile/ClassData, <clinit>()V >"	"<clinit>()V"
"< Application, Ltoba/classfile/ClassData, buildMethodTables(Z)V >"	"buildMethodTables(Z)V"
"< Primordial, Ljava/io/DataInputStream, readLong()J >"	"readLong()J"
"< Application, Ltoba/jit/JITCodeGen, emitEltOffsetCode(ILtoba/classfile/Instr;)V >"	"emitEltOffsetCode(ILtoba/classfile/Instr;)V"
"< Application, Ltoba/runtime/ClassRT, getMethodTEnt(Ljava/lang/Class;ZI)J >"	"getMethodTEnt(Ljava/lang/Class;ZI)J"
"< Application, Ltoba/jit/CodeBlock, storeByte(BI)B >"	"storeByte(BI)B"
"< Primordial, Ljava/util/BitSet, get(I)Z >"	"get(I)Z"
"< Application, Ltoba/jit/Intel86, valWFlag(Ljava/lang/Object;Ljava/lang/Object;)I >"	"valWFlag(Ljava/lang/Object;Ljava/lang/Object;)I"
"< Application, Ltoba/jit/CodeBlock, doBackPatch(Ltoba/jit/BackpatchInfo;)V >"	"doBackPatch(Ltoba/jit/BackpatchInfo;)V"
"< Application, Ltoba/translator/MethGen, needSwitch(Ltoba/classfile/Method;)Z >"	"needSwitch(Ltoba/classfile/Method;)Z"
"< Primordial, Ljava/lang/Double, doubleToLongBits(D)J >"	"doubleToLongBits(D)J"
"< Application, Ltoba/translator/MethGen, parmdecls(Ltoba/classfile/Method;)Ljava/lang/String; >"	"parmdecls(Ltoba/classfile/Method;)Ljava/lang/String;"
"< Application, Ltoba/jit/Register, toString()Ljava/lang/String; >"	"toString()Ljava/lang/String;"
"< Application, Ltoba/jit/Intel86, makeModRM(ILjava/lang/Object;)[B >"	"makeModRM(ILjava/lang/Object;)[B"
"< Application, Ltoba/jit/Intel86, AND(Ljava/lang/Object;Ljava/lang/Object;)[B >"	"AND(Ljava/lang/Object;Ljava/lang/Object;)[B"
"< Application, Ltoba/jit/JIT, <init>()V >"	"<init>()V"
"< Application, Ltoba/translator/Supers, load(Ltoba/classfile/ClassData;)V >"	"load(Ltoba/classfile/ClassData;)V"
"< Application, Ltoba/runtime/ClassRT, updateMethodExceptionLists(Ltoba/classfile/ClassData;)V >"	"updateMethodExceptionLists(Ltoba/classfile/ClassData;)V"
"< Primordial, Ljava/util/zip/ZipFile, <init>(Ljava/lang/String;)V >"	"<init>(Ljava/lang/String;)V"
"< Primordial, Ljava/io/PrintStream, println()V >"	"println()V"
"< Application, Ltoba/translator/Trans, abort(Ljava/lang/String;)V >"	"abort(Ljava/lang/String;)V"
"< Application, Ltoba/jit/Intel86, RET()[B >"	"RET()[B"
"< Application, Ltoba/classfile/Pair, <init>()V >"	"<init>()V"
"< Primordial, Ljava/io/File, isFile()Z >"	"isFile()Z"
"< Application, Ltoba/translator/MethGen, dclvars(Ljava/io/PrintWriter;Ltoba/classfile/Method;CZ)V >"	"dclvars(Ljava/io/PrintWriter;Ltoba/classfile/Method;CZ)V"
"< Application, Ltoba/runtime/SystemClassLoader, systemLoadClass(Ljava/lang/String;Z)Ljava/lang/Class; >"	"systemLoadClass(Ljava/lang/String;Z)Ljava/lang/Class;"
"< Application, Ltoba/classfile/Names, hashname(Ljava/lang/String;Ljava/lang/String;Ljava/lang/String;Ljava/lang/StringBuffer;)Ljava/lang/String; >"	"hashname(Ljava/lang/String;Ljava/lang/String;Ljava/lang/String;Ljava/lang/StringBuffer;)Ljava/lang/String;"
"< Application, Ltoba/runtime/CodeGen, referencedClasses(Ljava/lang/Class;Ljava/lang/ClassLoader;)[J >"	"referencedClasses(Ljava/lang/Class;Ljava/lang/ClassLoader;)[J"
"< Application, Ltoba/jit/JITCodeGen, Epilogue(Ltoba/classfile/Method;)V >"	"Epilogue(Ltoba/classfile/Method;)V"
"< Application, Ltoba/jit/CodeBlock, reserveCode(ILtoba/classfile/Instr;Ljava/lang/Object;J)Ltoba/jit/BackpatchInfo; >"	"reserveCode(ILtoba/classfile/Instr;Ljava/lang/Object;J)Ltoba/jit/BackpatchInfo;"
"< Application, Ltoba/runtime/CodeGen, interfaces(Ljava/lang/Class;)[J >"	"interfaces(Ljava/lang/Class;)[J"
"< Application, Ltoba/translator/InsGen, gengoto(Ljava/io/PrintWriter;Ltoba/classfile/Method;Ltoba/classfile/Instr;I)V >"	"gengoto(Ljava/io/PrintWriter;Ltoba/classfile/Method;Ltoba/classfile/Instr;I)V"
"< Application, Ltoba/jit/Intel86, LEAVE()[B >"	"LEAVE()[B"
"< Application, Ltoba/jit/CodeBlock, setByteOffs(I)V >"	"setByteOffs(I)V"
"< Primordial, Ljava/io/FileOutputStream, close()V >"	"close()V"
"< Application, Ltoba/jit/Intel86, FDIVRP(Ljava/lang/Object;)[B >"	"FDIVRP(Ljava/lang/Object;)[B"
"< Application, Ltoba/classfile/IHash, setInTranslator(Z)Z >"	"setInTranslator(Z)Z"
"< Application, Ltoba/jit/MemoryRef, <init>(Ltoba/jit/Immediate;Ltoba/jit/Register;)V >"	"<init>(Ltoba/jit/Immediate;Ltoba/jit/Register;)V"
"< Primordial, Ljava/util/Hashtable, put(Ljava/lang/Object;Ljava/lang/Object;)Ljava/lang/Object; >"	"put(Ljava/lang/Object;Ljava/lang/Object;)Ljava/lang/Object;"
"< Application, Ltoba/classfile/FieldRef, resolveTo(Ltoba/classfile/Field;)V >"	"resolveTo(Ltoba/classfile/Field;)V"
"< Application, Ltoba/jit/BackpatchInfo, <init>(ILtoba/classfile/Instr;Ljava/lang/Object;ILjava/lang/Object;)V >"	"<init>(ILtoba/classfile/Instr;Ljava/lang/Object;ILjava/lang/Object;)V"
"< Application, Ltoba/classfile/Opcode, op(IIIILjava/lang/String;Ljava/lang/String;Ljava/lang/String;I)V >"	"op(IIIILjava/lang/String;Ljava/lang/String;Ljava/lang/String;I)V"
"< Application, Ltoba/runtime/SystemClassLoader, <init>()V >"	"<init>()V"
"< Primordial, Ljava/lang/Double, <init>(D)V >"	"<init>(D)V"
"< Application, Ltoba/jit/Intel86, encode(I)[B >"	"encode(I)[B"
"< Application, Ltoba/jit/Intel86, PatchNearJump(II)V >"	"PatchNearJump(II)V"
"< Application, Ltoba/classfile/Attribute, toString()Ljava/lang/String; >"	"toString()Ljava/lang/String;"
"< Application, Ltoba/translator/CFile, emitStaticFinalInit(Ljava/io/PrintWriter;Ltoba/classfile/ClassData;)Z >"	"emitStaticFinalInit(Ljava/io/PrintWriter;Ltoba/classfile/ClassData;)Z"
"< Application, Ltoba/jit/MemoryRef, getScaleBits()I >"	"getScaleBits()I"
"< Primordial, Ljava/io/PrintWriter, print(C)V >"	"print(C)V"
"< Primordial, Ljava/util/zip/ZipFile, entries()Ljava/util/Enumeration; >"	"entries()Ljava/util/Enumeration;"
"< Application, Ltoba/translator/HFile, ivfield(Ljava/io/PrintWriter;Ltoba/classfile/ClassData;)V >"	"ivfield(Ljava/io/PrintWriter;Ltoba/classfile/ClassData;)V"
"< Application, Ltoba/jit/Intel86, SHR(Ljava/lang/Object;Ljava/lang/Object;)[B >"	"SHR(Ljava/lang/Object;Ljava/lang/Object;)[B"
"< Application, Ltoba/jit/JITCodeGen, EmitRetvalStore(Ltoba/classfile/FieldRef;)V >"	"EmitRetvalStore(Ltoba/classfile/FieldRef;)V"
"< Application, Ltoba/InstallClassFile, <init>()V >"	"<init>()V"
"< Application, Ltoba/classfile/ClassRef, <clinit>()V >"	"<clinit>()V"
"< Application, Ltoba/translator/InsGen, stackvar(Ltoba/classfile/Instr;I)Ljava/lang/String; >"	"stackvar(Ltoba/classfile/Instr;I)Ljava/lang/String;"
"< Application, Ltoba/jit/JITCodeGen, setCallArgs(Ljava/lang/String;)I >"	"setCallArgs(Ljava/lang/String;)I"
"< Application, Ltoba/jit/CodeBlock, addByteArray([B)[B >"	"addByteArray([B)[B"
"< Application, Ltoba/runtime/Resolve, resolveClass(Ltoba/classfile/ClassData;Ljava/lang/ClassLoader;)V >"	"resolveClass(Ltoba/classfile/ClassData;Ljava/lang/ClassLoader;)V"
"< Application, Ltoba/classfile/ClassRef, resolveTo(Ljava/lang/Class;Ljava/lang/ClassLoader;)V >"	"resolveTo(Ljava/lang/Class;Ljava/lang/ClassLoader;)V"
"< Application, Ltoba/jit/Intel86, tossES(I)[B >"	"tossES(I)[B"
"< Primordial, Ljava/lang/Runtime, exit(I)V >"	"exit(I)V"
"< Application, Ltoba/runtime/ClassRT, setHashTable(Ljava/lang/Class;I[Ltoba/classfile/Field;[J)V >"	"setHashTable(Ljava/lang/Class;I[Ltoba/classfile/Field;[J)V"
"< Application, Ltoba/jit/JITCodeGen, EmitBinOp(Ltoba/classfile/Instr;)V >"	"EmitBinOp(Ltoba/classfile/Instr;)V"
"< Application, Ltoba/jit/Intel86, FADDP(Ljava/lang/Object;)[B >"	"FADDP(Ljava/lang/Object;)[B"
"< Application, Ltoba/jit/MemoryRef, getIndexReg()Ltoba/jit/Register; >"	"getIndexReg()Ltoba/jit/Register;"
"< Application, Ltoba/jit/Intel86, FSUBRP(Ljava/lang/Object;)[B >"	"FSUBRP(Ljava/lang/Object;)[B"
"< Primordial, Ljava/util/Vector, <init>(I)V >"	"<init>(I)V"
"< Application, Ltoba/runtime/CodeGen, defineClass(Ljava/lang/ClassLoader;Ljava/io/DataInputStream;)Ljava/lang/Class; >"	"defineClass(Ljava/lang/ClassLoader;Ljava/io/DataInputStream;)Ljava/lang/Class;"
"< Application, Ltoba/jit/CodeBlock, nextByteOffs()I >"	"nextByteOffs()I"
"< Application, Ltoba/classfile/Instr, argwords(Ljava/lang/String;)I >"	"argwords(Ljava/lang/String;)I"
"< Primordial, Ljava/lang/StringBuffer, insert(ILjava/lang/String;)Ljava/lang/StringBuffer; >"	"insert(ILjava/lang/String;)Ljava/lang/StringBuffer;"
"< Application, Ltoba/jit/CodeBlock, copyNativeCode([BIJ)V >"	"copyNativeCode([BIJ)V"
"< Application, Ltoba/runtime/ClassRT, getMTEntFuncPtr(J)J >"	"getMTEntFuncPtr(J)J"
"< Application, Ltoba/translator/CFile, clstruct(Ljava/io/PrintWriter;Ltoba/classfile/ClassData;)V >"	"clstruct(Ljava/io/PrintWriter;Ltoba/classfile/ClassData;)V"
"< Application, Ltoba/jit/Intel86, OpType(Ljava/lang/Object;)I >"	"OpType(Ljava/lang/Object;)I"
"< Application, Ltoba/classfile/Instr, argstring(Ljava/lang/String;)Ljava/lang/String; >"	"argstring(Ljava/lang/String;)Ljava/lang/String;"
"< Primordial, Ljava/util/zip/ZipEntry, getName()Ljava/lang/String; >"	"getName()Ljava/lang/String;"
"< Application, Ltoba/jit/JITCodeGen, getNPprimclass(II)J >"	"getNPprimclass(II)J"
"< Application, Ltoba/jit/JITCodeGen, setCallArgs(I)I >"	"setCallArgs(I)I"
"< Application, Ltoba/jit/JITCodeGen, allocUncolMemory(I)J >"	"allocUncolMemory(I)J"
"< Application, Ltoba/jit/CodeBlock, getEpilogOffs()I >"	"getEpilogOffs()I"
"< Primordial, Ljava/util/Vector, elementAt(I)Ljava/lang/Object; >"	"elementAt(I)Ljava/lang/Object;"
"< Application, Ltoba/classfile/ClassData, buildTables()V >"	"buildTables()V"
"< Application, Ltoba/classfile/ClassRef, RegisterClassRef(Ltoba/classfile/ClassRef;)V >"	"RegisterClassRef(Ltoba/classfile/ClassRef;)V"
"< Application, Ltoba/classfile/ClassRef, <init>(Ljava/lang/Class;)V >"	"<init>(Ljava/lang/Class;)V"
"< Application, Ltoba/jit/Intel86, LpushES(Ljava/lang/Object;Ljava/lang/Object;)[B >"	"LpushES(Ljava/lang/Object;Ljava/lang/Object;)[B"
"< Application, Ltoba/runtime/CodeGen, generateCode(Ljava/lang/Class;Ltoba/classfile/Method;)Ltoba/classfile/MethodCode; >"	"generateCode(Ljava/lang/Class;Ltoba/classfile/Method;)Ltoba/classfile/MethodCode;"
"< Application, Ltoba/Lister, main([Ljava/lang/String;)V >"	"main([Ljava/lang/String;)V"
"< Application, Ltoba/classfile/ClassRef, findRefdClass(Ljava/lang/ClassLoader;)Ljava/lang/Class; >"	"findRefdClass(Ljava/lang/ClassLoader;)Ljava/lang/Class;"
"< Application, Ltoba/jit/CodeBlock, BS(II)Ljava/lang/String; >"	"BS(II)Ljava/lang/String;"
"< Primordial, Ljava/util/Vector, setElementAt(Ljava/lang/Object;I)V >"	"setElementAt(Ljava/lang/Object;I)V"
"< Application, Ltoba/jit/Intel86, <clinit>()V >"	"<clinit>()V"
"< Application, Ltoba/classfile/ClassRef, toString()Ljava/lang/String; >"	"toString()Ljava/lang/String;"
"< Primordial, Ljava/io/PrintWriter, println(Ljava/lang/Object;)V >"	"println(Ljava/lang/Object;)V"
"< Primordial, Ljava/util/Vector, size()I >"	"size()I"
"< Application, Ltoba/jit/MemoryRef, getScaleFactor()I >"	"getScaleFactor()I"
"< Application, Ltoba/jit/Intel86, SAR(Ljava/lang/Object;Ljava/lang/Object;)[B >"	"SAR(Ljava/lang/Object;Ljava/lang/Object;)[B"
"< Application, Ltoba/runtime/ClassRT, <init>()V >"	"<init>()V"
"< Application, Ltoba/translator/ClassInstall, install(Ljava/lang/String;Ljava/lang/String;Ljava/lang/String;)V >"	"install(Ljava/lang/String;Ljava/lang/String;Ljava/lang/String;)V"
"< Primordial, Ljava/io/PrintWriter, print(I)V >"	"print(I)V"
"< Application, Ltoba/jit/Intel86, FpopES()[B >"	"FpopES()[B"
"< Application, Ltoba/jit/JITCodeGen, Initialize()V >"	"Initialize()V"
"< Primordial, Ljava/io/UTFDataFormatException, <init>()V >"	"<init>()V"
"< Application, Ltoba/jit/CodeBlock, BV(Ljava/lang/String;I)I >"	"BV(Ljava/lang/String;I)I"
"< Application, Ltoba/runtime/CodeGen, baseSize()I >"	"baseSize()I"
"< Primordial, Ljava/lang/String, indexOf(I)I >"	"indexOf(I)I"
"< Application, Ltoba/runtime/ClassRT, getNativeClass(Ljava/lang/Class;)J >"	"getNativeClass(Ljava/lang/Class;)J"
"< Primordial, Ljava/lang/String, valueOf(I)Ljava/lang/String; >"	"valueOf(I)Ljava/lang/String;"
"< Primordial, Ljava/lang/Object, <init>()V >"	"<init>()V"
"< Application, Ltoba/classfile/ClassData, getByNameLoader(Ljava/lang/String;Ljava/lang/ClassLoader;)Ltoba/classfile/ClassData; >"	"getByNameLoader(Ljava/lang/String;Ljava/lang/ClassLoader;)Ltoba/classfile/ClassData;"
"< Primordial, Ljava/io/File, mkdirs()Z >"	"mkdirs()Z"
"< Primordial, Ljava/util/Vector, <init>()V >"	"<init>()V"
"< Primordial, Ljava/lang/Runtime, getRuntime()Ljava/lang/Runtime; >"	"getRuntime()Ljava/lang/Runtime;"
"< Application, Ltoba/classfile/ClassData, ClassDataInternal(Ltoba/classfile/ClassData;Ljava/lang/Class;)V >"	"ClassDataInternal(Ltoba/classfile/ClassData;Ljava/lang/Class;)V"
"< Application, Ltoba/runtime/CodeGen, pokeLong(JJ)V >"	"pokeLong(JJ)V"
"< Application, Ltoba/jit/CodeBlock, evalBrFIELDLOAD(ILjava/lang/Object;)[B >"	"evalBrFIELDLOAD(ILjava/lang/Object;)[B"
"< Application, Ltoba/runtime/CodeGen, internStrings(Ljava/lang/Class;)[Ljava/lang/String; >"	"internStrings(Ljava/lang/Class;)[Ljava/lang/String;"
"< Application, Ltoba/translator/CFile, methodsigs(Ljava/io/PrintWriter;Ltoba/classfile/ClassData;)V >"	"methodsigs(Ljava/io/PrintWriter;Ltoba/classfile/ClassData;)V"
"< Application, Ltoba/jit/Intel86, valWFlag(Ljava/lang/Object;)I >"	"valWFlag(Ljava/lang/Object;)I"
"< Application, Ltoba/runtime/ClassRT, getInstanceVarOffset(Ljava/lang/Class;I)I >"	"getInstanceVarOffset(Ljava/lang/Class;I)I"
"< Primordial, Ljava/lang/System, getProperties()Ljava/util/Properties; >"	"getProperties()Ljava/util/Properties;"
"< Application, Ltoba/jit/Intel86, checkOperand(Ljava/lang/Object;)I >"	"checkOperand(Ljava/lang/Object;)I"
"< Application, Ltoba/jit/CodeBlock, overwriteInstalledCode([BI)V >"	"overwriteInstalledCode([BI)V"
"< Application, Ltoba/jit/Intel86, emitByteArray([B)V >"	"emitByteArray([B)V"
"< Application, Ltoba/jit/MemoryRef, getDisplacement()I >"	"getDisplacement()I"
"< Application, Ltoba/jit/CodeBlock, dumpHex()V >"	"dumpHex()V"
"< Application, Ltoba/jit/Intel86, pushEStackOffs()I >"	"pushEStackOffs()I"
"< Application, Ltoba/jit/Intel86, CBW()[B >"	"CBW()[B"
"< Primordial, Ljava/lang/String, valueOf(Ljava/lang/Object;)Ljava/lang/String; >"	"valueOf(Ljava/lang/Object;)Ljava/lang/String;"
"< Application, Ltoba/jit/CodeBlock, UNIMP(I)[B >"	"UNIMP(I)[B"
"< Primordial, Ljava/util/Vector, copyInto([Ljava/lang/Object;)V >"	"copyInto([Ljava/lang/Object;)V"
"< Application, Ltoba/jit/JITCodeGen, checkBackJump(Ltoba/classfile/Instr;II)V >"	"checkBackJump(Ltoba/classfile/Instr;II)V"
"< Application, Ltoba/runtime/Supers, resolveIfaceRefs(Ltoba/classfile/ClassData;Ljava/lang/ClassLoader;)V >"	"resolveIfaceRefs(Ltoba/classfile/ClassData;Ljava/lang/ClassLoader;)V"
"< Application, Ltoba/runtime/ClassRT, setStringPool(Ljava/lang/Class;[Ljava/lang/String;)V >"	"setStringPool(Ljava/lang/Class;[Ljava/lang/String;)V"
"< Application, Ltoba/classfile/Constant, <clinit>()V >"	"<clinit>()V"
"< Application, Ltoba/jit/Register, is8BitReg()Z >"	"is8BitReg()Z"
"< Application, Ltoba/translator/CFile, include(Ljava/io/PrintWriter;Ljava/lang/String;)V >"	"include(Ljava/io/PrintWriter;Ljava/lang/String;)V"
"< Application, Ltoba/translator/InsGen, target(Ltoba/classfile/Method;I)I >"	"target(Ltoba/classfile/Method;I)I"
"< Primordial, Ljava/io/PrintStream, println(Ljava/lang/String;)V >"	"println(Ljava/lang/String;)V"
"< Application, Ltoba/jit/BackpatchInfo, getNext()Ltoba/jit/BackpatchInfo; >"	"getNext()Ltoba/jit/BackpatchInfo;"
"< Application, Ltoba/jit/Intel86, FLDCW(Ljava/lang/Object;)[B >"	"FLDCW(Ljava/lang/Object;)[B"
"< Primordial, Ljava/util/Vector, addElement(Ljava/lang/Object;)V >"	"addElement(Ljava/lang/Object;)V"
"< Application, Ltoba/translator/MethGen, lvinits(Ljava/io/PrintWriter;Ltoba/classfile/Method;)V >"	"lvinits(Ljava/io/PrintWriter;Ltoba/classfile/Method;)V"
"< Application, Ltoba/runtime/ClassRT, setSuperclasses(Ljava/lang/Class;[J)V >"	"setSuperclasses(Ljava/lang/Class;[J)V"
"< Application, Ltoba/runtime/ClassRT, setClassData(Ljava/lang/Class;Ltoba/classfile/ClassData;)V >"	"setClassData(Ljava/lang/Class;Ltoba/classfile/ClassData;)V"
"< Application, Ltoba/jit/Immediate, getImmSize()I >"	"getImmSize()I"
"< Application, Ltoba/jit/Intel86, makeByteArray(Ltoba/jit/Immediate;)[B >"	"makeByteArray(Ltoba/jit/Immediate;)[B"
"< Application, Ltoba/jit/CodeBlock, expandArr(I)V >"	"expandArr(I)V"
"< Application, Ltoba/classfile/VariableRef, findVariable(Ltoba/classfile/ClassData;)Ltoba/classfile/Field; >"	"findVariable(Ltoba/classfile/ClassData;)Ltoba/classfile/Field;"
"< Application, Ltoba/classfile/Instr, <init>([BI[Ltoba/classfile/Constant;)V >"	"<init>([BI[Ltoba/classfile/Constant;)V"
"< Application, Ltoba/jit/Intel86, FSTP(Ljava/lang/Object;)[B >"	"FSTP(Ljava/lang/Object;)[B"
"< Application, Ltoba/translator/Trans, <init>()V >"	"<init>()V"
"< Application, Ltoba/translator/Repr, con(Ltoba/classfile/Method;Ltoba/classfile/Constant;)Ljava/lang/String; >"	"con(Ltoba/classfile/Method;Ltoba/classfile/Constant;)Ljava/lang/String;"
"< Primordial, Ljava/lang/Character, isUpperCase(C)Z >"	"isUpperCase(C)Z"
"< Primordial, Ljava/util/Hashtable, get(Ljava/lang/Object;)Ljava/lang/Object; >"	"get(Ljava/lang/Object;)Ljava/lang/Object;"
"< Application, Ltoba/InstallClassFile, main([Ljava/lang/String;)V >"	"main([Ljava/lang/String;)V"
"< Application, Ltoba/translator/Trans, setdbg(Ljava/lang/String;)V >"	"setdbg(Ljava/lang/String;)V"
"< Application, Ltoba/translator/ClassInstall, mkdir(Ljava/lang/String;)V >"	"mkdir(Ljava/lang/String;)V"
"< Application, Ltoba/translator/Repr, rettype(Ljava/lang/String;)Ljava/lang/String; >"	"rettype(Ljava/lang/String;)Ljava/lang/String;"
"< Primordial, Ljava/io/FileOutputStream, <init>(Ljava/lang/String;)V >"	"<init>(Ljava/lang/String;)V"
"< Primordial, Ljava/lang/System, currentTimeMillis()J >"	"currentTimeMillis()J"
"< Application, Ltoba/jit/JITCodeGen, excOheadAddr(I)Ltoba/jit/MemoryRef; >"	"excOheadAddr(I)Ltoba/jit/MemoryRef;"
"< Application, Ltoba/jit/CodeBlock, evalBrJUMP(I)[B >"	"evalBrJUMP(I)[B"
"< Application, Ltoba/Lister, closeClassList([Ljava/lang/String;I)V >"	"closeClassList([Ljava/lang/String;I)V"
"< Application, Ltoba/classfile/Constant, <init>()V >"	"<init>()V"
"< Application, Ltoba/translator/Repr, simplefloat(D)Z >"	"simplefloat(D)Z"
"< Application, Ltoba/translator/Repr, <init>()V >"	"<init>()V"
"< Application, Ltoba/jit/Intel86, valFFlag(Ljava/lang/Object;)I >"	"valFFlag(Ljava/lang/Object;)I"
"< Application, Ltoba/jit/Intel86, DpopES()[B >"	"DpopES()[B"
"< Application, Ltoba/runtime/ClassRT, setFlags(Ljava/lang/Class;I)V >"	"setFlags(Ljava/lang/Class;I)V"
"< Primordial, Ljava/io/PrintWriter, <init>(Ljava/io/OutputStream;)V >"	"<init>(Ljava/io/OutputStream;)V"
"< Application, Ltoba/runtime/CodeGen, getNativeSymbolAddress(Ljava/lang/String;)J >"	"getNativeSymbolAddress(Ljava/lang/String;)J"
"< Application, Ltoba/jit/CodeBlock, addByte(B)B >"	"addByte(B)B"
"< Application, Ltoba/translator/CFile, <init>()V >"	"<init>()V"
"< Application, Ltoba/classfile/Instr, toString()Ljava/lang/String; >"	"toString()Ljava/lang/String;"
"< Primordial, Ljava/util/zip/ZipFile, close()V >"	"close()V"
"< Application, Ltoba/jit/Intel86, CMP(Ljava/lang/Object;Ljava/lang/Object;)[B >"	"CMP(Ljava/lang/Object;Ljava/lang/Object;)[B"
"< Application, Ltoba/jit/CodeBlock, setCheckWordAlign(Z)Z >"	"setCheckWordAlign(Z)Z"
"< Application, Ltoba/jit/Intel86, POP(Ljava/lang/Object;)[B >"	"POP(Ljava/lang/Object;)[B"
"< Primordial, Ljava/lang/StringBuffer, charAt(I)C >"	"charAt(I)C"
"< Application, Ltoba/classfile/ClassData, <init>(Ljava/lang/Class;)V >"	"<init>(Ljava/lang/Class;)V"
"< Application, Ltoba/classfile/Field, equals(Ltoba/classfile/Field;)Z >"	"equals(Ltoba/classfile/Field;)Z"
"< Primordial, Ljava/lang/Object, getClass()Ljava/lang/Class; >"	"getClass()Ljava/lang/Class;"
"< Application, Ltoba/jit/CodeBlock, setLittleEndian(Z)Z >"	"setLittleEndian(Z)Z"
"< Application, Ltoba/runtime/CodeGen, staticMethodAddrs(Ljava/lang/Class;[Ltoba/classfile/Field;)[J >"	"staticMethodAddrs(Ljava/lang/Class;[Ltoba/classfile/Field;)[J"
"< Application, Ltoba/runtime/CodeGen, getNativeObjectAddr(Ljava/lang/Object;)J >"	"getNativeObjectAddr(Ljava/lang/Object;)J"
"< Primordial, Ljava/lang/String, substring(I)Ljava/lang/String; >"	"substring(I)Ljava/lang/String;"
"< Application, Ltoba/runtime/ClassRT, allocateNativeClass(Ltoba/classfile/ClassData;III)Ljava/lang/Class; >"	"allocateNativeClass(Ltoba/classfile/ClassData;III)Ljava/lang/Class;"
"< Application, Ltoba/jit/MemoryRef, getRefSize()I >"	"getRefSize()I"
"< Application, Ltoba/classfile/Instr, u2([BI)I >"	"u2([BI)I"
"< Application, Ltoba/jit/CodeBlock, evalBrLOADNatCl(ILjava/lang/Object;)[B >"	"evalBrLOADNatCl(ILjava/lang/Object;)[B"
"< Application, Ltoba/jit/Intel86, LOAD_REG(ILjava/lang/Object;)[B >"	"LOAD_REG(ILjava/lang/Object;)[B"
"< Application, Ltoba/jit/CodeBlock, BV(Ljava/lang/String;)I >"	"BV(Ljava/lang/String;)I"
"< Primordial, Ljava/lang/StringBuffer, insert(IC)Ljava/lang/StringBuffer; >"	"insert(IC)Ljava/lang/StringBuffer;"
"< Primordial, Ljava/io/DataInputStream, readShort()S >"	"readShort()S"
"< Application, Ltoba/classfile/ClassFile, close()V >"	"close()V"
"< Application, Ltoba/jit/Intel86, PatchLongJump(II)V >"	"PatchLongJump(II)V"
"< Application, Ltoba/jit/JITCodeGen, loadClassPointer(Ltoba/classfile/Instr;Ltoba/classfile/ClassRef;ILtoba/jit/Register;)V >"	"loadClassPointer(Ltoba/classfile/Instr;Ltoba/classfile/ClassRef;ILtoba/jit/Register;)V"
"< Application, Ltoba/classfile/FieldRef, <init>(Ltoba/classfile/ClassRef;Ljava/lang/String;Ljava/lang/String;)V >"	"<init>(Ltoba/classfile/ClassRef;Ljava/lang/String;Ljava/lang/String;)V"
"< Application, Ltoba/jit/CodeBlock, setCodeClassLoader(Ljava/lang/ClassLoader;)V >"	"setCodeClassLoader(Ljava/lang/ClassLoader;)V"
"< Application, Ltoba/runtime/Supers, <init>()V >"	"<init>()V"
"< Application, Ltoba/jit/CodeBlock, setBVlength(I)I >"	"setBVlength(I)I"
"< Application, Ltoba/runtime/ClassRT, setReferencedClasses(Ljava/lang/Class;[J)V >"	"setReferencedClasses(Ljava/lang/Class;[J)V"
"< Application, Ltoba/jit/Immediate, setBestImmSize()Ltoba/jit/Immediate; >"	"setBestImmSize()Ltoba/jit/Immediate;"
"< Application, Ltoba/runtime/ClassRT, setInstanceMethods(Ljava/lang/Class;[Ltoba/classfile/Field;[J)V >"	"setInstanceMethods(Ljava/lang/Class;[Ltoba/classfile/Field;[J)V"
"< Application, Ltoba/jit/Intel86, makeByteArray(II)[B >"	"makeByteArray(II)[B"
"< Application, Ltoba/runtime/ClassRT, setFinalizer(Ljava/lang/Class;J)V >"	"setFinalizer(Ljava/lang/Class;J)V"
"< Application, Ltoba/jit/CodeBlock, installCode()J >"	"installCode()J"
"< Primordial, Ljava/util/Stack, <init>()V >"	"<init>()V"
"< Application, Ltoba/jit/CodeBlock, resolveCode()V >"	"resolveCode()V"
"< Application, Ltoba/runtime/ClassRT, getElementClass(Ljava/lang/Class;)Ljava/lang/Class; >"	"getElementClass(Ljava/lang/Class;)Ljava/lang/Class;"
"< Application, Ltoba/runtime/Resolve, resolveClassRef(Ltoba/classfile/ClassRef;Ljava/lang/ClassLoader;)V >"	"resolveClassRef(Ltoba/classfile/ClassRef;Ljava/lang/ClassLoader;)V"
"< Application, Ltoba/jit/CodeBlock, getCodeClassLoader()Ljava/lang/ClassLoader; >"	"getCodeClassLoader()Ljava/lang/ClassLoader;"
"< Primordial, Ljava/lang/StringBuffer, append(I)Ljava/lang/StringBuffer; >"	"append(I)Ljava/lang/StringBuffer;"
"< Application, Ltoba/jit/Intel86, FILD(Ljava/lang/Object;)[B >"	"FILD(Ljava/lang/Object;)[B"
"< Primordial, Ljava/util/Hashtable, clone()Ljava/lang/Object; >"	"clone()Ljava/lang/Object;"
"< Application, Ltoba/translator/InsGen, stacktop(Ltoba/classfile/Instr;)Ljava/lang/String; >"	"stacktop(Ltoba/classfile/Instr;)Ljava/lang/String;"
"< Application, Ltoba/translator/HFile, <init>()V >"	"<init>()V"
"< Application, Ltoba/classfile/ClassFile, <init>(Ljava/io/InputStream;)V >"	"<init>(Ljava/io/InputStream;)V"
"< Application, Ltoba/jit/JIT, startMain(J[Ljava/lang/String;)V >"	"startMain(J[Ljava/lang/String;)V"
"< Primordial, Ljava/lang/Throwable, toString()Ljava/lang/String; >"	"toString()Ljava/lang/String;"
"< Application, Ltoba/jit/Intel86, DEC(Ljava/lang/Object;)[B >"	"DEC(Ljava/lang/Object;)[B"
"< Application, Ltoba/jit/MemoryRef, setRefSize(I)Ltoba/jit/MemoryRef; >"	"setRefSize(I)Ltoba/jit/MemoryRef;"
"< Application, Ltoba/classfile/ClassData, forStream(Ljava/lang/ClassLoader;Ljava/io/DataInputStream;)Ltoba/classfile/ClassData; >"	"forStream(Ljava/lang/ClassLoader;Ljava/io/DataInputStream;)Ltoba/classfile/ClassData;"
"< Primordial, Ljava/io/PrintWriter, close()V >"	"close()V"
"< Application, Ltoba/jit/Intel86, Jcc(ILjava/lang/Object;)[B >"	"Jcc(ILjava/lang/Object;)[B"
"< Application, Ltoba/jit/Register, isAReg()Z >"	"isAReg()Z"
"< Application, Ltoba/jit/Intel86, valDFlag(Ljava/lang/Object;Ljava/lang/Object;)I >"	"valDFlag(Ljava/lang/Object;Ljava/lang/Object;)I"
"< Application, Ltoba/classfile/Names, classref(Ljava/lang/String;)Ljava/lang/String; >"	"classref(Ljava/lang/String;)Ljava/lang/String;"
"< Application, Ltoba/jit/CodeBlock, RELATIVE_JUMP(I)[B >"	"RELATIVE_JUMP(I)[B"
"< Application, Ltoba/classfile/ClassData, forClass(Ljava/lang/Class;)Ltoba/classfile/ClassData; >"	"forClass(Ljava/lang/Class;)Ltoba/classfile/ClassData;"
"< Application, Ltoba/jit/Intel86, SBB(Ljava/lang/Object;Ljava/lang/Object;)[B >"	"SBB(Ljava/lang/Object;Ljava/lang/Object;)[B"
"< Application, Ltoba/translator/ClassInstall, <init>()V >"	"<init>()V"
"< Primordial, Ljava/io/DataInput, readUnsignedByte()I >"	"readUnsignedByte()I"
"< Application, Ltoba/classfile/Attribute, find([Ltoba/classfile/Attribute;Ljava/lang/String;)[B >"	"find([Ltoba/classfile/Attribute;Ljava/lang/String;)[B"
"< Application, Ltoba/jit/BackpatchInfo, setLongVal(J)J >"	"setLongVal(J)J"
"< Application, Ltoba/jit/JITCodeGen, getStringAddress(Ljava/lang/String;)J >"	"getStringAddress(Ljava/lang/String;)J"
"< Application, Ltoba/classfile/Method, <init>(Ltoba/classfile/ClassData;Ltoba/classfile/Field;)V >"	"<init>(Ltoba/classfile/ClassData;Ltoba/classfile/Field;)V"
"< Application, Ltoba/translator/InsGen, <init>()V >"	"<init>()V"
"< Primordial, Ljava/lang/Integer, toString(I)Ljava/lang/String; >"	"toString(I)Ljava/lang/String;"
"< Application, Ltoba/classfile/ClassFile, find(Ljava/lang/String;)Ltoba/classfile/ClassFile; >"	"find(Ljava/lang/String;)Ltoba/classfile/ClassFile;"
"< Application, Ltoba/runtime/ClassRT, getClassVarAddr(Ljava/lang/Class;I)J >"	"getClassVarAddr(Ljava/lang/Class;I)J"
"< Application, Ltoba/classfile/InterfaceRef, findInterface(Ltoba/classfile/ClassData;)Ltoba/classfile/Field; >"	"findInterface(Ltoba/classfile/ClassData;)Ltoba/classfile/Field;"
"< Application, Ltoba/translator/HFile, argtypes(Ltoba/classfile/Field;)Ljava/lang/String; >"	"argtypes(Ltoba/classfile/Field;)Ljava/lang/String;"
"< Application, Ltoba/classfile/Method, setMethodCode(Ltoba/classfile/MethodCode;)Ltoba/classfile/MethodCode; >"	"setMethodCode(Ltoba/classfile/MethodCode;)Ltoba/classfile/MethodCode;"
"< Application, Ltoba/classfile/ClassRef, isResolved(Ljava/lang/ClassLoader;)Z >"	"isResolved(Ljava/lang/ClassLoader;)Z"
"< Application, Ltoba/classfile/Instr, regtype(Ljava/lang/String;)C >"	"regtype(Ljava/lang/String;)C"
"< Application, Ltoba/jit/CodeBlock, getCodeByteArray(II)[B >"	"getCodeByteArray(II)[B"
"< Application, Ltoba/translator/InsGen, stackAt(Ltoba/classfile/Instr;I)Ljava/lang/String; >"	"stackAt(Ltoba/classfile/Instr;I)Ljava/lang/String;"
"< Application, Ltoba/jit/Intel86, SHL(Ljava/lang/Object;Ljava/lang/Object;)[B >"	"SHL(Ljava/lang/Object;Ljava/lang/Object;)[B"
"< Application, Ltoba/jit/Intel86, TEST(Ljava/lang/Object;Ljava/lang/Object;)[B >"	"TEST(Ljava/lang/Object;Ljava/lang/Object;)[B"
"< Application, Ltoba/jit/Intel86, FCHS()[B >"	"FCHS()[B"
"< Application, Ltoba/classfile/Names, baseclass(Ljava/lang/String;)Ljava/lang/String; >"	"baseclass(Ljava/lang/String;)Ljava/lang/String;"
"< Primordial, Ljava/io/FileReader, <init>(Ljava/io/File;)V >"	"<init>(Ljava/io/File;)V"
"< Application, Ltoba/runtime/CodeGen, getGenerator()Ltoba/runtime/CodeGen; >"	"getGenerator()Ltoba/runtime/CodeGen;"
"< Primordial, Ljava/io/ByteArrayInputStream, <init>([B)V >"	"<init>([B)V"
"< Application, Ltoba/jit/Intel86, FNSTCW(Ljava/lang/Object;)[B >"	"FNSTCW(Ljava/lang/Object;)[B"
"< Primordial, Ljava/io/File, isDirectory()Z >"	"isDirectory()Z"
"< Application, Ltoba/classfile/InterfaceRef, <init>(Ltoba/classfile/ClassRef;Ljava/lang/String;Ljava/lang/String;)V >"	"<init>(Ltoba/classfile/ClassRef;Ljava/lang/String;Ljava/lang/String;)V"
"< Primordial, Ljava/lang/Float, <init>(F)V >"	"<init>(F)V"
"< Application, Ltoba/jit/CodeBlock, LOAD_REG(ILjava/lang/Object;)[B >"	"LOAD_REG(ILjava/lang/Object;)[B"
"< Application, Ltoba/runtime/ClassRT, initClass(Ljava/lang/Class;)V >"	"initClass(Ljava/lang/Class;)V"
"< Application, Ltoba/translator/CFile, inters(Ljava/io/PrintWriter;Ltoba/classfile/ClassData;)V >"	"inters(Ljava/io/PrintWriter;Ltoba/classfile/ClassData;)V"
"< Application, Ltoba/jit/Intel86, DpushES()[B >"	"DpushES()[B"
"< Application, Ltoba/jit/Intel86, IMUL(Ljava/lang/Object;)[B >"	"IMUL(Ljava/lang/Object;)[B"
"< Primordial, Ljava/lang/String, valueOf(C)Ljava/lang/String; >"	"valueOf(C)Ljava/lang/String;"
"< Application, Ltoba/jit/CodeBlock, <clinit>()V >"	"<clinit>()V"
"< Primordial, Ljava/io/BufferedOutputStream, <init>(Ljava/io/OutputStream;I)V >"	"<init>(Ljava/io/OutputStream;I)V"
"< Primordial, Ljava/lang/Class, forName(Ljava/lang/String;)Ljava/lang/Class; >"	"forName(Ljava/lang/String;)Ljava/lang/Class;"
"< Application, Ltoba/runtime/Resolve, resolveClassName(Ljava/lang/String;Ljava/lang/ClassLoader;)Ljava/lang/Class; >"	"resolveClassName(Ljava/lang/String;Ljava/lang/ClassLoader;)Ljava/lang/Class;"
"< Application, Ltoba/translator/CFile, cltables(Ljava/io/PrintWriter;Ltoba/classfile/ClassData;)V >"	"cltables(Ljava/io/PrintWriter;Ltoba/classfile/ClassData;)V"
"< Primordial, Ljava/lang/OutOfMemoryError, <init>(Ljava/lang/String;)V >"	"<init>(Ljava/lang/String;)V"
"< Primordial, Ljava/util/zip/ZipFile, <init>(Ljava/io/File;)V >"	"<init>(Ljava/io/File;)V"
"< Primordial, Ljava/io/PrintWriter, print(Ljava/lang/String;)V >"	"print(Ljava/lang/String;)V"
"< Application, Ltoba/jit/Intel86, FUCOMPP()[B >"	"FUCOMPP()[B"
"< Application, Ltoba/jit/Immediate, setImmSize(I)Ltoba/jit/Immediate; >"	"setImmSize(I)Ltoba/jit/Immediate;"
"< Application, Ltoba/jit/Immediate, clone()Ljava/lang/Object; >"	"clone()Ljava/lang/Object;"
"< Application, Ltoba/translator/ClassInstall, copy(Ljava/io/DataInputStream;Ljava/lang/String;)V >"	"copy(Ljava/io/DataInputStream;Ljava/lang/String;)V"
"< Application, Ltoba/classfile/ClassRef, getRefClass(Ljava/lang/ClassLoader;)Ljava/lang/Class; >"	"getRefClass(Ljava/lang/ClassLoader;)Ljava/lang/Class;"
"< Application, Ltoba/jit/JITCodeGen, EmitCode(Ltoba/classfile/Method;I)V >"	"EmitCode(Ltoba/classfile/Method;I)V"
"< Application, Ltoba/translator/Repr, isQuotable(C)Z >"	"isQuotable(C)Z"
"< Application, Ltoba/classfile/Names, hashclass(Ljava/lang/String;)Ljava/lang/String; >"	"hashclass(Ljava/lang/String;)Ljava/lang/String;"
"< Application, Ltoba/jit/Intel86, setEStackTop(I)V >"	"setEStackTop(I)V"
"< Application, Ltoba/jit/Immediate, toString()Ljava/lang/String; >"	"toString()Ljava/lang/String;"
"< Application, Ltoba/classfile/ClassData, addByNameLoader(Ljava/lang/String;Ljava/lang/ClassLoader;Ltoba/classfile/ClassData;)V >"	"addByNameLoader(Ljava/lang/String;Ljava/lang/ClassLoader;Ltoba/classfile/ClassData;)V"
"< Primordial, Ljava/lang/String, endsWith(Ljava/lang/String;)Z >"	"endsWith(Ljava/lang/String;)Z"
"< Application, Ltoba/classfile/MethodCode, setMethodEntry(J)J >"	"setMethodEntry(J)J"
"< Primordial, Ljava/util/Hashtable, <init>()V >"	"<init>()V"
"< Application, Ltoba/classfile/Field, toString()Ljava/lang/String; >"	"toString()Ljava/lang/String;"
"< Application, Ltoba/jit/CodeBlock, reserveCode(ILtoba/classfile/Instr;Ljava/lang/Object;Ljava/lang/Object;)Ltoba/jit/BackpatchInfo; >"	"reserveCode(ILtoba/classfile/Instr;Ljava/lang/Object;Ljava/lang/Object;)Ltoba/jit/BackpatchInfo;"
"< Application, Ltoba/classfile/Field, isInArray([Ltoba/classfile/Field;)Z >"	"isInArray([Ltoba/classfile/Field;)Z"
"< Application, Ltoba/runtime/CodeGen, typeSpace(C)I >"	"typeSpace(C)I"
"< Application, Ltoba/translator/CFile, gfloats(Ljava/io/PrintWriter;[Ltoba/classfile/Constant;)V >"	"gfloats(Ljava/io/PrintWriter;[Ltoba/classfile/Constant;)V"
"< Application, Ltoba/jit/MemoryRef, setScaleFactor(I)Ltoba/jit/MemoryRef; >"	"setScaleFactor(I)Ltoba/jit/MemoryRef;"
"< Application, Ltoba/jit/JITCodeGen, EmitExceptHandle(Ltoba/classfile/Method;)V >"	"EmitExceptHandle(Ltoba/classfile/Method;)V"
"< Application, Ltoba/jit/CodeBlock, evalBrLOADCodeRel(ILjava/lang/Object;)[B >"	"evalBrLOADCodeRel(ILjava/lang/Object;)[B"
"< Primordial, Ljava/io/BufferedInputStream, <init>(Ljava/io/InputStream;I)V >"	"<init>(Ljava/io/InputStream;I)V"
"< Application, Ltoba/jit/BackpatchInfo, toString()Ljava/lang/String; >"	"toString()Ljava/lang/String;"
"< Application, Ltoba/translator/InsGen, stack2nd(Ltoba/classfile/Instr;)Ljava/lang/String; >"	"stack2nd(Ltoba/classfile/Instr;)Ljava/lang/String;"
"< Application, Ltoba/runtime/ClassRT, getMethodTEnt(Ljava/lang/Class;Ltoba/classfile/Field;)J >"	"getMethodTEnt(Ljava/lang/Class;Ltoba/classfile/Field;)J"
"< Application, Ltoba/Lister, <init>()V >"	"<init>()V"
"< Application, Ltoba/jit/CodeBlock, evalBrACALL(I)[B >"	"evalBrACALL(I)[B"
"< Application, Ltoba/runtime/ClassRT, setStaticMethods(Ljava/lang/Class;[Ltoba/classfile/Field;[J)V >"	"setStaticMethods(Ljava/lang/Class;[Ltoba/classfile/Field;[J)V"
"< Primordial, Ljava/io/PrintWriter, println()V >"	"println()V"
"< Application, Ltoba/translator/MethGen, syncwrap(Ljava/io/PrintWriter;Ltoba/classfile/Method;)V >"	"syncwrap(Ljava/io/PrintWriter;Ltoba/classfile/Method;)V"
"< Primordial, Ljava/io/BufferedReader, close()V >"	"close()V"
"< Application, Ltoba/translator/CFile, methodref(Ljava/io/PrintWriter;Ltoba/classfile/ClassData;Ljava/lang/String;Z)V >"	"methodref(Ljava/io/PrintWriter;Ltoba/classfile/ClassData;Ljava/lang/String;Z)V"
"< Primordial, Ljava/lang/Float, floatValue()F >"	"floatValue()F"
"< Application, Ltoba/jit/JITCodeGen, checkObjectRef(ILtoba/jit/Register;Ltoba/classfile/Instr;)V >"	"checkObjectRef(ILtoba/jit/Register;Ltoba/classfile/Instr;)V"
"< Application, Ltoba/runtime/ClassRT, getFlags(Ljava/lang/Class;)I >"	"getFlags(Ljava/lang/Class;)I"
"< Primordial, Ljava/lang/String, charAt(I)C >"	"charAt(I)C"
"< Primordial, Ljava/io/BufferedReader, <init>(Ljava/io/Reader;)V >"	"<init>(Ljava/io/Reader;)V"
"< Application, Ltoba/jit/Intel86, FRNDINT()[B >"	"FRNDINT()[B"
"< Application, Ltoba/jit/BackpatchInfo, setInsSeqLen(I)V >"	"setInsSeqLen(I)V"
"< Application, Ltoba/jit/Intel86, PUSH(Ljava/lang/Object;)[B >"	"PUSH(Ljava/lang/Object;)[B"
"< Application, Ltoba/jit/Intel86, CALL(Ljava/lang/Object;)[B >"	"CALL(Ljava/lang/Object;)[B"
"< Application, Ltoba/jit/CodeBlock, getCodeBlock()[B >"	"getCodeBlock()[B"
"< Application, Ltoba/jit/Intel86, NOP()[B >"	"NOP()[B"
"< Application, Ltoba/classfile/ClassFile, <init>(Ljava/lang/String;)V >"	"<init>(Ljava/lang/String;)V"
"< Application, Ltoba/classfile/ClassData, forStream(Ljava/lang/ClassLoader;Ljava/io/DataInputStream;Z)Ltoba/classfile/ClassData; >"	"forStream(Ljava/lang/ClassLoader;Ljava/io/DataInputStream;Z)Ltoba/classfile/ClassData;"
"< Application, Ltoba/jit/Intel86, relBPop(I)Ltoba/jit/MemoryRef; >"	"relBPop(I)Ltoba/jit/MemoryRef;"
"< Primordial, Ljava/io/DataInputStream, readFully([B)V >"	"readFully([B)V"
"< Application, Ltoba/jit/JITCodeGen, InitInstrumentation()V >"	"InitInstrumentation()V"
"< Application, Ltoba/translator/Supers, <init>()V >"	"<init>()V"
"< Application, Ltoba/runtime/CodeGen, setGenerator(Ltoba/runtime/CodeGen;)V >"	"setGenerator(Ltoba/runtime/CodeGen;)V"
"< Application, Ltoba/jit/CodeBlock, <init>(Ltoba/classfile/Method;)V >"	"<init>(Ltoba/classfile/Method;)V"
"< Application, Ltoba/classfile/FieldRef, toString()Ljava/lang/String; >"	"toString()Ljava/lang/String;"
"< Application, Ltoba/classfile/VariableRef, <init>(Ltoba/classfile/ClassRef;Ljava/lang/String;Ljava/lang/String;)V >"	"<init>(Ltoba/classfile/ClassRef;Ljava/lang/String;Ljava/lang/String;)V"
"< Primordial, Ljava/lang/Object, equals(Ljava/lang/Object;)Z >"	"equals(Ljava/lang/Object;)Z"
"< Application, Ltoba/jit/Intel86, JMPn(Ljava/lang/Object;)[B >"	"JMPn(Ljava/lang/Object;)[B"
"< Application, Ltoba/runtime/ClassRT, setInterfaces(Ljava/lang/Class;[JI)V >"	"setInterfaces(Ljava/lang/Class;[JI)V"
"< Application, Ltoba/jit/CodeBlock, evalBrLOADCodeAbs(ILjava/lang/Object;)[B >"	"evalBrLOADCodeAbs(ILjava/lang/Object;)[B"
"< Application, Ltoba/translator/InsGen, checkref(Ljava/io/PrintWriter;Ltoba/classfile/Instr;I)V >"	"checkref(Ljava/io/PrintWriter;Ltoba/classfile/Instr;I)V"
"< Application, Ltoba/runtime/CodeGen, pokeShort(JS)V >"	"pokeShort(JS)V"
"< Application, Ltoba/translator/HFile, write(Ljava/io/PrintWriter;Ltoba/classfile/ClassData;)V >"	"write(Ljava/io/PrintWriter;Ltoba/classfile/ClassData;)V"
"< Application, Ltoba/runtime/ClassRT, setMethodAddr(Ljava/lang/Class;Ltoba/classfile/Field;J)V >"	"setMethodAddr(Ljava/lang/Class;Ltoba/classfile/Field;J)V"
"< Primordial, Ljava/lang/IncompatibleClassChangeError, <init>()V >"	"<init>()V"
"< Application, Ltoba/translator/InsGen, assign(Ltoba/classfile/Instr;)Ljava/lang/String; >"	"assign(Ltoba/classfile/Instr;)Ljava/lang/String;"
"< Application, Ltoba/jit/Immediate, <init>(IIZ)V >"	"<init>(IIZ)V"
"< Primordial, Ljava/io/PrintWriter, println(Ljava/lang/String;)V >"	"println(Ljava/lang/String;)V"
"< Primordial, Ljava/util/BitSet, set(I)V >"	"set(I)V"
"< Application, Ltoba/runtime/ClassRT, setInstanceSize(Ljava/lang/Class;I)V >"	"setInstanceSize(Ljava/lang/Class;I)V"
"< Application, Ltoba/classfile/MethodCode, getIsResolved()Z >"	"getIsResolved()Z"
"< Application, Ltoba/jit/CodeBlock, setEpilogOffs()V >"	"setEpilogOffs()V"
"< Application, Ltoba/jit/Intel86, Jccn(ILjava/lang/Object;)[B >"	"Jccn(ILjava/lang/Object;)[B"
"< Primordial, Ljava/lang/StringBuffer, setLength(I)V >"	"setLength(I)V"
"< Primordial, Ljava/lang/String, intern()Ljava/lang/String; >"	"intern()Ljava/lang/String;"
"< Application, Ltoba/Lister, recursivelist(Ljava/lang/String;Ljava/lang/String;)V >"	"recursivelist(Ljava/lang/String;Ljava/lang/String;)V"
"< Application, Ltoba/jit/Intel86, encode(II)[B >"	"encode(II)[B"
"< Application, Ltoba/classfile/Method, toString()Ljava/lang/String; >"	"toString()Ljava/lang/String;"
"< Application, Ltoba/jit/Intel86, valSFlag(Ljava/lang/Object;)I >"	"valSFlag(Ljava/lang/Object;)I"
"< Primordial, Ljava/lang/Long, toHexString(J)Ljava/lang/String; >"	"toHexString(J)Ljava/lang/String;"
"< Application, Ltoba/jit/Intel86, FTST()[B >"	"FTST()[B"
"< Application, Ltoba/translator/InsGen, invoke(Ljava/io/PrintWriter;Ltoba/classfile/Instr;Ltoba/classfile/MethodRef;Ljava/lang/String;)V >"	"invoke(Ljava/io/PrintWriter;Ltoba/classfile/Instr;Ltoba/classfile/MethodRef;Ljava/lang/String;)V"
"< Application, Ltoba/jit/JITCodeGen, <init>()V >"	"<init>()V"
"< Primordial, Ljava/lang/VerifyError, <init>(Ljava/lang/String;)V >"	"<init>(Ljava/lang/String;)V"
"< Application, Ltoba/jit/CodeBlock, getCodeWord(I)I >"	"getCodeWord(I)I"
"< Application, Ltoba/classfile/ClassData, buildVariableTables(Z)V >"	"buildVariableTables(Z)V"
"< Application, Ltoba/jit/Register, isFPReg()Z >"	"isFPReg()Z"
"< Application, Ltoba/jit/Intel86, INC(Ljava/lang/Object;)[B >"	"INC(Ljava/lang/Object;)[B"
"< Application, Ltoba/jit/MemoryRef, <init>(Ltoba/jit/Immediate;Ltoba/jit/Register;ILtoba/jit/Register;I)V >"	"<init>(Ltoba/jit/Immediate;Ltoba/jit/Register;ILtoba/jit/Register;I)V"
"< Application, Ltoba/runtime/CodeGen, pokeByte(JB)V >"	"pokeByte(JB)V"
"< Application, Ltoba/jit/Intel86, SUB(Ljava/lang/Object;Ljava/lang/Object;)[B >"	"SUB(Ljava/lang/Object;Ljava/lang/Object;)[B"
"< Primordial, Ljava/io/File, getName()Ljava/lang/String; >"	"getName()Ljava/lang/String;"
"< Primordial, Ljava/io/DataInputStream, readFloat()F >"	"readFloat()F"
"< Application, Ltoba/classfile/ClassFile, <init>(Ljava/io/File;)V >"	"<init>(Ljava/io/File;)V"
"< Application, Ltoba/classfile/Attribute, <init>(Ljava/io/DataInputStream;[Ltoba/classfile/Constant;)V >"	"<init>(Ljava/io/DataInputStream;[Ltoba/classfile/Constant;)V"
"< Application, Ltoba/runtime/CodeGen, instanceMethodAddrs(Ljava/lang/Class;[Ltoba/classfile/Field;I)[J >"	"instanceMethodAddrs(Ljava/lang/Class;[Ltoba/classfile/Field;I)[J"
"< Primordial, Ljava/io/DataInputStream, readByte()B >"	"readByte()B"
"< Application, Ltoba/runtime/CodeGen, buildNativeClass(Ltoba/classfile/ClassData;Ljava/lang/ClassLoader;)Ljava/lang/Class; >"	"buildNativeClass(Ltoba/classfile/ClassData;Ljava/lang/ClassLoader;)Ljava/lang/Class;"
"< Primordial, Ljava/lang/Long, <init>(J)V >"	"<init>(J)V"
"< Application, Ltoba/runtime/CodeGen, verifyRequirements()V >"	"verifyRequirements()V"
"< Application, Ltoba/translator/CFile, others(Ljava/io/PrintWriter;Ltoba/classfile/ClassData;)V >"	"others(Ljava/io/PrintWriter;Ltoba/classfile/ClassData;)V"
"< Application, Ltoba/translator/HFile, declare(Ljava/io/PrintWriter;Ltoba/classfile/Field;Ljava/lang/String;)V >"	"declare(Ljava/io/PrintWriter;Ltoba/classfile/Field;Ljava/lang/String;)V"
"< Application, Ltoba/classfile/ClassData, getmethod(Ljava/lang/String;Z)Ltoba/classfile/Field; >"	"getmethod(Ljava/lang/String;Z)Ltoba/classfile/Field;"
"< Application, Ltoba/classfile/Constant, readUTF(Ljava/io/DataInput;)Ljava/lang/String; >"	"readUTF(Ljava/io/DataInput;)Ljava/lang/String;"
"< Application, Ltoba/classfile/Names, <clinit>()V >"	"<clinit>()V"
"< Application, Ltoba/jit/Intel86, CWD()[B >"	"CWD()[B"
"< Application, Ltoba/runtime/CodeGen, instanceSize([Ltoba/classfile/Field;[I)I >"	"instanceSize([Ltoba/classfile/Field;[I)I"
"< Application, Ltoba/classfile/Handler, <init>(IIILtoba/classfile/ClassRef;)V >"	"<init>(IIILtoba/classfile/ClassRef;)V"
"< Application, Ltoba/classfile/MethodCode, getStubEntry()J >"	"getStubEntry()J"
"< Application, Ltoba/translator/InsGen, argindex(Ltoba/classfile/Instr;Ljava/lang/String;)I >"	"argindex(Ltoba/classfile/Instr;Ljava/lang/String;)I"
"< Application, Ltoba/jit/JITCodeGen, getFieldOffset(I)I >"	"getFieldOffset(I)I"
"< Application, Ltoba/classfile/Opcode, <clinit>()V >"	"<clinit>()V"
"< Application, Ltoba/classfile/FieldRef, resolveWith(Ltoba/classfile/ClassData;)V >"	"resolveWith(Ltoba/classfile/ClassData;)V"
"< Application, Ltoba/classfile/Pair, toString()Ljava/lang/String; >"	"toString()Ljava/lang/String;"
"< Application, Ltoba/classfile/ClassData, <init>(Ljava/io/DataInputStream;)V >"	"<init>(Ljava/io/DataInputStream;)V"
"< Primordial, Ljava/lang/Class, getClassLoader()Ljava/lang/ClassLoader; >"	"getClassLoader()Ljava/lang/ClassLoader;"
"< Application, Ltoba/jit/Intel86, pushES(Ljava/lang/Object;)[B >"	"pushES(Ljava/lang/Object;)[B"
"< Application, Ltoba/jit/CodeBlock, NOP()[B >"	"NOP()[B"
"< Primordial, Ljava/io/DataInputStream, readUnsignedShort()I >"	"readUnsignedShort()I"
"< Application, Ltoba/jit/Intel86, NEG(Ljava/lang/Object;)[B >"	"NEG(Ljava/lang/Object;)[B"
"< Primordial, Ljava/io/FileInputStream, <init>(Ljava/io/File;)V >"	"<init>(Ljava/io/File;)V"
"< Application, Ltoba/classfile/ClassData, toString()Ljava/lang/String; >"	"toString()Ljava/lang/String;"
"< Primordial, Ljava/util/Enumeration, hasMoreElements()Z >"	"hasMoreElements()Z"
"< Application, Ltoba/runtime/ClassRT, getClassData(Ljava/lang/Class;)Ltoba/classfile/ClassData; >"	"getClassData(Ljava/lang/Class;)Ltoba/classfile/ClassData;"
"< Application, Ltoba/runtime/Resolve, <init>()V >"	"<init>()V"
"< Application, Ltoba/jit/CodeBlock, setLockCodeBytes(Z)Z >"	"setLockCodeBytes(Z)Z"
"< Application, Ltoba/classfile/ClassData, arrayString([Ljava/lang/Object;)Ljava/lang/String; >"	"arrayString([Ljava/lang/Object;)Ljava/lang/String;"
"< Application, Ltoba/jit/Intel86, makeModRM(Ljava/lang/Object;Ljava/lang/Object;)[B >"	"makeModRM(Ljava/lang/Object;Ljava/lang/Object;)[B"
"< Application, Ltoba/jit/Intel86, encode([B[B[B)[B >"	"encode([B[B[B)[B"
"< Application, Ltoba/jit/MemoryRef, toString()Ljava/lang/String; >"	"toString()Ljava/lang/String;"
"< Application, Ltoba/jit/Intel86, FLD(Ljava/lang/Object;)[B >"	"FLD(Ljava/lang/Object;)[B"
"< Application, Ltoba/runtime/CodeGen, baseAlignment()I >"	"baseAlignment()I"
"< Primordial, Ljava/util/Enumeration, nextElement()Ljava/lang/Object; >"	"nextElement()Ljava/lang/Object;"
"< Application, Ltoba/classfile/Opcode, lookupOpcode(I)Ltoba/classfile/Opcode; >"	"lookupOpcode(I)Ltoba/classfile/Opcode;"
"< Application, Ltoba/jit/JITCodeGen, <clinit>()V >"	"<clinit>()V"
"< Primordial, Ljava/io/File, canWrite()Z >"	"canWrite()Z"
"< Primordial, Ljava/lang/String, <init>([C)V >"	"<init>([C)V"
"< Application, Ltoba/classfile/Names, idchar(C)Z >"	"idchar(C)Z"
"< Application, Ltoba/Lister, printname(Ljava/lang/String;)V >"	"printname(Ljava/lang/String;)V"
"< Application, Ltoba/jit/JITCodeGen, getOverheadSize()[I >"	"getOverheadSize()[I"
"< Application, Ltoba/jit/JITCodeGen, pushFromMemory(Ltoba/jit/Register;C)V >"	"pushFromMemory(Ltoba/jit/Register;C)V"
"< Application, Ltoba/runtime/SystemClassLoader, invokeLoader(Ljava/lang/ClassLoader;Ljava/lang/String;Z)Ljava/lang/Class; >"	"invokeLoader(Ljava/lang/ClassLoader;Ljava/lang/String;Z)Ljava/lang/Class;"
"< Application, Ltoba/runtime/CodeGen, classVariableSpace([Ltoba/classfile/Field;)I >"	"classVariableSpace([Ltoba/classfile/Field;)I"
"< Application, Ltoba/runtime/SystemClassLoader, registerNewClass(Ljava/lang/String;Ljava/lang/Class;)V >"	"registerNewClass(Ljava/lang/String;Ljava/lang/Class;)V"
"< Primordial, Ljava/io/DataInputStream, read([B)I >"	"read([B)I"
"< Application, Ltoba/runtime/SystemClassLoader, loadClass(Ljava/lang/String;Z)Ljava/lang/Class; >"	"loadClass(Ljava/lang/String;Z)Ljava/lang/Class;"
"< Application, Ltoba/classfile/Opcode, op(IIIILjava/lang/String;Ljava/lang/String;II)V >"	"op(IIIILjava/lang/String;Ljava/lang/String;II)V"
"< Application, Ltoba/classfile/ClassRef, byName(Ljava/lang/String;)Ltoba/classfile/ClassRef; >"	"byName(Ljava/lang/String;)Ltoba/classfile/ClassRef;"
"< Application, Ltoba/runtime/ClassRT, getArrayClass(Ljava/lang/Class;)Ljava/lang/Class; >"	"getArrayClass(Ljava/lang/Class;)Ljava/lang/Class;"
"< Primordial, Ljava/lang/NoSuchFieldError, <init>(Ljava/lang/String;)V >"	"<init>(Ljava/lang/String;)V"
"< Application, Ltoba/classfile/MethodCode, setMethodType(I)I >"	"setMethodType(I)I"
"< Application, Ltoba/classfile/Method, sigscan()V >"	"sigscan()V"
"< Application, Ltoba/translator/CFile, supers(Ljava/io/PrintWriter;Ltoba/classfile/ClassData;)V >"	"supers(Ljava/io/PrintWriter;Ltoba/classfile/ClassData;)V"
"< Application, Ltoba/translator/MethGen, mgen(Ljava/io/PrintWriter;Ltoba/classfile/Method;)V >"	"mgen(Ljava/io/PrintWriter;Ltoba/classfile/Method;)V"
"< Application, Ltoba/classfile/MethodCode, <clinit>()V >"	"<clinit>()V"
"< Primordial, Ljava/lang/StringBuffer, <init>()V >"	"<init>()V"
"< Application, Ltoba/runtime/SystemClassLoader, loadPrimitiveClass(C)Ljava/lang/Class; >"	"loadPrimitiveClass(C)Ljava/lang/Class;"
"< Application, Ltoba/classfile/MethodRef, findMethod(Ltoba/classfile/ClassData;)Ltoba/classfile/Field; >"	"findMethod(Ltoba/classfile/ClassData;)Ltoba/classfile/Field;"
"< Application, Ltoba/runtime/Supers, load(Ltoba/classfile/ClassData;Ljava/lang/ClassLoader;)V >"	"load(Ltoba/classfile/ClassData;Ljava/lang/ClassLoader;)V"
"< Application, Ltoba/classfile/Names, csignature(Ljava/lang/String;)Ljava/lang/String; >"	"csignature(Ljava/lang/String;)Ljava/lang/String;"
"< Primordial, Ljava/lang/String, indexOf(II)I >"	"indexOf(II)I"
"< Application, Ltoba/jit/Intel86, JMP(Ljava/lang/Object;)[B >"	"JMP(Ljava/lang/Object;)[B"
"< Primordial, Ljava/lang/StringBuffer, append(Ljava/lang/Object;)Ljava/lang/StringBuffer; >"	"append(Ljava/lang/Object;)Ljava/lang/StringBuffer;"
"< Application, Ltoba/classfile/ClassData, addSymFields([Ltoba/classfile/Field;)V >"	"addSymFields([Ltoba/classfile/Field;)V"
"< Primordial, Ljava/util/Hashtable, elements()Ljava/util/Enumeration; >"	"elements()Ljava/util/Enumeration;"
"< Application, Ltoba/runtime/ClassRT, setClassVariables(Ljava/lang/Class;[Ltoba/classfile/Field;[II)V >"	"setClassVariables(Ljava/lang/Class;[Ltoba/classfile/Field;[II)V"
"< Application, Ltoba/jit/Intel86, LpopES(Ljava/lang/Object;Ljava/lang/Object;)[B >"	"LpopES(Ljava/lang/Object;Ljava/lang/Object;)[B"
"< Primordial, Ljava/util/zip/ZipFile, getEntry(Ljava/lang/String;)Ljava/util/zip/ZipEntry; >"	"getEntry(Ljava/lang/String;)Ljava/util/zip/ZipEntry;"
"< Application, Ltoba/runtime/CodeGen, getInstanceMethodAddrs(Ljava/lang/Class;)[J >"	"getInstanceMethodAddrs(Ljava/lang/Class;)[J"
"< Application, Ltoba/jit/JIT, usage()V >"	"usage()V"
"< Application, Ltoba/jit/Immediate, getSignExtend()Z >"	"getSignExtend()Z"
"< Application, Ltoba/jit/JITCodeGen, EmitCkInstance(Ltoba/classfile/Instr;Ltoba/classfile/ClassRef;)V >"	"EmitCkInstance(Ltoba/classfile/Instr;Ltoba/classfile/ClassRef;)V"
"< Primordial, Ljava/io/PrintStream, print(Ljava/lang/String;)V >"	"print(Ljava/lang/String;)V"
"< Application, Ltoba/jit/Intel86, pokeES(ILjava/lang/Object;)[B >"	"pokeES(ILjava/lang/Object;)[B"
"< Application, Ltoba/translator/InsGen, ancestor(Ltoba/classfile/ClassData;Ljava/lang/String;)Z >"	"ancestor(Ltoba/classfile/ClassData;Ljava/lang/String;)Z"
"< Application, Ltoba/jit/JITCodeGen, generateCode(Ljava/lang/Class;Ltoba/classfile/Method;)Ltoba/classfile/MethodCode; >"	"generateCode(Ljava/lang/Class;Ltoba/classfile/Method;)Ltoba/classfile/MethodCode;"
"< Application, Ltoba/jit/JITCodeGen, EmitUnOp(Ltoba/classfile/Instr;)V >"	"EmitUnOp(Ltoba/classfile/Instr;)V"
"< Primordial, Ljava/lang/String, indexOf(Ljava/lang/String;)I >"	"indexOf(Ljava/lang/String;)I"
"< Primordial, Ljava/io/File, <init>(Ljava/lang/String;)V >"	"<init>(Ljava/lang/String;)V"
"< Primordial, Ljava/lang/Character, isDigit(C)Z >"	"isDigit(C)Z"
"< Primordial, Ljava/lang/Integer, intValue()I >"	"intValue()I"
"< Application, Ltoba/translator/CFile, constructor(Ljava/io/PrintWriter;Ltoba/classfile/ClassData;)V >"	"constructor(Ljava/io/PrintWriter;Ltoba/classfile/ClassData;)V"
"< Primordial, Ljava/lang/StringBuffer, <init>(Ljava/lang/String;)V >"	"<init>(Ljava/lang/String;)V"
"< Primordial, Ljava/lang/Double, isNaN(D)Z >"	"isNaN(D)Z"
"< Primordial, Ljava/io/File, exists()Z >"	"exists()Z"
"< Primordial, Ljava/io/FilterInputStream, close()V >"	"close()V"
"< Application, Ltoba/jit/JITCodeGen, getArrayDataAddress(Ljava/lang/Object;)J >"	"getArrayDataAddress(Ljava/lang/Object;)J"
"< Application, Ltoba/classfile/FieldRef, getField()Ltoba/classfile/Field; >"	"getField()Ltoba/classfile/Field;"
"< Application, Ltoba/runtime/CodeGen, classVariableAlignment([Ltoba/classfile/Field;)I >"	"classVariableAlignment([Ltoba/classfile/Field;)I"
"< Primordial, Ljava/lang/String, substring(II)Ljava/lang/String; >"	"substring(II)Ljava/lang/String;"
"< Application, Ltoba/classfile/Constant, dump(Ljava/io/PrintWriter;[Ltoba/classfile/Constant;)V >"	"dump(Ljava/io/PrintWriter;[Ltoba/classfile/Constant;)V"
"< Primordial, Ljava/lang/String, lastIndexOf(I)I >"	"lastIndexOf(I)I"
"< Application, Ltoba/runtime/CodeGen, pokeInt(JI)V >"	"pokeInt(JI)V"
"< Application, Ltoba/translator/MethGen, minfo(Ljava/io/PrintWriter;Ltoba/classfile/Method;)V >"	"minfo(Ljava/io/PrintWriter;Ltoba/classfile/Method;)V"
"< Primordial, Ljava/lang/Class, getName()Ljava/lang/String; >"	"getName()Ljava/lang/String;"
"< Application, Ltoba/classfile/ClassRef, <init>(Ljava/lang/String;)V >"	"<init>(Ljava/lang/String;)V"
"< Primordial, Ljava/io/FileOutputStream, <init>(Ljava/io/File;)V >"	"<init>(Ljava/io/File;)V"
"< Application, Ltoba/jit/CodeBlock, evalBrLOAD(ILjava/lang/Object;)[B >"	"evalBrLOAD(ILjava/lang/Object;)[B"
"< Application, Ltoba/jit/Intel86, <init>(Ltoba/classfile/Method;I)V >"	"<init>(Ltoba/classfile/Method;I)V"
"< Application, Ltoba/jit/Intel86, peekEStackOffs(I)I >"	"peekEStackOffs(I)I"
"< Application, Ltoba/runtime/CodeGen, <init>()V >"	"<init>()V"
"< Primordial, Ljava/lang/Long, longValue()J >"	"longValue()J"
"< Primordial, Ljava/lang/StringBuffer, <init>(I)V >"	"<init>(I)V"
"< Application, Ltoba/jit/Intel86, peekES(ILjava/lang/Object;)[B >"	"peekES(ILjava/lang/Object;)[B"
"< Application, Ltoba/jit/CodeBlock, storeWord(II)I >"	"storeWord(II)I"
"< Primordial, Ljava/util/Hashtable, containsKey(Ljava/lang/Object;)Z >"	"containsKey(Ljava/lang/Object;)Z"
"< Primordial, Ljava/io/File, length()J >"	"length()J"
"< Application, Ltoba/classfile/Constant, toString()Ljava/lang/String; >"	"toString()Ljava/lang/String;"
"< Application, Ltoba/jit/JITCodeGen, genCallResolve(Ltoba/classfile/Method;)V >"	"genCallResolve(Ltoba/classfile/Method;)V"
"< Application, Ltoba/jit/MemoryRef, swapIndexBaseRegs()Ltoba/jit/MemoryRef; >"	"swapIndexBaseRegs()Ltoba/jit/MemoryRef;"
"< Application, Ltoba/jit/Intel86, BasicInit()V >"	"BasicInit()V"
"< Application, Ltoba/classfile/ClassFile, findInPath(Ljava/lang/String;Ljava/lang/String;Ljava/lang/String;)Ltoba/classfile/ClassFile; >"	"findInPath(Ljava/lang/String;Ljava/lang/String;Ljava/lang/String;)Ltoba/classfile/ClassFile;"
"< Application, Ltoba/classfile/Method, target(I)I >"	"target(I)I"
"< Primordial, Ljava/lang/Number, doubleValue()D >"	"doubleValue()D"
"< Application, Ltoba/translator/CFile, hashprint(Ljava/io/PrintWriter;Ljava/lang/String;)V >"	"hashprint(Ljava/io/PrintWriter;Ljava/lang/String;)V"
"< Primordial, Ljava/io/BufferedReader, readLine()Ljava/lang/String; >"	"readLine()Ljava/lang/String;"
"< Primordial, Ljava/lang/Integer, toHexString(I)Ljava/lang/String; >"	"toHexString(I)Ljava/lang/String;"
"< Application, Ltoba/classfile/Method, mark(ILjava/lang/String;I)V >"	"mark(ILjava/lang/String;I)V"
"< Primordial, Ljava/io/DataInputStream, readInt()I >"	"readInt()I"
"< Primordial, Ljava/lang/StringBuffer, length()I >"	"length()I"
"< Primordial, Ljava/io/ByteArrayInputStream, <init>([BII)V >"	"<init>([BII)V"
"< Primordial, Ljava/io/FileOutputStream, write([BII)V >"	"write([BII)V"
"< Application, Ltoba/translator/InsGen, ckinstance(Ltoba/classfile/Instr;Ljava/lang/String;)Ljava/lang/String; >"	"ckinstance(Ltoba/classfile/Instr;Ljava/lang/String;)Ljava/lang/String;"
"< Application, Ltoba/classfile/IHash, mark(Ljava/lang/ClassLoader;Ltoba/classfile/ClassData;)V >"	"mark(Ljava/lang/ClassLoader;Ltoba/classfile/ClassData;)V"
"< Application, Ltoba/classfile/Instr, i4([BI)I >"	"i4([BI)I"
"< Application, Ltoba/jit/Intel86, IDIV(Ljava/lang/Object;)[B >"	"IDIV(Ljava/lang/Object;)[B"
"< Primordial, Ljava/util/BitSet, <init>(I)V >"	"<init>(I)V"
"< Application, Ltoba/runtime/Resolve, <clinit>()V >"	"<clinit>()V"
"< Application, Ltoba/jit/CodeBlock, backpatchCode()V >"	"backpatchCode()V"
"< Primordial, Ljava/io/DataInputStream, readDouble()D >"	"readDouble()D"
"< Primordial, Ljava/io/File, list()[Ljava/lang/String; >"	"list()[Ljava/lang/String;"
"< Application, Ltoba/translator/Trans, main([Ljava/lang/String;)V >"	"main([Ljava/lang/String;)V"
"< Primordial, Ljava/lang/System, arraycopy(Ljava/lang/Object;ILjava/lang/Object;II)V >"	"arraycopy(Ljava/lang/Object;ILjava/lang/Object;II)V"
"< Application, Ltoba/jit/Intel86, popEStackOffs()I >"	"popEStackOffs()I"
"< Application, Ltoba/runtime/CodeGen, instanceOffsets(Ljava/lang/Class;)[I >"	"instanceOffsets(Ljava/lang/Class;)[I"
"< Application, Ltoba/jit/CodeBlock, setAllNativeCode(Z)V >"	"setAllNativeCode(Z)V"
"< Application, Ltoba/runtime/ClassRT, setClassLoader(Ljava/lang/Class;Ljava/lang/ClassLoader;)V >"	"setClassLoader(Ljava/lang/Class;Ljava/lang/ClassLoader;)V"
"< Application, Ltoba/jit/Intel86, RELATIVE_JUMP(I)[B >"	"RELATIVE_JUMP(I)[B"
"< Application, Ltoba/jit/JITCodeGen, EmitIfCmp(Ltoba/classfile/Instr;Ltoba/classfile/Method;)V >"	"EmitIfCmp(Ltoba/classfile/Instr;Ltoba/classfile/Method;)V"
"< Application, Ltoba/classfile/ClassData, ivregister()V >"	"ivregister()V"
"< Primordial, Ljava/lang/Integer, toOctalString(I)Ljava/lang/String; >"	"toOctalString(I)Ljava/lang/String;"
"< Primordial, Ljava/lang/StringBuffer, append(C)Ljava/lang/StringBuffer; >"	"append(C)Ljava/lang/StringBuffer;"
"< Application, Ltoba/translator/MethGen, dclstack(Ljava/io/PrintWriter;Ltoba/classfile/Method;C)V >"	"dclstack(Ljava/io/PrintWriter;Ltoba/classfile/Method;C)V"
"< Application, Ltoba/runtime/ClassRT, getClassDataInternal(Ljava/lang/Class;)Ltoba/classfile/ClassData; >"	"getClassDataInternal(Ljava/lang/Class;)Ltoba/classfile/ClassData;"
"< Application, Ltoba/classfile/IHash, <init>(Ltoba/classfile/ClassData;)V >"	"<init>(Ltoba/classfile/ClassData;)V"
"< Application, Ltoba/jit/JITCodeGen, getFuncAddr(I)J >"	"getFuncAddr(I)J"
"< Application, Ltoba/jit/MemoryRef, getBaseReg()Ltoba/jit/Register; >"	"getBaseReg()Ltoba/jit/Register;"
"< Application, Ltoba/runtime/CodeGen, resolveClass(Ljava/lang/Class;Ljava/lang/ClassLoader;)V >"	"resolveClass(Ljava/lang/Class;Ljava/lang/ClassLoader;)V"
"< Application, Ltoba/jit/Immediate, setValue(I)Ltoba/jit/Immediate; >"	"setValue(I)Ltoba/jit/Immediate;"
"< Application, Ltoba/translator/Trans, oopen(Ltoba/classfile/ClassData;Ljava/lang/String;I)Ljava/io/PrintWriter; >"	"oopen(Ltoba/classfile/ClassData;Ljava/lang/String;I)Ljava/io/PrintWriter;"
"< Primordial, Ljava/lang/UnsatisfiedLinkError, <init>(Ljava/lang/String;)V >"	"<init>(Ljava/lang/String;)V"
"< Application, Ltoba/classfile/Method, markvar(CI)V >"	"markvar(CI)V"
"< Primordial, Ljava/lang/String, length()I >"	"length()I"
"< Application, Ltoba/jit/Intel86, ADC(Ljava/lang/Object;Ljava/lang/Object;)[B >"	"ADC(Ljava/lang/Object;Ljava/lang/Object;)[B"
"< Application, Ltoba/jit/Intel86, <init>(Ltoba/classfile/Method;)V >"	"<init>(Ltoba/classfile/Method;)V"
"< Primordial, Ljava/lang/Throwable, getMessage()Ljava/lang/String; >"	"getMessage()Ljava/lang/String;"
"< Application, Ltoba/jit/Intel86, ADD(Ljava/lang/Object;Ljava/lang/Object;)[B >"	"ADD(Ljava/lang/Object;Ljava/lang/Object;)[B"
"< Application, Ltoba/translator/Trans, <clinit>()V >"	"<clinit>()V"
"< Primordial, Ljava/io/DataInput, readUnsignedShort()I >"	"readUnsignedShort()I"
"< Application, Ltoba/classfile/Instr, i2([BI)I >"	"i2([BI)I"
"< Application, Ltoba/runtime/CodeGen, superclasses(Ljava/lang/Class;Ljava/lang/Class;)[J >"	"superclasses(Ljava/lang/Class;Ljava/lang/Class;)[J"
"< Primordial, Ljava/lang/String, equals(Ljava/lang/Object;)Z >"	"equals(Ljava/lang/Object;)Z"
"< Application, Ltoba/jit/CodeBlock, RELATIVE_CALL(I)[B >"	"RELATIVE_CALL(I)[B"
"< Primordial, Ljava/util/Stack, push(Ljava/lang/Object;)Ljava/lang/Object; >"	"push(Ljava/lang/Object;)Ljava/lang/Object;"
"< Application, Ltoba/jit/Intel86, TestIntel86([Ljava/lang/String;)V >"	"TestIntel86([Ljava/lang/String;)V"
"< Application, Ltoba/translator/CFile, hashgen(Ljava/io/PrintWriter;Ltoba/classfile/ClassData;)V >"	"hashgen(Ljava/io/PrintWriter;Ltoba/classfile/ClassData;)V"
"< Application, Ltoba/classfile/VariableRef, resolveWith(Ltoba/classfile/ClassData;)V >"	"resolveWith(Ltoba/classfile/ClassData;)V"
"< Application, Ltoba/jit/Register, getRegBitName()I >"	"getRegBitName()I"
"< Application, Ltoba/classfile/Field, finishField()V >"	"finishField()V"
"< Application, Ltoba/jit/CodeBlock, evalBrCLREFLOAD(ILjava/lang/Object;)[B >"	"evalBrCLREFLOAD(ILjava/lang/Object;)[B"
"< Application, Ltoba/jit/Intel86, makeByteArray(I)[B >"	"makeByteArray(I)[B"
"< Application, Ltoba/translator/Repr, ctype(C)Ljava/lang/String; >"	"ctype(C)Ljava/lang/String;"
"< Application, Ltoba/runtime/CodeGen, setSpecialMethods(Ljava/lang/Class;)V >"	"setSpecialMethods(Ljava/lang/Class;)V"
"< Primordial, Ljava/lang/ClassLoader, <init>()V >"	"<init>()V"
"< Primordial, Ljava/lang/StringBuffer, append(Ljava/lang/String;)Ljava/lang/StringBuffer; >"	"append(Ljava/lang/String;)Ljava/lang/StringBuffer;"
"< Application, Ltoba/jit/JIT, main([Ljava/lang/String;)V >"	"main([Ljava/lang/String;)V"
"< Application, Ltoba/jit/Intel86, tossEStackOffs(I)I >"	"tossEStackOffs(I)I"
