"< Application, Ltoba/classfile/Opcode, DLOAD_2, <Primordial,I> >"
"< Application, Ltoba/jit/JITCodeGen, FA_longrem, <Primordial,J> >"
"< Application, Ltoba/classfile/ClassFile, classBufferSize, <Primordial,I> >"
"< Application, Ltoba/classfile/Opcode, IF_ICMPLE, <Primordial,I> >"
"< Application, Ltoba/runtime/ClassRT, IS_PRIMITIVE, <Primordial,I> >"
"< Application, Ltoba/jit/JITCodeGen, FID_monitorexit, <Primordial,I> >"
"< Application, Ltoba/jit/JITCodeGen, R_dl, <Application,Ltoba/jit/Register> >"
"< Application, Ltoba/jit/JITCodeGen, FID_longjmp, <Primordial,I> >"
"< Application, Ltoba/classfile/Opcode, IAND, <Primordial,I> >"
"< Application, Ltoba/jit/Intel86, AR_ESI_SIZE, <Primordial,I> >"
"< Application, Ltoba/jit/JITCodeGen, IO_barray_data, <Application,Ltoba/jit/Immediate> >"
"< Application, Ltoba/jit/JITCodeGen, FA_exitclass, <Primordial,J> >"
"< Application, Ltoba/jit/Register, R_dh, <Application,Ltoba/jit/Register> >"
"< Application, Ltoba/jit/Intel86, SFlag, <Primordial,I> >"
"< Application, Ltoba/jit/Register, RV_ah, <Primordial,I> >"
"< Application, Ltoba/classfile/Opcode, LUSHR, <Primordial,I> >"
"< Application, Ltoba/classfile/MethodCode, TMIT_uninstalled_jit, <Primordial,I> >"
"< Application, Ltoba/classfile/Opcode, ICONST_4, <Primordial,I> >"
"< Application, Ltoba/jit/Intel86, CND_na, <Primordial,I> >"
"< Application, Ltoba/jit/Register, RV_ecx, <Primordial,I> >"
"< Application, Ltoba/classfile/Opcode, L2F, <Primordial,I> >"
"< Application, Ltoba/jit/JITCodeGen, FID_geteltoffs, <Primordial,I> >"
"< Application, Ltoba/classfile/Opcode, LKPSW, <Primordial,I> >"
"< Application, Ltoba/jit/JITCodeGen, ARLV_methname, <Primordial,I> >"
"< Application, Ltoba/jit/JITCodeGen, R_al, <Application,Ltoba/jit/Register> >"
"< Application, Ltoba/classfile/Opcode, FCONST_0, <Primordial,I> >"
"< Application, Ltoba/translator/Trans, usagestring, <Application,Ljava/lang/String> >"
"< Application, Ltoba/jit/Register, R_ah, <Application,Ltoba/jit/Register> >"
"< Application, Ltoba/classfile/Opcode, INT2CHAR, <Primordial,I> >"
"< Application, Ltoba/jit/Register, RV_esp, <Primordial,I> >"
"< Application, Ltoba/jit/Register, R_ST6, <Application,Ltoba/jit/Register> >"
"< Application, Ltoba/classfile/Opcode, ILOAD_0, <Primordial,I> >"
"< Application, Ltoba/classfile/Opcode, ASTORE_0, <Primordial,I> >"
"< Application, Ltoba/classfile/Opcode, CTAB, <Primordial,I> >"
"< Application, Ltoba/classfile/Opcode, CASTOR, <Primordial,I> >"
"< Application, Ltoba/classfile/Opcode, ISHL, <Primordial,I> >"
"< Application, Ltoba/classfile/Opcode, DCMPG, <Primordial,I> >"
"< Application, Ltoba/classfile/Opcode, ICONST_5, <Primordial,I> >"
"< Application, Ltoba/jit/JITCodeGen, IO_mythread_exception, <Application,Ltoba/jit/Immediate> >"
"< Application, Ltoba/classfile/Names, MinIdUsed, <Primordial,I> >"
"< Application, Ltoba/jit/JITCodeGen, IMM_16, <Application,Ltoba/jit/Immediate> >"
"< Application, Ltoba/classfile/Opcode, D2X1, <Primordial,I> >"
"< Application, Ltoba/classfile/Opcode, POP, <Primordial,I> >"
"< Application, Ltoba/jit/Intel86, AR_EBX_SIZE, <Primordial,I> >"
"< Application, Ltoba/classfile/Opcode, FLOAD, <Primordial,I> >"
"< Application, Ltoba/translator/Supers, previous, <Application,Ltoba/classfile/ClassData> >"
"< Application, Ltoba/classfile/Opcode, INT2BYTE, <Primordial,I> >"
"< Application, Ltoba/classfile/Constant, FLOAT, <Primordial,I> >"
"< Application, Ltoba/jit/Register, R_esp, <Application,Ltoba/jit/Register> >"
"< Application, Ltoba/jit/JITCodeGen, FID_backjumpfn, <Primordial,I> >"
"< Application, Ltoba/classfile/Opcode, INONV, <Primordial,I> >"
"< Application, Ltoba/classfile/Names, MaxIdLength, <Primordial,I> >"
"< Application, Ltoba/jit/JITCodeGen, FA_long2d, <Primordial,J> >"
"< Application, Ltoba/classfile/Opcode, DNEG, <Primordial,I> >"
"< Application, Ltoba/jit/Register, RV_dl, <Primordial,I> >"
"< Application, Ltoba/classfile/Field, FT_boolean, <Primordial,C> >"
"< Application, Ltoba/jit/Intel86, CND_po, <Primordial,I> >"
"< Application, Ltoba/jit/JITCodeGen, IO_class_supers, <Application,Ltoba/jit/Immediate> >"
"< Application, Ltoba/classfile/Opcode, LAND, <Primordial,I> >"
"< Application, Ltoba/jit/JITCodeGen, excOheadTotal, <Primordial,I> >"
"< Application, Ltoba/classfile/Opcode, BASTOR, <Primordial,I> >"
"< Application, Ltoba/classfile/Opcode, IFNE, <Primordial,I> >"
"< Application, Ltoba/jit/JITCodeGen, IO_mtgeneric_f, <Application,Ltoba/jit/Immediate> >"
"< Application, Ltoba/jit/JITCodeGen, FID_long2f, <Primordial,I> >"
"< Application, Ltoba/classfile/Opcode, LLOAD_1, <Primordial,I> >"
"< Application, Ltoba/classfile/Opcode, IFEQ, <Primordial,I> >"
"< Application, Ltoba/translator/Trans, echo_names, <Primordial,Z> >"
"< Application, Ltoba/jit/JITCodeGen, FID_longdiv, <Primordial,I> >"
"< Application, Ltoba/classfile/Method, CHAR_INDX_SIZE, <Primordial,I> >"
"< Application, Ltoba/classfile/Opcode, DSUB, <Primordial,I> >"
"< Application, Ltoba/classfile/Opcode, T_BYTE, <Primordial,I> >"
"< Application, Ltoba/jit/JITCodeGen, IO_barray_length, <Application,Ltoba/jit/Immediate> >"
"< Application, Ltoba/classfile/Field, FT_int, <Primordial,C> >"
"< Application, Ltoba/jit/Register, RegNames, <Application,[Ljava/lang/String> >"
"< Application, Ltoba/classfile/Method, stktypes, <Application,Ljava/util/BitSet> >"
"< Application, Ltoba/jit/Intel86, CND_nl, <Primordial,I> >"
"< Application, Ltoba/classfile/Constant, NAMETYPE, <Primordial,I> >"
"< Application, Ltoba/jit/JITCodeGen, FID_throwNASE, <Primordial,I> >"
"< Application, Ltoba/classfile/Opcode, ALOAD_2, <Primordial,I> >"
"< Application, Ltoba/jit/JITCodeGen, FA_puts, <Primordial,J> >"
"< Application, Ltoba/jit/JITCodeGen, R_ah, <Application,Ltoba/jit/Register> >"
"< Application, Ltoba/classfile/Opcode, IINTR, <Primordial,I> >"
"< Application, Ltoba/classfile/Opcode, FREM, <Primordial,I> >"
"< Application, Ltoba/jit/Register, RV_ch, <Primordial,I> >"
"< Application, Ltoba/jit/JITCodeGen, FID_athrow, <Primordial,I> >"
"< Application, Ltoba/jit/JITCodeGen, R_cl, <Application,Ltoba/jit/Register> >"
"< Application, Ltoba/jit/JITCodeGen, R_esi, <Application,Ltoba/jit/Register> >"
"< Application, Ltoba/jit/JITCodeGen, FID_timeNow, <Primordial,I> >"
"< Application, Ltoba/jit/Intel86, DFlag, <Primordial,I> >"
"< Application, Ltoba/jit/JITCodeGen, FA_longjmp, <Primordial,J> >"
"< Application, Ltoba/classfile/Opcode, LNEG, <Primordial,I> >"
"< Application, Ltoba/classfile/Opcode, THROW, <Primordial,I> >"
"< Application, Ltoba/classfile/Opcode, LDC_W, <Primordial,I> >"
"< Application, Ltoba/jit/CodeBlock, valBVrlen, <Primordial,I> >"
"< Application, Ltoba/jit/JITCodeGen, FA_geteltoffs, <Primordial,J> >"
"< Application, Ltoba/jit/CodeBlock, brLOADCodeLbl, <Primordial,I> >"
"< Application, Ltoba/translator/CFile, HColMax, <Primordial,I> >"
"< Application, Ltoba/classfile/Opcode, ALEN, <Primordial,I> >"
"< Application, Ltoba/classfile/Opcode, IF_ICMPEQ, <Primordial,I> >"
"< Application, Ltoba/classfile/Opcode, ASTORE, <Primordial,I> >"
"< Application, Ltoba/classfile/Constant, UTF8, <Primordial,I> >"
"< Application, Ltoba/classfile/Names, namelist, <Application,[Ljava/lang/String> >"
"< Application, Ltoba/classfile/Opcode, ICONST_2, <Primordial,I> >"
"< Application, Ltoba/translator/CFile, hcols, <Primordial,I> >"
"< Application, Ltoba/jit/Intel86, CND_np, <Primordial,I> >"
"< Application, Ltoba/classfile/Opcode, ASTORE_2, <Primordial,I> >"
"< Application, Ltoba/jit/Intel86, CND_ns, <Primordial,I> >"
"< Application, Ltoba/jit/JITCodeGen, FID_intrem, <Primordial,I> >"
"< Application, Ltoba/jit/Intel86, AR_RIP_SIZE, <Primordial,I> >"
"< Application, Ltoba/classfile/MethodCode, shouldTimeCodegen, <Primordial,Z> >"
"< Application, Ltoba/jit/Intel86, CND_b, <Primordial,I> >"
"< Application, Ltoba/classfile/IHash, inTranslator, <Primordial,Z> >"
"< Application, Ltoba/classfile/Opcode, LSHL, <Primordial,I> >"
"< Application, Ltoba/jit/JITCodeGen, IMM_0, <Application,Ltoba/jit/Immediate> >"
"< Application, Ltoba/translator/CFile, strpool, <Application,Ljava/lang/StringBuffer> >"
"< Application, Ltoba/classfile/Opcode, LOAD, <Primordial,I> >"
"< Application, Ltoba/jit/Intel86, CND_nae, <Primordial,I> >"
"< Application, Ltoba/jit/Intel86, AR_EDI_SIZE, <Primordial,I> >"
"< Application, Ltoba/classfile/Opcode, ISTORE_3, <Primordial,I> >"
"< Application, Ltoba/jit/Intel86, CND_o, <Primordial,I> >"
"< Application, Ltoba/classfile/Constant, METHOD, <Primordial,I> >"
"< Application, Ltoba/classfile/Opcode, IFGT, <Primordial,I> >"
"< Application, Ltoba/jit/Register, RV_ebp, <Primordial,I> >"
"< Application, Ltoba/jit/JITCodeGen, R_ch, <Application,Ltoba/jit/Register> >"
"< Application, Ltoba/jit/JITCodeGen, FID_exitclass, <Primordial,I> >"
"< Application, Ltoba/classfile/Opcode, LLOAD, <Primordial,I> >"
"< Application, Ltoba/classfile/Opcode, IRETURN, <Primordial,I> >"
"< Application, Ltoba/classfile/Opcode, IFNULL, <Primordial,I> >"
"< Application, Ltoba/classfile/Opcode, NOP, <Primordial,I> >"
"< Application, Ltoba/jit/JITCodeGen, FID_findinterface, <Primordial,I> >"
"< Application, Ltoba/classfile/Opcode, DIVOP, <Primordial,I> >"
"< Application, Ltoba/translator/Trans, peekBufferSize, <Primordial,I> >"
"< Application, Ltoba/classfile/Opcode, LSTORE, <Primordial,I> >"
"< Application, Ltoba/classfile/ClassData, ACC_TRANSIENT, <Primordial,I> >"
"< Application, Ltoba/classfile/Opcode, IOR, <Primordial,I> >"
"< Application, Ltoba/translator/Trans, dbgInstrs, <Primordial,C> >"
"< Application, Ltoba/classfile/Opcode, ALOAD, <Primordial,I> >"
"< Application, Ltoba/translator/Trans, classBufferSize, <Primordial,I> >"
"< Application, Ltoba/translator/Trans, tobapath, <Application,Ljava/lang/String> >"
"< Application, Ltoba/jit/Intel86, CND_ae, <Primordial,I> >"
"< Application, Ltoba/classfile/Opcode, L2I, <Primordial,I> >"
"< Application, Ltoba/classfile/ClassFile, trace, <Primordial,Z> >"
"< Application, Ltoba/classfile/Opcode, WIDE, <Primordial,I> >"
"< Application, Ltoba/jit/JITCodeGen, FID_longmul, <Primordial,I> >"
"< Application, Ltoba/classfile/Opcode, FCMPL, <Primordial,I> >"
"< Application, Ltoba/jit/Intel86, CND_le, <Primordial,I> >"
"< Application, Ltoba/classfile/Field, FT_array, <Primordial,C> >"
"< Application, Ltoba/translator/Trans, hBufferSize, <Primordial,I> >"
"< Application, Ltoba/jit/JITCodeGen, IMM_2, <Application,Ltoba/jit/Immediate> >"
"< Application, Ltoba/jit/JITCodeGen, R_ST6, <Application,Ltoba/jit/Register> >"
"< Application, Ltoba/translator/MethGen, nullJump, <Primordial,Z> >"
"< Application, Ltoba/classfile/Opcode, ACAST, <Primordial,I> >"
"< Application, Ltoba/classfile/Opcode, I2L, <Primordial,I> >"
"< Application, Ltoba/jit/JITCodeGen, FID_throwCCE, <Primordial,I> >"
"< Application, Ltoba/classfile/Opcode, T_DOUBLE, <Primordial,I> >"
"< Application, Ltoba/translator/Trans, fileheader, <Application,Ljava/lang/String> >"
"< Application, Ltoba/jit/JITCodeGen, FA_mythread, <Primordial,J> >"
"< Application, Ltoba/classfile/Opcode, LSTORE_3, <Primordial,I> >"
"< Application, Ltoba/classfile/Names, HashMultClass, <Primordial,I> >"
"< Application, Ltoba/classfile/Opcode, ICONST_3, <Primordial,I> >"
"< Application, Ltoba/jit/JITCodeGen, MR_ebx, <Application,Ltoba/jit/MemoryRef> >"
"< Application, Ltoba/translator/Trans, genlist, <Application,Ljava/util/Hashtable> >"
"< Application, Ltoba/jit/JITCodeGen, FID_setjmp, <Primordial,I> >"
"< Application, Ltoba/classfile/Opcode, CONST, <Primordial,I> >"
"< Application, Ltoba/jit/JITCodeGen, FID_initclass, <Primordial,I> >"
"< Application, Ltoba/classfile/ClassData, ACC_ABSTRACT, <Primordial,I> >"
"< Application, Ltoba/jit/JITCodeGen, FA_longdiv, <Primordial,J> >"
"< Application, Ltoba/translator/Trans, dbgGeneral, <Primordial,C> >"
"< Application, Ltoba/jit/JITCodeGen, FA_long2f, <Primordial,J> >"
"< Application, Ltoba/classfile/Opcode, FCONST_2, <Primordial,I> >"
"< Application, Ltoba/jit/Intel86, CND_nle, <Primordial,I> >"
"< Application, Ltoba/classfile/Opcode, BINOP, <Primordial,I> >"
"< Application, Ltoba/classfile/Opcode, FSTORE_3, <Primordial,I> >"
"< Application, Ltoba/jit/JITCodeGen, FID_throwNPE, <Primordial,I> >"
"< Application, Ltoba/jit/Register, RV_edx, <Primordial,I> >"
"< Application, Ltoba/classfile/ClassData, ACC_STATIC, <Primordial,I> >"
"< Application, Ltoba/classfile/Opcode, GOTO, <Primordial,I> >"
"< Application, Ltoba/classfile/ClassData, ACC_PROTECTED, <Primordial,I> >"
"< Application, Ltoba/classfile/Opcode, IVIRT, <Primordial,I> >"
"< Application, Ltoba/jit/JITCodeGen, IO_mcode_mtentry, <Application,Ltoba/jit/Immediate> >"
"< Application, Ltoba/jit/CodeBlock, brJUMP, <Primordial,I> >"
"< Application, Ltoba/jit/JITCodeGen, FA_intrem, <Primordial,J> >"
"< Application, Ltoba/classfile/Field, FT_char, <Primordial,C> >"
"< Application, Ltoba/classfile/Opcode, LDC2_W, <Primordial,I> >"
"< Application, Ltoba/jit/JITCodeGen, FA_timeNow, <Primordial,J> >"
"< Application, Ltoba/classfile/Opcode, ASTORE_3, <Primordial,I> >"
"< Application, Ltoba/classfile/Opcode, ISTORE_0, <Primordial,I> >"
"< Application, Ltoba/jit/JITCodeGen, FID_enterclass, <Primordial,I> >"
"< Application, Ltoba/classfile/Opcode, DSTORE_1, <Primordial,I> >"
"< Application, Ltoba/jit/JITCodeGen, FA_backjumpfn, <Primordial,J> >"
"< Application, Ltoba/classfile/Opcode, D2F, <Primordial,I> >"
"< Application, Ltoba/jit/JITCodeGen, FA_findhandler, <Primordial,J> >"
"< Application, Ltoba/classfile/Opcode, FLOAD_1, <Primordial,I> >"
"< Application, Ltoba/jit/Intel86, CND_nbe, <Primordial,I> >"
"< Application, Ltoba/jit/JITCodeGen, R_dh, <Application,Ltoba/jit/Register> >"
"< Application, Ltoba/jit/Register, RV_al, <Primordial,I> >"
"< Application, Ltoba/jit/Intel86, CND_s, <Primordial,I> >"
"< Application, Ltoba/classfile/Opcode, MENTR, <Primordial,I> >"
"< Application, Ltoba/classfile/Opcode, LMUL, <Primordial,I> >"
"< Application, Ltoba/classfile/Opcode, F2L, <Primordial,I> >"
"< Application, Ltoba/classfile/ClassData, ACC_SYNCHRONIZED, <Primordial,I> >"
"< Application, Ltoba/translator/CFile, strcount, <Primordial,I> >"
"< Application, Ltoba/classfile/Opcode, IFCMP, <Primordial,I> >"
"< Application, Ltoba/classfile/Opcode, T_LONG, <Primordial,I> >"
"< Application, Ltoba/translator/CFile, strlens, <Primordial,[I> >"
"< Application, Ltoba/classfile/MethodCode, TMIT_abstract, <Primordial,I> >"
"< Application, Ltoba/translator/Trans, dbgCode, <Primordial,C> >"
"< Application, Ltoba/classfile/Opcode, DADD, <Primordial,I> >"
"< Application, Ltoba/classfile/Opcode, IFZRO, <Primordial,I> >"
"< Application, Ltoba/classfile/Opcode, IALOAD, <Primordial,I> >"
"< Application, Ltoba/jit/Register, R_bh, <Application,Ltoba/jit/Register> >"
"< Application, Ltoba/classfile/Constant, LONG, <Primordial,I> >"
"< Application, Ltoba/classfile/Opcode, I8, <Primordial,I> >"
"< Application, Ltoba/jit/Intel86, CND_l, <Primordial,I> >"
"< Application, Ltoba/translator/Repr, DECLS_PER_LINE, <Primordial,I> >"
"< Application, Ltoba/classfile/Opcode, GETF, <Primordial,I> >"
"< Application, Ltoba/jit/Register, RV_eax, <Primordial,I> >"
"< Application, Ltoba/jit/JITCodeGen, R_ST4, <Application,Ltoba/jit/Register> >"
"< Application, Ltoba/jit/JITCodeGen, IMM_1, <Application,Ltoba/jit/Immediate> >"
"< Application, Ltoba/classfile/Opcode, IXOR, <Primordial,I> >"
"< Application, Ltoba/classfile/Opcode, ARRAYLOAD, <Primordial,I> >"
"< Application, Ltoba/jit/JITCodeGen, excOheadSize, <Primordial,[I> >"
"< Application, Ltoba/classfile/Constant, DOUBLE, <Primordial,I> >"
"< Application, Ltoba/classfile/Opcode, BALOAD, <Primordial,I> >"
"< Application, Ltoba/classfile/MethodCode, TMIT_LAST_ENUM, <Primordial,I> >"
"< Application, Ltoba/jit/Register, R_ecx, <Application,Ltoba/jit/Register> >"
"< Application, Ltoba/jit/Intel86, OT_imm, <Primordial,I> >"
"< Application, Ltoba/translator/Trans, dbgConstants, <Primordial,C> >"
"< Application, Ltoba/jit/JITCodeGen, OID_class_flags, <Primordial,I> >"
"< Application, Ltoba/jit/JITCodeGen, OID_mcode_mtentry, <Primordial,I> >"
"< Application, Ltoba/jit/Register, R_ebx, <Application,Ltoba/jit/Register> >"
"< Application, Ltoba/jit/Register, R_ebp, <Application,Ltoba/jit/Register> >"
"< Application, Ltoba/classfile/Opcode, SWAP, <Primordial,I> >"
"< Application, Ltoba/classfile/Opcode, TBLSW, <Primordial,I> >"
"< Application, Ltoba/jit/JITCodeGen, FA_findinterface, <Primordial,J> >"
"< Application, Ltoba/jit/JITCodeGen, ARLV_monitorheld, <Primordial,I> >"
"< Application, Ltoba/jit/JITCodeGen, FMA_timeSliceEnd, <Application,Ltoba/jit/MemoryRef> >"
"< Application, Ltoba/classfile/Opcode, LCMP, <Primordial,I> >"
"< Application, Ltoba/jit/Register, R_al, <Application,Ltoba/jit/Register> >"
"< Application, Ltoba/classfile/Opcode, SIPUSH, <Primordial,I> >"
"< Application, Ltoba/classfile/Constant, FIELD, <Primordial,I> >"
"< Application, Ltoba/classfile/Opcode, LLOAD_3, <Primordial,I> >"
"< Application, Ltoba/classfile/Opcode, ILOAD_2, <Primordial,I> >"
"< Application, Ltoba/classfile/Opcode, IREM, <Primordial,I> >"
"< Application, Ltoba/classfile/MethodCode, TMIT_native_code, <Primordial,I> >"
"< Application, Ltoba/jit/Register, RV_ebx, <Primordial,I> >"
"< Application, Ltoba/classfile/ClassData, RES_SUPERCLASSES, <Primordial,I> >"
"< Application, Ltoba/classfile/Constant, CLASS, <Primordial,I> >"
"< Application, Ltoba/classfile/Opcode, IMUL, <Primordial,I> >"
"< Application, Ltoba/classfile/Opcode, U8, <Primordial,I> >"
"< Application, Ltoba/classfile/Method, maxvar, <Primordial,[I> >"
"< Application, Ltoba/classfile/Opcode, LLOAD_0, <Primordial,I> >"
"< Application, Ltoba/classfile/Field, FT_short, <Primordial,C> >"
"< Application, Ltoba/classfile/Field, FT_object, <Primordial,C> >"
"< Application, Ltoba/classfile/Opcode, T_BOOLEAN, <Primordial,I> >"
"< Application, Ltoba/jit/JITCodeGen, FID_puts, <Primordial,I> >"
"< Application, Ltoba/jit/JITCodeGen, R_ebp, <Application,Ltoba/jit/Register> >"
"< Application, Ltoba/classfile/Opcode, DMUL, <Primordial,I> >"
"< Application, Ltoba/jit/Intel86, CND_nz, <Primordial,I> >"
"< Application, Ltoba/jit/JITCodeGen, R_ebx, <Application,Ltoba/jit/Register> >"
"< Application, Ltoba/classfile/Opcode, LLOAD_2, <Primordial,I> >"
"< Application, Ltoba/classfile/Constant, STRING, <Primordial,I> >"
"< Application, Ltoba/jit/Intel86, OT_absent, <Primordial,I> >"
"< Application, Ltoba/classfile/Opcode, IF_ICMPNE, <Primordial,I> >"
"< Application, Ltoba/translator/CFile, nothers, <Primordial,I> >"
"< Application, Ltoba/jit/JITCodeGen, FID_dtol, <Primordial,I> >"
"< Application, Ltoba/classfile/Constant, INTERFACE, <Primordial,I> >"
"< Application, Ltoba/jit/JITCodeGen, FA_new, <Primordial,J> >"
"< Application, Ltoba/runtime/ClassRT, IS_INTERFACE, <Primordial,I> >"
"< Application, Ltoba/classfile/Opcode, UNOP, <Primordial,I> >"
"< Application, Ltoba/classfile/Opcode, ACONST_NULL, <Primordial,I> >"
"< Application, Ltoba/jit/Register, R_edx, <Application,Ltoba/jit/Register> >"
"< Application, Ltoba/classfile/Opcode, MORE, <Primordial,I> >"
"< Application, Ltoba/translator/CFile, TOBA_CLASSSTRUCT_VERSION, <Primordial,I> >"
"< Application, Ltoba/translator/CFile, nsupers, <Primordial,I> >"
"< Application, Ltoba/translator/CFile, strnums, <Primordial,[I> >"
"< Application, Ltoba/classfile/Opcode, CMP, <Primordial,I> >"
"< Application, Ltoba/jit/JITCodeGen, IMM_4, <Application,Ltoba/jit/Immediate> >"
"< Application, Ltoba/classfile/Opcode, FRETURN, <Primordial,I> >"
"< Application, Ltoba/classfile/Opcode, I2F, <Primordial,I> >"
"< Application, Ltoba/classfile/Names, HashMultSignature, <Primordial,I> >"
"< Application, Ltoba/jit/JITCodeGen, FID_new, <Primordial,I> >"
"< Application, Ltoba/jit/JITCodeGen, FID_monitorenter, <Primordial,I> >"
"< Application, Ltoba/jit/Register, R_dl, <Application,Ltoba/jit/Register> >"
"< Application, Ltoba/jit/Intel86, CND_be, <Primordial,I> >"
"< Application, Ltoba/translator/Repr, GCHARS_PER_LINE, <Primordial,I> >"
"< Application, Ltoba/classfile/Opcode, DLOAD, <Primordial,I> >"
"< Application, Ltoba/jit/Intel86, CND_ge, <Primordial,I> >"
"< Application, Ltoba/jit/JITCodeGen, FA_sthread_got_exc, <Primordial,J> >"
"< Application, Ltoba/jit/JITCodeGen, FID_CodeBlock_resolveCode, <Primordial,I> >"
"< Application, Ltoba/classfile/Opcode, FASTOR, <Primordial,I> >"
"< Application, Ltoba/jit/JITCodeGen, IMM_8, <Application,Ltoba/jit/Immediate> >"
"< Application, Ltoba/jit/CodeBlock, brLOADCodeAbs, <Primordial,I> >"
"< Application, Ltoba/jit/JITCodeGen, R_bh, <Application,Ltoba/jit/Register> >"
"< Application, Ltoba/jit/JITCodeGen, FID_longcmp, <Primordial,I> >"
"< Application, Ltoba/jit/JITCodeGen, FA_dtoi, <Primordial,J> >"
"< Application, Ltoba/classfile/Opcode, MNEWA, <Primordial,I> >"
"< Application, Ltoba/classfile/Opcode, FLOAD_0, <Primordial,I> >"
"< Application, Ltoba/jit/JITCodeGen, FA_throwAIOBE, <Primordial,J> >"
"< Application, Ltoba/jit/Intel86, CND_z, <Primordial,I> >"
"< Application, Ltoba/jit/CodeBlock, brOverWriteCode, <Primordial,I> >"
"< Application, Ltoba/translator/Trans, classWorkList, <Application,Ljava/util/Stack> >"
"< Application, Ltoba/classfile/Opcode, LDC, <Primordial,I> >"
"< Application, Ltoba/classfile/ClassData, name2cdata, <Application,Ljava/util/Hashtable> >"
"< Application, Ltoba/classfile/Opcode, I2D, <Primordial,I> >"
"< Application, Ltoba/classfile/MethodCode, TMIT_interpreter, <Primordial,I> >"
"< Application, Ltoba/jit/Intel86, OT_mem, <Primordial,I> >"
"< Application, Ltoba/classfile/IHash, MINSIZE, <Primordial,I> >"
"< Application, Ltoba/classfile/Opcode, F2I, <Primordial,I> >"
"< Application, Ltoba/classfile/Opcode, DSTORE_0, <Primordial,I> >"
"< Application, Ltoba/jit/JITCodeGen, FMA_timeNow, <Application,Ltoba/jit/MemoryRef> >"
"< Application, Ltoba/jit/Register, R_ST4, <Application,Ltoba/jit/Register> >"
"< Application, Ltoba/classfile/ClassRef, rccache, <Application,Ljava/util/Hashtable> >"
"< Application, Ltoba/jit/Register, R_ST3, <Application,Ltoba/jit/Register> >"
"< Application, Ltoba/classfile/Names, MaxSigLength, <Primordial,I> >"
"< Application, Ltoba/classfile/Opcode, ISTORE_1, <Primordial,I> >"
"< Application, Ltoba/jit/JITCodeGen, FID_vmnewarray, <Primordial,I> >"
"< Application, Ltoba/classfile/Opcode, T_CHAR, <Primordial,I> >"
"< Application, Ltoba/jit/JITCodeGen, R_edx, <Application,Ltoba/jit/Register> >"
"< Application, Ltoba/classfile/Opcode, LREM, <Primordial,I> >"
"< Application, Ltoba/classfile/Opcode, LASTOR, <Primordial,I> >"
"< Application, Ltoba/jit/Intel86, CND_ne, <Primordial,I> >"
"< Application, Ltoba/jit/CodeBlock, brCLREFLOAD, <Primordial,I> >"
"< Application, Ltoba/classfile/Names, HashLength, <Primordial,I> >"
"< Application, Ltoba/translator/Trans, dbgflag, <Primordial,[Z> >"
"< Application, Ltoba/classfile/ClassData, pseudoSystemClassLoader, <Application,Ljava/lang/Object> >"
"< Application, Ltoba/jit/JITCodeGen, FID_longshift, <Primordial,I> >"
"< Application, Ltoba/classfile/Opcode, ANEWA, <Primordial,I> >"
"< Application, Ltoba/jit/JITCodeGen, OID_barray_data, <Primordial,I> >"
"< Application, Ltoba/classfile/Opcode, LSTORE_0, <Primordial,I> >"
"< Application, Ltoba/classfile/Opcode, I16, <Primordial,I> >"
"< Application, Ltoba/classfile/Opcode, FCONST_1, <Primordial,I> >"
"< Application, Ltoba/jit/JITCodeGen, FA_CodeBlock_resolveCode, <Primordial,J> >"
"< Application, Ltoba/jit/Intel86, FFlag, <Primordial,I> >"
"< Application, Ltoba/jit/JITCodeGen, FA_enterclass, <Primordial,J> >"
"< Application, Ltoba/jit/Register, R_eax, <Application,Ltoba/jit/Register> >"
"< Application, Ltoba/jit/JITCodeGen, FID_timeSliceEnd, <Primordial,I> >"
"< Application, Ltoba/jit/JITCodeGen, FA_monitorexit, <Primordial,J> >"
"< Application, Ltoba/classfile/IHash, MINLOAD, <Primordial,I> >"
"< Application, Ltoba/classfile/Method, varused, <Application,[Ljava/util/BitSet> >"
"< Application, Ltoba/jit/JITCodeGen, immZero8b, <Application,Ltoba/jit/Immediate> >"
"< Application, Ltoba/translator/Trans, dbgTrace, <Primordial,C> >"
"< Application, Ltoba/jit/JITCodeGen, ARLV_NumVars, <Primordial,I> >"
"< Application, Ltoba/jit/JITCodeGen, OID_class_nsupers, <Primordial,I> >"
"< Application, Ltoba/classfile/Opcode, DRETURN, <Primordial,I> >"
"< Application, Ltoba/classfile/Opcode, LSTORE_2, <Primordial,I> >"
"< Application, Ltoba/classfile/Constant, TagToName, <Application,[Ljava/lang/String> >"
"< Application, Ltoba/classfile/Opcode, ISUB, <Primordial,I> >"
"< Application, Ltoba/jit/JITCodeGen, FID_anewarray, <Primordial,I> >"
"< Application, Ltoba/classfile/Opcode, FMUL, <Primordial,I> >"
"< Application, Ltoba/classfile/Opcode, DUPX1, <Primordial,I> >"
"< Application, Ltoba/jit/JITCodeGen, FA_intdiv, <Primordial,J> >"
"< Application, Ltoba/classfile/Opcode, IDIV, <Primordial,I> >"
"< Application, Ltoba/classfile/Opcode, AALOAD, <Primordial,I> >"
"< Application, Ltoba/translator/CFile, ninters, <Primordial,I> >"
"< Application, Ltoba/jit/JITCodeGen, FA_monitorenter, <Primordial,J> >"
"< Application, Ltoba/jit/JITCodeGen, FA_remdr, <Primordial,J> >"
"< Application, Ltoba/classfile/Opcode, DLOAD_3, <Primordial,I> >"
"< Application, Ltoba/jit/Intel86, CND_p, <Primordial,I> >"
"< Application, Ltoba/classfile/MethodCode, TMIT_undefined, <Primordial,I> >"
"< Application, Ltoba/classfile/Opcode, INEG, <Primordial,I> >"
"< Application, Ltoba/translator/HFile, hvnum, <Primordial,I> >"
"< Application, Ltoba/jit/Register, RV_bl, <Primordial,I> >"
"< Application, Ltoba/classfile/Opcode, GETS, <Primordial,I> >"
"< Application, Ltoba/classfile/Opcode, JSR, <Primordial,I> >"
"< Application, Ltoba/translator/Trans, cBufferSize, <Primordial,I> >"
"< Application, Ltoba/jit/JITCodeGen, FA_longcmp, <Primordial,J> >"
"< Application, Ltoba/classfile/Opcode, ALOAD_3, <Primordial,I> >"
"< Application, Ltoba/classfile/Opcode, IUSHR, <Primordial,I> >"
"< Application, Ltoba/classfile/Opcode, DALOAD, <Primordial,I> >"
"< Application, Ltoba/jit/JITCodeGen, R_ST3, <Application,Ltoba/jit/Register> >"
"< Application, Ltoba/translator/Trans, autodep, <Primordial,Z> >"
"< Application, Ltoba/classfile/Opcode, ICONST_1, <Primordial,I> >"
"< Application, Ltoba/classfile/Opcode, DSTORE_3, <Primordial,I> >"
"< Application, Ltoba/jit/JITCodeGen, FID_findhandler, <Primordial,I> >"
"< Application, Ltoba/translator/Trans, okToInstallPkgClasses, <Primordial,Z> >"
"< Application, Ltoba/classfile/Opcode, FSTORE_2, <Primordial,I> >"
"< Application, Ltoba/jit/JITCodeGen, FA_throwNPE, <Primordial,J> >"
"< Application, Ltoba/jit/JITCodeGen, IO_mcode_isresolved, <Application,Ltoba/jit/Immediate> >"
"< Application, Ltoba/jit/JITCodeGen, FID_mythread, <Primordial,I> >"
"< Application, Ltoba/jit/CodeBlock, brINITSwitchTable, <Primordial,I> >"
"< Application, Ltoba/classfile/Opcode, IF_ICMPGT, <Primordial,I> >"
"< Application, Ltoba/classfile/Opcode, INT2SHORT, <Primordial,I> >"
"< Application, Ltoba/jit/JITCodeGen, FA_vmnewarray, <Primordial,J> >"
"< Application, Ltoba/classfile/Opcode, FSTORE, <Primordial,I> >"
"< Application, Ltoba/classfile/ClassData, ACC_PUBLIC, <Primordial,I> >"
"< Application, Ltoba/jit/JITCodeGen, OID_mcode_isresolved, <Primordial,I> >"
"< Application, Ltoba/classfile/Opcode, PUTF, <Primordial,I> >"
"< Application, Ltoba/classfile/Opcode, LRETURN, <Primordial,I> >"
"< Application, Ltoba/classfile/Opcode, LSHR, <Primordial,I> >"
"< Application, Ltoba/classfile/Opcode, T_SHORT, <Primordial,I> >"
"< Application, Ltoba/classfile/Opcode, I32, <Primordial,I> >"
"< Application, Ltoba/classfile/Opcode, FALOAD, <Primordial,I> >"
"< Application, Ltoba/jit/JITCodeGen, OID_mythread_exception, <Primordial,I> >"
"< Application, Ltoba/jit/JITCodeGen, ARLV_insref, <Primordial,I> >"
"< Application, Ltoba/jit/Intel86, CND_ng, <Primordial,I> >"
"< Application, Ltoba/classfile/Opcode, FLOAD_2, <Primordial,I> >"
"< Application, Ltoba/runtime/Resolve, tabPrefix, <Application,Ljava/lang/String> >"
"< Application, Ltoba/classfile/Field, FT_double, <Primordial,C> >"
"< Application, Ltoba/classfile/Opcode, SWCH, <Primordial,I> >"
"< Application, Ltoba/translator/Trans, mainclass, <Application,Ljava/lang/String> >"
"< Application, Ltoba/classfile/Method, JVM_TYPES, <Application,Ljava/lang/String> >"
"< Application, Ltoba/classfile/Opcode, IF_ICMPLT, <Primordial,I> >"
"< Application, Ltoba/classfile/Opcode, GOTO_W, <Primordial,I> >"
"< Application, Ltoba/classfile/Opcode, IADD, <Primordial,I> >"
"< Application, Ltoba/classfile/Opcode, LCONST_1, <Primordial,I> >"
"< Application, Ltoba/translator/Trans, needmain, <Primordial,Z> >"
"< Application, Ltoba/classfile/Opcode, U16, <Primordial,I> >"
"< Application, Ltoba/jit/Intel86, CND_nb, <Primordial,I> >"
"< Application, Ltoba/jit/Register, RV_edi, <Primordial,I> >"
"< Application, Ltoba/classfile/Opcode, RETV, <Primordial,I> >"
"< Application, Ltoba/classfile/Opcode, IFGE, <Primordial,I> >"
"< Application, Ltoba/classfile/Opcode, LSTORE_1, <Primordial,I> >"
"< Application, Ltoba/classfile/ClassData, CDSRC_classfile, <Primordial,I> >"
"< Application, Ltoba/Lister, trace, <Primordial,Z> >"
"< Application, Ltoba/classfile/Opcode, IFNONNULL, <Primordial,I> >"
"< Application, Ltoba/classfile/Opcode, FDIV, <Primordial,I> >"
"< Application, Ltoba/runtime/ClassRT, IS_SETUP, <Primordial,I> >"
"< Application, Ltoba/jit/Register, R_bl, <Application,Ltoba/jit/Register> >"
"< Application, Ltoba/jit/CodeBlock, brFIELDLOAD, <Primordial,I> >"
"< Application, Ltoba/classfile/Opcode, LCONST_0, <Primordial,I> >"
"< Application, Ltoba/jit/JITCodeGen, FID_throwAIOBE, <Primordial,I> >"
"< Application, Ltoba/classfile/Names, alnums, <Application,Ljava/lang/String> >"
"< Application, Ltoba/classfile/Opcode, FLOAD_3, <Primordial,I> >"
"< Application, Ltoba/jit/Intel86, WFlag, <Primordial,I> >"
"< Application, Ltoba/classfile/ClassData, rts, <Application,Ljava/lang/Runtime> >"
"< Application, Ltoba/classfile/Opcode, FTOI, <Primordial,I> >"
"< Application, Ltoba/jit/Register, R_ST2, <Application,Ltoba/jit/Register> >"
"< Application, Ltoba/jit/Intel86, CND_a, <Primordial,I> >"
"< Application, Ltoba/translator/Repr, GCHARS_PER_CMMT, <Primordial,I> >"
"< Application, Ltoba/classfile/Opcode, ILOAD, <Primordial,I> >"
"< Application, Ltoba/runtime/CodeGen, generator, <Application,Ltoba/runtime/CodeGen> >"
"< Application, Ltoba/classfile/Names, hashchoices, <Primordial,I> >"
"< Application, Ltoba/jit/Intel86, CND_nge, <Primordial,I> >"
"< Application, Ltoba/jit/JITCodeGen, IO_mythread_jmpbuf, <Application,Ltoba/jit/Immediate> >"
"< Application, Ltoba/classfile/Opcode, FSTORE_0, <Primordial,I> >"
"< Application, Ltoba/jit/JITCodeGen, OID_mythread_jmpbuf, <Primordial,I> >"
"< Application, Ltoba/classfile/Opcode, BIPUSH, <Primordial,I> >"
"< Application, Ltoba/classfile/Opcode, DLOAD_0, <Primordial,I> >"
"< Application, Ltoba/jit/Intel86, CND_pe, <Primordial,I> >"
"< Application, Ltoba/classfile/Opcode, DDIV, <Primordial,I> >"
"< Application, Ltoba/classfile/Opcode, FADD, <Primordial,I> >"
"< Application, Ltoba/classfile/Opcode, table, <Application,[Ltoba/classfile/Opcode> >"
"< Application, Ltoba/classfile/Opcode, PC, <Primordial,I> >"
"< Application, Ltoba/classfile/Opcode, RETRN, <Primordial,I> >"
"< Application, Ltoba/classfile/Opcode, DCONST_1, <Primordial,I> >"
"< Application, Ltoba/jit/Register, RV_dh, <Primordial,I> >"
"< Application, Ltoba/classfile/Opcode, IINC, <Primordial,I> >"
"< Application, Ltoba/classfile/Opcode, ARRAYSTORE, <Primordial,I> >"
"< Application, Ltoba/jit/JITCodeGen, R_ST2, <Application,Ltoba/jit/Register> >"
"< Application, Ltoba/jit/JITCodeGen, FA_longmul, <Primordial,J> >"
"< Application, Ltoba/classfile/Opcode, ISTAT, <Primordial,I> >"
"< Application, Ltoba/jit/JITCodeGen, FA_dtol, <Primordial,J> >"
"< Application, Ltoba/classfile/Opcode, D2I, <Primordial,I> >"
"< Application, Ltoba/classfile/Opcode, ICONST_0, <Primordial,I> >"
"< Application, Ltoba/jit/JITCodeGen, R_eax, <Application,Ltoba/jit/Register> >"
"< Application, Ltoba/classfile/Opcode, DSTORE, <Primordial,I> >"
"< Application, Ltoba/classfile/Opcode, SALOAD, <Primordial,I> >"
"< Application, Ltoba/classfile/ClassData, ACC_VOLATILE, <Primordial,I> >"
"< Application, Ltoba/jit/JITCodeGen, IO_class_flags, <Application,Ltoba/jit/Immediate> >"
"< Application, Ltoba/classfile/Field, FT_float, <Primordial,C> >"
"< Application, Ltoba/jit/CodeBlock, brLOAD, <Primordial,I> >"
"< Application, Ltoba/classfile/Opcode, LALOAD, <Primordial,I> >"
"< Application, Ltoba/jit/JITCodeGen, IMM_3, <Application,Ltoba/jit/Immediate> >"
"< Application, Ltoba/classfile/Opcode, SHIFT, <Primordial,I> >"
"< Application, Ltoba/classfile/Field, FT_long, <Primordial,C> >"
"< Application, Ltoba/translator/Trans, retobaapi, <Primordial,Z> >"
"< Application, Ltoba/jit/Register, R_esi, <Application,Ltoba/jit/Register> >"
"< Application, Ltoba/classfile/Opcode, JSRI, <Primordial,I> >"
"< Application, Ltoba/classfile/Opcode, LDIV, <Primordial,I> >"
"< Application, Ltoba/jit/JITCodeGen, R_ecx, <Application,Ltoba/jit/Register> >"
"< Application, Ltoba/classfile/Constant, INTEGER, <Primordial,I> >"
"< Application, Ltoba/translator/Trans, PROGNAME, <Application,Ljava/lang/String> >"
"< Application, Ltoba/classfile/Opcode, ISHR, <Primordial,I> >"
"< Application, Ltoba/classfile/Opcode, LADD, <Primordial,I> >"
"< Application, Ltoba/classfile/Opcode, DCONST_0, <Primordial,I> >"
"< Application, Ltoba/classfile/Opcode, ASTORE_1, <Primordial,I> >"
"< Application, Ltoba/translator/Trans, dbgTemp, <Primordial,C> >"
"< Application, Ltoba/classfile/Opcode, NEWA, <Primordial,I> >"
"< Application, Ltoba/classfile/Opcode, DLOAD_1, <Primordial,I> >"
"< Application, Ltoba/jit/Intel86, OT_fpstack, <Primordial,I> >"
"< Application, Ltoba/jit/JITCodeGen, R_ST5, <Application,Ltoba/jit/Register> >"
"< Application, Ltoba/classfile/Opcode, DUPX2, <Primordial,I> >"
"< Application, Ltoba/classfile/Opcode, ISTORE_2, <Primordial,I> >"
"< Application, Ltoba/classfile/Opcode, BPOINT, <Primordial,I> >"
"< Application, Ltoba/classfile/Opcode, DREM, <Primordial,I> >"
"< Application, Ltoba/classfile/Opcode, LOR, <Primordial,I> >"
"< Application, Ltoba/jit/Register, R_ST5, <Application,Ltoba/jit/Register> >"
"< Application, Ltoba/classfile/Opcode, ICONST_M1, <Primordial,I> >"
"< Application, Ltoba/jit/CodeBlock, brLOADNatCl, <Primordial,I> >"
"< Application, Ltoba/classfile/Field, FT_void, <Primordial,C> >"
"< Application, Ltoba/classfile/Field, FT_byte, <Primordial,C> >"
"< Application, Ltoba/classfile/Opcode, INSTC, <Primordial,I> >"
"< Application, Ltoba/classfile/Names, HashMultName, <Primordial,I> >"
"< Application, Ltoba/jit/JITCodeGen, R_bl, <Application,Ltoba/jit/Register> >"
"< Application, Ltoba/classfile/Opcode, IFLT, <Primordial,I> >"
"< Application, Ltoba/classfile/Method, useUnextendedBasicBlocks, <Primordial,Z> >"
"< Application, Ltoba/classfile/Opcode, PUTS, <Primordial,I> >"
"< Application, Ltoba/classfile/Opcode, IASTOR, <Primordial,I> >"
"< Application, Ltoba/classfile/Opcode, DASTOR, <Primordial,I> >"
"< Application, Ltoba/classfile/ClassData, RES_NONE, <Primordial,I> >"
"< Application, Ltoba/jit/Register, R_ch, <Application,Ltoba/jit/Register> >"
"< Application, Ltoba/jit/Intel86, CND_e, <Primordial,I> >"
"< Application, Ltoba/classfile/Opcode, IF_ACMPNE, <Primordial,I> >"
"< Application, Ltoba/classfile/Opcode, DUP, <Primordial,I> >"
"< Application, Ltoba/classfile/Opcode, JSR_W, <Primordial,I> >"
"< Application, Ltoba/classfile/Opcode, T_FLOAT, <Primordial,I> >"
"< Application, Ltoba/classfile/ClassData, FLG_INTERFACE, <Primordial,I> >"
"< Application, Ltoba/classfile/ClassData, ACC_NATIVE, <Primordial,I> >"
"< Application, Ltoba/runtime/ClassRT, IS_ARRAY, <Primordial,I> >"
"< Application, Ltoba/classfile/Opcode, L2D, <Primordial,I> >"
"< Application, Ltoba/jit/JITCodeGen, FID_remdr, <Primordial,I> >"
"< Application, Ltoba/classfile/Opcode, SASTOR, <Primordial,I> >"
"< Application, Ltoba/classfile/Opcode, MEXIT, <Primordial,I> >"
"< Application, Ltoba/classfile/Constant, UNICODE, <Primordial,I> >"
"< Application, Ltoba/classfile/Opcode, STORE, <Primordial,I> >"
"< Application, Ltoba/jit/JITCodeGen, FA_longshift, <Primordial,J> >"
"< Application, Ltoba/classfile/Opcode, AASTOR, <Primordial,I> >"
"< Application, Ltoba/classfile/Opcode, DSTORE_2, <Primordial,I> >"
"< Application, Ltoba/jit/JITCodeGen, FA_timeSliceEnd, <Primordial,J> >"
"< Application, Ltoba/classfile/Opcode, IF_ICMPGE, <Primordial,I> >"
"< Application, Ltoba/classfile/Opcode, FNEG, <Primordial,I> >"
"< Application, Ltoba/classfile/Opcode, ALOAD_1, <Primordial,I> >"
"< Application, Ltoba/classfile/ClassData, ACC_INTERFACE, <Primordial,I> >"
"< Application, Ltoba/jit/JITCodeGen, FID_instanceof, <Primordial,I> >"
"< Application, Ltoba/jit/JITCodeGen, FA_initclass, <Primordial,J> >"
"< Application, Ltoba/jit/Register, RV_bh, <Primordial,I> >"
"< Application, Ltoba/jit/JITCodeGen, R_esp, <Application,Ltoba/jit/Register> >"
"< Application, Ltoba/classfile/Opcode, IFLE, <Primordial,I> >"
"< Application, Ltoba/classfile/Opcode, FSUB, <Primordial,I> >"
"< Application, Ltoba/jit/JITCodeGen, FA_throwNASE, <Primordial,J> >"
"< Application, Ltoba/jit/JITCodeGen, OID_mtgeneric_f, <Primordial,I> >"
"< Application, Ltoba/jit/JITCodeGen, FID_intdiv, <Primordial,I> >"
"< Application, Ltoba/jit/JITCodeGen, FA_instanceof, <Primordial,J> >"
"< Application, Ltoba/classfile/Opcode, FCMPG, <Primordial,I> >"
"< Application, Ltoba/classfile/Opcode, ILOAD_3, <Primordial,I> >"
"< Application, Ltoba/classfile/Opcode, CALOAD, <Primordial,I> >"
"< Application, Ltoba/jit/Intel86, OT_reg, <Primordial,I> >"
"< Application, Ltoba/jit/JITCodeGen, FA_throwCCE, <Primordial,J> >"
"< Application, Ltoba/jit/CodeBlock, brCALL, <Primordial,I> >"
"< Application, Ltoba/classfile/Opcode, NEW, <Primordial,I> >"
"< Application, Ltoba/jit/Register, R_ST7, <Application,Ltoba/jit/Register> >"
"< Application, Ltoba/jit/Register, R_cl, <Application,Ltoba/jit/Register> >"
"< Application, Ltoba/classfile/ClassData, CDSRC_tobaclass, <Primordial,I> >"
"< Application, Ltoba/jit/Register, R_ST1, <Application,Ltoba/jit/Register> >"
"< Application, Ltoba/classfile/Opcode, LXOR, <Primordial,I> >"
"< Application, Ltoba/jit/Register, RV_cl, <Primordial,I> >"
"< Application, Ltoba/classfile/Opcode, IF_ACMPEQ, <Primordial,I> >"
"< Application, Ltoba/jit/Intel86, CND_no, <Primordial,I> >"
"< Application, Ltoba/classfile/Opcode, DCMPL, <Primordial,I> >"
"< Application, Ltoba/classfile/Opcode, UNS, <Primordial,I> >"
"< Application, Ltoba/jit/Register, R_ST0, <Application,Ltoba/jit/Register> >"
"< Application, Ltoba/jit/JITCodeGen, OID_barray_length, <Primordial,I> >"
"< Application, Ltoba/classfile/ClassData, ACC_FINAL, <Primordial,I> >"
"< Application, Ltoba/classfile/Opcode, ILOAD_1, <Primordial,I> >"
"< Application, Ltoba/jit/JITCodeGen, IO_class_nsupers, <Application,Ltoba/jit/Immediate> >"
"< Application, Ltoba/jit/JITCodeGen, ARLV_tdata, <Primordial,I> >"
"< Application, Ltoba/jit/JITCodeGen, FA_athrow, <Primordial,J> >"
"< Application, Ltoba/classfile/Opcode, ALOAD_0, <Primordial,I> >"
"< Application, Ltoba/jit/Register, RV_esi, <Primordial,I> >"
"< Application, Ltoba/jit/Intel86, CND_g, <Primordial,I> >"
"< Application, Ltoba/jit/CodeBlock, brLOADCodeRel, <Primordial,I> >"
"< Application, Ltoba/jit/CodeBlock, brACALL, <Primordial,I> >"
"< Application, Ltoba/jit/JITCodeGen, MR_esp, <Application,Ltoba/jit/MemoryRef> >"
"< Application, Ltoba/jit/Register, R_edi, <Application,Ltoba/jit/Register> >"
"< Application, Ltoba/classfile/Opcode, FSTORE_1, <Primordial,I> >"
"< Application, Ltoba/classfile/Opcode, D2L, <Primordial,I> >"
"< Application, Ltoba/classfile/Names, nametable, <Application,Ljava/util/Hashtable> >"
"< Application, Ltoba/jit/JITCodeGen, FA_throwJITIntErr, <Primordial,J> >"
"< Application, Ltoba/jit/JITCodeGen, FID_longrem, <Primordial,I> >"
"< Application, Ltoba/jit/JITCodeGen, FID_dtoi, <Primordial,I> >"
"< Application, Ltoba/jit/JITCodeGen, ARLV_newbuf, <Primordial,I> >"
"< Application, Ltoba/classfile/Opcode, LSUB, <Primordial,I> >"
"< Application, Ltoba/jit/JITCodeGen, FID_sthread_got_exc, <Primordial,I> >"
"< Application, Ltoba/translator/Trans, mBufferSize, <Primordial,I> >"
"< Application, Ltoba/jit/JITCodeGen, FID_throwJITIntErr, <Primordial,I> >"
"< Application, Ltoba/classfile/ClassData, RES_CONSTANTS, <Primordial,I> >"
"< Application, Ltoba/classfile/Opcode, ISTORE, <Primordial,I> >"
"< Application, Ltoba/classfile/Opcode, NFT, <Primordial,I> >"
"< Application, Ltoba/jit/JITCodeGen, FID_long2d, <Primordial,I> >"
"< Application, Ltoba/translator/Trans, dbgAll, <Primordial,C> >"
"< Application, Ltoba/classfile/Opcode, ARETURN, <Primordial,I> >"
"< Application, Ltoba/classfile/Opcode, F2D, <Primordial,I> >"
"< Application, Ltoba/classfile/Opcode, D2X2, <Primordial,I> >"
"< Application, Ltoba/classfile/Names, charflags, <Primordial,[Z> >"
"< Application, Ltoba/translator/CFile, declared, <Application,Ljava/util/Hashtable> >"
"< Application, Ltoba/jit/Intel86, AR_EBP_SIZE, <Primordial,I> >"
"< Application, Ltoba/translator/Trans, packagedir, <Application,Ljava/lang/String> >"
"< Application, Ltoba/jit/JITCodeGen, R_ST0, <Application,Ltoba/jit/Register> >"
"< Application, Ltoba/jit/CodeBlock, brLOADDynNative, <Primordial,I> >"
"< Application, Ltoba/classfile/Opcode, DUP2, <Primordial,I> >"
"< Application, Ltoba/jit/JITCodeGen, R_ST7, <Application,Ltoba/jit/Register> >"
"< Application, Ltoba/classfile/Opcode, T_INT, <Primordial,I> >"
"< Application, Ltoba/classfile/ClassData, ACC_PRIVATE, <Primordial,I> >"
"< Application, Ltoba/jit/JITCodeGen, ARLV_pc, <Primordial,I> >"
"< Application, Ltoba/classfile/Opcode, POP2, <Primordial,I> >"
"< Application, Ltoba/classfile/Opcode, RET, <Primordial,I> >"
"< Application, Ltoba/jit/JITCodeGen, OID_class_supers, <Primordial,I> >"
"< Application, Ltoba/jit/JITCodeGen, excOheadOffs, <Primordial,[I> >"
"< Application, Ltoba/jit/JITCodeGen, FA_anewarray, <Primordial,J> >"
"< Application, Ltoba/jit/JITCodeGen, R_ST1, <Application,Ltoba/jit/Register> >"
"< Application, Ltoba/jit/JITCodeGen, FA_setjmp, <Primordial,J> >"
"< Application, Ltoba/classfile/Opcode, INST, <Primordial,I> >"
"< Application, Ltoba/jit/JITCodeGen, ARLV_oldbuf, <Primordial,I> >"
"< Application, Ltoba/jit/JITCodeGen, R_edi, <Application,Ltoba/jit/Register> >"
