"< Application, Ltoba/runtime/ClassRT, setStaticMethods(Ljava/lang/Class;[Ltoba/classfile/Field;[J)V >"
"< Application, Ltoba/runtime/ClassRT, setInstanceVariables(Ljava/lang/Class;[Ltoba/classfile/Field;[I)V >"
"< Application, Ltoba/translator/CFile, emitStaticFinalInit(Ljava/io/PrintWriter;Ltoba/classfile/ClassData;)Z >"
"< Application, Ltoba/translator/InsGen, stackAt(Ltoba/classfile/Instr;I)Ljava/lang/String; >"
"< Application, Ltoba/classfile/MethodCode, <clinit>()V >"
"< Application, Ltoba/classfile/Instr, dump(Ljava/io/PrintWriter;[Ltoba/classfile/Instr;)V >"
"< Application, Ltoba/runtime/ClassRT, updateMethodExceptionLists(Ltoba/classfile/ClassData;)V >"
"< Application, Ltoba/runtime/ClassRT, setClassInitializer(Ljava/lang/Class;J)V >"
"< Application, Ltoba/runtime/CodeGen, verifyRequirements()V >"
"< Application, Ltoba/runtime/ClassRT, setInstanceMethods(Ljava/lang/Class;[Ltoba/classfile/Field;[J)V >"
"< Application, Ltoba/translator/MethGen, syncwrap(Ljava/io/PrintWriter;Ltoba/classfile/Method;)V >"
"< Application, Ltoba/runtime/CodeGen, typeSpace(C)I >"
"< Application, Ltoba/classfile/Opcode, op(IIIILjava/lang/String;Ljava/lang/String;II)V >"
"< Application, Ltoba/runtime/CodeGen, baseSize()I >"
"< Application, Ltoba/jit/JIT, startMain(J[Ljava/lang/String;)V >"
"< Application, Ltoba/runtime/ClassRT, setSuperclasses(Ljava/lang/Class;[J)V >"
"< Application, Ltoba/classfile/Names, hashmethod(Ljava/lang/String;Ljava/lang/String;Ljava/lang/String;)Ljava/lang/String; >"
"< Application, Ltoba/classfile/ClassData, forClass(Ljava/lang/Class;)Ltoba/classfile/ClassData; >"
"< Application, Ltoba/jit/JITCodeGen, getFuncAddr(I)J >"
"< Application, Ltoba/runtime/ClassRT, setFinalizer(Ljava/lang/Class;J)V >"
"< Application, Ltoba/runtime/ClassRT, getMethodTEnt(Ljava/lang/Class;ZI)J >"
"< Application, Ltoba/translator/CFile, strdump(Ljava/io/PrintWriter;Ltoba/classfile/ClassData;)V >"
"< Application, Ltoba/runtime/CodeGen, typeAlignment(C)I >"
"< Application, Ltoba/classfile/ClassFile, find(Ljava/lang/String;)Ltoba/classfile/ClassFile; >"
"< Application, Ltoba/classfile/Names, <clinit>()V >"
"< Application, Ltoba/classfile/ClassRef, RegisterClassRef(Ltoba/classfile/ClassRef;)V >"
"< Application, Ltoba/runtime/ClassRT, getClassDataInternal(Ljava/lang/Class;)Ltoba/classfile/ClassData; >"
"< Application, Ltoba/jit/JITCodeGen, getOverheadSize()[I >"
"< Application, Ltoba/translator/CFile, strref(Ltoba/classfile/Constant;)I >"
"< Application, Ltoba/InstallClassFile, main([Ljava/lang/String;)V >"
"< Application, Ltoba/translator/Repr, ctype(C)Ljava/lang/String; >"
"< Application, Ltoba/translator/MethGen, minfo(Ljava/io/PrintWriter;Ltoba/classfile/Method;)V >"
"< Application, Ltoba/translator/Repr, con(Ltoba/classfile/Method;Ltoba/classfile/Constant;)Ljava/lang/String; >"
"< Application, Ltoba/translator/Supers, load(Ltoba/classfile/ClassData;)V >"
"< Application, Ltoba/runtime/ClassRT, setClassVariables(Ljava/lang/Class;[Ltoba/classfile/Field;[II)V >"
"< Application, Ltoba/translator/Trans, foreign(Ljava/io/File;)Z >"
"< Application, Ltoba/classfile/ClassRef, <clinit>()V >"
"< Application, Ltoba/runtime/CodeGen, setGenerator(Ltoba/runtime/CodeGen;)V >"
"< Application, Ltoba/translator/Repr, emitCharData(Ljava/io/PrintWriter;Ljava/lang/String;)V >"
"< Application, Ltoba/runtime/ClassRT, initClass(Ljava/lang/Class;)V >"
"< Application, Ltoba/translator/Trans, <clinit>()V >"
"< Application, Ltoba/classfile/Instr, i1([BI)I >"
"< Application, Ltoba/translator/Trans, debugging(C)Z >"
"< Application, Ltoba/jit/JITCodeGen, allocUncolMemory(I)J >"
"< Application, Ltoba/runtime/ClassRT, setFlags(Ljava/lang/Class;I)V >"
"< Application, Ltoba/runtime/Resolve, resolveClass(Ltoba/classfile/ClassData;Ljava/lang/ClassLoader;)V >"
"< Application, Ltoba/runtime/ClassRT, setConstructor(Ljava/lang/Class;J)V >"
"< Application, Ltoba/runtime/CodeGen, baseAlignment()I >"
"< Application, Ltoba/classfile/ClassData, forName(Ljava/lang/String;)Ltoba/classfile/ClassData; >"
"< Application, Ltoba/translator/InsGen, stacktop(Ltoba/classfile/Instr;)Ljava/lang/String; >"
"< Application, Ltoba/classfile/Names, hashinterface(Ljava/lang/String;Ljava/lang/String;)I >"
"< Application, Ltoba/jit/Intel86, emitByteArray([B)V >"
"< Application, Ltoba/classfile/Attribute, find([Ltoba/classfile/Attribute;Ljava/lang/String;)[B >"
"< Application, Ltoba/runtime/ClassRT, setInterfaces(Ljava/lang/Class;[JI)V >"
"< Application, Ltoba/jit/JITCodeGen, getArrayDataAddress(Ljava/lang/Object;)J >"
"< Application, Ltoba/translator/Trans, options([Ljava/lang/String;)V >"
"< Application, Ltoba/translator/HFile, ivfield(Ljava/io/PrintWriter;Ltoba/classfile/ClassData;)V >"
"< Application, Ltoba/runtime/CodeGen, pokeLong(JJ)V >"
"< Application, Ltoba/translator/ClassInstall, mkdir(Ljava/lang/String;)V >"
"< Application, Ltoba/runtime/Resolve, resolveClassRef(Ltoba/classfile/ClassRef;Ljava/lang/ClassLoader;)V >"
"< Application, Ltoba/translator/CFile, clname(Ljava/io/PrintWriter;Ltoba/classfile/ClassData;)V >"
"< Application, Ltoba/jit/CodeBlock, BS(II)Ljava/lang/String; >"
"< Application, Ltoba/runtime/ClassRT, getMTEntFuncPtr(J)J >"
"< Application, Ltoba/runtime/ClassRT, getInstanceVarOffset(Ljava/lang/Class;I)I >"
"< Application, Ltoba/classfile/ClassData, ClassDataInternal(Ltoba/classfile/ClassData;Ljava/lang/Class;)V >"
"< Application, Ltoba/jit/Intel86, <clinit>()V >"
"< Application, Ltoba/translator/CFile, cltables(Ljava/io/PrintWriter;Ltoba/classfile/ClassData;)V >"
"< Application, Ltoba/runtime/Resolve, <clinit>()V >"
"< Application, Ltoba/classfile/Names, toba_getSRAS(Ljava/lang/String;)Ljava/io/InputStream; >"
"< Application, Ltoba/classfile/Names, reserved(Ljava/lang/String;)Z >"
"< Application, Ltoba/jit/JITCodeGen, getNPprimclass(II)J >"
"< Application, Ltoba/translator/InsGen, ancestor(Ltoba/classfile/ClassData;Ljava/lang/String;)Z >"
"< Application, Ltoba/classfile/ClassFile, findInPath(Ljava/lang/String;Ljava/lang/String;Ljava/lang/String;)Ltoba/classfile/ClassFile; >"
"< Application, Ltoba/translator/ClassInstall, copy(Ljava/io/DataInputStream;Ljava/lang/String;)V >"
"< Application, Ltoba/runtime/ClassRT, setMethodAddr(Ljava/lang/Class;Ltoba/classfile/Field;J)V >"
"< Application, Ltoba/runtime/SystemClassLoader, invokeLoader(Ljava/lang/ClassLoader;Ljava/lang/String;Z)Ljava/lang/Class; >"
"< Application, Ltoba/classfile/Instr, u2([BI)I >"
"< Application, Ltoba/classfile/ClassData, getByNameLoader(Ljava/lang/String;Ljava/lang/ClassLoader;)Ltoba/classfile/ClassData; >"
"< Application, Ltoba/classfile/ClassData, forStream(Ljava/lang/ClassLoader;Ljava/io/DataInputStream;Z)Ltoba/classfile/ClassData; >"
"< Application, Ltoba/translator/InsGen, argindex(Ltoba/classfile/Instr;Ljava/lang/String;)I >"
"< Application, Ltoba/translator/InsGen, invoke(Ljava/io/PrintWriter;Ltoba/classfile/Instr;Ltoba/classfile/MethodRef;Ljava/lang/String;)V >"
"< Application, Ltoba/runtime/CodeGen, getNativeObjectAddr(Ljava/lang/Object;)J >"
"< Application, Ltoba/Lister, abort(Ljava/lang/String;)V >"
"< Application, Ltoba/classfile/IHash, mark(Ljava/lang/ClassLoader;Ltoba/classfile/ClassData;)V >"
"< Application, Ltoba/classfile/Constant, <clinit>()V >"
"< Application, Ltoba/translator/Trans, genmain(Ltoba/classfile/ClassData;)V >"
"< Application, Ltoba/runtime/CodeGen, getNativeSymbolAddress(Ljava/lang/String;)J >"
"< Application, Ltoba/runtime/Resolve, resolveClassName(Ljava/lang/String;Ljava/lang/ClassLoader;)Ljava/lang/Class; >"
"< Application, Ltoba/jit/CodeBlock, BV(Ljava/lang/String;I)I >"
"< Application, Ltoba/translator/CFile, hashprint(Ljava/io/PrintWriter;Ljava/lang/String;)V >"
"< Application, Ltoba/translator/Repr, simplefloat(D)Z >"
"< Application, Ltoba/runtime/ClassRT, setName(Ljava/lang/Class;Ljava/lang/String;)V >"
"< Application, Ltoba/jit/Intel86, OpType(Ljava/lang/Object;)I >"
"< Application, Ltoba/jit/JITCodeGen, <clinit>()V >"
"< Application, Ltoba/translator/InsGen, ckinstance(Ltoba/classfile/Instr;Ljava/lang/String;)Ljava/lang/String; >"
"< Application, Ltoba/translator/CFile, write(Ljava/io/PrintWriter;Ltoba/classfile/ClassData;)V >"
"< Application, Ltoba/jit/JITCodeGen, getFieldOffset(I)I >"
"< Application, Ltoba/runtime/ClassRT, setClassData(Ljava/lang/Class;Ltoba/classfile/ClassData;)V >"
"< Application, Ltoba/runtime/ClassRT, getFlags(Ljava/lang/Class;)I >"
"< Application, Ltoba/jit/CodeBlock, <clinit>()V >"
"< Application, Ltoba/translator/InsGen, igen(Ljava/io/PrintWriter;Ltoba/classfile/Method;Ltoba/classfile/Instr;)V >"
"< Application, Ltoba/classfile/IHash, collisions(Ljava/util/Vector;I)I >"
"< Application, Ltoba/runtime/Supers, resolveIfaceRefs(Ltoba/classfile/ClassData;Ljava/lang/ClassLoader;)V >"
"< Application, Ltoba/jit/Register, <clinit>()V >"
"< Application, Ltoba/classfile/Opcode, lookupOpcode(I)Ltoba/classfile/Opcode; >"
"< Application, Ltoba/jit/Immediate, valFitsByte(IZ)Z >"
"< Application, Ltoba/classfile/Instr, argwords(Ljava/lang/String;)I >"
"< Application, Ltoba/runtime/ClassRT, getClassVarAddr(Ljava/lang/Class;I)J >"
"< Application, Ltoba/jit/JIT, usage()V >"
"< Application, Ltoba/runtime/ClassRT, getMethodAddr(Ljava/lang/Class;Ltoba/classfile/Field;)J >"
"< Application, Ltoba/Lister, recursivelist(Ljava/lang/String;Ljava/lang/String;)V >"
"< Application, Ltoba/classfile/ClassRef, bySignature(Ljava/lang/String;)Ltoba/classfile/ClassRef; >"
"< Application, Ltoba/classfile/Instr, i2([BI)I >"
"< Application, Ltoba/translator/Trans, oopen(Ltoba/classfile/ClassData;Ljava/lang/String;I)Ljava/io/PrintWriter; >"
"< Application, Ltoba/translator/ClassInstall, install(Ljava/lang/String;Ljava/lang/String;Ljava/lang/String;)V >"
"< Application, Ltoba/classfile/Opcode, <clinit>()V >"
"< Application, Ltoba/classfile/IHash, setInTranslator(Z)Z >"
"< Application, Ltoba/jit/CodeBlock, copyNativeCode([BIJ)V >"
"< Application, Ltoba/jit/CodeBlock, allocNativeBlock(I)J >"
"< Application, Ltoba/translator/CFile, include(Ljava/io/PrintWriter;Ljava/lang/String;)V >"
"< Application, Ltoba/classfile/Instr, argstring(Ljava/lang/String;)Ljava/lang/String; >"
"< Application, Ltoba/jit/Intel86, fitsin8bit(I)Z >"
"< Application, Ltoba/classfile/Instr, regtype(Ljava/lang/String;)C >"
"< Application, Ltoba/runtime/SystemClassLoader, systemLoadClass(Ljava/lang/String;Z)Ljava/lang/Class; >"
"< Application, Ltoba/translator/InsGen, checkref(Ljava/io/PrintWriter;Ltoba/classfile/Instr;I)V >"
"< Application, Ltoba/runtime/ClassRT, getNativeClass(Ljava/lang/Class;)J >"
"< Application, Ltoba/translator/Trans, setdbg(Ljava/lang/String;)V >"
"< Application, Ltoba/runtime/ClassRT, setMTEntFuncPtr(JJ)V >"
"< Application, Ltoba/translator/InsGen, gengoto(Ljava/io/PrintWriter;Ltoba/classfile/Method;Ltoba/classfile/Instr;I)V >"
"< Application, Ltoba/translator/CFile, clstruct(Ljava/io/PrintWriter;Ltoba/classfile/ClassData;)V >"
"< Application, Ltoba/classfile/ClassData, addByNameLoader(Ljava/lang/String;Ljava/lang/ClassLoader;Ltoba/classfile/ClassData;)V >"
"< Application, Ltoba/Lister, main([Ljava/lang/String;)V >"
"< Application, Ltoba/translator/MethGen, lvinits(Ljava/io/PrintWriter;Ltoba/classfile/Method;)V >"
"< Application, Ltoba/jit/CodeBlock, BV(Ljava/lang/String;)I >"
"< Application, Ltoba/classfile/Instr, i4([BI)I >"
"< Application, Ltoba/translator/InsGen, assign(Ltoba/classfile/Instr;)Ljava/lang/String; >"
"< Application, Ltoba/classfile/ClassData, forStream(Ljava/lang/ClassLoader;Ljava/io/DataInputStream;)Ltoba/classfile/ClassData; >"
"< Application, Ltoba/translator/InsGen, target(Ltoba/classfile/Method;I)I >"
"< Application, Ltoba/translator/HFile, argtypes(Ltoba/classfile/Field;)Ljava/lang/String; >"
"< Application, Ltoba/classfile/Constant, load(Ljava/io/DataInputStream;)[Ltoba/classfile/Constant; >"
"< Application, Ltoba/jit/JIT, main([Ljava/lang/String;)V >"
"< Application, Ltoba/translator/Repr, isQuotable(C)Z >"
"< Application, Ltoba/classfile/Names, baseclass(Ljava/lang/String;)Ljava/lang/String; >"
"< Application, Ltoba/classfile/Names, idchar(C)Z >"
"< Application, Ltoba/classfile/ClassFile, open(Ljava/lang/String;Ljava/lang/String;)Ltoba/classfile/ClassFile; >"
"< Application, Ltoba/translator/MethGen, mgen(Ljava/io/PrintWriter;Ltoba/classfile/Method;)V >"
"< Application, Ltoba/translator/InsGen, stackvar(Ltoba/classfile/Instr;I)Ljava/lang/String; >"
"< Application, Ltoba/translator/Trans, main([Ljava/lang/String;)V >"
"< Application, Ltoba/Lister, printname(Ljava/lang/String;)V >"
"< Application, Ltoba/runtime/ClassRT, getArrayClass(Ljava/lang/Class;)Ljava/lang/Class; >"
"< Application, Ltoba/translator/MethGen, needSwitch(Ltoba/classfile/Method;)Z >"
"< Application, Ltoba/runtime/ClassRT, setHashTable(Ljava/lang/Class;I[Ltoba/classfile/Field;[J)V >"
"< Application, Ltoba/translator/Trans, doname(Ljava/lang/String;)V >"
"< Application, Ltoba/translator/CFile, supers(Ljava/io/PrintWriter;Ltoba/classfile/ClassData;)V >"
"< Application, Ltoba/runtime/ClassRT, setClassLoader(Ljava/lang/Class;Ljava/lang/ClassLoader;)V >"
"< Application, Ltoba/runtime/ClassRT, setReferencedClasses(Ljava/lang/Class;[J)V >"
"< Application, Ltoba/classfile/ClassData, <clinit>()V >"
"< Application, Ltoba/translator/MethGen, dclvars(Ljava/io/PrintWriter;Ltoba/classfile/Method;CZ)V >"
"< Application, Ltoba/translator/Trans, abort(Ljava/lang/String;)V >"
"< Application, Ltoba/classfile/Opcode, op(IIIILjava/lang/String;Ljava/lang/String;Ljava/lang/String;I)V >"
"< Application, Ltoba/runtime/CodeGen, pokeShort(JS)V >"
"< Application, Ltoba/translator/CFile, inters(Ljava/io/PrintWriter;Ltoba/classfile/ClassData;)V >"
"< Application, Ltoba/classfile/Names, classref(Ljava/lang/String;)Ljava/lang/String; >"
"< Application, Ltoba/translator/CFile, gfloats(Ljava/io/PrintWriter;[Ltoba/classfile/Constant;)V >"
"< Application, Ltoba/translator/CFile, hashgen(Ljava/io/PrintWriter;Ltoba/classfile/ClassData;)V >"
"< Application, Ltoba/runtime/ClassRT, getClassData(Ljava/lang/Class;)Ltoba/classfile/ClassData; >"
"< Application, Ltoba/classfile/Names, hashclass(Ljava/lang/String;)Ljava/lang/String; >"
"< Application, Ltoba/classfile/ClassRef, byName(Ljava/lang/String;)Ltoba/classfile/ClassRef; >"
"< Application, Ltoba/classfile/Instr, u1([BI)I >"
"< Application, Ltoba/runtime/ClassRT, getMethodTEnt(Ljava/lang/Class;Ltoba/classfile/Field;)J >"
"< Application, Ltoba/runtime/SystemClassLoader, findNativeClass(Ljava/lang/String;)Ljava/lang/Class; >"
"< Application, Ltoba/jit/JITCodeGen, Initialize()V >"
"< Application, Ltoba/classfile/Names, classfile(Ljava/lang/String;)Ljava/lang/String; >"
"< Application, Ltoba/translator/CFile, emitNamesSigs(Ljava/io/PrintWriter;Ljava/lang/String;[Ltoba/classfile/Field;)V >"
"< Application, Ltoba/runtime/ClassRT, setInstanceSize(Ljava/lang/Class;I)V >"
"< Application, Ltoba/jit/JITCodeGen, getStringAddress(Ljava/lang/String;)J >"
"< Application, Ltoba/translator/CFile, methodref(Ljava/io/PrintWriter;Ltoba/classfile/ClassData;Ljava/lang/String;Z)V >"
"< Application, Ltoba/Lister, listSystemClasses()V >"
"< Application, Ltoba/jit/Intel86, TestIntel86([Ljava/lang/String;)V >"
"< Application, Ltoba/translator/CFile, constructor(Ljava/io/PrintWriter;Ltoba/classfile/ClassData;)V >"
"< Application, Ltoba/translator/HFile, declare(Ljava/io/PrintWriter;Ltoba/classfile/Field;Ljava/lang/String;)V >"
"< Application, Ltoba/runtime/SystemClassLoader, loadPrimitiveClass(C)Ljava/lang/Class; >"
"< Application, Ltoba/classfile/IHash, hashlist(Ljava/lang/ClassLoader;Ltoba/classfile/ClassRef;)[I >"
"< Application, Ltoba/classfile/Names, csignature(Ljava/lang/String;)Ljava/lang/String; >"
"< Application, Ltoba/translator/CFile, methodsigs(Ljava/io/PrintWriter;Ltoba/classfile/ClassData;)V >"
"< Application, Ltoba/Lister, closeClassList([Ljava/lang/String;I)V >"
"< Application, Ltoba/classfile/Names, idstring(Ljava/lang/String;)Z >"
"< Application, Ltoba/translator/CFile, others(Ljava/io/PrintWriter;Ltoba/classfile/ClassData;)V >"
"< Application, Ltoba/runtime/CodeGen, pokeByte(JB)V >"
"< Application, Ltoba/translator/Repr, rettype(Ljava/lang/String;)Ljava/lang/String; >"
"< Application, Ltoba/runtime/CodeGen, pokeInt(JI)V >"
"< Application, Ltoba/runtime/ClassRT, setStringPool(Ljava/lang/Class;[Ljava/lang/String;)V >"
"< Application, Ltoba/translator/InsGen, stack2nd(Ltoba/classfile/Instr;)Ljava/lang/String; >"
"< Application, Ltoba/translator/HFile, write(Ljava/io/PrintWriter;Ltoba/classfile/ClassData;)V >"
"< Application, Ltoba/classfile/Constant, readUTF(Ljava/io/DataInput;)Ljava/lang/String; >"
"< Application, Ltoba/classfile/Names, hashvar(Ljava/lang/String;)Ljava/lang/String; >"
"< Application, Ltoba/classfile/Names, hashname(Ljava/lang/String;Ljava/lang/String;Ljava/lang/String;Ljava/lang/StringBuffer;)Ljava/lang/String; >"
"< Application, Ltoba/classfile/Constant, dump(Ljava/io/PrintWriter;[Ltoba/classfile/Constant;)V >"
"< Application, Ltoba/translator/MethGen, dclstack(Ljava/io/PrintWriter;Ltoba/classfile/Method;C)V >"
"< Application, Ltoba/runtime/ClassRT, allocateNativeClass(Ltoba/classfile/ClassData;III)Ljava/lang/Class; >"
"< Application, Ltoba/classfile/IHash, impls(Ltoba/classfile/ClassData;)Ljava/util/Vector; >"
"< Application, Ltoba/runtime/CodeGen, getGenerator()Ltoba/runtime/CodeGen; >"
"< Application, Ltoba/translator/MethGen, parmdecls(Ltoba/classfile/Method;)Ljava/lang/String; >"
"< Application, Ltoba/runtime/Supers, load(Ltoba/classfile/ClassData;Ljava/lang/ClassLoader;)V >"
"< Application, Ltoba/runtime/ClassRT, getElementClass(Ljava/lang/Class;)Ljava/lang/Class; >"
