"< Application, LEDU/oswego/cs/dl/util/concurrent/SynchronizedByte, multiply(B)B >"	"bb7"	[java_type_ref("<Primordial,Ljava/lang/Throwable>")]
"< Application, Lhedc/Messages, dlevel()I >"	"bb9"	[java_type_ref("<Primordial,Ljava/lang/SecurityException>")]
"< Application, LEDU/oswego/cs/dl/util/concurrent/SemaphoreControlledChannel, poll(J)Ljava/lang/Object; >"	"bb14"	[java_type_ref("<Primordial,Ljava/lang/ClassCastException>")]
"< Application, Lhedc/Tester, run()V >"	"bb32"	[java_type_ref("<Primordial,Ljava/lang/Exception>")]
"< Application, LEDU/oswego/cs/dl/util/concurrent/WaitableByte, commit(BB)Z >"	"bb9"	[java_type_ref("<Primordial,Ljava/lang/Throwable>")]
"< Application, LEDU/oswego/cs/dl/util/concurrent/SynchronizedShort, xor(S)S >"	"bb8"	[java_type_ref("<Primordial,Ljava/lang/Throwable>")]
"< Application, LEDU/oswego/cs/dl/util/concurrent/ReentrantLock, attempt(J)Z >"	"bb44"	[java_type_ref("<Primordial,Ljava/lang/Throwable>")]
"< Application, Lhedc/ethz/util/SerializePerformanceTest, makeData_(I)V >"	"bb18"	[java_type_ref("<Primordial,Ljava/lang/Exception>")]
"< Application, LEDU/oswego/cs/dl/util/concurrent/BoundedLinkedQueue, take()Ljava/lang/Object; >"	"bb21"	[java_type_ref("<Primordial,Ljava/lang/Throwable>")]
"< Application, LEDU/oswego/cs/dl/util/concurrent/BoundedBuffer, put(Ljava/lang/Object;)V >"	"bb23"	[java_type_ref("<Primordial,Ljava/lang/Throwable>")]
"< Application, LEDU/oswego/cs/dl/util/concurrent/WaitableLong, whenGreater(JLjava/lang/Runnable;)V >"	"bb12"	[java_type_ref("<Primordial,Ljava/lang/Throwable>")]
"< Application, LEDU/oswego/cs/dl/util/concurrent/SynchronizedLong, commit(JJ)Z >"	"bb11"	[java_type_ref("<Primordial,Ljava/lang/Throwable>")]
"< Application, Lhedc/ethz/util/Generator, getBuffer_(Ljava/lang/String;)[C >"	"bb8"	[java_type_ref("<Primordial,Ljava/lang/Throwable>")]
"< Application, Lhedc/ethz/util/Ftp, closeServer()V >"	"bb20"	[java_type_ref("<Primordial,Ljava/lang/Throwable>")]
"< Application, LEDU/oswego/cs/dl/util/concurrent/LinkedQueue, take()Ljava/lang/Object; >"	"bb22"	[java_type_ref("<Primordial,Ljava/lang/InterruptedException>")]
"< Application, LEDU/oswego/cs/dl/util/concurrent/WaitFreeQueue, peek()Ljava/lang/Object; >"	"bb22"	[java_type_ref("<Primordial,Ljava/lang/Throwable>")]
"< Application, LEDU/oswego/cs/dl/util/concurrent/SyncList, hashCode()I >"	"bb6"	[java_type_ref("<Primordial,Ljava/lang/Throwable>")]
"< Application, LEDU/oswego/cs/dl/util/concurrent/SynchronizedFloat, set(F)F >"	"bb7"	[java_type_ref("<Primordial,Ljava/lang/Throwable>")]
"< Application, Lhedc/ethz/util/EstimatorFactory, sync()V >"	"bb33"	[java_type_ref("<Primordial,Ljava/lang/Exception>")]
"< Application, LEDU/oswego/cs/dl/util/concurrent/WaitableShort, decrement()S >"	"bb8"	[java_type_ref("<Primordial,Ljava/lang/Throwable>")]
"< Application, LEDU/oswego/cs/dl/util/concurrent/CopyOnWriteArrayList$COWSubList, size()I >"	"bb7"	[java_type_ref("<Primordial,Ljava/lang/Throwable>")]
"< Application, LEDU/oswego/cs/dl/util/concurrent/SynchronizedLong, swap(LEDU/oswego/cs/dl/util/concurrent/SynchronizedLong;)J >"	"bb15"	[java_type_ref("<Primordial,Ljava/lang/Throwable>")]
"< Application, LEDU/oswego/cs/dl/util/concurrent/SyncList$SyncCollectionListIterator, add(Ljava/lang/Object;)V >"	"bb10"	[java_type_ref("<Primordial,Ljava/lang/Throwable>")]
"< Application, LEDU/oswego/cs/dl/util/concurrent/BoundedLinkedQueue, extract()Ljava/lang/Object; >"	"bb14"	[java_type_ref("<Primordial,Ljava/lang/Throwable>")]
"< Application, LEDU/oswego/cs/dl/util/concurrent/WaitableByte, whenGreater(BLjava/lang/Runnable;)V >"	"bb12"	[java_type_ref("<Primordial,Ljava/lang/Throwable>")]
"< Application, LEDU/oswego/cs/dl/util/concurrent/Mutex, acquire()V >"	"bb17"	[java_type_ref("<Primordial,Ljava/lang/Throwable>")]
"< Application, LEDU/oswego/cs/dl/util/concurrent/SyncList, set(ILjava/lang/Object;)Ljava/lang/Object; >"	"bb8"	[java_type_ref("<Primordial,Ljava/lang/Throwable>")]
"< Application, LEDU/oswego/cs/dl/util/concurrent/SynchronizedByte, increment()B >"	"bb7"	[java_type_ref("<Primordial,Ljava/lang/Throwable>")]
"< Application, LEDU/oswego/cs/dl/util/concurrent/BoundedBuffer, incEmptySlots()V >"	"bb9"	[java_type_ref("<Primordial,Ljava/lang/Throwable>")]
"< Application, Lhedc/ethz/util/Generator, putBuffer_(Ljava/lang/String;[C)V >"	"bb11"	[java_type_ref("<Primordial,Ljava/lang/Throwable>")]
"< Application, LEDU/oswego/cs/dl/util/concurrent/WaitableLong, set(J)J >"	"bb8"	[java_type_ref("<Primordial,Ljava/lang/Throwable>")]
"< Application, LEDU/oswego/cs/dl/util/concurrent/FJTaskRunner, run()V >"	"bb17"	[java_type_ref("<Primordial,Ljava/lang/Throwable>")]
"< Application, LEDU/oswego/cs/dl/util/concurrent/Mutex, acquire()V >"	"bb13"	[java_type_ref("<Primordial,Ljava/lang/InterruptedException>")]
"< Application, LEDU/oswego/cs/dl/util/concurrent/SynchronizedFloat, commit(FF)Z >"	"bb11"	[java_type_ref("<Primordial,Ljava/lang/Throwable>")]
"< Application, LEDU/oswego/cs/dl/util/concurrent/SynchronizedShort, swap(LEDU/oswego/cs/dl/util/concurrent/SynchronizedShort;)S >"	"bb19"	[java_type_ref("<Primordial,Ljava/lang/Throwable>")]
"< Application, Lhedc/SohoSynoptic, determineAttributes_(Ljava/util/Hashtable;Ljava/lang/String;)V >"	"bb57"	[java_type_ref("<Primordial,Ljava/lang/Exception>")]
"< Application, LEDU/oswego/cs/dl/util/concurrent/SynchronizedChar, commit(CC)Z >"	"bb11"	[java_type_ref("<Primordial,Ljava/lang/Throwable>")]
"< Application, LEDU/oswego/cs/dl/util/concurrent/SynchronizedChar, add(C)C >"	"bb7"	[java_type_ref("<Primordial,Ljava/lang/Throwable>")]
"< Application, LEDU/oswego/cs/dl/util/concurrent/SyncCollection, toArray()[Ljava/lang/Object; >"	"bb6"	[java_type_ref("<Primordial,Ljava/lang/Throwable>")]
"< Application, Lhedc/ethz/util/EtcUtil, copyFile(Ljava/io/File;Ljava/io/File;)Z >"	"bb19"	[java_type_ref("<Primordial,Ljava/lang/Exception>")]
"< Application, Ljavax/servlet/jsp/tagext/BodyContent, clearBody()V >"	"bb3"	[java_type_ref("<Primordial,Ljava/io/IOException>")]
"< Application, LEDU/oswego/cs/dl/util/concurrent/CondVar, await()V >"	"bb11"	[java_type_ref("<Primordial,Ljava/lang/InterruptedException>")]
"< Application, LEDU/oswego/cs/dl/util/concurrent/SynchronizedShort, get()S >"	"bb6"	[java_type_ref("<Primordial,Ljava/lang/Throwable>")]
"< Application, LEDU/oswego/cs/dl/util/concurrent/WaitableLong, whenNotEqual(JLjava/lang/Runnable;)V >"	"bb12"	[java_type_ref("<Primordial,Ljava/lang/Throwable>")]
"< Application, LEDU/oswego/cs/dl/util/concurrent/SyncMap, put(Ljava/lang/Object;Ljava/lang/Object;)Ljava/lang/Object; >"	"bb8"	[java_type_ref("<Primordial,Ljava/lang/Throwable>")]
"< Application, LEDU/oswego/cs/dl/util/concurrent/SynchronizedLong, negate()J >"	"bb8"	[java_type_ref("<Primordial,Ljava/lang/Throwable>")]
"< Application, LEDU/oswego/cs/dl/util/concurrent/CopyOnWriteArrayList$COWSubList, remove(I)Ljava/lang/Object; >"	"bb15"	[java_type_ref("<Primordial,Ljava/lang/Throwable>")]
"< Application, LEDU/oswego/cs/dl/util/concurrent/WaitFreeQueue, peek()Ljava/lang/Object; >"	"bb12"	[java_type_ref("<Primordial,Ljava/lang/Throwable>")]
"< Application, LEDU/oswego/cs/dl/util/concurrent/LinkedQueue, poll(J)Ljava/lang/Object; >"	"bb32"	[java_type_ref("<Primordial,Ljava/lang/Throwable>")]
"< Application, LEDU/oswego/cs/dl/util/concurrent/SyncList, lastIndexOf(Ljava/lang/Object;)I >"	"bb6"	[java_type_ref("<Primordial,Ljava/lang/Throwable>")]
"< Application, LEDU/oswego/cs/dl/util/concurrent/SynchronizedBoolean, commit(ZZ)Z >"	"bb11"	[java_type_ref("<Primordial,Ljava/lang/Throwable>")]
"< Application, LEDU/oswego/cs/dl/util/concurrent/SynchronizedShort, subtract(S)S >"	"bb7"	[java_type_ref("<Primordial,Ljava/lang/Throwable>")]
"< Application, LEDU/oswego/cs/dl/util/concurrent/WaitableChar, whenEqual(CLjava/lang/Runnable;)V >"	"bb12"	[java_type_ref("<Primordial,Ljava/lang/Throwable>")]
"< Application, LEDU/oswego/cs/dl/util/concurrent/SynchronizedChar, multiply(C)C >"	"bb7"	[java_type_ref("<Primordial,Ljava/lang/Throwable>")]
"< Application, LEDU/oswego/cs/dl/util/concurrent/CondVar, timedwait(J)Z >"	"bb37"	[java_type_ref("<Primordial,Ljava/lang/InterruptedException>")]
"< Application, LEDU/oswego/cs/dl/util/concurrent/WaitableShort, set(S)S >"	"bb8"	[java_type_ref("<Primordial,Ljava/lang/Throwable>")]
"< Application, Lhedc/MetaSearchResult, cloneTask(Lhedc/MetaSearchResult;)Lhedc/MetaSearchResult; >"	"bb6"	[java_type_ref("<Primordial,Ljava/lang/CloneNotSupportedException>")]
"< Application, LEDU/oswego/cs/dl/util/concurrent/CountDown, acquire()V >"	"bb13"	[java_type_ref("<Primordial,Ljava/lang/Throwable>")]
"< Application, LEDU/oswego/cs/dl/util/concurrent/SynchronizedByte, set(B)B >"	"bb7"	[java_type_ref("<Primordial,Ljava/lang/Throwable>")]
"< Application, LEDU/oswego/cs/dl/util/concurrent/SynchronizedInt, divide(I)I >"	"bb8"	[java_type_ref("<Primordial,Ljava/lang/Throwable>")]
"< Application, LEDU/oswego/cs/dl/util/concurrent/CondVar, timedwait(J)Z >"	"bb28"	[java_type_ref("<Primordial,Ljava/lang/InterruptedException>")]
"< Application, LEDU/oswego/cs/dl/util/concurrent/BoundedLinkedQueue, peek()Ljava/lang/Object; >"	"bb11"	[java_type_ref("<Primordial,Ljava/lang/Throwable>")]
"< Application, Lhedc/ethz/util/SmartRef, length()J >"	"bb20"	[java_type_ref("<Primordial,Ljava/io/IOException>")]
"< Application, Lhedc/PooledExecutorWithInvalidate$Worker, run()V >"	"bb5"	[java_type_ref("<Primordial,Ljava/lang/Exception>")]
"< Application, LEDU/oswego/cs/dl/util/concurrent/SynchronizedLong, multiply(J)J >"	"bb7"	[java_type_ref("<Primordial,Ljava/lang/Throwable>")]
"< Application, LEDU/oswego/cs/dl/util/concurrent/SynchronizedBoolean, get()Z >"	"bb6"	[java_type_ref("<Primordial,Ljava/lang/Throwable>")]
"< Application, LEDU/oswego/cs/dl/util/concurrent/WaitableDouble, whenGreaterEqual(DLjava/lang/Runnable;)V >"	"bb12"	[java_type_ref("<Primordial,Ljava/lang/Throwable>")]
"< Application, LEDU/oswego/cs/dl/util/concurrent/FJTaskRunnerGroup$InvokableFJTask, run()V >"	"bb12"	[java_type_ref("<Primordial,Ljava/lang/Throwable>")]
"< Application, LEDU/oswego/cs/dl/util/concurrent/WaitableLong, add(J)J >"	"bb8"	[java_type_ref("<Primordial,Ljava/lang/Throwable>")]
"< Application, LEDU/oswego/cs/dl/util/concurrent/WaitableRef, commit(Ljava/lang/Object;Ljava/lang/Object;)Z >"	"bb9"	[java_type_ref("<Primordial,Ljava/lang/Throwable>")]
"< Application, LEDU/oswego/cs/dl/util/concurrent/SyncList$SyncCollectionListIterator, set(Ljava/lang/Object;)V >"	"bb15"	[java_type_ref("<Primordial,Ljava/lang/InterruptedException>")]
"< Application, LEDU/oswego/cs/dl/util/concurrent/WaitableFloat, whenLess(FLjava/lang/Runnable;)V >"	"bb12"	[java_type_ref("<Primordial,Ljava/lang/Throwable>")]
"< Application, LEDU/oswego/cs/dl/util/concurrent/LayeredSync, attempt(J)Z >"	"bb17"	[java_type_ref("<Primordial,Ljava/lang/InterruptedException>")]
"< Application, LEDU/oswego/cs/dl/util/concurrent/BoundedBuffer, poll(J)Ljava/lang/Object; >"	"bb25"	[java_type_ref("<Primordial,Ljava/lang/Throwable>")]
"< Application, Lhedc/ethz/util/SmartRef, getInputStream()Ljava/io/InputStream; >"	"bb13"	[java_type_ref("<Primordial,Ljava/lang/Exception>")]
"< Application, LEDU/oswego/cs/dl/util/concurrent/BoundedLinkedQueue, isEmpty()Z >"	"bb10"	[java_type_ref("<Primordial,Ljava/lang/Throwable>")]
"< Application, LEDU/oswego/cs/dl/util/concurrent/SynchronizedDouble, get()D >"	"bb6"	[java_type_ref("<Primordial,Ljava/lang/Throwable>")]
"< Application, LEDU/oswego/cs/dl/util/concurrent/SyncCollection, isEmpty()Z >"	"bb6"	[java_type_ref("<Primordial,Ljava/lang/Throwable>")]
"< Application, LEDU/oswego/cs/dl/util/concurrent/SyncMap, keySet()Ljava/util/Set; >"	"bb14"	[java_type_ref("<Primordial,Ljava/lang/Throwable>")]
"< Application, LEDU/oswego/cs/dl/util/concurrent/SyncCollection, clear()V >"	"bb12"	[java_type_ref("<Primordial,Ljava/lang/InterruptedException>")]
"< Application, Lhedc/regexp/RegexpCompiler, compileAlternative(Lhedc/regexp/CompilerState;Lhedc/regexp/Regexp;)Lhedc/regexp/Regexp; >"	"bb94"	[java_type_ref("<Primordial,Ljava/lang/Exception>")]
"< Application, LEDU/oswego/cs/dl/util/concurrent/LinkedQueue, insert(Ljava/lang/Object;)V >"	"bb12"	[java_type_ref("<Primordial,Ljava/lang/Throwable>")]
"< Application, LEDU/oswego/cs/dl/util/concurrent/ReentrantLock, acquire()V >"	"bb24"	[java_type_ref("<Primordial,Ljava/lang/Throwable>")]
"< Application, LEDU/oswego/cs/dl/util/concurrent/WaitableShort, whenNotEqual(SLjava/lang/Runnable;)V >"	"bb12"	[java_type_ref("<Primordial,Ljava/lang/Throwable>")]
"< Application, LEDU/oswego/cs/dl/util/concurrent/SyncCollection, retainAll(Ljava/util/Collection;)Z >"	"bb11"	[java_type_ref("<Primordial,Ljava/lang/InterruptedException>")]
"< Application, LEDU/oswego/cs/dl/util/concurrent/WaitableLong, increment()J >"	"bb8"	[java_type_ref("<Primordial,Ljava/lang/Throwable>")]
"< Application, LEDU/oswego/cs/dl/util/concurrent/WaitableByte, multiply(B)B >"	"bb8"	[java_type_ref("<Primordial,Ljava/lang/Throwable>")]
"< Application, LEDU/oswego/cs/dl/util/concurrent/WaitableDouble, subtract(D)D >"	"bb8"	[java_type_ref("<Primordial,Ljava/lang/Throwable>")]
"< Application, LEDU/oswego/cs/dl/util/concurrent/SyncCollection, containsAll(Ljava/util/Collection;)Z >"	"bb6"	[java_type_ref("<Primordial,Ljava/lang/Throwable>")]
"< Application, LEDU/oswego/cs/dl/util/concurrent/BoundedLinkedQueue, offer(Ljava/lang/Object;J)Z >"	"bb42"	[java_type_ref("<Primordial,Ljava/lang/Throwable>")]
"< Application, LEDU/oswego/cs/dl/util/concurrent/WaitableByte, whenLess(BLjava/lang/Runnable;)V >"	"bb12"	[java_type_ref("<Primordial,Ljava/lang/Throwable>")]
"< Application, LEDU/oswego/cs/dl/util/concurrent/SynchronizedByte, negate()B >"	"bb8"	[java_type_ref("<Primordial,Ljava/lang/Throwable>")]
"< Application, LEDU/oswego/cs/dl/util/concurrent/WaitableLong, subtract(J)J >"	"bb8"	[java_type_ref("<Primordial,Ljava/lang/Throwable>")]
"< Application, LEDU/oswego/cs/dl/util/concurrent/SynchronizedShort, decrement()S >"	"bb7"	[java_type_ref("<Primordial,Ljava/lang/Throwable>")]
"< Application, LEDU/oswego/cs/dl/util/concurrent/SynchronizedByte, add(B)B >"	"bb7"	[java_type_ref("<Primordial,Ljava/lang/Throwable>")]
"< Application, LEDU/oswego/cs/dl/util/concurrent/WaitableLong, multiply(J)J >"	"bb8"	[java_type_ref("<Primordial,Ljava/lang/Throwable>")]
"< Application, LEDU/oswego/cs/dl/util/concurrent/WaitableShort, increment()S >"	"bb8"	[java_type_ref("<Primordial,Ljava/lang/Throwable>")]
"< Application, LEDU/oswego/cs/dl/util/concurrent/BoundedLinkedQueue, offer(Ljava/lang/Object;J)Z >"	"bb33"	[java_type_ref("<Primordial,Ljava/lang/InterruptedException>")]
"< Application, Lhedc/ethz/util/URLConnectionReader, main([Ljava/lang/String;)V >"	"bb10"	[java_type_ref("<Primordial,Ljava/lang/Exception>")]
"< Application, LEDU/oswego/cs/dl/util/concurrent/PropertyChangeMulticaster, addPropertyChangeListener(Ljava/lang/String;Ljava/beans/PropertyChangeListener;)V >"	"bb25"	[java_type_ref("<Primordial,Ljava/lang/Throwable>")]
"< Application, LEDU/oswego/cs/dl/util/concurrent/SyncList$SyncCollectionListIterator, previous()Ljava/lang/Object; >"	"bb8"	[java_type_ref("<Primordial,Ljava/lang/Throwable>")]
"< Application, LEDU/oswego/cs/dl/util/concurrent/WaitableShort, subtract(S)S >"	"bb8"	[java_type_ref("<Primordial,Ljava/lang/Throwable>")]
"< Application, LEDU/oswego/cs/dl/util/concurrent/SynchronizedByte, xor(B)B >"	"bb8"	[java_type_ref("<Primordial,Ljava/lang/Throwable>")]
"< Application, LEDU/oswego/cs/dl/util/concurrent/SyncMap, clear()V >"	"bb12"	[java_type_ref("<Primordial,Ljava/lang/InterruptedException>")]
"< Application, LEDU/oswego/cs/dl/util/concurrent/SynchronizedLong, and(J)J >"	"bb8"	[java_type_ref("<Primordial,Ljava/lang/Throwable>")]
"< Application, LEDU/oswego/cs/dl/util/concurrent/SyncCollection$SyncCollectionIterator, hasNext()Z >"	"bb8"	[java_type_ref("<Primordial,Ljava/lang/Throwable>")]
"< Application, LEDU/oswego/cs/dl/util/concurrent/WaitableShort, whenEqual(SLjava/lang/Runnable;)V >"	"bb12"	[java_type_ref("<Primordial,Ljava/lang/Throwable>")]
"< Application, Lhedc/regexp/Regexp, match(Lhedc/regexp/State;)Z >"	"bb9"	[java_type_ref("<Primordial,Ljava/lang/StringIndexOutOfBoundsException>")]
"< Application, Lhedc/Tester, run()V >"	"bb52"	[java_type_ref("<Primordial,Ljava/lang/Exception>")]
"< Application, Lhedc/ethz/util/SmartRef, extractPortNo_(Ljava/lang/String;)I >"	"bb18"	[java_type_ref("<Primordial,Ljava/lang/Exception>")]
"< Application, LEDU/oswego/cs/dl/util/concurrent/CountDown, attempt(J)Z >"	"bb25"	[java_type_ref("<Primordial,Ljava/lang/Throwable>")]
"< Application, Lhedc/ethz/util/Generator, getBuffer_()[C >"	"bb14"	[java_type_ref("<Primordial,Ljava/lang/Throwable>")]
"< Application, LEDU/oswego/cs/dl/util/concurrent/WaitableByte, whenEqual(BLjava/lang/Runnable;)V >"	"bb12"	[java_type_ref("<Primordial,Ljava/lang/Throwable>")]
"< Application, LEDU/oswego/cs/dl/util/concurrent/WriterPreferenceReadWriteLock$WriterLock, acquire()V >"	"bb17"	[java_type_ref("<Primordial,Ljava/lang/InterruptedException>")]
"< Application, LEDU/oswego/cs/dl/util/concurrent/WriterPreferenceReadWriteLock$ReaderLock, attempt(J)Z >"	"bb21"	[java_type_ref("<Primordial,Ljava/lang/InterruptedException>")]
"< Application, LEDU/oswego/cs/dl/util/concurrent/BoundedLinkedQueue, poll(J)Ljava/lang/Object; >"	"bb27"	[java_type_ref("<Primordial,Ljava/lang/Throwable>")]
"< Application, LEDU/oswego/cs/dl/util/concurrent/FJTaskRunnerGroup, checkActive(LEDU/oswego/cs/dl/util/concurrent/FJTaskRunner;J)V >"	"bb17"	[java_type_ref("<Primordial,Ljava/lang/InterruptedException>")]
"< Application, LEDU/oswego/cs/dl/util/concurrent/SynchronizedDouble, add(D)D >"	"bb7"	[java_type_ref("<Primordial,Ljava/lang/Throwable>")]
"< Application, LEDU/oswego/cs/dl/util/concurrent/SyncSortedSet, tailSet(Ljava/lang/Object;)Ljava/util/SortedSet; >"	"bb10"	[java_type_ref("<Primordial,Ljava/lang/Throwable>")]
"< Application, LEDU/oswego/cs/dl/util/concurrent/SynchronizedChar, subtract(C)C >"	"bb7"	[java_type_ref("<Primordial,Ljava/lang/Throwable>")]
"< Application, LEDU/oswego/cs/dl/util/concurrent/SynchronizedInt, multiply(I)I >"	"bb7"	[java_type_ref("<Primordial,Ljava/lang/Throwable>")]
"< Application, LEDU/oswego/cs/dl/util/concurrent/WaitFreeQueue, extract()Ljava/lang/Object; >"	"bb24"	[java_type_ref("<Primordial,Ljava/lang/Throwable>")]
"< Application, LEDU/oswego/cs/dl/util/concurrent/QueuedSemaphore$WaitQueue$WaitNode, doWait(LEDU/oswego/cs/dl/util/concurrent/QueuedSemaphore;)V >"	"bb8"	[java_type_ref("<Primordial,Ljava/lang/InterruptedException>")]
"< Application, Lhedc/ethz/util/RmiLogger, writePreamble_()V >"	"bb21"	[java_type_ref("<Primordial,Ljava/lang/Exception>")]
"< Application, LEDU/oswego/cs/dl/util/concurrent/ReentrantLock, attempt(J)Z >"	"bb42"	[java_type_ref("<Primordial,Ljava/lang/InterruptedException>")]
"< Application, LEDU/oswego/cs/dl/util/concurrent/VetoableChangeMulticaster, multicast(Ljava/beans/PropertyChangeEvent;)V >"	"bb25"	[java_type_ref("<Primordial,Ljava/beans/PropertyVetoException>")]
"< Application, Lhedc/ethz/util/SmartRef, exists()Z >"	"bb41"	[java_type_ref("<Primordial,Ljava/io/IOException>")]
"< Application, LEDU/oswego/cs/dl/util/concurrent/SynchronizedLong, decrement()J >"	"bb7"	[java_type_ref("<Primordial,Ljava/lang/Throwable>")]
"< Application, LEDU/oswego/cs/dl/util/concurrent/SynchronizedInt, get()I >"	"bb6"	[java_type_ref("<Primordial,Ljava/lang/Throwable>")]
"< Application, LEDU/oswego/cs/dl/util/concurrent/SyncSortedMap, firstKey()Ljava/lang/Object; >"	"bb6"	[java_type_ref("<Primordial,Ljava/lang/Throwable>")]
"< Application, LEDU/oswego/cs/dl/util/concurrent/PropertyChangeMulticaster, hasListeners(Ljava/lang/String;)Z >"	"bb20"	[java_type_ref("<Primordial,Ljava/lang/Throwable>")]
"< Application, Lhedc/ethz/util/Messages, format(Ljava/lang/String;Ljava/lang/Object;)Ljava/lang/String; >"	"bb14"	[java_type_ref("<Primordial,Ljava/lang/Exception>")]
"< Application, LEDU/oswego/cs/dl/util/concurrent/SyncCollection, addAll(Ljava/util/Collection;)Z >"	"bb11"	[java_type_ref("<Primordial,Ljava/lang/InterruptedException>")]
"< Application, LEDU/oswego/cs/dl/util/concurrent/WaitableInt, increment()I >"	"bb8"	[java_type_ref("<Primordial,Ljava/lang/Throwable>")]
"< Application, LEDU/oswego/cs/dl/util/concurrent/SyncMap, values()Ljava/util/Collection; >"	"bb14"	[java_type_ref("<Primordial,Ljava/lang/Throwable>")]
"< Application, LEDU/oswego/cs/dl/util/concurrent/PooledExecutor, interruptAll()V >"	"bb16"	[java_type_ref("<Primordial,Ljava/lang/Throwable>")]
"< Application, LEDU/oswego/cs/dl/util/concurrent/SyncMap, containsValue(Ljava/lang/Object;)Z >"	"bb6"	[java_type_ref("<Primordial,Ljava/lang/Throwable>")]
"< Application, LEDU/oswego/cs/dl/util/concurrent/SynchronizedInt, add(I)I >"	"bb7"	[java_type_ref("<Primordial,Ljava/lang/Throwable>")]
"< Application, LEDU/oswego/cs/dl/util/concurrent/WaitableDouble, commit(DD)Z >"	"bb9"	[java_type_ref("<Primordial,Ljava/lang/Throwable>")]
"< Application, Lhedc/Rag$RagIterator, next()Ljava/lang/Object; >"	"bb18"	[java_type_ref("<Primordial,Ljava/lang/Exception>")]
"< Application, LEDU/oswego/cs/dl/util/concurrent/SynchronizedInt, set(I)I >"	"bb7"	[java_type_ref("<Primordial,Ljava/lang/Throwable>")]
"< Application, LEDU/oswego/cs/dl/util/concurrent/WaitableFloat, commit(FF)Z >"	"bb9"	[java_type_ref("<Primordial,Ljava/lang/Throwable>")]
"< Application, LEDU/oswego/cs/dl/util/concurrent/PropertyChangeMulticaster, multicast(Ljava/beans/PropertyChangeEvent;)V >"	"bb14"	[java_type_ref("<Primordial,Ljava/lang/Throwable>")]
"< Application, Lhedc/ethz/util/RmiLogger, writeEpilogue_()V >"	"bb15"	[java_type_ref("<Primordial,Ljava/lang/Exception>")]
"< Application, LEDU/oswego/cs/dl/util/concurrent/SynchronizedRef, swap(LEDU/oswego/cs/dl/util/concurrent/SynchronizedRef;)Ljava/lang/Object; >"	"bb19"	[java_type_ref("<Primordial,Ljava/lang/Throwable>")]
"< Application, LEDU/oswego/cs/dl/util/concurrent/WriterPreferenceReadWriteLock$ReaderLock, attempt(J)Z >"	"bb36"	[java_type_ref("<Primordial,Ljava/lang/Throwable>")]
"< Application, Lhedc/Tester, run()V >"	"bb41"	[java_type_ref("<Primordial,Ljava/lang/Exception>")]
"< Application, LEDU/oswego/cs/dl/util/concurrent/CopyOnWriteArrayList$COWSubList, listIterator(I)Ljava/util/ListIterator; >"	"bb22"	[java_type_ref("<Primordial,Ljava/lang/Throwable>")]
"< Application, Ljavax/servlet/http/HttpServlet, service(Ljavax/servlet/ServletRequest;Ljavax/servlet/ServletResponse;)V >"	"bb4"	[java_type_ref("<Primordial,Ljava/lang/ClassCastException>")]
"< Application, LEDU/oswego/cs/dl/util/concurrent/SyncMap, putAll(Ljava/util/Map;)V >"	"bb12"	[java_type_ref("<Primordial,Ljava/lang/InterruptedException>")]
"< Application, LEDU/oswego/cs/dl/util/concurrent/SyncMap, equals(Ljava/lang/Object;)Z >"	"bb6"	[java_type_ref("<Primordial,Ljava/lang/Throwable>")]
"< Application, LEDU/oswego/cs/dl/util/concurrent/SyncCollection, remove(Ljava/lang/Object;)Z >"	"bb8"	[java_type_ref("<Primordial,Ljava/lang/Throwable>")]
"< Application, LEDU/oswego/cs/dl/util/concurrent/LinkedQueue, insert(Ljava/lang/Object;)V >"	"bb20"	[java_type_ref("<Primordial,Ljava/lang/Throwable>")]
"< Application, LEDU/oswego/cs/dl/util/concurrent/WaitableByte, increment()B >"	"bb8"	[java_type_ref("<Primordial,Ljava/lang/Throwable>")]
"< Application, LEDU/oswego/cs/dl/util/concurrent/WaitableBoolean, whenEqual(ZLjava/lang/Runnable;)V >"	"bb12"	[java_type_ref("<Primordial,Ljava/lang/Throwable>")]
"< Application, LEDU/oswego/cs/dl/util/concurrent/BoundedLinkedQueue, offer(Ljava/lang/Object;J)Z >"	"bb37"	[java_type_ref("<Primordial,Ljava/lang/Throwable>")]
"< Application, LEDU/oswego/cs/dl/util/concurrent/SynchronizedShort, and(S)S >"	"bb8"	[java_type_ref("<Primordial,Ljava/lang/Throwable>")]
"< Application, Lhedc/FormFiller, internalize(Ljava/lang/String;)[C >"	"bb54"	[java_type_ref("<Primordial,Ljava/io/IOException>")]
"< Application, LEDU/oswego/cs/dl/util/concurrent/SyncList, add(ILjava/lang/Object;)V >"	"bb12"	[java_type_ref("<Primordial,Ljava/lang/InterruptedException>")]
"< Application, LEDU/oswego/cs/dl/util/concurrent/SynchronizedBoolean, or(Z)Z >"	"bb8"	[java_type_ref("<Primordial,Ljava/lang/Throwable>")]
"< Application, LEDU/oswego/cs/dl/util/concurrent/WaitableByte, whenNotEqual(BLjava/lang/Runnable;)V >"	"bb12"	[java_type_ref("<Primordial,Ljava/lang/Throwable>")]
"< Application, LEDU/oswego/cs/dl/util/concurrent/SynchronizedShort, set(S)S >"	"bb7"	[java_type_ref("<Primordial,Ljava/lang/Throwable>")]
"< Application, LEDU/oswego/cs/dl/util/concurrent/SynchronizedInt, xor(I)I >"	"bb8"	[java_type_ref("<Primordial,Ljava/lang/Throwable>")]
"< Application, LEDU/oswego/cs/dl/util/concurrent/BoundedLinkedQueue, poll(J)Ljava/lang/Object; >"	"bb24"	[java_type_ref("<Primordial,Ljava/lang/InterruptedException>")]
"< Application, LEDU/oswego/cs/dl/util/concurrent/WaitableRef, set(Ljava/lang/Object;)Ljava/lang/Object; >"	"bb8"	[java_type_ref("<Primordial,Ljava/lang/Throwable>")]
"< Application, LEDU/oswego/cs/dl/util/concurrent/SynchronizedRef, set(Ljava/lang/Object;)Ljava/lang/Object; >"	"bb7"	[java_type_ref("<Primordial,Ljava/lang/Throwable>")]
"< Application, LEDU/oswego/cs/dl/util/concurrent/FJTaskRunnerGroup, executeTask(LEDU/oswego/cs/dl/util/concurrent/FJTask;)V >"	"bb5"	[java_type_ref("<Primordial,Ljava/lang/InterruptedException>")]
"< Application, LEDU/oswego/cs/dl/util/concurrent/CondVar, timedwait(J)Z >"	"bb33"	[java_type_ref("<Primordial,Ljava/lang/Throwable>")]
"< Application, Ljavax/servlet/http/HttpUtils, parsePostData(ILjavax/servlet/ServletInputStream;)Ljava/util/Hashtable; >"	"bb27"	[java_type_ref("<Primordial,Ljava/io/UnsupportedEncodingException>")]
"< Application, LEDU/oswego/cs/dl/util/concurrent/BoundedLinkedQueue, insert(Ljava/lang/Object;)V >"	"bb12"	[java_type_ref("<Primordial,Ljava/lang/Throwable>")]
"< Application, LEDU/oswego/cs/dl/util/concurrent/SyncList, remove(I)Ljava/lang/Object; >"	"bb11"	[java_type_ref("<Primordial,Ljava/lang/InterruptedException>")]
"< Application, LEDU/oswego/cs/dl/util/concurrent/ClockDaemon$RunLoop, run()V >"	"bb10"	[java_type_ref("<Primordial,Ljava/lang/Throwable>")]
"< Application, LEDU/oswego/cs/dl/util/concurrent/PooledExecutor, execute(Ljava/lang/Runnable;)V >"	"bb22"	[java_type_ref("<Primordial,Ljava/lang/Throwable>")]
"< Application, Lhedc/ethz/util/Ftp, closeServer()V >"	"bb13"	[java_type_ref("<Primordial,Ljava/lang/Exception>")]
"< Application, LEDU/oswego/cs/dl/util/concurrent/WaitableRef, whenNull(Ljava/lang/Runnable;)V >"	"bb12"	[java_type_ref("<Primordial,Ljava/lang/Throwable>")]
"< Application, LEDU/oswego/cs/dl/util/concurrent/SyncCollection, retainAll(Ljava/util/Collection;)Z >"	"bb8"	[java_type_ref("<Primordial,Ljava/lang/Throwable>")]
"< Application, LEDU/oswego/cs/dl/util/concurrent/SynchronizedLong, get()J >"	"bb6"	[java_type_ref("<Primordial,Ljava/lang/Throwable>")]
"< Application, LEDU/oswego/cs/dl/util/concurrent/WaitableChar, add(C)C >"	"bb8"	[java_type_ref("<Primordial,Ljava/lang/Throwable>")]
"< Application, LEDU/oswego/cs/dl/util/concurrent/Latch, acquire()V >"	"bb13"	[java_type_ref("<Primordial,Ljava/lang/Throwable>")]
"< Application, LEDU/oswego/cs/dl/util/concurrent/WaitFreeQueue, insert(Ljava/lang/Object;)V >"	"bb17"	[java_type_ref("<Primordial,Ljava/lang/Throwable>")]
"< Application, LEDU/oswego/cs/dl/util/concurrent/SyncCollection, contains(Ljava/lang/Object;)Z >"	"bb6"	[java_type_ref("<Primordial,Ljava/lang/Throwable>")]
"< Application, LEDU/oswego/cs/dl/util/concurrent/SynchronizedBoolean, xor(Z)Z >"	"bb8"	[java_type_ref("<Primordial,Ljava/lang/Throwable>")]
"< Application, LEDU/oswego/cs/dl/util/concurrent/SynchronizedFloat, subtract(F)F >"	"bb7"	[java_type_ref("<Primordial,Ljava/lang/Throwable>")]
"< Application, LEDU/oswego/cs/dl/util/concurrent/SynchronizedLong, xor(J)J >"	"bb8"	[java_type_ref("<Primordial,Ljava/lang/Throwable>")]
"< Application, Lhedc/regexp/Group, backup(Lhedc/regexp/State;)V >"	"bb4"	[java_type_ref("<Application,Lhedc/regexp/NoSuchMatchException>")]
"< Application, LEDU/oswego/cs/dl/util/concurrent/SynchronizedDouble, set(D)D >"	"bb7"	[java_type_ref("<Primordial,Ljava/lang/Throwable>")]
"< Application, LEDU/oswego/cs/dl/util/concurrent/SynchronizedShort, divide(S)S >"	"bb8"	[java_type_ref("<Primordial,Ljava/lang/Throwable>")]
"< Application, LEDU/oswego/cs/dl/util/concurrent/WaitableShort, whenLessEqual(SLjava/lang/Runnable;)V >"	"bb12"	[java_type_ref("<Primordial,Ljava/lang/Throwable>")]
"< Application, Lhedc/ethz/util/SmartRef, <init>(Ljava/lang/String;)V >"	"bb259"	[java_type_ref("<Primordial,Ljava/net/MalformedURLException>")]
"< Application, LEDU/oswego/cs/dl/util/concurrent/WaiterPreferenceSemaphore, acquire()V >"	"bb25"	[java_type_ref("<Primordial,Ljava/lang/InterruptedException>")]
"< Application, Ljavax/servlet/jsp/tagext/TagSupport, class$(Ljava/lang/String;)Ljava/lang/Class; >"	"bb3"	[java_type_ref("<Primordial,Ljava/lang/ClassNotFoundException>")]
"< Application, LEDU/oswego/cs/dl/util/concurrent/WaitableLong, whenEqual(JLjava/lang/Runnable;)V >"	"bb12"	[java_type_ref("<Primordial,Ljava/lang/Throwable>")]
"< Application, LEDU/oswego/cs/dl/util/concurrent/WaitableDouble, multiply(D)D >"	"bb8"	[java_type_ref("<Primordial,Ljava/lang/Throwable>")]
"< Application, LEDU/oswego/cs/dl/util/concurrent/WaitableShort, multiply(S)S >"	"bb8"	[java_type_ref("<Primordial,Ljava/lang/Throwable>")]
"< Application, LEDU/oswego/cs/dl/util/concurrent/BoundedBuffer, take()Ljava/lang/Object; >"	"bb11"	[java_type_ref("<Primordial,Ljava/lang/InterruptedException>")]
"< Application, LEDU/oswego/cs/dl/util/concurrent/SynchronizedLong, swap(LEDU/oswego/cs/dl/util/concurrent/SynchronizedLong;)J >"	"bb19"	[java_type_ref("<Primordial,Ljava/lang/Throwable>")]
"< Application, LEDU/oswego/cs/dl/util/concurrent/CopyOnWriteArrayList$COWIterator, next()Ljava/lang/Object; >"	"bb6"	[java_type_ref("<Primordial,Ljava/lang/IndexOutOfBoundsException>")]
"< Application, LEDU/oswego/cs/dl/util/concurrent/WaitableLong, whenGreaterEqual(JLjava/lang/Runnable;)V >"	"bb12"	[java_type_ref("<Primordial,Ljava/lang/Throwable>")]
"< Application, LEDU/oswego/cs/dl/util/concurrent/BoundedBuffer, offer(Ljava/lang/Object;J)Z >"	"bb24"	[java_type_ref("<Primordial,Ljava/lang/InterruptedException>")]
"< Application, LEDU/oswego/cs/dl/util/concurrent/WaitableChar, whenLess(CLjava/lang/Runnable;)V >"	"bb12"	[java_type_ref("<Primordial,Ljava/lang/Throwable>")]
"< Application, LEDU/oswego/cs/dl/util/concurrent/WaitableRef, whenNotEqual(Ljava/lang/Object;Ljava/lang/Runnable;)V >"	"bb12"	[java_type_ref("<Primordial,Ljava/lang/Throwable>")]
"< Application, Lhedc/Task, run()V >"	"bb3"	[java_type_ref("<Primordial,Ljava/lang/Exception>")]
"< Application, LEDU/oswego/cs/dl/util/concurrent/SynchronizedByte, commit(BB)Z >"	"bb11"	[java_type_ref("<Primordial,Ljava/lang/Throwable>")]
"< Application, LEDU/oswego/cs/dl/util/concurrent/SyncCollection, iterator()Ljava/util/Iterator; >"	"bb8"	[java_type_ref("<Primordial,Ljava/lang/Throwable>")]
"< Application, LEDU/oswego/cs/dl/util/concurrent/SynchronizedByte, complement()B >"	"bb8"	[java_type_ref("<Primordial,Ljava/lang/Throwable>")]
"< Application, LEDU/oswego/cs/dl/util/concurrent/SyncMap, isEmpty()Z >"	"bb6"	[java_type_ref("<Primordial,Ljava/lang/Throwable>")]
"< Application, LEDU/oswego/cs/dl/util/concurrent/SynchronizedDouble, swap(LEDU/oswego/cs/dl/util/concurrent/SynchronizedDouble;)D >"	"bb19"	[java_type_ref("<Primordial,Ljava/lang/Throwable>")]
"< Application, LEDU/oswego/cs/dl/util/concurrent/SyncMap, clear()V >"	"bb8"	[java_type_ref("<Primordial,Ljava/lang/Throwable>")]
"< Application, Lhedc/ethz/util/Logger, openLog(Ljava/lang/String;I)V >"	"bb20"	[java_type_ref("<Primordial,Ljava/lang/Exception>")]
"< Application, LEDU/oswego/cs/dl/util/concurrent/SyncList, listIterator()Ljava/util/ListIterator; >"	"bb8"	[java_type_ref("<Primordial,Ljava/lang/Throwable>")]
"< Application, Lhedc/Tester, main([Ljava/lang/String;)V >"	"bb24"	[java_type_ref("<Primordial,Ljava/lang/Exception>")]
"< Application, LEDU/oswego/cs/dl/util/concurrent/SyncMap, putAll(Ljava/util/Map;)V >"	"bb8"	[java_type_ref("<Primordial,Ljava/lang/Throwable>")]
"< Application, LEDU/oswego/cs/dl/util/concurrent/SynchronizedLong, complement()J >"	"bb8"	[java_type_ref("<Primordial,Ljava/lang/Throwable>")]
"< Application, LEDU/oswego/cs/dl/util/concurrent/SyncSet, equals(Ljava/lang/Object;)Z >"	"bb6"	[java_type_ref("<Primordial,Ljava/lang/Throwable>")]
"< Application, LEDU/oswego/cs/dl/util/concurrent/SynchronizedByte, or(B)B >"	"bb8"	[java_type_ref("<Primordial,Ljava/lang/Throwable>")]
"< Application, LEDU/oswego/cs/dl/util/concurrent/WaitableByte, divide(B)B >"	"bb8"	[java_type_ref("<Primordial,Ljava/lang/Throwable>")]
"< Application, Ljavax/servlet/http/HttpUtils, parseName(Ljava/lang/String;Ljava/lang/StringBuffer;)Ljava/lang/String; >"	"bb11"	[java_type_ref("<Primordial,Ljava/lang/NumberFormatException>")]
"< Application, LEDU/oswego/cs/dl/util/concurrent/SynchronizedByte, swap(LEDU/oswego/cs/dl/util/concurrent/SynchronizedByte;)B >"	"bb21"	[java_type_ref("<Primordial,Ljava/lang/Throwable>")]
"< Application, Lhedc/ethz/util/Messages, format(Ljava/lang/String;Ljava/lang/Object;Ljava/lang/Object;Ljava/lang/Object;Ljava/lang/Object;)Ljava/lang/String; >"	"bb47"	[java_type_ref("<Primordial,Ljava/lang/Exception>")]
"< Application, Lhedc/ethz/util/CopyStream, run()V >"	"bb18"	[java_type_ref("<Primordial,Ljava/io/IOException>")]
"< Application, LEDU/oswego/cs/dl/util/concurrent/SynchronizedInt, swap(LEDU/oswego/cs/dl/util/concurrent/SynchronizedInt;)I >"	"bb19"	[java_type_ref("<Primordial,Ljava/lang/Throwable>")]
"< Application, LEDU/oswego/cs/dl/util/concurrent/SyncCollection$SyncCollectionIterator, remove()V >"	"bb15"	[java_type_ref("<Primordial,Ljava/lang/InterruptedException>")]
"< Application, LEDU/oswego/cs/dl/util/concurrent/PooledExecutor$Worker, run()V >"	"bb21"	[java_type_ref("<Primordial,Ljava/lang/Throwable>")]
"< Application, LEDU/oswego/cs/dl/util/concurrent/WaitFreeQueue, extract()Ljava/lang/Object; >"	"bb14"	[java_type_ref("<Primordial,Ljava/lang/Throwable>")]
"< Application, LEDU/oswego/cs/dl/util/concurrent/WaitableBoolean, commit(ZZ)Z >"	"bb9"	[java_type_ref("<Primordial,Ljava/lang/Throwable>")]
"< Application, Lhedc/MetaSearchImpl, search(Ljava/util/Hashtable;Lhedc/MetaSearchRequest;)Ljava/util/List; >"	"bb14"	[java_type_ref("<Primordial,Ljava/lang/Exception>")]
"< Application, LEDU/oswego/cs/dl/util/concurrent/SyncSet, hashCode()I >"	"bb6"	[java_type_ref("<Primordial,Ljava/lang/Throwable>")]
"< Application, LEDU/oswego/cs/dl/util/concurrent/WaitFreeQueue, insert(Ljava/lang/Object;)V >"	"bb24"	[java_type_ref("<Primordial,Ljava/lang/Throwable>")]
"< Application, LEDU/oswego/cs/dl/util/concurrent/WaitableInt, whenNotEqual(ILjava/lang/Runnable;)V >"	"bb12"	[java_type_ref("<Primordial,Ljava/lang/Throwable>")]
"< Application, Lhedc/ethz/util/CopyStream, copyStreamIntoBuffer(Ljava/io/InputStream;I)Ljava/lang/StringBuffer; >"	"bb12"	[java_type_ref("<Primordial,Ljava/io/IOException>")]
"< Application, LEDU/oswego/cs/dl/util/concurrent/WaitableChar, divide(C)C >"	"bb8"	[java_type_ref("<Primordial,Ljava/lang/Throwable>")]
"< Application, LEDU/oswego/cs/dl/util/concurrent/Rendezvous, restart()V >"	"bb11"	[java_type_ref("<Primordial,Ljava/lang/Throwable>")]
"< Application, LEDU/oswego/cs/dl/util/concurrent/WaitableChar, whenGreaterEqual(CLjava/lang/Runnable;)V >"	"bb12"	[java_type_ref("<Primordial,Ljava/lang/Throwable>")]
"< Application, LEDU/oswego/cs/dl/util/concurrent/SynchronizedLong, or(J)J >"	"bb8"	[java_type_ref("<Primordial,Ljava/lang/Throwable>")]
"< Application, LEDU/oswego/cs/dl/util/concurrent/WaitableFloat, whenNotEqual(FLjava/lang/Runnable;)V >"	"bb12"	[java_type_ref("<Primordial,Ljava/lang/Throwable>")]
"< Application, LEDU/oswego/cs/dl/util/concurrent/SynchronizedInt, subtract(I)I >"	"bb7"	[java_type_ref("<Primordial,Ljava/lang/Throwable>")]
"< Application, LEDU/oswego/cs/dl/util/concurrent/LockedExecutor, execute(Ljava/lang/Runnable;)V >"	"bb7"	[java_type_ref("<Primordial,Ljava/lang/Throwable>")]
"< Application, Lhedc/Messages, wlevel()I >"	"bb9"	[java_type_ref("<Primordial,Ljava/lang/SecurityException>")]
"< Application, Ljavax/servlet/http/HttpUtils, parseName(Ljava/lang/String;Ljava/lang/StringBuffer;)Ljava/lang/String; >"	"bb14"	[java_type_ref("<Primordial,Ljava/lang/StringIndexOutOfBoundsException>")]
"< Application, LEDU/oswego/cs/dl/util/concurrent/SyncSortedSet, subSet(Ljava/lang/Object;Ljava/lang/Object;)Ljava/util/SortedSet; >"	"bb10"	[java_type_ref("<Primordial,Ljava/lang/Throwable>")]
"< Application, LEDU/oswego/cs/dl/util/concurrent/SyncCollection, add(Ljava/lang/Object;)Z >"	"bb8"	[java_type_ref("<Primordial,Ljava/lang/Throwable>")]
"< Application, LEDU/oswego/cs/dl/util/concurrent/WaitableByte, set(B)B >"	"bb8"	[java_type_ref("<Primordial,Ljava/lang/Throwable>")]
"< Application, LEDU/oswego/cs/dl/util/concurrent/Latch, attempt(J)Z >"	"bb25"	[java_type_ref("<Primordial,Ljava/lang/Throwable>")]
"< Application, Lhedc/MetaSearchImpl, search(Ljava/util/Hashtable;Lhedc/MetaSearchRequest;)Ljava/util/List; >"	"bb37"	[java_type_ref("<Primordial,Ljava/lang/InterruptedException>")]
"< Application, LEDU/oswego/cs/dl/util/concurrent/WaitableDouble, whenEqual(DLjava/lang/Runnable;)V >"	"bb12"	[java_type_ref("<Primordial,Ljava/lang/Throwable>")]
"< Application, LEDU/oswego/cs/dl/util/concurrent/VetoableChangeMulticaster, multicast(Ljava/beans/PropertyChangeEvent;)V >"	"bb41"	[java_type_ref("<Primordial,Ljava/beans/PropertyVetoException>")]
"< Application, LEDU/oswego/cs/dl/util/concurrent/WaitableByte, whenGreaterEqual(BLjava/lang/Runnable;)V >"	"bb12"	[java_type_ref("<Primordial,Ljava/lang/Throwable>")]
"< Application, LEDU/oswego/cs/dl/util/concurrent/CopyOnWriteArrayList, clone()Ljava/lang/Object; >"	"bb11"	[java_type_ref("<Primordial,Ljava/lang/CloneNotSupportedException>")]
"< Application, LEDU/oswego/cs/dl/util/concurrent/SynchronizedLong, set(J)J >"	"bb7"	[java_type_ref("<Primordial,Ljava/lang/Throwable>")]
"< Application, LEDU/oswego/cs/dl/util/concurrent/SyncCollection, unprotectedIterator()Ljava/util/Iterator; >"	"bb6"	[java_type_ref("<Primordial,Ljava/lang/Throwable>")]
"< Application, LEDU/oswego/cs/dl/util/concurrent/SynchronizedInt, negate()I >"	"bb8"	[java_type_ref("<Primordial,Ljava/lang/Throwable>")]
"< Application, LEDU/oswego/cs/dl/util/concurrent/WaitableInt, divide(I)I >"	"bb8"	[java_type_ref("<Primordial,Ljava/lang/Throwable>")]
"< Application, LEDU/oswego/cs/dl/util/concurrent/WriterPreferenceReadWriteLock$ReaderLock, acquire()V >"	"bb22"	[java_type_ref("<Primordial,Ljava/lang/Throwable>")]
"< Application, LEDU/oswego/cs/dl/util/concurrent/SemaphoreControlledChannel, put(Ljava/lang/Object;)V >"	"bb16"	[java_type_ref("<Primordial,Ljava/lang/ClassCastException>")]
"< Application, LEDU/oswego/cs/dl/util/concurrent/WaiterPreferenceSemaphore, attempt(J)Z >"	"bb40"	[java_type_ref("<Primordial,Ljava/lang/Throwable>")]
"< Application, LEDU/oswego/cs/dl/util/concurrent/WriterPreferenceReadWriteLock$ReaderLock, acquire()V >"	"bb17"	[java_type_ref("<Primordial,Ljava/lang/InterruptedException>")]
"< Application, LEDU/oswego/cs/dl/util/concurrent/SyncMap, put(Ljava/lang/Object;Ljava/lang/Object;)Ljava/lang/Object; >"	"bb11"	[java_type_ref("<Primordial,Ljava/lang/InterruptedException>")]
"< Application, LEDU/oswego/cs/dl/util/concurrent/SyncList, addAll(ILjava/util/Collection;)Z >"	"bb11"	[java_type_ref("<Primordial,Ljava/lang/InterruptedException>")]
"< Application, LEDU/oswego/cs/dl/util/concurrent/CopyOnWriteArrayList$COWSubList, iterator()Ljava/util/Iterator; >"	"bb8"	[java_type_ref("<Primordial,Ljava/lang/Throwable>")]
"< Application, LEDU/oswego/cs/dl/util/concurrent/TimeDaemon$RunLoop, run()V >"	"bb10"	[java_type_ref("<Primordial,Ljava/lang/Throwable>")]
"< Application, LEDU/oswego/cs/dl/util/concurrent/SyncList$SyncCollectionListIterator, nextIndex()I >"	"bb8"	[java_type_ref("<Primordial,Ljava/lang/Throwable>")]
"< Application, LEDU/oswego/cs/dl/util/concurrent/SyncCollection, remove(Ljava/lang/Object;)Z >"	"bb11"	[java_type_ref("<Primordial,Ljava/lang/InterruptedException>")]
"< Application, LEDU/oswego/cs/dl/util/concurrent/BoundedLinkedQueue, put(Ljava/lang/Object;)V >"	"bb22"	[java_type_ref("<Primordial,Ljava/lang/InterruptedException>")]
"< Application, LEDU/oswego/cs/dl/util/concurrent/SynchronizedLong, subtract(J)J >"	"bb7"	[java_type_ref("<Primordial,Ljava/lang/Throwable>")]
"< Application, Lhedc/ethz/util/Messages, format(Ljava/lang/String;Ljava/lang/Object;Ljava/lang/Object;)Ljava/lang/String; >"	"bb25"	[java_type_ref("<Primordial,Ljava/lang/Exception>")]
"< Application, Lhedc/MetaSearchImpl, search(Ljava/util/Hashtable;Lhedc/MetaSearchRequest;)Ljava/util/List; >"	"bb8"	[java_type_ref("<Primordial,Ljava/lang/Exception>")]
"< Application, Lhedc/ethz/util/DoubleBufferCopy, copy()V >"	"bb8"	[java_type_ref("<Primordial,Ljava/lang/InterruptedException>")]
"< Application, LEDU/oswego/cs/dl/util/concurrent/BoundedBuffer, take()Ljava/lang/Object; >"	"bb16"	[java_type_ref("<Primordial,Ljava/lang/Throwable>")]
"< Application, Lhedc/ethz/util/Ftp, closeServer()V >"	"bb24"	[java_type_ref("<Primordial,Ljava/lang/Exception>")]
"< Application, LEDU/oswego/cs/dl/util/concurrent/WaitableChar, whenLessEqual(CLjava/lang/Runnable;)V >"	"bb12"	[java_type_ref("<Primordial,Ljava/lang/Throwable>")]
"< Application, LEDU/oswego/cs/dl/util/concurrent/SynchronizedFloat, swap(LEDU/oswego/cs/dl/util/concurrent/SynchronizedFloat;)F >"	"bb19"	[java_type_ref("<Primordial,Ljava/lang/Throwable>")]
"< Application, LEDU/oswego/cs/dl/util/concurrent/SynchronizedChar, swap(LEDU/oswego/cs/dl/util/concurrent/SynchronizedChar;)C >"	"bb19"	[java_type_ref("<Primordial,Ljava/lang/Throwable>")]
"< Application, LEDU/oswego/cs/dl/util/concurrent/QueuedExecutor$RunLoop, run()V >"	"bb11"	[java_type_ref("<Primordial,Ljava/lang/Throwable>")]
"< Application, LEDU/oswego/cs/dl/util/concurrent/SyncCollection$SyncCollectionIterator, remove()V >"	"bb10"	[java_type_ref("<Primordial,Ljava/lang/Throwable>")]
"< Application, Lhedc/ethz/util/Messages, format(Ljava/lang/String;Ljava/lang/Object;Ljava/lang/Object;Ljava/lang/Object;)Ljava/lang/String; >"	"bb36"	[java_type_ref("<Primordial,Ljava/lang/Exception>")]
"< Application, LEDU/oswego/cs/dl/util/concurrent/CondVar, timedwait(J)Z >"	"bb18"	[java_type_ref("<Primordial,Ljava/lang/InterruptedException>")]
"< Application, LEDU/oswego/cs/dl/util/concurrent/CondVar, await()V >"	"bb30"	[java_type_ref("<Primordial,Ljava/lang/InterruptedException>")]
"< Application, LEDU/oswego/cs/dl/util/concurrent/WaitableLong, decrement()J >"	"bb8"	[java_type_ref("<Primordial,Ljava/lang/Throwable>")]
"< Application, LEDU/oswego/cs/dl/util/concurrent/SynchronizedLong, increment()J >"	"bb7"	[java_type_ref("<Primordial,Ljava/lang/Throwable>")]
"< Application, LEDU/oswego/cs/dl/util/concurrent/SynchronizedLong, divide(J)J >"	"bb8"	[java_type_ref("<Primordial,Ljava/lang/Throwable>")]
"< Application, LEDU/oswego/cs/dl/util/concurrent/WaitableBoolean, or(Z)Z >"	"bb8"	[java_type_ref("<Primordial,Ljava/lang/Throwable>")]
"< Application, Lhedc/regexp/Regexp, match(Lhedc/regexp/State;)Z >"	"bb10"	[java_type_ref("<Primordial,Ljava/lang/ArrayIndexOutOfBoundsException>")]
"< Application, LEDU/oswego/cs/dl/util/concurrent/WaitableInt, set(I)I >"	"bb8"	[java_type_ref("<Primordial,Ljava/lang/Throwable>")]
"< Application, LEDU/oswego/cs/dl/util/concurrent/WaitableBoolean, and(Z)Z >"	"bb8"	[java_type_ref("<Primordial,Ljava/lang/Throwable>")]
"< Application, Lhedc/ethz/util/Ftp, closeServer()V >"	"bb14"	[java_type_ref("<Primordial,Ljava/lang/Exception>")]
"< Application, LEDU/oswego/cs/dl/util/concurrent/SynchronizedVariable, execute(Ljava/lang/Runnable;)V >"	"bb11"	[java_type_ref("<Primordial,Ljava/lang/Throwable>")]
"< Application, LEDU/oswego/cs/dl/util/concurrent/BoundedBuffer, put(Ljava/lang/Object;)V >"	"bb17"	[java_type_ref("<Primordial,Ljava/lang/InterruptedException>")]
"< Application, LEDU/oswego/cs/dl/util/concurrent/SyncCollection, add(Ljava/lang/Object;)Z >"	"bb11"	[java_type_ref("<Primordial,Ljava/lang/InterruptedException>")]
"< Application, Lhedc/regexp/GroupReference, advance(Lhedc/regexp/State;)Lhedc/regexp/Regexp; >"	"bb4"	[java_type_ref("<Application,Lhedc/regexp/NoSuchMatchException>")]
"< Application, LEDU/oswego/cs/dl/util/concurrent/SynchronizedBoolean, complement()Z >"	"bb11"	[java_type_ref("<Primordial,Ljava/lang/Throwable>")]
"< Application, Lhedc/PooledExecutorWithInvalidate, interruptAll()V >"	"bb16"	[java_type_ref("<Primordial,Ljava/lang/Throwable>")]
"< Application, LEDU/oswego/cs/dl/util/concurrent/WaitableFloat, subtract(F)F >"	"bb8"	[java_type_ref("<Primordial,Ljava/lang/Throwable>")]
"< Application, LEDU/oswego/cs/dl/util/concurrent/SynchronousChannel, doPut(Ljava/lang/Object;)V >"	"bb16"	[java_type_ref("<Primordial,Ljava/lang/Throwable>")]
"< Application, LEDU/oswego/cs/dl/util/concurrent/SynchronizedInt, swap(LEDU/oswego/cs/dl/util/concurrent/SynchronizedInt;)I >"	"bb21"	[java_type_ref("<Primordial,Ljava/lang/Throwable>")]
"< Application, LEDU/oswego/cs/dl/util/concurrent/WaitableLong, whenLess(JLjava/lang/Runnable;)V >"	"bb12"	[java_type_ref("<Primordial,Ljava/lang/Throwable>")]
"< Application, LEDU/oswego/cs/dl/util/concurrent/WaitableFloat, multiply(F)F >"	"bb8"	[java_type_ref("<Primordial,Ljava/lang/Throwable>")]
"< Application, Lhedc/ethz/util/BaseProperties, getIntegerArray(Ljava/lang/String;[I)[I >"	"bb21"	[java_type_ref("<Primordial,Ljava/lang/Exception>")]
"< Application, LEDU/oswego/cs/dl/util/concurrent/SyncList, unprotectedListIterator()Ljava/util/ListIterator; >"	"bb6"	[java_type_ref("<Primordial,Ljava/lang/Throwable>")]
"< Application, LEDU/oswego/cs/dl/util/concurrent/LinkedQueue, extract()Ljava/lang/Object; >"	"bb11"	[java_type_ref("<Primordial,Ljava/lang/Throwable>")]
"< Application, LEDU/oswego/cs/dl/util/concurrent/SynchronizedLong, add(J)J >"	"bb7"	[java_type_ref("<Primordial,Ljava/lang/Throwable>")]
"< Application, LEDU/oswego/cs/dl/util/concurrent/SynchronizedFloat, multiply(F)F >"	"bb7"	[java_type_ref("<Primordial,Ljava/lang/Throwable>")]
"< Application, LEDU/oswego/cs/dl/util/concurrent/SyncList, addAll(ILjava/util/Collection;)Z >"	"bb8"	[java_type_ref("<Primordial,Ljava/lang/Throwable>")]
"< Application, Lhedc/ethz/util/Logger, closeLog_()V >"	"bb10"	[java_type_ref("<Primordial,Ljava/lang/Throwable>")]
"< Application, LEDU/oswego/cs/dl/util/concurrent/SynchronizedShort, multiply(S)S >"	"bb7"	[java_type_ref("<Primordial,Ljava/lang/Throwable>")]
"< Application, LEDU/oswego/cs/dl/util/concurrent/WaitableInt, whenGreaterEqual(ILjava/lang/Runnable;)V >"	"bb12"	[java_type_ref("<Primordial,Ljava/lang/Throwable>")]
"< Application, LEDU/oswego/cs/dl/util/concurrent/WaitableShort, whenGreater(SLjava/lang/Runnable;)V >"	"bb12"	[java_type_ref("<Primordial,Ljava/lang/Throwable>")]
"< Application, LEDU/oswego/cs/dl/util/concurrent/ClockDaemon, nextTask()LEDU/oswego/cs/dl/util/concurrent/ClockDaemon$TaskNode; >"	"bb30"	[java_type_ref("<Primordial,Ljava/lang/InterruptedException>")]
"< Application, Lhedc/ethz/util/Ftp, closeServer()V >"	"bb19"	[java_type_ref("<Primordial,Ljava/lang/Exception>")]
"< Application, LEDU/oswego/cs/dl/util/concurrent/CyclicBarrier, doBarrier(ZJ)I >"	"bb43"	[java_type_ref("<Primordial,Ljava/lang/InterruptedException>")]
"< Application, LEDU/oswego/cs/dl/util/concurrent/SynchronizedShort, swap(LEDU/oswego/cs/dl/util/concurrent/SynchronizedShort;)S >"	"bb21"	[java_type_ref("<Primordial,Ljava/lang/Throwable>")]
"< Application, LEDU/oswego/cs/dl/util/concurrent/SynchronizedByte, decrement()B >"	"bb7"	[java_type_ref("<Primordial,Ljava/lang/Throwable>")]
"< Application, Lhedc/PooledExecutorWithInvalidate$Worker, run()V >"	"bb21"	[java_type_ref("<Primordial,Ljava/lang/Exception>")]
"< Application, Lhedc/regexp/GroupReference, backup(Lhedc/regexp/State;)V >"	"bb6"	[java_type_ref("<Application,Lhedc/regexp/NoSuchMatchException>")]
"< Application, LEDU/oswego/cs/dl/util/concurrent/BoundedBuffer, offer(Ljava/lang/Object;J)Z >"	"bb32"	[java_type_ref("<Primordial,Ljava/lang/Throwable>")]
"< Application, LEDU/oswego/cs/dl/util/concurrent/WaitableChar, whenNotEqual(CLjava/lang/Runnable;)V >"	"bb12"	[java_type_ref("<Primordial,Ljava/lang/Throwable>")]
"< Application, LEDU/oswego/cs/dl/util/concurrent/CondVar, await()V >"	"bb26"	[java_type_ref("<Primordial,Ljava/lang/Throwable>")]
"< Application, LEDU/oswego/cs/dl/util/concurrent/SyncSortedMap, subMap(Ljava/lang/Object;Ljava/lang/Object;)Ljava/util/SortedMap; >"	"bb10"	[java_type_ref("<Primordial,Ljava/lang/Throwable>")]
"< Application, LEDU/oswego/cs/dl/util/concurrent/SynchronizedShort, or(S)S >"	"bb8"	[java_type_ref("<Primordial,Ljava/lang/Throwable>")]
"< Application, LEDU/oswego/cs/dl/util/concurrent/BoundedLinkedQueue, take()Ljava/lang/Object; >"	"bb18"	[java_type_ref("<Primordial,Ljava/lang/InterruptedException>")]
"< Application, LEDU/oswego/cs/dl/util/concurrent/SyncList, get(I)Ljava/lang/Object; >"	"bb6"	[java_type_ref("<Primordial,Ljava/lang/Throwable>")]
"< Application, LEDU/oswego/cs/dl/util/concurrent/SynchronizedShort, add(S)S >"	"bb7"	[java_type_ref("<Primordial,Ljava/lang/Throwable>")]
"< Application, LEDU/oswego/cs/dl/util/concurrent/WaitableFloat, whenGreaterEqual(FLjava/lang/Runnable;)V >"	"bb12"	[java_type_ref("<Primordial,Ljava/lang/Throwable>")]
"< Application, Lhedc/ethz/util/BaseProperties, load(Ljava/lang/String;)V >"	"bb10"	[java_type_ref("<Primordial,Ljava/io/IOException>")]
"< Application, LEDU/oswego/cs/dl/util/concurrent/WaitableByte, decrement()B >"	"bb8"	[java_type_ref("<Primordial,Ljava/lang/Throwable>")]
"< Application, LEDU/oswego/cs/dl/util/concurrent/PooledExecutor, workerDone(LEDU/oswego/cs/dl/util/concurrent/PooledExecutor$Worker;)V >"	"bb9"	[java_type_ref("<Primordial,Ljava/lang/Throwable>")]
"< Application, LEDU/oswego/cs/dl/util/concurrent/WriterPreferenceReadWriteLock$WriterLock, attempt(J)Z >"	"bb38"	[java_type_ref("<Primordial,Ljava/lang/Throwable>")]
"< Application, LEDU/oswego/cs/dl/util/concurrent/SynchronizedShort, increment()S >"	"bb7"	[java_type_ref("<Primordial,Ljava/lang/Throwable>")]
"< Application, LEDU/oswego/cs/dl/util/concurrent/WaitableRef, whenNotNull(Ljava/lang/Runnable;)V >"	"bb12"	[java_type_ref("<Primordial,Ljava/lang/Throwable>")]
"< Application, LEDU/oswego/cs/dl/util/concurrent/SynchronizedInt, commit(II)Z >"	"bb11"	[java_type_ref("<Primordial,Ljava/lang/Throwable>")]
"< Application, LEDU/oswego/cs/dl/util/concurrent/SyncList$SyncCollectionListIterator, previousIndex()I >"	"bb8"	[java_type_ref("<Primordial,Ljava/lang/Throwable>")]
"< Application, LEDU/oswego/cs/dl/util/concurrent/SemaphoreControlledChannel, take()Ljava/lang/Object; >"	"bb12"	[java_type_ref("<Primordial,Ljava/lang/ClassCastException>")]
"< Application, LEDU/oswego/cs/dl/util/concurrent/Mutex, attempt(J)Z >"	"bb29"	[java_type_ref("<Primordial,Ljava/lang/Throwable>")]
"< Application, Lhedc/ethz/util/Logger, sync()V >"	"bb12"	[java_type_ref("<Primordial,Ljava/io/IOException>")]
"< Application, LEDU/oswego/cs/dl/util/concurrent/Mutex, attempt(J)Z >"	"bb27"	[java_type_ref("<Primordial,Ljava/lang/InterruptedException>")]
"< Application, Lhedc/ethz/util/BaseProperties, getDouble(Ljava/lang/String;D)D >"	"bb6"	[java_type_ref("<Primordial,Ljava/lang/NumberFormatException>")]
"< Application, LEDU/oswego/cs/dl/util/concurrent/SyncSortedSet, first()Ljava/lang/Object; >"	"bb6"	[java_type_ref("<Primordial,Ljava/lang/Throwable>")]
"< Application, Ljavax/servlet/http/Cookie, clone()Ljava/lang/Object; >"	"bb3"	[java_type_ref("<Primordial,Ljava/lang/CloneNotSupportedException>")]
"< Application, LEDU/oswego/cs/dl/util/concurrent/SynchronizedChar, set(C)C >"	"bb7"	[java_type_ref("<Primordial,Ljava/lang/Throwable>")]
"< Application, LEDU/oswego/cs/dl/util/concurrent/WaitableShort, add(S)S >"	"bb8"	[java_type_ref("<Primordial,Ljava/lang/Throwable>")]
"< Application, LEDU/oswego/cs/dl/util/concurrent/CyclicBarrier, doBarrier(ZJ)I >"	"bb26"	[java_type_ref("<Primordial,Ljava/lang/RuntimeException>")]
"< Application, LEDU/oswego/cs/dl/util/concurrent/WaitableChar, subtract(C)C >"	"bb8"	[java_type_ref("<Primordial,Ljava/lang/Throwable>")]
"< Application, Lhedc/Tester, run()V >"	"bb45"	[java_type_ref("<Primordial,Ljava/lang/Throwable>")]
"< Application, LEDU/oswego/cs/dl/util/concurrent/PooledExecutor$Worker, run()V >"	"bb18"	[java_type_ref("<Primordial,Ljava/lang/InterruptedException>")]
"< Application, Lhedc/ethz/util/RmiLogger, log(Ljava/lang/String;Ljava/util/Hashtable;Ljava/lang/String;Ljava/lang/String;Ljava/lang/String;Ljava/lang/Object;J)V >"	"bb132"	[java_type_ref("<Primordial,Ljava/lang/Throwable>")]
"< Application, LEDU/oswego/cs/dl/util/concurrent/SynchronizedBoolean, set(Z)Z >"	"bb7"	[java_type_ref("<Primordial,Ljava/lang/Throwable>")]
"< Application, LEDU/oswego/cs/dl/util/concurrent/SyncList, add(ILjava/lang/Object;)V >"	"bb8"	[java_type_ref("<Primordial,Ljava/lang/Throwable>")]
"< Application, LEDU/oswego/cs/dl/util/concurrent/LinkedQueue, peek()Ljava/lang/Object; >"	"bb11"	[java_type_ref("<Primordial,Ljava/lang/Throwable>")]
"< Application, Lhedc/ethz/util/Logger, closeLog_()V >"	"bb6"	[java_type_ref("<Primordial,Ljava/io/IOException>")]
"< Application, LEDU/oswego/cs/dl/util/concurrent/SynchronizedDouble, swap(LEDU/oswego/cs/dl/util/concurrent/SynchronizedDouble;)D >"	"bb21"	[java_type_ref("<Primordial,Ljava/lang/Throwable>")]
"< Application, LEDU/oswego/cs/dl/util/concurrent/SyncSortedSet, last()Ljava/lang/Object; >"	"bb6"	[java_type_ref("<Primordial,Ljava/lang/Throwable>")]
"< Application, LEDU/oswego/cs/dl/util/concurrent/SyncList, equals(Ljava/lang/Object;)Z >"	"bb6"	[java_type_ref("<Primordial,Ljava/lang/Throwable>")]
"< Application, LEDU/oswego/cs/dl/util/concurrent/PooledExecutor, createThreads(I)I >"	"bb14"	[java_type_ref("<Primordial,Ljava/lang/Throwable>")]
"< Application, LEDU/oswego/cs/dl/util/concurrent/SynchronizedRef, get()Ljava/lang/Object; >"	"bb6"	[java_type_ref("<Primordial,Ljava/lang/Throwable>")]
"< Application, LEDU/oswego/cs/dl/util/concurrent/SyncList, remove(I)Ljava/lang/Object; >"	"bb8"	[java_type_ref("<Primordial,Ljava/lang/Throwable>")]
"< Application, LEDU/oswego/cs/dl/util/concurrent/SynchronizedBoolean, swap(LEDU/oswego/cs/dl/util/concurrent/SynchronizedBoolean;)Z >"	"bb21"	[java_type_ref("<Primordial,Ljava/lang/Throwable>")]
"< Application, LEDU/oswego/cs/dl/util/concurrent/SynchronousChannel, doTake(ZJ)Ljava/lang/Object; >"	"bb22"	[java_type_ref("<Primordial,Ljava/lang/InterruptedException>")]
"< Application, LEDU/oswego/cs/dl/util/concurrent/Rendezvous, doRendezvous(Ljava/lang/Object;ZJ)Ljava/lang/Object; >"	"bb30"	[java_type_ref("<Primordial,Ljava/lang/RuntimeException>")]
"< Application, Lhedc/DateFormatter, parse(Ljava/lang/String;Ljava/text/ParsePosition;)Ljava/util/Date; >"	"bb142"	[java_type_ref("<Primordial,Ljava/lang/IllegalArgumentException>")]
"< Application, LEDU/oswego/cs/dl/util/concurrent/VetoableChangeMulticaster, addVetoableChangeListener(Ljava/lang/String;Ljava/beans/VetoableChangeListener;)V >"	"bb25"	[java_type_ref("<Primordial,Ljava/lang/Throwable>")]
"< Application, LEDU/oswego/cs/dl/util/concurrent/CopyOnWriteArrayList$COWSubList, get(I)Ljava/lang/Object; >"	"bb10"	[java_type_ref("<Primordial,Ljava/lang/Throwable>")]
"< Application, LEDU/oswego/cs/dl/util/concurrent/WaiterPreferenceSemaphore, acquire()V >"	"bb29"	[java_type_ref("<Primordial,Ljava/lang/Throwable>")]
"< Application, Lhedc/ethz/util/Messages, dlevel()I >"	"bb12"	[java_type_ref("<Primordial,Ljava/lang/SecurityException>")]
"< Application, LEDU/oswego/cs/dl/util/concurrent/CondVar, await()V >"	"bb15"	[java_type_ref("<Primordial,Ljava/lang/Throwable>")]
"< Application, LEDU/oswego/cs/dl/util/concurrent/WaitableBoolean, whenFalse(Ljava/lang/Runnable;)V >"	"bb12"	[java_type_ref("<Primordial,Ljava/lang/Throwable>")]
"< Application, LEDU/oswego/cs/dl/util/concurrent/TimedCallable, call()Ljava/lang/Object; >"	"bb11"	[java_type_ref("<Primordial,Ljava/lang/InterruptedException>")]
"< Application, LEDU/oswego/cs/dl/util/concurrent/SynchronizedInt, or(I)I >"	"bb8"	[java_type_ref("<Primordial,Ljava/lang/Throwable>")]
"< Application, LEDU/oswego/cs/dl/util/concurrent/SynchronizedBoolean, and(Z)Z >"	"bb8"	[java_type_ref("<Primordial,Ljava/lang/Throwable>")]
"< Application, LEDU/oswego/cs/dl/util/concurrent/Semaphore, attempt(J)Z >"	"bb31"	[java_type_ref("<Primordial,Ljava/lang/Throwable>")]
"< Application, LEDU/oswego/cs/dl/util/concurrent/SynchronizedFloat, add(F)F >"	"bb7"	[java_type_ref("<Primordial,Ljava/lang/Throwable>")]
"< Application, LEDU/oswego/cs/dl/util/concurrent/SyncCollection, addAll(Ljava/util/Collection;)Z >"	"bb8"	[java_type_ref("<Primordial,Ljava/lang/Throwable>")]
"< Application, LEDU/oswego/cs/dl/util/concurrent/SynchronizedDouble, multiply(D)D >"	"bb7"	[java_type_ref("<Primordial,Ljava/lang/Throwable>")]
"< Application, LEDU/oswego/cs/dl/util/concurrent/WaitableLong, commit(JJ)Z >"	"bb9"	[java_type_ref("<Primordial,Ljava/lang/Throwable>")]
"< Application, LEDU/oswego/cs/dl/util/concurrent/WaitableDouble, add(D)D >"	"bb8"	[java_type_ref("<Primordial,Ljava/lang/Throwable>")]
"< Application, LEDU/oswego/cs/dl/util/concurrent/SynchronizedRef, commit(Ljava/lang/Object;Ljava/lang/Object;)Z >"	"bb11"	[java_type_ref("<Primordial,Ljava/lang/Throwable>")]
"< Application, LEDU/oswego/cs/dl/util/concurrent/SyncMap, hashCode()I >"	"bb6"	[java_type_ref("<Primordial,Ljava/lang/Throwable>")]
"< Application, Lhedc/MetaSearchImpl, getUniqueInstance()Lhedc/MetaSearchImpl; >"	"bb5"	[java_type_ref("<Primordial,Ljava/lang/Exception>")]
"< Application, Lhedc/ethz/util/EstimatorFactory, newEstimator(Ljava/lang/String;DD)Lhedc/ethz/util/Estimator; >"	"bb25"	[java_type_ref("<Primordial,Ljava/lang/Exception>")]
"< Application, LEDU/oswego/cs/dl/util/concurrent/SyncList, set(ILjava/lang/Object;)Ljava/lang/Object; >"	"bb11"	[java_type_ref("<Primordial,Ljava/lang/InterruptedException>")]
"< Application, LEDU/oswego/cs/dl/util/concurrent/SynchronizedShort, commit(SS)Z >"	"bb11"	[java_type_ref("<Primordial,Ljava/lang/Throwable>")]
"< Application, LEDU/oswego/cs/dl/util/concurrent/WaitableDouble, set(D)D >"	"bb8"	[java_type_ref("<Primordial,Ljava/lang/Throwable>")]
"< Application, LEDU/oswego/cs/dl/util/concurrent/SynchronizedInt, decrement()I >"	"bb7"	[java_type_ref("<Primordial,Ljava/lang/Throwable>")]
"< Application, LEDU/oswego/cs/dl/util/concurrent/CopyOnWriteArrayList$COWIterator, previous()Ljava/lang/Object; >"	"bb6"	[java_type_ref("<Primordial,Ljava/lang/IndexOutOfBoundsException>")]
"< Application, LEDU/oswego/cs/dl/util/concurrent/WaitableShort, whenGreaterEqual(SLjava/lang/Runnable;)V >"	"bb12"	[java_type_ref("<Primordial,Ljava/lang/Throwable>")]
"< Application, LEDU/oswego/cs/dl/util/concurrent/SynchronizedFloat, get()F >"	"bb6"	[java_type_ref("<Primordial,Ljava/lang/Throwable>")]
"< Application, LEDU/oswego/cs/dl/util/concurrent/SynchronizedChar, get()C >"	"bb6"	[java_type_ref("<Primordial,Ljava/lang/Throwable>")]
"< Application, LEDU/oswego/cs/dl/util/concurrent/WaitableLong, whenLessEqual(JLjava/lang/Runnable;)V >"	"bb12"	[java_type_ref("<Primordial,Ljava/lang/Throwable>")]
"< Application, LEDU/oswego/cs/dl/util/concurrent/ReentrantLock, acquire()V >"	"bb20"	[java_type_ref("<Primordial,Ljava/lang/InterruptedException>")]
"< Application, LEDU/oswego/cs/dl/util/concurrent/WaitableFloat, divide(F)F >"	"bb8"	[java_type_ref("<Primordial,Ljava/lang/Throwable>")]
"< Application, LEDU/oswego/cs/dl/util/concurrent/FutureResult$1, run()V >"	"bb6"	[java_type_ref("<Primordial,Ljava/lang/Throwable>")]
"< Application, LEDU/oswego/cs/dl/util/concurrent/FJTaskRunnerGroup, pollEntryQueue()LEDU/oswego/cs/dl/util/concurrent/FJTask; >"	"bb6"	[java_type_ref("<Primordial,Ljava/lang/InterruptedException>")]
"< Application, LEDU/oswego/cs/dl/util/concurrent/SyncMap, containsKey(Ljava/lang/Object;)Z >"	"bb6"	[java_type_ref("<Primordial,Ljava/lang/Throwable>")]
"< Application, LEDU/oswego/cs/dl/util/concurrent/SynchronizedFloat, swap(LEDU/oswego/cs/dl/util/concurrent/SynchronizedFloat;)F >"	"bb21"	[java_type_ref("<Primordial,Ljava/lang/Throwable>")]
"< Application, LEDU/oswego/cs/dl/util/concurrent/WaiterPreferenceSemaphore, attempt(J)Z >"	"bb36"	[java_type_ref("<Primordial,Ljava/lang/InterruptedException>")]
"< Application, LEDU/oswego/cs/dl/util/concurrent/WaitableInt, whenEqual(ILjava/lang/Runnable;)V >"	"bb12"	[java_type_ref("<Primordial,Ljava/lang/Throwable>")]
"< Application, LEDU/oswego/cs/dl/util/concurrent/WaitableShort, commit(SS)Z >"	"bb9"	[java_type_ref("<Primordial,Ljava/lang/Throwable>")]
"< Application, LEDU/oswego/cs/dl/util/concurrent/CopyOnWriteArrayList$COWSubList, subList(II)Ljava/util/List; >"	"bb17"	[java_type_ref("<Primordial,Ljava/lang/Throwable>")]
"< Application, LEDU/oswego/cs/dl/util/concurrent/LinkedQueue, poll(J)Ljava/lang/Object; >"	"bb27"	[java_type_ref("<Primordial,Ljava/lang/InterruptedException>")]
"< Application, LEDU/oswego/cs/dl/util/concurrent/WaitableDouble, whenLessEqual(DLjava/lang/Runnable;)V >"	"bb12"	[java_type_ref("<Primordial,Ljava/lang/Throwable>")]
"< Application, LEDU/oswego/cs/dl/util/concurrent/SyncList, indexOf(Ljava/lang/Object;)I >"	"bb6"	[java_type_ref("<Primordial,Ljava/lang/Throwable>")]
"< Application, LEDU/oswego/cs/dl/util/concurrent/SynchronizedByte, subtract(B)B >"	"bb7"	[java_type_ref("<Primordial,Ljava/lang/Throwable>")]
"< Application, LEDU/oswego/cs/dl/util/concurrent/WaitableInt, add(I)I >"	"bb8"	[java_type_ref("<Primordial,Ljava/lang/Throwable>")]
"< Application, LEDU/oswego/cs/dl/util/concurrent/WaitableFloat, whenGreater(FLjava/lang/Runnable;)V >"	"bb12"	[java_type_ref("<Primordial,Ljava/lang/Throwable>")]
"< Application, LEDU/oswego/cs/dl/util/concurrent/WaitableFloat, add(F)F >"	"bb8"	[java_type_ref("<Primordial,Ljava/lang/Throwable>")]
"< Application, LEDU/oswego/cs/dl/util/concurrent/BoundedBuffer, peek()Ljava/lang/Object; >"	"bb11"	[java_type_ref("<Primordial,Ljava/lang/Throwable>")]
"< Application, LEDU/oswego/cs/dl/util/concurrent/SyncCollection$SyncCollectionIterator, next()Ljava/lang/Object; >"	"bb8"	[java_type_ref("<Primordial,Ljava/lang/Throwable>")]
"< Application, LEDU/oswego/cs/dl/util/concurrent/SyncCollection, removeAll(Ljava/util/Collection;)Z >"	"bb11"	[java_type_ref("<Primordial,Ljava/lang/InterruptedException>")]
"< Application, LEDU/oswego/cs/dl/util/concurrent/VetoableChangeMulticaster, addVetoableChangeListenerIfAbsent(Ljava/lang/String;Ljava/beans/VetoableChangeListener;)V >"	"bb25"	[java_type_ref("<Primordial,Ljava/lang/Throwable>")]
"< Application, LEDU/oswego/cs/dl/util/concurrent/TimeDaemon, nextTask()LEDU/oswego/cs/dl/util/concurrent/TimeDaemon$TaskNode; >"	"bb31"	[java_type_ref("<Primordial,Ljava/lang/InterruptedException>")]
"< Application, Lhedc/ethz/util/SmartRef, <init>(Ljava/lang/String;)V >"	"bb185"	[java_type_ref("<Primordial,Ljava/net/MalformedURLException>")]
"< Application, Ljavax/servlet/http/HttpUtils, parsePostData(ILjavax/servlet/ServletInputStream;)Ljava/util/Hashtable; >"	"bb19"	[java_type_ref("<Primordial,Ljava/io/IOException>")]
"< Application, Lhedc/ethz/util/Generator, putBuffer_([C)V >"	"bb8"	[java_type_ref("<Primordial,Ljava/lang/Throwable>")]
"< Application, Lhedc/ethz/util/SmartRef, <clinit>()V >"	"bb10"	[java_type_ref("<Primordial,Ljava/lang/Exception>")]
"< Application, LEDU/oswego/cs/dl/util/concurrent/WaitableFloat, whenEqual(FLjava/lang/Runnable;)V >"	"bb12"	[java_type_ref("<Primordial,Ljava/lang/Throwable>")]
"< Application, LEDU/oswego/cs/dl/util/concurrent/SynchronizedChar, swap(LEDU/oswego/cs/dl/util/concurrent/SynchronizedChar;)C >"	"bb21"	[java_type_ref("<Primordial,Ljava/lang/Throwable>")]
"< Application, LEDU/oswego/cs/dl/util/concurrent/LayeredSync, acquire()V >"	"bb6"	[java_type_ref("<Primordial,Ljava/lang/InterruptedException>")]
"< Application, LEDU/oswego/cs/dl/util/concurrent/SyncSortedSet, headSet(Ljava/lang/Object;)Ljava/util/SortedSet; >"	"bb10"	[java_type_ref("<Primordial,Ljava/lang/Throwable>")]
"< Application, LEDU/oswego/cs/dl/util/concurrent/SynchronizedShort, negate()S >"	"bb8"	[java_type_ref("<Primordial,Ljava/lang/Throwable>")]
"< Application, LEDU/oswego/cs/dl/util/concurrent/LinkedQueue, isEmpty()Z >"	"bb10"	[java_type_ref("<Primordial,Ljava/lang/Throwable>")]
"< Application, LEDU/oswego/cs/dl/util/concurrent/Rendezvous, doRendezvous(Ljava/lang/Object;ZJ)Ljava/lang/Object; >"	"bb78"	[java_type_ref("<Primordial,Ljava/lang/Throwable>")]
"< Application, Lhedc/ethz/util/SmartRef, getLocalHostname_()Ljava/lang/String; >"	"bb4"	[java_type_ref("<Primordial,Ljava/net/UnknownHostException>")]
"< Application, LEDU/oswego/cs/dl/util/concurrent/CopyOnWriteArrayList$COWSubList, set(ILjava/lang/Object;)Ljava/lang/Object; >"	"bb13"	[java_type_ref("<Primordial,Ljava/lang/Throwable>")]
"< Application, LEDU/oswego/cs/dl/util/concurrent/SyncMap, size()I >"	"bb6"	[java_type_ref("<Primordial,Ljava/lang/Throwable>")]
"< Application, LEDU/oswego/cs/dl/util/concurrent/WaitableByte, add(B)B >"	"bb8"	[java_type_ref("<Primordial,Ljava/lang/Throwable>")]
"< Application, LEDU/oswego/cs/dl/util/concurrent/WaitableInt, whenLessEqual(ILjava/lang/Runnable;)V >"	"bb12"	[java_type_ref("<Primordial,Ljava/lang/Throwable>")]
"< Application, LEDU/oswego/cs/dl/util/concurrent/SynchronizedShort, complement()S >"	"bb8"	[java_type_ref("<Primordial,Ljava/lang/Throwable>")]
"< Application, LEDU/oswego/cs/dl/util/concurrent/WaitableBoolean, complement()Z >"	"bb8"	[java_type_ref("<Primordial,Ljava/lang/Throwable>")]
"< Application, LEDU/oswego/cs/dl/util/concurrent/SynchronizedRef, swap(LEDU/oswego/cs/dl/util/concurrent/SynchronizedRef;)Ljava/lang/Object; >"	"bb21"	[java_type_ref("<Primordial,Ljava/lang/Throwable>")]
"< Application, LEDU/oswego/cs/dl/util/concurrent/WriterPreferenceReadWriteLock$WriterLock, attempt(J)Z >"	"bb21"	[java_type_ref("<Primordial,Ljava/lang/InterruptedException>")]
"< Application, LEDU/oswego/cs/dl/util/concurrent/SyncSortedMap, comparator()Ljava/util/Comparator; >"	"bb6"	[java_type_ref("<Primordial,Ljava/lang/Throwable>")]
"< Application, LEDU/oswego/cs/dl/util/concurrent/WaitableByte, whenLessEqual(BLjava/lang/Runnable;)V >"	"bb12"	[java_type_ref("<Primordial,Ljava/lang/Throwable>")]
"< Application, Lhedc/ethz/util/Messages, wlevel()I >"	"bb12"	[java_type_ref("<Primordial,Ljava/lang/SecurityException>")]
"< Application, LEDU/oswego/cs/dl/util/concurrent/WaitableChar, set(C)C >"	"bb8"	[java_type_ref("<Primordial,Ljava/lang/Throwable>")]
"< Application, LEDU/oswego/cs/dl/util/concurrent/PropertyChangeMulticaster, addPropertyChangeListenerIfAbsent(Ljava/lang/String;Ljava/beans/PropertyChangeListener;)V >"	"bb25"	[java_type_ref("<Primordial,Ljava/lang/Throwable>")]
"< Application, LEDU/oswego/cs/dl/util/concurrent/WaitableInt, decrement()I >"	"bb8"	[java_type_ref("<Primordial,Ljava/lang/Throwable>")]
"< Application, LEDU/oswego/cs/dl/util/concurrent/QueuedExecutor$RunLoop, run()V >"	"bb8"	[java_type_ref("<Primordial,Ljava/lang/InterruptedException>")]
"< Application, LEDU/oswego/cs/dl/util/concurrent/SynchronizedByte, get()B >"	"bb6"	[java_type_ref("<Primordial,Ljava/lang/Throwable>")]
"< Application, LEDU/oswego/cs/dl/util/concurrent/SyncMap, get(Ljava/lang/Object;)Ljava/lang/Object; >"	"bb6"	[java_type_ref("<Primordial,Ljava/lang/Throwable>")]
"< Application, LEDU/oswego/cs/dl/util/concurrent/WaitableDouble, whenGreater(DLjava/lang/Runnable;)V >"	"bb12"	[java_type_ref("<Primordial,Ljava/lang/Throwable>")]
"< Application, Lhedc/ethz/util/EtcUtil, getLocalHostname()Ljava/lang/String; >"	"bb5"	[java_type_ref("<Primordial,Ljava/net/UnknownHostException>")]
"< Application, Lhedc/PooledExecutorWithInvalidate, createThreads(I)I >"	"bb14"	[java_type_ref("<Primordial,Ljava/lang/Throwable>")]
"< Application, LEDU/oswego/cs/dl/util/concurrent/SynchronizedDouble, divide(D)D >"	"bb7"	[java_type_ref("<Primordial,Ljava/lang/Throwable>")]
"< Application, LEDU/oswego/cs/dl/util/concurrent/SynchronizedInt, increment()I >"	"bb7"	[java_type_ref("<Primordial,Ljava/lang/Throwable>")]
"< Application, Lhedc/PooledExecutorWithInvalidate, execute(Lhedc/Task;)V >"	"bb22"	[java_type_ref("<Primordial,Ljava/lang/Throwable>")]
"< Application, LEDU/oswego/cs/dl/util/concurrent/WaitableLong, divide(J)J >"	"bb8"	[java_type_ref("<Primordial,Ljava/lang/Throwable>")]
"< Application, Lhedc/ethz/util/SystemProperties, getUniqueInstance()Lhedc/ethz/util/SystemProperties; >"	"bb10"	[java_type_ref("<Primordial,Ljava/lang/Exception>")]
"< Application, LEDU/oswego/cs/dl/util/concurrent/WaitableShort, whenLess(SLjava/lang/Runnable;)V >"	"bb12"	[java_type_ref("<Primordial,Ljava/lang/Throwable>")]
"< Application, LEDU/oswego/cs/dl/util/concurrent/WaitableInt, multiply(I)I >"	"bb8"	[java_type_ref("<Primordial,Ljava/lang/Throwable>")]
"< Application, Lhedc/ethz/util/BaseProperties, getURL(Ljava/lang/String;Ljava/net/URL;)Ljava/net/URL; >"	"bb15"	[java_type_ref("<Primordial,Ljava/lang/Exception>")]
"< Application, LEDU/oswego/cs/dl/util/concurrent/PooledExecutor, drain()Ljava/util/List; >"	"bb10"	[java_type_ref("<Primordial,Ljava/lang/InterruptedException>")]
"< Application, LEDU/oswego/cs/dl/util/concurrent/WaitableInt, whenGreater(ILjava/lang/Runnable;)V >"	"bb12"	[java_type_ref("<Primordial,Ljava/lang/Throwable>")]
"< Application, LEDU/oswego/cs/dl/util/concurrent/SynchronizedBoolean, swap(LEDU/oswego/cs/dl/util/concurrent/SynchronizedBoolean;)Z >"	"bb19"	[java_type_ref("<Primordial,Ljava/lang/Throwable>")]
"< Application, Lhedc/RandomDate, nextString()Ljava/lang/String; >"	"bb4"	[java_type_ref("<Primordial,Ljava/lang/Exception>")]
"< Application, LEDU/oswego/cs/dl/util/concurrent/LinkedQueue, take()Ljava/lang/Object; >"	"bb27"	[java_type_ref("<Primordial,Ljava/lang/Throwable>")]
"< Application, LEDU/oswego/cs/dl/util/concurrent/WaitableInt, subtract(I)I >"	"bb8"	[java_type_ref("<Primordial,Ljava/lang/Throwable>")]
"< Application, LEDU/oswego/cs/dl/util/concurrent/WaitableBoolean, set(Z)Z >"	"bb8"	[java_type_ref("<Primordial,Ljava/lang/Throwable>")]
"< Application, Lhedc/ethz/util/DoubleBufferCopy$CopyThread, run()V >"	"bb18"	[java_type_ref("<Primordial,Ljava/io/IOException>")]
"< Application, Lhedc/ethz/util/HttpLogger, writePreamble_()V >"	"bb21"	[java_type_ref("<Primordial,Ljava/lang/Exception>")]
"< Application, LEDU/oswego/cs/dl/util/concurrent/BoundedLinkedQueue, put(Ljava/lang/Object;)V >"	"bb31"	[java_type_ref("<Primordial,Ljava/lang/Throwable>")]
"< Application, Lhedc/ethz/util/EtcUtil, isLocalHost(Ljava/lang/String;)Z >"	"bb9"	[java_type_ref("<Primordial,Ljava/net/UnknownHostException>")]
"< Application, LEDU/oswego/cs/dl/util/concurrent/SyncSortedMap, lastKey()Ljava/lang/Object; >"	"bb6"	[java_type_ref("<Primordial,Ljava/lang/Throwable>")]
"< Application, Lhedc/ethz/util/HttpLogger, writeEpilogue_()V >"	"bb15"	[java_type_ref("<Primordial,Ljava/lang/Exception>")]
"< Application, LEDU/oswego/cs/dl/util/concurrent/WaitableDouble, whenNotEqual(DLjava/lang/Runnable;)V >"	"bb12"	[java_type_ref("<Primordial,Ljava/lang/Throwable>")]
"< Application, LEDU/oswego/cs/dl/util/concurrent/WaitableDouble, whenLess(DLjava/lang/Runnable;)V >"	"bb12"	[java_type_ref("<Primordial,Ljava/lang/Throwable>")]
"< Application, LEDU/oswego/cs/dl/util/concurrent/SyncList$SyncCollectionListIterator, set(Ljava/lang/Object;)V >"	"bb10"	[java_type_ref("<Primordial,Ljava/lang/Throwable>")]
"< Application, LEDU/oswego/cs/dl/util/concurrent/PooledExecutor$WaitWhenBlocked, blockedAction(Ljava/lang/Runnable;)Z >"	"bb5"	[java_type_ref("<Primordial,Ljava/lang/InterruptedException>")]
"< Application, LEDU/oswego/cs/dl/util/concurrent/SynchronizedFloat, divide(F)F >"	"bb7"	[java_type_ref("<Primordial,Ljava/lang/Throwable>")]
"< Application, LEDU/oswego/cs/dl/util/concurrent/SyncMap, remove(Ljava/lang/Object;)Ljava/lang/Object; >"	"bb8"	[java_type_ref("<Primordial,Ljava/lang/Throwable>")]
"< Application, LEDU/oswego/cs/dl/util/concurrent/SyncCollection, size()I >"	"bb6"	[java_type_ref("<Primordial,Ljava/lang/Throwable>")]
"< Application, LEDU/oswego/cs/dl/util/concurrent/Rendezvous, doRendezvous(Ljava/lang/Object;ZJ)Ljava/lang/Object; >"	"bb48"	[java_type_ref("<Primordial,Ljava/lang/InterruptedException>")]
"< Application, LEDU/oswego/cs/dl/util/concurrent/SyncCollection, beforeRead()Z >"	"bb4"	[java_type_ref("<Primordial,Ljava/lang/InterruptedException>")]
"< Application, LEDU/oswego/cs/dl/util/concurrent/FJTaskRunner, confirmTake(I)LEDU/oswego/cs/dl/util/concurrent/FJTask; >"	"bb15"	[java_type_ref("<Primordial,Ljava/lang/Throwable>")]
"< Application, LEDU/oswego/cs/dl/util/concurrent/WaitableFloat, set(F)F >"	"bb8"	[java_type_ref("<Primordial,Ljava/lang/Throwable>")]
"< Application, Lhedc/SohoSynoptic$SohoIterator, next()Ljava/lang/Object; >"	"bb11"	[java_type_ref("<Primordial,Ljava/lang/Exception>")]
"< Application, LEDU/oswego/cs/dl/util/concurrent/BoundedLinkedQueue, allowTake()V >"	"bb7"	[java_type_ref("<Primordial,Ljava/lang/Throwable>")]
"< Application, LEDU/oswego/cs/dl/util/concurrent/CondVar, await()V >"	"bb21"	[java_type_ref("<Primordial,Ljava/lang/InterruptedException>")]
"< Application, LEDU/oswego/cs/dl/util/concurrent/SynchronizedByte, swap(LEDU/oswego/cs/dl/util/concurrent/SynchronizedByte;)B >"	"bb19"	[java_type_ref("<Primordial,Ljava/lang/Throwable>")]
"< Application, Lhedc/regexp/RegexpCompiler, compileAlternative(Lhedc/regexp/CompilerState;Lhedc/regexp/Regexp;)Lhedc/regexp/Regexp; >"	"bb93"	[java_type_ref("<Application,Lhedc/regexp/MalformedRegexpException>")]
"< Application, LEDU/oswego/cs/dl/util/concurrent/FIFOReadWriteLock$ReaderSync, acquire()V >"	"bb7"	[java_type_ref("<Primordial,Ljava/lang/Throwable>")]
"< Application, LEDU/oswego/cs/dl/util/concurrent/SyncList$SyncCollectionListIterator, add(Ljava/lang/Object;)V >"	"bb15"	[java_type_ref("<Primordial,Ljava/lang/InterruptedException>")]
"< Application, LEDU/oswego/cs/dl/util/concurrent/SyncMap, remove(Ljava/lang/Object;)Ljava/lang/Object; >"	"bb11"	[java_type_ref("<Primordial,Ljava/lang/InterruptedException>")]
"< Application, LEDU/oswego/cs/dl/util/concurrent/WaitableInt, whenLess(ILjava/lang/Runnable;)V >"	"bb12"	[java_type_ref("<Primordial,Ljava/lang/Throwable>")]
"< Application, LEDU/oswego/cs/dl/util/concurrent/SynchronizedDouble, commit(DD)Z >"	"bb11"	[java_type_ref("<Primordial,Ljava/lang/Throwable>")]
"< Application, LEDU/oswego/cs/dl/util/concurrent/SynchronizedInt, complement()I >"	"bb8"	[java_type_ref("<Primordial,Ljava/lang/Throwable>")]
"< Application, LEDU/oswego/cs/dl/util/concurrent/WaitableShort, divide(S)S >"	"bb8"	[java_type_ref("<Primordial,Ljava/lang/Throwable>")]
"< Application, LEDU/oswego/cs/dl/util/concurrent/SynchronizedInt, and(I)I >"	"bb8"	[java_type_ref("<Primordial,Ljava/lang/Throwable>")]
"< Application, LEDU/oswego/cs/dl/util/concurrent/WaitableChar, whenGreater(CLjava/lang/Runnable;)V >"	"bb12"	[java_type_ref("<Primordial,Ljava/lang/Throwable>")]
"< Application, LEDU/oswego/cs/dl/util/concurrent/Semaphore, attempt(J)Z >"	"bb29"	[java_type_ref("<Primordial,Ljava/lang/InterruptedException>")]
"< Application, LEDU/oswego/cs/dl/util/concurrent/SyncSortedMap, headMap(Ljava/lang/Object;)Ljava/util/SortedMap; >"	"bb10"	[java_type_ref("<Primordial,Ljava/lang/Throwable>")]
"< Application, LEDU/oswego/cs/dl/util/concurrent/SyncSortedSet, comparator()Ljava/util/Comparator; >"	"bb6"	[java_type_ref("<Primordial,Ljava/lang/Throwable>")]
"< Application, LEDU/oswego/cs/dl/util/concurrent/SynchronousChannel, doTake(ZJ)Ljava/lang/Object; >"	"bb12"	[java_type_ref("<Primordial,Ljava/lang/InterruptedException>")]
"< Application, LEDU/oswego/cs/dl/util/concurrent/WaitableChar, commit(CC)Z >"	"bb9"	[java_type_ref("<Primordial,Ljava/lang/Throwable>")]
"< Application, LEDU/oswego/cs/dl/util/concurrent/SyncSortedMap, tailMap(Ljava/lang/Object;)Ljava/util/SortedMap; >"	"bb10"	[java_type_ref("<Primordial,Ljava/lang/Throwable>")]
"< Application, LEDU/oswego/cs/dl/util/concurrent/VetoableChangeMulticaster, multicast(Ljava/beans/PropertyChangeEvent;)V >"	"bb14"	[java_type_ref("<Primordial,Ljava/lang/Throwable>")]
"< Application, LEDU/oswego/cs/dl/util/concurrent/WaitableDouble, divide(D)D >"	"bb8"	[java_type_ref("<Primordial,Ljava/lang/Throwable>")]
"< Application, LEDU/oswego/cs/dl/util/concurrent/CopyOnWriteArrayList$COWSubList, add(ILjava/lang/Object;)V >"	"bb20"	[java_type_ref("<Primordial,Ljava/lang/Throwable>")]
"< Application, LEDU/oswego/cs/dl/util/concurrent/SyncMap, beforeRead()Z >"	"bb4"	[java_type_ref("<Primordial,Ljava/lang/InterruptedException>")]
"< Application, Lhedc/RandomDate, main([Ljava/lang/String;)V >"	"bb9"	[java_type_ref("<Primordial,Ljava/lang/Exception>")]
"< Application, LEDU/oswego/cs/dl/util/concurrent/SyncList, subList(II)Ljava/util/List; >"	"bb10"	[java_type_ref("<Primordial,Ljava/lang/Throwable>")]
"< Application, LEDU/oswego/cs/dl/util/concurrent/WaitableInt, commit(II)Z >"	"bb9"	[java_type_ref("<Primordial,Ljava/lang/Throwable>")]
"< Application, LEDU/oswego/cs/dl/util/concurrent/WaitableFloat, whenLessEqual(FLjava/lang/Runnable;)V >"	"bb12"	[java_type_ref("<Primordial,Ljava/lang/Throwable>")]
"< Application, LEDU/oswego/cs/dl/util/concurrent/Semaphore, acquire()V >"	"bb18"	[java_type_ref("<Primordial,Ljava/lang/Throwable>")]
"< Application, LEDU/oswego/cs/dl/util/concurrent/SemaphoreControlledChannel, offer(Ljava/lang/Object;J)Z >"	"bb18"	[java_type_ref("<Primordial,Ljava/lang/ClassCastException>")]
"< Application, LEDU/oswego/cs/dl/util/concurrent/WriterPreferenceReadWriteLock$WriterLock, acquire()V >"	"bb23"	[java_type_ref("<Primordial,Ljava/lang/Throwable>")]
"< Application, LEDU/oswego/cs/dl/util/concurrent/SyncMap, entrySet()Ljava/util/Set; >"	"bb14"	[java_type_ref("<Primordial,Ljava/lang/Throwable>")]
"< Application, LEDU/oswego/cs/dl/util/concurrent/WaitableByte, subtract(B)B >"	"bb8"	[java_type_ref("<Primordial,Ljava/lang/Throwable>")]
"< Application, Lhedc/PooledExecutorWithInvalidate$WaitWhenBlocked, blockedAction(Ljava/lang/Runnable;)Z >"	"bb5"	[java_type_ref("<Primordial,Ljava/lang/InterruptedException>")]
"< Application, LEDU/oswego/cs/dl/util/concurrent/SyncList, listIterator(I)Ljava/util/ListIterator; >"	"bb8"	[java_type_ref("<Primordial,Ljava/lang/Throwable>")]
"< Application, Lhedc/PooledExecutorWithInvalidate, workerDone(Lhedc/PooledExecutorWithInvalidate$Worker;)V >"	"bb9"	[java_type_ref("<Primordial,Ljava/lang/Throwable>")]
"< Application, LEDU/oswego/cs/dl/util/concurrent/SyncList$SyncCollectionListIterator, hasPrevious()Z >"	"bb8"	[java_type_ref("<Primordial,Ljava/lang/Throwable>")]
"< Application, LEDU/oswego/cs/dl/util/concurrent/BoundedBuffer, poll(J)Ljava/lang/Object; >"	"bb18"	[java_type_ref("<Primordial,Ljava/lang/InterruptedException>")]
"< Application, LEDU/oswego/cs/dl/util/concurrent/SyncCollection, toArray([Ljava/lang/Object;)[Ljava/lang/Object; >"	"bb6"	[java_type_ref("<Primordial,Ljava/lang/Throwable>")]
"< Application, LEDU/oswego/cs/dl/util/concurrent/WaitableBoolean, whenTrue(Ljava/lang/Runnable;)V >"	"bb12"	[java_type_ref("<Primordial,Ljava/lang/Throwable>")]
"< Application, LEDU/oswego/cs/dl/util/concurrent/SynchronizedDouble, subtract(D)D >"	"bb7"	[java_type_ref("<Primordial,Ljava/lang/Throwable>")]
"< Application, Lhedc/ethz/util/HttpLogger, log(Ljavax/servlet/http/HttpServletRequest;Ljavax/servlet/http/HttpServletResponse;JIJ)V >"	"bb155"	[java_type_ref("<Primordial,Ljava/lang/Exception>")]
"< Application, LEDU/oswego/cs/dl/util/concurrent/SynchronizedByte, and(B)B >"	"bb8"	[java_type_ref("<Primordial,Ljava/lang/Throwable>")]
"< Application, LEDU/oswego/cs/dl/util/concurrent/SynchronizedChar, divide(C)C >"	"bb8"	[java_type_ref("<Primordial,Ljava/lang/Throwable>")]
"< Application, LEDU/oswego/cs/dl/util/concurrent/SyncCollection, clear()V >"	"bb8"	[java_type_ref("<Primordial,Ljava/lang/Throwable>")]
"< Application, LEDU/oswego/cs/dl/util/concurrent/SynchronizedByte, divide(B)B >"	"bb8"	[java_type_ref("<Primordial,Ljava/lang/Throwable>")]
"< Application, LEDU/oswego/cs/dl/util/concurrent/CondVar, timedwait(J)Z >"	"bb22"	[java_type_ref("<Primordial,Ljava/lang/Throwable>")]
"< Application, LEDU/oswego/cs/dl/util/concurrent/VetoableChangeMulticaster, hasListeners(Ljava/lang/String;)Z >"	"bb20"	[java_type_ref("<Primordial,Ljava/lang/Throwable>")]
"< Application, Lhedc/ethz/util/SerializePerformanceTest, writeData_(Ljava/lang/String;)J >"	"bb9"	[java_type_ref("<Primordial,Ljava/io/IOException>")]
"< Application, LEDU/oswego/cs/dl/util/concurrent/WaitableRef, whenEqual(Ljava/lang/Object;Ljava/lang/Runnable;)V >"	"bb12"	[java_type_ref("<Primordial,Ljava/lang/Throwable>")]
"< Application, LEDU/oswego/cs/dl/util/concurrent/WaitableChar, multiply(C)C >"	"bb8"	[java_type_ref("<Primordial,Ljava/lang/Throwable>")]
"< Application, LEDU/oswego/cs/dl/util/concurrent/QueuedSemaphore$WaitQueue$WaitNode, doTimedWait(LEDU/oswego/cs/dl/util/concurrent/QueuedSemaphore;J)Z >"	"bb19"	[java_type_ref("<Primordial,Ljava/lang/InterruptedException>")]
"< Application, LEDU/oswego/cs/dl/util/concurrent/FIFOReadWriteLock$ReaderSync, attempt(J)Z >"	"bb16"	[java_type_ref("<Primordial,Ljava/lang/Throwable>")]
"< Application, LEDU/oswego/cs/dl/util/concurrent/SyncCollection, removeAll(Ljava/util/Collection;)Z >"	"bb8"	[java_type_ref("<Primordial,Ljava/lang/Throwable>")]
"< Application, LEDU/oswego/cs/dl/util/concurrent/WaitableBoolean, whenNotEqual(ZLjava/lang/Runnable;)V >"	"bb12"	[java_type_ref("<Primordial,Ljava/lang/Throwable>")]
"< Application, LEDU/oswego/cs/dl/util/concurrent/WaitableBoolean, xor(Z)Z >"	"bb8"	[java_type_ref("<Primordial,Ljava/lang/Throwable>")]
"< Application, Lhedc/ethz/util/BaseProperties, getInetAddress(Ljava/lang/String;Ljava/net/InetAddress;)Ljava/net/InetAddress; >"	"bb5"	[java_type_ref("<Primordial,Ljava/lang/Exception>")]
"< Application, LEDU/oswego/cs/dl/util/concurrent/Rendezvous, doRendezvous(Ljava/lang/Object;ZJ)Ljava/lang/Object; >"	"bb102"	[java_type_ref("<Primordial,Ljava/lang/Throwable>")]
"< Application, LEDU/oswego/cs/dl/util/concurrent/BoundedLinkedQueue, put(Ljava/lang/Object;)V >"	"bb26"	[java_type_ref("<Primordial,Ljava/lang/Throwable>")]
"< Application, LEDU/oswego/cs/dl/util/concurrent/Semaphore, acquire()V >"	"bb14"	[java_type_ref("<Primordial,Ljava/lang/InterruptedException>")]
"< Application, LEDU/oswego/cs/dl/util/concurrent/SyncList, unprotectedListIterator(I)Ljava/util/ListIterator; >"	"bb6"	[java_type_ref("<Primordial,Ljava/lang/Throwable>")]
"< Application, LEDU/oswego/cs/dl/util/concurrent/SynchronousChannel, doPut(Ljava/lang/Object;)V >"	"bb10"	[java_type_ref("<Primordial,Ljava/lang/InterruptedException>")]
