"< Application, Lhedc/ethz/util/DoubleBufferCopy, <clinit>()V >"
"< Application, Ljavax/servlet/http/Cookie, <clinit>()V >"
"< Application, Ljavax/servlet/jsp/tagext/TagData, <clinit>()V >"
"< Application, Lhedc/ethz/util/RmiLogger, <clinit>()V >"
"< Application, Ljavax/servlet/http/NoBodyOutputStream, <clinit>()V >"
"< Application, Lhedc/Tester, <clinit>()V >"
"< Application, Lhedc/regexp/CharClass, <clinit>()V >"
"< Application, Lhedc/FormFiller, <clinit>()V >"
"< Application, Lhedc/ethz/util/Messages, <clinit>()V >"
"< Application, Lhedc/Messages, <clinit>()V >"
"< Application, Lhedc/RandomDate, <clinit>()V >"
"< Application, Lhedc/PooledExecutorWithInvalidate, <clinit>()V >"
"< Application, Lhedc/MetaSearchImpl, <clinit>()V >"
"< Application, Lhedc/ethz/util/SmartRef, <clinit>()V >"
"< Application, Ljavax/servlet/http/HttpServlet, <clinit>()V >"
"< Application, Lhedc/TaskFactory, <clinit>()V >"
"< Application, Ljavax/servlet/jsp/JspFactory, <clinit>()V >"
"< Application, Lhedc/ethz/util/Generator, <clinit>()V >"
"< Application, Lhedc/Rag, <clinit>()V >"
"< Application, Lhedc/ethz/util/Estimator, <clinit>()V >"
"< Application, Lhedc/regexp/ContextMatch, <clinit>()V >"
"< Application, LEDU/oswego/cs/dl/util/concurrent/DefaultChannelCapacity, <clinit>()V >"
"< Application, Ljavax/servlet/http/HttpUtils, <clinit>()V >"
"< Application, Lhedc/ethz/util/SystemProperties, <clinit>()V >"
"< Application, Lhedc/ethz/util/HttpLogger, <clinit>()V >"
"< Application, Lhedc/ethz/util/Logger, <clinit>()V >"
"< Application, Lhedc/SohoSynoptic, <clinit>()V >"
"< Application, Lhedc/regexp/Regexp, <clinit>()V >"
"< Application, Lhedc/ethz/util/EtcUtil, <clinit>()V >"
"< Application, Lhedc/regexp/Literal, <clinit>()V >"
"< Application, Ljavax/servlet/ServletOutputStream, <clinit>()V >"
