"< Application, LEDU/oswego/cs/dl/util/concurrent/FJTaskRunnerGroup, entryQueue, <Application,LEDU/oswego/cs/dl/util/concurrent/LinkedQueue> >"	java_type_ref("<Application,LEDU/oswego/cs/dl/util/concurrent/LinkedQueue>")
"< Application, LEDU/oswego/cs/dl/util/concurrent/Mutex, inuse_, <Primordial,Z> >"	java_type_prim(java_prim_type_boolean)
"< Application, Ljavax/servlet/http/HttpServletResponse, SC_PROXY_AUTHENTICATION_REQUIRED, <Primordial,I> >"	java_type_prim(java_prim_type_int)
"< Application, LEDU/oswego/cs/dl/util/concurrent/PooledExecutor$Worker, this$0, <Application,LEDU/oswego/cs/dl/util/concurrent/PooledExecutor> >"	java_type_ref("<Application,LEDU/oswego/cs/dl/util/concurrent/PooledExecutor>")
"< Application, Ljavax/servlet/http/Cookie, tspecials, <Application,Ljava/lang/String> >"	java_type_ref("<Primordial,Ljava/lang/String>")
"< Application, Lhedc/ethz/util/SystemProperties, source_, <Application,Ljava/lang/String> >"	java_type_ref("<Primordial,Ljava/lang/String>")
"< Application, Lhedc/ethz/util/CopyStream, ist_, <Application,Ljava/io/InputStream> >"	java_type_ref("<Primordial,Ljava/io/InputStream>")
"< Application, LEDU/oswego/cs/dl/util/concurrent/FJTaskRunner, runPriority, <Primordial,I> >"	java_type_prim(java_prim_type_int)
"< Application, Lhedc/MetaSearchRequest, thread_, <Application,Ljava/lang/Thread> >"	java_type_ref("<Primordial,Ljava/lang/Thread>")
"< Application, LEDU/oswego/cs/dl/util/concurrent/TimeoutSync, timeout_, <Primordial,J> >"	java_type_prim(java_prim_type_long)
"< Application, LEDU/oswego/cs/dl/util/concurrent/CopyOnWriteArrayList$COWIterator, array, <Application,[Ljava/lang/Object> >"	java_type_array(java_type_ref("<Primordial,Ljava/lang/Object>"))
"< Application, LEDU/oswego/cs/dl/util/concurrent/CopyOnWriteArrayList$COWSubList, l, <Application,LEDU/oswego/cs/dl/util/concurrent/CopyOnWriteArrayList> >"	java_type_ref("<Application,LEDU/oswego/cs/dl/util/concurrent/CopyOnWriteArrayList>")
"< Application, Lhedc/Tester, fw_, <Application,Ljava/io/FileWriter> >"	java_type_ref("<Primordial,Ljava/io/FileWriter>")
"< Application, Lhedc/ethz/util/Logger, LOG_BUFFER_DEFAULT_SIZE_, <Primordial,I> >"	java_type_prim(java_prim_type_int)
"< Application, Ljavax/servlet/http/HttpServletResponse, SC_MOVED_PERMANENTLY, <Primordial,I> >"	java_type_prim(java_prim_type_int)
"< Application, LEDU/oswego/cs/dl/util/concurrent/BoundedLinkedQueue, last_, <Application,LEDU/oswego/cs/dl/util/concurrent/LinkedNode> >"	java_type_ref("<Application,LEDU/oswego/cs/dl/util/concurrent/LinkedNode>")
"< Application, Lhedc/ethz/util/Logger, LOG01_, <Application,Ljava/lang/String> >"	java_type_ref("<Primordial,Ljava/lang/String>")
"< Application, Lhedc/Tester, TES_SOHO_SYNOPTIC_, <Application,Ljava/lang/String> >"	java_type_ref("<Primordial,Ljava/lang/String>")
"< Application, Ljavax/servlet/http/HttpServletResponse, SC_SWITCHING_PROTOCOLS, <Primordial,I> >"	java_type_prim(java_prim_type_int)
"< Application, Lhedc/ethz/util/Generator, bufferPool_, <Application,Ljava/util/Vector> >"	java_type_ref("<Primordial,Ljava/util/Vector>")
"< Application, LEDU/oswego/cs/dl/util/concurrent/TimeDaemon$RunLoop, this$0, <Application,LEDU/oswego/cs/dl/util/concurrent/TimeDaemon> >"	java_type_ref("<Application,LEDU/oswego/cs/dl/util/concurrent/TimeDaemon>")
"< Application, LEDU/oswego/cs/dl/util/concurrent/BoundedLinkedQueue, putGuard_, <Application,Ljava/lang/Object> >"	java_type_ref("<Primordial,Ljava/lang/Object>")
"< Application, Lhedc/SohoSynoptic, INSTITUTE_CODES_, <Application,Ljava/util/Hashtable> >"	java_type_ref("<Primordial,Ljava/util/Hashtable>")
"< Application, Lhedc/Rag, charsread_, <Primordial,I> >"	java_type_prim(java_prim_type_int)
"< Application, LEDU/oswego/cs/dl/util/concurrent/VetoableChangeMulticaster, children, <Application,Ljava/util/HashMap> >"	java_type_ref("<Primordial,Ljava/util/HashMap>")
"< Application, Lhedc/regexp/CharClass, dClass, <Application,Lhedc/regexp/CharClass> >"	java_type_ref("<Application,Lhedc/regexp/CharClass>")
"< Application, Lhedc/ethz/util/BufferedCopy, ist_, <Application,Ljava/io/InputStream> >"	java_type_ref("<Primordial,Ljava/io/InputStream>")
"< Application, LEDU/oswego/cs/dl/util/concurrent/FJTask$Seq2, snd, <Application,LEDU/oswego/cs/dl/util/concurrent/FJTask> >"	java_type_ref("<Application,LEDU/oswego/cs/dl/util/concurrent/FJTask>")
"< Application, LEDU/oswego/cs/dl/util/concurrent/WaitFreeQueue$Node, value, <Application,Ljava/lang/Object> >"	java_type_ref("<Primordial,Ljava/lang/Object>")
"< Application, LEDU/oswego/cs/dl/util/concurrent/FJTaskRunnerGroup, SCANS_PER_SLEEP, <Primordial,J> >"	java_type_prim(java_prim_type_long)
"< Application, Lhedc/regexp/Group, n, <Primordial,I> >"	java_type_prim(java_prim_type_int)
"< Application, Lhedc/SohoSynoptic, FORMAT_CODES_, <Application,Ljava/util/Hashtable> >"	java_type_ref("<Primordial,Ljava/util/Hashtable>")
"< Application, LEDU/oswego/cs/dl/util/concurrent/Rendezvous, departures_, <Primordial,J> >"	java_type_prim(java_prim_type_long)
"< Application, LEDU/oswego/cs/dl/util/concurrent/SyncCollection, wr_, <Application,LEDU/oswego/cs/dl/util/concurrent/Sync> >"	java_type_ref("<Application,LEDU/oswego/cs/dl/util/concurrent/Sync>")
"< Application, LEDU/oswego/cs/dl/util/concurrent/ClockDaemon$TaskNode, command, <Application,Ljava/lang/Runnable> >"	java_type_ref("<Primordial,Ljava/lang/Runnable>")
"< Application, Lhedc/ethz/util/SmartRef, SRF05_, <Application,Ljava/lang/String> >"	java_type_ref("<Primordial,Ljava/lang/String>")
"< Application, LEDU/oswego/cs/dl/util/concurrent/PooledExecutor, minimumPoolSize_, <Primordial,I> >"	java_type_prim(java_prim_type_int)
"< Application, Ljavax/servlet/jsp/tagext/TagInfo, BODY_CONTENT_EMPTY, <Application,Ljava/lang/String> >"	java_type_ref("<Primordial,Ljava/lang/String>")
"< Application, LEDU/oswego/cs/dl/util/concurrent/Sync, ONE_HOUR, <Primordial,J> >"	java_type_prim(java_prim_type_long)
"< Application, LEDU/oswego/cs/dl/util/concurrent/CopyOnWriteArrayList$COWSubList$COWSubListIterator, this$0, <Application,LEDU/oswego/cs/dl/util/concurrent/CopyOnWriteArrayList$COWSubList> >"	java_type_ref("<Application,LEDU/oswego/cs/dl/util/concurrent/CopyOnWriteArrayList$COWSubList>")
"< Application, Lhedc/DateFormatter, calendar, <Application,Ljava/util/Calendar> >"	java_type_ref("<Primordial,Ljava/util/Calendar>")
"< Application, Lhedc/MetaSearchRequest, counter_, <Primordial,I> >"	java_type_prim(java_prim_type_int)
"< Application, Lhedc/Rag, dateFormatter1_, <Application,Lhedc/DateFormatter> >"	java_type_ref("<Application,Lhedc/DateFormatter>")
"< Application, Lhedc/ethz/util/DoubleBufferCopy, DBC01_, <Application,Ljava/lang/String> >"	java_type_ref("<Primordial,Ljava/lang/String>")
"< Application, LEDU/oswego/cs/dl/util/concurrent/FutureResult$1, this$0, <Application,LEDU/oswego/cs/dl/util/concurrent/FutureResult> >"	java_type_ref("<Application,LEDU/oswego/cs/dl/util/concurrent/FutureResult>")
"< Application, Lhedc/MetaSearchImpl, MSR_ROW_LINE_TEMPLATE_, <Primordial,[C> >"	java_type_array(java_type_prim(java_prim_type_char))
"< Application, LEDU/oswego/cs/dl/util/concurrent/CopyOnWriteArrayList$COWSubList, offset, <Primordial,I> >"	java_type_prim(java_prim_type_int)
"< Application, Lhedc/regexp/ContextMatch, kind, <Primordial,I> >"	java_type_prim(java_prim_type_int)
"< Application, Lhedc/ethz/util/DoubleBufferCopy, write_, <Application,Lhedc/ethz/util/DoubleBufferCopy$CopyThread> >"	java_type_ref("<Application,Lhedc/ethz/util/DoubleBufferCopy$CopyThread>")
"< Application, LEDU/oswego/cs/dl/util/concurrent/WaitFreeQueue, head_, <Application,LEDU/oswego/cs/dl/util/concurrent/WaitFreeQueue$Node> >"	java_type_ref("<Application,LEDU/oswego/cs/dl/util/concurrent/WaitFreeQueue$Node>")
"< Application, LEDU/oswego/cs/dl/util/concurrent/FJTaskRunner, INITIAL_CAPACITY, <Primordial,I> >"	java_type_prim(java_prim_type_int)
"< Application, Lhedc/ethz/util/DoubleBufferCopy, DBC_WRITE, <Primordial,I> >"	java_type_prim(java_prim_type_int)
"< Application, Ljavax/servlet/http/HttpSessionBindingEvent, name, <Application,Ljava/lang/String> >"	java_type_ref("<Primordial,Ljava/lang/String>")
"< Application, Lhedc/ethz/util/DoubleBufferCopy, ist_, <Application,Ljava/io/InputStream> >"	java_type_ref("<Primordial,Ljava/io/InputStream>")
"< Application, LEDU/oswego/cs/dl/util/concurrent/ClockDaemon, runLoop_, <Application,LEDU/oswego/cs/dl/util/concurrent/ClockDaemon$RunLoop> >"	java_type_ref("<Application,LEDU/oswego/cs/dl/util/concurrent/ClockDaemon$RunLoop>")
"< Application, LEDU/oswego/cs/dl/util/concurrent/TimeDaemon$TaskNode, cancelled_, <Primordial,Z> >"	java_type_prim(java_prim_type_boolean)
"< Application, LEDU/oswego/cs/dl/util/concurrent/SynchronizedShort, value_, <Primordial,S> >"	java_type_prim(java_prim_type_short)
"< Application, LEDU/oswego/cs/dl/util/concurrent/SemaphoreControlledChannel, capacity_, <Primordial,I> >"	java_type_prim(java_prim_type_int)
"< Application, Lhedc/FormFiller, FFS_WWW_, <Application,Ljava/lang/String> >"	java_type_ref("<Primordial,Ljava/lang/String>")
"< Application, LEDU/oswego/cs/dl/util/concurrent/ClockDaemon$TaskNode, period, <Primordial,J> >"	java_type_prim(java_prim_type_long)
"< Application, Lhedc/PooledExecutorWithInvalidate, DEFAULT_MINIMUMPOOLSIZE, <Primordial,I> >"	java_type_prim(java_prim_type_int)
"< Application, Lhedc/regexp/StringState, s, <Application,Ljava/lang/String> >"	java_type_ref("<Primordial,Ljava/lang/String>")
"< Application, Ljavax/servlet/http/HttpServlet, HEADER_IFMODSINCE, <Application,Ljava/lang/String> >"	java_type_ref("<Primordial,Ljava/lang/String>")
"< Application, LEDU/oswego/cs/dl/util/concurrent/VetoableChangeMulticaster, source, <Application,Ljava/lang/Object> >"	java_type_ref("<Primordial,Ljava/lang/Object>")
"< Application, LEDU/oswego/cs/dl/util/concurrent/BoundedLinkedQueue, capacity_, <Primordial,I> >"	java_type_prim(java_prim_type_int)
"< Application, Ljavax/servlet/http/HttpServlet, METHOD_OPTIONS, <Application,Ljava/lang/String> >"	java_type_ref("<Primordial,Ljava/lang/String>")
"< Application, LEDU/oswego/cs/dl/util/concurrent/ObservableSync, observers_, <Application,LEDU/oswego/cs/dl/util/concurrent/CopyOnWriteArraySet> >"	java_type_ref("<Application,LEDU/oswego/cs/dl/util/concurrent/CopyOnWriteArraySet>")
"< Application, Lhedc/ethz/util/ObservableProperties, observersCount_, <Primordial,I> >"	java_type_prim(java_prim_type_int)
"< Application, LEDU/oswego/cs/dl/util/concurrent/FJTaskRunnerGroup, entries, <Primordial,I> >"	java_type_prim(java_prim_type_int)
"< Application, Lhedc/ethz/util/SmartRef, SRF_LOCAL_URL_PREFIX_, <Application,Ljava/lang/String> >"	java_type_ref("<Primordial,Ljava/lang/String>")
"< Application, Lhedc/FormFiller, size_, <Primordial,J> >"	java_type_prim(java_prim_type_long)
"< Application, LEDU/oswego/cs/dl/util/concurrent/Rendezvous, entryGate_, <Application,LEDU/oswego/cs/dl/util/concurrent/Semaphore> >"	java_type_ref("<Application,LEDU/oswego/cs/dl/util/concurrent/Semaphore>")
"< Application, Lhedc/regexp/Multi, kind, <Primordial,I> >"	java_type_prim(java_prim_type_int)
"< Application, Ljavax/servlet/jsp/JspWriter, NO_BUFFER, <Primordial,I> >"	java_type_prim(java_prim_type_int)
"< Application, Ljavax/servlet/jsp/tagext/TagSupport, id, <Application,Ljava/lang/String> >"	java_type_ref("<Primordial,Ljava/lang/String>")
"< Application, Lhedc/ethz/util/Estimator, xMax_, <Primordial,D> >"	java_type_prim(java_prim_type_double)
"< Application, Lhedc/ethz/util/SystemProperties, uniqueInstance_, <Application,Lhedc/ethz/util/SystemProperties> >"	java_type_ref("<Application,Lhedc/ethz/util/SystemProperties>")
"< Application, Lhedc/MetaSearchResult, request, <Application,Lhedc/MetaSearchRequest> >"	java_type_ref("<Application,Lhedc/MetaSearchRequest>")
"< Application, Lhedc/PooledExecutorWithInvalidate$RunWhenBlocked, this$0, <Application,Lhedc/PooledExecutorWithInvalidate> >"	java_type_ref("<Application,Lhedc/PooledExecutorWithInvalidate>")
"< Application, LEDU/oswego/cs/dl/util/concurrent/BoundedBuffer, putPtr_, <Primordial,I> >"	java_type_prim(java_prim_type_int)
"< Application, Ljavax/servlet/http/HttpServletResponse, SC_CONTINUE, <Primordial,I> >"	java_type_prim(java_prim_type_int)
"< Application, LEDU/oswego/cs/dl/util/concurrent/WriterPreferenceReadWriteLock, activeReaders_, <Primordial,J> >"	java_type_prim(java_prim_type_long)
"< Application, Lhedc/DateFormatter, HOUR_OF_DAY0_FIELD, <Primordial,I> >"	java_type_prim(java_prim_type_int)
"< Application, Lhedc/FormFiller, wrt_, <Application,Ljava/io/Writer> >"	java_type_ref("<Primordial,Ljava/io/Writer>")
"< Application, Lhedc/ethz/util/ObservableProperties, observers_, <Application,[Lhedc/ethz/util/PropertyMonitoring> >"	java_type_array(java_type_ref("<Application,Lhedc/ethz/util/PropertyMonitoring>"))
"< Application, LEDU/oswego/cs/dl/util/concurrent/FIFOReadWriteLock$ReaderSync, readers_, <Primordial,I> >"	java_type_prim(java_prim_type_int)
"< Application, Lhedc/regexp/Group, kind, <Primordial,I> >"	java_type_prim(java_prim_type_int)
"< Application, LEDU/oswego/cs/dl/util/concurrent/FJTaskRunnerGroup, DEFAULT_SCAN_PRIORITY, <Primordial,I> >"	java_type_prim(java_prim_type_int)
"< Application, LEDU/oswego/cs/dl/util/concurrent/FJTaskRunner, top, <Primordial,I> >"	java_type_prim(java_prim_type_int)
"< Application, LEDU/oswego/cs/dl/util/concurrent/PooledExecutor$RunWhenBlocked, this$0, <Application,LEDU/oswego/cs/dl/util/concurrent/PooledExecutor> >"	java_type_ref("<Application,LEDU/oswego/cs/dl/util/concurrent/PooledExecutor>")
"< Application, Lhedc/ethz/util/Logger, LOG02_, <Application,Ljava/lang/String> >"	java_type_ref("<Primordial,Ljava/lang/String>")
"< Application, Lhedc/Tester, TES_PAUSE_, <Primordial,I> >"	java_type_prim(java_prim_type_int)
"< Application, Lhedc/PooledExecutorWithInvalidate, handOff_, <Application,LEDU/oswego/cs/dl/util/concurrent/Channel> >"	java_type_ref("<Application,LEDU/oswego/cs/dl/util/concurrent/Channel>")
"< Application, Lhedc/DateFormatter, DAY_OF_YEAR_FIELD, <Primordial,I> >"	java_type_prim(java_prim_type_int)
"< Application, Lhedc/regexp/CharClass, wClass, <Application,Lhedc/regexp/CharClass> >"	java_type_ref("<Application,Lhedc/regexp/CharClass>")
"< Application, Lhedc/ethz/util/SystemProperties, SPR02_, <Application,Ljava/lang/String> >"	java_type_ref("<Primordial,Ljava/lang/String>")
"< Application, Ljavax/servlet/jsp/tagext/TagAttributeInfo, rtexprvalue, <Primordial,Z> >"	java_type_prim(java_prim_type_boolean)
"< Application, LEDU/oswego/cs/dl/util/concurrent/SemaphoreControlledChannel, putGuard_, <Application,LEDU/oswego/cs/dl/util/concurrent/Semaphore> >"	java_type_ref("<Application,LEDU/oswego/cs/dl/util/concurrent/Semaphore>")
"< Application, LEDU/oswego/cs/dl/util/concurrent/FJTaskRunnerGroup, initTime, <Primordial,J> >"	java_type_prim(java_prim_type_long)
"< Application, LEDU/oswego/cs/dl/util/concurrent/Rendezvous, slots_, <Application,[Ljava/lang/Object> >"	java_type_array(java_type_ref("<Primordial,Ljava/lang/Object>"))
"< Application, Ljavax/servlet/jsp/tagext/TagInfo, bodyContent, <Application,Ljava/lang/String> >"	java_type_ref("<Primordial,Ljava/lang/String>")
"< Application, Ljavax/servlet/http/HttpUtils, LSTRING_FILE, <Application,Ljava/lang/String> >"	java_type_ref("<Primordial,Ljava/lang/String>")
"< Application, Ljavax/servlet/UnavailableException, servlet, <Application,Ljavax/servlet/Servlet> >"	java_type_ref("<Application,Ljavax/servlet/Servlet>")
"< Application, Lhedc/regexp/Literal, caseMap, <Primordial,[C> >"	java_type_array(java_type_prim(java_prim_type_char))
"< Application, LEDU/oswego/cs/dl/util/concurrent/SynchronizedByte, value_, <Primordial,B> >"	java_type_prim(java_prim_type_byte)
"< Application, Lhedc/Tester, TES_ITERATIONS_, <Primordial,I> >"	java_type_prim(java_prim_type_int)
"< Application, Ljavax/servlet/UnavailableException, permanent, <Primordial,Z> >"	java_type_prim(java_prim_type_boolean)
"< Application, Lhedc/ethz/util/SmartRef, SRF_LOCAL_DIR_ROOT_, <Application,Ljava/lang/String> >"	java_type_ref("<Primordial,Ljava/lang/String>")
"< Application, Lhedc/SohoSynoptic, charsread_, <Primordial,I> >"	java_type_prim(java_prim_type_int)
"< Application, Lhedc/ethz/util/DoubleBufferCopy$Buffer, bufferFill_, <Primordial,I> >"	java_type_prim(java_prim_type_int)
"< Application, Lhedc/ethz/util/EstimatorFactory, ESF01_, <Application,Ljava/lang/String> >"	java_type_ref("<Primordial,Ljava/lang/String>")
"< Application, Lhedc/ethz/util/Messages, sdf_, <Application,Ljava/text/SimpleDateFormat> >"	java_type_ref("<Primordial,Ljava/text/SimpleDateFormat>")
"< Application, Lhedc/regexp/CharClass, MASK, <Primordial,I> >"	java_type_prim(java_prim_type_int)
"< Application, LEDU/oswego/cs/dl/util/concurrent/FJTaskRunner, MAX_CAPACITY, <Primordial,I> >"	java_type_prim(java_prim_type_int)
"< Application, Ljavax/servlet/http/HttpServlet, METHOD_PUT, <Application,Ljava/lang/String> >"	java_type_ref("<Primordial,Ljava/lang/String>")
"< Application, Lhedc/regexp/CharClass, bits, <Primordial,[I> >"	java_type_array(java_type_prim(java_prim_type_int))
"< Application, LEDU/oswego/cs/dl/util/concurrent/BoundedBuffer, usedSlots_, <Primordial,I> >"	java_type_prim(java_prim_type_int)
"< Application, Lhedc/FormFiller, FFS04_, <Application,Ljava/lang/String> >"	java_type_ref("<Primordial,Ljava/lang/String>")
"< Application, LEDU/oswego/cs/dl/util/concurrent/PropertyChangeMulticaster, children, <Application,Ljava/util/HashMap> >"	java_type_ref("<Primordial,Ljava/util/HashMap>")
"< Application, Ljavax/servlet/http/HttpServletResponse, SC_PARTIAL_CONTENT, <Primordial,I> >"	java_type_prim(java_prim_type_int)
"< Application, LEDU/oswego/cs/dl/util/concurrent/CyclicBarrier, barrierCommand_, <Application,Ljava/lang/Runnable> >"	java_type_ref("<Primordial,Ljava/lang/Runnable>")
"< Application, Lhedc/MetaSearchImpl, uniqueInstance_, <Application,Lhedc/MetaSearchImpl> >"	java_type_ref("<Application,Lhedc/MetaSearchImpl>")
"< Application, Ljavax/servlet/http/HttpServletResponse, SC_LENGTH_REQUIRED, <Primordial,I> >"	java_type_prim(java_prim_type_int)
"< Application, LEDU/oswego/cs/dl/util/concurrent/LayeredSync, outer_, <Application,LEDU/oswego/cs/dl/util/concurrent/Sync> >"	java_type_ref("<Application,LEDU/oswego/cs/dl/util/concurrent/Sync>")
"< Application, Lhedc/MetaSearchResult$MetaSearchResultIterator, h_, <Application,Ljava/util/Hashtable> >"	java_type_ref("<Primordial,Ljava/util/Hashtable>")
"< Application, LEDU/oswego/cs/dl/util/concurrent/LinkedNode, value, <Application,Ljava/lang/Object> >"	java_type_ref("<Primordial,Ljava/lang/Object>")
"< Application, Ljavax/servlet/http/NoBodyResponse, writer, <Application,Ljava/io/PrintWriter> >"	java_type_ref("<Primordial,Ljava/io/PrintWriter>")
"< Application, LEDU/oswego/cs/dl/util/concurrent/PooledExecutor, handOff_, <Application,LEDU/oswego/cs/dl/util/concurrent/Channel> >"	java_type_ref("<Application,LEDU/oswego/cs/dl/util/concurrent/Channel>")
"< Application, Lhedc/DateFormatter, pattern, <Application,Ljava/lang/String> >"	java_type_ref("<Primordial,Ljava/lang/String>")
"< Application, LEDU/oswego/cs/dl/util/concurrent/SynchronousChannel, itemTaken_, <Application,LEDU/oswego/cs/dl/util/concurrent/Semaphore> >"	java_type_ref("<Application,LEDU/oswego/cs/dl/util/concurrent/Semaphore>")
"< Application, Lhedc/regexp/Regexp, success, <Application,Lhedc/regexp/Regexp> >"	java_type_ref("<Application,Lhedc/regexp/Regexp>")
"< Application, Lhedc/RandomDate, format_, <Application,Ljava/text/SimpleDateFormat> >"	java_type_ref("<Primordial,Ljava/text/SimpleDateFormat>")
"< Application, Lhedc/MetaSearchResult, date, <Application,Ljava/util/Date> >"	java_type_ref("<Primordial,Ljava/util/Date>")
"< Application, Ljavax/servlet/http/HttpServletResponse, SC_REQUEST_TIMEOUT, <Primordial,I> >"	java_type_prim(java_prim_type_int)
"< Application, LEDU/oswego/cs/dl/util/concurrent/BoundedBuffer, emptySlots_, <Primordial,I> >"	java_type_prim(java_prim_type_int)
"< Application, Lhedc/MetaSearchImpl, executor_, <Application,Lhedc/PooledExecutorWithInvalidate> >"	java_type_ref("<Application,Lhedc/PooledExecutorWithInvalidate>")
"< Application, Lhedc/DateFormatter, LONG, <Primordial,I> >"	java_type_prim(java_prim_type_int)
"< Application, LEDU/oswego/cs/dl/util/concurrent/SyncMap, c_, <Application,Ljava/util/Map> >"	java_type_ref("<Primordial,Ljava/util/Map>")
"< Application, Lhedc/Rag$RagIterator, this$0, <Application,Lhedc/Rag> >"	java_type_ref("<Application,Lhedc/Rag>")
"< Application, Lhedc/regexp/Literal, count, <Primordial,I> >"	java_type_prim(java_prim_type_int)
"< Application, LEDU/oswego/cs/dl/util/concurrent/FJTaskRunner, deq, <Application,[LEDU/oswego/cs/dl/util/concurrent/FJTaskRunner$VolatileTaskRef> >"	java_type_array(java_type_ref("<Application,LEDU/oswego/cs/dl/util/concurrent/FJTaskRunner$VolatileTaskRef>"))
"< Application, Ljavax/servlet/jsp/tagext/VariableInfo, AT_END, <Primordial,I> >"	java_type_prim(java_prim_type_int)
"< Application, Lhedc/Tester, iterations_, <Primordial,I> >"	java_type_prim(java_prim_type_int)
"< Application, LEDU/oswego/cs/dl/util/concurrent/FJTask$Wrap, runnable, <Application,Ljava/lang/Runnable> >"	java_type_ref("<Primordial,Ljava/lang/Runnable>")
"< Application, Ljavax/servlet/jsp/tagext/TagInfo, infoString, <Application,Ljava/lang/String> >"	java_type_ref("<Primordial,Ljava/lang/String>")
"< Application, Ljavax/servlet/jsp/tagext/TagAttributeInfo, ID, <Application,Ljava/lang/String> >"	java_type_ref("<Primordial,Ljava/lang/String>")
"< Application, Lhedc/DateFormatter, localPatternCharsDefault, <Application,Ljava/lang/String> >"	java_type_ref("<Primordial,Ljava/lang/String>")
"< Application, Lhedc/Tester, TES_MESOLA_, <Application,Ljava/lang/String> >"	java_type_ref("<Primordial,Ljava/lang/String>")
"< Application, Lhedc/ethz/util/SmartRef, hostname_, <Application,Ljava/lang/String> >"	java_type_ref("<Primordial,Ljava/lang/String>")
"< Application, LEDU/oswego/cs/dl/util/concurrent/LayeredSync, inner_, <Application,LEDU/oswego/cs/dl/util/concurrent/Sync> >"	java_type_ref("<Application,LEDU/oswego/cs/dl/util/concurrent/Sync>")
"< Application, Lhedc/Tester, TES_SACREAMENTAL_, <Application,Ljava/lang/String> >"	java_type_ref("<Primordial,Ljava/lang/String>")
"< Application, Ljavax/servlet/jsp/PageContext, APPLICATION, <Application,Ljava/lang/String> >"	java_type_ref("<Primordial,Ljava/lang/String>")
"< Application, LEDU/oswego/cs/dl/util/concurrent/CountDown, count_, <Primordial,I> >"	java_type_prim(java_prim_type_int)
"< Application, LEDU/oswego/cs/dl/util/concurrent/DefaultChannelCapacity, defaultCapacity_, <Application,LEDU/oswego/cs/dl/util/concurrent/SynchronizedInt> >"	java_type_ref("<Application,LEDU/oswego/cs/dl/util/concurrent/SynchronizedInt>")
"< Application, Ljavax/servlet/http/NoBodyResponse, didSetContentLength, <Primordial,Z> >"	java_type_prim(java_prim_type_boolean)
"< Application, Lhedc/ethz/util/SerializePerformanceTest, rows_, <Application,[Ljava/lang/Object> >"	java_type_array(java_type_ref("<Primordial,Ljava/lang/Object>"))
"< Application, LEDU/oswego/cs/dl/util/concurrent/PropertyChangeMulticaster, listeners, <Application,[Ljava/beans/PropertyChangeListener> >"	java_type_array(java_type_ref("<Primordial,Ljava/beans/PropertyChangeListener>"))
"< Application, Lhedc/MetaSearchRequest, params_, <Application,Ljava/util/Hashtable> >"	java_type_ref("<Primordial,Ljava/util/Hashtable>")
"< Application, Lhedc/ethz/util/Generator, GEN_MAX_TAG_SIZE_, <Primordial,I> >"	java_type_prim(java_prim_type_int)
"< Application, Lhedc/ethz/util/DoubleBufferCopy, DBC02_, <Application,Ljava/lang/String> >"	java_type_ref("<Primordial,Ljava/lang/String>")
"< Application, Lhedc/Tester, TES_WAIT_TIME_, <Application,Ljava/lang/String> >"	java_type_ref("<Primordial,Ljava/lang/String>")
"< Application, Lhedc/FormFiller, FFS_TEMPLATE_PATH_, <Application,Ljava/lang/String> >"	java_type_ref("<Primordial,Ljava/lang/String>")
"< Application, LEDU/oswego/cs/dl/util/concurrent/CyclicBarrier, count_, <Primordial,I> >"	java_type_prim(java_prim_type_int)
"< Application, Lhedc/Rag, buffer_, <Primordial,[C> >"	java_type_array(java_type_prim(java_prim_type_char))
"< Application, Lhedc/ethz/util/DoubleBufferCopy$Buffer, BUF_READ, <Primordial,I> >"	java_type_prim(java_prim_type_int)
"< Application, Ljavax/servlet/http/HttpServletResponse, SC_PAYMENT_REQUIRED, <Primordial,I> >"	java_type_prim(java_prim_type_int)
"< Application, Ljavax/servlet/http/HttpServlet, METHOD_HEAD, <Application,Ljava/lang/String> >"	java_type_ref("<Primordial,Ljava/lang/String>")
"< Application, Lhedc/Task, valid, <Primordial,Z> >"	java_type_prim(java_prim_type_boolean)
"< Application, LEDU/oswego/cs/dl/util/concurrent/LinkedQueue, head_, <Application,LEDU/oswego/cs/dl/util/concurrent/LinkedNode> >"	java_type_ref("<Application,LEDU/oswego/cs/dl/util/concurrent/LinkedNode>")
"< Application, Ljavax/servlet/jsp/tagext/VariableInfo, scope, <Primordial,I> >"	java_type_prim(java_prim_type_int)
"< Application, Ljavax/servlet/jsp/tagext/TagSupport, class$javax$servlet$jsp$tagext$Tag, <Application,Ljava/lang/Class> >"	java_type_ref("<Primordial,Ljava/lang/Class>")
"< Application, Lhedc/MetaSearchResult, results, <Application,Ljava/util/List> >"	java_type_ref("<Primordial,Ljava/util/List>")
"< Application, Lhedc/MetaSearchRequest, results, <Application,Ljava/util/List> >"	java_type_ref("<Primordial,Ljava/util/List>")
"< Application, Lhedc/ethz/util/HttpLogger, uniqueInstance_, <Application,Lhedc/ethz/util/HttpLogger> >"	java_type_ref("<Application,Lhedc/ethz/util/HttpLogger>")
"< Application, LEDU/oswego/cs/dl/util/concurrent/ThreadFactoryUser, threadFactory_, <Application,LEDU/oswego/cs/dl/util/concurrent/ThreadFactory> >"	java_type_ref("<Application,LEDU/oswego/cs/dl/util/concurrent/ThreadFactory>")
"< Application, LEDU/oswego/cs/dl/util/concurrent/CyclicBarrier, resets_, <Primordial,I> >"	java_type_prim(java_prim_type_int)
"< Application, Lhedc/MetaSearchImpl, RDI04_, <Application,Ljava/lang/String> >"	java_type_ref("<Primordial,Ljava/lang/String>")
"< Application, LEDU/oswego/cs/dl/util/concurrent/TimeoutSync, sync_, <Application,LEDU/oswego/cs/dl/util/concurrent/Sync> >"	java_type_ref("<Application,LEDU/oswego/cs/dl/util/concurrent/Sync>")
"< Application, LEDU/oswego/cs/dl/util/concurrent/Sync, ONE_DAY, <Primordial,J> >"	java_type_prim(java_prim_type_long)
"< Application, Lhedc/ethz/util/EstimatorFactory, uniqueInstance_, <Application,Lhedc/ethz/util/EstimatorFactory> >"	java_type_ref("<Application,Lhedc/ethz/util/EstimatorFactory>")
"< Application, LEDU/oswego/cs/dl/util/concurrent/CopyOnWriteArrayList, array_, <Application,[Ljava/lang/Object> >"	java_type_array(java_type_ref("<Primordial,Ljava/lang/Object>"))
"< Application, Lhedc/FormFiller, FFS_PATH_, <Application,Ljava/lang/String> >"	java_type_ref("<Primordial,Ljava/lang/String>")
"< Application, Ljavax/servlet/http/NoBodyOutputStream, lStrings, <Application,Ljava/util/ResourceBundle> >"	java_type_ref("<Primordial,Ljava/util/ResourceBundle>")
"< Application, Ljavax/servlet/jsp/tagext/TagInfo, tagName, <Application,Ljava/lang/String> >"	java_type_ref("<Primordial,Ljava/lang/String>")
"< Application, Lhedc/FormFiller, FFS_ID_, <Application,Ljava/lang/String> >"	java_type_ref("<Primordial,Ljava/lang/String>")
"< Application, LEDU/oswego/cs/dl/util/concurrent/FJTaskRunner, runs, <Primordial,I> >"	java_type_prim(java_prim_type_int)
"< Application, Lhedc/regexp/CompilerState, limit, <Primordial,I> >"	java_type_prim(java_prim_type_int)
"< Application, Ljavax/servlet/http/HttpServletResponse, SC_UNSUPPORTED_MEDIA_TYPE, <Primordial,I> >"	java_type_prim(java_prim_type_int)
"< Application, Ljavax/servlet/http/HttpServletResponse, SC_HTTP_VERSION_NOT_SUPPORTED, <Primordial,I> >"	java_type_prim(java_prim_type_int)
"< Application, Lhedc/DateFormatter, defaultCenturyStart, <Application,Ljava/util/Date> >"	java_type_ref("<Primordial,Ljava/util/Date>")
"< Application, Lhedc/ethz/util/DoubleBufferCopy$Buffer, this$0, <Application,Lhedc/ethz/util/DoubleBufferCopy> >"	java_type_ref("<Application,Lhedc/ethz/util/DoubleBufferCopy>")
"< Application, LEDU/oswego/cs/dl/util/concurrent/FIFOSemaphore$FIFOWaitQueue, tail_, <Application,LEDU/oswego/cs/dl/util/concurrent/QueuedSemaphore$WaitQueue$WaitNode> >"	java_type_ref("<Application,LEDU/oswego/cs/dl/util/concurrent/QueuedSemaphore$WaitQueue$WaitNode>")
"< Application, Lhedc/ethz/util/SmartRef, SRF_LOCAL_TMP_PREFIX_, <Application,Ljava/lang/String> >"	java_type_ref("<Primordial,Ljava/lang/String>")
"< Application, LEDU/oswego/cs/dl/util/concurrent/Rendezvous, broken_, <Primordial,Z> >"	java_type_prim(java_prim_type_boolean)
"< Application, Lhedc/PooledExecutorWithInvalidate$Worker, this$0, <Application,Lhedc/PooledExecutorWithInvalidate> >"	java_type_ref("<Application,Lhedc/PooledExecutorWithInvalidate>")
"< Application, Ljavax/servlet/http/HttpServletResponse, SC_MOVED_TEMPORARILY, <Primordial,I> >"	java_type_prim(java_prim_type_int)
"< Application, Ljavax/servlet/http/HttpServletResponse, SC_NO_CONTENT, <Primordial,I> >"	java_type_prim(java_prim_type_int)
"< Application, Lhedc/regexp/CompilerState, eof, <Primordial,Z> >"	java_type_prim(java_prim_type_boolean)
"< Application, Lhedc/ethz/util/SmartRef, suggestedFilename_, <Application,Ljava/lang/String> >"	java_type_ref("<Primordial,Ljava/lang/String>")
"< Application, Lhedc/regexp/CharClass, SHIFT, <Primordial,I> >"	java_type_prim(java_prim_type_int)
"< Application, Lhedc/ethz/util/Estimator, EST02_, <Application,Ljava/lang/String> >"	java_type_ref("<Primordial,Ljava/lang/String>")
"< Application, Lhedc/ethz/util/BufferedCopy, BCS_BUF_SIZE_, <Primordial,I> >"	java_type_prim(java_prim_type_int)
"< Application, LEDU/oswego/cs/dl/util/concurrent/FutureResult$1, val$function, <Application,LEDU/oswego/cs/dl/util/concurrent/Callable> >"	java_type_ref("<Application,LEDU/oswego/cs/dl/util/concurrent/Callable>")
"< Application, Ljavax/servlet/http/HttpServletResponse, SC_ACCEPTED, <Primordial,I> >"	java_type_prim(java_prim_type_int)
"< Application, Lhedc/ethz/util/ObservableProperties, OPR_ID_, <Application,Ljava/lang/String> >"	java_type_ref("<Primordial,Ljava/lang/String>")
"< Application, LEDU/oswego/cs/dl/util/concurrent/FIFOReadWriteLock, readerSync_, <Application,LEDU/oswego/cs/dl/util/concurrent/Sync> >"	java_type_ref("<Application,LEDU/oswego/cs/dl/util/concurrent/Sync>")
"< Application, LEDU/oswego/cs/dl/util/concurrent/WriterPreferenceReadWriteLock, writerLock_, <Application,LEDU/oswego/cs/dl/util/concurrent/WriterPreferenceReadWriteLock$WriterLock> >"	java_type_ref("<Application,LEDU/oswego/cs/dl/util/concurrent/WriterPreferenceReadWriteLock$WriterLock>")
"< Application, LEDU/oswego/cs/dl/util/concurrent/Sync, ONE_YEAR, <Primordial,J> >"	java_type_prim(java_prim_type_long)
"< Application, Lhedc/ethz/util/EtcUtil, ETC04_, <Application,Ljava/lang/String> >"	java_type_ref("<Primordial,Ljava/lang/String>")
"< Application, LEDU/oswego/cs/dl/util/concurrent/SynchronizedBoolean, value_, <Primordial,Z> >"	java_type_prim(java_prim_type_boolean)
"< Application, LEDU/oswego/cs/dl/util/concurrent/ClockDaemon, heap_, <Application,LEDU/oswego/cs/dl/util/concurrent/Heap> >"	java_type_ref("<Application,LEDU/oswego/cs/dl/util/concurrent/Heap>")
"< Application, Lhedc/MetaSearchImpl, MSR_FRAME_TEMPLATE_, <Application,Ljava/lang/String> >"	java_type_ref("<Primordial,Ljava/lang/String>")
"< Application, LEDU/oswego/cs/dl/util/concurrent/SynchronousChannel, item_, <Application,Ljava/lang/Object> >"	java_type_ref("<Primordial,Ljava/lang/Object>")
"< Application, Lhedc/ethz/util/SmartRef, SRF_NOT_CHECKED_, <Primordial,I> >"	java_type_prim(java_prim_type_int)
"< Application, Ljavax/servlet/jsp/tagext/TagLibraryInfo, info, <Application,Ljava/lang/String> >"	java_type_ref("<Primordial,Ljava/lang/String>")
"< Application, Lhedc/PooledExecutorWithInvalidate, threads_, <Application,Ljava/util/Map> >"	java_type_ref("<Primordial,Ljava/util/Map>")
"< Application, Ljavax/servlet/jsp/tagext/BodyTag, EVAL_BODY_TAG, <Primordial,I> >"	java_type_prim(java_prim_type_int)
"< Application, LEDU/oswego/cs/dl/util/concurrent/ObservableSync, arg_, <Application,Ljava/lang/Object> >"	java_type_ref("<Primordial,Ljava/lang/Object>")
"< Application, Lhedc/ethz/util/SmartRef, length_, <Primordial,J> >"	java_type_prim(java_prim_type_long)
"< Application, LEDU/oswego/cs/dl/util/concurrent/QueuedExecutor, thread_, <Application,Ljava/lang/Thread> >"	java_type_ref("<Primordial,Ljava/lang/Thread>")
"< Application, Lhedc/regexp/Literal, data, <Primordial,[C> >"	java_type_array(java_type_prim(java_prim_type_char))
"< Application, Lhedc/DateFormatter, MILLISECOND_FIELD, <Primordial,I> >"	java_type_prim(java_prim_type_int)
"< Application, Lhedc/PooledExecutorWithInvalidate$WaitWhenBlocked, this$0, <Application,Lhedc/PooledExecutorWithInvalidate> >"	java_type_ref("<Application,Lhedc/PooledExecutorWithInvalidate>")
"< Application, LEDU/oswego/cs/dl/util/concurrent/FJTaskRunnerGroup, nstarted, <Primordial,I> >"	java_type_prim(java_prim_type_int)
"< Application, Ljavax/servlet/jsp/tagext/VariableInfo, NESTED, <Primordial,I> >"	java_type_prim(java_prim_type_int)
"< Application, Ljavax/servlet/http/HttpServletResponse, SC_UNAUTHORIZED, <Primordial,I> >"	java_type_prim(java_prim_type_int)
"< Application, LEDU/oswego/cs/dl/util/concurrent/VetoableChangeMulticaster, listeners, <Application,[Ljava/beans/VetoableChangeListener> >"	java_type_array(java_type_ref("<Primordial,Ljava/beans/VetoableChangeListener>"))
"< Application, LEDU/oswego/cs/dl/util/concurrent/WriterPreferenceReadWriteLock, waitingReaders_, <Primordial,J> >"	java_type_prim(java_prim_type_long)
"< Application, Ljavax/servlet/jsp/tagext/VariableInfo, className, <Application,Ljava/lang/String> >"	java_type_ref("<Primordial,Ljava/lang/String>")
"< Application, LEDU/oswego/cs/dl/util/concurrent/ClockDaemon$TaskNode, timeToRun_, <Primordial,J> >"	java_type_prim(java_prim_type_long)
"< Application, Lhedc/SohoSynoptic, buffer_, <Primordial,[C> >"	java_type_array(java_type_prim(java_prim_type_char))
"< Application, Lhedc/Tester, pause_, <Primordial,I> >"	java_type_prim(java_prim_type_int)
"< Application, LEDU/oswego/cs/dl/util/concurrent/TimeDaemon, heap_, <Application,LEDU/oswego/cs/dl/util/concurrent/Heap> >"	java_type_ref("<Application,LEDU/oswego/cs/dl/util/concurrent/Heap>")
"< Application, Lhedc/ethz/util/SmartRef, port_, <Primordial,I> >"	java_type_prim(java_prim_type_int)
"< Application, Lhedc/Messages, wlevel_, <Primordial,I> >"	java_type_prim(java_prim_type_int)
"< Application, Lhedc/Rag, dateFormatter2_, <Application,Lhedc/DateFormatter> >"	java_type_ref("<Application,Lhedc/DateFormatter>")
"< Application, LEDU/oswego/cs/dl/util/concurrent/CopyOnWriteArrayList$COWSubList, expectedArray, <Application,[Ljava/lang/Object> >"	java_type_array(java_type_ref("<Primordial,Ljava/lang/Object>"))
"< Application, Lhedc/ethz/util/SmartRef, SRF02_, <Application,Ljava/lang/String> >"	java_type_ref("<Primordial,Ljava/lang/String>")
"< Application, Lhedc/SohoSynoptic, dateFormatter_, <Application,Lhedc/DateFormatter> >"	java_type_ref("<Application,Lhedc/DateFormatter>")
"< Application, LEDU/oswego/cs/dl/util/concurrent/WriterPreferenceReadWriteLock, readerLock_, <Application,LEDU/oswego/cs/dl/util/concurrent/WriterPreferenceReadWriteLock$ReaderLock> >"	java_type_ref("<Application,LEDU/oswego/cs/dl/util/concurrent/WriterPreferenceReadWriteLock$ReaderLock>")
"< Application, Lhedc/SohoSynoptic, dateFormatter2_, <Application,Lhedc/DateFormatter> >"	java_type_ref("<Application,Lhedc/DateFormatter>")
"< Application, Lhedc/SohoSynoptic, BUF_SIZE_, <Primordial,I> >"	java_type_prim(java_prim_type_int)
"< Application, Lhedc/ethz/util/DoubleBufferCopy, DBC_READ, <Primordial,I> >"	java_type_prim(java_prim_type_int)
"< Application, Lhedc/DateFormatter, formatData, <Application,Ljava/text/DateFormatSymbols> >"	java_type_ref("<Primordial,Ljava/text/DateFormatSymbols>")
"< Application, Lhedc/ethz/util/Estimator, EST_MAX_COLUMNS, <Primordial,I> >"	java_type_prim(java_prim_type_int)
"< Application, LEDU/oswego/cs/dl/util/concurrent/BrokenBarrierException, index, <Primordial,I> >"	java_type_prim(java_prim_type_int)
"< Application, LEDU/oswego/cs/dl/util/concurrent/LinkedQueue, last_, <Application,LEDU/oswego/cs/dl/util/concurrent/LinkedNode> >"	java_type_ref("<Application,LEDU/oswego/cs/dl/util/concurrent/LinkedNode>")
"< Application, Ljavax/servlet/jsp/PageContext, PAGE_SCOPE, <Primordial,I> >"	java_type_prim(java_prim_type_int)
"< Application, LEDU/oswego/cs/dl/util/concurrent/BoundedLinkedQueue, head_, <Application,LEDU/oswego/cs/dl/util/concurrent/LinkedNode> >"	java_type_ref("<Application,LEDU/oswego/cs/dl/util/concurrent/LinkedNode>")
"< Application, LEDU/oswego/cs/dl/util/concurrent/BoundedBuffer, putMonitor_, <Application,Ljava/lang/Object> >"	java_type_ref("<Primordial,Ljava/lang/Object>")
"< Application, Lhedc/DateFormatter, HOUR0_FIELD, <Primordial,I> >"	java_type_prim(java_prim_type_int)
"< Application, Lhedc/ethz/util/SystemProperties, SPR03_, <Application,Ljava/lang/String> >"	java_type_ref("<Primordial,Ljava/lang/String>")
"< Application, LEDU/oswego/cs/dl/util/concurrent/Sync, ONE_CENTURY, <Primordial,J> >"	java_type_prim(java_prim_type_long)
"< Application, LEDU/oswego/cs/dl/util/concurrent/ClockDaemon$TaskNode, cancelled_, <Primordial,Z> >"	java_type_prim(java_prim_type_boolean)
"< Application, Lhedc/MetaSearchImpl, RDI01_, <Application,Ljava/lang/String> >"	java_type_ref("<Primordial,Ljava/lang/String>")
"< Application, Ljavax/servlet/jsp/PageContext, OUT, <Application,Ljava/lang/String> >"	java_type_ref("<Primordial,Ljava/lang/String>")
"< Application, Lhedc/ethz/util/SmartRef, urlString_, <Application,Ljava/lang/String> >"	java_type_ref("<Primordial,Ljava/lang/String>")
"< Application, LEDU/oswego/cs/dl/util/concurrent/WaiterPreferenceSemaphore, waits_, <Primordial,J> >"	java_type_prim(java_prim_type_long)
"< Application, Lhedc/ethz/util/Estimator, ys, <Primordial,[D> >"	java_type_array(java_type_prim(java_prim_type_double))
"< Application, Ljavax/servlet/http/Cookie, version, <Primordial,I> >"	java_type_prim(java_prim_type_int)
"< Application, LEDU/oswego/cs/dl/util/concurrent/PrioritySemaphore$PriorityWaitQueue, cells_, <Application,[LEDU/oswego/cs/dl/util/concurrent/FIFOSemaphore$FIFOWaitQueue> >"	java_type_array(java_type_ref("<Application,LEDU/oswego/cs/dl/util/concurrent/FIFOSemaphore$FIFOWaitQueue>"))
"< Application, Ljavax/servlet/http/HttpServletResponse, SC_CREATED, <Primordial,I> >"	java_type_prim(java_prim_type_int)
"< Application, Lhedc/ethz/util/Generator, GEN02_, <Application,Ljava/lang/String> >"	java_type_ref("<Primordial,Ljava/lang/String>")
"< Application, Lhedc/DateFormatter, WEEK_OF_YEAR_FIELD, <Primordial,I> >"	java_type_prim(java_prim_type_int)
"< Application, LEDU/oswego/cs/dl/util/concurrent/FJTaskRunnerGroup, threads, <Application,[LEDU/oswego/cs/dl/util/concurrent/FJTaskRunner> >"	java_type_array(java_type_ref("<Application,LEDU/oswego/cs/dl/util/concurrent/FJTaskRunner>"))
"< Application, LEDU/oswego/cs/dl/util/concurrent/CyclicBarrier, parties_, <Primordial,I> >"	java_type_prim(java_prim_type_int)
"< Application, Lhedc/FormFiller, FFS_MIME_, <Application,Ljava/lang/String> >"	java_type_ref("<Primordial,Ljava/lang/String>")
"< Application, LEDU/oswego/cs/dl/util/concurrent/SyncCollection, rd_, <Application,LEDU/oswego/cs/dl/util/concurrent/Sync> >"	java_type_ref("<Application,LEDU/oswego/cs/dl/util/concurrent/Sync>")
"< Application, LEDU/oswego/cs/dl/util/concurrent/FJTaskRunner, base, <Primordial,I> >"	java_type_prim(java_prim_type_int)
"< Application, LEDU/oswego/cs/dl/util/concurrent/SyncMap, wr_, <Application,LEDU/oswego/cs/dl/util/concurrent/Sync> >"	java_type_ref("<Application,LEDU/oswego/cs/dl/util/concurrent/Sync>")
"< Application, LEDU/oswego/cs/dl/util/concurrent/PooledExecutor, DEFAULT_MAXIMUMPOOLSIZE, <Primordial,I> >"	java_type_prim(java_prim_type_int)
"< Application, Lhedc/MetaSearchResult, completed_, <Primordial,Z> >"	java_type_prim(java_prim_type_boolean)
"< Application, Ljavax/servlet/http/HttpServletResponse, SC_PRECONDITION_FAILED, <Primordial,I> >"	java_type_prim(java_prim_type_int)
"< Application, Ljavax/servlet/jsp/tagext/Tag, EVAL_PAGE, <Primordial,I> >"	java_type_prim(java_prim_type_int)
"< Application, LEDU/oswego/cs/dl/util/concurrent/TimedCallable, millis, <Primordial,J> >"	java_type_prim(java_prim_type_long)
"< Application, Lhedc/ethz/util/SmartRef, SRF_ID_, <Application,Ljava/lang/String> >"	java_type_ref("<Primordial,Ljava/lang/String>")
"< Application, Ljavax/servlet/jsp/tagext/TagInfo, BODY_CONTENT_JSP, <Application,Ljava/lang/String> >"	java_type_ref("<Primordial,Ljava/lang/String>")
"< Application, Lhedc/ethz/util/Ftp, FTP_SUCCESS, <Primordial,I> >"	java_type_prim(java_prim_type_int)
"< Application, Ljavax/servlet/jsp/tagext/VariableInfo, declare, <Primordial,Z> >"	java_type_prim(java_prim_type_boolean)
"< Application, Lhedc/ethz/util/SmartRef, SRF04_, <Application,Ljava/lang/String> >"	java_type_ref("<Primordial,Ljava/lang/String>")
"< Application, Lhedc/ethz/util/Messages, wlevel_, <Primordial,I> >"	java_type_prim(java_prim_type_int)
"< Application, Lhedc/MetaSearchResult$MetaSearchResultIterator, this$0, <Application,Lhedc/MetaSearchResult> >"	java_type_ref("<Application,Lhedc/MetaSearchResult>")
"< Application, Ljavax/servlet/http/Cookie, lStrings, <Application,Ljava/util/ResourceBundle> >"	java_type_ref("<Primordial,Ljava/util/ResourceBundle>")
"< Application, LEDU/oswego/cs/dl/util/concurrent/FJTaskRunnerGroup$InvokableFJTask, terminated, <Primordial,Z> >"	java_type_prim(java_prim_type_boolean)
"< Application, Lhedc/ethz/util/SmartRef, SRF01_, <Application,Ljava/lang/String> >"	java_type_ref("<Primordial,Ljava/lang/String>")
"< Application, Lhedc/DateFormatter, MONTH_FIELD, <Primordial,I> >"	java_type_prim(java_prim_type_int)
"< Application, Ljavax/servlet/http/Cookie, value, <Application,Ljava/lang/String> >"	java_type_ref("<Primordial,Ljava/lang/String>")
"< Application, LEDU/oswego/cs/dl/util/concurrent/SynchronizedVariable, lock_, <Application,Ljava/lang/Object> >"	java_type_ref("<Primordial,Ljava/lang/Object>")
"< Application, LEDU/oswego/cs/dl/util/concurrent/TimeDaemon, runLoop_, <Application,LEDU/oswego/cs/dl/util/concurrent/TimeDaemon$RunLoop> >"	java_type_ref("<Application,LEDU/oswego/cs/dl/util/concurrent/TimeDaemon$RunLoop>")
"< Application, Ljavax/servlet/http/HttpServletResponse, SC_GATEWAY_TIMEOUT, <Primordial,I> >"	java_type_prim(java_prim_type_int)
"< Application, Ljavax/servlet/http/HttpServletResponse, SC_NOT_IMPLEMENTED, <Primordial,I> >"	java_type_prim(java_prim_type_int)
"< Application, Lhedc/regexp/Multi, child, <Application,Lhedc/regexp/Regexp> >"	java_type_ref("<Application,Lhedc/regexp/Regexp>")
"< Application, Lhedc/DateFormatter, HOUR1_FIELD, <Primordial,I> >"	java_type_prim(java_prim_type_int)
"< Application, LEDU/oswego/cs/dl/util/concurrent/PooledExecutor$Worker, firstTask_, <Application,Ljava/lang/Runnable> >"	java_type_ref("<Primordial,Ljava/lang/Runnable>")
"< Application, Lhedc/Tester, TES_THREADS_, <Primordial,I> >"	java_type_prim(java_prim_type_int)
"< Application, LEDU/oswego/cs/dl/util/concurrent/CopyOnWriteArrayList$COWSubList$COWSubListIterator, i, <Application,Ljava/util/ListIterator> >"	java_type_ref("<Primordial,Ljava/util/ListIterator>")
"< Application, LEDU/oswego/cs/dl/util/concurrent/PrioritySemaphore$PriorityWaitQueue, maxIndex_, <Primordial,I> >"	java_type_prim(java_prim_type_int)
"< Application, Lhedc/PooledExecutorWithInvalidate, POE01_, <Application,Ljava/lang/String> >"	java_type_ref("<Primordial,Ljava/lang/String>")
"< Application, LEDU/oswego/cs/dl/util/concurrent/BoundedLinkedQueue, takeGuard_, <Application,Ljava/lang/Object> >"	java_type_ref("<Primordial,Ljava/lang/Object>")
"< Application, Ljavax/servlet/jsp/tagext/TagInfo, BODY_CONTENT_TAG_DEPENDENT, <Application,Ljava/lang/String> >"	java_type_ref("<Primordial,Ljava/lang/String>")
"< Application, Lhedc/FormFiller, form_, <Application,Ljava/lang/String> >"	java_type_ref("<Primordial,Ljava/lang/String>")
"< Application, Lhedc/regexp/ContextMatch, word, <Application,Lhedc/regexp/CharClass> >"	java_type_ref("<Application,Lhedc/regexp/CharClass>")
"< Application, LEDU/oswego/cs/dl/util/concurrent/FJTaskRunner$VolatileTaskRef, ref, <Application,LEDU/oswego/cs/dl/util/concurrent/FJTask> >"	java_type_ref("<Application,LEDU/oswego/cs/dl/util/concurrent/FJTask>")
"< Application, Lhedc/FormFiller, FFS_META_SEARCH_SERVER_, <Application,Ljava/lang/String> >"	java_type_ref("<Primordial,Ljava/lang/String>")
"< Application, Lhedc/ethz/util/DoubleBufferCopy, read_, <Application,Lhedc/ethz/util/DoubleBufferCopy$CopyThread> >"	java_type_ref("<Application,Lhedc/ethz/util/DoubleBufferCopy$CopyThread>")
"< Application, Lhedc/DateFormatter, MEDIUM, <Primordial,I> >"	java_type_prim(java_prim_type_int)
"< Application, Ljavax/servlet/http/HttpServlet, METHOD_DELETE, <Application,Ljava/lang/String> >"	java_type_ref("<Primordial,Ljava/lang/String>")
"< Application, Ljavax/servlet/http/Cookie, LSTRING_FILE, <Application,Ljava/lang/String> >"	java_type_ref("<Primordial,Ljava/lang/String>")
"< Application, Ljavax/servlet/http/NoBodyOutputStream, LSTRING_FILE, <Application,Ljava/lang/String> >"	java_type_ref("<Primordial,Ljava/lang/String>")
"< Application, Lhedc/ethz/util/Estimator, xMin_, <Primordial,D> >"	java_type_prim(java_prim_type_double)
"< Application, Ljavax/servlet/jsp/JspWriter, bufferSize, <Primordial,I> >"	java_type_prim(java_prim_type_int)
"< Application, LEDU/oswego/cs/dl/util/concurrent/SyncMap, syncFailures_, <Application,LEDU/oswego/cs/dl/util/concurrent/SynchronizedLong> >"	java_type_ref("<Application,LEDU/oswego/cs/dl/util/concurrent/SynchronizedLong>")
"< Application, Lhedc/Messages, out, <Application,Ljava/io/PrintStream> >"	java_type_ref("<Primordial,Ljava/io/PrintStream>")
"< Application, LEDU/oswego/cs/dl/util/concurrent/LockedExecutor, mutex_, <Application,LEDU/oswego/cs/dl/util/concurrent/Sync> >"	java_type_ref("<Application,LEDU/oswego/cs/dl/util/concurrent/Sync>")
"< Application, Lhedc/PooledExecutorWithInvalidate$Worker, firstTask_, <Application,Lhedc/Task> >"	java_type_ref("<Application,Lhedc/Task>")
"< Application, Lhedc/FormFiller, FFS_BROWSE_SERVER_, <Application,Ljava/lang/String> >"	java_type_ref("<Primordial,Ljava/lang/String>")
"< Application, LEDU/oswego/cs/dl/util/concurrent/TimeDaemon$TaskNode, timeToRun_, <Primordial,J> >"	java_type_prim(java_prim_type_long)
"< Application, LEDU/oswego/cs/dl/util/concurrent/PooledExecutor$WaitWhenBlocked, this$0, <Application,LEDU/oswego/cs/dl/util/concurrent/PooledExecutor> >"	java_type_ref("<Application,LEDU/oswego/cs/dl/util/concurrent/PooledExecutor>")
"< Application, Lhedc/regexp/GroupReference, n, <Primordial,I> >"	java_type_prim(java_prim_type_int)
"< Application, Ljavax/servlet/jsp/tagext/VariableInfo, varName, <Application,Ljava/lang/String> >"	java_type_ref("<Primordial,Ljava/lang/String>")
"< Application, LEDU/oswego/cs/dl/util/concurrent/WriterPreferenceReadWriteLock, waitingWriters_, <Primordial,J> >"	java_type_prim(java_prim_type_long)
"< Application, Ljavax/servlet/jsp/PageContext, SESSION, <Application,Ljava/lang/String> >"	java_type_ref("<Primordial,Ljava/lang/String>")
"< Application, Ljavax/servlet/jsp/tagext/TagSupport, values, <Application,Ljava/util/Hashtable> >"	java_type_ref("<Primordial,Ljava/util/Hashtable>")
"< Application, Lhedc/FormFiller, parameters_, <Application,Ljava/util/Hashtable> >"	java_type_ref("<Primordial,Ljava/util/Hashtable>")
"< Application, Lhedc/Tester, TES_START_, <Application,Ljava/lang/String> >"	java_type_ref("<Primordial,Ljava/lang/String>")
"< Application, Ljavax/servlet/jsp/tagext/TagLibraryInfo, uri, <Application,Ljava/lang/String> >"	java_type_ref("<Primordial,Ljava/lang/String>")
"< Application, Lhedc/ethz/util/DoubleBufferCopy, ost_, <Application,Ljava/io/OutputStream> >"	java_type_ref("<Primordial,Ljava/io/OutputStream>")
"< Application, LEDU/oswego/cs/dl/util/concurrent/SyncList$SyncCollectionListIterator, this$0, <Application,LEDU/oswego/cs/dl/util/concurrent/SyncList> >"	java_type_ref("<Application,LEDU/oswego/cs/dl/util/concurrent/SyncList>")
"< Application, LEDU/oswego/cs/dl/util/concurrent/FJTaskRunner, active, <Primordial,Z> >"	java_type_prim(java_prim_type_boolean)
"< Application, Lhedc/Tester, msi_, <Application,Lhedc/MetaSearchImpl> >"	java_type_ref("<Application,Lhedc/MetaSearchImpl>")
"< Application, Ljavax/servlet/http/HttpServlet, lStrings, <Application,Ljava/util/ResourceBundle> >"	java_type_ref("<Primordial,Ljava/util/ResourceBundle>")
"< Application, Ljavax/servlet/jsp/tagext/TagInfo, tagExtraInfo, <Application,Ljavax/servlet/jsp/tagext/TagExtraInfo> >"	java_type_ref("<Application,Ljavax/servlet/jsp/tagext/TagExtraInfo>")
"< Application, Lhedc/Rag, BUF_SIZE_, <Primordial,I> >"	java_type_prim(java_prim_type_int)
"< Application, Ljavax/servlet/jsp/tagext/TagData, attributes, <Application,Ljava/util/Hashtable> >"	java_type_ref("<Primordial,Ljava/util/Hashtable>")
"< Application, Lhedc/Tester, randomDate_, <Application,Lhedc/RandomDate> >"	java_type_ref("<Application,Lhedc/RandomDate>")
"< Application, Lhedc/ethz/util/EstimatorFactory, ESF_FILETAG_, <Application,Ljava/lang/String> >"	java_type_ref("<Primordial,Ljava/lang/String>")
"< Application, Lhedc/ethz/util/URLConnectionReader, UCR01_, <Application,Ljava/lang/String> >"	java_type_ref("<Primordial,Ljava/lang/String>")
"< Application, LEDU/oswego/cs/dl/util/concurrent/FJTask$Par, tasks, <Application,[LEDU/oswego/cs/dl/util/concurrent/FJTask> >"	java_type_array(java_type_ref("<Application,LEDU/oswego/cs/dl/util/concurrent/FJTask>"))
"< Application, Ljavax/servlet/jsp/tagext/BodyTagSupport, bodyContent, <Application,Ljavax/servlet/jsp/tagext/BodyContent> >"	java_type_ref("<Application,Ljavax/servlet/jsp/tagext/BodyContent>")
"< Application, Lhedc/ethz/util/SmartRef, file_, <Application,Ljava/io/File> >"	java_type_ref("<Primordial,Ljava/io/File>")
"< Application, Ljavax/servlet/jsp/PageContext, RESPONSE, <Application,Ljava/lang/String> >"	java_type_ref("<Primordial,Ljava/lang/String>")
"< Application, Lhedc/SohoSynoptic, SOH01_, <Application,Ljava/lang/String> >"	java_type_ref("<Primordial,Ljava/lang/String>")
"< Application, Ljavax/servlet/http/HttpServletResponse, SC_MULTIPLE_CHOICES, <Primordial,I> >"	java_type_prim(java_prim_type_int)
"< Application, LEDU/oswego/cs/dl/util/concurrent/WriterPreferenceReadWriteLock, activeWriter_, <Application,Ljava/lang/Thread> >"	java_type_ref("<Primordial,Ljava/lang/Thread>")
"< Application, LEDU/oswego/cs/dl/util/concurrent/BoundedBuffer, takePtr_, <Primordial,I> >"	java_type_prim(java_prim_type_int)
"< Application, Lhedc/regexp/CharClass, sClass, <Application,Lhedc/regexp/CharClass> >"	java_type_ref("<Application,Lhedc/regexp/CharClass>")
"< Application, LEDU/oswego/cs/dl/util/concurrent/QueuedSemaphore$WaitQueue$WaitNode, waiting, <Primordial,Z> >"	java_type_prim(java_prim_type_boolean)
"< Application, LEDU/oswego/cs/dl/util/concurrent/BoundedBuffer, array_, <Application,[Ljava/lang/Object> >"	java_type_array(java_type_ref("<Primordial,Ljava/lang/Object>"))
"< Application, Lhedc/ethz/util/ThreadFactory, uniqueInstance_, <Application,Lhedc/ethz/util/ThreadFactory> >"	java_type_ref("<Application,Lhedc/ethz/util/ThreadFactory>")
"< Application, Ljavax/servlet/http/NoBodyResponse, resp, <Application,Ljavax/servlet/http/HttpServletResponse> >"	java_type_ref("<Application,Ljavax/servlet/http/HttpServletResponse>")
"< Application, Lhedc/ethz/util/SmartRef, exists_, <Primordial,I> >"	java_type_prim(java_prim_type_int)
"< Application, Lhedc/ethz/util/DoubleBufferCopy, buffer2_, <Application,Lhedc/ethz/util/DoubleBufferCopy$Buffer> >"	java_type_ref("<Application,Lhedc/ethz/util/DoubleBufferCopy$Buffer>")
"< Application, Lhedc/regexp/CompilerState, groupCount, <Primordial,I> >"	java_type_prim(java_prim_type_int)
"< Application, Ljavax/servlet/jsp/tagext/TagInfo, tagLibrary, <Application,Ljavax/servlet/jsp/tagext/TagLibraryInfo> >"	java_type_ref("<Application,Ljavax/servlet/jsp/tagext/TagLibraryInfo>")
"< Application, Ljavax/servlet/jsp/PageContext, PAGE, <Application,Ljava/lang/String> >"	java_type_ref("<Primordial,Ljava/lang/String>")
"< Application, LEDU/oswego/cs/dl/util/concurrent/FJTaskRunner, scans, <Primordial,I> >"	java_type_prim(java_prim_type_int)
"< Application, LEDU/oswego/cs/dl/util/concurrent/CopyOnWriteArrayList$COWIterator, cursor, <Primordial,I> >"	java_type_prim(java_prim_type_int)
"< Application, LEDU/oswego/cs/dl/util/concurrent/ClockDaemon$RunLoop, this$0, <Application,LEDU/oswego/cs/dl/util/concurrent/ClockDaemon> >"	java_type_ref("<Application,LEDU/oswego/cs/dl/util/concurrent/ClockDaemon>")
"< Application, Lhedc/ethz/util/SmartRef, SRF_LOCAL_URL_FILE_, <Application,Ljava/lang/String> >"	java_type_ref("<Primordial,Ljava/lang/String>")
"< Application, LEDU/oswego/cs/dl/util/concurrent/DefaultChannelCapacity, INITIAL_DEFAULT_CAPACITY, <Primordial,I> >"	java_type_prim(java_prim_type_int)
"< Application, Ljavax/servlet/http/HttpServletResponse, SC_INTERNAL_SERVER_ERROR, <Primordial,I> >"	java_type_prim(java_prim_type_int)
"< Application, LEDU/oswego/cs/dl/util/concurrent/SynchronousChannel, unclaimedTakers_, <Application,LEDU/oswego/cs/dl/util/concurrent/Semaphore> >"	java_type_ref("<Application,LEDU/oswego/cs/dl/util/concurrent/Semaphore>")
"< Application, Lhedc/ethz/util/EtcUtil, ETC03_, <Application,Ljava/lang/String> >"	java_type_ref("<Primordial,Ljava/lang/String>")
"< Application, LEDU/oswego/cs/dl/util/concurrent/ReentrantLock, holds_, <Primordial,J> >"	java_type_prim(java_prim_type_long)
"< Application, Lhedc/DateFormatter, ERA_FIELD, <Primordial,I> >"	java_type_prim(java_prim_type_int)
"< Application, Ljavax/servlet/jsp/tagext/TagSupport, parent, <Application,Ljavax/servlet/jsp/tagext/Tag> >"	java_type_ref("<Application,Ljavax/servlet/jsp/tagext/Tag>")
"< Application, Lhedc/regexp/Regexp, prev, <Application,Lhedc/regexp/Regexp> >"	java_type_ref("<Application,Lhedc/regexp/Regexp>")
"< Application, Lhedc/SohoSynoptic, SOH02_, <Application,Ljava/lang/String> >"	java_type_ref("<Primordial,Ljava/lang/String>")
"< Application, Lhedc/MetaSearchRequest, wrt_, <Application,Ljava/io/Writer> >"	java_type_ref("<Primordial,Ljava/io/Writer>")
"< Application, Lhedc/FormFiller, FFS01_, <Application,Ljava/lang/String> >"	java_type_ref("<Primordial,Ljava/lang/String>")
"< Application, LEDU/oswego/cs/dl/util/concurrent/LinkedQueue, putLock_, <Application,Ljava/lang/Object> >"	java_type_ref("<Primordial,Ljava/lang/Object>")
"< Application, Ljavax/servlet/http/HttpServletResponse, SC_EXPECTATION_FAILED, <Primordial,I> >"	java_type_prim(java_prim_type_int)
"< Application, Ljavax/servlet/jsp/tagext/TagAttributeInfo, name, <Application,Ljava/lang/String> >"	java_type_ref("<Primordial,Ljava/lang/String>")
"< Application, Ljavax/servlet/UnavailableException, seconds, <Primordial,I> >"	java_type_prim(java_prim_type_int)
"< Application, Ljavax/servlet/GenericServlet, config, <Application,Ljavax/servlet/ServletConfig> >"	java_type_ref("<Application,Ljavax/servlet/ServletConfig>")
"< Application, LEDU/oswego/cs/dl/util/concurrent/SynchronizedRef, value_, <Application,Ljava/lang/Object> >"	java_type_ref("<Primordial,Ljava/lang/Object>")
"< Application, LEDU/oswego/cs/dl/util/concurrent/Heap, nodes_, <Application,[Ljava/lang/Object> >"	java_type_array(java_type_ref("<Primordial,Ljava/lang/Object>"))
"< Application, Lhedc/FormFiller, FFS_SERVER_, <Application,Ljava/lang/String> >"	java_type_ref("<Primordial,Ljava/lang/String>")
"< Application, LEDU/oswego/cs/dl/util/concurrent/SyncMap, values_, <Application,Ljava/util/Collection> >"	java_type_ref("<Primordial,Ljava/util/Collection>")
"< Application, Lhedc/FormFiller, usersLastParameters_, <Application,Ljava/util/Hashtable> >"	java_type_ref("<Primordial,Ljava/util/Hashtable>")
"< Application, Lhedc/regexp/State, limit, <Primordial,I> >"	java_type_prim(java_prim_type_int)
"< Application, LEDU/oswego/cs/dl/util/concurrent/FJTask$Seq, tasks, <Application,[LEDU/oswego/cs/dl/util/concurrent/FJTask> >"	java_type_array(java_type_ref("<Application,LEDU/oswego/cs/dl/util/concurrent/FJTask>"))
"< Application, LEDU/oswego/cs/dl/util/concurrent/FJTaskRunner, barrier, <Application,Ljava/lang/Object> >"	java_type_ref("<Primordial,Ljava/lang/Object>")
"< Application, LEDU/oswego/cs/dl/util/concurrent/QueuedSemaphore, wq_, <Application,LEDU/oswego/cs/dl/util/concurrent/QueuedSemaphore$WaitQueue> >"	java_type_ref("<Application,LEDU/oswego/cs/dl/util/concurrent/QueuedSemaphore$WaitQueue>")
"< Application, Lhedc/SohoSynoptic, ADDRESS_, <Application,Ljava/lang/String> >"	java_type_ref("<Primordial,Ljava/lang/String>")
"< Application, Ljavax/servlet/jsp/tagext/TagLibraryInfo, tlibversion, <Application,Ljava/lang/String> >"	java_type_ref("<Primordial,Ljava/lang/String>")
"< Application, Lhedc/ethz/util/CopyStream, ost_, <Application,Ljava/io/OutputStream> >"	java_type_ref("<Primordial,Ljava/io/OutputStream>")
"< Application, LEDU/oswego/cs/dl/util/concurrent/Rendezvous, parties_, <Primordial,I> >"	java_type_prim(java_prim_type_int)
"< Application, Lhedc/regexp/Literal, mapCase, <Primordial,Z> >"	java_type_prim(java_prim_type_boolean)
"< Application, Lhedc/Messages, dlevel_, <Primordial,I> >"	java_type_prim(java_prim_type_int)
"< Application, Ljavax/servlet/http/HttpServlet, LSTRING_FILE, <Application,Ljava/lang/String> >"	java_type_ref("<Primordial,Ljava/lang/String>")
"< Application, Lhedc/PooledExecutorWithInvalidate$DiscardWhenBlocked, this$0, <Application,Lhedc/PooledExecutorWithInvalidate> >"	java_type_ref("<Application,Lhedc/PooledExecutorWithInvalidate>")
"< Application, Lhedc/MetaSearchImpl, MSR_TEMPLATE_LOCATION_, <Application,Ljava/lang/String> >"	java_type_ref("<Primordial,Ljava/lang/String>")
"< Application, Lhedc/regexp/CompilerState, mapCase, <Primordial,Z> >"	java_type_prim(java_prim_type_boolean)
"< Application, LEDU/oswego/cs/dl/util/concurrent/FJTaskRunnerGroup, activeCount, <Primordial,I> >"	java_type_prim(java_prim_type_int)
"< Application, LEDU/oswego/cs/dl/util/concurrent/SyncMap, rd_, <Application,LEDU/oswego/cs/dl/util/concurrent/Sync> >"	java_type_ref("<Application,LEDU/oswego/cs/dl/util/concurrent/Sync>")
"< Application, Lhedc/MetaSearchImpl, MSR_ROW_HEADER_TEMPLATE_, <Primordial,[C> >"	java_type_array(java_type_prim(java_prim_type_char))
"< Application, LEDU/oswego/cs/dl/util/concurrent/LinkedQueue, waitingForTake_, <Primordial,I> >"	java_type_prim(java_prim_type_int)
"< Application, LEDU/oswego/cs/dl/util/concurrent/SynchronizedInt, value_, <Primordial,I> >"	java_type_prim(java_prim_type_int)
"< Application, LEDU/oswego/cs/dl/util/concurrent/SynchronousChannel, onePut_, <Application,Ljava/lang/Object> >"	java_type_ref("<Primordial,Ljava/lang/Object>")
"< Application, Ljavax/servlet/http/Cookie, domain, <Application,Ljava/lang/String> >"	java_type_ref("<Primordial,Ljava/lang/String>")
"< Application, LEDU/oswego/cs/dl/util/concurrent/PooledExecutor, blockedExecutionHandler_, <Application,LEDU/oswego/cs/dl/util/concurrent/PooledExecutor$BlockedExecutionHandler> >"	java_type_ref("<Application,LEDU/oswego/cs/dl/util/concurrent/PooledExecutor$BlockedExecutionHandler>")
"< Application, Lhedc/DateFormatter, DAY_OF_WEEK_FIELD, <Primordial,I> >"	java_type_prim(java_prim_type_int)
"< Application, LEDU/oswego/cs/dl/util/concurrent/SynchronizedLong, value_, <Primordial,J> >"	java_type_prim(java_prim_type_long)
"< Application, Lhedc/RandomDate, random_, <Application,Ljava/util/Random> >"	java_type_ref("<Primordial,Ljava/util/Random>")
"< Application, Lhedc/ethz/util/EtcUtil, localHostName_, <Application,Ljava/lang/String> >"	java_type_ref("<Primordial,Ljava/lang/String>")
"< Application, Lhedc/regexp/Regexp, next, <Application,Lhedc/regexp/Regexp> >"	java_type_ref("<Application,Lhedc/regexp/Regexp>")
"< Application, Ljavax/servlet/http/HttpUtils, lStrings, <Application,Ljava/util/ResourceBundle> >"	java_type_ref("<Primordial,Ljava/util/ResourceBundle>")
"< Application, LEDU/oswego/cs/dl/util/concurrent/FJTask$Par2, fst, <Application,LEDU/oswego/cs/dl/util/concurrent/FJTask> >"	java_type_ref("<Application,LEDU/oswego/cs/dl/util/concurrent/FJTask>")
"< Application, LEDU/oswego/cs/dl/util/concurrent/Latch, latched_, <Primordial,Z> >"	java_type_prim(java_prim_type_boolean)
"< Application, Ljavax/servlet/http/Cookie, path, <Application,Ljava/lang/String> >"	java_type_ref("<Primordial,Ljava/lang/String>")
"< Application, Lhedc/MetaSearchRequest, msi_, <Application,Lhedc/MetaSearchImpl> >"	java_type_ref("<Application,Lhedc/MetaSearchImpl>")
"< Application, Lhedc/ethz/util/BaseProperties, BPR04_, <Application,Ljava/lang/String> >"	java_type_ref("<Primordial,Ljava/lang/String>")
"< Application, Ljavax/servlet/jsp/PageContext, PAGECONTEXT, <Application,Ljava/lang/String> >"	java_type_ref("<Primordial,Ljava/lang/String>")
"< Application, Ljavax/servlet/ServletOutputStream, LSTRING_FILE, <Application,Ljava/lang/String> >"	java_type_ref("<Primordial,Ljava/lang/String>")
"< Application, Lhedc/ethz/util/EstimatorFactory, currentEstimators_, <Application,Ljava/util/Hashtable> >"	java_type_ref("<Primordial,Ljava/util/Hashtable>")
"< Application, Ljavax/servlet/http/HttpServletResponse, SC_CONFLICT, <Primordial,I> >"	java_type_prim(java_prim_type_int)
"< Application, Lhedc/regexp/CharClass, in, <Primordial,Z> >"	java_type_prim(java_prim_type_boolean)
"< Application, Ljavax/servlet/jsp/tagext/BodyContent, enclosingWriter, <Application,Ljavax/servlet/jsp/JspWriter> >"	java_type_ref("<Application,Ljavax/servlet/jsp/JspWriter>")
"< Application, Lhedc/regexp/Alternatives, alts, <Application,Ljava/util/Vector> >"	java_type_ref("<Primordial,Ljava/util/Vector>")
"< Application, LEDU/oswego/cs/dl/util/concurrent/SynchronizedChar, value_, <Primordial,C> >"	java_type_prim(java_prim_type_char)
"< Application, Ljavax/servlet/http/HttpServletResponse, SC_NOT_MODIFIED, <Primordial,I> >"	java_type_prim(java_prim_type_int)
"< Application, Ljavax/servlet/http/Cookie, secure, <Primordial,Z> >"	java_type_prim(java_prim_type_boolean)
"< Application, Ljavax/servlet/http/HttpServlet, METHOD_TRACE, <Application,Ljava/lang/String> >"	java_type_ref("<Primordial,Ljava/lang/String>")
"< Application, Lhedc/MetaSearchResult$MetaSearchResultIterator, firstSeen_, <Primordial,Z> >"	java_type_prim(java_prim_type_boolean)
"< Application, Ljavax/servlet/http/HttpServletResponse, SC_BAD_REQUEST, <Primordial,I> >"	java_type_prim(java_prim_type_int)
"< Application, LEDU/oswego/cs/dl/util/concurrent/FutureResult, value_, <Application,Ljava/lang/Object> >"	java_type_ref("<Primordial,Ljava/lang/Object>")
"< Application, Lhedc/ethz/util/BufferedCopy, buffer_, <Primordial,[B> >"	java_type_array(java_type_prim(java_prim_type_byte))
"< Application, Lhedc/DateFormatter, SECOND_FIELD, <Primordial,I> >"	java_type_prim(java_prim_type_int)
"< Application, LEDU/oswego/cs/dl/util/concurrent/Heap, cmp_, <Application,Ljava/util/Comparator> >"	java_type_ref("<Primordial,Ljava/util/Comparator>")
"< Application, Lhedc/MetaSearchImpl, RDI03_, <Application,Ljava/lang/String> >"	java_type_ref("<Primordial,Ljava/lang/String>")
"< Application, Lhedc/ethz/util/Logger, monthnames, <Application,[Ljava/lang/String> >"	java_type_array(java_type_ref("<Primordial,Ljava/lang/String>"))
"< Application, Ljavax/servlet/http/HttpServletResponse, SC_REQUEST_ENTITY_TOO_LARGE, <Primordial,I> >"	java_type_prim(java_prim_type_int)
"< Application, Ljavax/servlet/jsp/PageContext, SESSION_SCOPE, <Primordial,I> >"	java_type_prim(java_prim_type_int)
"< Application, LEDU/oswego/cs/dl/util/concurrent/Heap, count_, <Primordial,I> >"	java_type_prim(java_prim_type_int)
"< Application, Lhedc/regexp/Result, state, <Application,Lhedc/regexp/State> >"	java_type_ref("<Application,Lhedc/regexp/State>")
"< Application, Lhedc/Rag, RESULT_ADDRESS_, <Application,Ljava/lang/String> >"	java_type_ref("<Primordial,Ljava/lang/String>")
"< Application, Lhedc/ethz/util/Ftp, serverSocket_, <Application,Ljava/net/ServerSocket> >"	java_type_ref("<Primordial,Ljava/net/ServerSocket>")
"< Application, LEDU/oswego/cs/dl/util/concurrent/SynchronizedFloat, value_, <Primordial,F> >"	java_type_prim(java_prim_type_float)
"< Application, Ljavax/servlet/jsp/tagext/Tag, SKIP_PAGE, <Primordial,I> >"	java_type_prim(java_prim_type_int)
"< Application, LEDU/oswego/cs/dl/util/concurrent/FJTaskRunnerGroup, COLLECT_STATS, <Primordial,Z> >"	java_type_prim(java_prim_type_boolean)
"< Application, Ljavax/servlet/http/HttpServletResponse, SC_RESET_CONTENT, <Primordial,I> >"	java_type_prim(java_prim_type_int)
"< Application, Lhedc/MetaSearchImpl, TFA02_, <Application,Ljava/lang/String> >"	java_type_ref("<Primordial,Ljava/lang/String>")
"< Application, Lhedc/ethz/util/SmartRef, SRF06_, <Application,Ljava/lang/String> >"	java_type_ref("<Primordial,Ljava/lang/String>")
"< Application, Lhedc/MetaSearchImpl, RDI02_, <Application,Ljava/lang/String> >"	java_type_ref("<Primordial,Ljava/lang/String>")
"< Application, Lhedc/DateFormatter, DAY_OF_WEEK_IN_MONTH_FIELD, <Primordial,I> >"	java_type_prim(java_prim_type_int)
"< Application, LEDU/oswego/cs/dl/util/concurrent/QueuedExecutor, runLoop_, <Application,LEDU/oswego/cs/dl/util/concurrent/QueuedExecutor$RunLoop> >"	java_type_ref("<Application,LEDU/oswego/cs/dl/util/concurrent/QueuedExecutor$RunLoop>")
"< Application, LEDU/oswego/cs/dl/util/concurrent/Sync, ONE_MINUTE, <Primordial,J> >"	java_type_prim(java_prim_type_long)
"< Application, Lhedc/ethz/util/Logger, allLoggerInstances_, <Application,Ljava/util/Vector> >"	java_type_ref("<Primordial,Ljava/util/Vector>")
"< Application, Lhedc/DateFormatter, WEEK_OF_MONTH_FIELD, <Primordial,I> >"	java_type_prim(java_prim_type_int)
"< Application, Ljavax/servlet/ServletOutputStream, lStrings, <Application,Ljava/util/ResourceBundle> >"	java_type_ref("<Primordial,Ljava/util/ResourceBundle>")
"< Application, LEDU/oswego/cs/dl/util/concurrent/CopyOnWriteArraySet, al, <Application,LEDU/oswego/cs/dl/util/concurrent/CopyOnWriteArrayList> >"	java_type_ref("<Application,LEDU/oswego/cs/dl/util/concurrent/CopyOnWriteArrayList>")
"< Application, Ljavax/servlet/jsp/PageContext, EXCEPTION, <Application,Ljava/lang/String> >"	java_type_ref("<Primordial,Ljava/lang/String>")
"< Application, LEDU/oswego/cs/dl/util/concurrent/FJTaskRunner, COLLECT_STATS, <Primordial,Z> >"	java_type_prim(java_prim_type_boolean)
"< Application, LEDU/oswego/cs/dl/util/concurrent/FutureResult, ready_, <Primordial,Z> >"	java_type_prim(java_prim_type_boolean)
"< Application, Lhedc/regexp/State, offset, <Primordial,I> >"	java_type_prim(java_prim_type_int)
"< Application, LEDU/oswego/cs/dl/util/concurrent/CopyOnWriteArrayList$COWSubList$COWSubListIterator, index, <Primordial,I> >"	java_type_prim(java_prim_type_int)
"< Application, LEDU/oswego/cs/dl/util/concurrent/SyncMap, keySet_, <Application,Ljava/util/Set> >"	java_type_ref("<Primordial,Ljava/util/Set>")
"< Application, Ljavax/servlet/http/HttpServletResponse, SC_GONE, <Primordial,I> >"	java_type_prim(java_prim_type_int)
"< Application, Lhedc/ethz/util/RmiLogger, uniqueInstance_, <Application,Lhedc/ethz/util/RmiLogger> >"	java_type_ref("<Application,Lhedc/ethz/util/RmiLogger>")
"< Application, Ljavax/servlet/http/HttpServletResponse, SC_REQUESTED_RANGE_NOT_SATISFIABLE, <Primordial,I> >"	java_type_prim(java_prim_type_int)
"< Application, Ljavax/servlet/jsp/tagext/Tag, SKIP_BODY, <Primordial,I> >"	java_type_prim(java_prim_type_int)
"< Application, Lhedc/ethz/util/RmiLogger, LOG_ID_, <Application,Ljava/lang/String> >"	java_type_ref("<Primordial,Ljava/lang/String>")
"< Application, Lhedc/SohoSynoptic, TYPE_CODES_, <Application,Ljava/util/Hashtable> >"	java_type_ref("<Primordial,Ljava/util/Hashtable>")
"< Application, LEDU/oswego/cs/dl/util/concurrent/WaitFreeQueue$Node, count, <Primordial,J> >"	java_type_prim(java_prim_type_long)
"< Application, LEDU/oswego/cs/dl/util/concurrent/FJTask$Seq2, fst, <Application,LEDU/oswego/cs/dl/util/concurrent/FJTask> >"	java_type_ref("<Application,LEDU/oswego/cs/dl/util/concurrent/FJTask>")
"< Application, LEDU/oswego/cs/dl/util/concurrent/SemaphoreControlledChannel, takeGuard_, <Application,LEDU/oswego/cs/dl/util/concurrent/Semaphore> >"	java_type_ref("<Application,LEDU/oswego/cs/dl/util/concurrent/Semaphore>")
"< Application, Lhedc/regexp/CharClass, NCHARS, <Primordial,I> >"	java_type_prim(java_prim_type_int)
"< Application, Lhedc/DateFormatter, HOUR_OF_DAY1_FIELD, <Primordial,I> >"	java_type_prim(java_prim_type_int)
"< Application, Lhedc/ethz/util/Generator, GEN_MAX_PAGE_SIZE_, <Primordial,I> >"	java_type_prim(java_prim_type_int)
"< Application, LEDU/oswego/cs/dl/util/concurrent/Sync, ONE_SECOND, <Primordial,J> >"	java_type_prim(java_prim_type_long)
"< Application, Lhedc/regexp/State, pstart, <Primordial,[I> >"	java_type_array(java_type_prim(java_prim_type_int))
"< Application, Ljavax/servlet/http/HttpServlet, HEADER_LASTMOD, <Application,Ljava/lang/String> >"	java_type_ref("<Primordial,Ljava/lang/String>")
"< Application, Lhedc/ethz/util/URLConnectionReader, UCR_OK_EXIT_CODE_, <Primordial,I> >"	java_type_prim(java_prim_type_int)
"< Application, LEDU/oswego/cs/dl/util/concurrent/FIFOReadWriteLock$ReaderSync, oneWaiter_, <Application,LEDU/oswego/cs/dl/util/concurrent/Mutex> >"	java_type_ref("<Application,LEDU/oswego/cs/dl/util/concurrent/Mutex>")
"< Application, Lhedc/ethz/util/SmartRef, SRF03_, <Application,Ljava/lang/String> >"	java_type_ref("<Primordial,Ljava/lang/String>")
"< Application, Lhedc/DateFormatter, DATE_FIELD, <Primordial,I> >"	java_type_prim(java_prim_type_int)
"< Application, Lhedc/ethz/util/BaseProperties, BPR_ID_, <Application,Ljava/lang/String> >"	java_type_ref("<Primordial,Ljava/lang/String>")
"< Application, Lhedc/ethz/util/Ftp, FTP_ERROR, <Primordial,I> >"	java_type_prim(java_prim_type_int)
"< Application, Lhedc/ethz/util/DoubleBufferCopy$Buffer, buffer_, <Primordial,[B> >"	java_type_array(java_type_prim(java_prim_type_byte))
"< Application, Lhedc/ethz/util/Logger, LOG_ID_, <Application,Ljava/lang/String> >"	java_type_ref("<Primordial,Ljava/lang/String>")
"< Application, Lhedc/PooledExecutorWithInvalidate, poolLock_, <Application,Ljava/lang/Object> >"	java_type_ref("<Primordial,Ljava/lang/Object>")
"< Application, Ljavax/servlet/jsp/JspWriter, autoFlush, <Primordial,Z> >"	java_type_prim(java_prim_type_boolean)
"< Application, Lhedc/regexp/Regexp, debug, <Primordial,Z> >"	java_type_prim(java_prim_type_boolean)
"< Application, Lhedc/ethz/util/Generator, GEN_POOL_CAPACITY_, <Primordial,I> >"	java_type_prim(java_prim_type_int)
"< Application, LEDU/oswego/cs/dl/util/concurrent/FJTask$Par2, snd, <Application,LEDU/oswego/cs/dl/util/concurrent/FJTask> >"	java_type_ref("<Application,LEDU/oswego/cs/dl/util/concurrent/FJTask>")
"< Application, Lhedc/ethz/util/Estimator, name_, <Application,Ljava/lang/String> >"	java_type_ref("<Primordial,Ljava/lang/String>")
"< Application, Lhedc/ethz/util/EstimatorFactory, ESF03_, <Application,Ljava/lang/String> >"	java_type_ref("<Primordial,Ljava/lang/String>")
"< Application, Lhedc/Rag, ADDRESS_, <Application,Ljava/lang/String> >"	java_type_ref("<Primordial,Ljava/lang/String>")
"< Application, Ljavax/servlet/jsp/tagext/TagLibraryInfo, shortname, <Application,Ljava/lang/String> >"	java_type_ref("<Primordial,Ljava/lang/String>")
"< Application, Ljavax/servlet/http/HttpUtils, nullHashtable, <Application,Ljava/util/Hashtable> >"	java_type_ref("<Primordial,Ljava/util/Hashtable>")
"< Application, Lhedc/ethz/util/Generator, GEN_POOL_CAPACITY_NAMED_, <Primordial,I> >"	java_type_prim(java_prim_type_int)
"< Application, Lhedc/ethz/util/DoubleBufferCopy$CopyThread, this$0, <Application,Lhedc/ethz/util/DoubleBufferCopy> >"	java_type_ref("<Application,Lhedc/ethz/util/DoubleBufferCopy>")
"< Application, Lhedc/ethz/util/SmartRef, url_, <Application,Ljava/net/URL> >"	java_type_ref("<Primordial,Ljava/net/URL>")
"< Application, Lhedc/DateFormatter, SHORT, <Primordial,I> >"	java_type_prim(java_prim_type_int)
"< Application, Lhedc/regexp/CompilerState, offset, <Primordial,I> >"	java_type_prim(java_prim_type_int)
"< Application, Ljavax/servlet/http/HttpServletResponse, SC_REQUEST_URI_TOO_LONG, <Primordial,I> >"	java_type_prim(java_prim_type_int)
"< Application, LEDU/oswego/cs/dl/util/concurrent/CondVar, mutex_, <Application,LEDU/oswego/cs/dl/util/concurrent/Sync> >"	java_type_ref("<Application,LEDU/oswego/cs/dl/util/concurrent/Sync>")
"< Application, Lhedc/Task, thread_, <Application,Ljava/lang/Thread> >"	java_type_ref("<Primordial,Ljava/lang/Thread>")
"< Application, Lhedc/ethz/util/SmartRef, localPath_, <Application,Ljava/lang/String> >"	java_type_ref("<Primordial,Ljava/lang/String>")
"< Application, Ljavax/servlet/jsp/tagext/TagInfo, tagClassName, <Application,Ljava/lang/String> >"	java_type_ref("<Primordial,Ljava/lang/String>")
"< Application, Lhedc/ethz/util/Ftp, FTP_TRY_AGAIN, <Primordial,I> >"	java_type_prim(java_prim_type_int)
"< Application, LEDU/oswego/cs/dl/util/concurrent/SyncCollection, syncFailures_, <Application,LEDU/oswego/cs/dl/util/concurrent/SynchronizedLong> >"	java_type_ref("<Application,LEDU/oswego/cs/dl/util/concurrent/SynchronizedLong>")
"< Application, Lhedc/PooledExecutorWithInvalidate, maximumPoolSize_, <Primordial,I> >"	java_type_prim(java_prim_type_int)
"< Application, LEDU/oswego/cs/dl/util/concurrent/Sync, ONE_WEEK, <Primordial,J> >"	java_type_prim(java_prim_type_long)
"< Application, LEDU/oswego/cs/dl/util/concurrent/PropertyChangeMulticaster, source, <Application,Ljava/lang/Object> >"	java_type_ref("<Primordial,Ljava/lang/Object>")
"< Application, Lhedc/PooledExecutorWithInvalidate, minimumPoolSize_, <Primordial,I> >"	java_type_prim(java_prim_type_int)
"< Application, Lhedc/ethz/util/RmiLogger, LOG02_, <Application,Ljava/lang/String> >"	java_type_ref("<Primordial,Ljava/lang/String>")
"< Application, LEDU/oswego/cs/dl/util/concurrent/FIFOSemaphore$FIFOWaitQueue, head_, <Application,LEDU/oswego/cs/dl/util/concurrent/QueuedSemaphore$WaitQueue$WaitNode> >"	java_type_ref("<Application,LEDU/oswego/cs/dl/util/concurrent/QueuedSemaphore$WaitQueue$WaitNode>")
"< Application, Ljavax/servlet/http/Cookie, name, <Application,Ljava/lang/String> >"	java_type_ref("<Primordial,Ljava/lang/String>")
"< Application, Lhedc/PooledExecutorWithInvalidate, DEFAULT_KEEPALIVETIME, <Primordial,J> >"	java_type_prim(java_prim_type_long)
"< Application, Lhedc/DateFormatter, MINUTE_FIELD, <Primordial,I> >"	java_type_prim(java_prim_type_int)
"< Application, Lhedc/DateFormatter, DEFAULT, <Primordial,I> >"	java_type_prim(java_prim_type_int)
"< Application, Ljavax/servlet/http/HttpServletResponse, SC_SERVICE_UNAVAILABLE, <Primordial,I> >"	java_type_prim(java_prim_type_int)
"< Application, LEDU/oswego/cs/dl/util/concurrent/FJTaskRunner, scanPriority, <Primordial,I> >"	java_type_prim(java_prim_type_int)
"< Application, Ljavax/servlet/jsp/tagext/VariableInfo, AT_BEGIN, <Primordial,I> >"	java_type_prim(java_prim_type_int)
"< Application, LEDU/oswego/cs/dl/util/concurrent/WaitFreeQueue, tail_, <Application,LEDU/oswego/cs/dl/util/concurrent/WaitFreeQueue$Node> >"	java_type_ref("<Application,LEDU/oswego/cs/dl/util/concurrent/WaitFreeQueue$Node>")
"< Application, Lhedc/ethz/util/DoubleBufferCopy, DBC_BUF_SIZE_, <Primordial,I> >"	java_type_prim(java_prim_type_int)
"< Application, Ljavax/servlet/jsp/JspFactory, deflt, <Application,Ljavax/servlet/jsp/JspFactory> >"	java_type_ref("<Application,Ljavax/servlet/jsp/JspFactory>")
"< Application, LEDU/oswego/cs/dl/util/concurrent/QueuedExecutor$RunLoop, this$0, <Application,LEDU/oswego/cs/dl/util/concurrent/QueuedExecutor> >"	java_type_ref("<Application,LEDU/oswego/cs/dl/util/concurrent/QueuedExecutor>")
"< Application, Lhedc/TaskFactory, TFA_SITES_, <Application,[Ljava/lang/String> >"	java_type_array(java_type_ref("<Primordial,Ljava/lang/String>"))
"< Application, Lhedc/Tester, name_, <Application,Ljava/lang/String> >"	java_type_ref("<Primordial,Ljava/lang/String>")
"< Application, LEDU/oswego/cs/dl/util/concurrent/PooledExecutor, maximumPoolSize_, <Primordial,I> >"	java_type_prim(java_prim_type_int)
"< Application, Lhedc/ethz/util/EtcUtil, ETC02_, <Application,Ljava/lang/String> >"	java_type_ref("<Primordial,Ljava/lang/String>")
"< Application, Lhedc/ethz/util/DoubleBufferCopy$CopyThread, type_, <Primordial,I> >"	java_type_prim(java_prim_type_int)
"< Application, Ljavax/servlet/http/HttpServletResponse, SC_METHOD_NOT_ALLOWED, <Primordial,I> >"	java_type_prim(java_prim_type_int)
"< Application, LEDU/oswego/cs/dl/util/concurrent/SyncCollection, c_, <Application,Ljava/util/Collection> >"	java_type_ref("<Primordial,Ljava/util/Collection>")
"< Application, LEDU/oswego/cs/dl/util/concurrent/ClockDaemon, thread_, <Application,Ljava/lang/Thread> >"	java_type_ref("<Primordial,Ljava/lang/Thread>")
"< Application, Lhedc/FormFiller, FFS03_, <Application,Ljava/lang/String> >"	java_type_ref("<Primordial,Ljava/lang/String>")
"< Application, LEDU/oswego/cs/dl/util/concurrent/FutureResult, exception_, <Application,Ljava/lang/reflect/InvocationTargetException> >"	java_type_ref("<Primordial,Ljava/lang/reflect/InvocationTargetException>")
"< Application, LEDU/oswego/cs/dl/util/concurrent/ReentrantWriterPreferenceReadWriteLock, writeHolds_, <Primordial,J> >"	java_type_prim(java_prim_type_long)
"< Application, Ljavax/servlet/http/HttpServletResponse, SC_USE_PROXY, <Primordial,I> >"	java_type_prim(java_prim_type_int)
"< Application, LEDU/oswego/cs/dl/util/concurrent/PooledExecutor, DEFAULT_MINIMUMPOOLSIZE, <Primordial,I> >"	java_type_prim(java_prim_type_int)
"< Application, Lhedc/PooledExecutorWithInvalidate, poolSize_, <Primordial,I> >"	java_type_prim(java_prim_type_int)
"< Application, Lhedc/PooledExecutorWithInvalidate, keepAliveTime_, <Primordial,J> >"	java_type_prim(java_prim_type_long)
"< Application, Lhedc/ethz/util/SmartRef, SRF08_, <Application,Ljava/lang/String> >"	java_type_ref("<Primordial,Ljava/lang/String>")
"< Application, Lhedc/Tester, TES_END_, <Application,Ljava/lang/String> >"	java_type_ref("<Primordial,Ljava/lang/String>")
"< Application, LEDU/oswego/cs/dl/util/concurrent/Semaphore, permits_, <Primordial,J> >"	java_type_prim(java_prim_type_long)
"< Application, Lhedc/ethz/util/Generator, GEN03_, <Application,Ljava/lang/String> >"	java_type_ref("<Primordial,Ljava/lang/String>")
"< Application, Lhedc/ethz/util/BufferedCopy, ost_, <Application,Ljava/io/OutputStream> >"	java_type_ref("<Primordial,Ljava/io/OutputStream>")
"< Application, Lhedc/SohoSynoptic, INFO_CODES_, <Application,Ljava/util/Hashtable> >"	java_type_ref("<Primordial,Ljava/util/Hashtable>")
"< Application, Ljavax/servlet/http/Cookie, maxAge, <Primordial,I> >"	java_type_prim(java_prim_type_int)
"< Application, Lhedc/ethz/util/CopyStream, wrt_, <Application,Ljava/io/Writer> >"	java_type_ref("<Primordial,Ljava/io/Writer>")
"< Application, Ljavax/servlet/jsp/PageContext, REQUEST_SCOPE, <Primordial,I> >"	java_type_prim(java_prim_type_int)
"< Application, Lhedc/PooledExecutorWithInvalidate, DEFAULT_MAXIMUMPOOLSIZE, <Primordial,I> >"	java_type_prim(java_prim_type_int)
"< Application, Lhedc/ethz/util/Ftp, dataSocket_, <Application,Ljava/net/Socket> >"	java_type_ref("<Primordial,Ljava/net/Socket>")
"< Application, Lhedc/ethz/util/BaseProperties, BPR03_, <Application,Ljava/lang/String> >"	java_type_ref("<Primordial,Ljava/lang/String>")
"< Application, Ljavax/servlet/jsp/PageContext, CONFIG, <Application,Ljava/lang/String> >"	java_type_ref("<Primordial,Ljava/lang/String>")
"< Application, LEDU/oswego/cs/dl/util/concurrent/FJTaskRunner, victimRNG, <Application,Ljava/util/Random> >"	java_type_ref("<Primordial,Ljava/util/Random>")
"< Application, Lhedc/regexp/CharArrayState, data, <Primordial,[C> >"	java_type_array(java_type_prim(java_prim_type_char))
"< Application, Lhedc/ethz/util/HttpLogger, LOG02_, <Application,Ljava/lang/String> >"	java_type_ref("<Primordial,Ljava/lang/String>")
"< Application, LEDU/oswego/cs/dl/util/concurrent/BoundedLinkedQueue, takeSidePutPermits_, <Primordial,I> >"	java_type_prim(java_prim_type_int)
"< Application, Ljavax/servlet/http/HttpServletResponse, SC_BAD_GATEWAY, <Primordial,I> >"	java_type_prim(java_prim_type_int)
"< Application, LEDU/oswego/cs/dl/util/concurrent/FJTaskRunnerGroup, MAX_SLEEP_TIME, <Primordial,J> >"	java_type_prim(java_prim_type_long)
"< Application, LEDU/oswego/cs/dl/util/concurrent/QueuedSemaphore$WaitQueue$WaitNode, next, <Application,LEDU/oswego/cs/dl/util/concurrent/QueuedSemaphore$WaitQueue$WaitNode> >"	java_type_ref("<Application,LEDU/oswego/cs/dl/util/concurrent/QueuedSemaphore$WaitQueue$WaitNode>")
"< Application, Lhedc/ethz/util/Logger, buffer_, <Application,Ljava/lang/StringBuffer> >"	java_type_ref("<Primordial,Ljava/lang/StringBuffer>")
"< Application, Lhedc/ethz/util/Logger, logBuffer_, <Primordial,I> >"	java_type_prim(java_prim_type_int)
"< Application, Ljavax/servlet/jsp/tagext/TagSupport, pageContext, <Application,Ljavax/servlet/jsp/PageContext> >"	java_type_ref("<Application,Ljavax/servlet/jsp/PageContext>")
"< Application, Lhedc/MetaSearchImpl, MSR_ROW_EMPTY_LINE_TEMPLATE_, <Primordial,[C> >"	java_type_array(java_type_prim(java_prim_type_char))
"< Application, Lhedc/ethz/util/Logger, log_, <Application,Ljava/io/RandomAccessFile> >"	java_type_ref("<Primordial,Ljava/io/RandomAccessFile>")
"< Application, LEDU/oswego/cs/dl/util/concurrent/SyncMap, entrySet_, <Application,Ljava/util/Set> >"	java_type_ref("<Primordial,Ljava/util/Set>")
"< Application, Ljavax/servlet/http/HttpServletResponse, SC_FORBIDDEN, <Primordial,I> >"	java_type_prim(java_prim_type_int)
"< Application, LEDU/oswego/cs/dl/util/concurrent/SynchronizedDouble, value_, <Primordial,D> >"	java_type_prim(java_prim_type_double)
"< Application, Lhedc/DateFormatter, TIMEZONE_FIELD, <Primordial,I> >"	java_type_prim(java_prim_type_int)
"< Application, Ljavax/servlet/jsp/JspWriter, DEFAULT_BUFFER, <Primordial,I> >"	java_type_prim(java_prim_type_int)
"< Application, Lhedc/MetaSearchImpl, MSR_MAX_THREADS_, <Primordial,I> >"	java_type_prim(java_prim_type_int)
"< Application, LEDU/oswego/cs/dl/util/concurrent/FIFOReadWriteLock, active_, <Application,LEDU/oswego/cs/dl/util/concurrent/FIFOSemaphore> >"	java_type_ref("<Application,LEDU/oswego/cs/dl/util/concurrent/FIFOSemaphore>")
"< Application, Lhedc/ethz/util/HttpLogger, LOG_ID_, <Application,Ljava/lang/String> >"	java_type_ref("<Primordial,Ljava/lang/String>")
"< Application, Lhedc/regexp/State, pend, <Primordial,[I> >"	java_type_array(java_type_prim(java_prim_type_int))
"< Application, Ljavax/servlet/http/HttpServlet, METHOD_GET, <Application,Ljava/lang/String> >"	java_type_ref("<Primordial,Ljava/lang/String>")
"< Application, Lhedc/DateFormatter, AM_PM_FIELD, <Primordial,I> >"	java_type_prim(java_prim_type_int)
"< Application, Ljavax/servlet/jsp/tagext/TagLibraryInfo, urn, <Application,Ljava/lang/String> >"	java_type_ref("<Primordial,Ljava/lang/String>")
"< Application, LEDU/oswego/cs/dl/util/concurrent/TimedCallable, function, <Application,LEDU/oswego/cs/dl/util/concurrent/Callable> >"	java_type_ref("<Application,LEDU/oswego/cs/dl/util/concurrent/Callable>")
"< Application, LEDU/oswego/cs/dl/util/concurrent/BoundedPriorityQueue, heap_, <Application,LEDU/oswego/cs/dl/util/concurrent/Heap> >"	java_type_ref("<Application,LEDU/oswego/cs/dl/util/concurrent/Heap>")
"< Application, LEDU/oswego/cs/dl/util/concurrent/BoundedLinkedQueue, putSidePutPermits_, <Primordial,I> >"	java_type_prim(java_prim_type_int)
"< Application, Lhedc/MetaSearchImpl, taskFac_, <Application,Lhedc/TaskFactory> >"	java_type_ref("<Application,Lhedc/TaskFactory>")
"< Application, LEDU/oswego/cs/dl/util/concurrent/CopyOnWriteArrayList$COWSubList, size, <Primordial,I> >"	java_type_prim(java_prim_type_int)
"< Application, Lhedc/regexp/CompilerState, input, <Application,Ljava/lang/String> >"	java_type_ref("<Primordial,Ljava/lang/String>")
"< Application, LEDU/oswego/cs/dl/util/concurrent/FIFOReadWriteLock$ReaderSync, this$0, <Application,LEDU/oswego/cs/dl/util/concurrent/FIFOReadWriteLock> >"	java_type_ref("<Application,LEDU/oswego/cs/dl/util/concurrent/FIFOReadWriteLock>")
"< Application, Lhedc/ethz/util/Generator, namedBufferPool_, <Application,Ljava/util/TreeMap> >"	java_type_ref("<Primordial,Ljava/util/TreeMap>")
"< Application, Ljavax/servlet/jsp/tagext/TagAttributeInfo, type, <Application,Ljava/lang/String> >"	java_type_ref("<Primordial,Ljava/lang/String>")
"< Application, Ljavax/servlet/jsp/tagext/TagLibraryInfo, tags, <Application,[Ljavax/servlet/jsp/tagext/TagInfo> >"	java_type_array(java_type_ref("<Application,Ljavax/servlet/jsp/tagext/TagInfo>"))
"< Application, Lhedc/Messages, sdf_, <Application,Ljava/text/SimpleDateFormat> >"	java_type_ref("<Primordial,Ljava/text/SimpleDateFormat>")
"< Application, LEDU/oswego/cs/dl/util/concurrent/PooledExecutor, keepAliveTime_, <Primordial,J> >"	java_type_prim(java_prim_type_long)
"< Application, LEDU/oswego/cs/dl/util/concurrent/TimeDaemon$TaskNode, command, <Application,Ljava/lang/Runnable> >"	java_type_ref("<Primordial,Ljava/lang/Runnable>")
"< Application, LEDU/oswego/cs/dl/util/concurrent/CyclicBarrier, broken_, <Primordial,Z> >"	java_type_prim(java_prim_type_boolean)
"< Application, Lhedc/RandomDate, end_, <Primordial,J> >"	java_type_prim(java_prim_type_long)
"< Application, Lhedc/PooledExecutorWithInvalidate$BlockedExecutionHandler, this$0, <Application,Lhedc/PooledExecutorWithInvalidate> >"	java_type_ref("<Application,Lhedc/PooledExecutorWithInvalidate>")
"< Application, LEDU/oswego/cs/dl/util/concurrent/TimeoutException, duration, <Primordial,J> >"	java_type_prim(java_prim_type_long)
"< Application, Lhedc/ethz/util/URLConnectionReader, UCR_ERROR_EXIT_CODE_, <Primordial,I> >"	java_type_prim(java_prim_type_int)
"< Application, Ljavax/servlet/http/Cookie, comment, <Application,Ljava/lang/String> >"	java_type_ref("<Primordial,Ljava/lang/String>")
"< Application, LEDU/oswego/cs/dl/util/concurrent/Rendezvous, entries_, <Primordial,I> >"	java_type_prim(java_prim_type_int)
"< Application, Ljavax/servlet/http/NoBodyOutputStream, contentLength, <Primordial,I> >"	java_type_prim(java_prim_type_int)
"< Application, LEDU/oswego/cs/dl/util/concurrent/WriterPreferenceReadWriteLock$ReaderLock, this$0, <Application,LEDU/oswego/cs/dl/util/concurrent/WriterPreferenceReadWriteLock> >"	java_type_ref("<Application,LEDU/oswego/cs/dl/util/concurrent/WriterPreferenceReadWriteLock>")
"< Application, Lhedc/ethz/util/Estimator, EST01_, <Application,Ljava/lang/String> >"	java_type_ref("<Primordial,Ljava/lang/String>")
"< Application, Lhedc/Rag, NAME_, <Application,Ljava/lang/String> >"	java_type_ref("<Primordial,Ljava/lang/String>")
"< Application, LEDU/oswego/cs/dl/util/concurrent/FJTask, done, <Primordial,Z> >"	java_type_prim(java_prim_type_boolean)
"< Application, Lhedc/ethz/util/DoubleBufferCopy, buffer1_, <Application,Lhedc/ethz/util/DoubleBufferCopy$Buffer> >"	java_type_ref("<Application,Lhedc/ethz/util/DoubleBufferCopy$Buffer>")
"< Application, LEDU/oswego/cs/dl/util/concurrent/LinkedNode, next, <Application,LEDU/oswego/cs/dl/util/concurrent/LinkedNode> >"	java_type_ref("<Application,LEDU/oswego/cs/dl/util/concurrent/LinkedNode>")
"< Application, Lhedc/PooledExecutorWithInvalidate, blockedExecutionHandler_, <Application,Lhedc/PooledExecutorWithInvalidate$BlockedExecutionHandler> >"	java_type_ref("<Application,Lhedc/PooledExecutorWithInvalidate$BlockedExecutionHandler>")
"< Application, Lhedc/ethz/util/SmartRef, SRF07_, <Application,Ljava/lang/String> >"	java_type_ref("<Primordial,Ljava/lang/String>")
"< Application, LEDU/oswego/cs/dl/util/concurrent/FJTaskRunnerGroup$InvokableFJTask, wrapped, <Application,Ljava/lang/Runnable> >"	java_type_ref("<Primordial,Ljava/lang/Runnable>")
"< Application, Ljavax/servlet/jsp/PageContext, APPLICATION_SCOPE, <Primordial,I> >"	java_type_prim(java_prim_type_int)
"< Application, Lhedc/TaskFactory, TFA_PROTOTYPES_, <Application,[Lhedc/MetaSearchResult> >"	java_type_array(java_type_ref("<Application,Lhedc/MetaSearchResult>"))
"< Application, LEDU/oswego/cs/dl/util/concurrent/SynchronousChannel, itemAvailable_, <Application,LEDU/oswego/cs/dl/util/concurrent/Semaphore> >"	java_type_ref("<Application,LEDU/oswego/cs/dl/util/concurrent/Semaphore>")
"< Application, LEDU/oswego/cs/dl/util/concurrent/PooledExecutor, poolLock_, <Application,Ljava/lang/Object> >"	java_type_ref("<Primordial,Ljava/lang/Object>")
"< Application, Lhedc/ethz/util/SystemProperties, SPR01_, <Application,Ljava/lang/String> >"	java_type_ref("<Primordial,Ljava/lang/String>")
"< Application, Lhedc/RandomDate, start_, <Primordial,J> >"	java_type_prim(java_prim_type_long)
"< Application, Lhedc/ethz/util/DoubleBufferCopy$Buffer, BUF_WRITE, <Primordial,I> >"	java_type_prim(java_prim_type_int)
"< Application, Lhedc/Rag, dateFormatter3_, <Application,Lhedc/DateFormatter> >"	java_type_ref("<Application,Lhedc/DateFormatter>")
"< Application, Lhedc/ethz/util/Messages, dlevel_, <Primordial,I> >"	java_type_prim(java_prim_type_int)
"< Application, LEDU/oswego/cs/dl/util/concurrent/WriterPreferenceReadWriteLock$WriterLock, this$0, <Application,LEDU/oswego/cs/dl/util/concurrent/WriterPreferenceReadWriteLock> >"	java_type_ref("<Application,LEDU/oswego/cs/dl/util/concurrent/WriterPreferenceReadWriteLock>")
"< Application, Lhedc/Tester, TES_RAG_, <Application,Ljava/lang/String> >"	java_type_ref("<Primordial,Ljava/lang/String>")
"< Application, Ljavax/servlet/ServletException, rootCause, <Application,Ljava/lang/Throwable> >"	java_type_ref("<Primordial,Ljava/lang/Throwable>")
"< Application, Lhedc/ethz/util/Generator, GEN01_, <Application,Ljava/lang/String> >"	java_type_ref("<Primordial,Ljava/lang/String>")
"< Application, LEDU/oswego/cs/dl/util/concurrent/SyncCollection$SyncCollectionIterator, this$0, <Application,LEDU/oswego/cs/dl/util/concurrent/SyncCollection> >"	java_type_ref("<Application,LEDU/oswego/cs/dl/util/concurrent/SyncCollection>")
"< Application, Ljavax/servlet/http/HttpServletResponse, SC_NON_AUTHORITATIVE_INFORMATION, <Primordial,I> >"	java_type_prim(java_prim_type_int)
"< Application, LEDU/oswego/cs/dl/util/concurrent/QueuedExecutor, queue_, <Application,LEDU/oswego/cs/dl/util/concurrent/Channel> >"	java_type_ref("<Application,LEDU/oswego/cs/dl/util/concurrent/Channel>")
"< Application, Lhedc/FormFiller, ost_, <Application,Ljava/io/OutputStream> >"	java_type_ref("<Primordial,Ljava/io/OutputStream>")
"< Application, LEDU/oswego/cs/dl/util/concurrent/FJTaskRunner, steals, <Primordial,I> >"	java_type_prim(java_prim_type_int)
"< Application, LEDU/oswego/cs/dl/util/concurrent/FJTaskRunner, group, <Application,LEDU/oswego/cs/dl/util/concurrent/FJTaskRunnerGroup> >"	java_type_ref("<Application,LEDU/oswego/cs/dl/util/concurrent/FJTaskRunnerGroup>")
"< Application, Lhedc/ethz/util/Messages, out, <Application,Ljava/io/PrintStream> >"	java_type_ref("<Primordial,Ljava/io/PrintStream>")
"< Application, Ljavax/servlet/jsp/tagext/TagLibraryInfo, prefix, <Application,Ljava/lang/String> >"	java_type_ref("<Primordial,Ljava/lang/String>")
"< Application, Lhedc/MetaSearchRequest, size_, <Primordial,J> >"	java_type_prim(java_prim_type_long)
"< Application, Lhedc/MetaSearchResult$MetaSearchResultIterator, resultIterator_, <Application,Ljava/util/Iterator> >"	java_type_ref("<Primordial,Ljava/util/Iterator>")
"< Application, Lhedc/ethz/util/SmartRef, SRF_LOCAL_PORT_, <Primordial,I> >"	java_type_prim(java_prim_type_int)
"< Application, Ljavax/servlet/http/HttpServletResponse, SC_NOT_FOUND, <Primordial,I> >"	java_type_prim(java_prim_type_int)
"< Application, Lhedc/ethz/util/BaseProperties, source_, <Application,Ljava/lang/String> >"	java_type_ref("<Primordial,Ljava/lang/String>")
"< Application, Ljavax/servlet/http/HttpServletResponse, SC_OK, <Primordial,I> >"	java_type_prim(java_prim_type_int)
"< Application, Lhedc/DateFormatter, FULL, <Primordial,I> >"	java_type_prim(java_prim_type_int)
"< Application, LEDU/oswego/cs/dl/util/concurrent/PooledExecutor, DEFAULT_KEEPALIVETIME, <Primordial,J> >"	java_type_prim(java_prim_type_long)
"< Application, Lhedc/DateFormatter, YEAR_FIELD, <Primordial,I> >"	java_type_prim(java_prim_type_int)
"< Application, Ljavax/servlet/http/NoBodyResponse, noBody, <Application,Ljavax/servlet/http/NoBodyOutputStream> >"	java_type_ref("<Application,Ljavax/servlet/http/NoBodyOutputStream>")
"< Application, Ljavax/servlet/http/HttpServletResponse, SC_SEE_OTHER, <Primordial,I> >"	java_type_prim(java_prim_type_int)
"< Application, Ljavax/servlet/http/HttpServletResponse, SC_NOT_ACCEPTABLE, <Primordial,I> >"	java_type_prim(java_prim_type_int)
"< Application, Lhedc/ethz/util/EstimatorFactory, dataPath_, <Application,Ljava/lang/String> >"	java_type_ref("<Primordial,Ljava/lang/String>")
"< Application, LEDU/oswego/cs/dl/util/concurrent/PooledExecutor$BlockedExecutionHandler, this$0, <Application,LEDU/oswego/cs/dl/util/concurrent/PooledExecutor> >"	java_type_ref("<Application,LEDU/oswego/cs/dl/util/concurrent/PooledExecutor>")
"< Application, LEDU/oswego/cs/dl/util/concurrent/PooledExecutor$DiscardWhenBlocked, this$0, <Application,LEDU/oswego/cs/dl/util/concurrent/PooledExecutor> >"	java_type_ref("<Application,LEDU/oswego/cs/dl/util/concurrent/PooledExecutor>")
"< Application, Ljavax/servlet/jsp/PageContext, REQUEST, <Application,Ljava/lang/String> >"	java_type_ref("<Primordial,Ljava/lang/String>")
"< Application, Lhedc/ethz/util/EtcUtil, ETC01_, <Application,Ljava/lang/String> >"	java_type_ref("<Primordial,Ljava/lang/String>")
"< Application, LEDU/oswego/cs/dl/util/concurrent/PooledExecutor, threads_, <Application,Ljava/util/Map> >"	java_type_ref("<Primordial,Ljava/util/Map>")
"< Application, Ljavax/servlet/http/HttpServlet, METHOD_POST, <Application,Ljava/lang/String> >"	java_type_ref("<Primordial,Ljava/lang/String>")
"< Application, Lhedc/SohoSynoptic, NAME_, <Application,Ljava/lang/String> >"	java_type_ref("<Primordial,Ljava/lang/String>")
"< Application, Lhedc/MetaSearchImpl, MSR_DEFAULT_DURATION_, <Primordial,I> >"	java_type_prim(java_prim_type_int)
"< Application, Lhedc/FormFiller, FFS02_, <Application,Ljava/lang/String> >"	java_type_ref("<Primordial,Ljava/lang/String>")
"< Application, Ljavax/servlet/jsp/JspWriter, UNBOUNDED_BUFFER, <Primordial,I> >"	java_type_prim(java_prim_type_int)
"< Application, Lhedc/ethz/util/SmartRef, SRF_NONEXISTENT_, <Primordial,I> >"	java_type_prim(java_prim_type_int)
"< Application, Ljavax/servlet/jsp/tagext/TagExtraInfo, tagInfo, <Application,Ljavax/servlet/jsp/tagext/TagInfo> >"	java_type_ref("<Application,Ljavax/servlet/jsp/tagext/TagInfo>")
"< Application, Lhedc/DateFormatter, numberFormat, <Application,Ljava/text/NumberFormat> >"	java_type_ref("<Primordial,Ljava/text/NumberFormat>")
"< Application, Lhedc/SohoSynoptic, urlString_, <Application,Ljava/lang/String> >"	java_type_ref("<Primordial,Ljava/lang/String>")
"< Application, Ljavax/servlet/jsp/tagext/TagData, REQUEST_TIME_VALUE, <Application,Ljava/lang/Object> >"	java_type_ref("<Primordial,Ljava/lang/Object>")
"< Application, LEDU/oswego/cs/dl/util/concurrent/Slot, item_, <Application,Ljava/lang/Object> >"	java_type_ref("<Primordial,Ljava/lang/Object>")
"< Application, Ljavax/servlet/jsp/tagext/TagInfo, attributeInfo, <Application,[Ljavax/servlet/jsp/tagext/TagAttributeInfo> >"	java_type_array(java_type_ref("<Application,Ljavax/servlet/jsp/tagext/TagAttributeInfo>"))
"< Application, Ljavax/servlet/jsp/tagext/TagLibraryInfo, jspversion, <Application,Ljava/lang/String> >"	java_type_ref("<Primordial,Ljava/lang/String>")
"< Application, Lhedc/SohoSynoptic$SohoIterator, this$0, <Application,Lhedc/SohoSynoptic> >"	java_type_ref("<Application,Lhedc/SohoSynoptic>")
"< Application, Lhedc/FormFiller, FFS_FILETAG_, <Application,Ljava/lang/String> >"	java_type_ref("<Primordial,Ljava/lang/String>")
"< Application, Lhedc/ethz/util/Logger, filename_, <Application,Ljava/lang/String> >"	java_type_ref("<Primordial,Ljava/lang/String>")
"< Application, LEDU/oswego/cs/dl/util/concurrent/PooledExecutor, poolSize_, <Primordial,I> >"	java_type_prim(java_prim_type_int)
"< Application, LEDU/oswego/cs/dl/util/concurrent/ReentrantLock, owner_, <Application,Ljava/lang/Thread> >"	java_type_ref("<Primordial,Ljava/lang/Thread>")
"< Application, Ljavax/servlet/jsp/tagext/Tag, EVAL_BODY_INCLUDE, <Primordial,I> >"	java_type_prim(java_prim_type_int)
"< Application, Lhedc/ethz/util/SmartRef, SRF_EXISTS_, <Primordial,I> >"	java_type_prim(java_prim_type_int)
"< Application, Lhedc/ethz/util/ThreadFactory, currentThreads_, <Application,Ljava/util/Vector> >"	java_type_ref("<Primordial,Ljava/util/Vector>")
"< Application, LEDU/oswego/cs/dl/util/concurrent/TimeDaemon, thread_, <Application,Ljava/lang/Thread> >"	java_type_ref("<Primordial,Ljava/lang/Thread>")
"< Application, LEDU/oswego/cs/dl/util/concurrent/WaitFreeQueue$Node, next, <Application,LEDU/oswego/cs/dl/util/concurrent/WaitFreeQueue$Node> >"	java_type_ref("<Application,LEDU/oswego/cs/dl/util/concurrent/WaitFreeQueue$Node>")
"< Application, LEDU/oswego/cs/dl/util/concurrent/TimeDaemon$TaskNode, period, <Primordial,J> >"	java_type_prim(java_prim_type_long)
"< Application, Lhedc/ethz/util/EstimatorFactory, ESF02_, <Application,Ljava/lang/String> >"	java_type_ref("<Primordial,Ljava/lang/String>")
"< Application, Lhedc/MetaSearchImpl, TFA01_, <Application,Ljava/lang/String> >"	java_type_ref("<Primordial,Ljava/lang/String>")
"< Application, LEDU/oswego/cs/dl/util/concurrent/Rendezvous, rendezvousFunction_, <Application,LEDU/oswego/cs/dl/util/concurrent/Rendezvous$RendezvousFunction> >"	java_type_ref("<Application,LEDU/oswego/cs/dl/util/concurrent/Rendezvous$RendezvousFunction>")
"< Application, LEDU/oswego/cs/dl/util/concurrent/SyncCollection$SyncCollectionIterator, baseIterator_, <Application,Ljava/util/Iterator> >"	java_type_ref("<Primordial,Ljava/util/Iterator>")
"< Application, LEDU/oswego/cs/dl/util/concurrent/WriterPreferenceReadWriteLock$Signaller, this$0, <Application,LEDU/oswego/cs/dl/util/concurrent/WriterPreferenceReadWriteLock> >"	java_type_ref("<Application,LEDU/oswego/cs/dl/util/concurrent/WriterPreferenceReadWriteLock>")
"< Application, Ljavax/servlet/jsp/tagext/TagAttributeInfo, required, <Primordial,Z> >"	java_type_prim(java_prim_type_boolean)
"< Application, LEDU/oswego/cs/dl/util/concurrent/CountDown, initialCount_, <Primordial,I> >"	java_type_prim(java_prim_type_int)
