java_type_ref("<Application,Ljavax/servlet/jsp/tagext/TagSupport>")	java_type_ref("<Primordial,Ljava/io/Serializable>")
java_type_ref("<Application,LEDU/oswego/cs/dl/util/concurrent/CopyOnWriteArrayList>")	java_type_ref("<Primordial,Ljava/lang/Cloneable>")
java_type_ref("<Application,LEDU/oswego/cs/dl/util/concurrent/CountDown>")	java_type_ref("<Application,LEDU/oswego/cs/dl/util/concurrent/Sync>")
java_type_ref("<Application,LEDU/oswego/cs/dl/util/concurrent/ReentrantWriterPreferenceReadWriteLock>")	java_type_ref("<Application,LEDU/oswego/cs/dl/util/concurrent/ReadWriteLock>")
java_type_ref("<Application,LEDU/oswego/cs/dl/util/concurrent/BoundedLinkedQueue>")	java_type_ref("<Application,LEDU/oswego/cs/dl/util/concurrent/Takable>")
java_type_ref("<Application,Lhedc/Rag$RagIterator>")	java_type_ref("<Primordial,Ljava/util/Iterator>")
java_type_ref("<Application,Ljavax/servlet/http/HttpServlet>")	java_type_ref("<Application,Ljavax/servlet/ServletConfig>")
java_type_ref("<Application,LEDU/oswego/cs/dl/util/concurrent/CopyOnWriteArrayList>")	java_type_ref("<Primordial,Ljava/util/Collection>")
java_type_ref("<Application,LEDU/oswego/cs/dl/util/concurrent/FJTask$Par2>")	java_type_ref("<Primordial,Ljava/lang/Runnable>")
java_type_ref("<Application,LEDU/oswego/cs/dl/util/concurrent/WaitableFloat>")	java_type_ref("<Primordial,Ljava/lang/Cloneable>")
java_type_ref("<Application,LEDU/oswego/cs/dl/util/concurrent/WaitableShort>")	java_type_ref("<Primordial,Ljava/lang/Cloneable>")
java_type_ref("<Application,LEDU/oswego/cs/dl/util/concurrent/FJTaskRunnerGroup$InvokableFJTask>")	java_type_ref("<Primordial,Ljava/lang/Runnable>")
java_type_ref("<Application,LEDU/oswego/cs/dl/util/concurrent/ReaderPreferenceReadWriteLock>")	java_type_ref("<Application,LEDU/oswego/cs/dl/util/concurrent/ReadWriteLock>")
java_type_ref("<Application,Lhedc/ethz/util/SmartRef>")	java_type_ref("<Primordial,Ljava/io/Serializable>")
java_type_ref("<Application,LEDU/oswego/cs/dl/util/concurrent/SyncList>")	java_type_ref("<Primordial,Ljava/util/List>")
java_type_ref("<Application,LEDU/oswego/cs/dl/util/concurrent/CopyOnWriteArraySet>")	java_type_ref("<Primordial,Ljava/lang/Iterable>")
java_type_ref("<Application,LEDU/oswego/cs/dl/util/concurrent/BoundedLinkedQueue>")	java_type_ref("<Application,LEDU/oswego/cs/dl/util/concurrent/Puttable>")
java_type_ref("<Application,Ljavax/servlet/jsp/tagext/BodyTag>")	java_type_ref("<Application,Ljavax/servlet/jsp/tagext/Tag>")
java_type_ref("<Application,LEDU/oswego/cs/dl/util/concurrent/SynchronizedDouble>")	java_type_ref("<Application,LEDU/oswego/cs/dl/util/concurrent/Executor>")
java_type_ref("<Application,Lhedc/Rag>")	java_type_ref("<Primordial,Ljava/lang/Runnable>")
java_type_ref("<Application,LEDU/oswego/cs/dl/util/concurrent/SyncSortedSet>")	java_type_ref("<Primordial,Ljava/util/Collection>")
java_type_ref("<Application,LEDU/oswego/cs/dl/util/concurrent/SemaphoreControlledChannel>")	java_type_ref("<Application,LEDU/oswego/cs/dl/util/concurrent/Takable>")
java_type_ref("<Application,LEDU/oswego/cs/dl/util/concurrent/SyncCollection>")	java_type_ref("<Primordial,Ljava/util/Collection>")
java_type_ref("<Application,LEDU/oswego/cs/dl/util/concurrent/WaitableFloat>")	java_type_ref("<Primordial,Ljava/lang/Comparable>")
java_type_ref("<Application,Ljavax/servlet/jsp/tagext/BodyTagSupport>")	java_type_ref("<Application,Ljavax/servlet/jsp/tagext/BodyTag>")
java_type_ref("<Application,LEDU/oswego/cs/dl/util/concurrent/SyncSortedSet>")	java_type_ref("<Primordial,Ljava/util/SortedSet>")
java_type_ref("<Application,LEDU/oswego/cs/dl/util/concurrent/SyncMap>")	java_type_ref("<Primordial,Ljava/util/Map>")
java_type_ref("<Application,Ljavax/servlet/http/NoBodyResponse>")	java_type_ref("<Application,Ljavax/servlet/ServletResponse>")
java_type_ref("<Application,LEDU/oswego/cs/dl/util/concurrent/WaitableShort>")	java_type_ref("<Primordial,Ljava/lang/Comparable>")
java_type_ref("<Application,LEDU/oswego/cs/dl/util/concurrent/SynchronizedByte>")	java_type_ref("<Application,LEDU/oswego/cs/dl/util/concurrent/Executor>")
java_type_ref("<Application,LEDU/oswego/cs/dl/util/concurrent/Slot>")	java_type_ref("<Application,LEDU/oswego/cs/dl/util/concurrent/Channel>")
java_type_ref("<Application,LEDU/oswego/cs/dl/util/concurrent/FJTask$Seq2>")	java_type_ref("<Primordial,Ljava/lang/Runnable>")
java_type_ref("<Application,LEDU/oswego/cs/dl/util/concurrent/PropertyChangeMulticaster>")	java_type_ref("<Primordial,Ljava/io/Serializable>")
java_type_ref("<Application,LEDU/oswego/cs/dl/util/concurrent/SyncCollection>")	java_type_ref("<Primordial,Ljava/lang/Iterable>")
java_type_ref("<Application,LEDU/oswego/cs/dl/util/concurrent/SynchronizedInt>")	java_type_ref("<Primordial,Ljava/lang/Comparable>")
java_type_ref("<Application,LEDU/oswego/cs/dl/util/concurrent/CopyOnWriteArrayList>")	java_type_ref("<Primordial,Ljava/lang/Iterable>")
java_type_ref("<Application,LEDU/oswego/cs/dl/util/concurrent/WaiterPreferenceSemaphore>")	java_type_ref("<Application,LEDU/oswego/cs/dl/util/concurrent/Sync>")
java_type_ref("<Application,LEDU/oswego/cs/dl/util/concurrent/SyncSet>")	java_type_ref("<Primordial,Ljava/lang/Iterable>")
java_type_ref("<Application,LEDU/oswego/cs/dl/util/concurrent/WaitableLong>")	java_type_ref("<Primordial,Ljava/lang/Comparable>")
java_type_ref("<Application,LEDU/oswego/cs/dl/util/concurrent/ThreadedExecutor>")	java_type_ref("<Application,LEDU/oswego/cs/dl/util/concurrent/Executor>")
java_type_ref("<Application,LEDU/oswego/cs/dl/util/concurrent/CopyOnWriteArrayList$COWSubList>")	java_type_ref("<Primordial,Ljava/util/List>")
java_type_ref("<Application,LEDU/oswego/cs/dl/util/concurrent/SynchronizedByte>")	java_type_ref("<Primordial,Ljava/lang/Comparable>")
java_type_ref("<Application,LEDU/oswego/cs/dl/util/concurrent/WaitableDouble>")	java_type_ref("<Primordial,Ljava/lang/Cloneable>")
java_type_ref("<Application,Lhedc/MetaSearchResult>")	java_type_ref("<Primordial,Ljava/lang/Cloneable>")
java_type_ref("<Application,LEDU/oswego/cs/dl/util/concurrent/QueuedExecutor$RunLoop>")	java_type_ref("<Primordial,Ljava/lang/Runnable>")
java_type_ref("<Application,LEDU/oswego/cs/dl/util/concurrent/CopyOnWriteArraySet>")	java_type_ref("<Primordial,Ljava/util/Set>")
java_type_ref("<Application,LEDU/oswego/cs/dl/util/concurrent/BoundedChannel>")	java_type_ref("<Application,LEDU/oswego/cs/dl/util/concurrent/Puttable>")
java_type_ref("<Application,LEDU/oswego/cs/dl/util/concurrent/PrioritySemaphore>")	java_type_ref("<Application,LEDU/oswego/cs/dl/util/concurrent/Sync>")
java_type_ref("<Application,LEDU/oswego/cs/dl/util/concurrent/Latch>")	java_type_ref("<Application,LEDU/oswego/cs/dl/util/concurrent/Sync>")
java_type_ref("<Application,LEDU/oswego/cs/dl/util/concurrent/SynchronizedShort>")	java_type_ref("<Application,LEDU/oswego/cs/dl/util/concurrent/Executor>")
java_type_ref("<Application,Lhedc/ethz/util/CopyStream>")	java_type_ref("<Primordial,Ljava/lang/Runnable>")
java_type_ref("<Application,LEDU/oswego/cs/dl/util/concurrent/LinkedQueue>")	java_type_ref("<Application,LEDU/oswego/cs/dl/util/concurrent/Takable>")
java_type_ref("<Application,LEDU/oswego/cs/dl/util/concurrent/CyclicBarrier>")	java_type_ref("<Application,LEDU/oswego/cs/dl/util/concurrent/Barrier>")
java_type_ref("<Application,LEDU/oswego/cs/dl/util/concurrent/WaitableRef>")	java_type_ref("<Application,LEDU/oswego/cs/dl/util/concurrent/Executor>")
java_type_ref("<Application,LEDU/oswego/cs/dl/util/concurrent/CopyOnWriteArrayList$COWIterator>")	java_type_ref("<Primordial,Ljava/util/Iterator>")
java_type_ref("<Application,Ljavax/servlet/jsp/tagext/TagSupport>")	java_type_ref("<Application,Ljavax/servlet/jsp/tagext/Tag>")
java_type_ref("<Application,LEDU/oswego/cs/dl/util/concurrent/WaitableBoolean>")	java_type_ref("<Application,LEDU/oswego/cs/dl/util/concurrent/Executor>")
java_type_ref("<Application,Ljavax/servlet/http/NoBodyOutputStream>")	java_type_ref("<Primordial,Ljava/io/Flushable>")
java_type_ref("<Application,Lhedc/MetaSearchResult$MetaSearchResultIterator>")	java_type_ref("<Primordial,Ljava/util/Iterator>")
java_type_ref("<Application,Lhedc/ethz/util/ObservableProperties>")	java_type_ref("<Primordial,Ljava/util/Map>")
java_type_ref("<Application,LEDU/oswego/cs/dl/util/concurrent/WaitableChar>")	java_type_ref("<Application,LEDU/oswego/cs/dl/util/concurrent/Executor>")
java_type_ref("<Application,LEDU/oswego/cs/dl/util/concurrent/Slot>")	java_type_ref("<Application,LEDU/oswego/cs/dl/util/concurrent/Puttable>")
java_type_ref("<Application,LEDU/oswego/cs/dl/util/concurrent/VetoableChangeMulticaster>")	java_type_ref("<Primordial,Ljava/io/Serializable>")
java_type_ref("<Application,LEDU/oswego/cs/dl/util/concurrent/BrokenBarrierException>")	java_type_ref("<Primordial,Ljava/io/Serializable>")
java_type_ref("<Application,LEDU/oswego/cs/dl/util/concurrent/SynchronizedDouble>")	java_type_ref("<Primordial,Ljava/lang/Cloneable>")
java_type_ref("<Application,LEDU/oswego/cs/dl/util/concurrent/BoundedBuffer>")	java_type_ref("<Application,LEDU/oswego/cs/dl/util/concurrent/BoundedChannel>")
java_type_ref("<Application,LEDU/oswego/cs/dl/util/concurrent/Rendezvous>")	java_type_ref("<Application,LEDU/oswego/cs/dl/util/concurrent/Barrier>")
java_type_ref("<Application,LEDU/oswego/cs/dl/util/concurrent/PooledExecutor>")	java_type_ref("<Application,LEDU/oswego/cs/dl/util/concurrent/Executor>")
java_type_ref("<Application,LEDU/oswego/cs/dl/util/concurrent/FIFOReadWriteLock>")	java_type_ref("<Application,LEDU/oswego/cs/dl/util/concurrent/ReadWriteLock>")
java_type_ref("<Application,Ljavax/servlet/GenericServlet>")	java_type_ref("<Primordial,Ljava/io/Serializable>")
java_type_ref("<Application,LEDU/oswego/cs/dl/util/concurrent/WaitableChar>")	java_type_ref("<Primordial,Ljava/lang/Cloneable>")
java_type_ref("<Application,LEDU/oswego/cs/dl/util/concurrent/SynchronizedChar>")	java_type_ref("<Primordial,Ljava/lang/Comparable>")
java_type_ref("<Application,Lhedc/ethz/util/DoubleBufferCopy$CopyThread>")	java_type_ref("<Primordial,Ljava/lang/Runnable>")
java_type_ref("<Application,LEDU/oswego/cs/dl/util/concurrent/WaitableShort>")	java_type_ref("<Application,LEDU/oswego/cs/dl/util/concurrent/Executor>")
java_type_ref("<Application,LEDU/oswego/cs/dl/util/concurrent/CopyOnWriteArraySet>")	java_type_ref("<Primordial,Ljava/io/Serializable>")
java_type_ref("<Application,Lhedc/Task>")	java_type_ref("<Primordial,Ljava/lang/Cloneable>")
java_type_ref("<Application,Ljavax/servlet/jsp/tagext/BodyContent>")	java_type_ref("<Primordial,Ljava/io/Flushable>")
java_type_ref("<Application,LEDU/oswego/cs/dl/util/concurrent/WaitFreeQueue>")	java_type_ref("<Application,LEDU/oswego/cs/dl/util/concurrent/Puttable>")
java_type_ref("<Application,LEDU/oswego/cs/dl/util/concurrent/WaitableFloat>")	java_type_ref("<Application,LEDU/oswego/cs/dl/util/concurrent/Executor>")
java_type_ref("<Application,LEDU/oswego/cs/dl/util/concurrent/BoundedBuffer>")	java_type_ref("<Application,LEDU/oswego/cs/dl/util/concurrent/Takable>")
java_type_ref("<Application,LEDU/oswego/cs/dl/util/concurrent/BoundedLinkedQueue>")	java_type_ref("<Application,LEDU/oswego/cs/dl/util/concurrent/Channel>")
java_type_ref("<Application,LEDU/oswego/cs/dl/util/concurrent/SynchronizedFloat>")	java_type_ref("<Application,LEDU/oswego/cs/dl/util/concurrent/Executor>")
java_type_ref("<Application,Ljavax/servlet/http/NoBodyOutputStream>")	java_type_ref("<Primordial,Ljava/io/Closeable>")
java_type_ref("<Application,LEDU/oswego/cs/dl/util/concurrent/ThreadFactoryUser$DefaultThreadFactory>")	java_type_ref("<Application,LEDU/oswego/cs/dl/util/concurrent/ThreadFactory>")
java_type_ref("<Application,Ljavax/servlet/UnavailableException>")	java_type_ref("<Primordial,Ljava/io/Serializable>")
java_type_ref("<Application,Lhedc/SohoSynoptic>")	java_type_ref("<Primordial,Ljava/lang/Cloneable>")
java_type_ref("<Application,Lhedc/MetaSearchResult>")	java_type_ref("<Primordial,Ljava/lang/Runnable>")
java_type_ref("<Application,LEDU/oswego/cs/dl/util/concurrent/SynchronizedBoolean>")	java_type_ref("<Primordial,Ljava/lang/Comparable>")
java_type_ref("<Application,LEDU/oswego/cs/dl/util/concurrent/FJTask$Seq>")	java_type_ref("<Primordial,Ljava/lang/Runnable>")
java_type_ref("<Application,LEDU/oswego/cs/dl/util/concurrent/SynchronizedChar>")	java_type_ref("<Application,LEDU/oswego/cs/dl/util/concurrent/Executor>")
java_type_ref("<Application,LEDU/oswego/cs/dl/util/concurrent/SemaphoreControlledChannel>")	java_type_ref("<Application,LEDU/oswego/cs/dl/util/concurrent/Channel>")
java_type_ref("<Application,LEDU/oswego/cs/dl/util/concurrent/FJTaskRunner>")	java_type_ref("<Primordial,Ljava/lang/Runnable>")
java_type_ref("<Application,LEDU/oswego/cs/dl/util/concurrent/FJTaskRunnerGroup>")	java_type_ref("<Application,LEDU/oswego/cs/dl/util/concurrent/Executor>")
java_type_ref("<Application,Lhedc/regexp/NoSuchMatchException>")	java_type_ref("<Primordial,Ljava/io/Serializable>")
java_type_ref("<Application,Ljavax/servlet/http/HttpSessionBindingListener>")	java_type_ref("<Primordial,Ljava/util/EventListener>")
java_type_ref("<Application,Ljavax/servlet/ServletOutputStream>")	java_type_ref("<Primordial,Ljava/io/Closeable>")
java_type_ref("<Application,LEDU/oswego/cs/dl/util/concurrent/SynchronousChannel>")	java_type_ref("<Application,LEDU/oswego/cs/dl/util/concurrent/Takable>")
java_type_ref("<Application,LEDU/oswego/cs/dl/util/concurrent/DirectExecutor>")	java_type_ref("<Application,LEDU/oswego/cs/dl/util/concurrent/Executor>")
java_type_ref("<Application,Ljavax/servlet/jsp/tagext/BodyTagSupport>")	java_type_ref("<Primordial,Ljava/io/Serializable>")
java_type_ref("<Application,LEDU/oswego/cs/dl/util/concurrent/SynchronizedRef>")	java_type_ref("<Application,LEDU/oswego/cs/dl/util/concurrent/Executor>")
java_type_ref("<Application,Ljavax/servlet/http/HttpSessionBindingEvent>")	java_type_ref("<Primordial,Ljava/io/Serializable>")
java_type_ref("<Application,LEDU/oswego/cs/dl/util/concurrent/WriterPreferenceReadWriteLock$WriterLock>")	java_type_ref("<Application,LEDU/oswego/cs/dl/util/concurrent/Sync>")
java_type_ref("<Application,Lhedc/ethz/util/BaseProperties>")	java_type_ref("<Primordial,Ljava/io/Serializable>")
java_type_ref("<Application,LEDU/oswego/cs/dl/util/concurrent/TimeoutException>")	java_type_ref("<Primordial,Ljava/io/Serializable>")
java_type_ref("<Application,LEDU/oswego/cs/dl/util/concurrent/WaitableBoolean>")	java_type_ref("<Primordial,Ljava/lang/Cloneable>")
java_type_ref("<Application,LEDU/oswego/cs/dl/util/concurrent/TimeDaemon$RunLoop>")	java_type_ref("<Primordial,Ljava/lang/Runnable>")
java_type_ref("<Application,Ljavax/servlet/ServletInputStream>")	java_type_ref("<Primordial,Ljava/lang/AutoCloseable>")
java_type_ref("<Application,LEDU/oswego/cs/dl/util/concurrent/BoundedPriorityQueue>")	java_type_ref("<Application,LEDU/oswego/cs/dl/util/concurrent/BoundedChannel>")
java_type_ref("<Application,Ljavax/servlet/ServletOutputStream>")	java_type_ref("<Primordial,Ljava/lang/AutoCloseable>")
java_type_ref("<Application,LEDU/oswego/cs/dl/util/concurrent/WaitableByte>")	java_type_ref("<Primordial,Ljava/lang/Cloneable>")
java_type_ref("<Application,Ljavax/servlet/jsp/tagext/BodyContent>")	java_type_ref("<Primordial,Ljava/io/Closeable>")
java_type_ref("<Application,LEDU/oswego/cs/dl/util/concurrent/SemaphoreControlledChannel>")	java_type_ref("<Application,LEDU/oswego/cs/dl/util/concurrent/Puttable>")
java_type_ref("<Application,LEDU/oswego/cs/dl/util/concurrent/BoundedPriorityQueue>")	java_type_ref("<Application,LEDU/oswego/cs/dl/util/concurrent/Channel>")
java_type_ref("<Application,Ljavax/servlet/jsp/tagext/BodyTagSupport>")	java_type_ref("<Application,Ljavax/servlet/jsp/tagext/Tag>")
java_type_ref("<Application,Lhedc/Tester>")	java_type_ref("<Primordial,Ljava/lang/Runnable>")
java_type_ref("<Application,LEDU/oswego/cs/dl/util/concurrent/SynchronizedDouble>")	java_type_ref("<Primordial,Ljava/lang/Comparable>")
java_type_ref("<Application,LEDU/oswego/cs/dl/util/concurrent/QueuedExecutor>")	java_type_ref("<Application,LEDU/oswego/cs/dl/util/concurrent/Executor>")
java_type_ref("<Application,Ljavax/servlet/http/HttpServlet>")	java_type_ref("<Primordial,Ljava/io/Serializable>")
java_type_ref("<Application,LEDU/oswego/cs/dl/util/concurrent/SyncSet>")	java_type_ref("<Primordial,Ljava/util/Collection>")
java_type_ref("<Application,Lhedc/ethz/util/SystemProperties>")	java_type_ref("<Primordial,Ljava/lang/Cloneable>")
java_type_ref("<Application,LEDU/oswego/cs/dl/util/concurrent/Slot>")	java_type_ref("<Application,LEDU/oswego/cs/dl/util/concurrent/BoundedChannel>")
java_type_ref("<Application,Ljavax/servlet/jsp/JspTagException>")	java_type_ref("<Primordial,Ljava/io/Serializable>")
java_type_ref("<Application,LEDU/oswego/cs/dl/util/concurrent/LockedExecutor>")	java_type_ref("<Application,LEDU/oswego/cs/dl/util/concurrent/Executor>")
java_type_ref("<Application,LEDU/oswego/cs/dl/util/concurrent/CopyOnWriteArraySet>")	java_type_ref("<Primordial,Ljava/lang/Cloneable>")
java_type_ref("<Application,Lhedc/ethz/util/BaseProperties>")	java_type_ref("<Primordial,Ljava/util/Map>")
java_type_ref("<Application,Lhedc/ethz/util/Ftp>")	java_type_ref("<Primordial,Ljava/io/Closeable>")
java_type_ref("<Application,LEDU/oswego/cs/dl/util/concurrent/SemaphoreControlledChannel>")	java_type_ref("<Application,LEDU/oswego/cs/dl/util/concurrent/BoundedChannel>")
java_type_ref("<Application,LEDU/oswego/cs/dl/util/concurrent/WaitableChar>")	java_type_ref("<Primordial,Ljava/lang/Comparable>")
java_type_ref("<Application,LEDU/oswego/cs/dl/util/concurrent/TimeoutSync>")	java_type_ref("<Application,LEDU/oswego/cs/dl/util/concurrent/Sync>")
java_type_ref("<Application,Ljavax/servlet/http/HttpServlet>")	java_type_ref("<Application,Ljavax/servlet/Servlet>")
java_type_ref("<Application,LEDU/oswego/cs/dl/util/concurrent/WaitableByte>")	java_type_ref("<Application,LEDU/oswego/cs/dl/util/concurrent/Executor>")
java_type_ref("<Application,LEDU/oswego/cs/dl/util/concurrent/Channel>")	java_type_ref("<Application,LEDU/oswego/cs/dl/util/concurrent/Takable>")
java_type_ref("<Application,LEDU/oswego/cs/dl/util/concurrent/SynchronizedInt>")	java_type_ref("<Primordial,Ljava/lang/Cloneable>")
java_type_ref("<Application,Lhedc/ethz/util/BaseProperties>")	java_type_ref("<Primordial,Ljava/lang/Cloneable>")
java_type_ref("<Application,LEDU/oswego/cs/dl/util/concurrent/Mutex>")	java_type_ref("<Application,LEDU/oswego/cs/dl/util/concurrent/Sync>")
java_type_ref("<Application,Lhedc/SohoSynoptic>")	java_type_ref("<Primordial,Ljava/lang/Runnable>")
java_type_ref("<Application,LEDU/oswego/cs/dl/util/concurrent/FJTask$Par>")	java_type_ref("<Primordial,Ljava/lang/Runnable>")
java_type_ref("<Application,LEDU/oswego/cs/dl/util/concurrent/SynchronizedVariable>")	java_type_ref("<Application,LEDU/oswego/cs/dl/util/concurrent/Executor>")
java_type_ref("<Application,Lhedc/ethz/util/Ftp>")	java_type_ref("<Primordial,Ljava/lang/Cloneable>")
java_type_ref("<Application,LEDU/oswego/cs/dl/util/concurrent/SynchronizedChar>")	java_type_ref("<Primordial,Ljava/lang/Cloneable>")
java_type_ref("<Application,Lhedc/FormFiller$Filter>")	java_type_ref("<Primordial,Ljava/io/FilenameFilter>")
java_type_ref("<Application,Lhedc/ethz/util/SystemProperties>")	java_type_ref("<Primordial,Ljava/util/Map>")
java_type_ref("<Application,LEDU/oswego/cs/dl/util/concurrent/SyncList$SyncCollectionListIterator>")	java_type_ref("<Primordial,Ljava/util/ListIterator>")
java_type_ref("<Application,Lhedc/ethz/util/SystemProperties>")	java_type_ref("<Primordial,Ljava/io/Serializable>")
java_type_ref("<Application,Ljavax/servlet/GenericServlet>")	java_type_ref("<Application,Ljavax/servlet/ServletConfig>")
java_type_ref("<Application,Ljavax/servlet/jsp/tagext/TagData>")	java_type_ref("<Primordial,Ljava/lang/Cloneable>")
java_type_ref("<Application,LEDU/oswego/cs/dl/util/concurrent/WaitableDouble>")	java_type_ref("<Primordial,Ljava/lang/Comparable>")
java_type_ref("<Application,LEDU/oswego/cs/dl/util/concurrent/WaitableByte>")	java_type_ref("<Primordial,Ljava/lang/Comparable>")
java_type_ref("<Application,Ljavax/servlet/jsp/HttpJspPage>")	java_type_ref("<Application,Ljavax/servlet/jsp/JspPage>")
java_type_ref("<Application,LEDU/oswego/cs/dl/util/concurrent/WaitFreeQueue>")	java_type_ref("<Application,LEDU/oswego/cs/dl/util/concurrent/Takable>")
java_type_ref("<Application,LEDU/oswego/cs/dl/util/concurrent/SyncList>")	java_type_ref("<Primordial,Ljava/lang/Iterable>")
java_type_ref("<Application,Lhedc/Task>")	java_type_ref("<Primordial,Ljava/lang/Runnable>")
java_type_ref("<Application,Ljavax/servlet/jsp/JspPage>")	java_type_ref("<Application,Ljavax/servlet/Servlet>")
java_type_ref("<Application,Ljavax/servlet/ServletException>")	java_type_ref("<Primordial,Ljava/io/Serializable>")
java_type_ref("<Application,Ljavax/servlet/jsp/JspWriter>")	java_type_ref("<Primordial,Ljava/io/Closeable>")
java_type_ref("<Application,LEDU/oswego/cs/dl/util/concurrent/BoundedBuffer>")	java_type_ref("<Application,LEDU/oswego/cs/dl/util/concurrent/Puttable>")
java_type_ref("<Application,LEDU/oswego/cs/dl/util/concurrent/ClockDaemon$RunLoop>")	java_type_ref("<Primordial,Ljava/lang/Runnable>")
java_type_ref("<Application,LEDU/oswego/cs/dl/util/concurrent/FJTask$Wrap>")	java_type_ref("<Primordial,Ljava/lang/Runnable>")
java_type_ref("<Application,Ljavax/servlet/http/HttpServletResponse>")	java_type_ref("<Application,Ljavax/servlet/ServletResponse>")
java_type_ref("<Application,LEDU/oswego/cs/dl/util/concurrent/SynchronizedByte>")	java_type_ref("<Primordial,Ljava/lang/Cloneable>")
java_type_ref("<Application,LEDU/oswego/cs/dl/util/concurrent/WaitableDouble>")	java_type_ref("<Application,LEDU/oswego/cs/dl/util/concurrent/Executor>")
java_type_ref("<Application,Ljavax/servlet/GenericServlet>")	java_type_ref("<Application,Ljavax/servlet/Servlet>")
java_type_ref("<Application,LEDU/oswego/cs/dl/util/concurrent/CopyOnWriteArrayList>")	java_type_ref("<Primordial,Ljava/io/Serializable>")
java_type_ref("<Application,LEDU/oswego/cs/dl/util/concurrent/LinkedQueue>")	java_type_ref("<Application,LEDU/oswego/cs/dl/util/concurrent/Channel>")
java_type_ref("<Application,Ljavax/servlet/http/NoBodyResponse>")	java_type_ref("<Application,Ljavax/servlet/http/HttpServletResponse>")
java_type_ref("<Application,LEDU/oswego/cs/dl/util/concurrent/SyncSortedSet>")	java_type_ref("<Primordial,Ljava/util/Set>")
java_type_ref("<Application,LEDU/oswego/cs/dl/util/concurrent/Rendezvous$Rotator>")	java_type_ref("<Application,LEDU/oswego/cs/dl/util/concurrent/Rendezvous$RendezvousFunction>")
java_type_ref("<Application,LEDU/oswego/cs/dl/util/concurrent/TimeDaemon$TaskNode>")	java_type_ref("<Primordial,Ljava/lang/Comparable>")
java_type_ref("<Application,LEDU/oswego/cs/dl/util/concurrent/FJTask>")	java_type_ref("<Primordial,Ljava/lang/Runnable>")
java_type_ref("<Application,LEDU/oswego/cs/dl/util/concurrent/SyncList$SyncCollectionListIterator>")	java_type_ref("<Primordial,Ljava/util/Iterator>")
java_type_ref("<Application,LEDU/oswego/cs/dl/util/concurrent/SynchronizedFloat>")	java_type_ref("<Primordial,Ljava/lang/Comparable>")
java_type_ref("<Application,Ljavax/servlet/http/NoBodyOutputStream>")	java_type_ref("<Primordial,Ljava/lang/AutoCloseable>")
java_type_ref("<Application,LEDU/oswego/cs/dl/util/concurrent/ClockDaemon$TaskNode>")	java_type_ref("<Primordial,Ljava/lang/Comparable>")
java_type_ref("<Application,Lhedc/Rag>")	java_type_ref("<Primordial,Ljava/lang/Cloneable>")
java_type_ref("<Application,Lhedc/PooledExecutorWithInvalidate$Worker>")	java_type_ref("<Primordial,Ljava/lang/Runnable>")
java_type_ref("<Application,LEDU/oswego/cs/dl/util/concurrent/QueuedSemaphore>")	java_type_ref("<Application,LEDU/oswego/cs/dl/util/concurrent/Sync>")
java_type_ref("<Application,LEDU/oswego/cs/dl/util/concurrent/WaitableInt>")	java_type_ref("<Application,LEDU/oswego/cs/dl/util/concurrent/Executor>")
java_type_ref("<Application,LEDU/oswego/cs/dl/util/concurrent/BoundedChannel>")	java_type_ref("<Application,LEDU/oswego/cs/dl/util/concurrent/Channel>")
java_type_ref("<Application,Lhedc/ethz/util/ObservableProperties>")	java_type_ref("<Primordial,Ljava/io/Serializable>")
java_type_ref("<Application,Ljavax/servlet/jsp/tagext/BodyContent>")	java_type_ref("<Primordial,Ljava/lang/Appendable>")
java_type_ref("<Application,LEDU/oswego/cs/dl/util/concurrent/WaitableLong>")	java_type_ref("<Application,LEDU/oswego/cs/dl/util/concurrent/Executor>")
java_type_ref("<Application,LEDU/oswego/cs/dl/util/concurrent/FIFOReadWriteLock$ReaderSync>")	java_type_ref("<Application,LEDU/oswego/cs/dl/util/concurrent/Sync>")
java_type_ref("<Application,LEDU/oswego/cs/dl/util/concurrent/SynchronizedLong>")	java_type_ref("<Primordial,Ljava/lang/Cloneable>")
java_type_ref("<Application,LEDU/oswego/cs/dl/util/concurrent/SynchronousChannel>")	java_type_ref("<Application,LEDU/oswego/cs/dl/util/concurrent/Puttable>")
java_type_ref("<Application,Ljavax/servlet/jsp/JspWriter>")	java_type_ref("<Primordial,Ljava/lang/AutoCloseable>")
java_type_ref("<Application,LEDU/oswego/cs/dl/util/concurrent/WriterPreferenceReadWriteLock$ReaderLock>")	java_type_ref("<Application,LEDU/oswego/cs/dl/util/concurrent/Sync>")
java_type_ref("<Application,LEDU/oswego/cs/dl/util/concurrent/CopyOnWriteArrayList$COWSubList>")	java_type_ref("<Primordial,Ljava/lang/Iterable>")
java_type_ref("<Application,Ljavax/servlet/ServletInputStream>")	java_type_ref("<Primordial,Ljava/io/Closeable>")
java_type_ref("<Application,LEDU/oswego/cs/dl/util/concurrent/PooledExecutor$Worker>")	java_type_ref("<Primordial,Ljava/lang/Runnable>")
java_type_ref("<Application,Ljavax/servlet/http/Cookie>")	java_type_ref("<Primordial,Ljava/lang/Cloneable>")
java_type_ref("<Application,LEDU/oswego/cs/dl/util/concurrent/SynchronizedShort>")	java_type_ref("<Primordial,Ljava/lang/Cloneable>")
java_type_ref("<Application,LEDU/oswego/cs/dl/util/concurrent/FIFOSemaphore>")	java_type_ref("<Application,LEDU/oswego/cs/dl/util/concurrent/Sync>")
java_type_ref("<Application,LEDU/oswego/cs/dl/util/concurrent/BoundedPriorityQueue>")	java_type_ref("<Application,LEDU/oswego/cs/dl/util/concurrent/Takable>")
java_type_ref("<Application,LEDU/oswego/cs/dl/util/concurrent/WriterPreferenceReadWriteLock>")	java_type_ref("<Application,LEDU/oswego/cs/dl/util/concurrent/ReadWriteLock>")
java_type_ref("<Application,LEDU/oswego/cs/dl/util/concurrent/SynchronousChannel>")	java_type_ref("<Application,LEDU/oswego/cs/dl/util/concurrent/Channel>")
java_type_ref("<Application,Lhedc/ethz/util/Estimator>")	java_type_ref("<Primordial,Ljava/io/Serializable>")
java_type_ref("<Application,LEDU/oswego/cs/dl/util/concurrent/CopyOnWriteArrayList$COWIterator>")	java_type_ref("<Primordial,Ljava/util/ListIterator>")
java_type_ref("<Application,LEDU/oswego/cs/dl/util/concurrent/Slot>")	java_type_ref("<Application,LEDU/oswego/cs/dl/util/concurrent/Takable>")
java_type_ref("<Application,LEDU/oswego/cs/dl/util/concurrent/BoundedLinkedQueue>")	java_type_ref("<Application,LEDU/oswego/cs/dl/util/concurrent/BoundedChannel>")
java_type_ref("<Application,LEDU/oswego/cs/dl/util/concurrent/SynchronizedInt>")	java_type_ref("<Application,LEDU/oswego/cs/dl/util/concurrent/Executor>")
java_type_ref("<Application,LEDU/oswego/cs/dl/util/concurrent/TimedCallable>")	java_type_ref("<Application,LEDU/oswego/cs/dl/util/concurrent/Callable>")
java_type_ref("<Application,LEDU/oswego/cs/dl/util/concurrent/SynchronizedBoolean>")	java_type_ref("<Primordial,Ljava/lang/Cloneable>")
java_type_ref("<Application,Lhedc/ethz/util/ObservableProperties>")	java_type_ref("<Primordial,Ljava/lang/Cloneable>")
java_type_ref("<Application,Lhedc/ethz/util/Ftp>")	java_type_ref("<Primordial,Ljava/lang/AutoCloseable>")
java_type_ref("<Application,LEDU/oswego/cs/dl/util/concurrent/CopyOnWriteArrayList$COWSubList$COWSubListIterator>")	java_type_ref("<Primordial,Ljava/util/Iterator>")
java_type_ref("<Application,LEDU/oswego/cs/dl/util/concurrent/SyncSet>")	java_type_ref("<Primordial,Ljava/util/Set>")
java_type_ref("<Application,Ljavax/servlet/jsp/tagext/BodyContent>")	java_type_ref("<Primordial,Ljava/lang/AutoCloseable>")
java_type_ref("<Application,LEDU/oswego/cs/dl/util/concurrent/CopyOnWriteArrayList>")	java_type_ref("<Primordial,Ljava/util/List>")
java_type_ref("<Application,LEDU/oswego/cs/dl/util/concurrent/CopyOnWriteArraySet>")	java_type_ref("<Primordial,Ljava/util/Collection>")
java_type_ref("<Application,LEDU/oswego/cs/dl/util/concurrent/LayeredSync>")	java_type_ref("<Application,LEDU/oswego/cs/dl/util/concurrent/Sync>")
java_type_ref("<Application,Ljavax/servlet/http/HttpServletRequest>")	java_type_ref("<Application,Ljavax/servlet/ServletRequest>")
java_type_ref("<Application,Lhedc/MetaSearchImpl>")	java_type_ref("<Application,Lhedc/MetaSearch>")
java_type_ref("<Application,LEDU/oswego/cs/dl/util/concurrent/WaitableInt>")	java_type_ref("<Primordial,Ljava/lang/Comparable>")
java_type_ref("<Application,LEDU/oswego/cs/dl/util/concurrent/SynchronizedLong>")	java_type_ref("<Primordial,Ljava/lang/Comparable>")
java_type_ref("<Application,LEDU/oswego/cs/dl/util/concurrent/Channel>")	java_type_ref("<Application,LEDU/oswego/cs/dl/util/concurrent/Puttable>")
java_type_ref("<Application,LEDU/oswego/cs/dl/util/concurrent/SynchronizedFloat>")	java_type_ref("<Primordial,Ljava/lang/Cloneable>")
java_type_ref("<Application,Ljavax/servlet/jsp/JspWriter>")	java_type_ref("<Primordial,Ljava/lang/Appendable>")
java_type_ref("<Application,LEDU/oswego/cs/dl/util/concurrent/BoundedPriorityQueue>")	java_type_ref("<Application,LEDU/oswego/cs/dl/util/concurrent/Puttable>")
java_type_ref("<Application,LEDU/oswego/cs/dl/util/concurrent/SynchronizedShort>")	java_type_ref("<Primordial,Ljava/lang/Comparable>")
java_type_ref("<Application,Ljavax/servlet/jsp/HttpJspPage>")	java_type_ref("<Application,Ljavax/servlet/Servlet>")
java_type_ref("<Application,LEDU/oswego/cs/dl/util/concurrent/SyncSortedMap>")	java_type_ref("<Primordial,Ljava/util/Map>")
java_type_ref("<Application,LEDU/oswego/cs/dl/util/concurrent/SyncSortedSet>")	java_type_ref("<Primordial,Ljava/lang/Iterable>")
java_type_ref("<Application,LEDU/oswego/cs/dl/util/concurrent/SynchronizedLong>")	java_type_ref("<Application,LEDU/oswego/cs/dl/util/concurrent/Executor>")
java_type_ref("<Application,Ljavax/servlet/jsp/JspException>")	java_type_ref("<Primordial,Ljava/io/Serializable>")
java_type_ref("<Application,LEDU/oswego/cs/dl/util/concurrent/CopyOnWriteArrayList$COWSubList>")	java_type_ref("<Primordial,Ljava/util/Collection>")
java_type_ref("<Application,LEDU/oswego/cs/dl/util/concurrent/SynchronousChannel>")	java_type_ref("<Application,LEDU/oswego/cs/dl/util/concurrent/BoundedChannel>")
java_type_ref("<Application,LEDU/oswego/cs/dl/util/concurrent/WaitFreeQueue>")	java_type_ref("<Application,LEDU/oswego/cs/dl/util/concurrent/Channel>")
java_type_ref("<Application,LEDU/oswego/cs/dl/util/concurrent/ObservableSync>")	java_type_ref("<Application,LEDU/oswego/cs/dl/util/concurrent/Sync>")
java_type_ref("<Application,LEDU/oswego/cs/dl/util/concurrent/SyncSortedMap>")	java_type_ref("<Primordial,Ljava/util/SortedMap>")
java_type_ref("<Application,LEDU/oswego/cs/dl/util/concurrent/NullSync>")	java_type_ref("<Application,LEDU/oswego/cs/dl/util/concurrent/Sync>")
java_type_ref("<Application,LEDU/oswego/cs/dl/util/concurrent/CopyOnWriteArrayList$COWSubList$COWSubListIterator>")	java_type_ref("<Primordial,Ljava/util/ListIterator>")
java_type_ref("<Application,LEDU/oswego/cs/dl/util/concurrent/SyncList>")	java_type_ref("<Primordial,Ljava/util/Collection>")
java_type_ref("<Application,LEDU/oswego/cs/dl/util/concurrent/WaitableLong>")	java_type_ref("<Primordial,Ljava/lang/Cloneable>")
java_type_ref("<Application,LEDU/oswego/cs/dl/util/concurrent/SyncCollection$SyncCollectionIterator>")	java_type_ref("<Primordial,Ljava/util/Iterator>")
java_type_ref("<Application,LEDU/oswego/cs/dl/util/concurrent/FutureResult$1>")	java_type_ref("<Primordial,Ljava/lang/Runnable>")
java_type_ref("<Application,Lhedc/regexp/MalformedRegexpException>")	java_type_ref("<Primordial,Ljava/io/Serializable>")
java_type_ref("<Application,LEDU/oswego/cs/dl/util/concurrent/LinkedQueue>")	java_type_ref("<Application,LEDU/oswego/cs/dl/util/concurrent/Puttable>")
java_type_ref("<Application,LEDU/oswego/cs/dl/util/concurrent/ReentrantLock>")	java_type_ref("<Application,LEDU/oswego/cs/dl/util/concurrent/Sync>")
java_type_ref("<Application,LEDU/oswego/cs/dl/util/concurrent/WaitableInt>")	java_type_ref("<Primordial,Ljava/lang/Cloneable>")
java_type_ref("<Application,LEDU/oswego/cs/dl/util/concurrent/Semaphore>")	java_type_ref("<Application,LEDU/oswego/cs/dl/util/concurrent/Sync>")
java_type_ref("<Application,LEDU/oswego/cs/dl/util/concurrent/BoundedBuffer>")	java_type_ref("<Application,LEDU/oswego/cs/dl/util/concurrent/Channel>")
java_type_ref("<Application,Ljavax/servlet/ServletOutputStream>")	java_type_ref("<Primordial,Ljava/io/Flushable>")
java_type_ref("<Application,Lhedc/SohoSynoptic$SohoIterator>")	java_type_ref("<Primordial,Ljava/util/Iterator>")
java_type_ref("<Application,LEDU/oswego/cs/dl/util/concurrent/SynchronizedBoolean>")	java_type_ref("<Application,LEDU/oswego/cs/dl/util/concurrent/Executor>")
java_type_ref("<Application,LEDU/oswego/cs/dl/util/concurrent/BoundedChannel>")	java_type_ref("<Application,LEDU/oswego/cs/dl/util/concurrent/Takable>")
java_type_ref("<Application,Ljavax/servlet/jsp/JspWriter>")	java_type_ref("<Primordial,Ljava/io/Flushable>")
java_type_ref("<Application,LEDU/oswego/cs/dl/util/concurrent/WaitableBoolean>")	java_type_ref("<Primordial,Ljava/lang/Comparable>")
