"< Application, LEDU/oswego/cs/dl/util/concurrent/WaitableFloat, <init>(F)V >"
"< Application, Lhedc/ethz/util/DoubleBufferCopy$CopyThread, <init>(Lhedc/ethz/util/DoubleBufferCopy;I)V >"
"< Application, Ljavax/servlet/jsp/tagext/TagSupport, <init>()V >"
"< Application, LEDU/oswego/cs/dl/util/concurrent/WaitableInt, <init>(I)V >"
"< Application, Ljavax/servlet/http/NoBodyOutputStream, <init>()V >"
"< Application, LEDU/oswego/cs/dl/util/concurrent/QueuedSemaphore$WaitQueue$WaitNode, <init>()V >"
"< Application, LEDU/oswego/cs/dl/util/concurrent/FJTaskRunner, <init>(LEDU/oswego/cs/dl/util/concurrent/FJTaskRunnerGroup;)V >"
"< Application, LEDU/oswego/cs/dl/util/concurrent/TimeDaemon$TaskNode, <init>(JLjava/lang/Runnable;J)V >"
"< Application, LEDU/oswego/cs/dl/util/concurrent/WaitableInt, <init>(ILjava/lang/Object;)V >"
"< Application, Lhedc/MetaSearchResult, <init>()V >"
"< Application, LEDU/oswego/cs/dl/util/concurrent/FJTask, <init>()V >"
"< Application, Ljavax/servlet/jsp/JspWriter, <init>(IZ)V >"
"< Application, Ljavax/servlet/UnavailableException, <init>(ILjavax/servlet/Servlet;Ljava/lang/String;)V >"
"< Application, LEDU/oswego/cs/dl/util/concurrent/WaitFreeQueue$Node, <init>(Ljava/lang/Object;)V >"
"< Application, LEDU/oswego/cs/dl/util/concurrent/Slot, <init>()V >"
"< Application, LEDU/oswego/cs/dl/util/concurrent/LayeredSync, <init>(LEDU/oswego/cs/dl/util/concurrent/Sync;LEDU/oswego/cs/dl/util/concurrent/Sync;)V >"
"< Application, LEDU/oswego/cs/dl/util/concurrent/WaitableRef, <init>(Ljava/lang/Object;Ljava/lang/Object;)V >"
"< Application, LEDU/oswego/cs/dl/util/concurrent/PooledExecutor, <init>()V >"
"< Application, LEDU/oswego/cs/dl/util/concurrent/SyncSortedMap, <init>(Ljava/util/SortedMap;LEDU/oswego/cs/dl/util/concurrent/Sync;LEDU/oswego/cs/dl/util/concurrent/Sync;)V >"
"< Application, LEDU/oswego/cs/dl/util/concurrent/PooledExecutor$WaitWhenBlocked, <init>(LEDU/oswego/cs/dl/util/concurrent/PooledExecutor;)V >"
"< Application, LEDU/oswego/cs/dl/util/concurrent/ObservableSync, <init>(Ljava/lang/Object;)V >"
"< Application, LEDU/oswego/cs/dl/util/concurrent/LockedExecutor, <init>(LEDU/oswego/cs/dl/util/concurrent/Sync;)V >"
"< Application, LEDU/oswego/cs/dl/util/concurrent/PooledExecutor, <init>(LEDU/oswego/cs/dl/util/concurrent/Channel;)V >"
"< Application, Ljavax/servlet/http/HttpUtils, <init>()V >"
"< Application, Lhedc/ethz/util/Ftp, <init>(Ljava/lang/String;I)V >"
"< Application, LEDU/oswego/cs/dl/util/concurrent/ReaderPreferenceReadWriteLock, <init>()V >"
"< Application, LEDU/oswego/cs/dl/util/concurrent/Rendezvous, <init>(ILEDU/oswego/cs/dl/util/concurrent/Rendezvous$RendezvousFunction;)V >"
"< Application, Lhedc/MetaSearchImpl, <init>()V >"
"< Application, Lhedc/DateFormatter, <init>(Ljava/lang/String;Ljava/util/Locale;)V >"
"< Application, Lhedc/Rag$RagIterator, <init>(Lhedc/Rag;)V >"
"< Application, LEDU/oswego/cs/dl/util/concurrent/SyncSortedSet, <init>(Ljava/util/SortedSet;LEDU/oswego/cs/dl/util/concurrent/ReadWriteLock;)V >"
"< Application, LEDU/oswego/cs/dl/util/concurrent/WaitableByte, <init>(BLjava/lang/Object;)V >"
"< Application, LEDU/oswego/cs/dl/util/concurrent/TimeDaemon$TaskNode, <init>(JLjava/lang/Runnable;)V >"
"< Application, Ljavax/servlet/jsp/JspTagException, <init>(Ljava/lang/String;)V >"
"< Application, Ljavax/servlet/jsp/tagext/TagData, <init>([[Ljava/lang/Object;)V >"
"< Application, Ljavax/servlet/jsp/JspTagException, <init>()V >"
"< Application, Lhedc/DateFormatter, <init>(Ljava/lang/String;Ljava/text/DateFormatSymbols;)V >"
"< Application, LEDU/oswego/cs/dl/util/concurrent/SynchronizedLong, <init>(J)V >"
"< Application, LEDU/oswego/cs/dl/util/concurrent/SynchronizedFloat, <init>(F)V >"
"< Application, Lhedc/regexp/State, <init>(II)V >"
"< Application, Lhedc/DateFormatter, <init>(Ljava/lang/String;)V >"
"< Application, LEDU/oswego/cs/dl/util/concurrent/FJTask$Par, <init>([LEDU/oswego/cs/dl/util/concurrent/FJTask;)V >"
"< Application, Lhedc/PooledExecutorWithInvalidate$DiscardWhenBlocked, <init>(Lhedc/PooledExecutorWithInvalidate;)V >"
"< Application, LEDU/oswego/cs/dl/util/concurrent/CopyOnWriteArrayList$COWIterator, <init>([Ljava/lang/Object;I)V >"
"< Application, LEDU/oswego/cs/dl/util/concurrent/WaiterPreferenceSemaphore, <init>(J)V >"
"< Application, LEDU/oswego/cs/dl/util/concurrent/SyncList, <init>(Ljava/util/List;LEDU/oswego/cs/dl/util/concurrent/Sync;LEDU/oswego/cs/dl/util/concurrent/Sync;)V >"
"< Application, LEDU/oswego/cs/dl/util/concurrent/Rendezvous, <init>(I)V >"
"< Application, LEDU/oswego/cs/dl/util/concurrent/CopyOnWriteArraySet, <init>(Ljava/util/Collection;)V >"
"< Application, LEDU/oswego/cs/dl/util/concurrent/Heap, <init>(I)V >"
"< Application, Lhedc/DateFormatter, <init>()V >"
"< Application, Ljavax/servlet/ServletException, <init>(Ljava/lang/Throwable;)V >"
"< Application, LEDU/oswego/cs/dl/util/concurrent/SyncMap, <init>(Ljava/util/Map;LEDU/oswego/cs/dl/util/concurrent/Sync;LEDU/oswego/cs/dl/util/concurrent/Sync;)V >"
"< Application, Lhedc/regexp/Result, <init>(Lhedc/regexp/State;)V >"
"< Application, Lhedc/PooledExecutorWithInvalidate, <init>(I)V >"
"< Application, Lhedc/MetaSearchRequest, <init>(Ljava/io/Writer;Lhedc/MetaSearchImpl;Ljava/util/Hashtable;)V >"
"< Application, LEDU/oswego/cs/dl/util/concurrent/LinkedNode, <init>(Ljava/lang/Object;)V >"
"< Application, LEDU/oswego/cs/dl/util/concurrent/SynchronousChannel, <init>()V >"
"< Application, LEDU/oswego/cs/dl/util/concurrent/FJTask$Seq2, <init>(LEDU/oswego/cs/dl/util/concurrent/FJTask;LEDU/oswego/cs/dl/util/concurrent/FJTask;)V >"
"< Application, Lhedc/regexp/RegexpCompiler, <init>()V >"
"< Application, Lhedc/ethz/util/BaseProperties, <init>(Ljava/util/Properties;)V >"
"< Application, LEDU/oswego/cs/dl/util/concurrent/WaitableChar, <init>(CLjava/lang/Object;)V >"
"< Application, LEDU/oswego/cs/dl/util/concurrent/WaitableChar, <init>(C)V >"
"< Application, Ljavax/servlet/jsp/PageContext, <init>()V >"
"< Application, LEDU/oswego/cs/dl/util/concurrent/FIFOSemaphore$FIFOWaitQueue, <init>()V >"
"< Application, Lhedc/ethz/util/DoubleBufferCopy, <init>(Ljava/io/OutputStream;Ljava/io/InputStream;)V >"
"< Application, LEDU/oswego/cs/dl/util/concurrent/VetoableChangeMulticaster, <init>(Ljava/lang/Object;)V >"
"< Application, Lhedc/PooledExecutorWithInvalidate$Worker, <init>(Lhedc/PooledExecutorWithInvalidate;Lhedc/Task;)V >"
"< Application, Ljavax/servlet/jsp/JspException, <init>(Ljava/lang/String;)V >"
"< Application, LEDU/oswego/cs/dl/util/concurrent/BoundedPriorityQueue, <init>(ILjava/util/Comparator;)V >"
"< Application, LEDU/oswego/cs/dl/util/concurrent/PooledExecutor$Worker, <init>(LEDU/oswego/cs/dl/util/concurrent/PooledExecutor;Ljava/lang/Runnable;)V >"
"< Application, LEDU/oswego/cs/dl/util/concurrent/SynchronizedFloat, <init>(FLjava/lang/Object;)V >"
"< Application, Lhedc/ethz/util/DoubleBufferCopy$Buffer, <init>(Lhedc/ethz/util/DoubleBufferCopy;I)V >"
"< Application, LEDU/oswego/cs/dl/util/concurrent/SyncSet, <init>(Ljava/util/Set;LEDU/oswego/cs/dl/util/concurrent/Sync;LEDU/oswego/cs/dl/util/concurrent/Sync;)V >"
"< Application, Lhedc/MetaSearchResult$MetaSearchResultIterator, <init>(Lhedc/MetaSearchResult;)V >"
"< Application, LEDU/oswego/cs/dl/util/concurrent/SyncSortedMap, <init>(Ljava/util/SortedMap;LEDU/oswego/cs/dl/util/concurrent/Sync;)V >"
"< Application, Ljavax/servlet/ServletException, <init>(Ljava/lang/String;Ljava/lang/Throwable;)V >"
"< Application, LEDU/oswego/cs/dl/util/concurrent/SynchronizedShort, <init>(S)V >"
"< Application, LEDU/oswego/cs/dl/util/concurrent/SyncCollection, <init>(Ljava/util/Collection;LEDU/oswego/cs/dl/util/concurrent/ReadWriteLock;)V >"
"< Application, LEDU/oswego/cs/dl/util/concurrent/LinkedQueue, <init>()V >"
"< Application, LEDU/oswego/cs/dl/util/concurrent/WaitableFloat, <init>(FLjava/lang/Object;)V >"
"< Application, LEDU/oswego/cs/dl/util/concurrent/QueuedExecutor, <init>()V >"
"< Application, LEDU/oswego/cs/dl/util/concurrent/WaitableShort, <init>(SLjava/lang/Object;)V >"
"< Application, LEDU/oswego/cs/dl/util/concurrent/FJTask$Par, <init>(LEDU/oswego/cs/dl/util/concurrent/FJTask;LEDU/oswego/cs/dl/util/concurrent/FJTask;)V >"
"< Application, Lhedc/RandomDate, <init>(Ljava/util/Date;Ljava/util/Date;)V >"
"< Application, LEDU/oswego/cs/dl/util/concurrent/TimeoutException, <init>(JLjava/lang/String;)V >"
"< Application, LEDU/oswego/cs/dl/util/concurrent/TimeoutSync, <init>(LEDU/oswego/cs/dl/util/concurrent/Sync;J)V >"
"< Application, LEDU/oswego/cs/dl/util/concurrent/SyncCollection, <init>(Ljava/util/Collection;LEDU/oswego/cs/dl/util/concurrent/Sync;)V >"
"< Application, Lhedc/regexp/CharArrayState, <init>([CII)V >"
"< Application, LEDU/oswego/cs/dl/util/concurrent/ReentrantLock, <init>()V >"
"< Application, Lhedc/ethz/util/DoubleBufferCopy, <init>(Ljava/io/OutputStream;Ljava/io/InputStream;I)V >"
"< Application, LEDU/oswego/cs/dl/util/concurrent/SyncList, <init>(Ljava/util/List;LEDU/oswego/cs/dl/util/concurrent/ReadWriteLock;)V >"
"< Application, LEDU/oswego/cs/dl/util/concurrent/SyncSet, <init>(Ljava/util/Set;LEDU/oswego/cs/dl/util/concurrent/ReadWriteLock;)V >"
"< Application, LEDU/oswego/cs/dl/util/concurrent/TimeDaemon$RunLoop, <init>(LEDU/oswego/cs/dl/util/concurrent/TimeDaemon;)V >"
"< Application, LEDU/oswego/cs/dl/util/concurrent/SynchronizedChar, <init>(CLjava/lang/Object;)V >"
"< Application, Lhedc/PooledExecutorWithInvalidate$BlockedExecutionHandler, <init>(Lhedc/PooledExecutorWithInvalidate;)V >"
"< Application, LEDU/oswego/cs/dl/util/concurrent/SyncSortedSet, <init>(Ljava/util/SortedSet;LEDU/oswego/cs/dl/util/concurrent/Sync;LEDU/oswego/cs/dl/util/concurrent/Sync;)V >"
"< Application, LEDU/oswego/cs/dl/util/concurrent/SynchronizedChar, <init>(C)V >"
"< Application, Lhedc/ethz/util/EstimatorFactory, <init>()V >"
"< Application, LEDU/oswego/cs/dl/util/concurrent/WaitFreeQueue, <init>()V >"
"< Application, Lhedc/regexp/SuccessRegexp, <init>(Lhedc/regexp/Regexp;)V >"
"< Application, LEDU/oswego/cs/dl/util/concurrent/Heap, <init>(ILjava/util/Comparator;)V >"
"< Application, Lhedc/regexp/GroupReference, <init>(Lhedc/regexp/Regexp;I)V >"
"< Application, Lhedc/regexp/Group, <init>(Lhedc/regexp/Regexp;II)V >"
"< Application, LEDU/oswego/cs/dl/util/concurrent/QueuedExecutor, <init>(LEDU/oswego/cs/dl/util/concurrent/Channel;)V >"
"< Application, Lhedc/ethz/util/BufferedCopy, <init>(Ljava/io/OutputStream;Ljava/io/InputStream;I)V >"
"< Application, LEDU/oswego/cs/dl/util/concurrent/BoundedLinkedQueue, <init>()V >"
"< Application, Ljavax/servlet/http/HttpServlet, <init>()V >"
"< Application, Lhedc/ethz/util/ObservableProperties, <init>()V >"
"< Application, Ljavax/servlet/jsp/tagext/TagInfo, <init>(Ljava/lang/String;Ljava/lang/String;Ljava/lang/String;Ljava/lang/String;Ljavax/servlet/jsp/tagext/TagLibraryInfo;Ljavax/servlet/jsp/tagext/TagExtraInfo;[Ljavax/servlet/jsp/tagext/TagAttributeInfo;)V >"
"< Application, Lhedc/regexp/Multi, <init>(Lhedc/regexp/Regexp;Lhedc/regexp/Regexp;I)V >"
"< Application, LEDU/oswego/cs/dl/util/concurrent/FJTask$Par2, <init>(LEDU/oswego/cs/dl/util/concurrent/FJTask;LEDU/oswego/cs/dl/util/concurrent/FJTask;)V >"
"< Application, Lhedc/PooledExecutorWithInvalidate, <init>()V >"
"< Application, Lhedc/ethz/util/SmartRef, <init>(Ljava/lang/String;Ljava/lang/String;)V >"
"< Application, Lhedc/regexp/CharClass, <init>(Lhedc/regexp/CharClass;)V >"
"< Application, Lhedc/ethz/util/BaseProperties, <init>()V >"
"< Application, LEDU/oswego/cs/dl/util/concurrent/CopyOnWriteArrayList, <init>()V >"
"< Application, LEDU/oswego/cs/dl/util/concurrent/BrokenBarrierException, <init>(ILjava/lang/String;)V >"
"< Application, LEDU/oswego/cs/dl/util/concurrent/SyncSet, <init>(Ljava/util/Set;LEDU/oswego/cs/dl/util/concurrent/Sync;)V >"
"< Application, LEDU/oswego/cs/dl/util/concurrent/SyncCollection$SyncCollectionIterator, <init>(LEDU/oswego/cs/dl/util/concurrent/SyncCollection;Ljava/util/Iterator;)V >"
"< Application, LEDU/oswego/cs/dl/util/concurrent/ClockDaemon$TaskNode, <init>(JLjava/lang/Runnable;J)V >"
"< Application, LEDU/oswego/cs/dl/util/concurrent/SynchronizedLong, <init>(JLjava/lang/Object;)V >"
"< Application, Ljavax/servlet/ServletInputStream, <init>()V >"
"< Application, LEDU/oswego/cs/dl/util/concurrent/QueuedExecutor$RunLoop, <init>(LEDU/oswego/cs/dl/util/concurrent/QueuedExecutor;)V >"
"< Application, LEDU/oswego/cs/dl/util/concurrent/ThreadFactoryUser$DefaultThreadFactory, <init>()V >"
"< Application, Ljavax/servlet/jsp/tagext/TagLibraryInfo, <init>(Ljava/lang/String;Ljava/lang/String;)V >"
"< Application, Lhedc/PooledExecutorWithInvalidate$WaitWhenBlocked, <init>(Lhedc/PooledExecutorWithInvalidate;)V >"
"< Application, Lhedc/ethz/util/Ftp, <init>(Ljava/lang/String;)V >"
"< Application, LEDU/oswego/cs/dl/util/concurrent/FIFOReadWriteLock$ReaderSync, <init>(LEDU/oswego/cs/dl/util/concurrent/FIFOReadWriteLock;)V >"
"< Application, LEDU/oswego/cs/dl/util/concurrent/SynchronizedBoolean, <init>(ZLjava/lang/Object;)V >"
"< Application, LEDU/oswego/cs/dl/util/concurrent/SynchronizedByte, <init>(BLjava/lang/Object;)V >"
"< Application, LEDU/oswego/cs/dl/util/concurrent/CondVar, <init>(LEDU/oswego/cs/dl/util/concurrent/Sync;)V >"
"< Application, Lhedc/regexp/Dot, <init>(Lhedc/regexp/Regexp;)V >"
"< Application, Ljavax/servlet/http/HttpSessionBindingEvent, <init>(Ljavax/servlet/http/HttpSession;Ljava/lang/String;)V >"
"< Application, LEDU/oswego/cs/dl/util/concurrent/TimedCallable, <init>(LEDU/oswego/cs/dl/util/concurrent/Callable;J)V >"
"< Application, Lhedc/Tester, <init>(Ljava/lang/String;II)V >"
"< Application, Ljavax/servlet/jsp/tagext/BodyTagSupport, <init>()V >"
"< Application, Lhedc/ethz/util/Estimator, <init>(Ljava/lang/String;DD)V >"
"< Application, LEDU/oswego/cs/dl/util/concurrent/SynchronizedInt, <init>(I)V >"
"< Application, LEDU/oswego/cs/dl/util/concurrent/SyncSortedSet, <init>(Ljava/util/SortedSet;LEDU/oswego/cs/dl/util/concurrent/Sync;)V >"
"< Application, Lhedc/FormFiller, <init>(Ljava/io/Writer;Ljava/util/Hashtable;)V >"
"< Application, LEDU/oswego/cs/dl/util/concurrent/WriterPreferenceReadWriteLock, <init>()V >"
"< Application, Lhedc/ethz/util/ObservableProperties, <init>(Ljava/util/Properties;)V >"
"< Application, LEDU/oswego/cs/dl/util/concurrent/FutureResult, <init>()V >"
"< Application, LEDU/oswego/cs/dl/util/concurrent/SynchronizedRef, <init>(Ljava/lang/Object;)V >"
"< Application, Lhedc/ethz/util/SmartRef, <init>(Ljava/lang/String;)V >"
"< Application, LEDU/oswego/cs/dl/util/concurrent/WriterPreferenceReadWriteLock$WriterLock, <init>(LEDU/oswego/cs/dl/util/concurrent/WriterPreferenceReadWriteLock;)V >"
"< Application, LEDU/oswego/cs/dl/util/concurrent/SynchronizedDouble, <init>(D)V >"
"< Application, Lhedc/ethz/util/BufferedCopy, <init>(Ljava/io/OutputStream;Ljava/io/InputStream;)V >"
"< Application, LEDU/oswego/cs/dl/util/concurrent/PrioritySemaphore, <init>(J)V >"
"< Application, LEDU/oswego/cs/dl/util/concurrent/WaitableShort, <init>(S)V >"
"< Application, LEDU/oswego/cs/dl/util/concurrent/WriterPreferenceReadWriteLock$Signaller, <init>(LEDU/oswego/cs/dl/util/concurrent/WriterPreferenceReadWriteLock;)V >"
"< Application, LEDU/oswego/cs/dl/util/concurrent/DefaultChannelCapacity, <init>()V >"
"< Application, Lhedc/TaskFactory, <init>()V >"
"< Application, Lhedc/FormFiller, <init>(Ljava/io/Writer;Ljava/util/Hashtable;Ljava/lang/String;)V >"
"< Application, LEDU/oswego/cs/dl/util/concurrent/SynchronizedVariable, <init>()V >"
"< Application, LEDU/oswego/cs/dl/util/concurrent/ThreadedExecutor, <init>()V >"
"< Application, LEDU/oswego/cs/dl/util/concurrent/DirectExecutor, <init>()V >"
"< Application, LEDU/oswego/cs/dl/util/concurrent/FIFOReadWriteLock, <init>()V >"
"< Application, LEDU/oswego/cs/dl/util/concurrent/WaitableBoolean, <init>(Z)V >"
"< Application, Ljavax/servlet/jsp/tagext/TagData, <init>(Ljava/util/Hashtable;)V >"
"< Application, LEDU/oswego/cs/dl/util/concurrent/FJTask$Seq, <init>([LEDU/oswego/cs/dl/util/concurrent/FJTask;)V >"
"< Application, LEDU/oswego/cs/dl/util/concurrent/Mutex, <init>()V >"
"< Application, Lhedc/Rag, <init>()V >"
"< Application, LEDU/oswego/cs/dl/util/concurrent/SyncList, <init>(Ljava/util/List;LEDU/oswego/cs/dl/util/concurrent/Sync;)V >"
"< Application, Lhedc/ethz/util/ThreadFactory, <init>()V >"
"< Application, LEDU/oswego/cs/dl/util/concurrent/SynchronizedBoolean, <init>(Z)V >"
"< Application, LEDU/oswego/cs/dl/util/concurrent/QueuedSemaphore$WaitQueue, <init>()V >"
"< Application, LEDU/oswego/cs/dl/util/concurrent/PrioritySemaphore$PriorityWaitQueue, <init>()V >"
"< Application, LEDU/oswego/cs/dl/util/concurrent/WaitableByte, <init>(B)V >"
"< Application, LEDU/oswego/cs/dl/util/concurrent/ClockDaemon, <init>()V >"
"< Application, Ljavax/servlet/jsp/tagext/TagExtraInfo, <init>()V >"
"< Application, LEDU/oswego/cs/dl/util/concurrent/TimeoutException, <init>(J)V >"
"< Application, LEDU/oswego/cs/dl/util/concurrent/QueuedSemaphore, <init>(LEDU/oswego/cs/dl/util/concurrent/QueuedSemaphore$WaitQueue;J)V >"
"< Application, LEDU/oswego/cs/dl/util/concurrent/WaitableLong, <init>(J)V >"
"< Application, LEDU/oswego/cs/dl/util/concurrent/FIFOSemaphore, <init>(J)V >"
"< Application, Ljavax/servlet/ServletException, <init>()V >"
"< Application, Lhedc/Task, <init>()V >"
"< Application, Lhedc/FormFiller, <init>(Ljava/io/OutputStream;Ljava/util/Hashtable;)V >"
"< Application, Lhedc/Messages, <init>()V >"
"< Application, LEDU/oswego/cs/dl/util/concurrent/BoundedLinkedQueue, <init>(I)V >"
"< Application, Lhedc/ethz/util/RmiLogger, <init>()V >"
"< Application, LEDU/oswego/cs/dl/util/concurrent/BoundedBuffer, <init>(I)V >"
"< Application, Ljavax/servlet/jsp/tagext/TagAttributeInfo, <init>(Ljava/lang/String;ZZLjava/lang/String;)V >"
"< Application, LEDU/oswego/cs/dl/util/concurrent/Rendezvous$Rotator, <init>()V >"
"< Application, LEDU/oswego/cs/dl/util/concurrent/ThreadFactoryUser, <init>()V >"
"< Application, Ljavax/servlet/jsp/JspFactory, <init>()V >"
"< Application, LEDU/oswego/cs/dl/util/concurrent/BoundedPriorityQueue, <init>(I)V >"
"< Application, LEDU/oswego/cs/dl/util/concurrent/PooledExecutor, <init>(I)V >"
"< Application, LEDU/oswego/cs/dl/util/concurrent/SyncCollection, <init>(Ljava/util/Collection;LEDU/oswego/cs/dl/util/concurrent/Sync;LEDU/oswego/cs/dl/util/concurrent/Sync;)V >"
"< Application, Lhedc/regexp/MalformedRegexpException, <init>(Ljava/lang/String;)V >"
"< Application, LEDU/oswego/cs/dl/util/concurrent/Semaphore, <init>(J)V >"
"< Application, LEDU/oswego/cs/dl/util/concurrent/BoundedPriorityQueue, <init>()V >"
"< Application, LEDU/oswego/cs/dl/util/concurrent/FutureResult$1, <init>(LEDU/oswego/cs/dl/util/concurrent/FutureResult;LEDU/oswego/cs/dl/util/concurrent/Callable;)V >"
"< Application, Lhedc/ethz/util/Messages, <init>()V >"
"< Application, Lhedc/regexp/CompilerState, <init>(Ljava/lang/String;Z)V >"
"< Application, LEDU/oswego/cs/dl/util/concurrent/WaitableLong, <init>(JLjava/lang/Object;)V >"
"< Application, Lhedc/PooledExecutorWithInvalidate, <init>(LEDU/oswego/cs/dl/util/concurrent/Channel;I)V >"
"< Application, Lhedc/ethz/util/CopyStream, <init>(Ljava/io/InputStream;Ljava/io/Writer;)V >"
"< Application, Lhedc/PooledExecutorWithInvalidate$RunWhenBlocked, <init>(Lhedc/PooledExecutorWithInvalidate;)V >"
"< Application, Lhedc/ethz/util/URLConnectionReader, <init>()V >"
"< Application, LEDU/oswego/cs/dl/util/concurrent/ReentrantWriterPreferenceReadWriteLock, <init>()V >"
"< Application, LEDU/oswego/cs/dl/util/concurrent/Latch, <init>()V >"
"< Application, Ljavax/servlet/jsp/tagext/BodyContent, <init>(Ljavax/servlet/jsp/JspWriter;)V >"
"< Application, LEDU/oswego/cs/dl/util/concurrent/FJTaskRunner$VolatileTaskRef, <init>()V >"
"< Application, Ljavax/servlet/GenericServlet, <init>()V >"
"< Application, LEDU/oswego/cs/dl/util/concurrent/CyclicBarrier, <init>(ILjava/lang/Runnable;)V >"
"< Application, LEDU/oswego/cs/dl/util/concurrent/SyncMap, <init>(Ljava/util/Map;LEDU/oswego/cs/dl/util/concurrent/ReadWriteLock;)V >"
"< Application, LEDU/oswego/cs/dl/util/concurrent/PooledExecutor$BlockedExecutionHandler, <init>(LEDU/oswego/cs/dl/util/concurrent/PooledExecutor;)V >"
"< Application, Ljavax/servlet/UnavailableException, <init>(Ljava/lang/String;I)V >"
"< Application, Ljavax/servlet/http/Cookie, <init>(Ljava/lang/String;Ljava/lang/String;)V >"
"< Application, LEDU/oswego/cs/dl/util/concurrent/FJTaskRunnerGroup$InvokableFJTask, <init>(Ljava/lang/Runnable;)V >"
"< Application, Lhedc/regexp/Literal, <init>(Lhedc/regexp/Regexp;IZ)V >"
"< Application, LEDU/oswego/cs/dl/util/concurrent/SyncSortedMap, <init>(Ljava/util/SortedMap;LEDU/oswego/cs/dl/util/concurrent/ReadWriteLock;)V >"
"< Application, Lhedc/ethz/util/CopyStream, <init>(Ljava/io/InputStream;Ljava/io/OutputStream;)V >"
"< Application, Lhedc/FormFiller$Filter, <init>()V >"
"< Application, LEDU/oswego/cs/dl/util/concurrent/ClockDaemon$RunLoop, <init>(LEDU/oswego/cs/dl/util/concurrent/ClockDaemon;)V >"
"< Application, Ljavax/servlet/UnavailableException, <init>(Ljava/lang/String;)V >"
"< Application, Ljavax/servlet/jsp/JspException, <init>()V >"
"< Application, Ljavax/servlet/http/NoBodyResponse, <init>(Ljavax/servlet/http/HttpServletResponse;)V >"
"< Application, LEDU/oswego/cs/dl/util/concurrent/SynchronizedByte, <init>(B)V >"
"< Application, LEDU/oswego/cs/dl/util/concurrent/SyncMap, <init>(Ljava/util/Map;LEDU/oswego/cs/dl/util/concurrent/Sync;)V >"
"< Application, Lhedc/ethz/util/SerializePerformanceTest, <init>()V >"
"< Application, LEDU/oswego/cs/dl/util/concurrent/SynchronizedRef, <init>(Ljava/lang/Object;Ljava/lang/Object;)V >"
"< Application, Lhedc/regexp/CharClass, <init>(Lhedc/regexp/Regexp;Ljava/lang/String;)V >"
"< Application, Lhedc/ethz/util/Generator, <init>()V >"
"< Application, LEDU/oswego/cs/dl/util/concurrent/CopyOnWriteArraySet, <init>()V >"
"< Application, Ljavax/servlet/UnavailableException, <init>(Ljavax/servlet/Servlet;Ljava/lang/String;)V >"
"< Application, Lhedc/SohoSynoptic$SohoIterator, <init>(Lhedc/SohoSynoptic;)V >"
"< Application, LEDU/oswego/cs/dl/util/concurrent/SynchronizedDouble, <init>(DLjava/lang/Object;)V >"
"< Application, LEDU/oswego/cs/dl/util/concurrent/CopyOnWriteArrayList$COWSubList$COWSubListIterator, <init>(LEDU/oswego/cs/dl/util/concurrent/CopyOnWriteArrayList$COWSubList;I)V >"
"< Application, LEDU/oswego/cs/dl/util/concurrent/TimeDaemon, <init>()V >"
"< Application, Lhedc/regexp/StringState, <init>(Ljava/lang/String;I)V >"
"< Application, Lhedc/regexp/ContextMatch, <init>(Lhedc/regexp/Regexp;I)V >"
"< Application, Lhedc/regexp/Regexp, <init>(Lhedc/regexp/Regexp;)V >"
"< Application, Lhedc/regexp/Alternatives, <init>(Lhedc/regexp/Regexp;)V >"
"< Application, Ljavax/servlet/ServletOutputStream, <init>()V >"
"< Application, LEDU/oswego/cs/dl/util/concurrent/BoundedBuffer, <init>()V >"
"< Application, LEDU/oswego/cs/dl/util/concurrent/FJTask$Seq, <init>(LEDU/oswego/cs/dl/util/concurrent/FJTask;LEDU/oswego/cs/dl/util/concurrent/FJTask;)V >"
"< Application, Lhedc/RandomDate, <init>(Ljava/lang/String;Ljava/lang/String;)V >"
"< Application, Ljavax/servlet/jsp/tagext/VariableInfo, <init>(Ljava/lang/String;Ljava/lang/String;ZI)V >"
"< Application, LEDU/oswego/cs/dl/util/concurrent/PropertyChangeMulticaster, <init>(Ljava/lang/Object;)V >"
"< Application, Lhedc/ethz/util/EtcUtil, <init>()V >"
"< Application, LEDU/oswego/cs/dl/util/concurrent/LinkedNode, <init>(Ljava/lang/Object;LEDU/oswego/cs/dl/util/concurrent/LinkedNode;)V >"
"< Application, LEDU/oswego/cs/dl/util/concurrent/CyclicBarrier, <init>(I)V >"
"< Application, LEDU/oswego/cs/dl/util/concurrent/SynchronizedInt, <init>(ILjava/lang/Object;)V >"
"< Application, LEDU/oswego/cs/dl/util/concurrent/BrokenBarrierException, <init>(I)V >"
"< Application, Lhedc/SohoSynoptic, <init>()V >"
"< Application, LEDU/oswego/cs/dl/util/concurrent/BoundedPriorityQueue, <init>(Ljava/util/Comparator;)V >"
"< Application, LEDU/oswego/cs/dl/util/concurrent/CopyOnWriteArrayList, <init>(Ljava/util/Collection;)V >"
"< Application, LEDU/oswego/cs/dl/util/concurrent/FJTask$Wrap, <init>(Ljava/lang/Runnable;)V >"
"< Application, LEDU/oswego/cs/dl/util/concurrent/SynchronizedVariable, <init>(Ljava/lang/Object;)V >"
"< Application, LEDU/oswego/cs/dl/util/concurrent/CopyOnWriteArrayList$COWSubList, <init>(LEDU/oswego/cs/dl/util/concurrent/CopyOnWriteArrayList;II)V >"
"< Application, LEDU/oswego/cs/dl/util/concurrent/ClockDaemon$TaskNode, <init>(JLjava/lang/Runnable;)V >"
"< Application, Lhedc/ethz/util/Logger, <init>()V >"
"< Application, LEDU/oswego/cs/dl/util/concurrent/FJTaskRunnerGroup, <init>(I)V >"
"< Application, LEDU/oswego/cs/dl/util/concurrent/WriterPreferenceReadWriteLock$ReaderLock, <init>(LEDU/oswego/cs/dl/util/concurrent/WriterPreferenceReadWriteLock;)V >"
"< Application, LEDU/oswego/cs/dl/util/concurrent/Slot, <init>(Ljava/lang/Class;)V >"
"< Application, LEDU/oswego/cs/dl/util/concurrent/PooledExecutor$RunWhenBlocked, <init>(LEDU/oswego/cs/dl/util/concurrent/PooledExecutor;)V >"
"< Application, LEDU/oswego/cs/dl/util/concurrent/SyncList$SyncCollectionListIterator, <init>(LEDU/oswego/cs/dl/util/concurrent/SyncList;Ljava/util/Iterator;)V >"
"< Application, LEDU/oswego/cs/dl/util/concurrent/PooledExecutor$DiscardWhenBlocked, <init>(LEDU/oswego/cs/dl/util/concurrent/PooledExecutor;)V >"
"< Application, LEDU/oswego/cs/dl/util/concurrent/SynchronizedShort, <init>(SLjava/lang/Object;)V >"
"< Application, LEDU/oswego/cs/dl/util/concurrent/WaitableBoolean, <init>(ZLjava/lang/Object;)V >"
"< Application, Lhedc/PooledExecutorWithInvalidate, <init>(LEDU/oswego/cs/dl/util/concurrent/Channel;)V >"
"< Application, Lhedc/ethz/util/SystemProperties, <init>()V >"
"< Application, Lhedc/regexp/NoSuchMatchException, <init>(Ljava/lang/String;)V >"
"< Application, LEDU/oswego/cs/dl/util/concurrent/WaitableRef, <init>(Ljava/lang/Object;)V >"
"< Application, LEDU/oswego/cs/dl/util/concurrent/SemaphoreControlledChannel, <init>(ILjava/lang/Class;)V >"
"< Application, Ljavax/servlet/jsp/JspEngineInfo, <init>()V >"
"< Application, LEDU/oswego/cs/dl/util/concurrent/PooledExecutor, <init>(LEDU/oswego/cs/dl/util/concurrent/Channel;I)V >"
"< Application, LEDU/oswego/cs/dl/util/concurrent/WaitableDouble, <init>(D)V >"
"< Application, LEDU/oswego/cs/dl/util/concurrent/SemaphoreControlledChannel, <init>(I)V >"
"< Application, Lhedc/FormFiller, <init>(Ljava/io/OutputStream;Ljava/util/Hashtable;Ljava/lang/String;)V >"
"< Application, LEDU/oswego/cs/dl/util/concurrent/CountDown, <init>(I)V >"
"< Application, LEDU/oswego/cs/dl/util/concurrent/NullSync, <init>()V >"
"< Application, Lhedc/ethz/util/BaseProperties, <init>(Ljava/lang/String;)V >"
"< Application, Lhedc/ethz/util/HttpLogger, <init>()V >"
"< Application, LEDU/oswego/cs/dl/util/concurrent/BoundedPriorityQueue, <init>(ILjava/util/Comparator;Ljava/lang/Class;)V >"
"< Application, LEDU/oswego/cs/dl/util/concurrent/CopyOnWriteArrayList, <init>([Ljava/lang/Object;)V >"
"< Application, LEDU/oswego/cs/dl/util/concurrent/WaitableDouble, <init>(DLjava/lang/Object;)V >"
"< Application, Ljavax/servlet/ServletException, <init>(Ljava/lang/String;)V >"
