"< Application, LEDU/oswego/cs/dl/util/concurrent/CopyOnWriteArrayList, remove(Ljava/lang/Object;)Z >"	16	27	java_binary_add	20	7
"< Application, LEDU/oswego/cs/dl/util/concurrent/FJTaskRunner, coInvoke(LEDU/oswego/cs/dl/util/concurrent/FJTask;LEDU/oswego/cs/dl/util/concurrent/FJTask;)V >"	5	11	java_binary_and	6	10
"< Application, Lhedc/ethz/util/Messages, format(Ljava/lang/String;Ljava/lang/Object;Ljava/lang/Object;)Ljava/lang/String; >"	21	39	java_binary_add	30	18
"< Application, LEDU/oswego/cs/dl/util/concurrent/FJTaskRunnerGroup, stats()V >"	21	27	java_binary_add	72	26
"< Application, LEDU/oswego/cs/dl/util/concurrent/FJTaskRunner, coInvoke([LEDU/oswego/cs/dl/util/concurrent/FJTask;)V >"	54	51	java_binary_add	53	5
"< Application, Lhedc/ethz/util/Generator, generateStream(Ljava/io/Reader;Ljava/io/Writer;Ljava/util/Hashtable;)J >"	19	33	java_binary_add	14	12
"< Application, LEDU/oswego/cs/dl/util/concurrent/SynchronizedShort, and(S)S >"	3	6	java_binary_and	5	2
"< Application, Lhedc/ethz/util/EtcUtil, getHostNameFromURI(Ljava/lang/String;)Ljava/lang/String; >"	2	11	java_binary_add	6	10
"< Application, Lhedc/regexp/CharClass, process(Ljava/lang/String;)V >"	4	11	java_binary_add	4	4
"< Application, Lhedc/ethz/util/Estimator, estimate(D)D >"	8	12	java_binary_sub	6	11
"< Application, LEDU/oswego/cs/dl/util/concurrent/FJTaskRunner, pop()LEDU/oswego/cs/dl/util/concurrent/FJTask; >"	9	13	java_binary_sub	12	4
"< Application, Lhedc/DateFormatter, parse(Ljava/lang/String;Ljava/text/ParsePosition;)Ljava/util/Date; >"	133	121	java_binary_add	120	105
"< Application, LEDU/oswego/cs/dl/util/concurrent/WaiterPreferenceSemaphore, release()V >"	1	5	java_binary_add	3	4
"< Application, Lhedc/ethz/util/Estimator, calcIndex(D)I >"	14	13	java_binary_sub	11	12
"< Application, LEDU/oswego/cs/dl/util/concurrent/QueuedSemaphore, recheck(LEDU/oswego/cs/dl/util/concurrent/QueuedSemaphore$WaitQueue$WaitNode;)Z >"	7	14	java_binary_sub	12	13
"< Application, LEDU/oswego/cs/dl/util/concurrent/WaiterPreferenceSemaphore, acquire()V >"	26	23	java_binary_sub	22	10
"< Application, Ljavax/servlet/jsp/tagext/TagAttributeInfo, getIdAttribute([Ljavax/servlet/jsp/tagext/TagAttributeInfo;)Ljavax/servlet/jsp/tagext/TagAttributeInfo; >"	7	12	java_binary_add	13	11
"< Application, LEDU/oswego/cs/dl/util/concurrent/SynchronizedLong, decrement()J >"	3	6	java_binary_sub	4	5
"< Application, LEDU/oswego/cs/dl/util/concurrent/CopyOnWriteArrayList, lastIndexOf(Ljava/lang/Object;[Ljava/lang/Object;I)I >"	7	17	java_binary_add	18	12
"< Application, Lhedc/DateFormatter, format(Ljava/util/Date;Ljava/lang/StringBuffer;Ljava/text/FieldPosition;)Ljava/lang/StringBuffer; >"	87	92	java_binary_rem	90	91
"< Application, Lhedc/ethz/util/Estimator, estimate(D)D >"	36	32	java_binary_add	34	31
"< Application, Lhedc/ethz/util/Estimator, logDeviation_(DD)V >"	2	8	java_binary_mul	6	7
"< Application, LEDU/oswego/cs/dl/util/concurrent/Semaphore, attempt(J)Z >"	10	29	java_binary_sub	28	25
"< Application, LEDU/oswego/cs/dl/util/concurrent/FJTaskRunner, scanWhileIdling()V >"	31	24	java_binary_add	27	15
"< Application, LEDU/oswego/cs/dl/util/concurrent/FJTaskRunner, confirmTake(I)LEDU/oswego/cs/dl/util/concurrent/FJTask; >"	7	11	java_binary_sub	9	10
"< Application, Lhedc/DateFormatter, applyLocalizedPattern(Ljava/lang/String;Ljava/lang/String;Ljava/lang/String;)Ljava/lang/String; >"	17	24	java_binary_add	26	14
"< Application, LEDU/oswego/cs/dl/util/concurrent/WriterPreferenceReadWriteLock, startReadFromWaitingReader()Z >"	3	8	java_binary_sub	6	7
"< Application, LEDU/oswego/cs/dl/util/concurrent/Heap, insert(Ljava/lang/Object;)V >"	7	12	java_binary_div	10	11
"< Application, LEDU/oswego/cs/dl/util/concurrent/ReentrantLock, attempt(J)Z >"	42	22	java_binary_sub	2	21
"< Application, LEDU/oswego/cs/dl/util/concurrent/CopyOnWriteArrayList$COWSubList, <init>(LEDU/oswego/cs/dl/util/concurrent/CopyOnWriteArrayList;II)V >"	6	10	java_binary_sub	4	3
"< Application, LEDU/oswego/cs/dl/util/concurrent/Heap, left(I)I >"	0	5	java_binary_mul	4	2
"< Application, LEDU/oswego/cs/dl/util/concurrent/FJTaskRunner, checkOverflow()V >"	36	56	java_binary_and	52	55
"< Application, LEDU/oswego/cs/dl/util/concurrent/WaiterPreferenceSemaphore, attempt(J)Z >"	37	22	java_binary_sub	21	16
"< Application, LEDU/oswego/cs/dl/util/concurrent/CopyOnWriteArrayList, add(ILjava/lang/Object;)V >"	14	9	java_binary_add	6	8
"< Application, LEDU/oswego/cs/dl/util/concurrent/WriterPreferenceReadWriteLock$WriterLock, attempt(J)Z >"	32	21	java_binary_sub	20	14
"< Application, LEDU/oswego/cs/dl/util/concurrent/BoundedLinkedQueue, offer(Ljava/lang/Object;J)Z >"	28	22	java_binary_sub	21	16
"< Application, LEDU/oswego/cs/dl/util/concurrent/CopyOnWriteArrayList, lastIndexOf(Ljava/lang/Object;[Ljava/lang/Object;I)I >"	10	7	java_binary_sub	3	6
"< Application, Lhedc/ethz/util/Messages, format(Ljava/lang/String;Ljava/lang/Object;Ljava/lang/Object;)Ljava/lang/String; >"	32	57	java_binary_add	52	18
"< Application, LEDU/oswego/cs/dl/util/concurrent/CopyOnWriteArrayList, addAllAbsent(Ljava/util/Collection;)I >"	15	21	java_binary_add	23	20
"< Application, LEDU/oswego/cs/dl/util/concurrent/VetoableChangeMulticaster, multicast(Ljava/beans/PropertyChangeEvent;)V >"	21	23	java_binary_add	24	22
"< Application, LEDU/oswego/cs/dl/util/concurrent/Heap, insert(Ljava/lang/Object;)V >"	8	14	java_binary_add	12	13
"< Application, LEDU/oswego/cs/dl/util/concurrent/FJTask$Seq, run()V >"	7	10	java_binary_add	11	9
"< Application, Lhedc/regexp/Regexp, main([Ljava/lang/String;)V >"	53	78	java_binary_add	55	19
"< Application, Lhedc/regexp/State, ensureGroup(I)V >"	14	17	java_binary_add	2	8
"< Application, Lhedc/ethz/util/Ftp, nlst(Ljava/lang/String;)Ljava/util/Enumeration; >"	20	35	java_binary_ushr	33	34
"< Application, LEDU/oswego/cs/dl/util/concurrent/CopyOnWriteArrayList, hashCode()I >"	10	17	java_binary_add	12	16
"< Application, LEDU/oswego/cs/dl/util/concurrent/CopyOnWriteArrayList$COWIterator, previous()Ljava/lang/Object; >"	2	6	java_binary_sub	4	5
"< Application, LEDU/oswego/cs/dl/util/concurrent/SynchronizedDouble, hashCode()I >"	2	8	java_binary_shr	6	7
"< Application, Lhedc/ethz/util/SerializePerformanceTest, main([Ljava/lang/String;)V >"	17	27	java_binary_div	25	26
"< Application, Lhedc/regexp/Literal, makeMulti(I)Lhedc/regexp/Regexp; >"	7	7	java_binary_sub	6	5
"< Application, LEDU/oswego/cs/dl/util/concurrent/TimeDaemon, executeAfterDelay(JLjava/lang/Runnable;)Ljava/lang/Object; >"	1	7	java_binary_add	6	2
"< Application, Lhedc/ethz/util/Generator, generateStream(Ljava/io/Reader;Ljava/io/OutputStream;Ljava/util/Hashtable;)J >"	29	42	java_binary_add	14	41
"< Application, LEDU/oswego/cs/dl/util/concurrent/ReentrantWriterPreferenceReadWriteLock, startWrite()Z >"	15	12	java_binary_add	10	11
"< Application, LEDU/oswego/cs/dl/util/concurrent/Rendezvous$Rotator, rendezvousFunction([Ljava/lang/Object;)V >"	1	6	java_binary_sub	4	5
"< Application, Lhedc/regexp/StringState, getGroupString(I)Ljava/lang/String; >"	4	9	java_binary_sub	7	8
"< Application, Lhedc/SohoSynoptic, determineAttributes_(Ljava/util/Hashtable;Ljava/lang/String;)V >"	39	67	java_binary_add	64	7
"< Application, Lhedc/Messages, format(Ljava/lang/String;[Ljava/lang/Object;)Ljava/lang/String; >"	23	36	java_binary_add	29	15
"< Application, LEDU/oswego/cs/dl/util/concurrent/BoundedLinkedQueue, setCapacity(I)V >"	6	7	java_binary_sub	2	6
"< Application, LEDU/oswego/cs/dl/util/concurrent/FJTaskRunnerGroup, stats()V >"	44	69	java_binary_add	73	68
"< Application, Lhedc/ethz/util/Messages, format(Ljava/lang/String;Ljava/lang/Object;Ljava/lang/Object;Ljava/lang/Object;Ljava/lang/Object;)Ljava/lang/String; >"	58	101	java_binary_add	96	20
"< Application, Lhedc/regexp/CharArrayState, lastIndexOf(II)I >"	6	9	java_binary_add	10	8
"< Application, Lhedc/ethz/util/ObservableProperties, registerObserver(Lhedc/ethz/util/PropertyMonitoring;)V >"	28	29	java_binary_add	28	10
"< Application, LEDU/oswego/cs/dl/util/concurrent/FutureResult, timedGet(J)Ljava/lang/Object; >"	21	16	java_binary_sub	15	9
"< Application, LEDU/oswego/cs/dl/util/concurrent/FJTaskRunner, push(LEDU/oswego/cs/dl/util/concurrent/FJTask;)V >"	4	9	java_binary_sub	7	8
"< Application, Lhedc/ethz/util/Generator, generateStream(Ljava/io/Reader;Ljava/io/Writer;Ljava/util/Hashtable;)J >"	28	40	java_binary_add	14	39
"< Application, Lhedc/ethz/util/ObservableProperties, registerObserver(Lhedc/ethz/util/PropertyMonitoring;)V >"	10	11	java_binary_add	12	10
"< Application, Lhedc/regexp/GroupReference, backup(Lhedc/regexp/State;)V >"	3	9	java_binary_sub	8	6
"< Application, LEDU/oswego/cs/dl/util/concurrent/CopyOnWriteArrayList$COWSubList, subList(II)Ljava/util/List; >"	12	12	java_binary_add	2	11
"< Application, LEDU/oswego/cs/dl/util/concurrent/CyclicBarrier, doBarrier(ZJ)I >"	65	31	java_binary_sub	3	30
"< Application, LEDU/oswego/cs/dl/util/concurrent/CyclicBarrier, doBarrier(ZJ)I >"	1	7	java_binary_sub	5	6
"< Application, Ljavax/servlet/http/HttpServlet, getAllDeclaredMethods(Ljava/lang/Class;)[Ljava/lang/reflect/Method; >"	21	30	java_binary_sub	33	27
"< Application, LEDU/oswego/cs/dl/util/concurrent/SynchronizedBoolean, xor(Z)Z >"	3	6	java_binary_xor	5	2
"< Application, LEDU/oswego/cs/dl/util/concurrent/CyclicBarrier, doBarrier(ZJ)I >"	19	45	java_binary_add	44	6
"< Application, Lhedc/regexp/CharClass, addChar(I)V >"	4	11	java_binary_shl	8	10
"< Application, LEDU/oswego/cs/dl/util/concurrent/VetoableChangeMulticaster, multicast(Ljava/beans/PropertyChangeEvent;)V >"	37	39	java_binary_sub	38	22
"< Application, Lhedc/ethz/util/Generator, generateThroughBuffer(Ljava/io/Reader;Ljava/io/Writer;Ljava/util/Hashtable;)J >"	24	27	java_binary_add	31	26
"< Application, LEDU/oswego/cs/dl/util/concurrent/SynchronizedDouble, divide(D)D >"	3	6	java_binary_div	5	2
"< Application, LEDU/oswego/cs/dl/util/concurrent/CopyOnWriteArrayList, addAll(ILjava/util/Collection;)Z >"	29	21	java_binary_add	25	20
"< Application, Lhedc/Tester, main([Ljava/lang/String;)V >"	33	41	java_binary_add	43	40
"< Application, LEDU/oswego/cs/dl/util/concurrent/SynchronizedChar, subtract(C)C >"	3	6	java_binary_sub	5	2
"< Application, Lhedc/ethz/util/Generator, generate(Ljava/io/Writer;Ljava/util/Hashtable;[C)J >"	40	40	java_binary_add	42	16
"< Application, Lhedc/ethz/util/SerializePerformanceTest, main([Ljava/lang/String;)V >"	15	24	java_binary_sub	21	23
"< Application, LEDU/oswego/cs/dl/util/concurrent/SynchronizedByte, subtract(B)B >"	3	6	java_binary_sub	5	2
"< Application, Lhedc/regexp/CharClass, addChar(I)V >"	5	12	java_binary_or	7	11
"< Application, Ljavax/servlet/http/HttpServlet, getAllDeclaredMethods(Ljava/lang/Class;)[Ljava/lang/reflect/Method; >"	10	19	java_binary_add	17	18
"< Application, LEDU/oswego/cs/dl/util/concurrent/SynchronizedDouble, subtract(D)D >"	3	6	java_binary_sub	5	2
"< Application, Lhedc/Messages, format(Ljava/lang/String;[Ljava/lang/Object;)Ljava/lang/String; >"	34	48	java_binary_add	29	15
"< Application, LEDU/oswego/cs/dl/util/concurrent/WaitFreeQueue, insert(Ljava/lang/Object;)V >"	38	25	java_binary_add	13	20
"< Application, LEDU/oswego/cs/dl/util/concurrent/SynchronizedBoolean, or(Z)Z >"	3	6	java_binary_or	5	2
"< Application, Lhedc/DateFormatter, parse(Ljava/lang/String;Ljava/text/ParsePosition;)Ljava/util/Date; >"	92	55	java_binary_add	56	24
"< Application, LEDU/oswego/cs/dl/util/concurrent/FJTaskRunner$VolatileTaskRef, newArray(I)[LEDU/oswego/cs/dl/util/concurrent/FJTaskRunner$VolatileTaskRef; >"	6	8	java_binary_add	9	7
"< Application, LEDU/oswego/cs/dl/util/concurrent/SynchronizedShort, add(S)S >"	3	6	java_binary_add	5	2
"< Application, LEDU/oswego/cs/dl/util/concurrent/FJTaskRunner, put(LEDU/oswego/cs/dl/util/concurrent/FJTask;)V >"	20	23	java_binary_and	19	22
"< Application, LEDU/oswego/cs/dl/util/concurrent/Semaphore, release(J)V >"	6	8	java_binary_add	7	2
"< Application, Lhedc/Messages, format(Ljava/lang/String;[Ljava/lang/Object;)Ljava/lang/String; >"	28	41	java_binary_add	29	15
"< Application, LEDU/oswego/cs/dl/util/concurrent/FJTaskRunner, checkOverflow()V >"	9	35	java_binary_sub	34	8
"< Application, LEDU/oswego/cs/dl/util/concurrent/FJTaskRunner, scan(LEDU/oswego/cs/dl/util/concurrent/FJTask;)V >"	48	47	java_binary_add	46	15
"< Application, LEDU/oswego/cs/dl/util/concurrent/CopyOnWriteArrayList, readObject(Ljava/io/ObjectInputStream;)V >"	8	13	java_binary_add	14	12
"< Application, LEDU/oswego/cs/dl/util/concurrent/SynchronizedShort, complement()S >"	3	6	java_binary_xor	4	5
"< Application, Lhedc/ethz/util/Generator, generateStream(Ljava/io/Reader;Ljava/io/OutputStream;Ljava/util/Hashtable;)J >"	19	33	java_binary_add	14	12
"< Application, Lhedc/ethz/util/SmartRef, extractPortNo_(Ljava/lang/String;)I >"	11	21	java_binary_add	12	8
"< Application, LEDU/oswego/cs/dl/util/concurrent/BoundedBuffer, incUsedSlots()V >"	1	5	java_binary_add	3	4
"< Application, LEDU/oswego/cs/dl/util/concurrent/Heap, extract()Ljava/lang/Object; >"	6	9	java_binary_sub	8	4
"< Application, LEDU/oswego/cs/dl/util/concurrent/FJTaskRunner, coInvoke(LEDU/oswego/cs/dl/util/concurrent/FJTask;LEDU/oswego/cs/dl/util/concurrent/FJTask;)V >"	17	23	java_binary_add	5	9
"< Application, LEDU/oswego/cs/dl/util/concurrent/Semaphore, attempt(J)Z >"	31	19	java_binary_sub	2	18
"< Application, LEDU/oswego/cs/dl/util/concurrent/Heap, right(I)I >"	0	6	java_binary_add	2	5
"< Application, Lhedc/ethz/util/Messages, format(Ljava/lang/String;Ljava/lang/Object;Ljava/lang/Object;Ljava/lang/Object;)Ljava/lang/String; >"	45	79	java_binary_add	74	19
"< Application, Lhedc/DateFormatter, format(Ljava/util/Date;Ljava/lang/StringBuffer;Ljava/text/FieldPosition;)Ljava/lang/StringBuffer; >"	98	103	java_binary_add	102	24
"< Application, LEDU/oswego/cs/dl/util/concurrent/SynchronizedChar, divide(C)C >"	3	6	java_binary_div	5	2
"< Application, LEDU/oswego/cs/dl/util/concurrent/CopyOnWriteArrayList, lastIndexOf(Ljava/lang/Object;I)I >"	16	13	java_binary_add	14	12
"< Application, Lhedc/regexp/Regexp, main([Ljava/lang/String;)V >"	80	141	java_binary_mul	139	140
"< Application, Lhedc/ethz/util/EtcUtil, getFileFromURI(Ljava/lang/String;)Ljava/lang/String; >"	2	10	java_binary_add	6	9
"< Application, LEDU/oswego/cs/dl/util/concurrent/CopyOnWriteArrayList, indexOf(Ljava/lang/Object;[Ljava/lang/Object;I)I >"	6	14	java_binary_add	15	10
"< Application, LEDU/oswego/cs/dl/util/concurrent/Semaphore, release()V >"	1	5	java_binary_add	3	4
"< Application, Lhedc/ethz/util/ObservableProperties, putValue(Ljava/lang/String;Ljava/lang/String;)Z >"	38	55	java_binary_or	58	54
"< Application, Lhedc/DateFormatter, parse(Ljava/lang/String;Ljava/text/ParsePosition;)Ljava/util/Date; >"	107	58	java_binary_add	60	24
"< Application, Lhedc/Messages, format(Ljava/lang/String;[Ljava/lang/Object;)Ljava/lang/String; >"	7	16	java_binary_add	9	15
"< Application, Lhedc/regexp/RegexpCompiler, compileAlternative(Lhedc/regexp/CompilerState;Lhedc/regexp/Regexp;)Lhedc/regexp/Regexp; >"	28	20	java_binary_sub	18	19
"< Application, Lhedc/ethz/util/Estimator, sample(DD)V >"	12	21	java_binary_div	19	20
"< Application, Lhedc/regexp/Alternatives, advance(Lhedc/regexp/State;)Lhedc/regexp/Regexp; >"	13	16	java_binary_add	17	15
"< Application, Lhedc/DateFormatter, parse(Ljava/lang/String;Ljava/text/ParsePosition;)Ljava/util/Date; >"	152	134	java_binary_add	123	133
"< Application, LEDU/oswego/cs/dl/util/concurrent/FIFOReadWriteLock$ReaderSync, release()V >"	1	5	java_binary_sub	3	4
"< Application, Lhedc/DateFormatter, parse(Ljava/lang/String;Ljava/text/ParsePosition;)Ljava/util/Date; >"	10	25	java_binary_sub	8	24
"< Application, LEDU/oswego/cs/dl/util/concurrent/ClockDaemon, nextTask()LEDU/oswego/cs/dl/util/concurrent/ClockDaemon$TaskNode; >"	13	25	java_binary_sub	15	13
"< Application, Lhedc/DateFormatter, format(Ljava/util/Date;Ljava/lang/StringBuffer;Ljava/text/FieldPosition;)Ljava/lang/StringBuffer; >"	161	182	java_binary_add	181	24
"< Application, LEDU/oswego/cs/dl/util/concurrent/CopyOnWriteArrayList, hashCode()I >"	5	12	java_binary_mul	11	18
"< Application, LEDU/oswego/cs/dl/util/concurrent/CopyOnWriteArrayList, addAll(ILjava/util/Collection;)Z >"	24	16	java_binary_add	2	9
"< Application, LEDU/oswego/cs/dl/util/concurrent/Heap, insert(Ljava/lang/Object;)V >"	17	23	java_binary_add	22	13
"< Application, LEDU/oswego/cs/dl/util/concurrent/ClockDaemon, executePeriodically(JLjava/lang/Runnable;Z)Ljava/lang/Object; >"	7	11	java_binary_add	10	2
"< Application, Lhedc/regexp/GroupReference, advance(Lhedc/regexp/State;)Lhedc/regexp/Regexp; >"	11	16	java_binary_add	24	15
"< Application, LEDU/oswego/cs/dl/util/concurrent/FJTaskRunnerGroup, setScanPriorities(I)V >"	10	13	java_binary_add	14	12
"< Application, Lhedc/regexp/CompilerState, ungetc()V >"	2	6	java_binary_sub	4	5
"< Application, LEDU/oswego/cs/dl/util/concurrent/FJTaskRunner, checkOverflow()V >"	42	14	java_binary_mul	12	13
"< Application, Lhedc/Messages, formatArray([Ljava/lang/Object;)Ljava/lang/String; >"	8	13	java_binary_sub	11	12
"< Application, LEDU/oswego/cs/dl/util/concurrent/CopyOnWriteArrayList, add(Ljava/lang/Object;)Z >"	2	7	java_binary_add	5	6
"< Application, LEDU/oswego/cs/dl/util/concurrent/QueuedSemaphore$WaitQueue$WaitNode, doTimedWait(LEDU/oswego/cs/dl/util/concurrent/QueuedSemaphore;J)Z >"	16	17	java_binary_sub	16	12
"< Application, LEDU/oswego/cs/dl/util/concurrent/FJTaskRunner, scan(LEDU/oswego/cs/dl/util/concurrent/FJTask;)V >"	20	22	java_binary_add	21	15
"< Application, Lhedc/ethz/util/Estimator, logDeviation_(DD)V >"	1	6	java_binary_div	5	3
"< Application, Lhedc/regexp/CharClass, charInClass(I)Z >"	1	6	java_binary_shr	2	5
"< Application, LEDU/oswego/cs/dl/util/concurrent/LayeredSync, attempt(J)Z >"	11	16	java_binary_sub	15	9
"< Application, Lhedc/DateFormatter, format(Ljava/util/Date;Ljava/lang/StringBuffer;Ljava/text/FieldPosition;)Ljava/lang/StringBuffer; >"	71	76	java_binary_add	75	24
"< Application, Lhedc/ethz/util/Ftp, nlst(Ljava/lang/String;)Ljava/util/Enumeration; >"	21	36	java_binary_and	35	20
"< Application, Lhedc/regexp/StringState, getGroupString(I)Ljava/lang/String; >"	7	12	java_binary_sub	11	8
"< Application, LEDU/oswego/cs/dl/util/concurrent/SynchronizedByte, multiply(B)B >"	3	6	java_binary_mul	5	2
"< Application, LEDU/oswego/cs/dl/util/concurrent/WaitFreeQueue, extract()Ljava/lang/Object; >"	40	23	java_binary_add	10	22
"< Application, LEDU/oswego/cs/dl/util/concurrent/FJTaskRunner, coInvoke(LEDU/oswego/cs/dl/util/concurrent/FJTask;LEDU/oswego/cs/dl/util/concurrent/FJTask;)V >"	22	28	java_binary_add	27	9
"< Application, LEDU/oswego/cs/dl/util/concurrent/FJTaskRunner, scan(LEDU/oswego/cs/dl/util/concurrent/FJTask;)V >"	58	54	java_binary_add	53	15
"< Application, Lhedc/PooledExecutorWithInvalidate, addThread(Lhedc/Task;)V >"	3	8	java_binary_add	6	7
"< Application, Lhedc/regexp/RegexpCompiler, compileAlternative(Lhedc/regexp/CompilerState;Lhedc/regexp/Regexp;)Lhedc/regexp/Regexp; >"	67	49	java_binary_sub	42	48
"< Application, Lhedc/Messages, format(Ljava/lang/String;[Ljava/lang/Object;)Ljava/lang/String; >"	40	55	java_binary_add	29	15
"< Application, LEDU/oswego/cs/dl/util/concurrent/CopyOnWriteArrayList$COWSubList$COWSubListIterator, <init>(LEDU/oswego/cs/dl/util/concurrent/CopyOnWriteArrayList$COWSubList;I)V >"	5	8	java_binary_add	3	7
"< Application, LEDU/oswego/cs/dl/util/concurrent/FJTaskRunner, push(LEDU/oswego/cs/dl/util/concurrent/FJTask;)V >"	13	18	java_binary_sub	17	8
"< Application, LEDU/oswego/cs/dl/util/concurrent/FIFOReadWriteLock$ReaderSync, tryRead(J)Z >"	10	13	java_binary_add	12	10
"< Application, LEDU/oswego/cs/dl/util/concurrent/FJTaskRunner, checkOverflow()V >"	53	21	java_binary_and	24	20
"< Application, Ljavax/servlet/http/HttpServlet, getAllDeclaredMethods(Ljava/lang/Class;)[Ljava/lang/reflect/Method; >"	15	24	java_binary_add	25	23
"< Application, LEDU/oswego/cs/dl/util/concurrent/Rendezvous, doRendezvous(Ljava/lang/Object;ZJ)Ljava/lang/Object; >"	42	29	java_binary_sub	28	15
"< Application, LEDU/oswego/cs/dl/util/concurrent/SynchronizedShort, xor(S)S >"	3	6	java_binary_xor	5	2
"< Application, LEDU/oswego/cs/dl/util/concurrent/BoundedBuffer, insert(Ljava/lang/Object;)V >"	1	6	java_binary_sub	4	5
"< Application, Lhedc/ethz/util/SmartRef, extractPortNo_(Ljava/lang/String;)I >"	7	14	java_binary_add	12	8
"< Application, LEDU/oswego/cs/dl/util/concurrent/SynchronizedInt, and(I)I >"	3	6	java_binary_and	5	2
"< Application, LEDU/oswego/cs/dl/util/concurrent/SynchronizedBoolean, and(Z)Z >"	3	6	java_binary_and	5	2
"< Application, LEDU/oswego/cs/dl/util/concurrent/BoundedLinkedQueue, extract()Ljava/lang/Object; >"	9	10	java_binary_add	8	9
"< Application, Lhedc/regexp/CharArrayState, getGroupString(I)Ljava/lang/String; >"	9	14	java_binary_sub	11	13
"< Application, Ljavax/servlet/http/HttpServlet, getAllDeclaredMethods(Ljava/lang/Class;)[Ljava/lang/reflect/Method; >"	24	32	java_binary_add	33	23
"< Application, Lhedc/regexp/Literal, advance(Lhedc/regexp/State;)Lhedc/regexp/Regexp; >"	27	16	java_binary_add	20	13
"< Application, LEDU/oswego/cs/dl/util/concurrent/CopyOnWriteArrayList, removeRange(II)V >"	9	8	java_binary_sub	6	3
"< Application, LEDU/oswego/cs/dl/util/concurrent/FJTaskRunner, checkOverflow()V >"	32	52	java_binary_sub	57	8
"< Application, Lhedc/regexp/CharClass, charInClass(I)Z >"	4	11	java_binary_shl	8	10
"< Application, Lhedc/ethz/util/HttpLogger, log(Ljavax/servlet/http/HttpServletRequest;Ljavax/servlet/http/HttpServletResponse;JIJ)V >"	9	34	java_binary_div	32	33
"< Application, LEDU/oswego/cs/dl/util/concurrent/CopyOnWriteArrayList, lastIndexOf(Ljava/lang/Object;I)I >"	7	16	java_binary_add	17	12
"< Application, Lhedc/regexp/State, getGroupEnd(I)I >"	3	8	java_binary_sub	6	7
"< Application, Lhedc/DateFormatter, hashCode()I >"	5	10	java_binary_xor	4	9
"< Application, Lhedc/regexp/RegexpCompiler, compileAlternative(Lhedc/regexp/CompilerState;Lhedc/regexp/Regexp;)Lhedc/regexp/Regexp; >"	114	123	java_binary_sub	122	19
"< Application, LEDU/oswego/cs/dl/util/concurrent/FJTaskRunner, checkOverflow()V >"	35	55	java_binary_sub	54	8
"< Application, Ljavax/servlet/http/HttpUtils, parseName(Ljava/lang/String;Ljava/lang/StringBuffer;)Ljava/lang/String; >"	28	39	java_binary_add	38	10
"< Application, LEDU/oswego/cs/dl/util/concurrent/FJTaskRunner, checkOverflow()V >"	63	28	java_binary_add	29	8
"< Application, LEDU/oswego/cs/dl/util/concurrent/FJTaskRunnerGroup, stats()V >"	76	121	java_binary_div	120	9
"< Application, LEDU/oswego/cs/dl/util/concurrent/BoundedBuffer, offer(Ljava/lang/Object;J)Z >"	32	22	java_binary_sub	3	21
"< Application, LEDU/oswego/cs/dl/util/concurrent/LinkedQueue, poll(J)Ljava/lang/Object; >"	16	18	java_binary_add	16	17
"< Application, LEDU/oswego/cs/dl/util/concurrent/ReentrantLock, release(J)V >"	10	11	java_binary_sub	10	2
"< Application, LEDU/oswego/cs/dl/util/concurrent/TimeDaemon, nextTask()LEDU/oswego/cs/dl/util/concurrent/TimeDaemon$TaskNode; >"	26	34	java_binary_add	14	33
"< Application, LEDU/oswego/cs/dl/util/concurrent/Semaphore, release(J)V >"	12	12	java_binary_add	13	11
"< Application, LEDU/oswego/cs/dl/util/concurrent/WaiterPreferenceSemaphore, attempt(J)Z >"	11	38	java_binary_sub	37	13
"< Application, Lhedc/ethz/util/RmiLogger, log(Ljava/lang/String;Ljava/util/Hashtable;Ljava/lang/String;Ljava/lang/String;Ljava/lang/String;Ljava/lang/Object;J)V >"	11	39	java_binary_add	34	38
"< Application, Lhedc/DateFormatter, parse(Ljava/lang/String;Ljava/text/ParsePosition;)Ljava/util/Date; >"	40	39	java_binary_sub	34	147
"< Application, LEDU/oswego/cs/dl/util/concurrent/CopyOnWriteArrayList, add(ILjava/lang/Object;)V >"	20	14	java_binary_add	2	8
"< Application, Lhedc/regexp/CharClass, toStringThis()Ljava/lang/String; >"	9	15	java_binary_add	36	14
"< Application, Lhedc/ethz/util/Generator, generateThroughBuffer(Ljava/io/Reader;Ljava/io/Writer;Ljava/util/Hashtable;)J >"	9	17	java_binary_add	18	16
"< Application, Lhedc/Messages, formatArray([I)Ljava/lang/String; >"	8	13	java_binary_sub	11	12
"< Application, LEDU/oswego/cs/dl/util/concurrent/PropertyChangeMulticaster, removePropertyChangeListener(Ljava/beans/PropertyChangeListener;)V >"	2	7	java_binary_sub	5	6
"< Application, Lhedc/ethz/util/EtcUtil, getFileFromURI(Ljava/lang/String;)Ljava/lang/String; >"	6	17	java_binary_add	13	16
"< Application, Lhedc/DateFormatter, format(Ljava/util/Date;Ljava/lang/StringBuffer;Ljava/text/FieldPosition;)Ljava/lang/StringBuffer; >"	105	112	java_binary_add	110	111
"< Application, Lhedc/regexp/Alternatives, toStringThis()Ljava/lang/String; >"	10	17	java_binary_sub	7	16
"< Application, LEDU/oswego/cs/dl/util/concurrent/FJTaskRunner, coInvoke([LEDU/oswego/cs/dl/util/concurrent/FJTask;)V >"	8	13	java_binary_sub	12	5
"< Application, Lhedc/PooledExecutorWithInvalidate, createThreads(I)I >"	17	14	java_binary_add	16	10
"< Application, LEDU/oswego/cs/dl/util/concurrent/VetoableChangeMulticaster, addVetoableChangeListenerIfAbsent(Ljava/beans/VetoableChangeListener;)V >"	18	17	java_binary_add	18	7
"< Application, LEDU/oswego/cs/dl/util/concurrent/PropertyChangeMulticaster, removePropertyChangeListener(Ljava/beans/PropertyChangeListener;)V >"	27	17	java_binary_add	18	6
"< Application, LEDU/oswego/cs/dl/util/concurrent/WriterPreferenceReadWriteLock, endRead()LEDU/oswego/cs/dl/util/concurrent/WriterPreferenceReadWriteLock$Signaller; >"	1	5	java_binary_sub	3	4
"< Application, LEDU/oswego/cs/dl/util/concurrent/SynchronizedShort, decrement()S >"	3	6	java_binary_sub	4	5
"< Application, Lhedc/ethz/util/EtcUtil, makeURLish(Ljava/lang/String;)Ljava/lang/String; >"	17	28	java_binary_add	29	27
"< Application, LEDU/oswego/cs/dl/util/concurrent/PropertyChangeMulticaster, removePropertyChangeListener(Ljava/beans/PropertyChangeListener;)V >"	20	27	java_binary_add	28	6
"< Application, Lhedc/SohoSynoptic, determineAttributes_(Ljava/util/Hashtable;Ljava/lang/String;)V >"	61	107	java_binary_add	105	7
"< Application, LEDU/oswego/cs/dl/util/concurrent/Latch, attempt(J)Z >"	23	17	java_binary_sub	2	16
"< Application, Lhedc/regexp/Regexp, searchBackward(Lhedc/regexp/State;)Lhedc/regexp/Result; >"	3	18	java_binary_sub	17	10
"< Application, Lhedc/ethz/util/Estimator, calcIndex(D)I >"	18	17	java_binary_mul	14	16
"< Application, Ljavax/servlet/ServletOutputStream, print(Ljava/lang/String;)V >"	18	16	java_binary_add	17	15
"< Application, LEDU/oswego/cs/dl/util/concurrent/ReentrantLock, acquire()V >"	10	16	java_binary_add	15	12
"< Application, LEDU/oswego/cs/dl/util/concurrent/ReentrantWriterPreferenceReadWriteLock, endRead()LEDU/oswego/cs/dl/util/concurrent/WriterPreferenceReadWriteLock$Signaller; >"	1	5	java_binary_sub	3	4
"< Application, Lhedc/regexp/State, getGroupLength(I)I >"	5	9	java_binary_sub	6	8
"< Application, LEDU/oswego/cs/dl/util/concurrent/CopyOnWriteArrayList$COWIterator, previousIndex()I >"	1	5	java_binary_sub	3	4
"< Application, Lhedc/ethz/util/HttpLogger, log(Ljavax/servlet/http/HttpServletRequest;Ljavax/servlet/http/HttpServletResponse;JIJ)V >"	11	38	java_binary_div	37	33
"< Application, LEDU/oswego/cs/dl/util/concurrent/FJTaskRunner, taskJoin(LEDU/oswego/cs/dl/util/concurrent/FJTask;)V >"	7	14	java_binary_add	12	13
"< Application, Lhedc/regexp/CharClass, advance(Lhedc/regexp/State;)Lhedc/regexp/Regexp; >"	5	12	java_binary_add	10	11
"< Application, LEDU/oswego/cs/dl/util/concurrent/FJTaskRunner, checkOverflow()V >"	19	44	java_binary_add	41	43
"< Application, Lhedc/regexp/RegexpCompiler, compileAlternative(Lhedc/regexp/CompilerState;Lhedc/regexp/Regexp;)Lhedc/regexp/Regexp; >"	81	51	java_binary_sub	42	48
"< Application, Lhedc/ethz/util/Ftp, nlst(Ljava/lang/String;)Ljava/util/Enumeration; >"	12	21	java_binary_and	19	20
"< Application, Lhedc/ethz/util/RmiLogger, log(Ljava/lang/String;Ljava/util/Hashtable;Ljava/lang/String;Ljava/lang/String;Ljava/lang/String;Ljava/lang/Object;J)V >"	8	34	java_binary_div	32	33
"< Application, LEDU/oswego/cs/dl/util/concurrent/ClockDaemon, executeAfterDelay(JLjava/lang/Runnable;)Ljava/lang/Object; >"	1	7	java_binary_add	6	2
"< Application, LEDU/oswego/cs/dl/util/concurrent/WaitFreeQueue, extract()Ljava/lang/Object; >"	35	28	java_binary_add	15	22
"< Application, LEDU/oswego/cs/dl/util/concurrent/CopyOnWriteArrayList, <init>(Ljava/util/Collection;)V >"	9	15	java_binary_add	18	14
"< Application, Lhedc/regexp/CharClass, merge(Lhedc/regexp/CharClass;Z)V >"	13	17	java_binary_add	18	16
"< Application, LEDU/oswego/cs/dl/util/concurrent/SynchronizedFloat, subtract(F)F >"	3	6	java_binary_sub	5	2
"< Application, LEDU/oswego/cs/dl/util/concurrent/FJTaskRunner, pop()LEDU/oswego/cs/dl/util/concurrent/FJTask; >"	1	5	java_binary_sub	3	4
"< Application, Lhedc/SohoSynoptic, createResults_()V >"	11	18	java_binary_add	16	17
"< Application, LEDU/oswego/cs/dl/util/concurrent/FJTaskRunnerGroup, stats()V >"	4	9	java_binary_div	7	8
"< Application, Lhedc/DateFormatter, format(Ljava/util/Date;Ljava/lang/StringBuffer;Ljava/text/FieldPosition;)Ljava/lang/StringBuffer; >"	32	25	java_binary_add	29	24
"< Application, Lhedc/ethz/util/Generator, generate(Ljava/io/Writer;Ljava/util/Hashtable;[C)J >"	16	17	java_binary_add	21	16
"< Application, Lhedc/ethz/util/Ftp, nlst(Ljava/lang/String;)Ljava/util/Enumeration; >"	27	46	java_binary_and	45	20
"< Application, Lhedc/regexp/Alternatives, toStringThis()Ljava/lang/String; >"	13	21	java_binary_add	22	16
"< Application, LEDU/oswego/cs/dl/util/concurrent/FJTaskRunner, coInvoke([LEDU/oswego/cs/dl/util/concurrent/FJTask;)V >"	21	24	java_binary_and	29	23
"< Application, Lhedc/ethz/util/Generator, generateThroughBuffer(Ljava/io/Reader;Ljava/io/Writer;Ljava/util/Hashtable;)J >"	36	56	java_binary_add	55	26
"< Application, LEDU/oswego/cs/dl/util/concurrent/WriterPreferenceReadWriteLock, cancelledWaitingReader()V >"	1	5	java_binary_sub	3	4
"< Application, LEDU/oswego/cs/dl/util/concurrent/FJTaskRunner, scanWhileIdling()V >"	72	73	java_binary_add	72	15
"< Application, LEDU/oswego/cs/dl/util/concurrent/CopyOnWriteArrayList, remove(Ljava/lang/Object;)Z >"	4	8	java_binary_sub	5	7
"< Application, LEDU/oswego/cs/dl/util/concurrent/FJTaskRunner, push(LEDU/oswego/cs/dl/util/concurrent/FJTask;)V >"	5	10	java_binary_and	5	9
"< Application, LEDU/oswego/cs/dl/util/concurrent/CopyOnWriteArrayList, retainAll(Ljava/util/Collection;)Z >"	10	12	java_binary_add	15	11
"< Application, LEDU/oswego/cs/dl/util/concurrent/CyclicBarrier, doBarrier(ZJ)I >"	64	30	java_binary_sub	29	17
"< Application, LEDU/oswego/cs/dl/util/concurrent/SynchronizedByte, xor(B)B >"	3	6	java_binary_xor	5	2
"< Application, Lhedc/regexp/CharClass, charInClass(I)Z >"	5	12	java_binary_and	7	11
"< Application, Lhedc/ethz/util/Generator, generateThroughBuffer(Ljava/io/Reader;Ljava/io/Writer;Ljava/util/Hashtable;)J >"	34	55	java_binary_add	64	26
"< Application, LEDU/oswego/cs/dl/util/concurrent/Heap, parent(I)I >"	0	5	java_binary_sub	2	4
"< Application, Lhedc/Messages, formatArray([I)Ljava/lang/String; >"	17	26	java_binary_add	27	12
"< Application, Lhedc/regexp/State, getGroupStart(I)I >"	3	8	java_binary_sub	6	7
"< Application, LEDU/oswego/cs/dl/util/concurrent/FJTaskRunner, take()LEDU/oswego/cs/dl/util/concurrent/FJTask; >"	1	5	java_binary_add	3	4
"< Application, Lhedc/ethz/util/ObservableProperties, registerObserver(Lhedc/ethz/util/PropertyMonitoring;)V >"	19	20	java_binary_mul	18	19
"< Application, LEDU/oswego/cs/dl/util/concurrent/FJTaskRunnerGroup, signalNewTask()V >"	1	5	java_binary_add	3	4
"< Application, LEDU/oswego/cs/dl/util/concurrent/FJTaskRunner, coInvoke([LEDU/oswego/cs/dl/util/concurrent/FJTask;)V >"	26	28	java_binary_add	30	5
"< Application, Lhedc/ethz/util/Estimator, main([Ljava/lang/String;)V >"	39	54	java_binary_add	55	24
"< Application, LEDU/oswego/cs/dl/util/concurrent/SynchronizedInt, xor(I)I >"	3	6	java_binary_xor	5	2
"< Application, Lhedc/DateFormatter, format(Ljava/util/Date;Ljava/lang/StringBuffer;Ljava/text/FieldPosition;)Ljava/lang/StringBuffer; >"	96	101	java_binary_add	100	48
"< Application, Lhedc/ethz/util/Generator, generate(Ljava/io/Writer;Ljava/util/Hashtable;[C)J >"	8	43	java_binary_add	51	16
"< Application, LEDU/oswego/cs/dl/util/concurrent/WaiterPreferenceSemaphore, acquire()V >"	23	21	java_binary_sub	20	10
"< Application, LEDU/oswego/cs/dl/util/concurrent/Heap, left(I)I >"	1	7	java_binary_add	5	6
"< Application, LEDU/oswego/cs/dl/util/concurrent/CopyOnWriteArrayList, addIfAbsent(Ljava/lang/Object;)Z >"	18	19	java_binary_add	20	6
"< Application, Lhedc/ethz/util/Generator, generate(Ljava/io/Writer;Ljava/util/Hashtable;[C)J >"	37	37	java_binary_add	41	16
"< Application, LEDU/oswego/cs/dl/util/concurrent/BoundedBuffer, poll(J)Ljava/lang/Object; >"	24	18	java_binary_sub	17	12
"< Application, Lhedc/ethz/util/Estimator, calcIndex(D)I >"	4	23	java_binary_sub	21	22
"< Application, LEDU/oswego/cs/dl/util/concurrent/FJTaskRunner, push(LEDU/oswego/cs/dl/util/concurrent/FJTask;)V >"	17	22	java_binary_add	4	8
"< Application, LEDU/oswego/cs/dl/util/concurrent/CopyOnWriteArrayList$COWSubList, add(ILjava/lang/Object;)V >"	17	17	java_binary_add	15	16
"< Application, LEDU/oswego/cs/dl/util/concurrent/LinkedQueue, take()Ljava/lang/Object; >"	25	20	java_binary_sub	19	11
"< Application, LEDU/oswego/cs/dl/util/concurrent/WriterPreferenceReadWriteLock, startReadFromNewReader()Z >"	3	8	java_binary_add	6	7
"< Application, Lhedc/regexp/CompilerState, nextChar()I >"	5	9	java_binary_add	8	5
"< Application, LEDU/oswego/cs/dl/util/concurrent/FJTaskRunnerGroup, setRunPriorities(I)V >"	10	13	java_binary_add	14	12
"< Application, LEDU/oswego/cs/dl/util/concurrent/SynchronizedShort, or(S)S >"	3	6	java_binary_or	5	2
"< Application, Ljavax/servlet/http/HttpUtils, parseQueryString(Ljava/lang/String;)Ljava/util/Hashtable; >"	19	25	java_binary_add	18	24
"< Application, LEDU/oswego/cs/dl/util/concurrent/Heap, right(I)I >"	1	7	java_binary_mul	4	6
"< Application, LEDU/oswego/cs/dl/util/concurrent/PooledExecutor, createThreads(I)I >"	7	11	java_binary_add	15	10
"< Application, LEDU/oswego/cs/dl/util/concurrent/WaiterPreferenceSemaphore, acquire()V >"	32	18	java_binary_sub	17	10
"< Application, LEDU/oswego/cs/dl/util/concurrent/FJTaskRunner, confirmPop(I)LEDU/oswego/cs/dl/util/concurrent/FJTask; >"	5	11	java_binary_sub	9	10
"< Application, Lhedc/ethz/util/Generator, generateThroughBuffer(Ljava/io/Reader;Ljava/io/Writer;Ljava/util/Hashtable;)J >"	45	47	java_binary_add	51	26
"< Application, LEDU/oswego/cs/dl/util/concurrent/FJTaskRunner, scan(LEDU/oswego/cs/dl/util/concurrent/FJTask;)V >"	9	16	java_binary_add	35	15
"< Application, LEDU/oswego/cs/dl/util/concurrent/WriterPreferenceReadWriteLock, startRead()Z >"	3	8	java_binary_add	6	7
"< Application, LEDU/oswego/cs/dl/util/concurrent/CopyOnWriteArrayList, removeAll(Ljava/util/Collection;)Z >"	10	12	java_binary_add	15	11
"< Application, LEDU/oswego/cs/dl/util/concurrent/CopyOnWriteArrayList$COWSubList, get(I)Ljava/lang/Object; >"	6	9	java_binary_add	2	8
"< Application, LEDU/oswego/cs/dl/util/concurrent/FutureResult, timedGet(J)Ljava/lang/Object; >"	22	17	java_binary_sub	2	16
"< Application, LEDU/oswego/cs/dl/util/concurrent/VetoableChangeMulticaster, addVetoableChangeListener(Ljava/beans/VetoableChangeListener;)V >"	6	8	java_binary_add	6	7
"< Application, Lhedc/regexp/Literal, <clinit>()V >"	15	16	java_binary_add	17	7
"< Application, Lhedc/regexp/Regexp, searchBackward(Lhedc/regexp/State;)Lhedc/regexp/Result; >"	18	11	java_binary_sub	9	10
"< Application, Lhedc/ethz/util/SmartRef, getFilename()Ljava/lang/String; >"	4	11	java_binary_add	7	10
"< Application, LEDU/oswego/cs/dl/util/concurrent/Rendezvous, doRendezvous(Ljava/lang/Object;ZJ)Ljava/lang/Object; >"	43	30	java_binary_sub	4	29
"< Application, LEDU/oswego/cs/dl/util/concurrent/QueuedSemaphore, getSignallee()LEDU/oswego/cs/dl/util/concurrent/QueuedSemaphore$WaitQueue$WaitNode; >"	4	9	java_binary_add	7	8
"< Application, LEDU/oswego/cs/dl/util/concurrent/CopyOnWriteArrayList, toString()Ljava/lang/String; >"	5	13	java_binary_sub	11	12
"< Application, Ljavax/servlet/http/HttpServlet, doOptions(Ljavax/servlet/http/HttpServletRequest;Ljavax/servlet/http/HttpServletResponse;)V >"	20	38	java_binary_add	44	10
"< Application, Lhedc/RandomDate, main([Ljava/lang/String;)V >"	7	14	java_binary_add	15	13
"< Application, LEDU/oswego/cs/dl/util/concurrent/FJTaskRunner, put(LEDU/oswego/cs/dl/util/concurrent/FJTask;)V >"	24	26	java_binary_add	23	25
"< Application, Ljavax/servlet/http/HttpUtils, parseName(Ljava/lang/String;Ljava/lang/StringBuffer;)Ljava/lang/String; >"	7	13	java_binary_add	41	12
"< Application, LEDU/oswego/cs/dl/util/concurrent/CopyOnWriteArrayList, lastIndexOf(Ljava/lang/Object;[Ljava/lang/Object;I)I >"	1	15	java_binary_sub	3	6
"< Application, Lhedc/regexp/CompilerState, currentChar()I >"	5	8	java_binary_sub	6	7
"< Application, Lhedc/regexp/Literal, <clinit>()V >"	7	8	java_binary_add	9	7
"< Application, Ljavax/servlet/http/Cookie, isToken(Ljava/lang/String;)Z >"	8	16	java_binary_add	17	15
"< Application, Lhedc/regexp/CharClass, toStringThis()Ljava/lang/String; >"	26	33	java_binary_sub	19	14
"< Application, LEDU/oswego/cs/dl/util/concurrent/TimeDaemon, nextTask()LEDU/oswego/cs/dl/util/concurrent/TimeDaemon$TaskNode; >"	12	23	java_binary_sub	16	14
"< Application, LEDU/oswego/cs/dl/util/concurrent/SynchronizedLong, hashCode()I >"	2	7	java_binary_xor	4	6
"< Application, Lhedc/regexp/State, charsLeft()I >"	2	5	java_binary_sub	3	4
"< Application, LEDU/oswego/cs/dl/util/concurrent/WaiterPreferenceSemaphore, acquire()V >"	11	25	java_binary_sub	24	10
"< Application, Lhedc/regexp/Multi, advance(Lhedc/regexp/State;)Lhedc/regexp/Regexp; >"	7	14	java_binary_add	15	13
"< Application, LEDU/oswego/cs/dl/util/concurrent/ReentrantLock, attempt(J)Z >"	10	32	java_binary_add	31	27
"< Application, Lhedc/ethz/util/Messages, format(Ljava/lang/String;Ljava/lang/Object;)Ljava/lang/String; >"	19	33	java_binary_add	28	17
"< Application, LEDU/oswego/cs/dl/util/concurrent/CopyOnWriteArrayList, addAll(ILjava/util/Collection;)Z >"	21	14	java_binary_sub	6	2
"< Application, LEDU/oswego/cs/dl/util/concurrent/CopyOnWriteArrayList, addAll(Ljava/util/Collection;)Z >"	15	19	java_binary_add	21	15
"< Application, Lhedc/regexp/CharClass, toStringThis()Ljava/lang/String; >"	23	28	java_binary_sub	19	14
"< Application, Lhedc/ethz/util/Messages, format(Ljava/lang/String;Ljava/lang/Object;Ljava/lang/Object;Ljava/lang/Object;Ljava/lang/Object;)Ljava/lang/String; >"	21	41	java_binary_add	32	20
"< Application, LEDU/oswego/cs/dl/util/concurrent/PooledExecutor, workerDone(LEDU/oswego/cs/dl/util/concurrent/PooledExecutor$Worker;)V >"	3	7	java_binary_sub	5	6
"< Application, LEDU/oswego/cs/dl/util/concurrent/FJTaskRunner, scan(LEDU/oswego/cs/dl/util/concurrent/FJTask;)V >"	37	32	java_binary_add	36	15
"< Application, LEDU/oswego/cs/dl/util/concurrent/FJTaskRunnerGroup, initializeThreads()V >"	8	10	java_binary_add	11	9
"< Application, LEDU/oswego/cs/dl/util/concurrent/SynchronizedByte, increment()B >"	3	6	java_binary_add	4	5
"< Application, LEDU/oswego/cs/dl/util/concurrent/SynchronizedFloat, divide(F)F >"	3	6	java_binary_div	5	2
"< Application, Lhedc/regexp/CharClass, process(Ljava/lang/String;)V >"	8	14	java_binary_add	13	4
"< Application, LEDU/oswego/cs/dl/util/concurrent/BoundedLinkedQueue, size()I >"	4	7	java_binary_sub	3	6
"< Application, Ljavax/servlet/jsp/tagext/TagLibraryInfo, getTag(Ljava/lang/String;)Ljavax/servlet/jsp/tagext/TagInfo; >"	14	16	java_binary_add	17	15
"< Application, LEDU/oswego/cs/dl/util/concurrent/FJTaskRunner, checkOverflow()V >"	2	5	java_binary_sub	3	4
"< Application, LEDU/oswego/cs/dl/util/concurrent/FJTaskRunner, checkOverflow()V >"	14	40	java_binary_sub	39	8
"< Application, Ljavax/servlet/http/HttpUtils, parseName(Ljava/lang/String;Ljava/lang/StringBuffer;)Ljava/lang/String; >"	23	34	java_binary_add	41	10
"< Application, LEDU/oswego/cs/dl/util/concurrent/FJTaskRunnerGroup, interruptAll()V >"	11	13	java_binary_add	15	10
"< Application, Lhedc/ethz/util/Generator, generateThroughBuffer(Ljava/lang/String;Ljava/io/Writer;Ljava/util/Hashtable;)J >"	28	48	java_binary_add	57	18
"< Application, Lhedc/SohoSynoptic, runImpl()V >"	39	53	java_binary_add	52	51
"< Application, LEDU/oswego/cs/dl/util/concurrent/VetoableChangeMulticaster, removeVetoableChangeListener(Ljava/beans/VetoableChangeListener;)V >"	16	24	java_binary_sub	28	6
"< Application, LEDU/oswego/cs/dl/util/concurrent/VetoableChangeMulticaster, writeObject(Ljava/io/ObjectOutputStream;)V >"	14	17	java_binary_add	18	16
"< Application, Lhedc/Rag, createResults_()V >"	17	29	java_binary_sub	28	51
"< Application, Lhedc/ethz/util/EtcUtil, getPortFromURI(Ljava/lang/String;)I >"	9	19	java_binary_add	16	18
"< Application, Ljavax/servlet/jsp/tagext/TagData, <init>([[Ljava/lang/Object;)V >"	13	19	java_binary_add	20	15
"< Application, LEDU/oswego/cs/dl/util/concurrent/FJTaskRunnerGroup, stats()V >"	2	6	java_binary_sub	4	5
"< Application, Lhedc/regexp/Literal, appendChar(I)V >"	15	20	java_binary_add	18	19
"< Application, LEDU/oswego/cs/dl/util/concurrent/Rendezvous, doRendezvous(Ljava/lang/Object;ZJ)Ljava/lang/Object; >"	108	67	java_binary_add	68	18
"< Application, LEDU/oswego/cs/dl/util/concurrent/FJTaskRunner, coInvoke(LEDU/oswego/cs/dl/util/concurrent/FJTask;LEDU/oswego/cs/dl/util/concurrent/FJTask;)V >"	33	39	java_binary_add	38	9
"< Application, LEDU/oswego/cs/dl/util/concurrent/WaiterPreferenceSemaphore, attempt(J)Z >"	20	14	java_binary_add	12	13
"< Application, LEDU/oswego/cs/dl/util/concurrent/SynchronizedInt, add(I)I >"	3	6	java_binary_add	5	2
"< Application, LEDU/oswego/cs/dl/util/concurrent/CopyOnWriteArrayList, remove(Ljava/lang/Object;)Z >"	23	31	java_binary_add	32	7
"< Application, LEDU/oswego/cs/dl/util/concurrent/CopyOnWriteArrayList, lastIndexOf(Ljava/lang/Object;[Ljava/lang/Object;I)I >"	17	13	java_binary_add	14	12
"< Application, LEDU/oswego/cs/dl/util/concurrent/FJTaskRunner, coInvoke([LEDU/oswego/cs/dl/util/concurrent/FJTask;)V >"	17	20	java_binary_add	29	5
"< Application, LEDU/oswego/cs/dl/util/concurrent/CopyOnWriteArrayList, writeObject(Ljava/io/ObjectOutputStream;)V >"	9	14	java_binary_add	15	13
"< Application, LEDU/oswego/cs/dl/util/concurrent/Mutex, attempt(J)Z >"	25	17	java_binary_sub	2	16
"< Application, LEDU/oswego/cs/dl/util/concurrent/PropertyChangeMulticaster, removePropertyChangeListener(Ljava/beans/PropertyChangeListener;)V >"	13	23	java_binary_add	18	6
"< Application, Lhedc/DateFormatter, parse(Ljava/lang/String;Ljava/text/ParsePosition;)Ljava/util/Date; >"	125	113	java_binary_add	112	39
"< Application, Lhedc/SohoSynoptic, determineAttributes_(Ljava/util/Hashtable;Ljava/lang/String;)V >"	36	62	java_binary_add	49	7
"< Application, LEDU/oswego/cs/dl/util/concurrent/Semaphore, attempt(J)Z >"	30	18	java_binary_sub	17	12
"< Application, Lhedc/DateFormatter, format(Ljava/util/Date;Ljava/lang/StringBuffer;Ljava/text/FieldPosition;)Ljava/lang/StringBuffer; >"	38	30	java_binary_sub	25	186
"< Application, LEDU/oswego/cs/dl/util/concurrent/WaiterPreferenceSemaphore, attempt(J)Z >"	38	23	java_binary_sub	2	22
"< Application, Lhedc/DateFormatter, equals(Ljava/lang/Object;Ljava/lang/Object;)Z >"	21	16	java_binary_add	21	15
"< Application, LEDU/oswego/cs/dl/util/concurrent/CopyOnWriteArrayList, addAll(ILjava/util/Collection;)Z >"	17	10	java_binary_add	6	9
"< Application, LEDU/oswego/cs/dl/util/concurrent/Rendezvous, doRendezvous(Ljava/lang/Object;ZJ)Ljava/lang/Object; >"	98	62	java_binary_sub	61	25
"< Application, LEDU/oswego/cs/dl/util/concurrent/SynchronizedByte, or(B)B >"	3	6	java_binary_or	5	2
"< Application, LEDU/oswego/cs/dl/util/concurrent/ReentrantLock, attempt(J)Z >"	30	30	java_binary_add	29	27
"< Application, Lhedc/ethz/util/SmartRef, extractPortNo_(Ljava/lang/String;)I >"	3	9	java_binary_add	7	8
"< Application, LEDU/oswego/cs/dl/util/concurrent/FJTaskRunnerGroup, setActive(LEDU/oswego/cs/dl/util/concurrent/FJTaskRunner;)V >"	4	8	java_binary_add	7	6
"< Application, Lhedc/ethz/util/Generator, generate(Ljava/io/Writer;Ljava/util/Hashtable;[C)J >"	43	50	java_binary_add	48	16
"< Application, LEDU/oswego/cs/dl/util/concurrent/FJTaskRunner, put(LEDU/oswego/cs/dl/util/concurrent/FJTask;)V >"	1	6	java_binary_sub	4	5
"< Application, Lhedc/ethz/util/EtcUtil, getHostNameFromURI(Ljava/lang/String;)Ljava/lang/String; >"	13	22	java_binary_add	6	10
"< Application, LEDU/oswego/cs/dl/util/concurrent/Rendezvous$Rotator, rendezvousFunction([Ljava/lang/Object;)V >"	5	9	java_binary_add	12	5
"< Application, LEDU/oswego/cs/dl/util/concurrent/Mutex, attempt(J)Z >"	24	16	java_binary_sub	15	11
"< Application, Lhedc/regexp/Literal, advance(Lhedc/regexp/State;)Lhedc/regexp/Regexp; >"	25	14	java_binary_add	21	13
"< Application, LEDU/oswego/cs/dl/util/concurrent/Heap, parent(I)I >"	1	7	java_binary_div	5	6
"< Application, LEDU/oswego/cs/dl/util/concurrent/PropertyChangeMulticaster, addPropertyChangeListenerIfAbsent(Ljava/beans/PropertyChangeListener;)V >"	18	17	java_binary_add	18	7
"< Application, LEDU/oswego/cs/dl/util/concurrent/FJTaskRunner, coInvoke([LEDU/oswego/cs/dl/util/concurrent/FJTask;)V >"	1	6	java_binary_sub	4	5
"< Application, Lhedc/regexp/GroupReference, toStringThis()Ljava/lang/String; >"	5	11	java_binary_add	9	10
"< Application, LEDU/oswego/cs/dl/util/concurrent/FIFOReadWriteLock$ReaderSync, attempt(J)Z >"	14	17	java_binary_sub	2	16
"< Application, LEDU/oswego/cs/dl/util/concurrent/CopyOnWriteArrayList, removeRange(II)V >"	10	9	java_binary_sub	3	2
"< Application, LEDU/oswego/cs/dl/util/concurrent/FIFOReadWriteLock$ReaderSync, incReaders()V >"	6	10	java_binary_add	8	9
"< Application, LEDU/oswego/cs/dl/util/concurrent/SynchronizedLong, xor(J)J >"	3	6	java_binary_xor	5	2
"< Application, LEDU/oswego/cs/dl/util/concurrent/BoundedLinkedQueue, poll(J)Ljava/lang/Object; >"	25	23	java_binary_sub	22	15
"< Application, LEDU/oswego/cs/dl/util/concurrent/VetoableChangeMulticaster, removeVetoableChangeListener(Ljava/beans/VetoableChangeListener;)V >"	20	27	java_binary_add	28	6
"< Application, LEDU/oswego/cs/dl/util/concurrent/SynchronizedInt, or(I)I >"	3	6	java_binary_or	5	2
"< Application, Lhedc/DateFormatter, parse(Ljava/lang/String;Ljava/text/ParsePosition;)Ljava/util/Date; >"	19	32	java_binary_add	144	24
"< Application, LEDU/oswego/cs/dl/util/concurrent/FJTaskRunner, coInvoke(LEDU/oswego/cs/dl/util/concurrent/FJTask;LEDU/oswego/cs/dl/util/concurrent/FJTask;)V >"	13	19	java_binary_sub	18	9
"< Application, LEDU/oswego/cs/dl/util/concurrent/SynchronizedInt, multiply(I)I >"	3	6	java_binary_mul	5	2
"< Application, Lhedc/regexp/Alternatives, firstCharacter()I >"	13	16	java_binary_add	18	15
"< Application, LEDU/oswego/cs/dl/util/concurrent/PropertyChangeMulticaster, addPropertyChangeListenerIfAbsent(Ljava/beans/PropertyChangeListener;)V >"	6	8	java_binary_add	6	7
"< Application, Lhedc/regexp/CharArrayState, indexOf(II)I >"	7	9	java_binary_add	10	8
"< Application, Ljavax/servlet/ServletOutputStream, print(Ljava/lang/String;)V >"	5	13	java_binary_and	11	12
"< Application, Lhedc/ethz/util/Generator, openTemplateFile_(Ljava/lang/String;)[C >"	20	29	java_binary_sub	28	37
"< Application, Lhedc/DateFormatter, parse(Ljava/lang/String;Ljava/text/ParsePosition;)Ljava/util/Date; >"	144	128	java_binary_add	129	24
"< Application, Lhedc/regexp/CharClass, merge(Lhedc/regexp/CharClass;Z)V >"	7	11	java_binary_xor	9	10
"< Application, Lhedc/ethz/util/RmiLogger, log(Ljava/lang/String;Ljava/util/Hashtable;Ljava/lang/String;Ljava/lang/String;Ljava/lang/String;Ljava/lang/Object;J)V >"	10	38	java_binary_div	37	33
"< Application, LEDU/oswego/cs/dl/util/concurrent/SynchronizedByte, complement()B >"	3	6	java_binary_xor	4	5
"< Application, Ljavax/servlet/http/HttpUtils, parseQueryString(Ljava/lang/String;)Ljava/util/Hashtable; >"	28	38	java_binary_add	37	24
"< Application, Lhedc/regexp/State, ensureGroup(I)V >"	5	9	java_binary_add	2	8
"< Application, LEDU/oswego/cs/dl/util/concurrent/CountDown, release()V >"	1	5	java_binary_sub	3	4
"< Application, LEDU/oswego/cs/dl/util/concurrent/FJTaskRunner, scanWhileIdling()V >"	17	20	java_binary_add	19	15
"< Application, LEDU/oswego/cs/dl/util/concurrent/CyclicBarrier, restart()V >"	2	6	java_binary_add	4	5
"< Application, LEDU/oswego/cs/dl/util/concurrent/CopyOnWriteArrayList, remove(I)Ljava/lang/Object; >"	5	10	java_binary_sub	5	9
"< Application, Lhedc/ethz/util/Estimator, main([Ljava/lang/String;)V >"	26	37	java_binary_add	40	27
"< Application, Lhedc/MetaSearchImpl, search(Ljava/util/Hashtable;Lhedc/MetaSearchRequest;)Ljava/util/List; >"	6	21	java_binary_mul	18	20
"< Application, LEDU/oswego/cs/dl/util/concurrent/FJTaskRunner, put(LEDU/oswego/cs/dl/util/concurrent/FJTask;)V >"	19	22	java_binary_sub	21	5
"< Application, LEDU/oswego/cs/dl/util/concurrent/FJTaskRunner, pop()LEDU/oswego/cs/dl/util/concurrent/FJTask; >"	10	14	java_binary_and	5	13
"< Application, LEDU/oswego/cs/dl/util/concurrent/FJTaskRunner, push(LEDU/oswego/cs/dl/util/concurrent/FJTask;)V >"	14	19	java_binary_and	4	18
"< Application, Lhedc/ethz/util/ObservableProperties, putValue(Ljava/lang/String;Ljava/lang/String;)Z >"	40	57	java_binary_add	59	29
"< Application, Lhedc/ethz/util/Generator, openTemplateFile_(Ljava/lang/String;)[C >"	25	36	java_binary_add	37	31
"< Application, Lhedc/ethz/util/HttpLogger, log(Ljavax/servlet/http/HttpServletRequest;Ljavax/servlet/http/HttpServletResponse;JIJ)V >"	12	39	java_binary_add	34	38
"< Application, LEDU/oswego/cs/dl/util/concurrent/FJTaskRunner, coInvoke([LEDU/oswego/cs/dl/util/concurrent/FJTask;)V >"	20	23	java_binary_sub	22	5
"< Application, Lhedc/regexp/CharClass, process(Ljava/lang/String;)V >"	11	17	java_binary_add	14	4
"< Application, LEDU/oswego/cs/dl/util/concurrent/FJTaskRunner, coInvoke([LEDU/oswego/cs/dl/util/concurrent/FJTask;)V >"	47	47	java_binary_add	46	5
"< Application, Lhedc/ethz/util/Messages, format(Ljava/lang/String;Ljava/lang/Object;Ljava/lang/Object;Ljava/lang/Object;Ljava/lang/Object;)Ljava/lang/String; >"	47	83	java_binary_add	74	20
"< Application, LEDU/oswego/cs/dl/util/concurrent/FIFOReadWriteLock$ReaderSync, attempt(J)Z >"	13	16	java_binary_sub	15	9
"< Application, Lhedc/regexp/CharClass, addChar(I)V >"	1	6	java_binary_shr	2	5
"< Application, LEDU/oswego/cs/dl/util/concurrent/FJTaskRunner, slowCoInvoke([LEDU/oswego/cs/dl/util/concurrent/FJTask;)V >"	12	14	java_binary_add	15	8
"< Application, LEDU/oswego/cs/dl/util/concurrent/WriterPreferenceReadWriteLock, startWriteFromNewWriter()Z >"	3	8	java_binary_add	6	7
"< Application, LEDU/oswego/cs/dl/util/concurrent/WaiterPreferenceSemaphore, release(J)V >"	1	5	java_binary_add	4	2
"< Application, Lhedc/ethz/util/Messages, format(Ljava/lang/String;Ljava/lang/Object;)Ljava/lang/String; >"	8	18	java_binary_add	7	17
"< Application, LEDU/oswego/cs/dl/util/concurrent/FJTaskRunner, checkOverflow()V >"	15	41	java_binary_and	37	40
"< Application, Lhedc/ethz/util/Generator, generate(Ljava/io/Writer;Ljava/util/Hashtable;[C)J >"	28	46	java_binary_add	45	16
"< Application, LEDU/oswego/cs/dl/util/concurrent/FJTaskRunner, coInvoke(LEDU/oswego/cs/dl/util/concurrent/FJTask;LEDU/oswego/cs/dl/util/concurrent/FJTask;)V >"	4	10	java_binary_sub	8	9
"< Application, Lhedc/Tester, run()V >"	7	13	java_binary_mul	10	12
"< Application, Lhedc/TaskFactory, makeTasks(Ljava/util/Hashtable;Ljava/util/Date;Lhedc/MetaSearchRequest;)Ljava/util/List; >"	18	26	java_binary_add	27	25
"< Application, Ljavax/servlet/http/HttpUtils, parsePostData(ILjavax/servlet/ServletInputStream;)Ljava/util/Hashtable; >"	19	11	java_binary_sub	1	10
"< Application, LEDU/oswego/cs/dl/util/concurrent/CopyOnWriteArrayList, addIfAbsent(Ljava/lang/Object;)Z >"	2	7	java_binary_add	5	6
"< Application, Lhedc/regexp/ContextMatch, advance(Lhedc/regexp/State;)Lhedc/regexp/Regexp; >"	9	30	java_binary_sub	4	11
"< Application, Lhedc/regexp/Regexp, backup(Lhedc/regexp/State;)V >"	1	6	java_binary_sub	4	5
"< Application, Lhedc/DateFormatter, format(Ljava/util/Date;Ljava/lang/StringBuffer;Ljava/text/FieldPosition;)Ljava/lang/StringBuffer; >"	106	114	java_binary_rem	112	113
"< Application, LEDU/oswego/cs/dl/util/concurrent/CopyOnWriteArrayList, indexOf(Ljava/lang/Object;[Ljava/lang/Object;I)I >"	15	11	java_binary_add	12	10
"< Application, LEDU/oswego/cs/dl/util/concurrent/FJTaskRunner, scan(LEDU/oswego/cs/dl/util/concurrent/FJTask;)V >"	25	38	java_binary_add	37	15
"< Application, Lhedc/ethz/util/Estimator, sample(DD)V >"	11	19	java_binary_add	18	3
"< Application, LEDU/oswego/cs/dl/util/concurrent/FJTaskRunner, checkOverflow()V >"	39	10	java_binary_sub	3	4
"< Application, LEDU/oswego/cs/dl/util/concurrent/BoundedLinkedQueue, setCapacity(I)V >"	7	8	java_binary_add	5	7
"< Application, Lhedc/Tester, run()V >"	59	101	java_binary_sub	100	3
"< Application, LEDU/oswego/cs/dl/util/concurrent/SynchronizedLong, or(J)J >"	3	6	java_binary_or	5	2
"< Application, LEDU/oswego/cs/dl/util/concurrent/LinkedQueue, take()Ljava/lang/Object; >"	16	24	java_binary_sub	23	11
"< Application, LEDU/oswego/cs/dl/util/concurrent/FJTaskRunner, checkOverflow()V >"	51	19	java_binary_add	24	8
"< Application, LEDU/oswego/cs/dl/util/concurrent/SynchronizedShort, divide(S)S >"	3	6	java_binary_div	5	2
"< Application, Lhedc/ethz/util/Generator, generateThroughBuffer(Ljava/lang/String;Ljava/io/Writer;Ljava/util/Hashtable;)J >"	42	43	java_binary_add	45	18
"< Application, Lhedc/ethz/util/Generator, generateThroughBuffer(Ljava/io/Reader;Ljava/io/Writer;Ljava/util/Hashtable;)J >"	17	53	java_binary_add	61	26
"< Application, Lhedc/regexp/CharClass, process(Ljava/lang/String;)V >"	41	41	java_binary_sub	14	40
"< Application, Lhedc/DateFormatter, format(Ljava/util/Date;Ljava/lang/StringBuffer;Ljava/text/FieldPosition;)Ljava/lang/StringBuffer; >"	107	115	java_binary_add	114	24
"< Application, Lhedc/Messages, format(Ljava/lang/String;[Ljava/lang/Object;)Ljava/lang/String; >"	14	26	java_binary_sub	25	19
"< Application, LEDU/oswego/cs/dl/util/concurrent/SynchronizedInt, divide(I)I >"	3	6	java_binary_div	5	2
"< Application, LEDU/oswego/cs/dl/util/concurrent/VetoableChangeMulticaster, removeVetoableChangeListener(Ljava/beans/VetoableChangeListener;)V >"	27	17	java_binary_add	18	6
"< Application, LEDU/oswego/cs/dl/util/concurrent/FJTaskRunner, confirmTake(I)LEDU/oswego/cs/dl/util/concurrent/FJTask; >"	8	12	java_binary_and	2	11
"< Application, Lhedc/PooledExecutorWithInvalidate, createThreads(I)I >"	7	11	java_binary_add	15	10
"< Application, LEDU/oswego/cs/dl/util/concurrent/Semaphore, attempt(J)Z >"	25	26	java_binary_sub	24	25
"< Application, LEDU/oswego/cs/dl/util/concurrent/WriterPreferenceReadWriteLock$ReaderLock, attempt(J)Z >"	32	22	java_binary_sub	2	21
"< Application, LEDU/oswego/cs/dl/util/concurrent/VetoableChangeMulticaster, removeVetoableChangeListener(Ljava/beans/VetoableChangeListener;)V >"	2	7	java_binary_sub	5	6
"< Application, LEDU/oswego/cs/dl/util/concurrent/SynchronizedShort, subtract(S)S >"	3	6	java_binary_sub	5	2
"< Application, LEDU/oswego/cs/dl/util/concurrent/FJTaskRunner, push(LEDU/oswego/cs/dl/util/concurrent/FJTask;)V >"	8	13	java_binary_add	10	12
"< Application, Ljavax/servlet/http/HttpUtils, parseName(Ljava/lang/String;Ljava/lang/StringBuffer;)Ljava/lang/String; >"	6	11	java_binary_add	41	10
"< Application, LEDU/oswego/cs/dl/util/concurrent/FJTaskRunner, put(LEDU/oswego/cs/dl/util/concurrent/FJTask;)V >"	9	14	java_binary_sub	13	5
"< Application, Lhedc/ethz/util/Ftp, nlst(Ljava/lang/String;)Ljava/util/Enumeration; >"	16	29	java_binary_add	30	10
"< Application, Lhedc/regexp/GroupReference, advance(Lhedc/regexp/State;)Lhedc/regexp/Regexp; >"	15	21	java_binary_add	25	17
"< Application, Lhedc/DateFormatter, expect(Ljava/lang/String;Ljava/text/ParsePosition;C)Z >"	8	16	java_binary_add	7	13
"< Application, LEDU/oswego/cs/dl/util/concurrent/FJTaskRunner, scan(LEDU/oswego/cs/dl/util/concurrent/FJTask;)V >"	42	42	java_binary_add	41	15
"< Application, LEDU/oswego/cs/dl/util/concurrent/SynchronizedInt, increment()I >"	3	6	java_binary_add	4	5
"< Application, LEDU/oswego/cs/dl/util/concurrent/CopyOnWriteArrayList, removeRange(II)V >"	11	10	java_binary_sub	6	9
"< Application, Ljavax/servlet/http/HttpUtils, parseName(Ljava/lang/String;Ljava/lang/StringBuffer;)Ljava/lang/String; >"	12	33	java_binary_add	41	29
"< Application, LEDU/oswego/cs/dl/util/concurrent/WriterPreferenceReadWriteLock, startWriteFromWaitingWriter()Z >"	3	8	java_binary_sub	6	7
"< Application, Lhedc/regexp/Regexp, main([Ljava/lang/String;)V >"	82	144	java_binary_sub	143	131
"< Application, LEDU/oswego/cs/dl/util/concurrent/SynchronizedChar, add(C)C >"	3	6	java_binary_add	5	2
"< Application, Lhedc/regexp/Literal, advance(Lhedc/regexp/State;)Lhedc/regexp/Regexp; >"	22	11	java_binary_add	19	10
"< Application, LEDU/oswego/cs/dl/util/concurrent/CopyOnWriteArrayList$COWSubList$COWSubListIterator, nextIndex()I >"	4	8	java_binary_sub	5	7
"< Application, Lhedc/ethz/util/Estimator, <init>(Ljava/lang/String;DD)V >"	21	15	java_binary_add	16	14
"< Application, Lhedc/regexp/GroupReference, advance(Lhedc/regexp/State;)Lhedc/regexp/Regexp; >"	13	18	java_binary_add	26	17
"< Application, Lhedc/DateFormatter, format(Ljava/util/Date;Ljava/lang/StringBuffer;Ljava/text/FieldPosition;)Ljava/lang/StringBuffer; >"	40	33	java_binary_add	25	14
"< Application, LEDU/oswego/cs/dl/util/concurrent/QueuedSemaphore, release(J)V >"	9	10	java_binary_add	11	9
"< Application, Lhedc/regexp/ContextMatch, advance(Lhedc/regexp/State;)Lhedc/regexp/Regexp; >"	17	12	java_binary_sub	4	11
"< Application, LEDU/oswego/cs/dl/util/concurrent/CopyOnWriteArrayList$COWSubList$COWSubListIterator, previousIndex()I >"	4	8	java_binary_sub	5	7
"< Application, LEDU/oswego/cs/dl/util/concurrent/SynchronizedByte, divide(B)B >"	3	6	java_binary_div	5	2
"< Application, Lhedc/regexp/CompilerState, nextGroup()I >"	1	5	java_binary_add	3	4
"< Application, Lhedc/ethz/util/Generator, generateStream(Ljava/io/Reader;Ljava/io/Writer;Ljava/util/Hashtable;)J >"	6	13	java_binary_add	14	12
"< Application, LEDU/oswego/cs/dl/util/concurrent/BoundedBuffer, incEmptySlots()V >"	3	6	java_binary_add	4	5
"< Application, Lhedc/Rag, runImpl()V >"	27	37	java_binary_add	36	34
"< Application, LEDU/oswego/cs/dl/util/concurrent/CopyOnWriteArrayList$COWIterator, next()Ljava/lang/Object; >"	2	6	java_binary_add	4	5
"< Application, LEDU/oswego/cs/dl/util/concurrent/FJTaskRunner, checkOverflow()V >"	5	9	java_binary_sub	7	8
"< Application, LEDU/oswego/cs/dl/util/concurrent/CopyOnWriteArrayList, addAll(ILjava/util/Collection;)Z >"	32	24	java_binary_add	26	20
"< Application, Lhedc/ethz/util/Generator, generateThroughBuffer(Ljava/lang/String;Ljava/io/Writer;Ljava/util/Hashtable;)J >"	39	40	java_binary_add	44	18
"< Application, Ljavax/servlet/jsp/tagext/TagInfo, toString()Ljava/lang/String; >"	40	74	java_binary_add	75	73
"< Application, LEDU/oswego/cs/dl/util/concurrent/VetoableChangeMulticaster, removeVetoableChangeListener(Ljava/beans/VetoableChangeListener;)V >"	13	23	java_binary_add	18	6
"< Application, LEDU/oswego/cs/dl/util/concurrent/PropertyChangeMulticaster, removePropertyChangeListener(Ljava/beans/PropertyChangeListener;)V >"	16	24	java_binary_sub	28	6
"< Application, Ljavax/servlet/ServletInputStream, readLine([BII)I >"	6	13	java_binary_add	16	10
"< Application, Lhedc/ethz/util/Estimator, calcIndex(D)I >"	15	14	java_binary_div	10	13
"< Application, LEDU/oswego/cs/dl/util/concurrent/Rendezvous, doRendezvous(Ljava/lang/Object;ZJ)Ljava/lang/Object; >"	76	76	java_binary_sub	75	25
"< Application, Lhedc/regexp/Regexp, main([Ljava/lang/String;)V >"	84	146	java_binary_div	141	145
"< Application, LEDU/oswego/cs/dl/util/concurrent/FJTaskRunner, put(LEDU/oswego/cs/dl/util/concurrent/FJTask;)V >"	5	10	java_binary_add	6	9
"< Application, Lhedc/ethz/util/SmartRef, retrieve_(Ljava/lang/String;)Ljava/lang/String; >"	18	16	java_binary_add	11	15
"< Application, LEDU/oswego/cs/dl/util/concurrent/SynchronizedDouble, multiply(D)D >"	3	6	java_binary_mul	5	2
"< Application, Lhedc/ethz/util/Generator, generateThroughBuffer(Ljava/lang/String;Ljava/io/Writer;Ljava/util/Hashtable;)J >"	18	20	java_binary_add	24	18
"< Application, Lhedc/DateFormatter, format(Ljava/util/Date;Ljava/lang/StringBuffer;Ljava/text/FieldPosition;)Ljava/lang/StringBuffer; >"	17	170	java_binary_add	184	24
"< Application, Lhedc/DateFormatter, parse(Ljava/lang/String;Ljava/text/ParsePosition;)Ljava/util/Date; >"	104	69	java_binary_add	49	68
"< Application, Lhedc/ethz/util/Estimator, estimate(D)D >"	35	30	java_binary_add	35	11
"< Application, Lhedc/regexp/Literal, <clinit>()V >"	12	14	java_binary_add	17	13
"< Application, LEDU/oswego/cs/dl/util/concurrent/CopyOnWriteArrayList, remove(I)Ljava/lang/Object; >"	9	15	java_binary_sub	5	2
"< Application, LEDU/oswego/cs/dl/util/concurrent/CopyOnWriteArrayList$COWSubList, subList(II)Ljava/util/List; >"	14	14	java_binary_add	3	13
"< Application, LEDU/oswego/cs/dl/util/concurrent/FJTaskRunner, coInvoke([LEDU/oswego/cs/dl/util/concurrent/FJTask;)V >"	12	17	java_binary_add	14	16
"< Application, LEDU/oswego/cs/dl/util/concurrent/CountDown, attempt(J)Z >"	23	17	java_binary_sub	2	16
"< Application, LEDU/oswego/cs/dl/util/concurrent/FJTaskRunner, coInvoke(LEDU/oswego/cs/dl/util/concurrent/FJTask;LEDU/oswego/cs/dl/util/concurrent/FJTask;)V >"	14	20	java_binary_and	5	19
"< Application, LEDU/oswego/cs/dl/util/concurrent/SynchronizedDouble, hashCode()I >"	3	9	java_binary_xor	6	8
"< Application, LEDU/oswego/cs/dl/util/concurrent/CopyOnWriteArrayList$COWSubList, add(ILjava/lang/Object;)V >"	11	11	java_binary_add	2	10
"< Application, Lhedc/regexp/CharClass, toStringThis()Ljava/lang/String; >"	17	20	java_binary_sub	19	37
"< Application, Lhedc/regexp/CharArrayState, getGroupString(I)Ljava/lang/String; >"	4	9	java_binary_sub	7	8
"< Application, Lhedc/regexp/CharClass, process(Ljava/lang/String;)V >"	43	44	java_binary_add	14	4
"< Application, Lhedc/ethz/util/Estimator, main([Ljava/lang/String;)V >"	13	25	java_binary_add	26	24
"< Application, LEDU/oswego/cs/dl/util/concurrent/FJTaskRunner, checkOverflow()V >"	52	20	java_binary_sub	12	8
"< Application, LEDU/oswego/cs/dl/util/concurrent/CopyOnWriteArrayList, addAll(Ljava/util/Collection;)Z >"	5	9	java_binary_add	8	5
"< Application, Lhedc/regexp/CharClass, toStringThis()Ljava/lang/String; >"	15	18	java_binary_add	19	14
"< Application, LEDU/oswego/cs/dl/util/concurrent/PropertyChangeMulticaster, writeObject(Ljava/io/ObjectOutputStream;)V >"	14	17	java_binary_add	18	16
"< Application, Lhedc/regexp/Regexp, main([Ljava/lang/String;)V >"	38	51	java_binary_add	55	19
"< Application, LEDU/oswego/cs/dl/util/concurrent/SynchronizedByte, and(B)B >"	3	6	java_binary_and	5	2
"< Application, LEDU/oswego/cs/dl/util/concurrent/FJTaskRunnerGroup, setInactive(LEDU/oswego/cs/dl/util/concurrent/FJTaskRunner;)V >"	4	8	java_binary_sub	6	7
"< Application, Lhedc/ethz/util/Estimator, estimate(D)D >"	9	13	java_binary_add	6	11
"< Application, LEDU/oswego/cs/dl/util/concurrent/SynchronizedInt, complement()I >"	3	6	java_binary_xor	4	5
"< Application, Ljavax/servlet/http/HttpServlet, getAllDeclaredMethods(Ljava/lang/Class;)[Ljava/lang/reflect/Method; >"	19	27	java_binary_add	26	23
"< Application, LEDU/oswego/cs/dl/util/concurrent/Heap, insert(Ljava/lang/Object;)V >"	6	10	java_binary_mul	7	9
"< Application, LEDU/oswego/cs/dl/util/concurrent/CountDown, attempt(J)Z >"	22	16	java_binary_sub	15	11
"< Application, LEDU/oswego/cs/dl/util/concurrent/SynchronizedFloat, multiply(F)F >"	3	6	java_binary_mul	5	2
"< Application, LEDU/oswego/cs/dl/util/concurrent/LayeredSync, attempt(J)Z >"	12	17	java_binary_sub	2	16
"< Application, LEDU/oswego/cs/dl/util/concurrent/Latch, attempt(J)Z >"	22	16	java_binary_sub	15	11
"< Application, LEDU/oswego/cs/dl/util/concurrent/PropertyChangeMulticaster, multicast(Ljava/beans/PropertyChangeEvent;)V >"	21	23	java_binary_add	24	22
"< Application, Lhedc/SohoSynoptic, determineAttributes_(Ljava/util/Hashtable;Ljava/lang/String;)V >"	13	29	java_binary_add	11	7
"< Application, Lhedc/regexp/Literal, advance(Lhedc/regexp/State;)Lhedc/regexp/Regexp; >"	8	23	java_binary_add	34	10
"< Application, LEDU/oswego/cs/dl/util/concurrent/WaiterPreferenceSemaphore, release(J)V >"	7	11	java_binary_add	12	10
"< Application, LEDU/oswego/cs/dl/util/concurrent/BoundedBuffer, poll(J)Ljava/lang/Object; >"	25	19	java_binary_sub	2	18
"< Application, LEDU/oswego/cs/dl/util/concurrent/CopyOnWriteArrayList, removeAll(Ljava/util/Collection;)Z >"	13	14	java_binary_add	16	11
"< Application, LEDU/oswego/cs/dl/util/concurrent/VetoableChangeMulticaster, multicast(Ljava/beans/PropertyChangeEvent;)V >"	45	44	java_binary_add	45	22
"< Application, LEDU/oswego/cs/dl/util/concurrent/SynchronizedByte, decrement()B >"	3	6	java_binary_sub	4	5
"< Application, LEDU/oswego/cs/dl/util/concurrent/VetoableChangeMulticaster, addVetoableChangeListenerIfAbsent(Ljava/beans/VetoableChangeListener;)V >"	6	8	java_binary_add	6	7
"< Application, LEDU/oswego/cs/dl/util/concurrent/SynchronizedInt, decrement()I >"	3	6	java_binary_sub	4	5
"< Application, LEDU/oswego/cs/dl/util/concurrent/CopyOnWriteArrayList, retainAll(Ljava/util/Collection;)Z >"	13	14	java_binary_add	16	11
"< Application, LEDU/oswego/cs/dl/util/concurrent/BoundedLinkedQueue, offer(Ljava/lang/Object;J)Z >"	29	23	java_binary_sub	3	22
"< Application, Lhedc/Messages, formatArray([Ljava/lang/Object;)Ljava/lang/String; >"	17	26	java_binary_add	27	12
"< Application, Ljavax/servlet/http/HttpUtils, parsePostData(ILjavax/servlet/ServletInputStream;)Ljava/util/Hashtable; >"	10	7	java_binary_sub	1	12
"< Application, LEDU/oswego/cs/dl/util/concurrent/QueuedSemaphore, precheck()Z >"	7	11	java_binary_sub	9	10
"< Application, Lhedc/DateFormatter, parse(Ljava/lang/String;Ljava/text/ParsePosition;)Ljava/util/Date; >"	164	143	java_binary_add	140	24
"< Application, Lhedc/ethz/util/EtcUtil, getPortFromURI(Ljava/lang/String;)I >"	2	10	java_binary_add	6	9
"< Application, LEDU/oswego/cs/dl/util/concurrent/FJTaskRunner, scanWhileIdling()V >"	53	44	java_binary_add	69	43
"< Application, LEDU/oswego/cs/dl/util/concurrent/SynchronizedInt, subtract(I)I >"	3	6	java_binary_sub	5	2
"< Application, Lhedc/regexp/Literal, appendChar(I)V >"	6	10	java_binary_add	8	9
"< Application, LEDU/oswego/cs/dl/util/concurrent/WaiterPreferenceSemaphore, acquire()V >"	16	11	java_binary_add	9	10
"< Application, LEDU/oswego/cs/dl/util/concurrent/FJTaskRunner, run()V >"	7	13	java_binary_add	11	12
"< Application, LEDU/oswego/cs/dl/util/concurrent/WaiterPreferenceSemaphore, attempt(J)Z >"	29	33	java_binary_sub	32	13
"< Application, Lhedc/regexp/Regexp, searchForward(Lhedc/regexp/State;)Lhedc/regexp/Result; >"	11	23	java_binary_add	20	14
"< Application, Lhedc/PooledExecutorWithInvalidate, workerDone(Lhedc/PooledExecutorWithInvalidate$Worker;)V >"	3	7	java_binary_sub	5	6
"< Application, LEDU/oswego/cs/dl/util/concurrent/CopyOnWriteArrayList$COWSubList, remove(I)Ljava/lang/Object; >"	6	9	java_binary_add	2	8
"< Application, LEDU/oswego/cs/dl/util/concurrent/SynchronizedLong, subtract(J)J >"	3	6	java_binary_sub	5	2
"< Application, LEDU/oswego/cs/dl/util/concurrent/Rendezvous, doRendezvous(Ljava/lang/Object;ZJ)Ljava/lang/Object; >"	13	19	java_binary_add	17	18
"< Application, LEDU/oswego/cs/dl/util/concurrent/FJTaskRunner, scanWhileIdling()V >"	22	29	java_binary_add	28	15
"< Application, LEDU/oswego/cs/dl/util/concurrent/WaitFreeQueue, poll(J)Ljava/lang/Object; >"	11	17	java_binary_sub	16	11
"< Application, LEDU/oswego/cs/dl/util/concurrent/CopyOnWriteArrayList, add(ILjava/lang/Object;)V >"	21	15	java_binary_sub	6	2
"< Application, LEDU/oswego/cs/dl/util/concurrent/Rendezvous, doRendezvous(Ljava/lang/Object;ZJ)Ljava/lang/Object; >"	86	81	java_binary_add	82	18
"< Application, Lhedc/ethz/util/Messages, format(Ljava/lang/String;Ljava/lang/Object;Ljava/lang/Object;Ljava/lang/Object;)Ljava/lang/String; >"	21	40	java_binary_add	31	19
"< Application, LEDU/oswego/cs/dl/util/concurrent/SynchronizedLong, and(J)J >"	3	6	java_binary_and	5	2
"< Application, LEDU/oswego/cs/dl/util/concurrent/FJTaskRunner, confirmPop(I)LEDU/oswego/cs/dl/util/concurrent/FJTask; >"	6	12	java_binary_and	2	11
"< Application, LEDU/oswego/cs/dl/util/concurrent/FJTaskRunner, scanWhileIdling()V >"	39	39	java_binary_add	38	15
"< Application, Lhedc/regexp/Regexp, main([Ljava/lang/String;)V >"	74	134	java_binary_add	135	19
"< Application, Lhedc/ethz/util/SerializePerformanceTest, makeData_(I)V >"	48	52	java_binary_add	53	9
"< Application, LEDU/oswego/cs/dl/util/concurrent/PooledExecutor, createThreads(I)I >"	17	14	java_binary_add	16	10
"< Application, LEDU/oswego/cs/dl/util/concurrent/Semaphore, acquire()V >"	12	12	java_binary_sub	10	11
"< Application, Lhedc/ethz/util/Generator, generateStream(Ljava/io/Reader;Ljava/io/OutputStream;Ljava/util/Hashtable;)J >"	6	13	java_binary_add	14	12
"< Application, LEDU/oswego/cs/dl/util/concurrent/SynchronizedLong, increment()J >"	3	6	java_binary_add	4	5
"< Application, LEDU/oswego/cs/dl/util/concurrent/FJTaskRunnerGroup, stats()V >"	15	21	java_binary_add	70	20
"< Application, LEDU/oswego/cs/dl/util/concurrent/FJTaskRunner, scanWhileIdling()V >"	10	16	java_binary_add	26	15
"< Application, LEDU/oswego/cs/dl/util/concurrent/ReentrantLock, attempt(J)Z >"	41	21	java_binary_sub	20	15
"< Application, LEDU/oswego/cs/dl/util/concurrent/FJTaskRunner, coInvoke([LEDU/oswego/cs/dl/util/concurrent/FJTask;)V >"	4	9	java_binary_add	7	6
"< Application, LEDU/oswego/cs/dl/util/concurrent/CopyOnWriteArrayList, remove(Ljava/lang/Object;)Z >"	19	28	java_binary_sub	32	7
"< Application, LEDU/oswego/cs/dl/util/concurrent/SynchronizedShort, increment()S >"	3	6	java_binary_add	4	5
"< Application, Lhedc/ethz/util/BaseProperties, getIntegerArray(Ljava/lang/String;[I)[I >"	22	22	java_binary_add	24	21
"< Application, Lhedc/ethz/util/Estimator, logDeviation_(DD)V >"	0	5	java_binary_sub	2	3
"< Application, Ljavax/servlet/ServletInputStream, readLine([BII)I >"	3	11	java_binary_add	15	10
"< Application, Lhedc/regexp/State, startGroup(I)V >"	3	8	java_binary_add	6	7
"< Application, LEDU/oswego/cs/dl/util/concurrent/ReentrantLock, release()V >"	7	8	java_binary_sub	6	7
"< Application, Lhedc/ethz/util/EtcUtil, getHostNameFromURI(Ljava/lang/String;)Ljava/lang/String; >"	5	15	java_binary_add	6	10
"< Application, Ljavax/servlet/http/NoBodyOutputStream, write([BII)V >"	2	15	java_binary_add	14	4
"< Application, LEDU/oswego/cs/dl/util/concurrent/CondVar, timedwait(J)Z >"	13	18	java_binary_sub	17	12
"< Application, LEDU/oswego/cs/dl/util/concurrent/BoundedLinkedQueue, poll(J)Ljava/lang/Object; >"	26	24	java_binary_sub	2	23
"< Application, LEDU/oswego/cs/dl/util/concurrent/SynchronizedChar, multiply(C)C >"	3	6	java_binary_mul	5	2
"< Application, LEDU/oswego/cs/dl/util/concurrent/BoundedLinkedQueue, reconcilePutPermits()I >"	2	5	java_binary_add	3	4
"< Application, Lhedc/Tester, main([Ljava/lang/String;)V >"	50	61	java_binary_sub	54	14
"< Application, Lhedc/regexp/CharClass, addChar(I)V >"	3	10	java_binary_and	2	9
"< Application, Lhedc/DateFormatter, parse(Ljava/lang/String;Ljava/text/ParsePosition;)Ljava/util/Date; >"	41	40	java_binary_add	34	11
"< Application, Lhedc/Tester, run()V >"	39	66	java_binary_sub	65	3
"< Application, LEDU/oswego/cs/dl/util/concurrent/PrioritySemaphore$PriorityWaitQueue, <init>()V >"	12	14	java_binary_add	15	13
"< Application, LEDU/oswego/cs/dl/util/concurrent/WaiterPreferenceSemaphore, attempt(J)Z >"	48	28	java_binary_sub	27	13
"< Application, Lhedc/SohoSynoptic, createResults_()V >"	7	11	java_binary_sub	10	33
"< Application, Lhedc/regexp/CharClass, charInClass(I)Z >"	3	10	java_binary_and	2	9
"< Application, LEDU/oswego/cs/dl/util/concurrent/PrioritySemaphore$PriorityWaitQueue, extract()LEDU/oswego/cs/dl/util/concurrent/QueuedSemaphore$WaitQueue$WaitNode; >"	9	12	java_binary_sub	10	11
"< Application, LEDU/oswego/cs/dl/util/concurrent/FJTaskRunnerGroup, signalNewTask()V >"	9	12	java_binary_add	11	4
"< Application, LEDU/oswego/cs/dl/util/concurrent/FJTaskRunner, put(LEDU/oswego/cs/dl/util/concurrent/FJTask;)V >"	10	15	java_binary_and	6	14
"< Application, Lhedc/ethz/util/Estimator, main([Ljava/lang/String;)V >"	22	33	java_binary_mul	30	32
"< Application, LEDU/oswego/cs/dl/util/concurrent/SynchronizedLong, divide(J)J >"	3	6	java_binary_div	5	2
"< Application, Lhedc/DateFormatter, format(Ljava/util/Date;Ljava/lang/StringBuffer;Ljava/text/FieldPosition;)Ljava/lang/StringBuffer; >"	14	167	java_binary_add	184	24
"< Application, Lhedc/ethz/util/Generator, generate(Ljava/io/Writer;Ljava/util/Hashtable;[C)J >"	26	45	java_binary_add	54	16
"< Application, LEDU/oswego/cs/dl/util/concurrent/LinkedQueue, poll(J)Ljava/lang/Object; >"	36	32	java_binary_sub	31	17
"< Application, LEDU/oswego/cs/dl/util/concurrent/FJTaskRunnerGroup, setActive(LEDU/oswego/cs/dl/util/concurrent/FJTaskRunner;)V >"	12	15	java_binary_add	14	6
"< Application, LEDU/oswego/cs/dl/util/concurrent/WriterPreferenceReadWriteLock$WriterLock, attempt(J)Z >"	33	22	java_binary_sub	2	21
"< Application, Lhedc/ethz/util/Generator, generateThroughBuffer(Ljava/lang/String;Ljava/io/Writer;Ljava/util/Hashtable;)J >"	16	19	java_binary_sub	17	18
"< Application, Lhedc/ethz/util/Messages, format(Ljava/lang/String;Ljava/lang/Object;Ljava/lang/Object;Ljava/lang/Object;)Ljava/lang/String; >"	8	20	java_binary_add	9	19
"< Application, LEDU/oswego/cs/dl/util/concurrent/SynchronizedLong, hashCode()I >"	1	6	java_binary_shr	4	5
"< Application, Lhedc/ethz/util/Generator, generateThroughBuffer(Ljava/io/Reader;Ljava/io/Writer;Ljava/util/Hashtable;)J >"	48	50	java_binary_add	52	26
"< Application, Lhedc/Messages, format(Ljava/lang/String;[Ljava/lang/Object;)Ljava/lang/String; >"	12	23	java_binary_add	16	15
"< Application, LEDU/oswego/cs/dl/util/concurrent/CopyOnWriteArrayList, toString()Ljava/lang/String; >"	13	24	java_binary_add	25	12
"< Application, LEDU/oswego/cs/dl/util/concurrent/BoundedBuffer, insert(Ljava/lang/Object;)V >"	7	10	java_binary_add	9	5
"< Application, LEDU/oswego/cs/dl/util/concurrent/BoundedBuffer, offer(Ljava/lang/Object;J)Z >"	31	21	java_binary_sub	20	14
"< Application, LEDU/oswego/cs/dl/util/concurrent/WaitFreeQueue, insert(Ljava/lang/Object;)V >"	34	33	java_binary_add	13	20
"< Application, Lhedc/regexp/CharClass, addChars(II)V >"	3	8	java_binary_add	5	7
"< Application, LEDU/oswego/cs/dl/util/concurrent/CopyOnWriteArrayList$COWSubList, set(ILjava/lang/Object;)Ljava/lang/Object; >"	6	10	java_binary_add	2	9
"< Application, Lhedc/ethz/util/Messages, format(Ljava/lang/String;Ljava/lang/Object;Ljava/lang/Object;Ljava/lang/Object;Ljava/lang/Object;)Ljava/lang/String; >"	8	21	java_binary_add	10	20
"< Application, Lhedc/regexp/CharClass, merge(Lhedc/regexp/CharClass;Z)V >"	11	15	java_binary_or	14	12
"< Application, LEDU/oswego/cs/dl/util/concurrent/CopyOnWriteArrayList, indexOf(Ljava/lang/Object;I)I >"	8	17	java_binary_add	18	13
"< Application, LEDU/oswego/cs/dl/util/concurrent/FJTaskRunner, taskYield()V >"	5	12	java_binary_add	10	11
"< Application, Lhedc/Tester, run()V >"	54	83	java_binary_sub	82	3
"< Application, LEDU/oswego/cs/dl/util/concurrent/LinkedQueue, poll(J)Ljava/lang/Object; >"	31	26	java_binary_sub	25	15
"< Application, Lhedc/ethz/util/Messages, format(Ljava/lang/String;Ljava/lang/Object;Ljava/lang/Object;Ljava/lang/Object;)Ljava/lang/String; >"	34	61	java_binary_add	52	19
"< Application, Lhedc/ethz/util/BufferedCopy, copy()J >"	13	17	java_binary_add	18	16
"< Application, Lhedc/regexp/Dot, advance(Lhedc/regexp/State;)Lhedc/regexp/Regexp; >"	3	10	java_binary_add	8	9
"< Application, Lhedc/Rag, createResults_()V >"	21	36	java_binary_add	34	35
"< Application, Ljavax/servlet/http/HttpUtils, parsePostData(ILjavax/servlet/ServletInputStream;)Ljava/util/Hashtable; >"	18	10	java_binary_add	12	9
"< Application, LEDU/oswego/cs/dl/util/concurrent/SynchronizedDouble, add(D)D >"	3	6	java_binary_add	5	2
"< Application, LEDU/oswego/cs/dl/util/concurrent/ClockDaemon, nextTask()LEDU/oswego/cs/dl/util/concurrent/ClockDaemon$TaskNode; >"	26	32	java_binary_add	13	31
"< Application, LEDU/oswego/cs/dl/util/concurrent/SynchronizedLong, complement()J >"	3	6	java_binary_xor	4	5
"< Application, Lhedc/ethz/util/ObservableProperties, unregisterObserver(Lhedc/ethz/util/PropertyMonitoring;)Z >"	10	10	java_binary_add	11	9
"< Application, Lhedc/ethz/util/Generator, generateThroughBuffer(Ljava/lang/String;Ljava/io/Writer;Ljava/util/Hashtable;)J >"	45	53	java_binary_add	51	18
"< Application, Lhedc/ethz/util/CopyStream, copyStreamIntoBuffer(Ljava/io/InputStream;I)Ljava/lang/StringBuffer; >"	8	13	java_binary_add	14	12
"< Application, LEDU/oswego/cs/dl/util/concurrent/WriterPreferenceReadWriteLock, cancelledWaitingWriter()V >"	1	5	java_binary_sub	3	4
"< Application, Lhedc/ethz/util/BaseProperties, getStringArray(Ljava/lang/String;[Ljava/lang/String;)[Ljava/lang/String; >"	18	18	java_binary_add	19	17
"< Application, LEDU/oswego/cs/dl/util/concurrent/FJTaskRunner, coInvoke([LEDU/oswego/cs/dl/util/concurrent/FJTask;)V >"	9	14	java_binary_and	10	13
"< Application, Lhedc/Messages, format(Ljava/lang/String;[Ljava/lang/Object;)Ljava/lang/String; >"	20	33	java_binary_add	16	15
"< Application, LEDU/oswego/cs/dl/util/concurrent/CopyOnWriteArrayList, remove(Ljava/lang/Object;)Z >"	30	19	java_binary_add	20	7
"< Application, LEDU/oswego/cs/dl/util/concurrent/FJTaskRunner, checkOverflow()V >"	10	36	java_binary_and	4	35
"< Application, Lhedc/MetaSearchRequest, countDownInterrupt()V >"	3	7	java_binary_sub	5	6
"< Application, Lhedc/ethz/util/Messages, format(Ljava/lang/String;Ljava/lang/Object;Ljava/lang/Object;Ljava/lang/Object;Ljava/lang/Object;)Ljava/lang/String; >"	34	62	java_binary_add	53	20
"< Application, Lhedc/SohoSynoptic, determineAttributes_(Ljava/util/Hashtable;Ljava/lang/String;)V >"	1	8	java_binary_add	6	7
"< Application, Lhedc/regexp/Literal, advance(Lhedc/regexp/State;)Lhedc/regexp/Regexp; >"	16	30	java_binary_add	35	13
"< Application, Lhedc/regexp/Literal, advance(Lhedc/regexp/State;)Lhedc/regexp/Regexp; >"	12	26	java_binary_add	36	13
"< Application, LEDU/oswego/cs/dl/util/concurrent/CopyOnWriteArrayList, addAllAbsent(Ljava/util/Collection;)I >"	21	24	java_binary_add	8	23
"< Application, LEDU/oswego/cs/dl/util/concurrent/WaiterPreferenceSemaphore, attempt(J)Z >"	32	35	java_binary_sub	34	13
"< Application, LEDU/oswego/cs/dl/util/concurrent/FJTaskRunner, checkOverflow()V >"	56	23	java_binary_add	25	8
"< Application, Ljavax/servlet/http/HttpUtils, parseQueryString(Ljava/lang/String;)Ljava/util/Hashtable; >"	33	42	java_binary_add	43	24
"< Application, LEDU/oswego/cs/dl/util/concurrent/LinkedQueue, poll(J)Ljava/lang/Object; >"	24	36	java_binary_sub	35	17
"< Application, Lhedc/regexp/CharClass, process(Ljava/lang/String;)V >"	1	7	java_binary_sub	6	4
"< Application, LEDU/oswego/cs/dl/util/concurrent/FJTaskRunner, coInvoke([LEDU/oswego/cs/dl/util/concurrent/FJTask;)V >"	32	35	java_binary_add	34	5
"< Application, LEDU/oswego/cs/dl/util/concurrent/FJTaskRunner, pop()LEDU/oswego/cs/dl/util/concurrent/FJTask; >"	4	7	java_binary_add	6	4
"< Application, LEDU/oswego/cs/dl/util/concurrent/BoundedLinkedQueue, size()I >"	3	6	java_binary_add	4	5
"< Application, LEDU/oswego/cs/dl/util/concurrent/CopyOnWriteArrayList$COWSubList, remove(I)Ljava/lang/Object; >"	12	16	java_binary_sub	14	15
"< Application, Lhedc/ethz/util/ObservableProperties, registerObserver(Lhedc/ethz/util/PropertyMonitoring;)V >"	13	14	java_binary_add	13	10
"< Application, LEDU/oswego/cs/dl/util/concurrent/BoundedBuffer, extract()Ljava/lang/Object; >"	1	5	java_binary_sub	3	4
"< Application, Lhedc/DateFormatter, format(Ljava/util/Date;Ljava/lang/StringBuffer;Ljava/text/FieldPosition;)Ljava/lang/StringBuffer; >"	145	147	java_binary_add	148	24
"< Application, Lhedc/DateFormatter, format(Ljava/util/Date;Ljava/lang/StringBuffer;Ljava/text/FieldPosition;)Ljava/lang/StringBuffer; >"	97	102	java_binary_rem	101	67
"< Application, LEDU/oswego/cs/dl/util/concurrent/CopyOnWriteArrayList, addAll(Ljava/util/Collection;)Z >"	12	16	java_binary_add	20	15
"< Application, LEDU/oswego/cs/dl/util/concurrent/LinkedQueue, poll(J)Ljava/lang/Object; >"	32	27	java_binary_sub	2	26
"< Application, Lhedc/RandomDate, nextDate()Ljava/util/Date; >"	2	6	java_binary_add	5	3
"< Application, LEDU/oswego/cs/dl/util/concurrent/SynchronizedFloat, add(F)F >"	3	6	java_binary_add	5	2
"< Application, Lhedc/regexp/State, endGroup(I)V >"	3	8	java_binary_add	6	7
"< Application, Lhedc/Rag, runImpl()V >"	23	32	java_binary_sub	21	31
"< Application, Lhedc/DateFormatter, parse(Ljava/lang/String;Ljava/text/ParsePosition;)Ljava/util/Date; >"	34	34	java_binary_add	38	24
"< Application, LEDU/oswego/cs/dl/util/concurrent/FJTaskRunner, scanWhileIdling()V >"	45	53	java_binary_add	52	15
"< Application, LEDU/oswego/cs/dl/util/concurrent/FJTaskRunner, slowCoInvoke([LEDU/oswego/cs/dl/util/concurrent/FJTask;)V >"	5	9	java_binary_add	10	8
"< Application, LEDU/oswego/cs/dl/util/concurrent/PooledExecutor, addThread(Ljava/lang/Runnable;)V >"	1	6	java_binary_add	4	5
"< Application, LEDU/oswego/cs/dl/util/concurrent/SynchronizedLong, multiply(J)J >"	3	6	java_binary_mul	5	2
"< Application, Ljavax/servlet/http/NoBodyOutputStream, write(I)V >"	1	6	java_binary_add	4	5
"< Application, Lhedc/ethz/util/Generator, generateThroughBuffer(Ljava/lang/String;Ljava/io/Writer;Ljava/util/Hashtable;)J >"	9	46	java_binary_add	54	18
"< Application, Lhedc/DateFormatter, format(Ljava/util/Date;Ljava/lang/StringBuffer;Ljava/text/FieldPosition;)Ljava/lang/StringBuffer; >"	141	152	java_binary_add	149	73
"< Application, LEDU/oswego/cs/dl/util/concurrent/SynchronizedLong, add(J)J >"	3	6	java_binary_add	5	2
"< Application, Lhedc/regexp/Regexp, searchForward(Lhedc/regexp/State;)Lhedc/regexp/Result; >"	24	15	java_binary_add	13	14
"< Application, LEDU/oswego/cs/dl/util/concurrent/BoundedBuffer, extract()Ljava/lang/Object; >"	10	13	java_binary_add	12	4
"< Application, Lhedc/ethz/util/Messages, format(Ljava/lang/String;Ljava/lang/Object;Ljava/lang/Object;)Ljava/lang/String; >"	8	19	java_binary_add	8	18
"< Application, LEDU/oswego/cs/dl/util/concurrent/PrioritySemaphore$PriorityWaitQueue, insert(LEDU/oswego/cs/dl/util/concurrent/QueuedSemaphore$WaitQueue$WaitNode;)V >"	2	9	java_binary_sub	7	8
"< Application, Lhedc/DateFormatter, format(Ljava/util/Date;Ljava/lang/StringBuffer;Ljava/text/FieldPosition;)Ljava/lang/StringBuffer; >"	11	165	java_binary_sub	13	24
"< Application, LEDU/oswego/cs/dl/util/concurrent/FJTaskRunnerGroup, checkActive(LEDU/oswego/cs/dl/util/concurrent/FJTaskRunner;J)V >"	8	13	java_binary_div	3	12
"< Application, LEDU/oswego/cs/dl/util/concurrent/LinkedQueue, take()Ljava/lang/Object; >"	11	12	java_binary_add	10	11
"< Application, LEDU/oswego/cs/dl/util/concurrent/SynchronizedByte, add(B)B >"	3	6	java_binary_add	5	2
"< Application, LEDU/oswego/cs/dl/util/concurrent/CopyOnWriteArrayList, indexOf(Ljava/lang/Object;I)I >"	17	14	java_binary_add	15	13
"< Application, Lhedc/ethz/util/Estimator, main([Ljava/lang/String;)V >"	24	35	java_binary_add	36	27
"< Application, LEDU/oswego/cs/dl/util/concurrent/SynchronizedShort, multiply(S)S >"	3	6	java_binary_mul	5	2
"< Application, LEDU/oswego/cs/dl/util/concurrent/QueuedSemaphore$WaitQueue$WaitNode, doTimedWait(LEDU/oswego/cs/dl/util/concurrent/QueuedSemaphore;J)Z >"	17	18	java_binary_sub	3	17
"< Application, LEDU/oswego/cs/dl/util/concurrent/CopyOnWriteArrayList, remove(I)Ljava/lang/Object; >"	13	18	java_binary_add	2	9
"< Application, Lhedc/ethz/util/Estimator, calcIndex(D)I >"	11	10	java_binary_sub	2	9
"< Application, LEDU/oswego/cs/dl/util/concurrent/FJTaskRunner, coInvoke(LEDU/oswego/cs/dl/util/concurrent/FJTask;LEDU/oswego/cs/dl/util/concurrent/FJTask;)V >"	8	14	java_binary_add	11	13
"< Application, LEDU/oswego/cs/dl/util/concurrent/WaiterPreferenceSemaphore, attempt(J)Z >"	42	31	java_binary_sub	30	13
"< Application, Lhedc/regexp/CharClass, toStringThis()Ljava/lang/String; >"	28	35	java_binary_add	34	14
"< Application, LEDU/oswego/cs/dl/util/concurrent/WriterPreferenceReadWriteLock$ReaderLock, attempt(J)Z >"	31	21	java_binary_sub	20	14
"< Application, Lhedc/ethz/util/Generator, generateThroughBuffer(Ljava/lang/String;Ljava/io/Writer;Ljava/util/Hashtable;)J >"	30	49	java_binary_add	48	18
"< Application, Lhedc/regexp/CharClass, ppChar(I)Ljava/lang/String; >"	9	17	java_binary_add	2	16
"< Application, Ljavax/servlet/http/HttpServlet, getAllDeclaredMethods(Ljava/lang/Class;)[Ljava/lang/reflect/Method; >"	27	29	java_binary_add	28	27
"< Application, LEDU/oswego/cs/dl/util/concurrent/PropertyChangeMulticaster, addPropertyChangeListener(Ljava/beans/PropertyChangeListener;)V >"	6	8	java_binary_add	6	7
"< Application, LEDU/oswego/cs/dl/util/concurrent/CopyOnWriteArrayList, remove(I)Ljava/lang/Object; >"	10	16	java_binary_sub	15	9
"< Application, LEDU/oswego/cs/dl/util/concurrent/ReentrantWriterPreferenceReadWriteLock, endWrite()LEDU/oswego/cs/dl/util/concurrent/WriterPreferenceReadWriteLock$Signaller; >"	1	5	java_binary_sub	3	4
"< Application, Lhedc/ethz/util/Generator, generateThroughBuffer(Ljava/io/Reader;Ljava/io/Writer;Ljava/util/Hashtable;)J >"	6	14	java_binary_sub	13	18
"< Application, LEDU/oswego/cs/dl/util/concurrent/Rendezvous$Rotator, rendezvousFunction([Ljava/lang/Object;)V >"	8	11	java_binary_add	12	5
"< Application, Lhedc/SohoSynoptic, runImpl()V >"	35	49	java_binary_sub	38	48
"< Application, LEDU/oswego/cs/dl/util/concurrent/FJTaskRunnerGroup, stats()V >"	18	24	java_binary_add	71	23
"< Application, Lhedc/ethz/util/SmartRef, extractPortNo_(Ljava/lang/String;)I >"	14	18	java_binary_add	12	8
"< Application, Lhedc/DateFormatter, parse(Ljava/lang/String;Ljava/text/ParsePosition;)Ljava/util/Date; >"	13	27	java_binary_add	144	24
"< Application, LEDU/oswego/cs/dl/util/concurrent/TimeDaemon, executePeriodically(JLjava/lang/Runnable;Z)Ljava/lang/Object; >"	7	11	java_binary_add	10	2
"< Application, LEDU/oswego/cs/dl/util/concurrent/BoundedLinkedQueue, insert(Ljava/lang/Object;)V >"	1	6	java_binary_sub	4	5
"< Application, Lhedc/SohoSynoptic, determineAttributes_(Ljava/util/Hashtable;Ljava/lang/String;)V >"	25	47	java_binary_add	31	7
"< Application, LEDU/oswego/cs/dl/util/concurrent/WaitFreeQueue, insert(Ljava/lang/Object;)V >"	30	21	java_binary_add	15	20
"< Application, Lhedc/ethz/util/Generator, generateThroughBuffer(Ljava/io/Reader;Ljava/io/Writer;Ljava/util/Hashtable;)J >"	51	60	java_binary_add	58	26
"< Application, Lhedc/Tester, main([Ljava/lang/String;)V >"	41	49	java_binary_add	50	40
