"< Application, Lhedc/RandomDate, <init>(Ljava/util/Date;Ljava/util/Date;)V >"	15	18	java_comparison_cmp	16	17
"< Application, LEDU/oswego/cs/dl/util/concurrent/FIFOReadWriteLock$ReaderSync, attempt(J)Z >"	0	5	java_comparison_cmp	2	4
"< Application, LEDU/oswego/cs/dl/util/concurrent/SynchronizedLong, commit(JJ)Z >"	3	7	java_comparison_cmp	2	6
"< Application, Lhedc/ethz/util/Estimator, calcIndex(D)I >"	7	8	java_comparison_cmpg	2	7
"< Application, LEDU/oswego/cs/dl/util/concurrent/ReentrantWriterPreferenceReadWriteLock, endWrite()LEDU/oswego/cs/dl/util/concurrent/WriterPreferenceReadWriteLock$Signaller; >"	16	16	java_comparison_cmp	15	7
"< Application, LEDU/oswego/cs/dl/util/concurrent/SynchronizedLong, compareTo(J)I >"	4	8	java_comparison_cmp	5	2
"< Application, LEDU/oswego/cs/dl/util/concurrent/ClockDaemon$TaskNode, compareTo(Ljava/lang/Object;)I >"	4	10	java_comparison_cmp	5	9
"< Application, LEDU/oswego/cs/dl/util/concurrent/FJTaskRunnerGroup, checkActive(LEDU/oswego/cs/dl/util/concurrent/FJTaskRunner;J)V >"	9	15	java_comparison_cmp	13	14
"< Application, LEDU/oswego/cs/dl/util/concurrent/WriterPreferenceReadWriteLock$WriterLock, attempt(J)Z >"	6	9	java_comparison_cmp	2	8
"< Application, LEDU/oswego/cs/dl/util/concurrent/CondVar, timedwait(J)Z >"	8	10	java_comparison_cmp	2	9
"< Application, LEDU/oswego/cs/dl/util/concurrent/WaitableFloat, whenGreaterEqual(FLjava/lang/Runnable;)V >"	3	7	java_comparison_cmpl	6	2
"< Application, LEDU/oswego/cs/dl/util/concurrent/QueuedSemaphore, release(J)V >"	6	7	java_comparison_cmp	11	2
"< Application, LEDU/oswego/cs/dl/util/concurrent/TimeDaemon$TaskNode, compareTo(Ljava/lang/Object;)I >"	7	12	java_comparison_cmp	5	9
"< Application, LEDU/oswego/cs/dl/util/concurrent/SynchronizedLong, equals(Ljava/lang/Object;)Z >"	6	12	java_comparison_cmp	8	11
"< Application, LEDU/oswego/cs/dl/util/concurrent/PooledExecutor, getTask()Ljava/lang/Runnable; >"	1	6	java_comparison_cmp	4	5
"< Application, LEDU/oswego/cs/dl/util/concurrent/WaiterPreferenceSemaphore, acquire()V >"	8	8	java_comparison_cmp	6	7
"< Application, LEDU/oswego/cs/dl/util/concurrent/WaitableLong, whenGreater(JLjava/lang/Runnable;)V >"	3	7	java_comparison_cmp	6	2
"< Application, LEDU/oswego/cs/dl/util/concurrent/Mutex, attempt(J)Z >"	11	9	java_comparison_cmp	2	8
"< Application, LEDU/oswego/cs/dl/util/concurrent/BoundedBuffer, offer(Ljava/lang/Object;J)Z >"	11	11	java_comparison_cmp	3	10
"< Application, LEDU/oswego/cs/dl/util/concurrent/QueuedSemaphore, release(J)V >"	0	5	java_comparison_cmp	2	4
"< Application, LEDU/oswego/cs/dl/util/concurrent/WaitableLong, whenNotEqual(JLjava/lang/Runnable;)V >"	3	7	java_comparison_cmp	6	2
"< Application, Lhedc/ethz/util/Estimator, estimate(D)D >"	25	23	java_comparison_cmpl	22	4
"< Application, Lhedc/ethz/util/Estimator, estimate(D)D >"	3	9	java_comparison_cmpl	8	4
"< Application, LEDU/oswego/cs/dl/util/concurrent/BoundedLinkedQueue, poll(J)Ljava/lang/Object; >"	10	12	java_comparison_cmp	2	11
"< Application, LEDU/oswego/cs/dl/util/concurrent/WaitFreeQueue, poll(J)Ljava/lang/Object; >"	12	18	java_comparison_cmp	17	2
"< Application, LEDU/oswego/cs/dl/util/concurrent/FJTaskRunnerGroup, checkActive(LEDU/oswego/cs/dl/util/concurrent/FJTaskRunner;J)V >"	12	18	java_comparison_cmp	16	17
"< Application, LEDU/oswego/cs/dl/util/concurrent/WriterPreferenceReadWriteLock$ReaderLock, attempt(J)Z >"	33	23	java_comparison_cmp	22	8
"< Application, LEDU/oswego/cs/dl/util/concurrent/WaiterPreferenceSemaphore, attempt(J)Z >"	26	19	java_comparison_cmp	18	10
"< Application, Lhedc/ethz/util/SmartRef, length()J >"	1	5	java_comparison_cmp	3	4
"< Application, LEDU/oswego/cs/dl/util/concurrent/Rendezvous, doRendezvous(Ljava/lang/Object;ZJ)Ljava/lang/Object; >"	61	37	java_comparison_cmp	36	7
"< Application, LEDU/oswego/cs/dl/util/concurrent/ReentrantLock, release(J)V >"	4	8	java_comparison_cmp	2	7
"< Application, LEDU/oswego/cs/dl/util/concurrent/BoundedBuffer, poll(J)Ljava/lang/Object; >"	6	9	java_comparison_cmp	2	8
"< Application, LEDU/oswego/cs/dl/util/concurrent/WriterPreferenceReadWriteLock, startWrite()Z >"	3	7	java_comparison_cmp	5	6
"< Application, Lhedc/ethz/util/Estimator, estimate(D)D >"	30	26	java_comparison_cmpl	25	4
"< Application, Lhedc/ethz/util/EtcUtil, copyFile(Ljava/io/File;Ljava/io/File;)Z >"	13	25	java_comparison_cmp	19	21
"< Application, LEDU/oswego/cs/dl/util/concurrent/WaitableDouble, whenLessEqual(DLjava/lang/Runnable;)V >"	3	7	java_comparison_cmpg	6	2
"< Application, LEDU/oswego/cs/dl/util/concurrent/QueuedSemaphore, recheck(LEDU/oswego/cs/dl/util/concurrent/QueuedSemaphore$WaitQueue$WaitNode;)Z >"	1	6	java_comparison_cmp	4	5
"< Application, LEDU/oswego/cs/dl/util/concurrent/SynchronizedFloat, commit(FF)Z >"	3	7	java_comparison_cmpl	2	6
"< Application, LEDU/oswego/cs/dl/util/concurrent/SynchronizedFloat, compareTo(F)I >"	1	6	java_comparison_cmpg	5	2
"< Application, LEDU/oswego/cs/dl/util/concurrent/WaiterPreferenceSemaphore, attempt(J)Z >"	39	24	java_comparison_cmp	23	10
"< Application, Lhedc/PooledExecutorWithInvalidate, getTask()Lhedc/Task; >"	1	6	java_comparison_cmp	4	5
"< Application, Lhedc/ethz/util/HttpLogger, log(Ljavax/servlet/http/HttpServletRequest;Ljavax/servlet/http/HttpServletResponse;JIJ)V >"	149	255	java_comparison_cmp	6	240
"< Application, LEDU/oswego/cs/dl/util/concurrent/WaitableFloat, whenGreater(FLjava/lang/Runnable;)V >"	3	7	java_comparison_cmpl	6	2
"< Application, LEDU/oswego/cs/dl/util/concurrent/QueuedSemaphore, precheck()Z >"	1	5	java_comparison_cmp	3	4
"< Application, LEDU/oswego/cs/dl/util/concurrent/CyclicBarrier, doBarrier(ZJ)I >"	31	13	java_comparison_cmp	3	12
"< Application, LEDU/oswego/cs/dl/util/concurrent/FutureResult, timedGet(J)Ljava/lang/Object; >"	23	18	java_comparison_cmp	17	4
"< Application, LEDU/oswego/cs/dl/util/concurrent/WaitableDouble, whenEqual(DLjava/lang/Runnable;)V >"	3	7	java_comparison_cmpl	6	2
"< Application, LEDU/oswego/cs/dl/util/concurrent/Latch, attempt(J)Z >"	24	18	java_comparison_cmp	17	8
"< Application, LEDU/oswego/cs/dl/util/concurrent/WaiterPreferenceSemaphore, attempt(J)Z >"	8	9	java_comparison_cmp	7	8
"< Application, Lhedc/ethz/util/Estimator, sample(DD)V >"	3	10	java_comparison_cmpl	8	9
"< Application, Ljavax/servlet/http/HttpServlet, service(Ljavax/servlet/http/HttpServletRequest;Ljavax/servlet/http/HttpServletResponse;)V >"	9	55	java_comparison_cmp	54	50
"< Application, LEDU/oswego/cs/dl/util/concurrent/LinkedQueue, poll(J)Ljava/lang/Object; >"	21	21	java_comparison_cmp	29	11
"< Application, LEDU/oswego/cs/dl/util/concurrent/ReentrantWriterPreferenceReadWriteLock, endWrite()LEDU/oswego/cs/dl/util/concurrent/WriterPreferenceReadWriteLock$Signaller; >"	4	8	java_comparison_cmp	6	7
"< Application, LEDU/oswego/cs/dl/util/concurrent/QueuedSemaphore, attempt(J)Z >"	8	10	java_comparison_cmp	2	9
"< Application, LEDU/oswego/cs/dl/util/concurrent/WriterPreferenceReadWriteLock, endRead()LEDU/oswego/cs/dl/util/concurrent/WriterPreferenceReadWriteLock$Signaller; >"	3	7	java_comparison_cmp	5	6
"< Application, LEDU/oswego/cs/dl/util/concurrent/LinkedQueue, poll(J)Ljava/lang/Object; >"	10	12	java_comparison_cmp	2	11
"< Application, LEDU/oswego/cs/dl/util/concurrent/Rendezvous, doRendezvous(Ljava/lang/Object;ZJ)Ljava/lang/Object; >"	38	26	java_comparison_cmp	24	25
"< Application, LEDU/oswego/cs/dl/util/concurrent/ReentrantLock, attempt(J)Z >"	20	13	java_comparison_cmp	2	12
"< Application, LEDU/oswego/cs/dl/util/concurrent/FutureResult, timedGet(J)Ljava/lang/Object; >"	0	5	java_comparison_cmp	2	4
"< Application, LEDU/oswego/cs/dl/util/concurrent/WaitableFloat, whenLessEqual(FLjava/lang/Runnable;)V >"	3	7	java_comparison_cmpg	6	2
"< Application, LEDU/oswego/cs/dl/util/concurrent/ClockDaemon$TaskNode, compareTo(Ljava/lang/Object;)I >"	7	12	java_comparison_cmp	5	9
"< Application, LEDU/oswego/cs/dl/util/concurrent/WaitableFloat, whenNotEqual(FLjava/lang/Runnable;)V >"	3	7	java_comparison_cmpl	6	2
"< Application, LEDU/oswego/cs/dl/util/concurrent/WriterPreferenceReadWriteLock$WriterLock, attempt(J)Z >"	34	23	java_comparison_cmp	22	8
"< Application, Lhedc/ethz/util/Estimator, estimate(D)D >"	11	14	java_comparison_cmpl	33	4
"< Application, LEDU/oswego/cs/dl/util/concurrent/WaitableLong, whenLessEqual(JLjava/lang/Runnable;)V >"	3	7	java_comparison_cmp	6	2
"< Application, LEDU/oswego/cs/dl/util/concurrent/BoundedLinkedQueue, offer(Ljava/lang/Object;J)Z >"	16	14	java_comparison_cmp	3	13
"< Application, LEDU/oswego/cs/dl/util/concurrent/SynchronizedFloat, compareTo(F)I >"	4	8	java_comparison_cmpl	5	2
"< Application, LEDU/oswego/cs/dl/util/concurrent/LayeredSync, attempt(J)Z >"	0	5	java_comparison_cmp	2	4
"< Application, LEDU/oswego/cs/dl/util/concurrent/ReentrantWriterPreferenceReadWriteLock, startWrite()Z >"	4	15	java_comparison_cmp	14	4
"< Application, LEDU/oswego/cs/dl/util/concurrent/FutureResult, timedGet(J)Ljava/lang/Object; >"	9	11	java_comparison_cmp	2	4
"< Application, LEDU/oswego/cs/dl/util/concurrent/QueuedSemaphore$WaitQueue$WaitNode, doTimedWait(LEDU/oswego/cs/dl/util/concurrent/QueuedSemaphore;J)Z >"	5	10	java_comparison_cmp	3	9
"< Application, LEDU/oswego/cs/dl/util/concurrent/Semaphore, release(J)V >"	9	9	java_comparison_cmp	13	2
"< Application, LEDU/oswego/cs/dl/util/concurrent/ClockDaemon, nextTask()LEDU/oswego/cs/dl/util/concurrent/ClockDaemon$TaskNode; >"	23	30	java_comparison_cmp	28	29
"< Application, LEDU/oswego/cs/dl/util/concurrent/WaitFreeQueue, poll(J)Ljava/lang/Object; >"	2	8	java_comparison_cmp	2	7
"< Application, LEDU/oswego/cs/dl/util/concurrent/WaitableFloat, whenEqual(FLjava/lang/Runnable;)V >"	3	7	java_comparison_cmpl	6	2
"< Application, Ljavax/servlet/http/HttpServlet, service(Ljavax/servlet/http/HttpServletRequest;Ljavax/servlet/http/HttpServletResponse;)V >"	15	59	java_comparison_cmp	58	54
"< Application, LEDU/oswego/cs/dl/util/concurrent/WaitFreeQueue$Node, commit(LEDU/oswego/cs/dl/util/concurrent/WaitFreeQueue$Node;JLEDU/oswego/cs/dl/util/concurrent/WaitFreeQueue$Node;J)Z >"	3	9	java_comparison_cmp	8	3
"< Application, LEDU/oswego/cs/dl/util/concurrent/ReentrantWriterPreferenceReadWriteLock, endRead()LEDU/oswego/cs/dl/util/concurrent/WriterPreferenceReadWriteLock$Signaller; >"	4	8	java_comparison_cmp	6	7
"< Application, LEDU/oswego/cs/dl/util/concurrent/TimeDaemon, nextTask()LEDU/oswego/cs/dl/util/concurrent/TimeDaemon$TaskNode; >"	32	29	java_comparison_cmp	27	6
"< Application, LEDU/oswego/cs/dl/util/concurrent/WaitableDouble, whenGreater(DLjava/lang/Runnable;)V >"	3	7	java_comparison_cmpl	6	2
"< Application, LEDU/oswego/cs/dl/util/concurrent/LayeredSync, attempt(J)Z >"	8	13	java_comparison_cmp	2	4
"< Application, Lhedc/ethz/util/Estimator, calcIndex(D)I >"	1	5	java_comparison_cmpl	2	4
"< Application, Ljavax/servlet/http/HttpServlet, maybeSetLastModified(Ljavax/servlet/http/HttpServletResponse;J)V >"	3	10	java_comparison_cmp	3	9
"< Application, LEDU/oswego/cs/dl/util/concurrent/WriterPreferenceReadWriteLock$ReaderLock, attempt(J)Z >"	6	9	java_comparison_cmp	2	8
"< Application, Lhedc/RandomDate, <init>(Ljava/lang/String;Ljava/lang/String;)V >"	17	22	java_comparison_cmp	20	21
"< Application, Lhedc/ethz/util/HttpLogger, log(Ljavax/servlet/http/HttpServletRequest;Ljavax/servlet/http/HttpServletResponse;JIJ)V >"	138	241	java_comparison_cmp	4	240
"< Application, LEDU/oswego/cs/dl/util/concurrent/BoundedBuffer, poll(J)Ljava/lang/Object; >"	14	14	java_comparison_cmp	20	8
"< Application, Lhedc/ethz/util/RmiLogger, log(Ljava/lang/String;Ljava/util/Hashtable;Ljava/lang/String;Ljava/lang/String;Ljava/lang/String;Ljava/lang/Object;J)V >"	125	207	java_comparison_cmp	8	206
"< Application, LEDU/oswego/cs/dl/util/concurrent/Semaphore, attempt(J)Z >"	32	20	java_comparison_cmp	19	8
"< Application, LEDU/oswego/cs/dl/util/concurrent/ReentrantWriterPreferenceReadWriteLock, endRead()LEDU/oswego/cs/dl/util/concurrent/WriterPreferenceReadWriteLock$Signaller; >"	8	11	java_comparison_cmp	10	7
"< Application, LEDU/oswego/cs/dl/util/concurrent/WriterPreferenceReadWriteLock, endWrite()LEDU/oswego/cs/dl/util/concurrent/WriterPreferenceReadWriteLock$Signaller; >"	9	11	java_comparison_cmp	10	5
"< Application, LEDU/oswego/cs/dl/util/concurrent/WaitableLong, whenLess(JLjava/lang/Runnable;)V >"	3	7	java_comparison_cmp	6	2
"< Application, LEDU/oswego/cs/dl/util/concurrent/FIFOReadWriteLock$ReaderSync, attempt(J)Z >"	9	13	java_comparison_cmp	2	4
"< Application, LEDU/oswego/cs/dl/util/concurrent/ReentrantLock, release(J)V >"	13	14	java_comparison_cmp	12	13
"< Application, LEDU/oswego/cs/dl/util/concurrent/ReentrantLock, attempt(J)Z >"	43	23	java_comparison_cmp	22	12
"< Application, LEDU/oswego/cs/dl/util/concurrent/WriterPreferenceReadWriteLock, allowReader()Z >"	3	7	java_comparison_cmp	5	6
"< Application, LEDU/oswego/cs/dl/util/concurrent/ReentrantLock, release()V >"	9	10	java_comparison_cmp	8	9
"< Application, LEDU/oswego/cs/dl/util/concurrent/ClockDaemon, nextTask()LEDU/oswego/cs/dl/util/concurrent/ClockDaemon$TaskNode; >"	11	16	java_comparison_cmp	15	13
"< Application, LEDU/oswego/cs/dl/util/concurrent/FJTaskRunnerGroup, stats()V >"	73	119	java_comparison_cmpl	9	118
"< Application, LEDU/oswego/cs/dl/util/concurrent/CountDown, attempt(J)Z >"	10	9	java_comparison_cmp	2	8
"< Application, LEDU/oswego/cs/dl/util/concurrent/TimeDaemon$TaskNode, compareTo(Ljava/lang/Object;)I >"	4	10	java_comparison_cmp	5	9
"< Application, LEDU/oswego/cs/dl/util/concurrent/QueuedSemaphore$WaitQueue$WaitNode, doTimedWait(LEDU/oswego/cs/dl/util/concurrent/QueuedSemaphore;J)Z >"	18	19	java_comparison_cmp	18	9
"< Application, LEDU/oswego/cs/dl/util/concurrent/WaitableDouble, whenGreaterEqual(DLjava/lang/Runnable;)V >"	3	7	java_comparison_cmpl	6	2
"< Application, LEDU/oswego/cs/dl/util/concurrent/TimeDaemon, executePeriodically(JLjava/lang/Runnable;Z)Ljava/lang/Object; >"	0	7	java_comparison_cmp	2	6
"< Application, LEDU/oswego/cs/dl/util/concurrent/WaiterPreferenceSemaphore, attempt(J)Z >"	15	11	java_comparison_cmp	2	10
"< Application, LEDU/oswego/cs/dl/util/concurrent/Rendezvous, doRendezvous(Ljava/lang/Object;ZJ)Ljava/lang/Object; >"	78	77	java_comparison_cmp	76	7
"< Application, Lhedc/ethz/util/Estimator, <init>(Ljava/lang/String;DD)V >"	4	9	java_comparison_cmpl	3	4
"< Application, LEDU/oswego/cs/dl/util/concurrent/SynchronizedLong, compareTo(J)I >"	1	6	java_comparison_cmp	5	2
"< Application, LEDU/oswego/cs/dl/util/concurrent/WaitFreeQueue$Node, pointerEquals(LEDU/oswego/cs/dl/util/concurrent/WaitFreeQueue$Node;J)Z >"	3	7	java_comparison_cmp	3	6
"< Application, LEDU/oswego/cs/dl/util/concurrent/WaitableLong, whenEqual(JLjava/lang/Runnable;)V >"	3	7	java_comparison_cmp	6	2
"< Application, LEDU/oswego/cs/dl/util/concurrent/SynchronizedDouble, compareTo(D)I >"	4	8	java_comparison_cmpl	5	2
"< Application, LEDU/oswego/cs/dl/util/concurrent/WriterPreferenceReadWriteLock, endRead()LEDU/oswego/cs/dl/util/concurrent/WriterPreferenceReadWriteLock$Signaller; >"	6	10	java_comparison_cmp	9	6
"< Application, Ljavax/servlet/http/HttpServlet, service(Ljavax/servlet/http/HttpServletRequest;Ljavax/servlet/http/HttpServletResponse;)V >"	17	60	java_comparison_cmp	54	49
"< Application, LEDU/oswego/cs/dl/util/concurrent/Semaphore, attempt(J)Z >"	22	15	java_comparison_cmp	14	8
"< Application, LEDU/oswego/cs/dl/util/concurrent/Semaphore, attempt(J)Z >"	7	9	java_comparison_cmp	7	8
"< Application, LEDU/oswego/cs/dl/util/concurrent/BoundedBuffer, offer(Ljava/lang/Object;J)Z >"	19	16	java_comparison_cmp	23	10
"< Application, LEDU/oswego/cs/dl/util/concurrent/BoundedLinkedQueue, poll(J)Ljava/lang/Object; >"	18	18	java_comparison_cmp	26	11
"< Application, LEDU/oswego/cs/dl/util/concurrent/WaiterPreferenceSemaphore, release(J)V >"	4	7	java_comparison_cmp	12	2
"< Application, LEDU/oswego/cs/dl/util/concurrent/CountDown, attempt(J)Z >"	24	18	java_comparison_cmp	17	8
"< Application, LEDU/oswego/cs/dl/util/concurrent/WaitableDouble, whenNotEqual(DLjava/lang/Runnable;)V >"	3	7	java_comparison_cmpl	6	2
"< Application, LEDU/oswego/cs/dl/util/concurrent/CyclicBarrier, doBarrier(ZJ)I >"	66	32	java_comparison_cmp	31	12
"< Application, LEDU/oswego/cs/dl/util/concurrent/Semaphore, acquire()V >"	7	8	java_comparison_cmp	6	7
"< Application, LEDU/oswego/cs/dl/util/concurrent/FJTaskRunner, scanWhileIdling()V >"	55	47	java_comparison_cmp	44	46
"< Application, LEDU/oswego/cs/dl/util/concurrent/SynchronizedDouble, equals(Ljava/lang/Object;)Z >"	6	12	java_comparison_cmpl	8	11
"< Application, LEDU/oswego/cs/dl/util/concurrent/WaitableDouble, whenLess(DLjava/lang/Runnable;)V >"	3	7	java_comparison_cmpg	6	2
"< Application, LEDU/oswego/cs/dl/util/concurrent/Semaphore, attempt(J)Z >"	14	10	java_comparison_cmp	2	8
"< Application, LEDU/oswego/cs/dl/util/concurrent/SynchronizedFloat, equals(Ljava/lang/Object;)Z >"	6	12	java_comparison_cmpl	8	11
"< Application, LEDU/oswego/cs/dl/util/concurrent/CondVar, timedwait(J)Z >"	14	19	java_comparison_cmp	18	2
"< Application, LEDU/oswego/cs/dl/util/concurrent/ReentrantWriterPreferenceReadWriteLock, allowReader()Z >"	3	7	java_comparison_cmp	5	6
"< Application, LEDU/oswego/cs/dl/util/concurrent/SynchronizedDouble, commit(DD)Z >"	3	7	java_comparison_cmpl	2	6
"< Application, LEDU/oswego/cs/dl/util/concurrent/WriterPreferenceReadWriteLock, endWrite()LEDU/oswego/cs/dl/util/concurrent/WriterPreferenceReadWriteLock$Signaller; >"	2	6	java_comparison_cmp	4	5
"< Application, Lhedc/ethz/util/Estimator, estimate(D)D >"	20	19	java_comparison_cmpl	18	4
"< Application, LEDU/oswego/cs/dl/util/concurrent/TimeDaemon, nextTask()LEDU/oswego/cs/dl/util/concurrent/TimeDaemon$TaskNode; >"	23	32	java_comparison_cmp	31	6
"< Application, LEDU/oswego/cs/dl/util/concurrent/Semaphore, release(J)V >"	0	5	java_comparison_cmp	2	4
"< Application, LEDU/oswego/cs/dl/util/concurrent/WaitableLong, whenGreaterEqual(JLjava/lang/Runnable;)V >"	3	7	java_comparison_cmp	6	2
"< Application, LEDU/oswego/cs/dl/util/concurrent/Rendezvous, doRendezvous(Ljava/lang/Object;ZJ)Ljava/lang/Object; >"	100	63	java_comparison_cmp	62	7
"< Application, LEDU/oswego/cs/dl/util/concurrent/ClockDaemon, executePeriodically(JLjava/lang/Runnable;Z)Ljava/lang/Object; >"	0	7	java_comparison_cmp	2	6
"< Application, LEDU/oswego/cs/dl/util/concurrent/Latch, attempt(J)Z >"	10	9	java_comparison_cmp	2	8
"< Application, LEDU/oswego/cs/dl/util/concurrent/Mutex, attempt(J)Z >"	26	18	java_comparison_cmp	17	8
"< Application, LEDU/oswego/cs/dl/util/concurrent/WaitableFloat, whenLess(FLjava/lang/Runnable;)V >"	3	7	java_comparison_cmpg	6	2
"< Application, LEDU/oswego/cs/dl/util/concurrent/ReentrantWriterPreferenceReadWriteLock, startWrite()Z >"	1	5	java_comparison_cmp	3	4
"< Application, LEDU/oswego/cs/dl/util/concurrent/Rendezvous, doRendezvous(Ljava/lang/Object;ZJ)Ljava/lang/Object; >"	44	31	java_comparison_cmp	30	7
"< Application, LEDU/oswego/cs/dl/util/concurrent/ReentrantWriterPreferenceReadWriteLock, endRead()LEDU/oswego/cs/dl/util/concurrent/WriterPreferenceReadWriteLock$Signaller; >"	11	13	java_comparison_cmp	12	7
"< Application, LEDU/oswego/cs/dl/util/concurrent/WaiterPreferenceSemaphore, acquire()V >"	20	15	java_comparison_cmp	13	14
"< Application, Ljavax/servlet/http/HttpServlet, service(Ljavax/servlet/http/HttpServletRequest;Ljavax/servlet/http/HttpServletResponse;)V >"	4	51	java_comparison_cmp	49	50
"< Application, LEDU/oswego/cs/dl/util/concurrent/BoundedLinkedQueue, offer(Ljava/lang/Object;J)Z >"	30	24	java_comparison_cmp	23	13
"< Application, LEDU/oswego/cs/dl/util/concurrent/SynchronizedDouble, compareTo(D)I >"	1	6	java_comparison_cmpg	5	2
"< Application, LEDU/oswego/cs/dl/util/concurrent/ReentrantWriterPreferenceReadWriteLock, endWrite()LEDU/oswego/cs/dl/util/concurrent/WriterPreferenceReadWriteLock$Signaller; >"	9	12	java_comparison_cmp	11	7
"< Application, LEDU/oswego/cs/dl/util/concurrent/TimeDaemon, nextTask()LEDU/oswego/cs/dl/util/concurrent/TimeDaemon$TaskNode; >"	10	17	java_comparison_cmp	16	14
