"< Application, Lhedc/ethz/util/Logger, openLog(Ljava/lang/String;I)V >"	20	21
"< Application, LEDU/oswego/cs/dl/util/concurrent/WaitableFloat, subtract(F)F >"	7	9
"< Application, LEDU/oswego/cs/dl/util/concurrent/CopyOnWriteArrayList$COWSubList, subList(II)Ljava/util/List; >"	18	18
"< Application, Lhedc/ethz/util/Generator, putBuffer_([C)V >"	12	12
"< Application, Lhedc/ethz/util/RmiLogger, writePreamble_()V >"	20	32
"< Application, LEDU/oswego/cs/dl/util/concurrent/WaitableLong, divide(J)J >"	7	9
"< Application, Ljavax/servlet/http/Cookie, clone()Ljava/lang/Object; >"	2	5
"< Application, LEDU/oswego/cs/dl/util/concurrent/WaitableInt, whenLess(ILjava/lang/Runnable;)V >"	11	11
"< Application, LEDU/oswego/cs/dl/util/concurrent/BoundedLinkedQueue, put(Ljava/lang/Object;)V >"	21	15
"< Application, Ljavax/servlet/jsp/tagext/BodyContent, clearBody()V >"	2	4
"< Application, LEDU/oswego/cs/dl/util/concurrent/WriterPreferenceReadWriteLock$ReaderLock, attempt(J)Z >"	41	39
"< Application, LEDU/oswego/cs/dl/util/concurrent/Mutex, attempt(J)Z >"	33	23
"< Application, LEDU/oswego/cs/dl/util/concurrent/LinkedQueue, peek()Ljava/lang/Object; >"	10	8
"< Application, LEDU/oswego/cs/dl/util/concurrent/SyncList$SyncCollectionListIterator, set(Ljava/lang/Object;)V >"	9	10
"< Application, LEDU/oswego/cs/dl/util/concurrent/SynchronizedFloat, swap(LEDU/oswego/cs/dl/util/concurrent/SynchronizedFloat;)F >"	21	21
"< Application, LEDU/oswego/cs/dl/util/concurrent/SyncMap, clear()V >"	12	10
"< Application, LEDU/oswego/cs/dl/util/concurrent/SyncSortedMap, comparator()Ljava/util/Comparator; >"	5	9
"< Application, LEDU/oswego/cs/dl/util/concurrent/SynchronizedLong, negate()J >"	8	7
"< Application, LEDU/oswego/cs/dl/util/concurrent/SynchronousChannel, doPut(Ljava/lang/Object;)V >"	9	11
"< Application, Lhedc/ethz/util/Ftp, closeServer()V >"	27	14
"< Application, LEDU/oswego/cs/dl/util/concurrent/SynchronizedShort, add(S)S >"	8	8
"< Application, LEDU/oswego/cs/dl/util/concurrent/SyncList, get(I)Ljava/lang/Object; >"	5	10
"< Application, LEDU/oswego/cs/dl/util/concurrent/FJTaskRunner, confirmTake(I)LEDU/oswego/cs/dl/util/concurrent/FJTask; >"	16	16
"< Application, LEDU/oswego/cs/dl/util/concurrent/BoundedLinkedQueue, offer(Ljava/lang/Object;J)Z >"	36	26
"< Application, LEDU/oswego/cs/dl/util/concurrent/SyncMap, put(Ljava/lang/Object;Ljava/lang/Object;)Ljava/lang/Object; >"	11	13
"< Application, Lhedc/ethz/util/SmartRef, getLocalHostname_()Ljava/lang/String; >"	3	6
"< Application, Lhedc/PooledExecutorWithInvalidate$Worker, run()V >"	20	21
"< Application, Lhedc/Tester, main([Ljava/lang/String;)V >"	31	37
"< Application, LEDU/oswego/cs/dl/util/concurrent/SyncCollection, unprotectedIterator()Ljava/util/Iterator; >"	5	8
"< Application, LEDU/oswego/cs/dl/util/concurrent/CondVar, await()V >"	22	23
"< Application, LEDU/oswego/cs/dl/util/concurrent/SynchronizedShort, and(S)S >"	9	9
"< Application, LEDU/oswego/cs/dl/util/concurrent/SyncCollection, beforeRead()Z >"	3	5
"< Application, LEDU/oswego/cs/dl/util/concurrent/SynchronizedLong, add(J)J >"	7	7
"< Application, LEDU/oswego/cs/dl/util/concurrent/WaitableBoolean, and(Z)Z >"	7	9
"< Application, LEDU/oswego/cs/dl/util/concurrent/SynchronizedShort, set(S)S >"	6	6
"< Application, LEDU/oswego/cs/dl/util/concurrent/WaitableRef, commit(Ljava/lang/Object;Ljava/lang/Object;)Z >"	8	11
"< Application, Lhedc/ethz/util/Ftp, closeServer()V >"	12	18
"< Application, LEDU/oswego/cs/dl/util/concurrent/WaitableFloat, divide(F)F >"	7	9
"< Application, LEDU/oswego/cs/dl/util/concurrent/BoundedBuffer, peek()Ljava/lang/Object; >"	10	9
"< Application, LEDU/oswego/cs/dl/util/concurrent/LinkedQueue, extract()Ljava/lang/Object; >"	11	9
"< Application, LEDU/oswego/cs/dl/util/concurrent/WaitableByte, commit(BB)Z >"	8	11
"< Application, LEDU/oswego/cs/dl/util/concurrent/SynchronizedLong, xor(J)J >"	8	8
"< Application, Lhedc/ethz/util/BaseProperties, getInetAddress(Ljava/lang/String;Ljava/net/InetAddress;)Ljava/net/InetAddress; >"	4	10
"< Application, LEDU/oswego/cs/dl/util/concurrent/WaitableBoolean, xor(Z)Z >"	7	9
"< Application, LEDU/oswego/cs/dl/util/concurrent/SyncSortedSet, tailSet(Ljava/lang/Object;)Ljava/util/SortedSet; >"	9	14
"< Application, LEDU/oswego/cs/dl/util/concurrent/SynchronizedByte, subtract(B)B >"	8	8
"< Application, LEDU/oswego/cs/dl/util/concurrent/BoundedBuffer, take()Ljava/lang/Object; >"	16	14
"< Application, LEDU/oswego/cs/dl/util/concurrent/SynchronizedBoolean, xor(Z)Z >"	8	8
"< Application, LEDU/oswego/cs/dl/util/concurrent/SynchronizedRef, get()Ljava/lang/Object; >"	5	5
"< Application, LEDU/oswego/cs/dl/util/concurrent/WaitableChar, whenGreater(CLjava/lang/Runnable;)V >"	11	11
"< Application, LEDU/oswego/cs/dl/util/concurrent/WaitableByte, whenEqual(BLjava/lang/Runnable;)V >"	11	11
"< Application, LEDU/oswego/cs/dl/util/concurrent/WaitableRef, whenNotNull(Ljava/lang/Runnable;)V >"	11	10
"< Application, LEDU/oswego/cs/dl/util/concurrent/BoundedBuffer, poll(J)Ljava/lang/Object; >"	30	26
"< Application, LEDU/oswego/cs/dl/util/concurrent/WaitableByte, divide(B)B >"	7	9
"< Application, LEDU/oswego/cs/dl/util/concurrent/SyncCollection, toArray()[Ljava/lang/Object; >"	5	8
"< Application, LEDU/oswego/cs/dl/util/concurrent/WaitableShort, increment()S >"	7	8
"< Application, LEDU/oswego/cs/dl/util/concurrent/SyncList, hashCode()I >"	5	8
"< Application, LEDU/oswego/cs/dl/util/concurrent/WaitableInt, increment()I >"	7	8
"< Application, LEDU/oswego/cs/dl/util/concurrent/WaiterPreferenceSemaphore, acquire()V >"	36	26
"< Application, LEDU/oswego/cs/dl/util/concurrent/SynchronizedLong, or(J)J >"	8	8
"< Application, LEDU/oswego/cs/dl/util/concurrent/WaitableChar, whenEqual(CLjava/lang/Runnable;)V >"	11	11
"< Application, LEDU/oswego/cs/dl/util/concurrent/WaitableLong, decrement()J >"	7	8
"< Application, LEDU/oswego/cs/dl/util/concurrent/WaitableChar, set(C)C >"	7	9
"< Application, LEDU/oswego/cs/dl/util/concurrent/WaitableInt, whenGreater(ILjava/lang/Runnable;)V >"	11	11
"< Application, Lhedc/ethz/util/CopyStream, run()V >"	17	18
"< Application, LEDU/oswego/cs/dl/util/concurrent/WaitableLong, subtract(J)J >"	7	9
"< Application, LEDU/oswego/cs/dl/util/concurrent/SynchronizedInt, add(I)I >"	7	7
"< Application, LEDU/oswego/cs/dl/util/concurrent/WaitableShort, whenNotEqual(SLjava/lang/Runnable;)V >"	11	11
"< Application, LEDU/oswego/cs/dl/util/concurrent/WaitableShort, decrement()S >"	7	8
"< Application, LEDU/oswego/cs/dl/util/concurrent/SyncList$SyncCollectionListIterator, add(Ljava/lang/Object;)V >"	15	14
"< Application, LEDU/oswego/cs/dl/util/concurrent/WaitableInt, set(I)I >"	7	9
"< Application, LEDU/oswego/cs/dl/util/concurrent/SynchronizedBoolean, and(Z)Z >"	8	8
"< Application, LEDU/oswego/cs/dl/util/concurrent/SyncList, listIterator()Ljava/util/ListIterator; >"	7	11
"< Application, LEDU/oswego/cs/dl/util/concurrent/LinkedQueue, insert(Ljava/lang/Object;)V >"	11	9
"< Application, LEDU/oswego/cs/dl/util/concurrent/SynchronizedInt, decrement()I >"	7	7
"< Application, LEDU/oswego/cs/dl/util/concurrent/WaitableDouble, whenEqual(DLjava/lang/Runnable;)V >"	12	13
"< Application, LEDU/oswego/cs/dl/util/concurrent/Semaphore, acquire()V >"	20	15
"< Application, LEDU/oswego/cs/dl/util/concurrent/BoundedBuffer, take()Ljava/lang/Object; >"	10	12
"< Application, LEDU/oswego/cs/dl/util/concurrent/CondVar, timedwait(J)Z >"	38	25
"< Application, LEDU/oswego/cs/dl/util/concurrent/Mutex, attempt(J)Z >"	30	20
"< Application, LEDU/oswego/cs/dl/util/concurrent/PooledExecutor$WaitWhenBlocked, blockedAction(Ljava/lang/Runnable;)Z >"	4	7
"< Application, LEDU/oswego/cs/dl/util/concurrent/WaitableDouble, whenGreater(DLjava/lang/Runnable;)V >"	12	13
"< Application, LEDU/oswego/cs/dl/util/concurrent/SynchronizedShort, commit(SS)Z >"	10	10
"< Application, LEDU/oswego/cs/dl/util/concurrent/CopyOnWriteArrayList$COWSubList, size()I >"	6	6
"< Application, LEDU/oswego/cs/dl/util/concurrent/CondVar, timedwait(J)Z >"	20	14
"< Application, LEDU/oswego/cs/dl/util/concurrent/SynchronizedInt, increment()I >"	7	7
"< Application, LEDU/oswego/cs/dl/util/concurrent/BoundedLinkedQueue, poll(J)Ljava/lang/Object; >"	28	27
"< Application, LEDU/oswego/cs/dl/util/concurrent/SynchronizedLong, decrement()J >"	7	7
"< Application, Lhedc/ethz/util/HttpLogger, writeEpilogue_()V >"	14	23
"< Application, LEDU/oswego/cs/dl/util/concurrent/CondVar, await()V >"	33	15
"< Application, LEDU/oswego/cs/dl/util/concurrent/WaitableBoolean, whenEqual(ZLjava/lang/Runnable;)V >"	11	11
"< Application, LEDU/oswego/cs/dl/util/concurrent/SynchronousChannel, doTake(ZJ)Ljava/lang/Object; >"	24	27
"< Application, LEDU/oswego/cs/dl/util/concurrent/QueuedSemaphore$WaitQueue$WaitNode, doTimedWait(LEDU/oswego/cs/dl/util/concurrent/QueuedSemaphore;J)Z >"	22	21
"< Application, LEDU/oswego/cs/dl/util/concurrent/WaitFreeQueue, insert(Ljava/lang/Object;)V >"	15	28
"< Application, LEDU/oswego/cs/dl/util/concurrent/CondVar, timedwait(J)Z >"	32	36
"< Application, LEDU/oswego/cs/dl/util/concurrent/SyncMap, hashCode()I >"	5	8
"< Application, LEDU/oswego/cs/dl/util/concurrent/WaitableByte, decrement()B >"	7	8
"< Application, LEDU/oswego/cs/dl/util/concurrent/Rendezvous, doRendezvous(Ljava/lang/Object;ZJ)Ljava/lang/Object; >"	57	34
"< Application, LEDU/oswego/cs/dl/util/concurrent/SynchronizedByte, set(B)B >"	6	6
"< Application, LEDU/oswego/cs/dl/util/concurrent/WaitableInt, commit(II)Z >"	8	11
"< Application, LEDU/oswego/cs/dl/util/concurrent/PooledExecutor, createThreads(I)I >"	14	17
"< Application, LEDU/oswego/cs/dl/util/concurrent/SyncCollection, retainAll(Ljava/util/Collection;)Z >"	7	9
"< Application, LEDU/oswego/cs/dl/util/concurrent/SyncCollection, remove(Ljava/lang/Object;)Z >"	7	9
"< Application, LEDU/oswego/cs/dl/util/concurrent/ClockDaemon, nextTask()LEDU/oswego/cs/dl/util/concurrent/ClockDaemon$TaskNode; >"	33	36
"< Application, Lhedc/ethz/util/BaseProperties, load(Ljava/lang/String;)V >"	9	13
"< Application, LEDU/oswego/cs/dl/util/concurrent/WaitableDouble, add(D)D >"	7	9
"< Application, LEDU/oswego/cs/dl/util/concurrent/SyncMap, entrySet()Ljava/util/Set; >"	13	15
"< Application, LEDU/oswego/cs/dl/util/concurrent/WaitableDouble, subtract(D)D >"	7	9
"< Application, LEDU/oswego/cs/dl/util/concurrent/SynchronizedChar, multiply(C)C >"	8	8
"< Application, LEDU/oswego/cs/dl/util/concurrent/SynchronizedRef, swap(LEDU/oswego/cs/dl/util/concurrent/SynchronizedRef;)Ljava/lang/Object; >"	18	20
"< Application, LEDU/oswego/cs/dl/util/concurrent/WaitableInt, whenGreaterEqual(ILjava/lang/Runnable;)V >"	11	11
"< Application, Ljavax/servlet/http/HttpUtils, parseName(Ljava/lang/String;Ljava/lang/StringBuffer;)Ljava/lang/String; >"	18	22
"< Application, LEDU/oswego/cs/dl/util/concurrent/WaitableLong, commit(JJ)Z >"	8	11
"< Application, LEDU/oswego/cs/dl/util/concurrent/WaiterPreferenceSemaphore, attempt(J)Z >"	52	39
"< Application, LEDU/oswego/cs/dl/util/concurrent/WaitableFloat, whenGreater(FLjava/lang/Runnable;)V >"	12	13
"< Application, LEDU/oswego/cs/dl/util/concurrent/SynchronizedInt, set(I)I >"	6	6
"< Application, LEDU/oswego/cs/dl/util/concurrent/SyncList, set(ILjava/lang/Object;)Ljava/lang/Object; >"	11	14
"< Application, LEDU/oswego/cs/dl/util/concurrent/FJTaskRunnerGroup, executeTask(LEDU/oswego/cs/dl/util/concurrent/FJTask;)V >"	4	6
"< Application, LEDU/oswego/cs/dl/util/concurrent/SynchronizedLong, get()J >"	5	5
"< Application, LEDU/oswego/cs/dl/util/concurrent/SynchronizedInt, swap(LEDU/oswego/cs/dl/util/concurrent/SynchronizedInt;)I >"	18	20
"< Application, LEDU/oswego/cs/dl/util/concurrent/WaitableFloat, whenEqual(FLjava/lang/Runnable;)V >"	12	13
"< Application, LEDU/oswego/cs/dl/util/concurrent/CopyOnWriteArrayList$COWIterator, next()Ljava/lang/Object; >"	6	8
"< Application, Lhedc/ethz/util/EtcUtil, isLocalHost(Ljava/lang/String;)Z >"	8	9
"< Application, Lhedc/ethz/util/Messages, format(Ljava/lang/String;Ljava/lang/Object;Ljava/lang/Object;Ljava/lang/Object;Ljava/lang/Object;)Ljava/lang/String; >"	54	93
"< Application, LEDU/oswego/cs/dl/util/concurrent/SynchronizedFloat, get()F >"	5	5
"< Application, LEDU/oswego/cs/dl/util/concurrent/SyncCollection, remove(Ljava/lang/Object;)Z >"	11	12
"< Application, LEDU/oswego/cs/dl/util/concurrent/SynchronizedByte, complement()B >"	9	9
"< Application, LEDU/oswego/cs/dl/util/concurrent/WaitableLong, multiply(J)J >"	7	9
"< Application, LEDU/oswego/cs/dl/util/concurrent/SyncList, add(ILjava/lang/Object;)V >"	7	10
"< Application, Lhedc/Tester, run()V >"	57	97
"< Application, LEDU/oswego/cs/dl/util/concurrent/SynchronizedFloat, multiply(F)F >"	7	7
"< Application, LEDU/oswego/cs/dl/util/concurrent/WaitableDouble, whenLessEqual(DLjava/lang/Runnable;)V >"	12	13
"< Application, LEDU/oswego/cs/dl/util/concurrent/SyncList, remove(I)Ljava/lang/Object; >"	7	10
"< Application, LEDU/oswego/cs/dl/util/concurrent/SynchronizedShort, xor(S)S >"	9	9
"< Application, Ljavax/servlet/http/HttpUtils, parsePostData(ILjavax/servlet/ServletInputStream;)Ljava/util/Hashtable; >"	31	16
"< Application, LEDU/oswego/cs/dl/util/concurrent/WaitableBoolean, whenFalse(Ljava/lang/Runnable;)V >"	11	11
"< Application, LEDU/oswego/cs/dl/util/concurrent/WaitableChar, add(C)C >"	7	9
"< Application, LEDU/oswego/cs/dl/util/concurrent/Mutex, acquire()V >"	12	9
"< Application, LEDU/oswego/cs/dl/util/concurrent/WaitFreeQueue, insert(Ljava/lang/Object;)V >"	23	30
"< Application, LEDU/oswego/cs/dl/util/concurrent/SyncSortedMap, firstKey()Ljava/lang/Object; >"	5	9
"< Application, LEDU/oswego/cs/dl/util/concurrent/SyncMap, remove(Ljava/lang/Object;)Ljava/lang/Object; >"	7	9
"< Application, LEDU/oswego/cs/dl/util/concurrent/CopyOnWriteArrayList$COWSubList, add(ILjava/lang/Object;)V >"	21	20
"< Application, LEDU/oswego/cs/dl/util/concurrent/SynchronizedLong, commit(JJ)Z >"	11	11
"< Application, LEDU/oswego/cs/dl/util/concurrent/BoundedLinkedQueue, put(Ljava/lang/Object;)V >"	26	17
"< Application, Lhedc/ethz/util/DoubleBufferCopy, copy()V >"	7	9
"< Application, LEDU/oswego/cs/dl/util/concurrent/PropertyChangeMulticaster, multicast(Ljava/beans/PropertyChangeEvent;)V >"	13	16
"< Application, Lhedc/ethz/util/Messages, wlevel()I >"	14	15
"< Application, LEDU/oswego/cs/dl/util/concurrent/VetoableChangeMulticaster, addVetoableChangeListener(Ljava/lang/String;Ljava/beans/VetoableChangeListener;)V >"	24	21
"< Application, LEDU/oswego/cs/dl/util/concurrent/BoundedBuffer, poll(J)Ljava/lang/Object; >"	20	24
"< Application, Lhedc/regexp/GroupReference, backup(Lhedc/regexp/State;)V >"	6	7
"< Application, Lhedc/Messages, wlevel()I >"	9	12
"< Application, LEDU/oswego/cs/dl/util/concurrent/SemaphoreControlledChannel, poll(J)Ljava/lang/Object; >"	13	14
"< Application, LEDU/oswego/cs/dl/util/concurrent/VetoableChangeMulticaster, hasListeners(Ljava/lang/String;)Z >"	19	16
"< Application, LEDU/oswego/cs/dl/util/concurrent/BoundedLinkedQueue, extract()Ljava/lang/Object; >"	15	13
"< Application, LEDU/oswego/cs/dl/util/concurrent/Latch, acquire()V >"	12	8
"< Application, LEDU/oswego/cs/dl/util/concurrent/CondVar, timedwait(J)Z >"	25	23
"< Application, LEDU/oswego/cs/dl/util/concurrent/BoundedLinkedQueue, take()Ljava/lang/Object; >"	17	15
"< Application, LEDU/oswego/cs/dl/util/concurrent/SynchronizedDouble, add(D)D >"	7	7
"< Application, LEDU/oswego/cs/dl/util/concurrent/Rendezvous, doRendezvous(Ljava/lang/Object;ZJ)Ljava/lang/Object; >"	123	90
"< Application, LEDU/oswego/cs/dl/util/concurrent/PropertyChangeMulticaster, addPropertyChangeListenerIfAbsent(Ljava/lang/String;Ljava/beans/PropertyChangeListener;)V >"	24	21
"< Application, LEDU/oswego/cs/dl/util/concurrent/BoundedBuffer, incEmptySlots()V >"	9	9
"< Application, LEDU/oswego/cs/dl/util/concurrent/QueuedExecutor$RunLoop, run()V >"	11	13
"< Application, Lhedc/ethz/util/Logger, closeLog_()V >"	5	6
"< Application, LEDU/oswego/cs/dl/util/concurrent/WaitableLong, set(J)J >"	7	9
"< Application, Ljavax/servlet/http/HttpServlet, service(Ljavax/servlet/ServletRequest;Ljavax/servlet/ServletResponse;)V >"	3	7
"< Application, LEDU/oswego/cs/dl/util/concurrent/WaitableShort, multiply(S)S >"	7	9
"< Application, LEDU/oswego/cs/dl/util/concurrent/WaitableChar, whenLessEqual(CLjava/lang/Runnable;)V >"	11	11
"< Application, LEDU/oswego/cs/dl/util/concurrent/BoundedLinkedQueue, take()Ljava/lang/Object; >"	21	18
"< Application, Lhedc/ethz/util/EtcUtil, copyFile(Ljava/io/File;Ljava/io/File;)Z >"	20	22
"< Application, LEDU/oswego/cs/dl/util/concurrent/BoundedBuffer, put(Ljava/lang/Object;)V >"	23	17
"< Application, LEDU/oswego/cs/dl/util/concurrent/WriterPreferenceReadWriteLock$WriterLock, acquire()V >"	16	14
"< Application, LEDU/oswego/cs/dl/util/concurrent/ReentrantLock, acquire()V >"	20	13
"< Application, LEDU/oswego/cs/dl/util/concurrent/SynchronizedShort, increment()S >"	8	8
"< Application, LEDU/oswego/cs/dl/util/concurrent/SyncSortedSet, headSet(Ljava/lang/Object;)Ljava/util/SortedSet; >"	9	14
"< Application, LEDU/oswego/cs/dl/util/concurrent/WaitableShort, set(S)S >"	7	9
"< Application, LEDU/oswego/cs/dl/util/concurrent/CopyOnWriteArrayList$COWIterator, previous()Ljava/lang/Object; >"	6	8
"< Application, LEDU/oswego/cs/dl/util/concurrent/WriterPreferenceReadWriteLock$ReaderLock, acquire()V >"	16	14
"< Application, LEDU/oswego/cs/dl/util/concurrent/WaitableDouble, multiply(D)D >"	7	9
"< Application, LEDU/oswego/cs/dl/util/concurrent/SynchronizedBoolean, or(Z)Z >"	8	8
"< Application, LEDU/oswego/cs/dl/util/concurrent/SyncCollection, iterator()Ljava/util/Iterator; >"	7	10
"< Application, LEDU/oswego/cs/dl/util/concurrent/WaitableRef, whenNull(Ljava/lang/Runnable;)V >"	11	10
"< Application, LEDU/oswego/cs/dl/util/concurrent/SyncMap, keySet()Ljava/util/Set; >"	13	15
"< Application, LEDU/oswego/cs/dl/util/concurrent/SynchronizedDouble, set(D)D >"	6	6
"< Application, Lhedc/MetaSearchImpl, search(Ljava/util/Hashtable;Lhedc/MetaSearchRequest;)Ljava/util/List; >"	15	34
"< Application, LEDU/oswego/cs/dl/util/concurrent/WriterPreferenceReadWriteLock$ReaderLock, acquire()V >"	23	22
"< Application, LEDU/oswego/cs/dl/util/concurrent/WaitableInt, whenLessEqual(ILjava/lang/Runnable;)V >"	11	11
"< Application, LEDU/oswego/cs/dl/util/concurrent/SyncList, equals(Ljava/lang/Object;)Z >"	5	9
"< Application, LEDU/oswego/cs/dl/util/concurrent/SyncList, unprotectedListIterator()Ljava/util/ListIterator; >"	5	9
"< Application, LEDU/oswego/cs/dl/util/concurrent/BoundedLinkedQueue, isEmpty()Z >"	9	10
"< Application, Lhedc/DateFormatter, parse(Ljava/lang/String;Ljava/text/ParsePosition;)Ljava/util/Date; >"	159	170
"< Application, LEDU/oswego/cs/dl/util/concurrent/SyncList$SyncCollectionListIterator, previous()Ljava/lang/Object; >"	7	10
"< Application, LEDU/oswego/cs/dl/util/concurrent/FJTaskRunnerGroup, pollEntryQueue()LEDU/oswego/cs/dl/util/concurrent/FJTask; >"	5	7
"< Application, LEDU/oswego/cs/dl/util/concurrent/LinkedQueue, insert(Ljava/lang/Object;)V >"	20	14
"< Application, LEDU/oswego/cs/dl/util/concurrent/SyncSet, equals(Ljava/lang/Object;)Z >"	5	9
"< Application, LEDU/oswego/cs/dl/util/concurrent/PropertyChangeMulticaster, addPropertyChangeListener(Ljava/lang/String;Ljava/beans/PropertyChangeListener;)V >"	24	21
"< Application, LEDU/oswego/cs/dl/util/concurrent/WaitableByte, multiply(B)B >"	7	9
"< Application, LEDU/oswego/cs/dl/util/concurrent/WaitFreeQueue, extract()Ljava/lang/Object; >"	13	31
"< Application, Lhedc/ethz/util/EtcUtil, getLocalHostname()Ljava/lang/String; >"	6	6
"< Application, LEDU/oswego/cs/dl/util/concurrent/SyncList, listIterator(I)Ljava/util/ListIterator; >"	7	12
"< Application, LEDU/oswego/cs/dl/util/concurrent/SyncSortedMap, headMap(Ljava/lang/Object;)Ljava/util/SortedMap; >"	9	14
"< Application, LEDU/oswego/cs/dl/util/concurrent/WaitableLong, whenGreater(JLjava/lang/Runnable;)V >"	12	13
"< Application, LEDU/oswego/cs/dl/util/concurrent/LayeredSync, acquire()V >"	5	7
"< Application, LEDU/oswego/cs/dl/util/concurrent/LinkedQueue, poll(J)Ljava/lang/Object; >"	41	37
"< Application, LEDU/oswego/cs/dl/util/concurrent/SyncCollection, removeAll(Ljava/util/Collection;)Z >"	7	9
"< Application, LEDU/oswego/cs/dl/util/concurrent/BoundedLinkedQueue, insert(Ljava/lang/Object;)V >"	12	11
"< Application, LEDU/oswego/cs/dl/util/concurrent/CopyOnWriteArrayList, clone()Ljava/lang/Object; >"	10	7
"< Application, LEDU/oswego/cs/dl/util/concurrent/SyncMap, values()Ljava/util/Collection; >"	13	15
"< Application, Lhedc/ethz/util/Ftp, closeServer()V >"	14	10
"< Application, Lhedc/regexp/Regexp, match(Lhedc/regexp/State;)Z >"	9	11
"< Application, LEDU/oswego/cs/dl/util/concurrent/SynchronizedInt, complement()I >"	8	8
"< Application, Lhedc/ethz/util/Messages, format(Ljava/lang/String;Ljava/lang/Object;)Ljava/lang/String; >"	15	27
"< Application, Lhedc/RandomDate, main([Ljava/lang/String;)V >"	10	16
"< Application, LEDU/oswego/cs/dl/util/concurrent/WaitableByte, subtract(B)B >"	7	9
"< Application, LEDU/oswego/cs/dl/util/concurrent/WaitableFloat, whenLess(FLjava/lang/Runnable;)V >"	12	13
"< Application, LEDU/oswego/cs/dl/util/concurrent/WaitableLong, whenLess(JLjava/lang/Runnable;)V >"	12	13
"< Application, LEDU/oswego/cs/dl/util/concurrent/SyncMap, containsValue(Ljava/lang/Object;)Z >"	5	9
"< Application, Lhedc/ethz/util/BaseProperties, getDouble(Ljava/lang/String;D)D >"	5	23
"< Application, LEDU/oswego/cs/dl/util/concurrent/SyncCollection, addAll(Ljava/util/Collection;)Z >"	11	12
"< Application, LEDU/oswego/cs/dl/util/concurrent/SyncCollection$SyncCollectionIterator, hasNext()Z >"	7	9
"< Application, LEDU/oswego/cs/dl/util/concurrent/SyncList, lastIndexOf(Ljava/lang/Object;)I >"	5	10
"< Application, Lhedc/RandomDate, nextString()Ljava/lang/String; >"	3	8
"< Application, LEDU/oswego/cs/dl/util/concurrent/SynchronizedShort, swap(LEDU/oswego/cs/dl/util/concurrent/SynchronizedShort;)S >"	18	20
"< Application, LEDU/oswego/cs/dl/util/concurrent/CyclicBarrier, doBarrier(ZJ)I >"	27	51
"< Application, LEDU/oswego/cs/dl/util/concurrent/WaitableShort, whenGreaterEqual(SLjava/lang/Runnable;)V >"	11	11
"< Application, LEDU/oswego/cs/dl/util/concurrent/SynchronizedLong, complement()J >"	8	8
"< Application, LEDU/oswego/cs/dl/util/concurrent/SyncCollection, addAll(Ljava/util/Collection;)Z >"	7	9
"< Application, Lhedc/regexp/RegexpCompiler, compileAlternative(Lhedc/regexp/CompilerState;Lhedc/regexp/Regexp;)Lhedc/regexp/Regexp; >"	99	131
"< Application, LEDU/oswego/cs/dl/util/concurrent/PooledExecutor$Worker, run()V >"	21	24
"< Application, LEDU/oswego/cs/dl/util/concurrent/SyncCollection, clear()V >"	7	7
"< Application, Ljavax/servlet/http/HttpUtils, parseName(Ljava/lang/String;Ljava/lang/StringBuffer;)Ljava/lang/String; >"	14	44
"< Application, LEDU/oswego/cs/dl/util/concurrent/SyncCollection, isEmpty()Z >"	5	8
"< Application, LEDU/oswego/cs/dl/util/concurrent/SyncSortedSet, comparator()Ljava/util/Comparator; >"	5	9
"< Application, Lhedc/ethz/util/Messages, format(Ljava/lang/String;Ljava/lang/Object;Ljava/lang/Object;)Ljava/lang/String; >"	28	49
"< Application, Ljavax/servlet/http/HttpUtils, parsePostData(ILjavax/servlet/ServletInputStream;)Ljava/util/Hashtable; >"	22	29
"< Application, LEDU/oswego/cs/dl/util/concurrent/WaitableInt, whenNotEqual(ILjava/lang/Runnable;)V >"	11	11
"< Application, LEDU/oswego/cs/dl/util/concurrent/BoundedLinkedQueue, put(Ljava/lang/Object;)V >"	32	19
"< Application, Lhedc/ethz/util/Messages, dlevel()I >"	14	15
"< Application, LEDU/oswego/cs/dl/util/concurrent/SyncCollection, size()I >"	5	8
"< Application, LEDU/oswego/cs/dl/util/concurrent/SyncCollection$SyncCollectionIterator, next()Ljava/lang/Object; >"	7	9
"< Application, LEDU/oswego/cs/dl/util/concurrent/CondVar, timedwait(J)Z >"	43	29
"< Application, LEDU/oswego/cs/dl/util/concurrent/SyncCollection, toArray([Ljava/lang/Object;)[Ljava/lang/Object; >"	5	9
"< Application, Lhedc/MetaSearchImpl, search(Ljava/util/Hashtable;Lhedc/MetaSearchRequest;)Ljava/util/List; >"	38	58
"< Application, LEDU/oswego/cs/dl/util/concurrent/SynchronizedLong, and(J)J >"	8	8
"< Application, LEDU/oswego/cs/dl/util/concurrent/SynchronizedInt, get()I >"	5	5
"< Application, LEDU/oswego/cs/dl/util/concurrent/Rendezvous, restart()V >"	10	7
"< Application, Lhedc/regexp/Regexp, match(Lhedc/regexp/State;)Z >"	11	10
"< Application, LEDU/oswego/cs/dl/util/concurrent/SyncList$SyncCollectionListIterator, previousIndex()I >"	7	10
"< Application, Lhedc/ethz/util/Logger, closeLog_()V >"	10	12
"< Application, Lhedc/MetaSearchImpl, search(Ljava/util/Hashtable;Lhedc/MetaSearchRequest;)Ljava/util/List; >"	8	19
"< Application, LEDU/oswego/cs/dl/util/concurrent/CountDown, acquire()V >"	12	8
"< Application, Lhedc/regexp/RegexpCompiler, compileAlternative(Lhedc/regexp/CompilerState;Lhedc/regexp/Regexp;)Lhedc/regexp/Regexp; >"	101	103
"< Application, LEDU/oswego/cs/dl/util/concurrent/SynchronizedRef, commit(Ljava/lang/Object;Ljava/lang/Object;)Z >"	10	10
"< Application, LEDU/oswego/cs/dl/util/concurrent/VetoableChangeMulticaster, multicast(Ljava/beans/PropertyChangeEvent;)V >"	13	16
"< Application, LEDU/oswego/cs/dl/util/concurrent/SyncList, unprotectedListIterator(I)Ljava/util/ListIterator; >"	5	10
"< Application, LEDU/oswego/cs/dl/util/concurrent/SynchronizedShort, get()S >"	5	5
"< Application, LEDU/oswego/cs/dl/util/concurrent/SyncList, subList(II)Ljava/util/List; >"	9	15
"< Application, LEDU/oswego/cs/dl/util/concurrent/WaitableLong, whenGreaterEqual(JLjava/lang/Runnable;)V >"	12	13
"< Application, LEDU/oswego/cs/dl/util/concurrent/FJTaskRunnerGroup, checkActive(LEDU/oswego/cs/dl/util/concurrent/FJTaskRunner;J)V >"	18	23
"< Application, LEDU/oswego/cs/dl/util/concurrent/SynchronizedInt, divide(I)I >"	7	7
"< Application, LEDU/oswego/cs/dl/util/concurrent/SynchronizedChar, divide(C)C >"	8	8
"< Application, LEDU/oswego/cs/dl/util/concurrent/WaitableFloat, set(F)F >"	7	9
"< Application, LEDU/oswego/cs/dl/util/concurrent/SyncMap, putAll(Ljava/util/Map;)V >"	7	8
"< Application, LEDU/oswego/cs/dl/util/concurrent/WaitableLong, whenNotEqual(JLjava/lang/Runnable;)V >"	12	13
"< Application, LEDU/oswego/cs/dl/util/concurrent/WaitableRef, whenNotEqual(Ljava/lang/Object;Ljava/lang/Runnable;)V >"	11	11
"< Application, LEDU/oswego/cs/dl/util/concurrent/ReentrantLock, attempt(J)Z >"	50	33
"< Application, Lhedc/Rag$RagIterator, next()Ljava/lang/Object; >"	18	33
"< Application, LEDU/oswego/cs/dl/util/concurrent/SynchronizedChar, subtract(C)C >"	8	8
"< Application, LEDU/oswego/cs/dl/util/concurrent/WaitableByte, whenLess(BLjava/lang/Runnable;)V >"	11	11
"< Application, LEDU/oswego/cs/dl/util/concurrent/SyncCollection, contains(Ljava/lang/Object;)Z >"	5	9
"< Application, Lhedc/ethz/util/Ftp, closeServer()V >"	20	16
"< Application, LEDU/oswego/cs/dl/util/concurrent/SynchronizedBoolean, commit(ZZ)Z >"	10	10
"< Application, LEDU/oswego/cs/dl/util/concurrent/SynchronizedRef, swap(LEDU/oswego/cs/dl/util/concurrent/SynchronizedRef;)Ljava/lang/Object; >"	21	21
"< Application, LEDU/oswego/cs/dl/util/concurrent/WaitableByte, whenLessEqual(BLjava/lang/Runnable;)V >"	11	11
"< Application, LEDU/oswego/cs/dl/util/concurrent/WaitableBoolean, complement()Z >"	7	8
"< Application, Lhedc/ethz/util/BaseProperties, getURL(Ljava/lang/String;Ljava/net/URL;)Ljava/net/URL; >"	16	23
"< Application, LEDU/oswego/cs/dl/util/concurrent/CopyOnWriteArrayList$COWSubList, listIterator(I)Ljava/util/ListIterator; >"	21	27
"< Application, LEDU/oswego/cs/dl/util/concurrent/SynchronizedShort, divide(S)S >"	8	8
"< Application, LEDU/oswego/cs/dl/util/concurrent/WaitableChar, commit(CC)Z >"	8	11
"< Application, Lhedc/regexp/GroupReference, advance(Lhedc/regexp/State;)Lhedc/regexp/Regexp; >"	3	7
"< Application, LEDU/oswego/cs/dl/util/concurrent/QueuedExecutor$RunLoop, run()V >"	7	10
"< Application, Lhedc/ethz/util/Messages, format(Ljava/lang/String;Ljava/lang/Object;Ljava/lang/Object;Ljava/lang/Object;)Ljava/lang/String; >"	41	71
"< Application, LEDU/oswego/cs/dl/util/concurrent/WriterPreferenceReadWriteLock$WriterLock, attempt(J)Z >"	21	25
"< Application, Lhedc/ethz/util/BaseProperties, getIntegerArray(Ljava/lang/String;[I)[I >"	20	19
"< Application, Lhedc/ethz/util/SmartRef, getInputStream()Ljava/io/InputStream; >"	12	14
"< Application, LEDU/oswego/cs/dl/util/concurrent/SyncSortedSet, last()Ljava/lang/Object; >"	5	9
"< Application, LEDU/oswego/cs/dl/util/concurrent/TimeDaemon, nextTask()LEDU/oswego/cs/dl/util/concurrent/TimeDaemon$TaskNode; >"	36	38
"< Application, LEDU/oswego/cs/dl/util/concurrent/WaitableBoolean, commit(ZZ)Z >"	8	11
"< Application, LEDU/oswego/cs/dl/util/concurrent/SyncCollection, removeAll(Ljava/util/Collection;)Z >"	11	12
"< Application, LEDU/oswego/cs/dl/util/concurrent/Rendezvous, doRendezvous(Ljava/lang/Object;ZJ)Ljava/lang/Object; >"	94	58
"< Application, LEDU/oswego/cs/dl/util/concurrent/Semaphore, attempt(J)Z >"	39	30
"< Application, LEDU/oswego/cs/dl/util/concurrent/BoundedLinkedQueue, allowTake()V >"	6	6
"< Application, LEDU/oswego/cs/dl/util/concurrent/CondVar, await()V >"	28	12
"< Application, LEDU/oswego/cs/dl/util/concurrent/SynchronizedByte, swap(LEDU/oswego/cs/dl/util/concurrent/SynchronizedByte;)B >"	21	21
"< Application, Lhedc/ethz/util/EstimatorFactory, sync()V >"	33	49
"< Application, LEDU/oswego/cs/dl/util/concurrent/SynchronizedShort, or(S)S >"	9	9
"< Application, LEDU/oswego/cs/dl/util/concurrent/WaitableLong, whenEqual(JLjava/lang/Runnable;)V >"	12	13
"< Application, Lhedc/PooledExecutorWithInvalidate, execute(Lhedc/Task;)V >"	21	24
"< Application, LEDU/oswego/cs/dl/util/concurrent/VetoableChangeMulticaster, multicast(Ljava/beans/PropertyChangeEvent;)V >"	26	26
"< Application, Lhedc/Messages, dlevel()I >"	9	12
"< Application, LEDU/oswego/cs/dl/util/concurrent/FJTaskRunnerGroup$InvokableFJTask, run()V >"	12	12
"< Application, LEDU/oswego/cs/dl/util/concurrent/SynchronizedChar, set(C)C >"	6	6
"< Application, Lhedc/ethz/util/Generator, getBuffer_(Ljava/lang/String;)[C >"	10	12
"< Application, LEDU/oswego/cs/dl/util/concurrent/WaitableInt, whenEqual(ILjava/lang/Runnable;)V >"	11	11
"< Application, LEDU/oswego/cs/dl/util/concurrent/SynchronizedChar, swap(LEDU/oswego/cs/dl/util/concurrent/SynchronizedChar;)C >"	18	20
"< Application, LEDU/oswego/cs/dl/util/concurrent/WaitFreeQueue, peek()Ljava/lang/Object; >"	22	23
"< Application, LEDU/oswego/cs/dl/util/concurrent/SyncList$SyncCollectionListIterator, add(Ljava/lang/Object;)V >"	9	10
"< Application, LEDU/oswego/cs/dl/util/concurrent/VetoableChangeMulticaster, multicast(Ljava/beans/PropertyChangeEvent;)V >"	44	43
"< Application, LEDU/oswego/cs/dl/util/concurrent/CopyOnWriteArrayList$COWSubList, get(I)Ljava/lang/Object; >"	10	12
"< Application, LEDU/oswego/cs/dl/util/concurrent/SyncList, remove(I)Ljava/lang/Object; >"	11	13
"< Application, LEDU/oswego/cs/dl/util/concurrent/WaitableInt, divide(I)I >"	7	9
"< Application, LEDU/oswego/cs/dl/util/concurrent/SyncCollection, clear()V >"	12	10
"< Application, LEDU/oswego/cs/dl/util/concurrent/WaitableChar, whenNotEqual(CLjava/lang/Runnable;)V >"	11	11
"< Application, LEDU/oswego/cs/dl/util/concurrent/SynchronizedChar, commit(CC)Z >"	10	10
"< Application, LEDU/oswego/cs/dl/util/concurrent/Mutex, acquire()V >"	17	11
"< Application, LEDU/oswego/cs/dl/util/concurrent/SyncSortedMap, tailMap(Ljava/lang/Object;)Ljava/util/SortedMap; >"	9	14
"< Application, LEDU/oswego/cs/dl/util/concurrent/LinkedQueue, isEmpty()Z >"	9	10
"< Application, LEDU/oswego/cs/dl/util/concurrent/WaitableInt, decrement()I >"	7	8
"< Application, LEDU/oswego/cs/dl/util/concurrent/WaitableByte, whenGreaterEqual(BLjava/lang/Runnable;)V >"	11	11
"< Application, LEDU/oswego/cs/dl/util/concurrent/SyncCollection, containsAll(Ljava/util/Collection;)Z >"	5	9
"< Application, LEDU/oswego/cs/dl/util/concurrent/CopyOnWriteArrayList$COWSubList, iterator()Ljava/util/Iterator; >"	7	8
"< Application, LEDU/oswego/cs/dl/util/concurrent/WaitableShort, whenEqual(SLjava/lang/Runnable;)V >"	11	11
"< Application, LEDU/oswego/cs/dl/util/concurrent/SynchronizedByte, decrement()B >"	8	8
"< Application, LEDU/oswego/cs/dl/util/concurrent/SyncMap, isEmpty()Z >"	5	8
"< Application, LEDU/oswego/cs/dl/util/concurrent/SynchronizedInt, xor(I)I >"	8	8
"< Application, LEDU/oswego/cs/dl/util/concurrent/SyncCollection$SyncCollectionIterator, remove()V >"	15	12
"< Application, LEDU/oswego/cs/dl/util/concurrent/SynchronizedByte, divide(B)B >"	8	8
"< Application, LEDU/oswego/cs/dl/util/concurrent/SynchronizedByte, and(B)B >"	9	9
"< Application, LEDU/oswego/cs/dl/util/concurrent/SyncCollection, add(Ljava/lang/Object;)Z >"	7	9
"< Application, LEDU/oswego/cs/dl/util/concurrent/WaitableFloat, multiply(F)F >"	7	9
"< Application, LEDU/oswego/cs/dl/util/concurrent/SynchronizedInt, negate()I >"	8	7
"< Application, LEDU/oswego/cs/dl/util/concurrent/SyncSortedSet, first()Ljava/lang/Object; >"	5	9
"< Application, LEDU/oswego/cs/dl/util/concurrent/WaitableChar, divide(C)C >"	7	9
"< Application, LEDU/oswego/cs/dl/util/concurrent/CyclicBarrier, doBarrier(ZJ)I >"	46	19
"< Application, LEDU/oswego/cs/dl/util/concurrent/WaitableShort, whenGreater(SLjava/lang/Runnable;)V >"	11	11
"< Application, Lhedc/MetaSearchResult, cloneTask(Lhedc/MetaSearchResult;)Lhedc/MetaSearchResult; >"	6	8
"< Application, Lhedc/ethz/util/EstimatorFactory, newEstimator(Ljava/lang/String;DD)Lhedc/ethz/util/Estimator; >"	25	39
"< Application, LEDU/oswego/cs/dl/util/concurrent/BoundedLinkedQueue, offer(Ljava/lang/Object;J)Z >"	47	32
"< Application, Lhedc/PooledExecutorWithInvalidate, interruptAll()V >"	14	17
"< Application, LEDU/oswego/cs/dl/util/concurrent/WaitableLong, increment()J >"	7	8
"< Application, Lhedc/ethz/util/HttpLogger, writePreamble_()V >"	20	32
"< Application, Lhedc/ethz/util/SmartRef, length()J >"	21	21
"< Application, LEDU/oswego/cs/dl/util/concurrent/WriterPreferenceReadWriteLock$WriterLock, attempt(J)Z >"	43	41
"< Application, LEDU/oswego/cs/dl/util/concurrent/SyncMap, equals(Ljava/lang/Object;)Z >"	5	9
"< Application, Lhedc/ethz/util/URLConnectionReader, main([Ljava/lang/String;)V >"	10	12
"< Application, LEDU/oswego/cs/dl/util/concurrent/LayeredSync, attempt(J)Z >"	21	22
"< Application, Lhedc/Tester, run()V >"	42	67
"< Application, LEDU/oswego/cs/dl/util/concurrent/SynchronizedFloat, divide(F)F >"	7	7
"< Application, LEDU/oswego/cs/dl/util/concurrent/WaitableFloat, whenNotEqual(FLjava/lang/Runnable;)V >"	12	13
"< Application, LEDU/oswego/cs/dl/util/concurrent/WaitableShort, commit(SS)Z >"	8	11
"< Application, LEDU/oswego/cs/dl/util/concurrent/WaitableBoolean, whenNotEqual(ZLjava/lang/Runnable;)V >"	11	11
"< Application, LEDU/oswego/cs/dl/util/concurrent/SynchronizedInt, commit(II)Z >"	10	10
"< Application, LEDU/oswego/cs/dl/util/concurrent/SynchronizedFloat, commit(FF)Z >"	11	11
"< Application, Lhedc/FormFiller, internalize(Ljava/lang/String;)[C >"	56	66
"< Application, Lhedc/ethz/util/Generator, getBuffer_()[C >"	17	18
"< Application, Lhedc/ethz/util/SmartRef, exists()Z >"	41	41
"< Application, LEDU/oswego/cs/dl/util/concurrent/SyncSet, hashCode()I >"	5	8
"< Application, LEDU/oswego/cs/dl/util/concurrent/SynchronizedByte, or(B)B >"	9	9
"< Application, LEDU/oswego/cs/dl/util/concurrent/SynchronizedBoolean, swap(LEDU/oswego/cs/dl/util/concurrent/SynchronizedBoolean;)Z >"	21	21
"< Application, Lhedc/ethz/util/HttpLogger, log(Ljavax/servlet/http/HttpServletRequest;Ljavax/servlet/http/HttpServletResponse;JIJ)V >"	164	275
"< Application, LEDU/oswego/cs/dl/util/concurrent/WaitableInt, multiply(I)I >"	7	9
"< Application, LEDU/oswego/cs/dl/util/concurrent/SynchronizedDouble, get()D >"	5	5
"< Application, LEDU/oswego/cs/dl/util/concurrent/SyncMap, beforeRead()Z >"	3	5
"< Application, LEDU/oswego/cs/dl/util/concurrent/WaitFreeQueue, peek()Ljava/lang/Object; >"	11	21
"< Application, LEDU/oswego/cs/dl/util/concurrent/SynchronizedDouble, divide(D)D >"	7	7
"< Application, LEDU/oswego/cs/dl/util/concurrent/WaitableDouble, commit(DD)Z >"	8	11
"< Application, LEDU/oswego/cs/dl/util/concurrent/SynchronizedLong, multiply(J)J >"	7	7
"< Application, LEDU/oswego/cs/dl/util/concurrent/SyncList$SyncCollectionListIterator, hasPrevious()Z >"	7	10
"< Application, LEDU/oswego/cs/dl/util/concurrent/SyncMap, put(Ljava/lang/Object;Ljava/lang/Object;)Ljava/lang/Object; >"	7	10
"< Application, LEDU/oswego/cs/dl/util/concurrent/SynchronousChannel, doPut(Ljava/lang/Object;)V >"	16	17
"< Application, LEDU/oswego/cs/dl/util/concurrent/SynchronizedByte, commit(BB)Z >"	10	10
"< Application, Lhedc/Task, run()V >"	2	4
"< Application, LEDU/oswego/cs/dl/util/concurrent/SynchronizedFloat, swap(LEDU/oswego/cs/dl/util/concurrent/SynchronizedFloat;)F >"	18	20
"< Application, LEDU/oswego/cs/dl/util/concurrent/SyncMap, size()I >"	5	8
"< Application, LEDU/oswego/cs/dl/util/concurrent/WaitableByte, set(B)B >"	7	9
"< Application, LEDU/oswego/cs/dl/util/concurrent/SynchronizedInt, swap(LEDU/oswego/cs/dl/util/concurrent/SynchronizedInt;)I >"	21	21
"< Application, LEDU/oswego/cs/dl/util/concurrent/WaitableRef, set(Ljava/lang/Object;)Ljava/lang/Object; >"	7	9
"< Application, LEDU/oswego/cs/dl/util/concurrent/WaitableShort, subtract(S)S >"	7	9
"< Application, LEDU/oswego/cs/dl/util/concurrent/WaitableByte, add(B)B >"	7	9
"< Application, Lhedc/PooledExecutorWithInvalidate$WaitWhenBlocked, blockedAction(Ljava/lang/Runnable;)Z >"	4	7
"< Application, LEDU/oswego/cs/dl/util/concurrent/WaitableFloat, whenLessEqual(FLjava/lang/Runnable;)V >"	12	13
"< Application, LEDU/oswego/cs/dl/util/concurrent/SynchronizedLong, subtract(J)J >"	7	7
"< Application, LEDU/oswego/cs/dl/util/concurrent/WaitableBoolean, whenTrue(Ljava/lang/Runnable;)V >"	11	11
"< Application, LEDU/oswego/cs/dl/util/concurrent/SyncSortedSet, subSet(Ljava/lang/Object;Ljava/lang/Object;)Ljava/util/SortedSet; >"	9	15
"< Application, LEDU/oswego/cs/dl/util/concurrent/Latch, attempt(J)Z >"	28	21
"< Application, LEDU/oswego/cs/dl/util/concurrent/PooledExecutor, workerDone(LEDU/oswego/cs/dl/util/concurrent/PooledExecutor$Worker;)V >"	9	11
"< Application, LEDU/oswego/cs/dl/util/concurrent/BoundedLinkedQueue, peek()Ljava/lang/Object; >"	10	8
"< Application, Lhedc/ethz/util/Ftp, closeServer()V >"	22	12
"< Application, LEDU/oswego/cs/dl/util/concurrent/WaiterPreferenceSemaphore, acquire()V >"	30	16
"< Application, LEDU/oswego/cs/dl/util/concurrent/SynchronizedShort, decrement()S >"	8	8
"< Application, LEDU/oswego/cs/dl/util/concurrent/SyncSortedMap, lastKey()Ljava/lang/Object; >"	5	9
"< Application, LEDU/oswego/cs/dl/util/concurrent/ReentrantLock, acquire()V >"	25	17
"< Application, LEDU/oswego/cs/dl/util/concurrent/FIFOReadWriteLock$ReaderSync, acquire()V >"	6	6
"< Application, LEDU/oswego/cs/dl/util/concurrent/SyncCollection$SyncCollectionIterator, remove()V >"	9	8
"< Application, LEDU/oswego/cs/dl/util/concurrent/SynchronizedChar, get()C >"	5	5
"< Application, LEDU/oswego/cs/dl/util/concurrent/SynchronizedLong, swap(LEDU/oswego/cs/dl/util/concurrent/SynchronizedLong;)J >"	19	19
"< Application, LEDU/oswego/cs/dl/util/concurrent/WaitFreeQueue, extract()Ljava/lang/Object; >"	24	33
"< Application, LEDU/oswego/cs/dl/util/concurrent/WaitableBoolean, set(Z)Z >"	7	9
"< Application, LEDU/oswego/cs/dl/util/concurrent/PooledExecutor, drain()Ljava/util/List; >"	9	12
"< Application, LEDU/oswego/cs/dl/util/concurrent/WaitableDouble, whenNotEqual(DLjava/lang/Runnable;)V >"	12	13
"< Application, LEDU/oswego/cs/dl/util/concurrent/WaitableRef, whenEqual(Ljava/lang/Object;Ljava/lang/Runnable;)V >"	11	11
"< Application, LEDU/oswego/cs/dl/util/concurrent/SynchronizedInt, subtract(I)I >"	7	7
"< Application, LEDU/oswego/cs/dl/util/concurrent/SynchronizedBoolean, get()Z >"	5	5
"< Application, LEDU/oswego/cs/dl/util/concurrent/WaitableInt, subtract(I)I >"	7	9
"< Application, Lhedc/regexp/Group, backup(Lhedc/regexp/State;)V >"	3	6
"< Application, LEDU/oswego/cs/dl/util/concurrent/SynchronizedByte, swap(LEDU/oswego/cs/dl/util/concurrent/SynchronizedByte;)B >"	18	20
"< Application, LEDU/oswego/cs/dl/util/concurrent/WaitableChar, whenGreaterEqual(CLjava/lang/Runnable;)V >"	11	11
"< Application, LEDU/oswego/cs/dl/util/concurrent/SynchronizedBoolean, complement()Z >"	10	9
"< Application, LEDU/oswego/cs/dl/util/concurrent/SyncList, add(ILjava/lang/Object;)V >"	12	13
"< Application, Lhedc/MetaSearchImpl, getUniqueInstance()Lhedc/MetaSearchImpl; >"	6	6
"< Application, LEDU/oswego/cs/dl/util/concurrent/QueuedSemaphore$WaitQueue$WaitNode, doWait(LEDU/oswego/cs/dl/util/concurrent/QueuedSemaphore;)V >"	7	9
"< Application, LEDU/oswego/cs/dl/util/concurrent/SynchronizedChar, add(C)C >"	8	8
"< Application, Lhedc/ethz/util/CopyStream, copyStreamIntoBuffer(Ljava/io/InputStream;I)Ljava/lang/StringBuffer; >"	14	19
"< Application, LEDU/oswego/cs/dl/util/concurrent/SyncMap, containsKey(Ljava/lang/Object;)Z >"	5	9
"< Application, LEDU/oswego/cs/dl/util/concurrent/SynchronizedByte, negate()B >"	9	8
"< Application, LEDU/oswego/cs/dl/util/concurrent/SynchronizedInt, multiply(I)I >"	7	7
"< Application, LEDU/oswego/cs/dl/util/concurrent/WaitableDouble, set(D)D >"	7	9
"< Application, LEDU/oswego/cs/dl/util/concurrent/CopyOnWriteArrayList$COWSubList, set(ILjava/lang/Object;)Ljava/lang/Object; >"	13	15
"< Application, Lhedc/Tester, run()V >"	66	91
"< Application, LEDU/oswego/cs/dl/util/concurrent/SemaphoreControlledChannel, take()Ljava/lang/Object; >"	11	12
"< Application, LEDU/oswego/cs/dl/util/concurrent/SyncMap, clear()V >"	7	7
"< Application, LEDU/oswego/cs/dl/util/concurrent/SynchronizedInt, or(I)I >"	8	8
"< Application, LEDU/oswego/cs/dl/util/concurrent/SynchronizedInt, and(I)I >"	8	8
"< Application, LEDU/oswego/cs/dl/util/concurrent/SynchronizedByte, increment()B >"	8	8
"< Application, LEDU/oswego/cs/dl/util/concurrent/FIFOReadWriteLock$ReaderSync, attempt(J)Z >"	20	21
"< Application, LEDU/oswego/cs/dl/util/concurrent/SynchronizedVariable, execute(Ljava/lang/Runnable;)V >"	10	9
"< Application, Lhedc/ethz/util/SerializePerformanceTest, writeData_(Ljava/lang/String;)J >"	9	11
"< Application, LEDU/oswego/cs/dl/util/concurrent/Semaphore, attempt(J)Z >"	36	22
"< Application, LEDU/oswego/cs/dl/util/concurrent/SynchronizedBoolean, set(Z)Z >"	6	6
"< Application, LEDU/oswego/cs/dl/util/concurrent/SynchronizedShort, multiply(S)S >"	8	8
"< Application, LEDU/oswego/cs/dl/util/concurrent/TimedCallable, call()Ljava/lang/Object; >"	10	16
"< Application, LEDU/oswego/cs/dl/util/concurrent/FJTaskRunner, run()V >"	17	19
"< Application, LEDU/oswego/cs/dl/util/concurrent/WriterPreferenceReadWriteLock$WriterLock, acquire()V >"	24	23
"< Application, LEDU/oswego/cs/dl/util/concurrent/SynchronizedLong, set(J)J >"	6	6
"< Application, LEDU/oswego/cs/dl/util/concurrent/BoundedBuffer, offer(Ljava/lang/Object;J)Z >"	26	27
"< Application, Lhedc/PooledExecutorWithInvalidate, workerDone(Lhedc/PooledExecutorWithInvalidate$Worker;)V >"	9	11
"< Application, LEDU/oswego/cs/dl/util/concurrent/SyncMap, remove(Ljava/lang/Object;)Ljava/lang/Object; >"	11	12
"< Application, LEDU/oswego/cs/dl/util/concurrent/SynchronizedDouble, swap(LEDU/oswego/cs/dl/util/concurrent/SynchronizedDouble;)D >"	21	21
"< Application, LEDU/oswego/cs/dl/util/concurrent/WaitableLong, add(J)J >"	7	9
"< Application, LEDU/oswego/cs/dl/util/concurrent/ReentrantLock, attempt(J)Z >"	47	25
"< Application, LEDU/oswego/cs/dl/util/concurrent/CondVar, await()V >"	10	9
"< Application, LEDU/oswego/cs/dl/util/concurrent/Rendezvous, doRendezvous(Ljava/lang/Object;ZJ)Ljava/lang/Object; >"	32	57
"< Application, LEDU/oswego/cs/dl/util/concurrent/WaitableLong, whenLessEqual(JLjava/lang/Runnable;)V >"	12	13
"< Application, LEDU/oswego/cs/dl/util/concurrent/PooledExecutor$Worker, run()V >"	17	17
"< Application, LEDU/oswego/cs/dl/util/concurrent/SynchronizedByte, multiply(B)B >"	8	8
"< Application, LEDU/oswego/cs/dl/util/concurrent/SyncCollection, retainAll(Ljava/util/Collection;)Z >"	11	12
"< Application, LEDU/oswego/cs/dl/util/concurrent/SynchronizedFloat, subtract(F)F >"	7	7
"< Application, LEDU/oswego/cs/dl/util/concurrent/SynchronizedLong, divide(J)J >"	7	7
"< Application, LEDU/oswego/cs/dl/util/concurrent/WaitableChar, multiply(C)C >"	7	9
"< Application, LEDU/oswego/cs/dl/util/concurrent/SyncList, addAll(ILjava/util/Collection;)Z >"	11	14
"< Application, LEDU/oswego/cs/dl/util/concurrent/SynchronizedDouble, multiply(D)D >"	7	7
"< Application, LEDU/oswego/cs/dl/util/concurrent/BoundedBuffer, put(Ljava/lang/Object;)V >"	16	14
"< Application, LEDU/oswego/cs/dl/util/concurrent/SyncList, indexOf(Ljava/lang/Object;)I >"	5	10
"< Application, LEDU/oswego/cs/dl/util/concurrent/SynchronizedDouble, swap(LEDU/oswego/cs/dl/util/concurrent/SynchronizedDouble;)D >"	18	20
"< Application, LEDU/oswego/cs/dl/util/concurrent/SyncMap, get(Ljava/lang/Object;)Ljava/lang/Object; >"	5	9
"< Application, Lhedc/ethz/util/Logger, sync()V >"	11	10
"< Application, LEDU/oswego/cs/dl/util/concurrent/SynchronizedByte, xor(B)B >"	9	9
"< Application, LEDU/oswego/cs/dl/util/concurrent/SynchronizedShort, complement()S >"	9	9
"< Application, Lhedc/Tester, run()V >"	52	81
"< Application, Lhedc/ethz/util/RmiLogger, log(Ljava/lang/String;Ljava/util/Hashtable;Ljava/lang/String;Ljava/lang/String;Ljava/lang/String;Ljava/lang/Object;J)V >"	140	227
"< Application, LEDU/oswego/cs/dl/util/concurrent/WaitableChar, subtract(C)C >"	7	9
"< Application, LEDU/oswego/cs/dl/util/concurrent/WaitableByte, increment()B >"	7	8
"< Application, Lhedc/ethz/util/DoubleBufferCopy$CopyThread, run()V >"	17	19
"< Application, LEDU/oswego/cs/dl/util/concurrent/SyncList$SyncCollectionListIterator, set(Ljava/lang/Object;)V >"	15	14
"< Application, LEDU/oswego/cs/dl/util/concurrent/WaitableDouble, whenGreaterEqual(DLjava/lang/Runnable;)V >"	12	13
"< Application, LEDU/oswego/cs/dl/util/concurrent/LinkedQueue, take()Ljava/lang/Object; >"	30	25
"< Application, LEDU/oswego/cs/dl/util/concurrent/PooledExecutor, execute(Ljava/lang/Runnable;)V >"	21	24
"< Application, Lhedc/ethz/util/SmartRef, <init>(Ljava/lang/String;)V >"	294	99
"< Application, LEDU/oswego/cs/dl/util/concurrent/SynchronizedShort, swap(LEDU/oswego/cs/dl/util/concurrent/SynchronizedShort;)S >"	21	21
"< Application, LEDU/oswego/cs/dl/util/concurrent/WaitableDouble, divide(D)D >"	7	9
"< Application, LEDU/oswego/cs/dl/util/concurrent/LinkedQueue, poll(J)Ljava/lang/Object; >"	34	30
"< Application, LEDU/oswego/cs/dl/util/concurrent/WaitableShort, add(S)S >"	7	9
"< Application, LEDU/oswego/cs/dl/util/concurrent/TimeDaemon$RunLoop, run()V >"	9	11
"< Application, LEDU/oswego/cs/dl/util/concurrent/WaitableShort, divide(S)S >"	7	9
"< Application, Lhedc/ethz/util/SmartRef, <clinit>()V >"	21	24
"< Application, Lhedc/SohoSynoptic, determineAttributes_(Ljava/util/Hashtable;Ljava/lang/String;)V >"	71	119
"< Application, Lhedc/ethz/util/Generator, putBuffer_(Ljava/lang/String;[C)V >"	16	20
"< Application, LEDU/oswego/cs/dl/util/concurrent/ClockDaemon$RunLoop, run()V >"	9	11
"< Application, LEDU/oswego/cs/dl/util/concurrent/CopyOnWriteArrayList$COWSubList, remove(I)Ljava/lang/Object; >"	16	17
"< Application, LEDU/oswego/cs/dl/util/concurrent/BoundedLinkedQueue, poll(J)Ljava/lang/Object; >"	32	30
"< Application, LEDU/oswego/cs/dl/util/concurrent/WaiterPreferenceSemaphore, attempt(J)Z >"	46	26
"< Application, LEDU/oswego/cs/dl/util/concurrent/PropertyChangeMulticaster, hasListeners(Ljava/lang/String;)Z >"	19	16
"< Application, LEDU/oswego/cs/dl/util/concurrent/BoundedLinkedQueue, offer(Ljava/lang/Object;J)Z >"	41	31
"< Application, Lhedc/PooledExecutorWithInvalidate$Worker, run()V >"	4	6
"< Application, LEDU/oswego/cs/dl/util/concurrent/WaitableShort, whenLessEqual(SLjava/lang/Runnable;)V >"	11	11
"< Application, LEDU/oswego/cs/dl/util/concurrent/SynchronizedByte, add(B)B >"	8	8
"< Application, LEDU/oswego/cs/dl/util/concurrent/SynchronizedRef, set(Ljava/lang/Object;)Ljava/lang/Object; >"	6	6
"< Application, LEDU/oswego/cs/dl/util/concurrent/WaitableBoolean, or(Z)Z >"	7	9
"< Application, LEDU/oswego/cs/dl/util/concurrent/WaitableByte, whenNotEqual(BLjava/lang/Runnable;)V >"	11	11
"< Application, LEDU/oswego/cs/dl/util/concurrent/SyncSortedMap, subMap(Ljava/lang/Object;Ljava/lang/Object;)Ljava/util/SortedMap; >"	9	15
"< Application, LEDU/oswego/cs/dl/util/concurrent/SyncCollection, add(Ljava/lang/Object;)Z >"	11	12
"< Application, LEDU/oswego/cs/dl/util/concurrent/SynchronizedBoolean, swap(LEDU/oswego/cs/dl/util/concurrent/SynchronizedBoolean;)Z >"	18	20
"< Application, LEDU/oswego/cs/dl/util/concurrent/SynchronizedDouble, commit(DD)Z >"	11	11
"< Application, LEDU/oswego/cs/dl/util/concurrent/SynchronizedChar, swap(LEDU/oswego/cs/dl/util/concurrent/SynchronizedChar;)C >"	21	21
"< Application, LEDU/oswego/cs/dl/util/concurrent/CountDown, attempt(J)Z >"	28	21
"< Application, Ljavax/servlet/jsp/tagext/TagSupport, class$(Ljava/lang/String;)Ljava/lang/Class; >"	2	5
"< Application, LEDU/oswego/cs/dl/util/concurrent/SynchronizedByte, get()B >"	5	5
"< Application, LEDU/oswego/cs/dl/util/concurrent/LinkedQueue, take()Ljava/lang/Object; >"	23	18
"< Application, LEDU/oswego/cs/dl/util/concurrent/SynchronizedLong, swap(LEDU/oswego/cs/dl/util/concurrent/SynchronizedLong;)J >"	14	18
"< Application, LEDU/oswego/cs/dl/util/concurrent/WaitableShort, whenLess(SLjava/lang/Runnable;)V >"	11	11
"< Application, Lhedc/ethz/util/SmartRef, <init>(Ljava/lang/String;)V >"	208	11
"< Application, Lhedc/PooledExecutorWithInvalidate, createThreads(I)I >"	14	17
"< Application, LEDU/oswego/cs/dl/util/concurrent/SyncList, set(ILjava/lang/Object;)Ljava/lang/Object; >"	7	11
"< Application, LEDU/oswego/cs/dl/util/concurrent/SyncMap, putAll(Ljava/util/Map;)V >"	12	11
"< Application, Lhedc/SohoSynoptic$SohoIterator, next()Ljava/lang/Object; >"	10	15
"< Application, LEDU/oswego/cs/dl/util/concurrent/SynchronizedShort, subtract(S)S >"	8	8
"< Application, LEDU/oswego/cs/dl/util/concurrent/CondVar, await()V >"	15	11
"< Application, Lhedc/ethz/util/SerializePerformanceTest, makeData_(I)V >"	18	54
"< Application, LEDU/oswego/cs/dl/util/concurrent/SynchronizedFloat, add(F)F >"	7	7
"< Application, LEDU/oswego/cs/dl/util/concurrent/WaitableDouble, whenLess(DLjava/lang/Runnable;)V >"	12	13
"< Application, LEDU/oswego/cs/dl/util/concurrent/SynchronousChannel, doTake(ZJ)Ljava/lang/Object; >"	11	15
"< Application, LEDU/oswego/cs/dl/util/concurrent/WaitableChar, whenLess(CLjava/lang/Runnable;)V >"	11	11
"< Application, LEDU/oswego/cs/dl/util/concurrent/SemaphoreControlledChannel, offer(Ljava/lang/Object;J)Z >"	17	15
"< Application, LEDU/oswego/cs/dl/util/concurrent/FutureResult$1, run()V >"	5	8
"< Application, LEDU/oswego/cs/dl/util/concurrent/WaitableFloat, whenGreaterEqual(FLjava/lang/Runnable;)V >"	12	13
"< Application, LEDU/oswego/cs/dl/util/concurrent/SynchronizedLong, increment()J >"	7	7
"< Application, Lhedc/ethz/util/RmiLogger, writeEpilogue_()V >"	14	23
"< Application, LEDU/oswego/cs/dl/util/concurrent/SynchronizedFloat, set(F)F >"	6	6
"< Application, LEDU/oswego/cs/dl/util/concurrent/WaitableByte, whenGreater(BLjava/lang/Runnable;)V >"	11	11
"< Application, LEDU/oswego/cs/dl/util/concurrent/WaitableFloat, commit(FF)Z >"	8	11
"< Application, LEDU/oswego/cs/dl/util/concurrent/SemaphoreControlledChannel, put(Ljava/lang/Object;)V >"	15	13
"< Application, Lhedc/ethz/util/SystemProperties, getUniqueInstance()Lhedc/ethz/util/SystemProperties; >"	15	16
"< Application, LEDU/oswego/cs/dl/util/concurrent/BoundedBuffer, offer(Ljava/lang/Object;J)Z >"	37	30
"< Application, LEDU/oswego/cs/dl/util/concurrent/SyncList$SyncCollectionListIterator, nextIndex()I >"	7	10
"< Application, LEDU/oswego/cs/dl/util/concurrent/SynchronizedShort, negate()S >"	9	8
"< Application, LEDU/oswego/cs/dl/util/concurrent/SyncList, addAll(ILjava/util/Collection;)Z >"	7	11
"< Application, LEDU/oswego/cs/dl/util/concurrent/VetoableChangeMulticaster, addVetoableChangeListenerIfAbsent(Ljava/lang/String;Ljava/beans/VetoableChangeListener;)V >"	24	21
"< Application, LEDU/oswego/cs/dl/util/concurrent/LockedExecutor, execute(Ljava/lang/Runnable;)V >"	6	7
"< Application, LEDU/oswego/cs/dl/util/concurrent/WaitableFloat, add(F)F >"	7	9
"< Application, LEDU/oswego/cs/dl/util/concurrent/WriterPreferenceReadWriteLock$ReaderLock, attempt(J)Z >"	21	25
"< Application, LEDU/oswego/cs/dl/util/concurrent/Semaphore, acquire()V >"	15	13
"< Application, LEDU/oswego/cs/dl/util/concurrent/SynchronizedDouble, subtract(D)D >"	7	7
"< Application, LEDU/oswego/cs/dl/util/concurrent/WaitableInt, add(I)I >"	7	9
"< Application, Lhedc/ethz/util/SmartRef, extractPortNo_(Ljava/lang/String;)I >"	21	29
"< Application, LEDU/oswego/cs/dl/util/concurrent/PooledExecutor, interruptAll()V >"	14	17
