"< Application, LEDU/oswego/cs/dl/util/concurrent/WaitableLong, add(J)J >"	1	4
"< Application, LEDU/oswego/cs/dl/util/concurrent/WaitableChar, whenGreater(CLjava/lang/Runnable;)V >"	1	5
"< Application, LEDU/oswego/cs/dl/util/concurrent/CopyOnWriteArrayList$COWSubList, set(ILjava/lang/Object;)Ljava/lang/Object; >"	1	5
"< Application, LEDU/oswego/cs/dl/util/concurrent/WaitableByte, whenLess(BLjava/lang/Runnable;)V >"	1	5
"< Application, LEDU/oswego/cs/dl/util/concurrent/WaitableByte, whenGreater(BLjava/lang/Runnable;)V >"	1	5
"< Application, LEDU/oswego/cs/dl/util/concurrent/WaitableInt, whenEqual(ILjava/lang/Runnable;)V >"	1	5
"< Application, LEDU/oswego/cs/dl/util/concurrent/WaitableChar, commit(CC)Z >"	1	5
"< Application, LEDU/oswego/cs/dl/util/concurrent/SynchronizedByte, commit(BB)Z >"	1	5
"< Application, LEDU/oswego/cs/dl/util/concurrent/WriterPreferenceReadWriteLock$WriterLock, attempt(J)Z >"	5	1
"< Application, LEDU/oswego/cs/dl/util/concurrent/SynchronizedBoolean, and(Z)Z >"	1	4
"< Application, LEDU/oswego/cs/dl/util/concurrent/SynchronizedChar, swap(LEDU/oswego/cs/dl/util/concurrent/SynchronizedChar;)C >"	10	11
"< Application, LEDU/oswego/cs/dl/util/concurrent/WaitableInt, subtract(I)I >"	1	4
"< Application, LEDU/oswego/cs/dl/util/concurrent/WaitableDouble, whenNotEqual(DLjava/lang/Runnable;)V >"	1	5
"< Application, LEDU/oswego/cs/dl/util/concurrent/WaitableDouble, divide(D)D >"	1	4
"< Application, LEDU/oswego/cs/dl/util/concurrent/WaitableByte, whenLessEqual(BLjava/lang/Runnable;)V >"	1	5
"< Application, LEDU/oswego/cs/dl/util/concurrent/WaitableRef, commit(Ljava/lang/Object;Ljava/lang/Object;)Z >"	1	5
"< Application, LEDU/oswego/cs/dl/util/concurrent/CopyOnWriteArrayList$COWSubList, remove(I)Ljava/lang/Object; >"	1	4
"< Application, LEDU/oswego/cs/dl/util/concurrent/WaitableFloat, whenLessEqual(FLjava/lang/Runnable;)V >"	1	5
"< Application, LEDU/oswego/cs/dl/util/concurrent/BoundedLinkedQueue, offer(Ljava/lang/Object;J)Z >"	13	1
"< Application, LEDU/oswego/cs/dl/util/concurrent/SynchronizedByte, swap(LEDU/oswego/cs/dl/util/concurrent/SynchronizedByte;)B >"	8	10
"< Application, LEDU/oswego/cs/dl/util/concurrent/PropertyChangeMulticaster, hasListeners(Ljava/lang/String;)Z >"	0	1
"< Application, LEDU/oswego/cs/dl/util/concurrent/SynchronizedLong, xor(J)J >"	1	4
"< Application, LEDU/oswego/cs/dl/util/concurrent/WaitableLong, increment()J >"	1	3
"< Application, LEDU/oswego/cs/dl/util/concurrent/SynchronizedBoolean, set(Z)Z >"	1	4
"< Application, LEDU/oswego/cs/dl/util/concurrent/WaitFreeQueue, peek()Ljava/lang/Object; >"	15	11
"< Application, LEDU/oswego/cs/dl/util/concurrent/LinkedQueue, insert(Ljava/lang/Object;)V >"	1	4
"< Application, LEDU/oswego/cs/dl/util/concurrent/SynchronizedByte, complement()B >"	1	3
"< Application, LEDU/oswego/cs/dl/util/concurrent/WaitableChar, whenLess(CLjava/lang/Runnable;)V >"	1	5
"< Application, LEDU/oswego/cs/dl/util/concurrent/WaitableRef, whenNotEqual(Ljava/lang/Object;Ljava/lang/Runnable;)V >"	1	5
"< Application, LEDU/oswego/cs/dl/util/concurrent/SynchronizedVariable, execute(Ljava/lang/Runnable;)V >"	6	7
"< Application, LEDU/oswego/cs/dl/util/concurrent/WaitableDouble, set(D)D >"	1	4
"< Application, LEDU/oswego/cs/dl/util/concurrent/SynchronizedLong, commit(JJ)Z >"	1	5
"< Application, LEDU/oswego/cs/dl/util/concurrent/WaitableShort, divide(S)S >"	1	4
"< Application, Lhedc/ethz/util/Generator, putBuffer_(Ljava/lang/String;[C)V >"	3	6
"< Application, LEDU/oswego/cs/dl/util/concurrent/PropertyChangeMulticaster, addPropertyChangeListenerIfAbsent(Ljava/lang/String;Ljava/beans/PropertyChangeListener;)V >"	4	1
"< Application, LEDU/oswego/cs/dl/util/concurrent/BoundedBuffer, take()Ljava/lang/Object; >"	5	1
"< Application, LEDU/oswego/cs/dl/util/concurrent/WaiterPreferenceSemaphore, acquire()V >"	5	1
"< Application, LEDU/oswego/cs/dl/util/concurrent/VetoableChangeMulticaster, multicast(Ljava/beans/PropertyChangeEvent;)V >"	0	1
"< Application, LEDU/oswego/cs/dl/util/concurrent/SynchronizedShort, commit(SS)Z >"	1	5
"< Application, LEDU/oswego/cs/dl/util/concurrent/WaitableBoolean, commit(ZZ)Z >"	1	5
"< Application, LEDU/oswego/cs/dl/util/concurrent/SynchronizedBoolean, or(Z)Z >"	1	4
"< Application, LEDU/oswego/cs/dl/util/concurrent/SynchronizedLong, or(J)J >"	1	4
"< Application, LEDU/oswego/cs/dl/util/concurrent/WaitableByte, increment()B >"	1	3
"< Application, LEDU/oswego/cs/dl/util/concurrent/SynchronizedShort, swap(LEDU/oswego/cs/dl/util/concurrent/SynchronizedShort;)S >"	10	11
"< Application, LEDU/oswego/cs/dl/util/concurrent/SynchronizedChar, subtract(C)C >"	1	4
"< Application, LEDU/oswego/cs/dl/util/concurrent/WaitableDouble, whenLess(DLjava/lang/Runnable;)V >"	1	5
"< Application, LEDU/oswego/cs/dl/util/concurrent/SynchronizedDouble, subtract(D)D >"	1	4
"< Application, LEDU/oswego/cs/dl/util/concurrent/SynchronizedByte, swap(LEDU/oswego/cs/dl/util/concurrent/SynchronizedByte;)B >"	10	11
"< Application, LEDU/oswego/cs/dl/util/concurrent/WaitableInt, multiply(I)I >"	1	4
"< Application, LEDU/oswego/cs/dl/util/concurrent/WaiterPreferenceSemaphore, attempt(J)Z >"	5	1
"< Application, LEDU/oswego/cs/dl/util/concurrent/SynchronizedInt, complement()I >"	1	3
"< Application, LEDU/oswego/cs/dl/util/concurrent/SynchronizedInt, divide(I)I >"	1	4
"< Application, LEDU/oswego/cs/dl/util/concurrent/SynchronizedByte, xor(B)B >"	1	4
"< Application, LEDU/oswego/cs/dl/util/concurrent/WaitableFloat, divide(F)F >"	1	4
"< Application, LEDU/oswego/cs/dl/util/concurrent/WaitableLong, set(J)J >"	1	4
"< Application, LEDU/oswego/cs/dl/util/concurrent/WaitableBoolean, whenFalse(Ljava/lang/Runnable;)V >"	1	4
"< Application, LEDU/oswego/cs/dl/util/concurrent/CopyOnWriteArrayList$COWSubList, get(I)Ljava/lang/Object; >"	1	4
"< Application, LEDU/oswego/cs/dl/util/concurrent/SynchronizedDouble, multiply(D)D >"	1	4
"< Application, LEDU/oswego/cs/dl/util/concurrent/WaitableBoolean, whenEqual(ZLjava/lang/Runnable;)V >"	1	5
"< Application, LEDU/oswego/cs/dl/util/concurrent/SynchronizedLong, set(J)J >"	1	4
"< Application, LEDU/oswego/cs/dl/util/concurrent/WaitableBoolean, or(Z)Z >"	1	4
"< Application, LEDU/oswego/cs/dl/util/concurrent/BoundedLinkedQueue, isEmpty()Z >"	1	3
"< Application, LEDU/oswego/cs/dl/util/concurrent/SynchronizedShort, set(S)S >"	1	4
"< Application, LEDU/oswego/cs/dl/util/concurrent/Mutex, attempt(J)Z >"	5	1
"< Application, LEDU/oswego/cs/dl/util/concurrent/SynchronizedFloat, add(F)F >"	1	4
"< Application, LEDU/oswego/cs/dl/util/concurrent/SynchronizedLong, complement()J >"	1	3
"< Application, LEDU/oswego/cs/dl/util/concurrent/SynchronizedDouble, swap(LEDU/oswego/cs/dl/util/concurrent/SynchronizedDouble;)D >"	8	10
"< Application, LEDU/oswego/cs/dl/util/concurrent/WaitableFloat, whenLess(FLjava/lang/Runnable;)V >"	1	5
"< Application, LEDU/oswego/cs/dl/util/concurrent/WaitableDouble, whenGreater(DLjava/lang/Runnable;)V >"	1	5
"< Application, LEDU/oswego/cs/dl/util/concurrent/WaitableBoolean, whenNotEqual(ZLjava/lang/Runnable;)V >"	1	5
"< Application, LEDU/oswego/cs/dl/util/concurrent/WaitableLong, whenEqual(JLjava/lang/Runnable;)V >"	1	5
"< Application, LEDU/oswego/cs/dl/util/concurrent/CopyOnWriteArrayList$COWSubList, size()I >"	1	3
"< Application, LEDU/oswego/cs/dl/util/concurrent/LinkedQueue, isEmpty()Z >"	1	3
"< Application, LEDU/oswego/cs/dl/util/concurrent/WaitableShort, decrement()S >"	1	3
"< Application, LEDU/oswego/cs/dl/util/concurrent/WaitableByte, whenNotEqual(BLjava/lang/Runnable;)V >"	1	5
"< Application, LEDU/oswego/cs/dl/util/concurrent/WaitableRef, whenNotNull(Ljava/lang/Runnable;)V >"	1	4
"< Application, LEDU/oswego/cs/dl/util/concurrent/WaitableChar, whenLessEqual(CLjava/lang/Runnable;)V >"	1	5
"< Application, LEDU/oswego/cs/dl/util/concurrent/SynchronizedLong, add(J)J >"	1	4
"< Application, LEDU/oswego/cs/dl/util/concurrent/WaitableShort, set(S)S >"	1	4
"< Application, LEDU/oswego/cs/dl/util/concurrent/BoundedBuffer, incEmptySlots()V >"	1	3
"< Application, LEDU/oswego/cs/dl/util/concurrent/WaitFreeQueue, insert(Ljava/lang/Object;)V >"	8	9
"< Application, LEDU/oswego/cs/dl/util/concurrent/WaitableFloat, whenGreater(FLjava/lang/Runnable;)V >"	1	5
"< Application, LEDU/oswego/cs/dl/util/concurrent/WaitableLong, decrement()J >"	1	3
"< Application, LEDU/oswego/cs/dl/util/concurrent/WaitableLong, commit(JJ)Z >"	1	5
"< Application, LEDU/oswego/cs/dl/util/concurrent/BoundedLinkedQueue, insert(Ljava/lang/Object;)V >"	6	9
"< Application, LEDU/oswego/cs/dl/util/concurrent/WaitableByte, commit(BB)Z >"	1	5
"< Application, LEDU/oswego/cs/dl/util/concurrent/SynchronousChannel, doPut(Ljava/lang/Object;)V >"	1	4
"< Application, LEDU/oswego/cs/dl/util/concurrent/SynchronizedInt, commit(II)Z >"	1	5
"< Application, LEDU/oswego/cs/dl/util/concurrent/WaitableFloat, subtract(F)F >"	1	4
"< Application, LEDU/oswego/cs/dl/util/concurrent/WaitableBoolean, and(Z)Z >"	1	4
"< Application, LEDU/oswego/cs/dl/util/concurrent/WaitableInt, set(I)I >"	1	4
"< Application, LEDU/oswego/cs/dl/util/concurrent/SynchronizedByte, or(B)B >"	1	4
"< Application, LEDU/oswego/cs/dl/util/concurrent/SynchronizedByte, negate()B >"	1	3
"< Application, LEDU/oswego/cs/dl/util/concurrent/SynchronizedShort, negate()S >"	1	3
"< Application, LEDU/oswego/cs/dl/util/concurrent/SynchronizedRef, commit(Ljava/lang/Object;Ljava/lang/Object;)Z >"	1	5
"< Application, LEDU/oswego/cs/dl/util/concurrent/SynchronizedLong, multiply(J)J >"	1	4
"< Application, LEDU/oswego/cs/dl/util/concurrent/SynchronizedLong, swap(LEDU/oswego/cs/dl/util/concurrent/SynchronizedLong;)J >"	8	11
"< Application, LEDU/oswego/cs/dl/util/concurrent/CountDown, attempt(J)Z >"	5	1
"< Application, LEDU/oswego/cs/dl/util/concurrent/WaitableByte, subtract(B)B >"	1	4
"< Application, LEDU/oswego/cs/dl/util/concurrent/WaitableBoolean, whenTrue(Ljava/lang/Runnable;)V >"	1	4
"< Application, LEDU/oswego/cs/dl/util/concurrent/SynchronizedLong, negate()J >"	1	3
"< Application, LEDU/oswego/cs/dl/util/concurrent/SynchronizedShort, xor(S)S >"	1	4
"< Application, LEDU/oswego/cs/dl/util/concurrent/SynchronizedShort, add(S)S >"	1	4
"< Application, LEDU/oswego/cs/dl/util/concurrent/WaitableFloat, multiply(F)F >"	1	4
"< Application, LEDU/oswego/cs/dl/util/concurrent/WaitableLong, whenNotEqual(JLjava/lang/Runnable;)V >"	1	5
"< Application, LEDU/oswego/cs/dl/util/concurrent/SynchronizedFloat, get()F >"	1	3
"< Application, LEDU/oswego/cs/dl/util/concurrent/WaitableChar, subtract(C)C >"	1	4
"< Application, LEDU/oswego/cs/dl/util/concurrent/WaitableByte, whenGreaterEqual(BLjava/lang/Runnable;)V >"	1	5
"< Application, LEDU/oswego/cs/dl/util/concurrent/SynchronizedChar, add(C)C >"	1	4
"< Application, LEDU/oswego/cs/dl/util/concurrent/WaitableByte, decrement()B >"	1	3
"< Application, LEDU/oswego/cs/dl/util/concurrent/SynchronizedByte, subtract(B)B >"	1	4
"< Application, LEDU/oswego/cs/dl/util/concurrent/SynchronizedRef, swap(LEDU/oswego/cs/dl/util/concurrent/SynchronizedRef;)Ljava/lang/Object; >"	10	11
"< Application, Lhedc/PooledExecutorWithInvalidate, workerDone(Lhedc/PooledExecutorWithInvalidate$Worker;)V >"	1	4
"< Application, LEDU/oswego/cs/dl/util/concurrent/BoundedLinkedQueue, put(Ljava/lang/Object;)V >"	13	1
"< Application, LEDU/oswego/cs/dl/util/concurrent/SynchronizedChar, swap(LEDU/oswego/cs/dl/util/concurrent/SynchronizedChar;)C >"	8	10
"< Application, LEDU/oswego/cs/dl/util/concurrent/SynchronizedFloat, subtract(F)F >"	1	4
"< Application, LEDU/oswego/cs/dl/util/concurrent/SynchronizedInt, or(I)I >"	1	4
"< Application, LEDU/oswego/cs/dl/util/concurrent/ReentrantLock, attempt(J)Z >"	6	1
"< Application, LEDU/oswego/cs/dl/util/concurrent/WaitableShort, whenGreater(SLjava/lang/Runnable;)V >"	1	5
"< Application, Lhedc/PooledExecutorWithInvalidate, execute(Lhedc/Task;)V >"	1	4
"< Application, LEDU/oswego/cs/dl/util/concurrent/SynchronizedShort, divide(S)S >"	1	4
"< Application, LEDU/oswego/cs/dl/util/concurrent/WaitableByte, set(B)B >"	1	4
"< Application, LEDU/oswego/cs/dl/util/concurrent/SynchronizedShort, or(S)S >"	1	4
"< Application, LEDU/oswego/cs/dl/util/concurrent/SynchronizedChar, set(C)C >"	1	4
"< Application, LEDU/oswego/cs/dl/util/concurrent/WaitableFloat, whenGreaterEqual(FLjava/lang/Runnable;)V >"	1	5
"< Application, LEDU/oswego/cs/dl/util/concurrent/CountDown, acquire()V >"	5	1
"< Application, LEDU/oswego/cs/dl/util/concurrent/CondVar, timedwait(J)Z >"	5	1
"< Application, LEDU/oswego/cs/dl/util/concurrent/SynchronizedByte, divide(B)B >"	1	4
"< Application, LEDU/oswego/cs/dl/util/concurrent/SynchronizedLong, divide(J)J >"	1	4
"< Application, LEDU/oswego/cs/dl/util/concurrent/SynchronizedFloat, set(F)F >"	1	4
"< Application, LEDU/oswego/cs/dl/util/concurrent/BoundedLinkedQueue, allowTake()V >"	1	3
"< Application, LEDU/oswego/cs/dl/util/concurrent/SynchronizedInt, and(I)I >"	1	4
"< Application, LEDU/oswego/cs/dl/util/concurrent/Latch, acquire()V >"	5	1
"< Application, LEDU/oswego/cs/dl/util/concurrent/SynchronizedFloat, swap(LEDU/oswego/cs/dl/util/concurrent/SynchronizedFloat;)F >"	8	10
"< Application, LEDU/oswego/cs/dl/util/concurrent/SynchronizedShort, multiply(S)S >"	1	4
"< Application, LEDU/oswego/cs/dl/util/concurrent/SynchronizedInt, swap(LEDU/oswego/cs/dl/util/concurrent/SynchronizedInt;)I >"	8	10
"< Application, LEDU/oswego/cs/dl/util/concurrent/SynchronizedDouble, add(D)D >"	1	4
"< Application, LEDU/oswego/cs/dl/util/concurrent/PropertyChangeMulticaster, addPropertyChangeListener(Ljava/lang/String;Ljava/beans/PropertyChangeListener;)V >"	4	1
"< Application, LEDU/oswego/cs/dl/util/concurrent/CopyOnWriteArrayList$COWSubList, add(ILjava/lang/Object;)V >"	1	5
"< Application, LEDU/oswego/cs/dl/util/concurrent/WriterPreferenceReadWriteLock$ReaderLock, acquire()V >"	5	1
"< Application, LEDU/oswego/cs/dl/util/concurrent/SynchronizedBoolean, commit(ZZ)Z >"	1	5
"< Application, LEDU/oswego/cs/dl/util/concurrent/VetoableChangeMulticaster, addVetoableChangeListenerIfAbsent(Ljava/lang/String;Ljava/beans/VetoableChangeListener;)V >"	4	1
"< Application, LEDU/oswego/cs/dl/util/concurrent/SynchronizedInt, decrement()I >"	1	3
"< Application, LEDU/oswego/cs/dl/util/concurrent/BoundedBuffer, peek()Ljava/lang/Object; >"	0	1
"< Application, LEDU/oswego/cs/dl/util/concurrent/WaitableFloat, commit(FF)Z >"	1	5
"< Application, LEDU/oswego/cs/dl/util/concurrent/WaitableDouble, whenEqual(DLjava/lang/Runnable;)V >"	1	5
"< Application, Lhedc/ethz/util/Generator, putBuffer_([C)V >"	3	5
"< Application, LEDU/oswego/cs/dl/util/concurrent/WaitableBoolean, set(Z)Z >"	1	4
"< Application, LEDU/oswego/cs/dl/util/concurrent/SynchronizedLong, decrement()J >"	1	3
"< Application, LEDU/oswego/cs/dl/util/concurrent/Semaphore, attempt(J)Z >"	5	1
"< Application, LEDU/oswego/cs/dl/util/concurrent/BoundedLinkedQueue, poll(J)Ljava/lang/Object; >"	9	10
"< Application, LEDU/oswego/cs/dl/util/concurrent/WaitableShort, whenLessEqual(SLjava/lang/Runnable;)V >"	1	5
"< Application, LEDU/oswego/cs/dl/util/concurrent/SynchronizedByte, increment()B >"	1	3
"< Application, LEDU/oswego/cs/dl/util/concurrent/WaitableLong, divide(J)J >"	1	4
"< Application, LEDU/oswego/cs/dl/util/concurrent/WaitableByte, add(B)B >"	1	4
"< Application, LEDU/oswego/cs/dl/util/concurrent/WaitableInt, add(I)I >"	1	4
"< Application, LEDU/oswego/cs/dl/util/concurrent/WaitableInt, increment()I >"	1	3
"< Application, LEDU/oswego/cs/dl/util/concurrent/SynchronizedFloat, divide(F)F >"	1	4
"< Application, LEDU/oswego/cs/dl/util/concurrent/WaitableDouble, commit(DD)Z >"	1	5
"< Application, LEDU/oswego/cs/dl/util/concurrent/WaitableShort, increment()S >"	1	3
"< Application, LEDU/oswego/cs/dl/util/concurrent/BoundedBuffer, offer(Ljava/lang/Object;J)Z >"	10	9
"< Application, LEDU/oswego/cs/dl/util/concurrent/WaitableInt, whenGreaterEqual(ILjava/lang/Runnable;)V >"	1	5
"< Application, LEDU/oswego/cs/dl/util/concurrent/WaitableChar, whenNotEqual(CLjava/lang/Runnable;)V >"	1	5
"< Application, LEDU/oswego/cs/dl/util/concurrent/SynchronizedChar, multiply(C)C >"	1	4
"< Application, LEDU/oswego/cs/dl/util/concurrent/WaitableFloat, whenEqual(FLjava/lang/Runnable;)V >"	1	5
"< Application, LEDU/oswego/cs/dl/util/concurrent/PooledExecutor, execute(Ljava/lang/Runnable;)V >"	1	4
"< Application, LEDU/oswego/cs/dl/util/concurrent/VetoableChangeMulticaster, addVetoableChangeListener(Ljava/lang/String;Ljava/beans/VetoableChangeListener;)V >"	4	1
"< Application, LEDU/oswego/cs/dl/util/concurrent/SynchronizedInt, xor(I)I >"	1	4
"< Application, LEDU/oswego/cs/dl/util/concurrent/WaitableInt, divide(I)I >"	1	4
"< Application, LEDU/oswego/cs/dl/util/concurrent/WaitableShort, commit(SS)Z >"	1	5
"< Application, LEDU/oswego/cs/dl/util/concurrent/WaitFreeQueue, peek()Ljava/lang/Object; >"	4	6
"< Application, LEDU/oswego/cs/dl/util/concurrent/WaitableChar, divide(C)C >"	1	4
"< Application, LEDU/oswego/cs/dl/util/concurrent/LinkedQueue, insert(Ljava/lang/Object;)V >"	5	7
"< Application, LEDU/oswego/cs/dl/util/concurrent/SynchronizedChar, get()C >"	1	3
"< Application, LEDU/oswego/cs/dl/util/concurrent/SynchronizedRef, get()Ljava/lang/Object; >"	1	3
"< Application, LEDU/oswego/cs/dl/util/concurrent/PooledExecutor, workerDone(LEDU/oswego/cs/dl/util/concurrent/PooledExecutor$Worker;)V >"	1	4
"< Application, LEDU/oswego/cs/dl/util/concurrent/BoundedLinkedQueue, offer(Ljava/lang/Object;J)Z >"	10	9
"< Application, LEDU/oswego/cs/dl/util/concurrent/PooledExecutor, createThreads(I)I >"	3	5
"< Application, LEDU/oswego/cs/dl/util/concurrent/WaitableChar, whenEqual(CLjava/lang/Runnable;)V >"	1	5
"< Application, LEDU/oswego/cs/dl/util/concurrent/Semaphore, acquire()V >"	5	1
"< Application, LEDU/oswego/cs/dl/util/concurrent/SynchronizedByte, multiply(B)B >"	1	4
"< Application, LEDU/oswego/cs/dl/util/concurrent/CopyOnWriteArrayList$COWSubList, subList(II)Ljava/util/List; >"	1	5
"< Application, LEDU/oswego/cs/dl/util/concurrent/SynchronizedByte, and(B)B >"	1	4
"< Application, LEDU/oswego/cs/dl/util/concurrent/VetoableChangeMulticaster, hasListeners(Ljava/lang/String;)Z >"	0	1
"< Application, LEDU/oswego/cs/dl/util/concurrent/WaitableDouble, whenGreaterEqual(DLjava/lang/Runnable;)V >"	1	5
"< Application, LEDU/oswego/cs/dl/util/concurrent/SynchronizedDouble, divide(D)D >"	1	4
"< Application, LEDU/oswego/cs/dl/util/concurrent/WaitableDouble, subtract(D)D >"	1	4
"< Application, LEDU/oswego/cs/dl/util/concurrent/WaitableShort, whenEqual(SLjava/lang/Runnable;)V >"	1	5
"< Application, LEDU/oswego/cs/dl/util/concurrent/WaitableChar, whenGreaterEqual(CLjava/lang/Runnable;)V >"	1	5
"< Application, LEDU/oswego/cs/dl/util/concurrent/SynchronizedChar, commit(CC)Z >"	1	5
"< Application, LEDU/oswego/cs/dl/util/concurrent/SynchronizedFloat, commit(FF)Z >"	1	5
"< Application, LEDU/oswego/cs/dl/util/concurrent/WaitableFloat, whenNotEqual(FLjava/lang/Runnable;)V >"	1	5
"< Application, LEDU/oswego/cs/dl/util/concurrent/WaitableFloat, set(F)F >"	1	4
"< Application, LEDU/oswego/cs/dl/util/concurrent/WaitableRef, whenNull(Ljava/lang/Runnable;)V >"	1	4
"< Application, LEDU/oswego/cs/dl/util/concurrent/SynchronizedDouble, get()D >"	1	3
"< Application, LEDU/oswego/cs/dl/util/concurrent/SynchronizedBoolean, swap(LEDU/oswego/cs/dl/util/concurrent/SynchronizedBoolean;)Z >"	8	10
"< Application, LEDU/oswego/cs/dl/util/concurrent/PooledExecutor, interruptAll()V >"	1	3
"< Application, LEDU/oswego/cs/dl/util/concurrent/SynchronizedShort, complement()S >"	1	3
"< Application, LEDU/oswego/cs/dl/util/concurrent/Rendezvous, restart()V >"	0	1
"< Application, LEDU/oswego/cs/dl/util/concurrent/SynchronizedInt, multiply(I)I >"	1	4
"< Application, Lhedc/PooledExecutorWithInvalidate, interruptAll()V >"	1	3
"< Application, LEDU/oswego/cs/dl/util/concurrent/SynchronizedBoolean, xor(Z)Z >"	1	4
"< Application, LEDU/oswego/cs/dl/util/concurrent/BoundedBuffer, poll(J)Ljava/lang/Object; >"	5	1
"< Application, LEDU/oswego/cs/dl/util/concurrent/WaitFreeQueue, extract()Ljava/lang/Object; >"	17	11
"< Application, LEDU/oswego/cs/dl/util/concurrent/WaitableInt, whenNotEqual(ILjava/lang/Runnable;)V >"	1	5
"< Application, LEDU/oswego/cs/dl/util/concurrent/ReentrantLock, acquire()V >"	6	1
"< Application, LEDU/oswego/cs/dl/util/concurrent/WaitableDouble, add(D)D >"	1	4
"< Application, LEDU/oswego/cs/dl/util/concurrent/WriterPreferenceReadWriteLock$ReaderLock, attempt(J)Z >"	5	1
"< Application, LEDU/oswego/cs/dl/util/concurrent/WaitableBoolean, xor(Z)Z >"	1	4
"< Application, LEDU/oswego/cs/dl/util/concurrent/SynchronizedShort, decrement()S >"	1	3
"< Application, LEDU/oswego/cs/dl/util/concurrent/BoundedLinkedQueue, peek()Ljava/lang/Object; >"	1	3
"< Application, LEDU/oswego/cs/dl/util/concurrent/SynchronizedDouble, swap(LEDU/oswego/cs/dl/util/concurrent/SynchronizedDouble;)D >"	10	11
"< Application, LEDU/oswego/cs/dl/util/concurrent/FJTaskRunner, confirmTake(I)LEDU/oswego/cs/dl/util/concurrent/FJTask; >"	1	4
"< Application, LEDU/oswego/cs/dl/util/concurrent/SynchronizedShort, and(S)S >"	1	4
"< Application, LEDU/oswego/cs/dl/util/concurrent/WaitableInt, commit(II)Z >"	1	5
"< Application, LEDU/oswego/cs/dl/util/concurrent/SynchronizedDouble, set(D)D >"	1	4
"< Application, LEDU/oswego/cs/dl/util/concurrent/SynchronizedLong, increment()J >"	1	3
"< Application, LEDU/oswego/cs/dl/util/concurrent/BoundedLinkedQueue, put(Ljava/lang/Object;)V >"	10	8
"< Application, LEDU/oswego/cs/dl/util/concurrent/SynchronizedInt, subtract(I)I >"	1	4
"< Application, LEDU/oswego/cs/dl/util/concurrent/WaitableChar, set(C)C >"	1	4
"< Application, LEDU/oswego/cs/dl/util/concurrent/SynchronizedInt, get()I >"	1	3
"< Application, LEDU/oswego/cs/dl/util/concurrent/WaitableByte, multiply(B)B >"	1	4
"< Application, LEDU/oswego/cs/dl/util/concurrent/SynchronizedLong, subtract(J)J >"	1	4
"< Application, Lhedc/PooledExecutorWithInvalidate, createThreads(I)I >"	3	5
"< Application, LEDU/oswego/cs/dl/util/concurrent/WaitableChar, add(C)C >"	1	4
"< Application, LEDU/oswego/cs/dl/util/concurrent/WaitableFloat, add(F)F >"	1	4
"< Application, LEDU/oswego/cs/dl/util/concurrent/SynchronizedBoolean, complement()Z >"	1	3
"< Application, LEDU/oswego/cs/dl/util/concurrent/PropertyChangeMulticaster, multicast(Ljava/beans/PropertyChangeEvent;)V >"	0	1
"< Application, LEDU/oswego/cs/dl/util/concurrent/Mutex, acquire()V >"	5	1
"< Application, Lhedc/ethz/util/Generator, getBuffer_()[C >"	1	3
"< Application, LEDU/oswego/cs/dl/util/concurrent/LinkedQueue, peek()Ljava/lang/Object; >"	1	3
"< Application, LEDU/oswego/cs/dl/util/concurrent/WaitableRef, whenEqual(Ljava/lang/Object;Ljava/lang/Runnable;)V >"	1	5
"< Application, LEDU/oswego/cs/dl/util/concurrent/Latch, attempt(J)Z >"	5	1
"< Application, LEDU/oswego/cs/dl/util/concurrent/WaitableShort, subtract(S)S >"	1	4
"< Application, LEDU/oswego/cs/dl/util/concurrent/WaitableDouble, whenLessEqual(DLjava/lang/Runnable;)V >"	1	5
"< Application, LEDU/oswego/cs/dl/util/concurrent/WaitableLong, multiply(J)J >"	1	4
"< Application, LEDU/oswego/cs/dl/util/concurrent/SynchronizedInt, set(I)I >"	1	4
"< Application, LEDU/oswego/cs/dl/util/concurrent/WaitableByte, divide(B)B >"	1	4
"< Application, LEDU/oswego/cs/dl/util/concurrent/SynchronizedByte, add(B)B >"	1	4
"< Application, LEDU/oswego/cs/dl/util/concurrent/LinkedQueue, extract()Ljava/lang/Object; >"	1	3
"< Application, LEDU/oswego/cs/dl/util/concurrent/SynchronizedLong, get()J >"	1	3
"< Application, LEDU/oswego/cs/dl/util/concurrent/SynchronizedBoolean, get()Z >"	1	3
"< Application, LEDU/oswego/cs/dl/util/concurrent/WaitableLong, whenGreater(JLjava/lang/Runnable;)V >"	1	5
"< Application, LEDU/oswego/cs/dl/util/concurrent/SynchronizedShort, get()S >"	1	3
"< Application, LEDU/oswego/cs/dl/util/concurrent/WaitFreeQueue, extract()Ljava/lang/Object; >"	6	6
"< Application, LEDU/oswego/cs/dl/util/concurrent/WaitableLong, whenGreaterEqual(JLjava/lang/Runnable;)V >"	1	5
"< Application, LEDU/oswego/cs/dl/util/concurrent/WaitableInt, whenLess(ILjava/lang/Runnable;)V >"	1	5
"< Application, LEDU/oswego/cs/dl/util/concurrent/SynchronizedLong, and(J)J >"	1	4
"< Application, LEDU/oswego/cs/dl/util/concurrent/WriterPreferenceReadWriteLock$WriterLock, acquire()V >"	5	1
"< Application, LEDU/oswego/cs/dl/util/concurrent/SynchronizedShort, swap(LEDU/oswego/cs/dl/util/concurrent/SynchronizedShort;)S >"	8	10
"< Application, LEDU/oswego/cs/dl/util/concurrent/SynchronizedByte, decrement()B >"	1	3
"< Application, LEDU/oswego/cs/dl/util/concurrent/SynchronizedShort, increment()S >"	1	3
"< Application, LEDU/oswego/cs/dl/util/concurrent/SynchronizedInt, swap(LEDU/oswego/cs/dl/util/concurrent/SynchronizedInt;)I >"	10	11
"< Application, LEDU/oswego/cs/dl/util/concurrent/WaitableLong, whenLess(JLjava/lang/Runnable;)V >"	1	5
"< Application, LEDU/oswego/cs/dl/util/concurrent/CopyOnWriteArrayList$COWSubList, listIterator(I)Ljava/util/ListIterator; >"	1	4
"< Application, LEDU/oswego/cs/dl/util/concurrent/SynchronizedInt, increment()I >"	1	3
"< Application, LEDU/oswego/cs/dl/util/concurrent/WaitableInt, decrement()I >"	1	3
"< Application, Lhedc/ethz/util/Generator, getBuffer_(Ljava/lang/String;)[C >"	3	6
"< Application, LEDU/oswego/cs/dl/util/concurrent/Rendezvous, doRendezvous(Ljava/lang/Object;ZJ)Ljava/lang/Object; >"	11	1
"< Application, LEDU/oswego/cs/dl/util/concurrent/WaitableByte, whenEqual(BLjava/lang/Runnable;)V >"	1	5
"< Application, LEDU/oswego/cs/dl/util/concurrent/SynchronizedShort, subtract(S)S >"	1	4
"< Application, LEDU/oswego/cs/dl/util/concurrent/WaitableShort, multiply(S)S >"	1	4
"< Application, LEDU/oswego/cs/dl/util/concurrent/WaitFreeQueue, insert(Ljava/lang/Object;)V >"	18	11
"< Application, LEDU/oswego/cs/dl/util/concurrent/WaitableLong, subtract(J)J >"	1	4
"< Application, LEDU/oswego/cs/dl/util/concurrent/WaitableDouble, multiply(D)D >"	1	4
"< Application, LEDU/oswego/cs/dl/util/concurrent/SynchronizedDouble, commit(DD)Z >"	1	5
"< Application, LEDU/oswego/cs/dl/util/concurrent/WaitableShort, whenLess(SLjava/lang/Runnable;)V >"	1	5
"< Application, LEDU/oswego/cs/dl/util/concurrent/WaitableRef, set(Ljava/lang/Object;)Ljava/lang/Object; >"	1	4
"< Application, LEDU/oswego/cs/dl/util/concurrent/SynchronizedByte, set(B)B >"	1	4
"< Application, LEDU/oswego/cs/dl/util/concurrent/WaitableLong, whenLessEqual(JLjava/lang/Runnable;)V >"	1	5
"< Application, LEDU/oswego/cs/dl/util/concurrent/WaitableInt, whenLessEqual(ILjava/lang/Runnable;)V >"	1	5
"< Application, LEDU/oswego/cs/dl/util/concurrent/SynchronizedByte, get()B >"	1	3
"< Application, LEDU/oswego/cs/dl/util/concurrent/SynchronizedLong, swap(LEDU/oswego/cs/dl/util/concurrent/SynchronizedLong;)J >"	6	10
"< Application, LEDU/oswego/cs/dl/util/concurrent/WaitableInt, whenGreater(ILjava/lang/Runnable;)V >"	1	5
"< Application, LEDU/oswego/cs/dl/util/concurrent/CondVar, await()V >"	5	1
"< Application, LEDU/oswego/cs/dl/util/concurrent/SynchronizedBoolean, swap(LEDU/oswego/cs/dl/util/concurrent/SynchronizedBoolean;)Z >"	10	11
"< Application, LEDU/oswego/cs/dl/util/concurrent/SynchronizedChar, divide(C)C >"	1	4
"< Application, LEDU/oswego/cs/dl/util/concurrent/WaitableShort, whenGreaterEqual(SLjava/lang/Runnable;)V >"	1	5
"< Application, LEDU/oswego/cs/dl/util/concurrent/LinkedQueue, take()Ljava/lang/Object; >"	9	9
"< Application, LEDU/oswego/cs/dl/util/concurrent/WaitableShort, add(S)S >"	1	4
"< Application, LEDU/oswego/cs/dl/util/concurrent/BoundedLinkedQueue, take()Ljava/lang/Object; >"	9	9
"< Application, LEDU/oswego/cs/dl/util/concurrent/SynchronizedFloat, multiply(F)F >"	1	4
"< Application, LEDU/oswego/cs/dl/util/concurrent/BoundedBuffer, put(Ljava/lang/Object;)V >"	10	8
"< Application, LEDU/oswego/cs/dl/util/concurrent/CopyOnWriteArrayList$COWSubList, iterator()Ljava/util/Iterator; >"	1	3
"< Application, LEDU/oswego/cs/dl/util/concurrent/SynchronizedFloat, swap(LEDU/oswego/cs/dl/util/concurrent/SynchronizedFloat;)F >"	10	11
"< Application, LEDU/oswego/cs/dl/util/concurrent/WaitableShort, whenNotEqual(SLjava/lang/Runnable;)V >"	1	5
"< Application, LEDU/oswego/cs/dl/util/concurrent/WaitableChar, multiply(C)C >"	1	4
"< Application, LEDU/oswego/cs/dl/util/concurrent/SynchronizedRef, swap(LEDU/oswego/cs/dl/util/concurrent/SynchronizedRef;)Ljava/lang/Object; >"	8	10
"< Application, LEDU/oswego/cs/dl/util/concurrent/BoundedLinkedQueue, extract()Ljava/lang/Object; >"	1	3
"< Application, LEDU/oswego/cs/dl/util/concurrent/WaitableBoolean, complement()Z >"	1	3
"< Application, LEDU/oswego/cs/dl/util/concurrent/SynchronizedInt, add(I)I >"	1	4
"< Application, LEDU/oswego/cs/dl/util/concurrent/LinkedQueue, poll(J)Ljava/lang/Object; >"	9	10
"< Application, LEDU/oswego/cs/dl/util/concurrent/SynchronizedInt, negate()I >"	1	3
"< Application, LEDU/oswego/cs/dl/util/concurrent/SynchronizedRef, set(Ljava/lang/Object;)Ljava/lang/Object; >"	1	4
