"< Application, Lhedc/PooledExecutorWithInvalidate, getTask()Lhedc/Task; >"	5	16	15	java_type_ref("<Application,Lhedc/Task>")
"< Application, Lhedc/ethz/util/ObservableProperties, putValue(Ljava/lang/String;Ljava/lang/String;)Z >"	13	28	27	java_type_ref("<Primordial,Ljava/lang/String>")
"< Application, LEDU/oswego/cs/dl/util/concurrent/FJTaskRunnerGroup, pollEntryQueue()LEDU/oswego/cs/dl/util/concurrent/FJTask; >"	2	12	6	java_type_ref("<Application,LEDU/oswego/cs/dl/util/concurrent/FJTask>")
"< Application, Lhedc/MetaSearchImpl, writeResults_(Ljava/util/List;Ljava/io/Writer;)J >"	23	36	35	java_type_ref("<Primordial,Ljava/util/Hashtable>")
"< Application, Lhedc/MetaSearchImpl, writeResults_(Ljava/util/List;Ljava/io/Writer;)J >"	9	17	16	java_type_ref("<Application,Lhedc/MetaSearchResult>")
"< Application, Lhedc/PooledExecutorWithInvalidate, interruptAll()V >"	8	14	13	java_type_ref("<Primordial,Ljava/lang/Thread>")
"< Application, Lhedc/ethz/util/EstimatorFactory, newEstimator(Ljava/lang/String;DD)Lhedc/ethz/util/Estimator; >"	22	37	36	java_type_ref("<Application,Lhedc/ethz/util/Estimator>")
"< Application, LEDU/oswego/cs/dl/util/concurrent/TimeDaemon, nextTask()LEDU/oswego/cs/dl/util/concurrent/TimeDaemon$TaskNode; >"	17	22	21	java_type_ref("<Application,LEDU/oswego/cs/dl/util/concurrent/TimeDaemon$TaskNode>")
"< Application, Lhedc/MetaSearchImpl, writeResults_(Ljava/util/List;Ljava/io/Writer;)J >"	14	24	23	java_type_ref("<Primordial,Ljava/util/Hashtable>")
"< Application, LEDU/oswego/cs/dl/util/concurrent/ClockDaemon, nextTask()LEDU/oswego/cs/dl/util/concurrent/ClockDaemon$TaskNode; >"	19	21	20	java_type_ref("<Application,LEDU/oswego/cs/dl/util/concurrent/ClockDaemon$TaskNode>")
"< Application, LEDU/oswego/cs/dl/util/concurrent/SemaphoreControlledChannel, <init>(ILjava/lang/Class;)V >"	15	17	16	java_type_ref("<Application,LEDU/oswego/cs/dl/util/concurrent/Semaphore>")
"< Application, LEDU/oswego/cs/dl/util/concurrent/PropertyChangeMulticaster, hasListeners(Ljava/lang/String;)Z >"	13	12	11	java_type_ref("<Application,LEDU/oswego/cs/dl/util/concurrent/PropertyChangeMulticaster>")
"< Application, LEDU/oswego/cs/dl/util/concurrent/PooledExecutor, getTask()Ljava/lang/Runnable; >"	10	11	10	java_type_ref("<Primordial,Ljava/lang/Runnable>")
"< Application, LEDU/oswego/cs/dl/util/concurrent/Heap, compare(Ljava/lang/Object;Ljava/lang/Object;)I >"	2	10	2	java_type_ref("<Primordial,Ljava/lang/Comparable>")
"< Application, Ljavax/servlet/http/HttpServlet, service(Ljavax/servlet/ServletRequest;Ljavax/servlet/ServletResponse;)V >"	0	5	2	java_type_ref("<Application,Ljavax/servlet/http/HttpServletRequest>")
"< Application, Lhedc/Messages, format(Ljava/lang/String;[Ljava/lang/Object;)Ljava/lang/String; >"	30	43	42	java_type_ref("<Primordial,Ljava/lang/Number>")
"< Application, Lhedc/ethz/util/Generator, getBuffer_(Ljava/lang/String;)[C >"	6	10	9	java_type_array(java_type_prim(java_prim_type_char))
"< Application, LEDU/oswego/cs/dl/util/concurrent/PooledExecutor, getTask()Ljava/lang/Runnable; >"	11	12	11	java_type_ref("<Primordial,Ljava/lang/Runnable>")
"< Application, LEDU/oswego/cs/dl/util/concurrent/SynchronizedFloat, equals(Ljava/lang/Object;)Z >"	4	9	2	java_type_ref("<Application,LEDU/oswego/cs/dl/util/concurrent/SynchronizedFloat>")
"< Application, Lhedc/regexp/Alternatives, firstCharacter()I >"	6	11	10	java_type_ref("<Application,Lhedc/regexp/Regexp>")
"< Application, LEDU/oswego/cs/dl/util/concurrent/VetoableChangeMulticaster, getChild(Ljava/lang/String;)LEDU/oswego/cs/dl/util/concurrent/VetoableChangeMulticaster; >"	5	9	8	java_type_ref("<Application,LEDU/oswego/cs/dl/util/concurrent/VetoableChangeMulticaster>")
"< Application, LEDU/oswego/cs/dl/util/concurrent/SyncList, baseList()Ljava/util/List; >"	1	4	3	java_type_ref("<Primordial,Ljava/util/List>")
"< Application, LEDU/oswego/cs/dl/util/concurrent/FJTask, getFJTaskRunner()LEDU/oswego/cs/dl/util/concurrent/FJTaskRunner; >"	2	5	4	java_type_ref("<Application,LEDU/oswego/cs/dl/util/concurrent/FJTaskRunner>")
"< Application, Lhedc/MetaSearchImpl, search(Ljava/util/Hashtable;Lhedc/MetaSearchRequest;)Ljava/util/List; >"	1	9	8	java_type_ref("<Primordial,Ljava/lang/String>")
"< Application, LEDU/oswego/cs/dl/util/concurrent/PropertyChangeMulticaster, getChild(Ljava/lang/String;)LEDU/oswego/cs/dl/util/concurrent/PropertyChangeMulticaster; >"	5	9	8	java_type_ref("<Application,LEDU/oswego/cs/dl/util/concurrent/PropertyChangeMulticaster>")
"< Application, Lhedc/TaskFactory, makeTasks(Ljava/util/Hashtable;Ljava/util/Date;Lhedc/MetaSearchRequest;)Ljava/util/List; >"	9	15	14	java_type_ref("<Primordial,Ljava/lang/String>")
"< Application, LEDU/oswego/cs/dl/util/concurrent/SemaphoreControlledChannel, <init>(ILjava/lang/Class;)V >"	16	18	17	java_type_ref("<Application,LEDU/oswego/cs/dl/util/concurrent/Semaphore>")
"< Application, LEDU/oswego/cs/dl/util/concurrent/SynchronizedChar, compareTo(Ljava/lang/Object;)I >"	0	4	2	java_type_ref("<Application,LEDU/oswego/cs/dl/util/concurrent/SynchronizedChar>")
"< Application, Lhedc/MetaSearchResult, toString()Ljava/lang/String; >"	7	15	14	java_type_ref("<Primordial,Ljava/util/Hashtable>")
"< Application, LEDU/oswego/cs/dl/util/concurrent/SynchronizedFloat, compareTo(Ljava/lang/Object;)I >"	0	4	2	java_type_ref("<Application,LEDU/oswego/cs/dl/util/concurrent/SynchronizedFloat>")
"< Application, Lhedc/ethz/util/URLConnectionReader, checkUrl(Ljava/lang/String;)I >"	5	11	7	java_type_ref("<Primordial,Ljava/net/HttpURLConnection>")
"< Application, Lhedc/PooledExecutorWithInvalidate, getTask()Lhedc/Task; >"	10	11	10	java_type_ref("<Application,Lhedc/Task>")
"< Application, Lhedc/ethz/util/Logger, closeAllLogs()V >"	5	10	9	java_type_ref("<Application,Lhedc/ethz/util/Logger>")
"< Application, LEDU/oswego/cs/dl/util/concurrent/TimeDaemon, cancel(Ljava/lang/Object;)V >"	0	3	1	java_type_ref("<Application,LEDU/oswego/cs/dl/util/concurrent/TimeDaemon$TaskNode>")
"< Application, Lhedc/DateFormatter, equals(Ljava/lang/Object;Ljava/lang/Object;)Z >"	12	9	8	java_type_array(java_type_ref("<Primordial,Ljava/lang/Object>"))
"< Application, LEDU/oswego/cs/dl/util/concurrent/CopyOnWriteArrayList, clone()Ljava/lang/Object; >"	2	10	6	java_type_ref("<Application,LEDU/oswego/cs/dl/util/concurrent/CopyOnWriteArrayList>")
"< Application, Lhedc/SohoSynoptic, determineAttributes_(Ljava/util/Hashtable;Ljava/lang/String;)V >"	6	18	17	java_type_ref("<Primordial,Ljava/lang/String>")
"< Application, LEDU/oswego/cs/dl/util/concurrent/SemaphoreControlledChannel, <init>(ILjava/lang/Class;)V >"	23	24	23	java_type_ref("<Application,LEDU/oswego/cs/dl/util/concurrent/Semaphore>")
"< Application, Lhedc/MetaSearchResult, cloneTask(Lhedc/MetaSearchResult;)Lhedc/MetaSearchResult; >"	4	12	7	java_type_ref("<Application,Lhedc/MetaSearchResult>")
"< Application, LEDU/oswego/cs/dl/util/concurrent/SynchronizedBoolean, equals(Ljava/lang/Object;)Z >"	4	9	2	java_type_ref("<Application,LEDU/oswego/cs/dl/util/concurrent/SynchronizedBoolean>")
"< Application, Lhedc/SohoSynoptic, determineAttributes_(Ljava/util/Hashtable;Ljava/lang/String;)V >"	18	37	36	java_type_ref("<Primordial,Ljava/lang/String>")
"< Application, LEDU/oswego/cs/dl/util/concurrent/QueuedExecutor$RunLoop, run()V >"	3	7	6	java_type_ref("<Primordial,Ljava/lang/Runnable>")
"< Application, LEDU/oswego/cs/dl/util/concurrent/SynchronizedDouble, equals(Ljava/lang/Object;)Z >"	4	9	2	java_type_ref("<Application,LEDU/oswego/cs/dl/util/concurrent/SynchronizedDouble>")
"< Application, LEDU/oswego/cs/dl/util/concurrent/ObservableSync, acquire()V >"	6	13	12	java_type_ref("<Application,LEDU/oswego/cs/dl/util/concurrent/ObservableSync$SyncObserver>")
"< Application, LEDU/oswego/cs/dl/util/concurrent/SyncList$SyncCollectionListIterator, baseListIterator()Ljava/util/ListIterator; >"	1	4	3	java_type_ref("<Primordial,Ljava/util/ListIterator>")
"< Application, Lhedc/MetaSearchImpl, search(Ljava/util/Hashtable;Lhedc/MetaSearchRequest;)Ljava/util/List; >"	33	55	54	java_type_ref("<Application,Lhedc/Task>")
"< Application, LEDU/oswego/cs/dl/util/concurrent/PooledExecutor, getTask()Ljava/lang/Runnable; >"	6	17	16	java_type_ref("<Primordial,Ljava/lang/Runnable>")
"< Application, LEDU/oswego/cs/dl/util/concurrent/FJTaskRunnerGroup, pollEntryQueue()LEDU/oswego/cs/dl/util/concurrent/FJTask; >"	3	13	12	java_type_ref("<Application,LEDU/oswego/cs/dl/util/concurrent/FJTask>")
"< Application, Lhedc/Messages, format(Ljava/lang/String;[Ljava/lang/Object;)Ljava/lang/String; >"	36	50	49	java_type_ref("<Primordial,Ljava/lang/Number>")
"< Application, LEDU/oswego/cs/dl/util/concurrent/SynchronizedInt, equals(Ljava/lang/Object;)Z >"	4	9	2	java_type_ref("<Application,LEDU/oswego/cs/dl/util/concurrent/SynchronizedInt>")
"< Application, LEDU/oswego/cs/dl/util/concurrent/SemaphoreControlledChannel, <init>(ILjava/lang/Class;)V >"	24	25	24	java_type_ref("<Application,LEDU/oswego/cs/dl/util/concurrent/Semaphore>")
"< Application, Lhedc/MetaSearchImpl, printResults_(Ljava/util/List;)V >"	4	11	10	java_type_ref("<Application,Lhedc/MetaSearchResult>")
"< Application, Lhedc/PooledExecutorWithInvalidate, getTask()Lhedc/Task; >"	6	17	16	java_type_ref("<Application,Lhedc/Task>")
"< Application, LEDU/oswego/cs/dl/util/concurrent/TimeDaemon, nextTask()LEDU/oswego/cs/dl/util/concurrent/TimeDaemon$TaskNode; >"	5	10	9	java_type_ref("<Application,LEDU/oswego/cs/dl/util/concurrent/TimeDaemon$TaskNode>")
"< Application, LEDU/oswego/cs/dl/util/concurrent/FJTaskRunnerGroup$InvokableFJTask, run()V >"	4	9	8	java_type_ref("<Application,LEDU/oswego/cs/dl/util/concurrent/FJTask>")
"< Application, Ljavax/servlet/http/HttpServlet, doTrace(Ljavax/servlet/http/HttpServletRequest;Ljavax/servlet/http/HttpServletResponse;)V >"	11	29	28	java_type_ref("<Primordial,Ljava/lang/String>")
"< Application, LEDU/oswego/cs/dl/util/concurrent/TimeDaemon, nextTask()LEDU/oswego/cs/dl/util/concurrent/TimeDaemon$TaskNode; >"	16	21	20	java_type_ref("<Application,LEDU/oswego/cs/dl/util/concurrent/TimeDaemon$TaskNode>")
"< Application, Ljavax/servlet/jsp/tagext/TagData, getAttributeString(Ljava/lang/String;)Ljava/lang/String; >"	2	7	6	java_type_ref("<Primordial,Ljava/lang/String>")
"< Application, LEDU/oswego/cs/dl/util/concurrent/CopyOnWriteArrayList, equals(Ljava/lang/Object;)Z >"	6	7	6	java_type_ref("<Primordial,Ljava/util/List>")
"< Application, LEDU/oswego/cs/dl/util/concurrent/FJTaskRunnerGroup, execute(Ljava/lang/Runnable;)V >"	3	11	2	java_type_ref("<Application,LEDU/oswego/cs/dl/util/concurrent/FJTask>")
"< Application, Lhedc/ethz/util/EstimatorFactory, sync()V >"	14	25	24	java_type_ref("<Application,Lhedc/ethz/util/Estimator>")
"< Application, Lhedc/FormFiller, determineForm_()Ljava/lang/String; >"	6	9	8	java_type_ref("<Primordial,Ljava/lang/String>")
"< Application, LEDU/oswego/cs/dl/util/concurrent/TimeDaemon$TaskNode, compareTo(Ljava/lang/Object;)I >"	1	6	2	java_type_ref("<Application,LEDU/oswego/cs/dl/util/concurrent/TimeDaemon$TaskNode>")
"< Application, LEDU/oswego/cs/dl/util/concurrent/ClockDaemon, nextTask()LEDU/oswego/cs/dl/util/concurrent/ClockDaemon$TaskNode; >"	18	20	19	java_type_ref("<Application,LEDU/oswego/cs/dl/util/concurrent/ClockDaemon$TaskNode>")
"< Application, LEDU/oswego/cs/dl/util/concurrent/PropertyChangeMulticaster, readObject(Ljava/io/ObjectInputStream;)V >"	5	10	9	java_type_ref("<Primordial,Ljava/beans/PropertyChangeListener>")
"< Application, LEDU/oswego/cs/dl/util/concurrent/ClockDaemon, cancel(Ljava/lang/Object;)V >"	0	3	1	java_type_ref("<Application,LEDU/oswego/cs/dl/util/concurrent/ClockDaemon$TaskNode>")
"< Application, Lhedc/SohoSynoptic, determineAttributes_(Ljava/util/Hashtable;Ljava/lang/String;)V >"	30	55	54	java_type_ref("<Primordial,Ljava/lang/String>")
"< Application, Lhedc/SohoSynoptic$SohoIterator, next()Ljava/lang/Object; >"	4	8	7	java_type_ref("<Primordial,Ljava/lang/String>")
"< Application, Lhedc/SohoSynoptic, determineAttributes_(Ljava/util/Hashtable;Ljava/lang/String;)V >"	64	112	111	java_type_ref("<Primordial,Ljava/lang/String>")
"< Application, LEDU/oswego/cs/dl/util/concurrent/FJTaskRunnerGroup$InvokableFJTask, run()V >"	5	10	9	java_type_ref("<Application,LEDU/oswego/cs/dl/util/concurrent/FJTask>")
"< Application, Lhedc/ethz/util/SmartRef, equals(Ljava/lang/Object;)Z >"	3	7	2	java_type_ref("<Application,Lhedc/ethz/util/SmartRef>")
"< Application, LEDU/oswego/cs/dl/util/concurrent/QueuedExecutor$RunLoop, run()V >"	4	8	7	java_type_ref("<Primordial,Ljava/lang/Runnable>")
"< Application, Lhedc/MetaSearchImpl, search(Ljava/util/Hashtable;Lhedc/MetaSearchRequest;)Ljava/util/List; >"	3	14	13	java_type_ref("<Primordial,Ljava/lang/String>")
"< Application, Lhedc/DateFormatter, equals(Ljava/lang/Object;Ljava/lang/Object;)Z >"	13	10	2	java_type_array(java_type_ref("<Primordial,Ljava/lang/Object>"))
"< Application, LEDU/oswego/cs/dl/util/concurrent/CopyOnWriteArrayList, equals(Ljava/lang/Object;)Z >"	5	6	2	java_type_ref("<Primordial,Ljava/util/List>")
"< Application, LEDU/oswego/cs/dl/util/concurrent/SynchronizedByte, equals(Ljava/lang/Object;)Z >"	4	9	2	java_type_ref("<Application,LEDU/oswego/cs/dl/util/concurrent/SynchronizedByte>")
"< Application, LEDU/oswego/cs/dl/util/concurrent/ClockDaemon$TaskNode, compareTo(Ljava/lang/Object;)I >"	2	7	6	java_type_ref("<Application,LEDU/oswego/cs/dl/util/concurrent/ClockDaemon$TaskNode>")
"< Application, Lhedc/regexp/Alternatives, advance(Lhedc/regexp/State;)Lhedc/regexp/Regexp; >"	7	12	11	java_type_ref("<Application,Lhedc/regexp/Regexp>")
"< Application, Lhedc/Messages, format(Ljava/lang/String;[Ljava/lang/Object;)Ljava/lang/String; >"	42	57	56	java_type_ref("<Primordial,Ljava/lang/Number>")
"< Application, LEDU/oswego/cs/dl/util/concurrent/SyncSortedSet, baseSortedSet()Ljava/util/SortedSet; >"	1	4	3	java_type_ref("<Primordial,Ljava/util/SortedSet>")
"< Application, Lhedc/ethz/util/EstimatorFactory, newEstimator(Ljava/lang/String;DD)Lhedc/ethz/util/Estimator; >"	2	9	8	java_type_ref("<Application,Lhedc/ethz/util/Estimator>")
"< Application, LEDU/oswego/cs/dl/util/concurrent/CopyOnWriteArrayList, toArray([Ljava/lang/Object;)[Ljava/lang/Object; >"	8	15	14	java_type_array(java_type_ref("<Primordial,Ljava/lang/Object>"))
"< Application, LEDU/oswego/cs/dl/util/concurrent/SynchronizedInt, compareTo(Ljava/lang/Object;)I >"	0	4	2	java_type_ref("<Application,LEDU/oswego/cs/dl/util/concurrent/SynchronizedInt>")
"< Application, Ljavax/servlet/http/HttpUtils, parseQueryString(Ljava/lang/String;)Ljava/util/Hashtable; >"	26	36	35	java_type_array(java_type_ref("<Primordial,Ljava/lang/String>"))
"< Application, LEDU/oswego/cs/dl/util/concurrent/SynchronizedByte, compareTo(Ljava/lang/Object;)I >"	0	4	2	java_type_ref("<Application,LEDU/oswego/cs/dl/util/concurrent/SynchronizedByte>")
"< Application, LEDU/oswego/cs/dl/util/concurrent/CopyOnWriteArrayList, toArray([Ljava/lang/Object;)[Ljava/lang/Object; >"	9	16	15	java_type_array(java_type_ref("<Primordial,Ljava/lang/Object>"))
"< Application, Lhedc/ethz/util/Ftp, main([Ljava/lang/String;)V >"	4	9	8	java_type_ref("<Application,Lhedc/ethz/util/Ftp>")
"< Application, Lhedc/regexp/RegexpCompiler, compileAlternative(Lhedc/regexp/CompilerState;Lhedc/regexp/Regexp;)Lhedc/regexp/Regexp; >"	89	60	11	java_type_ref("<Application,Lhedc/regexp/Literal>")
"< Application, LEDU/oswego/cs/dl/util/concurrent/VetoableChangeMulticaster, readObject(Ljava/io/ObjectInputStream;)V >"	5	10	9	java_type_ref("<Primordial,Ljava/beans/VetoableChangeListener>")
"< Application, LEDU/oswego/cs/dl/util/concurrent/SynchronizedShort, equals(Ljava/lang/Object;)Z >"	4	9	2	java_type_ref("<Application,LEDU/oswego/cs/dl/util/concurrent/SynchronizedShort>")
"< Application, Lhedc/DateFormatter, format(Ljava/util/Date;Ljava/lang/StringBuffer;Ljava/text/FieldPosition;)Ljava/lang/StringBuffer; >"	2	9	8	java_type_ref("<Primordial,Ljava/util/Calendar>")
"< Application, Lhedc/MetaSearchImpl, search(Ljava/util/Hashtable;Lhedc/MetaSearchRequest;)Ljava/util/List; >"	43	67	66	java_type_ref("<Application,Lhedc/Task>")
"< Application, LEDU/oswego/cs/dl/util/concurrent/VetoableChangeMulticaster, addVetoableChangeListenerIfAbsent(Ljava/lang/String;Ljava/beans/VetoableChangeListener;)V >"	13	10	9	java_type_ref("<Application,LEDU/oswego/cs/dl/util/concurrent/VetoableChangeMulticaster>")
"< Application, LEDU/oswego/cs/dl/util/concurrent/PooledExecutor, interruptAll()V >"	8	14	13	java_type_ref("<Primordial,Ljava/lang/Thread>")
"< Application, LEDU/oswego/cs/dl/util/concurrent/ClockDaemon$TaskNode, compareTo(Ljava/lang/Object;)I >"	1	6	2	java_type_ref("<Application,LEDU/oswego/cs/dl/util/concurrent/ClockDaemon$TaskNode>")
"< Application, LEDU/oswego/cs/dl/util/concurrent/VetoableChangeMulticaster, hasListeners(Ljava/lang/String;)Z >"	13	12	11	java_type_ref("<Application,LEDU/oswego/cs/dl/util/concurrent/VetoableChangeMulticaster>")
"< Application, LEDU/oswego/cs/dl/util/concurrent/VetoableChangeMulticaster, multicast(Ljava/beans/PropertyChangeEvent;)V >"	9	14	13	java_type_ref("<Application,LEDU/oswego/cs/dl/util/concurrent/VetoableChangeMulticaster>")
"< Application, LEDU/oswego/cs/dl/util/concurrent/SynchronizedShort, compareTo(Ljava/lang/Object;)I >"	0	4	2	java_type_ref("<Application,LEDU/oswego/cs/dl/util/concurrent/SynchronizedShort>")
"< Application, LEDU/oswego/cs/dl/util/concurrent/FJTask, getFJTaskRunner()LEDU/oswego/cs/dl/util/concurrent/FJTaskRunner; >"	1	4	3	java_type_ref("<Application,LEDU/oswego/cs/dl/util/concurrent/FJTaskRunner>")
"< Application, Lhedc/Messages, format(Ljava/lang/String;[Ljava/lang/Object;)Ljava/lang/String; >"	25	38	37	java_type_ref("<Primordial,Ljava/lang/String>")
"< Application, Lhedc/ethz/util/Generator, getBuffer_(Ljava/lang/String;)[C >"	7	11	10	java_type_array(java_type_prim(java_prim_type_char))
"< Application, Lhedc/ethz/util/Ftp, pwd()Ljava/lang/String; >"	8	15	14	java_type_ref("<Primordial,Ljava/lang/String>")
"< Application, LEDU/oswego/cs/dl/util/concurrent/SynchronizedLong, compareTo(Ljava/lang/Object;)I >"	0	4	2	java_type_ref("<Application,LEDU/oswego/cs/dl/util/concurrent/SynchronizedLong>")
"< Application, Lhedc/DateFormatter, equals(Ljava/lang/Object;Ljava/lang/Object;)Z >"	11	8	1	java_type_array(java_type_ref("<Primordial,Ljava/lang/Object>"))
"< Application, Ljavax/servlet/http/HttpSessionBindingEvent, getSession()Ljavax/servlet/http/HttpSession; >"	1	5	4	java_type_ref("<Application,Ljavax/servlet/http/HttpSession>")
"< Application, Ljavax/servlet/http/HttpServlet, service(Ljavax/servlet/ServletRequest;Ljavax/servlet/ServletResponse;)V >"	1	6	3	java_type_ref("<Application,Ljavax/servlet/http/HttpServletResponse>")
"< Application, LEDU/oswego/cs/dl/util/concurrent/PooledExecutor, getTask()Ljava/lang/Runnable; >"	5	16	15	java_type_ref("<Primordial,Ljava/lang/Runnable>")
"< Application, LEDU/oswego/cs/dl/util/concurrent/SynchronizedChar, equals(Ljava/lang/Object;)Z >"	4	9	2	java_type_ref("<Application,LEDU/oswego/cs/dl/util/concurrent/SynchronizedChar>")
"< Application, LEDU/oswego/cs/dl/util/concurrent/ClockDaemon, nextTask()LEDU/oswego/cs/dl/util/concurrent/ClockDaemon$TaskNode; >"	4	9	8	java_type_ref("<Application,LEDU/oswego/cs/dl/util/concurrent/ClockDaemon$TaskNode>")
"< Application, Lhedc/DateFormatter, equals(Ljava/lang/Object;Ljava/lang/Object;)Z >"	14	11	10	java_type_array(java_type_ref("<Primordial,Ljava/lang/Object>"))
"< Application, Lhedc/PooledExecutorWithInvalidate, getTask()Lhedc/Task; >"	11	12	11	java_type_ref("<Application,Lhedc/Task>")
"< Application, LEDU/oswego/cs/dl/util/concurrent/PooledExecutor, interruptAll()V >"	9	15	14	java_type_ref("<Primordial,Ljava/lang/Thread>")
"< Application, LEDU/oswego/cs/dl/util/concurrent/VetoableChangeMulticaster, addVetoableChangeListener(Ljava/lang/String;Ljava/beans/VetoableChangeListener;)V >"	13	10	9	java_type_ref("<Application,LEDU/oswego/cs/dl/util/concurrent/VetoableChangeMulticaster>")
"< Application, LEDU/oswego/cs/dl/util/concurrent/ObservableSync, release()V >"	6	13	12	java_type_ref("<Application,LEDU/oswego/cs/dl/util/concurrent/ObservableSync$SyncObserver>")
"< Application, LEDU/oswego/cs/dl/util/concurrent/SyncList$SyncCollectionListIterator, baseListIterator()Ljava/util/ListIterator; >"	2	5	4	java_type_ref("<Primordial,Ljava/util/ListIterator>")
"< Application, LEDU/oswego/cs/dl/util/concurrent/TimeDaemon, nextTask()LEDU/oswego/cs/dl/util/concurrent/TimeDaemon$TaskNode; >"	6	11	10	java_type_ref("<Application,LEDU/oswego/cs/dl/util/concurrent/TimeDaemon$TaskNode>")
"< Application, Lhedc/PooledExecutorWithInvalidate, interruptAll()V >"	9	15	14	java_type_ref("<Primordial,Ljava/lang/Thread>")
"< Application, Lhedc/ethz/util/Generator, getBuffer_()[C >"	8	13	12	java_type_array(java_type_prim(java_prim_type_char))
"< Application, LEDU/oswego/cs/dl/util/concurrent/TimeDaemon$TaskNode, compareTo(Ljava/lang/Object;)I >"	2	7	6	java_type_ref("<Application,LEDU/oswego/cs/dl/util/concurrent/TimeDaemon$TaskNode>")
"< Application, LEDU/oswego/cs/dl/util/concurrent/PropertyChangeMulticaster, addPropertyChangeListener(Ljava/lang/String;Ljava/beans/PropertyChangeListener;)V >"	13	10	9	java_type_ref("<Application,LEDU/oswego/cs/dl/util/concurrent/PropertyChangeMulticaster>")
"< Application, LEDU/oswego/cs/dl/util/concurrent/SynchronizedLong, equals(Ljava/lang/Object;)Z >"	4	9	2	java_type_ref("<Application,LEDU/oswego/cs/dl/util/concurrent/SynchronizedLong>")
"< Application, LEDU/oswego/cs/dl/util/concurrent/SynchronizedDouble, compareTo(Ljava/lang/Object;)I >"	0	4	2	java_type_ref("<Application,LEDU/oswego/cs/dl/util/concurrent/SynchronizedDouble>")
"< Application, LEDU/oswego/cs/dl/util/concurrent/PropertyChangeMulticaster, multicast(Ljava/beans/PropertyChangeEvent;)V >"	9	14	13	java_type_ref("<Application,LEDU/oswego/cs/dl/util/concurrent/PropertyChangeMulticaster>")
"< Application, LEDU/oswego/cs/dl/util/concurrent/PropertyChangeMulticaster, addPropertyChangeListenerIfAbsent(Ljava/lang/String;Ljava/beans/PropertyChangeListener;)V >"	13	10	9	java_type_ref("<Application,LEDU/oswego/cs/dl/util/concurrent/PropertyChangeMulticaster>")
"< Application, Lhedc/Rag$RagIterator, next()Ljava/lang/Object; >"	4	8	7	java_type_ref("<Primordial,Ljava/lang/String>")
"< Application, LEDU/oswego/cs/dl/util/concurrent/SynchronizedBoolean, compareTo(Ljava/lang/Object;)I >"	0	4	2	java_type_ref("<Application,LEDU/oswego/cs/dl/util/concurrent/SynchronizedBoolean>")
"< Application, LEDU/oswego/cs/dl/util/concurrent/ClockDaemon, nextTask()LEDU/oswego/cs/dl/util/concurrent/ClockDaemon$TaskNode; >"	5	10	9	java_type_ref("<Application,LEDU/oswego/cs/dl/util/concurrent/ClockDaemon$TaskNode>")
"< Application, LEDU/oswego/cs/dl/util/concurrent/SyncSortedMap, baseSortedMap()Ljava/util/SortedMap; >"	1	4	3	java_type_ref("<Primordial,Ljava/util/SortedMap>")
"< Application, Lhedc/ethz/util/Generator, getBuffer_()[C >"	9	14	13	java_type_array(java_type_prim(java_prim_type_char))
"< Application, Lhedc/ethz/util/ThreadFactory, stopAll()V >"	5	11	10	java_type_ref("<Primordial,Ljava/lang/Thread>")
"< Application, Lhedc/ethz/util/SmartRef, exists()Z >"	17	17	11	java_type_ref("<Primordial,Ljava/net/HttpURLConnection>")
"< Application, Lhedc/DateFormatter, equals(Ljava/lang/Object;)Z >"	5	8	2	java_type_ref("<Application,Lhedc/DateFormatter>")
