"< Application, LEDU/oswego/cs/dl/util/concurrent/FutureResult, get()Ljava/lang/Object; >"	3	"bb1"
"< Application, LEDU/oswego/cs/dl/util/concurrent/PooledExecutor$WaitWhenBlocked, blockedAction(Ljava/lang/Runnable;)Z >"	3	"bb7"
"< Application, LEDU/oswego/cs/dl/util/concurrent/Rendezvous$Rotator, rendezvousFunction([Ljava/lang/Object;)V >"	9	"bb4"
"< Application, LEDU/oswego/cs/dl/util/concurrent/FJTaskRunner, scanWhileIdling()V >"	65	"bb58"
"< Application, Lhedc/ethz/util/Messages, wlevel()I >"	3	"bb4"
"< Application, LEDU/oswego/cs/dl/util/concurrent/WaitableRef, whenEqual(Ljava/lang/Object;Ljava/lang/Runnable;)V >"	10	"bb14"
"< Application, LEDU/oswego/cs/dl/util/concurrent/WaitableInt, whenEqual(ILjava/lang/Runnable;)V >"	6	"bb3"
"< Application, LEDU/oswego/cs/dl/util/concurrent/FJTaskRunnerGroup, interruptAll()V >"	8	"bb11"
"< Application, LEDU/oswego/cs/dl/util/concurrent/FJTaskRunner, coInvoke([LEDU/oswego/cs/dl/util/concurrent/FJTask;)V >"	51	"bb43"
"< Application, LEDU/oswego/cs/dl/util/concurrent/PooledExecutor, drain()Ljava/util/List; >"	10	"bb4"
"< Application, LEDU/oswego/cs/dl/util/concurrent/VetoableChangeMulticaster, multicast(Ljava/beans/PropertyChangeEvent;)V >"	35	"bb36"
"< Application, Lhedc/ethz/util/EtcUtil, getLocalHostname()Ljava/lang/String; >"	5	"bb6"
"< Application, Ljavax/servlet/jsp/tagext/TagSupport, findAncestorWithClass(Ljavax/servlet/jsp/tagext/Tag;Ljava/lang/Class;)Ljavax/servlet/jsp/tagext/Tag; >"	5	"bb7"
"< Application, LEDU/oswego/cs/dl/util/concurrent/CondVar, timedwait(J)Z >"	31	"bb29"
"< Application, Lhedc/PooledExecutorWithInvalidate$Worker, run()V >"	16	"bb20"
"< Application, LEDU/oswego/cs/dl/util/concurrent/SynchronizedShort, compareTo(S)I >"	2	"bb7"
"< Application, Lhedc/regexp/RegexpCompiler, compileAlternative(Lhedc/regexp/CompilerState;Lhedc/regexp/Regexp;)Lhedc/regexp/Regexp; >"	83	"bb4"
"< Application, Lhedc/regexp/CharClass, process(Ljava/lang/String;)V >"	25	"bb5"
"< Application, LEDU/oswego/cs/dl/util/concurrent/SynchronizedByte, commit(BB)Z >"	4	"bb7"
"< Application, LEDU/oswego/cs/dl/util/concurrent/ClockDaemon, nextTask()LEDU/oswego/cs/dl/util/concurrent/ClockDaemon$TaskNode; >"	8	"bb28"
"< Application, LEDU/oswego/cs/dl/util/concurrent/CopyOnWriteArrayList, indexOf(Ljava/lang/Object;[Ljava/lang/Object;I)I >"	7	"bb3"
"< Application, LEDU/oswego/cs/dl/util/concurrent/PooledExecutor$Worker, run()V >"	20	"bb24"
"< Application, Lhedc/MetaSearchRequest, go()V >"	7	"bb13"
"< Application, Ljavax/servlet/http/HttpServlet, getAllDeclaredMethods(Ljava/lang/Class;)[Ljava/lang/reflect/Method; >"	12	"bb16"
"< Application, Ljavax/servlet/http/HttpServlet, doOptions(Ljavax/servlet/http/HttpServletRequest;Ljavax/servlet/http/HttpServletResponse;)V >"	2	"bb22"
"< Application, Lhedc/DateFormatter, parse(Ljava/lang/String;Ljava/text/ParsePosition;)Ljava/util/Date; >"	72	"bb106"
"< Application, LEDU/oswego/cs/dl/util/concurrent/TimeDaemon$TaskNode, compareTo(Ljava/lang/Object;)I >"	6	"bb10"
"< Application, LEDU/oswego/cs/dl/util/concurrent/VetoableChangeMulticaster, addVetoableChangeListenerIfAbsent(Ljava/beans/VetoableChangeListener;)V >"	19	"bb9"
"< Application, Lhedc/regexp/Regexp, main([Ljava/lang/String;)V >"	109	"bb79"
"< Application, LEDU/oswego/cs/dl/util/concurrent/SyncCollection, afterRead(Z)V >"	3	"bb7"
"< Application, LEDU/oswego/cs/dl/util/concurrent/VetoableChangeMulticaster, multicast(Ljava/beans/PropertyChangeEvent;)V >"	43	"bb42"
"< Application, Lhedc/PooledExecutorWithInvalidate, createThreads(I)I >"	13	"bb16"
"< Application, Lhedc/regexp/CharClass, cloneCharClass(Lhedc/regexp/Regexp;I)Lhedc/regexp/CharClass; >"	2	"bb8"
"< Application, Lhedc/ethz/util/Messages, format(Ljava/lang/String;Ljava/lang/Object;Ljava/lang/Object;Ljava/lang/Object;Ljava/lang/Object;)Ljava/lang/String; >"	38	"bb24"
"< Application, Lhedc/DateFormatter, format(Ljava/util/Date;Ljava/lang/StringBuffer;Ljava/text/FieldPosition;)Ljava/lang/StringBuffer; >"	68	"bb139"
"< Application, LEDU/oswego/cs/dl/util/concurrent/BoundedLinkedQueue, offer(Ljava/lang/Object;J)Z >"	46	"bb44"
"< Application, Lhedc/ethz/util/Logger, closeAllLogs()V >"	8	"bb3"
"< Application, LEDU/oswego/cs/dl/util/concurrent/CondVar, timedwait(J)Z >"	33	"bb25"
"< Application, LEDU/oswego/cs/dl/util/concurrent/LinkedQueue, insert(Ljava/lang/Object;)V >"	19	"bb22"
"< Application, LEDU/oswego/cs/dl/util/concurrent/FJTaskRunnerGroup$InvokableFJTask, run()V >"	11	"bb14"
"< Application, LEDU/oswego/cs/dl/util/concurrent/WriterPreferenceReadWriteLock$WriterLock, attempt(J)Z >"	20	"bb25"
"< Application, Lhedc/ethz/util/Ftp, closeServer()V >"	26	"bb25"
"< Application, Lhedc/ethz/util/Ftp, readServerResponse_(Ljava/io/InputStream;)Ljava/util/Vector; >"	11	"bb9"
"< Application, Lhedc/regexp/Literal, <clinit>()V >"	16	"bb7"
"< Application, LEDU/oswego/cs/dl/util/concurrent/CopyOnWriteArrayList$COWIterator, hasPrevious()Z >"	2	"bb5"
"< Application, Ljavax/servlet/jsp/tagext/TagAttributeInfo, getIdAttribute([Ljavax/servlet/jsp/tagext/TagAttributeInfo;)Ljavax/servlet/jsp/tagext/TagAttributeInfo; >"	0	"bb9"
"< Application, LEDU/oswego/cs/dl/util/concurrent/CopyOnWriteArrayList, lastIndexOf(Ljava/lang/Object;I)I >"	9	"bb17"
"< Application, LEDU/oswego/cs/dl/util/concurrent/WaitableFloat, whenLessEqual(FLjava/lang/Runnable;)V >"	11	"bb14"
"< Application, Lhedc/Messages, format(Ljava/lang/String;[Ljava/lang/Object;)Ljava/lang/String; >"	19	"bb4"
"< Application, LEDU/oswego/cs/dl/util/concurrent/ClockDaemon$RunLoop, run()V >"	5	"bb1"
"< Application, LEDU/oswego/cs/dl/util/concurrent/SynchronizedChar, compareTo(C)I >"	4	"bb7"
"< Application, LEDU/oswego/cs/dl/util/concurrent/CondVar, await()V >"	14	"bb17"
"< Application, LEDU/oswego/cs/dl/util/concurrent/Rendezvous, doRendezvous(Ljava/lang/Object;ZJ)Ljava/lang/Object; >"	65	"bb61"
"< Application, LEDU/oswego/cs/dl/util/concurrent/SynchronizedDouble, commit(DD)Z >"	5	"bb7"
"< Application, Lhedc/regexp/Regexp, searchForward(Lhedc/regexp/State;)Lhedc/regexp/Result; >"	26	"bb17"
"< Application, LEDU/oswego/cs/dl/util/concurrent/FJTaskRunner, checkOverflow()V >"	57	"bb38"
"< Application, Lhedc/DateFormatter, parse(Ljava/lang/String;Ljava/text/ParsePosition;)Ljava/util/Date; >"	55	"bb106"
"< Application, Ljavax/servlet/jsp/tagext/TagSupport, findAncestorWithClass(Ljavax/servlet/jsp/tagext/Tag;Ljava/lang/Class;)Ljavax/servlet/jsp/tagext/Tag; >"	25	"bb12"
"< Application, Lhedc/ethz/util/Generator, generateThroughBuffer(Ljava/lang/String;Ljava/io/Writer;Ljava/util/Hashtable;)J >"	12	"bb36"
"< Application, Lhedc/ethz/util/SmartRef, <init>(Ljava/lang/String;)V >"	220	"bb231"
"< Application, LEDU/oswego/cs/dl/util/concurrent/FJTaskRunner, taskYield()V >"	9	"bb11"
"< Application, Lhedc/RandomDate, main([Ljava/lang/String;)V >"	9	"bb11"
"< Application, LEDU/oswego/cs/dl/util/concurrent/FJTaskRunner, taskJoin(LEDU/oswego/cs/dl/util/concurrent/FJTask;)V >"	14	"bb1"
"< Application, LEDU/oswego/cs/dl/util/concurrent/SynchronizedInt, compareTo(I)I >"	4	"bb7"
"< Application, Lhedc/Messages, formatArray([I)Ljava/lang/String; >"	18	"bb8"
"< Application, LEDU/oswego/cs/dl/util/concurrent/SynchronizedLong, commit(JJ)Z >"	5	"bb7"
"< Application, LEDU/oswego/cs/dl/util/concurrent/FJTaskRunnerGroup, checkActive(LEDU/oswego/cs/dl/util/concurrent/FJTaskRunner;J)V >"	17	"bb20"
"< Application, LEDU/oswego/cs/dl/util/concurrent/ReentrantWriterPreferenceReadWriteLock, allowReader()Z >"	8	"bb10"
"< Application, Lhedc/SohoSynoptic, determineAttributes_(Ljava/util/Hashtable;Ljava/lang/String;)V >"	70	"bb91"
"< Application, LEDU/oswego/cs/dl/util/concurrent/PooledExecutor, createThreads(I)I >"	18	"bb2"
"< Application, LEDU/oswego/cs/dl/util/concurrent/FJTaskRunner, coInvoke([LEDU/oswego/cs/dl/util/concurrent/FJTask;)V >"	55	"bb28"
"< Application, Lhedc/ethz/util/Estimator, main([Ljava/lang/String;)V >"	40	"bb22"
"< Application, Lhedc/ethz/util/SmartRef, <init>(Ljava/lang/String;)V >"	231	"bb231"
"< Application, Ljavax/servlet/http/HttpUtils, parseName(Ljava/lang/String;Ljava/lang/StringBuffer;)Ljava/lang/String; >"	5	"bb21"
"< Application, LEDU/oswego/cs/dl/util/concurrent/Rendezvous, restart()V >"	9	"bb13"
"< Application, LEDU/oswego/cs/dl/util/concurrent/WaitableFloat, whenGreaterEqual(FLjava/lang/Runnable;)V >"	7	"bb3"
"< Application, Lhedc/Rag, runImpl()V >"	31	"bb29"
"< Application, LEDU/oswego/cs/dl/util/concurrent/PropertyChangeMulticaster, multicast(Ljava/beans/PropertyChangeEvent;)V >"	22	"bb17"
"< Application, Lhedc/ethz/util/Generator, generateThroughBuffer(Ljava/lang/String;Ljava/io/Writer;Ljava/util/Hashtable;)J >"	46	"bb6"
"< Application, Lhedc/MetaSearchResult$MetaSearchResultIterator, <init>(Lhedc/MetaSearchResult;)V >"	12	"bb16"
"< Application, LEDU/oswego/cs/dl/util/concurrent/FJTaskRunner, scanWhileIdling()V >"	52	"bb58"
"< Application, Lhedc/ethz/util/EtcUtil, copyFile(Ljava/io/File;Ljava/io/File;)Z >"	15	"bb17"
"< Application, Lhedc/regexp/Multi, advance(Lhedc/regexp/State;)Lhedc/regexp/Regexp; >"	24	"bb15"
"< Application, LEDU/oswego/cs/dl/util/concurrent/CopyOnWriteArrayList, writeObject(Ljava/io/ObjectOutputStream;)V >"	10	"bb6"
"< Application, Lhedc/DateFormatter, parse(Ljava/lang/String;Ljava/text/ParsePosition;)Ljava/util/Date; >"	45	"bb106"
"< Application, LEDU/oswego/cs/dl/util/concurrent/FJTaskRunner, coInvoke([LEDU/oswego/cs/dl/util/concurrent/FJTask;)V >"	27	"bb11"
"< Application, LEDU/oswego/cs/dl/util/concurrent/WaitableFloat, whenEqual(FLjava/lang/Runnable;)V >"	11	"bb14"
"< Application, Lhedc/FormFiller, internalize(Ljava/lang/String;)[C >"	55	"bb55"
"< Application, LEDU/oswego/cs/dl/util/concurrent/WaitableShort, whenGreaterEqual(SLjava/lang/Runnable;)V >"	6	"bb3"
"< Application, Ljavax/servlet/ServletInputStream, readLine([BII)I >"	9	"bb10"
"< Application, LEDU/oswego/cs/dl/util/concurrent/BoundedLinkedQueue, offer(Ljava/lang/Object;J)Z >"	26	"bb32"
"< Application, LEDU/oswego/cs/dl/util/concurrent/WriterPreferenceReadWriteLock, startWrite()Z >"	5	"bb7"
"< Application, LEDU/oswego/cs/dl/util/concurrent/WaitableFloat, whenGreater(FLjava/lang/Runnable;)V >"	7	"bb3"
"< Application, LEDU/oswego/cs/dl/util/concurrent/WaitableDouble, whenLess(DLjava/lang/Runnable;)V >"	11	"bb14"
"< Application, Lhedc/regexp/RegexpCompiler, compileAlternative(Lhedc/regexp/CompilerState;Lhedc/regexp/Regexp;)Lhedc/regexp/Regexp; >"	85	"bb82"
"< Application, Lhedc/ethz/util/Ftp, closeServer()V >"	21	"bb26"
"< Application, LEDU/oswego/cs/dl/util/concurrent/WaitableFloat, whenLess(FLjava/lang/Runnable;)V >"	11	"bb14"
"< Application, LEDU/oswego/cs/dl/util/concurrent/WaitableShort, whenLessEqual(SLjava/lang/Runnable;)V >"	6	"bb3"
"< Application, Ljavax/servlet/http/HttpServlet, service(Ljavax/servlet/http/HttpServletRequest;Ljavax/servlet/http/HttpServletResponse;)V >"	22	"bb51"
"< Application, LEDU/oswego/cs/dl/util/concurrent/WaitFreeQueue, insert(Ljava/lang/Object;)V >"	22	"bb26"
"< Application, Ljavax/servlet/http/HttpServlet, doOptions(Ljavax/servlet/http/HttpServletRequest;Ljavax/servlet/http/HttpServletResponse;)V >"	56	"bb63"
"< Application, Lhedc/DateFormatter, format(Ljava/util/Date;Ljava/lang/StringBuffer;Ljava/text/FieldPosition;)Ljava/lang/StringBuffer; >"	100	"bb139"
"< Application, Lhedc/DateFormatter, format(Ljava/util/Date;Ljava/lang/StringBuffer;Ljava/text/FieldPosition;)Ljava/lang/StringBuffer; >"	88	"bb83"
"< Application, Lhedc/DateFormatter, format(Ljava/util/Date;Ljava/lang/StringBuffer;Ljava/text/FieldPosition;)Ljava/lang/StringBuffer; >"	73	"bb77"
"< Application, LEDU/oswego/cs/dl/util/concurrent/SyncCollection$SyncCollectionIterator, remove()V >"	14	"bb20"
"< Application, LEDU/oswego/cs/dl/util/concurrent/BoundedLinkedQueue, put(Ljava/lang/Object;)V >"	31	"bb33"
"< Application, Ljavax/servlet/ServletInputStream, readLine([BII)I >"	2	"bb8"
"< Application, LEDU/oswego/cs/dl/util/concurrent/WaitFreeQueue$Node, pointerEquals(LEDU/oswego/cs/dl/util/concurrent/WaitFreeQueue$Node;J)Z >"	5	"bb7"
"< Application, Ljavax/servlet/http/HttpServlet, service(Ljavax/servlet/http/HttpServletRequest;Ljavax/servlet/http/HttpServletResponse;)V >"	48	"bb51"
"< Application, LEDU/oswego/cs/dl/util/concurrent/ClockDaemon$TaskNode, compareTo(Ljava/lang/Object;)I >"	9	"bb10"
"< Application, Lhedc/DateFormatter, parse(Ljava/lang/String;Ljava/text/ParsePosition;)Ljava/util/Date; >"	22	"bb22"
"< Application, LEDU/oswego/cs/dl/util/concurrent/FJTaskRunner, scan(LEDU/oswego/cs/dl/util/concurrent/FJTask;)V >"	38	"bb7"
"< Application, LEDU/oswego/cs/dl/util/concurrent/VetoableChangeMulticaster, hasListeners(Ljava/lang/String;)Z >"	18	"bb22"
"< Application, Lhedc/regexp/CompilerState, atEop()Z >"	3	"bb6"
"< Application, LEDU/oswego/cs/dl/util/concurrent/PropertyChangeMulticaster, addPropertyChangeListenerIfAbsent(Ljava/beans/PropertyChangeListener;)V >"	19	"bb9"
"< Application, Lhedc/regexp/ContextMatch, advance(Lhedc/regexp/State;)Lhedc/regexp/Regexp; >"	36	"bb35"
"< Application, LEDU/oswego/cs/dl/util/concurrent/CondVar, await()V >"	34	"bb27"
"< Application, Lhedc/Messages, format(Ljava/lang/String;[Ljava/lang/Object;)Ljava/lang/String; >"	33	"bb42"
"< Application, Lhedc/regexp/RegexpCompiler, compileAlternative(Lhedc/regexp/CompilerState;Lhedc/regexp/Regexp;)Lhedc/regexp/Regexp; >"	46	"bb4"
"< Application, Lhedc/DateFormatter, parse(Ljava/lang/String;Ljava/text/ParsePosition;)Ljava/util/Date; >"	65	"bb106"
"< Application, Lhedc/RandomDate, nextString()Ljava/lang/String; >"	2	"bb5"
"< Application, LEDU/oswego/cs/dl/util/concurrent/WaitableFloat, whenNotEqual(FLjava/lang/Runnable;)V >"	7	"bb3"
"< Application, LEDU/oswego/cs/dl/util/concurrent/WaitableChar, whenNotEqual(CLjava/lang/Runnable;)V >"	6	"bb3"
"< Application, Lhedc/regexp/CompilerState, toString()Ljava/lang/String; >"	2	"bb7"
"< Application, Lhedc/regexp/CharClass, process(Ljava/lang/String;)V >"	22	"bb18"
"< Application, LEDU/oswego/cs/dl/util/concurrent/WaitableFloat, whenLessEqual(FLjava/lang/Runnable;)V >"	7	"bb3"
"< Application, LEDU/oswego/cs/dl/util/concurrent/SyncList$SyncCollectionListIterator, add(Ljava/lang/Object;)V >"	14	"bb20"
"< Application, Lhedc/ethz/util/Generator, generate(Ljava/io/Writer;Ljava/util/Hashtable;[C)J >"	44	"bb5"
"< Application, Lhedc/DateFormatter, parse(Ljava/lang/String;Ljava/text/ParsePosition;)Ljava/util/Date; >"	44	"bb106"
"< Application, Lhedc/regexp/Regexp, main([Ljava/lang/String;)V >"	28	"bb36"
"< Application, Lhedc/MetaSearchImpl, search(Ljava/util/Hashtable;Lhedc/MetaSearchRequest;)Ljava/util/List; >"	7	"bb9"
"< Application, LEDU/oswego/cs/dl/util/concurrent/TimeDaemon, nextTask()LEDU/oswego/cs/dl/util/concurrent/TimeDaemon$TaskNode; >"	13	"bb28"
"< Application, Lhedc/ethz/util/Estimator, main([Ljava/lang/String;)V >"	25	"bb16"
"< Application, Lhedc/DateFormatter, parse(Ljava/lang/String;Ljava/text/ParsePosition;)Ljava/util/Date; >"	71	"bb106"
"< Application, Lhedc/DateFormatter, format(Ljava/util/Date;Ljava/lang/StringBuffer;Ljava/text/FieldPosition;)Ljava/lang/StringBuffer; >"	19	"bb145"
"< Application, Ljavax/servlet/http/HttpServlet, service(Ljavax/servlet/http/HttpServletRequest;Ljavax/servlet/http/HttpServletResponse;)V >"	28	"bb51"
"< Application, LEDU/oswego/cs/dl/util/concurrent/WaitFreeQueue, peek()Ljava/lang/Object; >"	21	"bb24"
"< Application, Lhedc/ethz/util/EtcUtil, isLocalHost(Ljava/lang/String;)Z >"	7	"bb10"
"< Application, LEDU/oswego/cs/dl/util/concurrent/BoundedBuffer, poll(J)Ljava/lang/Object; >"	19	"bb20"
"< Application, Lhedc/PooledExecutorWithInvalidate, createThreads(I)I >"	18	"bb2"
"< Application, LEDU/oswego/cs/dl/util/concurrent/SynchronizedBoolean, commit(ZZ)Z >"	4	"bb7"
"< Application, LEDU/oswego/cs/dl/util/concurrent/WaitableShort, whenLess(SLjava/lang/Runnable;)V >"	10	"bb14"
"< Application, LEDU/oswego/cs/dl/util/concurrent/ObservableSync, acquire()V >"	8	"bb5"
"< Application, Lhedc/DateFormatter, equals(Ljava/lang/Object;)Z >"	18	"bb20"
"< Application, LEDU/oswego/cs/dl/util/concurrent/Rendezvous, restart()V >"	14	"bb1"
"< Application, Lhedc/ethz/util/RmiLogger, log(Ljava/lang/String;Ljava/util/Hashtable;Ljava/lang/String;Ljava/lang/String;Ljava/lang/String;Ljava/lang/Object;J)V >"	127	"bb126"
"< Application, Lhedc/regexp/CharClass, process(Ljava/lang/String;)V >"	39	"bb5"
"< Application, LEDU/oswego/cs/dl/util/concurrent/PooledExecutor, interruptAll()V >"	13	"bb18"
"< Application, LEDU/oswego/cs/dl/util/concurrent/QueuedSemaphore$WaitQueue$WaitNode, doWait(LEDU/oswego/cs/dl/util/concurrent/QueuedSemaphore;)V >"	6	"bb15"
"< Application, Lhedc/ethz/util/EstimatorFactory, newEstimator(Ljava/lang/String;DD)Lhedc/ethz/util/Estimator; >"	24	"bb28"
"< Application, Lhedc/ethz/util/Estimator, main([Ljava/lang/String;)V >"	14	"bb4"
"< Application, Lhedc/DateFormatter, parse(Ljava/lang/String;Ljava/text/ParsePosition;)Ljava/util/Date; >"	91	"bb86"
"< Application, LEDU/oswego/cs/dl/util/concurrent/BoundedLinkedQueue, allowTake()V >"	5	"bb9"
"< Application, Lhedc/DateFormatter, format(Ljava/util/Date;Ljava/lang/StringBuffer;Ljava/text/FieldPosition;)Ljava/lang/StringBuffer; >"	118	"bb139"
"< Application, LEDU/oswego/cs/dl/util/concurrent/QueuedExecutor$RunLoop, run()V >"	6	"bb1"
"< Application, Ljavax/servlet/UnavailableException, getUnavailableSeconds()I >"	2	"bb5"
"< Application, Ljavax/servlet/http/HttpServlet, doGet(Ljavax/servlet/http/HttpServletRequest;Ljavax/servlet/http/HttpServletResponse;)V >"	6	"bb8"
"< Application, LEDU/oswego/cs/dl/util/concurrent/SynchronizedShort, compareTo(S)I >"	4	"bb7"
"< Application, Lhedc/DateFormatter, parse(Ljava/lang/String;Ljava/text/ParsePosition;)Ljava/util/Date; >"	158	"bb145"
"< Application, LEDU/oswego/cs/dl/util/concurrent/CopyOnWriteArrayList, indexOf(Ljava/lang/Object;I)I >"	9	"bb5"
"< Application, Lhedc/regexp/CharClass, process(Ljava/lang/String;)V >"	35	"bb30"
"< Application, Lhedc/ethz/util/RmiLogger, log(Ljava/lang/String;Ljava/util/Hashtable;Ljava/lang/String;Ljava/lang/String;Ljava/lang/String;Ljava/lang/Object;J)V >"	61	"bb65"
"< Application, Ljavax/servlet/http/HttpUtils, parseQueryString(Ljava/lang/String;)Ljava/util/Hashtable; >"	10	"bb42"
"< Application, LEDU/oswego/cs/dl/util/concurrent/CopyOnWriteArrayList, indexOf(Ljava/lang/Object;[Ljava/lang/Object;I)I >"	16	"bb10"
"< Application, Lhedc/ethz/util/BufferedCopy, copy()J >"	14	"bb5"
"< Application, LEDU/oswego/cs/dl/util/concurrent/SyncCollection, clear()V >"	6	"bb11"
"< Application, Lhedc/ethz/util/Generator, getBuffer_()[C >"	16	"bb16"
"< Application, LEDU/oswego/cs/dl/util/concurrent/Latch, acquire()V >"	11	"bb15"
"< Application, LEDU/oswego/cs/dl/util/concurrent/CopyOnWriteArrayList, remove(Ljava/lang/Object;)Z >"	31	"bb7"
"< Application, LEDU/oswego/cs/dl/util/concurrent/VetoableChangeMulticaster, multicast(Ljava/beans/PropertyChangeEvent;)V >"	22	"bb17"
"< Application, LEDU/oswego/cs/dl/util/concurrent/WaitableBoolean, whenTrue(Ljava/lang/Runnable;)V >"	10	"bb14"
"< Application, Lhedc/ethz/util/Messages, format(Ljava/lang/String;Ljava/lang/Object;Ljava/lang/Object;)Ljava/lang/String; >"	25	"bb13"
"< Application, Lhedc/regexp/CharClass, ppChar(I)Ljava/lang/String; >"	1	"bb18"
"< Application, Lhedc/regexp/RegexpCompiler, compileAlternatives(Lhedc/regexp/Regexp;Lhedc/regexp/CompilerState;I)Lhedc/regexp/Regexp; >"	21	"bb25"
"< Application, Lhedc/ethz/util/HttpLogger, log(Ljavax/servlet/http/HttpServletRequest;Ljavax/servlet/http/HttpServletResponse;JIJ)V >"	21	"bb23"
"< Application, LEDU/oswego/cs/dl/util/concurrent/FJTaskRunnerGroup, executeTask(LEDU/oswego/cs/dl/util/concurrent/FJTask;)V >"	3	"bb7"
"< Application, LEDU/oswego/cs/dl/util/concurrent/WaitableDouble, whenLessEqual(DLjava/lang/Runnable;)V >"	7	"bb3"
"< Application, Lhedc/regexp/CharClass, charInClass(I)Z >"	7	"bb6"
"< Application, Lhedc/DateFormatter, format(Ljava/util/Date;Ljava/lang/StringBuffer;Ljava/text/FieldPosition;)Ljava/lang/StringBuffer; >"	146	"bb120"
"< Application, Lhedc/Task, run()V >"	1	"bb5"
"< Application, Lhedc/regexp/RegexpCompiler, compileAlternative(Lhedc/regexp/CompilerState;Lhedc/regexp/Regexp;)Lhedc/regexp/Regexp; >"	53	"bb4"
"< Application, Lhedc/regexp/CharClass, process(Ljava/lang/String;)V >"	32	"bb30"
"< Application, Lhedc/ethz/util/CopyStream, copyStreamIntoBuffer(Ljava/io/InputStream;I)Ljava/lang/StringBuffer; >"	9	"bb4"
"< Application, Lhedc/DateFormatter, format(Ljava/util/Date;Ljava/lang/StringBuffer;Ljava/text/FieldPosition;)Ljava/lang/StringBuffer; >"	115	"bb139"
"< Application, Lhedc/regexp/CharClass, toStringThis()Ljava/lang/String; >"	29	"bb8"
"< Application, Ljavax/servlet/ServletOutputStream, print(Ljava/lang/String;)V >"	3	"bb18"
"< Application, LEDU/oswego/cs/dl/util/concurrent/PropertyChangeMulticaster, writeObject(Ljava/io/ObjectOutputStream;)V >"	15	"bb3"
"< Application, Lhedc/ethz/util/ObservableProperties, unregisterObserver(Lhedc/ethz/util/PropertyMonitoring;)Z >"	11	"bb2"
"< Application, Lhedc/Tester, run()V >"	62	"bb3"
"< Application, Lhedc/regexp/GroupReference, backup(Lhedc/regexp/State;)V >"	5	"bb7"
"< Application, Lhedc/ethz/util/URLConnectionReader, main([Ljava/lang/String;)V >"	9	"bb11"
"< Application, LEDU/oswego/cs/dl/util/concurrent/FJTaskRunner, scanWhileIdling()V >"	29	"bb29"
"< Application, LEDU/oswego/cs/dl/util/concurrent/WriterPreferenceReadWriteLock$ReaderLock, acquire()V >"	22	"bb24"
"< Application, LEDU/oswego/cs/dl/util/concurrent/WaitableDouble, whenGreater(DLjava/lang/Runnable;)V >"	7	"bb3"
"< Application, Lhedc/ethz/util/HttpLogger, log(Ljavax/servlet/http/HttpServletRequest;Ljavax/servlet/http/HttpServletResponse;JIJ)V >"	129	"bb126"
"< Application, LEDU/oswego/cs/dl/util/concurrent/SynchronizedDouble, compareTo(D)I >"	3	"bb7"
"< Application, Ljavax/servlet/http/Cookie, isToken(Ljava/lang/String;)Z >"	1	"bb10"
"< Application, LEDU/oswego/cs/dl/util/concurrent/FJTaskRunner, slowCoInvoke([LEDU/oswego/cs/dl/util/concurrent/FJTask;)V >"	6	"bb2"
"< Application, LEDU/oswego/cs/dl/util/concurrent/WriterPreferenceReadWriteLock$ReaderLock, attempt(J)Z >"	37	"bb34"
"< Application, LEDU/oswego/cs/dl/util/concurrent/SynchronizedBoolean, equals(Ljava/lang/Object;)Z >"	7	"bb9"
"< Application, LEDU/oswego/cs/dl/util/concurrent/QueuedSemaphore, recheck(LEDU/oswego/cs/dl/util/concurrent/QueuedSemaphore$WaitQueue$WaitNode;)Z >"	9	"bb11"
"< Application, LEDU/oswego/cs/dl/util/concurrent/WaitableShort, whenEqual(SLjava/lang/Runnable;)V >"	6	"bb3"
"< Application, LEDU/oswego/cs/dl/util/concurrent/FIFOReadWriteLock$ReaderSync, attempt(J)Z >"	2	"bb4"
"< Application, Lhedc/ethz/util/SmartRef, extractPortNo_(Ljava/lang/String;)I >"	13	"bb14"
"< Application, Lhedc/ethz/util/RmiLogger, log(Ljava/lang/String;Ljava/util/Hashtable;Ljava/lang/String;Ljava/lang/String;Ljava/lang/String;Ljava/lang/Object;J)V >"	75	"bb78"
"< Application, LEDU/oswego/cs/dl/util/concurrent/QueuedSemaphore, release(J)V >"	10	"bb6"
"< Application, Lhedc/ethz/util/ObservableProperties, putValue(Ljava/lang/String;Ljava/lang/String;)Z >"	41	"bb22"
"< Application, LEDU/oswego/cs/dl/util/concurrent/WaitableShort, whenLess(SLjava/lang/Runnable;)V >"	6	"bb3"
"< Application, LEDU/oswego/cs/dl/util/concurrent/Semaphore, acquire()V >"	19	"bb20"
"< Application, LEDU/oswego/cs/dl/util/concurrent/Rendezvous, doRendezvous(Ljava/lang/Object;ZJ)Ljava/lang/Object; >"	31	"bb61"
"< Application, LEDU/oswego/cs/dl/util/concurrent/WaitableRef, whenNull(Ljava/lang/Runnable;)V >"	10	"bb14"
"< Application, LEDU/oswego/cs/dl/util/concurrent/SynchronousChannel, doTake(ZJ)Ljava/lang/Object; >"	31	"bb14"
"< Application, Lhedc/MetaSearchResult, cloneTask(Lhedc/MetaSearchResult;)Lhedc/MetaSearchResult; >"	5	"bb7"
"< Application, Lhedc/ethz/util/Generator, generate(Ljava/io/Writer;Ljava/util/Hashtable;[C)J >"	29	"bb35"
"< Application, LEDU/oswego/cs/dl/util/concurrent/WaitableDouble, whenGreaterEqual(DLjava/lang/Runnable;)V >"	11	"bb14"
"< Application, Lhedc/PooledExecutorWithInvalidate$WaitWhenBlocked, blockedAction(Ljava/lang/Runnable;)Z >"	3	"bb7"
"< Application, LEDU/oswego/cs/dl/util/concurrent/WaitFreeQueue, insert(Ljava/lang/Object;)V >"	40	"bb4"
"< Application, Lhedc/regexp/RegexpCompiler, compileAlternative(Lhedc/regexp/CompilerState;Lhedc/regexp/Regexp;)Lhedc/regexp/Regexp; >"	91	"bb4"
"< Application, Lhedc/regexp/RegexpCompiler, compileAlternative(Lhedc/regexp/CompilerState;Lhedc/regexp/Regexp;)Lhedc/regexp/Regexp; >"	58	"bb4"
"< Application, LEDU/oswego/cs/dl/util/concurrent/BoundedLinkedQueue, offer(Ljava/lang/Object;J)Z >"	40	"bb39"
"< Application, Ljavax/servlet/http/NoBodyOutputStream, write([BII)V >"	4	"bb9"
"< Application, LEDU/oswego/cs/dl/util/concurrent/Semaphore, acquire()V >"	10	"bb7"
"< Application, LEDU/oswego/cs/dl/util/concurrent/WaitableByte, whenGreaterEqual(BLjava/lang/Runnable;)V >"	10	"bb14"
"< Application, Lhedc/ethz/util/Generator, putBuffer_([C)V >"	11	"bb10"
"< Application, Lhedc/PooledExecutorWithInvalidate, interruptAll()V >"	11	"bb7"
"< Application, LEDU/oswego/cs/dl/util/concurrent/SyncList, add(ILjava/lang/Object;)V >"	11	"bb17"
"< Application, Lhedc/Task, setThread(Ljava/lang/Thread;)V >"	4	"bb7"
"< Application, LEDU/oswego/cs/dl/util/concurrent/CopyOnWriteArrayList$COWSubList$COWSubListIterator, hasNext()Z >"	4	"bb7"
"< Application, Lhedc/DateFormatter, parse(Ljava/lang/String;Ljava/text/ParsePosition;)Ljava/util/Date; >"	68	"bb106"
"< Application, Lhedc/ethz/util/Generator, generateThroughBuffer(Ljava/io/Reader;Ljava/io/Writer;Ljava/util/Hashtable;)J >"	10	"bb6"
"< Application, LEDU/oswego/cs/dl/util/concurrent/BoundedLinkedQueue, poll(J)Ljava/lang/Object; >"	12	"bb14"
"< Application, Lhedc/regexp/Multi, advance(Lhedc/regexp/State;)Lhedc/regexp/Regexp; >"	8	"bb4"
"< Application, Lhedc/Rag$RagIterator, next()Ljava/lang/Object; >"	16	"bb20"
"< Application, Lhedc/SohoSynoptic, runImpl()V >"	43	"bb40"
"< Application, Lhedc/ethz/util/SmartRef, exists()Z >"	7	"bb10"
"< Application, Lhedc/SohoSynoptic, determineAttributes_(Ljava/util/Hashtable;Ljava/lang/String;)V >"	32	"bb27"
"< Application, Lhedc/ethz/util/ThreadFactory, stopAll()V >"	7	"bb4"
"< Application, LEDU/oswego/cs/dl/util/concurrent/LinkedQueue, poll(J)Ljava/lang/Object; >"	33	"bb16"
"< Application, LEDU/oswego/cs/dl/util/concurrent/PrioritySemaphore$PriorityWaitQueue, <init>()V >"	13	"bb6"
"< Application, LEDU/oswego/cs/dl/util/concurrent/PropertyChangeMulticaster, addPropertyChangeListener(Ljava/lang/String;Ljava/beans/PropertyChangeListener;)V >"	23	"bb27"
"< Application, LEDU/oswego/cs/dl/util/concurrent/CopyOnWriteArrayList, <init>(Ljava/util/Collection;)V >"	12	"bb7"
"< Application, Lhedc/Messages, format(Ljava/lang/String;[Ljava/lang/Object;)Ljava/lang/String; >"	49	"bb4"
"< Application, LEDU/oswego/cs/dl/util/concurrent/WaitFreeQueue, extract()Ljava/lang/Object; >"	45	"bb1"
"< Application, Ljavax/servlet/UnavailableException, <init>(Ljava/lang/String;I)V >"	3	"bb6"
"< Application, LEDU/oswego/cs/dl/util/concurrent/WaitableRef, whenNotNull(Ljava/lang/Runnable;)V >"	6	"bb3"
"< Application, Lhedc/DateFormatter, format(Ljava/util/Date;Ljava/lang/StringBuffer;Ljava/text/FieldPosition;)Ljava/lang/StringBuffer; >"	78	"bb75"
"< Application, LEDU/oswego/cs/dl/util/concurrent/WaitFreeQueue, poll(J)Ljava/lang/Object; >"	16	"bb7"
"< Application, Lhedc/regexp/RegexpCompiler, compileAlternative(Lhedc/regexp/CompilerState;Lhedc/regexp/Regexp;)Lhedc/regexp/Regexp; >"	34	"bb38"
"< Application, LEDU/oswego/cs/dl/util/concurrent/WaitableChar, whenLessEqual(CLjava/lang/Runnable;)V >"	6	"bb3"
"< Application, LEDU/oswego/cs/dl/util/concurrent/CondVar, timedwait(J)Z >"	44	"bb34"
"< Application, LEDU/oswego/cs/dl/util/concurrent/VetoableChangeMulticaster, readObject(Ljava/io/ObjectInputStream;)V >"	7	"bb4"
"< Application, Lhedc/ethz/util/SmartRef, length()J >"	20	"bb21"
"< Application, Lhedc/ethz/util/BufferedCopy, <init>(Ljava/io/OutputStream;Ljava/io/InputStream;I)V >"	5	"bb8"
"< Application, LEDU/oswego/cs/dl/util/concurrent/FJTaskRunnerGroup$InvokableFJTask, run()V >"	7	"bb10"
"< Application, Lhedc/RandomDate, parse(Ljava/lang/String;)Ljava/util/Date; >"	1	"bb4"
"< Application, Lhedc/ethz/util/Generator, generateThroughBuffer(Ljava/io/Reader;Ljava/io/Writer;Ljava/util/Hashtable;)J >"	20	"bb41"
"< Application, Lhedc/ethz/util/CopyStream, run()V >"	16	"bb19"
"< Application, LEDU/oswego/cs/dl/util/concurrent/WaitableInt, whenGreaterEqual(ILjava/lang/Runnable;)V >"	10	"bb14"
"< Application, Lhedc/ethz/util/SmartRef, <init>(Ljava/lang/String;)V >"	293	"bb267"
"< Application, Lhedc/regexp/ContextMatch, advance(Lhedc/regexp/State;)Lhedc/regexp/Regexp; >"	33	"bb32"
"< Application, LEDU/oswego/cs/dl/util/concurrent/Rendezvous, doRendezvous(Ljava/lang/Object;ZJ)Ljava/lang/Object; >"	72	"bb32"
"< Application, Lhedc/ethz/util/HttpLogger, log(Ljavax/servlet/http/HttpServletRequest;Ljavax/servlet/http/HttpServletResponse;JIJ)V >"	30	"bb32"
"< Application, LEDU/oswego/cs/dl/util/concurrent/FutureResult$1, run()V >"	4	"bb8"
"< Application, Lhedc/regexp/Regexp, main([Ljava/lang/String;)V >"	73	"bb68"
"< Application, Lhedc/ethz/util/Ftp, nlst(Ljava/lang/String;)Ljava/util/Enumeration; >"	68	"bb66"
"< Application, Lhedc/SohoSynoptic, determineAttributes_(Ljava/util/Hashtable;Ljava/lang/String;)V >"	8	"bb9"
"< Application, LEDU/oswego/cs/dl/util/concurrent/WaitFreeQueue, peek()Ljava/lang/Object; >"	10	"bb14"
"< Application, Lhedc/DateFormatter, parse(Ljava/lang/String;Ljava/text/ParsePosition;)Ljava/util/Date; >"	73	"bb106"
"< Application, Lhedc/MetaSearchImpl, writeResults_(Ljava/util/List;Ljava/io/Writer;)J >"	29	"bb7"
"< Application, LEDU/oswego/cs/dl/util/concurrent/WaitableLong, whenNotEqual(JLjava/lang/Runnable;)V >"	11	"bb14"
"< Application, LEDU/oswego/cs/dl/util/concurrent/ClockDaemon, nextTask()LEDU/oswego/cs/dl/util/concurrent/ClockDaemon$TaskNode; >"	32	"bb31"
"< Application, Lhedc/regexp/CharArrayState, lastIndexOf(II)I >"	7	"bb3"
"< Application, LEDU/oswego/cs/dl/util/concurrent/WaitableChar, whenGreaterEqual(CLjava/lang/Runnable;)V >"	6	"bb3"
"< Application, LEDU/oswego/cs/dl/util/concurrent/LinkedQueue, poll(J)Ljava/lang/Object; >"	12	"bb14"
"< Application, Lhedc/regexp/RegexpCompiler, compileAlternative(Lhedc/regexp/CompilerState;Lhedc/regexp/Regexp;)Lhedc/regexp/Regexp; >"	10	"bb82"
"< Application, Lhedc/DateFormatter, format(Ljava/util/Date;Ljava/lang/StringBuffer;Ljava/text/FieldPosition;)Ljava/lang/StringBuffer; >"	109	"bb139"
"< Application, Lhedc/regexp/Group, firstCharacter()I >"	4	"bb7"
"< Application, LEDU/oswego/cs/dl/util/concurrent/SynchronizedFloat, commit(FF)Z >"	5	"bb7"
"< Application, LEDU/oswego/cs/dl/util/concurrent/WaitableLong, whenGreater(JLjava/lang/Runnable;)V >"	11	"bb14"
"< Application, Lhedc/ethz/util/DoubleBufferCopy$CopyThread, run()V >"	15	"bb2"
"< Application, Lhedc/PooledExecutorWithInvalidate, execute(Lhedc/Task;)V >"	20	"bb24"
"< Application, Ljavax/servlet/http/HttpServlet, service(Ljavax/servlet/http/HttpServletRequest;Ljavax/servlet/http/HttpServletResponse;)V >"	44	"bb51"
"< Application, LEDU/oswego/cs/dl/util/concurrent/SynchronousChannel, doPut(Ljava/lang/Object;)V >"	15	"bb18"
"< Application, Lhedc/ethz/util/Logger, closeLog_()V >"	9	"bb12"
"< Application, Lhedc/ethz/util/HttpLogger, writeEpilogue_()V >"	13	"bb18"
"< Application, LEDU/oswego/cs/dl/util/concurrent/VetoableChangeMulticaster, multicast(Ljava/beans/PropertyChangeEvent;)V >"	25	"bb44"
"< Application, LEDU/oswego/cs/dl/util/concurrent/VetoableChangeMulticaster, getChild(Ljava/lang/String;)LEDU/oswego/cs/dl/util/concurrent/VetoableChangeMulticaster; >"	2	"bb7"
"< Application, Lhedc/Tester, run()V >"	51	"bb42"
"< Application, Lhedc/ethz/util/SmartRef, <init>(Ljava/lang/String;)V >"	262	"bb231"
"< Application, LEDU/oswego/cs/dl/util/concurrent/WaitableInt, whenEqual(ILjava/lang/Runnable;)V >"	10	"bb14"
"< Application, LEDU/oswego/cs/dl/util/concurrent/PooledExecutor, createThreads(I)I >"	9	"bb12"
"< Application, LEDU/oswego/cs/dl/util/concurrent/WaitableInt, whenLessEqual(ILjava/lang/Runnable;)V >"	6	"bb3"
"< Application, Lhedc/DateFormatter, format(Ljava/util/Date;Ljava/lang/StringBuffer;Ljava/text/FieldPosition;)Ljava/lang/StringBuffer; >"	62	"bb139"
"< Application, LEDU/oswego/cs/dl/util/concurrent/SynchronousChannel, doTake(ZJ)Ljava/lang/Object; >"	10	"bb13"
"< Application, Lhedc/regexp/RegexpCompiler, compileAlternative(Lhedc/regexp/CompilerState;Lhedc/regexp/Regexp;)Lhedc/regexp/Regexp; >"	26	"bb4"
"< Application, LEDU/oswego/cs/dl/util/concurrent/FJTaskRunner, coInvoke([LEDU/oswego/cs/dl/util/concurrent/FJTask;)V >"	53	"bb31"
"< Application, Lhedc/ethz/util/Ftp, printResponse_()V >"	2	"bb6"
"< Application, Lhedc/ethz/util/SmartRef, <init>(Ljava/lang/String;)V >"	207	"bb267"
"< Application, Lhedc/ethz/util/BaseProperties, getDouble(Ljava/lang/String;D)D >"	12	"bb19"
"< Application, LEDU/oswego/cs/dl/util/concurrent/WaitableRef, whenNotEqual(Ljava/lang/Object;Ljava/lang/Runnable;)V >"	6	"bb3"
"< Application, Lhedc/ethz/util/DoubleBufferCopy$CopyThread, run()V >"	12	"bb15"
"< Application, LEDU/oswego/cs/dl/util/concurrent/WaitableByte, whenEqual(BLjava/lang/Runnable;)V >"	6	"bb3"
"< Application, Lhedc/ethz/util/DoubleBufferCopy$Buffer, accessBuffer(I)Z >"	12	"bb29"
"< Application, LEDU/oswego/cs/dl/util/concurrent/SynchronizedInt, equals(Ljava/lang/Object;)Z >"	7	"bb9"
"< Application, Lhedc/ethz/util/Messages, wlevel()I >"	13	"bb13"
"< Application, Lhedc/DateFormatter, parse(Ljava/lang/String;Ljava/text/ParsePosition;)Ljava/util/Date; >"	54	"bb106"
"< Application, Lhedc/regexp/Regexp, main([Ljava/lang/String;)V >"	20	"bb36"
"< Application, Lhedc/DateFormatter, parse(Ljava/lang/String;Ljava/text/ParsePosition;)Ljava/util/Date; >"	74	"bb106"
"< Application, LEDU/oswego/cs/dl/util/concurrent/BoundedLinkedQueue, poll(J)Ljava/lang/Object; >"	27	"bb15"
"< Application, Lhedc/regexp/CharClass, ppChar(I)Ljava/lang/String; >"	3	"bb18"
"< Application, Lhedc/ethz/util/SmartRef, exists()Z >"	10	"bb44"
"< Application, Lhedc/regexp/Regexp, match(Lhedc/regexp/State;)Z >"	7	"bb3"
"< Application, LEDU/oswego/cs/dl/util/concurrent/WaitableLong, whenLessEqual(JLjava/lang/Runnable;)V >"	7	"bb3"
"< Application, LEDU/oswego/cs/dl/util/concurrent/WaitableBoolean, whenEqual(ZLjava/lang/Runnable;)V >"	6	"bb3"
"< Application, LEDU/oswego/cs/dl/util/concurrent/CountDown, acquire()V >"	9	"bb7"
"< Application, LEDU/oswego/cs/dl/util/concurrent/CondVar, timedwait(J)Z >"	42	"bb38"
"< Application, LEDU/oswego/cs/dl/util/concurrent/FJTaskRunner$VolatileTaskRef, newArray(I)[LEDU/oswego/cs/dl/util/concurrent/FJTaskRunner$VolatileTaskRef; >"	7	"bb3"
"< Application, Lhedc/regexp/CharClass, process(Ljava/lang/String;)V >"	48	"bb5"
"< Application, Lhedc/regexp/Regexp, toStringThis()Ljava/lang/String; >"	2	"bb4"
"< Application, LEDU/oswego/cs/dl/util/concurrent/WriterPreferenceReadWriteLock$ReaderLock, attempt(J)Z >"	24	"bb34"
"< Application, Lhedc/regexp/CharClass, process(Ljava/lang/String;)V >"	16	"bb13"
"< Application, LEDU/oswego/cs/dl/util/concurrent/WaitableBoolean, whenNotEqual(ZLjava/lang/Runnable;)V >"	6	"bb3"
"< Application, LEDU/oswego/cs/dl/util/concurrent/FJTaskRunnerGroup, stats()V >"	24	"bb17"
"< Application, LEDU/oswego/cs/dl/util/concurrent/SynchronousChannel, doPut(Ljava/lang/Object;)V >"	8	"bb11"
"< Application, LEDU/oswego/cs/dl/util/concurrent/FJTaskRunnerGroup, setActive(LEDU/oswego/cs/dl/util/concurrent/FJTaskRunner;)V >"	16	"bb17"
"< Application, LEDU/oswego/cs/dl/util/concurrent/Heap, extract()Ljava/lang/Object; >"	15	"bb36"
"< Application, Lhedc/FormFiller, sendResult_(Ljava/util/Hashtable;Ljava/lang/String;)J >"	7	"bb14"
"< Application, LEDU/oswego/cs/dl/util/concurrent/FJTaskRunner, run()V >"	13	"bb1"
"< Application, Lhedc/ethz/util/RmiLogger, log(Ljava/lang/String;Ljava/util/Hashtable;Ljava/lang/String;Ljava/lang/String;Ljava/lang/String;Ljava/lang/Object;J)V >"	22	"bb24"
"< Application, LEDU/oswego/cs/dl/util/concurrent/FIFOReadWriteLock$ReaderSync, acquire()V >"	5	"bb10"
"< Application, Lhedc/ethz/util/DoubleBufferCopy, <init>(Ljava/io/OutputStream;Ljava/io/InputStream;I)V >"	5	"bb8"
"< Application, LEDU/oswego/cs/dl/util/concurrent/ReentrantLock, acquire()V >"	16	"bb13"
"< Application, Ljavax/servlet/http/HttpServlet, doOptions(Ljavax/servlet/http/HttpServletRequest;Ljavax/servlet/http/HttpServletResponse;)V >"	47	"bb54"
"< Application, LEDU/oswego/cs/dl/util/concurrent/SynchronizedChar, equals(Ljava/lang/Object;)Z >"	7	"bb9"
"< Application, LEDU/oswego/cs/dl/util/concurrent/WaitableRef, whenNotEqual(Ljava/lang/Object;Ljava/lang/Runnable;)V >"	10	"bb14"
"< Application, LEDU/oswego/cs/dl/util/concurrent/TimeDaemon, restart()V >"	8	"bb11"
"< Application, Ljavax/servlet/http/HttpServlet, service(Ljavax/servlet/http/HttpServletRequest;Ljavax/servlet/http/HttpServletResponse;)V >"	20	"bb51"
"< Application, LEDU/oswego/cs/dl/util/concurrent/Rendezvous, doRendezvous(Ljava/lang/Object;ZJ)Ljava/lang/Object; >"	109	"bb84"
"< Application, Lhedc/DateFormatter, format(Ljava/util/Date;Ljava/lang/StringBuffer;Ljava/text/FieldPosition;)Ljava/lang/StringBuffer; >"	103	"bb139"
"< Application, LEDU/oswego/cs/dl/util/concurrent/SynchronizedBoolean, compareTo(Z)I >"	2	"bb7"
"< Application, Lhedc/regexp/RegexpCompiler, compileAlternative(Lhedc/regexp/CompilerState;Lhedc/regexp/Regexp;)Lhedc/regexp/Regexp; >"	95	"bb4"
"< Application, Ljavax/servlet/http/HttpUtils, parseName(Ljava/lang/String;Ljava/lang/StringBuffer;)Ljava/lang/String; >"	26	"bb21"
"< Application, Lhedc/ethz/util/Messages, format(Ljava/lang/String;Ljava/lang/Object;Ljava/lang/Object;)Ljava/lang/String; >"	26	"bb32"
"< Application, LEDU/oswego/cs/dl/util/concurrent/PooledExecutor, drain()Ljava/util/List; >"	8	"bb4"
"< Application, Lhedc/FormFiller, determineForm_()Ljava/lang/String; >"	3	"bb8"
"< Application, Lhedc/ethz/util/Estimator, main([Ljava/lang/String;)V >"	27	"bb14"
"< Application, Lhedc/ethz/util/BaseProperties, getInetAddress(Ljava/lang/String;Ljava/net/InetAddress;)Ljava/net/InetAddress; >"	3	"bb6"
"< Application, LEDU/oswego/cs/dl/util/concurrent/WriterPreferenceReadWriteLock$WriterLock, attempt(J)Z >"	25	"bb36"
"< Application, LEDU/oswego/cs/dl/util/concurrent/SynchronizedDouble, compareTo(D)I >"	6	"bb7"
"< Application, Lhedc/ethz/util/Generator, generateThroughBuffer(Ljava/io/Reader;Ljava/io/Writer;Ljava/util/Hashtable;)J >"	29	"bb20"
"< Application, Lhedc/RandomDate, main([Ljava/lang/String;)V >"	8	"bb4"
"< Application, LEDU/oswego/cs/dl/util/concurrent/TimeDaemon$RunLoop, run()V >"	5	"bb1"
"< Application, LEDU/oswego/cs/dl/util/concurrent/WaitableInt, whenGreater(ILjava/lang/Runnable;)V >"	10	"bb14"
"< Application, LEDU/oswego/cs/dl/util/concurrent/VetoableChangeMulticaster, addVetoableChangeListener(Ljava/lang/String;Ljava/beans/VetoableChangeListener;)V >"	10	"bb16"
"< Application, Lhedc/ethz/util/Generator, openTemplateFile_(Ljava/lang/String;)[C >"	26	"bb19"
"< Application, Lhedc/ethz/util/SystemProperties, getUniqueInstance()Lhedc/ethz/util/SystemProperties; >"	14	"bb13"
"< Application, LEDU/oswego/cs/dl/util/concurrent/BoundedBuffer, poll(J)Ljava/lang/Object; >"	29	"bb27"
"< Application, LEDU/oswego/cs/dl/util/concurrent/FJTaskRunner, scan(LEDU/oswego/cs/dl/util/concurrent/FJTask;)V >"	18	"bb35"
"< Application, Lhedc/ethz/util/DoubleBufferCopy, copy()V >"	6	"bb9"
"< Application, LEDU/oswego/cs/dl/util/concurrent/BoundedLinkedQueue, put(Ljava/lang/Object;)V >"	20	"bb24"
"< Application, Lhedc/DateFormatter, parse(Ljava/lang/String;Ljava/text/ParsePosition;)Ljava/util/Date; >"	53	"bb106"
"< Application, LEDU/oswego/cs/dl/util/concurrent/WriterPreferenceReadWriteLock$WriterLock, attempt(J)Z >"	42	"bb40"
"< Application, LEDU/oswego/cs/dl/util/concurrent/Rendezvous, doRendezvous(Ljava/lang/Object;ZJ)Ljava/lang/Object; >"	34	"bb61"
"< Application, Lhedc/ethz/util/Ftp, nlst(Ljava/lang/String;)Ljava/util/Enumeration; >"	43	"bb41"
"< Application, Lhedc/DateFormatter, format(Ljava/util/Date;Ljava/lang/StringBuffer;Ljava/text/FieldPosition;)Ljava/lang/StringBuffer; >"	23	"bb145"
"< Application, LEDU/oswego/cs/dl/util/concurrent/SynchronousChannel, doTake(ZJ)Ljava/lang/Object; >"	22	"bb24"
"< Application, LEDU/oswego/cs/dl/util/concurrent/SynchronizedVariable, execute(Ljava/lang/Runnable;)V >"	9	"bb13"
"< Application, LEDU/oswego/cs/dl/util/concurrent/ClockDaemon$TaskNode, compareTo(Ljava/lang/Object;)I >"	6	"bb10"
"< Application, LEDU/oswego/cs/dl/util/concurrent/WaitableShort, whenEqual(SLjava/lang/Runnable;)V >"	10	"bb14"
"< Application, Lhedc/regexp/CharClass, toStringThis()Ljava/lang/String; >"	21	"bb26"
"< Application, LEDU/oswego/cs/dl/util/concurrent/WaitableByte, whenLess(BLjava/lang/Runnable;)V >"	6	"bb3"
"< Application, LEDU/oswego/cs/dl/util/concurrent/FIFOReadWriteLock$ReaderSync, tryRead(J)Z >"	6	"bb9"
"< Application, LEDU/oswego/cs/dl/util/concurrent/FJTaskRunner, slowCoInvoke([LEDU/oswego/cs/dl/util/concurrent/FJTask;)V >"	13	"bb8"
"< Application, LEDU/oswego/cs/dl/util/concurrent/FJTaskRunner, coInvoke([LEDU/oswego/cs/dl/util/concurrent/FJTask;)V >"	56	"bb47"
"< Application, LEDU/oswego/cs/dl/util/concurrent/WriterPreferenceReadWriteLock$WriterLock, acquire()V >"	15	"bb10"
"< Application, LEDU/oswego/cs/dl/util/concurrent/SynchronizedInt, compareTo(I)I >"	2	"bb7"
"< Application, LEDU/oswego/cs/dl/util/concurrent/WaitableDouble, whenNotEqual(DLjava/lang/Runnable;)V >"	7	"bb3"
"< Application, Lhedc/MetaSearchImpl, getUniqueInstance()Lhedc/MetaSearchImpl; >"	5	"bb6"
"< Application, Lhedc/ethz/util/Generator, generateThroughBuffer(Ljava/lang/String;Ljava/io/Writer;Ljava/util/Hashtable;)J >"	23	"bb14"
"< Application, LEDU/oswego/cs/dl/util/concurrent/WaitableBoolean, whenTrue(Ljava/lang/Runnable;)V >"	6	"bb3"
"< Application, LEDU/oswego/cs/dl/util/concurrent/PropertyChangeMulticaster, removePropertyChangeListener(Ljava/beans/PropertyChangeListener;)V >"	28	"bb8"
"< Application, LEDU/oswego/cs/dl/util/concurrent/FJTaskRunnerGroup, setRunPriorities(I)V >"	11	"bb2"
"< Application, Lhedc/regexp/RegexpCompiler, compileAlternative(Lhedc/regexp/CompilerState;Lhedc/regexp/Regexp;)Lhedc/regexp/Regexp; >"	62	"bb81"
"< Application, Lhedc/ethz/util/Generator, generateThroughBuffer(Ljava/io/Reader;Ljava/io/Writer;Ljava/util/Hashtable;)J >"	49	"bb37"
"< Application, Lhedc/regexp/CharClass, process(Ljava/lang/String;)V >"	31	"bb5"
"< Application, LEDU/oswego/cs/dl/util/concurrent/WaitableFloat, whenGreaterEqual(FLjava/lang/Runnable;)V >"	11	"bb14"
"< Application, Lhedc/ethz/util/Messages, format(Ljava/lang/String;Ljava/lang/Object;Ljava/lang/Object;)Ljava/lang/String; >"	12	"bb2"
"< Application, LEDU/oswego/cs/dl/util/concurrent/WaitableInt, whenNotEqual(ILjava/lang/Runnable;)V >"	10	"bb14"
"< Application, Ljavax/servlet/http/HttpServlet, service(Ljavax/servlet/http/HttpServletRequest;Ljavax/servlet/http/HttpServletResponse;)V >"	12	"bb51"
"< Application, Ljavax/servlet/http/HttpServlet, service(Ljavax/servlet/ServletRequest;Ljavax/servlet/ServletResponse;)V >"	2	"bb7"
"< Application, LEDU/oswego/cs/dl/util/concurrent/WaitableLong, whenGreaterEqual(JLjava/lang/Runnable;)V >"	7	"bb3"
"< Application, Lhedc/FormFiller, internalize(Ljava/lang/String;)[C >"	3	"bb6"
"< Application, Lhedc/Tester, main([Ljava/lang/String;)V >"	30	"bb25"
"< Application, LEDU/oswego/cs/dl/util/concurrent/VetoableChangeMulticaster, multicast(Ljava/beans/PropertyChangeEvent;)V >"	12	"bb16"
"< Application, Lhedc/ethz/util/SmartRef, <init>(Ljava/lang/String;)V >"	172	"bb175"
"< Application, LEDU/oswego/cs/dl/util/concurrent/SynchronousChannel, doTake(ZJ)Ljava/lang/Object; >"	21	"bb29"
"< Application, Ljavax/servlet/http/HttpServlet, doTrace(Ljavax/servlet/http/HttpServletRequest;Ljavax/servlet/http/HttpServletResponse;)V >"	9	"bb23"
"< Application, LEDU/oswego/cs/dl/util/concurrent/WriterPreferenceReadWriteLock, allowReader()Z >"	5	"bb7"
"< Application, LEDU/oswego/cs/dl/util/concurrent/WaitableInt, whenLess(ILjava/lang/Runnable;)V >"	10	"bb14"
"< Application, Lhedc/ethz/util/Messages, format(Ljava/lang/String;Ljava/lang/Object;Ljava/lang/Object;Ljava/lang/Object;Ljava/lang/Object;)Ljava/lang/String; >"	25	"bb13"
"< Application, LEDU/oswego/cs/dl/util/concurrent/QueuedSemaphore, precheck()Z >"	3	"bb5"
"< Application, LEDU/oswego/cs/dl/util/concurrent/WaitableBoolean, whenFalse(Ljava/lang/Runnable;)V >"	10	"bb14"
"< Application, Lhedc/DateFormatter, parse(Ljava/lang/String;Ljava/text/ParsePosition;)Ljava/util/Date; >"	57	"bb106"
"< Application, LEDU/oswego/cs/dl/util/concurrent/CopyOnWriteArrayList, equals(Ljava/lang/Object;)Z >"	19	"bb24"
"< Application, Lhedc/Tester, main([Ljava/lang/String;)V >"	34	"bb9"
"< Application, Lhedc/ethz/util/SmartRef, retrieve_(Ljava/lang/String;)Ljava/lang/String; >"	10	"bb57"
"< Application, Lhedc/ethz/util/ObservableProperties, registerObserver(Lhedc/ethz/util/PropertyMonitoring;)V >"	11	"bb2"
"< Application, Lhedc/regexp/CharClass, toStringThis()Ljava/lang/String; >"	16	"bb12"
"< Application, LEDU/oswego/cs/dl/util/concurrent/WaitableShort, whenNotEqual(SLjava/lang/Runnable;)V >"	6	"bb3"
"< Application, Ljavax/servlet/ServletOutputStream, print(Z)V >"	3	"bb6"
"< Application, Lhedc/regexp/ContextMatch, advance(Lhedc/regexp/State;)Lhedc/regexp/Regexp; >"	29	"bb28"
"< Application, Lhedc/ethz/util/Messages, format(Ljava/lang/String;Ljava/lang/Object;Ljava/lang/Object;Ljava/lang/Object;Ljava/lang/Object;)Ljava/lang/String; >"	51	"bb35"
"< Application, LEDU/oswego/cs/dl/util/concurrent/FJTaskRunner, scanWhileIdling()V >"	32	"bb8"
"< Application, LEDU/oswego/cs/dl/util/concurrent/WaitableFloat, whenGreater(FLjava/lang/Runnable;)V >"	11	"bb14"
"< Application, Lhedc/regexp/RegexpCompiler, compileAlternative(Lhedc/regexp/CompilerState;Lhedc/regexp/Regexp;)Lhedc/regexp/Regexp; >"	36	"bb29"
"< Application, Lhedc/PooledExecutorWithInvalidate$Worker, run()V >"	3	"bb6"
"< Application, Lhedc/ethz/util/Messages, format(Ljava/lang/String;Ljava/lang/Object;Ljava/lang/Object;Ljava/lang/Object;)Ljava/lang/String; >"	38	"bb24"
"< Application, LEDU/oswego/cs/dl/util/concurrent/CopyOnWriteArrayList, readObject(Ljava/io/ObjectInputStream;)V >"	9	"bb5"
"< Application, LEDU/oswego/cs/dl/util/concurrent/CondVar, timedwait(J)Z >"	24	"bb24"
"< Application, Ljavax/servlet/http/HttpServlet, service(Ljavax/servlet/http/HttpServletRequest;Ljavax/servlet/http/HttpServletResponse;)V >"	40	"bb51"
"< Application, Lhedc/ethz/util/DoubleBufferCopy$CopyThread, run()V >"	16	"bb21"
"< Application, LEDU/oswego/cs/dl/util/concurrent/FJTaskRunner, checkOverflow()V >"	64	"bb44"
"< Application, LEDU/oswego/cs/dl/util/concurrent/CondVar, timedwait(J)Z >"	16	"bb16"
"< Application, Lhedc/DateFormatter, parse(Ljava/lang/String;Ljava/text/ParsePosition;)Ljava/util/Date; >"	70	"bb106"
"< Application, Lhedc/ethz/util/SerializePerformanceTest, makeData_(I)V >"	49	"bb3"
"< Application, Lhedc/ethz/util/EtcUtil, makeURLish(Ljava/lang/String;)Ljava/lang/String; >"	11	"bb20"
"< Application, LEDU/oswego/cs/dl/util/concurrent/FJTaskRunner, checkOverflow()V >"	37	"bb18"
"< Application, LEDU/oswego/cs/dl/util/concurrent/WaitableByte, whenNotEqual(BLjava/lang/Runnable;)V >"	6	"bb3"
"< Application, Lhedc/MetaSearchRequest, printResults()Ljava/lang/String; >"	17	"bb21"
"< Application, Lhedc/ethz/util/SmartRef, <clinit>()V >"	20	"bb11"
"< Application, Lhedc/ethz/util/Generator, generateStream(Ljava/io/Reader;Ljava/io/OutputStream;Ljava/util/Hashtable;)J >"	7	"bb2"
"< Application, Lhedc/ethz/util/Estimator, estimate(D)D >"	37	"bb9"
"< Application, LEDU/oswego/cs/dl/util/concurrent/CopyOnWriteArrayList, indexOf(Ljava/lang/Object;I)I >"	18	"bb12"
"< Application, LEDU/oswego/cs/dl/util/concurrent/CopyOnWriteArrayList, equals(Ljava/lang/Object;)Z >"	23	"bb14"
"< Application, Lhedc/ethz/util/SmartRef, exists()Z >"	57	"bb58"
"< Application, LEDU/oswego/cs/dl/util/concurrent/WaitableByte, whenEqual(BLjava/lang/Runnable;)V >"	10	"bb14"
"< Application, Lhedc/DateFormatter, parse(Ljava/lang/String;Ljava/text/ParsePosition;)Ljava/util/Date; >"	49	"bb47"
"< Application, Lhedc/MetaSearchRequest, printResults()Ljava/lang/String; >"	14	"bb9"
"< Application, LEDU/oswego/cs/dl/util/concurrent/CopyOnWriteArrayList, indexOf(Ljava/lang/Object;I)I >"	10	"bb18"
"< Application, Lhedc/regexp/RegexpCompiler, compileAlternative(Lhedc/regexp/CompilerState;Lhedc/regexp/Regexp;)Lhedc/regexp/Regexp; >"	51	"bb4"
"< Application, Lhedc/ethz/util/HttpLogger, log(Ljavax/servlet/http/HttpServletRequest;Ljavax/servlet/http/HttpServletResponse;JIJ)V >"	74	"bb77"
"< Application, LEDU/oswego/cs/dl/util/concurrent/TimeDaemon$RunLoop, run()V >"	8	"bb13"
"< Application, Lhedc/DateFormatter, expect(Ljava/lang/String;Ljava/text/ParsePosition;C)Z >"	5	"bb8"
"< Application, Ljavax/servlet/http/HttpServlet, doDelete(Ljavax/servlet/http/HttpServletRequest;Ljavax/servlet/http/HttpServletResponse;)V >"	6	"bb8"
"< Application, LEDU/oswego/cs/dl/util/concurrent/WaitableLong, whenLess(JLjava/lang/Runnable;)V >"	7	"bb3"
"< Application, Lhedc/PooledExecutorWithInvalidate, createThreads(I)I >"	9	"bb12"
"< Application, Lhedc/Rag, createResults_()V >"	30	"bb15"
"< Application, Lhedc/regexp/Alternatives, toStringThis()Ljava/lang/String; >"	14	"bb6"
"< Application, Lhedc/ethz/util/Logger, openLog(Ljava/lang/String;I)V >"	3	"bb5"
"< Application, LEDU/oswego/cs/dl/util/concurrent/Latch, acquire()V >"	9	"bb7"
"< Application, LEDU/oswego/cs/dl/util/concurrent/SemaphoreControlledChannel, put(Ljava/lang/Object;)V >"	14	"bb19"
"< Application, LEDU/oswego/cs/dl/util/concurrent/BoundedBuffer, put(Ljava/lang/Object;)V >"	15	"bb12"
"< Application, Ljavax/servlet/jsp/tagext/TagInfo, toString()Ljava/lang/String; >"	31	"bb42"
"< Application, LEDU/oswego/cs/dl/util/concurrent/SynchronizedFloat, equals(Ljava/lang/Object;)Z >"	8	"bb9"
"< Application, Lhedc/ethz/util/Generator, generateThroughBuffer(Ljava/lang/String;Ljava/io/Writer;Ljava/util/Hashtable;)J >"	31	"bb36"
"< Application, Lhedc/ethz/util/RmiLogger, log(Ljava/lang/String;Ljava/util/Hashtable;Ljava/lang/String;Ljava/lang/String;Ljava/lang/String;Ljava/lang/Object;J)V >"	139	"bb135"
"< Application, Lhedc/ethz/util/EtcUtil, getProtocolFromURI(Ljava/lang/String;)Ljava/lang/String; >"	3	"bb6"
"< Application, Lhedc/ethz/util/CopyStream, copyStreamIntoBuffer(Ljava/io/InputStream;I)Ljava/lang/StringBuffer; >"	12	"bb13"
"< Application, LEDU/oswego/cs/dl/util/concurrent/WaitableDouble, whenGreater(DLjava/lang/Runnable;)V >"	11	"bb14"
"< Application, Lhedc/Messages, format(Ljava/lang/String;[Ljava/lang/Object;)Ljava/lang/String; >"	46	"bb42"
"< Application, LEDU/oswego/cs/dl/util/concurrent/WaitableLong, whenGreaterEqual(JLjava/lang/Runnable;)V >"	11	"bb14"
"< Application, Lhedc/Tester, run()V >"	65	"bb53"
"< Application, Ljavax/servlet/http/HttpServlet, doPut(Ljavax/servlet/http/HttpServletRequest;Ljavax/servlet/http/HttpServletResponse;)V >"	6	"bb8"
"< Application, LEDU/oswego/cs/dl/util/concurrent/WaitableShort, whenGreater(SLjava/lang/Runnable;)V >"	6	"bb3"
"< Application, Lhedc/ethz/util/RmiLogger, writeEpilogue_()V >"	13	"bb18"
"< Application, Lhedc/regexp/CharClass, merge(Lhedc/regexp/CharClass;Z)V >"	14	"bb2"
"< Application, Ljavax/servlet/http/HttpServlet, doOptions(Ljavax/servlet/http/HttpServletRequest;Ljavax/servlet/http/HttpServletResponse;)V >"	65	"bb72"
"< Application, LEDU/oswego/cs/dl/util/concurrent/PrioritySemaphore$PriorityWaitQueue, extract()LEDU/oswego/cs/dl/util/concurrent/QueuedSemaphore$WaitQueue$WaitNode; >"	11	"bb1"
"< Application, LEDU/oswego/cs/dl/util/concurrent/PooledExecutor, workerDone(LEDU/oswego/cs/dl/util/concurrent/PooledExecutor$Worker;)V >"	8	"bb11"
"< Application, LEDU/oswego/cs/dl/util/concurrent/WaitableLong, whenLessEqual(JLjava/lang/Runnable;)V >"	11	"bb14"
"< Application, Lhedc/regexp/Regexp, match(Lhedc/regexp/State;)Z >"	10	"bb11"
"< Application, Lhedc/DateFormatter, parse(Ljava/lang/String;Ljava/text/ParsePosition;)Ljava/util/Date; >"	106	"bb99"
"< Application, Lhedc/ethz/util/RmiLogger, log(Ljava/lang/String;Ljava/util/Hashtable;Ljava/lang/String;Ljava/lang/String;Ljava/lang/String;Ljava/lang/Object;J)V >"	111	"bb108"
"< Application, LEDU/oswego/cs/dl/util/concurrent/SynchronizedBoolean, complement()Z >"	4	"bb7"
"< Application, LEDU/oswego/cs/dl/util/concurrent/BoundedBuffer, put(Ljava/lang/Object;)V >"	22	"bb25"
"< Application, Lhedc/DateFormatter, format(Ljava/util/Date;Ljava/lang/StringBuffer;Ljava/text/FieldPosition;)Ljava/lang/StringBuffer; >"	149	"bb139"
"< Application, Lhedc/regexp/CharClass, toStringThis()Ljava/lang/String; >"	14	"bb17"
"< Application, LEDU/oswego/cs/dl/util/concurrent/SynchronizedShort, commit(SS)Z >"	4	"bb7"
"< Application, Lhedc/DateFormatter, parse(Ljava/lang/String;Ljava/text/ParsePosition;)Ljava/util/Date; >"	69	"bb106"
"< Application, Lhedc/RandomDate, <init>(Ljava/util/Date;Ljava/util/Date;)V >"	6	"bb9"
"< Application, LEDU/oswego/cs/dl/util/concurrent/CondVar, timedwait(J)Z >"	37	"bb42"
"< Application, LEDU/oswego/cs/dl/util/concurrent/WaitableLong, whenNotEqual(JLjava/lang/Runnable;)V >"	7	"bb3"
"< Application, Lhedc/ethz/util/Generator, generateStream(Ljava/io/Reader;Ljava/io/OutputStream;Ljava/util/Hashtable;)J >"	14	"bb11"
"< Application, LEDU/oswego/cs/dl/util/concurrent/WaitableBoolean, whenNotEqual(ZLjava/lang/Runnable;)V >"	10	"bb14"
"< Application, Lhedc/Messages, format(Ljava/lang/String;[Ljava/lang/Object;)Ljava/lang/String; >"	39	"bb42"
"< Application, LEDU/oswego/cs/dl/util/concurrent/CyclicBarrier, doBarrier(ZJ)I >"	41	"bb40"
"< Application, Lhedc/ethz/util/BaseProperties, getStringArray(Ljava/lang/String;[Ljava/lang/String;)[Ljava/lang/String; >"	19	"bb15"
"< Application, Lhedc/ethz/util/CopyStream, run()V >"	7	"bb3"
"< Application, Lhedc/DateFormatter, format(Ljava/util/Date;Ljava/lang/StringBuffer;Ljava/text/FieldPosition;)Ljava/lang/StringBuffer; >"	144	"bb134"
"< Application, LEDU/oswego/cs/dl/util/concurrent/VetoableChangeMulticaster, writeObject(Ljava/io/ObjectOutputStream;)V >"	15	"bb3"
"< Application, LEDU/oswego/cs/dl/util/concurrent/FJTaskRunner, checkOverflow()V >"	38	"bb52"
"< Application, Lhedc/DateFormatter, parse(Ljava/lang/String;Ljava/text/ParsePosition;)Ljava/util/Date; >"	93	"bb79"
"< Application, LEDU/oswego/cs/dl/util/concurrent/WaitableRef, whenEqual(Ljava/lang/Object;Ljava/lang/Runnable;)V >"	6	"bb3"
"< Application, Lhedc/DateFormatter, format(Ljava/util/Date;Ljava/lang/StringBuffer;Ljava/text/FieldPosition;)Ljava/lang/StringBuffer; >"	44	"bb139"
"< Application, Lhedc/ethz/util/SerializePerformanceTest, makeData_(I)V >"	17	"bb22"
"< Application, LEDU/oswego/cs/dl/util/concurrent/CopyOnWriteArrayList, lastIndexOf(Ljava/lang/Object;[Ljava/lang/Object;I)I >"	9	"bb16"
"< Application, LEDU/oswego/cs/dl/util/concurrent/FJTaskRunner, scan(LEDU/oswego/cs/dl/util/concurrent/FJTask;)V >"	27	"bb35"
"< Application, LEDU/oswego/cs/dl/util/concurrent/FIFOSemaphore$FIFOWaitQueue, insert(LEDU/oswego/cs/dl/util/concurrent/QueuedSemaphore$WaitQueue$WaitNode;)V >"	4	"bb9"
"< Application, Lhedc/PooledExecutorWithInvalidate, createThreads(I)I >"	11	"bb17"
"< Application, Lhedc/ethz/util/DoubleBufferCopy, <init>(Ljava/io/OutputStream;Ljava/io/InputStream;I)V >"	11	"bb14"
"< Application, Lhedc/ethz/util/BaseProperties, load(Ljava/lang/String;)V >"	8	"bb12"
"< Application, Lhedc/ethz/util/Estimator, estimate(D)D >"	7	"bb28"
"< Application, Ljavax/servlet/http/HttpServlet, doOptions(Ljavax/servlet/http/HttpServletRequest;Ljavax/servlet/http/HttpServletResponse;)V >"	74	"bb81"
"< Application, LEDU/oswego/cs/dl/util/concurrent/PooledExecutor, execute(Ljava/lang/Runnable;)V >"	20	"bb24"
"< Application, LEDU/oswego/cs/dl/util/concurrent/BoundedBuffer, take()Ljava/lang/Object; >"	9	"bb7"
"< Application, Lhedc/ethz/util/BaseProperties, getURL(Ljava/lang/String;Ljava/net/URL;)Ljava/net/URL; >"	6	"bb14"
"< Application, Lhedc/regexp/ContextMatch, advance(Lhedc/regexp/State;)Lhedc/regexp/Regexp; >"	21	"bb21"
"< Application, Lhedc/ethz/util/HttpLogger, log(Ljavax/servlet/http/HttpServletRequest;Ljavax/servlet/http/HttpServletResponse;JIJ)V >"	140	"bb140"
"< Application, Lhedc/ethz/util/EstimatorFactory, sync()V >"	36	"bb13"
"< Application, LEDU/oswego/cs/dl/util/concurrent/WaitableDouble, whenLessEqual(DLjava/lang/Runnable;)V >"	11	"bb14"
"< Application, Lhedc/ethz/util/SmartRef, isLocal()Z >"	5	"bb8"
"< Application, LEDU/oswego/cs/dl/util/concurrent/SynchronizedLong, compareTo(J)I >"	3	"bb7"
"< Application, LEDU/oswego/cs/dl/util/concurrent/FJTaskRunnerGroup, initializeThreads()V >"	9	"bb2"
"< Application, Ljavax/servlet/http/HttpServlet, service(Ljavax/servlet/http/HttpServletRequest;Ljavax/servlet/http/HttpServletResponse;)V >"	36	"bb51"
"< Application, Ljavax/servlet/http/HttpServlet, getAllDeclaredMethods(Ljava/lang/Class;)[Ljava/lang/reflect/Method; >"	20	"bb22"
"< Application, Ljavax/servlet/http/HttpServlet, doOptions(Ljavax/servlet/http/HttpServletRequest;Ljavax/servlet/http/HttpServletResponse;)V >"	29	"bb36"
"< Application, LEDU/oswego/cs/dl/util/concurrent/BoundedBuffer, take()Ljava/lang/Object; >"	15	"bb18"
"< Application, Lhedc/ethz/util/Generator, generateThroughBuffer(Ljava/io/Reader;Ljava/io/Writer;Ljava/util/Hashtable;)J >"	37	"bb41"
"< Application, Lhedc/regexp/Regexp, main([Ljava/lang/String;)V >"	90	"bb94"
"< Application, Lhedc/ethz/util/SmartRef, exists()Z >"	26	"bb28"
"< Application, LEDU/oswego/cs/dl/util/concurrent/SynchronizedLong, swap(LEDU/oswego/cs/dl/util/concurrent/SynchronizedLong;)J >"	13	"bb17"
"< Application, Lhedc/ethz/util/HttpLogger, log(Ljavax/servlet/http/HttpServletRequest;Ljavax/servlet/http/HttpServletResponse;JIJ)V >"	60	"bb64"
"< Application, LEDU/oswego/cs/dl/util/concurrent/SynchronizedFloat, compareTo(F)I >"	6	"bb7"
"< Application, Lhedc/DateFormatter, parse(Ljava/lang/String;Ljava/text/ParsePosition;)Ljava/util/Date; >"	67	"bb106"
"< Application, Lhedc/ethz/util/RmiLogger, log(Ljava/lang/String;Ljava/util/Hashtable;Ljava/lang/String;Ljava/lang/String;Ljava/lang/String;Ljava/lang/Object;J)V >"	47	"bb52"
"< Application, Lhedc/ethz/util/SystemProperties, setSource(Ljava/lang/String;)V >"	13	"bb12"
"< Application, Lhedc/regexp/RegexpCompiler, compileAlternative(Lhedc/regexp/CompilerState;Lhedc/regexp/Regexp;)Lhedc/regexp/Regexp; >"	65	"bb81"
"< Application, Lhedc/ethz/util/BaseProperties, getURL(Ljava/lang/String;Ljava/net/URL;)Ljava/net/URL; >"	14	"bb16"
"< Application, LEDU/oswego/cs/dl/util/concurrent/ReentrantLock, acquire()V >"	12	"bb22"
"< Application, LEDU/oswego/cs/dl/util/concurrent/SyncMap, clear()V >"	6	"bb11"
"< Application, LEDU/oswego/cs/dl/util/concurrent/WaitableChar, whenNotEqual(CLjava/lang/Runnable;)V >"	10	"bb14"
"< Application, Lhedc/ethz/util/Generator, generate(Ljava/io/Writer;Ljava/util/Hashtable;[C)J >"	21	"bb13"
"< Application, Lhedc/regexp/Regexp, match(Lhedc/regexp/State;)Z >"	8	"bb11"
"< Application, LEDU/oswego/cs/dl/util/concurrent/PooledExecutor, createThreads(I)I >"	13	"bb16"
"< Application, Lhedc/regexp/Regexp, searchForward(Lhedc/regexp/State;)Lhedc/regexp/Result; >"	14	"bb27"
"< Application, LEDU/oswego/cs/dl/util/concurrent/ReentrantLock, acquire()V >"	19	"bb22"
"< Application, LEDU/oswego/cs/dl/util/concurrent/PooledExecutor$Worker, run()V >"	13	"bb5"
"< Application, Ljavax/servlet/http/HttpUtils, parsePostData(ILjavax/servlet/ServletInputStream;)Ljava/util/Hashtable; >"	21	"bb23"
"< Application, Lhedc/regexp/CharClass, process(Ljava/lang/String;)V >"	46	"bb5"
"< Application, Lhedc/ethz/util/Generator, generateStream(Ljava/io/Reader;Ljava/io/Writer;Ljava/util/Hashtable;)J >"	20	"bb28"
"< Application, LEDU/oswego/cs/dl/util/concurrent/SynchronizedDouble, equals(Ljava/lang/Object;)Z >"	8	"bb9"
"< Application, Lhedc/MetaSearchImpl, search(Ljava/util/Hashtable;Lhedc/MetaSearchRequest;)Ljava/util/List; >"	37	"bb38"
"< Application, Lhedc/SohoSynoptic, determineAttributes_(Ljava/util/Hashtable;Ljava/lang/String;)V >"	20	"bb18"
"< Application, LEDU/oswego/cs/dl/util/concurrent/SynchronizedChar, commit(CC)Z >"	4	"bb7"
"< Application, Lhedc/DateFormatter, format(Ljava/util/Date;Ljava/lang/StringBuffer;Ljava/text/FieldPosition;)Ljava/lang/StringBuffer; >"	65	"bb139"
"< Application, Ljavax/servlet/jsp/tagext/BodyContent, clearBody()V >"	1	"bb6"
"< Application, Lhedc/DateFormatter, parse(Ljava/lang/String;Ljava/text/ParsePosition;)Ljava/util/Date; >"	143	"bb130"
"< Application, Lhedc/MetaSearchResult$MetaSearchResultIterator, hasNext()Z >"	4	"bb18"
"< Application, LEDU/oswego/cs/dl/util/concurrent/Heap, insert(Ljava/lang/Object;)V >"	30	"bb17"
"< Application, Lhedc/ethz/util/Messages, format(Ljava/lang/String;Ljava/lang/Object;Ljava/lang/Object;Ljava/lang/Object;Ljava/lang/Object;)Ljava/lang/String; >"	52	"bb54"
"< Application, LEDU/oswego/cs/dl/util/concurrent/WaitableRef, whenNotNull(Ljava/lang/Runnable;)V >"	10	"bb14"
"< Application, LEDU/oswego/cs/dl/util/concurrent/VetoableChangeMulticaster, removeVetoableChangeListener(Ljava/beans/VetoableChangeListener;)V >"	28	"bb8"
"< Application, Lhedc/PooledExecutorWithInvalidate$Worker, run()V >"	18	"bb22"
"< Application, Lhedc/ethz/util/CopyStream, run()V >"	15	"bb11"
"< Application, Lhedc/regexp/CharArrayState, indexOf(II)I >"	8	"bb4"
"< Application, Lhedc/DateFormatter, format(Ljava/util/Date;Ljava/lang/StringBuffer;Ljava/text/FieldPosition;)Ljava/lang/StringBuffer; >"	162	"bb8"
"< Application, Lhedc/regexp/RegexpCompiler, compileAlternative(Lhedc/regexp/CompilerState;Lhedc/regexp/Regexp;)Lhedc/regexp/Regexp; >"	7	"bb4"
"< Application, Lhedc/ethz/util/RmiLogger, log(Ljava/lang/String;Ljava/util/Hashtable;Ljava/lang/String;Ljava/lang/String;Ljava/lang/String;Ljava/lang/Object;J)V >"	31	"bb33"
"< Application, LEDU/oswego/cs/dl/util/concurrent/WaitFreeQueue, peek()Ljava/lang/Object; >"	34	"bb1"
"< Application, Lhedc/Messages, formatArray([Ljava/lang/Object;)Ljava/lang/String; >"	18	"bb8"
"< Application, Lhedc/DateFormatter, expect(Ljava/lang/String;Ljava/text/ParsePosition;C)Z >"	10	"bb12"
"< Application, LEDU/oswego/cs/dl/util/concurrent/WriterPreferenceReadWriteLock$WriterLock, acquire()V >"	20	"bb21"
"< Application, Lhedc/ethz/util/SmartRef, getInputStream()Ljava/io/InputStream; >"	5	"bb12"
"< Application, Lhedc/ethz/util/Messages, format(Ljava/lang/String;Ljava/lang/Object;)Ljava/lang/String; >"	12	"bb2"
"< Application, Lhedc/regexp/Regexp, main([Ljava/lang/String;)V >"	24	"bb36"
"< Application, LEDU/oswego/cs/dl/util/concurrent/WaitableDouble, whenNotEqual(DLjava/lang/Runnable;)V >"	11	"bb14"
"< Application, LEDU/oswego/cs/dl/util/concurrent/CondVar, await()V >"	23	"bb18"
"< Application, LEDU/oswego/cs/dl/util/concurrent/CopyOnWriteArrayList, isEmpty()Z >"	2	"bb5"
"< Application, LEDU/oswego/cs/dl/util/concurrent/Mutex, acquire()V >"	11	"bb15"
"< Application, Lhedc/Tester, run()V >"	56	"bb48"
"< Application, LEDU/oswego/cs/dl/util/concurrent/WaitFreeQueue, extract()Ljava/lang/Object; >"	12	"bb16"
"< Application, Lhedc/PooledExecutorWithInvalidate$Worker, run()V >"	21	"bb6"
"< Application, Lhedc/ethz/util/RmiLogger, log(Ljava/lang/String;Ljava/util/Hashtable;Ljava/lang/String;Ljava/lang/String;Ljava/lang/String;Ljava/lang/Object;J)V >"	89	"bb91"
"< Application, Lhedc/RandomDate, <init>(Ljava/lang/String;Ljava/lang/String;)V >"	6	"bb9"
"< Application, LEDU/oswego/cs/dl/util/concurrent/Semaphore, release(J)V >"	13	"bb8"
"< Application, Lhedc/ethz/util/HttpLogger, log(Ljavax/servlet/http/HttpServletRequest;Ljavax/servlet/http/HttpServletResponse;JIJ)V >"	88	"bb90"
"< Application, Lhedc/SohoSynoptic, createResults_()V >"	21	"bb6"
"< Application, LEDU/oswego/cs/dl/util/concurrent/WaitableDouble, whenGreaterEqual(DLjava/lang/Runnable;)V >"	7	"bb3"
"< Application, LEDU/oswego/cs/dl/util/concurrent/WaitableShort, whenGreaterEqual(SLjava/lang/Runnable;)V >"	10	"bb14"
"< Application, LEDU/oswego/cs/dl/util/concurrent/WaitableShort, whenGreater(SLjava/lang/Runnable;)V >"	10	"bb14"
"< Application, Lhedc/regexp/CharClass, process(Ljava/lang/String;)V >"	28	"bb23"
"< Application, Lhedc/ethz/util/Estimator, <init>(Ljava/lang/String;DD)V >"	22	"bb15"
"< Application, LEDU/oswego/cs/dl/util/concurrent/ObservableSync, release()V >"	8	"bb5"
"< Application, Lhedc/ethz/util/RmiLogger, writePreamble_()V >"	19	"bb24"
"< Application, Lhedc/regexp/Group, advance(Lhedc/regexp/State;)Lhedc/regexp/Regexp; >"	4	"bb8"
"< Application, Lhedc/regexp/CharClass, process(Ljava/lang/String;)V >"	34	"bb30"
"< Application, LEDU/oswego/cs/dl/util/concurrent/WaitableChar, whenGreaterEqual(CLjava/lang/Runnable;)V >"	10	"bb14"
"< Application, LEDU/oswego/cs/dl/util/concurrent/PropertyChangeMulticaster, addPropertyChangeListenerIfAbsent(Ljava/lang/String;Ljava/beans/PropertyChangeListener;)V >"	10	"bb16"
"< Application, LEDU/oswego/cs/dl/util/concurrent/CopyOnWriteArrayList$COWIterator, hasNext()Z >"	4	"bb7"
"< Application, Lhedc/ethz/util/HttpLogger, writePreamble_()V >"	19	"bb24"
"< Application, LEDU/oswego/cs/dl/util/concurrent/WaitableByte, whenNotEqual(BLjava/lang/Runnable;)V >"	10	"bb14"
"< Application, Lhedc/DateFormatter, parse(Ljava/lang/String;Ljava/text/ParsePosition;)Ljava/util/Date; >"	77	"bb106"
"< Application, Lhedc/DateFormatter, format(Ljava/util/Date;Ljava/lang/StringBuffer;Ljava/text/FieldPosition;)Ljava/lang/StringBuffer; >"	94	"bb139"
"< Application, LEDU/oswego/cs/dl/util/concurrent/CopyOnWriteArrayList, addAll(Ljava/util/Collection;)Z >"	16	"bb11"
"< Application, LEDU/oswego/cs/dl/util/concurrent/WaitableRef, whenNull(Ljava/lang/Runnable;)V >"	6	"bb3"
"< Application, Lhedc/ethz/util/SmartRef, <init>(Ljava/lang/String;)V >"	63	"bb98"
"< Application, Lhedc/DateFormatter, parse(Ljava/lang/String;Ljava/text/ParsePosition;)Ljava/util/Date; >"	20	"bb145"
"< Application, LEDU/oswego/cs/dl/util/concurrent/WaitFreeQueue$Node, commit(LEDU/oswego/cs/dl/util/concurrent/WaitFreeQueue$Node;JLEDU/oswego/cs/dl/util/concurrent/WaitFreeQueue$Node;J)Z >"	5	"bb7"
"< Application, LEDU/oswego/cs/dl/util/concurrent/BoundedBuffer, poll(J)Ljava/lang/Object; >"	26	"bb11"
"< Application, Lhedc/ethz/util/SmartRef, exists()Z >"	36	"bb40"
"< Application, Lhedc/ethz/util/Ftp, closeServer()V >"	11	"bb26"
"< Application, Ljavax/servlet/http/HttpServlet, doPost(Ljavax/servlet/http/HttpServletRequest;Ljavax/servlet/http/HttpServletResponse;)V >"	6	"bb8"
"< Application, LEDU/oswego/cs/dl/util/concurrent/WriterPreferenceReadWriteLock$ReaderLock, acquire()V >"	15	"bb10"
"< Application, Lhedc/DateFormatter, format(Ljava/util/Date;Ljava/lang/StringBuffer;Ljava/text/FieldPosition;)Ljava/lang/StringBuffer; >"	91	"bb139"
"< Application, LEDU/oswego/cs/dl/util/concurrent/ReaderPreferenceReadWriteLock, allowReader()Z >"	2	"bb5"
"< Application, LEDU/oswego/cs/dl/util/concurrent/Mutex, acquire()V >"	9	"bb7"
"< Application, LEDU/oswego/cs/dl/util/concurrent/SynchronizedRef, commit(Ljava/lang/Object;Ljava/lang/Object;)Z >"	4	"bb7"
"< Application, LEDU/oswego/cs/dl/util/concurrent/CopyOnWriteArrayList, lastIndexOf(Ljava/lang/Object;[Ljava/lang/Object;I)I >"	8	"bb3"
"< Application, LEDU/oswego/cs/dl/util/concurrent/SyncMap, putAll(Ljava/util/Map;)V >"	6	"bb11"
"< Application, Lhedc/MetaSearchImpl, search(Ljava/util/Hashtable;Lhedc/MetaSearchRequest;)Ljava/util/List; >"	35	"bb28"
"< Application, Lhedc/regexp/RegexpCompiler, compileAlternative(Lhedc/regexp/CompilerState;Lhedc/regexp/Regexp;)Lhedc/regexp/Regexp; >"	41	"bb4"
"< Application, LEDU/oswego/cs/dl/util/concurrent/WaitableByte, whenGreater(BLjava/lang/Runnable;)V >"	6	"bb3"
"< Application, LEDU/oswego/cs/dl/util/concurrent/BoundedBuffer, offer(Ljava/lang/Object;J)Z >"	25	"bb27"
"< Application, Lhedc/DateFormatter, parse(Ljava/lang/String;Ljava/text/ParsePosition;)Ljava/util/Date; >"	145	"bb123"
"< Application, LEDU/oswego/cs/dl/util/concurrent/BoundedLinkedQueue, put(Ljava/lang/Object;)V >"	19	"bb21"
"< Application, LEDU/oswego/cs/dl/util/concurrent/WaitFreeQueue, insert(Ljava/lang/Object;)V >"	14	"bb19"
"< Application, Lhedc/ethz/util/Ftp, printResponse_()V >"	12	"bb7"
"< Application, Ljavax/servlet/jsp/tagext/TagData, <init>([[Ljava/lang/Object;)V >"	6	"bb15"
"< Application, LEDU/oswego/cs/dl/util/concurrent/Rendezvous, doRendezvous(Ljava/lang/Object;ZJ)Ljava/lang/Object; >"	87	"bb67"
"< Application, LEDU/oswego/cs/dl/util/concurrent/WaitableDouble, whenEqual(DLjava/lang/Runnable;)V >"	7	"bb3"
"< Application, Lhedc/DateFormatter, format(Ljava/util/Date;Ljava/lang/StringBuffer;Ljava/text/FieldPosition;)Ljava/lang/StringBuffer; >"	84	"bb139"
"< Application, LEDU/oswego/cs/dl/util/concurrent/CondVar, timedwait(J)Z >"	19	"bb20"
"< Application, Lhedc/ethz/util/DoubleBufferCopy$CopyThread, run()V >"	14	"bb2"
"< Application, Lhedc/ethz/util/Messages, format(Ljava/lang/String;Ljava/lang/Object;Ljava/lang/Object;Ljava/lang/Object;Ljava/lang/Object;)Ljava/lang/String; >"	12	"bb2"
"< Application, Lhedc/regexp/Regexp, searchBackward(Lhedc/regexp/State;)Lhedc/regexp/Result; >"	15	"bb26"
"< Application, Ljavax/servlet/UnavailableException, <init>(ILjavax/servlet/Servlet;Ljava/lang/String;)V >"	4	"bb7"
"< Application, Ljavax/servlet/http/HttpUtils, parseName(Ljava/lang/String;Ljava/lang/StringBuffer;)Ljava/lang/String; >"	13	"bb21"
"< Application, LEDU/oswego/cs/dl/util/concurrent/WriterPreferenceReadWriteLock$WriterLock, acquire()V >"	23	"bb25"
"< Application, LEDU/oswego/cs/dl/util/concurrent/FutureResult, timedGet(J)Ljava/lang/Object; >"	2	"bb4"
"< Application, LEDU/oswego/cs/dl/util/concurrent/WaitableChar, whenGreater(CLjava/lang/Runnable;)V >"	6	"bb3"
"< Application, Lhedc/DateFormatter, parse(Ljava/lang/String;Ljava/text/ParsePosition;)Ljava/util/Date; >"	154	"bb139"
"< Application, LEDU/oswego/cs/dl/util/concurrent/LayeredSync, attempt(J)Z >"	2	"bb4"
"< Application, Lhedc/regexp/Alternatives, firstCharacter()I >"	14	"bb4"
"< Application, LEDU/oswego/cs/dl/util/concurrent/CopyOnWriteArrayList$COWSubList$COWSubListIterator, hasPrevious()Z >"	2	"bb5"
"< Application, LEDU/oswego/cs/dl/util/concurrent/SynchronizedBoolean, hashCode()I >"	2	"bb5"
"< Application, LEDU/oswego/cs/dl/util/concurrent/WaitableByte, whenLessEqual(BLjava/lang/Runnable;)V >"	10	"bb14"
"< Application, LEDU/oswego/cs/dl/util/concurrent/Rendezvous, doRendezvous(Ljava/lang/Object;ZJ)Ljava/lang/Object; >"	56	"bb60"
"< Application, LEDU/oswego/cs/dl/util/concurrent/WriterPreferenceReadWriteLock$WriterLock, attempt(J)Z >"	39	"bb36"
"< Application, Lhedc/PooledExecutorWithInvalidate, interruptAll()V >"	13	"bb18"
"< Application, LEDU/oswego/cs/dl/util/concurrent/PropertyChangeMulticaster, getChild(Ljava/lang/String;)LEDU/oswego/cs/dl/util/concurrent/PropertyChangeMulticaster; >"	2	"bb7"
"< Application, LEDU/oswego/cs/dl/util/concurrent/CopyOnWriteArrayList, lastIndexOf(Ljava/lang/Object;I)I >"	17	"bb11"
"< Application, LEDU/oswego/cs/dl/util/concurrent/WaitableChar, whenEqual(CLjava/lang/Runnable;)V >"	10	"bb14"
"< Application, Lhedc/SohoSynoptic$SohoIterator, next()Ljava/lang/Object; >"	9	"bb12"
"< Application, LEDU/oswego/cs/dl/util/concurrent/Mutex, acquire()V >"	16	"bb19"
"< Application, LEDU/oswego/cs/dl/util/concurrent/WaitableShort, whenNotEqual(SLjava/lang/Runnable;)V >"	10	"bb14"
"< Application, LEDU/oswego/cs/dl/util/concurrent/WaitableBoolean, whenEqual(ZLjava/lang/Runnable;)V >"	10	"bb14"
"< Application, LEDU/oswego/cs/dl/util/concurrent/WaitFreeQueue, take()Ljava/lang/Object; >"	4	"bb1"
"< Application, LEDU/oswego/cs/dl/util/concurrent/PropertyChangeMulticaster, hasListeners(Ljava/lang/String;)Z >"	18	"bb22"
"< Application, Lhedc/DateFormatter, format(Ljava/util/Date;Ljava/lang/StringBuffer;Ljava/text/FieldPosition;)Ljava/lang/StringBuffer; >"	56	"bb55"
"< Application, LEDU/oswego/cs/dl/util/concurrent/SynchronizedInt, commit(II)Z >"	4	"bb7"
"< Application, LEDU/oswego/cs/dl/util/concurrent/WaitFreeQueue, extract()Ljava/lang/Object; >"	23	"bb26"
"< Application, Lhedc/ethz/util/EtcUtil, makeURLish(Ljava/lang/String;)Ljava/lang/String; >"	18	"bb5"
"< Application, Lhedc/ethz/util/Logger, closeLog_()V >"	4	"bb12"
"< Application, LEDU/oswego/cs/dl/util/concurrent/LayeredSync, acquire()V >"	4	"bb9"
"< Application, LEDU/oswego/cs/dl/util/concurrent/WaitableFloat, whenEqual(FLjava/lang/Runnable;)V >"	7	"bb3"
"< Application, Lhedc/regexp/RegexpCompiler, compileAlternative(Lhedc/regexp/CompilerState;Lhedc/regexp/Regexp;)Lhedc/regexp/Regexp; >"	61	"bb4"
"< Application, LEDU/oswego/cs/dl/util/concurrent/FJTaskRunner, coInvoke(LEDU/oswego/cs/dl/util/concurrent/FJTask;LEDU/oswego/cs/dl/util/concurrent/FJTask;)V >"	40	"bb20"
"< Application, LEDU/oswego/cs/dl/util/concurrent/CopyOnWriteArrayList, indexOf(Ljava/lang/Object;[Ljava/lang/Object;I)I >"	8	"bb16"
"< Application, LEDU/oswego/cs/dl/util/concurrent/Semaphore, acquire()V >"	14	"bb16"
"< Application, Lhedc/DateFormatter, parse(Ljava/lang/String;Ljava/text/ParsePosition;)Ljava/util/Date; >"	134	"bb139"
"< Application, Lhedc/regexp/Literal, <clinit>()V >"	8	"bb3"
"< Application, Lhedc/ethz/util/SmartRef, getInputStream()Ljava/io/InputStream; >"	11	"bb16"
"< Application, LEDU/oswego/cs/dl/util/concurrent/PropertyChangeMulticaster, readObject(Ljava/io/ObjectInputStream;)V >"	7	"bb4"
"< Application, Lhedc/regexp/Alternatives, advance(Lhedc/regexp/State;)Lhedc/regexp/Regexp; >"	14	"bb5"
"< Application, Lhedc/RandomDate, <init>(Ljava/util/Date;Ljava/util/Date;)V >"	17	"bb19"
"< Application, Lhedc/ethz/util/ObservableProperties, putValue(Ljava/lang/String;Ljava/lang/String;)Z >"	45	"bb47"
"< Application, LEDU/oswego/cs/dl/util/concurrent/WaitableByte, whenGreaterEqual(BLjava/lang/Runnable;)V >"	6	"bb3"
"< Application, Lhedc/ethz/util/EtcUtil, copyFile(Ljava/io/File;Ljava/io/File;)Z >"	18	"bb20"
"< Application, LEDU/oswego/cs/dl/util/concurrent/PropertyChangeMulticaster, addPropertyChangeListener(Ljava/lang/String;Ljava/beans/PropertyChangeListener;)V >"	10	"bb16"
"< Application, Lhedc/ethz/util/BaseProperties, getIntegerArray(Ljava/lang/String;[I)[I >"	19	"bb22"
"< Application, Lhedc/SohoSynoptic, determineAttributes_(Ljava/util/Hashtable;Ljava/lang/String;)V >"	66	"bb55"
"< Application, LEDU/oswego/cs/dl/util/concurrent/SynchronizedLong, swap(LEDU/oswego/cs/dl/util/concurrent/SynchronizedLong;)J >"	18	"bb21"
"< Application, Lhedc/ethz/util/Ftp, closeServer()V >"	19	"bb26"
"< Application, Lhedc/regexp/CharClass, process(Ljava/lang/String;)V >"	33	"bb30"
"< Application, Lhedc/regexp/CharClass, cloneCharClass(Lhedc/regexp/Regexp;I)Lhedc/regexp/CharClass; >"	4	"bb8"
"< Application, Lhedc/TaskFactory, makeTasks(Ljava/util/Hashtable;Ljava/util/Date;Lhedc/MetaSearchRequest;)Ljava/util/List; >"	19	"bb4"
"< Application, Lhedc/PooledExecutorWithInvalidate, workerDone(Lhedc/PooledExecutorWithInvalidate$Worker;)V >"	8	"bb11"
"< Application, LEDU/oswego/cs/dl/util/concurrent/VetoableChangeMulticaster, addVetoableChangeListenerIfAbsent(Ljava/lang/String;Ljava/beans/VetoableChangeListener;)V >"	23	"bb27"
"< Application, LEDU/oswego/cs/dl/util/concurrent/SynchronizedFloat, compareTo(F)I >"	3	"bb7"
"< Application, LEDU/oswego/cs/dl/util/concurrent/WaitableDouble, whenEqual(DLjava/lang/Runnable;)V >"	11	"bb14"
"< Application, Lhedc/ethz/util/RmiLogger, log(Ljava/lang/String;Ljava/util/Hashtable;Ljava/lang/String;Ljava/lang/String;Ljava/lang/String;Ljava/lang/Object;J)V >"	116	"bb117"
"< Application, Lhedc/ethz/util/Generator, generateStream(Ljava/io/Reader;Ljava/io/Writer;Ljava/util/Hashtable;)J >"	14	"bb11"
"< Application, Lhedc/DateFormatter, format(Ljava/util/Date;Ljava/lang/StringBuffer;Ljava/text/FieldPosition;)Ljava/lang/StringBuffer; >"	30	"bb145"
"< Application, Ljavax/servlet/http/HttpServlet, service(Ljavax/servlet/http/HttpServletRequest;Ljavax/servlet/http/HttpServletResponse;)V >"	7	"bb51"
"< Application, LEDU/oswego/cs/dl/util/concurrent/CondVar, await()V >"	27	"bb35"
"< Application, LEDU/oswego/cs/dl/util/concurrent/SynchronizedByte, compareTo(B)I >"	2	"bb7"
"< Application, Lhedc/ethz/util/SmartRef, <init>(Ljava/lang/String;)V >"	108	"bb175"
"< Application, Lhedc/regexp/Alternatives, firstCharacter()I >"	9	"bb13"
"< Application, LEDU/oswego/cs/dl/util/concurrent/SynchronizedShort, equals(Ljava/lang/Object;)Z >"	7	"bb9"
"< Application, LEDU/oswego/cs/dl/util/concurrent/PropertyChangeMulticaster, multicast(Ljava/beans/PropertyChangeEvent;)V >"	12	"bb16"
"< Application, Lhedc/ethz/util/SmartRef, length()J >"	9	"bb21"
"< Application, LEDU/oswego/cs/dl/util/concurrent/FJTask$Seq, run()V >"	8	"bb2"
"< Application, Lhedc/DateFormatter, parse(Ljava/lang/String;Ljava/text/ParsePosition;)Ljava/util/Date; >"	108	"bb76"
"< Application, LEDU/oswego/cs/dl/util/concurrent/CondVar, await()V >"	32	"bb31"
"< Application, LEDU/oswego/cs/dl/util/concurrent/QueuedSemaphore, release()V >"	6	"bb1"
"< Application, LEDU/oswego/cs/dl/util/concurrent/SynchronizedLong, compareTo(J)I >"	6	"bb7"
"< Application, Lhedc/regexp/Regexp, main([Ljava/lang/String;)V >"	39	"bb14"
"< Application, LEDU/oswego/cs/dl/util/concurrent/PooledExecutor, createThreads(I)I >"	11	"bb17"
"< Application, LEDU/oswego/cs/dl/util/concurrent/BoundedLinkedQueue, take()Ljava/lang/Object; >"	16	"bb11"
"< Application, Lhedc/ethz/util/EtcUtil, getFileFromURI(Ljava/lang/String;)Ljava/lang/String; >"	8	"bb9"
"< Application, Lhedc/ethz/util/Logger, openLog(Ljava/lang/String;I)V >"	19	"bb22"
"< Application, LEDU/oswego/cs/dl/util/concurrent/WaitableByte, whenGreater(BLjava/lang/Runnable;)V >"	10	"bb14"
"< Application, Lhedc/ethz/util/Generator, putBuffer_(Ljava/lang/String;[C)V >"	15	"bb13"
"< Application, Lhedc/DateFormatter, applyLocalizedPattern(Ljava/lang/String;Ljava/lang/String;Ljava/lang/String;)Ljava/lang/String; >"	18	"bb5"
"< Application, LEDU/oswego/cs/dl/util/concurrent/QueuedExecutor$RunLoop, run()V >"	10	"bb14"
"< Application, Lhedc/Tester, run()V >"	41	"bb48"
"< Application, LEDU/oswego/cs/dl/util/concurrent/VetoableChangeMulticaster, removeVetoableChangeListener(Ljava/beans/VetoableChangeListener;)V >"	21	"bb14"
"< Application, LEDU/oswego/cs/dl/util/concurrent/QueuedSemaphore, recheck(LEDU/oswego/cs/dl/util/concurrent/QueuedSemaphore$WaitQueue$WaitNode;)Z >"	3	"bb5"
"< Application, LEDU/oswego/cs/dl/util/concurrent/CopyOnWriteArrayList, addIfAbsent(Ljava/lang/Object;)Z >"	19	"bb5"
"< Application, Lhedc/ethz/util/Generator, generateThroughBuffer(Ljava/lang/String;Ljava/io/Writer;Ljava/util/Hashtable;)J >"	43	"bb32"
"< Application, LEDU/oswego/cs/dl/util/concurrent/QueuedSemaphore$WaitQueue$WaitNode, doWait(LEDU/oswego/cs/dl/util/concurrent/QueuedSemaphore;)V >"	5	"bb3"
"< Application, LEDU/oswego/cs/dl/util/concurrent/CopyOnWriteArrayList, hashCode()I >"	7	"bb9"
"< Application, Lhedc/DateFormatter, parse(Ljava/lang/String;Ljava/text/ParsePosition;)Ljava/util/Date; >"	165	"bb6"
"< Application, LEDU/oswego/cs/dl/util/concurrent/CopyOnWriteArrayList, addAllAbsent(Ljava/util/Collection;)I >"	18	"bb9"
"< Application, LEDU/oswego/cs/dl/util/concurrent/WaitableFloat, whenNotEqual(FLjava/lang/Runnable;)V >"	11	"bb14"
"< Application, LEDU/oswego/cs/dl/util/concurrent/WaitableChar, whenLessEqual(CLjava/lang/Runnable;)V >"	10	"bb14"
"< Application, Lhedc/MetaSearchResult, toString()Ljava/lang/String; >"	10	"bb6"
"< Application, LEDU/oswego/cs/dl/util/concurrent/PooledExecutor, drain()Ljava/util/List; >"	6	"bb11"
"< Application, LEDU/oswego/cs/dl/util/concurrent/CopyOnWriteArrayList, remove(Ljava/lang/Object;)Z >"	24	"bb17"
"< Application, LEDU/oswego/cs/dl/util/concurrent/CopyOnWriteArrayList, lastIndexOf(Ljava/lang/Object;[Ljava/lang/Object;I)I >"	18	"bb10"
"< Application, LEDU/oswego/cs/dl/util/concurrent/CondVar, await()V >"	21	"bb22"
"< Application, Ljavax/servlet/http/HttpUtils, parseName(Ljava/lang/String;Ljava/lang/StringBuffer;)Ljava/lang/String; >"	24	"bb21"
"< Application, Lhedc/MetaSearchImpl, writeResults_(Ljava/util/List;Ljava/io/Writer;)J >"	25	"bb27"
"< Application, Lhedc/RandomDate, <init>(Ljava/lang/String;Ljava/lang/String;)V >"	19	"bb21"
"< Application, Lhedc/regexp/CharClass, ppChar(I)Ljava/lang/String; >"	14	"bb18"
"< Application, Lhedc/ethz/util/Generator, generateThroughBuffer(Ljava/io/Reader;Ljava/io/Writer;Ljava/util/Hashtable;)J >"	52	"bb13"
"< Application, Lhedc/Messages, format(Ljava/lang/String;[Ljava/lang/Object;)Ljava/lang/String; >"	27	"bb42"
"< Application, LEDU/oswego/cs/dl/util/concurrent/CopyOnWriteArrayList, addAll(ILjava/util/Collection;)Z >"	33	"bb26"
"< Application, Lhedc/regexp/GroupReference, advance(Lhedc/regexp/State;)Lhedc/regexp/Regexp; >"	2	"bb5"
"< Application, Lhedc/ethz/util/Generator, generate(Ljava/io/Writer;Ljava/util/Hashtable;[C)J >"	11	"bb35"
"< Application, LEDU/oswego/cs/dl/util/concurrent/WaitableInt, whenNotEqual(ILjava/lang/Runnable;)V >"	6	"bb3"
"< Application, LEDU/oswego/cs/dl/util/concurrent/FJTaskRunnerGroup, setScanPriorities(I)V >"	11	"bb2"
"< Application, Lhedc/ethz/util/Generator, getBuffer_()[C >"	12	"bb12"
"< Application, Ljavax/servlet/http/HttpServlet, doOptions(Ljavax/servlet/http/HttpServletRequest;Ljavax/servlet/http/HttpServletResponse;)V >"	38	"bb45"
"< Application, LEDU/oswego/cs/dl/util/concurrent/CopyOnWriteArrayList, contains(Ljava/lang/Object;)Z >"	4	"bb7"
"< Application, LEDU/oswego/cs/dl/util/concurrent/CopyOnWriteArraySet, addAll(Ljava/util/Collection;)Z >"	3	"bb6"
"< Application, LEDU/oswego/cs/dl/util/concurrent/SyncCollection$SyncCollectionIterator, remove()V >"	8	"bb14"
"< Application, Lhedc/DateFormatter, applyLocalizedPattern(Ljava/lang/String;Ljava/lang/String;Ljava/lang/String;)Ljava/lang/String; >"	8	"bb11"
"< Application, LEDU/oswego/cs/dl/util/concurrent/BoundedLinkedQueue, insert(Ljava/lang/Object;)V >"	11	"bb14"
"< Application, Lhedc/ethz/util/SmartRef, extractPortNo_(Ljava/lang/String;)I >"	20	"bb19"
"< Application, LEDU/oswego/cs/dl/util/concurrent/LinkedQueue, isEmpty()Z >"	5	"bb8"
"< Application, Lhedc/DateFormatter, format(Ljava/util/Date;Ljava/lang/StringBuffer;Ljava/text/FieldPosition;)Ljava/lang/StringBuffer; >"	112	"bb139"
"< Application, LEDU/oswego/cs/dl/util/concurrent/FIFOReadWriteLock$ReaderSync, attempt(J)Z >"	11	"bb12"
"< Application, LEDU/oswego/cs/dl/util/concurrent/FJTaskRunner, run()V >"	16	"bb20"
"< Application, LEDU/oswego/cs/dl/util/concurrent/TimeDaemon$TaskNode, compareTo(Ljava/lang/Object;)I >"	9	"bb10"
"< Application, Lhedc/DateFormatter, format(Ljava/util/Date;Ljava/lang/StringBuffer;Ljava/text/FieldPosition;)Ljava/lang/StringBuffer; >"	37	"bb30"
"< Application, LEDU/oswego/cs/dl/util/concurrent/SyncList, add(ILjava/lang/Object;)V >"	6	"bb11"
"< Application, LEDU/oswego/cs/dl/util/concurrent/VetoableChangeMulticaster, multicast(Ljava/beans/PropertyChangeEvent;)V >"	46	"bb37"
"< Application, Lhedc/ethz/util/SmartRef, getLocalHostname_()Ljava/lang/String; >"	2	"bb5"
"< Application, LEDU/oswego/cs/dl/util/concurrent/SyncCollection, clear()V >"	11	"bb17"
"< Application, LEDU/oswego/cs/dl/util/concurrent/LinkedQueue, insert(Ljava/lang/Object;)V >"	10	"bb14"
"< Application, Lhedc/regexp/RegexpCompiler, compileAlternative(Lhedc/regexp/CompilerState;Lhedc/regexp/Regexp;)Lhedc/regexp/Regexp; >"	37	"bb29"
"< Application, Lhedc/PooledExecutorWithInvalidate$Worker, run()V >"	19	"bb6"
"< Application, LEDU/oswego/cs/dl/util/concurrent/FJTaskRunner, push(LEDU/oswego/cs/dl/util/concurrent/FJTask;)V >"	19	"bb16"
"< Application, LEDU/oswego/cs/dl/util/concurrent/WaitableBoolean, whenFalse(Ljava/lang/Runnable;)V >"	6	"bb3"
"< Application, LEDU/oswego/cs/dl/util/concurrent/FJTaskRunner, scan(LEDU/oswego/cs/dl/util/concurrent/FJTask;)V >"	30	"bb35"
"< Application, Ljavax/servlet/http/HttpServlet, service(Ljavax/servlet/http/HttpServletRequest;Ljavax/servlet/http/HttpServletResponse;)V >"	32	"bb51"
"< Application, LEDU/oswego/cs/dl/util/concurrent/Heap, extract()Ljava/lang/Object; >"	25	"bb27"
"< Application, Lhedc/DateFormatter, format(Ljava/util/Date;Ljava/lang/StringBuffer;Ljava/text/FieldPosition;)Ljava/lang/StringBuffer; >"	47	"bb139"
"< Application, Lhedc/ethz/util/Messages, dlevel()I >"	3	"bb4"
"< Application, Lhedc/Messages, dlevel()I >"	8	"bb10"
"< Application, Lhedc/DateFormatter, parse(Ljava/lang/String;Ljava/text/ParsePosition;)Ljava/util/Date; >"	39	"bb32"
"< Application, LEDU/oswego/cs/dl/util/concurrent/BoundedBuffer, offer(Ljava/lang/Object;J)Z >"	33	"bb16"
"< Application, LEDU/oswego/cs/dl/util/concurrent/LinkedQueue, take()Ljava/lang/Object; >"	22	"bb13"
"< Application, LEDU/oswego/cs/dl/util/concurrent/WaitableByte, whenLessEqual(BLjava/lang/Runnable;)V >"	6	"bb3"
"< Application, Lhedc/regexp/RegexpCompiler, compileAlternative(Lhedc/regexp/CompilerState;Lhedc/regexp/Regexp;)Lhedc/regexp/Regexp; >"	63	"bb81"
"< Application, LEDU/oswego/cs/dl/util/concurrent/FJTaskRunner, put(LEDU/oswego/cs/dl/util/concurrent/FJTask;)V >"	29	"bb1"
"< Application, Lhedc/Messages, wlevel()I >"	8	"bb10"
"< Application, Lhedc/MetaSearchResult$MetaSearchResultIterator, hasNext()Z >"	12	"bb17"
"< Application, LEDU/oswego/cs/dl/util/concurrent/ClockDaemon, restart()V >"	8	"bb11"
"< Application, LEDU/oswego/cs/dl/util/concurrent/CyclicBarrier, doBarrier(ZJ)I >"	45	"bb50"
"< Application, LEDU/oswego/cs/dl/util/concurrent/PropertyChangeMulticaster, removePropertyChangeListener(Ljava/beans/PropertyChangeListener;)V >"	21	"bb14"
"< Application, Lhedc/ethz/util/HttpLogger, log(Ljavax/servlet/http/HttpServletRequest;Ljavax/servlet/http/HttpServletResponse;JIJ)V >"	163	"bb157"
"< Application, Lhedc/ethz/util/Messages, format(Ljava/lang/String;Ljava/lang/Object;Ljava/lang/Object;Ljava/lang/Object;)Ljava/lang/String; >"	39	"bb43"
"< Application, Lhedc/DateFormatter, format(Ljava/util/Date;Ljava/lang/StringBuffer;Ljava/text/FieldPosition;)Ljava/lang/StringBuffer; >"	50	"bb139"
"< Application, LEDU/oswego/cs/dl/util/concurrent/ClockDaemon$RunLoop, run()V >"	8	"bb13"
"< Application, LEDU/oswego/cs/dl/util/concurrent/WaitableShort, whenLessEqual(SLjava/lang/Runnable;)V >"	10	"bb14"
"< Application, Lhedc/Tester, main([Ljava/lang/String;)V >"	42	"bb28"
"< Application, LEDU/oswego/cs/dl/util/concurrent/Rendezvous, restart()V >"	4	"bb9"
"< Application, LEDU/oswego/cs/dl/util/concurrent/BoundedBuffer, offer(Ljava/lang/Object;J)Z >"	36	"bb34"
"< Application, Lhedc/regexp/Regexp, main([Ljava/lang/String;)V >"	75	"bb63"
"< Application, LEDU/oswego/cs/dl/util/concurrent/SynchronousChannel, doPut(Ljava/lang/Object;)V >"	10	"bb7"
"< Application, LEDU/oswego/cs/dl/util/concurrent/FJTaskRunnerGroup, signalNewTask()V >"	13	"bb14"
"< Application, LEDU/oswego/cs/dl/util/concurrent/ClockDaemon, nextTask()LEDU/oswego/cs/dl/util/concurrent/ClockDaemon$TaskNode; >"	31	"bb1"
"< Application, LEDU/oswego/cs/dl/util/concurrent/BoundedBuffer, poll(J)Ljava/lang/Object; >"	8	"bb10"
"< Application, LEDU/oswego/cs/dl/util/concurrent/SyncMap, clear()V >"	11	"bb17"
"< Application, LEDU/oswego/cs/dl/util/concurrent/SyncMap, putAll(Ljava/util/Map;)V >"	11	"bb17"
"< Application, LEDU/oswego/cs/dl/util/concurrent/WriterPreferenceReadWriteLock$ReaderLock, attempt(J)Z >"	20	"bb24"
"< Application, LEDU/oswego/cs/dl/util/concurrent/FJTaskRunnerGroup, execute(Ljava/lang/Runnable;)V >"	5	"bb10"
"< Application, LEDU/oswego/cs/dl/util/concurrent/SynchronizedBoolean, compareTo(Z)I >"	4	"bb7"
"< Application, Lhedc/regexp/Multi, advance(Lhedc/regexp/State;)Lhedc/regexp/Regexp; >"	28	"bb29"
"< Application, LEDU/oswego/cs/dl/util/concurrent/WaiterPreferenceSemaphore, release(J)V >"	8	"bb4"
"< Application, LEDU/oswego/cs/dl/util/concurrent/VetoableChangeMulticaster, addVetoableChangeListenerIfAbsent(Ljava/lang/String;Ljava/beans/VetoableChangeListener;)V >"	10	"bb16"
"< Application, Lhedc/regexp/ContextMatch, toStringThis()Ljava/lang/String; >"	18	"bb20"
"< Application, Lhedc/ethz/util/Messages, format(Ljava/lang/String;Ljava/lang/Object;Ljava/lang/Object;Ljava/lang/Object;)Ljava/lang/String; >"	12	"bb2"
"< Application, LEDU/oswego/cs/dl/util/concurrent/FJTaskRunnerGroup, interruptAll()V >"	12	"bb3"
"< Application, LEDU/oswego/cs/dl/util/concurrent/FJTaskRunner, scan(LEDU/oswego/cs/dl/util/concurrent/FJTask;)V >"	34	"bb34"
"< Application, Lhedc/ethz/util/HttpLogger, log(Ljavax/servlet/http/HttpServletRequest;Ljavax/servlet/http/HttpServletResponse;JIJ)V >"	46	"bb51"
"< Application, LEDU/oswego/cs/dl/util/concurrent/WaitableInt, whenLess(ILjava/lang/Runnable;)V >"	6	"bb3"
"< Application, LEDU/oswego/cs/dl/util/concurrent/BoundedLinkedQueue, offer(Ljava/lang/Object;J)Z >"	35	"bb35"
"< Application, LEDU/oswego/cs/dl/util/concurrent/SynchronousChannel, doTake(ZJ)Ljava/lang/Object; >"	5	"bb11"
"< Application, Lhedc/ethz/util/SmartRef, getReader()Ljava/io/Reader; >"	5	"bb14"
"< Application, LEDU/oswego/cs/dl/util/concurrent/CondVar, await()V >"	9	"bb13"
"< Application, LEDU/oswego/cs/dl/util/concurrent/CopyOnWriteArrayList, toString()Ljava/lang/String; >"	14	"bb7"
"< Application, LEDU/oswego/cs/dl/util/concurrent/CountDown, acquire()V >"	11	"bb15"
"< Application, Lhedc/regexp/RegexpCompiler, compileAlternative(Lhedc/regexp/CompilerState;Lhedc/regexp/Regexp;)Lhedc/regexp/Regexp; >"	54	"bb90"
"< Application, Lhedc/SohoSynoptic, determineAttributes_(Ljava/util/Hashtable;Ljava/lang/String;)V >"	52	"bb45"
"< Application, LEDU/oswego/cs/dl/util/concurrent/WaitableDouble, whenLess(DLjava/lang/Runnable;)V >"	7	"bb3"
"< Application, LEDU/oswego/cs/dl/util/concurrent/CopyOnWriteArrayList$COWSubList, add(ILjava/lang/Object;)V >"	20	"bb22"
"< Application, LEDU/oswego/cs/dl/util/concurrent/WriterPreferenceReadWriteLock$ReaderLock, attempt(J)Z >"	40	"bb38"
"< Application, Lhedc/regexp/Group, backup(Lhedc/regexp/State;)V >"	2	"bb5"
"< Application, Ljavax/servlet/http/HttpUtils, parseQueryString(Ljava/lang/String;)Ljava/util/Hashtable; >"	39	"bb40"
"< Application, LEDU/oswego/cs/dl/util/concurrent/WaitableLong, whenGreater(JLjava/lang/Runnable;)V >"	7	"bb3"
"< Application, Lhedc/ethz/util/Messages, dlevel()I >"	13	"bb13"
"< Application, LEDU/oswego/cs/dl/util/concurrent/BoundedLinkedQueue, put(Ljava/lang/Object;)V >"	25	"bb28"
"< Application, LEDU/oswego/cs/dl/util/concurrent/WaitFreeQueue, extract()Ljava/lang/Object; >"	37	"bb42"
"< Application, Ljavax/servlet/http/HttpUtils, parseQueryString(Ljava/lang/String;)Ljava/util/Hashtable; >"	30	"bb33"
"< Application, Lhedc/regexp/CharClass, cloneCharClass(Lhedc/regexp/Regexp;I)Lhedc/regexp/CharClass; >"	6	"bb8"
"< Application, LEDU/oswego/cs/dl/util/concurrent/WaitableChar, whenEqual(CLjava/lang/Runnable;)V >"	6	"bb3"
"< Application, LEDU/oswego/cs/dl/util/concurrent/BoundedBuffer, incEmptySlots()V >"	8	"bb11"
"< Application, Lhedc/DateFormatter, parse(Ljava/lang/String;Ljava/text/ParsePosition;)Ljava/util/Date; >"	24	"bb145"
"< Application, LEDU/oswego/cs/dl/util/concurrent/SyncMap, afterRead(Z)V >"	3	"bb7"
"< Application, Lhedc/ethz/util/URLConnectionReader, checkUrl(Ljava/lang/String;)I >"	9	"bb11"
"< Application, LEDU/oswego/cs/dl/util/concurrent/CopyOnWriteArrayList, set(ILjava/lang/Object;)Ljava/lang/Object; >"	9	"bb12"
"< Application, LEDU/oswego/cs/dl/util/concurrent/TimeDaemon, nextTask()LEDU/oswego/cs/dl/util/concurrent/TimeDaemon$TaskNode; >"	21	"bb28"
"< Application, Lhedc/DateFormatter, format(Ljava/util/Date;Ljava/lang/StringBuffer;Ljava/text/FieldPosition;)Ljava/lang/StringBuffer; >"	137	"bb128"
"< Application, LEDU/oswego/cs/dl/util/concurrent/WaitableChar, whenLess(CLjava/lang/Runnable;)V >"	6	"bb3"
"< Application, Lhedc/ethz/util/Messages, format(Ljava/lang/String;Ljava/lang/Object;Ljava/lang/Object;Ljava/lang/Object;)Ljava/lang/String; >"	25	"bb13"
"< Application, Lhedc/DateFormatter, format(Ljava/util/Date;Ljava/lang/StringBuffer;Ljava/text/FieldPosition;)Ljava/lang/StringBuffer; >"	124	"bb139"
"< Application, LEDU/oswego/cs/dl/util/concurrent/CopyOnWriteArrayList, retainAll(Ljava/util/Collection;)Z >"	14	"bb7"
"< Application, Lhedc/ethz/util/Ftp, nlst(Ljava/lang/String;)Ljava/util/Enumeration; >"	17	"bb10"
"< Application, LEDU/oswego/cs/dl/util/concurrent/FJTaskRunnerGroup$InvokableFJTask, awaitTermination()V >"	3	"bb1"
"< Application, LEDU/oswego/cs/dl/util/concurrent/LockedExecutor, execute(Ljava/lang/Runnable;)V >"	5	"bb10"
"< Application, LEDU/oswego/cs/dl/util/concurrent/WaitableLong, whenEqual(JLjava/lang/Runnable;)V >"	11	"bb14"
"< Application, Lhedc/ethz/util/Ftp, main([Ljava/lang/String;)V >"	14	"bb10"
"< Application, Lhedc/MetaSearchImpl, search(Ljava/util/Hashtable;Lhedc/MetaSearchRequest;)Ljava/util/List; >"	14	"bb20"
"< Application, Lhedc/ethz/util/Generator, generateStream(Ljava/io/Reader;Ljava/io/Writer;Ljava/util/Hashtable;)J >"	7	"bb2"
"< Application, LEDU/oswego/cs/dl/util/concurrent/CopyOnWriteArrayList, lastIndexOf(Ljava/lang/Object;I)I >"	8	"bb4"
"< Application, Lhedc/ethz/util/RmiLogger, log(Ljava/lang/String;Ljava/util/Hashtable;Ljava/lang/String;Ljava/lang/String;Ljava/lang/String;Ljava/lang/Object;J)V >"	14	"bb16"
"< Application, Lhedc/ethz/util/SmartRef, <init>(Ljava/lang/String;)V >"	147	"bb142"
"< Application, Lhedc/ethz/util/Generator, generateStream(Ljava/io/Reader;Ljava/io/OutputStream;Ljava/util/Hashtable;)J >"	31	"bb2"
"< Application, LEDU/oswego/cs/dl/util/concurrent/WaitableLong, whenLess(JLjava/lang/Runnable;)V >"	11	"bb14"
"< Application, Ljavax/servlet/http/HttpUtils, parseName(Ljava/lang/String;Ljava/lang/StringBuffer;)Ljava/lang/String; >"	1	"bb22"
"< Application, LEDU/oswego/cs/dl/util/concurrent/SyncList$SyncCollectionListIterator, set(Ljava/lang/Object;)V >"	8	"bb14"
"< Application, LEDU/oswego/cs/dl/util/concurrent/WaitableInt, whenLessEqual(ILjava/lang/Runnable;)V >"	10	"bb14"
"< Application, Lhedc/ethz/util/SmartRef, <init>(Ljava/lang/String;)V >"	106	"bb98"
"< Application, LEDU/oswego/cs/dl/util/concurrent/PooledExecutor$Worker, run()V >"	16	"bb24"
"< Application, LEDU/oswego/cs/dl/util/concurrent/FJTaskRunner, run()V >"	11	"bb13"
"< Application, Lhedc/ethz/util/SerializePerformanceTest, writeData_(Ljava/lang/String;)J >"	8	"bb15"
"< Application, LEDU/oswego/cs/dl/util/concurrent/WaitableFloat, whenLess(FLjava/lang/Runnable;)V >"	7	"bb3"
"< Application, Lhedc/DateFormatter, parse(Ljava/lang/String;Ljava/text/ParsePosition;)Ljava/util/Date; >"	61	"bb58"
"< Application, Lhedc/RandomDate, format(Ljava/util/Date;)Ljava/lang/String; >"	1	"bb4"
"< Application, LEDU/oswego/cs/dl/util/concurrent/WaitableChar, whenGreater(CLjava/lang/Runnable;)V >"	10	"bb14"
"< Application, LEDU/oswego/cs/dl/util/concurrent/BoundedLinkedQueue, isEmpty()Z >"	5	"bb8"
"< Application, LEDU/oswego/cs/dl/util/concurrent/WaitableInt, whenGreaterEqual(ILjava/lang/Runnable;)V >"	6	"bb3"
"< Application, LEDU/oswego/cs/dl/util/concurrent/ClockDaemon, nextTask()LEDU/oswego/cs/dl/util/concurrent/ClockDaemon$TaskNode; >"	15	"bb28"
"< Application, LEDU/oswego/cs/dl/util/concurrent/WaitableLong, whenEqual(JLjava/lang/Runnable;)V >"	7	"bb3"
"< Application, Lhedc/MetaSearchImpl, search(Ljava/util/Hashtable;Lhedc/MetaSearchRequest;)Ljava/util/List; >"	45	"bb40"
"< Application, LEDU/oswego/cs/dl/util/concurrent/Heap, extract()Ljava/lang/Object; >"	35	"bb12"
"< Application, LEDU/oswego/cs/dl/util/concurrent/SynchronizedByte, compareTo(B)I >"	4	"bb7"
"< Application, LEDU/oswego/cs/dl/util/concurrent/WaitableChar, whenLess(CLjava/lang/Runnable;)V >"	10	"bb14"
"< Application, LEDU/oswego/cs/dl/util/concurrent/SynchronizedLong, equals(Ljava/lang/Object;)Z >"	8	"bb9"
"< Application, LEDU/oswego/cs/dl/util/concurrent/FJTaskRunnerGroup, checkActive(LEDU/oswego/cs/dl/util/concurrent/FJTaskRunner;J)V >"	14	"bb15"
"< Application, LEDU/oswego/cs/dl/util/concurrent/CopyOnWriteArrayList, removeAll(Ljava/util/Collection;)Z >"	14	"bb7"
"< Application, Lhedc/regexp/Regexp, searchForward(Lhedc/regexp/State;)Lhedc/regexp/Result; >"	13	"bb3"
"< Application, Ljavax/servlet/jsp/tagext/TagLibraryInfo, getTag(Ljava/lang/String;)Ljavax/servlet/jsp/tagext/TagInfo; >"	7	"bb15"
"< Application, Lhedc/ethz/util/Estimator, sample(DD)V >"	14	"bb15"
"< Application, LEDU/oswego/cs/dl/util/concurrent/SynchronizedChar, compareTo(C)I >"	2	"bb7"
"< Application, Lhedc/regexp/CharClass, process(Ljava/lang/String;)V >"	19	"bb5"
"< Application, Lhedc/ethz/util/Ftp, closeServer()V >"	13	"bb26"
"< Application, Lhedc/regexp/CharClass, addChars(II)V >"	5	"bb3"
"< Application, LEDU/oswego/cs/dl/util/concurrent/Rendezvous, doRendezvous(Ljava/lang/Object;ZJ)Ljava/lang/Object; >"	93	"bb95"
"< Application, Lhedc/ethz/util/SmartRef, exists()Z >"	40	"bb44"
"< Application, LEDU/oswego/cs/dl/util/concurrent/WriterPreferenceReadWriteLock$ReaderLock, acquire()V >"	19	"bb20"
"< Application, Lhedc/MetaSearchImpl, printResults_(Ljava/util/List;)V >"	11	"bb3"
"< Application, Lhedc/ethz/util/Ftp, pwd()Ljava/lang/String; >"	10	"bb7"
"< Application, Lhedc/DateFormatter, format(Ljava/util/Date;Ljava/lang/StringBuffer;Ljava/text/FieldPosition;)Ljava/lang/StringBuffer; >"	21	"bb21"
"< Application, LEDU/oswego/cs/dl/util/concurrent/TimeDaemon, nextTask()LEDU/oswego/cs/dl/util/concurrent/TimeDaemon$TaskNode; >"	35	"bb1"
"< Application, Lhedc/regexp/RegexpCompiler, compileAlternative(Lhedc/regexp/CompilerState;Lhedc/regexp/Regexp;)Lhedc/regexp/Regexp; >"	64	"bb81"
"< Application, Lhedc/ethz/util/Generator, generateStream(Ljava/io/Reader;Ljava/io/OutputStream;Ljava/util/Hashtable;)J >"	20	"bb29"
"< Application, Lhedc/ethz/util/Logger, sync()V >"	10	"bb14"
"< Application, LEDU/oswego/cs/dl/util/concurrent/PooledExecutor, interruptAll()V >"	11	"bb7"
"< Application, LEDU/oswego/cs/dl/util/concurrent/PropertyChangeMulticaster, addPropertyChangeListenerIfAbsent(Ljava/lang/String;Ljava/beans/PropertyChangeListener;)V >"	23	"bb27"
"< Application, LEDU/oswego/cs/dl/util/concurrent/WaitableByte, whenLess(BLjava/lang/Runnable;)V >"	10	"bb14"
"< Application, LEDU/oswego/cs/dl/util/concurrent/VetoableChangeMulticaster, addVetoableChangeListener(Ljava/lang/String;Ljava/beans/VetoableChangeListener;)V >"	23	"bb27"
"< Application, Lhedc/DateFormatter, parse(Ljava/lang/String;Ljava/text/ParsePosition;)Ljava/util/Date; >"	43	"bb106"
"< Application, LEDU/oswego/cs/dl/util/concurrent/FJTaskRunnerGroup, checkActive(LEDU/oswego/cs/dl/util/concurrent/FJTaskRunner;J)V >"	7	"bb16"
"< Application, Lhedc/ethz/util/EstimatorFactory, sync()V >"	31	"bb35"
"< Application, LEDU/oswego/cs/dl/util/concurrent/SynchronizedByte, equals(Ljava/lang/Object;)Z >"	7	"bb9"
"< Application, Lhedc/ethz/util/URLConnectionReader, main([Ljava/lang/String;)V >"	3	"bb11"
"< Application, Lhedc/ethz/util/Generator, getBuffer_(Ljava/lang/String;)[C >"	9	"bb10"
"< Application, LEDU/oswego/cs/dl/util/concurrent/ReentrantLock, acquire()V >"	24	"bb26"
"< Application, Lhedc/ethz/util/Messages, format(Ljava/lang/String;Ljava/lang/Object;)Ljava/lang/String; >"	13	"bb21"
"< Application, Ljavax/servlet/ServletInputStream, readLine([BII)I >"	15	"bb13"
"< Application, LEDU/oswego/cs/dl/util/concurrent/FJTaskRunnerGroup, stats()V >"	45	"bb5"
"< Application, LEDU/oswego/cs/dl/util/concurrent/WaitableInt, whenGreater(ILjava/lang/Runnable;)V >"	6	"bb3"
"< Application, LEDU/oswego/cs/dl/util/concurrent/SyncList$SyncCollectionListIterator, set(Ljava/lang/Object;)V >"	14	"bb20"
"< Application, Lhedc/ethz/util/HttpLogger, log(Ljavax/servlet/http/HttpServletRequest;Ljavax/servlet/http/HttpServletResponse;JIJ)V >"	151	"bb149"
"< Application, LEDU/oswego/cs/dl/util/concurrent/CopyOnWriteArrayList, hashCode()I >"	11	"bb3"
"< Application, Lhedc/ethz/util/DoubleBufferCopy$Buffer, accessBuffer(I)Z >"	15	"bb29"
"< Application, LEDU/oswego/cs/dl/util/concurrent/BoundedBuffer, offer(Ljava/lang/Object;J)Z >"	13	"bb15"
"< Application, Lhedc/ethz/util/Generator, generate(Ljava/io/Writer;Ljava/util/Hashtable;[C)J >"	41	"bb31"
"< Application, Lhedc/regexp/CharClass, ppChar(I)Ljava/lang/String; >"	2	"bb18"
"< Application, Lhedc/ethz/util/Generator, generateStream(Ljava/io/Reader;Ljava/io/Writer;Ljava/util/Hashtable;)J >"	30	"bb2"
"< Application, LEDU/oswego/cs/dl/util/concurrent/SyncList$SyncCollectionListIterator, add(Ljava/lang/Object;)V >"	8	"bb14"
"< Application, Lhedc/ethz/util/BaseProperties, getIntegerArray(Ljava/lang/String;[I)[I >"	23	"bb15"
"< Application, Lhedc/regexp/CharClass, process(Ljava/lang/String;)V >"	36	"bb30"
