"< Application, LEDU/oswego/cs/dl/util/concurrent/FJTaskRunner, checkOverflow()V >"	62	16	29	26
"< Application, Lhedc/ethz/util/BaseProperties, getIntegerArray(Ljava/lang/String;[I)[I >"	18	12	24	18
"< Application, Ljavax/servlet/ServletInputStream, readLine([BII)I >"	5	2	15	12
"< Application, LEDU/oswego/cs/dl/util/concurrent/Rendezvous$Rotator, rendezvousFunction([Ljava/lang/Object;)V >"	7	2	12	10
"< Application, LEDU/oswego/cs/dl/util/concurrent/FJTask$Seq, <init>(LEDU/oswego/cs/dl/util/concurrent/FJTask;LEDU/oswego/cs/dl/util/concurrent/FJTask;)V >"	2	7	8	2
"< Application, Lhedc/ethz/util/SerializePerformanceTest, makeData_(I)V >"	30	6	9	22
"< Application, Lhedc/ethz/util/Generator, generate(Ljava/io/Writer;Ljava/util/Hashtable;[C)J >"	27	6	54	13
"< Application, Lhedc/ethz/util/BaseProperties, getIntegerArray(Ljava/lang/String;[I)[I >"	21	12	24	13
"< Application, LEDU/oswego/cs/dl/util/concurrent/PropertyChangeMulticaster, removePropertyChangeListener(Ljava/beans/PropertyChangeListener;)V >"	26	10	18	16
"< Application, Lhedc/ethz/util/ObservableProperties, unregisterObserver(Lhedc/ethz/util/PropertyMonitoring;)Z >"	8	12	11	13
"< Application, LEDU/oswego/cs/dl/util/concurrent/CopyOnWriteArrayList, add(Ljava/lang/Object;)Z >"	6	8	5	2
"< Application, Lhedc/Messages, format(Ljava/lang/String;Ljava/lang/Object;Ljava/lang/Object;Ljava/lang/Object;)Ljava/lang/String; >"	1	7	8	2
"< Application, Lhedc/Messages, format(Ljava/lang/String;II)Ljava/lang/String; >"	3	6	7	8
"< Application, Lhedc/ethz/util/Logger, <clinit>()V >"	10	3	22	23
"< Application, Lhedc/Messages, format(Ljava/lang/String;D)Ljava/lang/String; >"	3	5	6	7
"< Application, Lhedc/Messages, format(Ljava/lang/String;II)Ljava/lang/String; >"	6	6	10	11
"< Application, Lhedc/regexp/State, clearGroup(I)V >"	4	5	2	7
"< Application, Lhedc/ethz/util/SerializePerformanceTest, makeData_(I)V >"	8	8	10	7
"< Application, Lhedc/ethz/util/Logger, <clinit>()V >"	4	3	10	11
"< Application, LEDU/oswego/cs/dl/util/concurrent/FJTaskRunner$VolatileTaskRef, newArray(I)[LEDU/oswego/cs/dl/util/concurrent/FJTaskRunner$VolatileTaskRef; >"	5	3	9	5
"< Application, Lhedc/ethz/util/SerializePerformanceTest, makeData_(I)V >"	44	6	47	48
"< Application, LEDU/oswego/cs/dl/util/concurrent/CopyOnWriteArrayList, addIfAbsent(Ljava/lang/Object;)Z >"	20	8	5	2
"< Application, LEDU/oswego/cs/dl/util/concurrent/CopyOnWriteArrayList, readObject(Ljava/io/ObjectInputStream;)V >"	7	7	14	11
"< Application, LEDU/oswego/cs/dl/util/concurrent/PrioritySemaphore$PriorityWaitQueue, <init>()V >"	11	10	15	11
"< Application, Lhedc/ethz/util/Generator, generateThroughBuffer(Ljava/lang/String;Ljava/io/Writer;Ljava/util/Hashtable;)J >"	29	11	57	15
"< Application, LEDU/oswego/cs/dl/util/concurrent/PropertyChangeMulticaster, addPropertyChangeListener(Ljava/beans/PropertyChangeListener;)V >"	11	9	6	2
"< Application, Lhedc/ethz/util/Logger, <clinit>()V >"	8	3	18	19
"< Application, LEDU/oswego/cs/dl/util/concurrent/CopyOnWriteArrayList, addIfAbsent(Ljava/lang/Object;)Z >"	17	8	20	18
"< Application, Ljavax/servlet/http/HttpServlet, service(Ljavax/servlet/http/HttpServletRequest;Ljavax/servlet/http/HttpServletResponse;)V >"	52	34	10	6
"< Application, Lhedc/Messages, format(Ljava/lang/String;Ljava/lang/Object;Ljava/lang/Object;Ljava/lang/Object;)Ljava/lang/String; >"	3	7	10	4
"< Application, Lhedc/ethz/util/Logger, <clinit>()V >"	12	3	26	27
"< Application, Lhedc/Messages, format(Ljava/lang/String;I)Ljava/lang/String; >"	3	5	6	7
"< Application, Lhedc/ethz/util/Generator, generateThroughBuffer(Ljava/io/Reader;Ljava/io/Writer;Ljava/util/Hashtable;)J >"	47	11	51	49
"< Application, LEDU/oswego/cs/dl/util/concurrent/FJTask$Par, <init>(LEDU/oswego/cs/dl/util/concurrent/FJTask;LEDU/oswego/cs/dl/util/concurrent/FJTask;)V >"	3	7	9	3
"< Application, Lhedc/ethz/util/SerializePerformanceTest, makeData_(I)V >"	38	6	10	33
"< Application, Lhedc/Messages, format(Ljava/lang/String;Ljava/lang/Object;)Ljava/lang/String; >"	1	5	6	2
"< Application, LEDU/oswego/cs/dl/util/concurrent/Rendezvous, doRendezvous(Ljava/lang/Object;ZJ)Ljava/lang/Object; >"	107	66	68	16
"< Application, LEDU/oswego/cs/dl/util/concurrent/FJTaskRunnerGroup, initializeThreads()V >"	7	6	11	7
"< Application, Lhedc/ethz/util/ObservableProperties, registerObserver(Lhedc/ethz/util/PropertyMonitoring;)V >"	8	30	12	2
"< Application, LEDU/oswego/cs/dl/util/concurrent/CopyOnWriteArrayList, add(ILjava/lang/Object;)V >"	18	10	2	3
"< Application, Lhedc/Messages, format(Ljava/lang/String;Ljava/lang/Object;Ljava/lang/Object;Ljava/lang/Object;Ljava/lang/Object;)Ljava/lang/String; >"	4	8	12	5
"< Application, Lhedc/ethz/util/Logger, <clinit>()V >"	2	3	6	7
"< Application, LEDU/oswego/cs/dl/util/concurrent/BoundedBuffer, insert(Ljava/lang/Object;)V >"	5	7	8	2
"< Application, Lhedc/regexp/State, clearGroup(I)V >"	3	6	2	7
"< Application, Lhedc/ethz/util/Generator, generateThroughBuffer(Ljava/lang/String;Ljava/io/Writer;Ljava/util/Hashtable;)J >"	41	11	44	42
"< Application, LEDU/oswego/cs/dl/util/concurrent/CopyOnWriteArrayList, addAll(Ljava/util/Collection;)Z >"	14	10	20	18
"< Application, LEDU/oswego/cs/dl/util/concurrent/CopyOnWriteArrayList, <init>(Ljava/util/Collection;)V >"	11	13	18	17
"< Application, Ljavax/servlet/http/HttpUtils, parseQueryString(Ljava/lang/String;)Ljava/util/Hashtable; >"	32	39	43	41
"< Application, Lhedc/Messages, format(Ljava/lang/String;Ljava/lang/Object;Ljava/lang/Object;Ljava/lang/Object;Ljava/lang/Object;)Ljava/lang/String; >"	1	8	9	2
"< Application, LEDU/oswego/cs/dl/util/concurrent/VetoableChangeMulticaster, addVetoableChangeListenerIfAbsent(Ljava/beans/VetoableChangeListener;)V >"	20	9	6	2
"< Application, Lhedc/ethz/util/Generator, generateThroughBuffer(Ljava/lang/String;Ljava/io/Writer;Ljava/util/Hashtable;)J >"	11	11	54	47
"< Application, Lhedc/ethz/util/ObservableProperties, registerObserver(Lhedc/ethz/util/PropertyMonitoring;)V >"	30	27	28	2
"< Application, Lhedc/ethz/util/SerializePerformanceTest, makeData_(I)V >"	41	6	7	44
"< Application, Ljavax/servlet/http/HttpUtils, parseQueryString(Ljava/lang/String;)Ljava/util/Hashtable; >"	41	45	13	31
"< Application, Lhedc/ethz/util/Estimator, sample(DD)V >"	16	12	6	3
"< Application, LEDU/oswego/cs/dl/util/concurrent/BoundedBuffer, extract()Ljava/lang/Object; >"	8	9	10	11
"< Application, Lhedc/regexp/CharClass, merge(Lhedc/regexp/CharClass;Z)V >"	12	13	18	15
"< Application, Lhedc/Messages, format(Ljava/lang/String;Ljava/lang/Object;Ljava/lang/Object;)Ljava/lang/String; >"	1	6	7	2
"< Application, Lhedc/ethz/util/Estimator, sample(DD)V >"	13	16	6	21
"< Application, LEDU/oswego/cs/dl/util/concurrent/VetoableChangeMulticaster, removeVetoableChangeListener(Ljava/beans/VetoableChangeListener;)V >"	19	10	24	26
"< Application, Ljavax/servlet/http/Cookie, <init>(Ljava/lang/String;Ljava/lang/String;)V >"	24	39	7	2
"< Application, Lhedc/ethz/util/Logger, <clinit>()V >"	1	3	4	5
"< Application, LEDU/oswego/cs/dl/util/concurrent/SemaphoreControlledChannel, <init>(ILjava/lang/Class;)V >"	13	12	6	13
"< Application, Lhedc/TaskFactory, <clinit>()V >"	2	3	6	7
"< Application, Lhedc/Tester, main([Ljava/lang/String;)V >"	27	10	43	17
"< Application, LEDU/oswego/cs/dl/util/concurrent/SemaphoreControlledChannel, <init>(ILjava/lang/Class;)V >"	21	19	6	20
"< Application, Ljavax/servlet/ServletOutputStream, print(Ljava/lang/String;)V >"	12	22	9	23
"< Application, Lhedc/regexp/State, endGroup(I)V >"	4	5	2	8
"< Application, Lhedc/ethz/util/SerializePerformanceTest, makeData_(I)V >"	47	51	53	6
"< Application, Lhedc/regexp/State, startGroup(I)V >"	4	5	2	8
"< Application, LEDU/oswego/cs/dl/util/concurrent/Rendezvous$Rotator, rendezvousFunction([Ljava/lang/Object;)V >"	10	2	6	8
"< Application, LEDU/oswego/cs/dl/util/concurrent/Heap, extract()Ljava/lang/Object; >"	34	30	33	32
"< Application, LEDU/oswego/cs/dl/util/concurrent/CopyOnWriteArrayList, addAllAbsent(Ljava/util/Collection;)I >"	16	9	23	15
"< Application, Lhedc/ethz/util/Logger, <clinit>()V >"	5	3	12	13
"< Application, Lhedc/ethz/util/Logger, <clinit>()V >"	7	3	16	17
"< Application, Lhedc/Messages, format(Ljava/lang/String;Ljava/lang/Object;Ljava/lang/Object;Ljava/lang/Object;)Ljava/lang/String; >"	2	7	9	3
"< Application, Lhedc/ethz/util/Generator, generateThroughBuffer(Ljava/io/Reader;Ljava/io/Writer;Ljava/util/Hashtable;)J >"	35	11	64	24
"< Application, LEDU/oswego/cs/dl/util/concurrent/VetoableChangeMulticaster, removeVetoableChangeListener(Ljava/beans/VetoableChangeListener;)V >"	26	10	18	16
"< Application, LEDU/oswego/cs/dl/util/concurrent/CopyOnWriteArrayList, remove(Ljava/lang/Object;)Z >"	29	9	20	18
"< Application, Lhedc/TaskFactory, <clinit>()V >"	1	3	4	5
"< Application, LEDU/oswego/cs/dl/util/concurrent/Rendezvous, doRendezvous(Ljava/lang/Object;ZJ)Ljava/lang/Object; >"	16	20	17	2
"< Application, Ljavax/servlet/http/HttpUtils, parseQueryString(Ljava/lang/String;)Ljava/util/Hashtable; >"	38	39	44	31
"< Application, Lhedc/Messages, format(Ljava/lang/String;Ljava/lang/Object;Ljava/lang/Object;Ljava/lang/Object;Ljava/lang/Object;)Ljava/lang/String; >"	3	8	11	4
"< Application, Lhedc/TaskFactory, <clinit>()V >"	7	8	4	9
"< Application, LEDU/oswego/cs/dl/util/concurrent/CopyOnWriteArrayList, addAll(ILjava/util/Collection;)Z >"	31	11	25	23
"< Application, Lhedc/regexp/CharClass, addChar(I)V >"	6	4	6	12
"< Application, LEDU/oswego/cs/dl/util/concurrent/Rendezvous, doRendezvous(Ljava/lang/Object;ZJ)Ljava/lang/Object; >"	85	80	82	16
"< Application, LEDU/oswego/cs/dl/util/concurrent/Heap, extract()Ljava/lang/Object; >"	37	34	33	12
"< Application, Lhedc/ethz/util/Logger, <clinit>()V >"	11	3	24	25
"< Application, Lhedc/Messages, format(Ljava/lang/String;Ljava/lang/Object;Ljava/lang/Object;Ljava/lang/Object;Ljava/lang/Object;)Ljava/lang/String; >"	2	8	10	3
"< Application, LEDU/oswego/cs/dl/util/concurrent/VetoableChangeMulticaster, addVetoableChangeListener(Ljava/beans/VetoableChangeListener;)V >"	11	9	6	2
"< Application, LEDU/oswego/cs/dl/util/concurrent/Heap, insert(Ljava/lang/Object;)V >"	32	34	33	2
"< Application, Ljavax/servlet/http/HttpServlet, getAllDeclaredMethods(Ljava/lang/Class;)[Ljava/lang/reflect/Method; >"	23	20	33	31
"< Application, Lhedc/ethz/util/SerializePerformanceTest, makeData_(I)V >"	7	8	9	10
"< Application, Lhedc/ethz/util/Logger, <clinit>()V >"	6	3	14	15
"< Application, LEDU/oswego/cs/dl/util/concurrent/PropertyChangeMulticaster, addPropertyChangeListenerIfAbsent(Ljava/beans/PropertyChangeListener;)V >"	12	9	18	12
"< Application, Lhedc/regexp/Literal, <clinit>()V >"	6	5	9	6
"< Application, Lhedc/regexp/Literal, appendChar(I)V >"	18	17	18	21
"< Application, LEDU/oswego/cs/dl/util/concurrent/Heap, insert(Ljava/lang/Object;)V >"	29	30	33	32
"< Application, Ljavax/servlet/http/HttpServlet, getAllDeclaredMethods(Ljava/lang/Class;)[Ljava/lang/reflect/Method; >"	14	20	25	22
"< Application, Lhedc/ethz/util/SerializePerformanceTest, makeData_(I)V >"	6	8	4	53
"< Application, LEDU/oswego/cs/dl/util/concurrent/FJTask$Seq, <init>(LEDU/oswego/cs/dl/util/concurrent/FJTask;LEDU/oswego/cs/dl/util/concurrent/FJTask;)V >"	3	7	9	3
"< Application, Lhedc/ethz/util/Generator, generate(Ljava/io/Writer;Ljava/util/Hashtable;[C)J >"	39	6	41	39
"< Application, Lhedc/Messages, format(Ljava/lang/String;Ljava/lang/Object;Ljava/lang/Object;)Ljava/lang/String; >"	2	6	8	3
"< Application, LEDU/oswego/cs/dl/util/concurrent/CopyOnWriteArrayList, toArray([Ljava/lang/Object;)[Ljava/lang/Object; >"	17	17	23	24
"< Application, Lhedc/ethz/util/Logger, <clinit>()V >"	9	3	20	21
"< Application, Lhedc/ethz/util/Estimator, <init>(Ljava/lang/String;DD)V >"	20	12	16	13
"< Application, LEDU/oswego/cs/dl/util/concurrent/CopyOnWriteArrayList, removeAll(Ljava/util/Collection;)Z >"	11	7	15	8
"< Application, Lhedc/regexp/Literal, <clinit>()V >"	14	12	17	15
"< Application, Lhedc/ethz/util/Logger, <clinit>()V >"	3	3	8	9
"< Application, LEDU/oswego/cs/dl/util/concurrent/CopyOnWriteArrayList, set(ILjava/lang/Object;)Ljava/lang/Object; >"	15	16	2	3
"< Application, LEDU/oswego/cs/dl/util/concurrent/PropertyChangeMulticaster, addPropertyChangeListenerIfAbsent(Ljava/beans/PropertyChangeListener;)V >"	20	9	6	2
"< Application, Lhedc/ethz/util/SerializePerformanceTest, makeData_(I)V >"	45	6	50	8
"< Application, Lhedc/ethz/util/Generator, generateThroughBuffer(Ljava/io/Reader;Ljava/io/Writer;Ljava/util/Hashtable;)J >"	19	11	61	54
"< Application, Lhedc/ethz/util/SerializePerformanceTest, makeData_(I)V >"	16	6	4	11
"< Application, LEDU/oswego/cs/dl/util/concurrent/FJTask$Par, <init>(LEDU/oswego/cs/dl/util/concurrent/FJTask;LEDU/oswego/cs/dl/util/concurrent/FJTask;)V >"	2	7	8	2
"< Application, LEDU/oswego/cs/dl/util/concurrent/FJTaskRunner, checkOverflow()V >"	55	16	25	22
"< Application, Lhedc/ethz/util/Generator, generate(Ljava/io/Writer;Ljava/util/Hashtable;[C)J >"	10	6	51	44
"< Application, Lhedc/TaskFactory, <clinit>()V >"	10	8	6	11
"< Application, LEDU/oswego/cs/dl/util/concurrent/CopyOnWriteArrayList, retainAll(Ljava/util/Collection;)Z >"	11	7	15	8
"< Application, LEDU/oswego/cs/dl/util/concurrent/VetoableChangeMulticaster, addVetoableChangeListenerIfAbsent(Ljava/beans/VetoableChangeListener;)V >"	12	9	18	12
"< Application, Lhedc/ethz/util/BaseProperties, getStringArray(Ljava/lang/String;[Ljava/lang/String;)[Ljava/lang/String; >"	17	12	19	16
"< Application, LEDU/oswego/cs/dl/util/concurrent/CopyOnWriteArrayList, remove(Ljava/lang/Object;)Z >"	22	9	28	30
"< Application, LEDU/oswego/cs/dl/util/concurrent/PropertyChangeMulticaster, removePropertyChangeListener(Ljava/beans/PropertyChangeListener;)V >"	19	10	24	26
"< Application, LEDU/oswego/cs/dl/util/concurrent/SemaphoreControlledChannel, <init>(ILjava/lang/Class;)V >"	8	8	6	9
