"< Application, Lhedc/regexp/Multi, advance(Lhedc/regexp/State;)Lhedc/regexp/Regexp; >"	2	6	[java_constant_int(42), java_constant_int(43), java_constant_int(63)]	"bb15"
"< Application, Lhedc/regexp/CharClass, ppChar(I)Ljava/lang/String; >"	0	2	[java_constant_int(9), java_constant_int(10), java_constant_int(11), java_constant_int(12), java_constant_int(13)]	"bb5"
"< Application, Lhedc/regexp/ContextMatch, advance(Lhedc/regexp/State;)Lhedc/regexp/Regexp; >"	2	5	[java_constant_int(36), java_constant_int(66), java_constant_int(94), java_constant_int(98)]	"bb37"
"< Application, Ljavax/servlet/http/HttpUtils, parseName(Ljava/lang/String;Ljava/lang/StringBuffer;)Ljava/lang/String; >"	3	9	[java_constant_int(37), java_constant_int(43)]	"bb19"
"< Application, Lhedc/DateFormatter, parse(Ljava/lang/String;Ljava/text/ParsePosition;)Ljava/util/Date; >"	42	14	[java_constant_int(68), java_constant_int(69), java_constant_int(70), java_constant_int(71), java_constant_int(72), java_constant_int(73), java_constant_int(74), java_constant_int(75), java_constant_int(76), java_constant_int(77), java_constant_int(78), java_constant_int(79), java_constant_int(80), java_constant_int(81), java_constant_int(82), java_constant_int(83), java_constant_int(84), java_constant_int(85), java_constant_int(86), java_constant_int(87), java_constant_int(88), java_constant_int(89), java_constant_int(90), java_constant_int(91), java_constant_int(92), java_constant_int(93), java_constant_int(94), java_constant_int(95), java_constant_int(96), java_constant_int(97), java_constant_int(98), java_constant_int(99), java_constant_int(100), java_constant_int(101), java_constant_int(102), java_constant_int(103), java_constant_int(104), java_constant_int(105), java_constant_int(106), java_constant_int(107), java_constant_int(108), java_constant_int(109), java_constant_int(110), java_constant_int(111), java_constant_int(112), java_constant_int(113), java_constant_int(114), java_constant_int(115), java_constant_int(116), java_constant_int(117), java_constant_int(118), java_constant_int(119), java_constant_int(120), java_constant_int(121), java_constant_int(122)]	"bb103"
"< Application, Lhedc/regexp/CharClass, toStringThis()Ljava/lang/String; >"	20	20	[java_constant_int(1), java_constant_int(2), java_constant_int(3)]	"bb21"
"< Application, Lhedc/Messages, format(Ljava/lang/String;[Ljava/lang/Object;)Ljava/lang/String; >"	22	35	[java_constant_int(37), java_constant_int(100), java_constant_int(102), java_constant_int(105), java_constant_int(112), java_constant_int(115), java_constant_int(120)]	"bb42"
"< Application, Lhedc/regexp/RegexpCompiler, compileAlternative(Lhedc/regexp/CompilerState;Lhedc/regexp/Regexp;)Lhedc/regexp/Regexp; >"	4	8	[java_constant_int(-1), java_constant_int(36), java_constant_int(40), java_constant_int(41), java_constant_int(42), java_constant_int(43), java_constant_int(46), java_constant_int(63), java_constant_int(91), java_constant_int(92), java_constant_int(94), java_constant_int(124)]	"bb82"
"< Application, Lhedc/DateFormatter, format(Ljava/util/Date;Ljava/lang/StringBuffer;Ljava/text/FieldPosition;)Ljava/lang/StringBuffer; >"	41	18	[java_constant_int(68), java_constant_int(69), java_constant_int(70), java_constant_int(71), java_constant_int(72), java_constant_int(73), java_constant_int(74), java_constant_int(75), java_constant_int(76), java_constant_int(77), java_constant_int(78), java_constant_int(79), java_constant_int(80), java_constant_int(81), java_constant_int(82), java_constant_int(83), java_constant_int(84), java_constant_int(85), java_constant_int(86), java_constant_int(87), java_constant_int(88), java_constant_int(89), java_constant_int(90), java_constant_int(91), java_constant_int(92), java_constant_int(93), java_constant_int(94), java_constant_int(95), java_constant_int(96), java_constant_int(97), java_constant_int(98), java_constant_int(99), java_constant_int(100), java_constant_int(101), java_constant_int(102), java_constant_int(103), java_constant_int(104), java_constant_int(105), java_constant_int(106), java_constant_int(107), java_constant_int(108), java_constant_int(109), java_constant_int(110), java_constant_int(111), java_constant_int(112), java_constant_int(113), java_constant_int(114), java_constant_int(115), java_constant_int(116), java_constant_int(117), java_constant_int(118), java_constant_int(119), java_constant_int(120), java_constant_int(121), java_constant_int(122)]	"bb136"
"< Application, Lhedc/ethz/util/DoubleBufferCopy$Buffer, accessBuffer(I)Z >"	0	2	[java_constant_int(1), java_constant_int(2)]	"bb29"
"< Application, Lhedc/regexp/CharClass, process(Ljava/lang/String;)V >"	13	19	[java_constant_int(68), java_constant_int(83), java_constant_int(87), java_constant_int(98), java_constant_int(100), java_constant_int(102), java_constant_int(110), java_constant_int(114), java_constant_int(115), java_constant_int(116), java_constant_int(119)]	"bb30"
"< Application, Lhedc/regexp/RegexpCompiler, compileAlternative(Lhedc/regexp/CompilerState;Lhedc/regexp/Regexp;)Lhedc/regexp/Regexp; >"	30	22	[java_constant_int(-1), java_constant_int(92), java_constant_int(93)]	"bb37"
"< Application, Lhedc/regexp/RegexpCompiler, compileAlternative(Lhedc/regexp/CompilerState;Lhedc/regexp/Regexp;)Lhedc/regexp/Regexp; >"	56	42	[java_constant_int(48), java_constant_int(49), java_constant_int(50), java_constant_int(51), java_constant_int(52), java_constant_int(53), java_constant_int(54), java_constant_int(55), java_constant_int(56), java_constant_int(57), java_constant_int(58), java_constant_int(59), java_constant_int(60), java_constant_int(61), java_constant_int(62), java_constant_int(63), java_constant_int(64), java_constant_int(65), java_constant_int(66), java_constant_int(67), java_constant_int(68), java_constant_int(69), java_constant_int(70), java_constant_int(71), java_constant_int(72), java_constant_int(73), java_constant_int(74), java_constant_int(75), java_constant_int(76), java_constant_int(77), java_constant_int(78), java_constant_int(79), java_constant_int(80), java_constant_int(81), java_constant_int(82), java_constant_int(83), java_constant_int(84), java_constant_int(85), java_constant_int(86), java_constant_int(87), java_constant_int(88), java_constant_int(89), java_constant_int(90), java_constant_int(91), java_constant_int(92), java_constant_int(93), java_constant_int(94), java_constant_int(95), java_constant_int(96), java_constant_int(97), java_constant_int(98), java_constant_int(99), java_constant_int(100), java_constant_int(101), java_constant_int(102), java_constant_int(103), java_constant_int(104), java_constant_int(105), java_constant_int(106), java_constant_int(107), java_constant_int(108), java_constant_int(109), java_constant_int(110), java_constant_int(111), java_constant_int(112), java_constant_int(113), java_constant_int(114), java_constant_int(115), java_constant_int(116), java_constant_int(117), java_constant_int(118), java_constant_int(119)]	"bb81"
"< Application, Lhedc/regexp/CharClass, cloneCharClass(Lhedc/regexp/Regexp;I)Lhedc/regexp/CharClass; >"	0	2	[java_constant_int(68), java_constant_int(83), java_constant_int(87), java_constant_int(100), java_constant_int(115), java_constant_int(119)]	"bb5"
"< Application, Lhedc/regexp/CharClass, process(Ljava/lang/String;)V >"	10	16	[java_constant_int(45), java_constant_int(92)]	"bb30"
