"< Application, Lhedc/ethz/util/Estimator, main([Ljava/lang/String;)V >"	34	46	java_prim_type_double	55	java_prim_type_int
"< Application, LEDU/oswego/cs/dl/util/concurrent/SynchronizedShort, divide(S)S >"	4	7	java_prim_type_short	6	java_prim_type_int
"< Application, Lhedc/regexp/CharClass, ppChar(I)Ljava/lang/String; >"	10	18	java_prim_type_char	17	java_prim_type_int
"< Application, Lhedc/DateFormatter, append(Ljava/lang/StringBuffer;II)V >"	3	9	java_prim_type_long	3	java_prim_type_int
"< Application, LEDU/oswego/cs/dl/util/concurrent/SynchronizedChar, divide(C)C >"	4	7	java_prim_type_char	6	java_prim_type_int
"< Application, LEDU/oswego/cs/dl/util/concurrent/SynchronizedByte, decrement()B >"	4	7	java_prim_type_byte	6	java_prim_type_int
"< Application, LEDU/oswego/cs/dl/util/concurrent/SynchronizedShort, xor(S)S >"	4	7	java_prim_type_short	6	java_prim_type_int
"< Application, Lhedc/ethz/util/SerializePerformanceTest, main([Ljava/lang/String;)V >"	16	25	java_prim_type_double	24	java_prim_type_long
"< Application, Lhedc/ethz/util/Generator, generateStream(Ljava/io/Reader;Ljava/io/Writer;Ljava/util/Hashtable;)J >"	27	39	java_prim_type_long	38	java_prim_type_int
"< Application, Lhedc/regexp/Regexp, main([Ljava/lang/String;)V >"	62	91	java_prim_type_char	90	java_prim_type_int
"< Application, LEDU/oswego/cs/dl/util/concurrent/SemaphoreControlledChannel, <init>(I)V >"	7	7	java_prim_type_long	2	java_prim_type_int
"< Application, LEDU/oswego/cs/dl/util/concurrent/FJTaskRunnerGroup, stats()V >"	14	20	java_prim_type_long	19	java_prim_type_int
"< Application, LEDU/oswego/cs/dl/util/concurrent/SynchronizedChar, multiply(C)C >"	4	7	java_prim_type_char	6	java_prim_type_int
"< Application, LEDU/oswego/cs/dl/util/concurrent/Rendezvous, doRendezvous(Ljava/lang/Object;ZJ)Ljava/lang/Object; >"	21	50	java_prim_type_long	49	java_prim_type_int
"< Application, Lhedc/ethz/util/Estimator, calcIndex(D)I >"	17	16	java_prim_type_double	15	java_prim_type_int
"< Application, Lhedc/regexp/Multi, toStringThis()Ljava/lang/String; >"	7	12	java_prim_type_char	11	java_prim_type_int
"< Application, LEDU/oswego/cs/dl/util/concurrent/FJTaskRunnerGroup, stats()V >"	17	23	java_prim_type_long	22	java_prim_type_int
"< Application, LEDU/oswego/cs/dl/util/concurrent/SynchronizedShort, multiply(S)S >"	4	7	java_prim_type_short	6	java_prim_type_int
"< Application, LEDU/oswego/cs/dl/util/concurrent/SynchronizedShort, complement()S >"	4	7	java_prim_type_short	6	java_prim_type_int
"< Application, Lhedc/regexp/GroupReference, toStringThis()Ljava/lang/String; >"	6	12	java_prim_type_char	11	java_prim_type_int
"< Application, LEDU/oswego/cs/dl/util/concurrent/SynchronizedByte, and(B)B >"	4	7	java_prim_type_byte	6	java_prim_type_int
"< Application, LEDU/oswego/cs/dl/util/concurrent/Rendezvous, doRendezvous(Ljava/lang/Object;ZJ)Ljava/lang/Object; >"	112	71	java_prim_type_long	70	java_prim_type_int
"< Application, LEDU/oswego/cs/dl/util/concurrent/SynchronizedShort, subtract(S)S >"	4	7	java_prim_type_short	6	java_prim_type_int
"< Application, Lhedc/ethz/util/Generator, openTemplateFile_(Ljava/lang/String;)[C >"	16	26	java_prim_type_int	25	java_prim_type_long
"< Application, LEDU/oswego/cs/dl/util/concurrent/FJTaskRunnerGroup, stats()V >"	3	7	java_prim_type_double	6	java_prim_type_long
"< Application, Lhedc/regexp/CharClass, cloneCharClass(Lhedc/regexp/Regexp;I)Lhedc/regexp/CharClass; >"	13	13	java_prim_type_char	2	java_prim_type_int
"< Application, Lhedc/regexp/Literal, appendChar(I)V >"	17	21	java_prim_type_char	2	java_prim_type_int
"< Application, LEDU/oswego/cs/dl/util/concurrent/SynchronizedByte, negate()B >"	4	6	java_prim_type_byte	5	java_prim_type_int
"< Application, LEDU/oswego/cs/dl/util/concurrent/SynchronizedByte, complement()B >"	4	7	java_prim_type_byte	6	java_prim_type_int
"< Application, Lhedc/regexp/RegexpCompiler, compileAlternatives(Lhedc/regexp/Regexp;Lhedc/regexp/CompilerState;I)Lhedc/regexp/Regexp; >"	14	25	java_prim_type_char	19	java_prim_type_int
"< Application, Ljavax/servlet/ServletInputStream, readLine([BII)I >"	4	12	java_prim_type_byte	8	java_prim_type_int
"< Application, Ljavax/servlet/http/HttpUtils, parseName(Ljava/lang/String;Ljava/lang/StringBuffer;)Ljava/lang/String; >"	10	19	java_prim_type_char	18	java_prim_type_int
"< Application, LEDU/oswego/cs/dl/util/concurrent/SynchronizedShort, negate()S >"	4	6	java_prim_type_short	5	java_prim_type_int
"< Application, Lhedc/regexp/RegexpCompiler, compileAlternative(Lhedc/regexp/CompilerState;Lhedc/regexp/Regexp;)Lhedc/regexp/Regexp; >"	74	72	java_prim_type_char	42	java_prim_type_int
"< Application, Lhedc/regexp/RegexpCompiler, compileAlternative(Lhedc/regexp/CompilerState;Lhedc/regexp/Regexp;)Lhedc/regexp/Regexp; >"	17	89	java_prim_type_char	8	java_prim_type_int
"< Application, Lhedc/ethz/util/SmartRef, length()J >"	15	16	java_prim_type_long	15	java_prim_type_int
"< Application, Lhedc/ethz/util/Generator, generateThroughBuffer(Ljava/lang/String;Ljava/io/Writer;Ljava/util/Hashtable;)J >"	49	61	java_prim_type_long	54	java_prim_type_int
"< Application, LEDU/oswego/cs/dl/util/concurrent/SynchronizedByte, or(B)B >"	4	7	java_prim_type_byte	6	java_prim_type_int
"< Application, LEDU/oswego/cs/dl/util/concurrent/SynchronizedShort, or(S)S >"	4	7	java_prim_type_short	6	java_prim_type_int
"< Application, Lhedc/ethz/util/Estimator, calcIndex(D)I >"	20	20	java_prim_type_int	19	java_prim_type_long
"< Application, Lhedc/ethz/util/Estimator, main([Ljava/lang/String;)V >"	8	16	java_prim_type_double	26	java_prim_type_int
"< Application, Lhedc/ethz/util/Generator, generateThroughBuffer(Ljava/io/Reader;Ljava/io/Writer;Ljava/util/Hashtable;)J >"	56	69	java_prim_type_long	61	java_prim_type_int
"< Application, LEDU/oswego/cs/dl/util/concurrent/SynchronizedChar, subtract(C)C >"	4	7	java_prim_type_char	6	java_prim_type_int
"< Application, Lhedc/ethz/util/Generator, generate(Ljava/io/Writer;Ljava/util/Hashtable;[C)J >"	47	58	java_prim_type_long	51	java_prim_type_int
"< Application, Lhedc/regexp/CharClass, ppChar(I)Ljava/lang/String; >"	16	6	java_prim_type_char	2	java_prim_type_int
"< Application, LEDU/oswego/cs/dl/util/concurrent/SynchronizedByte, subtract(B)B >"	4	7	java_prim_type_byte	6	java_prim_type_int
"< Application, LEDU/oswego/cs/dl/util/concurrent/SynchronizedShort, add(S)S >"	4	7	java_prim_type_short	6	java_prim_type_int
"< Application, Lhedc/ethz/util/Estimator, main([Ljava/lang/String;)V >"	19	29	java_prim_type_double	36	java_prim_type_int
"< Application, LEDU/oswego/cs/dl/util/concurrent/FJTaskRunner, <init>(LEDU/oswego/cs/dl/util/concurrent/FJTaskRunnerGroup;)V >"	16	15	java_prim_type_long	14	java_prim_type_int
"< Application, LEDU/oswego/cs/dl/util/concurrent/SynchronizedShort, decrement()S >"	4	7	java_prim_type_short	6	java_prim_type_int
"< Application, LEDU/oswego/cs/dl/util/concurrent/FJTaskRunnerGroup, stats()V >"	20	26	java_prim_type_long	25	java_prim_type_int
"< Application, LEDU/oswego/cs/dl/util/concurrent/SynchronizedByte, multiply(B)B >"	4	7	java_prim_type_byte	6	java_prim_type_int
"< Application, LEDU/oswego/cs/dl/util/concurrent/SynchronizedChar, add(C)C >"	4	7	java_prim_type_char	6	java_prim_type_int
"< Application, LEDU/oswego/cs/dl/util/concurrent/Rendezvous, doRendezvous(Ljava/lang/Object;ZJ)Ljava/lang/Object; >"	68	39	java_prim_type_long	38	java_prim_type_int
"< Application, Lhedc/regexp/Literal, <clinit>()V >"	13	15	java_prim_type_char	14	java_prim_type_int
"< Application, Lhedc/regexp/Group, toStringThis()Ljava/lang/String; >"	4	9	java_prim_type_char	8	java_prim_type_int
"< Application, Lhedc/Tester, run()V >"	8	14	java_prim_type_long	13	java_prim_type_double
"< Application, LEDU/oswego/cs/dl/util/concurrent/Rendezvous, doRendezvous(Ljava/lang/Object;ZJ)Ljava/lang/Object; >"	90	85	java_prim_type_long	84	java_prim_type_int
"< Application, LEDU/oswego/cs/dl/util/concurrent/SynchronizedByte, divide(B)B >"	4	7	java_prim_type_byte	6	java_prim_type_int
"< Application, LEDU/oswego/cs/dl/util/concurrent/SynchronizedDouble, hashCode()I >"	4	10	java_prim_type_int	9	java_prim_type_long
"< Application, LEDU/oswego/cs/dl/util/concurrent/SynchronizedShort, increment()S >"	4	7	java_prim_type_short	6	java_prim_type_int
"< Application, Lhedc/regexp/Regexp, main([Ljava/lang/String;)V >"	83	145	java_prim_type_double	144	java_prim_type_long
"< Application, LEDU/oswego/cs/dl/util/concurrent/Rendezvous, <init>(ILEDU/oswego/cs/dl/util/concurrent/Rendezvous$RendezvousFunction;)V >"	11	9	java_prim_type_long	2	java_prim_type_int
"< Application, LEDU/oswego/cs/dl/util/concurrent/SynchronizedShort, and(S)S >"	4	7	java_prim_type_short	6	java_prim_type_int
"< Application, LEDU/oswego/cs/dl/util/concurrent/SynchronizedByte, increment()B >"	4	7	java_prim_type_byte	6	java_prim_type_int
"< Application, LEDU/oswego/cs/dl/util/concurrent/SemaphoreControlledChannel, size()I >"	2	6	java_prim_type_int	5	java_prim_type_long
"< Application, LEDU/oswego/cs/dl/util/concurrent/SynchronizedByte, add(B)B >"	4	7	java_prim_type_byte	6	java_prim_type_int
"< Application, Lhedc/regexp/Regexp, main([Ljava/lang/String;)V >"	85	147	java_prim_type_float	146	java_prim_type_double
"< Application, LEDU/oswego/cs/dl/util/concurrent/FJTaskRunnerGroup, stats()V >"	75	120	java_prim_type_double	70	java_prim_type_long
"< Application, LEDU/oswego/cs/dl/util/concurrent/SynchronizedLong, hashCode()I >"	3	8	java_prim_type_int	7	java_prim_type_long
"< Application, Lhedc/regexp/Regexp, main([Ljava/lang/String;)V >"	79	140	java_prim_type_double	129	java_prim_type_int
"< Application, LEDU/oswego/cs/dl/util/concurrent/SynchronizedByte, xor(B)B >"	4	7	java_prim_type_byte	6	java_prim_type_int
"< Application, Lhedc/regexp/ContextMatch, toStringThis()Ljava/lang/String; >"	5	10	java_prim_type_char	9	java_prim_type_int
"< Application, LEDU/oswego/cs/dl/util/concurrent/Rendezvous, doRendezvous(Ljava/lang/Object;ZJ)Ljava/lang/Object; >"	48	45	java_prim_type_long	44	java_prim_type_int
"< Application, Lhedc/regexp/Literal, <clinit>()V >"	5	6	java_prim_type_char	9	java_prim_type_int
"< Application, Lhedc/ethz/util/Generator, generateStream(Ljava/io/Reader;Ljava/io/OutputStream;Ljava/util/Hashtable;)J >"	28	41	java_prim_type_long	40	java_prim_type_int
"< Application, Lhedc/Tester, run()V >"	5	10	java_prim_type_double	9	java_prim_type_int
"< Application, Lhedc/ethz/util/Estimator, main([Ljava/lang/String;)V >"	20	30	java_prim_type_double	36	java_prim_type_int
"< Application, Lhedc/ethz/util/BufferedCopy, copy()J >"	12	16	java_prim_type_long	11	java_prim_type_int
