"< Application, Lhedc/regexp/GroupReference, n, <Primordial,I> >"
"< Application, LEDU/oswego/cs/dl/util/concurrent/ObservableSync, arg_, <Application,Ljava/lang/Object> >"
"< Application, LEDU/oswego/cs/dl/util/concurrent/SynchronizedByte, value_, <Primordial,B> >"
"< Application, Ljavax/servlet/jsp/tagext/VariableInfo, declare, <Primordial,Z> >"
"< Application, LEDU/oswego/cs/dl/util/concurrent/PooledExecutor$Worker, this$0, <Application,LEDU/oswego/cs/dl/util/concurrent/PooledExecutor> >"
"< Application, LEDU/oswego/cs/dl/util/concurrent/FJTaskRunnerGroup$InvokableFJTask, wrapped, <Application,Ljava/lang/Runnable> >"
"< Application, LEDU/oswego/cs/dl/util/concurrent/SyncCollection, rd_, <Application,LEDU/oswego/cs/dl/util/concurrent/Sync> >"
"< Application, LEDU/oswego/cs/dl/util/concurrent/TimeDaemon, thread_, <Application,Ljava/lang/Thread> >"
"< Application, LEDU/oswego/cs/dl/util/concurrent/VetoableChangeMulticaster, source, <Application,Ljava/lang/Object> >"
"< Application, LEDU/oswego/cs/dl/util/concurrent/SyncCollection, syncFailures_, <Application,LEDU/oswego/cs/dl/util/concurrent/SynchronizedLong> >"
"< Application, Ljavax/servlet/jsp/tagext/TagAttributeInfo, required, <Primordial,Z> >"
"< Application, LEDU/oswego/cs/dl/util/concurrent/SynchronousChannel, itemTaken_, <Application,LEDU/oswego/cs/dl/util/concurrent/Semaphore> >"
"< Application, LEDU/oswego/cs/dl/util/concurrent/FJTaskRunnerGroup, activeCount, <Primordial,I> >"
"< Application, LEDU/oswego/cs/dl/util/concurrent/FJTask$Par, tasks, <Application,[LEDU/oswego/cs/dl/util/concurrent/FJTask> >"
"< Application, Lhedc/SohoSynoptic, urlString_, <Application,Ljava/lang/String> >"
"< Application, LEDU/oswego/cs/dl/util/concurrent/WaitFreeQueue$Node, count, <Primordial,J> >"
"< Application, Lhedc/Tester, iterations_, <Primordial,I> >"
"< Application, Lhedc/regexp/Literal, count, <Primordial,I> >"
"< Application, Lhedc/ethz/util/SmartRef, length_, <Primordial,J> >"
"< Application, LEDU/oswego/cs/dl/util/concurrent/SynchronizedInt, value_, <Primordial,I> >"
"< Application, Lhedc/regexp/CharArrayState, data, <Primordial,[C> >"
"< Application, LEDU/oswego/cs/dl/util/concurrent/WriterPreferenceReadWriteLock, writerLock_, <Application,LEDU/oswego/cs/dl/util/concurrent/WriterPreferenceReadWriteLock$WriterLock> >"
"< Application, LEDU/oswego/cs/dl/util/concurrent/QueuedSemaphore$WaitQueue$WaitNode, waiting, <Primordial,Z> >"
"< Application, Lhedc/MetaSearchRequest, results, <Application,Ljava/util/List> >"
"< Application, LEDU/oswego/cs/dl/util/concurrent/BoundedPriorityQueue, heap_, <Application,LEDU/oswego/cs/dl/util/concurrent/Heap> >"
"< Application, Ljavax/servlet/jsp/tagext/TagAttributeInfo, rtexprvalue, <Primordial,Z> >"
"< Application, Lhedc/MetaSearchResult$MetaSearchResultIterator, this$0, <Application,Lhedc/MetaSearchResult> >"
"< Application, LEDU/oswego/cs/dl/util/concurrent/WaitFreeQueue, head_, <Application,LEDU/oswego/cs/dl/util/concurrent/WaitFreeQueue$Node> >"
"< Application, Lhedc/ethz/util/SmartRef, suggestedFilename_, <Application,Ljava/lang/String> >"
"< Application, LEDU/oswego/cs/dl/util/concurrent/ThreadFactoryUser, threadFactory_, <Application,LEDU/oswego/cs/dl/util/concurrent/ThreadFactory> >"
"< Application, LEDU/oswego/cs/dl/util/concurrent/FJTaskRunner, victimRNG, <Application,Ljava/util/Random> >"
"< Application, Lhedc/MetaSearchRequest, params_, <Application,Ljava/util/Hashtable> >"
"< Application, LEDU/oswego/cs/dl/util/concurrent/BoundedLinkedQueue, putGuard_, <Application,Ljava/lang/Object> >"
"< Application, LEDU/oswego/cs/dl/util/concurrent/TimeDaemon, runLoop_, <Application,LEDU/oswego/cs/dl/util/concurrent/TimeDaemon$RunLoop> >"
"< Application, Ljavax/servlet/jsp/tagext/TagData, attributes, <Application,Ljava/util/Hashtable> >"
"< Application, LEDU/oswego/cs/dl/util/concurrent/FJTaskRunner, scanPriority, <Primordial,I> >"
"< Application, LEDU/oswego/cs/dl/util/concurrent/ClockDaemon$RunLoop, this$0, <Application,LEDU/oswego/cs/dl/util/concurrent/ClockDaemon> >"
"< Application, Lhedc/PooledExecutorWithInvalidate, blockedExecutionHandler_, <Application,Lhedc/PooledExecutorWithInvalidate$BlockedExecutionHandler> >"
"< Application, Lhedc/RandomDate, end_, <Primordial,J> >"
"< Application, LEDU/oswego/cs/dl/util/concurrent/Semaphore, permits_, <Primordial,J> >"
"< Application, Ljavax/servlet/http/Cookie, secure, <Primordial,Z> >"
"< Application, LEDU/oswego/cs/dl/util/concurrent/WriterPreferenceReadWriteLock, waitingWriters_, <Primordial,J> >"
"< Application, Lhedc/SohoSynoptic, buffer_, <Primordial,[C> >"
"< Application, Lhedc/RandomDate, random_, <Application,Ljava/util/Random> >"
"< Application, Ljavax/servlet/http/Cookie, name, <Application,Ljava/lang/String> >"
"< Application, LEDU/oswego/cs/dl/util/concurrent/SynchronizedBoolean, value_, <Primordial,Z> >"
"< Application, LEDU/oswego/cs/dl/util/concurrent/FutureResult, exception_, <Application,Ljava/lang/reflect/InvocationTargetException> >"
"< Application, LEDU/oswego/cs/dl/util/concurrent/FJTaskRunner, top, <Primordial,I> >"
"< Application, Lhedc/ethz/util/EstimatorFactory, dataPath_, <Application,Ljava/lang/String> >"
"< Application, Lhedc/ethz/util/DoubleBufferCopy, ist_, <Application,Ljava/io/InputStream> >"
"< Application, Lhedc/DateFormatter, pattern, <Application,Ljava/lang/String> >"
"< Application, Ljavax/servlet/jsp/tagext/TagInfo, attributeInfo, <Application,[Ljavax/servlet/jsp/tagext/TagAttributeInfo> >"
"< Application, LEDU/oswego/cs/dl/util/concurrent/FJTaskRunnerGroup, initTime, <Primordial,J> >"
"< Application, LEDU/oswego/cs/dl/util/concurrent/FutureResult, ready_, <Primordial,Z> >"
"< Application, LEDU/oswego/cs/dl/util/concurrent/SyncMap, keySet_, <Application,Ljava/util/Set> >"
"< Application, Lhedc/DateFormatter, defaultCenturyStart, <Application,Ljava/util/Date> >"
"< Application, LEDU/oswego/cs/dl/util/concurrent/LinkedNode, next, <Application,LEDU/oswego/cs/dl/util/concurrent/LinkedNode> >"
"< Application, LEDU/oswego/cs/dl/util/concurrent/SynchronousChannel, item_, <Application,Ljava/lang/Object> >"
"< Application, LEDU/oswego/cs/dl/util/concurrent/FJTaskRunner, scans, <Primordial,I> >"
"< Application, LEDU/oswego/cs/dl/util/concurrent/WaitFreeQueue$Node, value, <Application,Ljava/lang/Object> >"
"< Application, LEDU/oswego/cs/dl/util/concurrent/FJTaskRunnerGroup$InvokableFJTask, terminated, <Primordial,Z> >"
"< Application, LEDU/oswego/cs/dl/util/concurrent/WriterPreferenceReadWriteLock$ReaderLock, this$0, <Application,LEDU/oswego/cs/dl/util/concurrent/WriterPreferenceReadWriteLock> >"
"< Application, Ljavax/servlet/http/NoBodyResponse, resp, <Application,Ljavax/servlet/http/HttpServletResponse> >"
"< Application, LEDU/oswego/cs/dl/util/concurrent/PooledExecutor$BlockedExecutionHandler, this$0, <Application,LEDU/oswego/cs/dl/util/concurrent/PooledExecutor> >"
"< Application, LEDU/oswego/cs/dl/util/concurrent/ClockDaemon$TaskNode, period, <Primordial,J> >"
"< Application, LEDU/oswego/cs/dl/util/concurrent/BoundedLinkedQueue, putSidePutPermits_, <Primordial,I> >"
"< Application, Lhedc/FormFiller, form_, <Application,Ljava/lang/String> >"
"< Application, LEDU/oswego/cs/dl/util/concurrent/SynchronizedRef, value_, <Application,Ljava/lang/Object> >"
"< Application, LEDU/oswego/cs/dl/util/concurrent/PropertyChangeMulticaster, source, <Application,Ljava/lang/Object> >"
"< Application, Ljavax/servlet/jsp/tagext/VariableInfo, scope, <Primordial,I> >"
"< Application, LEDU/oswego/cs/dl/util/concurrent/CountDown, count_, <Primordial,I> >"
"< Application, LEDU/oswego/cs/dl/util/concurrent/Rendezvous, broken_, <Primordial,Z> >"
"< Application, LEDU/oswego/cs/dl/util/concurrent/FJTask$Seq2, fst, <Application,LEDU/oswego/cs/dl/util/concurrent/FJTask> >"
"< Application, Lhedc/MetaSearchResult$MetaSearchResultIterator, h_, <Application,Ljava/util/Hashtable> >"
"< Application, LEDU/oswego/cs/dl/util/concurrent/LinkedQueue, waitingForTake_, <Primordial,I> >"
"< Application, LEDU/oswego/cs/dl/util/concurrent/CyclicBarrier, parties_, <Primordial,I> >"
"< Application, Lhedc/PooledExecutorWithInvalidate, keepAliveTime_, <Primordial,J> >"
"< Application, LEDU/oswego/cs/dl/util/concurrent/SyncMap, wr_, <Application,LEDU/oswego/cs/dl/util/concurrent/Sync> >"
"< Application, LEDU/oswego/cs/dl/util/concurrent/WriterPreferenceReadWriteLock, waitingReaders_, <Primordial,J> >"
"< Application, Lhedc/ethz/util/BufferedCopy, BCS_BUF_SIZE_, <Primordial,I> >"
"< Application, LEDU/oswego/cs/dl/util/concurrent/CopyOnWriteArrayList$COWSubList$COWSubListIterator, index, <Primordial,I> >"
"< Application, Lhedc/ethz/util/Ftp, serverSocket_, <Application,Ljava/net/ServerSocket> >"
"< Application, LEDU/oswego/cs/dl/util/concurrent/SynchronizedChar, value_, <Primordial,C> >"
"< Application, Lhedc/MetaSearchImpl, taskFac_, <Application,Lhedc/TaskFactory> >"
"< Application, LEDU/oswego/cs/dl/util/concurrent/WaitFreeQueue, tail_, <Application,LEDU/oswego/cs/dl/util/concurrent/WaitFreeQueue$Node> >"
"< Application, Lhedc/ethz/util/CopyStream, ost_, <Application,Ljava/io/OutputStream> >"
"< Application, LEDU/oswego/cs/dl/util/concurrent/CopyOnWriteArrayList$COWSubList, offset, <Primordial,I> >"
"< Application, Ljavax/servlet/jsp/tagext/TagInfo, tagClassName, <Application,Ljava/lang/String> >"
"< Application, Ljavax/servlet/jsp/tagext/TagInfo, bodyContent, <Application,Ljava/lang/String> >"
"< Application, Ljavax/servlet/jsp/tagext/TagInfo, tagName, <Application,Ljava/lang/String> >"
"< Application, Lhedc/ethz/util/SmartRef, file_, <Application,Ljava/io/File> >"
"< Application, LEDU/oswego/cs/dl/util/concurrent/FJTaskRunner, runs, <Primordial,I> >"
"< Application, Ljavax/servlet/jsp/tagext/TagExtraInfo, tagInfo, <Application,Ljavax/servlet/jsp/tagext/TagInfo> >"
"< Application, Lhedc/regexp/CompilerState, offset, <Primordial,I> >"
"< Application, LEDU/oswego/cs/dl/util/concurrent/QueuedExecutor$RunLoop, this$0, <Application,LEDU/oswego/cs/dl/util/concurrent/QueuedExecutor> >"
"< Application, Lhedc/Rag$RagIterator, this$0, <Application,Lhedc/Rag> >"
"< Application, Ljavax/servlet/http/Cookie, value, <Application,Ljava/lang/String> >"
"< Application, LEDU/oswego/cs/dl/util/concurrent/ReentrantLock, owner_, <Application,Ljava/lang/Thread> >"
"< Application, Lhedc/regexp/Regexp, prev, <Application,Lhedc/regexp/Regexp> >"
"< Application, Lhedc/PooledExecutorWithInvalidate$BlockedExecutionHandler, this$0, <Application,Lhedc/PooledExecutorWithInvalidate> >"
"< Application, LEDU/oswego/cs/dl/util/concurrent/TimeoutException, duration, <Primordial,J> >"
"< Application, Lhedc/regexp/Literal, data, <Primordial,[C> >"
"< Application, LEDU/oswego/cs/dl/util/concurrent/SemaphoreControlledChannel, capacity_, <Primordial,I> >"
"< Application, LEDU/oswego/cs/dl/util/concurrent/TimeDaemon$RunLoop, this$0, <Application,LEDU/oswego/cs/dl/util/concurrent/TimeDaemon> >"
"< Application, LEDU/oswego/cs/dl/util/concurrent/FJTask$Wrap, runnable, <Application,Ljava/lang/Runnable> >"
"< Application, Lhedc/ethz/util/SmartRef, port_, <Primordial,I> >"
"< Application, LEDU/oswego/cs/dl/util/concurrent/Mutex, inuse_, <Primordial,Z> >"
"< Application, Lhedc/MetaSearchRequest, thread_, <Application,Ljava/lang/Thread> >"
"< Application, LEDU/oswego/cs/dl/util/concurrent/CyclicBarrier, resets_, <Primordial,I> >"
"< Application, LEDU/oswego/cs/dl/util/concurrent/WriterPreferenceReadWriteLock, activeWriter_, <Application,Ljava/lang/Thread> >"
"< Application, LEDU/oswego/cs/dl/util/concurrent/FIFOReadWriteLock, active_, <Application,LEDU/oswego/cs/dl/util/concurrent/FIFOSemaphore> >"
"< Application, LEDU/oswego/cs/dl/util/concurrent/CopyOnWriteArrayList$COWSubList$COWSubListIterator, i, <Application,Ljava/util/ListIterator> >"
"< Application, LEDU/oswego/cs/dl/util/concurrent/TimeDaemon$TaskNode, timeToRun_, <Primordial,J> >"
"< Application, Lhedc/ethz/util/EstimatorFactory, currentEstimators_, <Application,Ljava/util/Hashtable> >"
"< Application, Lhedc/DateFormatter, calendar, <Application,Ljava/util/Calendar> >"
"< Application, LEDU/oswego/cs/dl/util/concurrent/PooledExecutor$Worker, firstTask_, <Application,Ljava/lang/Runnable> >"
"< Application, Ljavax/servlet/http/NoBodyResponse, writer, <Application,Ljava/io/PrintWriter> >"
"< Application, Lhedc/ethz/util/Logger, logBuffer_, <Primordial,I> >"
"< Application, Lhedc/Rag, buffer_, <Primordial,[C> >"
"< Application, LEDU/oswego/cs/dl/util/concurrent/PropertyChangeMulticaster, children, <Application,Ljava/util/HashMap> >"
"< Application, LEDU/oswego/cs/dl/util/concurrent/TimedCallable, millis, <Primordial,J> >"
"< Application, Ljavax/servlet/jsp/JspWriter, bufferSize, <Primordial,I> >"
"< Application, Lhedc/ethz/util/ObservableProperties, observersCount_, <Primordial,I> >"
"< Application, Ljavax/servlet/UnavailableException, permanent, <Primordial,Z> >"
"< Application, Lhedc/DateFormatter, numberFormat, <Application,Ljava/text/NumberFormat> >"
"< Application, Lhedc/ethz/util/DoubleBufferCopy, ost_, <Application,Ljava/io/OutputStream> >"
"< Application, LEDU/oswego/cs/dl/util/concurrent/FJTask, done, <Primordial,Z> >"
"< Application, LEDU/oswego/cs/dl/util/concurrent/FJTaskRunner, steals, <Primordial,I> >"
"< Application, Lhedc/FormFiller, ost_, <Application,Ljava/io/OutputStream> >"
"< Application, Ljavax/servlet/jsp/tagext/TagLibraryInfo, info, <Application,Ljava/lang/String> >"
"< Application, Lhedc/regexp/Literal, mapCase, <Primordial,Z> >"
"< Application, LEDU/oswego/cs/dl/util/concurrent/CondVar, mutex_, <Application,LEDU/oswego/cs/dl/util/concurrent/Sync> >"
"< Application, Lhedc/regexp/CharClass, in, <Primordial,Z> >"
"< Application, LEDU/oswego/cs/dl/util/concurrent/FIFOReadWriteLock$ReaderSync, readers_, <Primordial,I> >"
"< Application, LEDU/oswego/cs/dl/util/concurrent/PooledExecutor, maximumPoolSize_, <Primordial,I> >"
"< Application, Lhedc/ethz/util/SmartRef, exists_, <Primordial,I> >"
"< Application, LEDU/oswego/cs/dl/util/concurrent/SynchronizedFloat, value_, <Primordial,F> >"
"< Application, LEDU/oswego/cs/dl/util/concurrent/CopyOnWriteArraySet, al, <Application,LEDU/oswego/cs/dl/util/concurrent/CopyOnWriteArrayList> >"
"< Application, Ljavax/servlet/jsp/tagext/TagLibraryInfo, jspversion, <Application,Ljava/lang/String> >"
"< Application, Lhedc/ethz/util/Logger, buffer_, <Application,Ljava/lang/StringBuffer> >"
"< Application, Ljavax/servlet/jsp/tagext/TagSupport, values, <Application,Ljava/util/Hashtable> >"
"< Application, LEDU/oswego/cs/dl/util/concurrent/FIFOReadWriteLock$ReaderSync, this$0, <Application,LEDU/oswego/cs/dl/util/concurrent/FIFOReadWriteLock> >"
"< Application, Lhedc/ethz/util/ObservableProperties, observers_, <Application,[Lhedc/ethz/util/PropertyMonitoring> >"
"< Application, LEDU/oswego/cs/dl/util/concurrent/LockedExecutor, mutex_, <Application,LEDU/oswego/cs/dl/util/concurrent/Sync> >"
"< Application, LEDU/oswego/cs/dl/util/concurrent/FutureResult, value_, <Application,Ljava/lang/Object> >"
"< Application, LEDU/oswego/cs/dl/util/concurrent/ClockDaemon, heap_, <Application,LEDU/oswego/cs/dl/util/concurrent/Heap> >"
"< Application, LEDU/oswego/cs/dl/util/concurrent/Rendezvous, rendezvousFunction_, <Application,LEDU/oswego/cs/dl/util/concurrent/Rendezvous$RendezvousFunction> >"
"< Application, LEDU/oswego/cs/dl/util/concurrent/VetoableChangeMulticaster, listeners, <Application,[Ljava/beans/VetoableChangeListener> >"
"< Application, Lhedc/RandomDate, start_, <Primordial,J> >"
"< Application, Lhedc/regexp/Result, state, <Application,Lhedc/regexp/State> >"
"< Application, Lhedc/ethz/util/Logger, filename_, <Application,Ljava/lang/String> >"
"< Application, Lhedc/ethz/util/DoubleBufferCopy$Buffer, this$0, <Application,Lhedc/ethz/util/DoubleBufferCopy> >"
"< Application, Lhedc/ethz/util/SmartRef, urlString_, <Application,Ljava/lang/String> >"
"< Application, LEDU/oswego/cs/dl/util/concurrent/BoundedLinkedQueue, capacity_, <Primordial,I> >"
"< Application, LEDU/oswego/cs/dl/util/concurrent/SyncList$SyncCollectionListIterator, this$0, <Application,LEDU/oswego/cs/dl/util/concurrent/SyncList> >"
"< Application, Lhedc/regexp/StringState, s, <Application,Ljava/lang/String> >"
"< Application, Lhedc/ethz/util/Ftp, dataSocket_, <Application,Ljava/net/Socket> >"
"< Application, LEDU/oswego/cs/dl/util/concurrent/SyncCollection$SyncCollectionIterator, this$0, <Application,LEDU/oswego/cs/dl/util/concurrent/SyncCollection> >"
"< Application, LEDU/oswego/cs/dl/util/concurrent/TimeoutSync, sync_, <Application,LEDU/oswego/cs/dl/util/concurrent/Sync> >"
"< Application, Lhedc/ethz/util/SmartRef, hostname_, <Application,Ljava/lang/String> >"
"< Application, LEDU/oswego/cs/dl/util/concurrent/SemaphoreControlledChannel, takeGuard_, <Application,LEDU/oswego/cs/dl/util/concurrent/Semaphore> >"
"< Application, LEDU/oswego/cs/dl/util/concurrent/LayeredSync, inner_, <Application,LEDU/oswego/cs/dl/util/concurrent/Sync> >"
"< Application, Ljavax/servlet/jsp/tagext/VariableInfo, className, <Application,Ljava/lang/String> >"
"< Application, Lhedc/regexp/ContextMatch, kind, <Primordial,I> >"
"< Application, LEDU/oswego/cs/dl/util/concurrent/Slot, item_, <Application,Ljava/lang/Object> >"
"< Application, LEDU/oswego/cs/dl/util/concurrent/FIFOReadWriteLock, readerSync_, <Application,LEDU/oswego/cs/dl/util/concurrent/Sync> >"
"< Application, Ljavax/servlet/http/Cookie, maxAge, <Primordial,I> >"
"< Application, LEDU/oswego/cs/dl/util/concurrent/BoundedLinkedQueue, takeSidePutPermits_, <Primordial,I> >"
"< Application, Ljavax/servlet/jsp/tagext/TagLibraryInfo, urn, <Application,Ljava/lang/String> >"
"< Application, Lhedc/regexp/CompilerState, eof, <Primordial,Z> >"
"< Application, Lhedc/regexp/Regexp, next, <Application,Lhedc/regexp/Regexp> >"
"< Application, Lhedc/FormFiller, parameters_, <Application,Ljava/util/Hashtable> >"
"< Application, LEDU/oswego/cs/dl/util/concurrent/LayeredSync, outer_, <Application,LEDU/oswego/cs/dl/util/concurrent/Sync> >"
"< Application, Lhedc/MetaSearchResult, completed_, <Primordial,Z> >"
"< Application, LEDU/oswego/cs/dl/util/concurrent/SyncCollection, c_, <Application,Ljava/util/Collection> >"
"< Application, LEDU/oswego/cs/dl/util/concurrent/QueuedExecutor, thread_, <Application,Ljava/lang/Thread> >"
"< Application, Lhedc/Tester, fw_, <Application,Ljava/io/FileWriter> >"
"< Application, Ljavax/servlet/jsp/tagext/VariableInfo, varName, <Application,Ljava/lang/String> >"
"< Application, LEDU/oswego/cs/dl/util/concurrent/Rendezvous, parties_, <Primordial,I> >"
"< Application, LEDU/oswego/cs/dl/util/concurrent/Rendezvous, entryGate_, <Application,LEDU/oswego/cs/dl/util/concurrent/Semaphore> >"
"< Application, LEDU/oswego/cs/dl/util/concurrent/BoundedLinkedQueue, takeGuard_, <Application,Ljava/lang/Object> >"
"< Application, Ljavax/servlet/jsp/tagext/TagAttributeInfo, type, <Application,Ljava/lang/String> >"
"< Application, Lhedc/PooledExecutorWithInvalidate$DiscardWhenBlocked, this$0, <Application,Lhedc/PooledExecutorWithInvalidate> >"
"< Application, Lhedc/ethz/util/DoubleBufferCopy$CopyThread, type_, <Primordial,I> >"
"< Application, Lhedc/MetaSearchResult$MetaSearchResultIterator, resultIterator_, <Application,Ljava/util/Iterator> >"
"< Application, LEDU/oswego/cs/dl/util/concurrent/WriterPreferenceReadWriteLock$WriterLock, this$0, <Application,LEDU/oswego/cs/dl/util/concurrent/WriterPreferenceReadWriteLock> >"
"< Application, Lhedc/Task, thread_, <Application,Ljava/lang/Thread> >"
"< Application, LEDU/oswego/cs/dl/util/concurrent/FJTask$Seq2, snd, <Application,LEDU/oswego/cs/dl/util/concurrent/FJTask> >"
"< Application, Lhedc/ethz/util/DoubleBufferCopy$Buffer, BUF_READ, <Primordial,I> >"
"< Application, Ljavax/servlet/jsp/tagext/TagLibraryInfo, tags, <Application,[Ljavax/servlet/jsp/tagext/TagInfo> >"
"< Application, LEDU/oswego/cs/dl/util/concurrent/SynchronousChannel, itemAvailable_, <Application,LEDU/oswego/cs/dl/util/concurrent/Semaphore> >"
"< Application, LEDU/oswego/cs/dl/util/concurrent/FJTaskRunner, group, <Application,LEDU/oswego/cs/dl/util/concurrent/FJTaskRunnerGroup> >"
"< Application, Lhedc/ethz/util/DoubleBufferCopy, write_, <Application,Lhedc/ethz/util/DoubleBufferCopy$CopyThread> >"
"< Application, Lhedc/ethz/util/CopyStream, ist_, <Application,Ljava/io/InputStream> >"
"< Application, Lhedc/regexp/State, pstart, <Primordial,[I> >"
"< Application, LEDU/oswego/cs/dl/util/concurrent/SemaphoreControlledChannel, putGuard_, <Application,LEDU/oswego/cs/dl/util/concurrent/Semaphore> >"
"< Application, Ljavax/servlet/jsp/tagext/TagSupport, pageContext, <Application,Ljavax/servlet/jsp/PageContext> >"
"< Application, Lhedc/regexp/Group, n, <Primordial,I> >"
"< Application, Lhedc/ethz/util/CopyStream, wrt_, <Application,Ljava/io/Writer> >"
"< Application, LEDU/oswego/cs/dl/util/concurrent/PooledExecutor, handOff_, <Application,LEDU/oswego/cs/dl/util/concurrent/Channel> >"
"< Application, Lhedc/regexp/CharClass, bits, <Primordial,[I> >"
"< Application, Lhedc/regexp/CompilerState, mapCase, <Primordial,Z> >"
"< Application, LEDU/oswego/cs/dl/util/concurrent/PrioritySemaphore$PriorityWaitQueue, maxIndex_, <Primordial,I> >"
"< Application, Lhedc/PooledExecutorWithInvalidate$Worker, firstTask_, <Application,Lhedc/Task> >"
"< Application, LEDU/oswego/cs/dl/util/concurrent/CopyOnWriteArrayList$COWIterator, cursor, <Primordial,I> >"
"< Application, Lhedc/ethz/util/BufferedCopy, ist_, <Application,Ljava/io/InputStream> >"
"< Application, LEDU/oswego/cs/dl/util/concurrent/Latch, latched_, <Primordial,Z> >"
"< Application, Lhedc/ethz/util/BufferedCopy, ost_, <Application,Ljava/io/OutputStream> >"
"< Application, LEDU/oswego/cs/dl/util/concurrent/SynchronousChannel, onePut_, <Application,Ljava/lang/Object> >"
"< Application, LEDU/oswego/cs/dl/util/concurrent/BoundedBuffer, putMonitor_, <Application,Ljava/lang/Object> >"
"< Application, Lhedc/FormFiller, size_, <Primordial,J> >"
"< Application, LEDU/oswego/cs/dl/util/concurrent/SynchronizedShort, value_, <Primordial,S> >"
"< Application, Lhedc/regexp/State, pend, <Primordial,[I> >"
"< Application, Lhedc/regexp/Alternatives, alts, <Application,Ljava/util/Vector> >"
"< Application, LEDU/oswego/cs/dl/util/concurrent/SyncCollection$SyncCollectionIterator, baseIterator_, <Application,Ljava/util/Iterator> >"
"< Application, LEDU/oswego/cs/dl/util/concurrent/WaiterPreferenceSemaphore, waits_, <Primordial,J> >"
"< Application, Lhedc/ethz/util/Logger, log_, <Application,Ljava/io/RandomAccessFile> >"
"< Application, LEDU/oswego/cs/dl/util/concurrent/BoundedBuffer, emptySlots_, <Primordial,I> >"
"< Application, LEDU/oswego/cs/dl/util/concurrent/FJTaskRunnerGroup, entryQueue, <Application,LEDU/oswego/cs/dl/util/concurrent/LinkedQueue> >"
"< Application, LEDU/oswego/cs/dl/util/concurrent/FutureResult$1, val$function, <Application,LEDU/oswego/cs/dl/util/concurrent/Callable> >"
"< Application, LEDU/oswego/cs/dl/util/concurrent/SyncMap, entrySet_, <Application,Ljava/util/Set> >"
"< Application, LEDU/oswego/cs/dl/util/concurrent/PooledExecutor, keepAliveTime_, <Primordial,J> >"
"< Application, LEDU/oswego/cs/dl/util/concurrent/ClockDaemon$TaskNode, command, <Application,Ljava/lang/Runnable> >"
"< Application, LEDU/oswego/cs/dl/util/concurrent/SynchronizedLong, value_, <Primordial,J> >"
"< Application, LEDU/oswego/cs/dl/util/concurrent/BoundedBuffer, array_, <Application,[Ljava/lang/Object> >"
"< Application, Ljavax/servlet/http/NoBodyResponse, noBody, <Application,Ljavax/servlet/http/NoBodyOutputStream> >"
"< Application, Lhedc/regexp/Multi, kind, <Primordial,I> >"
"< Application, LEDU/oswego/cs/dl/util/concurrent/BrokenBarrierException, index, <Primordial,I> >"
"< Application, Ljavax/servlet/UnavailableException, servlet, <Application,Ljavax/servlet/Servlet> >"
"< Application, LEDU/oswego/cs/dl/util/concurrent/CopyOnWriteArrayList$COWIterator, array, <Application,[Ljava/lang/Object> >"
"< Application, Ljavax/servlet/jsp/tagext/TagSupport, parent, <Application,Ljavax/servlet/jsp/tagext/Tag> >"
"< Application, LEDU/oswego/cs/dl/util/concurrent/SynchronousChannel, unclaimedTakers_, <Application,LEDU/oswego/cs/dl/util/concurrent/Semaphore> >"
"< Application, LEDU/oswego/cs/dl/util/concurrent/WriterPreferenceReadWriteLock, activeReaders_, <Primordial,J> >"
"< Application, Lhedc/ethz/util/DoubleBufferCopy, read_, <Application,Lhedc/ethz/util/DoubleBufferCopy$CopyThread> >"
"< Application, LEDU/oswego/cs/dl/util/concurrent/SynchronizedDouble, value_, <Primordial,D> >"
"< Application, Lhedc/MetaSearchResult, request, <Application,Lhedc/MetaSearchRequest> >"
"< Application, LEDU/oswego/cs/dl/util/concurrent/Rendezvous, entries_, <Primordial,I> >"
"< Application, LEDU/oswego/cs/dl/util/concurrent/BoundedBuffer, putPtr_, <Primordial,I> >"
"< Application, LEDU/oswego/cs/dl/util/concurrent/BoundedBuffer, takePtr_, <Primordial,I> >"
"< Application, Ljavax/servlet/jsp/tagext/TagLibraryInfo, prefix, <Application,Ljava/lang/String> >"
"< Application, LEDU/oswego/cs/dl/util/concurrent/PooledExecutor, blockedExecutionHandler_, <Application,LEDU/oswego/cs/dl/util/concurrent/PooledExecutor$BlockedExecutionHandler> >"
"< Application, Lhedc/MetaSearchRequest, wrt_, <Application,Ljava/io/Writer> >"
"< Application, LEDU/oswego/cs/dl/util/concurrent/ClockDaemon, runLoop_, <Application,LEDU/oswego/cs/dl/util/concurrent/ClockDaemon$RunLoop> >"
"< Application, Ljavax/servlet/http/HttpSessionBindingEvent, name, <Application,Ljava/lang/String> >"
"< Application, LEDU/oswego/cs/dl/util/concurrent/PooledExecutor, threads_, <Application,Ljava/util/Map> >"
"< Application, Lhedc/ethz/util/DoubleBufferCopy$CopyThread, this$0, <Application,Lhedc/ethz/util/DoubleBufferCopy> >"
"< Application, LEDU/oswego/cs/dl/util/concurrent/QueuedExecutor, runLoop_, <Application,LEDU/oswego/cs/dl/util/concurrent/QueuedExecutor$RunLoop> >"
"< Application, LEDU/oswego/cs/dl/util/concurrent/WriterPreferenceReadWriteLock$Signaller, this$0, <Application,LEDU/oswego/cs/dl/util/concurrent/WriterPreferenceReadWriteLock> >"
"< Application, LEDU/oswego/cs/dl/util/concurrent/FJTaskRunner, base, <Primordial,I> >"
"< Application, LEDU/oswego/cs/dl/util/concurrent/SyncMap, values_, <Application,Ljava/util/Collection> >"
"< Application, Ljavax/servlet/ServletException, rootCause, <Application,Ljava/lang/Throwable> >"
"< Application, LEDU/oswego/cs/dl/util/concurrent/ReentrantLock, holds_, <Primordial,J> >"
"< Application, LEDU/oswego/cs/dl/util/concurrent/FJTaskRunner, deq, <Application,[LEDU/oswego/cs/dl/util/concurrent/FJTaskRunner$VolatileTaskRef> >"
"< Application, Ljavax/servlet/jsp/tagext/TagSupport, id, <Application,Ljava/lang/String> >"
"< Application, Lhedc/PooledExecutorWithInvalidate, handOff_, <Application,LEDU/oswego/cs/dl/util/concurrent/Channel> >"
"< Application, Lhedc/regexp/CompilerState, groupCount, <Primordial,I> >"
"< Application, Lhedc/DateFormatter, formatData, <Application,Ljava/text/DateFormatSymbols> >"
"< Application, Ljavax/servlet/jsp/tagext/TagInfo, infoString, <Application,Ljava/lang/String> >"
"< Application, Lhedc/FormFiller, wrt_, <Application,Ljava/io/Writer> >"
"< Application, LEDU/oswego/cs/dl/util/concurrent/CyclicBarrier, barrierCommand_, <Application,Ljava/lang/Runnable> >"
"< Application, LEDU/oswego/cs/dl/util/concurrent/WaitFreeQueue$Node, next, <Application,LEDU/oswego/cs/dl/util/concurrent/WaitFreeQueue$Node> >"
"< Application, LEDU/oswego/cs/dl/util/concurrent/PooledExecutor, minimumPoolSize_, <Primordial,I> >"
"< Application, LEDU/oswego/cs/dl/util/concurrent/LinkedQueue, head_, <Application,LEDU/oswego/cs/dl/util/concurrent/LinkedNode> >"
"< Application, LEDU/oswego/cs/dl/util/concurrent/FJTaskRunner, barrier, <Application,Ljava/lang/Object> >"
"< Application, LEDU/oswego/cs/dl/util/concurrent/TimedCallable, function, <Application,LEDU/oswego/cs/dl/util/concurrent/Callable> >"
"< Application, Ljavax/servlet/jsp/JspWriter, autoFlush, <Primordial,Z> >"
"< Application, LEDU/oswego/cs/dl/util/concurrent/ReentrantWriterPreferenceReadWriteLock, writeHolds_, <Primordial,J> >"
"< Application, Ljavax/servlet/jsp/tagext/TagInfo, tagLibrary, <Application,Ljavax/servlet/jsp/tagext/TagLibraryInfo> >"
"< Application, Lhedc/ethz/util/Estimator, xMax_, <Primordial,D> >"
"< Application, Ljavax/servlet/jsp/tagext/TagLibraryInfo, shortname, <Application,Ljava/lang/String> >"
"< Application, Ljavax/servlet/http/Cookie, comment, <Application,Ljava/lang/String> >"
"< Application, Lhedc/Tester, pause_, <Primordial,I> >"
"< Application, LEDU/oswego/cs/dl/util/concurrent/FJTask$Seq, tasks, <Application,[LEDU/oswego/cs/dl/util/concurrent/FJTask> >"
"< Application, Lhedc/MetaSearchResult, date, <Application,Ljava/util/Date> >"
"< Application, Ljavax/servlet/jsp/tagext/BodyContent, enclosingWriter, <Application,Ljavax/servlet/jsp/JspWriter> >"
"< Application, LEDU/oswego/cs/dl/util/concurrent/ClockDaemon$TaskNode, cancelled_, <Primordial,Z> >"
"< Application, LEDU/oswego/cs/dl/util/concurrent/PooledExecutor, poolLock_, <Application,Ljava/lang/Object> >"
"< Application, Ljavax/servlet/http/NoBodyOutputStream, contentLength, <Primordial,I> >"
"< Application, LEDU/oswego/cs/dl/util/concurrent/CopyOnWriteArrayList$COWSubList, size, <Primordial,I> >"
"< Application, Lhedc/regexp/CompilerState, limit, <Primordial,I> >"
"< Application, LEDU/oswego/cs/dl/util/concurrent/TimeoutSync, timeout_, <Primordial,J> >"
"< Application, LEDU/oswego/cs/dl/util/concurrent/SyncMap, c_, <Application,Ljava/util/Map> >"
"< Application, Ljavax/servlet/UnavailableException, seconds, <Primordial,I> >"
"< Application, LEDU/oswego/cs/dl/util/concurrent/TimeDaemon$TaskNode, period, <Primordial,J> >"
"< Application, Lhedc/ethz/util/DoubleBufferCopy, buffer1_, <Application,Lhedc/ethz/util/DoubleBufferCopy$Buffer> >"
"< Application, Lhedc/ethz/util/Estimator, name_, <Application,Ljava/lang/String> >"
"< Application, LEDU/oswego/cs/dl/util/concurrent/PropertyChangeMulticaster, listeners, <Application,[Ljava/beans/PropertyChangeListener> >"
"< Application, LEDU/oswego/cs/dl/util/concurrent/CopyOnWriteArrayList, array_, <Application,[Ljava/lang/Object> >"
"< Application, LEDU/oswego/cs/dl/util/concurrent/PooledExecutor$RunWhenBlocked, this$0, <Application,LEDU/oswego/cs/dl/util/concurrent/PooledExecutor> >"
"< Application, Lhedc/regexp/State, offset, <Primordial,I> >"
"< Application, LEDU/oswego/cs/dl/util/concurrent/PooledExecutor$WaitWhenBlocked, this$0, <Application,LEDU/oswego/cs/dl/util/concurrent/PooledExecutor> >"
"< Application, Ljavax/servlet/GenericServlet, config, <Application,Ljavax/servlet/ServletConfig> >"
"< Application, Lhedc/ethz/util/SmartRef, url_, <Application,Ljava/net/URL> >"
"< Application, Lhedc/ethz/util/DoubleBufferCopy$Buffer, bufferFill_, <Primordial,I> >"
"< Application, LEDU/oswego/cs/dl/util/concurrent/FJTaskRunnerGroup, nstarted, <Primordial,I> >"
"< Application, LEDU/oswego/cs/dl/util/concurrent/SyncCollection, wr_, <Application,LEDU/oswego/cs/dl/util/concurrent/Sync> >"
"< Application, Lhedc/ethz/util/BufferedCopy, buffer_, <Primordial,[B> >"
"< Application, Ljavax/servlet/jsp/tagext/TagLibraryInfo, tlibversion, <Application,Ljava/lang/String> >"
"< Application, Lhedc/SohoSynoptic$SohoIterator, this$0, <Application,Lhedc/SohoSynoptic> >"
"< Application, LEDU/oswego/cs/dl/util/concurrent/Heap, nodes_, <Application,[Ljava/lang/Object> >"
"< Application, Lhedc/PooledExecutorWithInvalidate$WaitWhenBlocked, this$0, <Application,Lhedc/PooledExecutorWithInvalidate> >"
"< Application, LEDU/oswego/cs/dl/util/concurrent/QueuedSemaphore$WaitQueue$WaitNode, next, <Application,LEDU/oswego/cs/dl/util/concurrent/QueuedSemaphore$WaitQueue$WaitNode> >"
"< Application, LEDU/oswego/cs/dl/util/concurrent/TimeDaemon$TaskNode, command, <Application,Ljava/lang/Runnable> >"
"< Application, Ljavax/servlet/http/Cookie, version, <Primordial,I> >"
"< Application, LEDU/oswego/cs/dl/util/concurrent/VetoableChangeMulticaster, children, <Application,Ljava/util/HashMap> >"
"< Application, Lhedc/Tester, name_, <Application,Ljava/lang/String> >"
"< Application, LEDU/oswego/cs/dl/util/concurrent/SynchronizedVariable, lock_, <Application,Ljava/lang/Object> >"
"< Application, LEDU/oswego/cs/dl/util/concurrent/FJTaskRunner, runPriority, <Primordial,I> >"
"< Application, LEDU/oswego/cs/dl/util/concurrent/BoundedLinkedQueue, head_, <Application,LEDU/oswego/cs/dl/util/concurrent/LinkedNode> >"
"< Application, LEDU/oswego/cs/dl/util/concurrent/SyncMap, syncFailures_, <Application,LEDU/oswego/cs/dl/util/concurrent/SynchronizedLong> >"
"< Application, LEDU/oswego/cs/dl/util/concurrent/FJTaskRunnerGroup, threads, <Application,[LEDU/oswego/cs/dl/util/concurrent/FJTaskRunner> >"
"< Application, LEDU/oswego/cs/dl/util/concurrent/Heap, cmp_, <Application,Ljava/util/Comparator> >"
"< Application, LEDU/oswego/cs/dl/util/concurrent/LinkedQueue, putLock_, <Application,Ljava/lang/Object> >"
"< Application, LEDU/oswego/cs/dl/util/concurrent/PooledExecutor, poolSize_, <Primordial,I> >"
"< Application, LEDU/oswego/cs/dl/util/concurrent/BoundedBuffer, usedSlots_, <Primordial,I> >"
"< Application, Lhedc/ethz/util/Estimator, xMin_, <Primordial,D> >"
"< Application, LEDU/oswego/cs/dl/util/concurrent/FJTask$Par2, fst, <Application,LEDU/oswego/cs/dl/util/concurrent/FJTask> >"
"< Application, LEDU/oswego/cs/dl/util/concurrent/QueuedExecutor, queue_, <Application,LEDU/oswego/cs/dl/util/concurrent/Channel> >"
"< Application, Ljavax/servlet/http/NoBodyResponse, didSetContentLength, <Primordial,Z> >"
"< Application, Lhedc/ethz/util/Estimator, ys, <Primordial,[D> >"
"< Application, Ljavax/servlet/jsp/tagext/TagInfo, tagExtraInfo, <Application,Ljavax/servlet/jsp/tagext/TagExtraInfo> >"
"< Application, Lhedc/PooledExecutorWithInvalidate, minimumPoolSize_, <Primordial,I> >"
"< Application, LEDU/oswego/cs/dl/util/concurrent/FJTask$Par2, snd, <Application,LEDU/oswego/cs/dl/util/concurrent/FJTask> >"
"< Application, Lhedc/MetaSearchRequest, msi_, <Application,Lhedc/MetaSearchImpl> >"
"< Application, LEDU/oswego/cs/dl/util/concurrent/Heap, count_, <Primordial,I> >"
"< Application, LEDU/oswego/cs/dl/util/concurrent/FJTaskRunner$VolatileTaskRef, ref, <Application,LEDU/oswego/cs/dl/util/concurrent/FJTask> >"
"< Application, LEDU/oswego/cs/dl/util/concurrent/SyncMap, rd_, <Application,LEDU/oswego/cs/dl/util/concurrent/Sync> >"
"< Application, Ljavax/servlet/http/Cookie, domain, <Application,Ljava/lang/String> >"
"< Application, LEDU/oswego/cs/dl/util/concurrent/FJTaskRunner, active, <Primordial,Z> >"
"< Application, Lhedc/Task, valid, <Primordial,Z> >"
"< Application, LEDU/oswego/cs/dl/util/concurrent/CyclicBarrier, broken_, <Primordial,Z> >"
"< Application, LEDU/oswego/cs/dl/util/concurrent/PooledExecutor$DiscardWhenBlocked, this$0, <Application,LEDU/oswego/cs/dl/util/concurrent/PooledExecutor> >"
"< Application, Ljavax/servlet/jsp/tagext/TagAttributeInfo, name, <Application,Ljava/lang/String> >"
"< Application, LEDU/oswego/cs/dl/util/concurrent/CyclicBarrier, count_, <Primordial,I> >"
"< Application, LEDU/oswego/cs/dl/util/concurrent/LinkedQueue, last_, <Application,LEDU/oswego/cs/dl/util/concurrent/LinkedNode> >"
"< Application, LEDU/oswego/cs/dl/util/concurrent/BoundedLinkedQueue, last_, <Application,LEDU/oswego/cs/dl/util/concurrent/LinkedNode> >"
"< Application, Ljavax/servlet/jsp/tagext/TagLibraryInfo, uri, <Application,Ljava/lang/String> >"
"< Application, LEDU/oswego/cs/dl/util/concurrent/ClockDaemon, thread_, <Application,Ljava/lang/Thread> >"
"< Application, Lhedc/ethz/util/DoubleBufferCopy$Buffer, BUF_WRITE, <Primordial,I> >"
"< Application, LEDU/oswego/cs/dl/util/concurrent/QueuedSemaphore, wq_, <Application,LEDU/oswego/cs/dl/util/concurrent/QueuedSemaphore$WaitQueue> >"
"< Application, LEDU/oswego/cs/dl/util/concurrent/FIFOSemaphore$FIFOWaitQueue, tail_, <Application,LEDU/oswego/cs/dl/util/concurrent/QueuedSemaphore$WaitQueue$WaitNode> >"
"< Application, LEDU/oswego/cs/dl/util/concurrent/TimeDaemon$TaskNode, cancelled_, <Primordial,Z> >"
"< Application, LEDU/oswego/cs/dl/util/concurrent/FJTaskRunnerGroup, entries, <Primordial,I> >"
"< Application, Ljavax/servlet/jsp/tagext/BodyTagSupport, bodyContent, <Application,Ljavax/servlet/jsp/tagext/BodyContent> >"
"< Application, LEDU/oswego/cs/dl/util/concurrent/CountDown, initialCount_, <Primordial,I> >"
"< Application, Lhedc/PooledExecutorWithInvalidate, threads_, <Application,Ljava/util/Map> >"
"< Application, Lhedc/regexp/CompilerState, input, <Application,Ljava/lang/String> >"
"< Application, Lhedc/MetaSearchImpl, executor_, <Application,Lhedc/PooledExecutorWithInvalidate> >"
"< Application, LEDU/oswego/cs/dl/util/concurrent/Rendezvous, departures_, <Primordial,J> >"
"< Application, LEDU/oswego/cs/dl/util/concurrent/CopyOnWriteArrayList$COWSubList, expectedArray, <Application,[Ljava/lang/Object> >"
"< Application, Lhedc/regexp/State, limit, <Primordial,I> >"
"< Application, LEDU/oswego/cs/dl/util/concurrent/FIFOReadWriteLock$ReaderSync, oneWaiter_, <Application,LEDU/oswego/cs/dl/util/concurrent/Mutex> >"
"< Application, Lhedc/SohoSynoptic, charsread_, <Primordial,I> >"
"< Application, LEDU/oswego/cs/dl/util/concurrent/CopyOnWriteArrayList$COWSubList, l, <Application,LEDU/oswego/cs/dl/util/concurrent/CopyOnWriteArrayList> >"
"< Application, Lhedc/MetaSearchResult, results, <Application,Ljava/util/List> >"
"< Application, Lhedc/ethz/util/SmartRef, localPath_, <Application,Ljava/lang/String> >"
"< Application, LEDU/oswego/cs/dl/util/concurrent/CopyOnWriteArrayList$COWSubList$COWSubListIterator, this$0, <Application,LEDU/oswego/cs/dl/util/concurrent/CopyOnWriteArrayList$COWSubList> >"
"< Application, Lhedc/PooledExecutorWithInvalidate, poolLock_, <Application,Ljava/lang/Object> >"
"< Application, Lhedc/ethz/util/DoubleBufferCopy$Buffer, buffer_, <Primordial,[B> >"
"< Application, LEDU/oswego/cs/dl/util/concurrent/TimeDaemon, heap_, <Application,LEDU/oswego/cs/dl/util/concurrent/Heap> >"
"< Application, Lhedc/ethz/util/ThreadFactory, currentThreads_, <Application,Ljava/util/Vector> >"
"< Application, Lhedc/Rag, charsread_, <Primordial,I> >"
"< Application, LEDU/oswego/cs/dl/util/concurrent/WriterPreferenceReadWriteLock, readerLock_, <Application,LEDU/oswego/cs/dl/util/concurrent/WriterPreferenceReadWriteLock$ReaderLock> >"
"< Application, Lhedc/PooledExecutorWithInvalidate$RunWhenBlocked, this$0, <Application,Lhedc/PooledExecutorWithInvalidate> >"
"< Application, LEDU/oswego/cs/dl/util/concurrent/FutureResult$1, this$0, <Application,LEDU/oswego/cs/dl/util/concurrent/FutureResult> >"
"< Application, Lhedc/ethz/util/DoubleBufferCopy, buffer2_, <Application,Lhedc/ethz/util/DoubleBufferCopy$Buffer> >"
"< Application, Lhedc/PooledExecutorWithInvalidate, poolSize_, <Primordial,I> >"
"< Application, LEDU/oswego/cs/dl/util/concurrent/FIFOSemaphore$FIFOWaitQueue, head_, <Application,LEDU/oswego/cs/dl/util/concurrent/QueuedSemaphore$WaitQueue$WaitNode> >"
"< Application, Ljavax/servlet/http/Cookie, path, <Application,Ljava/lang/String> >"
"< Application, LEDU/oswego/cs/dl/util/concurrent/ClockDaemon$TaskNode, timeToRun_, <Primordial,J> >"
"< Application, LEDU/oswego/cs/dl/util/concurrent/PrioritySemaphore$PriorityWaitQueue, cells_, <Application,[LEDU/oswego/cs/dl/util/concurrent/FIFOSemaphore$FIFOWaitQueue> >"
"< Application, Lhedc/regexp/Group, kind, <Primordial,I> >"
"< Application, Lhedc/regexp/Multi, child, <Application,Lhedc/regexp/Regexp> >"
"< Application, Lhedc/MetaSearchRequest, counter_, <Primordial,I> >"
"< Application, Lhedc/PooledExecutorWithInvalidate$Worker, this$0, <Application,Lhedc/PooledExecutorWithInvalidate> >"
"< Application, LEDU/oswego/cs/dl/util/concurrent/ObservableSync, observers_, <Application,LEDU/oswego/cs/dl/util/concurrent/CopyOnWriteArraySet> >"
"< Application, Lhedc/PooledExecutorWithInvalidate, maximumPoolSize_, <Primordial,I> >"
"< Application, Lhedc/MetaSearchRequest, size_, <Primordial,J> >"
"< Application, Lhedc/MetaSearchResult$MetaSearchResultIterator, firstSeen_, <Primordial,Z> >"
"< Application, LEDU/oswego/cs/dl/util/concurrent/LinkedNode, value, <Application,Ljava/lang/Object> >"
"< Application, LEDU/oswego/cs/dl/util/concurrent/Rendezvous, slots_, <Application,[Ljava/lang/Object> >"
"< Application, Lhedc/ethz/util/BaseProperties, source_, <Application,Ljava/lang/String> >"
