"< Application, Ljavax/servlet/http/HttpServlet, getAllDeclaredMethods(Ljava/lang/Class;)[Ljava/lang/reflect/Method; >"	25
"< Application, LEDU/oswego/cs/dl/util/concurrent/SynchronizedChar, compareTo(C)I >"	5
"< Application, Lhedc/SohoSynoptic, determineAttributes_(Ljava/util/Hashtable;Ljava/lang/String;)V >"	34
"< Application, Lhedc/RandomDate, format(Ljava/util/Date;)Ljava/lang/String; >"	2
"< Application, Ljavax/servlet/ServletOutputStream, print(Ljava/lang/String;)V >"	19
"< Application, Lhedc/ethz/util/Generator, generate(Ljava/io/Writer;Ljava/util/Hashtable;[C)J >"	42
"< Application, Lhedc/ethz/util/SmartRef, extractPortNo_(Ljava/lang/String;)I >"	5
"< Application, Lhedc/Messages, formatArray([Ljava/lang/Object;)Ljava/lang/String; >"	23
"< Application, Lhedc/ethz/util/ObservableProperties, putValue(Ljava/lang/String;Ljava/lang/String;)Z >"	15
"< Application, Lhedc/DateFormatter, format(Ljava/util/Date;Ljava/lang/StringBuffer;Ljava/text/FieldPosition;)Ljava/lang/StringBuffer; >"	153
"< Application, LEDU/oswego/cs/dl/util/concurrent/VetoableChangeMulticaster, multicast(Ljava/beans/PropertyChangeEvent;)V >"	39
"< Application, Lhedc/regexp/ContextMatch, advance(Lhedc/regexp/State;)Lhedc/regexp/Regexp; >"	30
"< Application, Lhedc/ethz/util/HttpLogger, log(Ljavax/servlet/http/HttpServletRequest;Ljavax/servlet/http/HttpServletResponse;JIJ)V >"	94
"< Application, LEDU/oswego/cs/dl/util/concurrent/CopyOnWriteArrayList, writeObject(Ljava/io/ObjectOutputStream;)V >"	4
"< Application, Lhedc/DateFormatter, parse(Ljava/lang/String;Ljava/text/ParsePosition;)Ljava/util/Date; >"	4
"< Application, LEDU/oswego/cs/dl/util/concurrent/CopyOnWriteArrayList, remove(Ljava/lang/Object;)Z >"	6
"< Application, Lhedc/ethz/util/Messages, format(Ljava/lang/String;Ljava/lang/Object;Ljava/lang/Object;)Ljava/lang/String; >"	27
"< Application, LEDU/oswego/cs/dl/util/concurrent/FJTaskRunner, scanWhileIdling()V >"	67
"< Application, Lhedc/ethz/util/Ftp, nlst(Ljava/lang/String;)Ljava/util/Enumeration; >"	8
"< Application, Lhedc/regexp/CharClass, ppChar(I)Ljava/lang/String; >"	19
"< Application, Lhedc/ethz/util/DoubleBufferCopy$CopyThread, run()V >"	13
"< Application, Lhedc/ethz/util/BaseProperties, getURL(Ljava/lang/String;Ljava/net/URL;)Ljava/net/URL; >"	13
"< Application, Lhedc/RandomDate, parse(Ljava/lang/String;)Ljava/util/Date; >"	2
"< Application, Ljavax/servlet/http/HttpServlet, doOptions(Ljavax/servlet/http/HttpServletRequest;Ljavax/servlet/http/HttpServletResponse;)V >"	62
"< Application, Lhedc/regexp/CharClass, addChars(II)V >"	1
"< Application, Lhedc/MetaSearchResult$MetaSearchResultIterator, hasNext()Z >"	16
"< Application, Ljavax/servlet/jsp/tagext/TagAttributeInfo, getIdAttribute([Ljavax/servlet/jsp/tagext/TagAttributeInfo;)Ljavax/servlet/jsp/tagext/TagAttributeInfo; >"	8
"< Application, Lhedc/ethz/util/BufferedCopy, copy()J >"	15
"< Application, LEDU/oswego/cs/dl/util/concurrent/TimeDaemon, nextTask()LEDU/oswego/cs/dl/util/concurrent/TimeDaemon$TaskNode; >"	31
"< Application, Lhedc/ethz/util/HttpLogger, log(Ljavax/servlet/http/HttpServletRequest;Ljavax/servlet/http/HttpServletResponse;JIJ)V >"	22
"< Application, Ljavax/servlet/http/HttpServlet, doOptions(Ljavax/servlet/http/HttpServletRequest;Ljavax/servlet/http/HttpServletResponse;)V >"	11
"< Application, Lhedc/ethz/util/Messages, wlevel()I >"	15
"< Application, Lhedc/ethz/util/BaseProperties, getIntegerArray(Ljava/lang/String;[I)[I >"	13
"< Application, Lhedc/regexp/Literal, <clinit>()V >"	2
"< Application, Lhedc/SohoSynoptic, createResults_()V >"	4
"< Application, LEDU/oswego/cs/dl/util/concurrent/CopyOnWriteArrayList, set(ILjava/lang/Object;)Ljava/lang/Object; >"	10
"< Application, LEDU/oswego/cs/dl/util/concurrent/Semaphore, attempt(J)Z >"	19
"< Application, LEDU/oswego/cs/dl/util/concurrent/FJTaskRunner, scanWhileIdling()V >"	13
"< Application, Lhedc/DateFormatter, parse(Ljava/lang/String;Ljava/text/ParsePosition;)Ljava/util/Date; >"	155
"< Application, LEDU/oswego/cs/dl/util/concurrent/WriterPreferenceReadWriteLock$ReaderLock, attempt(J)Z >"	18
"< Application, Lhedc/ethz/util/Generator, generateThroughBuffer(Ljava/lang/String;Ljava/io/Writer;Ljava/util/Hashtable;)J >"	4
"< Application, Lhedc/regexp/Regexp, main([Ljava/lang/String;)V >"	69
"< Application, Ljavax/servlet/UnavailableException, getUnavailableSeconds()I >"	4
"< Application, LEDU/oswego/cs/dl/util/concurrent/SynchronizedByte, equals(Ljava/lang/Object;)Z >"	8
"< Application, Lhedc/regexp/Regexp, main([Ljava/lang/String;)V >"	93
"< Application, LEDU/oswego/cs/dl/util/concurrent/LayeredSync, attempt(J)Z >"	13
"< Application, Lhedc/ethz/util/Messages, format(Ljava/lang/String;Ljava/lang/Object;)Ljava/lang/String; >"	0
"< Application, Lhedc/ethz/util/Estimator, estimate(D)D >"	38
"< Application, LEDU/oswego/cs/dl/util/concurrent/FJTaskRunner, slowCoInvoke([LEDU/oswego/cs/dl/util/concurrent/FJTask;)V >"	7
"< Application, LEDU/oswego/cs/dl/util/concurrent/FJTaskRunnerGroup, interruptAll()V >"	1
"< Application, Lhedc/ethz/util/Generator, generateStream(Ljava/io/Reader;Ljava/io/Writer;Ljava/util/Hashtable;)J >"	0
"< Application, LEDU/oswego/cs/dl/util/concurrent/SynchronousChannel, doTake(ZJ)Ljava/lang/Object; >"	23
"< Application, LEDU/oswego/cs/dl/util/concurrent/CopyOnWriteArrayList, contains(Ljava/lang/Object;)Z >"	5
"< Application, Lhedc/DateFormatter, expect(Ljava/lang/String;Ljava/text/ParsePosition;C)Z >"	6
"< Application, Lhedc/ethz/util/SmartRef, isLocal()Z >"	8
"< Application, Lhedc/ethz/util/EtcUtil, isLocalHost(Ljava/lang/String;)Z >"	9
"< Application, Lhedc/ethz/util/HttpLogger, log(Ljavax/servlet/http/HttpServletRequest;Ljavax/servlet/http/HttpServletResponse;JIJ)V >"	146
"< Application, LEDU/oswego/cs/dl/util/concurrent/WriterPreferenceReadWriteLock$WriterLock, attempt(J)Z >"	40
"< Application, LEDU/oswego/cs/dl/util/concurrent/SynchronizedShort, commit(SS)Z >"	5
"< Application, Lhedc/regexp/RegexpCompiler, compileAlternative(Lhedc/regexp/CompilerState;Lhedc/regexp/Regexp;)Lhedc/regexp/Regexp; >"	2
"< Application, LEDU/oswego/cs/dl/util/concurrent/SynchronizedLong, swap(LEDU/oswego/cs/dl/util/concurrent/SynchronizedLong;)J >"	4
"< Application, Lhedc/ethz/util/Ftp, printResponse_()V >"	5
"< Application, LEDU/oswego/cs/dl/util/concurrent/CondVar, await()V >"	29
"< Application, Lhedc/ethz/util/SmartRef, exists()Z >"	8
"< Application, LEDU/oswego/cs/dl/util/concurrent/FJTaskRunner, scanWhileIdling()V >"	6
"< Application, LEDU/oswego/cs/dl/util/concurrent/SynchronizedByte, commit(BB)Z >"	5
"< Application, Lhedc/regexp/RegexpCompiler, compileAlternative(Lhedc/regexp/CompilerState;Lhedc/regexp/Regexp;)Lhedc/regexp/Regexp; >"	86
"< Application, Lhedc/regexp/Literal, advance(Lhedc/regexp/State;)Lhedc/regexp/Regexp; >"	7
"< Application, Ljavax/servlet/http/HttpUtils, parsePostData(ILjavax/servlet/ServletInputStream;)Ljava/util/Hashtable; >"	9
"< Application, Lhedc/MetaSearchImpl, writeResults_(Ljava/util/List;Ljava/io/Writer;)J >"	17
"< Application, Lhedc/ethz/util/SmartRef, extractPortNo_(Ljava/lang/String;)I >"	9
"< Application, Lhedc/regexp/Multi, advance(Lhedc/regexp/State;)Lhedc/regexp/Regexp; >"	29
"< Application, Lhedc/FormFiller, sendResult_(Ljava/util/Hashtable;Ljava/lang/String;)J >"	12
"< Application, Lhedc/ethz/util/RmiLogger, log(Ljava/lang/String;Ljava/util/Hashtable;Ljava/lang/String;Ljava/lang/String;Ljava/lang/String;Ljava/lang/Object;J)V >"	133
"< Application, LEDU/oswego/cs/dl/util/concurrent/PropertyChangeMulticaster, addPropertyChangeListenerIfAbsent(Ljava/lang/String;Ljava/beans/PropertyChangeListener;)V >"	14
"< Application, Lhedc/regexp/CharClass, toStringThis()Ljava/lang/String; >"	10
"< Application, LEDU/oswego/cs/dl/util/concurrent/FJTaskRunner, checkOverflow()V >"	48
"< Application, Lhedc/ethz/util/EtcUtil, getPortFromURI(Ljava/lang/String;)I >"	6
"< Application, LEDU/oswego/cs/dl/util/concurrent/VetoableChangeMulticaster, addVetoableChangeListenerIfAbsent(Ljava/lang/String;Ljava/beans/VetoableChangeListener;)V >"	21
"< Application, Lhedc/MetaSearchResult, cloneTask(Lhedc/MetaSearchResult;)Lhedc/MetaSearchResult; >"	8
"< Application, Lhedc/ethz/util/Messages, format(Ljava/lang/String;Ljava/lang/Object;Ljava/lang/Object;Ljava/lang/Object;)Ljava/lang/String; >"	0
"< Application, LEDU/oswego/cs/dl/util/concurrent/CondVar, await()V >"	18
"< Application, Lhedc/regexp/CharClass, process(Ljava/lang/String;)V >"	29
"< Application, LEDU/oswego/cs/dl/util/concurrent/FIFOReadWriteLock$ReaderSync, attempt(J)Z >"	4
"< Application, Ljavax/servlet/http/HttpServlet, doOptions(Ljavax/servlet/http/HttpServletRequest;Ljavax/servlet/http/HttpServletResponse;)V >"	19
"< Application, Lhedc/RandomDate, <init>(Ljava/util/Date;Ljava/util/Date;)V >"	18
"< Application, Lhedc/Messages, dlevel()I >"	10
"< Application, LEDU/oswego/cs/dl/util/concurrent/ReentrantWriterPreferenceReadWriteLock, allowReader()Z >"	9
"< Application, Lhedc/DateFormatter, format(Ljava/util/Date;Ljava/lang/StringBuffer;Ljava/text/FieldPosition;)Ljava/lang/StringBuffer; >"	6
"< Application, LEDU/oswego/cs/dl/util/concurrent/PropertyChangeMulticaster, addPropertyChangeListenerIfAbsent(Ljava/lang/String;Ljava/beans/PropertyChangeListener;)V >"	21
"< Application, LEDU/oswego/cs/dl/util/concurrent/CopyOnWriteArrayList, indexOf(Ljava/lang/Object;I)I >"	3
"< Application, Lhedc/regexp/CharClass, toStringThis()Ljava/lang/String; >"	5
"< Application, Lhedc/FormFiller, internalize(Ljava/lang/String;)[C >"	44
"< Application, Lhedc/ethz/util/HttpLogger, log(Ljavax/servlet/http/HttpServletRequest;Ljavax/servlet/http/HttpServletResponse;JIJ)V >"	130
"< Application, Lhedc/ethz/util/EstimatorFactory, sync()V >"	32
"< Application, LEDU/oswego/cs/dl/util/concurrent/FJTaskRunner, scanWhileIdling()V >"	33
"< Application, Lhedc/ethz/util/Generator, openTemplateFile_(Ljava/lang/String;)[C >"	29
"< Application, LEDU/oswego/cs/dl/util/concurrent/FJTaskRunner, checkOverflow()V >"	58
"< Application, Lhedc/ethz/util/RmiLogger, log(Ljava/lang/String;Ljava/util/Hashtable;Ljava/lang/String;Ljava/lang/String;Ljava/lang/String;Ljava/lang/Object;J)V >"	53
"< Application, LEDU/oswego/cs/dl/util/concurrent/FJTaskRunnerGroup, checkActive(LEDU/oswego/cs/dl/util/concurrent/FJTaskRunner;J)V >"	15
"< Application, LEDU/oswego/cs/dl/util/concurrent/CopyOnWriteArrayList, indexOf(Ljava/lang/Object;[Ljava/lang/Object;I)I >"	1
"< Application, Lhedc/ethz/util/EtcUtil, getProtocolFromURI(Ljava/lang/String;)Ljava/lang/String; >"	5
"< Application, LEDU/oswego/cs/dl/util/concurrent/WaitFreeQueue$Node, pointerEquals(LEDU/oswego/cs/dl/util/concurrent/WaitFreeQueue$Node;J)Z >"	6
"< Application, Lhedc/ethz/util/Generator, generateThroughBuffer(Ljava/io/Reader;Ljava/io/Writer;Ljava/util/Hashtable;)J >"	4
"< Application, LEDU/oswego/cs/dl/util/concurrent/FJTaskRunner, slowCoInvoke([LEDU/oswego/cs/dl/util/concurrent/FJTask;)V >"	0
"< Application, LEDU/oswego/cs/dl/util/concurrent/SynchronousChannel, doTake(ZJ)Ljava/lang/Object; >"	32
"< Application, LEDU/oswego/cs/dl/util/concurrent/CopyOnWriteArrayList, lastIndexOf(Ljava/lang/Object;I)I >"	10
"< Application, LEDU/oswego/cs/dl/util/concurrent/CopyOnWriteArrayList, indexOf(Ljava/lang/Object;I)I >"	11
"< Application, Lhedc/ethz/util/Messages, wlevel()I >"	4
"< Application, Lhedc/DateFormatter, format(Ljava/util/Date;Ljava/lang/StringBuffer;Ljava/text/FieldPosition;)Ljava/lang/StringBuffer; >"	60
"< Application, LEDU/oswego/cs/dl/util/concurrent/SynchronizedFloat, equals(Ljava/lang/Object;)Z >"	9
"< Application, LEDU/oswego/cs/dl/util/concurrent/Heap, insert(Ljava/lang/Object;)V >"	19
"< Application, Lhedc/ethz/util/Generator, generateStream(Ljava/io/Reader;Ljava/io/OutputStream;Ljava/util/Hashtable;)J >"	30
"< Application, Lhedc/MetaSearchImpl, writeResults_(Ljava/util/List;Ljava/io/Writer;)J >"	5
"< Application, LEDU/oswego/cs/dl/util/concurrent/SynchronizedShort, equals(Ljava/lang/Object;)Z >"	8
"< Application, Lhedc/ethz/util/SmartRef, exists()Z >"	27
"< Application, Lhedc/ethz/util/Messages, format(Ljava/lang/String;Ljava/lang/Object;Ljava/lang/Object;Ljava/lang/Object;)Ljava/lang/String; >"	49
"< Application, Lhedc/ethz/util/CopyStream, copyStreamIntoBuffer(Ljava/io/InputStream;I)Ljava/lang/StringBuffer; >"	15
"< Application, LEDU/oswego/cs/dl/util/concurrent/VetoableChangeMulticaster, removeVetoableChangeListener(Ljava/beans/VetoableChangeListener;)V >"	14
"< Application, LEDU/oswego/cs/dl/util/concurrent/ReaderPreferenceReadWriteLock, allowReader()Z >"	3
"< Application, LEDU/oswego/cs/dl/util/concurrent/BoundedBuffer, offer(Ljava/lang/Object;J)Z >"	16
"< Application, LEDU/oswego/cs/dl/util/concurrent/FJTask$Seq, run()V >"	0
"< Application, Lhedc/ethz/util/DoubleBufferCopy, <init>(Ljava/io/OutputStream;Ljava/io/InputStream;I)V >"	12
"< Application, LEDU/oswego/cs/dl/util/concurrent/WaiterPreferenceSemaphore, release(J)V >"	3
"< Application, LEDU/oswego/cs/dl/util/concurrent/LinkedQueue, poll(J)Ljava/lang/Object; >"	14
"< Application, LEDU/oswego/cs/dl/util/concurrent/Heap, extract()Ljava/lang/Object; >"	11
"< Application, LEDU/oswego/cs/dl/util/concurrent/FJTaskRunner, scanWhileIdling()V >"	30
"< Application, Lhedc/regexp/Literal, advance(Lhedc/regexp/State;)Lhedc/regexp/Regexp; >"	31
"< Application, LEDU/oswego/cs/dl/util/concurrent/CopyOnWriteArrayList, readObject(Ljava/io/ObjectInputStream;)V >"	3
"< Application, Ljavax/servlet/http/HttpUtils, parseQueryString(Ljava/lang/String;)Ljava/util/Hashtable; >"	34
"< Application, LEDU/oswego/cs/dl/util/concurrent/SynchronizedLong, compareTo(J)I >"	7
"< Application, Lhedc/RandomDate, main([Ljava/lang/String;)V >"	2
"< Application, LEDU/oswego/cs/dl/util/concurrent/SynchronizedChar, swap(LEDU/oswego/cs/dl/util/concurrent/SynchronizedChar;)C >"	6
"< Application, Lhedc/regexp/Regexp, main([Ljava/lang/String;)V >"	37
"< Application, Lhedc/DateFormatter, format(Ljava/util/Date;Ljava/lang/StringBuffer;Ljava/text/FieldPosition;)Ljava/lang/StringBuffer; >"	147
"< Application, LEDU/oswego/cs/dl/util/concurrent/WriterPreferenceReadWriteLock$ReaderLock, acquire()V >"	20
"< Application, LEDU/oswego/cs/dl/util/concurrent/CopyOnWriteArrayList, hashCode()I >"	1
"< Application, LEDU/oswego/cs/dl/util/concurrent/SynchronizedShort, swap(LEDU/oswego/cs/dl/util/concurrent/SynchronizedShort;)S >"	6
"< Application, LEDU/oswego/cs/dl/util/concurrent/FIFOReadWriteLock$ReaderSync, attempt(J)Z >"	15
"< Application, Lhedc/Messages, wlevel()I >"	10
"< Application, Ljavax/servlet/ServletOutputStream, print(Z)V >"	6
"< Application, Lhedc/ethz/util/Generator, generateStream(Ljava/io/Reader;Ljava/io/OutputStream;Ljava/util/Hashtable;)J >"	0
"< Application, LEDU/oswego/cs/dl/util/concurrent/SynchronizedDouble, swap(LEDU/oswego/cs/dl/util/concurrent/SynchronizedDouble;)D >"	6
"< Application, Lhedc/regexp/ContextMatch, advance(Lhedc/regexp/State;)Lhedc/regexp/Regexp; >"	34
"< Application, Lhedc/ethz/util/Messages, format(Ljava/lang/String;Ljava/lang/Object;Ljava/lang/Object;)Ljava/lang/String; >"	36
"< Application, LEDU/oswego/cs/dl/util/concurrent/VetoableChangeMulticaster, addVetoableChangeListenerIfAbsent(Ljava/lang/String;Ljava/beans/VetoableChangeListener;)V >"	14
"< Application, Lhedc/ethz/util/SmartRef, getFilename()Ljava/lang/String; >"	6
"< Application, LEDU/oswego/cs/dl/util/concurrent/VetoableChangeMulticaster, multicast(Ljava/beans/PropertyChangeEvent;)V >"	10
"< Application, Lhedc/ethz/util/EtcUtil, copyFile(Ljava/io/File;Ljava/io/File;)Z >"	17
"< Application, Lhedc/ethz/util/Messages, format(Ljava/lang/String;Ljava/lang/Object;Ljava/lang/Object;Ljava/lang/Object;Ljava/lang/Object;)Ljava/lang/String; >"	53
"< Application, Lhedc/ethz/util/Generator, generate(Ljava/io/Writer;Ljava/util/Hashtable;[C)J >"	22
"< Application, LEDU/oswego/cs/dl/util/concurrent/BoundedLinkedQueue, isEmpty()Z >"	6
"< Application, Lhedc/ethz/util/Generator, generate(Ljava/io/Writer;Ljava/util/Hashtable;[C)J >"	3
"< Application, Lhedc/regexp/CharClass, toStringThis()Ljava/lang/String; >"	27
"< Application, LEDU/oswego/cs/dl/util/concurrent/WriterPreferenceReadWriteLock$ReaderLock, attempt(J)Z >"	38
"< Application, Lhedc/ethz/util/Generator, generateThroughBuffer(Ljava/lang/String;Ljava/io/Writer;Ljava/util/Hashtable;)J >"	24
"< Application, LEDU/oswego/cs/dl/util/concurrent/FJTaskRunner, put(LEDU/oswego/cs/dl/util/concurrent/FJTask;)V >"	25
"< Application, Ljavax/servlet/http/HttpServlet, doTrace(Ljavax/servlet/http/HttpServletRequest;Ljavax/servlet/http/HttpServletResponse;)V >"	21
"< Application, Lhedc/ethz/util/EtcUtil, isLocalHost(Ljava/lang/String;)Z >"	6
"< Application, LEDU/oswego/cs/dl/util/concurrent/Rendezvous$Rotator, rendezvousFunction([Ljava/lang/Object;)V >"	3
"< Application, LEDU/oswego/cs/dl/util/concurrent/CopyOnWriteArrayList, removeAll(Ljava/util/Collection;)Z >"	5
"< Application, Lhedc/ethz/util/Messages, wlevel()I >"	12
"< Application, Ljavax/servlet/http/HttpServlet, doOptions(Ljavax/servlet/http/HttpServletRequest;Ljavax/servlet/http/HttpServletResponse;)V >"	53
"< Application, LEDU/oswego/cs/dl/util/concurrent/SynchronousChannel, doTake(ZJ)Ljava/lang/Object; >"	12
"< Application, Lhedc/DateFormatter, parse(Ljava/lang/String;Ljava/text/ParsePosition;)Ljava/util/Date; >"	137
"< Application, Lhedc/regexp/ContextMatch, advance(Lhedc/regexp/State;)Lhedc/regexp/Regexp; >"	22
"< Application, LEDU/oswego/cs/dl/util/concurrent/CopyOnWriteArrayList$COWIterator, hasPrevious()Z >"	3
"< Application, Lhedc/regexp/Multi, advance(Lhedc/regexp/State;)Lhedc/regexp/Regexp; >"	3
"< Application, Lhedc/regexp/CharClass, process(Ljava/lang/String;)V >"	23
"< Application, LEDU/oswego/cs/dl/util/concurrent/CopyOnWriteArrayList, addAll(ILjava/util/Collection;)Z >"	27
"< Application, Lhedc/DateFormatter, parse(Ljava/lang/String;Ljava/text/ParsePosition;)Ljava/util/Date; >"	85
"< Application, Ljavax/servlet/http/HttpServlet, doOptions(Ljavax/servlet/http/HttpServletRequest;Ljavax/servlet/http/HttpServletResponse;)V >"	35
"< Application, Lhedc/ethz/util/HttpLogger, log(Ljavax/servlet/http/HttpServletRequest;Ljavax/servlet/http/HttpServletResponse;JIJ)V >"	157
"< Application, Lhedc/ethz/util/HttpLogger, log(Ljavax/servlet/http/HttpServletRequest;Ljavax/servlet/http/HttpServletResponse;JIJ)V >"	66
"< Application, LEDU/oswego/cs/dl/util/concurrent/FJTaskRunner, checkOverflow()V >"	23
"< Application, Ljavax/servlet/http/HttpServlet, doOptions(Ljavax/servlet/http/HttpServletRequest;Ljavax/servlet/http/HttpServletResponse;)V >"	80
"< Application, LEDU/oswego/cs/dl/util/concurrent/ClockDaemon$TaskNode, compareTo(Ljava/lang/Object;)I >"	10
"< Application, LEDU/oswego/cs/dl/util/concurrent/Rendezvous, doRendezvous(Ljava/lang/Object;ZJ)Ljava/lang/Object; >"	10
"< Application, Lhedc/regexp/Alternatives, firstCharacter()I >"	12
"< Application, Lhedc/ethz/util/EtcUtil, copyFile(Ljava/io/File;Ljava/io/File;)Z >"	19
"< Application, Lhedc/ethz/util/Messages, format(Ljava/lang/String;Ljava/lang/Object;Ljava/lang/Object;Ljava/lang/Object;Ljava/lang/Object;)Ljava/lang/String; >"	0
"< Application, LEDU/oswego/cs/dl/util/concurrent/CopyOnWriteArrayList, lastIndexOf(Ljava/lang/Object;I)I >"	2
"< Application, Lhedc/regexp/CompilerState, toString()Ljava/lang/String; >"	6
"< Application, LEDU/oswego/cs/dl/util/concurrent/TimeDaemon, executePeriodically(JLjava/lang/Runnable;Z)Ljava/lang/Object; >"	8
"< Application, Lhedc/regexp/CharClass, cloneCharClass(Lhedc/regexp/Regexp;I)Lhedc/regexp/CharClass; >"	10
"< Application, Lhedc/FormFiller$Filter, accept(Ljava/io/File;Ljava/lang/String;)Z >"	2
"< Application, Lhedc/ethz/util/EtcUtil, copyFile(Ljava/io/File;Ljava/io/File;)Z >"	22
"< Application, Lhedc/Messages, format(Ljava/lang/String;[Ljava/lang/Object;)Ljava/lang/String; >"	48
"< Application, LEDU/oswego/cs/dl/util/concurrent/LayeredSync, attempt(J)Z >"	4
"< Application, LEDU/oswego/cs/dl/util/concurrent/PropertyChangeMulticaster, addPropertyChangeListenerIfAbsent(Ljava/beans/PropertyChangeListener;)V >"	8
"< Application, Lhedc/DateFormatter, parse(Ljava/lang/String;Ljava/text/ParsePosition;)Ljava/util/Date; >"	23
"< Application, LEDU/oswego/cs/dl/util/concurrent/SynchronousChannel, doTake(ZJ)Ljava/lang/Object; >"	9
"< Application, LEDU/oswego/cs/dl/util/concurrent/Rendezvous, doRendezvous(Ljava/lang/Object;ZJ)Ljava/lang/Object; >"	80
"< Application, LEDU/oswego/cs/dl/util/concurrent/CopyOnWriteArraySet, addAll(Ljava/util/Collection;)Z >"	4
"< Application, Lhedc/regexp/Regexp, main([Ljava/lang/String;)V >"	13
"< Application, LEDU/oswego/cs/dl/util/concurrent/WriterPreferenceReadWriteLock, allowReader()Z >"	6
"< Application, LEDU/oswego/cs/dl/util/concurrent/WaitFreeQueue$Node, commit(LEDU/oswego/cs/dl/util/concurrent/WaitFreeQueue$Node;JLEDU/oswego/cs/dl/util/concurrent/WaitFreeQueue$Node;J)Z >"	6
"< Application, Lhedc/ethz/util/SmartRef, exists()Z >"	58
"< Application, Lhedc/ethz/util/Generator, generateThroughBuffer(Ljava/io/Reader;Ljava/io/Writer;Ljava/util/Hashtable;)J >"	22
"< Application, LEDU/oswego/cs/dl/util/concurrent/FJTaskRunner, checkOverflow()V >"	20
"< Application, Lhedc/regexp/CompilerState, atEop()Z >"	4
"< Application, Lhedc/Rag, createResults_()V >"	14
"< Application, Lhedc/regexp/ContextMatch, toStringThis()Ljava/lang/String; >"	19
"< Application, LEDU/oswego/cs/dl/util/concurrent/FJTaskRunnerGroup, initializeThreads()V >"	0
"< Application, LEDU/oswego/cs/dl/util/concurrent/LinkedQueue, isEmpty()Z >"	6
"< Application, Lhedc/regexp/GroupReference, advance(Lhedc/regexp/State;)Lhedc/regexp/Regexp; >"	10
"< Application, Lhedc/ethz/util/DoubleBufferCopy$CopyThread, run()V >"	0
"< Application, Lhedc/ethz/util/Messages, format(Ljava/lang/String;Ljava/lang/Object;)Ljava/lang/String; >"	14
"< Application, Lhedc/ethz/util/BaseProperties, getInetAddress(Ljava/lang/String;Ljava/net/InetAddress;)Ljava/net/InetAddress; >"	5
"< Application, Ljavax/servlet/http/HttpUtils, parseQueryString(Ljava/lang/String;)Ljava/util/Hashtable; >"	42
"< Application, Lhedc/Messages, dlevel()I >"	7
"< Application, LEDU/oswego/cs/dl/util/concurrent/SynchronizedShort, compareTo(S)I >"	5
"< Application, Lhedc/MetaSearchResult$MetaSearchResultIterator, <init>(Lhedc/MetaSearchResult;)V >"	15
"< Application, LEDU/oswego/cs/dl/util/concurrent/Rendezvous, doRendezvous(Ljava/lang/Object;ZJ)Ljava/lang/Object; >"	54
"< Application, LEDU/oswego/cs/dl/util/concurrent/SynchronizedInt, equals(Ljava/lang/Object;)Z >"	8
"< Application, LEDU/oswego/cs/dl/util/concurrent/WaiterPreferenceSemaphore, attempt(J)Z >"	23
"< Application, LEDU/oswego/cs/dl/util/concurrent/FJTaskRunnerGroup, setScanPriorities(I)V >"	0
"< Application, LEDU/oswego/cs/dl/util/concurrent/FJTaskRunnerGroup, stats()V >"	25
"< Application, Lhedc/regexp/CharClass, charInClass(I)Z >"	8
"< Application, LEDU/oswego/cs/dl/util/concurrent/QueuedSemaphore, recheck(LEDU/oswego/cs/dl/util/concurrent/QueuedSemaphore$WaitQueue$WaitNode;)Z >"	4
"< Application, LEDU/oswego/cs/dl/util/concurrent/CopyOnWriteArrayList, isEmpty()Z >"	3
"< Application, Lhedc/FormFiller, determineForm_()Ljava/lang/String; >"	45
"< Application, LEDU/oswego/cs/dl/util/concurrent/SynchronousChannel, doTake(ZJ)Ljava/lang/Object; >"	26
"< Application, LEDU/oswego/cs/dl/util/concurrent/QueuedSemaphore, release(J)V >"	5
"< Application, LEDU/oswego/cs/dl/util/concurrent/CopyOnWriteArrayList, remove(Ljava/lang/Object;)Z >"	17
"< Application, Lhedc/Rag, runImpl()V >"	17
"< Application, Lhedc/RandomDate, nextString()Ljava/lang/String; >"	5
"< Application, Lhedc/ethz/util/SmartRef, getInputStream()Ljava/io/InputStream; >"	16
"< Application, Lhedc/ethz/util/ObservableProperties, putValue(Ljava/lang/String;Ljava/lang/String;)Z >"	47
"< Application, Lhedc/ethz/util/Estimator, main([Ljava/lang/String;)V >"	28
"< Application, Lhedc/ethz/util/SmartRef, getInputStream()Ljava/io/InputStream; >"	10
"< Application, LEDU/oswego/cs/dl/util/concurrent/SynchronizedLong, commit(JJ)Z >"	6
"< Application, Lhedc/Messages, wlevel()I >"	7
"< Application, Lhedc/ethz/util/Estimator, estimate(D)D >"	10
"< Application, Ljavax/servlet/ServletInputStream, readLine([BII)I >"	16
"< Application, Lhedc/ethz/util/ObservableProperties, unregisterObserver(Lhedc/ethz/util/PropertyMonitoring;)Z >"	0
"< Application, Lhedc/ethz/util/RmiLogger, log(Ljava/lang/String;Ljava/util/Hashtable;Ljava/lang/String;Ljava/lang/String;Ljava/lang/String;Ljava/lang/Object;J)V >"	32
"< Application, Lhedc/ethz/util/EtcUtil, getFileFromURI(Ljava/lang/String;)Ljava/lang/String; >"	4
"< Application, Lhedc/Messages, formatArray([I)Ljava/lang/String; >"	23
"< Application, Lhedc/ethz/util/SmartRef, equals(Ljava/lang/Object;)Z >"	7
"< Application, Lhedc/ethz/util/HttpLogger, log(Ljavax/servlet/http/HttpServletRequest;Ljavax/servlet/http/HttpServletResponse;JIJ)V >"	52
"< Application, Lhedc/regexp/Alternatives, firstCharacter()I >"	2
"< Application, LEDU/oswego/cs/dl/util/concurrent/FJTaskRunnerGroup, stats()V >"	7
"< Application, Lhedc/ethz/util/Messages, format(Ljava/lang/String;Ljava/lang/Object;Ljava/lang/Object;Ljava/lang/Object;)Ljava/lang/String; >"	26
"< Application, Lhedc/ethz/util/RmiLogger, log(Ljava/lang/String;Ljava/util/Hashtable;Ljava/lang/String;Ljava/lang/String;Ljava/lang/String;Ljava/lang/Object;J)V >"	67
"< Application, LEDU/oswego/cs/dl/util/concurrent/PooledExecutor, createThreads(I)I >"	0
"< Application, Lhedc/ethz/util/Generator, openTemplateFile_(Ljava/lang/String;)[C >"	18
"< Application, LEDU/oswego/cs/dl/util/concurrent/FJTaskRunner, scan(LEDU/oswego/cs/dl/util/concurrent/FJTask;)V >"	5
"< Application, LEDU/oswego/cs/dl/util/concurrent/BoundedLinkedQueue, poll(J)Ljava/lang/Object; >"	15
"< Application, Lhedc/Messages, formatArray([I)Ljava/lang/String; >"	6
"< Application, LEDU/oswego/cs/dl/util/concurrent/PropertyChangeMulticaster, addPropertyChangeListener(Ljava/lang/String;Ljava/beans/PropertyChangeListener;)V >"	21
"< Application, LEDU/oswego/cs/dl/util/concurrent/CopyOnWriteArrayList, addAllAbsent(Ljava/util/Collection;)I >"	17
"< Application, LEDU/oswego/cs/dl/util/concurrent/WriterPreferenceReadWriteLock$WriterLock, attempt(J)Z >"	18
"< Application, Lhedc/FormFiller, determineForm_()Ljava/lang/String; >"	7
"< Application, Ljavax/servlet/http/HttpServlet, doOptions(Ljavax/servlet/http/HttpServletRequest;Ljavax/servlet/http/HttpServletResponse;)V >"	44
"< Application, LEDU/oswego/cs/dl/util/concurrent/CopyOnWriteArrayList, hashCode()I >"	9
"< Application, LEDU/oswego/cs/dl/util/concurrent/VetoableChangeMulticaster, addVetoableChangeListener(Ljava/lang/String;Ljava/beans/VetoableChangeListener;)V >"	14
"< Application, Lhedc/ethz/util/BaseProperties, getURL(Ljava/lang/String;Ljava/net/URL;)Ljava/net/URL; >"	17
"< Application, Lhedc/regexp/CharClass, process(Ljava/lang/String;)V >"	17
"< Application, LEDU/oswego/cs/dl/util/concurrent/CopyOnWriteArrayList$COWSubList$COWSubListIterator, hasPrevious()Z >"	3
"< Application, LEDU/oswego/cs/dl/util/concurrent/QueuedSemaphore, precheck()Z >"	4
"< Application, Lhedc/ethz/util/SmartRef, getReader()Ljava/io/Reader; >"	12
"< Application, Ljavax/servlet/jsp/tagext/TagSupport, findAncestorWithClass(Ljavax/servlet/jsp/tagext/Tag;Ljava/lang/Class;)Ljavax/servlet/jsp/tagext/Tag; >"	8
"< Application, Lhedc/ethz/util/Estimator, <init>(Ljava/lang/String;DD)V >"	16
"< Application, LEDU/oswego/cs/dl/util/concurrent/PrioritySemaphore$PriorityWaitQueue, <init>()V >"	4
"< Application, Lhedc/ethz/util/EtcUtil, getHostNameFromURI(Ljava/lang/String;)Ljava/lang/String; >"	7
"< Application, LEDU/oswego/cs/dl/util/concurrent/FJTaskRunner, scan(LEDU/oswego/cs/dl/util/concurrent/FJTask;)V >"	36
"< Application, Lhedc/DateFormatter, applyLocalizedPattern(Ljava/lang/String;Ljava/lang/String;Ljava/lang/String;)Ljava/lang/String; >"	9
"< Application, Lhedc/DateFormatter, equals(Ljava/lang/Object;Ljava/lang/Object;)Z >"	20
"< Application, LEDU/oswego/cs/dl/util/concurrent/SynchronizedRef, commit(Ljava/lang/Object;Ljava/lang/Object;)Z >"	5
"< Application, LEDU/oswego/cs/dl/util/concurrent/ClockDaemon, executePeriodically(JLjava/lang/Runnable;Z)Ljava/lang/Object; >"	8
"< Application, LEDU/oswego/cs/dl/util/concurrent/TimeDaemon$TaskNode, compareTo(Ljava/lang/Object;)I >"	10
"< Application, Lhedc/regexp/Regexp, match(Lhedc/regexp/State;)Z >"	1
"< Application, Lhedc/RandomDate, <init>(Ljava/lang/String;Ljava/lang/String;)V >"	20
"< Application, Ljavax/servlet/ServletOutputStream, print(Ljava/lang/String;)V >"	1
"< Application, Lhedc/SohoSynoptic, determineAttributes_(Ljava/util/Hashtable;Ljava/lang/String;)V >"	22
"< Application, LEDU/oswego/cs/dl/util/concurrent/LinkedQueue, extract()Ljava/lang/Object; >"	8
"< Application, Ljavax/servlet/jsp/tagext/TagSupport, findAncestorWithClass(Ljavax/servlet/jsp/tagext/Tag;Ljava/lang/Class;)Ljavax/servlet/jsp/tagext/Tag; >"	14
"< Application, Lhedc/RandomDate, <init>(Ljava/util/Date;Ljava/util/Date;)V >"	7
"< Application, LEDU/oswego/cs/dl/util/concurrent/VetoableChangeMulticaster, getChild(Ljava/lang/String;)LEDU/oswego/cs/dl/util/concurrent/VetoableChangeMulticaster; >"	6
"< Application, Lhedc/ethz/util/Messages, format(Ljava/lang/String;Ljava/lang/Object;)Ljava/lang/String; >"	23
"< Application, LEDU/oswego/cs/dl/util/concurrent/BoundedBuffer, poll(J)Ljava/lang/Object; >"	10
"< Application, LEDU/oswego/cs/dl/util/concurrent/ReentrantLock, attempt(J)Z >"	25
"< Application, LEDU/oswego/cs/dl/util/concurrent/SynchronizedBoolean, hashCode()I >"	3
"< Application, LEDU/oswego/cs/dl/util/concurrent/SynchronizedBoolean, equals(Ljava/lang/Object;)Z >"	8
"< Application, Lhedc/Messages, format(Ljava/lang/String;[Ljava/lang/Object;)Ljava/lang/String; >"	2
"< Application, Lhedc/DateFormatter, parse(Ljava/lang/String;Ljava/text/ParsePosition;)Ljava/util/Date; >"	82
"< Application, Lhedc/ethz/util/EtcUtil, getHostNameFromURI(Ljava/lang/String;)Ljava/lang/String; >"	10
"< Application, LEDU/oswego/cs/dl/util/concurrent/CopyOnWriteArrayList, addAll(Ljava/util/Collection;)Z >"	10
"< Application, Lhedc/MetaSearchRequest, printResults()Ljava/lang/String; >"	18
"< Application, LEDU/oswego/cs/dl/util/concurrent/FJTaskRunnerGroup, stats()V >"	78
"< Application, Lhedc/ethz/util/EtcUtil, getFileFromURI(Ljava/lang/String;)Ljava/lang/String; >"	10
"< Application, LEDU/oswego/cs/dl/util/concurrent/CopyOnWriteArrayList, lastIndexOf(Ljava/lang/Object;[Ljava/lang/Object;I)I >"	11
"< Application, Lhedc/regexp/CharClass, process(Ljava/lang/String;)V >"	37
"< Application, LEDU/oswego/cs/dl/util/concurrent/VetoableChangeMulticaster, multicast(Ljava/beans/PropertyChangeEvent;)V >"	38
"< Application, Lhedc/regexp/Group, firstCharacter()I >"	5
"< Application, Lhedc/ethz/util/RmiLogger, log(Ljava/lang/String;Ljava/util/Hashtable;Ljava/lang/String;Ljava/lang/String;Ljava/lang/String;Ljava/lang/Object;J)V >"	122
"< Application, Ljavax/servlet/ServletInputStream, readLine([BII)I >"	13
"< Application, LEDU/oswego/cs/dl/util/concurrent/PropertyChangeMulticaster, removePropertyChangeListener(Ljava/beans/PropertyChangeListener;)V >"	7
"< Application, Lhedc/ethz/util/EtcUtil, copyFile(Ljava/io/File;Ljava/io/File;)Z >"	16
"< Application, Lhedc/DateFormatter, format(Ljava/util/Date;Ljava/lang/StringBuffer;Ljava/text/FieldPosition;)Ljava/lang/StringBuffer; >"	130
"< Application, LEDU/oswego/cs/dl/util/concurrent/CopyOnWriteArrayList, removeAll(Ljava/util/Collection;)Z >"	12
"< Application, LEDU/oswego/cs/dl/util/concurrent/PropertyChangeMulticaster, getChild(Ljava/lang/String;)LEDU/oswego/cs/dl/util/concurrent/PropertyChangeMulticaster; >"	6
"< Application, LEDU/oswego/cs/dl/util/concurrent/SynchronizedDouble, commit(DD)Z >"	6
"< Application, Lhedc/ethz/util/Estimator, estimate(D)D >"	34
"< Application, LEDU/oswego/cs/dl/util/concurrent/BoundedLinkedQueue, poll(J)Ljava/lang/Object; >"	14
"< Application, Lhedc/ethz/util/ObservableProperties, putValue(Ljava/lang/String;Ljava/lang/String;)Z >"	20
"< Application, Lhedc/ethz/util/Messages, format(Ljava/lang/String;Ljava/lang/Object;Ljava/lang/Object;Ljava/lang/Object;)Ljava/lang/String; >"	40
"< Application, LEDU/oswego/cs/dl/util/concurrent/PropertyChangeMulticaster, addPropertyChangeListener(Ljava/lang/String;Ljava/beans/PropertyChangeListener;)V >"	14
"< Application, Lhedc/DateFormatter, format(Ljava/util/Date;Ljava/lang/StringBuffer;Ljava/text/FieldPosition;)Ljava/lang/StringBuffer; >"	31
"< Application, LEDU/oswego/cs/dl/util/concurrent/PropertyChangeMulticaster, writeObject(Ljava/io/ObjectOutputStream;)V >"	1
"< Application, LEDU/oswego/cs/dl/util/concurrent/SynchronizedChar, commit(CC)Z >"	5
"< Application, Lhedc/SohoSynoptic, runImpl()V >"	29
"< Application, LEDU/oswego/cs/dl/util/concurrent/Semaphore, release(J)V >"	8
"< Application, Lhedc/ethz/util/Ftp, readServerResponse_(Ljava/io/InputStream;)Ljava/util/Vector; >"	7
"< Application, Lhedc/MetaSearchImpl, writeResults_(Ljava/util/List;Ljava/io/Writer;)J >"	28
"< Application, LEDU/oswego/cs/dl/util/concurrent/FJTaskRunner, scan(LEDU/oswego/cs/dl/util/concurrent/FJTask;)V >"	12
"< Application, Lhedc/ethz/util/Estimator, main([Ljava/lang/String;)V >"	15
"< Application, LEDU/oswego/cs/dl/util/concurrent/SynchronousChannel, doTake(ZJ)Ljava/lang/Object; >"	14
"< Application, Lhedc/ethz/util/Generator, generateThroughBuffer(Ljava/lang/String;Ljava/io/Writer;Ljava/util/Hashtable;)J >"	14
"< Application, Lhedc/Messages, formatArray([Ljava/lang/Object;)Ljava/lang/String; >"	6
"< Application, LEDU/oswego/cs/dl/util/concurrent/SynchronizedDouble, equals(Ljava/lang/Object;)Z >"	9
"< Application, Lhedc/ethz/util/Ftp, nlst(Ljava/lang/String;)Ljava/util/Enumeration; >"	70
"< Application, Lhedc/ethz/util/Generator, getBuffer_()[C >"	14
"< Application, Lhedc/ethz/util/URLConnectionReader, checkUrl(Ljava/lang/String;)I >"	11
"< Application, Lhedc/MetaSearchImpl, search(Ljava/util/Hashtable;Lhedc/MetaSearchRequest;)Ljava/util/List; >"	46
"< Application, Lhedc/MetaSearchImpl, search(Ljava/util/Hashtable;Lhedc/MetaSearchRequest;)Ljava/util/List; >"	9
"< Application, LEDU/oswego/cs/dl/util/concurrent/CountDown, attempt(J)Z >"	15
"< Application, Lhedc/ethz/util/Generator, generateThroughBuffer(Ljava/io/Reader;Ljava/io/Writer;Ljava/util/Hashtable;)J >"	13
"< Application, Lhedc/ethz/util/SmartRef, isLocal()Z >"	6
"< Application, Lhedc/SohoSynoptic, determineAttributes_(Ljava/util/Hashtable;Ljava/lang/String;)V >"	68
"< Application, Lhedc/ethz/util/EstimatorFactory, newEstimator(Ljava/lang/String;DD)Lhedc/ethz/util/Estimator; >"	32
"< Application, LEDU/oswego/cs/dl/util/concurrent/BoundedLinkedQueue, offer(Ljava/lang/Object;J)Z >"	22
"< Application, Lhedc/DateFormatter, format(Ljava/util/Date;Ljava/lang/StringBuffer;Ljava/text/FieldPosition;)Ljava/lang/StringBuffer; >"	160
"< Application, LEDU/oswego/cs/dl/util/concurrent/CopyOnWriteArrayList, lastIndexOf(Ljava/lang/Object;[Ljava/lang/Object;I)I >"	2
"< Application, LEDU/oswego/cs/dl/util/concurrent/SynchronizedFloat, commit(FF)Z >"	6
"< Application, Lhedc/PooledExecutorWithInvalidate, createThreads(I)I >"	0
"< Application, LEDU/oswego/cs/dl/util/concurrent/CondVar, timedwait(J)Z >"	18
"< Application, Ljavax/servlet/http/HttpUtils, parseName(Ljava/lang/String;Ljava/lang/StringBuffer;)Ljava/lang/String; >"	29
"< Application, LEDU/oswego/cs/dl/util/concurrent/CyclicBarrier, doBarrier(ZJ)I >"	43
"< Application, LEDU/oswego/cs/dl/util/concurrent/VetoableChangeMulticaster, addVetoableChangeListenerIfAbsent(Ljava/beans/VetoableChangeListener;)V >"	8
"< Application, Ljavax/servlet/http/HttpServlet, doOptions(Ljavax/servlet/http/HttpServletRequest;Ljavax/servlet/http/HttpServletResponse;)V >"	15
"< Application, LEDU/oswego/cs/dl/util/concurrent/PropertyChangeMulticaster, multicast(Ljava/beans/PropertyChangeEvent;)V >"	16
"< Application, LEDU/oswego/cs/dl/util/concurrent/CopyOnWriteArrayList, toString()Ljava/lang/String; >"	6
"< Application, LEDU/oswego/cs/dl/util/concurrent/VetoableChangeMulticaster, multicast(Ljava/beans/PropertyChangeEvent;)V >"	16
"< Application, LEDU/oswego/cs/dl/util/concurrent/SynchronizedInt, swap(LEDU/oswego/cs/dl/util/concurrent/SynchronizedInt;)I >"	6
"< Application, Lhedc/DateFormatter, parse(Ljava/lang/String;Ljava/text/ParsePosition;)Ljava/util/Date; >"	117
"< Application, Lhedc/Tester, main([Ljava/lang/String;)V >"	12
"< Application, LEDU/oswego/cs/dl/util/concurrent/FJTaskRunner, coInvoke([LEDU/oswego/cs/dl/util/concurrent/FJTask;)V >"	14
"< Application, LEDU/oswego/cs/dl/util/concurrent/SynchronizedRef, swap(LEDU/oswego/cs/dl/util/concurrent/SynchronizedRef;)Ljava/lang/Object; >"	6
"< Application, Lhedc/ethz/util/CopyStream, copyStreamIntoBuffer(Ljava/io/InputStream;I)Ljava/lang/StringBuffer; >"	3
"< Application, Lhedc/DateFormatter, parse(Ljava/lang/String;Ljava/text/ParsePosition;)Ljava/util/Date; >"	52
"< Application, LEDU/oswego/cs/dl/util/concurrent/FutureResult, timedGet(J)Ljava/lang/Object; >"	4
"< Application, Lhedc/Tester, main([Ljava/lang/String;)V >"	36
"< Application, Lhedc/ethz/util/EtcUtil, getPortFromURI(Ljava/lang/String;)I >"	12
"< Application, LEDU/oswego/cs/dl/util/concurrent/CopyOnWriteArrayList, retainAll(Ljava/util/Collection;)Z >"	12
"< Application, LEDU/oswego/cs/dl/util/concurrent/WriterPreferenceReadWriteLock$WriterLock, acquire()V >"	21
"< Application, Lhedc/ethz/util/Messages, format(Ljava/lang/String;Ljava/lang/Object;Ljava/lang/Object;)Ljava/lang/String; >"	13
"< Application, Lhedc/DateFormatter, parse(Ljava/lang/String;Ljava/text/ParsePosition;)Ljava/util/Date; >"	163
"< Application, LEDU/oswego/cs/dl/util/concurrent/FJTaskRunnerGroup, setRunPriorities(I)V >"	0
"< Application, Lhedc/ethz/util/EtcUtil, changeFileTag(Ljava/lang/String;Ljava/lang/String;)Ljava/lang/String; >"	10
"< Application, LEDU/oswego/cs/dl/util/concurrent/SynchronizedBoolean, commit(ZZ)Z >"	5
"< Application, LEDU/oswego/cs/dl/util/concurrent/BoundedLinkedQueue, extract()Ljava/lang/Object; >"	12
"< Application, Lhedc/regexp/Literal, <clinit>()V >"	9
"< Application, LEDU/oswego/cs/dl/util/concurrent/Mutex, attempt(J)Z >"	16
"< Application, LEDU/oswego/cs/dl/util/concurrent/CopyOnWriteArrayList, addIfAbsent(Ljava/lang/Object;)Z >"	4
"< Application, LEDU/oswego/cs/dl/util/concurrent/VetoableChangeMulticaster, writeObject(Ljava/io/ObjectOutputStream;)V >"	1
"< Application, Lhedc/DateFormatter, parse(Ljava/lang/String;Ljava/text/ParsePosition;)Ljava/util/Date; >"	109
"< Application, Lhedc/ethz/util/BufferedCopy, copy()J >"	4
"< Application, Lhedc/regexp/Regexp, toStringThis()Ljava/lang/String; >"	3
"< Application, Lhedc/ethz/util/EtcUtil, getHostNameFromURI(Ljava/lang/String;)Ljava/lang/String; >"	15
"< Application, LEDU/oswego/cs/dl/util/concurrent/PropertyChangeMulticaster, multicast(Ljava/beans/PropertyChangeEvent;)V >"	10
"< Application, Lhedc/ethz/util/Messages, format(Ljava/lang/String;Ljava/lang/Object;Ljava/lang/Object;Ljava/lang/Object;)Ljava/lang/String; >"	13
"< Application, Lhedc/regexp/Alternatives, toStringThis()Ljava/lang/String; >"	4
"< Application, Ljavax/servlet/jsp/tagext/TagLibraryInfo, getTag(Ljava/lang/String;)Ljavax/servlet/jsp/tagext/TagInfo; >"	15
"< Application, Lhedc/ethz/util/DoubleBufferCopy, <init>(Ljava/io/OutputStream;Ljava/io/InputStream;I)V >"	6
"< Application, Ljavax/servlet/http/HttpServlet, doOptions(Ljavax/servlet/http/HttpServletRequest;Ljavax/servlet/http/HttpServletResponse;)V >"	21
"< Application, Lhedc/ethz/util/DoubleBufferCopy$Buffer, accessBuffer(I)Z >"	27
"< Application, Lhedc/ethz/util/BaseProperties, getURL(Ljava/lang/String;Ljava/net/URL;)Ljava/net/URL; >"	15
"< Application, LEDU/oswego/cs/dl/util/concurrent/CopyOnWriteArrayList, retainAll(Ljava/util/Collection;)Z >"	5
"< Application, LEDU/oswego/cs/dl/util/concurrent/CopyOnWriteArrayList, indexOf(Ljava/lang/Object;[Ljava/lang/Object;I)I >"	9
"< Application, Lhedc/ethz/util/CopyStream, copyStreamIntoBuffer(Ljava/io/InputStream;I)Ljava/lang/StringBuffer; >"	13
"< Application, Lhedc/ethz/util/Generator, generateThroughBuffer(Ljava/lang/String;Ljava/io/Writer;Ljava/util/Hashtable;)J >"	37
"< Application, Lhedc/SohoSynoptic, determineAttributes_(Ljava/util/Hashtable;Ljava/lang/String;)V >"	55
"< Application, LEDU/oswego/cs/dl/util/concurrent/BoundedBuffer, offer(Ljava/lang/Object;J)Z >"	15
"< Application, Lhedc/DateFormatter, format(Ljava/util/Date;Ljava/lang/StringBuffer;Ljava/text/FieldPosition;)Ljava/lang/StringBuffer; >"	22
"< Application, LEDU/oswego/cs/dl/util/concurrent/CopyOnWriteArrayList, addAllAbsent(Ljava/util/Collection;)I >"	7
"< Application, Lhedc/DateFormatter, parse(Ljava/lang/String;)Ljava/util/Date; >"	7
"< Application, Lhedc/ethz/util/BaseProperties, getStringArray(Ljava/lang/String;[Ljava/lang/String;)[Ljava/lang/String; >"	13
"< Application, Lhedc/ethz/util/SmartRef, retrieve_(Ljava/lang/String;)Ljava/lang/String; >"	59
"< Application, LEDU/oswego/cs/dl/util/concurrent/PropertyChangeMulticaster, removePropertyChangeListener(Ljava/beans/PropertyChangeListener;)V >"	14
"< Application, LEDU/oswego/cs/dl/util/concurrent/FJTaskRunner, scanWhileIdling()V >"	5
"< Application, LEDU/oswego/cs/dl/util/concurrent/CondVar, timedwait(J)Z >"	28
"< Application, LEDU/oswego/cs/dl/util/concurrent/VetoableChangeMulticaster, removeVetoableChangeListener(Ljava/beans/VetoableChangeListener;)V >"	7
"< Application, LEDU/oswego/cs/dl/util/concurrent/CopyOnWriteArrayList$COWSubList$COWSubListIterator, hasNext()Z >"	5
"< Application, Lhedc/DateFormatter, applyLocalizedPattern(Ljava/lang/String;Ljava/lang/String;Ljava/lang/String;)Ljava/lang/String; >"	3
"< Application, Lhedc/ethz/util/SmartRef, extractPortNo_(Ljava/lang/String;)I >"	16
"< Application, Lhedc/ethz/util/Messages, format(Ljava/lang/String;Ljava/lang/Object;Ljava/lang/Object;Ljava/lang/Object;Ljava/lang/Object;)Ljava/lang/String; >"	39
"< Application, Lhedc/ethz/util/Generator, generateThroughBuffer(Ljava/io/Reader;Ljava/io/Writer;Ljava/util/Hashtable;)J >"	50
"< Application, LEDU/oswego/cs/dl/util/concurrent/Latch, attempt(J)Z >"	15
"< Application, Lhedc/ethz/util/Messages, dlevel()I >"	12
"< Application, LEDU/oswego/cs/dl/util/concurrent/FIFOReadWriteLock$ReaderSync, tryRead(J)Z >"	7
"< Application, LEDU/oswego/cs/dl/util/concurrent/FJTaskRunner, scan(LEDU/oswego/cs/dl/util/concurrent/FJTask;)V >"	39
"< Application, LEDU/oswego/cs/dl/util/concurrent/QueuedSemaphore$WaitQueue$WaitNode, doTimedWait(LEDU/oswego/cs/dl/util/concurrent/QueuedSemaphore;J)Z >"	10
"< Application, LEDU/oswego/cs/dl/util/concurrent/CondVar, timedwait(J)Z >"	17
"< Application, Lhedc/DateFormatter, parse(Ljava/lang/String;Ljava/text/ParsePosition;)Ljava/util/Date; >"	64
"< Application, Lhedc/Rag$RagIterator, next()Ljava/lang/Object; >"	17
"< Application, LEDU/oswego/cs/dl/util/concurrent/SynchronizedFloat, swap(LEDU/oswego/cs/dl/util/concurrent/SynchronizedFloat;)F >"	6
"< Application, LEDU/oswego/cs/dl/util/concurrent/SynchronizedByte, compareTo(B)I >"	5
"< Application, LEDU/oswego/cs/dl/util/concurrent/CopyOnWriteArrayList, <init>(Ljava/util/Collection;)V >"	5
"< Application, LEDU/oswego/cs/dl/util/concurrent/Rendezvous, doRendezvous(Ljava/lang/Object;ZJ)Ljava/lang/Object; >"	102
"< Application, Lhedc/regexp/Literal, advance(Lhedc/regexp/State;)Lhedc/regexp/Regexp; >"	21
"< Application, Ljavax/servlet/jsp/tagext/TagData, <init>([[Ljava/lang/Object;)V >"	14
"< Application, LEDU/oswego/cs/dl/util/concurrent/CopyOnWriteArrayList$COWIterator, hasNext()Z >"	5
"< Application, Lhedc/regexp/RegexpCompiler, compileAlternative(Lhedc/regexp/CompilerState;Lhedc/regexp/Regexp;)Lhedc/regexp/Regexp; >"	84
"< Application, LEDU/oswego/cs/dl/util/concurrent/SynchronizedLong, equals(Ljava/lang/Object;)Z >"	9
"< Application, LEDU/oswego/cs/dl/util/concurrent/SynchronizedDouble, compareTo(D)I >"	7
"< Application, Lhedc/ethz/util/HttpLogger, log(Ljavax/servlet/http/HttpServletRequest;Ljavax/servlet/http/HttpServletResponse;JIJ)V >"	31
"< Application, Lhedc/DateFormatter, applyLocalizedPattern(Ljava/lang/String;Ljava/lang/String;Ljava/lang/String;)Ljava/lang/String; >"	15
"< Application, Lhedc/ethz/util/EstimatorFactory, newEstimator(Ljava/lang/String;DD)Lhedc/ethz/util/Estimator; >"	28
"< Application, Lhedc/DateFormatter, parse(Ljava/lang/String;Ljava/text/ParsePosition;)Ljava/util/Date; >"	33
"< Application, Lhedc/TaskFactory, makeTasks(Ljava/util/Hashtable;Ljava/util/Date;Lhedc/MetaSearchRequest;)Ljava/util/List; >"	2
"< Application, Lhedc/ethz/util/Messages, dlevel()I >"	4
"< Application, Lhedc/ethz/util/RmiLogger, log(Ljava/lang/String;Ljava/util/Hashtable;Ljava/lang/String;Ljava/lang/String;Ljava/lang/String;Ljava/lang/Object;J)V >"	112
"< Application, LEDU/oswego/cs/dl/util/concurrent/FJTaskRunnerGroup, checkActive(LEDU/oswego/cs/dl/util/concurrent/FJTaskRunner;J)V >"	11
"< Application, LEDU/oswego/cs/dl/util/concurrent/CondVar, timedwait(J)Z >"	39
"< Application, Lhedc/ethz/util/SerializePerformanceTest, makeData_(I)V >"	2
"< Application, Lhedc/ethz/util/Generator, generateThroughBuffer(Ljava/io/Reader;Ljava/io/Writer;Ljava/util/Hashtable;)J >"	30
"< Application, Ljavax/servlet/http/HttpServlet, doOptions(Ljavax/servlet/http/HttpServletRequest;Ljavax/servlet/http/HttpServletResponse;)V >"	71
"< Application, LEDU/oswego/cs/dl/util/concurrent/SynchronizedBoolean, complement()Z >"	5
"< Application, Lhedc/RandomDate, <init>(Ljava/lang/String;Ljava/lang/String;)V >"	7
"< Application, LEDU/oswego/cs/dl/util/concurrent/FJTaskRunner, scan(LEDU/oswego/cs/dl/util/concurrent/FJTask;)V >"	50
"< Application, Lhedc/ethz/util/Generator, generate(Ljava/io/Writer;Ljava/util/Hashtable;[C)J >"	13
"< Application, LEDU/oswego/cs/dl/util/concurrent/WriterPreferenceReadWriteLock, startWrite()Z >"	6
"< Application, Lhedc/ethz/util/Logger, openLog(Ljava/lang/String;I)V >"	4
"< Application, LEDU/oswego/cs/dl/util/concurrent/FJTaskRunner, coInvoke([LEDU/oswego/cs/dl/util/concurrent/FJTask;)V >"	39
"< Application, Lhedc/ethz/util/Ftp, nlst(Ljava/lang/String;)Ljava/util/Enumeration; >"	44
"< Application, Lhedc/ethz/util/BufferedCopy, <init>(Ljava/io/OutputStream;Ljava/io/InputStream;I)V >"	7
"< Application, Lhedc/ethz/util/SmartRef, getLocalHostname_()Ljava/lang/String; >"	5
"< Application, Lhedc/ethz/util/Messages, format(Ljava/lang/String;Ljava/lang/Object;Ljava/lang/Object;Ljava/lang/Object;Ljava/lang/Object;)Ljava/lang/String; >"	26
"< Application, Lhedc/ethz/util/HttpLogger, log(Ljavax/servlet/http/HttpServletRequest;Ljavax/servlet/http/HttpServletResponse;JIJ)V >"	80
"< Application, Lhedc/ethz/util/Estimator, estimate(D)D >"	24
"< Application, LEDU/oswego/cs/dl/util/concurrent/SynchronizedFloat, compareTo(F)I >"	7
"< Application, LEDU/oswego/cs/dl/util/concurrent/PooledExecutor, drain()Ljava/util/List; >"	2
"< Application, Lhedc/DateFormatter, format(Ljava/util/Date;Ljava/lang/StringBuffer;Ljava/text/FieldPosition;)Ljava/lang/StringBuffer; >"	142
"< Application, Lhedc/regexp/CharArrayState, indexOf(II)I >"	2
"< Application, Lhedc/ethz/util/Messages, format(Ljava/lang/String;Ljava/lang/Object;Ljava/lang/Object;Ljava/lang/Object;Ljava/lang/Object;)Ljava/lang/String; >"	13
"< Application, LEDU/oswego/cs/dl/util/concurrent/SynchronizedInt, commit(II)Z >"	5
"< Application, Lhedc/ethz/util/Messages, format(Ljava/lang/String;Ljava/lang/Object;Ljava/lang/Object;)Ljava/lang/String; >"	0
"< Application, Ljavax/servlet/ServletInputStream, readLine([BII)I >"	10
"< Application, LEDU/oswego/cs/dl/util/concurrent/LinkedQueue, poll(J)Ljava/lang/Object; >"	18
"< Application, Ljavax/servlet/http/HttpUtils, parseName(Ljava/lang/String;Ljava/lang/StringBuffer;)Ljava/lang/String; >"	27
"< Application, LEDU/oswego/cs/dl/util/concurrent/SynchronizedBoolean, swap(LEDU/oswego/cs/dl/util/concurrent/SynchronizedBoolean;)Z >"	6
"< Application, LEDU/oswego/cs/dl/util/concurrent/SynchronizedInt, compareTo(I)I >"	5
"< Application, LEDU/oswego/cs/dl/util/concurrent/SynchronizedBoolean, compareTo(Z)I >"	5
"< Application, LEDU/oswego/cs/dl/util/concurrent/SynchronousChannel, doPut(Ljava/lang/Object;)V >"	5
"< Application, Lhedc/DateFormatter, applyLocalizedPattern(Ljava/lang/String;Ljava/lang/String;Ljava/lang/String;)Ljava/lang/String; >"	10
"< Application, Ljavax/servlet/http/HttpServlet, doOptions(Ljavax/servlet/http/HttpServletRequest;Ljavax/servlet/http/HttpServletResponse;)V >"	7
"< Application, Lhedc/ethz/util/Estimator, main([Ljava/lang/String;)V >"	17
"< Application, Lhedc/regexp/ContextMatch, advance(Lhedc/regexp/State;)Lhedc/regexp/Regexp; >"	37
"< Application, Lhedc/regexp/CharClass, process(Ljava/lang/String;)V >"	6
"< Application, Lhedc/ethz/util/ObservableProperties, registerObserver(Lhedc/ethz/util/PropertyMonitoring;)V >"	0
"< Application, LEDU/oswego/cs/dl/util/concurrent/CopyOnWriteArrayList, toArray([Ljava/lang/Object;)[Ljava/lang/Object; >"	10
"< Application, Lhedc/DateFormatter, hashCode()I >"	6
"< Application, LEDU/oswego/cs/dl/util/concurrent/Heap, extract()Ljava/lang/Object; >"	26
"< Application, Ljavax/servlet/http/HttpServlet, getAllDeclaredMethods(Ljava/lang/Class;)[Ljava/lang/reflect/Method; >"	16
"< Application, Lhedc/regexp/CharClass, merge(Lhedc/regexp/CharClass;Z)V >"	8
"< Application, Lhedc/DateFormatter, format(Ljava/util/Date;Ljava/lang/StringBuffer;Ljava/text/FieldPosition;)Ljava/lang/StringBuffer; >"	138
"< Application, Lhedc/ethz/util/Messages, format(Ljava/lang/String;Ljava/lang/Object;Ljava/lang/Object;Ljava/lang/Object;Ljava/lang/Object;)Ljava/lang/String; >"	62
"< Application, Lhedc/ethz/util/SmartRef, extractPortNo_(Ljava/lang/String;)I >"	22
"< Application, Lhedc/ethz/util/Generator, generateThroughBuffer(Ljava/io/Reader;Ljava/io/Writer;Ljava/util/Hashtable;)J >"	43
"< Application, Lhedc/regexp/Alternatives, advance(Lhedc/regexp/State;)Lhedc/regexp/Regexp; >"	3
"< Application, LEDU/oswego/cs/dl/util/concurrent/FJTaskRunner$VolatileTaskRef, newArray(I)[LEDU/oswego/cs/dl/util/concurrent/FJTaskRunner$VolatileTaskRef; >"	1
"< Application, LEDU/oswego/cs/dl/util/concurrent/CyclicBarrier, doBarrier(ZJ)I >"	42
"< Application, Lhedc/ethz/util/ObservableProperties, putValue(Ljava/lang/String;Ljava/lang/String;)Z >"	39
"< Application, Ljavax/servlet/http/HttpServlet, doOptions(Ljavax/servlet/http/HttpServletRequest;Ljavax/servlet/http/HttpServletResponse;)V >"	26
"< Application, LEDU/oswego/cs/dl/util/concurrent/BoundedBuffer, poll(J)Ljava/lang/Object; >"	11
"< Application, Lhedc/SohoSynoptic, determineAttributes_(Ljava/util/Hashtable;Ljava/lang/String;)V >"	10
"< Application, Lhedc/ethz/util/RmiLogger, log(Ljava/lang/String;Ljava/util/Hashtable;Ljava/lang/String;Ljava/lang/String;Ljava/lang/String;Ljava/lang/Object;J)V >"	23
"< Application, Lhedc/FormFiller, internalize(Ljava/lang/String;)[C >"	4
"< Application, LEDU/oswego/cs/dl/util/concurrent/VetoableChangeMulticaster, addVetoableChangeListener(Ljava/lang/String;Ljava/beans/VetoableChangeListener;)V >"	21
"< Application, Lhedc/ethz/util/Messages, dlevel()I >"	15
"< Application, Lhedc/ethz/util/Generator, generate(Ljava/io/Writer;Ljava/util/Hashtable;[C)J >"	35
"< Application, Ljavax/servlet/jsp/tagext/TagInfo, toString()Ljava/lang/String; >"	41
"< Application, Lhedc/ethz/util/Generator, generateThroughBuffer(Ljava/lang/String;Ljava/io/Writer;Ljava/util/Hashtable;)J >"	44
"< Application, Lhedc/ethz/util/Generator, generateStream(Ljava/io/Reader;Ljava/io/Writer;Ljava/util/Hashtable;)J >"	29
"< Application, Ljavax/servlet/http/Cookie, isToken(Ljava/lang/String;)Z >"	9
"< Application, Lhedc/regexp/CharClass, merge(Lhedc/regexp/CharClass;Z)V >"	0
"< Application, Lhedc/ethz/util/EtcUtil, makeURLish(Ljava/lang/String;)Ljava/lang/String; >"	3
"< Application, Lhedc/ethz/util/Generator, getBuffer_(Ljava/lang/String;)[C >"	13
"< Application, LEDU/oswego/cs/dl/util/concurrent/SynchronizedChar, equals(Ljava/lang/Object;)Z >"	8
"< Application, Lhedc/regexp/CharArrayState, lastIndexOf(II)I >"	1
"< Application, Lhedc/DateFormatter, format(Ljava/util/Date;Ljava/lang/StringBuffer;Ljava/text/FieldPosition;)Ljava/lang/StringBuffer; >"	89
"< Application, LEDU/oswego/cs/dl/util/concurrent/FJTaskRunnerGroup, interruptAll()V >"	10
"< Application, Lhedc/ethz/util/RmiLogger, log(Ljava/lang/String;Ljava/util/Hashtable;Ljava/lang/String;Ljava/lang/String;Ljava/lang/String;Ljava/lang/Object;J)V >"	95
"< Application, Lhedc/ethz/util/RmiLogger, log(Ljava/lang/String;Ljava/util/Hashtable;Ljava/lang/String;Ljava/lang/String;Ljava/lang/String;Ljava/lang/Object;J)V >"	15
"< Application, Lhedc/DateFormatter, equals(Ljava/lang/Object;)Z >"	19
"< Application, Lhedc/FormFiller, internalize(Ljava/lang/String;)[C >"	58
"< Application, LEDU/oswego/cs/dl/util/concurrent/FJTaskRunner, coInvoke([LEDU/oswego/cs/dl/util/concurrent/FJTask;)V >"	36
"< Application, Lhedc/ethz/util/EstimatorFactory, newEstimator(Ljava/lang/String;DD)Lhedc/ethz/util/Estimator; >"	35
"< Application, LEDU/oswego/cs/dl/util/concurrent/SynchronizedByte, swap(LEDU/oswego/cs/dl/util/concurrent/SynchronizedByte;)B >"	6
"< Application, Lhedc/DateFormatter, format(Ljava/util/Date;Ljava/lang/StringBuffer;Ljava/text/FieldPosition;)Ljava/lang/StringBuffer; >"	82
"< Application, LEDU/oswego/cs/dl/util/concurrent/FutureResult, timedGet(J)Ljava/lang/Object; >"	14
"< Application, Lhedc/ethz/util/RmiLogger, log(Ljava/lang/String;Ljava/util/Hashtable;Ljava/lang/String;Ljava/lang/String;Ljava/lang/String;Ljava/lang/Object;J)V >"	81
"< Application, Lhedc/ethz/util/Estimator, main([Ljava/lang/String;)V >"	2
