"< Application, LEDU/oswego/cs/dl/util/concurrent/PropertyChangeMulticaster, hasListeners(Ljava/lang/String;)Z >"	21	16
"< Application, LEDU/oswego/cs/dl/util/concurrent/VetoableChangeMulticaster, addVetoableChangeListener(Ljava/lang/String;Ljava/beans/VetoableChangeListener;)V >"	26	21
"< Application, LEDU/oswego/cs/dl/util/concurrent/PooledExecutor$Worker, run()V >"	24	24
"< Application, LEDU/oswego/cs/dl/util/concurrent/SynchronizedInt, xor(I)I >"	10	8
"< Application, Lhedc/ethz/util/Messages, error(Ljava/lang/String;Ljava/lang/Object;)V >"	4	8
"< Application, LEDU/oswego/cs/dl/util/concurrent/WaitableByte, multiply(B)B >"	9	9
"< Application, LEDU/oswego/cs/dl/util/concurrent/WaitableByte, whenGreaterEqual(BLjava/lang/Runnable;)V >"	13	11
"< Application, LEDU/oswego/cs/dl/util/concurrent/SynchronizedBoolean, get()Z >"	7	5
"< Application, LEDU/oswego/cs/dl/util/concurrent/SyncCollection, addAll(Ljava/util/Collection;)Z >"	16	16
"< Application, LEDU/oswego/cs/dl/util/concurrent/SemaphoreControlledChannel, poll(J)Ljava/lang/Object; >"	4	18
"< Application, LEDU/oswego/cs/dl/util/concurrent/PooledExecutor, workerDone(LEDU/oswego/cs/dl/util/concurrent/PooledExecutor$Worker;)V >"	11	11
"< Application, LEDU/oswego/cs/dl/util/concurrent/LinkedQueue, peek()Ljava/lang/Object; >"	12	8
"< Application, LEDU/oswego/cs/dl/util/concurrent/WaitFreeQueue, offer(Ljava/lang/Object;J)Z >"	3	8
"< Application, LEDU/oswego/cs/dl/util/concurrent/WaitableLong, whenEqual(JLjava/lang/Runnable;)V >"	14	13
"< Application, LEDU/oswego/cs/dl/util/concurrent/SynchronizedShort, complement()S >"	11	9
"< Application, LEDU/oswego/cs/dl/util/concurrent/SyncMap, isEmpty()Z >"	7	8
"< Application, LEDU/oswego/cs/dl/util/concurrent/WaitableInt, subtract(I)I >"	9	9
"< Application, LEDU/oswego/cs/dl/util/concurrent/ReentrantLock, acquire()V >"	27	17
"< Application, LEDU/oswego/cs/dl/util/concurrent/SyncCollection, retainAll(Ljava/util/Collection;)Z >"	10	9
"< Application, LEDU/oswego/cs/dl/util/concurrent/SynchronizedShort, add(S)S >"	10	8
"< Application, LEDU/oswego/cs/dl/util/concurrent/CopyOnWriteArrayList$COWSubList, add(ILjava/lang/Object;)V >"	8	18
"< Application, LEDU/oswego/cs/dl/util/concurrent/WaitableLong, commit(JJ)Z >"	10	11
"< Application, LEDU/oswego/cs/dl/util/concurrent/SynchronizedLong, divide(J)J >"	9	7
"< Application, LEDU/oswego/cs/dl/util/concurrent/WriterPreferenceReadWriteLock$WriterLock, attempt(J)Z >"	50	32
"< Application, LEDU/oswego/cs/dl/util/concurrent/WaitableShort, whenEqual(SLjava/lang/Runnable;)V >"	13	11
"< Application, LEDU/oswego/cs/dl/util/concurrent/BoundedBuffer, poll(J)Ljava/lang/Object; >"	4	28
"< Application, LEDU/oswego/cs/dl/util/concurrent/WaitableRef, whenEqual(Ljava/lang/Object;Ljava/lang/Runnable;)V >"	13	11
"< Application, LEDU/oswego/cs/dl/util/concurrent/WaitableInt, whenEqual(ILjava/lang/Runnable;)V >"	13	11
"< Application, LEDU/oswego/cs/dl/util/concurrent/SyncMap, putAll(Ljava/util/Map;)V >"	10	8
"< Application, LEDU/oswego/cs/dl/util/concurrent/FJTaskRunner, confirmTake(I)LEDU/oswego/cs/dl/util/concurrent/FJTask; >"	18	16
"< Application, LEDU/oswego/cs/dl/util/concurrent/WaitFreeQueue, put(Ljava/lang/Object;)V >"	3	6
"< Application, LEDU/oswego/cs/dl/util/concurrent/BoundedLinkedQueue, insert(Ljava/lang/Object;)V >"	14	11
"< Application, LEDU/oswego/cs/dl/util/concurrent/BoundedLinkedQueue, poll(J)Ljava/lang/Object; >"	4	33
"< Application, LEDU/oswego/cs/dl/util/concurrent/CondVar, timedwait(J)Z >"	22	14
"< Application, LEDU/oswego/cs/dl/util/concurrent/SynchronizedInt, swap(LEDU/oswego/cs/dl/util/concurrent/SynchronizedInt;)I >"	23	21
"< Application, LEDU/oswego/cs/dl/util/concurrent/BoundedLinkedQueue, take()Ljava/lang/Object; >"	23	18
"< Application, LEDU/oswego/cs/dl/util/concurrent/WaitFreeQueue, extract()Ljava/lang/Object; >"	26	33
"< Application, LEDU/oswego/cs/dl/util/concurrent/WriterPreferenceReadWriteLock$WriterLock, acquire()V >"	26	23
"< Application, LEDU/oswego/cs/dl/util/concurrent/WaitableChar, set(C)C >"	9	9
"< Application, Lhedc/PooledExecutorWithInvalidate, setMinimumPoolSize(I)V >"	6	10
"< Application, LEDU/oswego/cs/dl/util/concurrent/SemaphoreControlledChannel, put(Ljava/lang/Object;)V >"	8	16
"< Application, LEDU/oswego/cs/dl/util/concurrent/SyncList, subList(II)Ljava/util/List; >"	11	15
"< Application, LEDU/oswego/cs/dl/util/concurrent/QueuedSemaphore, acquire()V >"	4	11
"< Application, LEDU/oswego/cs/dl/util/concurrent/Mutex, attempt(J)Z >"	4	24
"< Application, LEDU/oswego/cs/dl/util/concurrent/WaitableShort, whenGreater(SLjava/lang/Runnable;)V >"	13	11
"< Application, LEDU/oswego/cs/dl/util/concurrent/CopyOnWriteArrayList$COWSubList, set(ILjava/lang/Object;)Ljava/lang/Object; >"	15	15
"< Application, LEDU/oswego/cs/dl/util/concurrent/SynchronizedByte, set(B)B >"	8	6
"< Application, LEDU/oswego/cs/dl/util/concurrent/WaitableLong, add(J)J >"	9	9
"< Application, LEDU/oswego/cs/dl/util/concurrent/VetoableChangeMulticaster, addVetoableChangeListener(Ljava/lang/String;Ljava/beans/VetoableChangeListener;)V >"	3	24
"< Application, Lhedc/regexp/RegexpCompiler, compileAlternative(Lhedc/regexp/CompilerState;Lhedc/regexp/Regexp;)Lhedc/regexp/Regexp; >"	79	65
"< Application, LEDU/oswego/cs/dl/util/concurrent/WaitableBoolean, and(Z)Z >"	9	9
"< Application, Lhedc/ethz/util/Logger, closeLog_()V >"	12	12
"< Application, LEDU/oswego/cs/dl/util/concurrent/SynchronizedInt, negate()I >"	10	7
"< Application, LEDU/oswego/cs/dl/util/concurrent/BoundedBuffer, put(Ljava/lang/Object;)V >"	8	18
"< Application, LEDU/oswego/cs/dl/util/concurrent/NullSync, acquire()V >"	4	6
"< Application, LEDU/oswego/cs/dl/util/concurrent/SynchronizedFloat, multiply(F)F >"	9	7
"< Application, LEDU/oswego/cs/dl/util/concurrent/SyncSet, hashCode()I >"	7	8
"< Application, LEDU/oswego/cs/dl/util/concurrent/SynchronizedLong, add(J)J >"	9	7
"< Application, LEDU/oswego/cs/dl/util/concurrent/LinkedQueue, put(Ljava/lang/Object;)V >"	8	9
"< Application, LEDU/oswego/cs/dl/util/concurrent/TimeoutSync, acquire()V >"	7	8
"< Application, LEDU/oswego/cs/dl/util/concurrent/SyncList, hashCode()I >"	7	8
"< Application, LEDU/oswego/cs/dl/util/concurrent/WaitFreeQueue, insert(Ljava/lang/Object;)V >"	25	30
"< Application, LEDU/oswego/cs/dl/util/concurrent/CyclicBarrier, doBarrier(ZJ)I >"	14	53
"< Application, LEDU/oswego/cs/dl/util/concurrent/SynchronizedDouble, divide(D)D >"	9	7
"< Application, Lhedc/regexp/CharArrayState, getchar()I >"	13	8
"< Application, LEDU/oswego/cs/dl/util/concurrent/WaitableByte, whenNotEqual(BLjava/lang/Runnable;)V >"	13	11
"< Application, LEDU/oswego/cs/dl/util/concurrent/SyncList, unprotectedListIterator(I)Ljava/util/ListIterator; >"	7	10
"< Application, LEDU/oswego/cs/dl/util/concurrent/SyncCollection, contains(Ljava/lang/Object;)Z >"	7	9
"< Application, LEDU/oswego/cs/dl/util/concurrent/SynchronizedRef, swap(LEDU/oswego/cs/dl/util/concurrent/SynchronizedRef;)Ljava/lang/Object; >"	20	20
"< Application, LEDU/oswego/cs/dl/util/concurrent/CondVar, await()V >"	4	28
"< Application, LEDU/oswego/cs/dl/util/concurrent/BoundedLinkedQueue, offer(Ljava/lang/Object;J)Z >"	3	35
"< Application, LEDU/oswego/cs/dl/util/concurrent/WaitableLong, whenLessEqual(JLjava/lang/Runnable;)V >"	14	13
"< Application, LEDU/oswego/cs/dl/util/concurrent/WaitFreeQueue, insert(Ljava/lang/Object;)V >"	17	28
"< Application, LEDU/oswego/cs/dl/util/concurrent/SyncMap, equals(Ljava/lang/Object;)Z >"	7	9
"< Application, LEDU/oswego/cs/dl/util/concurrent/WaitableChar, whenGreaterEqual(CLjava/lang/Runnable;)V >"	13	11
"< Application, LEDU/oswego/cs/dl/util/concurrent/ReentrantLock, attempt(J)Z >"	49	25
"< Application, LEDU/oswego/cs/dl/util/concurrent/Rendezvous, doRendezvous(Ljava/lang/Object;ZJ)Ljava/lang/Object; >"	115	58
"< Application, LEDU/oswego/cs/dl/util/concurrent/WaiterPreferenceSemaphore, acquire()V >"	35	16
"< Application, LEDU/oswego/cs/dl/util/concurrent/BoundedLinkedQueue, extract()Ljava/lang/Object; >"	17	13
"< Application, Lhedc/ethz/util/Messages, error(Ljava/lang/String;)V >"	3	5
"< Application, LEDU/oswego/cs/dl/util/concurrent/SyncMap, containsValue(Ljava/lang/Object;)Z >"	7	9
"< Application, Lhedc/Messages, error(Ljava/lang/String;Ljava/lang/Object;)V >"	4	8
"< Application, LEDU/oswego/cs/dl/util/concurrent/WaitableShort, increment()S >"	9	8
"< Application, Ljavax/servlet/http/HttpServlet, service(Ljavax/servlet/ServletRequest;Ljavax/servlet/ServletResponse;)V >"	6	8
"< Application, LEDU/oswego/cs/dl/util/concurrent/SyncList$SyncCollectionListIterator, set(Ljava/lang/Object;)V >"	13	10
"< Application, LEDU/oswego/cs/dl/util/concurrent/BoundedLinkedQueue, allowTake()V >"	8	6
"< Application, Ljavax/servlet/http/HttpUtils, parsePostData(ILjavax/servlet/ServletInputStream;)Ljava/util/Hashtable; >"	17	27
"< Application, LEDU/oswego/cs/dl/util/concurrent/CopyOnWriteArrayList$COWSubList, rangeCheck(I)V >"	13	6
"< Application, LEDU/oswego/cs/dl/util/concurrent/SynchronizedFloat, swap(LEDU/oswego/cs/dl/util/concurrent/SynchronizedFloat;)F >"	23	21
"< Application, LEDU/oswego/cs/dl/util/concurrent/SynchronizedDouble, commit(DD)Z >"	13	11
"< Application, LEDU/oswego/cs/dl/util/concurrent/SynchronizedShort, multiply(S)S >"	10	8
"< Application, LEDU/oswego/cs/dl/util/concurrent/WaitableInt, add(I)I >"	9	9
"< Application, LEDU/oswego/cs/dl/util/concurrent/BoundedLinkedQueue, offer(Ljava/lang/Object;J)Z >"	43	31
"< Application, LEDU/oswego/cs/dl/util/concurrent/SynchronizedLong, swap(LEDU/oswego/cs/dl/util/concurrent/SynchronizedLong;)J >"	16	18
"< Application, LEDU/oswego/cs/dl/util/concurrent/WaitableDouble, subtract(D)D >"	9	9
"< Application, Lhedc/regexp/RegexpCompiler, compileAlternative(Lhedc/regexp/CompilerState;Lhedc/regexp/Regexp;)Lhedc/regexp/Regexp; >"	100	131
"< Application, LEDU/oswego/cs/dl/util/concurrent/SyncSortedSet, comparator()Ljava/util/Comparator; >"	7	9
"< Application, LEDU/oswego/cs/dl/util/concurrent/BoundedLinkedQueue, offer(Ljava/lang/Object;J)Z >"	49	32
"< Application, LEDU/oswego/cs/dl/util/concurrent/LockedExecutor, execute(Ljava/lang/Runnable;)V >"	9	7
"< Application, LEDU/oswego/cs/dl/util/concurrent/CopyOnWriteArrayList, removeRange(II)V >"	8	16
"< Application, LEDU/oswego/cs/dl/util/concurrent/CopyOnWriteArrayList, listIterator(I)Ljava/util/ListIterator; >"	11	12
"< Application, LEDU/oswego/cs/dl/util/concurrent/DefaultChannelCapacity, set(I)V >"	3	7
"< Application, Ljavax/servlet/http/HttpUtils, parsePostData(ILjavax/servlet/ServletInputStream;)Ljava/util/Hashtable; >"	26	30
"< Application, LEDU/oswego/cs/dl/util/concurrent/WaitableBoolean, whenFalse(Ljava/lang/Runnable;)V >"	13	11
"< Application, LEDU/oswego/cs/dl/util/concurrent/SyncSortedMap, lastKey()Ljava/lang/Object; >"	7	9
"< Application, Lhedc/ethz/util/Generator, putBuffer_(Ljava/lang/String;[C)V >"	18	20
"< Application, LEDU/oswego/cs/dl/util/concurrent/SyncMap, keySet()Ljava/util/Set; >"	15	15
"< Application, LEDU/oswego/cs/dl/util/concurrent/SyncCollection$SyncCollectionIterator, next()Ljava/lang/Object; >"	10	9
"< Application, LEDU/oswego/cs/dl/util/concurrent/FIFOReadWriteLock$ReaderSync, attempt(J)Z >"	23	21
"< Application, LEDU/oswego/cs/dl/util/concurrent/SynchronizedShort, commit(SS)Z >"	12	10
"< Application, LEDU/oswego/cs/dl/util/concurrent/SynchronizedChar, swap(LEDU/oswego/cs/dl/util/concurrent/SynchronizedChar;)C >"	23	21
"< Application, LEDU/oswego/cs/dl/util/concurrent/VetoableChangeMulticaster, addVetoableChangeListenerIfAbsent(Ljava/lang/String;Ljava/beans/VetoableChangeListener;)V >"	3	24
"< Application, LEDU/oswego/cs/dl/util/concurrent/CopyOnWriteArrayList$COWSubList, subList(II)Ljava/util/List; >"	8	16
"< Application, LEDU/oswego/cs/dl/util/concurrent/SynchronizedLong, or(J)J >"	10	8
"< Application, LEDU/oswego/cs/dl/util/concurrent/WaitableRef, set(Ljava/lang/Object;)Ljava/lang/Object; >"	9	9
"< Application, Ljavax/servlet/http/Cookie, <init>(Ljava/lang/String;Ljava/lang/String;)V >"	28	42
"< Application, LEDU/oswego/cs/dl/util/concurrent/SynchronizedBoolean, swap(LEDU/oswego/cs/dl/util/concurrent/SynchronizedBoolean;)Z >"	23	21
"< Application, LEDU/oswego/cs/dl/util/concurrent/SyncSortedSet, first()Ljava/lang/Object; >"	7	9
"< Application, LEDU/oswego/cs/dl/util/concurrent/SynchronizedInt, multiply(I)I >"	9	7
"< Application, LEDU/oswego/cs/dl/util/concurrent/SynchronizedByte, multiply(B)B >"	10	8
"< Application, LEDU/oswego/cs/dl/util/concurrent/CondVar, timedwait(J)Z >"	4	41
"< Application, LEDU/oswego/cs/dl/util/concurrent/SyncSortedMap, tailMap(Ljava/lang/Object;)Ljava/util/SortedMap; >"	11	14
"< Application, LEDU/oswego/cs/dl/util/concurrent/WaitableByte, whenLessEqual(BLjava/lang/Runnable;)V >"	13	11
"< Application, LEDU/oswego/cs/dl/util/concurrent/NullSync, attempt(J)Z >"	4	8
"< Application, Lhedc/PooledExecutorWithInvalidate, setMaximumPoolSize(I)V >"	6	10
"< Application, LEDU/oswego/cs/dl/util/concurrent/SynchronizedShort, get()S >"	7	5
"< Application, LEDU/oswego/cs/dl/util/concurrent/WaitableLong, whenGreater(JLjava/lang/Runnable;)V >"	14	13
"< Application, LEDU/oswego/cs/dl/util/concurrent/CyclicBarrier, doBarrier(ZJ)I >"	58	38
"< Application, LEDU/oswego/cs/dl/util/concurrent/WaiterPreferenceSemaphore, attempt(J)Z >"	54	39
"< Application, LEDU/oswego/cs/dl/util/concurrent/SynchronizedShort, set(S)S >"	8	6
"< Application, Lhedc/Tester, run()V >"	61	97
"< Application, LEDU/oswego/cs/dl/util/concurrent/BoundedLinkedQueue, <init>(I)V >"	11	14
"< Application, LEDU/oswego/cs/dl/util/concurrent/SynchronizedByte, divide(B)B >"	10	8
"< Application, LEDU/oswego/cs/dl/util/concurrent/CondVar, timedwait(J)Z >"	27	23
"< Application, LEDU/oswego/cs/dl/util/concurrent/FIFOReadWriteLock$ReaderSync, acquire()V >"	9	6
"< Application, LEDU/oswego/cs/dl/util/concurrent/PropertyChangeMulticaster, addPropertyChangeListener(Ljava/lang/String;Ljava/beans/PropertyChangeListener;)V >"	26	21
"< Application, LEDU/oswego/cs/dl/util/concurrent/BoundedLinkedQueue, put(Ljava/lang/Object;)V >"	28	17
"< Application, LEDU/oswego/cs/dl/util/concurrent/WaitableShort, add(S)S >"	9	9
"< Application, Ljavax/servlet/http/HttpUtils, parseQueryString(Ljava/lang/String;)Ljava/util/Hashtable; >"	3	52
"< Application, LEDU/oswego/cs/dl/util/concurrent/WaitableByte, set(B)B >"	9	9
"< Application, LEDU/oswego/cs/dl/util/concurrent/WaitableDouble, whenGreater(DLjava/lang/Runnable;)V >"	14	13
"< Application, LEDU/oswego/cs/dl/util/concurrent/LinkedQueue, take()Ljava/lang/Object; >"	29	18
"< Application, LEDU/oswego/cs/dl/util/concurrent/WaitableBoolean, commit(ZZ)Z >"	10	11
"< Application, LEDU/oswego/cs/dl/util/concurrent/LinkedQueue, offer(Ljava/lang/Object;J)Z >"	3	13
"< Application, LEDU/oswego/cs/dl/util/concurrent/WaitableInt, whenGreater(ILjava/lang/Runnable;)V >"	13	11
"< Application, Lhedc/ethz/util/Estimator, <init>(Ljava/lang/String;DD)V >"	12	17
"< Application, LEDU/oswego/cs/dl/util/concurrent/SynchronizedInt, and(I)I >"	10	8
"< Application, LEDU/oswego/cs/dl/util/concurrent/WaitFreeQueue, peek()Ljava/lang/Object; >"	13	21
"< Application, LEDU/oswego/cs/dl/util/concurrent/WaitableByte, whenGreater(BLjava/lang/Runnable;)V >"	13	11
"< Application, LEDU/oswego/cs/dl/util/concurrent/WaitableBoolean, whenEqual(ZLjava/lang/Runnable;)V >"	13	11
"< Application, LEDU/oswego/cs/dl/util/concurrent/WaitableInt, set(I)I >"	9	9
"< Application, LEDU/oswego/cs/dl/util/concurrent/WaitableFloat, whenLessEqual(FLjava/lang/Runnable;)V >"	14	13
"< Application, LEDU/oswego/cs/dl/util/concurrent/WaitableLong, multiply(J)J >"	9	9
"< Application, LEDU/oswego/cs/dl/util/concurrent/CopyOnWriteArrayList, add(ILjava/lang/Object;)V >"	13	17
"< Application, LEDU/oswego/cs/dl/util/concurrent/WaitFreeQueue, extract()Ljava/lang/Object; >"	4	35
"< Application, LEDU/oswego/cs/dl/util/concurrent/SyncMap, put(Ljava/lang/Object;Ljava/lang/Object;)Ljava/lang/Object; >"	16	17
"< Application, LEDU/oswego/cs/dl/util/concurrent/SyncCollection, toArray()[Ljava/lang/Object; >"	7	8
"< Application, LEDU/oswego/cs/dl/util/concurrent/SyncList, listIterator()Ljava/util/ListIterator; >"	9	11
"< Application, LEDU/oswego/cs/dl/util/concurrent/SyncSortedMap, subMap(Ljava/lang/Object;Ljava/lang/Object;)Ljava/util/SortedMap; >"	11	15
"< Application, LEDU/oswego/cs/dl/util/concurrent/LinkedQueue, insert(Ljava/lang/Object;)V >"	22	14
"< Application, LEDU/oswego/cs/dl/util/concurrent/WriterPreferenceReadWriteLock$ReaderLock, attempt(J)Z >"	43	39
"< Application, LEDU/oswego/cs/dl/util/concurrent/CopyOnWriteArrayList$COWSubList, listIterator(I)Ljava/util/ListIterator; >"	23	27
"< Application, LEDU/oswego/cs/dl/util/concurrent/SyncList, remove(I)Ljava/lang/Object; >"	10	10
"< Application, LEDU/oswego/cs/dl/util/concurrent/BoundedLinkedQueue, offer(Ljava/lang/Object;J)Z >"	8	33
"< Application, LEDU/oswego/cs/dl/util/concurrent/SyncList, add(ILjava/lang/Object;)V >"	10	10
"< Application, LEDU/oswego/cs/dl/util/concurrent/WaitableLong, increment()J >"	9	8
"< Application, LEDU/oswego/cs/dl/util/concurrent/SyncMap, hashCode()I >"	7	8
"< Application, Lhedc/regexp/State, validateGroup(I)V >"	18	13
"< Application, LEDU/oswego/cs/dl/util/concurrent/WaitableShort, multiply(S)S >"	9	9
"< Application, LEDU/oswego/cs/dl/util/concurrent/CopyOnWriteArrayList$COWSubList, listIterator(I)Ljava/util/ListIterator; >"	16	10
"< Application, LEDU/oswego/cs/dl/util/concurrent/CopyOnWriteArrayList$COWIterator, previous()Ljava/lang/Object; >"	9	9
"< Application, LEDU/oswego/cs/dl/util/concurrent/SyncCollection$SyncCollectionIterator, remove()V >"	20	16
"< Application, LEDU/oswego/cs/dl/util/concurrent/BoundedBuffer, <init>(I)V >"	10	9
"< Application, LEDU/oswego/cs/dl/util/concurrent/BoundedBuffer, incEmptySlots()V >"	11	9
"< Application, LEDU/oswego/cs/dl/util/concurrent/LinkedQueue, take()Ljava/lang/Object; >"	4	27
"< Application, Lhedc/MetaSearchResult$MetaSearchResultIterator, remove()V >"	2	3
"< Application, LEDU/oswego/cs/dl/util/concurrent/WriterPreferenceReadWriteLock$ReaderLock, acquire()V >"	25	22
"< Application, LEDU/oswego/cs/dl/util/concurrent/SynchronizedLong, complement()J >"	10	8
"< Application, LEDU/oswego/cs/dl/util/concurrent/SyncSortedSet, tailSet(Ljava/lang/Object;)Ljava/util/SortedSet; >"	11	14
"< Application, Lhedc/regexp/RegexpCompiler, compileAlternative(Lhedc/regexp/CompilerState;Lhedc/regexp/Regexp;)Lhedc/regexp/Regexp; >"	24	83
"< Application, LEDU/oswego/cs/dl/util/concurrent/Rendezvous, <init>(ILEDU/oswego/cs/dl/util/concurrent/Rendezvous$RendezvousFunction;)V >"	7	12
"< Application, LEDU/oswego/cs/dl/util/concurrent/SyncMap, putAll(Ljava/util/Map;)V >"	17	15
"< Application, LEDU/oswego/cs/dl/util/concurrent/WaitableChar, whenLessEqual(CLjava/lang/Runnable;)V >"	13	11
"< Application, LEDU/oswego/cs/dl/util/concurrent/SyncCollection, remove(Ljava/lang/Object;)Z >"	16	16
"< Application, LEDU/oswego/cs/dl/util/concurrent/SynchronizedDouble, set(D)D >"	8	6
"< Application, Lhedc/regexp/CharArrayState, getchar(I)I >"	11	7
"< Application, Lhedc/Messages, error(Ljava/lang/String;)V >"	3	5
"< Application, LEDU/oswego/cs/dl/util/concurrent/SynchronizedLong, and(J)J >"	10	8
"< Application, LEDU/oswego/cs/dl/util/concurrent/ClockDaemon$RunLoop, run()V >"	12	11
"< Application, LEDU/oswego/cs/dl/util/concurrent/Mutex, acquire()V >"	4	12
"< Application, Lhedc/ethz/util/Messages, error(Ljava/lang/String;Ljava/lang/Object;Ljava/lang/Object;)V >"	4	9
"< Application, LEDU/oswego/cs/dl/util/concurrent/CopyOnWriteArrayList, rangeCheck(II)V >"	11	6
"< Application, LEDU/oswego/cs/dl/util/concurrent/WaitableByte, whenEqual(BLjava/lang/Runnable;)V >"	13	11
"< Application, LEDU/oswego/cs/dl/util/concurrent/PropertyChangeMulticaster, <init>(Ljava/lang/Object;)V >"	6	8
"< Application, LEDU/oswego/cs/dl/util/concurrent/SynchronizedRef, commit(Ljava/lang/Object;Ljava/lang/Object;)Z >"	12	10
"< Application, LEDU/oswego/cs/dl/util/concurrent/SynchronizedByte, xor(B)B >"	11	9
"< Application, LEDU/oswego/cs/dl/util/concurrent/SyncCollection, clear()V >"	17	14
"< Application, LEDU/oswego/cs/dl/util/concurrent/CyclicBarrier, doBarrier(ZJ)I >"	51	19
"< Application, LEDU/oswego/cs/dl/util/concurrent/CopyOnWriteArrayList$COWIterator, remove()V >"	2	3
"< Application, LEDU/oswego/cs/dl/util/concurrent/FutureResult, doGet()Ljava/lang/Object; >"	3	6
"< Application, LEDU/oswego/cs/dl/util/concurrent/WaitableChar, multiply(C)C >"	9	9
"< Application, LEDU/oswego/cs/dl/util/concurrent/VetoableChangeMulticaster, multicast(Ljava/beans/PropertyChangeEvent;)V >"	15	16
"< Application, LEDU/oswego/cs/dl/util/concurrent/PropertyChangeMulticaster, addPropertyChangeListenerIfAbsent(Ljava/lang/String;Ljava/beans/PropertyChangeListener;)V >"	3	24
"< Application, LEDU/oswego/cs/dl/util/concurrent/CyclicBarrier, doBarrier(ZJ)I >"	72	36
"< Application, LEDU/oswego/cs/dl/util/concurrent/BoundedBuffer, take()Ljava/lang/Object; >"	12	12
"< Application, Lhedc/regexp/CharClass, cloneCharClass(Lhedc/regexp/Regexp;I)Lhedc/regexp/CharClass; >"	9	4
"< Application, LEDU/oswego/cs/dl/util/concurrent/PropertyChangeMulticaster, addPropertyChangeListener(Ljava/beans/PropertyChangeListener;)V >"	3	13
"< Application, LEDU/oswego/cs/dl/util/concurrent/SynchronizedChar, multiply(C)C >"	10	8
"< Application, LEDU/oswego/cs/dl/util/concurrent/CopyOnWriteArrayList$COWIterator, set(Ljava/lang/Object;)V >"	2	4
"< Application, LEDU/oswego/cs/dl/util/concurrent/SynchronizedRef, swap(LEDU/oswego/cs/dl/util/concurrent/SynchronizedRef;)Ljava/lang/Object; >"	23	21
"< Application, LEDU/oswego/cs/dl/util/concurrent/SynchronizedChar, divide(C)C >"	10	8
"< Application, Lhedc/ethz/util/Messages, error(Ljava/lang/String;Ljava/lang/Object;Ljava/lang/Object;Ljava/lang/Object;)V >"	4	10
"< Application, LEDU/oswego/cs/dl/util/concurrent/PropertyChangeMulticaster, addPropertyChangeListenerIfAbsent(Ljava/beans/PropertyChangeListener;)V >"	3	19
"< Application, LEDU/oswego/cs/dl/util/concurrent/SynchronizedShort, subtract(S)S >"	10	8
"< Application, LEDU/oswego/cs/dl/util/concurrent/SynchronizedDouble, subtract(D)D >"	9	7
"< Application, LEDU/oswego/cs/dl/util/concurrent/SynchronizedByte, swap(LEDU/oswego/cs/dl/util/concurrent/SynchronizedByte;)B >"	23	21
"< Application, LEDU/oswego/cs/dl/util/concurrent/PooledExecutor, interruptAll()V >"	16	17
"< Application, LEDU/oswego/cs/dl/util/concurrent/VetoableChangeMulticaster, hasListeners(Ljava/lang/String;)Z >"	21	16
"< Application, LEDU/oswego/cs/dl/util/concurrent/Rendezvous, restart()V >"	12	7
"< Application, LEDU/oswego/cs/dl/util/concurrent/BoundedLinkedQueue, take()Ljava/lang/Object; >"	20	15
"< Application, LEDU/oswego/cs/dl/util/concurrent/CopyOnWriteArrayList$COWSubList, add(ILjava/lang/Object;)V >"	23	20
"< Application, LEDU/oswego/cs/dl/util/concurrent/WaitFreeQueue, peek()Ljava/lang/Object; >"	24	23
"< Application, LEDU/oswego/cs/dl/util/concurrent/WaitableBoolean, set(Z)Z >"	9	9
"< Application, LEDU/oswego/cs/dl/util/concurrent/CountDown, acquire()V >"	14	8
"< Application, LEDU/oswego/cs/dl/util/concurrent/WaitableBoolean, xor(Z)Z >"	9	9
"< Application, LEDU/oswego/cs/dl/util/concurrent/WaitableRef, whenNotEqual(Ljava/lang/Object;Ljava/lang/Runnable;)V >"	13	11
"< Application, LEDU/oswego/cs/dl/util/concurrent/SyncMap, get(Ljava/lang/Object;)Ljava/lang/Object; >"	7	9
"< Application, LEDU/oswego/cs/dl/util/concurrent/WaitableFloat, whenNotEqual(FLjava/lang/Runnable;)V >"	14	13
"< Application, LEDU/oswego/cs/dl/util/concurrent/WaitableShort, set(S)S >"	9	9
"< Application, Lhedc/ethz/util/Ftp, nlst(Ljava/lang/String;)Ljava/util/Enumeration; >"	38	92
"< Application, LEDU/oswego/cs/dl/util/concurrent/SyncList, get(I)Ljava/lang/Object; >"	7	10
"< Application, LEDU/oswego/cs/dl/util/concurrent/SyncCollection, add(Ljava/lang/Object;)Z >"	10	9
"< Application, LEDU/oswego/cs/dl/util/concurrent/SyncSortedSet, headSet(Ljava/lang/Object;)Ljava/util/SortedSet; >"	11	14
"< Application, LEDU/oswego/cs/dl/util/concurrent/SyncCollection, isEmpty()Z >"	7	8
"< Application, LEDU/oswego/cs/dl/util/concurrent/SyncSet, equals(Ljava/lang/Object;)Z >"	7	9
"< Application, LEDU/oswego/cs/dl/util/concurrent/WaitableLong, whenGreaterEqual(JLjava/lang/Runnable;)V >"	14	13
"< Application, LEDU/oswego/cs/dl/util/concurrent/WaitableRef, commit(Ljava/lang/Object;Ljava/lang/Object;)Z >"	10	11
"< Application, LEDU/oswego/cs/dl/util/concurrent/SynchronizedByte, and(B)B >"	11	9
"< Application, LEDU/oswego/cs/dl/util/concurrent/SyncCollection, iterator()Ljava/util/Iterator; >"	9	10
"< Application, LEDU/oswego/cs/dl/util/concurrent/SyncCollection, unprotectedIterator()Ljava/util/Iterator; >"	7	8
"< Application, LEDU/oswego/cs/dl/util/concurrent/SyncList, add(ILjava/lang/Object;)V >"	17	17
"< Application, LEDU/oswego/cs/dl/util/concurrent/Rendezvous, doRendezvous(Ljava/lang/Object;ZJ)Ljava/lang/Object; >"	120	88
"< Application, LEDU/oswego/cs/dl/util/concurrent/QueuedSemaphore, attempt(J)Z >"	4	16
"< Application, LEDU/oswego/cs/dl/util/concurrent/ReentrantLock, attempt(J)Z >"	52	33
"< Application, LEDU/oswego/cs/dl/util/concurrent/SyncCollection, remove(Ljava/lang/Object;)Z >"	10	9
"< Application, LEDU/oswego/cs/dl/util/concurrent/SynchronizedBoolean, commit(ZZ)Z >"	12	10
"< Application, LEDU/oswego/cs/dl/util/concurrent/WaitableDouble, multiply(D)D >"	9	9
"< Application, LEDU/oswego/cs/dl/util/concurrent/ThreadedExecutor, execute(Ljava/lang/Runnable;)V >"	4	12
"< Application, LEDU/oswego/cs/dl/util/concurrent/FJTaskRunner, run()V >"	20	19
"< Application, Ljavax/servlet/http/HttpUtils, parseName(Ljava/lang/String;Ljava/lang/StringBuffer;)Ljava/lang/String; >"	17	45
"< Application, LEDU/oswego/cs/dl/util/concurrent/WaitFreeQueue, extract()Ljava/lang/Object; >"	15	31
"< Application, LEDU/oswego/cs/dl/util/concurrent/SyncList, set(ILjava/lang/Object;)Ljava/lang/Object; >"	16	18
"< Application, LEDU/oswego/cs/dl/util/concurrent/SynchronizedRef, get()Ljava/lang/Object; >"	7	5
"< Application, LEDU/oswego/cs/dl/util/concurrent/FutureResult, timedGet(J)Ljava/lang/Object; >"	27	20
"< Application, Lhedc/regexp/RegexpCompiler, compileAlternative(Lhedc/regexp/CompilerState;Lhedc/regexp/Regexp;)Lhedc/regexp/Regexp; >"	119	116
"< Application, LEDU/oswego/cs/dl/util/concurrent/BoundedBuffer, put(Ljava/lang/Object;)V >"	25	17
"< Application, LEDU/oswego/cs/dl/util/concurrent/SynchronizedLong, negate()J >"	10	7
"< Application, LEDU/oswego/cs/dl/util/concurrent/BoundedLinkedQueue, poll(J)Ljava/lang/Object; >"	31	27
"< Application, LEDU/oswego/cs/dl/util/concurrent/Mutex, attempt(J)Z >"	32	20
"< Application, LEDU/oswego/cs/dl/util/concurrent/WaitableDouble, whenGreaterEqual(DLjava/lang/Runnable;)V >"	14	13
"< Application, Ljavax/servlet/http/HttpUtils, parsePostData(ILjavax/servlet/ServletInputStream;)Ljava/util/Hashtable; >"	7	34
"< Application, LEDU/oswego/cs/dl/util/concurrent/SynchronizedByte, subtract(B)B >"	10	8
"< Application, LEDU/oswego/cs/dl/util/concurrent/CopyOnWriteArrayList$COWIterator, add(Ljava/lang/Object;)V >"	2	4
"< Application, LEDU/oswego/cs/dl/util/concurrent/LinkedQueue, take()Ljava/lang/Object; >"	32	25
"< Application, LEDU/oswego/cs/dl/util/concurrent/WaitableChar, add(C)C >"	9	9
"< Application, LEDU/oswego/cs/dl/util/concurrent/ReentrantLock, release(J)V >"	8	17
"< Application, LEDU/oswego/cs/dl/util/concurrent/SemaphoreControlledChannel, <init>(ILjava/lang/Class;)V >"	4	26
"< Application, LEDU/oswego/cs/dl/util/concurrent/SyncCollection, containsAll(Ljava/util/Collection;)Z >"	7	9
"< Application, LEDU/oswego/cs/dl/util/concurrent/SyncList$SyncCollectionListIterator, add(Ljava/lang/Object;)V >"	20	18
"< Application, LEDU/oswego/cs/dl/util/concurrent/Rendezvous, doRendezvous(Ljava/lang/Object;ZJ)Ljava/lang/Object; >"	125	90
"< Application, LEDU/oswego/cs/dl/util/concurrent/WriterPreferenceReadWriteLock$WriterLock, attempt(J)Z >"	4	43
"< Application, LEDU/oswego/cs/dl/util/concurrent/SynchronizedDouble, swap(LEDU/oswego/cs/dl/util/concurrent/SynchronizedDouble;)D >"	23	21
"< Application, LEDU/oswego/cs/dl/util/concurrent/SynchronizedDouble, add(D)D >"	9	7
"< Application, LEDU/oswego/cs/dl/util/concurrent/SynchronizedShort, increment()S >"	10	8
"< Application, LEDU/oswego/cs/dl/util/concurrent/SyncList, addAll(ILjava/util/Collection;)Z >"	10	11
"< Application, LEDU/oswego/cs/dl/util/concurrent/WaitableFloat, whenEqual(FLjava/lang/Runnable;)V >"	14	13
"< Application, LEDU/oswego/cs/dl/util/concurrent/WaitableByte, increment()B >"	9	8
"< Application, LEDU/oswego/cs/dl/util/concurrent/WaitableBoolean, whenTrue(Ljava/lang/Runnable;)V >"	13	11
"< Application, LEDU/oswego/cs/dl/util/concurrent/WriterPreferenceReadWriteLock$WriterLock, acquire()V >"	31	19
"< Application, LEDU/oswego/cs/dl/util/concurrent/VetoableChangeMulticaster, addVetoableChangeListener(Ljava/beans/VetoableChangeListener;)V >"	3	13
"< Application, LEDU/oswego/cs/dl/util/concurrent/WriterPreferenceReadWriteLock$ReaderLock, attempt(J)Z >"	4	41
"< Application, LEDU/oswego/cs/dl/util/concurrent/SynchronizedVariable, execute(Ljava/lang/Runnable;)V >"	4	10
"< Application, LEDU/oswego/cs/dl/util/concurrent/SyncCollection, addAll(Ljava/util/Collection;)Z >"	10	9
"< Application, LEDU/oswego/cs/dl/util/concurrent/WriterPreferenceReadWriteLock$WriterLock, attempt(J)Z >"	45	41
"< Application, Lhedc/regexp/RegexpCompiler, compileAlternatives(Lhedc/regexp/Regexp;Lhedc/regexp/CompilerState;I)Lhedc/regexp/Regexp; >"	19	22
"< Application, LEDU/oswego/cs/dl/util/concurrent/SynchronizedByte, increment()B >"	10	8
"< Application, Ljavax/servlet/jsp/tagext/BodyContent, clearBody()V >"	5	5
"< Application, Ljavax/servlet/jsp/tagext/BodyContent, flush()V >"	2	3
"< Application, LEDU/oswego/cs/dl/util/concurrent/SyncCollection, toArray([Ljava/lang/Object;)[Ljava/lang/Object; >"	7	9
"< Application, LEDU/oswego/cs/dl/util/concurrent/WaitableLong, whenLess(JLjava/lang/Runnable;)V >"	14	13
"< Application, LEDU/oswego/cs/dl/util/concurrent/Heap, <init>(ILjava/util/Comparator;)V >"	5	8
"< Application, Lhedc/PooledExecutorWithInvalidate, workerDone(Lhedc/PooledExecutorWithInvalidate$Worker;)V >"	11	11
"< Application, LEDU/oswego/cs/dl/util/concurrent/SynchronizedChar, get()C >"	7	5
"< Application, LEDU/oswego/cs/dl/util/concurrent/SynchronizedFloat, commit(FF)Z >"	13	11
"< Application, LEDU/oswego/cs/dl/util/concurrent/PropertyChangeMulticaster, multicast(Ljava/beans/PropertyChangeEvent;)V >"	15	16
"< Application, LEDU/oswego/cs/dl/util/concurrent/WaitableInt, whenNotEqual(ILjava/lang/Runnable;)V >"	13	11
"< Application, LEDU/oswego/cs/dl/util/concurrent/SyncList, remove(I)Ljava/lang/Object; >"	16	17
"< Application, LEDU/oswego/cs/dl/util/concurrent/SynchronizedInt, set(I)I >"	8	6
"< Application, LEDU/oswego/cs/dl/util/concurrent/ReentrantLock, acquire()V >"	22	13
"< Application, LEDU/oswego/cs/dl/util/concurrent/CopyOnWriteArrayList$COWSubList, size()I >"	8	6
"< Application, LEDU/oswego/cs/dl/util/concurrent/WaitableByte, decrement()B >"	9	8
"< Application, LEDU/oswego/cs/dl/util/concurrent/SynchronizedBoolean, xor(Z)Z >"	10	8
"< Application, LEDU/oswego/cs/dl/util/concurrent/SyncList, listIterator(I)Ljava/util/ListIterator; >"	9	12
"< Application, LEDU/oswego/cs/dl/util/concurrent/WaitableLong, subtract(J)J >"	9	9
"< Application, LEDU/oswego/cs/dl/util/concurrent/SyncSortedMap, firstKey()Ljava/lang/Object; >"	7	9
"< Application, Ljavax/servlet/http/HttpUtils, parseQueryString(Ljava/lang/String;)Ljava/util/Hashtable; >"	16	50
"< Application, LEDU/oswego/cs/dl/util/concurrent/SemaphoreControlledChannel, offer(Ljava/lang/Object;J)Z >"	8	19
"< Application, LEDU/oswego/cs/dl/util/concurrent/PooledExecutor, setMaximumPoolSize(I)V >"	3	5
"< Application, Lhedc/DateFormatter, format(Ljava/util/Date;Ljava/lang/StringBuffer;Ljava/text/FieldPosition;)Ljava/lang/StringBuffer; >"	152	191
"< Application, LEDU/oswego/cs/dl/util/concurrent/SyncSortedSet, last()Ljava/lang/Object; >"	7	9
"< Application, LEDU/oswego/cs/dl/util/concurrent/SyncMap, containsKey(Ljava/lang/Object;)Z >"	7	9
"< Application, LEDU/oswego/cs/dl/util/concurrent/Latch, acquire()V >"	4	9
"< Application, LEDU/oswego/cs/dl/util/concurrent/SyncList$SyncCollectionListIterator, nextIndex()I >"	10	10
"< Application, LEDU/oswego/cs/dl/util/concurrent/SynchronizedChar, swap(LEDU/oswego/cs/dl/util/concurrent/SynchronizedChar;)C >"	20	20
"< Application, LEDU/oswego/cs/dl/util/concurrent/WaiterPreferenceSemaphore, acquire()V >"	4	27
"< Application, LEDU/oswego/cs/dl/util/concurrent/SyncMap, clear()V >"	17	14
"< Application, LEDU/oswego/cs/dl/util/concurrent/SyncSortedMap, comparator()Ljava/util/Comparator; >"	7	9
"< Application, LEDU/oswego/cs/dl/util/concurrent/DirectExecutor, execute(Ljava/lang/Runnable;)V >"	4	8
"< Application, LEDU/oswego/cs/dl/util/concurrent/WaitableShort, commit(SS)Z >"	10	11
"< Application, LEDU/oswego/cs/dl/util/concurrent/CopyOnWriteArrayList$COWSubList$COWSubListIterator, remove()V >"	2	3
"< Application, LEDU/oswego/cs/dl/util/concurrent/SynchronizedRef, set(Ljava/lang/Object;)Ljava/lang/Object; >"	8	6
"< Application, LEDU/oswego/cs/dl/util/concurrent/SyncList, unprotectedListIterator()Ljava/util/ListIterator; >"	7	9
"< Application, LEDU/oswego/cs/dl/util/concurrent/Semaphore, acquire()V >"	17	13
"< Application, LEDU/oswego/cs/dl/util/concurrent/BoundedLinkedQueue, put(Ljava/lang/Object;)V >"	3	23
"< Application, LEDU/oswego/cs/dl/util/concurrent/SynchronizedInt, commit(II)Z >"	12	10
"< Application, LEDU/oswego/cs/dl/util/concurrent/ReentrantLock, release()V >"	5	14
"< Application, LEDU/oswego/cs/dl/util/concurrent/Semaphore, attempt(J)Z >"	41	30
"< Application, LEDU/oswego/cs/dl/util/concurrent/WaitableFloat, set(F)F >"	9	9
"< Application, LEDU/oswego/cs/dl/util/concurrent/SynchronizedFloat, subtract(F)F >"	9	7
"< Application, LEDU/oswego/cs/dl/util/concurrent/LayeredSync, attempt(J)Z >"	24	22
"< Application, LEDU/oswego/cs/dl/util/concurrent/WaitableShort, subtract(S)S >"	9	9
"< Application, LEDU/oswego/cs/dl/util/concurrent/WaitableShort, whenNotEqual(SLjava/lang/Runnable;)V >"	13	11
"< Application, Lhedc/PooledExecutorWithInvalidate, interruptAll()V >"	16	17
"< Application, Lhedc/Messages, error(Ljava/lang/String;Ljava/lang/Object;Ljava/lang/Object;Ljava/lang/Object;)V >"	4	10
"< Application, LEDU/oswego/cs/dl/util/concurrent/SyncMap, put(Ljava/lang/Object;Ljava/lang/Object;)Ljava/lang/Object; >"	10	10
"< Application, LEDU/oswego/cs/dl/util/concurrent/Semaphore, acquire()V >"	4	16
"< Application, LEDU/oswego/cs/dl/util/concurrent/BoundedBuffer, peek()Ljava/lang/Object; >"	12	9
"< Application, Lhedc/PooledExecutorWithInvalidate, createThreads(I)I >"	16	17
"< Application, LEDU/oswego/cs/dl/util/concurrent/WaitableFloat, whenGreater(FLjava/lang/Runnable;)V >"	14	13
"< Application, Lhedc/Messages, error(Ljava/lang/String;Ljava/lang/Object;Ljava/lang/Object;)V >"	4	9
"< Application, LEDU/oswego/cs/dl/util/concurrent/SynchronousChannel, doTake(ZJ)Ljava/lang/Object; >"	29	30
"< Application, LEDU/oswego/cs/dl/util/concurrent/CondVar, await()V >"	12	9
"< Application, LEDU/oswego/cs/dl/util/concurrent/BoundedLinkedQueue, poll(J)Ljava/lang/Object; >"	34	30
"< Application, LEDU/oswego/cs/dl/util/concurrent/SynchronizedByte, decrement()B >"	10	8
"< Application, LEDU/oswego/cs/dl/util/concurrent/TimeDaemon, executePeriodically(JLjava/lang/Runnable;Z)Ljava/lang/Object; >"	4	18
"< Application, LEDU/oswego/cs/dl/util/concurrent/SynchronizedLong, multiply(J)J >"	9	7
"< Application, LEDU/oswego/cs/dl/util/concurrent/CyclicBarrier, doBarrier(ZJ)I >"	7	55
"< Application, LEDU/oswego/cs/dl/util/concurrent/LinkedQueue, isEmpty()Z >"	11	10
"< Application, LEDU/oswego/cs/dl/util/concurrent/WaitFreeQueue, insert(Ljava/lang/Object;)V >"	6	36
"< Application, LEDU/oswego/cs/dl/util/concurrent/SynchronizedByte, or(B)B >"	11	9
"< Application, LEDU/oswego/cs/dl/util/concurrent/WaitableRef, whenNotNull(Ljava/lang/Runnable;)V >"	13	10
"< Application, LEDU/oswego/cs/dl/util/concurrent/WaitableDouble, whenNotEqual(DLjava/lang/Runnable;)V >"	14	13
"< Application, LEDU/oswego/cs/dl/util/concurrent/SynchronizedFloat, get()F >"	7	5
"< Application, LEDU/oswego/cs/dl/util/concurrent/Semaphore, attempt(J)Z >"	4	31
"< Application, Ljavax/servlet/jsp/tagext/TagSupport, class$(Ljava/lang/String;)Ljava/lang/Class; >"	6	6
"< Application, LEDU/oswego/cs/dl/util/concurrent/WaitableInt, whenGreaterEqual(ILjava/lang/Runnable;)V >"	13	11
"< Application, LEDU/oswego/cs/dl/util/concurrent/SyncMap, values()Ljava/util/Collection; >"	15	15
"< Application, LEDU/oswego/cs/dl/util/concurrent/PooledExecutor, createThreads(I)I >"	16	17
"< Application, LEDU/oswego/cs/dl/util/concurrent/WaitableChar, divide(C)C >"	9	9
"< Application, LEDU/oswego/cs/dl/util/concurrent/WaitableLong, decrement()J >"	9	8
"< Application, LEDU/oswego/cs/dl/util/concurrent/BoundedBuffer, poll(J)Ljava/lang/Object; >"	22	24
"< Application, LEDU/oswego/cs/dl/util/concurrent/SynchronizedChar, commit(CC)Z >"	12	10
"< Application, Lhedc/ethz/util/Generator, getBuffer_()[C >"	19	18
"< Application, LEDU/oswego/cs/dl/util/concurrent/SynchronizedLong, increment()J >"	9	7
"< Application, LEDU/oswego/cs/dl/util/concurrent/CondVar, await()V >"	17	11
"< Application, LEDU/oswego/cs/dl/util/concurrent/SyncCollection$SyncCollectionIterator, remove()V >"	13	8
"< Application, LEDU/oswego/cs/dl/util/concurrent/WaitableChar, whenNotEqual(CLjava/lang/Runnable;)V >"	13	11
"< Application, LEDU/oswego/cs/dl/util/concurrent/CopyOnWriteArrayList$COWIterator, next()Ljava/lang/Object; >"	9	9
"< Application, LEDU/oswego/cs/dl/util/concurrent/BoundedBuffer, offer(Ljava/lang/Object;J)Z >"	3	33
"< Application, LEDU/oswego/cs/dl/util/concurrent/BoundedBuffer, poll(J)Ljava/lang/Object; >"	32	26
"< Application, LEDU/oswego/cs/dl/util/concurrent/Rendezvous, doRendezvous(Ljava/lang/Object;ZJ)Ljava/lang/Object; >"	71	34
"< Application, Lhedc/ethz/util/SerializePerformanceTest, makeData_(I)V >"	22	55
"< Application, LEDU/oswego/cs/dl/util/concurrent/WaitableFloat, add(F)F >"	9	9
"< Application, LEDU/oswego/cs/dl/util/concurrent/BoundedBuffer, offer(Ljava/lang/Object;J)Z >"	39	30
"< Application, LEDU/oswego/cs/dl/util/concurrent/SemaphoreControlledChannel, <init>(I)V >"	4	12
"< Application, LEDU/oswego/cs/dl/util/concurrent/SyncCollection, size()I >"	7	8
"< Application, Ljavax/servlet/http/HttpUtils, parsePostData(ILjavax/servlet/ServletInputStream;)Ljava/util/Hashtable; >"	35	17
"< Application, LEDU/oswego/cs/dl/util/concurrent/WaitableDouble, whenLessEqual(DLjava/lang/Runnable;)V >"	14	13
"< Application, LEDU/oswego/cs/dl/util/concurrent/SynchronizedFloat, swap(LEDU/oswego/cs/dl/util/concurrent/SynchronizedFloat;)F >"	20	20
"< Application, LEDU/oswego/cs/dl/util/concurrent/ClockDaemon, executePeriodically(JLjava/lang/Runnable;Z)Ljava/lang/Object; >"	4	18
"< Application, LEDU/oswego/cs/dl/util/concurrent/BoundedBuffer, take()Ljava/lang/Object; >"	18	14
"< Application, LEDU/oswego/cs/dl/util/concurrent/SyncList, set(ILjava/lang/Object;)Ljava/lang/Object; >"	10	11
"< Application, LEDU/oswego/cs/dl/util/concurrent/SyncList$SyncCollectionListIterator, previousIndex()I >"	10	10
"< Application, LEDU/oswego/cs/dl/util/concurrent/WaitableChar, subtract(C)C >"	9	9
"< Application, LEDU/oswego/cs/dl/util/concurrent/CopyOnWriteArrayList$COWSubList$COWSubListIterator, previous()Ljava/lang/Object; >"	7	6
"< Application, LEDU/oswego/cs/dl/util/concurrent/SynchronizedBoolean, or(Z)Z >"	10	8
"< Application, LEDU/oswego/cs/dl/util/concurrent/WaitableByte, commit(BB)Z >"	10	11
"< Application, LEDU/oswego/cs/dl/util/concurrent/VetoableChangeMulticaster, addVetoableChangeListenerIfAbsent(Ljava/beans/VetoableChangeListener;)V >"	3	19
"< Application, LEDU/oswego/cs/dl/util/concurrent/WaitableFloat, divide(F)F >"	9	9
"< Application, LEDU/oswego/cs/dl/util/concurrent/WriterPreferenceReadWriteLock$ReaderLock, acquire()V >"	30	18
"< Application, LEDU/oswego/cs/dl/util/concurrent/SynchronizedInt, divide(I)I >"	9	7
"< Application, LEDU/oswego/cs/dl/util/concurrent/LinkedQueue, poll(J)Ljava/lang/Object; >"	43	37
"< Application, LEDU/oswego/cs/dl/util/concurrent/CopyOnWriteArrayList, addAll(ILjava/util/Collection;)Z >"	13	27
"< Application, LEDU/oswego/cs/dl/util/concurrent/QueuedSemaphore$WaitQueue$WaitNode, doTimedWait(LEDU/oswego/cs/dl/util/concurrent/QueuedSemaphore;J)Z >"	26	21
"< Application, LEDU/oswego/cs/dl/util/concurrent/FJTaskRunnerGroup$InvokableFJTask, run()V >"	14	12
"< Application, LEDU/oswego/cs/dl/util/concurrent/SynchronizedShort, xor(S)S >"	11	9
"< Application, LEDU/oswego/cs/dl/util/concurrent/SynchronizedInt, swap(LEDU/oswego/cs/dl/util/concurrent/SynchronizedInt;)I >"	20	20
"< Application, LEDU/oswego/cs/dl/util/concurrent/TimeDaemon$RunLoop, run()V >"	12	11
"< Application, LEDU/oswego/cs/dl/util/concurrent/SyncCollection, retainAll(Ljava/util/Collection;)Z >"	16	16
"< Application, LEDU/oswego/cs/dl/util/concurrent/SynchronizedFloat, add(F)F >"	9	7
"< Application, LEDU/oswego/cs/dl/util/concurrent/Rendezvous, doRendezvous(Ljava/lang/Object;ZJ)Ljava/lang/Object; >"	53	47
"< Application, LEDU/oswego/cs/dl/util/concurrent/SyncMap, entrySet()Ljava/util/Set; >"	15	15
"< Application, LEDU/oswego/cs/dl/util/concurrent/WaitableFloat, whenGreaterEqual(FLjava/lang/Runnable;)V >"	14	13
"< Application, LEDU/oswego/cs/dl/util/concurrent/LinkedQueue, put(Ljava/lang/Object;)V >"	3	11
"< Application, LEDU/oswego/cs/dl/util/concurrent/SynchronizedLong, xor(J)J >"	10	8
"< Application, LEDU/oswego/cs/dl/util/concurrent/SyncSortedMap, headMap(Ljava/lang/Object;)Ljava/util/SortedMap; >"	11	14
"< Application, LEDU/oswego/cs/dl/util/concurrent/VetoableChangeMulticaster, addVetoableChangeListenerIfAbsent(Ljava/lang/String;Ljava/beans/VetoableChangeListener;)V >"	26	21
"< Application, LEDU/oswego/cs/dl/util/concurrent/SynchronizedDouble, get()D >"	7	5
"< Application, LEDU/oswego/cs/dl/util/concurrent/WaitableInt, whenLessEqual(ILjava/lang/Runnable;)V >"	13	11
"< Application, LEDU/oswego/cs/dl/util/concurrent/SynchronizedDouble, multiply(D)D >"	9	7
"< Application, LEDU/oswego/cs/dl/util/concurrent/WaitableBoolean, or(Z)Z >"	9	9
"< Application, LEDU/oswego/cs/dl/util/concurrent/BoundedLinkedQueue, take()Ljava/lang/Object; >"	4	20
"< Application, LEDU/oswego/cs/dl/util/concurrent/SyncList$SyncCollectionListIterator, previous()Ljava/lang/Object; >"	10	10
"< Application, LEDU/oswego/cs/dl/util/concurrent/SynchronizedShort, divide(S)S >"	10	8
"< Application, LEDU/oswego/cs/dl/util/concurrent/FutureResult, timedGet(J)Ljava/lang/Object; >"	13	24
"< Application, LEDU/oswego/cs/dl/util/concurrent/BoundedBuffer, put(Ljava/lang/Object;)V >"	3	20
"< Application, LEDU/oswego/cs/dl/util/concurrent/LinkedQueue, extract()Ljava/lang/Object; >"	13	9
"< Application, Ljavax/servlet/ServletOutputStream, print(Ljava/lang/String;)V >"	16	27
"< Application, LEDU/oswego/cs/dl/util/concurrent/Rendezvous, doRendezvous(Ljava/lang/Object;ZJ)Ljava/lang/Object; >"	7	92
"< Application, LEDU/oswego/cs/dl/util/concurrent/SyncCollection$SyncCollectionIterator, hasNext()Z >"	10	9
"< Application, LEDU/oswego/cs/dl/util/concurrent/CopyOnWriteArrayList$COWSubList$COWSubListIterator, set(Ljava/lang/Object;)V >"	2	4
"< Application, LEDU/oswego/cs/dl/util/concurrent/SynchronizedBoolean, and(Z)Z >"	10	8
"< Application, LEDU/oswego/cs/dl/util/concurrent/Semaphore, acquire()V >"	22	15
"< Application, LEDU/oswego/cs/dl/util/concurrent/CyclicBarrier, doBarrier(ZJ)I >"	37	41
"< Application, LEDU/oswego/cs/dl/util/concurrent/WaitableChar, whenGreater(CLjava/lang/Runnable;)V >"	13	11
"< Application, LEDU/oswego/cs/dl/util/concurrent/BoundedLinkedQueue, put(Ljava/lang/Object;)V >"	34	19
"< Application, LEDU/oswego/cs/dl/util/concurrent/Mutex, acquire()V >"	14	9
"< Application, LEDU/oswego/cs/dl/util/concurrent/BoundedBuffer, put(Ljava/lang/Object;)V >"	19	14
"< Application, LEDU/oswego/cs/dl/util/concurrent/BoundedLinkedQueue, offer(Ljava/lang/Object;J)Z >"	38	26
"< Application, LEDU/oswego/cs/dl/util/concurrent/WaitableChar, commit(CC)Z >"	10	11
"< Application, LEDU/oswego/cs/dl/util/concurrent/PooledExecutor, setMinimumPoolSize(I)V >"	3	5
"< Application, Lhedc/DateFormatter, parse(Ljava/lang/String;)Ljava/util/Date; >"	10	15
"< Application, LEDU/oswego/cs/dl/util/concurrent/WaitableLong, divide(J)J >"	9	9
"< Application, LEDU/oswego/cs/dl/util/concurrent/SynchronizedInt, increment()I >"	9	7
"< Application, LEDU/oswego/cs/dl/util/concurrent/WaitableShort, whenGreaterEqual(SLjava/lang/Runnable;)V >"	13	11
"< Application, LEDU/oswego/cs/dl/util/concurrent/TimedCallable, call()Ljava/lang/Object; >"	12	16
"< Application, Lhedc/ethz/util/Generator, getBuffer_(Ljava/lang/String;)[C >"	12	12
"< Application, LEDU/oswego/cs/dl/util/concurrent/SemaphoreControlledChannel, offer(Ljava/lang/Object;J)Z >"	3	21
"< Application, LEDU/oswego/cs/dl/util/concurrent/CopyOnWriteArrayList$COWSubList, subList(II)Ljava/util/List; >"	20	18
"< Application, LEDU/oswego/cs/dl/util/concurrent/SynchronizedInt, add(I)I >"	9	7
"< Application, LEDU/oswego/cs/dl/util/concurrent/SynchronizedLong, swap(LEDU/oswego/cs/dl/util/concurrent/SynchronizedLong;)J >"	21	19
"< Application, LEDU/oswego/cs/dl/util/concurrent/PropertyChangeMulticaster, addPropertyChangeListener(Ljava/lang/String;Ljava/beans/PropertyChangeListener;)V >"	3	24
"< Application, LEDU/oswego/cs/dl/util/concurrent/Latch, attempt(J)Z >"	30	21
"< Application, LEDU/oswego/cs/dl/util/concurrent/SyncList, equals(Ljava/lang/Object;)Z >"	7	9
"< Application, LEDU/oswego/cs/dl/util/concurrent/WaitableInt, whenLess(ILjava/lang/Runnable;)V >"	13	11
"< Application, LEDU/oswego/cs/dl/util/concurrent/WaitableDouble, add(D)D >"	9	9
"< Application, LEDU/oswego/cs/dl/util/concurrent/SynchronizedShort, and(S)S >"	11	9
"< Application, LEDU/oswego/cs/dl/util/concurrent/WaitableLong, set(J)J >"	9	9
"< Application, LEDU/oswego/cs/dl/util/concurrent/SynchronizedInt, or(I)I >"	10	8
"< Application, LEDU/oswego/cs/dl/util/concurrent/WaitableInt, decrement()I >"	9	8
"< Application, LEDU/oswego/cs/dl/util/concurrent/WaitableBoolean, whenNotEqual(ZLjava/lang/Runnable;)V >"	13	11
"< Application, Lhedc/ethz/util/Ftp, closeServer()V >"	28	12
"< Application, LEDU/oswego/cs/dl/util/concurrent/CondVar, timedwait(J)Z >"	48	25
"< Application, LEDU/oswego/cs/dl/util/concurrent/CopyOnWriteArrayList, clone()Ljava/lang/Object; >"	13	8
"< Application, LEDU/oswego/cs/dl/util/concurrent/LinkedQueue, poll(J)Ljava/lang/Object; >"	40	30
"< Application, LEDU/oswego/cs/dl/util/concurrent/CopyOnWriteArrayList$COWSubList, get(I)Ljava/lang/Object; >"	12	12
"< Application, LEDU/oswego/cs/dl/util/concurrent/WaitableChar, whenLess(CLjava/lang/Runnable;)V >"	13	11
"< Application, LEDU/oswego/cs/dl/util/concurrent/SemaphoreControlledChannel, take()Ljava/lang/Object; >"	4	15
"< Application, LEDU/oswego/cs/dl/util/concurrent/SynchronizedLong, set(J)J >"	8	6
"< Application, LEDU/oswego/cs/dl/util/concurrent/SynchronizedInt, decrement()I >"	9	7
"< Application, Lhedc/MetaSearchImpl, search(Ljava/util/Hashtable;Lhedc/MetaSearchRequest;)Ljava/util/List; >"	18	36
"< Application, LEDU/oswego/cs/dl/util/concurrent/WaitableInt, increment()I >"	9	8
"< Application, LEDU/oswego/cs/dl/util/concurrent/WaitableInt, multiply(I)I >"	9	9
"< Application, LEDU/oswego/cs/dl/util/concurrent/SynchronizedInt, get()I >"	7	5
"< Application, LEDU/oswego/cs/dl/util/concurrent/WaitableDouble, whenLess(DLjava/lang/Runnable;)V >"	14	13
"< Application, LEDU/oswego/cs/dl/util/concurrent/SynchronizedByte, get()B >"	7	5
"< Application, LEDU/oswego/cs/dl/util/concurrent/WaitableFloat, whenLess(FLjava/lang/Runnable;)V >"	14	13
"< Application, LEDU/oswego/cs/dl/util/concurrent/ReentrantLock, acquire()V >"	4	18
"< Application, LEDU/oswego/cs/dl/util/concurrent/WaitableShort, decrement()S >"	9	8
"< Application, LEDU/oswego/cs/dl/util/concurrent/BoundedLinkedQueue, put(Ljava/lang/Object;)V >"	23	15
"< Application, Lhedc/ethz/util/Ftp, nlst(Ljava/lang/String;)Ljava/util/Enumeration; >"	54	86
"< Application, LEDU/oswego/cs/dl/util/concurrent/SyncCollection, removeAll(Ljava/util/Collection;)Z >"	16	16
"< Application, LEDU/oswego/cs/dl/util/concurrent/WaiterPreferenceSemaphore, attempt(J)Z >"	51	26
"< Application, LEDU/oswego/cs/dl/util/concurrent/SynchronizedVariable, execute(Ljava/lang/Runnable;)V >"	12	9
"< Application, LEDU/oswego/cs/dl/util/concurrent/Mutex, attempt(J)Z >"	35	23
"< Application, LEDU/oswego/cs/dl/util/concurrent/SynchronizedLong, decrement()J >"	9	7
"< Application, LEDU/oswego/cs/dl/util/concurrent/WaitableByte, add(B)B >"	9	9
"< Application, LEDU/oswego/cs/dl/util/concurrent/SynchronizedShort, swap(LEDU/oswego/cs/dl/util/concurrent/SynchronizedShort;)S >"	20	20
"< Application, LEDU/oswego/cs/dl/util/concurrent/VetoableChangeMulticaster, <init>(Ljava/lang/Object;)V >"	6	8
"< Application, LEDU/oswego/cs/dl/util/concurrent/SyncMap, remove(Ljava/lang/Object;)Ljava/lang/Object; >"	16	16
"< Application, LEDU/oswego/cs/dl/util/concurrent/BoundedBuffer, take()Ljava/lang/Object; >"	4	16
"< Application, LEDU/oswego/cs/dl/util/concurrent/WaitableDouble, set(D)D >"	9	9
"< Application, LEDU/oswego/cs/dl/util/concurrent/WaitableLong, whenNotEqual(JLjava/lang/Runnable;)V >"	14	13
"< Application, LEDU/oswego/cs/dl/util/concurrent/SynchronousChannel, doPut(Ljava/lang/Object;)V >"	18	17
"< Application, LEDU/oswego/cs/dl/util/concurrent/SynchronizedInt, complement()I >"	10	8
"< Application, LEDU/oswego/cs/dl/util/concurrent/LinkedQueue, insert(Ljava/lang/Object;)V >"	13	9
"< Application, LEDU/oswego/cs/dl/util/concurrent/ReentrantLock, attempt(J)Z >"	4	34
"< Application, LEDU/oswego/cs/dl/util/concurrent/SynchronizedByte, swap(LEDU/oswego/cs/dl/util/concurrent/SynchronizedByte;)B >"	20	20
"< Application, LEDU/oswego/cs/dl/util/concurrent/CopyOnWriteArrayList$COWSubList$COWSubListIterator, next()Ljava/lang/Object; >"	7	6
"< Application, LEDU/oswego/cs/dl/util/concurrent/WaitableBoolean, complement()Z >"	9	8
"< Application, LEDU/oswego/cs/dl/util/concurrent/WaitableFloat, multiply(F)F >"	9	9
"< Application, LEDU/oswego/cs/dl/util/concurrent/SynchronizedShort, swap(LEDU/oswego/cs/dl/util/concurrent/SynchronizedShort;)S >"	23	21
"< Application, LEDU/oswego/cs/dl/util/concurrent/SemaphoreControlledChannel, offer(Ljava/lang/Object;J)Z >"	20	15
"< Application, LEDU/oswego/cs/dl/util/concurrent/SynchronizedShort, negate()S >"	11	8
"< Application, LEDU/oswego/cs/dl/util/concurrent/SynchronizedByte, complement()B >"	11	9
"< Application, LEDU/oswego/cs/dl/util/concurrent/WaitableInt, divide(I)I >"	9	9
"< Application, LEDU/oswego/cs/dl/util/concurrent/SyncList$SyncCollectionListIterator, add(Ljava/lang/Object;)V >"	13	10
"< Application, LEDU/oswego/cs/dl/util/concurrent/SynchronizedChar, subtract(C)C >"	10	8
"< Application, LEDU/oswego/cs/dl/util/concurrent/Semaphore, release(J)V >"	4	14
"< Application, LEDU/oswego/cs/dl/util/concurrent/WaitableByte, divide(B)B >"	9	9
"< Application, LEDU/oswego/cs/dl/util/concurrent/LinkedQueue, poll(J)Ljava/lang/Object; >"	4	40
"< Application, LEDU/oswego/cs/dl/util/concurrent/WriterPreferenceReadWriteLock$ReaderLock, attempt(J)Z >"	48	30
"< Application, LEDU/oswego/cs/dl/util/concurrent/SemaphoreControlledChannel, take()Ljava/lang/Object; >"	14	12
"< Application, LEDU/oswego/cs/dl/util/concurrent/CountDown, acquire()V >"	4	9
"< Application, LEDU/oswego/cs/dl/util/concurrent/SyncMap, remove(Ljava/lang/Object;)Ljava/lang/Object; >"	10	9
"< Application, LEDU/oswego/cs/dl/util/concurrent/SemaphoreControlledChannel, poll(J)Ljava/lang/Object; >"	16	14
"< Application, LEDU/oswego/cs/dl/util/concurrent/PooledExecutor, execute(Ljava/lang/Runnable;)V >"	23	24
"< Application, Ljavax/servlet/http/NoBodyOutputStream, write([BII)V >"	9	11
"< Application, Ljavax/servlet/http/Cookie, clone()Ljava/lang/Object; >"	6	6
"< Application, LEDU/oswego/cs/dl/util/concurrent/LinkedQueue, offer(Ljava/lang/Object;J)Z >"	8	11
"< Application, LEDU/oswego/cs/dl/util/concurrent/WaiterPreferenceSemaphore, acquire()V >"	38	26
"< Application, LEDU/oswego/cs/dl/util/concurrent/WaitableRef, whenNull(Ljava/lang/Runnable;)V >"	13	10
"< Application, LEDU/oswego/cs/dl/util/concurrent/SynchronizedDouble, swap(LEDU/oswego/cs/dl/util/concurrent/SynchronizedDouble;)D >"	20	20
"< Application, LEDU/oswego/cs/dl/util/concurrent/SynchronizedFloat, divide(F)F >"	9	7
"< Application, LEDU/oswego/cs/dl/util/concurrent/BoundedLinkedQueue, setCapacity(I)V >"	3	10
"< Application, LEDU/oswego/cs/dl/util/concurrent/SyncMap, size()I >"	7	8
"< Application, LEDU/oswego/cs/dl/util/concurrent/LayeredSync, acquire()V >"	8	7
"< Application, LEDU/oswego/cs/dl/util/concurrent/WaitableDouble, divide(D)D >"	9	9
"< Application, LEDU/oswego/cs/dl/util/concurrent/SyncCollection, add(Ljava/lang/Object;)Z >"	16	16
"< Application, LEDU/oswego/cs/dl/util/concurrent/CopyOnWriteArrayList$COWSubList, checkForComodification()V >"	6	6
"< Application, LEDU/oswego/cs/dl/util/concurrent/SynchronizedChar, set(C)C >"	8	6
"< Application, LEDU/oswego/cs/dl/util/concurrent/CountDown, attempt(J)Z >"	4	22
"< Application, LEDU/oswego/cs/dl/util/concurrent/SynchronizedBoolean, complement()Z >"	12	9
"< Application, LEDU/oswego/cs/dl/util/concurrent/SemaphoreControlledChannel, put(Ljava/lang/Object;)V >"	18	13
"< Application, LEDU/oswego/cs/dl/util/concurrent/CopyOnWriteArrayList$COWSubList, remove(I)Ljava/lang/Object; >"	18	17
"< Application, LEDU/oswego/cs/dl/util/concurrent/FJTaskRunner, checkOverflow()V >"	46	30
"< Application, LEDU/oswego/cs/dl/util/concurrent/BoundedBuffer, offer(Ljava/lang/Object;J)Z >"	8	31
"< Application, LEDU/oswego/cs/dl/util/concurrent/SynchronizedLong, subtract(J)J >"	9	7
"< Application, LEDU/oswego/cs/dl/util/concurrent/SynchronizedBoolean, swap(LEDU/oswego/cs/dl/util/concurrent/SynchronizedBoolean;)Z >"	20	20
"< Application, LEDU/oswego/cs/dl/util/concurrent/SyncList$SyncCollectionListIterator, hasPrevious()Z >"	10	10
"< Application, LEDU/oswego/cs/dl/util/concurrent/SyncList$SyncCollectionListIterator, set(Ljava/lang/Object;)V >"	20	18
"< Application, LEDU/oswego/cs/dl/util/concurrent/WaitableShort, divide(S)S >"	9	9
"< Application, LEDU/oswego/cs/dl/util/concurrent/SynchronizedLong, commit(JJ)Z >"	13	11
"< Application, LEDU/oswego/cs/dl/util/concurrent/SynchronizedShort, or(S)S >"	11	9
"< Application, LEDU/oswego/cs/dl/util/concurrent/SyncMap, clear()V >"	10	7
"< Application, LEDU/oswego/cs/dl/util/concurrent/SynchronizedChar, add(C)C >"	10	8
"< Application, LEDU/oswego/cs/dl/util/concurrent/SyncCollection, clear()V >"	10	7
"< Application, LEDU/oswego/cs/dl/util/concurrent/BoundedBuffer, offer(Ljava/lang/Object;J)Z >"	29	27
"< Application, LEDU/oswego/cs/dl/util/concurrent/WaiterPreferenceSemaphore, attempt(J)Z >"	4	40
"< Application, LEDU/oswego/cs/dl/util/concurrent/SyncList, lastIndexOf(Ljava/lang/Object;)I >"	7	10
"< Application, Lhedc/regexp/RegexpCompiler, compileAlternative(Lhedc/regexp/CompilerState;Lhedc/regexp/Regexp;)Lhedc/regexp/Regexp; >"	33	80
"< Application, Lhedc/PooledExecutorWithInvalidate, execute(Lhedc/Task;)V >"	23	24
"< Application, LEDU/oswego/cs/dl/util/concurrent/SynchronizedLong, get()J >"	7	5
"< Application, LEDU/oswego/cs/dl/util/concurrent/BoundedLinkedQueue, put(Ljava/lang/Object;)V >"	8	21
"< Application, LEDU/oswego/cs/dl/util/concurrent/CopyOnWriteArrayList, subList(II)Ljava/util/List; >"	7	10
"< Application, LEDU/oswego/cs/dl/util/concurrent/Latch, attempt(J)Z >"	4	22
"< Application, LEDU/oswego/cs/dl/util/concurrent/BoundedLinkedQueue, isEmpty()Z >"	11	10
"< Application, LEDU/oswego/cs/dl/util/concurrent/WriterPreferenceReadWriteLock$WriterLock, acquire()V >"	4	25
"< Application, LEDU/oswego/cs/dl/util/concurrent/SyncList, addAll(ILjava/util/Collection;)Z >"	16	18
"< Application, LEDU/oswego/cs/dl/util/concurrent/SynchronizedByte, add(B)B >"	10	8
"< Application, LEDU/oswego/cs/dl/util/concurrent/WriterPreferenceReadWriteLock$ReaderLock, acquire()V >"	4	24
"< Application, LEDU/oswego/cs/dl/util/concurrent/WaitableChar, whenEqual(CLjava/lang/Runnable;)V >"	13	11
"< Application, LEDU/oswego/cs/dl/util/concurrent/WaitableFloat, subtract(F)F >"	9	9
"< Application, LEDU/oswego/cs/dl/util/concurrent/SemaphoreControlledChannel, put(Ljava/lang/Object;)V >"	3	18
"< Application, LEDU/oswego/cs/dl/util/concurrent/WaitableByte, whenLess(BLjava/lang/Runnable;)V >"	13	11
"< Application, LEDU/oswego/cs/dl/util/concurrent/Mutex, acquire()V >"	19	11
"< Application, LEDU/oswego/cs/dl/util/concurrent/WaitableDouble, commit(DD)Z >"	10	11
"< Application, LEDU/oswego/cs/dl/util/concurrent/SynchronizedInt, subtract(I)I >"	9	7
"< Application, LEDU/oswego/cs/dl/util/concurrent/PropertyChangeMulticaster, addPropertyChangeListenerIfAbsent(Ljava/lang/String;Ljava/beans/PropertyChangeListener;)V >"	26	21
"< Application, LEDU/oswego/cs/dl/util/concurrent/WaitableShort, whenLessEqual(SLjava/lang/Runnable;)V >"	13	11
"< Application, LEDU/oswego/cs/dl/util/concurrent/SyncCollection, removeAll(Ljava/util/Collection;)Z >"	10	9
"< Application, LEDU/oswego/cs/dl/util/concurrent/CopyOnWriteArrayList$COWSubList$COWSubListIterator, add(Ljava/lang/Object;)V >"	2	4
"< Application, LEDU/oswego/cs/dl/util/concurrent/SynchronizedByte, commit(BB)Z >"	12	10
"< Application, LEDU/oswego/cs/dl/util/concurrent/VetoableChangeMulticaster, multicast(Ljava/beans/PropertyChangeEvent;)V >"	47	26
"< Application, LEDU/oswego/cs/dl/util/concurrent/CountDown, attempt(J)Z >"	30	21
"< Application, LEDU/oswego/cs/dl/util/concurrent/WaitableInt, commit(II)Z >"	10	11
"< Application, LEDU/oswego/cs/dl/util/concurrent/QueuedSemaphore, release(J)V >"	4	12
"< Application, LEDU/oswego/cs/dl/util/concurrent/QueuedExecutor$RunLoop, run()V >"	14	13
"< Application, LEDU/oswego/cs/dl/util/concurrent/SyncSortedSet, subSet(Ljava/lang/Object;Ljava/lang/Object;)Ljava/util/SortedSet; >"	11	15
"< Application, LEDU/oswego/cs/dl/util/concurrent/WaitableDouble, whenEqual(DLjava/lang/Runnable;)V >"	14	13
"< Application, LEDU/oswego/cs/dl/util/concurrent/WaitableFloat, commit(FF)Z >"	10	11
"< Application, LEDU/oswego/cs/dl/util/concurrent/QueuedSemaphore$WaitQueue$WaitNode, doWait(LEDU/oswego/cs/dl/util/concurrent/QueuedSemaphore;)V >"	11	9
"< Application, LEDU/oswego/cs/dl/util/concurrent/SynchronizedByte, negate()B >"	11	8
"< Application, LEDU/oswego/cs/dl/util/concurrent/WaitableByte, subtract(B)B >"	9	9
"< Application, LEDU/oswego/cs/dl/util/concurrent/BoundedLinkedQueue, peek()Ljava/lang/Object; >"	12	8
"< Application, LEDU/oswego/cs/dl/util/concurrent/SyncList, indexOf(Ljava/lang/Object;)I >"	7	10
"< Application, LEDU/oswego/cs/dl/util/concurrent/SynchronizedBoolean, set(Z)Z >"	8	6
"< Application, LEDU/oswego/cs/dl/util/concurrent/SynchronizedShort, decrement()S >"	10	8
"< Application, LEDU/oswego/cs/dl/util/concurrent/Semaphore, attempt(J)Z >"	38	22
"< Application, LEDU/oswego/cs/dl/util/concurrent/CondVar, await()V >"	38	12
"< Application, LEDU/oswego/cs/dl/util/concurrent/SynchronizedFloat, set(F)F >"	8	6
"< Application, LEDU/oswego/cs/dl/util/concurrent/CyclicBarrier, <init>(ILjava/lang/Runnable;)V >"	7	8
"< Application, Lhedc/ethz/util/Generator, putBuffer_([C)V >"	14	12
"< Application, LEDU/oswego/cs/dl/util/concurrent/CopyOnWriteArrayList$COWSubList, iterator()Ljava/util/Iterator; >"	9	8
"< Application, LEDU/oswego/cs/dl/util/concurrent/WaitableShort, whenLess(SLjava/lang/Runnable;)V >"	13	11
"< Application, Lhedc/MetaSearchImpl, search(Ljava/util/Hashtable;Lhedc/MetaSearchRequest;)Ljava/util/List; >"	21	24
"< Application, LEDU/oswego/cs/dl/util/concurrent/Latch, acquire()V >"	14	8
