"< Application, LEDU/oswego/cs/dl/util/concurrent/PropertyChangeMulticaster, removePropertyChangeListener(Ljava/beans/PropertyChangeListener;)V >"	18	26	25	28
"< Application, Lhedc/ethz/util/SerializePerformanceTest, main([Ljava/lang/String;)V >"	9	15	1	6
"< Application, LEDU/oswego/cs/dl/util/concurrent/VetoableChangeMulticaster, writeObject(Ljava/io/ObjectOutputStream;)V >"	8	11	10	18
"< Application, Lhedc/ethz/util/Generator, generateThroughBuffer(Ljava/lang/String;Ljava/io/Writer;Ljava/util/Hashtable;)J >"	21	22	9	20
"< Application, Ljavax/servlet/jsp/tagext/TagAttributeInfo, getIdAttribute([Ljavax/servlet/jsp/tagext/TagAttributeInfo;)Ljavax/servlet/jsp/tagext/TagAttributeInfo; >"	1	5	1	13
"< Application, Lhedc/ethz/util/Generator, generateThroughBuffer(Ljava/lang/String;Ljava/io/Writer;Ljava/util/Hashtable;)J >"	19	21	9	20
"< Application, LEDU/oswego/cs/dl/util/concurrent/Heap, peek()Ljava/lang/Object; >"	3	7	6	4
"< Application, Lhedc/DateFormatter, parse(Ljava/lang/String;Ljava/text/ParsePosition;)Ljava/util/Date; >"	102	66	50	56
"< Application, Lhedc/regexp/CharArrayState, indexOf(II)I >"	4	7	5	10
"< Application, LEDU/oswego/cs/dl/util/concurrent/VetoableChangeMulticaster, multicast(Ljava/beans/PropertyChangeEvent;)V >"	41	41	5	45
"< Application, Lhedc/ethz/util/Generator, generateThroughBuffer(Ljava/io/Reader;Ljava/io/Writer;Ljava/util/Hashtable;)J >"	27	29	9	27
"< Application, Lhedc/regexp/Regexp, main([Ljava/lang/String;)V >"	14	20	1	55
"< Application, LEDU/oswego/cs/dl/util/concurrent/CopyOnWriteArrayList, remove(Ljava/lang/Object;)Z >"	21	30	29	32
"< Application, Lhedc/regexp/Literal, advance(Lhedc/regexp/State;)Lhedc/regexp/Regexp; >"	26	15	12	21
"< Application, Lhedc/regexp/CharArrayState, getGroupString(I)Ljava/lang/String; >"	8	13	12	2
"< Application, Lhedc/ethz/util/Generator, generateThroughBuffer(Ljava/io/Reader;Ljava/io/Writer;Ljava/util/Hashtable;)J >"	15	23	9	62
"< Application, Lhedc/ethz/util/RmiLogger, log(Ljava/lang/String;Ljava/util/Hashtable;Ljava/lang/String;Ljava/lang/String;Ljava/lang/String;Ljava/lang/Object;J)V >"	37	74	73	23
"< Application, LEDU/oswego/cs/dl/util/concurrent/VetoableChangeMulticaster, removeVetoableChangeListener(Ljava/beans/VetoableChangeListener;)V >"	10	12	11	18
"< Application, Lhedc/regexp/CharClass, addChar(I)V >"	2	7	4	6
"< Application, Lhedc/regexp/State, getGroupLength(I)I >"	2	6	5	2
"< Application, Lhedc/DateFormatter, format(Ljava/util/Date;Ljava/lang/StringBuffer;Ljava/text/FieldPosition;)Ljava/lang/StringBuffer; >"	133	144	143	15
"< Application, LEDU/oswego/cs/dl/util/concurrent/CopyOnWriteArrayList, writeObject(Ljava/io/ObjectOutputStream;)V >"	7	11	6	15
"< Application, Lhedc/DateFormatter, format(Ljava/util/Date;Ljava/lang/StringBuffer;Ljava/text/FieldPosition;)Ljava/lang/StringBuffer; >"	59	59	58	51
"< Application, Lhedc/regexp/State, validateGroup(I)V >"	9	12	11	2
"< Application, Lhedc/regexp/State, getGroupEnd(I)I >"	2	6	5	2
"< Application, Lhedc/DateFormatter, parse(Ljava/lang/String;Ljava/text/ParsePosition;)Ljava/util/Date; >"	84	50	46	59
"< Application, Lhedc/regexp/State, getGroupLength(I)I >"	4	8	7	2
"< Application, LEDU/oswego/cs/dl/util/concurrent/CopyOnWriteArrayList, remove(Ljava/lang/Object;)Z >"	13	14	13	20
"< Application, LEDU/oswego/cs/dl/util/concurrent/Heap, insert(Ljava/lang/Object;)V >"	28	32	31	25
"< Application, Lhedc/ethz/util/Estimator, estimate(D)D >"	23	21	20	35
"< Application, LEDU/oswego/cs/dl/util/concurrent/CopyOnWriteArrayList, retainAll(Ljava/util/Collection;)Z >"	7	8	4	16
"< Application, LEDU/oswego/cs/dl/util/concurrent/CopyOnWriteArrayList, set(ILjava/lang/Object;)Ljava/lang/Object; >"	4	9	8	2
"< Application, LEDU/oswego/cs/dl/util/concurrent/Rendezvous$Rotator, rendezvousFunction([Ljava/lang/Object;)V >"	2	8	2	7
"< Application, Lhedc/regexp/Literal, advance(Lhedc/regexp/State;)Lhedc/regexp/Regexp; >"	18	33	29	32
"< Application, Lhedc/ethz/util/ObservableProperties, putValue(Ljava/lang/String;Ljava/lang/String;)Z >"	36	52	51	59
"< Application, LEDU/oswego/cs/dl/util/concurrent/FJTaskRunnerGroup, signalNewTask()V >"	11	13	10	11
"< Application, Lhedc/Messages, formatArray([I)Ljava/lang/String; >"	12	16	1	27
"< Application, Lhedc/Messages, format(Ljava/lang/String;[Ljava/lang/Object;)Ljava/lang/String; >"	35	49	2	29
"< Application, LEDU/oswego/cs/dl/util/concurrent/PropertyChangeMulticaster, removePropertyChangeListener(Ljava/beans/PropertyChangeListener;)V >"	10	12	11	18
"< Application, LEDU/oswego/cs/dl/util/concurrent/FJTaskRunnerGroup, setActive(LEDU/oswego/cs/dl/util/concurrent/FJTaskRunner;)V >"	14	16	13	14
"< Application, LEDU/oswego/cs/dl/util/concurrent/VetoableChangeMulticaster, writeObject(Ljava/io/ObjectOutputStream;)V >"	12	14	13	18
"< Application, LEDU/oswego/cs/dl/util/concurrent/PropertyChangeMulticaster, removePropertyChangeListener(Ljava/beans/PropertyChangeListener;)V >"	30	20	19	7
"< Application, LEDU/oswego/cs/dl/util/concurrent/CopyOnWriteArrayList, addIfAbsent(Ljava/lang/Object;)Z >"	7	11	10	20
"< Application, Ljavax/servlet/jsp/tagext/TagInfo, toString()Ljava/lang/String; >"	35	64	63	75
"< Application, LEDU/oswego/cs/dl/util/concurrent/FJTaskRunner, push(LEDU/oswego/cs/dl/util/concurrent/FJTask;)V >"	15	20	15	19
"< Application, LEDU/oswego/cs/dl/util/concurrent/VetoableChangeMulticaster, multicast(Ljava/beans/PropertyChangeEvent;)V >"	19	20	5	24
"< Application, Ljavax/servlet/http/HttpUtils, parseQueryString(Ljava/lang/String;)Ljava/util/Hashtable; >"	31	41	36	43
"< Application, Lhedc/Messages, format(Ljava/lang/String;[Ljava/lang/Object;)Ljava/lang/String; >"	41	56	2	29
"< Application, Lhedc/ethz/util/Estimator, sample(DD)V >"	10	18	17	6
"< Application, Lhedc/ethz/util/Estimator, estimate(D)D >"	29	25	24	6
"< Application, Lhedc/Messages, format(Ljava/lang/String;[Ljava/lang/Object;)Ljava/lang/String; >"	24	37	2	29
"< Application, LEDU/oswego/cs/dl/util/concurrent/FJTaskRunner, checkOverflow()V >"	30	51	50	57
"< Application, LEDU/oswego/cs/dl/util/concurrent/FJTaskRunner, pop()LEDU/oswego/cs/dl/util/concurrent/FJTask; >"	11	15	10	14
"< Application, Lhedc/DateFormatter, equals(Ljava/lang/Object;Ljava/lang/Object;)Z >"	24	18	11	16
"< Application, Lhedc/ethz/util/HttpLogger, log(Ljavax/servlet/http/HttpServletRequest;Ljavax/servlet/http/HttpServletResponse;JIJ)V >"	36	75	74	23
"< Application, Lhedc/regexp/Literal, firstCharacter()I >"	4	6	5	4
"< Application, Lhedc/regexp/Regexp, main([Ljava/lang/String;)V >"	17	24	1	55
"< Application, Ljavax/servlet/jsp/tagext/TagLibraryInfo, getTag(Ljava/lang/String;)Ljavax/servlet/jsp/tagext/TagInfo; >"	8	10	5	17
"< Application, LEDU/oswego/cs/dl/util/concurrent/FJTaskRunner, coInvoke([LEDU/oswego/cs/dl/util/concurrent/FJTask;)V >"	38	38	2	52
"< Application, Lhedc/ethz/util/Ftp, nlst(Ljava/lang/String;)Ljava/util/Enumeration; >"	11	19	7	30
"< Application, LEDU/oswego/cs/dl/util/concurrent/CopyOnWriteArrayList, indexOf(Ljava/lang/Object;I)I >"	5	16	6	18
"< Application, LEDU/oswego/cs/dl/util/concurrent/CopyOnWriteArrayList, addIfAbsent(Ljava/lang/Object;)Z >"	11	14	13	20
"< Application, Lhedc/ethz/util/Generator, generateThroughBuffer(Ljava/lang/String;Ljava/io/Writer;Ljava/util/Hashtable;)J >"	7	14	9	55
"< Application, Lhedc/regexp/Regexp, main([Ljava/lang/String;)V >"	40	56	1	55
"< Application, LEDU/oswego/cs/dl/util/concurrent/Rendezvous, doRendezvous(Ljava/lang/Object;ZJ)Ljava/lang/Object; >"	74	74	73	17
"< Application, LEDU/oswego/cs/dl/util/concurrent/PropertyChangeMulticaster, writeObject(Ljava/io/ObjectOutputStream;)V >"	8	11	10	18
"< Application, Lhedc/ethz/util/Generator, generate(Ljava/io/Writer;Ljava/util/Hashtable;[C)J >"	19	19	3	17
"< Application, Lhedc/DateFormatter, format(Ljava/util/Date;Ljava/lang/StringBuffer;Ljava/text/FieldPosition;)Ljava/lang/StringBuffer; >"	143	154	143	153
"< Application, LEDU/oswego/cs/dl/util/concurrent/VetoableChangeMulticaster, removeVetoableChangeListener(Ljava/beans/VetoableChangeListener;)V >"	18	26	25	28
"< Application, Lhedc/ethz/util/Generator, generate(Ljava/io/Writer;Ljava/util/Hashtable;[C)J >"	9	44	3	52
"< Application, Lhedc/regexp/CharArrayState, lastIndexOf(II)I >"	3	7	5	10
"< Application, LEDU/oswego/cs/dl/util/concurrent/PropertyChangeMulticaster, addPropertyChangeListenerIfAbsent(Ljava/beans/PropertyChangeListener;)V >"	11	12	11	18
"< Application, LEDU/oswego/cs/dl/util/concurrent/FJTaskRunner, confirmTake(I)LEDU/oswego/cs/dl/util/concurrent/FJTask; >"	9	13	7	12
"< Application, Lhedc/DateFormatter, parse(Ljava/lang/String;Ljava/text/ParsePosition;)Ljava/util/Date; >"	99	63	50	5
"< Application, LEDU/oswego/cs/dl/util/concurrent/PropertyChangeMulticaster, removePropertyChangeListener(Ljava/beans/PropertyChangeListener;)V >"	25	16	15	18
"< Application, LEDU/oswego/cs/dl/util/concurrent/PropertyChangeMulticaster, writeObject(Ljava/io/ObjectOutputStream;)V >"	6	9	8	18
"< Application, LEDU/oswego/cs/dl/util/concurrent/CopyOnWriteArrayList, remove(Ljava/lang/Object;)Z >"	28	18	17	20
"< Application, LEDU/oswego/cs/dl/util/concurrent/FJTaskRunner, coInvoke(LEDU/oswego/cs/dl/util/concurrent/FJTask;LEDU/oswego/cs/dl/util/concurrent/FJTask;)V >"	15	21	16	20
"< Application, LEDU/oswego/cs/dl/util/concurrent/FJTaskRunnerGroup, setRunPriorities(I)V >"	5	8	7	14
"< Application, Lhedc/regexp/StringState, getGroupString(I)Ljava/lang/String; >"	6	11	10	2
"< Application, LEDU/oswego/cs/dl/util/concurrent/VetoableChangeMulticaster, removeVetoableChangeListener(Ljava/beans/VetoableChangeListener;)V >"	25	16	15	18
"< Application, LEDU/oswego/cs/dl/util/concurrent/FJTaskRunner, coInvoke([LEDU/oswego/cs/dl/util/concurrent/FJTask;)V >"	22	25	19	24
"< Application, Lhedc/ethz/util/Ftp, main([Ljava/lang/String;)V >"	1	5	1	4
"< Application, LEDU/oswego/cs/dl/util/concurrent/CopyOnWriteArrayList, indexOf(Ljava/lang/Object;[Ljava/lang/Object;I)I >"	3	13	2	15
"< Application, LEDU/oswego/cs/dl/util/concurrent/PropertyChangeMulticaster, multicast(Ljava/beans/PropertyChangeEvent;)V >"	19	20	5	24
"< Application, Lhedc/regexp/CharClass, merge(Lhedc/regexp/CharClass;Z)V >"	10	14	13	18
"< Application, Lhedc/regexp/Regexp, main([Ljava/lang/String;)V >"	1	5	1	4
"< Application, Ljavax/servlet/jsp/tagext/TagData, <init>([[Ljava/lang/Object;)V >"	11	16	14	15
"< Application, LEDU/oswego/cs/dl/util/concurrent/CopyOnWriteArrayList, remove(Ljava/lang/Object;)Z >"	37	24	23	8
"< Application, Lhedc/regexp/State, getGroupStart(I)I >"	2	6	5	2
"< Application, LEDU/oswego/cs/dl/util/concurrent/Rendezvous, doRendezvous(Ljava/lang/Object;ZJ)Ljava/lang/Object; >"	96	60	59	17
"< Application, LEDU/oswego/cs/dl/util/concurrent/FJTaskRunner, confirmPop(I)LEDU/oswego/cs/dl/util/concurrent/FJTask; >"	7	13	7	12
"< Application, LEDU/oswego/cs/dl/util/concurrent/FJTaskRunner, put(LEDU/oswego/cs/dl/util/concurrent/FJTask;)V >"	12	17	16	15
"< Application, Lhedc/DateFormatter, format(Ljava/util/Date;Ljava/lang/StringBuffer;Ljava/text/FieldPosition;)Ljava/lang/StringBuffer; >"	81	85	84	75
"< Application, Lhedc/ethz/util/URLConnectionReader, main([Ljava/lang/String;)V >"	5	7	1	6
"< Application, Lhedc/regexp/Regexp, main([Ljava/lang/String;)V >"	25	32	1	55
"< Application, Lhedc/regexp/Regexp, main([Ljava/lang/String;)V >"	21	28	1	55
"< Application, LEDU/oswego/cs/dl/util/concurrent/FJTaskRunnerGroup, setScanPriorities(I)V >"	5	8	7	14
"< Application, Lhedc/ethz/util/ObservableProperties, registerObserver(Lhedc/ethz/util/PropertyMonitoring;)V >"	5	8	7	12
"< Application, Ljavax/servlet/http/HttpServlet, getAllDeclaredMethods(Ljava/lang/Class;)[Ljava/lang/reflect/Method; >"	22	31	15	30
"< Application, LEDU/oswego/cs/dl/util/concurrent/PrioritySemaphore$PriorityWaitQueue, insert(LEDU/oswego/cs/dl/util/concurrent/QueuedSemaphore$WaitQueue$WaitNode;)V >"	4	11	10	9
"< Application, Lhedc/DateFormatter, parse(Ljava/lang/String;Ljava/text/ParsePosition;)Ljava/util/Date; >"	150	131	104	129
"< Application, LEDU/oswego/cs/dl/util/concurrent/CopyOnWriteArrayList, get(I)Ljava/lang/Object; >"	3	8	5	2
"< Application, Lhedc/ethz/util/Estimator, estimate(D)D >"	6	37	36	6
"< Application, Lhedc/regexp/CharClass, merge(Lhedc/regexp/CharClass;Z)V >"	5	9	8	18
"< Application, Lhedc/ethz/util/Estimator, estimate(D)D >"	33	28	27	34
"< Application, LEDU/oswego/cs/dl/util/concurrent/FJTaskRunner, coInvoke([LEDU/oswego/cs/dl/util/concurrent/FJTask;)V >"	23	26	2	30
"< Application, LEDU/oswego/cs/dl/util/concurrent/FJTaskRunner, checkOverflow()V >"	54	22	18	21
"< Application, LEDU/oswego/cs/dl/util/concurrent/Heap, extract()Ljava/lang/Object; >"	20	20	19	14
"< Application, Lhedc/ethz/util/Generator, generateThroughBuffer(Ljava/io/Reader;Ljava/io/Writer;Ljava/util/Hashtable;)J >"	25	28	9	27
"< Application, Lhedc/Messages, formatArray([Ljava/lang/Object;)Ljava/lang/String; >"	12	16	1	27
"< Application, Lhedc/ethz/util/Estimator, sample(DD)V >"	6	14	13	6
"< Application, LEDU/oswego/cs/dl/util/concurrent/BoundedBuffer, peek()Ljava/lang/Object; >"	5	8	6	7
"< Application, Ljavax/servlet/http/HttpServlet, getAllDeclaredMethods(Ljava/lang/Class;)[Ljava/lang/reflect/Method; >"	13	22	13	25
"< Application, LEDU/oswego/cs/dl/util/concurrent/FJTask$Seq, run()V >"	5	7	6	11
"< Application, Lhedc/ethz/util/Generator, generate(Ljava/io/Writer;Ljava/util/Hashtable;[C)J >"	6	12	3	52
"< Application, LEDU/oswego/cs/dl/util/concurrent/CopyOnWriteArrayList, indexOf(Ljava/lang/Object;I)I >"	13	9	6	15
"< Application, LEDU/oswego/cs/dl/util/concurrent/Heap, extract()Ljava/lang/Object; >"	28	27	26	25
"< Application, LEDU/oswego/cs/dl/util/concurrent/PrioritySemaphore$PriorityWaitQueue, extract()LEDU/oswego/cs/dl/util/concurrent/QueuedSemaphore$WaitQueue$WaitNode; >"	4	6	5	3
"< Application, Lhedc/TaskFactory, makeTasks(Ljava/util/Hashtable;Ljava/util/Date;Lhedc/MetaSearchRequest;)Ljava/util/List; >"	7	12	11	27
"< Application, LEDU/oswego/cs/dl/util/concurrent/CopyOnWriteArrayList$COWIterator, previous()Ljava/lang/Object; >"	4	7	3	6
"< Application, LEDU/oswego/cs/dl/util/concurrent/CopyOnWriteArrayList, indexOf(Ljava/lang/Object;[Ljava/lang/Object;I)I >"	11	7	2	12
"< Application, Lhedc/regexp/CharArrayState, getGroupString(I)Ljava/lang/String; >"	3	7	6	2
"< Application, LEDU/oswego/cs/dl/util/concurrent/CopyOnWriteArrayList, remove(Ljava/lang/Object;)Z >"	9	11	10	20
"< Application, Lhedc/DateFormatter, parse(Ljava/lang/String;Ljava/text/ParsePosition;)Ljava/util/Date; >"	88	52	50	56
"< Application, LEDU/oswego/cs/dl/util/concurrent/CopyOnWriteArrayList, lastIndexOf(Ljava/lang/Object;[Ljava/lang/Object;I)I >"	4	16	2	18
"< Application, Lhedc/DateFormatter, format(Ljava/util/Date;Ljava/lang/StringBuffer;Ljava/text/FieldPosition;)Ljava/lang/StringBuffer; >"	132	143	141	148
"< Application, Lhedc/ethz/util/Ftp, main([Ljava/lang/String;)V >"	6	12	1	11
"< Application, Ljavax/servlet/http/HttpServlet, doOptions(Ljavax/servlet/http/HttpServletRequest;Ljavax/servlet/http/HttpServletResponse;)V >"	3	12	8	44
"< Application, Lhedc/Messages, format(Ljava/lang/String;[Ljava/lang/Object;)Ljava/lang/String; >"	17	30	2	26
"< Application, LEDU/oswego/cs/dl/util/concurrent/CopyOnWriteArrayList, lastIndexOf(Ljava/lang/Object;I)I >"	12	9	6	14
"< Application, LEDU/oswego/cs/dl/util/concurrent/FJTaskRunner, slowCoInvoke([LEDU/oswego/cs/dl/util/concurrent/FJTask;)V >"	10	12	2	15
"< Application, Lhedc/ethz/util/Estimator, estimate(D)D >"	2	8	7	6
"< Application, LEDU/oswego/cs/dl/util/concurrent/CopyOnWriteArrayList, remove(Ljava/lang/Object;)Z >"	33	22	21	8
"< Application, Lhedc/regexp/State, validateGroup(I)V >"	6	9	8	2
"< Application, LEDU/oswego/cs/dl/util/concurrent/Heap, extract()Ljava/lang/Object; >"	22	22	21	17
"< Application, LEDU/oswego/cs/dl/util/concurrent/CopyOnWriteArrayList, lastIndexOf(Ljava/lang/Object;I)I >"	4	15	6	17
"< Application, LEDU/oswego/cs/dl/util/concurrent/PropertyChangeMulticaster, writeObject(Ljava/io/ObjectOutputStream;)V >"	12	14	13	18
"< Application, LEDU/oswego/cs/dl/util/concurrent/FJTaskRunner, scan(LEDU/oswego/cs/dl/util/concurrent/FJTask;)V >"	8	14	8	35
"< Application, Ljavax/servlet/jsp/tagext/TagLibraryInfo, getTag(Ljava/lang/String;)Ljavax/servlet/jsp/tagext/TagInfo; >"	12	18	5	17
"< Application, LEDU/oswego/cs/dl/util/concurrent/VetoableChangeMulticaster, removeVetoableChangeListener(Ljava/beans/VetoableChangeListener;)V >"	30	20	19	7
"< Application, LEDU/oswego/cs/dl/util/concurrent/VetoableChangeMulticaster, addVetoableChangeListenerIfAbsent(Ljava/beans/VetoableChangeListener;)V >"	11	12	11	18
"< Application, Lhedc/DateFormatter, format(Ljava/util/Date;Ljava/lang/StringBuffer;Ljava/text/FieldPosition;)Ljava/lang/StringBuffer; >"	77	81	80	75
"< Application, LEDU/oswego/cs/dl/util/concurrent/Heap, extract()Ljava/lang/Object; >"	33	32	31	25
"< Application, LEDU/oswego/cs/dl/util/concurrent/CopyOnWriteArrayList, addIfAbsent(Ljava/lang/Object;)Z >"	16	18	17	20
"< Application, LEDU/oswego/cs/dl/util/concurrent/CopyOnWriteArrayList, lastIndexOf(Ljava/lang/Object;[Ljava/lang/Object;I)I >"	13	9	2	14
"< Application, Lhedc/TaskFactory, makeTasks(Ljava/util/Hashtable;Ljava/util/Date;Lhedc/MetaSearchRequest;)Ljava/util/List; >"	13	20	19	27
"< Application, Ljavax/servlet/jsp/tagext/TagData, <init>([[Ljava/lang/Object;)V >"	8	12	2	20
"< Application, Lhedc/ethz/util/ObservableProperties, putValue(Ljava/lang/String;Ljava/lang/String;)Z >"	31	45	44	59
"< Application, Lhedc/regexp/Regexp, main([Ljava/lang/String;)V >"	46	65	1	55
"< Application, Lhedc/Messages, formatArray([I)Ljava/lang/String; >"	19	28	1	27
"< Application, LEDU/oswego/cs/dl/util/concurrent/FJTaskRunner, coInvoke([LEDU/oswego/cs/dl/util/concurrent/FJTask;)V >"	28	31	2	6
"< Application, Lhedc/regexp/Literal, makeMulti(I)Lhedc/regexp/Regexp; >"	13	13	11	12
"< Application, LEDU/oswego/cs/dl/util/concurrent/CopyOnWriteArrayList$COWIterator, next()Ljava/lang/Object; >"	4	7	3	4
"< Application, Lhedc/Tester, main([Ljava/lang/String;)V >"	28	35	10	43
"< Application, Lhedc/regexp/Literal, advance(Lhedc/regexp/State;)Lhedc/regexp/Regexp; >"	14	28	24	27
"< Application, Ljavax/servlet/jsp/tagext/TagData, <init>([[Ljava/lang/Object;)V >"	10	14	2	20
"< Application, Lhedc/regexp/CharArrayState, getchar(I)I >"	13	6	5	2
"< Application, LEDU/oswego/cs/dl/util/concurrent/Heap, insert(Ljava/lang/Object;)V >"	23	27	26	25
"< Application, Lhedc/regexp/Regexp, main([Ljava/lang/String;)V >"	91	98	1	78
"< Application, Lhedc/regexp/CharClass, charInClass(I)Z >"	2	7	4	6
"< Application, Lhedc/regexp/Regexp, main([Ljava/lang/String;)V >"	33	42	1	55
"< Application, LEDU/oswego/cs/dl/util/concurrent/FJTaskRunner, scanWhileIdling()V >"	9	14	8	26
"< Application, Lhedc/ethz/util/ObservableProperties, putValue(Ljava/lang/String;Ljava/lang/String;)Z >"	25	38	37	59
"< Application, Lhedc/Messages, format(Ljava/lang/String;[Ljava/lang/Object;)Ljava/lang/String; >"	29	42	2	29
"< Application, Lhedc/Messages, formatArray([Ljava/lang/Object;)Ljava/lang/String; >"	19	28	1	27
"< Application, LEDU/oswego/cs/dl/util/concurrent/VetoableChangeMulticaster, addVetoableChangeListenerIfAbsent(Ljava/beans/VetoableChangeListener;)V >"	14	14	13	18
"< Application, LEDU/oswego/cs/dl/util/concurrent/Heap, extract()Ljava/lang/Object; >"	4	7	6	5
"< Application, LEDU/oswego/cs/dl/util/concurrent/VetoableChangeMulticaster, writeObject(Ljava/io/ObjectOutputStream;)V >"	6	9	8	18
"< Application, Lhedc/ethz/util/Estimator, estimate(D)D >"	19	18	17	35
"< Application, Lhedc/DateFormatter, format(Ljava/util/Date;Ljava/lang/StringBuffer;Ljava/text/FieldPosition;)Ljava/lang/StringBuffer; >"	122	132	131	128
"< Application, Ljavax/servlet/jsp/tagext/TagAttributeInfo, getIdAttribute([Ljavax/servlet/jsp/tagext/TagAttributeInfo;)Ljavax/servlet/jsp/tagext/TagAttributeInfo; >"	5	15	1	13
"< Application, LEDU/oswego/cs/dl/util/concurrent/CopyOnWriteArrayList, remove(I)Ljava/lang/Object; >"	4	8	7	2
"< Application, Lhedc/ethz/util/Generator, generateThroughBuffer(Ljava/lang/String;Ljava/io/Writer;Ljava/util/Hashtable;)J >"	10	47	9	55
"< Application, Lhedc/regexp/CharArrayState, getGroupString(I)Ljava/lang/String; >"	6	11	10	2
"< Application, Lhedc/regexp/Literal, advance(Lhedc/regexp/State;)Lhedc/regexp/Regexp; >"	13	27	25	36
"< Application, LEDU/oswego/cs/dl/util/concurrent/FJTaskRunner, slowCoInvoke([LEDU/oswego/cs/dl/util/concurrent/FJTask;)V >"	3	6	2	10
"< Application, Lhedc/DateFormatter, parse(Ljava/lang/String;Ljava/text/ParsePosition;)Ljava/util/Date; >"	140	125	104	129
"< Application, LEDU/oswego/cs/dl/util/concurrent/FJTaskRunner, checkOverflow()V >"	26	47	46	57
"< Application, Lhedc/DateFormatter, format(Ljava/util/Date;Ljava/lang/StringBuffer;Ljava/text/FieldPosition;)Ljava/lang/StringBuffer; >"	55	55	54	51
"< Application, Lhedc/ethz/util/Generator, generate(Ljava/io/Writer;Ljava/util/Hashtable;[C)J >"	17	18	3	17
"< Application, LEDU/oswego/cs/dl/util/concurrent/FJTaskRunnerGroup, interruptAll()V >"	6	9	8	15
"< Application, LEDU/oswego/cs/dl/util/concurrent/PropertyChangeMulticaster, addPropertyChangeListenerIfAbsent(Ljava/beans/PropertyChangeListener;)V >"	14	14	13	18
"< Application, Lhedc/Tester, main([Ljava/lang/String;)V >"	39	47	10	50
"< Application, LEDU/oswego/cs/dl/util/concurrent/Heap, extract()Ljava/lang/Object; >"	10	12	10	11
"< Application, Lhedc/ethz/util/ObservableProperties, unregisterObserver(Lhedc/ethz/util/PropertyMonitoring;)Z >"	5	8	7	11
"< Application, LEDU/oswego/cs/dl/util/concurrent/BoundedBuffer, extract()Ljava/lang/Object; >"	5	8	6	7
"< Application, Lhedc/regexp/StringState, getGroupString(I)Ljava/lang/String; >"	3	7	6	2
"< Application, Lhedc/ethz/util/SerializePerformanceTest, main([Ljava/lang/String;)V >"	4	9	1	8
"< Application, Lhedc/ethz/util/Generator, generateThroughBuffer(Ljava/io/Reader;Ljava/io/Writer;Ljava/util/Hashtable;)J >"	18	54	9	62
"< Application, Lhedc/ethz/util/Estimator, sample(DD)V >"	2	8	7	6
"< Application, Lhedc/DateFormatter, equals(Ljava/lang/Object;Ljava/lang/Object;)Z >"	23	17	9	16
"< Application, LEDU/oswego/cs/dl/util/concurrent/Rendezvous$Rotator, rendezvousFunction([Ljava/lang/Object;)V >"	6	10	2	9
"< Application, LEDU/oswego/cs/dl/util/concurrent/CopyOnWriteArrayList, removeAll(Ljava/util/Collection;)Z >"	7	8	4	16
"< Application, Lhedc/regexp/CharArrayState, getchar()I >"	16	7	5	6
"< Application, Ljavax/servlet/jsp/tagext/TagData, <init>([[Ljava/lang/Object;)V >"	9	13	12	9
"< Application, LEDU/oswego/cs/dl/util/concurrent/FJTaskRunnerGroup, stats()V >"	12	18	17	73
