"< Application, LEDU/oswego/cs/dl/util/concurrent/WaitableLong, whenGreater(JLjava/lang/Runnable;)V >"	13	5
"< Application, LEDU/oswego/cs/dl/util/concurrent/SynchronizedInt, negate()I >"	6	3
"< Application, LEDU/oswego/cs/dl/util/concurrent/SynchronizedByte, negate()B >"	7	3
"< Application, LEDU/oswego/cs/dl/util/concurrent/WaitableLong, whenEqual(JLjava/lang/Runnable;)V >"	10	5
"< Application, LEDU/oswego/cs/dl/util/concurrent/WaitableFloat, whenEqual(FLjava/lang/Runnable;)V >"	13	5
"< Application, LEDU/oswego/cs/dl/util/concurrent/SynchronizedByte, get()B >"	3	3
"< Application, LEDU/oswego/cs/dl/util/concurrent/WaitableChar, add(C)C >"	5	4
"< Application, LEDU/oswego/cs/dl/util/concurrent/SynchronizedChar, subtract(C)C >"	9	4
"< Application, LEDU/oswego/cs/dl/util/concurrent/SynchronizedShort, commit(SS)Z >"	11	5
"< Application, LEDU/oswego/cs/dl/util/concurrent/WaitableByte, commit(BB)Z >"	6	5
"< Application, LEDU/oswego/cs/dl/util/concurrent/SynchronizedInt, complement()I >"	9	3
"< Application, LEDU/oswego/cs/dl/util/concurrent/WaitableBoolean, whenEqual(ZLjava/lang/Runnable;)V >"	12	5
"< Application, LEDU/oswego/cs/dl/util/concurrent/WaiterPreferenceSemaphore, attempt(J)Z >"	53	1
"< Application, LEDU/oswego/cs/dl/util/concurrent/SynchronizedShort, or(S)S >"	7	4
"< Application, LEDU/oswego/cs/dl/util/concurrent/WaitableBoolean, commit(ZZ)Z >"	6	5
"< Application, LEDU/oswego/cs/dl/util/concurrent/WaitableChar, divide(C)C >"	5	4
"< Application, LEDU/oswego/cs/dl/util/concurrent/WaitableShort, whenNotEqual(SLjava/lang/Runnable;)V >"	12	5
"< Application, LEDU/oswego/cs/dl/util/concurrent/Latch, attempt(J)Z >"	26	1
"< Application, LEDU/oswego/cs/dl/util/concurrent/WaitableBoolean, set(Z)Z >"	5	4
"< Application, LEDU/oswego/cs/dl/util/concurrent/WaitableLong, whenNotEqual(JLjava/lang/Runnable;)V >"	10	5
"< Application, LEDU/oswego/cs/dl/util/concurrent/WaitableByte, multiply(B)B >"	8	4
"< Application, LEDU/oswego/cs/dl/util/concurrent/SynchronizedShort, subtract(S)S >"	9	4
"< Application, LEDU/oswego/cs/dl/util/concurrent/WaitableInt, multiply(I)I >"	5	4
"< Application, LEDU/oswego/cs/dl/util/concurrent/PooledExecutor, execute(Ljava/lang/Runnable;)V >"	11	4
"< Application, LEDU/oswego/cs/dl/util/concurrent/SynchronizedBoolean, set(Z)Z >"	4	4
"< Application, Lhedc/PooledExecutorWithInvalidate, createThreads(I)I >"	10	5
"< Application, LEDU/oswego/cs/dl/util/concurrent/VetoableChangeMulticaster, hasListeners(Ljava/lang/String;)Z >"	9	1
"< Application, LEDU/oswego/cs/dl/util/concurrent/SynchronizedShort, swap(LEDU/oswego/cs/dl/util/concurrent/SynchronizedShort;)S >"	16	10
"< Application, LEDU/oswego/cs/dl/util/concurrent/WaitableChar, commit(CC)Z >"	6	5
"< Application, LEDU/oswego/cs/dl/util/concurrent/WaitableDouble, whenEqual(DLjava/lang/Runnable;)V >"	10	5
"< Application, LEDU/oswego/cs/dl/util/concurrent/LinkedQueue, peek()Ljava/lang/Object; >"	6	3
"< Application, LEDU/oswego/cs/dl/util/concurrent/WaitableByte, whenGreaterEqual(BLjava/lang/Runnable;)V >"	12	5
"< Application, LEDU/oswego/cs/dl/util/concurrent/FJTaskRunner, confirmTake(I)LEDU/oswego/cs/dl/util/concurrent/FJTask; >"	17	4
"< Application, LEDU/oswego/cs/dl/util/concurrent/BoundedBuffer, poll(J)Ljava/lang/Object; >"	28	1
"< Application, LEDU/oswego/cs/dl/util/concurrent/SynchronizedShort, swap(LEDU/oswego/cs/dl/util/concurrent/SynchronizedShort;)S >"	22	10
"< Application, LEDU/oswego/cs/dl/util/concurrent/SynchronizedByte, divide(B)B >"	6	4
"< Application, LEDU/oswego/cs/dl/util/concurrent/WaitableByte, subtract(B)B >"	5	4
"< Application, LEDU/oswego/cs/dl/util/concurrent/SynchronizedInt, and(I)I >"	6	4
"< Application, LEDU/oswego/cs/dl/util/concurrent/SynchronizedDouble, get()D >"	3	3
"< Application, LEDU/oswego/cs/dl/util/concurrent/Latch, attempt(J)Z >"	12	1
"< Application, LEDU/oswego/cs/dl/util/concurrent/SynchronizedDouble, get()D >"	6	3
"< Application, LEDU/oswego/cs/dl/util/concurrent/SynchronizedDouble, divide(D)D >"	8	4
"< Application, LEDU/oswego/cs/dl/util/concurrent/CopyOnWriteArrayList$COWSubList, size()I >"	4	3
"< Application, LEDU/oswego/cs/dl/util/concurrent/SynchronizedLong, increment()J >"	8	3
"< Application, LEDU/oswego/cs/dl/util/concurrent/SynchronizedByte, add(B)B >"	6	4
"< Application, LEDU/oswego/cs/dl/util/concurrent/SynchronizedLong, get()J >"	3	3
"< Application, LEDU/oswego/cs/dl/util/concurrent/SynchronizedFloat, subtract(F)F >"	8	4
"< Application, LEDU/oswego/cs/dl/util/concurrent/SynchronizedShort, subtract(S)S >"	6	4
"< Application, Lhedc/PooledExecutorWithInvalidate, workerDone(Lhedc/PooledExecutorWithInvalidate$Worker;)V >"	7	4
"< Application, LEDU/oswego/cs/dl/util/concurrent/SynchronizedShort, decrement()S >"	6	3
"< Application, LEDU/oswego/cs/dl/util/concurrent/BoundedLinkedQueue, offer(Ljava/lang/Object;J)Z >"	48	9
"< Application, LEDU/oswego/cs/dl/util/concurrent/SynchronizedLong, divide(J)J >"	8	4
"< Application, LEDU/oswego/cs/dl/util/concurrent/SynchronizedFloat, set(F)F >"	4	4
"< Application, LEDU/oswego/cs/dl/util/concurrent/WaitableByte, whenNotEqual(BLjava/lang/Runnable;)V >"	12	5
"< Application, LEDU/oswego/cs/dl/util/concurrent/PropertyChangeMulticaster, multicast(Ljava/beans/PropertyChangeEvent;)V >"	11	1
"< Application, LEDU/oswego/cs/dl/util/concurrent/WaitableLong, whenLessEqual(JLjava/lang/Runnable;)V >"	13	5
"< Application, LEDU/oswego/cs/dl/util/concurrent/WaitableFloat, multiply(F)F >"	5	4
"< Application, LEDU/oswego/cs/dl/util/concurrent/WaitableShort, subtract(S)S >"	8	4
"< Application, LEDU/oswego/cs/dl/util/concurrent/CondVar, timedwait(J)Z >"	26	1
"< Application, LEDU/oswego/cs/dl/util/concurrent/SynchronizedInt, add(I)I >"	8	4
"< Application, LEDU/oswego/cs/dl/util/concurrent/BoundedLinkedQueue, offer(Ljava/lang/Object;J)Z >"	18	1
"< Application, LEDU/oswego/cs/dl/util/concurrent/WaitableDouble, set(D)D >"	5	4
"< Application, LEDU/oswego/cs/dl/util/concurrent/WaitableDouble, commit(DD)Z >"	9	5
"< Application, LEDU/oswego/cs/dl/util/concurrent/SynchronizedLong, swap(LEDU/oswego/cs/dl/util/concurrent/SynchronizedLong;)J >"	20	10
"< Application, LEDU/oswego/cs/dl/util/concurrent/WaitableDouble, subtract(D)D >"	5	4
"< Application, LEDU/oswego/cs/dl/util/concurrent/WaitableShort, decrement()S >"	8	3
"< Application, LEDU/oswego/cs/dl/util/concurrent/WaitableInt, whenGreaterEqual(ILjava/lang/Runnable;)V >"	9	5
"< Application, LEDU/oswego/cs/dl/util/concurrent/WaitableInt, add(I)I >"	8	4
"< Application, LEDU/oswego/cs/dl/util/concurrent/SynchronizedShort, swap(LEDU/oswego/cs/dl/util/concurrent/SynchronizedShort;)S >"	15	11
"< Application, LEDU/oswego/cs/dl/util/concurrent/BoundedLinkedQueue, offer(Ljava/lang/Object;J)Z >"	45	9
"< Application, LEDU/oswego/cs/dl/util/concurrent/WaitableDouble, set(D)D >"	8	4
"< Application, LEDU/oswego/cs/dl/util/concurrent/CountDown, attempt(J)Z >"	19	1
"< Application, LEDU/oswego/cs/dl/util/concurrent/Latch, attempt(J)Z >"	29	1
"< Application, LEDU/oswego/cs/dl/util/concurrent/SynchronizedDouble, set(D)D >"	7	4
"< Application, LEDU/oswego/cs/dl/util/concurrent/SynchronizedInt, subtract(I)I >"	5	4
"< Application, LEDU/oswego/cs/dl/util/concurrent/WaitableDouble, whenNotEqual(DLjava/lang/Runnable;)V >"	10	5
"< Application, LEDU/oswego/cs/dl/util/concurrent/SynchronizedBoolean, commit(ZZ)Z >"	8	5
"< Application, LEDU/oswego/cs/dl/util/concurrent/SynchronizedRef, swap(LEDU/oswego/cs/dl/util/concurrent/SynchronizedRef;)Ljava/lang/Object; >"	16	10
"< Application, LEDU/oswego/cs/dl/util/concurrent/PooledExecutor, execute(Ljava/lang/Runnable;)V >"	17	4
"< Application, LEDU/oswego/cs/dl/util/concurrent/WaitableFloat, whenLessEqual(FLjava/lang/Runnable;)V >"	13	5
"< Application, LEDU/oswego/cs/dl/util/concurrent/CopyOnWriteArrayList$COWSubList, remove(I)Ljava/lang/Object; >"	14	4
"< Application, LEDU/oswego/cs/dl/util/concurrent/WaitableDouble, multiply(D)D >"	5	4
"< Application, LEDU/oswego/cs/dl/util/concurrent/WriterPreferenceReadWriteLock$WriterLock, acquire()V >"	13	1
"< Application, LEDU/oswego/cs/dl/util/concurrent/WaitableChar, whenLessEqual(CLjava/lang/Runnable;)V >"	12	5
"< Application, LEDU/oswego/cs/dl/util/concurrent/SynchronizedVariable, execute(Ljava/lang/Runnable;)V >"	8	7
"< Application, LEDU/oswego/cs/dl/util/concurrent/Semaphore, acquire()V >"	18	1
"< Application, LEDU/oswego/cs/dl/util/concurrent/BoundedBuffer, incEmptySlots()V >"	7	3
"< Application, LEDU/oswego/cs/dl/util/concurrent/VetoableChangeMulticaster, addVetoableChangeListenerIfAbsent(Ljava/lang/String;Ljava/beans/VetoableChangeListener;)V >"	25	1
"< Application, LEDU/oswego/cs/dl/util/concurrent/CountDown, attempt(J)Z >"	26	1
"< Application, LEDU/oswego/cs/dl/util/concurrent/LinkedQueue, peek()Ljava/lang/Object; >"	8	3
"< Application, LEDU/oswego/cs/dl/util/concurrent/LinkedQueue, take()Ljava/lang/Object; >"	31	9
"< Application, LEDU/oswego/cs/dl/util/concurrent/WaiterPreferenceSemaphore, acquire()V >"	28	1
"< Application, LEDU/oswego/cs/dl/util/concurrent/Mutex, attempt(J)Z >"	13	1
"< Application, Lhedc/ethz/util/Generator, putBuffer_(Ljava/lang/String;[C)V >"	14	6
"< Application, LEDU/oswego/cs/dl/util/concurrent/PooledExecutor, workerDone(LEDU/oswego/cs/dl/util/concurrent/PooledExecutor$Worker;)V >"	7	4
"< Application, LEDU/oswego/cs/dl/util/concurrent/SynchronizedInt, get()I >"	6	3
"< Application, LEDU/oswego/cs/dl/util/concurrent/VetoableChangeMulticaster, hasListeners(Ljava/lang/String;)Z >"	17	1
"< Application, Lhedc/ethz/util/Generator, getBuffer_(Ljava/lang/String;)[C >"	11	6
"< Application, LEDU/oswego/cs/dl/util/concurrent/SynchronizedLong, add(J)J >"	5	4
"< Application, LEDU/oswego/cs/dl/util/concurrent/SynchronizedInt, swap(LEDU/oswego/cs/dl/util/concurrent/SynchronizedInt;)I >"	15	11
"< Application, LEDU/oswego/cs/dl/util/concurrent/SynchronizedInt, commit(II)Z >"	8	5
"< Application, LEDU/oswego/cs/dl/util/concurrent/WaitableChar, multiply(C)C >"	5	4
"< Application, LEDU/oswego/cs/dl/util/concurrent/BoundedBuffer, poll(J)Ljava/lang/Object; >"	16	1
"< Application, LEDU/oswego/cs/dl/util/concurrent/SynchronizedLong, divide(J)J >"	5	4
"< Application, LEDU/oswego/cs/dl/util/concurrent/PropertyChangeMulticaster, addPropertyChangeListenerIfAbsent(Ljava/lang/String;Ljava/beans/PropertyChangeListener;)V >"	22	1
"< Application, LEDU/oswego/cs/dl/util/concurrent/SynchronizedBoolean, get()Z >"	6	3
"< Application, LEDU/oswego/cs/dl/util/concurrent/WaitableRef, whenNotEqual(Ljava/lang/Object;Ljava/lang/Runnable;)V >"	9	5
"< Application, LEDU/oswego/cs/dl/util/concurrent/Semaphore, attempt(J)Z >"	16	1
"< Application, LEDU/oswego/cs/dl/util/concurrent/SynchronizedChar, get()C >"	3	3
"< Application, LEDU/oswego/cs/dl/util/concurrent/BoundedBuffer, offer(Ljava/lang/Object;J)Z >"	38	9
"< Application, LEDU/oswego/cs/dl/util/concurrent/WaitableShort, commit(SS)Z >"	6	5
"< Application, LEDU/oswego/cs/dl/util/concurrent/WaitableShort, whenLessEqual(SLjava/lang/Runnable;)V >"	9	5
"< Application, LEDU/oswego/cs/dl/util/concurrent/BoundedLinkedQueue, allowTake()V >"	7	3
"< Application, LEDU/oswego/cs/dl/util/concurrent/Mutex, attempt(J)Z >"	34	1
"< Application, LEDU/oswego/cs/dl/util/concurrent/SynchronizedByte, complement()B >"	10	3
"< Application, LEDU/oswego/cs/dl/util/concurrent/SynchronizedLong, increment()J >"	5	3
"< Application, LEDU/oswego/cs/dl/util/concurrent/WaitableRef, whenNotEqual(Ljava/lang/Object;Ljava/lang/Runnable;)V >"	12	5
"< Application, LEDU/oswego/cs/dl/util/concurrent/WaitableChar, whenLessEqual(CLjava/lang/Runnable;)V >"	9	5
"< Application, LEDU/oswego/cs/dl/util/concurrent/SynchronousChannel, doPut(Ljava/lang/Object;)V >"	17	4
"< Application, LEDU/oswego/cs/dl/util/concurrent/WaitableBoolean, xor(Z)Z >"	8	4
"< Application, LEDU/oswego/cs/dl/util/concurrent/WriterPreferenceReadWriteLock$ReaderLock, acquire()V >"	24	1
"< Application, LEDU/oswego/cs/dl/util/concurrent/WaitableBoolean, whenEqual(ZLjava/lang/Runnable;)V >"	9	5
"< Application, LEDU/oswego/cs/dl/util/concurrent/WaitableChar, whenLess(CLjava/lang/Runnable;)V >"	9	5
"< Application, LEDU/oswego/cs/dl/util/concurrent/SynchronizedByte, and(B)B >"	10	4
"< Application, LEDU/oswego/cs/dl/util/concurrent/WaitableLong, whenLessEqual(JLjava/lang/Runnable;)V >"	10	5
"< Application, LEDU/oswego/cs/dl/util/concurrent/WriterPreferenceReadWriteLock$ReaderLock, attempt(J)Z >"	10	1
"< Application, LEDU/oswego/cs/dl/util/concurrent/WaitableShort, decrement()S >"	5	3
"< Application, LEDU/oswego/cs/dl/util/concurrent/PooledExecutor, execute(Ljava/lang/Runnable;)V >"	22	4
"< Application, LEDU/oswego/cs/dl/util/concurrent/SynchronizedRef, swap(LEDU/oswego/cs/dl/util/concurrent/SynchronizedRef;)Ljava/lang/Object; >"	15	11
"< Application, LEDU/oswego/cs/dl/util/concurrent/SynchronizedShort, xor(S)S >"	7	4
"< Application, LEDU/oswego/cs/dl/util/concurrent/ReentrantLock, acquire()V >"	26	1
"< Application, LEDU/oswego/cs/dl/util/concurrent/WaitableByte, whenLessEqual(BLjava/lang/Runnable;)V >"	9	5
"< Application, LEDU/oswego/cs/dl/util/concurrent/SynchronizedShort, get()S >"	6	3
"< Application, LEDU/oswego/cs/dl/util/concurrent/WaitableLong, multiply(J)J >"	5	4
"< Application, LEDU/oswego/cs/dl/util/concurrent/SynchronizedFloat, get()F >"	3	3
"< Application, LEDU/oswego/cs/dl/util/concurrent/SynchronizedByte, commit(BB)Z >"	8	5
"< Application, LEDU/oswego/cs/dl/util/concurrent/SynchronizedChar, add(C)C >"	6	4
"< Application, LEDU/oswego/cs/dl/util/concurrent/WaitableDouble, subtract(D)D >"	8	4
"< Application, LEDU/oswego/cs/dl/util/concurrent/WaitableInt, increment()I >"	8	3
"< Application, LEDU/oswego/cs/dl/util/concurrent/WaitableBoolean, whenFalse(Ljava/lang/Runnable;)V >"	12	4
"< Application, LEDU/oswego/cs/dl/util/concurrent/SynchronizedByte, and(B)B >"	7	4
"< Application, LEDU/oswego/cs/dl/util/concurrent/SynchronizedChar, multiply(C)C >"	9	4
"< Application, LEDU/oswego/cs/dl/util/concurrent/SynchronizedFloat, get()F >"	6	3
"< Application, Lhedc/ethz/util/Generator, putBuffer_(Ljava/lang/String;[C)V >"	17	6
"< Application, LEDU/oswego/cs/dl/util/concurrent/WaitableDouble, whenEqual(DLjava/lang/Runnable;)V >"	13	5
"< Application, LEDU/oswego/cs/dl/util/concurrent/WaitableLong, increment()J >"	5	3
"< Application, LEDU/oswego/cs/dl/util/concurrent/WaitableLong, set(J)J >"	8	4
"< Application, Lhedc/PooledExecutorWithInvalidate, execute(Lhedc/Task;)V >"	17	4
"< Application, LEDU/oswego/cs/dl/util/concurrent/SynchronizedDouble, multiply(D)D >"	5	4
"< Application, LEDU/oswego/cs/dl/util/concurrent/WaitableInt, divide(I)I >"	5	4
"< Application, LEDU/oswego/cs/dl/util/concurrent/WaitableByte, whenEqual(BLjava/lang/Runnable;)V >"	12	5
"< Application, LEDU/oswego/cs/dl/util/concurrent/SynchronizedShort, commit(SS)Z >"	8	5
"< Application, LEDU/oswego/cs/dl/util/concurrent/SynchronizedInt, or(I)I >"	6	4
"< Application, LEDU/oswego/cs/dl/util/concurrent/SynchronizedInt, decrement()I >"	5	3
"< Application, LEDU/oswego/cs/dl/util/concurrent/SynchronizedDouble, add(D)D >"	8	4
"< Application, LEDU/oswego/cs/dl/util/concurrent/WaitableRef, set(Ljava/lang/Object;)Ljava/lang/Object; >"	8	4
"< Application, LEDU/oswego/cs/dl/util/concurrent/SynchronizedShort, add(S)S >"	9	4
"< Application, LEDU/oswego/cs/dl/util/concurrent/SynchronizedLong, commit(JJ)Z >"	12	5
"< Application, LEDU/oswego/cs/dl/util/concurrent/WaitableBoolean, commit(ZZ)Z >"	9	5
"< Application, LEDU/oswego/cs/dl/util/concurrent/ReentrantLock, attempt(J)Z >"	51	1
"< Application, LEDU/oswego/cs/dl/util/concurrent/CountDown, attempt(J)Z >"	8	1
"< Application, LEDU/oswego/cs/dl/util/concurrent/WaitableLong, whenGreater(JLjava/lang/Runnable;)V >"	10	5
"< Application, LEDU/oswego/cs/dl/util/concurrent/BoundedLinkedQueue, allowTake()V >"	4	3
"< Application, LEDU/oswego/cs/dl/util/concurrent/SynchronizedShort, xor(S)S >"	10	4
"< Application, LEDU/oswego/cs/dl/util/concurrent/PooledExecutor, interruptAll()V >"	15	3
"< Application, LEDU/oswego/cs/dl/util/concurrent/SynchronizedLong, commit(JJ)Z >"	9	5
"< Application, LEDU/oswego/cs/dl/util/concurrent/WaitableByte, whenNotEqual(BLjava/lang/Runnable;)V >"	9	5
"< Application, LEDU/oswego/cs/dl/util/concurrent/WaitableFloat, add(F)F >"	5	4
"< Application, LEDU/oswego/cs/dl/util/concurrent/SynchronizedChar, add(C)C >"	9	4
"< Application, LEDU/oswego/cs/dl/util/concurrent/SynchronizedBoolean, and(Z)Z >"	9	4
"< Application, LEDU/oswego/cs/dl/util/concurrent/BoundedBuffer, peek()Ljava/lang/Object; >"	6	1
"< Application, LEDU/oswego/cs/dl/util/concurrent/SynchronizedShort, multiply(S)S >"	6	4
"< Application, LEDU/oswego/cs/dl/util/concurrent/WaitableLong, commit(JJ)Z >"	6	5
"< Application, LEDU/oswego/cs/dl/util/concurrent/SynchronizedChar, commit(CC)Z >"	11	5
"< Application, LEDU/oswego/cs/dl/util/concurrent/SynchronizedRef, swap(LEDU/oswego/cs/dl/util/concurrent/SynchronizedRef;)Ljava/lang/Object; >"	22	10
"< Application, LEDU/oswego/cs/dl/util/concurrent/WaitableInt, set(I)I >"	8	4
"< Application, LEDU/oswego/cs/dl/util/concurrent/WaitableLong, whenEqual(JLjava/lang/Runnable;)V >"	13	5
"< Application, LEDU/oswego/cs/dl/util/concurrent/WaitableLong, divide(J)J >"	5	4
"< Application, LEDU/oswego/cs/dl/util/concurrent/WaitableShort, multiply(S)S >"	5	4
"< Application, LEDU/oswego/cs/dl/util/concurrent/SynchronizedLong, complement()J >"	6	3
"< Application, LEDU/oswego/cs/dl/util/concurrent/WriterPreferenceReadWriteLock$WriterLock, acquire()V >"	25	1
"< Application, Lhedc/PooledExecutorWithInvalidate, execute(Lhedc/Task;)V >"	6	4
"< Application, LEDU/oswego/cs/dl/util/concurrent/FJTaskRunner, confirmTake(I)LEDU/oswego/cs/dl/util/concurrent/FJTask; >"	14	4
"< Application, LEDU/oswego/cs/dl/util/concurrent/WaitableDouble, whenGreaterEqual(DLjava/lang/Runnable;)V >"	10	5
"< Application, LEDU/oswego/cs/dl/util/concurrent/SynchronizedRef, set(Ljava/lang/Object;)Ljava/lang/Object; >"	4	4
"< Application, LEDU/oswego/cs/dl/util/concurrent/WaitableInt, decrement()I >"	8	3
"< Application, LEDU/oswego/cs/dl/util/concurrent/SynchronizedLong, or(J)J >"	6	4
"< Application, LEDU/oswego/cs/dl/util/concurrent/SynchronizedFloat, set(F)F >"	7	4
"< Application, LEDU/oswego/cs/dl/util/concurrent/SynchronizedByte, set(B)B >"	7	4
"< Application, LEDU/oswego/cs/dl/util/concurrent/WaitableShort, whenNotEqual(SLjava/lang/Runnable;)V >"	9	5
"< Application, LEDU/oswego/cs/dl/util/concurrent/SynchronizedShort, divide(S)S >"	9	4
"< Application, LEDU/oswego/cs/dl/util/concurrent/SynchronizedRef, commit(Ljava/lang/Object;Ljava/lang/Object;)Z >"	11	5
"< Application, LEDU/oswego/cs/dl/util/concurrent/WaitableRef, whenEqual(Ljava/lang/Object;Ljava/lang/Runnable;)V >"	9	5
"< Application, LEDU/oswego/cs/dl/util/concurrent/WaiterPreferenceSemaphore, attempt(J)Z >"	17	1
"< Application, LEDU/oswego/cs/dl/util/concurrent/WaitFreeQueue, peek()Ljava/lang/Object; >"	12	6
"< Application, LEDU/oswego/cs/dl/util/concurrent/SynchronizedFloat, commit(FF)Z >"	9	5
"< Application, LEDU/oswego/cs/dl/util/concurrent/WaitableShort, add(S)S >"	8	4
"< Application, LEDU/oswego/cs/dl/util/concurrent/SynchronizedBoolean, complement()Z >"	8	3
"< Application, LEDU/oswego/cs/dl/util/concurrent/WaitableShort, increment()S >"	5	3
"< Application, LEDU/oswego/cs/dl/util/concurrent/WaitableShort, whenLess(SLjava/lang/Runnable;)V >"	9	5
"< Application, LEDU/oswego/cs/dl/util/concurrent/WaitableByte, decrement()B >"	8	3
"< Application, LEDU/oswego/cs/dl/util/concurrent/WaitableByte, whenGreater(BLjava/lang/Runnable;)V >"	9	5
"< Application, LEDU/oswego/cs/dl/util/concurrent/WaitableFloat, commit(FF)Z >"	9	5
"< Application, LEDU/oswego/cs/dl/util/concurrent/WaitFreeQueue, insert(Ljava/lang/Object;)V >"	24	11
"< Application, LEDU/oswego/cs/dl/util/concurrent/WaitableDouble, whenGreater(DLjava/lang/Runnable;)V >"	10	5
"< Application, LEDU/oswego/cs/dl/util/concurrent/WaitableInt, increment()I >"	5	3
"< Application, LEDU/oswego/cs/dl/util/concurrent/Rendezvous, restart()V >"	8	1
"< Application, LEDU/oswego/cs/dl/util/concurrent/SynchronizedInt, swap(LEDU/oswego/cs/dl/util/concurrent/SynchronizedInt;)I >"	16	10
"< Application, LEDU/oswego/cs/dl/util/concurrent/LinkedQueue, take()Ljava/lang/Object; >"	18	9
"< Application, LEDU/oswego/cs/dl/util/concurrent/WaitableLong, whenLess(JLjava/lang/Runnable;)V >"	13	5
"< Application, LEDU/oswego/cs/dl/util/concurrent/SynchronizedByte, set(B)B >"	4	4
"< Application, LEDU/oswego/cs/dl/util/concurrent/SynchronizedBoolean, and(Z)Z >"	6	4
"< Application, LEDU/oswego/cs/dl/util/concurrent/WaitableFloat, whenGreaterEqual(FLjava/lang/Runnable;)V >"	10	5
"< Application, LEDU/oswego/cs/dl/util/concurrent/CopyOnWriteArrayList$COWSubList, listIterator(I)Ljava/util/ListIterator; >"	19	4
"< Application, LEDU/oswego/cs/dl/util/concurrent/BoundedLinkedQueue, offer(Ljava/lang/Object;J)Z >"	42	1
"< Application, LEDU/oswego/cs/dl/util/concurrent/BoundedLinkedQueue, put(Ljava/lang/Object;)V >"	24	1
"< Application, LEDU/oswego/cs/dl/util/concurrent/SynchronizedLong, decrement()J >"	5	3
"< Application, LEDU/oswego/cs/dl/util/concurrent/SynchronizedLong, swap(LEDU/oswego/cs/dl/util/concurrent/SynchronizedLong;)J >"	15	11
"< Application, LEDU/oswego/cs/dl/util/concurrent/ReentrantLock, attempt(J)Z >"	18	1
"< Application, LEDU/oswego/cs/dl/util/concurrent/SynchronizedLong, or(J)J >"	9	4
"< Application, LEDU/oswego/cs/dl/util/concurrent/WaitableInt, decrement()I >"	5	3
"< Application, LEDU/oswego/cs/dl/util/concurrent/SynchronizedInt, divide(I)I >"	8	4
"< Application, LEDU/oswego/cs/dl/util/concurrent/WaitableBoolean, and(Z)Z >"	5	4
"< Application, LEDU/oswego/cs/dl/util/concurrent/WaitableInt, whenLess(ILjava/lang/Runnable;)V >"	12	5
"< Application, Lhedc/PooledExecutorWithInvalidate, execute(Lhedc/Task;)V >"	19	4
"< Application, LEDU/oswego/cs/dl/util/concurrent/ReentrantLock, attempt(J)Z >"	22	1
"< Application, LEDU/oswego/cs/dl/util/concurrent/PropertyChangeMulticaster, addPropertyChangeListener(Ljava/lang/String;Ljava/beans/PropertyChangeListener;)V >"	25	1
"< Application, LEDU/oswego/cs/dl/util/concurrent/WaitFreeQueue, extract()Ljava/lang/Object; >"	25	11
"< Application, LEDU/oswego/cs/dl/util/concurrent/WaitableLong, divide(J)J >"	8	4
"< Application, LEDU/oswego/cs/dl/util/concurrent/SynchronizedLong, swap(LEDU/oswego/cs/dl/util/concurrent/SynchronizedLong;)J >"	12	11
"< Application, LEDU/oswego/cs/dl/util/concurrent/WriterPreferenceReadWriteLock$ReaderLock, acquire()V >"	21	1
"< Application, LEDU/oswego/cs/dl/util/concurrent/SynchronizedDouble, divide(D)D >"	5	4
"< Application, LEDU/oswego/cs/dl/util/concurrent/WaitableChar, subtract(C)C >"	5	4
"< Application, LEDU/oswego/cs/dl/util/concurrent/SynchronizedFloat, swap(LEDU/oswego/cs/dl/util/concurrent/SynchronizedFloat;)F >"	15	11
"< Application, LEDU/oswego/cs/dl/util/concurrent/WaitFreeQueue, peek()Ljava/lang/Object; >"	9	6
"< Application, LEDU/oswego/cs/dl/util/concurrent/SynchronizedByte, multiply(B)B >"	6	4
"< Application, LEDU/oswego/cs/dl/util/concurrent/WaitableInt, subtract(I)I >"	5	4
"< Application, LEDU/oswego/cs/dl/util/concurrent/SynchronizedByte, subtract(B)B >"	6	4
"< Application, LEDU/oswego/cs/dl/util/concurrent/SynchronizedChar, get()C >"	6	3
"< Application, LEDU/oswego/cs/dl/util/concurrent/SynchronizedInt, set(I)I >"	4	4
"< Application, LEDU/oswego/cs/dl/util/concurrent/WaitableRef, whenNotNull(Ljava/lang/Runnable;)V >"	12	4
"< Application, LEDU/oswego/cs/dl/util/concurrent/CondVar, await()V >"	16	1
"< Application, LEDU/oswego/cs/dl/util/concurrent/WaitableLong, commit(JJ)Z >"	9	5
"< Application, LEDU/oswego/cs/dl/util/concurrent/PropertyChangeMulticaster, hasListeners(Ljava/lang/String;)Z >"	4	1
"< Application, LEDU/oswego/cs/dl/util/concurrent/WaitableByte, whenLess(BLjava/lang/Runnable;)V >"	12	5
"< Application, Lhedc/ethz/util/Generator, putBuffer_([C)V >"	13	5
"< Application, LEDU/oswego/cs/dl/util/concurrent/SynchronizedInt, swap(LEDU/oswego/cs/dl/util/concurrent/SynchronizedInt;)I >"	19	11
"< Application, LEDU/oswego/cs/dl/util/concurrent/Semaphore, attempt(J)Z >"	12	1
"< Application, LEDU/oswego/cs/dl/util/concurrent/CopyOnWriteArrayList$COWSubList, set(ILjava/lang/Object;)Ljava/lang/Object; >"	11	5
"< Application, LEDU/oswego/cs/dl/util/concurrent/WaitableByte, multiply(B)B >"	5	4
"< Application, LEDU/oswego/cs/dl/util/concurrent/BoundedLinkedQueue, poll(J)Ljava/lang/Object; >"	33	10
"< Application, LEDU/oswego/cs/dl/util/concurrent/WaitableShort, set(S)S >"	8	4
"< Application, LEDU/oswego/cs/dl/util/concurrent/WaitableBoolean, complement()Z >"	5	3
"< Application, LEDU/oswego/cs/dl/util/concurrent/WaitableBoolean, whenNotEqual(ZLjava/lang/Runnable;)V >"	9	5
"< Application, LEDU/oswego/cs/dl/util/concurrent/WaitableInt, whenGreaterEqual(ILjava/lang/Runnable;)V >"	12	5
"< Application, LEDU/oswego/cs/dl/util/concurrent/WaitableChar, whenGreaterEqual(CLjava/lang/Runnable;)V >"	9	5
"< Application, LEDU/oswego/cs/dl/util/concurrent/WaitableBoolean, whenFalse(Ljava/lang/Runnable;)V >"	9	4
"< Application, LEDU/oswego/cs/dl/util/concurrent/WaitableLong, decrement()J >"	5	3
"< Application, LEDU/oswego/cs/dl/util/concurrent/WaitableDouble, whenLess(DLjava/lang/Runnable;)V >"	13	5
"< Application, LEDU/oswego/cs/dl/util/concurrent/WaitableInt, whenNotEqual(ILjava/lang/Runnable;)V >"	12	5
"< Application, LEDU/oswego/cs/dl/util/concurrent/SynchronizedChar, set(C)C >"	4	4
"< Application, LEDU/oswego/cs/dl/util/concurrent/SynchronizedBoolean, set(Z)Z >"	7	4
"< Application, LEDU/oswego/cs/dl/util/concurrent/SynchronizedLong, decrement()J >"	8	3
"< Application, LEDU/oswego/cs/dl/util/concurrent/WaitableChar, whenLess(CLjava/lang/Runnable;)V >"	12	5
"< Application, LEDU/oswego/cs/dl/util/concurrent/BoundedLinkedQueue, insert(Ljava/lang/Object;)V >"	13	9
"< Application, LEDU/oswego/cs/dl/util/concurrent/WaitableInt, commit(II)Z >"	6	5
"< Application, LEDU/oswego/cs/dl/util/concurrent/SynchronizedShort, swap(LEDU/oswego/cs/dl/util/concurrent/SynchronizedShort;)S >"	19	11
"< Application, LEDU/oswego/cs/dl/util/concurrent/WaitableBoolean, or(Z)Z >"	5	4
"< Application, LEDU/oswego/cs/dl/util/concurrent/WaitableFloat, whenGreater(FLjava/lang/Runnable;)V >"	13	5
"< Application, LEDU/oswego/cs/dl/util/concurrent/SynchronizedByte, multiply(B)B >"	9	4
"< Application, LEDU/oswego/cs/dl/util/concurrent/CopyOnWriteArrayList$COWSubList, iterator()Ljava/util/Iterator; >"	8	3
"< Application, LEDU/oswego/cs/dl/util/concurrent/SynchronizedInt, multiply(I)I >"	8	4
"< Application, LEDU/oswego/cs/dl/util/concurrent/WaitableShort, set(S)S >"	5	4
"< Application, LEDU/oswego/cs/dl/util/concurrent/BoundedLinkedQueue, peek()Ljava/lang/Object; >"	8	3
"< Application, LEDU/oswego/cs/dl/util/concurrent/WaitableFloat, add(F)F >"	8	4
"< Application, LEDU/oswego/cs/dl/util/concurrent/PooledExecutor, execute(Ljava/lang/Runnable;)V >"	19	4
"< Application, LEDU/oswego/cs/dl/util/concurrent/WaitableInt, divide(I)I >"	8	4
"< Application, LEDU/oswego/cs/dl/util/concurrent/WriterPreferenceReadWriteLock$WriterLock, attempt(J)Z >"	10	1
"< Application, LEDU/oswego/cs/dl/util/concurrent/SynchronizedInt, add(I)I >"	5	4
"< Application, LEDU/oswego/cs/dl/util/concurrent/CopyOnWriteArrayList$COWSubList, set(ILjava/lang/Object;)Ljava/lang/Object; >"	14	5
"< Application, Lhedc/PooledExecutorWithInvalidate, createThreads(I)I >"	12	5
"< Application, LEDU/oswego/cs/dl/util/concurrent/WaitableFloat, set(F)F >"	8	4
"< Application, LEDU/oswego/cs/dl/util/concurrent/VetoableChangeMulticaster, multicast(Ljava/beans/PropertyChangeEvent;)V >"	14	1
"< Application, LEDU/oswego/cs/dl/util/concurrent/WaitableShort, add(S)S >"	5	4
"< Application, LEDU/oswego/cs/dl/util/concurrent/SynchronizedLong, and(J)J >"	6	4
"< Application, LEDU/oswego/cs/dl/util/concurrent/WaitableByte, divide(B)B >"	8	4
"< Application, LEDU/oswego/cs/dl/util/concurrent/SynchronizedShort, multiply(S)S >"	9	4
"< Application, LEDU/oswego/cs/dl/util/concurrent/WriterPreferenceReadWriteLock$ReaderLock, attempt(J)Z >"	15	1
"< Application, LEDU/oswego/cs/dl/util/concurrent/WaitableRef, commit(Ljava/lang/Object;Ljava/lang/Object;)Z >"	6	5
"< Application, LEDU/oswego/cs/dl/util/concurrent/SynchronizedDouble, swap(LEDU/oswego/cs/dl/util/concurrent/SynchronizedDouble;)D >"	16	10
"< Application, LEDU/oswego/cs/dl/util/concurrent/SynchronizedFloat, multiply(F)F >"	5	4
"< Application, LEDU/oswego/cs/dl/util/concurrent/WaitableDouble, add(D)D >"	5	4
"< Application, LEDU/oswego/cs/dl/util/concurrent/WriterPreferenceReadWriteLock$ReaderLock, attempt(J)Z >"	28	1
"< Application, LEDU/oswego/cs/dl/util/concurrent/Rendezvous, restart()V >"	11	1
"< Application, LEDU/oswego/cs/dl/util/concurrent/WaitableLong, whenNotEqual(JLjava/lang/Runnable;)V >"	13	5
"< Application, LEDU/oswego/cs/dl/util/concurrent/WaitableShort, whenGreater(SLjava/lang/Runnable;)V >"	12	5
"< Application, LEDU/oswego/cs/dl/util/concurrent/WaitableInt, whenNotEqual(ILjava/lang/Runnable;)V >"	9	5
"< Application, LEDU/oswego/cs/dl/util/concurrent/SynchronizedDouble, multiply(D)D >"	8	4
"< Application, LEDU/oswego/cs/dl/util/concurrent/Semaphore, attempt(J)Z >"	40	1
"< Application, LEDU/oswego/cs/dl/util/concurrent/WaitableFloat, subtract(F)F >"	5	4
"< Application, LEDU/oswego/cs/dl/util/concurrent/WaitableLong, add(J)J >"	8	4
"< Application, LEDU/oswego/cs/dl/util/concurrent/WaitableShort, commit(SS)Z >"	9	5
"< Application, LEDU/oswego/cs/dl/util/concurrent/SynchronizedInt, commit(II)Z >"	11	5
"< Application, LEDU/oswego/cs/dl/util/concurrent/WaitFreeQueue, peek()Ljava/lang/Object; >"	20	11
"< Application, LEDU/oswego/cs/dl/util/concurrent/SynchronizedChar, commit(CC)Z >"	8	5
"< Application, LEDU/oswego/cs/dl/util/concurrent/WaitableLong, whenGreaterEqual(JLjava/lang/Runnable;)V >"	10	5
"< Application, LEDU/oswego/cs/dl/util/concurrent/SynchronizedShort, get()S >"	3	3
"< Application, LEDU/oswego/cs/dl/util/concurrent/SynchronizedRef, commit(Ljava/lang/Object;Ljava/lang/Object;)Z >"	8	5
"< Application, LEDU/oswego/cs/dl/util/concurrent/PropertyChangeMulticaster, addPropertyChangeListenerIfAbsent(Ljava/lang/String;Ljava/beans/PropertyChangeListener;)V >"	25	1
"< Application, LEDU/oswego/cs/dl/util/concurrent/Rendezvous, doRendezvous(Ljava/lang/Object;ZJ)Ljava/lang/Object; >"	124	1
"< Application, LEDU/oswego/cs/dl/util/concurrent/SynchronizedBoolean, xor(Z)Z >"	9	4
"< Application, LEDU/oswego/cs/dl/util/concurrent/SynchronizedRef, get()Ljava/lang/Object; >"	6	3
"< Application, LEDU/oswego/cs/dl/util/concurrent/WaitableLong, set(J)J >"	5	4
"< Application, LEDU/oswego/cs/dl/util/concurrent/SynchronizedShort, and(S)S >"	10	4
"< Application, LEDU/oswego/cs/dl/util/concurrent/WriterPreferenceReadWriteLock$ReaderLock, acquire()V >"	13	1
"< Application, LEDU/oswego/cs/dl/util/concurrent/WaitableDouble, add(D)D >"	8	4
"< Application, LEDU/oswego/cs/dl/util/concurrent/SynchronizedShort, negate()S >"	7	3
"< Application, LEDU/oswego/cs/dl/util/concurrent/SynchronizedShort, add(S)S >"	6	4
"< Application, LEDU/oswego/cs/dl/util/concurrent/SynchronizedInt, xor(I)I >"	9	4
"< Application, LEDU/oswego/cs/dl/util/concurrent/SynchronizedByte, decrement()B >"	9	3
"< Application, LEDU/oswego/cs/dl/util/concurrent/CopyOnWriteArrayList$COWSubList, listIterator(I)Ljava/util/ListIterator; >"	22	4
"< Application, Lhedc/ethz/util/Generator, putBuffer_([C)V >"	10	5
"< Application, LEDU/oswego/cs/dl/util/concurrent/SynchronizedBoolean, xor(Z)Z >"	6	4
"< Application, LEDU/oswego/cs/dl/util/concurrent/VetoableChangeMulticaster, hasListeners(Ljava/lang/String;)Z >"	15	1
"< Application, LEDU/oswego/cs/dl/util/concurrent/SynchronizedLong, swap(LEDU/oswego/cs/dl/util/concurrent/SynchronizedLong;)J >"	17	10
"< Application, LEDU/oswego/cs/dl/util/concurrent/SynchronizedBoolean, commit(ZZ)Z >"	11	5
"< Application, LEDU/oswego/cs/dl/util/concurrent/WaitableShort, multiply(S)S >"	8	4
"< Application, LEDU/oswego/cs/dl/util/concurrent/SynchronizedByte, get()B >"	6	3
"< Application, LEDU/oswego/cs/dl/util/concurrent/SynchronizedBoolean, or(Z)Z >"	6	4
"< Application, LEDU/oswego/cs/dl/util/concurrent/CopyOnWriteArrayList$COWSubList, remove(I)Ljava/lang/Object; >"	17	4
"< Application, LEDU/oswego/cs/dl/util/concurrent/BoundedLinkedQueue, extract()Ljava/lang/Object; >"	16	3
"< Application, LEDU/oswego/cs/dl/util/concurrent/WriterPreferenceReadWriteLock$WriterLock, attempt(J)Z >"	44	1
"< Application, LEDU/oswego/cs/dl/util/concurrent/SynchronizedByte, subtract(B)B >"	9	4
"< Application, LEDU/oswego/cs/dl/util/concurrent/WaitableChar, whenGreaterEqual(CLjava/lang/Runnable;)V >"	12	5
"< Application, LEDU/oswego/cs/dl/util/concurrent/LinkedQueue, poll(J)Ljava/lang/Object; >"	42	10
"< Application, LEDU/oswego/cs/dl/util/concurrent/WaitableByte, decrement()B >"	5	3
"< Application, LEDU/oswego/cs/dl/util/concurrent/WaitableInt, whenGreater(ILjava/lang/Runnable;)V >"	9	5
"< Application, LEDU/oswego/cs/dl/util/concurrent/WaitableInt, whenGreater(ILjava/lang/Runnable;)V >"	12	5
"< Application, LEDU/oswego/cs/dl/util/concurrent/PooledExecutor, interruptAll()V >"	12	3
"< Application, LEDU/oswego/cs/dl/util/concurrent/LinkedQueue, insert(Ljava/lang/Object;)V >"	12	7
"< Application, LEDU/oswego/cs/dl/util/concurrent/WaitableRef, whenNotNull(Ljava/lang/Runnable;)V >"	9	4
"< Application, LEDU/oswego/cs/dl/util/concurrent/SynchronizedShort, set(S)S >"	4	4
"< Application, LEDU/oswego/cs/dl/util/concurrent/WaiterPreferenceSemaphore, attempt(J)Z >"	44	1
"< Application, LEDU/oswego/cs/dl/util/concurrent/SynchronizedFloat, divide(F)F >"	5	4
"< Application, LEDU/oswego/cs/dl/util/concurrent/SynchronizedLong, negate()J >"	9	3
"< Application, LEDU/oswego/cs/dl/util/concurrent/Mutex, acquire()V >"	15	1
"< Application, LEDU/oswego/cs/dl/util/concurrent/SynchronizedChar, swap(LEDU/oswego/cs/dl/util/concurrent/SynchronizedChar;)C >"	22	10
"< Application, LEDU/oswego/cs/dl/util/concurrent/WriterPreferenceReadWriteLock$ReaderLock, attempt(J)Z >"	39	1
"< Application, LEDU/oswego/cs/dl/util/concurrent/SynchronizedFloat, subtract(F)F >"	5	4
"< Application, LEDU/oswego/cs/dl/util/concurrent/WaitableFloat, set(F)F >"	5	4
"< Application, LEDU/oswego/cs/dl/util/concurrent/WaitableRef, set(Ljava/lang/Object;)Ljava/lang/Object; >"	5	4
"< Application, LEDU/oswego/cs/dl/util/concurrent/WaitableShort, divide(S)S >"	8	4
"< Application, LEDU/oswego/cs/dl/util/concurrent/VetoableChangeMulticaster, hasListeners(Ljava/lang/String;)Z >"	20	1
"< Application, LEDU/oswego/cs/dl/util/concurrent/SynchronousChannel, doPut(Ljava/lang/Object;)V >"	14	4
"< Application, Lhedc/ethz/util/Generator, getBuffer_()[C >"	18	3
"< Application, Lhedc/PooledExecutorWithInvalidate, execute(Lhedc/Task;)V >"	11	4
"< Application, LEDU/oswego/cs/dl/util/concurrent/SynchronizedLong, subtract(J)J >"	8	4
"< Application, LEDU/oswego/cs/dl/util/concurrent/BoundedLinkedQueue, poll(J)Ljava/lang/Object; >"	20	10
"< Application, LEDU/oswego/cs/dl/util/concurrent/WaitableFloat, whenNotEqual(FLjava/lang/Runnable;)V >"	13	5
"< Application, LEDU/oswego/cs/dl/util/concurrent/SynchronizedLong, add(J)J >"	8	4
"< Application, LEDU/oswego/cs/dl/util/concurrent/SynchronizedLong, multiply(J)J >"	8	4
"< Application, LEDU/oswego/cs/dl/util/concurrent/PooledExecutor, execute(Ljava/lang/Runnable;)V >"	6	4
"< Application, LEDU/oswego/cs/dl/util/concurrent/WaitableInt, whenLessEqual(ILjava/lang/Runnable;)V >"	12	5
"< Application, LEDU/oswego/cs/dl/util/concurrent/BoundedLinkedQueue, offer(Ljava/lang/Object;J)Z >"	39	1
"< Application, LEDU/oswego/cs/dl/util/concurrent/CondVar, timedwait(J)Z >"	23	1
"< Application, LEDU/oswego/cs/dl/util/concurrent/WaitableByte, increment()B >"	8	3
"< Application, LEDU/oswego/cs/dl/util/concurrent/CopyOnWriteArrayList$COWSubList, iterator()Ljava/util/Iterator; >"	5	3
"< Application, LEDU/oswego/cs/dl/util/concurrent/SynchronizedChar, divide(C)C >"	9	4
"< Application, Lhedc/ethz/util/Generator, getBuffer_()[C >"	15	3
"< Application, LEDU/oswego/cs/dl/util/concurrent/SynchronizedShort, complement()S >"	7	3
"< Application, LEDU/oswego/cs/dl/util/concurrent/SynchronizedLong, subtract(J)J >"	5	4
"< Application, LEDU/oswego/cs/dl/util/concurrent/WaitableBoolean, whenTrue(Ljava/lang/Runnable;)V >"	9	4
"< Application, LEDU/oswego/cs/dl/util/concurrent/WaitFreeQueue, insert(Ljava/lang/Object;)V >"	13	9
"< Application, LEDU/oswego/cs/dl/util/concurrent/VetoableChangeMulticaster, multicast(Ljava/beans/PropertyChangeEvent;)V >"	11	1
"< Application, LEDU/oswego/cs/dl/util/concurrent/Latch, acquire()V >"	10	1
"< Application, LEDU/oswego/cs/dl/util/concurrent/CountDown, acquire()V >"	10	1
"< Application, LEDU/oswego/cs/dl/util/concurrent/Semaphore, attempt(J)Z >"	34	1
"< Application, LEDU/oswego/cs/dl/util/concurrent/LinkedQueue, extract()Ljava/lang/Object; >"	12	3
"< Application, LEDU/oswego/cs/dl/util/concurrent/SynchronizedBoolean, swap(LEDU/oswego/cs/dl/util/concurrent/SynchronizedBoolean;)Z >"	15	11
"< Application, LEDU/oswego/cs/dl/util/concurrent/SynchronizedByte, swap(LEDU/oswego/cs/dl/util/concurrent/SynchronizedByte;)B >"	15	11
"< Application, LEDU/oswego/cs/dl/util/concurrent/SynchronizedFloat, swap(LEDU/oswego/cs/dl/util/concurrent/SynchronizedFloat;)F >"	19	11
"< Application, LEDU/oswego/cs/dl/util/concurrent/WaitableShort, whenLess(SLjava/lang/Runnable;)V >"	12	5
"< Application, LEDU/oswego/cs/dl/util/concurrent/SynchronizedInt, decrement()I >"	8	3
"< Application, LEDU/oswego/cs/dl/util/concurrent/SynchronizedShort, increment()S >"	9	3
"< Application, LEDU/oswego/cs/dl/util/concurrent/WaitableDouble, divide(D)D >"	8	4
"< Application, LEDU/oswego/cs/dl/util/concurrent/SynchronizedFloat, swap(LEDU/oswego/cs/dl/util/concurrent/SynchronizedFloat;)F >"	16	10
"< Application, LEDU/oswego/cs/dl/util/concurrent/BoundedLinkedQueue, offer(Ljava/lang/Object;J)Z >"	33	9
"< Application, LEDU/oswego/cs/dl/util/concurrent/Latch, acquire()V >"	13	1
"< Application, LEDU/oswego/cs/dl/util/concurrent/SynchronizedLong, xor(J)J >"	6	4
"< Application, LEDU/oswego/cs/dl/util/concurrent/WaitableInt, subtract(I)I >"	8	4
"< Application, LEDU/oswego/cs/dl/util/concurrent/Semaphore, attempt(J)Z >"	27	1
"< Application, LEDU/oswego/cs/dl/util/concurrent/SynchronizedFloat, multiply(F)F >"	8	4
"< Application, LEDU/oswego/cs/dl/util/concurrent/PropertyChangeMulticaster, hasListeners(Ljava/lang/String;)Z >"	17	1
"< Application, LEDU/oswego/cs/dl/util/concurrent/SynchronizedDouble, subtract(D)D >"	8	4
"< Application, LEDU/oswego/cs/dl/util/concurrent/WaitableLong, whenLess(JLjava/lang/Runnable;)V >"	10	5
"< Application, LEDU/oswego/cs/dl/util/concurrent/SynchronizedRef, get()Ljava/lang/Object; >"	3	3
"< Application, LEDU/oswego/cs/dl/util/concurrent/SynchronizedDouble, commit(DD)Z >"	9	5
"< Application, LEDU/oswego/cs/dl/util/concurrent/BoundedLinkedQueue, peek()Ljava/lang/Object; >"	11	3
"< Application, LEDU/oswego/cs/dl/util/concurrent/WaitableByte, whenGreaterEqual(BLjava/lang/Runnable;)V >"	9	5
"< Application, LEDU/oswego/cs/dl/util/concurrent/SynchronizedByte, or(B)B >"	10	4
"< Application, LEDU/oswego/cs/dl/util/concurrent/WaitableFloat, whenLess(FLjava/lang/Runnable;)V >"	10	5
"< Application, LEDU/oswego/cs/dl/util/concurrent/LinkedQueue, poll(J)Ljava/lang/Object; >"	26	10
"< Application, LEDU/oswego/cs/dl/util/concurrent/PooledExecutor, createThreads(I)I >"	15	5
"< Application, LEDU/oswego/cs/dl/util/concurrent/FJTaskRunner, confirmTake(I)LEDU/oswego/cs/dl/util/concurrent/FJTask; >"	11	4
"< Application, LEDU/oswego/cs/dl/util/concurrent/WaitableChar, commit(CC)Z >"	9	5
"< Application, LEDU/oswego/cs/dl/util/concurrent/SynchronizedByte, increment()B >"	6	3
"< Application, LEDU/oswego/cs/dl/util/concurrent/BoundedLinkedQueue, isEmpty()Z >"	7	3
"< Application, LEDU/oswego/cs/dl/util/concurrent/WriterPreferenceReadWriteLock$ReaderLock, attempt(J)Z >"	42	1
"< Application, LEDU/oswego/cs/dl/util/concurrent/SynchronizedFloat, divide(F)F >"	8	4
"< Application, LEDU/oswego/cs/dl/util/concurrent/VetoableChangeMulticaster, hasListeners(Ljava/lang/String;)Z >"	4	1
"< Application, LEDU/oswego/cs/dl/util/concurrent/WaitableBoolean, or(Z)Z >"	8	4
"< Application, LEDU/oswego/cs/dl/util/concurrent/Mutex, attempt(J)Z >"	9	1
"< Application, LEDU/oswego/cs/dl/util/concurrent/SynchronizedInt, multiply(I)I >"	5	4
"< Application, LEDU/oswego/cs/dl/util/concurrent/WaitableDouble, whenNotEqual(DLjava/lang/Runnable;)V >"	13	5
"< Application, LEDU/oswego/cs/dl/util/concurrent/LinkedQueue, isEmpty()Z >"	10	3
"< Application, LEDU/oswego/cs/dl/util/concurrent/CopyOnWriteArrayList$COWSubList, get(I)Ljava/lang/Object; >"	8	4
"< Application, LEDU/oswego/cs/dl/util/concurrent/WaitableShort, whenGreater(SLjava/lang/Runnable;)V >"	9	5
"< Application, LEDU/oswego/cs/dl/util/concurrent/WaiterPreferenceSemaphore, attempt(J)Z >"	34	1
"< Application, LEDU/oswego/cs/dl/util/concurrent/BoundedBuffer, put(Ljava/lang/Object;)V >"	24	8
"< Application, LEDU/oswego/cs/dl/util/concurrent/WaitableRef, whenEqual(Ljava/lang/Object;Ljava/lang/Runnable;)V >"	12	5
"< Application, LEDU/oswego/cs/dl/util/concurrent/WaitableLong, subtract(J)J >"	8	4
"< Application, LEDU/oswego/cs/dl/util/concurrent/SynchronizedDouble, subtract(D)D >"	5	4
"< Application, LEDU/oswego/cs/dl/util/concurrent/BoundedLinkedQueue, take()Ljava/lang/Object; >"	22	9
"< Application, LEDU/oswego/cs/dl/util/concurrent/SynchronizedByte, divide(B)B >"	9	4
"< Application, LEDU/oswego/cs/dl/util/concurrent/SynchronizedInt, and(I)I >"	9	4
"< Application, LEDU/oswego/cs/dl/util/concurrent/WaitFreeQueue, extract()Ljava/lang/Object; >"	14	6
"< Application, LEDU/oswego/cs/dl/util/concurrent/SynchronizedShort, or(S)S >"	10	4
"< Application, LEDU/oswego/cs/dl/util/concurrent/SynchronizedInt, subtract(I)I >"	8	4
"< Application, LEDU/oswego/cs/dl/util/concurrent/WaitableInt, set(I)I >"	5	4
"< Application, LEDU/oswego/cs/dl/util/concurrent/WaitableChar, whenNotEqual(CLjava/lang/Runnable;)V >"	12	5
"< Application, LEDU/oswego/cs/dl/util/concurrent/WaitableChar, divide(C)C >"	8	4
"< Application, LEDU/oswego/cs/dl/util/concurrent/PooledExecutor, createThreads(I)I >"	12	5
"< Application, LEDU/oswego/cs/dl/util/concurrent/WaitableDouble, multiply(D)D >"	8	4
"< Application, LEDU/oswego/cs/dl/util/concurrent/SynchronizedByte, increment()B >"	9	3
"< Application, LEDU/oswego/cs/dl/util/concurrent/WaitableShort, subtract(S)S >"	5	4
"< Application, LEDU/oswego/cs/dl/util/concurrent/BoundedBuffer, peek()Ljava/lang/Object; >"	8	1
"< Application, LEDU/oswego/cs/dl/util/concurrent/WaitableChar, set(C)C >"	8	4
"< Application, LEDU/oswego/cs/dl/util/concurrent/BoundedLinkedQueue, isEmpty()Z >"	10	3
"< Application, LEDU/oswego/cs/dl/util/concurrent/WriterPreferenceReadWriteLock$WriterLock, attempt(J)Z >"	15	1
"< Application, LEDU/oswego/cs/dl/util/concurrent/SynchronizedDouble, swap(LEDU/oswego/cs/dl/util/concurrent/SynchronizedDouble;)D >"	19	11
"< Application, LEDU/oswego/cs/dl/util/concurrent/Mutex, attempt(J)Z >"	28	1
"< Application, LEDU/oswego/cs/dl/util/concurrent/Semaphore, acquire()V >"	21	1
"< Application, LEDU/oswego/cs/dl/util/concurrent/WriterPreferenceReadWriteLock$WriterLock, attempt(J)Z >"	29	1
"< Application, LEDU/oswego/cs/dl/util/concurrent/BoundedLinkedQueue, insert(Ljava/lang/Object;)V >"	10	9
"< Application, LEDU/oswego/cs/dl/util/concurrent/BoundedBuffer, poll(J)Ljava/lang/Object; >"	31	1
"< Application, LEDU/oswego/cs/dl/util/concurrent/PooledExecutor, workerDone(LEDU/oswego/cs/dl/util/concurrent/PooledExecutor$Worker;)V >"	10	4
"< Application, LEDU/oswego/cs/dl/util/concurrent/WaitableFloat, whenGreater(FLjava/lang/Runnable;)V >"	10	5
"< Application, LEDU/oswego/cs/dl/util/concurrent/Latch, attempt(J)Z >"	19	1
"< Application, LEDU/oswego/cs/dl/util/concurrent/WriterPreferenceReadWriteLock$WriterLock, acquire()V >"	22	1
"< Application, LEDU/oswego/cs/dl/util/concurrent/SynchronizedByte, swap(LEDU/oswego/cs/dl/util/concurrent/SynchronizedByte;)B >"	22	10
"< Application, LEDU/oswego/cs/dl/util/concurrent/SynchronizedDouble, set(D)D >"	4	4
"< Application, LEDU/oswego/cs/dl/util/concurrent/BoundedLinkedQueue, put(Ljava/lang/Object;)V >"	33	8
"< Application, LEDU/oswego/cs/dl/util/concurrent/WaitableByte, increment()B >"	5	3
"< Application, LEDU/oswego/cs/dl/util/concurrent/SynchronizedInt, divide(I)I >"	5	4
"< Application, LEDU/oswego/cs/dl/util/concurrent/VetoableChangeMulticaster, addVetoableChangeListener(Ljava/lang/String;Ljava/beans/VetoableChangeListener;)V >"	22	1
"< Application, LEDU/oswego/cs/dl/util/concurrent/WaitFreeQueue, peek()Ljava/lang/Object; >"	23	11
"< Application, LEDU/oswego/cs/dl/util/concurrent/BoundedBuffer, offer(Ljava/lang/Object;J)Z >"	21	9
"< Application, LEDU/oswego/cs/dl/util/concurrent/WaitableShort, whenGreaterEqual(SLjava/lang/Runnable;)V >"	12	5
"< Application, LEDU/oswego/cs/dl/util/concurrent/Rendezvous, doRendezvous(Ljava/lang/Object;ZJ)Ljava/lang/Object; >"	121	1
"< Application, LEDU/oswego/cs/dl/util/concurrent/CopyOnWriteArrayList$COWSubList, subList(II)Ljava/util/List; >"	19	5
"< Application, LEDU/oswego/cs/dl/util/concurrent/SynchronizedChar, swap(LEDU/oswego/cs/dl/util/concurrent/SynchronizedChar;)C >"	16	10
"< Application, LEDU/oswego/cs/dl/util/concurrent/WaitableByte, set(B)B >"	5	4
"< Application, LEDU/oswego/cs/dl/util/concurrent/WaiterPreferenceSemaphore, acquire()V >"	13	1
"< Application, LEDU/oswego/cs/dl/util/concurrent/ReentrantLock, attempt(J)Z >"	32	1
"< Application, LEDU/oswego/cs/dl/util/concurrent/WaitableLong, whenGreaterEqual(JLjava/lang/Runnable;)V >"	13	5
"< Application, LEDU/oswego/cs/dl/util/concurrent/SynchronizedLong, complement()J >"	9	3
"< Application, LEDU/oswego/cs/dl/util/concurrent/SynchronizedInt, increment()I >"	5	3
"< Application, LEDU/oswego/cs/dl/util/concurrent/ReentrantLock, attempt(J)Z >"	38	1
"< Application, LEDU/oswego/cs/dl/util/concurrent/WaitableFloat, divide(F)F >"	8	4
"< Application, LEDU/oswego/cs/dl/util/concurrent/WaitableBoolean, whenTrue(Ljava/lang/Runnable;)V >"	12	4
"< Application, Lhedc/PooledExecutorWithInvalidate, interruptAll()V >"	15	3
"< Application, LEDU/oswego/cs/dl/util/concurrent/SynchronizedBoolean, swap(LEDU/oswego/cs/dl/util/concurrent/SynchronizedBoolean;)Z >"	16	10
"< Application, LEDU/oswego/cs/dl/util/concurrent/SynchronizedLong, xor(J)J >"	9	4
"< Application, LEDU/oswego/cs/dl/util/concurrent/WaitFreeQueue, extract()Ljava/lang/Object; >"	22	11
"< Application, LEDU/oswego/cs/dl/util/concurrent/Rendezvous, restart()V >"	6	1
"< Application, LEDU/oswego/cs/dl/util/concurrent/WaitableLong, increment()J >"	8	3
"< Application, LEDU/oswego/cs/dl/util/concurrent/LinkedQueue, insert(Ljava/lang/Object;)V >"	9	7
"< Application, LEDU/oswego/cs/dl/util/concurrent/BoundedLinkedQueue, peek()Ljava/lang/Object; >"	6	3
"< Application, LEDU/oswego/cs/dl/util/concurrent/SynchronizedChar, subtract(C)C >"	6	4
"< Application, LEDU/oswego/cs/dl/util/concurrent/WaitableShort, increment()S >"	8	3
"< Application, LEDU/oswego/cs/dl/util/concurrent/SynchronizedByte, commit(BB)Z >"	11	5
"< Application, LEDU/oswego/cs/dl/util/concurrent/WaitableShort, whenLessEqual(SLjava/lang/Runnable;)V >"	12	5
"< Application, LEDU/oswego/cs/dl/util/concurrent/SynchronizedInt, xor(I)I >"	6	4
"< Application, LEDU/oswego/cs/dl/util/concurrent/WaitableByte, add(B)B >"	5	4
"< Application, LEDU/oswego/cs/dl/util/concurrent/WaitableInt, whenEqual(ILjava/lang/Runnable;)V >"	12	5
"< Application, LEDU/oswego/cs/dl/util/concurrent/WaitableByte, whenLess(BLjava/lang/Runnable;)V >"	9	5
"< Application, LEDU/oswego/cs/dl/util/concurrent/ReentrantLock, attempt(J)Z >"	45	1
"< Application, LEDU/oswego/cs/dl/util/concurrent/PooledExecutor, createThreads(I)I >"	10	5
"< Application, LEDU/oswego/cs/dl/util/concurrent/WaitableFloat, whenEqual(FLjava/lang/Runnable;)V >"	10	5
"< Application, LEDU/oswego/cs/dl/util/concurrent/CopyOnWriteArrayList$COWSubList, subList(II)Ljava/util/List; >"	16	5
"< Application, LEDU/oswego/cs/dl/util/concurrent/SynchronizedBoolean, swap(LEDU/oswego/cs/dl/util/concurrent/SynchronizedBoolean;)Z >"	19	11
"< Application, LEDU/oswego/cs/dl/util/concurrent/BoundedLinkedQueue, offer(Ljava/lang/Object;J)Z >"	19	9
"< Application, LEDU/oswego/cs/dl/util/concurrent/CountDown, attempt(J)Z >"	12	1
"< Application, LEDU/oswego/cs/dl/util/concurrent/BoundedLinkedQueue, put(Ljava/lang/Object;)V >"	27	1
"< Application, LEDU/oswego/cs/dl/util/concurrent/SynchronizedDouble, add(D)D >"	5	4
"< Application, LEDU/oswego/cs/dl/util/concurrent/CopyOnWriteArrayList$COWSubList, size()I >"	7	3
"< Application, LEDU/oswego/cs/dl/util/concurrent/SynchronizedByte, complement()B >"	7	3
"< Application, LEDU/oswego/cs/dl/util/concurrent/SynchronizedRef, set(Ljava/lang/Object;)Ljava/lang/Object; >"	7	4
"< Application, LEDU/oswego/cs/dl/util/concurrent/SynchronizedShort, complement()S >"	10	3
"< Application, LEDU/oswego/cs/dl/util/concurrent/SynchronizedByte, add(B)B >"	9	4
"< Application, LEDU/oswego/cs/dl/util/concurrent/SynchronizedByte, decrement()B >"	6	3
"< Application, LEDU/oswego/cs/dl/util/concurrent/SynchronizedDouble, swap(LEDU/oswego/cs/dl/util/concurrent/SynchronizedDouble;)D >"	22	10
"< Application, LEDU/oswego/cs/dl/util/concurrent/WaitableDouble, divide(D)D >"	5	4
"< Application, LEDU/oswego/cs/dl/util/concurrent/WaitableFloat, divide(F)F >"	5	4
"< Application, LEDU/oswego/cs/dl/util/concurrent/CopyOnWriteArrayList$COWSubList, add(ILjava/lang/Object;)V >"	19	5
"< Application, LEDU/oswego/cs/dl/util/concurrent/ReentrantLock, attempt(J)Z >"	12	1
"< Application, LEDU/oswego/cs/dl/util/concurrent/SynchronizedInt, or(I)I >"	9	4
"< Application, LEDU/oswego/cs/dl/util/concurrent/SynchronizedFloat, swap(LEDU/oswego/cs/dl/util/concurrent/SynchronizedFloat;)F >"	22	10
"< Application, LEDU/oswego/cs/dl/util/concurrent/SynchronizedDouble, commit(DD)Z >"	12	5
"< Application, LEDU/oswego/cs/dl/util/concurrent/SynchronizedRef, swap(LEDU/oswego/cs/dl/util/concurrent/SynchronizedRef;)Ljava/lang/Object; >"	19	11
"< Application, LEDU/oswego/cs/dl/util/concurrent/WaitableShort, whenEqual(SLjava/lang/Runnable;)V >"	12	5
"< Application, LEDU/oswego/cs/dl/util/concurrent/SynchronizedLong, set(J)J >"	7	4
"< Application, LEDU/oswego/cs/dl/util/concurrent/SynchronizedFloat, commit(FF)Z >"	12	5
"< Application, LEDU/oswego/cs/dl/util/concurrent/WaitFreeQueue, insert(Ljava/lang/Object;)V >"	16	9
"< Application, LEDU/oswego/cs/dl/util/concurrent/BoundedLinkedQueue, extract()Ljava/lang/Object; >"	13	3
"< Application, LEDU/oswego/cs/dl/util/concurrent/BoundedBuffer, incEmptySlots()V >"	10	3
"< Application, LEDU/oswego/cs/dl/util/concurrent/SynchronizedVariable, execute(Ljava/lang/Runnable;)V >"	11	7
"< Application, LEDU/oswego/cs/dl/util/concurrent/WaitableChar, multiply(C)C >"	8	4
"< Application, LEDU/oswego/cs/dl/util/concurrent/SynchronizedByte, xor(B)B >"	7	4
"< Application, LEDU/oswego/cs/dl/util/concurrent/SynchronizedShort, increment()S >"	6	3
"< Application, LEDU/oswego/cs/dl/util/concurrent/BoundedBuffer, take()Ljava/lang/Object; >"	14	1
"< Application, LEDU/oswego/cs/dl/util/concurrent/WaitableChar, whenEqual(CLjava/lang/Runnable;)V >"	9	5
"< Application, LEDU/oswego/cs/dl/util/concurrent/WaitableShort, whenGreaterEqual(SLjava/lang/Runnable;)V >"	9	5
"< Application, LEDU/oswego/cs/dl/util/concurrent/SynchronizedInt, increment()I >"	8	3
"< Application, Lhedc/PooledExecutorWithInvalidate, createThreads(I)I >"	15	5
"< Application, LEDU/oswego/cs/dl/util/concurrent/SynchronizedInt, complement()I >"	6	3
"< Application, LEDU/oswego/cs/dl/util/concurrent/Mutex, attempt(J)Z >"	21	1
"< Application, LEDU/oswego/cs/dl/util/concurrent/PropertyChangeMulticaster, hasListeners(Ljava/lang/String;)Z >"	20	1
"< Application, LEDU/oswego/cs/dl/util/concurrent/CopyOnWriteArrayList$COWSubList, add(ILjava/lang/Object;)V >"	22	5
"< Application, LEDU/oswego/cs/dl/util/concurrent/SynchronizedFloat, add(F)F >"	8	4
"< Application, LEDU/oswego/cs/dl/util/concurrent/WaitableDouble, whenGreaterEqual(DLjava/lang/Runnable;)V >"	13	5
"< Application, LEDU/oswego/cs/dl/util/concurrent/WaitableRef, whenNull(Ljava/lang/Runnable;)V >"	9	4
"< Application, LEDU/oswego/cs/dl/util/concurrent/SynchronizedChar, swap(LEDU/oswego/cs/dl/util/concurrent/SynchronizedChar;)C >"	15	11
"< Application, LEDU/oswego/cs/dl/util/concurrent/WaiterPreferenceSemaphore, attempt(J)Z >"	13	1
"< Application, LEDU/oswego/cs/dl/util/concurrent/WaitableInt, add(I)I >"	5	4
"< Application, LEDU/oswego/cs/dl/util/concurrent/SynchronizedLong, set(J)J >"	4	4
"< Application, LEDU/oswego/cs/dl/util/concurrent/WaitableChar, whenEqual(CLjava/lang/Runnable;)V >"	12	5
"< Application, LEDU/oswego/cs/dl/util/concurrent/SynchronizedBoolean, complement()Z >"	11	3
"< Application, LEDU/oswego/cs/dl/util/concurrent/BoundedLinkedQueue, take()Ljava/lang/Object; >"	12	9
"< Application, LEDU/oswego/cs/dl/util/concurrent/Mutex, acquire()V >"	18	1
"< Application, LEDU/oswego/cs/dl/util/concurrent/ReentrantLock, acquire()V >"	23	1
"< Application, LEDU/oswego/cs/dl/util/concurrent/LinkedQueue, peek()Ljava/lang/Object; >"	11	3
"< Application, LEDU/oswego/cs/dl/util/concurrent/WaitableByte, whenLessEqual(BLjava/lang/Runnable;)V >"	12	5
"< Application, LEDU/oswego/cs/dl/util/concurrent/WaitableDouble, whenLessEqual(DLjava/lang/Runnable;)V >"	13	5
"< Application, LEDU/oswego/cs/dl/util/concurrent/SynchronizedByte, swap(LEDU/oswego/cs/dl/util/concurrent/SynchronizedByte;)B >"	19	11
"< Application, LEDU/oswego/cs/dl/util/concurrent/WaitableShort, whenEqual(SLjava/lang/Runnable;)V >"	9	5
"< Application, LEDU/oswego/cs/dl/util/concurrent/WaitableLong, multiply(J)J >"	8	4
"< Application, LEDU/oswego/cs/dl/util/concurrent/SynchronizedShort, decrement()S >"	9	3
"< Application, LEDU/oswego/cs/dl/util/concurrent/BoundedBuffer, peek()Ljava/lang/Object; >"	11	1
"< Application, LEDU/oswego/cs/dl/util/concurrent/CountDown, attempt(J)Z >"	29	1
"< Application, LEDU/oswego/cs/dl/util/concurrent/WaitableInt, whenEqual(ILjava/lang/Runnable;)V >"	9	5
"< Application, LEDU/oswego/cs/dl/util/concurrent/CopyOnWriteArrayList$COWSubList, get(I)Ljava/lang/Object; >"	11	4
"< Application, LEDU/oswego/cs/dl/util/concurrent/SynchronizedFloat, add(F)F >"	5	4
"< Application, LEDU/oswego/cs/dl/util/concurrent/SynchronizedLong, get()J >"	6	3
"< Application, LEDU/oswego/cs/dl/util/concurrent/BoundedBuffer, take()Ljava/lang/Object; >"	17	1
"< Application, LEDU/oswego/cs/dl/util/concurrent/BoundedLinkedQueue, put(Ljava/lang/Object;)V >"	30	8
"< Application, LEDU/oswego/cs/dl/util/concurrent/WaitableDouble, whenGreater(DLjava/lang/Runnable;)V >"	13	5
"< Application, LEDU/oswego/cs/dl/util/concurrent/SynchronizedInt, swap(LEDU/oswego/cs/dl/util/concurrent/SynchronizedInt;)I >"	22	10
"< Application, LEDU/oswego/cs/dl/util/concurrent/BoundedBuffer, offer(Ljava/lang/Object;J)Z >"	35	9
"< Application, LEDU/oswego/cs/dl/util/concurrent/LinkedQueue, insert(Ljava/lang/Object;)V >"	21	4
"< Application, LEDU/oswego/cs/dl/util/concurrent/SynchronizedDouble, swap(LEDU/oswego/cs/dl/util/concurrent/SynchronizedDouble;)D >"	15	11
"< Application, LEDU/oswego/cs/dl/util/concurrent/SynchronizedBoolean, or(Z)Z >"	9	4
"< Application, LEDU/oswego/cs/dl/util/concurrent/SynchronizedChar, swap(LEDU/oswego/cs/dl/util/concurrent/SynchronizedChar;)C >"	19	11
"< Application, Lhedc/ethz/util/Generator, getBuffer_(Ljava/lang/String;)[C >"	8	6
"< Application, LEDU/oswego/cs/dl/util/concurrent/WaitableShort, divide(S)S >"	5	4
"< Application, LEDU/oswego/cs/dl/util/concurrent/WaitableByte, set(B)B >"	8	4
"< Application, LEDU/oswego/cs/dl/util/concurrent/LinkedQueue, extract()Ljava/lang/Object; >"	9	3
"< Application, LEDU/oswego/cs/dl/util/concurrent/WaitableFloat, commit(FF)Z >"	6	5
"< Application, LEDU/oswego/cs/dl/util/concurrent/WaitableChar, whenNotEqual(CLjava/lang/Runnable;)V >"	9	5
"< Application, LEDU/oswego/cs/dl/util/concurrent/WaitableFloat, subtract(F)F >"	8	4
"< Application, LEDU/oswego/cs/dl/util/concurrent/WaitFreeQueue, extract()Ljava/lang/Object; >"	11	6
"< Application, LEDU/oswego/cs/dl/util/concurrent/WaitableByte, whenEqual(BLjava/lang/Runnable;)V >"	9	5
"< Application, LEDU/oswego/cs/dl/util/concurrent/WaitableByte, divide(B)B >"	5	4
"< Application, LEDU/oswego/cs/dl/util/concurrent/WaitableFloat, whenLess(FLjava/lang/Runnable;)V >"	13	5
"< Application, LEDU/oswego/cs/dl/util/concurrent/PropertyChangeMulticaster, multicast(Ljava/beans/PropertyChangeEvent;)V >"	14	1
"< Application, LEDU/oswego/cs/dl/util/concurrent/SynchronizedInt, negate()I >"	9	3
"< Application, LEDU/oswego/cs/dl/util/concurrent/WaitableRef, whenNull(Ljava/lang/Runnable;)V >"	12	4
"< Application, LEDU/oswego/cs/dl/util/concurrent/WaitableBoolean, and(Z)Z >"	8	4
"< Application, LEDU/oswego/cs/dl/util/concurrent/WaitableFloat, whenGreaterEqual(FLjava/lang/Runnable;)V >"	13	5
"< Application, LEDU/oswego/cs/dl/util/concurrent/LinkedQueue, isEmpty()Z >"	7	3
"< Application, LEDU/oswego/cs/dl/util/concurrent/SynchronizedByte, negate()B >"	10	3
"< Application, LEDU/oswego/cs/dl/util/concurrent/WaitableLong, subtract(J)J >"	5	4
"< Application, LEDU/oswego/cs/dl/util/concurrent/PropertyChangeMulticaster, hasListeners(Ljava/lang/String;)Z >"	9	1
"< Application, LEDU/oswego/cs/dl/util/concurrent/WaitableLong, decrement()J >"	8	3
"< Application, LEDU/oswego/cs/dl/util/concurrent/WaitableDouble, whenLessEqual(DLjava/lang/Runnable;)V >"	10	5
"< Application, LEDU/oswego/cs/dl/util/concurrent/WaitableByte, subtract(B)B >"	8	4
"< Application, LEDU/oswego/cs/dl/util/concurrent/WaitableInt, whenLessEqual(ILjava/lang/Runnable;)V >"	9	5
"< Application, LEDU/oswego/cs/dl/util/concurrent/WaitableByte, commit(BB)Z >"	9	5
"< Application, LEDU/oswego/cs/dl/util/concurrent/WaitableBoolean, xor(Z)Z >"	5	4
"< Application, LEDU/oswego/cs/dl/util/concurrent/LinkedQueue, insert(Ljava/lang/Object;)V >"	18	4
"< Application, LEDU/oswego/cs/dl/util/concurrent/WaitableLong, add(J)J >"	5	4
"< Application, LEDU/oswego/cs/dl/util/concurrent/VetoableChangeMulticaster, addVetoableChangeListener(Ljava/lang/String;Ljava/beans/VetoableChangeListener;)V >"	25	1
"< Application, LEDU/oswego/cs/dl/util/concurrent/PropertyChangeMulticaster, addPropertyChangeListener(Ljava/lang/String;Ljava/beans/PropertyChangeListener;)V >"	22	1
"< Application, LEDU/oswego/cs/dl/util/concurrent/WaitableChar, whenGreater(CLjava/lang/Runnable;)V >"	12	5
"< Application, LEDU/oswego/cs/dl/util/concurrent/SynchronizedBoolean, get()Z >"	3	3
"< Application, LEDU/oswego/cs/dl/util/concurrent/WaitableChar, set(C)C >"	5	4
"< Application, LEDU/oswego/cs/dl/util/concurrent/WaitableChar, add(C)C >"	8	4
"< Application, LEDU/oswego/cs/dl/util/concurrent/BoundedLinkedQueue, offer(Ljava/lang/Object;J)Z >"	32	1
"< Application, LEDU/oswego/cs/dl/util/concurrent/WaitableBoolean, whenNotEqual(ZLjava/lang/Runnable;)V >"	12	5
"< Application, LEDU/oswego/cs/dl/util/concurrent/WaitableInt, whenLess(ILjava/lang/Runnable;)V >"	9	5
"< Application, LEDU/oswego/cs/dl/util/concurrent/WaitableInt, commit(II)Z >"	9	5
"< Application, LEDU/oswego/cs/dl/util/concurrent/SynchronizedChar, set(C)C >"	7	4
"< Application, LEDU/oswego/cs/dl/util/concurrent/WaitableFloat, whenLessEqual(FLjava/lang/Runnable;)V >"	10	5
"< Application, LEDU/oswego/cs/dl/util/concurrent/WaitableFloat, whenNotEqual(FLjava/lang/Runnable;)V >"	10	5
"< Application, LEDU/oswego/cs/dl/util/concurrent/WaitableBoolean, complement()Z >"	8	3
"< Application, LEDU/oswego/cs/dl/util/concurrent/SynchronizedByte, xor(B)B >"	10	4
"< Application, Lhedc/PooledExecutorWithInvalidate, execute(Lhedc/Task;)V >"	22	4
"< Application, LEDU/oswego/cs/dl/util/concurrent/SynchronizedShort, divide(S)S >"	6	4
"< Application, LEDU/oswego/cs/dl/util/concurrent/SynchronizedByte, or(B)B >"	7	4
"< Application, LEDU/oswego/cs/dl/util/concurrent/SynchronizedChar, divide(C)C >"	6	4
"< Application, LEDU/oswego/cs/dl/util/concurrent/WaitableByte, whenGreater(BLjava/lang/Runnable;)V >"	12	5
"< Application, LEDU/oswego/cs/dl/util/concurrent/SynchronizedInt, set(I)I >"	7	4
"< Application, LEDU/oswego/cs/dl/util/concurrent/WaitableDouble, commit(DD)Z >"	6	5
"< Application, Lhedc/PooledExecutorWithInvalidate, workerDone(Lhedc/PooledExecutorWithInvalidate$Worker;)V >"	10	4
"< Application, LEDU/oswego/cs/dl/util/concurrent/WaitableDouble, whenLess(DLjava/lang/Runnable;)V >"	10	5
"< Application, LEDU/oswego/cs/dl/util/concurrent/SynchronizedByte, swap(LEDU/oswego/cs/dl/util/concurrent/SynchronizedByte;)B >"	16	10
"< Application, LEDU/oswego/cs/dl/util/concurrent/WaitableByte, add(B)B >"	8	4
"< Application, Lhedc/PooledExecutorWithInvalidate, interruptAll()V >"	12	3
"< Application, LEDU/oswego/cs/dl/util/concurrent/WaitableChar, subtract(C)C >"	8	4
"< Application, LEDU/oswego/cs/dl/util/concurrent/WaitableFloat, multiply(F)F >"	8	4
"< Application, LEDU/oswego/cs/dl/util/concurrent/SynchronizedBoolean, swap(LEDU/oswego/cs/dl/util/concurrent/SynchronizedBoolean;)Z >"	22	10
"< Application, LEDU/oswego/cs/dl/util/concurrent/SynchronizedLong, multiply(J)J >"	5	4
"< Application, LEDU/oswego/cs/dl/util/concurrent/WriterPreferenceReadWriteLock$WriterLock, attempt(J)Z >"	41	1
"< Application, LEDU/oswego/cs/dl/util/concurrent/PropertyChangeMulticaster, hasListeners(Ljava/lang/String;)Z >"	15	1
"< Application, LEDU/oswego/cs/dl/util/concurrent/CondVar, await()V >"	13	1
"< Application, LEDU/oswego/cs/dl/util/concurrent/SynchronizedInt, get()I >"	3	3
"< Application, LEDU/oswego/cs/dl/util/concurrent/SynchronizedShort, set(S)S >"	7	4
"< Application, LEDU/oswego/cs/dl/util/concurrent/Latch, attempt(J)Z >"	8	1
"< Application, LEDU/oswego/cs/dl/util/concurrent/WaitableRef, commit(Ljava/lang/Object;Ljava/lang/Object;)Z >"	9	5
"< Application, LEDU/oswego/cs/dl/util/concurrent/SynchronizedShort, negate()S >"	10	3
"< Application, LEDU/oswego/cs/dl/util/concurrent/SynchronizedLong, and(J)J >"	9	4
"< Application, LEDU/oswego/cs/dl/util/concurrent/WaiterPreferenceSemaphore, acquire()V >"	37	1
"< Application, LEDU/oswego/cs/dl/util/concurrent/SynchronizedLong, negate()J >"	6	3
"< Application, LEDU/oswego/cs/dl/util/concurrent/WaitableBoolean, set(Z)Z >"	8	4
"< Application, LEDU/oswego/cs/dl/util/concurrent/BoundedBuffer, put(Ljava/lang/Object;)V >"	21	8
"< Application, LEDU/oswego/cs/dl/util/concurrent/WaitableInt, multiply(I)I >"	8	4
"< Application, LEDU/oswego/cs/dl/util/concurrent/SynchronizedShort, and(S)S >"	7	4
"< Application, LEDU/oswego/cs/dl/util/concurrent/CountDown, acquire()V >"	13	1
"< Application, LEDU/oswego/cs/dl/util/concurrent/WaitableChar, whenGreater(CLjava/lang/Runnable;)V >"	9	5
"< Application, LEDU/oswego/cs/dl/util/concurrent/SynchronizedChar, multiply(C)C >"	6	4
"< Application, LEDU/oswego/cs/dl/util/concurrent/WaitFreeQueue, insert(Ljava/lang/Object;)V >"	21	11
"< Application, LEDU/oswego/cs/dl/util/concurrent/VetoableChangeMulticaster, addVetoableChangeListenerIfAbsent(Ljava/lang/String;Ljava/beans/VetoableChangeListener;)V >"	22	1
