"< Application, Lhedc/ethz/util/SmartRef, exists()Z >"	15	12	11	java_type_ref("<Primordial,Ljava/net/HttpURLConnection>")
"< Application, LEDU/oswego/cs/dl/util/concurrent/VetoableChangeMulticaster, writeObject(Ljava/io/ObjectOutputStream;)V >"	9	12	11	java_type_ref("<Primordial,Ljava/io/Serializable>")
"< Application, Lhedc/DateFormatter, parse(Ljava/lang/String;Ljava/text/ParsePosition;)Ljava/util/Date; >"	129	118	117	java_type_ref("<Primordial,Ljava/lang/Long>")
"< Application, LEDU/oswego/cs/dl/util/concurrent/SynchronizedBoolean, equals(Ljava/lang/Object;)Z >"	1	5	2	java_type_ref("<Application,LEDU/oswego/cs/dl/util/concurrent/SynchronizedBoolean>")
"< Application, LEDU/oswego/cs/dl/util/concurrent/SynchronizedLong, equals(Ljava/lang/Object;)Z >"	1	5	2	java_type_ref("<Application,LEDU/oswego/cs/dl/util/concurrent/SynchronizedLong>")
"< Application, LEDU/oswego/cs/dl/util/concurrent/FJTaskRunnerGroup, execute(Ljava/lang/Runnable;)V >"	0	4	2	java_type_ref("<Application,LEDU/oswego/cs/dl/util/concurrent/FJTask>")
"< Application, LEDU/oswego/cs/dl/util/concurrent/PropertyChangeMulticaster, writeObject(Ljava/io/ObjectOutputStream;)V >"	9	12	11	java_type_ref("<Primordial,Ljava/io/Serializable>")
"< Application, Lhedc/regexp/RegexpCompiler, compileAlternative(Lhedc/regexp/CompilerState;Lhedc/regexp/Regexp;)Lhedc/regexp/Regexp; >"	87	59	11	java_type_ref("<Application,Lhedc/regexp/Literal>")
"< Application, Lhedc/DateFormatter, equals(Ljava/lang/Object;)Z >"	0	4	2	java_type_ref("<Application,Lhedc/DateFormatter>")
"< Application, Lhedc/DateFormatter, equals(Ljava/lang/Object;Ljava/lang/Object;)Z >"	5	5	1	java_type_array(java_type_ref("<Primordial,Ljava/lang/Object>"))
"< Application, LEDU/oswego/cs/dl/util/concurrent/CopyOnWriteArrayList, equals(Ljava/lang/Object;)Z >"	2	4	2	java_type_ref("<Primordial,Ljava/util/List>")
"< Application, LEDU/oswego/cs/dl/util/concurrent/SynchronizedShort, equals(Ljava/lang/Object;)Z >"	1	5	2	java_type_ref("<Application,LEDU/oswego/cs/dl/util/concurrent/SynchronizedShort>")
"< Application, LEDU/oswego/cs/dl/util/concurrent/FJTaskRunnerGroup$InvokableFJTask, run()V >"	1	4	3	java_type_ref("<Application,LEDU/oswego/cs/dl/util/concurrent/FJTask>")
"< Application, Lhedc/DateFormatter, equals(Ljava/lang/Object;Ljava/lang/Object;)Z >"	7	7	2	java_type_array(java_type_ref("<Primordial,Ljava/lang/Object>"))
"< Application, Lhedc/ethz/util/URLConnectionReader, checkUrl(Ljava/lang/String;)I >"	3	8	7	java_type_ref("<Primordial,Ljava/net/HttpURLConnection>")
"< Application, LEDU/oswego/cs/dl/util/concurrent/SynchronizedDouble, equals(Ljava/lang/Object;)Z >"	1	5	2	java_type_ref("<Application,LEDU/oswego/cs/dl/util/concurrent/SynchronizedDouble>")
"< Application, LEDU/oswego/cs/dl/util/concurrent/SynchronizedChar, equals(Ljava/lang/Object;)Z >"	1	5	2	java_type_ref("<Application,LEDU/oswego/cs/dl/util/concurrent/SynchronizedChar>")
"< Application, Lhedc/MetaSearchResult, cloneTask(Lhedc/MetaSearchResult;)Lhedc/MetaSearchResult; >"	1	4	1	java_type_ref("<Application,Lhedc/Task>")
"< Application, LEDU/oswego/cs/dl/util/concurrent/SynchronizedInt, equals(Ljava/lang/Object;)Z >"	1	5	2	java_type_ref("<Application,LEDU/oswego/cs/dl/util/concurrent/SynchronizedInt>")
"< Application, LEDU/oswego/cs/dl/util/concurrent/SynchronizedFloat, equals(Ljava/lang/Object;)Z >"	1	5	2	java_type_ref("<Application,LEDU/oswego/cs/dl/util/concurrent/SynchronizedFloat>")
"< Application, Lhedc/ethz/util/SmartRef, equals(Ljava/lang/Object;)Z >"	1	6	2	java_type_ref("<Application,Lhedc/ethz/util/SmartRef>")
"< Application, LEDU/oswego/cs/dl/util/concurrent/SynchronizedByte, equals(Ljava/lang/Object;)Z >"	1	5	2	java_type_ref("<Application,LEDU/oswego/cs/dl/util/concurrent/SynchronizedByte>")
