"< Application, LEDU/oswego/cs/dl/util/concurrent/FJTaskRunner, scan(LEDU/oswego/cs/dl/util/concurrent/FJTask;)V >"	10	17	8
"< Application, LEDU/oswego/cs/dl/util/concurrent/FJTaskRunner, deqSize()I >"	1	4	3
"< Application, LEDU/oswego/cs/dl/util/concurrent/Rendezvous, doRendezvous(Ljava/lang/Object;ZJ)Ljava/lang/Object; >"	82	79	78
"< Application, Ljavax/servlet/jsp/tagext/TagAttributeInfo, getIdAttribute([Ljavax/servlet/jsp/tagext/TagAttributeInfo;)Ljavax/servlet/jsp/tagext/TagAttributeInfo; >"	9	4	1
"< Application, LEDU/oswego/cs/dl/util/concurrent/VetoableChangeMulticaster, multicast(Ljava/beans/PropertyChangeEvent;)V >"	36	38	5
"< Application, LEDU/oswego/cs/dl/util/concurrent/CopyOnWriteArrayList, toArray([Ljava/lang/Object;)[Ljava/lang/Object; >"	1	6	2
"< Application, LEDU/oswego/cs/dl/util/concurrent/FJTask$Seq, run()V >"	2	5	4
"< Application, LEDU/oswego/cs/dl/util/concurrent/VetoableChangeMulticaster, multicast(Ljava/beans/PropertyChangeEvent;)V >"	33	37	5
"< Application, LEDU/oswego/cs/dl/util/concurrent/PropertyChangeMulticaster, addPropertyChangeListener(Ljava/beans/PropertyChangeListener;)V >"	5	6	5
"< Application, LEDU/oswego/cs/dl/util/concurrent/Heap, insert(Ljava/lang/Object;)V >"	5	9	8
"< Application, LEDU/oswego/cs/dl/util/concurrent/FJTaskRunner, checkOverflow()V >"	18	43	42
"< Application, LEDU/oswego/cs/dl/util/concurrent/FJTaskRunnerGroup, stats()V >"	9	16	15
"< Application, Lhedc/Messages, formatArray([I)Ljava/lang/String; >"	7	11	1
"< Application, LEDU/oswego/cs/dl/util/concurrent/CopyOnWriteArrayList, toArray([Ljava/lang/Object;)[Ljava/lang/Object; >"	14	22	5
"< Application, Lhedc/ethz/util/ObservableProperties, putValue(Ljava/lang/String;Ljava/lang/String;)Z >"	22	36	35
"< Application, LEDU/oswego/cs/dl/util/concurrent/CopyOnWriteArrayList, size()I >"	1	5	4
"< Application, LEDU/oswego/cs/dl/util/concurrent/FJTaskRunnerGroup, size()I >"	1	4	3
"< Application, LEDU/oswego/cs/dl/util/concurrent/FJTaskRunner, checkOverflow()V >"	13	39	38
"< Application, Ljavax/servlet/http/HttpServlet, doOptions(Ljavax/servlet/http/HttpServletRequest;Ljavax/servlet/http/HttpServletResponse;)V >"	22	11	8
"< Application, Lhedc/ethz/util/SerializePerformanceTest, main([Ljava/lang/String;)V >"	0	3	1
"< Application, LEDU/oswego/cs/dl/util/concurrent/FJTaskRunner, coInvoke(LEDU/oswego/cs/dl/util/concurrent/FJTask;LEDU/oswego/cs/dl/util/concurrent/FJTask;)V >"	12	18	17
"< Application, LEDU/oswego/cs/dl/util/concurrent/FJTaskRunner, put(LEDU/oswego/cs/dl/util/concurrent/FJTask;)V >"	4	9	8
"< Application, LEDU/oswego/cs/dl/util/concurrent/CopyOnWriteArrayList, addIfAbsent(Ljava/lang/Object;)Z >"	1	5	4
"< Application, LEDU/oswego/cs/dl/util/concurrent/CopyOnWriteArrayList, removeRange(II)V >"	1	6	5
"< Application, Lhedc/DateFormatter, parse(Ljava/lang/String;Ljava/text/ParsePosition;)Ljava/util/Date; >"	138	124	104
"< Application, LEDU/oswego/cs/dl/util/concurrent/FJTaskRunner, checkOverflow()V >"	34	54	53
"< Application, LEDU/oswego/cs/dl/util/concurrent/CopyOnWriteArrayList$COWIterator, hasNext()Z >"	2	5	4
"< Application, LEDU/oswego/cs/dl/util/concurrent/FJTaskRunnerGroup, initializeThreads()V >"	2	5	4
"< Application, LEDU/oswego/cs/dl/util/concurrent/CopyOnWriteArrayList, clone()Ljava/lang/Object; >"	3	11	4
"< Application, LEDU/oswego/cs/dl/util/concurrent/CopyOnWriteArrayList, subList(II)Ljava/util/List; >"	1	6	5
"< Application, LEDU/oswego/cs/dl/util/concurrent/CopyOnWriteArrayList, toArray()[Ljava/lang/Object; >"	3	8	4
"< Application, Ljavax/servlet/jsp/tagext/TagInfo, toString()Ljava/lang/String; >"	43	59	58
"< Application, LEDU/oswego/cs/dl/util/concurrent/PropertyChangeMulticaster, writeObject(Ljava/io/ObjectOutputStream;)V >"	3	7	6
"< Application, LEDU/oswego/cs/dl/util/concurrent/CopyOnWriteArrayList, set(ILjava/lang/Object;)Ljava/lang/Object; >"	1	6	5
"< Application, Lhedc/ethz/util/URLConnectionReader, main([Ljava/lang/String;)V >"	0	3	1
"< Application, Lhedc/DateFormatter, format(Ljava/util/Date;Ljava/lang/StringBuffer;Ljava/text/FieldPosition;)Ljava/lang/StringBuffer; >"	129	142	141
"< Application, LEDU/oswego/cs/dl/util/concurrent/FJTaskRunner, confirmPop(I)LEDU/oswego/cs/dl/util/concurrent/FJTask; >"	4	9	8
"< Application, LEDU/oswego/cs/dl/util/concurrent/BoundedBuffer, extract()Ljava/lang/Object; >"	13	15	14
"< Application, LEDU/oswego/cs/dl/util/concurrent/FJTaskRunner, confirmTake(I)LEDU/oswego/cs/dl/util/concurrent/FJTask; >"	6	9	8
"< Application, LEDU/oswego/cs/dl/util/concurrent/FJTaskRunner, scan(LEDU/oswego/cs/dl/util/concurrent/FJTask;)V >"	6	13	8
"< Application, LEDU/oswego/cs/dl/util/concurrent/CopyOnWriteArrayList, indexOf(Ljava/lang/Object;I)I >"	1	7	6
"< Application, Lhedc/regexp/State, validateGroup(I)V >"	3	7	6
"< Application, Lhedc/ethz/util/BaseProperties, getIntegerArray(Ljava/lang/String;[I)[I >"	14	14	12
"< Application, LEDU/oswego/cs/dl/util/concurrent/CopyOnWriteArrayList, writeObject(Ljava/io/ObjectOutputStream;)V >"	2	7	6
"< Application, LEDU/oswego/cs/dl/util/concurrent/BoundedBuffer, capacity()I >"	1	4	3
"< Application, LEDU/oswego/cs/dl/util/concurrent/VetoableChangeMulticaster, writeObject(Ljava/io/ObjectOutputStream;)V >"	3	7	6
"< Application, Lhedc/Messages, format(Ljava/lang/String;[Ljava/lang/Object;)Ljava/lang/String; >"	15	27	2
"< Application, LEDU/oswego/cs/dl/util/concurrent/PropertyChangeMulticaster, addPropertyChangeListenerIfAbsent(Ljava/beans/PropertyChangeListener;)V >"	5	6	5
"< Application, LEDU/oswego/cs/dl/util/concurrent/FJTaskRunner, slowCoInvoke([LEDU/oswego/cs/dl/util/concurrent/FJTask;)V >"	8	11	2
"< Application, Lhedc/Messages, formatArray([I)Ljava/lang/String; >"	4	10	1
"< Application, Lhedc/TaskFactory, makeTasks(Ljava/util/Hashtable;Ljava/util/Date;Lhedc/MetaSearchRequest;)Ljava/util/List; >"	4	10	9
"< Application, Lhedc/ethz/util/ObservableProperties, unregisterObserver(Lhedc/ethz/util/PropertyMonitoring;)Z >"	2	6	5
"< Application, LEDU/oswego/cs/dl/util/concurrent/CopyOnWriteArrayList, addAll(ILjava/util/Collection;)Z >"	1	6	5
"< Application, LEDU/oswego/cs/dl/util/concurrent/FJTaskRunner, put(LEDU/oswego/cs/dl/util/concurrent/FJTask;)V >"	23	25	24
"< Application, Lhedc/ethz/util/ObservableProperties, registerObserver(Lhedc/ethz/util/PropertyMonitoring;)V >"	23	24	23
"< Application, LEDU/oswego/cs/dl/util/concurrent/CopyOnWriteArrayList, containsAll(Ljava/util/Collection;)Z >"	1	6	5
"< Application, LEDU/oswego/cs/dl/util/concurrent/VetoableChangeMulticaster, hasListeners(Ljava/lang/String;)Z >"	2	5	4
"< Application, LEDU/oswego/cs/dl/util/concurrent/FJTaskRunner, slowCoInvoke([LEDU/oswego/cs/dl/util/concurrent/FJTask;)V >"	1	5	2
"< Application, Lhedc/ethz/util/Generator, generate(Ljava/io/Writer;Ljava/util/Hashtable;[C)J >"	14	15	3
"< Application, LEDU/oswego/cs/dl/util/concurrent/FJTaskRunner, checkOverflow()V >"	41	12	11
"< Application, Ljavax/servlet/http/HttpServlet, getAllDeclaredMethods(Ljava/lang/Class;)[Ljava/lang/reflect/Method; >"	8	17	13
"< Application, LEDU/oswego/cs/dl/util/concurrent/FJTaskRunnerGroup, setActive(LEDU/oswego/cs/dl/util/concurrent/FJTaskRunner;)V >"	8	11	10
"< Application, Lhedc/Messages, formatArray([Ljava/lang/Object;)Ljava/lang/String; >"	7	11	1
"< Application, Lhedc/DateFormatter, equals(Ljava/lang/Object;Ljava/lang/Object;)Z >"	16	13	11
"< Application, LEDU/oswego/cs/dl/util/concurrent/FJTaskRunner, push(LEDU/oswego/cs/dl/util/concurrent/FJTask;)V >"	7	12	11
"< Application, Lhedc/ethz/util/BaseProperties, getStringArray(Ljava/lang/String;[Ljava/lang/String;)[Ljava/lang/String; >"	14	14	12
"< Application, LEDU/oswego/cs/dl/util/concurrent/FJTaskRunner, checkOverflow()V >"	8	34	33
"< Application, LEDU/oswego/cs/dl/util/concurrent/FJTaskRunner, coInvoke([LEDU/oswego/cs/dl/util/concurrent/FJTask;)V >"	0	4	2
"< Application, LEDU/oswego/cs/dl/util/concurrent/VetoableChangeMulticaster, addVetoableChangeListenerIfAbsent(Ljava/beans/VetoableChangeListener;)V >"	5	6	5
"< Application, LEDU/oswego/cs/dl/util/concurrent/FJTaskRunner, push(LEDU/oswego/cs/dl/util/concurrent/FJTask;)V >"	3	7	6
"< Application, LEDU/oswego/cs/dl/util/concurrent/CopyOnWriteArrayList, indexOf(Ljava/lang/Object;)I >"	1	6	5
"< Application, LEDU/oswego/cs/dl/util/concurrent/CopyOnWriteArrayList, removeAll(Ljava/util/Collection;)Z >"	1	5	4
"< Application, LEDU/oswego/cs/dl/util/concurrent/FJTaskRunner, scanWhileIdling()V >"	11	17	8
"< Application, LEDU/oswego/cs/dl/util/concurrent/CopyOnWriteArrayList, contains(Ljava/lang/Object;)Z >"	1	6	5
"< Application, LEDU/oswego/cs/dl/util/concurrent/CopyOnWriteArrayList, toArray([Ljava/lang/Object;)[Ljava/lang/Object; >"	16	23	5
"< Application, Ljavax/servlet/http/HttpServlet, getAllDeclaredMethods(Ljava/lang/Class;)[Ljava/lang/reflect/Method; >"	26	28	15
"< Application, LEDU/oswego/cs/dl/util/concurrent/PrioritySemaphore$PriorityWaitQueue, <init>()V >"	6	9	8
"< Application, Lhedc/ethz/util/ObservableProperties, registerObserver(Lhedc/ethz/util/PropertyMonitoring;)V >"	2	6	5
"< Application, Ljavax/servlet/jsp/tagext/TagLibraryInfo, getTag(Ljava/lang/String;)Ljavax/servlet/jsp/tagext/TagInfo; >"	16	9	5
"< Application, LEDU/oswego/cs/dl/util/concurrent/FJTaskRunner, coInvoke([LEDU/oswego/cs/dl/util/concurrent/FJTask;)V >"	7	12	11
"< Application, Lhedc/DateFormatter, parse(Ljava/lang/String;Ljava/text/ParsePosition;)Ljava/util/Date; >"	146	130	104
"< Application, Ljavax/servlet/http/HttpServlet, getAllDeclaredMethods(Ljava/lang/Class;)[Ljava/lang/reflect/Method; >"	17	21	13
"< Application, LEDU/oswego/cs/dl/util/concurrent/Heap, insert(Ljava/lang/Object;)V >"	2	6	5
"< Application, LEDU/oswego/cs/dl/util/concurrent/FJTaskRunnerGroup, signalNewTask()V >"	5	8	7
"< Application, Lhedc/DateFormatter, equals(Ljava/lang/Object;Ljava/lang/Object;)Z >"	19	14	9
"< Application, LEDU/oswego/cs/dl/util/concurrent/FJTaskRunner, scanWhileIdling()V >"	3	10	8
"< Application, LEDU/oswego/cs/dl/util/concurrent/CopyOnWriteArrayList, addAllAbsent(Ljava/util/Collection;)I >"	4	8	7
"< Application, LEDU/oswego/cs/dl/util/concurrent/FJTaskRunner, push(LEDU/oswego/cs/dl/util/concurrent/FJTask;)V >"	12	17	16
"< Application, LEDU/oswego/cs/dl/util/concurrent/PropertyChangeMulticaster, multicast(Ljava/beans/PropertyChangeEvent;)V >"	17	19	5
"< Application, Ljavax/servlet/jsp/tagext/TagData, <init>([[Ljava/lang/Object;)V >"	2	6	2
"< Application, LEDU/oswego/cs/dl/util/concurrent/FJTaskRunnerGroup, setRunPriorities(I)V >"	2	6	5
"< Application, Lhedc/DateFormatter, equals(Ljava/lang/Object;Ljava/lang/Object;)Z >"	15	12	9
"< Application, LEDU/oswego/cs/dl/util/concurrent/CopyOnWriteArrayList, add(ILjava/lang/Object;)V >"	1	6	5
"< Application, Lhedc/regexp/State, ensureGroup(I)V >"	11	15	14
"< Application, Lhedc/ethz/util/Generator, generateThroughBuffer(Ljava/lang/String;Ljava/io/Writer;Ljava/util/Hashtable;)J >"	5	13	9
"< Application, LEDU/oswego/cs/dl/util/concurrent/FJTaskRunner, coInvoke(LEDU/oswego/cs/dl/util/concurrent/FJTask;LEDU/oswego/cs/dl/util/concurrent/FJTask;)V >"	7	13	12
"< Application, LEDU/oswego/cs/dl/util/concurrent/CopyOnWriteArrayList, toArray()[Ljava/lang/Object; >"	1	5	4
"< Application, Ljavax/servlet/http/HttpUtils, parseQueryString(Ljava/lang/String;)Ljava/util/Hashtable; >"	37	44	36
"< Application, LEDU/oswego/cs/dl/util/concurrent/FJTaskRunnerGroup, setScanPriorities(I)V >"	2	6	5
"< Application, LEDU/oswego/cs/dl/util/concurrent/CopyOnWriteArrayList, lastIndexOf(Ljava/lang/Object;)I >"	1	6	5
"< Application, LEDU/oswego/cs/dl/util/concurrent/VetoableChangeMulticaster, addVetoableChangeListener(Ljava/beans/VetoableChangeListener;)V >"	5	6	5
"< Application, LEDU/oswego/cs/dl/util/concurrent/FJTaskRunner, coInvoke(LEDU/oswego/cs/dl/util/concurrent/FJTask;LEDU/oswego/cs/dl/util/concurrent/FJTask;)V >"	3	8	7
"< Application, LEDU/oswego/cs/dl/util/concurrent/FJTaskRunnerGroup, interruptAll()V >"	3	7	6
"< Application, Lhedc/ethz/util/DoubleBufferCopy$Buffer, accessBuffer(I)Z >"	22	12	11
"< Application, LEDU/oswego/cs/dl/util/concurrent/FJTaskRunner, scanWhileIdling()V >"	7	13	8
"< Application, LEDU/oswego/cs/dl/util/concurrent/CopyOnWriteArrayList, writeObject(Ljava/io/ObjectOutputStream;)V >"	5	10	6
"< Application, Lhedc/regexp/State, ensureGroup(I)V >"	3	7	6
"< Application, LEDU/oswego/cs/dl/util/concurrent/CopyOnWriteArrayList, remove(Ljava/lang/Object;)Z >"	1	5	4
"< Application, Lhedc/regexp/State, ensureGroup(I)V >"	20	22	21
"< Application, Ljavax/servlet/http/HttpUtils, parseQueryString(Ljava/lang/String;)Ljava/util/Hashtable; >"	35	40	36
"< Application, Lhedc/DateFormatter, parse(Ljava/lang/String;Ljava/text/ParsePosition;)Ljava/util/Date; >"	80	47	46
"< Application, Lhedc/regexp/Regexp, main([Ljava/lang/String;)V >"	6	12	9
"< Application, LEDU/oswego/cs/dl/util/concurrent/CopyOnWriteArrayList, toArray([Ljava/lang/Object;)[Ljava/lang/Object; >"	13	21	17
"< Application, LEDU/oswego/cs/dl/util/concurrent/FJTaskRunner, scan(LEDU/oswego/cs/dl/util/concurrent/FJTask;)V >"	3	10	8
"< Application, Lhedc/Messages, formatArray([Ljava/lang/Object;)Ljava/lang/String; >"	4	10	1
"< Application, LEDU/oswego/cs/dl/util/concurrent/CopyOnWriteArrayList, get(I)Ljava/lang/Object; >"	1	6	5
"< Application, LEDU/oswego/cs/dl/util/concurrent/VetoableChangeMulticaster, multicast(Ljava/beans/PropertyChangeEvent;)V >"	17	19	5
"< Application, LEDU/oswego/cs/dl/util/concurrent/Heap, insert(Ljava/lang/Object;)V >"	12	19	18
"< Application, Lhedc/regexp/Literal, appendChar(I)V >"	2	6	5
"< Application, Ljavax/servlet/http/HttpServlet, getAllDeclaredMethods(Ljava/lang/Class;)[Ljava/lang/reflect/Method; >"	9	18	15
"< Application, Lhedc/DateFormatter, parse(Ljava/lang/String;Ljava/text/ParsePosition;)Ljava/util/Date; >"	94	57	50
"< Application, Lhedc/ethz/util/Ftp, nlst(Ljava/lang/String;)Ljava/util/Enumeration; >"	9	18	7
"< Application, LEDU/oswego/cs/dl/util/concurrent/Rendezvous$Rotator, rendezvousFunction([Ljava/lang/Object;)V >"	0	4	2
"< Application, LEDU/oswego/cs/dl/util/concurrent/CopyOnWriteArrayList, add(Ljava/lang/Object;)Z >"	1	5	4
"< Application, LEDU/oswego/cs/dl/util/concurrent/CopyOnWriteArrayList, toArray([Ljava/lang/Object;)[Ljava/lang/Object; >"	6	12	5
"< Application, LEDU/oswego/cs/dl/util/concurrent/FJTaskRunner, coInvoke([LEDU/oswego/cs/dl/util/concurrent/FJTask;)V >"	11	16	15
"< Application, LEDU/oswego/cs/dl/util/concurrent/CopyOnWriteArrayList, toArray([Ljava/lang/Object;)[Ljava/lang/Object; >"	11	19	5
"< Application, Lhedc/ethz/util/Generator, openTemplateFile_(Ljava/lang/String;)[C >"	19	28	27
"< Application, LEDU/oswego/cs/dl/util/concurrent/CopyOnWriteArrayList, addAll(Ljava/util/Collection;)Z >"	4	8	7
"< Application, Lhedc/DateFormatter, parse(Ljava/lang/String;Ljava/text/ParsePosition;)Ljava/util/Date; >"	86	51	50
"< Application, LEDU/oswego/cs/dl/util/concurrent/Rendezvous, doRendezvous(Ljava/lang/Object;ZJ)Ljava/lang/Object; >"	104	65	64
"< Application, LEDU/oswego/cs/dl/util/concurrent/PropertyChangeMulticaster, removePropertyChangeListener(Ljava/beans/PropertyChangeListener;)V >"	1	5	4
"< Application, LEDU/oswego/cs/dl/util/concurrent/VetoableChangeMulticaster, removeVetoableChangeListener(Ljava/beans/VetoableChangeListener;)V >"	1	5	4
"< Application, LEDU/oswego/cs/dl/util/concurrent/CopyOnWriteArrayList, listIterator(I)Ljava/util/ListIterator; >"	1	6	5
"< Application, LEDU/oswego/cs/dl/util/concurrent/CopyOnWriteArrayList, clone()Ljava/lang/Object; >"	7	15	4
"< Application, LEDU/oswego/cs/dl/util/concurrent/PropertyChangeMulticaster, hasListeners(Ljava/lang/String;)Z >"	2	5	4
"< Application, LEDU/oswego/cs/dl/util/concurrent/FJTaskRunner, put(LEDU/oswego/cs/dl/util/concurrent/FJTask;)V >"	18	21	20
"< Application, LEDU/oswego/cs/dl/util/concurrent/FJTaskRunner, pop()LEDU/oswego/cs/dl/util/concurrent/FJTask; >"	8	12	11
"< Application, Ljavax/servlet/jsp/tagext/TagData, <init>([[Ljava/lang/Object;)V >"	15	10	2
"< Application, LEDU/oswego/cs/dl/util/concurrent/CopyOnWriteArrayList, remove(I)Ljava/lang/Object; >"	1	5	4
"< Application, LEDU/oswego/cs/dl/util/concurrent/CopyOnWriteArrayList, retainAll(Ljava/util/Collection;)Z >"	1	5	4
"< Application, LEDU/oswego/cs/dl/util/concurrent/CopyOnWriteArrayList, readObject(Ljava/io/ObjectInputStream;)V >"	4	9	7
"< Application, Lhedc/regexp/CharClass, merge(Lhedc/regexp/CharClass;Z)V >"	2	7	6
"< Application, LEDU/oswego/cs/dl/util/concurrent/FJTaskRunner, coInvoke([LEDU/oswego/cs/dl/util/concurrent/FJTask;)V >"	19	22	21
"< Application, Ljavax/servlet/http/HttpUtils, parseQueryString(Ljava/lang/String;)Ljava/util/Hashtable; >"	27	37	36
"< Application, Lhedc/regexp/Literal, appendChar(I)V >"	5	8	7
"< Application, LEDU/oswego/cs/dl/util/concurrent/CopyOnWriteArrayList, <init>([Ljava/lang/Object;)V >"	1	6	2
"< Application, LEDU/oswego/cs/dl/util/concurrent/CopyOnWriteArrayList, toArray([Ljava/lang/Object;)[Ljava/lang/Object; >"	2	7	5
"< Application, Lhedc/ethz/util/Generator, generateThroughBuffer(Ljava/lang/String;Ljava/io/Writer;Ljava/util/Hashtable;)J >"	15	17	9
"< Application, LEDU/oswego/cs/dl/util/concurrent/FJTaskRunner, put(LEDU/oswego/cs/dl/util/concurrent/FJTask;)V >"	8	13	12
"< Application, LEDU/oswego/cs/dl/util/concurrent/BoundedBuffer, insert(Ljava/lang/Object;)V >"	10	12	11
"< Application, Lhedc/ethz/util/ObservableProperties, registerObserver(Lhedc/ethz/util/PropertyMonitoring;)V >"	15	16	15
"< Application, Lhedc/ethz/util/Generator, generate(Ljava/io/Writer;Ljava/util/Hashtable;[C)J >"	4	11	3
"< Application, LEDU/oswego/cs/dl/util/concurrent/FJTaskRunner, checkOverflow()V >"	4	7	6
"< Application, Lhedc/ethz/util/ObservableProperties, registerObserver(Lhedc/ethz/util/PropertyMonitoring;)V >"	18	18	17
"< Application, Lhedc/regexp/Literal, appendChar(I)V >"	10	15	14
"< Application, Ljavax/servlet/jsp/tagext/TagLibraryInfo, getTag(Ljava/lang/String;)Ljavax/servlet/jsp/tagext/TagInfo; >"	2	7	5
