java_type_ref("<Application,Ljavax/servlet/Servlet>")
java_type_ref("<Application,LEDU/oswego/cs/dl/util/concurrent/ObservableSync$SyncObserver>")
java_type_ref("<Application,LEDU/oswego/cs/dl/util/concurrent/Channel>")
java_type_ref("<Application,Ljavax/servlet/http/HttpSession>")
java_type_ref("<Application,Ljavax/servlet/ServletResponse>")
java_type_ref("<Application,Ljavax/servlet/SingleThreadModel>")
java_type_ref("<Application,Ljavax/servlet/RequestDispatcher>")
java_type_ref("<Application,Ljavax/servlet/jsp/JspPage>")
java_type_ref("<Application,Ljavax/servlet/ServletContext>")
java_type_ref("<Application,LEDU/oswego/cs/dl/util/concurrent/Executor>")
java_type_ref("<Application,Ljavax/servlet/jsp/tagext/BodyTag>")
java_type_ref("<Application,Ljavax/servlet/jsp/tagext/Tag>")
java_type_ref("<Application,Ljavax/servlet/ServletConfig>")
java_type_ref("<Application,Ljavax/servlet/http/HttpSessionBindingListener>")
java_type_ref("<Application,Ljavax/servlet/http/HttpServletRequest>")
java_type_ref("<Application,Lhedc/ethz/util/PropertyMonitoring>")
java_type_ref("<Application,LEDU/oswego/cs/dl/util/concurrent/BoundedChannel>")
java_type_ref("<Application,LEDU/oswego/cs/dl/util/concurrent/Sync>")
java_type_ref("<Application,LEDU/oswego/cs/dl/util/concurrent/Puttable>")
java_type_ref("<Application,Ljavax/servlet/ServletRequest>")
java_type_ref("<Application,Ljavax/servlet/http/HttpSessionContext>")
java_type_ref("<Application,Ljavax/servlet/jsp/HttpJspPage>")
java_type_ref("<Application,LEDU/oswego/cs/dl/util/concurrent/Barrier>")
java_type_ref("<Application,Lhedc/MetaSearch>")
java_type_ref("<Application,LEDU/oswego/cs/dl/util/concurrent/ThreadFactory>")
java_type_ref("<Application,LEDU/oswego/cs/dl/util/concurrent/ReadWriteLock>")
java_type_ref("<Application,LEDU/oswego/cs/dl/util/concurrent/Takable>")
java_type_ref("<Application,LEDU/oswego/cs/dl/util/concurrent/Rendezvous$RendezvousFunction>")
java_type_ref("<Application,LEDU/oswego/cs/dl/util/concurrent/Callable>")
java_type_ref("<Application,Ljavax/servlet/http/HttpServletResponse>")
