java_type_ref("<Primordial,Ljava/lang/Object>")	java_type_ref("<Application,Ljavax/servlet/GenericServlet>")
java_type_ref("<Primordial,Ljava/lang/Object>")	java_type_ref("<Application,LEDU/oswego/cs/dl/util/concurrent/ReadWriteLock>")
java_type_ref("<Application,LEDU/oswego/cs/dl/util/concurrent/QueuedSemaphore$WaitQueue>")	java_type_ref("<Application,LEDU/oswego/cs/dl/util/concurrent/FIFOSemaphore$FIFOWaitQueue>")
java_type_ref("<Primordial,Ljava/lang/Object>")	java_type_ref("<Application,Lhedc/MetaSearch>")
java_type_ref("<Primordial,Ljava/lang/Object>")	java_type_ref("<Application,LEDU/oswego/cs/dl/util/concurrent/Barrier>")
java_type_ref("<Application,LEDU/oswego/cs/dl/util/concurrent/ThreadFactoryUser>")	java_type_ref("<Application,LEDU/oswego/cs/dl/util/concurrent/ClockDaemon>")
java_type_ref("<Primordial,Ljava/lang/Object>")	java_type_ref("<Application,LEDU/oswego/cs/dl/util/concurrent/FJTaskRunnerGroup>")
java_type_ref("<Primordial,Ljava/lang/Object>")	java_type_ref("<Application,Ljavax/servlet/http/HttpSession>")
java_type_ref("<Primordial,Ljava/lang/Object>")	java_type_ref("<Application,LEDU/oswego/cs/dl/util/concurrent/CopyOnWriteArrayList>")
java_type_ref("<Application,LEDU/oswego/cs/dl/util/concurrent/ThreadFactoryUser>")	java_type_ref("<Application,LEDU/oswego/cs/dl/util/concurrent/ThreadedExecutor>")
java_type_ref("<Primordial,Ljava/lang/Object>")	java_type_ref("<Application,LEDU/oswego/cs/dl/util/concurrent/WaitFreeQueue>")
java_type_ref("<Application,Ljavax/servlet/ServletOutputStream>")	java_type_ref("<Application,Ljavax/servlet/http/NoBodyOutputStream>")
java_type_ref("<Application,Lhedc/PooledExecutorWithInvalidate$BlockedExecutionHandler>")	java_type_ref("<Application,Lhedc/PooledExecutorWithInvalidate$DiscardWhenBlocked>")
java_type_ref("<Primordial,Ljava/lang/Object>")	java_type_ref("<Application,Lhedc/regexp/State>")
java_type_ref("<Application,Lhedc/regexp/Regexp>")	java_type_ref("<Application,Lhedc/regexp/ContextMatch>")
java_type_ref("<Primordial,Ljava/lang/Object>")	java_type_ref("<Application,LEDU/oswego/cs/dl/util/concurrent/TimeoutSync>")
java_type_ref("<Application,LEDU/oswego/cs/dl/util/concurrent/SynchronizedVariable>")	java_type_ref("<Application,LEDU/oswego/cs/dl/util/concurrent/SynchronizedInt>")
java_type_ref("<Primordial,Ljava/lang/Object>")	java_type_ref("<Application,Lhedc/PooledExecutorWithInvalidate$Worker>")
java_type_ref("<Primordial,Ljava/lang/Object>")	java_type_ref("<Application,LEDU/oswego/cs/dl/util/concurrent/BoundedChannel>")
java_type_ref("<Primordial,Ljava/lang/Object>")	java_type_ref("<Application,Lhedc/DateFormatter>")
java_type_ref("<Primordial,Ljava/lang/Object>")	java_type_ref("<Application,LEDU/oswego/cs/dl/util/concurrent/ThreadFactoryUser>")
java_type_ref("<Primordial,Ljava/lang/Object>")	java_type_ref("<Application,Ljavax/servlet/ServletConfig>")
java_type_ref("<Primordial,Ljava/lang/Object>")	java_type_ref("<Application,Ljavax/servlet/jsp/tagext/Tag>")
java_type_ref("<Primordial,Ljava/lang/Object>")	java_type_ref("<Application,Lhedc/ethz/util/EtcUtil>")
java_type_ref("<Primordial,Ljava/util/AbstractSet>")	java_type_ref("<Application,LEDU/oswego/cs/dl/util/concurrent/CopyOnWriteArraySet>")
java_type_ref("<Primordial,Ljava/lang/Object>")	java_type_ref("<Application,LEDU/oswego/cs/dl/util/concurrent/LinkedQueue>")
java_type_ref("<Primordial,Ljava/lang/Object>")	java_type_ref("<Application,LEDU/oswego/cs/dl/util/concurrent/DefaultChannelCapacity>")
java_type_ref("<Primordial,Ljava/lang/Object>")	java_type_ref("<Application,Lhedc/Messages>")
java_type_ref("<Application,LEDU/oswego/cs/dl/util/concurrent/ThreadFactoryUser>")	java_type_ref("<Application,LEDU/oswego/cs/dl/util/concurrent/TimedCallable>")
java_type_ref("<Application,Lhedc/ethz/util/ObservableProperties>")	java_type_ref("<Application,Lhedc/ethz/util/SystemProperties>")
java_type_ref("<Primordial,Ljava/lang/Object>")	java_type_ref("<Application,Lhedc/ethz/util/BufferedCopy>")
java_type_ref("<Primordial,Ljava/lang/Object>")	java_type_ref("<Application,Ljavax/servlet/jsp/tagext/TagExtraInfo>")
java_type_ref("<Application,LEDU/oswego/cs/dl/util/concurrent/SynchronizedVariable>")	java_type_ref("<Application,LEDU/oswego/cs/dl/util/concurrent/SynchronizedLong>")
java_type_ref("<Primordial,Ljava/lang/Object>")	java_type_ref("<Application,LEDU/oswego/cs/dl/util/concurrent/CountDown>")
java_type_ref("<Primordial,Ljava/lang/Object>")	java_type_ref("<Application,LEDU/oswego/cs/dl/util/concurrent/BoundedBuffer>")
java_type_ref("<Primordial,Ljava/lang/Object>")	java_type_ref("<Application,Ljavax/servlet/ServletResponse>")
java_type_ref("<Primordial,Ljava/lang/Object>")	java_type_ref("<Application,Ljavax/servlet/jsp/tagext/VariableInfo>")
java_type_ref("<Primordial,Ljava/lang/Object>")	java_type_ref("<Application,LEDU/oswego/cs/dl/util/concurrent/CopyOnWriteArrayList$COWIterator>")
java_type_ref("<Primordial,Ljava/lang/Object>")	java_type_ref("<Application,Lhedc/ethz/util/Estimator>")
java_type_ref("<Application,Lhedc/MetaSearchResult$MetaSearchResultIterator>")	java_type_ref("<Application,Lhedc/SohoSynoptic$SohoIterator>")
java_type_ref("<Primordial,Ljava/lang/Object>")	java_type_ref("<Application,LEDU/oswego/cs/dl/util/concurrent/ObservableSync>")
java_type_ref("<Primordial,Ljava/lang/Object>")	java_type_ref("<Application,LEDU/oswego/cs/dl/util/concurrent/ObservableSync$SyncObserver>")
java_type_ref("<Application,LEDU/oswego/cs/dl/util/concurrent/SyncCollection>")	java_type_ref("<Application,LEDU/oswego/cs/dl/util/concurrent/SyncSet>")
java_type_ref("<Application,LEDU/oswego/cs/dl/util/concurrent/ThreadFactoryUser>")	java_type_ref("<Application,LEDU/oswego/cs/dl/util/concurrent/QueuedExecutor>")
java_type_ref("<Primordial,Ljava/lang/Object>")	java_type_ref("<Application,LEDU/oswego/cs/dl/util/concurrent/Takable>")
java_type_ref("<Primordial,Ljava/lang/Object>")	java_type_ref("<Application,Ljavax/servlet/http/HttpServletResponse>")
java_type_ref("<Primordial,Ljava/lang/RuntimeException>")	java_type_ref("<Application,LEDU/oswego/cs/dl/util/concurrent/BrokenBarrierException>")
java_type_ref("<Application,LEDU/oswego/cs/dl/util/concurrent/FJTask>")	java_type_ref("<Application,LEDU/oswego/cs/dl/util/concurrent/FJTask$Par>")
java_type_ref("<Application,LEDU/oswego/cs/dl/util/concurrent/QueuedSemaphore>")	java_type_ref("<Application,LEDU/oswego/cs/dl/util/concurrent/FIFOSemaphore>")
java_type_ref("<Primordial,Ljava/lang/Object>")	java_type_ref("<Application,LEDU/oswego/cs/dl/util/concurrent/Rendezvous$Rotator>")
java_type_ref("<Primordial,Ljava/lang/Object>")	java_type_ref("<Application,LEDU/oswego/cs/dl/util/concurrent/BoundedLinkedQueue>")
java_type_ref("<Application,LEDU/oswego/cs/dl/util/concurrent/SynchronizedVariable>")	java_type_ref("<Application,LEDU/oswego/cs/dl/util/concurrent/SynchronizedShort>")
java_type_ref("<Primordial,Ljava/lang/Object>")	java_type_ref("<Application,Lhedc/regexp/CompilerState>")
java_type_ref("<Primordial,Ljava/lang/Object>")	java_type_ref("<Application,Lhedc/regexp/Result>")
java_type_ref("<Primordial,Ljava/lang/Object>")	java_type_ref("<Application,Lhedc/MetaSearchRequest>")
java_type_ref("<Application,LEDU/oswego/cs/dl/util/concurrent/QueuedSemaphore>")	java_type_ref("<Application,LEDU/oswego/cs/dl/util/concurrent/PrioritySemaphore>")
java_type_ref("<Primordial,Ljava/lang/Object>")	java_type_ref("<Application,LEDU/oswego/cs/dl/util/concurrent/Channel>")
java_type_ref("<Application,Ljavax/servlet/jsp/JspException>")	java_type_ref("<Application,Ljavax/servlet/jsp/JspTagException>")
java_type_ref("<Application,Lhedc/regexp/State>")	java_type_ref("<Application,Lhedc/regexp/CharArrayState>")
java_type_ref("<Primordial,Ljava/lang/Exception>")	java_type_ref("<Application,Ljavax/servlet/ServletException>")
java_type_ref("<Primordial,Ljava/util/AbstractList>")	java_type_ref("<Application,LEDU/oswego/cs/dl/util/concurrent/CopyOnWriteArrayList$COWSubList>")
java_type_ref("<Application,LEDU/oswego/cs/dl/util/concurrent/ThreadFactoryUser>")	java_type_ref("<Application,LEDU/oswego/cs/dl/util/concurrent/PooledExecutor>")
java_type_ref("<Application,LEDU/oswego/cs/dl/util/concurrent/FJTask>")	java_type_ref("<Application,LEDU/oswego/cs/dl/util/concurrent/FJTask$Seq2>")
java_type_ref("<Primordial,Ljava/lang/Object>")	java_type_ref("<Application,LEDU/oswego/cs/dl/util/concurrent/Mutex>")
java_type_ref("<Primordial,Ljava/lang/Object>")	java_type_ref("<Application,LEDU/oswego/cs/dl/util/concurrent/Rendezvous$RendezvousFunction>")
java_type_ref("<Primordial,Ljava/util/Properties>")	java_type_ref("<Application,Lhedc/ethz/util/BaseProperties>")
java_type_ref("<Application,Lhedc/MetaSearchResult$MetaSearchResultIterator>")	java_type_ref("<Application,Lhedc/Rag$RagIterator>")
java_type_ref("<Primordial,Ljava/lang/Object>")	java_type_ref("<Application,LEDU/oswego/cs/dl/util/concurrent/FIFOReadWriteLock$ReaderSync>")
java_type_ref("<Primordial,Ljava/lang/Object>")	java_type_ref("<Application,LEDU/oswego/cs/dl/util/concurrent/LockedExecutor>")
java_type_ref("<Primordial,Ljava/lang/Object>")	java_type_ref("<Application,Ljavax/servlet/http/HttpSessionContext>")
java_type_ref("<Application,LEDU/oswego/cs/dl/util/concurrent/WriterPreferenceReadWriteLock>")	java_type_ref("<Application,LEDU/oswego/cs/dl/util/concurrent/ReentrantWriterPreferenceReadWriteLock>")
java_type_ref("<Application,Lhedc/ethz/util/BaseProperties>")	java_type_ref("<Application,Lhedc/ethz/util/ObservableProperties>")
java_type_ref("<Primordial,Ljava/lang/Object>")	java_type_ref("<Application,LEDU/oswego/cs/dl/util/concurrent/SynchronizedVariable>")
java_type_ref("<Application,LEDU/oswego/cs/dl/util/concurrent/SynchronizedVariable>")	java_type_ref("<Application,LEDU/oswego/cs/dl/util/concurrent/SynchronizedRef>")
java_type_ref("<Primordial,Ljava/lang/Object>")	java_type_ref("<Application,LEDU/oswego/cs/dl/util/concurrent/FJTask>")
java_type_ref("<Application,LEDU/oswego/cs/dl/util/concurrent/SynchronizedRef>")	java_type_ref("<Application,LEDU/oswego/cs/dl/util/concurrent/WaitableRef>")
java_type_ref("<Primordial,Ljava/lang/Object>")	java_type_ref("<Application,LEDU/oswego/cs/dl/util/concurrent/PropertyChangeMulticaster>")
java_type_ref("<Application,LEDU/oswego/cs/dl/util/concurrent/SyncCollection>")	java_type_ref("<Application,LEDU/oswego/cs/dl/util/concurrent/SyncList>")
java_type_ref("<Primordial,Ljava/lang/Object>")	java_type_ref("<Application,LEDU/oswego/cs/dl/util/concurrent/CondVar>")
java_type_ref("<Application,Lhedc/regexp/State>")	java_type_ref("<Application,Lhedc/regexp/StringState>")
java_type_ref("<Primordial,Ljava/lang/Object>")	java_type_ref("<Application,LEDU/oswego/cs/dl/util/concurrent/SemaphoreControlledChannel>")
java_type_ref("<Primordial,Ljava/lang/Object>")	java_type_ref("<Application,Lhedc/ethz/util/SerializePerformanceTest>")
java_type_ref("<Primordial,Ljava/lang/Object>")	java_type_ref("<Application,Lhedc/ethz/util/URLConnectionReader>")
java_type_ref("<Primordial,Ljava/lang/Object>")	java_type_ref("<Application,Ljavax/servlet/jsp/HttpJspPage>")
java_type_ref("<Primordial,Ljava/lang/Object>")	java_type_ref("<Application,LEDU/oswego/cs/dl/util/concurrent/ClockDaemon$RunLoop>")
java_type_ref("<Application,Lhedc/MetaSearchResult>")	java_type_ref("<Application,Lhedc/SohoSynoptic>")
java_type_ref("<Primordial,Ljava/lang/Object>")	java_type_ref("<Application,Ljavax/servlet/jsp/JspEngineInfo>")
java_type_ref("<Primordial,Ljava/lang/Object>")	java_type_ref("<Application,LEDU/oswego/cs/dl/util/concurrent/ThreadFactoryUser$DefaultThreadFactory>")
java_type_ref("<Application,Lhedc/ethz/util/Logger>")	java_type_ref("<Application,Lhedc/ethz/util/RmiLogger>")
java_type_ref("<Primordial,Ljava/lang/Object>")	java_type_ref("<Application,Lhedc/ethz/util/DoubleBufferCopy$Buffer>")
java_type_ref("<Primordial,Ljava/lang/Exception>")	java_type_ref("<Application,Ljavax/servlet/jsp/JspException>")
java_type_ref("<Application,LEDU/oswego/cs/dl/util/concurrent/SynchronizedChar>")	java_type_ref("<Application,LEDU/oswego/cs/dl/util/concurrent/WaitableChar>")
java_type_ref("<Primordial,Ljava/lang/RuntimeException>")	java_type_ref("<Application,Lhedc/regexp/MalformedRegexpException>")
java_type_ref("<Primordial,Ljava/lang/Object>")	java_type_ref("<Application,Lhedc/PooledExecutorWithInvalidate>")
java_type_ref("<Primordial,Ljava/lang/Object>")	java_type_ref("<Application,LEDU/oswego/cs/dl/util/concurrent/Callable>")
java_type_ref("<Primordial,Ljava/lang/Object>")	java_type_ref("<Application,LEDU/oswego/cs/dl/util/concurrent/ClockDaemon$TaskNode>")
java_type_ref("<Application,LEDU/oswego/cs/dl/util/concurrent/WriterPreferenceReadWriteLock$Signaller>")	java_type_ref("<Application,LEDU/oswego/cs/dl/util/concurrent/WriterPreferenceReadWriteLock$WriterLock>")
java_type_ref("<Primordial,Ljava/lang/Object>")	java_type_ref("<Application,LEDU/oswego/cs/dl/util/concurrent/SynchronousChannel>")
java_type_ref("<Primordial,Ljava/lang/Object>")	java_type_ref("<Application,LEDU/oswego/cs/dl/util/concurrent/CopyOnWriteArrayList$COWSubList$COWSubListIterator>")
java_type_ref("<Application,Lhedc/PooledExecutorWithInvalidate$BlockedExecutionHandler>")	java_type_ref("<Application,Lhedc/PooledExecutorWithInvalidate$RunWhenBlocked>")
java_type_ref("<Application,Lhedc/ethz/util/Logger>")	java_type_ref("<Application,Lhedc/ethz/util/HttpLogger>")
java_type_ref("<Primordial,Ljava/lang/Object>")	java_type_ref("<Application,LEDU/oswego/cs/dl/util/concurrent/VetoableChangeMulticaster>")
java_type_ref("<Primordial,Ljava/lang/Object>")	java_type_ref("<Application,LEDU/oswego/cs/dl/util/concurrent/DirectExecutor>")
java_type_ref("<Application,LEDU/oswego/cs/dl/util/concurrent/Semaphore>")	java_type_ref("<Application,LEDU/oswego/cs/dl/util/concurrent/QueuedSemaphore>")
java_type_ref("<Application,LEDU/oswego/cs/dl/util/concurrent/PooledExecutor$BlockedExecutionHandler>")	java_type_ref("<Application,LEDU/oswego/cs/dl/util/concurrent/PooledExecutor$WaitWhenBlocked>")
java_type_ref("<Primordial,Ljava/lang/Object>")	java_type_ref("<Application,LEDU/oswego/cs/dl/util/concurrent/PooledExecutor$Worker>")
java_type_ref("<Primordial,Ljava/lang/Object>")	java_type_ref("<Application,Lhedc/MetaSearchResult$MetaSearchResultIterator>")
java_type_ref("<Primordial,Ljava/lang/Object>")	java_type_ref("<Application,Ljavax/servlet/ServletRequest>")
java_type_ref("<Application,LEDU/oswego/cs/dl/util/concurrent/Semaphore>")	java_type_ref("<Application,LEDU/oswego/cs/dl/util/concurrent/WaiterPreferenceSemaphore>")
java_type_ref("<Primordial,Ljava/lang/Object>")	java_type_ref("<Application,Ljavax/servlet/http/HttpServletRequest>")
java_type_ref("<Primordial,Ljava/lang/Object>")	java_type_ref("<Application,Ljavax/servlet/jsp/tagext/BodyTag>")
java_type_ref("<Primordial,Ljava/lang/Object>")	java_type_ref("<Application,Lhedc/ethz/util/Generator>")
java_type_ref("<Application,LEDU/oswego/cs/dl/util/concurrent/FJTask>")	java_type_ref("<Application,LEDU/oswego/cs/dl/util/concurrent/FJTask$Wrap>")
java_type_ref("<Primordial,Ljava/lang/Object>")	java_type_ref("<Application,LEDU/oswego/cs/dl/util/concurrent/SyncMap>")
java_type_ref("<Application,LEDU/oswego/cs/dl/util/concurrent/SynchronizedLong>")	java_type_ref("<Application,LEDU/oswego/cs/dl/util/concurrent/WaitableLong>")
java_type_ref("<Primordial,Ljava/lang/Object>")	java_type_ref("<Application,LEDU/oswego/cs/dl/util/concurrent/Executor>")
java_type_ref("<Application,LEDU/oswego/cs/dl/util/concurrent/QueuedSemaphore$WaitQueue>")	java_type_ref("<Application,LEDU/oswego/cs/dl/util/concurrent/PrioritySemaphore$PriorityWaitQueue>")
java_type_ref("<Primordial,Ljava/lang/Object>")	java_type_ref("<Application,LEDU/oswego/cs/dl/util/concurrent/Rendezvous>")
java_type_ref("<Primordial,Ljava/lang/Object>")	java_type_ref("<Application,Ljavax/servlet/jsp/tagext/TagLibraryInfo>")
java_type_ref("<Primordial,Ljava/io/OutputStream>")	java_type_ref("<Application,Ljavax/servlet/ServletOutputStream>")
java_type_ref("<Application,Ljavax/servlet/GenericServlet>")	java_type_ref("<Application,Ljavax/servlet/http/HttpServlet>")
java_type_ref("<Application,LEDU/oswego/cs/dl/util/concurrent/WriterPreferenceReadWriteLock$Signaller>")	java_type_ref("<Application,LEDU/oswego/cs/dl/util/concurrent/WriterPreferenceReadWriteLock$ReaderLock>")
java_type_ref("<Primordial,Ljava/lang/Object>")	java_type_ref("<Application,Lhedc/FormFiller>")
java_type_ref("<Primordial,Ljava/lang/Object>")	java_type_ref("<Application,LEDU/oswego/cs/dl/util/concurrent/WaitFreeQueue$Node>")
java_type_ref("<Primordial,Ljava/lang/Object>")	java_type_ref("<Application,Ljavax/servlet/jsp/tagext/TagData>")
java_type_ref("<Primordial,Ljava/lang/Object>")	java_type_ref("<Application,LEDU/oswego/cs/dl/util/concurrent/QueuedExecutor$RunLoop>")
java_type_ref("<Application,Lhedc/Task>")	java_type_ref("<Application,Lhedc/MetaSearchResult>")
java_type_ref("<Application,Lhedc/regexp/Regexp>")	java_type_ref("<Application,Lhedc/regexp/Group>")
java_type_ref("<Primordial,Lsun/net/ftp/FtpClient>")	java_type_ref("<Application,Lhedc/ethz/util/Ftp>")
java_type_ref("<Application,Lhedc/regexp/Regexp>")	java_type_ref("<Application,Lhedc/regexp/Multi>")
java_type_ref("<Primordial,Ljava/lang/Object>")	java_type_ref("<Application,Ljavax/servlet/http/HttpSessionBindingListener>")
java_type_ref("<Application,LEDU/oswego/cs/dl/util/concurrent/FJTask>")	java_type_ref("<Application,LEDU/oswego/cs/dl/util/concurrent/FJTaskRunnerGroup$InvokableFJTask>")
java_type_ref("<Application,LEDU/oswego/cs/dl/util/concurrent/SynchronizedByte>")	java_type_ref("<Application,LEDU/oswego/cs/dl/util/concurrent/WaitableByte>")
java_type_ref("<Primordial,Ljava/lang/Object>")	java_type_ref("<Application,Lhedc/ethz/util/PropertyMonitoring>")
java_type_ref("<Primordial,Ljava/lang/Object>")	java_type_ref("<Application,LEDU/oswego/cs/dl/util/concurrent/SyncCollection$SyncCollectionIterator>")
java_type_ref("<Primordial,Ljava/lang/Object>")	java_type_ref("<Application,LEDU/oswego/cs/dl/util/concurrent/QueuedSemaphore$WaitQueue$WaitNode>")
java_type_ref("<Primordial,Ljava/lang/Object>")	java_type_ref("<Application,LEDU/oswego/cs/dl/util/concurrent/FutureResult>")
java_type_ref("<Primordial,Ljava/lang/Object>")	java_type_ref("<Application,LEDU/oswego/cs/dl/util/concurrent/ReentrantLock>")
java_type_ref("<Application,LEDU/oswego/cs/dl/util/concurrent/PooledExecutor$BlockedExecutionHandler>")	java_type_ref("<Application,LEDU/oswego/cs/dl/util/concurrent/PooledExecutor$DiscardWhenBlocked>")
java_type_ref("<Application,LEDU/oswego/cs/dl/util/concurrent/SyncSet>")	java_type_ref("<Application,LEDU/oswego/cs/dl/util/concurrent/SyncSortedSet>")
java_type_ref("<Application,LEDU/oswego/cs/dl/util/concurrent/SyncMap>")	java_type_ref("<Application,LEDU/oswego/cs/dl/util/concurrent/SyncSortedMap>")
java_type_ref("<Primordial,Ljava/lang/Object>")	java_type_ref("<Application,Lhedc/ethz/util/SmartRef>")
java_type_ref("<Primordial,Ljava/lang/Object>")	java_type_ref("<Application,Ljavax/servlet/SingleThreadModel>")
java_type_ref("<Primordial,Ljava/lang/Object>")	java_type_ref("<Application,LEDU/oswego/cs/dl/util/concurrent/TimeDaemon$TaskNode>")
java_type_ref("<Primordial,Ljava/lang/Object>")	java_type_ref("<Application,Lhedc/PooledExecutorWithInvalidate$BlockedExecutionHandler>")
java_type_ref("<Primordial,Ljava/lang/Object>")	java_type_ref("<Application,LEDU/oswego/cs/dl/util/concurrent/Sync>")
java_type_ref("<Primordial,Ljava/lang/Object>")	java_type_ref("<Application,Ljavax/servlet/ServletContext>")
java_type_ref("<Primordial,Ljava/lang/Object>")	java_type_ref("<Application,LEDU/oswego/cs/dl/util/concurrent/TimeDaemon$RunLoop>")
java_type_ref("<Primordial,Ljava/lang/Object>")	java_type_ref("<Application,LEDU/oswego/cs/dl/util/concurrent/FIFOReadWriteLock>")
java_type_ref("<Primordial,Ljava/lang/Object>")	java_type_ref("<Application,Ljavax/servlet/Servlet>")
java_type_ref("<Primordial,Ljava/lang/Object>")	java_type_ref("<Application,LEDU/oswego/cs/dl/util/concurrent/WriterPreferenceReadWriteLock>")
java_type_ref("<Primordial,Ljava/lang/Object>")	java_type_ref("<Application,LEDU/oswego/cs/dl/util/concurrent/QueuedSemaphore$WaitQueue>")
java_type_ref("<Primordial,Ljava/lang/Object>")	java_type_ref("<Application,Ljavax/servlet/jsp/tagext/TagInfo>")
java_type_ref("<Primordial,Ljava/lang/Object>")	java_type_ref("<Application,LEDU/oswego/cs/dl/util/concurrent/Puttable>")
java_type_ref("<Application,Ljavax/servlet/jsp/tagext/TagSupport>")	java_type_ref("<Application,Ljavax/servlet/jsp/tagext/BodyTagSupport>")
java_type_ref("<Application,LEDU/oswego/cs/dl/util/concurrent/SynchronizedShort>")	java_type_ref("<Application,LEDU/oswego/cs/dl/util/concurrent/WaitableShort>")
java_type_ref("<Primordial,Ljava/lang/Object>")	java_type_ref("<Application,Lhedc/RandomDate>")
java_type_ref("<Primordial,Ljava/lang/Object>")	java_type_ref("<Application,LEDU/oswego/cs/dl/util/concurrent/FJTaskRunner$VolatileTaskRef>")
java_type_ref("<Application,LEDU/oswego/cs/dl/util/concurrent/SynchronizedVariable>")	java_type_ref("<Application,LEDU/oswego/cs/dl/util/concurrent/SynchronizedChar>")
java_type_ref("<Primordial,Ljava/lang/Object>")	java_type_ref("<Application,Lhedc/regexp/RegexpCompiler>")
java_type_ref("<Primordial,Ljava/lang/Object>")	java_type_ref("<Application,LEDU/oswego/cs/dl/util/concurrent/WriterPreferenceReadWriteLock$Signaller>")
java_type_ref("<Primordial,Ljava/lang/Object>")	java_type_ref("<Application,LEDU/oswego/cs/dl/util/concurrent/SyncCollection>")
java_type_ref("<Primordial,Ljava/lang/Object>")	java_type_ref("<Application,Ljavax/servlet/http/HttpUtils>")
java_type_ref("<Application,Lhedc/regexp/Regexp>")	java_type_ref("<Application,Lhedc/regexp/CharClass>")
java_type_ref("<Primordial,Ljava/lang/Object>")	java_type_ref("<Application,LEDU/oswego/cs/dl/util/concurrent/Latch>")
java_type_ref("<Application,Lhedc/regexp/Regexp>")	java_type_ref("<Application,Lhedc/regexp/GroupReference>")
java_type_ref("<Application,LEDU/oswego/cs/dl/util/concurrent/PooledExecutor$BlockedExecutionHandler>")	java_type_ref("<Application,LEDU/oswego/cs/dl/util/concurrent/PooledExecutor$RunWhenBlocked>")
java_type_ref("<Primordial,Ljava/lang/Object>")	java_type_ref("<Application,Ljavax/servlet/jsp/JspFactory>")
java_type_ref("<Application,LEDU/oswego/cs/dl/util/concurrent/ThreadFactoryUser>")	java_type_ref("<Application,LEDU/oswego/cs/dl/util/concurrent/TimeDaemon>")
java_type_ref("<Application,LEDU/oswego/cs/dl/util/concurrent/SynchronizedFloat>")	java_type_ref("<Application,LEDU/oswego/cs/dl/util/concurrent/WaitableFloat>")
java_type_ref("<Application,LEDU/oswego/cs/dl/util/concurrent/FJTask>")	java_type_ref("<Application,LEDU/oswego/cs/dl/util/concurrent/FJTask$Seq>")
java_type_ref("<Primordial,Ljava/lang/Object>")	java_type_ref("<Application,Lhedc/Tester>")
java_type_ref("<Primordial,Ljava/lang/Object>")	java_type_ref("<Application,Lhedc/TaskFactory>")
java_type_ref("<Application,LEDU/oswego/cs/dl/util/concurrent/SemaphoreControlledChannel>")	java_type_ref("<Application,LEDU/oswego/cs/dl/util/concurrent/BoundedPriorityQueue>")
java_type_ref("<Application,Lhedc/regexp/Regexp>")	java_type_ref("<Application,Lhedc/regexp/Alternatives>")
java_type_ref("<Application,LEDU/oswego/cs/dl/util/concurrent/SynchronizedVariable>")	java_type_ref("<Application,LEDU/oswego/cs/dl/util/concurrent/SynchronizedBoolean>")
java_type_ref("<Application,LEDU/oswego/cs/dl/util/concurrent/SyncCollection$SyncCollectionIterator>")	java_type_ref("<Application,LEDU/oswego/cs/dl/util/concurrent/SyncList$SyncCollectionListIterator>")
java_type_ref("<Primordial,Ljava/lang/InterruptedException>")	java_type_ref("<Application,LEDU/oswego/cs/dl/util/concurrent/TimeoutException>")
java_type_ref("<Primordial,Ljava/lang/Object>")	java_type_ref("<Application,LEDU/oswego/cs/dl/util/concurrent/LinkedNode>")
java_type_ref("<Primordial,Ljava/lang/Object>")	java_type_ref("<Application,LEDU/oswego/cs/dl/util/concurrent/NullSync>")
java_type_ref("<Primordial,Ljava/lang/Object>")	java_type_ref("<Application,Ljavax/servlet/jsp/tagext/TagSupport>")
java_type_ref("<Primordial,Ljava/lang/Object>")	java_type_ref("<Application,Lhedc/ethz/util/Logger>")
java_type_ref("<Primordial,Ljava/util/EventObject>")	java_type_ref("<Application,Ljavax/servlet/http/HttpSessionBindingEvent>")
java_type_ref("<Primordial,Ljava/lang/Thread>")	java_type_ref("<Application,Lhedc/ethz/util/DoubleBufferCopy$CopyThread>")
java_type_ref("<Primordial,Ljava/io/Writer>")	java_type_ref("<Application,Ljavax/servlet/jsp/JspWriter>")
java_type_ref("<Primordial,Ljava/lang/Object>")	java_type_ref("<Application,LEDU/oswego/cs/dl/util/concurrent/ThreadFactory>")
java_type_ref("<Application,LEDU/oswego/cs/dl/util/concurrent/SynchronizedDouble>")	java_type_ref("<Application,LEDU/oswego/cs/dl/util/concurrent/WaitableDouble>")
java_type_ref("<Primordial,Ljava/lang/Object>")	java_type_ref("<Application,Ljavax/servlet/http/Cookie>")
java_type_ref("<Primordial,Ljava/lang/Object>")	java_type_ref("<Application,Lhedc/ethz/util/Messages>")
java_type_ref("<Primordial,Ljava/lang/Thread>")	java_type_ref("<Application,Lhedc/ethz/util/CopyStream>")
java_type_ref("<Primordial,Ljava/lang/Object>")	java_type_ref("<Application,Ljavax/servlet/jsp/JspPage>")
java_type_ref("<Application,LEDU/oswego/cs/dl/util/concurrent/FJTask>")	java_type_ref("<Application,LEDU/oswego/cs/dl/util/concurrent/FJTask$Par2>")
java_type_ref("<Primordial,Ljava/lang/Object>")	java_type_ref("<Application,Lhedc/FormFiller$Filter>")
java_type_ref("<Primordial,Ljava/lang/Object>")	java_type_ref("<Application,Lhedc/Task>")
java_type_ref("<Primordial,Ljava/lang/Object>")	java_type_ref("<Application,LEDU/oswego/cs/dl/util/concurrent/PooledExecutor$BlockedExecutionHandler>")
java_type_ref("<Primordial,Ljava/lang/Object>")	java_type_ref("<Application,LEDU/oswego/cs/dl/util/concurrent/Semaphore>")
java_type_ref("<Application,LEDU/oswego/cs/dl/util/concurrent/SynchronizedVariable>")	java_type_ref("<Application,LEDU/oswego/cs/dl/util/concurrent/SynchronizedFloat>")
java_type_ref("<Primordial,Ljava/lang/Object>")	java_type_ref("<Application,LEDU/oswego/cs/dl/util/concurrent/FutureResult$1>")
java_type_ref("<Primordial,Ljava/lang/Object>")	java_type_ref("<Application,Lhedc/ethz/util/DoubleBufferCopy>")
java_type_ref("<Primordial,Ljava/lang/Object>")	java_type_ref("<Application,Lhedc/regexp/Regexp>")
java_type_ref("<Application,LEDU/oswego/cs/dl/util/concurrent/SynchronizedBoolean>")	java_type_ref("<Application,LEDU/oswego/cs/dl/util/concurrent/WaitableBoolean>")
java_type_ref("<Primordial,Ljava/lang/Object>")	java_type_ref("<Application,Ljavax/servlet/RequestDispatcher>")
java_type_ref("<Primordial,Ljava/lang/Object>")	java_type_ref("<Application,Ljavax/servlet/jsp/PageContext>")
java_type_ref("<Primordial,Ljava/lang/Object>")	java_type_ref("<Application,LEDU/oswego/cs/dl/util/concurrent/CyclicBarrier>")
java_type_ref("<Primordial,Ljava/lang/RuntimeException>")	java_type_ref("<Application,Lhedc/regexp/NoSuchMatchException>")
java_type_ref("<Primordial,Ljava/lang/Object>")	java_type_ref("<Application,Lhedc/ethz/util/ThreadFactory>")
java_type_ref("<Application,Ljavax/servlet/jsp/JspWriter>")	java_type_ref("<Application,Ljavax/servlet/jsp/tagext/BodyContent>")
java_type_ref("<Primordial,Ljava/lang/Object>")	java_type_ref("<Application,Lhedc/ethz/util/EstimatorFactory>")
java_type_ref("<Application,Lhedc/regexp/Regexp>")	java_type_ref("<Application,Lhedc/regexp/Dot>")
java_type_ref("<Primordial,Ljava/lang/Object>")	java_type_ref("<Application,Lhedc/MetaSearchImpl>")
java_type_ref("<Primordial,Ljava/lang/Thread>")	java_type_ref("<Application,LEDU/oswego/cs/dl/util/concurrent/FJTaskRunner>")
java_type_ref("<Application,LEDU/oswego/cs/dl/util/concurrent/SemaphoreControlledChannel>")	java_type_ref("<Application,LEDU/oswego/cs/dl/util/concurrent/Slot>")
java_type_ref("<Application,LEDU/oswego/cs/dl/util/concurrent/SynchronizedInt>")	java_type_ref("<Application,LEDU/oswego/cs/dl/util/concurrent/WaitableInt>")
java_type_ref("<Primordial,Ljava/lang/Object>")	java_type_ref("<Application,Ljavax/servlet/jsp/tagext/TagAttributeInfo>")
java_type_ref("<Primordial,Ljava/lang/Object>")	java_type_ref("<Application,Ljavax/servlet/http/NoBodyResponse>")
java_type_ref("<Application,Lhedc/PooledExecutorWithInvalidate$BlockedExecutionHandler>")	java_type_ref("<Application,Lhedc/PooledExecutorWithInvalidate$WaitWhenBlocked>")
java_type_ref("<Application,LEDU/oswego/cs/dl/util/concurrent/SynchronizedVariable>")	java_type_ref("<Application,LEDU/oswego/cs/dl/util/concurrent/SynchronizedDouble>")
java_type_ref("<Application,Ljavax/servlet/ServletException>")	java_type_ref("<Application,Ljavax/servlet/UnavailableException>")
java_type_ref("<Application,LEDU/oswego/cs/dl/util/concurrent/WriterPreferenceReadWriteLock>")	java_type_ref("<Application,LEDU/oswego/cs/dl/util/concurrent/ReaderPreferenceReadWriteLock>")
java_type_ref("<Application,Lhedc/regexp/Regexp>")	java_type_ref("<Application,Lhedc/regexp/Literal>")
java_type_ref("<Primordial,Ljava/lang/Object>")	java_type_ref("<Application,LEDU/oswego/cs/dl/util/concurrent/Heap>")
java_type_ref("<Application,Lhedc/MetaSearchResult>")	java_type_ref("<Application,Lhedc/Rag>")
java_type_ref("<Application,LEDU/oswego/cs/dl/util/concurrent/SynchronizedVariable>")	java_type_ref("<Application,LEDU/oswego/cs/dl/util/concurrent/SynchronizedByte>")
java_type_ref("<Application,Lhedc/regexp/Regexp>")	java_type_ref("<Application,Lhedc/regexp/SuccessRegexp>")
java_type_ref("<Primordial,Ljava/lang/Object>")	java_type_ref("<Application,LEDU/oswego/cs/dl/util/concurrent/LayeredSync>")
java_type_ref("<Primordial,Ljava/io/InputStream>")	java_type_ref("<Application,Ljavax/servlet/ServletInputStream>")
