"< Application, Lhedc/ethz/util/Generator, generate(Ljava/io/Writer;Ljava/util/Hashtable;[C)J >"	"bb13"	21	[("bb19", 17), ("bb12", 52)]
"< Application, Lhedc/Messages, formatArray([I)Ljava/lang/String; >"	"bb24"	37	[("bb1", 3), ("bb23", 36)]
"< Application, LEDU/oswego/cs/dl/util/concurrent/WriterPreferenceReadWriteLock$ReaderLock, acquire()V >"	"bb20"	18	[("bb19", 14), ("bb9", 6)]
"< Application, Lhedc/ethz/util/EtcUtil, isLocalHost(Ljava/lang/String;)Z >"	"bb8"	16	[("bb7", 15), ("bb2", 3)]
"< Application, Lhedc/DateFormatter, parse(Ljava/lang/String;Ljava/text/ParsePosition;)Ljava/util/Date; >"	"bb106"	154	[("bb39", 146), ("bb67", 146), ("bb38", 146), ("bb63", 146), ("bb59", 146), ("bb48", 146), ("bb49", 146), ("bb40", 146), ("bb70", 146), ("bb64", 146), ("bb47", 146), ("bb60", 146), ("bb61", 146), ("bb51", 146), ("bb66", 146), ("bb99", 152), ("bb65", 146), ("bb58", 146), ("bb62", 146)]
"< Application, LEDU/oswego/cs/dl/util/concurrent/FJTaskRunner, checkOverflow()V >"	"bb18"	57	[("bb28", 56), ("bb17", 36)]
"< Application, LEDU/oswego/cs/dl/util/concurrent/Semaphore, attempt(J)Z >"	"bb18"	21	[("bb26", 19), ("bb17", 2)]
"< Application, Lhedc/SohoSynoptic, determineAttributes_(Ljava/util/Hashtable;Ljava/lang/String;)V >"	"bb18"	41	[("bb17", 40), ("bb16", 22)]
"< Application, Lhedc/ethz/util/Estimator, estimate(D)D >"	"bb9"	33	[("bb27", 29), ("bb8", 4)]
"< Application, Lhedc/ethz/util/Messages, format(Ljava/lang/String;Ljava/lang/Object;Ljava/lang/Object;Ljava/lang/Object;)Ljava/lang/String; >"	"bb24"	70	[("bb34", 52), ("bb14", 31)]
"< Application, Lhedc/DateFormatter, equals(Ljava/lang/Object;Ljava/lang/Object;)Z >"	"bb20"	21	[("bb24", 16), ("bb19", 14)]
"< Application, Lhedc/ethz/util/Messages, format(Ljava/lang/String;Ljava/lang/Object;Ljava/lang/Object;Ljava/lang/Object;)Ljava/lang/String; >"	"bb24"	68	[("bb34", 67), ("bb14", 47)]
"< Application, LEDU/oswego/cs/dl/util/concurrent/SynchronizedFloat, swap(LEDU/oswego/cs/dl/util/concurrent/SynchronizedFloat;)F >"	"bb8"	9	[("bb7", 1), ("bb6", 2)]
"< Application, Lhedc/ethz/util/EtcUtil, getHostNameFromURI(Ljava/lang/String;)Ljava/lang/String; >"	"bb7"	18	[("bb6", 17), ("bb4", 13)]
"< Application, Lhedc/ethz/util/Generator, generate(Ljava/io/Writer;Ljava/util/Hashtable;[C)J >"	"bb5"	51	[("bb4", 10), ("bb35", 47)]
"< Application, Lhedc/regexp/CharClass, process(Ljava/lang/String;)V >"	"bb5"	13	[("bb19", 17), ("bb4", 11), ("bb38", 14), ("bb24", 17), ("bb14", 17), ("bb31", 37), ("bb36", 44), ("bb3", 4)]
"< Application, LEDU/oswego/cs/dl/util/concurrent/CopyOnWriteArrayList, addAllAbsent(Ljava/util/Collection;)I >"	"bb9"	23	[("bb8", 6), ("bb17", 22)]
"< Application, LEDU/oswego/cs/dl/util/concurrent/CopyOnWriteArrayList, readObject(Ljava/io/ObjectInputStream;)V >"	"bb5"	14	[("bb4", 8), ("bb9", 13)]
"< Application, Ljavax/servlet/http/HttpServlet, doOptions(Ljavax/servlet/http/HttpServletRequest;Ljavax/servlet/http/HttpServletResponse;)V >"	"bb81"	113	[("bb80", 111), ("bb72", 102), ("bb74", 112)]
"< Application, LEDU/oswego/cs/dl/util/concurrent/FJTaskRunner, slowCoInvoke([LEDU/oswego/cs/dl/util/concurrent/FJTask;)V >"	"bb8"	15	[("bb12", 14), ("bb7", 4)]
"< Application, LEDU/oswego/cs/dl/util/concurrent/WaiterPreferenceSemaphore, release(J)V >"	"bb4"	12	[("bb3", 6), ("bb6", 11)]
"< Application, Lhedc/regexp/Alternatives, firstCharacter()I >"	"bb13"	14	[("bb11", 17), ("bb10", 13)]
"< Application, Lhedc/ethz/util/EtcUtil, getPortFromURI(Ljava/lang/String;)I >"	"bb7"	17	[("bb4", 3), ("bb2", 3), ("bb6", 15)]
"< Application, Lhedc/Tester, main([Ljava/lang/String;)V >"	"bb9"	43	[("bb25", 41), ("bb8", 15)]
"< Application, LEDU/oswego/cs/dl/util/concurrent/SynchronizedLong, swap(LEDU/oswego/cs/dl/util/concurrent/SynchronizedLong;)J >"	"bb6"	9	[("bb4", 2), ("bb5", 1)]
"< Application, Lhedc/ethz/util/RmiLogger, log(Ljava/lang/String;Ljava/util/Hashtable;Ljava/lang/String;Ljava/lang/String;Ljava/lang/String;Ljava/lang/Object;J)V >"	"bb52"	99	[("bb46", 98), ("bb51", 89)]
"< Application, LEDU/oswego/cs/dl/util/concurrent/CopyOnWriteArrayList, removeAll(Ljava/util/Collection;)Z >"	"bb7"	16	[("bb6", 6), ("bb12", 14)]
"< Application, Lhedc/ethz/util/SerializePerformanceTest, makeData_(I)V >"	"bb3"	53	[("bb2", 4), ("bb46", 52)]
"< Application, LEDU/oswego/cs/dl/util/concurrent/CyclicBarrier, doBarrier(ZJ)I >"	"bb40"	17	[("bb39", 12), ("bb38", 16)]
"< Application, LEDU/oswego/cs/dl/util/concurrent/QueuedSemaphore$WaitQueue$WaitNode, doTimedWait(LEDU/oswego/cs/dl/util/concurrent/QueuedSemaphore;J)Z >"	"bb11"	20	[("bb16", 18), ("bb10", 3)]
"< Application, Lhedc/FormFiller$Filter, accept(Ljava/io/File;Ljava/lang/String;)Z >"	"bb4"	10	[("bb2", 5), ("bb3", 9)]
"< Application, Lhedc/ethz/util/Ftp, nlst(Ljava/lang/String;)Ljava/util/Enumeration; >"	"bb41"	62	[("bb40", 2), ("bb39", 61)]
"< Application, Lhedc/Rag, runImpl()V >"	"bb17"	40	[("bb16", 27), ("bb27", 34)]
"< Application, Lhedc/Messages, format(Ljava/lang/String;[Ljava/lang/Object;)Ljava/lang/String; >"	"bb42"	67	[("bb23", 36), ("bb28", 41), ("bb33", 48), ("bb39", 55), ("bb19", 29), ("bb41", 29)]
"< Application, Lhedc/ethz/util/Generator, generateStream(Ljava/io/Reader;Ljava/io/OutputStream;Ljava/util/Hashtable;)J >"	"bb2"	15	[("bb1", 6), ("bb7", 9), ("bb29", 19)]
"< Application, LEDU/oswego/cs/dl/util/concurrent/VetoableChangeMulticaster, writeObject(Ljava/io/ObjectOutputStream;)V >"	"bb3"	18	[("bb14", 17), ("bb2", 5)]
"< Application, LEDU/oswego/cs/dl/util/concurrent/FJTaskRunnerGroup, stats()V >"	"bb17"	32	[("bb15", 30), ("bb16", 31)]
"< Application, Lhedc/ethz/util/ObservableProperties, putValue(Ljava/lang/String;Ljava/lang/String;)Z >"	"bb47"	64	[("bb46", 58), ("bb19", 5), ("bb44", 58), ("bb41", 58)]
"< Application, LEDU/oswego/cs/dl/util/concurrent/SynchronizedByte, swap(LEDU/oswego/cs/dl/util/concurrent/SynchronizedByte;)B >"	"bb8"	9	[("bb7", 1), ("bb6", 2)]
"< Application, Lhedc/DateFormatter, format(Ljava/util/Date;Ljava/lang/StringBuffer;Ljava/text/FieldPosition;)Ljava/lang/StringBuffer; >"	"bb120"	187	[("bb119", 185), ("bb133", 187)]
"< Application, LEDU/oswego/cs/dl/util/concurrent/SynchronizedRef, commit(Ljava/lang/Object;Ljava/lang/Object;)Z >"	"bb7"	9	[("bb6", 7), ("bb5", 8)]
"< Application, Lhedc/ethz/util/HttpLogger, log(Ljavax/servlet/http/HttpServletRequest;Ljavax/servlet/http/HttpServletResponse;JIJ)V >"	"bb32"	66	[("bb30", 65), ("bb31", 64)]
"< Application, Lhedc/ethz/util/Estimator, estimate(D)D >"	"bb9"	34	[("bb27", 32), ("bb8", 12)]
"< Application, Lhedc/ethz/util/EtcUtil, getFileFromURI(Ljava/lang/String;)Ljava/lang/String; >"	"bb5"	13	[("bb4", 12), ("bb2", 6)]
"< Application, LEDU/oswego/cs/dl/util/concurrent/FJTaskRunner, scan(LEDU/oswego/cs/dl/util/concurrent/FJTask;)V >"	"bb13"	18	[("bb11", 16), ("bb12", 5)]
"< Application, LEDU/oswego/cs/dl/util/concurrent/CopyOnWriteArrayList, addAll(ILjava/util/Collection;)Z >"	"bb26"	25	[("bb25", 2), ("bb29", 21)]
"< Application, LEDU/oswego/cs/dl/util/concurrent/TimeDaemon, nextTask()LEDU/oswego/cs/dl/util/concurrent/TimeDaemon$TaskNode; >"	"bb28"	27	[("bb8", 6), ("bb17", 6), ("bb12", 23), ("bb20", 26)]
"< Application, Lhedc/SohoSynoptic, createResults_()V >"	"bb6"	33	[("bb5", 8), ("bb20", 18)]
"< Application, Lhedc/ethz/util/Generator, generateThroughBuffer(Ljava/lang/String;Ljava/io/Writer;Ljava/util/Hashtable;)J >"	"bb6"	55	[("bb36", 53), ("bb5", 12)]
"< Application, LEDU/oswego/cs/dl/util/concurrent/WriterPreferenceReadWriteLock$ReaderLock, attempt(J)Z >"	"bb19"	24	[("bb30", 22), ("bb18", 2)]
"< Application, LEDU/oswego/cs/dl/util/concurrent/SynchronizedByte, swap(LEDU/oswego/cs/dl/util/concurrent/SynchronizedByte;)B >"	"bb8"	8	[("bb7", 2), ("bb6", 1)]
"< Application, Lhedc/ethz/util/URLConnectionReader, checkUrl(Ljava/lang/String;)I >"	"bb11"	16	[("bb9", 14), ("bb10", 3)]
"< Application, Lhedc/DateFormatter, parse(Ljava/lang/String;Ljava/text/ParsePosition;)Ljava/util/Date; >"	"bb106"	104	[("bb39", 41), ("bb67", 41), ("bb38", 41), ("bb63", 41), ("bb59", 41), ("bb48", 41), ("bb49", 41), ("bb40", 41), ("bb70", 101), ("bb64", 41), ("bb47", 83), ("bb60", 41), ("bb61", 41), ("bb51", 41), ("bb66", 41), ("bb99", 41), ("bb65", 41), ("bb58", 91), ("bb62", 41)]
"< Application, LEDU/oswego/cs/dl/util/concurrent/SynchronizedBoolean, complement()Z >"	"bb7"	7	[("bb5", 6), ("bb6", 5)]
"< Application, Ljavax/servlet/http/HttpServlet, doOptions(Ljavax/servlet/http/HttpServletRequest;Ljavax/servlet/http/HttpServletResponse;)V >"	"bb63"	91	[("bb56", 90), ("bb54", 80), ("bb62", 89)]
"< Application, Lhedc/ethz/util/HttpLogger, log(Ljavax/servlet/http/HttpServletRequest;Ljavax/servlet/http/HttpServletResponse;JIJ)V >"	"bb23"	53	[("bb21", 52), ("bb22", 9)]
"< Application, Lhedc/ethz/util/Messages, format(Ljava/lang/String;Ljava/lang/Object;Ljava/lang/Object;Ljava/lang/Object;Ljava/lang/Object;)Ljava/lang/String; >"	"bb35"	92	[("bb25", 53), ("bb45", 74)]
"< Application, Lhedc/ethz/util/RmiLogger, log(Ljava/lang/String;Ljava/util/Hashtable;Ljava/lang/String;Ljava/lang/String;Ljava/lang/String;Ljava/lang/Object;J)V >"	"bb33"	65	[("bb32", 63), ("bb31", 64)]
"< Application, LEDU/oswego/cs/dl/util/concurrent/ReentrantLock, attempt(J)Z >"	"bb25"	24	[("bb24", 2), ("bb39", 22)]
"< Application, Lhedc/ethz/util/Messages, format(Ljava/lang/String;Ljava/lang/Object;Ljava/lang/Object;)Ljava/lang/String; >"	"bb25"	52	[("bb10", 8), ("bb5", 8), ("bb22", 30), ("bb18", 30), ("bb13", 48), ("bb16", 30), ("bb21", 30), ("bb6", 8), ("bb7", 8), ("bb2", 27), ("bb9", 8), ("bb17", 30), ("bb8", 8), ("bb20", 30), ("bb19", 30), ("bb11", 8)]
"< Application, Lhedc/ethz/util/HttpLogger, log(Ljavax/servlet/http/HttpServletRequest;Ljavax/servlet/http/HttpServletResponse;JIJ)V >"	"bb149"	264	[("bb148", 263), ("bb143", 52)]
"< Application, LEDU/oswego/cs/dl/util/concurrent/VetoableChangeMulticaster, multicast(Ljava/beans/PropertyChangeEvent;)V >"	"bb12"	15	[("bb11", 14), ("bb4", 4), ("bb6", 4)]
"< Application, Lhedc/ethz/util/HttpLogger, log(Ljavax/servlet/http/HttpServletRequest;Ljavax/servlet/http/HttpServletResponse;JIJ)V >"	"bb64"	119	[("bb58", 118), ("bb63", 110)]
"< Application, LEDU/oswego/cs/dl/util/concurrent/VetoableChangeMulticaster, addVetoableChangeListenerIfAbsent(Ljava/beans/VetoableChangeListener;)V >"	"bb9"	18	[("bb18", 17), ("bb8", 10)]
"< Application, Lhedc/ethz/util/DoubleBufferCopy$CopyThread, run()V >"	"bb2"	18	[("bb15", 17), ("bb1", 3), ("bb16", 16)]
"< Application, Ljavax/servlet/ServletInputStream, readLine([BII)I >"	"bb10"	18	[("bb9", 16), ("bb5", 13), ("bb7", 13)]
"< Application, Lhedc/ethz/util/EtcUtil, getPortFromURI(Ljava/lang/String;)I >"	"bb12"	24	[("bb11", 23), ("bb7", 3), ("bb8", 3)]
"< Application, LEDU/oswego/cs/dl/util/concurrent/FJTaskRunner, checkOverflow()V >"	"bb44"	29	[("bb43", 12), ("bb48", 28)]
"< Application, Lhedc/ethz/util/Ftp, nlst(Ljava/lang/String;)Ljava/util/Enumeration; >"	"bb10"	30	[("bb9", 9), ("bb16", 29)]
"< Application, Lhedc/regexp/GroupReference, advance(Lhedc/regexp/State;)Lhedc/regexp/Regexp; >"	"bb11"	25	[("bb14", 21), ("bb10", 13)]
"< Application, LEDU/oswego/cs/dl/util/concurrent/Heap, insert(Ljava/lang/Object;)V >"	"bb17"	33	[("bb16", 21), ("bb27", 25)]
"< Application, Lhedc/ethz/util/Generator, generateThroughBuffer(Ljava/io/Reader;Ljava/io/Writer;Ljava/util/Hashtable;)J >"	"bb41"	57	[("bb30", 56), ("bb18", 53), ("bb37", 51), ("bb33", 64)]
"< Application, Ljavax/servlet/http/HttpServlet, doOptions(Ljavax/servlet/http/HttpServletRequest;Ljavax/servlet/http/HttpServletResponse;)V >"	"bb36"	58	[("bb35", 56), ("bb27", 47), ("bb29", 57)]
"< Application, Lhedc/ethz/util/BaseProperties, getInetAddress(Ljava/lang/String;Ljava/net/InetAddress;)Ljava/net/InetAddress; >"	"bb6"	12	[("bb2", 3), ("bb4", 9), ("bb5", 3)]
"< Application, LEDU/oswego/cs/dl/util/concurrent/FJTaskRunner, scanWhileIdling()V >"	"bb7"	67	[("bb6", 12), ("bb58", 35)]
"< Application, LEDU/oswego/cs/dl/util/concurrent/SynchronizedBoolean, swap(LEDU/oswego/cs/dl/util/concurrent/SynchronizedBoolean;)Z >"	"bb8"	9	[("bb6", 2), ("bb7", 1)]
"< Application, Lhedc/Messages, dlevel()I >"	"bb10"	15	[("bb8", 13), ("bb9", 2), ("bb1", 2)]
"< Application, Lhedc/ethz/util/BufferedCopy, <init>(Ljava/io/OutputStream;Ljava/io/InputStream;I)V >"	"bb8"	10	[("bb6", 4), ("bb7", 9)]
"< Application, Lhedc/regexp/Regexp, toStringThis()Ljava/lang/String; >"	"bb4"	6	[("bb2", 5), ("bb3", 4)]
"< Application, LEDU/oswego/cs/dl/util/concurrent/FIFOReadWriteLock$ReaderSync, tryRead(J)Z >"	"bb9"	11	[("bb7", 10), ("bb8", 5)]
"< Application, Lhedc/regexp/CharClass, ppChar(I)Ljava/lang/String; >"	"bb18"	27	[("bb3", 25), ("bb2", 26), ("bb17", 9), ("bb4", 24), ("bb13", 23)]
"< Application, Lhedc/ethz/util/DoubleBufferCopy$CopyThread, run()V >"	"bb15"	17	[("bb13", 16), ("bb14", 3)]
"< Application, LEDU/oswego/cs/dl/util/concurrent/SynchronousChannel, doTake(ZJ)Ljava/lang/Object; >"	"bb29"	35	[("bb13", 18), ("bb20", 33)]
"< Application, LEDU/oswego/cs/dl/util/concurrent/Rendezvous, doRendezvous(Ljava/lang/Object;ZJ)Ljava/lang/Object; >"	"bb11"	15	[("bb10", 7), ("bb5", 11)]
"< Application, Lhedc/ethz/util/RmiLogger, log(Ljava/lang/String;Ljava/util/Hashtable;Ljava/lang/String;Ljava/lang/String;Ljava/lang/String;Ljava/lang/Object;J)V >"	"bb16"	43	[("bb14", 42), ("bb15", 5)]
"< Application, Ljavax/servlet/http/HttpServlet, getAllDeclaredMethods(Ljava/lang/Class;)[Ljava/lang/reflect/Method; >"	"bb16"	25	[("bb12", 9), ("bb15", 24)]
"< Application, LEDU/oswego/cs/dl/util/concurrent/SynchronizedInt, equals(Ljava/lang/Object;)Z >"	"bb9"	13	[("bb8", 6), ("bb7", 12)]
"< Application, Lhedc/regexp/CharClass, charInClass(I)Z >"	"bb6"	14	[("bb4", 8), ("bb5", 13)]
"< Application, LEDU/oswego/cs/dl/util/concurrent/VetoableChangeMulticaster, addVetoableChangeListenerIfAbsent(Ljava/lang/String;Ljava/beans/VetoableChangeListener;)V >"	"bb16"	13	[("bb15", 10), ("bb11", 5)]
"< Application, Lhedc/RandomDate, <init>(Ljava/util/Date;Ljava/util/Date;)V >"	"bb9"	10	[("bb8", 8), ("bb7", 9)]
"< Application, Lhedc/Messages, format(Ljava/lang/String;[Ljava/lang/Object;)Ljava/lang/String; >"	"bb4"	29	[("bb3", 6), ("bb42", 67), ("bb14", 26), ("bb17", 26)]
"< Application, LEDU/oswego/cs/dl/util/concurrent/SynchronizedChar, compareTo(C)I >"	"bb7"	9	[("bb6", 6), ("bb3", 8), ("bb5", 7)]
"< Application, Lhedc/ethz/util/RmiLogger, log(Ljava/lang/String;Ljava/util/Hashtable;Ljava/lang/String;Ljava/lang/String;Ljava/lang/String;Ljava/lang/Object;J)V >"	"bb65"	118	[("bb59", 117), ("bb64", 109)]
"< Application, LEDU/oswego/cs/dl/util/concurrent/SynchronousChannel, doTake(ZJ)Ljava/lang/Object; >"	"bb14"	33	[("bb13", 18), ("bb28", 30)]
"< Application, Lhedc/ethz/util/Messages, dlevel()I >"	"bb13"	18	[("bb11", 16), ("bb12", 5), ("bb4", 5)]
"< Application, LEDU/oswego/cs/dl/util/concurrent/SynchronizedDouble, swap(LEDU/oswego/cs/dl/util/concurrent/SynchronizedDouble;)D >"	"bb8"	9	[("bb6", 2), ("bb7", 1)]
"< Application, Lhedc/regexp/CharClass, merge(Lhedc/regexp/CharClass;Z)V >"	"bb9"	12	[("bb8", 11), ("bb7", 9)]
"< Application, LEDU/oswego/cs/dl/util/concurrent/LinkedQueue, extract()Ljava/lang/Object; >"	"bb9"	8	[("bb8", 7), ("bb5", 4)]
"< Application, Lhedc/ethz/util/CopyStream, copyStreamIntoBuffer(Ljava/io/InputStream;I)Ljava/lang/StringBuffer; >"	"bb13"	24	[("bb11", 17), ("bb12", 21)]
"< Application, Lhedc/ethz/util/Messages, format(Ljava/lang/String;Ljava/lang/Object;Ljava/lang/Object;Ljava/lang/Object;)Ljava/lang/String; >"	"bb2"	28	[("bb1", 6), ("bb12", 9)]
"< Application, Lhedc/DateFormatter, format(Ljava/util/Date;Ljava/lang/StringBuffer;Ljava/text/FieldPosition;)Ljava/lang/StringBuffer; >"	"bb30"	29	[("bb29", 184), ("bb34", 25)]
"< Application, Lhedc/ethz/util/SmartRef, extractPortNo_(Ljava/lang/String;)I >"	"bb14"	24	[("bb11", 23), ("bb13", 20)]
"< Application, Lhedc/ethz/util/BaseProperties, getStringArray(Ljava/lang/String;[Ljava/lang/String;)[Ljava/lang/String; >"	"bb15"	19	[("bb14", 13), ("bb19", 18)]
"< Application, LEDU/oswego/cs/dl/util/concurrent/SynchronizedDouble, equals(Ljava/lang/Object;)Z >"	"bb9"	14	[("bb8", 6), ("bb7", 13)]
"< Application, Lhedc/ethz/util/SmartRef, extractPortNo_(Ljava/lang/String;)I >"	"bb6"	12	[("bb5", 11), ("bb3", 7)]
"< Application, Lhedc/ethz/util/SmartRef, retrieve_(Ljava/lang/String;)Ljava/lang/String; >"	"bb57"	87	[("bb11", 76), ("bb32", 4), ("bb56", 73)]
"< Application, Lhedc/ethz/util/RmiLogger, log(Ljava/lang/String;Ljava/util/Hashtable;Ljava/lang/String;Ljava/lang/String;Ljava/lang/String;Ljava/lang/Object;J)V >"	"bb91"	159	[("bb85", 158), ("bb90", 149)]
"< Application, Lhedc/regexp/Literal, advance(Lhedc/regexp/State;)Lhedc/regexp/Regexp; >"	"bb16"	20	[("bb20", 16), ("bb7", 5)]
"< Application, Lhedc/DateFormatter, format(Ljava/util/Date;Ljava/lang/StringBuffer;Ljava/text/FieldPosition;)Ljava/lang/StringBuffer; >"	"bb145"	181	[("bb144", 33), ("bb17", 170), ("bb141", 33), ("bb139", 33), ("bb28", 184), ("bb21", 184)]
"< Application, LEDU/oswego/cs/dl/util/concurrent/BoundedLinkedQueue, offer(Ljava/lang/Object;J)Z >"	"bb23"	25	[("bb28", 23), ("bb22", 3)]
"< Application, Lhedc/FormFiller, determineForm_()Ljava/lang/String; >"	"bb44"	58	[("bb28", 30), ("bb15", 11), ("bb41", 47), ("bb43", 47)]
"< Application, LEDU/oswego/cs/dl/util/concurrent/CopyOnWriteArrayList$COWIterator, hasNext()Z >"	"bb7"	8	[("bb6", 6), ("bb5", 7)]
"< Application, LEDU/oswego/cs/dl/util/concurrent/SynchronizedShort, swap(LEDU/oswego/cs/dl/util/concurrent/SynchronizedShort;)S >"	"bb8"	8	[("bb7", 2), ("bb6", 1)]
"< Application, Lhedc/DateFormatter, parse(Ljava/lang/String;Ljava/text/ParsePosition;)Ljava/util/Date; >"	"bb139"	136	[("bb119", 121), ("bb138", 5), ("bb137", 129)]
"< Application, Lhedc/ethz/util/Messages, format(Ljava/lang/String;Ljava/lang/Object;Ljava/lang/Object;Ljava/lang/Object;Ljava/lang/Object;)Ljava/lang/String; >"	"bb24"	69	[("bb34", 68), ("bb14", 48)]
"< Application, LEDU/oswego/cs/dl/util/concurrent/WriterPreferenceReadWriteLock$WriterLock, attempt(J)Z >"	"bb36"	32	[("bb24", 25), ("bb35", 7)]
"< Application, LEDU/oswego/cs/dl/util/concurrent/SynchronizedLong, equals(Ljava/lang/Object;)Z >"	"bb9"	14	[("bb8", 6), ("bb7", 13)]
"< Application, LEDU/oswego/cs/dl/util/concurrent/SynchronizedFloat, compareTo(F)I >"	"bb7"	11	[("bb3", 10), ("bb5", 7), ("bb6", 9)]
"< Application, Lhedc/ethz/util/DoubleBufferCopy, <init>(Ljava/io/OutputStream;Ljava/io/InputStream;I)V >"	"bb8"	10	[("bb6", 4), ("bb7", 9)]
"< Application, LEDU/oswego/cs/dl/util/concurrent/SynchronousChannel, doTake(ZJ)Ljava/lang/Object; >"	"bb24"	31	[("bb21", 23), ("bb23", 28), ("bb22", 28)]
"< Application, Ljavax/servlet/http/HttpServlet, doOptions(Ljavax/servlet/http/HttpServletRequest;Ljavax/servlet/http/HttpServletResponse;)V >"	"bb9"	19	[("bb7", 40), ("bb8", 10)]
"< Application, Lhedc/DateFormatter, parse(Ljava/lang/String;Ljava/text/ParsePosition;)Ljava/util/Date; >"	"bb79"	60	[("bb78", 59), ("bb85", 60)]
"< Application, Lhedc/regexp/CharClass, addChars(II)V >"	"bb3"	6	[("bb1", 3), ("bb2", 2), ("bb5", 6)]
"< Application, LEDU/oswego/cs/dl/util/concurrent/CondVar, await()V >"	"bb18"	24	[("bb17", 5), ("bb21", 16)]
"< Application, Lhedc/ethz/util/BaseProperties, getURL(Ljava/lang/String;Ljava/net/URL;)Ljava/net/URL; >"	"bb16"	27	[("bb15", 24), ("bb14", 25)]
"< Application, Lhedc/regexp/CharClass, process(Ljava/lang/String;)V >"	"bb18"	26	[("bb16", 4), ("bb17", 12)]
"< Application, Lhedc/ethz/util/SmartRef, exists()Z >"	"bb10"	52	[("bb9", 30), ("bb8", 13)]
"< Application, Lhedc/ethz/util/RmiLogger, log(Ljava/lang/String;Ljava/util/Hashtable;Ljava/lang/String;Ljava/lang/String;Ljava/lang/String;Ljava/lang/Object;J)V >"	"bb78"	137	[("bb77", 128), ("bb72", 136)]
"< Application, Lhedc/ethz/util/Messages, format(Ljava/lang/String;Ljava/lang/Object;)Ljava/lang/String; >"	"bb14"	28	[("bb2", 26), ("bb7", 7), ("bb9", 7), ("bb11", 7), ("bb6", 7), ("bb8", 7), ("bb5", 7), ("bb10", 7)]
"< Application, LEDU/oswego/cs/dl/util/concurrent/CopyOnWriteArrayList$COWSubList$COWSubListIterator, hasPrevious()Z >"	"bb5"	7	[("bb4", 5), ("bb3", 6)]
"< Application, LEDU/oswego/cs/dl/util/concurrent/FJTaskRunnerGroup, interruptAll()V >"	"bb3"	15	[("bb11", 13), ("bb2", 5)]
"< Application, Lhedc/ethz/util/Estimator, main([Ljava/lang/String;)V >"	"bb22"	55	[("bb21", 8), ("bb30", 54)]
"< Application, Lhedc/MetaSearchResult$MetaSearchResultIterator, hasNext()Z >"	"bb18"	23	[("bb17", 19), ("bb5", 22), ("bb7", 3)]
"< Application, LEDU/oswego/cs/dl/util/concurrent/FJTaskRunner, scan(LEDU/oswego/cs/dl/util/concurrent/FJTask;)V >"	"bb7"	33	[("bb6", 4), ("bb34", 30)]
"< Application, Lhedc/DateFormatter, parse(Ljava/lang/String;Ljava/text/ParsePosition;)Ljava/util/Date; >"	"bb47"	83	[("bb46", 82), ("bb44", 79)]
"< Application, LEDU/oswego/cs/dl/util/concurrent/CopyOnWriteArrayList, hashCode()I >"	"bb3"	18	[("bb9", 17), ("bb2", 3)]
"< Application, Ljavax/servlet/http/HttpUtils, parseName(Ljava/lang/String;Ljava/lang/StringBuffer;)Ljava/lang/String; >"	"bb21"	38	[("bb6", 41), ("bb20", 41), ("bb17", 41), ("bb18", 34), ("bb10", 33)]
"< Application, LEDU/oswego/cs/dl/util/concurrent/SynchronizedRef, swap(LEDU/oswego/cs/dl/util/concurrent/SynchronizedRef;)Ljava/lang/Object; >"	"bb8"	9	[("bb7", 1), ("bb6", 2)]
"< Application, LEDU/oswego/cs/dl/util/concurrent/FJTaskRunner, scan(LEDU/oswego/cs/dl/util/concurrent/FJTask;)V >"	"bb7"	36	[("bb6", 5), ("bb34", 32)]
"< Application, Lhedc/ethz/util/Generator, generate(Ljava/io/Writer;Ljava/util/Hashtable;[C)J >"	"bb31"	42	[("bb34", 40), ("bb30", 10)]
"< Application, Lhedc/ethz/util/HttpLogger, log(Ljavax/servlet/http/HttpServletRequest;Ljavax/servlet/http/HttpServletResponse;JIJ)V >"	"bb140"	250	[("bb139", 249), ("bb134", 52)]
"< Application, LEDU/oswego/cs/dl/util/concurrent/WaitFreeQueue$Node, pointerEquals(LEDU/oswego/cs/dl/util/concurrent/WaitFreeQueue$Node;J)Z >"	"bb7"	10	[("bb6", 8), ("bb5", 9)]
"< Application, Lhedc/DateFormatter, parse(Ljava/lang/String;Ljava/text/ParsePosition;)Ljava/util/Date; >"	"bb76"	59	[("bb75", 5), ("bb98", 58)]
"< Application, LEDU/oswego/cs/dl/util/concurrent/ReentrantWriterPreferenceReadWriteLock, allowReader()Z >"	"bb10"	13	[("bb8", 12), ("bb9", 8)]
"< Application, Ljavax/servlet/ServletOutputStream, print(Z)V >"	"bb6"	13	[("bb5", 8), ("bb3", 12)]
"< Application, LEDU/oswego/cs/dl/util/concurrent/FJTaskRunner, scanWhileIdling()V >"	"bb7"	65	[("bb6", 4), ("bb58", 62)]
"< Application, Lhedc/Messages, formatArray([Ljava/lang/Object;)Ljava/lang/String; >"	"bb8"	27	[("bb17", 26), ("bb7", 6)]
"< Application, Lhedc/ethz/util/Generator, generateThroughBuffer(Ljava/lang/String;Ljava/io/Writer;Ljava/util/Hashtable;)J >"	"bb6"	54	[("bb36", 50), ("bb5", 12)]
"< Application, Lhedc/DateFormatter, applyLocalizedPattern(Ljava/lang/String;Ljava/lang/String;Ljava/lang/String;)Ljava/lang/String; >"	"bb5"	25	[("bb18", 16), ("bb4", 10)]
"< Application, Lhedc/regexp/Regexp, main([Ljava/lang/String;)V >"	"bb79"	128	[("bb78", 4), ("bb93", 105)]
"< Application, Lhedc/DateFormatter, parse(Ljava/lang/String;Ljava/text/ParsePosition;)Ljava/util/Date; >"	"bb139"	158	[("bb119", 154), ("bb138", 154), ("bb137", 156)]
"< Application, Ljavax/servlet/ServletInputStream, readLine([BII)I >"	"bb13"	19	[("bb11", 18), ("bb12", 9)]
"< Application, Lhedc/PooledExecutorWithInvalidate, createThreads(I)I >"	"bb2"	16	[("bb1", 4), ("bb16", 14)]
"< Application, Ljavax/servlet/http/HttpUtils, parseQueryString(Ljava/lang/String;)Ljava/util/Hashtable; >"	"bb33"	43	[("bb32", 42), ("bb29", 13)]
"< Application, LEDU/oswego/cs/dl/util/concurrent/LayeredSync, attempt(J)Z >"	"bb10"	18	[("bb9", 17), ("bb7", 2)]
"< Application, Lhedc/DateFormatter, hashCode()I >"	"bb7"	11	[("bb3", 4), ("bb6", 10)]
"< Application, LEDU/oswego/cs/dl/util/concurrent/SynchronizedLong, compareTo(J)I >"	"bb7"	11	[("bb3", 10), ("bb5", 7), ("bb6", 9)]
"< Application, Lhedc/ethz/util/SmartRef, exists()Z >"	"bb28"	31	[("bb26", 13), ("bb27", 30)]
"< Application, LEDU/oswego/cs/dl/util/concurrent/CopyOnWriteArrayList, addIfAbsent(Ljava/lang/Object;)Z >"	"bb5"	20	[("bb4", 9), ("bb18", 19)]
"< Application, LEDU/oswego/cs/dl/util/concurrent/CondVar, timedwait(J)Z >"	"bb34"	30	[("bb33", 6), ("bb37", 20)]
"< Application, LEDU/oswego/cs/dl/util/concurrent/FJTaskRunner, scanWhileIdling()V >"	"bb58"	61	[("bb45", 42), ("bb57", 42), ("bb56", 42), ("bb51", 42), ("bb29", 34)]
"< Application, LEDU/oswego/cs/dl/util/concurrent/FJTaskRunnerGroup, checkActive(LEDU/oswego/cs/dl/util/concurrent/FJTaskRunner;J)V >"	"bb12"	16	[("bb11", 14), ("bb10", 13)]
"< Application, LEDU/oswego/cs/dl/util/concurrent/CopyOnWriteArrayList, contains(Ljava/lang/Object;)Z >"	"bb7"	11	[("bb6", 9), ("bb5", 10)]
"< Application, Ljavax/servlet/http/HttpUtils, parseQueryString(Ljava/lang/String;)Ljava/util/Hashtable; >"	"bb40"	46	[("bb39", 45), ("bb37", 39)]
"< Application, LEDU/oswego/cs/dl/util/concurrent/PropertyChangeMulticaster, multicast(Ljava/beans/PropertyChangeEvent;)V >"	"bb12"	15	[("bb11", 14), ("bb6", 4), ("bb4", 4)]
"< Application, Lhedc/DateFormatter, equals(Ljava/lang/Object;)Z >"	"bb20"	22	[("bb18", 21), ("bb19", 5)]
"< Application, Lhedc/ethz/util/Generator, generateThroughBuffer(Ljava/io/Reader;Ljava/io/Writer;Ljava/util/Hashtable;)J >"	"bb13"	61	[("bb12", 12), ("bb41", 57)]
"< Application, Ljavax/servlet/http/HttpServlet, doOptions(Ljavax/servlet/http/HttpServletRequest;Ljavax/servlet/http/HttpServletResponse;)V >"	"bb9"	18	[("bb7", 39), ("bb8", 10)]
"< Application, Lhedc/regexp/CharClass, merge(Lhedc/regexp/CharClass;Z)V >"	"bb2"	18	[("bb1", 5), ("bb12", 17)]
"< Application, LEDU/oswego/cs/dl/util/concurrent/SynchronizedShort, commit(SS)Z >"	"bb7"	9	[("bb5", 8), ("bb6", 7)]
"< Application, LEDU/oswego/cs/dl/util/concurrent/SynchronizedByte, compareTo(B)I >"	"bb7"	9	[("bb3", 8), ("bb6", 6), ("bb5", 7)]
"< Application, Lhedc/regexp/Alternatives, firstCharacter()I >"	"bb4"	17	[("bb13", 14), ("bb3", 6)]
"< Application, Lhedc/ethz/util/SmartRef, getReader()Ljava/io/Reader; >"	"bb14"	16	[("bb13", 8), ("bb6", 13), ("bb8", 3)]
"< Application, Lhedc/regexp/Regexp, main([Ljava/lang/String;)V >"	"bb14"	53	[("bb13", 4), ("bb36", 49)]
"< Application, Lhedc/DateFormatter, format(Ljava/util/Date;Ljava/lang/StringBuffer;Ljava/text/FieldPosition;)Ljava/lang/StringBuffer; >"	"bb145"	180	[("bb144", 189), ("bb17", 183), ("bb141", 189), ("bb139", 189), ("bb28", 183), ("bb21", 173)]
"< Application, Lhedc/RandomDate, <init>(Ljava/util/Date;Ljava/util/Date;)V >"	"bb19"	19	[("bb17", 9), ("bb18", 8)]
"< Application, Lhedc/ethz/util/Estimator, estimate(D)D >"	"bb9"	35	[("bb27", 30), ("bb8", 13)]
"< Application, Lhedc/ethz/util/Generator, generateThroughBuffer(Ljava/io/Reader;Ljava/io/Writer;Ljava/util/Hashtable;)J >"	"bb41"	58	[("bb30", 32), ("bb18", 62), ("bb37", 32), ("bb33", 32)]
"< Application, Lhedc/ethz/util/Messages, format(Ljava/lang/String;Ljava/lang/Object;Ljava/lang/Object;Ljava/lang/Object;Ljava/lang/Object;)Ljava/lang/String; >"	"bb2"	28	[("bb1", 1), ("bb12", 27)]
"< Application, LEDU/oswego/cs/dl/util/concurrent/ReaderPreferenceReadWriteLock, allowReader()Z >"	"bb5"	7	[("bb4", 5), ("bb3", 6)]
"< Application, LEDU/oswego/cs/dl/util/concurrent/FJTaskRunner, coInvoke([LEDU/oswego/cs/dl/util/concurrent/FJTask;)V >"	"bb11"	30	[("bb10", 8), ("bb19", 28)]
"< Application, LEDU/oswego/cs/dl/util/concurrent/CopyOnWriteArrayList$COWIterator, hasPrevious()Z >"	"bb5"	6	[("bb4", 4), ("bb3", 5)]
"< Application, LEDU/oswego/cs/dl/util/concurrent/FJTaskRunner, scanWhileIdling()V >"	"bb7"	66	[("bb6", 5), ("bb58", 63)]
"< Application, LEDU/oswego/cs/dl/util/concurrent/PropertyChangeMulticaster, multicast(Ljava/beans/PropertyChangeEvent;)V >"	"bb17"	24	[("bb21", 23), ("bb16", 18)]
"< Application, Lhedc/DateFormatter, applyLocalizedPattern(Ljava/lang/String;Ljava/lang/String;Ljava/lang/String;)Ljava/lang/String; >"	"bb12"	16	[("bb7", 25), ("bb11", 15)]
"< Application, Lhedc/ethz/util/DoubleBufferCopy, <init>(Ljava/io/OutputStream;Ljava/io/InputStream;I)V >"	"bb14"	13	[("bb13", 9), ("bb12", 4)]
"< Application, LEDU/oswego/cs/dl/util/concurrent/PropertyChangeMulticaster, addPropertyChangeListener(Ljava/lang/String;Ljava/beans/PropertyChangeListener;)V >"	"bb23"	20	[("bb16", 13), ("bb22", 14)]
"< Application, Lhedc/ethz/util/Messages, format(Ljava/lang/String;Ljava/lang/Object;Ljava/lang/Object;Ljava/lang/Object;)Ljava/lang/String; >"	"bb36"	72	[("bb21", 47), ("bb32", 68), ("bb7", 27), ("bb13", 47), ("bb18", 47), ("bb30", 68), ("bb5", 27), ("bb19", 47), ("bb16", 47), ("bb27", 68), ("bb24", 68), ("bb20", 47), ("bb6", 27), ("bb11", 27), ("bb33", 68), ("bb28", 68), ("bb10", 27), ("bb31", 68), ("bb22", 47), ("bb17", 47), ("bb8", 27), ("bb29", 68), ("bb9", 27), ("bb2", 27)]
"< Application, LEDU/oswego/cs/dl/util/concurrent/BoundedLinkedQueue, poll(J)Ljava/lang/Object; >"	"bb15"	26	[("bb23", 24), ("bb14", 2)]
"< Application, LEDU/oswego/cs/dl/util/concurrent/CopyOnWriteArraySet, addAll(Ljava/util/Collection;)Z >"	"bb6"	9	[("bb5", 7), ("bb4", 8)]
"< Application, LEDU/oswego/cs/dl/util/concurrent/WriterPreferenceReadWriteLock$ReaderLock, attempt(J)Z >"	"bb34"	30	[("bb23", 25), ("bb33", 7)]
"< Application, Lhedc/regexp/Alternatives, firstCharacter()I >"	"bb4"	18	[("bb13", 16), ("bb3", 7)]
"< Application, Lhedc/ethz/util/EstimatorFactory, newEstimator(Ljava/lang/String;DD)Lhedc/ethz/util/Estimator; >"	"bb28"	46	[("bb16", 9), ("bb24", 37), ("bb27", 10)]
"< Application, LEDU/oswego/cs/dl/util/concurrent/FIFOReadWriteLock$ReaderSync, attempt(J)Z >"	"bb4"	9	[("bb3", 8), ("bb2", 4)]
"< Application, Lhedc/ethz/util/Messages, format(Ljava/lang/String;Ljava/lang/Object;Ljava/lang/Object;Ljava/lang/Object;)Ljava/lang/String; >"	"bb2"	27	[("bb1", 1), ("bb12", 26)]
"< Application, Lhedc/ethz/util/EtcUtil, copyFile(Ljava/io/File;Ljava/io/File;)Z >"	"bb20"	31	[("bb18", 28), ("bb19", 4)]
"< Application, Lhedc/ethz/util/Messages, format(Ljava/lang/String;Ljava/lang/Object;Ljava/lang/Object;)Ljava/lang/String; >"	"bb13"	46	[("bb3", 26), ("bb23", 45)]
"< Application, LEDU/oswego/cs/dl/util/concurrent/Rendezvous, doRendezvous(Ljava/lang/Object;ZJ)Ljava/lang/Object; >"	"bb67"	82	[("bb72", 81), ("bb66", 6)]
"< Application, Lhedc/ethz/util/DoubleBufferCopy$Buffer, accessBuffer(I)Z >"	"bb29"	28	[("bb13", 4), ("bb15", 4), ("bb28", 6), ("bb27", 4), ("bb18", 4), ("bb16", 6), ("bb1", 4)]
"< Application, LEDU/oswego/cs/dl/util/concurrent/SynchronizedDouble, commit(DD)Z >"	"bb7"	10	[("bb5", 9), ("bb6", 8)]
"< Application, Lhedc/DateFormatter, format(Ljava/util/Date;Ljava/lang/StringBuffer;Ljava/text/FieldPosition;)Ljava/lang/StringBuffer; >"	"bb134"	155	[("bb132", 154), ("bb120", 138)]
"< Application, LEDU/oswego/cs/dl/util/concurrent/FJTaskRunner, scanWhileIdling()V >"	"bb28"	23	[("bb19", 22), ("bb14", 25), ("bb15", 25)]
"< Application, Lhedc/DateFormatter, parse(Ljava/lang/String;Ljava/text/ParsePosition;)Ljava/util/Date; >"	"bb123"	156	[("bb129", 156), ("bb122", 154)]
"< Application, LEDU/oswego/cs/dl/util/concurrent/FJTaskRunner, scan(LEDU/oswego/cs/dl/util/concurrent/FJTask;)V >"	"bb34"	30	[("bb33", 24), ("bb13", 33), ("bb32", 24), ("bb14", 33)]
"< Application, Lhedc/ethz/util/SmartRef, getInputStream()Ljava/io/InputStream; >"	"bb12"	19	[("bb6", 11), ("bb8", 3), ("bb11", 10)]
"< Application, Lhedc/ethz/util/Generator, generateThroughBuffer(Ljava/lang/String;Ljava/io/Writer;Ljava/util/Hashtable;)J >"	"bb14"	24	[("bb13", 55), ("bb20", 20)]
"< Application, Lhedc/ethz/util/EstimatorFactory, newEstimator(Ljava/lang/String;DD)Lhedc/ethz/util/Estimator; >"	"bb32"	49	[("bb28", 46), ("bb31", 47)]
"< Application, Lhedc/ethz/util/Messages, format(Ljava/lang/String;Ljava/lang/Object;Ljava/lang/Object;Ljava/lang/Object;Ljava/lang/Object;)Ljava/lang/String; >"	"bb2"	29	[("bb1", 7), ("bb12", 10)]
"< Application, Lhedc/regexp/Literal, advance(Lhedc/regexp/State;)Lhedc/regexp/Regexp; >"	"bb8"	35	[("bb7", 5), ("bb14", 30)]
"< Application, Lhedc/DateFormatter, parse(Ljava/lang/String;Ljava/text/ParsePosition;)Ljava/util/Date; >"	"bb79"	150	[("bb78", 148), ("bb85", 150)]
"< Application, Lhedc/ethz/util/Generator, generate(Ljava/io/Writer;Ljava/util/Hashtable;[C)J >"	"bb20"	22	[("bb14", 21), ("bb16", 17)]
"< Application, Lhedc/ethz/util/ObservableProperties, putValue(Ljava/lang/String;Ljava/lang/String;)Z >"	"bb40"	56	[("bb39", 55), ("bb27", 58)]
"< Application, LEDU/oswego/cs/dl/util/concurrent/CondVar, timedwait(J)Z >"	"bb16"	21	[("bb14", 20), ("bb15", 6)]
"< Application, LEDU/oswego/cs/dl/util/concurrent/LayeredSync, attempt(J)Z >"	"bb4"	9	[("bb3", 8), ("bb2", 4)]
"< Application, LEDU/oswego/cs/dl/util/concurrent/LinkedQueue, poll(J)Ljava/lang/Object; >"	"bb16"	29	[("bb15", 2), ("bb26", 27)]
"< Application, Lhedc/ethz/util/Messages, wlevel()I >"	"bb11"	16	[("bb6", 5), ("bb10", 14)]
"< Application, Lhedc/regexp/Literal, <clinit>()V >"	"bb7"	17	[("bb6", 10), ("bb9", 16)]
"< Application, LEDU/oswego/cs/dl/util/concurrent/WaiterPreferenceSemaphore, attempt(J)Z >"	"bb21"	25	[("bb31", 23), ("bb20", 2)]
"< Application, Lhedc/DateFormatter, format(Ljava/util/Date;Ljava/lang/StringBuffer;Ljava/text/FieldPosition;)Ljava/lang/StringBuffer; >"	"bb8"	184	[("bb7", 15), ("bb145", 182)]
"< Application, Lhedc/ethz/util/Messages, format(Ljava/lang/String;Ljava/lang/Object;Ljava/lang/Object;)Ljava/lang/String; >"	"bb32"	65	[("bb31", 63), ("bb24", 46)]
"< Application, LEDU/oswego/cs/dl/util/concurrent/CopyOnWriteArrayList, remove(Ljava/lang/Object;)Z >"	"bb7"	20	[("bb27", 19), ("bb6", 6)]
"< Application, Ljavax/servlet/jsp/tagext/TagData, <init>([[Ljava/lang/Object;)V >"	"bb15"	20	[("bb14", 19), ("bb7", 9)]
"< Application, LEDU/oswego/cs/dl/util/concurrent/VetoableChangeMulticaster, multicast(Ljava/beans/PropertyChangeEvent;)V >"	"bb36"	40	[("bb35", 39), ("bb33", 24)]
"< Application, Lhedc/ethz/util/Messages, format(Ljava/lang/String;Ljava/lang/Object;Ljava/lang/Object;Ljava/lang/Object;)Ljava/lang/String; >"	"bb36"	74	[("bb21", 31), ("bb32", 52), ("bb7", 9), ("bb13", 49), ("bb18", 31), ("bb30", 52), ("bb5", 9), ("bb19", 31), ("bb16", 31), ("bb27", 52), ("bb24", 70), ("bb20", 31), ("bb6", 9), ("bb11", 9), ("bb33", 52), ("bb28", 52), ("bb10", 9), ("bb31", 52), ("bb22", 31), ("bb17", 31), ("bb8", 9), ("bb29", 52), ("bb9", 9), ("bb2", 28)]
"< Application, Lhedc/ethz/util/SmartRef, getFilename()Ljava/lang/String; >"	"bb7"	14	[("bb3", 3), ("bb6", 13)]
"< Application, Lhedc/regexp/Multi, advance(Lhedc/regexp/State;)Lhedc/regexp/Regexp; >"	"bb4"	15	[("bb7", 14), ("bb3", 4)]
"< Application, LEDU/oswego/cs/dl/util/concurrent/SynchronizedBoolean, equals(Ljava/lang/Object;)Z >"	"bb9"	13	[("bb7", 12), ("bb8", 6)]
"< Application, LEDU/oswego/cs/dl/util/concurrent/FJTaskRunner, slowCoInvoke([LEDU/oswego/cs/dl/util/concurrent/FJTask;)V >"	"bb2"	10	[("bb1", 4), ("bb6", 9)]
"< Application, LEDU/oswego/cs/dl/util/concurrent/VetoableChangeMulticaster, addVetoableChangeListener(Ljava/lang/String;Ljava/beans/VetoableChangeListener;)V >"	"bb16"	13	[("bb11", 5), ("bb15", 10)]
"< Application, Lhedc/regexp/CharClass, toStringThis()Ljava/lang/String; >"	"bb27"	34	[("bb26", 33), ("bb10", 36)]
"< Application, Ljavax/servlet/jsp/tagext/TagSupport, findAncestorWithClass(Ljavax/servlet/jsp/tagext/Tag;Ljava/lang/Class;)Ljavax/servlet/jsp/tagext/Tag; >"	"bb7"	11	[("bb6", 9), ("bb4", 10)]
"< Application, Lhedc/regexp/CompilerState, atEop()Z >"	"bb6"	7	[("bb5", 5), ("bb4", 6)]
"< Application, Ljavax/servlet/ServletOutputStream, print(Ljava/lang/String;)V >"	"bb3"	6	[("bb1", 2), ("bb2", 5)]
"< Application, Lhedc/ethz/util/Generator, generate(Ljava/io/Writer;Ljava/util/Hashtable;[C)J >"	"bb31"	41	[("bb34", 37), ("bb30", 54)]
"< Application, Lhedc/ethz/util/Generator, getBuffer_()[C >"	"bb12"	17	[("bb2", 2), ("bb11", 9), ("bb9", 14)]
"< Application, LEDU/oswego/cs/dl/util/concurrent/SynchronousChannel, doTake(ZJ)Ljava/lang/Object; >"	"bb13"	18	[("bb12", 15), ("bb11", 5)]
"< Application, LEDU/oswego/cs/dl/util/concurrent/SynchronizedInt, commit(II)Z >"	"bb7"	9	[("bb5", 8), ("bb6", 7)]
"< Application, LEDU/oswego/cs/dl/util/concurrent/BoundedLinkedQueue, extract()Ljava/lang/Object; >"	"bb12"	12	[("bb11", 7), ("bb5", 4)]
"< Application, Lhedc/DateFormatter, parse(Ljava/lang/String;Ljava/text/ParsePosition;)Ljava/util/Date; >"	"bb145"	140	[("bb29", 144), ("bb18", 32), ("bb141", 40), ("bb22", 144)]
"< Application, Ljavax/servlet/ServletInputStream, readLine([BII)I >"	"bb8"	15	[("bb6", 11), ("bb3", 3)]
"< Application, Lhedc/MetaSearchResult, cloneTask(Lhedc/MetaSearchResult;)Lhedc/MetaSearchResult; >"	"bb7"	14	[("bb5", 12), ("bb1", 3), ("bb6", 3), ("bb2", 3)]
"< Application, LEDU/oswego/cs/dl/util/concurrent/CondVar, timedwait(J)Z >"	"bb17"	22	[("bb9", 6), ("bb16", 21)]
"< Application, Lhedc/Messages, formatArray([I)Ljava/lang/String; >"	"bb8"	27	[("bb7", 6), ("bb17", 26)]
"< Application, Lhedc/ethz/util/Messages, format(Ljava/lang/String;Ljava/lang/Object;Ljava/lang/Object;)Ljava/lang/String; >"	"bb2"	26	[("bb12", 25), ("bb1", 1)]
"< Application, LEDU/oswego/cs/dl/util/concurrent/SynchronousChannel, doTake(ZJ)Ljava/lang/Object; >"	"bb24"	30	[("bb21", 33), ("bb23", 27), ("bb22", 33)]
"< Application, LEDU/oswego/cs/dl/util/concurrent/FJTaskRunner, coInvoke([LEDU/oswego/cs/dl/util/concurrent/FJTask;)V >"	"bb11"	29	[("bb10", 7), ("bb19", 20)]
"< Application, Lhedc/DateFormatter, parse(Ljava/lang/String;Ljava/text/ParsePosition;)Ljava/util/Date; >"	"bb99"	152	[("bb97", 150), ("bb76", 148)]
"< Application, Lhedc/ethz/util/Messages, format(Ljava/lang/String;Ljava/lang/Object;)Ljava/lang/String; >"	"bb2"	26	[("bb12", 7), ("bb1", 4)]
"< Application, LEDU/oswego/cs/dl/util/concurrent/FJTaskRunner, scan(LEDU/oswego/cs/dl/util/concurrent/FJTask;)V >"	"bb34"	31	[("bb33", 34), ("bb13", 34), ("bb32", 15), ("bb14", 34)]
"< Application, Lhedc/DateFormatter, parse(Ljava/lang/String;Ljava/text/ParsePosition;)Ljava/util/Date; >"	"bb22"	33	[("bb21", 11), ("bb20", 144)]
"< Application, Lhedc/DateFormatter, parse(Ljava/lang/String;Ljava/text/ParsePosition;)Ljava/util/Date; >"	"bb106"	105	[("bb39", 5), ("bb67", 5), ("bb38", 5), ("bb63", 5), ("bb59", 5), ("bb48", 5), ("bb49", 5), ("bb40", 5), ("bb70", 5), ("bb64", 11), ("bb47", 24), ("bb60", 92), ("bb61", 5), ("bb51", 5), ("bb66", 5), ("bb99", 5), ("bb65", 5), ("bb58", 5), ("bb62", 11)]
"< Application, LEDU/oswego/cs/dl/util/concurrent/ClockDaemon, executePeriodically(JLjava/lang/Runnable;Z)Ljava/lang/Object; >"	"bb8"	12	[("bb7", 11), ("bb6", 10)]
"< Application, Lhedc/ethz/util/Messages, format(Ljava/lang/String;Ljava/lang/Object;)Ljava/lang/String; >"	"bb21"	41	[("bb13", 25), ("bb20", 39)]
"< Application, Lhedc/ethz/util/Generator, generateStream(Ljava/io/Reader;Ljava/io/Writer;Ljava/util/Hashtable;)J >"	"bb2"	14	[("bb1", 5), ("bb28", 41), ("bb7", 13)]
"< Application, LEDU/oswego/cs/dl/util/concurrent/SynchronizedInt, swap(LEDU/oswego/cs/dl/util/concurrent/SynchronizedInt;)I >"	"bb8"	8	[("bb6", 1), ("bb7", 2)]
"< Application, Lhedc/SohoSynoptic, determineAttributes_(Ljava/util/Hashtable;Ljava/lang/String;)V >"	"bb27"	59	[("bb25", 22), ("bb26", 58)]
"< Application, LEDU/oswego/cs/dl/util/concurrent/CopyOnWriteArrayList, retainAll(Ljava/util/Collection;)Z >"	"bb7"	15	[("bb12", 13), ("bb6", 6)]
"< Application, Lhedc/SohoSynoptic, determineAttributes_(Ljava/util/Hashtable;Ljava/lang/String;)V >"	"bb55"	116	[("bb54", 115), ("bb53", 22)]
"< Application, Lhedc/ethz/util/Messages, format(Ljava/lang/String;Ljava/lang/Object;Ljava/lang/Object;Ljava/lang/Object;Ljava/lang/Object;)Ljava/lang/String; >"	"bb47"	96	[("bb18", 32), ("bb44", 74), ("bb10", 10), ("bb20", 32), ("bb28", 53), ("bb21", 32), ("bb22", 32), ("bb27", 53), ("bb40", 74), ("bb35", 92), ("bb29", 53), ("bb38", 74), ("bb17", 32), ("bb11", 10), ("bb9", 10), ("bb24", 71), ("bb31", 53), ("bb6", 10), ("bb43", 74), ("bb39", 74), ("bb33", 53), ("bb7", 10), ("bb32", 53), ("bb8", 10), ("bb13", 50), ("bb41", 74), ("bb5", 10), ("bb2", 29), ("bb42", 74), ("bb16", 32), ("bb30", 53), ("bb19", 32)]
"< Application, Lhedc/ethz/util/RmiLogger, log(Ljava/lang/String;Ljava/util/Hashtable;Ljava/lang/String;Ljava/lang/String;Ljava/lang/String;Ljava/lang/Object;J)V >"	"bb126"	216	[("bb125", 215), ("bb120", 42)]
"< Application, Lhedc/Tester, main([Ljava/lang/String;)V >"	"bb28"	50	[("bb31", 49), ("bb27", 15)]
"< Application, Ljavax/servlet/jsp/tagext/TagLibraryInfo, getTag(Ljava/lang/String;)Ljavax/servlet/jsp/tagext/TagInfo; >"	"bb15"	17	[("bb7", 8), ("bb14", 16)]
"< Application, Lhedc/ethz/util/EtcUtil, copyFile(Ljava/io/File;Ljava/io/File;)Z >"	"bb20"	32	[("bb18", 29), ("bb19", 23)]
"< Application, Lhedc/ethz/util/EtcUtil, isLocalHost(Ljava/lang/String;)Z >"	"bb10"	18	[("bb8", 16), ("bb9", 3)]
"< Application, Lhedc/ethz/util/Logger, openLog(Ljava/lang/String;I)V >"	"bb5"	7	[("bb4", 3), ("bb3", 6)]
"< Application, LEDU/oswego/cs/dl/util/concurrent/CopyOnWriteArrayList, lastIndexOf(Ljava/lang/Object;I)I >"	"bb4"	17	[("bb8", 16), ("bb3", 3)]
"< Application, LEDU/oswego/cs/dl/util/concurrent/FJTaskRunnerGroup, initializeThreads()V >"	"bb2"	11	[("bb9", 10), ("bb1", 3)]
"< Application, LEDU/oswego/cs/dl/util/concurrent/CopyOnWriteArrayList, toArray([Ljava/lang/Object;)[Ljava/lang/Object; >"	"bb12"	17	[("bb4", 2), ("bb11", 16)]
"< Application, LEDU/oswego/cs/dl/util/concurrent/Semaphore, release(J)V >"	"bb8"	13	[("bb7", 4), ("bb10", 12)]
"< Application, LEDU/oswego/cs/dl/util/concurrent/Heap, extract()Ljava/lang/Object; >"	"bb12"	33	[("bb11", 5), ("bb35", 25)]
"< Application, LEDU/oswego/cs/dl/util/concurrent/SynchronizedBoolean, hashCode()I >"	"bb5"	8	[("bb3", 7), ("bb4", 6)]
"< Application, Lhedc/regexp/CharClass, cloneCharClass(Lhedc/regexp/Regexp;I)Lhedc/regexp/CharClass; >"	"bb8"	10	[("bb3", 8), ("bb2", 9), ("bb4", 7)]
"< Application, Lhedc/ethz/util/Generator, openTemplateFile_(Ljava/lang/String;)[C >"	"bb27"	40	[("bb26", 27), ("bb3", 4)]
"< Application, Lhedc/ethz/util/Generator, openTemplateFile_(Ljava/lang/String;)[C >"	"bb19"	37	[("bb24", 36), ("bb18", 15)]
"< Application, Lhedc/ethz/util/EtcUtil, copyFile(Ljava/io/File;Ljava/io/File;)Z >"	"bb18"	28	[("bb3", 4), ("bb17", 27), ("bb5", 4), ("bb2", 4)]
"< Application, Lhedc/DateFormatter, parse(Ljava/lang/String;Ljava/text/ParsePosition;)Ljava/util/Date; >"	"bb106"	103	[("bb39", 24), ("bb67", 24), ("bb38", 24), ("bb63", 24), ("bb59", 24), ("bb48", 24), ("bb49", 24), ("bb40", 24), ("bb70", 5), ("bb64", 24), ("bb47", 5), ("bb60", 24), ("bb61", 24), ("bb51", 24), ("bb66", 24), ("bb99", 5), ("bb65", 24), ("bb58", 5), ("bb62", 24)]
"< Application, Lhedc/regexp/Literal, advance(Lhedc/regexp/State;)Lhedc/regexp/Regexp; >"	"bb16"	19	[("bb20", 11), ("bb7", 4)]
"< Application, LEDU/oswego/cs/dl/util/concurrent/CopyOnWriteArrayList, hashCode()I >"	"bb9"	16	[("bb7", 8), ("bb8", 15)]
"< Application, LEDU/oswego/cs/dl/util/concurrent/SynchronizedDouble, compareTo(D)I >"	"bb7"	11	[("bb5", 7), ("bb3", 10), ("bb6", 9)]
"< Application, LEDU/oswego/cs/dl/util/concurrent/ClockDaemon$TaskNode, compareTo(Ljava/lang/Object;)I >"	"bb10"	15	[("bb6", 14), ("bb9", 13), ("bb8", 11)]
"< Application, LEDU/oswego/cs/dl/util/concurrent/VetoableChangeMulticaster, getChild(Ljava/lang/String;)LEDU/oswego/cs/dl/util/concurrent/VetoableChangeMulticaster; >"	"bb7"	10	[("bb6", 9), ("bb3", 5)]
"< Application, Lhedc/ethz/util/Generator, getBuffer_(Ljava/lang/String;)[C >"	"bb10"	14	[("bb1", 3), ("bb7", 11)]
"< Application, Lhedc/Rag$RagIterator, next()Ljava/lang/Object; >"	"bb18"	34	[("bb9", 8), ("bb3", 4), ("bb5", 4), ("bb8", 8), ("bb14", 22), ("bb7", 8), ("bb10", 8), ("bb13", 22), ("bb16", 22), ("bb6", 8), ("bb12", 22), ("bb11", 8), ("bb4", 4), ("bb15", 22)]
"< Application, Lhedc/ethz/util/Messages, format(Ljava/lang/String;Ljava/lang/Object;Ljava/lang/Object;)Ljava/lang/String; >"	"bb13"	48	[("bb3", 8), ("bb23", 30)]
"< Application, Lhedc/DateFormatter, format(Ljava/util/Date;Ljava/lang/StringBuffer;Ljava/text/FieldPosition;)Ljava/lang/StringBuffer; >"	"bb131"	153	[("bb130", 152), ("bb129", 149)]
"< Application, Lhedc/ethz/util/Messages, format(Ljava/lang/String;Ljava/lang/Object;Ljava/lang/Object;Ljava/lang/Object;)Ljava/lang/String; >"	"bb43"	87	[("bb42", 85), ("bb35", 68)]
"< Application, LEDU/oswego/cs/dl/util/concurrent/CopyOnWriteArrayList, indexOf(Ljava/lang/Object;I)I >"	"bb12"	15	[("bb11", 3), ("bb17", 14)]
"< Application, LEDU/oswego/cs/dl/util/concurrent/CopyOnWriteArrayList, lastIndexOf(Ljava/lang/Object;I)I >"	"bb11"	14	[("bb16", 13), ("bb10", 3)]
"< Application, LEDU/oswego/cs/dl/util/concurrent/CopyOnWriteArrayList, remove(Ljava/lang/Object;)Z >"	"bb17"	32	[("bb21", 31), ("bb16", 27)]
"< Application, LEDU/oswego/cs/dl/util/concurrent/CopyOnWriteArrayList, retainAll(Ljava/util/Collection;)Z >"	"bb7"	16	[("bb12", 14), ("bb6", 6)]
"< Application, LEDU/oswego/cs/dl/util/concurrent/PropertyChangeMulticaster, addPropertyChangeListenerIfAbsent(Ljava/lang/String;Ljava/beans/PropertyChangeListener;)V >"	"bb16"	13	[("bb15", 10), ("bb11", 5)]
"< Application, Lhedc/DateFormatter, applyLocalizedPattern(Ljava/lang/String;Ljava/lang/String;Ljava/lang/String;)Ljava/lang/String; >"	"bb5"	26	[("bb18", 24), ("bb4", 10)]
"< Application, Lhedc/ethz/util/EtcUtil, getPortFromURI(Ljava/lang/String;)I >"	"bb7"	16	[("bb4", 12), ("bb2", 6), ("bb6", 12)]
"< Application, LEDU/oswego/cs/dl/util/concurrent/FJTaskRunner, coInvoke([LEDU/oswego/cs/dl/util/concurrent/FJTask;)V >"	"bb31"	53	[("bb30", 52), ("bb43", 53)]
"< Application, Lhedc/ethz/util/Messages, format(Ljava/lang/String;Ljava/lang/Object;)Ljava/lang/String; >"	"bb2"	25	[("bb12", 24), ("bb1", 1)]
"< Application, Lhedc/ethz/util/Ftp, printResponse_()V >"	"bb6"	8	[("bb3", 4), ("bb5", 7)]
"< Application, Lhedc/ethz/util/EtcUtil, getHostNameFromURI(Ljava/lang/String;)Ljava/lang/String; >"	"bb10"	21	[("bb9", 20), ("bb2", 7), ("bb7", 18)]
"< Application, LEDU/oswego/cs/dl/util/concurrent/SynchronizedChar, swap(LEDU/oswego/cs/dl/util/concurrent/SynchronizedChar;)C >"	"bb8"	9	[("bb6", 2), ("bb7", 1)]
"< Application, LEDU/oswego/cs/dl/util/concurrent/CopyOnWriteArrayList, addAll(Ljava/util/Collection;)Z >"	"bb11"	20	[("bb14", 16), ("bb10", 8)]
"< Application, Lhedc/ethz/util/Messages, format(Ljava/lang/String;Ljava/lang/Object;Ljava/lang/Object;Ljava/lang/Object;Ljava/lang/Object;)Ljava/lang/String; >"	"bb54"	109	[("bb46", 90), ("bb53", 107)]
"< Application, LEDU/oswego/cs/dl/util/concurrent/Rendezvous, doRendezvous(Ljava/lang/Object;ZJ)Ljava/lang/Object; >"	"bb46"	32	[("bb38", 30), ("bb36", 7)]
"< Application, LEDU/oswego/cs/dl/util/concurrent/CopyOnWriteArrayList, <init>(Ljava/util/Collection;)V >"	"bb7"	18	[("bb12", 15), ("bb6", 10)]
"< Application, LEDU/oswego/cs/dl/util/concurrent/Rendezvous$Rotator, rendezvousFunction([Ljava/lang/Object;)V >"	"bb4"	12	[("bb7", 11), ("bb3", 7)]
"< Application, LEDU/oswego/cs/dl/util/concurrent/PropertyChangeMulticaster, addPropertyChangeListenerIfAbsent(Ljava/lang/String;Ljava/beans/PropertyChangeListener;)V >"	"bb23"	20	[("bb16", 13), ("bb22", 14)]
"< Application, Lhedc/ethz/util/Ftp, readServerResponse_(Ljava/io/InputStream;)Ljava/util/Vector; >"	"bb9"	16	[("bb12", 15), ("bb8", 11)]
"< Application, Lhedc/ethz/util/Generator, generateStream(Ljava/io/Reader;Ljava/io/OutputStream;Ljava/util/Hashtable;)J >"	"bb29"	43	[("bb20", 33), ("bb28", 42), ("bb23", 14)]
"< Application, Lhedc/ethz/util/EtcUtil, getHostNameFromURI(Ljava/lang/String;)Ljava/lang/String; >"	"bb14"	25	[("bb13", 24), ("bb10", 3), ("bb11", 3)]
"< Application, LEDU/oswego/cs/dl/util/concurrent/VetoableChangeMulticaster, removeVetoableChangeListener(Ljava/beans/VetoableChangeListener;)V >"	"bb8"	18	[("bb7", 8), ("bb24", 17)]
"< Application, Lhedc/regexp/CharClass, process(Ljava/lang/String;)V >"	"bb30"	38	[("bb28", 35), ("bb26", 33), ("bb9", 19), ("bb7", 16), ("bb27", 34), ("bb29", 36), ("bb25", 32)]
"< Application, LEDU/oswego/cs/dl/util/concurrent/PropertyChangeMulticaster, removePropertyChangeListener(Ljava/beans/PropertyChangeListener;)V >"	"bb8"	18	[("bb7", 8), ("bb24", 17)]
"< Application, Ljavax/servlet/http/HttpServlet, doOptions(Ljavax/servlet/http/HttpServletRequest;Ljavax/servlet/http/HttpServletResponse;)V >"	"bb22"	41	[("bb21", 25), ("bb3", 9)]
"< Application, Lhedc/regexp/Alternatives, advance(Lhedc/regexp/State;)Lhedc/regexp/Regexp; >"	"bb5"	17	[("bb4", 8), ("bb13", 16)]
"< Application, Lhedc/DateFormatter, parse(Ljava/lang/String;Ljava/text/ParsePosition;)Ljava/util/Date; >"	"bb32"	146	[("bb31", 145), ("bb36", 146)]
"< Application, Lhedc/ethz/util/EtcUtil, copyFile(Ljava/io/File;Ljava/io/File;)Z >"	"bb17"	27	[("bb15", 26), ("bb16", 4)]
"< Application, Lhedc/Messages, wlevel()I >"	"bb8"	13	[("bb3", 2), ("bb7", 11)]
"< Application, Lhedc/DateFormatter, parse(Ljava/lang/String;)Ljava/util/Date; >"	"bb9"	14	[("bb8", 13), ("bb6", 11)]
"< Application, LEDU/oswego/cs/dl/util/concurrent/FJTaskRunner, scanWhileIdling()V >"	"bb8"	25	[("bb7", 64), ("bb28", 23)]
"< Application, LEDU/oswego/cs/dl/util/concurrent/CopyOnWriteArrayList, addAll(ILjava/util/Collection;)Z >"	"bb26"	26	[("bb25", 7), ("bb29", 24)]
"< Application, LEDU/oswego/cs/dl/util/concurrent/FJTaskRunnerGroup, setRunPriorities(I)V >"	"bb2"	14	[("bb11", 13), ("bb1", 4)]
"< Application, LEDU/oswego/cs/dl/util/concurrent/CopyOnWriteArrayList, isEmpty()Z >"	"bb5"	7	[("bb3", 6), ("bb4", 5)]
"< Application, Lhedc/regexp/RegexpCompiler, compileAlternative(Lhedc/regexp/CompilerState;Lhedc/regexp/Regexp;)Lhedc/regexp/Regexp; >"	"bb82"	58	[("bb81", 57), ("bb48", 8), ("bb43", 8), ("bb5", 8), ("bb11", 8)]
"< Application, Lhedc/ethz/util/Messages, wlevel()I >"	"bb4"	5	[("bb3", 3), ("bb2", 4)]
"< Application, Lhedc/ethz/util/Generator, generateThroughBuffer(Ljava/io/Reader;Ljava/io/Writer;Ljava/util/Hashtable;)J >"	"bb13"	62	[("bb12", 12), ("bb41", 60)]
"< Application, Lhedc/regexp/CharArrayState, lastIndexOf(II)I >"	"bb3"	10	[("bb2", 3), ("bb7", 9)]
"< Application, LEDU/oswego/cs/dl/util/concurrent/BoundedBuffer, poll(J)Ljava/lang/Object; >"	"bb11"	20	[("bb10", 2), ("bb21", 19)]
"< Application, LEDU/oswego/cs/dl/util/concurrent/SynchronousChannel, doTake(ZJ)Ljava/lang/Object; >"	"bb11"	16	[("bb9", 6), ("bb6", 6), ("bb10", 12)]
"< Application, Lhedc/regexp/Regexp, main([Ljava/lang/String;)V >"	"bb14"	55	[("bb13", 19), ("bb36", 51)]
"< Application, Lhedc/DateFormatter, applyLocalizedPattern(Ljava/lang/String;Ljava/lang/String;Ljava/lang/String;)Ljava/lang/String; >"	"bb11"	15	[("bb9", 14), ("bb10", 10)]
"< Application, Lhedc/DateFormatter, parse(Ljava/lang/String;Ljava/text/ParsePosition;)Ljava/util/Date; >"	"bb145"	141	[("bb29", 145), ("bb18", 145), ("bb141", 158), ("bb22", 33)]
"< Application, Lhedc/DateFormatter, format(Ljava/util/Date;Ljava/lang/StringBuffer;Ljava/text/FieldPosition;)Ljava/lang/StringBuffer; >"	"bb55"	60	[("bb51", 55), ("bb54", 59)]
"< Application, Ljavax/servlet/http/HttpServlet, doOptions(Ljavax/servlet/http/HttpServletRequest;Ljavax/servlet/http/HttpServletResponse;)V >"	"bb22"	40	[("bb21", 19), ("bb3", 9)]
"< Application, Ljavax/servlet/http/HttpServlet, doOptions(Ljavax/servlet/http/HttpServletRequest;Ljavax/servlet/http/HttpServletResponse;)V >"	"bb22"	44	[("bb21", 38), ("bb3", 9)]
"< Application, Ljavax/servlet/http/HttpServlet, doOptions(Ljavax/servlet/http/HttpServletRequest;Ljavax/servlet/http/HttpServletResponse;)V >"	"bb17"	31	[("bb16", 10), ("bb15", 42)]
"< Application, LEDU/oswego/cs/dl/util/concurrent/CopyOnWriteArrayList, addAll(Ljava/util/Collection;)Z >"	"bb11"	21	[("bb14", 19), ("bb10", 6)]
"< Application, LEDU/oswego/cs/dl/util/concurrent/SynchronizedDouble, swap(LEDU/oswego/cs/dl/util/concurrent/SynchronizedDouble;)D >"	"bb8"	8	[("bb6", 1), ("bb7", 2)]
"< Application, Lhedc/ethz/util/Estimator, estimate(D)D >"	"bb27"	29	[("bb23", 22), ("bb20", 22), ("bb26", 28), ("bb19", 22)]
"< Application, LEDU/oswego/cs/dl/util/concurrent/FJTaskRunner, scanWhileIdling()V >"	"bb8"	27	[("bb7", 4), ("bb28", 24)]
"< Application, Lhedc/MetaSearchResult$MetaSearchResultIterator, <init>(Lhedc/MetaSearchResult;)V >"	"bb16"	16	[("bb13", 7), ("bb15", 15)]
"< Application, Lhedc/ethz/util/SmartRef, equals(Ljava/lang/Object;)Z >"	"bb8"	12	[("bb1", 4), ("bb7", 11), ("bb2", 4)]
"< Application, LEDU/oswego/cs/dl/util/concurrent/FJTaskRunnerGroup, stats()V >"	"bb5"	72	[("bb34", 27), ("bb4", 10)]
"< Application, Lhedc/ethz/util/Generator, generateThroughBuffer(Ljava/lang/String;Ljava/io/Writer;Ljava/util/Hashtable;)J >"	"bb21"	25	[("bb17", 20), ("bb15", 24)]
"< Application, Lhedc/DateFormatter, expect(Ljava/lang/String;Ljava/text/ParsePosition;C)Z >"	"bb8"	14	[("bb7", 12), ("bb6", 13)]
"< Application, Lhedc/ethz/util/Generator, generate(Ljava/io/Writer;Ljava/util/Hashtable;[C)J >"	"bb35"	48	[("bb31", 22), ("bb24", 22), ("bb11", 52), ("bb27", 22)]
"< Application, LEDU/oswego/cs/dl/util/concurrent/FJTaskRunner, scanWhileIdling()V >"	"bb29"	34	[("bb27", 22), ("bb9", 25)]
"< Application, Lhedc/RandomDate, <init>(Ljava/lang/String;Ljava/lang/String;)V >"	"bb21"	23	[("bb20", 8), ("bb19", 9)]
"< Application, LEDU/oswego/cs/dl/util/concurrent/SynchronizedChar, swap(LEDU/oswego/cs/dl/util/concurrent/SynchronizedChar;)C >"	"bb8"	8	[("bb6", 1), ("bb7", 2)]
"< Application, LEDU/oswego/cs/dl/util/concurrent/PropertyChangeMulticaster, removePropertyChangeListener(Ljava/beans/PropertyChangeListener;)V >"	"bb14"	28	[("bb18", 27), ("bb13", 23)]
"< Application, LEDU/oswego/cs/dl/util/concurrent/FJTaskRunner, checkOverflow()V >"	"bb38"	25	[("bb37", 17), ("bb42", 23)]
"< Application, Lhedc/ethz/util/EstimatorFactory, sync()V >"	"bb33"	50	[("bb24", 16), ("bb30", 42), ("bb18", 16), ("bb31", 42), ("bb25", 16), ("bb19", 16), ("bb22", 16), ("bb15", 16), ("bb27", 42), ("bb16", 16), ("bb21", 16), ("bb20", 16), ("bb29", 42), ("bb23", 16)]
"< Application, LEDU/oswego/cs/dl/util/concurrent/SynchronizedLong, commit(JJ)Z >"	"bb7"	10	[("bb5", 9), ("bb6", 8)]
"< Application, LEDU/oswego/cs/dl/util/concurrent/FJTaskRunner, scanWhileIdling()V >"	"bb8"	68	[("bb7", 65), ("bb28", 68)]
"< Application, Lhedc/DateFormatter, format(Ljava/util/Date;Ljava/lang/StringBuffer;Ljava/text/FieldPosition;)Ljava/lang/StringBuffer; >"	"bb21"	173	[("bb20", 14), ("bb19", 184)]
"< Application, Lhedc/ethz/util/ObservableProperties, putValue(Ljava/lang/String;Ljava/lang/String;)Z >"	"bb17"	30	[("bb16", 29), ("bb15", 5)]
"< Application, LEDU/oswego/cs/dl/util/concurrent/FJTaskRunnerGroup, stats()V >"	"bb62"	124	[("bb59", 10), ("bb61", 123)]
"< Application, LEDU/oswego/cs/dl/util/concurrent/WriterPreferenceReadWriteLock$WriterLock, acquire()V >"	"bb21"	19	[("bb9", 6), ("bb20", 14)]
"< Application, Lhedc/ethz/util/EtcUtil, copyFile(Ljava/io/File;Ljava/io/File;)Z >"	"bb18"	29	[("bb3", 5), ("bb17", 19), ("bb5", 5), ("bb2", 5)]
"< Application, Lhedc/regexp/Regexp, main([Ljava/lang/String;)V >"	"bb63"	135	[("bb67", 134), ("bb62", 4)]
"< Application, LEDU/oswego/cs/dl/util/concurrent/SynchronizedBoolean, compareTo(Z)I >"	"bb7"	9	[("bb5", 8), ("bb6", 7), ("bb3", 6)]
"< Application, Lhedc/ethz/util/RmiLogger, log(Ljava/lang/String;Ljava/util/Hashtable;Ljava/lang/String;Ljava/lang/String;Ljava/lang/String;Ljava/lang/Object;J)V >"	"bb108"	187	[("bb106", 42), ("bb107", 6)]
"< Application, Lhedc/ethz/util/Messages, format(Ljava/lang/String;Ljava/lang/Object;Ljava/lang/Object;Ljava/lang/Object;Ljava/lang/Object;)Ljava/lang/String; >"	"bb13"	50	[("bb3", 10), ("bb23", 32)]
"< Application, LEDU/oswego/cs/dl/util/concurrent/SynchronizedLong, swap(LEDU/oswego/cs/dl/util/concurrent/SynchronizedLong;)J >"	"bb6"	8	[("bb4", 1), ("bb5", 2)]
"< Application, Lhedc/DateFormatter, format(Ljava/util/Date;Ljava/lang/StringBuffer;Ljava/text/FieldPosition;)Ljava/lang/StringBuffer; >"	"bb83"	93	[("bb81", 92), ("bb82", 90)]
"< Application, LEDU/oswego/cs/dl/util/concurrent/FJTaskRunner$VolatileTaskRef, newArray(I)[LEDU/oswego/cs/dl/util/concurrent/FJTaskRunner$VolatileTaskRef; >"	"bb3"	9	[("bb7", 8), ("bb2", 4)]
"< Application, LEDU/oswego/cs/dl/util/concurrent/PropertyChangeMulticaster, writeObject(Ljava/io/ObjectOutputStream;)V >"	"bb3"	18	[("bb14", 17), ("bb2", 5)]
"< Application, Lhedc/regexp/Regexp, match(Lhedc/regexp/State;)Z >"	"bb3"	9	[("bb2", 1), ("bb7", 6)]
"< Application, Lhedc/regexp/ContextMatch, toStringThis()Ljava/lang/String; >"	"bb20"	29	[("bb18", 28), ("bb19", 15)]
"< Application, Lhedc/regexp/Alternatives, toStringThis()Ljava/lang/String; >"	"bb6"	22	[("bb5", 8), ("bb14", 21)]
"< Application, LEDU/oswego/cs/dl/util/concurrent/SynchronizedBoolean, commit(ZZ)Z >"	"bb7"	9	[("bb5", 8), ("bb6", 7)]
"< Application, LEDU/oswego/cs/dl/util/concurrent/FJTaskRunner, scan(LEDU/oswego/cs/dl/util/concurrent/FJTask;)V >"	"bb35"	39	[("bb28", 24), ("bb8", 33), ("bb18", 33), ("bb25", 24)]
"< Application, Ljavax/servlet/ServletOutputStream, print(Ljava/lang/String;)V >"	"bb18"	17	[("bb4", 9), ("bb17", 16)]
"< Application, LEDU/oswego/cs/dl/util/concurrent/CopyOnWriteArrayList, indexOf(Ljava/lang/Object;I)I >"	"bb5"	18	[("bb4", 3), ("bb9", 17)]
"< Application, Lhedc/ethz/util/RmiLogger, log(Ljava/lang/String;Ljava/util/Hashtable;Ljava/lang/String;Ljava/lang/String;Ljava/lang/String;Ljava/lang/Object;J)V >"	"bb24"	52	[("bb22", 42), ("bb23", 4)]
"< Application, Lhedc/ethz/util/Generator, generateThroughBuffer(Ljava/io/Reader;Ljava/io/Writer;Ljava/util/Hashtable;)J >"	"bb37"	52	[("bb36", 12), ("bb40", 50)]
"< Application, Lhedc/RandomDate, nextString()Ljava/lang/String; >"	"bb5"	12	[("bb3", 7), ("bb4", 3)]
"< Application, LEDU/oswego/cs/dl/util/concurrent/PrioritySemaphore$PriorityWaitQueue, <init>()V >"	"bb6"	15	[("bb5", 7), ("bb13", 14)]
"< Application, LEDU/oswego/cs/dl/util/concurrent/BoundedBuffer, offer(Ljava/lang/Object;J)Z >"	"bb15"	14	[("bb13", 10), ("bb14", 13)]
"< Application, Lhedc/ethz/util/Generator, generate(Ljava/io/Writer;Ljava/util/Hashtable;[C)J >"	"bb13"	54	[("bb19", 54), ("bb12", 51)]
"< Application, LEDU/oswego/cs/dl/util/concurrent/CopyOnWriteArrayList, lastIndexOf(Ljava/lang/Object;[Ljava/lang/Object;I)I >"	"bb10"	14	[("bb15", 13), ("bb9", 7)]
"< Application, LEDU/oswego/cs/dl/util/concurrent/FJTaskRunner, coInvoke([LEDU/oswego/cs/dl/util/concurrent/FJTask;)V >"	"bb28"	52	[("bb44", 51), ("bb27", 8)]
"< Application, Lhedc/ethz/util/SmartRef, getLocalHostname_()Ljava/lang/String; >"	"bb5"	12	[("bb4", 3), ("bb3", 10)]
"< Application, LEDU/oswego/cs/dl/util/concurrent/VetoableChangeMulticaster, multicast(Ljava/beans/PropertyChangeEvent;)V >"	"bb37"	45	[("bb36", 18), ("bb42", 44)]
"< Application, Ljavax/servlet/jsp/tagext/TagInfo, toString()Ljava/lang/String; >"	"bb42"	75	[("bb41", 74), ("bb32", 57)]
"< Application, Lhedc/FormFiller, determineForm_()Ljava/lang/String; >"	"bb8"	11	[("bb4", 10), ("bb7", 9)]
"< Application, LEDU/oswego/cs/dl/util/concurrent/LinkedQueue, poll(J)Ljava/lang/Object; >"	"bb14"	15	[("bb12", 11), ("bb13", 14)]
"< Application, Ljavax/servlet/http/HttpServlet, getAllDeclaredMethods(Ljava/lang/Class;)[Ljava/lang/reflect/Method; >"	"bb22"	33	[("bb18", 27), ("bb21", 32)]
"< Application, LEDU/oswego/cs/dl/util/concurrent/SynchronizedShort, equals(Ljava/lang/Object;)Z >"	"bb9"	13	[("bb7", 12), ("bb8", 6)]
"< Application, Lhedc/ethz/util/SmartRef, extractPortNo_(Ljava/lang/String;)I >"	"bb9"	17	[("bb6", 3), ("bb8", 16)]
"< Application, Lhedc/ethz/util/EtcUtil, makeURLish(Ljava/lang/String;)Ljava/lang/String; >"	"bb5"	29	[("bb20", 28), ("bb4", 7)]
"< Application, Lhedc/DateFormatter, format(Ljava/util/Date;Ljava/lang/StringBuffer;Ljava/text/FieldPosition;)Ljava/lang/StringBuffer; >"	"bb30"	186	[("bb29", 184), ("bb34", 186)]
"< Application, Lhedc/regexp/CharClass, process(Ljava/lang/String;)V >"	"bb13"	22	[("bb12", 12), ("bb11", 4)]
"< Application, LEDU/oswego/cs/dl/util/concurrent/WriterPreferenceReadWriteLock, allowReader()Z >"	"bb7"	10	[("bb6", 8), ("bb5", 9)]
"< Application, LEDU/oswego/cs/dl/util/concurrent/QueuedSemaphore, recheck(LEDU/oswego/cs/dl/util/concurrent/QueuedSemaphore$WaitQueue$WaitNode;)Z >"	"bb5"	9	[("bb4", 7), ("bb3", 8)]
"< Application, Lhedc/ethz/util/Generator, generateStream(Ljava/io/Reader;Ljava/io/Writer;Ljava/util/Hashtable;)J >"	"bb28"	41	[("bb27", 40), ("bb20", 33), ("bb23", 14)]
"< Application, LEDU/oswego/cs/dl/util/concurrent/CopyOnWriteArrayList, removeAll(Ljava/util/Collection;)Z >"	"bb7"	15	[("bb6", 6), ("bb12", 13)]
"< Application, Lhedc/regexp/ContextMatch, advance(Lhedc/regexp/State;)Lhedc/regexp/Regexp; >"	"bb35"	29	[("bb34", 7), ("bb33", 11)]
"< Application, Lhedc/SohoSynoptic, runImpl()V >"	"bb28"	56	[("bb27", 44), ("bb38", 51)]
"< Application, LEDU/oswego/cs/dl/util/concurrent/PooledExecutor, drain()Ljava/util/List; >"	"bb4"	15	[("bb9", 15), ("bb10", 13), ("bb3", 3)]
"< Application, LEDU/oswego/cs/dl/util/concurrent/FJTaskRunnerGroup, stats()V >"	"bb5"	73	[("bb34", 69), ("bb4", 14)]
"< Application, Lhedc/ethz/util/Estimator, <init>(Ljava/lang/String;DD)V >"	"bb15"	16	[("bb18", 15), ("bb14", 10)]
"< Application, LEDU/oswego/cs/dl/util/concurrent/CopyOnWriteArrayList, indexOf(Ljava/lang/Object;[Ljava/lang/Object;I)I >"	"bb10"	12	[("bb9", 6), ("bb15", 11)]
"< Application, LEDU/oswego/cs/dl/util/concurrent/FJTaskRunnerGroup, stats()V >"	"bb5"	71	[("bb34", 24), ("bb4", 10)]
"< Application, Lhedc/DateFormatter, parse(Ljava/lang/String;Ljava/text/ParsePosition;)Ljava/util/Date; >"	"bb79"	56	[("bb78", 24), ("bb85", 55)]
"< Application, Lhedc/ethz/util/BaseProperties, getIntegerArray(Ljava/lang/String;[I)[I >"	"bb15"	24	[("bb14", 13), ("bb22", 22)]
"< Application, Lhedc/ethz/util/Messages, format(Ljava/lang/String;Ljava/lang/Object;Ljava/lang/Object;Ljava/lang/Object;Ljava/lang/Object;)Ljava/lang/String; >"	"bb35"	90	[("bb25", 69), ("bb45", 89)]
"< Application, Lhedc/DateFormatter, parse(Ljava/lang/String;Ljava/text/ParsePosition;)Ljava/util/Date; >"	"bb123"	129	[("bb129", 128), ("bb122", 105)]
"< Application, Lhedc/regexp/Regexp, main([Ljava/lang/String;)V >"	"bb36"	49	[("bb35", 53), ("bb28", 53), ("bb24", 53), ("bb20", 19)]
"< Application, LEDU/oswego/cs/dl/util/concurrent/FJTaskRunnerGroup, checkActive(LEDU/oswego/cs/dl/util/concurrent/FJTaskRunner;J)V >"	"bb15"	20	[("bb13", 19), ("bb14", 7)]
"< Application, Lhedc/regexp/GroupReference, advance(Lhedc/regexp/State;)Lhedc/regexp/Regexp; >"	"bb11"	24	[("bb14", 16), ("bb10", 10)]
"< Application, Lhedc/ethz/util/Estimator, estimate(D)D >"	"bb28"	38	[("bb7", 37), ("bb11", 33), ("bb9", 33)]
"< Application, Lhedc/MetaSearchRequest, printResults()Ljava/lang/String; >"	"bb21"	31	[("bb19", 30), ("bb20", 5)]
"< Application, Lhedc/PooledExecutorWithInvalidate, createThreads(I)I >"	"bb2"	15	[("bb1", 4), ("bb16", 11)]
"< Application, LEDU/oswego/cs/dl/util/concurrent/Mutex, attempt(J)Z >"	"bb17"	19	[("bb24", 17), ("bb16", 2)]
"< Application, LEDU/oswego/cs/dl/util/concurrent/VetoableChangeMulticaster, addVetoableChangeListenerIfAbsent(Ljava/lang/String;Ljava/beans/VetoableChangeListener;)V >"	"bb23"	20	[("bb22", 14), ("bb16", 13)]
"< Application, LEDU/oswego/cs/dl/util/concurrent/PooledExecutor, createThreads(I)I >"	"bb2"	16	[("bb1", 4), ("bb16", 14)]
"< Application, Lhedc/MetaSearchImpl, writeResults_(Ljava/util/List;Ljava/io/Writer;)J >"	"bb7"	42	[("bb6", 8), ("bb27", 41)]
"< Application, Lhedc/Messages, formatArray([Ljava/lang/Object;)Ljava/lang/String; >"	"bb24"	37	[("bb1", 3), ("bb23", 36)]
"< Application, Ljavax/servlet/http/HttpServlet, doOptions(Ljavax/servlet/http/HttpServletRequest;Ljavax/servlet/http/HttpServletResponse;)V >"	"bb13"	25	[("bb11", 41), ("bb12", 10)]
"< Application, Lhedc/regexp/Literal, advance(Lhedc/regexp/State;)Lhedc/regexp/Regexp; >"	"bb8"	34	[("bb7", 4), ("bb14", 23)]
"< Application, Ljavax/servlet/http/Cookie, isToken(Ljava/lang/String;)Z >"	"bb10"	17	[("bb9", 16), ("bb2", 6)]
"< Application, LEDU/oswego/cs/dl/util/concurrent/FJTaskRunnerGroup, stats()V >"	"bb5"	70	[("bb34", 21), ("bb4", 10)]
"< Application, Ljavax/servlet/http/HttpServlet, doOptions(Ljavax/servlet/http/HttpServletRequest;Ljavax/servlet/http/HttpServletResponse;)V >"	"bb22"	42	[("bb21", 31), ("bb3", 9)]
"< Application, Lhedc/ethz/util/ObservableProperties, unregisterObserver(Lhedc/ethz/util/PropertyMonitoring;)Z >"	"bb2"	11	[("bb11", 10), ("bb1", 4)]
"< Application, Lhedc/ethz/util/SmartRef, getInputStream()Ljava/io/InputStream; >"	"bb16"	21	[("bb15", 3), ("bb12", 19)]
"< Application, Lhedc/Rag, createResults_()V >"	"bb15"	51	[("bb14", 26), ("bb28", 36)]
"< Application, LEDU/oswego/cs/dl/util/concurrent/CountDown, attempt(J)Z >"	"bb16"	19	[("bb15", 2), ("bb22", 17)]
"< Application, LEDU/oswego/cs/dl/util/concurrent/FJTaskRunner, put(LEDU/oswego/cs/dl/util/concurrent/FJTask;)V >"	"bb20"	27	[("bb19", 26), ("bb16", 23)]
"< Application, Lhedc/ethz/util/Generator, generateThroughBuffer(Ljava/io/Reader;Ljava/io/Writer;Ljava/util/Hashtable;)J >"	"bb20"	64	[("bb19", 61), ("bb25", 64)]
"< Application, Lhedc/ethz/util/BufferedCopy, copy()J >"	"bb5"	18	[("bb4", 3), ("bb12", 17)]
"< Application, LEDU/oswego/cs/dl/util/concurrent/CopyOnWriteArrayList, removeAll(Ljava/util/Collection;)Z >"	"bb12"	13	[("bb10", 15), ("bb11", 12)]
"< Application, LEDU/oswego/cs/dl/util/concurrent/BoundedBuffer, offer(Ljava/lang/Object;J)Z >"	"bb16"	23	[("bb28", 22), ("bb15", 3)]
"< Application, Lhedc/regexp/ContextMatch, advance(Lhedc/regexp/State;)Lhedc/regexp/Regexp; >"	"bb21"	17	[("bb19", 11), ("bb20", 7)]
"< Application, Lhedc/DateFormatter, parse(Ljava/lang/String;Ljava/text/ParsePosition;)Ljava/util/Date; >"	"bb32"	38	[("bb31", 144), ("bb36", 34)]
"< Application, Lhedc/ethz/util/Generator, generateThroughBuffer(Ljava/io/Reader;Ljava/io/Writer;Ljava/util/Hashtable;)J >"	"bb37"	51	[("bb36", 64), ("bb40", 47)]
"< Application, Lhedc/regexp/Literal, advance(Lhedc/regexp/State;)Lhedc/regexp/Regexp; >"	"bb22"	38	[("bb8", 35), ("bb16", 20)]
"< Application, LEDU/oswego/cs/dl/util/concurrent/SynchronizedShort, swap(LEDU/oswego/cs/dl/util/concurrent/SynchronizedShort;)S >"	"bb8"	9	[("bb7", 1), ("bb6", 2)]
"< Application, Lhedc/ethz/util/Estimator, main([Ljava/lang/String;)V >"	"bb16"	36	[("bb15", 8), ("bb19", 35)]
"< Application, Lhedc/regexp/CharClass, toStringThis()Ljava/lang/String; >"	"bb12"	19	[("bb16", 18), ("bb11", 15)]
"< Application, LEDU/oswego/cs/dl/util/concurrent/QueuedSemaphore, release(J)V >"	"bb6"	11	[("bb8", 10), ("bb5", 4)]
"< Application, Lhedc/regexp/CharClass, toStringThis()Ljava/lang/String; >"	"bb8"	36	[("bb7", 7), ("bb27", 35)]
"< Application, LEDU/oswego/cs/dl/util/concurrent/CondVar, timedwait(J)Z >"	"bb25"	37	[("bb28", 20), ("bb24", 6)]
"< Application, Ljavax/servlet/http/HttpUtils, parsePostData(ILjavax/servlet/ServletInputStream;)Ljava/util/Hashtable; >"	"bb11"	12	[("bb10", 4), ("bb17", 10)]
"< Application, LEDU/oswego/cs/dl/util/concurrent/VetoableChangeMulticaster, multicast(Ljava/beans/PropertyChangeEvent;)V >"	"bb17"	24	[("bb16", 18), ("bb21", 23)]
"< Application, Lhedc/ethz/util/BufferedCopy, copy()J >"	"bb13"	20	[("bb4", 3), ("bb8", 18), ("bb2", 3)]
"< Application, Lhedc/ethz/util/Generator, generateThroughBuffer(Ljava/io/Reader;Ljava/io/Writer;Ljava/util/Hashtable;)J >"	"bb6"	18	[("bb9", 17), ("bb5", 12)]
"< Application, Lhedc/ethz/util/Generator, generateThroughBuffer(Ljava/lang/String;Ljava/io/Writer;Ljava/util/Hashtable;)J >"	"bb32"	45	[("bb31", 12), ("bb35", 43)]
"< Application, LEDU/oswego/cs/dl/util/concurrent/SynchronousChannel, doTake(ZJ)Ljava/lang/Object; >"	"bb22"	28	[("bb18", 23), ("bb15", 6)]
"< Application, LEDU/oswego/cs/dl/util/concurrent/FJTask$Seq, run()V >"	"bb2"	11	[("bb8", 10), ("bb1", 3)]
"< Application, Lhedc/regexp/CompilerState, toString()Ljava/lang/String; >"	"bb7"	10	[("bb6", 8), ("bb3", 9)]
"< Application, LEDU/oswego/cs/dl/util/concurrent/CopyOnWriteArrayList, addAllAbsent(Ljava/util/Collection;)I >"	"bb17"	22	[("bb13", 23), ("bb15", 23), ("bb16", 21)]
"< Application, Lhedc/DateFormatter, format(Ljava/util/Date;Ljava/lang/StringBuffer;Ljava/text/FieldPosition;)Ljava/lang/StringBuffer; >"	"bb8"	183	[("bb7", 14), ("bb145", 180)]
"< Application, LEDU/oswego/cs/dl/util/concurrent/FJTaskRunner, scanWhileIdling()V >"	"bb58"	62	[("bb45", 68), ("bb57", 68), ("bb56", 15), ("bb51", 68), ("bb29", 68)]
"< Application, LEDU/oswego/cs/dl/util/concurrent/CopyOnWriteArrayList, indexOf(Ljava/lang/Object;[Ljava/lang/Object;I)I >"	"bb3"	15	[("bb2", 6), ("bb7", 14)]
"< Application, Lhedc/ethz/util/Messages, wlevel()I >"	"bb13"	18	[("bb12", 5), ("bb11", 16), ("bb4", 5)]
"< Application, Lhedc/ethz/util/Generator, generateThroughBuffer(Ljava/io/Reader;Ljava/io/Writer;Ljava/util/Hashtable;)J >"	"bb20"	31	[("bb19", 62), ("bb25", 27)]
"< Application, LEDU/oswego/cs/dl/util/concurrent/TimeDaemon, executePeriodically(JLjava/lang/Runnable;Z)Ljava/lang/Object; >"	"bb8"	12	[("bb6", 10), ("bb7", 11)]
"< Application, Lhedc/ethz/util/ObservableProperties, putValue(Ljava/lang/String;Ljava/lang/String;)Z >"	"bb22"	58	[("bb40", 56), ("bb21", 5)]
"< Application, Lhedc/SohoSynoptic, determineAttributes_(Ljava/util/Hashtable;Ljava/lang/String;)V >"	"bb45"	93	[("bb41", 92), ("bb44", 87), ("bb43", 80)]
"< Application, LEDU/oswego/cs/dl/util/concurrent/SynchronizedByte, commit(BB)Z >"	"bb7"	9	[("bb6", 7), ("bb5", 8)]
"< Application, Lhedc/ethz/util/HttpLogger, log(Ljavax/servlet/http/HttpServletRequest;Ljavax/servlet/http/HttpServletResponse;JIJ)V >"	"bb126"	224	[("bb125", 212), ("bb124", 223)]
"< Application, Ljavax/servlet/jsp/tagext/TagSupport, findAncestorWithClass(Ljavax/servlet/jsp/tagext/Tag;Ljava/lang/Class;)Ljavax/servlet/jsp/tagext/Tag; >"	"bb12"	16	[("bb22", 16), ("bb8", 4), ("bb10", 15)]
"< Application, LEDU/oswego/cs/dl/util/concurrent/BoundedLinkedQueue, isEmpty()Z >"	"bb8"	9	[("bb7", 7), ("bb6", 8)]
"< Application, Lhedc/ethz/util/Messages, format(Ljava/lang/String;Ljava/lang/Object;Ljava/lang/Object;Ljava/lang/Object;Ljava/lang/Object;)Ljava/lang/String; >"	"bb24"	71	[("bb34", 53), ("bb14", 32)]
"< Application, Lhedc/regexp/RegexpCompiler, compileAlternative(Lhedc/regexp/CompilerState;Lhedc/regexp/Regexp;)Lhedc/regexp/Regexp; >"	"bb81"	57	[("bb65", 56), ("bb62", 53), ("bb56", 42), ("bb63", 54), ("bb64", 55)]
"< Application, Lhedc/ethz/util/Messages, format(Ljava/lang/String;Ljava/lang/Object;Ljava/lang/Object;Ljava/lang/Object;)Ljava/lang/String; >"	"bb13"	49	[("bb3", 9), ("bb23", 31)]
"< Application, LEDU/oswego/cs/dl/util/concurrent/BoundedLinkedQueue, poll(J)Ljava/lang/Object; >"	"bb14"	15	[("bb12", 11), ("bb13", 14)]
"< Application, Lhedc/ethz/util/SmartRef, isLocal()Z >"	"bb9"	12	[("bb2", 3), ("bb8", 8)]
"< Application, LEDU/oswego/cs/dl/util/concurrent/FutureResult, timedGet(J)Ljava/lang/Object; >"	"bb12"	19	[("bb18", 17), ("bb8", 2)]
"< Application, Lhedc/DateFormatter, format(Ljava/util/Date;Ljava/lang/StringBuffer;Ljava/text/FieldPosition;)Ljava/lang/StringBuffer; >"	"bb120"	148	[("bb119", 15), ("bb133", 147)]
"< Application, Ljavax/servlet/http/HttpServlet, doOptions(Ljavax/servlet/http/HttpServletRequest;Ljavax/servlet/http/HttpServletResponse;)V >"	"bb45"	69	[("bb38", 68), ("bb44", 67), ("bb36", 58)]
"< Application, Ljavax/servlet/http/HttpServlet, getAllDeclaredMethods(Ljava/lang/Class;)[Ljava/lang/reflect/Method; >"	"bb16"	26	[("bb12", 9), ("bb15", 25)]
"< Application, Lhedc/ethz/util/Generator, generate(Ljava/io/Writer;Ljava/util/Hashtable;[C)J >"	"bb5"	52	[("bb4", 10), ("bb35", 50)]
"< Application, Lhedc/ethz/util/SmartRef, extractPortNo_(Ljava/lang/String;)I >"	"bb19"	31	[("bb18", 3), ("bb1", 3), ("bb17", 28)]
"< Application, LEDU/oswego/cs/dl/util/concurrent/FJTaskRunner, checkOverflow()V >"	"bb38"	24	[("bb37", 4), ("bb42", 19)]
"< Application, Lhedc/ethz/util/Estimator, main([Ljava/lang/String;)V >"	"bb4"	26	[("bb3", 8), ("bb12", 25)]
"< Application, Lhedc/regexp/Literal, advance(Lhedc/regexp/State;)Lhedc/regexp/Regexp; >"	"bb8"	36	[("bb7", 8), ("bb14", 26)]
"< Application, Lhedc/ethz/util/EtcUtil, copyFile(Ljava/io/File;Ljava/io/File;)Z >"	"bb19"	23	[("bb13", 19), ("bb9", 5), ("bb11", 5), ("bb1", 5), ("bb4", 5), ("bb12", 5), ("bb7", 5)]
"< Application, LEDU/oswego/cs/dl/util/concurrent/Heap, extract()Ljava/lang/Object; >"	"bb27"	25	[("bb26", 17), ("bb25", 14)]
"< Application, LEDU/oswego/cs/dl/util/concurrent/WriterPreferenceReadWriteLock, startWrite()Z >"	"bb7"	10	[("bb6", 8), ("bb5", 9)]
"< Application, LEDU/oswego/cs/dl/util/concurrent/VetoableChangeMulticaster, addVetoableChangeListener(Ljava/lang/String;Ljava/beans/VetoableChangeListener;)V >"	"bb23"	20	[("bb16", 13), ("bb22", 14)]
"< Application, LEDU/oswego/cs/dl/util/concurrent/PooledExecutor, createThreads(I)I >"	"bb2"	15	[("bb1", 4), ("bb16", 11)]
"< Application, LEDU/oswego/cs/dl/util/concurrent/CopyOnWriteArrayList, retainAll(Ljava/util/Collection;)Z >"	"bb12"	13	[("bb10", 15), ("bb11", 12)]
"< Application, Lhedc/DateFormatter, format(Ljava/util/Date;Ljava/lang/StringBuffer;Ljava/text/FieldPosition;)Ljava/lang/StringBuffer; >"	"bb75"	86	[("bb74", 85), ("bb71", 81)]
"< Application, Lhedc/MetaSearchImpl, search(Ljava/util/Hashtable;Lhedc/MetaSearchRequest;)Ljava/util/List; >"	"bb9"	23	[("bb8", 10), ("bb7", 21)]
"< Application, Lhedc/regexp/Literal, advance(Lhedc/regexp/State;)Lhedc/regexp/Regexp; >"	"bb16"	21	[("bb20", 14), ("bb7", 8)]
"< Application, LEDU/oswego/cs/dl/util/concurrent/SynchronizedBoolean, swap(LEDU/oswego/cs/dl/util/concurrent/SynchronizedBoolean;)Z >"	"bb8"	8	[("bb6", 1), ("bb7", 2)]
"< Application, Lhedc/Messages, dlevel()I >"	"bb8"	13	[("bb7", 11), ("bb3", 2)]
"< Application, Lhedc/regexp/Group, firstCharacter()I >"	"bb7"	9	[("bb5", 8), ("bb6", 5)]
"< Application, Lhedc/RandomDate, main([Ljava/lang/String;)V >"	"bb4"	15	[("bb7", 14), ("bb3", 7)]
"< Application, LEDU/oswego/cs/dl/util/concurrent/FutureResult, timedGet(J)Ljava/lang/Object; >"	"bb4"	9	[("bb2", 4), ("bb3", 8)]
"< Application, Lhedc/regexp/ContextMatch, advance(Lhedc/regexp/State;)Lhedc/regexp/Regexp; >"	"bb28"	25	[("bb26", 11), ("bb27", 7)]
"< Application, Lhedc/regexp/Regexp, main([Ljava/lang/String;)V >"	"bb14"	54	[("bb13", 4), ("bb36", 50)]
"< Application, Lhedc/ethz/util/Generator, generateThroughBuffer(Ljava/lang/String;Ljava/io/Writer;Ljava/util/Hashtable;)J >"	"bb32"	44	[("bb31", 57), ("bb35", 40)]
"< Application, Lhedc/TaskFactory, makeTasks(Ljava/util/Hashtable;Ljava/util/Date;Lhedc/MetaSearchRequest;)Ljava/util/List; >"	"bb4"	27	[("bb3", 8), ("bb17", 26)]
"< Application, Lhedc/ethz/util/Ftp, nlst(Ljava/lang/String;)Ljava/util/Enumeration; >"	"bb66"	83	[("bb64", 60), ("bb65", 82)]
"< Application, LEDU/oswego/cs/dl/util/concurrent/FJTaskRunnerGroup, setScanPriorities(I)V >"	"bb2"	14	[("bb11", 13), ("bb1", 4)]
"< Application, Lhedc/ethz/util/Estimator, main([Ljava/lang/String;)V >"	"bb16"	40	[("bb15", 39), ("bb19", 40)]
"< Application, Lhedc/RandomDate, format(Ljava/util/Date;)Ljava/lang/String; >"	"bb4"	6	[("bb2", 5), ("bb3", 4)]
"< Application, Lhedc/regexp/Literal, <clinit>()V >"	"bb3"	9	[("bb2", 4), ("bb5", 8)]
"< Application, LEDU/oswego/cs/dl/util/concurrent/SynchronizedInt, swap(LEDU/oswego/cs/dl/util/concurrent/SynchronizedInt;)I >"	"bb8"	9	[("bb6", 2), ("bb7", 1)]
"< Application, Lhedc/regexp/CharClass, addChars(II)V >"	"bb3"	5	[("bb1", 2), ("bb2", 3), ("bb5", 8)]
"< Application, LEDU/oswego/cs/dl/util/concurrent/CopyOnWriteArrayList, toString()Ljava/lang/String; >"	"bb7"	25	[("bb6", 14), ("bb14", 24)]
"< Application, LEDU/oswego/cs/dl/util/concurrent/FJTaskRunner, scanWhileIdling()V >"	"bb7"	64	[("bb6", 3), ("bb58", 61)]
"< Application, LEDU/oswego/cs/dl/util/concurrent/CondVar, await()V >"	"bb27"	17	[("bb26", 5), ("bb30", 16)]
"< Application, Lhedc/regexp/CharClass, toStringThis()Ljava/lang/String; >"	"bb12"	37	[("bb16", 37), ("bb11", 36)]
"< Application, Lhedc/ethz/util/EtcUtil, getFileFromURI(Ljava/lang/String;)Ljava/lang/String; >"	"bb9"	20	[("bb7", 19), ("bb8", 3)]
"< Application, Lhedc/ethz/util/HttpLogger, log(Ljavax/servlet/http/HttpServletRequest;Ljavax/servlet/http/HttpServletResponse;JIJ)V >"	"bb77"	138	[("bb76", 129), ("bb71", 137)]
"< Application, Lhedc/FormFiller, internalize(Ljava/lang/String;)[C >"	"bb6"	9	[("bb5", 7), ("bb4", 8)]
"< Application, Lhedc/ethz/util/Generator, generateThroughBuffer(Ljava/io/Reader;Ljava/io/Writer;Ljava/util/Hashtable;)J >"	"bb26"	32	[("bb20", 31), ("bb22", 27)]
"< Application, Lhedc/ethz/util/CopyStream, copyStreamIntoBuffer(Ljava/io/InputStream;I)Ljava/lang/StringBuffer; >"	"bb4"	14	[("bb3", 4), ("bb8", 13)]
"< Application, LEDU/oswego/cs/dl/util/concurrent/SynchronizedRef, swap(LEDU/oswego/cs/dl/util/concurrent/SynchronizedRef;)Ljava/lang/Object; >"	"bb8"	8	[("bb7", 2), ("bb6", 1)]
"< Application, Ljavax/servlet/http/HttpServlet, doOptions(Ljavax/servlet/http/HttpServletRequest;Ljavax/servlet/http/HttpServletResponse;)V >"	"bb22"	39	[("bb21", 18), ("bb3", 9)]
"< Application, Lhedc/MetaSearchImpl, search(Ljava/util/Hashtable;Lhedc/MetaSearchRequest;)Ljava/util/List; >"	"bb46"	70	[("bb41", 43), ("bb20", 5)]
"< Application, Lhedc/DateFormatter, applyLocalizedPattern(Ljava/lang/String;Ljava/lang/String;Ljava/lang/String;)Ljava/lang/String; >"	"bb17"	21	[("bb14", 12), ("bb12", 12), ("bb16", 20)]
"< Application, Lhedc/ethz/util/BaseProperties, getURL(Ljava/lang/String;Ljava/net/URL;)Ljava/net/URL; >"	"bb15"	24	[("bb13", 16), ("bb6", 3), ("bb9", 3), ("bb3", 3), ("bb12", 3)]
"< Application, Lhedc/DateFormatter, parse(Ljava/lang/String;Ljava/text/ParsePosition;)Ljava/util/Date; >"	"bb6"	145	[("bb5", 11), ("bb145", 141)]
"< Application, Lhedc/ethz/util/Messages, format(Ljava/lang/String;Ljava/lang/Object;Ljava/lang/Object;Ljava/lang/Object;Ljava/lang/Object;)Ljava/lang/String; >"	"bb13"	48	[("bb3", 28), ("bb23", 47)]
"< Application, LEDU/oswego/cs/dl/util/concurrent/Latch, attempt(J)Z >"	"bb16"	19	[("bb22", 17), ("bb15", 2)]
"< Application, Lhedc/ethz/util/Generator, generateStream(Ljava/io/Reader;Ljava/io/OutputStream;Ljava/util/Hashtable;)J >"	"bb2"	14	[("bb1", 5), ("bb7", 13), ("bb29", 43)]
"< Application, Lhedc/DateFormatter, parse(Ljava/lang/String;Ljava/text/ParsePosition;)Ljava/util/Date; >"	"bb32"	147	[("bb31", 144), ("bb36", 147)]
"< Application, Lhedc/SohoSynoptic, determineAttributes_(Ljava/util/Hashtable;Ljava/lang/String;)V >"	"bb9"	23	[("bb7", 22), ("bb8", 21)]
"< Application, Lhedc/ethz/util/Generator, generateThroughBuffer(Ljava/lang/String;Ljava/io/Writer;Ljava/util/Hashtable;)J >"	"bb36"	51	[("bb28", 25), ("bb32", 25), ("bb12", 55), ("bb25", 25)]
"< Application, LEDU/oswego/cs/dl/util/concurrent/SynchronizedInt, compareTo(I)I >"	"bb7"	9	[("bb3", 8), ("bb5", 7), ("bb6", 6)]
"< Application, Ljavax/servlet/jsp/tagext/TagAttributeInfo, getIdAttribute([Ljavax/servlet/jsp/tagext/TagAttributeInfo;)Ljavax/servlet/jsp/tagext/TagAttributeInfo; >"	"bb9"	13	[("bb8", 12), ("bb1", 3)]
"< Application, LEDU/oswego/cs/dl/util/concurrent/FJTaskRunner, scanWhileIdling()V >"	"bb14"	18	[("bb12", 16), ("bb13", 4)]
"< Application, Lhedc/FormFiller, internalize(Ljava/lang/String;)[C >"	"bb43"	58	[("bb41", 36), ("bb14", 11), ("bb42", 36), ("bb27", 19)]
"< Application, Lhedc/DateFormatter, format(Ljava/util/Date;Ljava/lang/StringBuffer;Ljava/text/FieldPosition;)Ljava/lang/StringBuffer; >"	"bb139"	189	[("bb62", 185), ("bb39", 185), ("bb94", 185), ("bb45", 185), ("bb42", 185), ("bb84", 185), ("bb98", 185), ("bb135", 187), ("bb87", 185), ("bb91", 185), ("bb107", 185), ("bb101", 185), ("bb113", 185), ("bb59", 185), ("bb77", 185), ("bb104", 185), ("bb56", 185)]
"< Application, Lhedc/regexp/Multi, advance(Lhedc/regexp/State;)Lhedc/regexp/Regexp; >"	"bb29"	28	[("bb28", 26), ("bb27", 27)]
"< Application, Lhedc/ethz/util/Messages, dlevel()I >"	"bb11"	16	[("bb6", 5), ("bb10", 14)]
"< Application, Lhedc/ethz/util/EtcUtil, changeFileTag(Ljava/lang/String;Ljava/lang/String;)Ljava/lang/String; >"	"bb12"	19	[("bb1", 4), ("bb11", 18), ("bb5", 10), ("bb3", 4)]
"< Application, LEDU/oswego/cs/dl/util/concurrent/CopyOnWriteArrayList, lastIndexOf(Ljava/lang/Object;[Ljava/lang/Object;I)I >"	"bb3"	18	[("bb7", 17), ("bb2", 15)]
"< Application, Lhedc/regexp/CharArrayState, indexOf(II)I >"	"bb4"	10	[("bb3", 3), ("bb8", 9)]
"< Application, Lhedc/ethz/util/Generator, generate(Ljava/io/Writer;Ljava/util/Hashtable;[C)J >"	"bb35"	47	[("bb31", 41), ("bb24", 46), ("bb11", 43), ("bb27", 54)]
"< Application, Ljavax/servlet/http/HttpServlet, doOptions(Ljavax/servlet/http/HttpServletRequest;Ljavax/servlet/http/HttpServletResponse;)V >"	"bb72"	102	[("bb65", 101), ("bb71", 100), ("bb63", 91)]
"< Application, Lhedc/ethz/util/ObservableProperties, registerObserver(Lhedc/ethz/util/PropertyMonitoring;)V >"	"bb2"	12	[("bb1", 4), ("bb11", 11)]
"< Application, LEDU/oswego/cs/dl/util/concurrent/SynchronizedFloat, equals(Ljava/lang/Object;)Z >"	"bb9"	14	[("bb7", 13), ("bb8", 6)]
"< Application, LEDU/oswego/cs/dl/util/concurrent/CopyOnWriteArrayList$COWSubList$COWSubListIterator, hasNext()Z >"	"bb7"	9	[("bb6", 7), ("bb5", 8)]
"< Application, LEDU/oswego/cs/dl/util/concurrent/SynchronizedChar, commit(CC)Z >"	"bb7"	9	[("bb5", 8), ("bb6", 7)]
"< Application, LEDU/oswego/cs/dl/util/concurrent/FJTaskRunner, checkOverflow()V >"	"bb15"	45	[("bb14", 44), ("bb11", 41)]
"< Application, LEDU/oswego/cs/dl/util/concurrent/SynchronizedShort, compareTo(S)I >"	"bb7"	9	[("bb5", 7), ("bb3", 8), ("bb6", 6)]
"< Application, Lhedc/FormFiller, internalize(Ljava/lang/String;)[C >"	"bb55"	76	[("bb54", 3), ("bb53", 71)]
"< Application, LEDU/oswego/cs/dl/util/concurrent/SynchronizedChar, equals(Ljava/lang/Object;)Z >"	"bb9"	13	[("bb7", 12), ("bb8", 6)]
"< Application, LEDU/oswego/cs/dl/util/concurrent/PropertyChangeMulticaster, addPropertyChangeListenerIfAbsent(Ljava/beans/PropertyChangeListener;)V >"	"bb9"	18	[("bb8", 10), ("bb18", 17)]
"< Application, LEDU/oswego/cs/dl/util/concurrent/SynchronizedFloat, swap(LEDU/oswego/cs/dl/util/concurrent/SynchronizedFloat;)F >"	"bb8"	8	[("bb7", 2), ("bb6", 1)]
"< Application, LEDU/oswego/cs/dl/util/concurrent/FIFOReadWriteLock$ReaderSync, attempt(J)Z >"	"bb12"	18	[("bb11", 17), ("bb9", 4)]
"< Application, Lhedc/ethz/util/Messages, format(Ljava/lang/String;Ljava/lang/Object;Ljava/lang/Object;)Ljava/lang/String; >"	"bb2"	27	[("bb12", 8), ("bb1", 5)]
"< Application, Lhedc/DateFormatter, format(Ljava/util/Date;Ljava/lang/StringBuffer;Ljava/text/FieldPosition;)Ljava/lang/StringBuffer; >"	"bb128"	149	[("bb126", 73), ("bb127", 24)]
"< Application, LEDU/oswego/cs/dl/util/concurrent/FJTaskRunnerGroup, interruptAll()V >"	"bb11"	12	[("bb10", 14), ("bb9", 10)]
"< Application, Lhedc/Messages, format(Ljava/lang/String;[Ljava/lang/Object;)Ljava/lang/String; >"	"bb4"	28	[("bb3", 6), ("bb42", 33), ("bb14", 23), ("bb17", 23)]
"< Application, LEDU/oswego/cs/dl/util/concurrent/FJTaskRunner, scan(LEDU/oswego/cs/dl/util/concurrent/FJTask;)V >"	"bb7"	35	[("bb6", 12), ("bb34", 18)]
"< Application, Lhedc/FormFiller, sendResult_(Ljava/util/Hashtable;Ljava/lang/String;)J >"	"bb14"	18	[("bb13", 11), ("bb10", 5), ("bb8", 16)]
"< Application, Ljavax/servlet/jsp/tagext/TagSupport, findAncestorWithClass(Ljavax/servlet/jsp/tagext/Tag;Ljava/lang/Class;)Ljavax/servlet/jsp/tagext/Tag; >"	"bb12"	25	[("bb22", 18), ("bb8", 1), ("bb10", 1)]
"< Application, Lhedc/ethz/util/SmartRef, isLocal()Z >"	"bb8"	11	[("bb7", 9), ("bb6", 10)]
"< Application, Lhedc/DateFormatter, parse(Ljava/lang/String;Ljava/text/ParsePosition;)Ljava/util/Date; >"	"bb6"	144	[("bb5", 5), ("bb145", 143)]
"< Application, LEDU/oswego/cs/dl/util/concurrent/PropertyChangeMulticaster, addPropertyChangeListener(Ljava/lang/String;Ljava/beans/PropertyChangeListener;)V >"	"bb16"	13	[("bb15", 10), ("bb11", 5)]
"< Application, LEDU/oswego/cs/dl/util/concurrent/SynchronousChannel, doPut(Ljava/lang/Object;)V >"	"bb7"	13	[("bb6", 8), ("bb10", 12)]
"< Application, LEDU/oswego/cs/dl/util/concurrent/CyclicBarrier, doBarrier(ZJ)I >"	"bb41"	33	[("bb40", 3), ("bb58", 33), ("bb60", 31)]
"< Application, Lhedc/ethz/util/Generator, generateThroughBuffer(Ljava/lang/String;Ljava/io/Writer;Ljava/util/Hashtable;)J >"	"bb14"	57	[("bb13", 54), ("bb20", 57)]
"< Application, Lhedc/regexp/CharClass, process(Ljava/lang/String;)V >"	"bb30"	37	[("bb28", 17), ("bb26", 17), ("bb9", 17), ("bb7", 14), ("bb27", 17), ("bb29", 17), ("bb25", 17)]
"< Application, LEDU/oswego/cs/dl/util/concurrent/SynchronizedFloat, commit(FF)Z >"	"bb7"	10	[("bb5", 9), ("bb6", 8)]
"< Application, Lhedc/RandomDate, parse(Ljava/lang/String;)Ljava/util/Date; >"	"bb4"	6	[("bb2", 5), ("bb3", 4)]
"< Application, Lhedc/ethz/util/Messages, format(Ljava/lang/String;Ljava/lang/Object;Ljava/lang/Object;Ljava/lang/Object;Ljava/lang/Object;)Ljava/lang/String; >"	"bb47"	94	[("bb18", 48), ("bb44", 90), ("bb10", 28), ("bb20", 48), ("bb28", 69), ("bb21", 48), ("bb22", 48), ("bb27", 69), ("bb40", 90), ("bb35", 90), ("bb29", 69), ("bb38", 90), ("bb17", 48), ("bb11", 28), ("bb9", 28), ("bb24", 69), ("bb31", 69), ("bb6", 28), ("bb43", 90), ("bb39", 90), ("bb33", 69), ("bb7", 28), ("bb32", 69), ("bb8", 28), ("bb13", 48), ("bb41", 90), ("bb5", 28), ("bb2", 28), ("bb42", 90), ("bb16", 48), ("bb30", 69), ("bb19", 48)]
"< Application, Lhedc/regexp/CharClass, process(Ljava/lang/String;)V >"	"bb23"	30	[("bb22", 12), ("bb21", 4)]
"< Application, LEDU/oswego/cs/dl/util/concurrent/SynchronousChannel, doTake(ZJ)Ljava/lang/Object; >"	"bb13"	19	[("bb12", 12), ("bb11", 16)]
"< Application, LEDU/oswego/cs/dl/util/concurrent/SynchronizedByte, equals(Ljava/lang/Object;)Z >"	"bb9"	13	[("bb7", 12), ("bb8", 6)]
"< Application, Lhedc/ethz/util/CopyStream, copyStreamIntoBuffer(Ljava/io/InputStream;I)Ljava/lang/StringBuffer; >"	"bb12"	21	[("bb5", 5), ("bb10", 17)]
"< Application, Lhedc/ethz/util/Messages, dlevel()I >"	"bb4"	5	[("bb3", 3), ("bb2", 4)]
"< Application, Ljavax/servlet/http/HttpUtils, parseName(Ljava/lang/String;Ljava/lang/StringBuffer;)Ljava/lang/String; >"	"bb22"	41	[("bb2", 4), ("bb21", 39)]
"< Application, Ljavax/servlet/ServletInputStream, readLine([BII)I >"	"bb8"	16	[("bb6", 13), ("bb3", 6)]
"< Application, Lhedc/DateFormatter, parse(Ljava/lang/String;Ljava/text/ParsePosition;)Ljava/util/Date; >"	"bb106"	102	[("bb39", 73), ("bb67", 97), ("bb38", 72), ("bb63", 94), ("bb59", 24), ("bb48", 76), ("bb49", 84), ("bb40", 74), ("bb70", 98), ("bb64", 94), ("bb47", 75), ("bb60", 24), ("bb61", 93), ("bb51", 42), ("bb66", 96), ("bb99", 43), ("bb65", 95), ("bb58", 42), ("bb62", 93)]
"< Application, Lhedc/ethz/util/BaseProperties, getURL(Ljava/lang/String;Ljava/net/URL;)Ljava/net/URL; >"	"bb14"	25	[("bb8", 3), ("bb13", 16), ("bb10", 3), ("bb7", 21)]
"< Application, LEDU/oswego/cs/dl/util/concurrent/FJTaskRunner, scanWhileIdling()V >"	"bb58"	63	[("bb45", 69), ("bb57", 44), ("bb56", 44), ("bb51", 44), ("bb29", 69)]
"< Application, LEDU/oswego/cs/dl/util/concurrent/CopyOnWriteArrayList, writeObject(Ljava/io/ObjectOutputStream;)V >"	"bb6"	15	[("bb10", 14), ("bb5", 9)]
"< Application, Lhedc/ethz/util/Generator, generateThroughBuffer(Ljava/lang/String;Ljava/io/Writer;Ljava/util/Hashtable;)J >"	"bb36"	50	[("bb28", 57), ("bb32", 44), ("bb12", 46), ("bb25", 49)]
"< Application, LEDU/oswego/cs/dl/util/concurrent/FJTaskRunner, scanWhileIdling()V >"	"bb29"	35	[("bb27", 18), ("bb9", 26)]
"< Application, Lhedc/ethz/util/Estimator, estimate(D)D >"	"bb19"	22	[("bb18", 21), ("bb15", 33), ("bb12", 33)]
"< Application, Lhedc/regexp/ContextMatch, advance(Lhedc/regexp/State;)Lhedc/regexp/Regexp; >"	"bb32"	28	[("bb30", 11), ("bb31", 7)]
"< Application, Lhedc/regexp/GroupReference, advance(Lhedc/regexp/State;)Lhedc/regexp/Regexp; >"	"bb11"	26	[("bb14", 18), ("bb10", 14)]
"< Application, Lhedc/ethz/util/EstimatorFactory, newEstimator(Ljava/lang/String;DD)Lhedc/ethz/util/Estimator; >"	"bb35"	54	[("bb34", 49), ("bb4", 9)]
"< Application, Lhedc/ethz/util/Generator, generateStream(Ljava/io/Reader;Ljava/io/Writer;Ljava/util/Hashtable;)J >"	"bb2"	15	[("bb1", 6), ("bb28", 19), ("bb7", 9)]
"< Application, LEDU/oswego/cs/dl/util/concurrent/FJTaskRunner, scanWhileIdling()V >"	"bb8"	69	[("bb7", 66), ("bb28", 69)]
"< Application, Lhedc/DateFormatter, format(Ljava/util/Date;Ljava/lang/StringBuffer;Ljava/text/FieldPosition;)Ljava/lang/StringBuffer; >"	"bb139"	161	[("bb62", 72), ("bb39", 38), ("bb94", 34), ("bb45", 48), ("bb42", 43), ("bb84", 24), ("bb98", 68), ("bb135", 159), ("bb87", 98), ("bb91", 105), ("bb107", 44), ("bb101", 39), ("bb113", 123), ("bb59", 67), ("bb77", 73), ("bb104", 49), ("bb56", 63)]
"< Application, Lhedc/regexp/RegexpCompiler, compileAlternative(Lhedc/regexp/CompilerState;Lhedc/regexp/Regexp;)Lhedc/regexp/Regexp; >"	"bb4"	11	[("bb58", 44), ("bb3", 4), ("bb41", 26), ("bb8", 9), ("bb51", 36), ("bb80", 50), ("bb53", 40), ("bb61", 45), ("bb89", 62), ("bb46", 33), ("bb85", 11), ("bb26", 17)]
"< Application, Ljavax/servlet/http/HttpServlet, doOptions(Ljavax/servlet/http/HttpServletRequest;Ljavax/servlet/http/HttpServletResponse;)V >"	"bb22"	43	[("bb21", 37), ("bb3", 9)]
"< Application, Lhedc/ethz/util/Messages, format(Ljava/lang/String;Ljava/lang/Object;Ljava/lang/Object;)Ljava/lang/String; >"	"bb25"	50	[("bb10", 26), ("bb5", 26), ("bb22", 46), ("bb18", 46), ("bb13", 46), ("bb16", 46), ("bb21", 46), ("bb6", 26), ("bb7", 26), ("bb2", 26), ("bb9", 26), ("bb17", 46), ("bb8", 26), ("bb20", 46), ("bb19", 46), ("bb11", 26)]
"< Application, Lhedc/ethz/util/ObservableProperties, putValue(Ljava/lang/String;Ljava/lang/String;)Z >"	"bb22"	59	[("bb40", 57), ("bb21", 5)]
"< Application, Lhedc/ethz/util/Messages, format(Ljava/lang/String;Ljava/lang/Object;Ljava/lang/Object;Ljava/lang/Object;)Ljava/lang/String; >"	"bb13"	47	[("bb3", 27), ("bb23", 46)]
"< Application, LEDU/oswego/cs/dl/util/concurrent/Rendezvous, doRendezvous(Ljava/lang/Object;ZJ)Ljava/lang/Object; >"	"bb84"	68	[("bb89", 67), ("bb83", 6)]
"< Application, Lhedc/DateFormatter, format(Ljava/util/Date;Ljava/lang/StringBuffer;Ljava/text/FieldPosition;)Ljava/lang/StringBuffer; >"	"bb30"	185	[("bb29", 183), ("bb34", 185)]
"< Application, Lhedc/ethz/util/HttpLogger, log(Ljavax/servlet/http/HttpServletRequest;Ljavax/servlet/http/HttpServletResponse;JIJ)V >"	"bb90"	160	[("bb89", 150), ("bb84", 159)]
"< Application, Ljavax/servlet/http/HttpServlet, doOptions(Ljavax/servlet/http/HttpServletRequest;Ljavax/servlet/http/HttpServletResponse;)V >"	"bb27"	47	[("bb25", 45), ("bb24", 45), ("bb26", 46)]
"< Application, LEDU/oswego/cs/dl/util/concurrent/FJTaskRunner, scan(LEDU/oswego/cs/dl/util/concurrent/FJTask;)V >"	"bb7"	34	[("bb6", 5), ("bb34", 31)]
"< Application, LEDU/oswego/cs/dl/util/concurrent/QueuedSemaphore, precheck()Z >"	"bb5"	8	[("bb4", 6), ("bb3", 7)]
"< Application, Lhedc/ethz/util/Estimator, main([Ljava/lang/String;)V >"	"bb14"	39	[("bb13", 27), ("bb20", 37)]
"< Application, Lhedc/MetaSearchImpl, writeResults_(Ljava/util/List;Ljava/io/Writer;)J >"	"bb27"	41	[("bb13", 42), ("bb20", 37), ("bb24", 36), ("bb26", 24)]
"< Application, LEDU/oswego/cs/dl/util/concurrent/WriterPreferenceReadWriteLock$WriterLock, attempt(J)Z >"	"bb19"	24	[("bb31", 22), ("bb18", 2)]
"< Application, LEDU/oswego/cs/dl/util/concurrent/FJTaskRunner, scan(LEDU/oswego/cs/dl/util/concurrent/FJTask;)V >"	"bb43"	48	[("bb35", 39), ("bb42", 45), ("bb40", 45)]
"< Application, LEDU/oswego/cs/dl/util/concurrent/FJTaskRunnerGroup, interruptAll()V >"	"bb3"	14	[("bb11", 12), ("bb2", 5)]
"< Application, Lhedc/regexp/Regexp, main([Ljava/lang/String;)V >"	"bb36"	50	[("bb35", 54), ("bb28", 19), ("bb24", 54), ("bb20", 54)]
"< Application, LEDU/oswego/cs/dl/util/concurrent/PropertyChangeMulticaster, getChild(Ljava/lang/String;)LEDU/oswego/cs/dl/util/concurrent/PropertyChangeMulticaster; >"	"bb7"	10	[("bb3", 5), ("bb6", 9)]
"< Application, LEDU/oswego/cs/dl/util/concurrent/FJTaskRunner, scanWhileIdling()V >"	"bb8"	26	[("bb7", 67), ("bb28", 18)]
"< Application, Ljavax/servlet/http/HttpServlet, doTrace(Ljavax/servlet/http/HttpServletRequest;Ljavax/servlet/http/HttpServletResponse;)V >"	"bb23"	47	[("bb22", 46), ("bb10", 21)]
"< Application, Lhedc/ethz/util/EtcUtil, getProtocolFromURI(Ljava/lang/String;)Ljava/lang/String; >"	"bb6"	12	[("bb4", 11), ("bb5", 3)]
"< Application, Lhedc/DateFormatter, parse(Ljava/lang/String;Ljava/text/ParsePosition;)Ljava/util/Date; >"	"bb76"	148	[("bb75", 146), ("bb98", 150)]
"< Application, LEDU/oswego/cs/dl/util/concurrent/TimeDaemon$TaskNode, compareTo(Ljava/lang/Object;)I >"	"bb10"	15	[("bb9", 13), ("bb6", 14), ("bb8", 11)]
"< Application, Lhedc/Messages, wlevel()I >"	"bb10"	15	[("bb9", 2), ("bb8", 13), ("bb1", 2)]
"< Application, LEDU/oswego/cs/dl/util/concurrent/WaitFreeQueue$Node, commit(LEDU/oswego/cs/dl/util/concurrent/WaitFreeQueue$Node;JLEDU/oswego/cs/dl/util/concurrent/WaitFreeQueue$Node;J)Z >"	"bb7"	12	[("bb6", 10), ("bb5", 11)]
"< Application, LEDU/oswego/cs/dl/util/concurrent/BoundedBuffer, poll(J)Ljava/lang/Object; >"	"bb10"	12	[("bb8", 8), ("bb9", 11)]
"< Application, Lhedc/ethz/util/SmartRef, exists()Z >"	"bb58"	73	[("bb57", 4), ("bb56", 30)]
"< Application, Ljavax/servlet/http/HttpServlet, doOptions(Ljavax/servlet/http/HttpServletRequest;Ljavax/servlet/http/HttpServletResponse;)V >"	"bb54"	80	[("bb45", 69), ("bb47", 79), ("bb53", 78)]
"< Application, Ljavax/servlet/UnavailableException, getUnavailableSeconds()I >"	"bb5"	7	[("bb4", 5), ("bb3", 6)]
"< Application, LEDU/oswego/cs/dl/util/concurrent/VetoableChangeMulticaster, removeVetoableChangeListener(Ljava/beans/VetoableChangeListener;)V >"	"bb14"	28	[("bb18", 27), ("bb13", 23)]
"< Application, LEDU/oswego/cs/dl/util/concurrent/LinkedQueue, isEmpty()Z >"	"bb8"	9	[("bb7", 7), ("bb6", 8)]
"< Application, LEDU/oswego/cs/dl/util/concurrent/CopyOnWriteArrayList, set(ILjava/lang/Object;)Ljava/lang/Object; >"	"bb12"	15	[("bb11", 13), ("bb10", 14)]
"< Application, Lhedc/RandomDate, <init>(Ljava/lang/String;Ljava/lang/String;)V >"	"bb9"	10	[("bb7", 9), ("bb8", 8)]
"< Application, Lhedc/ethz/util/RmiLogger, log(Ljava/lang/String;Ljava/util/Hashtable;Ljava/lang/String;Ljava/lang/String;Ljava/lang/String;Ljava/lang/Object;J)V >"	"bb117"	201	[("bb116", 200), ("bb111", 42)]
"< Application, Ljavax/servlet/http/HttpServlet, doOptions(Ljavax/servlet/http/HttpServletRequest;Ljavax/servlet/http/HttpServletResponse;)V >"	"bb21"	37	[("bb19", 43), ("bb20", 10)]
"< Application, Lhedc/MetaSearchImpl, writeResults_(Ljava/util/List;Ljava/io/Writer;)J >"	"bb18"	37	[("bb17", 24), ("bb23", 36)]
"< Application, Lhedc/DateFormatter, parse(Ljava/lang/String;Ljava/text/ParsePosition;)Ljava/util/Date; >"	"bb58"	91	[("bb55", 87), ("bb57", 90)]
"< Application, Lhedc/ethz/util/HttpLogger, log(Ljavax/servlet/http/HttpServletRequest;Ljavax/servlet/http/HttpServletResponse;JIJ)V >"	"bb51"	100	[("bb50", 90), ("bb45", 99)]
