"< Application, Lhedc/SohoSynoptic, INSTITUTE_CODES_, <Application,Ljava/util/Hashtable> >"
"< Application, Lhedc/MetaSearchImpl, RDI03_, <Application,Ljava/lang/String> >"
"< Application, Lhedc/Tester, TES_THREADS_, <Primordial,I> >"
"< Application, Lhedc/ethz/util/EtcUtil, ETC03_, <Application,Ljava/lang/String> >"
"< Application, Ljavax/servlet/http/HttpServletResponse, SC_NOT_IMPLEMENTED, <Primordial,I> >"
"< Application, Lhedc/SohoSynoptic, FORMAT_CODES_, <Application,Ljava/util/Hashtable> >"
"< Application, Lhedc/ethz/util/Messages, dlevel_, <Primordial,I> >"
"< Application, Lhedc/PooledExecutorWithInvalidate, DEFAULT_MAXIMUMPOOLSIZE, <Primordial,I> >"
"< Application, Lhedc/FormFiller, FFS_MIME_, <Application,Ljava/lang/String> >"
"< Application, Ljavax/servlet/jsp/PageContext, PAGE, <Application,Ljava/lang/String> >"
"< Application, Ljavax/servlet/http/HttpServletResponse, SC_FORBIDDEN, <Primordial,I> >"
"< Application, Ljavax/servlet/jsp/PageContext, PAGECONTEXT, <Application,Ljava/lang/String> >"
"< Application, Lhedc/ethz/util/Generator, GEN_POOL_CAPACITY_, <Primordial,I> >"
"< Application, Lhedc/ethz/util/SmartRef, SRF_LOCAL_PORT_, <Primordial,I> >"
"< Application, Lhedc/Messages, dlevel_, <Primordial,I> >"
"< Application, LEDU/oswego/cs/dl/util/concurrent/Sync, ONE_SECOND, <Primordial,J> >"
"< Application, Lhedc/ethz/util/Ftp, FTP_TRY_AGAIN, <Primordial,I> >"
"< Application, Lhedc/SohoSynoptic, SOH02_, <Application,Ljava/lang/String> >"
"< Application, Lhedc/MetaSearchImpl, RDI01_, <Application,Ljava/lang/String> >"
"< Application, Lhedc/FormFiller, FFS02_, <Application,Ljava/lang/String> >"
"< Application, Lhedc/TaskFactory, TFA_PROTOTYPES_, <Application,[Lhedc/MetaSearchResult> >"
"< Application, Lhedc/ethz/util/Estimator, EST01_, <Application,Ljava/lang/String> >"
"< Application, Lhedc/ethz/util/SerializePerformanceTest, rows_, <Application,[Ljava/lang/Object> >"
"< Application, Lhedc/Tester, TES_PAUSE_, <Primordial,I> >"
"< Application, Lhedc/ethz/util/SmartRef, SRF01_, <Application,Ljava/lang/String> >"
"< Application, Lhedc/ethz/util/Generator, GEN01_, <Application,Ljava/lang/String> >"
"< Application, Ljavax/servlet/http/HttpServletResponse, SC_BAD_GATEWAY, <Primordial,I> >"
"< Application, Lhedc/ethz/util/EstimatorFactory, ESF02_, <Application,Ljava/lang/String> >"
"< Application, Ljavax/servlet/jsp/tagext/Tag, SKIP_PAGE, <Primordial,I> >"
"< Application, Lhedc/Tester, TES_MESOLA_, <Application,Ljava/lang/String> >"
"< Application, Ljavax/servlet/http/HttpServletResponse, SC_HTTP_VERSION_NOT_SUPPORTED, <Primordial,I> >"
"< Application, Lhedc/DateFormatter, TIMEZONE_FIELD, <Primordial,I> >"
"< Application, Lhedc/DateFormatter, DAY_OF_YEAR_FIELD, <Primordial,I> >"
"< Application, Lhedc/ethz/util/SystemProperties, SPR03_, <Application,Ljava/lang/String> >"
"< Application, Lhedc/DateFormatter, DAY_OF_WEEK_IN_MONTH_FIELD, <Primordial,I> >"
"< Application, Lhedc/FormFiller, FFS04_, <Application,Ljava/lang/String> >"
"< Application, Ljavax/servlet/http/HttpServletResponse, SC_CONTINUE, <Primordial,I> >"
"< Application, Lhedc/ethz/util/Generator, GEN_POOL_CAPACITY_NAMED_, <Primordial,I> >"
"< Application, Ljavax/servlet/http/HttpServlet, METHOD_POST, <Application,Ljava/lang/String> >"
"< Application, Lhedc/ethz/util/EstimatorFactory, ESF_FILETAG_, <Application,Ljava/lang/String> >"
"< Application, Ljavax/servlet/jsp/PageContext, OUT, <Application,Ljava/lang/String> >"
"< Application, Ljavax/servlet/http/HttpServletResponse, SC_PROXY_AUTHENTICATION_REQUIRED, <Primordial,I> >"
"< Application, Lhedc/DateFormatter, FULL, <Primordial,I> >"
"< Application, Lhedc/DateFormatter, SECOND_FIELD, <Primordial,I> >"
"< Application, Lhedc/DateFormatter, MINUTE_FIELD, <Primordial,I> >"
"< Application, Ljavax/servlet/http/NoBodyOutputStream, LSTRING_FILE, <Application,Ljava/lang/String> >"
"< Application, Lhedc/ethz/util/Logger, allLoggerInstances_, <Application,Ljava/util/Vector> >"
"< Application, LEDU/oswego/cs/dl/util/concurrent/FJTaskRunnerGroup, SCANS_PER_SLEEP, <Primordial,J> >"
"< Application, Ljavax/servlet/jsp/JspWriter, DEFAULT_BUFFER, <Primordial,I> >"
"< Application, Ljavax/servlet/http/HttpServletResponse, SC_MOVED_TEMPORARILY, <Primordial,I> >"
"< Application, Lhedc/regexp/Literal, caseMap, <Primordial,[C> >"
"< Application, Lhedc/MetaSearchImpl, RDI04_, <Application,Ljava/lang/String> >"
"< Application, Ljavax/servlet/jsp/tagext/TagData, REQUEST_TIME_VALUE, <Application,Ljava/lang/Object> >"
"< Application, Ljavax/servlet/http/Cookie, lStrings, <Application,Ljava/util/ResourceBundle> >"
"< Application, Lhedc/DateFormatter, HOUR1_FIELD, <Primordial,I> >"
"< Application, Lhedc/PooledExecutorWithInvalidate, DEFAULT_KEEPALIVETIME, <Primordial,J> >"
"< Application, LEDU/oswego/cs/dl/util/concurrent/Sync, ONE_WEEK, <Primordial,J> >"
"< Application, Lhedc/DateFormatter, ERA_FIELD, <Primordial,I> >"
"< Application, Lhedc/ethz/util/Generator, bufferPool_, <Application,Ljava/util/Vector> >"
"< Application, Lhedc/Tester, TES_START_, <Application,Ljava/lang/String> >"
"< Application, Lhedc/regexp/CharClass, dClass, <Application,Lhedc/regexp/CharClass> >"
"< Application, Ljavax/servlet/http/HttpServletResponse, SC_METHOD_NOT_ALLOWED, <Primordial,I> >"
"< Application, Lhedc/MetaSearchImpl, uniqueInstance_, <Application,Lhedc/MetaSearchImpl> >"
"< Application, Lhedc/ethz/util/Estimator, EST_MAX_COLUMNS, <Primordial,I> >"
"< Application, Ljavax/servlet/http/HttpServletResponse, SC_REQUEST_TIMEOUT, <Primordial,I> >"
"< Application, Lhedc/Tester, TES_WAIT_TIME_, <Application,Ljava/lang/String> >"
"< Application, Ljavax/servlet/http/HttpUtils, nullHashtable, <Application,Ljava/util/Hashtable> >"
"< Application, Ljavax/servlet/http/HttpServlet, LSTRING_FILE, <Application,Ljava/lang/String> >"
"< Application, Lhedc/ethz/util/SmartRef, SRF_LOCAL_DIR_ROOT_, <Application,Ljava/lang/String> >"
"< Application, Lhedc/ethz/util/Generator, GEN_MAX_PAGE_SIZE_, <Primordial,I> >"
"< Application, Lhedc/ethz/util/SmartRef, SRF08_, <Application,Ljava/lang/String> >"
"< Application, Lhedc/DateFormatter, MILLISECOND_FIELD, <Primordial,I> >"
"< Application, Lhedc/ethz/util/RmiLogger, LOG02_, <Application,Ljava/lang/String> >"
"< Application, Ljavax/servlet/jsp/PageContext, RESPONSE, <Application,Ljava/lang/String> >"
"< Application, Lhedc/ethz/util/BaseProperties, BPR03_, <Application,Ljava/lang/String> >"
"< Application, Lhedc/ethz/util/Logger, monthnames, <Application,[Ljava/lang/String> >"
"< Application, Ljavax/servlet/http/HttpServlet, METHOD_TRACE, <Application,Ljava/lang/String> >"
"< Application, Lhedc/regexp/CharClass, wClass, <Application,Lhedc/regexp/CharClass> >"
"< Application, Ljavax/servlet/http/HttpServletResponse, SC_PAYMENT_REQUIRED, <Primordial,I> >"
"< Application, LEDU/oswego/cs/dl/util/concurrent/PooledExecutor, DEFAULT_KEEPALIVETIME, <Primordial,J> >"
"< Application, Lhedc/DateFormatter, DATE_FIELD, <Primordial,I> >"
"< Application, Lhedc/ethz/util/SmartRef, SRF_NONEXISTENT_, <Primordial,I> >"
"< Application, Lhedc/ethz/util/EstimatorFactory, ESF03_, <Application,Ljava/lang/String> >"
"< Application, Ljavax/servlet/ServletOutputStream, LSTRING_FILE, <Application,Ljava/lang/String> >"
"< Application, Lhedc/FormFiller, FFS_WWW_, <Application,Ljava/lang/String> >"
"< Application, Lhedc/DateFormatter, HOUR_OF_DAY1_FIELD, <Primordial,I> >"
"< Application, Lhedc/ethz/util/SmartRef, SRF_EXISTS_, <Primordial,I> >"
"< Application, Ljavax/servlet/http/HttpServletResponse, SC_RESET_CONTENT, <Primordial,I> >"
"< Application, Lhedc/ethz/util/SmartRef, SRF04_, <Application,Ljava/lang/String> >"
"< Application, Ljavax/servlet/http/HttpServletResponse, SC_NOT_FOUND, <Primordial,I> >"
"< Application, Lhedc/ethz/util/ObservableProperties, OPR_ID_, <Application,Ljava/lang/String> >"
"< Application, Ljavax/servlet/http/HttpServletResponse, SC_NON_AUTHORITATIVE_INFORMATION, <Primordial,I> >"
"< Application, Ljavax/servlet/http/HttpUtils, LSTRING_FILE, <Application,Ljava/lang/String> >"
"< Application, Ljavax/servlet/http/Cookie, LSTRING_FILE, <Application,Ljava/lang/String> >"
"< Application, Lhedc/DateFormatter, WEEK_OF_YEAR_FIELD, <Primordial,I> >"
"< Application, Lhedc/MetaSearchImpl, MSR_ROW_HEADER_TEMPLATE_, <Primordial,[C> >"
"< Application, Lhedc/DateFormatter, AM_PM_FIELD, <Primordial,I> >"
"< Application, Lhedc/ethz/util/DoubleBufferCopy, DBC01_, <Application,Ljava/lang/String> >"
"< Application, Lhedc/ethz/util/EtcUtil, localHostName_, <Application,Ljava/lang/String> >"
"< Application, Lhedc/ethz/util/HttpLogger, uniqueInstance_, <Application,Lhedc/ethz/util/HttpLogger> >"
"< Application, Lhedc/ethz/util/SmartRef, SRF02_, <Application,Ljava/lang/String> >"
"< Application, Lhedc/ethz/util/DoubleBufferCopy, DBC02_, <Application,Ljava/lang/String> >"
"< Application, Ljavax/servlet/http/HttpServletResponse, SC_EXPECTATION_FAILED, <Primordial,I> >"
"< Application, Lhedc/FormFiller, FFS_TEMPLATE_PATH_, <Application,Ljava/lang/String> >"
"< Application, Lhedc/FormFiller, FFS_FILETAG_, <Application,Ljava/lang/String> >"
"< Application, Lhedc/DateFormatter, HOUR0_FIELD, <Primordial,I> >"
"< Application, Ljavax/servlet/jsp/PageContext, CONFIG, <Application,Ljava/lang/String> >"
"< Application, LEDU/oswego/cs/dl/util/concurrent/Sync, ONE_DAY, <Primordial,J> >"
"< Application, Lhedc/Tester, msi_, <Application,Lhedc/MetaSearchImpl> >"
"< Application, Ljavax/servlet/http/HttpServlet, METHOD_DELETE, <Application,Ljava/lang/String> >"
"< Application, Lhedc/MetaSearchImpl, MSR_MAX_THREADS_, <Primordial,I> >"
"< Application, Lhedc/ethz/util/SystemProperties, source_, <Application,Ljava/lang/String> >"
"< Application, Ljavax/servlet/http/HttpServletResponse, SC_NOT_ACCEPTABLE, <Primordial,I> >"
"< Application, Ljavax/servlet/http/HttpServletResponse, SC_OK, <Primordial,I> >"
"< Application, Lhedc/DateFormatter, WEEK_OF_MONTH_FIELD, <Primordial,I> >"
"< Application, Lhedc/Messages, wlevel_, <Primordial,I> >"
"< Application, Lhedc/FormFiller, FFS03_, <Application,Ljava/lang/String> >"
"< Application, Ljavax/servlet/http/HttpServletResponse, SC_REQUESTED_RANGE_NOT_SATISFIABLE, <Primordial,I> >"
"< Application, Lhedc/regexp/Regexp, debug, <Primordial,Z> >"
"< Application, Lhedc/ethz/util/EtcUtil, ETC01_, <Application,Ljava/lang/String> >"
"< Application, LEDU/oswego/cs/dl/util/concurrent/PooledExecutor, DEFAULT_MAXIMUMPOOLSIZE, <Primordial,I> >"
"< Application, Lhedc/Tester, TES_END_, <Application,Ljava/lang/String> >"
"< Application, Lhedc/SohoSynoptic, dateFormatter_, <Application,Lhedc/DateFormatter> >"
"< Application, Lhedc/ethz/util/DoubleBufferCopy, DBC_READ, <Primordial,I> >"
"< Application, Ljavax/servlet/http/HttpServlet, METHOD_PUT, <Application,Ljava/lang/String> >"
"< Application, Lhedc/ethz/util/SmartRef, SRF_LOCAL_TMP_PREFIX_, <Application,Ljava/lang/String> >"
"< Application, Ljavax/servlet/http/HttpServletResponse, SC_UNAUTHORIZED, <Primordial,I> >"
"< Application, Lhedc/ethz/util/BaseProperties, BPR04_, <Application,Ljava/lang/String> >"
"< Application, Lhedc/ethz/util/SmartRef, SRF05_, <Application,Ljava/lang/String> >"
"< Application, Lhedc/Rag, RESULT_ADDRESS_, <Application,Ljava/lang/String> >"
"< Application, Lhedc/ethz/util/Generator, GEN03_, <Application,Ljava/lang/String> >"
"< Application, Lhedc/SohoSynoptic, INFO_CODES_, <Application,Ljava/util/Hashtable> >"
"< Application, Lhedc/Tester, TES_SACREAMENTAL_, <Application,Ljava/lang/String> >"
"< Application, Ljavax/servlet/http/NoBodyOutputStream, lStrings, <Application,Ljava/util/ResourceBundle> >"
"< Application, LEDU/oswego/cs/dl/util/concurrent/DefaultChannelCapacity, defaultCapacity_, <Application,LEDU/oswego/cs/dl/util/concurrent/SynchronizedInt> >"
"< Application, Ljavax/servlet/http/HttpServletResponse, SC_SERVICE_UNAVAILABLE, <Primordial,I> >"
"< Application, Ljavax/servlet/http/HttpServletResponse, SC_PRECONDITION_FAILED, <Primordial,I> >"
"< Application, Lhedc/ethz/util/RmiLogger, LOG_ID_, <Application,Ljava/lang/String> >"
"< Application, Lhedc/SohoSynoptic, TYPE_CODES_, <Application,Ljava/util/Hashtable> >"
"< Application, Lhedc/DateFormatter, SHORT, <Primordial,I> >"
"< Application, Lhedc/ethz/util/EstimatorFactory, ESF01_, <Application,Ljava/lang/String> >"
"< Application, Lhedc/ethz/util/RmiLogger, uniqueInstance_, <Application,Lhedc/ethz/util/RmiLogger> >"
"< Application, Ljavax/servlet/http/HttpServletResponse, SC_CONFLICT, <Primordial,I> >"
"< Application, LEDU/oswego/cs/dl/util/concurrent/DefaultChannelCapacity, INITIAL_DEFAULT_CAPACITY, <Primordial,I> >"
"< Application, Lhedc/SohoSynoptic, SOH01_, <Application,Ljava/lang/String> >"
"< Application, Ljavax/servlet/http/HttpServlet, METHOD_OPTIONS, <Application,Ljava/lang/String> >"
"< Application, LEDU/oswego/cs/dl/util/concurrent/FJTaskRunner, INITIAL_CAPACITY, <Primordial,I> >"
"< Application, Ljavax/servlet/jsp/JspFactory, deflt, <Application,Ljavax/servlet/jsp/JspFactory> >"
"< Application, Lhedc/ethz/util/EtcUtil, ETC04_, <Application,Ljava/lang/String> >"
"< Application, Ljavax/servlet/jsp/PageContext, SESSION, <Application,Ljava/lang/String> >"
"< Application, Ljavax/servlet/jsp/PageContext, APPLICATION_SCOPE, <Primordial,I> >"
"< Application, Ljavax/servlet/jsp/tagext/TagInfo, BODY_CONTENT_JSP, <Application,Ljava/lang/String> >"
"< Application, Lhedc/regexp/ContextMatch, word, <Application,Lhedc/regexp/CharClass> >"
"< Application, Ljavax/servlet/jsp/PageContext, EXCEPTION, <Application,Ljava/lang/String> >"
"< Application, LEDU/oswego/cs/dl/util/concurrent/Sync, ONE_MINUTE, <Primordial,J> >"
"< Application, Lhedc/Tester, randomDate_, <Application,Lhedc/RandomDate> >"
"< Application, Ljavax/servlet/jsp/PageContext, REQUEST, <Application,Ljava/lang/String> >"
"< Application, Lhedc/Tester, TES_SOHO_SYNOPTIC_, <Application,Ljava/lang/String> >"
"< Application, Ljavax/servlet/http/HttpServletResponse, SC_MOVED_PERMANENTLY, <Primordial,I> >"
"< Application, Lhedc/regexp/CharClass, MASK, <Primordial,I> >"
"< Application, Lhedc/ethz/util/EstimatorFactory, uniqueInstance_, <Application,Lhedc/ethz/util/EstimatorFactory> >"
"< Application, Ljavax/servlet/jsp/PageContext, APPLICATION, <Application,Ljava/lang/String> >"
"< Application, LEDU/oswego/cs/dl/util/concurrent/PooledExecutor, DEFAULT_MINIMUMPOOLSIZE, <Primordial,I> >"
"< Application, Lhedc/Tester, TES_RAG_, <Application,Ljava/lang/String> >"
"< Application, LEDU/oswego/cs/dl/util/concurrent/Sync, ONE_HOUR, <Primordial,J> >"
"< Application, Lhedc/DateFormatter, DAY_OF_WEEK_FIELD, <Primordial,I> >"
"< Application, Lhedc/ethz/util/Logger, LOG01_, <Application,Ljava/lang/String> >"
"< Application, Lhedc/ethz/util/Estimator, EST02_, <Application,Ljava/lang/String> >"
"< Application, Ljavax/servlet/http/HttpServlet, lStrings, <Application,Ljava/util/ResourceBundle> >"
"< Application, Lhedc/MetaSearchImpl, MSR_TEMPLATE_LOCATION_, <Application,Ljava/lang/String> >"
"< Application, Lhedc/Messages, out, <Application,Ljava/io/PrintStream> >"
"< Application, Lhedc/ethz/util/SmartRef, SRF_NOT_CHECKED_, <Primordial,I> >"
"< Application, Ljavax/servlet/jsp/PageContext, SESSION_SCOPE, <Primordial,I> >"
"< Application, LEDU/oswego/cs/dl/util/concurrent/FJTaskRunnerGroup, COLLECT_STATS, <Primordial,Z> >"
"< Application, Ljavax/servlet/http/HttpServletResponse, SC_INTERNAL_SERVER_ERROR, <Primordial,I> >"
"< Application, Lhedc/regexp/CharClass, NCHARS, <Primordial,I> >"
"< Application, Ljavax/servlet/http/HttpServletResponse, SC_REQUEST_ENTITY_TOO_LARGE, <Primordial,I> >"
"< Application, Lhedc/ethz/util/Messages, sdf_, <Application,Ljava/text/SimpleDateFormat> >"
"< Application, Lhedc/DateFormatter, LONG, <Primordial,I> >"
"< Application, Lhedc/Rag, dateFormatter2_, <Application,Lhedc/DateFormatter> >"
"< Application, Ljavax/servlet/jsp/tagext/Tag, SKIP_BODY, <Primordial,I> >"
"< Application, Lhedc/MetaSearchImpl, MSR_FRAME_TEMPLATE_, <Application,Ljava/lang/String> >"
"< Application, Lhedc/DateFormatter, DEFAULT, <Primordial,I> >"
"< Application, Ljavax/servlet/http/HttpUtils, lStrings, <Application,Ljava/util/ResourceBundle> >"
"< Application, Ljavax/servlet/jsp/tagext/TagAttributeInfo, ID, <Application,Ljava/lang/String> >"
"< Application, Ljavax/servlet/http/HttpServlet, HEADER_LASTMOD, <Application,Ljava/lang/String> >"
"< Application, Ljavax/servlet/http/HttpServlet, METHOD_HEAD, <Application,Ljava/lang/String> >"
"< Application, Lhedc/ethz/util/Generator, GEN02_, <Application,Ljava/lang/String> >"
"< Application, Lhedc/regexp/CharClass, sClass, <Application,Lhedc/regexp/CharClass> >"
"< Application, Lhedc/MetaSearchImpl, MSR_ROW_EMPTY_LINE_TEMPLATE_, <Primordial,[C> >"
"< Application, Ljavax/servlet/http/HttpServlet, METHOD_GET, <Application,Ljava/lang/String> >"
"< Application, Lhedc/FormFiller, FFS_SERVER_, <Application,Ljava/lang/String> >"
"< Application, Ljavax/servlet/jsp/JspWriter, UNBOUNDED_BUFFER, <Primordial,I> >"
"< Application, LEDU/oswego/cs/dl/util/concurrent/FJTaskRunnerGroup, MAX_SLEEP_TIME, <Primordial,J> >"
"< Application, Lhedc/MetaSearchImpl, MSR_ROW_LINE_TEMPLATE_, <Primordial,[C> >"
"< Application, Ljavax/servlet/jsp/tagext/TagInfo, BODY_CONTENT_EMPTY, <Application,Ljava/lang/String> >"
"< Application, Lhedc/ethz/util/SmartRef, SRF_ID_, <Application,Ljava/lang/String> >"
"< Application, Ljavax/servlet/jsp/tagext/VariableInfo, AT_BEGIN, <Primordial,I> >"
"< Application, Lhedc/DateFormatter, YEAR_FIELD, <Primordial,I> >"
"< Application, Lhedc/DateFormatter, MEDIUM, <Primordial,I> >"
"< Application, Lhedc/RandomDate, format_, <Application,Ljava/text/SimpleDateFormat> >"
"< Application, Lhedc/Rag, BUF_SIZE_, <Primordial,I> >"
"< Application, Lhedc/MetaSearchImpl, TFA02_, <Application,Ljava/lang/String> >"
"< Application, Lhedc/ethz/util/Messages, wlevel_, <Primordial,I> >"
"< Application, Lhedc/FormFiller, FFS_ID_, <Application,Ljava/lang/String> >"
"< Application, Lhedc/ethz/util/SmartRef, SRF_LOCAL_URL_PREFIX_, <Application,Ljava/lang/String> >"
"< Application, Lhedc/FormFiller, FFS01_, <Application,Ljava/lang/String> >"
"< Application, Ljavax/servlet/http/HttpServletResponse, SC_USE_PROXY, <Primordial,I> >"
"< Application, Lhedc/SohoSynoptic, BUF_SIZE_, <Primordial,I> >"
"< Application, Lhedc/ethz/util/SystemProperties, SPR02_, <Application,Ljava/lang/String> >"
"< Application, Ljavax/servlet/http/HttpServletResponse, SC_UNSUPPORTED_MEDIA_TYPE, <Primordial,I> >"
"< Application, Lhedc/ethz/util/ThreadFactory, uniqueInstance_, <Application,Lhedc/ethz/util/ThreadFactory> >"
"< Application, Ljavax/servlet/http/HttpServletResponse, SC_NO_CONTENT, <Primordial,I> >"
"< Application, Lhedc/Messages, sdf_, <Application,Ljava/text/SimpleDateFormat> >"
"< Application, Ljavax/servlet/http/HttpServlet, HEADER_IFMODSINCE, <Application,Ljava/lang/String> >"
"< Application, Ljavax/servlet/jsp/tagext/TagInfo, BODY_CONTENT_TAG_DEPENDENT, <Application,Ljava/lang/String> >"
"< Application, Ljavax/servlet/http/HttpServletResponse, SC_SEE_OTHER, <Primordial,I> >"
"< Application, Lhedc/ethz/util/SmartRef, SRF_LOCAL_URL_FILE_, <Application,Ljava/lang/String> >"
"< Application, Ljavax/servlet/http/HttpServletResponse, SC_BAD_REQUEST, <Primordial,I> >"
"< Application, Ljavax/servlet/http/Cookie, tspecials, <Application,Ljava/lang/String> >"
"< Application, Lhedc/SohoSynoptic, NAME_, <Application,Ljava/lang/String> >"
"< Application, Lhedc/ethz/util/DoubleBufferCopy, DBC_WRITE, <Primordial,I> >"
"< Application, Lhedc/ethz/util/Logger, LOG02_, <Application,Ljava/lang/String> >"
"< Application, Ljavax/servlet/http/HttpServletResponse, SC_LENGTH_REQUIRED, <Primordial,I> >"
"< Application, Lhedc/Tester, TES_ITERATIONS_, <Primordial,I> >"
"< Application, Lhedc/ethz/util/Generator, namedBufferPool_, <Application,Ljava/util/TreeMap> >"
"< Application, Lhedc/DateFormatter, MONTH_FIELD, <Primordial,I> >"
"< Application, Lhedc/MetaSearchImpl, MSR_DEFAULT_DURATION_, <Primordial,I> >"
"< Application, Ljavax/servlet/http/HttpServletResponse, SC_CREATED, <Primordial,I> >"
"< Application, Lhedc/FormFiller, usersLastParameters_, <Application,Ljava/util/Hashtable> >"
"< Application, Lhedc/ethz/util/URLConnectionReader, UCR_ERROR_EXIT_CODE_, <Primordial,I> >"
"< Application, Ljavax/servlet/http/HttpServletResponse, SC_GONE, <Primordial,I> >"
"< Application, LEDU/oswego/cs/dl/util/concurrent/FJTaskRunner, COLLECT_STATS, <Primordial,Z> >"
"< Application, Lhedc/ethz/util/Logger, LOG_BUFFER_DEFAULT_SIZE_, <Primordial,I> >"
"< Application, Lhedc/regexp/CharClass, SHIFT, <Primordial,I> >"
"< Application, Ljavax/servlet/jsp/tagext/VariableInfo, NESTED, <Primordial,I> >"
"< Application, Ljavax/servlet/ServletOutputStream, lStrings, <Application,Ljava/util/ResourceBundle> >"
"< Application, Lhedc/ethz/util/Logger, LOG_ID_, <Application,Ljava/lang/String> >"
"< Application, Lhedc/regexp/Regexp, success, <Application,Lhedc/regexp/Regexp> >"
"< Application, Lhedc/ethz/util/Ftp, FTP_SUCCESS, <Primordial,I> >"
"< Application, Ljavax/servlet/http/HttpServletResponse, SC_ACCEPTED, <Primordial,I> >"
"< Application, Ljavax/servlet/http/HttpServletResponse, SC_REQUEST_URI_TOO_LONG, <Primordial,I> >"
"< Application, Lhedc/SohoSynoptic, dateFormatter2_, <Application,Lhedc/DateFormatter> >"
"< Application, Lhedc/ethz/util/Generator, GEN_MAX_TAG_SIZE_, <Primordial,I> >"
"< Application, Ljavax/servlet/jsp/tagext/VariableInfo, AT_END, <Primordial,I> >"
"< Application, Ljavax/servlet/jsp/tagext/Tag, EVAL_PAGE, <Primordial,I> >"
"< Application, Lhedc/PooledExecutorWithInvalidate, POE01_, <Application,Ljava/lang/String> >"
"< Application, Lhedc/Rag, dateFormatter3_, <Application,Lhedc/DateFormatter> >"
"< Application, LEDU/oswego/cs/dl/util/concurrent/FJTaskRunner, MAX_CAPACITY, <Primordial,I> >"
"< Application, Lhedc/ethz/util/HttpLogger, LOG_ID_, <Application,Ljava/lang/String> >"
"< Application, Lhedc/Rag, dateFormatter1_, <Application,Lhedc/DateFormatter> >"
"< Application, Lhedc/ethz/util/SmartRef, SRF03_, <Application,Ljava/lang/String> >"
"< Application, Lhedc/ethz/util/Messages, out, <Application,Ljava/io/PrintStream> >"
"< Application, Ljavax/servlet/http/HttpServletResponse, SC_GATEWAY_TIMEOUT, <Primordial,I> >"
"< Application, Lhedc/ethz/util/SystemProperties, SPR01_, <Application,Ljava/lang/String> >"
"< Application, Lhedc/ethz/util/Ftp, FTP_ERROR, <Primordial,I> >"
"< Application, Lhedc/ethz/util/URLConnectionReader, UCR_OK_EXIT_CODE_, <Primordial,I> >"
"< Application, Lhedc/FormFiller, FFS_PATH_, <Application,Ljava/lang/String> >"
"< Application, Lhedc/ethz/util/DoubleBufferCopy, DBC_BUF_SIZE_, <Primordial,I> >"
"< Application, Lhedc/Rag, ADDRESS_, <Application,Ljava/lang/String> >"
"< Application, Lhedc/PooledExecutorWithInvalidate, DEFAULT_MINIMUMPOOLSIZE, <Primordial,I> >"
"< Application, Ljavax/servlet/http/HttpServletResponse, SC_NOT_MODIFIED, <Primordial,I> >"
"< Application, Ljavax/servlet/jsp/PageContext, PAGE_SCOPE, <Primordial,I> >"
"< Application, Lhedc/DateFormatter, HOUR_OF_DAY0_FIELD, <Primordial,I> >"
"< Application, Lhedc/FormFiller, FFS_META_SEARCH_SERVER_, <Application,Ljava/lang/String> >"
"< Application, Ljavax/servlet/http/HttpServletResponse, SC_MULTIPLE_CHOICES, <Primordial,I> >"
"< Application, Ljavax/servlet/jsp/tagext/TagSupport, class$javax$servlet$jsp$tagext$Tag, <Application,Ljava/lang/Class> >"
"< Application, Ljavax/servlet/jsp/tagext/Tag, EVAL_BODY_INCLUDE, <Primordial,I> >"
"< Application, Lhedc/SohoSynoptic, ADDRESS_, <Application,Ljava/lang/String> >"
"< Application, Lhedc/Rag, NAME_, <Application,Ljava/lang/String> >"
"< Application, Lhedc/MetaSearchImpl, RDI02_, <Application,Ljava/lang/String> >"
"< Application, LEDU/oswego/cs/dl/util/concurrent/FJTaskRunnerGroup, DEFAULT_SCAN_PRIORITY, <Primordial,I> >"
"< Application, Lhedc/ethz/util/EtcUtil, ETC02_, <Application,Ljava/lang/String> >"
"< Application, Lhedc/ethz/util/BaseProperties, BPR_ID_, <Application,Ljava/lang/String> >"
"< Application, Lhedc/DateFormatter, localPatternCharsDefault, <Application,Ljava/lang/String> >"
"< Application, Ljavax/servlet/jsp/JspWriter, NO_BUFFER, <Primordial,I> >"
"< Application, Lhedc/ethz/util/SmartRef, SRF06_, <Application,Ljava/lang/String> >"
"< Application, Lhedc/TaskFactory, TFA_SITES_, <Application,[Ljava/lang/String> >"
"< Application, Lhedc/MetaSearchImpl, TFA01_, <Application,Ljava/lang/String> >"
"< Application, Lhedc/FormFiller, FFS_BROWSE_SERVER_, <Application,Ljava/lang/String> >"
"< Application, Lhedc/ethz/util/HttpLogger, LOG02_, <Application,Ljava/lang/String> >"
"< Application, Ljavax/servlet/http/HttpServletResponse, SC_PARTIAL_CONTENT, <Primordial,I> >"
"< Application, LEDU/oswego/cs/dl/util/concurrent/Sync, ONE_YEAR, <Primordial,J> >"
"< Application, Ljavax/servlet/http/HttpServletResponse, SC_SWITCHING_PROTOCOLS, <Primordial,I> >"
"< Application, Lhedc/ethz/util/URLConnectionReader, UCR01_, <Application,Ljava/lang/String> >"
"< Application, Ljavax/servlet/jsp/tagext/BodyTag, EVAL_BODY_TAG, <Primordial,I> >"
"< Application, Ljavax/servlet/jsp/PageContext, REQUEST_SCOPE, <Primordial,I> >"
"< Application, LEDU/oswego/cs/dl/util/concurrent/Sync, ONE_CENTURY, <Primordial,J> >"
"< Application, Lhedc/ethz/util/SmartRef, SRF07_, <Application,Ljava/lang/String> >"
"< Application, Lhedc/ethz/util/SystemProperties, uniqueInstance_, <Application,Lhedc/ethz/util/SystemProperties> >"
