"< Application, LEDU/oswego/cs/dl/util/concurrent/FJTask, yield()V >"
"< Application, Lhedc/ethz/util/ThreadFactory, getUniqueInstance()Lhedc/ethz/util/ThreadFactory; >"
"< Application, Ljavax/servlet/jsp/tagext/TagSupport, findAncestorWithClass(Ljavax/servlet/jsp/tagext/Tag;Ljava/lang/Class;)Ljavax/servlet/jsp/tagext/Tag; >"
"< Application, Lhedc/ethz/util/Messages, output_(Ljava/lang/String;Ljava/lang/String;)V >"
"< Application, Lhedc/regexp/RegexpCompiler, compile(Ljava/lang/String;Z)Lhedc/regexp/Regexp; >"
"< Application, Lhedc/regexp/Regexp, main([Ljava/lang/String;)V >"
"< Application, LEDU/oswego/cs/dl/util/concurrent/DefaultChannelCapacity, get()I >"
"< Application, Lhedc/ethz/util/EtcUtil, copyFile(Ljava/io/File;Ljava/io/File;)Z >"
"< Application, Lhedc/ethz/util/Messages, error(Ljava/lang/String;Ljava/lang/Object;)V >"
"< Application, Lhedc/regexp/CharClass, cloneCharClass(Lhedc/regexp/Regexp;I)Lhedc/regexp/CharClass; >"
"< Application, LEDU/oswego/cs/dl/util/concurrent/CopyOnWriteArrayList, lastIndexOf(Ljava/lang/Object;[Ljava/lang/Object;I)I >"
"< Application, Lhedc/ethz/util/CopyStream, copyStreamIntoBuffer(Ljava/io/InputStream;I)Ljava/lang/StringBuffer; >"
"< Application, Lhedc/ethz/util/SmartRef, extractPortNo_(Ljava/lang/String;)I >"
"< Application, LEDU/oswego/cs/dl/util/concurrent/FJTask, getFJTaskRunnerGroup()LEDU/oswego/cs/dl/util/concurrent/FJTaskRunnerGroup; >"
"< Application, Lhedc/ethz/util/EtcUtil, getFileFromURI(Ljava/lang/String;)Ljava/lang/String; >"
"< Application, Lhedc/Messages, debug(ILjava/lang/String;)V >"
"< Application, Lhedc/ethz/util/Generator, generateString(Ljava/io/Reader;Ljava/util/Hashtable;)Ljava/lang/String; >"
"< Application, Lhedc/ethz/util/URLConnectionReader, checkUrl(Ljava/lang/String;)I >"
"< Application, Lhedc/Messages, assertErr(Z)V >"
"< Application, Lhedc/Messages, assertErr(ZLjava/lang/String;)V >"
"< Application, Ljavax/servlet/http/HttpServlet, <clinit>()V >"
"< Application, Lhedc/Messages, format(Ljava/lang/String;I)Ljava/lang/String; >"
"< Application, Lhedc/Messages, error(Ljava/lang/String;Ljava/lang/Object;Ljava/lang/Object;)V >"
"< Application, Lhedc/Messages, <clinit>()V >"
"< Application, Lhedc/ethz/util/Messages, format(Ljava/lang/String;Ljava/lang/Object;Ljava/lang/Object;)Ljava/lang/String; >"
"< Application, Lhedc/RandomDate, parse(Ljava/lang/String;)Ljava/util/Date; >"
"< Application, Lhedc/ethz/util/Messages, wlevel()I >"
"< Application, Lhedc/ethz/util/SerializePerformanceTest, printUsage_()V >"
"< Application, Ljavax/servlet/http/HttpUtils, getRequestURL(Ljavax/servlet/http/HttpServletRequest;)Ljava/lang/StringBuffer; >"
"< Application, Lhedc/Messages, wlevel(I)V >"
"< Application, Lhedc/MetaSearchImpl, getUniqueInstance()Lhedc/MetaSearchImpl; >"
"< Application, Lhedc/ethz/util/EstimatorFactory, getUniqueInstance()Lhedc/ethz/util/EstimatorFactory; >"
"< Application, Lhedc/Messages, formatArray([Ljava/lang/Object;)Ljava/lang/String; >"
"< Application, LEDU/oswego/cs/dl/util/concurrent/FJTask, coInvoke([LEDU/oswego/cs/dl/util/concurrent/FJTask;)V >"
"< Application, Ljavax/servlet/ServletOutputStream, <clinit>()V >"
"< Application, Lhedc/SohoSynoptic, <clinit>()V >"
"< Application, Lhedc/ethz/util/Messages, debug(ILjava/lang/String;Ljava/lang/Object;)V >"
"< Application, Lhedc/ethz/util/SerializePerformanceTest, writeData_(Ljava/lang/String;)J >"
"< Application, LEDU/oswego/cs/dl/util/concurrent/TimeDaemon, cancel(Ljava/lang/Object;)V >"
"< Application, Ljavax/servlet/jsp/JspFactory, setDefaultFactory(Ljavax/servlet/jsp/JspFactory;)V >"
"< Application, Lhedc/ethz/util/Messages, format(Ljava/lang/String;Ljava/lang/Object;Ljava/lang/Object;Ljava/lang/Object;Ljava/lang/Object;)Ljava/lang/String; >"
"< Application, Lhedc/ethz/util/Logger, <clinit>()V >"
"< Application, Lhedc/Tester, main([Ljava/lang/String;)V >"
"< Application, Ljavax/servlet/http/NoBodyOutputStream, <clinit>()V >"
"< Application, Lhedc/Messages, output_(Ljava/lang/String;Ljava/lang/String;)V >"
"< Application, LEDU/oswego/cs/dl/util/concurrent/DefaultChannelCapacity, <clinit>()V >"
"< Application, LEDU/oswego/cs/dl/util/concurrent/FJTaskRunner$VolatileTaskRef, newArray(I)[LEDU/oswego/cs/dl/util/concurrent/FJTaskRunner$VolatileTaskRef; >"
"< Application, Lhedc/Tester, <clinit>()V >"
"< Application, Lhedc/ethz/util/Generator, generateThroughBuffer(Ljava/io/Reader;Ljava/io/Writer;Ljava/util/Hashtable;)J >"
"< Application, LEDU/oswego/cs/dl/util/concurrent/DefaultChannelCapacity, set(I)V >"
"< Application, Lhedc/ethz/util/Messages, format(Ljava/lang/String;Ljava/lang/Object;)Ljava/lang/String; >"
"< Application, Lhedc/ethz/util/EtcUtil, main([Ljava/lang/String;)V >"
"< Application, Lhedc/ethz/util/EtcUtil, getPortFromURI(Ljava/lang/String;)I >"
"< Application, Lhedc/ethz/util/DoubleBufferCopy, access$400()Ljava/lang/String; >"
"< Application, Lhedc/Messages, wlevel()I >"
"< Application, Lhedc/ethz/util/Generator, <clinit>()V >"
"< Application, Lhedc/Rag, main([Ljava/lang/String;)V >"
"< Application, Lhedc/ethz/util/Messages, error(Ljava/lang/String;Ljava/lang/Object;Ljava/lang/Object;)V >"
"< Application, Lhedc/Messages, error(Ljava/lang/String;Ljava/lang/Object;Ljava/lang/Object;Ljava/lang/Object;)V >"
"< Application, Lhedc/Messages, format(Ljava/lang/String;II)Ljava/lang/String; >"
"< Application, Lhedc/ethz/util/DoubleBufferCopy, <clinit>()V >"
"< Application, Lhedc/SohoSynoptic, access$000(Ljava/util/Hashtable;Ljava/lang/String;)V >"
"< Application, Lhedc/Messages, warn(ILjava/lang/String;)V >"
"< Application, Lhedc/Messages, dlevel(I)V >"
"< Application, Lhedc/Messages, format(Ljava/lang/String;Ljava/lang/Object;Ljava/lang/Object;Ljava/lang/Object;Ljava/lang/Object;)Ljava/lang/String; >"
"< Application, Lhedc/ethz/util/Messages, dlevel()I >"
"< Application, Lhedc/Messages, format(Ljava/lang/String;Ljava/lang/Object;Ljava/lang/Object;)Ljava/lang/String; >"
"< Application, Lhedc/Messages, warn(ILjava/lang/String;Ljava/lang/Object;)V >"
"< Application, Lhedc/ethz/util/Messages, debug(ILjava/lang/String;Ljava/lang/Object;Ljava/lang/Object;)V >"
"< Application, Lhedc/ethz/util/SerializePerformanceTest, main([Ljava/lang/String;)V >"
"< Application, Lhedc/Messages, main([Ljava/lang/String;)V >"
"< Application, Lhedc/ethz/util/Generator, generateFile(Ljava/io/Reader;Ljava/lang/String;Ljava/util/Hashtable;)J >"
"< Application, Lhedc/ethz/util/RmiLogger, <clinit>()V >"
"< Application, Lhedc/MetaSearchResult, cloneTask(Lhedc/MetaSearchResult;)Lhedc/MetaSearchResult; >"
"< Application, Lhedc/Messages, warn(ILjava/lang/String;Ljava/lang/Object;Ljava/lang/Object;Ljava/lang/Object;Ljava/lang/Object;)V >"
"< Application, Lhedc/ethz/util/SmartRef, main([Ljava/lang/String;)V >"
"< Application, Lhedc/Rag, access$000()Lhedc/DateFormatter; >"
"< Application, Lhedc/ethz/util/SystemProperties, getUniqueInstance()Lhedc/ethz/util/SystemProperties; >"
"< Application, Lhedc/ethz/util/Generator, generateStream(Ljava/io/Reader;Ljava/io/Writer;Ljava/util/Hashtable;)J >"
"< Application, Lhedc/ethz/util/Ftp, main([Ljava/lang/String;)V >"
"< Application, Lhedc/SohoSynoptic, determineAttributes_(Ljava/util/Hashtable;Ljava/lang/String;)V >"
"< Application, Lhedc/Messages, assertErr(ZLjava/lang/String;Ljava/lang/Object;Ljava/lang/Object;Ljava/lang/Object;)V >"
"< Application, Lhedc/Messages, assertErr(ZLjava/lang/String;Ljava/lang/Object;)V >"
"< Application, Lhedc/ethz/util/DoubleBufferCopy, access$200(Lhedc/ethz/util/DoubleBufferCopy;)Lhedc/ethz/util/DoubleBufferCopy$Buffer; >"
"< Application, Lhedc/ethz/util/Messages, warn(ILjava/lang/String;Ljava/lang/Object;Ljava/lang/Object;Ljava/lang/Object;Ljava/lang/Object;)V >"
"< Application, Ljavax/servlet/http/HttpUtils, parseName(Ljava/lang/String;Ljava/lang/StringBuffer;)Ljava/lang/String; >"
"< Application, Ljavax/servlet/jsp/tagext/TagAttributeInfo, getIdAttribute([Ljavax/servlet/jsp/tagext/TagAttributeInfo;)Ljavax/servlet/jsp/tagext/TagAttributeInfo; >"
"< Application, Lhedc/ethz/util/Generator, putBuffer_([C)V >"
"< Application, Lhedc/ethz/util/Estimator, main([Ljava/lang/String;)V >"
"< Application, LEDU/oswego/cs/dl/util/concurrent/CopyOnWriteArrayList, indexOf(Ljava/lang/Object;[Ljava/lang/Object;I)I >"
"< Application, Lhedc/RandomDate, <clinit>()V >"
"< Application, Lhedc/ethz/util/URLConnectionReader, printUsage_()V >"
"< Application, Lhedc/ethz/util/EtcUtil, <clinit>()V >"
"< Application, Lhedc/Messages, debug(ILjava/lang/String;Ljava/lang/Object;Ljava/lang/Object;Ljava/lang/Object;)V >"
"< Application, Lhedc/RandomDate, format(Ljava/util/Date;)Ljava/lang/String; >"
"< Application, Lhedc/ethz/util/Messages, warn(ILjava/lang/String;Ljava/lang/Object;Ljava/lang/Object;)V >"
"< Application, LEDU/oswego/cs/dl/util/concurrent/FJTask, par([LEDU/oswego/cs/dl/util/concurrent/FJTask;)LEDU/oswego/cs/dl/util/concurrent/FJTask; >"
"< Application, Lhedc/ethz/util/Generator, openTemplateFile_(Ljava/lang/String;)[C >"
"< Application, Lhedc/ethz/util/Generator, getBuffer_()[C >"
"< Application, Lhedc/Messages, format(Ljava/lang/String;Ljava/lang/Object;)Ljava/lang/String; >"
"< Application, Lhedc/ethz/util/Messages, format(Ljava/lang/String;Ljava/lang/Object;Ljava/lang/Object;Ljava/lang/Object;)Ljava/lang/String; >"
"< Application, Lhedc/ethz/util/Generator, generate(Ljava/io/Writer;Ljava/util/Hashtable;[C)J >"
"< Application, LEDU/oswego/cs/dl/util/concurrent/ClockDaemon, cancel(Ljava/lang/Object;)V >"
"< Application, Lhedc/ethz/util/Messages, setPrintStream(Ljava/io/PrintStream;)V >"
"< Application, Lhedc/Messages, formatArray([I)Ljava/lang/String; >"
"< Application, Lhedc/ethz/util/DoubleBufferCopy, access$000(Lhedc/ethz/util/DoubleBufferCopy;)Ljava/io/OutputStream; >"
"< Application, Ljavax/servlet/http/HttpUtils, <clinit>()V >"
"< Application, Lhedc/RandomDate, main([Ljava/lang/String;)V >"
"< Application, Lhedc/ethz/util/Logger, closeAllLogs()V >"
"< Application, LEDU/oswego/cs/dl/util/concurrent/FJTask, par(LEDU/oswego/cs/dl/util/concurrent/FJTask;LEDU/oswego/cs/dl/util/concurrent/FJTask;)LEDU/oswego/cs/dl/util/concurrent/FJTask; >"
"< Application, Lhedc/Messages, error(Ljava/lang/String;)V >"
"< Application, Lhedc/ethz/util/Messages, <clinit>()V >"
"< Application, Lhedc/ethz/util/Messages, debug(ILjava/lang/String;Ljava/lang/Object;Ljava/lang/Object;Ljava/lang/Object;)V >"
"< Application, Lhedc/PooledExecutorWithInvalidate, <clinit>()V >"
"< Application, Lhedc/ethz/util/EtcUtil, getLocalHostname()Ljava/lang/String; >"
"< Application, Lhedc/ethz/util/Generator, generateThroughBuffer(Ljava/lang/String;Ljava/io/Writer;Ljava/util/Hashtable;)J >"
"< Application, Lhedc/FormFiller, <clinit>()V >"
"< Application, Lhedc/ethz/util/URLConnectionReader, readURL(Ljava/net/URL;Ljava/io/OutputStream;)V >"
"< Application, Ljavax/servlet/http/HttpUtils, parsePostData(ILjavax/servlet/ServletInputStream;)Ljava/util/Hashtable; >"
"< Application, LEDU/oswego/cs/dl/util/concurrent/FJTask, invoke(LEDU/oswego/cs/dl/util/concurrent/FJTask;)V >"
"< Application, Lhedc/ethz/util/EtcUtil, getHostNameFromURI(Ljava/lang/String;)Ljava/lang/String; >"
"< Application, Lhedc/ethz/util/EtcUtil, changeFileTag(Ljava/lang/String;Ljava/lang/String;)Ljava/lang/String; >"
"< Application, Lhedc/ethz/util/EtcUtil, isLocalHost(Ljava/lang/String;)Z >"
"< Application, Lhedc/regexp/Regexp, compile(Ljava/lang/String;Z)Lhedc/regexp/Regexp; >"
"< Application, Lhedc/MetaSearchImpl, <clinit>()V >"
"< Application, Lhedc/DateFormatter, equals(Ljava/lang/Object;Ljava/lang/Object;)Z >"
"< Application, Lhedc/regexp/RegexpCompiler, compileAlternatives(Lhedc/regexp/Regexp;Lhedc/regexp/CompilerState;I)Lhedc/regexp/Regexp; >"
"< Application, Ljavax/servlet/jsp/tagext/TagData, <clinit>()V >"
"< Application, Lhedc/ethz/util/SerializePerformanceTest, makeData_(I)V >"
"< Application, Lhedc/Messages, format(Ljava/lang/String;D)Ljava/lang/String; >"
"< Application, Ljavax/servlet/http/HttpUtils, parseQueryString(Ljava/lang/String;)Ljava/util/Hashtable; >"
"< Application, Lhedc/ethz/util/DoubleBufferCopy, access$300(Lhedc/ethz/util/DoubleBufferCopy;)Lhedc/ethz/util/DoubleBufferCopy$Buffer; >"
"< Application, Lhedc/Messages, error(Ljava/lang/String;Ljava/lang/Object;)V >"
"< Application, Lhedc/Messages, setPrintStream(Ljava/io/PrintStream;)V >"
"< Application, Lhedc/Messages, assertErr(ZLjava/lang/String;Ljava/lang/Object;Ljava/lang/Object;)V >"
"< Application, Lhedc/regexp/Regexp, compile(Ljava/lang/String;)Lhedc/regexp/Regexp; >"
"< Application, LEDU/oswego/cs/dl/util/concurrent/FJTask, coInvoke(LEDU/oswego/cs/dl/util/concurrent/FJTask;LEDU/oswego/cs/dl/util/concurrent/FJTask;)V >"
"< Application, Lhedc/TaskFactory, <clinit>()V >"
"< Application, Lhedc/ethz/util/Generator, putBuffer_(Ljava/lang/String;[C)V >"
"< Application, Lhedc/MetaSearchResult, access$000(Lhedc/MetaSearchResult;)Z >"
"< Application, Lhedc/regexp/RegexpCompiler, compileAlternative(Lhedc/regexp/CompilerState;Lhedc/regexp/Regexp;)Lhedc/regexp/Regexp; >"
"< Application, Lhedc/ethz/util/Generator, generateStream(Ljava/io/Reader;Ljava/io/OutputStream;Ljava/util/Hashtable;)J >"
"< Application, Lhedc/FormFiller, internalize(Ljava/lang/String;)[C >"
"< Application, Lhedc/ethz/util/HttpLogger, <clinit>()V >"
"< Application, Lhedc/ethz/util/Messages, wlevel(I)V >"
"< Application, Ljavax/servlet/http/Cookie, <clinit>()V >"
"< Application, Lhedc/Messages, warn(ILjava/lang/String;Ljava/lang/Object;Ljava/lang/Object;Ljava/lang/Object;)V >"
"< Application, Lhedc/ethz/util/Messages, dlevel(I)V >"
"< Application, Lhedc/ethz/util/Messages, warn(ILjava/lang/String;Ljava/lang/Object;)V >"
"< Application, Lhedc/ethz/util/Messages, error(Ljava/lang/String;Ljava/lang/Object;Ljava/lang/Object;Ljava/lang/Object;)V >"
"< Application, Ljavax/servlet/jsp/JspFactory, <clinit>()V >"
"< Application, Ljavax/servlet/jsp/JspFactory, getDefaultFactory()Ljavax/servlet/jsp/JspFactory; >"
"< Application, Lhedc/ethz/util/Messages, warn(ILjava/lang/String;Ljava/lang/Object;Ljava/lang/Object;Ljava/lang/Object;)V >"
"< Application, LEDU/oswego/cs/dl/util/concurrent/FJTask, seq([LEDU/oswego/cs/dl/util/concurrent/FJTask;)LEDU/oswego/cs/dl/util/concurrent/FJTask; >"
"< Application, Lhedc/ethz/util/SystemProperties, <clinit>()V >"
"< Application, Lhedc/Messages, dlevel()I >"
"< Application, Lhedc/ethz/util/EtcUtil, getProtocolFromURI(Ljava/lang/String;)Ljava/lang/String; >"
"< Application, Lhedc/ethz/util/DoubleBufferCopy, access$100(Lhedc/ethz/util/DoubleBufferCopy;)Ljava/io/InputStream; >"
"< Application, Lhedc/ethz/util/SmartRef, <clinit>()V >"
"< Application, Lhedc/Rag, <clinit>()V >"
"< Application, Lhedc/Messages, format(Ljava/lang/String;Ljava/lang/Object;Ljava/lang/Object;Ljava/lang/Object;)Ljava/lang/String; >"
"< Application, Lhedc/regexp/Regexp, <clinit>()V >"
"< Application, Lhedc/regexp/Literal, <clinit>()V >"
"< Application, Lhedc/ethz/util/Messages, warn(ILjava/lang/String;)V >"
"< Application, Lhedc/ethz/util/URLConnectionReader, main([Ljava/lang/String;)V >"
"< Application, Lhedc/ethz/util/SystemProperties, setSource(Ljava/lang/String;)V >"
"< Application, Lhedc/Messages, debug(ILjava/lang/String;Ljava/lang/Object;Ljava/lang/Object;)V >"
"< Application, LEDU/oswego/cs/dl/util/concurrent/FJTask, getFJTaskRunner()LEDU/oswego/cs/dl/util/concurrent/FJTaskRunner; >"
"< Application, Lhedc/ethz/util/EtcUtil, getTmpFilename()Ljava/lang/String; >"
"< Application, Ljavax/servlet/jsp/tagext/TagSupport, class$(Ljava/lang/String;)Ljava/lang/Class; >"
"< Application, Lhedc/ethz/util/HttpLogger, getUniqueInstance()Lhedc/ethz/util/HttpLogger; >"
"< Application, Lhedc/regexp/ContextMatch, <clinit>()V >"
"< Application, Lhedc/Messages, debug(ILjava/lang/String;Ljava/lang/Object;)V >"
"< Application, Lhedc/ethz/util/Estimator, <clinit>()V >"
"< Application, Lhedc/Messages, warn(ILjava/lang/String;Ljava/lang/Object;Ljava/lang/Object;)V >"
"< Application, Lhedc/regexp/CharClass, <clinit>()V >"
"< Application, Lhedc/Messages, format(Ljava/lang/String;[Ljava/lang/Object;)Ljava/lang/String; >"
"< Application, Lhedc/ethz/util/RmiLogger, getUniqueInstance()Lhedc/ethz/util/RmiLogger; >"
"< Application, Lhedc/ethz/util/Generator, getBuffer_(Ljava/lang/String;)[C >"
"< Application, LEDU/oswego/cs/dl/util/concurrent/FJTask, seq(LEDU/oswego/cs/dl/util/concurrent/FJTask;LEDU/oswego/cs/dl/util/concurrent/FJTask;)LEDU/oswego/cs/dl/util/concurrent/FJTask; >"
"< Application, Lhedc/ethz/util/Messages, debug(ILjava/lang/String;)V >"
"< Application, Lhedc/SohoSynoptic, main([Ljava/lang/String;)V >"
"< Application, Lhedc/ethz/util/Messages, error(Ljava/lang/String;)V >"
"< Application, Lhedc/ethz/util/EtcUtil, makeURLish(Ljava/lang/String;)Ljava/lang/String; >"
