"</mnt/EXSSD/formulog-artifact-evaluation/artifact/case_studies/symeval/benchmarks/numbrix-unsat/numbrix-unsat.ll>:main:0"	4
"</mnt/EXSSD/formulog-artifact-evaluation/artifact/case_studies/symeval/benchmarks/numbrix-unsat/numbrix-unsat.ll>:main:1"	16
"</mnt/EXSSD/formulog-artifact-evaluation/artifact/case_studies/symeval/benchmarks/numbrix-unsat/numbrix-unsat.ll>:main:2"	16
"</mnt/EXSSD/formulog-artifact-evaluation/artifact/case_studies/symeval/benchmarks/numbrix-unsat/numbrix-unsat.ll>:main:3"	4
"</mnt/EXSSD/formulog-artifact-evaluation/artifact/case_studies/symeval/benchmarks/numbrix-unsat/numbrix-unsat.ll>:main:4"	4
"</mnt/EXSSD/formulog-artifact-evaluation/artifact/case_studies/symeval/benchmarks/numbrix-unsat/numbrix-unsat.ll>:main:5"	4
"</mnt/EXSSD/formulog-artifact-evaluation/artifact/case_studies/symeval/benchmarks/numbrix-unsat/numbrix-unsat.ll>:main:6"	4
"</mnt/EXSSD/formulog-artifact-evaluation/artifact/case_studies/symeval/benchmarks/numbrix-unsat/numbrix-unsat.ll>:main:7"	4
