"</mnt/EXSSD/formulog-artifact-evaluation/artifact/case_studies/symeval/benchmarks/numbrix-unsat/numbrix-unsat.ll>:main:11"	4
"</mnt/EXSSD/formulog-artifact-evaluation/artifact/case_studies/symeval/benchmarks/numbrix-unsat/numbrix-unsat.ll>:main:15"	4
"</mnt/EXSSD/formulog-artifact-evaluation/artifact/case_studies/symeval/benchmarks/numbrix-unsat/numbrix-unsat.ll>:main:19"	4
"</mnt/EXSSD/formulog-artifact-evaluation/artifact/case_studies/symeval/benchmarks/numbrix-unsat/numbrix-unsat.ll>:main:24"	4
"</mnt/EXSSD/formulog-artifact-evaluation/artifact/case_studies/symeval/benchmarks/numbrix-unsat/numbrix-unsat.ll>:main:40"	4
"</mnt/EXSSD/formulog-artifact-evaluation/artifact/case_studies/symeval/benchmarks/numbrix-unsat/numbrix-unsat.ll>:main:45"	4
"</mnt/EXSSD/formulog-artifact-evaluation/artifact/case_studies/symeval/benchmarks/numbrix-unsat/numbrix-unsat.ll>:main:48"	4
"</mnt/EXSSD/formulog-artifact-evaluation/artifact/case_studies/symeval/benchmarks/numbrix-unsat/numbrix-unsat.ll>:main:50"	4
"</mnt/EXSSD/formulog-artifact-evaluation/artifact/case_studies/symeval/benchmarks/numbrix-unsat/numbrix-unsat.ll>:main:54"	4
"</mnt/EXSSD/formulog-artifact-evaluation/artifact/case_studies/symeval/benchmarks/numbrix-unsat/numbrix-unsat.ll>:main:56"	4
"</mnt/EXSSD/formulog-artifact-evaluation/artifact/case_studies/symeval/benchmarks/numbrix-unsat/numbrix-unsat.ll>:main:59"	4
"</mnt/EXSSD/formulog-artifact-evaluation/artifact/case_studies/symeval/benchmarks/numbrix-unsat/numbrix-unsat.ll>:main:66"	4
"</mnt/EXSSD/formulog-artifact-evaluation/artifact/case_studies/symeval/benchmarks/numbrix-unsat/numbrix-unsat.ll>:main:69"	4
"</mnt/EXSSD/formulog-artifact-evaluation/artifact/case_studies/symeval/benchmarks/numbrix-unsat/numbrix-unsat.ll>:main:70"	4
"</mnt/EXSSD/formulog-artifact-evaluation/artifact/case_studies/symeval/benchmarks/numbrix-unsat/numbrix-unsat.ll>:main:73"	4
"</mnt/EXSSD/formulog-artifact-evaluation/artifact/case_studies/symeval/benchmarks/numbrix-unsat/numbrix-unsat.ll>:main:77"	4
"</mnt/EXSSD/formulog-artifact-evaluation/artifact/case_studies/symeval/benchmarks/numbrix-unsat/numbrix-unsat.ll>:main:81"	4
"</mnt/EXSSD/formulog-artifact-evaluation/artifact/case_studies/symeval/benchmarks/numbrix-unsat/numbrix-unsat.ll>:main:85"	4
"</mnt/EXSSD/formulog-artifact-evaluation/artifact/case_studies/symeval/benchmarks/numbrix-unsat/numbrix-unsat.ll>:main:88"	4
"</mnt/EXSSD/formulog-artifact-evaluation/artifact/case_studies/symeval/benchmarks/numbrix-unsat/numbrix-unsat.ll>:main:89"	4
"</mnt/EXSSD/formulog-artifact-evaluation/artifact/case_studies/symeval/benchmarks/numbrix-unsat/numbrix-unsat.ll>:main:92"	4
"</mnt/EXSSD/formulog-artifact-evaluation/artifact/case_studies/symeval/benchmarks/numbrix-unsat/numbrix-unsat.ll>:main:96"	4
"</mnt/EXSSD/formulog-artifact-evaluation/artifact/case_studies/symeval/benchmarks/numbrix-unsat/numbrix-unsat.ll>:main:100"	4
"</mnt/EXSSD/formulog-artifact-evaluation/artifact/case_studies/symeval/benchmarks/numbrix-unsat/numbrix-unsat.ll>:main:104"	4
"</mnt/EXSSD/formulog-artifact-evaluation/artifact/case_studies/symeval/benchmarks/numbrix-unsat/numbrix-unsat.ll>:main:107"	4
"</mnt/EXSSD/formulog-artifact-evaluation/artifact/case_studies/symeval/benchmarks/numbrix-unsat/numbrix-unsat.ll>:main:108"	4
"</mnt/EXSSD/formulog-artifact-evaluation/artifact/case_studies/symeval/benchmarks/numbrix-unsat/numbrix-unsat.ll>:main:110"	4
"</mnt/EXSSD/formulog-artifact-evaluation/artifact/case_studies/symeval/benchmarks/numbrix-unsat/numbrix-unsat.ll>:main:115"	4
"</mnt/EXSSD/formulog-artifact-evaluation/artifact/case_studies/symeval/benchmarks/numbrix-unsat/numbrix-unsat.ll>:main:119"	4
"</mnt/EXSSD/formulog-artifact-evaluation/artifact/case_studies/symeval/benchmarks/numbrix-unsat/numbrix-unsat.ll>:main:123"	4
"</mnt/EXSSD/formulog-artifact-evaluation/artifact/case_studies/symeval/benchmarks/numbrix-unsat/numbrix-unsat.ll>:main:126"	4
"</mnt/EXSSD/formulog-artifact-evaluation/artifact/case_studies/symeval/benchmarks/numbrix-unsat/numbrix-unsat.ll>:main:127"	4
"</mnt/EXSSD/formulog-artifact-evaluation/artifact/case_studies/symeval/benchmarks/numbrix-unsat/numbrix-unsat.ll>:main:129"	4
"</mnt/EXSSD/formulog-artifact-evaluation/artifact/case_studies/symeval/benchmarks/numbrix-unsat/numbrix-unsat.ll>:main:134"	4
"</mnt/EXSSD/formulog-artifact-evaluation/artifact/case_studies/symeval/benchmarks/numbrix-unsat/numbrix-unsat.ll>:main:138"	4
"</mnt/EXSSD/formulog-artifact-evaluation/artifact/case_studies/symeval/benchmarks/numbrix-unsat/numbrix-unsat.ll>:main:142"	4
"</mnt/EXSSD/formulog-artifact-evaluation/artifact/case_studies/symeval/benchmarks/numbrix-unsat/numbrix-unsat.ll>:main:145"	4
"</mnt/EXSSD/formulog-artifact-evaluation/artifact/case_studies/symeval/benchmarks/numbrix-unsat/numbrix-unsat.ll>:main:148"	4
"</mnt/EXSSD/formulog-artifact-evaluation/artifact/case_studies/symeval/benchmarks/numbrix-unsat/numbrix-unsat.ll>:main:152"	4
"</mnt/EXSSD/formulog-artifact-evaluation/artifact/case_studies/symeval/benchmarks/numbrix-unsat/numbrix-unsat.ll>:main:156"	4
"</mnt/EXSSD/formulog-artifact-evaluation/artifact/case_studies/symeval/benchmarks/numbrix-unsat/numbrix-unsat.ll>:main:159"	4
"</mnt/EXSSD/formulog-artifact-evaluation/artifact/case_studies/symeval/benchmarks/numbrix-unsat/numbrix-unsat.ll>:main:163"	4
"</mnt/EXSSD/formulog-artifact-evaluation/artifact/case_studies/symeval/benchmarks/numbrix-unsat/numbrix-unsat.ll>:main:168"	4
"</mnt/EXSSD/formulog-artifact-evaluation/artifact/case_studies/symeval/benchmarks/numbrix-unsat/numbrix-unsat.ll>:main:173"	4
