"</mnt/EXSSD/formulog-artifact-evaluation/artifact/case_studies/symeval/benchmarks/numbrix-unsat/numbrix-unsat.ll>:main:11"	"</mnt/EXSSD/formulog-artifact-evaluation/artifact/case_studies/symeval/benchmarks/numbrix-unsat/numbrix-unsat.ll>:main:%4"
"</mnt/EXSSD/formulog-artifact-evaluation/artifact/case_studies/symeval/benchmarks/numbrix-unsat/numbrix-unsat.ll>:main:15"	"</mnt/EXSSD/formulog-artifact-evaluation/artifact/case_studies/symeval/benchmarks/numbrix-unsat/numbrix-unsat.ll>:main:%4"
"</mnt/EXSSD/formulog-artifact-evaluation/artifact/case_studies/symeval/benchmarks/numbrix-unsat/numbrix-unsat.ll>:main:19"	"</mnt/EXSSD/formulog-artifact-evaluation/artifact/case_studies/symeval/benchmarks/numbrix-unsat/numbrix-unsat.ll>:main:%4"
"</mnt/EXSSD/formulog-artifact-evaluation/artifact/case_studies/symeval/benchmarks/numbrix-unsat/numbrix-unsat.ll>:main:24"	"</mnt/EXSSD/formulog-artifact-evaluation/artifact/case_studies/symeval/benchmarks/numbrix-unsat/numbrix-unsat.ll>:main:%4"
"</mnt/EXSSD/formulog-artifact-evaluation/artifact/case_studies/symeval/benchmarks/numbrix-unsat/numbrix-unsat.ll>:main:40"	"</mnt/EXSSD/formulog-artifact-evaluation/artifact/case_studies/symeval/benchmarks/numbrix-unsat/numbrix-unsat.ll>:main:%5"
"</mnt/EXSSD/formulog-artifact-evaluation/artifact/case_studies/symeval/benchmarks/numbrix-unsat/numbrix-unsat.ll>:main:45"	"</mnt/EXSSD/formulog-artifact-evaluation/artifact/case_studies/symeval/benchmarks/numbrix-unsat/numbrix-unsat.ll>:main:%6"
"</mnt/EXSSD/formulog-artifact-evaluation/artifact/case_studies/symeval/benchmarks/numbrix-unsat/numbrix-unsat.ll>:main:48"	"</mnt/EXSSD/formulog-artifact-evaluation/artifact/case_studies/symeval/benchmarks/numbrix-unsat/numbrix-unsat.ll>:main:%5"
"</mnt/EXSSD/formulog-artifact-evaluation/artifact/case_studies/symeval/benchmarks/numbrix-unsat/numbrix-unsat.ll>:main:50"	"</mnt/EXSSD/formulog-artifact-evaluation/artifact/case_studies/symeval/benchmarks/numbrix-unsat/numbrix-unsat.ll>:main:%6"
"</mnt/EXSSD/formulog-artifact-evaluation/artifact/case_studies/symeval/benchmarks/numbrix-unsat/numbrix-unsat.ll>:main:54"	"</mnt/EXSSD/formulog-artifact-evaluation/artifact/case_studies/symeval/benchmarks/numbrix-unsat/numbrix-unsat.ll>:main:%43"
"</mnt/EXSSD/formulog-artifact-evaluation/artifact/case_studies/symeval/benchmarks/numbrix-unsat/numbrix-unsat.ll>:main:56"	"</mnt/EXSSD/formulog-artifact-evaluation/artifact/case_studies/symeval/benchmarks/numbrix-unsat/numbrix-unsat.ll>:main:%7"
"</mnt/EXSSD/formulog-artifact-evaluation/artifact/case_studies/symeval/benchmarks/numbrix-unsat/numbrix-unsat.ll>:main:59"	"</mnt/EXSSD/formulog-artifact-evaluation/artifact/case_studies/symeval/benchmarks/numbrix-unsat/numbrix-unsat.ll>:main:%7"
"</mnt/EXSSD/formulog-artifact-evaluation/artifact/case_studies/symeval/benchmarks/numbrix-unsat/numbrix-unsat.ll>:main:66"	"</mnt/EXSSD/formulog-artifact-evaluation/artifact/case_studies/symeval/benchmarks/numbrix-unsat/numbrix-unsat.ll>:main:%5"
"</mnt/EXSSD/formulog-artifact-evaluation/artifact/case_studies/symeval/benchmarks/numbrix-unsat/numbrix-unsat.ll>:main:69"	"</mnt/EXSSD/formulog-artifact-evaluation/artifact/case_studies/symeval/benchmarks/numbrix-unsat/numbrix-unsat.ll>:main:%7"
"</mnt/EXSSD/formulog-artifact-evaluation/artifact/case_studies/symeval/benchmarks/numbrix-unsat/numbrix-unsat.ll>:main:70"	"</mnt/EXSSD/formulog-artifact-evaluation/artifact/case_studies/symeval/benchmarks/numbrix-unsat/numbrix-unsat.ll>:main:%5"
"</mnt/EXSSD/formulog-artifact-evaluation/artifact/case_studies/symeval/benchmarks/numbrix-unsat/numbrix-unsat.ll>:main:73"	"</mnt/EXSSD/formulog-artifact-evaluation/artifact/case_studies/symeval/benchmarks/numbrix-unsat/numbrix-unsat.ll>:main:%6"
"</mnt/EXSSD/formulog-artifact-evaluation/artifact/case_studies/symeval/benchmarks/numbrix-unsat/numbrix-unsat.ll>:main:77"	"</mnt/EXSSD/formulog-artifact-evaluation/artifact/case_studies/symeval/benchmarks/numbrix-unsat/numbrix-unsat.ll>:main:%63"
"</mnt/EXSSD/formulog-artifact-evaluation/artifact/case_studies/symeval/benchmarks/numbrix-unsat/numbrix-unsat.ll>:main:81"	"</mnt/EXSSD/formulog-artifact-evaluation/artifact/case_studies/symeval/benchmarks/numbrix-unsat/numbrix-unsat.ll>:main:%8"
"</mnt/EXSSD/formulog-artifact-evaluation/artifact/case_studies/symeval/benchmarks/numbrix-unsat/numbrix-unsat.ll>:main:85"	"</mnt/EXSSD/formulog-artifact-evaluation/artifact/case_studies/symeval/benchmarks/numbrix-unsat/numbrix-unsat.ll>:main:%5"
"</mnt/EXSSD/formulog-artifact-evaluation/artifact/case_studies/symeval/benchmarks/numbrix-unsat/numbrix-unsat.ll>:main:88"	"</mnt/EXSSD/formulog-artifact-evaluation/artifact/case_studies/symeval/benchmarks/numbrix-unsat/numbrix-unsat.ll>:main:%7"
"</mnt/EXSSD/formulog-artifact-evaluation/artifact/case_studies/symeval/benchmarks/numbrix-unsat/numbrix-unsat.ll>:main:89"	"</mnt/EXSSD/formulog-artifact-evaluation/artifact/case_studies/symeval/benchmarks/numbrix-unsat/numbrix-unsat.ll>:main:%5"
"</mnt/EXSSD/formulog-artifact-evaluation/artifact/case_studies/symeval/benchmarks/numbrix-unsat/numbrix-unsat.ll>:main:92"	"</mnt/EXSSD/formulog-artifact-evaluation/artifact/case_studies/symeval/benchmarks/numbrix-unsat/numbrix-unsat.ll>:main:%6"
"</mnt/EXSSD/formulog-artifact-evaluation/artifact/case_studies/symeval/benchmarks/numbrix-unsat/numbrix-unsat.ll>:main:96"	"</mnt/EXSSD/formulog-artifact-evaluation/artifact/case_studies/symeval/benchmarks/numbrix-unsat/numbrix-unsat.ll>:main:%81"
"</mnt/EXSSD/formulog-artifact-evaluation/artifact/case_studies/symeval/benchmarks/numbrix-unsat/numbrix-unsat.ll>:main:100"	"</mnt/EXSSD/formulog-artifact-evaluation/artifact/case_studies/symeval/benchmarks/numbrix-unsat/numbrix-unsat.ll>:main:%8"
"</mnt/EXSSD/formulog-artifact-evaluation/artifact/case_studies/symeval/benchmarks/numbrix-unsat/numbrix-unsat.ll>:main:104"	"</mnt/EXSSD/formulog-artifact-evaluation/artifact/case_studies/symeval/benchmarks/numbrix-unsat/numbrix-unsat.ll>:main:%6"
"</mnt/EXSSD/formulog-artifact-evaluation/artifact/case_studies/symeval/benchmarks/numbrix-unsat/numbrix-unsat.ll>:main:107"	"</mnt/EXSSD/formulog-artifact-evaluation/artifact/case_studies/symeval/benchmarks/numbrix-unsat/numbrix-unsat.ll>:main:%7"
"</mnt/EXSSD/formulog-artifact-evaluation/artifact/case_studies/symeval/benchmarks/numbrix-unsat/numbrix-unsat.ll>:main:108"	"</mnt/EXSSD/formulog-artifact-evaluation/artifact/case_studies/symeval/benchmarks/numbrix-unsat/numbrix-unsat.ll>:main:%5"
"</mnt/EXSSD/formulog-artifact-evaluation/artifact/case_studies/symeval/benchmarks/numbrix-unsat/numbrix-unsat.ll>:main:110"	"</mnt/EXSSD/formulog-artifact-evaluation/artifact/case_studies/symeval/benchmarks/numbrix-unsat/numbrix-unsat.ll>:main:%6"
"</mnt/EXSSD/formulog-artifact-evaluation/artifact/case_studies/symeval/benchmarks/numbrix-unsat/numbrix-unsat.ll>:main:115"	"</mnt/EXSSD/formulog-artifact-evaluation/artifact/case_studies/symeval/benchmarks/numbrix-unsat/numbrix-unsat.ll>:main:%99"
"</mnt/EXSSD/formulog-artifact-evaluation/artifact/case_studies/symeval/benchmarks/numbrix-unsat/numbrix-unsat.ll>:main:119"	"</mnt/EXSSD/formulog-artifact-evaluation/artifact/case_studies/symeval/benchmarks/numbrix-unsat/numbrix-unsat.ll>:main:%8"
"</mnt/EXSSD/formulog-artifact-evaluation/artifact/case_studies/symeval/benchmarks/numbrix-unsat/numbrix-unsat.ll>:main:123"	"</mnt/EXSSD/formulog-artifact-evaluation/artifact/case_studies/symeval/benchmarks/numbrix-unsat/numbrix-unsat.ll>:main:%6"
"</mnt/EXSSD/formulog-artifact-evaluation/artifact/case_studies/symeval/benchmarks/numbrix-unsat/numbrix-unsat.ll>:main:126"	"</mnt/EXSSD/formulog-artifact-evaluation/artifact/case_studies/symeval/benchmarks/numbrix-unsat/numbrix-unsat.ll>:main:%7"
"</mnt/EXSSD/formulog-artifact-evaluation/artifact/case_studies/symeval/benchmarks/numbrix-unsat/numbrix-unsat.ll>:main:127"	"</mnt/EXSSD/formulog-artifact-evaluation/artifact/case_studies/symeval/benchmarks/numbrix-unsat/numbrix-unsat.ll>:main:%5"
"</mnt/EXSSD/formulog-artifact-evaluation/artifact/case_studies/symeval/benchmarks/numbrix-unsat/numbrix-unsat.ll>:main:129"	"</mnt/EXSSD/formulog-artifact-evaluation/artifact/case_studies/symeval/benchmarks/numbrix-unsat/numbrix-unsat.ll>:main:%6"
"</mnt/EXSSD/formulog-artifact-evaluation/artifact/case_studies/symeval/benchmarks/numbrix-unsat/numbrix-unsat.ll>:main:134"	"</mnt/EXSSD/formulog-artifact-evaluation/artifact/case_studies/symeval/benchmarks/numbrix-unsat/numbrix-unsat.ll>:main:%117"
"</mnt/EXSSD/formulog-artifact-evaluation/artifact/case_studies/symeval/benchmarks/numbrix-unsat/numbrix-unsat.ll>:main:138"	"</mnt/EXSSD/formulog-artifact-evaluation/artifact/case_studies/symeval/benchmarks/numbrix-unsat/numbrix-unsat.ll>:main:%8"
"</mnt/EXSSD/formulog-artifact-evaluation/artifact/case_studies/symeval/benchmarks/numbrix-unsat/numbrix-unsat.ll>:main:142"	"</mnt/EXSSD/formulog-artifact-evaluation/artifact/case_studies/symeval/benchmarks/numbrix-unsat/numbrix-unsat.ll>:main:%7"
"</mnt/EXSSD/formulog-artifact-evaluation/artifact/case_studies/symeval/benchmarks/numbrix-unsat/numbrix-unsat.ll>:main:145"	"</mnt/EXSSD/formulog-artifact-evaluation/artifact/case_studies/symeval/benchmarks/numbrix-unsat/numbrix-unsat.ll>:main:%8"
"</mnt/EXSSD/formulog-artifact-evaluation/artifact/case_studies/symeval/benchmarks/numbrix-unsat/numbrix-unsat.ll>:main:148"	"</mnt/EXSSD/formulog-artifact-evaluation/artifact/case_studies/symeval/benchmarks/numbrix-unsat/numbrix-unsat.ll>:main:%8"
"</mnt/EXSSD/formulog-artifact-evaluation/artifact/case_studies/symeval/benchmarks/numbrix-unsat/numbrix-unsat.ll>:main:152"	"</mnt/EXSSD/formulog-artifact-evaluation/artifact/case_studies/symeval/benchmarks/numbrix-unsat/numbrix-unsat.ll>:main:%7"
"</mnt/EXSSD/formulog-artifact-evaluation/artifact/case_studies/symeval/benchmarks/numbrix-unsat/numbrix-unsat.ll>:main:156"	"</mnt/EXSSD/formulog-artifact-evaluation/artifact/case_studies/symeval/benchmarks/numbrix-unsat/numbrix-unsat.ll>:main:%136"
"</mnt/EXSSD/formulog-artifact-evaluation/artifact/case_studies/symeval/benchmarks/numbrix-unsat/numbrix-unsat.ll>:main:159"	"</mnt/EXSSD/formulog-artifact-evaluation/artifact/case_studies/symeval/benchmarks/numbrix-unsat/numbrix-unsat.ll>:main:%7"
"</mnt/EXSSD/formulog-artifact-evaluation/artifact/case_studies/symeval/benchmarks/numbrix-unsat/numbrix-unsat.ll>:main:163"	"</mnt/EXSSD/formulog-artifact-evaluation/artifact/case_studies/symeval/benchmarks/numbrix-unsat/numbrix-unsat.ll>:main:%142"
"</mnt/EXSSD/formulog-artifact-evaluation/artifact/case_studies/symeval/benchmarks/numbrix-unsat/numbrix-unsat.ll>:main:168"	"</mnt/EXSSD/formulog-artifact-evaluation/artifact/case_studies/symeval/benchmarks/numbrix-unsat/numbrix-unsat.ll>:main:%6"
"</mnt/EXSSD/formulog-artifact-evaluation/artifact/case_studies/symeval/benchmarks/numbrix-unsat/numbrix-unsat.ll>:main:173"	"</mnt/EXSSD/formulog-artifact-evaluation/artifact/case_studies/symeval/benchmarks/numbrix-unsat/numbrix-unsat.ll>:main:%5"
