"</mnt/EXSSD/formulog-artifact-evaluation/artifact/case_studies/symeval/benchmarks/numbrix-unsat/numbrix-unsat.ll>:main:8"	4
"</mnt/EXSSD/formulog-artifact-evaluation/artifact/case_studies/symeval/benchmarks/numbrix-unsat/numbrix-unsat.ll>:main:9"	4
"</mnt/EXSSD/formulog-artifact-evaluation/artifact/case_studies/symeval/benchmarks/numbrix-unsat/numbrix-unsat.ll>:main:18"	4
"</mnt/EXSSD/formulog-artifact-evaluation/artifact/case_studies/symeval/benchmarks/numbrix-unsat/numbrix-unsat.ll>:main:22"	4
"</mnt/EXSSD/formulog-artifact-evaluation/artifact/case_studies/symeval/benchmarks/numbrix-unsat/numbrix-unsat.ll>:main:26"	4
"</mnt/EXSSD/formulog-artifact-evaluation/artifact/case_studies/symeval/benchmarks/numbrix-unsat/numbrix-unsat.ll>:main:30"	4
"</mnt/EXSSD/formulog-artifact-evaluation/artifact/case_studies/symeval/benchmarks/numbrix-unsat/numbrix-unsat.ll>:main:32"	8
"</mnt/EXSSD/formulog-artifact-evaluation/artifact/case_studies/symeval/benchmarks/numbrix-unsat/numbrix-unsat.ll>:main:34"	4
"</mnt/EXSSD/formulog-artifact-evaluation/artifact/case_studies/symeval/benchmarks/numbrix-unsat/numbrix-unsat.ll>:main:36"	4
"</mnt/EXSSD/formulog-artifact-evaluation/artifact/case_studies/symeval/benchmarks/numbrix-unsat/numbrix-unsat.ll>:main:38"	4
"</mnt/EXSSD/formulog-artifact-evaluation/artifact/case_studies/symeval/benchmarks/numbrix-unsat/numbrix-unsat.ll>:main:43"	4
"</mnt/EXSSD/formulog-artifact-evaluation/artifact/case_studies/symeval/benchmarks/numbrix-unsat/numbrix-unsat.ll>:main:55"	4
"</mnt/EXSSD/formulog-artifact-evaluation/artifact/case_studies/symeval/benchmarks/numbrix-unsat/numbrix-unsat.ll>:main:65"	4
"</mnt/EXSSD/formulog-artifact-evaluation/artifact/case_studies/symeval/benchmarks/numbrix-unsat/numbrix-unsat.ll>:main:83"	4
"</mnt/EXSSD/formulog-artifact-evaluation/artifact/case_studies/symeval/benchmarks/numbrix-unsat/numbrix-unsat.ll>:main:102"	4
"</mnt/EXSSD/formulog-artifact-evaluation/artifact/case_studies/symeval/benchmarks/numbrix-unsat/numbrix-unsat.ll>:main:121"	4
"</mnt/EXSSD/formulog-artifact-evaluation/artifact/case_studies/symeval/benchmarks/numbrix-unsat/numbrix-unsat.ll>:main:140"	4
"</mnt/EXSSD/formulog-artifact-evaluation/artifact/case_studies/symeval/benchmarks/numbrix-unsat/numbrix-unsat.ll>:main:147"	4
"</mnt/EXSSD/formulog-artifact-evaluation/artifact/case_studies/symeval/benchmarks/numbrix-unsat/numbrix-unsat.ll>:main:158"	4
"</mnt/EXSSD/formulog-artifact-evaluation/artifact/case_studies/symeval/benchmarks/numbrix-unsat/numbrix-unsat.ll>:main:170"	4
"</mnt/EXSSD/formulog-artifact-evaluation/artifact/case_studies/symeval/benchmarks/numbrix-unsat/numbrix-unsat.ll>:main:175"	4
