"</mnt/EXSSD/formulog-artifact-evaluation/artifact/case_studies/symeval/benchmarks/sort-6/sort-6.ll>:main:[basicblock]%18"	"</mnt/EXSSD/formulog-artifact-evaluation/artifact/case_studies/symeval/benchmarks/sort-6/sort-6.ll>:main:[basicblock]%27"
"</mnt/EXSSD/formulog-artifact-evaluation/artifact/case_studies/symeval/benchmarks/sort-6/sort-6.ll>:main:[basicblock]%18"	"</mnt/EXSSD/formulog-artifact-evaluation/artifact/case_studies/symeval/benchmarks/sort-6/sort-6.ll>:main:[basicblock]%0"
"</mnt/EXSSD/formulog-artifact-evaluation/artifact/case_studies/symeval/benchmarks/sort-6/sort-6.ll>:main:[basicblock]%21"	"</mnt/EXSSD/formulog-artifact-evaluation/artifact/case_studies/symeval/benchmarks/sort-6/sort-6.ll>:main:[basicblock]%18"
"</mnt/EXSSD/formulog-artifact-evaluation/artifact/case_studies/symeval/benchmarks/sort-6/sort-6.ll>:main:[basicblock]%27"	"</mnt/EXSSD/formulog-artifact-evaluation/artifact/case_studies/symeval/benchmarks/sort-6/sort-6.ll>:main:[basicblock]%21"
"</mnt/EXSSD/formulog-artifact-evaluation/artifact/case_studies/symeval/benchmarks/sort-6/sort-6.ll>:main:[basicblock]%30"	"</mnt/EXSSD/formulog-artifact-evaluation/artifact/case_studies/symeval/benchmarks/sort-6/sort-6.ll>:main:[basicblock]%18"
"</mnt/EXSSD/formulog-artifact-evaluation/artifact/case_studies/symeval/benchmarks/sort-6/sort-6.ll>:main:[basicblock]%34"	"</mnt/EXSSD/formulog-artifact-evaluation/artifact/case_studies/symeval/benchmarks/sort-6/sort-6.ll>:main:[basicblock]%30"
"</mnt/EXSSD/formulog-artifact-evaluation/artifact/case_studies/symeval/benchmarks/sort-6/sort-6.ll>:main:[basicblock]%35"	"</mnt/EXSSD/formulog-artifact-evaluation/artifact/case_studies/symeval/benchmarks/sort-6/sort-6.ll>:main:[basicblock]%81"
"</mnt/EXSSD/formulog-artifact-evaluation/artifact/case_studies/symeval/benchmarks/sort-6/sort-6.ll>:main:[basicblock]%35"	"</mnt/EXSSD/formulog-artifact-evaluation/artifact/case_studies/symeval/benchmarks/sort-6/sort-6.ll>:main:[basicblock]%34"
"</mnt/EXSSD/formulog-artifact-evaluation/artifact/case_studies/symeval/benchmarks/sort-6/sort-6.ll>:main:[basicblock]%38"	"</mnt/EXSSD/formulog-artifact-evaluation/artifact/case_studies/symeval/benchmarks/sort-6/sort-6.ll>:main:[basicblock]%35"
"</mnt/EXSSD/formulog-artifact-evaluation/artifact/case_studies/symeval/benchmarks/sort-6/sort-6.ll>:main:[basicblock]%47"	"</mnt/EXSSD/formulog-artifact-evaluation/artifact/case_studies/symeval/benchmarks/sort-6/sort-6.ll>:main:[basicblock]%63"
"</mnt/EXSSD/formulog-artifact-evaluation/artifact/case_studies/symeval/benchmarks/sort-6/sort-6.ll>:main:[basicblock]%47"	"</mnt/EXSSD/formulog-artifact-evaluation/artifact/case_studies/symeval/benchmarks/sort-6/sort-6.ll>:main:[basicblock]%38"
"</mnt/EXSSD/formulog-artifact-evaluation/artifact/case_studies/symeval/benchmarks/sort-6/sort-6.ll>:main:[basicblock]%50"	"</mnt/EXSSD/formulog-artifact-evaluation/artifact/case_studies/symeval/benchmarks/sort-6/sort-6.ll>:main:[basicblock]%47"
"</mnt/EXSSD/formulog-artifact-evaluation/artifact/case_studies/symeval/benchmarks/sort-6/sort-6.ll>:main:[basicblock]%59"	"</mnt/EXSSD/formulog-artifact-evaluation/artifact/case_studies/symeval/benchmarks/sort-6/sort-6.ll>:main:[basicblock]%50"
"</mnt/EXSSD/formulog-artifact-evaluation/artifact/case_studies/symeval/benchmarks/sort-6/sort-6.ll>:main:[basicblock]%62"	"</mnt/EXSSD/formulog-artifact-evaluation/artifact/case_studies/symeval/benchmarks/sort-6/sort-6.ll>:main:[basicblock]%59"
"</mnt/EXSSD/formulog-artifact-evaluation/artifact/case_studies/symeval/benchmarks/sort-6/sort-6.ll>:main:[basicblock]%62"	"</mnt/EXSSD/formulog-artifact-evaluation/artifact/case_studies/symeval/benchmarks/sort-6/sort-6.ll>:main:[basicblock]%50"
"</mnt/EXSSD/formulog-artifact-evaluation/artifact/case_studies/symeval/benchmarks/sort-6/sort-6.ll>:main:[basicblock]%63"	"</mnt/EXSSD/formulog-artifact-evaluation/artifact/case_studies/symeval/benchmarks/sort-6/sort-6.ll>:main:[basicblock]%62"
"</mnt/EXSSD/formulog-artifact-evaluation/artifact/case_studies/symeval/benchmarks/sort-6/sort-6.ll>:main:[basicblock]%66"	"</mnt/EXSSD/formulog-artifact-evaluation/artifact/case_studies/symeval/benchmarks/sort-6/sort-6.ll>:main:[basicblock]%47"
"</mnt/EXSSD/formulog-artifact-evaluation/artifact/case_studies/symeval/benchmarks/sort-6/sort-6.ll>:main:[basicblock]%81"	"</mnt/EXSSD/formulog-artifact-evaluation/artifact/case_studies/symeval/benchmarks/sort-6/sort-6.ll>:main:[basicblock]%66"
"</mnt/EXSSD/formulog-artifact-evaluation/artifact/case_studies/symeval/benchmarks/sort-6/sort-6.ll>:main:[basicblock]%84"	"</mnt/EXSSD/formulog-artifact-evaluation/artifact/case_studies/symeval/benchmarks/sort-6/sort-6.ll>:main:[basicblock]%35"
"</mnt/EXSSD/formulog-artifact-evaluation/artifact/case_studies/symeval/benchmarks/sort-6/sort-6.ll>:main:[basicblock]%85"	"</mnt/EXSSD/formulog-artifact-evaluation/artifact/case_studies/symeval/benchmarks/sort-6/sort-6.ll>:main:[basicblock]%102"
"</mnt/EXSSD/formulog-artifact-evaluation/artifact/case_studies/symeval/benchmarks/sort-6/sort-6.ll>:main:[basicblock]%85"	"</mnt/EXSSD/formulog-artifact-evaluation/artifact/case_studies/symeval/benchmarks/sort-6/sort-6.ll>:main:[basicblock]%84"
"</mnt/EXSSD/formulog-artifact-evaluation/artifact/case_studies/symeval/benchmarks/sort-6/sort-6.ll>:main:[basicblock]%88"	"</mnt/EXSSD/formulog-artifact-evaluation/artifact/case_studies/symeval/benchmarks/sort-6/sort-6.ll>:main:[basicblock]%85"
"</mnt/EXSSD/formulog-artifact-evaluation/artifact/case_studies/symeval/benchmarks/sort-6/sort-6.ll>:main:[basicblock]%102"	"</mnt/EXSSD/formulog-artifact-evaluation/artifact/case_studies/symeval/benchmarks/sort-6/sort-6.ll>:main:[basicblock]%88"
"</mnt/EXSSD/formulog-artifact-evaluation/artifact/case_studies/symeval/benchmarks/sort-6/sort-6.ll>:main:[basicblock]%105"	"</mnt/EXSSD/formulog-artifact-evaluation/artifact/case_studies/symeval/benchmarks/sort-6/sort-6.ll>:main:[basicblock]%85"
"</mnt/EXSSD/formulog-artifact-evaluation/artifact/case_studies/symeval/benchmarks/sort-6/sort-6.ll>:main:[basicblock]%106"	"</mnt/EXSSD/formulog-artifact-evaluation/artifact/case_studies/symeval/benchmarks/sort-6/sort-6.ll>:main:[basicblock]%30"
"</mnt/EXSSD/formulog-artifact-evaluation/artifact/case_studies/symeval/benchmarks/sort-6/sort-6.ll>:main:[basicblock]%107"	"</mnt/EXSSD/formulog-artifact-evaluation/artifact/case_studies/symeval/benchmarks/sort-6/sort-6.ll>:main:[basicblock]%153"
"</mnt/EXSSD/formulog-artifact-evaluation/artifact/case_studies/symeval/benchmarks/sort-6/sort-6.ll>:main:[basicblock]%107"	"</mnt/EXSSD/formulog-artifact-evaluation/artifact/case_studies/symeval/benchmarks/sort-6/sort-6.ll>:main:[basicblock]%106"
"</mnt/EXSSD/formulog-artifact-evaluation/artifact/case_studies/symeval/benchmarks/sort-6/sort-6.ll>:main:[basicblock]%110"	"</mnt/EXSSD/formulog-artifact-evaluation/artifact/case_studies/symeval/benchmarks/sort-6/sort-6.ll>:main:[basicblock]%107"
"</mnt/EXSSD/formulog-artifact-evaluation/artifact/case_studies/symeval/benchmarks/sort-6/sort-6.ll>:main:[basicblock]%119"	"</mnt/EXSSD/formulog-artifact-evaluation/artifact/case_studies/symeval/benchmarks/sort-6/sort-6.ll>:main:[basicblock]%135"
"</mnt/EXSSD/formulog-artifact-evaluation/artifact/case_studies/symeval/benchmarks/sort-6/sort-6.ll>:main:[basicblock]%119"	"</mnt/EXSSD/formulog-artifact-evaluation/artifact/case_studies/symeval/benchmarks/sort-6/sort-6.ll>:main:[basicblock]%110"
"</mnt/EXSSD/formulog-artifact-evaluation/artifact/case_studies/symeval/benchmarks/sort-6/sort-6.ll>:main:[basicblock]%122"	"</mnt/EXSSD/formulog-artifact-evaluation/artifact/case_studies/symeval/benchmarks/sort-6/sort-6.ll>:main:[basicblock]%119"
"</mnt/EXSSD/formulog-artifact-evaluation/artifact/case_studies/symeval/benchmarks/sort-6/sort-6.ll>:main:[basicblock]%131"	"</mnt/EXSSD/formulog-artifact-evaluation/artifact/case_studies/symeval/benchmarks/sort-6/sort-6.ll>:main:[basicblock]%122"
"</mnt/EXSSD/formulog-artifact-evaluation/artifact/case_studies/symeval/benchmarks/sort-6/sort-6.ll>:main:[basicblock]%134"	"</mnt/EXSSD/formulog-artifact-evaluation/artifact/case_studies/symeval/benchmarks/sort-6/sort-6.ll>:main:[basicblock]%131"
"</mnt/EXSSD/formulog-artifact-evaluation/artifact/case_studies/symeval/benchmarks/sort-6/sort-6.ll>:main:[basicblock]%134"	"</mnt/EXSSD/formulog-artifact-evaluation/artifact/case_studies/symeval/benchmarks/sort-6/sort-6.ll>:main:[basicblock]%122"
"</mnt/EXSSD/formulog-artifact-evaluation/artifact/case_studies/symeval/benchmarks/sort-6/sort-6.ll>:main:[basicblock]%135"	"</mnt/EXSSD/formulog-artifact-evaluation/artifact/case_studies/symeval/benchmarks/sort-6/sort-6.ll>:main:[basicblock]%134"
"</mnt/EXSSD/formulog-artifact-evaluation/artifact/case_studies/symeval/benchmarks/sort-6/sort-6.ll>:main:[basicblock]%138"	"</mnt/EXSSD/formulog-artifact-evaluation/artifact/case_studies/symeval/benchmarks/sort-6/sort-6.ll>:main:[basicblock]%119"
"</mnt/EXSSD/formulog-artifact-evaluation/artifact/case_studies/symeval/benchmarks/sort-6/sort-6.ll>:main:[basicblock]%153"	"</mnt/EXSSD/formulog-artifact-evaluation/artifact/case_studies/symeval/benchmarks/sort-6/sort-6.ll>:main:[basicblock]%138"
"</mnt/EXSSD/formulog-artifact-evaluation/artifact/case_studies/symeval/benchmarks/sort-6/sort-6.ll>:main:[basicblock]%156"	"</mnt/EXSSD/formulog-artifact-evaluation/artifact/case_studies/symeval/benchmarks/sort-6/sort-6.ll>:main:[basicblock]%107"
"</mnt/EXSSD/formulog-artifact-evaluation/artifact/case_studies/symeval/benchmarks/sort-6/sort-6.ll>:main:[basicblock]%157"	"</mnt/EXSSD/formulog-artifact-evaluation/artifact/case_studies/symeval/benchmarks/sort-6/sort-6.ll>:main:[basicblock]%156"
"</mnt/EXSSD/formulog-artifact-evaluation/artifact/case_studies/symeval/benchmarks/sort-6/sort-6.ll>:main:[basicblock]%157"	"</mnt/EXSSD/formulog-artifact-evaluation/artifact/case_studies/symeval/benchmarks/sort-6/sort-6.ll>:main:[basicblock]%105"
