"</mnt/EXSSD/formulog-artifact-evaluation/artifact/case_studies/symeval/benchmarks/sort-6/sort-6.ll>:main:21"	"</mnt/EXSSD/formulog-artifact-evaluation/artifact/case_studies/symeval/benchmarks/sort-6/sort-6.ll>:main:%4"
"</mnt/EXSSD/formulog-artifact-evaluation/artifact/case_studies/symeval/benchmarks/sort-6/sort-6.ll>:main:25"	"</mnt/EXSSD/formulog-artifact-evaluation/artifact/case_studies/symeval/benchmarks/sort-6/sort-6.ll>:main:%2"
"</mnt/EXSSD/formulog-artifact-evaluation/artifact/case_studies/symeval/benchmarks/sort-6/sort-6.ll>:main:26"	"</mnt/EXSSD/formulog-artifact-evaluation/artifact/case_studies/symeval/benchmarks/sort-6/sort-6.ll>:main:%4"
"</mnt/EXSSD/formulog-artifact-evaluation/artifact/case_studies/symeval/benchmarks/sort-6/sort-6.ll>:main:31"	"</mnt/EXSSD/formulog-artifact-evaluation/artifact/case_studies/symeval/benchmarks/sort-6/sort-6.ll>:main:%4"
"</mnt/EXSSD/formulog-artifact-evaluation/artifact/case_studies/symeval/benchmarks/sort-6/sort-6.ll>:main:37"	"</mnt/EXSSD/formulog-artifact-evaluation/artifact/case_studies/symeval/benchmarks/sort-6/sort-6.ll>:main:%3"
"</mnt/EXSSD/formulog-artifact-evaluation/artifact/case_studies/symeval/benchmarks/sort-6/sort-6.ll>:main:42"	"</mnt/EXSSD/formulog-artifact-evaluation/artifact/case_studies/symeval/benchmarks/sort-6/sort-6.ll>:main:%5"
"</mnt/EXSSD/formulog-artifact-evaluation/artifact/case_studies/symeval/benchmarks/sort-6/sort-6.ll>:main:45"	"</mnt/EXSSD/formulog-artifact-evaluation/artifact/case_studies/symeval/benchmarks/sort-6/sort-6.ll>:main:%5"
"</mnt/EXSSD/formulog-artifact-evaluation/artifact/case_studies/symeval/benchmarks/sort-6/sort-6.ll>:main:47"	"</mnt/EXSSD/formulog-artifact-evaluation/artifact/case_studies/symeval/benchmarks/sort-6/sort-6.ll>:main:%2"
"</mnt/EXSSD/formulog-artifact-evaluation/artifact/case_studies/symeval/benchmarks/sort-6/sort-6.ll>:main:48"	"</mnt/EXSSD/formulog-artifact-evaluation/artifact/case_studies/symeval/benchmarks/sort-6/sort-6.ll>:main:%5"
"</mnt/EXSSD/formulog-artifact-evaluation/artifact/case_studies/symeval/benchmarks/sort-6/sort-6.ll>:main:51"	"</mnt/EXSSD/formulog-artifact-evaluation/artifact/case_studies/symeval/benchmarks/sort-6/sort-6.ll>:main:%43"
"</mnt/EXSSD/formulog-artifact-evaluation/artifact/case_studies/symeval/benchmarks/sort-6/sort-6.ll>:main:53"	"</mnt/EXSSD/formulog-artifact-evaluation/artifact/case_studies/symeval/benchmarks/sort-6/sort-6.ll>:main:%5"
"</mnt/EXSSD/formulog-artifact-evaluation/artifact/case_studies/symeval/benchmarks/sort-6/sort-6.ll>:main:57"	"</mnt/EXSSD/formulog-artifact-evaluation/artifact/case_studies/symeval/benchmarks/sort-6/sort-6.ll>:main:%8"
"</mnt/EXSSD/formulog-artifact-evaluation/artifact/case_studies/symeval/benchmarks/sort-6/sort-6.ll>:main:60"	"</mnt/EXSSD/formulog-artifact-evaluation/artifact/case_studies/symeval/benchmarks/sort-6/sort-6.ll>:main:%2"
"</mnt/EXSSD/formulog-artifact-evaluation/artifact/case_studies/symeval/benchmarks/sort-6/sort-6.ll>:main:61"	"</mnt/EXSSD/formulog-artifact-evaluation/artifact/case_studies/symeval/benchmarks/sort-6/sort-6.ll>:main:%8"
"</mnt/EXSSD/formulog-artifact-evaluation/artifact/case_studies/symeval/benchmarks/sort-6/sort-6.ll>:main:64"	"</mnt/EXSSD/formulog-artifact-evaluation/artifact/case_studies/symeval/benchmarks/sort-6/sort-6.ll>:main:%54"
"</mnt/EXSSD/formulog-artifact-evaluation/artifact/case_studies/symeval/benchmarks/sort-6/sort-6.ll>:main:66"	"</mnt/EXSSD/formulog-artifact-evaluation/artifact/case_studies/symeval/benchmarks/sort-6/sort-6.ll>:main:%9"
"</mnt/EXSSD/formulog-artifact-evaluation/artifact/case_studies/symeval/benchmarks/sort-6/sort-6.ll>:main:67"	"</mnt/EXSSD/formulog-artifact-evaluation/artifact/case_studies/symeval/benchmarks/sort-6/sort-6.ll>:main:%7"
"</mnt/EXSSD/formulog-artifact-evaluation/artifact/case_studies/symeval/benchmarks/sort-6/sort-6.ll>:main:70"	"</mnt/EXSSD/formulog-artifact-evaluation/artifact/case_studies/symeval/benchmarks/sort-6/sort-6.ll>:main:%8"
"</mnt/EXSSD/formulog-artifact-evaluation/artifact/case_studies/symeval/benchmarks/sort-6/sort-6.ll>:main:72"	"</mnt/EXSSD/formulog-artifact-evaluation/artifact/case_studies/symeval/benchmarks/sort-6/sort-6.ll>:main:%9"
"</mnt/EXSSD/formulog-artifact-evaluation/artifact/case_studies/symeval/benchmarks/sort-6/sort-6.ll>:main:76"	"</mnt/EXSSD/formulog-artifact-evaluation/artifact/case_studies/symeval/benchmarks/sort-6/sort-6.ll>:main:%8"
"</mnt/EXSSD/formulog-artifact-evaluation/artifact/case_studies/symeval/benchmarks/sort-6/sort-6.ll>:main:80"	"</mnt/EXSSD/formulog-artifact-evaluation/artifact/case_studies/symeval/benchmarks/sort-6/sort-6.ll>:main:%2"
"</mnt/EXSSD/formulog-artifact-evaluation/artifact/case_studies/symeval/benchmarks/sort-6/sort-6.ll>:main:81"	"</mnt/EXSSD/formulog-artifact-evaluation/artifact/case_studies/symeval/benchmarks/sort-6/sort-6.ll>:main:%5"
"</mnt/EXSSD/formulog-artifact-evaluation/artifact/case_studies/symeval/benchmarks/sort-6/sort-6.ll>:main:84"	"</mnt/EXSSD/formulog-artifact-evaluation/artifact/case_studies/symeval/benchmarks/sort-6/sort-6.ll>:main:%70"
"</mnt/EXSSD/formulog-artifact-evaluation/artifact/case_studies/symeval/benchmarks/sort-6/sort-6.ll>:main:85"	"</mnt/EXSSD/formulog-artifact-evaluation/artifact/case_studies/symeval/benchmarks/sort-6/sort-6.ll>:main:%2"
"</mnt/EXSSD/formulog-artifact-evaluation/artifact/case_studies/symeval/benchmarks/sort-6/sort-6.ll>:main:86"	"</mnt/EXSSD/formulog-artifact-evaluation/artifact/case_studies/symeval/benchmarks/sort-6/sort-6.ll>:main:%6"
"</mnt/EXSSD/formulog-artifact-evaluation/artifact/case_studies/symeval/benchmarks/sort-6/sort-6.ll>:main:90"	"</mnt/EXSSD/formulog-artifact-evaluation/artifact/case_studies/symeval/benchmarks/sort-6/sort-6.ll>:main:%7"
"</mnt/EXSSD/formulog-artifact-evaluation/artifact/case_studies/symeval/benchmarks/sort-6/sort-6.ll>:main:91"	"</mnt/EXSSD/formulog-artifact-evaluation/artifact/case_studies/symeval/benchmarks/sort-6/sort-6.ll>:main:%2"
"</mnt/EXSSD/formulog-artifact-evaluation/artifact/case_studies/symeval/benchmarks/sort-6/sort-6.ll>:main:92"	"</mnt/EXSSD/formulog-artifact-evaluation/artifact/case_studies/symeval/benchmarks/sort-6/sort-6.ll>:main:%5"
"</mnt/EXSSD/formulog-artifact-evaluation/artifact/case_studies/symeval/benchmarks/sort-6/sort-6.ll>:main:97"	"</mnt/EXSSD/formulog-artifact-evaluation/artifact/case_studies/symeval/benchmarks/sort-6/sort-6.ll>:main:%5"
"</mnt/EXSSD/formulog-artifact-evaluation/artifact/case_studies/symeval/benchmarks/sort-6/sort-6.ll>:main:103"	"</mnt/EXSSD/formulog-artifact-evaluation/artifact/case_studies/symeval/benchmarks/sort-6/sort-6.ll>:main:%10"
"</mnt/EXSSD/formulog-artifact-evaluation/artifact/case_studies/symeval/benchmarks/sort-6/sort-6.ll>:main:106"	"</mnt/EXSSD/formulog-artifact-evaluation/artifact/case_studies/symeval/benchmarks/sort-6/sort-6.ll>:main:%2"
"</mnt/EXSSD/formulog-artifact-evaluation/artifact/case_studies/symeval/benchmarks/sort-6/sort-6.ll>:main:107"	"</mnt/EXSSD/formulog-artifact-evaluation/artifact/case_studies/symeval/benchmarks/sort-6/sort-6.ll>:main:%10"
"</mnt/EXSSD/formulog-artifact-evaluation/artifact/case_studies/symeval/benchmarks/sort-6/sort-6.ll>:main:110"	"</mnt/EXSSD/formulog-artifact-evaluation/artifact/case_studies/symeval/benchmarks/sort-6/sort-6.ll>:main:%92"
"</mnt/EXSSD/formulog-artifact-evaluation/artifact/case_studies/symeval/benchmarks/sort-6/sort-6.ll>:main:111"	"</mnt/EXSSD/formulog-artifact-evaluation/artifact/case_studies/symeval/benchmarks/sort-6/sort-6.ll>:main:%2"
"</mnt/EXSSD/formulog-artifact-evaluation/artifact/case_studies/symeval/benchmarks/sort-6/sort-6.ll>:main:112"	"</mnt/EXSSD/formulog-artifact-evaluation/artifact/case_studies/symeval/benchmarks/sort-6/sort-6.ll>:main:%10"
"</mnt/EXSSD/formulog-artifact-evaluation/artifact/case_studies/symeval/benchmarks/sort-6/sort-6.ll>:main:116"	"</mnt/EXSSD/formulog-artifact-evaluation/artifact/case_studies/symeval/benchmarks/sort-6/sort-6.ll>:main:%98"
"</mnt/EXSSD/formulog-artifact-evaluation/artifact/case_studies/symeval/benchmarks/sort-6/sort-6.ll>:main:121"	"</mnt/EXSSD/formulog-artifact-evaluation/artifact/case_studies/symeval/benchmarks/sort-6/sort-6.ll>:main:%10"
"</mnt/EXSSD/formulog-artifact-evaluation/artifact/case_studies/symeval/benchmarks/sort-6/sort-6.ll>:main:128"	"</mnt/EXSSD/formulog-artifact-evaluation/artifact/case_studies/symeval/benchmarks/sort-6/sort-6.ll>:main:%11"
"</mnt/EXSSD/formulog-artifact-evaluation/artifact/case_studies/symeval/benchmarks/sort-6/sort-6.ll>:main:131"	"</mnt/EXSSD/formulog-artifact-evaluation/artifact/case_studies/symeval/benchmarks/sort-6/sort-6.ll>:main:%11"
"</mnt/EXSSD/formulog-artifact-evaluation/artifact/case_studies/symeval/benchmarks/sort-6/sort-6.ll>:main:133"	"</mnt/EXSSD/formulog-artifact-evaluation/artifact/case_studies/symeval/benchmarks/sort-6/sort-6.ll>:main:%2"
"</mnt/EXSSD/formulog-artifact-evaluation/artifact/case_studies/symeval/benchmarks/sort-6/sort-6.ll>:main:134"	"</mnt/EXSSD/formulog-artifact-evaluation/artifact/case_studies/symeval/benchmarks/sort-6/sort-6.ll>:main:%11"
"</mnt/EXSSD/formulog-artifact-evaluation/artifact/case_studies/symeval/benchmarks/sort-6/sort-6.ll>:main:137"	"</mnt/EXSSD/formulog-artifact-evaluation/artifact/case_studies/symeval/benchmarks/sort-6/sort-6.ll>:main:%115"
"</mnt/EXSSD/formulog-artifact-evaluation/artifact/case_studies/symeval/benchmarks/sort-6/sort-6.ll>:main:139"	"</mnt/EXSSD/formulog-artifact-evaluation/artifact/case_studies/symeval/benchmarks/sort-6/sort-6.ll>:main:%11"
"</mnt/EXSSD/formulog-artifact-evaluation/artifact/case_studies/symeval/benchmarks/sort-6/sort-6.ll>:main:143"	"</mnt/EXSSD/formulog-artifact-evaluation/artifact/case_studies/symeval/benchmarks/sort-6/sort-6.ll>:main:%14"
"</mnt/EXSSD/formulog-artifact-evaluation/artifact/case_studies/symeval/benchmarks/sort-6/sort-6.ll>:main:146"	"</mnt/EXSSD/formulog-artifact-evaluation/artifact/case_studies/symeval/benchmarks/sort-6/sort-6.ll>:main:%2"
"</mnt/EXSSD/formulog-artifact-evaluation/artifact/case_studies/symeval/benchmarks/sort-6/sort-6.ll>:main:147"	"</mnt/EXSSD/formulog-artifact-evaluation/artifact/case_studies/symeval/benchmarks/sort-6/sort-6.ll>:main:%14"
"</mnt/EXSSD/formulog-artifact-evaluation/artifact/case_studies/symeval/benchmarks/sort-6/sort-6.ll>:main:150"	"</mnt/EXSSD/formulog-artifact-evaluation/artifact/case_studies/symeval/benchmarks/sort-6/sort-6.ll>:main:%126"
"</mnt/EXSSD/formulog-artifact-evaluation/artifact/case_studies/symeval/benchmarks/sort-6/sort-6.ll>:main:152"	"</mnt/EXSSD/formulog-artifact-evaluation/artifact/case_studies/symeval/benchmarks/sort-6/sort-6.ll>:main:%15"
"</mnt/EXSSD/formulog-artifact-evaluation/artifact/case_studies/symeval/benchmarks/sort-6/sort-6.ll>:main:153"	"</mnt/EXSSD/formulog-artifact-evaluation/artifact/case_studies/symeval/benchmarks/sort-6/sort-6.ll>:main:%13"
"</mnt/EXSSD/formulog-artifact-evaluation/artifact/case_studies/symeval/benchmarks/sort-6/sort-6.ll>:main:156"	"</mnt/EXSSD/formulog-artifact-evaluation/artifact/case_studies/symeval/benchmarks/sort-6/sort-6.ll>:main:%14"
"</mnt/EXSSD/formulog-artifact-evaluation/artifact/case_studies/symeval/benchmarks/sort-6/sort-6.ll>:main:158"	"</mnt/EXSSD/formulog-artifact-evaluation/artifact/case_studies/symeval/benchmarks/sort-6/sort-6.ll>:main:%15"
"</mnt/EXSSD/formulog-artifact-evaluation/artifact/case_studies/symeval/benchmarks/sort-6/sort-6.ll>:main:162"	"</mnt/EXSSD/formulog-artifact-evaluation/artifact/case_studies/symeval/benchmarks/sort-6/sort-6.ll>:main:%14"
"</mnt/EXSSD/formulog-artifact-evaluation/artifact/case_studies/symeval/benchmarks/sort-6/sort-6.ll>:main:166"	"</mnt/EXSSD/formulog-artifact-evaluation/artifact/case_studies/symeval/benchmarks/sort-6/sort-6.ll>:main:%2"
"</mnt/EXSSD/formulog-artifact-evaluation/artifact/case_studies/symeval/benchmarks/sort-6/sort-6.ll>:main:167"	"</mnt/EXSSD/formulog-artifact-evaluation/artifact/case_studies/symeval/benchmarks/sort-6/sort-6.ll>:main:%11"
"</mnt/EXSSD/formulog-artifact-evaluation/artifact/case_studies/symeval/benchmarks/sort-6/sort-6.ll>:main:170"	"</mnt/EXSSD/formulog-artifact-evaluation/artifact/case_studies/symeval/benchmarks/sort-6/sort-6.ll>:main:%142"
"</mnt/EXSSD/formulog-artifact-evaluation/artifact/case_studies/symeval/benchmarks/sort-6/sort-6.ll>:main:171"	"</mnt/EXSSD/formulog-artifact-evaluation/artifact/case_studies/symeval/benchmarks/sort-6/sort-6.ll>:main:%2"
"</mnt/EXSSD/formulog-artifact-evaluation/artifact/case_studies/symeval/benchmarks/sort-6/sort-6.ll>:main:172"	"</mnt/EXSSD/formulog-artifact-evaluation/artifact/case_studies/symeval/benchmarks/sort-6/sort-6.ll>:main:%12"
"</mnt/EXSSD/formulog-artifact-evaluation/artifact/case_studies/symeval/benchmarks/sort-6/sort-6.ll>:main:176"	"</mnt/EXSSD/formulog-artifact-evaluation/artifact/case_studies/symeval/benchmarks/sort-6/sort-6.ll>:main:%13"
"</mnt/EXSSD/formulog-artifact-evaluation/artifact/case_studies/symeval/benchmarks/sort-6/sort-6.ll>:main:177"	"</mnt/EXSSD/formulog-artifact-evaluation/artifact/case_studies/symeval/benchmarks/sort-6/sort-6.ll>:main:%2"
"</mnt/EXSSD/formulog-artifact-evaluation/artifact/case_studies/symeval/benchmarks/sort-6/sort-6.ll>:main:178"	"</mnt/EXSSD/formulog-artifact-evaluation/artifact/case_studies/symeval/benchmarks/sort-6/sort-6.ll>:main:%11"
"</mnt/EXSSD/formulog-artifact-evaluation/artifact/case_studies/symeval/benchmarks/sort-6/sort-6.ll>:main:183"	"</mnt/EXSSD/formulog-artifact-evaluation/artifact/case_studies/symeval/benchmarks/sort-6/sort-6.ll>:main:%11"
