"</mnt/EXSSD/formulog-artifact-evaluation/artifact/case_studies/symeval/benchmarks/sort-6/sort-6.ll>:main:15"	4
"</mnt/EXSSD/formulog-artifact-evaluation/artifact/case_studies/symeval/benchmarks/sort-6/sort-6.ll>:main:18"	8
"</mnt/EXSSD/formulog-artifact-evaluation/artifact/case_studies/symeval/benchmarks/sort-6/sort-6.ll>:main:19"	4
"</mnt/EXSSD/formulog-artifact-evaluation/artifact/case_studies/symeval/benchmarks/sort-6/sort-6.ll>:main:29"	4
"</mnt/EXSSD/formulog-artifact-evaluation/artifact/case_studies/symeval/benchmarks/sort-6/sort-6.ll>:main:33"	4
"</mnt/EXSSD/formulog-artifact-evaluation/artifact/case_studies/symeval/benchmarks/sort-6/sort-6.ll>:main:36"	4
"</mnt/EXSSD/formulog-artifact-evaluation/artifact/case_studies/symeval/benchmarks/sort-6/sort-6.ll>:main:40"	4
"</mnt/EXSSD/formulog-artifact-evaluation/artifact/case_studies/symeval/benchmarks/sort-6/sort-6.ll>:main:46"	4
"</mnt/EXSSD/formulog-artifact-evaluation/artifact/case_studies/symeval/benchmarks/sort-6/sort-6.ll>:main:52"	4
"</mnt/EXSSD/formulog-artifact-evaluation/artifact/case_studies/symeval/benchmarks/sort-6/sort-6.ll>:main:55"	4
"</mnt/EXSSD/formulog-artifact-evaluation/artifact/case_studies/symeval/benchmarks/sort-6/sort-6.ll>:main:65"	4
"</mnt/EXSSD/formulog-artifact-evaluation/artifact/case_studies/symeval/benchmarks/sort-6/sort-6.ll>:main:71"	4
"</mnt/EXSSD/formulog-artifact-evaluation/artifact/case_studies/symeval/benchmarks/sort-6/sort-6.ll>:main:73"	4
"</mnt/EXSSD/formulog-artifact-evaluation/artifact/case_studies/symeval/benchmarks/sort-6/sort-6.ll>:main:78"	4
"</mnt/EXSSD/formulog-artifact-evaluation/artifact/case_studies/symeval/benchmarks/sort-6/sort-6.ll>:main:89"	4
"</mnt/EXSSD/formulog-artifact-evaluation/artifact/case_studies/symeval/benchmarks/sort-6/sort-6.ll>:main:95"	4
"</mnt/EXSSD/formulog-artifact-evaluation/artifact/case_studies/symeval/benchmarks/sort-6/sort-6.ll>:main:99"	4
"</mnt/EXSSD/formulog-artifact-evaluation/artifact/case_studies/symeval/benchmarks/sort-6/sort-6.ll>:main:101"	4
"</mnt/EXSSD/formulog-artifact-evaluation/artifact/case_studies/symeval/benchmarks/sort-6/sort-6.ll>:main:123"	4
"</mnt/EXSSD/formulog-artifact-evaluation/artifact/case_studies/symeval/benchmarks/sort-6/sort-6.ll>:main:126"	4
"</mnt/EXSSD/formulog-artifact-evaluation/artifact/case_studies/symeval/benchmarks/sort-6/sort-6.ll>:main:132"	4
"</mnt/EXSSD/formulog-artifact-evaluation/artifact/case_studies/symeval/benchmarks/sort-6/sort-6.ll>:main:138"	4
"</mnt/EXSSD/formulog-artifact-evaluation/artifact/case_studies/symeval/benchmarks/sort-6/sort-6.ll>:main:141"	4
"</mnt/EXSSD/formulog-artifact-evaluation/artifact/case_studies/symeval/benchmarks/sort-6/sort-6.ll>:main:151"	4
"</mnt/EXSSD/formulog-artifact-evaluation/artifact/case_studies/symeval/benchmarks/sort-6/sort-6.ll>:main:157"	4
"</mnt/EXSSD/formulog-artifact-evaluation/artifact/case_studies/symeval/benchmarks/sort-6/sort-6.ll>:main:159"	4
"</mnt/EXSSD/formulog-artifact-evaluation/artifact/case_studies/symeval/benchmarks/sort-6/sort-6.ll>:main:164"	4
"</mnt/EXSSD/formulog-artifact-evaluation/artifact/case_studies/symeval/benchmarks/sort-6/sort-6.ll>:main:175"	4
"</mnt/EXSSD/formulog-artifact-evaluation/artifact/case_studies/symeval/benchmarks/sort-6/sort-6.ll>:main:181"	4
"</mnt/EXSSD/formulog-artifact-evaluation/artifact/case_studies/symeval/benchmarks/sort-6/sort-6.ll>:main:185"	4
