java_type_ref("<Application,Lorg/hsqldb/lib/AsciiStringInputStream>")
java_type_ref("<Application,Lorg/hsqldb/rowio/RowInputBinary>")
java_type_ref("<Application,Lorg/hsqldb/util/SqlFile$QuitNow>")
java_type_ref("<Application,Lorg/hsqldb/jdbc/jdbcCallableStatement>")
java_type_ref("<Application,Lorg/hsqldb/lib/LongKeyIntValueHashMap$KeySet>")
java_type_ref("<Application,Lorg/hsqldb/lib/HsqlByteArrayOutputStream>")
java_type_ref("<Application,Lorg/hsqldb/util/ValidatingResourceBundle>")
java_type_ref("<Application,Lorg/hsqldb/lib/HsqlThreadFactory>")
java_type_ref("<Application,Lorg/hsqldb/rowio/RowInputTextQuoted>")
java_type_ref("<Application,Lorg/hsqldb/Parser>")
java_type_ref("<Application,Lorg/hsqldb/Node>")
java_type_ref("<Application,Lorg/hsqldb/rowio/RowOutputTextLog>")
java_type_ref("<Application,LGcCallback>")
java_type_ref("<Application,Lorg/hsqldb/rowio/RowInputBase>")
java_type_ref("<Application,Lorg/hsqldb/lib/HsqlList>")
java_type_ref("<Application,Lorg/hsqldb/persist/ScaledRAFile>")
java_type_ref("<Application,Lorg/hsqldb/ServerConfiguration>")
java_type_ref("<Application,Ldacapo/hsqldb/PseudoJDBCBench>")
java_type_ref("<Application,Lorg/hsqldb/lib/StopWatch>")
java_type_ref("<Application,Lorg/hsqldb/lib/Sort>")
java_type_ref("<Application,Lorg/hsqldb/util/DatabaseManagerSwing$3>")
java_type_ref("<Application,Lorg/hsqldb/lib/HsqlDeque>")
java_type_ref("<Application,Lorg/hsqldb/scriptio/ScriptWriterZipped>")
java_type_ref("<Application,Lorg/hsqldb/DITableInfo>")
java_type_ref("<Application,Lorg/hsqldb/Row>")
java_type_ref("<Application,Lorg/hsqldb/View>")
java_type_ref("<Application,Lorg/hsqldb/SetFunction>")
java_type_ref("<Application,Lorg/hsqldb/GroupedResult$1>")
java_type_ref("<Application,Lorg/hsqldb/persist/DataFileBlockManager>")
java_type_ref("<Application,Ldacapo/TeeOutputStream>")
java_type_ref("<Application,Lorg/hsqldb/DITypeInfo>")
java_type_ref("<Application,Lorg/hsqldb/CachedDataRow>")
java_type_ref("<Application,Lorg/hsqldb/util/SqlToolSprayer>")
java_type_ref("<Application,Lorg/hsqldb/util/DatabaseManagerSwing$StatementExecRunnable>")
java_type_ref("<Application,Lorg/hsqldb/DatabaseCommandInterpreter>")
java_type_ref("<Application,Lorg/hsqldb/persist/ScaledRAFileInJar>")
java_type_ref("<Application,Lorg/hsqldb/store/BaseHashMap>")
java_type_ref("<Application,Lorg/hsqldb/Library>")
java_type_ref("<Application,Lorg/hsqldb/util/CommonSwing>")
java_type_ref("<Application,Lorg/hsqldb/DatabaseObjectNames>")
java_type_ref("<Application,Lorg/hsqldb/jdbcDriver>")
java_type_ref("<Application,Lorg/hsqldb/store/ValuePool>")
java_type_ref("<Application,Lorg/hsqldb/util/DatabaseManagerSwing$8>")
java_type_ref("<Application,Lorg/hsqldb/util/Grid>")
java_type_ref("<Application,Lorg/hsqldb/util/GridSwing>")
java_type_ref("<Application,Lorg/hsqldb/jdbc/jdbcDataSource>")
java_type_ref("<Application,Lorg/hsqldb/util/DatabaseManagerSwing$6>")
java_type_ref("<Application,Lorg/hsqldb/Trace>")
java_type_ref("<Application,Lorg/hsqldb/Function>")
java_type_ref("<Application,Lorg/hsqldb/lib/HsqlTimer$TaskRunner>")
java_type_ref("<Application,Lorg/hsqldb/lib/IntKeyLongValueHashMap>")
java_type_ref("<Application,Lorg/hsqldb/lib/HsqlTimer$TaskQueue>")
java_type_ref("<Application,Lorg/hsqldb/lib/HashMap$Values>")
java_type_ref("<Application,Lorg/hsqldb/Table>")
java_type_ref("<Application,Lorg/hsqldb/lib/LongKeyIntValueHashMap$Values>")
java_type_ref("<Application,Lorg/hsqldb/persist/Log>")
java_type_ref("<Application,Lorg/hsqldb/HsqlException>")
java_type_ref("<Application,Ldacapo/parser/Config$Size>")
java_type_ref("<Application,Ldacapo/parser/ConfigFileTokenManager>")
java_type_ref("<Application,Lorg/hsqldb/UserManager>")
java_type_ref("<Application,Lorg/hsqldb/util/ScriptTool>")
java_type_ref("<Application,Lorg/hsqldb/util/SqlFile$BooleanBucket>")
java_type_ref("<Application,Lorg/hsqldb/util/DatabaseManagerSwing$5>")
java_type_ref("<Application,Lorg/hsqldb/jdbc/jdbcSavepoint>")
java_type_ref("<Application,Lorg/hsqldb/lib/StringInputStream>")
java_type_ref("<Application,Lorg/hsqldb/util/DatabaseManagerSwing$DBMPrefs>")
java_type_ref("<Application,Lorg/hsqldb/DINameSpace>")
java_type_ref("<Application,Lorg/hsqldb/util/SqlFile$BadSubst>")
java_type_ref("<Application,Ldacapo/parser/Config>")
java_type_ref("<Application,Ldacapo/Slice>")
java_type_ref("<Application,Lorg/hsqldb/Select>")
java_type_ref("<Application,Lorg/hsqldb/jdbc/jdbcConnection>")
java_type_ref("<Application,Lorg/hsqldb/util/TableSorter>")
java_type_ref("<Application,Lorg/hsqldb/persist/ScaledRAInterface>")
java_type_ref("<Application,Lorg/hsqldb/util/ConnectionDialogCommon>")
java_type_ref("<Application,Lorg/hsqldb/rowio/RowOutputInterface>")
java_type_ref("<Application,Lorg/hsqldb/persist/Cache>")
java_type_ref("<Application,Ldacapo/Digest>")
java_type_ref("<Application,Lorg/hsqldb/lib/LongKeyIntValueHashMap>")
java_type_ref("<Application,Lorg/hsqldb/ServerConstants>")
java_type_ref("<Application,Lorg/hsqldb/util/ConnectionDialog$2>")
java_type_ref("<Application,Lorg/hsqldb/jdbc/Util>")
java_type_ref("<Application,Lorg/hsqldb/rowio/RowOutputBinary>")
java_type_ref("<Application,Lorg/hsqldb/util/CodeSwitcher>")
java_type_ref("<Application,Lorg/hsqldb/lib/ObjectComparator>")
java_type_ref("<Application,Lorg/hsqldb/util/ConnectionSetting>")
java_type_ref("<Application,Lorg/hsqldb/util/CSVWriter>")
java_type_ref("<Application,Lorg/hsqldb/scriptio/ScriptWriterBase>")
java_type_ref("<Application,Lorg/hsqldb/persist/LockFile$FileSecurityException>")
java_type_ref("<Application,Lorg/hsqldb/jdbc/jdbcParameterMetaData>")
java_type_ref("<Application,Lorg/hsqldb/store/ObjectCacheHashMap>")
java_type_ref("<Application,Lorg/hsqldb/ConstraintCore>")
java_type_ref("<Application,Lorg/hsqldb/util/SqlFile$BreakException>")
java_type_ref("<Application,Lorg/hsqldb/util/FontDialogSwing$6>")
java_type_ref("<Application,Ldacapo/parser/ConfigFileConstants>")
java_type_ref("<Application,Lorg/hsqldb/scriptio/ScriptReaderZipped>")
java_type_ref("<Application,Lorg/hsqldb/lib/Collection>")
java_type_ref("<Application,Lorg/hsqldb/util/SqlFile$ContinueException>")
java_type_ref("<Application,Lorg/hsqldb/util/SqlFile$BadSpecial>")
java_type_ref("<Application,Lorg/hsqldb/SequenceManager>")
java_type_ref("<Application,Lorg/hsqldb/lib/FileAccess$FileSync>")
java_type_ref("<Application,Lorg/hsqldb/Like>")
java_type_ref("<Application,Lorg/hsqldb/DatabaseInformation>")
java_type_ref("<Application,Lorg/hsqldb/Column>")
java_type_ref("<Application,Ldacapo/hsqldb/HsqldbHarness>")
java_type_ref("<Application,Lorg/hsqldb/NumberSequence>")
java_type_ref("<Application,Lorg/hsqldb/store/BitMap>")
java_type_ref("<Application,Lorg/hsqldb/util/SqlTool$BadCmdline>")
java_type_ref("<Application,Lorg/hsqldb/MemoryNode>")
java_type_ref("<Application,Lorg/hsqldb/util/FontDialogSwing$7>")
java_type_ref("<Application,Lorg/hsqldb/rowio/RowOutputTextQuoted>")
java_type_ref("<Application,Lorg/hsqldb/HTTPClientConnection>")
java_type_ref("<Application,Lorg/hsqldb/BaseMemoryNode>")
java_type_ref("<Application,Lorg/hsqldb/Database>")
java_type_ref("<Application,Lorg/hsqldb/persist/Logger>")
java_type_ref("<Application,Lorg/hsqldb/util/SqltoolRB>")
java_type_ref("<Application,Lorg/hsqldb/util/SqlFile$RowError>")
java_type_ref("<Application,Lorg/hsqldb/persist/TextCache>")
java_type_ref("<Application,Lorg/hsqldb/Record>")
java_type_ref("<Application,Lorg/hsqldb/persist/DataFileDefrag>")
java_type_ref("<Application,Lorg/hsqldb/util/FontDialogSwing>")
java_type_ref("<Application,Lorg/hsqldb/CompiledStatement>")
java_type_ref("<Application,Lorg/hsqldb/lib/IntKeyIntValueHashMap$KeySet>")
java_type_ref("<Application,Lorg/hsqldb/lib/ThreadFactory>")
java_type_ref("<Application,Lorg/hsqldb/lib/HsqlTaskQueue>")
java_type_ref("<Application,Ldacapo/parser/ParseException>")
java_type_ref("<Application,Lorg/hsqldb/lib/FileUtil$FileSync>")
java_type_ref("<Application,LMMTkCallback>")
java_type_ref("<Application,Lorg/hsqldb/Server$ServerThread>")
java_type_ref("<Application,Lorg/hsqldb/WebServerConnection>")
java_type_ref("<Application,Ldacapo/Benchmark$1>")
java_type_ref("<Application,Ldacapo/hsqldb/Main>")
java_type_ref("<Application,Lorg/hsqldb/jdbc/jdbcResultSet>")
java_type_ref("<Application,Lorg/hsqldb/util/TableSorter$Arrow>")
java_type_ref("<Application,Ldacapo/Benchmark>")
java_type_ref("<Application,Lorg/hsqldb/util/TableSorter$2>")
java_type_ref("<Application,Ldacapo/FileDigest>")
java_type_ref("<Application,Lorg/hsqldb/scriptio/ScriptWriterBinary>")
java_type_ref("<Application,Lorg/hsqldb/BaseTable>")
java_type_ref("<Application,Lorg/hsqldb/Result$ResultIterator>")
java_type_ref("<Application,Lorg/hsqldb/rowio/RowInputTextLog>")
java_type_ref("<Application,Lorg/hsqldb/util/DatabaseManagerSwing>")
java_type_ref("<Application,Lorg/hsqldb/HsqlSocketFactorySecure>")
java_type_ref("<Application,Ldacapo/LatexDescriptions>")
java_type_ref("<Application,Lorg/hsqldb/TableWorks>")
java_type_ref("<Application,Lorg/hsqldb/DatabaseInformationMain>")
java_type_ref("<Application,Lorg/hsqldb/lib/HashSet>")
java_type_ref("<Application,Lorg/hsqldb/Grantee>")
java_type_ref("<Application,Lorg/hsqldb/Result$ResultMetaData>")
java_type_ref("<Application,Lorg/hsqldb/SchemaManager>")
java_type_ref("<Application,Lorg/hsqldb/jdbc/jdbcPreparedStatement>")
java_type_ref("<Application,Ldacapo/TeePrintStream>")
java_type_ref("<Application,Lorg/hsqldb/lib/FileAccess>")
java_type_ref("<Application,Lorg/hsqldb/lib/IntKeyHashMap$Values>")
java_type_ref("<Application,Lorg/hsqldb/lib/HsqlLinkedList$Node>")
java_type_ref("<Application,Lorg/hsqldb/lib/IntKeyHashMap$KeySet>")
java_type_ref("<Application,Lorg/hsqldb/PointerNode>")
java_type_ref("<Application,Ldacapo/Matcher>")
java_type_ref("<Application,Ldacapo/parser/Config$OutputFile>")
java_type_ref("<Application,Lorg/hsqldb/TriggerDef$DefaultTrigger>")
java_type_ref("<Application,Ldacapo/Callback>")
java_type_ref("<Application,Ldacapo/parser/Token>")
java_type_ref("<Application,Lorg/hsqldb/lib/SimpleLog>")
java_type_ref("<Application,Lorg/hsqldb/rowio/RowOutputText>")
java_type_ref("<Application,Lorg/hsqldb/GranteeManager>")
java_type_ref("<Application,Lorg/hsqldb/SessionManager>")
java_type_ref("<Application,Lorg/hsqldb/util/SqlTool>")
java_type_ref("<Application,Lorg/hsqldb/lib/java/JavaSystem>")
java_type_ref("<Application,Lorg/hsqldb/HsqlSocketFactory>")
java_type_ref("<Application,Ldacapo/parser/SimpleCharStream>")
java_type_ref("<Application,Lorg/hsqldb/Session>")
java_type_ref("<Application,Lorg/hsqldb/ResultConstants>")
java_type_ref("<Application,Lorg/hsqldb/TriggerDef>")
java_type_ref("<Application,Lorg/hsqldb/util/DatabaseManagerSwing$7>")
java_type_ref("<Application,Lorg/hsqldb/util/DatabaseManagerSwing$2>")
java_type_ref("<Application,Lorg/hsqldb/Types>")
java_type_ref("<Application,Lorg/hsqldb/Index$1>")
java_type_ref("<Application,Lorg/hsqldb/util/DatabaseManagerCommon>")
java_type_ref("<Application,Ldacapo/TestHarness>")
java_type_ref("<Application,Lorg/hsqldb/lib/StringUtil>")
java_type_ref("<Application,Lorg/hsqldb/DatabaseManager>")
java_type_ref("<Application,Lorg/hsqldb/lib/InOutUtil>")
java_type_ref("<Application,Lorg/hsqldb/util/DatabaseManagerSwing$1>")
java_type_ref("<Application,Lorg/hsqldb/store/BaseHashMap$BaseHashIterator>")
java_type_ref("<Application,Lorg/hsqldb/persist/LockFile$UnexpectedFileIOException>")
java_type_ref("<Application,Lorg/hsqldb/lib/HsqlTimer$Task>")
java_type_ref("<Application,Lorg/hsqldb/CompiledStatementManager>")
java_type_ref("<Application,Lorg/hsqldb/lib/MD5>")
java_type_ref("<Application,Lorg/hsqldb/persist/LockFile$UnexpectedEndOfFileException>")
java_type_ref("<Application,Lorg/hsqldb/util/MainInvoker>")
java_type_ref("<Application,Lorg/hsqldb/DiskNode>")
java_type_ref("<Application,Lorg/hsqldb/Expression$Collector>")
java_type_ref("<Application,Lorg/hsqldb/Tokenizer>")
java_type_ref("<Application,Lorg/hsqldb/TextTable>")
java_type_ref("<Application,Lorg/hsqldb/lib/HsqlHeap>")
java_type_ref("<Application,Lorg/hsqldb/persist/DataFileCache>")
java_type_ref("<Application,Lorg/hsqldb/util/SqlTool$PrivateException>")
java_type_ref("<Application,Lorg/hsqldb/DatabaseInformationFull>")
java_type_ref("<Application,Lorg/hsqldb/lib/HsqlArrayHeap>")
java_type_ref("<Application,Lorg/hsqldb/lib/HsqlTaskQueue$1>")
java_type_ref("<Application,Lorg/hsqldb/util/ShutdownServer>")
java_type_ref("<Application,Lorg/hsqldb/HSQLClientConnection>")
java_type_ref("<Application,Lorg/hsqldb/HsqlNameManager$1>")
java_type_ref("<Application,Lorg/hsqldb/lib/HsqlByteArrayInputStream>")
java_type_ref("<Application,Lorg/hsqldb/Table$RowStore>")
java_type_ref("<Application,Ldacapo/hsqldb/PseudoJDBCBench$MemoryWatcherThread>")
java_type_ref("<Application,Lorg/hsqldb/lib/IntValueHashMap$KeySet>")
java_type_ref("<Application,Lorg/hsqldb/util/DatabaseManagerSwing$10>")
java_type_ref("<Application,Lorg/hsqldb/HsqlNameManager$HsqlName>")
java_type_ref("<Application,Lorg/hsqldb/jdbc/jdbcClob>")
java_type_ref("<Application,Lorg/hsqldb/util/ConnectionDialog$1>")
java_type_ref("<Application,Lorg/hsqldb/Token>")
java_type_ref("<Application,Lorg/hsqldb/lib/StringConverter>")
java_type_ref("<Application,Lorg/hsqldb/ServerConnection>")
java_type_ref("<Application,Lorg/hsqldb/lib/Set>")
java_type_ref("<Application,Lorg/hsqldb/util/FontDialogSwing$5>")
java_type_ref("<Application,Lorg/hsqldb/persist/HsqlDatabaseProperties>")
java_type_ref("<Application,Lorg/hsqldb/lib/HsqlTimer>")
java_type_ref("<Application,Lorg/hsqldb/jdbc/jdbcStatement>")
java_type_ref("<Application,Lorg/hsqldb/store/HashIndex>")
java_type_ref("<Application,Lorg/hsqldb/util/Traceable>")
java_type_ref("<Application,Lorg/hsqldb/util/FontDialogSwing$2>")
java_type_ref("<Application,Lorg/hsqldb/persist/LockFile$FileCanonicalizationException>")
java_type_ref("<Application,Lorg/hsqldb/lib/IntKeyHashMap>")
java_type_ref("<Application,Lorg/hsqldb/lib/ZipUnzipFile>")
java_type_ref("<Application,Lorg/hsqldb/Transaction>")
java_type_ref("<Application,Lorg/hsqldb/util/TableSorter$MouseHandler>")
java_type_ref("<Application,Lorg/hsqldb/Server>")
java_type_ref("<Application,Lorg/hsqldb/util/TableSorter$TableModelHandler>")
java_type_ref("<Application,Lorg/hsqldb/persist/LockFile$WrongMagicException>")
java_type_ref("<Application,Lorg/hsqldb/User>")
java_type_ref("<Application,Lorg/hsqldb/lib/HsqlLinkedList>")
java_type_ref("<Application,Ldacapo/DacapoException>")
java_type_ref("<Application,Lorg/hsqldb/util/FontDialogSwing$3>")
java_type_ref("<Application,Lorg/hsqldb/SubQuery>")
java_type_ref("<Application,Lorg/hsqldb/util/AppendableException>")
java_type_ref("<Application,Lorg/hsqldb/lib/HsqlArrayList>")
java_type_ref("<Application,Lorg/hsqldb/util/DatabaseManagerSwing$9>")
java_type_ref("<Application,Lorg/hsqldb/util/TableSorter$Directive>")
java_type_ref("<Application,Lorg/hsqldb/lib/HashMappedList>")
java_type_ref("<Application,Lorg/hsqldb/Result$1>")
java_type_ref("<Application,Lorg/hsqldb/scriptio/ScriptReaderBase>")
java_type_ref("<Application,Lorg/hsqldb/DatabaseURL>")
java_type_ref("<Application,Lorg/hsqldb/TableFilter>")
java_type_ref("<Application,Ldacapo/parser/ConfigFile>")
java_type_ref("<Application,Lorg/hsqldb/lib/IntLookup>")
java_type_ref("<Application,Lorg/hsqldb/rowio/RowInputInterface>")
java_type_ref("<Application,Lorg/hsqldb/index/RowIterator>")
java_type_ref("<Application,Lorg/hsqldb/HsqlNameManager>")
java_type_ref("<Application,Lorg/hsqldb/Constraint>")
java_type_ref("<Application,Lorg/hsqldb/scriptio/ScriptReaderBinary>")
java_type_ref("<Application,Lorg/hsqldb/persist/ScriptRunner>")
java_type_ref("<Application,Lorg/hsqldb/DatabaseScript>")
java_type_ref("<Application,Lorg/hsqldb/rowio/RowInputText>")
java_type_ref("<Application,Lorg/hsqldb/lib/HsqlTaskQueue$TaskRunner>")
java_type_ref("<Application,Lorg/hsqldb/util/Tree>")
java_type_ref("<Application,Lorg/hsqldb/store/ObjectCacheHashMap$ObjectCacheIterator>")
java_type_ref("<Application,Lorg/hsqldb/lib/IntKeyIntValueHashMap>")
java_type_ref("<Application,Lorg/hsqldb/lib/BaseList$1>")
java_type_ref("<Application,Lorg/hsqldb/jdbc/jdbcStubs>")
java_type_ref("<Application,Lorg/hsqldb/util/TableSorter$SortableHeaderRenderer>")
java_type_ref("<Application,Lorg/hsqldb/SessionInterface>")
java_type_ref("<Application,Lorg/hsqldb/jdbc/jdbcBlob>")
java_type_ref("<Application,Lorg/hsqldb/util/DatabaseManagerSwing$11>")
java_type_ref("<Application,Lorg/hsqldb/lib/ArrayUtil>")
java_type_ref("<Application,Lorg/hsqldb/util/RefCapablePropertyResourceBundle>")
java_type_ref("<Application,Lorg/hsqldb/util/RCData>")
java_type_ref("<Application,Lorg/hsqldb/util/FontDialogSwing$4>")
java_type_ref("<Application,Lorg/hsqldb/persist/LockFile$1>")
java_type_ref("<Application,Lorg/hsqldb/SchemaManager$Schema>")
java_type_ref("<Application,Lorg/hsqldb/util/SqlToolError>")
java_type_ref("<Application,Lorg/hsqldb/lib/IntKeyIntValueHashMap$Values>")
java_type_ref("<Application,Lorg/hsqldb/lib/IntValueHashMap>")
java_type_ref("<Application,Lorg/hsqldb/store/ValuePoolHashMap>")
java_type_ref("<Application,Lorg/hsqldb/util/FontDialogSwing$1>")
java_type_ref("<Application,Lorg/hsqldb/jdbc/jdbcResultSetMetaData>")
java_type_ref("<Application,Lorg/hsqldb/util/TableSorter$Row>")
java_type_ref("<Application,Lorg/hsqldb/persist/LockFile$LockHeldExternallyException>")
java_type_ref("<Application,Lorg/hsqldb/util/SqlTool$SqlToolException>")
java_type_ref("<Application,Lorg/hsqldb/HsqlSocketRequestHandler>")
java_type_ref("<Application,Lorg/hsqldb/lib/Iterator>")
java_type_ref("<Application,Lorg/hsqldb/DIProcedureInfo>")
java_type_ref("<Application,Lorg/hsqldb/lib/BaseList>")
java_type_ref("<Application,Lorg/hsqldb/lib/WrapperIterator>")
java_type_ref("<Application,Lorg/hsqldb/lib/ArrayCounter>")
java_type_ref("<Application,Lorg/hsqldb/HsqlInternalException>")
java_type_ref("<Application,Ldacapo/hsqldb/PseudoJDBCBench$ClientThread>")
java_type_ref("<Application,Lorg/hsqldb/ResultBase>")
java_type_ref("<Application,Lorg/hsqldb/ResultBase$ResultIterator>")
java_type_ref("<Application,Lorg/hsqldb/CompiledStatementExecutor>")
java_type_ref("<Application,Lorg/hsqldb/Index>")
java_type_ref("<Application,Lorg/hsqldb/Index$IndexRowIterator>")
java_type_ref("<Application,Lorg/hsqldb/util/ConnectionDialogSwing>")
java_type_ref("<Application,Lorg/hsqldb/persist/LockFile$WrongLengthException>")
java_type_ref("<Application,Lorg/hsqldb/HsqlServerFactory>")
java_type_ref("<Application,Lorg/hsqldb/persist/TextCache$ByteArray>")
java_type_ref("<Application,Lorg/hsqldb/lib/Storage>")
java_type_ref("<Application,Lorg/hsqldb/scriptio/ScriptReaderText>")
java_type_ref("<Application,Lorg/hsqldb/Trigger>")
java_type_ref("<Application,Lorg/hsqldb/types/Binary>")
java_type_ref("<Application,Lorg/hsqldb/persist/HsqlProperties>")
java_type_ref("<Application,Lorg/hsqldb/jdbc/jdbcDatabaseMetaData>")
java_type_ref("<Application,Lorg/hsqldb/HsqlDateTime$Tokenizer>")
java_type_ref("<Application,LMMTkHarness>")
java_type_ref("<Application,Lorg/hsqldb/jdbc/jdbcColumnMetaData>")
java_type_ref("<Application,Lorg/hsqldb/Expression>")
java_type_ref("<Application,Lorg/hsqldb/lib/BaseList$BaseListIterator>")
java_type_ref("<Application,Lorg/hsqldb/lib/HashMap>")
java_type_ref("<Application,Lorg/hsqldb/GrantConstants>")
java_type_ref("<Application,Lorg/hsqldb/persist/LockFile>")
java_type_ref("<Application,Lorg/hsqldb/util/TableSorter$1>")
java_type_ref("<Application,Lorg/hsqldb/persist/LockFile$HeartbeatRunner>")
java_type_ref("<Application,Lorg/hsqldb/types/JavaObject>")
java_type_ref("<Application,Lorg/hsqldb/Collation>")
java_type_ref("<Application,Lorg/hsqldb/HsqlDateTime>")
java_type_ref("<Application,Lorg/hsqldb/lib/HashMap$KeySet>")
java_type_ref("<Application,Lorg/hsqldb/util/ConnectionDialog>")
java_type_ref("<Application,Lorg/hsqldb/persist/CachedObject>")
java_type_ref("<Application,LMyCallback>")
java_type_ref("<Application,Ldacapo/parser/TokenMgrError>")
java_type_ref("<Application,Lorg/hsqldb/GroupedResult$ResultGroup>")
java_type_ref("<Application,Lorg/hsqldb/lib/FileUtil>")
java_type_ref("<Application,Lorg/hsqldb/util/DatabaseManager>")
java_type_ref("<Application,Lorg/hsqldb/persist/LockFile$BaseException>")
java_type_ref("<Application,Lorg/hsqldb/persist/PersistentStore>")
java_type_ref("<Application,LHarness>")
java_type_ref("<Application,Lorg/hsqldb/TransactionManager>")
java_type_ref("<Application,Lorg/hsqldb/TriggerDef$TriggerData>")
java_type_ref("<Application,Lorg/hsqldb/util/DatabaseManagerSwing$4>")
java_type_ref("<Application,Lorg/hsqldb/rowio/RowOutputBase>")
java_type_ref("<Application,Lorg/hsqldb/lib/DoubleIntIndex>")
java_type_ref("<Application,Lorg/hsqldb/persist/LockFile$UnexpectedFileNotFoundException>")
java_type_ref("<Application,Lorg/hsqldb/scriptio/ScriptWriterText>")
java_type_ref("<Application,Lorg/hsqldb/GroupedResult>")
java_type_ref("<Application,Lorg/hsqldb/util/SqlFile>")
java_type_ref("<Application,Lorg/hsqldb/CachedRow>")
java_type_ref("<Application,Lorg/hsqldb/Result>")
java_type_ref("<Application,Lorg/hsqldb/WebServer>")
java_type_ref("<Application,Lorg/hsqldb/resources/BundleHandler>")
java_type_ref("<Application,Lorg/hsqldb/persist/Cache$CachedObjectComparator>")
