"< Application, Lorg/hsqldb/util/CodeSwitcher, <clinit>()V >"
"< Application, Lorg/hsqldb/DINameSpace, <clinit>()V >"
"< Application, Lorg/hsqldb/HsqlNameManager, <clinit>()V >"
"< Application, Lorg/hsqldb/TriggerDef, <clinit>()V >"
"< Application, Lorg/hsqldb/scriptio/ScriptWriterBase, <clinit>()V >"
"< Application, Lorg/hsqldb/jdbc/jdbcDatabaseMetaData, <clinit>()V >"
"< Application, Lorg/hsqldb/util/ConnectionDialogCommon, <clinit>()V >"
"< Application, Lorg/hsqldb/rowio/RowOutputTextLog, <clinit>()V >"
"< Application, Lorg/hsqldb/CompiledStatementExecutor, <clinit>()V >"
"< Application, Lorg/hsqldb/Trace, <clinit>()V >"
"< Application, Lorg/hsqldb/Collation, <clinit>()V >"
"< Application, Lorg/hsqldb/WebServerConnection, <clinit>()V >"
"< Application, Lorg/hsqldb/util/AppendableException, <clinit>()V >"
"< Application, Lorg/hsqldb/GranteeManager, <clinit>()V >"
"< Application, Lorg/hsqldb/Session, <clinit>()V >"
"< Application, Ldacapo/LatexDescriptions, <clinit>()V >"
"< Application, Lorg/hsqldb/Tokenizer, <clinit>()V >"
"< Application, Lorg/hsqldb/util/SqlToolSprayer, <clinit>()V >"
"< Application, Lorg/hsqldb/store/ValuePool, <clinit>()V >"
"< Application, Lorg/hsqldb/Token, <clinit>()V >"
"< Application, Lorg/hsqldb/WebServer, <clinit>()V >"
"< Application, Ldacapo/hsqldb/PseudoJDBCBench, <clinit>()V >"
"< Application, Ldacapo/TestHarness, <clinit>()V >"
"< Application, Ldacapo/Benchmark, <clinit>()V >"
"< Application, Lorg/hsqldb/lib/WrapperIterator, <clinit>()V >"
"< Application, Lorg/hsqldb/util/RefCapablePropertyResourceBundle, <clinit>()V >"
"< Application, Lorg/hsqldb/resources/BundleHandler, <clinit>()V >"
"< Application, Lorg/hsqldb/lib/StringConverter, <clinit>()V >"
"< Application, Ldacapo/parser/ConfigFileConstants, <clinit>()V >"
"< Application, Lorg/hsqldb/util/TableSorter, <clinit>()V >"
"< Application, Lorg/hsqldb/GrantConstants, <clinit>()V >"
"< Application, Lorg/hsqldb/lib/ArrayUtil, <clinit>()V >"
"< Application, Lorg/hsqldb/lib/FileUtil, <clinit>()V >"
"< Application, Lorg/hsqldb/util/CommonSwing, <clinit>()V >"
"< Application, Ldacapo/parser/ConfigFileTokenManager, <clinit>()V >"
"< Application, Lorg/hsqldb/Library, <clinit>()V >"
"< Application, Lorg/hsqldb/util/SqlTool, <clinit>()V >"
"< Application, Lorg/hsqldb/Column, <clinit>()V >"
"< Application, Ldacapo/parser/ConfigFile, <clinit>()V >"
"< Application, Lorg/hsqldb/CompiledStatement, <clinit>()V >"
"< Application, Lorg/hsqldb/SetFunction, <clinit>()V >"
"< Application, Lorg/hsqldb/persist/LockFile, <clinit>()V >"
"< Application, Lorg/hsqldb/DatabaseCommandInterpreter, <clinit>()V >"
"< Application, Lorg/hsqldb/util/ConnectionDialogSwing, <clinit>()V >"
"< Application, Lorg/hsqldb/jdbcDriver, <clinit>()V >"
"< Application, Lorg/hsqldb/persist/TextCache, <clinit>()V >"
"< Application, Lorg/hsqldb/HsqlNameManager$HsqlName, <clinit>()V >"
"< Application, Lorg/hsqldb/Types, <clinit>()V >"
"< Application, Lorg/hsqldb/scriptio/ScriptWriterText, <clinit>()V >"
"< Application, Lorg/hsqldb/persist/HsqlDatabaseProperties, <clinit>()V >"
"< Application, Lorg/hsqldb/SchemaManager, <clinit>()V >"
"< Application, Lorg/hsqldb/util/SqlFile, <clinit>()V >"
"< Application, Lorg/hsqldb/DatabaseManager, <clinit>()V >"
"< Application, Lorg/hsqldb/util/ScriptTool, <clinit>()V >"
"< Application, Lorg/hsqldb/util/Tree, <clinit>()V >"
"< Application, Lorg/hsqldb/DITableInfo, <clinit>()V >"
"< Application, Lorg/hsqldb/Function, <clinit>()V >"
"< Application, Lorg/hsqldb/ServerConnection, <clinit>()V >"
"< Application, Lorg/hsqldb/util/FontDialogSwing, <clinit>()V >"
"< Application, Lorg/hsqldb/lib/HsqlTimer, <clinit>()V >"
"< Application, Lorg/hsqldb/DatabaseInformationMain, <clinit>()V >"
"< Application, Lorg/hsqldb/Index, <clinit>()V >"
"< Application, Lorg/hsqldb/util/DatabaseManagerSwing, <clinit>()V >"
"< Application, Lorg/hsqldb/util/MainInvoker, <clinit>()V >"
"< Application, Lorg/hsqldb/util/Traceable, <clinit>()V >"
"< Application, Lorg/hsqldb/HsqlDateTime, <clinit>()V >"
"< Application, Lorg/hsqldb/Expression, <clinit>()V >"
"< Application, Ldacapo/Matcher, <clinit>()V >"
"< Application, Lorg/hsqldb/util/SqltoolRB, <clinit>()V >"
"< Application, Lorg/hsqldb/lib/HsqlTaskQueue, <clinit>()V >"
"< Application, Lorg/hsqldb/util/DatabaseManager, <clinit>()V >"
"< Application, Lorg/hsqldb/util/DatabaseManagerCommon, <clinit>()V >"
"< Application, Lorg/hsqldb/DatabaseInformation, <clinit>()V >"
"< Application, Lorg/hsqldb/Parser, <clinit>()V >"
"< Application, Lorg/hsqldb/Server, <clinit>()V >"
