java_type_ref("<Application,Lorg/hsqldb/util/SqlFile$BadSubst>")	java_type_ref("<Primordial,Ljava/io/Serializable>")
java_type_ref("<Application,Lorg/hsqldb/util/Tree>")	java_type_ref("<Primordial,Ljava/awt/image/ImageObserver>")
java_type_ref("<Application,Lorg/hsqldb/rowio/RowOutputTextLog>")	java_type_ref("<Primordial,Ljava/io/Closeable>")
java_type_ref("<Application,Lorg/hsqldb/util/FontDialogSwing$3>")	java_type_ref("<Primordial,Ljava/util/EventListener>")
java_type_ref("<Application,Lorg/hsqldb/scriptio/ScriptWriterBinary>")	java_type_ref("<Primordial,Ljava/lang/Runnable>")
java_type_ref("<Application,Lorg/hsqldb/util/DatabaseManager>")	java_type_ref("<Primordial,Ljava/awt/image/ImageObserver>")
java_type_ref("<Application,Lorg/hsqldb/persist/LockFile$HeartbeatRunner>")	java_type_ref("<Primordial,Ljava/lang/Runnable>")
java_type_ref("<Application,Lorg/hsqldb/util/TableSorter>")	java_type_ref("<Primordial,Ljavax/swing/table/TableModel>")
java_type_ref("<Application,Lorg/hsqldb/util/SqlFile$BadSpecial>")	java_type_ref("<Primordial,Ljava/io/Serializable>")
java_type_ref("<Application,Lorg/hsqldb/util/ConnectionDialog>")	java_type_ref("<Primordial,Ljava/io/Serializable>")
java_type_ref("<Application,Lorg/hsqldb/util/DatabaseManagerSwing>")	java_type_ref("<Primordial,Ljava/io/Serializable>")
java_type_ref("<Application,Lorg/hsqldb/rowio/RowInputBinary>")	java_type_ref("<Application,Lorg/hsqldb/rowio/RowInputInterface>")
java_type_ref("<Application,Ldacapo/parser/ParseException>")	java_type_ref("<Primordial,Ljava/io/Serializable>")
java_type_ref("<Application,Lorg/hsqldb/jdbc/jdbcConnection>")	java_type_ref("<Primordial,Ljava/sql/Connection>")
java_type_ref("<Application,Lorg/hsqldb/util/DatabaseManagerSwing$8>")	java_type_ref("<Primordial,Ljava/lang/Runnable>")
java_type_ref("<Application,Lorg/hsqldb/jdbc/jdbcParameterMetaData>")	java_type_ref("<Primordial,Ljava/sql/Wrapper>")
java_type_ref("<Application,Lorg/hsqldb/util/FontDialogSwing>")	java_type_ref("<Primordial,Ljavax/accessibility/Accessible>")
java_type_ref("<Application,Lorg/hsqldb/util/ConnectionDialogSwing>")	java_type_ref("<Primordial,Ljava/awt/MenuContainer>")
java_type_ref("<Application,Lorg/hsqldb/util/DatabaseManager>")	java_type_ref("<Primordial,Ljava/awt/MenuContainer>")
java_type_ref("<Application,Lorg/hsqldb/lib/HsqlTimer>")	java_type_ref("<Application,Lorg/hsqldb/lib/ThreadFactory>")
java_type_ref("<Application,Lorg/hsqldb/persist/ScaledRAFileInJar>")	java_type_ref("<Application,Lorg/hsqldb/lib/Storage>")
java_type_ref("<Application,Lorg/hsqldb/persist/LockFile$BaseException>")	java_type_ref("<Primordial,Ljava/io/Serializable>")
java_type_ref("<Application,Lorg/hsqldb/persist/ScaledRAInterface>")	java_type_ref("<Application,Lorg/hsqldb/lib/Storage>")
java_type_ref("<Application,Lorg/hsqldb/jdbc/jdbcSavepoint>")	java_type_ref("<Primordial,Ljava/sql/Savepoint>")
java_type_ref("<Application,Lorg/hsqldb/util/DatabaseManagerSwing>")	java_type_ref("<Primordial,Ljava/awt/event/ActionListener>")
java_type_ref("<Application,Lorg/hsqldb/util/DatabaseManagerSwing>")	java_type_ref("<Primordial,Ljava/awt/MenuContainer>")
java_type_ref("<Application,Lorg/hsqldb/util/SqlFile$BreakException>")	java_type_ref("<Primordial,Ljava/io/Serializable>")
java_type_ref("<Application,Lorg/hsqldb/util/FontDialogSwing$1>")	java_type_ref("<Primordial,Ljava/util/EventListener>")
java_type_ref("<Application,Lorg/hsqldb/util/DatabaseManagerSwing$11>")	java_type_ref("<Primordial,Ljava/util/EventListener>")
java_type_ref("<Application,Lorg/hsqldb/rowio/RowInputTextQuoted>")	java_type_ref("<Primordial,Ljava/lang/AutoCloseable>")
java_type_ref("<Application,Lorg/hsqldb/jdbc/jdbcCallableStatement>")	java_type_ref("<Primordial,Ljava/sql/CallableStatement>")
java_type_ref("<Application,Lorg/hsqldb/HsqlInternalException>")	java_type_ref("<Primordial,Ljava/io/Serializable>")
java_type_ref("<Application,Lorg/hsqldb/persist/ScaledRAFile>")	java_type_ref("<Application,Lorg/hsqldb/persist/ScaledRAInterface>")
java_type_ref("<Application,Lorg/hsqldb/rowio/RowOutputTextLog>")	java_type_ref("<Primordial,Ljava/io/DataOutput>")
java_type_ref("<Application,Lorg/hsqldb/util/FontDialogSwing$2>")	java_type_ref("<Primordial,Ljava/awt/event/ActionListener>")
java_type_ref("<Application,Lorg/hsqldb/util/SqlTool$BadCmdline>")	java_type_ref("<Primordial,Ljava/io/Serializable>")
java_type_ref("<Application,Ldacapo/TeeOutputStream>")	java_type_ref("<Primordial,Ljava/lang/AutoCloseable>")
java_type_ref("<Application,Lorg/hsqldb/util/ConnectionDialog>")	java_type_ref("<Primordial,Ljava/awt/event/ActionListener>")
java_type_ref("<Application,Lorg/hsqldb/util/AppendableException>")	java_type_ref("<Primordial,Ljava/io/Serializable>")
java_type_ref("<Application,Lorg/hsqldb/rowio/RowOutputTextQuoted>")	java_type_ref("<Primordial,Ljava/io/DataOutput>")
java_type_ref("<Application,Lorg/hsqldb/rowio/RowInputTextQuoted>")	java_type_ref("<Primordial,Ljava/io/DataInput>")
java_type_ref("<Application,Lorg/hsqldb/util/SqlTool$SqlToolException>")	java_type_ref("<Primordial,Ljava/io/Serializable>")
java_type_ref("<Application,Lorg/hsqldb/util/Tree>")	java_type_ref("<Primordial,Ljavax/accessibility/Accessible>")
java_type_ref("<Application,Lorg/hsqldb/util/ConnectionDialog$1>")	java_type_ref("<Primordial,Ljava/awt/event/ItemListener>")
java_type_ref("<Application,Lorg/hsqldb/HSQLClientConnection>")	java_type_ref("<Application,Lorg/hsqldb/SessionInterface>")
java_type_ref("<Application,Lorg/hsqldb/Session>")	java_type_ref("<Application,Lorg/hsqldb/SessionInterface>")
java_type_ref("<Application,Lorg/hsqldb/jdbc/jdbcConnection>")	java_type_ref("<Primordial,Ljava/sql/Wrapper>")
java_type_ref("<Application,Lorg/hsqldb/lib/HsqlArrayList>")	java_type_ref("<Application,Lorg/hsqldb/lib/HsqlList>")
java_type_ref("<Application,Lorg/hsqldb/util/SqlFile$QuitNow>")	java_type_ref("<Primordial,Ljava/io/Serializable>")
java_type_ref("<Application,Lorg/hsqldb/util/DatabaseManagerSwing$1>")	java_type_ref("<Primordial,Ljava/util/EventListener>")
java_type_ref("<Application,Lorg/hsqldb/rowio/RowInputBinary>")	java_type_ref("<Primordial,Ljava/lang/AutoCloseable>")
java_type_ref("<Application,Lorg/hsqldb/util/DatabaseManagerSwing$2>")	java_type_ref("<Primordial,Ljava/util/EventListener>")
java_type_ref("<Application,Lorg/hsqldb/rowio/RowInputBinary>")	java_type_ref("<Primordial,Ljava/io/Closeable>")
java_type_ref("<Application,Lorg/hsqldb/rowio/RowInputTextLog>")	java_type_ref("<Primordial,Ljava/io/Closeable>")
java_type_ref("<Application,Lorg/hsqldb/util/SqlFile$RowError>")	java_type_ref("<Primordial,Ljava/io/Serializable>")
java_type_ref("<Application,Lorg/hsqldb/util/ConnectionDialogSwing>")	java_type_ref("<Primordial,Ljava/awt/event/ItemListener>")
java_type_ref("<Application,Lorg/hsqldb/util/SqlFile$ContinueException>")	java_type_ref("<Primordial,Ljava/io/Serializable>")
java_type_ref("<Application,Lorg/hsqldb/util/FontDialogSwing$2>")	java_type_ref("<Primordial,Ljava/util/EventListener>")
java_type_ref("<Application,Lorg/hsqldb/persist/LockFile$WrongMagicException>")	java_type_ref("<Primordial,Ljava/io/Serializable>")
java_type_ref("<Application,Lorg/hsqldb/util/ConnectionDialogSwing>")	java_type_ref("<Primordial,Ljavax/accessibility/Accessible>")
java_type_ref("<Application,Lorg/hsqldb/rowio/RowOutputText>")	java_type_ref("<Application,Lorg/hsqldb/rowio/RowOutputInterface>")
java_type_ref("<Application,Ldacapo/TeeOutputStream>")	java_type_ref("<Primordial,Ljava/io/Flushable>")
java_type_ref("<Application,Lorg/hsqldb/util/FontDialogSwing>")	java_type_ref("<Primordial,Ljavax/swing/TransferHandler$HasGetTransferHandler>")
java_type_ref("<Application,Lorg/hsqldb/rowio/RowInputBase>")	java_type_ref("<Primordial,Ljava/io/DataInput>")
java_type_ref("<Application,Lorg/hsqldb/lib/StringInputStream>")	java_type_ref("<Primordial,Ljava/io/Closeable>")
java_type_ref("<Application,Lorg/hsqldb/persist/ScaledRAFileInJar>")	java_type_ref("<Application,Lorg/hsqldb/persist/ScaledRAInterface>")
java_type_ref("<Application,Lorg/hsqldb/lib/LongKeyIntValueHashMap$KeySet>")	java_type_ref("<Application,Lorg/hsqldb/lib/Collection>")
java_type_ref("<Application,Lorg/hsqldb/util/ConnectionDialog$1>")	java_type_ref("<Primordial,Ljava/util/EventListener>")
java_type_ref("<Application,Lorg/hsqldb/lib/HsqlByteArrayOutputStream>")	java_type_ref("<Primordial,Ljava/lang/AutoCloseable>")
java_type_ref("<Application,Lorg/hsqldb/util/DatabaseManagerSwing$4>")	java_type_ref("<Primordial,Ljava/util/EventListener>")
java_type_ref("<Application,Lorg/hsqldb/rowio/RowInputBase>")	java_type_ref("<Primordial,Ljava/io/Closeable>")
java_type_ref("<Application,Ldacapo/TeePrintStream>")	java_type_ref("<Primordial,Ljava/lang/Appendable>")
java_type_ref("<Application,Lorg/hsqldb/jdbc/jdbcStatement>")	java_type_ref("<Primordial,Ljava/sql/Wrapper>")
java_type_ref("<Application,Lorg/hsqldb/util/DatabaseManagerSwing$7>")	java_type_ref("<Primordial,Ljava/lang/Runnable>")
java_type_ref("<Application,Lorg/hsqldb/rowio/RowOutputText>")	java_type_ref("<Primordial,Ljava/io/Flushable>")
java_type_ref("<Application,Ldacapo/parser/ConfigFileTokenManager>")	java_type_ref("<Application,Ldacapo/parser/ConfigFileConstants>")
java_type_ref("<Application,Lorg/hsqldb/jdbc/jdbcPreparedStatement>")	java_type_ref("<Primordial,Ljava/sql/Statement>")
java_type_ref("<Application,Lorg/hsqldb/util/ConnectionDialog$2>")	java_type_ref("<Primordial,Ljava/util/EventListener>")
java_type_ref("<Application,Ldacapo/DacapoException>")	java_type_ref("<Primordial,Ljava/io/Serializable>")
java_type_ref("<Application,Ldacapo/parser/TokenMgrError>")	java_type_ref("<Primordial,Ljava/io/Serializable>")
java_type_ref("<Application,Lorg/hsqldb/util/ConnectionDialogSwing>")	java_type_ref("<Primordial,Ljava/awt/event/ActionListener>")
java_type_ref("<Application,Lorg/hsqldb/ServerConnection>")	java_type_ref("<Primordial,Ljava/lang/Runnable>")
java_type_ref("<Application,Lorg/hsqldb/util/TableSorter$1>")	java_type_ref("<Primordial,Ljava/util/Comparator>")
java_type_ref("<Application,Lorg/hsqldb/util/DatabaseManagerSwing$4>")	java_type_ref("<Primordial,Ljava/awt/event/ActionListener>")
java_type_ref("<Application,Lorg/hsqldb/util/DatabaseManagerSwing>")	java_type_ref("<Primordial,Ljava/awt/event/KeyListener>")
java_type_ref("<Application,Lorg/hsqldb/rowio/RowOutputBinary>")	java_type_ref("<Primordial,Ljava/lang/AutoCloseable>")
java_type_ref("<Application,Lorg/hsqldb/util/DatabaseManagerSwing$5>")	java_type_ref("<Primordial,Ljava/lang/Runnable>")
java_type_ref("<Application,Lorg/hsqldb/store/BaseHashMap$BaseHashIterator>")	java_type_ref("<Application,Lorg/hsqldb/lib/Iterator>")
java_type_ref("<Application,Lorg/hsqldb/rowio/RowInputBase>")	java_type_ref("<Primordial,Ljava/lang/AutoCloseable>")
java_type_ref("<Application,Lorg/hsqldb/util/DatabaseManager>")	java_type_ref("<Primordial,Ljava/io/Serializable>")
java_type_ref("<Application,Lorg/hsqldb/util/FontDialogSwing>")	java_type_ref("<Primordial,Ljava/io/Serializable>")
java_type_ref("<Application,Lorg/hsqldb/lib/HsqlTimer$TaskRunner>")	java_type_ref("<Primordial,Ljava/lang/Runnable>")
java_type_ref("<Application,Lorg/hsqldb/util/TableSorter$SortableHeaderRenderer>")	java_type_ref("<Primordial,Ljavax/swing/table/TableCellRenderer>")
java_type_ref("<Application,Lorg/hsqldb/CachedRow>")	java_type_ref("<Application,Lorg/hsqldb/persist/CachedObject>")
java_type_ref("<Application,Lorg/hsqldb/GranteeManager>")	java_type_ref("<Application,Lorg/hsqldb/GrantConstants>")
java_type_ref("<Application,Lorg/hsqldb/util/FontDialogSwing$7>")	java_type_ref("<Primordial,Ljava/util/EventListener>")
java_type_ref("<Application,Lorg/hsqldb/rowio/RowOutputText>")	java_type_ref("<Primordial,Ljava/io/Closeable>")
java_type_ref("<Application,Ldacapo/Benchmark$1>")	java_type_ref("<Primordial,Ljava/io/FilenameFilter>")
java_type_ref("<Application,Lorg/hsqldb/lib/HsqlThreadFactory>")	java_type_ref("<Application,Lorg/hsqldb/lib/ThreadFactory>")
java_type_ref("<Application,Lorg/hsqldb/util/DatabaseManagerSwing$11>")	java_type_ref("<Primordial,Ljava/awt/event/ActionListener>")
java_type_ref("<Application,Lorg/hsqldb/lib/IntKeyIntValueHashMap$Values>")	java_type_ref("<Application,Lorg/hsqldb/lib/Collection>")
java_type_ref("<Application,Lorg/hsqldb/persist/LockFile$UnexpectedEndOfFileException>")	java_type_ref("<Primordial,Ljava/io/Serializable>")
java_type_ref("<Application,Lorg/hsqldb/lib/HsqlDeque>")	java_type_ref("<Application,Lorg/hsqldb/lib/Collection>")
java_type_ref("<Application,Lorg/hsqldb/jdbc/jdbcStatement>")	java_type_ref("<Primordial,Ljava/sql/Statement>")
java_type_ref("<Application,Lorg/hsqldb/rowio/RowOutputTextLog>")	java_type_ref("<Application,Lorg/hsqldb/rowio/RowOutputInterface>")
java_type_ref("<Application,Lorg/hsqldb/util/ConnectionDialogSwing>")	java_type_ref("<Primordial,Ljavax/swing/TransferHandler$HasGetTransferHandler>")
java_type_ref("<Application,Lorg/hsqldb/util/DatabaseManagerSwing>")	java_type_ref("<Primordial,Ljavax/accessibility/Accessible>")
java_type_ref("<Application,Lorg/hsqldb/util/ConnectionSetting>")	java_type_ref("<Primordial,Ljava/io/Serializable>")
java_type_ref("<Application,Lorg/hsqldb/lib/HsqlTaskQueue$TaskRunner>")	java_type_ref("<Primordial,Ljava/lang/Runnable>")
java_type_ref("<Application,Lorg/hsqldb/TriggerDef$DefaultTrigger>")	java_type_ref("<Application,Lorg/hsqldb/Trigger>")
java_type_ref("<Application,Lorg/hsqldb/lib/IntKeyIntValueHashMap$KeySet>")	java_type_ref("<Application,Lorg/hsqldb/lib/Collection>")
java_type_ref("<Application,Lorg/hsqldb/util/TableSorter>")	java_type_ref("<Primordial,Ljava/io/Serializable>")
java_type_ref("<Application,Lorg/hsqldb/util/FontDialogSwing>")	java_type_ref("<Primordial,Ljava/awt/image/ImageObserver>")
java_type_ref("<Application,Lorg/hsqldb/util/ConnectionDialogSwing>")	java_type_ref("<Primordial,Ljavax/swing/WindowConstants>")
java_type_ref("<Application,Lorg/hsqldb/util/FontDialogSwing$4>")	java_type_ref("<Primordial,Ljava/awt/event/ActionListener>")
java_type_ref("<Application,Lorg/hsqldb/lib/IntKeyHashMap$KeySet>")	java_type_ref("<Application,Lorg/hsqldb/lib/Collection>")
java_type_ref("<Application,Lorg/hsqldb/rowio/RowOutputTextQuoted>")	java_type_ref("<Primordial,Ljava/io/Closeable>")
java_type_ref("<Application,Lorg/hsqldb/rowio/RowInputTextQuoted>")	java_type_ref("<Application,Lorg/hsqldb/rowio/RowInputInterface>")
java_type_ref("<Application,Lorg/hsqldb/rowio/RowInputText>")	java_type_ref("<Primordial,Ljava/lang/AutoCloseable>")
java_type_ref("<Application,Lorg/hsqldb/lib/AsciiStringInputStream>")	java_type_ref("<Primordial,Ljava/io/Closeable>")
java_type_ref("<Application,Lorg/hsqldb/util/DatabaseManagerSwing>")	java_type_ref("<Primordial,Ljava/awt/event/WindowListener>")
java_type_ref("<Application,Lorg/hsqldb/jdbc/jdbcBlob>")	java_type_ref("<Primordial,Ljava/sql/Blob>")
java_type_ref("<Application,Lorg/hsqldb/jdbc/jdbcResultSetMetaData>")	java_type_ref("<Primordial,Ljava/sql/ResultSetMetaData>")
java_type_ref("<Application,Lorg/hsqldb/util/FontDialogSwing$7>")	java_type_ref("<Primordial,Ljava/awt/event/ItemListener>")
java_type_ref("<Application,Lorg/hsqldb/Row>")	java_type_ref("<Application,Lorg/hsqldb/persist/CachedObject>")
java_type_ref("<Application,Lorg/hsqldb/util/TableSorter$Row>")	java_type_ref("<Primordial,Ljava/lang/Comparable>")
java_type_ref("<Application,Lorg/hsqldb/util/TableSorter$Arrow>")	java_type_ref("<Primordial,Ljavax/swing/Icon>")
java_type_ref("<Application,Lorg/hsqldb/lib/HsqlByteArrayOutputStream>")	java_type_ref("<Primordial,Ljava/io/Flushable>")
java_type_ref("<Application,Lorg/hsqldb/util/DatabaseManagerSwing$9>")	java_type_ref("<Primordial,Ljava/util/EventListener>")
java_type_ref("<Application,Lorg/hsqldb/util/FontDialogSwing>")	java_type_ref("<Primordial,Ljavax/swing/WindowConstants>")
java_type_ref("<Application,Lorg/hsqldb/util/DatabaseManager>")	java_type_ref("<Primordial,Ljava/awt/event/WindowListener>")
java_type_ref("<Application,Lorg/hsqldb/util/FontDialogSwing$1>")	java_type_ref("<Primordial,Ljava/awt/event/ActionListener>")
java_type_ref("<Application,Lorg/hsqldb/util/DatabaseManagerSwing$3>")	java_type_ref("<Primordial,Ljava/awt/event/ActionListener>")
java_type_ref("<Application,Lorg/hsqldb/WebServerConnection>")	java_type_ref("<Primordial,Ljava/lang/Runnable>")
java_type_ref("<Application,Lorg/hsqldb/jdbc/jdbcPreparedStatement>")	java_type_ref("<Primordial,Ljava/lang/AutoCloseable>")
java_type_ref("<Application,Lorg/hsqldb/rowio/RowOutputBase>")	java_type_ref("<Application,Lorg/hsqldb/rowio/RowOutputInterface>")
java_type_ref("<Application,Ldacapo/TeePrintStream>")	java_type_ref("<Primordial,Ljava/io/Closeable>")
java_type_ref("<Application,Lorg/hsqldb/jdbc/jdbcDatabaseMetaData>")	java_type_ref("<Primordial,Ljava/sql/DatabaseMetaData>")
java_type_ref("<Application,Lorg/hsqldb/util/FontDialogSwing>")	java_type_ref("<Primordial,Ljavax/swing/RootPaneContainer>")
java_type_ref("<Application,Lorg/hsqldb/persist/LockFile$FileSecurityException>")	java_type_ref("<Primordial,Ljava/io/Serializable>")
java_type_ref("<Application,Lorg/hsqldb/lib/BaseList$BaseListIterator>")	java_type_ref("<Application,Lorg/hsqldb/lib/Iterator>")
java_type_ref("<Application,Lorg/hsqldb/ServerConfiguration>")	java_type_ref("<Application,Lorg/hsqldb/ServerConstants>")
java_type_ref("<Application,Lorg/hsqldb/util/DatabaseManagerSwing>")	java_type_ref("<Primordial,Ljava/util/EventListener>")
java_type_ref("<Application,Lorg/hsqldb/lib/HsqlLinkedList>")	java_type_ref("<Application,Lorg/hsqldb/lib/Collection>")
java_type_ref("<Application,Lorg/hsqldb/util/TableSorter$MouseHandler>")	java_type_ref("<Primordial,Ljava/awt/event/MouseListener>")
java_type_ref("<Application,Lorg/hsqldb/util/Grid>")	java_type_ref("<Primordial,Ljavax/accessibility/Accessible>")
java_type_ref("<Application,Lorg/hsqldb/rowio/RowOutputBinary>")	java_type_ref("<Application,Lorg/hsqldb/rowio/RowOutputInterface>")
java_type_ref("<Application,Lorg/hsqldb/rowio/RowOutputBase>")	java_type_ref("<Primordial,Ljava/io/Flushable>")
java_type_ref("<Application,Lorg/hsqldb/persist/ScaledRAFile>")	java_type_ref("<Application,Lorg/hsqldb/lib/Storage>")
java_type_ref("<Application,Lorg/hsqldb/util/FontDialogSwing$4>")	java_type_ref("<Primordial,Ljava/util/EventListener>")
java_type_ref("<Application,Lorg/hsqldb/util/FontDialogSwing$5>")	java_type_ref("<Primordial,Ljava/util/EventListener>")
java_type_ref("<Application,Lorg/hsqldb/lib/HsqlArrayList>")	java_type_ref("<Application,Lorg/hsqldb/lib/Collection>")
java_type_ref("<Application,Lorg/hsqldb/jdbc/jdbcClob>")	java_type_ref("<Primordial,Ljava/sql/Clob>")
java_type_ref("<Application,Lorg/hsqldb/jdbc/jdbcCallableStatement>")	java_type_ref("<Primordial,Ljava/sql/Statement>")
java_type_ref("<Application,Lorg/hsqldb/rowio/RowOutputBase>")	java_type_ref("<Primordial,Ljava/io/Closeable>")
java_type_ref("<Application,Lorg/hsqldb/util/Grid>")	java_type_ref("<Primordial,Ljava/awt/image/ImageObserver>")
java_type_ref("<Application,Lorg/hsqldb/util/DatabaseManagerSwing$2>")	java_type_ref("<Primordial,Ljava/awt/event/ActionListener>")
java_type_ref("<Application,Lorg/hsqldb/lib/LongKeyIntValueHashMap$Values>")	java_type_ref("<Application,Lorg/hsqldb/lib/Collection>")
java_type_ref("<Application,Lorg/hsqldb/TriggerDef>")	java_type_ref("<Primordial,Ljava/lang/Runnable>")
java_type_ref("<Application,Lorg/hsqldb/jdbc/jdbcDatabaseMetaData>")	java_type_ref("<Primordial,Ljava/sql/Wrapper>")
java_type_ref("<Application,Lorg/hsqldb/Server>")	java_type_ref("<Application,Lorg/hsqldb/HsqlSocketRequestHandler>")
java_type_ref("<Application,Lorg/hsqldb/rowio/RowOutputBase>")	java_type_ref("<Primordial,Ljava/io/DataOutput>")
java_type_ref("<Application,Lorg/hsqldb/util/FontDialogSwing$3>")	java_type_ref("<Primordial,Ljava/awt/event/ActionListener>")
java_type_ref("<Application,Lorg/hsqldb/jdbc/jdbcResultSet>")	java_type_ref("<Primordial,Ljava/sql/Wrapper>")
java_type_ref("<Application,Lorg/hsqldb/util/DatabaseManager>")	java_type_ref("<Primordial,Ljava/awt/event/KeyListener>")
java_type_ref("<Application,Lorg/hsqldb/util/DatabaseManagerSwing$StatementExecRunnable>")	java_type_ref("<Primordial,Ljava/lang/Runnable>")
java_type_ref("<Application,Ldacapo/TeePrintStream>")	java_type_ref("<Primordial,Ljava/io/Flushable>")
java_type_ref("<Application,Lorg/hsqldb/lib/IntKeyHashMap$KeySet>")	java_type_ref("<Application,Lorg/hsqldb/lib/Set>")
java_type_ref("<Application,Lorg/hsqldb/lib/HashSet>")	java_type_ref("<Application,Lorg/hsqldb/lib/Set>")
java_type_ref("<Application,Lorg/hsqldb/rowio/RowInputText>")	java_type_ref("<Primordial,Ljava/io/Closeable>")
java_type_ref("<Application,Lorg/hsqldb/rowio/RowInputBinary>")	java_type_ref("<Primordial,Ljava/io/DataInput>")
java_type_ref("<Application,Lorg/hsqldb/scriptio/ScriptWriterText>")	java_type_ref("<Primordial,Ljava/lang/Runnable>")
java_type_ref("<Application,Lorg/hsqldb/rowio/RowOutputBinary>")	java_type_ref("<Primordial,Ljava/io/DataOutput>")
java_type_ref("<Application,Lorg/hsqldb/lib/HsqlByteArrayOutputStream>")	java_type_ref("<Primordial,Ljava/io/Closeable>")
java_type_ref("<Application,Ldacapo/hsqldb/PseudoJDBCBench$ClientThread>")	java_type_ref("<Primordial,Ljava/lang/Runnable>")
java_type_ref("<Application,Lorg/hsqldb/SubQuery>")	java_type_ref("<Application,Lorg/hsqldb/lib/ObjectComparator>")
java_type_ref("<Application,Lorg/hsqldb/store/ObjectCacheHashMap$ObjectCacheIterator>")	java_type_ref("<Application,Lorg/hsqldb/lib/Iterator>")
java_type_ref("<Application,Lorg/hsqldb/jdbc/jdbcDataSource>")	java_type_ref("<Primordial,Ljavax/sql/CommonDataSource>")
java_type_ref("<Application,Ldacapo/hsqldb/PseudoJDBCBench$MemoryWatcherThread>")	java_type_ref("<Primordial,Ljava/lang/Runnable>")
java_type_ref("<Application,Lorg/hsqldb/lib/HsqlLinkedList>")	java_type_ref("<Application,Lorg/hsqldb/lib/HsqlList>")
java_type_ref("<Application,Lorg/hsqldb/util/TableSorter$2>")	java_type_ref("<Primordial,Ljava/util/Comparator>")
java_type_ref("<Application,Lorg/hsqldb/util/SqlTool$PrivateException>")	java_type_ref("<Primordial,Ljava/io/Serializable>")
java_type_ref("<Application,Lorg/hsqldb/lib/IntKeyHashMap$Values>")	java_type_ref("<Application,Lorg/hsqldb/lib/Collection>")
java_type_ref("<Application,Lorg/hsqldb/util/TableSorter$MouseHandler>")	java_type_ref("<Primordial,Ljava/awt/event/MouseMotionListener>")
java_type_ref("<Application,Lorg/hsqldb/jdbc/jdbcDataSource>")	java_type_ref("<Primordial,Ljavax/sql/DataSource>")
java_type_ref("<Application,Lorg/hsqldb/jdbc/jdbcDataSource>")	java_type_ref("<Primordial,Ljava/sql/Wrapper>")
java_type_ref("<Application,Lorg/hsqldb/util/TableSorter$MouseHandler>")	java_type_ref("<Primordial,Ljava/awt/event/MouseWheelListener>")
java_type_ref("<Application,Lorg/hsqldb/util/GridSwing>")	java_type_ref("<Primordial,Ljavax/swing/table/TableModel>")
java_type_ref("<Application,Lorg/hsqldb/util/DatabaseManagerSwing$3>")	java_type_ref("<Primordial,Ljava/util/EventListener>")
java_type_ref("<Application,Lorg/hsqldb/util/DatabaseManagerSwing$10>")	java_type_ref("<Primordial,Ljava/awt/event/ActionListener>")
java_type_ref("<Application,Lorg/hsqldb/lib/HashMap$KeySet>")	java_type_ref("<Application,Lorg/hsqldb/lib/Collection>")
java_type_ref("<Application,Lorg/hsqldb/lib/HsqlList>")	java_type_ref("<Application,Lorg/hsqldb/lib/Collection>")
java_type_ref("<Application,Lorg/hsqldb/util/FontDialogSwing>")	java_type_ref("<Primordial,Ljava/awt/MenuContainer>")
java_type_ref("<Application,Lorg/hsqldb/util/ConnectionDialog>")	java_type_ref("<Primordial,Ljavax/accessibility/Accessible>")
java_type_ref("<Application,Lorg/hsqldb/util/Grid>")	java_type_ref("<Primordial,Ljava/io/Serializable>")
java_type_ref("<Application,Lorg/hsqldb/jdbcDriver>")	java_type_ref("<Primordial,Ljava/sql/Driver>")
java_type_ref("<Application,Lorg/hsqldb/lib/HsqlArrayHeap>")	java_type_ref("<Application,Lorg/hsqldb/lib/HsqlHeap>")
java_type_ref("<Application,Lorg/hsqldb/rowio/RowInputTextQuoted>")	java_type_ref("<Primordial,Ljava/io/Closeable>")
java_type_ref("<Application,Lorg/hsqldb/rowio/RowOutputText>")	java_type_ref("<Primordial,Ljava/lang/AutoCloseable>")
java_type_ref("<Application,Lorg/hsqldb/util/ConnectionDialog>")	java_type_ref("<Primordial,Ljava/util/EventListener>")
java_type_ref("<Application,Lorg/hsqldb/Result$ResultIterator>")	java_type_ref("<Application,Lorg/hsqldb/lib/Iterator>")
java_type_ref("<Application,Lorg/hsqldb/util/DatabaseManagerSwing$9>")	java_type_ref("<Primordial,Ljava/awt/event/ActionListener>")
java_type_ref("<Application,Lorg/hsqldb/util/FontDialogSwing$6>")	java_type_ref("<Primordial,Ljava/util/EventListener>")
java_type_ref("<Application,Lorg/hsqldb/rowio/RowInputText>")	java_type_ref("<Primordial,Ljava/io/DataInput>")
java_type_ref("<Application,Ldacapo/TeePrintStream>")	java_type_ref("<Primordial,Ljava/lang/AutoCloseable>")
java_type_ref("<Application,Lorg/hsqldb/lib/HashSet>")	java_type_ref("<Application,Lorg/hsqldb/lib/Collection>")
java_type_ref("<Application,Lorg/hsqldb/rowio/RowOutputTextQuoted>")	java_type_ref("<Application,Lorg/hsqldb/rowio/RowOutputInterface>")
java_type_ref("<Application,Lorg/hsqldb/persist/LockFile$FileCanonicalizationException>")	java_type_ref("<Primordial,Ljava/io/Serializable>")
java_type_ref("<Application,Ldacapo/TeeOutputStream>")	java_type_ref("<Primordial,Ljava/io/Closeable>")
java_type_ref("<Application,Lorg/hsqldb/scriptio/ScriptWriterBase>")	java_type_ref("<Primordial,Ljava/lang/Runnable>")
java_type_ref("<Application,Lorg/hsqldb/util/Tree>")	java_type_ref("<Primordial,Ljava/awt/MenuContainer>")
java_type_ref("<Application,Lorg/hsqldb/util/Tree>")	java_type_ref("<Primordial,Ljava/io/Serializable>")
java_type_ref("<Application,Lorg/hsqldb/jdbc/jdbcConnection>")	java_type_ref("<Primordial,Ljava/lang/AutoCloseable>")
java_type_ref("<Application,Lorg/hsqldb/lib/IntValueHashMap$KeySet>")	java_type_ref("<Application,Lorg/hsqldb/lib/Collection>")
java_type_ref("<Application,Lorg/hsqldb/jdbc/jdbcPreparedStatement>")	java_type_ref("<Primordial,Ljava/sql/Wrapper>")
java_type_ref("<Application,Ldacapo/parser/ConfigFile>")	java_type_ref("<Application,Ldacapo/parser/ConfigFileConstants>")
java_type_ref("<Application,Lorg/hsqldb/jdbc/jdbcStatement>")	java_type_ref("<Primordial,Ljava/lang/AutoCloseable>")
java_type_ref("<Application,Lorg/hsqldb/persist/LockFile$UnexpectedFileNotFoundException>")	java_type_ref("<Primordial,Ljava/io/Serializable>")
java_type_ref("<Application,Lorg/hsqldb/util/ConnectionDialogSwing>")	java_type_ref("<Primordial,Ljava/awt/image/ImageObserver>")
java_type_ref("<Application,Lorg/hsqldb/persist/Cache$CachedObjectComparator>")	java_type_ref("<Application,Lorg/hsqldb/lib/ObjectComparator>")
java_type_ref("<Application,Lorg/hsqldb/rowio/RowOutputTextLog>")	java_type_ref("<Primordial,Ljava/lang/AutoCloseable>")
java_type_ref("<Application,Lorg/hsqldb/util/FontDialogSwing$5>")	java_type_ref("<Primordial,Ljava/awt/event/ActionListener>")
java_type_ref("<Application,Lorg/hsqldb/util/FontDialogSwing$6>")	java_type_ref("<Primordial,Ljava/awt/event/ActionListener>")
java_type_ref("<Application,Lorg/hsqldb/Table$RowStore>")	java_type_ref("<Application,Lorg/hsqldb/persist/PersistentStore>")
java_type_ref("<Application,Lorg/hsqldb/jdbc/jdbcDataSource>")	java_type_ref("<Primordial,Ljava/io/Serializable>")
java_type_ref("<Application,Lorg/hsqldb/util/DatabaseManager>")	java_type_ref("<Primordial,Ljava/awt/event/ActionListener>")
java_type_ref("<Application,Lorg/hsqldb/persist/LockFile$WrongLengthException>")	java_type_ref("<Primordial,Ljava/io/Serializable>")
java_type_ref("<Application,Lorg/hsqldb/persist/LockFile$UnexpectedFileIOException>")	java_type_ref("<Primordial,Ljava/io/Serializable>")
java_type_ref("<Application,Lorg/hsqldb/util/TableSorter$TableModelHandler>")	java_type_ref("<Primordial,Ljavax/swing/event/TableModelListener>")
java_type_ref("<Application,Lorg/hsqldb/lib/FileUtil>")	java_type_ref("<Application,Lorg/hsqldb/lib/FileAccess>")
java_type_ref("<Application,Lorg/hsqldb/rowio/RowOutputTextQuoted>")	java_type_ref("<Primordial,Ljava/lang/AutoCloseable>")
java_type_ref("<Application,Lorg/hsqldb/lib/HsqlByteArrayInputStream>")	java_type_ref("<Primordial,Ljava/io/DataInput>")
java_type_ref("<Application,Lorg/hsqldb/jdbc/jdbcPreparedStatement>")	java_type_ref("<Primordial,Ljava/sql/PreparedStatement>")
java_type_ref("<Application,Lorg/hsqldb/lib/HsqlTimer>")	java_type_ref("<Application,Lorg/hsqldb/lib/ObjectComparator>")
java_type_ref("<Application,Lorg/hsqldb/lib/FileUtil$FileSync>")	java_type_ref("<Application,Lorg/hsqldb/lib/FileAccess$FileSync>")
java_type_ref("<Application,Lorg/hsqldb/HTTPClientConnection>")	java_type_ref("<Application,Lorg/hsqldb/SessionInterface>")
java_type_ref("<Application,Lorg/hsqldb/util/ConnectionDialogSwing>")	java_type_ref("<Primordial,Ljava/util/EventListener>")
java_type_ref("<Application,Lorg/hsqldb/lib/IntKeyIntValueHashMap$KeySet>")	java_type_ref("<Application,Lorg/hsqldb/lib/Set>")
java_type_ref("<Application,Lorg/hsqldb/lib/DoubleIntIndex>")	java_type_ref("<Application,Lorg/hsqldb/lib/IntLookup>")
java_type_ref("<Application,Lorg/hsqldb/rowio/RowOutputText>")	java_type_ref("<Primordial,Ljava/io/DataOutput>")
java_type_ref("<Application,Lorg/hsqldb/lib/HsqlTimer$TaskQueue>")	java_type_ref("<Application,Lorg/hsqldb/lib/HsqlHeap>")
java_type_ref("<Application,Lorg/hsqldb/CachedDataRow>")	java_type_ref("<Application,Lorg/hsqldb/persist/CachedObject>")
java_type_ref("<Application,Lorg/hsqldb/lib/HsqlByteArrayInputStream>")	java_type_ref("<Primordial,Ljava/lang/AutoCloseable>")
java_type_ref("<Application,Lorg/hsqldb/util/TableSorter$MouseHandler>")	java_type_ref("<Primordial,Ljava/util/EventListener>")
java_type_ref("<Application,Lorg/hsqldb/rowio/RowOutputBinary>")	java_type_ref("<Primordial,Ljava/io/Flushable>")
java_type_ref("<Application,Lorg/hsqldb/jdbc/jdbcResultSetMetaData>")	java_type_ref("<Primordial,Ljava/sql/Wrapper>")
java_type_ref("<Application,Lorg/hsqldb/Server$ServerThread>")	java_type_ref("<Primordial,Ljava/lang/Runnable>")
java_type_ref("<Application,Lorg/hsqldb/rowio/RowOutputTextLog>")	java_type_ref("<Primordial,Ljava/io/Flushable>")
java_type_ref("<Application,Lorg/hsqldb/rowio/RowInputText>")	java_type_ref("<Application,Lorg/hsqldb/rowio/RowInputInterface>")
java_type_ref("<Application,Lorg/hsqldb/util/ConnectionDialogSwing>")	java_type_ref("<Primordial,Ljavax/swing/RootPaneContainer>")
java_type_ref("<Application,Lorg/hsqldb/rowio/RowOutputBase>")	java_type_ref("<Primordial,Ljava/lang/AutoCloseable>")
java_type_ref("<Application,Lorg/hsqldb/util/GridSwing>")	java_type_ref("<Primordial,Ljava/io/Serializable>")
java_type_ref("<Application,Lorg/hsqldb/scriptio/ScriptWriterZipped>")	java_type_ref("<Primordial,Ljava/lang/Runnable>")
java_type_ref("<Application,Lorg/hsqldb/rowio/RowOutputBinary>")	java_type_ref("<Primordial,Ljava/io/Closeable>")
java_type_ref("<Application,Lorg/hsqldb/lib/AsciiStringInputStream>")	java_type_ref("<Primordial,Ljava/lang/AutoCloseable>")
java_type_ref("<Application,Lorg/hsqldb/rowio/RowInputTextLog>")	java_type_ref("<Primordial,Ljava/lang/AutoCloseable>")
java_type_ref("<Application,Lorg/hsqldb/jdbc/jdbcDataSource>")	java_type_ref("<Primordial,Ljavax/naming/Referenceable>")
java_type_ref("<Application,Lorg/hsqldb/util/ConnectionDialog$2>")	java_type_ref("<Primordial,Ljava/awt/event/ActionListener>")
java_type_ref("<Application,Lorg/hsqldb/lib/IntValueHashMap$KeySet>")	java_type_ref("<Application,Lorg/hsqldb/lib/Set>")
java_type_ref("<Application,Lorg/hsqldb/util/ConnectionDialog>")	java_type_ref("<Primordial,Ljava/awt/MenuContainer>")
java_type_ref("<Application,Lorg/hsqldb/UserManager>")	java_type_ref("<Application,Lorg/hsqldb/GrantConstants>")
java_type_ref("<Application,Lorg/hsqldb/HsqlException>")	java_type_ref("<Primordial,Ljava/io/Serializable>")
java_type_ref("<Application,Lorg/hsqldb/lib/HashMap$KeySet>")	java_type_ref("<Application,Lorg/hsqldb/lib/Set>")
java_type_ref("<Application,Lorg/hsqldb/util/DatabaseManagerSwing$10>")	java_type_ref("<Primordial,Ljava/util/EventListener>")
java_type_ref("<Application,Lorg/hsqldb/Index$IndexRowIterator>")	java_type_ref("<Application,Lorg/hsqldb/index/RowIterator>")
java_type_ref("<Application,Lorg/hsqldb/rowio/RowOutputTextQuoted>")	java_type_ref("<Primordial,Ljava/io/Flushable>")
java_type_ref("<Application,Lorg/hsqldb/lib/WrapperIterator>")	java_type_ref("<Application,Lorg/hsqldb/lib/Iterator>")
java_type_ref("<Application,Lorg/hsqldb/util/DatabaseManagerSwing>")	java_type_ref("<Primordial,Ljavax/swing/TransferHandler$HasGetTransferHandler>")
java_type_ref("<Application,Lorg/hsqldb/WebServer>")	java_type_ref("<Application,Lorg/hsqldb/HsqlSocketRequestHandler>")
java_type_ref("<Application,Lorg/hsqldb/lib/StringInputStream>")	java_type_ref("<Primordial,Ljava/lang/AutoCloseable>")
java_type_ref("<Application,Lorg/hsqldb/jdbc/jdbcParameterMetaData>")	java_type_ref("<Primordial,Ljava/sql/ParameterMetaData>")
java_type_ref("<Application,Lorg/hsqldb/lib/HsqlDeque>")	java_type_ref("<Application,Lorg/hsqldb/lib/HsqlList>")
java_type_ref("<Application,Lorg/hsqldb/jdbc/jdbcCallableStatement>")	java_type_ref("<Primordial,Ljava/sql/PreparedStatement>")
java_type_ref("<Application,Lorg/hsqldb/util/Grid>")	java_type_ref("<Primordial,Ljava/awt/MenuContainer>")
java_type_ref("<Application,Lorg/hsqldb/util/DatabaseManager>")	java_type_ref("<Primordial,Ljava/util/EventListener>")
java_type_ref("<Application,Lorg/hsqldb/util/DatabaseManagerSwing>")	java_type_ref("<Primordial,Ljava/awt/image/ImageObserver>")
java_type_ref("<Application,Lorg/hsqldb/Expression$Collector>")	java_type_ref("<Application,Lorg/hsqldb/lib/Collection>")
java_type_ref("<Application,Lorg/hsqldb/util/ConnectionDialog>")	java_type_ref("<Primordial,Ljava/awt/event/ItemListener>")
java_type_ref("<Application,Lorg/hsqldb/Expression$Collector>")	java_type_ref("<Application,Lorg/hsqldb/lib/Set>")
java_type_ref("<Application,Lorg/hsqldb/util/DatabaseManagerSwing>")	java_type_ref("<Primordial,Ljavax/swing/RootPaneContainer>")
java_type_ref("<Application,Lorg/hsqldb/lib/HsqlByteArrayOutputStream>")	java_type_ref("<Primordial,Ljava/io/DataOutput>")
java_type_ref("<Application,Lorg/hsqldb/util/TableSorter$TableModelHandler>")	java_type_ref("<Primordial,Ljava/util/EventListener>")
java_type_ref("<Application,Lorg/hsqldb/lib/HashMap$Values>")	java_type_ref("<Application,Lorg/hsqldb/lib/Collection>")
java_type_ref("<Application,Lorg/hsqldb/rowio/RowInputTextLog>")	java_type_ref("<Primordial,Ljava/io/DataInput>")
java_type_ref("<Application,Lorg/hsqldb/HsqlSocketFactorySecure>")	java_type_ref("<Primordial,Ljavax/net/ssl/HandshakeCompletedListener>")
java_type_ref("<Application,Lorg/hsqldb/util/SqlToolError>")	java_type_ref("<Primordial,Ljava/io/Serializable>")
java_type_ref("<Application,Lorg/hsqldb/jdbc/jdbcCallableStatement>")	java_type_ref("<Primordial,Ljava/sql/Wrapper>")
java_type_ref("<Application,Lorg/hsqldb/util/ConnectionDialogSwing>")	java_type_ref("<Primordial,Ljava/io/Serializable>")
java_type_ref("<Application,Lorg/hsqldb/util/DatabaseManager>")	java_type_ref("<Primordial,Ljavax/accessibility/Accessible>")
java_type_ref("<Application,Lorg/hsqldb/lib/LongKeyIntValueHashMap$KeySet>")	java_type_ref("<Application,Lorg/hsqldb/lib/Set>")
java_type_ref("<Application,Lorg/hsqldb/rowio/RowInputTextLog>")	java_type_ref("<Application,Lorg/hsqldb/rowio/RowInputInterface>")
java_type_ref("<Application,Lorg/hsqldb/lib/HsqlTaskQueue$1>")	java_type_ref("<Primordial,Ljava/lang/Runnable>")
java_type_ref("<Application,Lorg/hsqldb/util/ConnectionDialog>")	java_type_ref("<Primordial,Ljava/awt/image/ImageObserver>")
java_type_ref("<Application,Lorg/hsqldb/jdbc/jdbcResultSet>")	java_type_ref("<Primordial,Ljava/lang/AutoCloseable>")
java_type_ref("<Application,Lorg/hsqldb/jdbc/jdbcCallableStatement>")	java_type_ref("<Primordial,Ljava/lang/AutoCloseable>")
java_type_ref("<Application,Lorg/hsqldb/util/DatabaseManagerSwing$1>")	java_type_ref("<Primordial,Ljava/awt/event/ActionListener>")
java_type_ref("<Application,Lorg/hsqldb/lib/Set>")	java_type_ref("<Application,Lorg/hsqldb/lib/Collection>")
java_type_ref("<Application,Lorg/hsqldb/lib/HsqlByteArrayInputStream>")	java_type_ref("<Primordial,Ljava/io/Closeable>")
java_type_ref("<Application,Lorg/hsqldb/jdbc/jdbcResultSet>")	java_type_ref("<Primordial,Ljava/sql/ResultSet>")
java_type_ref("<Application,Lorg/hsqldb/util/DatabaseManagerSwing$6>")	java_type_ref("<Primordial,Ljava/lang/Runnable>")
java_type_ref("<Application,Lorg/hsqldb/persist/LockFile$LockHeldExternallyException>")	java_type_ref("<Primordial,Ljava/io/Serializable>")
java_type_ref("<Application,Lorg/hsqldb/HsqlSocketFactorySecure>")	java_type_ref("<Primordial,Ljava/util/EventListener>")
