"< Application, Lorg/hsqldb/rowio/RowOutputBinary, <init>([B)V >"
"< Application, Lorg/hsqldb/HsqlNameManager$HsqlName, <init>(Lorg/hsqldb/HsqlNameManager;Ljava/lang/String;)V >"
"< Application, Lorg/hsqldb/util/DatabaseManagerSwing$2, <init>(Lorg/hsqldb/util/DatabaseManagerSwing;)V >"
"< Application, Lorg/hsqldb/util/ValidatingResourceBundle, <init>(Ljava/lang/String;)V >"
"< Application, Ldacapo/parser/ConfigFileTokenManager, <init>(Ldacapo/parser/SimpleCharStream;I)V >"
"< Application, Lorg/hsqldb/persist/LockFile$HeartbeatRunner, <init>(Lorg/hsqldb/persist/LockFile;)V >"
"< Application, Lorg/hsqldb/jdbc/jdbcConnection, <init>(Lorg/hsqldb/Session;)V >"
"< Application, Lorg/hsqldb/util/SqlFile$BadSubst, <init>(Lorg/hsqldb/util/SqlFile;Ljava/lang/String;)V >"
"< Application, Lorg/hsqldb/TriggerDef, <init>(Lorg/hsqldb/HsqlNameManager$HsqlName;Ljava/lang/String;Ljava/lang/String;ZLorg/hsqldb/Table;Ljava/lang/String;ZILjava/lang/ClassLoader;)V >"
"< Application, Lorg/hsqldb/lib/IntValueHashMap, <init>(IF)V >"
"< Application, Lorg/hsqldb/persist/HsqlProperties, <init>()V >"
"< Application, Lorg/hsqldb/persist/DataFileBlockManager, <init>(IIJ)V >"
"< Application, Lorg/hsqldb/Expression, <init>(Z)V >"
"< Application, Lorg/hsqldb/rowio/RowInputBase, <init>([B)V >"
"< Application, Lorg/hsqldb/util/DatabaseManagerSwing, <init>(Ljavax/swing/JFrame;)V >"
"< Application, Lorg/hsqldb/lib/IntKeyHashMap$Values, <init>(Lorg/hsqldb/lib/IntKeyHashMap;)V >"
"< Application, Ldacapo/Benchmark, <init>(Ldacapo/parser/Config;Ljava/io/File;)V >"
"< Application, Lorg/hsqldb/Record, <init>()V >"
"< Application, Lorg/hsqldb/DiskNode, <init>(Lorg/hsqldb/CachedRow;Lorg/hsqldb/rowio/RowInputInterface;I)V >"
"< Application, Ldacapo/Callback, <init>()V >"
"< Application, Lorg/hsqldb/GroupedResult, <init>(Lorg/hsqldb/Select;Lorg/hsqldb/Result$ResultMetaData;)V >"
"< Application, Lorg/hsqldb/Node, <init>()V >"
"< Application, Lorg/hsqldb/lib/HashMap$Values, <init>(Lorg/hsqldb/lib/HashMap;)V >"
"< Application, Lorg/hsqldb/HTTPClientConnection, <init>(Ljava/lang/String;ILjava/lang/String;Ljava/lang/String;ZLjava/lang/String;Ljava/lang/String;)V >"
"< Application, Lorg/hsqldb/jdbc/jdbcSavepoint, <init>(Ljava/lang/String;Lorg/hsqldb/jdbc/jdbcConnection;)V >"
"< Application, Lorg/hsqldb/Result$ResultIterator, <init>(Lorg/hsqldb/Result;Lorg/hsqldb/Result$1;)V >"
"< Application, Lorg/hsqldb/lib/HsqlLinkedList$Node, <init>(Ljava/lang/Object;Lorg/hsqldb/lib/HsqlLinkedList$Node;)V >"
"< Application, Lorg/hsqldb/util/ConnectionSetting, <init>(Ljava/lang/String;Ljava/lang/String;Ljava/lang/String;Ljava/lang/String;Ljava/lang/String;)V >"
"< Application, Lorg/hsqldb/persist/LockFile$BaseException, <init>(Lorg/hsqldb/persist/LockFile;Ljava/lang/String;)V >"
"< Application, Lorg/hsqldb/lib/HashMappedList, <init>()V >"
"< Application, Lorg/hsqldb/rowio/RowOutputTextLog, <init>()V >"
"< Application, Lorg/hsqldb/persist/ScaledRAFile, <init>(Lorg/hsqldb/Database;Ljava/lang/String;Ljava/io/RandomAccessFile;Z)V >"
"< Application, Lorg/hsqldb/util/RCData, <init>(Ljava/io/File;Ljava/lang/String;)V >"
"< Application, Lorg/hsqldb/Column, <init>()V >"
"< Application, Lorg/hsqldb/rowio/RowOutputBase, <init>()V >"
"< Application, Ldacapo/TeePrintStream, <init>(Ljava/io/OutputStream;Ljava/io/File;)V >"
"< Application, Lorg/hsqldb/TableWorks, <init>(Lorg/hsqldb/Session;Lorg/hsqldb/Table;)V >"
"< Application, Lorg/hsqldb/lib/WrapperIterator, <init>(Ljava/lang/Object;)V >"
"< Application, Lorg/hsqldb/rowio/RowInputBinary, <init>([B)V >"
"< Application, Lorg/hsqldb/HsqlInternalException, <init>(Lorg/hsqldb/HsqlException;)V >"
"< Application, Lorg/hsqldb/CachedRow, <init>()V >"
"< Application, Lorg/hsqldb/util/FontDialogSwing$5, <init>()V >"
"< Application, Lorg/hsqldb/util/TableSorter$2, <init>()V >"
"< Application, Lorg/hsqldb/util/SqlFile$RowError, <init>(Lorg/hsqldb/util/SqlFile;Ljava/lang/Throwable;)V >"
"< Application, Lorg/hsqldb/types/JavaObject, <init>(Ljava/io/Serializable;)V >"
"< Application, Lorg/hsqldb/lib/HashMap, <init>(I)V >"
"< Application, Lorg/hsqldb/HsqlException, <init>(Lorg/hsqldb/Result;)V >"
"< Application, Lorg/hsqldb/BaseMemoryNode, <init>()V >"
"< Application, Lorg/hsqldb/Server, <init>(I)V >"
"< Application, Lorg/hsqldb/Tokenizer, <init>(Ljava/lang/String;)V >"
"< Application, Lorg/hsqldb/HsqlNameManager$HsqlName, <init>(Lorg/hsqldb/HsqlNameManager;)V >"
"< Application, Lorg/hsqldb/TransactionManager, <init>(Lorg/hsqldb/Database;)V >"
"< Application, Lorg/hsqldb/CompiledStatement, <init>(Lorg/hsqldb/HsqlNameManager$HsqlName;)V >"
"< Application, Lorg/hsqldb/HsqlDateTime$Tokenizer, <init>()V >"
"< Application, Lorg/hsqldb/GroupedResult$ResultGroup, <init>(Lorg/hsqldb/GroupedResult;[Ljava/lang/Object;)V >"
"< Application, Ldacapo/hsqldb/PseudoJDBCBench, <init>(Ljava/lang/String;Ljava/lang/String;Ljava/lang/String;Z)V >"
"< Application, Lorg/hsqldb/jdbc/jdbcColumnMetaData, <init>()V >"
"< Application, Lorg/hsqldb/persist/LockFile$FileSecurityException, <init>(Lorg/hsqldb/persist/LockFile;Ljava/lang/String;Ljava/lang/SecurityException;)V >"
"< Application, Lorg/hsqldb/util/DatabaseManagerSwing$8, <init>(Lorg/hsqldb/util/DatabaseManagerSwing;)V >"
"< Application, Lorg/hsqldb/util/DatabaseManagerSwing$7, <init>(Lorg/hsqldb/util/DatabaseManagerSwing;)V >"
"< Application, Lorg/hsqldb/util/ScriptTool, <init>()V >"
"< Application, Lorg/hsqldb/ResultBase$ResultIterator, <init>(Lorg/hsqldb/ResultBase;)V >"
"< Application, Lorg/hsqldb/lib/MD5, <init>()V >"
"< Application, Lorg/hsqldb/jdbc/jdbcCallableStatement, <init>(Lorg/hsqldb/jdbc/jdbcConnection;Ljava/lang/String;I)V >"
"< Application, Lorg/hsqldb/jdbc/jdbcConnection, <init>(Lorg/hsqldb/persist/HsqlProperties;)V >"
"< Application, Lorg/hsqldb/TextTable, <init>(Lorg/hsqldb/Database;Lorg/hsqldb/HsqlNameManager$HsqlName;I)V >"
"< Application, Lorg/hsqldb/HsqlDateTime, <init>()V >"
"< Application, Lorg/hsqldb/Tokenizer, <init>()V >"
"< Application, Lorg/hsqldb/HSQLClientConnection, <init>(Ljava/lang/String;ILjava/lang/String;Ljava/lang/String;ZLjava/lang/String;Ljava/lang/String;)V >"
"< Application, Lorg/hsqldb/Select, <init>()V >"
"< Application, Lorg/hsqldb/DatabaseInformationFull, <init>(Lorg/hsqldb/Database;)V >"
"< Application, Lorg/hsqldb/TableFilter, <init>(Lorg/hsqldb/Table;Ljava/lang/String;Lorg/hsqldb/lib/HashMappedList;Z)V >"
"< Application, Lorg/hsqldb/persist/LockFile$UnexpectedFileNotFoundException, <init>(Lorg/hsqldb/persist/LockFile;Ljava/lang/String;Ljava/io/IOException;)V >"
"< Application, Lorg/hsqldb/lib/InOutUtil, <init>()V >"
"< Application, Lorg/hsqldb/util/CodeSwitcher, <init>()V >"
"< Application, Lorg/hsqldb/lib/IntValueHashMap, <init>(I)V >"
"< Application, Ldacapo/parser/ConfigFile, <init>(Ldacapo/parser/ConfigFileTokenManager;)V >"
"< Application, Lorg/hsqldb/util/SqlFile$BreakException, <init>(Lorg/hsqldb/util/SqlFile;Ljava/lang/String;)V >"
"< Application, Ldacapo/parser/Config$Size, <init>(Ldacapo/parser/Config;Ljava/lang/String;Ljava/util/Vector;)V >"
"< Application, Lorg/hsqldb/store/ValuePoolHashMap, <init>(III)V >"
"< Application, Lorg/hsqldb/Like, <init>(Ljava/lang/Character;Z)V >"
"< Application, Lorg/hsqldb/lib/LongKeyIntValueHashMap, <init>(Z)V >"
"< Application, Lorg/hsqldb/scriptio/ScriptWriterText, <init>(Lorg/hsqldb/Database;Ljava/lang/String;ZZZ)V >"
"< Application, Lorg/hsqldb/CompiledStatement, <init>(Lorg/hsqldb/Session;Lorg/hsqldb/Database;Lorg/hsqldb/HsqlNameManager$HsqlName;Lorg/hsqldb/Expression;[Lorg/hsqldb/SubQuery;[Lorg/hsqldb/Expression;)V >"
"< Application, Lorg/hsqldb/MemoryNode, <init>(Lorg/hsqldb/Row;)V >"
"< Application, Lorg/hsqldb/rowio/RowInputBinary, <init>()V >"
"< Application, Lorg/hsqldb/jdbc/jdbcResultSetMetaData, <init>(Lorg/hsqldb/Result;Lorg/hsqldb/persist/HsqlProperties;)V >"
"< Application, Ldacapo/Slice, <init>()V >"
"< Application, Lorg/hsqldb/scriptio/ScriptWriterBinary, <init>(Lorg/hsqldb/Database;Ljava/lang/String;ZZ)V >"
"< Application, Lorg/hsqldb/lib/Sort, <init>()V >"
"< Application, Lorg/hsqldb/CompiledStatementExecutor, <init>(Lorg/hsqldb/Session;)V >"
"< Application, Lorg/hsqldb/jdbc/Util, <init>()V >"
"< Application, Lorg/hsqldb/store/ValuePool, <init>()V >"
"< Application, Ldacapo/parser/ConfigFile, <init>(Ljava/io/InputStream;)V >"
"< Application, Lorg/hsqldb/HsqlNameManager$HsqlName, <init>(Lorg/hsqldb/HsqlNameManager;Ljava/lang/String;ZLorg/hsqldb/HsqlNameManager$1;)V >"
"< Application, Lorg/hsqldb/DatabaseObjectNames, <init>()V >"
"< Application, Lorg/hsqldb/scriptio/ScriptReaderBinary, <init>(Lorg/hsqldb/Database;Ljava/lang/String;)V >"
"< Application, Lorg/hsqldb/Expression, <init>(Lorg/hsqldb/Function;)V >"
"< Application, Lorg/hsqldb/Result, <init>(Lorg/hsqldb/rowio/RowInputBinary;)V >"
"< Application, Lorg/hsqldb/util/SqlFile$QuitNow, <init>(Lorg/hsqldb/util/SqlFile;Ljava/lang/String;)V >"
"< Application, Ldacapo/parser/TokenMgrError, <init>(ZIIILjava/lang/String;CI)V >"
"< Application, Lorg/hsqldb/rowio/RowInputBase, <init>()V >"
"< Application, Lorg/hsqldb/util/ConnectionSetting, <init>()V >"
"< Application, Lorg/hsqldb/persist/LockFile$FileCanonicalizationException, <init>(Lorg/hsqldb/persist/LockFile;Ljava/lang/String;Ljava/io/IOException;)V >"
"< Application, Lorg/hsqldb/SchemaManager$Schema, <init>(Lorg/hsqldb/SchemaManager;Ljava/lang/String;Z)V >"
"< Application, Ldacapo/Digest, <init>()V >"
"< Application, Lorg/hsqldb/util/SqlToolError, <init>(Ljava/lang/Throwable;)V >"
"< Application, Lorg/hsqldb/util/TableSorter$MouseHandler, <init>(Lorg/hsqldb/util/TableSorter;Lorg/hsqldb/util/TableSorter$1;)V >"
"< Application, Lorg/hsqldb/Constraint, <init>(Lorg/hsqldb/HsqlNameManager$HsqlName;[ILorg/hsqldb/Table;[IIII)V >"
"< Application, Lorg/hsqldb/TriggerDef$TriggerData, <init>(Lorg/hsqldb/TriggerDef;Lorg/hsqldb/Session;[Ljava/lang/Object;[Ljava/lang/Object;)V >"
"< Application, Lorg/hsqldb/WebServerConnection, <init>(Ljava/net/Socket;Lorg/hsqldb/WebServer;)V >"
"< Application, Lorg/hsqldb/lib/HsqlByteArrayOutputStream, <init>([B)V >"
"< Application, Lorg/hsqldb/CompiledStatementManager, <init>(Lorg/hsqldb/Database;)V >"
"< Application, Lorg/hsqldb/lib/IntValueHashMap$KeySet, <init>(Lorg/hsqldb/lib/IntValueHashMap;)V >"
"< Application, Lorg/hsqldb/util/TableSorter$TableModelHandler, <init>(Lorg/hsqldb/util/TableSorter;Lorg/hsqldb/util/TableSorter$1;)V >"
"< Application, Lorg/hsqldb/lib/WrapperIterator, <init>()V >"
"< Application, Lorg/hsqldb/store/HashIndex, <init>(IIZ)V >"
"< Application, LMMTkHarness, <init>()V >"
"< Application, Lorg/hsqldb/DatabaseInformationMain, <init>(Lorg/hsqldb/Database;)V >"
"< Application, Lorg/hsqldb/util/Grid, <init>()V >"
"< Application, Lorg/hsqldb/lib/IntKeyHashMap, <init>(IF)V >"
"< Application, Lorg/hsqldb/rowio/RowInputText, <init>(Ljava/lang/String;Ljava/lang/String;Ljava/lang/String;Z)V >"
"< Application, Lorg/hsqldb/util/SqlFile$ContinueException, <init>(Lorg/hsqldb/util/SqlFile;)V >"
"< Application, Lorg/hsqldb/persist/LockFile$UnexpectedEndOfFileException, <init>(Lorg/hsqldb/persist/LockFile;Ljava/lang/String;Ljava/io/EOFException;)V >"
"< Application, Lorg/hsqldb/lib/WrapperIterator, <init>(Lorg/hsqldb/lib/Iterator;Lorg/hsqldb/lib/Iterator;)V >"
"< Application, Ldacapo/DacapoException, <init>(Ljava/lang/Exception;)V >"
"< Application, Lorg/hsqldb/jdbcDriver, <init>()V >"
"< Application, Lorg/hsqldb/HsqlException, <init>(Ljava/lang/String;Ljava/lang/String;I)V >"
"< Application, Lorg/hsqldb/jdbc/jdbcDataSource, <init>()V >"
"< Application, Lorg/hsqldb/jdbc/jdbcPreparedStatement, <init>(Lorg/hsqldb/jdbc/jdbcConnection;Ljava/lang/String;I)V >"
"< Application, Lorg/hsqldb/util/SqlTool$PrivateException, <init>(Ljava/lang/String;)V >"
"< Application, Lorg/hsqldb/rowio/RowInputBinary, <init>(Lorg/hsqldb/rowio/RowOutputBinary;)V >"
"< Application, Lorg/hsqldb/SequenceManager, <init>()V >"
"< Application, Lorg/hsqldb/persist/Log, <init>(Lorg/hsqldb/Database;)V >"
"< Application, Lorg/hsqldb/util/Tree, <init>()V >"
"< Application, Lorg/hsqldb/scriptio/ScriptWriterBase, <init>(Lorg/hsqldb/Database;Ljava/lang/String;ZZZ)V >"
"< Application, Lorg/hsqldb/util/DatabaseManagerSwing$5, <init>(Lorg/hsqldb/util/DatabaseManagerSwing;)V >"
"< Application, Ldacapo/parser/ConfigFile, <init>(Ljava/io/Reader;)V >"
"< Application, Lorg/hsqldb/util/SqlToolError, <init>(Ljava/lang/String;)V >"
"< Application, Lorg/hsqldb/Result$ResultMetaData, <init>(I)V >"
"< Application, Lorg/hsqldb/Table, <init>(Lorg/hsqldb/Database;Lorg/hsqldb/HsqlNameManager$HsqlName;I)V >"
"< Application, Lorg/hsqldb/Result, <init>(I[II)V >"
"< Application, Lorg/hsqldb/Expression, <init>(Ljava/lang/String;Ljava/lang/String;Z)V >"
"< Application, Lorg/hsqldb/ServerConnection, <init>(Ljava/net/Socket;Lorg/hsqldb/Server;)V >"
"< Application, Lorg/hsqldb/lib/HsqlByteArrayOutputStream, <init>()V >"
"< Application, Lorg/hsqldb/persist/LockFile$HeartbeatRunner, <init>(Lorg/hsqldb/persist/LockFile;Lorg/hsqldb/persist/LockFile$1;)V >"
"< Application, Lorg/hsqldb/persist/ScriptRunner, <init>()V >"
"< Application, Lorg/hsqldb/DatabaseManager, <init>()V >"
"< Application, Lorg/hsqldb/util/TableSorter$MouseHandler, <init>(Lorg/hsqldb/util/TableSorter;)V >"
"< Application, Lorg/hsqldb/jdbc/jdbcStatement, <init>(Lorg/hsqldb/jdbc/jdbcConnection;I)V >"
"< Application, Lorg/hsqldb/persist/HsqlProperties, <init>(Ljava/lang/String;)V >"
"< Application, Lorg/hsqldb/lib/HsqlTimer, <init>(Lorg/hsqldb/lib/ThreadFactory;)V >"
"< Application, Lorg/hsqldb/SetFunction, <init>(IIZ)V >"
"< Application, Ldacapo/hsqldb/PseudoJDBCBench$MemoryWatcherThread, <init>(Ldacapo/hsqldb/PseudoJDBCBench;)V >"
"< Application, Lorg/hsqldb/rowio/RowOutputTextQuoted, <init>(Ljava/lang/String;Ljava/lang/String;Ljava/lang/String;ZLjava/lang/String;)V >"
"< Application, Lorg/hsqldb/lib/HsqlArrayHeap, <init>(ILorg/hsqldb/lib/ObjectComparator;)V >"
"< Application, Lorg/hsqldb/scriptio/ScriptWriterZipped, <init>(Lorg/hsqldb/Database;Ljava/lang/String;ZZ)V >"
"< Application, Ldacapo/hsqldb/HsqldbHarness, <init>(Ldacapo/parser/Config;Ljava/io/File;)V >"
"< Application, Lorg/hsqldb/types/JavaObject, <init>([B)V >"
"< Application, Lorg/hsqldb/util/DatabaseManagerSwing$1, <init>(Lorg/hsqldb/util/DatabaseManagerSwing;)V >"
"< Application, Lorg/hsqldb/util/SqlFile$RowError, <init>(Lorg/hsqldb/util/SqlFile;Ljava/lang/String;Ljava/lang/Throwable;)V >"
"< Application, Lorg/hsqldb/lib/HsqlTaskQueue$1, <init>()V >"
"< Application, Lorg/hsqldb/lib/HsqlDeque, <init>()V >"
"< Application, Lorg/hsqldb/util/RefCapablePropertyResourceBundle, <init>(Ljava/lang/String;Ljava/util/PropertyResourceBundle;Ljava/lang/ClassLoader;)V >"
"< Application, Lorg/hsqldb/Server$ServerThread, <init>(Lorg/hsqldb/Server;Ljava/lang/String;)V >"
"< Application, Lorg/hsqldb/util/TableSorter$1, <init>()V >"
"< Application, Lorg/hsqldb/HsqlNameManager$HsqlName, <init>(Lorg/hsqldb/HsqlNameManager;Ljava/lang/String;Ljava/lang/String;ZLorg/hsqldb/HsqlNameManager$1;)V >"
"< Application, Lorg/hsqldb/DINameSpace, <init>(Lorg/hsqldb/Database;)V >"
"< Application, Lorg/hsqldb/resources/BundleHandler, <init>()V >"
"< Application, Lorg/hsqldb/DatabaseInformation, <init>(Lorg/hsqldb/Database;)V >"
"< Application, Lorg/hsqldb/store/ObjectCacheHashMap, <init>(I)V >"
"< Application, Lorg/hsqldb/util/SqlTool$SqlToolException, <init>(ILjava/lang/String;)V >"
"< Application, Lorg/hsqldb/util/DatabaseManagerSwing$6, <init>(Lorg/hsqldb/util/DatabaseManagerSwing;)V >"
"< Application, Lorg/hsqldb/ResultBase, <init>()V >"
"< Application, Ldacapo/parser/SimpleCharStream, <init>(Ljava/io/InputStream;II)V >"
"< Application, Lorg/hsqldb/DatabaseScript, <init>()V >"
"< Application, Ldacapo/parser/ParseException, <init>()V >"
"< Application, Lorg/hsqldb/lib/HsqlArrayList, <init>()V >"
"< Application, Lorg/hsqldb/persist/HsqlProperties, <init>(Ljava/lang/String;Lorg/hsqldb/lib/FileAccess;Z)V >"
"< Application, Lorg/hsqldb/Index, <init>(Lorg/hsqldb/Database;Lorg/hsqldb/HsqlNameManager$HsqlName;Lorg/hsqldb/Table;[I[IZZZZ[I[IZ)V >"
"< Application, Lorg/hsqldb/util/ConnectionDialog$2, <init>(Lorg/hsqldb/util/ConnectionDialog;)V >"
"< Application, Ldacapo/hsqldb/Main, <init>()V >"
"< Application, Lorg/hsqldb/util/SqlToolError, <init>(Ljava/lang/String;Ljava/lang/Throwable;)V >"
"< Application, Lorg/hsqldb/Result$ResultIterator, <init>(Lorg/hsqldb/Result;)V >"
"< Application, Lorg/hsqldb/util/ConnectionDialogCommon, <init>()V >"
"< Application, Lorg/hsqldb/Expression, <init>(Lorg/hsqldb/SubQuery;)V >"
"< Application, Lorg/hsqldb/lib/ArrayCounter, <init>()V >"
"< Application, Lorg/hsqldb/lib/IntKeyIntValueHashMap$Values, <init>(Lorg/hsqldb/lib/IntKeyIntValueHashMap;)V >"
"< Application, LHarness, <init>()V >"
"< Application, Lorg/hsqldb/util/AppendableException, <init>()V >"
"< Application, Lorg/hsqldb/Constraint, <init>(Lorg/hsqldb/HsqlNameManager$HsqlName;Lorg/hsqldb/HsqlNameManager$HsqlName;Lorg/hsqldb/Table;Lorg/hsqldb/Table;[I[ILorg/hsqldb/Index;Lorg/hsqldb/Index;II)V >"
"< Application, Ldacapo/LatexDescriptions, <init>()V >"
"< Application, Lorg/hsqldb/persist/DataFileCache, <init>(Lorg/hsqldb/Database;Ljava/lang/String;)V >"
"< Application, Lorg/hsqldb/util/TableSorter$TableModelHandler, <init>(Lorg/hsqldb/util/TableSorter;)V >"
"< Application, Lorg/hsqldb/Constraint, <init>(Lorg/hsqldb/HsqlNameManager$HsqlName;Lorg/hsqldb/Constraint;)V >"
"< Application, Lorg/hsqldb/lib/BaseList$BaseListIterator, <init>(Lorg/hsqldb/lib/BaseList;Lorg/hsqldb/lib/BaseList$1;)V >"
"< Application, Lorg/hsqldb/Expression, <init>(Lorg/hsqldb/Expression;Lorg/hsqldb/Expression;Ljava/lang/Character;Z)V >"
"< Application, Lorg/hsqldb/util/SqlToolSprayer, <init>()V >"
"< Application, Lorg/hsqldb/util/DatabaseManagerCommon, <init>()V >"
"< Application, Lorg/hsqldb/CompiledStatement, <init>(Lorg/hsqldb/Session;Lorg/hsqldb/Database;Lorg/hsqldb/HsqlNameManager$HsqlName;Lorg/hsqldb/TableFilter;Lorg/hsqldb/Expression;[Lorg/hsqldb/SubQuery;[Lorg/hsqldb/Expression;)V >"
"< Application, Lorg/hsqldb/util/TableSorter, <init>(Ljavax/swing/table/TableModel;Ljavax/swing/table/JTableHeader;)V >"
"< Application, LGcCallback, <init>()V >"
"< Application, Ldacapo/parser/SimpleCharStream, <init>(Ljava/io/Reader;II)V >"
"< Application, Lorg/hsqldb/jdbc/jdbcParameterMetaData, <init>(Lorg/hsqldb/Result;)V >"
"< Application, Lorg/hsqldb/lib/ZipUnzipFile, <init>()V >"
"< Application, Ldacapo/parser/ParseException, <init>(Ljava/lang/String;)V >"
"< Application, Lorg/hsqldb/jdbc/jdbcStubs, <init>()V >"
"< Application, Lorg/hsqldb/lib/SimpleLog, <init>(Ljava/lang/String;IZ)V >"
"< Application, Lorg/hsqldb/util/MainInvoker, <init>()V >"
"< Application, Lorg/hsqldb/lib/HashSet, <init>(IF)V >"
"< Application, Lorg/hsqldb/store/BitMap, <init>(I)V >"
"< Application, Lorg/hsqldb/jdbc/jdbcResultSet, <init>(Lorg/hsqldb/jdbc/jdbcStatement;Lorg/hsqldb/Result;Lorg/hsqldb/persist/HsqlProperties;Z)V >"
"< Application, Lorg/hsqldb/CachedDataRow, <init>(Lorg/hsqldb/Table;[Ljava/lang/Object;)V >"
"< Application, Ldacapo/parser/SimpleCharStream, <init>(Ljava/io/InputStream;)V >"
"< Application, Lorg/hsqldb/Expression, <init>(Lorg/hsqldb/NumberSequence;)V >"
"< Application, Lorg/hsqldb/types/Binary, <init>([BZ)V >"
"< Application, Lorg/hsqldb/util/ConnectionDialogSwing, <init>(Ljavax/swing/JFrame;Ljava/lang/String;)V >"
"< Application, Lorg/hsqldb/DITypeInfo, <init>()V >"
"< Application, Lorg/hsqldb/lib/HsqlArrayList, <init>(I)V >"
"< Application, Lorg/hsqldb/persist/LockFile$UnexpectedFileIOException, <init>(Lorg/hsqldb/persist/LockFile;Ljava/lang/String;Ljava/io/IOException;)V >"
"< Application, Lorg/hsqldb/persist/LockFile$LockHeldExternallyException, <init>(Lorg/hsqldb/persist/LockFile;Ljava/lang/String;JJ)V >"
"< Application, Lorg/hsqldb/Result$ResultMetaData, <init>()V >"
"< Application, Lorg/hsqldb/HsqlNameManager$HsqlName, <init>(Lorg/hsqldb/HsqlNameManager;Ljava/lang/String;Lorg/hsqldb/HsqlNameManager$1;)V >"
"< Application, Lorg/hsqldb/HsqlSocketFactorySecure, <init>()V >"
"< Application, Lorg/hsqldb/Index$IndexRowIterator, <init>(Lorg/hsqldb/Session;Lorg/hsqldb/Index;Lorg/hsqldb/Node;Lorg/hsqldb/Index$1;)V >"
"< Application, Lorg/hsqldb/Result, <init>(Lorg/hsqldb/Result$ResultMetaData;)V >"
"< Application, Ldacapo/DacapoException, <init>(Ljava/lang/String;)V >"
"< Application, Lorg/hsqldb/ServerConfiguration, <init>()V >"
"< Application, Ldacapo/hsqldb/PseudoJDBCBench$ClientThread, <init>(Ldacapo/hsqldb/PseudoJDBCBench;ILjava/lang/String;Ljava/lang/String;Ljava/lang/String;)V >"
"< Application, Lorg/hsqldb/HsqlNameManager$HsqlName, <init>(Lorg/hsqldb/HsqlNameManager;Ljava/lang/String;Ljava/lang/String;Z)V >"
"< Application, Lorg/hsqldb/util/ConnectionDialog$1, <init>(Lorg/hsqldb/util/ConnectionDialog;)V >"
"< Application, Lorg/hsqldb/lib/FileUtil$FileSync, <init>(Lorg/hsqldb/lib/FileUtil;Ljava/io/FileOutputStream;)V >"
"< Application, Lorg/hsqldb/HsqlNameManager$HsqlName, <init>(Lorg/hsqldb/HsqlNameManager;Ljava/lang/String;Z)V >"
"< Application, Lorg/hsqldb/Result, <init>(II)V >"
"< Application, Lorg/hsqldb/Expression, <init>(ILorg/hsqldb/Expression;Lorg/hsqldb/Expression;)V >"
"< Application, Lorg/hsqldb/SchemaManager, <init>(Lorg/hsqldb/Database;)V >"
"< Application, Lorg/hsqldb/lib/IntKeyIntValueHashMap$KeySet, <init>(Lorg/hsqldb/lib/IntKeyIntValueHashMap;)V >"
"< Application, Lorg/hsqldb/persist/ScaledRAFileInJar, <init>(Ljava/lang/String;)V >"
"< Application, Lorg/hsqldb/util/SqlFile$BadSpecial, <init>(Ljava/lang/String;)V >"
"< Application, Lorg/hsqldb/Column, <init>(Lorg/hsqldb/HsqlNameManager$HsqlName;ZIIIZLorg/hsqldb/Expression;)V >"
"< Application, Lorg/hsqldb/lib/HsqlTimer$TaskQueue, <init>(ILorg/hsqldb/lib/ObjectComparator;)V >"
"< Application, Lorg/hsqldb/GroupedResult$ResultGroup, <init>(Lorg/hsqldb/GroupedResult;[Ljava/lang/Object;Lorg/hsqldb/GroupedResult$1;)V >"
"< Application, Lorg/hsqldb/util/SqltoolRB, <init>()V >"
"< Application, Lorg/hsqldb/lib/HsqlByteArrayInputStream, <init>([B)V >"
"< Application, Lorg/hsqldb/util/AppendableException, <init>(Ljava/lang/String;)V >"
"< Application, Lorg/hsqldb/lib/IntKeyLongValueHashMap, <init>(I)V >"
"< Application, Lorg/hsqldb/DatabaseURL, <init>()V >"
"< Application, Lorg/hsqldb/Row, <init>(Lorg/hsqldb/Table;[Ljava/lang/Object;)V >"
"< Application, Lorg/hsqldb/User, <init>(Ljava/lang/String;Ljava/lang/String;Lorg/hsqldb/Grantee;)V >"
"< Application, Lorg/hsqldb/TriggerDef$DefaultTrigger, <init>()V >"
"< Application, Lorg/hsqldb/util/DatabaseManagerSwing$3, <init>(Lorg/hsqldb/util/DatabaseManagerSwing;)V >"
"< Application, Lorg/hsqldb/SessionManager, <init>(Lorg/hsqldb/Database;)V >"
"< Application, Lorg/hsqldb/util/TableSorter$Arrow, <init>(ZII)V >"
"< Application, Lorg/hsqldb/util/SqlToolError, <init>()V >"
"< Application, Lorg/hsqldb/Trace, <init>()V >"
"< Application, Lorg/hsqldb/lib/HsqlArrayList, <init>(Z)V >"
"< Application, Lorg/hsqldb/persist/ScaledRAFile, <init>(Lorg/hsqldb/Database;Ljava/lang/String;Z)V >"
"< Application, Lorg/hsqldb/CompiledStatement, <init>(Lorg/hsqldb/Session;Lorg/hsqldb/Database;Lorg/hsqldb/HsqlNameManager$HsqlName;Lorg/hsqldb/Table;[I[ZLorg/hsqldb/Select;[Lorg/hsqldb/SubQuery;[Lorg/hsqldb/Expression;)V >"
"< Application, Lorg/hsqldb/Collation, <init>()V >"
"< Application, Ldacapo/parser/Config$OutputFile, <init>(Ldacapo/parser/Config;Ljava/lang/String;)V >"
"< Application, Lorg/hsqldb/persist/LockFile, <init>()V >"
"< Application, Lorg/hsqldb/Result, <init>(I)V >"
"< Application, Lorg/hsqldb/Function, <init>(Ljava/lang/String;Ljava/lang/String;Z)V >"
"< Application, Lorg/hsqldb/lib/HsqlTaskQueue$TaskRunner, <init>(Lorg/hsqldb/lib/HsqlTaskQueue;)V >"
"< Application, Lorg/hsqldb/util/SqlFile$QuitNow, <init>(Lorg/hsqldb/util/SqlFile;)V >"
"< Application, Lorg/hsqldb/util/RCData, <init>(Ljava/lang/String;Ljava/lang/String;Ljava/lang/String;Ljava/lang/String;Ljava/lang/String;Ljava/lang/String;Ljava/lang/String;Ljava/lang/String;)V >"
"< Application, Lorg/hsqldb/util/DatabaseManagerSwing$StatementExecRunnable, <init>(Lorg/hsqldb/util/DatabaseManagerSwing;)V >"
"< Application, Lorg/hsqldb/lib/HashSet, <init>(I)V >"
"< Application, Lorg/hsqldb/SubQuery, <init>()V >"
"< Application, Lorg/hsqldb/lib/StringConverter, <init>()V >"
"< Application, LMMTkCallback, <init>()V >"
"< Application, Lorg/hsqldb/lib/HashMap, <init>()V >"
"< Application, Lorg/hsqldb/Expression, <init>(Lorg/hsqldb/Expression;III)V >"
"< Application, Lorg/hsqldb/Expression, <init>([Lorg/hsqldb/Expression;)V >"
"< Application, Lorg/hsqldb/PointerNode, <init>(Lorg/hsqldb/CachedRow;I)V >"
"< Application, Lorg/hsqldb/Expression, <init>(Lorg/hsqldb/Expression;)V >"
"< Application, Lorg/hsqldb/persist/DataFileDefrag, <init>(Lorg/hsqldb/Database;Lorg/hsqldb/persist/DataFileCache;Ljava/lang/String;)V >"
"< Application, Lorg/hsqldb/util/CSVWriter, <init>(Ljava/io/File;Ljava/lang/String;)V >"
"< Application, Lorg/hsqldb/util/TableSorter, <init>()V >"
"< Application, Lorg/hsqldb/scriptio/ScriptWriterText, <init>()V >"
"< Application, Lorg/hsqldb/DITableInfo, <init>()V >"
"< Application, Ldacapo/parser/SimpleCharStream, <init>(Ljava/io/Reader;III)V >"
"< Application, Lorg/hsqldb/Table$RowStore, <init>(Lorg/hsqldb/Table;)V >"
"< Application, Lorg/hsqldb/util/SqlTool$SqlToolException, <init>(Ljava/lang/String;I)V >"
"< Application, Lorg/hsqldb/lib/HsqlTimer$Task, <init>(Lorg/hsqldb/lib/HsqlTimer;JLjava/lang/Runnable;JZ)V >"
"< Application, Lorg/hsqldb/util/SqlFile$ContinueException, <init>(Lorg/hsqldb/util/SqlFile;Ljava/lang/String;)V >"
"< Application, Lorg/hsqldb/lib/HsqlThreadFactory, <init>(Lorg/hsqldb/lib/ThreadFactory;)V >"
"< Application, Lorg/hsqldb/lib/ArrayUtil, <init>()V >"
"< Application, Lorg/hsqldb/lib/BaseList$BaseListIterator, <init>(Lorg/hsqldb/lib/BaseList;)V >"
"< Application, Lorg/hsqldb/lib/HsqlByteArrayInputStream, <init>([BII)V >"
"< Application, Lorg/hsqldb/util/ConnectionDialog, <init>(Ljava/awt/Frame;Ljava/lang/String;)V >"
"< Application, Lorg/hsqldb/lib/StopWatch, <init>(Z)V >"
"< Application, Lorg/hsqldb/lib/HsqlLinkedList$Node, <init>(Ljava/lang/Object;)V >"
"< Application, Lorg/hsqldb/lib/HsqlLinkedList, <init>()V >"
"< Application, Lorg/hsqldb/util/DatabaseManagerSwing$10, <init>(Lorg/hsqldb/util/DatabaseManagerSwing;)V >"
"< Application, Lorg/hsqldb/HsqlServerFactory, <init>()V >"
"< Application, Ldacapo/parser/TokenMgrError, <init>()V >"
"< Application, Lorg/hsqldb/lib/BaseList, <init>()V >"
"< Application, Ldacapo/Benchmark$1, <init>(Ljava/lang/String;)V >"
"< Application, Lorg/hsqldb/lib/HsqlTimer, <init>()V >"
"< Application, Lorg/hsqldb/Constraint, <init>(Lorg/hsqldb/HsqlNameManager$HsqlName;Lorg/hsqldb/Table;Lorg/hsqldb/Index;I)V >"
"< Application, Lorg/hsqldb/lib/IntKeyHashMap, <init>()V >"
"< Application, Lorg/hsqldb/scriptio/ScriptReaderZipped, <init>(Lorg/hsqldb/Database;Ljava/lang/String;)V >"
"< Application, Lorg/hsqldb/NumberSequence, <init>(Lorg/hsqldb/HsqlNameManager$HsqlName;JJI)V >"
"< Application, Lorg/hsqldb/persist/LockFile$WrongLengthException, <init>(Lorg/hsqldb/persist/LockFile;Ljava/lang/String;J)V >"
"< Application, Lorg/hsqldb/Expression, <init>(ILjava/lang/Object;)V >"
"< Application, Lorg/hsqldb/util/SqlFile$BreakException, <init>(Lorg/hsqldb/util/SqlFile;)V >"
"< Application, Lorg/hsqldb/lib/DoubleIntIndex, <init>(IZ)V >"
"< Application, Lorg/hsqldb/Parser, <init>(Lorg/hsqldb/Session;Lorg/hsqldb/Database;Lorg/hsqldb/Tokenizer;)V >"
"< Application, Lorg/hsqldb/persist/HsqlProperties, <init>(Ljava/util/Properties;)V >"
"< Application, Lorg/hsqldb/GranteeManager, <init>(Lorg/hsqldb/Database;)V >"
"< Application, Lorg/hsqldb/Grantee, <init>(Ljava/lang/String;Lorg/hsqldb/Grantee;Lorg/hsqldb/GranteeManager;)V >"
"< Application, Lorg/hsqldb/Expression, <init>(Ljava/lang/String;Ljava/lang/String;Ljava/lang/String;)V >"
"< Application, Lorg/hsqldb/CompiledStatement, <init>(Lorg/hsqldb/Session;Lorg/hsqldb/Database;Lorg/hsqldb/HsqlNameManager$HsqlName;Lorg/hsqldb/Select;[Lorg/hsqldb/SubQuery;[Lorg/hsqldb/Expression;)V >"
"< Application, Lorg/hsqldb/CachedRow, <init>(Lorg/hsqldb/Table;[Ljava/lang/Object;)V >"
"< Application, Lorg/hsqldb/util/DatabaseManagerSwing$DBMPrefs, <init>(Lorg/hsqldb/util/DatabaseManagerSwing;Z)V >"
"< Application, Lorg/hsqldb/Types, <init>()V >"
"< Application, Lorg/hsqldb/util/DatabaseManagerSwing$11, <init>(Lorg/hsqldb/util/DatabaseManagerSwing;)V >"
"< Application, Lorg/hsqldb/DiskNode, <init>(Lorg/hsqldb/CachedRow;I)V >"
"< Application, Lorg/hsqldb/CompiledStatement, <init>(Lorg/hsqldb/Session;Lorg/hsqldb/Database;Lorg/hsqldb/HsqlNameManager$HsqlName;Lorg/hsqldb/TableFilter;[I[Lorg/hsqldb/Expression;Lorg/hsqldb/Expression;[Lorg/hsqldb/SubQuery;[Lorg/hsqldb/Expression;)V >"
"< Application, Lorg/hsqldb/util/TableSorter, <init>(Ljavax/swing/table/TableModel;)V >"
"< Application, Lorg/hsqldb/lib/IntValueHashMap, <init>()V >"
"< Application, Lorg/hsqldb/rowio/RowOutputBinary, <init>(I)V >"
"< Application, Lorg/hsqldb/lib/StopWatch, <init>()V >"
"< Application, LMyCallback, <init>()V >"
"< Application, Lorg/hsqldb/util/SqlFile$RowError, <init>(Lorg/hsqldb/util/SqlFile;Ljava/lang/String;)V >"
"< Application, Lorg/hsqldb/jdbc/jdbcDatabaseMetaData, <init>(Lorg/hsqldb/jdbc/jdbcConnection;)V >"
"< Application, Lorg/hsqldb/persist/Cache$CachedObjectComparator, <init>()V >"
"< Application, Lorg/hsqldb/UserManager, <init>(Lorg/hsqldb/Database;)V >"
"< Application, Lorg/hsqldb/lib/WrapperIterator, <init>([Ljava/lang/Object;)V >"
"< Application, Lorg/hsqldb/Session, <init>(Lorg/hsqldb/Database;Lorg/hsqldb/User;ZZI)V >"
"< Application, Lorg/hsqldb/store/ObjectCacheHashMap$ObjectCacheIterator, <init>(Lorg/hsqldb/store/ObjectCacheHashMap;)V >"
"< Application, Lorg/hsqldb/util/FontDialogSwing$7, <init>()V >"
"< Application, Lorg/hsqldb/persist/LockFile$WrongMagicException, <init>(Lorg/hsqldb/persist/LockFile;Ljava/lang/String;[B)V >"
"< Application, Lorg/hsqldb/util/FontDialogSwing$2, <init>()V >"
"< Application, Lorg/hsqldb/rowio/RowOutputBase, <init>([B)V >"
"< Application, Lorg/hsqldb/lib/HashMap$KeySet, <init>(Lorg/hsqldb/lib/HashMap;)V >"
"< Application, Lorg/hsqldb/lib/LongKeyIntValueHashMap$Values, <init>(Lorg/hsqldb/lib/LongKeyIntValueHashMap;)V >"
"< Application, Lorg/hsqldb/jdbc/jdbcBlob, <init>([B)V >"
"< Application, Lorg/hsqldb/util/FontDialogSwing$4, <init>()V >"
"< Application, Lorg/hsqldb/rowio/RowInputTextQuoted, <init>(Ljava/lang/String;Ljava/lang/String;Ljava/lang/String;Z)V >"
"< Application, Lorg/hsqldb/lib/HashMap, <init>(IF)V >"
"< Application, Lorg/hsqldb/rowio/RowOutputBinary, <init>()V >"
"< Application, Lorg/hsqldb/View, <init>(Lorg/hsqldb/Session;Lorg/hsqldb/Database;Lorg/hsqldb/HsqlNameManager$HsqlName;Ljava/lang/String;[Lorg/hsqldb/HsqlNameManager$HsqlName;)V >"
"< Application, Lorg/hsqldb/lib/IntKeyHashMap, <init>(I)V >"
"< Application, Lorg/hsqldb/util/RCData, <init>(Ljava/lang/String;Ljava/lang/String;Ljava/lang/String;Ljava/lang/String;Ljava/lang/String;Ljava/lang/String;Ljava/lang/String;)V >"
"< Application, Ldacapo/parser/SimpleCharStream, <init>(Ljava/io/Reader;)V >"
"< Application, Lorg/hsqldb/util/DatabaseManagerSwing$9, <init>(Lorg/hsqldb/util/DatabaseManagerSwing;)V >"
"< Application, Lorg/hsqldb/lib/HsqlThreadFactory, <init>()V >"
"< Application, Lorg/hsqldb/lib/WrapperIterator, <init>([Ljava/lang/Object;Z)V >"
"< Application, Lorg/hsqldb/util/DatabaseManager, <init>()V >"
"< Application, Lorg/hsqldb/util/FontDialogSwing$3, <init>()V >"
"< Application, Lorg/hsqldb/lib/java/JavaSystem, <init>()V >"
"< Application, Lorg/hsqldb/Database, <init>(Ljava/lang/String;Ljava/lang/String;Ljava/lang/String;Lorg/hsqldb/persist/HsqlProperties;)V >"
"< Application, Lorg/hsqldb/util/TableSorter$Row, <init>(Lorg/hsqldb/util/TableSorter;I)V >"
"< Application, Lorg/hsqldb/lib/IntKeyIntValueHashMap, <init>()V >"
"< Application, Ldacapo/TeeOutputStream, <init>(Ljava/io/OutputStream;Ljava/io/File;)V >"
"< Application, Lorg/hsqldb/persist/Cache, <init>(Lorg/hsqldb/persist/DataFileCache;)V >"
"< Application, Ldacapo/TestHarness, <init>(Ljava/io/InputStream;)V >"
"< Application, Lorg/hsqldb/persist/HsqlDatabaseProperties, <init>(Lorg/hsqldb/Database;)V >"
"< Application, Ldacapo/parser/SimpleCharStream, <init>(Ljava/io/InputStream;III)V >"
"< Application, Lorg/hsqldb/HsqlNameManager, <init>()V >"
"< Application, Ldacapo/parser/Token, <init>()V >"
"< Application, Lorg/hsqldb/rowio/RowInputTextLog, <init>()V >"
"< Application, Ldacapo/Matcher, <init>(Ljava/lang/String;Ljava/lang/String;)V >"
"< Application, Lorg/hsqldb/lib/StringInputStream, <init>(Ljava/lang/String;)V >"
"< Application, Lorg/hsqldb/Constraint, <init>()V >"
"< Application, Lorg/hsqldb/CachedRow, <init>(Lorg/hsqldb/Table;Lorg/hsqldb/rowio/RowInputInterface;)V >"
"< Application, Lorg/hsqldb/HsqlSocketFactory, <init>()V >"
"< Application, Lorg/hsqldb/util/CommonSwing, <init>()V >"
"< Application, Lorg/hsqldb/lib/StringUtil, <init>()V >"
"< Application, Lorg/hsqldb/CachedDataRow, <init>(Lorg/hsqldb/Table;Lorg/hsqldb/rowio/RowInputInterface;)V >"
"< Application, Lorg/hsqldb/lib/LongKeyIntValueHashMap$KeySet, <init>(Lorg/hsqldb/lib/LongKeyIntValueHashMap;)V >"
"< Application, Lorg/hsqldb/lib/LongKeyIntValueHashMap, <init>()V >"
"< Application, Lorg/hsqldb/Result$ResultMetaData, <init>(Lorg/hsqldb/rowio/RowInputBinary;I)V >"
"< Application, Lorg/hsqldb/store/BaseHashMap$BaseHashIterator, <init>(Lorg/hsqldb/store/BaseHashMap;)V >"
"< Application, Lorg/hsqldb/ConstraintCore, <init>()V >"
"< Application, Lorg/hsqldb/lib/HsqlLinkedList$Node, <init>()V >"
"< Application, Lorg/hsqldb/lib/LongKeyIntValueHashMap, <init>(I)V >"
"< Application, Lorg/hsqldb/util/FontDialogSwing, <init>()V >"
"< Application, Lorg/hsqldb/lib/HashMappedList, <init>(IF)V >"
"< Application, Lorg/hsqldb/CompiledStatement, <init>(Lorg/hsqldb/HsqlNameManager$HsqlName;Lorg/hsqldb/Table;[I[Lorg/hsqldb/Expression;[Z[Lorg/hsqldb/SubQuery;[Lorg/hsqldb/Expression;)V >"
"< Application, Lorg/hsqldb/Library, <init>()V >"
"< Application, Lorg/hsqldb/lib/HashMappedList, <init>(I)V >"
"< Application, Lorg/hsqldb/util/SqlTool, <init>()V >"
"< Application, Lorg/hsqldb/Result, <init>(Ljava/lang/Throwable;Ljava/lang/String;)V >"
"< Application, Lorg/hsqldb/DIProcedureInfo, <init>(Lorg/hsqldb/DINameSpace;)V >"
"< Application, Lorg/hsqldb/lib/AsciiStringInputStream, <init>(Ljava/lang/String;)V >"
"< Application, Ldacapo/parser/Config, <init>(Ljava/lang/String;)V >"
"< Application, Ldacapo/parser/TokenMgrError, <init>(Ljava/lang/String;I)V >"
"< Application, Lorg/hsqldb/lib/IntKeyIntValueHashMap, <init>(IF)V >"
"< Application, Lorg/hsqldb/scriptio/ScriptReaderText, <init>(Lorg/hsqldb/Database;Ljava/lang/String;)V >"
"< Application, Lorg/hsqldb/lib/IntKeyLongValueHashMap, <init>()V >"
"< Application, Lorg/hsqldb/util/GridSwing, <init>()V >"
"< Application, Lorg/hsqldb/util/TableSorter$SortableHeaderRenderer, <init>(Lorg/hsqldb/util/TableSorter;Ljavax/swing/table/TableCellRenderer;)V >"
"< Application, Ldacapo/FileDigest, <init>()V >"
"< Application, Lorg/hsqldb/util/AppendableException, <init>(Ljava/lang/Throwable;)V >"
"< Application, Lorg/hsqldb/Server, <init>()V >"
"< Application, Lorg/hsqldb/Expression, <init>(Lorg/hsqldb/TableFilter;Lorg/hsqldb/Column;)V >"
"< Application, Lorg/hsqldb/lib/HsqlTaskQueue, <init>()V >"
"< Application, Lorg/hsqldb/util/DatabaseManagerSwing, <init>()V >"
"< Application, Lorg/hsqldb/util/ShutdownServer, <init>()V >"
"< Application, Lorg/hsqldb/jdbc/jdbcClob, <init>(Ljava/lang/String;)V >"
"< Application, Lorg/hsqldb/util/FontDialogSwing$1, <init>()V >"
"< Application, Lorg/hsqldb/persist/Logger, <init>()V >"
"< Application, Lorg/hsqldb/HsqlException, <init>(Ljava/lang/Throwable;Ljava/lang/String;I)V >"
"< Application, Lorg/hsqldb/Result, <init>(Ljava/lang/String;Ljava/lang/String;I)V >"
"< Application, Lorg/hsqldb/Expression$Collector, <init>()V >"
"< Application, Lorg/hsqldb/Row, <init>()V >"
"< Application, Lorg/hsqldb/store/BaseHashMap$BaseHashIterator, <init>(Lorg/hsqldb/store/BaseHashMap;Z)V >"
"< Application, Lorg/hsqldb/jdbc/jdbcResultSetMetaData, <init>(Lorg/hsqldb/jdbc/jdbcResultSet;Lorg/hsqldb/persist/HsqlProperties;)V >"
"< Application, Lorg/hsqldb/util/SqlFile$BadSpecial, <init>(Ljava/lang/String;Ljava/lang/Throwable;)V >"
"< Application, Lorg/hsqldb/store/BaseHashMap, <init>(IFIIZ)V >"
"< Application, Lorg/hsqldb/scriptio/ScriptReaderBase, <init>(Lorg/hsqldb/Database;Ljava/lang/String;)V >"
"< Application, Lorg/hsqldb/persist/TextCache$ByteArray, <init>(Lorg/hsqldb/persist/TextCache;I)V >"
"< Application, Lorg/hsqldb/util/SqlTool$PrivateException, <init>()V >"
"< Application, Lorg/hsqldb/lib/IntKeyIntValueHashMap, <init>(I)V >"
"< Application, Lorg/hsqldb/util/FontDialogSwing$6, <init>()V >"
"< Application, Lorg/hsqldb/scriptio/ScriptWriterBase, <init>()V >"
"< Application, Lorg/hsqldb/DatabaseCommandInterpreter, <init>(Lorg/hsqldb/Session;)V >"
"< Application, Lorg/hsqldb/util/SqlFile, <init>(Ljava/io/File;ZLjava/util/Map;)V >"
"< Application, Lorg/hsqldb/WebServer, <init>()V >"
"< Application, Lorg/hsqldb/BaseTable, <init>()V >"
"< Application, Lorg/hsqldb/util/SqlTool$SqlToolException, <init>(I)V >"
"< Application, Lorg/hsqldb/util/DatabaseManagerSwing$4, <init>(Lorg/hsqldb/util/DatabaseManagerSwing;)V >"
"< Application, Lorg/hsqldb/lib/HsqlTimer$TaskRunner, <init>(Lorg/hsqldb/lib/HsqlTimer;)V >"
"< Application, Lorg/hsqldb/lib/IntKeyLongValueHashMap, <init>(IF)V >"
"< Application, Lorg/hsqldb/util/SqlFile$BooleanBucket, <init>()V >"
"< Application, Lorg/hsqldb/lib/HsqlByteArrayOutputStream, <init>(I)V >"
"< Application, Lorg/hsqldb/lib/FileUtil, <init>()V >"
"< Application, Lorg/hsqldb/lib/HashSet, <init>()V >"
"< Application, Lorg/hsqldb/persist/TextCache, <init>(Lorg/hsqldb/Table;Ljava/lang/String;)V >"
"< Application, Lorg/hsqldb/Token, <init>()V >"
"< Application, Lorg/hsqldb/Transaction, <init>(ZLorg/hsqldb/Table;Lorg/hsqldb/Row;J)V >"
"< Application, Lorg/hsqldb/util/SqlTool$BadCmdline, <init>()V >"
"< Application, Lorg/hsqldb/Expression, <init>(ILjava/lang/Object;Z)V >"
"< Application, Ldacapo/parser/ParseException, <init>(Ldacapo/parser/Token;[[I[Ljava/lang/String;)V >"
"< Application, Lorg/hsqldb/rowio/RowOutputText, <init>(Ljava/lang/String;Ljava/lang/String;Ljava/lang/String;ZLjava/lang/String;)V >"
"< Application, Lorg/hsqldb/util/SqlFile, <init>(ZLjava/util/Map;)V >"
"< Application, Lorg/hsqldb/util/AppendableException, <init>(Ljava/lang/String;Ljava/lang/Throwable;)V >"
"< Application, Lorg/hsqldb/rowio/RowOutputBase, <init>(I)V >"
"< Application, Ldacapo/parser/ConfigFileTokenManager, <init>(Ldacapo/parser/SimpleCharStream;)V >"
"< Application, Lorg/hsqldb/Index$IndexRowIterator, <init>(Lorg/hsqldb/Session;Lorg/hsqldb/Index;Lorg/hsqldb/Node;)V >"
"< Application, Lorg/hsqldb/lib/IntKeyHashMap$KeySet, <init>(Lorg/hsqldb/lib/IntKeyHashMap;)V >"
"< Application, Lorg/hsqldb/util/TableSorter$Directive, <init>(II)V >"
"< Application, Lorg/hsqldb/lib/LongKeyIntValueHashMap, <init>(IF)V >"
