"< Application, Lorg/hsqldb/persist/HsqlProperties, argArrayToProps([Ljava/lang/String;Ljava/lang/String;)Lorg/hsqldb/persist/HsqlProperties; >"	14	20	1
"< Application, Lorg/hsqldb/TableFilter, findFirst(Lorg/hsqldb/Session;)Z >"	49	81	80
"< Application, Lorg/hsqldb/util/SqlToolSprayer, main([Ljava/lang/String;)V >"	95	109	88
"< Application, Lorg/hsqldb/DatabaseInformationMain, SYSTEM_CROSSREFERENCE()Lorg/hsqldb/Table; >"	78	82	81
"< Application, Lorg/hsqldb/persist/ScaledRAFile, read()I >"	15	16	15
"< Application, Lorg/hsqldb/lib/ArrayUtil, haveEqualArrays([Ljava/lang/Object;[Ljava/lang/Object;I)Z >"	0	5	1
"< Application, Ldacapo/hsqldb/PseudoJDBCBench, main([Ljava/lang/String;)V >"	38	39	1
"< Application, Ldacapo/TestHarness, main([Ljava/lang/String;)V >"	41	41	1
"< Application, Lorg/hsqldb/SessionManager, newSession(Lorg/hsqldb/Database;Lorg/hsqldb/User;ZZ)Lorg/hsqldb/Session; >"	11	18	17
"< Application, Lorg/hsqldb/util/SqlTool, objectMain([Ljava/lang/String;)V >"	421	413	390
"< Application, Lorg/hsqldb/TransactionManager, getTransactionList()[Lorg/hsqldb/Transaction; >"	3	7	6
"< Application, Lorg/hsqldb/util/DatabaseManager, showResultInText()V >"	2	6	5
"< Application, Lorg/hsqldb/DatabaseInformationMain, <init>(Lorg/hsqldb/Database;)V >"	2	6	5
"< Application, Lorg/hsqldb/util/SqlTool, objectMain([Ljava/lang/String;)V >"	443	423	396
"< Application, Lorg/hsqldb/store/HashIndex, clear()V >"	1	4	3
"< Application, Lorg/hsqldb/DatabaseScript, getTableDDL(Lorg/hsqldb/Database;Lorg/hsqldb/Table;ILorg/hsqldb/lib/HsqlArrayList;ZLjava/lang/StringBuffer;)V >"	113	194	70
"< Application, Lorg/hsqldb/Table, createPrimaryIndex([ILorg/hsqldb/HsqlNameManager$HsqlName;)V >"	0	5	2
"< Application, Lorg/hsqldb/DatabaseInformationMain, SYSTEM_TABLETYPES()Lorg/hsqldb/Table; >"	13	9	8
"< Application, Ldacapo/FileDigest, main([Ljava/lang/String;)V >"	1	5	1
"< Application, Lorg/hsqldb/Select, getDDL()Ljava/lang/StringBuffer; >"	20	31	30
"< Application, Ldacapo/TestHarness, coeff_of_var([J)D >"	0	3	1
"< Application, Lorg/hsqldb/util/SqlFile, importDsv(Ljava/lang/String;Ljava/lang/String;)V >"	413	396	330
"< Application, Lorg/hsqldb/jdbc/jdbcStatement, executeBatch()[I >"	32	38	37
"< Application, Lorg/hsqldb/util/RefCapablePropertyResourceBundle, posSubst(Ljava/lang/String;[Ljava/lang/String;I)Ljava/lang/String; >"	39	99	3
"< Application, Lorg/hsqldb/lib/StringUtil, getList([ILjava/lang/String;Ljava/lang/String;)Ljava/lang/String; >"	0	5	1
"< Application, Lorg/hsqldb/lib/ArrayUtil, copyColumnValues([I[I[I)V >"	1	6	2
"< Application, Lorg/hsqldb/util/SqlTool, objectMain([Ljava/lang/String;)V >"	192	208	1
"< Application, Lorg/hsqldb/lib/StringUtil, getList([Ljava/lang/String;Ljava/lang/String;Ljava/lang/String;)Ljava/lang/String; >"	0	5	1
"< Application, Lorg/hsqldb/util/SqlFile, importDsv(Ljava/lang/String;Ljava/lang/String;)V >"	54	72	71
"< Application, Lorg/hsqldb/util/SqlTool, objectMain([Ljava/lang/String;)V >"	207	222	215
"< Application, Lorg/hsqldb/util/SqlFile, eval([Ljava/lang/String;)Z >"	0	4	2
"< Application, Lorg/hsqldb/Select, resolveTablesUnion(Lorg/hsqldb/TableFilter;)V >"	6	8	7
"< Application, Lorg/hsqldb/store/BaseHashMap, removeFromElementArrays(I)V >"	2	6	5
"< Application, Lorg/hsqldb/CompiledStatement, materializeSubQueries(Lorg/hsqldb/Session;)V >"	2	6	5
"< Application, Lorg/hsqldb/rowio/RowOutputBase, writeData(I[I[Ljava/lang/Object;Lorg/hsqldb/lib/HashMappedList;[I)V >"	1	9	6
"< Application, Lorg/hsqldb/DatabaseInformationMain, SYSTEM_CHECK_CONSTRAINTS()Lorg/hsqldb/Table; >"	29	26	25
"< Application, Ldacapo/hsqldb/PseudoJDBCBench, main([Ljava/lang/String;)V >"	7	12	1
"< Application, Lorg/hsqldb/persist/LockFile, checkMagic(Ljava/io/DataInputStream;)V >"	5	10	9
"< Application, Ldacapo/parser/ParseException, getMessage()Ljava/lang/String; >"	38	42	41
"< Application, Lorg/hsqldb/rowio/RowInputTextQuoted, getField(Ljava/lang/String;IZ)Ljava/lang/String; >"	2	9	8
"< Application, Lorg/hsqldb/Server, getDatabaseType(I)Ljava/lang/String; >"	4	8	7
"< Application, Lorg/hsqldb/Result, <init>(I[II)V >"	7	10	3
"< Application, Lorg/hsqldb/WebServerConnection, run()V >"	34	34	33
"< Application, Lorg/hsqldb/lib/HsqlArrayList, add(Ljava/lang/Object;)Z >"	2	6	5
"< Application, Lorg/hsqldb/jdbc/jdbcBlob, position([BJ)J >"	1	6	5
"< Application, Lorg/hsqldb/Function, describe(Lorg/hsqldb/Session;)Ljava/lang/String; >"	11	21	20
"< Application, Lorg/hsqldb/Index, getVisibleColumns()I >"	1	4	3
"< Application, Lorg/hsqldb/util/SqlFile, describe(Ljava/lang/String;Ljava/lang/String;)V >"	217	246	222
"< Application, Lorg/hsqldb/util/SqlFile, describe(Ljava/lang/String;Ljava/lang/String;)V >"	159	180	8
"< Application, Ldacapo/LatexDescriptions, print([Ljava/lang/String;Ljava/io/PrintStream;)V >"	22	33	32
"< Application, Lorg/hsqldb/lib/ArrayUtil, areEqual([I[IIZ)Z >"	6	12	1
"< Application, Lorg/hsqldb/WebServerConnection, run()V >"	27	38	37
"< Application, Lorg/hsqldb/lib/ArrayUtil, commonElements([I[I)[I >"	4	9	1
"< Application, Lorg/hsqldb/Function, getDLL()Ljava/lang/String; >"	56	29	28
"< Application, Lorg/hsqldb/lib/ArrayUtil, areEqualSets([I[I)Z >"	1	5	2
"< Application, Lorg/hsqldb/util/CodeSwitcher, main([Ljava/lang/String;)V >"	2	5	1
"< Application, Lorg/hsqldb/TableWorks, reTypeColumn(Lorg/hsqldb/Column;Lorg/hsqldb/Column;)V >"	46	42	41
"< Application, Lorg/hsqldb/Table, checkColumnsMatch([ILorg/hsqldb/Table;[I)V >"	0	6	2
"< Application, Lorg/hsqldb/persist/TextCache, readHeaderLine()I >"	15	25	24
"< Application, Lorg/hsqldb/Table, renameTableInCheckConstraints(Lorg/hsqldb/Session;Ljava/lang/String;Ljava/lang/String;)V >"	1	8	7
"< Application, Lorg/hsqldb/lib/ArrayUtil, countStartElementsAt([BI[B)I >"	1	6	1
"< Application, Lorg/hsqldb/Select, prepareResult(Lorg/hsqldb/Session;)V >"	20	22	21
"< Application, Lorg/hsqldb/SessionManager, closeAllSessions()V >"	2	6	4
"< Application, Lorg/hsqldb/View, replaceAsterisksInStatement()V >"	29	33	28
"< Application, Lorg/hsqldb/Table, checkCascadeDelete(Lorg/hsqldb/Session;Lorg/hsqldb/Table;Lorg/hsqldb/lib/HashMappedList;Lorg/hsqldb/Row;ZLorg/hsqldb/lib/HashSet;)V >"	79	81	78
"< Application, Lorg/hsqldb/GroupedResult, getRow([Ljava/lang/Object;)[Ljava/lang/Object; >"	18	11	2
"< Application, Ldacapo/TestHarness, vectorise([Ljava/lang/String;)Ljava/util/Vector; >"	1	4	1
"< Application, Lorg/hsqldb/Select, getResultMain(Lorg/hsqldb/Session;)Lorg/hsqldb/Result; >"	20	21	20
"< Application, Ldacapo/TestHarness, coeff_of_var([J)D >"	3	7	1
"< Application, Lorg/hsqldb/jdbc/jdbcDatabaseMetaData, getUDTs(Ljava/lang/String;Ljava/lang/String;Ljava/lang/String;[I)Ljava/sql/ResultSet; >"	3	11	5
"< Application, Lorg/hsqldb/lib/ArrayUtil, countStartElementsAt([BI[B)I >"	4	7	3
"< Application, Lorg/hsqldb/DatabaseInformationMain, SYSTEM_CROSSREFERENCE()Lorg/hsqldb/Table; >"	46	41	40
"< Application, Lorg/hsqldb/CompiledStatementExecutor, execute(Lorg/hsqldb/CompiledStatement;[Ljava/lang/Object;)Lorg/hsqldb/Result; >"	3	9	8
"< Application, Lorg/hsqldb/lib/ArrayUtil, sortArray([I)V >"	1	4	1
"< Application, Lorg/hsqldb/DatabaseCommandInterpreter, executePart(ILjava/lang/String;)Lorg/hsqldb/Result; >"	40	108	107
"< Application, Lorg/hsqldb/util/SqlTool, objectMain([Ljava/lang/String;)V >"	97	88	1
"< Application, Lorg/hsqldb/store/BitMap, doubleCapacity()V >"	9	13	12
"< Application, Lorg/hsqldb/Table, checkColumnsMatch([ILorg/hsqldb/Table;[I)V >"	6	9	2
"< Application, Lorg/hsqldb/util/DatabaseManager, saveAsCsv(Ljava/lang/String;)V >"	16	24	23
"< Application, Lorg/hsqldb/Parser, getViewSubquery(Lorg/hsqldb/View;)Lorg/hsqldb/SubQuery; >"	3	7	6
"< Application, Lorg/hsqldb/types/Binary, equals(Ljava/lang/Object;)Z >"	9	10	9
"< Application, Lorg/hsqldb/lib/ArrayUtil, haveEqualArrays([I[II)Z >"	2	6	2
"< Application, Lorg/hsqldb/util/SqlFile, importDsv(Ljava/lang/String;Ljava/lang/String;)V >"	130	146	86
"< Application, Lorg/hsqldb/Table, checkCascadeDelete(Lorg/hsqldb/Session;Lorg/hsqldb/Table;Lorg/hsqldb/lib/HashMappedList;Lorg/hsqldb/Row;ZLorg/hsqldb/lib/HashSet;)V >"	1	10	9
"< Application, Lorg/hsqldb/util/SqlTool, objectMain([Ljava/lang/String;)V >"	118	127	1
"< Application, Lorg/hsqldb/util/SqlTool, varParser(Ljava/lang/String;Ljava/util/Map;Z)V >"	7	10	8
"< Application, Lorg/hsqldb/persist/ScaledRAFile, writeLong(J)V >"	16	18	17
"< Application, Lorg/hsqldb/util/SqlFile, displayResultSet(Ljava/sql/Statement;Ljava/sql/ResultSet;[ILjava/lang/String;)V >"	303	357	63
"< Application, Lorg/hsqldb/lib/HsqlByteArrayOutputStream, reset(I)V >"	2	6	5
"< Application, Lorg/hsqldb/rowio/RowOutputText, writeLongVarString(Ljava/lang/String;)V >"	5	11	9
"< Application, Lorg/hsqldb/DatabaseScript, getFKStatement(Lorg/hsqldb/Constraint;Ljava/lang/StringBuffer;)V >"	11	29	26
"< Application, Lorg/hsqldb/util/SqlFile, displayResultSet(Ljava/sql/Statement;Ljava/sql/ResultSet;[ILjava/lang/String;)V >"	429	255	254
"< Application, Lorg/hsqldb/persist/TextCache, writeHeader(Ljava/lang/String;)V >"	13	24	21
"< Application, Lorg/hsqldb/util/DatabaseManagerSwing, showResultInText()V >"	2	6	5
"< Application, Lorg/hsqldb/util/SqlFile, describe(Ljava/lang/String;Ljava/lang/String;)V >"	85	91	66
"< Application, Lorg/hsqldb/lib/HsqlDeque, addFirst(Ljava/lang/Object;)Z >"	7	11	10
"< Application, Lorg/hsqldb/util/SqlTool, objectMain([Ljava/lang/String;)V >"	53	45	1
"< Application, Ldacapo/hsqldb/PseudoJDBCBench, main([Ljava/lang/String;)V >"	97	73	1
"< Application, Lorg/hsqldb/util/SqlTool, objectMain([Ljava/lang/String;)V >"	62	52	1
"< Application, Lorg/hsqldb/lib/ArrayUtil, toAdjustedColumnArray([III)[I >"	29	25	1
"< Application, Lorg/hsqldb/util/SqlFile, displayResultSet(Ljava/sql/Statement;Ljava/sql/ResultSet;[ILjava/lang/String;)V >"	163	488	487
"< Application, Lorg/hsqldb/persist/ScaledRAFile, writeInt(I)V >"	16	18	17
"< Application, Lorg/hsqldb/util/SqlFile, importDsv(Ljava/lang/String;Ljava/lang/String;)V >"	528	515	330
"< Application, Lorg/hsqldb/Select, resolveTypes(Lorg/hsqldb/Session;)V >"	1	5	4
"< Application, Lorg/hsqldb/util/SqlFile, processPL(Ljava/lang/String;)V >"	72	549	22
"< Application, Lorg/hsqldb/util/SqlFile, describe(Ljava/lang/String;Ljava/lang/String;)V >"	113	126	8
"< Application, Lorg/hsqldb/persist/ScaledRAFileInJar, readIntoBuffer()V >"	20	19	18
"< Application, Lorg/hsqldb/Table, deleteNoCheckFromLog(Lorg/hsqldb/Session;[Ljava/lang/Object;)V >"	46	54	53
"< Application, Lorg/hsqldb/util/GridSwing, getValueAt(II)Ljava/lang/Object; >"	8	13	12
"< Application, Lorg/hsqldb/lib/HsqlArrayHeap, increaseCapacity()V >"	2	6	5
"< Application, Lorg/hsqldb/Table, checkCascadeUpdate(Lorg/hsqldb/Session;Lorg/hsqldb/Table;Lorg/hsqldb/lib/HashMappedList;Lorg/hsqldb/Row;[Ljava/lang/Object;[ILorg/hsqldb/Table;Lorg/hsqldb/lib/HashSet;)V >"	116	103	32
"< Application, Lorg/hsqldb/Table, getConstraintForColumns(Lorg/hsqldb/Table;[I[I)Lorg/hsqldb/Constraint; >"	1	8	7
"< Application, Lorg/hsqldb/util/Grid, setHead([Ljava/lang/String;)V >"	0	4	2
"< Application, Lorg/hsqldb/CompiledStatementExecutor, executeInsertSelectStatement(Lorg/hsqldb/CompiledStatement;)Lorg/hsqldb/Result; >"	8	15	13
"< Application, Ldacapo/parser/ParseException, getMessage()Ljava/lang/String; >"	10	10	9
"< Application, Ldacapo/LatexDescriptions, print([Ljava/lang/String;Ljava/io/PrintStream;)V >"	35	51	1
"< Application, Lorg/hsqldb/lib/ArrayUtil, haveEqualSets([I[II)Z >"	0	5	1
"< Application, Lorg/hsqldb/lib/ArrayUtil, countSameElements([BI[B)I >"	0	6	1
"< Application, Lorg/hsqldb/Expression$Collector, addAll(Lorg/hsqldb/Expression;I)V >"	19	22	20
"< Application, Lorg/hsqldb/DINameSpace, iterateRoutineMethods(Ljava/lang/String;Z)Lorg/hsqldb/lib/Iterator; >"	19	25	21
"< Application, Lorg/hsqldb/lib/ArrayUtil, areEqualSets([I[I)Z >"	3	6	1
"< Application, Ldacapo/LatexDescriptions, print([Ljava/lang/String;Ljava/io/PrintStream;)V >"	0	4	1
"< Application, Lorg/hsqldb/WebServerConnection, processPost(Ljava/io/InputStream;Ljava/lang/String;)V >"	19	26	25
"< Application, Lorg/hsqldb/lib/StringConverter, writeHex([BI[B)V >"	0	5	3
"< Application, Ldacapo/TestHarness, main([Ljava/lang/String;)V >"	178	195	1
"< Application, Lorg/hsqldb/util/DatabaseManager, saveAsCsv(Ljava/lang/String;)V >"	6	12	11
"< Application, Lorg/hsqldb/Server, setDBInfoArrays()V >"	3	6	5
"< Application, Lorg/hsqldb/lib/ArrayUtil, toAdjustedColumnArray([III)[I >"	5	9	1
"< Application, Lorg/hsqldb/util/SqlTool, objectMain([Ljava/lang/String;)V >"	180	199	1
"< Application, Lorg/hsqldb/Token, <clinit>()V >"	74	142	7
"< Application, Lorg/hsqldb/Table, checkCascadeUpdate(Lorg/hsqldb/Session;Lorg/hsqldb/Table;Lorg/hsqldb/lib/HashMappedList;Lorg/hsqldb/Row;[Ljava/lang/Object;[ILorg/hsqldb/Table;Lorg/hsqldb/lib/HashSet;)V >"	30	35	32
"< Application, Lorg/hsqldb/rowio/RowInputBase, resetRow(II)V >"	3	8	7
"< Application, Lorg/hsqldb/util/SqlFile, displayResultSet(Ljava/sql/Statement;Ljava/sql/ResultSet;[ILjava/lang/String;)V >"	361	423	399
"< Application, Lorg/hsqldb/lib/ArrayUtil, containsAllTrueElements([Z[Z)Z >"	1	5	1
"< Application, Lorg/hsqldb/TableWorks, dropColumn(I)V >"	31	39	38
"< Application, Lorg/hsqldb/Parser, parseSubquery(I[Lorg/hsqldb/HsqlNameManager$HsqlName;ZI)Lorg/hsqldb/SubQuery; >"	40	67	3
"< Application, Lorg/hsqldb/Table, getIndexForColumns([IZ)Lorg/hsqldb/Index; >"	5	12	2
"< Application, Lorg/hsqldb/Server, notify(II)V >"	14	27	26
"< Application, Ldacapo/parser/Config, main([Ljava/lang/String;)V >"	1	4	1
"< Application, Lorg/hsqldb/Table, createAdjustedIndex(Lorg/hsqldb/Index;II)Lorg/hsqldb/Index; >"	6	16	15
"< Application, Lorg/hsqldb/DatabaseInformationMain, SYSTEM_PRIMARYKEYS()Lorg/hsqldb/Table; >"	49	52	51
"< Application, Lorg/hsqldb/store/HashIndex, resetTables()V >"	1	4	3
"< Application, Lorg/hsqldb/View, replaceAsterisksInStatement()V >"	4	7	6
"< Application, Lorg/hsqldb/Select, checkResolved(Z)Z >"	1	6	5
"< Application, Lorg/hsqldb/DatabaseScript, getFKStatement(Lorg/hsqldb/Constraint;Ljava/lang/StringBuffer;)V >"	22	49	46
"< Application, Lorg/hsqldb/Like, isEquivalentToBetweenPredicate()Z >"	4	7	6
"< Application, Lorg/hsqldb/Column, compareTo([B[B)I >"	1	5	2
"< Application, Lorg/hsqldb/DatabaseScript, getTableDDL(Lorg/hsqldb/Database;Lorg/hsqldb/Table;ILorg/hsqldb/lib/HsqlArrayList;ZLjava/lang/StringBuffer;)V >"	131	218	217
"< Application, Lorg/hsqldb/lib/ArrayUtil, countNonStartElementsAt([BI[B)I >"	1	6	1
"< Application, Lorg/hsqldb/DatabaseInformation, <clinit>()V >"	53	100	99
"< Application, Ldacapo/Benchmark, sortArray([Ljava/lang/Comparable;)V >"	1	5	2
"< Application, Lorg/hsqldb/lib/SimpleLog, logContext(Ljava/lang/Throwable;Ljava/lang/String;)V >"	7	13	12
"< Application, Lorg/hsqldb/Expression, equals([Lorg/hsqldb/Expression;[Lorg/hsqldb/Expression;)Z >"	6	6	1
"< Application, Lorg/hsqldb/View, <init>(Lorg/hsqldb/Session;Lorg/hsqldb/Database;Lorg/hsqldb/HsqlNameManager$HsqlName;Ljava/lang/String;[Lorg/hsqldb/HsqlNameManager$HsqlName;)V >"	11	21	19
"< Application, Lorg/hsqldb/lib/ArrayUtil, countSameElements([BI[B)I >"	2	8	3
"< Application, Lorg/hsqldb/lib/ArrayUtil, areEqual([I[IIZ)Z >"	4	11	2
"< Application, Lorg/hsqldb/View, hasColumn(Lorg/hsqldb/Table;Ljava/lang/String;)Z >"	6	12	11
"< Application, Lorg/hsqldb/Select, buildResult(Lorg/hsqldb/Session;I)Lorg/hsqldb/Result; >"	6	11	10
"< Application, Lorg/hsqldb/HsqlDateTime$Tokenizer, next(C[[C)Z >"	17	20	19
"< Application, Lorg/hsqldb/Table, recompileCheckConstraints(Lorg/hsqldb/Session;)V >"	1	6	5
"< Application, Lorg/hsqldb/Session, setAttributes(Lorg/hsqldb/Result;)Lorg/hsqldb/Result; >"	3	7	5
"< Application, Lorg/hsqldb/jdbc/jdbcBlob, getBytes(JI)[B >"	1	6	5
"< Application, Lorg/hsqldb/util/GridSwing, addRow([Ljava/lang/Object;)V >"	0	4	2
"< Application, Lorg/hsqldb/Index, isNull([Ljava/lang/Object;)Z >"	1	5	4
"< Application, Lorg/hsqldb/util/SqlFile, describe(Ljava/lang/String;Ljava/lang/String;)V >"	30	31	8
"< Application, Lorg/hsqldb/lib/HsqlArrayHeap, add(Ljava/lang/Object;)V >"	11	10	9
"< Application, Lorg/hsqldb/TransactionManager, getTransactionList()[Lorg/hsqldb/Transaction; >"	6	10	6
"< Application, Lorg/hsqldb/rowio/RowOutputText, writeByteArray([B)V >"	0	4	2
"< Application, Lorg/hsqldb/DatabaseInformationFull, SYSTEM_SESSIONS()Lorg/hsqldb/Table; >"	24	21	20
"< Application, Lorg/hsqldb/jdbc/jdbcCallableStatement, checkGetParameterIndex(I)V >"	3	7	6
"< Application, Ldacapo/TestHarness, rmdir(Ljava/io/File;)V >"	3	7	4
"< Application, Lorg/hsqldb/DatabaseCommandInterpreter, executePart(ILjava/lang/String;)Lorg/hsqldb/Result; >"	82	61	60
"< Application, Lorg/hsqldb/util/SqlFile, displayResultSet(Ljava/sql/Statement;Ljava/sql/ResultSet;[ILjava/lang/String;)V >"	46	64	4
"< Application, Ldacapo/TestHarness, vectorise([Ljava/lang/String;)Ljava/util/Vector; >"	4	7	1
"< Application, Lorg/hsqldb/Table, setBestRowIdentifiers()V >"	12	14	13
"< Application, Lorg/hsqldb/util/SqlFile, streamToString(Ljava/io/InputStream;Ljava/lang/String;)Ljava/lang/String; >"	19	24	9
"< Application, Lorg/hsqldb/util/CSVWriter, writeHeader([Ljava/lang/String;)V >"	0	4	2
"< Application, Ldacapo/TestHarness, main([Ljava/lang/String;)V >"	117	132	1
"< Application, Lorg/hsqldb/Table, checkColumnInCheckConstraint(Ljava/lang/String;)V >"	1	6	5
"< Application, Lorg/hsqldb/Server, getDatabasePath(IZ)Ljava/lang/String; >"	15	12	11
"< Application, Lorg/hsqldb/DIProcedureInfo, getInputParmCount()Ljava/lang/Integer; >"	2	6	5
"< Application, Lorg/hsqldb/persist/DataFileCache, initBuffers()V >"	5	9	8
"< Application, Lorg/hsqldb/lib/HsqlByteArrayOutputStream, writeInt(I)V >"	3	8	7
"< Application, Lorg/hsqldb/ServerConfiguration, listLocalInetAddressNames()[Ljava/lang/String; >"	35	54	53
"< Application, Lorg/hsqldb/lib/HsqlDeque, remove(I)Ljava/lang/Object; >"	21	40	39
"< Application, Lorg/hsqldb/Index, compareRowForInsert(Lorg/hsqldb/Session;Lorg/hsqldb/Row;Lorg/hsqldb/Row;)I >"	4	12	11
"< Application, Lorg/hsqldb/persist/TextCache, initParams(Lorg/hsqldb/Database;Ljava/lang/String;)V >"	7	14	13
"< Application, Ldacapo/TestHarness, main([Ljava/lang/String;)V >"	84	98	1
"< Application, Lorg/hsqldb/util/SqlTool, objectMain([Ljava/lang/String;)V >"	390	391	390
"< Application, Lorg/hsqldb/lib/HsqlDeque, resetCapacity()V >"	2	5	4
"< Application, Lorg/hsqldb/util/SqlFile, streamToString(Ljava/io/InputStream;Ljava/lang/String;)Ljava/lang/String; >"	24	44	9
"< Application, Lorg/hsqldb/SchemaManager, checkCascadeDropViews(Lorg/hsqldb/NumberSequence;Z)V >"	3	16	6
"< Application, Lorg/hsqldb/persist/ScaledRAFile, readInt()I >"	9	11	10
"< Application, Lorg/hsqldb/Tokenizer, getString(C)Ljava/lang/String; >"	22	26	22
"< Application, Lorg/hsqldb/Table, renameColumnInCheckConstraints(Ljava/lang/String;Ljava/lang/String;Z)V >"	1	8	7
"< Application, Lorg/hsqldb/Expression, testInCondition(Lorg/hsqldb/Session;Ljava/lang/Object;)Ljava/lang/Boolean; >"	26	51	50
"< Application, Lorg/hsqldb/Expression, equals([Lorg/hsqldb/Expression;[Lorg/hsqldb/Expression;)Z >"	3	5	2
"< Application, Lorg/hsqldb/lib/HsqlDeque, remove(I)Ljava/lang/Object; >"	41	25	24
"< Application, Lorg/hsqldb/lib/ArrayUtil, haveEqualArrays([I[II)Z >"	0	5	1
"< Application, Lorg/hsqldb/util/SqlFile, displayResultSet(Ljava/sql/Statement;Ljava/sql/ResultSet;[ILjava/lang/String;)V >"	177	146	145
"< Application, Lorg/hsqldb/store/HashIndex, getHashIndex(I)I >"	2	7	6
"< Application, Lorg/hsqldb/lib/ArrayUtil, haveCommonElement([I[II)Z >"	1	6	1
"< Application, Lorg/hsqldb/lib/HsqlArrayList, setSize(I)V >"	6	8	7
"< Application, Lorg/hsqldb/lib/SimpleLog, logContext(ILjava/lang/String;)V >"	7	12	11
"< Application, Lorg/hsqldb/Select, buildResult(Lorg/hsqldb/Session;I)Lorg/hsqldb/Result; >"	4	9	8
"< Application, Lorg/hsqldb/HSQLClientConnection, read()Lorg/hsqldb/Result; >"	8	12	11
"< Application, Lorg/hsqldb/Table, checkDropIndex(Ljava/lang/String;Lorg/hsqldb/lib/HashSet;Z)V >"	11	15	14
"< Application, Lorg/hsqldb/util/SqlFile, importDsv(Ljava/lang/String;Ljava/lang/String;)V >"	135	1015	86
"< Application, Lorg/hsqldb/util/SqlFile, displayResultSet(Ljava/sql/Statement;Ljava/sql/ResultSet;[ILjava/lang/String;)V >"	341	400	399
"< Application, Ldacapo/TestHarness, main([Ljava/lang/String;)V >"	132	149	1
"< Application, Lorg/hsqldb/CompiledStatement, appendParms(Ljava/lang/StringBuffer;)Ljava/lang/StringBuffer; >"	3	9	8
"< Application, Lorg/hsqldb/lib/HsqlArrayList, setSize(I)V >"	22	18	17
"< Application, Lorg/hsqldb/Table, addConstraint(Lorg/hsqldb/Constraint;)V >"	2	6	5
"< Application, Lorg/hsqldb/Index, isNull([Ljava/lang/Object;[I)Z >"	0	4	2
"< Application, Lorg/hsqldb/Trace, getMessage(IZ[Ljava/lang/Object;)Ljava/lang/String; >"	28	41	3
"< Application, Lorg/hsqldb/util/RefCapablePropertyResourceBundle, getStringFromFile(Ljava/lang/String;)Ljava/lang/String; >"	49	60	33
"< Application, Lorg/hsqldb/SchemaManager, checkCascadeDropReferenced(Lorg/hsqldb/Table;Z)V >"	24	28	27
"< Application, Lorg/hsqldb/Select, getResultMain(Lorg/hsqldb/Session;)Lorg/hsqldb/Result; >"	44	37	36
"< Application, Lorg/hsqldb/lib/HashSet, addAll([Ljava/lang/Object;)Z >"	1	5	2
"< Application, Lorg/hsqldb/util/SqlTool, objectMain([Ljava/lang/String;)V >"	106	95	1
"< Application, Lorg/hsqldb/Table, addIndex(Lorg/hsqldb/Index;)I >"	2	6	5
"< Application, Lorg/hsqldb/Index, compareRowNonUnique(Lorg/hsqldb/Session;[Ljava/lang/Object;[I[Ljava/lang/Object;)I >"	11	18	4
"< Application, Ldacapo/Benchmark, preIteration(Ljava/lang/String;)V >"	7	12	8
"< Application, Lorg/hsqldb/Server, setDBInfoArrays()V >"	20	19	18
"< Application, Lorg/hsqldb/Table, getConstraintIndex(Ljava/lang/String;)I >"	1	6	5
"< Application, Lorg/hsqldb/SchemaManager, clearTempTables(Lorg/hsqldb/Session;Lorg/hsqldb/Table;)V >"	10	14	10
"< Application, Lorg/hsqldb/Server, main([Ljava/lang/String;)V >"	15	21	20
"< Application, Lorg/hsqldb/TransactionManager, getTransactionIDList()Lorg/hsqldb/lib/DoubleIntIndex; >"	7	12	6
"< Application, Lorg/hsqldb/Constraint, <init>(Lorg/hsqldb/HsqlNameManager$HsqlName;Lorg/hsqldb/Table;Lorg/hsqldb/Index;I)V >"	18	23	22
"< Application, Lorg/hsqldb/util/SqlFile, genWinArgs(Ljava/lang/String;)[Ljava/lang/String; >"	31	40	39
"< Application, Lorg/hsqldb/util/SqlFile, displayResultSet(Ljava/sql/Statement;Ljava/sql/ResultSet;[ILjava/lang/String;)V >"	33	57	55
"< Application, Lorg/hsqldb/jdbc/jdbcBlob, truncate(J)V >"	10	11	4
"< Application, Lorg/hsqldb/CompiledStatement, <init>(Lorg/hsqldb/HsqlNameManager$HsqlName;Lorg/hsqldb/Table;[I[Lorg/hsqldb/Expression;[Z[Lorg/hsqldb/SubQuery;[Lorg/hsqldb/Expression;)V >"	8	13	5
"< Application, Lorg/hsqldb/Constraint, <init>(Lorg/hsqldb/HsqlNameManager$HsqlName;Lorg/hsqldb/HsqlNameManager$HsqlName;Lorg/hsqldb/Table;Lorg/hsqldb/Table;[I[ILorg/hsqldb/Index;Lorg/hsqldb/Index;II)V >"	19	25	24
"< Application, Lorg/hsqldb/ServerConfiguration, listLocalInetAddressNames()[Ljava/lang/String; >"	6	11	9
"< Application, Lorg/hsqldb/Table, checkCascadeDelete(Lorg/hsqldb/Session;Lorg/hsqldb/Table;Lorg/hsqldb/lib/HashMappedList;Lorg/hsqldb/Row;ZLorg/hsqldb/lib/HashSet;)V >"	92	85	49
"< Application, Lorg/hsqldb/util/ConnectionDialogSwing, create()V >"	105	197	196
"< Application, Lorg/hsqldb/Select, describe(Lorg/hsqldb/Session;)Ljava/lang/String; >"	58	102	101
"< Application, Lorg/hsqldb/WebServerConnection, processPost(Ljava/io/InputStream;Ljava/lang/String;)V >"	16	23	22
"< Application, Lorg/hsqldb/lib/HsqlArrayList, increaseCapacity()V >"	13	17	16
"< Application, Lorg/hsqldb/GroupedResult, addRow([Ljava/lang/Object;)V >"	34	13	2
"< Application, Lorg/hsqldb/lib/StringUtil, getList([Ljava/lang/Object;Ljava/lang/String;Ljava/lang/String;)Ljava/lang/String; >"	0	5	1
"< Application, Lorg/hsqldb/Constraint, isEquivalent([II)Z >"	6	10	2
"< Application, Lorg/hsqldb/View, hasSequence(Lorg/hsqldb/NumberSequence;)Z >"	4	8	7
"< Application, Lorg/hsqldb/Table, indexRow(Lorg/hsqldb/Session;Lorg/hsqldb/Row;)V >"	2	7	6
"< Application, Lorg/hsqldb/lib/ArrayUtil, findNotIn([BII[B)I >"	2	8	4
"< Application, Lorg/hsqldb/GroupedResult, addRow([Ljava/lang/Object;)V >"	19	28	2
"< Application, Lorg/hsqldb/util/RefCapablePropertyResourceBundle, posSubst(Ljava/lang/String;[Ljava/lang/String;I)Ljava/lang/String; >"	15	27	3
"< Application, Lorg/hsqldb/WebServer, main([Ljava/lang/String;)V >"	15	22	21
"< Application, Lorg/hsqldb/Select, prepareUnions()V >"	30	23	22
"< Application, Lorg/hsqldb/Index, getColumnNameList()Ljava/lang/String; >"	16	23	22
"< Application, Lorg/hsqldb/util/SqlFile, processSpecial(Ljava/lang/String;)V >"	215	486	485
"< Application, Lorg/hsqldb/Table, getUniqueConstraintIndexForColumns([I)Lorg/hsqldb/Index; >"	17	22	2
"< Application, Lorg/hsqldb/util/SqlFile, displayResultSet(Ljava/sql/Statement;Ljava/sql/ResultSet;[ILjava/lang/String;)V >"	92	97	4
"< Application, Lorg/hsqldb/Select, getResultMain(Lorg/hsqldb/Session;)Lorg/hsqldb/Result; >"	1	5	4
"< Application, Lorg/hsqldb/util/DatabaseManagerCommon, random([Ljava/lang/String;)Ljava/lang/String; >"	0	3	1
"< Application, Ldacapo/TestHarness, invokeConfiguration(Ljava/lang/reflect/Method;Ljava/lang/String;)V >"	15	28	25
"< Application, Lorg/hsqldb/Function, getDLL()Ljava/lang/String; >"	63	37	36
"< Application, Lorg/hsqldb/Select, getResultMain(Lorg/hsqldb/Session;)Lorg/hsqldb/Result; >"	5	9	8
"< Application, Lorg/hsqldb/Column, compareTo([B[B)I >"	0	4	1
"< Application, Lorg/hsqldb/Table, enforceFieldValueLimits([Ljava/lang/Object;[I)V >"	6	10	9
"< Application, Lorg/hsqldb/rowio/RowOutputBinary, getSize([Ljava/lang/Object;I[I)I >"	22	28	27
"< Application, Lorg/hsqldb/Table, setBestRowIdentifiers()V >"	62	57	47
"< Application, Lorg/hsqldb/util/SqlFile, processPL(Ljava/lang/String;)V >"	70	546	22
"< Application, Ldacapo/TestHarness, findMethod(Ljava/lang/String;)Ljava/lang/reflect/Method; >"	3	9	7
"< Application, Lorg/hsqldb/lib/HsqlByteArrayInputStream, readFully([B)V >"	0	5	2
"< Application, Lorg/hsqldb/lib/HsqlByteArrayInputStream, <init>([BII)V >"	5	9	2
"< Application, Lorg/hsqldb/lib/ArrayUtil, areEqualSets([I[I)Z >"	0	4	1
"< Application, Lorg/hsqldb/Table, hasPrimaryKey()Z >"	1	4	3
"< Application, Lorg/hsqldb/Expression, getDDL()Ljava/lang/String; >"	54	470	469
"< Application, Lorg/hsqldb/util/SqlFile, processSpecial(Ljava/lang/String;)V >"	256	517	516
"< Application, Lorg/hsqldb/persist/DataFileCache, initBuffers()V >"	15	18	17
"< Application, Lorg/hsqldb/DatabaseScript, getTableDDL(Lorg/hsqldb/Database;Lorg/hsqldb/Table;ILorg/hsqldb/lib/HsqlArrayList;ZLjava/lang/StringBuffer;)V >"	99	177	70
"< Application, Lorg/hsqldb/lib/StringConverter, byteToHex([B)Ljava/lang/String; >"	0	3	1
"< Application, Lorg/hsqldb/lib/HsqlDeque, resetCapacity()V >"	6	7	6
"< Application, Lorg/hsqldb/DatabaseCommandInterpreter, processCreateConstraints(Lorg/hsqldb/Table;Z[I)Lorg/hsqldb/lib/HsqlArrayList; >"	44	63	55
"< Application, Lorg/hsqldb/DatabaseInformationFull, SYSTEM_TABLE_CONSTRAINTS()Lorg/hsqldb/Table; >"	39	34	33
"< Application, Lorg/hsqldb/util/SqlFile, streamToString(Ljava/io/InputStream;Ljava/lang/String;)Ljava/lang/String; >"	11	17	9
"< Application, Lorg/hsqldb/Expression, checkResolved(Z)Z >"	44	36	35
"< Application, Lorg/hsqldb/util/SqlToolSprayer, main([Ljava/lang/String;)V >"	136	155	76
"< Application, Lorg/hsqldb/util/SqltoolRB, <init>()V >"	11	11	10
"< Application, Lorg/hsqldb/util/SqlFile, eval([Ljava/lang/String;)Z >"	15	17	16
"< Application, Lorg/hsqldb/util/SqlFile, displayResultSet(Ljava/sql/Statement;Ljava/sql/ResultSet;[ILjava/lang/String;)V >"	444	265	254
"< Application, Lorg/hsqldb/Table, checkCascadeUpdate(Lorg/hsqldb/Session;Lorg/hsqldb/Table;Lorg/hsqldb/lib/HashMappedList;Lorg/hsqldb/Row;[Ljava/lang/Object;[ILorg/hsqldb/Table;Lorg/hsqldb/lib/HashSet;)V >"	1	12	11
"< Application, Lorg/hsqldb/jdbc/jdbcDatabaseMetaData, getTables(Ljava/lang/String;Ljava/lang/String;Ljava/lang/String;[Ljava/lang/String;)Ljava/sql/ResultSet; >"	3	11	5
"< Application, Lorg/hsqldb/Expression, resolveTypeForIn(Lorg/hsqldb/Session;)V >"	20	9	8
"< Application, Lorg/hsqldb/Table, moveDefinition([ILorg/hsqldb/Column;II)Lorg/hsqldb/Table; >"	30	28	25
"< Application, Lorg/hsqldb/util/DatabaseManagerSwing, addMenuItems(Ljavax/swing/JMenu;[Ljava/lang/Object;)V >"	3	10	3
"< Application, Lorg/hsqldb/DatabaseCommandInterpreter, executePart(ILjava/lang/String;)Lorg/hsqldb/Result; >"	68	78	77
"< Application, Lorg/hsqldb/types/Binary, getBytesLength()I >"	1	4	3
"< Application, Lorg/hsqldb/util/SqlFile, dump(Ljava/io/File;)V >"	13	12	11
"< Application, Lorg/hsqldb/lib/ArrayUtil, fillArray([II)V >"	0	4	1
"< Application, Lorg/hsqldb/Table, createIndexStructureGetNo([ILorg/hsqldb/HsqlNameManager$HsqlName;ZZZ)I >"	3	13	2
"< Application, Lorg/hsqldb/Table, getNextConstraintIndex(II)I >"	1	6	5
"< Application, Lorg/hsqldb/util/DatabaseManagerCommon, createTestTables(Ljava/sql/Statement;)V >"	10	21	4
"< Application, Lorg/hsqldb/util/MainInvoker, main([Ljava/lang/String;)V >"	13	18	1
"< Application, Lorg/hsqldb/Server, releaseDatabase(I)V >"	9	19	18
"< Application, Lorg/hsqldb/util/SqlFile, processPL(Ljava/lang/String;)V >"	44	572	22
"< Application, Lorg/hsqldb/util/SqlFile, processPL(Ljava/lang/String;)V >"	178	443	22
"< Application, Ldacapo/hsqldb/PseudoJDBCBench, main([Ljava/lang/String;)V >"	47	45	1
"< Application, Lorg/hsqldb/util/SqlFile, describe(Ljava/lang/String;Ljava/lang/String;)V >"	197	223	222
"< Application, Ldacapo/TestHarness, main([Ljava/lang/String;)V >"	232	261	1
"< Application, Lorg/hsqldb/Table, mergeKeepUpdate(Lorg/hsqldb/Session;Lorg/hsqldb/lib/HashMappedList;[I[ILorg/hsqldb/Row;[Ljava/lang/Object;)Z >"	11	22	3
"< Application, Lorg/hsqldb/Table, createPrimaryKey(Lorg/hsqldb/HsqlNameManager$HsqlName;[IZ)V >"	45	42	41
"< Application, Lorg/hsqldb/lib/HashSet, toArray([Ljava/lang/Object;)[Ljava/lang/Object; >"	1	5	2
"< Application, Lorg/hsqldb/CompiledStatement, setParameters([Lorg/hsqldb/Expression;)V >"	6	9	8
"< Application, Lorg/hsqldb/jdbc/jdbcBlob, position(Ljava/sql/Blob;J)J >"	1	6	5
"< Application, Lorg/hsqldb/util/SqlFile, displayResultSet(Ljava/sql/Statement;Ljava/sql/ResultSet;[ILjava/lang/String;)V >"	404	232	63
"< Application, Ldacapo/hsqldb/PseudoJDBCBench, main([Ljava/lang/String;)V >"	73	57	1
"< Application, Lorg/hsqldb/util/ShutdownServer, main([Ljava/lang/String;)V >"	0	4	1
"< Application, Lorg/hsqldb/lib/HsqlDeque, getInternalIndex(I)I >"	9	9	8
"< Application, Lorg/hsqldb/Expression$Collector, addAll(Lorg/hsqldb/Expression;I)V >"	28	29	28
"< Application, Lorg/hsqldb/Server, getFirstEmptyDatabaseIndex()I >"	2	5	4
"< Application, Ldacapo/TestHarness, main([Ljava/lang/String;)V >"	0	3	1
"< Application, Lorg/hsqldb/persist/TextCache, writeHeader(Ljava/lang/String;)V >"	15	26	21
"< Application, Lorg/hsqldb/util/SqlFile, eval([Ljava/lang/String;)Z >"	8	13	2
"< Application, Ldacapo/hsqldb/PseudoJDBCBench, main([Ljava/lang/String;)V >"	1	5	1
"< Application, Lorg/hsqldb/View, getSchemas()[Lorg/hsqldb/HsqlNameManager$HsqlName; >"	13	13	12
"< Application, Lorg/hsqldb/DatabaseCommandInterpreter, executePart(ILjava/lang/String;)Lorg/hsqldb/Result; >"	26	132	131
"< Application, Lorg/hsqldb/util/SqlFile, importDsv(Ljava/lang/String;Ljava/lang/String;)V >"	326	310	297
"< Application, Lorg/hsqldb/Table, getIndex([II)Lorg/hsqldb/Index; >"	2	7	6
"< Application, Lorg/hsqldb/Table, checkCascadeUpdate(Lorg/hsqldb/Session;Lorg/hsqldb/Table;Lorg/hsqldb/lib/HashMappedList;Lorg/hsqldb/Row;[Ljava/lang/Object;[ILorg/hsqldb/Table;Lorg/hsqldb/lib/HashSet;)V >"	86	84	81
"< Application, Lorg/hsqldb/Table, createPrimaryKey(Lorg/hsqldb/HsqlNameManager$HsqlName;[IZ)V >"	7	11	3
"< Application, Lorg/hsqldb/DatabaseInformationMain, <clinit>()V >"	18	20	19
"< Application, Lorg/hsqldb/util/SqlFile, importDsv(Ljava/lang/String;Ljava/lang/String;)V >"	621	687	516
"< Application, Ldacapo/hsqldb/PseudoJDBCBench, main([Ljava/lang/String;)V >"	18	18	1
"< Application, Lorg/hsqldb/util/SqlTool, objectMain([Ljava/lang/String;)V >"	71	59	1
"< Application, Lorg/hsqldb/lib/HsqlArrayList, increaseCapacity()V >"	5	7	6
"< Application, Lorg/hsqldb/util/ConnectionDialog, itemStateChanged(Ljava/awt/event/ItemEvent;)V >"	4	9	8
"< Application, Lorg/hsqldb/Table, updateRowSet(Lorg/hsqldb/Session;Lorg/hsqldb/lib/HashMappedList;[IZ)V >"	18	24	23
"< Application, Lorg/hsqldb/CompiledStatement, canExecute(Lorg/hsqldb/Session;)Z >"	5	23	22
"< Application, Lorg/hsqldb/Table, checkCascadeUpdate(Lorg/hsqldb/Session;Lorg/hsqldb/Table;Lorg/hsqldb/lib/HashMappedList;Lorg/hsqldb/Row;[Ljava/lang/Object;[ILorg/hsqldb/Table;Lorg/hsqldb/lib/HashSet;)V >"	101	92	34
"< Application, Ldacapo/parser/ParseException, getMessage()Ljava/lang/String; >"	6	7	6
"< Application, Ldacapo/hsqldb/PseudoJDBCBench, main([Ljava/lang/String;)V >"	82	63	1
"< Application, Lorg/hsqldb/jdbc/jdbcBlob, truncate(J)V >"	3	8	4
"< Application, Ldacapo/TestHarness, invokeConfiguration(Ljava/lang/reflect/Method;Ljava/lang/String;)V >"	13	26	25
"< Application, Lorg/hsqldb/Table, mergeUpdate(Lorg/hsqldb/lib/HashMappedList;Lorg/hsqldb/Row;[Ljava/lang/Object;[I)V >"	5	14	4
"< Application, Lorg/hsqldb/lib/HsqlDeque, addFirst(Ljava/lang/Object;)Z >"	13	15	14
"< Application, Lorg/hsqldb/Result, <init>(Lorg/hsqldb/Result$ResultMetaData;)V >"	3	7	6
"< Application, Lorg/hsqldb/DINameSpace, iterateRoutineMethods(Ljava/lang/String;Z)Lorg/hsqldb/lib/Iterator; >"	16	23	21
"< Application, Lorg/hsqldb/Collation, setCollation(Ljava/lang/String;)V >"	9	14	11
"< Application, Ldacapo/parser/ParseException, getMessage()Ljava/lang/String; >"	19	17	16
"< Application, Lorg/hsqldb/Table, getUniqueConstraintForColumns([I)Lorg/hsqldb/Constraint; >"	1	6	5
"< Application, Lorg/hsqldb/lib/ArrayUtil, find([BII[B)I >"	0	7	4
"< Application, Lorg/hsqldb/DatabaseInformationMain, <init>(Lorg/hsqldb/Database;)V >"	6	9	8
"< Application, Lorg/hsqldb/CompiledStatementExecutor, executeInsertValuesStatement(Lorg/hsqldb/CompiledStatement;)Lorg/hsqldb/Result; >"	7	13	10
"< Application, Lorg/hsqldb/lib/ArrayUtil, countCommonElements([I[I)I >"	1	5	1
"< Application, Lorg/hsqldb/rowio/RowOutputBinary, writeByteArray([B)V >"	0	4	2
"< Application, Lorg/hsqldb/util/SqlFile, importDsv(Ljava/lang/String;Ljava/lang/String;)V >"	87	97	86
"< Application, Lorg/hsqldb/lib/WrapperIterator, hasNext()Z >"	27	10	9
"< Application, Lorg/hsqldb/util/SqlTool, objectMain([Ljava/lang/String;)V >"	189	206	1
"< Application, Ldacapo/LatexDescriptions, print([Ljava/lang/String;Ljava/io/PrintStream;)V >"	3	7	1
"< Application, Lorg/hsqldb/Server, openServerSocket()V >"	26	33	32
"< Application, Lorg/hsqldb/Server, setDBInfoArrays()V >"	7	9	8
"< Application, Lorg/hsqldb/CompiledStatement, describeParameters()Lorg/hsqldb/Result; >"	5	9	8
"< Application, Ldacapo/TestHarness, invokeConfiguration(Ljava/lang/reflect/Method;Ljava/lang/String;)V >"	37	40	25
"< Application, Lorg/hsqldb/lib/ArrayCounter, rank([IIIIII)I >"	4	14	13
"< Application, Lorg/hsqldb/jdbc/jdbcBlob, position([BJ)J >"	12	16	2
"< Application, Lorg/hsqldb/lib/ArrayUtil, countSameElements([BI[B)I >"	4	9	3
"< Application, Lorg/hsqldb/persist/LockFile, checkMagic(Ljava/io/DataInputStream;)V >"	1	6	5
"< Application, Lorg/hsqldb/util/DatabaseManager, insertTestData()V >"	10	16	15
"< Application, Lorg/hsqldb/TableFilter, describe(Lorg/hsqldb/Session;)Ljava/lang/String; >"	16	20	12
"< Application, Lorg/hsqldb/View, replaceAsterisksInStatement()V >"	14	16	15
"< Application, Lorg/hsqldb/lib/HsqlByteArrayOutputStream, ensureRoom(I)V >"	3	7	6
"< Application, Lorg/hsqldb/types/Binary, equals(Ljava/lang/Object;)Z >"	6	7	6
"< Application, Lorg/hsqldb/persist/ScaledRAFile, readIntoBuffer()V >"	2	5	4
"< Application, Ldacapo/TestHarness, main([Ljava/lang/String;)V >"	216	246	1
"< Application, Lorg/hsqldb/util/SqlFile, processPL(Ljava/lang/String;)V >"	46	575	22
"< Application, Lorg/hsqldb/lib/HsqlDeque, removeLast()Ljava/lang/Object; >"	25	19	18
"< Application, Lorg/hsqldb/util/SqlFile, eval([Ljava/lang/String;)Z >"	55	41	16
"< Application, Lorg/hsqldb/rowio/RowOutputBase, writeData(I[I[Ljava/lang/Object;Lorg/hsqldb/lib/HashMappedList;[I)V >"	6	13	6
"< Application, Lorg/hsqldb/Function, <init>(Ljava/lang/String;Ljava/lang/String;Z)V >"	67	78	77
"< Application, Lorg/hsqldb/util/SqlFile, importDsv(Ljava/lang/String;Ljava/lang/String;)V >"	616	583	516
"< Application, Lorg/hsqldb/DIProcedureInfo, resolveCols()V >"	4	9	8
"< Application, Lorg/hsqldb/Expression, equals([Lorg/hsqldb/Expression;[Lorg/hsqldb/Expression;)Z >"	2	4	1
"< Application, Lorg/hsqldb/Select, setFilterConditions(Lorg/hsqldb/Session;)V >"	5	8	7
"< Application, Lorg/hsqldb/Expression, replaceAliases([Lorg/hsqldb/Expression;I)V >"	37	30	28
"< Application, Lorg/hsqldb/Server, shutdown(Z)V >"	13	18	17
"< Application, Lorg/hsqldb/CompiledStatementExecutor, executeUpdateStatement(Lorg/hsqldb/CompiledStatement;)Lorg/hsqldb/Result; >"	8	13	11
"< Application, Lorg/hsqldb/Table, getUniqueOrPKConstraintForIndex(Lorg/hsqldb/Index;)Lorg/hsqldb/Constraint; >"	1	6	5
"< Application, Lorg/hsqldb/persist/HsqlDatabaseProperties, <clinit>()V >"	9	13	11
"< Application, Lorg/hsqldb/persist/DataFileDefrag, process()V >"	78	105	104
"< Application, Lorg/hsqldb/util/SqlFile, eval([Ljava/lang/String;)Z >"	11	12	2
"< Application, Lorg/hsqldb/DatabaseScript, getTableDDL(Lorg/hsqldb/Database;Lorg/hsqldb/Table;ILorg/hsqldb/lib/HsqlArrayList;ZLjava/lang/StringBuffer;)V >"	128	214	70
"< Application, Lorg/hsqldb/util/CSVWriter, doWriteData([Ljava/lang/String;)V >"	1	5	2
"< Application, Lorg/hsqldb/CompiledStatement, appendColumns(Ljava/lang/StringBuffer;)Ljava/lang/StringBuffer; >"	3	9	8
"< Application, Lorg/hsqldb/Library, rawToHex(Ljava/lang/String;)Ljava/lang/String; >"	8	13	5
"< Application, Lorg/hsqldb/Table, moveDefinition([ILorg/hsqldb/Column;II)Lorg/hsqldb/Table; >"	31	29	27
"< Application, Lorg/hsqldb/Parser, resolveSelectTableFilter(Lorg/hsqldb/Select;Lorg/hsqldb/lib/HsqlArrayList;Lorg/hsqldb/lib/HsqlArrayList;)V >"	17	28	8
"< Application, Lorg/hsqldb/Select, checkResolved(Z)Z >"	33	30	29
"< Application, Lorg/hsqldb/Select, resolveTables(Lorg/hsqldb/TableFilter;)V >"	1	5	4
"< Application, Lorg/hsqldb/util/SqlFile, streamToString(Ljava/io/InputStream;Ljava/lang/String;)Ljava/lang/String; >"	13	18	9
"< Application, Lorg/hsqldb/persist/DataFileDefrag, writeTableToDataFile(Lorg/hsqldb/Table;)[I >"	90	136	19
"< Application, Lorg/hsqldb/lib/WrapperIterator, hasNext()Z >"	39	19	18
"< Application, Lorg/hsqldb/util/ScriptTool, main([Ljava/lang/String;)V >"	1	4	1
"< Application, Lorg/hsqldb/lib/ArrayUtil, haveEqualArrays([Ljava/lang/Object;[Ljava/lang/Object;I)Z >"	2	6	2
"< Application, Lorg/hsqldb/lib/ArrayUtil, areEqual([I[IIZ)Z >"	3	10	1
"< Application, Lorg/hsqldb/Table, getIndexCount()I >"	1	4	3
"< Application, Lorg/hsqldb/jdbc/jdbcPreparedStatement, checkSetParameterIndex(IZ)V >"	3	8	7
"< Application, Lorg/hsqldb/util/SqlTool, objectMain([Ljava/lang/String;)V >"	214	232	1
"< Application, Lorg/hsqldb/util/SqlFile, processPL(Ljava/lang/String;)V >"	116	484	22
"< Application, Ldacapo/TestHarness, main([Ljava/lang/String;)V >"	5	5	1
"< Application, Lorg/hsqldb/ServerConfiguration, listLocalInetAddressNames()[Ljava/lang/String; >"	19	29	28
"< Application, Lorg/hsqldb/DatabaseInformationMain, SYSTEM_ALLTYPEINFO()Lorg/hsqldb/Table; >"	50	44	43
"< Application, Lorg/hsqldb/DatabaseInformationFull, SYSTEM_TRIGGERS()Lorg/hsqldb/Table; >"	48	46	35
"< Application, Lorg/hsqldb/lib/ArrayUtil, findNot([II)I >"	1	5	1
"< Application, Lorg/hsqldb/DatabaseScript, getTableDDL(Lorg/hsqldb/Database;Lorg/hsqldb/Table;ILorg/hsqldb/lib/HsqlArrayList;ZLjava/lang/StringBuffer;)V >"	147	242	239
"< Application, Lorg/hsqldb/persist/HsqlProperties, addError(ILjava/lang/String;)V >"	18	24	23
"< Application, Lorg/hsqldb/util/SqlFile, importDsv(Ljava/lang/String;Ljava/lang/String;)V >"	85	96	86
"< Application, Lorg/hsqldb/lib/ArrayUtil, find([BII[B)I >"	8	13	4
"< Application, Lorg/hsqldb/util/SqlFile, processPL(Ljava/lang/String;)V >"	137	495	22
"< Application, Lorg/hsqldb/persist/ScaledRAFileInJar, readIntoBuffer()V >"	3	6	5
"< Application, Lorg/hsqldb/Expression, checkTables(Lorg/hsqldb/lib/HsqlArrayList;)V >"	58	20	18
"< Application, Lorg/hsqldb/util/GridSwing, addRow([Ljava/lang/Object;)V >"	3	7	2
"< Application, Lorg/hsqldb/Table, createPrimaryKey(Lorg/hsqldb/HsqlNameManager$HsqlName;[IZ)V >"	53	49	48
"< Application, Ldacapo/Digest, toString([B)Ljava/lang/String; >"	5	9	1
"< Application, Lorg/hsqldb/util/DatabaseManager, main([Ljava/lang/String;)V >"	15	25	1
"< Application, Lorg/hsqldb/Table, checkRowDataInsert(Lorg/hsqldb/Session;[Ljava/lang/Object;)V >"	6	13	12
"< Application, Lorg/hsqldb/util/DatabaseManager, saveAsCsv(Ljava/lang/String;)V >"	19	26	23
"< Application, Lorg/hsqldb/util/SqlFile, importDsv(Ljava/lang/String;Ljava/lang/String;)V >"	347	333	330
"< Application, Lorg/hsqldb/lib/ArrayUtil, find([II)I >"	1	5	1
"< Application, Lorg/hsqldb/Index, compareRows(Lorg/hsqldb/Session;[Ljava/lang/Object;[Ljava/lang/Object;[I[I)I >"	0	7	4
"< Application, Lorg/hsqldb/jdbc/jdbcPreparedStatement, checkSetParameterIndex(IZ)V >"	16	15	14
"< Application, Lorg/hsqldb/lib/HsqlDeque, removeFirst()Ljava/lang/Object; >"	24	19	18
"< Application, Lorg/hsqldb/util/SqlFile, plBlockFile(Ljava/lang/String;)Ljava/io/File; >"	76	83	76
"< Application, Lorg/hsqldb/util/GridSwing, setHead([Ljava/lang/Object;)V >"	4	7	2
"< Application, Lorg/hsqldb/Table, checkCascadeDelete(Lorg/hsqldb/Session;Lorg/hsqldb/Table;Lorg/hsqldb/lib/HashMappedList;Lorg/hsqldb/Row;ZLorg/hsqldb/lib/HashSet;)V >"	84	94	49
"< Application, Lorg/hsqldb/lib/HsqlArrayList, add(ILjava/lang/Object;)V >"	25	9	8
"< Application, Lorg/hsqldb/util/RefCapablePropertyResourceBundle, getStringFromFile(Ljava/lang/String;)Ljava/lang/String; >"	51	61	33
"< Application, Lorg/hsqldb/util/SqlToolSprayer, main([Ljava/lang/String;)V >"	0	3	1
"< Application, Lorg/hsqldb/util/SqlFile, processPL(Ljava/lang/String;)V >"	291	343	329
"< Application, Lorg/hsqldb/util/SqlFile, displayResultSet(Ljava/sql/Statement;Ljava/sql/ResultSet;[ILjava/lang/String;)V >"	257	303	63
"< Application, Lorg/hsqldb/Result, compareRecord(Lorg/hsqldb/Session;[Ljava/lang/Object;[Ljava/lang/Object;[I[I)I >"	13	22	5
"< Application, Lorg/hsqldb/Select, getResultMain(Lorg/hsqldb/Session;)Lorg/hsqldb/Result; >"	52	42	41
"< Application, Lorg/hsqldb/DatabaseInformationFull, SYSTEM_CHECK_COLUMN_USAGE()Lorg/hsqldb/Table; >"	50	40	39
"< Application, Lorg/hsqldb/persist/ScaledRAFile, readIntoBuffer()V >"	15	17	16
"< Application, Ldacapo/parser/SimpleCharStream, ReInit(Ljava/io/Reader;III)V >"	7	12	11
"< Application, Lorg/hsqldb/jdbc/jdbcPreparedStatement, clearParameters()V >"	5	11	10
"< Application, Lorg/hsqldb/persist/ScaledRAFileInJar, read([BII)V >"	9	14	13
"< Application, Ldacapo/TestHarness, main([Ljava/lang/String;)V >"	103	117	1
"< Application, Lorg/hsqldb/DatabaseInformationMain, SYSTEM_BESTROWIDENTIFIER()Lorg/hsqldb/Table; >"	61	61	44
"< Application, Lorg/hsqldb/DatabaseInformationMain, <clinit>()V >"	13	17	16
"< Application, Lorg/hsqldb/lib/HsqlArrayList, increaseCapacity()V >"	1	4	3
"< Application, Lorg/hsqldb/persist/TextCache$ByteArray, append(I)V >"	2	6	5
"< Application, Lorg/hsqldb/util/SqltoolRB, <clinit>()V >"	1557	1383	1382
"< Application, Lorg/hsqldb/CompiledStatement, appendSubqueries(Ljava/lang/StringBuffer;)Ljava/lang/StringBuffer; >"	3	9	8
"< Application, Lorg/hsqldb/persist/TextCache, clearRowImage(Lorg/hsqldb/persist/CachedObject;)V >"	2	7	6
"< Application, Lorg/hsqldb/Trace, error(II[Ljava/lang/Object;)Lorg/hsqldb/HsqlException; >"	23	43	3
"< Application, Lorg/hsqldb/Table, updateConstraintsTables(Lorg/hsqldb/Session;Lorg/hsqldb/Table;II)V >"	1	9	8
"< Application, Lorg/hsqldb/util/SqlTool, objectMain([Ljava/lang/String;)V >"	175	196	1
"< Application, Lorg/hsqldb/util/GridSwing, setHead([Ljava/lang/Object;)V >"	0	4	2
"< Application, Lorg/hsqldb/lib/HsqlDeque, add(Ljava/lang/Object;)Z >"	3	7	6
"< Application, Lorg/hsqldb/store/BitMap, doubleCapacity()V >"	1	4	3
"< Application, Lorg/hsqldb/util/SqlFile, importDsv(Ljava/lang/String;Ljava/lang/String;)V >"	379	389	330
"< Application, Lorg/hsqldb/lib/ArrayUtil, countCommonElements([I[I)I >"	4	6	2
"< Application, Lorg/hsqldb/DatabaseCommandInterpreter, checkFKColumnDefaults(Lorg/hsqldb/Table;Lorg/hsqldb/Constraint;)V >"	15	16	15
"< Application, Lorg/hsqldb/lib/ArrayUtil, containsAt([BI[B)Z >"	1	7	3
"< Application, Lorg/hsqldb/Table, moveDefinition([ILorg/hsqldb/Column;II)Lorg/hsqldb/Table; >"	53	41	40
"< Application, Lorg/hsqldb/util/SqlToolSprayer, main([Ljava/lang/String;)V >"	90	107	76
"< Application, Lorg/hsqldb/Constraint, checkReferencedRows(Lorg/hsqldb/Session;Lorg/hsqldb/Table;[ILorg/hsqldb/Index;)V >"	9	19	3
"< Application, Lorg/hsqldb/util/MainInvoker, main([Ljava/lang/String;)V >"	0	3	1
"< Application, Lorg/hsqldb/util/ScriptTool, execute([Ljava/lang/String;)V >"	1	5	2
"< Application, Lorg/hsqldb/Table, checkRowDataUpdate(Lorg/hsqldb/Session;[Ljava/lang/Object;[I)V >"	4	10	9
"< Application, Lorg/hsqldb/Index, <init>(Lorg/hsqldb/Database;Lorg/hsqldb/HsqlNameManager$HsqlName;Lorg/hsqldb/Table;[I[IZZZZ[I[IZ)V >"	16	21	20
"< Application, Lorg/hsqldb/HsqlDateTime$Tokenizer, next(C[[C)Z >"	6	11	3
"< Application, Lorg/hsqldb/SchemaManager, removeExportedKeys(Lorg/hsqldb/Table;)V >"	12	19	18
"< Application, Lorg/hsqldb/ServerConfiguration, listLocalInetAddressNames()[Ljava/lang/String; >"	48	71	70
"< Application, Lorg/hsqldb/store/BaseHashMap, resetAccessCount()V >"	10	11	10
"< Application, Lorg/hsqldb/persist/ScaledRAFile, readIntoBuffer()V >"	20	21	20
"< Application, Lorg/hsqldb/lib/HsqlByteArrayOutputStream, write([B)V >"	0	5	2
"< Application, Ldacapo/parser/ParseException, getMessage()Ljava/lang/String; >"	111	147	146
"< Application, Lorg/hsqldb/Select, resolveTables()V >"	42	45	44
"< Application, Lorg/hsqldb/View, replaceAsterisksInStatement()V >"	39	41	28
"< Application, Lorg/hsqldb/Function, <init>(Ljava/lang/String;Ljava/lang/String;Z)V >"	77	84	83
"< Application, Lorg/hsqldb/Select, getDDL()Ljava/lang/StringBuffer; >"	39	56	55
"< Application, Lorg/hsqldb/DatabaseScript, getTableDDL(Lorg/hsqldb/Database;Lorg/hsqldb/Table;ILorg/hsqldb/lib/HsqlArrayList;ZLjava/lang/StringBuffer;)V >"	115	195	70
"< Application, Lorg/hsqldb/lib/StringUtil, getList([[Ljava/lang/String;Ljava/lang/String;Ljava/lang/String;)Ljava/lang/String; >"	0	5	1
"< Application, Lorg/hsqldb/Select, resolveTables()V >"	3	5	4
"< Application, Lorg/hsqldb/rowio/RowOutputBinary, writeByteArray([B)V >"	2	7	2
"< Application, Lorg/hsqldb/Server, getDatabaseName(IZ)Ljava/lang/String; >"	15	12	11
"< Application, Ldacapo/Matcher, match(C)V >"	48	23	22
"< Application, Lorg/hsqldb/Library, register(Lorg/hsqldb/lib/HashMap;[[Ljava/lang/String;)V >"	1	5	2
"< Application, Lorg/hsqldb/jdbc/jdbcParameterMetaData, toStringImpl()Ljava/lang/String; >"	12	19	15
"< Application, Lorg/hsqldb/DatabaseInformationMain, init()V >"	73	74	73
"< Application, Lorg/hsqldb/lib/StringConverter, readUTF([BII[C)Ljava/lang/String; >"	4	9	19
"< Application, Lorg/hsqldb/Server, setDBInfoArrays()V >"	15	15	14
"< Application, Lorg/hsqldb/GroupedResult, getRow([Ljava/lang/Object;)[Ljava/lang/Object; >"	9	20	2
"< Application, Lorg/hsqldb/Index, getColumnNameList()Ljava/lang/String; >"	2	6	5
"< Application, Lorg/hsqldb/util/SqlFile, eval([Ljava/lang/String;)Z >"	43	40	16
"< Application, Lorg/hsqldb/rowio/RowInputTextQuoted, getField(Ljava/lang/String;IZ)Ljava/lang/String; >"	22	28	27
"< Application, Lorg/hsqldb/rowio/RowOutputText, writeByteArray([B)V >"	7	13	2
"< Application, Lorg/hsqldb/Table, getIndexForColumns([Z)Lorg/hsqldb/Index; >"	2	7	6
"< Application, Lorg/hsqldb/util/Grid, paint(Ljava/awt/Graphics;)V >"	3	6	5
"< Application, Lorg/hsqldb/persist/Log, checkpoint(Z)V >"	48	49	48
"< Application, Lorg/hsqldb/store/HashIndex, removeEmptyNode(I)Z >"	48	39	38
"< Application, Lorg/hsqldb/Table, getUniqueConstraintIndexForColumns([I)Lorg/hsqldb/Index; >"	2	8	2
"< Application, Lorg/hsqldb/jdbc/jdbcPreparedStatement, toString()Ljava/lang/String; >"	14	20	10
"< Application, Lorg/hsqldb/Table, getUniqueConstraintIndexForColumns([I)Lorg/hsqldb/Index; >"	8	14	13
"< Application, Ldacapo/Matcher, match(C)V >"	15	15	14
"< Application, Lorg/hsqldb/lib/HsqlArrayList, clear()V >"	3	6	5
"< Application, Lorg/hsqldb/persist/ScaledRAFile, read([BII)V >"	9	14	13
"< Application, Lorg/hsqldb/SchemaManager, checkCascadeDropViews(Lorg/hsqldb/Table;Z)V >"	3	16	7
"< Application, Lorg/hsqldb/DINameSpace, getSignature(Ljava/lang/reflect/Method;)Ljava/lang/String; >"	3	7	6
"< Application, Lorg/hsqldb/util/SqlToolSprayer, main([Ljava/lang/String;)V >"	46	68	1
"< Application, Lorg/hsqldb/util/Grid, addRow([Ljava/lang/String;)V >"	0	4	2
"< Application, Lorg/hsqldb/store/HashIndex, getLookup(I)I >"	2	7	6
"< Application, Lorg/hsqldb/Expression, resolveTables(Lorg/hsqldb/TableFilter;)V >"	53	21	20
"< Application, Lorg/hsqldb/lib/ArrayUtil, toAdjustedColumnArray([III)[I >"	2	6	1
"< Application, Lorg/hsqldb/store/BaseHashMap, clear()V >"	7	8	7
"< Application, Lorg/hsqldb/jdbc/jdbcBlob, length()J >"	1	4	3
"< Application, Lorg/hsqldb/store/ValuePool, <clinit>()V >"	9	12	11
"< Application, Lorg/hsqldb/DatabaseInformationFull, SYSTEM_CHECK_ROUTINE_USAGE()Lorg/hsqldb/Table; >"	35	29	28
"< Application, Lorg/hsqldb/jdbc/jdbcConnection, getWarnings()Ljava/sql/SQLWarning; >"	9	11	10
"< Application, Lorg/hsqldb/persist/HsqlProperties, addError(ILjava/lang/String;)V >"	10	16	15
"< Application, Lorg/hsqldb/lib/ArrayUtil, commonElements([I[I)[I >"	7	10	2
"< Application, Lorg/hsqldb/lib/ArrayUtil, haveEqualSets([I[II)Z >"	2	6	2
"< Application, Lorg/hsqldb/util/CodeSwitcher, main([Ljava/lang/String;)V >"	7	7	1
"< Application, Lorg/hsqldb/Index, compareRowForInsert(Lorg/hsqldb/Session;Lorg/hsqldb/Row;Lorg/hsqldb/Row;)I >"	30	33	32
"< Application, Lorg/hsqldb/ServerConnection, run()V >"	26	31	30
"< Application, Lorg/hsqldb/Table, getPrimaryConstraint()Lorg/hsqldb/Constraint; >"	1	4	3
"< Application, Lorg/hsqldb/Server, openDatabases()Z >"	4	8	7
"< Application, Lorg/hsqldb/jdbc/jdbcParameterMetaData, <init>(Lorg/hsqldb/Result;)V >"	10	10	9
"< Application, Lorg/hsqldb/util/SqlFile, displayResultSet(Ljava/sql/Statement;Ljava/sql/ResultSet;[ILjava/lang/String;)V >"	411	238	63
"< Application, Lorg/hsqldb/lib/SimpleLog, logContext(Ljava/lang/Throwable;Ljava/lang/String;)V >"	23	40	39
"< Application, Ldacapo/parser/Config, print(Ljava/io/PrintStream;)V >"	41	67	53
"< Application, Lorg/hsqldb/lib/ArrayUtil, fillArray([Ljava/lang/Object;Ljava/lang/Object;)V >"	0	4	1
"< Application, Lorg/hsqldb/DatabaseInformationMain, <init>(Lorg/hsqldb/Database;)V >"	10	12	11
"< Application, Lorg/hsqldb/util/DatabaseManagerSwing, main([Ljava/lang/String;)V >"	4	12	1
"< Application, Lorg/hsqldb/lib/ArrayUtil, copyColumnValues([Ljava/lang/Object;[I[Ljava/lang/Object;)V >"	1	6	2
"< Application, Ldacapo/TestHarness, main([Ljava/lang/String;)V >"	13	14	1
"< Application, Lorg/hsqldb/rowio/RowOutputText, writeVarString(Ljava/lang/String;)V >"	5	11	9
"< Application, Lorg/hsqldb/Select, describe(Lorg/hsqldb/Session;)Ljava/lang/String; >"	43	83	82
"< Application, Lorg/hsqldb/Expression$Collector, addAll(Lorg/hsqldb/Select;I)V >"	4	8	6
"< Application, Lorg/hsqldb/rowio/RowInputBase, readData([I)[Ljava/lang/Object; >"	0	4	2
"< Application, Lorg/hsqldb/util/DatabaseManagerSwing, <clinit>()V >"	166	226	225
"< Application, Lorg/hsqldb/util/DatabaseManager, main([Ljava/lang/String;)V >"	4	12	1
"< Application, Lorg/hsqldb/persist/HsqlProperties, addError(ILjava/lang/String;)V >"	2	7	6
"< Application, Lorg/hsqldb/CompiledStatement, setParameters([Lorg/hsqldb/Expression;)V >"	2	5	4
"< Application, Lorg/hsqldb/Function, <init>(Ljava/lang/String;Ljava/lang/String;Z)V >"	30	40	39
"< Application, Lorg/hsqldb/Tokenizer, getString(C)Ljava/lang/String; >"	25	27	22
"< Application, Ldacapo/Benchmark, sortArray([Ljava/lang/Comparable;)V >"	4	8	2
"< Application, Lorg/hsqldb/util/DatabaseManager, addMenuItems(Ljava/awt/Menu;[Ljava/lang/String;)V >"	1	6	3
"< Application, Lorg/hsqldb/jdbc/jdbcPreparedStatement, <init>(Lorg/hsqldb/jdbc/jdbcConnection;Ljava/lang/String;I)V >"	44	54	53
"< Application, Lorg/hsqldb/DatabaseInformationMain, SYSTEM_TABLEPRIVILEGES()Lorg/hsqldb/Table; >"	57	60	54
"< Application, Lorg/hsqldb/jdbc/jdbcPreparedStatement, <init>(Lorg/hsqldb/jdbc/jdbcConnection;Ljava/lang/String;I)V >"	48	57	56
"< Application, Lorg/hsqldb/Parser, resolveSelectTableFilter(Lorg/hsqldb/Select;Lorg/hsqldb/lib/HsqlArrayList;Lorg/hsqldb/lib/HsqlArrayList;)V >"	69	88	8
"< Application, Lorg/hsqldb/Expression, getDDL()Ljava/lang/String; >"	47	462	461
"< Application, Lorg/hsqldb/View, hasView(Lorg/hsqldb/View;)Z >"	4	6	5
"< Application, Lorg/hsqldb/jdbc/jdbcParameterMetaData, toStringImpl()Ljava/lang/String; >"	29	42	41
"< Application, Lorg/hsqldb/util/RefCapablePropertyResourceBundle, getStringFromFile(Ljava/lang/String;)Ljava/lang/String; >"	94	114	33
"< Application, Lorg/hsqldb/jdbc/jdbcCallableStatement, <init>(Lorg/hsqldb/jdbc/jdbcConnection;Ljava/lang/String;I)V >"	13	17	15
"< Application, Lorg/hsqldb/util/SqlFile, processPL(Ljava/lang/String;)V >"	218	424	22
"< Application, Lorg/hsqldb/util/ConnectionDialogSwing, itemStateChanged(Ljava/awt/event/ItemEvent;)V >"	4	9	8
"< Application, Lorg/hsqldb/types/JavaObject, getBytesLength()I >"	1	4	3
"< Application, Lorg/hsqldb/store/BaseHashMap, reset()Z >"	7	29	28
"< Application, Lorg/hsqldb/lib/HsqlDeque, resetCapacity()V >"	11	13	12
"< Application, Lorg/hsqldb/Table, moveDefinition([ILorg/hsqldb/Column;II)Lorg/hsqldb/Table; >"	23	23	22
"< Application, Ldacapo/Benchmark, deleteFiles(Ljava/io/File;Ljava/lang/String;)V >"	4	9	7
"< Application, Lorg/hsqldb/WebServerConnection, run()V >"	20	42	41
"< Application, Lorg/hsqldb/persist/ScaledRAFile, write([BII)V >"	16	20	19
"< Application, Lorg/hsqldb/util/SqlFile, importDsv(Ljava/lang/String;Ljava/lang/String;)V >"	626	584	516
"< Application, Lorg/hsqldb/lib/HsqlDeque, clear()V >"	5	5	4
"< Application, Lorg/hsqldb/util/SqlFile, importDsv(Ljava/lang/String;Ljava/lang/String;)V >"	388	390	330
"< Application, Lorg/hsqldb/View, getSchemas()[Lorg/hsqldb/HsqlNameManager$HsqlName; >"	4	7	6
"< Application, Lorg/hsqldb/DatabaseInformationMain, cacheClear()V >"	1	4	3
"< Application, Lorg/hsqldb/DINameSpace, iterateAccessibleTriggerClassNames(Lorg/hsqldb/User;)Lorg/hsqldb/lib/Iterator; >"	24	31	29
"< Application, Lorg/hsqldb/Table, getIndexIndex(Ljava/lang/String;)I >"	2	6	4
"< Application, Lorg/hsqldb/util/SqlFile, describe(Ljava/lang/String;Ljava/lang/String;)V >"	133	151	8
"< Application, Ldacapo/Matcher, matched()Z >"	2	5	4
"< Application, Lorg/hsqldb/util/SqlFile, processSpecial(Ljava/lang/String;)V >"	548	167	166
"< Application, Lorg/hsqldb/CompiledStatement, <init>(Lorg/hsqldb/Session;Lorg/hsqldb/Database;Lorg/hsqldb/HsqlNameManager$HsqlName;Lorg/hsqldb/TableFilter;[I[Lorg/hsqldb/Expression;Lorg/hsqldb/Expression;[Lorg/hsqldb/SubQuery;[Lorg/hsqldb/Expression;)V >"	9	16	7
"< Application, Lorg/hsqldb/Like, isEquivalentToNotNullPredicate()Z >"	7	8	7
"< Application, Ldacapo/Digest, toString([B)Ljava/lang/String; >"	1	4	1
"< Application, Lorg/hsqldb/persist/ScaledRAFileInJar, readIntoBuffer()V >"	15	15	14
"< Application, Lorg/hsqldb/util/SqlTool, objectMain([Ljava/lang/String;)V >"	2	8	1
"< Application, Lorg/hsqldb/Result, <init>(Lorg/hsqldb/rowio/RowInputBinary;)V >"	79	35	34
"< Application, Lorg/hsqldb/util/TableSorter, getModelToView()[I >"	3	7	6
"< Application, Lorg/hsqldb/jdbc/jdbcPreparedStatement, clearParameters()V >"	11	16	15
"< Application, Lorg/hsqldb/Parser, compileUpdateStatement()Lorg/hsqldb/CompiledStatement; >"	6	14	13
"< Application, Lorg/hsqldb/util/SqlFile, displayResultSet(Ljava/sql/Statement;Ljava/sql/ResultSet;[ILjava/lang/String;)V >"	277	328	63
"< Application, Lorg/hsqldb/Table, deleteNoCheckRollback(Lorg/hsqldb/Session;Lorg/hsqldb/Row;Z)V >"	4	12	11
"< Application, Lorg/hsqldb/persist/HsqlProperties, addError(ILjava/lang/String;)V >"	23	28	27
"< Application, Lorg/hsqldb/CompiledStatement, dematerializeSubQueries(Lorg/hsqldb/Session;)V >"	5	8	7
"< Application, Lorg/hsqldb/TransactionManager, getTransactionList()[Lorg/hsqldb/Transaction; >"	16	21	6
"< Application, Lorg/hsqldb/lib/ArrayUtil, findIn([BII[B)I >"	3	7	4
"< Application, Lorg/hsqldb/persist/LockFile, writeHeartbeat()V >"	2	5	4
"< Application, Lorg/hsqldb/util/GridSwing, getColumnCount()I >"	1	4	3
"< Application, Ldacapo/FileDigest, getText(Ljava/io/File;ZLjava/io/File;)[B >"	16	31	30
"< Application, Lorg/hsqldb/lib/ArrayUtil, fillSequence([I)V >"	1	4	1
"< Application, Lorg/hsqldb/Select, getResultMain(Lorg/hsqldb/Session;)Lorg/hsqldb/Result; >"	71	68	6
"< Application, Lorg/hsqldb/persist/ScaledRAFileInJar, read()I >"	14	14	13
"< Application, Lorg/hsqldb/TransactionManager, convertTransactionIDs(Lorg/hsqldb/lib/DoubleIntIndex;)V >"	4	9	7
"< Application, Lorg/hsqldb/lib/ArrayUtil, find([Ljava/lang/Object;Ljava/lang/Object;)I >"	1	5	1
"< Application, Lorg/hsqldb/lib/HsqlDeque, getInternalIndex(I)I >"	12	11	10
"< Application, Lorg/hsqldb/Server, setDBInfoArrays()V >"	11	12	11
"< Application, Lorg/hsqldb/util/SqlFile, importDsv(Ljava/lang/String;Ljava/lang/String;)V >"	345	331	330
"< Application, Lorg/hsqldb/util/SqlFile, importDsv(Ljava/lang/String;Ljava/lang/String;)V >"	342	328	297
"< Application, Ldacapo/hsqldb/PseudoJDBCBench, main([Ljava/lang/String;)V >"	56	51	1
"< Application, Lorg/hsqldb/SchemaManager, recompileViews(Lorg/hsqldb/Table;)V >"	3	8	6
"< Application, Lorg/hsqldb/util/SqlFile, pastName(Ljava/lang/String;I)I >"	4	10	9
"< Application, Lorg/hsqldb/TableWorks, createUniqueConstraint([ILorg/hsqldb/HsqlNameManager$HsqlName;)V >"	9	17	16
"< Application, Lorg/hsqldb/util/SqlFile, displayResultSet(Ljava/sql/Statement;Ljava/sql/ResultSet;[ILjava/lang/String;)V >"	25	51	4
"< Application, Lorg/hsqldb/jdbc/jdbcPreparedStatement, toString()Ljava/lang/String; >"	18	25	10
"< Application, Lorg/hsqldb/HsqlSocketFactorySecure, dump(Ljava/lang/String;[Ljava/lang/String;)V >"	3	8	2
"< Application, Lorg/hsqldb/DatabaseInformationFull, SYSTEM_VIEW_COLUMN_USAGE()Lorg/hsqldb/Table; >"	62	54	51
"< Application, Lorg/hsqldb/Table, clearAllRows(Lorg/hsqldb/Session;)V >"	2	6	5
"< Application, Lorg/hsqldb/Expression, describe(Lorg/hsqldb/Session;I)Ljava/lang/String; >"	66	172	171
"< Application, Lorg/hsqldb/util/SqlFile, importDsv(Ljava/lang/String;Ljava/lang/String;)V >"	16	28	26
"< Application, Lorg/hsqldb/persist/TextCache, readObject(I)Lorg/hsqldb/rowio/RowInputInterface; >"	23	37	36
"< Application, Lorg/hsqldb/TableFilter, findFirst(Lorg/hsqldb/Session;)Z >"	16	49	48
"< Application, Lorg/hsqldb/SchemaManager, clearTempTables(Lorg/hsqldb/Session;Lorg/hsqldb/Table;)V >"	5	12	8
"< Application, Lorg/hsqldb/rowio/RowOutputText, writeString(Ljava/lang/String;)V >"	5	11	9
"< Application, Lorg/hsqldb/DatabaseInformationFull, SYSTEM_VIEW_ROUTINE_USAGE()Lorg/hsqldb/Table; >"	45	43	39
"< Application, Lorg/hsqldb/View, hasTable(Lorg/hsqldb/Table;)Z >"	11	12	11
"< Application, Lorg/hsqldb/CompiledStatement, describeParameters()Lorg/hsqldb/Result; >"	1	4	3
"< Application, Lorg/hsqldb/Expression, findTableFilter([Lorg/hsqldb/TableFilter;)Lorg/hsqldb/TableFilter; >"	1	5	2
"< Application, Lorg/hsqldb/util/DatabaseManagerSwing, insertTestData()V >"	8	14	13
"< Application, Lorg/hsqldb/persist/HsqlProperties, argArrayToProps([Ljava/lang/String;Ljava/lang/String;)Lorg/hsqldb/persist/HsqlProperties; >"	3	7	1
"< Application, Lorg/hsqldb/View, hasTable(Lorg/hsqldb/Table;)Z >"	2	6	5
"< Application, Lorg/hsqldb/Table, checkColumnInFKConstraint(II)V >"	1	7	6
"< Application, Lorg/hsqldb/util/SqltoolRB, <clinit>()V >"	1565	1386	1385
"< Application, Ldacapo/parser/ParseException, getMessage()Ljava/lang/String; >"	14	13	12
"< Application, Lorg/hsqldb/util/SqlToolSprayer, main([Ljava/lang/String;)V >"	55	77	76
"< Application, Lorg/hsqldb/SchemaManager, checkCascadeDropViews(Lorg/hsqldb/View;Z)V >"	3	16	6
"< Application, Lorg/hsqldb/Index, <init>(Lorg/hsqldb/Database;Lorg/hsqldb/HsqlNameManager$HsqlName;Lorg/hsqldb/Table;[I[IZZZZ[I[IZ)V >"	13	19	18
"< Application, Lorg/hsqldb/util/RefCapablePropertyResourceBundle, getStringFromFile(Ljava/lang/String;)Ljava/lang/String; >"	102	157	33
"< Application, Lorg/hsqldb/persist/ScaledRAFileInJar, readInt()I >"	9	11	10
"< Application, Lorg/hsqldb/lib/ArrayUtil, countNonStartElementsAt([BI[B)I >"	4	7	3
"< Application, Lorg/hsqldb/jdbc/jdbcColumnMetaData, toStringImpl()Ljava/lang/String; >"	5	12	11
"< Application, Ldacapo/Benchmark, deleteTree(Ljava/io/File;)V >"	16	22	21
"< Application, Lorg/hsqldb/lib/HsqlByteArrayInputStream, <init>([B)V >"	4	6	2
"< Application, Lorg/hsqldb/jdbc/jdbcPreparedStatement, addBatch()V >"	2	5	4
"< Application, Lorg/hsqldb/HsqlNameManager$HsqlName, sysPrefixLength(Ljava/lang/String;)I >"	2	5	4
"< Application, Lorg/hsqldb/util/SqlFile, listTables(CLjava/lang/String;)V >"	245	292	257
"< Application, Lorg/hsqldb/Parser, compileUpdateStatement()Lorg/hsqldb/CompiledStatement; >"	23	36	13
"< Application, Lorg/hsqldb/Table, checkCascadeUpdate(Lorg/hsqldb/Session;Lorg/hsqldb/Table;Lorg/hsqldb/lib/HashMappedList;Lorg/hsqldb/Row;[Ljava/lang/Object;[ILorg/hsqldb/Table;Lorg/hsqldb/lib/HashSet;)V >"	91	111	34
"< Application, Lorg/hsqldb/Table, createPrimaryIndex([ILorg/hsqldb/HsqlNameManager$HsqlName;)V >"	3	8	2
"< Application, Lorg/hsqldb/TableFilter, setConditions(Lorg/hsqldb/Session;Lorg/hsqldb/Expression;)V >"	19	23	22
"< Application, Lorg/hsqldb/util/CodeSwitcher, addDir(Ljava/lang/String;)V >"	13	16	15
"< Application, Ldacapo/FileDigest, main([Ljava/lang/String;)V >"	36	51	1
"< Application, Lorg/hsqldb/Table, checkColumnsMatch([ILorg/hsqldb/Table;[I)V >"	1	7	4
"< Application, Lorg/hsqldb/Table, deleteNoCheck(Lorg/hsqldb/Session;Lorg/hsqldb/Row;Z)V >"	6	14	13
"< Application, Lorg/hsqldb/SchemaManager, checkCascadeDropReferenced(Lorg/hsqldb/Table;Z)V >"	1	9	6
"< Application, Lorg/hsqldb/lib/ArrayUtil, intIndexesToBooleanArray([I[Z)V >"	1	5	1
"< Application, Lorg/hsqldb/rowio/RowInputBase, <init>([B)V >"	2	6	2
"< Application, Lorg/hsqldb/lib/ArrayUtil, intIndexesToBooleanArray([I[Z)V >"	4	7	2
"< Application, Lorg/hsqldb/DatabaseCommandInterpreter, executePart(ILjava/lang/String;)Lorg/hsqldb/Result; >"	54	93	92
"< Application, Lorg/hsqldb/util/ConnectionDialog, create()V >"	111	147	146
"< Application, Lorg/hsqldb/Table, checkColumnInFKConstraint(I)V >"	1	6	5
"< Application, Lorg/hsqldb/persist/ScaledRAFile, readLong()J >"	9	11	10
"< Application, Lorg/hsqldb/DatabaseInformationMain, init()V >"	60	62	61
"< Application, Lorg/hsqldb/types/Binary, hashCode()I >"	4	6	5
