"< Application, Lorg/hsqldb/util/SqlFile, genRejectReportRecord(Ljava/io/PrintWriter;IILjava/lang/String;Ljava/lang/String;Ljava/lang/Throwable;)V >"	34	48	7	java_type_ref("<Primordial,Ljava/sql/SQLException>")
"< Application, Lorg/hsqldb/Column, convertObject(Ljava/lang/Object;I)Ljava/lang/Object; >"	427	345	344	java_type_ref("<Application,Lorg/hsqldb/types/JavaObject>")
"< Application, Lorg/hsqldb/persist/LockFile, equals(Ljava/lang/Object;)Z >"	2	4	2	java_type_ref("<Application,Lorg/hsqldb/persist/LockFile>")
"< Application, Lorg/hsqldb/Column, convertObject(Ljava/lang/Object;I)Ljava/lang/Object; >"	21	340	338	java_type_ref("<Primordial,Ljava/lang/Long>")
"< Application, Lorg/hsqldb/Column, createSQLString(Ljava/lang/Object;I)Ljava/lang/String; >"	20	10	1	java_type_ref("<Application,Lorg/hsqldb/types/JavaObject>")
"< Application, Lorg/hsqldb/Column, convertObject(Ljava/lang/Object;I)Ljava/lang/Object; >"	41	342	338	java_type_ref("<Primordial,Ljava/lang/Number>")
"< Application, Lorg/hsqldb/Column, convertObject(Ljava/lang/Object;I)Ljava/lang/Object; >"	213	172	1	java_type_ref("<Primordial,Ljava/lang/Boolean>")
"< Application, Lorg/hsqldb/jdbc/jdbcBlob, position(Ljava/sql/Blob;J)J >"	21	23	2	java_type_ref("<Application,Lorg/hsqldb/jdbc/jdbcBlob>")
"< Application, Lorg/hsqldb/Column, convertObject(Ljava/lang/Object;I)Ljava/lang/Object; >"	306	87	1	java_type_ref("<Primordial,Ljava/sql/Time>")
"< Application, Lorg/hsqldb/CachedRow, equals(Ljava/lang/Object;)Z >"	2	4	2	java_type_ref("<Application,Lorg/hsqldb/CachedRow>")
"< Application, Lorg/hsqldb/persist/LockFile, pollHeartbeat()V >"	39	28	20	java_type_ref("<Application,Lorg/hsqldb/persist/LockFile$WrongMagicException>")
"< Application, Lorg/hsqldb/Column, convertObject(Ljava/lang/Object;I)Ljava/lang/Object; >"	370	40	1	java_type_ref("<Primordial,Ljava/sql/Timestamp>")
"< Application, Lorg/hsqldb/lib/HsqlTimer, isCancelled(Ljava/lang/Object;)Z >"	0	3	1	java_type_ref("<Application,Lorg/hsqldb/lib/HsqlTimer$Task>")
"< Application, Lorg/hsqldb/Column, convertObject(Ljava/lang/Object;I)Ljava/lang/Object; >"	258	106	1	java_type_ref("<Primordial,Ljava/lang/Integer>")
"< Application, Lorg/hsqldb/Column, convertObject(Ljava/lang/Object;I)Ljava/lang/Object; >"	176	198	1	java_type_ref("<Primordial,Ljava/lang/Short>")
"< Application, Lorg/hsqldb/persist/LockFile, pollHeartbeat()V >"	35	27	20	java_type_ref("<Application,Lorg/hsqldb/persist/LockFile$WrongLengthException>")
"< Application, Lorg/hsqldb/util/DatabaseManagerSwing, addMenuItems(Ljavax/swing/JMenu;[Ljava/lang/Object;)V >"	25	28	27	java_type_ref("<Primordial,Ljava/lang/String>")
"< Application, Lorg/hsqldb/lib/HsqlTimer, getNextScheduled(Ljava/lang/Object;)Ljava/util/Date; >"	0	3	1	java_type_ref("<Application,Lorg/hsqldb/lib/HsqlTimer$Task>")
"< Application, Lorg/hsqldb/util/SqltoolRB, <clinit>()V >"	1569	1389	1388	java_type_ref("<Primordial,Ljava/lang/Integer>")
"< Application, Lorg/hsqldb/GroupedResult$ResultGroup, equals(Ljava/lang/Object;)Z >"	3	5	2	java_type_ref("<Application,Lorg/hsqldb/GroupedResult$ResultGroup>")
"< Application, Lorg/hsqldb/Column, convertObject(Ljava/lang/Object;I)Ljava/lang/Object; >"	303	86	1	java_type_ref("<Primordial,Ljava/lang/String>")
"< Application, Lorg/hsqldb/Result, <init>(Ljava/lang/Throwable;Ljava/lang/String;)V >"	3	7	2	java_type_ref("<Application,Lorg/hsqldb/HsqlException>")
"< Application, Lorg/hsqldb/Column, convertObject(Ljava/lang/Object;I)Ljava/lang/Object; >"	160	195	1	java_type_ref("<Primordial,Ljava/lang/String>")
"< Application, Lorg/hsqldb/Column, convertObject(Ljava/lang/Object;I)Ljava/lang/Object; >"	143	235	1	java_type_ref("<Primordial,Ljava/lang/Number>")
"< Application, Lorg/hsqldb/HsqlNameManager$HsqlName, equals(Ljava/lang/Object;)Z >"	0	4	2	java_type_ref("<Application,Lorg/hsqldb/HsqlNameManager$HsqlName>")
"< Application, Lorg/hsqldb/Column, convertObject(Ljava/lang/Object;I)Ljava/lang/Object; >"	408	7	1	java_type_ref("<Primordial,Ljava/lang/String>")
"< Application, Lorg/hsqldb/util/ConnectionDialogSwing, actionPerformed(Ljava/awt/event/ActionEvent;)V >"	4	12	11	java_type_ref("<Primordial,Ljavax/swing/JTextField>")
"< Application, Lorg/hsqldb/Column, compareToTypeRange(Ljava/lang/Object;I)I >"	35	15	1	java_type_ref("<Primordial,Ljava/lang/Double>")
"< Application, Lorg/hsqldb/Column, convertObject(Lorg/hsqldb/Session;Ljava/lang/Object;III)Ljava/lang/Object; >"	14	27	2	java_type_ref("<Primordial,Ljava/math/BigDecimal>")
"< Application, Lorg/hsqldb/Column, convertObject(Ljava/lang/Object;I)Ljava/lang/Object; >"	197	169	1	java_type_ref("<Primordial,Ljava/lang/Double>")
"< Application, Lorg/hsqldb/util/GridSwing, getColumnClass(I)Ljava/lang/Class; >"	5	13	9	java_type_ref("<Primordial,Ljava/sql/Timestamp>")
"< Application, Lorg/hsqldb/util/GridSwing, getColumnClass(I)Ljava/lang/Class; >"	7	14	9	java_type_ref("<Primordial,Ljava/sql/Time>")
"< Application, Lorg/hsqldb/util/TableSorter$SortableHeaderRenderer, getTableCellRendererComponent(Ljavax/swing/JTable;Ljava/lang/Object;ZZII)Ljava/awt/Component; >"	2	12	11	java_type_ref("<Primordial,Ljavax/swing/JLabel>")
"< Application, Lorg/hsqldb/Result, <init>(Ljava/lang/Throwable;Ljava/lang/String;)V >"	23	9	2	java_type_ref("<Primordial,Ljava/lang/OutOfMemoryError>")
"< Application, Lorg/hsqldb/jdbc/jdbcPreparedStatement, setClob(ILjava/sql/Clob;)V >"	0	5	3	java_type_ref("<Application,Lorg/hsqldb/jdbc/jdbcClob>")
"< Application, Lorg/hsqldb/jdbc/jdbcPreparedStatement, setBlob(ILjava/sql/Blob;)V >"	0	5	3	java_type_ref("<Application,Lorg/hsqldb/jdbc/jdbcBlob>")
"< Application, Lorg/hsqldb/persist/Log, processScript()V >"	34	36	24	java_type_ref("<Primordial,Ljava/io/IOException>")
"< Application, Lorg/hsqldb/Column, convertToInt(Ljava/lang/Object;)Ljava/lang/Integer; >"	15	5	1	java_type_ref("<Primordial,Ljava/lang/Double>")
"< Application, Lorg/hsqldb/Column, convertObject(Ljava/lang/Object;I)Ljava/lang/Object; >"	360	59	1	java_type_ref("<Primordial,Ljava/lang/String>")
"< Application, Lorg/hsqldb/jdbc/jdbcResultSet, getBytes(I)[B >"	3	7	5	java_type_array(java_type_prim(java_prim_type_byte))
"< Application, Lorg/hsqldb/jdbc/jdbcConnection, releaseSavepoint(Ljava/sql/Savepoint;)V >"	4	6	2	java_type_ref("<Application,Lorg/hsqldb/jdbc/jdbcSavepoint>")
"< Application, Lorg/hsqldb/lib/HsqlTimer, isFixedDelay(Ljava/lang/Object;)Z >"	0	3	1	java_type_ref("<Application,Lorg/hsqldb/lib/HsqlTimer$Task>")
"< Application, Lorg/hsqldb/Column, convertToLong(Ljava/lang/Object;)Ljava/lang/Long; >"	17	6	1	java_type_ref("<Primordial,Ljava/lang/Float>")
"< Application, Lorg/hsqldb/util/DatabaseManagerSwing, actionPerformed(Ljava/awt/event/ActionEvent;)V >"	3	9	8	java_type_ref("<Primordial,Ljavax/swing/JMenuItem>")
"< Application, Lorg/hsqldb/Column, compareToTypeRange(Ljava/lang/Object;I)I >"	5	7	1	java_type_ref("<Primordial,Ljava/lang/Long>")
"< Application, Lorg/hsqldb/Column, convertObject(Lorg/hsqldb/Session;Ljava/lang/Object;III)Ljava/lang/Object; >"	7	35	2	java_type_ref("<Primordial,Ljava/lang/String>")
"< Application, Lorg/hsqldb/Column, convertObject(Ljava/lang/Object;I)Ljava/lang/Object; >"	355	58	1	java_type_ref("<Primordial,Ljava/sql/Date>")
"< Application, Lorg/hsqldb/Column, convertObject(Ljava/lang/Object;I)Ljava/lang/Object; >"	64	285	284	java_type_ref("<Primordial,Ljava/lang/Integer>")
"< Application, Lorg/hsqldb/persist/LockFile, pollHeartbeat()V >"	15	22	20	java_type_ref("<Application,Lorg/hsqldb/persist/LockFile$FileSecurityException>")
"< Application, Lorg/hsqldb/Column, convertObject(Ljava/lang/Object;I)Ljava/lang/Object; >"	174	197	1	java_type_ref("<Primordial,Ljava/lang/Byte>")
"< Application, Lorg/hsqldb/Grantee, getGrantedClassNames(Z)Lorg/hsqldb/lib/HashSet; >"	12	20	19	java_type_ref("<Primordial,Ljava/lang/String>")
"< Application, Lorg/hsqldb/CompiledStatementExecutor, executeCallStatement(Lorg/hsqldb/CompiledStatement;)Lorg/hsqldb/Result; >"	3	8	7	java_type_ref("<Application,Lorg/hsqldb/Result>")
"< Application, Lorg/hsqldb/util/DatabaseManagerSwing, setWaiting(Ljava/lang/String;)V >"	4	42	41	java_type_ref("<Primordial,Ljava/awt/Frame>")
"< Application, Lorg/hsqldb/Column, convertObject(Ljava/lang/Object;I)Ljava/lang/Object; >"	405	5	1	java_type_ref("<Application,Lorg/hsqldb/types/JavaObject>")
"< Application, Lorg/hsqldb/jdbc/jdbcPreparedStatement, setParameter(ILjava/lang/Object;)V >"	38	27	3	java_type_ref("<Primordial,Ljava/util/Date>")
"< Application, Lorg/hsqldb/Column, convertObject(Ljava/lang/Object;I)Ljava/lang/Object; >"	388	23	1	java_type_array(java_type_prim(java_prim_type_byte))
"< Application, Lorg/hsqldb/Database, reopen()V >"	76	79	68	java_type_ref("<Application,Lorg/hsqldb/HsqlException>")
"< Application, Lorg/hsqldb/Column, convertObject(Ljava/lang/Object;I)Ljava/lang/Object; >"	35	341	338	java_type_ref("<Primordial,Ljava/lang/Byte>")
"< Application, Lorg/hsqldb/Column, convertObject(Ljava/lang/Object;I)Ljava/lang/Object; >"	242	104	1	java_type_ref("<Primordial,Ljava/lang/Boolean>")
"< Application, Lorg/hsqldb/persist/ScriptRunner, runScript(Lorg/hsqldb/Database;Ljava/lang/String;I)V >"	69	90	85	java_type_ref("<Primordial,Ljava/lang/OutOfMemoryError>")
"< Application, Lorg/hsqldb/SetFunction, add(Lorg/hsqldb/Session;Ljava/lang/Object;)V >"	80	21	3	java_type_ref("<Primordial,Ljava/lang/Boolean>")
"< Application, Lorg/hsqldb/Column, convertObject(Ljava/lang/Object;I)Ljava/lang/Object; >"	415	8	1	java_type_ref("<Application,Lorg/hsqldb/types/Binary>")
"< Application, Lorg/hsqldb/util/RefCapablePropertyResourceBundle, getRef(Ljava/lang/String;Ljava/util/ResourceBundle;Ljava/lang/ClassLoader;)Lorg/hsqldb/util/RefCapablePropertyResourceBundle; >"	0	5	2	java_type_ref("<Primordial,Ljava/util/PropertyResourceBundle>")
"< Application, Lorg/hsqldb/persist/LockFile, pollHeartbeat()V >"	19	23	20	java_type_ref("<Application,Lorg/hsqldb/persist/LockFile$LockHeldExternallyException>")
"< Application, Lorg/hsqldb/util/DatabaseManagerSwing, main()V >"	40	39	38	java_type_ref("<Primordial,Ljava/awt/Frame>")
"< Application, Lorg/hsqldb/Column, convertObject(Ljava/lang/Object;I)Ljava/lang/Object; >"	12	339	338	java_type_ref("<Primordial,Ljava/lang/Integer>")
"< Application, Lorg/hsqldb/Column, convertObject(Ljava/lang/Object;I)Ljava/lang/Object; >"	87	287	284	java_type_ref("<Primordial,Ljava/lang/Byte>")
"< Application, Lorg/hsqldb/util/DatabaseManagerSwing, main()V >"	2	5	4	java_type_ref("<Primordial,Ljavax/swing/JApplet>")
"< Application, Lorg/hsqldb/Column, convertObject(Ljava/lang/Object;I)Ljava/lang/Object; >"	89	288	284	java_type_ref("<Primordial,Ljava/lang/Short>")
"< Application, Lorg/hsqldb/Column, convertObject(Ljava/lang/Object;I)Ljava/lang/Object; >"	4	329	1	java_type_ref("<Primordial,Ljava/lang/String>")
"< Application, Lorg/hsqldb/jdbc/jdbcPreparedStatement, setParameter(ILjava/lang/Object;)V >"	48	14	3	java_type_ref("<Primordial,Ljava/sql/Timestamp>")
"< Application, Lorg/hsqldb/Column, compareToTypeRange(Ljava/lang/Object;I)I >"	30	14	1	java_type_ref("<Primordial,Ljava/math/BigDecimal>")
"< Application, Lorg/hsqldb/Column, convertObject(Ljava/lang/Object;I)Ljava/lang/Object; >"	46	343	338	java_type_ref("<Primordial,Ljava/lang/Boolean>")
"< Application, Lorg/hsqldb/DatabaseInformationFull, SYSTEM_TEXTTABLES()Lorg/hsqldb/Table; >"	45	47	46	java_type_ref("<Application,Lorg/hsqldb/persist/TextCache>")
"< Application, Lorg/hsqldb/Column, convertObject(Ljava/lang/Object;I)Ljava/lang/Object; >"	375	41	1	java_type_ref("<Primordial,Ljava/lang/String>")
"< Application, Lorg/hsqldb/util/TableSorter, setTableHeader(Ljavax/swing/table/JTableHeader;)V >"	7	12	11	java_type_ref("<Application,Lorg/hsqldb/util/TableSorter$SortableHeaderRenderer>")
"< Application, Lorg/hsqldb/util/DatabaseManagerSwing, initGUI()V >"	156	168	167	java_type_ref("<Primordial,Ljava/awt/Window>")
"< Application, Lorg/hsqldb/Column, convertObject(Ljava/lang/Object;I)Ljava/lang/Object; >"	365	39	1	java_type_ref("<Primordial,Ljava/sql/Date>")
"< Application, Lorg/hsqldb/HsqlSocketFactory, newFactory(Ljava/lang/String;)Lorg/hsqldb/HsqlSocketFactory; >"	8	15	14	java_type_ref("<Primordial,Ljava/lang/Exception>")
"< Application, Lorg/hsqldb/Column, convertObject(Lorg/hsqldb/Session;Ljava/lang/Object;III)Ljava/lang/Object; >"	29	21	20	java_type_ref("<Primordial,Ljava/sql/Timestamp>")
"< Application, Lorg/hsqldb/Column, convertObject(Lorg/hsqldb/Session;Ljava/lang/Object;III)Ljava/lang/Object; >"	20	10	2	java_type_ref("<Primordial,Ljava/sql/Time>")
"< Application, Lorg/hsqldb/Column, convertObject(Ljava/lang/Object;I)Ljava/lang/Object; >"	135	233	1	java_type_ref("<Primordial,Ljava/lang/Byte>")
"< Application, Lorg/hsqldb/lib/HsqlTimer, cancel(Ljava/lang/Object;)V >"	0	3	1	java_type_ref("<Application,Lorg/hsqldb/lib/HsqlTimer$Task>")
"< Application, Lorg/hsqldb/Column, convertToInt(Ljava/lang/Object;)Ljava/lang/Integer; >"	0	3	1	java_type_ref("<Primordial,Ljava/math/BigDecimal>")
"< Application, Lorg/hsqldb/Column, convertObject(Ljava/lang/Object;I)Ljava/lang/Object; >"	232	157	1	java_type_ref("<Primordial,Ljava/lang/Boolean>")
"< Application, Lorg/hsqldb/DatabaseCommandInterpreter, processSet()V >"	212	176	169	java_type_ref("<Application,Lorg/hsqldb/HsqlException>")
"< Application, Lorg/hsqldb/Column, convertObject(Ljava/lang/Object;I)Ljava/lang/Object; >"	209	171	1	java_type_ref("<Primordial,Ljava/lang/Number>")
"< Application, Lorg/hsqldb/lib/FileUtil, toIOException(Ljava/lang/Throwable;)Ljava/io/IOException; >"	0	3	1	java_type_ref("<Primordial,Ljava/io/IOException>")
"< Application, Lorg/hsqldb/Column, convertObject(Ljava/lang/Object;I)Ljava/lang/Object; >"	183	199	1	java_type_ref("<Primordial,Ljava/lang/Number>")
"< Application, Lorg/hsqldb/Column, convertObject(Ljava/lang/Object;I)Ljava/lang/Object; >"	100	290	284	java_type_ref("<Primordial,Ljava/lang/Boolean>")
"< Application, Lorg/hsqldb/Column, convertObject(Ljava/lang/Object;I)Ljava/lang/Object; >"	290	109	1	java_type_ref("<Primordial,Ljava/math/BigDecimal>")
"< Application, Lorg/hsqldb/Column, compareToTypeRange(Ljava/lang/Object;I)I >"	0	4	1	java_type_ref("<Primordial,Ljava/lang/Number>")
"< Application, Lorg/hsqldb/util/DatabaseManagerSwing, main()V >"	47	48	47	java_type_ref("<Primordial,Ljava/awt/Window>")
"< Application, Lorg/hsqldb/Column, convertObject(Ljava/lang/Object;I)Ljava/lang/Object; >"	311	88	1	java_type_ref("<Primordial,Ljava/sql/Timestamp>")
"< Application, Lorg/hsqldb/lib/HsqlTimer, isFixedRate(Ljava/lang/Object;)Z >"	0	3	1	java_type_ref("<Application,Lorg/hsqldb/lib/HsqlTimer$Task>")
"< Application, Lorg/hsqldb/util/DatabaseManagerSwing, main()V >"	315	382	381	java_type_ref("<Primordial,Ljavax/swing/JFrame>")
"< Application, Lorg/hsqldb/DatabaseScript, addRightsStatements(Lorg/hsqldb/Database;Lorg/hsqldb/Result;)V >"	55	97	74	java_type_ref("<Primordial,Ljava/lang/String>")
"< Application, Lorg/hsqldb/persist/LockFile, pollHeartbeat()V >"	27	25	20	java_type_ref("<Application,Lorg/hsqldb/persist/LockFile$UnexpectedEndOfFileException>")
"< Application, Lorg/hsqldb/SetFunction, add(Lorg/hsqldb/Session;Ljava/lang/Object;)V >"	90	15	3	java_type_ref("<Primordial,Ljava/lang/Number>")
"< Application, Lorg/hsqldb/Column, convertObject(Ljava/lang/Object;I)Ljava/lang/Object; >"	342	72	1	java_type_ref("<Primordial,Ljava/sql/Date>")
"< Application, Lorg/hsqldb/Column, convertObject(Ljava/lang/Object;I)Ljava/lang/Object; >"	223	155	1	java_type_ref("<Primordial,Ljava/math/BigDecimal>")
"< Application, Lorg/hsqldb/HsqlServerFactory, createHsqlServer(Ljava/lang/String;ZZ)Lorg/hsqldb/HsqlSocketRequestHandler; >"	21	38	37	java_type_ref("<Application,Lorg/hsqldb/HsqlException>")
"< Application, Lorg/hsqldb/persist/Log, processScript()V >"	39	37	24	java_type_ref("<Primordial,Ljava/lang/OutOfMemoryError>")
"< Application, Lorg/hsqldb/util/DatabaseManagerSwing, setWaiting(Ljava/lang/String;)V >"	43	26	25	java_type_ref("<Primordial,Ljava/awt/Frame>")
"< Application, Lorg/hsqldb/jdbc/jdbcResultSet, getColumnInType(II)Ljava/lang/Object; >"	19	26	14	java_type_ref("<Application,Lorg/hsqldb/types/Binary>")
"< Application, Lorg/hsqldb/Column, convertObject(Ljava/lang/Object;I)Ljava/lang/Object; >"	332	70	1	java_type_ref("<Primordial,Ljava/sql/Timestamp>")
"< Application, Lorg/hsqldb/jdbc/jdbcPreparedStatement, setParameter(ILjava/lang/Object;)V >"	28	37	3	java_type_ref("<Primordial,Ljava/util/Date>")
"< Application, Lorg/hsqldb/persist/LockFile, pollHeartbeat()V >"	23	24	20	java_type_ref("<Application,Lorg/hsqldb/persist/LockFile$UnexpectedFileNotFoundException>")
"< Application, Lorg/hsqldb/persist/Log, processScript()V >"	30	35	24	java_type_ref("<Application,Lorg/hsqldb/HsqlException>")
"< Application, Lorg/hsqldb/Column, convertObject(Ljava/lang/Object;I)Ljava/lang/Object; >"	56	275	1	java_type_ref("<Primordial,Ljava/lang/String>")
"< Application, Lorg/hsqldb/lib/HsqlTimer, setPeriod(Ljava/lang/Object;J)Ljava/lang/Object; >"	0	4	1	java_type_ref("<Application,Lorg/hsqldb/lib/HsqlTimer$Task>")
"< Application, Lorg/hsqldb/Column, convertObject(Ljava/lang/Object;I)Ljava/lang/Object; >"	246	105	1	java_type_ref("<Primordial,Ljava/lang/String>")
"< Application, Lorg/hsqldb/util/SqltoolRB, <clinit>()V >"	1607	1393	1392	java_type_ref("<Primordial,Ljava/lang/String>")
"< Application, Lorg/hsqldb/util/DatabaseManagerSwing, main()V >"	325	393	392	java_type_ref("<Primordial,Ljavax/swing/JApplet>")
"< Application, Lorg/hsqldb/Column, convertObject(Ljava/lang/Object;I)Ljava/lang/Object; >"	395	24	1	java_type_ref("<Primordial,Ljava/lang/String>")
"< Application, Lorg/hsqldb/Column, convertObject(Ljava/lang/Object;I)Ljava/lang/Object; >"	73	286	284	java_type_ref("<Primordial,Ljava/lang/Long>")
"< Application, Lorg/hsqldb/Column, convertObject(Ljava/lang/Object;I)Ljava/lang/Object; >"	226	156	1	java_type_ref("<Primordial,Ljava/lang/Long>")
"< Application, Lorg/hsqldb/util/DatabaseManagerSwing, addMenuItems(Ljavax/swing/JMenu;[Ljava/lang/Object;)V >"	19	24	23	java_type_ref("<Primordial,Ljavax/swing/JMenuItem>")
"< Application, Lorg/hsqldb/jdbc/jdbcConnection, rollback(Ljava/sql/Savepoint;)V >"	13	10	2	java_type_ref("<Application,Lorg/hsqldb/jdbc/jdbcSavepoint>")
"< Application, Lorg/hsqldb/Column, convertObject(Ljava/lang/Object;I)Ljava/lang/Object; >"	95	289	284	java_type_ref("<Primordial,Ljava/lang/Number>")
"< Application, Lorg/hsqldb/util/DatabaseManagerSwing, main()V >"	308	380	379	java_type_ref("<Primordial,Ljavax/swing/JApplet>")
"< Application, Lorg/hsqldb/Column, convertObject(Ljava/lang/Object;I)Ljava/lang/Object; >"	380	42	1	java_type_ref("<Primordial,Ljava/sql/Time>")
"< Application, Lorg/hsqldb/Column, convertObject(Ljava/lang/Object;I)Ljava/lang/Object; >"	327	69	1	java_type_ref("<Primordial,Ljava/sql/Time>")
"< Application, Lorg/hsqldb/jdbc/jdbcDatabaseMetaData, and(Ljava/lang/String;Ljava/lang/String;Ljava/lang/Object;)Ljava/lang/String; >"	4	8	3	java_type_ref("<Primordial,Ljava/lang/String>")
"< Application, Lorg/hsqldb/Column, convertToLong(Ljava/lang/Object;)Ljava/lang/Long; >"	15	5	1	java_type_ref("<Primordial,Ljava/lang/Double>")
"< Application, Lorg/hsqldb/Column, convertObject(Ljava/lang/Object;I)Ljava/lang/Object; >"	200	170	1	java_type_ref("<Primordial,Ljava/lang/String>")
"< Application, Lorg/hsqldb/Column, convertObject(Ljava/lang/Object;I)Ljava/lang/Object; >"	268	107	1	java_type_ref("<Primordial,Ljava/lang/Long>")
"< Application, Lorg/hsqldb/Row, equals(Ljava/lang/Object;)Z >"	2	4	2	java_type_ref("<Application,Lorg/hsqldb/Row>")
"< Application, Lorg/hsqldb/Column, convertToLong(Ljava/lang/Object;)Ljava/lang/Long; >"	0	3	1	java_type_ref("<Primordial,Ljava/math/BigDecimal>")
"< Application, Lorg/hsqldb/Column, convertObject(Ljava/lang/Object;I)Ljava/lang/Object; >"	316	89	1	java_type_ref("<Primordial,Ljava/sql/Date>")
"< Application, Lorg/hsqldb/Column, compareToTypeRange(Ljava/lang/Object;I)I >"	3	6	1	java_type_ref("<Primordial,Ljava/lang/Integer>")
"< Application, Lorg/hsqldb/Column, convertToInt(Ljava/lang/Object;)Ljava/lang/Integer; >"	17	6	1	java_type_ref("<Primordial,Ljava/lang/Float>")
"< Application, Lorg/hsqldb/Column, compare(Lorg/hsqldb/Collation;Ljava/lang/Object;Ljava/lang/Object;I)I >"	84	9	3	java_type_ref("<Application,Lorg/hsqldb/types/Binary>")
"< Application, Lorg/hsqldb/CompiledStatementExecutor, executeCallStatement(Lorg/hsqldb/CompiledStatement;)Lorg/hsqldb/Result; >"	7	10	7	java_type_ref("<Application,Lorg/hsqldb/jdbc/jdbcResultSet>")
"< Application, Lorg/hsqldb/util/ConnectionSetting, equals(Ljava/lang/Object;)Z >"	0	4	2	java_type_ref("<Application,Lorg/hsqldb/util/ConnectionSetting>")
"< Application, Lorg/hsqldb/Column, convertObject(Ljava/lang/Object;I)Ljava/lang/Object; >"	147	236	1	java_type_ref("<Primordial,Ljava/lang/Boolean>")
"< Application, Lorg/hsqldb/types/Binary, equals(Ljava/lang/Object;)Z >"	2	4	2	java_type_ref("<Application,Lorg/hsqldb/types/Binary>")
"< Application, Lorg/hsqldb/Column, convertObject(Ljava/lang/Object;I)Ljava/lang/Object; >"	385	22	1	java_type_ref("<Application,Lorg/hsqldb/types/Binary>")
"< Application, Lorg/hsqldb/Column, convertObject(Ljava/lang/Object;I)Ljava/lang/Object; >"	110	230	1	java_type_ref("<Primordial,Ljava/lang/Integer>")
"< Application, Lorg/hsqldb/Grantee, getGrantedClassNamesDirect()Lorg/hsqldb/lib/HashSet; >"	9	16	15	java_type_ref("<Primordial,Ljava/lang/String>")
"< Application, Lorg/hsqldb/Database, close(I)V >"	18	26	25	java_type_ref("<Application,Lorg/hsqldb/HsqlException>")
"< Application, Lorg/hsqldb/Column, convertObject(Ljava/lang/Object;I)Ljava/lang/Object; >"	121	232	1	java_type_ref("<Primordial,Ljava/lang/Long>")
"< Application, Lorg/hsqldb/SetFunction, add(Lorg/hsqldb/Session;Ljava/lang/Object;)V >"	70	29	3	java_type_ref("<Primordial,Ljava/lang/Boolean>")
"< Application, Lorg/hsqldb/jdbc/jdbcPreparedStatement, setParameter(ILjava/lang/Object;)V >"	13	47	3	java_type_array(java_type_prim(java_prim_type_byte))
"< Application, Lorg/hsqldb/Column, convertObject(Ljava/lang/Object;I)Ljava/lang/Object; >"	279	108	1	java_type_ref("<Primordial,Ljava/lang/Double>")
"< Application, Lorg/hsqldb/Column, convertObject(Ljava/lang/Object;I)Ljava/lang/Object; >"	137	234	1	java_type_ref("<Primordial,Ljava/lang/Short>")
"< Application, Lorg/hsqldb/CachedDataRow, equals(Ljava/lang/Object;)Z >"	2	4	2	java_type_ref("<Application,Lorg/hsqldb/CachedDataRow>")
"< Application, Lorg/hsqldb/Function, getArguments(Lorg/hsqldb/Session;)[Ljava/lang/Object; >"	21	21	18	java_type_ref("<Application,Lorg/hsqldb/types/JavaObject>")
"< Application, Lorg/hsqldb/lib/HsqlTimer, isPeriodic(Ljava/lang/Object;)Z >"	0	3	1	java_type_ref("<Application,Lorg/hsqldb/lib/HsqlTimer$Task>")
"< Application, Lorg/hsqldb/Column, multiply(Ljava/lang/Object;Ljava/lang/Object;I)Ljava/lang/Object; >"	5	8	2	java_type_ref("<Primordial,Ljava/lang/Number>")
"< Application, Lorg/hsqldb/persist/ScriptRunner, runScript(Lorg/hsqldb/Database;Ljava/lang/String;I)V >"	66	89	85	java_type_ref("<Primordial,Ljava/io/EOFException>")
"< Application, Lorg/hsqldb/util/DatabaseManagerSwing, setWaiting(Ljava/lang/String;)V >"	25	8	7	java_type_ref("<Primordial,Ljava/awt/Frame>")
"< Application, Lorg/hsqldb/Column, convertObject(Ljava/lang/Object;I)Ljava/lang/Object; >"	157	194	1	java_type_ref("<Primordial,Ljava/lang/Long>")
"< Application, Lorg/hsqldb/jdbc/jdbcClob, position(Ljava/sql/Clob;J)J >"	11	17	2	java_type_ref("<Application,Lorg/hsqldb/jdbc/jdbcClob>")
"< Application, Lorg/hsqldb/Column, multiply(Ljava/lang/Object;Ljava/lang/Object;I)Ljava/lang/Object; >"	3	6	1	java_type_ref("<Primordial,Ljava/lang/Number>")
"< Application, Lorg/hsqldb/Function, getArguments(Lorg/hsqldb/Session;)[Ljava/lang/Object; >"	26	22	18	java_type_ref("<Application,Lorg/hsqldb/types/Binary>")
"< Application, Lorg/hsqldb/util/DatabaseManagerSwing, connect(Ljava/sql/Connection;)V >"	54	66	65	java_type_ref("<Primordial,Ljavax/swing/JApplet>")
"< Application, Lorg/hsqldb/persist/LockFile, pollHeartbeat()V >"	31	26	20	java_type_ref("<Application,Lorg/hsqldb/persist/LockFile$UnexpectedFileIOException>")
"< Application, Lorg/hsqldb/Column, convertToDouble(Ljava/lang/Object;)Ljava/lang/Double; >"	0	3	1	java_type_ref("<Primordial,Ljava/math/BigDecimal>")
"< Application, Lorg/hsqldb/Column, convertObject(Ljava/lang/Object;I)Ljava/lang/Object; >"	350	57	1	java_type_ref("<Primordial,Ljava/sql/Time>")
"< Application, Lorg/hsqldb/DatabaseCommandInterpreter, processSet()V >"	164	214	207	java_type_ref("<Application,Lorg/hsqldb/HsqlException>")
"< Application, Lorg/hsqldb/jdbc/jdbcResultSet, getBytes(I)[B >"	8	9	5	java_type_ref("<Primordial,Ljava/lang/String>")
"< Application, Lorg/hsqldb/Column, createSQLString(Ljava/lang/Object;I)Ljava/lang/String; >"	11	23	1	java_type_ref("<Application,Lorg/hsqldb/types/Binary>")
"< Application, Lorg/hsqldb/util/DatabaseManager, actionPerformed(Ljava/awt/event/ActionEvent;)V >"	3	9	8	java_type_ref("<Primordial,Ljava/awt/MenuItem>")
"< Application, Lorg/hsqldb/Column, convertObject(Ljava/lang/Object;I)Ljava/lang/Object; >"	321	90	1	java_type_array(java_type_prim(java_prim_type_byte))
"< Application, Lorg/hsqldb/Column, convertObject(Ljava/lang/Object;I)Ljava/lang/Object; >"	337	71	1	java_type_ref("<Primordial,Ljava/lang/String>")
"< Application, Lorg/hsqldb/Column, convertObject(Ljava/lang/Object;I)Ljava/lang/Object; >"	347	56	1	java_type_ref("<Primordial,Ljava/sql/Timestamp>")
"< Application, Lorg/hsqldb/util/CommonSwing, setSwingLAF(Ljava/awt/Component;Ljava/lang/String;)V >"	17	23	1	java_type_ref("<Primordial,Ljava/awt/Frame>")
"< Application, Lorg/hsqldb/lib/HsqlTimer, getLastScheduled(Ljava/lang/Object;)Ljava/util/Date; >"	0	3	1	java_type_ref("<Application,Lorg/hsqldb/lib/HsqlTimer$Task>")
"< Application, Lorg/hsqldb/Column, compare(Lorg/hsqldb/Collation;Ljava/lang/Object;Ljava/lang/Object;I)I >"	82	8	2	java_type_ref("<Application,Lorg/hsqldb/types/Binary>")
"< Application, Lorg/hsqldb/Column, convertObject(Ljava/lang/Object;I)Ljava/lang/Object; >"	113	231	1	java_type_ref("<Primordial,Ljava/lang/String>")
"< Application, Lorg/hsqldb/util/ConnectionDialog, actionPerformed(Ljava/awt/event/ActionEvent;)V >"	4	12	11	java_type_ref("<Primordial,Ljava/awt/TextField>")
"< Application, Lorg/hsqldb/Column, convertObject(Ljava/lang/Object;I)Ljava/lang/Object; >"	168	196	1	java_type_ref("<Primordial,Ljava/lang/Integer>")
"< Application, Lorg/hsqldb/Column, convertObject(Ljava/lang/Object;I)Ljava/lang/Object; >"	187	200	1	java_type_ref("<Primordial,Ljava/lang/Boolean>")
"< Application, Lorg/hsqldb/util/DatabaseManagerSwing, windowClosing(Ljava/awt/event/WindowEvent;)V >"	34	30	29	java_type_ref("<Primordial,Ljava/awt/Window>")
