"< Application, Lorg/hsqldb/util/DatabaseManager, connect(Ljava/sql/Connection;)V >"	7	8
"< Application, Lorg/hsqldb/DatabaseInformation, newDatabaseInformation(Lorg/hsqldb/Database;)Lorg/hsqldb/DatabaseInformation; >"	5	11
"< Application, Lorg/hsqldb/persist/Log, writeDeleteStatement(Lorg/hsqldb/Session;Lorg/hsqldb/Table;[Ljava/lang/Object;)V >"	3	8
"< Application, Lorg/hsqldb/util/SqlFile, processSpecial(Ljava/lang/String;)V >"	645	114
"< Application, Ldacapo/parser/ConfigFileTokenManager, jjMoveNfa_0(II)I >"	255	205
"< Application, Lorg/hsqldb/persist/DataFileCache, deleteOrResetFreePos(Lorg/hsqldb/Database;Ljava/lang/String;)V >"	16	39
"< Application, Lorg/hsqldb/Table$RowStore, get(Lorg/hsqldb/rowio/RowInputInterface;)Lorg/hsqldb/persist/CachedObject; >"	11	15
"< Application, Lorg/hsqldb/jdbc/jdbcConnection, prepareCall(Ljava/lang/String;III)Ljava/sql/CallableStatement; >"	7	16
"< Application, Lorg/hsqldb/lib/ZipUnzipFile, decompressFile(Ljava/lang/String;Ljava/lang/String;Lorg/hsqldb/lib/FileAccess;)V >"	12	55
"< Application, Lorg/hsqldb/util/DatabaseManager, main([Ljava/lang/String;)V >"	102	110
"< Application, Lorg/hsqldb/ServerConfiguration, newDefaultProperties(I)Lorg/hsqldb/persist/HsqlProperties; >"	10	20
"< Application, Lorg/hsqldb/DatabaseInformationMain, SYSTEM_CHECK_CONSTRAINTS()Lorg/hsqldb/Table; >"	59	54
"< Application, Lorg/hsqldb/Server, handleConnection(Ljava/net/Socket;)V >"	31	41
"< Application, Lorg/hsqldb/persist/ScaledRAFile, seek(J)V >"	35	37
"< Application, Lorg/hsqldb/DITypeInfo, isStdMapClsSupported()Ljava/lang/Boolean; >"	21	13
"< Application, Lorg/hsqldb/ServerConfiguration, listLocalInetAddressNames()[Ljava/lang/String; >"	67	105
"< Application, Lorg/hsqldb/jdbc/jdbcPreparedStatement, setCharacterStream(ILjava/io/Reader;I)V >"	19	22
"< Application, Lorg/hsqldb/persist/LockFile, tryRelease()Z >"	24	26
"< Application, Ldacapo/TestHarness, main([Ljava/lang/String;)V >"	51	53
"< Application, Ldacapo/parser/ConfigFileTokenManager, jjMoveStringLiteralDfa10_0(JJ)I >"	9	12
"< Application, Lorg/hsqldb/util/SqlFile, processSpecial(Ljava/lang/String;)V >"	466	241
"< Application, Ldacapo/LatexDescriptions, main([Ljava/lang/String;)V >"	3	5
"< Application, Lorg/hsqldb/util/SqlFile, execute(Ljava/sql/Connection;Ljava/io/PrintStream;Ljava/io/PrintStream;Ljava/lang/Boolean;)V >"	427	424
"< Application, Lorg/hsqldb/util/RefCapablePropertyResourceBundle, getStringFromFile(Ljava/lang/String;)Ljava/lang/String; >"	85	90
"< Application, Lorg/hsqldb/scriptio/ScriptWriterBase, close()V >"	11	12
"< Application, Lorg/hsqldb/util/DatabaseManagerSwing, updateSchemaList()V >"	21	24
"< Application, Ldacapo/Matcher, <clinit>()V >"	6	6
"< Application, Lorg/hsqldb/persist/LockFile, <clinit>()V >"	20	30
"< Application, Lorg/hsqldb/util/SqlFile, importDsv(Ljava/lang/String;Ljava/lang/String;)V >"	664	691
"< Application, Lorg/hsqldb/persist/LockFile, tryLock()Z >"	20	17
"< Application, Lorg/hsqldb/jdbc/jdbcConnection, prepareStatement(Ljava/lang/String;)Ljava/sql/PreparedStatement; >"	4	8
"< Application, Lorg/hsqldb/util/SqlFile, processSpecial(Ljava/lang/String;)V >"	425	351
"< Application, Lorg/hsqldb/DITableInfo, setLocale(Ljava/util/Locale;)V >"	11	16
"< Application, Ldacapo/parser/ConfigFileTokenManager, jjMoveStringLiteralDfa8_0(JJ)I >"	9	12
"< Application, Lorg/hsqldb/util/SqlFile, processBuffHist(Ljava/lang/String;)V >"	221	262
"< Application, Lorg/hsqldb/persist/Log, writeStatement(Lorg/hsqldb/Session;Ljava/lang/String;)V >"	7	11
"< Application, Lorg/hsqldb/Server, releaseDatabase(I)V >"	37	39
"< Application, Lorg/hsqldb/resources/BundleHandler, setLocale(Ljava/util/Locale;)V >"	9	8
"< Application, Lorg/hsqldb/Server, run()V >"	54	68
"< Application, Lorg/hsqldb/DIProcedureInfo, typeForClass(Ljava/lang/Class;)I >"	73	97
"< Application, Lorg/hsqldb/util/SqlFile, processSQL()V >"	68	52
"< Application, Lorg/hsqldb/Collation, setCollationAsLocale()V >"	5	9
"< Application, Lorg/hsqldb/DIProcedureInfo, typeForClass(Ljava/lang/Class;)I >"	45	58
"< Application, Lorg/hsqldb/store/ValuePool, clearPool()V >"	12	11
"< Application, Lorg/hsqldb/util/RCData, <init>(Ljava/io/File;Ljava/lang/String;)V >"	145	78
"< Application, Lorg/hsqldb/Server, putPropertiesFromFile(Ljava/lang/String;)Z >"	21	31
"< Application, Lorg/hsqldb/Session, close()V >"	17	15
"< Application, Lorg/hsqldb/persist/ScaledRAFile, readIntoBuffer()V >"	38	37
"< Application, Lorg/hsqldb/HsqlDateTime, getNormalisedDate(Ljava/sql/Timestamp;)Ljava/sql/Date; >"	13	15
"< Application, Lorg/hsqldb/util/CommonSwing, setSwingLAF(Ljava/awt/Component;Ljava/lang/String;)V >"	22	26
"< Application, Lorg/hsqldb/util/SqlFile, execute(Ljava/sql/Connection;Ljava/io/PrintStream;Ljava/io/PrintStream;Ljava/lang/Boolean;)V >"	509	525
"< Application, Lorg/hsqldb/ServerConnection, run()V >"	42	33
"< Application, Lorg/hsqldb/resources/BundleHandler, getNewGetBundleMethod()Ljava/lang/reflect/Method; >"	10	14
"< Application, Lorg/hsqldb/util/SqlFile, processPL(Ljava/lang/String;)V >"	481	224
"< Application, Lorg/hsqldb/HsqlSocketFactory, getPlainImpl()Lorg/hsqldb/HsqlSocketFactory; >"	9	7
"< Application, Ldacapo/hsqldb/PseudoJDBCBench$ClientThread, <init>(Ldacapo/hsqldb/PseudoJDBCBench;ILjava/lang/String;Ljava/lang/String;Ljava/lang/String;)V >"	83	119
"< Application, Lorg/hsqldb/Session, execute(Lorg/hsqldb/Result;)Lorg/hsqldb/Result; >"	77	52
"< Application, Lorg/hsqldb/persist/LockFile, openRAF()V >"	9	7
"< Application, Ldacapo/Benchmark, validate(Ljava/lang/String;)Z >"	38	55
"< Application, Lorg/hsqldb/persist/LockFile, closeRAF()V >"	6	7
"< Application, Lorg/hsqldb/jdbcDriver, <clinit>()V >"	4	5
"< Application, Lorg/hsqldb/persist/Log, checkpoint(Z)V >"	17	31
"< Application, Lorg/hsqldb/util/SqlFile, processPL(Ljava/lang/String;)V >"	206	456
"< Application, Lorg/hsqldb/resources/BundleHandler, getBundleHandle(Ljava/lang/String;Ljava/lang/ClassLoader;)I >"	35	50
"< Application, LMMTkHarness, <init>()V >"	12	16
"< Application, Lorg/hsqldb/Server, openDatabases()Z >"	34	41
"< Application, Lorg/hsqldb/Function, getValue(Lorg/hsqldb/Session;[Ljava/lang/Object;)Ljava/lang/Object; >"	15	18
"< Application, Lorg/hsqldb/util/ConnectionDialog, create()V >"	67	91
"< Application, Lorg/hsqldb/Select, buildResult(Lorg/hsqldb/Session;I)Lorg/hsqldb/Result; >"	136	106
"< Application, Lorg/hsqldb/Server, run()V >"	39	50
"< Application, Lorg/hsqldb/jdbc/jdbcPreparedStatement, setBinaryStream(ILjava/io/InputStream;I)V >"	24	35
"< Application, Lorg/hsqldb/util/RefCapablePropertyResourceBundle, getStringFromFile(Ljava/lang/String;)Ljava/lang/String; >"	58	67
"< Application, Lorg/hsqldb/Table, checkCascadeDelete(Lorg/hsqldb/Session;Lorg/hsqldb/Table;Lorg/hsqldb/lib/HashMappedList;Lorg/hsqldb/Row;ZLorg/hsqldb/lib/HashSet;)V >"	131	136
"< Application, Lorg/hsqldb/util/SqlFile, processPL(Ljava/lang/String;)V >"	420	254
"< Application, Lorg/hsqldb/HsqlDateTime, getNormalisedTimestamp(Ljava/sql/Date;)Ljava/sql/Timestamp; >"	13	15
"< Application, Lorg/hsqldb/CompiledStatementExecutor, execute(Lorg/hsqldb/CompiledStatement;[Ljava/lang/Object;)Lorg/hsqldb/Result; >"	15	21
"< Application, Ldacapo/Benchmark, validate(Ljava/lang/String;)Z >"	153	218
"< Application, Lorg/hsqldb/util/SqlFile, processBuffHist(Ljava/lang/String;)V >"	213	254
"< Application, Lorg/hsqldb/util/SqlFile, processPL(Ljava/lang/String;)V >"	326	365
"< Application, Lorg/hsqldb/jdbc/jdbcPreparedStatement, setBinaryStream(ILjava/io/InputStream;I)V >"	31	30
"< Application, Lorg/hsqldb/Session, commit()V >"	12	12
"< Application, Lorg/hsqldb/Session, execute(Lorg/hsqldb/Result;)Lorg/hsqldb/Result; >"	85	46
"< Application, Lorg/hsqldb/lib/HsqlTimer$TaskRunner, run()V >"	10	9
"< Application, Lorg/hsqldb/Tokenizer, getString(C)Ljava/lang/String; >"	42	47
"< Application, Lorg/hsqldb/scriptio/ScriptReaderText, close()V >"	3	5
"< Application, Lorg/hsqldb/persist/ScaledRAFile, readInt()I >"	51	51
"< Application, Lorg/hsqldb/util/SqlFile, listTables(CLjava/lang/String;)V >"	158	70
"< Application, Lorg/hsqldb/util/SqlFile, processSpecial(Ljava/lang/String;)V >"	281	574
"< Application, Ldacapo/parser/ConfigFileTokenManager, jjMoveStringLiteralDfa5_0(JJ)I >"	9	12
"< Application, Lorg/hsqldb/WebServer, main([Ljava/lang/String;)V >"	10	17
"< Application, Lorg/hsqldb/Expression, getValue(Lorg/hsqldb/Session;)Ljava/lang/Object; >"	9	96
"< Application, Lorg/hsqldb/HSQLClientConnection, execute(Lorg/hsqldb/Result;)Lorg/hsqldb/Result; >"	7	9
"< Application, Ldacapo/TeeOutputStream, finalize()V >"	4	6
"< Application, Lorg/hsqldb/DatabaseInformationFull, SYSTEM_PROPERTIES()Lorg/hsqldb/Table; >"	50	45
"< Application, Lorg/hsqldb/resources/BundleHandler, getString(ILjava/lang/String;)Ljava/lang/String; >"	21	18
"< Application, Lorg/hsqldb/util/DatabaseManagerSwing, directRefreshTree()V >"	82	250
"< Application, Lorg/hsqldb/util/SqlFile, processPL(Ljava/lang/String;)V >"	458	219
"< Application, Lorg/hsqldb/store/ValuePool, getDate(J)Ljava/sql/Date; >"	6	7
"< Application, Ldacapo/parser/ConfigFileTokenManager, getNextToken()Ldacapo/parser/Token; >"	146	113
"< Application, Lorg/hsqldb/persist/LockFile, readHeartbeat()J >"	26	23
"< Application, Lorg/hsqldb/util/DatabaseManager, <clinit>()V >"	21	34
"< Application, Ldacapo/hsqldb/PseudoJDBCBench, createDatabase(Ljava/lang/String;Ljava/lang/String;Ljava/lang/String;)V >"	54	77
"< Application, Lorg/hsqldb/Server, shutdown(Z)V >"	45	54
"< Application, Lorg/hsqldb/util/DatabaseManagerCommon, writeFile(Ljava/lang/String;Ljava/lang/String;)V >"	6	10
"< Application, Lorg/hsqldb/rowio/RowOutputText, getBytes(Ljava/lang/String;)[B >"	3	8
"< Application, Lorg/hsqldb/util/DatabaseManagerSwing, testPerformance()V >"	60	82
"< Application, Lorg/hsqldb/Server, run()V >"	8	13
"< Application, Lorg/hsqldb/DatabaseCommandInterpreter, processSet()V >"	152	207
"< Application, Lorg/hsqldb/util/DatabaseManagerSwing, <clinit>()V >"	69	96
"< Application, Lorg/hsqldb/persist/DataFileCache, saveRows([Lorg/hsqldb/persist/CachedObject;II)V >"	12	15
"< Application, Lorg/hsqldb/jdbc/jdbcPreparedStatement, setParameter(ILjava/lang/Object;)V >"	64	64
"< Application, Ldacapo/parser/ConfigFileTokenManager, jjMoveStringLiteralDfa1_2(J)I >"	4	7
"< Application, Lorg/hsqldb/Library, to_char(Ljava/util/Date;Ljava/lang/String;)Ljava/lang/String; >"	12	13
"< Application, Lorg/hsqldb/util/DatabaseManagerSwing, directRefreshTree()V >"	272	354
"< Application, Lorg/hsqldb/persist/LockFile, readHeartbeat()J >"	39	33
"< Application, Lorg/hsqldb/ServerConnection, close()V >"	18	17
"< Application, Lorg/hsqldb/lib/ZipUnzipFile, compressFile(Ljava/lang/String;Ljava/lang/String;Lorg/hsqldb/lib/FileAccess;)V >"	43	36
"< Application, Lorg/hsqldb/Table, indexRow(Lorg/hsqldb/Session;Lorg/hsqldb/Row;)V >"	10	14
"< Application, Lorg/hsqldb/Types, MAX_CHAR_OR_VARCHAR_DISPLAY_SIZE()I >"	3	8
"< Application, Lorg/hsqldb/Table, createIndex(Lorg/hsqldb/Session;[ILorg/hsqldb/HsqlNameManager$HsqlName;ZZZ)Lorg/hsqldb/Index; >"	23	33
"< Application, Lorg/hsqldb/util/SqlTool, objectMain([Ljava/lang/String;)V >"	311	314
"< Application, Lorg/hsqldb/util/RefCapablePropertyResourceBundle, getStringFromFile(Ljava/lang/String;)Ljava/lang/String; >"	20	34
"< Application, Lorg/hsqldb/util/DatabaseManager, formatResultSet(Ljava/sql/ResultSet;)V >"	41	38
"< Application, Lorg/hsqldb/Expression, testInCondition(Lorg/hsqldb/Session;Ljava/lang/Object;)Ljava/lang/Boolean; >"	7	47
"< Application, Lorg/hsqldb/persist/ScriptRunner, runScript(Lorg/hsqldb/Database;Ljava/lang/String;I)V >"	104	135
"< Application, Lorg/hsqldb/lib/HsqlTaskQueue$TaskRunner, run()V >"	37	26
"< Application, Lorg/hsqldb/jdbc/jdbcResultSet, getObject(I)Ljava/lang/Object; >"	10	14
"< Application, Lorg/hsqldb/persist/TextCache, close(Z)V >"	24	26
"< Application, Lorg/hsqldb/rowio/RowOutputText, getSize(Lorg/hsqldb/CachedRow;)I >"	7	13
"< Application, Ldacapo/parser/ConfigFileTokenManager, jjMoveStringLiteralDfa3_0(JJ)I >"	9	12
"< Application, Lorg/hsqldb/Result, <init>(Lorg/hsqldb/rowio/RowInputBinary;)V >"	106	98
"< Application, Lorg/hsqldb/util/DatabaseManagerSwing, directRefreshTree()V >"	195	228
"< Application, Lorg/hsqldb/Column, convertObject(Ljava/lang/Object;I)Ljava/lang/Object; >"	438	393
"< Application, Lorg/hsqldb/persist/HsqlDatabaseProperties, load()Z >"	7	11
"< Application, Lorg/hsqldb/util/RCData, <init>(Ljava/io/File;Ljava/lang/String;)V >"	54	107
"< Application, Lorg/hsqldb/jdbc/jdbcPreparedStatement, setBinaryStream(ILjava/io/InputStream;I)V >"	35	33
"< Application, Lorg/hsqldb/HSQLClientConnection, close()V >"	12	15
"< Application, Lorg/hsqldb/store/ValuePool, getString(Ljava/lang/String;)Ljava/lang/String; >"	11	11
"< Application, Lorg/hsqldb/util/SqlFile, processBuffHist(Ljava/lang/String;)V >"	332	206
"< Application, Ldacapo/parser/ConfigFileTokenManager, jjMoveStringLiteralDfa9_0(JJ)I >"	9	12
"< Application, Lorg/hsqldb/util/SqlFile, processPL(Ljava/lang/String;)V >"	438	203
"< Application, Lorg/hsqldb/util/MainInvoker, main([Ljava/lang/String;)V >"	44	51
"< Application, Lorg/hsqldb/persist/ScaledRAFile, newScaledRAFile(Lorg/hsqldb/Database;Ljava/lang/String;ZILjava/lang/String;Ljava/lang/String;)Lorg/hsqldb/lib/Storage; >"	72	41
"< Application, Lorg/hsqldb/util/SqlFile, processSpecial(Ljava/lang/String;)V >"	554	172
"< Application, Lorg/hsqldb/util/SqlFile, processSQL()V >"	66	56
"< Application, Lorg/hsqldb/HsqlDateTime, getTimestampString(Ljava/sql/Timestamp;)Ljava/lang/String; >"	19	29
"< Application, Lorg/hsqldb/util/ShutdownServer, main([Ljava/lang/String;)V >"	37	53
"< Application, Lorg/hsqldb/util/SqlFile, loadBinary(Ljava/io/File;)[B >"	11	16
"< Application, Lorg/hsqldb/util/SqlTool, objectMain([Ljava/lang/String;)V >"	461	444
"< Application, Lorg/hsqldb/Table$RowStore, get(Lorg/hsqldb/rowio/RowInputInterface;)Lorg/hsqldb/persist/CachedObject; >"	13	13
"< Application, Lorg/hsqldb/scriptio/ScriptReaderZipped, close()V >"	3	5
"< Application, Lorg/hsqldb/util/ConnectionDialogCommon, loadRecentConnectionSettings()Ljava/util/Hashtable; >"	65	52
"< Application, Lorg/hsqldb/persist/DataFileCache, saveRows([Lorg/hsqldb/persist/CachedObject;II)V >"	18	20
"< Application, Lorg/hsqldb/HsqlDateTime, getNormalisedTime(J)J >"	10	11
"< Application, Lorg/hsqldb/jdbc/jdbcPreparedStatement, setBlob(ILjava/sql/Blob;)V >"	48	36
"< Application, Lorg/hsqldb/persist/LockFile, readHeartbeat()J >"	30	20
"< Application, Lorg/hsqldb/persist/DataFileCache, get(ILorg/hsqldb/persist/PersistentStore;Z)Lorg/hsqldb/persist/CachedObject; >"	21	26
"< Application, Lorg/hsqldb/persist/Log, writeInsertStatement(Lorg/hsqldb/Session;Lorg/hsqldb/Table;[Ljava/lang/Object;)V >"	3	8
"< Application, Lorg/hsqldb/util/DatabaseManagerSwing, updateSchemaList()V >"	29	27
"< Application, Lorg/hsqldb/DIProcedureInfo, typeForClass(Ljava/lang/Class;)I >"	33	40
"< Application, Lorg/hsqldb/persist/Log, close(Z)V >"	22	28
"< Application, Lorg/hsqldb/Grantee, updateNestedRoles(Ljava/lang/String;)Z >"	15	22
"< Application, Lorg/hsqldb/ServerConnection, resetSession()Lorg/hsqldb/Result; >"	30	29
"< Application, Lorg/hsqldb/lib/ZipUnzipFile, decompressFile(Ljava/lang/String;Ljava/lang/String;Lorg/hsqldb/lib/FileAccess;)V >"	46	29
"< Application, Lorg/hsqldb/util/DatabaseManager, insertTestData()V >"	19	10
"< Application, Ldacapo/hsqldb/PseudoJDBCBench, createDatabase(Ljava/lang/String;Ljava/lang/String;Ljava/lang/String;)V >"	77	114
"< Application, Lorg/hsqldb/HSQLClientConnection, openConnection(Ljava/lang/String;IZ)V >"	16	22
"< Application, Lorg/hsqldb/util/SqlFile, importDsv(Ljava/lang/String;Ljava/lang/String;)V >"	75	87
"< Application, Lorg/hsqldb/util/DatabaseManagerSwing, directRefreshTree()V >"	67	75
"< Application, Lorg/hsqldb/Session, rollback()V >"	19	19
"< Application, Ldacapo/parser/SimpleCharStream, ExpandBuff(Z)V >"	84	77
"< Application, Ldacapo/hsqldb/PseudoJDBCBench$ClientThread, doOne(IIII)I >"	175	266
"< Application, Lorg/hsqldb/DIProcedureInfo, setNameSpace(Lorg/hsqldb/DINameSpace;)V >"	7	14
"< Application, Lorg/hsqldb/util/DatabaseManagerSwing, updateSchemaList()V >"	18	20
"< Application, Lorg/hsqldb/util/SqlToolSprayer, main([Ljava/lang/String;)V >"	34	48
"< Application, Lorg/hsqldb/persist/DataFileDefrag, process()V >"	116	133
"< Application, Lorg/hsqldb/jdbc/jdbcConnection, clearWarningsNoCheck()V >"	5	5
"< Application, Lorg/hsqldb/lib/FileUtil, canonicalOrAbsolutePath(Ljava/lang/String;)Ljava/lang/String; >"	2	6
"< Application, Lorg/hsqldb/util/DatabaseManagerSwing, directRefreshTree()V >"	293	402
"< Application, Lorg/hsqldb/DIProcedureInfo, setNameSpace(Lorg/hsqldb/DINameSpace;)V >"	123	210
"< Application, Lorg/hsqldb/lib/ZipUnzipFile, decompressFile(Ljava/lang/String;Ljava/lang/String;Lorg/hsqldb/lib/FileAccess;)V >"	57	36
"< Application, Lorg/hsqldb/util/DatabaseManagerCommon, createTestTables(Ljava/sql/Statement;)V >"	15	25
"< Application, Lorg/hsqldb/WebServer, main([Ljava/lang/String;)V >"	26	30
"< Application, Lorg/hsqldb/persist/Log, checkpoint(Z)V >"	59	64
"< Application, Lorg/hsqldb/persist/LockFile, setPath(Ljava/lang/String;)V >"	21	22
"< Application, Lorg/hsqldb/util/SqlFile, importDsv(Ljava/lang/String;Ljava/lang/String;)V >"	733	722
"< Application, Ldacapo/TestHarness, invokeConfiguration(Ljava/lang/reflect/Method;Ljava/lang/String;)V >"	126	134
"< Application, Lorg/hsqldb/persist/LockFile, <clinit>()V >"	32	44
"< Application, Lorg/hsqldb/DatabaseCommandInterpreter, execute(Ljava/lang/String;)Lorg/hsqldb/Result; >"	63	80
"< Application, Lorg/hsqldb/util/DatabaseManager, refreshTree()V >"	134	385
"< Application, Lorg/hsqldb/util/SqlFile, listTables(CLjava/lang/String;)V >"	296	368
"< Application, Lorg/hsqldb/DatabaseURL, parseURL(Ljava/lang/String;Z)Lorg/hsqldb/persist/HsqlProperties; >"	72	113
"< Application, Lorg/hsqldb/Select, describe(Lorg/hsqldb/Session;)Ljava/lang/String; >"	2	7
"< Application, Lorg/hsqldb/util/SqlFile, processSQL()V >"	71	54
"< Application, Lorg/hsqldb/WebServerConnection, processQuery(Ljava/io/InputStream;)V >"	22	42
"< Application, Lorg/hsqldb/lib/MD5, digestString(Ljava/lang/String;Ljava/lang/String;)[B >"	4	9
"< Application, Lorg/hsqldb/util/SqlFile, dump(Ljava/io/File;)V >"	18	14
"< Application, Lorg/hsqldb/util/DatabaseManagerSwing, directRefreshTree()V >"	289	397
"< Application, Lorg/hsqldb/Server, run()V >"	59	72
"< Application, Ldacapo/Benchmark, validate(Ljava/lang/String;)Z >"	40	57
"< Application, Lorg/hsqldb/persist/LockFile, writeMagic()V >"	10	13
"< Application, Lorg/hsqldb/util/SqlFile, processPL(Ljava/lang/String;)V >"	389	245
"< Application, Lorg/hsqldb/util/SqlTool, objectMain([Ljava/lang/String;)V >"	403	400
"< Application, Lorg/hsqldb/store/ValuePool, resetPool([II)V >"	14	16
"< Application, Lorg/hsqldb/DatabaseManager, getDatabase(Ljava/lang/String;Ljava/lang/String;Lorg/hsqldb/persist/HsqlProperties;)Lorg/hsqldb/Database; >"	14	18
"< Application, Lorg/hsqldb/lib/HsqlTaskQueue, execute(Ljava/lang/Runnable;)V >"	8	10
"< Application, Lorg/hsqldb/Server, run()V >"	41	52
"< Application, Lorg/hsqldb/persist/LockFile, tryLock()Z >"	26	22
"< Application, LMMTkHarness, harnessBegin()V >"	3	7
"< Application, Lorg/hsqldb/persist/TextCache, readHeaderLine()I >"	19	27
"< Application, Lorg/hsqldb/util/SqlFile, listTables(CLjava/lang/String;)V >"	188	58
"< Application, Lorg/hsqldb/Server, shutdown(Z)V >"	70	85
"< Application, Lorg/hsqldb/scriptio/ScriptWriterBase, writeAll()V >"	4	6
"< Application, Ldacapo/hsqldb/PseudoJDBCBench, createDatabase(Ljava/lang/String;Ljava/lang/String;Ljava/lang/String;)V >"	70	107
"< Application, Lorg/hsqldb/WebServerConnection, processError(I)V >"	44	74
"< Application, Lorg/hsqldb/jdbc/jdbcConnection, releaseSavepoint(Ljava/sql/Savepoint;)V >"	27	16
"< Application, Ldacapo/Benchmark, validate(Ljava/lang/String;)Z >"	105	150
"< Application, Lorg/hsqldb/HsqlDateTime, getDateString(Ljava/util/Date;Ljava/util/Calendar;)Ljava/lang/String; >"	12	13
"< Application, Lorg/hsqldb/util/ConnectionDialogSwing, loadRecentConnectionSettings()Ljava/util/Vector; >"	20	9
"< Application, Lorg/hsqldb/lib/FileUtil, openInputStreamElement(Ljava/lang/String;)Ljava/io/InputStream; >"	5	8
"< Application, Lorg/hsqldb/persist/DataFileCache, deleteOrResetFreePos(Lorg/hsqldb/Database;Ljava/lang/String;)V >"	35	26
"< Application, Lorg/hsqldb/util/DatabaseManagerSwing, main([Ljava/lang/String;)V >"	108	117
"< Application, Lorg/hsqldb/HsqlDateTime, getNormalisedDate(J)J >"	10	11
"< Application, Lorg/hsqldb/util/DatabaseManagerSwing, <clinit>()V >"	14	78
"< Application, Lorg/hsqldb/util/DatabaseManagerSwing, connect(Ljava/sql/Connection;)V >"	81	103
"< Application, Ldacapo/hsqldb/PseudoJDBCBench, run()V >"	125	151
"< Application, Lorg/hsqldb/Column, convertObject(Ljava/lang/Object;I)Ljava/lang/Object; >"	436	399
"< Application, Lorg/hsqldb/persist/DataFileCache, close(Z)V >"	98	127
"< Application, Lorg/hsqldb/persist/ScaledRAFile, write([BII)V >"	31	27
"< Application, Lorg/hsqldb/util/DatabaseManagerSwing, updateSchemaList()V >"	26	32
"< Application, Lorg/hsqldb/lib/HsqlTaskQueue, shutdownAfterCurrent()V >"	10	11
"< Application, Ldacapo/TeeOutputStream, closeLog()V >"	5	6
"< Application, Lorg/hsqldb/DIProcedureInfo, typeForClass(Ljava/lang/Class;)I >"	17	21
"< Application, Lorg/hsqldb/DatabaseCommandInterpreter, processSet()V >"	200	169
"< Application, Lorg/hsqldb/persist/TextCache, readHeaderLine()I >"	38	39
"< Application, Lorg/hsqldb/WebServerConnection, processQuery(Ljava/io/InputStream;)V >"	18	34
"< Application, Lorg/hsqldb/persist/LockFile, readHeartbeat()J >"	21	28
"< Application, Lorg/hsqldb/Server, handleConnection(Ljava/net/Socket;)V >"	11	51
"< Application, Lorg/hsqldb/DatabaseManager, closeDatabases(I)V >"	9	15
"< Application, Lorg/hsqldb/jdbc/jdbcPreparedStatement, setBlob(ILjava/sql/Blob;)V >"	43	27
"< Application, Lorg/hsqldb/DatabaseScript, getTableDDL(Lorg/hsqldb/Database;Lorg/hsqldb/Table;ILorg/hsqldb/lib/HsqlArrayList;ZLjava/lang/StringBuffer;)V >"	174	280
"< Application, Lorg/hsqldb/util/ScriptTool, execute([Ljava/lang/String;)V >"	144	229
"< Application, Ldacapo/hsqldb/PseudoJDBCBench, connectClose(Ljava/sql/Connection;)V >"	4	5
"< Application, Lorg/hsqldb/jdbc/jdbcPreparedStatement, setTime(ILjava/sql/Time;Ljava/util/Calendar;)V >"	2	8
"< Application, Lorg/hsqldb/persist/Log, writeSequenceStatement(Lorg/hsqldb/Session;Lorg/hsqldb/NumberSequence;)V >"	3	7
"< Application, Lorg/hsqldb/util/SqlToolSprayer, main([Ljava/lang/String;)V >"	131	151
"< Application, Lorg/hsqldb/util/DatabaseManagerSwing$7, run()V >"	2	5
"< Application, Lorg/hsqldb/DIProcedureInfo, setNameSpace(Lorg/hsqldb/DINameSpace;)V >"	73	127
"< Application, Ldacapo/parser/ConfigFile, main([Ljava/lang/String;)V >"	12	8
"< Application, Lorg/hsqldb/HsqlDateTime, getDateTimePart(Ljava/util/Date;I)I >"	8	10
"< Application, Lorg/hsqldb/persist/DataFileCache, open(Z)V >"	98	117
"< Application, Lorg/hsqldb/TextTable, connect(Lorg/hsqldb/Session;Z)V >"	33	71
"< Application, Ldacapo/parser/ConfigFileTokenManager, jjMoveStringLiteralDfa6_0(JJ)I >"	9	12
"< Application, Lorg/hsqldb/jdbc/jdbcConnection, getWarnings()Ljava/sql/SQLWarning; >"	19	20
"< Application, Lorg/hsqldb/Session, close()V >"	37	26
"< Application, Lorg/hsqldb/Table$RowStore, get(I)Lorg/hsqldb/persist/CachedObject; >"	4	9
"< Application, Lorg/hsqldb/util/SqlFile, execute(Ljava/sql/Connection;Ljava/io/PrintStream;Ljava/io/PrintStream;Ljava/lang/Boolean;)V >"	488	483
"< Application, Lorg/hsqldb/util/SqlFile, execute(Ljava/sql/Connection;Ljava/io/PrintStream;Ljava/io/PrintStream;Ljava/lang/Boolean;)V >"	335	372
"< Application, Lorg/hsqldb/persist/DataFileCache, deleteOrResetFreePos(Lorg/hsqldb/Database;Ljava/lang/String;)V >"	22	21
"< Application, Lorg/hsqldb/persist/Logger, closeLog(I)Z >"	17	14
"< Application, Lorg/hsqldb/util/SqlFile, processPL(Ljava/lang/String;)V >"	280	332
"< Application, Lorg/hsqldb/util/SqlFile, importDsv(Ljava/lang/String;Ljava/lang/String;)V >"	727	712
"< Application, Lorg/hsqldb/util/SqlTool, objectMain([Ljava/lang/String;)V >"	474	476
"< Application, Lorg/hsqldb/jdbc/jdbcConnection, getTransactionIsolation()I >"	4	7
"< Application, Lorg/hsqldb/scriptio/ScriptReaderBinary, readRow(Lorg/hsqldb/rowio/RowInputBase;I)Z >"	10	16
"< Application, LMMTkHarness, <init>()V >"	8	8
"< Application, Lorg/hsqldb/ServerConnection, init()V >"	68	77
"< Application, Lorg/hsqldb/Server, releaseServerSocket()V >"	15	25
"< Application, Lorg/hsqldb/rowio/RowInputText, getField(Ljava/lang/String;IZ)Ljava/lang/String; >"	42	45
"< Application, Lorg/hsqldb/persist/LockFile, newLockFileLock(Ljava/lang/String;)Lorg/hsqldb/persist/LockFile; >"	13	24
"< Application, Lorg/hsqldb/lib/ZipUnzipFile, compressFile(Ljava/lang/String;Ljava/lang/String;Lorg/hsqldb/lib/FileAccess;)V >"	29	24
"< Application, Lorg/hsqldb/util/SqlFile, execute(Ljava/sql/Connection;Ljava/io/PrintStream;Ljava/io/PrintStream;Ljava/lang/Boolean;)V >"	286	323
"< Application, Lorg/hsqldb/util/DatabaseManager, execute()V >"	42	43
"< Application, Lorg/hsqldb/Database, reopen()V >"	68	68
"< Application, Lorg/hsqldb/jdbc/jdbcConnection, finalize()V >"	2	4
"< Application, Lorg/hsqldb/Session, rollbackToSavepoint(Ljava/lang/String;)V >"	12	18
"< Application, Lorg/hsqldb/jdbc/jdbcConnection, prepareStatement(Ljava/lang/String;III)Ljava/sql/PreparedStatement; >"	7	16
"< Application, Lorg/hsqldb/Session, savepoint(Ljava/lang/String;)V >"	16	27
"< Application, Lorg/hsqldb/jdbc/jdbcPreparedStatement, setBinaryStream(ILjava/io/InputStream;I)V >"	26	21
"< Application, Lorg/hsqldb/persist/HsqlProperties, getIntegerProperty(Ljava/lang/String;III)I >"	3	12
"< Application, Lorg/hsqldb/DatabaseCommandInterpreter, processSelectInto(Lorg/hsqldb/Result;Lorg/hsqldb/HsqlNameManager$HsqlName;I)Lorg/hsqldb/Result; >"	42	54
"< Application, Lorg/hsqldb/DatabaseCommandInterpreter, processCreateDefaultExpression(III)Lorg/hsqldb/Expression; >"	31	39
"< Application, Lorg/hsqldb/TriggerDef, <init>(Lorg/hsqldb/HsqlNameManager$HsqlName;Ljava/lang/String;Ljava/lang/String;ZLorg/hsqldb/Table;Ljava/lang/String;ZILjava/lang/ClassLoader;)V >"	35	33
"< Application, Lorg/hsqldb/util/SqlFile, importDsv(Ljava/lang/String;Ljava/lang/String;)V >"	149	151
"< Application, Lorg/hsqldb/DatabaseCommandInterpreter, execute(Ljava/lang/String;)Lorg/hsqldb/Result; >"	38	44
"< Application, Lorg/hsqldb/util/SqlFile, streamToString(Ljava/io/InputStream;Ljava/lang/String;)Ljava/lang/String; >"	48	48
"< Application, Lorg/hsqldb/HsqlSocketFactorySecure, getServerSocketFactoryImpl()Ljavax/net/ssl/SSLServerSocketFactory; >"	9	9
"< Application, Lorg/hsqldb/persist/DataFileCache, saveRows([Lorg/hsqldb/persist/CachedObject;II)V >"	27	29
"< Application, Lorg/hsqldb/util/SqlFile, processSpecial(Ljava/lang/String;)V >"	288	567
"< Application, Lorg/hsqldb/util/RefCapablePropertyResourceBundle, getStringFromFile(Ljava/lang/String;)Ljava/lang/String; >"	82	86
"< Application, Lorg/hsqldb/util/SqlFile, processBuffHist(Ljava/lang/String;)V >"	325	213
"< Application, Lorg/hsqldb/DIProcedureInfo, typeForClass(Ljava/lang/Class;)I >"	27	31
"< Application, Lorg/hsqldb/jdbc/jdbcConnection, setAutoCommit(Z)V >"	4	7
"< Application, Lorg/hsqldb/Session, execute(Lorg/hsqldb/Result;)Lorg/hsqldb/Result; >"	43	73
"< Application, Lorg/hsqldb/scriptio/ScriptReaderText, processStatement(Lorg/hsqldb/Session;)V >"	62	67
"< Application, Lorg/hsqldb/HsqlSocketFactorySecure, getSocketFactoryImpl()Ljavax/net/ssl/SSLSocketFactory; >"	9	9
"< Application, Lorg/hsqldb/persist/Log, writeCommitStatement(Lorg/hsqldb/Session;)V >"	3	6
"< Application, Lorg/hsqldb/persist/TextCache, writeHeader(Ljava/lang/String;)V >"	9	17
"< Application, Lorg/hsqldb/persist/TextCache$ByteArray, toString()Ljava/lang/String; >"	7	10
"< Application, Lorg/hsqldb/lib/ZipUnzipFile, compressFile(Ljava/lang/String;Ljava/lang/String;Lorg/hsqldb/lib/FileAccess;)V >"	25	45
"< Application, Ldacapo/parser/ConfigFileTokenManager, getNextToken()Ldacapo/parser/Token; >"	157	125
"< Application, Lorg/hsqldb/Library, monthname(Ljava/sql/Date;)Ljava/lang/String; >"	13	15
"< Application, Lorg/hsqldb/persist/ScaledRAFile, readLong()J >"	37	34
"< Application, Lorg/hsqldb/util/DatabaseManager, refreshTree()V >"	35	391
"< Application, Lorg/hsqldb/WebServerConnection, processGet(Ljava/lang/String;Z)V >"	44	59
"< Application, Lorg/hsqldb/persist/ScaledRAFile, read([BII)V >"	60	57
"< Application, Lorg/hsqldb/util/DatabaseManager, connect(Ljava/sql/Connection;)V >"	17	16
"< Application, Ldacapo/hsqldb/PseudoJDBCBench, createDatabase(Ljava/lang/String;Ljava/lang/String;Ljava/lang/String;)V >"	261	402
"< Application, Ldacapo/hsqldb/PseudoJDBCBench, createDatabase(Ljava/lang/String;Ljava/lang/String;Ljava/lang/String;)V >"	62	93
"< Application, Lorg/hsqldb/util/SqlFile, processPL(Ljava/lang/String;)V >"	416	275
"< Application, Lorg/hsqldb/persist/ScaledRAFile, resetPointer()V >"	7	8
"< Application, Lorg/hsqldb/CompiledStatementManager, getStatement(Lorg/hsqldb/Session;I)Lorg/hsqldb/CompiledStatement; >"	17	23
"< Application, Lorg/hsqldb/persist/ScaledRAFile, readLong()J >"	51	51
"< Application, Ldacapo/Benchmark, validate(Ljava/lang/String;)Z >"	162	230
"< Application, Lorg/hsqldb/util/DatabaseManagerSwing, windowClosing(Ljava/awt/event/WindowEvent;)V >"	31	26
"< Application, Lorg/hsqldb/Table, createIndex(Lorg/hsqldb/Session;[ILorg/hsqldb/HsqlNameManager$HsqlName;ZZZ)Lorg/hsqldb/Index; >"	20	34
"< Application, Lorg/hsqldb/Column, getDefaultDDL()Ljava/lang/String; >"	7	8
"< Application, Lorg/hsqldb/lib/java/JavaSystem, setLogToSystem(Z)V >"	8	10
"< Application, Lorg/hsqldb/util/SqlFile, processSpecial(Ljava/lang/String;)V >"	552	179
"< Application, Lorg/hsqldb/util/DatabaseManagerSwing, connect(Ljava/sql/Connection;)V >"	78	60
"< Application, Ldacapo/TestHarness, main([Ljava/lang/String;)V >"	201	222
"< Application, Lorg/hsqldb/util/SqlFile, processPL(Ljava/lang/String;)V >"	418	274
"< Application, Lorg/hsqldb/Trace, getStackTrace()Ljava/lang/String; >"	3	4
"< Application, Lorg/hsqldb/types/JavaObject, getObject()Ljava/io/Serializable; >"	3	6
"< Application, Lorg/hsqldb/jdbc/jdbcPreparedStatement, <init>(Lorg/hsqldb/jdbc/jdbcConnection;Ljava/lang/String;I)V >"	56	62
"< Application, Lorg/hsqldb/Library, dayname(Ljava/sql/Date;)Ljava/lang/String; >"	13	15
"< Application, Lorg/hsqldb/WebServerConnection, processQuery(Ljava/io/InputStream;)V >"	58	81
"< Application, Lorg/hsqldb/persist/HsqlProperties, load()Z >"	32	32
"< Application, Lorg/hsqldb/persist/DataFileCache, backupFile()V >"	15	23
"< Application, Lorg/hsqldb/Session, setAutoCommit(Z)V >"	17	16
"< Application, Lorg/hsqldb/Grantee, addGranteeAndRoles(Lorg/hsqldb/lib/HashSet;)Lorg/hsqldb/lib/HashSet; >"	14	23
"< Application, Lorg/hsqldb/persist/LockFile, openRAF()V >"	5	11
"< Application, Lorg/hsqldb/DINameSpace, iterateRoutineMethods(Ljava/lang/String;Z)Lorg/hsqldb/lib/Iterator; >"	2	7
"< Application, Ldacapo/FileDigest, main([Ljava/lang/String;)V >"	55	77
"< Application, Lorg/hsqldb/persist/ScaledRAFile, read()I >"	38	24
"< Application, Lorg/hsqldb/util/ConnectionDialogCommon, loadRecentConnectionSettings()Ljava/util/Hashtable; >"	37	48
"< Application, Lorg/hsqldb/persist/DataFileDefrag, process()V >"	106	138
"< Application, Lorg/hsqldb/jdbc/jdbcConnection, addWarning(Ljava/sql/SQLWarning;)V >"	10	9
"< Application, Lorg/hsqldb/TriggerDef, <init>(Lorg/hsqldb/HsqlNameManager$HsqlName;Ljava/lang/String;Ljava/lang/String;ZLorg/hsqldb/Table;Ljava/lang/String;ZILjava/lang/ClassLoader;)V >"	27	25
"< Application, Lorg/hsqldb/util/SqlFile, execute(Ljava/sql/Connection;Ljava/io/PrintStream;Ljava/io/PrintStream;Ljava/lang/Boolean;)V >"	524	543
"< Application, Lorg/hsqldb/jdbc/jdbcConnection, prepareStatement(Ljava/lang/String;II)Ljava/sql/PreparedStatement; >"	6	13
"< Application, Lorg/hsqldb/persist/ScaledRAFile, newScaledRAFile(Lorg/hsqldb/Database;Ljava/lang/String;ZILjava/lang/String;Ljava/lang/String;)Lorg/hsqldb/lib/Storage; >"	5	56
"< Application, Lorg/hsqldb/Table$RowStore, getStorageSize(I)I >"	5	9
"< Application, Lorg/hsqldb/Session, performPostExecute(Lorg/hsqldb/Result;)Lorg/hsqldb/Result; >"	59	29
"< Application, Lorg/hsqldb/DatabaseCommandInterpreter, processScript()Lorg/hsqldb/Result; >"	29	34
"< Application, Lorg/hsqldb/types/JavaObject, <init>(Ljava/io/Serializable;)V >"	4	7
"< Application, Lorg/hsqldb/util/DatabaseManagerSwing$8, run()V >"	8	7
"< Application, Lorg/hsqldb/scriptio/ScriptWriterZipped, openFile()V >"	12	11
"< Application, Lorg/hsqldb/persist/ScaledRAFile, newScaledRAFile(Lorg/hsqldb/Database;Ljava/lang/String;ZILjava/lang/String;Ljava/lang/String;)Lorg/hsqldb/lib/Storage; >"	25	74
"< Application, Ldacapo/parser/Config, parse(Ljava/io/File;)Ldacapo/parser/Config; >"	4	5
"< Application, Lorg/hsqldb/persist/LockFile, checkHeartbeat(Z)V >"	4	9
"< Application, Lorg/hsqldb/util/DatabaseManagerSwing, init()V >"	63	73
"< Application, Lorg/hsqldb/persist/LockFile, readHeartbeat()J >"	18	39
"< Application, Lorg/hsqldb/DIProcedureInfo, typeForClass(Ljava/lang/Class;)I >"	63	85
"< Application, Lorg/hsqldb/DatabaseInformation, newDatabaseInformation(Lorg/hsqldb/Database;)Lorg/hsqldb/DatabaseInformation; >"	2	7
"< Application, Lorg/hsqldb/util/SqlFile, processSpecial(Ljava/lang/String;)V >"	457	249
"< Application, Lorg/hsqldb/DINameSpace, classForName(Ljava/lang/String;)Ljava/lang/Class; >"	13	15
"< Application, Lorg/hsqldb/util/DatabaseManagerSwing, directRefreshTree()V >"	162	367
"< Application, Lorg/hsqldb/jdbc/jdbcPreparedStatement, setBlob(ILjava/sql/Blob;)V >"	52	39
"< Application, Lorg/hsqldb/jdbc/jdbcPreparedStatement, setClob(ILjava/sql/Clob;)V >"	37	28
"< Application, Lorg/hsqldb/persist/DataFileCache, deleteOrResetFreePos(Lorg/hsqldb/Database;Ljava/lang/String;)V >"	29	34
"< Application, Ldacapo/TestHarness, findClass()Ljava/lang/Class; >"	4	7
"< Application, Lorg/hsqldb/DatabaseInformation, newDatabaseInformation(Lorg/hsqldb/Database;)Lorg/hsqldb/DatabaseInformation; >"	16	24
"< Application, Lorg/hsqldb/HSQLClientConnection, close()V >"	9	12
"< Application, Lorg/hsqldb/util/DatabaseManagerSwing, executeSQL()V >"	42	39
"< Application, Lorg/hsqldb/DIProcedureInfo, setNameSpace(Lorg/hsqldb/DINameSpace;)V >"	66	113
"< Application, Lorg/hsqldb/scriptio/ScriptWriterBase, openFile()V >"	15	16
"< Application, Lorg/hsqldb/resources/BundleHandler, getBundle(Ljava/lang/String;Ljava/util/Locale;Ljava/lang/ClassLoader;)Ljava/util/ResourceBundle; >"	15	16
"< Application, Lorg/hsqldb/util/DatabaseManager, windowClosing(Ljava/awt/event/WindowEvent;)V >"	5	8
"< Application, Lorg/hsqldb/jdbc/jdbcPreparedStatement, setUnicodeStream(ILjava/io/InputStream;I)V >"	27	31
"< Application, Lorg/hsqldb/jdbc/jdbcConnection, prepareCall(Ljava/lang/String;II)Ljava/sql/CallableStatement; >"	6	13
"< Application, Lorg/hsqldb/TextTable, connect(Lorg/hsqldb/Session;Z)V >"	50	38
"< Application, Lorg/hsqldb/scriptio/ScriptReaderText, readExistingData(Lorg/hsqldb/Session;)V >"	36	41
"< Application, Lorg/hsqldb/util/SqlFile, describe(Ljava/lang/String;Ljava/lang/String;)V >"	264	308
"< Application, Lorg/hsqldb/Session, rollback()V >"	12	13
"< Application, Lorg/hsqldb/Server, openServerSocket()V >"	24	30
"< Application, Lorg/hsqldb/Transaction, logAction(Lorg/hsqldb/Session;)V >"	18	22
"< Application, Lorg/hsqldb/rowio/RowInputTextLog, readNumberField()Ljava/lang/String; >"	25	32
"< Application, Lorg/hsqldb/util/RCData, <init>(Ljava/io/File;Ljava/lang/String;)V >"	84	153
"< Application, Lorg/hsqldb/Table, getIndexForColumn(Lorg/hsqldb/Session;I)Lorg/hsqldb/Index; >"	16	22
"< Application, Lorg/hsqldb/persist/Logger, releaseLock()V >"	5	8
"< Application, Lorg/hsqldb/Trace, <clinit>()V >"	22	19
"< Application, Lorg/hsqldb/HsqlDateTime, getSytemTimeString()Ljava/lang/String; >"	10	11
"< Application, Lorg/hsqldb/jdbc/jdbcConnection, commit()V >"	4	6
"< Application, Lorg/hsqldb/WebServerConnection, run()V >"	64	67
"< Application, Lorg/hsqldb/util/SqlFile, importDsv(Ljava/lang/String;Ljava/lang/String;)V >"	153	156
"< Application, Lorg/hsqldb/ServerConnection, <init>(Ljava/net/Socket;Lorg/hsqldb/Server;)V >"	20	17
"< Application, Lorg/hsqldb/util/SqlFile, describe(Ljava/lang/String;Ljava/lang/String;)V >"	256	297
"< Application, Lorg/hsqldb/HsqlServerFactory, createHsqlServer(Ljava/lang/String;ZZ)Lorg/hsqldb/HsqlSocketRequestHandler; >"	9	19
"< Application, Lorg/hsqldb/jdbc/jdbcPreparedStatement, setDate(ILjava/sql/Date;Ljava/util/Calendar;)V >"	2	8
"< Application, Lorg/hsqldb/lib/HsqlTimer, nextTask()Lorg/hsqldb/lib/HsqlTimer$Task; >"	24	36
"< Application, Lorg/hsqldb/jdbc/jdbcPreparedStatement, setAsciiStream(ILjava/io/InputStream;I)V >"	7	11
"< Application, Lorg/hsqldb/persist/Log, restoreBackup()V >"	24	38
"< Application, Lorg/hsqldb/DIProcedureInfo, setNameSpace(Lorg/hsqldb/DINameSpace;)V >"	48	81
"< Application, Ldacapo/hsqldb/PseudoJDBCBench, createDatabase(Ljava/lang/String;Ljava/lang/String;Ljava/lang/String;)V >"	17	27
"< Application, Lorg/hsqldb/util/SqlFile, processPL(Ljava/lang/String;)V >"	409	276
"< Application, Lorg/hsqldb/DatabaseCommandInterpreter, processCreateTrigger()V >"	100	131
"< Application, Lorg/hsqldb/Expression, resolveTypeForIn(Lorg/hsqldb/Session;)V >"	123	81
"< Application, Lorg/hsqldb/util/SqlFile, processSpecial(Ljava/lang/String;)V >"	643	113
"< Application, Lorg/hsqldb/util/ConnectionDialogCommon, loadRecentConnectionSettings()Ljava/util/Hashtable; >"	54	60
"< Application, Lorg/hsqldb/persist/DataFileDefrag, writeTransactionRows()V >"	29	34
"< Application, Lorg/hsqldb/persist/ScaledRAFile, writeInt(I)V >"	30	25
"< Application, Ldacapo/hsqldb/PseudoJDBCBench$ClientThread, doOne(IIII)I >"	158	245
"< Application, Lorg/hsqldb/util/SqlTool, <clinit>()V >"	21	26
"< Application, Lorg/hsqldb/util/DatabaseManagerSwing, getRowCounts(Ljava/util/Vector;Ljava/util/Vector;)[I >"	59	92
"< Application, Lorg/hsqldb/util/DatabaseManager, saveAsCsv(Ljava/lang/String;)V >"	33	41
"< Application, Lorg/hsqldb/persist/LockFile, writeMagic()V >"	6	16
"< Application, Ldacapo/hsqldb/PseudoJDBCBench, run()V >"	182	207
"< Application, Lorg/hsqldb/DIProcedureInfo, typeForClass(Ljava/lang/Class;)I >"	51	67
"< Application, Lorg/hsqldb/util/SqlFile, processSpecial(Ljava/lang/String;)V >"	464	248
"< Application, Lorg/hsqldb/TriggerDef, pushPair(Lorg/hsqldb/Session;[Ljava/lang/Object;[Ljava/lang/Object;)V >"	21	15
"< Application, Lorg/hsqldb/Server, signalCloseAllServerConnections()V >"	9	12
"< Application, Lorg/hsqldb/Server, openDatabase(Ljava/lang/String;Ljava/lang/String;)I >"	35	21
"< Application, Lorg/hsqldb/lib/HsqlTaskQueue$TaskRunner, run()V >"	27	25
"< Application, Lorg/hsqldb/util/ConnectionDialogCommon, loadRecentConnectionSettings()Ljava/util/Hashtable; >"	72	75
"< Application, Lorg/hsqldb/jdbc/jdbcConnection, setTransactionIsolation(I)V >"	8	9
"< Application, Lorg/hsqldb/persist/LockFile, setPath(Ljava/lang/String;)V >"	9	14
"< Application, Lorg/hsqldb/util/RCData, getConnection(Ljava/lang/String;Ljava/lang/String;Ljava/lang/String;)Ljava/sql/Connection; >"	61	78
"< Application, Lorg/hsqldb/util/DatabaseManagerSwing, directRefreshTree()V >"	212	355
"< Application, Lorg/hsqldb/Server, shutdown(Z)V >"	31	34
"< Application, Lorg/hsqldb/util/SqlFile, describe(Ljava/lang/String;Ljava/lang/String;)V >"	259	302
"< Application, Lorg/hsqldb/util/ConnectionDialogCommon, loadRecentConnectionSettings()Ljava/util/Hashtable; >"	19	84
"< Application, Lorg/hsqldb/util/SqlTool, objectMain([Ljava/lang/String;)V >"	467	466
"< Application, Lorg/hsqldb/Session, performPostExecute(Lorg/hsqldb/Result;)Lorg/hsqldb/Result; >"	48	20
"< Application, Lorg/hsqldb/lib/HsqlTimer$Task, isCancelled()Z >"	5	5
"< Application, Lorg/hsqldb/ServerConfiguration, listLocalInetAddressNames()[Ljava/lang/String; >"	59	84
"< Application, Lorg/hsqldb/persist/Log, processScript()V >"	18	24
"< Application, Ldacapo/hsqldb/PseudoJDBCBench, createDatabase(Ljava/lang/String;Ljava/lang/String;Ljava/lang/String;)V >"	66	100
"< Application, Lorg/hsqldb/lib/ZipUnzipFile, decompressFile(Ljava/lang/String;Ljava/lang/String;Lorg/hsqldb/lib/FileAccess;)V >"	39	46
"< Application, Lorg/hsqldb/persist/LockFile, getPollHeartbeatInterval()J >"	7	15
"< Application, Lorg/hsqldb/lib/SimpleLog, makeLog(Ljava/io/File;)V >"	9	14
"< Application, Ldacapo/hsqldb/PseudoJDBCBench, createDatabase(Ljava/lang/String;Ljava/lang/String;Ljava/lang/String;)V >"	280	434
"< Application, Lorg/hsqldb/ServerConfiguration, getPropertiesFromFile(Ljava/lang/String;)Lorg/hsqldb/persist/HsqlProperties; >"	7	10
"< Application, Lorg/hsqldb/jdbc/jdbcConnection, getAutoCommit()Z >"	4	7
"< Application, Lorg/hsqldb/jdbc/jdbcResultSet, getColumnInType(II)Ljava/lang/Object; >"	26	29
"< Application, Lorg/hsqldb/util/ConnectionDialogCommon, deleteRecentConnectionSettings()V >"	19	17
"< Application, Lorg/hsqldb/Server, getDBNameArray()[Ljava/lang/String; >"	23	29
"< Application, Lorg/hsqldb/util/SqlTool, main([Ljava/lang/String;)V >"	2	4
"< Application, Ldacapo/TeeOutputStream, version()V >"	19	27
"< Application, Lorg/hsqldb/persist/LockFile, isLocked(Ljava/lang/String;)Z >"	3	8
"< Application, Lorg/hsqldb/util/SqlTool, objectMain([Ljava/lang/String;)V >"	357	354
"< Application, Lorg/hsqldb/persist/LockFile, tryRelease()Z >"	14	17
"< Application, Lorg/hsqldb/DITypeInfo, isStdMapClsSupported()Ljava/lang/Boolean; >"	12	21
"< Application, Ldacapo/Benchmark, enableValidationReport(Ljava/lang/String;)V >"	9	8
"< Application, Lorg/hsqldb/util/SqlFile, <init>(Ljava/io/File;ZLjava/util/Map;)V >"	132	84
"< Application, Ldacapo/hsqldb/PseudoJDBCBench, createDatabase(Ljava/lang/String;Ljava/lang/String;Ljava/lang/String;)V >"	422	602
"< Application, Lorg/hsqldb/util/SqlFile, processPL(Ljava/lang/String;)V >"	324	372
"< Application, Lorg/hsqldb/persist/TextCache, purge()V >"	15	16
"< Application, Lorg/hsqldb/Session, performPostExecute(Lorg/hsqldb/Result;)Lorg/hsqldb/Result; >"	42	44
"< Application, Lorg/hsqldb/rowio/RowInputTextQuoted, getField(Ljava/lang/String;IZ)Ljava/lang/String; >"	77	72
"< Application, Lorg/hsqldb/persist/LockFile, closeRAF()V >"	10	11
"< Application, Lorg/hsqldb/persist/LockFile, writeHeartbeat()V >"	9	19
"< Application, Lorg/hsqldb/util/DatabaseManagerSwing, directRefreshTree()V >"	275	368
"< Application, Lorg/hsqldb/Session, execute(Lorg/hsqldb/Result;)Lorg/hsqldb/Result; >"	5	11
"< Application, Ldacapo/parser/ConfigFileTokenManager, jjStartNfaWithStates_0(III)I >"	6	9
"< Application, Ldacapo/hsqldb/PseudoJDBCBench, run()V >"	206	183
"< Application, Lorg/hsqldb/HsqlDateTime, getNormalisedTimestamp(Ljava/sql/Time;)Ljava/sql/Timestamp; >"	15	18
"< Application, Lorg/hsqldb/util/SqlTool, objectMain([Ljava/lang/String;)V >"	463	470
"< Application, Lorg/hsqldb/persist/LockFile, tryLock()Z >"	18	27
"< Application, Lorg/hsqldb/util/SqlFile, importDsv(Ljava/lang/String;Ljava/lang/String;)V >"	856	792
"< Application, Lorg/hsqldb/util/DatabaseManager, refreshTree()V >"	254	393
"< Application, Lorg/hsqldb/CompiledStatementExecutor, executeInsertSelectStatement(Lorg/hsqldb/CompiledStatement;)Lorg/hsqldb/Result; >"	45	49
"< Application, Lorg/hsqldb/util/DatabaseManagerSwing, <clinit>()V >"	58	48
"< Application, Ldacapo/parser/SimpleCharStream, FillBuff()V >"	51	37
"< Application, Lorg/hsqldb/lib/HsqlTaskQueue, shutdownImmediately()V >"	14	15
"< Application, Ldacapo/hsqldb/PseudoJDBCBench, main([Ljava/lang/String;)V >"	167	196
"< Application, Lorg/hsqldb/Database, <init>(Ljava/lang/String;Ljava/lang/String;Ljava/lang/String;Lorg/hsqldb/persist/HsqlProperties;)V >"	14	17
"< Application, Lorg/hsqldb/util/DatabaseManagerSwing, init()V >"	49	55
"< Application, Lorg/hsqldb/jdbc/jdbcConnection, setSavepoint(Ljava/lang/String;)Ljava/sql/Savepoint; >"	8	11
"< Application, Lorg/hsqldb/ServerConnection, init()V >"	59	69
"< Application, Lorg/hsqldb/Expression, testInCondition(Lorg/hsqldb/Session;Ljava/lang/Object;)Ljava/lang/Boolean; >"	52	21
"< Application, Lorg/hsqldb/lib/HsqlTimer, nextTask()Lorg/hsqldb/lib/HsqlTimer$Task; >"	46	37
"< Application, Lorg/hsqldb/Database, closeIfLast()V >"	9	11
"< Application, Lorg/hsqldb/jdbc/jdbcConnection, <init>(Lorg/hsqldb/persist/HsqlProperties;)V >"	46	57
"< Application, Lorg/hsqldb/Expression, getDDL()Ljava/lang/String; >"	25	506
"< Application, Lorg/hsqldb/persist/Log, checkpoint(Z)V >"	24	23
"< Application, Lorg/hsqldb/util/SqlTool, objectMain([Ljava/lang/String;)V >"	437	481
"< Application, Lorg/hsqldb/Server, main([Ljava/lang/String;)V >"	10	16
"< Application, Lorg/hsqldb/persist/HsqlDatabaseProperties, <clinit>()V >"	17	21
"< Application, Lorg/hsqldb/lib/HsqlTimer$Task, cancel()V >"	8	8
"< Application, Lorg/hsqldb/util/SqlFile, execute(Ljava/sql/Connection;Ljava/io/PrintStream;Ljava/io/PrintStream;Ljava/lang/Boolean;)V >"	354	253
"< Application, Lorg/hsqldb/persist/DataFileDefrag, process()V >"	120	152
"< Application, Lorg/hsqldb/WebServerConnection, processGet(Ljava/lang/String;Z)V >"	65	93
"< Application, Ldacapo/parser/ConfigFileTokenManager, jjMoveNfa_1(II)I >"	85	88
"< Application, Lorg/hsqldb/util/SqlFile, execute(Ljava/sql/Connection;Ljava/io/PrintStream;Ljava/io/PrintStream;Ljava/lang/Boolean;)V >"	351	396
"< Application, Lorg/hsqldb/ServerConnection, run()V >"	30	36
"< Application, Lorg/hsqldb/Function, getValue(Lorg/hsqldb/Session;[Ljava/lang/Object;)Ljava/lang/Object; >"	27	14
"< Application, Lorg/hsqldb/persist/Log, open()V >"	25	9
"< Application, Lorg/hsqldb/store/ValuePool, resetPool()V >"	6	6
"< Application, Lorg/hsqldb/Grantee, updateAllRights()V >"	20	25
"< Application, Lorg/hsqldb/DatabaseManager, filePathToKey(Ljava/lang/String;)Ljava/lang/String; >"	3	7
"< Application, Lorg/hsqldb/Table$RowStore, commit(Lorg/hsqldb/persist/CachedObject;)V >"	7	10
"< Application, Lorg/hsqldb/util/DatabaseManagerSwing, insertTestData()V >"	17	9
"< Application, Lorg/hsqldb/jdbc/jdbcPreparedStatement, executeUpdate()I >"	15	18
"< Application, Lorg/hsqldb/persist/LockFile, checkMagic(Ljava/io/DataInputStream;)V >"	25	23
"< Application, Lorg/hsqldb/TriggerDef, popPair()Lorg/hsqldb/TriggerDef$TriggerData; >"	4	6
"< Application, Lorg/hsqldb/util/DatabaseManagerSwing, connect(Ljava/sql/Connection;)V >"	8	8
"< Application, Ldacapo/parser/ConfigFileTokenManager, jjMoveStringLiteralDfa1_3(J)I >"	4	7
"< Application, Lorg/hsqldb/DINameSpace, <init>(Lorg/hsqldb/Database;)V >"	5	7
"< Application, Lorg/hsqldb/persist/LockFile, tryRelease()Z >"	10	12
"< Application, Lorg/hsqldb/Session, execute(Lorg/hsqldb/Result;)Lorg/hsqldb/Result; >"	115	103
"< Application, Lorg/hsqldb/CompiledStatement, describe(Lorg/hsqldb/Session;)Ljava/lang/String; >"	2	6
"< Application, Lorg/hsqldb/util/DatabaseManagerSwing, init()V >"	45	53
"< Application, Lorg/hsqldb/persist/LockFile, checkMagic(Ljava/io/DataInputStream;)V >"	21	26
"< Application, Ldacapo/hsqldb/PseudoJDBCBench, run()V >"	133	160
"< Application, Lorg/hsqldb/Session, performPostExecute(Lorg/hsqldb/Result;)Lorg/hsqldb/Result; >"	23	57
"< Application, Lorg/hsqldb/util/DatabaseManagerSwing$8, run()V >"	5	5
"< Application, Lorg/hsqldb/HsqlDateTime, getNormalisedDate(Ljava/sql/Date;)Ljava/sql/Date; >"	13	15
"< Application, Lorg/hsqldb/util/SqlFile, importDsv(Ljava/lang/String;Ljava/lang/String;)V >"	691	698
"< Application, Lorg/hsqldb/util/SqlFile, importDsv(Ljava/lang/String;Ljava/lang/String;)V >"	894	839
"< Application, Ldacapo/parser/ConfigFile, main([Ljava/lang/String;)V >"	7	27
"< Application, Lorg/hsqldb/persist/LockFile, readHeartbeat()J >"	34	16
"< Application, Lorg/hsqldb/persist/LockFile, <clinit>()V >"	26	40
"< Application, Lorg/hsqldb/util/DatabaseManager, testPerformance()V >"	52	70
"< Application, Lorg/hsqldb/util/DatabaseManagerSwing, getRowCounts(Ljava/util/Vector;Ljava/util/Vector;)[I >"	41	57
"< Application, Lorg/hsqldb/Server, main([Ljava/lang/String;)V >"	26	29
"< Application, Lorg/hsqldb/util/DatabaseManagerSwing, directRefreshTree()V >"	158	362
"< Application, Lorg/hsqldb/Tokenizer, getAsValue()Ljava/lang/Object; >"	30	55
"< Application, Lorg/hsqldb/lib/HsqlTaskQueue, shutdownAfterQueued()V >"	9	10
"< Application, Lorg/hsqldb/persist/LockFile, tryRelease()Z >"	18	22
"< Application, LMMTkHarness, harnessEnd()V >"	3	7
"< Application, Lorg/hsqldb/util/DatabaseManager, formatResultSet(Ljava/sql/ResultSet;)V >"	33	28
"< Application, Lorg/hsqldb/lib/ZipUnzipFile, compressFile(Ljava/lang/String;Ljava/lang/String;Lorg/hsqldb/lib/FileAccess;)V >"	32	29
"< Application, Lorg/hsqldb/util/SqlToolSprayer, main([Ljava/lang/String;)V >"	114	133
"< Application, Lorg/hsqldb/util/DatabaseManagerSwing, connect(Ljava/sql/Connection;)V >"	75	93
"< Application, Lorg/hsqldb/util/DatabaseManagerSwing, directRefreshTree()V >"	155	187
"< Application, Lorg/hsqldb/DIProcedureInfo, setNameSpace(Lorg/hsqldb/DINameSpace;)V >"	163	281
"< Application, Lorg/hsqldb/util/SqlFile, listTables(CLjava/lang/String;)V >"	271	308
"< Application, Lorg/hsqldb/lib/MD5, digestBytes([B)[B >"	7	9
"< Application, Lorg/hsqldb/util/SqlFile, importDsv(Ljava/lang/String;Ljava/lang/String;)V >"	96	130
"< Application, Lorg/hsqldb/util/RCData, <init>(Ljava/io/File;Ljava/lang/String;)V >"	130	131
"< Application, Lorg/hsqldb/persist/ScriptRunner, runScript(Lorg/hsqldb/Database;Ljava/lang/String;I)V >"	65	85
"< Application, Lorg/hsqldb/Session, commit()V >"	19	18
"< Application, Lorg/hsqldb/persist/ScaledRAFile, writeLong(J)V >"	30	25
"< Application, Ldacapo/parser/ConfigFileTokenManager, getNextToken()Ldacapo/parser/Token; >"	5	110
"< Application, Lorg/hsqldb/util/SqlTool, objectMain([Ljava/lang/String;)V >"	298	300
"< Application, Lorg/hsqldb/util/DatabaseManager, refreshTree()V >"	192	380
"< Application, Lorg/hsqldb/Table$RowStore, getKeep(I)Lorg/hsqldb/persist/CachedObject; >"	4	9
"< Application, Lorg/hsqldb/util/RefCapablePropertyResourceBundle, getStringFromFile(Ljava/lang/String;)Ljava/lang/String; >"	119	118
"< Application, Lorg/hsqldb/util/DatabaseManagerSwing$DBMPrefs, load()V >"	66	16
"< Application, Lorg/hsqldb/util/DatabaseManagerSwing$StatementExecRunnable, run()V >"	23	25
"< Application, Lorg/hsqldb/Library, invoke(I[Ljava/lang/Object;)Ljava/lang/Object; >"	330	363
"< Application, Lorg/hsqldb/jdbc/jdbcPreparedStatement, execute()Z >"	16	18
"< Application, Lorg/hsqldb/util/CodeSwitcher, processFile(Ljava/lang/String;)Z >"	156	178
"< Application, Lorg/hsqldb/util/SqlTool, objectMain([Ljava/lang/String;)V >"	328	253
"< Application, Lorg/hsqldb/persist/LockFile, checkMagic(Ljava/io/DataInputStream;)V >"	17	29
"< Application, Lorg/hsqldb/scriptio/ScriptWriterBase, writeExistingData()V >"	47	53
"< Application, Lorg/hsqldb/persist/Log, openLog()V >"	13	14
"< Application, Lorg/hsqldb/DINameSpace, iterateRoutineMethods(Ljava/lang/String;Z)Lorg/hsqldb/lib/Iterator; >"	12	17
"< Application, Lorg/hsqldb/util/SqlFile, processPL(Ljava/lang/String;)V >"	317	373
"< Application, Lorg/hsqldb/util/ScriptTool, execute([Ljava/lang/String;)V >"	159	252
"< Application, Lorg/hsqldb/util/DatabaseManagerSwing, formatResultSet(Ljava/sql/ResultSet;)V >"	53	47
"< Application, Lorg/hsqldb/Column, hexToByteArray(Ljava/lang/String;)[B >"	2	5
"< Application, Lorg/hsqldb/HsqlSocketFactory, getSSLImpl()Lorg/hsqldb/HsqlSocketFactory; >"	8	8
"< Application, Lorg/hsqldb/util/ConnectionDialogSwing, createConnection(Ljavax/swing/JFrame;Ljava/lang/String;)Ljava/sql/Connection; >"	4	7
"< Application, Lorg/hsqldb/Database, close(I)V >"	17	25
"< Application, Lorg/hsqldb/util/SqlTool, objectMain([Ljava/lang/String;)V >"	471	473
"< Application, Ldacapo/parser/ConfigFileTokenManager, jjMoveStringLiteralDfa4_0(JJ)I >"	9	12
"< Application, Lorg/hsqldb/Session, sqlExecuteBatchDirect(Lorg/hsqldb/Result;)Lorg/hsqldb/Result; >"	11	16
"< Application, Lorg/hsqldb/Session, setAutoCommit(Z)V >"	14	14
"< Application, Lorg/hsqldb/Table$RowStore, removePersistence(I)V >"	4	7
"< Application, Lorg/hsqldb/DITypeInfo, isStdMapClsSupported()Ljava/lang/Boolean; >"	17	17
"< Application, Lorg/hsqldb/util/ConnectionDialogCommon, storeRecentConnectionSettings(Ljava/util/Hashtable;)V >"	32	32
"< Application, Lorg/hsqldb/persist/LockFile, readHeartbeat()J >"	43	37
"< Application, Lorg/hsqldb/lib/HsqlTimer$TaskQueue, cancelAllTasks()V >"	8	8
"< Application, Lorg/hsqldb/persist/LockFile, getPollHeartbeatRetries()I >"	3	9
"< Application, Lorg/hsqldb/util/ConnectionDialogSwing, actionPerformed(Ljava/awt/event/ActionEvent;)V >"	51	121
"< Application, Lorg/hsqldb/HsqlDateTime, getTimestampString(Ljava/sql/Timestamp;Ljava/util/Calendar;)Ljava/lang/String; >"	22	32
"< Application, Lorg/hsqldb/util/SqlTool, objectMain([Ljava/lang/String;)V >"	230	516
"< Application, Lorg/hsqldb/CompiledStatementExecutor, executeUpdateStatement(Lorg/hsqldb/CompiledStatement;)Lorg/hsqldb/Result; >"	33	41
"< Application, Lorg/hsqldb/Table, restoreRow(Lorg/hsqldb/Row;)Lorg/hsqldb/Row; >"	18	17
"< Application, Lorg/hsqldb/util/SqlFile, processPL(Ljava/lang/String;)V >"	466	238
"< Application, Lorg/hsqldb/DITypeInfo, isStdMapClsSupported()Ljava/lang/Boolean; >"	4	29
"< Application, Lorg/hsqldb/util/SqlFile, plBlockFile(Ljava/lang/String;)Ljava/io/File; >"	111	126
"< Application, Lorg/hsqldb/Session, performPostExecute(Lorg/hsqldb/Result;)Lorg/hsqldb/Result; >"	29	17
"< Application, Lorg/hsqldb/Session, beginNestedTransaction()V >"	13	16
"< Application, Lorg/hsqldb/Session, endNestedTransaction(Z)V >"	18	21
"< Application, Lorg/hsqldb/persist/ScaledRAFile, readInt()I >"	37	34
"< Application, Lorg/hsqldb/util/SqlFile, displayResultSet(Ljava/sql/Statement;Ljava/sql/ResultSet;[ILjava/lang/String;)V >"	138	138
"< Application, Lorg/hsqldb/util/SqlFile, importDsv(Ljava/lang/String;Ljava/lang/String;)V >"	118	112
"< Application, Lorg/hsqldb/lib/ZipUnzipFile, decompressFile(Ljava/lang/String;Ljava/lang/String;Lorg/hsqldb/lib/FileAccess;)V >"	43	24
"< Application, Lorg/hsqldb/Tokenizer, getString(C)Ljava/lang/String; >"	44	43
"< Application, Lorg/hsqldb/persist/HsqlProperties, getIntegerProperty(Ljava/lang/String;I[I)I >"	5	11
"< Application, Lorg/hsqldb/jdbc/jdbcConnection, rollback(Ljava/sql/Savepoint;)V >"	10	43
"< Application, Lorg/hsqldb/Session, sqlExecuteDirectNoPreChecks(Ljava/lang/String;)Lorg/hsqldb/Result; >"	6	8
"< Application, Lorg/hsqldb/persist/LockFile$HeartbeatRunner, run()V >"	3	5
"< Application, Lorg/hsqldb/persist/DataFileCache, deleteOrResetFreePos(Lorg/hsqldb/Database;Ljava/lang/String;)V >"	39	29
"< Application, Lorg/hsqldb/util/SqlTool, objectMain([Ljava/lang/String;)V >"	243	265
"< Application, Ldacapo/TeeOutputStream, newLog()V >"	5	6
"< Application, Lorg/hsqldb/Library, rand(Ljava/lang/Integer;)D >"	11	13
"< Application, Lorg/hsqldb/Index$IndexRowIterator, next()Lorg/hsqldb/Row; >"	9	14
"< Application, Lorg/hsqldb/util/SqlFile, streamToString(Ljava/io/InputStream;Ljava/lang/String;)Ljava/lang/String; >"	37	27
"< Application, Ldacapo/hsqldb/PseudoJDBCBench, main([Ljava/lang/String;)V >"	66	93
"< Application, Lorg/hsqldb/util/SqlFile, execute(Ljava/sql/Connection;Ljava/io/PrintStream;Ljava/io/PrintStream;Ljava/lang/Boolean;)V >"	315	354
"< Application, Lorg/hsqldb/util/RCData, getConnection(Ljava/lang/String;Ljava/lang/String;Ljava/lang/String;)Ljava/sql/Connection; >"	29	33
"< Application, Lorg/hsqldb/util/ConnectionDialog, actionPerformed(Ljava/awt/event/ActionEvent;)V >"	47	77
"< Application, Lorg/hsqldb/DIProcedureInfo, typeForClass(Ljava/lang/Class;)I >"	57	76
"< Application, Lorg/hsqldb/util/SqlTool, objectMain([Ljava/lang/String;)V >"	159	180
"< Application, Lorg/hsqldb/HsqlSocketFactorySecure, <init>()V >"	14	20
"< Application, Lorg/hsqldb/Transaction, commit(Lorg/hsqldb/Session;)V >"	10	12
"< Application, Ldacapo/TestHarness, main([Ljava/lang/String;)V >"	273	310
"< Application, Lorg/hsqldb/resources/BundleHandler, getBundleHandle(Ljava/lang/String;Ljava/lang/ClassLoader;)I >"	31	46
"< Application, Lorg/hsqldb/Server, start()I >"	16	20
"< Application, Lorg/hsqldb/util/SqlFile, dump(Ljava/lang/String;Ljava/io/File;)V >"	36	36
"< Application, Ldacapo/Benchmark, <init>(Ldacapo/parser/Config;Ljava/io/File;)V >"	33	26
"< Application, Lorg/hsqldb/util/ConnectionDialogCommon, loadRecentConnectionSettings()Ljava/util/Hashtable; >"	43	34
"< Application, Lorg/hsqldb/HsqlSocketFactory, newFactory(Ljava/lang/String;)Lorg/hsqldb/HsqlSocketFactory; >"	6	12
"< Application, Lorg/hsqldb/util/DatabaseManagerSwing, <clinit>()V >"	36	10
"< Application, Lorg/hsqldb/HsqlNameManager$HsqlName, rename(Ljava/lang/String;Z)V >"	19	26
"< Application, Lorg/hsqldb/util/SqlFile, importDsv(Ljava/lang/String;Ljava/lang/String;)V >"	404	970
"< Application, Lorg/hsqldb/util/SqlFile, importDsv(Ljava/lang/String;Ljava/lang/String;)V >"	811	915
"< Application, Lorg/hsqldb/Table, newRow([Ljava/lang/Object;)Lorg/hsqldb/Row; >"	14	10
"< Application, Lorg/hsqldb/util/DatabaseManagerSwing, <clinit>()V >"	47	63
"< Application, Lorg/hsqldb/util/SqlFile, <init>(Ljava/io/File;ZLjava/util/Map;)V >"	63	26
"< Application, Lorg/hsqldb/jdbc/jdbcStatement, executeBatch()[I >"	18	23
"< Application, Lorg/hsqldb/util/ShutdownServer, main([Ljava/lang/String;)V >"	41	71
"< Application, Lorg/hsqldb/util/SqlFile, importDsv(Ljava/lang/String;Ljava/lang/String;)V >"	109	103
"< Application, Ldacapo/parser/ConfigFileTokenManager, getNextToken()Ldacapo/parser/Token; >"	30	80
"< Application, Lorg/hsqldb/util/ScriptTool, fileToString(Ljava/io/BufferedReader;)Ljava/lang/String; >"	34	43
"< Application, Lorg/hsqldb/jdbc/jdbcConnection, isReadOnly()Z >"	3	6
"< Application, Lorg/hsqldb/util/SqlFile, execute(Ljava/sql/Connection;Ljava/io/PrintStream;Ljava/io/PrintStream;Ljava/lang/Boolean;)V >"	254	293
"< Application, Lorg/hsqldb/util/DatabaseManagerSwing, updateAutoCommitBox()V >"	5	7
"< Application, Lorg/hsqldb/util/RefCapablePropertyResourceBundle, getStringFromFile(Ljava/lang/String;)Ljava/lang/String; >"	35	13
"< Application, Lorg/hsqldb/Transaction, rollback(Lorg/hsqldb/Session;Z)V >"	10	13
"< Application, Lorg/hsqldb/util/DatabaseManagerSwing, <clinit>()V >"	98	140
"< Application, Lorg/hsqldb/CompiledStatementExecutor, executeUpdateStatement(Lorg/hsqldb/CompiledStatement;)Lorg/hsqldb/Result; >"	47	53
"< Application, Ldacapo/hsqldb/PseudoJDBCBench, createDatabase(Ljava/lang/String;Ljava/lang/String;Ljava/lang/String;)V >"	58	86
"< Application, Lorg/hsqldb/jdbc/jdbcConnection, prepareCall(Ljava/lang/String;)Ljava/sql/CallableStatement; >"	4	8
"< Application, Lorg/hsqldb/store/ValuePool, getDouble(J)Ljava/lang/Double; >"	6	7
"< Application, Lorg/hsqldb/util/SqlFile, processPL(Ljava/lang/String;)V >"	426	267
"< Application, Lorg/hsqldb/persist/LockFile, pollHeartbeat()V >"	6	11
"< Application, Lorg/hsqldb/util/ConnectionDialogCommon, setHomeDir()V >"	15	21
"< Application, Lorg/hsqldb/Transaction, logRollback(Lorg/hsqldb/Session;)V >"	18	22
"< Application, Lorg/hsqldb/persist/HsqlDatabaseProperties, save()V >"	35	51
"< Application, Lorg/hsqldb/util/ConnectionDialogSwing, actionPerformed(Ljava/awt/event/ActionEvent;)V >"	55	119
"< Application, Lorg/hsqldb/util/SqlFile, importDsv(Ljava/lang/String;Ljava/lang/String;)V >"	502	455
"< Application, Ldacapo/Digest, create()Ljava/security/MessageDigest; >"	2	5
"< Application, Lorg/hsqldb/persist/LockFile, readHeartbeat()J >"	6	43
"< Application, Lorg/hsqldb/DatabaseManager, removeDatabase(Lorg/hsqldb/Database;)V >"	8	21
"< Application, Lorg/hsqldb/util/RCData, getConnection(Ljava/lang/String;Ljava/lang/String;Ljava/lang/String;)Ljava/sql/Connection; >"	45	56
"< Application, Lorg/hsqldb/persist/HsqlProperties, getIntegerProperty(Ljava/lang/String;I)I >"	5	10
"< Application, Lorg/hsqldb/ServerConnection, close()V >"	8	9
"< Application, Ldacapo/parser/ConfigFileTokenManager, jjMoveStringLiteralDfa2_0(JJ)I >"	9	12
"< Application, Lorg/hsqldb/persist/LockFile, writeHeartbeat()V >"	13	16
"< Application, Lorg/hsqldb/util/SqlFile, listTables(CLjava/lang/String;)V >"	274	342
"< Application, Lorg/hsqldb/DIProcedureInfo, typeForClass(Ljava/lang/Class;)I >"	39	49
"< Application, Lorg/hsqldb/persist/LockFile, checkHeartbeat(Z)V >"	12	17
"< Application, Lorg/hsqldb/util/DatabaseManagerSwing, directRefreshTree()V >"	286	384
"< Application, Lorg/hsqldb/util/SqlFile, execute(Ljava/sql/Connection;Ljava/io/PrintStream;Ljava/io/PrintStream;Ljava/lang/Boolean;)V >"	456	460
"< Application, Ldacapo/hsqldb/PseudoJDBCBench, run()V >"	158	148
"< Application, Lorg/hsqldb/HsqlDateTime, getTimestampString(J)Ljava/lang/String; >"	9	10
"< Application, Lorg/hsqldb/jdbc/jdbcResultSet, getColumnInType(II)Ljava/lang/Object; >"	10	15
"< Application, Lorg/hsqldb/Database, <init>(Ljava/lang/String;Ljava/lang/String;Ljava/lang/String;Lorg/hsqldb/persist/HsqlProperties;)V >"	25	36
"< Application, Lorg/hsqldb/WebServerConnection, processPost(Ljava/io/InputStream;Ljava/lang/String;)V >"	28	40
"< Application, Lorg/hsqldb/ServerConnection, init()V >"	54	56
"< Application, Lorg/hsqldb/DatabaseCommandInterpreter, processCreateTable(I)V >"	158	182
"< Application, Lorg/hsqldb/util/SqlFile, importDsv(Ljava/lang/String;Ljava/lang/String;)V >"	520	506
"< Application, Lorg/hsqldb/lib/HsqlArrayHeap, add(Ljava/lang/Object;)V >"	30	27
"< Application, Lorg/hsqldb/DITypeInfo, isStdMapClsSupported()Ljava/lang/Boolean; >"	8	25
"< Application, Lorg/hsqldb/util/SqlFile, streamToString(Ljava/io/InputStream;Ljava/lang/String;)Ljava/lang/String; >"	3	10
"< Application, Lorg/hsqldb/HsqlDateTime, getTimeString(Ljava/util/Date;Ljava/util/Calendar;)Ljava/lang/String; >"	12	13
"< Application, Lorg/hsqldb/persist/LockFile, writeMagic()V >"	14	9
"< Application, Lorg/hsqldb/DatabaseCommandInterpreter, processCreateAlias()V >"	3	6
"< Application, Lorg/hsqldb/Server, getDBNameArray()[Ljava/lang/String; >"	34	48
"< Application, Lorg/hsqldb/lib/StringConverter, byteToString([BLjava/lang/String;)Ljava/lang/String; >"	8	9
"< Application, Lorg/hsqldb/util/DatabaseManagerSwing, updateSchemaList()V >"	33	30
"< Application, Lorg/hsqldb/jdbc/jdbcResultSet, getObject(I)Ljava/lang/Object; >"	40	31
"< Application, Lorg/hsqldb/lib/HsqlTimer, clearThread()V >"	3	6
"< Application, Lorg/hsqldb/jdbc/jdbcPreparedStatement, executeQuery()Ljava/sql/ResultSet; >"	18	21
"< Application, Lorg/hsqldb/util/SqlTool, promptForPassword(Ljava/lang/String;)Ljava/lang/String; >"	17	19
"< Application, Lorg/hsqldb/persist/LockFile, setPath(Ljava/lang/String;)V >"	17	25
"< Application, Lorg/hsqldb/DINameSpace, classForMethodFQN(Ljava/lang/String;)Ljava/lang/Class; >"	4	12
"< Application, Ldacapo/Benchmark, <init>(Ldacapo/parser/Config;Ljava/io/File;)V >"	18	17
"< Application, Lorg/hsqldb/jdbc/jdbcConnection, setReadOnly(Z)V >"	4	7
"< Application, Lorg/hsqldb/persist/LockFile, writeHeartbeat()V >"	17	12
"< Application, Lorg/hsqldb/util/DatabaseManagerSwing, main()V >"	6	7
"< Application, Ldacapo/parser/ConfigFileTokenManager, jjMoveStringLiteralDfa1_0(J)I >"	4	7
"< Application, Lorg/hsqldb/util/RefCapablePropertyResourceBundle, getStringFromFile(Ljava/lang/String;)Ljava/lang/String; >"	115	143
"< Application, Lorg/hsqldb/scriptio/ScriptWriterBase, run()V >"	4	6
"< Application, Ldacapo/parser/ConfigFileTokenManager, jjMoveStringLiteralDfa7_0(JJ)I >"	9	12
"< Application, Lorg/hsqldb/Tokenizer, getAsValue()Ljava/lang/Object; >"	21	43
"< Application, Lorg/hsqldb/DITypeInfo, setLocale(Ljava/util/Locale;)V >"	20	20
"< Application, Lorg/hsqldb/DatabaseCommandInterpreter, processCreateDefaultExpression(III)Lorg/hsqldb/Expression; >"	22	31
"< Application, Lorg/hsqldb/ServerConfiguration, listLocalInetAddressNames()[Ljava/lang/String; >"	30	42
"< Application, Lorg/hsqldb/Server, putPropertiesFromString(Ljava/lang/String;)V >"	18	29
"< Application, Lorg/hsqldb/store/ValuePool, getInt(I)Ljava/lang/Integer; >"	6	7
"< Application, Lorg/hsqldb/jdbc/jdbcConnection, reset()V >"	3	5
"< Application, Lorg/hsqldb/Session, setAttributes(Lorg/hsqldb/Result;)Lorg/hsqldb/Result; >"	17	22
"< Application, Lorg/hsqldb/util/ScriptTool, toString(Ljava/sql/ResultSet;)Ljava/lang/String; >"	40	61
"< Application, Lorg/hsqldb/lib/HsqlTaskQueue$TaskRunner, run()V >"	12	16
"< Application, Lorg/hsqldb/util/DatabaseManagerSwing$DBMPrefs, store()V >"	56	73
"< Application, Lorg/hsqldb/Column, compareToTypeRange(Ljava/lang/Object;I)I >"	27	10
"< Application, Lorg/hsqldb/util/SqlFile, execute(Ljava/sql/Connection;Ljava/io/PrintStream;Ljava/io/PrintStream;Ljava/lang/Boolean;)V >"	448	513
"< Application, Lorg/hsqldb/util/SqlFile, processPL(Ljava/lang/String;)V >"	308	356
"< Application, Lorg/hsqldb/DatabaseInformationMain, SYSTEM_ALLTYPEINFO()Lorg/hsqldb/Table; >"	126	119
"< Application, Lorg/hsqldb/scriptio/ScriptWriterBase, sync()V >"	16	12
"< Application, Lorg/hsqldb/lib/java/JavaSystem, createNewFile(Ljava/io/File;)Z >"	2	5
"< Application, Ldacapo/Benchmark, validate(Ljava/lang/String;)Z >"	96	137
"< Application, Lorg/hsqldb/HsqlDateTime, getTimeInMillis(Ljava/util/Date;Ljava/util/Calendar;Ljava/util/Calendar;)J >"	20	24
"< Application, Lorg/hsqldb/util/SqlFile, processPL(Ljava/lang/String;)V >"	473	237
"< Application, Lorg/hsqldb/TextTable, onConnectError(Lorg/hsqldb/Session;)V >"	5	9
"< Application, Lorg/hsqldb/persist/TextCache, setHeader(Ljava/lang/String;)V >"	8	13
"< Application, Lorg/hsqldb/ServerConnection, <init>(Ljava/net/Socket;Lorg/hsqldb/Server;)V >"	29	22
"< Application, Ldacapo/FileDigest, main([Ljava/lang/String;)V >"	58	75
"< Application, Lorg/hsqldb/util/DatabaseManagerSwing$StatementExecRunnable, run()V >"	26	27
"< Application, Lorg/hsqldb/util/SqlTool, objectMain([Ljava/lang/String;)V >"	434	477
"< Application, Lorg/hsqldb/util/SqlFile, importDsv(Ljava/lang/String;Ljava/lang/String;)V >"	114	108
"< Application, Lorg/hsqldb/jdbc/jdbcConnection, rollback()V >"	4	6
"< Application, Lorg/hsqldb/util/SqlFile, processSpecial(Ljava/lang/String;)V >"	455	255
"< Application, Lorg/hsqldb/store/ValuePool, getLong(J)Ljava/lang/Long; >"	6	7
"< Application, Lorg/hsqldb/util/DatabaseManager, init()V >"	12	15
"< Application, Lorg/hsqldb/Function, <init>(Ljava/lang/String;Ljava/lang/String;Z)V >"	22	31
"< Application, Ldacapo/parser/Config, parse(Ljava/io/InputStream;)Ldacapo/parser/Config; >"	4	7
"< Application, Lorg/hsqldb/persist/LockFile, newLockFileLock(Ljava/lang/String;)Lorg/hsqldb/persist/LockFile; >"	7	15
"< Application, Lorg/hsqldb/util/SqlFile, listTables(CLjava/lang/String;)V >"	290	357
"< Application, Lorg/hsqldb/util/ConnectionDialog, actionPerformed(Ljava/awt/event/ActionEvent;)V >"	50	71
"< Application, Ldacapo/parser/Config, parse(Ljava/net/URL;)Ldacapo/parser/Config; >"	3	5
"< Application, Lorg/hsqldb/util/SqlFile, processSpecial(Ljava/lang/String;)V >"	331	397
"< Application, Lorg/hsqldb/DIProcedureInfo, setNameSpace(Lorg/hsqldb/DINameSpace;)V >"	28	48
"< Application, Lorg/hsqldb/DatabaseCommandInterpreter, processCreateView()V >"	31	38
"< Application, Lorg/hsqldb/jdbc/jdbcParameterMetaData, toString()Ljava/lang/String; >"	2	5
"< Application, Lorg/hsqldb/jdbc/jdbcColumnMetaData, toString()Ljava/lang/String; >"	2	5
"< Application, Lorg/hsqldb/util/SqlFile, displayResultSet(Ljava/sql/Statement;Ljava/sql/ResultSet;[ILjava/lang/String;)V >"	156	481
"< Application, Lorg/hsqldb/CachedRow, write(Lorg/hsqldb/rowio/RowOutputInterface;)V >"	9	5
"< Application, Lorg/hsqldb/util/SqlFile, listTables(CLjava/lang/String;)V >"	282	327
"< Application, Lorg/hsqldb/util/SqlFile, streamToString(Ljava/io/InputStream;Ljava/lang/String;)Ljava/lang/String; >"	41	32
"< Application, Lorg/hsqldb/lib/MD5, digestBytes([B)[B >"	16	17
"< Application, Lorg/hsqldb/persist/DataFileCache, defrag()V >"	40	47
"< Application, Lorg/hsqldb/jdbc/jdbcConnection, rollback(Ljava/sql/Savepoint;)V >"	35	19
"< Application, Lorg/hsqldb/persist/LockFile, pollHeartbeat()V >"	9	17
"< Application, Lorg/hsqldb/Index$IndexRowIterator, updateForDelete(Lorg/hsqldb/Node;)V >"	7	11
"< Application, Lorg/hsqldb/jdbc/jdbcConnection, clearWarnings()V >"	6	6
"< Application, Ldacapo/hsqldb/PseudoJDBCBench$MemoryWatcherThread, run()V >"	17	20
"< Application, Lorg/hsqldb/resources/BundleHandler, getLocale()Ljava/util/Locale; >"	5	4
"< Application, Lorg/hsqldb/Database, <init>(Ljava/lang/String;Ljava/lang/String;Ljava/lang/String;Lorg/hsqldb/persist/HsqlProperties;)V >"	39	51
"< Application, Lorg/hsqldb/DIProcedureInfo, setNameSpace(Lorg/hsqldb/DINameSpace;)V >"	137	235
"< Application, Lorg/hsqldb/util/ScriptTool, execute([Ljava/lang/String;)V >"	94	160
"< Application, Lorg/hsqldb/Database, finalize()V >"	5	8
"< Application, Lorg/hsqldb/Table$RowStore, remove(I)V >"	4	7
"< Application, Lorg/hsqldb/util/SqlFile, processPL(Ljava/lang/String;)V >"	475	231
"< Application, Lorg/hsqldb/jdbc/jdbcStatement, fetchResult(Ljava/lang/String;)V >"	24	27
"< Application, Lorg/hsqldb/rowio/RowInputTextLog, readField()Ljava/lang/String; >"	15	20
"< Application, Lorg/hsqldb/persist/TextCache, open(Z)V >"	16	20
"< Application, Lorg/hsqldb/util/DatabaseManagerCommon, readFile(Ljava/lang/String;)Ljava/lang/String; >"	17	24
"< Application, LMMTkHarness, <init>()V >"	10	17
"< Application, Lorg/hsqldb/jdbc/jdbcPreparedStatement, setBlob(ILjava/sql/Blob;)V >"	41	41
"< Application, Lorg/hsqldb/store/ValuePool, getBigDecimal(Ljava/math/BigDecimal;)Ljava/math/BigDecimal; >"	9	9
"< Application, Lorg/hsqldb/HSQLClientConnection, closeConnection()V >"	5	7
"< Application, Lorg/hsqldb/util/DatabaseManagerSwing, formatResultSet(Ljava/sql/ResultSet;)V >"	45	37
"< Application, Lorg/hsqldb/store/ValuePool, initPool()V >"	38	33
"< Application, Lorg/hsqldb/util/RefCapablePropertyResourceBundle, getStringFromFile(Ljava/lang/String;)Ljava/lang/String; >"	73	103
"< Application, Lorg/hsqldb/jdbc/jdbcPreparedStatement, close()V >"	12	16
"< Application, Lorg/hsqldb/util/DatabaseManagerSwing, <clinit>()V >"	25	29
"< Application, Ldacapo/hsqldb/PseudoJDBCBench, connect(Ljava/lang/String;Ljava/lang/String;Ljava/lang/String;)Ljava/sql/Connection; >"	2	7
"< Application, Lorg/hsqldb/scriptio/ScriptReaderBinary, close()V >"	3	5
"< Application, Lorg/hsqldb/util/SqlTool, objectMain([Ljava/lang/String;)V >"	155	177
"< Application, Ldacapo/hsqldb/PseudoJDBCBench$ClientThread, run()V >"	38	40
"< Application, Lorg/hsqldb/util/SqlFile, importDsv(Ljava/lang/String;Ljava/lang/String;)V >"	448	418
"< Application, Lorg/hsqldb/util/DatabaseManagerSwing, main([Ljava/lang/String;)V >"	104	114
"< Application, Lorg/hsqldb/Session, execute(Lorg/hsqldb/Result;)Lorg/hsqldb/Result; >"	98	37
"< Application, Lorg/hsqldb/persist/LockFile, newNIOLockFile()Lorg/hsqldb/persist/LockFile; >"	8	10
"< Application, Lorg/hsqldb/util/SqlFile, processSpecial(Ljava/lang/String;)V >"	295	581
"< Application, Lorg/hsqldb/resources/BundleHandler, getString(ILjava/lang/String;)Ljava/lang/String; >"	14	15
