"< Application, Lorg/hsqldb/jdbc/jdbcConnection, addWarning(Ljava/sql/SQLWarning;)V >"	8	4
"< Application, Lorg/hsqldb/HsqlDateTime, getNormalisedDate(Ljava/sql/Date;)Ljava/sql/Date; >"	11	3
"< Application, Lorg/hsqldb/store/ValuePool, getLong(J)Ljava/lang/Long; >"	7	3
"< Application, Lorg/hsqldb/Library, monthname(Ljava/sql/Date;)Ljava/lang/String; >"	14	4
"< Application, Lorg/hsqldb/Server, releaseDatabase(I)V >"	38	33
"< Application, Lorg/hsqldb/resources/BundleHandler, getLocale()Ljava/util/Locale; >"	6	2
"< Application, Lorg/hsqldb/HsqlSocketFactory, getPlainImpl()Lorg/hsqldb/HsqlSocketFactory; >"	10	2
"< Application, Lorg/hsqldb/lib/HsqlTaskQueue$TaskRunner, run()V >"	10	7
"< Application, Lorg/hsqldb/Session, execute(Lorg/hsqldb/Result;)Lorg/hsqldb/Result; >"	24	15
"< Application, Lorg/hsqldb/DITableInfo, setLocale(Ljava/util/Locale;)V >"	12	4
"< Application, Lorg/hsqldb/lib/HsqlTaskQueue$TaskRunner, run()V >"	13	7
"< Application, Lorg/hsqldb/Session, execute(Lorg/hsqldb/Result;)Lorg/hsqldb/Result; >"	80	15
"< Application, Lorg/hsqldb/store/ValuePool, getInt(I)Ljava/lang/Integer; >"	4	3
"< Application, Lorg/hsqldb/Session, execute(Lorg/hsqldb/Result;)Lorg/hsqldb/Result; >"	60	15
"< Application, Lorg/hsqldb/Session, execute(Lorg/hsqldb/Result;)Lorg/hsqldb/Result; >"	47	15
"< Application, Lorg/hsqldb/lib/HsqlTimer$TaskQueue, cancelAllTasks()V >"	9	1
"< Application, Lorg/hsqldb/jdbc/jdbcConnection, getWarnings()Ljava/sql/SQLWarning; >"	20	4
"< Application, Lorg/hsqldb/lib/HsqlTimer$Task, cancel()V >"	6	4
"< Application, Lorg/hsqldb/jdbc/jdbcConnection, clearWarnings()V >"	4	4
"< Application, Lorg/hsqldb/store/ValuePool, initPool()V >"	36	4
"< Application, Lorg/hsqldb/HsqlDateTime, getNormalisedDate(Ljava/sql/Timestamp;)Ljava/sql/Date; >"	14	3
"< Application, Lorg/hsqldb/Session, execute(Lorg/hsqldb/Result;)Lorg/hsqldb/Result; >"	116	15
"< Application, Ldacapo/Benchmark, <init>(Ldacapo/parser/Config;Ljava/io/File;)V >"	34	18
"< Application, Lorg/hsqldb/HsqlDateTime, getSytemTimeString()Ljava/lang/String; >"	8	2
"< Application, Lorg/hsqldb/HsqlSocketFactory, getPlainImpl()Lorg/hsqldb/HsqlSocketFactory; >"	7	2
"< Application, Lorg/hsqldb/Session, commit()V >"	17	5
"< Application, Lorg/hsqldb/HsqlDateTime, getNormalisedTimestamp(Ljava/sql/Time;)Ljava/sql/Timestamp; >"	13	3
"< Application, Ldacapo/Benchmark, <init>(Ldacapo/parser/Config;Ljava/io/File;)V >"	19	8
"< Application, Lorg/hsqldb/HsqlDateTime, getTimestampString(Ljava/sql/Timestamp;)Ljava/lang/String; >"	20	3
"< Application, Lorg/hsqldb/lib/HsqlTimer, nextTask()Lorg/hsqldb/lib/HsqlTimer$Task; >"	18	7
"< Application, Lorg/hsqldb/Library, to_char(Ljava/util/Date;Ljava/lang/String;)Ljava/lang/String; >"	10	5
"< Application, Lorg/hsqldb/Session, execute(Lorg/hsqldb/Result;)Lorg/hsqldb/Result; >"	63	15
"< Application, Lorg/hsqldb/store/ValuePool, resetPool([II)V >"	15	4
"< Application, Lorg/hsqldb/lib/MD5, digestBytes([B)[B >"	14	3
"< Application, Lorg/hsqldb/persist/LockFile, <clinit>()V >"	33	21
"< Application, Lorg/hsqldb/Server, handleConnection(Ljava/net/Socket;)V >"	32	37
"< Application, Lorg/hsqldb/HsqlDateTime, getTimestampString(J)Ljava/lang/String; >"	7	3
"< Application, Lorg/hsqldb/Session, rollback()V >"	17	5
"< Application, Lorg/hsqldb/DITypeInfo, setLocale(Ljava/util/Locale;)V >"	18	5
"< Application, Lorg/hsqldb/lib/HsqlTaskQueue, shutdownAfterQueued()V >"	7	5
"< Application, Lorg/hsqldb/ServerConnection, <init>(Ljava/net/Socket;Lorg/hsqldb/Server;)V >"	30	18
"< Application, Lorg/hsqldb/HsqlDateTime, getNormalisedDate(J)J >"	11	3
"< Application, Lorg/hsqldb/HsqlDateTime, getNormalisedTime(J)J >"	11	3
"< Application, Lorg/hsqldb/lib/MD5, digestBytes([B)[B >"	17	3
"< Application, Lorg/hsqldb/Library, rand(Ljava/lang/Integer;)D >"	9	3
"< Application, Lorg/hsqldb/store/ValuePool, resetPool()V >"	4	2
"< Application, Lorg/hsqldb/Session, rollback()V >"	20	5
"< Application, Lorg/hsqldb/store/ValuePool, getDouble(J)Ljava/lang/Double; >"	7	3
"< Application, Lorg/hsqldb/store/ValuePool, getLong(J)Ljava/lang/Long; >"	4	3
"< Application, Ldacapo/Benchmark, <init>(Ldacapo/parser/Config;Ljava/io/File;)V >"	31	18
"< Application, Lorg/hsqldb/store/ValuePool, getBigDecimal(Ljava/math/BigDecimal;)Ljava/math/BigDecimal; >"	7	4
"< Application, Lorg/hsqldb/resources/BundleHandler, setLocale(Ljava/util/Locale;)V >"	10	3
"< Application, Lorg/hsqldb/Session, execute(Lorg/hsqldb/Result;)Lorg/hsqldb/Result; >"	53	15
"< Application, Lorg/hsqldb/store/ValuePool, getDouble(J)Ljava/lang/Double; >"	4	3
"< Application, Lorg/hsqldb/Session, close()V >"	38	5
"< Application, Lorg/hsqldb/store/ValuePool, clearPool()V >"	10	2
"< Application, Lorg/hsqldb/HsqlDateTime, getDateTimePart(Ljava/util/Date;I)I >"	9	4
"< Application, Lorg/hsqldb/HsqlDateTime, getTimeString(Ljava/util/Date;Ljava/util/Calendar;)Ljava/lang/String; >"	10	4
"< Application, Lorg/hsqldb/lib/HsqlTaskQueue, execute(Ljava/lang/Runnable;)V >"	6	6
"< Application, Lorg/hsqldb/HsqlDateTime, getTimeString(Ljava/util/Date;Ljava/util/Calendar;)Ljava/lang/String; >"	13	4
"< Application, Lorg/hsqldb/HsqlSocketFactory, getSSLImpl()Lorg/hsqldb/HsqlSocketFactory; >"	9	2
"< Application, Lorg/hsqldb/Session, execute(Lorg/hsqldb/Result;)Lorg/hsqldb/Result; >"	91	15
"< Application, Lorg/hsqldb/Session, setAutoCommit(Z)V >"	18	6
"< Application, Ldacapo/Benchmark, <init>(Ldacapo/parser/Config;Ljava/io/File;)V >"	16	8
"< Application, Lorg/hsqldb/DatabaseManager, getDatabase(Ljava/lang/String;Ljava/lang/String;Lorg/hsqldb/persist/HsqlProperties;)Lorg/hsqldb/Database; >"	15	6
"< Application, Lorg/hsqldb/resources/BundleHandler, getString(ILjava/lang/String;)Ljava/lang/String; >"	15	4
"< Application, Lorg/hsqldb/HsqlSocketFactorySecure, getSocketFactoryImpl()Ljavax/net/ssl/SSLSocketFactory; >"	10	3
"< Application, Lorg/hsqldb/HsqlDateTime, getNormalisedTime(J)J >"	8	3
"< Application, Lorg/hsqldb/store/ValuePool, getInt(I)Ljava/lang/Integer; >"	7	3
"< Application, Lorg/hsqldb/jdbc/jdbcConnection, getWarnings()Ljava/sql/SQLWarning; >"	17	4
"< Application, Lorg/hsqldb/HsqlDateTime, getNormalisedDate(Ljava/sql/Date;)Ljava/sql/Date; >"	14	3
"< Application, Lorg/hsqldb/ServerConnection, <init>(Ljava/net/Socket;Lorg/hsqldb/Server;)V >"	21	13
"< Application, Lorg/hsqldb/Session, execute(Lorg/hsqldb/Result;)Lorg/hsqldb/Result; >"	101	15
"< Application, Lorg/hsqldb/store/ValuePool, getDate(J)Ljava/sql/Date; >"	4	3
"< Application, Lorg/hsqldb/jdbc/jdbcConnection, addWarning(Ljava/sql/SQLWarning;)V >"	11	4
"< Application, Lorg/hsqldb/lib/HsqlTaskQueue, shutdownImmediately()V >"	15	8
"< Application, Lorg/hsqldb/DatabaseManager, getDatabase(Ljava/lang/String;Ljava/lang/String;Lorg/hsqldb/persist/HsqlProperties;)Lorg/hsqldb/Database; >"	12	6
"< Application, Lorg/hsqldb/store/ValuePool, resetPool()V >"	7	2
"< Application, Lorg/hsqldb/Session, execute(Lorg/hsqldb/Result;)Lorg/hsqldb/Result; >"	113	15
"< Application, Lorg/hsqldb/HsqlDateTime, getDateString(Ljava/util/Date;Ljava/util/Calendar;)Ljava/lang/String; >"	10	4
"< Application, Lorg/hsqldb/Library, monthname(Ljava/sql/Date;)Ljava/lang/String; >"	11	4
"< Application, Lorg/hsqldb/Server, signalCloseAllServerConnections()V >"	10	5
"< Application, Lorg/hsqldb/lib/HsqlTaskQueue, shutdownAfterCurrent()V >"	11	4
"< Application, Lorg/hsqldb/resources/BundleHandler, getBundleHandle(Ljava/lang/String;Ljava/lang/ClassLoader;)I >"	36	13
"< Application, Lorg/hsqldb/HsqlDateTime, getSytemTimeString()Ljava/lang/String; >"	11	2
"< Application, Lorg/hsqldb/Session, execute(Lorg/hsqldb/Result;)Lorg/hsqldb/Result; >"	88	15
"< Application, Lorg/hsqldb/Session, execute(Lorg/hsqldb/Result;)Lorg/hsqldb/Result; >"	108	15
"< Application, Lorg/hsqldb/lib/HsqlTimer$Task, isCancelled()Z >"	6	3
"< Application, Lorg/hsqldb/HsqlDateTime, getNormalisedDate(Ljava/sql/Timestamp;)Ljava/sql/Date; >"	11	3
"< Application, Lorg/hsqldb/Session, close()V >"	35	5
"< Application, Lorg/hsqldb/store/ValuePool, clearPool()V >"	13	2
"< Application, Lorg/hsqldb/Session, execute(Lorg/hsqldb/Result;)Lorg/hsqldb/Result; >"	37	15
"< Application, Lorg/hsqldb/persist/LockFile, <clinit>()V >"	30	21
"< Application, Lorg/hsqldb/lib/HsqlTimer$TaskQueue, cancelAllTasks()V >"	6	1
"< Application, Lorg/hsqldb/lib/HsqlTaskQueue, execute(Ljava/lang/Runnable;)V >"	9	6
"< Application, Lorg/hsqldb/ServerConnection, <init>(Ljava/net/Socket;Lorg/hsqldb/Server;)V >"	27	18
"< Application, Lorg/hsqldb/Session, setAutoCommit(Z)V >"	15	6
"< Application, Lorg/hsqldb/store/ValuePool, getDate(J)Ljava/sql/Date; >"	7	3
"< Application, Lorg/hsqldb/store/ValuePool, resetPool([II)V >"	12	4
"< Application, Lorg/hsqldb/HsqlDateTime, getDateString(Ljava/util/Date;Ljava/util/Calendar;)Ljava/lang/String; >"	13	4
"< Application, Lorg/hsqldb/jdbc/jdbcConnection, clearWarningsNoCheck()V >"	6	3
"< Application, Lorg/hsqldb/Session, sqlExecuteDirectNoPreChecks(Ljava/lang/String;)Lorg/hsqldb/Result; >"	7	4
"< Application, Lorg/hsqldb/Session, sqlExecuteDirectNoPreChecks(Ljava/lang/String;)Lorg/hsqldb/Result; >"	4	4
"< Application, Lorg/hsqldb/jdbc/jdbcConnection, clearWarnings()V >"	7	4
"< Application, Lorg/hsqldb/Session, execute(Lorg/hsqldb/Result;)Lorg/hsqldb/Result; >"	28	15
"< Application, Lorg/hsqldb/jdbc/jdbcConnection, clearWarningsNoCheck()V >"	3	3
"< Application, Lorg/hsqldb/resources/BundleHandler, getLocale()Ljava/util/Locale; >"	3	2
"< Application, Lorg/hsqldb/Library, to_char(Ljava/util/Date;Ljava/lang/String;)Ljava/lang/String; >"	13	5
"< Application, Lorg/hsqldb/Library, rand(Ljava/lang/Integer;)D >"	12	3
"< Application, Lorg/hsqldb/resources/BundleHandler, getString(ILjava/lang/String;)Ljava/lang/String; >"	12	4
"< Application, Lorg/hsqldb/lib/HsqlTimer, nextTask()Lorg/hsqldb/lib/HsqlTimer$Task; >"	25	7
"< Application, Lorg/hsqldb/lib/HsqlTaskQueue, shutdownAfterQueued()V >"	10	5
"< Application, Lorg/hsqldb/HsqlDateTime, getNormalisedTimestamp(Ljava/sql/Time;)Ljava/sql/Timestamp; >"	16	3
"< Application, Lorg/hsqldb/store/ValuePool, initPool()V >"	39	4
"< Application, Lorg/hsqldb/HsqlSocketFactorySecure, getSocketFactoryImpl()Ljavax/net/ssl/SSLSocketFactory; >"	7	3
"< Application, Lorg/hsqldb/HsqlDateTime, getNormalisedTimestamp(Ljava/sql/Date;)Ljava/sql/Timestamp; >"	14	3
"< Application, Lorg/hsqldb/HsqlSocketFactorySecure, getServerSocketFactoryImpl()Ljavax/net/ssl/SSLServerSocketFactory; >"	7	3
"< Application, Lorg/hsqldb/resources/BundleHandler, setLocale(Ljava/util/Locale;)V >"	7	3
"< Application, Lorg/hsqldb/lib/HsqlTimer, nextTask()Lorg/hsqldb/lib/HsqlTimer$Task; >"	22	7
"< Application, Lorg/hsqldb/Library, dayname(Ljava/sql/Date;)Ljava/lang/String; >"	14	4
"< Application, Lorg/hsqldb/Session, close()V >"	7	5
"< Application, Lorg/hsqldb/lib/HsqlTimer$Task, cancel()V >"	9	4
"< Application, Lorg/hsqldb/store/ValuePool, getBigDecimal(Ljava/math/BigDecimal;)Ljava/math/BigDecimal; >"	10	4
"< Application, Lorg/hsqldb/HsqlDateTime, getTimeInMillis(Ljava/util/Date;Ljava/util/Calendar;Ljava/util/Calendar;)J >"	18	10
"< Application, Lorg/hsqldb/lib/HsqlTaskQueue, shutdownAfterCurrent()V >"	8	4
"< Application, Lorg/hsqldb/HsqlSocketFactorySecure, getServerSocketFactoryImpl()Ljavax/net/ssl/SSLServerSocketFactory; >"	10	3
"< Application, Lorg/hsqldb/Session, execute(Lorg/hsqldb/Result;)Lorg/hsqldb/Result; >"	104	15
"< Application, Lorg/hsqldb/Session, commit()V >"	20	5
"< Application, Lorg/hsqldb/Session, execute(Lorg/hsqldb/Result;)Lorg/hsqldb/Result; >"	33	15
"< Application, Lorg/hsqldb/Server, handleConnection(Ljava/net/Socket;)V >"	29	37
"< Application, Lorg/hsqldb/HsqlDateTime, getTimeInMillis(Ljava/util/Date;Ljava/util/Calendar;Ljava/util/Calendar;)J >"	21	10
"< Application, Lorg/hsqldb/lib/HsqlTaskQueue$TaskRunner, run()V >"	28	21
"< Application, Lorg/hsqldb/HsqlDateTime, getNormalisedDate(J)J >"	8	3
"< Application, Lorg/hsqldb/lib/HsqlTimer$Task, isCancelled()Z >"	3	3
"< Application, Lorg/hsqldb/HsqlDateTime, getTimestampString(J)Ljava/lang/String; >"	10	3
"< Application, Lorg/hsqldb/DITableInfo, setLocale(Ljava/util/Locale;)V >"	9	4
"< Application, Lorg/hsqldb/store/ValuePool, getString(Ljava/lang/String;)Ljava/lang/String; >"	9	7
"< Application, Lorg/hsqldb/Server, releaseDatabase(I)V >"	35	33
"< Application, Lorg/hsqldb/HsqlDateTime, getTimestampString(Ljava/sql/Timestamp;Ljava/util/Calendar;)Ljava/lang/String; >"	23	4
"< Application, Lorg/hsqldb/lib/HsqlTaskQueue, shutdownImmediately()V >"	12	8
"< Application, Lorg/hsqldb/HsqlSocketFactory, getSSLImpl()Lorg/hsqldb/HsqlSocketFactory; >"	6	2
"< Application, Lorg/hsqldb/Library, dayname(Ljava/sql/Date;)Ljava/lang/String; >"	11	4
"< Application, Lorg/hsqldb/resources/BundleHandler, getBundleHandle(Ljava/lang/String;Ljava/lang/ClassLoader;)I >"	33	13
"< Application, Lorg/hsqldb/HsqlDateTime, getNormalisedTimestamp(Ljava/sql/Date;)Ljava/sql/Timestamp; >"	11	3
"< Application, Lorg/hsqldb/Server, signalCloseAllServerConnections()V >"	7	5
"< Application, Lorg/hsqldb/lib/HsqlTimer, nextTask()Lorg/hsqldb/lib/HsqlTimer$Task; >"	9	7
"< Application, Lorg/hsqldb/store/ValuePool, getString(Ljava/lang/String;)Ljava/lang/String; >"	12	7
"< Application, Lorg/hsqldb/lib/HsqlTaskQueue$TaskRunner, run()V >"	25	21
"< Application, Lorg/hsqldb/ServerConnection, close()V >"	19	12
"< Application, Lorg/hsqldb/HsqlDateTime, getTimestampString(Ljava/sql/Timestamp;Ljava/util/Calendar;)Ljava/lang/String; >"	20	4
"< Application, Lorg/hsqldb/HsqlDateTime, getDateTimePart(Ljava/util/Date;I)I >"	6	4
"< Application, Lorg/hsqldb/ServerConnection, <init>(Ljava/net/Socket;Lorg/hsqldb/Server;)V >"	18	13
"< Application, Lorg/hsqldb/Session, execute(Lorg/hsqldb/Result;)Lorg/hsqldb/Result; >"	66	15
"< Application, Lorg/hsqldb/ServerConnection, close()V >"	16	12
"< Application, Lorg/hsqldb/HsqlDateTime, getTimestampString(Ljava/sql/Timestamp;)Ljava/lang/String; >"	17	3
"< Application, Lorg/hsqldb/DITypeInfo, setLocale(Ljava/util/Locale;)V >"	21	5
