"< Application, Lorg/hsqldb/persist/ScaledRAFile, writeInt(I)V >"	17	19	java_prim_type_long	18	java_prim_type_int
"< Application, Lorg/hsqldb/jdbc/jdbcPreparedStatement, setFloat(IF)V >"	0	5	java_prim_type_double	3	java_prim_type_float
"< Application, Lorg/hsqldb/scriptio/ScriptWriterBase, setWriteDelay(I)V >"	7	10	java_prim_type_long	8	java_prim_type_int
"< Application, Lorg/hsqldb/jdbc/jdbcClob, getSubString(JI)Ljava/lang/String; >"	5	13	java_prim_type_long	7	java_prim_type_int
"< Application, Lorg/hsqldb/lib/HsqlByteArrayOutputStream, writeShort(I)V >"	6	12	java_prim_type_byte	11	java_prim_type_int
"< Application, Lorg/hsqldb/persist/DataFileCache, initParams(Lorg/hsqldb/Database;Ljava/lang/String;)V >"	33	59	java_prim_type_long	58	java_prim_type_int
"< Application, Lorg/hsqldb/jdbc/jdbcBlob, truncate(J)V >"	4	9	java_prim_type_long	8	java_prim_type_int
"< Application, Lorg/hsqldb/SetFunction, getValue()Ljava/lang/Object; >"	31	52	java_prim_type_double	51	java_prim_type_int
"< Application, Lorg/hsqldb/lib/HsqlByteArrayOutputStream, writeChars(Ljava/lang/String;)V >"	17	22	java_prim_type_byte	11	java_prim_type_int
"< Application, Lorg/hsqldb/lib/HsqlByteArrayInputStream, skip(J)J >"	18	21	java_prim_type_int	20	java_prim_type_long
"< Application, Lorg/hsqldb/lib/StringConverter, asciiToUnicode([BII)Ljava/lang/String; >"	42	51	java_prim_type_char	8	java_prim_type_int
"< Application, Lorg/hsqldb/Column, compareToTypeRange(Ljava/lang/Object;I)I >"	15	40	java_prim_type_long	39	java_prim_type_int
"< Application, Lorg/hsqldb/lib/StringConverter, asciiToUnicode(Ljava/lang/String;)Ljava/lang/String; >"	35	54	java_prim_type_char	52	java_prim_type_int
"< Application, Lorg/hsqldb/scriptio/ScriptWriterBase, start()V >"	6	11	java_prim_type_long	7	java_prim_type_int
"< Application, Lorg/hsqldb/lib/IntKeyLongValueHashMap, put(II)Z >"	2	8	java_prim_type_long	3	java_prim_type_int
"< Application, Lorg/hsqldb/SetFunction, getValue()Ljava/lang/Object; >"	21	58	java_prim_type_long	57	java_prim_type_int
"< Application, Lorg/hsqldb/store/BaseHashMap, rehash(I)V >"	12	14	java_prim_type_int	13	java_prim_type_float
"< Application, Lorg/hsqldb/store/BaseHashMap, <init>(IFIIZ)V >"	6	11	java_prim_type_double	3	java_prim_type_float
"< Application, Lorg/hsqldb/lib/ArrayCounter, rank([IIIIII)I >"	13	21	java_prim_type_int	20	java_prim_type_long
"< Application, Lorg/hsqldb/persist/DataFileBlockManager, get(I)I >"	31	29	java_prim_type_long	21	java_prim_type_int
"< Application, Lorg/hsqldb/lib/IntKeyLongValueHashMap, remove(I)Z >"	1	6	java_prim_type_long	2	java_prim_type_int
"< Application, Lorg/hsqldb/util/SqlToolSprayer, main([Ljava/lang/String;)V >"	12	20	java_prim_type_long	19	java_prim_type_int
"< Application, Lorg/hsqldb/jdbc/jdbcPreparedStatement, setUnicodeStream(ILjava/io/InputStream;I)V >"	22	26	java_prim_type_char	25	java_prim_type_int
"< Application, Lorg/hsqldb/lib/HsqlByteArrayOutputStream, writeByte(I)V >"	5	9	java_prim_type_byte	2	java_prim_type_int
"< Application, Lorg/hsqldb/jdbc/jdbcBlob, position([BJ)J >"	15	18	java_prim_type_long	17	java_prim_type_int
"< Application, Lorg/hsqldb/jdbc/jdbcPreparedStatement, setBlob(ILjava/sql/Blob;)V >"	24	19	java_prim_type_int	10	java_prim_type_long
"< Application, Lorg/hsqldb/lib/HsqlByteArrayOutputStream, writeUTF(Ljava/lang/String;)V >"	24	25	java_prim_type_byte	24	java_prim_type_int
"< Application, Lorg/hsqldb/persist/ScaledRAFile, read([BII)V >"	10	15	java_prim_type_long	14	java_prim_type_int
"< Application, Lorg/hsqldb/scriptio/ScriptWriterText, writeDeleteStatement(Lorg/hsqldb/Session;Lorg/hsqldb/Table;[Ljava/lang/Object;)V >"	37	51	java_prim_type_long	50	java_prim_type_int
"< Application, Lorg/hsqldb/persist/Log, setLogSize(I)V >"	5	13	java_prim_type_long	12	java_prim_type_int
"< Application, Lorg/hsqldb/Library, rand(Ljava/lang/Integer;)D >"	5	8	java_prim_type_long	7	java_prim_type_int
"< Application, Lorg/hsqldb/util/SqlToolSprayer, main([Ljava/lang/String;)V >"	19	30	java_prim_type_long	29	java_prim_type_int
"< Application, Lorg/hsqldb/persist/DataFileBlockManager, removeBlocks(I)V >"	5	9	java_prim_type_long	8	java_prim_type_int
"< Application, Lorg/hsqldb/persist/TextCache, readObject(I)Lorg/hsqldb/rowio/RowInputInterface; >"	6	12	java_prim_type_long	9	java_prim_type_int
"< Application, Lorg/hsqldb/lib/HsqlByteArrayOutputStream, writeBytes(Ljava/lang/String;)V >"	9	14	java_prim_type_byte	13	java_prim_type_int
"< Application, Lorg/hsqldb/util/DatabaseManagerCommon, testStatement(Ljava/sql/Statement;Ljava/lang/String;I)J >"	17	27	java_prim_type_int	26	java_prim_type_double
"< Application, Lorg/hsqldb/persist/TextCache, clearRowImage(Lorg/hsqldb/persist/CachedObject;)V >"	13	21	java_prim_type_long	20	java_prim_type_int
"< Application, Lorg/hsqldb/jdbc/jdbcBlob, getBytes(JI)[B >"	17	14	java_prim_type_long	3	java_prim_type_int
"< Application, Lorg/hsqldb/rowio/RowInputBase, resetRow(II)V >"	29	33	java_prim_type_byte	32	java_prim_type_int
"< Application, Lorg/hsqldb/persist/ScaledRAFileInJar, read()I >"	15	15	java_prim_type_long	14	java_prim_type_int
"< Application, Lorg/hsqldb/persist/ScaledRAFile, readIntoBuffer()V >"	28	29	java_prim_type_int	23	java_prim_type_long
"< Application, Lorg/hsqldb/persist/DataFileBlockManager, resetList()V >"	6	10	java_prim_type_int	9	java_prim_type_long
"< Application, Lorg/hsqldb/util/DatabaseManagerSwing, directRefreshTree()V >"	101	110	java_prim_type_long	109	java_prim_type_int
"< Application, Lorg/hsqldb/lib/ArrayCounter, calcInterval(III)J >"	1	6	java_prim_type_long	5	java_prim_type_int
"< Application, Lorg/hsqldb/jdbc/jdbcBlob, position([BJ)J >"	37	40	java_prim_type_long	39	java_prim_type_int
"< Application, Lorg/hsqldb/jdbc/jdbcClob, getSubString(JI)Ljava/lang/String; >"	33	34	java_prim_type_int	9	java_prim_type_long
"< Application, Lorg/hsqldb/store/BaseHashMap, addOrRemove(JJLjava/lang/Object;Ljava/lang/Object;Z)Ljava/lang/Object; >"	98	78	java_prim_type_int	3	java_prim_type_long
"< Application, Lorg/hsqldb/lib/StringConverter, readUTF([BII[C)Ljava/lang/String; >"	37	42	java_prim_type_char	41	java_prim_type_int
"< Application, Lorg/hsqldb/Library, truncate(DI)D >"	0	5	java_prim_type_double	2	java_prim_type_int
"< Application, Lorg/hsqldb/NumberSequence, getValueObject()Ljava/lang/Object; >"	8	12	java_prim_type_int	3	java_prim_type_long
"< Application, Lorg/hsqldb/util/SqlFile, convertNumericEscape(Ljava/lang/String;I)Ljava/lang/String; >"	32	52	java_prim_type_char	51	java_prim_type_int
"< Application, Lorg/hsqldb/store/BaseHashMap, addOrRemove(JJLjava/lang/Object;Ljava/lang/Object;Z)Ljava/lang/Object; >"	135	55	java_prim_type_int	2	java_prim_type_long
"< Application, Lorg/hsqldb/jdbc/jdbcClob, truncate(J)V >"	2	7	java_prim_type_long	6	java_prim_type_int
"< Application, Lorg/hsqldb/Column, convertToInt(Ljava/lang/Object;)Ljava/lang/Integer; >"	29	19	java_prim_type_int	12	java_prim_type_double
"< Application, Lorg/hsqldb/Column, convertToDouble(Ljava/lang/Object;)Ljava/lang/Double; >"	6	14	java_prim_type_double	12	java_prim_type_int
"< Application, Lorg/hsqldb/Table, resetRowId(Lorg/hsqldb/Session;)V >"	13	23	java_prim_type_int	22	java_prim_type_long
"< Application, Lorg/hsqldb/persist/ScaledRAFile, readIntoBuffer()V >"	16	18	java_prim_type_long	17	java_prim_type_int
"< Application, Lorg/hsqldb/lib/StringConverter, stringToFullByteArray(Ljava/lang/String;)[B >"	9	17	java_prim_type_byte	16	java_prim_type_int
"< Application, Lorg/hsqldb/Library, round(DI)D >"	0	5	java_prim_type_double	2	java_prim_type_int
"< Application, Lorg/hsqldb/persist/Log, initParams()V >"	4	11	java_prim_type_long	10	java_prim_type_int
"< Application, Lorg/hsqldb/lib/HsqlByteArrayOutputStream, writeInt(I)V >"	25	28	java_prim_type_byte	27	java_prim_type_int
"< Application, Lorg/hsqldb/Table, newRow([Ljava/lang/Object;)Lorg/hsqldb/Row; >"	6	21	java_prim_type_int	20	java_prim_type_long
"< Application, Lorg/hsqldb/persist/ScaledRAFileInJar, readIntoBuffer()V >"	21	20	java_prim_type_long	19	java_prim_type_int
"< Application, Lorg/hsqldb/persist/DataFileDefrag, writeTableToDataFile(Lorg/hsqldb/Table;)[I >"	27	44	java_prim_type_long	43	java_prim_type_int
"< Application, Lorg/hsqldb/store/BaseHashMap, rehash(I)V >"	43	40	java_prim_type_long	39	java_prim_type_int
"< Application, Lorg/hsqldb/jdbc/jdbcPreparedStatement, setClob(ILjava/sql/Clob;)V >"	24	19	java_prim_type_int	10	java_prim_type_long
"< Application, Lorg/hsqldb/store/BaseHashMap, addOrRemove(JJLjava/lang/Object;Ljava/lang/Object;Z)Ljava/lang/Object; >"	158	63	java_prim_type_int	3	java_prim_type_long
"< Application, Lorg/hsqldb/persist/DataFileBlockManager, add(II)V >"	4	20	java_prim_type_long	3	java_prim_type_int
"< Application, Ldacapo/hsqldb/PseudoJDBCBench, reportDone()V >"	1	5	java_prim_type_double	4	java_prim_type_long
"< Application, Lorg/hsqldb/jdbc/jdbcBlob, getBytes(JI)[B >"	5	12	java_prim_type_long	6	java_prim_type_int
"< Application, Lorg/hsqldb/persist/ScaledRAFile, seek(J)V >"	23	27	java_prim_type_int	16	java_prim_type_long
"< Application, Ldacapo/hsqldb/PseudoJDBCBench, reportDone()V >"	3	7	java_prim_type_double	6	java_prim_type_long
"< Application, Lorg/hsqldb/persist/DataFileCache, saveRow(Lorg/hsqldb/persist/CachedObject;)V >"	9	14	java_prim_type_long	13	java_prim_type_int
"< Application, Lorg/hsqldb/lib/HsqlByteArrayInputStream, skip(J)J >"	16	19	java_prim_type_long	18	java_prim_type_int
"< Application, Lorg/hsqldb/SetFunction, getVariance()Ljava/lang/Number; >"	20	9	java_prim_type_double	8	java_prim_type_long
"< Application, Lorg/hsqldb/persist/ScaledRAFileInJar, readIntoBuffer()V >"	27	26	java_prim_type_int	21	java_prim_type_long
"< Application, Lorg/hsqldb/lib/HsqlArrayList, increaseCapacity()V >"	9	13	java_prim_type_int	12	java_prim_type_float
"< Application, Lorg/hsqldb/rowio/RowInputText, readShortData()S >"	1	5	java_prim_type_short	4	java_prim_type_int
"< Application, Lorg/hsqldb/Library, hexToRaw(Ljava/lang/String;)Ljava/lang/String; >"	13	17	java_prim_type_char	16	java_prim_type_int
"< Application, Lorg/hsqldb/persist/DataFileDefrag, writeTransactionRows()V >"	25	32	java_prim_type_long	31	java_prim_type_int
"< Application, Lorg/hsqldb/lib/ArrayCounter, rank([IIIIII)I >"	22	30	java_prim_type_long	24	java_prim_type_int
"< Application, Lorg/hsqldb/lib/StringConverter, byteToHex([B)Ljava/lang/String; >"	18	24	java_prim_type_char	23	java_prim_type_int
"< Application, Lorg/hsqldb/persist/TextCache, readHeaderLine()I >"	33	42	java_prim_type_int	38	java_prim_type_long
"< Application, Lorg/hsqldb/lib/ArrayCounter, calcInterval(III)J >"	11	15	java_prim_type_long	1	java_prim_type_int
"< Application, Lorg/hsqldb/lib/HsqlByteArrayInputStream, readChar()C >"	9	12	java_prim_type_char	11	java_prim_type_int
"< Application, Lorg/hsqldb/SetFunction, getStdDev()Ljava/lang/Number; >"	13	21	java_prim_type_double	20	java_prim_type_long
"< Application, Lorg/hsqldb/jdbc/jdbcBlob, position(Ljava/sql/Blob;J)J >"	30	31	java_prim_type_int	15	java_prim_type_long
"< Application, Lorg/hsqldb/jdbc/jdbcBlob, getBytes(JI)[B >"	18	15	java_prim_type_long	6	java_prim_type_int
"< Application, Lorg/hsqldb/jdbc/jdbcBlob, position(Ljava/sql/Blob;J)J >"	15	19	java_prim_type_long	6	java_prim_type_int
"< Application, Lorg/hsqldb/persist/DataFileBlockManager, get(I)I >"	12	16	java_prim_type_long	2	java_prim_type_int
"< Application, Lorg/hsqldb/Column, convertToLong(Ljava/lang/Object;)Ljava/lang/Long; >"	29	19	java_prim_type_long	12	java_prim_type_double
"< Application, Lorg/hsqldb/SetFunction, getVariance()Ljava/lang/Number; >"	13	19	java_prim_type_double	18	java_prim_type_long
"< Application, Lorg/hsqldb/store/BaseHashMap, removeLookup(I)Ljava/lang/Object; >"	8	8	java_prim_type_long	7	java_prim_type_int
"< Application, Lorg/hsqldb/jdbc/jdbcClob, getSubString(JI)Ljava/lang/String; >"	32	33	java_prim_type_int	9	java_prim_type_long
"< Application, Lorg/hsqldb/persist/ScaledRAFile, read([BII)V >"	54	52	java_prim_type_long	51	java_prim_type_int
"< Application, Lorg/hsqldb/jdbc/jdbcBlob, truncate(J)V >"	11	12	java_prim_type_long	11	java_prim_type_int
"< Application, Lorg/hsqldb/util/SqlFile, importDsv(Ljava/lang/String;Ljava/lang/String;)V >"	72	85	java_prim_type_int	84	java_prim_type_long
"< Application, Lorg/hsqldb/lib/HsqlByteArrayInputStream, readByte()B >"	5	6	java_prim_type_byte	4	java_prim_type_int
"< Application, Lorg/hsqldb/store/ValuePoolHashMap, getOrAddDouble(J)Ljava/lang/Double; >"	3	8	java_prim_type_int	7	java_prim_type_long
"< Application, Lorg/hsqldb/persist/Log, forceDefrag()Z >"	2	8	java_prim_type_long	7	java_prim_type_int
"< Application, Lorg/hsqldb/lib/IntKeyIntValueHashMap, put(II)Z >"	1	7	java_prim_type_long	2	java_prim_type_int
"< Application, Lorg/hsqldb/Column, compareToTypeRange(Ljava/lang/Object;I)I >"	19	42	java_prim_type_long	38	java_prim_type_int
"< Application, Lorg/hsqldb/lib/HsqlByteArrayInputStream, skipBytes(I)I >"	2	7	java_prim_type_int	6	java_prim_type_long
"< Application, Lorg/hsqldb/persist/TextCache, translateSep(Ljava/lang/String;Z)Ljava/lang/String; >"	39	51	java_prim_type_char	50	java_prim_type_int
"< Application, Lorg/hsqldb/persist/LockFile, writeHeartbeat()V >"	3	6	java_prim_type_long	5	java_prim_type_int
"< Application, Lorg/hsqldb/persist/DataFileCache, setFilePos(Lorg/hsqldb/persist/CachedObject;)I >"	10	15	java_prim_type_long	14	java_prim_type_int
"< Application, Lorg/hsqldb/persist/ScaledRAFile, writeLong(J)V >"	17	19	java_prim_type_long	18	java_prim_type_int
"< Application, Lorg/hsqldb/util/DatabaseManagerCommon, testStatement(Ljava/sql/Statement;Ljava/lang/String;I)J >"	15	25	java_prim_type_double	62	java_prim_type_int
"< Application, Lorg/hsqldb/persist/ScaledRAFile, readLong()J >"	10	12	java_prim_type_long	11	java_prim_type_int
"< Application, Lorg/hsqldb/lib/HsqlByteArrayOutputStream, writeChar(I)V >"	12	16	java_prim_type_byte	2	java_prim_type_int
"< Application, Lorg/hsqldb/jdbc/jdbcClob, truncate(J)V >"	15	16	java_prim_type_int	9	java_prim_type_long
"< Application, Lorg/hsqldb/lib/StringConverter, asciiToUnicode([BII)Ljava/lang/String; >"	47	55	java_prim_type_char	8	java_prim_type_int
"< Application, Lorg/hsqldb/persist/ScaledRAFile, readIntoBuffer()V >"	21	22	java_prim_type_long	21	java_prim_type_int
"< Application, Lorg/hsqldb/scriptio/ScriptWriterText, writeCommitStatement(Lorg/hsqldb/Session;)V >"	19	27	java_prim_type_long	26	java_prim_type_int
"< Application, Lorg/hsqldb/store/ValuePoolHashMap, getOrAddLong(J)Ljava/lang/Long; >"	3	8	java_prim_type_int	7	java_prim_type_long
"< Application, Lorg/hsqldb/persist/ScaledRAFileInJar, read([BII)V >"	25	31	java_prim_type_long	29	java_prim_type_int
"< Application, Lorg/hsqldb/persist/ScaledRAFileInJar, read([BII)V >"	41	44	java_prim_type_long	43	java_prim_type_int
"< Application, Lorg/hsqldb/persist/DataFileCache, readObject(I)Lorg/hsqldb/rowio/RowInputInterface; >"	3	7	java_prim_type_long	6	java_prim_type_int
"< Application, Lorg/hsqldb/SetFunction, getStdDev()Ljava/lang/Number; >"	21	9	java_prim_type_double	8	java_prim_type_long
"< Application, Ldacapo/hsqldb/PseudoJDBCBench, getRandomInt(II)I >"	5	12	java_prim_type_int	11	java_prim_type_double
"< Application, Lorg/hsqldb/store/BaseHashMap, getLookup(J)I >"	1	5	java_prim_type_int	2	java_prim_type_long
"< Application, Lorg/hsqldb/lib/HsqlByteArrayInputStream, skip(J)J >"	4	8	java_prim_type_long	7	java_prim_type_int
"< Application, Lorg/hsqldb/store/BaseHashMap, rehash(I)V >"	29	28	java_prim_type_long	27	java_prim_type_int
"< Application, Lorg/hsqldb/util/TableSorter$Arrow, paintIcon(Ljava/awt/Component;Ljava/awt/Graphics;II)V >"	7	15	java_prim_type_double	14	java_prim_type_int
"< Application, Lorg/hsqldb/jdbc/jdbcPreparedStatement, setIntParameter(II)V >"	11	11	java_prim_type_long	3	java_prim_type_int
"< Application, Ldacapo/hsqldb/PseudoJDBCBench, reportDone()V >"	72	96	java_prim_type_double	95	java_prim_type_int
"< Application, Lorg/hsqldb/lib/HsqlByteArrayOutputStream, write(I)V >"	5	9	java_prim_type_byte	2	java_prim_type_int
"< Application, Lorg/hsqldb/lib/ArrayCounter, calcInterval(III)J >"	5	10	java_prim_type_long	1	java_prim_type_int
"< Application, Lorg/hsqldb/persist/LockFile, getPollHeartbeatInterval()J >"	1	7	java_prim_type_long	4	java_prim_type_int
"< Application, Lorg/hsqldb/jdbc/jdbcClob, position(Ljava/lang/String;J)J >"	11	17	java_prim_type_long	16	java_prim_type_int
"< Application, Lorg/hsqldb/store/BaseHashMap, addOrRemove(JJLjava/lang/Object;Ljava/lang/Object;Z)Ljava/lang/Object; >"	0	8	java_prim_type_int	2	java_prim_type_long
"< Application, Lorg/hsqldb/persist/ScaledRAFile, readIntoBuffer()V >"	3	6	java_prim_type_long	5	java_prim_type_int
"< Application, Lorg/hsqldb/lib/HsqlByteArrayOutputStream, writeUTF(Ljava/lang/String;)V >"	27	27	java_prim_type_byte	19	java_prim_type_int
"< Application, Lorg/hsqldb/lib/HsqlByteArrayOutputStream, writeShort(I)V >"	12	16	java_prim_type_byte	2	java_prim_type_int
"< Application, Lorg/hsqldb/DatabaseCommandInterpreter, processCreateColumn(Lorg/hsqldb/HsqlNameManager$HsqlName;)Lorg/hsqldb/Column; >"	2	7	java_prim_type_long	6	java_prim_type_int
"< Application, Lorg/hsqldb/lib/IntKeyIntValueHashMap, remove(I)Z >"	1	6	java_prim_type_long	2	java_prim_type_int
"< Application, Lorg/hsqldb/Table, setIdentityColumn(Lorg/hsqldb/Session;[Ljava/lang/Object;)V >"	12	28	java_prim_type_int	27	java_prim_type_long
"< Application, Lorg/hsqldb/lib/StringConverter, hexToByte(Ljava/lang/String;)[B >"	25	31	java_prim_type_byte	30	java_prim_type_int
"< Application, Lorg/hsqldb/SetFunction, getValue()Ljava/lang/Object; >"	15	70	java_prim_type_long	69	java_prim_type_int
"< Application, Lorg/hsqldb/store/ValuePoolHashMap, getOrAddDate(J)Ljava/sql/Date; >"	2	7	java_prim_type_int	6	java_prim_type_long
"< Application, Ldacapo/hsqldb/PseudoJDBCBench, getRandomInt(II)I >"	3	10	java_prim_type_double	9	java_prim_type_int
"< Application, Lorg/hsqldb/persist/ScaledRAFileInJar, read([BII)V >"	10	15	java_prim_type_long	14	java_prim_type_int
"< Application, Lorg/hsqldb/persist/Log, getLogSize()I >"	2	6	java_prim_type_int	5	java_prim_type_long
"< Application, Lorg/hsqldb/lib/HsqlByteArrayOutputStream, writeChar(I)V >"	6	12	java_prim_type_byte	11	java_prim_type_int
"< Application, Lorg/hsqldb/jdbc/jdbcBlob, position(Ljava/sql/Blob;J)J >"	2	7	java_prim_type_long	6	java_prim_type_int
"< Application, Lorg/hsqldb/persist/DataFileDefrag, writeTableToDataFile(Lorg/hsqldb/Table;)[I >"	73	115	java_prim_type_long	114	java_prim_type_int
"< Application, Lorg/hsqldb/lib/HsqlByteArrayOutputStream, writeInt(I)V >"	11	16	java_prim_type_byte	15	java_prim_type_int
"< Application, Lorg/hsqldb/lib/IntKeyHashMap, put(ILjava/lang/Object;)Ljava/lang/Object; >"	0	5	java_prim_type_long	2	java_prim_type_int
"< Application, Lorg/hsqldb/persist/TextCache, writeHeader(Ljava/lang/String;)V >"	16	27	java_prim_type_long	26	java_prim_type_int
"< Application, Lorg/hsqldb/persist/ScaledRAFileInJar, readIntoBuffer()V >"	16	16	java_prim_type_long	15	java_prim_type_int
"< Application, Lorg/hsqldb/persist/TextCache, close(Z)V >"	9	14	java_prim_type_long	13	java_prim_type_int
"< Application, Lorg/hsqldb/Column, convertObject(Ljava/lang/Object;I)Ljava/lang/Object; >"	180	214	java_prim_type_long	213	java_prim_type_int
"< Application, Lorg/hsqldb/jdbc/jdbcClob, position(Ljava/sql/Clob;J)J >"	19	24	java_prim_type_int	13	java_prim_type_long
"< Application, Lorg/hsqldb/util/TableSorter$Arrow, paintIcon(Ljava/awt/Component;Ljava/awt/Graphics;II)V >"	12	22	java_prim_type_int	21	java_prim_type_double
"< Application, Lorg/hsqldb/util/SqlFile, convertNumericEscapes(Ljava/lang/String;)Ljava/lang/String; >"	42	63	java_prim_type_char	62	java_prim_type_int
"< Application, Lorg/hsqldb/lib/HsqlArrayList, increaseCapacity()V >"	7	10	java_prim_type_float	9	java_prim_type_int
"< Application, Lorg/hsqldb/persist/ScaledRAFile, write([BII)V >"	25	33	java_prim_type_long	4	java_prim_type_int
"< Application, Lorg/hsqldb/Row, getId(Lorg/hsqldb/Table;I)J >"	3	9	java_prim_type_long	2	java_prim_type_int
"< Application, Lorg/hsqldb/scriptio/ScriptWriterText, writeLogStatement(Lorg/hsqldb/Session;Ljava/lang/String;)V >"	20	28	java_prim_type_long	27	java_prim_type_int
"< Application, Lorg/hsqldb/persist/DataFileCache, readObject(I)Lorg/hsqldb/rowio/RowInputInterface; >"	1	5	java_prim_type_long	2	java_prim_type_int
"< Application, Lorg/hsqldb/jdbc/jdbcBlob, length()J >"	2	5	java_prim_type_long	4	java_prim_type_int
"< Application, Lorg/hsqldb/lib/LongKeyIntValueHashMap, put(JI)Z >"	1	7	java_prim_type_long	3	java_prim_type_int
"< Application, Lorg/hsqldb/lib/IntKeyHashMap, remove(I)Ljava/lang/Object; >"	0	4	java_prim_type_long	2	java_prim_type_int
"< Application, Lorg/hsqldb/Row, getId(Lorg/hsqldb/Table;I)J >"	1	6	java_prim_type_long	5	java_prim_type_int
"< Application, Lorg/hsqldb/lib/ArrayCounter, countSegments([IIIII)[I >"	14	17	java_prim_type_int	16	java_prim_type_long
"< Application, Lorg/hsqldb/lib/HsqlByteArrayOutputStream, writeInt(I)V >"	18	22	java_prim_type_byte	21	java_prim_type_int
"< Application, Lorg/hsqldb/lib/IntKeyIntValueHashMap, put(II)Z >"	2	8	java_prim_type_long	3	java_prim_type_int
"< Application, Lorg/hsqldb/lib/HsqlByteArrayInputStream, readLong()J >"	1	5	java_prim_type_long	4	java_prim_type_int
"< Application, Lorg/hsqldb/jdbc/jdbcBlob, position([BJ)J >"	21	22	java_prim_type_int	15	java_prim_type_long
"< Application, Lorg/hsqldb/jdbc/jdbcBlob, position([BJ)J >"	2	7	java_prim_type_long	6	java_prim_type_int
"< Application, Lorg/hsqldb/store/BaseHashMap, addOrRemove(JJLjava/lang/Object;Ljava/lang/Object;Z)Ljava/lang/Object; >"	25	30	java_prim_type_long	29	java_prim_type_int
"< Application, Lorg/hsqldb/Library, getElapsed(ILjava/util/Date;Ljava/util/Date;)J >"	57	45	java_prim_type_long	29	java_prim_type_int
"< Application, Lorg/hsqldb/Row, getId()J >"	4	8	java_prim_type_long	7	java_prim_type_int
"< Application, Lorg/hsqldb/lib/ArrayCounter, calcInterval(III)J >"	13	17	java_prim_type_long	14	java_prim_type_int
"< Application, Ldacapo/TestHarness, coeff_of_var([J)D >"	6	9	java_prim_type_double	8	java_prim_type_long
"< Application, Lorg/hsqldb/jdbc/jdbcBlob, truncate(J)V >"	17	16	java_prim_type_int	2	java_prim_type_long
"< Application, Lorg/hsqldb/persist/DataFileDefrag, writeTableToDataFile(Lorg/hsqldb/Table;)[I >"	29	46	java_prim_type_int	45	java_prim_type_long
"< Application, Lorg/hsqldb/jdbc/jdbcClob, position(Ljava/lang/String;J)J >"	6	12	java_prim_type_int	11	java_prim_type_long
"< Application, Lorg/hsqldb/lib/IntKeyLongValueHashMap, get(II)J >"	5	8	java_prim_type_long	3	java_prim_type_int
"< Application, Lorg/hsqldb/lib/StringConverter, readUTF([BII[C)Ljava/lang/String; >"	13	18	java_prim_type_char	8	java_prim_type_int
"< Application, Lorg/hsqldb/persist/TextCache, readObject(I)Lorg/hsqldb/rowio/RowInputInterface; >"	48	45	java_prim_type_int	44	java_prim_type_long
"< Application, Lorg/hsqldb/persist/DataFileDefrag, writeTransactionRows()V >"	13	16	java_prim_type_long	15	java_prim_type_int
"< Application, Lorg/hsqldb/jdbc/jdbcClob, getSubString(JI)Ljava/lang/String; >"	17	29	java_prim_type_long	7	java_prim_type_int
"< Application, Lorg/hsqldb/persist/DataFileCache, readSize(I)I >"	1	5	java_prim_type_long	2	java_prim_type_int
"< Application, Lorg/hsqldb/scriptio/ScriptWriterText, writeRow(Lorg/hsqldb/Session;Lorg/hsqldb/Table;[Ljava/lang/Object;)V >"	33	44	java_prim_type_long	43	java_prim_type_int
"< Application, Lorg/hsqldb/store/ValuePoolHashMap, getOrAddDate(J)Ljava/sql/Date; >"	0	4	java_prim_type_int	2	java_prim_type_long
"< Application, Lorg/hsqldb/jdbc/jdbcClob, position(Ljava/sql/Clob;J)J >"	16	18	java_prim_type_int	11	java_prim_type_long
"< Application, Lorg/hsqldb/lib/HsqlByteArrayOutputStream, writeBoolean(Z)V >"	8	11	java_prim_type_byte	10	java_prim_type_int
"< Application, Lorg/hsqldb/lib/HsqlByteArrayInputStream, readShort()S >"	23	22	java_prim_type_short	21	java_prim_type_int
"< Application, Lorg/hsqldb/util/TableSorter$Arrow, paintIcon(Ljava/awt/Component;Ljava/awt/Graphics;II)V >"	9	18	java_prim_type_double	17	java_prim_type_int
"< Application, Lorg/hsqldb/lib/HsqlByteArrayInputStream, skip(J)J >"	10	14	java_prim_type_long	13	java_prim_type_int
"< Application, Lorg/hsqldb/persist/DataFileCache, setFilePos(Lorg/hsqldb/persist/CachedObject;)I >"	14	19	java_prim_type_long	5	java_prim_type_int
"< Application, Lorg/hsqldb/Library, character(I)Ljava/lang/String; >"	0	3	java_prim_type_char	1	java_prim_type_int
"< Application, Lorg/hsqldb/jdbc/jdbcClob, getSubString(JI)Ljava/lang/String; >"	16	28	java_prim_type_long	3	java_prim_type_int
"< Application, Lorg/hsqldb/persist/DataFileCache, setFilePos(Lorg/hsqldb/persist/CachedObject;)I >"	12	17	java_prim_type_int	16	java_prim_type_long
"< Application, Lorg/hsqldb/lib/HsqlByteArrayOutputStream, writeChars(Ljava/lang/String;)V >"	11	18	java_prim_type_byte	17	java_prim_type_int
"< Application, Lorg/hsqldb/lib/StringConverter, readUTF([BII[C)Ljava/lang/String; >"	67	65	java_prim_type_char	64	java_prim_type_int
"< Application, Lorg/hsqldb/lib/ArrayCounter, rank([IIIIII)I >"	11	19	java_prim_type_long	24	java_prim_type_int
"< Application, Lorg/hsqldb/scriptio/ScriptWriterText, writeSequenceStatement(Lorg/hsqldb/Session;Lorg/hsqldb/NumberSequence;)V >"	32	43	java_prim_type_long	42	java_prim_type_int
"< Application, Lorg/hsqldb/persist/ScaledRAFile, read()I >"	16	17	java_prim_type_long	16	java_prim_type_int
"< Application, Lorg/hsqldb/jdbc/jdbcBlob, position(Ljava/sql/Blob;J)J >"	20	22	java_prim_type_int	17	java_prim_type_long
"< Application, Lorg/hsqldb/lib/HsqlByteArrayOutputStream, writeLong(J)V >"	1	6	java_prim_type_int	5	java_prim_type_long
"< Application, Lorg/hsqldb/SetFunction, addDataPoint(Ljava/lang/Number;)V >"	24	23	java_prim_type_double	13	java_prim_type_long
"< Application, Lorg/hsqldb/persist/ScaledRAFile, seek(J)V >"	12	17	java_prim_type_int	16	java_prim_type_long
"< Application, Lorg/hsqldb/jdbc/jdbcClob, length()J >"	2	6	java_prim_type_long	5	java_prim_type_int
"< Application, Lorg/hsqldb/persist/ScaledRAFile, write([BII)V >"	17	21	java_prim_type_long	20	java_prim_type_int
"< Application, Lorg/hsqldb/rowio/RowInputBase, resetRow(II)V >"	24	28	java_prim_type_byte	27	java_prim_type_int
"< Application, Lorg/hsqldb/lib/HsqlByteArrayInputStream, skipBytes(I)I >"	0	4	java_prim_type_long	2	java_prim_type_int
"< Application, Lorg/hsqldb/lib/ArrayCounter, rank([IIIIII)I >"	27	34	java_prim_type_long	24	java_prim_type_int
"< Application, Lorg/hsqldb/store/BaseHashMap, <init>(IFIIZ)V >"	18	18	java_prim_type_int	17	java_prim_type_float
"< Application, Lorg/hsqldb/lib/ArrayCounter, countSegments([IIIII)[I >"	12	15	java_prim_type_long	14	java_prim_type_int
"< Application, Lorg/hsqldb/Row, getId()J >"	1	4	java_prim_type_long	3	java_prim_type_int
"< Application, Lorg/hsqldb/persist/TextCache, initParams(Lorg/hsqldb/Database;Ljava/lang/String;)V >"	69	114	java_prim_type_long	113	java_prim_type_int
"< Application, Lorg/hsqldb/persist/DataFileCache, readSize(I)I >"	3	7	java_prim_type_long	6	java_prim_type_int
"< Application, Lorg/hsqldb/lib/HsqlByteArrayOutputStream, writeLong(J)V >"	3	8	java_prim_type_int	2	java_prim_type_long
"< Application, Lorg/hsqldb/persist/ScaledRAFile, read([BII)V >"	37	38	java_prim_type_long	36	java_prim_type_int
"< Application, Lorg/hsqldb/persist/ScaledRAFileInJar, readIntoBuffer()V >"	4	7	java_prim_type_long	6	java_prim_type_int
"< Application, Lorg/hsqldb/persist/Cache, release(I)Lorg/hsqldb/persist/CachedObject; >"	7	12	java_prim_type_long	11	java_prim_type_int
"< Application, Ldacapo/TestHarness, coeff_of_var([J)D >"	1	4	java_prim_type_double	3	java_prim_type_int
"< Application, Lorg/hsqldb/persist/DataFileDefrag, writeTransactionRows()V >"	15	18	java_prim_type_int	17	java_prim_type_long
"< Application, Lorg/hsqldb/lib/IntKeyLongValueHashMap, put(II)Z >"	1	7	java_prim_type_long	2	java_prim_type_int
"< Application, Lorg/hsqldb/persist/DataFileCache, saveRow(Lorg/hsqldb/persist/CachedObject;)V >"	7	12	java_prim_type_long	11	java_prim_type_int
"< Application, Lorg/hsqldb/lib/StringConverter, byteToHex([B)Ljava/lang/String; >"	12	19	java_prim_type_char	18	java_prim_type_int
"< Application, Lorg/hsqldb/persist/ScaledRAFile, readInt()I >"	10	12	java_prim_type_long	11	java_prim_type_int
"< Application, Lorg/hsqldb/persist/Cache, cleanUp()V >"	26	36	java_prim_type_long	35	java_prim_type_int
"< Application, Lorg/hsqldb/SetFunction, addDataPoint(Ljava/lang/Number;)V >"	22	21	java_prim_type_double	20	java_prim_type_long
"< Application, Lorg/hsqldb/jdbc/jdbcBlob, position(Ljava/sql/Blob;J)J >"	46	49	java_prim_type_long	48	java_prim_type_int
"< Application, Lorg/hsqldb/persist/TextCache$ByteArray, append(I)V >"	13	17	java_prim_type_byte	2	java_prim_type_int
"< Application, Lorg/hsqldb/lib/HsqlByteArrayOutputStream, fill(II)V >"	7	11	java_prim_type_byte	2	java_prim_type_int
"< Application, Lorg/hsqldb/lib/ArrayCounter, rank([IIIIII)I >"	29	36	java_prim_type_int	35	java_prim_type_long
"< Application, Lorg/hsqldb/SetFunction, addDataPoint(Ljava/lang/Number;)V >"	16	15	java_prim_type_double	13	java_prim_type_long
"< Application, Lorg/hsqldb/lib/HsqlByteArrayOutputStream, writeInt(I)V >"	31	32	java_prim_type_byte	2	java_prim_type_int
"< Application, Lorg/hsqldb/lib/StringConverter, asciiToUnicode([BII)Ljava/lang/String; >"	38	49	java_prim_type_char	47	java_prim_type_int
"< Application, Lorg/hsqldb/persist/DataFileDefrag, writeTableToDataFile(Lorg/hsqldb/Table;)[I >"	45	74	java_prim_type_long	73	java_prim_type_int
"< Application, Lorg/hsqldb/Table, getRow(J)Lorg/hsqldb/CachedRow; >"	1	5	java_prim_type_int	2	java_prim_type_long
"< Application, Lorg/hsqldb/lib/HsqlByteArrayInputStream, readLong()J >"	4	10	java_prim_type_long	9	java_prim_type_int
"< Application, Lorg/hsqldb/jdbc/jdbcClob, position(Ljava/sql/Clob;J)J >"	24	29	java_prim_type_long	28	java_prim_type_int
"< Application, Lorg/hsqldb/lib/HsqlByteArrayInputStream, skip(J)J >"	1	5	java_prim_type_long	4	java_prim_type_int
"< Application, Lorg/hsqldb/jdbc/jdbcBlob, getBytes(JI)[B >"	30	19	java_prim_type_int	8	java_prim_type_long
"< Application, Lorg/hsqldb/rowio/RowInputBase, resetRow(II)V >"	14	16	java_prim_type_byte	15	java_prim_type_int
"< Application, Lorg/hsqldb/store/BaseHashMap, <init>(IFIIZ)V >"	16	16	java_prim_type_float	2	java_prim_type_int
"< Application, Lorg/hsqldb/persist/LockFile, getPollHeartbeatInterval()J >"	11	21	java_prim_type_long	4	java_prim_type_int
"< Application, Lorg/hsqldb/SetFunction, add(Lorg/hsqldb/Session;Ljava/lang/Object;)V >"	20	74	java_prim_type_long	73	java_prim_type_int
"< Application, Lorg/hsqldb/WebServerConnection, processGet(Ljava/lang/String;Z)V >"	41	70	java_prim_type_int	69	java_prim_type_long
"< Application, Lorg/hsqldb/jdbc/jdbcBlob, truncate(J)V >"	15	14	java_prim_type_int	2	java_prim_type_long
"< Application, Lorg/hsqldb/lib/IntValueHashMap, put(Ljava/lang/Object;I)Z >"	5	9	java_prim_type_long	3	java_prim_type_int
"< Application, Lorg/hsqldb/Tokenizer, getInt()I >"	9	10	java_prim_type_int	4	java_prim_type_long
"< Application, Lorg/hsqldb/persist/TextCache, findNextUsedLinePos(I)I >"	1	6	java_prim_type_long	2	java_prim_type_int
"< Application, Lorg/hsqldb/persist/ScaledRAFileInJar, readLong()J >"	3	8	java_prim_type_long	7	java_prim_type_int
"< Application, Lorg/hsqldb/persist/ScaledRAFile, seek(J)V >"	31	35	java_prim_type_int	34	java_prim_type_long
"< Application, Lorg/hsqldb/persist/Cache, put(ILorg/hsqldb/persist/CachedObject;)V >"	15	22	java_prim_type_long	6	java_prim_type_int
"< Application, Lorg/hsqldb/persist/Cache, put(ILorg/hsqldb/persist/CachedObject;)V >"	5	11	java_prim_type_long	6	java_prim_type_int
"< Application, Lorg/hsqldb/lib/StringConverter, stringToFullByteArray(Ljava/lang/String;)[B >"	14	23	java_prim_type_byte	22	java_prim_type_int
"< Application, Lorg/hsqldb/lib/ArrayCounter, rank([IIIIII)I >"	24	32	java_prim_type_long	5	java_prim_type_int
"< Application, Lorg/hsqldb/persist/ScaledRAFileInJar, readInt()I >"	10	12	java_prim_type_long	11	java_prim_type_int
"< Application, Lorg/hsqldb/jdbc/jdbcClob, position(Ljava/sql/Clob;J)J >"	4	9	java_prim_type_long	8	java_prim_type_int
"< Application, Lorg/hsqldb/rowio/RowInputBase, resetRow(II)V >"	19	22	java_prim_type_byte	21	java_prim_type_int
"< Application, Lorg/hsqldb/persist/ScaledRAFileInJar, readLong()J >"	1	5	java_prim_type_long	4	java_prim_type_int
"< Application, Lorg/hsqldb/Index, sizeEstimate()I >"	3	9	java_prim_type_int	8	java_prim_type_long
"< Application, Lorg/hsqldb/store/BaseHashMap, rehash(I)V >"	9	11	java_prim_type_float	2	java_prim_type_int
"< Application, Lorg/hsqldb/Library, round(DI)D >"	4	11	java_prim_type_double	10	java_prim_type_long
