"< Application, Lorg/hsqldb/DIProcedureInfo, typeForClass(Ljava/lang/Class;)I >"	74	101	java_type_ref("<Primordial,Ljava/io/Serializable>")
"< Application, Ldacapo/TestHarness, main([Ljava/lang/String;)V >"	263	300	java_type_ref("<Application,Ldacapo/Benchmark>")
"< Application, Lorg/hsqldb/util/TableSorter, getComparator(I)Ljava/util/Comparator; >"	7	12	java_type_ref("<Primordial,Ljava/lang/Comparable>")
"< Application, Lorg/hsqldb/util/RefCapablePropertyResourceBundle, getStringFromFile(Ljava/lang/String;)Ljava/lang/String; >"	130	139	java_type_ref("<Application,Lorg/hsqldb/util/RefCapablePropertyResourceBundle>")
"< Application, Lorg/hsqldb/DIProcedureInfo, setNameSpace(Lorg/hsqldb/DINameSpace;)V >"	115	197	java_type_ref("<Primordial,Ljava/lang/Void>")
"< Application, Lorg/hsqldb/DIProcedureInfo, setNameSpace(Lorg/hsqldb/DINameSpace;)V >"	140	243	java_type_ref("<Primordial,Ljava/sql/Time>")
"< Application, Lorg/hsqldb/Types, <clinit>()V >"	293	376	java_type_ref("<Primordial,Ljava/lang/Float>")
"< Application, Lorg/hsqldb/DIProcedureInfo, setNameSpace(Lorg/hsqldb/DINameSpace;)V >"	108	186	java_type_ref("<Primordial,Ljava/lang/String>")
"< Application, Lorg/hsqldb/util/CommonSwing, getIcon(Ljava/lang/String;)Ljava/awt/Image; >"	3	119	java_type_ref("<Application,Lorg/hsqldb/util/CommonSwing>")
"< Application, Lorg/hsqldb/ServerConnection, <init>(Ljava/net/Socket;Lorg/hsqldb/Server;)V >"	12	13	java_type_ref("<Application,Lorg/hsqldb/ServerConnection>")
"< Application, Lorg/hsqldb/DIProcedureInfo, setNameSpace(Lorg/hsqldb/DINameSpace;)V >"	86	150	java_type_ref("<Primordial,Ljava/lang/Float>")
"< Application, Lorg/hsqldb/store/ValuePool, resetPool()V >"	0	2	java_type_ref("<Application,Lorg/hsqldb/store/ValuePool>")
"< Application, Lorg/hsqldb/util/ConnectionDialogCommon, setHomeDir()V >"	4	10	java_type_ref("<Primordial,Ljava/lang/String>")
"< Application, Lorg/hsqldb/TriggerDef, <init>(Lorg/hsqldb/HsqlNameManager$HsqlName;Ljava/lang/String;Ljava/lang/String;ZLorg/hsqldb/Table;Ljava/lang/String;ZILjava/lang/ClassLoader;)V >"	37	34	java_type_ref("<Application,Lorg/hsqldb/TriggerDef$DefaultTrigger>")
"< Application, Lorg/hsqldb/DIProcedureInfo, setNameSpace(Lorg/hsqldb/DINameSpace;)V >"	13	24	java_type_ref("<Primordial,Ljava/lang/Long>")
"< Application, Lorg/hsqldb/util/SqltoolRB, <clinit>()V >"	1598	1522	java_type_ref("<Application,Lorg/hsqldb/util/SqltoolRB>")
"< Application, Lorg/hsqldb/persist/ScaledRAFile, newScaledRAFile(Lorg/hsqldb/Database;Ljava/lang/String;ZILjava/lang/String;Ljava/lang/String;)Lorg/hsqldb/lib/Storage; >"	56	29	java_type_ref("<Application,Lorg/hsqldb/Database>")
"< Application, Ldacapo/LatexDescriptions, print([Ljava/lang/String;Ljava/io/PrintStream;)V >"	5	8	java_type_ref("<Application,Ldacapo/LatexDescriptions>")
"< Application, Lorg/hsqldb/util/RefCapablePropertyResourceBundle, getStringFromFile(Ljava/lang/String;)Ljava/lang/String; >"	44	29	java_type_ref("<Application,Lorg/hsqldb/util/RefCapablePropertyResourceBundle>")
"< Application, Lorg/hsqldb/util/CommonSwing, getIcon(Ljava/lang/String;)Ljava/awt/Image; >"	59	63	java_type_ref("<Application,Lorg/hsqldb/util/CommonSwing>")
"< Application, Lorg/hsqldb/resources/BundleHandler, getNewGetBundleMethod()Ljava/lang/reflect/Method; >"	2	6	java_type_ref("<Primordial,Ljava/lang/String>")
"< Application, Lorg/hsqldb/util/CommonSwing, getIcon(Ljava/lang/String;)Ljava/awt/Image; >"	75	47	java_type_ref("<Application,Lorg/hsqldb/util/CommonSwing>")
"< Application, Lorg/hsqldb/util/SqltoolRB, <clinit>()V >"	1661	1421	java_type_ref("<Application,Lorg/hsqldb/util/SqltoolRB>")
"< Application, Lorg/hsqldb/DITableInfo, setLocale(Ljava/util/Locale;)V >"	0	4	java_type_ref("<Application,Lorg/hsqldb/resources/BundleHandler>")
"< Application, Lorg/hsqldb/util/CommonSwing, getIcon(Ljava/lang/String;)Ljava/awt/Image; >"	19	103	java_type_ref("<Application,Lorg/hsqldb/util/CommonSwing>")
"< Application, Lorg/hsqldb/HsqlSocketFactory, getSSLImpl()Lorg/hsqldb/HsqlSocketFactory; >"	0	2	java_type_ref("<Application,Lorg/hsqldb/HsqlSocketFactory>")
"< Application, Lorg/hsqldb/lib/ArrayUtil, <clinit>()V >"	28	44	java_type_ref("<Primordial,Ljava/lang/Object>")
"< Application, Lorg/hsqldb/DIProcedureInfo, setNameSpace(Lorg/hsqldb/DINameSpace;)V >"	97	168	java_type_ref("<Primordial,Ljava/lang/Object>")
"< Application, Lorg/hsqldb/DIProcedureInfo, typeForClass(Ljava/lang/Class;)I >"	18	23	java_type_ref("<Primordial,Ljava/lang/Number>")
"< Application, Lorg/hsqldb/DIProcedureInfo, setNameSpace(Lorg/hsqldb/DINameSpace;)V >"	34	60	java_type_ref("<Primordial,Ljava/lang/Character>")
"< Application, Lorg/hsqldb/DIProcedureInfo, setNameSpace(Lorg/hsqldb/DINameSpace;)V >"	93	161	java_type_ref("<Primordial,Ljava/lang/Integer>")
"< Application, Lorg/hsqldb/store/ValuePool, resetPool([II)V >"	0	4	java_type_ref("<Application,Lorg/hsqldb/store/ValuePool>")
"< Application, Lorg/hsqldb/util/CommonSwing, getIcon(Ljava/lang/String;)Ljava/awt/Image; >"	35	87	java_type_ref("<Application,Lorg/hsqldb/util/CommonSwing>")
"< Application, Lorg/hsqldb/DITypeInfo, setLocale(Ljava/util/Locale;)V >"	6	5	java_type_ref("<Application,Lorg/hsqldb/resources/BundleHandler>")
"< Application, Lorg/hsqldb/util/RefCapablePropertyResourceBundle, getStringFromFile(Ljava/lang/String;)Ljava/lang/String; >"	31	56	java_type_ref("<Application,Lorg/hsqldb/util/RefCapablePropertyResourceBundle>")
"< Application, Lorg/hsqldb/DatabaseInformation, newDatabaseInformation(Lorg/hsqldb/Database;)Lorg/hsqldb/DatabaseInformation; >"	8	17	java_type_ref("<Application,Lorg/hsqldb/Database>")
"< Application, Ldacapo/TestHarness, getURL(Ljava/lang/String;)Ljava/net/URL; >"	0	3	java_type_ref("<Application,Ldacapo/TestHarness>")
"< Application, Lorg/hsqldb/util/CommonSwing, getIcon(Ljava/lang/String;)Ljava/awt/Image; >"	11	111	java_type_ref("<Application,Lorg/hsqldb/util/CommonSwing>")
"< Application, Lorg/hsqldb/util/RefCapablePropertyResourceBundle, getRef(Ljava/lang/String;Ljava/util/ResourceBundle;Ljava/lang/ClassLoader;)Lorg/hsqldb/util/RefCapablePropertyResourceBundle; >"	10	34	java_type_ref("<Primordial,Ljava/util/PropertyResourceBundle>")
"< Application, Lorg/hsqldb/persist/ScaledRAFile, newScaledRAFile(Lorg/hsqldb/Database;Ljava/lang/String;ZILjava/lang/String;Ljava/lang/String;)Lorg/hsqldb/lib/Storage; >"	11	64	java_type_ref("<Primordial,Ljava/lang/Boolean>")
"< Application, Lorg/hsqldb/util/CommonSwing, getIcon(Ljava/lang/String;)Ljava/awt/Image; >"	83	39	java_type_ref("<Application,Lorg/hsqldb/util/CommonSwing>")
"< Application, Lorg/hsqldb/util/RefCapablePropertyResourceBundle, getStringFromFile(Ljava/lang/String;)Ljava/lang/String; >"	67	82	java_type_ref("<Application,Lorg/hsqldb/util/RefCapablePropertyResourceBundle>")
"< Application, Lorg/hsqldb/util/DatabaseManager, <clinit>()V >"	12	20	java_type_ref("<Application,Lorg/hsqldb/util/DatabaseManager>")
"< Application, Lorg/hsqldb/HsqlSocketFactory, getPlainImpl()Lorg/hsqldb/HsqlSocketFactory; >"	0	2	java_type_ref("<Application,Lorg/hsqldb/HsqlSocketFactory>")
"< Application, Lorg/hsqldb/util/RefCapablePropertyResourceBundle, getStringFromFile(Ljava/lang/String;)Ljava/lang/String; >"	13	190	java_type_ref("<Application,Lorg/hsqldb/util/RefCapablePropertyResourceBundle>")
"< Application, Lorg/hsqldb/store/ValuePool, clearPool()V >"	0	2	java_type_ref("<Application,Lorg/hsqldb/store/ValuePool>")
"< Application, Lorg/hsqldb/resources/BundleHandler, getNewGetBundleMethod()Ljava/lang/reflect/Method; >"	4	8	java_type_ref("<Primordial,Ljava/util/Locale>")
"< Application, Lorg/hsqldb/DIProcedureInfo, setNameSpace(Lorg/hsqldb/DINameSpace;)V >"	151	261	java_type_ref("<Primordial,Ljava/lang/Byte>")
"< Application, Lorg/hsqldb/store/ValuePool, initPool()V >"	1	4	java_type_ref("<Application,Lorg/hsqldb/store/ValuePool>")
"< Application, Lorg/hsqldb/Types, getParameterTypeNr(Ljava/lang/Class;)I >"	25	32	java_type_ref("<Primordial,Ljava/io/Serializable>")
"< Application, Lorg/hsqldb/Types, getParameterTypeNr(Ljava/lang/Class;)I >"	29	21	java_type_ref("<Primordial,Ljava/io/Serializable>")
"< Application, Lorg/hsqldb/persist/ScaledRAFile, newScaledRAFile(Lorg/hsqldb/Database;Ljava/lang/String;ZILjava/lang/String;Ljava/lang/String;)Lorg/hsqldb/lib/Storage; >"	9	63	java_type_ref("<Primordial,Ljava/lang/String>")
"< Application, Lorg/hsqldb/DIProcedureInfo, setNameSpace(Lorg/hsqldb/DINameSpace;)V >"	144	250	java_type_ref("<Primordial,Ljava/sql/Timestamp>")
"< Application, Lorg/hsqldb/DIProcedureInfo, setNameSpace(Lorg/hsqldb/DINameSpace;)V >"	129	222	java_type_ref("<Primordial,Ljava/lang/Short>")
"< Application, Lorg/hsqldb/DIProcedureInfo, setNameSpace(Lorg/hsqldb/DINameSpace;)V >"	55	96	java_type_ref("<Primordial,Ljava/util/Date>")
"< Application, Lorg/hsqldb/DIProcedureInfo, setNameSpace(Lorg/hsqldb/DINameSpace;)V >"	51	89	java_type_ref("<Primordial,Ljava/net/URL>")
"< Application, Lorg/hsqldb/Types, <clinit>()V >"	287	368	java_type_ref("<Primordial,Ljava/lang/Byte>")
"< Application, Lorg/hsqldb/persist/LockFile, <clinit>()V >"	12	21	java_type_ref("<Application,Lorg/hsqldb/persist/LockFile>")
"< Application, Lorg/hsqldb/util/CommonSwing, getIcon(Ljava/lang/String;)Ljava/awt/Image; >"	27	95	java_type_ref("<Application,Lorg/hsqldb/util/CommonSwing>")
"< Application, Lorg/hsqldb/DIProcedureInfo, setNameSpace(Lorg/hsqldb/DINameSpace;)V >"	79	139	java_type_ref("<Primordial,Ljava/lang/Double>")
"< Application, Lorg/hsqldb/DIProcedureInfo, typeForClass(Ljava/lang/Class;)I >"	64	89	java_type_ref("<Application,Lorg/hsqldb/types/Binary>")
"< Application, Lorg/hsqldb/util/CommonSwing, getIcon(Ljava/lang/String;)Ljava/awt/Image; >"	43	79	java_type_ref("<Application,Lorg/hsqldb/util/CommonSwing>")
"< Application, Lorg/hsqldb/Database, <init>(Ljava/lang/String;Ljava/lang/String;Ljava/lang/String;Lorg/hsqldb/persist/HsqlProperties;)V >"	29	44	java_type_ref("<Primordial,Ljava/lang/Object>")
"< Application, Lorg/hsqldb/util/DatabaseManagerSwing, <clinit>()V >"	89	126	java_type_ref("<Application,Lorg/hsqldb/util/DatabaseManagerSwing>")
"< Application, Lorg/hsqldb/persist/ScaledRAFile, newScaledRAFile(Lorg/hsqldb/Database;Ljava/lang/String;ZILjava/lang/String;Ljava/lang/String;)Lorg/hsqldb/lib/Storage; >"	13	65	java_type_ref("<Primordial,Ljava/lang/Object>")
"< Application, Lorg/hsqldb/DIProcedureInfo, setNameSpace(Lorg/hsqldb/DINameSpace;)V >"	104	179	java_type_ref("<Application,Lorg/hsqldb/types/Binary>")
"< Application, Lorg/hsqldb/resources/BundleHandler, getNewGetBundleMethod()Ljava/lang/reflect/Method; >"	0	2	java_type_ref("<Primordial,Ljava/util/ResourceBundle>")
"< Application, Lorg/hsqldb/util/GridSwing, getColumnClass(I)Ljava/lang/Class; >"	9	17	java_type_ref("<Primordial,Ljava/lang/Object>")
"< Application, Lorg/hsqldb/Function, <init>(Ljava/lang/String;Ljava/lang/String;Z)V >"	83	89	java_type_ref("<Primordial,Ljava/sql/Connection>")
"< Application, Ldacapo/Benchmark, getURL(Ljava/lang/String;)Ljava/net/URL; >"	0	3	java_type_ref("<Application,Ldacapo/Benchmark>")
"< Application, Lorg/hsqldb/Types, <clinit>()V >"	290	372	java_type_ref("<Primordial,Ljava/lang/Short>")
"< Application, Lorg/hsqldb/DIProcedureInfo, setNameSpace(Lorg/hsqldb/DINameSpace;)V >"	40	68	java_type_array(java_type_prim(java_prim_type_char))
"< Application, Ldacapo/TestHarness, runBenchmark(Ljava/io/File;Ljava/lang/String;Ldacapo/TestHarness;)V >"	4	12	java_type_ref("<Primordial,Ljava/io/File>")
"< Application, Lorg/hsqldb/util/CommonSwing, getIcon(Ljava/lang/String;)Ljava/awt/Image; >"	51	71	java_type_ref("<Application,Lorg/hsqldb/util/CommonSwing>")
"< Application, Lorg/hsqldb/resources/BundleHandler, getNewGetBundleMethod()Ljava/lang/reflect/Method; >"	6	10	java_type_ref("<Primordial,Ljava/lang/ClassLoader>")
"< Application, Lorg/hsqldb/DIProcedureInfo, setNameSpace(Lorg/hsqldb/DINameSpace;)V >"	101	175	java_type_array(java_type_prim(java_prim_type_byte))
"< Application, Lorg/hsqldb/DIProcedureInfo, setNameSpace(Lorg/hsqldb/DINameSpace;)V >"	37	64	java_type_array(java_type_ref("<Primordial,Ljava/lang/Character>"))
"< Application, Lorg/hsqldb/util/SqltoolRB, <clinit>()V >"	1638	1475	java_type_ref("<Application,Lorg/hsqldb/util/SqltoolRB>")
"< Application, Lorg/hsqldb/Function, <init>(Ljava/lang/String;Ljava/lang/String;Z)V >"	53	64	java_type_ref("<Application,Lorg/hsqldb/Result>")
"< Application, Lorg/hsqldb/util/RefCapablePropertyResourceBundle, getStringFromFile(Ljava/lang/String;)Ljava/lang/String; >"	108	170	java_type_ref("<Application,Lorg/hsqldb/util/RefCapablePropertyResourceBundle>")
"< Application, Lorg/hsqldb/util/CommonSwing, getIcon(Ljava/lang/String;)Ljava/awt/Image; >"	67	55	java_type_ref("<Application,Lorg/hsqldb/util/CommonSwing>")
"< Application, Lorg/hsqldb/persist/ScaledRAFile, newScaledRAFile(Lorg/hsqldb/Database;Ljava/lang/String;ZILjava/lang/String;Ljava/lang/String;)Lorg/hsqldb/lib/Storage; >"	58	31	java_type_ref("<Primordial,Ljava/lang/String>")
"< Application, Ldacapo/TestHarness, main([Ljava/lang/String;)V >"	241	275	java_type_ref("<Application,Ldacapo/TestHarness>")
"< Application, Lorg/hsqldb/DIProcedureInfo, setNameSpace(Lorg/hsqldb/DINameSpace;)V >"	58	100	java_type_ref("<Primordial,Ljava/sql/Date>")
"< Application, Lorg/hsqldb/util/SqlTool, objectMain([Ljava/lang/String;)V >"	135	149	java_type_ref("<Application,Lorg/hsqldb/util/SqlTool>")
"< Application, Lorg/hsqldb/lib/MD5, digestBytes([B)[B >"	0	3	java_type_ref("<Application,Lorg/hsqldb/lib/MD5>")
"< Application, Lorg/hsqldb/util/DatabaseManagerSwing, <clinit>()V >"	3	9	java_type_ref("<Primordial,Ljava/lang/String>")
"< Application, Lorg/hsqldb/DIProcedureInfo, setNameSpace(Lorg/hsqldb/DINameSpace;)V >"	20	35	java_type_ref("<Primordial,Ljava/lang/Boolean>")
"< Application, Ldacapo/TestHarness, runBenchmark(Ljava/io/File;Ljava/lang/String;Ldacapo/TestHarness;)V >"	2	10	java_type_ref("<Application,Ldacapo/parser/Config>")
"< Application, Lorg/hsqldb/TriggerDef, <init>(Lorg/hsqldb/HsqlNameManager$HsqlName;Ljava/lang/String;Ljava/lang/String;ZLorg/hsqldb/Table;Ljava/lang/String;ZILjava/lang/ClassLoader;)V >"	29	26	java_type_ref("<Application,Lorg/hsqldb/TriggerDef$DefaultTrigger>")
