"< Application, Lorg/hsqldb/DITypeInfo, isFixedPrecisionScale()Ljava/lang/Boolean; >"	1	3	[java_constant_int(-6), java_constant_int(-5), java_constant_int(-4), java_constant_int(-3), java_constant_int(-2), java_constant_int(-1), java_constant_int(0), java_constant_int(1), java_constant_int(2), java_constant_int(3), java_constant_int(4), java_constant_int(5), java_constant_int(6), java_constant_int(7), java_constant_int(8)]	"bb4"
"< Application, Lorg/hsqldb/DITypeInfo, getStdMapClsName()Ljava/lang/String; >"	1	3	[java_constant_int(-6), java_constant_int(-5), java_constant_int(-4), java_constant_int(-3), java_constant_int(-2), java_constant_int(-1), java_constant_int(0), java_constant_int(1), java_constant_int(2), java_constant_int(3), java_constant_int(4), java_constant_int(5), java_constant_int(6), java_constant_int(7), java_constant_int(8), java_constant_int(12), java_constant_int(16), java_constant_int(70), java_constant_int(91), java_constant_int(92), java_constant_int(93), java_constant_int(137), java_constant_int(1111), java_constant_int(2000), java_constant_int(2001), java_constant_int(2002), java_constant_int(2003), java_constant_int(2004), java_constant_int(2005), java_constant_int(2006)]	"bb24"
"< Application, Lorg/hsqldb/DITypeInfo, getMaxScaleAct()Ljava/lang/Integer; >"	1	3	[java_constant_int(2), java_constant_int(3)]	"bb5"
"< Application, Lorg/hsqldb/Database, getStateString()Ljava/lang/String; >"	1	4	[java_constant_int(1), java_constant_int(4), java_constant_int(8), java_constant_int(16)]	"bb7"
"< Application, Ldacapo/parser/ConfigFileTokenManager, jjMoveStringLiteralDfa1_2(J)I >"	7	9	[java_constant_int(47)]	"bb11"
"< Application, Lorg/hsqldb/WebServerConnection, processError(I)V >"	7	2	[java_constant_int(400), java_constant_int(401), java_constant_int(402), java_constant_int(403), java_constant_int(404)]	"bb25"
"< Application, Lorg/hsqldb/persist/ScriptRunner, runScript(Lorg/hsqldb/Database;Ljava/lang/String;I)V >"	26	43	[java_constant_int(1), java_constant_int(2), java_constant_int(3), java_constant_int(4), java_constant_int(5), java_constant_int(6), java_constant_int(7)]	"bb55"
"< Application, Lorg/hsqldb/CompiledStatement, canExecute(Lorg/hsqldb/Session;)Z >"	1	4	[java_constant_int(1), java_constant_int(2), java_constant_int(3), java_constant_int(4), java_constant_int(5), java_constant_int(6), java_constant_int(7), java_constant_int(8), java_constant_int(9)]	"bb29"
"< Application, Lorg/hsqldb/jdbc/jdbcPreparedStatement, setIntParameter(II)V >"	4	10	[java_constant_int(-6), java_constant_int(4), java_constant_int(5)]	"bb10"
"< Application, Lorg/hsqldb/Column, compareToTypeRange(Ljava/lang/Object;I)I >"	9	2	[java_constant_int(-6), java_constant_int(-5), java_constant_int(-4), java_constant_int(-3), java_constant_int(-2), java_constant_int(-1), java_constant_int(0), java_constant_int(1), java_constant_int(2), java_constant_int(3), java_constant_int(4), java_constant_int(5)]	"bb11"
"< Application, Lorg/hsqldb/Column, createSQLString(Ljava/lang/Object;I)Ljava/lang/String; >"	2	2	[java_constant_int(-4), java_constant_int(-3), java_constant_int(-2), java_constant_int(-1), java_constant_int(0), java_constant_int(1), java_constant_int(6), java_constant_int(7), java_constant_int(8), java_constant_int(12), java_constant_int(91), java_constant_int(92), java_constant_int(93), java_constant_int(100), java_constant_int(1111)]	"bb31"
"< Application, Lorg/hsqldb/CompiledStatementExecutor, executeImpl(Lorg/hsqldb/CompiledStatement;)Lorg/hsqldb/Result; >"	1	4	[java_constant_int(1), java_constant_int(2), java_constant_int(3), java_constant_int(4), java_constant_int(5), java_constant_int(6), java_constant_int(7), java_constant_int(8), java_constant_int(9)]	"bb17"
"< Application, Lorg/hsqldb/Types, isCaseSensitive(I)Ljava/lang/Boolean; >"	0	1	[java_constant_int(-1), java_constant_int(0), java_constant_int(1), java_constant_int(12), java_constant_int(70), java_constant_int(100), java_constant_int(137), java_constant_int(1111), java_constant_int(2000), java_constant_int(2001), java_constant_int(2002), java_constant_int(2003), java_constant_int(2004), java_constant_int(2005), java_constant_int(2006)]	"bb4"
"< Application, Lorg/hsqldb/Expression, describe(Lorg/hsqldb/Session;I)Ljava/lang/String; >"	17	26	[java_constant_int(-4), java_constant_int(-3), java_constant_int(-2), java_constant_int(-1), java_constant_int(0), java_constant_int(1), java_constant_int(2), java_constant_int(3), java_constant_int(4), java_constant_int(5), java_constant_int(6), java_constant_int(7), java_constant_int(8), java_constant_int(9), java_constant_int(10), java_constant_int(11), java_constant_int(12), java_constant_int(13), java_constant_int(14), java_constant_int(15), java_constant_int(16), java_constant_int(17), java_constant_int(18), java_constant_int(19), java_constant_int(20), java_constant_int(21), java_constant_int(22), java_constant_int(23), java_constant_int(24), java_constant_int(25), java_constant_int(26), java_constant_int(27), java_constant_int(28), java_constant_int(29), java_constant_int(30), java_constant_int(31), java_constant_int(32), java_constant_int(33), java_constant_int(34), java_constant_int(35), java_constant_int(36), java_constant_int(37), java_constant_int(38), java_constant_int(39), java_constant_int(40), java_constant_int(41), java_constant_int(42), java_constant_int(43), java_constant_int(44), java_constant_int(45), java_constant_int(46), java_constant_int(47), java_constant_int(48), java_constant_int(49), java_constant_int(50), java_constant_int(51), java_constant_int(52), java_constant_int(53), java_constant_int(54), java_constant_int(55), java_constant_int(56), java_constant_int(57), java_constant_int(58), java_constant_int(59), java_constant_int(60), java_constant_int(61), java_constant_int(62)]	"bb162"
"< Application, Ldacapo/parser/ConfigFileTokenManager, jjMoveStringLiteralDfa5_0(JJ)I >"	13	17	[java_constant_int(100), java_constant_int(101), java_constant_int(102), java_constant_int(103), java_constant_int(104), java_constant_int(105), java_constant_int(106), java_constant_int(107), java_constant_int(108), java_constant_int(109), java_constant_int(110), java_constant_int(111), java_constant_int(112), java_constant_int(113), java_constant_int(114), java_constant_int(115), java_constant_int(116), java_constant_int(117), java_constant_int(118), java_constant_int(119), java_constant_int(120), java_constant_int(121)]	"bb51"
"< Application, Lorg/hsqldb/DatabaseCommandInterpreter, processCreate()V >"	23	31	[java_constant_int(213), java_constant_int(302), java_constant_int(310), java_constant_int(328)]	"bb48"
"< Application, Lorg/hsqldb/Column, multiply(Ljava/lang/Object;Ljava/lang/Object;I)Ljava/lang/Object; >"	10	3	[java_constant_int(-6), java_constant_int(-5), java_constant_int(-4), java_constant_int(-3), java_constant_int(-2), java_constant_int(-1), java_constant_int(0), java_constant_int(1), java_constant_int(2), java_constant_int(3), java_constant_int(4), java_constant_int(5), java_constant_int(6), java_constant_int(7), java_constant_int(8)]	"bb34"
"< Application, Lorg/hsqldb/DITableInfo, getColCharOctLen(I)Ljava/lang/Integer; >"	3	8	[java_constant_int(-1), java_constant_int(1), java_constant_int(12), java_constant_int(2005)]	"bb11"
"< Application, Lorg/hsqldb/Session, execute(Lorg/hsqldb/Result;)Lorg/hsqldb/Result; >"	69	42	[java_constant_int(0), java_constant_int(1), java_constant_int(2), java_constant_int(3), java_constant_int(4)]	"bb86"
"< Application, Lorg/hsqldb/Column, getNumTypeWidth(I)I >"	0	1	[java_constant_int(-6), java_constant_int(-5), java_constant_int(-4), java_constant_int(-3), java_constant_int(-2), java_constant_int(-1), java_constant_int(0), java_constant_int(1), java_constant_int(2), java_constant_int(3), java_constant_int(4), java_constant_int(5), java_constant_int(6), java_constant_int(7), java_constant_int(8)]	"bb8"
"< Application, Lorg/hsqldb/util/SqlFile, displayResultSet(Ljava/sql/Statement;Ljava/sql/ResultSet;[ILjava/lang/String;)V >"	64	75	[java_constant_int(-7), java_constant_int(-6), java_constant_int(-5), java_constant_int(-4), java_constant_int(-3), java_constant_int(-1), java_constant_int(2), java_constant_int(3), java_constant_int(4), java_constant_int(5), java_constant_int(6), java_constant_int(7), java_constant_int(8), java_constant_int(12), java_constant_int(2003), java_constant_int(2004), java_constant_int(2005)]	"bb61"
"< Application, Lorg/hsqldb/DITableInfo, getColBufLen(I)Ljava/lang/Integer; >"	3	8	[java_constant_int(-6), java_constant_int(-5), java_constant_int(-4), java_constant_int(-3), java_constant_int(-2), java_constant_int(-1), java_constant_int(1), java_constant_int(4), java_constant_int(5), java_constant_int(6), java_constant_int(7), java_constant_int(8), java_constant_int(12), java_constant_int(16), java_constant_int(91), java_constant_int(92), java_constant_int(93), java_constant_int(2004), java_constant_int(2005)]	"bb17"
"< Application, Lorg/hsqldb/Tokenizer, getToken()V >"	187	141	[java_constant_int(1), java_constant_int(2), java_constant_int(3), java_constant_int(4), java_constant_int(5), java_constant_int(6), java_constant_int(7), java_constant_int(8), java_constant_int(9), java_constant_int(10), java_constant_int(11), java_constant_int(12), java_constant_int(13), java_constant_int(14), java_constant_int(15), java_constant_int(16), java_constant_int(17)]	"bb292"
"< Application, Lorg/hsqldb/Result, <init>(Lorg/hsqldb/rowio/RowInputBinary;)V >"	12	13	[java_constant_int(1), java_constant_int(2), java_constant_int(3), java_constant_int(4), java_constant_int(5), java_constant_int(6), java_constant_int(7), java_constant_int(8), java_constant_int(9), java_constant_int(10), java_constant_int(65543), java_constant_int(65545), java_constant_int(65547), java_constant_int(65548), java_constant_int(65552), java_constant_int(65555), java_constant_int(65610), java_constant_int(66541), java_constant_int(66552)]	"bb94"
"< Application, Ldacapo/parser/ConfigFileTokenManager, jjMoveStringLiteralDfa0_2()I >"	1	3	[java_constant_int(42)]	"bb5"
"< Application, Lorg/hsqldb/Like, compareAt(Ljava/lang/String;III)Z >"	5	9	[java_constant_int(0), java_constant_int(1), java_constant_int(2)]	"bb27"
"< Application, Ldacapo/parser/ConfigFileTokenManager, jjMoveStringLiteralDfa0_3()I >"	1	3	[java_constant_int(42)]	"bb5"
"< Application, Lorg/hsqldb/util/Tree, handleEvent(Ljava/awt/Event;)Z >"	1	4	[java_constant_int(601), java_constant_int(602), java_constant_int(603), java_constant_int(604), java_constant_int(605)]	"bb11"
"< Application, Ldacapo/parser/ConfigFile, sizeClause(Ldacapo/parser/Config;Ljava/lang/String;)V >"	48	28	[java_constant_int(44)]	"bb48"
"< Application, Lorg/hsqldb/SetFunction, getValue()Ljava/lang/Object; >"	11	39	[java_constant_int(-6), java_constant_int(-5), java_constant_int(-4), java_constant_int(-3), java_constant_int(-2), java_constant_int(-1), java_constant_int(0), java_constant_int(1), java_constant_int(2), java_constant_int(3), java_constant_int(4), java_constant_int(5), java_constant_int(6), java_constant_int(7), java_constant_int(8)]	"bb38"
"< Application, Lorg/hsqldb/util/RefCapablePropertyResourceBundle, literalize(Ljava/lang/String;)Ljava/lang/String; >"	11	16	[java_constant_int(36), java_constant_int(92)]	"bb19"
"< Application, Lorg/hsqldb/util/SqlFile, processBuffHist(Ljava/lang/String;)V >"	14	9	[java_constant_int(63), java_constant_int(98), java_constant_int(104), java_constant_int(108)]	"bb33"
"< Application, Lorg/hsqldb/DITypeInfo, getDefaultScale()Ljava/lang/Integer; >"	1	3	[java_constant_int(-6), java_constant_int(-5), java_constant_int(4), java_constant_int(5)]	"bb5"
"< Application, Lorg/hsqldb/Expression, getAnyAllValue(Lorg/hsqldb/Session;Ljava/lang/Object;Lorg/hsqldb/SubQuery;)Ljava/lang/Boolean; >"	20	113	[java_constant_int(21), java_constant_int(22), java_constant_int(23), java_constant_int(24), java_constant_int(25), java_constant_int(26)]	"bb31"
"< Application, Lorg/hsqldb/Types, getPrecision(I)I >"	0	1	[java_constant_int(-6), java_constant_int(-5), java_constant_int(-4), java_constant_int(-3), java_constant_int(-2), java_constant_int(-1), java_constant_int(1), java_constant_int(2), java_constant_int(3), java_constant_int(4), java_constant_int(5), java_constant_int(6), java_constant_int(7), java_constant_int(8), java_constant_int(12), java_constant_int(16), java_constant_int(70), java_constant_int(91), java_constant_int(92), java_constant_int(93), java_constant_int(137), java_constant_int(1111)]	"bb13"
"< Application, Lorg/hsqldb/Column, enforceSize(Ljava/lang/Object;IIIZ)Ljava/lang/Object; >"	5	2	[java_constant_int(1), java_constant_int(2), java_constant_int(3), java_constant_int(12), java_constant_int(93), java_constant_int(100)]	"bb34"
"< Application, Lorg/hsqldb/Parser, readCondition()Lorg/hsqldb/Expression; >"	1	3	[java_constant_int(20), java_constant_int(31)]	"bb29"
"< Application, Ldacapo/parser/ConfigFile, configFile()Ldacapo/parser/Config; >"	25	17	[java_constant_int(20), java_constant_int(32)]	"bb27"
"< Application, Lorg/hsqldb/Column, add(Ljava/lang/Object;Ljava/lang/Object;I)Ljava/lang/Object; >"	3	3	[java_constant_int(-6), java_constant_int(-5), java_constant_int(-1), java_constant_int(0), java_constant_int(1), java_constant_int(2), java_constant_int(3), java_constant_int(4), java_constant_int(5), java_constant_int(6), java_constant_int(7), java_constant_int(8), java_constant_int(12), java_constant_int(100)]	"bb37"
"< Application, Ldacapo/parser/ConfigFileTokenManager, jjMoveStringLiteralDfa0_0()I >"	1	3	[java_constant_int(40), java_constant_int(41), java_constant_int(42), java_constant_int(43), java_constant_int(44), java_constant_int(45), java_constant_int(46), java_constant_int(47), java_constant_int(48), java_constant_int(49), java_constant_int(50), java_constant_int(51), java_constant_int(52), java_constant_int(53), java_constant_int(54), java_constant_int(55), java_constant_int(56), java_constant_int(57), java_constant_int(58), java_constant_int(59), java_constant_int(60), java_constant_int(61), java_constant_int(62), java_constant_int(63), java_constant_int(64), java_constant_int(65), java_constant_int(66), java_constant_int(67), java_constant_int(68), java_constant_int(69), java_constant_int(70), java_constant_int(71), java_constant_int(72), java_constant_int(73), java_constant_int(74), java_constant_int(75), java_constant_int(76), java_constant_int(77), java_constant_int(78), java_constant_int(79), java_constant_int(80), java_constant_int(81), java_constant_int(82), java_constant_int(83), java_constant_int(84), java_constant_int(85), java_constant_int(86), java_constant_int(87), java_constant_int(88), java_constant_int(89), java_constant_int(90), java_constant_int(91), java_constant_int(92), java_constant_int(93), java_constant_int(94), java_constant_int(95), java_constant_int(96), java_constant_int(97), java_constant_int(98), java_constant_int(99), java_constant_int(100), java_constant_int(101), java_constant_int(102), java_constant_int(103), java_constant_int(104), java_constant_int(105), java_constant_int(106), java_constant_int(107), java_constant_int(108), java_constant_int(109), java_constant_int(110), java_constant_int(111), java_constant_int(112), java_constant_int(113), java_constant_int(114), java_constant_int(115), java_constant_int(116), java_constant_int(117), java_constant_int(118)]	"bb43"
"< Application, Lorg/hsqldb/rowio/RowOutputBinary, getSize([Ljava/lang/Object;I[I)I >"	6	10	[java_constant_int(-6), java_constant_int(-5), java_constant_int(-4), java_constant_int(-3), java_constant_int(-2), java_constant_int(-1), java_constant_int(0), java_constant_int(1), java_constant_int(2), java_constant_int(3), java_constant_int(4), java_constant_int(5), java_constant_int(6), java_constant_int(7), java_constant_int(8), java_constant_int(12), java_constant_int(16), java_constant_int(91), java_constant_int(92), java_constant_int(93), java_constant_int(100), java_constant_int(1111)]	"bb27"
"< Application, Lorg/hsqldb/TableWorks, reTypeColumn(Lorg/hsqldb/Column;Lorg/hsqldb/Column;)V >"	11	7	[java_constant_int(-6), java_constant_int(-5), java_constant_int(-4), java_constant_int(-3), java_constant_int(-2), java_constant_int(2), java_constant_int(3), java_constant_int(4), java_constant_int(5), java_constant_int(6), java_constant_int(7), java_constant_int(8), java_constant_int(91), java_constant_int(92), java_constant_int(93), java_constant_int(1111), java_constant_int(2000)]	"bb38"
"< Application, Lorg/hsqldb/util/SqlFile, htmlRow(I)Ljava/lang/String; >"	0	1	[java_constant_int(0), java_constant_int(1), java_constant_int(2)]	"bb22"
"< Application, Lorg/hsqldb/Expression, isConstant()Z >"	1	3	[java_constant_int(1), java_constant_int(2), java_constant_int(3), java_constant_int(4), java_constant_int(5), java_constant_int(6), java_constant_int(7), java_constant_int(8), java_constant_int(9), java_constant_int(10), java_constant_int(11), java_constant_int(12), java_constant_int(13), java_constant_int(14), java_constant_int(15)]	"bb16"
"< Application, Lorg/hsqldb/Expression, resolveTables(Lorg/hsqldb/TableFilter;)V >"	15	15	[java_constant_int(2), java_constant_int(3), java_constant_int(7), java_constant_int(30), java_constant_int(32), java_constant_int(33)]	"bb60"
"< Application, Ldacapo/parser/ConfigFileTokenManager, jjMoveNfa_1(II)I >"	55	62	[]	"bb46"
"< Application, Lorg/hsqldb/DatabaseCommandInterpreter, processAlterTable()V >"	63	125	[java_constant_int(30), java_constant_int(34), java_constant_int(89), java_constant_int(167), java_constant_int(228)]	"bb77"
"< Application, Lorg/hsqldb/Expression, getAnyAllValue(Lorg/hsqldb/Session;Ljava/lang/Object;Lorg/hsqldb/SubQuery;)Ljava/lang/Boolean; >"	8	17	[java_constant_int(32), java_constant_int(33)]	"bb170"
"< Application, Ldacapo/hsqldb/PseudoJDBCBench, getRandomID(I)I >"	1	1	[java_constant_int(0), java_constant_int(1), java_constant_int(2)]	"bb7"
"< Application, Lorg/hsqldb/TableWorks, reTypeColumn(Lorg/hsqldb/Column;Lorg/hsqldb/Column;)V >"	29	9	[java_constant_int(-6), java_constant_int(-5), java_constant_int(-4), java_constant_int(-3), java_constant_int(-2), java_constant_int(-1), java_constant_int(0), java_constant_int(1), java_constant_int(2), java_constant_int(3), java_constant_int(4), java_constant_int(5), java_constant_int(6), java_constant_int(7), java_constant_int(8)]	"bb38"
"< Application, Lorg/hsqldb/Expression, isCompare(I)Z >"	0	1	[java_constant_int(21), java_constant_int(22), java_constant_int(23), java_constant_int(24), java_constant_int(25), java_constant_int(26)]	"bb3"
"< Application, Lorg/hsqldb/Server, printRequest(ILorg/hsqldb/Result;)V >"	57	48	[java_constant_int(0), java_constant_int(1), java_constant_int(2), java_constant_int(3), java_constant_int(4)]	"bb73"
"< Application, Ldacapo/parser/SimpleCharStream, UpdateLineColumn(C)V >"	21	2	[java_constant_int(9), java_constant_int(10), java_constant_int(11), java_constant_int(12), java_constant_int(13)]	"bb30"
"< Application, Lorg/hsqldb/DatabaseCommandInterpreter, processCreateConstraints(Lorg/hsqldb/Table;Z[I)Lorg/hsqldb/lib/HsqlArrayList; >"	33	49	[java_constant_int(30), java_constant_int(89), java_constant_int(167), java_constant_int(228)]	"bb101"
"< Application, Lorg/hsqldb/Tokenizer, getToken()V >"	43	26	[java_constant_int(33), java_constant_int(34), java_constant_int(37), java_constant_int(39), java_constant_int(40), java_constant_int(41), java_constant_int(42), java_constant_int(43), java_constant_int(44), java_constant_int(45), java_constant_int(46), java_constant_int(47), java_constant_int(58), java_constant_int(59), java_constant_int(60), java_constant_int(61), java_constant_int(62), java_constant_int(63), java_constant_int(124)]	"bb150"
"< Application, Lorg/hsqldb/CompiledStatement, describeImpl(Lorg/hsqldb/Session;)Ljava/lang/String; >"	3	6	[java_constant_int(1), java_constant_int(2), java_constant_int(3), java_constant_int(4), java_constant_int(5), java_constant_int(6), java_constant_int(7)]	"bb89"
"< Application, Lorg/hsqldb/DITypeInfo, getCstMapClsName()Ljava/lang/String; >"	1	3	[java_constant_int(2001), java_constant_int(2002), java_constant_int(2003), java_constant_int(2004), java_constant_int(2005), java_constant_int(2006)]	"bb9"
"< Application, Lorg/hsqldb/rowio/RowOutputBase, writeData(I[I[Ljava/lang/Object;Lorg/hsqldb/lib/HashMappedList;[I)V >"	28	18	[java_constant_int(-6), java_constant_int(-5), java_constant_int(-4), java_constant_int(-3), java_constant_int(-2), java_constant_int(-1), java_constant_int(0), java_constant_int(1), java_constant_int(2), java_constant_int(3), java_constant_int(4), java_constant_int(5), java_constant_int(6), java_constant_int(7), java_constant_int(8), java_constant_int(12), java_constant_int(16), java_constant_int(91), java_constant_int(92), java_constant_int(93), java_constant_int(100), java_constant_int(1111)]	"bb66"
"< Application, Lorg/hsqldb/Result, write(Lorg/hsqldb/rowio/RowOutputBinary;)V >"	44	67	[java_constant_int(2), java_constant_int(4)]	"bb48"
"< Application, Lorg/hsqldb/persist/TextCache, initParams(Lorg/hsqldb/Database;Ljava/lang/String;)V >"	8	14	[java_constant_int(0), java_constant_int(1)]	"bb17"
"< Application, Lorg/hsqldb/Column, divide(Ljava/lang/Object;Ljava/lang/Object;I)Ljava/lang/Object; >"	3	3	[java_constant_int(-6), java_constant_int(-5), java_constant_int(-4), java_constant_int(-3), java_constant_int(-2), java_constant_int(-1), java_constant_int(0), java_constant_int(1), java_constant_int(2), java_constant_int(3), java_constant_int(4), java_constant_int(5), java_constant_int(6), java_constant_int(7), java_constant_int(8)]	"bb45"
"< Application, Lorg/hsqldb/DatabaseInformationMain, SYSTEM_SEQUENCES()Lorg/hsqldb/Table; >"	53	42	[java_constant_int(-5), java_constant_int(4)]	"bb57"
"< Application, Ldacapo/parser/ConfigFile, outputClause(Ldacapo/parser/Config;Ljava/lang/String;Ljava/lang/String;)V >"	6	11	[java_constant_int(17), java_constant_int(18), java_constant_int(19), java_constant_int(20), java_constant_int(21), java_constant_int(22), java_constant_int(23), java_constant_int(24), java_constant_int(25), java_constant_int(26)]	"bb52"
"< Application, Lorg/hsqldb/Tokenizer, getBigint()J >"	8	15	[java_constant_int(-5), java_constant_int(3), java_constant_int(4)]	"bb14"
"< Application, Lorg/hsqldb/DatabaseInformationFull, SYSTEM_TABLE_CONSTRAINTS()Lorg/hsqldb/Table; >"	60	56	[java_constant_int(0), java_constant_int(1), java_constant_int(2), java_constant_int(3), java_constant_int(4)]	"bb75"
"< Application, Lorg/hsqldb/lib/ArrayUtil, clearArray(ILjava/lang/Object;II)V >"	0	1	[java_constant_int(66), java_constant_int(67), java_constant_int(68), java_constant_int(69), java_constant_int(70), java_constant_int(71), java_constant_int(72), java_constant_int(73), java_constant_int(74), java_constant_int(75), java_constant_int(76), java_constant_int(77), java_constant_int(78), java_constant_int(79), java_constant_int(80), java_constant_int(81), java_constant_int(82), java_constant_int(83), java_constant_int(84), java_constant_int(85), java_constant_int(86), java_constant_int(87), java_constant_int(88), java_constant_int(89), java_constant_int(90)]	"bb58"
"< Application, Ldacapo/parser/ConfigFileTokenManager, jjMoveStringLiteralDfa8_0(JJ)I >"	13	17	[java_constant_int(105), java_constant_int(107), java_constant_int(116)]	"bb20"
"< Application, Lorg/hsqldb/Result, <init>(Lorg/hsqldb/rowio/RowInputBinary;)V >"	92	26	[java_constant_int(10027)]	"bb93"
"< Application, Lorg/hsqldb/Node, newNode(Lorg/hsqldb/Row;Lorg/hsqldb/rowio/RowInputInterface;ILorg/hsqldb/Table;)Lorg/hsqldb/Node; >"	1	7	[java_constant_int(0), java_constant_int(1), java_constant_int(2)]	"bb10"
"< Application, Lorg/hsqldb/jdbc/jdbcPreparedStatement, setParameter(ILjava/lang/Object;)V >"	8	11	[java_constant_int(-4), java_constant_int(-3), java_constant_int(-2), java_constant_int(91), java_constant_int(92), java_constant_int(93), java_constant_int(1111)]	"bb57"
"< Application, Ldacapo/parser/ConfigFile, sizeClause(Ldacapo/parser/Config;Ljava/lang/String;)V >"	8	12	[java_constant_int(13), java_constant_int(29)]	"bb55"
"< Application, Lorg/hsqldb/SetFunction, getValue()Ljava/lang/Object; >"	9	7	[java_constant_int(41), java_constant_int(42), java_constant_int(43), java_constant_int(44), java_constant_int(45), java_constant_int(46), java_constant_int(47), java_constant_int(48), java_constant_int(49), java_constant_int(50)]	"bb74"
"< Application, Ldacapo/parser/ConfigFileTokenManager, jjMoveStringLiteralDfa1_3(J)I >"	7	9	[java_constant_int(47)]	"bb11"
"< Application, Lorg/hsqldb/DITypeInfo, getLiteralSuffix()Ljava/lang/String; >"	1	3	[java_constant_int(-4), java_constant_int(-3), java_constant_int(-2), java_constant_int(-1), java_constant_int(1), java_constant_int(12), java_constant_int(70), java_constant_int(91), java_constant_int(92), java_constant_int(93), java_constant_int(137), java_constant_int(1111), java_constant_int(2004), java_constant_int(2005)]	"bb5"
"< Application, Lorg/hsqldb/Expression, getAnyAllValue(Lorg/hsqldb/Session;Ljava/lang/Object;Lorg/hsqldb/SubQuery;)Ljava/lang/Boolean; >"	67	143	[java_constant_int(22), java_constant_int(23), java_constant_int(24), java_constant_int(25), java_constant_int(26)]	"bb81"
"< Application, Lorg/hsqldb/DIProcedureInfo, getColLen(I)Ljava/lang/Integer; >"	1	5	[java_constant_int(-6), java_constant_int(-5), java_constant_int(-4), java_constant_int(-3), java_constant_int(-2), java_constant_int(4), java_constant_int(5), java_constant_int(6), java_constant_int(7), java_constant_int(8), java_constant_int(16), java_constant_int(91), java_constant_int(92), java_constant_int(93)]	"bb9"
"< Application, Ldacapo/parser/ConfigFile, config()Ldacapo/parser/Config; >"	22	32	[java_constant_int(28)]	"bb27"
"< Application, Lorg/hsqldb/Library, invoke(I[Ljava/lang/Object;)Ljava/lang/Object; >"	0	1	[java_constant_int(0), java_constant_int(1), java_constant_int(2), java_constant_int(3), java_constant_int(4), java_constant_int(5), java_constant_int(6), java_constant_int(7), java_constant_int(8), java_constant_int(9), java_constant_int(10), java_constant_int(11), java_constant_int(12), java_constant_int(13), java_constant_int(14), java_constant_int(15), java_constant_int(16), java_constant_int(17), java_constant_int(18), java_constant_int(19), java_constant_int(20), java_constant_int(21), java_constant_int(22), java_constant_int(23), java_constant_int(24), java_constant_int(25), java_constant_int(26), java_constant_int(27), java_constant_int(28), java_constant_int(29), java_constant_int(30), java_constant_int(31), java_constant_int(32), java_constant_int(33), java_constant_int(34), java_constant_int(35), java_constant_int(36), java_constant_int(37), java_constant_int(38), java_constant_int(39), java_constant_int(40), java_constant_int(41), java_constant_int(42), java_constant_int(43), java_constant_int(44), java_constant_int(45), java_constant_int(46), java_constant_int(47), java_constant_int(48), java_constant_int(49), java_constant_int(50), java_constant_int(51), java_constant_int(52), java_constant_int(53), java_constant_int(54), java_constant_int(55), java_constant_int(56), java_constant_int(57), java_constant_int(58), java_constant_int(59), java_constant_int(60), java_constant_int(61), java_constant_int(62), java_constant_int(63), java_constant_int(64), java_constant_int(65), java_constant_int(66)]	"bb328"
"< Application, Lorg/hsqldb/SetFunction, getValue()Ljava/lang/Object; >"	44	24	[java_constant_int(-6), java_constant_int(-5), java_constant_int(-4), java_constant_int(-3), java_constant_int(-2), java_constant_int(-1), java_constant_int(0), java_constant_int(1), java_constant_int(2), java_constant_int(3), java_constant_int(4), java_constant_int(5), java_constant_int(6), java_constant_int(7), java_constant_int(8)]	"bb56"
"< Application, Lorg/hsqldb/Expression, replaceAliases([Lorg/hsqldb/Expression;I)V >"	23	23	[java_constant_int(3), java_constant_int(7), java_constant_int(30), java_constant_int(32), java_constant_int(33)]	"bb51"
"< Application, Lorg/hsqldb/Expression, swapCondition()V >"	1	4	[java_constant_int(21), java_constant_int(22), java_constant_int(23), java_constant_int(24), java_constant_int(25)]	"bb8"
"< Application, Lorg/hsqldb/jdbc/jdbcConnection, setHoldability(I)V >"	1	2	[java_constant_int(1), java_constant_int(2)]	"bb11"
"< Application, Lorg/hsqldb/DatabaseCommandInterpreter, processAlterTable()V >"	101	49	[java_constant_int(34), java_constant_int(38), java_constant_int(167)]	"bb122"
"< Application, Lorg/hsqldb/DatabaseCommandInterpreter, processAlterColumn(Lorg/hsqldb/Table;)V >"	7	15	[java_constant_int(70), java_constant_int(196), java_constant_int(319), java_constant_int(320)]	"bb63"
"< Application, Lorg/hsqldb/DatabaseInformationFull, generateTable(I)Lorg/hsqldb/Table; >"	0	2	[java_constant_int(7), java_constant_int(8), java_constant_int(9), java_constant_int(10), java_constant_int(11), java_constant_int(12), java_constant_int(13), java_constant_int(14), java_constant_int(15), java_constant_int(16), java_constant_int(17), java_constant_int(18), java_constant_int(19), java_constant_int(20), java_constant_int(21), java_constant_int(22), java_constant_int(23), java_constant_int(24), java_constant_int(25), java_constant_int(26), java_constant_int(27), java_constant_int(28), java_constant_int(29), java_constant_int(30), java_constant_int(31), java_constant_int(32), java_constant_int(33), java_constant_int(34), java_constant_int(35), java_constant_int(36), java_constant_int(37), java_constant_int(38), java_constant_int(39), java_constant_int(40), java_constant_int(41), java_constant_int(42), java_constant_int(43), java_constant_int(44), java_constant_int(45)]	"bb60"
"< Application, Lorg/hsqldb/DITypeInfo, isSupportedAsPCol()Ljava/lang/Boolean; >"	1	3	[java_constant_int(0), java_constant_int(2000), java_constant_int(2003)]	"bb4"
"< Application, Ldacapo/parser/Token, newToken(I)Ldacapo/parser/Token; >"	0	1	[]	"bb2"
"< Application, Lorg/hsqldb/Expression, getDDL()Ljava/lang/String; >"	13	17	[java_constant_int(-4), java_constant_int(-3), java_constant_int(-2), java_constant_int(-1), java_constant_int(0), java_constant_int(1), java_constant_int(2), java_constant_int(3), java_constant_int(4), java_constant_int(5), java_constant_int(6), java_constant_int(7), java_constant_int(8), java_constant_int(9), java_constant_int(10), java_constant_int(11), java_constant_int(12), java_constant_int(13), java_constant_int(14), java_constant_int(15), java_constant_int(16), java_constant_int(17), java_constant_int(18), java_constant_int(19), java_constant_int(20), java_constant_int(21), java_constant_int(22), java_constant_int(23), java_constant_int(24), java_constant_int(25), java_constant_int(26), java_constant_int(27), java_constant_int(28), java_constant_int(29), java_constant_int(30), java_constant_int(31), java_constant_int(32), java_constant_int(33), java_constant_int(34), java_constant_int(35), java_constant_int(36), java_constant_int(37), java_constant_int(38), java_constant_int(39), java_constant_int(40), java_constant_int(41), java_constant_int(42), java_constant_int(43), java_constant_int(44), java_constant_int(45), java_constant_int(46), java_constant_int(47), java_constant_int(48), java_constant_int(49), java_constant_int(50), java_constant_int(51), java_constant_int(52), java_constant_int(53), java_constant_int(54), java_constant_int(55), java_constant_int(56), java_constant_int(57), java_constant_int(58), java_constant_int(59), java_constant_int(60), java_constant_int(61), java_constant_int(62), java_constant_int(63), java_constant_int(64), java_constant_int(65), java_constant_int(66), java_constant_int(67), java_constant_int(68), java_constant_int(69), java_constant_int(70)]	"bb309"
"< Application, Lorg/hsqldb/util/Grid, handleEvent(Ljava/awt/Event;)Z >"	1	4	[java_constant_int(601), java_constant_int(602), java_constant_int(603), java_constant_int(604), java_constant_int(605)]	"bb12"
"< Application, Lorg/hsqldb/Index, delete(Lorg/hsqldb/Session;Lorg/hsqldb/Node;)V >"	96	125	[java_constant_int(-1), java_constant_int(0), java_constant_int(1)]	"bb154"
"< Application, Lorg/hsqldb/rowio/RowInputText, readChar(I)Ljava/lang/String; >"	0	2	[java_constant_int(-1), java_constant_int(1), java_constant_int(12), java_constant_int(100)]	"bb6"
"< Application, Lorg/hsqldb/Expression, isColumn()Z >"	1	3	[java_constant_int(2), java_constant_int(3), java_constant_int(4), java_constant_int(5), java_constant_int(6), java_constant_int(7), java_constant_int(8), java_constant_int(9), java_constant_int(10), java_constant_int(11), java_constant_int(12), java_constant_int(13), java_constant_int(14), java_constant_int(15)]	"bb16"
"< Application, Ldacapo/parser/ConfigFile, outputFile(Ldacapo/parser/Config;Ljava/lang/String;)V >"	28	34	[java_constant_int(17), java_constant_int(18), java_constant_int(19), java_constant_int(20), java_constant_int(21), java_constant_int(22), java_constant_int(23), java_constant_int(24), java_constant_int(25), java_constant_int(26)]	"bb28"
"< Application, Lorg/hsqldb/DatabaseCommandInterpreter, processCreateTable(I)V >"	20	33	[java_constant_int(30), java_constant_int(38), java_constant_int(89), java_constant_int(167), java_constant_int(228)]	"bb31"
"< Application, Lorg/hsqldb/persist/TextCache, readHeaderLine()I >"	22	9	[java_constant_int(10), java_constant_int(13)]	"bb23"
"< Application, Lorg/hsqldb/Expression, compareValues(Lorg/hsqldb/Session;Ljava/lang/Object;Ljava/lang/Object;)Ljava/lang/Boolean; >"	29	40	[java_constant_int(21), java_constant_int(22), java_constant_int(23), java_constant_int(24), java_constant_int(25), java_constant_int(26)]	"bb55"
"< Application, Lorg/hsqldb/DITypeInfo, getNumPrecRadix()Ljava/lang/Integer; >"	1	3	[java_constant_int(-6), java_constant_int(-5), java_constant_int(-4), java_constant_int(-3), java_constant_int(-2), java_constant_int(-1), java_constant_int(0), java_constant_int(1), java_constant_int(2), java_constant_int(3), java_constant_int(4), java_constant_int(5), java_constant_int(6), java_constant_int(7), java_constant_int(8)]	"bb7"
"< Application, Ldacapo/parser/ConfigFile, descId()Ljava/lang/String; >"	6	8	[java_constant_int(14), java_constant_int(15), java_constant_int(16), java_constant_int(17), java_constant_int(18), java_constant_int(19), java_constant_int(20), java_constant_int(21), java_constant_int(22), java_constant_int(23), java_constant_int(24), java_constant_int(25), java_constant_int(26), java_constant_int(27), java_constant_int(28), java_constant_int(29), java_constant_int(30), java_constant_int(31), java_constant_int(32), java_constant_int(33), java_constant_int(34), java_constant_int(35), java_constant_int(36), java_constant_int(37), java_constant_int(38), java_constant_int(39)]	"bb25"
"< Application, Lorg/hsqldb/jdbc/jdbcResultSet, getColumnInType(II)Ljava/lang/Object; >"	44	3	[java_constant_int(91), java_constant_int(92), java_constant_int(93)]	"bb58"
"< Application, Lorg/hsqldb/WebServerConnection, run()V >"	52	44	[java_constant_int(0), java_constant_int(1), java_constant_int(2), java_constant_int(3)]	"bb48"
"< Application, Lorg/hsqldb/ServerConfiguration, getDefaultPort(IZ)I >"	0	1	[java_constant_int(0), java_constant_int(1), java_constant_int(2)]	"bb14"
"< Application, Ldacapo/parser/ConfigFileTokenManager, jjMoveStringLiteralDfa9_0(JJ)I >"	13	17	[java_constant_int(111)]	"bb14"
"< Application, Ldacapo/parser/ConfigFileTokenManager, MoreLexicalActions()V >"	7	8	[java_constant_int(7)]	"bb30"
"< Application, Lorg/hsqldb/Types, isSearchable(I)Z >"	0	1	[java_constant_int(1111), java_constant_int(2000), java_constant_int(2002), java_constant_int(2003), java_constant_int(2004), java_constant_int(2005)]	"bb3"
"< Application, Ldacapo/parser/ConfigFile, configFile()Ldacapo/parser/Config; >"	7	10	[java_constant_int(20), java_constant_int(32)]	"bb13"
"< Application, Lorg/hsqldb/Column, convertObject(Lorg/hsqldb/Session;Ljava/lang/Object;III)Ljava/lang/Object; >"	5	3	[java_constant_int(-1), java_constant_int(1), java_constant_int(2), java_constant_int(3), java_constant_int(12), java_constant_int(93), java_constant_int(100)]	"bb29"
"< Application, Lorg/hsqldb/TableFilter, getFirstIterator(Lorg/hsqldb/Session;ILjava/lang/Object;ILorg/hsqldb/Index;I)Lorg/hsqldb/index/RowIterator; >"	7	2	[java_constant_int(22), java_constant_int(23)]	"bb12"
"< Application, Lorg/hsqldb/Expression, getAggregatedValue(Lorg/hsqldb/Session;Ljava/lang/Object;)Ljava/lang/Object; >"	6	42	[java_constant_int(40), java_constant_int(41), java_constant_int(42), java_constant_int(43), java_constant_int(44), java_constant_int(45), java_constant_int(46), java_constant_int(47), java_constant_int(48), java_constant_int(49), java_constant_int(50)]	"bb18"
"< Application, Lorg/hsqldb/DITypeInfo, getLiteralPrefix()Ljava/lang/String; >"	1	3	[java_constant_int(-4), java_constant_int(-3), java_constant_int(-2), java_constant_int(-1), java_constant_int(1), java_constant_int(12), java_constant_int(70), java_constant_int(91), java_constant_int(92), java_constant_int(93), java_constant_int(137), java_constant_int(1111), java_constant_int(2004), java_constant_int(2005)]	"bb10"
"< Application, Lorg/hsqldb/Result, write(Lorg/hsqldb/rowio/RowOutputBinary;)V >"	90	28	[java_constant_int(10027)]	"bb93"
"< Application, Lorg/hsqldb/Index, balance(Lorg/hsqldb/Session;Lorg/hsqldb/Node;Z)V >"	7	14	[java_constant_int(-1), java_constant_int(0), java_constant_int(1)]	"bb66"
"< Application, Lorg/hsqldb/DatabaseCommandInterpreter, processDrop()V >"	9	15	[java_constant_int(213), java_constant_int(223), java_constant_int(224), java_constant_int(306), java_constant_int(324), java_constant_int(329), java_constant_int(338), java_constant_int(339)]	"bb30"
"< Application, Ldacapo/parser/ConfigFileTokenManager, jjMoveStringLiteralDfa3_0(JJ)I >"	13	17	[java_constant_int(97), java_constant_int(98), java_constant_int(99), java_constant_int(100), java_constant_int(101), java_constant_int(102), java_constant_int(103), java_constant_int(104), java_constant_int(105), java_constant_int(106), java_constant_int(107), java_constant_int(108), java_constant_int(109), java_constant_int(110), java_constant_int(111), java_constant_int(112), java_constant_int(113), java_constant_int(114), java_constant_int(115), java_constant_int(116), java_constant_int(117), java_constant_int(118), java_constant_int(119), java_constant_int(120), java_constant_int(121)]	"bb47"
"< Application, Ldacapo/parser/ParseException, add_escapes(Ljava/lang/String;)Ljava/lang/String; >"	6	10	[java_constant_int(0), java_constant_int(8), java_constant_int(9), java_constant_int(10), java_constant_int(12), java_constant_int(13), java_constant_int(34), java_constant_int(39), java_constant_int(92)]	"bb25"
"< Application, Lorg/hsqldb/lib/StringConverter, readUTF([BII[C)Ljava/lang/String; >"	18	25	[java_constant_int(12), java_constant_int(13), java_constant_int(14)]	"bb38"
"< Application, Lorg/hsqldb/Types, getColStClsName(I)Ljava/lang/String; >"	0	1	[java_constant_int(-6), java_constant_int(-5), java_constant_int(-4), java_constant_int(-3), java_constant_int(-2), java_constant_int(-1), java_constant_int(1), java_constant_int(2), java_constant_int(3), java_constant_int(4), java_constant_int(5), java_constant_int(6), java_constant_int(7), java_constant_int(8), java_constant_int(12), java_constant_int(16), java_constant_int(70), java_constant_int(91), java_constant_int(92), java_constant_int(93), java_constant_int(137), java_constant_int(1111)]	"bb14"
"< Application, Ldacapo/parser/ConfigFileTokenManager, jjMoveNfa_0(II)I >"	17	50	[java_constant_int(0), java_constant_int(1), java_constant_int(2), java_constant_int(3), java_constant_int(4), java_constant_int(5), java_constant_int(6), java_constant_int(7), java_constant_int(8), java_constant_int(9), java_constant_int(10), java_constant_int(11), java_constant_int(12), java_constant_int(13), java_constant_int(14), java_constant_int(15), java_constant_int(16), java_constant_int(17), java_constant_int(18)]	"bb125"
"< Application, Lorg/hsqldb/Parser, readTerm()Lorg/hsqldb/Expression; >"	1	4	[java_constant_int(1), java_constant_int(2), java_constant_int(9), java_constant_int(10), java_constant_int(13), java_constant_int(32), java_constant_int(33), java_constant_int(60), java_constant_int(61), java_constant_int(62), java_constant_int(63), java_constant_int(64), java_constant_int(65), java_constant_int(66), java_constant_int(67), java_constant_int(68), java_constant_int(69), java_constant_int(71), java_constant_int(100), java_constant_int(101), java_constant_int(103), java_constant_int(107)]	"bb81"
"< Application, Lorg/hsqldb/DatabaseCommandInterpreter, executePart(ILjava/lang/String;)Lorg/hsqldb/Result; >"	10	2	[java_constant_int(4), java_constant_int(23), java_constant_int(35), java_constant_int(37), java_constant_int(41), java_constant_int(62), java_constant_int(66), java_constant_int(70), java_constant_int(96), java_constant_int(112), java_constant_int(176), java_constant_int(182), java_constant_int(184), java_constant_int(188), java_constant_int(193), java_constant_int(196), java_constant_int(222), java_constant_int(303), java_constant_int(304), java_constant_int(313), java_constant_int(321), java_constant_int(325)]	"bb136"
"< Application, Lorg/hsqldb/SetFunction, add(Lorg/hsqldb/Session;Ljava/lang/Object;)V >"	13	14	[java_constant_int(40), java_constant_int(41), java_constant_int(42), java_constant_int(43), java_constant_int(44), java_constant_int(45), java_constant_int(46), java_constant_int(47), java_constant_int(48), java_constant_int(49), java_constant_int(50)]	"bb89"
"< Application, Lorg/hsqldb/DatabaseCommandInterpreter, newTable(ILjava/lang/String;ZLorg/hsqldb/HsqlNameManager$HsqlName;)Lorg/hsqldb/Table; >"	4	2	[java_constant_int(5), java_constant_int(6)]	"bb10"
"< Application, Lorg/hsqldb/CompiledStatement, describeResult()Lorg/hsqldb/Result; >"	1	3	[java_constant_int(1), java_constant_int(2), java_constant_int(3), java_constant_int(4), java_constant_int(5), java_constant_int(6), java_constant_int(7), java_constant_int(8), java_constant_int(9)]	"bb20"
"< Application, Lorg/hsqldb/util/RefCapablePropertyResourceBundle, getExpandedString(Ljava/lang/String;I)Ljava/lang/String; >"	29	3	[java_constant_int(0), java_constant_int(1), java_constant_int(2)]	"bb43"
"< Application, Lorg/hsqldb/util/RefCapablePropertyResourceBundle, posSubst(Ljava/lang/String;[Ljava/lang/String;I)Ljava/lang/String; >"	35	4	[java_constant_int(0), java_constant_int(1), java_constant_int(2)]	"bb50"
"< Application, Lorg/hsqldb/util/SqlFile, displayResultSet(Ljava/sql/Statement;Ljava/sql/ResultSet;[ILjava/lang/String;)V >"	14	11	[java_constant_int(-1)]	"bb412"
"< Application, Ldacapo/parser/ConfigFile, outputClause(Ldacapo/parser/Config;Ljava/lang/String;Ljava/lang/String;)V >"	23	58	[java_constant_int(44)]	"bb23"
"< Application, Lorg/hsqldb/DatabaseCommandInterpreter, processSet()V >"	135	127	[java_constant_int(306), java_constant_int(317), java_constant_int(326)]	"bb136"
"< Application, Lorg/hsqldb/jdbc/jdbcConnection, setTransactionIsolation(I)V >"	1	2	[java_constant_int(1), java_constant_int(2), java_constant_int(3), java_constant_int(4), java_constant_int(5), java_constant_int(6), java_constant_int(7), java_constant_int(8)]	"bb4"
"< Application, Lorg/hsqldb/rowio/RowInputBase, readData([I)[Ljava/lang/Object; >"	8	10	[java_constant_int(-6), java_constant_int(-5), java_constant_int(-4), java_constant_int(-3), java_constant_int(-2), java_constant_int(-1), java_constant_int(0), java_constant_int(1), java_constant_int(2), java_constant_int(3), java_constant_int(4), java_constant_int(5), java_constant_int(6), java_constant_int(7), java_constant_int(8), java_constant_int(12), java_constant_int(16), java_constant_int(91), java_constant_int(92), java_constant_int(93), java_constant_int(100), java_constant_int(1111)]	"bb34"
"< Application, Lorg/hsqldb/DatabaseCommandInterpreter, processExplainPlan()Lorg/hsqldb/Result; >"	13	20	[java_constant_int(23), java_constant_int(62), java_constant_int(112), java_constant_int(193), java_constant_int(222), java_constant_int(313)]	"bb27"
"< Application, Lorg/hsqldb/util/SqlFile, processSpecial(Ljava/lang/String;)V >"	44	32	[java_constant_int(33), java_constant_int(42), java_constant_int(46), java_constant_int(61), java_constant_int(63), java_constant_int(72), java_constant_int(97), java_constant_int(98), java_constant_int(99), java_constant_int(100), java_constant_int(105), java_constant_int(109), java_constant_int(111), java_constant_int(112), java_constant_int(113), java_constant_int(120)]	"bb599"
"< Application, Lorg/hsqldb/Expression, getAggregatedValue(Lorg/hsqldb/Session;Ljava/lang/Object;)Ljava/lang/Object; >"	4	9	[java_constant_int(-1), java_constant_int(0), java_constant_int(1), java_constant_int(2), java_constant_int(3)]	"bb69"
"< Application, Lorg/hsqldb/Column, convertObject(Ljava/lang/Object;I)Ljava/lang/Object; >"	2	2	[java_constant_int(-6), java_constant_int(-5), java_constant_int(-4), java_constant_int(-3), java_constant_int(-2), java_constant_int(-1), java_constant_int(0), java_constant_int(1), java_constant_int(2), java_constant_int(3), java_constant_int(4), java_constant_int(5), java_constant_int(6), java_constant_int(7), java_constant_int(8), java_constant_int(12), java_constant_int(16), java_constant_int(91), java_constant_int(92), java_constant_int(93), java_constant_int(100), java_constant_int(1111)]	"bb337"
"< Application, Lorg/hsqldb/persist/TextCache, findNextUsedLinePos(I)I >"	7	10	[java_constant_int(-1), java_constant_int(10), java_constant_int(13), java_constant_int(32)]	"bb17"
"< Application, Ldacapo/parser/ConfigFile, description(Ldacapo/parser/Config;)V >"	8	13	[java_constant_int(44)]	"bb10"
"< Application, Lorg/hsqldb/DatabaseCommandInterpreter, processAlterTable()V >"	19	27	[java_constant_int(1), java_constant_int(4), java_constant_int(70), java_constant_int(319)]	"bb130"
"< Application, Ldacapo/parser/ConfigFileTokenManager, jjStopStringLiteralDfa_0(IJ)I >"	0	2	[java_constant_int(0), java_constant_int(1), java_constant_int(2), java_constant_int(3), java_constant_int(4), java_constant_int(5), java_constant_int(6), java_constant_int(7), java_constant_int(8), java_constant_int(9)]	"bb67"
"< Application, Lorg/hsqldb/Parser, parseUnion(Ljava/lang/String;)I >"	4	9	[java_constant_int(78), java_constant_int(115), java_constant_int(227), java_constant_int(311)]	"bb23"
"< Application, Lorg/hsqldb/DatabaseScript, getFKAction(I)Ljava/lang/String; >"	0	1	[java_constant_int(0), java_constant_int(1), java_constant_int(2), java_constant_int(3), java_constant_int(4)]	"bb5"
"< Application, Lorg/hsqldb/jdbc/jdbcConnection, xlateRSType(I)I >"	0	2	[java_constant_int(1003), java_constant_int(1004), java_constant_int(1005)]	"bb7"
"< Application, Ldacapo/parser/ConfigFile, sizeSpec(Ldacapo/parser/Config;)V >"	10	17	[java_constant_int(13), java_constant_int(29)]	"bb13"
"< Application, Lorg/hsqldb/Expression, getValue(Lorg/hsqldb/Session;)Ljava/lang/Object; >"	1	4	[java_constant_int(1), java_constant_int(2), java_constant_int(3), java_constant_int(7), java_constant_int(10), java_constant_int(27), java_constant_int(28), java_constant_int(29), java_constant_int(30), java_constant_int(31), java_constant_int(32), java_constant_int(33), java_constant_int(61), java_constant_int(62), java_constant_int(70)]	"bb72"
"< Application, Lorg/hsqldb/Result, <init>(Lorg/hsqldb/rowio/RowInputBinary;)V >"	43	70	[java_constant_int(2), java_constant_int(4)]	"bb47"
"< Application, Lorg/hsqldb/DITypeInfo, getSqlDateTimeSub()Ljava/lang/Integer; >"	1	3	[java_constant_int(91), java_constant_int(92), java_constant_int(93)]	"bb9"
"< Application, Lorg/hsqldb/Expression, getAggregatedValue(Lorg/hsqldb/Session;Ljava/lang/Object;)Ljava/lang/Object; >"	74	61	[java_constant_int(-4), java_constant_int(4), java_constant_int(7), java_constant_int(10), java_constant_int(20), java_constant_int(27), java_constant_int(28), java_constant_int(29), java_constant_int(30), java_constant_int(31), java_constant_int(32), java_constant_int(33), java_constant_int(34), java_constant_int(61), java_constant_int(62), java_constant_int(70)]	"bb177"
"< Application, Lorg/hsqldb/Server, getStateDescriptor()Ljava/lang/String; >"	2	5	[java_constant_int(1), java_constant_int(4), java_constant_int(8), java_constant_int(16)]	"bb8"
"< Application, Lorg/hsqldb/Session, execute(Lorg/hsqldb/Result;)Lorg/hsqldb/Result; >"	94	33	[java_constant_int(10027)]	"bb97"
"< Application, Lorg/hsqldb/persist/Log, open()V >"	3	6	[java_constant_int(0), java_constant_int(1), java_constant_int(2)]	"bb42"
"< Application, Ldacapo/parser/ConfigFile, sizeClause(Ldacapo/parser/Config;Ljava/lang/String;)V >"	25	55	[java_constant_int(44)]	"bb26"
"< Application, Ldacapo/parser/TokenMgrError, addEscapes(Ljava/lang/String;)Ljava/lang/String; >"	6	9	[java_constant_int(0), java_constant_int(8), java_constant_int(9), java_constant_int(10), java_constant_int(12), java_constant_int(13), java_constant_int(34), java_constant_int(39), java_constant_int(92)]	"bb25"
"< Application, Lorg/hsqldb/Table, <init>(Lorg/hsqldb/Database;Lorg/hsqldb/HsqlNameManager$HsqlName;I)V >"	10	4	[java_constant_int(0), java_constant_int(1), java_constant_int(2), java_constant_int(3), java_constant_int(4), java_constant_int(5), java_constant_int(6), java_constant_int(7), java_constant_int(8)]	"bb72"
"< Application, Lorg/hsqldb/TableFilter, getConditionType(Lorg/hsqldb/Expression;)I >"	1	4	[java_constant_int(21), java_constant_int(22), java_constant_int(23), java_constant_int(24), java_constant_int(25), java_constant_int(26), java_constant_int(27), java_constant_int(28), java_constant_int(29), java_constant_int(30), java_constant_int(31), java_constant_int(32), java_constant_int(33), java_constant_int(34)]	"bb12"
"< Application, Lorg/hsqldb/Types, acceptsPrecisionCreateParam(I)Z >"	0	1	[java_constant_int(-3), java_constant_int(-2), java_constant_int(1), java_constant_int(2), java_constant_int(3), java_constant_int(6), java_constant_int(12), java_constant_int(92), java_constant_int(93), java_constant_int(100), java_constant_int(2004), java_constant_int(2005)]	"bb3"
"< Application, Lorg/hsqldb/util/SqlFile, listTables(CLjava/lang/String;)V >"	4	2	[java_constant_int(42), java_constant_int(83), java_constant_int(97), java_constant_int(105), java_constant_int(110), java_constant_int(114), java_constant_int(115), java_constant_int(116), java_constant_int(117), java_constant_int(118)]	"bb181"
"< Application, Lorg/hsqldb/Parser, read()V >"	57	32	[java_constant_int(9), java_constant_int(10), java_constant_int(11), java_constant_int(12), java_constant_int(13), java_constant_int(14), java_constant_int(15), java_constant_int(16), java_constant_int(17), java_constant_int(18), java_constant_int(19), java_constant_int(20), java_constant_int(21), java_constant_int(22), java_constant_int(23), java_constant_int(24), java_constant_int(25), java_constant_int(26), java_constant_int(27), java_constant_int(28), java_constant_int(29), java_constant_int(30), java_constant_int(31), java_constant_int(32), java_constant_int(33), java_constant_int(34), java_constant_int(35), java_constant_int(36), java_constant_int(37), java_constant_int(38), java_constant_int(39), java_constant_int(40), java_constant_int(41), java_constant_int(42), java_constant_int(43), java_constant_int(44), java_constant_int(45), java_constant_int(46), java_constant_int(47), java_constant_int(48), java_constant_int(49), java_constant_int(50), java_constant_int(51), java_constant_int(52), java_constant_int(53), java_constant_int(54), java_constant_int(55), java_constant_int(56), java_constant_int(57), java_constant_int(58), java_constant_int(59), java_constant_int(60), java_constant_int(61), java_constant_int(62), java_constant_int(63), java_constant_int(64), java_constant_int(65), java_constant_int(66), java_constant_int(67), java_constant_int(68), java_constant_int(69), java_constant_int(70), java_constant_int(71), java_constant_int(72), java_constant_int(73), java_constant_int(74), java_constant_int(75), java_constant_int(76), java_constant_int(77), java_constant_int(78), java_constant_int(79), java_constant_int(80), java_constant_int(81), java_constant_int(82), java_constant_int(83), java_constant_int(84), java_constant_int(85), java_constant_int(86), java_constant_int(87), java_constant_int(88), java_constant_int(89), java_constant_int(90), java_constant_int(91), java_constant_int(92), java_constant_int(93), java_constant_int(94), java_constant_int(95), java_constant_int(96), java_constant_int(97), java_constant_int(98), java_constant_int(99), java_constant_int(100), java_constant_int(101), java_constant_int(102), java_constant_int(103), java_constant_int(104), java_constant_int(105), java_constant_int(106), java_constant_int(107), java_constant_int(108), java_constant_int(109), java_constant_int(110), java_constant_int(111), java_constant_int(112), java_constant_int(113), java_constant_int(114), java_constant_int(115), java_constant_int(116), java_constant_int(117), java_constant_int(118), java_constant_int(119), java_constant_int(120), java_constant_int(121), java_constant_int(122), java_constant_int(123), java_constant_int(124), java_constant_int(125), java_constant_int(126), java_constant_int(127)]	"bb61"
"< Application, Lorg/hsqldb/jdbc/jdbcConnection, nativeSQL(Ljava/lang/String;)Ljava/lang/String; >"	15	48	[java_constant_int(0), java_constant_int(1), java_constant_int(2), java_constant_int(3), java_constant_int(4), java_constant_int(5)]	"bb41"
"< Application, Lorg/hsqldb/util/CSVWriter, toCsvValue(Ljava/lang/String;)Ljava/lang/String; >"	7	10	[java_constant_int(34)]	"bb11"
"< Application, Lorg/hsqldb/DITypeInfo, isStdMapClsSupported()Ljava/lang/Boolean; >"	1	4	[java_constant_int(2001), java_constant_int(2002), java_constant_int(2003), java_constant_int(2004), java_constant_int(2005), java_constant_int(2006)]	"bb19"
"< Application, Ldacapo/parser/ConfigFileTokenManager, jjMoveNfa_0(II)I >"	169	152	[java_constant_int(1), java_constant_int(2), java_constant_int(3), java_constant_int(4), java_constant_int(5), java_constant_int(6), java_constant_int(7), java_constant_int(8), java_constant_int(9), java_constant_int(10), java_constant_int(11), java_constant_int(12)]	"bb164"
"< Application, Lorg/hsqldb/DatabaseCommandInterpreter, processCreate()V >"	51	33	[java_constant_int(223), java_constant_int(224), java_constant_int(228), java_constant_int(300), java_constant_int(306), java_constant_int(324), java_constant_int(329), java_constant_int(338), java_constant_int(339)]	"bb77"
"< Application, Lorg/hsqldb/DITableInfo, getStandardType()Ljava/lang/String; >"	2	5	[java_constant_int(0), java_constant_int(1), java_constant_int(2), java_constant_int(3), java_constant_int(4), java_constant_int(5), java_constant_int(6), java_constant_int(7)]	"bb7"
"< Application, Lorg/hsqldb/util/SqlFile, processPL(Ljava/lang/String;)V >"	544	97	[java_constant_int(61), java_constant_int(95), java_constant_int(126)]	"bb525"
"< Application, Lorg/hsqldb/DITableInfo, getHsqlType()Ljava/lang/String; >"	2	5	[java_constant_int(0), java_constant_int(1), java_constant_int(2), java_constant_int(3), java_constant_int(4), java_constant_int(5), java_constant_int(6), java_constant_int(7)]	"bb7"
"< Application, Ldacapo/parser/ConfigFileTokenManager, SkipLexicalActions(Ldacapo/parser/Token;)V >"	1	4	[]	"bb3"
"< Application, Lorg/hsqldb/SetFunction, add(Lorg/hsqldb/Session;Ljava/lang/Object;)V >"	16	51	[java_constant_int(-6), java_constant_int(-5), java_constant_int(-4), java_constant_int(-3), java_constant_int(-2), java_constant_int(-1), java_constant_int(0), java_constant_int(1), java_constant_int(2), java_constant_int(3), java_constant_int(4), java_constant_int(5), java_constant_int(6), java_constant_int(7), java_constant_int(8)]	"bb41"
"< Application, Lorg/hsqldb/DITypeInfo, getMinScale()Ljava/lang/Integer; >"	1	3	[java_constant_int(-6), java_constant_int(-5), java_constant_int(2), java_constant_int(3), java_constant_int(4), java_constant_int(5), java_constant_int(6), java_constant_int(7), java_constant_int(8), java_constant_int(91), java_constant_int(92), java_constant_int(93)]	"bb7"
"< Application, Lorg/hsqldb/scriptio/ScriptWriterBase, writeExistingData()V >"	17	25	[java_constant_int(3), java_constant_int(4), java_constant_int(5), java_constant_int(6)]	"bb31"
"< Application, Lorg/hsqldb/Expression, test(Lorg/hsqldb/Session;)Ljava/lang/Boolean; >"	1	4	[java_constant_int(-4), java_constant_int(-3), java_constant_int(-2), java_constant_int(-1), java_constant_int(0), java_constant_int(1), java_constant_int(2), java_constant_int(3), java_constant_int(4), java_constant_int(5), java_constant_int(6), java_constant_int(7), java_constant_int(8), java_constant_int(9), java_constant_int(10), java_constant_int(11), java_constant_int(12), java_constant_int(13), java_constant_int(14), java_constant_int(15), java_constant_int(16), java_constant_int(17), java_constant_int(18), java_constant_int(19), java_constant_int(20), java_constant_int(21), java_constant_int(22), java_constant_int(23), java_constant_int(24), java_constant_int(25), java_constant_int(26), java_constant_int(27), java_constant_int(28), java_constant_int(29), java_constant_int(30), java_constant_int(31), java_constant_int(32), java_constant_int(33), java_constant_int(34)]	"bb80"
"< Application, Lorg/hsqldb/jdbc/jdbcConnection, xlateRSConcurrency(I)I >"	0	2	[java_constant_int(1007), java_constant_int(1008)]	"bb7"
"< Application, Lorg/hsqldb/Expression, isFixedConditional()Z >"	1	3	[java_constant_int(-4), java_constant_int(-3), java_constant_int(-2), java_constant_int(-1), java_constant_int(0), java_constant_int(1), java_constant_int(2), java_constant_int(3), java_constant_int(4), java_constant_int(5), java_constant_int(6), java_constant_int(7), java_constant_int(8), java_constant_int(9), java_constant_int(10), java_constant_int(11), java_constant_int(12), java_constant_int(13), java_constant_int(14), java_constant_int(15), java_constant_int(16), java_constant_int(17), java_constant_int(18), java_constant_int(19), java_constant_int(20), java_constant_int(21), java_constant_int(22), java_constant_int(23), java_constant_int(24), java_constant_int(25), java_constant_int(26), java_constant_int(27), java_constant_int(28), java_constant_int(29), java_constant_int(30), java_constant_int(31), java_constant_int(32), java_constant_int(33), java_constant_int(34)]	"bb28"
"< Application, Ldacapo/parser/ConfigFileTokenManager, jjMoveStringLiteralDfa6_0(JJ)I >"	13	17	[java_constant_int(97), java_constant_int(98), java_constant_int(99), java_constant_int(100), java_constant_int(101), java_constant_int(102), java_constant_int(103), java_constant_int(104), java_constant_int(105), java_constant_int(106), java_constant_int(107), java_constant_int(108), java_constant_int(109), java_constant_int(110), java_constant_int(111), java_constant_int(112), java_constant_int(113), java_constant_int(114), java_constant_int(115)]	"bb30"
"< Application, Lorg/hsqldb/Session, execute(Lorg/hsqldb/Result;)Lorg/hsqldb/Result; >"	21	16	[java_constant_int(6), java_constant_int(7), java_constant_int(8), java_constant_int(9), java_constant_int(65545), java_constant_int(65547), java_constant_int(65548), java_constant_int(65552), java_constant_int(65555), java_constant_int(66541), java_constant_int(66552)]	"bb102"
"< Application, Ldacapo/parser/ConfigFileTokenManager, jjMoveStringLiteralDfa1_0(J)I >"	8	12	[java_constant_int(42), java_constant_int(47), java_constant_int(97), java_constant_int(101), java_constant_int(104), java_constant_int(105), java_constant_int(108), java_constant_int(111), java_constant_int(114), java_constant_int(116), java_constant_int(117), java_constant_int(120), java_constant_int(121)]	"bb37"
"< Application, Lorg/hsqldb/Result, write(Lorg/hsqldb/rowio/RowOutputBinary;)V >"	13	15	[java_constant_int(1), java_constant_int(2), java_constant_int(3), java_constant_int(4), java_constant_int(5), java_constant_int(6), java_constant_int(7), java_constant_int(8), java_constant_int(9), java_constant_int(10), java_constant_int(65543), java_constant_int(65545), java_constant_int(65547), java_constant_int(65548), java_constant_int(65552), java_constant_int(65555), java_constant_int(65610), java_constant_int(66541), java_constant_int(66552)]	"bb94"
"< Application, Lorg/hsqldb/Column, negate(Ljava/lang/Object;I)Ljava/lang/Object; >"	2	2	[java_constant_int(-6), java_constant_int(-5), java_constant_int(-4), java_constant_int(-3), java_constant_int(-2), java_constant_int(-1), java_constant_int(0), java_constant_int(1), java_constant_int(2), java_constant_int(3), java_constant_int(4), java_constant_int(5), java_constant_int(6), java_constant_int(7), java_constant_int(8)]	"bb21"
"< Application, Lorg/hsqldb/Types, isUnsignedAttribute(I)Ljava/lang/Boolean; >"	0	1	[java_constant_int(-6), java_constant_int(-5), java_constant_int(-4), java_constant_int(-3), java_constant_int(-2), java_constant_int(-1), java_constant_int(0), java_constant_int(1), java_constant_int(2), java_constant_int(3), java_constant_int(4), java_constant_int(5), java_constant_int(6), java_constant_int(7), java_constant_int(8)]	"bb3"
"< Application, Lorg/hsqldb/Parser, readDefaultClause(I)Lorg/hsqldb/Expression; >"	2	6	[java_constant_int(1), java_constant_int(2), java_constant_int(10)]	"bb45"
"< Application, Ldacapo/parser/ConfigFileTokenManager, getNextToken()Ldacapo/parser/Token; >"	14	8	[java_constant_int(0), java_constant_int(1), java_constant_int(2), java_constant_int(3)]	"bb56"
"< Application, Lorg/hsqldb/Parser, parseSelect(IZZZZ)Lorg/hsqldb/Select; >"	79	105	[java_constant_int(302), java_constant_int(310), java_constant_int(327), java_constant_int(328)]	"bb92"
"< Application, Lorg/hsqldb/Server, printRequest(ILorg/hsqldb/Result;)V >"	8	15	[java_constant_int(6), java_constant_int(7), java_constant_int(65545), java_constant_int(65547), java_constant_int(65548), java_constant_int(65552), java_constant_int(65555), java_constant_int(65610), java_constant_int(66541), java_constant_int(66552)]	"bb90"
"< Application, Lorg/hsqldb/util/SqlFile, canDisplayType(I)Z >"	0	1	[java_constant_int(1111), java_constant_int(2000), java_constant_int(2002), java_constant_int(2004)]	"bb3"
"< Application, Lorg/hsqldb/Expression, getValue(Lorg/hsqldb/Session;)Ljava/lang/Object; >"	87	18	[java_constant_int(11), java_constant_int(12), java_constant_int(13), java_constant_int(14), java_constant_int(15), java_constant_int(71)]	"bb104"
"< Application, Lorg/hsqldb/TriggerDef, indexToRight(I)I >"	0	1	[java_constant_int(0), java_constant_int(1), java_constant_int(2), java_constant_int(3), java_constant_int(4), java_constant_int(5), java_constant_int(6), java_constant_int(7), java_constant_int(8), java_constant_int(9), java_constant_int(10), java_constant_int(11)]	"bb5"
"< Application, Lorg/hsqldb/util/SqlFile, sqlTypeToString(I)Ljava/lang/String; >"	0	1	[java_constant_int(-7), java_constant_int(-6), java_constant_int(-5), java_constant_int(-4), java_constant_int(-3), java_constant_int(-2), java_constant_int(-1), java_constant_int(0), java_constant_int(1), java_constant_int(2), java_constant_int(3), java_constant_int(4), java_constant_int(5), java_constant_int(6), java_constant_int(7), java_constant_int(8), java_constant_int(12), java_constant_int(16), java_constant_int(70), java_constant_int(91), java_constant_int(92), java_constant_int(93), java_constant_int(1111), java_constant_int(2000), java_constant_int(2001), java_constant_int(2002), java_constant_int(2003), java_constant_int(2004), java_constant_int(2005), java_constant_int(2006)]	"bb32"
"< Application, Lorg/hsqldb/persist/Cache$CachedObjectComparator, compare(Ljava/lang/Object;Ljava/lang/Object;)I >"	1	5	[java_constant_int(1), java_constant_int(2)]	"bb13"
"< Application, Lorg/hsqldb/DITypeInfo, getCharOctLenAct()Ljava/lang/Long; >"	1	3	[java_constant_int(-1), java_constant_int(1), java_constant_int(12), java_constant_int(2005)]	"bb7"
"< Application, Lorg/hsqldb/SetFunction, getType(II)I >"	2	2	[java_constant_int(-6), java_constant_int(-5), java_constant_int(-4), java_constant_int(-3), java_constant_int(-2), java_constant_int(-1), java_constant_int(0), java_constant_int(1), java_constant_int(2), java_constant_int(3), java_constant_int(4), java_constant_int(5), java_constant_int(6), java_constant_int(7), java_constant_int(8)]	"bb7"
"< Application, Lorg/hsqldb/jdbc/jdbcPreparedStatement, setLongParameter(IJ)V >"	4	10	[java_constant_int(-5), java_constant_int(-2), java_constant_int(1111)]	"bb13"
"< Application, Lorg/hsqldb/DITypeInfo, getCreateParams()Ljava/lang/String; >"	5	8	[java_constant_int(1), java_constant_int(2), java_constant_int(3), java_constant_int(6), java_constant_int(12), java_constant_int(93)]	"bb10"
"< Application, Lorg/hsqldb/Column, subtract(Ljava/lang/Object;Ljava/lang/Object;I)Ljava/lang/Object; >"	3	3	[java_constant_int(-6), java_constant_int(-5), java_constant_int(-4), java_constant_int(-3), java_constant_int(-2), java_constant_int(-1), java_constant_int(0), java_constant_int(1), java_constant_int(2), java_constant_int(3), java_constant_int(4), java_constant_int(5), java_constant_int(6), java_constant_int(7), java_constant_int(8)]	"bb29"
"< Application, Lorg/hsqldb/DITypeInfo, getMaxScale()Ljava/lang/Integer; >"	1	3	[java_constant_int(-6), java_constant_int(-5), java_constant_int(2), java_constant_int(3), java_constant_int(4), java_constant_int(5), java_constant_int(6), java_constant_int(7), java_constant_int(8), java_constant_int(91), java_constant_int(92), java_constant_int(93)]	"bb11"
"< Application, Lorg/hsqldb/DITypeInfo, getSqlDataType()Ljava/lang/Integer; >"	1	3	[java_constant_int(-6), java_constant_int(-5), java_constant_int(-4), java_constant_int(-3), java_constant_int(-2), java_constant_int(-1), java_constant_int(0), java_constant_int(1), java_constant_int(2), java_constant_int(3), java_constant_int(4), java_constant_int(5), java_constant_int(6), java_constant_int(7), java_constant_int(8), java_constant_int(12), java_constant_int(16), java_constant_int(70), java_constant_int(91), java_constant_int(92), java_constant_int(93), java_constant_int(137), java_constant_int(1111), java_constant_int(2000), java_constant_int(2001), java_constant_int(2002), java_constant_int(2003), java_constant_int(2004), java_constant_int(2005), java_constant_int(2006)]	"bb63"
"< Application, Lorg/hsqldb/Column, convertString(Ljava/lang/String;I)Ljava/lang/Object; >"	0	2	[java_constant_int(-6), java_constant_int(-5), java_constant_int(-4), java_constant_int(-3), java_constant_int(-2), java_constant_int(-1), java_constant_int(1), java_constant_int(2), java_constant_int(3), java_constant_int(4), java_constant_int(5), java_constant_int(6), java_constant_int(7), java_constant_int(8), java_constant_int(12), java_constant_int(16), java_constant_int(91), java_constant_int(92), java_constant_int(93), java_constant_int(100), java_constant_int(1111)]	"bb30"
"< Application, Lorg/hsqldb/rowio/RowInputTextQuoted, getField(Ljava/lang/String;IZ)Ljava/lang/String; >"	24	67	[java_constant_int(0), java_constant_int(1), java_constant_int(2)]	"bb25"
"< Application, Ldacapo/parser/ConfigFileTokenManager, jjMoveNfa_1(II)I >"	17	36	[java_constant_int(0), java_constant_int(1), java_constant_int(2)]	"bb37"
"< Application, Lorg/hsqldb/Expression, getAggregatedValue(Lorg/hsqldb/Session;Ljava/lang/Object;)Ljava/lang/Object; >"	221	73	[java_constant_int(11), java_constant_int(12), java_constant_int(13), java_constant_int(14), java_constant_int(15)]	"bb214"
"< Application, Ldacapo/parser/ConfigFileTokenManager, jjMoveNfa_0(II)I >"	223	30	[java_constant_int(1), java_constant_int(10)]	"bb180"
"< Application, Lorg/hsqldb/Expression, isResolved()Z >"	1	3	[java_constant_int(1), java_constant_int(2), java_constant_int(3), java_constant_int(4), java_constant_int(5), java_constant_int(6), java_constant_int(7), java_constant_int(8), java_constant_int(9), java_constant_int(10)]	"bb15"
"< Application, Lorg/hsqldb/Types, numericPrecisionCreateParamRadix(I)I >"	0	1	[java_constant_int(2), java_constant_int(3), java_constant_int(4), java_constant_int(5), java_constant_int(6)]	"bb4"
"< Application, Lorg/hsqldb/DatabaseCommandInterpreter, processAlter()V >"	9	14	[java_constant_int(213), java_constant_int(223), java_constant_int(306), java_constant_int(324), java_constant_int(338)]	"bb21"
"< Application, Lorg/hsqldb/Server, printRequest(ILorg/hsqldb/Result;)V >"	79	26	[java_constant_int(10027)]	"bb87"
"< Application, Lorg/hsqldb/Column, compare(Lorg/hsqldb/Collation;Ljava/lang/Object;Ljava/lang/Object;I)I >"	6	4	[java_constant_int(-6), java_constant_int(-5), java_constant_int(-4), java_constant_int(-3), java_constant_int(-2), java_constant_int(-1), java_constant_int(0), java_constant_int(1), java_constant_int(2), java_constant_int(3), java_constant_int(4), java_constant_int(5), java_constant_int(6), java_constant_int(7), java_constant_int(8), java_constant_int(12), java_constant_int(16), java_constant_int(91), java_constant_int(92), java_constant_int(93), java_constant_int(100), java_constant_int(1111)]	"bb88"
"< Application, Lorg/hsqldb/Expression, checkTables(Lorg/hsqldb/lib/HsqlArrayList;)V >"	13	13	[java_constant_int(2), java_constant_int(3), java_constant_int(7), java_constant_int(30), java_constant_int(32), java_constant_int(33)]	"bb63"
"< Application, Lorg/hsqldb/Types, isDatetimeType(I)Z >"	0	1	[java_constant_int(91), java_constant_int(92), java_constant_int(93)]	"bb3"
"< Application, Lorg/hsqldb/jdbc/jdbcResultSet, getObject(I)Ljava/lang/Object; >"	18	13	[java_constant_int(-4), java_constant_int(-3), java_constant_int(-2), java_constant_int(91), java_constant_int(92), java_constant_int(93), java_constant_int(1111), java_constant_int(2000)]	"bb44"
"< Application, Lorg/hsqldb/Column, getCombinedNumberType(III)I >"	5	3	[java_constant_int(14), java_constant_int(21), java_constant_int(22), java_constant_int(23), java_constant_int(24), java_constant_int(25), java_constant_int(26), java_constant_int(70)]	"bb11"
"< Application, Lorg/hsqldb/jdbc/jdbcConnection, xlateRSHoldability(I)I >"	0	2	[java_constant_int(1), java_constant_int(2)]	"bb7"
"< Application, Ldacapo/parser/ConfigFile, config()Ldacapo/parser/Config; >"	11	17	[java_constant_int(18)]	"bb31"
"< Application, Lorg/hsqldb/Select, mergeResults(Lorg/hsqldb/Session;Lorg/hsqldb/Result;Lorg/hsqldb/Result;)V >"	1	6	[java_constant_int(1), java_constant_int(2), java_constant_int(3), java_constant_int(4)]	"bb14"
"< Application, Ldacapo/parser/ConfigFile, outputClause(Ldacapo/parser/Config;Ljava/lang/String;Ljava/lang/String;)V >"	14	46	[java_constant_int(45)]	"bb32"
"< Application, Ldacapo/parser/ConfigFileTokenManager, jjMoveNfa_1(II)I >"	68	30	[]	"bb54"
"< Application, Ldacapo/parser/ConfigFile, outputFile(Ldacapo/parser/Config;Ljava/lang/String;)V >"	6	10	[java_constant_int(33), java_constant_int(34), java_constant_int(42)]	"bb13"
"< Application, Lorg/hsqldb/DITypeInfo, isAutoIncrement()Ljava/lang/Boolean; >"	1	3	[java_constant_int(-6), java_constant_int(-5), java_constant_int(-4), java_constant_int(-3), java_constant_int(-2), java_constant_int(-1), java_constant_int(0), java_constant_int(1), java_constant_int(2), java_constant_int(3), java_constant_int(4), java_constant_int(5), java_constant_int(6), java_constant_int(7), java_constant_int(8)]	"bb5"
"< Application, Lorg/hsqldb/DatabaseInformationMain, generateTable(I)Lorg/hsqldb/Table; >"	2	2	[java_constant_int(0), java_constant_int(1), java_constant_int(2), java_constant_int(3), java_constant_int(4), java_constant_int(5), java_constant_int(6), java_constant_int(7), java_constant_int(8), java_constant_int(9), java_constant_int(10), java_constant_int(11), java_constant_int(12), java_constant_int(13), java_constant_int(14), java_constant_int(15), java_constant_int(16), java_constant_int(17), java_constant_int(18), java_constant_int(19), java_constant_int(20), java_constant_int(21), java_constant_int(22), java_constant_int(23), java_constant_int(24), java_constant_int(25), java_constant_int(26), java_constant_int(27), java_constant_int(28), java_constant_int(29), java_constant_int(30), java_constant_int(31), java_constant_int(32), java_constant_int(33), java_constant_int(34)]	"bb40"
"< Application, Lorg/hsqldb/Tokenizer, getAsValue()Ljava/lang/Object; >"	6	6	[java_constant_int(4), java_constant_int(5), java_constant_int(6), java_constant_int(7), java_constant_int(8), java_constant_int(9), java_constant_int(10), java_constant_int(11), java_constant_int(12), java_constant_int(13)]	"bb61"
"< Application, Lorg/hsqldb/Tokenizer, wasValue()Z >"	4	7	[java_constant_int(4), java_constant_int(5), java_constant_int(6), java_constant_int(7), java_constant_int(8), java_constant_int(9), java_constant_int(10), java_constant_int(11), java_constant_int(12), java_constant_int(13)]	"bb7"
"< Application, Ldacapo/parser/ConfigFileTokenManager, jjMoveStringLiteralDfa2_0(JJ)I >"	13	17	[java_constant_int(97), java_constant_int(98), java_constant_int(99), java_constant_int(100), java_constant_int(101), java_constant_int(102), java_constant_int(103), java_constant_int(104), java_constant_int(105), java_constant_int(106), java_constant_int(107), java_constant_int(108), java_constant_int(109), java_constant_int(110), java_constant_int(111), java_constant_int(112), java_constant_int(113), java_constant_int(114), java_constant_int(115), java_constant_int(116), java_constant_int(117), java_constant_int(118), java_constant_int(119), java_constant_int(120), java_constant_int(121), java_constant_int(122)]	"bb48"
"< Application, Ldacapo/parser/ConfigFileTokenManager, jjMoveStringLiteralDfa4_0(JJ)I >"	13	17	[java_constant_int(97), java_constant_int(98), java_constant_int(99), java_constant_int(100), java_constant_int(101), java_constant_int(102), java_constant_int(103), java_constant_int(104), java_constant_int(105), java_constant_int(106), java_constant_int(107), java_constant_int(108), java_constant_int(109), java_constant_int(110), java_constant_int(111), java_constant_int(112), java_constant_int(113), java_constant_int(114), java_constant_int(115), java_constant_int(116), java_constant_int(117)]	"bb44"
"< Application, Ldacapo/parser/ConfigFileTokenManager, jjMoveStringLiteralDfa7_0(JJ)I >"	13	17	[java_constant_int(104), java_constant_int(114), java_constant_int(116)]	"bb18"
"< Application, Lorg/hsqldb/DatabaseCommandInterpreter, executePart(ILjava/lang/String;)Lorg/hsqldb/Result; >"	4	2	[java_constant_int(41), java_constant_int(96)]	"bb6"
"< Application, Lorg/hsqldb/TableWorks, reTypeColumn(Lorg/hsqldb/Column;Lorg/hsqldb/Column;)V >"	20	9	[java_constant_int(91), java_constant_int(92), java_constant_int(93)]	"bb29"
"< Application, Lorg/hsqldb/Types, isNumberType(I)Z >"	0	1	[java_constant_int(-6), java_constant_int(-5), java_constant_int(-4), java_constant_int(-3), java_constant_int(-2), java_constant_int(-1), java_constant_int(0), java_constant_int(1), java_constant_int(2), java_constant_int(3), java_constant_int(4), java_constant_int(5), java_constant_int(6), java_constant_int(7), java_constant_int(8)]	"bb3"
"< Application, Lorg/hsqldb/Session, sqlCompileStatement(Ljava/lang/String;)Lorg/hsqldb/CompiledStatement; >"	5	11	[java_constant_int(23), java_constant_int(62), java_constant_int(112), java_constant_int(193), java_constant_int(222), java_constant_int(313)]	"bb25"
"< Application, Lorg/hsqldb/util/SqlFile, displayResultSet(Ljava/sql/Statement;Ljava/sql/ResultSet;[ILjava/lang/String;)V >"	109	109	[java_constant_int(91), java_constant_int(92), java_constant_int(93)]	"bb115"
"< Application, Ldacapo/parser/ConfigFile, digestOption(Ldacapo/parser/Config;Ljava/lang/String;Ljava/lang/String;)V >"	6	11	[java_constant_int(16), java_constant_int(23), java_constant_int(30), java_constant_int(35)]	"bb19"
"< Application, Lorg/hsqldb/DIProcedureInfo, getColUsage(I)Ljava/lang/Integer; >"	2	6	[java_constant_int(0)]	"bb5"
"< Application, Lorg/hsqldb/TableFilter, setCondition(Lorg/hsqldb/Session;Lorg/hsqldb/Expression;)V >"	69	35	[java_constant_int(1), java_constant_int(2), java_constant_int(3)]	"bb97"
"< Application, Lorg/hsqldb/Expression, isAggregate(I)Z >"	0	1	[java_constant_int(40), java_constant_int(41), java_constant_int(42), java_constant_int(43), java_constant_int(44), java_constant_int(45), java_constant_int(46), java_constant_int(47), java_constant_int(48), java_constant_int(49), java_constant_int(50)]	"bb3"
"< Application, Lorg/hsqldb/Types, getTypeName(I)Ljava/lang/String; >"	0	1	[java_constant_int(-6), java_constant_int(-5), java_constant_int(-4), java_constant_int(-3), java_constant_int(-2), java_constant_int(-1), java_constant_int(0), java_constant_int(1), java_constant_int(2), java_constant_int(3), java_constant_int(4), java_constant_int(5), java_constant_int(6), java_constant_int(7), java_constant_int(8), java_constant_int(12), java_constant_int(16), java_constant_int(70), java_constant_int(91), java_constant_int(92), java_constant_int(93), java_constant_int(100), java_constant_int(137), java_constant_int(1111), java_constant_int(2000), java_constant_int(2001), java_constant_int(2002), java_constant_int(2003), java_constant_int(2004), java_constant_int(2005), java_constant_int(2006)]	"bb33"
"< Application, Ldacapo/parser/ConfigFileTokenManager, jjMoveStringLiteralDfa10_0(JJ)I >"	13	17	[java_constant_int(110)]	"bb15"
"< Application, Lorg/hsqldb/util/SqlFile, processBuffHist(Ljava/lang/String;)V >"	99	64	[java_constant_int(0), java_constant_int(59), java_constant_int(97), java_constant_int(115), java_constant_int(119)]	"bb309"
"< Application, Lorg/hsqldb/Types, acceptsScaleCreateParam(I)Z >"	0	1	[java_constant_int(2), java_constant_int(3)]	"bb3"
"< Application, Ldacapo/parser/ConfigFile, sizeClause(Ldacapo/parser/Config;Ljava/lang/String;)V >"	16	43	[java_constant_int(42)]	"bb34"
"< Application, Lorg/hsqldb/DatabaseManager, getDatabase(Ljava/lang/String;Ljava/lang/String;Lorg/hsqldb/persist/HsqlProperties;)Lorg/hsqldb/Database; >"	3	8	[java_constant_int(1), java_constant_int(4), java_constant_int(8), java_constant_int(16)]	"bb13"
"< Application, Lorg/hsqldb/Select, getDDL()Ljava/lang/StringBuffer; >"	94	118	[java_constant_int(1), java_constant_int(2), java_constant_int(3), java_constant_int(4)]	"bb104"
"< Application, Lorg/hsqldb/Expression, isConditional()Z >"	1	3	[java_constant_int(-4), java_constant_int(-3), java_constant_int(-2), java_constant_int(-1), java_constant_int(0), java_constant_int(1), java_constant_int(2), java_constant_int(3), java_constant_int(4), java_constant_int(5), java_constant_int(6), java_constant_int(7), java_constant_int(8), java_constant_int(9), java_constant_int(10), java_constant_int(11), java_constant_int(12), java_constant_int(13), java_constant_int(14), java_constant_int(15), java_constant_int(16), java_constant_int(17), java_constant_int(18), java_constant_int(19), java_constant_int(20), java_constant_int(21), java_constant_int(22), java_constant_int(23), java_constant_int(24), java_constant_int(25), java_constant_int(26), java_constant_int(27), java_constant_int(28), java_constant_int(29), java_constant_int(30), java_constant_int(31), java_constant_int(32), java_constant_int(33), java_constant_int(34)]	"bb16"
"< Application, Lorg/hsqldb/rowio/RowOutputText, writeChar(Ljava/lang/String;I)V >"	0	3	[java_constant_int(-1), java_constant_int(1), java_constant_int(12), java_constant_int(100)]	"bb6"
"< Application, Lorg/hsqldb/DatabaseScript, getTableDDL(Lorg/hsqldb/Database;Lorg/hsqldb/Table;ILorg/hsqldb/lib/HsqlArrayList;ZLjava/lang/StringBuffer;)V >"	136	221	[java_constant_int(0), java_constant_int(1), java_constant_int(2), java_constant_int(3)]	"bb185"
"< Application, Lorg/hsqldb/SetFunction, getType(II)I >"	7	2	[java_constant_int(-6), java_constant_int(-5), java_constant_int(-4), java_constant_int(-3), java_constant_int(-2), java_constant_int(-1), java_constant_int(0), java_constant_int(1), java_constant_int(2), java_constant_int(3), java_constant_int(4), java_constant_int(5), java_constant_int(6), java_constant_int(7), java_constant_int(8)]	"bb13"
"< Application, Lorg/hsqldb/Expression, getAnyAllValue(Lorg/hsqldb/Session;Ljava/lang/Object;Lorg/hsqldb/SubQuery;)Ljava/lang/Boolean; >"	111	26	[java_constant_int(21), java_constant_int(22), java_constant_int(23), java_constant_int(24), java_constant_int(25), java_constant_int(26)]	"bb103"
"< Application, Lorg/hsqldb/Types, getMaxDisplaySize(I)I >"	0	1	[java_constant_int(-6), java_constant_int(-5), java_constant_int(-4), java_constant_int(-3), java_constant_int(-2), java_constant_int(-1), java_constant_int(1), java_constant_int(2), java_constant_int(3), java_constant_int(4), java_constant_int(5), java_constant_int(6), java_constant_int(7), java_constant_int(8), java_constant_int(12), java_constant_int(16), java_constant_int(70), java_constant_int(91), java_constant_int(92), java_constant_int(93), java_constant_int(137), java_constant_int(1111)]	"bb15"
"< Application, Lorg/hsqldb/jdbc/jdbcResultSet, absolute(I)Z >"	13	2	[java_constant_int(-1), java_constant_int(1)]	"bb19"
"< Application, Lorg/hsqldb/persist/Logger, closeLog(I)Z >"	7	2	[java_constant_int(-1), java_constant_int(0), java_constant_int(1), java_constant_int(2)]	"bb17"
"< Application, Lorg/hsqldb/Parser, readCondition()Lorg/hsqldb/Expression; >"	62	14	[java_constant_int(27), java_constant_int(30), java_constant_int(106)]	"bb66"
"< Application, Lorg/hsqldb/Function, getValue(Lorg/hsqldb/Session;)Ljava/lang/Object; >"	1	4	[java_constant_int(9), java_constant_int(10), java_constant_int(11), java_constant_int(19), java_constant_int(27), java_constant_int(29), java_constant_int(30), java_constant_int(31), java_constant_int(42), java_constant_int(64)]	"bb38"
"< Application, Lorg/hsqldb/SetFunction, getType(II)I >"	0	1	[java_constant_int(40), java_constant_int(41), java_constant_int(42), java_constant_int(43), java_constant_int(44), java_constant_int(45), java_constant_int(46), java_constant_int(47), java_constant_int(48), java_constant_int(49), java_constant_int(50)]	"bb17"
"< Application, Lorg/hsqldb/persist/TextCache, readObject(I)Lorg/hsqldb/rowio/RowInputInterface; >"	26	16	[java_constant_int(10), java_constant_int(13), java_constant_int(34)]	"bb38"
"< Application, Lorg/hsqldb/Node, newNode(Lorg/hsqldb/Row;ILorg/hsqldb/Table;)Lorg/hsqldb/Node; >"	1	6	[java_constant_int(0), java_constant_int(1), java_constant_int(2)]	"bb10"
"< Application, Lorg/hsqldb/TableWorks, reTypeColumn(Lorg/hsqldb/Column;Lorg/hsqldb/Column;)V >"	2	9	[java_constant_int(-4), java_constant_int(-3), java_constant_int(-2), java_constant_int(1111), java_constant_int(2000)]	"bb12"
"< Application, Lorg/hsqldb/jdbc/jdbcDatabaseMetaData, getBestRowIdentifier(Ljava/lang/String;Ljava/lang/String;Ljava/lang/String;IZ)Ljava/sql/ResultSet; >"	0	5	[java_constant_int(0), java_constant_int(1), java_constant_int(2)]	"bb5"
"< Application, Lorg/hsqldb/Select, describe(Lorg/hsqldb/Session;)Ljava/lang/String; >"	94	152	[java_constant_int(1), java_constant_int(2), java_constant_int(3), java_constant_int(4)]	"bb101"
"< Application, Lorg/hsqldb/Expression, isFixedConstant()Z >"	1	3	[java_constant_int(1), java_constant_int(2), java_constant_int(3), java_constant_int(4), java_constant_int(5), java_constant_int(6), java_constant_int(7), java_constant_int(8), java_constant_int(9), java_constant_int(10), java_constant_int(11), java_constant_int(12), java_constant_int(13), java_constant_int(14), java_constant_int(15)]	"bb20"
"< Application, Lorg/hsqldb/rowio/RowOutputText, writeFieldType(I)V >"	2	2	[java_constant_int(-1), java_constant_int(12), java_constant_int(100)]	"bb14"
"< Application, Lorg/hsqldb/Types, isCharacterType(I)Z >"	0	1	[java_constant_int(-1), java_constant_int(1), java_constant_int(12), java_constant_int(100), java_constant_int(2005)]	"bb3"
"< Application, Lorg/hsqldb/Tokenizer, getType()I >"	4	7	[java_constant_int(4), java_constant_int(5), java_constant_int(6), java_constant_int(7), java_constant_int(8), java_constant_int(9), java_constant_int(10), java_constant_int(11), java_constant_int(12)]	"bb15"
"< Application, Lorg/hsqldb/util/SqlFile, importDsv(Ljava/lang/String;Ljava/lang/String;)V >"	395	393	[java_constant_int(-4), java_constant_int(-3), java_constant_int(-1), java_constant_int(12), java_constant_int(16), java_constant_int(91), java_constant_int(92), java_constant_int(93), java_constant_int(2003), java_constant_int(2004), java_constant_int(2005)]	"bb356"
"< Application, Lorg/hsqldb/DatabaseCommandInterpreter, processSet()V >"	5	10	[java_constant_int(213), java_constant_int(301), java_constant_int(303), java_constant_int(305), java_constant_int(307), java_constant_int(309), java_constant_int(314), java_constant_int(316), java_constant_int(317), java_constant_int(318), java_constant_int(322), java_constant_int(330), java_constant_int(337), java_constant_int(338)]	"bb302"
"< Application, Lorg/hsqldb/Expression, getAnyAllValue(Lorg/hsqldb/Session;Ljava/lang/Object;Lorg/hsqldb/SubQuery;)Ljava/lang/Boolean; >"	176	65	[java_constant_int(22), java_constant_int(23), java_constant_int(24), java_constant_int(25), java_constant_int(26)]	"bb169"
"< Application, Lorg/hsqldb/Expression, resolveTypes(Lorg/hsqldb/Session;)V >"	12	13	[java_constant_int(1), java_constant_int(2), java_constant_int(3), java_constant_int(4), java_constant_int(5), java_constant_int(6), java_constant_int(7), java_constant_int(8), java_constant_int(9), java_constant_int(10), java_constant_int(11), java_constant_int(12), java_constant_int(13), java_constant_int(14), java_constant_int(15), java_constant_int(16), java_constant_int(17), java_constant_int(18), java_constant_int(19), java_constant_int(20), java_constant_int(21), java_constant_int(22), java_constant_int(23), java_constant_int(24), java_constant_int(25), java_constant_int(26), java_constant_int(27), java_constant_int(28), java_constant_int(29), java_constant_int(30), java_constant_int(31), java_constant_int(32), java_constant_int(33), java_constant_int(34), java_constant_int(35), java_constant_int(36), java_constant_int(37), java_constant_int(38), java_constant_int(39), java_constant_int(40), java_constant_int(41), java_constant_int(42), java_constant_int(43), java_constant_int(44), java_constant_int(45), java_constant_int(46), java_constant_int(47), java_constant_int(48), java_constant_int(49), java_constant_int(50), java_constant_int(51), java_constant_int(52), java_constant_int(53), java_constant_int(54), java_constant_int(55), java_constant_int(56), java_constant_int(57), java_constant_int(58), java_constant_int(59), java_constant_int(60), java_constant_int(61), java_constant_int(62), java_constant_int(63), java_constant_int(64), java_constant_int(65), java_constant_int(66), java_constant_int(67), java_constant_int(68), java_constant_int(69), java_constant_int(70)]	"bb486"
"< Application, Lorg/hsqldb/Expression, updateAggregatingValue(Lorg/hsqldb/Session;Ljava/lang/Object;)Ljava/lang/Object; >"	1	5	[java_constant_int(-1), java_constant_int(0), java_constant_int(1), java_constant_int(2), java_constant_int(3), java_constant_int(4)]	"bb67"
"< Application, Lorg/hsqldb/Parser, compileInsertStatement()Lorg/hsqldb/CompiledStatement; >"	54	75	[java_constant_int(193), java_constant_int(226), java_constant_int(313)]	"bb81"
"< Application, Lorg/hsqldb/Session, setAttributes(Lorg/hsqldb/Result;)Lorg/hsqldb/Result; >"	8	20	[java_constant_int(4), java_constant_int(6)]	"bb17"
