"< Application, Lorg/hsqldb/resources/BundleHandler, setLocale(Ljava/util/Locale;)V >"	1	3
"< Application, Lorg/hsqldb/HsqlDateTime, getNormalisedTimestamp(Ljava/sql/Time;)Ljava/sql/Timestamp; >"	1	3
"< Application, Lorg/hsqldb/jdbc/jdbcConnection, clearWarnings()V >"	2	4
"< Application, Lorg/hsqldb/HsqlSocketFactorySecure, getSocketFactoryImpl()Ljavax/net/ssl/SSLSocketFactory; >"	1	3
"< Application, Lorg/hsqldb/store/ValuePool, getBigDecimal(Ljava/math/BigDecimal;)Ljava/math/BigDecimal; >"	3	4
"< Application, Lorg/hsqldb/Library, to_char(Ljava/util/Date;Ljava/lang/String;)Ljava/lang/String; >"	4	5
"< Application, Lorg/hsqldb/lib/HsqlTimer$TaskQueue, cancelAllTasks()V >"	0	1
"< Application, Lorg/hsqldb/lib/MD5, digestBytes([B)[B >"	1	3
"< Application, Lorg/hsqldb/HsqlSocketFactorySecure, getServerSocketFactoryImpl()Ljavax/net/ssl/SSLServerSocketFactory; >"	1	3
"< Application, Lorg/hsqldb/DITypeInfo, setLocale(Ljava/util/Locale;)V >"	7	5
"< Application, Lorg/hsqldb/Session, sqlExecuteDirectNoPreChecks(Ljava/lang/String;)Lorg/hsqldb/Result; >"	1	4
"< Application, Lorg/hsqldb/DITableInfo, setLocale(Ljava/util/Locale;)V >"	1	4
"< Application, Lorg/hsqldb/Session, execute(Lorg/hsqldb/Result;)Lorg/hsqldb/Result; >"	10	15
"< Application, Lorg/hsqldb/HsqlDateTime, getNormalisedDate(Ljava/sql/Date;)Ljava/sql/Date; >"	1	3
"< Application, Lorg/hsqldb/store/ValuePool, getDate(J)Ljava/sql/Date; >"	1	3
"< Application, Lorg/hsqldb/jdbc/jdbcConnection, clearWarningsNoCheck()V >"	1	3
"< Application, Lorg/hsqldb/store/ValuePool, initPool()V >"	2	4
"< Application, Lorg/hsqldb/jdbc/jdbcConnection, addWarning(Ljava/sql/SQLWarning;)V >"	1	4
"< Application, Lorg/hsqldb/lib/HsqlTaskQueue, shutdownImmediately()V >"	6	8
"< Application, Lorg/hsqldb/HsqlDateTime, getTimeString(Ljava/util/Date;Ljava/util/Calendar;)Ljava/lang/String; >"	1	4
"< Application, Lorg/hsqldb/store/ValuePool, getLong(J)Ljava/lang/Long; >"	1	3
"< Application, Lorg/hsqldb/HsqlDateTime, getNormalisedDate(J)J >"	1	3
"< Application, Lorg/hsqldb/store/ValuePool, resetPool()V >"	1	2
"< Application, Ldacapo/Benchmark, <init>(Ldacapo/parser/Config;Ljava/io/File;)V >"	22	18
"< Application, Lorg/hsqldb/Server, signalCloseAllServerConnections()V >"	2	5
"< Application, Lorg/hsqldb/store/ValuePool, getInt(I)Ljava/lang/Integer; >"	1	3
"< Application, Lorg/hsqldb/persist/LockFile, <clinit>()V >"	13	21
"< Application, Lorg/hsqldb/HsqlDateTime, getNormalisedTimestamp(Ljava/sql/Date;)Ljava/sql/Timestamp; >"	1	3
"< Application, Lorg/hsqldb/lib/HsqlTimer$Task, cancel()V >"	1	4
"< Application, Lorg/hsqldb/HsqlDateTime, getTimestampString(Ljava/sql/Timestamp;Ljava/util/Calendar;)Ljava/lang/String; >"	1	4
"< Application, Lorg/hsqldb/lib/HsqlTaskQueue$TaskRunner, run()V >"	21	21
"< Application, Lorg/hsqldb/HsqlDateTime, getDateString(Ljava/util/Date;Ljava/util/Calendar;)Ljava/lang/String; >"	1	4
"< Application, Lorg/hsqldb/HsqlDateTime, getNormalisedDate(Ljava/sql/Timestamp;)Ljava/sql/Date; >"	1	3
"< Application, Lorg/hsqldb/lib/HsqlTimer$Task, isCancelled()Z >"	1	3
"< Application, Lorg/hsqldb/store/ValuePool, getDouble(J)Ljava/lang/Double; >"	1	3
"< Application, Lorg/hsqldb/Server, handleConnection(Ljava/net/Socket;)V >"	26	37
"< Application, Lorg/hsqldb/resources/BundleHandler, getString(ILjava/lang/String;)Ljava/lang/String; >"	1	4
"< Application, Lorg/hsqldb/Session, commit()V >"	4	5
"< Application, Lorg/hsqldb/Library, dayname(Ljava/sql/Date;)Ljava/lang/String; >"	3	4
"< Application, Lorg/hsqldb/Library, rand(Ljava/lang/Integer;)D >"	1	3
"< Application, Lorg/hsqldb/lib/HsqlTaskQueue, shutdownAfterQueued()V >"	3	5
"< Application, Lorg/hsqldb/Library, monthname(Ljava/sql/Date;)Ljava/lang/String; >"	3	4
"< Application, Lorg/hsqldb/jdbc/jdbcConnection, getWarnings()Ljava/sql/SQLWarning; >"	2	4
"< Application, Lorg/hsqldb/resources/BundleHandler, getBundleHandle(Ljava/lang/String;Ljava/lang/ClassLoader;)I >"	6	13
"< Application, Ldacapo/Benchmark, <init>(Ldacapo/parser/Config;Ljava/io/File;)V >"	7	8
"< Application, Lorg/hsqldb/HsqlDateTime, getSytemTimeString()Ljava/lang/String; >"	1	2
"< Application, Lorg/hsqldb/Server, releaseDatabase(I)V >"	30	33
"< Application, Lorg/hsqldb/store/ValuePool, resetPool([II)V >"	1	4
"< Application, Lorg/hsqldb/HsqlDateTime, getTimestampString(J)Ljava/lang/String; >"	1	3
"< Application, Lorg/hsqldb/ServerConnection, <init>(Ljava/net/Socket;Lorg/hsqldb/Server;)V >"	13	13
"< Application, Lorg/hsqldb/lib/HsqlTimer, nextTask()Lorg/hsqldb/lib/HsqlTimer$Task; >"	5	7
"< Application, Lorg/hsqldb/HsqlSocketFactory, getPlainImpl()Lorg/hsqldb/HsqlSocketFactory; >"	1	2
"< Application, Lorg/hsqldb/Session, close()V >"	4	5
"< Application, Lorg/hsqldb/lib/HsqlTaskQueue$TaskRunner, run()V >"	5	7
"< Application, Lorg/hsqldb/ServerConnection, <init>(Ljava/net/Socket;Lorg/hsqldb/Server;)V >"	24	18
"< Application, Lorg/hsqldb/lib/HsqlTaskQueue, execute(Ljava/lang/Runnable;)V >"	3	6
"< Application, Lorg/hsqldb/HsqlSocketFactory, getSSLImpl()Lorg/hsqldb/HsqlSocketFactory; >"	1	2
"< Application, Lorg/hsqldb/resources/BundleHandler, getLocale()Ljava/util/Locale; >"	1	2
"< Application, Lorg/hsqldb/store/ValuePool, clearPool()V >"	1	2
"< Application, Lorg/hsqldb/DatabaseManager, getDatabase(Ljava/lang/String;Ljava/lang/String;Lorg/hsqldb/persist/HsqlProperties;)Lorg/hsqldb/Database; >"	1	6
"< Application, Lorg/hsqldb/store/ValuePool, getString(Ljava/lang/String;)Ljava/lang/String; >"	6	7
"< Application, Lorg/hsqldb/HsqlDateTime, getNormalisedTime(J)J >"	1	3
"< Application, Lorg/hsqldb/lib/HsqlTaskQueue, shutdownAfterCurrent()V >"	2	4
"< Application, Lorg/hsqldb/Session, rollback()V >"	4	5
"< Application, Lorg/hsqldb/HsqlDateTime, getDateTimePart(Ljava/util/Date;I)I >"	1	4
"< Application, Lorg/hsqldb/Session, setAutoCommit(Z)V >"	4	6
"< Application, Lorg/hsqldb/ServerConnection, close()V >"	12	12
"< Application, Lorg/hsqldb/HsqlDateTime, getTimestampString(Ljava/sql/Timestamp;)Ljava/lang/String; >"	1	3
"< Application, Lorg/hsqldb/HsqlDateTime, getTimeInMillis(Ljava/util/Date;Ljava/util/Calendar;Ljava/util/Calendar;)J >"	7	10
