"< Application, Lorg/hsqldb/HsqlDateTime, compare(Ljava/sql/Time;Ljava/sql/Time;)I >"	5	10	java_comparison_cmp	5	7
"< Application, Ldacapo/parser/Config$OutputFile, hasBytes()Z >"	1	5	java_comparison_cmp	3	4
"< Application, Lorg/hsqldb/persist/ScaledRAFileInJar, readIntoBuffer()V >"	9	13	java_comparison_cmp	11	12
"< Application, Lorg/hsqldb/persist/ScaledRAFileInJar, read()I >"	9	10	java_comparison_cmp	8	9
"< Application, Ldacapo/parser/ConfigFileTokenManager, jjMoveStringLiteralDfa1_2(J)I >"	9	14	java_comparison_cmp	12	13
"< Application, Lorg/hsqldb/jdbc/jdbcPreparedStatement, setClob(ILjava/sql/Clob;)V >"	11	12	java_comparison_cmp	10	11
"< Application, Ldacapo/parser/ConfigFileTokenManager, jjStopStringLiteralDfa_0(IJ)I >"	6	68	java_comparison_cmp	67	8
"< Application, Lorg/hsqldb/Column, convertObject(Ljava/lang/Object;I)Ljava/lang/Object; >"	27	378	java_comparison_cmp	374	377
"< Application, Lorg/hsqldb/persist/ScaledRAFile, read()I >"	10	12	java_comparison_cmp	10	11
"< Application, Lorg/hsqldb/store/BaseHashMap, addOrRemove(JJLjava/lang/Object;Ljava/lang/Object;Z)Ljava/lang/Object; >"	137	56	java_comparison_cmp	2	51
"< Application, Lorg/hsqldb/Column, compareToTypeRange(Ljava/lang/Object;I)I >"	20	43	java_comparison_cmp	31	42
"< Application, Lorg/hsqldb/jdbc/jdbcBlob, position(Ljava/sql/Blob;J)J >"	7	12	java_comparison_cmp	3	11
"< Application, Ldacapo/parser/ConfigFileTokenManager, jjMoveNfa_0(II)I >"	126	92	java_comparison_cmp	91	34
"< Application, Lorg/hsqldb/lib/HsqlTimer, nextTask()Lorg/hsqldb/lib/HsqlTimer$Task; >"	28	24	java_comparison_cmp	23	16
"< Application, Lorg/hsqldb/persist/ScaledRAFile, writeInt(I)V >"	2	6	java_comparison_cmp	4	5
"< Application, Lorg/hsqldb/Session, getCurrentTimestamp()Ljava/sql/Timestamp; >"	2	5	java_comparison_cmp	3	4
"< Application, Lorg/hsqldb/persist/ScaledRAFileInJar, read()I >"	17	17	java_comparison_cmp	11	16
"< Application, Lorg/hsqldb/Column, convertObject(Ljava/lang/Object;I)Ljava/lang/Object; >"	283	124	java_comparison_cmpl	122	123
"< Application, Lorg/hsqldb/persist/ScaledRAFile, writeInt(I)V >"	11	14	java_comparison_cmp	12	13
"< Application, Lorg/hsqldb/Column, createSQLString(D)Ljava/lang/String; >"	0	4	java_comparison_cmpl	1	3
"< Application, Lorg/hsqldb/persist/ScaledRAFileInJar, fileSeek(J)V >"	1	5	java_comparison_cmp	2	4
"< Application, Lorg/hsqldb/jdbc/jdbcClob, truncate(J)V >"	9	14	java_comparison_cmp	9	7
"< Application, Ldacapo/parser/ConfigFileTokenManager, jjStopStringLiteralDfa_0(IJ)I >"	45	38	java_comparison_cmp	37	8
"< Application, Lorg/hsqldb/TableWorks, reTypeColumn(Lorg/hsqldb/Column;Lorg/hsqldb/Column;)V >"	88	86	java_comparison_cmp	84	85
"< Application, Lorg/hsqldb/Column, divide(Ljava/lang/Object;Ljava/lang/Object;I)Ljava/lang/Object; >"	42	18	java_comparison_cmp	16	17
"< Application, Ldacapo/parser/ConfigFileTokenManager, jjMoveStringLiteralDfa9_0(JJ)I >"	1	7	java_comparison_cmp	5	6
"< Application, Lorg/hsqldb/store/BaseHashMap, addOrRemove(JJLjava/lang/Object;Ljava/lang/Object;Z)Ljava/lang/Object; >"	26	31	java_comparison_cmp	2	30
"< Application, Lorg/hsqldb/persist/Log, writeStatement(Lorg/hsqldb/Session;Ljava/lang/String;)V >"	12	18	java_comparison_cmp	16	17
"< Application, Lorg/hsqldb/HsqlDateTime, getToday(J)Ljava/util/Calendar; >"	3	8	java_comparison_cmp	6	7
"< Application, Lorg/hsqldb/jdbc/jdbcClob, truncate(J)V >"	4	10	java_comparison_cmp	9	7
"< Application, Lorg/hsqldb/TransactionManager, getTransactionList()[Lorg/hsqldb/Transaction; >"	53	61	java_comparison_cmp	60	59
"< Application, Ldacapo/parser/ConfigFileTokenManager, jjMoveStringLiteralDfa2_0(JJ)I >"	27	53	java_comparison_cmp	52	6
"< Application, Lorg/hsqldb/Column, convertObject(Ljava/lang/Object;I)Ljava/lang/Object; >"	125	256	java_comparison_cmp	255	254
"< Application, Ldacapo/parser/ConfigFileTokenManager, jjMoveStringLiteralDfa5_0(JJ)I >"	33	59	java_comparison_cmp	58	6
"< Application, Lorg/hsqldb/jdbc/jdbcClob, position(Ljava/lang/String;J)J >"	1	7	java_comparison_cmp	3	6
"< Application, Lorg/hsqldb/util/SqlToolSprayer, main([Ljava/lang/String;)V >"	120	141	java_comparison_cmp	30	140
"< Application, Lorg/hsqldb/persist/DataFileCache, close(Z)V >"	59	77	java_comparison_cmp	75	76
"< Application, Lorg/hsqldb/jdbc/jdbcClob, getSubString(JI)Ljava/lang/String; >"	28	32	java_comparison_cmp	9	10
"< Application, Lorg/hsqldb/persist/ScaledRAFile, write([BII)V >"	11	16	java_comparison_cmp	14	15
"< Application, Ldacapo/parser/ConfigFileTokenManager, jjMoveStringLiteralDfa6_0(JJ)I >"	36	23	java_comparison_cmp	22	6
"< Application, Lorg/hsqldb/jdbc/jdbcBlob, position([BJ)J >"	16	19	java_comparison_cmp	15	18
"< Application, Lorg/hsqldb/lib/HsqlByteArrayInputStream, skip(J)J >"	12	17	java_comparison_cmp	15	16
"< Application, Lorg/hsqldb/store/ValuePoolHashMap, getOrAddDouble(J)Ljava/lang/Double; >"	15	23	java_comparison_cmp	22	2
"< Application, Lorg/hsqldb/lib/HsqlTimer$Task, setPeriod(J)Ljava/lang/Object; >"	7	10	java_comparison_cmp	2	9
"< Application, Lorg/hsqldb/store/ValuePoolHashMap, getOrAddDate(J)Ljava/sql/Date; >"	15	22	java_comparison_cmp	21	2
"< Application, Lorg/hsqldb/persist/ScaledRAFile, read()I >"	3	7	java_comparison_cmp	6	5
"< Application, Ldacapo/parser/ConfigFileTokenManager, getNextToken()Ldacapo/parser/Token; >"	81	45	java_comparison_cmp	43	44
"< Application, Ldacapo/parser/ConfigFileTokenManager, jjStopStringLiteralDfa_0(IJ)I >"	89	18	java_comparison_cmp	17	8
"< Application, Lorg/hsqldb/Column, convertObject(Ljava/lang/Object;I)Ljava/lang/Object; >"	79	314	java_comparison_cmp	310	313
"< Application, Lorg/hsqldb/lib/HsqlTimer, compare(Ljava/lang/Object;Ljava/lang/Object;)I >"	9	15	java_comparison_cmp	8	12
"< Application, Ldacapo/parser/ConfigFileTokenManager, jjMoveStringLiteralDfa8_0(JJ)I >"	1	7	java_comparison_cmp	5	6
"< Application, Lorg/hsqldb/lib/HsqlTimer, schedulePeriodicallyAt(Ljava/util/Date;JLjava/lang/Runnable;Z)Ljava/lang/Object; >"	4	9	java_comparison_cmp	3	8
"< Application, Lorg/hsqldb/persist/ScaledRAFile, seek(J)V >"	18	23	java_comparison_cmp	30	22
"< Application, Lorg/hsqldb/lib/HsqlTimer, nextTask()Lorg/hsqldb/lib/HsqlTimer$Task; >"	33	27	java_comparison_cmp	26	23
"< Application, Lorg/hsqldb/store/BaseHashMap, nextLookup(I)I >"	24	21	java_comparison_cmp	19	20
"< Application, Lorg/hsqldb/SetFunction, addLong(J)V >"	0	5	java_comparison_cmp	2	4
"< Application, Lorg/hsqldb/persist/ScaledRAFileInJar, readInt()I >"	12	14	java_comparison_cmp	8	13
"< Application, Ldacapo/parser/ConfigFileTokenManager, jjMoveStringLiteralDfa3_0(JJ)I >"	44	33	java_comparison_cmp	32	6
"< Application, Ldacapo/parser/ConfigFileTokenManager, jjMoveStringLiteralDfa5_0(JJ)I >"	1	7	java_comparison_cmp	5	6
"< Application, Ldacapo/parser/ConfigFileTokenManager, jjMoveStringLiteralDfa4_0(JJ)I >"	1	7	java_comparison_cmp	5	6
"< Application, Lorg/hsqldb/lib/HsqlTimer, isPeriodic(Ljava/lang/Object;)Z >"	4	8	java_comparison_cmp	6	7
"< Application, Lorg/hsqldb/jdbc/jdbcBlob, getBytes(JI)[B >"	3	10	java_comparison_cmp	8	9
"< Application, Lorg/hsqldb/jdbc/jdbcClob, position(Ljava/sql/Clob;J)J >"	8	15	java_comparison_cmp	13	14
"< Application, Lorg/hsqldb/persist/ScaledRAFile, seek(J)V >"	4	9	java_comparison_cmp	8	2
"< Application, Ldacapo/parser/ConfigFileTokenManager, jjMoveStringLiteralDfa3_0(JJ)I >"	19	68	java_comparison_cmp	67	6
"< Application, Lorg/hsqldb/store/BaseHashMap, getLookup(J)I >"	7	11	java_comparison_cmp	2	10
"< Application, Lorg/hsqldb/jdbc/jdbcBlob, truncate(J)V >"	12	13	java_comparison_cmp	2	12
"< Application, Ldacapo/parser/ConfigFileTokenManager, jjMoveStringLiteralDfa2_0(JJ)I >"	1	7	java_comparison_cmp	5	6
"< Application, Ldacapo/parser/ConfigFileTokenManager, jjStopStringLiteralDfa_0(IJ)I >"	34	45	java_comparison_cmp	44	8
"< Application, Lorg/hsqldb/lib/HsqlTimer, nextTask()Lorg/hsqldb/lib/HsqlTimer$Task; >"	14	17	java_comparison_cmp	15	16
"< Application, Lorg/hsqldb/lib/ArrayCounter, calcInterval(III)J >"	7	12	java_comparison_cmp	11	7
"< Application, Lorg/hsqldb/TransactionManager, getTransactionList()[Lorg/hsqldb/Transaction; >"	28	33	java_comparison_cmp	32	40
"< Application, Lorg/hsqldb/persist/DataFileCache, close(Z)V >"	86	115	java_comparison_cmp	113	114
"< Application, Lorg/hsqldb/jdbc/jdbcClob, getSubString(JI)Ljava/lang/String; >"	6	14	java_comparison_cmp	9	13
"< Application, Ldacapo/parser/ConfigFileTokenManager, jjStopStringLiteralDfa_0(IJ)I >"	12	59	java_comparison_cmp	58	8
"< Application, Lorg/hsqldb/store/ValuePoolHashMap, getOrAddLong(J)Ljava/lang/Long; >"	14	21	java_comparison_cmp	20	2
"< Application, Lorg/hsqldb/Column, createSQLString(D)Ljava/lang/String; >"	3	7	java_comparison_cmpl	1	6
"< Application, Lorg/hsqldb/persist/DataFileCache, defrag()V >"	4	7	java_comparison_cmp	5	6
"< Application, Ldacapo/parser/ConfigFileTokenManager, jjStopStringLiteralDfa_0(IJ)I >"	67	26	java_comparison_cmp	25	8
"< Application, Lorg/hsqldb/Library, roundMagic(D)D >"	5	9	java_comparison_cmpl	1	8
"< Application, Lorg/hsqldb/persist/Log, writeInsertStatement(Lorg/hsqldb/Session;Lorg/hsqldb/Table;[Ljava/lang/Object;)V >"	13	21	java_comparison_cmp	19	20
"< Application, Ldacapo/parser/ConfigFileTokenManager, jjMoveStringLiteralDfa3_0(JJ)I >"	26	60	java_comparison_cmp	59	6
"< Application, Ldacapo/parser/ConfigFileTokenManager, jjMoveNfa_0(II)I >"	96	121	java_comparison_cmp	120	34
"< Application, Lorg/hsqldb/persist/TextCache, close(Z)V >"	10	15	java_comparison_cmp	10	14
"< Application, Ldacapo/TestHarness, runBenchmark(Ljava/io/File;Ljava/lang/String;Ldacapo/TestHarness;)V >"	24	43	java_comparison_cmpl	41	42
"< Application, Lorg/hsqldb/Column, compare(Lorg/hsqldb/Collation;Ljava/lang/Object;Ljava/lang/Object;I)I >"	48	51	java_comparison_cmpl	47	50
"< Application, Ldacapo/parser/ConfigFileTokenManager, jjStopStringLiteralDfa_0(IJ)I >"	85	16	java_comparison_cmp	15	8
"< Application, Lorg/hsqldb/persist/ScaledRAFile, write([BII)V >"	2	8	java_comparison_cmp	6	7
"< Application, Ldacapo/parser/ConfigFileTokenManager, jjMoveNfa_0(II)I >"	197	155	java_comparison_cmp	154	34
"< Application, Ldacapo/parser/ConfigFileTokenManager, jjMoveStringLiteralDfa6_0(JJ)I >"	1	7	java_comparison_cmp	5	6
"< Application, Lorg/hsqldb/NumberSequence, getValue(J)J >"	1	5	java_comparison_cmp	2	4
"< Application, Lorg/hsqldb/persist/Log, writeSequenceStatement(Lorg/hsqldb/Session;Lorg/hsqldb/NumberSequence;)V >"	8	14	java_comparison_cmp	12	13
"< Application, Lorg/hsqldb/persist/TextCache, open(Z)V >"	9	16	java_comparison_cmp	14	15
"< Application, Ldacapo/parser/ConfigFileTokenManager, jjMoveStringLiteralDfa4_0(JJ)I >"	34	38	java_comparison_cmp	37	6
"< Application, Ldacapo/parser/ConfigFileTokenManager, jjMoveStringLiteralDfa8_0(JJ)I >"	22	20	java_comparison_cmp	19	6
"< Application, Lorg/hsqldb/persist/ScaledRAFile, writeLong(J)V >"	2	6	java_comparison_cmp	4	5
"< Application, Lorg/hsqldb/persist/ScaledRAFile, readLong()J >"	29	30	java_comparison_cmp	23	29
"< Application, Lorg/hsqldb/Column, convertObject(Ljava/lang/Object;I)Ljava/lang/Object; >"	272	132	java_comparison_cmp	130	131
"< Application, Ldacapo/parser/ConfigFileTokenManager, jjMoveNfa_0(II)I >"	131	94	java_comparison_cmp	93	34
"< Application, Lorg/hsqldb/SetFunction, getVariance()Ljava/lang/Number; >"	6	14	java_comparison_cmp	12	13
"< Application, Ldacapo/parser/ConfigFileTokenManager, jjStopStringLiteralDfa_0(IJ)I >"	29	55	java_comparison_cmp	54	8
"< Application, Lorg/hsqldb/Library, truncate(DI)D >"	3	10	java_comparison_cmpg	1	9
"< Application, Lorg/hsqldb/Tokenizer, getInt()I >"	3	9	java_comparison_cmp	4	8
"< Application, Lorg/hsqldb/store/BaseHashMap, addOrRemove(JJLjava/lang/Object;Ljava/lang/Object;Z)Ljava/lang/Object; >"	33	35	java_comparison_cmp	2	34
"< Application, Ldacapo/parser/ConfigFileTokenManager, jjMoveNfa_0(II)I >"	227	35	java_comparison_cmp	33	34
"< Application, Lorg/hsqldb/jdbc/jdbcBlob, position([BJ)J >"	3	8	java_comparison_cmp	3	7
"< Application, Lorg/hsqldb/persist/Log, writeInsertStatement(Lorg/hsqldb/Session;Lorg/hsqldb/Table;[Ljava/lang/Object;)V >"	8	15	java_comparison_cmp	13	14
"< Application, Ldacapo/parser/ConfigFileTokenManager, jjMoveNfa_0(II)I >"	136	97	java_comparison_cmp	96	34
"< Application, Ldacapo/parser/ConfigFileTokenManager, jjMoveStringLiteralDfa6_0(JJ)I >"	24	35	java_comparison_cmp	34	6
"< Application, Lorg/hsqldb/lib/ArrayCounter, calcInterval(III)J >"	2	8	java_comparison_cmp	6	7
"< Application, Lorg/hsqldb/Library, sign(D)I >"	3	6	java_comparison_cmpl	1	3
"< Application, Lorg/hsqldb/persist/Cache, put(ILorg/hsqldb/persist/CachedObject;)V >"	9	15	java_comparison_cmp	13	14
"< Application, Lorg/hsqldb/Column, setIdentity(ZJJ)V >"	8	12	java_comparison_cmp	10	11
"< Application, Ldacapo/parser/ConfigFileTokenManager, jjMoveNfa_0(II)I >"	117	88	java_comparison_cmp	87	34
"< Application, Ldacapo/parser/ConfigFileTokenManager, jjMoveNfa_1(II)I >"	19	40	java_comparison_cmp	38	39
"< Application, Ldacapo/parser/ConfigFileTokenManager, jjStopStringLiteralDfa_0(IJ)I >"	78	22	java_comparison_cmp	21	8
"< Application, Lorg/hsqldb/jdbc/jdbcBlob, position(Ljava/sql/Blob;J)J >"	3	8	java_comparison_cmp	3	7
"< Application, Lorg/hsqldb/jdbc/jdbcBlob, truncate(J)V >"	1	6	java_comparison_cmp	2	5
"< Application, Lorg/hsqldb/rowio/RowInputTextLog, readReal(I)Ljava/lang/Double; >"	10	20	java_comparison_cmpl	8	19
"< Application, Lorg/hsqldb/Library, roundMagic(D)D >"	0	4	java_comparison_cmpg	1	3
"< Application, Lorg/hsqldb/persist/ScaledRAFile, read([BII)V >"	4	10	java_comparison_cmp	8	9
"< Application, Lorg/hsqldb/HsqlDateTime, compare(Ljava/sql/Date;Ljava/sql/Date;)I >"	5	10	java_comparison_cmp	5	7
"< Application, Lorg/hsqldb/Column, compare(Lorg/hsqldb/Collation;Ljava/lang/Object;Ljava/lang/Object;I)I >"	36	60	java_comparison_cmp	56	59
"< Application, Lorg/hsqldb/SetFunction, getStdDev()Ljava/lang/Number; >"	6	16	java_comparison_cmp	14	15
"< Application, Ldacapo/Benchmark, validate(Ljava/lang/String;)Z >"	177	252	java_comparison_cmp	233	212
"< Application, Ldacapo/parser/ConfigFileTokenManager, jjMoveNfa_0(II)I >"	171	163	java_comparison_cmp	162	34
"< Application, Lorg/hsqldb/Session, getCurrentDate()Ljava/sql/Date; >"	2	5	java_comparison_cmp	3	4
"< Application, Lorg/hsqldb/lib/HsqlTimer, schedulePeriodicallyAfter(JJLjava/lang/Runnable;Z)Ljava/lang/Object; >"	0	8	java_comparison_cmp	3	7
"< Application, Lorg/hsqldb/persist/Log, writeSequenceStatement(Lorg/hsqldb/Session;Lorg/hsqldb/NumberSequence;)V >"	13	20	java_comparison_cmp	18	19
"< Application, Lorg/hsqldb/persist/ScaledRAFile, readInt()I >"	4	7	java_comparison_cmp	5	6
"< Application, Lorg/hsqldb/Column, convertToLong(Ljava/lang/Object;)Ljava/lang/Long; >"	23	16	java_comparison_cmpl	12	15
"< Application, Lorg/hsqldb/Tokenizer, getInt()I >"	1	6	java_comparison_cmp	4	5
"< Application, Lorg/hsqldb/jdbc/jdbcBlob, truncate(J)V >"	5	10	java_comparison_cmp	2	9
"< Application, Lorg/hsqldb/persist/ScaledRAFileInJar, readInt()I >"	4	7	java_comparison_cmp	5	6
"< Application, Lorg/hsqldb/persist/ScaledRAFile, readIntoBuffer()V >"	9	14	java_comparison_cmp	12	13
"< Application, Ldacapo/parser/ConfigFileTokenManager, jjMoveStringLiteralDfa6_0(JJ)I >"	31	20	java_comparison_cmp	19	6
"< Application, Lorg/hsqldb/store/BaseHashMap, containsValue(Ljava/lang/Object;)Z >"	27	30	java_comparison_cmp	28	29
"< Application, Lorg/hsqldb/persist/ScaledRAFile, writeLong(J)V >"	11	14	java_comparison_cmp	12	13
"< Application, Lorg/hsqldb/persist/Log, writeStatement(Lorg/hsqldb/Session;Ljava/lang/String;)V >"	17	23	java_comparison_cmp	21	22
"< Application, Ldacapo/parser/ConfigFileTokenManager, jjMoveStringLiteralDfa1_3(J)I >"	9	14	java_comparison_cmp	12	13
"< Application, Lorg/hsqldb/persist/DataFileCache, setFilePos(Lorg/hsqldb/persist/CachedObject;)I >"	17	22	java_comparison_cmp	20	21
"< Application, Lorg/hsqldb/SetFunction, addLong(J)V >"	3	7	java_comparison_cmp	2	4
"< Application, Ldacapo/parser/ConfigFileTokenManager, jjMoveStringLiteralDfa3_0(JJ)I >"	1	7	java_comparison_cmp	5	6
"< Application, Lorg/hsqldb/jdbc/jdbcClob, truncate(J)V >"	7	13	java_comparison_cmp	2	12
"< Application, Lorg/hsqldb/lib/HsqlTimer, isFixedRate(Ljava/lang/Object;)Z >"	6	9	java_comparison_cmp	7	8
"< Application, Lorg/hsqldb/store/BaseHashMap, addOrRemove(JJLjava/lang/Object;Ljava/lang/Object;Z)Ljava/lang/Object; >"	46	88	java_comparison_cmp	2	51
"< Application, Lorg/hsqldb/persist/TextCache, setHeader(Ljava/lang/String;)V >"	3	8	java_comparison_cmp	6	7
"< Application, Lorg/hsqldb/persist/ScaledRAFile, readIntoBuffer()V >"	17	19	java_comparison_cmp	12	18
"< Application, Ldacapo/parser/ConfigFileTokenManager, jjMoveNfa_0(II)I >"	19	53	java_comparison_cmp	52	34
"< Application, Lorg/hsqldb/Column, setIdentity(ZJJ)V >"	11	14	java_comparison_cmp	13	11
"< Application, Lorg/hsqldb/lib/HsqlTimer, getLastScheduled(Ljava/lang/Object;)Ljava/util/Date; >"	4	10	java_comparison_cmp	8	9
"< Application, Ldacapo/parser/ConfigFileTokenManager, jjMoveStringLiteralDfa1_0(J)I >"	15	49	java_comparison_cmp	47	48
"< Application, Lorg/hsqldb/persist/Log, writeCommitStatement(Lorg/hsqldb/Session;)V >"	8	13	java_comparison_cmp	11	12
"< Application, Lorg/hsqldb/HsqlDateTime, compare(Ljava/sql/Timestamp;Ljava/sql/Timestamp;)I >"	14	10	java_comparison_cmp	5	7
"< Application, Lorg/hsqldb/Column, convertToInt(Ljava/lang/Object;)Ljava/lang/Integer; >"	23	16	java_comparison_cmpl	12	15
"< Application, Lorg/hsqldb/persist/ScaledRAFileInJar, read([BII)V >"	31	35	java_comparison_cmp	33	34
"< Application, Lorg/hsqldb/persist/LockFile, checkHeartbeat(Z)V >"	25	31	java_comparison_cmp	29	30
"< Application, Ldacapo/parser/ConfigFileTokenManager, jjMoveNfa_0(II)I >"	150	141	java_comparison_cmp	140	34
"< Application, Ldacapo/parser/ConfigFileTokenManager, jjMoveNfa_0(II)I >"	80	114	java_comparison_cmp	113	34
"< Application, Ldacapo/parser/ConfigFileTokenManager, jjMoveStringLiteralDfa2_0(JJ)I >"	46	26	java_comparison_cmp	25	6
"< Application, Lorg/hsqldb/persist/ScaledRAFileInJar, read()I >"	2	5	java_comparison_cmp	3	4
"< Application, Ldacapo/parser/ConfigFileTokenManager, jjStopStringLiteralDfa_0(IJ)I >"	51	41	java_comparison_cmp	40	8
"< Application, Lorg/hsqldb/DatabaseScript, addSchemaStatements(Lorg/hsqldb/Database;Lorg/hsqldb/Result;Z)V >"	46	88	java_comparison_cmp	86	87
"< Application, Ldacapo/parser/ConfigFileTokenManager, jjStopStringLiteralDfa_0(IJ)I >"	16	62	java_comparison_cmp	61	8
"< Application, Lorg/hsqldb/DatabaseScript, getTableDDL(Lorg/hsqldb/Database;Lorg/hsqldb/Table;ILorg/hsqldb/lib/HsqlArrayList;ZLjava/lang/StringBuffer;)V >"	83	145	java_comparison_cmp	143	144
"< Application, Lorg/hsqldb/rowio/RowInputTextLog, readReal(I)Ljava/lang/Double; >"	16	24	java_comparison_cmpl	8	23
"< Application, Lorg/hsqldb/lib/HsqlTimer, compare(Ljava/lang/Object;Ljava/lang/Object;)I >"	6	13	java_comparison_cmp	8	12
"< Application, Lorg/hsqldb/persist/ScaledRAFile, read([BII)V >"	43	42	java_comparison_cmp	40	41
"< Application, Lorg/hsqldb/persist/ScaledRAFileInJar, read([BII)V >"	12	17	java_comparison_cmp	11	16
"< Application, Lorg/hsqldb/jdbc/jdbcPreparedStatement, setBlob(ILjava/sql/Blob;)V >"	11	12	java_comparison_cmp	10	11
"< Application, Lorg/hsqldb/Library, sign(D)I >"	0	4	java_comparison_cmpg	1	3
"< Application, Lorg/hsqldb/persist/ScaledRAFile, newScaledRAFile(Lorg/hsqldb/Database;Ljava/lang/String;ZILjava/lang/String;Ljava/lang/String;)Lorg/hsqldb/lib/Storage; >"	47	19	java_comparison_cmp	17	18
"< Application, Ldacapo/parser/ConfigFileTokenManager, jjMoveStringLiteralDfa5_0(JJ)I >"	28	56	java_comparison_cmp	55	6
"< Application, Ldacapo/parser/ConfigFileTokenManager, jjStopStringLiteralDfa_0(IJ)I >"	71	28	java_comparison_cmp	27	8
"< Application, Lorg/hsqldb/TransactionManager, getTransactionList()[Lorg/hsqldb/Transaction; >"	48	57	java_comparison_cmp	54	56
"< Application, Lorg/hsqldb/lib/ArrayCounter, rank([IIIIII)I >"	25	33	java_comparison_cmp	31	32
"< Application, Lorg/hsqldb/lib/ArrayCounter, countSegments([IIIII)[I >"	2	12	java_comparison_cmp	9	11
"< Application, Lorg/hsqldb/persist/Log, processDataFile()V >"	22	25	java_comparison_cmp	22	24
"< Application, Ldacapo/parser/ConfigFileTokenManager, jjStopStringLiteralDfa_0(IJ)I >"	23	52	java_comparison_cmp	51	8
"< Application, Ldacapo/parser/ConfigFileTokenManager, jjMoveStringLiteralDfa4_0(JJ)I >"	39	41	java_comparison_cmp	40	6
"< Application, Ldacapo/parser/ConfigFileTokenManager, jjMoveStringLiteralDfa4_0(JJ)I >"	46	25	java_comparison_cmp	24	6
"< Application, Lorg/hsqldb/persist/ScaledRAFile, write([BII)V >"	19	23	java_comparison_cmp	17	22
"< Application, Lorg/hsqldb/Column, convertObject(Ljava/lang/Object;I)Ljava/lang/Object; >"	127	258	java_comparison_cmp	254	257
"< Application, Lorg/hsqldb/util/SqlToolSprayer, main([Ljava/lang/String;)V >"	126	147	java_comparison_cmp	145	146
"< Application, Lorg/hsqldb/jdbc/jdbcBlob, getBytes(JI)[B >"	6	13	java_comparison_cmp	8	12
"< Application, Lorg/hsqldb/jdbc/jdbcBlob, position(Ljava/sql/Blob;J)J >"	13	18	java_comparison_cmp	17	14
"< Application, Ldacapo/parser/ConfigFileTokenManager, getNextToken()Ldacapo/parser/Token; >"	112	89	java_comparison_cmp	88	44
"< Application, Lorg/hsqldb/persist/Log, writeDeleteStatement(Lorg/hsqldb/Session;Lorg/hsqldb/Table;[Ljava/lang/Object;)V >"	8	15	java_comparison_cmp	13	14
"< Application, Ldacapo/hsqldb/PseudoJDBCBench$MemoryWatcherThread, run()V >"	8	15	java_comparison_cmp	13	14
"< Application, Ldacapo/parser/ConfigFileTokenManager, jjStopStringLiteralDfa_0(IJ)I >"	40	48	java_comparison_cmp	47	8
"< Application, Ldacapo/parser/ConfigFileTokenManager, jjMoveStringLiteralDfa10_0(JJ)I >"	1	7	java_comparison_cmp	5	6
"< Application, Lorg/hsqldb/jdbc/jdbcBlob, position(Ljava/sql/Blob;J)J >"	17	21	java_comparison_cmp	15	20
"< Application, Lorg/hsqldb/Library, roundMagic(D)D >"	2	7	java_comparison_cmpl	1	6
"< Application, Ldacapo/parser/ConfigFileTokenManager, jjMoveStringLiteralDfa5_0(JJ)I >"	43	47	java_comparison_cmp	46	6
"< Application, Lorg/hsqldb/Column, compareToTypeRange(Ljava/lang/Object;I)I >"	39	20	java_comparison_cmpl	18	19
"< Application, Lorg/hsqldb/Session, getCurrentTime()Ljava/sql/Time; >"	2	5	java_comparison_cmp	3	4
"< Application, Lorg/hsqldb/Column, compareToTypeRange(Ljava/lang/Object;I)I >"	16	41	java_comparison_cmp	40	31
"< Application, Lorg/hsqldb/lib/HsqlByteArrayInputStream, skip(J)J >"	5	9	java_comparison_cmp	6	8
"< Application, Lorg/hsqldb/HsqlDateTime, compare(Ljava/sql/Timestamp;Ljava/sql/Timestamp;)I >"	2	8	java_comparison_cmp	5	7
"< Application, Lorg/hsqldb/persist/Log, forceDefrag()Z >"	8	16	java_comparison_cmp	15	11
"< Application, Ldacapo/parser/ConfigFileTokenManager, jjMoveStringLiteralDfa3_0(JJ)I >"	51	23	java_comparison_cmp	22	6
"< Application, Lorg/hsqldb/store/BaseHashMap, <init>(IFIIZ)V >"	7	13	java_comparison_cmpg	11	12
"< Application, Ldacapo/parser/ConfigFileTokenManager, getNextToken()Ldacapo/parser/Token; >"	23	76	java_comparison_cmp	75	44
"< Application, Lorg/hsqldb/store/BaseHashMap, addOrRemove(JJLjava/lang/Object;Ljava/lang/Object;Z)Ljava/lang/Object; >"	146	52	java_comparison_cmp	2	51
"< Application, Lorg/hsqldb/persist/Log, writeDeleteStatement(Lorg/hsqldb/Session;Lorg/hsqldb/Table;[Ljava/lang/Object;)V >"	13	21	java_comparison_cmp	19	20
"< Application, Lorg/hsqldb/persist/ScaledRAFileInJar, read([BII)V >"	4	10	java_comparison_cmp	8	9
"< Application, Ldacapo/parser/ConfigFileTokenManager, jjStopStringLiteralDfa_0(IJ)I >"	96	9	java_comparison_cmp	7	8
"< Application, Ldacapo/parser/ConfigFileTokenManager, jjMoveStringLiteralDfa7_0(JJ)I >"	1	7	java_comparison_cmp	5	6
"< Application, Lorg/hsqldb/rowio/RowInputTextLog, readReal(I)Ljava/lang/Double; >"	13	22	java_comparison_cmpl	8	21
"< Application, Lorg/hsqldb/HsqlDateTime$Tokenizer, isZeroBit(I)Z >"	3	9	java_comparison_cmp	7	8
"< Application, Ldacapo/parser/ConfigFileTokenManager, jjMoveStringLiteralDfa4_0(JJ)I >"	29	35	java_comparison_cmp	34	6
"< Application, Ldacapo/hsqldb/PseudoJDBCBench$MemoryWatcherThread, run()V >"	12	17	java_comparison_cmp	13	16
"< Application, Lorg/hsqldb/persist/ScaledRAFile, writeInt(I)V >"	19	21	java_comparison_cmp	15	20
"< Application, Lorg/hsqldb/lib/ArrayCounter, rank([IIIIII)I >"	19	29	java_comparison_cmp	11	28
"< Application, Lorg/hsqldb/lib/HsqlTimer, getNextScheduled(Ljava/lang/Object;)Ljava/util/Date; >"	8	13	java_comparison_cmp	12	11
"< Application, Ldacapo/parser/ConfigFileTokenManager, jjMoveNfa_0(II)I >"	234	40	java_comparison_cmp	39	34
"< Application, Lorg/hsqldb/lib/HsqlTimer, isFixedDelay(Ljava/lang/Object;)Z >"	6	9	java_comparison_cmp	7	8
"< Application, Lorg/hsqldb/Column, convertToLong(Ljava/lang/Object;)Ljava/lang/Long; >"	25	18	java_comparison_cmpg	12	17
"< Application, Ldacapo/parser/ConfigFileTokenManager, jjMoveStringLiteralDfa5_0(JJ)I >"	67	20	java_comparison_cmp	19	6
"< Application, Lorg/hsqldb/NumberSequence, wasUsed()Z >"	2	5	java_comparison_cmp	3	4
"< Application, Ldacapo/parser/ConfigFileTokenManager, jjMoveStringLiteralDfa8_0(JJ)I >"	17	27	java_comparison_cmp	26	6
"< Application, Ldacapo/parser/ConfigFileTokenManager, jjMoveStringLiteralDfa5_0(JJ)I >"	38	62	java_comparison_cmp	61	6
"< Application, Lorg/hsqldb/persist/ScaledRAFile, read([BII)V >"	29	33	java_comparison_cmp	26	32
"< Application, Lorg/hsqldb/persist/ScaledRAFile, readLong()J >"	4	7	java_comparison_cmp	5	6
"< Application, Ldacapo/parser/ConfigFileTokenManager, jjMoveStringLiteralDfa3_0(JJ)I >"	35	45	java_comparison_cmp	44	6
"< Application, Ldacapo/parser/ConfigFileTokenManager, jjStopStringLiteralDfa_0(IJ)I >"	2	66	java_comparison_cmp	65	8
"< Application, Lorg/hsqldb/persist/ScaledRAFileInJar, readIntoBuffer()V >"	17	17	java_comparison_cmp	11	16
"< Application, Lorg/hsqldb/persist/DataFileCache, open(Z)V >"	21	30	java_comparison_cmp	28	29
"< Application, Ldacapo/parser/ConfigFileTokenManager, jjMoveNfa_0(II)I >"	145	99	java_comparison_cmp	98	34
"< Application, Lorg/hsqldb/persist/LockFile, getPollHeartbeatInterval()J >"	9	19	java_comparison_cmp	17	18
"< Application, Ldacapo/parser/ConfigFileTokenManager, jjMoveStringLiteralDfa5_0(JJ)I >"	60	32	java_comparison_cmp	31	6
"< Application, Lorg/hsqldb/persist/ScaledRAFile, readInt()I >"	29	30	java_comparison_cmp	23	29
"< Application, Lorg/hsqldb/persist/ScaledRAFileInJar, fileSeek(J)V >"	5	10	java_comparison_cmp	2	9
"< Application, Ldacapo/parser/ConfigFileTokenManager, getNextToken()Ldacapo/parser/Token; >"	102	54	java_comparison_cmp	53	44
"< Application, Lorg/hsqldb/persist/LockFile, checkHeartbeat(Z)V >"	16	22	java_comparison_cmp	16	21
"< Application, Ldacapo/parser/ConfigFileTokenManager, jjMoveNfa_0(II)I >"	189	173	java_comparison_cmp	172	34
"< Application, Lorg/hsqldb/SetFunction, addLong(J)V >"	14	9	java_comparison_cmp	2	8
"< Application, Lorg/hsqldb/Column, compare(Lorg/hsqldb/Collation;Ljava/lang/Object;Ljava/lang/Object;I)I >"	39	61	java_comparison_cmp	59	56
"< Application, Lorg/hsqldb/persist/DataFileCache, open(Z)V >"	72	102	java_comparison_cmp	101	29
"< Application, Lorg/hsqldb/Column, convertObject(Ljava/lang/Object;I)Ljava/lang/Object; >"	25	376	java_comparison_cmp	375	374
"< Application, Lorg/hsqldb/lib/HsqlTimer$Task, setPeriod(J)Ljava/lang/Object; >"	1	5	java_comparison_cmp	4	2
"< Application, Ldacapo/parser/ConfigFileTokenManager, jjMoveStringLiteralDfa5_0(JJ)I >"	50	26	java_comparison_cmp	25	6
"< Application, Ldacapo/parser/ConfigFileTokenManager, jjMoveStringLiteralDfa6_0(JJ)I >"	17	44	java_comparison_cmp	43	6
"< Application, Ldacapo/parser/ConfigFileTokenManager, jjMoveNfa_0(II)I >"	206	160	java_comparison_cmp	159	34
"< Application, Lorg/hsqldb/jdbc/jdbcClob, getSubString(JI)Ljava/lang/String; >"	3	11	java_comparison_cmp	9	10
"< Application, Lorg/hsqldb/persist/DataFileBlockManager, resetList()V >"	1	5	java_comparison_cmp	3	4
"< Application, Ldacapo/parser/ConfigFileTokenManager, jjStopStringLiteralDfa_0(IJ)I >"	62	35	java_comparison_cmp	34	8
"< Application, Lorg/hsqldb/HsqlDateTime, compare(Ljava/sql/Time;Ljava/sql/Time;)I >"	2	8	java_comparison_cmp	5	7
"< Application, Ldacapo/parser/ConfigFileTokenManager, jjMoveStringLiteralDfa5_0(JJ)I >"	15	85	java_comparison_cmp	84	6
"< Application, Lorg/hsqldb/jdbc/jdbcBlob, getBytes(JI)[B >"	20	17	java_comparison_cmp	14	16
"< Application, Lorg/hsqldb/persist/ScaledRAFile, readInt()I >"	12	14	java_comparison_cmp	8	13
"< Application, Lorg/hsqldb/persist/ScaledRAFile, read()I >"	18	19	java_comparison_cmp	13	18
"< Application, Ldacapo/parser/ConfigFileTokenManager, jjMoveStringLiteralDfa10_0(JJ)I >"	15	20	java_comparison_cmp	19	6
"< Application, Lorg/hsqldb/Column, compare(Lorg/hsqldb/Collation;Ljava/lang/Object;Ljava/lang/Object;I)I >"	51	52	java_comparison_cmpl	50	47
"< Application, Lorg/hsqldb/persist/ScaledRAFile, writeLong(J)V >"	19	21	java_comparison_cmp	15	20
"< Application, Lorg/hsqldb/persist/ScaledRAFile, readLong()J >"	12	14	java_comparison_cmp	8	13
"< Application, Ldacapo/parser/ConfigFileTokenManager, jjMoveNfa_0(II)I >"	181	168	java_comparison_cmp	167	34
"< Application, Ldacapo/parser/ConfigFileTokenManager, jjMoveStringLiteralDfa5_0(JJ)I >"	55	29	java_comparison_cmp	28	6
"< Application, Lorg/hsqldb/persist/ScaledRAFile, seek(J)V >"	9	15	java_comparison_cmp	13	14
"< Application, Lorg/hsqldb/Column, convertToInt(Ljava/lang/Object;)Ljava/lang/Integer; >"	25	18	java_comparison_cmpg	12	17
"< Application, Lorg/hsqldb/Column, convertObject(Ljava/lang/Object;I)Ljava/lang/Object; >"	77	312	java_comparison_cmp	311	310
"< Application, Ldacapo/parser/ConfigFileTokenManager, jjMoveNfa_0(II)I >"	112	85	java_comparison_cmp	84	34
"< Application, Lorg/hsqldb/jdbc/jdbcClob, getSubString(JI)Ljava/lang/String; >"	19	31	java_comparison_cmp	28	30
"< Application, Lorg/hsqldb/store/BaseHashMap, nextLookup(IIZI)I >"	20	20	java_comparison_cmp	18	19
"< Application, Lorg/hsqldb/jdbc/jdbcBlob, position([BJ)J >"	7	12	java_comparison_cmp	3	11
"< Application, Lorg/hsqldb/Library, roundMagic(D)D >"	7	11	java_comparison_cmpg	1	10
"< Application, Ldacapo/parser/ConfigFileTokenManager, jjMoveNfa_0(II)I >"	60	79	java_comparison_cmp	78	34
"< Application, Ldacapo/parser/ConfigFileTokenManager, jjMoveStringLiteralDfa1_0(J)I >"	10	55	java_comparison_cmp	54	48
"< Application, Lorg/hsqldb/persist/Log, writeCommitStatement(Lorg/hsqldb/Session;)V >"	13	19	java_comparison_cmp	17	18
"< Application, Lorg/hsqldb/persist/ScaledRAFile, read([BII)V >"	12	17	java_comparison_cmp	11	16
"< Application, Lorg/hsqldb/lib/HsqlTimer, nextTask()Lorg/hsqldb/lib/HsqlTimer$Task; >"	36	28	java_comparison_cmp	26	16
"< Application, Lorg/hsqldb/HsqlDateTime, compare(Ljava/sql/Date;Ljava/sql/Date;)I >"	2	8	java_comparison_cmp	5	7
"< Application, Ldacapo/parser/ConfigFileTokenManager, jjStopStringLiteralDfa_0(IJ)I >"	56	32	java_comparison_cmp	31	8
