"< Application, Lorg/hsqldb/Index, balance(Lorg/hsqldb/Session;Lorg/hsqldb/Node;Z)V >"	57	57	java_unary_neg	9
"< Application, Lorg/hsqldb/util/Grid, paint(Ljava/awt/Graphics;)V >"	148	138	java_unary_neg	137
"< Application, Lorg/hsqldb/Column, negate(Ljava/lang/Object;I)Ljava/lang/Object; >"	15	19	java_unary_neg	18
"< Application, Lorg/hsqldb/util/TableSorter$Row, compareTo(Ljava/lang/Object;)I >"	31	39	java_unary_neg	36
"< Application, Lorg/hsqldb/Index, balance(Lorg/hsqldb/Session;Lorg/hsqldb/Node;Z)V >"	10	15	java_unary_neg	9
"< Application, Lorg/hsqldb/util/DatabaseManagerCommon, random(I)I >"	4	8	java_unary_neg	6
"< Application, Lorg/hsqldb/Tokenizer, getBigint()J >"	21	28	java_unary_neg	27
"< Application, Lorg/hsqldb/Index, balance(Lorg/hsqldb/Session;Lorg/hsqldb/Node;Z)V >"	64	62	java_unary_neg	9
"< Application, Lorg/hsqldb/util/Grid, paint(Ljava/awt/Graphics;)V >"	64	58	java_unary_neg	57
"< Application, Lorg/hsqldb/Trace, error(ILjava/lang/Object;)Lorg/hsqldb/HsqlException; >"	14	31	java_unary_neg	5
"< Application, Lorg/hsqldb/Index, delete(Lorg/hsqldb/Session;Lorg/hsqldb/Node;)V >"	153	170	java_unary_neg	120
"< Application, Lorg/hsqldb/Column, negate(Ljava/lang/Object;I)Ljava/lang/Object; >"	6	28	java_unary_neg	27
"< Application, Lorg/hsqldb/util/TableSorter$Arrow, paintIcon(Ljava/awt/Component;Ljava/awt/Graphics;II)V >"	16	25	java_unary_neg	22
"< Application, Lorg/hsqldb/Index, balance(Lorg/hsqldb/Session;Lorg/hsqldb/Node;Z)V >"	15	31	java_unary_neg	9
"< Application, Lorg/hsqldb/util/TableSorter$Arrow, paintIcon(Ljava/awt/Component;Ljava/awt/Graphics;II)V >"	58	71	java_unary_neg	4
"< Application, Lorg/hsqldb/Index, delete(Lorg/hsqldb/Session;Lorg/hsqldb/Node;)V >"	148	165	java_unary_neg	120
"< Application, Lorg/hsqldb/util/TableSorter$Arrow, paintIcon(Ljava/awt/Component;Ljava/awt/Graphics;II)V >"	24	34	java_unary_neg	26
"< Application, Lorg/hsqldb/Trace, error(II[Ljava/lang/Object;)Lorg/hsqldb/HsqlException; >"	49	80	java_unary_neg	6
"< Application, Lorg/hsqldb/Index, delete(Lorg/hsqldb/Session;Lorg/hsqldb/Node;)V >"	119	189	java_unary_neg	120
"< Application, Lorg/hsqldb/Column, negate(Ljava/lang/Object;I)Ljava/lang/Object; >"	20	13	java_unary_neg	12
"< Application, Lorg/hsqldb/util/TableSorter$Arrow, paintIcon(Ljava/awt/Component;Ljava/awt/Graphics;II)V >"	59	72	java_unary_neg	36
