java_type_ref("<Application,Lorg/hsqldb/ResultConstants>")
java_type_ref("<Application,Ldacapo/parser/ConfigFileConstants>")
java_type_ref("<Application,Lorg/hsqldb/Trigger>")
java_type_ref("<Application,Lorg/hsqldb/lib/Set>")
java_type_ref("<Application,Lorg/hsqldb/lib/ThreadFactory>")
java_type_ref("<Application,Lorg/hsqldb/lib/FileAccess>")
java_type_ref("<Application,Lorg/hsqldb/SessionInterface>")
java_type_ref("<Application,Lorg/hsqldb/index/RowIterator>")
java_type_ref("<Application,Lorg/hsqldb/lib/Iterator>")
java_type_ref("<Application,Lorg/hsqldb/lib/Collection>")
java_type_ref("<Application,Lorg/hsqldb/lib/IntLookup>")
java_type_ref("<Application,Lorg/hsqldb/persist/PersistentStore>")
java_type_ref("<Application,Lorg/hsqldb/persist/ScaledRAInterface>")
java_type_ref("<Application,Lorg/hsqldb/lib/ObjectComparator>")
java_type_ref("<Application,Lorg/hsqldb/rowio/RowInputInterface>")
java_type_ref("<Application,Lorg/hsqldb/lib/FileAccess$FileSync>")
java_type_ref("<Application,Lorg/hsqldb/persist/CachedObject>")
java_type_ref("<Application,Lorg/hsqldb/HsqlSocketRequestHandler>")
java_type_ref("<Application,Lorg/hsqldb/GrantConstants>")
java_type_ref("<Application,Lorg/hsqldb/util/Traceable>")
java_type_ref("<Application,Lorg/hsqldb/lib/HsqlHeap>")
java_type_ref("<Application,Lorg/hsqldb/lib/HsqlList>")
java_type_ref("<Application,Lorg/hsqldb/rowio/RowOutputInterface>")
java_type_ref("<Application,Lorg/hsqldb/lib/Storage>")
java_type_ref("<Application,Lorg/hsqldb/ServerConstants>")
