"< Application, Lorg/hsqldb/util/TableSorter, access$700(Lorg/hsqldb/util/TableSorter;)V >"
"< Application, Lorg/hsqldb/HsqlDateTime, compare(Ljava/sql/Date;Ljava/sql/Date;)I >"
"< Application, Lorg/hsqldb/Library, bitLength(Ljava/lang/String;)Ljava/lang/Integer; >"
"< Application, Lorg/hsqldb/ServerConfiguration, getDefaultPort(IZ)I >"
"< Application, Lorg/hsqldb/util/DatabaseManagerSwing, access$1200(Lorg/hsqldb/util/DatabaseManagerSwing;)V >"
"< Application, Lorg/hsqldb/HsqlDateTime, getNormalisedTime(J)J >"
"< Application, Lorg/hsqldb/ServerConfiguration, listLocalInetAddressNames()[Ljava/lang/String; >"
"< Application, Lorg/hsqldb/HsqlDateTime, getDateTimePart(Ljava/util/Date;I)I >"
"< Application, Lorg/hsqldb/util/SqlFile, genWinArgs(Ljava/lang/String;)[Ljava/lang/String; >"
"< Application, Lorg/hsqldb/Column, add(Ljava/lang/Object;Ljava/lang/Object;I)Ljava/lang/Object; >"
"< Application, Lorg/hsqldb/GranteeManager, getRightsArray(I)[Ljava/lang/String; >"
"< Application, Ldacapo/Benchmark, deleteTree(Ljava/io/File;)V >"
"< Application, Lorg/hsqldb/util/ConnectionDialogCommon, setHomeDir()V >"
"< Application, Lorg/hsqldb/ServerConfiguration, translateDefaultNoSystemExitProperty(Lorg/hsqldb/persist/HsqlProperties;)V >"
"< Application, Ldacapo/Matcher, <clinit>()V >"
"< Application, Lorg/hsqldb/Column, getCombinedNumberType(III)I >"
"< Application, Ldacapo/Benchmark, unpackZipFile(Ljava/lang/String;Ljava/io/File;)V >"
"< Application, Lorg/hsqldb/persist/HsqlDatabaseProperties, getMeta(Ljava/lang/String;IZ)[Ljava/lang/Object; >"
"< Application, Lorg/hsqldb/lib/StringUtil, toLowerSubset(Ljava/lang/String;C)Ljava/lang/String; >"
"< Application, Lorg/hsqldb/jdbc/Util, throwError(Lorg/hsqldb/Result;)V >"
"< Application, Lorg/hsqldb/Expression, getCheckSelect(Lorg/hsqldb/Session;Lorg/hsqldb/Table;Lorg/hsqldb/Expression;)Lorg/hsqldb/Select; >"
"< Application, Lorg/hsqldb/util/ConnectionDialog, access$000(Lorg/hsqldb/util/ConnectionDialog;)Ljava/util/Hashtable; >"
"< Application, Lorg/hsqldb/Server, <clinit>()V >"
"< Application, Lorg/hsqldb/lib/Sort, swap([Ljava/lang/Object;II)V >"
"< Application, Lorg/hsqldb/Column, createSQLString(D)Ljava/lang/String; >"
"< Application, Lorg/hsqldb/lib/FileUtil, <clinit>()V >"
"< Application, Lorg/hsqldb/Table, checkCascadeUpdate(Lorg/hsqldb/Session;Lorg/hsqldb/Table;Lorg/hsqldb/lib/HashMappedList;Lorg/hsqldb/Row;[Ljava/lang/Object;[ILorg/hsqldb/Table;Lorg/hsqldb/lib/HashSet;)V >"
"< Application, Lorg/hsqldb/util/CodeSwitcher, writeFileLines(Ljava/util/Vector;Ljava/io/File;)V >"
"< Application, Lorg/hsqldb/persist/HsqlDatabaseProperties, <clinit>()V >"
"< Application, Lorg/hsqldb/lib/ArrayUtil, copyColumnValues([I[I[I)V >"
"< Application, Lorg/hsqldb/persist/HsqlProperties, delimitedArgPairsToProps(Ljava/lang/String;Ljava/lang/String;Ljava/lang/String;Ljava/lang/String;)Lorg/hsqldb/persist/HsqlProperties; >"
"< Application, Lorg/hsqldb/scriptio/ScriptWriterBase, newScriptWriter(Lorg/hsqldb/Database;Ljava/lang/String;ZZI)Lorg/hsqldb/scriptio/ScriptWriterBase; >"
"< Application, Lorg/hsqldb/Library, monthname(Ljava/sql/Date;)Ljava/lang/String; >"
"< Application, Lorg/hsqldb/lib/ArrayUtil, find([BIIII)I >"
"< Application, Lorg/hsqldb/lib/ArrayUtil, intIndexesToBooleanArray([I[Z)V >"
"< Application, Lorg/hsqldb/util/DatabaseManagerCommon, createTestData(Ljava/sql/Statement;)Ljava/lang/String; >"
"< Application, Lorg/hsqldb/persist/HsqlDatabaseProperties, getMeta(Ljava/lang/String;IIII)[Ljava/lang/Object; >"
"< Application, Lorg/hsqldb/util/SqlFile, convertNumericEscape(Ljava/lang/String;I)Ljava/lang/String; >"
"< Application, Lorg/hsqldb/lib/ArrayUtil, find([II)I >"
"< Application, Lorg/hsqldb/DatabaseManager, lookupDatabaseObject(Ljava/lang/String;Ljava/lang/String;)Lorg/hsqldb/Database; >"
"< Application, Lorg/hsqldb/util/ConnectionDialog, createConnection(Ljava/lang/String;Ljava/lang/String;Ljava/lang/String;Ljava/lang/String;)Ljava/sql/Connection; >"
"< Application, Lorg/hsqldb/Column, compareToTypeRange(Ljava/lang/Object;I)I >"
"< Application, Lorg/hsqldb/DatabaseScript, getIndexRootsDDL(Lorg/hsqldb/Table;)Ljava/lang/String; >"
"< Application, Ldacapo/Benchmark, isPreserve()Z >"
"< Application, Lorg/hsqldb/DatabaseManager, <clinit>()V >"
"< Application, Lorg/hsqldb/Parser, resolveOrderByExpression(Lorg/hsqldb/Expression;Lorg/hsqldb/Select;Lorg/hsqldb/lib/HsqlArrayList;)Lorg/hsqldb/Expression; >"
"< Application, Lorg/hsqldb/lib/ArrayUtil, areEqual([I[IIZ)Z >"
"< Application, Lorg/hsqldb/util/SqltoolRB, <clinit>()V >"
"< Application, Lorg/hsqldb/HsqlDateTime, compare(Ljava/sql/Time;Ljava/sql/Time;)I >"
"< Application, Ldacapo/TestHarness, exists(Ljava/io/File;)Z >"
"< Application, Lorg/hsqldb/util/ScriptTool, <clinit>()V >"
"< Application, Lorg/hsqldb/CompiledStatement, <clinit>()V >"
"< Application, Lorg/hsqldb/util/CommonSwing, errorMessage(Ljava/lang/Exception;)V >"
"< Application, Lorg/hsqldb/lib/ArrayUtil, getClassCode(Ljava/lang/Class;)I >"
"< Application, Lorg/hsqldb/lib/StringUtil, arrayToString(Ljava/lang/Object;)Ljava/lang/String; >"
"< Application, Lorg/hsqldb/store/ValuePool, getString(Ljava/lang/String;)Ljava/lang/String; >"
"< Application, Lorg/hsqldb/DatabaseCommandInterpreter, checkBooleanDefault(Ljava/lang/String;I)V >"
"< Application, Lorg/hsqldb/HsqlDateTime, getDateString(Ljava/util/Date;Ljava/util/Calendar;)Ljava/lang/String; >"
"< Application, Lorg/hsqldb/Result, read(Lorg/hsqldb/rowio/RowInputBinary;Ljava/io/DataInput;)Lorg/hsqldb/Result; >"
"< Application, Lorg/hsqldb/util/GridSwing, autoSizeTableColumns(Ljavax/swing/JTable;)V >"
"< Application, Lorg/hsqldb/lib/HsqlTimer, isPeriodic(Ljava/lang/Object;)Z >"
"< Application, Lorg/hsqldb/Library, getDatabaseProductVersion()Ljava/lang/String; >"
"< Application, Lorg/hsqldb/Column, createSQLString(Ljava/lang/Object;I)Ljava/lang/String; >"
"< Application, Lorg/hsqldb/DatabaseScript, addRightsStatements(Lorg/hsqldb/Database;Lorg/hsqldb/Result;)V >"
"< Application, Lorg/hsqldb/lib/Sort, sort([Ljava/lang/Object;Lorg/hsqldb/lib/ObjectComparator;II)V >"
"< Application, Lorg/hsqldb/store/BitMap, isSet(II)Z >"
"< Application, Lorg/hsqldb/lib/ZipUnzipFile, decompressFile(Ljava/lang/String;Ljava/lang/String;Lorg/hsqldb/lib/FileAccess;)V >"
"< Application, Lorg/hsqldb/jdbc/Util, connectionClosedException()Ljava/sql/SQLException; >"
"< Application, Ldacapo/parser/Config, parse(Ljava/net/URL;)Ldacapo/parser/Config; >"
"< Application, Lorg/hsqldb/store/ValuePool, <clinit>()V >"
"< Application, Lorg/hsqldb/lib/HsqlTimer, now()J >"
"< Application, Ldacapo/LatexDescriptions, print([Ljava/lang/String;Ljava/io/PrintStream;)V >"
"< Application, Lorg/hsqldb/HsqlDateTime, getNormalisedTimestamp(Ljava/sql/Date;)Ljava/sql/Timestamp; >"
"< Application, Lorg/hsqldb/Trace, getMessage(IZ[Ljava/lang/Object;)Ljava/lang/String; >"
"< Application, Lorg/hsqldb/lib/ArrayUtil, haveEqualArrays([Ljava/lang/Object;[Ljava/lang/Object;I)Z >"
"< Application, Lorg/hsqldb/util/DatabaseManagerSwing, main([Ljava/lang/String;)V >"
"< Application, Lorg/hsqldb/util/DatabaseManagerSwing, access$1400(Lorg/hsqldb/util/DatabaseManagerSwing;)Ljava/lang/String; >"
"< Application, Lorg/hsqldb/HsqlDateTime, getTimeInMillis(Ljava/util/Calendar;)J >"
"< Application, Lorg/hsqldb/util/CommonSwing, setSwingLAF(Ljava/awt/Component;Ljava/lang/String;)V >"
"< Application, Lorg/hsqldb/store/ValuePool, initPool()V >"
"< Application, Ldacapo/Benchmark, unpackZipStream(Ljava/io/BufferedInputStream;Ljava/io/File;)V >"
"< Application, Lorg/hsqldb/Library, rtrim(Ljava/lang/String;)Ljava/lang/String; >"
"< Application, Lorg/hsqldb/util/SqlFile, convertEscapes(Ljava/lang/String;)Ljava/lang/String; >"
"< Application, Lorg/hsqldb/jdbc/Util, invalidArgument(Ljava/lang/String;)Ljava/sql/SQLException; >"
"< Application, Lorg/hsqldb/util/ScriptTool, main([Ljava/lang/String;)V >"
"< Application, Lorg/hsqldb/util/AppendableException, <clinit>()V >"
"< Application, Lorg/hsqldb/HsqlDateTime, getTimestampString(Ljava/sql/Timestamp;)Ljava/lang/String; >"
"< Application, Lorg/hsqldb/lib/ArrayUtil, resizeArrayIfDifferent(Ljava/lang/Object;I)Ljava/lang/Object; >"
"< Application, Ldacapo/LatexDescriptions, print([Ljava/lang/String;Ljava/lang/String;)V >"
"< Application, Lorg/hsqldb/Types, getColStClsName(I)Ljava/lang/String; >"
"< Application, Ldacapo/LatexDescriptions, strop(Ljava/lang/String;)Ljava/lang/String; >"
"< Application, Lorg/hsqldb/persist/DataFileCache, deleteOrResetFreePos(Lorg/hsqldb/Database;Ljava/lang/String;)V >"
"< Application, Lorg/hsqldb/lib/ArrayUtil, countStartElementsAt([BI[B)I >"
"< Application, Lorg/hsqldb/util/SqlTool, promptForPassword(Ljava/lang/String;)Ljava/lang/String; >"
"< Application, Lorg/hsqldb/Constraint, checkReferencedRows(Lorg/hsqldb/Session;Lorg/hsqldb/Table;[ILorg/hsqldb/Index;)V >"
"< Application, Lorg/hsqldb/util/FontDialogSwing, <clinit>()V >"
"< Application, Lorg/hsqldb/Select, allColumnsAreDefinedIn(Lorg/hsqldb/Expression;Lorg/hsqldb/lib/HashSet;)Z >"
"< Application, Lorg/hsqldb/Column, concat(Ljava/lang/Object;Ljava/lang/Object;)Ljava/lang/Object; >"
"< Application, Ldacapo/TestHarness, <clinit>()V >"
"< Application, Lorg/hsqldb/Column, divide(Ljava/lang/Object;Ljava/lang/Object;I)Ljava/lang/Object; >"
"< Application, Lorg/hsqldb/GranteeManager, <clinit>()V >"
"< Application, Lorg/hsqldb/GranteeManager, validRightString(Ljava/lang/String;)Z >"
"< Application, Lorg/hsqldb/lib/ArrayUtil, haveCommonElement([I[II)Z >"
"< Application, Lorg/hsqldb/DatabaseManager, registerServer(Lorg/hsqldb/Server;Lorg/hsqldb/Database;)V >"
"< Application, Lorg/hsqldb/Parser, resolveOrderByColumnIndex(Lorg/hsqldb/Expression;Lorg/hsqldb/lib/HsqlArrayList;I)Lorg/hsqldb/Expression; >"
"< Application, Lorg/hsqldb/lib/java/JavaSystem, CompareIngnoreCase(Ljava/lang/String;Ljava/lang/String;)I >"
"< Application, Lorg/hsqldb/lib/MD5, digestString(Ljava/lang/String;Ljava/lang/String;)[B >"
"< Application, Lorg/hsqldb/Result, access$210(Lorg/hsqldb/Result;)I >"
"< Application, Lorg/hsqldb/lib/HsqlTimer, getLastScheduled(Ljava/lang/Object;)Ljava/util/Date; >"
"< Application, Lorg/hsqldb/Library, isReadOnlyConnection(Ljava/sql/Connection;)Z >"
"< Application, Lorg/hsqldb/lib/ArrayUtil, clearArray(ILjava/lang/Object;II)V >"
"< Application, Lorg/hsqldb/util/CodeSwitcher, showUsage()V >"
"< Application, Lorg/hsqldb/lib/HsqlTimer, getNextScheduled(Ljava/lang/Object;)Ljava/util/Date; >"
"< Application, Lorg/hsqldb/lib/HashMap, access$100(Lorg/hsqldb/lib/HashMap;)[Ljava/lang/Object; >"
"< Application, Ldacapo/Slice, slice(Ljava/io/File;Ljava/io/File;I)V >"
"< Application, Lorg/hsqldb/util/ConnectionDialog, createConnection(Ljava/awt/Frame;Ljava/lang/String;)Ljava/sql/Connection; >"
"< Application, Lorg/hsqldb/HsqlDateTime, getTimeInMillis(Ljava/util/Date;Ljava/util/Calendar;Ljava/util/Calendar;)J >"
"< Application, Lorg/hsqldb/GranteeManager, isReserved(Ljava/lang/String;)Z >"
"< Application, Lorg/hsqldb/WebServer, <clinit>()V >"
"< Application, Ldacapo/Benchmark, isDigestOutput()Z >"
"< Application, Lorg/hsqldb/Trace, <clinit>()V >"
"< Application, Lorg/hsqldb/Library, curtime(Ljava/sql/Connection;)Ljava/sql/Time; >"
"< Application, Lorg/hsqldb/DatabaseCommandInterpreter, upgradeMethodFQN(Ljava/lang/String;)Ljava/lang/String; >"
"< Application, Lorg/hsqldb/Parser, addCondition(Lorg/hsqldb/Expression;Lorg/hsqldb/Expression;)Lorg/hsqldb/Expression; >"
"< Application, Lorg/hsqldb/TableFilter, getConditionType(Lorg/hsqldb/Expression;)I >"
"< Application, Lorg/hsqldb/persist/LockFile, <clinit>()V >"
"< Application, Lorg/hsqldb/Library, identity()I >"
"< Application, Lorg/hsqldb/resources/BundleHandler, getString(ILjava/lang/String;)Ljava/lang/String; >"
"< Application, Lorg/hsqldb/Row, getId(Lorg/hsqldb/Table;I)J >"
"< Application, Lorg/hsqldb/HsqlDateTime, getNormalisedDate(Ljava/sql/Timestamp;)Ljava/sql/Date; >"
"< Application, Lorg/hsqldb/ServerConfiguration, newDefaultProperties(I)Lorg/hsqldb/persist/HsqlProperties; >"
"< Application, Lorg/hsqldb/util/Traceable, <clinit>()V >"
"< Application, Lorg/hsqldb/util/DatabaseManagerSwing, showUsage()V >"
"< Application, Lorg/hsqldb/util/DatabaseManager, <clinit>()V >"
"< Application, Lorg/hsqldb/persist/LockFile, newNIOLockFile()Lorg/hsqldb/persist/LockFile; >"
"< Application, Lorg/hsqldb/DatabaseScript, getSchemaCreateDDL(Lorg/hsqldb/Database;Lorg/hsqldb/HsqlNameManager$HsqlName;)Ljava/lang/String; >"
"< Application, Lorg/hsqldb/Expression, equals([Lorg/hsqldb/Expression;[Lorg/hsqldb/Expression;)Z >"
"< Application, Lorg/hsqldb/Result, newReleaseSavepointRequest(Ljava/lang/String;)Lorg/hsqldb/Result; >"
"< Application, Lorg/hsqldb/lib/ArrayUtil, find([BII[B)I >"
"< Application, Lorg/hsqldb/DatabaseInformationMain, <clinit>()V >"
"< Application, Lorg/hsqldb/store/ValuePool, getBigDecimal(Ljava/math/BigDecimal;)Ljava/math/BigDecimal; >"
"< Application, Lorg/hsqldb/persist/TextCache, <clinit>()V >"
"< Application, Lorg/hsqldb/Trace, error(II)Lorg/hsqldb/HsqlException; >"
"< Application, Lorg/hsqldb/HsqlSocketFactory, getInstance(Z)Lorg/hsqldb/HsqlSocketFactory; >"
"< Application, Lorg/hsqldb/util/ScriptTool, printHelp()V >"
"< Application, Lorg/hsqldb/util/DatabaseManagerCommon, readFile(Ljava/lang/String;)Ljava/lang/String; >"
"< Application, Lorg/hsqldb/HsqlDateTime, timeValue(Ljava/lang/String;)Ljava/sql/Time; >"
"< Application, Lorg/hsqldb/lib/ArrayUtil, toAdjustedArray(Ljava/lang/Object;Ljava/lang/Object;II)Ljava/lang/Object; >"
"< Application, Lorg/hsqldb/util/SqlTool, varParser(Ljava/lang/String;Ljava/util/Map;Z)V >"
"< Application, Ldacapo/Digest, create()Ljava/security/MessageDigest; >"
"< Application, Lorg/hsqldb/lib/StringConverter, writeUTF(Ljava/lang/String;Lorg/hsqldb/lib/HsqlByteArrayOutputStream;)I >"
"< Application, Lorg/hsqldb/persist/HsqlDatabaseProperties, getMeta(Ljava/lang/String;II[B)[Ljava/lang/Object; >"
"< Application, Lorg/hsqldb/Server, printHelp(Ljava/lang/String;)V >"
"< Application, Lorg/hsqldb/lib/ArrayUtil, haveEqualSets([I[II)Z >"
"< Application, Lorg/hsqldb/util/ConnectionDialogCommon, <clinit>()V >"
"< Application, Lorg/hsqldb/lib/java/JavaSystem, setLogToSystem(Z)V >"
"< Application, Lorg/hsqldb/resources/BundleHandler, getBundleHandle(Ljava/lang/String;Ljava/lang/ClassLoader;)I >"
"< Application, Ldacapo/parser/ConfigFile, <clinit>()V >"
"< Application, Lorg/hsqldb/DatabaseURL, parseURL(Ljava/lang/String;Z)Lorg/hsqldb/persist/HsqlProperties; >"
"< Application, Lorg/hsqldb/lib/ArrayUtil, copyArray(Ljava/lang/Object;Ljava/lang/Object;I)V >"
"< Application, Lorg/hsqldb/lib/MD5, encodeString(Ljava/lang/String;Ljava/lang/String;)Ljava/lang/String; >"
"< Application, Lorg/hsqldb/Trace, toResult(Lorg/hsqldb/HsqlException;)Lorg/hsqldb/Result; >"
"< Application, Lorg/hsqldb/Library, getAutoCommit(Ljava/sql/Connection;)Z >"
"< Application, Lorg/hsqldb/util/SqlToolSprayer, main([Ljava/lang/String;)V >"
"< Application, Lorg/hsqldb/Table, checkCascadeDelete(Lorg/hsqldb/Session;Lorg/hsqldb/Table;Lorg/hsqldb/lib/HashMappedList;Lorg/hsqldb/Row;ZLorg/hsqldb/lib/HashSet;)V >"
"< Application, Ldacapo/hsqldb/PseudoJDBCBench, getRandomInt(II)I >"
"< Application, Lorg/hsqldb/rowio/RowOutputBinary, getSize([Ljava/lang/Object;I[I)I >"
"< Application, Lorg/hsqldb/DatabaseManager, removeDatabase(Lorg/hsqldb/Database;)V >"
"< Application, Lorg/hsqldb/Token, get(Ljava/lang/String;)I >"
"< Application, Lorg/hsqldb/HsqlNameManager, access$402(Lorg/hsqldb/HsqlNameManager;I)I >"
"< Application, Lorg/hsqldb/lib/StringUtil, getList([Ljava/lang/Object;Ljava/lang/String;Ljava/lang/String;)Ljava/lang/String; >"
"< Application, Lorg/hsqldb/lib/ArrayUtil, areEqualSets([I[I)Z >"
"< Application, Lorg/hsqldb/Library, soundex(Ljava/lang/String;)Ljava/lang/String; >"
"< Application, Ldacapo/Benchmark, byteCount(Ljava/io/File;)J >"
"< Application, Lorg/hsqldb/GranteeManager, getRight(Ljava/lang/String;)I >"
"< Application, Lorg/hsqldb/DatabaseManager, getDatabaseObject(Ljava/lang/String;Ljava/lang/String;Lorg/hsqldb/persist/HsqlProperties;)Lorg/hsqldb/Database; >"
"< Application, Lorg/hsqldb/util/ConnectionDialogCommon, deleteRecentConnectionSettings()V >"
"< Application, Lorg/hsqldb/lib/StringConverter, getUTFSize(Ljava/lang/String;)I >"
"< Application, Lorg/hsqldb/Column, convertObject(Ljava/lang/Object;I)Ljava/lang/Object; >"
"< Application, Lorg/hsqldb/Result, newExecuteDirectRequest(Ljava/lang/String;)Lorg/hsqldb/Result; >"
"< Application, Ldacapo/TestHarness, runBenchmark(Ljava/io/File;Ljava/lang/String;Ldacapo/TestHarness;)V >"
"< Application, Lorg/hsqldb/rowio/RowOutputBinary, getRowSize(Lorg/hsqldb/CachedRow;)I >"
"< Application, Lorg/hsqldb/lib/ArrayUtil, adjustArray(ILjava/lang/Object;III)V >"
"< Application, Lorg/hsqldb/util/SqlToolSprayer, <clinit>()V >"
"< Application, Lorg/hsqldb/Types, acceptsPrecisionCreateParam(I)Z >"
"< Application, Lorg/hsqldb/store/ValuePool, getDate(J)Ljava/sql/Date; >"
"< Application, Lorg/hsqldb/View, trimStatement(Ljava/lang/String;)Ljava/lang/String; >"
"< Application, Lorg/hsqldb/HsqlDateTime, getTimeString(Ljava/util/Date;Ljava/util/Calendar;)Ljava/lang/String; >"
"< Application, Lorg/hsqldb/Column, convertToDouble(Ljava/lang/Object;)Ljava/lang/Double; >"
"< Application, Lorg/hsqldb/lib/HsqlTimer, setPeriod(Ljava/lang/Object;J)Ljava/lang/Object; >"
"< Application, Lorg/hsqldb/Server, access$000(Lorg/hsqldb/Server;)V >"
"< Application, Ldacapo/TestHarness, getURL(Ljava/lang/String;)Ljava/net/URL; >"
"< Application, Ldacapo/Slice, extract(Ljava/io/File;Ljava/io/File;II)V >"
"< Application, Lorg/hsqldb/util/TableSorter, <clinit>()V >"
"< Application, Lorg/hsqldb/DatabaseInformation, <clinit>()V >"
"< Application, Lorg/hsqldb/Trace, doAssert(Z)V >"
"< Application, Lorg/hsqldb/Library, year(Ljava/sql/Date;)Ljava/lang/Integer; >"
"< Application, Lorg/hsqldb/util/ConnectionDialogCommon, storeRecentConnectionSettings(Ljava/util/Hashtable;)V >"
"< Application, Lorg/hsqldb/util/DatabaseManagerSwing, access$1000(Lorg/hsqldb/util/DatabaseManagerSwing;)V >"
"< Application, Lorg/hsqldb/lib/StringConverter, <clinit>()V >"
"< Application, Lorg/hsqldb/store/BitMap, unset(II)I >"
"< Application, Lorg/hsqldb/util/DatabaseManagerSwing, access$302(Lorg/hsqldb/util/DatabaseManagerSwing;Z)Z >"
"< Application, Lorg/hsqldb/HsqlDateTime, getTimestamp(J)Ljava/sql/Timestamp; >"
"< Application, Lorg/hsqldb/Library, getDatabaseMajorVersion()I >"
"< Application, Ldacapo/FileDigest, main([Ljava/lang/String;)V >"
"< Application, Lorg/hsqldb/util/SqlFile, appendLine(Ljava/lang/StringBuffer;Ljava/lang/String;)V >"
"< Application, Lorg/hsqldb/Trace, error(II[Ljava/lang/Object;)Lorg/hsqldb/HsqlException; >"
"< Application, Lorg/hsqldb/Library, character(I)Ljava/lang/String; >"
"< Application, Lorg/hsqldb/Trace, error(Lorg/hsqldb/Result;)Lorg/hsqldb/HsqlException; >"
"< Application, Lorg/hsqldb/util/DatabaseManagerSwing, access$100()Ljava/lang/String; >"
"< Application, Lorg/hsqldb/util/FontDialogSwing, access$000()Ljavax/swing/JFrame; >"
"< Application, Lorg/hsqldb/Trace, error(ILjava/lang/Object;)Lorg/hsqldb/HsqlException; >"
"< Application, Lorg/hsqldb/Library, log10(D)D >"
"< Application, Ldacapo/Benchmark, lineCount(Ljava/lang/String;)I >"
"< Application, Lorg/hsqldb/util/ConnectionDialogSwing, <clinit>()V >"
"< Application, Ldacapo/TestHarness, printUsage()V >"
"< Application, Lorg/hsqldb/Library, database(Ljava/sql/Connection;)Ljava/lang/String; >"
"< Application, Lorg/hsqldb/HsqlSocketFactory, getPlainImpl()Lorg/hsqldb/HsqlSocketFactory; >"
"< Application, Lorg/hsqldb/DatabaseURL, isInProcessDatabaseType(Ljava/lang/String;)Z >"
"< Application, Ldacapo/parser/ConfigFile, unQuote(Ldacapo/parser/Token;)Ljava/lang/String; >"
"< Application, Lorg/hsqldb/Types, acceptsScaleCreateParam(I)Z >"
"< Application, Ldacapo/Benchmark, setValidateOutput(Z)V >"
"< Application, Lorg/hsqldb/CompiledStatementExecutor, <clinit>()V >"
"< Application, Lorg/hsqldb/CachedRow, newCachedRow(Lorg/hsqldb/Table;[Ljava/lang/Object;)Lorg/hsqldb/CachedRow; >"
"< Application, Lorg/hsqldb/Types, <clinit>()V >"
"< Application, Ldacapo/parser/Config, parse(Ljava/lang/String;)Ldacapo/parser/Config; >"
"< Application, Lorg/hsqldb/util/SqlFile, htmlRow(I)Ljava/lang/String; >"
"< Application, Lorg/hsqldb/lib/HashMap, access$000(Lorg/hsqldb/lib/HashMap;Ljava/lang/Object;I)I >"
"< Application, Lorg/hsqldb/Token, <clinit>()V >"
"< Application, Lorg/hsqldb/HsqlServerFactory, createHsqlServer(Ljava/lang/String;ZZ)Lorg/hsqldb/HsqlSocketRequestHandler; >"
"< Application, Lorg/hsqldb/lib/ArrayUtil, fillArray([II)V >"
"< Application, Lorg/hsqldb/lib/java/JavaSystem, parseDouble(Ljava/lang/String;)D >"
"< Application, LHarness, main([Ljava/lang/String;)V >"
"< Application, Lorg/hsqldb/scriptio/ScriptReaderBase, newScriptReader(Lorg/hsqldb/Database;Ljava/lang/String;I)Lorg/hsqldb/scriptio/ScriptReaderBase; >"
"< Application, Lorg/hsqldb/DatabaseScript, getTableDDL(Lorg/hsqldb/Database;Lorg/hsqldb/Table;ILorg/hsqldb/lib/HsqlArrayList;ZLjava/lang/StringBuffer;)V >"
"< Application, Lorg/hsqldb/util/ConnectionDialogSwing, createConnection(Ljava/lang/String;Ljava/lang/String;Ljava/lang/String;Ljava/lang/String;)Ljava/sql/Connection; >"
"< Application, Lorg/hsqldb/util/CodeSwitcher, getFileLines(Ljava/io/File;)Ljava/util/Vector; >"
"< Application, Ldacapo/Benchmark, <clinit>()V >"
"< Application, Lorg/hsqldb/util/SqlFile, deTerminated(Ljava/lang/String;)Ljava/lang/String; >"
"< Application, Lorg/hsqldb/Expression, getContextDDL(Lorg/hsqldb/Expression;)Ljava/lang/String; >"
"< Application, Lorg/hsqldb/Result, newSessionAttributesResult()Lorg/hsqldb/Result; >"
"< Application, Lorg/hsqldb/util/RefCapablePropertyResourceBundle, getBundle(Ljava/lang/String;Ljava/lang/ClassLoader;)Lorg/hsqldb/util/RefCapablePropertyResourceBundle; >"
"< Application, Lorg/hsqldb/Library, dayofweek(Ljava/sql/Date;)Ljava/lang/Integer; >"
"< Application, Lorg/hsqldb/util/SqlFile, sqlTypeToString(I)Ljava/lang/String; >"
"< Application, Lorg/hsqldb/lib/HsqlTimer, <clinit>()V >"
"< Application, Lorg/hsqldb/lib/ArrayUtil, <clinit>()V >"
"< Application, Lorg/hsqldb/Column, createSQLString(Ljava/lang/String;)Ljava/lang/String; >"
"< Application, Lorg/hsqldb/Library, getAliasMap()Lorg/hsqldb/lib/HashMap; >"
"< Application, Lorg/hsqldb/util/SqltoolRB, main([Ljava/lang/String;)V >"
"< Application, Lorg/hsqldb/store/ValuePool, getDouble(J)Ljava/lang/Double; >"
"< Application, Lorg/hsqldb/HsqlDateTime, getTimestampString(Ljava/sql/Timestamp;Ljava/util/Calendar;)Ljava/lang/String; >"
"< Application, Lorg/hsqldb/Library, substring(Ljava/lang/String;ILjava/lang/Integer;)Ljava/lang/String; >"
"< Application, Lorg/hsqldb/util/ConnectionDialogSwing, createConnection(Ljavax/swing/JFrame;Ljava/lang/String;)Ljava/sql/Connection; >"
"< Application, Lorg/hsqldb/Result, newFreeStmtRequest(I)Lorg/hsqldb/Result; >"
"< Application, Lorg/hsqldb/Table, mergeKeepUpdate(Lorg/hsqldb/Session;Lorg/hsqldb/lib/HashMappedList;[I[ILorg/hsqldb/Row;[Ljava/lang/Object;)Z >"
"< Application, Lorg/hsqldb/util/DatabaseManagerSwing, access$1402(Lorg/hsqldb/util/DatabaseManagerSwing;Ljava/lang/String;)Ljava/lang/String; >"
"< Application, Lorg/hsqldb/lib/java/JavaSystem, setRAFileLength(Ljava/io/RandomAccessFile;J)V >"
"< Application, Lorg/hsqldb/store/ValuePool, getInt(I)Ljava/lang/Integer; >"
"< Application, Lorg/hsqldb/Library, now(Ljava/sql/Connection;)Ljava/sql/Timestamp; >"
"< Application, Lorg/hsqldb/resources/BundleHandler, <clinit>()V >"
"< Application, Lorg/hsqldb/util/DatabaseManagerCommon, <clinit>()V >"
"< Application, Lorg/hsqldb/Result, access$300(Lorg/hsqldb/Result;)Lorg/hsqldb/Record; >"
"< Application, Lorg/hsqldb/Library, locate(Ljava/lang/String;Ljava/lang/String;Ljava/lang/Integer;)I >"
"< Application, Lorg/hsqldb/Collation, <clinit>()V >"
"< Application, Lorg/hsqldb/SetFunction, getType(II)I >"
"< Application, Lorg/hsqldb/Column, convertObject(Lorg/hsqldb/Session;Ljava/lang/Object;III)Ljava/lang/Object; >"
"< Application, Lorg/hsqldb/DatabaseManager, closeDatabases(I)V >"
"< Application, Lorg/hsqldb/lib/ArrayUtil, findIn([BII[B)I >"
"< Application, Lorg/hsqldb/util/TableSorter$SortableHeaderRenderer, access$200(Lorg/hsqldb/util/TableSorter$SortableHeaderRenderer;)Ljavax/swing/table/TableCellRenderer; >"
"< Application, Lorg/hsqldb/util/RefCapablePropertyResourceBundle, <clinit>()V >"
"< Application, Ldacapo/parser/Config, main([Ljava/lang/String;)V >"
"< Application, Lorg/hsqldb/util/Tree, getMaxHeight(Ljava/awt/FontMetrics;)I >"
"< Application, Lorg/hsqldb/util/DatabaseManager, main([Ljava/lang/String;)V >"
"< Application, Lorg/hsqldb/util/SqlTool, main([Ljava/lang/String;)V >"
"< Application, Lorg/hsqldb/HsqlNameManager, access$308(Lorg/hsqldb/HsqlNameManager;)I >"
"< Application, Lorg/hsqldb/util/DatabaseManagerCommon, writeFile(Ljava/lang/String;Ljava/lang/String;)V >"
"< Application, Lorg/hsqldb/DatabaseManager, getTimer()Lorg/hsqldb/lib/HsqlTimer; >"
"< Application, Lorg/hsqldb/util/CommonSwing, errorMessage(Ljava/lang/String;)V >"
"< Application, Lorg/hsqldb/Result, write(Lorg/hsqldb/Result;Lorg/hsqldb/rowio/RowOutputBinary;Ljava/io/OutputStream;)V >"
"< Application, Lorg/hsqldb/store/ValuePool, getBoolean(Z)Ljava/lang/Boolean; >"
"< Application, Lorg/hsqldb/jdbc/Util, invalidArgument()Ljava/sql/SQLException; >"
"< Application, Lorg/hsqldb/HsqlDateTime, getToday(J)Ljava/util/Calendar; >"
"< Application, Lorg/hsqldb/DatabaseManager, getDatabase(Ljava/lang/String;Ljava/lang/String;Lorg/hsqldb/persist/HsqlProperties;)Lorg/hsqldb/Database; >"
"< Application, Lorg/hsqldb/util/SqlFile, pastName(Ljava/lang/String;I)I >"
"< Application, Lorg/hsqldb/jdbc/Util, sqlException(I)Ljava/sql/SQLException; >"
"< Application, Ldacapo/LatexDescriptions, main([Ljava/lang/String;)V >"
"< Application, Lorg/hsqldb/Result, access$302(Lorg/hsqldb/Result;Lorg/hsqldb/Record;)Lorg/hsqldb/Record; >"
"< Application, Lorg/hsqldb/store/BitMap, set(II)I >"
"< Application, Lorg/hsqldb/Library, getElapsed(ILjava/util/Date;Ljava/util/Date;)J >"
"< Application, Lorg/hsqldb/Trace, printSystemOut(Ljava/lang/String;)V >"
"< Application, Lorg/hsqldb/util/FontDialogSwing, setColor(Ljava/lang/String;)V >"
"< Application, Lorg/hsqldb/lib/ArrayUtil, countSameElements([BI[B)I >"
"< Application, Lorg/hsqldb/lib/ArrayUtil, resizeArray(Ljava/lang/Object;I)Ljava/lang/Object; >"
"< Application, Lorg/hsqldb/Library, sign(D)I >"
"< Application, Lorg/hsqldb/util/RCData, expandSysPropVars(Ljava/lang/String;)Ljava/lang/String; >"
"< Application, Lorg/hsqldb/scriptio/ScriptWriterText, <clinit>()V >"
"< Application, Lorg/hsqldb/Library, functionID(Ljava/lang/String;)I >"
"< Application, Lorg/hsqldb/Column, convertString(Ljava/lang/String;I)Ljava/lang/Object; >"
"< Application, Lorg/hsqldb/lib/ArrayUtil, toAdjustedColumnArray([III)[I >"
"< Application, Ldacapo/Benchmark, setVerbose(Z)V >"
"< Application, Ldacapo/Benchmark, lineCount(Ljava/io/File;)I >"
"< Application, Ldacapo/parser/Config, parse(Ljava/io/File;)Ldacapo/parser/Config; >"
"< Application, Lorg/hsqldb/Trace, getMessage(I)Ljava/lang/String; >"
"< Application, Lorg/hsqldb/resources/BundleHandler, setLocale(Ljava/util/Locale;)V >"
"< Application, Lorg/hsqldb/DIProcedureInfo, getMethodSpecificName(Ljava/lang/reflect/Method;)Ljava/lang/String; >"
"< Application, Ldacapo/hsqldb/PseudoJDBCBench, main([Ljava/lang/String;)V >"
"< Application, Lorg/hsqldb/lib/java/JavaSystem, runFinalizers()V >"
"< Application, Lorg/hsqldb/lib/ArrayUtil, duplicateArray(Ljava/lang/Object;)Ljava/lang/Object; >"
"< Application, Lorg/hsqldb/DatabaseManager, getDatabaseURIs()Ljava/util/Vector; >"
"< Application, Lorg/hsqldb/util/SqlFile, canDisplayType(I)Z >"
"< Application, Lorg/hsqldb/util/DatabaseManagerSwing, access$200()Ljava/lang/String; >"
"< Application, Ldacapo/parser/ConfigFile, jj_la1_0()V >"
"< Application, Lorg/hsqldb/Library, trim(Ljava/lang/String;Ljava/lang/String;ZZ)Ljava/lang/String; >"
"< Application, Lorg/hsqldb/HsqlDateTime, compare(Ljava/sql/Timestamp;Ljava/sql/Timestamp;)I >"
"< Application, Lorg/hsqldb/Tokenizer, <clinit>()V >"
"< Application, Lorg/hsqldb/Trace, check(ZI)V >"
"< Application, Lorg/hsqldb/Result$ResultMetaData, access$000(Lorg/hsqldb/Result$ResultMetaData;I)V >"
"< Application, Lorg/hsqldb/lib/ZipUnzipFile, compressFile(Ljava/lang/String;Ljava/lang/String;Lorg/hsqldb/lib/FileAccess;)V >"
"< Application, Lorg/hsqldb/Types, isCharacterType(I)Z >"
"< Application, Lorg/hsqldb/Types, isDatetimeType(I)Z >"
"< Application, Lorg/hsqldb/util/TableSorter$Directive, access$300(Lorg/hsqldb/util/TableSorter$Directive;)I >"
"< Application, Lorg/hsqldb/lib/InOutUtil, readLine(Ljava/io/InputStream;Ljava/io/OutputStream;)I >"
"< Application, Lorg/hsqldb/util/DatabaseManagerCommon, random([Ljava/lang/String;)Ljava/lang/String; >"
"< Application, Lorg/hsqldb/Library, ltrim(Ljava/lang/String;)Ljava/lang/String; >"
"< Application, Lorg/hsqldb/lib/MD5, digestBytes([B)[B >"
"< Application, Lorg/hsqldb/Column, convertToLong(Ljava/lang/Object;)Ljava/lang/Long; >"
"< Application, Lorg/hsqldb/DatabaseManager, getSession(II)Lorg/hsqldb/Session; >"
"< Application, Lorg/hsqldb/lib/java/JavaSystem, saveProperties(Ljava/util/Properties;Ljava/lang/String;Ljava/io/OutputStream;)V >"
"< Application, Lorg/hsqldb/lib/java/JavaSystem, gc()V >"
"< Application, Lorg/hsqldb/Parser, processColumnList(Lorg/hsqldb/Tokenizer;Z)Lorg/hsqldb/lib/HashMappedList; >"
"< Application, Lorg/hsqldb/jdbc/Util, outOfRangeArgument(Ljava/lang/String;)Ljava/sql/SQLException; >"
"< Application, Lorg/hsqldb/Library, concat(Ljava/lang/String;Ljava/lang/String;)Ljava/lang/String; >"
"< Application, Lorg/hsqldb/HsqlDateTime, getNormalisedDate(Ljava/sql/Date;)Ljava/sql/Date; >"
"< Application, Lorg/hsqldb/HsqlDateTime, dateValue(Ljava/lang/String;)Ljava/sql/Date; >"
"< Application, Lorg/hsqldb/Constraint, hasReferencedRow(Lorg/hsqldb/Session;[Ljava/lang/Object;[ILorg/hsqldb/Index;)Z >"
"< Application, Lorg/hsqldb/util/DatabaseManagerCommon, createTestTables(Ljava/sql/Statement;)V >"
"< Application, Lorg/hsqldb/lib/StringConverter, inputStreamToString(Ljava/io/InputStream;I)Ljava/lang/String; >"
"< Application, Lorg/hsqldb/SetFunction, <clinit>()V >"
"< Application, Lorg/hsqldb/util/TableSorter, access$600(Lorg/hsqldb/util/TableSorter;)Ljava/util/List; >"
"< Application, Ldacapo/TestHarness, twoDecimalPlaces()Ljava/text/DecimalFormat; >"
"< Application, Lorg/hsqldb/Library, dayname(Ljava/sql/Date;)Ljava/lang/String; >"
"< Application, Ldacapo/Slice, main([Ljava/lang/String;)V >"
"< Application, Lorg/hsqldb/Column, subtract(Ljava/lang/Object;Ljava/lang/Object;I)Ljava/lang/Object; >"
"< Application, Lorg/hsqldb/util/SqlTool, objectMain([Ljava/lang/String;)V >"
"< Application, Lorg/hsqldb/persist/ScaledRAFile, newScaledRAFile(Lorg/hsqldb/Database;Ljava/lang/String;ZILjava/lang/String;Ljava/lang/String;)Lorg/hsqldb/lib/Storage; >"
"< Application, Lorg/hsqldb/resources/BundleHandler, getLocale()Ljava/util/Locale; >"
"< Application, Lorg/hsqldb/HsqlSocketFactory, getSSLImpl()Lorg/hsqldb/HsqlSocketFactory; >"
"< Application, Lorg/hsqldb/HsqlDateTime, getNormalisedDate(J)J >"
"< Application, Lorg/hsqldb/lib/HsqlTimer, cancel(Ljava/lang/Object;)V >"
"< Application, Lorg/hsqldb/Library, hour(Ljava/sql/Time;)Ljava/lang/Integer; >"
"< Application, Lorg/hsqldb/Library, bitand(II)I >"
"< Application, Lorg/hsqldb/util/CommonSwing, errorMessage(Ljava/lang/Exception;Z)V >"
"< Application, Lorg/hsqldb/Trace, error(IILjava/lang/String;)Lorg/hsqldb/HsqlException; >"
"< Application, Lorg/hsqldb/Library, hexToRaw(Ljava/lang/String;)Ljava/lang/String; >"
"< Application, Lorg/hsqldb/util/DatabaseManagerSwing, access$1500()Ljava/lang/String; >"
"< Application, Lorg/hsqldb/DatabaseScript, getColumnList(Lorg/hsqldb/Table;[IILjava/lang/StringBuffer;)V >"
"< Application, Lorg/hsqldb/lib/StringConverter, asciiToUnicode(Ljava/lang/String;)Ljava/lang/String; >"
"< Application, Lorg/hsqldb/Types, getPrecision(I)I >"
"< Application, Lorg/hsqldb/HsqlDateTime, setTimeInMillis(Ljava/util/Calendar;J)V >"
"< Application, Lorg/hsqldb/util/ConnectionDialog, access$100(Lorg/hsqldb/util/ConnectionDialog;)Ljava/awt/Choice; >"
"< Application, Lorg/hsqldb/Column, getNumTypeWidth(I)I >"
"< Application, Lorg/hsqldb/jdbc/Util, sqlException(ILjava/lang/String;)Ljava/sql/SQLException; >"
"< Application, Lorg/hsqldb/util/MainInvoker, syntaxFailure()V >"
"< Application, Lorg/hsqldb/Table, mergeUpdate(Lorg/hsqldb/lib/HashMappedList;Lorg/hsqldb/Row;[Ljava/lang/Object;[I)V >"
"< Application, Ldacapo/FileDigest, getText(Ljava/io/File;ZLjava/io/File;)[B >"
"< Application, Lorg/hsqldb/lib/ArrayUtil, haveEqualArrays([I[II)Z >"
"< Application, Lorg/hsqldb/util/SqlTool, <clinit>()V >"
"< Application, Lorg/hsqldb/util/SqlFile, convertEscapes(Ljava/lang/String;Ljava/lang/String;Ljava/lang/String;)Ljava/lang/String; >"
"< Application, Lorg/hsqldb/HsqlDateTime, resetToDate(Ljava/util/Calendar;)V >"
"< Application, Ldacapo/parser/TokenMgrError, LexicalError(ZIIILjava/lang/String;C)Ljava/lang/String; >"
"< Application, Lorg/hsqldb/HsqlDateTime, getNormalisedTime(Ljava/sql/Timestamp;)Ljava/sql/Time; >"
"< Application, Lorg/hsqldb/Library, getDatabaseFullProductVersion()Ljava/lang/String; >"
"< Application, Lorg/hsqldb/jdbc/jdbcDatabaseMetaData, and(Ljava/lang/String;Ljava/lang/String;Ljava/lang/Object;)Ljava/lang/String; >"
"< Application, Lorg/hsqldb/DatabaseManager, newSession(Ljava/lang/String;Ljava/lang/String;Ljava/lang/String;Ljava/lang/String;Lorg/hsqldb/persist/HsqlProperties;)Lorg/hsqldb/Session; >"
"< Application, Lorg/hsqldb/lib/StringConverter, readUTF([BII[C)Ljava/lang/String; >"
"< Application, Lorg/hsqldb/Expression, <clinit>()V >"
"< Application, Lorg/hsqldb/util/RefCapablePropertyResourceBundle, getRef(Ljava/lang/String;Ljava/util/ResourceBundle;Ljava/lang/ClassLoader;)Lorg/hsqldb/util/RefCapablePropertyResourceBundle; >"
"< Application, Lorg/hsqldb/Result, newPrepareResponse(ILorg/hsqldb/Result;Lorg/hsqldb/Result;)Lorg/hsqldb/Result; >"
"< Application, Lorg/hsqldb/lib/ArrayUtil, findNot([II)I >"
"< Application, Ldacapo/Benchmark, setPreserve(Z)V >"
"< Application, Lorg/hsqldb/Library, round(DI)D >"
"< Application, Lorg/hsqldb/util/DatabaseManagerSwing, <clinit>()V >"
"< Application, Lorg/hsqldb/persist/HsqlDatabaseProperties, getMeta(Ljava/lang/String;ILjava/lang/String;)[Ljava/lang/Object; >"
"< Application, Ldacapo/TestHarness, runBenchmarkOld(Ljava/lang/String;Ldacapo/TestHarness;)V >"
"< Application, Lorg/hsqldb/Types, isSearchable(I)Z >"
"< Application, Lorg/hsqldb/scriptio/ScriptWriterBase, <clinit>()V >"
"< Application, Lorg/hsqldb/Expression, isAggregate(I)Z >"
"< Application, Lorg/hsqldb/ServerConfiguration, translateAddressProperty(Lorg/hsqldb/persist/HsqlProperties;)V >"
"< Application, Lorg/hsqldb/Node, newNode(Lorg/hsqldb/Row;ILorg/hsqldb/Table;)Lorg/hsqldb/Node; >"
"< Application, Lorg/hsqldb/util/CommonSwing, setFramePositon(Ljavax/swing/JFrame;)V >"
"< Application, Lorg/hsqldb/util/TableSorter, access$800(Lorg/hsqldb/util/TableSorter;)V >"
"< Application, Lorg/hsqldb/Types, getTypeString(I)Ljava/lang/String; >"
"< Application, Lorg/hsqldb/Library, mod(II)I >"
"< Application, Lorg/hsqldb/DatabaseManager, deRegisterServer(Lorg/hsqldb/Server;Lorg/hsqldb/Database;)V >"
"< Application, Lorg/hsqldb/SchemaManager, <clinit>()V >"
"< Application, Ldacapo/Benchmark, deleteFiles(Ljava/io/File;Ljava/lang/String;)V >"
"< Application, Ldacapo/TestHarness, coeff_of_var([J)D >"
"< Application, Lorg/hsqldb/HsqlDateTime, getSytemTimeString()Ljava/lang/String; >"
"< Application, Ldacapo/Benchmark, enableValidationReport(Ljava/lang/String;)V >"
"< Application, Lorg/hsqldb/lib/ArrayCounter, rank([IIIIII)I >"
"< Application, Lorg/hsqldb/HsqlDateTime, simpleTimestampValue(Ljava/lang/String;)Ljava/sql/Timestamp; >"
"< Application, Lorg/hsqldb/Library, rand(Ljava/lang/Integer;)D >"
"< Application, Ldacapo/parser/ConfigFile, main([Ljava/lang/String;)V >"
"< Application, Lorg/hsqldb/util/DatabaseManagerSwing, access$1100(Lorg/hsqldb/util/DatabaseManagerSwing;)V >"
"< Application, Lorg/hsqldb/HsqlDateTime, timestampValue(JI)Ljava/sql/Timestamp; >"
"< Application, Lorg/hsqldb/util/MainInvoker, invoke(Ljava/lang/String;[Ljava/lang/String;)V >"
"< Application, Lorg/hsqldb/util/DatabaseManagerSwing, access$1600()Ljava/lang/String; >"
"< Application, Lorg/hsqldb/jdbc/jdbcDatabaseMetaData, wantsIsNull(Ljava/lang/String;)Z >"
"< Application, Lorg/hsqldb/Library, cot(D)D >"
"< Application, Lorg/hsqldb/lib/HsqlTimer, isFixedRate(Ljava/lang/Object;)Z >"
"< Application, Lorg/hsqldb/lib/ArrayUtil, commonElements([I[I)[I >"
"< Application, Lorg/hsqldb/lib/ArrayUtil, arraySlice([III)[I >"
"< Application, Lorg/hsqldb/lib/HsqlTimer, isCancelled(Ljava/lang/Object;)Z >"
"< Application, Ldacapo/LatexDescriptions, <clinit>()V >"
"< Application, Lorg/hsqldb/Result, newSingleColumnResult(Ljava/lang/String;I)Lorg/hsqldb/Result; >"
"< Application, Lorg/hsqldb/persist/LockFile, newLockFile(Ljava/lang/String;)Lorg/hsqldb/persist/LockFile; >"
"< Application, Lorg/hsqldb/lib/ArrayUtil, fillArray([Ljava/lang/Object;Ljava/lang/Object;)V >"
"< Application, Lorg/hsqldb/Library, isReadOnlyDatabase(Ljava/sql/Connection;)Z >"
"< Application, Lorg/hsqldb/store/ValuePool, clearPool()V >"
"< Application, Lorg/hsqldb/Trace, runtimeError(ILjava/lang/Object;)Ljava/lang/RuntimeException; >"
"< Application, Lorg/hsqldb/Library, pi()D >"
"< Application, Lorg/hsqldb/lib/ArrayUtil, containsAt([BI[B)Z >"
"< Application, Ldacapo/FileDigest, getBinary(Ljava/io/File;)[B >"
"< Application, Lorg/hsqldb/lib/StringConverter, unicodeToHexString(Ljava/lang/String;)Ljava/lang/String; >"
"< Application, Lorg/hsqldb/lib/StringConverter, asciiToUnicode([BII)Ljava/lang/String; >"
"< Application, Lorg/hsqldb/HsqlDateTime, <clinit>()V >"
"< Application, Lorg/hsqldb/Types, getParameterTypeNr(Ljava/lang/Class;)I >"
"< Application, Lorg/hsqldb/HsqlNameManager, newHsqlSystemObjectName(Ljava/lang/String;)Lorg/hsqldb/HsqlNameManager$HsqlName; >"
"< Application, Lorg/hsqldb/Index, <clinit>()V >"
"< Application, Lorg/hsqldb/DatabaseScript, getIdentityUpdateDDL(Lorg/hsqldb/Table;)Ljava/lang/String; >"
"< Application, Lorg/hsqldb/Trace, check(ZILjava/lang/Object;)V >"
"< Application, Ldacapo/hsqldb/Main, main([Ljava/lang/String;)V >"
"< Application, Lorg/hsqldb/Library, position(Ljava/lang/String;Ljava/lang/String;)I >"
"< Application, Lorg/hsqldb/util/DatabaseManager, showUsage()V >"
"< Application, Lorg/hsqldb/Column, convertToInt(Ljava/lang/Object;)Ljava/lang/Integer; >"
"< Application, Lorg/hsqldb/lib/HsqlTaskQueue, <clinit>()V >"
"< Application, Lorg/hsqldb/Types, isCaseSensitive(I)Ljava/lang/Boolean; >"
"< Application, Lorg/hsqldb/Library, user(Ljava/sql/Connection;)Ljava/lang/String; >"
"< Application, Lorg/hsqldb/Types, isUnsignedAttribute(I)Ljava/lang/Boolean; >"
"< Application, Lorg/hsqldb/HsqlDateTime, getNormalisedTimestamp(Ljava/sql/Time;)Ljava/sql/Timestamp; >"
"< Application, Lorg/hsqldb/Column, checkChar(Ljava/lang/String;IZ)Ljava/lang/String; >"
"< Application, Lorg/hsqldb/Library, getDatabaseProductName()Ljava/lang/String; >"
"< Application, Lorg/hsqldb/util/Tree, <clinit>()V >"
"< Application, Lorg/hsqldb/persist/HsqlDatabaseProperties, supportsJavaMethod(Ljava/lang/String;)Z >"
"< Application, Ldacapo/Benchmark, isVerbose()Z >"
"< Application, Lorg/hsqldb/lib/StringUtil, appendPair(Ljava/lang/StringBuffer;Ljava/lang/String;Ljava/lang/String;Ljava/lang/String;Ljava/lang/String;)V >"
"< Application, Ldacapo/Digest, toString([B)Ljava/lang/String; >"
"< Application, Lorg/hsqldb/util/TableSorter$Directive, access$400(Lorg/hsqldb/util/TableSorter$Directive;)I >"
"< Application, Lorg/hsqldb/DatabaseScript, getDataSource(Lorg/hsqldb/Table;)Ljava/lang/String; >"
"< Application, Lorg/hsqldb/jdbcDriver, <clinit>()V >"
"< Application, Lorg/hsqldb/util/DatabaseManagerSwing, access$1700()Ljava/lang/String; >"
"< Application, Lorg/hsqldb/Server, main([Ljava/lang/String;)V >"
"< Application, Lorg/hsqldb/Library, right(Ljava/lang/String;I)Ljava/lang/String; >"
"< Application, Lorg/hsqldb/lib/StringUtil, getList([ILjava/lang/String;Ljava/lang/String;)Ljava/lang/String; >"
"< Application, Lorg/hsqldb/lib/StringUtil, rTrimSize(Ljava/lang/String;)I >"
"< Application, Lorg/hsqldb/lib/StringConverter, readUTF([BII)Ljava/lang/String; >"
"< Application, Lorg/hsqldb/GranteeManager, getRightsArraySub(I)[Ljava/lang/String; >"
"< Application, Lorg/hsqldb/WebServer, main([Ljava/lang/String;)V >"
"< Application, Lorg/hsqldb/util/DatabaseManagerSwing, access$400(Lorg/hsqldb/util/DatabaseManagerSwing;)Ljavax/swing/JButton; >"
"< Application, Lorg/hsqldb/Column, compareTo([B[B)I >"
"< Application, Lorg/hsqldb/DINameSpace, getMethodSpecificName(Ljava/lang/reflect/Method;)Ljava/lang/String; >"
"< Application, Lorg/hsqldb/Trace, error(I[Ljava/lang/Object;)Lorg/hsqldb/HsqlException; >"
"< Application, Lorg/hsqldb/DatabaseInformation, getSysTableID(Ljava/lang/String;)I >"
"< Application, Lorg/hsqldb/util/TableSorter, access$1000(Lorg/hsqldb/util/TableSorter;)[I >"
"< Application, Lorg/hsqldb/util/DatabaseManagerSwing, access$700(Lorg/hsqldb/util/DatabaseManagerSwing;)Ljava/lang/Runnable; >"
"< Application, Lorg/hsqldb/Column, hexToByteArray(Ljava/lang/String;)[B >"
"< Application, Lorg/hsqldb/DatabaseScript, addSchemaStatements(Lorg/hsqldb/Database;Lorg/hsqldb/Result;Z)V >"
"< Application, Lorg/hsqldb/HsqlNameManager, access$400(Lorg/hsqldb/HsqlNameManager;)I >"
"< Application, Lorg/hsqldb/DatabaseInformation, newDatabaseInformation(Lorg/hsqldb/Database;)Lorg/hsqldb/DatabaseInformation; >"
"< Application, Lorg/hsqldb/Session, <clinit>()V >"
"< Application, Lorg/hsqldb/DatabaseScript, getFKStatement(Lorg/hsqldb/Constraint;Ljava/lang/StringBuffer;)V >"
"< Application, Lorg/hsqldb/ServerConfiguration, translateDefaultDatabaseProperty(Lorg/hsqldb/persist/HsqlProperties;)V >"
"< Application, Lorg/hsqldb/Library, space(I)Ljava/lang/String; >"
"< Application, Lorg/hsqldb/Trace, doAssert(ZLjava/lang/String;)V >"
"< Application, Lorg/hsqldb/Token, newCommandSet()Lorg/hsqldb/lib/IntValueHashMap; >"
"< Application, Lorg/hsqldb/util/DatabaseManagerCommon, testStatement(Ljava/sql/Statement;Ljava/lang/String;I)J >"
"< Application, Ldacapo/Benchmark, unpackZipFileResource(Ljava/lang/String;Ljava/io/File;)V >"
"< Application, Lorg/hsqldb/lib/StringConverter, count(Ljava/lang/String;C)I >"
"< Application, Lorg/hsqldb/Library, datediff(Ljava/lang/String;Ljava/sql/Timestamp;Ljava/sql/Timestamp;)Ljava/lang/Long; >"
"< Application, Lorg/hsqldb/Library, truncate(DI)D >"
"< Application, Lorg/hsqldb/lib/HsqlTimer, access$000()J >"
"< Application, Lorg/hsqldb/Types, numericPrecisionCreateParamRadix(I)I >"
"< Application, Lorg/hsqldb/util/SqlFile, divider(I)Ljava/lang/String; >"
"< Application, Lorg/hsqldb/Library, length(Ljava/lang/String;)Ljava/lang/Integer; >"
"< Application, Lorg/hsqldb/lib/StringConverter, writeHex([BI[B)V >"
"< Application, Lorg/hsqldb/lib/ArrayCounter, countSegments([IIIII)[I >"
"< Application, Lorg/hsqldb/Library, bitxor(II)I >"
"< Application, Lorg/hsqldb/HsqlDateTime, getNormalisedTime(Ljava/sql/Time;)Ljava/sql/Time; >"
"< Application, Ldacapo/FileDigest, replaceAllFixed(Ljava/lang/String;Ljava/lang/String;Ljava/lang/String;)Ljava/lang/String; >"
"< Application, Ldacapo/hsqldb/PseudoJDBCBench, getRandomID(I)I >"
"< Application, Lorg/hsqldb/DatabaseManager, notifyServers(Lorg/hsqldb/Database;)V >"
"< Application, Lorg/hsqldb/util/ShutdownServer, printHelp()V >"
"< Application, Lorg/hsqldb/Library, octetLength(Ljava/lang/String;)Ljava/lang/Integer; >"
"< Application, Lorg/hsqldb/lib/java/JavaSystem, deleteOnExit(Ljava/io/File;)V >"
"< Application, Lorg/hsqldb/DatabaseManager, newSession(ILjava/lang/String;Ljava/lang/String;)Lorg/hsqldb/Session; >"
"< Application, Lorg/hsqldb/DINameSpace, <clinit>()V >"
"< Application, Lorg/hsqldb/GranteeManager, getRightsList(I)Ljava/lang/String; >"
"< Application, Lorg/hsqldb/Result, access$200(Lorg/hsqldb/Result;)I >"
"< Application, Lorg/hsqldb/HsqlNameManager, <clinit>()V >"
"< Application, Lorg/hsqldb/util/DatabaseManagerCommon, random(I)I >"
"< Application, Ldacapo/hsqldb/PseudoJDBCBench, connectClose(Ljava/sql/Connection;)V >"
"< Application, Lorg/hsqldb/util/DatabaseManagerSwing, access$500(Lorg/hsqldb/util/DatabaseManagerSwing;)Ljavax/swing/JButton; >"
"< Application, Lorg/hsqldb/DatabaseScript, addRow(Lorg/hsqldb/Result;Ljava/lang/String;)V >"
"< Application, Lorg/hsqldb/Library, replace(Ljava/lang/String;Ljava/lang/String;Ljava/lang/String;)Ljava/lang/String; >"
"< Application, Lorg/hsqldb/Result, newParameterDescriptionResult(I)Lorg/hsqldb/Result; >"
"< Application, Lorg/hsqldb/TableFilter, getFirstIterator(Lorg/hsqldb/Session;ILjava/lang/Object;ILorg/hsqldb/Index;I)Lorg/hsqldb/index/RowIterator; >"
"< Application, Ldacapo/parser/ConfigFileConstants, <clinit>()V >"
"< Application, Ldacapo/Benchmark, deleteFile(Ljava/io/File;)V >"
"< Application, Lorg/hsqldb/GranteeManager, isImmutable(Ljava/lang/String;)Z >"
"< Application, Lorg/hsqldb/TriggerDef, getDefaultQueueSize()I >"
"< Application, Lorg/hsqldb/Library, lcase(Ljava/lang/String;)Ljava/lang/String; >"
"< Application, Lorg/hsqldb/lib/ArrayUtil, containsAllTrueElements([Z[Z)Z >"
"< Application, Lorg/hsqldb/util/ConnectionDialog, createLabel(Ljava/lang/String;)Ljava/awt/Label; >"
"< Application, Ldacapo/Benchmark, copyFile(Ljava/io/File;Ljava/io/File;)V >"
"< Application, Lorg/hsqldb/Library, roundMagic(D)D >"
"< Application, Lorg/hsqldb/HsqlDateTime, getCurrentDate(J)Ljava/sql/Date; >"
"< Application, Lorg/hsqldb/Trace, check(ZILjava/lang/String;Ljava/lang/String;Ljava/lang/String;)V >"
"< Application, Lorg/hsqldb/DatabaseCommandInterpreter, <clinit>()V >"
"< Application, Lorg/hsqldb/Library, getDatabaseMinorVersion()I >"
"< Application, Lorg/hsqldb/persist/LockFile, access$100(Lorg/hsqldb/persist/LockFile;)V >"
"< Application, Lorg/hsqldb/Library, rawToHex(Ljava/lang/String;)Ljava/lang/String; >"
"< Application, Lorg/hsqldb/DatabaseManager, filePathToKey(Ljava/lang/String;)Ljava/lang/String; >"
"< Application, Lorg/hsqldb/util/ConnectionDialog, access$002(Lorg/hsqldb/util/ConnectionDialog;Ljava/util/Hashtable;)Ljava/util/Hashtable; >"
"< Application, Lorg/hsqldb/Column, multiply(Ljava/lang/Object;Ljava/lang/Object;I)Ljava/lang/Object; >"
"< Application, Lorg/hsqldb/DINameSpace, getMethodFQN(Ljava/lang/reflect/Method;)Ljava/lang/String; >"
"< Application, Lorg/hsqldb/DatabaseScript, getFKAction(I)Ljava/lang/String; >"
"< Application, Lorg/hsqldb/store/ValuePool, getLong(J)Ljava/lang/Long; >"
"< Application, Lorg/hsqldb/Node, newNode(Lorg/hsqldb/Row;Lorg/hsqldb/rowio/RowInputInterface;ILorg/hsqldb/Table;)Lorg/hsqldb/Node; >"
"< Application, Lorg/hsqldb/util/CodeSwitcher, <clinit>()V >"
"< Application, Lorg/hsqldb/Column, <clinit>()V >"
"< Application, Lorg/hsqldb/Types, getTypeNr(Ljava/lang/String;)I >"
"< Application, Lorg/hsqldb/Trace, error(I)Lorg/hsqldb/HsqlException; >"
"< Application, Lorg/hsqldb/UserManager, getRightsArray(I)[Ljava/lang/String; >"
"< Application, Lorg/hsqldb/Index, isNull([Ljava/lang/Object;[I)Z >"
"< Application, Lorg/hsqldb/lib/StringUtil, split(Ljava/lang/String;Ljava/lang/String;)[Ljava/lang/String; >"
"< Application, Ldacapo/parser/Token, newToken(I)Ldacapo/parser/Token; >"
"< Application, Lorg/hsqldb/Column, enforceSize(Ljava/lang/Object;IIIZ)Ljava/lang/Object; >"
"< Application, Lorg/hsqldb/Expression, equals(Ljava/lang/Object;Ljava/lang/Object;)Z >"
"< Application, Lorg/hsqldb/Library, month(Ljava/sql/Date;)Ljava/lang/Integer; >"
"< Application, Lorg/hsqldb/util/SqlFile, pad(Ljava/lang/String;IZZ)Ljava/lang/String; >"
"< Application, Lorg/hsqldb/lib/ArrayUtil, copyColumnValues([Ljava/lang/Object;[I[Ljava/lang/Object;)V >"
"< Application, Lorg/hsqldb/lib/IntValueHashMap, access$000(Lorg/hsqldb/lib/IntValueHashMap;Ljava/lang/Object;I)I >"
"< Application, Lorg/hsqldb/util/TableSorter$Row, access$500(Lorg/hsqldb/util/TableSorter$Row;)I >"
"< Application, Lorg/hsqldb/Types, getMaxDisplaySize(I)I >"
"< Application, Lorg/hsqldb/Library, abs(D)D >"
"< Application, Lorg/hsqldb/util/DatabaseManagerSwing, access$800(Lorg/hsqldb/util/DatabaseManagerSwing;)Ljava/lang/Runnable; >"
"< Application, Lorg/hsqldb/DatabaseScript, getScript(Lorg/hsqldb/Database;Z)Lorg/hsqldb/Result; >"
"< Application, Lorg/hsqldb/lib/java/JavaSystem, getUnscaledValue(Ljava/math/BigDecimal;)Ljava/math/BigInteger; >"
"< Application, Lorg/hsqldb/Library, repeat(Ljava/lang/String;Ljava/lang/Integer;)Ljava/lang/String; >"
"< Application, Lorg/hsqldb/persist/LockFile, newLockFileLock(Ljava/lang/String;)Lorg/hsqldb/persist/LockFile; >"
"< Application, Lorg/hsqldb/Library, dayofmonth(Ljava/sql/Date;)Ljava/lang/Integer; >"
"< Application, Lorg/hsqldb/lib/StringConverter, byteToString([BLjava/lang/String;)Ljava/lang/String; >"
"< Application, Lorg/hsqldb/Expression, similarTo(Lorg/hsqldb/Expression;Lorg/hsqldb/Expression;)Z >"
"< Application, Lorg/hsqldb/Result, newSetSavepointRequest(Ljava/lang/String;)Lorg/hsqldb/Result; >"
"< Application, Ldacapo/Benchmark, copyFileTo(Ljava/io/File;Ljava/io/File;)V >"
"< Application, Lorg/hsqldb/util/MainInvoker, main([Ljava/lang/String;)V >"
"< Application, Lorg/hsqldb/util/ConnectionDialog, createBorderPanel(Ljava/awt/Component;)Ljava/awt/Panel; >"
"< Application, Lorg/hsqldb/Types, MAX_CHAR_OR_VARCHAR_DISPLAY_SIZE()I >"
"< Application, Lorg/hsqldb/resources/BundleHandler, getBundle(Ljava/lang/String;Ljava/util/Locale;Ljava/lang/ClassLoader;)Ljava/util/ResourceBundle; >"
"< Application, Lorg/hsqldb/lib/WrapperIterator, <clinit>()V >"
"< Application, Lorg/hsqldb/Result, newRollbackToSavepointRequest(Ljava/lang/String;)Lorg/hsqldb/Result; >"
"< Application, Lorg/hsqldb/lib/ArrayUtil, sortArray([I)V >"
"< Application, Lorg/hsqldb/lib/StringUtil, getList([Ljava/lang/String;Ljava/lang/String;Ljava/lang/String;)Ljava/lang/String; >"
"< Application, Lorg/hsqldb/Library, invoke(I[Ljava/lang/Object;)Ljava/lang/Object; >"
"< Application, Lorg/hsqldb/DatabaseManager, isServerDB(Lorg/hsqldb/Database;)Z >"
"< Application, Lorg/hsqldb/util/ConnectionDialogSwing, setConnectionSetting(Lorg/hsqldb/util/ConnectionSetting;)V >"
"< Application, Lorg/hsqldb/util/SqlFile, streamToBytes(Ljava/io/InputStream;)[B >"
"< Application, Lorg/hsqldb/lib/StringUtil, isEmpty(Ljava/lang/String;)Z >"
"< Application, Lorg/hsqldb/HsqlDateTime, resetToday(J)V >"
"< Application, Lorg/hsqldb/jdbc/Util, throwError(Lorg/hsqldb/HsqlException;)V >"
"< Application, Lorg/hsqldb/Index, compareRows(Lorg/hsqldb/Session;[Ljava/lang/Object;[Ljava/lang/Object;[I[I)I >"
"< Application, Lorg/hsqldb/Parser, addJoinCondition(Lorg/hsqldb/Expression;Lorg/hsqldb/Expression;Lorg/hsqldb/TableFilter;Z)Lorg/hsqldb/Expression; >"
"< Application, Lorg/hsqldb/util/ConnectionDialogCommon, getTypes()[[Ljava/lang/String; >"
"< Application, Ldacapo/parser/ConfigFile, unHex(Ldacapo/parser/Token;)Ljava/lang/String; >"
"< Application, Lorg/hsqldb/Column, compare(Lorg/hsqldb/Collation;Ljava/lang/Object;Ljava/lang/Object;I)I >"
"< Application, Lorg/hsqldb/util/SqlToolSprayer, getUrlsFromPropFile(Ljava/lang/String;Ljava/util/ArrayList;)V >"
"< Application, Lorg/hsqldb/jdbc/Util, sqlException(Lorg/hsqldb/HsqlException;)Ljava/sql/SQLException; >"
"< Application, Ldacapo/Benchmark, getURL(Ljava/lang/String;)Ljava/net/URL; >"
"< Application, Lorg/hsqldb/util/SqlFile, spaces(I)Ljava/lang/String; >"
"< Application, Lorg/hsqldb/HsqlNameManager$HsqlName, sysPrefixLength(Ljava/lang/String;)I >"
"< Application, Lorg/hsqldb/Library, to_char(Ljava/util/Date;Ljava/lang/String;)Ljava/lang/String; >"
"< Application, Lorg/hsqldb/util/ConnectionDialogCommon, loadRecentConnectionSettings()Ljava/util/Hashtable; >"
"< Application, Lorg/hsqldb/store/ValuePool, resetPool([II)V >"
"< Application, Lorg/hsqldb/GranteeManager, getCheckRight(Ljava/lang/String;)I >"
"< Application, Lorg/hsqldb/HsqlDateTime, getTimestampString(J)Ljava/lang/String; >"
"< Application, Lorg/hsqldb/util/RefCapablePropertyResourceBundle, getBundle(Ljava/lang/String;Ljava/util/Locale;Ljava/lang/ClassLoader;)Lorg/hsqldb/util/RefCapablePropertyResourceBundle; >"
"< Application, Lorg/hsqldb/Column, negate(Ljava/lang/Object;I)Ljava/lang/Object; >"
"< Application, Lorg/hsqldb/util/ShutdownServer, main([Ljava/lang/String;)V >"
"< Application, Lorg/hsqldb/Types, isNumberType(I)Z >"
"< Application, Lorg/hsqldb/jdbcDriver, getConnection(Ljava/lang/String;Ljava/util/Properties;)Ljava/sql/Connection; >"
"< Application, Lorg/hsqldb/GrantConstants, <clinit>()V >"
"< Application, Lorg/hsqldb/lib/InOutUtil, serialize(Ljava/io/Serializable;)[B >"
"< Application, Lorg/hsqldb/TriggerDef, <clinit>()V >"
"< Application, Lorg/hsqldb/persist/LockFile, isLocked(Ljava/lang/String;)Z >"
"< Application, Lorg/hsqldb/util/TableSorter, access$900(Lorg/hsqldb/util/TableSorter;)[I >"
"< Application, Lorg/hsqldb/lib/FileUtil, toIOException(Ljava/lang/Throwable;)Ljava/io/IOException; >"
"< Application, Lorg/hsqldb/Trace, printSystemOut(Ljava/lang/String;J)V >"
"< Application, Lorg/hsqldb/HsqlSocketFactory, newFactory(Ljava/lang/String;)Lorg/hsqldb/HsqlSocketFactory; >"
"< Application, Lorg/hsqldb/store/ValuePool, resetPool()V >"
"< Application, Lorg/hsqldb/lib/StringConverter, hexToByte(Ljava/lang/String;)[B >"
"< Application, Lorg/hsqldb/persist/ScriptRunner, runScript(Lorg/hsqldb/Database;Ljava/lang/String;I)V >"
"< Application, Lorg/hsqldb/HsqlSocketFactorySecure, dump(Ljava/lang/String;[Ljava/lang/String;)V >"
"< Application, Lorg/hsqldb/util/CommonSwing, getIcon(Ljava/lang/String;)Ljava/awt/Image; >"
"< Application, Lorg/hsqldb/DatabaseManager, deRegisterServer(Lorg/hsqldb/Server;)V >"
"< Application, Lorg/hsqldb/HsqlNameManager$HsqlName, isRegularIdentifier(Ljava/lang/String;)Z >"
"< Application, Lorg/hsqldb/Expression, isCompare(I)Z >"
"< Application, Lorg/hsqldb/jdbc/Util, notSupported()Ljava/sql/SQLException; >"
"< Application, Lorg/hsqldb/Library, quarter(Ljava/sql/Date;)Ljava/lang/Integer; >"
"< Application, Lorg/hsqldb/Library, left(Ljava/lang/String;I)Ljava/lang/String; >"
"< Application, Ldacapo/TestHarness, vectorise([Ljava/lang/String;)Ljava/util/Vector; >"
"< Application, Lorg/hsqldb/lib/HsqlTimer, isFixedDelay(Ljava/lang/Object;)Z >"
"< Application, Lorg/hsqldb/DatabaseManager, getDatabase(Ljava/lang/String;Ljava/lang/String;Lorg/hsqldb/Server;Lorg/hsqldb/persist/HsqlProperties;)I >"
"< Application, Lorg/hsqldb/Column, checkVarchar(Ljava/lang/String;IZ)Ljava/lang/String; >"
"< Application, Lorg/hsqldb/rowio/RowOutputTextLog, <clinit>()V >"
"< Application, Lorg/hsqldb/util/FontDialogSwing, setFont()V >"
"< Application, Lorg/hsqldb/util/CodeSwitcher, main([Ljava/lang/String;)V >"
"< Application, Lorg/hsqldb/Trace, throwerror(ILjava/lang/Object;)V >"
"< Application, Lorg/hsqldb/lib/StringConverter, byteToHex([B)Ljava/lang/String; >"
"< Application, Lorg/hsqldb/util/CodeSwitcher, printError(Ljava/lang/String;)V >"
"< Application, Lorg/hsqldb/util/ConnectionDialogCommon, addToRecentConnectionSettings(Ljava/util/Hashtable;Lorg/hsqldb/util/ConnectionSetting;)V >"
"< Application, Ldacapo/parser/ConfigFileTokenManager, <clinit>()V >"
"< Application, Lorg/hsqldb/Trace, getStackTrace()Ljava/lang/String; >"
"< Application, Lorg/hsqldb/lib/ArrayCounter, calcInterval(III)J >"
"< Application, Lorg/hsqldb/DatabaseManager, addDatabaseObject(Ljava/lang/String;Ljava/lang/String;Lorg/hsqldb/Database;)V >"
"< Application, Lorg/hsqldb/Library, insert(Ljava/lang/String;IILjava/lang/String;)Ljava/lang/String; >"
"< Application, Lorg/hsqldb/util/SqlFile, convertNumericEscapes(Ljava/lang/String;)Ljava/lang/String; >"
"< Application, Lorg/hsqldb/util/DatabaseManagerSwing, access$1300(Lorg/hsqldb/util/DatabaseManagerSwing;)V >"
"< Application, Lorg/hsqldb/util/SqlFile, <clinit>()V >"
"< Application, Lorg/hsqldb/DatabaseScript, getDataSourceHeader(Lorg/hsqldb/Table;)Ljava/lang/String; >"
"< Application, Lorg/hsqldb/HsqlNameManager$HsqlName, <clinit>()V >"
"< Application, Ldacapo/parser/Config, parse(Ljava/io/InputStream;)Ldacapo/parser/Config; >"
"< Application, Ldacapo/parser/ConfigFile, jj_la1_1()V >"
"< Application, Lorg/hsqldb/lib/java/JavaSystem, createNewFile(Ljava/io/File;)Z >"
"< Application, Lorg/hsqldb/lib/StringConverter, toQuotedString(Ljava/lang/String;CZ)Ljava/lang/String; >"
"< Application, Lorg/hsqldb/jdbc/Util, nullArgument()Ljava/sql/SQLException; >"
"< Application, Lorg/hsqldb/DINameSpace, getSignature(Ljava/lang/reflect/Method;)Ljava/lang/String; >"
"< Application, Lorg/hsqldb/ServerConnection, <clinit>()V >"
"< Application, Ldacapo/parser/TokenMgrError, addEscapes(Ljava/lang/String;)Ljava/lang/String; >"
"< Application, Lorg/hsqldb/Parser, getColumnNames(Lorg/hsqldb/Database;Lorg/hsqldb/Table;Lorg/hsqldb/Tokenizer;Z)Lorg/hsqldb/lib/HsqlArrayList; >"
"< Application, Lorg/hsqldb/util/SqlFile, loadBinary(Ljava/io/File;)[B >"
"< Application, Lorg/hsqldb/Library, bitor(II)I >"
"< Application, Ldacapo/hsqldb/PseudoJDBCBench, connect(Ljava/lang/String;Ljava/lang/String;Ljava/lang/String;)Ljava/sql/Connection; >"
"< Application, Lorg/hsqldb/Table, clearUpdateLists(Lorg/hsqldb/lib/HashMappedList;)V >"
"< Application, Lorg/hsqldb/lib/StringUtil, skipSpaces(Ljava/lang/String;I)I >"
"< Application, Lorg/hsqldb/Library, difference(Ljava/lang/String;Ljava/lang/String;)I >"
"< Application, Ldacapo/hsqldb/PseudoJDBCBench, <clinit>()V >"
"< Application, Lorg/hsqldb/lib/IntValueHashMap, access$100(Lorg/hsqldb/lib/IntValueHashMap;)[Ljava/lang/Object; >"
"< Application, Lorg/hsqldb/lib/ArrayUtil, copyAdjustArray(Ljava/lang/Object;Ljava/lang/Object;Ljava/lang/Object;II)V >"
"< Application, Lorg/hsqldb/util/ConnectionDialogSwing, createLabel(Ljava/lang/String;)Ljavax/swing/JLabel; >"
"< Application, Lorg/hsqldb/Library, week(Ljava/sql/Date;)Ljava/lang/Integer; >"
"< Application, Lorg/hsqldb/Library, dayofyear(Ljava/sql/Date;)Ljava/lang/Integer; >"
"< Application, Ldacapo/FileDigest, get(Ljava/lang/String;ZZLjava/io/File;)[B >"
"< Application, Lorg/hsqldb/HsqlDateTime, resetToTime(Ljava/util/Calendar;)V >"
"< Application, Lorg/hsqldb/Types, getTypeString(III)Ljava/lang/String; >"
"< Application, Lorg/hsqldb/persist/HsqlProperties, argArrayToProps([Ljava/lang/String;Ljava/lang/String;)Lorg/hsqldb/persist/HsqlProperties; >"
"< Application, Lorg/hsqldb/jdbc/Util, sqlException(II[Ljava/lang/Object;)Ljava/sql/SQLException; >"
"< Application, Lorg/hsqldb/lib/ArrayUtil, find([Ljava/lang/Object;Ljava/lang/Object;)I >"
"< Application, Lorg/hsqldb/util/CommonSwing, <clinit>()V >"
"< Application, Lorg/hsqldb/lib/ArrayUtil, findNotIn([BII[B)I >"
"< Application, Lorg/hsqldb/HsqlNameManager$HsqlName, isReservedName(Ljava/lang/String;)Z >"
"< Application, Ldacapo/TestHarness, TEST(I)I >"
"< Application, Lorg/hsqldb/Library, curdate(Ljava/sql/Connection;)Ljava/sql/Date; >"
"< Application, Lorg/hsqldb/lib/ArrayUtil, countNonStartElementsAt([BI[B)I >"
"< Application, Lorg/hsqldb/Library, isReadOnlyDatabaseFiles(Ljava/sql/Connection;)Z >"
"< Application, Lorg/hsqldb/util/DatabaseManagerSwing, access$600(Lorg/hsqldb/util/DatabaseManagerSwing;)Ljava/lang/Thread; >"
"< Application, Lorg/hsqldb/lib/FileUtil, getDefaultInstance()Lorg/hsqldb/lib/FileUtil; >"
"< Application, Lorg/hsqldb/util/MainInvoker, <clinit>()V >"
"< Application, Lorg/hsqldb/HsqlDateTime, toJavaDatePattern(Ljava/lang/String;)Ljava/lang/String; >"
"< Application, Lorg/hsqldb/DITableInfo, <clinit>()V >"
"< Application, Lorg/hsqldb/Library, register(Lorg/hsqldb/lib/HashMap;[[Ljava/lang/String;)V >"
"< Application, Lorg/hsqldb/Types, getFunctionReturnClassName(Ljava/lang/String;)Ljava/lang/String; >"
"< Application, Lorg/hsqldb/jdbc/Util, nullArgument(Ljava/lang/String;)Ljava/sql/SQLException; >"
"< Application, Lorg/hsqldb/resources/BundleHandler, getNewGetBundleMethod()Ljava/lang/reflect/Method; >"
"< Application, Lorg/hsqldb/WebServerConnection, <clinit>()V >"
"< Application, Lorg/hsqldb/Token, isKeyword(Ljava/lang/String;)Z >"
"< Application, Lorg/hsqldb/util/DatabaseManagerSwing, access$900(Lorg/hsqldb/util/DatabaseManagerSwing;)V >"
"< Application, Lorg/hsqldb/util/Grid, getMaxHeight(Ljava/awt/FontMetrics;)I >"
"< Application, Lorg/hsqldb/Trace, check(ZILjava/lang/String;Ljava/lang/String;)V >"
"< Application, Lorg/hsqldb/TriggerDef, indexToRight(I)I >"
"< Application, Lorg/hsqldb/Function, <clinit>()V >"
"< Application, Ldacapo/TestHarness, main([Ljava/lang/String;)V >"
"< Application, Lorg/hsqldb/util/FontDialogSwing, creatFontDialog(Lorg/hsqldb/util/DatabaseManagerSwing;)V >"
"< Application, Lorg/hsqldb/util/DatabaseManagerSwing, access$000(Lorg/hsqldb/util/DatabaseManagerSwing;)V >"
"< Application, Lorg/hsqldb/util/FontDialogSwing, setFontSize(Ljava/lang/String;)V >"
"< Application, Lorg/hsqldb/Library, second(Ljava/sql/Time;)Ljava/lang/Integer; >"
"< Application, Ldacapo/Benchmark, setValidate(Z)V >"
"< Application, Lorg/hsqldb/Library, ucase(Ljava/lang/String;)Ljava/lang/String; >"
"< Application, Ldacapo/TestHarness, rmdir(Ljava/io/File;)V >"
"< Application, Lorg/hsqldb/Parser, <clinit>()V >"
"< Application, Lorg/hsqldb/lib/ArrayUtil, fillSequence([I)V >"
"< Application, Lorg/hsqldb/HsqlDateTime, timestampValue(Ljava/lang/String;)Ljava/sql/Timestamp; >"
"< Application, Ldacapo/TestHarness, exists(Ljava/lang/String;)Z >"
"< Application, Lorg/hsqldb/Library, ascii(Ljava/lang/String;)Ljava/lang/Integer; >"
"< Application, Lorg/hsqldb/util/FontDialogSwing, setStyle()V >"
"< Application, Lorg/hsqldb/ServerConfiguration, getPropertiesFromFile(Ljava/lang/String;)Lorg/hsqldb/persist/HsqlProperties; >"
"< Application, Lorg/hsqldb/jdbc/Util, sqlWarning(Lorg/hsqldb/HsqlException;)Ljava/sql/SQLWarning; >"
"< Application, Lorg/hsqldb/lib/ArrayUtil, countCommonElements([I[I)I >"
"< Application, Lorg/hsqldb/lib/StringConverter, unicodeToAscii(Lorg/hsqldb/lib/HsqlByteArrayOutputStream;Ljava/lang/String;Z)I >"
"< Application, Lorg/hsqldb/DatabaseURL, isFileBasedDatabaseType(Ljava/lang/String;)Z >"
"< Application, Lorg/hsqldb/jdbc/Util, outOfRangeArgument()Ljava/sql/SQLException; >"
"< Application, Lorg/hsqldb/Trace, check(ZILjava/lang/String;Ljava/lang/String;Ljava/lang/String;Ljava/lang/String;)V >"
"< Application, Ldacapo/Benchmark, byteCount(Ljava/lang/String;)J >"
"< Application, Lorg/hsqldb/Library, minute(Ljava/sql/Time;)Ljava/lang/Integer; >"
"< Application, Lorg/hsqldb/Library, <clinit>()V >"
"< Application, Lorg/hsqldb/lib/InOutUtil, deserialize([B)Ljava/io/Serializable; >"
"< Application, Lorg/hsqldb/jdbc/jdbcDatabaseMetaData, <clinit>()V >"
"< Application, Lorg/hsqldb/lib/StringUtil, getList([[Ljava/lang/String;Ljava/lang/String;Ljava/lang/String;)Ljava/lang/String; >"
"< Application, Lorg/hsqldb/util/RefCapablePropertyResourceBundle, literalize(Ljava/lang/String;)Ljava/lang/String; >"
"< Application, Lorg/hsqldb/Types, getTypeName(I)Ljava/lang/String; >"
