java_type_ref("<Application,Lorg/apache/log4j/xml/DOMConfigurator>")
java_type_ref("<Application,Lorg/apache/log4j/PatternLayout>")
java_type_ref("<Application,Lorg/apache/log4j/helpers/PatternParser$LocationPatternConverter>")
java_type_ref("<Application,Lweblech/spider/HTMLParser>")
java_type_ref("<Application,Lorg/apache/log4j/NDC$DiagnosticContext>")
java_type_ref("<Application,Lorg/apache/log4j/net/SocketServer>")
java_type_ref("<Application,Lorg/apache/log4j/spi/CategoryFactory>")
java_type_ref("<Application,Lorg/apache/log4j/spi/LocationInfo>")
java_type_ref("<Application,Lweblech/spider/SpiderConfig>")
java_type_ref("<Application,Lweblech/spider/URLGetter>")
java_type_ref("<Application,Lorg/apache/log4j/spi/LoggingEvent>")
java_type_ref("<Application,Lorg/apache/log4j/Hierarchy>")
java_type_ref("<Application,Lorg/apache/log4j/BasicConfigurator>")
java_type_ref("<Application,Lorg/apache/log4j/or/DefaultRenderer>")
java_type_ref("<Application,Lweblech/util/Log4j>")
java_type_ref("<Application,Lorg/apache/log4j/PropertyWatchdog>")
java_type_ref("<Application,Lorg/apache/log4j/helpers/PatternParser$LiteralPatternConverter>")
java_type_ref("<Application,Lweblech/ui/TextSpider>")
java_type_ref("<Application,Lorg/apache/log4j/net/SMTPAppender>")
java_type_ref("<Application,Lorg/apache/log4j/helpers/PatternParser$BasicPatternConverter>")
java_type_ref("<Application,Lorg/apache/log4j/helpers/CyclicBuffer>")
java_type_ref("<Application,Lorg/apache/log4j/DefaultCategoryFactory>")
java_type_ref("<Application,Lorg/apache/log4j/net/JMSAppender>")
java_type_ref("<Application,Lorg/apache/log4j/varia/HUP>")
java_type_ref("<Application,Lorg/apache/log4j/or/MessageRenderer>")
java_type_ref("<Application,Lorg/apache/log4j/WriterAppender>")
java_type_ref("<Application,Lweblech/util/Logger>")
java_type_ref("<Application,Lorg/apache/log4j/varia/Roller>")
java_type_ref("<Application,Lorg/apache/log4j/helpers/RelativeTimeDateFormat>")
java_type_ref("<Application,Lorg/apache/log4j/NDC>")
java_type_ref("<Application,Lorg/apache/log4j/config/PropertySetter>")
java_type_ref("<Application,Lorg/apache/log4j/RollingFileAppender>")
java_type_ref("<Application,Lorg/apache/log4j/Appender>")
java_type_ref("<Application,Lorg/apache/log4j/RollingFileAppenderBeanInfo>")
java_type_ref("<Application,Lorg/apache/log4j/xml/XMLWatchdog>")
java_type_ref("<Application,Lorg/apache/log4j/helpers/PatternParser$CategoryPatternConverter>")
java_type_ref("<Application,Lorg/apache/log4j/FileAppender>")
java_type_ref("<Application,Lorg/apache/log4j/helpers/PatternParser$NamedPatternConverter>")
java_type_ref("<Application,Lorg/apache/log4j/spi/Filter>")
java_type_ref("<Application,Lorg/apache/log4j/helpers/PatternParser>")
java_type_ref("<Application,Lorg/apache/log4j/helpers/AbsoluteTimeDateFormat>")
java_type_ref("<Application,Lorg/apache/log4j/net/SocketAppender>")
java_type_ref("<Application,Lorg/apache/log4j/PropertyConfigurator>")
java_type_ref("<Application,Lorg/apache/log4j/nt/NTEventLogAppender>")
java_type_ref("<Application,Lweblech/spider/DumbAuthenticator>")
java_type_ref("<Application,Lorg/apache/log4j/net/SocketAppender$Connector>")
java_type_ref("<Application,Lorg/apache/log4j/helpers/PatternParser$DatePatternConverter>")
java_type_ref("<Application,Lorg/apache/log4j/config/PropertyGetter>")
java_type_ref("<Application,Lorg/apache/log4j/helpers/Loader>")
java_type_ref("<Application,Lorg/apache/log4j/HTMLLayout>")
java_type_ref("<Application,Lorg/apache/log4j/spi/RootCategory>")
java_type_ref("<Application,Lorg/apache/log4j/helpers/AppenderAttachableImpl>")
java_type_ref("<Application,Lweblech/spider/URLToDownload>")
java_type_ref("<Application,Lorg/apache/log4j/Layout>")
java_type_ref("<Application,Lorg/apache/log4j/config/PropertyPrinter>")
java_type_ref("<Application,Lorg/apache/log4j/Priority>")
java_type_ref("<Application,Lorg/apache/log4j/helpers/NullEnumeration>")
java_type_ref("<Application,Lorg/apache/log4j/spi/ErrorHandler>")
java_type_ref("<Application,Lorg/apache/log4j/helpers/CountingQuietWriter>")
java_type_ref("<Application,Lorg/apache/log4j/TTCCLayout>")
java_type_ref("<Application,Lorg/apache/log4j/helpers/FileWatchdog>")
java_type_ref("<Application,Lorg/apache/log4j/AppenderSkeleton>")
java_type_ref("<Application,Lorg/apache/log4j/spi/AppenderAttachable>")
java_type_ref("<Application,Lorg/apache/log4j/xml/XMLLayout>")
java_type_ref("<Application,Lorg/apache/log4j/or/ObjectRenderer>")
java_type_ref("<Application,Lorg/apache/log4j/helpers/PatternConverter>")
java_type_ref("<Application,Lorg/apache/log4j/varia/DenyAllFilter>")
java_type_ref("<Application,Lorg/apache/log4j/Dispatcher>")
java_type_ref("<Application,Lorg/apache/log4j/helpers/DateLayout>")
java_type_ref("<Application,Lorg/apache/log4j/spi/Configurator>")
java_type_ref("<Application,Lweblech/spider/URLObject>")
java_type_ref("<Application,Lorg/apache/log4j/spi/TriggeringEventEvaluator>")
java_type_ref("<Application,Lorg/apache/log4j/helpers/OnlyOnceErrorHandler>")
java_type_ref("<Application,Lorg/apache/log4j/helpers/SyslogWriter>")
java_type_ref("<Application,Lorg/apache/log4j/config/PropertySetterException>")
java_type_ref("<Application,Lorg/apache/log4j/net/SocketNode>")
java_type_ref("<Application,Lorg/apache/log4j/helpers/DateTimeDateFormat>")
java_type_ref("<Application,Lorg/apache/log4j/or/RendererMap>")
java_type_ref("<Application,Lorg/apache/log4j/helpers/LogLog>")
java_type_ref("<Application,Lorg/apache/log4j/net/SimpleSocketServer>")
java_type_ref("<Application,Lweblech/spider/Constants>")
java_type_ref("<Application,Lorg/apache/log4j/helpers/OptionConverter>")
java_type_ref("<Application,Lweblech/spider/Spider>")
java_type_ref("<Application,Lorg/apache/log4j/RollingCalendar>")
java_type_ref("<Application,Lorg/apache/log4j/DailyRollingFileAppender>")
java_type_ref("<Application,Lorg/apache/log4j/CategoryKey>")
java_type_ref("<Application,Lorg/apache/log4j/varia/StringMatchFilter>")
java_type_ref("<Application,Lorg/apache/log4j/varia/PriorityRangeFilter>")
java_type_ref("<Application,Lorg/apache/log4j/net/SyslogAppender>")
java_type_ref("<Application,Lweblech/spider/DownloadQueue>")
java_type_ref("<Application,Lorg/apache/log4j/helpers/BoundedFIFO>")
java_type_ref("<Application,Lorg/apache/log4j/ConsoleAppender>")
java_type_ref("<Application,Lorg/apache/log4j/Category>")
java_type_ref("<Application,Lorg/apache/log4j/helpers/PatternParser$ClassNamePatternConverter>")
java_type_ref("<Application,Lorg/apache/log4j/ProvisionNode>")
java_type_ref("<Application,Lorg/apache/log4j/helpers/QuietWriter>")
java_type_ref("<Application,Lorg/apache/log4j/or/ThreadGroupRenderer>")
java_type_ref("<Application,Lorg/apache/log4j/spi/ErrorCode>")
java_type_ref("<Application,Lorg/apache/log4j/helpers/SyslogQuietWriter>")
java_type_ref("<Application,Lorg/apache/log4j/AsyncAppender>")
java_type_ref("<Application,Lorg/apache/log4j/config/PropertyGetter$PropertyCallback>")
java_type_ref("<Application,Lorg/apache/log4j/helpers/FormattingInfo>")
java_type_ref("<Application,Lorg/apache/log4j/spi/OptionHandler>")
java_type_ref("<Application,Lorg/apache/log4j/net/DefaultEvaluator>")
java_type_ref("<Application,Lorg/apache/log4j/helpers/ISO8601DateFormat>")
java_type_ref("<Application,Lorg/apache/log4j/spi/NullWriter>")
java_type_ref("<Application,Lorg/apache/log4j/varia/ExternallyRolledFileAppender>")
java_type_ref("<Application,Lorg/apache/log4j/varia/PriorityMatchFilter>")
java_type_ref("<Application,Lorg/apache/log4j/SimpleLayout>")
java_type_ref("<Application,Lorg/apache/log4j/spi/ThrowableInformation>")
java_type_ref("<Application,Lorg/apache/log4j/net/JMSSink>")
java_type_ref("<Application,Lorg/apache/log4j/varia/HUPNode>")
java_type_ref("<Application,Lorg/apache/log4j/spi/VectorWriter>")
