"< Application, Lorg/apache/log4j/helpers/SyslogWriter, <init>(Ljava/lang/String;)V >"	"bb17"	[java_type_ref("<Primordial,Ljava/net/SocketException>")]
"< Application, Lweblech/ui/TextSpider, main([Ljava/lang/String;)V >"	"bb27"	[java_type_ref("<Primordial,Ljava/io/FileNotFoundException>")]
"< Application, Lorg/apache/log4j/net/SocketAppender, connect(Ljava/net/InetAddress;I)V >"	"bb12"	[java_type_ref("<Primordial,Ljava/io/IOException>")]
"< Application, Lorg/apache/log4j/Category, callAppenders(Lorg/apache/log4j/spi/LoggingEvent;)V >"	"bb14"	[java_type_ref("<Primordial,Ljava/lang/Throwable>")]
"< Application, Lorg/apache/log4j/config/PropertySetter, class$(Ljava/lang/String;)Ljava/lang/Class; >"	"bb3"	[java_type_ref("<Primordial,Ljava/lang/ClassNotFoundException>")]
"< Application, Lweblech/spider/SpiderConfig, <init>(Ljava/util/Properties;)V >"	"bb101"	[java_type_ref("<Primordial,Ljava/net/MalformedURLException>")]
"< Application, Lorg/apache/log4j/FileAppender, closeFile()V >"	"bb8"	[java_type_ref("<Primordial,Ljava/io/IOException>")]
"< Application, Lorg/apache/log4j/net/SocketAppender$Connector, run()V >"	"bb45"	[java_type_ref("<Primordial,Ljava/io/IOException>")]
"< Application, Lorg/apache/log4j/DailyRollingFileAppender, subAppend(Lorg/apache/log4j/spi/LoggingEvent;)V >"	"bb12"	[java_type_ref("<Primordial,Ljava/io/IOException>")]
"< Application, Lorg/apache/log4j/net/SocketAppender$Connector, run()V >"	"bb34"	[java_type_ref("<Primordial,Ljava/net/ConnectException>")]
"< Application, Lorg/apache/log4j/helpers/QuietWriter, flush()V >"	"bb4"	[java_type_ref("<Primordial,Ljava/io/IOException>")]
"< Application, Lorg/apache/log4j/helpers/PatternParser, extractPrecisionOption()I >"	"bb14"	[java_type_ref("<Primordial,Ljava/lang/NumberFormatException>")]
"< Application, Lorg/apache/log4j/CategoryKey, class$(Ljava/lang/String;)Ljava/lang/Class; >"	"bb3"	[java_type_ref("<Primordial,Ljava/lang/ClassNotFoundException>")]
"< Application, Lorg/apache/log4j/PropertyConfigurator, doConfigure(Ljava/net/URL;Lorg/apache/log4j/Hierarchy;)V >"	"bb12"	[java_type_ref("<Primordial,Ljava/io/IOException>")]
"< Application, Lorg/apache/log4j/RollingFileAppenderBeanInfo, <init>()V >"	"bb38"	[java_type_ref("<Primordial,Ljava/beans/IntrospectionException>")]
"< Application, Lorg/apache/log4j/Category, <clinit>()V >"	"bb13"	[java_type_ref("<Primordial,Ljava/net/MalformedURLException>")]
"< Application, Lorg/apache/log4j/helpers/PatternParser, class$(Ljava/lang/String;)Ljava/lang/Class; >"	"bb3"	[java_type_ref("<Primordial,Ljava/lang/ClassNotFoundException>")]
"< Application, Lorg/apache/log4j/helpers/OptionConverter, instantiateByClassName(Ljava/lang/String;Ljava/lang/Class;Ljava/lang/Object;)Ljava/lang/Object; >"	"bb18"	[java_type_ref("<Primordial,Ljava/lang/Exception>")]
"< Application, Lorg/apache/log4j/helpers/OptionConverter, toPriority(Ljava/lang/String;Lorg/apache/log4j/Priority;)Lorg/apache/log4j/Priority; >"	"bb46"	[java_type_ref("<Primordial,Ljava/lang/NoSuchMethodException>")]
"< Application, Lorg/apache/log4j/helpers/OptionConverter, toPriority(Ljava/lang/String;Lorg/apache/log4j/Priority;)Lorg/apache/log4j/Priority; >"	"bb80"	[java_type_ref("<Primordial,Ljava/lang/Exception>")]
"< Application, Lorg/apache/log4j/net/SocketServer, main([Ljava/lang/String;)V >"	"bb40"	[java_type_ref("<Primordial,Ljava/lang/Exception>")]
"< Application, Lorg/apache/log4j/xml/DOMConfigurator, parseCategory(Lorg/w3c/dom/Element;Lorg/apache/log4j/Hierarchy;)V >"	"bb24"	[java_type_ref("<Primordial,Ljava/lang/Exception>")]
"< Application, Lorg/apache/log4j/AsyncAppender, append(Lorg/apache/log4j/spi/LoggingEvent;)V >"	"bb13"	[java_type_ref("<Primordial,Ljava/lang/InterruptedException>")]
"< Application, Lweblech/spider/Spider, run()V >"	"bb70"	[java_type_ref("<Primordial,Ljava/lang/Throwable>")]
"< Application, Lorg/apache/log4j/AsyncAppender, close()V >"	"bb16"	[java_type_ref("<Primordial,Ljava/lang/InterruptedException>")]
"< Application, Lorg/apache/log4j/varia/HUPNode, run()V >"	"bb22"	[java_type_ref("<Primordial,Ljava/lang/Exception>")]
"< Application, Lorg/apache/log4j/net/JMSAppender, lookup(Ljavax/naming/Context;Ljava/lang/String;)Ljava/lang/Object; >"	"bb3"	[java_type_ref("<Primordial,Ljavax/naming/NameNotFoundException>")]
"< Application, Lweblech/spider/Spider, writeCheckpoint()V >"	"bb12"	[java_type_ref("<Primordial,Ljava/io/IOException>")]
"< Application, Lorg/apache/log4j/xml/DOMConfigurator, doConfigure(Ljava/lang/String;Lorg/apache/log4j/Hierarchy;)V >"	"bb21"	[java_type_ref("<Primordial,Ljava/io/IOException>")]
"< Application, Lorg/apache/log4j/helpers/FileWatchdog, run()V >"	"bb6"	[java_type_ref("<Primordial,Ljava/lang/InterruptedException>")]
"< Application, Lorg/apache/log4j/spi/LoggingEvent, class$(Ljava/lang/String;)Ljava/lang/Class; >"	"bb3"	[java_type_ref("<Primordial,Ljava/lang/ClassNotFoundException>")]
"< Application, Lorg/apache/log4j/helpers/OptionConverter, toFileSize(Ljava/lang/String;J)J >"	"bb21"	[java_type_ref("<Primordial,Ljava/lang/NumberFormatException>")]
"< Application, Lorg/apache/log4j/xml/DOMConfigurator, parseCategory(Lorg/w3c/dom/Element;Lorg/apache/log4j/Hierarchy;)V >"	"bb50"	[java_type_ref("<Primordial,Ljava/lang/Throwable>")]
"< Application, Lorg/apache/log4j/helpers/FileWatchdog, checkAndConfigure()V >"	"bb4"	[java_type_ref("<Primordial,Ljava/lang/SecurityException>")]
"< Application, Lorg/apache/log4j/config/PropertyGetter, class$(Ljava/lang/String;)Ljava/lang/Class; >"	"bb3"	[java_type_ref("<Primordial,Ljava/lang/ClassNotFoundException>")]
"< Application, Lorg/apache/log4j/helpers/OptionConverter, findAndSubst(Ljava/lang/String;Ljava/util/Properties;)Ljava/lang/String; >"	"bb6"	[java_type_ref("<Primordial,Ljava/lang/IllegalArgumentException>")]
"< Application, Lorg/apache/log4j/helpers/OptionConverter, toInt(Ljava/lang/String;I)I >"	"bb6"	[java_type_ref("<Primordial,Ljava/lang/NumberFormatException>")]
"< Application, Lorg/apache/log4j/WriterAppender, closeWriter()V >"	"bb6"	[java_type_ref("<Primordial,Ljava/io/IOException>")]
"< Application, Lorg/apache/log4j/Hierarchy, getInstance(Ljava/lang/String;Lorg/apache/log4j/spi/CategoryFactory;)Lorg/apache/log4j/Category; >"	"bb31"	[java_type_ref("<Primordial,Ljava/lang/Throwable>")]
"< Application, Lorg/apache/log4j/helpers/QuietWriter, write(Ljava/lang/String;)V >"	"bb4"	[java_type_ref("<Primordial,Ljava/io/IOException>")]
"< Application, Lorg/apache/log4j/PropertyConfigurator, class$(Ljava/lang/String;)Ljava/lang/Class; >"	"bb3"	[java_type_ref("<Primordial,Ljava/lang/ClassNotFoundException>")]
"< Application, Lorg/apache/log4j/xml/DOMConfigurator, doConfigure(Ljava/lang/String;Lorg/apache/log4j/Hierarchy;)V >"	"bb43"	[java_type_ref("<Primordial,Ljava/io/IOException>")]
"< Application, Lorg/apache/log4j/xml/DOMConfigurator, parseRoot(Lorg/w3c/dom/Element;Lorg/apache/log4j/Hierarchy;)V >"	"bb6"	[java_type_ref("<Primordial,Ljava/lang/Throwable>")]
"< Application, Lorg/apache/log4j/net/SocketAppender, getAddressByName(Ljava/lang/String;)Ljava/net/InetAddress; >"	"bb3"	[java_type_ref("<Primordial,Ljava/lang/Exception>")]
"< Application, Lorg/apache/log4j/Category, getResourceBundleString(Ljava/lang/String;)Ljava/lang/String; >"	"bb18"	[java_type_ref("<Primordial,Ljava/util/MissingResourceException>")]
"< Application, Lweblech/spider/URLGetter, getURL(Lweblech/spider/URLToDownload;)Lweblech/spider/URLObject; >"	"bb132"	[java_type_ref("<Primordial,Ljava/io/IOException>")]
"< Application, Lweblech/spider/Spider, queueSize()I >"	"bb7"	[java_type_ref("<Primordial,Ljava/lang/Throwable>")]
"< Application, Lorg/apache/log4j/config/PropertyGetter, getProperties(Ljava/lang/Object;Lorg/apache/log4j/config/PropertyGetter$PropertyCallback;Ljava/lang/String;)V >"	"bb5"	[java_type_ref("<Primordial,Ljava/beans/IntrospectionException>")]
"< Application, Lorg/apache/log4j/helpers/OptionConverter, toPriority(Ljava/lang/String;Lorg/apache/log4j/Priority;)Lorg/apache/log4j/Priority; >"	"bb64"	[java_type_ref("<Primordial,Ljava/lang/ClassCastException>")]
"< Application, Lorg/apache/log4j/AsyncAppender, getAppender(Ljava/lang/String;)Lorg/apache/log4j/Appender; >"	"bb7"	[java_type_ref("<Primordial,Ljava/lang/Throwable>")]
"< Application, Lweblech/spider/Spider, run()V >"	"bb59"	[java_type_ref("<Primordial,Ljava/lang/Throwable>")]
"< Application, Lorg/apache/log4j/xml/DOMConfigurator, subst(Ljava/lang/String;)Ljava/lang/String; >"	"bb4"	[java_type_ref("<Primordial,Ljava/lang/IllegalArgumentException>")]
"< Application, Lorg/apache/log4j/varia/HUPNode, run()V >"	"bb12"	[java_type_ref("<Primordial,Ljava/lang/Throwable>")]
"< Application, Lorg/apache/log4j/AsyncAppender, getAllAppenders()Ljava/util/Enumeration; >"	"bb7"	[java_type_ref("<Primordial,Ljava/lang/Throwable>")]
"< Application, Lorg/apache/log4j/FileAppender, activateOptions()V >"	"bb7"	[java_type_ref("<Primordial,Ljava/io/IOException>")]
"< Application, Lorg/apache/log4j/BasicConfigurator, class$(Ljava/lang/String;)Ljava/lang/Class; >"	"bb3"	[java_type_ref("<Primordial,Ljava/lang/ClassNotFoundException>")]
"< Application, Lorg/apache/log4j/helpers/OptionConverter, toPriority(Ljava/lang/String;Lorg/apache/log4j/Priority;)Lorg/apache/log4j/Priority; >"	"bb55"	[java_type_ref("<Primordial,Ljava/lang/reflect/InvocationTargetException>")]
"< Application, Lweblech/spider/Spider, run()V >"	"bb109"	[java_type_ref("<Primordial,Ljava/lang/Throwable>")]
"< Application, Lorg/apache/log4j/varia/Roller, roll()V >"	"bb24"	[java_type_ref("<Primordial,Ljava/io/IOException>")]
"< Application, Lorg/apache/log4j/DailyRollingFileAppender, rollOver()V >"	"bb43"	[java_type_ref("<Primordial,Ljava/io/IOException>")]
"< Application, Lorg/apache/log4j/helpers/OptionConverter, toPriority(Ljava/lang/String;Lorg/apache/log4j/Priority;)Lorg/apache/log4j/Priority; >"	"bb38"	[java_type_ref("<Primordial,Ljava/lang/ClassNotFoundException>")]
"< Application, Lweblech/util/Log4j, <clinit>()V >"	"bb14"	[java_type_ref("<Primordial,Ljava/io/IOException>")]
"< Application, Lorg/apache/log4j/Dispatcher, close()V >"	"bb11"	[java_type_ref("<Primordial,Ljava/lang/Throwable>")]
"< Application, Lorg/apache/log4j/RollingFileAppenderBeanInfo, class$(Ljava/lang/String;)Ljava/lang/Class; >"	"bb3"	[java_type_ref("<Primordial,Ljava/lang/ClassNotFoundException>")]
"< Application, Lweblech/util/Logger, <clinit>()V >"	"bb4"	[java_type_ref("<Primordial,Ljava/lang/ClassNotFoundException>")]
"< Application, Lweblech/ui/TextSpider, pause(J)V >"	"bb3"	[java_type_ref("<Primordial,Ljava/lang/InterruptedException>")]
"< Application, Lweblech/spider/HTMLParser, extractAttributesFromTags(Ljava/lang/String;Ljava/lang/String;Ljava/net/URL;Ljava/util/List;Ljava/util/Set;Ljava/lang/String;)V >"	"bb53"	[java_type_ref("<Primordial,Ljava/net/MalformedURLException>")]
"< Application, Lorg/apache/log4j/helpers/PatternParser$DatePatternConverter, convert(Lorg/apache/log4j/spi/LoggingEvent;)Ljava/lang/String; >"	"bb8"	[java_type_ref("<Primordial,Ljava/lang/Exception>")]
"< Application, Lorg/apache/log4j/BasicConfigurator, addRenderer(Lorg/apache/log4j/Hierarchy;Ljava/lang/String;Ljava/lang/String;)V >"	"bb29"	[java_type_ref("<Primordial,Ljava/lang/ClassNotFoundException>")]
"< Application, Lorg/apache/log4j/xml/DOMConfigurator, parsePriority(Lorg/w3c/dom/Element;Lorg/apache/log4j/Category;Z)V >"	"bb44"	[java_type_ref("<Primordial,Ljava/lang/Exception>")]
"< Application, Lorg/apache/log4j/net/SocketNode, class$(Ljava/lang/String;)Ljava/lang/Class; >"	"bb3"	[java_type_ref("<Primordial,Ljava/lang/ClassNotFoundException>")]
"< Application, Lorg/apache/log4j/xml/DOMConfigurator, doConfigure(Ljava/io/InputStream;Lorg/apache/log4j/Hierarchy;)V >"	"bb52"	[java_type_ref("<Primordial,Ljava/lang/Exception>")]
"< Application, Lweblech/spider/SpiderConfig, <init>(Ljava/util/Properties;)V >"	"bb128"	[java_type_ref("<Primordial,Ljava/lang/NumberFormatException>")]
"< Application, Lweblech/spider/SpiderConfig, <init>(Ljava/util/Properties;)V >"	"bb146"	[java_type_ref("<Primordial,Ljava/lang/NumberFormatException>")]
"< Application, Lorg/apache/log4j/spi/LoggingEvent, readPriority(Ljava/io/ObjectInputStream;)V >"	"bb22"	[java_type_ref("<Primordial,Ljava/lang/Exception>")]
"< Application, Lorg/apache/log4j/AsyncAppender, removeAppender(Lorg/apache/log4j/Appender;)V >"	"bb7"	[java_type_ref("<Primordial,Ljava/lang/Throwable>")]
"< Application, Lorg/apache/log4j/nt/NTEventLogAppender, activateOptions()V >"	"bb8"	[java_type_ref("<Primordial,Ljava/lang/Exception>")]
"< Application, Lorg/apache/log4j/helpers/OptionConverter, toPriority(Ljava/lang/String;Lorg/apache/log4j/Priority;)Lorg/apache/log4j/Priority; >"	"bb72"	[java_type_ref("<Primordial,Ljava/lang/IllegalAccessException>")]
"< Application, Lweblech/spider/Spider, run()V >"	"bb98"	[java_type_ref("<Primordial,Ljava/lang/Throwable>")]
"< Application, Lorg/apache/log4j/nt/NTEventLogAppender, <init>(Ljava/lang/String;Ljava/lang/String;Lorg/apache/log4j/Layout;)V >"	"bb16"	[java_type_ref("<Primordial,Ljava/lang/Exception>")]
"< Application, Lweblech/spider/URLGetter, getURL(Lweblech/spider/URLToDownload;)Lweblech/spider/URLObject; >"	"bb124"	[java_type_ref("<Primordial,Ljava/io/FileNotFoundException>")]
"< Application, Lorg/apache/log4j/net/SimpleSocketServer, main([Ljava/lang/String;)V >"	"bb34"	[java_type_ref("<Primordial,Ljava/lang/Exception>")]
"< Application, Lweblech/ui/TextSpider, main([Ljava/lang/String;)V >"	"bb66"	[java_type_ref("<Primordial,Ljava/io/IOException>")]
"< Application, Lorg/apache/log4j/net/SocketAppender, cleanUp()V >"	"bb6"	[java_type_ref("<Primordial,Ljava/io/IOException>")]
"< Application, Lorg/apache/log4j/xml/DOMConfigurator, class$(Ljava/lang/String;)Ljava/lang/Class; >"	"bb3"	[java_type_ref("<Primordial,Ljava/lang/ClassNotFoundException>")]
"< Application, Lorg/apache/log4j/helpers/OptionConverter, class$(Ljava/lang/String;)Ljava/lang/Class; >"	"bb3"	[java_type_ref("<Primordial,Ljava/lang/ClassNotFoundException>")]
"< Application, Lorg/apache/log4j/xml/DOMConfigurator, doConfigure(Ljava/io/InputStream;Lorg/apache/log4j/Hierarchy;)V >"	"bb19"	[java_type_ref("<Primordial,Ljavax/xml/parsers/FactoryConfigurationError>")]
"< Application, Lorg/apache/log4j/AsyncAppender, close()V >"	"bb9"	[java_type_ref("<Primordial,Ljava/lang/Throwable>")]
"< Application, Lorg/apache/log4j/xml/DOMConfigurator, doConfigure(Ljava/lang/String;Lorg/apache/log4j/Hierarchy;)V >"	"bb6"	[java_type_ref("<Primordial,Ljava/io/IOException>")]
"< Application, Lorg/apache/log4j/Dispatcher, run()V >"	"bb39"	[java_type_ref("<Primordial,Ljava/lang/Throwable>")]
"< Application, Lweblech/spider/SpiderConfig, <init>(Ljava/util/Properties;)V >"	"bb140"	[java_type_ref("<Primordial,Ljava/lang/NumberFormatException>")]
"< Application, Lorg/apache/log4j/xml/DOMConfigurator, doConfigure(Ljava/lang/String;Lorg/apache/log4j/Hierarchy;)V >"	"bb15"	[java_type_ref("<Primordial,Ljava/lang/Throwable>")]
"< Application, Lweblech/spider/URLObject, writeToFile(Ljava/lang/String;)V >"	"bb19"	[java_type_ref("<Primordial,Ljava/io/IOException>")]
"< Application, Lorg/apache/log4j/Dispatcher, run()V >"	"bb14"	[java_type_ref("<Primordial,Ljava/lang/InterruptedException>")]
"< Application, Lorg/apache/log4j/net/SMTPAppender, class$(Ljava/lang/String;)Ljava/lang/Class; >"	"bb3"	[java_type_ref("<Primordial,Ljava/lang/ClassNotFoundException>")]
"< Application, Lweblech/spider/Spider, readCheckpoint()V >"	"bb17"	[java_type_ref("<Primordial,Ljava/lang/Exception>")]
"< Application, Lorg/apache/log4j/net/SimpleSocketServer, class$(Ljava/lang/String;)Ljava/lang/Class; >"	"bb3"	[java_type_ref("<Primordial,Ljava/lang/ClassNotFoundException>")]
"< Application, Lorg/apache/log4j/net/JMSSink, class$(Ljava/lang/String;)Ljava/lang/Class; >"	"bb3"	[java_type_ref("<Primordial,Ljava/lang/ClassNotFoundException>")]
"< Application, Lorg/apache/log4j/helpers/OptionConverter, selectAndConfigure(Ljava/net/URL;Lorg/apache/log4j/Hierarchy;)V >"	"bb31"	[java_type_ref("<Primordial,Ljava/lang/NoClassDefFoundError>")]
"< Application, Lorg/apache/log4j/xml/DOMConfigurator, doConfigure(Ljava/lang/String;Lorg/apache/log4j/Hierarchy;)V >"	"bb32"	[java_type_ref("<Primordial,Ljava/io/IOException>")]
"< Application, Lorg/apache/log4j/PropertyConfigurator, configureRootCategory(Ljava/util/Properties;Lorg/apache/log4j/Hierarchy;)V >"	"bb10"	[java_type_ref("<Primordial,Ljava/lang/Throwable>")]
"< Application, Lweblech/spider/Spider, filterURLs(Ljava/util/List;)Ljava/util/List; >"	"bb25"	[java_type_ref("<Primordial,Ljava/lang/Throwable>")]
"< Application, Lweblech/spider/HTMLParser, logMailURL(Ljava/lang/String;)V >"	"bb13"	[java_type_ref("<Primordial,Ljava/io/IOException>")]
"< Application, Lorg/apache/log4j/helpers/Loader, getResource(Ljava/lang/String;Ljava/lang/Class;)Ljava/net/URL; >"	"bb16"	[java_type_ref("<Primordial,Ljava/lang/Throwable>")]
"< Application, Lorg/apache/log4j/RollingFileAppender, rollOver()V >"	"bb93"	[java_type_ref("<Primordial,Ljava/io/IOException>")]
"< Application, Lweblech/spider/URLGetter, getURL(Lweblech/spider/URLToDownload;)Lweblech/spider/URLObject; >"	"bb13"	[java_type_ref("<Primordial,Ljava/lang/InterruptedException>")]
"< Application, Lorg/apache/log4j/NDC, lazyRemove()V >"	"bb20"	[java_type_ref("<Primordial,Ljava/lang/Throwable>")]
"< Application, Lorg/apache/log4j/helpers/SyslogWriter, <init>(Ljava/lang/String;)V >"	"bb6"	[java_type_ref("<Primordial,Ljava/net/UnknownHostException>")]
"< Application, Lorg/apache/log4j/net/SocketAppender$Connector, run()V >"	"bb30"	[java_type_ref("<Primordial,Ljava/lang/Throwable>")]
"< Application, Lorg/apache/log4j/AsyncAppender, addAppender(Lorg/apache/log4j/Appender;)V >"	"bb7"	[java_type_ref("<Primordial,Ljava/lang/Throwable>")]
"< Application, Lorg/apache/log4j/net/SocketNode, <init>(Ljava/net/Socket;Lorg/apache/log4j/Hierarchy;)V >"	"bb9"	[java_type_ref("<Primordial,Ljava/lang/Exception>")]
"< Application, Lorg/apache/log4j/net/JMSSink, lookup(Ljavax/naming/Context;Ljava/lang/String;)Ljava/lang/Object; >"	"bb3"	[java_type_ref("<Primordial,Ljavax/naming/NameNotFoundException>")]
"< Application, Lorg/apache/log4j/Category, class$(Ljava/lang/String;)Ljava/lang/Class; >"	"bb3"	[java_type_ref("<Primordial,Ljava/lang/ClassNotFoundException>")]
"< Application, Lorg/apache/log4j/spi/LocationInfo, <clinit>()V >"	"bb8"	[java_type_ref("<Primordial,Ljava/lang/Throwable>")]
"< Application, Lorg/apache/log4j/net/SocketServer, class$(Ljava/lang/String;)Ljava/lang/Class; >"	"bb3"	[java_type_ref("<Primordial,Ljava/lang/ClassNotFoundException>")]
"< Application, Lorg/apache/log4j/xml/DOMConfigurator, parseLayout(Lorg/w3c/dom/Element;)Lorg/apache/log4j/Layout; >"	"bb30"	[java_type_ref("<Primordial,Ljava/lang/Exception>")]
"< Application, Lweblech/spider/Spider, run()V >"	"bb51"	[java_type_ref("<Primordial,Ljava/lang/Throwable>")]
"< Application, Lorg/apache/log4j/xml/DOMConfigurator, doConfigure(Ljava/net/URL;Lorg/apache/log4j/Hierarchy;)V >"	"bb4"	[java_type_ref("<Primordial,Ljava/io/IOException>")]
"< Application, Lorg/apache/log4j/net/SocketNode, run()V >"	"bb15"	[java_type_ref("<Primordial,Ljava/io/EOFException>")]
"< Application, Lorg/apache/log4j/RollingFileAppenderBeanInfo, <init>()V >"	"bb40"	[java_type_ref("<Primordial,Ljava/lang/NoSuchMethodException>")]
"< Application, Lorg/apache/log4j/net/SocketAppender$Connector, run()V >"	"bb32"	[java_type_ref("<Primordial,Ljava/lang/InterruptedException>")]
"< Application, Lorg/apache/log4j/AsyncAppender, removeAllAppenders()V >"	"bb7"	[java_type_ref("<Primordial,Ljava/lang/Throwable>")]
"< Application, Lorg/apache/log4j/config/PropertyGetter, getProperties(Lorg/apache/log4j/config/PropertyGetter$PropertyCallback;Ljava/lang/String;)V >"	"bb20"	[java_type_ref("<Primordial,Ljava/lang/Exception>")]
"< Application, Lorg/apache/log4j/net/SocketNode, run()V >"	"bb23"	[java_type_ref("<Primordial,Ljava/lang/Exception>")]
"< Application, Lweblech/spider/URLObject, <init>(Ljava/net/URL;Lweblech/spider/SpiderConfig;)V >"	"bb34"	[java_type_ref("<Primordial,Ljava/io/IOException>")]
"< Application, Lorg/apache/log4j/net/SocketServer, init(Ljava/lang/String;Ljava/lang/String;Ljava/lang/String;)V >"	"bb3"	[java_type_ref("<Primordial,Ljava/lang/NumberFormatException>")]
"< Application, Lorg/apache/log4j/Hierarchy, resetConfiguration()V >"	"bb20"	[java_type_ref("<Primordial,Ljava/lang/Throwable>")]
"< Application, Lorg/apache/log4j/AsyncAppender, removeAppender(Ljava/lang/String;)V >"	"bb7"	[java_type_ref("<Primordial,Ljava/lang/Throwable>")]
"< Application, Lorg/apache/log4j/config/PropertySetter, setProperty(Ljava/lang/String;Ljava/lang/String;)V >"	"bb21"	[java_type_ref("<Application,Lorg/apache/log4j/config/PropertySetterException>")]
"< Application, Lorg/apache/log4j/helpers/CountingQuietWriter, write(Ljava/lang/String;)V >"	"bb7"	[java_type_ref("<Primordial,Ljava/io/IOException>")]
"< Application, Lweblech/ui/TextSpider, main([Ljava/lang/String;)V >"	"bb36"	[java_type_ref("<Primordial,Ljava/io/IOException>")]
"< Application, Lweblech/spider/Spider, checkpointIfNeeded()V >"	"bb22"	[java_type_ref("<Primordial,Ljava/lang/Throwable>")]
"< Application, Lorg/apache/log4j/config/PropertySetter, setProperty(Ljava/beans/PropertyDescriptor;Ljava/lang/String;Ljava/lang/String;)V >"	"bb15"	[java_type_ref("<Primordial,Ljava/lang/Throwable>")]
"< Application, Lorg/apache/log4j/PropertyConfigurator, doConfigure(Ljava/lang/String;Lorg/apache/log4j/Hierarchy;)V >"	"bb8"	[java_type_ref("<Primordial,Ljava/io/IOException>")]
"< Application, Lorg/apache/log4j/config/PropertySetter, introspect()V >"	"bb7"	[java_type_ref("<Primordial,Ljava/beans/IntrospectionException>")]
"< Application, Lorg/apache/log4j/Dispatcher, run()V >"	"bb26"	[java_type_ref("<Primordial,Ljava/lang/Throwable>")]
"< Application, Lorg/apache/log4j/config/PropertySetter, setProperty(Ljava/beans/PropertyDescriptor;Ljava/lang/String;Ljava/lang/String;)V >"	"bb51"	[java_type_ref("<Primordial,Ljava/lang/Exception>")]
"< Application, Lorg/apache/log4j/varia/Roller, class$(Ljava/lang/String;)Ljava/lang/Class; >"	"bb3"	[java_type_ref("<Primordial,Ljava/lang/ClassNotFoundException>")]
"< Application, Lorg/apache/log4j/spi/LocationInfo, <init>(Ljava/lang/Throwable;Ljava/lang/String;)V >"	"bb11"	[java_type_ref("<Primordial,Ljava/lang/Throwable>")]
"< Application, Lorg/apache/log4j/Hierarchy, shutdown()V >"	"bb22"	[java_type_ref("<Primordial,Ljava/lang/Throwable>")]
"< Application, Lorg/apache/log4j/net/SocketNode, run()V >"	"bb19"	[java_type_ref("<Primordial,Ljava/lang/Exception>")]
"< Application, Lorg/apache/log4j/AsyncAppender, append(Lorg/apache/log4j/spi/LoggingEvent;)V >"	"bb31"	[java_type_ref("<Primordial,Ljava/lang/Throwable>")]
"< Application, Lorg/apache/log4j/helpers/PatternParser, finalizeConverter(C)V >"	"bb37"	[java_type_ref("<Primordial,Ljava/lang/IllegalArgumentException>")]
"< Application, Lorg/apache/log4j/xml/DOMConfigurator, parseAppender(Lorg/w3c/dom/Element;)Lorg/apache/log4j/Appender; >"	"bb80"	[java_type_ref("<Primordial,Ljava/lang/Exception>")]
"< Application, Lorg/apache/log4j/helpers/OptionConverter, getSystemProperty(Ljava/lang/String;Ljava/lang/String;)Ljava/lang/String; >"	"bb3"	[java_type_ref("<Primordial,Ljava/lang/Throwable>")]
"< Application, Lorg/apache/log4j/varia/HUP, run()V >"	"bb21"	[java_type_ref("<Primordial,Ljava/lang/Exception>")]
"< Application, Lorg/apache/log4j/net/SimpleSocketServer, init(Ljava/lang/String;Ljava/lang/String;)V >"	"bb3"	[java_type_ref("<Primordial,Ljava/lang/NumberFormatException>")]
"< Application, Lorg/apache/log4j/varia/HUPNode, <init>(Ljava/net/Socket;Lorg/apache/log4j/varia/ExternallyRolledFileAppender;)V >"	"bb13"	[java_type_ref("<Primordial,Ljava/lang/Exception>")]
"< Application, Lorg/apache/log4j/PropertyConfigurator, parseCatsAndRenderers(Ljava/util/Properties;Lorg/apache/log4j/Hierarchy;)V >"	"bb17"	[java_type_ref("<Primordial,Ljava/lang/Throwable>")]
"< Application, Lweblech/spider/Spider, run()V >"	"bb27"	[java_type_ref("<Primordial,Ljava/lang/InterruptedException>")]
"< Application, Lorg/apache/log4j/net/SocketNode, run()V >"	"bb17"	[java_type_ref("<Primordial,Ljava/net/SocketException>")]
"< Application, Lorg/apache/log4j/varia/Roller, init(Ljava/lang/String;Ljava/lang/String;)V >"	"bb3"	[java_type_ref("<Primordial,Ljava/lang/NumberFormatException>")]
"< Application, Lorg/apache/log4j/net/SocketAppender, append(Lorg/apache/log4j/spi/LoggingEvent;)V >"	"bb32"	[java_type_ref("<Primordial,Ljava/io/IOException>")]
