"< Application, Lorg/apache/log4j/Priority, <clinit>()V >"
"< Application, Lorg/apache/log4j/net/SocketNode, <clinit>()V >"
"< Application, Lorg/apache/log4j/spi/LoggingEvent, <clinit>()V >"
"< Application, Lorg/apache/log4j/NDC, <clinit>()V >"
"< Application, Lorg/apache/log4j/helpers/OptionConverter, <clinit>()V >"
"< Application, Lorg/apache/log4j/helpers/Loader, <clinit>()V >"
"< Application, Lweblech/util/Logger, <clinit>()V >"
"< Application, Lorg/apache/log4j/config/PropertyGetter, <clinit>()V >"
"< Application, Lorg/apache/log4j/net/SimpleSocketServer, <clinit>()V >"
"< Application, Lorg/apache/log4j/or/RendererMap, <clinit>()V >"
"< Application, Lorg/apache/log4j/HTMLLayout, <clinit>()V >"
"< Application, Lorg/apache/log4j/helpers/NullEnumeration, <clinit>()V >"
"< Application, Lorg/apache/log4j/net/SocketServer, <clinit>()V >"
"< Application, Lweblech/spider/DumbAuthenticator, <clinit>()V >"
"< Application, Lweblech/ui/TextSpider, <clinit>()V >"
"< Application, Lorg/apache/log4j/xml/DOMConfigurator, <clinit>()V >"
"< Application, Lweblech/spider/HTMLParser, <clinit>()V >"
"< Application, Lorg/apache/log4j/helpers/LogLog, <clinit>()V >"
"< Application, Lorg/apache/log4j/varia/Roller, <clinit>()V >"
"< Application, Lweblech/spider/URLGetter, <clinit>()V >"
"< Application, Lorg/apache/log4j/spi/ThrowableInformation, <clinit>()V >"
"< Application, Lorg/apache/log4j/spi/LocationInfo, <clinit>()V >"
"< Application, Lorg/apache/log4j/BasicConfigurator, <clinit>()V >"
"< Application, Lorg/apache/log4j/Layout, <clinit>()V >"
"< Application, Lweblech/util/Log4j, <clinit>()V >"
"< Application, Lorg/apache/log4j/nt/NTEventLogAppender, <clinit>()V >"
"< Application, Lorg/apache/log4j/Category, <clinit>()V >"
"< Application, Lweblech/spider/URLObject, <clinit>()V >"
"< Application, Lorg/apache/log4j/helpers/PatternConverter, <clinit>()V >"
