"< Application, Lorg/apache/log4j/ConsoleAppender, activateOptions()V >"	"bb0"
"< Application, Lweblech/spider/SpiderConfig, matchURL(Ljava/net/URL;Ljava/util/List;)Z >"	"bb0"
"< Application, Lorg/apache/log4j/net/JMSAppender, getOptionStrings()[Ljava/lang/String; >"	"bb0"
"< Application, Lorg/apache/log4j/spi/LoggingEvent, readPriority(Ljava/io/ObjectInputStream;)V >"	"bb0"
"< Application, Lorg/apache/log4j/helpers/PatternParser$BasicPatternConverter, convert(Lorg/apache/log4j/spi/LoggingEvent;)Ljava/lang/String; >"	"bb0"
"< Application, Lorg/apache/log4j/NDC, cloneStack()Ljava/util/Stack; >"	"bb0"
"< Application, Lorg/apache/log4j/helpers/Loader, <clinit>()V >"	"bb0"
"< Application, Lorg/apache/log4j/NDC, inherit(Ljava/util/Stack;)V >"	"bb0"
"< Application, Lorg/apache/log4j/xml/XMLLayout, activateOptions()V >"	"bb0"
"< Application, Lweblech/spider/HTMLParser, parseLinksInDocument(Ljava/net/URL;Ljava/lang/String;)Ljava/util/List; >"	"bb0"
"< Application, Lorg/apache/log4j/helpers/OnlyOnceErrorHandler, error(Ljava/lang/String;)V >"	"bb0"
"< Application, Lorg/apache/log4j/DailyRollingFileAppender, computeCheckPeriod()I >"	"bb0"
"< Application, Lorg/apache/log4j/DailyRollingFileAppender, rollOver()V >"	"bb0"
"< Application, Lorg/apache/log4j/helpers/SyslogWriter, write(Ljava/lang/String;)V >"	"bb0"
"< Application, Lorg/apache/log4j/RollingFileAppender, setMaxFileSize(Ljava/lang/String;)V >"	"bb0"
"< Application, Lorg/apache/log4j/xml/DOMConfigurator, subst(Ljava/lang/String;)Ljava/lang/String; >"	"bb0"
"< Application, Lweblech/spider/DownloadQueue, queueURLs(Ljava/util/Collection;)V >"	"bb0"
"< Application, Lorg/apache/log4j/PropertyWatchdog, <init>(Ljava/lang/String;)V >"	"bb0"
"< Application, Lorg/apache/log4j/xml/DOMConfigurator, parseChildrenOfCategoryElement(Lorg/w3c/dom/Element;Lorg/apache/log4j/Category;Z)V >"	"bb0"
"< Application, Lorg/apache/log4j/DailyRollingFileAppender, printPeriodicity(I)V >"	"bb0"
"< Application, Lorg/apache/log4j/TTCCLayout, getOptionStrings()[Ljava/lang/String; >"	"bb0"
"< Application, Lorg/apache/log4j/helpers/FormattingInfo, dump()V >"	"bb0"
"< Application, Lweblech/spider/SpiderConfig, getBasicAuthUser()Ljava/lang/String; >"	"bb0"
"< Application, Lorg/apache/log4j/varia/PriorityRangeFilter, decide(Lorg/apache/log4j/spi/LoggingEvent;)I >"	"bb0"
"< Application, Lweblech/spider/Spider, start()V >"	"bb0"
"< Application, Lorg/apache/log4j/varia/Roller, <clinit>()V >"	"bb0"
"< Application, Lorg/apache/log4j/or/RendererMap, put(Ljava/lang/Class;Lorg/apache/log4j/or/ObjectRenderer;)V >"	"bb0"
"< Application, Lorg/apache/log4j/AppenderSkeleton, addFilter(Lorg/apache/log4j/spi/Filter;)V >"	"bb0"
"< Application, Lweblech/spider/SpiderConfig, refreshHTMLs()Z >"	"bb0"
"< Application, Lorg/apache/log4j/net/SocketNode, <init>(Ljava/net/Socket;Lorg/apache/log4j/Hierarchy;)V >"	"bb0"
"< Application, Lorg/apache/log4j/net/JMSSink, class$(Ljava/lang/String;)Ljava/lang/Class; >"	"bb0"
"< Application, Lorg/apache/log4j/RollingFileAppender, setMaxFileSize(J)V >"	"bb0"
"< Application, Lorg/apache/log4j/or/RendererMap, clear()V >"	"bb0"
"< Application, Lorg/apache/log4j/TTCCLayout, getCategoryPrefixing()Z >"	"bb0"
"< Application, Lorg/apache/log4j/helpers/PatternParser$LocationPatternConverter, <init>(Lorg/apache/log4j/helpers/PatternParser;Lorg/apache/log4j/helpers/FormattingInfo;I)V >"	"bb0"
"< Application, Lorg/apache/log4j/Hierarchy, disable(Lorg/apache/log4j/Priority;)V >"	"bb0"
"< Application, Lweblech/spider/SpiderConfig, getURLMatch()Ljava/lang/String; >"	"bb0"
"< Application, Lorg/apache/log4j/spi/RootCategory, getChainedPriority()Lorg/apache/log4j/Priority; >"	"bb0"
"< Application, Lorg/apache/log4j/helpers/PatternParser$LiteralPatternConverter, format(Ljava/lang/StringBuffer;Lorg/apache/log4j/spi/LoggingEvent;)V >"	"bb0"
"< Application, Lorg/apache/log4j/net/SMTPAppender, getAddress(Ljava/lang/String;)Ljavax/mail/internet/InternetAddress; >"	"bb0"
"< Application, Lorg/apache/log4j/or/RendererMap, getDefaultRenderer()Lorg/apache/log4j/or/ObjectRenderer; >"	"bb0"
"< Application, Lorg/apache/log4j/TTCCLayout, format(Lorg/apache/log4j/spi/LoggingEvent;)Ljava/lang/String; >"	"bb0"
"< Application, Lorg/apache/log4j/NDC, peek()Ljava/lang/String; >"	"bb0"
"< Application, Lweblech/ui/TextSpider, <init>()V >"	"bb0"
"< Application, Lorg/apache/log4j/AsyncAppender, removeAllAppenders()V >"	"bb0"
"< Application, Lorg/apache/log4j/Category, fatal(Ljava/lang/Object;)V >"	"bb0"
"< Application, Lweblech/spider/SpiderConfig, getStartLocation()Ljava/net/URL; >"	"bb0"
"< Application, Lorg/apache/log4j/net/SMTPAppender, getSubject()Ljava/lang/String; >"	"bb0"
"< Application, Lorg/apache/log4j/Category, getInstance(Ljava/lang/String;)Lorg/apache/log4j/Category; >"	"bb0"
"< Application, Lorg/apache/log4j/nt/NTEventLogAppender, getSource()Ljava/lang/String; >"	"bb0"
"< Application, Lorg/apache/log4j/nt/NTEventLogAppender, getOptionStrings()[Ljava/lang/String; >"	"bb0"
"< Application, Lorg/apache/log4j/helpers/BoundedFIFO, put(Lorg/apache/log4j/spi/LoggingEvent;)V >"	"bb0"
"< Application, Lorg/apache/log4j/Priority, <clinit>()V >"	"bb0"
"< Application, Lorg/apache/log4j/WriterAppender, setErrorHandler(Lorg/apache/log4j/spi/ErrorHandler;)V >"	"bb0"
"< Application, Lorg/apache/log4j/helpers/LogLog, setQuietMode(Z)V >"	"bb0"
"< Application, Lorg/apache/log4j/helpers/OptionConverter, substVars(Ljava/lang/String;Ljava/util/Properties;)Ljava/lang/String; >"	"bb0"
"< Application, Lorg/apache/log4j/net/SMTPAppender, getTo()Ljava/lang/String; >"	"bb0"
"< Application, Lorg/apache/log4j/varia/Roller, init(Ljava/lang/String;Ljava/lang/String;)V >"	"bb0"
"< Application, Lorg/apache/log4j/Category, getRoot()Lorg/apache/log4j/Category; >"	"bb0"
"< Application, Lorg/apache/log4j/net/SocketNode, run()V >"	"bb0"
"< Application, Lweblech/spider/HTMLParser, parseAsHTML(Ljava/net/URL;Ljava/lang/String;)Ljava/util/List; >"	"bb0"
"< Application, Lorg/apache/log4j/Priority, <init>(ILjava/lang/String;I)V >"	"bb0"
"< Application, Lweblech/spider/URLObject, convertToFileName()Ljava/lang/String; >"	"bb0"
"< Application, Lweblech/spider/SpiderConfig, parsePropCommaSeparated(Ljava/lang/String;)Ljava/util/List; >"	"bb0"
"< Application, Lorg/apache/log4j/CategoryKey, hashCode()I >"	"bb0"
"< Application, Lorg/apache/log4j/helpers/CyclicBuffer, add(Lorg/apache/log4j/spi/LoggingEvent;)V >"	"bb0"
"< Application, Lorg/apache/log4j/net/SocketNode, class$(Ljava/lang/String;)Ljava/lang/Class; >"	"bb0"
"< Application, Lorg/apache/log4j/RollingCalendar, getNextCheckMillis(Ljava/util/Date;)J >"	"bb0"
"< Application, Lweblech/spider/URLObject, <init>(Ljava/net/URL;Lweblech/spider/SpiderConfig;)V >"	"bb0"
"< Application, Lorg/apache/log4j/xml/DOMConfigurator, parseLayout(Lorg/w3c/dom/Element;)Lorg/apache/log4j/Layout; >"	"bb0"
"< Application, Lorg/apache/log4j/Category, info(Ljava/lang/Object;Ljava/lang/Throwable;)V >"	"bb0"
"< Application, Lorg/apache/log4j/helpers/FormattingInfo, reset()V >"	"bb0"
"< Application, Lorg/apache/log4j/AsyncAppender, addAppender(Lorg/apache/log4j/Appender;)V >"	"bb0"
"< Application, Lweblech/spider/SpiderConfig, refreshOthers()Z >"	"bb0"
"< Application, Lorg/apache/log4j/TTCCLayout, setContextPrinting(Z)V >"	"bb0"
"< Application, Lorg/apache/log4j/net/SocketAppender, getLocationInfo()Z >"	"bb0"
"< Application, Lorg/apache/log4j/Hierarchy, shutdown()V >"	"bb0"
"< Application, Lorg/apache/log4j/varia/DenyAllFilter, <init>()V >"	"bb0"
"< Application, Lorg/apache/log4j/FileAppender, <init>(Lorg/apache/log4j/Layout;Ljava/io/Writer;)V >"	"bb0"
"< Application, Lorg/apache/log4j/varia/PriorityMatchFilter, getPriorityToMatch()Ljava/lang/String; >"	"bb0"
"< Application, Lorg/apache/log4j/net/SMTPAppender, sendBuffer()V >"	"bb0"
"< Application, Lorg/apache/log4j/Hierarchy, disableDebug()V >"	"bb0"
"< Application, Lorg/apache/log4j/xml/DOMConfigurator, parseErrorHandler(Lorg/w3c/dom/Element;Lorg/apache/log4j/Appender;)V >"	"bb0"
"< Application, Lorg/apache/log4j/varia/ExternallyRolledFileAppender, activateOptions()V >"	"bb0"
"< Application, Lorg/apache/log4j/Hierarchy, getInstance(Ljava/lang/String;)Lorg/apache/log4j/Category; >"	"bb0"
"< Application, Lweblech/spider/URLToDownload, getReferer()Ljava/net/URL; >"	"bb0"
"< Application, Lorg/apache/log4j/spi/LoggingEvent, <init>(Ljava/lang/String;Lorg/apache/log4j/Category;Lorg/apache/log4j/Priority;Ljava/lang/Object;Ljava/lang/Throwable;)V >"	"bb0"
"< Application, Lorg/apache/log4j/Category, getHierarchy()Lorg/apache/log4j/Hierarchy; >"	"bb0"
"< Application, Lorg/apache/log4j/PatternLayout, format(Lorg/apache/log4j/spi/LoggingEvent;)Ljava/lang/String; >"	"bb0"
"< Application, Lorg/apache/log4j/helpers/LogLog, setInternalDebugging(Z)V >"	"bb0"
"< Application, Lorg/apache/log4j/AsyncAppender, append(Lorg/apache/log4j/spi/LoggingEvent;)V >"	"bb0"
"< Application, Lweblech/spider/URLToDownload, <init>(Ljava/net/URL;I)V >"	"bb0"
"< Application, Lorg/apache/log4j/FileAppender, reset()V >"	"bb0"
"< Application, Lorg/apache/log4j/RollingCalendar, setType(I)V >"	"bb0"
"< Application, Lorg/apache/log4j/helpers/LogLog, error(Ljava/lang/String;)V >"	"bb0"
"< Application, Lorg/apache/log4j/PropertyConfigurator, registryPut(Lorg/apache/log4j/Appender;)V >"	"bb0"
"< Application, Lorg/apache/log4j/TTCCLayout, getContextPrinting()Z >"	"bb0"
"< Application, Lorg/apache/log4j/helpers/OptionConverter, convertSpecialChars(Ljava/lang/String;)Ljava/lang/String; >"	"bb0"
"< Application, Lorg/apache/log4j/PatternLayout, createPatternParser(Ljava/lang/String;)Lorg/apache/log4j/helpers/PatternParser; >"	"bb0"
"< Application, Lorg/apache/log4j/nt/NTEventLogAppender, finalize()V >"	"bb0"
"< Application, Lweblech/spider/SpiderConfig, setMailtoLogFile(Ljava/io/File;)V >"	"bb0"
"< Application, Lorg/apache/log4j/config/PropertyPrinter, isGenAppName(Ljava/lang/String;)Z >"	"bb0"
"< Application, Lorg/apache/log4j/xml/XMLLayout, getOptionStrings()[Ljava/lang/String; >"	"bb0"
"< Application, Lorg/apache/log4j/BasicConfigurator, disable(Lorg/apache/log4j/Priority;)V >"	"bb0"
"< Application, Lorg/apache/log4j/net/SyslogAppender, getFacility()Ljava/lang/String; >"	"bb0"
"< Application, Lorg/apache/log4j/Dispatcher, <init>(Lorg/apache/log4j/helpers/BoundedFIFO;Lorg/apache/log4j/AsyncAppender;)V >"	"bb0"
"< Application, Lweblech/spider/SpiderConfig, getMaxDepth()I >"	"bb0"
"< Application, Lorg/apache/log4j/or/DefaultRenderer, <init>()V >"	"bb0"
"< Application, Lorg/apache/log4j/ConsoleAppender, <init>()V >"	"bb0"
"< Application, Lweblech/util/Log4j, <init>()V >"	"bb0"
"< Application, Lorg/apache/log4j/HTMLLayout, activateOptions()V >"	"bb0"
"< Application, Lorg/apache/log4j/TTCCLayout, setCategoryPrefixing(Z)V >"	"bb0"
"< Application, Lorg/apache/log4j/spi/NullWriter, close()V >"	"bb0"
"< Application, Lorg/apache/log4j/Category, warn(Ljava/lang/Object;)V >"	"bb0"
"< Application, Lorg/apache/log4j/or/MessageRenderer, doRender(Ljava/lang/Object;)Ljava/lang/String; >"	"bb0"
"< Application, Lorg/apache/log4j/PropertyWatchdog, doOnChange()V >"	"bb0"
"< Application, Lorg/apache/log4j/helpers/DateTimeDateFormat, <init>(Ljava/util/TimeZone;)V >"	"bb0"
"< Application, Lorg/apache/log4j/net/SMTPAppender, getFrom()Ljava/lang/String; >"	"bb0"
"< Application, Lorg/apache/log4j/helpers/AppenderAttachableImpl, removeAllAppenders()V >"	"bb0"
"< Application, Lorg/apache/log4j/RollingFileAppender, setQWForFiles(Ljava/io/Writer;)V >"	"bb0"
"< Application, Lorg/apache/log4j/WriterAppender, setImmediateFlush(Z)V >"	"bb0"
"< Application, Lorg/apache/log4j/helpers/DateTimeDateFormat, format(Ljava/util/Date;Ljava/lang/StringBuffer;Ljava/text/FieldPosition;)Ljava/lang/StringBuffer; >"	"bb0"
"< Application, Lorg/apache/log4j/Layout, <clinit>()V >"	"bb0"
"< Application, Lorg/apache/log4j/net/SyslogAppender, setFacility(Ljava/lang/String;)V >"	"bb0"
"< Application, Lorg/apache/log4j/varia/PriorityMatchFilter, getAcceptOnMatch()Z >"	"bb0"
"< Application, Lorg/apache/log4j/net/SocketAppender, access$002(Lorg/apache/log4j/net/SocketAppender;Lorg/apache/log4j/net/SocketAppender$Connector;)Lorg/apache/log4j/net/SocketAppender$Connector; >"	"bb0"
"< Application, Lorg/apache/log4j/varia/Roller, <init>()V >"	"bb0"
"< Application, Lorg/apache/log4j/net/SocketAppender, setPort(I)V >"	"bb0"
"< Application, Lorg/apache/log4j/varia/StringMatchFilter, setStringToMatch(Ljava/lang/String;)V >"	"bb0"
"< Application, Lorg/apache/log4j/net/SyslogAppender, <init>(Lorg/apache/log4j/Layout;I)V >"	"bb0"
"< Application, Lweblech/spider/HTMLParser, extractAttributesFromTags(Ljava/lang/String;Ljava/lang/String;Ljava/net/URL;Ljava/util/List;Ljava/util/Set;Ljava/lang/String;)V >"	"bb0"
"< Application, Lorg/apache/log4j/config/PropertyPrinter, foundProperty(Ljava/lang/Object;Ljava/lang/String;Ljava/lang/String;Ljava/lang/Object;)V >"	"bb0"
"< Application, Lorg/apache/log4j/AppenderSkeleton, getFilter()Lorg/apache/log4j/spi/Filter; >"	"bb0"
"< Application, Lorg/apache/log4j/config/PropertySetter, setProperty(Ljava/lang/String;Ljava/lang/String;)V >"	"bb0"
"< Application, Lweblech/spider/SpiderConfig, getBoringURLSubstrings()Ljava/util/List; >"	"bb0"
"< Application, Lorg/apache/log4j/helpers/AppenderAttachableImpl, appendLoopOnAppenders(Lorg/apache/log4j/spi/LoggingEvent;)I >"	"bb0"
"< Application, Lorg/apache/log4j/helpers/CyclicBuffer, resize(I)V >"	"bb0"
"< Application, Lorg/apache/log4j/AsyncAppender, setBufferSize(I)V >"	"bb0"
"< Application, Lorg/apache/log4j/xml/DOMConfigurator, configure(Ljava/net/URL;)V >"	"bb0"
"< Application, Lorg/apache/log4j/Hierarchy, disableAll()V >"	"bb0"
"< Application, Lorg/apache/log4j/net/SimpleSocketServer, <init>()V >"	"bb0"
"< Application, Lorg/apache/log4j/net/DefaultEvaluator, isTriggeringEvent(Lorg/apache/log4j/spi/LoggingEvent;)Z >"	"bb0"
"< Application, Lorg/apache/log4j/Category, removeAppender(Ljava/lang/String;)V >"	"bb0"
"< Application, Lorg/apache/log4j/CategoryKey, <init>(Ljava/lang/String;)V >"	"bb0"
"< Application, Lorg/apache/log4j/spi/NullWriter, <init>()V >"	"bb0"
"< Application, Lweblech/spider/SpiderConfig, setMaxDepth(I)V >"	"bb0"
"< Application, Lorg/apache/log4j/net/SyslogAppender, getOptionStrings()[Ljava/lang/String; >"	"bb0"
"< Application, Lorg/apache/log4j/net/SyslogAppender, requiresLayout()Z >"	"bb0"
"< Application, Lweblech/spider/Spider, checkpointIfNeeded()V >"	"bb0"
"< Application, Lorg/apache/log4j/FileAppender, setQWForFiles(Ljava/io/Writer;)V >"	"bb0"
"< Application, Lweblech/spider/URLObject, toString()Ljava/lang/String; >"	"bb0"
"< Application, Lorg/apache/log4j/WriterAppender, writeFooter()V >"	"bb0"
"< Application, Lorg/apache/log4j/PatternLayout, <init>()V >"	"bb0"
"< Application, Lweblech/spider/URLGetter, <init>(Lweblech/spider/SpiderConfig;)V >"	"bb0"
"< Application, Lorg/apache/log4j/net/JMSSink, usage(Ljava/lang/String;)V >"	"bb0"
"< Application, Lorg/apache/log4j/NDC, getDepth()I >"	"bb0"
"< Application, Lweblech/spider/DownloadQueue, queueURL(Lweblech/spider/URLToDownload;)V >"	"bb0"
"< Application, Lorg/apache/log4j/or/RendererMap, <clinit>()V >"	"bb0"
"< Application, Lorg/apache/log4j/helpers/AbsoluteTimeDateFormat, parse(Ljava/lang/String;Ljava/text/ParsePosition;)Ljava/util/Date; >"	"bb0"
"< Application, Lorg/apache/log4j/helpers/PatternParser$LiteralPatternConverter, convert(Lorg/apache/log4j/spi/LoggingEvent;)Ljava/lang/String; >"	"bb0"
"< Application, Lorg/apache/log4j/Priority, toString()Ljava/lang/String; >"	"bb0"
"< Application, Lorg/apache/log4j/AppenderSkeleton, activateOptions()V >"	"bb0"
"< Application, Lorg/apache/log4j/net/JMSAppender, setTopicBindingName(Ljava/lang/String;)V >"	"bb0"
"< Application, Lorg/apache/log4j/helpers/SyslogQuietWriter, setPriority(I)V >"	"bb0"
"< Application, Lorg/apache/log4j/helpers/PatternParser$NamedPatternConverter, <init>(Lorg/apache/log4j/helpers/FormattingInfo;I)V >"	"bb0"
"< Application, Lorg/apache/log4j/helpers/BoundedFIFO, isFull()Z >"	"bb0"
"< Application, Lorg/apache/log4j/net/SocketAppender, connect(Ljava/net/InetAddress;I)V >"	"bb0"
"< Application, Lorg/apache/log4j/AppenderSkeleton, getThreshold()Lorg/apache/log4j/Priority; >"	"bb0"
"< Application, Lorg/apache/log4j/helpers/AppenderAttachableImpl, removeAppender(Ljava/lang/String;)V >"	"bb0"
"< Application, Lorg/apache/log4j/varia/Roller, main([Ljava/lang/String;)V >"	"bb0"
"< Application, Lorg/apache/log4j/net/SocketServer, <init>(Ljava/io/File;)V >"	"bb0"
"< Application, Lorg/apache/log4j/net/SocketAppender, getReconnectionDelay()I >"	"bb0"
"< Application, Lorg/apache/log4j/varia/Roller, class$(Ljava/lang/String;)Ljava/lang/Class; >"	"bb0"
"< Application, Lorg/apache/log4j/config/PropertySetter, activate()V >"	"bb0"
"< Application, Lorg/apache/log4j/net/SMTPAppender, getSMTPHost()Ljava/lang/String; >"	"bb0"
"< Application, Lorg/apache/log4j/net/SyslogAppender, activateOptions()V >"	"bb0"
"< Application, Lorg/apache/log4j/helpers/PatternParser$ClassNamePatternConverter, getFullyQualifiedName(Lorg/apache/log4j/spi/LoggingEvent;)Ljava/lang/String; >"	"bb0"
"< Application, Lorg/apache/log4j/AsyncAppender, setOption(Ljava/lang/String;Ljava/lang/String;)V >"	"bb0"
"< Application, Lorg/apache/log4j/spi/ThrowableInformation, <clinit>()V >"	"bb0"
"< Application, Lorg/apache/log4j/Hierarchy, disable(Ljava/lang/String;)V >"	"bb0"
"< Application, Lorg/apache/log4j/config/PropertyPrinter, printOptions(Ljava/io/PrintWriter;Ljava/lang/Object;Ljava/lang/String;)V >"	"bb0"
"< Application, Lorg/apache/log4j/RollingFileAppender, <init>()V >"	"bb0"
"< Application, Lweblech/ui/TextSpider, pause(J)V >"	"bb0"
"< Application, Lorg/apache/log4j/helpers/OnlyOnceErrorHandler, activateOptions()V >"	"bb0"
"< Application, Lorg/apache/log4j/xml/XMLLayout, setLocationInfo(Z)V >"	"bb0"
"< Application, Lorg/apache/log4j/config/PropertyGetter, getProperties(Ljava/lang/Object;Lorg/apache/log4j/config/PropertyGetter$PropertyCallback;Ljava/lang/String;)V >"	"bb0"
"< Application, Lorg/apache/log4j/helpers/PatternParser, class$(Ljava/lang/String;)Ljava/lang/Class; >"	"bb0"
"< Application, Lorg/apache/log4j/Dispatcher, run()V >"	"bb0"
"< Application, Lorg/apache/log4j/Category, class$(Ljava/lang/String;)Ljava/lang/Class; >"	"bb0"
"< Application, Lorg/apache/log4j/nt/NTEventLogAppender, <clinit>()V >"	"bb0"
"< Application, Lorg/apache/log4j/Priority, toPriority(Ljava/lang/String;)Lorg/apache/log4j/Priority; >"	"bb0"
"< Application, Lorg/apache/log4j/spi/LoggingEvent, getRenderedMessage()Ljava/lang/String; >"	"bb0"
"< Application, Lorg/apache/log4j/Hierarchy, setCategoryFactory(Lorg/apache/log4j/spi/CategoryFactory;)V >"	"bb0"
"< Application, Lweblech/spider/Spider, run()V >"	"bb0"
"< Application, Lorg/apache/log4j/net/SocketAppender, <init>(Ljava/net/InetAddress;I)V >"	"bb0"
"< Application, Lorg/apache/log4j/varia/Roller, roll()V >"	"bb0"
"< Application, Lorg/apache/log4j/net/SocketAppender, getOptionStrings()[Ljava/lang/String; >"	"bb0"
"< Application, Lweblech/spider/SpiderConfig, <init>(Ljava/util/Properties;)V >"	"bb0"
"< Application, Lorg/apache/log4j/spi/LocationInfo, getLineNumber()Ljava/lang/String; >"	"bb0"
"< Application, Lorg/apache/log4j/BasicConfigurator, configure()V >"	"bb0"
"< Application, Lorg/apache/log4j/varia/ExternallyRolledFileAppender, setPort(I)V >"	"bb0"
"< Application, Lorg/apache/log4j/Category, getAdditivity()Z >"	"bb0"
"< Application, Lweblech/spider/Spider, downloadURL(Lweblech/spider/URLToDownload;Lweblech/spider/URLGetter;Lweblech/spider/HTMLParser;)Ljava/util/List; >"	"bb0"
"< Application, Lorg/apache/log4j/net/SocketAppender, getRemoteHost()Ljava/lang/String; >"	"bb0"
"< Application, Lorg/apache/log4j/Hierarchy, overrideAsNeeded(Ljava/lang/String;)V >"	"bb0"
"< Application, Lorg/apache/log4j/net/JMSAppender, checkEntryConditions()Z >"	"bb0"
"< Application, Lorg/apache/log4j/helpers/NullEnumeration, nextElement()Ljava/lang/Object; >"	"bb0"
"< Application, Lorg/apache/log4j/net/SMTPAppender, setTo(Ljava/lang/String;)V >"	"bb0"
"< Application, Lorg/apache/log4j/ConsoleAppender, setTarget(Ljava/lang/String;)V >"	"bb0"
"< Application, Lorg/apache/log4j/AppenderSkeleton, setName(Ljava/lang/String;)V >"	"bb0"
"< Application, Lweblech/spider/URLToDownload, toString()Ljava/lang/String; >"	"bb0"
"< Application, Lorg/apache/log4j/BasicConfigurator, <init>()V >"	"bb0"
"< Application, Lweblech/spider/HTMLParser, logMailURL(Ljava/lang/String;)V >"	"bb0"
"< Application, Lorg/apache/log4j/xml/XMLWatchdog, <init>(Ljava/lang/String;)V >"	"bb0"
"< Application, Lorg/apache/log4j/helpers/OptionConverter, class$(Ljava/lang/String;)Ljava/lang/Class; >"	"bb0"
"< Application, Lorg/apache/log4j/varia/HUPNode, run()V >"	"bb0"
"< Application, Lorg/apache/log4j/Category, debug(Ljava/lang/Object;)V >"	"bb0"
"< Application, Lorg/apache/log4j/helpers/FileWatchdog, run()V >"	"bb0"
"< Application, Lorg/apache/log4j/spi/LoggingEvent, getNDC()Ljava/lang/String; >"	"bb0"
"< Application, Lorg/apache/log4j/FileAppender, <init>(Lorg/apache/log4j/Layout;Ljava/io/OutputStream;)V >"	"bb0"
"< Application, Lorg/apache/log4j/FileAppender, getAppend()Z >"	"bb0"
"< Application, Lorg/apache/log4j/ConsoleAppender, <init>(Lorg/apache/log4j/Layout;)V >"	"bb0"
"< Application, Lorg/apache/log4j/net/SimpleSocketServer, usage(Ljava/lang/String;)V >"	"bb0"
"< Application, Lorg/apache/log4j/varia/StringMatchFilter, <init>()V >"	"bb0"
"< Application, Lorg/apache/log4j/net/SocketAppender$Connector, run()V >"	"bb0"
"< Application, Lweblech/spider/DumbAuthenticator, getPasswordAuthentication()Ljava/net/PasswordAuthentication; >"	"bb0"
"< Application, Lorg/apache/log4j/xml/DOMConfigurator, configureAndWatch(Ljava/lang/String;)V >"	"bb0"
"< Application, Lorg/apache/log4j/PatternLayout, getOptionStrings()[Ljava/lang/String; >"	"bb0"
"< Application, Lweblech/util/Logger, <clinit>()V >"	"bb0"
"< Application, Lorg/apache/log4j/nt/NTEventLogAppender, <init>(Ljava/lang/String;)V >"	"bb0"
"< Application, Lorg/apache/log4j/spi/LocationInfo, getMethodName()Ljava/lang/String; >"	"bb0"
"< Application, Lorg/apache/log4j/net/SocketServer, <clinit>()V >"	"bb0"
"< Application, Lorg/apache/log4j/net/SMTPAppender, setSubject(Ljava/lang/String;)V >"	"bb0"
"< Application, Lorg/apache/log4j/config/PropertySetter, setProperties(Ljava/lang/Object;Ljava/util/Properties;Ljava/lang/String;)V >"	"bb0"
"< Application, Lorg/apache/log4j/RollingFileAppenderBeanInfo, getPropertyDescriptors()[Ljava/beans/PropertyDescriptor; >"	"bb0"
"< Application, Lorg/apache/log4j/Category, getName()Ljava/lang/String; >"	"bb0"
"< Application, Lorg/apache/log4j/helpers/NullEnumeration, <clinit>()V >"	"bb0"
"< Application, Lorg/apache/log4j/helpers/PatternParser$CategoryPatternConverter, getFullyQualifiedName(Lorg/apache/log4j/spi/LoggingEvent;)Ljava/lang/String; >"	"bb0"
"< Application, Lorg/apache/log4j/varia/PriorityMatchFilter, <init>()V >"	"bb0"
"< Application, Lorg/apache/log4j/helpers/OptionConverter, concatanateArrays([Ljava/lang/String;[Ljava/lang/String;)[Ljava/lang/String; >"	"bb0"
"< Application, Lorg/apache/log4j/SimpleLayout, setOption(Ljava/lang/String;Ljava/lang/String;)V >"	"bb0"
"< Application, Lorg/apache/log4j/AsyncAppender, getAppender(Ljava/lang/String;)Lorg/apache/log4j/Appender; >"	"bb0"
"< Application, Lweblech/spider/URLObject, getStringContent()Ljava/lang/String; >"	"bb0"
"< Application, Lorg/apache/log4j/Category, removeAppender(Lorg/apache/log4j/Appender;)V >"	"bb0"
"< Application, Lorg/apache/log4j/FileAppender, setAppend(Z)V >"	"bb0"
"< Application, Lweblech/spider/HTMLParser, isMailTo(Ljava/lang/String;)Z >"	"bb0"
"< Application, Lorg/apache/log4j/AsyncAppender, close()V >"	"bb0"
"< Application, Lweblech/spider/URLObject, writeToFile()V >"	"bb0"
"< Application, Lorg/apache/log4j/ConsoleAppender, getOptionStrings()[Ljava/lang/String; >"	"bb0"
"< Application, Lorg/apache/log4j/config/PropertyGetter, <clinit>()V >"	"bb0"
"< Application, Lorg/apache/log4j/helpers/OptionConverter, findAndSubst(Ljava/lang/String;Ljava/util/Properties;)Ljava/lang/String; >"	"bb0"
"< Application, Lorg/apache/log4j/DailyRollingFileAppender, subAppend(Lorg/apache/log4j/spi/LoggingEvent;)V >"	"bb0"
"< Application, Lorg/apache/log4j/xml/DOMConfigurator, parseAppender(Lorg/w3c/dom/Element;)Lorg/apache/log4j/Appender; >"	"bb0"
"< Application, Lorg/apache/log4j/net/SimpleSocketServer, init(Ljava/lang/String;Ljava/lang/String;)V >"	"bb0"
"< Application, Lorg/apache/log4j/helpers/OptionConverter, toBoolean(Ljava/lang/String;Z)Z >"	"bb0"
"< Application, Lorg/apache/log4j/net/SyslogAppender, close()V >"	"bb0"
"< Application, Lorg/apache/log4j/helpers/QuietWriter, <init>(Ljava/io/Writer;Lorg/apache/log4j/spi/ErrorHandler;)V >"	"bb0"
"< Application, Lweblech/spider/URLObject, existsOnDisk()Z >"	"bb0"
"< Application, Lorg/apache/log4j/HTMLLayout, ignoresThrowable()Z >"	"bb0"
"< Application, Lorg/apache/log4j/Priority, toPriority(ILorg/apache/log4j/Priority;)Lorg/apache/log4j/Priority; >"	"bb0"
"< Application, Lorg/apache/log4j/Category, info(Ljava/lang/Object;)V >"	"bb0"
"< Application, Lorg/apache/log4j/spi/ThrowableInformation, <init>(Ljava/lang/Throwable;)V >"	"bb0"
"< Application, Lorg/apache/log4j/NDC, clear()V >"	"bb0"
"< Application, Lorg/apache/log4j/config/PropertyPrinter, capitalize(Ljava/lang/String;)Ljava/lang/String; >"	"bb0"
"< Application, Lorg/apache/log4j/xml/XMLLayout, setOption(Ljava/lang/String;Ljava/lang/String;)V >"	"bb0"
"< Application, Lorg/apache/log4j/NDC, lazyRemove()V >"	"bb0"
"< Application, Lorg/apache/log4j/xml/DOMConfigurator, configureAndWatch(Ljava/lang/String;J)V >"	"bb0"
"< Application, Lorg/apache/log4j/TTCCLayout, getThreadPrinting()Z >"	"bb0"
"< Application, Lorg/apache/log4j/helpers/DateLayout, activateOptions()V >"	"bb0"
"< Application, Lweblech/spider/HTMLParser, <init>(Lweblech/spider/SpiderConfig;)V >"	"bb0"
"< Application, Lorg/apache/log4j/or/ThreadGroupRenderer, doRender(Ljava/lang/Object;)Ljava/lang/String; >"	"bb0"
"< Application, Lweblech/util/Log4j, init()V >"	"bb0"
"< Application, Lorg/apache/log4j/net/SocketAppender, setOption(Ljava/lang/String;Ljava/lang/String;)V >"	"bb0"
"< Application, Lorg/apache/log4j/config/PropertySetter, setProperty(Ljava/beans/PropertyDescriptor;Ljava/lang/String;Ljava/lang/String;)V >"	"bb0"
"< Application, Lweblech/spider/DumbAuthenticator, <init>(Ljava/lang/String;Ljava/lang/String;)V >"	"bb0"
"< Application, Lorg/apache/log4j/HTMLLayout, getHeader()Ljava/lang/String; >"	"bb0"
"< Application, Lweblech/spider/SpiderConfig, setBasicAuthPassword(Ljava/lang/String;)V >"	"bb0"
"< Application, Lorg/apache/log4j/helpers/OnlyOnceErrorHandler, setOption(Ljava/lang/String;Ljava/lang/String;)V >"	"bb0"
"< Application, Lorg/apache/log4j/spi/RootCategory, setPriority(Lorg/apache/log4j/Priority;)V >"	"bb0"
"< Application, Lorg/apache/log4j/helpers/OptionConverter, instantiateByClassName(Ljava/lang/String;Ljava/lang/Class;Ljava/lang/Object;)Ljava/lang/Object; >"	"bb0"
"< Application, Lorg/apache/log4j/net/SMTPAppender, requiresLayout()Z >"	"bb0"
"< Application, Lorg/apache/log4j/spi/NullWriter, flush()V >"	"bb0"
"< Application, Lorg/apache/log4j/varia/PriorityRangeFilter, getOptionStrings()[Ljava/lang/String; >"	"bb0"
"< Application, Lweblech/spider/URLToDownload, getDepth()I >"	"bb0"
"< Application, Lorg/apache/log4j/PropertyConfigurator, doConfigure(Ljava/lang/String;Lorg/apache/log4j/Hierarchy;)V >"	"bb0"
"< Application, Lorg/apache/log4j/net/SyslogAppender, getFacilityString(I)Ljava/lang/String; >"	"bb0"
"< Application, Lorg/apache/log4j/helpers/AppenderAttachableImpl, getAllAppenders()Ljava/util/Enumeration; >"	"bb0"
"< Application, Lorg/apache/log4j/NDC, get()Ljava/lang/String; >"	"bb0"
"< Application, Lweblech/spider/URLToDownload, <init>(Ljava/net/URL;Ljava/net/URL;I)V >"	"bb0"
"< Application, Lorg/apache/log4j/net/SyslogAppender, setOption(Ljava/lang/String;Ljava/lang/String;)V >"	"bb0"
"< Application, Lweblech/spider/URLGetter, getURL(Lweblech/spider/URLToDownload;)Lweblech/spider/URLObject; >"	"bb0"
"< Application, Lorg/apache/log4j/RollingFileAppender, setOption(Ljava/lang/String;Ljava/lang/String;)V >"	"bb0"
"< Application, Lorg/apache/log4j/PropertyConfigurator, parseCategory(Ljava/util/Properties;Lorg/apache/log4j/Category;Ljava/lang/String;Ljava/lang/String;Ljava/lang/String;)V >"	"bb0"
"< Application, Lorg/apache/log4j/helpers/BoundedFIFO, wasFull()Z >"	"bb0"
"< Application, Lorg/apache/log4j/PropertyConfigurator, registryGet(Ljava/lang/String;)Lorg/apache/log4j/Appender; >"	"bb0"
"< Application, Lorg/apache/log4j/WriterAppender, <init>(Lorg/apache/log4j/Layout;Ljava/io/OutputStream;)V >"	"bb0"
"< Application, Lorg/apache/log4j/xml/DOMConfigurator, <init>()V >"	"bb0"
"< Application, Lorg/apache/log4j/varia/PriorityMatchFilter, setPriorityToMatch(Ljava/lang/String;)V >"	"bb0"
"< Application, Lweblech/spider/SpiderConfig, setRefreshHTMLs(Z)V >"	"bb0"
"< Application, Lweblech/spider/SpiderConfig, <init>()V >"	"bb0"
"< Application, Lorg/apache/log4j/Category, shutdown()V >"	"bb0"
"< Application, Lorg/apache/log4j/net/SMTPAppender, getLocationInfo()Z >"	"bb0"
"< Application, Lorg/apache/log4j/net/JMSAppender, setTopicConnectionFactoryBindingName(Ljava/lang/String;)V >"	"bb0"
"< Application, Lorg/apache/log4j/Category, getResourceBundleString(Ljava/lang/String;)Ljava/lang/String; >"	"bb0"
"< Application, Lorg/apache/log4j/net/SocketAppender, activateOptions()V >"	"bb0"
"< Application, Lweblech/spider/URLObject, isImage()Z >"	"bb0"
"< Application, Lorg/apache/log4j/WriterAppender, getImmediateFlush()Z >"	"bb0"
"< Application, Lorg/apache/log4j/spi/RootCategory, <init>(Lorg/apache/log4j/Priority;)V >"	"bb0"
"< Application, Lorg/apache/log4j/WriterAppender, requiresLayout()Z >"	"bb0"
"< Application, Lorg/apache/log4j/helpers/RelativeTimeDateFormat, format(Ljava/util/Date;Ljava/lang/StringBuffer;Ljava/text/FieldPosition;)Ljava/lang/StringBuffer; >"	"bb0"
"< Application, Lorg/apache/log4j/BasicConfigurator, configure(Lorg/apache/log4j/Appender;)V >"	"bb0"
"< Application, Lorg/apache/log4j/ConsoleAppender, setOption(Ljava/lang/String;Ljava/lang/String;)V >"	"bb0"
"< Application, Lorg/apache/log4j/DailyRollingFileAppender, getOptionStrings()[Ljava/lang/String; >"	"bb0"
"< Application, Lorg/apache/log4j/net/SocketServer, main([Ljava/lang/String;)V >"	"bb0"
"< Application, Lorg/apache/log4j/net/SMTPAppender, close()V >"	"bb0"
"< Application, Lorg/apache/log4j/PropertyConfigurator, configure(Ljava/lang/String;)V >"	"bb0"
"< Application, Lorg/apache/log4j/Hierarchy, clear()V >"	"bb0"
"< Application, Lweblech/spider/SpiderConfig, setRefreshOthers(Z)V >"	"bb0"
"< Application, Lorg/apache/log4j/Category, isInfoEnabled()Z >"	"bb0"
"< Application, Lorg/apache/log4j/net/SimpleSocketServer, class$(Ljava/lang/String;)Ljava/lang/Class; >"	"bb0"
"< Application, Lorg/apache/log4j/varia/StringMatchFilter, getAcceptOnMatch()Z >"	"bb0"
"< Application, Lorg/apache/log4j/AsyncAppender, removeAppender(Lorg/apache/log4j/Appender;)V >"	"bb0"
"< Application, Lorg/apache/log4j/spi/LocationInfo, <clinit>()V >"	"bb0"
"< Application, Lorg/apache/log4j/Category, log(Ljava/lang/String;Lorg/apache/log4j/Priority;Ljava/lang/Object;Ljava/lang/Throwable;)V >"	"bb0"
"< Application, Lweblech/ui/TextSpider, usage()V >"	"bb0"
"< Application, Lorg/apache/log4j/helpers/CyclicBuffer, length()I >"	"bb0"
"< Application, Lorg/apache/log4j/WriterAppender, setOption(Ljava/lang/String;Ljava/lang/String;)V >"	"bb0"
"< Application, Lorg/apache/log4j/WriterAppender, <init>(Lorg/apache/log4j/Layout;Ljava/io/Writer;)V >"	"bb0"
"< Application, Lorg/apache/log4j/helpers/PatternParser, <init>(Ljava/lang/String;)V >"	"bb0"
"< Application, Lorg/apache/log4j/AppenderSkeleton, isAsSevereAsThreshold(Lorg/apache/log4j/Priority;)Z >"	"bb0"
"< Application, Lweblech/spider/SpiderConfig, isInteresting(Ljava/net/URL;)Z >"	"bb0"
"< Application, Lorg/apache/log4j/helpers/PatternParser, extractOption()Ljava/lang/String; >"	"bb0"
"< Application, Lorg/apache/log4j/helpers/LogLog, debug(Ljava/lang/String;Ljava/lang/Throwable;)V >"	"bb0"
"< Application, Lorg/apache/log4j/config/PropertyPrinter, genAppName()Ljava/lang/String; >"	"bb0"
"< Application, Lorg/apache/log4j/net/SMTPAppender, activateOptions()V >"	"bb0"
"< Application, Lorg/apache/log4j/varia/PriorityRangeFilter, getAcceptOnMatch()Z >"	"bb0"
"< Application, Lorg/apache/log4j/RollingFileAppender, getMaxBackupIndex()I >"	"bb0"
"< Application, Lorg/apache/log4j/config/PropertyGetter, getProperties(Lorg/apache/log4j/config/PropertyGetter$PropertyCallback;Ljava/lang/String;)V >"	"bb0"
"< Application, Lorg/apache/log4j/Category, log(Lorg/apache/log4j/Priority;Ljava/lang/Object;)V >"	"bb0"
"< Application, Lorg/apache/log4j/RollingFileAppenderBeanInfo, class$(Ljava/lang/String;)Ljava/lang/Class; >"	"bb0"
"< Application, Lorg/apache/log4j/helpers/QuietWriter, write(Ljava/lang/String;)V >"	"bb0"
"< Application, Lorg/apache/log4j/WriterAppender, getOptionStrings()[Ljava/lang/String; >"	"bb0"
"< Application, Lorg/apache/log4j/helpers/OptionConverter, toInt(Ljava/lang/String;I)I >"	"bb0"
"< Application, Lorg/apache/log4j/helpers/ISO8601DateFormat, <init>()V >"	"bb0"
"< Application, Lorg/apache/log4j/net/SyslogAppender, getSyslogHost()Ljava/lang/String; >"	"bb0"
"< Application, Lorg/apache/log4j/RollingCalendar, getNextCheckDate(Ljava/util/Date;)Ljava/util/Date; >"	"bb0"
"< Application, Lorg/apache/log4j/helpers/DateLayout, dateFormat(Ljava/lang/StringBuffer;Lorg/apache/log4j/spi/LoggingEvent;)V >"	"bb0"
"< Application, Lorg/apache/log4j/Category, addAppender(Lorg/apache/log4j/Appender;)V >"	"bb0"
"< Application, Lorg/apache/log4j/FileAppender, <init>(Lorg/apache/log4j/Layout;Ljava/lang/String;)V >"	"bb0"
"< Application, Lorg/apache/log4j/spi/LocationInfo, <init>(Ljava/lang/Throwable;Ljava/lang/String;)V >"	"bb0"
"< Application, Lorg/apache/log4j/BasicConfigurator, resetConfiguration(Lorg/apache/log4j/Hierarchy;)V >"	"bb0"
"< Application, Lorg/apache/log4j/ConsoleAppender, closeWriter()V >"	"bb0"
"< Application, Lweblech/spider/URLObject, writeToFile(Ljava/lang/String;)V >"	"bb0"
"< Application, Lorg/apache/log4j/helpers/BoundedFIFO, get()Lorg/apache/log4j/spi/LoggingEvent; >"	"bb0"
"< Application, Lorg/apache/log4j/helpers/DateLayout, setDateFormat(Ljava/text/DateFormat;Ljava/util/TimeZone;)V >"	"bb0"
"< Application, Lorg/apache/log4j/varia/PriorityRangeFilter, getPriorityMax()Lorg/apache/log4j/Priority; >"	"bb0"
"< Application, Lorg/apache/log4j/PatternLayout, getConversionPattern()Ljava/lang/String; >"	"bb0"
"< Application, Lorg/apache/log4j/config/PropertySetter, convertArg(Ljava/lang/String;Ljava/lang/Class;)Ljava/lang/Object; >"	"bb0"
"< Application, Lorg/apache/log4j/Hierarchy, updateParents(Lorg/apache/log4j/Category;)V >"	"bb0"
"< Application, Lorg/apache/log4j/DailyRollingFileAppender, <init>(Lorg/apache/log4j/Layout;Ljava/lang/String;Ljava/lang/String;)V >"	"bb0"
"< Application, Lorg/apache/log4j/Hierarchy, getRendererMap()Lorg/apache/log4j/or/RendererMap; >"	"bb0"
"< Application, Lorg/apache/log4j/AsyncAppender, getOptionStrings()[Ljava/lang/String; >"	"bb0"
"< Application, Lorg/apache/log4j/FileAppender, getFile()Ljava/lang/String; >"	"bb0"
"< Application, Lorg/apache/log4j/varia/ExternallyRolledFileAppender, getPort()I >"	"bb0"
"< Application, Lorg/apache/log4j/config/PropertySetterException, <init>(Ljava/lang/Throwable;)V >"	"bb0"
"< Application, Lorg/apache/log4j/TTCCLayout, setOption(Ljava/lang/String;Ljava/lang/String;)V >"	"bb0"
"< Application, Lorg/apache/log4j/config/PropertySetterException, getMessage()Ljava/lang/String; >"	"bb0"
"< Application, Lorg/apache/log4j/helpers/RelativeTimeDateFormat, <init>()V >"	"bb0"
"< Application, Lorg/apache/log4j/helpers/FileWatchdog, checkAndConfigure()V >"	"bb0"
"< Application, Lorg/apache/log4j/BasicConfigurator, disableInfo()V >"	"bb0"
"< Application, Lorg/apache/log4j/varia/PriorityRangeFilter, setOption(Ljava/lang/String;Ljava/lang/String;)V >"	"bb0"
"< Application, Lorg/apache/log4j/helpers/DateLayout, getDateFormat()Ljava/lang/String; >"	"bb0"
"< Application, Lweblech/spider/Spider, isRunning()Z >"	"bb0"
"< Application, Lorg/apache/log4j/SimpleLayout, ignoresThrowable()Z >"	"bb0"
"< Application, Lorg/apache/log4j/PropertyConfigurator, parseCatsAndRenderers(Ljava/util/Properties;Lorg/apache/log4j/Hierarchy;)V >"	"bb0"
"< Application, Lorg/apache/log4j/helpers/Loader, getResource(Ljava/lang/String;Ljava/lang/Class;)Ljava/net/URL; >"	"bb0"
"< Application, Lorg/apache/log4j/helpers/OnlyOnceErrorHandler, <init>()V >"	"bb0"
"< Application, Lorg/apache/log4j/varia/Roller, usage(Ljava/lang/String;)V >"	"bb0"
"< Application, Lorg/apache/log4j/varia/ExternallyRolledFileAppender, <init>()V >"	"bb0"
"< Application, Lorg/apache/log4j/net/SyslogAppender, initSyslogFacilityStr()V >"	"bb0"
"< Application, Lorg/apache/log4j/xml/DOMConfigurator, class$(Ljava/lang/String;)Ljava/lang/Class; >"	"bb0"
"< Application, Lorg/apache/log4j/net/SimpleSocketServer, main([Ljava/lang/String;)V >"	"bb0"
"< Application, Lorg/apache/log4j/SimpleLayout, getOptionStrings()[Ljava/lang/String; >"	"bb0"
"< Application, Lorg/apache/log4j/ConsoleAppender, targetWarn(Ljava/lang/String;)V >"	"bb0"
"< Application, Lorg/apache/log4j/Category, warn(Ljava/lang/Object;Ljava/lang/Throwable;)V >"	"bb0"
"< Application, Lorg/apache/log4j/xml/DOMConfigurator, parsePriority(Lorg/w3c/dom/Element;Lorg/apache/log4j/Category;Z)V >"	"bb0"
"< Application, Lorg/apache/log4j/RollingFileAppender, setMaximumFileSize(J)V >"	"bb0"
"< Application, Lorg/apache/log4j/spi/NullWriter, write([CII)V >"	"bb0"
"< Application, Lorg/apache/log4j/or/MessageRenderer, <init>()V >"	"bb0"
"< Application, Lorg/apache/log4j/AppenderSkeleton, getErrorHandler()Lorg/apache/log4j/spi/ErrorHandler; >"	"bb0"
"< Application, Lorg/apache/log4j/ConsoleAppender, getTarget()Ljava/lang/String; >"	"bb0"
"< Application, Lorg/apache/log4j/net/SocketAppender, cleanUp()V >"	"bb0"
"< Application, Lorg/apache/log4j/net/SMTPAppender, getEvaluatorClass()Ljava/lang/String; >"	"bb0"
"< Application, Lorg/apache/log4j/helpers/ISO8601DateFormat, <init>(Ljava/util/TimeZone;)V >"	"bb0"
"< Application, Lweblech/util/Logger, <init>()V >"	"bb0"
"< Application, Lorg/apache/log4j/net/SMTPAppender, checkEntryConditions()Z >"	"bb0"
"< Application, Lweblech/spider/SpiderConfig, toString()Ljava/lang/String; >"	"bb0"
"< Application, Lorg/apache/log4j/varia/StringMatchFilter, setAcceptOnMatch(Z)V >"	"bb0"
"< Application, Lorg/apache/log4j/helpers/DateLayout, getOptionStrings()[Ljava/lang/String; >"	"bb0"
"< Application, Lorg/apache/log4j/xml/XMLLayout, getLocationInfo()Z >"	"bb0"
"< Application, Lorg/apache/log4j/spi/LoggingEvent, getThreadName()Ljava/lang/String; >"	"bb0"
"< Application, Lorg/apache/log4j/helpers/PatternConverter, spacePad(Ljava/lang/StringBuffer;I)V >"	"bb0"
"< Application, Lorg/apache/log4j/net/SyslogAppender, <init>(Lorg/apache/log4j/Layout;Ljava/lang/String;I)V >"	"bb0"
"< Application, Lorg/apache/log4j/helpers/BoundedFIFO, getMaxSize()I >"	"bb0"
"< Application, Lweblech/spider/Spider, filterURLs(Ljava/util/List;)Ljava/util/List; >"	"bb0"
"< Application, Lorg/apache/log4j/spi/LoggingEvent, class$(Ljava/lang/String;)Ljava/lang/Class; >"	"bb0"
"< Application, Lorg/apache/log4j/Category, getCurrentCategories()Ljava/util/Enumeration; >"	"bb0"
"< Application, Lorg/apache/log4j/Category, isEnabledFor(Lorg/apache/log4j/Priority;)Z >"	"bb0"
"< Application, Lorg/apache/log4j/varia/DenyAllFilter, setOption(Ljava/lang/String;Ljava/lang/String;)V >"	"bb0"
"< Application, Lorg/apache/log4j/or/RendererMap, findAndRender(Ljava/lang/Object;)Ljava/lang/String; >"	"bb0"
"< Application, Lorg/apache/log4j/Category, getChainedPriority()Lorg/apache/log4j/Priority; >"	"bb0"
"< Application, Lweblech/spider/DownloadQueue, size()I >"	"bb0"
"< Application, Lorg/apache/log4j/config/PropertyPrinter, <init>(Ljava/io/PrintWriter;Z)V >"	"bb0"
"< Application, Lorg/apache/log4j/helpers/LogLog, debug(Ljava/lang/String;)V >"	"bb0"
"< Application, Lorg/apache/log4j/spi/ThrowableInformation, getThrowable()Ljava/lang/Throwable; >"	"bb0"
"< Application, Lorg/apache/log4j/helpers/SyslogQuietWriter, write(Ljava/lang/String;)V >"	"bb0"
"< Application, Lorg/apache/log4j/helpers/RelativeTimeDateFormat, parse(Ljava/lang/String;Ljava/text/ParsePosition;)Ljava/util/Date; >"	"bb0"
"< Application, Lorg/apache/log4j/xml/XMLLayout, ignoresThrowable()Z >"	"bb0"
"< Application, Lorg/apache/log4j/or/RendererMap, get(Ljava/lang/Class;)Lorg/apache/log4j/or/ObjectRenderer; >"	"bb0"
"< Application, Lorg/apache/log4j/RollingFileAppender, getMaximumFileSize()J >"	"bb0"
"< Application, Lorg/apache/log4j/helpers/BoundedFIFO, length()I >"	"bb0"
"< Application, Lorg/apache/log4j/helpers/OnlyOnceErrorHandler, error(Ljava/lang/String;Ljava/lang/Exception;I)V >"	"bb0"
"< Application, Lorg/apache/log4j/HTMLLayout, appendThrowableAsHTML([Ljava/lang/String;Ljava/lang/StringBuffer;)V >"	"bb0"
"< Application, Lorg/apache/log4j/Category, isDebugEnabled()Z >"	"bb0"
"< Application, Lweblech/spider/SpiderConfig, setStartLocation(Ljava/net/URL;)V >"	"bb0"
"< Application, Lorg/apache/log4j/spi/VectorWriter, toStringArray()[Ljava/lang/String; >"	"bb0"
"< Application, Lorg/apache/log4j/varia/HUP, <init>(Lorg/apache/log4j/varia/ExternallyRolledFileAppender;I)V >"	"bb0"
"< Application, Lorg/apache/log4j/helpers/LogLog, <clinit>()V >"	"bb0"
"< Application, Lorg/apache/log4j/net/SocketNode, <clinit>()V >"	"bb0"
"< Application, Lweblech/spider/DumbAuthenticator, <clinit>()V >"	"bb0"
"< Application, Lorg/apache/log4j/spi/VectorWriter, println([C)V >"	"bb0"
"< Application, Lorg/apache/log4j/WriterAppender, activateOptions()V >"	"bb0"
"< Application, Lorg/apache/log4j/net/JMSAppender, getTopicBindingName()Ljava/lang/String; >"	"bb0"
"< Application, Lorg/apache/log4j/NDC, <clinit>()V >"	"bb0"
"< Application, Lorg/apache/log4j/spi/LoggingEvent, getLocationInformation()Lorg/apache/log4j/spi/LocationInfo; >"	"bb0"
"< Application, Lorg/apache/log4j/net/SMTPAppender, getOptionStrings()[Ljava/lang/String; >"	"bb0"
"< Application, Lorg/apache/log4j/PropertyConfigurator, parseAppender(Ljava/util/Properties;Ljava/lang/String;)Lorg/apache/log4j/Appender; >"	"bb0"
"< Application, Lorg/apache/log4j/spi/VectorWriter, <init>()V >"	"bb0"
"< Application, Lorg/apache/log4j/xml/DOMConfigurator, parseCategory(Lorg/w3c/dom/Element;Lorg/apache/log4j/Hierarchy;)V >"	"bb0"
"< Application, Lorg/apache/log4j/or/DefaultRenderer, doRender(Ljava/lang/Object;)Ljava/lang/String; >"	"bb0"
"< Application, Lorg/apache/log4j/WriterAppender, <init>()V >"	"bb0"
"< Application, Lorg/apache/log4j/net/SocketAppender, append(Lorg/apache/log4j/spi/LoggingEvent;)V >"	"bb0"
"< Application, Lorg/apache/log4j/Hierarchy, enableAll()V >"	"bb0"
"< Application, Lorg/apache/log4j/varia/PriorityRangeFilter, setPriorityMax(Lorg/apache/log4j/Priority;)V >"	"bb0"
"< Application, Lorg/apache/log4j/RollingFileAppender, setFile(Ljava/lang/String;Z)V >"	"bb0"
"< Application, Lorg/apache/log4j/helpers/CountingQuietWriter, write(Ljava/lang/String;)V >"	"bb0"
"< Application, Lorg/apache/log4j/helpers/SyslogWriter, <init>(Ljava/lang/String;)V >"	"bb0"
"< Application, Lweblech/spider/SpiderConfig, setCheckpointInterval(J)V >"	"bb0"
"< Application, Lorg/apache/log4j/varia/StringMatchFilter, getOptionStrings()[Ljava/lang/String; >"	"bb0"
"< Application, Lorg/apache/log4j/helpers/PatternParser$DatePatternConverter, convert(Lorg/apache/log4j/spi/LoggingEvent;)Ljava/lang/String; >"	"bb0"
"< Application, Lorg/apache/log4j/net/SMTPAppender, setOption(Ljava/lang/String;Ljava/lang/String;)V >"	"bb0"
"< Application, Lorg/apache/log4j/net/SMTPAppender, <init>()V >"	"bb0"
"< Application, Lorg/apache/log4j/xml/XMLLayout, format(Lorg/apache/log4j/spi/LoggingEvent;)Ljava/lang/String; >"	"bb0"
"< Application, Lorg/apache/log4j/Category, setPriority(Lorg/apache/log4j/Priority;)V >"	"bb0"
"< Application, Lorg/apache/log4j/HTMLLayout, getLocationInfo()Z >"	"bb0"
"< Application, Lorg/apache/log4j/Hierarchy, resetConfiguration()V >"	"bb0"
"< Application, Lorg/apache/log4j/ProvisionNode, <init>(Lorg/apache/log4j/Category;)V >"	"bb0"
"< Application, Lorg/apache/log4j/net/SocketAppender$Connector, <init>(Lorg/apache/log4j/net/SocketAppender;)V >"	"bb0"
"< Application, Lorg/apache/log4j/spi/LoggingEvent, readObject(Ljava/io/ObjectInputStream;)V >"	"bb0"
"< Application, Lorg/apache/log4j/HTMLLayout, <init>()V >"	"bb0"
"< Application, Lorg/apache/log4j/config/PropertySetter, setProperties(Ljava/util/Properties;Ljava/lang/String;)V >"	"bb0"
"< Application, Lorg/apache/log4j/Category, assert(ZLjava/lang/String;)V >"	"bb0"
"< Application, Lorg/apache/log4j/helpers/DateLayout, <init>()V >"	"bb0"
"< Application, Lweblech/spider/Spider, readCheckpoint()V >"	"bb0"
"< Application, Lorg/apache/log4j/BasicConfigurator, resetConfiguration()V >"	"bb0"
"< Application, Lorg/apache/log4j/FileAppender, <init>()V >"	"bb0"
"< Application, Lorg/apache/log4j/net/JMSAppender, requiresLayout()Z >"	"bb0"
"< Application, Lorg/apache/log4j/xml/DOMConfigurator, doConfigure(Ljava/io/InputStream;Lorg/apache/log4j/Hierarchy;)V >"	"bb0"
"< Application, Lorg/apache/log4j/PatternLayout, activateOptions()V >"	"bb0"
"< Application, Lorg/apache/log4j/net/JMSSink, lookup(Ljavax/naming/Context;Ljava/lang/String;)Ljava/lang/Object; >"	"bb0"
"< Application, Lorg/apache/log4j/net/SocketAppender, close()V >"	"bb0"
"< Application, Lweblech/spider/SpiderConfig, setInterestingURLSubstrings(Ljava/util/List;)V >"	"bb0"
"< Application, Lorg/apache/log4j/helpers/SyslogWriter, close()V >"	"bb0"
"< Application, Lorg/apache/log4j/TTCCLayout, <init>(Ljava/lang/String;)V >"	"bb0"
"< Application, Lorg/apache/log4j/helpers/AppenderAttachableImpl, removeAppender(Lorg/apache/log4j/Appender;)V >"	"bb0"
"< Application, Lorg/apache/log4j/net/JMSSink, main([Ljava/lang/String;)V >"	"bb0"
"< Application, Lorg/apache/log4j/Category, setResourceBundle(Ljava/util/ResourceBundle;)V >"	"bb0"
"< Application, Lorg/apache/log4j/helpers/NullEnumeration, hasMoreElements()Z >"	"bb0"
"< Application, Lorg/apache/log4j/helpers/CountingQuietWriter, setCount(J)V >"	"bb0"
"< Application, Lorg/apache/log4j/net/SocketServer, configureHierarchy(Ljava/net/InetAddress;)Lorg/apache/log4j/Hierarchy; >"	"bb0"
"< Application, Lorg/apache/log4j/Layout, getContentType()Ljava/lang/String; >"	"bb0"
"< Application, Lorg/apache/log4j/varia/PriorityRangeFilter, <init>()V >"	"bb0"
"< Application, Lorg/apache/log4j/net/SocketAppender, getPort()I >"	"bb0"
"< Application, Lorg/apache/log4j/helpers/ISO8601DateFormat, parse(Ljava/lang/String;Ljava/text/ParsePosition;)Ljava/util/Date; >"	"bb0"
"< Application, Lorg/apache/log4j/helpers/PatternParser$ClassNamePatternConverter, <init>(Lorg/apache/log4j/helpers/PatternParser;Lorg/apache/log4j/helpers/FormattingInfo;I)V >"	"bb0"
"< Application, Lweblech/spider/SpiderConfig, refreshImages()Z >"	"bb0"
"< Application, Lweblech/ui/TextSpider, main([Ljava/lang/String;)V >"	"bb0"
"< Application, Lorg/apache/log4j/WriterAppender, checkEntryConditions()Z >"	"bb0"
"< Application, Lorg/apache/log4j/Category, error(Ljava/lang/Object;)V >"	"bb0"
"< Application, Lorg/apache/log4j/HTMLLayout, getFooter()Ljava/lang/String; >"	"bb0"
"< Application, Lorg/apache/log4j/net/JMSAppender, activateOptions()V >"	"bb0"
"< Application, Lorg/apache/log4j/helpers/OptionConverter, toFileSize(Ljava/lang/String;J)J >"	"bb0"
"< Application, Lorg/apache/log4j/Priority, toInt()I >"	"bb0"
"< Application, Lorg/apache/log4j/NDC$DiagnosticContext, <init>(Ljava/lang/String;Lorg/apache/log4j/NDC$DiagnosticContext;)V >"	"bb0"
"< Application, Lorg/apache/log4j/NDC, remove()V >"	"bb0"
"< Application, Lorg/apache/log4j/varia/PriorityMatchFilter, decide(Lorg/apache/log4j/spi/LoggingEvent;)I >"	"bb0"
"< Application, Lorg/apache/log4j/Layout, <init>()V >"	"bb0"
"< Application, Lorg/apache/log4j/AsyncAppender, requiresLayout()Z >"	"bb0"
"< Application, Lweblech/spider/URLObject, isXML()Z >"	"bb0"
"< Application, Lorg/apache/log4j/config/PropertySetter, <init>(Ljava/lang/Object;)V >"	"bb0"
"< Application, Lorg/apache/log4j/config/PropertyPrinter, <init>(Ljava/io/PrintWriter;)V >"	"bb0"
"< Application, Lorg/apache/log4j/config/PropertySetterException, <init>(Ljava/lang/String;)V >"	"bb0"
"< Application, Lorg/apache/log4j/nt/NTEventLogAppender, close()V >"	"bb0"
"< Application, Lweblech/spider/URLObject, textReplace(Ljava/lang/String;Ljava/lang/String;Ljava/lang/String;)Ljava/lang/String; >"	"bb0"
"< Application, Lorg/apache/log4j/or/RendererMap, searchInterfaces(Ljava/lang/Class;)Lorg/apache/log4j/or/ObjectRenderer; >"	"bb0"
"< Application, Lorg/apache/log4j/spi/LoggingEvent, writePriority(Ljava/io/ObjectOutputStream;)V >"	"bb0"
"< Application, Lorg/apache/log4j/BasicConfigurator, addRenderer(Lorg/apache/log4j/Hierarchy;Ljava/lang/String;Ljava/lang/String;)V >"	"bb0"
"< Application, Lorg/apache/log4j/Hierarchy, updateChildren(Lorg/apache/log4j/ProvisionNode;Lorg/apache/log4j/Category;)V >"	"bb0"
"< Application, Lweblech/spider/DownloadQueue, getNextInQueue()Lweblech/spider/URLToDownload; >"	"bb0"
"< Application, Lorg/apache/log4j/AppenderSkeleton, setOption(Ljava/lang/String;Ljava/lang/String;)V >"	"bb0"
"< Application, Lorg/apache/log4j/varia/PriorityRangeFilter, setAcceptOnMatch(Z)V >"	"bb0"
"< Application, Lorg/apache/log4j/helpers/PatternParser$DatePatternConverter, <init>(Lorg/apache/log4j/helpers/FormattingInfo;Ljava/text/DateFormat;)V >"	"bb0"
"< Application, Lweblech/spider/SpiderConfig, isDepthFirstSearch()Z >"	"bb0"
"< Application, Lorg/apache/log4j/CategoryKey, class$(Ljava/lang/String;)Ljava/lang/Class; >"	"bb0"
"< Application, Lorg/apache/log4j/PropertyConfigurator, configureCategoryFactory(Ljava/util/Properties;)V >"	"bb0"
"< Application, Lorg/apache/log4j/AppenderSkeleton, setErrorHandler(Lorg/apache/log4j/spi/ErrorHandler;)V >"	"bb0"
"< Application, Lorg/apache/log4j/HTMLLayout, setLocationInfo(Z)V >"	"bb0"
"< Application, Lorg/apache/log4j/nt/NTEventLogAppender, <init>(Ljava/lang/String;Ljava/lang/String;)V >"	"bb0"
"< Application, Lorg/apache/log4j/WriterAppender, append(Lorg/apache/log4j/spi/LoggingEvent;)V >"	"bb0"
"< Application, Lorg/apache/log4j/config/PropertySetter, getPropertyDescriptor(Ljava/lang/String;)Ljava/beans/PropertyDescriptor; >"	"bb0"
"< Application, Lorg/apache/log4j/net/SyslogAppender, getFacilityPrinting()Z >"	"bb0"
"< Application, Lorg/apache/log4j/NDC, <init>()V >"	"bb0"
"< Application, Lorg/apache/log4j/Category, <clinit>()V >"	"bb0"
"< Application, Lorg/apache/log4j/helpers/CountingQuietWriter, getCount()J >"	"bb0"
"< Application, Lorg/apache/log4j/nt/NTEventLogAppender, requiresLayout()Z >"	"bb0"
"< Application, Lorg/apache/log4j/net/SyslogAppender, setSyslogHost(Ljava/lang/String;)V >"	"bb0"
"< Application, Lorg/apache/log4j/spi/LoggingEvent, writeObject(Ljava/io/ObjectOutputStream;)V >"	"bb0"
"< Application, Lorg/apache/log4j/net/SocketAppender, <init>(Ljava/lang/String;I)V >"	"bb0"
"< Application, Lorg/apache/log4j/config/PropertyGetter, isHandledType(Ljava/lang/Class;)Z >"	"bb0"
"< Application, Lorg/apache/log4j/net/SMTPAppender, parseAddress(Ljava/lang/String;)[Ljavax/mail/internet/InternetAddress; >"	"bb0"
"< Application, Lorg/apache/log4j/spi/VectorWriter, println(Ljava/lang/String;)V >"	"bb0"
"< Application, Lorg/apache/log4j/helpers/SyslogQuietWriter, <init>(Ljava/io/Writer;ILorg/apache/log4j/spi/ErrorHandler;)V >"	"bb0"
"< Application, Lorg/apache/log4j/xml/DOMConfigurator, configure(Ljava/lang/String;)V >"	"bb0"
"< Application, Lorg/apache/log4j/PropertyConfigurator, <init>()V >"	"bb0"
"< Application, Lorg/apache/log4j/Category, closeNestedAppenders()V >"	"bb0"
"< Application, Lorg/apache/log4j/Category, forcedLog(Ljava/lang/String;Lorg/apache/log4j/Priority;Ljava/lang/Object;Ljava/lang/Throwable;)V >"	"bb0"
"< Application, Lorg/apache/log4j/Hierarchy, setDisableOverride(Ljava/lang/String;)V >"	"bb0"
"< Application, Lorg/apache/log4j/Priority, isGreaterOrEqual(Lorg/apache/log4j/Priority;)Z >"	"bb0"
"< Application, Lorg/apache/log4j/helpers/BoundedFIFO, resize(I)V >"	"bb0"
"< Application, Lorg/apache/log4j/DefaultCategoryFactory, <init>()V >"	"bb0"
"< Application, Lorg/apache/log4j/AppenderSkeleton, doAppend(Lorg/apache/log4j/spi/LoggingEvent;)V >"	"bb0"
"< Application, Lorg/apache/log4j/net/SMTPAppender, setBufferSize(I)V >"	"bb0"
"< Application, Lorg/apache/log4j/helpers/SyslogWriter, flush()V >"	"bb0"
"< Application, Lorg/apache/log4j/helpers/PatternParser, addConverter(Lorg/apache/log4j/helpers/PatternConverter;)V >"	"bb0"
"< Application, Lorg/apache/log4j/helpers/LogLog, warn(Ljava/lang/String;Ljava/lang/Throwable;)V >"	"bb0"
"< Application, Lorg/apache/log4j/AppenderSkeleton, finalize()V >"	"bb0"
"< Application, Lorg/apache/log4j/net/JMSSink, <init>()V >"	"bb0"
"< Application, Lorg/apache/log4j/helpers/BoundedFIFO, <init>(I)V >"	"bb0"
"< Application, Lorg/apache/log4j/Priority, toPriority(Ljava/lang/String;Lorg/apache/log4j/Priority;)Lorg/apache/log4j/Priority; >"	"bb0"
"< Application, Lorg/apache/log4j/net/SMTPAppender, setSMTPHost(Ljava/lang/String;)V >"	"bb0"
"< Application, Lorg/apache/log4j/AppenderSkeleton, clearFilters()V >"	"bb0"
"< Application, Lorg/apache/log4j/PatternLayout, ignoresThrowable()Z >"	"bb0"
"< Application, Lorg/apache/log4j/nt/NTEventLogAppender, <init>(Lorg/apache/log4j/Layout;)V >"	"bb0"
"< Application, Lweblech/spider/SpiderConfig, setUserAgent(Ljava/lang/String;)V >"	"bb0"
"< Application, Lweblech/spider/SpiderConfig, fromSet(Ljava/util/Set;)Ljava/lang/String; >"	"bb0"
"< Application, Lorg/apache/log4j/helpers/CyclicBuffer, get()Lorg/apache/log4j/spi/LoggingEvent; >"	"bb0"
"< Application, Lorg/apache/log4j/helpers/PatternParser, parse()Lorg/apache/log4j/helpers/PatternConverter; >"	"bb0"
"< Application, Lorg/apache/log4j/helpers/AppenderAttachableImpl, addAppender(Lorg/apache/log4j/Appender;)V >"	"bb0"
"< Application, Lorg/apache/log4j/spi/LoggingEvent, getMessage()Ljava/lang/Object; >"	"bb0"
"< Application, Lorg/apache/log4j/TTCCLayout, <init>()V >"	"bb0"
"< Application, Lorg/apache/log4j/Category, getAllAppenders()Ljava/util/Enumeration; >"	"bb0"
"< Application, Lweblech/spider/SpiderConfig, getInterestingURLSubstrings()Ljava/util/List; >"	"bb0"
"< Application, Lorg/apache/log4j/xml/DOMConfigurator, configure(Lorg/w3c/dom/Element;)V >"	"bb0"
"< Application, Lorg/apache/log4j/net/SimpleSocketServer, <clinit>()V >"	"bb0"
"< Application, Lorg/apache/log4j/DailyRollingFileAppender, setDatePattern(Ljava/lang/String;)V >"	"bb0"
"< Application, Lorg/apache/log4j/Category, log(Lorg/apache/log4j/Priority;Ljava/lang/Object;Ljava/lang/Throwable;)V >"	"bb0"
"< Application, Lorg/apache/log4j/net/SMTPAppender, setLocationInfo(Z)V >"	"bb0"
"< Application, Lorg/apache/log4j/spi/Filter, <init>()V >"	"bb0"
"< Application, Lorg/apache/log4j/helpers/LogLog, warn(Ljava/lang/String;)V >"	"bb0"
"< Application, Lorg/apache/log4j/net/SocketAppender, setRemoteHost(Ljava/lang/String;)V >"	"bb0"
"< Application, Lorg/apache/log4j/DailyRollingFileAppender, setOption(Ljava/lang/String;Ljava/lang/String;)V >"	"bb0"
"< Application, Lorg/apache/log4j/Priority, getAllPossiblePriorities()[Lorg/apache/log4j/Priority; >"	"bb0"
"< Application, Lorg/apache/log4j/net/JMSAppender, getTopicConnectionFactoryBindingName()Ljava/lang/String; >"	"bb0"
"< Application, Lorg/apache/log4j/RollingFileAppender, setMaxBackupIndex(I)V >"	"bb0"
"< Application, Lorg/apache/log4j/helpers/PatternConverter, format(Ljava/lang/StringBuffer;Lorg/apache/log4j/spi/LoggingEvent;)V >"	"bb0"
"< Application, Lweblech/spider/SpiderConfig, getUserAgent()Ljava/lang/String; >"	"bb0"
"< Application, Lorg/apache/log4j/helpers/DateLayout, setTimeZone(Ljava/lang/String;)V >"	"bb0"
"< Application, Lorg/apache/log4j/HTMLLayout, format(Lorg/apache/log4j/spi/LoggingEvent;)Ljava/lang/String; >"	"bb0"
"< Application, Lorg/apache/log4j/NDC, pop()Ljava/lang/String; >"	"bb0"
"< Application, Lorg/apache/log4j/helpers/DateTimeDateFormat, <init>()V >"	"bb0"
"< Application, Lorg/apache/log4j/net/JMSAppender, close()V >"	"bb0"
"< Application, Lorg/apache/log4j/helpers/PatternParser, extractPrecisionOption()I >"	"bb0"
"< Application, Lorg/apache/log4j/xml/DOMConfigurator, parseFilters(Lorg/w3c/dom/Element;Lorg/apache/log4j/Appender;)V >"	"bb0"
"< Application, Lweblech/spider/SpiderConfig, setSpiderThreads(I)V >"	"bb0"
"< Application, Lorg/apache/log4j/HTMLLayout, escapeHTMLTags(Ljava/lang/String;)Ljava/lang/String; >"	"bb0"
"< Application, Lorg/apache/log4j/TTCCLayout, setThreadPrinting(Z)V >"	"bb0"
"< Application, Lorg/apache/log4j/WriterAppender, writeHeader()V >"	"bb0"
"< Application, Lorg/apache/log4j/helpers/CountingQuietWriter, <init>(Ljava/io/Writer;Lorg/apache/log4j/spi/ErrorHandler;)V >"	"bb0"
"< Application, Lorg/apache/log4j/xml/DOMConfigurator, doConfigure(Ljava/net/URL;Lorg/apache/log4j/Hierarchy;)V >"	"bb0"
"< Application, Lorg/apache/log4j/AppenderSkeleton, getOptionStrings()[Ljava/lang/String; >"	"bb0"
"< Application, Lorg/apache/log4j/WriterAppender, closeWriter()V >"	"bb0"
"< Application, Lorg/apache/log4j/DefaultCategoryFactory, makeNewCategoryInstance(Ljava/lang/String;)Lorg/apache/log4j/Category; >"	"bb0"
"< Application, Lorg/apache/log4j/config/PropertyPrinter, main([Ljava/lang/String;)V >"	"bb0"
"< Application, Lorg/apache/log4j/xml/XMLWatchdog, doOnChange()V >"	"bb0"
"< Application, Lorg/apache/log4j/PropertyConfigurator, class$(Ljava/lang/String;)Ljava/lang/Class; >"	"bb0"
"< Application, Lorg/apache/log4j/PatternLayout, setConversionPattern(Ljava/lang/String;)V >"	"bb0"
"< Application, Lorg/apache/log4j/BasicConfigurator, <clinit>()V >"	"bb0"
"< Application, Lweblech/spider/DownloadQueue, returnURLFrom(Ljava/util/List;)Lweblech/spider/URLToDownload; >"	"bb0"
"< Application, Lorg/apache/log4j/RollingFileAppender, getOptionStrings()[Ljava/lang/String; >"	"bb0"
"< Application, Lorg/apache/log4j/PropertyConfigurator, configureAndWatch(Ljava/lang/String;)V >"	"bb0"
"< Application, Lorg/apache/log4j/nt/NTEventLogAppender, setSource(Ljava/lang/String;)V >"	"bb0"
"< Application, Lorg/apache/log4j/helpers/BoundedFIFO, wasEmpty()Z >"	"bb0"
"< Application, Lorg/apache/log4j/helpers/PatternParser$LiteralPatternConverter, <init>(Ljava/lang/String;)V >"	"bb0"
"< Application, Lorg/apache/log4j/AppenderSkeleton, getFirstFilter()Lorg/apache/log4j/spi/Filter; >"	"bb0"
"< Application, Lorg/apache/log4j/helpers/BoundedFIFO, min(II)I >"	"bb0"
"< Application, Lorg/apache/log4j/net/SMTPAppender, setFrom(Ljava/lang/String;)V >"	"bb0"
"< Application, Lorg/apache/log4j/AppenderSkeleton, getLayout()Lorg/apache/log4j/Layout; >"	"bb0"
"< Application, Lorg/apache/log4j/nt/NTEventLogAppender, <init>(Ljava/lang/String;Lorg/apache/log4j/Layout;)V >"	"bb0"
"< Application, Lorg/apache/log4j/AsyncAppender, removeAppender(Ljava/lang/String;)V >"	"bb0"
"< Application, Lorg/apache/log4j/nt/NTEventLogAppender, <init>(Ljava/lang/String;Ljava/lang/String;Lorg/apache/log4j/Layout;)V >"	"bb0"
"< Application, Lorg/apache/log4j/helpers/ISO8601DateFormat, format(Ljava/util/Date;Ljava/lang/StringBuffer;Ljava/text/FieldPosition;)Ljava/lang/StringBuffer; >"	"bb0"
"< Application, Lorg/apache/log4j/Category, setAdditivity(Z)V >"	"bb0"
"< Application, Lorg/apache/log4j/net/JMSAppender, <init>()V >"	"bb0"
"< Application, Lorg/apache/log4j/WriterAppender, subAppend(Lorg/apache/log4j/spi/LoggingEvent;)V >"	"bb0"
"< Application, Lorg/apache/log4j/helpers/PatternParser, finalizeConverter(C)V >"	"bb0"
"< Application, Lorg/apache/log4j/spi/VectorWriter, clear()V >"	"bb0"
"< Application, Lorg/apache/log4j/varia/StringMatchFilter, setOption(Ljava/lang/String;Ljava/lang/String;)V >"	"bb0"
"< Application, Lweblech/spider/SpiderConfig, getMailtoLogFile()Ljava/io/File; >"	"bb0"
"< Application, Lorg/apache/log4j/BasicConfigurator, disable(Ljava/lang/String;)V >"	"bb0"
"< Application, Lweblech/spider/SpiderConfig, setDepthFirstSearch(Z)V >"	"bb0"
"< Application, Lorg/apache/log4j/TTCCLayout, ignoresThrowable()Z >"	"bb0"
"< Application, Lorg/apache/log4j/xml/DOMConfigurator, findAppenderByReference(Lorg/w3c/dom/Element;)Lorg/apache/log4j/Appender; >"	"bb0"
"< Application, Lorg/apache/log4j/varia/PriorityMatchFilter, setAcceptOnMatch(Z)V >"	"bb0"
"< Application, Lorg/apache/log4j/helpers/DateLayout, setOption(Ljava/lang/String;Ljava/lang/String;)V >"	"bb0"
"< Application, Lorg/apache/log4j/net/SyslogAppender, append(Lorg/apache/log4j/spi/LoggingEvent;)V >"	"bb0"
"< Application, Lorg/apache/log4j/varia/StringMatchFilter, decide(Lorg/apache/log4j/spi/LoggingEvent;)I >"	"bb0"
"< Application, Lorg/apache/log4j/helpers/AbsoluteTimeDateFormat, <init>()V >"	"bb0"
"< Application, Lorg/apache/log4j/net/SMTPAppender, append(Lorg/apache/log4j/spi/LoggingEvent;)V >"	"bb0"
"< Application, Lorg/apache/log4j/HTMLLayout, getOptionStrings()[Ljava/lang/String; >"	"bb0"
"< Application, Lweblech/util/Log4j, <clinit>()V >"	"bb0"
"< Application, Lorg/apache/log4j/Hierarchy, <init>(Lorg/apache/log4j/Category;)V >"	"bb0"
"< Application, Lorg/apache/log4j/helpers/AbsoluteTimeDateFormat, <init>(Ljava/util/TimeZone;)V >"	"bb0"
"< Application, Lorg/apache/log4j/helpers/CyclicBuffer, <init>(I)V >"	"bb0"
"< Application, Lorg/apache/log4j/nt/NTEventLogAppender, activateOptions()V >"	"bb0"
"< Application, Lorg/apache/log4j/helpers/OptionConverter, <clinit>()V >"	"bb0"
"< Application, Lorg/apache/log4j/spi/LoggingEvent, getThrowableInformation()Lorg/apache/log4j/spi/ThrowableInformation; >"	"bb0"
"< Application, Lorg/apache/log4j/or/RendererMap, get(Ljava/lang/Object;)Lorg/apache/log4j/or/ObjectRenderer; >"	"bb0"
"< Application, Lorg/apache/log4j/AppenderSkeleton, getName()Ljava/lang/String; >"	"bb0"
"< Application, Lorg/apache/log4j/PatternLayout, setOption(Ljava/lang/String;Ljava/lang/String;)V >"	"bb0"
"< Application, Lorg/apache/log4j/xml/DOMConfigurator, parse(Lorg/w3c/dom/Element;Lorg/apache/log4j/Hierarchy;)V >"	"bb0"
"< Application, Lorg/apache/log4j/xml/DOMConfigurator, <clinit>()V >"	"bb0"
"< Application, Lorg/apache/log4j/AppenderSkeleton, setThreshold(Lorg/apache/log4j/Priority;)V >"	"bb0"
"< Application, Lweblech/spider/URLToDownload, getURL()Ljava/net/URL; >"	"bb0"
"< Application, Lorg/apache/log4j/FileAppender, setFile(Ljava/lang/String;Z)V >"	"bb0"
"< Application, Lorg/apache/log4j/WriterAppender, reset()V >"	"bb0"
"< Application, Lorg/apache/log4j/helpers/DateLayout, setDateFormat(Ljava/lang/String;)V >"	"bb0"
"< Application, Lweblech/spider/SpiderConfig, setRefreshImages(Z)V >"	"bb0"
"< Application, Lorg/apache/log4j/NDC, setMaxDepth(I)V >"	"bb0"
"< Application, Lorg/apache/log4j/BasicConfigurator, disableAll()V >"	"bb0"
"< Application, Lweblech/spider/URLObject, <init>(Ljava/net/URL;Ljava/lang/String;[BLweblech/spider/SpiderConfig;)V >"	"bb0"
"< Application, Lorg/apache/log4j/Category, getPriority()Lorg/apache/log4j/Priority; >"	"bb0"
"< Application, Lorg/apache/log4j/helpers/NullEnumeration, getInstance()Lorg/apache/log4j/helpers/NullEnumeration; >"	"bb0"
"< Application, Lorg/apache/log4j/HTMLLayout, <clinit>()V >"	"bb0"
"< Application, Lorg/apache/log4j/Layout, getHeader()Ljava/lang/String; >"	"bb0"
"< Application, Lorg/apache/log4j/varia/PriorityRangeFilter, getPriorityMin()Lorg/apache/log4j/Priority; >"	"bb0"
"< Application, Lorg/apache/log4j/helpers/FileWatchdog, setDelay(J)V >"	"bb0"
"< Application, Lorg/apache/log4j/PropertyConfigurator, doConfigure(Ljava/net/URL;Lorg/apache/log4j/Hierarchy;)V >"	"bb0"
"< Application, Lweblech/spider/SpiderConfig, getBasicAuthPassword()Ljava/lang/String; >"	"bb0"
"< Application, Lorg/apache/log4j/helpers/OptionConverter, instantiateByKey(Ljava/util/Properties;Ljava/lang/String;Ljava/lang/Class;Ljava/lang/Object;)Ljava/lang/Object; >"	"bb0"
"< Application, Lorg/apache/log4j/DailyRollingFileAppender, <init>()V >"	"bb0"
"< Application, Lorg/apache/log4j/helpers/QuietWriter, setErrorHandler(Lorg/apache/log4j/spi/ErrorHandler;)V >"	"bb0"
"< Application, Lorg/apache/log4j/helpers/PatternParser$BasicPatternConverter, <init>(Lorg/apache/log4j/helpers/FormattingInfo;I)V >"	"bb0"
"< Application, Lorg/apache/log4j/helpers/LogLog, error(Ljava/lang/String;Ljava/lang/Throwable;)V >"	"bb0"
"< Application, Lorg/apache/log4j/Category, getInstance(Ljava/lang/Class;)Lorg/apache/log4j/Category; >"	"bb0"
"< Application, Lweblech/spider/SpiderConfig, getSaveRootDirectory()Ljava/io/File; >"	"bb0"
"< Application, Lorg/apache/log4j/FileAppender, activateOptions()V >"	"bb0"
"< Application, Lorg/apache/log4j/net/SyslogAppender, <init>()V >"	"bb0"
"< Application, Lorg/apache/log4j/spi/Filter, activateOptions()V >"	"bb0"
"< Application, Lorg/apache/log4j/RollingFileAppenderBeanInfo, <init>()V >"	"bb0"
"< Application, Lweblech/spider/URLGetter, <clinit>()V >"	"bb0"
"< Application, Lorg/apache/log4j/varia/HUP, run()V >"	"bb0"
"< Application, Lweblech/spider/URLObject, getContentType()Ljava/lang/String; >"	"bb0"
"< Application, Lorg/apache/log4j/Hierarchy, isDisabled(I)Z >"	"bb0"
"< Application, Lorg/apache/log4j/helpers/PatternConverter, <init>(Lorg/apache/log4j/helpers/FormattingInfo;)V >"	"bb0"
"< Application, Lorg/apache/log4j/NDC, push(Ljava/lang/String;)V >"	"bb0"
"< Application, Lorg/apache/log4j/varia/PriorityMatchFilter, setOption(Ljava/lang/String;Ljava/lang/String;)V >"	"bb0"
"< Application, Lorg/apache/log4j/spi/LocationInfo, getFileName()Ljava/lang/String; >"	"bb0"
"< Application, Lorg/apache/log4j/helpers/Loader, <init>()V >"	"bb0"
"< Application, Lorg/apache/log4j/nt/NTEventLogAppender, append(Lorg/apache/log4j/spi/LoggingEvent;)V >"	"bb0"
"< Application, Lorg/apache/log4j/AppenderSkeleton, setLayout(Lorg/apache/log4j/Layout;)V >"	"bb0"
"< Application, Lorg/apache/log4j/xml/XMLLayout, <init>()V >"	"bb0"
"< Application, Lorg/apache/log4j/net/SocketAppender, setReconnectionDelay(I)V >"	"bb0"
"< Application, Lorg/apache/log4j/varia/PriorityMatchFilter, getOptionStrings()[Ljava/lang/String; >"	"bb0"
"< Application, Lorg/apache/log4j/helpers/CyclicBuffer, get(I)Lorg/apache/log4j/spi/LoggingEvent; >"	"bb0"
"< Application, Lorg/apache/log4j/FileAppender, setFile(Ljava/lang/String;)V >"	"bb0"
"< Application, Lorg/apache/log4j/net/SocketServer, init(Ljava/lang/String;Ljava/lang/String;Ljava/lang/String;)V >"	"bb0"
"< Application, Lorg/apache/log4j/Dispatcher, close()V >"	"bb0"
"< Application, Lorg/apache/log4j/SimpleLayout, format(Lorg/apache/log4j/spi/LoggingEvent;)Ljava/lang/String; >"	"bb0"
"< Application, Lorg/apache/log4j/Category, setHierarchy(Lorg/apache/log4j/Hierarchy;)V >"	"bb0"
"< Application, Lorg/apache/log4j/Category, error(Ljava/lang/Object;Ljava/lang/Throwable;)V >"	"bb0"
"< Application, Lweblech/spider/SpiderConfig, setBoringURLSubstrings(Ljava/util/List;)V >"	"bb0"
"< Application, Lorg/apache/log4j/Hierarchy, exists(Ljava/lang/String;)Lorg/apache/log4j/Category; >"	"bb0"
"< Application, Lorg/apache/log4j/net/SyslogAppender, getFacility(Ljava/lang/String;)I >"	"bb0"
"< Application, Lorg/apache/log4j/helpers/NullEnumeration, <init>()V >"	"bb0"
"< Application, Lorg/apache/log4j/BasicConfigurator, class$(Ljava/lang/String;)Ljava/lang/Class; >"	"bb0"
"< Application, Lorg/apache/log4j/BasicConfigurator, disableDebug()V >"	"bb0"
"< Application, Lorg/apache/log4j/varia/ExternallyRolledFileAppender, setOption(Ljava/lang/String;Ljava/lang/String;)V >"	"bb0"
"< Application, Lorg/apache/log4j/AsyncAppender, getBufferSize()I >"	"bb0"
"< Application, Lorg/apache/log4j/net/SocketAppender, getAddressByName(Ljava/lang/String;)Ljava/net/InetAddress; >"	"bb0"
"< Application, Lorg/apache/log4j/helpers/FileWatchdog, <init>(Ljava/lang/String;)V >"	"bb0"
"< Application, Lorg/apache/log4j/varia/DenyAllFilter, getOptionStrings()[Ljava/lang/String; >"	"bb0"
"< Application, Lorg/apache/log4j/net/SocketServer, usage(Ljava/lang/String;)V >"	"bb0"
"< Application, Lorg/apache/log4j/net/JMSAppender, append(Lorg/apache/log4j/spi/LoggingEvent;)V >"	"bb0"
"< Application, Lorg/apache/log4j/xml/DOMConfigurator, parseRenderer(Lorg/w3c/dom/Element;Lorg/apache/log4j/Hierarchy;)V >"	"bb0"
"< Application, Lorg/apache/log4j/DailyRollingFileAppender, activateOptions()V >"	"bb0"
"< Application, Lorg/apache/log4j/helpers/Loader, resolveName(Ljava/lang/String;Ljava/lang/Class;)Ljava/lang/String; >"	"bb0"
"< Application, Lorg/apache/log4j/HTMLLayout, setOption(Ljava/lang/String;Ljava/lang/String;)V >"	"bb0"
"< Application, Lorg/apache/log4j/AppenderSkeleton, <init>()V >"	"bb0"
"< Application, Lorg/apache/log4j/config/PropertyGetter, <init>(Ljava/lang/Object;)V >"	"bb0"
"< Application, Lorg/apache/log4j/helpers/QuietWriter, flush()V >"	"bb0"
"< Application, Lorg/apache/log4j/net/SMTPAppender, class$(Ljava/lang/String;)Ljava/lang/Class; >"	"bb0"
"< Application, Lorg/apache/log4j/FileAppender, setOption(Ljava/lang/String;Ljava/lang/String;)V >"	"bb0"
"< Application, Lorg/apache/log4j/HTMLLayout, getContentType()Ljava/lang/String; >"	"bb0"
"< Application, Lorg/apache/log4j/helpers/DateTimeDateFormat, parse(Ljava/lang/String;Ljava/text/ParsePosition;)Ljava/util/Date; >"	"bb0"
"< Application, Lweblech/spider/SpiderConfig, getCheckpointInterval()J >"	"bb0"
"< Application, Lorg/apache/log4j/Category, callAppenders(Lorg/apache/log4j/spi/LoggingEvent;)V >"	"bb0"
"< Application, Lorg/apache/log4j/Priority, toPriority(I)Lorg/apache/log4j/Priority; >"	"bb0"
"< Application, Lorg/apache/log4j/PropertyConfigurator, configure(Ljava/util/Properties;)V >"	"bb0"
"< Application, Lweblech/spider/Spider, <init>(Lweblech/spider/SpiderConfig;)V >"	"bb0"
"< Application, Lorg/apache/log4j/helpers/PatternParser$LocationPatternConverter, convert(Lorg/apache/log4j/spi/LoggingEvent;)Ljava/lang/String; >"	"bb0"
"< Application, Lorg/apache/log4j/SimpleLayout, <init>()V >"	"bb0"
"< Application, Lorg/apache/log4j/Layout, getFooter()Ljava/lang/String; >"	"bb0"
"< Application, Lweblech/spider/SpiderConfig, isBoring(Ljava/net/URL;)Z >"	"bb0"
"< Application, Lweblech/spider/SpiderConfig, setURLMatch(Ljava/lang/String;)V >"	"bb0"
"< Application, Lorg/apache/log4j/or/ThreadGroupRenderer, <init>()V >"	"bb0"
"< Application, Lorg/apache/log4j/config/PropertyGetter, class$(Ljava/lang/String;)Ljava/lang/Class; >"	"bb0"
"< Application, Lweblech/spider/URLObject, isHTML()Z >"	"bb0"
"< Application, Lorg/apache/log4j/net/SocketAppender, requiresLayout()Z >"	"bb0"
"< Application, Lorg/apache/log4j/spi/ThrowableInformation, getThrowableStrRep()[Ljava/lang/String; >"	"bb0"
"< Application, Lorg/apache/log4j/Category, getResourceBundle()Ljava/util/ResourceBundle; >"	"bb0"
"< Application, Lorg/apache/log4j/Category, getAppender(Ljava/lang/String;)Lorg/apache/log4j/Appender; >"	"bb0"
"< Application, Lorg/apache/log4j/helpers/PatternParser, addToList(Lorg/apache/log4j/helpers/PatternConverter;)V >"	"bb0"
"< Application, Lorg/apache/log4j/xml/DOMConfigurator, doConfigure(Ljava/lang/String;Lorg/apache/log4j/Hierarchy;)V >"	"bb0"
"< Application, Lorg/apache/log4j/config/PropertyPrinter, printOptions(Ljava/io/PrintWriter;Lorg/apache/log4j/Category;)V >"	"bb0"
"< Application, Lorg/apache/log4j/PropertyConfigurator, doConfigure(Ljava/util/Properties;Lorg/apache/log4j/Hierarchy;)V >"	"bb0"
"< Application, Lorg/apache/log4j/helpers/PatternParser$NamedPatternConverter, convert(Lorg/apache/log4j/spi/LoggingEvent;)Ljava/lang/String; >"	"bb0"
"< Application, Lorg/apache/log4j/net/JMSAppender, lookup(Ljavax/naming/Context;Ljava/lang/String;)Ljava/lang/Object; >"	"bb0"
"< Application, Lorg/apache/log4j/spi/LoggingEvent, getThrowableStrRep()[Ljava/lang/String; >"	"bb0"
"< Application, Lorg/apache/log4j/spi/LoggingEvent, getStartTime()J >"	"bb0"
"< Application, Lorg/apache/log4j/net/SocketServer, class$(Ljava/lang/String;)Ljava/lang/Class; >"	"bb0"
"< Application, Lorg/apache/log4j/AsyncAppender, <init>()V >"	"bb0"
"< Application, Lorg/apache/log4j/spi/LoggingEvent, <clinit>()V >"	"bb0"
"< Application, Lorg/apache/log4j/AsyncAppender, getLocationInfo()Z >"	"bb0"
"< Application, Lweblech/spider/DownloadQueue, <init>(Lweblech/spider/SpiderConfig;)V >"	"bb0"
"< Application, Lorg/apache/log4j/net/SocketAppender, <init>()V >"	"bb0"
"< Application, Lorg/apache/log4j/nt/NTEventLogAppender, setOption(Ljava/lang/String;Ljava/lang/String;)V >"	"bb0"
"< Application, Lorg/apache/log4j/Category, getDefaultHierarchy()Lorg/apache/log4j/Hierarchy; >"	"bb0"
"< Application, Lorg/apache/log4j/net/DefaultEvaluator, <init>()V >"	"bb0"
"< Application, Lorg/apache/log4j/helpers/AbsoluteTimeDateFormat, format(Ljava/util/Date;Ljava/lang/StringBuffer;Ljava/text/FieldPosition;)Ljava/lang/StringBuffer; >"	"bb0"
"< Application, Lorg/apache/log4j/ConsoleAppender, <init>(Lorg/apache/log4j/Layout;Ljava/lang/String;)V >"	"bb0"
"< Application, Lorg/apache/log4j/FileAppender, closeFile()V >"	"bb0"
"< Application, Lorg/apache/log4j/helpers/PatternParser$CategoryPatternConverter, <init>(Lorg/apache/log4j/helpers/PatternParser;Lorg/apache/log4j/helpers/FormattingInfo;I)V >"	"bb0"
"< Application, Lorg/apache/log4j/net/SyslogAppender, setFacilityPrinting(Z)V >"	"bb0"
"< Application, Lweblech/spider/SpiderConfig, setSaveRootDirectory(Ljava/io/File;)V >"	"bb0"
"< Application, Lorg/apache/log4j/RollingFileAppender, <init>(Lorg/apache/log4j/Layout;Ljava/lang/String;)V >"	"bb0"
"< Application, Lorg/apache/log4j/helpers/OptionConverter, toPriority(Ljava/lang/String;Lorg/apache/log4j/Priority;)Lorg/apache/log4j/Priority; >"	"bb0"
"< Application, Lorg/apache/log4j/DailyRollingFileAppender, getDatePattern()Ljava/lang/String; >"	"bb0"
"< Application, Lorg/apache/log4j/AsyncAppender, setLocationInfo(Z)V >"	"bb0"
"< Application, Lorg/apache/log4j/varia/ExternallyRolledFileAppender, getOptionStrings()[Ljava/lang/String; >"	"bb0"
"< Application, Lorg/apache/log4j/helpers/OptionConverter, <init>()V >"	"bb0"
"< Application, Lorg/apache/log4j/config/PropertyPrinter, print(Ljava/io/PrintWriter;)V >"	"bb0"
"< Application, Lorg/apache/log4j/Category, getInstance(Ljava/lang/String;Lorg/apache/log4j/spi/CategoryFactory;)Lorg/apache/log4j/Category; >"	"bb0"
"< Application, Lorg/apache/log4j/helpers/CyclicBuffer, getMaxSize()I >"	"bb0"
"< Application, Lorg/apache/log4j/RollingCalendar, <init>()V >"	"bb0"
"< Application, Lorg/apache/log4j/Hierarchy, getRoot()Lorg/apache/log4j/Category; >"	"bb0"
"< Application, Lorg/apache/log4j/net/SMTPAppender, getBufferSize()I >"	"bb0"
"< Application, Lweblech/spider/URLObject, <clinit>()V >"	"bb0"
"< Application, Lorg/apache/log4j/BasicConfigurator, enableAll()V >"	"bb0"
"< Application, Lorg/apache/log4j/Category, debug(Ljava/lang/Object;Ljava/lang/Throwable;)V >"	"bb0"
"< Application, Lorg/apache/log4j/xml/DOMConfigurator, setParameter(Lorg/w3c/dom/Element;Lorg/apache/log4j/config/PropertySetter;)V >"	"bb0"
"< Application, Lorg/apache/log4j/helpers/SyslogWriter, write([CII)V >"	"bb0"
"< Application, Lorg/apache/log4j/helpers/OptionConverter, getSystemProperty(Ljava/lang/String;Ljava/lang/String;)Ljava/lang/String; >"	"bb0"
"< Application, Lorg/apache/log4j/varia/StringMatchFilter, getStringToMatch()Ljava/lang/String; >"	"bb0"
"< Application, Lweblech/ui/TextSpider, <clinit>()V >"	"bb0"
"< Application, Lorg/apache/log4j/net/SocketAppender, setLocationInfo(Z)V >"	"bb0"
"< Application, Lorg/apache/log4j/varia/DenyAllFilter, decide(Lorg/apache/log4j/spi/LoggingEvent;)I >"	"bb0"
"< Application, Lorg/apache/log4j/helpers/SyslogQuietWriter, setSyslogFacility(I)V >"	"bb0"
"< Application, Lorg/apache/log4j/helpers/OptionConverter, selectAndConfigure(Ljava/net/URL;Lorg/apache/log4j/Hierarchy;)V >"	"bb0"
"< Application, Lweblech/spider/Spider, stop()V >"	"bb0"
"< Application, Lorg/apache/log4j/Category, <init>(Ljava/lang/String;)V >"	"bb0"
"< Application, Lorg/apache/log4j/SimpleLayout, activateOptions()V >"	"bb0"
"< Application, Lorg/apache/log4j/helpers/FormattingInfo, <init>()V >"	"bb0"
"< Application, Lorg/apache/log4j/PropertyConfigurator, parseAdditivityForCategory(Ljava/util/Properties;Lorg/apache/log4j/Category;Ljava/lang/String;)V >"	"bb0"
"< Application, Lorg/apache/log4j/Category, l7dlog(Lorg/apache/log4j/Priority;Ljava/lang/String;[Ljava/lang/Object;Ljava/lang/Throwable;)V >"	"bb0"
"< Application, Lorg/apache/log4j/helpers/AppenderAttachableImpl, <init>()V >"	"bb0"
"< Application, Lorg/apache/log4j/HTMLLayout, setTitle(Ljava/lang/String;)V >"	"bb0"
"< Application, Lorg/apache/log4j/helpers/DateLayout, setDateFormat(Ljava/lang/String;Ljava/util/TimeZone;)V >"	"bb0"
"< Application, Lorg/apache/log4j/HTMLLayout, getTitle()Ljava/lang/String; >"	"bb0"
"< Application, Lorg/apache/log4j/helpers/AppenderAttachableImpl, getAppender(Ljava/lang/String;)Lorg/apache/log4j/Appender; >"	"bb0"
"< Application, Lorg/apache/log4j/net/SocketServer, genericHierarchy()Lorg/apache/log4j/Hierarchy; >"	"bb0"
"< Application, Lorg/apache/log4j/Priority, getSyslogEquivalent()I >"	"bb0"
"< Application, Lorg/apache/log4j/helpers/PatternConverter, <clinit>()V >"	"bb0"
"< Application, Lorg/apache/log4j/net/SMTPAppender, <init>(Lorg/apache/log4j/spi/TriggeringEventEvaluator;)V >"	"bb0"
"< Application, Lorg/apache/log4j/helpers/OnlyOnceErrorHandler, getOptionStrings()[Ljava/lang/String; >"	"bb0"
"< Application, Lweblech/spider/Spider, writeCheckpoint()V >"	"bb0"
"< Application, Lweblech/spider/DownloadQueue, toString()Ljava/lang/String; >"	"bb0"
"< Application, Lweblech/spider/SpiderConfig, parseSet(Ljava/lang/String;)Ljava/util/Set; >"	"bb0"
"< Application, Lorg/apache/log4j/xml/DOMConfigurator, parseRoot(Lorg/w3c/dom/Element;Lorg/apache/log4j/Hierarchy;)V >"	"bb0"
"< Application, Lorg/apache/log4j/spi/LocationInfo, getClassName()Ljava/lang/String; >"	"bb0"
"< Application, Lorg/apache/log4j/net/JMSAppender, setOption(Ljava/lang/String;Ljava/lang/String;)V >"	"bb0"
"< Application, Lorg/apache/log4j/or/RendererMap, <init>()V >"	"bb0"
"< Application, Lorg/apache/log4j/spi/VectorWriter, println(Ljava/lang/Object;)V >"	"bb0"
"< Application, Lorg/apache/log4j/FileAppender, getOptionStrings()[Ljava/lang/String; >"	"bb0"
"< Application, Lorg/apache/log4j/PropertyConfigurator, configureAndWatch(Ljava/lang/String;J)V >"	"bb0"
"< Application, Lorg/apache/log4j/Hierarchy, disableInfo()V >"	"bb0"
"< Application, Lorg/apache/log4j/CategoryKey, equals(Ljava/lang/Object;)Z >"	"bb0"
"< Application, Lorg/apache/log4j/FileAppender, <init>(Lorg/apache/log4j/Layout;Ljava/lang/String;Z)V >"	"bb0"
"< Application, Lorg/apache/log4j/net/SocketAppender, fireConnector()V >"	"bb0"
"< Application, Lorg/apache/log4j/WriterAppender, setWriter(Ljava/io/Writer;)V >"	"bb0"
"< Application, Lweblech/spider/Spider, queueSize()I >"	"bb0"
"< Application, Lorg/apache/log4j/RollingFileAppender, <init>(Lorg/apache/log4j/Layout;Ljava/lang/String;Z)V >"	"bb0"
"< Application, Lorg/apache/log4j/helpers/PatternConverter, <init>()V >"	"bb0"
"< Application, Lorg/apache/log4j/Category, fatal(Ljava/lang/Object;Ljava/lang/Throwable;)V >"	"bb0"
"< Application, Lorg/apache/log4j/PropertyConfigurator, configure(Ljava/net/URL;)V >"	"bb0"
"< Application, Lorg/apache/log4j/AsyncAppender, getAllAppenders()Ljava/util/Enumeration; >"	"bb0"
"< Application, Lweblech/spider/HTMLParser, <clinit>()V >"	"bb0"
"< Application, Lorg/apache/log4j/net/SMTPAppender, setEvaluatorClass(Ljava/lang/String;)V >"	"bb0"
"< Application, Lorg/apache/log4j/PatternLayout, <init>(Ljava/lang/String;)V >"	"bb0"
"< Application, Lorg/apache/log4j/nt/NTEventLogAppender, <init>()V >"	"bb0"
"< Application, Lorg/apache/log4j/Hierarchy, getCurrentCategories()Ljava/util/Enumeration; >"	"bb0"
"< Application, Lorg/apache/log4j/Category, l7dlog(Lorg/apache/log4j/Priority;Ljava/lang/String;Ljava/lang/Throwable;)V >"	"bb0"
"< Application, Lorg/apache/log4j/Category, removeAllAppenders()V >"	"bb0"
"< Application, Lorg/apache/log4j/Category, exists(Ljava/lang/String;)Lorg/apache/log4j/Category; >"	"bb0"
"< Application, Lorg/apache/log4j/Hierarchy, getInstance(Ljava/lang/String;Lorg/apache/log4j/spi/CategoryFactory;)Lorg/apache/log4j/Category; >"	"bb0"
"< Application, Lorg/apache/log4j/varia/PriorityRangeFilter, setPriorityMin(Lorg/apache/log4j/Priority;)V >"	"bb0"
"< Application, Lweblech/spider/SpiderConfig, setBasicAuthUser(Ljava/lang/String;)V >"	"bb0"
"< Application, Lorg/apache/log4j/PropertyConfigurator, configureRootCategory(Ljava/util/Properties;Lorg/apache/log4j/Hierarchy;)V >"	"bb0"
"< Application, Lorg/apache/log4j/RollingFileAppender, subAppend(Lorg/apache/log4j/spi/LoggingEvent;)V >"	"bb0"
"< Application, Lorg/apache/log4j/helpers/DateLayout, getTimeZone()Ljava/lang/String; >"	"bb0"
"< Application, Lorg/apache/log4j/config/PropertySetter, introspect()V >"	"bb0"
"< Application, Lweblech/spider/SpiderConfig, getSpiderThreads()I >"	"bb0"
"< Application, Lorg/apache/log4j/varia/HUPNode, <init>(Ljava/net/Socket;Lorg/apache/log4j/varia/ExternallyRolledFileAppender;)V >"	"bb0"
"< Application, Lorg/apache/log4j/config/PropertySetter, class$(Ljava/lang/String;)Ljava/lang/Class; >"	"bb0"
"< Application, Lorg/apache/log4j/WriterAppender, close()V >"	"bb0"
"< Application, Lorg/apache/log4j/helpers/LogLog, <init>()V >"	"bb0"
"< Application, Lorg/apache/log4j/RollingFileAppender, rollOver()V >"	"bb0"
"< Application, Lorg/apache/log4j/Hierarchy, addRenderer(Ljava/lang/Class;Lorg/apache/log4j/or/ObjectRenderer;)V >"	"bb0"
