"< Application, Lorg/apache/log4j/xml/XMLLayout, DEFAULT_SIZE, <Primordial,I> >"	java_type_prim(java_prim_type_int)
"< Application, Lorg/apache/log4j/helpers/OptionConverter, class$org$apache$log4j$spi$Configurator, <Application,Ljava/lang/Class> >"	java_type_ref("<Primordial,Ljava/lang/Class>")
"< Application, Lorg/apache/log4j/PropertyConfigurator, CATEGORY_FACTORY_KEY, <Application,Ljava/lang/String> >"	java_type_ref("<Primordial,Ljava/lang/String>")
"< Application, Lorg/apache/log4j/net/SyslogAppender, LOG_AUTHPRIV, <Primordial,I> >"	java_type_prim(java_prim_type_int)
"< Application, Lorg/apache/log4j/Dispatcher, aai, <Application,Lorg/apache/log4j/helpers/AppenderAttachableImpl> >"	java_type_ref("<Application,Lorg/apache/log4j/helpers/AppenderAttachableImpl>")
"< Application, Lorg/apache/log4j/net/SocketAppender$Connector, interrupted, <Primordial,Z> >"	java_type_prim(java_prim_type_boolean)
"< Application, Lorg/apache/log4j/net/SMTPAppender, EVALUATOR_CLASS_OPTION, <Application,Ljava/lang/String> >"	java_type_ref("<Primordial,Ljava/lang/String>")
"< Application, Lweblech/spider/DumbAuthenticator, _logClass, <Application,Lorg/apache/log4j/Category> >"	java_type_ref("<Application,Lorg/apache/log4j/Category>")
"< Application, Lorg/apache/log4j/net/JMSAppender, topicConnection, <Application,Ljavax/jms/TopicConnection> >"	java_type_ref("null")
"< Application, Lorg/apache/log4j/xml/DOMConfigurator, REF_ATTR, <Application,Ljava/lang/String> >"	java_type_ref("<Primordial,Ljava/lang/String>")
"< Application, Lorg/apache/log4j/config/PropertyPrinter, doCapitalize, <Primordial,Z> >"	java_type_prim(java_prim_type_boolean)
"< Application, Lorg/apache/log4j/net/SMTPAppender, subject, <Application,Ljava/lang/String> >"	java_type_ref("<Primordial,Ljava/lang/String>")
"< Application, Lorg/apache/log4j/net/SocketAppender, connector, <Application,Lorg/apache/log4j/net/SocketAppender$Connector> >"	java_type_ref("<Application,Lorg/apache/log4j/net/SocketAppender$Connector>")
"< Application, Lorg/apache/log4j/spi/LoggingEvent, category, <Application,Lorg/apache/log4j/Category> >"	java_type_ref("<Application,Lorg/apache/log4j/Category>")
"< Application, Lorg/apache/log4j/Priority, syslogEquivalent, <Primordial,I> >"	java_type_prim(java_prim_type_int)
"< Application, Lorg/apache/log4j/xml/DOMConfigurator, RENDERER_TAG, <Application,Ljava/lang/String> >"	java_type_ref("<Primordial,Ljava/lang/String>")
"< Application, Lorg/apache/log4j/helpers/BoundedFIFO, next, <Primordial,I> >"	java_type_prim(java_prim_type_int)
"< Application, Lorg/apache/log4j/Category, defaultHierarchy, <Application,Lorg/apache/log4j/Hierarchy> >"	java_type_ref("<Application,Lorg/apache/log4j/Hierarchy>")
"< Application, Lorg/apache/log4j/varia/PriorityRangeFilter, acceptOnMatch, <Primordial,Z> >"	java_type_prim(java_prim_type_boolean)
"< Application, Lorg/apache/log4j/helpers/PatternConverter, SPACES, <Application,[Ljava/lang/String> >"	java_type_array(java_type_ref("<Primordial,Ljava/lang/String>"))
"< Application, Lorg/apache/log4j/RollingFileAppender, MAX_FILE_SIZE_OPTION, <Application,Ljava/lang/String> >"	java_type_ref("<Primordial,Ljava/lang/String>")
"< Application, Lorg/apache/log4j/nt/NTEventLogAppender, SOURCE_OPTION, <Application,Ljava/lang/String> >"	java_type_ref("<Primordial,Ljava/lang/String>")
"< Application, Lorg/apache/log4j/net/SocketNode, class$org$apache$log4j$net$SocketNode, <Application,Ljava/lang/Class> >"	java_type_ref("<Primordial,Ljava/lang/Class>")
"< Application, Lorg/apache/log4j/xml/XMLLayout, LOCATION_INFO_OPTION, <Application,Ljava/lang/String> >"	java_type_ref("<Primordial,Ljava/lang/String>")
"< Application, Lorg/apache/log4j/net/SocketServer, dir, <Application,Ljava/io/File> >"	java_type_ref("<Primordial,Ljava/io/File>")
"< Application, Lorg/apache/log4j/Priority, DEBUG, <Application,Lorg/apache/log4j/Priority> >"	java_type_ref("<Application,Lorg/apache/log4j/Priority>")
"< Application, Lorg/apache/log4j/BasicConfigurator, DISABLE_KEY, <Application,Ljava/lang/String> >"	java_type_ref("<Primordial,Ljava/lang/String>")
"< Application, Lorg/apache/log4j/helpers/BoundedFIFO, maxSize, <Primordial,I> >"	java_type_prim(java_prim_type_int)
"< Application, Lweblech/spider/Spider, lastCheckpoint, <Primordial,J> >"	java_type_prim(java_prim_type_long)
"< Application, Lorg/apache/log4j/xml/DOMConfigurator, RENDERED_CLASS_ATTR, <Application,Ljava/lang/String> >"	java_type_ref("<Primordial,Ljava/lang/String>")
"< Application, Lorg/apache/log4j/spi/LocationInfo, methodName, <Application,Ljava/lang/String> >"	java_type_ref("<Primordial,Ljava/lang/String>")
"< Application, Lorg/apache/log4j/varia/PriorityMatchFilter, priorityToMatch, <Application,Lorg/apache/log4j/Priority> >"	java_type_ref("<Application,Lorg/apache/log4j/Priority>")
"< Application, Lorg/apache/log4j/helpers/PatternParser, CLASS_LOCATION_CONVERTER, <Primordial,I> >"	java_type_prim(java_prim_type_int)
"< Application, Lorg/apache/log4j/net/SimpleSocketServer, class$org$apache$log4j$net$SimpleSocketServer, <Application,Ljava/lang/Class> >"	java_type_ref("<Primordial,Ljava/lang/Class>")
"< Application, Lweblech/spider/URLObject, content, <Primordial,[B> >"	java_type_array(java_type_prim(java_prim_type_byte))
"< Application, Lorg/apache/log4j/varia/PriorityRangeFilter, ACCEPT_ON_MATCH_OPTION, <Application,Ljava/lang/String> >"	java_type_ref("<Primordial,Ljava/lang/String>")
"< Application, Lorg/apache/log4j/varia/PriorityRangeFilter, priorityMax, <Application,Lorg/apache/log4j/Priority> >"	java_type_ref("<Application,Lorg/apache/log4j/Priority>")
"< Application, Lorg/apache/log4j/spi/ErrorCode, MISSING_LAYOUT, <Primordial,I> >"	java_type_prim(java_prim_type_int)
"< Application, Lorg/apache/log4j/HTMLLayout, title, <Application,Ljava/lang/String> >"	java_type_ref("<Primordial,Ljava/lang/String>")
"< Application, Lorg/apache/log4j/spi/LoggingEvent, ndc, <Application,Ljava/lang/String> >"	java_type_ref("<Primordial,Ljava/lang/String>")
"< Application, Lorg/apache/log4j/WriterAppender, immediateFlush, <Primordial,Z> >"	java_type_prim(java_prim_type_boolean)
"< Application, Lorg/apache/log4j/net/JMSAppender, TOPIC_BINDING_NAME_OPTION, <Application,Ljava/lang/String> >"	java_type_ref("<Primordial,Ljava/lang/String>")
"< Application, Lorg/apache/log4j/Category, hierarchy, <Application,Lorg/apache/log4j/Hierarchy> >"	java_type_ref("<Application,Lorg/apache/log4j/Hierarchy>")
"< Application, Lorg/apache/log4j/varia/ExternallyRolledFileAppender, OK, <Application,Ljava/lang/String> >"	java_type_ref("<Primordial,Ljava/lang/String>")
"< Application, Lorg/apache/log4j/net/SyslogAppender, LOG_UUCP, <Primordial,I> >"	java_type_prim(java_prim_type_int)
"< Application, Lorg/apache/log4j/PatternLayout, DEFAULT_CONVERSION_PATTERN, <Application,Ljava/lang/String> >"	java_type_ref("<Primordial,Ljava/lang/String>")
"< Application, Lorg/apache/log4j/AppenderSkeleton, tailFilter, <Application,Lorg/apache/log4j/spi/Filter> >"	java_type_ref("<Application,Lorg/apache/log4j/spi/Filter>")
"< Application, Lorg/apache/log4j/xml/DOMConfigurator, class$org$apache$log4j$spi$Filter, <Application,Ljava/lang/Class> >"	java_type_ref("<Primordial,Ljava/lang/Class>")
"< Application, Lorg/apache/log4j/xml/DOMConfigurator, ROOT_TAG, <Application,Ljava/lang/String> >"	java_type_ref("<Primordial,Ljava/lang/String>")
"< Application, Lorg/apache/log4j/ConsoleAppender, target, <Application,Ljava/lang/String> >"	java_type_ref("<Primordial,Ljava/lang/String>")
"< Application, Lorg/apache/log4j/net/SyslogAppender, LOG_KERN, <Primordial,I> >"	java_type_prim(java_prim_type_int)
"< Application, Lorg/apache/log4j/TTCCLayout, CATEGORY_PREFIXING_OPTION, <Application,Ljava/lang/String> >"	java_type_ref("<Primordial,Ljava/lang/String>")
"< Application, Lorg/apache/log4j/varia/HUPNode, socket, <Application,Ljava/net/Socket> >"	java_type_ref("<Primordial,Ljava/net/Socket>")
"< Application, Lorg/apache/log4j/net/JMSAppender, tcfBindingName, <Application,Ljava/lang/String> >"	java_type_ref("<Primordial,Ljava/lang/String>")
"< Application, Lorg/apache/log4j/spi/LoggingEvent, threadName, <Application,Ljava/lang/String> >"	java_type_ref("<Primordial,Ljava/lang/String>")
"< Application, Lorg/apache/log4j/helpers/OnlyOnceErrorHandler, ERROR_PREFIX, <Application,Ljava/lang/String> >"	java_type_ref("<Primordial,Ljava/lang/String>")
"< Application, Lorg/apache/log4j/SimpleLayout, sbuf, <Application,Ljava/lang/StringBuffer> >"	java_type_ref("<Primordial,Ljava/lang/StringBuffer>")
"< Application, Lorg/apache/log4j/AsyncAppender, aai, <Application,Lorg/apache/log4j/helpers/AppenderAttachableImpl> >"	java_type_ref("<Application,Lorg/apache/log4j/helpers/AppenderAttachableImpl>")
"< Application, Lorg/apache/log4j/AppenderSkeleton, threshold, <Application,Lorg/apache/log4j/Priority> >"	java_type_ref("<Application,Lorg/apache/log4j/Priority>")
"< Application, Lweblech/spider/HTMLParser, config, <Application,Lweblech/spider/SpiderConfig> >"	java_type_ref("<Application,Lweblech/spider/SpiderConfig>")
"< Application, Lorg/apache/log4j/net/SyslogAppender, FACILITY_PRINTING_OPTION, <Application,Ljava/lang/String> >"	java_type_ref("<Primordial,Ljava/lang/String>")
"< Application, Lorg/apache/log4j/DailyRollingFileAppender, HALF_DAY, <Primordial,I> >"	java_type_prim(java_prim_type_int)
"< Application, Lorg/apache/log4j/xml/DOMConfigurator, appenderBag, <Application,Ljava/util/Hashtable> >"	java_type_ref("<Primordial,Ljava/util/Hashtable>")
"< Application, Lorg/apache/log4j/spi/Filter, ACCEPT, <Primordial,I> >"	java_type_prim(java_prim_type_int)
"< Application, Lorg/apache/log4j/xml/XMLLayout, buf, <Application,Ljava/lang/StringBuffer> >"	java_type_ref("<Primordial,Ljava/lang/StringBuffer>")
"< Application, Lorg/apache/log4j/net/SocketAppender, port, <Primordial,I> >"	java_type_prim(java_prim_type_int)
"< Application, Lorg/apache/log4j/AsyncAppender, interruptedWarningMessage, <Primordial,Z> >"	java_type_prim(java_prim_type_boolean)
"< Application, Lorg/apache/log4j/xml/DOMConfigurator, ERROR_HANDLER_TAG, <Application,Ljava/lang/String> >"	java_type_ref("<Primordial,Ljava/lang/String>")
"< Application, Lorg/apache/log4j/spi/LocationInfo, pw, <Application,Ljava/io/PrintWriter> >"	java_type_ref("<Primordial,Ljava/io/PrintWriter>")
"< Application, Lorg/apache/log4j/net/SMTPAppender, TO_OPTION, <Application,Ljava/lang/String> >"	java_type_ref("<Primordial,Ljava/lang/String>")
"< Application, Lorg/apache/log4j/nt/NTEventLogAppender, ERROR, <Primordial,I> >"	java_type_prim(java_prim_type_int)
"< Application, Lorg/apache/log4j/helpers/BoundedFIFO, numElements, <Primordial,I> >"	java_type_prim(java_prim_type_int)
"< Application, Lorg/apache/log4j/NDC, pushCounter, <Primordial,I> >"	java_type_prim(java_prim_type_int)
"< Application, Lorg/apache/log4j/config/PropertyGetter, class$java$lang$String, <Application,Ljava/lang/Class> >"	java_type_ref("<Primordial,Ljava/lang/Class>")
"< Application, Lorg/apache/log4j/varia/PriorityMatchFilter, acceptOnMatch, <Primordial,Z> >"	java_type_prim(java_prim_type_boolean)
"< Application, Lorg/apache/log4j/Category, DEFAULT_CONFIGURATION_FILE, <Application,Ljava/lang/String> >"	java_type_ref("<Primordial,Ljava/lang/String>")
"< Application, Lorg/apache/log4j/helpers/LogLog, DEBUG_KEY, <Application,Ljava/lang/String> >"	java_type_ref("<Primordial,Ljava/lang/String>")
"< Application, Lorg/apache/log4j/DailyRollingFileAppender, rc, <Application,Lorg/apache/log4j/RollingCalendar> >"	java_type_ref("<Application,Lorg/apache/log4j/RollingCalendar>")
"< Application, Lorg/apache/log4j/varia/StringMatchFilter, ACCEPT_ON_MATCH_OPTION, <Application,Ljava/lang/String> >"	java_type_ref("<Primordial,Ljava/lang/String>")
"< Application, Lorg/apache/log4j/helpers/DateLayout, timeZoneID, <Application,Ljava/lang/String> >"	java_type_ref("<Primordial,Ljava/lang/String>")
"< Application, Lweblech/spider/SpiderConfig, boringURLSubstrings, <Application,Ljava/util/List> >"	java_type_ref("<Primordial,Ljava/util/List>")
"< Application, Lorg/apache/log4j/config/PropertySetter, props, <Application,[Ljava/beans/PropertyDescriptor> >"	java_type_array(java_type_ref("<Primordial,Ljava/beans/PropertyDescriptor>"))
"< Application, Lweblech/spider/URLGetter, failureCount, <Primordial,I> >"	java_type_prim(java_prim_type_int)
"< Application, Lorg/apache/log4j/AsyncAppender, locationInfo, <Primordial,Z> >"	java_type_prim(java_prim_type_boolean)
"< Application, Lorg/apache/log4j/RollingFileAppender, maxFileSize, <Primordial,J> >"	java_type_prim(java_prim_type_long)
"< Application, Lweblech/spider/Spider, urlsDownloadedOrScheduled, <Application,Ljava/util/Set> >"	java_type_ref("<Primordial,Ljava/util/Set>")
"< Application, Lorg/apache/log4j/spi/ErrorCode, CLOSE_FAILURE, <Primordial,I> >"	java_type_prim(java_prim_type_int)
"< Application, Lorg/apache/log4j/Priority, levelStr, <Application,Ljava/lang/String> >"	java_type_ref("<Primordial,Ljava/lang/String>")
"< Application, Lorg/apache/log4j/helpers/FileWatchdog, filename, <Application,Ljava/lang/String> >"	java_type_ref("<Primordial,Ljava/lang/String>")
"< Application, Lweblech/spider/SpiderConfig, refreshHTMLs, <Primordial,Z> >"	java_type_prim(java_prim_type_boolean)
"< Application, Lorg/apache/log4j/helpers/DateLayout, date, <Application,Ljava/util/Date> >"	java_type_ref("<Primordial,Ljava/util/Date>")
"< Application, Lorg/apache/log4j/HTMLLayout, BUF_SIZE, <Primordial,I> >"	java_type_prim(java_prim_type_int)
"< Application, Lweblech/spider/Spider, quit, <Primordial,Z> >"	java_type_prim(java_prim_type_boolean)
"< Application, Lorg/apache/log4j/varia/ExternallyRolledFileAppender, hup, <Application,Lorg/apache/log4j/varia/HUP> >"	java_type_ref("<Application,Lorg/apache/log4j/varia/HUP>")
"< Application, Lorg/apache/log4j/net/SyslogAppender, LOG_SYSLOG, <Primordial,I> >"	java_type_prim(java_prim_type_int)
"< Application, Lorg/apache/log4j/net/SocketAppender, counter, <Primordial,I> >"	java_type_prim(java_prim_type_int)
"< Application, Lorg/apache/log4j/DailyRollingFileAppender, scheduledFilename, <Application,Ljava/lang/String> >"	java_type_ref("<Primordial,Ljava/lang/String>")
"< Application, Lorg/apache/log4j/net/JMSAppender, topicPublisher, <Application,Ljavax/jms/TopicPublisher> >"	java_type_ref("null")
"< Application, Lorg/apache/log4j/net/SocketAppender, locationInfo, <Primordial,Z> >"	java_type_prim(java_prim_type_boolean)
"< Application, Lorg/apache/log4j/helpers/PatternParser, MAX_STATE, <Primordial,I> >"	java_type_prim(java_prim_type_int)
"< Application, Lorg/apache/log4j/net/SocketAppender, DEFAULT_RECONNECTION_DELAY, <Primordial,I> >"	java_type_prim(java_prim_type_int)
"< Application, Lorg/apache/log4j/FileAppender, FILE_OPTION, <Application,Ljava/lang/String> >"	java_type_ref("<Primordial,Ljava/lang/String>")
"< Application, Lorg/apache/log4j/net/SocketAppender, reconnectionDelay, <Primordial,I> >"	java_type_prim(java_prim_type_int)
"< Application, Lorg/apache/log4j/Category, additive, <Primordial,Z> >"	java_type_prim(java_prim_type_boolean)
"< Application, Lorg/apache/log4j/TTCCLayout, threadPrinting, <Primordial,Z> >"	java_type_prim(java_prim_type_boolean)
"< Application, Lorg/apache/log4j/AppenderSkeleton, layout, <Application,Lorg/apache/log4j/Layout> >"	java_type_ref("<Application,Lorg/apache/log4j/Layout>")
"< Application, Lorg/apache/log4j/xml/DOMConfigurator, PRIORITY_TAG, <Application,Ljava/lang/String> >"	java_type_ref("<Primordial,Ljava/lang/String>")
"< Application, Lorg/apache/log4j/helpers/CyclicBuffer, ea, <Application,[Lorg/apache/log4j/spi/LoggingEvent> >"	java_type_array(java_type_ref("<Application,Lorg/apache/log4j/spi/LoggingEvent>"))
"< Application, Lorg/apache/log4j/config/PropertyPrinter, numAppenders, <Primordial,I> >"	java_type_prim(java_prim_type_int)
"< Application, Lorg/apache/log4j/spi/LoggingEvent, throwableInfo, <Application,Lorg/apache/log4j/spi/ThrowableInformation> >"	java_type_ref("<Application,Lorg/apache/log4j/spi/ThrowableInformation>")
"< Application, Lorg/apache/log4j/net/JMSAppender, topicSession, <Application,Ljavax/jms/TopicSession> >"	java_type_ref("null")
"< Application, Lorg/apache/log4j/helpers/PatternParser, METHOD_LOCATION_CONVERTER, <Primordial,I> >"	java_type_prim(java_prim_type_int)
"< Application, Lorg/apache/log4j/helpers/PatternParser, head, <Application,Lorg/apache/log4j/helpers/PatternConverter> >"	java_type_ref("<Application,Lorg/apache/log4j/helpers/PatternConverter>")
"< Application, Lorg/apache/log4j/net/SMTPAppender, smtpHost, <Application,Ljava/lang/String> >"	java_type_ref("<Primordial,Ljava/lang/String>")
"< Application, Lorg/apache/log4j/net/SyslogAppender, FACILITY_OI, <Primordial,I> >"	java_type_prim(java_prim_type_int)
"< Application, Lorg/apache/log4j/helpers/OptionConverter, sbuf, <Application,Ljava/lang/StringBuffer> >"	java_type_ref("<Primordial,Ljava/lang/StringBuffer>")
"< Application, Lweblech/spider/SpiderConfig, basicAuthPassword, <Application,Ljava/lang/String> >"	java_type_ref("<Primordial,Ljava/lang/String>")
"< Application, Lorg/apache/log4j/spi/LoggingEvent, methodCache, <Application,Ljava/util/Hashtable> >"	java_type_ref("<Primordial,Ljava/util/Hashtable>")
"< Application, Lorg/apache/log4j/DailyRollingFileAppender, TOP_OF_TROUBLE, <Primordial,I> >"	java_type_prim(java_prim_type_int)
"< Application, Lorg/apache/log4j/AppenderSkeleton, closed, <Primordial,Z> >"	java_type_prim(java_prim_type_boolean)
"< Application, Lweblech/spider/SpiderConfig, spiderThreads, <Primordial,I> >"	java_type_prim(java_prim_type_int)
"< Application, Lorg/apache/log4j/helpers/PatternParser$LocationPatternConverter, type, <Primordial,I> >"	java_type_prim(java_prim_type_int)
"< Application, Lorg/apache/log4j/spi/LoggingEvent, TO_PRIORITY_PARAMS, <Application,[Ljava/lang/Class> >"	java_type_array(java_type_ref("<Primordial,Ljava/lang/Class>"))
"< Application, Lorg/apache/log4j/varia/Roller, port, <Primordial,I> >"	java_type_prim(java_prim_type_int)
"< Application, Lorg/apache/log4j/xml/DOMConfigurator, DISABLE_ATTR, <Application,Ljava/lang/String> >"	java_type_ref("<Primordial,Ljava/lang/String>")
"< Application, Lorg/apache/log4j/net/SimpleSocketServer, port, <Primordial,I> >"	java_type_prim(java_prim_type_int)
"< Application, Lorg/apache/log4j/net/SMTPAppender, to, <Application,Ljava/lang/String> >"	java_type_ref("<Primordial,Ljava/lang/String>")
"< Application, Lorg/apache/log4j/AsyncAppender, BUFFER_SIZE_OPTION, <Application,Ljava/lang/String> >"	java_type_ref("<Primordial,Ljava/lang/String>")
"< Application, Lorg/apache/log4j/nt/NTEventLogAppender, FATAL, <Primordial,I> >"	java_type_prim(java_prim_type_int)
"< Application, Lorg/apache/log4j/helpers/NullEnumeration, instance, <Application,Lorg/apache/log4j/helpers/NullEnumeration> >"	java_type_ref("<Application,Lorg/apache/log4j/helpers/NullEnumeration>")
"< Application, Lorg/apache/log4j/Priority, INFO, <Application,Lorg/apache/log4j/Priority> >"	java_type_ref("<Application,Lorg/apache/log4j/Priority>")
"< Application, Lorg/apache/log4j/PatternLayout, TTCC_CONVERSION_PATTERN, <Application,Ljava/lang/String> >"	java_type_ref("<Primordial,Ljava/lang/String>")
"< Application, Lorg/apache/log4j/net/SyslogAppender, LOG_LOCAL3, <Primordial,I> >"	java_type_prim(java_prim_type_int)
"< Application, Lorg/apache/log4j/TTCCLayout, categoryPrefixing, <Primordial,Z> >"	java_type_prim(java_prim_type_boolean)
"< Application, Lorg/apache/log4j/spi/LocationInfo, serialVersionUID, <Primordial,J> >"	java_type_prim(java_prim_type_long)
"< Application, Lorg/apache/log4j/spi/ThrowableInformation, rep, <Application,[Ljava/lang/String> >"	java_type_array(java_type_ref("<Primordial,Ljava/lang/String>"))
"< Application, Lweblech/spider/Constants, QUEUE_CHECK_INTERVAL, <Primordial,I> >"	java_type_prim(java_prim_type_int)
"< Application, Lorg/apache/log4j/helpers/PatternParser, LITERAL_STATE, <Primordial,I> >"	java_type_prim(java_prim_type_int)
"< Application, Lorg/apache/log4j/DailyRollingFileAppender, TOP_OF_MONTH, <Primordial,I> >"	java_type_prim(java_prim_type_int)
"< Application, Lorg/apache/log4j/PropertyConfigurator, FACTORY_PREFIX, <Application,Ljava/lang/String> >"	java_type_ref("<Primordial,Ljava/lang/String>")
"< Application, Lorg/apache/log4j/config/PropertySetter, class$java$lang$String, <Application,Ljava/lang/Class> >"	java_type_ref("<Primordial,Ljava/lang/Class>")
"< Application, Lorg/apache/log4j/net/SMTPAppender, LOCATION_INFO_OPTION, <Application,Ljava/lang/String> >"	java_type_ref("<Primordial,Ljava/lang/String>")
"< Application, Lorg/apache/log4j/helpers/PatternParser, DOT_STATE, <Primordial,I> >"	java_type_prim(java_prim_type_int)
"< Application, Lorg/apache/log4j/net/SocketServer, CONFIG_FILE_EXT, <Application,Ljava/lang/String> >"	java_type_ref("<Primordial,Ljava/lang/String>")
"< Application, Lorg/apache/log4j/net/SMTPAppender, msg, <Application,Ljavax/mail/Message> >"	java_type_ref("null")
"< Application, Lorg/apache/log4j/helpers/SyslogQuietWriter, priority, <Primordial,I> >"	java_type_prim(java_prim_type_int)
"< Application, Lweblech/spider/Constants, SPIDER_STOP_PAUSE, <Primordial,I> >"	java_type_prim(java_prim_type_int)
"< Application, Lorg/apache/log4j/Priority, FATAL, <Application,Lorg/apache/log4j/Priority> >"	java_type_ref("<Application,Lorg/apache/log4j/Priority>")
"< Application, Lorg/apache/log4j/PropertyConfigurator, INTERNAL_ROOT_NAME, <Application,Ljava/lang/String> >"	java_type_ref("<Primordial,Ljava/lang/String>")
"< Application, Lorg/apache/log4j/helpers/BoundedFIFO, buf, <Application,[Lorg/apache/log4j/spi/LoggingEvent> >"	java_type_array(java_type_ref("<Application,Lorg/apache/log4j/spi/LoggingEvent>"))
"< Application, Lorg/apache/log4j/Category, FQCN, <Application,Ljava/lang/String> >"	java_type_ref("<Primordial,Ljava/lang/String>")
"< Application, Lorg/apache/log4j/helpers/FileWatchdog, interrupted, <Primordial,Z> >"	java_type_prim(java_prim_type_boolean)
"< Application, Lorg/apache/log4j/varia/ExternallyRolledFileAppender, ROLL_OVER, <Application,Ljava/lang/String> >"	java_type_ref("<Primordial,Ljava/lang/String>")
"< Application, Lorg/apache/log4j/WriterAppender, qw, <Application,Lorg/apache/log4j/helpers/QuietWriter> >"	java_type_ref("<Application,Lorg/apache/log4j/helpers/QuietWriter>")
"< Application, Lorg/apache/log4j/net/SyslogAppender, SYSLOG_HOST_OI, <Primordial,I> >"	java_type_prim(java_prim_type_int)
"< Application, Lweblech/spider/Spider, config, <Application,Lweblech/spider/SpiderConfig> >"	java_type_ref("<Application,Lweblech/spider/SpiderConfig>")
"< Application, Lorg/apache/log4j/varia/HUPNode, dos, <Application,Ljava/io/DataOutputStream> >"	java_type_ref("<Primordial,Ljava/io/DataOutputStream>")
"< Application, Lweblech/spider/Spider, urlsDownloading, <Application,Ljava/util/Set> >"	java_type_ref("<Primordial,Ljava/util/Set>")
"< Application, Lweblech/spider/URLGetter, config, <Application,Lweblech/spider/SpiderConfig> >"	java_type_ref("<Application,Lweblech/spider/SpiderConfig>")
"< Application, Lorg/apache/log4j/helpers/PatternParser$LocationPatternConverter, this$0, <Application,Lorg/apache/log4j/helpers/PatternParser> >"	java_type_ref("<Application,Lorg/apache/log4j/helpers/PatternParser>")
"< Application, Lorg/apache/log4j/CategoryKey, hashCache, <Primordial,I> >"	java_type_prim(java_prim_type_int)
"< Application, Lorg/apache/log4j/xml/DOMConfigurator, OLD_CONFIGURATION_TAG, <Application,Ljava/lang/String> >"	java_type_ref("<Primordial,Ljava/lang/String>")
"< Application, Lorg/apache/log4j/helpers/FormattingInfo, leftAlign, <Primordial,Z> >"	java_type_prim(java_prim_type_boolean)
"< Application, Lorg/apache/log4j/config/PropertyGetter, props, <Application,[Ljava/beans/PropertyDescriptor> >"	java_type_array(java_type_ref("<Primordial,Ljava/beans/PropertyDescriptor>"))
"< Application, Lorg/apache/log4j/PatternLayout, CONVERSION_PATTERN_OPTION, <Application,Ljava/lang/String> >"	java_type_ref("<Primordial,Ljava/lang/String>")
"< Application, Lorg/apache/log4j/xml/DOMConfigurator, dbfKey, <Application,Ljava/lang/String> >"	java_type_ref("<Primordial,Ljava/lang/String>")
"< Application, Lorg/apache/log4j/Hierarchy, emittedNoResourceBundleWarning, <Primordial,Z> >"	java_type_prim(java_prim_type_boolean)
"< Application, Lorg/apache/log4j/helpers/PatternConverter, leftAlign, <Primordial,Z> >"	java_type_prim(java_prim_type_boolean)
"< Application, Lweblech/spider/URLToDownload, depth, <Primordial,I> >"	java_type_prim(java_prim_type_int)
"< Application, Lorg/apache/log4j/spi/LoggingEvent, priority, <Application,Lorg/apache/log4j/Priority> >"	java_type_ref("<Application,Lorg/apache/log4j/Priority>")
"< Application, Lorg/apache/log4j/spi/LoggingEvent, fqnOfCategoryClass, <Application,Ljava/lang/String> >"	java_type_ref("<Primordial,Ljava/lang/String>")
"< Application, Lorg/apache/log4j/helpers/AbsoluteTimeDateFormat, ABS_TIME_DATE_FORMAT, <Application,Ljava/lang/String> >"	java_type_ref("<Primordial,Ljava/lang/String>")
"< Application, Lorg/apache/log4j/helpers/PatternParser$DatePatternConverter, date, <Application,Ljava/util/Date> >"	java_type_ref("<Primordial,Ljava/util/Date>")
"< Application, Lweblech/spider/SpiderConfig, checkpointInterval, <Primordial,J> >"	java_type_prim(java_prim_type_long)
"< Application, Lorg/apache/log4j/helpers/CyclicBuffer, first, <Primordial,I> >"	java_type_prim(java_prim_type_int)
"< Application, Lweblech/spider/URLToDownload, url, <Application,Ljava/net/URL> >"	java_type_ref("<Primordial,Ljava/net/URL>")
"< Application, Lorg/apache/log4j/varia/Roller, cat, <Application,Lorg/apache/log4j/Category> >"	java_type_ref("<Application,Lorg/apache/log4j/Category>")
"< Application, Lorg/apache/log4j/net/SMTPAppender, from, <Application,Ljava/lang/String> >"	java_type_ref("<Primordial,Ljava/lang/String>")
"< Application, Lweblech/spider/URLToDownload, referer, <Application,Ljava/net/URL> >"	java_type_ref("<Primordial,Ljava/net/URL>")
"< Application, Lorg/apache/log4j/spi/LocationInfo, NA, <Application,Ljava/lang/String> >"	java_type_ref("<Primordial,Ljava/lang/String>")
"< Application, Lorg/apache/log4j/Priority, ERROR, <Application,Lorg/apache/log4j/Priority> >"	java_type_ref("<Application,Lorg/apache/log4j/Priority>")
"< Application, Lorg/apache/log4j/net/SocketAppender, RESET_FREQUENCY, <Primordial,I> >"	java_type_prim(java_prim_type_int)
"< Application, Lorg/apache/log4j/spi/LocationInfo, sw, <Application,Ljava/io/StringWriter> >"	java_type_ref("<Primordial,Ljava/io/StringWriter>")
"< Application, Lorg/apache/log4j/config/PropertyPrinter, out, <Application,Ljava/io/PrintWriter> >"	java_type_ref("<Primordial,Ljava/io/PrintWriter>")
"< Application, Lorg/apache/log4j/helpers/FileWatchdog, file, <Application,Ljava/io/File> >"	java_type_ref("<Primordial,Ljava/io/File>")
"< Application, Lorg/apache/log4j/helpers/OptionConverter, DELIM_START_LEN, <Primordial,I> >"	java_type_prim(java_prim_type_int)
"< Application, Lorg/apache/log4j/helpers/Loader, TSTR, <Application,Ljava/lang/String> >"	java_type_ref("<Primordial,Ljava/lang/String>")
"< Application, Lorg/apache/log4j/config/PropertyGetter, class$org$apache$log4j$Priority, <Application,Ljava/lang/Class> >"	java_type_ref("<Primordial,Ljava/lang/Class>")
"< Application, Lorg/apache/log4j/spi/ErrorCode, FLUSH_FAILURE, <Primordial,I> >"	java_type_prim(java_prim_type_int)
"< Application, Lorg/apache/log4j/Dispatcher, interrupted, <Primordial,Z> >"	java_type_prim(java_prim_type_boolean)
"< Application, Lorg/apache/log4j/spi/Filter, DENY, <Primordial,I> >"	java_type_prim(java_prim_type_int)
"< Application, Lorg/apache/log4j/HTMLLayout, MAX_CAPACITY, <Primordial,I> >"	java_type_prim(java_prim_type_int)
"< Application, Lorg/apache/log4j/net/SocketAppender, RECONNECTION_DELAY_OPTION, <Application,Ljava/lang/String> >"	java_type_ref("<Primordial,Ljava/lang/String>")
"< Application, Lorg/apache/log4j/helpers/OptionConverter, DELIM_STOP, <Primordial,C> >"	java_type_prim(java_prim_type_char)
"< Application, Lorg/apache/log4j/helpers/LogLog, ERR_PREFIX, <Application,Ljava/lang/String> >"	java_type_ref("<Primordial,Ljava/lang/String>")
"< Application, Lorg/apache/log4j/RollingFileAppenderBeanInfo, class$java$lang$String, <Application,Ljava/lang/Class> >"	java_type_ref("<Primordial,Ljava/lang/Class>")
"< Application, Lorg/apache/log4j/RollingFileAppender, maxBackupIndex, <Primordial,I> >"	java_type_prim(java_prim_type_int)
"< Application, Lweblech/util/Logger, _logClass, <Application,Lorg/apache/log4j/Category> >"	java_type_ref("<Application,Lorg/apache/log4j/Category>")
"< Application, Lorg/apache/log4j/Category, aai, <Application,Lorg/apache/log4j/helpers/AppenderAttachableImpl> >"	java_type_ref("<Application,Lorg/apache/log4j/helpers/AppenderAttachableImpl>")
"< Application, Lorg/apache/log4j/spi/LocationInfo, fileName, <Application,Ljava/lang/String> >"	java_type_ref("<Primordial,Ljava/lang/String>")
"< Application, Lorg/apache/log4j/net/SMTPAppender, SUBJECT_OPTION, <Application,Ljava/lang/String> >"	java_type_ref("<Primordial,Ljava/lang/String>")
"< Application, Lorg/apache/log4j/helpers/PatternParser$ClassNamePatternConverter, this$0, <Application,Lorg/apache/log4j/helpers/PatternParser> >"	java_type_ref("<Application,Lorg/apache/log4j/helpers/PatternParser>")
"< Application, Lorg/apache/log4j/AsyncAppender, DEFAULT_BUFFER_SIZE, <Primordial,I> >"	java_type_prim(java_prim_type_int)
"< Application, Lorg/apache/log4j/Priority, ERROR_INT, <Primordial,I> >"	java_type_prim(java_prim_type_int)
"< Application, Lorg/apache/log4j/helpers/LogLog, quietMode, <Primordial,Z> >"	java_type_prim(java_prim_type_boolean)
"< Application, Lorg/apache/log4j/config/PropertySetter, class$org$apache$log4j$Priority, <Application,Ljava/lang/Class> >"	java_type_ref("<Primordial,Ljava/lang/Class>")
"< Application, Lorg/apache/log4j/varia/PriorityRangeFilter, priorityMin, <Application,Lorg/apache/log4j/Priority> >"	java_type_ref("<Application,Lorg/apache/log4j/Priority>")
"< Application, Lorg/apache/log4j/net/SocketNode, socket, <Application,Ljava/net/Socket> >"	java_type_ref("<Primordial,Ljava/net/Socket>")
"< Application, Lorg/apache/log4j/net/SocketServer, class$org$apache$log4j$net$SocketServer, <Application,Ljava/lang/Class> >"	java_type_ref("<Primordial,Ljava/lang/Class>")
"< Application, Lweblech/spider/URLObject, _logClass, <Application,Lorg/apache/log4j/Category> >"	java_type_ref("<Application,Lorg/apache/log4j/Category>")
"< Application, Lorg/apache/log4j/net/SocketAppender, oos, <Application,Ljava/io/ObjectOutputStream> >"	java_type_ref("<Primordial,Ljava/io/ObjectOutputStream>")
"< Application, Lweblech/ui/TextSpider, _logClass, <Application,Lorg/apache/log4j/Category> >"	java_type_ref("<Application,Lorg/apache/log4j/Category>")
"< Application, Lorg/apache/log4j/xml/XMLLayout, locationInfo, <Primordial,Z> >"	java_type_prim(java_prim_type_boolean)
"< Application, Lweblech/spider/URLGetter, _logClass, <Application,Lorg/apache/log4j/Category> >"	java_type_ref("<Application,Lorg/apache/log4j/Category>")
"< Application, Lorg/apache/log4j/helpers/DateLayout, pos, <Application,Ljava/text/FieldPosition> >"	java_type_ref("<Primordial,Ljava/text/FieldPosition>")
"< Application, Lorg/apache/log4j/AppenderSkeleton, headFilter, <Application,Lorg/apache/log4j/spi/Filter> >"	java_type_ref("<Application,Lorg/apache/log4j/spi/Filter>")
"< Application, Lorg/apache/log4j/helpers/SyslogWriter, ds, <Application,Ljava/net/DatagramSocket> >"	java_type_ref("<Primordial,Ljava/net/DatagramSocket>")
"< Application, Lorg/apache/log4j/DailyRollingFileAppender, sdf, <Application,Ljava/text/SimpleDateFormat> >"	java_type_ref("<Primordial,Ljava/text/SimpleDateFormat>")
"< Application, Lweblech/spider/Spider, downloadsInProgress, <Primordial,I> >"	java_type_prim(java_prim_type_int)
"< Application, Lorg/apache/log4j/helpers/RelativeTimeDateFormat, startTime, <Primordial,J> >"	java_type_prim(java_prim_type_long)
"< Application, Lorg/apache/log4j/xml/DOMConfigurator, RENDERING_CLASS_ATTR, <Application,Ljava/lang/String> >"	java_type_ref("<Primordial,Ljava/lang/String>")
"< Application, Lorg/apache/log4j/ConsoleAppender, SYSTEM_OUT, <Application,Ljava/lang/String> >"	java_type_ref("<Primordial,Ljava/lang/String>")
"< Application, Lorg/apache/log4j/Priority, level, <Primordial,I> >"	java_type_prim(java_prim_type_int)
"< Application, Lweblech/spider/SpiderConfig, basicAuthUser, <Application,Ljava/lang/String> >"	java_type_ref("<Primordial,Ljava/lang/String>")
"< Application, Lorg/apache/log4j/varia/Roller, class$org$apache$log4j$varia$Roller, <Application,Ljava/lang/Class> >"	java_type_ref("<Primordial,Ljava/lang/Class>")
"< Application, Lorg/apache/log4j/varia/HUPNode, er, <Application,Lorg/apache/log4j/varia/ExternallyRolledFileAppender> >"	java_type_ref("<Application,Lorg/apache/log4j/varia/ExternallyRolledFileAppender>")
"< Application, Lorg/apache/log4j/Priority, INFO_INT, <Primordial,I> >"	java_type_prim(java_prim_type_int)
"< Application, Lorg/apache/log4j/net/SyslogAppender, LOG_LOCAL5, <Primordial,I> >"	java_type_prim(java_prim_type_int)
"< Application, Lorg/apache/log4j/AsyncAppender, LOCATION_INFO_OPTION, <Application,Ljava/lang/String> >"	java_type_ref("<Primordial,Ljava/lang/String>")
"< Application, Lorg/apache/log4j/net/SocketAppender, REMOTE_HOST_OPTION, <Application,Ljava/lang/String> >"	java_type_ref("<Primordial,Ljava/lang/String>")
"< Application, Lorg/apache/log4j/helpers/PatternParser, patternLength, <Primordial,I> >"	java_type_prim(java_prim_type_int)
"< Application, Lorg/apache/log4j/net/JMSSink, class$org$apache$log4j$net$JMSSink, <Application,Ljava/lang/Class> >"	java_type_ref("<Primordial,Ljava/lang/Class>")
"< Application, Lorg/apache/log4j/xml/XMLLayout, UPPER_LIMIT, <Primordial,I> >"	java_type_prim(java_prim_type_int)
"< Application, Lorg/apache/log4j/DailyRollingFileAppender, TOP_OF_WEEK, <Primordial,I> >"	java_type_prim(java_prim_type_int)
"< Application, Lorg/apache/log4j/helpers/PatternParser, i, <Primordial,I> >"	java_type_prim(java_prim_type_int)
"< Application, Lorg/apache/log4j/helpers/DateLayout, DATE_FORMAT_OPTION, <Application,Ljava/lang/String> >"	java_type_ref("<Primordial,Ljava/lang/String>")
"< Application, Lorg/apache/log4j/nt/NTEventLogAppender, source, <Application,Ljava/lang/String> >"	java_type_ref("<Primordial,Ljava/lang/String>")
"< Application, Lorg/apache/log4j/spi/LoggingEvent, class$org$apache$log4j$Priority, <Application,Ljava/lang/Class> >"	java_type_ref("<Primordial,Ljava/lang/Class>")
"< Application, Lorg/apache/log4j/Priority, DEBUG_INT, <Primordial,I> >"	java_type_prim(java_prim_type_int)
"< Application, Lorg/apache/log4j/Hierarchy, root, <Application,Lorg/apache/log4j/Category> >"	java_type_ref("<Application,Lorg/apache/log4j/Category>")
"< Application, Lorg/apache/log4j/net/SocketNode, ois, <Application,Ljava/io/ObjectInputStream> >"	java_type_ref("<Primordial,Ljava/io/ObjectInputStream>")
"< Application, Lorg/apache/log4j/PatternLayout, timezone, <Application,Ljava/lang/String> >"	java_type_ref("<Primordial,Ljava/lang/String>")
"< Application, Lorg/apache/log4j/helpers/FileWatchdog, delay, <Primordial,J> >"	java_type_prim(java_prim_type_long)
"< Application, Lorg/apache/log4j/xml/DOMConfigurator, APPENDER_TAG, <Application,Ljava/lang/String> >"	java_type_ref("<Primordial,Ljava/lang/String>")
"< Application, Lweblech/spider/SpiderConfig, htmlExtensions, <Application,Ljava/util/Set> >"	java_type_ref("<Primordial,Ljava/util/Set>")
"< Application, Lweblech/util/Log4j, _logClass, <Application,Lorg/apache/log4j/Category> >"	java_type_ref("<Application,Lorg/apache/log4j/Category>")
"< Application, Lorg/apache/log4j/net/SMTPAppender, cb, <Application,Lorg/apache/log4j/helpers/CyclicBuffer> >"	java_type_ref("<Application,Lorg/apache/log4j/helpers/CyclicBuffer>")
"< Application, Lorg/apache/log4j/net/SMTPAppender, class$org$apache$log4j$spi$TriggeringEventEvaluator, <Application,Ljava/lang/Class> >"	java_type_ref("<Primordial,Ljava/lang/Class>")
"< Application, Lweblech/spider/SpiderConfig, saveRootDirectory, <Application,Ljava/io/File> >"	java_type_ref("<Primordial,Ljava/io/File>")
"< Application, Lorg/apache/log4j/HTMLLayout, TRACE_PREFIX, <Application,Ljava/lang/String> >"	java_type_ref("<Primordial,Ljava/lang/String>")
"< Application, Lorg/apache/log4j/RollingFileAppenderBeanInfo, props, <Application,[Ljava/beans/PropertyDescriptor> >"	java_type_array(java_type_ref("<Primordial,Ljava/beans/PropertyDescriptor>"))
"< Application, Lweblech/spider/DumbAuthenticator, user, <Application,Ljava/lang/String> >"	java_type_ref("<Primordial,Ljava/lang/String>")
"< Application, Lweblech/spider/DownloadQueue, boringURLsToDownload, <Application,Ljava/util/List> >"	java_type_ref("<Primordial,Ljava/util/List>")
"< Application, Lorg/apache/log4j/helpers/PatternConverter, min, <Primordial,I> >"	java_type_prim(java_prim_type_int)
"< Application, Lorg/apache/log4j/xml/DOMConfigurator, CATEGORY, <Application,Ljava/lang/String> >"	java_type_ref("<Primordial,Ljava/lang/String>")
"< Application, Lorg/apache/log4j/PatternLayout, MAX_CAPACITY, <Primordial,I> >"	java_type_prim(java_prim_type_int)
"< Application, Lorg/apache/log4j/helpers/OptionConverter, DELIM_STOP_LEN, <Primordial,I> >"	java_type_prim(java_prim_type_int)
"< Application, Lweblech/spider/URLObject, sourceURL, <Application,Ljava/net/URL> >"	java_type_ref("<Primordial,Ljava/net/URL>")
"< Application, Lorg/apache/log4j/net/SocketServer, server, <Application,Lorg/apache/log4j/net/SocketServer> >"	java_type_ref("<Application,Lorg/apache/log4j/net/SocketServer>")
"< Application, Lorg/apache/log4j/helpers/PatternParser$NamedPatternConverter, precision, <Primordial,I> >"	java_type_prim(java_prim_type_int)
"< Application, Lorg/apache/log4j/xml/DOMConfigurator, EMPTY_STR, <Application,Ljava/lang/String> >"	java_type_ref("<Primordial,Ljava/lang/String>")
"< Application, Lorg/apache/log4j/xml/DOMConfigurator, INTERNAL_DEBUG_ATTR, <Application,Ljava/lang/String> >"	java_type_ref("<Primordial,Ljava/lang/String>")
"< Application, Lweblech/spider/DownloadQueue, averageURLsToDownload, <Application,Ljava/util/List> >"	java_type_ref("<Primordial,Ljava/util/List>")
"< Application, Lorg/apache/log4j/BasicConfigurator, class$org$apache$log4j$or$ObjectRenderer, <Application,Ljava/lang/Class> >"	java_type_ref("<Primordial,Ljava/lang/Class>")
"< Application, Lorg/apache/log4j/CategoryKey, name, <Application,Ljava/lang/String> >"	java_type_ref("<Primordial,Ljava/lang/String>")
"< Application, Lorg/apache/log4j/helpers/DateLayout, dateFormat, <Application,Ljava/text/DateFormat> >"	java_type_ref("<Primordial,Ljava/text/DateFormat>")
"< Application, Lorg/apache/log4j/nt/NTEventLogAppender, WARN, <Primordial,I> >"	java_type_prim(java_prim_type_int)
"< Application, Lorg/apache/log4j/TTCCLayout, buf, <Application,Ljava/lang/StringBuffer> >"	java_type_ref("<Primordial,Ljava/lang/StringBuffer>")
"< Application, Lorg/apache/log4j/spi/Filter, next, <Application,Lorg/apache/log4j/spi/Filter> >"	java_type_ref("<Application,Lorg/apache/log4j/spi/Filter>")
"< Application, Lorg/apache/log4j/net/SyslogAppender, LOG_NEWS, <Primordial,I> >"	java_type_prim(java_prim_type_int)
"< Application, Lorg/apache/log4j/PropertyConfigurator, class$org$apache$log4j$Appender, <Application,Ljava/lang/Class> >"	java_type_ref("<Primordial,Ljava/lang/Class>")
"< Application, Lorg/apache/log4j/CategoryKey, class$org$apache$log4j$CategoryKey, <Application,Ljava/lang/Class> >"	java_type_ref("<Primordial,Ljava/lang/Class>")
"< Application, Lorg/apache/log4j/net/SocketAppender, remoteHost, <Application,Ljava/lang/String> >"	java_type_ref("<Primordial,Ljava/lang/String>")
"< Application, Lorg/apache/log4j/nt/NTEventLogAppender, DEBUG, <Primordial,I> >"	java_type_prim(java_prim_type_int)
"< Application, Lorg/apache/log4j/NDC$DiagnosticContext, fullMessage, <Application,Ljava/lang/String> >"	java_type_ref("<Primordial,Ljava/lang/String>")
"< Application, Lorg/apache/log4j/BasicConfigurator, INHERITED, <Application,Ljava/lang/String> >"	java_type_ref("<Primordial,Ljava/lang/String>")
"< Application, Lorg/apache/log4j/xml/DOMConfigurator, FILTER_TAG, <Application,Ljava/lang/String> >"	java_type_ref("<Primordial,Ljava/lang/String>")
"< Application, Lorg/apache/log4j/net/SyslogAppender, LOG_LOCAL0, <Primordial,I> >"	java_type_prim(java_prim_type_int)
"< Application, Lorg/apache/log4j/net/SyslogAppender, syslogHost, <Application,Ljava/lang/String> >"	java_type_ref("<Primordial,Ljava/lang/String>")
"< Application, Lorg/apache/log4j/helpers/PatternParser, pattern, <Application,Ljava/lang/String> >"	java_type_ref("<Primordial,Ljava/lang/String>")
"< Application, Lorg/apache/log4j/NDC, ht, <Application,Ljava/util/Hashtable> >"	java_type_ref("<Primordial,Ljava/util/Hashtable>")
"< Application, Lorg/apache/log4j/config/PropertyPrinter, appenderNames, <Application,Ljava/util/Hashtable> >"	java_type_ref("<Primordial,Ljava/util/Hashtable>")
"< Application, Lorg/apache/log4j/net/SyslogAppender, LOG_MAIL, <Primordial,I> >"	java_type_prim(java_prim_type_int)
"< Application, Lorg/apache/log4j/helpers/OptionConverter, class$java$lang$String, <Application,Ljava/lang/Class> >"	java_type_ref("<Primordial,Ljava/lang/Class>")
"< Application, Lorg/apache/log4j/net/SyslogAppender, syslogFacility, <Primordial,I> >"	java_type_prim(java_prim_type_int)
"< Application, Lorg/apache/log4j/nt/NTEventLogAppender, server, <Application,Ljava/lang/String> >"	java_type_ref("<Primordial,Ljava/lang/String>")
"< Application, Lorg/apache/log4j/PatternLayout, sbuf, <Application,Ljava/lang/StringBuffer> >"	java_type_ref("<Primordial,Ljava/lang/StringBuffer>")
"< Application, Lweblech/spider/DownloadQueue, urlsInQueue, <Application,Ljava/util/Set> >"	java_type_ref("<Primordial,Ljava/util/Set>")
"< Application, Lorg/apache/log4j/Layout, LINE_SEP, <Application,Ljava/lang/String> >"	java_type_ref("<Primordial,Ljava/lang/String>")
"< Application, Lorg/apache/log4j/Hierarchy, DISABLE_OVERRIDE, <Primordial,I> >"	java_type_prim(java_prim_type_int)
"< Application, Lorg/apache/log4j/varia/PriorityMatchFilter, PRIORITY_TO_MATCH_OPTION, <Application,Ljava/lang/String> >"	java_type_ref("<Primordial,Ljava/lang/String>")
"< Application, Lorg/apache/log4j/helpers/LogLog, PREFIX, <Application,Ljava/lang/String> >"	java_type_ref("<Primordial,Ljava/lang/String>")
"< Application, Lorg/apache/log4j/net/SyslogAppender, LOG_LOCAL6, <Primordial,I> >"	java_type_prim(java_prim_type_int)
"< Application, Lorg/apache/log4j/xml/DOMConfigurator, NAME_ATTR, <Application,Ljava/lang/String> >"	java_type_ref("<Primordial,Ljava/lang/String>")
"< Application, Lweblech/spider/SpiderConfig, userAgent, <Application,Ljava/lang/String> >"	java_type_ref("<Primordial,Ljava/lang/String>")
"< Application, Lorg/apache/log4j/helpers/PatternParser$DatePatternConverter, df, <Application,Ljava/text/DateFormat> >"	java_type_ref("<Primordial,Ljava/text/DateFormat>")
"< Application, Lorg/apache/log4j/spi/LoggingEvent, ndcLookupRequired, <Primordial,Z> >"	java_type_prim(java_prim_type_boolean)
"< Application, Lorg/apache/log4j/helpers/PatternParser, class$java$text$DateFormat, <Application,Ljava/lang/Class> >"	java_type_ref("<Primordial,Ljava/lang/Class>")
"< Application, Lorg/apache/log4j/helpers/CyclicBuffer, last, <Primordial,I> >"	java_type_prim(java_prim_type_int)
"< Application, Lweblech/spider/SpiderConfig, interestingURLSubstrings, <Application,Ljava/util/List> >"	java_type_ref("<Primordial,Ljava/util/List>")
"< Application, Lorg/apache/log4j/helpers/PatternParser, MIN_STATE, <Primordial,I> >"	java_type_prim(java_prim_type_int)
"< Application, Lorg/apache/log4j/xml/DOMConfigurator, CLASS_ATTR, <Application,Ljava/lang/String> >"	java_type_ref("<Primordial,Ljava/lang/String>")
"< Application, Lorg/apache/log4j/xml/DOMConfigurator, props, <Application,Ljava/util/Properties> >"	java_type_ref("<Primordial,Ljava/util/Properties>")
"< Application, Lorg/apache/log4j/varia/HUP, port, <Primordial,I> >"	java_type_prim(java_prim_type_int)
"< Application, Lorg/apache/log4j/helpers/PatternParser, FILE_LOCATION_CONVERTER, <Primordial,I> >"	java_type_prim(java_prim_type_int)
"< Application, Lorg/apache/log4j/HTMLLayout, sbuf, <Application,Ljava/lang/StringBuffer> >"	java_type_ref("<Primordial,Ljava/lang/StringBuffer>")
"< Application, Lorg/apache/log4j/net/SyslogAppender, LOG_LOCAL1, <Primordial,I> >"	java_type_prim(java_prim_type_int)
"< Application, Lorg/apache/log4j/net/SocketAppender, PORT_OPTION, <Application,Ljava/lang/String> >"	java_type_ref("<Primordial,Ljava/lang/String>")
"< Application, Lorg/apache/log4j/PatternLayout, head, <Application,Lorg/apache/log4j/helpers/PatternConverter> >"	java_type_ref("<Application,Lorg/apache/log4j/helpers/PatternConverter>")
"< Application, Lweblech/spider/HTMLParser, _logClass, <Application,Lorg/apache/log4j/Category> >"	java_type_ref("<Application,Lorg/apache/log4j/Category>")
"< Application, Lweblech/spider/DownloadQueue, interestingURLsToDownload, <Application,Ljava/util/List> >"	java_type_ref("<Primordial,Ljava/util/List>")
"< Application, Lorg/apache/log4j/net/SyslogAppender, facilityPrinting, <Primordial,Z> >"	java_type_prim(java_prim_type_boolean)
"< Application, Lorg/apache/log4j/helpers/PatternParser, currentLiteral, <Application,Ljava/lang/StringBuffer> >"	java_type_ref("<Primordial,Ljava/lang/StringBuffer>")
"< Application, Lweblech/spider/URLObject, contentType, <Application,Ljava/lang/String> >"	java_type_ref("<Primordial,Ljava/lang/String>")
"< Application, Lorg/apache/log4j/RollingCalendar, type, <Primordial,I> >"	java_type_prim(java_prim_type_int)
"< Application, Lorg/apache/log4j/nt/NTEventLogAppender, INFO, <Primordial,I> >"	java_type_prim(java_prim_type_int)
"< Application, Lorg/apache/log4j/helpers/QuietWriter, errorHandler, <Application,Lorg/apache/log4j/spi/ErrorHandler> >"	java_type_ref("<Application,Lorg/apache/log4j/spi/ErrorHandler>")
"< Application, Lorg/apache/log4j/helpers/PatternParser$LiteralPatternConverter, literal, <Application,Ljava/lang/String> >"	java_type_ref("<Primordial,Ljava/lang/String>")
"< Application, Lorg/apache/log4j/net/SyslogAppender, LOG_LOCAL2, <Primordial,I> >"	java_type_prim(java_prim_type_int)
"< Application, Lorg/apache/log4j/helpers/LogLog, WARN_PREFIX, <Application,Ljava/lang/String> >"	java_type_ref("<Primordial,Ljava/lang/String>")
"< Application, Lorg/apache/log4j/Hierarchy, emittedNoAppenderWarning, <Primordial,Z> >"	java_type_prim(java_prim_type_boolean)
"< Application, Lorg/apache/log4j/PropertyConfigurator, APPENDER_PREFIX, <Application,Ljava/lang/String> >"	java_type_ref("<Primordial,Ljava/lang/String>")
"< Application, Lweblech/spider/SpiderConfig, refreshImages, <Primordial,Z> >"	java_type_prim(java_prim_type_boolean)
"< Application, Lorg/apache/log4j/Hierarchy, rendererMap, <Application,Lorg/apache/log4j/or/RendererMap> >"	java_type_ref("<Application,Lorg/apache/log4j/or/RendererMap>")
"< Application, Lorg/apache/log4j/spi/LoggingEvent, serialVersionUID, <Primordial,J> >"	java_type_prim(java_prim_type_long)
"< Application, Lorg/apache/log4j/spi/LocationInfo, inVisualAge, <Primordial,Z> >"	java_type_prim(java_prim_type_boolean)
"< Application, Lorg/apache/log4j/NDC$DiagnosticContext, message, <Application,Ljava/lang/String> >"	java_type_ref("<Primordial,Ljava/lang/String>")
"< Application, Lorg/apache/log4j/helpers/PatternParser, CONVERTER_STATE, <Primordial,I> >"	java_type_prim(java_prim_type_int)
"< Application, Lorg/apache/log4j/ConsoleAppender, TARGET_OPTION, <Application,Ljava/lang/String> >"	java_type_ref("<Primordial,Ljava/lang/String>")
"< Application, Lorg/apache/log4j/TTCCLayout, CONTEXT_PRINTING_OPTION, <Application,Ljava/lang/String> >"	java_type_ref("<Primordial,Ljava/lang/String>")
"< Application, Lorg/apache/log4j/xml/DOMConfigurator, CONFIG_DEBUG_ATTR, <Application,Ljava/lang/String> >"	java_type_ref("<Primordial,Ljava/lang/String>")
"< Application, Lorg/apache/log4j/helpers/PatternParser, NDC_CONVERTER, <Primordial,I> >"	java_type_prim(java_prim_type_int)
"< Application, Lorg/apache/log4j/net/SocketServer, genericHierarchy, <Application,Lorg/apache/log4j/Hierarchy> >"	java_type_ref("<Application,Lorg/apache/log4j/Hierarchy>")
"< Application, Lorg/apache/log4j/DailyRollingFileAppender, DATE_PATTERN_OPTION, <Application,Ljava/lang/String> >"	java_type_ref("<Primordial,Ljava/lang/String>")
"< Application, Lorg/apache/log4j/varia/HUPNode, dis, <Application,Ljava/io/DataInputStream> >"	java_type_ref("<Primordial,Ljava/io/DataInputStream>")
"< Application, Lorg/apache/log4j/helpers/PatternParser$BasicPatternConverter, type, <Primordial,I> >"	java_type_prim(java_prim_type_int)
"< Application, Lorg/apache/log4j/spi/ThrowableInformation, throwable, <Application,Ljava/lang/Throwable> >"	java_type_ref("<Primordial,Ljava/lang/Throwable>")
"< Application, Lorg/apache/log4j/config/PropertyPrinter, layoutNames, <Application,Ljava/util/Hashtable> >"	java_type_ref("<Primordial,Ljava/util/Hashtable>")
"< Application, Lorg/apache/log4j/PropertyConfigurator, ADDITIVITY_PREFIX, <Application,Ljava/lang/String> >"	java_type_ref("<Primordial,Ljava/lang/String>")
"< Application, Lorg/apache/log4j/helpers/PatternParser, state, <Primordial,I> >"	java_type_prim(java_prim_type_int)
"< Application, Lorg/apache/log4j/PropertyConfigurator, CATEGORY_PREFIX, <Application,Ljava/lang/String> >"	java_type_ref("<Primordial,Ljava/lang/String>")
"< Application, Lorg/apache/log4j/net/SyslogAppender, TAB, <Application,Ljava/lang/String> >"	java_type_ref("<Primordial,Ljava/lang/String>")
"< Application, Lorg/apache/log4j/DailyRollingFileAppender, datePattern, <Application,Ljava/lang/String> >"	java_type_ref("<Primordial,Ljava/lang/String>")
"< Application, Lorg/apache/log4j/net/SocketServer, GENERIC, <Application,Ljava/lang/String> >"	java_type_ref("<Primordial,Ljava/lang/String>")
"< Application, Lorg/apache/log4j/TTCCLayout, THREAD_PRINTING_OPTION, <Application,Ljava/lang/String> >"	java_type_ref("<Primordial,Ljava/lang/String>")
"< Application, Lweblech/spider/SpiderConfig, startLocation, <Application,Ljava/net/URL> >"	java_type_ref("<Primordial,Ljava/net/URL>")
"< Application, Lorg/apache/log4j/varia/PriorityRangeFilter, PRIORITY_MAX_OPTION, <Application,Ljava/lang/String> >"	java_type_ref("<Primordial,Ljava/lang/String>")
"< Application, Lorg/apache/log4j/helpers/PatternConverter, next, <Application,Lorg/apache/log4j/helpers/PatternConverter> >"	java_type_ref("<Application,Lorg/apache/log4j/helpers/PatternConverter>")
"< Application, Lweblech/spider/SpiderConfig, imageExtensions, <Application,Ljava/util/Set> >"	java_type_ref("<Primordial,Ljava/util/Set>")
"< Application, Lorg/apache/log4j/WriterAppender, IMMEDIATE_FLUSH_OPTION, <Application,Ljava/lang/String> >"	java_type_ref("<Primordial,Ljava/lang/String>")
"< Application, Lorg/apache/log4j/net/SMTPAppender, BUFFER_SIZE_OPTION, <Application,Ljava/lang/String> >"	java_type_ref("<Primordial,Ljava/lang/String>")
"< Application, Lorg/apache/log4j/Category, class$org$apache$log4j$Category, <Application,Ljava/lang/Class> >"	java_type_ref("<Primordial,Ljava/lang/Class>")
"< Application, Lorg/apache/log4j/varia/StringMatchFilter, stringToMatch, <Application,Ljava/lang/String> >"	java_type_ref("<Primordial,Ljava/lang/String>")
"< Application, Lorg/apache/log4j/helpers/FileWatchdog, warnedAlready, <Primordial,Z> >"	java_type_prim(java_prim_type_boolean)
"< Application, Lorg/apache/log4j/spi/LoggingEvent, message, <Application,Ljava/lang/Object> >"	java_type_ref("<Primordial,Ljava/lang/Object>")
"< Application, Lorg/apache/log4j/helpers/AppenderAttachableImpl, appenderList, <Application,Ljava/util/Vector> >"	java_type_ref("<Primordial,Ljava/util/Vector>")
"< Application, Lorg/apache/log4j/xml/DOMConfigurator, APPENDER_REF_TAG, <Application,Ljava/lang/String> >"	java_type_ref("<Primordial,Ljava/lang/String>")
"< Application, Lorg/apache/log4j/helpers/CyclicBuffer, numElems, <Primordial,I> >"	java_type_prim(java_prim_type_int)
"< Application, Lorg/apache/log4j/PropertyConfigurator, class$org$apache$log4j$spi$CategoryFactory, <Application,Ljava/lang/Class> >"	java_type_ref("<Primordial,Ljava/lang/Class>")
"< Application, Lorg/apache/log4j/PropertyConfigurator, registry, <Application,Ljava/util/Hashtable> >"	java_type_ref("<Primordial,Ljava/util/Hashtable>")
"< Application, Lorg/apache/log4j/DailyRollingFileAppender, TOP_OF_HOUR, <Primordial,I> >"	java_type_prim(java_prim_type_int)
"< Application, Lorg/apache/log4j/spi/LocationInfo, className, <Application,Ljava/lang/String> >"	java_type_ref("<Primordial,Ljava/lang/String>")
"< Application, Lorg/apache/log4j/net/SMTPAppender, SMTP_HOST_OPTION, <Application,Ljava/lang/String> >"	java_type_ref("<Primordial,Ljava/lang/String>")
"< Application, Lorg/apache/log4j/Category, priority, <Application,Lorg/apache/log4j/Priority> >"	java_type_ref("<Application,Lorg/apache/log4j/Priority>")
"< Application, Lorg/apache/log4j/xml/DOMConfigurator, class$org$apache$log4j$spi$ErrorHandler, <Application,Ljava/lang/Class> >"	java_type_ref("<Primordial,Ljava/lang/Class>")
"< Application, Lorg/apache/log4j/net/JMSAppender, topicBindingName, <Application,Ljava/lang/String> >"	java_type_ref("<Primordial,Ljava/lang/String>")
"< Application, Lorg/apache/log4j/xml/DOMConfigurator, PARAM_TAG, <Application,Ljava/lang/String> >"	java_type_ref("<Primordial,Ljava/lang/String>")
"< Application, Lweblech/spider/Spider, queue, <Application,Lweblech/spider/DownloadQueue> >"	java_type_ref("<Application,Lweblech/spider/DownloadQueue>")
"< Application, Lorg/apache/log4j/net/SyslogAppender, LOG_USER, <Primordial,I> >"	java_type_prim(java_prim_type_int)
"< Application, Lorg/apache/log4j/net/SyslogAppender, facilityStr, <Application,Ljava/lang/String> >"	java_type_ref("<Primordial,Ljava/lang/String>")
"< Application, Lorg/apache/log4j/config/PropertySetter, obj, <Application,Ljava/lang/Object> >"	java_type_ref("<Primordial,Ljava/lang/Object>")
"< Application, Lorg/apache/log4j/NDC, REAP_THRESHOLD, <Primordial,I> >"	java_type_prim(java_prim_type_int)
"< Application, Lorg/apache/log4j/helpers/PatternParser, FULL_LOCATION_CONVERTER, <Primordial,I> >"	java_type_prim(java_prim_type_int)
"< Application, Lorg/apache/log4j/spi/LocationInfo, fullInfo, <Application,Ljava/lang/String> >"	java_type_ref("<Primordial,Ljava/lang/String>")
"< Application, Lorg/apache/log4j/net/JMSSink, class$javax$jms$Message, <Application,Ljava/lang/Class> >"	java_type_ref("<Primordial,Ljava/lang/Class>")
"< Application, Lorg/apache/log4j/Priority, WARN, <Application,Lorg/apache/log4j/Priority> >"	java_type_ref("<Application,Lorg/apache/log4j/Priority>")
"< Application, Lorg/apache/log4j/PatternLayout, BUF_SIZE, <Primordial,I> >"	java_type_prim(java_prim_type_int)
"< Application, Lorg/apache/log4j/helpers/DateLayout, RELATIVE_TIME_DATE_FORMAT, <Application,Ljava/lang/String> >"	java_type_ref("<Primordial,Ljava/lang/String>")
"< Application, Lorg/apache/log4j/Category, name, <Application,Ljava/lang/String> >"	java_type_ref("<Primordial,Ljava/lang/String>")
"< Application, Lorg/apache/log4j/xml/DOMConfigurator, ONE_STRING_PARAM, <Application,[Ljava/lang/Class> >"	java_type_array(java_type_ref("<Primordial,Ljava/lang/Class>"))
"< Application, Lorg/apache/log4j/ConsoleAppender, SYSTEM_ERR, <Application,Ljava/lang/String> >"	java_type_ref("<Primordial,Ljava/lang/String>")
"< Application, Lorg/apache/log4j/xml/DOMConfigurator, CONFIGURATION_TAG, <Application,Ljava/lang/String> >"	java_type_ref("<Primordial,Ljava/lang/String>")
"< Application, Lorg/apache/log4j/Hierarchy, disable, <Primordial,I> >"	java_type_prim(java_prim_type_int)
"< Application, Lorg/apache/log4j/helpers/DateTimeDateFormat, shortMonths, <Application,[Ljava/lang/String> >"	java_type_array(java_type_ref("<Primordial,Ljava/lang/String>"))
"< Application, Lweblech/spider/SpiderConfig, urlMatch, <Application,Ljava/lang/String> >"	java_type_ref("<Primordial,Ljava/lang/String>")
"< Application, Lorg/apache/log4j/spi/LoggingEvent, renderedMessage, <Application,Ljava/lang/String> >"	java_type_ref("<Primordial,Ljava/lang/String>")
"< Application, Lorg/apache/log4j/helpers/DateLayout, dateFormatOption, <Application,Ljava/lang/String> >"	java_type_ref("<Primordial,Ljava/lang/String>")
"< Application, Lorg/apache/log4j/helpers/PatternParser, MESSAGE_CONVERTER, <Primordial,I> >"	java_type_prim(java_prim_type_int)
"< Application, Lorg/apache/log4j/FileAppender, qwIsOurs, <Primordial,Z> >"	java_type_prim(java_prim_type_boolean)
"< Application, Lorg/apache/log4j/helpers/PatternParser, ESCAPE_CHAR, <Primordial,C> >"	java_type_prim(java_prim_type_char)
"< Application, Lorg/apache/log4j/helpers/PatternParser, LINE_LOCATION_CONVERTER, <Primordial,I> >"	java_type_prim(java_prim_type_int)
"< Application, Lorg/apache/log4j/helpers/LogLog, debugEnabled, <Primordial,Z> >"	java_type_prim(java_prim_type_boolean)
"< Application, Lorg/apache/log4j/helpers/AbsoluteTimeDateFormat, DATE_AND_TIME_DATE_FORMAT, <Application,Ljava/lang/String> >"	java_type_ref("<Primordial,Ljava/lang/String>")
"< Application, Lorg/apache/log4j/net/SMTPAppender, evaluator, <Application,Lorg/apache/log4j/spi/TriggeringEventEvaluator> >"	java_type_ref("<Application,Lorg/apache/log4j/spi/TriggeringEventEvaluator>")
"< Application, Lorg/apache/log4j/net/SyslogAppender, LOG_LOCAL7, <Primordial,I> >"	java_type_prim(java_prim_type_int)
"< Application, Lorg/apache/log4j/config/PropertySetterException, rootCause, <Application,Ljava/lang/Throwable> >"	java_type_ref("<Primordial,Ljava/lang/Throwable>")
"< Application, Lorg/apache/log4j/PropertyConfigurator, class$org$apache$log4j$Layout, <Application,Ljava/lang/Class> >"	java_type_ref("<Primordial,Ljava/lang/Class>")
"< Application, Lorg/apache/log4j/HTMLLayout, TITLE_OPTION, <Application,Ljava/lang/String> >"	java_type_ref("<Primordial,Ljava/lang/String>")
"< Application, Lorg/apache/log4j/net/SocketAppender$Connector, this$0, <Application,Lorg/apache/log4j/net/SocketAppender> >"	java_type_ref("<Application,Lorg/apache/log4j/net/SocketAppender>")
"< Application, Lorg/apache/log4j/Priority, WARN_INT, <Primordial,I> >"	java_type_prim(java_prim_type_int)
"< Application, Lorg/apache/log4j/net/SocketAppender, address, <Application,Ljava/net/InetAddress> >"	java_type_ref("<Primordial,Ljava/net/InetAddress>")
"< Application, Lorg/apache/log4j/spi/VectorWriter, v, <Application,Ljava/util/Vector> >"	java_type_ref("<Primordial,Ljava/util/Vector>")
"< Application, Lorg/apache/log4j/helpers/DateLayout, TIMEZONE_OPTION, <Application,Ljava/lang/String> >"	java_type_ref("<Primordial,Ljava/lang/String>")
"< Application, Lweblech/spider/SpiderConfig, refreshOthers, <Primordial,Z> >"	java_type_prim(java_prim_type_boolean)
"< Application, Lorg/apache/log4j/spi/LoggingEvent, PARAM_ARRAY, <Application,[Ljava/lang/Integer> >"	java_type_array(java_type_ref("<Primordial,Ljava/lang/Integer>"))
"< Application, Lorg/apache/log4j/net/SocketServer, port, <Primordial,I> >"	java_type_prim(java_prim_type_int)
"< Application, Lorg/apache/log4j/net/SMTPAppender, FROM_OPTION, <Application,Ljava/lang/String> >"	java_type_ref("<Primordial,Ljava/lang/String>")
"< Application, Lorg/apache/log4j/Dispatcher, container, <Application,Lorg/apache/log4j/AsyncAppender> >"	java_type_ref("<Application,Lorg/apache/log4j/AsyncAppender>")
"< Application, Lorg/apache/log4j/DailyRollingFileAppender, TOP_OF_MINUTE, <Primordial,I> >"	java_type_prim(java_prim_type_int)
"< Application, Lorg/apache/log4j/helpers/AbsoluteTimeDateFormat, ISO8601_DATE_FORMAT, <Application,Ljava/lang/String> >"	java_type_ref("<Primordial,Ljava/lang/String>")
"< Application, Lorg/apache/log4j/Dispatcher, bf, <Application,Lorg/apache/log4j/helpers/BoundedFIFO> >"	java_type_ref("<Application,Lorg/apache/log4j/helpers/BoundedFIFO>")
"< Application, Lorg/apache/log4j/helpers/SyslogWriter, address, <Application,Ljava/net/InetAddress> >"	java_type_ref("<Primordial,Ljava/net/InetAddress>")
"< Application, Lorg/apache/log4j/helpers/CyclicBuffer, maxSize, <Primordial,I> >"	java_type_prim(java_prim_type_int)
"< Application, Lorg/apache/log4j/spi/LocationInfo, lineNumber, <Application,Ljava/lang/String> >"	java_type_ref("<Primordial,Ljava/lang/String>")
"< Application, Lorg/apache/log4j/net/SocketAppender, LOCATION_INFO_OPTION, <Application,Ljava/lang/String> >"	java_type_ref("<Primordial,Ljava/lang/String>")
"< Application, Lweblech/spider/Spider, running, <Primordial,I> >"	java_type_prim(java_prim_type_int)
"< Application, Lorg/apache/log4j/helpers/PatternParser, MINUS_STATE, <Primordial,I> >"	java_type_prim(java_prim_type_int)
"< Application, Lorg/apache/log4j/config/PropertyGetter, obj, <Application,Ljava/lang/Object> >"	java_type_ref("<Primordial,Ljava/lang/Object>")
"< Application, Lweblech/spider/DumbAuthenticator, password, <Application,Ljava/lang/String> >"	java_type_ref("<Primordial,Ljava/lang/String>")
"< Application, Lorg/apache/log4j/TTCCLayout, contextPrinting, <Primordial,Z> >"	java_type_prim(java_prim_type_boolean)
"< Application, Lorg/apache/log4j/net/SMTPAppender, bufferSize, <Primordial,I> >"	java_type_prim(java_prim_type_int)
"< Application, Lorg/apache/log4j/or/RendererMap, map, <Application,Ljava/util/Hashtable> >"	java_type_ref("<Primordial,Ljava/util/Hashtable>")
"< Application, Lorg/apache/log4j/net/SyslogAppender, LOG_LOCAL4, <Primordial,I> >"	java_type_prim(java_prim_type_int)
"< Application, Lorg/apache/log4j/spi/LoggingEvent, categoryName, <Application,Ljava/lang/String> >"	java_type_ref("<Primordial,Ljava/lang/String>")
"< Application, Lorg/apache/log4j/helpers/OptionConverter, DELIM_START, <Application,Ljava/lang/String> >"	java_type_ref("<Primordial,Ljava/lang/String>")
"< Application, Lorg/apache/log4j/DailyRollingFileAppender, nextCheck, <Primordial,J> >"	java_type_prim(java_prim_type_long)
"< Application, Lorg/apache/log4j/helpers/OnlyOnceErrorHandler, firstTime, <Primordial,Z> >"	java_type_prim(java_prim_type_boolean)
"< Application, Lorg/apache/log4j/DailyRollingFileAppender, checkPeriod, <Primordial,I> >"	java_type_prim(java_prim_type_int)
"< Application, Lorg/apache/log4j/helpers/PatternParser, RELATIVE_TIME_CONVERTER, <Primordial,I> >"	java_type_prim(java_prim_type_int)
"< Application, Lweblech/spider/URLObject, config, <Application,Lweblech/spider/SpiderConfig> >"	java_type_ref("<Application,Lweblech/spider/SpiderConfig>")
"< Application, Lorg/apache/log4j/varia/PriorityMatchFilter, ACCEPT_ON_MATCH_OPTION, <Application,Ljava/lang/String> >"	java_type_ref("<Primordial,Ljava/lang/String>")
"< Application, Lorg/apache/log4j/Category, resourceBundle, <Application,Ljava/util/ResourceBundle> >"	java_type_ref("<Primordial,Ljava/util/ResourceBundle>")
"< Application, Lorg/apache/log4j/varia/ExternallyRolledFileAppender, port, <Primordial,I> >"	java_type_prim(java_prim_type_int)
"< Application, Lorg/apache/log4j/net/SyslogAppender, LOG_LPR, <Primordial,I> >"	java_type_prim(java_prim_type_int)
"< Application, Lorg/apache/log4j/AppenderSkeleton, name, <Application,Ljava/lang/String> >"	java_type_ref("<Primordial,Ljava/lang/String>")
"< Application, Lorg/apache/log4j/varia/StringMatchFilter, acceptOnMatch, <Primordial,Z> >"	java_type_prim(java_prim_type_boolean)
"< Application, Lorg/apache/log4j/AppenderSkeleton, THRESHOLD_OPTION, <Application,Ljava/lang/String> >"	java_type_ref("<Primordial,Ljava/lang/String>")
"< Application, Lorg/apache/log4j/helpers/SyslogQuietWriter, syslogFacility, <Primordial,I> >"	java_type_prim(java_prim_type_int)
"< Application, Lorg/apache/log4j/Category, parent, <Application,Lorg/apache/log4j/Category> >"	java_type_ref("<Application,Lorg/apache/log4j/Category>")
"< Application, Lorg/apache/log4j/helpers/PatternParser, PRIORITY_CONVERTER, <Primordial,I> >"	java_type_prim(java_prim_type_int)
"< Application, Lorg/apache/log4j/net/SyslogAppender, sqw, <Application,Lorg/apache/log4j/helpers/SyslogQuietWriter> >"	java_type_ref("<Application,Lorg/apache/log4j/helpers/SyslogQuietWriter>")
"< Application, Lweblech/spider/SpiderConfig, depthFirst, <Primordial,Z> >"	java_type_prim(java_prim_type_boolean)
"< Application, Lorg/apache/log4j/helpers/FormattingInfo, max, <Primordial,I> >"	java_type_prim(java_prim_type_int)
"< Application, Lweblech/spider/SpiderConfig, maxDepth, <Primordial,I> >"	java_type_prim(java_prim_type_int)
"< Application, Lorg/apache/log4j/helpers/LogLog, CONFIG_DEBUG_KEY, <Application,Ljava/lang/String> >"	java_type_ref("<Primordial,Ljava/lang/String>")
"< Application, Lorg/apache/log4j/helpers/FileWatchdog, DEFAULT_DELAY, <Primordial,J> >"	java_type_prim(java_prim_type_long)
"< Application, Lorg/apache/log4j/FileAppender, fileAppend, <Primordial,Z> >"	java_type_prim(java_prim_type_boolean)
"< Application, Lorg/apache/log4j/spi/LoggingEvent, startTime, <Primordial,J> >"	java_type_prim(java_prim_type_long)
"< Application, Lorg/apache/log4j/FileAppender, APPEND_OPTION, <Application,Ljava/lang/String> >"	java_type_ref("<Primordial,Ljava/lang/String>")
"< Application, Lorg/apache/log4j/xml/DOMConfigurator, VALUE_ATTR, <Application,Ljava/lang/String> >"	java_type_ref("<Primordial,Ljava/lang/String>")
"< Application, Lorg/apache/log4j/net/JMSAppender, TOPIC_CONNECTION_FACTORY_BINDING_NAME_OPTION, <Application,Ljava/lang/String> >"	java_type_ref("<Primordial,Ljava/lang/String>")
"< Application, Lorg/apache/log4j/PropertyConfigurator, RENDERER_PREFIX, <Application,Ljava/lang/String> >"	java_type_ref("<Primordial,Ljava/lang/String>")
"< Application, Lorg/apache/log4j/spi/ErrorCode, FILE_OPEN_FAILURE, <Primordial,I> >"	java_type_prim(java_prim_type_int)
"< Application, Lorg/apache/log4j/config/PropertyGetter, NULL_ARG, <Application,[Ljava/lang/Object> >"	java_type_array(java_type_ref("<Primordial,Ljava/lang/Object>"))
"< Application, Lorg/apache/log4j/RollingFileAppenderBeanInfo, class$org$apache$log4j$RollingFileAppender, <Application,Ljava/lang/Class> >"	java_type_ref("<Primordial,Ljava/lang/Class>")
"< Application, Lorg/apache/log4j/AsyncAppender, bf, <Application,Lorg/apache/log4j/helpers/BoundedFIFO> >"	java_type_ref("<Application,Lorg/apache/log4j/helpers/BoundedFIFO>")
"< Application, Lorg/apache/log4j/PatternLayout, pattern, <Application,Ljava/lang/String> >"	java_type_ref("<Primordial,Ljava/lang/String>")
"< Application, Lorg/apache/log4j/helpers/SyslogWriter, SYSLOG_PORT, <Primordial,I> >"	java_type_prim(java_prim_type_int)
"< Application, Lorg/apache/log4j/Category, DEFAULT_CONFIGURATION_KEY, <Application,Ljava/lang/String> >"	java_type_ref("<Primordial,Ljava/lang/String>")
"< Application, Lorg/apache/log4j/net/SyslogAppender, LOG_CRON, <Primordial,I> >"	java_type_prim(java_prim_type_int)
"< Application, Lorg/apache/log4j/spi/Filter, NEUTRAL, <Primordial,I> >"	java_type_prim(java_prim_type_int)
"< Application, Lorg/apache/log4j/net/SyslogAppender, LOG_AUTH, <Primordial,I> >"	java_type_prim(java_prim_type_int)
"< Application, Lorg/apache/log4j/spi/ErrorCode, ADDRESS_PARSE_FAILURE, <Primordial,I> >"	java_type_prim(java_prim_type_int)
"< Application, Lorg/apache/log4j/net/SyslogAppender, LOG_FTP, <Primordial,I> >"	java_type_prim(java_prim_type_int)
"< Application, Lorg/apache/log4j/nt/NTEventLogAppender, _handle, <Primordial,I> >"	java_type_prim(java_prim_type_int)
"< Application, Lorg/apache/log4j/helpers/OnlyOnceErrorHandler, WARN_PREFIX, <Application,Ljava/lang/String> >"	java_type_ref("<Primordial,Ljava/lang/String>")
"< Application, Lorg/apache/log4j/helpers/PatternParser, formattingInfo, <Application,Lorg/apache/log4j/helpers/FormattingInfo> >"	java_type_ref("<Application,Lorg/apache/log4j/helpers/FormattingInfo>")
"< Application, Lorg/apache/log4j/spi/ErrorCode, GENERIC_FAILURE, <Primordial,I> >"	java_type_prim(java_prim_type_int)
"< Application, Lweblech/spider/DownloadQueue, config, <Application,Lweblech/spider/SpiderConfig> >"	java_type_ref("<Application,Lweblech/spider/SpiderConfig>")
"< Application, Lorg/apache/log4j/net/SyslogAppender, LOG_DAEMON, <Primordial,I> >"	java_type_prim(java_prim_type_int)
"< Application, Lorg/apache/log4j/Category, DEFAULT_INIT_OVERRIDE_KEY, <Application,Ljava/lang/String> >"	java_type_ref("<Primordial,Ljava/lang/String>")
"< Application, Lorg/apache/log4j/Hierarchy, ht, <Application,Ljava/util/Hashtable> >"	java_type_ref("<Primordial,Ljava/util/Hashtable>")
"< Application, Lorg/apache/log4j/HTMLLayout, LOCATION_INFO_OPTION, <Application,Ljava/lang/String> >"	java_type_ref("<Primordial,Ljava/lang/String>")
"< Application, Lorg/apache/log4j/varia/HUP, er, <Application,Lorg/apache/log4j/varia/ExternallyRolledFileAppender> >"	java_type_ref("<Application,Lorg/apache/log4j/varia/ExternallyRolledFileAppender>")
"< Application, Lorg/apache/log4j/varia/Roller, host, <Application,Ljava/lang/String> >"	java_type_ref("<Primordial,Ljava/lang/String>")
"< Application, Lorg/apache/log4j/HTMLLayout, locationInfo, <Primordial,Z> >"	java_type_prim(java_prim_type_boolean)
"< Application, Lorg/apache/log4j/helpers/PatternParser, THREAD_CONVERTER, <Primordial,I> >"	java_type_prim(java_prim_type_int)
"< Application, Lorg/apache/log4j/helpers/BoundedFIFO, first, <Primordial,I> >"	java_type_prim(java_prim_type_int)
"< Application, Lorg/apache/log4j/helpers/FormattingInfo, min, <Primordial,I> >"	java_type_prim(java_prim_type_int)
"< Application, Lweblech/spider/SpiderConfig, mailtoLogFile, <Application,Ljava/io/File> >"	java_type_ref("<Primordial,Ljava/io/File>")
"< Application, Lorg/apache/log4j/BasicConfigurator, DISABLE_OVERRIDE_KEY, <Application,Ljava/lang/String> >"	java_type_ref("<Primordial,Ljava/lang/String>")
"< Application, Lorg/apache/log4j/DailyRollingFileAppender, TOP_OF_DAY, <Primordial,I> >"	java_type_prim(java_prim_type_int)
"< Application, Lorg/apache/log4j/net/SocketNode, hierarchy, <Application,Lorg/apache/log4j/Hierarchy> >"	java_type_ref("<Application,Lorg/apache/log4j/Hierarchy>")
"< Application, Lorg/apache/log4j/helpers/PatternParser$CategoryPatternConverter, this$0, <Application,Lorg/apache/log4j/helpers/PatternParser> >"	java_type_ref("<Application,Lorg/apache/log4j/helpers/PatternParser>")
"< Application, Lorg/apache/log4j/FileAppender, fileName, <Application,Ljava/lang/String> >"	java_type_ref("<Primordial,Ljava/lang/String>")
"< Application, Lorg/apache/log4j/net/SMTPAppender, locationInfo, <Primordial,Z> >"	java_type_prim(java_prim_type_boolean)
"< Application, Lorg/apache/log4j/Hierarchy, defaultFactory, <Application,Lorg/apache/log4j/spi/CategoryFactory> >"	java_type_ref("<Application,Lorg/apache/log4j/spi/CategoryFactory>")
"< Application, Lorg/apache/log4j/xml/DOMConfigurator, class$java$lang$String, <Application,Ljava/lang/Class> >"	java_type_ref("<Primordial,Ljava/lang/Class>")
"< Application, Lorg/apache/log4j/varia/ExternallyRolledFileAppender, PORT_OPTION, <Application,Ljava/lang/String> >"	java_type_ref("<Primordial,Ljava/lang/String>")
"< Application, Lorg/apache/log4j/spi/ErrorCode, WRITE_FAILURE, <Primordial,I> >"	java_type_prim(java_prim_type_int)
"< Application, Lorg/apache/log4j/helpers/CountingQuietWriter, count, <Primordial,J> >"	java_type_prim(java_prim_type_long)
"< Application, Lorg/apache/log4j/PropertyConfigurator, ROOT_CATEGORY_PREFIX, <Application,Ljava/lang/String> >"	java_type_ref("<Primordial,Ljava/lang/String>")
"< Application, Lorg/apache/log4j/xml/DOMConfigurator, LAYOUT_TAG, <Application,Ljava/lang/String> >"	java_type_ref("<Primordial,Ljava/lang/String>")
"< Application, Lorg/apache/log4j/spi/LoggingEvent, locationInfo, <Application,Lorg/apache/log4j/spi/LocationInfo> >"	java_type_ref("<Application,Lorg/apache/log4j/spi/LocationInfo>")
"< Application, Lorg/apache/log4j/Hierarchy, DISABLE_OFF, <Primordial,I> >"	java_type_prim(java_prim_type_int)
"< Application, Lorg/apache/log4j/RollingFileAppender, MAX_BACKUP_INDEX_OPTION, <Application,Ljava/lang/String> >"	java_type_ref("<Primordial,Ljava/lang/String>")
"< Application, Lorg/apache/log4j/varia/StringMatchFilter, STRING_TO_MATCH_OPTION, <Application,Ljava/lang/String> >"	java_type_ref("<Primordial,Ljava/lang/String>")
"< Application, Lorg/apache/log4j/xml/DOMConfigurator, DISABLE_OVERRIDE_ATTR, <Application,Ljava/lang/String> >"	java_type_ref("<Primordial,Ljava/lang/String>")
"< Application, Lorg/apache/log4j/net/SimpleSocketServer, cat, <Application,Lorg/apache/log4j/Category> >"	java_type_ref("<Application,Lorg/apache/log4j/Category>")
"< Application, Lorg/apache/log4j/spi/ThrowableInformation, vw, <Application,Lorg/apache/log4j/spi/VectorWriter> >"	java_type_ref("<Application,Lorg/apache/log4j/spi/VectorWriter>")
"< Application, Lorg/apache/log4j/helpers/DateLayout, NULL_DATE_FORMAT, <Application,Ljava/lang/String> >"	java_type_ref("<Primordial,Ljava/lang/String>")
"< Application, Lorg/apache/log4j/or/RendererMap, defaultRenderer, <Application,Lorg/apache/log4j/or/ObjectRenderer> >"	java_type_ref("<Application,Lorg/apache/log4j/or/ObjectRenderer>")
"< Application, Lorg/apache/log4j/helpers/FileWatchdog, lastModif, <Primordial,J> >"	java_type_prim(java_prim_type_long)
"< Application, Lorg/apache/log4j/spi/LoggingEvent, TO_PRIORITY, <Application,Ljava/lang/String> >"	java_type_ref("<Primordial,Ljava/lang/String>")
"< Application, Lorg/apache/log4j/Priority, FATAL_INT, <Primordial,I> >"	java_type_prim(java_prim_type_int)
"< Application, Lorg/apache/log4j/helpers/SyslogWriter, syslogHost, <Application,Ljava/lang/String> >"	java_type_ref("<Primordial,Ljava/lang/String>")
"< Application, Lorg/apache/log4j/spi/LoggingEvent, timeStamp, <Primordial,J> >"	java_type_prim(java_prim_type_long)
"< Application, Lorg/apache/log4j/xml/DOMConfigurator, ADDITIVITY_ATTR, <Application,Ljava/lang/String> >"	java_type_ref("<Primordial,Ljava/lang/String>")
"< Application, Lorg/apache/log4j/net/SocketServer, hierarchyMap, <Application,Ljava/util/Hashtable> >"	java_type_ref("<Primordial,Ljava/util/Hashtable>")
"< Application, Lorg/apache/log4j/net/SocketServer, cat, <Application,Lorg/apache/log4j/Category> >"	java_type_ref("<Application,Lorg/apache/log4j/Category>")
"< Application, Lorg/apache/log4j/helpers/PatternConverter, max, <Primordial,I> >"	java_type_prim(java_prim_type_int)
"< Application, Lorg/apache/log4j/helpers/PatternParser, tail, <Application,Lorg/apache/log4j/helpers/PatternConverter> >"	java_type_ref("<Application,Lorg/apache/log4j/helpers/PatternConverter>")
"< Application, Lorg/apache/log4j/helpers/OptionConverter, class$org$apache$log4j$Priority, <Application,Ljava/lang/Class> >"	java_type_ref("<Primordial,Ljava/lang/Class>")
"< Application, Lorg/apache/log4j/Layout, LINE_SEP_LEN, <Primordial,I> >"	java_type_prim(java_prim_type_int)
"< Application, Lorg/apache/log4j/net/SocketAppender, DEFAULT_PORT, <Primordial,I> >"	java_type_prim(java_prim_type_int)
"< Application, Lorg/apache/log4j/DailyRollingFileAppender, now, <Application,Ljava/util/Date> >"	java_type_ref("<Primordial,Ljava/util/Date>")
"< Application, Lorg/apache/log4j/varia/PriorityRangeFilter, PRIORITY_MIN_OPTION, <Application,Ljava/lang/String> >"	java_type_ref("<Primordial,Ljava/lang/String>")
"< Application, Lorg/apache/log4j/net/SyslogAppender, SYSLOG_HOST_OPTION, <Application,Ljava/lang/String> >"	java_type_ref("<Primordial,Ljava/lang/String>")
"< Application, Lorg/apache/log4j/net/SocketNode, cat, <Application,Lorg/apache/log4j/Category> >"	java_type_ref("<Application,Lorg/apache/log4j/Category>")
"< Application, Lorg/apache/log4j/PropertyConfigurator, categoryFactory, <Application,Lorg/apache/log4j/spi/CategoryFactory> >"	java_type_ref("<Application,Lorg/apache/log4j/spi/CategoryFactory>")
"< Application, Lorg/apache/log4j/net/SyslogAppender, FACILITY_OPTION, <Application,Ljava/lang/String> >"	java_type_ref("<Primordial,Ljava/lang/String>")
"< Application, Lorg/apache/log4j/AppenderSkeleton, errorHandler, <Application,Lorg/apache/log4j/spi/ErrorHandler> >"	java_type_ref("<Application,Lorg/apache/log4j/spi/ErrorHandler>")
"< Application, Lorg/apache/log4j/AsyncAppender, dispatcher, <Application,Lorg/apache/log4j/Dispatcher> >"	java_type_ref("<Application,Lorg/apache/log4j/Dispatcher>")
