"< Application, Lorg/apache/log4j/PatternLayout, <init>(Ljava/lang/String;)V >"
"< Application, Lorg/apache/log4j/helpers/PatternParser$ClassNamePatternConverter, <init>(Lorg/apache/log4j/helpers/PatternParser;Lorg/apache/log4j/helpers/FormattingInfo;I)V >"
"< Application, Lorg/apache/log4j/helpers/OptionConverter, <init>()V >"
"< Application, Lorg/apache/log4j/helpers/FormattingInfo, <init>()V >"
"< Application, Lorg/apache/log4j/Layout, <init>()V >"
"< Application, Lorg/apache/log4j/helpers/QuietWriter, <init>(Ljava/io/Writer;Lorg/apache/log4j/spi/ErrorHandler;)V >"
"< Application, Lorg/apache/log4j/helpers/PatternParser$LiteralPatternConverter, <init>(Ljava/lang/String;)V >"
"< Application, Lorg/apache/log4j/net/SMTPAppender, <init>(Lorg/apache/log4j/spi/TriggeringEventEvaluator;)V >"
"< Application, Lorg/apache/log4j/nt/NTEventLogAppender, <init>(Ljava/lang/String;)V >"
"< Application, Lorg/apache/log4j/TTCCLayout, <init>()V >"
"< Application, Lorg/apache/log4j/Dispatcher, <init>(Lorg/apache/log4j/helpers/BoundedFIFO;Lorg/apache/log4j/AsyncAppender;)V >"
"< Application, Lweblech/spider/Spider, <init>(Lweblech/spider/SpiderConfig;)V >"
"< Application, Lweblech/spider/HTMLParser, <init>(Lweblech/spider/SpiderConfig;)V >"
"< Application, Lorg/apache/log4j/helpers/SyslogQuietWriter, <init>(Ljava/io/Writer;ILorg/apache/log4j/spi/ErrorHandler;)V >"
"< Application, Lorg/apache/log4j/config/PropertySetterException, <init>(Ljava/lang/Throwable;)V >"
"< Application, Lorg/apache/log4j/varia/PriorityMatchFilter, <init>()V >"
"< Application, Lorg/apache/log4j/varia/PriorityRangeFilter, <init>()V >"
"< Application, Lorg/apache/log4j/xml/XMLWatchdog, <init>(Ljava/lang/String;)V >"
"< Application, Lweblech/spider/DownloadQueue, <init>(Lweblech/spider/SpiderConfig;)V >"
"< Application, Lorg/apache/log4j/FileAppender, <init>(Lorg/apache/log4j/Layout;Ljava/lang/String;)V >"
"< Application, Lorg/apache/log4j/net/SimpleSocketServer, <init>()V >"
"< Application, Lweblech/spider/URLObject, <init>(Ljava/net/URL;Ljava/lang/String;[BLweblech/spider/SpiderConfig;)V >"
"< Application, Lorg/apache/log4j/net/SocketServer, <init>(Ljava/io/File;)V >"
"< Application, Lorg/apache/log4j/helpers/PatternConverter, <init>()V >"
"< Application, Lorg/apache/log4j/helpers/AbsoluteTimeDateFormat, <init>(Ljava/util/TimeZone;)V >"
"< Application, Lorg/apache/log4j/ConsoleAppender, <init>(Lorg/apache/log4j/Layout;)V >"
"< Application, Lorg/apache/log4j/config/PropertyPrinter, <init>(Ljava/io/PrintWriter;Z)V >"
"< Application, Lorg/apache/log4j/WriterAppender, <init>(Lorg/apache/log4j/Layout;Ljava/io/OutputStream;)V >"
"< Application, Lorg/apache/log4j/DefaultCategoryFactory, <init>()V >"
"< Application, Lorg/apache/log4j/TTCCLayout, <init>(Ljava/lang/String;)V >"
"< Application, Lorg/apache/log4j/spi/LocationInfo, <init>(Ljava/lang/Throwable;Ljava/lang/String;)V >"
"< Application, Lorg/apache/log4j/helpers/Loader, <init>()V >"
"< Application, Lorg/apache/log4j/or/RendererMap, <init>()V >"
"< Application, Lorg/apache/log4j/net/SyslogAppender, <init>(Lorg/apache/log4j/Layout;Ljava/lang/String;I)V >"
"< Application, Lorg/apache/log4j/spi/VectorWriter, <init>()V >"
"< Application, Lorg/apache/log4j/helpers/ISO8601DateFormat, <init>()V >"
"< Application, Lorg/apache/log4j/ConsoleAppender, <init>()V >"
"< Application, Lorg/apache/log4j/helpers/LogLog, <init>()V >"
"< Application, Lorg/apache/log4j/NDC, <init>()V >"
"< Application, Lorg/apache/log4j/BasicConfigurator, <init>()V >"
"< Application, Lorg/apache/log4j/helpers/RelativeTimeDateFormat, <init>()V >"
"< Application, Lorg/apache/log4j/helpers/PatternConverter, <init>(Lorg/apache/log4j/helpers/FormattingInfo;)V >"
"< Application, Lorg/apache/log4j/PropertyConfigurator, <init>()V >"
"< Application, Lorg/apache/log4j/config/PropertyGetter, <init>(Ljava/lang/Object;)V >"
"< Application, Lorg/apache/log4j/net/SyslogAppender, <init>(Lorg/apache/log4j/Layout;I)V >"
"< Application, Lorg/apache/log4j/helpers/PatternParser$NamedPatternConverter, <init>(Lorg/apache/log4j/helpers/FormattingInfo;I)V >"
"< Application, Lorg/apache/log4j/HTMLLayout, <init>()V >"
"< Application, Lorg/apache/log4j/net/SocketAppender, <init>()V >"
"< Application, Lorg/apache/log4j/helpers/PatternParser, <init>(Ljava/lang/String;)V >"
"< Application, Lorg/apache/log4j/nt/NTEventLogAppender, <init>(Ljava/lang/String;Ljava/lang/String;)V >"
"< Application, Lweblech/spider/URLToDownload, <init>(Ljava/net/URL;I)V >"
"< Application, Lorg/apache/log4j/net/SMTPAppender, <init>()V >"
"< Application, Lweblech/spider/URLToDownload, <init>(Ljava/net/URL;Ljava/net/URL;I)V >"
"< Application, Lorg/apache/log4j/helpers/DateTimeDateFormat, <init>(Ljava/util/TimeZone;)V >"
"< Application, Lorg/apache/log4j/ConsoleAppender, <init>(Lorg/apache/log4j/Layout;Ljava/lang/String;)V >"
"< Application, Lweblech/spider/DumbAuthenticator, <init>(Ljava/lang/String;Ljava/lang/String;)V >"
"< Application, Lorg/apache/log4j/RollingFileAppender, <init>()V >"
"< Application, Lorg/apache/log4j/NDC$DiagnosticContext, <init>(Ljava/lang/String;Lorg/apache/log4j/NDC$DiagnosticContext;)V >"
"< Application, Lorg/apache/log4j/helpers/AppenderAttachableImpl, <init>()V >"
"< Application, Lorg/apache/log4j/helpers/AbsoluteTimeDateFormat, <init>()V >"
"< Application, Lorg/apache/log4j/FileAppender, <init>(Lorg/apache/log4j/Layout;Ljava/io/Writer;)V >"
"< Application, Lorg/apache/log4j/helpers/DateTimeDateFormat, <init>()V >"
"< Application, Lorg/apache/log4j/SimpleLayout, <init>()V >"
"< Application, Lorg/apache/log4j/helpers/NullEnumeration, <init>()V >"
"< Application, Lorg/apache/log4j/AsyncAppender, <init>()V >"
"< Application, Lorg/apache/log4j/spi/RootCategory, <init>(Lorg/apache/log4j/Priority;)V >"
"< Application, Lorg/apache/log4j/xml/XMLLayout, <init>()V >"
"< Application, Lweblech/spider/URLObject, <init>(Ljava/net/URL;Lweblech/spider/SpiderConfig;)V >"
"< Application, Lorg/apache/log4j/FileAppender, <init>(Lorg/apache/log4j/Layout;Ljava/io/OutputStream;)V >"
"< Application, Lorg/apache/log4j/varia/HUP, <init>(Lorg/apache/log4j/varia/ExternallyRolledFileAppender;I)V >"
"< Application, Lorg/apache/log4j/spi/LoggingEvent, <init>(Ljava/lang/String;Lorg/apache/log4j/Category;Lorg/apache/log4j/Priority;Ljava/lang/Object;Ljava/lang/Throwable;)V >"
"< Application, Lorg/apache/log4j/varia/ExternallyRolledFileAppender, <init>()V >"
"< Application, Lorg/apache/log4j/net/SocketAppender$Connector, <init>(Lorg/apache/log4j/net/SocketAppender;)V >"
"< Application, Lorg/apache/log4j/net/DefaultEvaluator, <init>()V >"
"< Application, Lorg/apache/log4j/PropertyWatchdog, <init>(Ljava/lang/String;)V >"
"< Application, Lorg/apache/log4j/nt/NTEventLogAppender, <init>(Ljava/lang/String;Lorg/apache/log4j/Layout;)V >"
"< Application, Lorg/apache/log4j/helpers/CyclicBuffer, <init>(I)V >"
"< Application, Lorg/apache/log4j/spi/Filter, <init>()V >"
"< Application, Lorg/apache/log4j/net/SyslogAppender, <init>()V >"
"< Application, Lorg/apache/log4j/AppenderSkeleton, <init>()V >"
"< Application, Lweblech/ui/TextSpider, <init>()V >"
"< Application, Lorg/apache/log4j/helpers/PatternParser$LocationPatternConverter, <init>(Lorg/apache/log4j/helpers/PatternParser;Lorg/apache/log4j/helpers/FormattingInfo;I)V >"
"< Application, Lorg/apache/log4j/config/PropertySetter, <init>(Ljava/lang/Object;)V >"
"< Application, Lorg/apache/log4j/helpers/BoundedFIFO, <init>(I)V >"
"< Application, Lorg/apache/log4j/Hierarchy, <init>(Lorg/apache/log4j/Category;)V >"
"< Application, Lorg/apache/log4j/DailyRollingFileAppender, <init>()V >"
"< Application, Lorg/apache/log4j/or/DefaultRenderer, <init>()V >"
"< Application, Lorg/apache/log4j/net/JMSAppender, <init>()V >"
"< Application, Lorg/apache/log4j/net/SocketNode, <init>(Ljava/net/Socket;Lorg/apache/log4j/Hierarchy;)V >"
"< Application, Lorg/apache/log4j/helpers/FileWatchdog, <init>(Ljava/lang/String;)V >"
"< Application, Lorg/apache/log4j/nt/NTEventLogAppender, <init>(Lorg/apache/log4j/Layout;)V >"
"< Application, Lorg/apache/log4j/helpers/DateLayout, <init>()V >"
"< Application, Lorg/apache/log4j/RollingFileAppender, <init>(Lorg/apache/log4j/Layout;Ljava/lang/String;Z)V >"
"< Application, Lorg/apache/log4j/helpers/PatternParser$DatePatternConverter, <init>(Lorg/apache/log4j/helpers/FormattingInfo;Ljava/text/DateFormat;)V >"
"< Application, Lorg/apache/log4j/or/MessageRenderer, <init>()V >"
"< Application, Lorg/apache/log4j/config/PropertyPrinter, <init>(Ljava/io/PrintWriter;)V >"
"< Application, Lorg/apache/log4j/helpers/CountingQuietWriter, <init>(Ljava/io/Writer;Lorg/apache/log4j/spi/ErrorHandler;)V >"
"< Application, Lorg/apache/log4j/nt/NTEventLogAppender, <init>()V >"
"< Application, Lorg/apache/log4j/spi/ThrowableInformation, <init>(Ljava/lang/Throwable;)V >"
"< Application, Lorg/apache/log4j/helpers/PatternParser$BasicPatternConverter, <init>(Lorg/apache/log4j/helpers/FormattingInfo;I)V >"
"< Application, Lorg/apache/log4j/Category, <init>(Ljava/lang/String;)V >"
"< Application, Lorg/apache/log4j/CategoryKey, <init>(Ljava/lang/String;)V >"
"< Application, Lorg/apache/log4j/FileAppender, <init>()V >"
"< Application, Lweblech/util/Logger, <init>()V >"
"< Application, Lorg/apache/log4j/nt/NTEventLogAppender, <init>(Ljava/lang/String;Ljava/lang/String;Lorg/apache/log4j/Layout;)V >"
"< Application, Lweblech/spider/SpiderConfig, <init>(Ljava/util/Properties;)V >"
"< Application, Lorg/apache/log4j/net/JMSSink, <init>()V >"
"< Application, Lorg/apache/log4j/helpers/OnlyOnceErrorHandler, <init>()V >"
"< Application, Lorg/apache/log4j/varia/DenyAllFilter, <init>()V >"
"< Application, Lorg/apache/log4j/varia/StringMatchFilter, <init>()V >"
"< Application, Lorg/apache/log4j/WriterAppender, <init>(Lorg/apache/log4j/Layout;Ljava/io/Writer;)V >"
"< Application, Lorg/apache/log4j/Priority, <init>(ILjava/lang/String;I)V >"
"< Application, Lorg/apache/log4j/net/SocketAppender, <init>(Ljava/lang/String;I)V >"
"< Application, Lorg/apache/log4j/RollingFileAppenderBeanInfo, <init>()V >"
"< Application, Lweblech/spider/URLGetter, <init>(Lweblech/spider/SpiderConfig;)V >"
"< Application, Lorg/apache/log4j/helpers/SyslogWriter, <init>(Ljava/lang/String;)V >"
"< Application, Lorg/apache/log4j/ProvisionNode, <init>(Lorg/apache/log4j/Category;)V >"
"< Application, Lorg/apache/log4j/net/SocketAppender, <init>(Ljava/net/InetAddress;I)V >"
"< Application, Lweblech/util/Log4j, <init>()V >"
"< Application, Lorg/apache/log4j/varia/Roller, <init>()V >"
"< Application, Lorg/apache/log4j/config/PropertySetterException, <init>(Ljava/lang/String;)V >"
"< Application, Lorg/apache/log4j/RollingFileAppender, <init>(Lorg/apache/log4j/Layout;Ljava/lang/String;)V >"
"< Application, Lorg/apache/log4j/helpers/ISO8601DateFormat, <init>(Ljava/util/TimeZone;)V >"
"< Application, Lorg/apache/log4j/spi/NullWriter, <init>()V >"
"< Application, Lorg/apache/log4j/or/ThreadGroupRenderer, <init>()V >"
"< Application, Lorg/apache/log4j/PatternLayout, <init>()V >"
"< Application, Lorg/apache/log4j/helpers/PatternParser$CategoryPatternConverter, <init>(Lorg/apache/log4j/helpers/PatternParser;Lorg/apache/log4j/helpers/FormattingInfo;I)V >"
"< Application, Lorg/apache/log4j/DailyRollingFileAppender, <init>(Lorg/apache/log4j/Layout;Ljava/lang/String;Ljava/lang/String;)V >"
"< Application, Lweblech/spider/SpiderConfig, <init>()V >"
"< Application, Lorg/apache/log4j/xml/DOMConfigurator, <init>()V >"
"< Application, Lorg/apache/log4j/FileAppender, <init>(Lorg/apache/log4j/Layout;Ljava/lang/String;Z)V >"
"< Application, Lorg/apache/log4j/RollingCalendar, <init>()V >"
"< Application, Lorg/apache/log4j/varia/HUPNode, <init>(Ljava/net/Socket;Lorg/apache/log4j/varia/ExternallyRolledFileAppender;)V >"
"< Application, Lorg/apache/log4j/WriterAppender, <init>()V >"
