"< Application, Lorg/apache/log4j/net/SMTPAppender, setEvaluatorClass(Ljava/lang/String;)V >"	6
"< Application, Lorg/apache/log4j/net/SyslogAppender, getFacility(Ljava/lang/String;)I >"	2
"< Application, Lorg/apache/log4j/Category, l7dlog(Lorg/apache/log4j/Priority;Ljava/lang/String;Ljava/lang/Throwable;)V >"	10
"< Application, Lweblech/ui/TextSpider, main([Ljava/lang/String;)V >"	19
"< Application, Lweblech/spider/HTMLParser, isMailTo(Ljava/lang/String;)Z >"	6
"< Application, Lorg/apache/log4j/varia/Roller, usage(Ljava/lang/String;)V >"	12
"< Application, Lorg/apache/log4j/helpers/AppenderAttachableImpl, appendLoopOnAppenders(Lorg/apache/log4j/spi/LoggingEvent;)I >"	10
"< Application, Lorg/apache/log4j/xml/DOMConfigurator, parsePriority(Lorg/w3c/dom/Element;Lorg/apache/log4j/Category;Z)V >"	2
"< Application, Lorg/apache/log4j/nt/NTEventLogAppender, <init>(Ljava/lang/String;Ljava/lang/String;Lorg/apache/log4j/Layout;)V >"	5
"< Application, Lorg/apache/log4j/helpers/OptionConverter, toFileSize(Ljava/lang/String;J)J >"	15
"< Application, Lweblech/spider/HTMLParser, extractAttributesFromTags(Ljava/lang/String;Ljava/lang/String;Ljava/net/URL;Ljava/util/List;Ljava/util/Set;Ljava/lang/String;)V >"	21
"< Application, Lorg/apache/log4j/net/JMSSink, usage(Ljava/lang/String;)V >"	12
"< Application, Lorg/apache/log4j/config/PropertySetterException, getMessage()Ljava/lang/String; >"	6
"< Application, Lorg/apache/log4j/net/SMTPAppender, setOption(Ljava/lang/String;Ljava/lang/String;)V >"	27
"< Application, Lweblech/spider/URLObject, convertToFileName()Ljava/lang/String; >"	5
"< Application, Lorg/apache/log4j/Category, callAppenders(Lorg/apache/log4j/spi/LoggingEvent;)V >"	18
"< Application, Lorg/apache/log4j/xml/DOMConfigurator, parseErrorHandler(Lorg/w3c/dom/Element;Lorg/apache/log4j/Appender;)V >"	26
"< Application, Lorg/apache/log4j/helpers/BoundedFIFO, resize(I)V >"	22
"< Application, Lorg/apache/log4j/net/SyslogAppender, append(Lorg/apache/log4j/spi/LoggingEvent;)V >"	22
"< Application, Lorg/apache/log4j/helpers/CyclicBuffer, resize(I)V >"	34
"< Application, Lweblech/spider/SpiderConfig, fromSet(Ljava/util/Set;)Ljava/lang/String; >"	3
"< Application, Lorg/apache/log4j/HTMLLayout, escapeHTMLTags(Ljava/lang/String;)Ljava/lang/String; >"	18
"< Application, Lorg/apache/log4j/xml/DOMConfigurator, parse(Lorg/w3c/dom/Element;Lorg/apache/log4j/Hierarchy;)V >"	85
"< Application, Lorg/apache/log4j/helpers/AppenderAttachableImpl, appendLoopOnAppenders(Lorg/apache/log4j/spi/LoggingEvent;)I >"	12
"< Application, Lorg/apache/log4j/spi/LocationInfo, getClassName()Ljava/lang/String; >"	17
"< Application, Lorg/apache/log4j/spi/LocationInfo, <init>(Ljava/lang/Throwable;Ljava/lang/String;)V >"	36
"< Application, Lorg/apache/log4j/PropertyConfigurator, configureCategoryFactory(Ljava/util/Properties;)V >"	15
"< Application, Lorg/apache/log4j/net/SocketNode, <clinit>()V >"	6
"< Application, Lorg/apache/log4j/RollingFileAppenderBeanInfo, <init>()V >"	44
"< Application, Lorg/apache/log4j/or/ThreadGroupRenderer, doRender(Ljava/lang/Object;)Ljava/lang/String; >"	32
"< Application, Lorg/apache/log4j/helpers/OptionConverter, toPriority(Ljava/lang/String;Lorg/apache/log4j/Priority;)Lorg/apache/log4j/Priority; >"	35
"< Application, Lorg/apache/log4j/xml/DOMConfigurator, parseLayout(Lorg/w3c/dom/Element;)Lorg/apache/log4j/Layout; >"	26
"< Application, Lorg/apache/log4j/BasicConfigurator, addRenderer(Lorg/apache/log4j/Hierarchy;Ljava/lang/String;Ljava/lang/String;)V >"	15
"< Application, Lorg/apache/log4j/CategoryKey, equals(Ljava/lang/Object;)Z >"	9
"< Application, Lorg/apache/log4j/Hierarchy, updateParents(Lorg/apache/log4j/Category;)V >"	38
"< Application, Lorg/apache/log4j/helpers/AppenderAttachableImpl, removeAppender(Ljava/lang/String;)V >"	17
"< Application, Lorg/apache/log4j/helpers/PatternConverter, spacePad(Ljava/lang/StringBuffer;I)V >"	15
"< Application, Lorg/apache/log4j/xml/DOMConfigurator, parseErrorHandler(Lorg/w3c/dom/Element;Lorg/apache/log4j/Appender;)V >"	8
"< Application, Lorg/apache/log4j/config/PropertySetter, convertArg(Ljava/lang/String;Ljava/lang/Class;)Ljava/lang/Object; >"	9
"< Application, Lorg/apache/log4j/config/PropertyPrinter, printOptions(Ljava/io/PrintWriter;Lorg/apache/log4j/Category;)V >"	18
"< Application, Lorg/apache/log4j/config/PropertyPrinter, printOptions(Ljava/io/PrintWriter;Lorg/apache/log4j/Category;)V >"	44
"< Application, Lorg/apache/log4j/xml/DOMConfigurator, findAppenderByReference(Lorg/w3c/dom/Element;)Lorg/apache/log4j/Appender; >"	19
"< Application, Lorg/apache/log4j/config/PropertySetter, getPropertyDescriptor(Ljava/lang/String;)Ljava/beans/PropertyDescriptor; >"	13
"< Application, Lweblech/spider/Spider, start()V >"	2
"< Application, Lorg/apache/log4j/NDC, lazyRemove()V >"	49
"< Application, Lorg/apache/log4j/Category, callAppenders(Lorg/apache/log4j/spi/LoggingEvent;)V >"	7
"< Application, Lorg/apache/log4j/WriterAppender, subAppend(Lorg/apache/log4j/spi/LoggingEvent;)V >"	18
"< Application, Lorg/apache/log4j/varia/PriorityMatchFilter, getPriorityToMatch()Ljava/lang/String; >"	5
"< Application, Lorg/apache/log4j/config/PropertyPrinter, foundProperty(Ljava/lang/Object;Ljava/lang/String;Ljava/lang/String;Ljava/lang/Object;)V >"	8
"< Application, Lorg/apache/log4j/config/PropertyPrinter, printOptions(Ljava/io/PrintWriter;Lorg/apache/log4j/Category;)V >"	56
"< Application, Lweblech/spider/URLObject, <init>(Ljava/net/URL;Lweblech/spider/SpiderConfig;)V >"	23
"< Application, Lorg/apache/log4j/helpers/PatternParser, finalizeConverter(C)V >"	17
"< Application, Lorg/apache/log4j/helpers/OptionConverter, selectAndConfigure(Ljava/net/URL;Lorg/apache/log4j/Hierarchy;)V >"	14
"< Application, Lweblech/spider/SpiderConfig, fromSet(Ljava/util/Set;)Ljava/lang/String; >"	11
"< Application, Lorg/apache/log4j/Category, l7dlog(Lorg/apache/log4j/Priority;Ljava/lang/String;[Ljava/lang/Object;Ljava/lang/Throwable;)V >"	12
"< Application, Lorg/apache/log4j/net/SyslogAppender, append(Lorg/apache/log4j/spi/LoggingEvent;)V >"	52
"< Application, Lorg/apache/log4j/HTMLLayout, appendThrowableAsHTML([Ljava/lang/String;Ljava/lang/StringBuffer;)V >"	18
"< Application, Lorg/apache/log4j/or/RendererMap, get(Ljava/lang/Class;)Lorg/apache/log4j/or/ObjectRenderer; >"	10
"< Application, Lweblech/spider/URLObject, textReplace(Ljava/lang/String;Ljava/lang/String;Ljava/lang/String;)Ljava/lang/String; >"	0
"< Application, Lorg/apache/log4j/helpers/OptionConverter, convertSpecialChars(Ljava/lang/String;)Ljava/lang/String; >"	24
"< Application, Lorg/apache/log4j/PropertyConfigurator, parseAppender(Ljava/util/Properties;Ljava/lang/String;)Lorg/apache/log4j/Appender; >"	49
"< Application, Lorg/apache/log4j/helpers/PatternParser$DatePatternConverter, convert(Lorg/apache/log4j/spi/LoggingEvent;)Ljava/lang/String; >"	9
"< Application, Lorg/apache/log4j/xml/DOMConfigurator, parseFilters(Lorg/w3c/dom/Element;Lorg/apache/log4j/Appender;)V >"	8
"< Application, Lorg/apache/log4j/Hierarchy, isDisabled(I)Z >"	3
"< Application, Lorg/apache/log4j/helpers/PatternParser, finalizeConverter(C)V >"	129
"< Application, Lorg/apache/log4j/config/PropertyPrinter, printOptions(Ljava/io/PrintWriter;Lorg/apache/log4j/Category;)V >"	37
"< Application, Lorg/apache/log4j/net/SocketServer, <clinit>()V >"	8
"< Application, Lorg/apache/log4j/Category, <clinit>()V >"	48
"< Application, Lorg/apache/log4j/net/SimpleSocketServer, <clinit>()V >"	6
"< Application, Lorg/apache/log4j/spi/VectorWriter, toStringArray()[Ljava/lang/String; >"	9
"< Application, Lorg/apache/log4j/nt/NTEventLogAppender, append(Lorg/apache/log4j/spi/LoggingEvent;)V >"	15
"< Application, Lweblech/spider/HTMLParser, extractAttributesFromTags(Ljava/lang/String;Ljava/lang/String;Ljava/net/URL;Ljava/util/List;Ljava/util/Set;Ljava/lang/String;)V >"	45
"< Application, Lorg/apache/log4j/RollingFileAppenderBeanInfo, <init>()V >"	26
"< Application, Lorg/apache/log4j/helpers/OptionConverter, convertSpecialChars(Ljava/lang/String;)Ljava/lang/String; >"	26
"< Application, Lorg/apache/log4j/xml/DOMConfigurator, parseCategory(Lorg/w3c/dom/Element;Lorg/apache/log4j/Hierarchy;)V >"	33
"< Application, Lorg/apache/log4j/RollingFileAppenderBeanInfo, <init>()V >"	34
"< Application, Lorg/apache/log4j/AppenderSkeleton, doAppend(Lorg/apache/log4j/spi/LoggingEvent;)V >"	21
"< Application, Lorg/apache/log4j/RollingFileAppenderBeanInfo, <init>()V >"	7
"< Application, Lorg/apache/log4j/or/RendererMap, searchInterfaces(Ljava/lang/Class;)Lorg/apache/log4j/or/ObjectRenderer; >"	12
"< Application, Lorg/apache/log4j/config/PropertyGetter, isHandledType(Ljava/lang/Class;)Z >"	24
"< Application, Lweblech/ui/TextSpider, main([Ljava/lang/String;)V >"	27
"< Application, Lorg/apache/log4j/helpers/PatternParser, finalizeConverter(C)V >"	52
"< Application, Lorg/apache/log4j/PropertyConfigurator, parseAppender(Ljava/util/Properties;Ljava/lang/String;)Lorg/apache/log4j/Appender; >"	26
"< Application, Lorg/apache/log4j/net/JMSAppender, checkEntryConditions()Z >"	8
"< Application, Lorg/apache/log4j/config/PropertyGetter, isHandledType(Ljava/lang/Class;)Z >"	28
"< Application, Lorg/apache/log4j/helpers/OptionConverter, toPriority(Ljava/lang/String;Lorg/apache/log4j/Priority;)Lorg/apache/log4j/Priority; >"	27
"< Application, Lweblech/spider/URLGetter, getURL(Lweblech/spider/URLToDownload;)Lweblech/spider/URLObject; >"	107
"< Application, Lorg/apache/log4j/net/SocketServer, main([Ljava/lang/String;)V >"	38
"< Application, Lorg/apache/log4j/config/PropertySetter, convertArg(Ljava/lang/String;Ljava/lang/Class;)Ljava/lang/Object; >"	42
"< Application, Lorg/apache/log4j/varia/PriorityMatchFilter, decide(Lorg/apache/log4j/spi/LoggingEvent;)I >"	6
"< Application, Lweblech/spider/Spider, isRunning()Z >"	3
"< Application, Lorg/apache/log4j/helpers/PatternParser$NamedPatternConverter, convert(Lorg/apache/log4j/spi/LoggingEvent;)Ljava/lang/String; >"	13
"< Application, Lorg/apache/log4j/helpers/PatternParser, finalizeConverter(C)V >"	49
"< Application, Lorg/apache/log4j/spi/LoggingEvent, readPriority(Ljava/io/ObjectInputStream;)V >"	16
"< Application, Lorg/apache/log4j/helpers/OptionConverter, substVars(Ljava/lang/String;Ljava/util/Properties;)Ljava/lang/String; >"	40
"< Application, Lorg/apache/log4j/helpers/OptionConverter, toPriority(Ljava/lang/String;Lorg/apache/log4j/Priority;)Lorg/apache/log4j/Priority; >"	101
"< Application, Lorg/apache/log4j/net/SocketServer, usage(Ljava/lang/String;)V >"	12
"< Application, Lorg/apache/log4j/xml/DOMConfigurator, parseFilters(Lorg/w3c/dom/Element;Lorg/apache/log4j/Appender;)V >"	26
"< Application, Lorg/apache/log4j/xml/DOMConfigurator, <clinit>()V >"	7
"< Application, Lorg/apache/log4j/Category, callAppenders(Lorg/apache/log4j/spi/LoggingEvent;)V >"	20
"< Application, Lorg/apache/log4j/Category, getResourceBundle()Ljava/util/ResourceBundle; >"	6
"< Application, Lorg/apache/log4j/CategoryKey, equals(Ljava/lang/Object;)Z >"	17
"< Application, Lorg/apache/log4j/Priority, isGreaterOrEqual(Lorg/apache/log4j/Priority;)Z >"	4
"< Application, Lweblech/spider/URLObject, existsOnDisk()Z >"	8
"< Application, Lorg/apache/log4j/config/PropertyGetter, isHandledType(Ljava/lang/Class;)Z >"	6
"< Application, Lorg/apache/log4j/Category, getChainedPriority()Lorg/apache/log4j/Priority; >"	6
"< Application, Lorg/apache/log4j/helpers/ISO8601DateFormat, format(Ljava/util/Date;Ljava/lang/StringBuffer;Ljava/text/FieldPosition;)Ljava/lang/StringBuffer; >"	20
"< Application, Lorg/apache/log4j/helpers/PatternParser, extractPrecisionOption()I >"	11
"< Application, Lweblech/spider/URLGetter, getURL(Lweblech/spider/URLToDownload;)Lweblech/spider/URLObject; >"	97
"< Application, Lorg/apache/log4j/varia/Roller, <clinit>()V >"	6
"< Application, Lorg/apache/log4j/helpers/PatternConverter, spacePad(Ljava/lang/StringBuffer;I)V >"	5
"< Application, Lorg/apache/log4j/helpers/CyclicBuffer, get()Lorg/apache/log4j/spi/LoggingEvent; >"	17
"< Application, Lorg/apache/log4j/Category, <clinit>()V >"	21
"< Application, Lorg/apache/log4j/helpers/AppenderAttachableImpl, getAppender(Ljava/lang/String;)Lorg/apache/log4j/Appender; >"	15
"< Application, Lorg/apache/log4j/helpers/OptionConverter, selectAndConfigure(Ljava/net/URL;Lorg/apache/log4j/Hierarchy;)V >"	39
"< Application, Lorg/apache/log4j/helpers/BoundedFIFO, isFull()Z >"	4
"< Application, Lorg/apache/log4j/Hierarchy, updateParents(Lorg/apache/log4j/Category;)V >"	40
"< Application, Lorg/apache/log4j/DailyRollingFileAppender, computeCheckPeriod()I >"	21
"< Application, Lweblech/ui/TextSpider, main([Ljava/lang/String;)V >"	49
"< Application, Lweblech/spider/URLObject, convertToFileName()Ljava/lang/String; >"	21
"< Application, Lweblech/spider/URLGetter, getURL(Lweblech/spider/URLToDownload;)Lweblech/spider/URLObject; >"	73
"< Application, Lorg/apache/log4j/helpers/BoundedFIFO, wasFull()Z >"	5
"< Application, Lorg/apache/log4j/helpers/PatternParser, extractPrecisionOption()I >"	22
"< Application, Lorg/apache/log4j/Category, <clinit>()V >"	23
"< Application, Lorg/apache/log4j/helpers/BoundedFIFO, min(II)I >"	2
"< Application, Lorg/apache/log4j/config/PropertyPrinter, isGenAppName(Ljava/lang/String;)Z >"	12
"< Application, Lweblech/spider/URLObject, convertToFileName()Ljava/lang/String; >"	13
"< Application, Lorg/apache/log4j/RollingFileAppender, rollOver()V >"	65
"< Application, Lorg/apache/log4j/net/SMTPAppender, getEvaluatorClass()Ljava/lang/String; >"	6
"< Application, Lorg/apache/log4j/net/SimpleSocketServer, usage(Ljava/lang/String;)V >"	12
"< Application, Lorg/apache/log4j/helpers/Loader, resolveName(Ljava/lang/String;Ljava/lang/Class;)Ljava/lang/String; >"	11
"< Application, Lorg/apache/log4j/xml/XMLLayout, format(Lorg/apache/log4j/spi/LoggingEvent;)Ljava/lang/String; >"	55
"< Application, Lorg/apache/log4j/PatternLayout, format(Lorg/apache/log4j/spi/LoggingEvent;)Ljava/lang/String; >"	14
"< Application, Lorg/apache/log4j/config/PropertyPrinter, printOptions(Ljava/io/PrintWriter;Lorg/apache/log4j/Category;)V >"	5
"< Application, Lorg/apache/log4j/helpers/CyclicBuffer, resize(I)V >"	18
"< Application, Lorg/apache/log4j/xml/DOMConfigurator, findAppenderByReference(Lorg/w3c/dom/Element;)Lorg/apache/log4j/Appender; >"	22
"< Application, Lorg/apache/log4j/config/PropertyGetter, getProperties(Lorg/apache/log4j/config/PropertyGetter$PropertyCallback;Ljava/lang/String;)V >"	28
"< Application, Lorg/apache/log4j/AppenderSkeleton, isAsSevereAsThreshold(Lorg/apache/log4j/Priority;)Z >"	6
"< Application, Lorg/apache/log4j/xml/DOMConfigurator, parseAppender(Lorg/w3c/dom/Element;)Lorg/apache/log4j/Appender; >"	77
"< Application, Lorg/apache/log4j/net/JMSSink, main([Ljava/lang/String;)V >"	14
"< Application, Lorg/apache/log4j/helpers/OptionConverter, substVars(Ljava/lang/String;Ljava/util/Properties;)Ljava/lang/String; >"	3
"< Application, Lorg/apache/log4j/xml/DOMConfigurator, parseChildrenOfCategoryElement(Lorg/w3c/dom/Element;Lorg/apache/log4j/Category;Z)V >"	46
"< Application, Lorg/apache/log4j/helpers/AppenderAttachableImpl, removeAllAppenders()V >"	10
"< Application, Lorg/apache/log4j/NDC, lazyRemove()V >"	21
"< Application, Lorg/apache/log4j/xml/DOMConfigurator, doConfigure(Ljava/lang/String;Lorg/apache/log4j/Hierarchy;)V >"	15
"< Application, Lorg/apache/log4j/helpers/LogLog, <clinit>()V >"	5
"< Application, Lorg/apache/log4j/helpers/BoundedFIFO, wasEmpty()Z >"	3
"< Application, Lweblech/spider/Spider, downloadURL(Lweblech/spider/URLToDownload;Lweblech/spider/URLGetter;Lweblech/spider/HTMLParser;)Ljava/util/List; >"	61
"< Application, Lorg/apache/log4j/PropertyConfigurator, doConfigure(Ljava/util/Properties;Lorg/apache/log4j/Hierarchy;)V >"	5
"< Application, Lorg/apache/log4j/spi/LoggingEvent, writePriority(Ljava/io/ObjectOutputStream;)V >"	11
"< Application, Lorg/apache/log4j/PatternLayout, <init>(Ljava/lang/String;)V >"	9
"< Application, Lorg/apache/log4j/Hierarchy, updateChildren(Lorg/apache/log4j/ProvisionNode;Lorg/apache/log4j/Category;)V >"	13
"< Application, Lorg/apache/log4j/helpers/PatternParser, extractPrecisionOption()I >"	13
