"< Application, Lorg/apache/log4j/RollingFileAppender, subAppend(Lorg/apache/log4j/spi/LoggingEvent;)V >"	7	12	java_comparison_cmp	10	11
"< Application, Lorg/apache/log4j/helpers/FileWatchdog, checkAndConfigure()V >"	18	42	java_comparison_cmp	40	41
"< Application, Lweblech/spider/Spider, checkpointIfNeeded()V >"	2	7	java_comparison_cmp	5	6
"< Application, Lorg/apache/log4j/DailyRollingFileAppender, subAppend(Lorg/apache/log4j/spi/LoggingEvent;)V >"	2	7	java_comparison_cmp	5	6
"< Application, Lweblech/spider/Spider, checkpointIfNeeded()V >"	19	25	java_comparison_cmp	21	24
"< Application, Lweblech/spider/URLGetter, getURL(Lweblech/spider/URLToDownload;)Lweblech/spider/URLObject; >"	105	163	java_comparison_cmp	161	162
"< Application, Lweblech/spider/Spider, checkpointIfNeeded()V >"	10	16	java_comparison_cmp	12	15
