"< Application, Lweblech/spider/Spider, run()V >"	78	105
"< Application, Lorg/apache/log4j/xml/DOMConfigurator, doConfigure(Ljava/lang/String;Lorg/apache/log4j/Hierarchy;)V >"	18	37
"< Application, Lorg/apache/log4j/varia/Roller, class$(Ljava/lang/String;)Ljava/lang/Class; >"	6	6
"< Application, Lorg/apache/log4j/xml/DOMConfigurator, class$(Ljava/lang/String;)Ljava/lang/Class; >"	6	6
"< Application, Lorg/apache/log4j/config/PropertySetter, setProperty(Ljava/beans/PropertyDescriptor;Ljava/lang/String;Ljava/lang/String;)V >"	10	74
"< Application, Lweblech/spider/Spider, checkpointIfNeeded()V >"	28	29
"< Application, Lorg/apache/log4j/net/SocketNode, class$(Ljava/lang/String;)Ljava/lang/Class; >"	6	6
"< Application, Lorg/apache/log4j/net/JMSAppender, lookup(Ljavax/naming/Context;Ljava/lang/String;)Ljava/lang/Object; >"	10	7
"< Application, Lorg/apache/log4j/helpers/PatternParser, class$(Ljava/lang/String;)Ljava/lang/Class; >"	6	6
"< Application, Lorg/apache/log4j/net/SocketServer, class$(Ljava/lang/String;)Ljava/lang/Class; >"	6	6
"< Application, Lweblech/spider/Spider, run()V >"	118	106
"< Application, Lorg/apache/log4j/AsyncAppender, removeAllAppenders()V >"	8	6
"< Application, Lorg/apache/log4j/AsyncAppender, getAllAppenders()Ljava/util/Enumeration; >"	8	7
"< Application, Lorg/apache/log4j/AsyncAppender, getAppender(Ljava/lang/String;)Lorg/apache/log4j/Appender; >"	8	8
"< Application, Lorg/apache/log4j/config/PropertySetter, setProperty(Ljava/beans/PropertyDescriptor;Ljava/lang/String;Ljava/lang/String;)V >"	4	77
"< Application, Lweblech/spider/Spider, queueSize()I >"	8	7
"< Application, Lorg/apache/log4j/net/SMTPAppender, class$(Ljava/lang/String;)Ljava/lang/Class; >"	6	6
"< Application, Lorg/apache/log4j/xml/DOMConfigurator, parseRoot(Lorg/w3c/dom/Element;Lorg/apache/log4j/Hierarchy;)V >"	7	9
"< Application, Lorg/apache/log4j/Dispatcher, close()V >"	12	11
"< Application, Lorg/apache/log4j/helpers/OptionConverter, substVars(Ljava/lang/String;Ljava/util/Properties;)Ljava/lang/String; >"	32	35
"< Application, Lweblech/spider/Spider, run()V >"	65	104
"< Application, Lorg/apache/log4j/config/PropertySetter, class$(Ljava/lang/String;)Ljava/lang/Class; >"	6	6
"< Application, Lorg/apache/log4j/config/PropertyGetter, class$(Ljava/lang/String;)Ljava/lang/Class; >"	6	6
"< Application, Lorg/apache/log4j/Dispatcher, run()V >"	28	30
"< Application, Lorg/apache/log4j/Hierarchy, getInstance(Ljava/lang/String;Lorg/apache/log4j/spi/CategoryFactory;)Lorg/apache/log4j/Category; >"	34	32
"< Application, Lweblech/spider/Spider, filterURLs(Ljava/util/List;)Ljava/util/List; >"	24	28
"< Application, Lorg/apache/log4j/config/PropertySetter, setProperty(Ljava/beans/PropertyDescriptor;Ljava/lang/String;Ljava/lang/String;)V >"	54	58
"< Application, Lorg/apache/log4j/varia/HUPNode, run()V >"	13	18
"< Application, Lorg/apache/log4j/net/SimpleSocketServer, class$(Ljava/lang/String;)Ljava/lang/Class; >"	6	6
"< Application, Lorg/apache/log4j/helpers/QuietWriter, setErrorHandler(Lorg/apache/log4j/spi/ErrorHandler;)V >"	3	5
"< Application, Lweblech/spider/Spider, run()V >"	105	107
"< Application, Lorg/apache/log4j/PropertyConfigurator, parseCatsAndRenderers(Ljava/util/Properties;Lorg/apache/log4j/Hierarchy;)V >"	18	37
"< Application, Lorg/apache/log4j/BasicConfigurator, class$(Ljava/lang/String;)Ljava/lang/Class; >"	6	6
"< Application, Lorg/apache/log4j/PropertyConfigurator, configureRootCategory(Ljava/util/Properties;Lorg/apache/log4j/Hierarchy;)V >"	11	13
"< Application, Lorg/apache/log4j/spi/LocationInfo, <init>(Ljava/lang/Throwable;Ljava/lang/String;)V >"	16	18
"< Application, Lorg/apache/log4j/helpers/NullEnumeration, nextElement()Ljava/lang/Object; >"	2	3
"< Application, Lorg/apache/log4j/config/PropertySetter, setProperty(Ljava/beans/PropertyDescriptor;Ljava/lang/String;Ljava/lang/String;)V >"	36	60
"< Application, Lweblech/spider/Spider, run()V >"	56	103
"< Application, Lorg/apache/log4j/helpers/CyclicBuffer, resize(I)V >"	9	22
"< Application, Lorg/apache/log4j/Dispatcher, run()V >"	41	29
"< Application, Lorg/apache/log4j/AsyncAppender, removeAppender(Ljava/lang/String;)V >"	8	7
"< Application, Lorg/apache/log4j/xml/DOMConfigurator, doConfigure(Ljava/io/InputStream;Lorg/apache/log4j/Hierarchy;)V >"	21	37
"< Application, Lorg/apache/log4j/AsyncAppender, close()V >"	10	15
"< Application, Lorg/apache/log4j/Hierarchy, shutdown()V >"	23	25
"< Application, Lorg/apache/log4j/PropertyConfigurator, class$(Ljava/lang/String;)Ljava/lang/Class; >"	6	6
"< Application, Lorg/apache/log4j/helpers/CyclicBuffer, <init>(I)V >"	10	8
"< Application, Lorg/apache/log4j/net/SocketAppender$Connector, run()V >"	32	38
"< Application, Lorg/apache/log4j/RollingFileAppenderBeanInfo, class$(Ljava/lang/String;)Ljava/lang/Class; >"	6	6
"< Application, Lorg/apache/log4j/net/JMSSink, lookup(Ljavax/naming/Context;Ljava/lang/String;)Ljava/lang/Object; >"	10	6
"< Application, Lorg/apache/log4j/helpers/OptionConverter, class$(Ljava/lang/String;)Ljava/lang/Class; >"	6	6
"< Application, Lorg/apache/log4j/helpers/BoundedFIFO, <init>(I)V >"	13	8
"< Application, Lorg/apache/log4j/NDC, lazyRemove()V >"	29	57
"< Application, Lorg/apache/log4j/Hierarchy, resetConfiguration()V >"	22	27
"< Application, Lorg/apache/log4j/AsyncAppender, removeAppender(Lorg/apache/log4j/Appender;)V >"	8	7
"< Application, Lorg/apache/log4j/Category, class$(Ljava/lang/String;)Ljava/lang/Class; >"	6	6
"< Application, Lorg/apache/log4j/AsyncAppender, append(Lorg/apache/log4j/spi/LoggingEvent;)V >"	32	33
"< Application, Lorg/apache/log4j/xml/DOMConfigurator, parseCategory(Lorg/w3c/dom/Element;Lorg/apache/log4j/Hierarchy;)V >"	54	92
"< Application, Lorg/apache/log4j/Category, callAppenders(Lorg/apache/log4j/spi/LoggingEvent;)V >"	16	16
"< Application, Lorg/apache/log4j/config/PropertySetter, setProperty(Ljava/beans/PropertyDescriptor;Ljava/lang/String;Ljava/lang/String;)V >"	25	18
"< Application, Lorg/apache/log4j/AsyncAppender, addAppender(Lorg/apache/log4j/Appender;)V >"	8	7
"< Application, Lorg/apache/log4j/net/JMSSink, class$(Ljava/lang/String;)Ljava/lang/Class; >"	6	6
"< Application, Lorg/apache/log4j/spi/LoggingEvent, class$(Ljava/lang/String;)Ljava/lang/Class; >"	6	6
"< Application, Lorg/apache/log4j/RollingCalendar, getNextCheckDate(Ljava/util/Date;)Ljava/util/Date; >"	43	6
"< Application, Lorg/apache/log4j/CategoryKey, class$(Ljava/lang/String;)Ljava/lang/Class; >"	6	6
