"< Application, Lweblech/spider/URLObject, <clinit>()V >"	0	2	java_type_ref("<Application,Lweblech/spider/URLObject>")
"< Application, Lweblech/spider/URLGetter, <clinit>()V >"	0	2	java_type_ref("<Application,Lweblech/spider/URLGetter>")
"< Application, Lweblech/ui/TextSpider, <clinit>()V >"	0	2	java_type_ref("<Application,Lweblech/ui/TextSpider>")
"< Application, Lweblech/spider/HTMLParser, <clinit>()V >"	0	2	java_type_ref("<Application,Lweblech/spider/URLObject>")
"< Application, Lweblech/util/Log4j, <clinit>()V >"	0	2	java_type_ref("<Application,Lweblech/util/Log4j>")
"< Application, Lweblech/spider/DumbAuthenticator, <clinit>()V >"	0	2	java_type_ref("<Application,Lweblech/spider/DumbAuthenticator>")
