"< Application, Lweblech/spider/Spider, run()V >"	108	98
"< Application, Lweblech/spider/Spider, filterURLs(Ljava/util/List;)Ljava/util/List; >"	5	9
"< Application, Lorg/apache/log4j/AsyncAppender, addAppender(Lorg/apache/log4j/Appender;)V >"	1	4
"< Application, Lorg/apache/log4j/xml/DOMConfigurator, parseCategory(Lorg/w3c/dom/Element;Lorg/apache/log4j/Hierarchy;)V >"	34	62
"< Application, Lorg/apache/log4j/NDC, lazyRemove()V >"	1	2
"< Application, Lweblech/spider/Spider, run()V >"	33	37
"< Application, Lorg/apache/log4j/PropertyConfigurator, configureRootCategory(Ljava/util/Properties;Lorg/apache/log4j/Hierarchy;)V >"	5	10
"< Application, Lorg/apache/log4j/AsyncAppender, getAllAppenders()Ljava/util/Enumeration; >"	1	3
"< Application, Lorg/apache/log4j/net/SocketAppender$Connector, run()V >"	20	1
"< Application, Lweblech/spider/Spider, run()V >"	71	68
"< Application, Lorg/apache/log4j/AsyncAppender, removeAppender(Lorg/apache/log4j/Appender;)V >"	1	4
"< Application, Lorg/apache/log4j/spi/LocationInfo, <init>(Ljava/lang/Throwable;Ljava/lang/String;)V >"	4	7
"< Application, Lorg/apache/log4j/Hierarchy, resetConfiguration()V >"	7	11
"< Application, Lorg/apache/log4j/Hierarchy, getInstance(Ljava/lang/String;Lorg/apache/log4j/spi/CategoryFactory;)Lorg/apache/log4j/Category; >"	3	7
"< Application, Lweblech/spider/Spider, run()V >"	89	85
"< Application, Lorg/apache/log4j/AsyncAppender, removeAllAppenders()V >"	1	3
"< Application, Lorg/apache/log4j/Dispatcher, close()V >"	1	3
"< Application, Lweblech/spider/Spider, queueSize()I >"	1	3
"< Application, Lorg/apache/log4j/AsyncAppender, getAppender(Ljava/lang/String;)Lorg/apache/log4j/Appender; >"	1	4
"< Application, Lorg/apache/log4j/AsyncAppender, close()V >"	0	1
"< Application, Lorg/apache/log4j/Hierarchy, shutdown()V >"	3	6
"< Application, Lorg/apache/log4j/Category, callAppenders(Lorg/apache/log4j/spi/LoggingEvent;)V >"	1	15
"< Application, Lweblech/spider/Spider, checkpointIfNeeded()V >"	13	17
"< Application, Lweblech/spider/Spider, run()V >"	58	58
"< Application, Lorg/apache/log4j/PropertyConfigurator, parseCatsAndRenderers(Ljava/util/Properties;Lorg/apache/log4j/Hierarchy;)V >"	11	27
"< Application, Lorg/apache/log4j/Dispatcher, run()V >"	2	3
"< Application, Lorg/apache/log4j/AsyncAppender, removeAppender(Ljava/lang/String;)V >"	1	4
"< Application, Lorg/apache/log4j/Dispatcher, run()V >"	31	20
"< Application, Lorg/apache/log4j/xml/DOMConfigurator, parseRoot(Lorg/w3c/dom/Element;Lorg/apache/log4j/Hierarchy;)V >"	1	6
"< Application, Lorg/apache/log4j/varia/HUPNode, run()V >"	6	15
"< Application, Lorg/apache/log4j/AsyncAppender, append(Lorg/apache/log4j/spi/LoggingEvent;)V >"	6	12
