"< Application, Lweblech/spider/Spider, run()V >"	61	58
"< Application, Lorg/apache/log4j/Hierarchy, getInstance(Ljava/lang/String;Lorg/apache/log4j/spi/CategoryFactory;)Lorg/apache/log4j/Category; >"	17	7
"< Application, Lorg/apache/log4j/Dispatcher, run()V >"	37	20
"< Application, Lweblech/spider/Spider, run()V >"	74	68
"< Application, Lorg/apache/log4j/AsyncAppender, removeAppender(Lorg/apache/log4j/Appender;)V >"	7	4
"< Application, Lorg/apache/log4j/net/SocketAppender$Connector, run()V >"	31	1
"< Application, Lorg/apache/log4j/Hierarchy, resetConfiguration()V >"	21	11
"< Application, Lorg/apache/log4j/spi/LocationInfo, <init>(Ljava/lang/Throwable;Ljava/lang/String;)V >"	12	7
"< Application, Lweblech/spider/Spider, run()V >"	55	37
"< Application, Lorg/apache/log4j/AsyncAppender, removeAppender(Ljava/lang/String;)V >"	7	4
"< Application, Lorg/apache/log4j/Category, callAppenders(Lorg/apache/log4j/spi/LoggingEvent;)V >"	15	15
"< Application, Lorg/apache/log4j/AsyncAppender, getAppender(Ljava/lang/String;)Lorg/apache/log4j/Appender; >"	7	4
"< Application, Lorg/apache/log4j/Dispatcher, close()V >"	8	3
"< Application, Lorg/apache/log4j/varia/HUPNode, run()V >"	12	15
"< Application, Lorg/apache/log4j/Dispatcher, run()V >"	15	3
"< Application, Lweblech/spider/Spider, filterURLs(Ljava/util/List;)Ljava/util/List; >"	20	9
"< Application, Lorg/apache/log4j/PropertyConfigurator, configureRootCategory(Ljava/util/Properties;Lorg/apache/log4j/Hierarchy;)V >"	10	10
"< Application, Lweblech/spider/Spider, run()V >"	101	85
"< Application, Lorg/apache/log4j/Hierarchy, getInstance(Ljava/lang/String;Lorg/apache/log4j/spi/CategoryFactory;)Lorg/apache/log4j/Category; >"	12	7
"< Application, Lweblech/spider/Spider, run()V >"	77	68
"< Application, Lorg/apache/log4j/AsyncAppender, getAllAppenders()Ljava/util/Enumeration; >"	4	3
"< Application, Lorg/apache/log4j/Hierarchy, shutdown()V >"	19	6
"< Application, Lorg/apache/log4j/Hierarchy, getInstance(Ljava/lang/String;Lorg/apache/log4j/spi/CategoryFactory;)Lorg/apache/log4j/Category; >"	33	7
"< Application, Lorg/apache/log4j/NDC, lazyRemove()V >"	28	2
"< Application, Lorg/apache/log4j/Hierarchy, resetConfiguration()V >"	18	11
"< Application, Lorg/apache/log4j/PropertyConfigurator, parseCatsAndRenderers(Ljava/util/Properties;Lorg/apache/log4j/Hierarchy;)V >"	14	27
"< Application, Lweblech/spider/Spider, run()V >"	117	98
"< Application, Lweblech/spider/Spider, checkpointIfNeeded()V >"	24	17
"< Application, Lorg/apache/log4j/AsyncAppender, addAppender(Lorg/apache/log4j/Appender;)V >"	4	4
"< Application, Lorg/apache/log4j/AsyncAppender, close()V >"	6	1
"< Application, Lorg/apache/log4j/NDC, lazyRemove()V >"	6	2
"< Application, Lorg/apache/log4j/AsyncAppender, removeAppender(Ljava/lang/String;)V >"	4	4
"< Application, Lweblech/spider/Spider, checkpointIfNeeded()V >"	27	17
"< Application, Lweblech/spider/Spider, queueSize()I >"	4	3
"< Application, Lorg/apache/log4j/AsyncAppender, close()V >"	3	1
"< Application, Lweblech/spider/Spider, filterURLs(Ljava/util/List;)Ljava/util/List; >"	23	9
"< Application, Lorg/apache/log4j/Dispatcher, run()V >"	8	3
"< Application, Lorg/apache/log4j/Category, callAppenders(Lorg/apache/log4j/spi/LoggingEvent;)V >"	10	15
"< Application, Lorg/apache/log4j/AsyncAppender, removeAppender(Lorg/apache/log4j/Appender;)V >"	4	4
"< Application, Lorg/apache/log4j/Dispatcher, close()V >"	11	3
"< Application, Lorg/apache/log4j/Dispatcher, run()V >"	24	3
"< Application, Lorg/apache/log4j/xml/DOMConfigurator, parseCategory(Lorg/w3c/dom/Element;Lorg/apache/log4j/Hierarchy;)V >"	53	62
"< Application, Lorg/apache/log4j/Hierarchy, shutdown()V >"	22	6
"< Application, Lorg/apache/log4j/AsyncAppender, append(Lorg/apache/log4j/spi/LoggingEvent;)V >"	28	12
"< Application, Lorg/apache/log4j/AsyncAppender, getAllAppenders()Ljava/util/Enumeration; >"	7	3
"< Application, Lorg/apache/log4j/AsyncAppender, close()V >"	9	1
"< Application, Lorg/apache/log4j/PropertyConfigurator, parseCatsAndRenderers(Ljava/util/Properties;Lorg/apache/log4j/Hierarchy;)V >"	17	27
"< Application, Lorg/apache/log4j/AsyncAppender, addAppender(Lorg/apache/log4j/Appender;)V >"	7	4
"< Application, Lweblech/spider/Spider, queueSize()I >"	7	3
"< Application, Lorg/apache/log4j/NDC, lazyRemove()V >"	25	2
"< Application, Lorg/apache/log4j/Hierarchy, getInstance(Ljava/lang/String;Lorg/apache/log4j/spi/CategoryFactory;)Lorg/apache/log4j/Category; >"	28	7
"< Application, Lorg/apache/log4j/AsyncAppender, removeAllAppenders()V >"	4	3
"< Application, Lorg/apache/log4j/xml/DOMConfigurator, parseRoot(Lorg/w3c/dom/Element;Lorg/apache/log4j/Hierarchy;)V >"	3	6
"< Application, Lorg/apache/log4j/spi/LocationInfo, <init>(Ljava/lang/Throwable;Ljava/lang/String;)V >"	15	7
"< Application, Lweblech/spider/Spider, run()V >"	50	37
"< Application, Lorg/apache/log4j/Dispatcher, run()V >"	40	20
"< Application, Lorg/apache/log4j/Category, callAppenders(Lorg/apache/log4j/spi/LoggingEvent;)V >"	12	15
"< Application, Lorg/apache/log4j/xml/DOMConfigurator, parseRoot(Lorg/w3c/dom/Element;Lorg/apache/log4j/Hierarchy;)V >"	6	6
"< Application, Lorg/apache/log4j/AsyncAppender, getAppender(Ljava/lang/String;)Lorg/apache/log4j/Appender; >"	4	4
"< Application, Lorg/apache/log4j/AsyncAppender, append(Lorg/apache/log4j/spi/LoggingEvent;)V >"	31	12
"< Application, Lorg/apache/log4j/AsyncAppender, removeAllAppenders()V >"	7	3
"< Application, Lorg/apache/log4j/Hierarchy, getInstance(Ljava/lang/String;Lorg/apache/log4j/spi/CategoryFactory;)Lorg/apache/log4j/Category; >"	30	7
"< Application, Lweblech/spider/Spider, run()V >"	114	98
"< Application, Lorg/apache/log4j/PropertyConfigurator, configureRootCategory(Ljava/util/Properties;Lorg/apache/log4j/Hierarchy;)V >"	7	10
"< Application, Lorg/apache/log4j/net/SocketAppender$Connector, run()V >"	28	1
"< Application, Lweblech/spider/Spider, run()V >"	64	58
"< Application, Lorg/apache/log4j/varia/HUPNode, run()V >"	9	15
"< Application, Lweblech/spider/Spider, run()V >"	52	37
"< Application, Lweblech/spider/Spider, run()V >"	104	85
"< Application, Lorg/apache/log4j/Dispatcher, run()V >"	27	3
"< Application, Lorg/apache/log4j/xml/DOMConfigurator, parseCategory(Lorg/w3c/dom/Element;Lorg/apache/log4j/Hierarchy;)V >"	50	62
