"< Application, Lorg/apache/log4j/TTCCLayout, getOptionStrings()[Ljava/lang/String; >"	3	6	9	10
"< Application, Lorg/apache/log4j/varia/StringMatchFilter, getOptionStrings()[Ljava/lang/String; >"	1	4	5	6
"< Application, Lorg/apache/log4j/RollingFileAppender, getOptionStrings()[Ljava/lang/String; >"	3	6	9	10
"< Application, Lorg/apache/log4j/helpers/OptionConverter, toPriority(Ljava/lang/String;Lorg/apache/log4j/Priority;)Lorg/apache/log4j/Priority; >"	39	84	13	15
"< Application, Lorg/apache/log4j/spi/LoggingEvent, <clinit>()V >"	6	6	7	8
"< Application, Lorg/apache/log4j/nt/NTEventLogAppender, getOptionStrings()[Ljava/lang/String; >"	2	6	7	8
"< Application, Lorg/apache/log4j/varia/StringMatchFilter, getOptionStrings()[Ljava/lang/String; >"	2	4	7	8
"< Application, Lorg/apache/log4j/xml/DOMConfigurator, <clinit>()V >"	8	3	4	11
"< Application, Lorg/apache/log4j/varia/PriorityMatchFilter, getOptionStrings()[Ljava/lang/String; >"	1	4	5	6
"< Application, Lorg/apache/log4j/net/SMTPAppender, getOptionStrings()[Ljava/lang/String; >"	8	6	19	20
"< Application, Lorg/apache/log4j/helpers/CyclicBuffer, get()Lorg/apache/log4j/spi/LoggingEvent; >"	10	12	13	3
"< Application, Lorg/apache/log4j/Priority, getAllPossiblePriorities()[Lorg/apache/log4j/Priority; >"	6	3	8	9
"< Application, Lorg/apache/log4j/net/SocketAppender, getOptionStrings()[Ljava/lang/String; >"	5	6	13	14
"< Application, Lorg/apache/log4j/TTCCLayout, getOptionStrings()[Ljava/lang/String; >"	4	6	11	12
"< Application, Lorg/apache/log4j/RollingFileAppender, getOptionStrings()[Ljava/lang/String; >"	2	6	7	8
"< Application, Lorg/apache/log4j/net/SocketAppender, getOptionStrings()[Ljava/lang/String; >"	4	6	11	12
"< Application, Lorg/apache/log4j/varia/PriorityMatchFilter, getOptionStrings()[Ljava/lang/String; >"	2	4	7	8
"< Application, Lorg/apache/log4j/net/SMTPAppender, getOptionStrings()[Ljava/lang/String; >"	3	6	9	10
"< Application, Lorg/apache/log4j/helpers/DateLayout, getOptionStrings()[Ljava/lang/String; >"	2	4	7	8
"< Application, Lorg/apache/log4j/helpers/OptionConverter, toPriority(Ljava/lang/String;Lorg/apache/log4j/Priority;)Lorg/apache/log4j/Priority; >"	40	84	9	2
"< Application, Lorg/apache/log4j/net/SMTPAppender, getOptionStrings()[Ljava/lang/String; >"	2	6	7	8
"< Application, Lorg/apache/log4j/net/SyslogAppender, getOptionStrings()[Ljava/lang/String; >"	3	6	9	10
"< Application, Lorg/apache/log4j/helpers/PatternConverter, <clinit>()V >"	5	3	12	13
"< Application, Lorg/apache/log4j/helpers/CyclicBuffer, resize(I)V >"	23	6	21	12
"< Application, Lorg/apache/log4j/WriterAppender, getOptionStrings()[Ljava/lang/String; >"	2	6	7	8
"< Application, Lorg/apache/log4j/Priority, getAllPossiblePriorities()[Lorg/apache/log4j/Priority; >"	2	3	4	5
"< Application, Lorg/apache/log4j/helpers/BoundedFIFO, put(Lorg/apache/log4j/spi/LoggingEvent;)V >"	5	6	7	2
"< Application, Lorg/apache/log4j/spi/VectorWriter, toStringArray()[Ljava/lang/String; >"	7	6	14	11
"< Application, Lorg/apache/log4j/AppenderSkeleton, getOptionStrings()[Ljava/lang/String; >"	1	4	5	6
"< Application, Lorg/apache/log4j/helpers/OptionConverter, toPriority(Ljava/lang/String;Lorg/apache/log4j/Priority;)Lorg/apache/log4j/Priority; >"	28	53	13	59
"< Application, Lorg/apache/log4j/net/SMTPAppender, getOptionStrings()[Ljava/lang/String; >"	6	6	15	16
"< Application, Lorg/apache/log4j/config/PropertySetter, setProperty(Ljava/beans/PropertyDescriptor;Ljava/lang/String;Ljava/lang/String;)V >"	48	54	13	16
"< Application, Lorg/apache/log4j/helpers/CyclicBuffer, resize(I)V >"	26	13	14	15
"< Application, Lorg/apache/log4j/helpers/PatternConverter, <clinit>()V >"	2	3	6	7
"< Application, Lorg/apache/log4j/TTCCLayout, getOptionStrings()[Ljava/lang/String; >"	2	6	7	8
"< Application, Lorg/apache/log4j/FileAppender, getOptionStrings()[Ljava/lang/String; >"	3	6	9	10
"< Application, Lorg/apache/log4j/RollingFileAppenderBeanInfo, <init>()V >"	32	38	42	39
"< Application, Lorg/apache/log4j/xml/DOMConfigurator, parsePriority(Lorg/w3c/dom/Element;Lorg/apache/log4j/Category;Z)V >"	39	66	8	15
"< Application, Lorg/apache/log4j/net/JMSAppender, getOptionStrings()[Ljava/lang/String; >"	2	6	7	8
"< Application, Lorg/apache/log4j/Priority, getAllPossiblePriorities()[Lorg/apache/log4j/Priority; >"	8	3	10	11
"< Application, Lorg/apache/log4j/helpers/PatternConverter, <clinit>()V >"	3	3	8	9
"< Application, Lorg/apache/log4j/xml/XMLLayout, getOptionStrings()[Ljava/lang/String; >"	1	4	5	6
"< Application, Lorg/apache/log4j/helpers/PatternConverter, <clinit>()V >"	6	3	14	15
"< Application, Lorg/apache/log4j/HTMLLayout, getOptionStrings()[Ljava/lang/String; >"	2	4	7	8
"< Application, Lorg/apache/log4j/HTMLLayout, getOptionStrings()[Ljava/lang/String; >"	1	4	5	6
"< Application, Lorg/apache/log4j/FileAppender, getOptionStrings()[Ljava/lang/String; >"	2	6	7	8
"< Application, Lorg/apache/log4j/xml/DOMConfigurator, parseCategory(Lorg/w3c/dom/Element;Lorg/apache/log4j/Hierarchy;)V >"	20	40	18	9
"< Application, Lorg/apache/log4j/net/SocketAppender, getOptionStrings()[Ljava/lang/String; >"	3	6	9	10
"< Application, Lorg/apache/log4j/net/SMTPAppender, getOptionStrings()[Ljava/lang/String; >"	7	6	17	18
"< Application, Lorg/apache/log4j/net/SyslogAppender, getOptionStrings()[Ljava/lang/String; >"	4	6	11	12
"< Application, Lorg/apache/log4j/helpers/OptionConverter, toPriority(Ljava/lang/String;Lorg/apache/log4j/Priority;)Lorg/apache/log4j/Priority; >"	36	53	9	65
"< Application, Lorg/apache/log4j/AsyncAppender, getOptionStrings()[Ljava/lang/String; >"	3	6	9	10
"< Application, Lorg/apache/log4j/PatternLayout, getOptionStrings()[Ljava/lang/String; >"	1	4	5	6
"< Application, Lorg/apache/log4j/AsyncAppender, getOptionStrings()[Ljava/lang/String; >"	2	6	7	8
"< Application, Lorg/apache/log4j/spi/LoggingEvent, readPriority(Ljava/io/ObjectInputStream;)V >"	20	24	25	26
"< Application, Lorg/apache/log4j/ConsoleAppender, getOptionStrings()[Ljava/lang/String; >"	2	6	7	8
"< Application, Lorg/apache/log4j/net/SMTPAppender, getOptionStrings()[Ljava/lang/String; >"	4	6	11	12
"< Application, Lorg/apache/log4j/helpers/PatternConverter, <clinit>()V >"	1	3	4	5
"< Application, Lorg/apache/log4j/varia/ExternallyRolledFileAppender, getOptionStrings()[Ljava/lang/String; >"	2	6	7	8
"< Application, Lorg/apache/log4j/Priority, getAllPossiblePriorities()[Lorg/apache/log4j/Priority; >"	10	3	12	13
"< Application, Lorg/apache/log4j/RollingFileAppenderBeanInfo, <init>()V >"	27	29	17	35
"< Application, Lorg/apache/log4j/helpers/CyclicBuffer, add(Lorg/apache/log4j/spi/LoggingEvent;)V >"	2	4	5	2
"< Application, Lorg/apache/log4j/helpers/DateLayout, getOptionStrings()[Ljava/lang/String; >"	1	4	5	6
"< Application, Lorg/apache/log4j/net/SyslogAppender, getOptionStrings()[Ljava/lang/String; >"	2	6	7	8
"< Application, Lorg/apache/log4j/DailyRollingFileAppender, getOptionStrings()[Ljava/lang/String; >"	2	6	7	8
"< Application, Lorg/apache/log4j/helpers/PatternConverter, <clinit>()V >"	4	3	10	11
"< Application, Lorg/apache/log4j/varia/PriorityRangeFilter, getOptionStrings()[Ljava/lang/String; >"	2	4	7	8
"< Application, Lorg/apache/log4j/net/SMTPAppender, getOptionStrings()[Ljava/lang/String; >"	5	6	13	14
"< Application, Lorg/apache/log4j/Priority, getAllPossiblePriorities()[Lorg/apache/log4j/Priority; >"	4	3	6	7
"< Application, Lorg/apache/log4j/net/SocketAppender, getOptionStrings()[Ljava/lang/String; >"	2	6	7	8
"< Application, Lorg/apache/log4j/varia/PriorityRangeFilter, getOptionStrings()[Ljava/lang/String; >"	1	4	5	6
"< Application, Lorg/apache/log4j/varia/PriorityRangeFilter, getOptionStrings()[Ljava/lang/String; >"	3	4	9	10
"< Application, Lorg/apache/log4j/net/JMSAppender, getOptionStrings()[Ljava/lang/String; >"	3	6	9	10
