"< Application, Lorg/apache/log4j/net/SMTPAppender, msg, <Application,Ljavax/mail/Message> >"
"< Application, Lorg/apache/log4j/helpers/PatternParser, formattingInfo, <Application,Lorg/apache/log4j/helpers/FormattingInfo> >"
"< Application, Lorg/apache/log4j/HTMLLayout, MAX_CAPACITY, <Primordial,I> >"
"< Application, Lorg/apache/log4j/helpers/PatternParser, tail, <Application,Lorg/apache/log4j/helpers/PatternConverter> >"
"< Application, Lorg/apache/log4j/net/JMSAppender, topicBindingName, <Application,Ljava/lang/String> >"
"< Application, Lorg/apache/log4j/Priority, syslogEquivalent, <Primordial,I> >"
"< Application, Lorg/apache/log4j/helpers/OnlyOnceErrorHandler, ERROR_PREFIX, <Application,Ljava/lang/String> >"
"< Application, Lorg/apache/log4j/varia/PriorityMatchFilter, acceptOnMatch, <Primordial,Z> >"
"< Application, Lorg/apache/log4j/helpers/CyclicBuffer, maxSize, <Primordial,I> >"
"< Application, Lorg/apache/log4j/net/JMSAppender, topicPublisher, <Application,Ljavax/jms/TopicPublisher> >"
"< Application, Lorg/apache/log4j/net/SocketNode, socket, <Application,Ljava/net/Socket> >"
"< Application, Lorg/apache/log4j/nt/NTEventLogAppender, source, <Application,Ljava/lang/String> >"
"< Application, Lorg/apache/log4j/varia/PriorityRangeFilter, acceptOnMatch, <Primordial,Z> >"
"< Application, Lorg/apache/log4j/net/SyslogAppender, facilityPrinting, <Primordial,Z> >"
"< Application, Lweblech/spider/DownloadQueue, config, <Application,Lweblech/spider/SpiderConfig> >"
"< Application, Lorg/apache/log4j/nt/NTEventLogAppender, _handle, <Primordial,I> >"
"< Application, Lorg/apache/log4j/spi/LoggingEvent, categoryName, <Application,Ljava/lang/String> >"
"< Application, Lorg/apache/log4j/helpers/SyslogWriter, SYSLOG_PORT, <Primordial,I> >"
"< Application, Lorg/apache/log4j/helpers/FileWatchdog, lastModif, <Primordial,J> >"
"< Application, Lorg/apache/log4j/Category, priority, <Application,Lorg/apache/log4j/Priority> >"
"< Application, Lorg/apache/log4j/Category, name, <Application,Ljava/lang/String> >"
"< Application, Lweblech/spider/DumbAuthenticator, password, <Application,Ljava/lang/String> >"
"< Application, Lweblech/spider/Spider, config, <Application,Lweblech/spider/SpiderConfig> >"
"< Application, Lorg/apache/log4j/spi/LoggingEvent, threadName, <Application,Ljava/lang/String> >"
"< Application, Lorg/apache/log4j/helpers/DateLayout, timeZoneID, <Application,Ljava/lang/String> >"
"< Application, Lweblech/spider/SpiderConfig, refreshImages, <Primordial,Z> >"
"< Application, Lorg/apache/log4j/varia/HUPNode, er, <Application,Lorg/apache/log4j/varia/ExternallyRolledFileAppender> >"
"< Application, Lweblech/spider/SpiderConfig, urlMatch, <Application,Ljava/lang/String> >"
"< Application, Lorg/apache/log4j/config/PropertySetter, obj, <Application,Ljava/lang/Object> >"
"< Application, Lorg/apache/log4j/helpers/BoundedFIFO, next, <Primordial,I> >"
"< Application, Lweblech/spider/SpiderConfig, basicAuthUser, <Application,Ljava/lang/String> >"
"< Application, Lorg/apache/log4j/helpers/FileWatchdog, interrupted, <Primordial,Z> >"
"< Application, Lweblech/spider/SpiderConfig, interestingURLSubstrings, <Application,Ljava/util/List> >"
"< Application, Lorg/apache/log4j/helpers/FileWatchdog, delay, <Primordial,J> >"
"< Application, Lorg/apache/log4j/DailyRollingFileAppender, now, <Application,Ljava/util/Date> >"
"< Application, Lweblech/spider/URLObject, content, <Primordial,[B> >"
"< Application, Lorg/apache/log4j/AsyncAppender, interruptedWarningMessage, <Primordial,Z> >"
"< Application, Lorg/apache/log4j/Hierarchy, defaultFactory, <Application,Lorg/apache/log4j/spi/CategoryFactory> >"
"< Application, Lorg/apache/log4j/helpers/BoundedFIFO, buf, <Application,[Lorg/apache/log4j/spi/LoggingEvent> >"
"< Application, Lorg/apache/log4j/CategoryKey, hashCache, <Primordial,I> >"
"< Application, Lorg/apache/log4j/helpers/DateLayout, pos, <Application,Ljava/text/FieldPosition> >"
"< Application, Lorg/apache/log4j/TTCCLayout, buf, <Application,Ljava/lang/StringBuffer> >"
"< Application, Lorg/apache/log4j/TTCCLayout, categoryPrefixing, <Primordial,Z> >"
"< Application, Lorg/apache/log4j/net/SyslogAppender, facilityStr, <Application,Ljava/lang/String> >"
"< Application, Lorg/apache/log4j/helpers/OnlyOnceErrorHandler, WARN_PREFIX, <Application,Ljava/lang/String> >"
"< Application, Lorg/apache/log4j/Dispatcher, aai, <Application,Lorg/apache/log4j/helpers/AppenderAttachableImpl> >"
"< Application, Lorg/apache/log4j/net/SMTPAppender, bufferSize, <Primordial,I> >"
"< Application, Lorg/apache/log4j/DailyRollingFileAppender, rc, <Application,Lorg/apache/log4j/RollingCalendar> >"
"< Application, Lweblech/spider/DownloadQueue, urlsInQueue, <Application,Ljava/util/Set> >"
"< Application, Lorg/apache/log4j/FileAppender, fileName, <Application,Ljava/lang/String> >"
"< Application, Lorg/apache/log4j/AppenderSkeleton, layout, <Application,Lorg/apache/log4j/Layout> >"
"< Application, Lorg/apache/log4j/PatternLayout, head, <Application,Lorg/apache/log4j/helpers/PatternConverter> >"
"< Application, Lorg/apache/log4j/Category, resourceBundle, <Application,Ljava/util/ResourceBundle> >"
"< Application, Lorg/apache/log4j/varia/StringMatchFilter, stringToMatch, <Application,Ljava/lang/String> >"
"< Application, Lorg/apache/log4j/spi/LocationInfo, fileName, <Application,Ljava/lang/String> >"
"< Application, Lweblech/spider/SpiderConfig, refreshHTMLs, <Primordial,Z> >"
"< Application, Lweblech/spider/SpiderConfig, refreshOthers, <Primordial,Z> >"
"< Application, Lorg/apache/log4j/helpers/FormattingInfo, min, <Primordial,I> >"
"< Application, Lorg/apache/log4j/AppenderSkeleton, threshold, <Application,Lorg/apache/log4j/Priority> >"
"< Application, Lorg/apache/log4j/spi/LocationInfo, fullInfo, <Application,Ljava/lang/String> >"
"< Application, Lorg/apache/log4j/net/SocketAppender, locationInfo, <Primordial,Z> >"
"< Application, Lweblech/spider/URLGetter, failureCount, <Primordial,I> >"
"< Application, Lorg/apache/log4j/helpers/DateLayout, dateFormatOption, <Application,Ljava/lang/String> >"
"< Application, Lorg/apache/log4j/WriterAppender, qw, <Application,Lorg/apache/log4j/helpers/QuietWriter> >"
"< Application, Lorg/apache/log4j/net/SocketAppender$Connector, interrupted, <Primordial,Z> >"
"< Application, Lweblech/spider/Spider, running, <Primordial,I> >"
"< Application, Lorg/apache/log4j/xml/DOMConfigurator, appenderBag, <Application,Ljava/util/Hashtable> >"
"< Application, Lorg/apache/log4j/xml/XMLLayout, locationInfo, <Primordial,Z> >"
"< Application, Lorg/apache/log4j/Dispatcher, container, <Application,Lorg/apache/log4j/AsyncAppender> >"
"< Application, Lorg/apache/log4j/config/PropertyPrinter, numAppenders, <Primordial,I> >"
"< Application, Lorg/apache/log4j/config/PropertySetter, props, <Application,[Ljava/beans/PropertyDescriptor> >"
"< Application, Lorg/apache/log4j/config/PropertyPrinter, doCapitalize, <Primordial,Z> >"
"< Application, Lorg/apache/log4j/varia/PriorityRangeFilter, priorityMax, <Application,Lorg/apache/log4j/Priority> >"
"< Application, Lorg/apache/log4j/net/SMTPAppender, subject, <Application,Ljava/lang/String> >"
"< Application, Lorg/apache/log4j/varia/HUPNode, dis, <Application,Ljava/io/DataInputStream> >"
"< Application, Lorg/apache/log4j/varia/HUPNode, dos, <Application,Ljava/io/DataOutputStream> >"
"< Application, Lorg/apache/log4j/PatternLayout, sbuf, <Application,Ljava/lang/StringBuffer> >"
"< Application, Lorg/apache/log4j/net/SocketAppender, reconnectionDelay, <Primordial,I> >"
"< Application, Lorg/apache/log4j/CategoryKey, name, <Application,Ljava/lang/String> >"
"< Application, Lorg/apache/log4j/net/SocketServer, genericHierarchy, <Application,Lorg/apache/log4j/Hierarchy> >"
"< Application, Lorg/apache/log4j/config/PropertyPrinter, layoutNames, <Application,Ljava/util/Hashtable> >"
"< Application, Lorg/apache/log4j/spi/LoggingEvent, ndcLookupRequired, <Primordial,Z> >"
"< Application, Lorg/apache/log4j/net/SocketAppender, port, <Primordial,I> >"
"< Application, Lweblech/spider/DownloadQueue, interestingURLsToDownload, <Application,Ljava/util/List> >"
"< Application, Lweblech/spider/SpiderConfig, userAgent, <Application,Ljava/lang/String> >"
"< Application, Lweblech/spider/URLObject, contentType, <Application,Ljava/lang/String> >"
"< Application, Lorg/apache/log4j/spi/LoggingEvent, category, <Application,Lorg/apache/log4j/Category> >"
"< Application, Lorg/apache/log4j/helpers/PatternParser$DatePatternConverter, date, <Application,Ljava/util/Date> >"
"< Application, Lorg/apache/log4j/xml/XMLLayout, DEFAULT_SIZE, <Primordial,I> >"
"< Application, Lweblech/spider/URLGetter, config, <Application,Lweblech/spider/SpiderConfig> >"
"< Application, Lorg/apache/log4j/net/SocketAppender, oos, <Application,Ljava/io/ObjectOutputStream> >"
"< Application, Lorg/apache/log4j/helpers/PatternParser$NamedPatternConverter, precision, <Primordial,I> >"
"< Application, Lweblech/spider/SpiderConfig, imageExtensions, <Application,Ljava/util/Set> >"
"< Application, Lorg/apache/log4j/spi/LocationInfo, className, <Application,Ljava/lang/String> >"
"< Application, Lorg/apache/log4j/varia/HUPNode, socket, <Application,Ljava/net/Socket> >"
"< Application, Lorg/apache/log4j/xml/XMLLayout, UPPER_LIMIT, <Primordial,I> >"
"< Application, Lorg/apache/log4j/HTMLLayout, title, <Application,Ljava/lang/String> >"
"< Application, Lorg/apache/log4j/AsyncAppender, aai, <Application,Lorg/apache/log4j/helpers/AppenderAttachableImpl> >"
"< Application, Lorg/apache/log4j/helpers/CountingQuietWriter, count, <Primordial,J> >"
"< Application, Lorg/apache/log4j/helpers/BoundedFIFO, first, <Primordial,I> >"
"< Application, Lorg/apache/log4j/AppenderSkeleton, name, <Application,Ljava/lang/String> >"
"< Application, Lorg/apache/log4j/net/SocketAppender, connector, <Application,Lorg/apache/log4j/net/SocketAppender$Connector> >"
"< Application, Lorg/apache/log4j/Category, aai, <Application,Lorg/apache/log4j/helpers/AppenderAttachableImpl> >"
"< Application, Lorg/apache/log4j/Category, additive, <Primordial,Z> >"
"< Application, Lweblech/spider/DumbAuthenticator, user, <Application,Ljava/lang/String> >"
"< Application, Lorg/apache/log4j/AppenderSkeleton, closed, <Primordial,Z> >"
"< Application, Lorg/apache/log4j/varia/PriorityMatchFilter, priorityToMatch, <Application,Lorg/apache/log4j/Priority> >"
"< Application, Lorg/apache/log4j/Priority, levelStr, <Application,Ljava/lang/String> >"
"< Application, Lorg/apache/log4j/spi/VectorWriter, v, <Application,Ljava/util/Vector> >"
"< Application, Lweblech/spider/Spider, downloadsInProgress, <Primordial,I> >"
"< Application, Lorg/apache/log4j/PatternLayout, MAX_CAPACITY, <Primordial,I> >"
"< Application, Lorg/apache/log4j/Hierarchy, rendererMap, <Application,Lorg/apache/log4j/or/RendererMap> >"
"< Application, Lorg/apache/log4j/HTMLLayout, sbuf, <Application,Ljava/lang/StringBuffer> >"
"< Application, Lorg/apache/log4j/PatternLayout, timezone, <Application,Ljava/lang/String> >"
"< Application, Lorg/apache/log4j/helpers/PatternConverter, max, <Primordial,I> >"
"< Application, Lorg/apache/log4j/helpers/RelativeTimeDateFormat, startTime, <Primordial,J> >"
"< Application, Lorg/apache/log4j/RollingFileAppender, maxFileSize, <Primordial,J> >"
"< Application, Lorg/apache/log4j/AppenderSkeleton, headFilter, <Application,Lorg/apache/log4j/spi/Filter> >"
"< Application, Lorg/apache/log4j/helpers/CyclicBuffer, numElems, <Primordial,I> >"
"< Application, Lorg/apache/log4j/DailyRollingFileAppender, nextCheck, <Primordial,J> >"
"< Application, Lorg/apache/log4j/config/PropertyGetter, obj, <Application,Ljava/lang/Object> >"
"< Application, Lorg/apache/log4j/helpers/SyslogWriter, ds, <Application,Ljava/net/DatagramSocket> >"
"< Application, Lorg/apache/log4j/helpers/PatternParser$BasicPatternConverter, type, <Primordial,I> >"
"< Application, Lorg/apache/log4j/PropertyConfigurator, categoryFactory, <Application,Lorg/apache/log4j/spi/CategoryFactory> >"
"< Application, Lweblech/spider/URLToDownload, url, <Application,Ljava/net/URL> >"
"< Application, Lweblech/spider/Spider, urlsDownloadedOrScheduled, <Application,Ljava/util/Set> >"
"< Application, Lorg/apache/log4j/net/SyslogAppender, sqw, <Application,Lorg/apache/log4j/helpers/SyslogQuietWriter> >"
"< Application, Lorg/apache/log4j/NDC$DiagnosticContext, message, <Application,Ljava/lang/String> >"
"< Application, Lorg/apache/log4j/helpers/PatternParser, pattern, <Application,Ljava/lang/String> >"
"< Application, Lorg/apache/log4j/config/PropertyPrinter, appenderNames, <Application,Ljava/util/Hashtable> >"
"< Application, Lorg/apache/log4j/net/SMTPAppender, from, <Application,Ljava/lang/String> >"
"< Application, Lorg/apache/log4j/DailyRollingFileAppender, scheduledFilename, <Application,Ljava/lang/String> >"
"< Application, Lorg/apache/log4j/helpers/DateLayout, dateFormat, <Application,Ljava/text/DateFormat> >"
"< Application, Lweblech/spider/SpiderConfig, depthFirst, <Primordial,Z> >"
"< Application, Lorg/apache/log4j/AppenderSkeleton, errorHandler, <Application,Lorg/apache/log4j/spi/ErrorHandler> >"
"< Application, Lorg/apache/log4j/net/SocketNode, hierarchy, <Application,Lorg/apache/log4j/Hierarchy> >"
"< Application, Lorg/apache/log4j/FileAppender, qwIsOurs, <Primordial,Z> >"
"< Application, Lorg/apache/log4j/helpers/AppenderAttachableImpl, appenderList, <Application,Ljava/util/Vector> >"
"< Application, Lweblech/spider/URLObject, sourceURL, <Application,Ljava/net/URL> >"
"< Application, Lorg/apache/log4j/AsyncAppender, bf, <Application,Lorg/apache/log4j/helpers/BoundedFIFO> >"
"< Application, Lorg/apache/log4j/PatternLayout, BUF_SIZE, <Primordial,I> >"
"< Application, Lorg/apache/log4j/helpers/FormattingInfo, max, <Primordial,I> >"
"< Application, Lorg/apache/log4j/net/SocketNode, ois, <Application,Ljava/io/ObjectInputStream> >"
"< Application, Lorg/apache/log4j/helpers/PatternParser$LocationPatternConverter, this$0, <Application,Lorg/apache/log4j/helpers/PatternParser> >"
"< Application, Lorg/apache/log4j/helpers/PatternConverter, min, <Primordial,I> >"
"< Application, Lorg/apache/log4j/helpers/CyclicBuffer, ea, <Application,[Lorg/apache/log4j/spi/LoggingEvent> >"
"< Application, Lorg/apache/log4j/PropertyConfigurator, registry, <Application,Ljava/util/Hashtable> >"
"< Application, Lorg/apache/log4j/spi/LoggingEvent, message, <Application,Ljava/lang/Object> >"
"< Application, Lorg/apache/log4j/helpers/SyslogQuietWriter, priority, <Primordial,I> >"
"< Application, Lorg/apache/log4j/net/SMTPAppender, smtpHost, <Application,Ljava/lang/String> >"
"< Application, Lorg/apache/log4j/varia/PriorityRangeFilter, priorityMin, <Application,Lorg/apache/log4j/Priority> >"
"< Application, Lorg/apache/log4j/net/SMTPAppender, cb, <Application,Lorg/apache/log4j/helpers/CyclicBuffer> >"
"< Application, Lorg/apache/log4j/helpers/PatternParser$LiteralPatternConverter, literal, <Application,Ljava/lang/String> >"
"< Application, Lorg/apache/log4j/Category, hierarchy, <Application,Lorg/apache/log4j/Hierarchy> >"
"< Application, Lorg/apache/log4j/DailyRollingFileAppender, sdf, <Application,Ljava/text/SimpleDateFormat> >"
"< Application, Lorg/apache/log4j/helpers/PatternParser, currentLiteral, <Application,Ljava/lang/StringBuffer> >"
"< Application, Lorg/apache/log4j/xml/DOMConfigurator, props, <Application,Ljava/util/Properties> >"
"< Application, Lorg/apache/log4j/helpers/PatternConverter, leftAlign, <Primordial,Z> >"
"< Application, Lorg/apache/log4j/Dispatcher, bf, <Application,Lorg/apache/log4j/helpers/BoundedFIFO> >"
"< Application, Lorg/apache/log4j/net/JMSAppender, topicSession, <Application,Ljavax/jms/TopicSession> >"
"< Application, Lorg/apache/log4j/helpers/DateTimeDateFormat, shortMonths, <Application,[Ljava/lang/String> >"
"< Application, Lorg/apache/log4j/net/SocketServer, hierarchyMap, <Application,Ljava/util/Hashtable> >"
"< Application, Lorg/apache/log4j/spi/LoggingEvent, throwableInfo, <Application,Lorg/apache/log4j/spi/ThrowableInformation> >"
"< Application, Lweblech/spider/SpiderConfig, checkpointInterval, <Primordial,J> >"
"< Application, Lorg/apache/log4j/varia/HUP, port, <Primordial,I> >"
"< Application, Lorg/apache/log4j/Dispatcher, interrupted, <Primordial,Z> >"
"< Application, Lorg/apache/log4j/spi/LoggingEvent, renderedMessage, <Application,Ljava/lang/String> >"
"< Application, Lorg/apache/log4j/AsyncAppender, locationInfo, <Primordial,Z> >"
"< Application, Lweblech/spider/URLToDownload, referer, <Application,Ljava/net/URL> >"
"< Application, Lorg/apache/log4j/DailyRollingFileAppender, checkPeriod, <Primordial,I> >"
"< Application, Lorg/apache/log4j/spi/LoggingEvent, priority, <Application,Lorg/apache/log4j/Priority> >"
"< Application, Lorg/apache/log4j/varia/ExternallyRolledFileAppender, port, <Primordial,I> >"
"< Application, Lorg/apache/log4j/helpers/SyslogWriter, address, <Application,Ljava/net/InetAddress> >"
"< Application, Lorg/apache/log4j/HTMLLayout, BUF_SIZE, <Primordial,I> >"
"< Application, Lweblech/spider/SpiderConfig, maxDepth, <Primordial,I> >"
"< Application, Lorg/apache/log4j/net/SocketAppender, counter, <Primordial,I> >"
"< Application, Lorg/apache/log4j/helpers/PatternParser$ClassNamePatternConverter, this$0, <Application,Lorg/apache/log4j/helpers/PatternParser> >"
"< Application, Lorg/apache/log4j/or/RendererMap, map, <Application,Ljava/util/Hashtable> >"
"< Application, Lorg/apache/log4j/Hierarchy, emittedNoAppenderWarning, <Primordial,Z> >"
"< Application, Lorg/apache/log4j/helpers/QuietWriter, errorHandler, <Application,Lorg/apache/log4j/spi/ErrorHandler> >"
"< Application, Lorg/apache/log4j/spi/LocationInfo, lineNumber, <Application,Ljava/lang/String> >"
"< Application, Lorg/apache/log4j/helpers/OnlyOnceErrorHandler, firstTime, <Primordial,Z> >"
"< Application, Lorg/apache/log4j/Category, parent, <Application,Lorg/apache/log4j/Category> >"
"< Application, Lorg/apache/log4j/TTCCLayout, threadPrinting, <Primordial,Z> >"
"< Application, Lweblech/spider/SpiderConfig, boringURLSubstrings, <Application,Ljava/util/List> >"
"< Application, Lorg/apache/log4j/helpers/PatternParser, state, <Primordial,I> >"
"< Application, Lweblech/spider/SpiderConfig, htmlExtensions, <Application,Ljava/util/Set> >"
"< Application, Lweblech/spider/URLObject, config, <Application,Lweblech/spider/SpiderConfig> >"
"< Application, Lweblech/spider/DownloadQueue, averageURLsToDownload, <Application,Ljava/util/List> >"
"< Application, Lorg/apache/log4j/helpers/PatternParser, head, <Application,Lorg/apache/log4j/helpers/PatternConverter> >"
"< Application, Lorg/apache/log4j/config/PropertyPrinter, out, <Application,Ljava/io/PrintWriter> >"
"< Application, Lweblech/spider/SpiderConfig, spiderThreads, <Primordial,I> >"
"< Application, Lweblech/spider/HTMLParser, config, <Application,Lweblech/spider/SpiderConfig> >"
"< Application, Lorg/apache/log4j/varia/StringMatchFilter, acceptOnMatch, <Primordial,Z> >"
"< Application, Lorg/apache/log4j/NDC$DiagnosticContext, fullMessage, <Application,Ljava/lang/String> >"
"< Application, Lorg/apache/log4j/spi/ThrowableInformation, throwable, <Application,Ljava/lang/Throwable> >"
"< Application, Lorg/apache/log4j/net/SMTPAppender, evaluator, <Application,Lorg/apache/log4j/spi/TriggeringEventEvaluator> >"
"< Application, Lweblech/spider/Spider, urlsDownloading, <Application,Ljava/util/Set> >"
"< Application, Lorg/apache/log4j/Hierarchy, ht, <Application,Ljava/util/Hashtable> >"
"< Application, Lweblech/spider/SpiderConfig, mailtoLogFile, <Application,Ljava/io/File> >"
"< Application, Lweblech/spider/Spider, quit, <Primordial,Z> >"
"< Application, Lorg/apache/log4j/net/JMSAppender, topicConnection, <Application,Ljavax/jms/TopicConnection> >"
"< Application, Lorg/apache/log4j/spi/LoggingEvent, locationInfo, <Application,Lorg/apache/log4j/spi/LocationInfo> >"
"< Application, Lweblech/spider/SpiderConfig, startLocation, <Application,Ljava/net/URL> >"
"< Application, Lorg/apache/log4j/ConsoleAppender, target, <Application,Ljava/lang/String> >"
"< Application, Lorg/apache/log4j/TTCCLayout, contextPrinting, <Primordial,Z> >"
"< Application, Lweblech/spider/DownloadQueue, boringURLsToDownload, <Application,Ljava/util/List> >"
"< Application, Lorg/apache/log4j/FileAppender, fileAppend, <Primordial,Z> >"
"< Application, Lorg/apache/log4j/helpers/FileWatchdog, file, <Application,Ljava/io/File> >"
"< Application, Lorg/apache/log4j/RollingFileAppender, maxBackupIndex, <Primordial,I> >"
"< Application, Lorg/apache/log4j/RollingFileAppenderBeanInfo, props, <Application,[Ljava/beans/PropertyDescriptor> >"
"< Application, Lorg/apache/log4j/spi/LoggingEvent, timeStamp, <Primordial,J> >"
"< Application, Lorg/apache/log4j/spi/LoggingEvent, fqnOfCategoryClass, <Application,Ljava/lang/String> >"
"< Application, Lorg/apache/log4j/WriterAppender, immediateFlush, <Primordial,Z> >"
"< Application, Lorg/apache/log4j/helpers/PatternParser, patternLength, <Primordial,I> >"
"< Application, Lorg/apache/log4j/helpers/BoundedFIFO, numElements, <Primordial,I> >"
"< Application, Lorg/apache/log4j/helpers/PatternConverter, next, <Application,Lorg/apache/log4j/helpers/PatternConverter> >"
"< Application, Lweblech/spider/SpiderConfig, basicAuthPassword, <Application,Ljava/lang/String> >"
"< Application, Lorg/apache/log4j/helpers/PatternParser$DatePatternConverter, df, <Application,Ljava/text/DateFormat> >"
"< Application, Lweblech/spider/URLToDownload, depth, <Primordial,I> >"
"< Application, Lorg/apache/log4j/RollingCalendar, type, <Primordial,I> >"
"< Application, Lorg/apache/log4j/net/SyslogAppender, syslogHost, <Application,Ljava/lang/String> >"
"< Application, Lorg/apache/log4j/SimpleLayout, sbuf, <Application,Ljava/lang/StringBuffer> >"
"< Application, Lorg/apache/log4j/xml/XMLLayout, buf, <Application,Ljava/lang/StringBuffer> >"
"< Application, Lorg/apache/log4j/helpers/FileWatchdog, filename, <Application,Ljava/lang/String> >"
"< Application, Lorg/apache/log4j/config/PropertySetterException, rootCause, <Application,Ljava/lang/Throwable> >"
"< Application, Lorg/apache/log4j/AppenderSkeleton, tailFilter, <Application,Lorg/apache/log4j/spi/Filter> >"
"< Application, Lorg/apache/log4j/DailyRollingFileAppender, datePattern, <Application,Ljava/lang/String> >"
"< Application, Lorg/apache/log4j/net/SMTPAppender, locationInfo, <Primordial,Z> >"
"< Application, Lorg/apache/log4j/varia/HUP, er, <Application,Lorg/apache/log4j/varia/ExternallyRolledFileAppender> >"
"< Application, Lorg/apache/log4j/net/SocketAppender, remoteHost, <Application,Ljava/lang/String> >"
"< Application, Lorg/apache/log4j/Hierarchy, emittedNoResourceBundleWarning, <Primordial,Z> >"
"< Application, Lorg/apache/log4j/helpers/FormattingInfo, leftAlign, <Primordial,Z> >"
"< Application, Lorg/apache/log4j/Priority, level, <Primordial,I> >"
"< Application, Lweblech/spider/Spider, queue, <Application,Lweblech/spider/DownloadQueue> >"
"< Application, Lorg/apache/log4j/helpers/DateLayout, date, <Application,Ljava/util/Date> >"
"< Application, Lorg/apache/log4j/helpers/CyclicBuffer, first, <Primordial,I> >"
"< Application, Lorg/apache/log4j/spi/Filter, next, <Application,Lorg/apache/log4j/spi/Filter> >"
"< Application, Lorg/apache/log4j/net/SocketServer, dir, <Application,Ljava/io/File> >"
"< Application, Lorg/apache/log4j/varia/ExternallyRolledFileAppender, hup, <Application,Lorg/apache/log4j/varia/HUP> >"
"< Application, Lorg/apache/log4j/net/SocketAppender, address, <Application,Ljava/net/InetAddress> >"
"< Application, Lorg/apache/log4j/Hierarchy, disable, <Primordial,I> >"
"< Application, Lorg/apache/log4j/nt/NTEventLogAppender, server, <Application,Ljava/lang/String> >"
"< Application, Lorg/apache/log4j/spi/ThrowableInformation, rep, <Application,[Ljava/lang/String> >"
"< Application, Lorg/apache/log4j/PatternLayout, pattern, <Application,Ljava/lang/String> >"
"< Application, Lorg/apache/log4j/net/SyslogAppender, syslogFacility, <Primordial,I> >"
"< Application, Lorg/apache/log4j/net/JMSAppender, tcfBindingName, <Application,Ljava/lang/String> >"
"< Application, Lorg/apache/log4j/spi/LocationInfo, methodName, <Application,Ljava/lang/String> >"
"< Application, Lweblech/spider/SpiderConfig, saveRootDirectory, <Application,Ljava/io/File> >"
"< Application, Lorg/apache/log4j/helpers/SyslogQuietWriter, syslogFacility, <Primordial,I> >"
"< Application, Lorg/apache/log4j/spi/LoggingEvent, ndc, <Application,Ljava/lang/String> >"
"< Application, Lorg/apache/log4j/HTMLLayout, locationInfo, <Primordial,Z> >"
"< Application, Lorg/apache/log4j/helpers/PatternParser, i, <Primordial,I> >"
"< Application, Lorg/apache/log4j/helpers/BoundedFIFO, maxSize, <Primordial,I> >"
"< Application, Lorg/apache/log4j/config/PropertyGetter, props, <Application,[Ljava/beans/PropertyDescriptor> >"
"< Application, Lorg/apache/log4j/helpers/PatternParser$LocationPatternConverter, type, <Primordial,I> >"
"< Application, Lorg/apache/log4j/Hierarchy, root, <Application,Lorg/apache/log4j/Category> >"
"< Application, Lorg/apache/log4j/net/SocketAppender$Connector, this$0, <Application,Lorg/apache/log4j/net/SocketAppender> >"
"< Application, Lorg/apache/log4j/AsyncAppender, dispatcher, <Application,Lorg/apache/log4j/Dispatcher> >"
"< Application, Lweblech/spider/Spider, lastCheckpoint, <Primordial,J> >"
"< Application, Lorg/apache/log4j/helpers/FileWatchdog, warnedAlready, <Primordial,Z> >"
"< Application, Lorg/apache/log4j/helpers/CyclicBuffer, last, <Primordial,I> >"
"< Application, Lorg/apache/log4j/net/SMTPAppender, to, <Application,Ljava/lang/String> >"
"< Application, Lorg/apache/log4j/helpers/PatternParser$CategoryPatternConverter, this$0, <Application,Lorg/apache/log4j/helpers/PatternParser> >"
