"< Application, Lorg/apache/log4j/net/SocketServer, main([Ljava/lang/String;)V >"	2	8	1	7
"< Application, Lorg/apache/log4j/net/JMSSink, main([Ljava/lang/String;)V >"	5	12	1	11
"< Application, Lorg/apache/log4j/varia/Roller, main([Ljava/lang/String;)V >"	4	11	1	10
"< Application, Lorg/apache/log4j/helpers/DateTimeDateFormat, format(Ljava/util/Date;Ljava/lang/StringBuffer;Ljava/text/FieldPosition;)Ljava/lang/StringBuffer; >"	11	26	21	25
"< Application, Lorg/apache/log4j/net/SocketServer, main([Ljava/lang/String;)V >"	3	10	1	9
"< Application, Lorg/apache/log4j/or/ThreadGroupRenderer, doRender(Ljava/lang/Object;)Ljava/lang/String; >"	23	48	30	64
"< Application, Lorg/apache/log4j/varia/Roller, main([Ljava/lang/String;)V >"	3	9	1	8
"< Application, Lorg/apache/log4j/net/SyslogAppender, append(Lorg/apache/log4j/spi/LoggingEvent;)V >"	46	45	33	54
"< Application, Lorg/apache/log4j/helpers/PatternConverter, spacePad(Ljava/lang/StringBuffer;I)V >"	12	20	19	25
"< Application, Lorg/apache/log4j/helpers/CyclicBuffer, resize(I)V >"	22	12	10	11
"< Application, Lorg/apache/log4j/config/PropertyGetter, getProperties(Lorg/apache/log4j/config/PropertyGetter$PropertyCallback;Ljava/lang/String;)V >"	2	9	8	42
"< Application, Lorg/apache/log4j/helpers/PatternConverter, spacePad(Ljava/lang/StringBuffer;I)V >"	2	8	6	7
"< Application, Lorg/apache/log4j/config/PropertySetter, setProperty(Ljava/beans/PropertyDescriptor;Ljava/lang/String;Ljava/lang/String;)V >"	19	24	10	13
"< Application, Lweblech/ui/TextSpider, main([Ljava/lang/String;)V >"	10	22	1	11
"< Application, Lorg/apache/log4j/HTMLLayout, appendThrowableAsHTML([Ljava/lang/String;Ljava/lang/StringBuffer;)V >"	12	20	2	29
"< Application, Lorg/apache/log4j/net/SyslogAppender, append(Lorg/apache/log4j/spi/LoggingEvent;)V >"	39	36	33	7
"< Application, Lorg/apache/log4j/WriterAppender, subAppend(Lorg/apache/log4j/spi/LoggingEvent;)V >"	12	18	14	25
"< Application, Lorg/apache/log4j/config/PropertyGetter, getProperties(Lorg/apache/log4j/config/PropertyGetter$PropertyCallback;Ljava/lang/String;)V >"	11	18	17	42
"< Application, Lorg/apache/log4j/RollingFileAppenderBeanInfo, <init>()V >"	15	21	20	42
"< Application, Lorg/apache/log4j/helpers/CyclicBuffer, get(I)Lorg/apache/log4j/spi/LoggingEvent; >"	9	11	6	10
"< Application, Lweblech/ui/TextSpider, main([Ljava/lang/String;)V >"	18	19	1	7
"< Application, Lorg/apache/log4j/helpers/CyclicBuffer, get()Lorg/apache/log4j/spi/LoggingEvent; >"	7	11	9	10
"< Application, Lorg/apache/log4j/or/RendererMap, searchInterfaces(Ljava/lang/Class;)Lorg/apache/log4j/or/ObjectRenderer; >"	7	13	10	19
"< Application, Lorg/apache/log4j/net/SimpleSocketServer, main([Ljava/lang/String;)V >"	3	10	1	9
"< Application, Lorg/apache/log4j/config/PropertySetter, setProperty(Ljava/beans/PropertyDescriptor;Ljava/lang/String;Ljava/lang/String;)V >"	11	14	10	13
"< Application, Lorg/apache/log4j/xml/XMLLayout, format(Lorg/apache/log4j/spi/LoggingEvent;)Ljava/lang/String; >"	52	86	79	91
"< Application, Lorg/apache/log4j/config/PropertySetter, getPropertyDescriptor(Ljava/lang/String;)Ljava/beans/PropertyDescriptor; >"	10	20	19	18
"< Application, Lorg/apache/log4j/or/ThreadGroupRenderer, doRender(Ljava/lang/Object;)Ljava/lang/String; >"	19	40	30	64
"< Application, Lorg/apache/log4j/nt/NTEventLogAppender, append(Lorg/apache/log4j/spi/LoggingEvent;)V >"	12	19	16	24
"< Application, Lorg/apache/log4j/helpers/BoundedFIFO, get()Lorg/apache/log4j/spi/LoggingEvent; >"	5	7	5	6
"< Application, Lorg/apache/log4j/config/PropertySetter, setProperty(Ljava/beans/PropertyDescriptor;Ljava/lang/String;Ljava/lang/String;)V >"	31	65	10	13
"< Application, Lorg/apache/log4j/config/PropertySetter, getPropertyDescriptor(Ljava/lang/String;)Ljava/beans/PropertyDescriptor; >"	5	11	10	18
"< Application, Lweblech/ui/TextSpider, main([Ljava/lang/String;)V >"	12	15	1	11
"< Application, Lorg/apache/log4j/or/ThreadGroupRenderer, doRender(Ljava/lang/Object;)Ljava/lang/String; >"	27	55	30	64
"< Application, Lorg/apache/log4j/net/SocketServer, main([Ljava/lang/String;)V >"	4	12	1	11
"< Application, Lweblech/ui/TextSpider, main([Ljava/lang/String;)V >"	33	54	1	11
"< Application, Lorg/apache/log4j/net/JMSSink, main([Ljava/lang/String;)V >"	4	10	1	9
"< Application, Lorg/apache/log4j/HTMLLayout, appendThrowableAsHTML([Ljava/lang/String;Ljava/lang/StringBuffer;)V >"	4	8	2	7
"< Application, Lorg/apache/log4j/net/SimpleSocketServer, main([Ljava/lang/String;)V >"	2	8	1	7
"< Application, Lorg/apache/log4j/net/JMSSink, main([Ljava/lang/String;)V >"	3	8	1	7
