"< Application, Lorg/apache/log4j/Priority, toPriority(ILorg/apache/log4j/Priority;)Lorg/apache/log4j/Priority; >"	0	1	[java_constant_int(10000), java_constant_int(20000), java_constant_int(30000), java_constant_int(40000), java_constant_int(50000)]	"bb7"
"< Application, Lorg/apache/log4j/helpers/PatternParser, parse()Lorg/apache/log4j/helpers/PatternConverter; >"	54	11	[java_constant_int(45), java_constant_int(46)]	"bb57"
"< Application, Lorg/apache/log4j/DailyRollingFileAppender, printPeriodicity(I)V >"	0	2	[java_constant_int(0), java_constant_int(1), java_constant_int(2), java_constant_int(3), java_constant_int(4), java_constant_int(5)]	"bb56"
"< Application, Lorg/apache/log4j/RollingCalendar, getNextCheckDate(Ljava/util/Date;)Ljava/util/Date; >"	2	5	[java_constant_int(0), java_constant_int(1), java_constant_int(2), java_constant_int(3), java_constant_int(4), java_constant_int(5)]	"bb42"
"< Application, Lorg/apache/log4j/helpers/PatternParser$BasicPatternConverter, convert(Lorg/apache/log4j/spi/LoggingEvent;)Ljava/lang/String; >"	1	4	[java_constant_int(2000), java_constant_int(2001), java_constant_int(2002), java_constant_int(2003), java_constant_int(2004)]	"bb16"
"< Application, Lorg/apache/log4j/helpers/ISO8601DateFormat, format(Ljava/util/Date;Ljava/lang/StringBuffer;Ljava/text/FieldPosition;)Ljava/lang/StringBuffer; >"	7	17	[java_constant_int(0), java_constant_int(1), java_constant_int(2), java_constant_int(3), java_constant_int(4), java_constant_int(5), java_constant_int(6), java_constant_int(7), java_constant_int(8), java_constant_int(9), java_constant_int(10), java_constant_int(11)]	"bb21"
"< Application, Lorg/apache/log4j/helpers/PatternParser$LocationPatternConverter, convert(Lorg/apache/log4j/spi/LoggingEvent;)Ljava/lang/String; >"	2	6	[java_constant_int(1000), java_constant_int(1001), java_constant_int(1002), java_constant_int(1003), java_constant_int(1004)]	"bb12"
"< Application, Lorg/apache/log4j/helpers/PatternParser, parse()Lorg/apache/log4j/helpers/PatternConverter; >"	19	22	[java_constant_int(37), java_constant_int(110)]	"bb30"
"< Application, Lorg/apache/log4j/AppenderSkeleton, doAppend(Lorg/apache/log4j/spi/LoggingEvent;)V >"	17	26	[java_constant_int(-1), java_constant_int(0), java_constant_int(1)]	"bb23"
"< Application, Lorg/apache/log4j/net/SyslogAppender, getFacilityString(I)Ljava/lang/String; >"	0	1	[java_constant_int(0), java_constant_int(8), java_constant_int(16), java_constant_int(24), java_constant_int(32), java_constant_int(40), java_constant_int(48), java_constant_int(56), java_constant_int(64), java_constant_int(72), java_constant_int(80), java_constant_int(88), java_constant_int(128), java_constant_int(136), java_constant_int(144), java_constant_int(152), java_constant_int(160), java_constant_int(168), java_constant_int(176), java_constant_int(184)]	"bb22"
"< Application, Lorg/apache/log4j/helpers/PatternParser, finalizeConverter(C)V >"	0	2	[java_constant_int(67), java_constant_int(70), java_constant_int(76), java_constant_int(77), java_constant_int(99), java_constant_int(100), java_constant_int(108), java_constant_int(109), java_constant_int(112), java_constant_int(114), java_constant_int(116), java_constant_int(120)]	"bb110"
"< Application, Lorg/apache/log4j/helpers/PatternParser, parse()Lorg/apache/log4j/helpers/PatternConverter; >"	8	12	[java_constant_int(0), java_constant_int(1), java_constant_int(2), java_constant_int(3), java_constant_int(4), java_constant_int(5)]	"bb110"
