"< Application, Lorg/apache/log4j/helpers/Loader, getResource(Ljava/lang/String;Ljava/lang/Class;)Ljava/net/URL; >"	15	27
"< Application, Lorg/apache/log4j/config/PropertyGetter, getProperties(Lorg/apache/log4j/config/PropertyGetter$PropertyCallback;Ljava/lang/String;)V >"	20	27
"< Application, Lorg/apache/log4j/xml/DOMConfigurator, doConfigure(Ljava/lang/String;Lorg/apache/log4j/Hierarchy;)V >"	16	37
"< Application, Lorg/apache/log4j/RollingFileAppenderBeanInfo, <init>()V >"	50	49
"< Application, Lorg/apache/log4j/spi/LocationInfo, <clinit>()V >"	12	14
"< Application, Lweblech/spider/Spider, run()V >"	116	106
"< Application, Lorg/apache/log4j/net/SimpleSocketServer, main([Ljava/lang/String;)V >"	39	55
"< Application, Lorg/apache/log4j/AsyncAppender, getAppender(Ljava/lang/String;)Lorg/apache/log4j/Appender; >"	6	8
"< Application, Lorg/apache/log4j/net/SocketNode, run()V >"	14	22
"< Application, Lorg/apache/log4j/helpers/OptionConverter, findAndSubst(Ljava/lang/String;Ljava/util/Properties;)Ljava/lang/String; >"	5	9
"< Application, Lweblech/spider/Spider, run()V >"	103	107
"< Application, Lorg/apache/log4j/varia/HUPNode, run()V >"	11	18
"< Application, Lorg/apache/log4j/Dispatcher, close()V >"	10	11
"< Application, Lweblech/util/Logger, <clinit>()V >"	4	8
"< Application, Lweblech/spider/Spider, run()V >"	76	105
"< Application, Lorg/apache/log4j/net/SocketServer, main([Ljava/lang/String;)V >"	47	65
"< Application, Lorg/apache/log4j/Dispatcher, run()V >"	13	26
"< Application, Lweblech/spider/SpiderConfig, <init>(Ljava/util/Properties;)V >"	151	230
"< Application, Lweblech/spider/HTMLParser, extractAttributesFromTags(Ljava/lang/String;Ljava/lang/String;Ljava/net/URL;Ljava/util/List;Ljava/util/Set;Ljava/lang/String;)V >"	58	94
"< Application, Lorg/apache/log4j/net/JMSAppender, lookup(Ljavax/naming/Context;Ljava/lang/String;)Ljava/lang/Object; >"	2	7
"< Application, Lorg/apache/log4j/net/SimpleSocketServer, class$(Ljava/lang/String;)Ljava/lang/Class; >"	2	5
"< Application, Lorg/apache/log4j/RollingFileAppenderBeanInfo, <init>()V >"	47	52
"< Application, Lorg/apache/log4j/helpers/OptionConverter, selectAndConfigure(Ljava/net/URL;Lorg/apache/log4j/Hierarchy;)V >"	33	17
"< Application, Lorg/apache/log4j/helpers/OptionConverter, toPriority(Ljava/lang/String;Lorg/apache/log4j/Priority;)Lorg/apache/log4j/Priority; >"	91	87
"< Application, Lorg/apache/log4j/varia/HUPNode, run()V >"	22	24
"< Application, Lorg/apache/log4j/helpers/OptionConverter, getSystemProperty(Ljava/lang/String;Ljava/lang/String;)Ljava/lang/String; >"	2	6
"< Application, Lorg/apache/log4j/helpers/OptionConverter, toFileSize(Ljava/lang/String;J)J >"	21	37
"< Application, Lorg/apache/log4j/nt/NTEventLogAppender, activateOptions()V >"	7	9
"< Application, Lorg/apache/log4j/AsyncAppender, removeAppender(Ljava/lang/String;)V >"	6	7
"< Application, Lorg/apache/log4j/AsyncAppender, close()V >"	16	10
"< Application, Lweblech/spider/Spider, run()V >"	27	33
"< Application, Lorg/apache/log4j/Dispatcher, run()V >"	39	29
"< Application, Lorg/apache/log4j/WriterAppender, closeWriter()V >"	5	7
"< Application, Lweblech/spider/Spider, run()V >"	54	103
"< Application, Lorg/apache/log4j/helpers/OptionConverter, toPriority(Ljava/lang/String;Lorg/apache/log4j/Priority;)Lorg/apache/log4j/Priority; >"	82	106
"< Application, Lorg/apache/log4j/helpers/PatternParser$DatePatternConverter, convert(Lorg/apache/log4j/spi/LoggingEvent;)Ljava/lang/String; >"	7	12
"< Application, Lorg/apache/log4j/PropertyConfigurator, configureRootCategory(Ljava/util/Properties;Lorg/apache/log4j/Hierarchy;)V >"	9	13
"< Application, Lorg/apache/log4j/FileAppender, closeFile()V >"	7	9
"< Application, Lorg/apache/log4j/net/SocketAppender, getAddressByName(Ljava/lang/String;)Ljava/net/InetAddress; >"	2	5
"< Application, Lorg/apache/log4j/Category, <clinit>()V >"	14	21
"< Application, Lorg/apache/log4j/config/PropertySetter, setProperty(Ljava/lang/String;Ljava/lang/String;)V >"	20	11
"< Application, Lweblech/spider/URLObject, <init>(Ljava/net/URL;Lweblech/spider/SpiderConfig;)V >"	34	44
"< Application, Lorg/apache/log4j/net/SocketAppender, cleanUp()V >"	5	7
"< Application, Lorg/apache/log4j/net/JMSSink, lookup(Ljavax/naming/Context;Ljava/lang/String;)Ljava/lang/Object; >"	2	6
"< Application, Lorg/apache/log4j/PropertyConfigurator, parseCatsAndRenderers(Ljava/util/Properties;Lorg/apache/log4j/Hierarchy;)V >"	16	37
"< Application, Lorg/apache/log4j/AsyncAppender, removeAllAppenders()V >"	6	6
"< Application, Lorg/apache/log4j/xml/DOMConfigurator, doConfigure(Ljava/lang/String;Lorg/apache/log4j/Hierarchy;)V >"	47	40
"< Application, Lorg/apache/log4j/PropertyConfigurator, class$(Ljava/lang/String;)Ljava/lang/Class; >"	2	5
"< Application, Lorg/apache/log4j/RollingFileAppenderBeanInfo, class$(Ljava/lang/String;)Ljava/lang/Class; >"	2	5
"< Application, Lorg/apache/log4j/net/SocketServer, class$(Ljava/lang/String;)Ljava/lang/Class; >"	2	5
"< Application, Lorg/apache/log4j/config/PropertyGetter, getProperties(Ljava/lang/Object;Lorg/apache/log4j/config/PropertyGetter$PropertyCallback;Ljava/lang/String;)V >"	4	7
"< Application, Lorg/apache/log4j/net/SocketAppender$Connector, run()V >"	30	38
"< Application, Lweblech/util/Log4j, <clinit>()V >"	16	17
"< Application, Lorg/apache/log4j/helpers/FileWatchdog, checkAndConfigure()V >"	3	6
"< Application, Lweblech/spider/Spider, readCheckpoint()V >"	16	19
"< Application, Lorg/apache/log4j/AsyncAppender, append(Lorg/apache/log4j/spi/LoggingEvent;)V >"	11	18
"< Application, Lorg/apache/log4j/Hierarchy, resetConfiguration()V >"	20	27
"< Application, Lorg/apache/log4j/spi/LocationInfo, <init>(Ljava/lang/Throwable;Ljava/lang/String;)V >"	14	18
"< Application, Lorg/apache/log4j/xml/DOMConfigurator, doConfigure(Ljava/net/URL;Lorg/apache/log4j/Hierarchy;)V >"	3	7
"< Application, Lorg/apache/log4j/net/SocketNode, run()V >"	22	26
"< Application, Lorg/apache/log4j/Dispatcher, run()V >"	26	30
"< Application, Lorg/apache/log4j/DailyRollingFileAppender, rollOver()V >"	41	51
"< Application, Lweblech/spider/Spider, checkpointIfNeeded()V >"	26	29
"< Application, Lorg/apache/log4j/net/SocketNode, <init>(Ljava/net/Socket;Lorg/apache/log4j/Hierarchy;)V >"	8	10
"< Application, Lorg/apache/log4j/config/PropertySetter, class$(Ljava/lang/String;)Ljava/lang/Class; >"	2	5
"< Application, Lorg/apache/log4j/net/SocketAppender, connect(Ljava/net/InetAddress;I)V >"	11	14
"< Application, Lorg/apache/log4j/config/PropertySetter, setProperty(Ljava/beans/PropertyDescriptor;Ljava/lang/String;Ljava/lang/String;)V >"	51	57
"< Application, Lorg/apache/log4j/spi/LoggingEvent, class$(Ljava/lang/String;)Ljava/lang/Class; >"	2	5
"< Application, Lorg/apache/log4j/helpers/PatternParser, extractPrecisionOption()I >"	14	22
"< Application, Lorg/apache/log4j/xml/DOMConfigurator, parseAppender(Lorg/w3c/dom/Element;)Lorg/apache/log4j/Appender; >"	81	129
"< Application, Lorg/apache/log4j/helpers/OptionConverter, toPriority(Ljava/lang/String;Lorg/apache/log4j/Priority;)Lorg/apache/log4j/Priority; >"	44	38
"< Application, Lorg/apache/log4j/DailyRollingFileAppender, subAppend(Lorg/apache/log4j/spi/LoggingEvent;)V >"	12	16
"< Application, Lweblech/spider/Spider, filterURLs(Ljava/util/List;)Ljava/util/List; >"	22	28
"< Application, Lorg/apache/log4j/FileAppender, activateOptions()V >"	6	24
"< Application, Lweblech/spider/Spider, run()V >"	63	104
"< Application, Lorg/apache/log4j/net/SocketNode, run()V >"	28	32
"< Application, Lweblech/spider/SpiderConfig, <init>(Ljava/util/Properties;)V >"	159	242
"< Application, Lweblech/spider/SpiderConfig, <init>(Ljava/util/Properties;)V >"	137	206
"< Application, Lorg/apache/log4j/Hierarchy, shutdown()V >"	21	25
"< Application, Lorg/apache/log4j/xml/DOMConfigurator, parseLayout(Lorg/w3c/dom/Element;)Lorg/apache/log4j/Layout; >"	30	49
"< Application, Lorg/apache/log4j/config/PropertyGetter, class$(Ljava/lang/String;)Ljava/lang/Class; >"	2	5
"< Application, Lweblech/spider/URLGetter, getURL(Lweblech/spider/URLToDownload;)Lweblech/spider/URLObject; >"	154	214
"< Application, Lweblech/spider/URLObject, writeToFile(Ljava/lang/String;)V >"	19	30
"< Application, Lorg/apache/log4j/helpers/OptionConverter, toPriority(Ljava/lang/String;Lorg/apache/log4j/Priority;)Lorg/apache/log4j/Priority; >"	53	69
"< Application, Lorg/apache/log4j/varia/Roller, class$(Ljava/lang/String;)Ljava/lang/Class; >"	2	5
"< Application, Lorg/apache/log4j/config/PropertySetter, introspect()V >"	6	8
"< Application, Lorg/apache/log4j/PropertyConfigurator, doConfigure(Ljava/lang/String;Lorg/apache/log4j/Hierarchy;)V >"	7	11
"< Application, Lweblech/spider/Spider, queueSize()I >"	6	7
"< Application, Lorg/apache/log4j/config/PropertySetter, setProperty(Ljava/beans/PropertyDescriptor;Ljava/lang/String;Ljava/lang/String;)V >"	14	17
"< Application, Lorg/apache/log4j/helpers/OptionConverter, toInt(Ljava/lang/String;I)I >"	5	11
"< Application, Lweblech/spider/SpiderConfig, <init>(Ljava/util/Properties;)V >"	107	161
"< Application, Lweblech/ui/TextSpider, main([Ljava/lang/String;)V >"	28	46
"< Application, Lorg/apache/log4j/Hierarchy, getInstance(Ljava/lang/String;Lorg/apache/log4j/spi/CategoryFactory;)Lorg/apache/log4j/Category; >"	32	32
"< Application, Lorg/apache/log4j/xml/DOMConfigurator, class$(Ljava/lang/String;)Ljava/lang/Class; >"	2	5
"< Application, Lorg/apache/log4j/AsyncAppender, getAllAppenders()Ljava/util/Enumeration; >"	6	7
"< Application, Lorg/apache/log4j/AsyncAppender, append(Lorg/apache/log4j/spi/LoggingEvent;)V >"	30	33
"< Application, Lorg/apache/log4j/net/SocketAppender$Connector, run()V >"	36	39
"< Application, Lorg/apache/log4j/helpers/OptionConverter, class$(Ljava/lang/String;)Ljava/lang/Class; >"	2	5
"< Application, Lorg/apache/log4j/AsyncAppender, removeAppender(Lorg/apache/log4j/Appender;)V >"	6	7
"< Application, Lorg/apache/log4j/helpers/OptionConverter, toPriority(Ljava/lang/String;Lorg/apache/log4j/Priority;)Lorg/apache/log4j/Priority; >"	63	119
"< Application, Lorg/apache/log4j/net/SMTPAppender, class$(Ljava/lang/String;)Ljava/lang/Class; >"	2	5
"< Application, Lorg/apache/log4j/CategoryKey, class$(Ljava/lang/String;)Ljava/lang/Class; >"	2	5
"< Application, Lorg/apache/log4j/Category, getResourceBundleString(Ljava/lang/String;)Ljava/lang/String; >"	17	9
"< Application, Lweblech/spider/URLGetter, getURL(Lweblech/spider/URLToDownload;)Lweblech/spider/URLObject; >"	144	230
"< Application, Lorg/apache/log4j/net/SocketServer, init(Ljava/lang/String;Ljava/lang/String;Ljava/lang/String;)V >"	3	7
"< Application, Lorg/apache/log4j/net/SocketAppender$Connector, run()V >"	48	57
"< Application, Lorg/apache/log4j/helpers/SyslogWriter, <init>(Ljava/lang/String;)V >"	6	8
"< Application, Lorg/apache/log4j/net/SocketAppender, append(Lorg/apache/log4j/spi/LoggingEvent;)V >"	31	20
"< Application, Lorg/apache/log4j/net/SimpleSocketServer, init(Ljava/lang/String;Ljava/lang/String;)V >"	3	6
"< Application, Lorg/apache/log4j/xml/DOMConfigurator, parseCategory(Lorg/w3c/dom/Element;Lorg/apache/log4j/Hierarchy;)V >"	52	92
"< Application, Lorg/apache/log4j/helpers/CountingQuietWriter, write(Ljava/lang/String;)V >"	8	6
"< Application, Lorg/apache/log4j/xml/DOMConfigurator, doConfigure(Ljava/lang/String;Lorg/apache/log4j/Hierarchy;)V >"	35	23
"< Application, Lweblech/spider/URLGetter, getURL(Lweblech/spider/URLToDownload;)Lweblech/spider/URLObject; >"	14	25
"< Application, Lorg/apache/log4j/helpers/OptionConverter, instantiateByClassName(Ljava/lang/String;Ljava/lang/Class;Ljava/lang/Object;)Ljava/lang/Object; >"	17	33
"< Application, Lweblech/ui/TextSpider, main([Ljava/lang/String;)V >"	39	31
"< Application, Lorg/apache/log4j/xml/DOMConfigurator, doConfigure(Ljava/lang/String;Lorg/apache/log4j/Hierarchy;)V >"	23	53
"< Application, Lorg/apache/log4j/xml/DOMConfigurator, parseCategory(Lorg/w3c/dom/Element;Lorg/apache/log4j/Hierarchy;)V >"	24	44
"< Application, Lorg/apache/log4j/xml/DOMConfigurator, subst(Ljava/lang/String;)Ljava/lang/String; >"	3	7
"< Application, Lweblech/ui/TextSpider, pause(J)V >"	2	4
"< Application, Lorg/apache/log4j/xml/DOMConfigurator, doConfigure(Ljava/io/InputStream;Lorg/apache/log4j/Hierarchy;)V >"	52	92
"< Application, Lorg/apache/log4j/helpers/QuietWriter, flush()V >"	3	5
"< Application, Lorg/apache/log4j/varia/HUPNode, <init>(Ljava/net/Socket;Lorg/apache/log4j/varia/ExternallyRolledFileAppender;)V >"	12	14
"< Application, Lorg/apache/log4j/helpers/FileWatchdog, run()V >"	5	9
"< Application, Lorg/apache/log4j/AsyncAppender, close()V >"	8	15
"< Application, Lorg/apache/log4j/AsyncAppender, addAppender(Lorg/apache/log4j/Appender;)V >"	6	7
"< Application, Lweblech/ui/TextSpider, main([Ljava/lang/String;)V >"	79	91
"< Application, Lorg/apache/log4j/helpers/PatternParser, class$(Ljava/lang/String;)Ljava/lang/Class; >"	2	5
"< Application, Lorg/apache/log4j/RollingFileAppender, rollOver()V >"	92	137
"< Application, Lorg/apache/log4j/xml/DOMConfigurator, doConfigure(Ljava/io/InputStream;Lorg/apache/log4j/Hierarchy;)V >"	18	37
"< Application, Lorg/apache/log4j/xml/DOMConfigurator, doConfigure(Ljava/lang/String;Lorg/apache/log4j/Hierarchy;)V >"	5	8
"< Application, Lorg/apache/log4j/spi/LoggingEvent, readPriority(Ljava/io/ObjectInputStream;)V >"	26	34
"< Application, Lorg/apache/log4j/nt/NTEventLogAppender, <init>(Ljava/lang/String;Ljava/lang/String;Lorg/apache/log4j/Layout;)V >"	15	15
"< Application, Lorg/apache/log4j/xml/DOMConfigurator, parsePriority(Lorg/w3c/dom/Element;Lorg/apache/log4j/Category;Z)V >"	44	71
"< Application, Lorg/apache/log4j/helpers/OptionConverter, toPriority(Ljava/lang/String;Lorg/apache/log4j/Priority;)Lorg/apache/log4j/Priority; >"	73	135
"< Application, Lorg/apache/log4j/helpers/SyslogWriter, <init>(Ljava/lang/String;)V >"	18	25
"< Application, Lorg/apache/log4j/net/SocketNode, run()V >"	18	18
"< Application, Lorg/apache/log4j/xml/DOMConfigurator, parseRoot(Lorg/w3c/dom/Element;Lorg/apache/log4j/Hierarchy;)V >"	5	9
"< Application, Lorg/apache/log4j/varia/Roller, roll()V >"	27	18
"< Application, Lorg/apache/log4j/varia/Roller, init(Ljava/lang/String;Ljava/lang/String;)V >"	4	6
"< Application, Lorg/apache/log4j/varia/HUP, run()V >"	20	29
"< Application, Lorg/apache/log4j/net/SocketNode, class$(Ljava/lang/String;)Ljava/lang/Class; >"	2	5
"< Application, Lorg/apache/log4j/NDC, lazyRemove()V >"	27	57
"< Application, Lorg/apache/log4j/PropertyConfigurator, doConfigure(Ljava/net/URL;Lorg/apache/log4j/Hierarchy;)V >"	11	20
"< Application, Lorg/apache/log4j/net/SocketAppender$Connector, run()V >"	33	78
"< Application, Lorg/apache/log4j/Category, callAppenders(Lorg/apache/log4j/spi/LoggingEvent;)V >"	14	16
"< Application, Lorg/apache/log4j/BasicConfigurator, class$(Ljava/lang/String;)Ljava/lang/Class; >"	2	5
"< Application, Lweblech/spider/HTMLParser, logMailURL(Ljava/lang/String;)V >"	13	15
"< Application, Lorg/apache/log4j/helpers/PatternParser, finalizeConverter(C)V >"	36	100
"< Application, Lorg/apache/log4j/Category, class$(Ljava/lang/String;)Ljava/lang/Class; >"	2	5
"< Application, Lorg/apache/log4j/BasicConfigurator, addRenderer(Lorg/apache/log4j/Hierarchy;Ljava/lang/String;Ljava/lang/String;)V >"	31	36
"< Application, Lorg/apache/log4j/net/JMSSink, class$(Ljava/lang/String;)Ljava/lang/Class; >"	2	5
"< Application, Lweblech/spider/Spider, writeCheckpoint()V >"	12	17
"< Application, Lorg/apache/log4j/helpers/QuietWriter, write(Ljava/lang/String;)V >"	3	6
