"< Application, Lorg/apache/log4j/NDC, setMaxDepth(I)V >"	1	some(5)	"< Primordial, Ljava/lang/Thread, currentThread()Ljava/lang/Thread; >"	[]
"< Application, Lorg/apache/log4j/WriterAppender, getOptionStrings()[Ljava/lang/String; >"	3	some(10)	"< Application, Lorg/apache/log4j/helpers/OptionConverter, concatanateArrays([Ljava/lang/String;[Ljava/lang/String;)[Ljava/lang/String; >"	[4, 6]
"< Application, Lorg/apache/log4j/xml/DOMConfigurator, parsePriority(Lorg/w3c/dom/Element;Lorg/apache/log4j/Category;Z)V >"	51	none	"< Application, Lorg/apache/log4j/helpers/LogLog, error(Ljava/lang/String;Ljava/lang/Throwable;)V >"	[83, 71]
"< Application, Lorg/apache/log4j/xml/DOMConfigurator, parse(Lorg/w3c/dom/Element;Lorg/apache/log4j/Hierarchy;)V >"	8	none	"< Application, Lorg/apache/log4j/helpers/LogLog, error(Ljava/lang/String;)V >"	[14]
"< Application, Lorg/apache/log4j/BasicConfigurator, addRenderer(Lorg/apache/log4j/Hierarchy;Ljava/lang/String;Ljava/lang/String;)V >"	25	none	"< Application, Lorg/apache/log4j/helpers/LogLog, error(Ljava/lang/String;)V >"	[63]
"< Application, Lorg/apache/log4j/PropertyConfigurator, configureCategoryFactory(Ljava/util/Properties;)V >"	11	some(25)	"< Application, Lorg/apache/log4j/PropertyConfigurator, class$(Ljava/lang/String;)Ljava/lang/Class; >"	[23]
"< Application, Lorg/apache/log4j/config/PropertyPrinter, print(Ljava/io/PrintWriter;)V >"	2	some(8)	"< Application, Lorg/apache/log4j/Category, getCurrentCategories()Ljava/util/Enumeration; >"	[]
"< Application, Lorg/apache/log4j/xml/DOMConfigurator, doConfigure(Ljava/io/InputStream;Lorg/apache/log4j/Hierarchy;)V >"	6	none	"< Application, Lorg/apache/log4j/helpers/LogLog, debug(Ljava/lang/String;)V >"	[17]
"< Application, Lweblech/ui/TextSpider, pause(J)V >"	0	none	"< Primordial, Ljava/lang/Thread, sleep(J)V >"	[1]
"< Application, Lorg/apache/log4j/DailyRollingFileAppender, printPeriodicity(I)V >"	8	none	"< Application, Lorg/apache/log4j/helpers/LogLog, debug(Ljava/lang/String;)V >"	[95]
"< Application, Lorg/apache/log4j/BasicConfigurator, addRenderer(Lorg/apache/log4j/Hierarchy;Ljava/lang/String;Ljava/lang/String;)V >"	16	some(32)	"< Application, Lorg/apache/log4j/helpers/OptionConverter, instantiateByClassName(Ljava/lang/String;Ljava/lang/Class;Ljava/lang/Object;)Ljava/lang/Object; >"	[4, 30, 25]
"< Application, Lorg/apache/log4j/BasicConfigurator, addRenderer(Lorg/apache/log4j/Hierarchy;Ljava/lang/String;Ljava/lang/String;)V >"	8	none	"< Application, Lorg/apache/log4j/helpers/LogLog, debug(Ljava/lang/String;)V >"	[22]
"< Application, Lorg/apache/log4j/helpers/Loader, getResource(Ljava/lang/String;Ljava/lang/Class;)Ljava/net/URL; >"	25	some(45)	"< Primordial, Ljava/lang/ClassLoader, getSystemResource(Ljava/lang/String;)Ljava/net/URL; >"	[1]
"< Application, Lorg/apache/log4j/RollingFileAppender, rollOver()V >"	87	none	"< Application, Lorg/apache/log4j/helpers/LogLog, debug(Ljava/lang/String;)V >"	[131]
"< Application, Lorg/apache/log4j/helpers/OptionConverter, instantiateByClassName(Ljava/lang/String;Ljava/lang/Class;Ljava/lang/Object;)Ljava/lang/Object; >"	1	some(7)	"< Primordial, Ljava/lang/Class, forName(Ljava/lang/String;)Ljava/lang/Class; >"	[1]
"< Application, Lorg/apache/log4j/xml/DOMConfigurator, parseLayout(Lorg/w3c/dom/Element;)Lorg/apache/log4j/Layout; >"	9	some(23)	"< Primordial, Ljava/lang/Class, forName(Ljava/lang/String;)Ljava/lang/Class; >"	[8]
"< Application, Lorg/apache/log4j/config/PropertyPrinter, printOptions(Ljava/io/PrintWriter;Lorg/apache/log4j/Category;)V >"	47	some(74)	"< Application, Lorg/apache/log4j/Category, getRoot()Lorg/apache/log4j/Category; >"	[]
"< Application, Lorg/apache/log4j/helpers/OptionConverter, toFileSize(Ljava/lang/String;J)J >"	35	none	"< Application, Lorg/apache/log4j/helpers/LogLog, error(Ljava/lang/String;Ljava/lang/Throwable;)V >"	[61, 37]
"< Application, Lorg/apache/log4j/ConsoleAppender, getOptionStrings()[Ljava/lang/String; >"	3	some(10)	"< Application, Lorg/apache/log4j/helpers/OptionConverter, concatanateArrays([Ljava/lang/String;[Ljava/lang/String;)[Ljava/lang/String; >"	[4, 6]
"< Application, Lorg/apache/log4j/helpers/OptionConverter, toFileSize(Ljava/lang/String;J)J >"	17	some(34)	"< Primordial, Ljava/lang/Long, valueOf(Ljava/lang/String;)Ljava/lang/Long; >"	[30]
"< Application, Lorg/apache/log4j/FileAppender, closeFile()V >"	14	none	"< Application, Lorg/apache/log4j/helpers/LogLog, error(Ljava/lang/String;Ljava/lang/Throwable;)V >"	[19, 9]
"< Application, Lorg/apache/log4j/PropertyConfigurator, parseAppender(Ljava/util/Properties;Ljava/lang/String;)Lorg/apache/log4j/Appender; >"	45	some(44)	"< Application, Lorg/apache/log4j/PropertyConfigurator, class$(Ljava/lang/String;)Ljava/lang/Class; >"	[42]
"< Application, Lorg/apache/log4j/net/SimpleSocketServer, init(Ljava/lang/String;Ljava/lang/String;)V >"	0	some(5)	"< Primordial, Ljava/lang/Integer, parseInt(Ljava/lang/String;)I >"	[1]
"< Application, Lorg/apache/log4j/FileAppender, setOption(Ljava/lang/String;Ljava/lang/String;)V >"	25	some(16)	"< Application, Lorg/apache/log4j/helpers/OptionConverter, toBoolean(Ljava/lang/String;Z)Z >"	[3, 14]
"< Application, Lorg/apache/log4j/config/PropertyGetter, isHandledType(Ljava/lang/Class;)Z >"	2	some(9)	"< Application, Lorg/apache/log4j/config/PropertyGetter, class$(Ljava/lang/String;)Ljava/lang/Class; >"	[7]
"< Application, Lorg/apache/log4j/AsyncAppender, append(Lorg/apache/log4j/spi/LoggingEvent;)V >"	17	none	"< Application, Lorg/apache/log4j/helpers/LogLog, warn(Ljava/lang/String;)V >"	[23]
"< Application, Lorg/apache/log4j/BasicConfigurator, disableInfo()V >"	0	some(3)	"< Application, Lorg/apache/log4j/Category, getDefaultHierarchy()Lorg/apache/log4j/Hierarchy; >"	[]
"< Application, Lorg/apache/log4j/nt/NTEventLogAppender, getOptionStrings()[Ljava/lang/String; >"	3	some(10)	"< Application, Lorg/apache/log4j/helpers/OptionConverter, concatanateArrays([Ljava/lang/String;[Ljava/lang/String;)[Ljava/lang/String; >"	[4, 6]
"< Application, Lorg/apache/log4j/Category, <clinit>()V >"	33	none	"< Application, Lorg/apache/log4j/helpers/OptionConverter, selectAndConfigure(Ljava/net/URL;Lorg/apache/log4j/Hierarchy;)V >"	[31, 58]
"< Application, Lorg/apache/log4j/xml/DOMConfigurator, parseLayout(Lorg/w3c/dom/Element;)Lorg/apache/log4j/Layout; >"	31	none	"< Application, Lorg/apache/log4j/helpers/LogLog, error(Ljava/lang/String;Ljava/lang/Throwable;)V >"	[50, 49]
"< Application, Lweblech/spider/SpiderConfig, <init>(Ljava/util/Properties;)V >"	148	some(229)	"< Primordial, Ljava/lang/Integer, parseInt(Ljava/lang/String;)I >"	[227]
"< Application, Lorg/apache/log4j/helpers/SyslogWriter, <init>(Ljava/lang/String;)V >"	3	some(7)	"< Primordial, Ljava/net/InetAddress, getByName(Ljava/lang/String;)Ljava/net/InetAddress; >"	[2]
"< Application, Lorg/apache/log4j/FileAppender, activateOptions()V >"	27	none	"< Application, Lorg/apache/log4j/helpers/LogLog, warn(Ljava/lang/String;)V >"	[17]
"< Application, Lweblech/spider/DumbAuthenticator, <clinit>()V >"	3	none	"< Application, Lweblech/util/Log4j, init()V >"	[]
"< Application, Lorg/apache/log4j/config/PropertyPrinter, print(Ljava/io/PrintWriter;)V >"	0	some(5)	"< Application, Lorg/apache/log4j/Category, getRoot()Lorg/apache/log4j/Category; >"	[]
"< Application, Lorg/apache/log4j/helpers/OptionConverter, toInt(Ljava/lang/String;I)I >"	12	none	"< Application, Lorg/apache/log4j/helpers/LogLog, error(Ljava/lang/String;)V >"	[23]
"< Application, Lorg/apache/log4j/PropertyConfigurator, configureAndWatch(Ljava/lang/String;)V >"	0	none	"< Application, Lorg/apache/log4j/PropertyConfigurator, configureAndWatch(Ljava/lang/String;J)V >"	[1, 3]
"< Application, Lorg/apache/log4j/helpers/OptionConverter, substVars(Ljava/lang/String;Ljava/util/Properties;)Ljava/lang/String; >"	36	some(25)	"< Application, Lorg/apache/log4j/helpers/OptionConverter, getSystemProperty(Ljava/lang/String;Ljava/lang/String;)Ljava/lang/String; >"	[22, 23]
"< Application, Lorg/apache/log4j/spi/LoggingEvent, writePriority(Ljava/io/ObjectOutputStream;)V >"	7	some(16)	"< Application, Lorg/apache/log4j/spi/LoggingEvent, class$(Ljava/lang/String;)Ljava/lang/Class; >"	[14]
"< Application, Lorg/apache/log4j/helpers/OptionConverter, findAndSubst(Ljava/lang/String;Ljava/util/Properties;)Ljava/lang/String; >"	12	none	"< Application, Lorg/apache/log4j/helpers/LogLog, error(Ljava/lang/String;Ljava/lang/Throwable;)V >"	[21, 9]
"< Application, Lorg/apache/log4j/PropertyConfigurator, parseAppender(Ljava/util/Properties;Ljava/lang/String;)Lorg/apache/log4j/Appender; >"	79	none	"< Application, Lorg/apache/log4j/config/PropertySetter, setProperties(Ljava/lang/Object;Ljava/util/Properties;Ljava/lang/String;)V >"	[34, 2, 92]
"< Application, Lorg/apache/log4j/config/PropertySetter, class$(Ljava/lang/String;)Ljava/lang/Class; >"	0	some(4)	"< Primordial, Ljava/lang/Class, forName(Ljava/lang/String;)Ljava/lang/Class; >"	[1]
"< Application, Lweblech/spider/DumbAuthenticator, <clinit>()V >"	1	some(4)	"< Application, Lorg/apache/log4j/Category, getInstance(Ljava/lang/Class;)Lorg/apache/log4j/Category; >"	[2]
"< Application, Lorg/apache/log4j/xml/DOMConfigurator, parse(Lorg/w3c/dom/Element;Lorg/apache/log4j/Hierarchy;)V >"	5	none	"< Application, Lorg/apache/log4j/helpers/LogLog, warn(Ljava/lang/String;)V >"	[16]
"< Application, Lorg/apache/log4j/net/SocketServer, main([Ljava/lang/String;)V >"	7	none	"< Application, Lorg/apache/log4j/net/SocketServer, usage(Ljava/lang/String;)V >"	[5]
"< Application, Lorg/apache/log4j/PropertyConfigurator, parseAppender(Ljava/util/Properties;Ljava/lang/String;)Lorg/apache/log4j/Appender; >"	36	none	"< Application, Lorg/apache/log4j/helpers/LogLog, error(Ljava/lang/String;)V >"	[118]
"< Application, Lorg/apache/log4j/spi/RootCategory, setPriority(Lorg/apache/log4j/Priority;)V >"	3	none	"< Application, Lorg/apache/log4j/helpers/LogLog, error(Ljava/lang/String;Ljava/lang/Throwable;)V >"	[5, 6]
"< Application, Lorg/apache/log4j/DailyRollingFileAppender, activateOptions()V >"	6	some(23)	"< Primordial, Ljava/lang/System, currentTimeMillis()J >"	[]
"< Application, Lorg/apache/log4j/config/PropertySetter, introspect()V >"	2	some(7)	"< Primordial, Ljava/beans/Introspector, getBeanInfo(Ljava/lang/Class;)Ljava/beans/BeanInfo; >"	[5]
"< Application, Lorg/apache/log4j/net/SimpleSocketServer, usage(Ljava/lang/String;)V >"	8	some(16)	"< Application, Lorg/apache/log4j/net/SimpleSocketServer, class$(Ljava/lang/String;)Ljava/lang/Class; >"	[14]
"< Application, Lorg/apache/log4j/WriterAppender, closeWriter()V >"	12	none	"< Application, Lorg/apache/log4j/helpers/LogLog, error(Ljava/lang/String;Ljava/lang/Throwable;)V >"	[17, 7]
"< Application, Lorg/apache/log4j/Category, class$(Ljava/lang/String;)Ljava/lang/Class; >"	0	some(4)	"< Primordial, Ljava/lang/Class, forName(Ljava/lang/String;)Ljava/lang/Class; >"	[1]
"< Application, Lorg/apache/log4j/net/SMTPAppender, setOption(Ljava/lang/String;Ljava/lang/String;)V >"	45	some(31)	"< Application, Lorg/apache/log4j/helpers/OptionConverter, toBoolean(Ljava/lang/String;Z)Z >"	[3, 29]
"< Application, Lorg/apache/log4j/varia/ExternallyRolledFileAppender, setOption(Ljava/lang/String;Ljava/lang/String;)V >"	4	some(12)	"< Application, Lorg/apache/log4j/helpers/OptionConverter, toInt(Ljava/lang/String;I)I >"	[3, 10]
"< Application, Lorg/apache/log4j/Category, getInstance(Ljava/lang/Class;)Lorg/apache/log4j/Category; >"	1	some(6)	"< Application, Lorg/apache/log4j/Category, getInstance(Ljava/lang/String;)Lorg/apache/log4j/Category; >"	[4]
"< Application, Lweblech/ui/TextSpider, main([Ljava/lang/String;)V >"	37	none	"< Primordial, Ljava/lang/System, exit(I)V >"	[7]
"< Application, Lorg/apache/log4j/varia/Roller, <clinit>()V >"	2	some(7)	"< Application, Lorg/apache/log4j/varia/Roller, class$(Ljava/lang/String;)Ljava/lang/Class; >"	[5]
"< Application, Lorg/apache/log4j/xml/DOMConfigurator, configure(Ljava/lang/String;)V >"	2	some(6)	"< Application, Lorg/apache/log4j/Category, getDefaultHierarchy()Lorg/apache/log4j/Hierarchy; >"	[]
"< Application, Lorg/apache/log4j/nt/NTEventLogAppender, activateOptions()V >"	8	none	"< Application, Lorg/apache/log4j/helpers/LogLog, error(Ljava/lang/String;Ljava/lang/Throwable;)V >"	[10, 9]
"< Application, Lorg/apache/log4j/xml/DOMConfigurator, parse(Lorg/w3c/dom/Element;Lorg/apache/log4j/Hierarchy;)V >"	26	none	"< Application, Lorg/apache/log4j/helpers/LogLog, debug(Ljava/lang/String;)V >"	[44]
"< Application, Lorg/apache/log4j/DailyRollingFileAppender, printPeriodicity(I)V >"	35	none	"< Application, Lorg/apache/log4j/helpers/LogLog, debug(Ljava/lang/String;)V >"	[56]
"< Application, Lorg/apache/log4j/PropertyConfigurator, parseAppender(Ljava/util/Properties;Ljava/lang/String;)Lorg/apache/log4j/Appender; >"	73	none	"< Application, Lorg/apache/log4j/helpers/LogLog, debug(Ljava/lang/String;)V >"	[83]
"< Application, Lorg/apache/log4j/xml/DOMConfigurator, parseCategory(Lorg/w3c/dom/Element;Lorg/apache/log4j/Hierarchy;)V >"	6	none	"< Application, Lorg/apache/log4j/helpers/LogLog, debug(Ljava/lang/String;)V >"	[58]
"< Application, Lorg/apache/log4j/net/JMSSink, main([Ljava/lang/String;)V >"	6	none	"< Application, Lorg/apache/log4j/PropertyConfigurator, configure(Ljava/lang/String;)V >"	[12]
"< Application, Lorg/apache/log4j/Category, <clinit>()V >"	17	some(26)	"< Application, Lorg/apache/log4j/Category, class$(Ljava/lang/String;)Ljava/lang/Class; >"	[24]
"< Application, Lorg/apache/log4j/net/SocketAppender, getAddressByName(Ljava/lang/String;)Ljava/net/InetAddress; >"	0	some(4)	"< Primordial, Ljava/net/InetAddress, getByName(Ljava/lang/String;)Ljava/net/InetAddress; >"	[1]
"< Application, Lorg/apache/log4j/PropertyConfigurator, parseCategory(Ljava/util/Properties;Lorg/apache/log4j/Category;Ljava/lang/String;Ljava/lang/String;Ljava/lang/String;)V >"	25	none	"< Application, Lorg/apache/log4j/helpers/LogLog, debug(Ljava/lang/String;)V >"	[49]
"< Application, Lweblech/spider/SpiderConfig, <init>(Ljava/util/Properties;)V >"	130	some(197)	"< Primordial, Ljava/lang/Boolean, valueOf(Ljava/lang/String;)Ljava/lang/Boolean; >"	[195]
"< Application, Lorg/apache/log4j/NDC, clear()V >"	1	some(4)	"< Primordial, Ljava/lang/Thread, currentThread()Ljava/lang/Thread; >"	[]
"< Application, Lweblech/spider/URLObject, <clinit>()V >"	1	some(4)	"< Application, Lorg/apache/log4j/Category, getInstance(Ljava/lang/Class;)Lorg/apache/log4j/Category; >"	[2]
"< Application, Lorg/apache/log4j/helpers/OptionConverter, toPriority(Ljava/lang/String;Lorg/apache/log4j/Priority;)Lorg/apache/log4j/Priority; >"	19	some(37)	"< Primordial, Ljava/lang/Class, forName(Ljava/lang/String;)Ljava/lang/Class; >"	[12]
"< Application, Lorg/apache/log4j/helpers/OptionConverter, selectAndConfigure(Ljava/net/URL;Lorg/apache/log4j/Hierarchy;)V >"	10	some(34)	"< Application, Lorg/apache/log4j/helpers/OptionConverter, class$(Ljava/lang/String;)Ljava/lang/Class; >"	[32]
"< Application, Lorg/apache/log4j/net/SocketAppender$Connector, run()V >"	4	none	"< Primordial, Ljava/lang/Thread, sleep(J)V >"	[7]
"< Application, Lorg/apache/log4j/PropertyConfigurator, parseAppender(Ljava/util/Properties;Ljava/lang/String;)Lorg/apache/log4j/Appender; >"	86	none	"< Application, Lorg/apache/log4j/helpers/LogLog, debug(Ljava/lang/String;)V >"	[105]
"< Application, Lorg/apache/log4j/net/SocketServer, init(Ljava/lang/String;Ljava/lang/String;Ljava/lang/String;)V >"	0	some(6)	"< Primordial, Ljava/lang/Integer, parseInt(Ljava/lang/String;)I >"	[1]
"< Application, Lorg/apache/log4j/net/SMTPAppender, setOption(Ljava/lang/String;Ljava/lang/String;)V >"	23	some(42)	"< Application, Lorg/apache/log4j/net/SMTPAppender, class$(Ljava/lang/String;)Ljava/lang/Class; >"	[40]
"< Application, Lweblech/util/Log4j, <clinit>()V >"	1	some(4)	"< Application, Lorg/apache/log4j/Category, getInstance(Ljava/lang/Class;)Lorg/apache/log4j/Category; >"	[2]
"< Application, Lorg/apache/log4j/net/SocketAppender$Connector, run()V >"	46	none	"< Application, Lorg/apache/log4j/helpers/LogLog, debug(Ljava/lang/String;)V >"	[55]
"< Application, Lorg/apache/log4j/helpers/OptionConverter, selectAndConfigure(Ljava/net/URL;Lorg/apache/log4j/Hierarchy;)V >"	15	some(37)	"< Application, Lorg/apache/log4j/helpers/OptionConverter, instantiateByClassName(Ljava/lang/String;Ljava/lang/Class;Ljava/lang/Object;)Ljava/lang/Object; >"	[5, 35, 6]
"< Application, Lorg/apache/log4j/net/SocketServer, init(Ljava/lang/String;Ljava/lang/String;Ljava/lang/String;)V >"	12	none	"< Application, Lorg/apache/log4j/PropertyConfigurator, configure(Ljava/lang/String;)V >"	[2]
"< Application, Lorg/apache/log4j/net/SocketServer, <clinit>()V >"	4	some(9)	"< Application, Lorg/apache/log4j/net/SocketServer, class$(Ljava/lang/String;)Ljava/lang/Class; >"	[7]
"< Application, Lorg/apache/log4j/Category, <clinit>()V >"	31	none	"< Application, Lorg/apache/log4j/helpers/LogLog, debug(Ljava/lang/String;)V >"	[56]
"< Application, Lorg/apache/log4j/PropertyConfigurator, doConfigure(Ljava/lang/String;Lorg/apache/log4j/Hierarchy;)V >"	21	none	"< Application, Lorg/apache/log4j/helpers/LogLog, error(Ljava/lang/String;)V >"	[35]
"< Application, Lorg/apache/log4j/PropertyConfigurator, configureCategoryFactory(Ljava/util/Properties;)V >"	8	none	"< Application, Lorg/apache/log4j/helpers/LogLog, debug(Ljava/lang/String;)V >"	[19]
"< Application, Lweblech/spider/Spider, run()V >"	25	none	"< Primordial, Ljava/lang/Thread, sleep(J)V >"	[31]
"< Application, Lorg/apache/log4j/helpers/OptionConverter, selectAndConfigure(Ljava/net/URL;Lorg/apache/log4j/Hierarchy;)V >"	24	none	"< Application, Lorg/apache/log4j/helpers/LogLog, error(Ljava/lang/String;)V >"	[52]
"< Application, Lorg/apache/log4j/varia/Roller, usage(Ljava/lang/String;)V >"	8	some(16)	"< Application, Lorg/apache/log4j/varia/Roller, class$(Ljava/lang/String;)Ljava/lang/Class; >"	[14]
"< Application, Lorg/apache/log4j/helpers/OptionConverter, toPriority(Ljava/lang/String;Lorg/apache/log4j/Priority;)Lorg/apache/log4j/Priority; >"	80	none	"< Application, Lorg/apache/log4j/helpers/LogLog, warn(Ljava/lang/String;Ljava/lang/Throwable;)V >"	[146, 135]
"< Application, Lorg/apache/log4j/varia/StringMatchFilter, setOption(Ljava/lang/String;Ljava/lang/String;)V >"	7	some(14)	"< Application, Lorg/apache/log4j/helpers/OptionConverter, toBoolean(Ljava/lang/String;Z)Z >"	[3, 12]
"< Application, Lorg/apache/log4j/net/SMTPAppender, class$(Ljava/lang/String;)Ljava/lang/Class; >"	0	some(4)	"< Primordial, Ljava/lang/Class, forName(Ljava/lang/String;)Ljava/lang/Class; >"	[1]
"< Application, Lorg/apache/log4j/xml/DOMConfigurator, doConfigure(Ljava/io/InputStream;Lorg/apache/log4j/Hierarchy;)V >"	20	none	"< Application, Lorg/apache/log4j/helpers/LogLog, debug(Ljava/lang/String;Ljava/lang/Throwable;)V >"	[41, 40]
"< Application, Lorg/apache/log4j/xml/DOMConfigurator, parseAppender(Lorg/w3c/dom/Element;)Lorg/apache/log4j/Appender; >"	62	none	"< Application, Lorg/apache/log4j/helpers/LogLog, debug(Ljava/lang/String;)V >"	[102]
"< Application, Lorg/apache/log4j/net/JMSSink, main([Ljava/lang/String;)V >"	7	some(15)	"< Application, Lorg/apache/log4j/Category, getDefaultHierarchy()Lorg/apache/log4j/Hierarchy; >"	[]
"< Application, Lorg/apache/log4j/net/SocketServer, usage(Ljava/lang/String;)V >"	18	none	"< Primordial, Ljava/lang/System, exit(I)V >"	[28]
"< Application, Lorg/apache/log4j/helpers/AbsoluteTimeDateFormat, <init>(Ljava/util/TimeZone;)V >"	1	some(6)	"< Primordial, Ljava/util/Calendar, getInstance(Ljava/util/TimeZone;)Ljava/util/Calendar; >"	[2]
"< Application, Lorg/apache/log4j/BasicConfigurator, configure()V >"	0	some(3)	"< Application, Lorg/apache/log4j/Category, getRoot()Lorg/apache/log4j/Category; >"	[]
"< Application, Lorg/apache/log4j/helpers/OnlyOnceErrorHandler, error(Ljava/lang/String;Ljava/lang/Exception;I)V >"	2	none	"< Application, Lorg/apache/log4j/helpers/LogLog, error(Ljava/lang/String;Ljava/lang/Throwable;)V >"	[2, 3]
"< Application, Lorg/apache/log4j/net/SocketAppender, setRemoteHost(Ljava/lang/String;)V >"	0	some(5)	"< Application, Lorg/apache/log4j/net/SocketAppender, getAddressByName(Ljava/lang/String;)Ljava/net/InetAddress; >"	[2]
"< Application, Lorg/apache/log4j/helpers/SyslogWriter, <init>(Ljava/lang/String;)V >"	13	none	"< Application, Lorg/apache/log4j/helpers/LogLog, error(Ljava/lang/String;Ljava/lang/Throwable;)V >"	[20, 8]
"< Application, Lorg/apache/log4j/net/SimpleSocketServer, main([Ljava/lang/String;)V >"	34	some(51)	"< Application, Lorg/apache/log4j/Category, getDefaultHierarchy()Lorg/apache/log4j/Hierarchy; >"	[]
"< Application, Lorg/apache/log4j/helpers/OptionConverter, concatanateArrays([Ljava/lang/String;[Ljava/lang/String;)[Ljava/lang/String; >"	8	none	"< Primordial, Ljava/lang/System, arraycopy(Ljava/lang/Object;ILjava/lang/Object;II)V >"	[2, 8, 7, 11, 12]
"< Application, Lorg/apache/log4j/varia/PriorityRangeFilter, setOption(Ljava/lang/String;Ljava/lang/String;)V >"	7	some(20)	"< Application, Lorg/apache/log4j/helpers/OptionConverter, toPriority(Ljava/lang/String;Lorg/apache/log4j/Priority;)Lorg/apache/log4j/Priority; >"	[3, 18]
"< Application, Lorg/apache/log4j/helpers/OptionConverter, class$(Ljava/lang/String;)Ljava/lang/Class; >"	0	some(4)	"< Primordial, Ljava/lang/Class, forName(Ljava/lang/String;)Ljava/lang/Class; >"	[1]
"< Application, Lorg/apache/log4j/helpers/OptionConverter, findAndSubst(Ljava/lang/String;Ljava/util/Properties;)Ljava/lang/String; >"	3	some(8)	"< Application, Lorg/apache/log4j/helpers/OptionConverter, substVars(Ljava/lang/String;Ljava/util/Properties;)Ljava/lang/String; >"	[5, 2]
"< Application, Lorg/apache/log4j/helpers/LogLog, <clinit>()V >"	2	some(6)	"< Application, Lorg/apache/log4j/helpers/OptionConverter, getSystemProperty(Ljava/lang/String;Ljava/lang/String;)Ljava/lang/String; >"	[3, 4]
"< Application, Lorg/apache/log4j/helpers/OptionConverter, toPriority(Ljava/lang/String;Lorg/apache/log4j/Priority;)Lorg/apache/log4j/Priority; >"	100	none	"< Application, Lorg/apache/log4j/helpers/LogLog, warn(Ljava/lang/String;Ljava/lang/Throwable;)V >"	[104, 87]
"< Application, Lorg/apache/log4j/xml/DOMConfigurator, parseCategory(Lorg/w3c/dom/Element;Lorg/apache/log4j/Hierarchy;)V >"	15	none	"< Application, Lorg/apache/log4j/helpers/LogLog, debug(Ljava/lang/String;)V >"	[30]
"< Application, Lorg/apache/log4j/xml/DOMConfigurator, doConfigure(Ljava/io/InputStream;Lorg/apache/log4j/Hierarchy;)V >"	8	none	"< Application, Lorg/apache/log4j/helpers/LogLog, debug(Ljava/lang/String;)V >"	[21]
"< Application, Lorg/apache/log4j/helpers/LogLog, <clinit>()V >"	4	some(9)	"< Application, Lorg/apache/log4j/helpers/OptionConverter, getSystemProperty(Ljava/lang/String;Ljava/lang/String;)Ljava/lang/String; >"	[7, 4]
"< Application, Lweblech/spider/HTMLParser, <clinit>()V >"	1	some(4)	"< Application, Lorg/apache/log4j/Category, getInstance(Ljava/lang/Class;)Lorg/apache/log4j/Category; >"	[2]
"< Application, Lorg/apache/log4j/config/PropertyPrinter, foundProperty(Ljava/lang/Object;Ljava/lang/String;Ljava/lang/String;Ljava/lang/Object;)V >"	7	some(14)	"< Application, Lorg/apache/log4j/config/PropertyPrinter, capitalize(Ljava/lang/String;)Ljava/lang/String; >"	[4]
"< Application, Lorg/apache/log4j/net/SocketAppender, setOption(Ljava/lang/String;Ljava/lang/String;)V >"	12	some(28)	"< Application, Lorg/apache/log4j/helpers/OptionConverter, toInt(Ljava/lang/String;I)I >"	[3, 26]
"< Application, Lorg/apache/log4j/xml/DOMConfigurator, parse(Lorg/w3c/dom/Element;Lorg/apache/log4j/Hierarchy;)V >"	59	none	"< Application, Lorg/apache/log4j/helpers/LogLog, debug(Ljava/lang/String;)V >"	[103]
"< Application, Lorg/apache/log4j/DailyRollingFileAppender, printPeriodicity(I)V >"	53	none	"< Application, Lorg/apache/log4j/helpers/LogLog, debug(Ljava/lang/String;)V >"	[30]
"< Application, Lorg/apache/log4j/config/PropertySetter, setProperty(Ljava/lang/String;Ljava/lang/String;)V >"	16	none	"< Application, Lorg/apache/log4j/helpers/LogLog, warn(Ljava/lang/String;)V >"	[55]
"< Application, Lorg/apache/log4j/spi/LoggingEvent, class$(Ljava/lang/String;)Ljava/lang/Class; >"	0	some(4)	"< Primordial, Ljava/lang/Class, forName(Ljava/lang/String;)Ljava/lang/Class; >"	[1]
"< Application, Lorg/apache/log4j/spi/LoggingEvent, getThreadName()Ljava/lang/String; >"	2	some(6)	"< Primordial, Ljava/lang/Thread, currentThread()Ljava/lang/Thread; >"	[]
"< Application, Lorg/apache/log4j/spi/LoggingEvent, getNDC()Ljava/lang/String; >"	3	some(6)	"< Application, Lorg/apache/log4j/NDC, get()Ljava/lang/String; >"	[]
"< Application, Lorg/apache/log4j/xml/XMLWatchdog, doOnChange()V >"	3	some(7)	"< Application, Lorg/apache/log4j/Category, getDefaultHierarchy()Lorg/apache/log4j/Hierarchy; >"	[]
"< Application, Lorg/apache/log4j/net/SocketAppender, <init>(Ljava/lang/String;I)V >"	6	some(10)	"< Application, Lorg/apache/log4j/net/SocketAppender, getAddressByName(Ljava/lang/String;)Ljava/net/InetAddress; >"	[2]
"< Application, Lorg/apache/log4j/Priority, toPriority(I)Lorg/apache/log4j/Priority; >"	1	some(5)	"< Application, Lorg/apache/log4j/Priority, toPriority(ILorg/apache/log4j/Priority;)Lorg/apache/log4j/Priority; >"	[1, 3]
"< Application, Lorg/apache/log4j/config/PropertyGetter, <init>(Ljava/lang/Object;)V >"	2	some(8)	"< Primordial, Ljava/beans/Introspector, getBeanInfo(Ljava/lang/Class;)Ljava/beans/BeanInfo; >"	[6]
"< Application, Lorg/apache/log4j/PropertyConfigurator, parseAppender(Ljava/util/Properties;Ljava/lang/String;)Lorg/apache/log4j/Appender; >"	8	none	"< Application, Lorg/apache/log4j/helpers/LogLog, debug(Ljava/lang/String;)V >"	[131]
"< Application, Lorg/apache/log4j/config/PropertySetter, setProperty(Ljava/lang/String;Ljava/lang/String;)V >"	2	some(7)	"< Primordial, Ljava/beans/Introspector, decapitalize(Ljava/lang/String;)Ljava/lang/String; >"	[2]
"< Application, Lorg/apache/log4j/helpers/PatternParser, extractPrecisionOption()I >"	10	none	"< Application, Lorg/apache/log4j/helpers/LogLog, error(Ljava/lang/String;)V >"	[20]
"< Application, Lorg/apache/log4j/varia/Roller, init(Ljava/lang/String;Ljava/lang/String;)V >"	1	some(5)	"< Primordial, Ljava/lang/Integer, parseInt(Ljava/lang/String;)I >"	[2]
"< Application, Lorg/apache/log4j/BasicConfigurator, disableDebug()V >"	0	some(3)	"< Application, Lorg/apache/log4j/Category, getDefaultHierarchy()Lorg/apache/log4j/Hierarchy; >"	[]
"< Application, Lorg/apache/log4j/varia/PriorityMatchFilter, setOption(Ljava/lang/String;Ljava/lang/String;)V >"	2	some(17)	"< Application, Lorg/apache/log4j/Priority, toPriority(Ljava/lang/String;Lorg/apache/log4j/Priority;)Lorg/apache/log4j/Priority; >"	[3, 15]
"< Application, Lorg/apache/log4j/Priority, toPriority(Ljava/lang/String;)Lorg/apache/log4j/Priority; >"	1	some(5)	"< Application, Lorg/apache/log4j/Priority, toPriority(Ljava/lang/String;Lorg/apache/log4j/Priority;)Lorg/apache/log4j/Priority; >"	[1, 3]
"< Application, Lorg/apache/log4j/xml/DOMConfigurator, configure(Ljava/net/URL;)V >"	2	some(6)	"< Application, Lorg/apache/log4j/Category, getDefaultHierarchy()Lorg/apache/log4j/Hierarchy; >"	[]
"< Application, Lorg/apache/log4j/DailyRollingFileAppender, printPeriodicity(I)V >"	17	none	"< Application, Lorg/apache/log4j/helpers/LogLog, debug(Ljava/lang/String;)V >"	[82]
"< Application, Lorg/apache/log4j/net/JMSSink, main([Ljava/lang/String;)V >"	2	none	"< Application, Lorg/apache/log4j/net/JMSSink, usage(Ljava/lang/String;)V >"	[5]
"< Application, Lorg/apache/log4j/net/JMSSink, usage(Ljava/lang/String;)V >"	8	some(16)	"< Application, Lorg/apache/log4j/net/JMSSink, class$(Ljava/lang/String;)Ljava/lang/Class; >"	[14]
"< Application, Lorg/apache/log4j/PropertyConfigurator, doConfigure(Ljava/util/Properties;Lorg/apache/log4j/Hierarchy;)V >"	4	none	"< Application, Lorg/apache/log4j/helpers/LogLog, warn(Ljava/lang/String;)V >"	[12]
"< Application, Lorg/apache/log4j/PropertyConfigurator, parseAdditivityForCategory(Ljava/util/Properties;Lorg/apache/log4j/Category;Ljava/lang/String;)V >"	18	some(42)	"< Application, Lorg/apache/log4j/helpers/OptionConverter, toBoolean(Ljava/lang/String;Z)Z >"	[16, 40]
"< Application, Lorg/apache/log4j/RollingFileAppender, rollOver()V >"	62	none	"< Application, Lorg/apache/log4j/helpers/LogLog, debug(Ljava/lang/String;)V >"	[95]
"< Application, Lweblech/util/Logger, <clinit>()V >"	0	some(4)	"< Application, Lorg/apache/log4j/Category, getInstance(Ljava/lang/String;)Lorg/apache/log4j/Category; >"	[2]
"< Application, Lorg/apache/log4j/varia/HUPNode, run()V >"	2	none	"< Application, Lorg/apache/log4j/helpers/LogLog, debug(Ljava/lang/String;)V >"	[6]
"< Application, Lorg/apache/log4j/NDC, cloneStack()Ljava/util/Stack; >"	1	some(4)	"< Primordial, Ljava/lang/Thread, currentThread()Ljava/lang/Thread; >"	[]
"< Application, Lorg/apache/log4j/RollingFileAppender, rollOver()V >"	8	none	"< Application, Lorg/apache/log4j/helpers/LogLog, debug(Ljava/lang/String;)V >"	[15]
"< Application, Lorg/apache/log4j/ConsoleAppender, targetWarn(Ljava/lang/String;)V >"	7	none	"< Application, Lorg/apache/log4j/helpers/LogLog, warn(Ljava/lang/String;)V >"	[17]
"< Application, Lorg/apache/log4j/net/SocketServer, usage(Ljava/lang/String;)V >"	8	some(16)	"< Application, Lorg/apache/log4j/net/SocketServer, class$(Ljava/lang/String;)Ljava/lang/Class; >"	[14]
"< Application, Lorg/apache/log4j/xml/DOMConfigurator, doConfigure(Ljava/lang/String;Lorg/apache/log4j/Hierarchy;)V >"	54	none	"< Application, Lorg/apache/log4j/helpers/LogLog, error(Ljava/lang/String;Ljava/lang/Throwable;)V >"	[50, 40]
"< Application, Lorg/apache/log4j/xml/DOMConfigurator, doConfigure(Ljava/io/InputStream;Lorg/apache/log4j/Hierarchy;)V >"	36	none	"< Application, Lorg/apache/log4j/helpers/LogLog, error(Ljava/lang/String;)V >"	[85]
"< Application, Lorg/apache/log4j/net/SMTPAppender, setEvaluatorClass(Ljava/lang/String;)V >"	8	some(13)	"< Application, Lorg/apache/log4j/helpers/OptionConverter, instantiateByClassName(Ljava/lang/String;Ljava/lang/Class;Ljava/lang/Object;)Ljava/lang/Object; >"	[2, 10, 11]
"< Application, Lorg/apache/log4j/helpers/DateTimeDateFormat, <init>(Ljava/util/TimeZone;)V >"	1	some(6)	"< Primordial, Ljava/util/Calendar, getInstance(Ljava/util/TimeZone;)Ljava/util/Calendar; >"	[2]
"< Application, Lorg/apache/log4j/helpers/OptionConverter, getSystemProperty(Ljava/lang/String;Ljava/lang/String;)Ljava/lang/String; >"	9	none	"< Application, Lorg/apache/log4j/helpers/LogLog, debug(Ljava/lang/String;)V >"	[18]
"< Application, Lorg/apache/log4j/xml/DOMConfigurator, parseAppender(Lorg/w3c/dom/Element;)Lorg/apache/log4j/Appender; >"	8	none	"< Application, Lorg/apache/log4j/helpers/LogLog, debug(Ljava/lang/String;)V >"	[20]
"< Application, Lorg/apache/log4j/config/PropertySetter, setProperty(Ljava/beans/PropertyDescriptor;Ljava/lang/String;Ljava/lang/String;)V >"	45	none	"< Application, Lorg/apache/log4j/helpers/LogLog, debug(Ljava/lang/String;)V >"	[51]
"< Application, Lweblech/ui/TextSpider, main([Ljava/lang/String;)V >"	48	none	"< Primordial, Ljava/lang/System, exit(I)V >"	[7]
"< Application, Lorg/apache/log4j/AsyncAppender, append(Lorg/apache/log4j/spi/LoggingEvent;)V >"	15	none	"< Application, Lorg/apache/log4j/helpers/LogLog, warn(Ljava/lang/String;Ljava/lang/Throwable;)V >"	[21, 18]
"< Application, Lorg/apache/log4j/config/PropertySetter, convertArg(Ljava/lang/String;Ljava/lang/Class;)Ljava/lang/Object; >"	38	some(30)	"< Application, Lorg/apache/log4j/config/PropertySetter, class$(Ljava/lang/String;)Ljava/lang/Class; >"	[28]
"< Application, Lweblech/spider/URLGetter, <init>(Lweblech/spider/SpiderConfig;)V >"	9	none	"< Primordial, Ljava/net/Authenticator, setDefault(Ljava/net/Authenticator;)V >"	[9]
"< Application, Lorg/apache/log4j/helpers/BoundedFIFO, resize(I)V >"	12	none	"< Primordial, Ljava/lang/System, arraycopy(Ljava/lang/Object;ILjava/lang/Object;II)V >"	[14, 15, 5, 16, 13]
"< Application, Lorg/apache/log4j/helpers/OptionConverter, toPriority(Ljava/lang/String;Lorg/apache/log4j/Priority;)Lorg/apache/log4j/Priority; >"	61	none	"< Application, Lorg/apache/log4j/helpers/LogLog, warn(Ljava/lang/String;Ljava/lang/Throwable;)V >"	[82, 69]
"< Application, Lorg/apache/log4j/helpers/FileWatchdog, run()V >"	1	some(6)	"< Primordial, Ljava/lang/Thread, currentThread()Ljava/lang/Thread; >"	[]
"< Application, Lorg/apache/log4j/net/JMSAppender, lookup(Ljavax/naming/Context;Ljava/lang/String;)Ljava/lang/Object; >"	9	none	"< Application, Lorg/apache/log4j/helpers/LogLog, error(Ljava/lang/String;)V >"	[19]
"< Application, Lorg/apache/log4j/xml/DOMConfigurator, parse(Lorg/w3c/dom/Element;Lorg/apache/log4j/Hierarchy;)V >"	33	none	"< Application, Lorg/apache/log4j/helpers/LogLog, warn(Ljava/lang/String;)V >"	[59]
"< Application, Lorg/apache/log4j/helpers/Loader, getResource(Ljava/lang/String;Ljava/lang/Class;)Ljava/net/URL; >"	17	none	"< Application, Lorg/apache/log4j/helpers/LogLog, warn(Ljava/lang/String;Ljava/lang/Throwable;)V >"	[28, 27]
"< Application, Lorg/apache/log4j/helpers/OptionConverter, toPriority(Ljava/lang/String;Lorg/apache/log4j/Priority;)Lorg/apache/log4j/Priority; >"	71	none	"< Application, Lorg/apache/log4j/helpers/LogLog, warn(Ljava/lang/String;Ljava/lang/Throwable;)V >"	[132, 119]
"< Application, Lorg/apache/log4j/net/SimpleSocketServer, main([Ljava/lang/String;)V >"	6	none	"< Application, Lorg/apache/log4j/net/SimpleSocketServer, usage(Ljava/lang/String;)V >"	[5]
"< Application, Lorg/apache/log4j/Hierarchy, overrideAsNeeded(Ljava/lang/String;)V >"	7	none	"< Application, Lorg/apache/log4j/helpers/LogLog, debug(Ljava/lang/String;)V >"	[16]
"< Application, Lweblech/spider/URLObject, convertToFileName()Ljava/lang/String; >"	24	some(45)	"< Primordial, Ljava/net/URLEncoder, encode(Ljava/lang/String;)Ljava/lang/String; >"	[43]
"< Application, Lorg/apache/log4j/xml/DOMConfigurator, doConfigure(Ljava/io/InputStream;Lorg/apache/log4j/Hierarchy;)V >"	59	none	"< Application, Lorg/apache/log4j/helpers/LogLog, error(Ljava/lang/String;Ljava/lang/Throwable;)V >"	[103, 92]
"< Application, Lorg/apache/log4j/AsyncAppender, setOption(Ljava/lang/String;Ljava/lang/String;)V >"	6	some(21)	"< Application, Lorg/apache/log4j/helpers/OptionConverter, toBoolean(Ljava/lang/String;Z)Z >"	[3, 19]
"< Application, Lorg/apache/log4j/net/SocketNode, <clinit>()V >"	8	some(12)	"< Application, Lorg/apache/log4j/Category, getInstance(Ljava/lang/String;)Lorg/apache/log4j/Category; >"	[10]
"< Application, Lweblech/spider/URLGetter, getURL(Lweblech/spider/URLToDownload;)Lweblech/spider/URLObject; >"	55	some(90)	"< Primordial, Ljava/lang/System, currentTimeMillis()J >"	[]
"< Application, Lorg/apache/log4j/RollingFileAppenderBeanInfo, <init>()V >"	51	none	"< Application, Lorg/apache/log4j/helpers/LogLog, error(Ljava/lang/String;Ljava/lang/Throwable;)V >"	[50, 49]
"< Application, Lorg/apache/log4j/helpers/DateLayout, activateOptions()V >"	8	some(11)	"< Primordial, Ljava/util/TimeZone, getTimeZone(Ljava/lang/String;)Ljava/util/TimeZone; >"	[9]
"< Application, Lorg/apache/log4j/xml/DOMConfigurator, parseFilters(Lorg/w3c/dom/Element;Lorg/apache/log4j/Appender;)V >"	4	some(15)	"< Application, Lorg/apache/log4j/xml/DOMConfigurator, class$(Ljava/lang/String;)Ljava/lang/Class; >"	[13]
"< Application, Lweblech/spider/SpiderConfig, <init>(Ljava/util/Properties;)V >"	156	some(241)	"< Primordial, Ljava/lang/Long, parseLong(Ljava/lang/String;)J >"	[239]
"< Application, Lorg/apache/log4j/xml/DOMConfigurator, parseLayout(Lorg/w3c/dom/Element;)Lorg/apache/log4j/Layout; >"	8	none	"< Application, Lorg/apache/log4j/helpers/LogLog, debug(Ljava/lang/String;)V >"	[20]
"< Application, Lweblech/spider/URLGetter, getURL(Lweblech/spider/URLToDownload;)Lweblech/spider/URLObject; >"	12	none	"< Primordial, Ljava/lang/Thread, sleep(J)V >"	[23]
"< Application, Lorg/apache/log4j/helpers/OptionConverter, toPriority(Ljava/lang/String;Lorg/apache/log4j/Priority;)Lorg/apache/log4j/Priority; >"	4	some(156)	"< Application, Lorg/apache/log4j/Priority, toPriority(Ljava/lang/String;Lorg/apache/log4j/Priority;)Lorg/apache/log4j/Priority; >"	[1, 2]
"< Application, Lorg/apache/log4j/xml/DOMConfigurator, parsePriority(Lorg/w3c/dom/Element;Lorg/apache/log4j/Category;Z)V >"	35	some(59)	"< Primordial, Ljava/lang/Class, forName(Ljava/lang/String;)Ljava/lang/Class; >"	[41]
"< Application, Lorg/apache/log4j/net/SyslogAppender, setOption(Ljava/lang/String;Ljava/lang/String;)V >"	10	some(20)	"< Application, Lorg/apache/log4j/helpers/OptionConverter, toBoolean(Ljava/lang/String;Z)Z >"	[3, 18]
"< Application, Lorg/apache/log4j/net/SocketServer, main([Ljava/lang/String;)V >"	5	none	"< Application, Lorg/apache/log4j/net/SocketServer, init(Ljava/lang/String;Ljava/lang/String;Ljava/lang/String;)V >"	[8, 10, 12]
"< Application, Lorg/apache/log4j/BasicConfigurator, class$(Ljava/lang/String;)Ljava/lang/Class; >"	0	some(4)	"< Primordial, Ljava/lang/Class, forName(Ljava/lang/String;)Ljava/lang/Class; >"	[1]
"< Application, Lorg/apache/log4j/xml/DOMConfigurator, doConfigure(Ljava/lang/String;Lorg/apache/log4j/Hierarchy;)V >"	42	none	"< Application, Lorg/apache/log4j/helpers/LogLog, error(Ljava/lang/String;Ljava/lang/Throwable;)V >"	[34, 23]
"< Application, Lorg/apache/log4j/RollingFileAppenderBeanInfo, <init>()V >"	48	none	"< Application, Lorg/apache/log4j/helpers/LogLog, error(Ljava/lang/String;Ljava/lang/Throwable;)V >"	[53, 52]
"< Application, Lorg/apache/log4j/varia/PriorityRangeFilter, setOption(Ljava/lang/String;Ljava/lang/String;)V >"	2	some(22)	"< Application, Lorg/apache/log4j/helpers/OptionConverter, toPriority(Ljava/lang/String;Lorg/apache/log4j/Priority;)Lorg/apache/log4j/Priority; >"	[3, 18]
"< Application, Lorg/apache/log4j/RollingFileAppender, rollOver()V >"	100	none	"< Application, Lorg/apache/log4j/helpers/LogLog, error(Ljava/lang/String;Ljava/lang/Throwable;)V >"	[150, 137]
"< Application, Lorg/apache/log4j/RollingFileAppender, getOptionStrings()[Ljava/lang/String; >"	4	some(12)	"< Application, Lorg/apache/log4j/helpers/OptionConverter, concatanateArrays([Ljava/lang/String;[Ljava/lang/String;)[Ljava/lang/String; >"	[4, 6]
"< Application, Lorg/apache/log4j/net/JMSSink, class$(Ljava/lang/String;)Ljava/lang/Class; >"	0	some(4)	"< Primordial, Ljava/lang/Class, forName(Ljava/lang/String;)Ljava/lang/Class; >"	[1]
"< Application, Lorg/apache/log4j/net/SocketServer, genericHierarchy()Lorg/apache/log4j/Hierarchy; >"	34	some(36)	"< Application, Lorg/apache/log4j/Category, getDefaultHierarchy()Lorg/apache/log4j/Hierarchy; >"	[]
"< Application, Lorg/apache/log4j/xml/XMLLayout, setOption(Ljava/lang/String;Ljava/lang/String;)V >"	5	some(12)	"< Application, Lorg/apache/log4j/helpers/OptionConverter, toBoolean(Ljava/lang/String;Z)Z >"	[3, 10]
"< Application, Lorg/apache/log4j/xml/DOMConfigurator, parse(Lorg/w3c/dom/Element;Lorg/apache/log4j/Hierarchy;)V >"	34	none	"< Application, Lorg/apache/log4j/helpers/LogLog, warn(Ljava/lang/String;)V >"	[61]
"< Application, Lweblech/ui/TextSpider, main([Ljava/lang/String;)V >"	16	none	"< Primordial, Ljava/lang/System, exit(I)V >"	[11]
"< Application, Lorg/apache/log4j/NDC, remove()V >"	3	none	"< Application, Lorg/apache/log4j/NDC, lazyRemove()V >"	[]
"< Application, Lorg/apache/log4j/RollingFileAppenderBeanInfo, <init>()V >"	3	some(9)	"< Application, Lorg/apache/log4j/RollingFileAppenderBeanInfo, class$(Ljava/lang/String;)Ljava/lang/Class; >"	[7]
"< Application, Lorg/apache/log4j/varia/Roller, usage(Ljava/lang/String;)V >"	18	none	"< Primordial, Ljava/lang/System, exit(I)V >"	[28]
"< Application, Lorg/apache/log4j/varia/PriorityMatchFilter, setPriorityToMatch(Ljava/lang/String;)V >"	0	some(6)	"< Application, Lorg/apache/log4j/Priority, toPriority(Ljava/lang/String;Lorg/apache/log4j/Priority;)Lorg/apache/log4j/Priority; >"	[2, 4]
"< Application, Lorg/apache/log4j/DailyRollingFileAppender, subAppend(Lorg/apache/log4j/spi/LoggingEvent;)V >"	13	none	"< Application, Lorg/apache/log4j/helpers/LogLog, error(Ljava/lang/String;Ljava/lang/Throwable;)V >"	[17, 16]
"< Application, Lorg/apache/log4j/TTCCLayout, getOptionStrings()[Ljava/lang/String; >"	5	some(14)	"< Application, Lorg/apache/log4j/helpers/OptionConverter, concatanateArrays([Ljava/lang/String;[Ljava/lang/String;)[Ljava/lang/String; >"	[4, 6]
"< Application, Lorg/apache/log4j/RollingFileAppender, setOption(Ljava/lang/String;Ljava/lang/String;)V >"	11	some(15)	"< Application, Lorg/apache/log4j/helpers/OptionConverter, toInt(Ljava/lang/String;I)I >"	[3, 13]
"< Application, Lorg/apache/log4j/Hierarchy, disable(Ljava/lang/String;)V >"	13	none	"< Application, Lorg/apache/log4j/helpers/LogLog, warn(Ljava/lang/String;)V >"	[20]
"< Application, Lorg/apache/log4j/varia/Roller, main([Ljava/lang/String;)V >"	7	none	"< Application, Lorg/apache/log4j/varia/Roller, usage(Ljava/lang/String;)V >"	[6]
"< Application, Lorg/apache/log4j/helpers/OptionConverter, toPriority(Ljava/lang/String;Lorg/apache/log4j/Priority;)Lorg/apache/log4j/Priority; >"	23	some(58)	"< Application, Lorg/apache/log4j/helpers/OptionConverter, class$(Ljava/lang/String;)Ljava/lang/Class; >"	[56]
"< Application, Lorg/apache/log4j/CategoryKey, equals(Ljava/lang/Object;)Z >"	5	some(9)	"< Application, Lorg/apache/log4j/CategoryKey, class$(Ljava/lang/String;)Ljava/lang/Class; >"	[7]
"< Application, Lorg/apache/log4j/PropertyConfigurator, parseCategory(Ljava/util/Properties;Lorg/apache/log4j/Category;Ljava/lang/String;Ljava/lang/String;Ljava/lang/String;)V >"	33	some(59)	"< Application, Lorg/apache/log4j/helpers/OptionConverter, toPriority(Ljava/lang/String;Lorg/apache/log4j/Priority;)Lorg/apache/log4j/Priority; >"	[38, 57]
"< Application, Lorg/apache/log4j/xml/DOMConfigurator, findAppenderByReference(Lorg/w3c/dom/Element;)Lorg/apache/log4j/Appender; >"	30	none	"< Application, Lorg/apache/log4j/helpers/LogLog, error(Ljava/lang/String;)V >"	[54]
"< Application, Lorg/apache/log4j/Category, <clinit>()V >"	10	some(18)	"< Application, Lorg/apache/log4j/helpers/OptionConverter, getSystemProperty(Ljava/lang/String;Ljava/lang/String;)Ljava/lang/String; >"	[15, 16]
"< Application, Lorg/apache/log4j/config/PropertySetter, convertArg(Ljava/lang/String;Ljava/lang/Class;)Ljava/lang/Object; >"	46	some(36)	"< Application, Lorg/apache/log4j/helpers/OptionConverter, toPriority(Ljava/lang/String;Lorg/apache/log4j/Priority;)Lorg/apache/log4j/Priority; >"	[7, 34]
"< Application, Lorg/apache/log4j/helpers/PatternParser$BasicPatternConverter, convert(Lorg/apache/log4j/spi/LoggingEvent;)Ljava/lang/String; >"	3	some(17)	"< Application, Lorg/apache/log4j/spi/LoggingEvent, getStartTime()J >"	[]
"< Application, Lorg/apache/log4j/helpers/SyslogWriter, <init>(Ljava/lang/String;)V >"	26	none	"< Application, Lorg/apache/log4j/helpers/LogLog, error(Ljava/lang/String;Ljava/lang/Throwable;)V >"	[37, 25]
"< Application, Lorg/apache/log4j/TTCCLayout, setOption(Ljava/lang/String;Ljava/lang/String;)V >"	16	some(18)	"< Application, Lorg/apache/log4j/helpers/OptionConverter, toBoolean(Ljava/lang/String;Z)Z >"	[3, 16]
"< Application, Lorg/apache/log4j/helpers/PatternParser, extractPrecisionOption()I >"	21	none	"< Application, Lorg/apache/log4j/helpers/LogLog, error(Ljava/lang/String;Ljava/lang/Throwable;)V >"	[35, 22]
"< Application, Lorg/apache/log4j/DailyRollingFileAppender, <init>(Lorg/apache/log4j/Layout;Ljava/lang/String;Ljava/lang/String;)V >"	2	some(10)	"< Primordial, Ljava/lang/System, currentTimeMillis()J >"	[]
"< Application, Lorg/apache/log4j/net/SocketAppender, setOption(Ljava/lang/String;Ljava/lang/String;)V >"	18	some(25)	"< Application, Lorg/apache/log4j/helpers/OptionConverter, toBoolean(Ljava/lang/String;Z)Z >"	[3, 23]
"< Application, Lorg/apache/log4j/BasicConfigurator, addRenderer(Lorg/apache/log4j/Hierarchy;Ljava/lang/String;Ljava/lang/String;)V >"	38	none	"< Application, Lorg/apache/log4j/helpers/LogLog, error(Ljava/lang/String;Ljava/lang/Throwable;)V >"	[47, 36]
"< Application, Lorg/apache/log4j/varia/Roller, class$(Ljava/lang/String;)Ljava/lang/Class; >"	0	some(4)	"< Primordial, Ljava/lang/Class, forName(Ljava/lang/String;)Ljava/lang/Class; >"	[1]
"< Application, Lorg/apache/log4j/helpers/PatternParser, parse()Lorg/apache/log4j/helpers/PatternConverter; >"	104	none	"< Application, Lorg/apache/log4j/helpers/LogLog, error(Ljava/lang/String;)V >"	[99]
"< Application, Lorg/apache/log4j/BasicConfigurator, addRenderer(Lorg/apache/log4j/Hierarchy;Ljava/lang/String;Ljava/lang/String;)V >"	11	some(29)	"< Application, Lorg/apache/log4j/BasicConfigurator, class$(Ljava/lang/String;)Ljava/lang/Class; >"	[27]
"< Application, Lorg/apache/log4j/Category, <clinit>()V >"	44	some(64)	"< Application, Lorg/apache/log4j/Category, class$(Ljava/lang/String;)Ljava/lang/Class; >"	[24]
"< Application, Lorg/apache/log4j/net/SMTPAppender, getOptionStrings()[Ljava/lang/String; >"	9	some(22)	"< Application, Lorg/apache/log4j/helpers/OptionConverter, concatanateArrays([Ljava/lang/String;[Ljava/lang/String;)[Ljava/lang/String; >"	[4, 6]
"< Application, Lorg/apache/log4j/net/SocketAppender, connect(Ljava/net/InetAddress;I)V >"	19	none	"< Application, Lorg/apache/log4j/helpers/LogLog, error(Ljava/lang/String;Ljava/lang/Throwable;)V >"	[28, 14]
"< Application, Lorg/apache/log4j/AsyncAppender, setOption(Ljava/lang/String;Ljava/lang/String;)V >"	11	some(16)	"< Application, Lorg/apache/log4j/helpers/OptionConverter, toInt(Ljava/lang/String;I)I >"	[3, 14]
"< Application, Lorg/apache/log4j/Category, callAppenders(Lorg/apache/log4j/spi/LoggingEvent;)V >"	32	none	"< Application, Lorg/apache/log4j/helpers/LogLog, error(Ljava/lang/String;)V >"	[34]
"< Application, Lorg/apache/log4j/helpers/PatternParser, finalizeConverter(C)V >"	122	none	"< Application, Lorg/apache/log4j/helpers/LogLog, error(Ljava/lang/String;)V >"	[22]
"< Application, Lorg/apache/log4j/TTCCLayout, setOption(Ljava/lang/String;Ljava/lang/String;)V >"	4	some(24)	"< Application, Lorg/apache/log4j/helpers/OptionConverter, toBoolean(Ljava/lang/String;Z)Z >"	[3, 22]
"< Application, Lweblech/spider/URLObject, <clinit>()V >"	3	none	"< Application, Lweblech/util/Log4j, init()V >"	[]
"< Application, Lorg/apache/log4j/net/SimpleSocketServer, init(Ljava/lang/String;Ljava/lang/String;)V >"	12	none	"< Application, Lorg/apache/log4j/PropertyConfigurator, configure(Ljava/lang/String;)V >"	[2]
"< Application, Lorg/apache/log4j/helpers/OptionConverter, getSystemProperty(Ljava/lang/String;Ljava/lang/String;)Ljava/lang/String; >"	0	some(5)	"< Primordial, Ljava/lang/System, getProperty(Ljava/lang/String;Ljava/lang/String;)Ljava/lang/String; >"	[1, 2]
"< Application, Lorg/apache/log4j/PropertyConfigurator, doConfigure(Ljava/util/Properties;Lorg/apache/log4j/Hierarchy;)V >"	8	none	"< Application, Lorg/apache/log4j/helpers/LogLog, setInternalDebugging(Z)V >"	[17]
"< Application, Lorg/apache/log4j/HTMLLayout, format(Lorg/apache/log4j/spi/LoggingEvent;)Ljava/lang/String; >"	23	some(37)	"< Application, Lorg/apache/log4j/spi/LoggingEvent, getStartTime()J >"	[]
"< Application, Lorg/apache/log4j/BasicConfigurator, addRenderer(Lorg/apache/log4j/Hierarchy;Ljava/lang/String;Ljava/lang/String;)V >"	27	some(35)	"< Primordial, Ljava/lang/Class, forName(Ljava/lang/String;)Ljava/lang/Class; >"	[3]
"< Application, Lorg/apache/log4j/PropertyConfigurator, configureCategoryFactory(Ljava/util/Properties;)V >"	17	some(29)	"< Application, Lorg/apache/log4j/helpers/OptionConverter, instantiateByClassName(Ljava/lang/String;Ljava/lang/Class;Ljava/lang/Object;)Ljava/lang/Object; >"	[6, 26, 27]
"< Application, Lorg/apache/log4j/PropertyConfigurator, parseAdditivityForCategory(Ljava/util/Properties;Lorg/apache/log4j/Category;Ljava/lang/String;)V >"	14	none	"< Application, Lorg/apache/log4j/helpers/LogLog, debug(Ljava/lang/String;)V >"	[33]
"< Application, Lorg/apache/log4j/xml/DOMConfigurator, parseCategory(Lorg/w3c/dom/Element;Lorg/apache/log4j/Hierarchy;)V >"	31	none	"< Application, Lorg/apache/log4j/helpers/LogLog, error(Ljava/lang/String;Ljava/lang/Throwable;)V >"	[56, 44]
"< Application, Lorg/apache/log4j/helpers/LogLog, <clinit>()V >"	7	some(13)	"< Application, Lorg/apache/log4j/helpers/OptionConverter, toBoolean(Ljava/lang/String;Z)Z >"	[10, 11]
"< Application, Lorg/apache/log4j/DailyRollingFileAppender, activateOptions()V >"	34	none	"< Application, Lorg/apache/log4j/helpers/LogLog, error(Ljava/lang/String;)V >"	[19]
"< Application, Lorg/apache/log4j/spi/LoggingEvent, readPriority(Ljava/io/ObjectInputStream;)V >"	4	some(33)	"< Application, Lorg/apache/log4j/Priority, toPriority(I)Lorg/apache/log4j/Priority; >"	[5]
"< Application, Lorg/apache/log4j/config/PropertyPrinter, printOptions(Ljava/io/PrintWriter;Ljava/lang/Object;Ljava/lang/String;)V >"	14	none	"< Application, Lorg/apache/log4j/config/PropertyGetter, getProperties(Ljava/lang/Object;Lorg/apache/log4j/config/PropertyGetter$PropertyCallback;Ljava/lang/String;)V >"	[3, 1, 30]
"< Application, Lorg/apache/log4j/net/SimpleSocketServer, init(Ljava/lang/String;Ljava/lang/String;)V >"	11	none	"< Application, Lorg/apache/log4j/net/SimpleSocketServer, usage(Ljava/lang/String;)V >"	[19]
"< Application, Lorg/apache/log4j/helpers/PatternParser$BasicPatternConverter, convert(Lorg/apache/log4j/spi/LoggingEvent;)Ljava/lang/String; >"	5	some(20)	"< Primordial, Ljava/lang/Long, toString(J)Ljava/lang/String; >"	[18]
"< Application, Lorg/apache/log4j/helpers/OptionConverter, toPriority(Ljava/lang/String;Lorg/apache/log4j/Priority;)Lorg/apache/log4j/Priority; >"	51	none	"< Application, Lorg/apache/log4j/helpers/LogLog, warn(Ljava/lang/String;)V >"	[50]
"< Application, Lweblech/util/Logger, <clinit>()V >"	2	some(7)	"< Primordial, Ljava/lang/Class, forName(Ljava/lang/String;)Ljava/lang/Class; >"	[5]
"< Application, Lorg/apache/log4j/net/JMSAppender, close()V >"	10	none	"< Application, Lorg/apache/log4j/helpers/LogLog, debug(Ljava/lang/String;)V >"	[17]
"< Application, Lorg/apache/log4j/helpers/PatternParser, finalizeConverter(C)V >"	45	some(116)	"< Application, Lorg/apache/log4j/helpers/PatternParser, class$(Ljava/lang/String;)Ljava/lang/Class; >"	[114]
"< Application, Lorg/apache/log4j/xml/DOMConfigurator, subst(Ljava/lang/String;)Ljava/lang/String; >"	4	none	"< Application, Lorg/apache/log4j/helpers/LogLog, warn(Ljava/lang/String;Ljava/lang/Throwable;)V >"	[8, 7]
"< Application, Lorg/apache/log4j/net/SocketServer, class$(Ljava/lang/String;)Ljava/lang/Class; >"	0	some(4)	"< Primordial, Ljava/lang/Class, forName(Ljava/lang/String;)Ljava/lang/Class; >"	[1]
"< Application, Lorg/apache/log4j/xml/DOMConfigurator, parse(Lorg/w3c/dom/Element;Lorg/apache/log4j/Hierarchy;)V >"	6	none	"< Application, Lorg/apache/log4j/helpers/LogLog, warn(Ljava/lang/String;)V >"	[18]
"< Application, Lorg/apache/log4j/spi/LoggingEvent, readPriority(Ljava/io/ObjectInputStream;)V >"	11	some(15)	"< Primordial, Ljava/lang/Class, forName(Ljava/lang/String;)Ljava/lang/Class; >"	[8]
"< Application, Lorg/apache/log4j/Dispatcher, run()V >"	14	none	"< Application, Lorg/apache/log4j/helpers/LogLog, error(Ljava/lang/String;)V >"	[27]
"< Application, Lorg/apache/log4j/net/SocketAppender$Connector, run()V >"	34	none	"< Application, Lorg/apache/log4j/helpers/LogLog, debug(Ljava/lang/String;)V >"	[79]
"< Application, Lorg/apache/log4j/net/SyslogAppender, getFacility()Ljava/lang/String; >"	1	some(5)	"< Application, Lorg/apache/log4j/net/SyslogAppender, getFacilityString(I)Ljava/lang/String; >"	[3]
"< Application, Lorg/apache/log4j/helpers/OptionConverter, toInt(Ljava/lang/String;I)I >"	2	some(8)	"< Primordial, Ljava/lang/Integer, valueOf(Ljava/lang/String;)Ljava/lang/Integer; >"	[6]
"< Application, Lorg/apache/log4j/xml/DOMConfigurator, parseAppender(Lorg/w3c/dom/Element;)Lorg/apache/log4j/Appender; >"	82	none	"< Application, Lorg/apache/log4j/helpers/LogLog, error(Ljava/lang/String;Ljava/lang/Throwable;)V >"	[130, 129]
"< Application, Lorg/apache/log4j/Category, <clinit>()V >"	41	none	"< Application, Lorg/apache/log4j/helpers/LogLog, debug(Ljava/lang/String;)V >"	[43]
"< Application, Lorg/apache/log4j/PropertyConfigurator, parseAppender(Ljava/util/Properties;Ljava/lang/String;)Lorg/apache/log4j/Appender; >"	60	none	"< Application, Lorg/apache/log4j/helpers/LogLog, debug(Ljava/lang/String;)V >"	[61]
"< Application, Lorg/apache/log4j/net/SimpleSocketServer, main([Ljava/lang/String;)V >"	4	none	"< Application, Lorg/apache/log4j/net/SimpleSocketServer, init(Ljava/lang/String;Ljava/lang/String;)V >"	[8, 10]
"< Application, Lorg/apache/log4j/helpers/OptionConverter, selectAndConfigure(Ljava/net/URL;Lorg/apache/log4j/Hierarchy;)V >"	34	none	"< Application, Lorg/apache/log4j/helpers/LogLog, warn(Ljava/lang/String;Ljava/lang/Throwable;)V >"	[18, 17]
"< Application, Lorg/apache/log4j/net/SMTPAppender, activateOptions()V >"	0	some(4)	"< Primordial, Ljava/lang/System, getProperties()Ljava/util/Properties; >"	[]
"< Application, Lorg/apache/log4j/varia/HUPNode, run()V >"	23	none	"< Application, Lorg/apache/log4j/helpers/LogLog, error(Ljava/lang/String;Ljava/lang/Throwable;)V >"	[25, 24]
"< Application, Lorg/apache/log4j/helpers/PatternParser, finalizeConverter(C)V >"	42	none	"< Application, Lorg/apache/log4j/helpers/LogLog, error(Ljava/lang/String;Ljava/lang/Throwable;)V >"	[109, 100]
"< Application, Lorg/apache/log4j/helpers/DateLayout, setDateFormat(Ljava/lang/String;)V >"	3	some(7)	"< Primordial, Ljava/util/TimeZone, getDefault()Ljava/util/TimeZone; >"	[]
"< Application, Lorg/apache/log4j/RollingFileAppenderBeanInfo, <init>()V >"	45	none	"< Primordial, Ljava/beans/Introspector, flushFromCaches(Ljava/lang/Class;)V >"	[47]
"< Application, Lorg/apache/log4j/net/SocketAppender$Connector, run()V >"	59	none	"< Application, Lorg/apache/log4j/helpers/LogLog, debug(Ljava/lang/String;)V >"	[75]
"< Application, Lweblech/spider/SpiderConfig, <init>(Ljava/util/Properties;)V >"	84	some(122)	"< Primordial, Ljava/lang/Boolean, valueOf(Ljava/lang/String;)Ljava/lang/Boolean; >"	[120]
"< Application, Lorg/apache/log4j/net/SocketAppender, fireConnector()V >"	2	none	"< Application, Lorg/apache/log4j/helpers/LogLog, debug(Ljava/lang/String;)V >"	[5]
"< Application, Lweblech/spider/Spider, checkpointIfNeeded()V >"	14	some(19)	"< Primordial, Ljava/lang/System, currentTimeMillis()J >"	[]
"< Application, Lorg/apache/log4j/helpers/AbsoluteTimeDateFormat, <init>()V >"	1	some(5)	"< Primordial, Ljava/util/Calendar, getInstance()Ljava/util/Calendar; >"	[]
"< Application, Lorg/apache/log4j/net/SocketAppender, cleanUp()V >"	6	none	"< Application, Lorg/apache/log4j/helpers/LogLog, error(Ljava/lang/String;Ljava/lang/Throwable;)V >"	[8, 7]
"< Application, Lorg/apache/log4j/NDC, lazyRemove()V >"	45	none	"< Application, Lorg/apache/log4j/helpers/LogLog, debug(Ljava/lang/String;)V >"	[50]
"< Application, Lorg/apache/log4j/DailyRollingFileAppender, rollOver()V >"	37	none	"< Application, Lorg/apache/log4j/helpers/LogLog, debug(Ljava/lang/String;)V >"	[47]
"< Application, Lorg/apache/log4j/net/SMTPAppender, setEvaluatorClass(Ljava/lang/String;)V >"	2	some(9)	"< Application, Lorg/apache/log4j/net/SMTPAppender, class$(Ljava/lang/String;)Ljava/lang/Class; >"	[7]
"< Application, Lorg/apache/log4j/NDC, getDepth()I >"	1	some(4)	"< Primordial, Ljava/lang/Thread, currentThread()Ljava/lang/Thread; >"	[]
"< Application, Lorg/apache/log4j/spi/LocationInfo, <clinit>()V >"	8	some(10)	"< Primordial, Ljava/lang/Class, forName(Ljava/lang/String;)Ljava/lang/Class; >"	[8]
"< Application, Lorg/apache/log4j/BasicConfigurator, <clinit>()V >"	0	some(5)	"< Application, Lorg/apache/log4j/helpers/OptionConverter, getSystemProperty(Ljava/lang/String;Ljava/lang/String;)Ljava/lang/String; >"	[2, 3]
"< Application, Lorg/apache/log4j/config/PropertyPrinter, capitalize(Ljava/lang/String;)Ljava/lang/String; >"	11	some(20)	"< Primordial, Ljava/lang/Character, toUpperCase(C)C >"	[18]
"< Application, Lorg/apache/log4j/helpers/OptionConverter, toFileSize(Ljava/lang/String;J)J >"	28	none	"< Application, Lorg/apache/log4j/helpers/LogLog, error(Ljava/lang/String;)V >"	[49]
"< Application, Lorg/apache/log4j/helpers/FormattingInfo, dump()V >"	12	none	"< Application, Lorg/apache/log4j/helpers/LogLog, debug(Ljava/lang/String;)V >"	[24]
"< Application, Lorg/apache/log4j/net/SimpleSocketServer, <clinit>()V >"	8	some(12)	"< Application, Lorg/apache/log4j/Category, getInstance(Ljava/lang/String;)Lorg/apache/log4j/Category; >"	[10]
"< Application, Lorg/apache/log4j/xml/DOMConfigurator, configureAndWatch(Ljava/lang/String;)V >"	0	none	"< Application, Lorg/apache/log4j/xml/DOMConfigurator, configureAndWatch(Ljava/lang/String;J)V >"	[1, 3]
"< Application, Lorg/apache/log4j/config/PropertyGetter, getProperties(Lorg/apache/log4j/config/PropertyGetter$PropertyCallback;Ljava/lang/String;)V >"	26	none	"< Application, Lorg/apache/log4j/helpers/LogLog, warn(Ljava/lang/String;)V >"	[36]
"< Application, Lorg/apache/log4j/FileAppender, getOptionStrings()[Ljava/lang/String; >"	4	some(12)	"< Application, Lorg/apache/log4j/helpers/OptionConverter, concatanateArrays([Ljava/lang/String;[Ljava/lang/String;)[Ljava/lang/String; >"	[4, 6]
"< Application, Lorg/apache/log4j/config/PropertySetter, setProperty(Ljava/lang/String;Ljava/lang/String;)V >"	31	none	"< Application, Lorg/apache/log4j/helpers/LogLog, warn(Ljava/lang/String;)V >"	[32]
"< Application, Lorg/apache/log4j/PropertyConfigurator, parseAdditivityForCategory(Ljava/util/Properties;Lorg/apache/log4j/Category;Ljava/lang/String;)V >"	26	none	"< Application, Lorg/apache/log4j/helpers/LogLog, debug(Ljava/lang/String;)V >"	[56]
"< Application, Lorg/apache/log4j/PropertyConfigurator, configureCategoryFactory(Ljava/util/Properties;)V >"	0	some(6)	"< Application, Lorg/apache/log4j/helpers/OptionConverter, findAndSubst(Ljava/lang/String;Ljava/util/Properties;)Ljava/lang/String; >"	[4, 2]
"< Application, Lorg/apache/log4j/NDC, peek()Ljava/lang/String; >"	0	some(3)	"< Primordial, Ljava/lang/Thread, currentThread()Ljava/lang/Thread; >"	[]
"< Application, Lorg/apache/log4j/WriterAppender, setErrorHandler(Lorg/apache/log4j/spi/ErrorHandler;)V >"	1	none	"< Application, Lorg/apache/log4j/helpers/LogLog, warn(Ljava/lang/String;)V >"	[8]
"< Application, Lorg/apache/log4j/net/SocketAppender$Connector, run()V >"	27	some(37)	"< Application, Lorg/apache/log4j/net/SocketAppender, access$002(Lorg/apache/log4j/net/SocketAppender;Lorg/apache/log4j/net/SocketAppender$Connector;)Lorg/apache/log4j/net/SocketAppender$Connector; >"	[34, 35]
"< Application, Lorg/apache/log4j/net/SocketAppender, setOption(Ljava/lang/String;Ljava/lang/String;)V >"	24	some(22)	"< Application, Lorg/apache/log4j/helpers/OptionConverter, toInt(Ljava/lang/String;I)I >"	[3, 20]
"< Application, Lorg/apache/log4j/RollingFileAppenderBeanInfo, <init>()V >"	40	some(46)	"< Application, Lorg/apache/log4j/RollingFileAppenderBeanInfo, class$(Ljava/lang/String;)Ljava/lang/Class; >"	[7]
"< Application, Lorg/apache/log4j/xml/DOMConfigurator, parsePriority(Lorg/w3c/dom/Element;Lorg/apache/log4j/Category;Z)V >"	60	none	"< Application, Lorg/apache/log4j/helpers/LogLog, debug(Ljava/lang/String;)V >"	[103]
"< Application, Lorg/apache/log4j/config/PropertyPrinter, capitalize(Ljava/lang/String;)Ljava/lang/String; >"	6	some(14)	"< Primordial, Ljava/lang/Character, isLowerCase(C)Z >"	[12]
"< Application, Lorg/apache/log4j/varia/Roller, main([Ljava/lang/String;)V >"	0	none	"< Application, Lorg/apache/log4j/BasicConfigurator, configure()V >"	[]
"< Application, Lorg/apache/log4j/xml/DOMConfigurator, parse(Lorg/w3c/dom/Element;Lorg/apache/log4j/Hierarchy;)V >"	35	some(64)	"< Application, Lorg/apache/log4j/helpers/OptionConverter, toBoolean(Ljava/lang/String;Z)Z >"	[54, 46]
"< Application, Lweblech/spider/Spider, checkpointIfNeeded()V >"	22	some(28)	"< Primordial, Ljava/lang/System, currentTimeMillis()J >"	[]
"< Application, Lorg/apache/log4j/PropertyConfigurator, parseCatsAndRenderers(Ljava/util/Properties;Lorg/apache/log4j/Hierarchy;)V >"	8	some(24)	"< Application, Lorg/apache/log4j/helpers/OptionConverter, findAndSubst(Ljava/lang/String;Ljava/util/Properties;)Ljava/lang/String; >"	[12, 2]
"< Application, Lorg/apache/log4j/FileAppender, activateOptions()V >"	28	none	"< Application, Lorg/apache/log4j/helpers/LogLog, warn(Ljava/lang/String;)V >"	[19]
"< Application, Lorg/apache/log4j/config/PropertyGetter, class$(Ljava/lang/String;)Ljava/lang/Class; >"	0	some(4)	"< Primordial, Ljava/lang/Class, forName(Ljava/lang/String;)Ljava/lang/Class; >"	[1]
"< Application, Lorg/apache/log4j/PropertyConfigurator, doConfigure(Ljava/util/Properties;Lorg/apache/log4j/Hierarchy;)V >"	18	none	"< Application, Lorg/apache/log4j/helpers/LogLog, debug(Ljava/lang/String;)V >"	[30]
"< Application, Lorg/apache/log4j/helpers/PatternParser$DatePatternConverter, convert(Lorg/apache/log4j/spi/LoggingEvent;)Ljava/lang/String; >"	8	none	"< Application, Lorg/apache/log4j/helpers/LogLog, error(Ljava/lang/String;Ljava/lang/Throwable;)V >"	[13, 12]
"< Application, Lorg/apache/log4j/helpers/OptionConverter, concatanateArrays([Ljava/lang/String;[Ljava/lang/String;)[Ljava/lang/String; >"	5	none	"< Primordial, Ljava/lang/System, arraycopy(Ljava/lang/Object;ILjava/lang/Object;II)V >"	[1, 8, 7, 8, 9]
"< Application, Lweblech/util/Log4j, <clinit>()V >"	9	none	"< Application, Lorg/apache/log4j/BasicConfigurator, configure(Lorg/apache/log4j/Appender;)V >"	[8]
"< Application, Lorg/apache/log4j/helpers/OnlyOnceErrorHandler, error(Ljava/lang/String;)V >"	2	none	"< Application, Lorg/apache/log4j/helpers/LogLog, error(Ljava/lang/String;)V >"	[2]
"< Application, Lorg/apache/log4j/net/SocketNode, <clinit>()V >"	2	some(7)	"< Application, Lorg/apache/log4j/net/SocketNode, class$(Ljava/lang/String;)Ljava/lang/Class; >"	[5]
"< Application, Lorg/apache/log4j/Category, l7dlog(Lorg/apache/log4j/Priority;Ljava/lang/String;[Ljava/lang/Object;Ljava/lang/Throwable;)V >"	11	some(19)	"< Primordial, Ljava/text/MessageFormat, format(Ljava/lang/String;[Ljava/lang/Object;)Ljava/lang/String; >"	[16, 4]
"< Application, Lweblech/spider/SpiderConfig, <init>(Ljava/util/Properties;)V >"	92	some(137)	"< Primordial, Ljava/lang/Boolean, valueOf(Ljava/lang/String;)Ljava/lang/Boolean; >"	[135]
"< Application, Lorg/apache/log4j/AppenderSkeleton, setErrorHandler(Lorg/apache/log4j/spi/ErrorHandler;)V >"	1	none	"< Application, Lorg/apache/log4j/helpers/LogLog, warn(Ljava/lang/String;)V >"	[5]
"< Application, Lorg/apache/log4j/xml/DOMConfigurator, doConfigure(Ljava/lang/String;Lorg/apache/log4j/Hierarchy;)V >"	12	none	"< Application, Lorg/apache/log4j/helpers/LogLog, error(Ljava/lang/String;Ljava/lang/Throwable;)V >"	[20, 8]
"< Application, Lorg/apache/log4j/DailyRollingFileAppender, printPeriodicity(I)V >"	44	none	"< Application, Lorg/apache/log4j/helpers/LogLog, debug(Ljava/lang/String;)V >"	[43]
"< Application, Lorg/apache/log4j/BasicConfigurator, disableAll()V >"	0	some(3)	"< Application, Lorg/apache/log4j/Category, getDefaultHierarchy()Lorg/apache/log4j/Hierarchy; >"	[]
"< Application, Lweblech/ui/TextSpider, main([Ljava/lang/String;)V >"	76	none	"< Application, Lweblech/ui/TextSpider, pause(J)V >"	[89]
"< Application, Lorg/apache/log4j/PropertyConfigurator, parseCategory(Ljava/util/Properties;Lorg/apache/log4j/Category;Ljava/lang/String;Ljava/lang/String;Ljava/lang/String;)V >"	58	none	"< Application, Lorg/apache/log4j/helpers/LogLog, debug(Ljava/lang/String;)V >"	[100]
"< Application, Lorg/apache/log4j/varia/Roller, <clinit>()V >"	8	some(12)	"< Application, Lorg/apache/log4j/Category, getInstance(Ljava/lang/String;)Lorg/apache/log4j/Category; >"	[10]
"< Application, Lorg/apache/log4j/helpers/OptionConverter, instantiateByClassName(Ljava/lang/String;Ljava/lang/Class;Ljava/lang/Object;)Ljava/lang/Object; >"	13	none	"< Application, Lorg/apache/log4j/helpers/LogLog, error(Ljava/lang/String;)V >"	[31]
"< Application, Lorg/apache/log4j/xml/DOMConfigurator, parsePriority(Lorg/w3c/dom/Element;Lorg/apache/log4j/Category;Z)V >"	25	some(86)	"< Application, Lorg/apache/log4j/Priority, toPriority(Ljava/lang/String;)Lorg/apache/log4j/Priority; >"	[15]
"< Application, Lorg/apache/log4j/helpers/OptionConverter, instantiateByKey(Ljava/util/Properties;Ljava/lang/String;Ljava/lang/Class;Ljava/lang/Object;)Ljava/lang/Object; >"	0	some(7)	"< Application, Lorg/apache/log4j/helpers/OptionConverter, findAndSubst(Ljava/lang/String;Ljava/util/Properties;)Ljava/lang/String; >"	[2, 1]
"< Application, Lorg/apache/log4j/PropertyConfigurator, parseAdditivityForCategory(Ljava/util/Properties;Lorg/apache/log4j/Category;Ljava/lang/String;)V >"	5	some(16)	"< Application, Lorg/apache/log4j/helpers/OptionConverter, findAndSubst(Ljava/lang/String;Ljava/util/Properties;)Ljava/lang/String; >"	[14, 2]
"< Application, Lorg/apache/log4j/net/SimpleSocketServer, usage(Ljava/lang/String;)V >"	18	none	"< Primordial, Ljava/lang/System, exit(I)V >"	[28]
"< Application, Lorg/apache/log4j/CategoryKey, class$(Ljava/lang/String;)Ljava/lang/Class; >"	0	some(4)	"< Primordial, Ljava/lang/Class, forName(Ljava/lang/String;)Ljava/lang/Class; >"	[1]
"< Application, Lorg/apache/log4j/spi/LocationInfo, <clinit>()V >"	10	none	"< Application, Lorg/apache/log4j/helpers/LogLog, debug(Ljava/lang/String;)V >"	[12]
"< Application, Lorg/apache/log4j/xml/DOMConfigurator, doConfigure(Ljava/net/URL;Lorg/apache/log4j/Hierarchy;)V >"	10	none	"< Application, Lorg/apache/log4j/helpers/LogLog, error(Ljava/lang/String;Ljava/lang/Throwable;)V >"	[19, 7]
"< Application, Lorg/apache/log4j/Category, getAllAppenders()Ljava/util/Enumeration; >"	2	some(9)	"< Application, Lorg/apache/log4j/helpers/NullEnumeration, getInstance()Lorg/apache/log4j/helpers/NullEnumeration; >"	[]
"< Application, Lorg/apache/log4j/AppenderSkeleton, doAppend(Lorg/apache/log4j/spi/LoggingEvent;)V >"	9	none	"< Application, Lorg/apache/log4j/helpers/LogLog, error(Ljava/lang/String;)V >"	[18]
"< Application, Lorg/apache/log4j/ConsoleAppender, targetWarn(Ljava/lang/String;)V >"	6	none	"< Application, Lorg/apache/log4j/helpers/LogLog, warn(Ljava/lang/String;)V >"	[15]
"< Application, Lorg/apache/log4j/Category, <clinit>()V >"	22	some(29)	"< Application, Lorg/apache/log4j/helpers/Loader, getResource(Ljava/lang/String;Ljava/lang/Class;)Ljava/net/URL; >"	[18, 27]
"< Application, Lweblech/ui/TextSpider, main([Ljava/lang/String;)V >"	88	none	"< Primordial, Ljava/lang/System, exit(I)V >"	[7]
"< Application, Lorg/apache/log4j/xml/DOMConfigurator, parseChildrenOfCategoryElement(Lorg/w3c/dom/Element;Lorg/apache/log4j/Category;Z)V >"	27	none	"< Application, Lorg/apache/log4j/helpers/LogLog, debug(Ljava/lang/String;)V >"	[58]
"< Application, Lweblech/spider/HTMLParser, <clinit>()V >"	3	none	"< Application, Lweblech/util/Log4j, init()V >"	[]
"< Application, Lorg/apache/log4j/helpers/RelativeTimeDateFormat, <init>()V >"	1	some(5)	"< Primordial, Ljava/lang/System, currentTimeMillis()J >"	[]
"< Application, Lorg/apache/log4j/helpers/OptionConverter, instantiateByClassName(Ljava/lang/String;Ljava/lang/Class;Ljava/lang/Object;)Ljava/lang/Object; >"	24	none	"< Application, Lorg/apache/log4j/helpers/LogLog, error(Ljava/lang/String;Ljava/lang/Throwable;)V >"	[45, 33]
"< Application, Lorg/apache/log4j/xml/DOMConfigurator, doConfigure(Ljava/io/InputStream;Lorg/apache/log4j/Hierarchy;)V >"	7	some(20)	"< Primordial, Ljavax/xml/parsers/DocumentBuilderFactory, newInstance()Ljavax/xml/parsers/DocumentBuilderFactory; >"	[]
"< Application, Lweblech/spider/SpiderConfig, <init>(Ljava/util/Properties;)V >"	134	some(205)	"< Primordial, Ljava/lang/Integer, parseInt(Ljava/lang/String;)I >"	[203]
"< Application, Lorg/apache/log4j/spi/LoggingEvent, <init>(Ljava/lang/String;Lorg/apache/log4j/Category;Lorg/apache/log4j/Priority;Ljava/lang/Object;Ljava/lang/Throwable;)V >"	12	some(16)	"< Primordial, Ljava/lang/System, currentTimeMillis()J >"	[]
"< Application, Lorg/apache/log4j/PropertyConfigurator, parseAppender(Ljava/util/Properties;Ljava/lang/String;)Lorg/apache/log4j/Appender; >"	27	some(33)	"< Application, Lorg/apache/log4j/helpers/OptionConverter, instantiateByKey(Ljava/util/Properties;Ljava/lang/String;Ljava/lang/Class;Ljava/lang/Object;)Ljava/lang/Object; >"	[2, 16, 31, 7]
"< Application, Lorg/apache/log4j/RollingFileAppender, setOption(Ljava/lang/String;Ljava/lang/String;)V >"	5	some(20)	"< Application, Lorg/apache/log4j/helpers/OptionConverter, toFileSize(Ljava/lang/String;J)J >"	[3, 18]
"< Application, Lorg/apache/log4j/HTMLLayout, setOption(Ljava/lang/String;Ljava/lang/String;)V >"	5	some(15)	"< Application, Lorg/apache/log4j/helpers/OptionConverter, toBoolean(Ljava/lang/String;Z)Z >"	[3, 13]
"< Application, Lweblech/spider/URLGetter, <clinit>()V >"	3	none	"< Application, Lweblech/util/Log4j, init()V >"	[]
"< Application, Lorg/apache/log4j/xml/DOMConfigurator, subst(Ljava/lang/String;)Ljava/lang/String; >"	1	some(6)	"< Application, Lorg/apache/log4j/helpers/OptionConverter, substVars(Ljava/lang/String;Ljava/util/Properties;)Ljava/lang/String; >"	[2, 4]
"< Application, Lorg/apache/log4j/PropertyConfigurator, doConfigure(Ljava/net/URL;Lorg/apache/log4j/Hierarchy;)V >"	25	none	"< Application, Lorg/apache/log4j/helpers/LogLog, error(Ljava/lang/String;)V >"	[44]
"< Application, Lorg/apache/log4j/xml/DOMConfigurator, parse(Lorg/w3c/dom/Element;Lorg/apache/log4j/Hierarchy;)V >"	23	some(48)	"< Application, Lorg/apache/log4j/helpers/OptionConverter, toBoolean(Ljava/lang/String;Z)Z >"	[24, 46]
"< Application, Lorg/apache/log4j/net/SimpleSocketServer, <clinit>()V >"	2	some(7)	"< Application, Lorg/apache/log4j/net/SimpleSocketServer, class$(Ljava/lang/String;)Ljava/lang/Class; >"	[5]
"< Application, Lorg/apache/log4j/WriterAppender, setOption(Ljava/lang/String;Ljava/lang/String;)V >"	6	some(13)	"< Application, Lorg/apache/log4j/helpers/OptionConverter, toBoolean(Ljava/lang/String;Z)Z >"	[3, 11]
"< Application, Lorg/apache/log4j/net/SyslogAppender, setFacility(Ljava/lang/String;)V >"	2	some(6)	"< Application, Lorg/apache/log4j/net/SyslogAppender, getFacility(Ljava/lang/String;)I >"	[2]
"< Application, Lorg/apache/log4j/DailyRollingFileAppender, printPeriodicity(I)V >"	62	none	"< Application, Lorg/apache/log4j/helpers/LogLog, warn(Ljava/lang/String;)V >"	[16]
"< Application, Lorg/apache/log4j/helpers/FileWatchdog, run()V >"	3	none	"< Primordial, Ljava/lang/Thread, sleep(J)V >"	[7]
"< Application, Lorg/apache/log4j/config/PropertyPrinter, capitalize(Ljava/lang/String;)Ljava/lang/String; >"	1	some(7)	"< Primordial, Ljava/lang/Character, isLowerCase(C)Z >"	[5]
"< Application, Lorg/apache/log4j/net/JMSSink, main([Ljava/lang/String;)V >"	20	some(29)	"< Application, Lorg/apache/log4j/net/JMSSink, lookup(Ljavax/naming/Context;Ljava/lang/String;)Ljava/lang/Object; >"	[26, 8]
"< Application, Lorg/apache/log4j/net/SocketAppender, setOption(Ljava/lang/String;Ljava/lang/String;)V >"	5	some(30)	"< Application, Lorg/apache/log4j/net/SocketAppender, getAddressByName(Ljava/lang/String;)Ljava/net/InetAddress; >"	[3]
"< Application, Lorg/apache/log4j/helpers/OptionConverter, toPriority(Ljava/lang/String;Lorg/apache/log4j/Priority;)Lorg/apache/log4j/Priority; >"	31	some(64)	"< Application, Lorg/apache/log4j/helpers/OptionConverter, class$(Ljava/lang/String;)Ljava/lang/Class; >"	[62]
"< Application, Lorg/apache/log4j/BasicConfigurator, enableAll()V >"	0	some(3)	"< Application, Lorg/apache/log4j/Category, getDefaultHierarchy()Lorg/apache/log4j/Hierarchy; >"	[]
"< Application, Lorg/apache/log4j/AppenderSkeleton, finalize()V >"	10	none	"< Application, Lorg/apache/log4j/helpers/LogLog, debug(Ljava/lang/String;)V >"	[17]
"< Application, Lorg/apache/log4j/helpers/OptionConverter, instantiateByKey(Ljava/util/Properties;Ljava/lang/String;Ljava/lang/Class;Ljava/lang/Object;)Ljava/lang/Object; >"	7	none	"< Application, Lorg/apache/log4j/helpers/LogLog, error(Ljava/lang/String;)V >"	[21]
"< Application, Lorg/apache/log4j/PropertyConfigurator, parseAppender(Ljava/util/Properties;Ljava/lang/String;)Lorg/apache/log4j/Appender; >"	50	some(47)	"< Application, Lorg/apache/log4j/helpers/OptionConverter, instantiateByKey(Ljava/util/Properties;Ljava/lang/String;Ljava/lang/Class;Ljava/lang/Object;)Ljava/lang/Object; >"	[2, 25, 45, 7]
"< Application, Lorg/apache/log4j/BasicConfigurator, configure(Lorg/apache/log4j/Appender;)V >"	0	some(4)	"< Application, Lorg/apache/log4j/Category, getRoot()Lorg/apache/log4j/Category; >"	[]
"< Application, Lorg/apache/log4j/AppenderSkeleton, setOption(Ljava/lang/String;Ljava/lang/String;)V >"	2	some(10)	"< Application, Lorg/apache/log4j/Priority, toPriority(Ljava/lang/String;)Lorg/apache/log4j/Priority; >"	[3]
"< Application, Lorg/apache/log4j/NDC, get()Ljava/lang/String; >"	1	some(4)	"< Primordial, Ljava/lang/Thread, currentThread()Ljava/lang/Thread; >"	[]
"< Application, Lorg/apache/log4j/Hierarchy, setDisableOverride(Ljava/lang/String;)V >"	0	some(6)	"< Application, Lorg/apache/log4j/helpers/OptionConverter, toBoolean(Ljava/lang/String;Z)Z >"	[2, 4]
"< Application, Lorg/apache/log4j/Hierarchy, overrideAsNeeded(Ljava/lang/String;)V >"	8	some(20)	"< Application, Lorg/apache/log4j/helpers/OptionConverter, toBoolean(Ljava/lang/String;Z)Z >"	[2, 18]
"< Application, Lorg/apache/log4j/TTCCLayout, setOption(Ljava/lang/String;Ljava/lang/String;)V >"	10	some(21)	"< Application, Lorg/apache/log4j/helpers/OptionConverter, toBoolean(Ljava/lang/String;Z)Z >"	[3, 19]
"< Application, Lorg/apache/log4j/xml/DOMConfigurator, doConfigure(Ljava/io/InputStream;Lorg/apache/log4j/Hierarchy;)V >"	3	some(13)	"< Application, Lorg/apache/log4j/helpers/OptionConverter, getSystemProperty(Ljava/lang/String;Ljava/lang/String;)Ljava/lang/String; >"	[11, 5]
"< Application, Lorg/apache/log4j/xml/DOMConfigurator, parse(Lorg/w3c/dom/Element;Lorg/apache/log4j/Hierarchy;)V >"	45	none	"< Application, Lorg/apache/log4j/helpers/LogLog, debug(Ljava/lang/String;)V >"	[81]
"< Application, Lorg/apache/log4j/xml/DOMConfigurator, parseFilters(Lorg/w3c/dom/Element;Lorg/apache/log4j/Appender;)V >"	9	some(18)	"< Application, Lorg/apache/log4j/helpers/OptionConverter, instantiateByClassName(Ljava/lang/String;Ljava/lang/Class;Ljava/lang/Object;)Ljava/lang/Object; >"	[9, 16, 11]
"< Application, Lorg/apache/log4j/PropertyConfigurator, doConfigure(Ljava/net/URL;Lorg/apache/log4j/Hierarchy;)V >"	18	none	"< Application, Lorg/apache/log4j/helpers/LogLog, error(Ljava/lang/String;Ljava/lang/Throwable;)V >"	[32, 20]
"< Application, Lorg/apache/log4j/RollingFileAppenderBeanInfo, <init>()V >"	8	some(13)	"< Primordial, Ljava/beans/Introspector, getBeanInfo(Ljava/lang/Class;I)Ljava/beans/BeanInfo; >"	[10, 11]
"< Application, Lorg/apache/log4j/xml/DOMConfigurator, parseErrorHandler(Lorg/w3c/dom/Element;Lorg/apache/log4j/Appender;)V >"	4	some(15)	"< Application, Lorg/apache/log4j/xml/DOMConfigurator, class$(Ljava/lang/String;)Ljava/lang/Class; >"	[13]
"< Application, Lorg/apache/log4j/PropertyConfigurator, parseAppender(Ljava/util/Properties;Ljava/lang/String;)Lorg/apache/log4j/Appender; >"	22	some(30)	"< Application, Lorg/apache/log4j/PropertyConfigurator, class$(Ljava/lang/String;)Ljava/lang/Class; >"	[28]
"< Application, Lorg/apache/log4j/xml/DOMConfigurator, <clinit>()V >"	3	some(10)	"< Application, Lorg/apache/log4j/xml/DOMConfigurator, class$(Ljava/lang/String;)Ljava/lang/Class; >"	[8]
"< Application, Lorg/apache/log4j/PropertyConfigurator, doConfigure(Ljava/util/Properties;Lorg/apache/log4j/Hierarchy;)V >"	7	some(17)	"< Application, Lorg/apache/log4j/helpers/OptionConverter, toBoolean(Ljava/lang/String;Z)Z >"	[14, 15]
"< Application, Lorg/apache/log4j/spi/LoggingEvent, readPriority(Ljava/io/ObjectInputStream;)V >"	27	none	"< Application, Lorg/apache/log4j/helpers/LogLog, warn(Ljava/lang/String;Ljava/lang/Throwable;)V >"	[35, 34]
"< Application, Lorg/apache/log4j/helpers/FileWatchdog, checkAndConfigure()V >"	33	none	"< Application, Lorg/apache/log4j/helpers/LogLog, debug(Ljava/lang/String;)V >"	[36]
"< Application, Lorg/apache/log4j/varia/Roller, roll()V >"	25	none	"< Primordial, Ljava/lang/System, exit(I)V >"	[40]
"< Application, Lorg/apache/log4j/net/SyslogAppender, initSyslogFacilityStr()V >"	1	some(5)	"< Application, Lorg/apache/log4j/net/SyslogAppender, getFacilityString(I)Ljava/lang/String; >"	[3]
"< Application, Lorg/apache/log4j/RollingFileAppenderBeanInfo, <init>()V >"	22	some(33)	"< Application, Lorg/apache/log4j/RollingFileAppenderBeanInfo, class$(Ljava/lang/String;)Ljava/lang/Class; >"	[31]
"< Application, Lweblech/util/Log4j, <clinit>()V >"	12	none	"< Application, Lorg/apache/log4j/BasicConfigurator, configure(Lorg/apache/log4j/Appender;)V >"	[13]
"< Application, Lorg/apache/log4j/xml/DOMConfigurator, parse(Lorg/w3c/dom/Element;Lorg/apache/log4j/Hierarchy;)V >"	18	none	"< Application, Lorg/apache/log4j/helpers/LogLog, debug(Ljava/lang/String;)V >"	[36]
"< Application, Lorg/apache/log4j/DailyRollingFileAppender, <init>()V >"	2	some(6)	"< Primordial, Ljava/lang/System, currentTimeMillis()J >"	[]
"< Application, Lorg/apache/log4j/xml/DOMConfigurator, parsePriority(Lorg/w3c/dom/Element;Lorg/apache/log4j/Category;Z)V >"	13	none	"< Application, Lorg/apache/log4j/helpers/LogLog, debug(Ljava/lang/String;)V >"	[32]
"< Application, Lweblech/ui/TextSpider, <clinit>()V >"	1	some(4)	"< Application, Lorg/apache/log4j/Category, getInstance(Ljava/lang/Class;)Lorg/apache/log4j/Category; >"	[2]
"< Application, Lorg/apache/log4j/xml/DOMConfigurator, parseChildrenOfCategoryElement(Lorg/w3c/dom/Element;Lorg/apache/log4j/Category;Z)V >"	35	none	"< Application, Lorg/apache/log4j/helpers/LogLog, debug(Ljava/lang/String;)V >"	[71]
"< Application, Lweblech/ui/TextSpider, main([Ljava/lang/String;)V >"	6	none	"< Application, Lweblech/ui/TextSpider, usage()V >"	[]
"< Application, Lorg/apache/log4j/PropertyConfigurator, configureRootCategory(Ljava/util/Properties;Lorg/apache/log4j/Hierarchy;)V >"	0	some(7)	"< Application, Lorg/apache/log4j/helpers/OptionConverter, findAndSubst(Ljava/lang/String;Ljava/util/Properties;)Ljava/lang/String; >"	[5, 2]
"< Application, Lorg/apache/log4j/xml/DOMConfigurator, parse(Lorg/w3c/dom/Element;Lorg/apache/log4j/Hierarchy;)V >"	36	none	"< Application, Lorg/apache/log4j/helpers/LogLog, setInternalDebugging(Z)V >"	[64]
"< Application, Lorg/apache/log4j/helpers/FileWatchdog, checkAndConfigure()V >"	11	none	"< Application, Lorg/apache/log4j/helpers/LogLog, warn(Ljava/lang/String;)V >"	[19]
"< Application, Lorg/apache/log4j/Category, callAppenders(Lorg/apache/log4j/spi/LoggingEvent;)V >"	33	none	"< Application, Lorg/apache/log4j/helpers/LogLog, error(Ljava/lang/String;)V >"	[36]
"< Application, Lorg/apache/log4j/varia/ExternallyRolledFileAppender, setOption(Ljava/lang/String;Ljava/lang/String;)V >"	12	none	"< Application, Lorg/apache/log4j/helpers/LogLog, debug(Ljava/lang/String;)V >"	[22]
"< Application, Lorg/apache/log4j/PropertyConfigurator, parseAppender(Ljava/util/Properties;Ljava/lang/String;)Lorg/apache/log4j/Appender; >"	66	none	"< Application, Lorg/apache/log4j/config/PropertySetter, setProperties(Ljava/lang/Object;Ljava/util/Properties;Ljava/lang/String;)V >"	[48, 2, 71]
"< Application, Lorg/apache/log4j/config/PropertySetter, introspect()V >"	16	none	"< Application, Lorg/apache/log4j/helpers/LogLog, error(Ljava/lang/String;)V >"	[25]
"< Application, Lorg/apache/log4j/xml/DOMConfigurator, doConfigure(Ljava/lang/String;Lorg/apache/log4j/Hierarchy;)V >"	30	none	"< Application, Lorg/apache/log4j/helpers/LogLog, error(Ljava/lang/String;Ljava/lang/Throwable;)V >"	[63, 53]
"< Application, Lorg/apache/log4j/NDC, push(Ljava/lang/String;)V >"	0	some(4)	"< Primordial, Ljava/lang/Thread, currentThread()Ljava/lang/Thread; >"	[]
"< Application, Lorg/apache/log4j/net/SMTPAppender, setOption(Ljava/lang/String;Ljava/lang/String;)V >"	36	some(34)	"< Application, Lorg/apache/log4j/helpers/OptionConverter, toInt(Ljava/lang/String;I)I >"	[3, 32]
"< Application, Lorg/apache/log4j/varia/Roller, roll()V >"	40	none	"< Primordial, Ljava/lang/System, exit(I)V >"	[40]
"< Application, Lorg/apache/log4j/xml/DOMConfigurator, parseCategory(Lorg/w3c/dom/Element;Lorg/apache/log4j/Hierarchy;)V >"	37	some(69)	"< Application, Lorg/apache/log4j/helpers/OptionConverter, toBoolean(Ljava/lang/String;Z)Z >"	[67, 39]
"< Application, Lweblech/ui/TextSpider, main([Ljava/lang/String;)V >"	7	none	"< Primordial, Ljava/lang/System, exit(I)V >"	[11]
"< Application, Lorg/apache/log4j/Hierarchy, setDisableOverride(Ljava/lang/String;)V >"	2	none	"< Application, Lorg/apache/log4j/helpers/LogLog, debug(Ljava/lang/String;)V >"	[8]
"< Application, Lorg/apache/log4j/net/SocketServer, <clinit>()V >"	9	some(12)	"< Application, Lorg/apache/log4j/Category, getInstance(Ljava/lang/Class;)Lorg/apache/log4j/Category; >"	[10]
"< Application, Lorg/apache/log4j/varia/Roller, main([Ljava/lang/String;)V >"	5	none	"< Application, Lorg/apache/log4j/varia/Roller, init(Ljava/lang/String;Ljava/lang/String;)V >"	[9, 11]
"< Application, Lorg/apache/log4j/helpers/PatternParser, class$(Ljava/lang/String;)Ljava/lang/Class; >"	0	some(4)	"< Primordial, Ljava/lang/Class, forName(Ljava/lang/String;)Ljava/lang/Class; >"	[1]
"< Application, Lorg/apache/log4j/config/PropertySetter, convertArg(Ljava/lang/String;Ljava/lang/Class;)Ljava/lang/Object; >"	5	some(12)	"< Application, Lorg/apache/log4j/config/PropertySetter, class$(Ljava/lang/String;)Ljava/lang/Class; >"	[10]
"< Application, Lorg/apache/log4j/PropertyConfigurator, doConfigure(Ljava/net/URL;Lorg/apache/log4j/Hierarchy;)V >"	7	none	"< Application, Lorg/apache/log4j/helpers/LogLog, debug(Ljava/lang/String;)V >"	[15]
"< Application, Lorg/apache/log4j/DailyRollingFileAppender, subAppend(Lorg/apache/log4j/spi/LoggingEvent;)V >"	0	some(5)	"< Primordial, Ljava/lang/System, currentTimeMillis()J >"	[]
"< Application, Lorg/apache/log4j/net/JMSAppender, getOptionStrings()[Ljava/lang/String; >"	4	some(12)	"< Application, Lorg/apache/log4j/helpers/OptionConverter, concatanateArrays([Ljava/lang/String;[Ljava/lang/String;)[Ljava/lang/String; >"	[4, 6]
"< Application, Lorg/apache/log4j/varia/HUP, run()V >"	12	none	"< Application, Lorg/apache/log4j/helpers/LogLog, debug(Ljava/lang/String;)V >"	[21]
"< Application, Lorg/apache/log4j/RollingFileAppender, setMaxFileSize(Ljava/lang/String;)V >"	2	some(8)	"< Application, Lorg/apache/log4j/helpers/OptionConverter, toFileSize(Ljava/lang/String;J)J >"	[2, 6]
"< Application, Lorg/apache/log4j/config/PropertySetter, setProperties(Ljava/util/Properties;Ljava/lang/String;)V >"	11	some(23)	"< Application, Lorg/apache/log4j/helpers/OptionConverter, findAndSubst(Ljava/lang/String;Ljava/util/Properties;)Ljava/lang/String; >"	[14, 2]
"< Application, Lorg/apache/log4j/RollingFileAppender, rollOver()V >"	15	none	"< Application, Lorg/apache/log4j/helpers/LogLog, debug(Ljava/lang/String;)V >"	[26]
"< Application, Lorg/apache/log4j/net/SocketAppender, getAddressByName(Ljava/lang/String;)Ljava/net/InetAddress; >"	9	none	"< Application, Lorg/apache/log4j/helpers/LogLog, error(Ljava/lang/String;Ljava/lang/Throwable;)V >"	[17, 5]
"< Application, Lorg/apache/log4j/RollingFileAppenderBeanInfo, class$(Ljava/lang/String;)Ljava/lang/Class; >"	0	some(4)	"< Primordial, Ljava/lang/Class, forName(Ljava/lang/String;)Ljava/lang/Class; >"	[1]
"< Application, Lorg/apache/log4j/net/JMSSink, lookup(Ljavax/naming/Context;Ljava/lang/String;)Ljava/lang/Object; >"	9	none	"< Application, Lorg/apache/log4j/helpers/LogLog, error(Ljava/lang/String;)V >"	[18]
"< Application, Lorg/apache/log4j/xml/DOMConfigurator, parsePriority(Lorg/w3c/dom/Element;Lorg/apache/log4j/Category;Z)V >"	17	none	"< Application, Lorg/apache/log4j/helpers/LogLog, error(Ljava/lang/String;)V >"	[89]
"< Application, Lorg/apache/log4j/PropertyConfigurator, parseCategory(Ljava/util/Properties;Lorg/apache/log4j/Category;Ljava/lang/String;Ljava/lang/String;Ljava/lang/String;)V >"	43	none	"< Application, Lorg/apache/log4j/helpers/LogLog, debug(Ljava/lang/String;)V >"	[78]
"< Application, Lorg/apache/log4j/helpers/OptionConverter, instantiateByKey(Ljava/util/Properties;Ljava/lang/String;Ljava/lang/Class;Ljava/lang/Object;)Ljava/lang/Object; >"	10	some(12)	"< Application, Lorg/apache/log4j/helpers/OptionConverter, instantiateByClassName(Ljava/lang/String;Ljava/lang/Class;Ljava/lang/Object;)Ljava/lang/Object; >"	[10, 3, 4]
"< Application, Lorg/apache/log4j/varia/PriorityRangeFilter, setOption(Ljava/lang/String;Ljava/lang/String;)V >"	13	some(17)	"< Application, Lorg/apache/log4j/helpers/OptionConverter, toBoolean(Ljava/lang/String;Z)Z >"	[3, 15]
"< Application, Lorg/apache/log4j/varia/Roller, main([Ljava/lang/String;)V >"	8	none	"< Application, Lorg/apache/log4j/varia/Roller, roll()V >"	[]
"< Application, Lorg/apache/log4j/net/JMSSink, usage(Ljava/lang/String;)V >"	18	none	"< Primordial, Ljava/lang/System, exit(I)V >"	[28]
"< Application, Lorg/apache/log4j/config/PropertyGetter, getProperties(Ljava/lang/Object;Lorg/apache/log4j/config/PropertyGetter$PropertyCallback;Ljava/lang/String;)V >"	10	none	"< Application, Lorg/apache/log4j/helpers/LogLog, error(Ljava/lang/String;Ljava/lang/Throwable;)V >"	[16, 7]
"< Application, Lorg/apache/log4j/xml/DOMConfigurator, doConfigure(Ljava/io/InputStream;Lorg/apache/log4j/Hierarchy;)V >"	16	none	"< Application, Lorg/apache/log4j/helpers/LogLog, debug(Ljava/lang/String;)V >"	[35]
"< Application, Lorg/apache/log4j/DailyRollingFileAppender, getOptionStrings()[Ljava/lang/String; >"	3	some(10)	"< Application, Lorg/apache/log4j/helpers/OptionConverter, concatanateArrays([Ljava/lang/String;[Ljava/lang/String;)[Ljava/lang/String; >"	[4, 6]
"< Application, Lweblech/spider/SpiderConfig, <init>(Ljava/util/Properties;)V >"	88	some(130)	"< Primordial, Ljava/lang/Boolean, valueOf(Ljava/lang/String;)Ljava/lang/Boolean; >"	[128]
"< Application, Lweblech/ui/TextSpider, main([Ljava/lang/String;)V >"	15	none	"< Application, Lweblech/ui/TextSpider, usage()V >"	[]
"< Application, Lorg/apache/log4j/xml/DOMConfigurator, parsePriority(Lorg/w3c/dom/Element;Lorg/apache/log4j/Category;Z)V >"	34	none	"< Application, Lorg/apache/log4j/helpers/LogLog, debug(Ljava/lang/String;)V >"	[56]
"< Application, Lweblech/spider/URLGetter, <clinit>()V >"	1	some(4)	"< Application, Lorg/apache/log4j/Category, getInstance(Ljava/lang/Class;)Lorg/apache/log4j/Category; >"	[2]
"< Application, Lorg/apache/log4j/Hierarchy, overrideAsNeeded(Ljava/lang/String;)V >"	10	none	"< Application, Lorg/apache/log4j/helpers/LogLog, debug(Ljava/lang/String;)V >"	[22]
"< Application, Lorg/apache/log4j/Layout, <clinit>()V >"	0	some(4)	"< Primordial, Ljava/lang/System, getProperty(Ljava/lang/String;)Ljava/lang/String; >"	[2]
"< Application, Lorg/apache/log4j/NDC, pop()Ljava/lang/String; >"	0	some(3)	"< Primordial, Ljava/lang/Thread, currentThread()Ljava/lang/Thread; >"	[]
"< Application, Lorg/apache/log4j/NDC, remove()V >"	1	some(4)	"< Primordial, Ljava/lang/Thread, currentThread()Ljava/lang/Thread; >"	[]
"< Application, Lorg/apache/log4j/xml/DOMConfigurator, setParameter(Lorg/w3c/dom/Element;Lorg/apache/log4j/config/PropertySetter;)V >"	3	some(14)	"< Application, Lorg/apache/log4j/helpers/OptionConverter, convertSpecialChars(Ljava/lang/String;)Ljava/lang/String; >"	[12]
"< Application, Lorg/apache/log4j/net/SyslogAppender, getOptionStrings()[Ljava/lang/String; >"	5	some(14)	"< Application, Lorg/apache/log4j/helpers/OptionConverter, concatanateArrays([Ljava/lang/String;[Ljava/lang/String;)[Ljava/lang/String; >"	[4, 6]
"< Application, Lorg/apache/log4j/helpers/PatternParser, extractPrecisionOption()I >"	2	some(8)	"< Primordial, Ljava/lang/Integer, parseInt(Ljava/lang/String;)I >"	[4]
"< Application, Lorg/apache/log4j/xml/DOMConfigurator, parseAppender(Lorg/w3c/dom/Element;)Lorg/apache/log4j/Appender; >"	75	none	"< Application, Lorg/apache/log4j/helpers/LogLog, error(Ljava/lang/String;)V >"	[124]
"< Application, Lorg/apache/log4j/PropertyConfigurator, configureCategoryFactory(Ljava/util/Properties;)V >"	21	none	"< Application, Lorg/apache/log4j/config/PropertySetter, setProperties(Ljava/lang/Object;Ljava/util/Properties;Ljava/lang/String;)V >"	[31, 2, 32]
"< Application, Lweblech/spider/Spider, checkpointIfNeeded()V >"	5	some(10)	"< Primordial, Ljava/lang/System, currentTimeMillis()J >"	[]
"< Application, Lorg/apache/log4j/xml/DOMConfigurator, parseErrorHandler(Lorg/w3c/dom/Element;Lorg/apache/log4j/Appender;)V >"	9	some(18)	"< Application, Lorg/apache/log4j/helpers/OptionConverter, instantiateByClassName(Ljava/lang/String;Ljava/lang/Class;Ljava/lang/Object;)Ljava/lang/Object; >"	[9, 16, 11]
"< Application, Lorg/apache/log4j/AsyncAppender, close()V >"	17	none	"< Application, Lorg/apache/log4j/helpers/LogLog, error(Ljava/lang/String;Ljava/lang/Throwable;)V >"	[11, 10]
"< Application, Lorg/apache/log4j/net/SocketNode, class$(Ljava/lang/String;)Ljava/lang/Class; >"	0	some(4)	"< Primordial, Ljava/lang/Class, forName(Ljava/lang/String;)Ljava/lang/Class; >"	[1]
"< Application, Lorg/apache/log4j/helpers/OptionConverter, toPriority(Ljava/lang/String;Lorg/apache/log4j/Priority;)Lorg/apache/log4j/Priority; >"	89	none	"< Application, Lorg/apache/log4j/helpers/LogLog, warn(Ljava/lang/String;Ljava/lang/Throwable;)V >"	[117, 106]
"< Application, Lorg/apache/log4j/PropertyConfigurator, parseCategory(Ljava/util/Properties;Lorg/apache/log4j/Category;Ljava/lang/String;Ljava/lang/String;Ljava/lang/String;)V >"	8	none	"< Application, Lorg/apache/log4j/helpers/LogLog, debug(Ljava/lang/String;)V >"	[24]
"< Application, Lorg/apache/log4j/nt/NTEventLogAppender, <clinit>()V >"	15	none	"< Primordial, Ljava/lang/System, loadLibrary(Ljava/lang/String;)V >"	[17]
"< Application, Lorg/apache/log4j/NDC, inherit(Ljava/util/Stack;)V >"	2	some(6)	"< Primordial, Ljava/lang/Thread, currentThread()Ljava/lang/Thread; >"	[]
"< Application, Lorg/apache/log4j/varia/Roller, init(Ljava/lang/String;Ljava/lang/String;)V >"	11	none	"< Application, Lorg/apache/log4j/varia/Roller, usage(Ljava/lang/String;)V >"	[18]
"< Application, Lorg/apache/log4j/spi/LoggingEvent, readPriority(Ljava/io/ObjectInputStream;)V >"	28	some(38)	"< Application, Lorg/apache/log4j/Priority, toPriority(I)Lorg/apache/log4j/Priority; >"	[5]
"< Application, Lorg/apache/log4j/WriterAppender, checkEntryConditions()Z >"	2	none	"< Application, Lorg/apache/log4j/helpers/LogLog, warn(Ljava/lang/String;)V >"	[38]
"< Application, Lorg/apache/log4j/net/SocketServer, init(Ljava/lang/String;Ljava/lang/String;Ljava/lang/String;)V >"	11	none	"< Application, Lorg/apache/log4j/net/SocketServer, usage(Ljava/lang/String;)V >"	[20]
"< Application, Lorg/apache/log4j/helpers/OptionConverter, selectAndConfigure(Ljava/net/URL;Lorg/apache/log4j/Hierarchy;)V >"	7	none	"< Application, Lorg/apache/log4j/helpers/LogLog, debug(Ljava/lang/String;)V >"	[28]
"< Application, Lorg/apache/log4j/PropertyConfigurator, parseCatsAndRenderers(Ljava/util/Properties;Lorg/apache/log4j/Hierarchy;)V >"	24	some(35)	"< Application, Lorg/apache/log4j/helpers/OptionConverter, findAndSubst(Ljava/lang/String;Ljava/util/Properties;)Ljava/lang/String; >"	[12, 2]
"< Application, Lorg/apache/log4j/helpers/Loader, getResource(Ljava/lang/String;Ljava/lang/Class;)Ljava/net/URL; >"	10	none	"< Application, Lorg/apache/log4j/helpers/LogLog, debug(Ljava/lang/String;)V >"	[23]
"< Application, Lorg/apache/log4j/net/SimpleSocketServer, class$(Ljava/lang/String;)Ljava/lang/Class; >"	0	some(4)	"< Primordial, Ljava/lang/Class, forName(Ljava/lang/String;)Ljava/lang/Class; >"	[1]
"< Application, Lorg/apache/log4j/helpers/OptionConverter, toPriority(Ljava/lang/String;Lorg/apache/log4j/Priority;)Lorg/apache/log4j/Priority; >"	18	none	"< Application, Lorg/apache/log4j/helpers/LogLog, debug(Ljava/lang/String;)V >"	[34]
"< Application, Lorg/apache/log4j/AsyncAppender, getOptionStrings()[Ljava/lang/String; >"	4	some(12)	"< Application, Lorg/apache/log4j/helpers/OptionConverter, concatanateArrays([Ljava/lang/String;[Ljava/lang/String;)[Ljava/lang/String; >"	[4, 6]
"< Application, Lorg/apache/log4j/PropertyConfigurator, class$(Ljava/lang/String;)Ljava/lang/Class; >"	0	some(4)	"< Primordial, Ljava/lang/Class, forName(Ljava/lang/String;)Ljava/lang/Class; >"	[1]
"< Application, Lorg/apache/log4j/xml/DOMConfigurator, parseCategory(Lorg/w3c/dom/Element;Lorg/apache/log4j/Hierarchy;)V >"	16	some(33)	"< Primordial, Ljava/lang/Class, forName(Ljava/lang/String;)Ljava/lang/Class; >"	[14]
"< Application, Lorg/apache/log4j/varia/PriorityMatchFilter, setOption(Ljava/lang/String;Ljava/lang/String;)V >"	8	some(14)	"< Application, Lorg/apache/log4j/helpers/OptionConverter, toBoolean(Ljava/lang/String;Z)Z >"	[3, 12]
"< Application, Lorg/apache/log4j/xml/DOMConfigurator, doConfigure(Ljava/io/InputStream;Lorg/apache/log4j/Hierarchy;)V >"	45	none	"< Application, Lorg/apache/log4j/helpers/LogLog, debug(Ljava/lang/String;)V >"	[67]
"< Application, Lorg/apache/log4j/helpers/Loader, getResource(Ljava/lang/String;Ljava/lang/Class;)Ljava/net/URL; >"	24	none	"< Application, Lorg/apache/log4j/helpers/LogLog, debug(Ljava/lang/String;)V >"	[42]
"< Application, Lorg/apache/log4j/net/JMSSink, main([Ljava/lang/String;)V >"	10	some(21)	"< Application, Lorg/apache/log4j/net/JMSSink, class$(Ljava/lang/String;)Ljava/lang/Class; >"	[19]
"< Application, Lorg/apache/log4j/xml/DOMConfigurator, parse(Lorg/w3c/dom/Element;Lorg/apache/log4j/Hierarchy;)V >"	24	none	"< Application, Lorg/apache/log4j/helpers/LogLog, setInternalDebugging(Z)V >"	[48]
"< Application, Lorg/apache/log4j/spi/LoggingEvent, <clinit>()V >"	0	some(3)	"< Primordial, Ljava/lang/System, currentTimeMillis()J >"	[]
"< Application, Lorg/apache/log4j/varia/Roller, roll()V >"	41	none	"< Primordial, Ljava/lang/System, exit(I)V >"	[45]
"< Application, Lorg/apache/log4j/Hierarchy, disable(Ljava/lang/String;)V >"	2	some(8)	"< Application, Lorg/apache/log4j/Priority, toPriority(Ljava/lang/String;Lorg/apache/log4j/Priority;)Lorg/apache/log4j/Priority; >"	[2, 6]
"< Application, Lorg/apache/log4j/xml/DOMConfigurator, configure(Lorg/w3c/dom/Element;)V >"	2	some(6)	"< Application, Lorg/apache/log4j/Category, getDefaultHierarchy()Lorg/apache/log4j/Hierarchy; >"	[]
"< Application, Lorg/apache/log4j/BasicConfigurator, <clinit>()V >"	5	some(8)	"< Application, Lorg/apache/log4j/helpers/OptionConverter, getSystemProperty(Ljava/lang/String;Ljava/lang/String;)Ljava/lang/String; >"	[6, 3]
"< Application, Lorg/apache/log4j/config/PropertyGetter, isHandledType(Ljava/lang/Class;)Z >"	20	some(27)	"< Application, Lorg/apache/log4j/config/PropertyGetter, class$(Ljava/lang/String;)Ljava/lang/Class; >"	[25]
"< Application, Lorg/apache/log4j/xml/DOMConfigurator, parseAppender(Lorg/w3c/dom/Element;)Lorg/apache/log4j/Appender; >"	9	some(23)	"< Primordial, Ljava/lang/Class, forName(Ljava/lang/String;)Ljava/lang/Class; >"	[8]
"< Application, Lorg/apache/log4j/DailyRollingFileAppender, printPeriodicity(I)V >"	26	none	"< Application, Lorg/apache/log4j/helpers/LogLog, debug(Ljava/lang/String;)V >"	[69]
"< Application, Lorg/apache/log4j/Category, <clinit>()V >"	6	some(10)	"< Application, Lorg/apache/log4j/helpers/OptionConverter, getSystemProperty(Ljava/lang/String;Ljava/lang/String;)Ljava/lang/String; >"	[7, 8]
"< Application, Lorg/apache/log4j/PropertyConfigurator, doConfigure(Ljava/lang/String;Lorg/apache/log4j/Hierarchy;)V >"	14	none	"< Application, Lorg/apache/log4j/helpers/LogLog, error(Ljava/lang/String;Ljava/lang/Throwable;)V >"	[23, 11]
"< Application, Lorg/apache/log4j/helpers/PatternParser, finalizeConverter(C)V >"	50	some(119)	"< Application, Lorg/apache/log4j/helpers/OptionConverter, instantiateByClassName(Ljava/lang/String;Ljava/lang/Class;Ljava/lang/Object;)Ljava/lang/Object; >"	[111, 117, 4]
"< Application, Lorg/apache/log4j/net/SocketAppender, getOptionStrings()[Ljava/lang/String; >"	6	some(16)	"< Application, Lorg/apache/log4j/helpers/OptionConverter, concatanateArrays([Ljava/lang/String;[Ljava/lang/String;)[Ljava/lang/String; >"	[4, 6]
"< Application, Lorg/apache/log4j/xml/DOMConfigurator, parseCategory(Lorg/w3c/dom/Element;Lorg/apache/log4j/Hierarchy;)V >"	47	none	"< Application, Lorg/apache/log4j/helpers/LogLog, debug(Ljava/lang/String;)V >"	[88]
"< Application, Lorg/apache/log4j/net/SMTPAppender, setOption(Ljava/lang/String;Ljava/lang/String;)V >"	29	some(46)	"< Application, Lorg/apache/log4j/helpers/OptionConverter, instantiateByClassName(Ljava/lang/String;Ljava/lang/Class;Ljava/lang/Object;)Ljava/lang/Object; >"	[3, 43, 44]
"< Application, Lorg/apache/log4j/BasicConfigurator, disable(Ljava/lang/String;)V >"	0	some(4)	"< Application, Lorg/apache/log4j/Category, getDefaultHierarchy()Lorg/apache/log4j/Hierarchy; >"	[]
"< Application, Lorg/apache/log4j/helpers/BoundedFIFO, resize(I)V >"	21	none	"< Primordial, Ljava/lang/System, arraycopy(Ljava/lang/Object;ILjava/lang/Object;II)V >"	[24, 16, 5, 13, 23]
"< Application, Lorg/apache/log4j/net/SocketAppender, append(Lorg/apache/log4j/spi/LoggingEvent;)V >"	38	none	"< Application, Lorg/apache/log4j/helpers/LogLog, warn(Ljava/lang/String;)V >"	[29]
"< Application, Lorg/apache/log4j/xml/DOMConfigurator, class$(Ljava/lang/String;)Ljava/lang/Class; >"	0	some(4)	"< Primordial, Ljava/lang/Class, forName(Ljava/lang/String;)Ljava/lang/Class; >"	[1]
"< Application, Lorg/apache/log4j/net/SocketAppender$Connector, run()V >"	13	none	"< Application, Lorg/apache/log4j/helpers/LogLog, debug(Ljava/lang/String;)V >"	[21]
"< Application, Lorg/apache/log4j/PropertyConfigurator, configureRootCategory(Ljava/util/Properties;Lorg/apache/log4j/Hierarchy;)V >"	2	none	"< Application, Lorg/apache/log4j/helpers/LogLog, debug(Ljava/lang/String;)V >"	[14]
"< Application, Lorg/apache/log4j/net/SocketServer, init(Ljava/lang/String;Ljava/lang/String;Ljava/lang/String;)V >"	23	none	"< Application, Lorg/apache/log4j/net/SocketServer, usage(Ljava/lang/String;)V >"	[40]
"< Application, Lweblech/spider/URLGetter, getURL(Lweblech/spider/URLToDownload;)Lweblech/spider/URLObject; >"	103	some(160)	"< Primordial, Ljava/lang/System, currentTimeMillis()J >"	[]
"< Application, Lorg/apache/log4j/varia/ExternallyRolledFileAppender, getOptionStrings()[Ljava/lang/String; >"	3	some(10)	"< Application, Lorg/apache/log4j/helpers/OptionConverter, concatanateArrays([Ljava/lang/String;[Ljava/lang/String;)[Ljava/lang/String; >"	[4, 6]
"< Application, Lweblech/spider/URLObject, convertToFileName()Ljava/lang/String; >"	22	some(40)	"< Primordial, Ljava/net/URLEncoder, encode(Ljava/lang/String;)Ljava/lang/String; >"	[38]
