"< Application, Lorg/apache/log4j/helpers/CyclicBuffer, get()Lorg/apache/log4j/spi/LoggingEvent; >"	12	15	java_binary_add	14	7
"< Application, Lorg/apache/log4j/WriterAppender, subAppend(Lorg/apache/log4j/spi/LoggingEvent;)V >"	17	24	java_binary_add	25	23
"< Application, Lorg/apache/log4j/spi/LocationInfo, <init>(Ljava/lang/Throwable;Ljava/lang/String;)V >"	35	35	java_binary_add	33	34
"< Application, Lorg/apache/log4j/helpers/PatternConverter, format(Ljava/lang/StringBuffer;Lorg/apache/log4j/spi/LoggingEvent;)V >"	21	24	java_binary_sub	23	9
"< Application, Lorg/apache/log4j/helpers/OptionConverter, convertSpecialChars(Ljava/lang/String;)Ljava/lang/String; >"	7	13	java_binary_add	9	8
"< Application, Lorg/apache/log4j/helpers/BoundedFIFO, get()Lorg/apache/log4j/spi/LoggingEvent; >"	13	13	java_binary_sub	12	9
"< Application, Lorg/apache/log4j/xml/DOMConfigurator, parseFilters(Lorg/w3c/dom/Element;Lorg/apache/log4j/Appender;)V >"	25	39	java_binary_add	40	31
"< Application, Lweblech/spider/Spider, start()V >"	12	17	java_binary_add	27	16
"< Application, Lorg/apache/log4j/helpers/PatternParser, parse()Lorg/apache/log4j/helpers/PatternConverter; >"	116	109	java_binary_add	107	108
"< Application, Lorg/apache/log4j/helpers/OptionConverter, toFileSize(Ljava/lang/String;J)J >"	19	64	java_binary_mul	36	31
"< Application, Lorg/apache/log4j/helpers/BoundedFIFO, get()Lorg/apache/log4j/spi/LoggingEvent; >"	7	10	java_binary_add	8	9
"< Application, Lorg/apache/log4j/spi/LocationInfo, <init>(Ljava/lang/Throwable;Ljava/lang/String;)V >"	25	26	java_binary_add	24	25
"< Application, Lorg/apache/log4j/helpers/CyclicBuffer, add(Lorg/apache/log4j/spi/LoggingEvent;)V >"	13	17	java_binary_add	16	7
"< Application, Lorg/apache/log4j/helpers/BoundedFIFO, resize(I)V >"	26	27	java_binary_add	13	26
"< Application, Lorg/apache/log4j/helpers/PatternParser, extractOption()Ljava/lang/String; >"	16	23	java_binary_add	14	19
"< Application, Lorg/apache/log4j/Hierarchy, updateParents(Lorg/apache/log4j/Category;)V >"	36	48	java_binary_sub	51	9
"< Application, Lorg/apache/log4j/DailyRollingFileAppender, <init>(Lorg/apache/log4j/Layout;Ljava/lang/String;Ljava/lang/String;)V >"	3	12	java_binary_sub	10	11
"< Application, Lorg/apache/log4j/HTMLLayout, format(Lorg/apache/log4j/spi/LoggingEvent;)Ljava/lang/String; >"	24	38	java_binary_sub	35	37
"< Application, Lorg/apache/log4j/varia/PriorityMatchFilter, decide(Lorg/apache/log4j/spi/LoggingEvent;)I >"	8	12	java_binary_xor	11	10
"< Application, Lorg/apache/log4j/config/PropertyGetter, getProperties(Lorg/apache/log4j/config/PropertyGetter$PropertyCallback;Ljava/lang/String;)V >"	27	40	java_binary_add	42	39
"< Application, Lorg/apache/log4j/NDC, lazyRemove()V >"	48	55	java_binary_add	56	4
"< Application, Lorg/apache/log4j/or/RendererMap, searchInterfaces(Ljava/lang/Class;)Lorg/apache/log4j/or/ObjectRenderer; >"	11	17	java_binary_add	19	16
"< Application, Lorg/apache/log4j/helpers/PatternParser, parse()Lorg/apache/log4j/helpers/PatternConverter; >"	114	107	java_binary_mul	106	70
"< Application, Lorg/apache/log4j/helpers/PatternParser, parse()Lorg/apache/log4j/helpers/PatternConverter; >"	76	71	java_binary_mul	69	70
"< Application, Lorg/apache/log4j/xml/DOMConfigurator, parse(Lorg/w3c/dom/Element;Lorg/apache/log4j/Hierarchy;)V >"	84	133	java_binary_add	134	46
"< Application, Lorg/apache/log4j/spi/LocationInfo, getLineNumber()Ljava/lang/String; >"	14	18	java_binary_add	15	12
"< Application, Lorg/apache/log4j/HTMLLayout, escapeHTMLTags(Ljava/lang/String;)Ljava/lang/String; >"	17	30	java_binary_add	32	29
"< Application, Lorg/apache/log4j/helpers/RelativeTimeDateFormat, format(Ljava/util/Date;Ljava/lang/StringBuffer;Ljava/text/FieldPosition;)Ljava/lang/StringBuffer; >"	2	9	java_binary_sub	7	8
"< Application, Lorg/apache/log4j/config/PropertySetter, setProperties(Ljava/util/Properties;Ljava/lang/String;)V >"	7	19	java_binary_add	6	18
"< Application, Lorg/apache/log4j/xml/DOMConfigurator, findAppenderByReference(Lorg/w3c/dom/Element;)Lorg/apache/log4j/Appender; >"	18	34	java_binary_add	35	33
"< Application, Lorg/apache/log4j/DailyRollingFileAppender, <init>()V >"	3	8	java_binary_sub	6	7
"< Application, Lweblech/spider/HTMLParser, extractAttributesFromTags(Ljava/lang/String;Ljava/lang/String;Ljava/net/URL;Ljava/util/List;Ljava/util/Set;Ljava/lang/String;)V >"	61	98	java_binary_add	51	52
"< Application, Lorg/apache/log4j/helpers/PatternParser, parse()Lorg/apache/log4j/helpers/PatternConverter; >"	63	61	java_binary_sub	11	58
"< Application, Lorg/apache/log4j/helpers/PatternParser, parse()Lorg/apache/log4j/helpers/PatternConverter; >"	77	72	java_binary_sub	11	58
"< Application, Lorg/apache/log4j/helpers/AppenderAttachableImpl, removeAppender(Ljava/lang/String;)V >"	16	19	java_binary_add	20	18
"< Application, Lorg/apache/log4j/xml/DOMConfigurator, parseErrorHandler(Lorg/w3c/dom/Element;Lorg/apache/log4j/Appender;)V >"	25	39	java_binary_add	40	31
"< Application, Lorg/apache/log4j/helpers/AppenderAttachableImpl, getAppender(Ljava/lang/String;)Lorg/apache/log4j/Appender; >"	14	19	java_binary_add	20	18
"< Application, Lorg/apache/log4j/helpers/PatternParser$NamedPatternConverter, convert(Lorg/apache/log4j/spi/LoggingEvent;)Ljava/lang/String; >"	8	14	java_binary_sub	19	10
"< Application, Lorg/apache/log4j/xml/DOMConfigurator, parseAppender(Lorg/w3c/dom/Element;)Lorg/apache/log4j/Appender; >"	76	126	java_binary_add	127	44
"< Application, Lorg/apache/log4j/helpers/PatternParser, parse()Lorg/apache/log4j/helpers/PatternConverter; >"	23	27	java_binary_add	26	8
"< Application, Lweblech/spider/Spider, checkpointIfNeeded()V >"	7	12	java_binary_sub	10	11
"< Application, Lweblech/spider/URLGetter, getURL(Lweblech/spider/URLToDownload;)Lweblech/spider/URLObject; >"	164	229	java_binary_add	228	118
"< Application, Lorg/apache/log4j/config/PropertySetter, getPropertyDescriptor(Ljava/lang/String;)Ljava/beans/PropertyDescriptor; >"	12	17	java_binary_add	18	16
"< Application, Lorg/apache/log4j/Hierarchy, updateParents(Lorg/apache/log4j/Category;)V >"	2	10	java_binary_sub	6	9
"< Application, Lweblech/spider/URLObject, textReplace(Ljava/lang/String;Ljava/lang/String;Ljava/lang/String;)Ljava/lang/String; >"	10	19	java_binary_add	8	18
"< Application, Lorg/apache/log4j/helpers/AppenderAttachableImpl, appendLoopOnAppenders(Lorg/apache/log4j/spi/LoggingEvent;)I >"	9	16	java_binary_add	17	15
"< Application, Lweblech/spider/HTMLParser, extractAttributesFromTags(Ljava/lang/String;Ljava/lang/String;Ljava/net/URL;Ljava/util/List;Ljava/util/Set;Ljava/lang/String;)V >"	28	56	java_binary_add	51	52
"< Application, Lorg/apache/log4j/xml/XMLLayout, format(Lorg/apache/log4j/spi/LoggingEvent;)Ljava/lang/String; >"	54	90	java_binary_add	91	89
"< Application, Lorg/apache/log4j/helpers/PatternConverter, spacePad(Ljava/lang/StringBuffer;I)V >"	4	12	java_binary_add	13	11
"< Application, Lorg/apache/log4j/helpers/OptionConverter, substVars(Ljava/lang/String;Ljava/util/Properties;)Ljava/lang/String; >"	45	33	java_binary_add	18	32
"< Application, Lweblech/spider/URLGetter, getURL(Lweblech/spider/URLToDownload;)Lweblech/spider/URLObject; >"	87	139	java_binary_add	140	118
"< Application, Lorg/apache/log4j/helpers/CyclicBuffer, resize(I)V >"	33	20	java_binary_add	21	17
"< Application, Lweblech/spider/HTMLParser, extractAttributesFromTags(Ljava/lang/String;Ljava/lang/String;Ljava/net/URL;Ljava/util/List;Ljava/util/Set;Ljava/lang/String;)V >"	25	53	java_binary_add	51	52
"< Application, Lorg/apache/log4j/helpers/CyclicBuffer, get(I)Lorg/apache/log4j/spi/LoggingEvent; >"	6	8	java_binary_add	7	2
"< Application, Lorg/apache/log4j/helpers/BoundedFIFO, put(Lorg/apache/log4j/spi/LoggingEvent;)V >"	13	14	java_binary_add	13	9
"< Application, Lorg/apache/log4j/RollingFileAppender, setOption(Ljava/lang/String;Ljava/lang/String;)V >"	4	18	java_binary_add	16	17
"< Application, Lorg/apache/log4j/spi/LocationInfo, getFileName()Ljava/lang/String; >"	14	18	java_binary_add	16	13
"< Application, Lorg/apache/log4j/helpers/PatternConverter, spacePad(Ljava/lang/StringBuffer;I)V >"	9	18	java_binary_and	13	17
"< Application, Lorg/apache/log4j/HTMLLayout, appendThrowableAsHTML([Ljava/lang/String;Ljava/lang/StringBuffer;)V >"	17	28	java_binary_add	29	16
"< Application, Lorg/apache/log4j/helpers/PatternConverter, format(Ljava/lang/StringBuffer;Lorg/apache/log4j/spi/LoggingEvent;)V >"	11	27	java_binary_sub	9	26
"< Application, Lorg/apache/log4j/helpers/OptionConverter, convertSpecialChars(Ljava/lang/String;)Ljava/lang/String; >"	4	9	java_binary_add	31	8
"< Application, Lorg/apache/log4j/spi/LocationInfo, getMethodName()Ljava/lang/String; >"	13	17	java_binary_add	13	16
"< Application, Lweblech/spider/URLObject, textReplace(Ljava/lang/String;Ljava/lang/String;Ljava/lang/String;)Ljava/lang/String; >"	15	28	java_binary_add	8	27
"< Application, Lorg/apache/log4j/helpers/CyclicBuffer, get()Lorg/apache/log4j/spi/LoggingEvent; >"	3	8	java_binary_sub	6	7
"< Application, Lweblech/spider/Spider, run()V >"	123	112	java_binary_sub	111	56
"< Application, Lorg/apache/log4j/RollingFileAppender, rollOver()V >"	64	100	java_binary_add	102	99
"< Application, Lorg/apache/log4j/RollingFileAppender, rollOver()V >"	32	51	java_binary_sub	49	50
"< Application, Lweblech/spider/DownloadQueue, size()I >"	7	13	java_binary_add	9	12
"< Application, Lorg/apache/log4j/helpers/PatternParser, extractOption()Ljava/lang/String; >"	14	20	java_binary_add	18	19
"< Application, Lweblech/spider/URLGetter, getURL(Lweblech/spider/URLToDownload;)Lweblech/spider/URLObject; >"	111	170	java_binary_div	168	169
"< Application, Lorg/apache/log4j/HTMLLayout, escapeHTMLTags(Ljava/lang/String;)Ljava/lang/String; >"	6	12	java_binary_add	10	11
"< Application, Lorg/apache/log4j/config/PropertyPrinter, isGenAppName(Ljava/lang/String;)Z >"	11	20	java_binary_add	21	19
"< Application, Lorg/apache/log4j/helpers/CountingQuietWriter, write(Ljava/lang/String;)V >"	5	15	java_binary_add	11	14
"< Application, Lorg/apache/log4j/NDC, lazyRemove()V >"	18	21	java_binary_add	22	4
"< Application, Lorg/apache/log4j/config/PropertyPrinter, genAppName()Ljava/lang/String; >"	4	10	java_binary_add	8	9
"< Application, Lorg/apache/log4j/helpers/AppenderAttachableImpl, removeAllAppenders()V >"	9	15	java_binary_add	16	14
"< Application, Lorg/apache/log4j/spi/VectorWriter, toStringArray()[Ljava/lang/String; >"	8	13	java_binary_add	14	12
"< Application, Lorg/apache/log4j/helpers/OptionConverter, substVars(Ljava/lang/String;Ljava/util/Properties;)Ljava/lang/String; >"	34	20	java_binary_add	9	19
"< Application, Lweblech/spider/Spider, run()V >"	47	57	java_binary_add	55	56
"< Application, Lorg/apache/log4j/helpers/PatternConverter, format(Ljava/lang/StringBuffer;Lorg/apache/log4j/spi/LoggingEvent;)V >"	25	17	java_binary_sub	16	9
"< Application, Lweblech/spider/URLGetter, getURL(Lweblech/spider/URLToDownload;)Lweblech/spider/URLObject; >"	136	213	java_binary_add	212	118
"< Application, Lorg/apache/log4j/helpers/PatternParser$NamedPatternConverter, convert(Lorg/apache/log4j/spi/LoggingEvent;)Ljava/lang/String; >"	5	11	java_binary_sub	9	10
"< Application, Lorg/apache/log4j/nt/NTEventLogAppender, append(Lorg/apache/log4j/spi/LoggingEvent;)V >"	14	23	java_binary_add	24	22
"< Application, Lorg/apache/log4j/helpers/PatternConverter, spacePad(Ljava/lang/StringBuffer;I)V >"	14	24	java_binary_add	25	23
"< Application, Lorg/apache/log4j/DailyRollingFileAppender, computeCheckPeriod()I >"	20	26	java_binary_add	27	25
"< Application, Lorg/apache/log4j/NDC, lazyRemove()V >"	3	5	java_binary_add	3	4
"< Application, Lweblech/spider/HTMLParser, extractAttributesFromTags(Ljava/lang/String;Ljava/lang/String;Ljava/net/URL;Ljava/util/List;Ljava/util/Set;Ljava/lang/String;)V >"	34	65	java_binary_add	55	64
"< Application, Lorg/apache/log4j/helpers/PatternParser$BasicPatternConverter, convert(Lorg/apache/log4j/spi/LoggingEvent;)Ljava/lang/String; >"	4	18	java_binary_sub	15	17
"< Application, Lorg/apache/log4j/helpers/PatternConverter, spacePad(Ljava/lang/StringBuffer;I)V >"	8	17	java_binary_shl	16	25
"< Application, Lorg/apache/log4j/spi/LocationInfo, getLineNumber()Ljava/lang/String; >"	8	13	java_binary_sub	9	12
"< Application, Lorg/apache/log4j/helpers/CyclicBuffer, add(Lorg/apache/log4j/spi/LoggingEvent;)V >"	4	8	java_binary_add	6	7
"< Application, Lweblech/spider/Spider, checkpointIfNeeded()V >"	16	21	java_binary_sub	19	20
"< Application, Lorg/apache/log4j/RollingFileAppender, rollOver()V >"	51	76	java_binary_add	102	50
"< Application, Lorg/apache/log4j/Category, callAppenders(Lorg/apache/log4j/spi/LoggingEvent;)V >"	6	10	java_binary_add	14	9
"< Application, Lorg/apache/log4j/helpers/CyclicBuffer, add(Lorg/apache/log4j/spi/LoggingEvent;)V >"	17	14	java_binary_add	13	7
"< Application, Lorg/apache/log4j/helpers/BoundedFIFO, resize(I)V >"	18	21	java_binary_sub	2	13
"< Application, Lorg/apache/log4j/net/SyslogAppender, append(Lorg/apache/log4j/spi/LoggingEvent;)V >"	51	53	java_binary_add	54	38
"< Application, Lorg/apache/log4j/helpers/PatternParser$NamedPatternConverter, convert(Lorg/apache/log4j/spi/LoggingEvent;)Ljava/lang/String; >"	12	18	java_binary_add	20	17
"< Application, Lorg/apache/log4j/helpers/BoundedFIFO, resize(I)V >"	6	8	java_binary_sub	6	7
"< Application, Lweblech/spider/HTMLParser, extractAttributesFromTags(Ljava/lang/String;Ljava/lang/String;Ljava/net/URL;Ljava/util/List;Ljava/util/Set;Ljava/lang/String;)V >"	59	96	java_binary_add	51	52
"< Application, Lorg/apache/log4j/helpers/OptionConverter, toPriority(Ljava/lang/String;Lorg/apache/log4j/Priority;)Lorg/apache/log4j/Priority; >"	6	10	java_binary_add	7	9
"< Application, Lorg/apache/log4j/helpers/BoundedFIFO, wasFull()Z >"	1	5	java_binary_add	3	4
"< Application, Lorg/apache/log4j/spi/LocationInfo, getClassName()Ljava/lang/String; >"	16	22	java_binary_add	20	21
"< Application, Lweblech/spider/Spider, start()V >"	18	25	java_binary_add	24	16
"< Application, Lweblech/spider/DownloadQueue, size()I >"	4	9	java_binary_add	5	8
"< Application, Lorg/apache/log4j/helpers/BoundedFIFO, resize(I)V >"	17	20	java_binary_sub	19	13
"< Application, Lorg/apache/log4j/helpers/SyslogQuietWriter, write(Ljava/lang/String;)V >"	5	11	java_binary_or	9	10
"< Application, Lorg/apache/log4j/RollingFileAppenderBeanInfo, <init>()V >"	33	41	java_binary_add	42	28
"< Application, Lweblech/spider/URLGetter, getURL(Lweblech/spider/URLToDownload;)Lweblech/spider/URLObject; >"	112	171	java_binary_div	167	170
"< Application, Lweblech/spider/Spider, run()V >"	112	102	java_binary_sub	101	56
"< Application, Lorg/apache/log4j/helpers/PatternParser, parse()Lorg/apache/log4j/helpers/PatternConverter; >"	78	73	java_binary_add	71	72
"< Application, Lorg/apache/log4j/helpers/PatternParser, parse()Lorg/apache/log4j/helpers/PatternConverter; >"	4	9	java_binary_add	7	8
"< Application, Lorg/apache/log4j/helpers/PatternParser$NamedPatternConverter, convert(Lorg/apache/log4j/spi/LoggingEvent;)Ljava/lang/String; >"	15	21	java_binary_add	19	10
"< Application, Lweblech/spider/HTMLParser, extractAttributesFromTags(Ljava/lang/String;Ljava/lang/String;Ljava/net/URL;Ljava/util/List;Ljava/util/Set;Ljava/lang/String;)V >"	30	59	java_binary_add	51	52
"< Application, Lorg/apache/log4j/spi/LocationInfo, getFileName()Ljava/lang/String; >"	11	14	java_binary_sub	9	13
"< Application, Lweblech/spider/URLGetter, getURL(Lweblech/spider/URLToDownload;)Lweblech/spider/URLObject; >"	104	161	java_binary_sub	160	90
"< Application, Lorg/apache/log4j/or/ThreadGroupRenderer, doRender(Ljava/lang/Object;)Ljava/lang/String; >"	31	63	java_binary_add	64	62
"< Application, Lorg/apache/log4j/helpers/PatternParser, parse()Lorg/apache/log4j/helpers/PatternConverter; >"	30	33	java_binary_add	32	8
"< Application, Lorg/apache/log4j/helpers/PatternParser, parse()Lorg/apache/log4j/helpers/PatternConverter; >"	115	108	java_binary_sub	11	58
"< Application, Lorg/apache/log4j/helpers/PatternParser, parse()Lorg/apache/log4j/helpers/PatternConverter; >"	91	80	java_binary_sub	11	58
"< Application, Lorg/apache/log4j/helpers/CyclicBuffer, get(I)Lorg/apache/log4j/spi/LoggingEvent; >"	8	10	java_binary_rem	8	9
"< Application, Lweblech/spider/Spider, run()V >"	67	64	java_binary_add	63	56
"< Application, Lorg/apache/log4j/RollingFileAppender, setMaxFileSize(Ljava/lang/String;)V >"	1	6	java_binary_add	4	5
"< Application, Lorg/apache/log4j/helpers/CyclicBuffer, resize(I)V >"	28	18	java_binary_add	16	17
"< Application, Lorg/apache/log4j/Hierarchy, updateChildren(Lorg/apache/log4j/ProvisionNode;Lorg/apache/log4j/Category;)V >"	12	18	java_binary_add	19	17
"< Application, Lorg/apache/log4j/helpers/OptionConverter, concatanateArrays([Ljava/lang/String;[Ljava/lang/String;)[Ljava/lang/String; >"	2	6	java_binary_add	4	5
"< Application, Lorg/apache/log4j/xml/DOMConfigurator, parseLayout(Lorg/w3c/dom/Element;)Lorg/apache/log4j/Layout; >"	25	46	java_binary_add	47	38
"< Application, Lweblech/spider/HTMLParser, extractAttributesFromTags(Ljava/lang/String;Ljava/lang/String;Ljava/net/URL;Ljava/util/List;Ljava/util/Set;Ljava/lang/String;)V >"	39	71	java_binary_add	55	70
"< Application, Lorg/apache/log4j/net/SocketAppender, append(Lorg/apache/log4j/spi/LoggingEvent;)V >"	24	17	java_binary_add	15	16
"< Application, Lweblech/spider/HTMLParser, extractAttributesFromTags(Ljava/lang/String;Ljava/lang/String;Ljava/net/URL;Ljava/util/List;Ljava/util/Set;Ljava/lang/String;)V >"	35	66	java_binary_add	65	52
"< Application, Lorg/apache/log4j/xml/DOMConfigurator, parseChildrenOfCategoryElement(Lorg/w3c/dom/Element;Lorg/apache/log4j/Category;Z)V >"	45	76	java_binary_add	77	18
"< Application, Lweblech/spider/Spider, start()V >"	20	26	java_binary_add	27	16
"< Application, Lorg/apache/log4j/helpers/BoundedFIFO, put(Lorg/apache/log4j/spi/LoggingEvent;)V >"	7	10	java_binary_add	8	9
