"< Application, Lorg/apache/log4j/helpers/OptionConverter, concatanateArrays([Ljava/lang/String;[Ljava/lang/String;)[Ljava/lang/String; >"	0	4	1
"< Application, Lweblech/spider/URLGetter, getURL(Lweblech/spider/URLToDownload;)Lweblech/spider/URLObject; >"	118	179	158
"< Application, Lweblech/ui/TextSpider, main([Ljava/lang/String;)V >"	8	14	1
"< Application, Lorg/apache/log4j/net/SyslogAppender, append(Lorg/apache/log4j/spi/LoggingEvent;)V >"	36	34	33
"< Application, Lweblech/spider/URLGetter, getURL(Lweblech/spider/URLToDownload;)Lweblech/spider/URLObject; >"	125	193	158
"< Application, Lorg/apache/log4j/config/PropertyGetter, getProperties(Lorg/apache/log4j/config/PropertyGetter$PropertyCallback;Ljava/lang/String;)V >"	30	7	6
"< Application, Lweblech/spider/URLGetter, getURL(Lweblech/spider/URLToDownload;)Lweblech/spider/URLObject; >"	108	166	158
"< Application, Lorg/apache/log4j/net/JMSSink, main([Ljava/lang/String;)V >"	0	3	1
"< Application, Lorg/apache/log4j/or/ThreadGroupRenderer, doRender(Ljava/lang/Object;)Ljava/lang/String; >"	33	33	30
"< Application, Lorg/apache/log4j/helpers/OptionConverter, concatanateArrays([Ljava/lang/String;[Ljava/lang/String;)[Ljava/lang/String; >"	4	9	1
"< Application, Lorg/apache/log4j/helpers/OptionConverter, concatanateArrays([Ljava/lang/String;[Ljava/lang/String;)[Ljava/lang/String; >"	1	5	2
"< Application, Lorg/apache/log4j/varia/Roller, main([Ljava/lang/String;)V >"	1	4	1
"< Application, Lorg/apache/log4j/config/PropertySetter, getPropertyDescriptor(Ljava/lang/String;)Ljava/beans/PropertyDescriptor; >"	15	9	8
"< Application, Lorg/apache/log4j/nt/NTEventLogAppender, append(Lorg/apache/log4j/spi/LoggingEvent;)V >"	10	18	16
"< Application, Lorg/apache/log4j/helpers/OptionConverter, concatanateArrays([Ljava/lang/String;[Ljava/lang/String;)[Ljava/lang/String; >"	6	11	1
"< Application, Lorg/apache/log4j/or/RendererMap, searchInterfaces(Ljava/lang/Class;)Lorg/apache/log4j/or/ObjectRenderer; >"	13	12	10
"< Application, Lorg/apache/log4j/helpers/OptionConverter, concatanateArrays([Ljava/lang/String;[Ljava/lang/String;)[Ljava/lang/String; >"	7	12	2
"< Application, Lweblech/ui/TextSpider, main([Ljava/lang/String;)V >"	2	6	1
"< Application, Lorg/apache/log4j/xml/XMLLayout, format(Lorg/apache/log4j/spi/LoggingEvent;)Ljava/lang/String; >"	56	84	79
"< Application, Lorg/apache/log4j/RollingFileAppenderBeanInfo, <init>()V >"	36	19	18
"< Application, Lorg/apache/log4j/HTMLLayout, appendThrowableAsHTML([Ljava/lang/String;Ljava/lang/StringBuffer;)V >"	1	6	2
"< Application, Lorg/apache/log4j/WriterAppender, subAppend(Lorg/apache/log4j/spi/LoggingEvent;)V >"	9	16	14
"< Application, Lorg/apache/log4j/net/SocketServer, main([Ljava/lang/String;)V >"	0	3	1
"< Application, Lorg/apache/log4j/net/SimpleSocketServer, main([Ljava/lang/String;)V >"	0	3	1
"< Application, Lorg/apache/log4j/config/PropertySetter, setProperty(Ljava/beans/PropertyDescriptor;Ljava/lang/String;Ljava/lang/String;)V >"	6	11	10
"< Application, Lweblech/ui/TextSpider, main([Ljava/lang/String;)V >"	4	8	1
