"< Application, Lorg/apache/log4j/NDC, lazyRemove()V >"	33	28	27	java_type_ref("<Primordial,Ljava/lang/Thread>")
"< Application, Lorg/apache/log4j/or/RendererMap, get(Ljava/lang/Class;)Lorg/apache/log4j/or/ObjectRenderer; >"	3	8	7	java_type_ref("<Application,Lorg/apache/log4j/or/ObjectRenderer>")
"< Application, Lorg/apache/log4j/Hierarchy, getInstance(Ljava/lang/String;Lorg/apache/log4j/spi/CategoryFactory;)Lorg/apache/log4j/Category; >"	16	24	10	java_type_ref("<Application,Lorg/apache/log4j/Category>")
"< Application, Lorg/apache/log4j/net/SMTPAppender, setOption(Ljava/lang/String;Ljava/lang/String;)V >"	30	47	46	java_type_ref("<Application,Lorg/apache/log4j/spi/TriggeringEventEvaluator>")
"< Application, Lorg/apache/log4j/xml/DOMConfigurator, parseChildrenOfCategoryElement(Lorg/w3c/dom/Element;Lorg/apache/log4j/Category;Z)V >"	9	19	15	java_type_ref("<Primordial,Lorg/w3c/dom/Element>")
"< Application, Lorg/apache/log4j/Hierarchy, updateParents(Lorg/apache/log4j/Category;)V >"	23	28	19	java_type_ref("<Application,Lorg/apache/log4j/ProvisionNode>")
"< Application, Lorg/apache/log4j/NDC, cloneStack()Ljava/util/Stack; >"	5	8	6	java_type_ref("<Primordial,Ljava/util/Stack>")
"< Application, Lweblech/spider/DownloadQueue, queueURLs(Ljava/util/Collection;)V >"	4	11	10	java_type_ref("<Application,Lweblech/spider/URLToDownload>")
"< Application, Lorg/apache/log4j/xml/DOMConfigurator, parseChildrenOfCategoryElement(Lorg/w3c/dom/Element;Lorg/apache/log4j/Category;Z)V >"	13	31	15	java_type_ref("<Primordial,Lorg/w3c/dom/Element>")
"< Application, Lweblech/spider/SpiderConfig, fromSet(Ljava/util/Set;)Ljava/lang/String; >"	7	14	13	java_type_ref("<Primordial,Ljava/lang/String>")
"< Application, Lorg/apache/log4j/xml/DOMConfigurator, findAppenderByReference(Lorg/w3c/dom/Element;)Lorg/apache/log4j/Appender; >"	16	36	23	java_type_ref("<Primordial,Lorg/w3c/dom/Element>")
"< Application, Lorg/apache/log4j/xml/DOMConfigurator, parseLayout(Lorg/w3c/dom/Element;)Lorg/apache/log4j/Layout; >"	20	39	35	java_type_ref("<Primordial,Lorg/w3c/dom/Element>")
"< Application, Lweblech/spider/Spider, readCheckpoint()V >"	5	10	9	java_type_ref("<Application,Lweblech/spider/DownloadQueue>")
"< Application, Lorg/apache/log4j/BasicConfigurator, addRenderer(Lorg/apache/log4j/Hierarchy;Ljava/lang/String;Ljava/lang/String;)V >"	17	33	32	java_type_ref("<Application,Lorg/apache/log4j/or/ObjectRenderer>")
"< Application, Lweblech/spider/Spider, run()V >"	87	84	83	java_type_ref("<Primordial,Ljava/net/URL>")
"< Application, Lorg/apache/log4j/Hierarchy, exists(Ljava/lang/String;)Lorg/apache/log4j/Category; >"	6	12	8	java_type_ref("<Application,Lorg/apache/log4j/Category>")
"< Application, Lorg/apache/log4j/NDC, get()Ljava/lang/String; >"	3	7	6	java_type_ref("<Primordial,Ljava/util/Stack>")
"< Application, Lorg/apache/log4j/Hierarchy, shutdown()V >"	7	14	13	java_type_ref("<Application,Lorg/apache/log4j/Category>")
"< Application, Lorg/apache/log4j/xml/DOMConfigurator, parseCategory(Lorg/w3c/dom/Element;Lorg/apache/log4j/Hierarchy;)V >"	22	43	42	java_type_ref("<Application,Lorg/apache/log4j/Category>")
"< Application, Lorg/apache/log4j/helpers/AppenderAttachableImpl, removeAppender(Ljava/lang/String;)V >"	9	13	12	java_type_ref("<Application,Lorg/apache/log4j/Appender>")
"< Application, Lorg/apache/log4j/xml/DOMConfigurator, findAppenderByReference(Lorg/w3c/dom/Element;)Lorg/apache/log4j/Appender; >"	4	12	11	java_type_ref("<Application,Lorg/apache/log4j/Appender>")
"< Application, Lorg/apache/log4j/xml/DOMConfigurator, parseErrorHandler(Lorg/w3c/dom/Element;Lorg/apache/log4j/Appender;)V >"	20	32	28	java_type_ref("<Primordial,Lorg/w3c/dom/Element>")
"< Application, Lorg/apache/log4j/xml/DOMConfigurator, parsePriority(Lorg/w3c/dom/Element;Lorg/apache/log4j/Category;Z)V >"	41	69	68	java_type_ref("<Application,Lorg/apache/log4j/Priority>")
"< Application, Lorg/apache/log4j/config/PropertySetter, activate()V >"	4	7	6	java_type_ref("<Application,Lorg/apache/log4j/spi/OptionHandler>")
"< Application, Lorg/apache/log4j/Hierarchy, updateChildren(Lorg/apache/log4j/ProvisionNode;Lorg/apache/log4j/Category;)V >"	3	10	9	java_type_ref("<Application,Lorg/apache/log4j/Category>")
"< Application, Lorg/apache/log4j/config/PropertyPrinter, printOptions(Ljava/io/PrintWriter;Lorg/apache/log4j/Category;)V >"	11	23	22	java_type_ref("<Primordial,Ljava/lang/String>")
"< Application, Lorg/apache/log4j/spi/VectorWriter, toStringArray()[Ljava/lang/String; >"	6	11	10	java_type_ref("<Primordial,Ljava/lang/String>")
"< Application, Lorg/apache/log4j/spi/LoggingEvent, getRenderedMessage()Ljava/lang/String; >"	8	18	17	java_type_ref("<Primordial,Ljava/lang/String>")
"< Application, Lorg/apache/log4j/or/RendererMap, searchInterfaces(Ljava/lang/Class;)Lorg/apache/log4j/or/ObjectRenderer; >"	2	7	6	java_type_ref("<Application,Lorg/apache/log4j/or/ObjectRenderer>")
"< Application, Lweblech/spider/Spider, readCheckpoint()V >"	8	13	12	java_type_ref("<Primordial,Ljava/util/Set>")
"< Application, Lorg/apache/log4j/helpers/AppenderAttachableImpl, removeAllAppenders()V >"	7	12	11	java_type_ref("<Application,Lorg/apache/log4j/Appender>")
"< Application, Lorg/apache/log4j/RollingFileAppender, setFile(Ljava/lang/String;Z)V >"	5	10	9	java_type_ref("<Application,Lorg/apache/log4j/helpers/CountingQuietWriter>")
"< Application, Lorg/apache/log4j/NDC, clear()V >"	3	7	6	java_type_ref("<Primordial,Ljava/util/Stack>")
"< Application, Lorg/apache/log4j/xml/DOMConfigurator, parseFilters(Lorg/w3c/dom/Element;Lorg/apache/log4j/Appender;)V >"	10	19	18	java_type_ref("<Application,Lorg/apache/log4j/spi/Filter>")
"< Application, Lorg/apache/log4j/NDC, getDepth()I >"	3	7	6	java_type_ref("<Primordial,Ljava/util/Stack>")
"< Application, Lorg/apache/log4j/xml/DOMConfigurator, parseAppender(Lorg/w3c/dom/Element;)Lorg/apache/log4j/Appender; >"	23	45	41	java_type_ref("<Primordial,Lorg/w3c/dom/Element>")
"< Application, Lorg/apache/log4j/net/JMSAppender, activateOptions()V >"	4	8	7	java_type_ref("null")
"< Application, Lorg/apache/log4j/config/PropertyPrinter, print(Ljava/io/PrintWriter;)V >"	5	14	13	java_type_ref("<Application,Lorg/apache/log4j/Category>")
"< Application, Lorg/apache/log4j/PropertyConfigurator, parseAppender(Ljava/util/Properties;Ljava/lang/String;)Lorg/apache/log4j/Appender; >"	51	48	47	java_type_ref("<Application,Lorg/apache/log4j/Layout>")
"< Application, Lorg/apache/log4j/helpers/PatternParser, finalizeConverter(C)V >"	51	120	119	java_type_ref("<Primordial,Ljava/text/DateFormat>")
"< Application, Lorg/apache/log4j/config/PropertySetter, setProperties(Ljava/util/Properties;Ljava/lang/String;)V >"	4	14	13	java_type_ref("<Primordial,Ljava/lang/String>")
"< Application, Lorg/apache/log4j/helpers/AppenderAttachableImpl, getAppender(Ljava/lang/String;)Lorg/apache/log4j/Appender; >"	9	13	12	java_type_ref("<Application,Lorg/apache/log4j/Appender>")
"< Application, Lorg/apache/log4j/config/PropertyPrinter, printOptions(Ljava/io/PrintWriter;Lorg/apache/log4j/Category;)V >"	8	19	18	java_type_ref("<Application,Lorg/apache/log4j/Appender>")
"< Application, Lorg/apache/log4j/xml/DOMConfigurator, parseErrorHandler(Lorg/w3c/dom/Element;Lorg/apache/log4j/Appender;)V >"	10	19	18	java_type_ref("<Application,Lorg/apache/log4j/spi/ErrorHandler>")
"< Application, Lorg/apache/log4j/PropertyConfigurator, registryGet(Ljava/lang/String;)Lorg/apache/log4j/Appender; >"	2	7	6	java_type_ref("<Application,Lorg/apache/log4j/Appender>")
"< Application, Lorg/apache/log4j/PropertyConfigurator, parseCatsAndRenderers(Ljava/util/Properties;Lorg/apache/log4j/Hierarchy;)V >"	3	12	11	java_type_ref("<Primordial,Ljava/lang/String>")
"< Application, Lorg/apache/log4j/net/SocketNode, run()V >"	3	6	5	java_type_ref("<Application,Lorg/apache/log4j/spi/LoggingEvent>")
"< Application, Lorg/apache/log4j/xml/DOMConfigurator, parseLayout(Lorg/w3c/dom/Element;)Lorg/apache/log4j/Layout; >"	11	26	25	java_type_ref("<Application,Lorg/apache/log4j/Layout>")
"< Application, Lorg/apache/log4j/net/SocketServer, main([Ljava/lang/String;)V >"	34	51	50	java_type_ref("<Application,Lorg/apache/log4j/Hierarchy>")
"< Application, Lorg/apache/log4j/spi/LoggingEvent, readPriority(Ljava/io/ObjectInputStream;)V >"	2	8	7	java_type_ref("<Primordial,Ljava/lang/String>")
"< Application, Lorg/apache/log4j/xml/DOMConfigurator, parseFilters(Lorg/w3c/dom/Element;Lorg/apache/log4j/Appender;)V >"	20	32	28	java_type_ref("<Primordial,Lorg/w3c/dom/Element>")
"< Application, Lorg/apache/log4j/Hierarchy, updateParents(Lorg/apache/log4j/Category;)V >"	18	52	19	java_type_ref("<Application,Lorg/apache/log4j/Category>")
"< Application, Lorg/apache/log4j/NDC, pop()Ljava/lang/String; >"	3	7	6	java_type_ref("<Primordial,Ljava/util/Stack>")
"< Application, Lorg/apache/log4j/NDC, get()Ljava/lang/String; >"	8	14	13	java_type_ref("<Application,Lorg/apache/log4j/NDC$DiagnosticContext>")
"< Application, Lorg/apache/log4j/spi/LoggingEvent, readPriority(Ljava/io/ObjectInputStream;)V >"	23	31	30	java_type_ref("<Application,Lorg/apache/log4j/Priority>")
"< Application, Lorg/apache/log4j/CategoryKey, equals(Ljava/lang/Object;)Z >"	13	15	2	java_type_ref("<Application,Lorg/apache/log4j/CategoryKey>")
"< Application, Lorg/apache/log4j/NDC, push(Ljava/lang/String;)V >"	20	15	14	java_type_ref("<Application,Lorg/apache/log4j/NDC$DiagnosticContext>")
"< Application, Lorg/apache/log4j/or/ThreadGroupRenderer, doRender(Ljava/lang/Object;)Ljava/lang/String; >"	4	10	2	java_type_ref("<Primordial,Ljava/lang/ThreadGroup>")
"< Application, Lorg/apache/log4j/helpers/AppenderAttachableImpl, appendLoopOnAppenders(Lorg/apache/log4j/spi/LoggingEvent;)I >"	7	13	12	java_type_ref("<Application,Lorg/apache/log4j/Appender>")
"< Application, Lorg/apache/log4j/NDC, lazyRemove()V >"	15	18	17	java_type_ref("<Primordial,Ljava/lang/Thread>")
"< Application, Lweblech/spider/Spider, filterURLs(Ljava/util/List;)Ljava/util/List; >"	10	17	16	java_type_ref("<Primordial,Ljava/net/URL>")
"< Application, Lorg/apache/log4j/Hierarchy, shutdown()V >"	15	23	22	java_type_ref("<Application,Lorg/apache/log4j/Category>")
"< Application, Lorg/apache/log4j/Hierarchy, resetConfiguration()V >"	12	20	19	java_type_ref("<Application,Lorg/apache/log4j/Category>")
"< Application, Lweblech/spider/DownloadQueue, returnURLFrom(Ljava/util/List;)Lweblech/spider/URLToDownload; >"	1	7	6	java_type_ref("<Application,Lweblech/spider/URLToDownload>")
"< Application, Lorg/apache/log4j/NDC, pop()Ljava/lang/String; >"	8	15	14	java_type_ref("<Application,Lorg/apache/log4j/NDC$DiagnosticContext>")
"< Application, Lorg/apache/log4j/spi/ThrowableInformation, getThrowableStrRep()[Ljava/lang/String; >"	4	17	16	java_type_array(java_type_ref("<Primordial,Ljava/lang/String>"))
"< Application, Lorg/apache/log4j/RollingFileAppender, subAppend(Lorg/apache/log4j/spi/LoggingEvent;)V >"	4	8	7	java_type_ref("<Application,Lorg/apache/log4j/helpers/CountingQuietWriter>")
"< Application, Lorg/apache/log4j/NDC, push(Ljava/lang/String;)V >"	3	8	7	java_type_ref("<Primordial,Ljava/util/Stack>")
"< Application, Lorg/apache/log4j/spi/LoggingEvent, readPriority(Ljava/io/ObjectInputStream;)V >"	9	13	12	java_type_ref("<Primordial,Ljava/lang/reflect/Method>")
"< Application, Lorg/apache/log4j/NDC, peek()Ljava/lang/String; >"	3	7	6	java_type_ref("<Primordial,Ljava/util/Stack>")
"< Application, Lweblech/spider/URLGetter, getURL(Lweblech/spider/URLToDownload;)Lweblech/spider/URLObject; >"	26	46	45	java_type_ref("<Primordial,Ljava/net/HttpURLConnection>")
"< Application, Lorg/apache/log4j/xml/DOMConfigurator, parseAppender(Lorg/w3c/dom/Element;)Lorg/apache/log4j/Appender; >"	52	83	26	java_type_ref("<Application,Lorg/apache/log4j/spi/AppenderAttachable>")
"< Application, Lorg/apache/log4j/net/JMSSink, main([Ljava/lang/String;)V >"	21	30	29	java_type_ref("null")
"< Application, Lorg/apache/log4j/helpers/OptionConverter, toPriority(Ljava/lang/String;Lorg/apache/log4j/Priority;)Lorg/apache/log4j/Priority; >"	42	134	86	java_type_ref("<Application,Lorg/apache/log4j/Priority>")
"< Application, Lorg/apache/log4j/net/SMTPAppender, setEvaluatorClass(Ljava/lang/String;)V >"	9	14	13	java_type_ref("<Application,Lorg/apache/log4j/spi/TriggeringEventEvaluator>")
"< Application, Lorg/apache/log4j/Category, closeNestedAppenders()V >"	4	11	10	java_type_ref("<Application,Lorg/apache/log4j/Appender>")
"< Application, Lorg/apache/log4j/NDC, setMaxDepth(I)V >"	3	8	7	java_type_ref("<Primordial,Ljava/util/Stack>")
"< Application, Lorg/apache/log4j/xml/DOMConfigurator, parseAppender(Lorg/w3c/dom/Element;)Lorg/apache/log4j/Appender; >"	11	26	25	java_type_ref("<Application,Lorg/apache/log4j/Appender>")
"< Application, Lorg/apache/log4j/PropertyConfigurator, configureCategoryFactory(Ljava/util/Properties;)V >"	18	30	29	java_type_ref("<Application,Lorg/apache/log4j/spi/CategoryFactory>")
"< Application, Lorg/apache/log4j/NDC, cloneStack()Ljava/util/Stack; >"	7	11	10	java_type_ref("<Primordial,Ljava/util/Stack>")
"< Application, Lorg/apache/log4j/or/MessageRenderer, doRender(Ljava/lang/Object;)Ljava/lang/String; >"	4	10	2	java_type_ref("null")
"< Application, Lweblech/spider/SpiderConfig, matchURL(Ljava/net/URL;Ljava/util/List;)Z >"	5	14	13	java_type_ref("<Primordial,Ljava/lang/String>")
"< Application, Lorg/apache/log4j/xml/DOMConfigurator, parse(Lorg/w3c/dom/Element;Lorg/apache/log4j/Hierarchy;)V >"	71	118	115	java_type_ref("<Primordial,Lorg/w3c/dom/Element>")
"< Application, Lorg/apache/log4j/helpers/OptionConverter, selectAndConfigure(Ljava/net/URL;Lorg/apache/log4j/Hierarchy;)V >"	16	38	37	java_type_ref("<Application,Lorg/apache/log4j/spi/Configurator>")
"< Application, Lorg/apache/log4j/Hierarchy, getInstance(Ljava/lang/String;Lorg/apache/log4j/spi/CategoryFactory;)Lorg/apache/log4j/Category; >"	25	21	10	java_type_ref("<Application,Lorg/apache/log4j/ProvisionNode>")
"< Application, Lorg/apache/log4j/PropertyConfigurator, parseAppender(Ljava/util/Properties;Ljava/lang/String;)Lorg/apache/log4j/Appender; >"	28	34	33	java_type_ref("<Application,Lorg/apache/log4j/Appender>")
"< Application, Lorg/apache/log4j/RollingFileAppender, rollOver()V >"	4	9	8	java_type_ref("<Application,Lorg/apache/log4j/helpers/CountingQuietWriter>")
"< Application, Lorg/apache/log4j/NDC, peek()Ljava/lang/String; >"	8	15	14	java_type_ref("<Application,Lorg/apache/log4j/NDC$DiagnosticContext>")
