"< Application, Lorg/apache/log4j/xml/DOMConfigurator, parseAppender(Lorg/w3c/dom/Element;)Lorg/apache/log4j/Appender; >"	50	82	26	java_type_ref("<Application,Lorg/apache/log4j/spi/AppenderAttachable>")
"< Application, Lorg/apache/log4j/PropertyConfigurator, parseAppender(Ljava/util/Properties;Ljava/lang/String;)Lorg/apache/log4j/Appender; >"	39	36	34	java_type_ref("<Application,Lorg/apache/log4j/spi/OptionHandler>")
"< Application, Lorg/apache/log4j/or/MessageRenderer, doRender(Ljava/lang/Object;)Ljava/lang/String; >"	0	4	2	java_type_ref("null")
"< Application, Lorg/apache/log4j/Hierarchy, updateParents(Lorg/apache/log4j/Category;)V >"	16	26	19	java_type_ref("<Application,Lorg/apache/log4j/Category>")
"< Application, Lorg/apache/log4j/Hierarchy, getCurrentCategories()Ljava/util/Enumeration; >"	8	16	15	java_type_ref("<Application,Lorg/apache/log4j/Category>")
"< Application, Lorg/apache/log4j/config/PropertyPrinter, foundProperty(Ljava/lang/Object;Ljava/lang/String;Ljava/lang/String;Ljava/lang/Object;)V >"	0	7	2	java_type_ref("<Application,Lorg/apache/log4j/Appender>")
"< Application, Lorg/apache/log4j/or/ThreadGroupRenderer, doRender(Ljava/lang/Object;)Ljava/lang/String; >"	0	4	2	java_type_ref("<Primordial,Ljava/lang/ThreadGroup>")
"< Application, Lorg/apache/log4j/Hierarchy, updateParents(Lorg/apache/log4j/Category;)V >"	21	27	19	java_type_ref("<Application,Lorg/apache/log4j/ProvisionNode>")
"< Application, Lorg/apache/log4j/Hierarchy, getInstance(Ljava/lang/String;Lorg/apache/log4j/spi/CategoryFactory;)Lorg/apache/log4j/Category; >"	19	14	10	java_type_ref("<Application,Lorg/apache/log4j/ProvisionNode>")
"< Application, Lorg/apache/log4j/Hierarchy, getInstance(Ljava/lang/String;Lorg/apache/log4j/spi/CategoryFactory;)Lorg/apache/log4j/Category; >"	14	12	10	java_type_ref("<Application,Lorg/apache/log4j/Category>")
"< Application, Lorg/apache/log4j/config/PropertySetter, setProperties(Ljava/util/Properties;Ljava/lang/String;)V >"	16	30	29	java_type_ref("<Application,Lorg/apache/log4j/Appender>")
"< Application, Lorg/apache/log4j/config/PropertySetter, activate()V >"	1	4	3	java_type_ref("<Application,Lorg/apache/log4j/spi/OptionHandler>")
"< Application, Lorg/apache/log4j/Category, closeNestedAppenders()V >"	5	12	11	java_type_ref("<Application,Lorg/apache/log4j/spi/AppenderAttachable>")
"< Application, Lorg/apache/log4j/Hierarchy, exists(Ljava/lang/String;)Lorg/apache/log4j/Category; >"	4	9	8	java_type_ref("<Application,Lorg/apache/log4j/Category>")
"< Application, Lorg/apache/log4j/spi/LoggingEvent, getRenderedMessage()Ljava/lang/String; >"	5	7	6	java_type_ref("<Primordial,Ljava/lang/String>")
