"< Application, Lweblech/spider/URLGetter, getURL(Lweblech/spider/URLToDownload;)Lweblech/spider/URLObject; >"	113	172	java_prim_type_int	171	java_prim_type_double
"< Application, Lweblech/spider/URLGetter, getURL(Lweblech/spider/URLToDownload;)Lweblech/spider/URLObject; >"	109	167	java_prim_type_double	166	java_prim_type_int
"< Application, Lorg/apache/log4j/helpers/CountingQuietWriter, write(Ljava/lang/String;)V >"	4	14	java_prim_type_long	13	java_prim_type_int
"< Application, Lweblech/spider/URLGetter, getURL(Lweblech/spider/URLToDownload;)Lweblech/spider/URLObject; >"	110	168	java_prim_type_double	165	java_prim_type_long
"< Application, Lweblech/spider/URLObject, <init>(Ljava/net/URL;Lweblech/spider/SpiderConfig;)V >"	25	36	java_prim_type_int	35	java_prim_type_long
"< Application, Lorg/apache/log4j/net/SocketAppender$Connector, run()V >"	3	7	java_prim_type_long	6	java_prim_type_int
