"< Application, Lorg/apache/log4j/helpers/PatternParser, finalizeConverter(C)V >"	0	2	java_constant_int(99)	"bb2"
"< Application, Lorg/apache/log4j/AppenderSkeleton, doAppend(Lorg/apache/log4j/spi/LoggingEvent;)V >"	17	26	java_constant_int(-1)	"bb19"
"< Application, Lorg/apache/log4j/helpers/ISO8601DateFormat, format(Ljava/util/Date;Ljava/lang/StringBuffer;Ljava/text/FieldPosition;)Ljava/lang/StringBuffer; >"	7	17	java_constant_int(11)	"bb20"
"< Application, Lorg/apache/log4j/AppenderSkeleton, doAppend(Lorg/apache/log4j/spi/LoggingEvent;)V >"	17	26	java_constant_int(0)	"bb21"
"< Application, Lorg/apache/log4j/helpers/ISO8601DateFormat, format(Ljava/util/Date;Ljava/lang/StringBuffer;Ljava/text/FieldPosition;)Ljava/lang/StringBuffer; >"	7	17	java_constant_int(6)	"bb15"
"< Application, Lorg/apache/log4j/helpers/ISO8601DateFormat, format(Ljava/util/Date;Ljava/lang/StringBuffer;Ljava/text/FieldPosition;)Ljava/lang/StringBuffer; >"	7	17	java_constant_int(3)	"bb12"
"< Application, Lorg/apache/log4j/helpers/PatternParser, parse()Lorg/apache/log4j/helpers/PatternConverter; >"	19	22	java_constant_int(37)	"bb20"
"< Application, Lorg/apache/log4j/helpers/PatternParser$LocationPatternConverter, convert(Lorg/apache/log4j/spi/LoggingEvent;)Ljava/lang/String; >"	2	6	java_constant_int(1004)	"bb10"
"< Application, Lorg/apache/log4j/net/SyslogAppender, getFacilityString(I)Ljava/lang/String; >"	0	1	java_constant_int(40)	"bb7"
"< Application, Lorg/apache/log4j/RollingCalendar, getNextCheckDate(Ljava/util/Date;)Ljava/util/Date; >"	2	5	java_constant_int(4)	"bb29"
"< Application, Lorg/apache/log4j/net/SyslogAppender, getFacilityString(I)Ljava/lang/String; >"	0	1	java_constant_int(8)	"bb3"
"< Application, Lorg/apache/log4j/helpers/PatternParser, finalizeConverter(C)V >"	0	2	java_constant_int(120)	"bb104"
"< Application, Lorg/apache/log4j/helpers/PatternParser$LocationPatternConverter, convert(Lorg/apache/log4j/spi/LoggingEvent;)Ljava/lang/String; >"	2	6	java_constant_int(1000)	"bb4"
"< Application, Lorg/apache/log4j/net/SyslogAppender, getFacilityString(I)Ljava/lang/String; >"	0	1	java_constant_int(24)	"bb5"
"< Application, Lorg/apache/log4j/net/SyslogAppender, getFacilityString(I)Ljava/lang/String; >"	0	1	java_constant_int(152)	"bb17"
"< Application, Lorg/apache/log4j/helpers/PatternParser, parse()Lorg/apache/log4j/helpers/PatternConverter; >"	19	22	java_constant_int(110)	"bb25"
"< Application, Lorg/apache/log4j/helpers/ISO8601DateFormat, format(Ljava/util/Date;Ljava/lang/StringBuffer;Ljava/text/FieldPosition;)Ljava/lang/StringBuffer; >"	7	17	java_constant_int(8)	"bb17"
"< Application, Lorg/apache/log4j/RollingCalendar, getNextCheckDate(Ljava/util/Date;)Ljava/util/Date; >"	2	5	java_constant_int(0)	"bb4"
"< Application, Lorg/apache/log4j/helpers/PatternParser, parse()Lorg/apache/log4j/helpers/PatternConverter; >"	54	11	java_constant_int(46)	"bb55"
"< Application, Lorg/apache/log4j/net/SyslogAppender, getFacilityString(I)Ljava/lang/String; >"	0	1	java_constant_int(168)	"bb19"
"< Application, Lorg/apache/log4j/helpers/ISO8601DateFormat, format(Ljava/util/Date;Ljava/lang/StringBuffer;Ljava/text/FieldPosition;)Ljava/lang/StringBuffer; >"	7	17	java_constant_int(1)	"bb10"
"< Application, Lorg/apache/log4j/helpers/PatternParser, finalizeConverter(C)V >"	0	2	java_constant_int(109)	"bb74"
"< Application, Lorg/apache/log4j/net/SyslogAppender, getFacilityString(I)Ljava/lang/String; >"	0	1	java_constant_int(160)	"bb18"
"< Application, Lorg/apache/log4j/helpers/PatternParser, parse()Lorg/apache/log4j/helpers/PatternConverter; >"	8	12	java_constant_int(5)	"bb99"
"< Application, Lorg/apache/log4j/helpers/PatternParser, parse()Lorg/apache/log4j/helpers/PatternConverter; >"	8	12	java_constant_int(1)	"bb49"
"< Application, Lorg/apache/log4j/helpers/PatternParser$LocationPatternConverter, convert(Lorg/apache/log4j/spi/LoggingEvent;)Ljava/lang/String; >"	2	6	java_constant_int(1003)	"bb8"
"< Application, Lorg/apache/log4j/Priority, toPriority(ILorg/apache/log4j/Priority;)Lorg/apache/log4j/Priority; >"	0	1	java_constant_int(40000)	"bb5"
"< Application, Lorg/apache/log4j/net/SyslogAppender, getFacilityString(I)Ljava/lang/String; >"	0	1	java_constant_int(32)	"bb6"
"< Application, Lorg/apache/log4j/helpers/PatternParser, finalizeConverter(C)V >"	0	2	java_constant_int(108)	"bb62"
"< Application, Lorg/apache/log4j/DailyRollingFileAppender, printPeriodicity(I)V >"	0	2	java_constant_int(3)	"bb29"
"< Application, Lorg/apache/log4j/helpers/ISO8601DateFormat, format(Ljava/util/Date;Ljava/lang/StringBuffer;Ljava/text/FieldPosition;)Ljava/lang/StringBuffer; >"	7	17	java_constant_int(9)	"bb18"
"< Application, Lorg/apache/log4j/Priority, toPriority(ILorg/apache/log4j/Priority;)Lorg/apache/log4j/Priority; >"	0	1	java_constant_int(10000)	"bb2"
"< Application, Lorg/apache/log4j/helpers/PatternParser, finalizeConverter(C)V >"	0	2	java_constant_int(67)	"bb9"
"< Application, Lorg/apache/log4j/DailyRollingFileAppender, printPeriodicity(I)V >"	0	2	java_constant_int(5)	"bb47"
"< Application, Lorg/apache/log4j/helpers/ISO8601DateFormat, format(Ljava/util/Date;Ljava/lang/StringBuffer;Ljava/text/FieldPosition;)Ljava/lang/StringBuffer; >"	7	17	java_constant_int(0)	"bb9"
"< Application, Lorg/apache/log4j/helpers/PatternParser, parse()Lorg/apache/log4j/helpers/PatternConverter; >"	8	12	java_constant_int(4)	"bb65"
"< Application, Lorg/apache/log4j/net/SyslogAppender, getFacilityString(I)Ljava/lang/String; >"	0	1	java_constant_int(184)	"bb21"
"< Application, Lorg/apache/log4j/helpers/PatternParser, finalizeConverter(C)V >"	0	2	java_constant_int(112)	"bb86"
"< Application, Lorg/apache/log4j/net/SyslogAppender, getFacilityString(I)Ljava/lang/String; >"	0	1	java_constant_int(56)	"bb9"
"< Application, Lorg/apache/log4j/helpers/PatternParser$LocationPatternConverter, convert(Lorg/apache/log4j/spi/LoggingEvent;)Ljava/lang/String; >"	2	6	java_constant_int(1002)	"bb12"
"< Application, Lorg/apache/log4j/net/SyslogAppender, getFacilityString(I)Ljava/lang/String; >"	0	1	java_constant_int(80)	"bb12"
"< Application, Lorg/apache/log4j/helpers/PatternParser$BasicPatternConverter, convert(Lorg/apache/log4j/spi/LoggingEvent;)Ljava/lang/String; >"	1	4	java_constant_int(2001)	"bb7"
"< Application, Lorg/apache/log4j/net/SyslogAppender, getFacilityString(I)Ljava/lang/String; >"	0	1	java_constant_int(176)	"bb20"
"< Application, Lorg/apache/log4j/net/SyslogAppender, getFacilityString(I)Ljava/lang/String; >"	0	1	java_constant_int(16)	"bb4"
"< Application, Lorg/apache/log4j/helpers/PatternParser, parse()Lorg/apache/log4j/helpers/PatternConverter; >"	54	11	java_constant_int(45)	"bb52"
"< Application, Lorg/apache/log4j/net/SyslogAppender, getFacilityString(I)Ljava/lang/String; >"	0	1	java_constant_int(88)	"bb13"
"< Application, Lorg/apache/log4j/net/SyslogAppender, getFacilityString(I)Ljava/lang/String; >"	0	1	java_constant_int(72)	"bb11"
"< Application, Lorg/apache/log4j/helpers/PatternParser, parse()Lorg/apache/log4j/helpers/PatternConverter; >"	8	12	java_constant_int(3)	"bb79"
"< Application, Lorg/apache/log4j/DailyRollingFileAppender, printPeriodicity(I)V >"	0	2	java_constant_int(4)	"bb38"
"< Application, Lorg/apache/log4j/net/SyslogAppender, getFacilityString(I)Ljava/lang/String; >"	0	1	java_constant_int(64)	"bb10"
"< Application, Lorg/apache/log4j/helpers/ISO8601DateFormat, format(Ljava/util/Date;Ljava/lang/StringBuffer;Ljava/text/FieldPosition;)Ljava/lang/StringBuffer; >"	7	17	java_constant_int(7)	"bb16"
"< Application, Lorg/apache/log4j/helpers/PatternParser$LocationPatternConverter, convert(Lorg/apache/log4j/spi/LoggingEvent;)Ljava/lang/String; >"	2	6	java_constant_int(1001)	"bb6"
"< Application, Lorg/apache/log4j/RollingCalendar, getNextCheckDate(Ljava/util/Date;)Ljava/util/Date; >"	2	5	java_constant_int(3)	"bb23"
"< Application, Lorg/apache/log4j/helpers/PatternParser$BasicPatternConverter, convert(Lorg/apache/log4j/spi/LoggingEvent;)Ljava/lang/String; >"	1	4	java_constant_int(2002)	"bb9"
"< Application, Lorg/apache/log4j/RollingCalendar, getNextCheckDate(Ljava/util/Date;)Ljava/util/Date; >"	2	5	java_constant_int(5)	"bb36"
"< Application, Lorg/apache/log4j/helpers/PatternParser, finalizeConverter(C)V >"	0	2	java_constant_int(116)	"bb98"
"< Application, Lorg/apache/log4j/Priority, toPriority(ILorg/apache/log4j/Priority;)Lorg/apache/log4j/Priority; >"	0	1	java_constant_int(50000)	"bb6"
"< Application, Lorg/apache/log4j/Priority, toPriority(ILorg/apache/log4j/Priority;)Lorg/apache/log4j/Priority; >"	0	1	java_constant_int(30000)	"bb4"
"< Application, Lorg/apache/log4j/helpers/PatternParser$BasicPatternConverter, convert(Lorg/apache/log4j/spi/LoggingEvent;)Ljava/lang/String; >"	1	4	java_constant_int(2003)	"bb12"
"< Application, Lorg/apache/log4j/RollingCalendar, getNextCheckDate(Ljava/util/Date;)Ljava/util/Date; >"	2	5	java_constant_int(1)	"bb8"
"< Application, Lorg/apache/log4j/net/SyslogAppender, getFacilityString(I)Ljava/lang/String; >"	0	1	java_constant_int(136)	"bb15"
"< Application, Lorg/apache/log4j/DailyRollingFileAppender, printPeriodicity(I)V >"	0	2	java_constant_int(1)	"bb11"
"< Application, Lorg/apache/log4j/net/SyslogAppender, getFacilityString(I)Ljava/lang/String; >"	0	1	java_constant_int(0)	"bb2"
"< Application, Lorg/apache/log4j/helpers/PatternParser, finalizeConverter(C)V >"	0	2	java_constant_int(70)	"bb56"
"< Application, Lorg/apache/log4j/helpers/PatternParser$BasicPatternConverter, convert(Lorg/apache/log4j/spi/LoggingEvent;)Ljava/lang/String; >"	1	4	java_constant_int(2000)	"bb3"
"< Application, Lorg/apache/log4j/helpers/ISO8601DateFormat, format(Ljava/util/Date;Ljava/lang/StringBuffer;Ljava/text/FieldPosition;)Ljava/lang/StringBuffer; >"	7	17	java_constant_int(10)	"bb19"
"< Application, Lorg/apache/log4j/helpers/PatternParser, parse()Lorg/apache/log4j/helpers/PatternConverter; >"	8	12	java_constant_int(2)	"bb110"
"< Application, Lorg/apache/log4j/helpers/PatternParser, finalizeConverter(C)V >"	0	2	java_constant_int(100)	"bb16"
"< Application, Lorg/apache/log4j/helpers/ISO8601DateFormat, format(Ljava/util/Date;Ljava/lang/StringBuffer;Ljava/text/FieldPosition;)Ljava/lang/StringBuffer; >"	7	17	java_constant_int(5)	"bb14"
"< Application, Lorg/apache/log4j/Priority, toPriority(ILorg/apache/log4j/Priority;)Lorg/apache/log4j/Priority; >"	0	1	java_constant_int(20000)	"bb3"
"< Application, Lorg/apache/log4j/helpers/PatternParser$BasicPatternConverter, convert(Lorg/apache/log4j/spi/LoggingEvent;)Ljava/lang/String; >"	1	4	java_constant_int(2004)	"bb14"
"< Application, Lorg/apache/log4j/helpers/ISO8601DateFormat, format(Ljava/util/Date;Ljava/lang/StringBuffer;Ljava/text/FieldPosition;)Ljava/lang/StringBuffer; >"	7	17	java_constant_int(4)	"bb13"
"< Application, Lorg/apache/log4j/helpers/PatternParser, finalizeConverter(C)V >"	0	2	java_constant_int(77)	"bb80"
"< Application, Lorg/apache/log4j/helpers/PatternParser, parse()Lorg/apache/log4j/helpers/PatternConverter; >"	8	12	java_constant_int(0)	"bb9"
"< Application, Lorg/apache/log4j/AppenderSkeleton, doAppend(Lorg/apache/log4j/spi/LoggingEvent;)V >"	17	26	java_constant_int(1)	"bb20"
"< Application, Lorg/apache/log4j/RollingCalendar, getNextCheckDate(Ljava/util/Date;)Ljava/util/Date; >"	2	5	java_constant_int(2)	"bb13"
"< Application, Lorg/apache/log4j/DailyRollingFileAppender, printPeriodicity(I)V >"	0	2	java_constant_int(0)	"bb2"
"< Application, Lorg/apache/log4j/helpers/ISO8601DateFormat, format(Ljava/util/Date;Ljava/lang/StringBuffer;Ljava/text/FieldPosition;)Ljava/lang/StringBuffer; >"	7	17	java_constant_int(2)	"bb11"
"< Application, Lorg/apache/log4j/net/SyslogAppender, getFacilityString(I)Ljava/lang/String; >"	0	1	java_constant_int(144)	"bb16"
"< Application, Lorg/apache/log4j/DailyRollingFileAppender, printPeriodicity(I)V >"	0	2	java_constant_int(2)	"bb20"
"< Application, Lorg/apache/log4j/net/SyslogAppender, getFacilityString(I)Ljava/lang/String; >"	0	1	java_constant_int(48)	"bb8"
"< Application, Lorg/apache/log4j/helpers/PatternParser, finalizeConverter(C)V >"	0	2	java_constant_int(76)	"bb68"
"< Application, Lorg/apache/log4j/net/SyslogAppender, getFacilityString(I)Ljava/lang/String; >"	0	1	java_constant_int(128)	"bb14"
"< Application, Lorg/apache/log4j/helpers/PatternParser, finalizeConverter(C)V >"	0	2	java_constant_int(114)	"bb92"
