"< Application, Lorg/apache/log4j/helpers/PatternParser, parse()Lorg/apache/log4j/helpers/PatternConverter; >"	14	"bb110"
"< Application, Lweblech/ui/TextSpider, main([Ljava/lang/String;)V >"	77	"bb56"
"< Application, Lorg/apache/log4j/xml/DOMConfigurator, findAppenderByReference(Lorg/w3c/dom/Element;)Lorg/apache/log4j/Appender; >"	17	"bb22"
"< Application, Lorg/apache/log4j/Category, callAppenders(Lorg/apache/log4j/spi/LoggingEvent;)V >"	11	"bb19"
"< Application, Lorg/apache/log4j/xml/DOMConfigurator, parsePriority(Lorg/w3c/dom/Element;Lorg/apache/log4j/Category;Z)V >"	43	"bb52"
"< Application, Lorg/apache/log4j/Hierarchy, updateParents(Lorg/apache/log4j/Category;)V >"	20	"bb37"
"< Application, Lorg/apache/log4j/xml/DOMConfigurator, parseFilters(Lorg/w3c/dom/Element;Lorg/apache/log4j/Appender;)V >"	16	"bb24"
"< Application, Lorg/apache/log4j/helpers/PatternParser, parse()Lorg/apache/log4j/helpers/PatternConverter; >"	1	"bb110"
"< Application, Lorg/apache/log4j/net/SocketAppender, connect(Ljava/net/InetAddress;I)V >"	10	"bb21"
"< Application, Lorg/apache/log4j/spi/LocationInfo, getFileName()Ljava/lang/String; >"	9	"bb16"
"< Application, Lorg/apache/log4j/ConsoleAppender, setTarget(Ljava/lang/String;)V >"	4	"bb11"
"< Application, Lorg/apache/log4j/helpers/QuietWriter, flush()V >"	2	"bb6"
"< Application, Lorg/apache/log4j/spi/LoggingEvent, writePriority(Ljava/io/ObjectOutputStream;)V >"	9	"bb10"
"< Application, Lorg/apache/log4j/DailyRollingFileAppender, printPeriodicity(I)V >"	54	"bb64"
"< Application, Lorg/apache/log4j/DailyRollingFileAppender, rollOver()V >"	40	"bb52"
"< Application, Lorg/apache/log4j/Hierarchy, resetConfiguration()V >"	19	"bb22"
"< Application, Lorg/apache/log4j/xml/DOMConfigurator, parseChildrenOfCategoryElement(Lorg/w3c/dom/Element;Lorg/apache/log4j/Category;Z)V >"	41	"bb46"
"< Application, Lweblech/spider/URLObject, textReplace(Ljava/lang/String;Ljava/lang/String;Ljava/lang/String;)Ljava/lang/String; >"	3	"bb16"
"< Application, Lorg/apache/log4j/varia/Roller, init(Ljava/lang/String;Ljava/lang/String;)V >"	3	"bb10"
"< Application, Lorg/apache/log4j/net/SocketNode, run()V >"	21	"bb20"
"< Application, Lorg/apache/log4j/config/PropertySetter, setProperties(Ljava/util/Properties;Ljava/lang/String;)V >"	18	"bb19"
"< Application, Lorg/apache/log4j/RollingFileAppenderBeanInfo, <init>()V >"	49	"bb41"
"< Application, Lorg/apache/log4j/helpers/ISO8601DateFormat, format(Ljava/util/Date;Ljava/lang/StringBuffer;Ljava/text/FieldPosition;)Ljava/lang/StringBuffer; >"	10	"bb22"
"< Application, Lorg/apache/log4j/xml/DOMConfigurator, parseChildrenOfCategoryElement(Lorg/w3c/dom/Element;Lorg/apache/log4j/Category;Z)V >"	28	"bb37"
"< Application, Lorg/apache/log4j/config/PropertyPrinter, print(Ljava/io/PrintWriter;)V >"	3	"bb8"
"< Application, Lorg/apache/log4j/WriterAppender, setErrorHandler(Lorg/apache/log4j/spi/ErrorHandler;)V >"	2	"bb9"
"< Application, Lorg/apache/log4j/varia/HUP, run()V >"	19	"bb6"
"< Application, Lorg/apache/log4j/net/JMSSink, main([Ljava/lang/String;)V >"	12	"bb13"
"< Application, Lorg/apache/log4j/xml/DOMConfigurator, parse(Lorg/w3c/dom/Element;Lorg/apache/log4j/Hierarchy;)V >"	67	"bb86"
"< Application, Lorg/apache/log4j/spi/LocationInfo, getMethodName()Ljava/lang/String; >"	11	"bb16"
"< Application, Lorg/apache/log4j/helpers/OptionConverter, selectAndConfigure(Ljava/net/URL;Lorg/apache/log4j/Hierarchy;)V >"	12	"bb13"
"< Application, Lorg/apache/log4j/helpers/PatternParser, finalizeConverter(C)V >"	14	"bb126"
"< Application, Lorg/apache/log4j/xml/DOMConfigurator, parseChildrenOfCategoryElement(Lorg/w3c/dom/Element;Lorg/apache/log4j/Category;Z)V >"	37	"bb46"
"< Application, Lweblech/ui/TextSpider, main([Ljava/lang/String;)V >"	38	"bb44"
"< Application, Lorg/apache/log4j/net/SyslogAppender, setOption(Ljava/lang/String;Ljava/lang/String;)V >"	6	"bb17"
"< Application, Lorg/apache/log4j/AppenderSkeleton, setErrorHandler(Lorg/apache/log4j/spi/ErrorHandler;)V >"	2	"bb5"
"< Application, Lorg/apache/log4j/config/PropertyGetter, isHandledType(Ljava/lang/Class;)Z >"	4	"bb5"
"< Application, Lorg/apache/log4j/DailyRollingFileAppender, printPeriodicity(I)V >"	45	"bb64"
"< Application, Lorg/apache/log4j/helpers/ISO8601DateFormat, format(Ljava/util/Date;Ljava/lang/StringBuffer;Ljava/text/FieldPosition;)Ljava/lang/StringBuffer; >"	13	"bb22"
"< Application, Lorg/apache/log4j/helpers/PatternParser, parse()Lorg/apache/log4j/helpers/PatternConverter; >"	32	"bb110"
"< Application, Lorg/apache/log4j/spi/VectorWriter, toStringArray()[Ljava/lang/String; >"	3	"bb10"
"< Application, Lorg/apache/log4j/helpers/CyclicBuffer, resize(I)V >"	16	"bb19"
"< Application, Lorg/apache/log4j/ConsoleAppender, <init>(Lorg/apache/log4j/Layout;Ljava/lang/String;)V >"	16	"bb17"
"< Application, Lorg/apache/log4j/DailyRollingFileAppender, printPeriodicity(I)V >"	27	"bb64"
"< Application, Lorg/apache/log4j/helpers/OptionConverter, toFileSize(Ljava/lang/String;J)J >"	11	"bb17"
"< Application, Lorg/apache/log4j/helpers/OptionConverter, convertSpecialChars(Ljava/lang/String;)Ljava/lang/String; >"	20	"bb24"
"< Application, Lorg/apache/log4j/AppenderSkeleton, isAsSevereAsThreshold(Lorg/apache/log4j/Priority;)Z >"	5	"bb8"
"< Application, Lorg/apache/log4j/helpers/OptionConverter, selectAndConfigure(Ljava/net/URL;Lorg/apache/log4j/Hierarchy;)V >"	36	"bb37"
"< Application, Lorg/apache/log4j/xml/DOMConfigurator, parseFilters(Lorg/w3c/dom/Element;Lorg/apache/log4j/Appender;)V >"	6	"bb7"
"< Application, Lorg/apache/log4j/net/SocketServer, usage(Ljava/lang/String;)V >"	10	"bb9"
"< Application, Lorg/apache/log4j/Dispatcher, close()V >"	9	"bb13"
"< Application, Lweblech/spider/Spider, run()V >"	28	"bb14"
"< Application, Lorg/apache/log4j/nt/NTEventLogAppender, append(Lorg/apache/log4j/spi/LoggingEvent;)V >"	11	"bb16"
"< Application, Lweblech/spider/Spider, run()V >"	102	"bb100"
"< Application, Lorg/apache/log4j/spi/LocationInfo, <clinit>()V >"	11	"bb9"
"< Application, Lorg/apache/log4j/net/SMTPAppender, getEvaluatorClass()Ljava/lang/String; >"	2	"bb7"
"< Application, Lorg/apache/log4j/PatternLayout, format(Lorg/apache/log4j/spi/LoggingEvent;)Ljava/lang/String; >"	10	"bb16"
"< Application, Lorg/apache/log4j/WriterAppender, subAppend(Lorg/apache/log4j/spi/LoggingEvent;)V >"	10	"bb18"
"< Application, Lorg/apache/log4j/helpers/OptionConverter, convertSpecialChars(Ljava/lang/String;)Ljava/lang/String; >"	14	"bb24"
"< Application, Lweblech/spider/DownloadQueue, queueURL(Lweblech/spider/URLToDownload;)V >"	28	"bb39"
"< Application, Lorg/apache/log4j/NDC, lazyRemove()V >"	31	"bb39"
"< Application, Lorg/apache/log4j/DailyRollingFileAppender, computeCheckPeriod()I >"	6	"bb22"
"< Application, Lorg/apache/log4j/NDC, push(Ljava/lang/String;)V >"	18	"bb24"
"< Application, Lorg/apache/log4j/xml/DOMConfigurator, doConfigure(Ljava/lang/String;Lorg/apache/log4j/Hierarchy;)V >"	13	"bb29"
"< Application, Lorg/apache/log4j/Category, <clinit>()V >"	46	"bb40"
"< Application, Lweblech/spider/Spider, isRunning()Z >"	2	"bb5"
"< Application, Lorg/apache/log4j/RollingFileAppender, setOption(Ljava/lang/String;Ljava/lang/String;)V >"	7	"bb13"
"< Application, Lorg/apache/log4j/config/PropertySetter, convertArg(Ljava/lang/String;Ljava/lang/Class;)Ljava/lang/Object; >"	7	"bb8"
"< Application, Lorg/apache/log4j/Dispatcher, run()V >"	38	"bb2"
"< Application, Lorg/apache/log4j/net/SocketServer, <clinit>()V >"	6	"bb5"
"< Application, Lorg/apache/log4j/RollingCalendar, getNextCheckDate(Ljava/util/Date;)Ljava/util/Date; >"	40	"bb45"
"< Application, Lorg/apache/log4j/AsyncAppender, removeAllAppenders()V >"	5	"bb9"
"< Application, Lorg/apache/log4j/xml/DOMConfigurator, doConfigure(Ljava/lang/String;Lorg/apache/log4j/Hierarchy;)V >"	3	"bb18"
"< Application, Lorg/apache/log4j/xml/DOMConfigurator, parseCategory(Lorg/w3c/dom/Element;Lorg/apache/log4j/Hierarchy;)V >"	8	"bb32"
"< Application, Lorg/apache/log4j/net/SyslogAppender, append(Lorg/apache/log4j/spi/LoggingEvent;)V >"	21	"bb24"
"< Application, Lorg/apache/log4j/FileAppender, setFile(Ljava/lang/String;)V >"	14	"bb15"
"< Application, Lorg/apache/log4j/varia/StringMatchFilter, setOption(Ljava/lang/String;Ljava/lang/String;)V >"	3	"bb10"
"< Application, Lorg/apache/log4j/config/PropertySetter, convertArg(Ljava/lang/String;Ljava/lang/Class;)Ljava/lang/Object; >"	40	"bb33"
"< Application, Lorg/apache/log4j/Dispatcher, run()V >"	12	"bb17"
"< Application, Lorg/apache/log4j/helpers/SyslogWriter, <init>(Ljava/lang/String;)V >"	5	"bb13"
"< Application, Lorg/apache/log4j/nt/NTEventLogAppender, <init>(Ljava/lang/String;Ljava/lang/String;Lorg/apache/log4j/Layout;)V >"	10	"bb13"
"< Application, Lweblech/spider/DownloadQueue, queueURL(Lweblech/spider/URLToDownload;)V >"	34	"bb39"
"< Application, Lorg/apache/log4j/FileAppender, activateOptions()V >"	5	"bb19"
"< Application, Lorg/apache/log4j/xml/DOMConfigurator, parseAppender(Lorg/w3c/dom/Element;)Lorg/apache/log4j/Appender; >"	44	"bb76"
"< Application, Lorg/apache/log4j/xml/DOMConfigurator, parse(Lorg/w3c/dom/Element;Lorg/apache/log4j/Hierarchy;)V >"	7	"bb11"
"< Application, Lorg/apache/log4j/helpers/OptionConverter, toFileSize(Ljava/lang/String;J)J >"	7	"bb17"
"< Application, Lorg/apache/log4j/net/SocketNode, run()V >"	0	"bb2"
"< Application, Lorg/apache/log4j/xml/DOMConfigurator, doConfigure(Ljava/lang/String;Lorg/apache/log4j/Hierarchy;)V >"	22	"bb28"
"< Application, Lorg/apache/log4j/net/SimpleSocketServer, main([Ljava/lang/String;)V >"	38	"bb17"
"< Application, Lorg/apache/log4j/xml/DOMConfigurator, doConfigure(Ljava/lang/String;Lorg/apache/log4j/Hierarchy;)V >"	4	"bb17"
"< Application, Lorg/apache/log4j/RollingCalendar, getNextCheckDate(Ljava/util/Date;)Ljava/util/Date; >"	21	"bb45"
"< Application, Lorg/apache/log4j/config/PropertyGetter, getProperties(Lorg/apache/log4j/config/PropertyGetter$PropertyCallback;Ljava/lang/String;)V >"	19	"bb26"
"< Application, Lorg/apache/log4j/AsyncAppender, addAppender(Lorg/apache/log4j/Appender;)V >"	5	"bb9"
"< Application, Lorg/apache/log4j/AsyncAppender, append(Lorg/apache/log4j/spi/LoggingEvent;)V >"	29	"bb33"
"< Application, Lorg/apache/log4j/RollingFileAppenderBeanInfo, <init>()V >"	42	"bb36"
"< Application, Lorg/apache/log4j/helpers/ISO8601DateFormat, format(Ljava/util/Date;Ljava/lang/StringBuffer;Ljava/text/FieldPosition;)Ljava/lang/StringBuffer; >"	19	"bb22"
"< Application, Lweblech/ui/TextSpider, main([Ljava/lang/String;)V >"	26	"bb44"
"< Application, Lorg/apache/log4j/helpers/FileWatchdog, checkAndConfigure()V >"	2	"bb14"
"< Application, Lorg/apache/log4j/config/PropertyGetter, getProperties(Ljava/lang/Object;Lorg/apache/log4j/config/PropertyGetter$PropertyCallback;Ljava/lang/String;)V >"	3	"bb11"
"< Application, Lorg/apache/log4j/xml/DOMConfigurator, parseLayout(Lorg/w3c/dom/Element;)Lorg/apache/log4j/Layout; >"	16	"bb27"
"< Application, Lorg/apache/log4j/spi/LocationInfo, getClassName()Ljava/lang/String; >"	9	"bb23"
"< Application, Lweblech/spider/HTMLParser, isMailTo(Ljava/lang/String;)Z >"	5	"bb8"
"< Application, Lorg/apache/log4j/NDC, lazyRemove()V >"	13	"bb15"
"< Application, Lorg/apache/log4j/helpers/FileWatchdog, run()V >"	4	"bb7"
"< Application, Lorg/apache/log4j/net/SMTPAppender, setOption(Ljava/lang/String;Ljava/lang/String;)V >"	6	"bb45"
"< Application, Lweblech/spider/Spider, checkpointIfNeeded()V >"	25	"bb24"
"< Application, Lorg/apache/log4j/config/PropertyPrinter, printOptions(Ljava/io/PrintWriter;Lorg/apache/log4j/Category;)V >"	49	"bb55"
"< Application, Lweblech/spider/URLGetter, getURL(Lweblech/spider/URLToDownload;)Lweblech/spider/URLObject; >"	88	"bb67"
"< Application, Lorg/apache/log4j/helpers/DateLayout, setDateFormat(Ljava/lang/String;Ljava/util/TimeZone;)V >"	30	"bb37"
"< Application, Lweblech/spider/SpiderConfig, <init>(Ljava/util/Properties;)V >"	106	"bb112"
"< Application, Lorg/apache/log4j/xml/DOMConfigurator, parseAppender(Lorg/w3c/dom/Element;)Lorg/apache/log4j/Appender; >"	39	"bb76"
"< Application, Lorg/apache/log4j/helpers/PatternParser, finalizeConverter(C)V >"	112	"bb126"
"< Application, Lorg/apache/log4j/helpers/OptionConverter, toPriority(Ljava/lang/String;Lorg/apache/log4j/Priority;)Lorg/apache/log4j/Priority; >"	25	"bb25"
"< Application, Lweblech/spider/SpiderConfig, <init>(Ljava/util/Properties;)V >"	118	"bb112"
"< Application, Lorg/apache/log4j/spi/LoggingEvent, getRenderedMessage()Ljava/lang/String; >"	10	"bb17"
"< Application, Lweblech/spider/DownloadQueue, queueURL(Lweblech/spider/URLToDownload;)V >"	25	"bb39"
"< Application, Lorg/apache/log4j/xml/DOMConfigurator, parsePriority(Lorg/w3c/dom/Element;Lorg/apache/log4j/Category;Z)V >"	18	"bb52"
"< Application, Lorg/apache/log4j/FileAppender, setOption(Ljava/lang/String;Ljava/lang/String;)V >"	19	"bb20"
"< Application, Lorg/apache/log4j/helpers/BoundedFIFO, min(II)I >"	1	"bb4"
"< Application, Lorg/apache/log4j/xml/DOMConfigurator, parseCategory(Lorg/w3c/dom/Element;Lorg/apache/log4j/Hierarchy;)V >"	23	"bb32"
"< Application, Lorg/apache/log4j/HTMLLayout, escapeHTMLTags(Ljava/lang/String;)Ljava/lang/String; >"	8	"bb19"
"< Application, Lorg/apache/log4j/helpers/ISO8601DateFormat, format(Ljava/util/Date;Ljava/lang/StringBuffer;Ljava/text/FieldPosition;)Ljava/lang/StringBuffer; >"	16	"bb22"
"< Application, Lorg/apache/log4j/BasicConfigurator, <clinit>()V >"	4	"bb8"
"< Application, Lorg/apache/log4j/AppenderSkeleton, doAppend(Lorg/apache/log4j/spi/LoggingEvent;)V >"	15	"bb23"
"< Application, Lorg/apache/log4j/helpers/OptionConverter, convertSpecialChars(Ljava/lang/String;)Ljava/lang/String; >"	3	"bb26"
"< Application, Lorg/apache/log4j/config/PropertyGetter, getProperties(Lorg/apache/log4j/config/PropertyGetter$PropertyCallback;Ljava/lang/String;)V >"	5	"bb26"
"< Application, Lorg/apache/log4j/helpers/OptionConverter, toPriority(Ljava/lang/String;Lorg/apache/log4j/Priority;)Lorg/apache/log4j/Priority; >"	90	"bb89"
"< Application, Lorg/apache/log4j/AsyncAppender, append(Lorg/apache/log4j/spi/LoggingEvent;)V >"	16	"bb19"
"< Application, Lorg/apache/log4j/RollingFileAppenderBeanInfo, <init>()V >"	13	"bb29"
"< Application, Lorg/apache/log4j/net/SyslogAppender, initSyslogFacilityStr()V >"	16	"bb24"
"< Application, Lorg/apache/log4j/helpers/PatternParser, parse()Lorg/apache/log4j/helpers/PatternConverter; >"	51	"bb110"
"< Application, Lorg/apache/log4j/helpers/OptionConverter, convertSpecialChars(Ljava/lang/String;)Ljava/lang/String; >"	10	"bb24"
"< Application, Lweblech/spider/HTMLParser, extractAttributesFromTags(Ljava/lang/String;Ljava/lang/String;Ljava/net/URL;Ljava/util/List;Ljava/util/Set;Ljava/lang/String;)V >"	57	"bb54"
"< Application, Lorg/apache/log4j/xml/DOMConfigurator, findAppenderByReference(Lorg/w3c/dom/Element;)Lorg/apache/log4j/Appender; >"	9	"bb20"
"< Application, Lorg/apache/log4j/config/PropertySetter, setProperties(Ljava/util/Properties;Ljava/lang/String;)V >"	2	"bb19"
"< Application, Lweblech/spider/Spider, run()V >"	106	"bb78"
"< Application, Lorg/apache/log4j/net/SocketAppender, append(Lorg/apache/log4j/spi/LoggingEvent;)V >"	30	"bb42"
"< Application, Lorg/apache/log4j/Hierarchy, shutdown()V >"	20	"bb24"
"< Application, Lorg/apache/log4j/nt/NTEventLogAppender, <init>(Ljava/lang/String;Ljava/lang/String;Lorg/apache/log4j/Layout;)V >"	14	"bb18"
"< Application, Lorg/apache/log4j/DailyRollingFileAppender, subAppend(Lorg/apache/log4j/spi/LoggingEvent;)V >"	11	"bb13"
"< Application, Lorg/apache/log4j/helpers/SyslogWriter, <init>(Ljava/lang/String;)V >"	17	"bb25"
"< Application, Lorg/apache/log4j/xml/DOMConfigurator, doConfigure(Ljava/lang/String;Lorg/apache/log4j/Hierarchy;)V >"	17	"bb40"
"< Application, Lorg/apache/log4j/helpers/DateLayout, setDateFormat(Ljava/lang/String;Ljava/util/TimeZone;)V >"	6	"bb37"
"< Application, Lweblech/ui/TextSpider, pause(J)V >"	1	"bb4"
"< Application, Lorg/apache/log4j/config/PropertySetter, setProperty(Ljava/beans/PropertyDescriptor;Ljava/lang/String;Ljava/lang/String;)V >"	50	"bb54"
"< Application, Lorg/apache/log4j/Category, getChainedPriority()Lorg/apache/log4j/Priority; >"	0	"bb8"
"< Application, Lorg/apache/log4j/net/SMTPAppender, setOption(Ljava/lang/String;Ljava/lang/String;)V >"	32	"bb45"
"< Application, Lorg/apache/log4j/helpers/AppenderAttachableImpl, getAppender(Ljava/lang/String;)Lorg/apache/log4j/Appender; >"	6	"bb16"
"< Application, Lorg/apache/log4j/ConsoleAppender, setOption(Ljava/lang/String;Ljava/lang/String;)V >"	9	"bb14"
"< Application, Lorg/apache/log4j/xml/DOMConfigurator, parseAppender(Lorg/w3c/dom/Element;)Lorg/apache/log4j/Appender; >"	65	"bb76"
"< Application, Lorg/apache/log4j/Category, getResourceBundle()Ljava/util/ResourceBundle; >"	0	"bb8"
"< Application, Lorg/apache/log4j/varia/PriorityRangeFilter, setOption(Ljava/lang/String;Ljava/lang/String;)V >"	9	"bb16"
"< Application, Lorg/apache/log4j/AsyncAppender, close()V >"	15	"bb17"
"< Application, Lweblech/spider/HTMLParser, extractAttributesFromTags(Ljava/lang/String;Ljava/lang/String;Ljava/net/URL;Ljava/util/List;Ljava/util/Set;Ljava/lang/String;)V >"	60	"bb22"
"< Application, Lorg/apache/log4j/config/PropertyGetter, getProperties(Lorg/apache/log4j/config/PropertyGetter$PropertyCallback;Ljava/lang/String;)V >"	9	"bb26"
"< Application, Lorg/apache/log4j/helpers/PatternParser, finalizeConverter(C)V >"	27	"bb50"
"< Application, Lorg/apache/log4j/varia/PriorityMatchFilter, getPriorityToMatch()Ljava/lang/String; >"	2	"bb6"
"< Application, Lweblech/spider/DownloadQueue, queueURLs(Ljava/util/Collection;)V >"	6	"bb3"
"< Application, Lorg/apache/log4j/xml/DOMConfigurator, parseErrorHandler(Lorg/w3c/dom/Element;Lorg/apache/log4j/Appender;)V >"	6	"bb7"
"< Application, Lorg/apache/log4j/xml/DOMConfigurator, doConfigure(Ljava/lang/String;Lorg/apache/log4j/Hierarchy;)V >"	55	"bb16"
"< Application, Lorg/apache/log4j/helpers/OptionConverter, convertSpecialChars(Ljava/lang/String;)Ljava/lang/String; >"	22	"bb24"
"< Application, Lorg/apache/log4j/net/SimpleSocketServer, init(Ljava/lang/String;Ljava/lang/String;)V >"	2	"bb11"
"< Application, Lorg/apache/log4j/net/JMSAppender, setOption(Ljava/lang/String;Ljava/lang/String;)V >"	6	"bb11"
"< Application, Lorg/apache/log4j/net/SocketServer, main([Ljava/lang/String;)V >"	46	"bb18"
"< Application, Lorg/apache/log4j/helpers/OptionConverter, toPriority(Ljava/lang/String;Lorg/apache/log4j/Priority;)Lorg/apache/log4j/Priority; >"	62	"bb89"
"< Application, Lorg/apache/log4j/helpers/DateLayout, setDateFormat(Ljava/lang/String;Ljava/util/TimeZone;)V >"	18	"bb37"
"< Application, Lweblech/spider/SpiderConfig, fromSet(Ljava/util/Set;)Ljava/lang/String; >"	13	"bb5"
"< Application, Lorg/apache/log4j/helpers/PatternParser, finalizeConverter(C)V >"	22	"bb50"
"< Application, Lorg/apache/log4j/helpers/ISO8601DateFormat, format(Ljava/util/Date;Ljava/lang/StringBuffer;Ljava/text/FieldPosition;)Ljava/lang/StringBuffer; >"	8	"bb22"
"< Application, Lweblech/spider/HTMLParser, extractAttributesFromTags(Ljava/lang/String;Ljava/lang/String;Ljava/net/URL;Ljava/util/List;Ljava/util/Set;Ljava/lang/String;)V >"	49	"bb54"
"< Application, Lorg/apache/log4j/helpers/OptionConverter, toPriority(Ljava/lang/String;Lorg/apache/log4j/Priority;)Lorg/apache/log4j/Priority; >"	33	"bb30"
"< Application, Lorg/apache/log4j/config/PropertySetter, setProperty(Ljava/beans/PropertyDescriptor;Ljava/lang/String;Ljava/lang/String;)V >"	13	"bb26"
"< Application, Lweblech/ui/TextSpider, main([Ljava/lang/String;)V >"	11	"bb20"
"< Application, Lorg/apache/log4j/helpers/PatternParser, parse()Lorg/apache/log4j/helpers/PatternConverter; >"	25	"bb110"
"< Application, Lorg/apache/log4j/nt/NTEventLogAppender, activateOptions()V >"	6	"bb10"
"< Application, Lorg/apache/log4j/spi/LoggingEvent, readPriority(Ljava/io/ObjectInputStream;)V >"	25	"bb25"
"< Application, Lorg/apache/log4j/net/SMTPAppender, setOption(Ljava/lang/String;Ljava/lang/String;)V >"	18	"bb45"
"< Application, Lorg/apache/log4j/AsyncAppender, append(Lorg/apache/log4j/spi/LoggingEvent;)V >"	7	"bb19"
"< Application, Lorg/apache/log4j/RollingFileAppenderBeanInfo, <init>()V >"	24	"bb22"
"< Application, Lorg/apache/log4j/BasicConfigurator, addRenderer(Lorg/apache/log4j/Hierarchy;Ljava/lang/String;Ljava/lang/String;)V >"	13	"bb14"
"< Application, Lorg/apache/log4j/FileAppender, activateOptions()V >"	19	"bb29"
"< Application, Lorg/apache/log4j/PropertyConfigurator, parseCategory(Ljava/util/Properties;Lorg/apache/log4j/Category;Ljava/lang/String;Ljava/lang/String;Ljava/lang/String;)V >"	45	"bb62"
"< Application, Lweblech/spider/URLObject, <init>(Ljava/net/URL;Lweblech/spider/SpiderConfig;)V >"	12	"bb15"
"< Application, Lorg/apache/log4j/spi/LocationInfo, <init>(Ljava/lang/Throwable;Ljava/lang/String;)V >"	13	"bb13"
"< Application, Lorg/apache/log4j/FileAppender, setOption(Ljava/lang/String;Ljava/lang/String;)V >"	21	"bb26"
"< Application, Lorg/apache/log4j/AsyncAppender, close()V >"	7	"bb11"
"< Application, Lorg/apache/log4j/helpers/PatternParser, finalizeConverter(C)V >"	94	"bb126"
"< Application, Lorg/apache/log4j/PropertyConfigurator, configureCategoryFactory(Ljava/util/Properties;)V >"	13	"bb14"
"< Application, Lorg/apache/log4j/varia/Roller, roll()V >"	16	"bb23"
"< Application, Lorg/apache/log4j/AsyncAppender, setOption(Ljava/lang/String;Ljava/lang/String;)V >"	8	"bb15"
"< Application, Lorg/apache/log4j/helpers/ISO8601DateFormat, format(Ljava/util/Date;Ljava/lang/StringBuffer;Ljava/text/FieldPosition;)Ljava/lang/StringBuffer; >"	15	"bb22"
"< Application, Lorg/apache/log4j/DailyRollingFileAppender, activateOptions()V >"	26	"bb36"
"< Application, Lorg/apache/log4j/xml/DOMConfigurator, doConfigure(Ljava/net/URL;Lorg/apache/log4j/Hierarchy;)V >"	2	"bb11"
"< Application, Lweblech/spider/URLObject, <init>(Ljava/net/URL;Lweblech/spider/SpiderConfig;)V >"	33	"bb40"
"< Application, Lorg/apache/log4j/net/SyslogAppender, setOption(Ljava/lang/String;Ljava/lang/String;)V >"	12	"bb17"
"< Application, Lorg/apache/log4j/varia/HUP, run()V >"	0	"bb22"
"< Application, Lorg/apache/log4j/TTCCLayout, setOption(Ljava/lang/String;Ljava/lang/String;)V >"	12	"bb19"
"< Application, Lorg/apache/log4j/helpers/PatternParser, addToList(Lorg/apache/log4j/helpers/PatternConverter;)V >"	4	"bb9"
"< Application, Lorg/apache/log4j/helpers/OptionConverter, selectAndConfigure(Ljava/net/URL;Lorg/apache/log4j/Hierarchy;)V >"	32	"bb33"
"< Application, Lweblech/spider/SpiderConfig, matchURL(Ljava/net/URL;Ljava/util/List;)Z >"	9	"bb4"
"< Application, Lorg/apache/log4j/helpers/PatternParser, parse()Lorg/apache/log4j/helpers/PatternConverter; >"	66	"bb110"
"< Application, Lweblech/spider/URLGetter, getURL(Lweblech/spider/URLToDownload;)Lweblech/spider/URLObject; >"	101	"bb88"
"< Application, Lorg/apache/log4j/HTMLLayout, escapeHTMLTags(Ljava/lang/String;)Ljava/lang/String; >"	15	"bb18"
"< Application, Lorg/apache/log4j/helpers/OptionConverter, toPriority(Ljava/lang/String;Lorg/apache/log4j/Priority;)Lorg/apache/log4j/Priority; >"	52	"bb89"
"< Application, Lorg/apache/log4j/PropertyConfigurator, parseAppender(Ljava/util/Properties;Ljava/lang/String;)Lorg/apache/log4j/Appender; >"	47	"bb44"
"< Application, Lorg/apache/log4j/net/SMTPAppender, setOption(Ljava/lang/String;Ljava/lang/String;)V >"	14	"bb45"
"< Application, Lorg/apache/log4j/PropertyConfigurator, parseCategory(Ljava/util/Properties;Lorg/apache/log4j/Category;Ljava/lang/String;Ljava/lang/String;Ljava/lang/String;)V >"	51	"bb62"
"< Application, Lorg/apache/log4j/PatternLayout, <init>(Ljava/lang/String;)V >"	8	"bb11"
"< Application, Lorg/apache/log4j/AsyncAppender, removeAppender(Ljava/lang/String;)V >"	5	"bb9"
"< Application, Lweblech/spider/SpiderConfig, <init>(Ljava/util/Properties;)V >"	26	"bb39"
"< Application, Lorg/apache/log4j/Dispatcher, run()V >"	0	"bb2"
"< Application, Lorg/apache/log4j/helpers/CountingQuietWriter, write(Ljava/lang/String;)V >"	7	"bb9"
"< Application, Lorg/apache/log4j/helpers/DateLayout, setDateFormat(Ljava/lang/String;Ljava/util/TimeZone;)V >"	24	"bb37"
"< Application, Lorg/apache/log4j/net/SimpleSocketServer, main([Ljava/lang/String;)V >"	5	"bb8"
"< Application, Lorg/apache/log4j/xml/DOMConfigurator, parseChildrenOfCategoryElement(Lorg/w3c/dom/Element;Lorg/apache/log4j/Category;Z)V >"	5	"bb47"
"< Application, Lorg/apache/log4j/helpers/AppenderAttachableImpl, appendLoopOnAppenders(Lorg/apache/log4j/spi/LoggingEvent;)I >"	4	"bb11"
"< Application, Lorg/apache/log4j/xml/DOMConfigurator, doConfigure(Ljava/io/InputStream;Lorg/apache/log4j/Hierarchy;)V >"	17	"bb22"
"< Application, Lorg/apache/log4j/FileAppender, setFile(Ljava/lang/String;)V >"	7	"bb15"
"< Application, Lorg/apache/log4j/DailyRollingFileAppender, printPeriodicity(I)V >"	36	"bb64"
"< Application, Lweblech/spider/URLGetter, getURL(Lweblech/spider/URLToDownload;)Lweblech/spider/URLObject; >"	76	"bb80"
"< Application, Lorg/apache/log4j/helpers/PatternParser, parse()Lorg/apache/log4j/helpers/PatternConverter; >"	80	"bb110"
"< Application, Lorg/apache/log4j/helpers/CyclicBuffer, resize(I)V >"	19	"bb33"
"< Application, Lorg/apache/log4j/Category, closeNestedAppenders()V >"	2	"bb8"
"< Application, Lweblech/spider/Spider, filterURLs(Ljava/util/List;)Ljava/util/List; >"	19	"bb9"
"< Application, Lorg/apache/log4j/helpers/AppenderAttachableImpl, removeAllAppenders()V >"	4	"bb11"
"< Application, Lorg/apache/log4j/helpers/PatternParser, finalizeConverter(C)V >"	35	"bb50"
"< Application, Lorg/apache/log4j/xml/DOMConfigurator, doConfigure(Ljava/lang/String;Lorg/apache/log4j/Hierarchy;)V >"	14	"bb17"
"< Application, Lorg/apache/log4j/varia/PriorityRangeFilter, setOption(Ljava/lang/String;Ljava/lang/String;)V >"	4	"bb16"
"< Application, Lorg/apache/log4j/RollingCalendar, getNextCheckDate(Ljava/util/Date;)Ljava/util/Date; >"	6	"bb45"
"< Application, Lorg/apache/log4j/net/JMSAppender, checkEntryConditions()Z >"	5	"bb10"
"< Application, Lorg/apache/log4j/xml/DOMConfigurator, doConfigure(Ljava/lang/String;Lorg/apache/log4j/Hierarchy;)V >"	43	"bb14"
"< Application, Lorg/apache/log4j/Hierarchy, updateParents(Lorg/apache/log4j/Category;)V >"	25	"bb34"
"< Application, Lorg/apache/log4j/net/SMTPAppender, setOption(Ljava/lang/String;Ljava/lang/String;)V >"	10	"bb45"
"< Application, Lorg/apache/log4j/helpers/PatternParser$DatePatternConverter, convert(Lorg/apache/log4j/spi/LoggingEvent;)Ljava/lang/String; >"	6	"bb9"
"< Application, Lorg/apache/log4j/net/SocketNode, <clinit>()V >"	4	"bb5"
"< Application, Lorg/apache/log4j/helpers/DateLayout, setOption(Ljava/lang/String;Ljava/lang/String;)V >"	4	"bb9"
"< Application, Lorg/apache/log4j/ConsoleAppender, activateOptions()V >"	7	"bb11"
"< Application, Lorg/apache/log4j/spi/LoggingEvent, readPriority(Ljava/io/ObjectInputStream;)V >"	6	"bb21"
"< Application, Lorg/apache/log4j/helpers/PatternConverter, spacePad(Ljava/lang/StringBuffer;I)V >"	7	"bb12"
"< Application, Lorg/apache/log4j/helpers/OptionConverter, toPriority(Ljava/lang/String;Lorg/apache/log4j/Priority;)Lorg/apache/log4j/Priority; >"	43	"bb89"
"< Application, Lweblech/util/Log4j, <clinit>()V >"	15	"bb21"
"< Application, Lorg/apache/log4j/config/PropertyPrinter, printOptions(Ljava/io/PrintWriter;Lorg/apache/log4j/Category;)V >"	3	"bb6"
"< Application, Lweblech/spider/HTMLParser, extractAttributesFromTags(Ljava/lang/String;Ljava/lang/String;Ljava/net/URL;Ljava/util/List;Ljava/util/Set;Ljava/lang/String;)V >"	62	"bb22"
"< Application, Lorg/apache/log4j/net/SocketServer, init(Ljava/lang/String;Ljava/lang/String;Ljava/lang/String;)V >"	2	"bb11"
"< Application, Lweblech/spider/SpiderConfig, <init>(Ljava/util/Properties;)V >"	136	"bb130"
"< Application, Lweblech/spider/HTMLParser, logMailURL(Ljava/lang/String;)V >"	12	"bb20"
"< Application, Lweblech/spider/Spider, run()V >"	51	"bb112"
"< Application, Lorg/apache/log4j/helpers/OptionConverter, convertSpecialChars(Ljava/lang/String;)Ljava/lang/String; >"	12	"bb24"
"< Application, Lorg/apache/log4j/varia/Roller, <clinit>()V >"	4	"bb5"
"< Application, Lorg/apache/log4j/Hierarchy, shutdown()V >"	5	"bb10"
"< Application, Lorg/apache/log4j/NDC, lazyRemove()V >"	26	"bb22"
"< Application, Lorg/apache/log4j/FileAppender, closeFile()V >"	6	"bb15"
"< Application, Lorg/apache/log4j/net/SMTPAppender, setOption(Ljava/lang/String;Ljava/lang/String;)V >"	25	"bb26"
"< Application, Lweblech/spider/Spider, run()V >"	26	"bb14"
"< Application, Lorg/apache/log4j/helpers/OptionConverter, convertSpecialChars(Ljava/lang/String;)Ljava/lang/String; >"	18	"bb24"
"< Application, Lorg/apache/log4j/helpers/PatternConverter, spacePad(Ljava/lang/StringBuffer;I)V >"	0	"bb5"
"< Application, Lorg/apache/log4j/helpers/PatternParser, finalizeConverter(C)V >"	58	"bb126"
"< Application, Lorg/apache/log4j/DailyRollingFileAppender, printPeriodicity(I)V >"	9	"bb64"
"< Application, Lweblech/spider/SpiderConfig, parseSet(Ljava/lang/String;)Ljava/util/Set; >"	17	"bb13"
"< Application, Lorg/apache/log4j/net/SMTPAppender, setEvaluatorClass(Ljava/lang/String;)V >"	4	"bb5"
"< Application, Lweblech/spider/Spider, writeCheckpoint()V >"	11	"bb19"
"< Application, Lorg/apache/log4j/helpers/ISO8601DateFormat, format(Ljava/util/Date;Ljava/lang/StringBuffer;Ljava/text/FieldPosition;)Ljava/lang/StringBuffer; >"	9	"bb22"
"< Application, Lorg/apache/log4j/varia/Roller, main([Ljava/lang/String;)V >"	6	"bb9"
"< Application, Lorg/apache/log4j/net/SocketAppender, setOption(Ljava/lang/String;Ljava/lang/String;)V >"	20	"bb27"
"< Application, Lorg/apache/log4j/helpers/PatternParser, finalizeConverter(C)V >"	88	"bb126"
"< Application, Lorg/apache/log4j/helpers/PatternParser, parse()Lorg/apache/log4j/helpers/PatternConverter; >"	118	"bb110"
"< Application, Lorg/apache/log4j/spi/LocationInfo, getLineNumber()Ljava/lang/String; >"	12	"bb16"
"< Application, Lorg/apache/log4j/Category, <clinit>()V >"	19	"bb17"
"< Application, Lorg/apache/log4j/xml/DOMConfigurator, parseErrorHandler(Lorg/w3c/dom/Element;Lorg/apache/log4j/Appender;)V >"	16	"bb24"
"< Application, Lweblech/util/Logger, <clinit>()V >"	3	"bb12"
"< Application, Lorg/apache/log4j/RollingFileAppenderBeanInfo, <init>()V >"	5	"bb6"
"< Application, Lorg/apache/log4j/Hierarchy, shutdown()V >"	13	"bb18"
"< Application, Lorg/apache/log4j/HTMLLayout, escapeHTMLTags(Ljava/lang/String;)Ljava/lang/String; >"	12	"bb18"
"< Application, Lorg/apache/log4j/helpers/PatternConverter, format(Ljava/lang/StringBuffer;Lorg/apache/log4j/spi/LoggingEvent;)V >"	28	"bb29"
"< Application, Lorg/apache/log4j/RollingCalendar, getNextCheckDate(Ljava/util/Date;)Ljava/util/Date; >"	18	"bb45"
"< Application, Lorg/apache/log4j/helpers/PatternParser, finalizeConverter(C)V >"	100	"bb126"
"< Application, Lorg/apache/log4j/net/SimpleSocketServer, main([Ljava/lang/String;)V >"	18	"bb17"
"< Application, Lweblech/spider/URLObject, writeToFile(Ljava/lang/String;)V >"	18	"bb25"
"< Application, Lorg/apache/log4j/helpers/AppenderAttachableImpl, removeAppender(Ljava/lang/String;)V >"	15	"bb19"
"< Application, Lorg/apache/log4j/helpers/PatternParser, parse()Lorg/apache/log4j/helpers/PatternConverter; >"	59	"bb110"
"< Application, Lorg/apache/log4j/xml/XMLLayout, format(Lorg/apache/log4j/spi/LoggingEvent;)Ljava/lang/String; >"	50	"bb57"
"< Application, Lorg/apache/log4j/WriterAppender, closeWriter()V >"	4	"bb13"
"< Application, Lweblech/spider/SpiderConfig, parsePropCommaSeparated(Ljava/lang/String;)Ljava/util/List; >"	11	"bb9"
"< Application, Lorg/apache/log4j/config/PropertySetter, setProperty(Ljava/lang/String;Ljava/lang/String;)V >"	17	"bb32"
"< Application, Lorg/apache/log4j/net/SocketServer, main([Ljava/lang/String;)V >"	6	"bb9"
"< Application, Lorg/apache/log4j/spi/RootCategory, setPriority(Lorg/apache/log4j/Priority;)V >"	4	"bb7"
"< Application, Lweblech/spider/SpiderConfig, <init>(Ljava/util/Properties;)V >"	60	"bb77"
"< Application, Lorg/apache/log4j/helpers/OptionConverter, substVars(Ljava/lang/String;Ljava/util/Properties;)Ljava/lang/String; >"	46	"bb3"
"< Application, Lorg/apache/log4j/helpers/BoundedFIFO, wasEmpty()Z >"	2	"bb5"
"< Application, Lorg/apache/log4j/HTMLLayout, appendThrowableAsHTML([Ljava/lang/String;Ljava/lang/StringBuffer;)V >"	9	"bb16"
"< Application, Lorg/apache/log4j/RollingFileAppenderBeanInfo, <init>()V >"	46	"bb41"
"< Application, Lweblech/spider/Spider, readCheckpoint()V >"	15	"bb24"
"< Application, Lorg/apache/log4j/net/SocketNode, run()V >"	13	"bb2"
"< Application, Lorg/apache/log4j/helpers/PatternParser, parse()Lorg/apache/log4j/helpers/PatternConverter; >"	48	"bb110"
"< Application, Lorg/apache/log4j/Dispatcher, run()V >"	25	"bb28"
"< Application, Lorg/apache/log4j/xml/DOMConfigurator, doConfigure(Ljava/lang/String;Lorg/apache/log4j/Hierarchy;)V >"	31	"bb5"
"< Application, Lorg/apache/log4j/Priority, isGreaterOrEqual(Lorg/apache/log4j/Priority;)Z >"	3	"bb6"
"< Application, Lorg/apache/log4j/PropertyConfigurator, parseCategory(Ljava/util/Properties;Lorg/apache/log4j/Category;Ljava/lang/String;Ljava/lang/String;Ljava/lang/String;)V >"	31	"bb35"
"< Application, Lorg/apache/log4j/xml/DOMConfigurator, parseAppender(Lorg/w3c/dom/Element;)Lorg/apache/log4j/Appender; >"	19	"bb77"
"< Application, Lweblech/spider/Spider, run()V >"	75	"bb72"
"< Application, Lorg/apache/log4j/config/PropertySetter, setProperty(Ljava/lang/String;Ljava/lang/String;)V >"	19	"bb32"
"< Application, Lweblech/spider/URLObject, textReplace(Ljava/lang/String;Ljava/lang/String;Ljava/lang/String;)Ljava/lang/String; >"	16	"bb2"
"< Application, Lweblech/spider/SpiderConfig, <init>(Ljava/util/Properties;)V >"	158	"bb148"
"< Application, Lorg/apache/log4j/config/PropertyGetter, getProperties(Lorg/apache/log4j/config/PropertyGetter$PropertyCallback;Ljava/lang/String;)V >"	0	"bb27"
"< Application, Lweblech/spider/Spider, downloadURL(Lweblech/spider/URLToDownload;Lweblech/spider/URLGetter;Lweblech/spider/HTMLParser;)Ljava/util/List; >"	49	"bb59"
"< Application, Lorg/apache/log4j/PropertyConfigurator, doConfigure(Ljava/net/URL;Lorg/apache/log4j/Hierarchy;)V >"	10	"bb27"
"< Application, Lorg/apache/log4j/net/SocketAppender, cleanUp()V >"	4	"bb7"
"< Application, Lorg/apache/log4j/varia/HUP, run()V >"	4	"bb6"
"< Application, Lweblech/spider/Spider, filterURLs(Ljava/util/List;)Ljava/util/List; >"	21	"bb27"
"< Application, Lorg/apache/log4j/NDC, lazyRemove()V >"	19	"bb15"
"< Application, Lorg/apache/log4j/xml/DOMConfigurator, <clinit>()V >"	5	"bb6"
"< Application, Lweblech/spider/Spider, downloadURL(Lweblech/spider/URLToDownload;Lweblech/spider/URLGetter;Lweblech/spider/HTMLParser;)Ljava/util/List; >"	32	"bb59"
"< Application, Lorg/apache/log4j/PropertyConfigurator, parseCatsAndRenderers(Ljava/util/Properties;Lorg/apache/log4j/Hierarchy;)V >"	19	"bb26"
"< Application, Lorg/apache/log4j/Hierarchy, getCurrentCategories()Ljava/util/Enumeration; >"	6	"bb11"
"< Application, Lorg/apache/log4j/helpers/PatternParser, finalizeConverter(C)V >"	7	"bb126"
"< Application, Lweblech/spider/Spider, run()V >"	53	"bb53"
"< Application, Lorg/apache/log4j/helpers/Loader, getResource(Ljava/lang/String;Ljava/lang/Class;)Ljava/net/URL; >"	14	"bb17"
"< Application, Lweblech/spider/URLObject, existsOnDisk()Z >"	7	"bb10"
"< Application, Lorg/apache/log4j/PropertyConfigurator, configureRootCategory(Ljava/util/Properties;Lorg/apache/log4j/Hierarchy;)V >"	8	"bb12"
"< Application, Lorg/apache/log4j/helpers/PatternParser, parse()Lorg/apache/log4j/helpers/PatternConverter; >"	57	"bb110"
"< Application, Lorg/apache/log4j/CategoryKey, equals(Ljava/lang/Object;)Z >"	7	"bb8"
"< Application, Lorg/apache/log4j/HTMLLayout, format(Lorg/apache/log4j/spi/LoggingEvent;)Ljava/lang/String; >"	80	"bb79"
"< Application, Lorg/apache/log4j/net/SimpleSocketServer, usage(Ljava/lang/String;)V >"	10	"bb9"
"< Application, Lorg/apache/log4j/RollingCalendar, getNextCheckDate(Ljava/util/Date;)Ljava/util/Date; >"	34	"bb45"
"< Application, Lorg/apache/log4j/config/PropertySetter, getPropertyDescriptor(Ljava/lang/String;)Ljava/beans/PropertyDescriptor; >"	3	"bb14"
"< Application, Lorg/apache/log4j/helpers/BoundedFIFO, wasFull()Z >"	4	"bb6"
"< Application, Lorg/apache/log4j/RollingFileAppender, rollOver()V >"	33	"bb66"
"< Application, Lorg/apache/log4j/helpers/PatternParser, parse()Lorg/apache/log4j/helpers/PatternConverter; >"	85	"bb110"
"< Application, Lorg/apache/log4j/xml/DOMConfigurator, parse(Lorg/w3c/dom/Element;Lorg/apache/log4j/Hierarchy;)V >"	80	"bb85"
"< Application, Lweblech/spider/Spider, filterURLs(Ljava/util/List;)Ljava/util/List; >"	14	"bb9"
"< Application, Lorg/apache/log4j/TTCCLayout, setOption(Ljava/lang/String;Ljava/lang/String;)V >"	6	"bb19"
"< Application, Lorg/apache/log4j/Hierarchy, updateChildren(Lorg/apache/log4j/ProvisionNode;Lorg/apache/log4j/Category;)V >"	1	"bb14"
"< Application, Lorg/apache/log4j/net/SocketAppender, setOption(Ljava/lang/String;Ljava/lang/String;)V >"	14	"bb27"
"< Application, Lorg/apache/log4j/varia/HUPNode, run()V >"	21	"bb23"
"< Application, Lweblech/spider/HTMLParser, extractAttributesFromTags(Ljava/lang/String;Ljava/lang/String;Ljava/net/URL;Ljava/util/List;Ljava/util/Set;Ljava/lang/String;)V >"	29	"bb22"
"< Application, Lweblech/spider/DownloadQueue, queueURL(Lweblech/spider/URLToDownload;)V >"	16	"bb39"
"< Application, Lorg/apache/log4j/xml/DOMConfigurator, parse(Lorg/w3c/dom/Element;Lorg/apache/log4j/Hierarchy;)V >"	25	"bb28"
"< Application, Lorg/apache/log4j/xml/DOMConfigurator, parsePriority(Lorg/w3c/dom/Element;Lorg/apache/log4j/Category;Z)V >"	27	"bb52"
"< Application, Lorg/apache/log4j/ConsoleAppender, <init>(Lorg/apache/log4j/Layout;Ljava/lang/String;)V >"	9	"bb17"
"< Application, Lorg/apache/log4j/Category, <clinit>()V >"	13	"bb19"
"< Application, Lweblech/spider/SpiderConfig, <init>(Ljava/util/Properties;)V >"	150	"bb142"
"< Application, Lorg/apache/log4j/Category, <clinit>()V >"	34	"bb36"
"< Application, Lorg/apache/log4j/xml/DOMConfigurator, parsePriority(Lorg/w3c/dom/Element;Lorg/apache/log4j/Category;Z)V >"	20	"bb52"
"< Application, Lorg/apache/log4j/PatternLayout, format(Lorg/apache/log4j/spi/LoggingEvent;)Ljava/lang/String; >"	6	"bb10"
"< Application, Lweblech/spider/Spider, run()V >"	62	"bb61"
"< Application, Lorg/apache/log4j/helpers/PatternConverter, format(Ljava/lang/StringBuffer;Lorg/apache/log4j/spi/LoggingEvent;)V >"	23	"bb29"
"< Application, Lorg/apache/log4j/helpers/CyclicBuffer, add(Lorg/apache/log4j/spi/LoggingEvent;)V >"	15	"bb20"
"< Application, Lorg/apache/log4j/or/RendererMap, searchInterfaces(Ljava/lang/Class;)Lorg/apache/log4j/or/ObjectRenderer; >"	6	"bb13"
"< Application, Lorg/apache/log4j/helpers/OptionConverter, toPriority(Ljava/lang/String;Lorg/apache/log4j/Priority;)Lorg/apache/log4j/Priority; >"	81	"bb89"
"< Application, Lorg/apache/log4j/xml/DOMConfigurator, doConfigure(Ljava/lang/String;Lorg/apache/log4j/Hierarchy;)V >"	46	"bb50"
"< Application, Lorg/apache/log4j/helpers/PatternParser, parse()Lorg/apache/log4j/helpers/PatternConverter; >"	94	"bb110"
"< Application, Lweblech/ui/TextSpider, main([Ljava/lang/String;)V >"	17	"bb20"
"< Application, Lorg/apache/log4j/helpers/ISO8601DateFormat, format(Ljava/util/Date;Ljava/lang/StringBuffer;Ljava/text/FieldPosition;)Ljava/lang/StringBuffer; >"	11	"bb22"
"< Application, Lweblech/spider/URLObject, <init>(Ljava/net/URL;Lweblech/spider/SpiderConfig;)V >"	42	"bb43"
"< Application, Lorg/apache/log4j/NDC, push(Ljava/lang/String;)V >"	12	"bb24"
"< Application, Lorg/apache/log4j/AsyncAppender, append(Lorg/apache/log4j/spi/LoggingEvent;)V >"	10	"bb19"
"< Application, Lorg/apache/log4j/RollingCalendar, getNextCheckDate(Ljava/util/Date;)Ljava/util/Date; >"	27	"bb45"
"< Application, Lorg/apache/log4j/FileAppender, reset()V >"	5	"bb8"
"< Application, Lweblech/spider/HTMLParser, extractAttributesFromTags(Ljava/lang/String;Ljava/lang/String;Ljava/net/URL;Ljava/util/List;Ljava/util/Set;Ljava/lang/String;)V >"	54	"bb52"
"< Application, Lorg/apache/log4j/RollingCalendar, getNextCheckDate(Ljava/util/Date;)Ljava/util/Date; >"	11	"bb45"
"< Application, Lorg/apache/log4j/BasicConfigurator, addRenderer(Lorg/apache/log4j/Hierarchy;Ljava/lang/String;Ljava/lang/String;)V >"	30	"bb36"
"< Application, Lweblech/spider/Spider, start()V >"	21	"bb4"
"< Application, Lorg/apache/log4j/helpers/PatternParser, finalizeConverter(C)V >"	47	"bb47"
"< Application, Lorg/apache/log4j/helpers/OptionConverter, toPriority(Ljava/lang/String;Lorg/apache/log4j/Priority;)Lorg/apache/log4j/Priority; >"	72	"bb89"
"< Application, Lweblech/spider/URLObject, <init>(Ljava/net/URL;Lweblech/spider/SpiderConfig;)V >"	8	"bb15"
"< Application, Lorg/apache/log4j/config/PropertyGetter, isHandledType(Ljava/lang/Class;)Z >"	22	"bb17"
"< Application, Lorg/apache/log4j/PropertyConfigurator, parseAppender(Ljava/util/Properties;Ljava/lang/String;)Lorg/apache/log4j/Appender; >"	24	"bb25"
"< Application, Lorg/apache/log4j/net/SocketServer, main([Ljava/lang/String;)V >"	19	"bb18"
"< Application, Lorg/apache/log4j/helpers/PatternParser, finalizeConverter(C)V >"	76	"bb126"
"< Application, Lorg/apache/log4j/helpers/PatternParser, parse()Lorg/apache/log4j/helpers/PatternConverter; >"	83	"bb110"
"< Application, Lorg/apache/log4j/net/SocketAppender$Connector, run()V >"	0	"bb56"
"< Application, Lorg/apache/log4j/xml/DOMConfigurator, doConfigure(Ljava/io/InputStream;Lorg/apache/log4j/Hierarchy;)V >"	51	"bb59"
"< Application, Lorg/apache/log4j/or/ThreadGroupRenderer, doRender(Ljava/lang/Object;)Ljava/lang/String; >"	15	"bb31"
"< Application, Lorg/apache/log4j/Hierarchy, updateParents(Lorg/apache/log4j/Category;)V >"	15	"bb34"
"< Application, Lorg/apache/log4j/net/SocketNode, <init>(Ljava/net/Socket;Lorg/apache/log4j/Hierarchy;)V >"	7	"bb15"
"< Application, Lorg/apache/log4j/net/SyslogAppender, append(Lorg/apache/log4j/spi/LoggingEvent;)V >"	41	"bb53"
"< Application, Lorg/apache/log4j/helpers/ISO8601DateFormat, format(Ljava/util/Date;Ljava/lang/StringBuffer;Ljava/text/FieldPosition;)Ljava/lang/StringBuffer; >"	14	"bb22"
"< Application, Lweblech/spider/Spider, run()V >"	49	"bb49"
"< Application, Lorg/apache/log4j/config/PropertySetter, introspect()V >"	5	"bb19"
"< Application, Lweblech/spider/Spider, run()V >"	119	"bb14"
"< Application, Lorg/apache/log4j/RollingFileAppender, rollOver()V >"	91	"bb101"
"< Application, Lorg/apache/log4j/varia/Roller, usage(Ljava/lang/String;)V >"	10	"bb9"
"< Application, Lorg/apache/log4j/PropertyConfigurator, parseCatsAndRenderers(Ljava/util/Properties;Lorg/apache/log4j/Hierarchy;)V >"	1	"bb26"
"< Application, Lorg/apache/log4j/PropertyConfigurator, parseCatsAndRenderers(Ljava/util/Properties;Lorg/apache/log4j/Hierarchy;)V >"	15	"bb19"
"< Application, Lorg/apache/log4j/net/SocketAppender, setOption(Ljava/lang/String;Ljava/lang/String;)V >"	8	"bb27"
"< Application, Lorg/apache/log4j/helpers/AppenderAttachableImpl, removeAppender(Ljava/lang/String;)V >"	6	"bb18"
"< Application, Lorg/apache/log4j/helpers/ISO8601DateFormat, format(Ljava/util/Date;Ljava/lang/StringBuffer;Ljava/text/FieldPosition;)Ljava/lang/StringBuffer; >"	18	"bb22"
"< Application, Lorg/apache/log4j/Category, callAppenders(Lorg/apache/log4j/spi/LoggingEvent;)V >"	13	"bb16"
"< Application, Lorg/apache/log4j/config/PropertyPrinter, isGenAppName(Ljava/lang/String;)Z >"	5	"bb13"
"< Application, Lorg/apache/log4j/PropertyConfigurator, configureRootCategory(Ljava/util/Properties;Lorg/apache/log4j/Hierarchy;)V >"	3	"bb12"
"< Application, Lorg/apache/log4j/helpers/PatternConverter, format(Ljava/lang/StringBuffer;Lorg/apache/log4j/spi/LoggingEvent;)V >"	14	"bb29"
"< Application, Lweblech/spider/URLGetter, getURL(Lweblech/spider/URLToDownload;)Lweblech/spider/URLObject; >"	13	"bb14"
"< Application, Lorg/apache/log4j/helpers/ISO8601DateFormat, format(Ljava/util/Date;Ljava/lang/StringBuffer;Ljava/text/FieldPosition;)Ljava/lang/StringBuffer; >"	12	"bb22"
"< Application, Lorg/apache/log4j/net/SMTPAppender, setOption(Ljava/lang/String;Ljava/lang/String;)V >"	41	"bb45"
"< Application, Lorg/apache/log4j/AppenderSkeleton, doAppend(Lorg/apache/log4j/spi/LoggingEvent;)V >"	19	"bb24"
"< Application, Lorg/apache/log4j/varia/HUPNode, <init>(Ljava/net/Socket;Lorg/apache/log4j/varia/ExternallyRolledFileAppender;)V >"	11	"bb14"
"< Application, Lweblech/ui/TextSpider, main([Ljava/lang/String;)V >"	75	"bb65"
"< Application, Lorg/apache/log4j/helpers/PatternParser, finalizeConverter(C)V >"	70	"bb126"
"< Application, Lorg/apache/log4j/helpers/DateLayout, setDateFormat(Ljava/lang/String;Ljava/util/TimeZone;)V >"	12	"bb37"
"< Application, Lorg/apache/log4j/helpers/OptionConverter, convertSpecialChars(Ljava/lang/String;)Ljava/lang/String; >"	16	"bb24"
"< Application, Lorg/apache/log4j/varia/PriorityMatchFilter, setOption(Ljava/lang/String;Ljava/lang/String;)V >"	4	"bb11"
"< Application, Lorg/apache/log4j/config/PropertyGetter, isHandledType(Ljava/lang/Class;)Z >"	27	"bb21"
"< Application, Lorg/apache/log4j/varia/Roller, roll()V >"	26	"bb34"
"< Application, Lorg/apache/log4j/helpers/PatternParser, finalizeConverter(C)V >"	106	"bb126"
"< Application, Lorg/apache/log4j/AppenderSkeleton, addFilter(Lorg/apache/log4j/spi/Filter;)V >"	4	"bb9"
"< Application, Lorg/apache/log4j/xml/DOMConfigurator, parseCategory(Lorg/w3c/dom/Element;Lorg/apache/log4j/Hierarchy;)V >"	51	"bb52"
"< Application, Lorg/apache/log4j/xml/DOMConfigurator, parseAppender(Lorg/w3c/dom/Element;)Lorg/apache/log4j/Appender; >"	34	"bb76"
"< Application, Lorg/apache/log4j/net/SocketNode, run()V >"	17	"bb20"
"< Application, Lorg/apache/log4j/net/SocketServer, genericHierarchy()Lorg/apache/log4j/Hierarchy; >"	25	"bb33"
"< Application, Lorg/apache/log4j/ConsoleAppender, setTarget(Ljava/lang/String;)V >"	8	"bb11"
"< Application, Lorg/apache/log4j/helpers/PatternParser, parse()Lorg/apache/log4j/helpers/PatternConverter; >"	68	"bb110"
"< Application, Lorg/apache/log4j/FileAppender, setOption(Ljava/lang/String;Ljava/lang/String;)V >"	12	"bb20"
"< Application, Lorg/apache/log4j/helpers/QuietWriter, write(Ljava/lang/String;)V >"	2	"bb12"
"< Application, Lorg/apache/log4j/DailyRollingFileAppender, printPeriodicity(I)V >"	18	"bb64"
"< Application, Lweblech/spider/SpiderConfig, fromSet(Ljava/util/Set;)Ljava/lang/String; >"	9	"bb13"
"< Application, Lorg/apache/log4j/HTMLLayout, setOption(Ljava/lang/String;Ljava/lang/String;)V >"	7	"bb12"
"< Application, Lorg/apache/log4j/NDC$DiagnosticContext, <init>(Ljava/lang/String;Lorg/apache/log4j/NDC$DiagnosticContext;)V >"	11	"bb14"
"< Application, Lorg/apache/log4j/helpers/PatternParser$NamedPatternConverter, convert(Lorg/apache/log4j/spi/LoggingEvent;)Ljava/lang/String; >"	7	"bb12"
"< Application, Lorg/apache/log4j/Category, callAppenders(Lorg/apache/log4j/spi/LoggingEvent;)V >"	0	"bb18"
"< Application, Lorg/apache/log4j/varia/HUPNode, run()V >"	10	"bb14"
"< Application, Lorg/apache/log4j/spi/LocationInfo, getClassName()Ljava/lang/String; >"	20	"bb23"
"< Application, Lorg/apache/log4j/net/SocketNode, run()V >"	27	"bb24"
"< Application, Lorg/apache/log4j/xml/DOMConfigurator, parseRoot(Lorg/w3c/dom/Element;Lorg/apache/log4j/Hierarchy;)V >"	4	"bb8"
"< Application, Lweblech/spider/DownloadQueue, queueURL(Lweblech/spider/URLToDownload;)V >"	13	"bb39"
"< Application, Lorg/apache/log4j/helpers/PatternParser, finalizeConverter(C)V >"	64	"bb126"
"< Application, Lorg/apache/log4j/HTMLLayout, format(Lorg/apache/log4j/spi/LoggingEvent;)Ljava/lang/String; >"	68	"bb79"
"< Application, Lorg/apache/log4j/Dispatcher, run()V >"	16	"bb41"
"< Application, Lorg/apache/log4j/helpers/PatternParser, finalizeConverter(C)V >"	32	"bb50"
"< Application, Lorg/apache/log4j/helpers/ISO8601DateFormat, format(Ljava/util/Date;Ljava/lang/StringBuffer;Ljava/text/FieldPosition;)Ljava/lang/StringBuffer; >"	17	"bb22"
"< Application, Lorg/apache/log4j/AsyncAppender, removeAppender(Lorg/apache/log4j/Appender;)V >"	5	"bb9"
"< Application, Lweblech/spider/Spider, run()V >"	115	"bb111"
"< Application, Lorg/apache/log4j/helpers/BoundedFIFO, isFull()Z >"	3	"bb6"
"< Application, Lorg/apache/log4j/xml/DOMConfigurator, doConfigure(Ljava/io/InputStream;Lorg/apache/log4j/Hierarchy;)V >"	37	"bb48"
"< Application, Lorg/apache/log4j/or/RendererMap, get(Ljava/lang/Class;)Lorg/apache/log4j/or/ObjectRenderer; >"	0	"bb12"
"< Application, Lorg/apache/log4j/net/SocketAppender$Connector, run()V >"	47	"bb56"
"< Application, Lorg/apache/log4j/HTMLLayout, format(Lorg/apache/log4j/spi/LoggingEvent;)Ljava/lang/String; >"	6	"bb10"
"< Application, Lorg/apache/log4j/helpers/PatternParser, finalizeConverter(C)V >"	82	"bb126"
"< Application, Lorg/apache/log4j/Hierarchy, resetConfiguration()V >"	10	"bb16"
"< Application, Lorg/apache/log4j/Hierarchy, disable(Ljava/lang/String;)V >"	6	"bb15"
"< Application, Lorg/apache/log4j/config/PropertyPrinter, printOptions(Ljava/io/PrintWriter;Lorg/apache/log4j/Category;)V >"	6	"bb44"
"< Application, Lorg/apache/log4j/Hierarchy, updateParents(Lorg/apache/log4j/Category;)V >"	4	"bb36"
"< Application, Lorg/apache/log4j/xml/DOMConfigurator, parse(Lorg/w3c/dom/Element;Lorg/apache/log4j/Hierarchy;)V >"	76	"bb85"
"< Application, Lorg/apache/log4j/xml/DOMConfigurator, parseAppender(Lorg/w3c/dom/Element;)Lorg/apache/log4j/Appender; >"	28	"bb76"
"< Application, Lorg/apache/log4j/net/SocketAppender$Connector, run()V >"	29	"bb58"
"< Application, Lorg/apache/log4j/net/JMSAppender, checkEntryConditions()Z >"	2	"bb10"
"< Application, Lorg/apache/log4j/helpers/CyclicBuffer, resize(I)V >"	42	"bb42"
"< Application, Lorg/apache/log4j/Hierarchy, isDisabled(I)Z >"	2	"bb5"
"< Application, Lorg/apache/log4j/net/SimpleSocketServer, <clinit>()V >"	4	"bb5"
"< Application, Lweblech/ui/TextSpider, main([Ljava/lang/String;)V >"	78	"bb74"
"< Application, Lorg/apache/log4j/xml/DOMConfigurator, doConfigure(Ljava/lang/String;Lorg/apache/log4j/Hierarchy;)V >"	34	"bb39"
"< Application, Lorg/apache/log4j/spi/LoggingEvent, writePriority(Ljava/io/ObjectOutputStream;)V >"	14	"bb15"
"< Application, Lorg/apache/log4j/helpers/FileWatchdog, run()V >"	0	"bb8"
"< Application, Lorg/apache/log4j/helpers/PatternParser, parse()Lorg/apache/log4j/helpers/PatternConverter; >"	106	"bb110"
"< Application, Lorg/apache/log4j/helpers/OptionConverter, substVars(Ljava/lang/String;Ljava/util/Properties;)Ljava/lang/String; >"	2	"bb3"
"< Application, Lorg/apache/log4j/varia/HUPNode, run()V >"	16	"bb19"
"< Application, Lorg/apache/log4j/Category, l7dlog(Lorg/apache/log4j/Priority;Ljava/lang/String;[Ljava/lang/Object;Ljava/lang/Throwable;)V >"	10	"bb14"
"< Application, Lweblech/spider/Spider, run()V >"	31	"bb112"
"< Application, Lorg/apache/log4j/helpers/FileWatchdog, checkAndConfigure()V >"	23	"bb34"
"< Application, Lorg/apache/log4j/helpers/PatternParser, extractPrecisionOption()I >"	12	"bb21"
"< Application, Lorg/apache/log4j/PropertyConfigurator, doConfigure(Ljava/lang/String;Lorg/apache/log4j/Hierarchy;)V >"	6	"bb23"
"< Application, Lorg/apache/log4j/net/JMSSink, usage(Ljava/lang/String;)V >"	10	"bb9"
"< Application, Lorg/apache/log4j/config/PropertySetter, setProperties(Ljava/util/Properties;Ljava/lang/String;)V >"	10	"bb19"
"< Application, Lorg/apache/log4j/CategoryKey, equals(Ljava/lang/Object;)Z >"	16	"bb16"
"< Application, Lorg/apache/log4j/xml/XMLLayout, format(Lorg/apache/log4j/spi/LoggingEvent;)Ljava/lang/String; >"	6	"bb10"
