java_type_ref("<Application,Lorg/apache/log4j/spi/OptionHandler>")
java_type_ref("<Application,Lorg/apache/log4j/spi/TriggeringEventEvaluator>")
java_type_ref("<Application,Lorg/apache/log4j/Appender>")
java_type_ref("<Application,Lorg/apache/log4j/config/PropertyGetter$PropertyCallback>")
java_type_ref("<Application,Lorg/apache/log4j/spi/Configurator>")
java_type_ref("<Application,Lorg/apache/log4j/spi/CategoryFactory>")
java_type_ref("<Application,Lorg/apache/log4j/or/ObjectRenderer>")
java_type_ref("<Application,Lorg/apache/log4j/spi/ErrorHandler>")
java_type_ref("<Application,Lorg/apache/log4j/spi/ErrorCode>")
java_type_ref("<Application,Lweblech/spider/Constants>")
java_type_ref("<Application,Lorg/apache/log4j/spi/AppenderAttachable>")
