"< Application, Lorg/apache/log4j/helpers/BoundedFIFO, isFull()Z >"	"bb6"	4	5
"< Application, Lorg/apache/log4j/helpers/PatternParser, extractOption()Ljava/lang/String; >"	"bb15"	14	15
"< Application, Lorg/apache/log4j/helpers/LogLog, debug(Ljava/lang/String;Ljava/lang/Throwable;)V >"	"bb1"	0	1
"< Application, Lorg/apache/log4j/Category, log(Lorg/apache/log4j/Priority;Ljava/lang/Object;Ljava/lang/Throwable;)V >"	"bb9"	8	9
"< Application, Lorg/apache/log4j/helpers/ISO8601DateFormat, format(Ljava/util/Date;Ljava/lang/StringBuffer;Ljava/text/FieldPosition;)Ljava/lang/StringBuffer; >"	"bb22"	20	21
"< Application, Lorg/apache/log4j/HTMLLayout, getHeader()Ljava/lang/String; >"	"bb121"	138	139
"< Application, Lorg/apache/log4j/net/SocketAppender$Connector, run()V >"	"bb4"	3	4
"< Application, Lorg/apache/log4j/net/SocketServer, init(Ljava/lang/String;Ljava/lang/String;Ljava/lang/String;)V >"	"bb3"	3	4
"< Application, Lorg/apache/log4j/Category, debug(Ljava/lang/Object;Ljava/lang/Throwable;)V >"	"bb7"	8	9
"< Application, Lorg/apache/log4j/Hierarchy, updateParents(Lorg/apache/log4j/Category;)V >"	"bb37"	40	41
"< Application, Lorg/apache/log4j/helpers/OptionConverter, toPriority(Ljava/lang/String;Lorg/apache/log4j/Priority;)Lorg/apache/log4j/Priority; >"	"bb72"	82	83
"< Application, Lorg/apache/log4j/net/SocketServer, usage(Ljava/lang/String;)V >"	"bb5"	6	7
"< Application, Lorg/apache/log4j/Priority, toPriority(ILorg/apache/log4j/Priority;)Lorg/apache/log4j/Priority; >"	"bb4"	5	6
"< Application, Lweblech/spider/Spider, checkpointIfNeeded()V >"	"bb9"	10	11
"< Application, Lorg/apache/log4j/helpers/OptionConverter, toPriority(Ljava/lang/String;Lorg/apache/log4j/Priority;)Lorg/apache/log4j/Priority; >"	"bb26"	29	30
"< Application, Lweblech/spider/Spider, checkpointIfNeeded()V >"	"bb22"	26	27
"< Application, Lorg/apache/log4j/helpers/OptionConverter, substVars(Ljava/lang/String;Ljava/util/Properties;)Ljava/lang/String; >"	"bb14"	19	20
"< Application, Lorg/apache/log4j/config/PropertySetter, convertArg(Ljava/lang/String;Ljava/lang/Class;)Ljava/lang/Object; >"	"bb21"	25	26
"< Application, Lweblech/spider/HTMLParser, extractAttributesFromTags(Ljava/lang/String;Ljava/lang/String;Ljava/net/URL;Ljava/util/List;Ljava/util/Set;Ljava/lang/String;)V >"	"bb40"	45	46
"< Application, Lorg/apache/log4j/net/SocketNode, run()V >"	"bb17"	18	19
"< Application, Lorg/apache/log4j/net/SMTPAppender, getEvaluatorClass()Ljava/lang/String; >"	"bb7"	6	7
"< Application, Lorg/apache/log4j/WriterAppender, closeWriter()V >"	"bb6"	5	6
"< Application, Lweblech/spider/URLGetter, getURL(Lweblech/spider/URLToDownload;)Lweblech/spider/URLObject; >"	"bb88"	97	98
"< Application, Lorg/apache/log4j/helpers/OptionConverter, substVars(Ljava/lang/String;Ljava/util/Properties;)Ljava/lang/String; >"	"bb10"	13	14
"< Application, Lorg/apache/log4j/spi/LoggingEvent, writePriority(Ljava/io/ObjectOutputStream;)V >"	"bb8"	8	9
"< Application, Lweblech/spider/URLGetter, getURL(Lweblech/spider/URLToDownload;)Lweblech/spider/URLObject; >"	"bb97"	110	111
"< Application, Lorg/apache/log4j/Hierarchy, updateParents(Lorg/apache/log4j/Category;)V >"	"bb36"	38	39
"< Application, Lorg/apache/log4j/HTMLLayout, getHeader()Ljava/lang/String; >"	"bb57"	64	65
"< Application, Lweblech/ui/TextSpider, <clinit>()V >"	"bb3"	2	3
"< Application, Lorg/apache/log4j/RollingFileAppender, setMaxFileSize(Ljava/lang/String;)V >"	"bb2"	1	2
"< Application, Lorg/apache/log4j/Dispatcher, run()V >"	"bb26"	26	27
"< Application, Lorg/apache/log4j/helpers/OptionConverter, toPriority(Ljava/lang/String;Lorg/apache/log4j/Priority;)Lorg/apache/log4j/Priority; >"	"bb21"	21	22
"< Application, Lorg/apache/log4j/varia/PriorityMatchFilter, decide(Lorg/apache/log4j/spi/LoggingEvent;)I >"	"bb9"	8	9
"< Application, Lorg/apache/log4j/net/SimpleSocketServer, main([Ljava/lang/String;)V >"	"bb15"	16	17
"< Application, Lorg/apache/log4j/net/SocketNode, <init>(Ljava/net/Socket;Lorg/apache/log4j/Hierarchy;)V >"	"bb9"	8	9
"< Application, Lorg/apache/log4j/Priority, getAllPossiblePriorities()[Lorg/apache/log4j/Priority; >"	"bb5"	7	8
"< Application, Lorg/apache/log4j/varia/Roller, usage(Ljava/lang/String;)V >"	"bb5"	6	7
"< Application, Lorg/apache/log4j/xml/XMLLayout, format(Lorg/apache/log4j/spi/LoggingEvent;)Ljava/lang/String; >"	"bb57"	55	56
"< Application, Lorg/apache/log4j/spi/LoggingEvent, getRenderedMessage()Ljava/lang/String; >"	"bb6"	5	6
"< Application, Lorg/apache/log4j/config/PropertySetter, getPropertyDescriptor(Ljava/lang/String;)Ljava/beans/PropertyDescriptor; >"	"bb14"	13	14
"< Application, Lorg/apache/log4j/spi/LoggingEvent, readPriority(Ljava/io/ObjectInputStream;)V >"	"bb15"	16	17
"< Application, Lorg/apache/log4j/WriterAppender, subAppend(Lorg/apache/log4j/spi/LoggingEvent;)V >"	"bb16"	15	16
"< Application, Lweblech/spider/Spider, downloadURL(Lweblech/spider/URLToDownload;Lweblech/spider/URLGetter;Lweblech/spider/HTMLParser;)Ljava/util/List; >"	"bb37"	38	39
"< Application, Lorg/apache/log4j/net/JMSSink, lookup(Ljavax/naming/Context;Ljava/lang/String;)Ljava/lang/Object; >"	"bb3"	2	3
"< Application, Lweblech/spider/SpiderConfig, <init>(Ljava/util/Properties;)V >"	"bb56"	61	62
"< Application, Lorg/apache/log4j/Hierarchy, disableInfo()V >"	"bb1"	0	1
"< Application, Lweblech/spider/HTMLParser, parseAsHTML(Ljava/net/URL;Ljava/lang/String;)Ljava/util/List; >"	"bb22"	23	24
"< Application, Lorg/apache/log4j/Category, error(Ljava/lang/Object;Ljava/lang/Throwable;)V >"	"bb5"	4	5
"< Application, Lorg/apache/log4j/spi/LocationInfo, <clinit>()V >"	"bb4"	4	5
"< Application, Lorg/apache/log4j/net/SocketNode, run()V >"	"bb17"	19	20
"< Application, Lorg/apache/log4j/RollingFileAppenderBeanInfo, <init>()V >"	"bb22"	26	27
"< Application, Lorg/apache/log4j/helpers/PatternParser$NamedPatternConverter, convert(Lorg/apache/log4j/spi/LoggingEvent;)Ljava/lang/String; >"	"bb13"	15	16
"< Application, Lorg/apache/log4j/Category, info(Ljava/lang/Object;Ljava/lang/Throwable;)V >"	"bb8"	9	10
"< Application, Lorg/apache/log4j/HTMLLayout, getHeader()Ljava/lang/String; >"	"bb148"	168	169
"< Application, Lorg/apache/log4j/net/SMTPAppender, setOption(Ljava/lang/String;Ljava/lang/String;)V >"	"bb22"	21	22
"< Application, Lorg/apache/log4j/HTMLLayout, getHeader()Ljava/lang/String; >"	"bb141"	161	162
"< Application, Lweblech/spider/URLGetter, getURL(Lweblech/spider/URLToDownload;)Lweblech/spider/URLObject; >"	"bb79"	87	88
"< Application, Lorg/apache/log4j/Category, <clinit>()V >"	"bb13"	15	16
"< Application, Lorg/apache/log4j/Priority, toPriority(ILorg/apache/log4j/Priority;)Lorg/apache/log4j/Priority; >"	"bb3"	3	4
"< Application, Lorg/apache/log4j/net/SocketServer, main([Ljava/lang/String;)V >"	"bb27"	31	32
"< Application, Lorg/apache/log4j/config/PropertyGetter, isHandledType(Ljava/lang/Class;)Z >"	"bb1"	0	1
"< Application, Lorg/apache/log4j/helpers/Loader, getResource(Ljava/lang/String;Ljava/lang/Class;)Ljava/net/URL; >"	"bb16"	16	17
"< Application, Lorg/apache/log4j/helpers/PatternConverter, spacePad(Ljava/lang/StringBuffer;I)V >"	"bb8"	11	12
"< Application, Lorg/apache/log4j/RollingFileAppenderBeanInfo, <init>()V >"	"bb18"	20	21
"< Application, Lweblech/spider/HTMLParser, <clinit>()V >"	"bb3"	2	3
"< Application, Lorg/apache/log4j/NDC, lazyRemove()V >"	"bb20"	27	28
"< Application, Lorg/apache/log4j/helpers/BoundedFIFO, put(Lorg/apache/log4j/spi/LoggingEvent;)V >"	"bb13"	13	14
"< Application, Lorg/apache/log4j/HTMLLayout, escapeHTMLTags(Ljava/lang/String;)Ljava/lang/String; >"	"bb7"	6	7
"< Application, Lorg/apache/log4j/HTMLLayout, getHeader()Ljava/lang/String; >"	"bb97"	110	111
"< Application, Lweblech/util/Log4j, <clinit>()V >"	"bb12"	13	14
"< Application, Lweblech/spider/Spider, start()V >"	"bb7"	6	7
"< Application, Lweblech/spider/SpiderConfig, <init>(Ljava/util/Properties;)V >"	"bb140"	151	152
"< Application, Lorg/apache/log4j/helpers/PatternParser$NamedPatternConverter, convert(Lorg/apache/log4j/spi/LoggingEvent;)Ljava/lang/String; >"	"bb12"	13	14
"< Application, Lorg/apache/log4j/varia/PriorityMatchFilter, getPriorityToMatch()Ljava/lang/String; >"	"bb6"	5	6
"< Application, Lorg/apache/log4j/Category, l7dlog(Lorg/apache/log4j/Priority;Ljava/lang/String;[Ljava/lang/Object;Ljava/lang/Throwable;)V >"	"bb14"	12	13
"< Application, Lorg/apache/log4j/config/PropertyGetter, getProperties(Lorg/apache/log4j/config/PropertyGetter$PropertyCallback;Ljava/lang/String;)V >"	"bb20"	20	21
"< Application, Lorg/apache/log4j/Hierarchy, disableAll()V >"	"bb1"	0	1
"< Application, Lweblech/spider/Spider, isRunning()Z >"	"bb5"	3	4
"< Application, Lorg/apache/log4j/helpers/BoundedFIFO, resize(I)V >"	"bb17"	18	19
"< Application, Lorg/apache/log4j/helpers/OptionConverter, substVars(Ljava/lang/String;Ljava/util/Properties;)Ljava/lang/String; >"	"bb36"	45	46
"< Application, Lorg/apache/log4j/Category, debug(Ljava/lang/Object;)V >"	"bb8"	8	9
"< Application, Lorg/apache/log4j/Category, <clinit>()V >"	"bb13"	14	15
"< Application, Lweblech/ui/TextSpider, main([Ljava/lang/String;)V >"	"bb20"	19	20
"< Application, Lorg/apache/log4j/spi/LocationInfo, <init>(Ljava/lang/Throwable;Ljava/lang/String;)V >"	"bb27"	36	37
"< Application, Lorg/apache/log4j/helpers/CyclicBuffer, resize(I)V >"	"bb33"	34	35
"< Application, Lorg/apache/log4j/xml/DOMConfigurator, parseErrorHandler(Lorg/w3c/dom/Element;Lorg/apache/log4j/Appender;)V >"	"bb7"	8	9
"< Application, Lorg/apache/log4j/varia/Roller, usage(Ljava/lang/String;)V >"	"bb7"	9	10
"< Application, Lorg/apache/log4j/helpers/LogLog, debug(Ljava/lang/String;Ljava/lang/Throwable;)V >"	"bb10"	12	13
"< Application, Lorg/apache/log4j/Hierarchy, updateChildren(Lorg/apache/log4j/ProvisionNode;Lorg/apache/log4j/Category;)V >"	"bb14"	13	14
"< Application, Lorg/apache/log4j/Hierarchy, updateParents(Lorg/apache/log4j/Category;)V >"	"bb3"	2	3
"< Application, Lweblech/spider/Spider, start()V >"	"bb17"	18	19
"< Application, Lorg/apache/log4j/net/SocketAppender, connect(Ljava/net/InetAddress;I)V >"	"bb12"	11	12
"< Application, Lweblech/spider/Spider, downloadURL(Lweblech/spider/URLToDownload;Lweblech/spider/URLGetter;Lweblech/spider/HTMLParser;)Ljava/util/List; >"	"bb59"	61	62
"< Application, Lorg/apache/log4j/config/PropertyPrinter, printOptions(Ljava/io/PrintWriter;Lorg/apache/log4j/Category;)V >"	"bb6"	5	6
"< Application, Lorg/apache/log4j/HTMLLayout, getFooter()Ljava/lang/String; >"	"bb6"	5	6
"< Application, Lorg/apache/log4j/Category, debug(Ljava/lang/Object;)V >"	"bb5"	4	5
"< Application, Lorg/apache/log4j/helpers/OptionConverter, substVars(Ljava/lang/String;Ljava/util/Properties;)Ljava/lang/String; >"	"bb27"	33	34
"< Application, Lorg/apache/log4j/net/SocketServer, main([Ljava/lang/String;)V >"	"bb33"	39	40
"< Application, Lorg/apache/log4j/helpers/OptionConverter, selectAndConfigure(Ljava/net/URL;Lorg/apache/log4j/Hierarchy;)V >"	"bb31"	33	34
"< Application, Lweblech/spider/Spider, run()V >"	"bb7"	6	7
"< Application, Lorg/apache/log4j/Priority, getAllPossiblePriorities()[Lorg/apache/log4j/Priority; >"	"bb2"	1	2
"< Application, Lorg/apache/log4j/nt/NTEventLogAppender, <init>(Ljava/lang/String;Ljava/lang/String;Lorg/apache/log4j/Layout;)V >"	"bb7"	5	6
"< Application, Lorg/apache/log4j/net/SimpleSocketServer, usage(Ljava/lang/String;)V >"	"bb5"	6	7
"< Application, Lorg/apache/log4j/AsyncAppender, getAllAppenders()Ljava/util/Enumeration; >"	"bb7"	6	7
"< Application, Lorg/apache/log4j/spi/LoggingEvent, class$(Ljava/lang/String;)Ljava/lang/Class; >"	"bb3"	2	3
"< Application, Lorg/apache/log4j/helpers/LogLog, error(Ljava/lang/String;Ljava/lang/Throwable;)V >"	"bb1"	0	1
"< Application, Lorg/apache/log4j/or/RendererMap, get(Ljava/lang/Class;)Lorg/apache/log4j/or/ObjectRenderer; >"	"bb13"	12	13
"< Application, Lorg/apache/log4j/spi/LoggingEvent, <clinit>()V >"	"bb5"	7	8
"< Application, Lorg/apache/log4j/varia/Roller, init(Ljava/lang/String;Ljava/lang/String;)V >"	"bb2"	2	3
"< Application, Lorg/apache/log4j/helpers/FileWatchdog, checkAndConfigure()V >"	"bb18"	18	19
"< Application, Lorg/apache/log4j/net/SimpleSocketServer, main([Ljava/lang/String;)V >"	"bb11"	11	12
"< Application, Lorg/apache/log4j/helpers/SyslogQuietWriter, write(Ljava/lang/String;)V >"	"bb6"	5	6
"< Application, Lorg/apache/log4j/HTMLLayout, getHeader()Ljava/lang/String; >"	"bb81"	92	93
"< Application, Lorg/apache/log4j/HTMLLayout, appendThrowableAsHTML([Ljava/lang/String;Ljava/lang/StringBuffer;)V >"	"bb16"	18	19
"< Application, Lorg/apache/log4j/net/SimpleSocketServer, usage(Ljava/lang/String;)V >"	"bb1"	0	1
"< Application, Lorg/apache/log4j/helpers/CyclicBuffer, add(Lorg/apache/log4j/spi/LoggingEvent;)V >"	"bb13"	13	14
"< Application, Lweblech/util/Logger, <clinit>()V >"	"bb4"	4	5
"< Application, Lorg/apache/log4j/config/PropertyGetter, isHandledType(Ljava/lang/Class;)Z >"	"bb9"	12	13
"< Application, Lweblech/spider/HTMLParser, parseAsHTML(Ljava/net/URL;Ljava/lang/String;)Ljava/util/List; >"	"bb16"	16	17
"< Application, Lweblech/util/Log4j, <clinit>()V >"	"bb14"	16	17
"< Application, Lorg/apache/log4j/net/SocketAppender$Connector, run()V >"	"bb34"	36	37
"< Application, Lorg/apache/log4j/helpers/PatternParser, parse()Lorg/apache/log4j/helpers/PatternConverter; >"	"bb106"	115	116
"< Application, Lorg/apache/log4j/net/SimpleSocketServer, <clinit>()V >"	"bb5"	6	7
"< Application, Lorg/apache/log4j/BasicConfigurator, enableAll()V >"	"bb2"	1	2
"< Application, Lweblech/spider/Spider, downloadURL(Lweblech/spider/URLToDownload;Lweblech/spider/URLGetter;Lweblech/spider/HTMLParser;)Ljava/util/List; >"	"bb79"	82	83
"< Application, Lorg/apache/log4j/HTMLLayout, format(Lorg/apache/log4j/spi/LoggingEvent;)Ljava/lang/String; >"	"bb65"	70	71
"< Application, Lorg/apache/log4j/net/SMTPAppender, setEvaluatorClass(Ljava/lang/String;)V >"	"bb1"	0	1
"< Application, Lorg/apache/log4j/varia/Roller, roll()V >"	"bb2"	1	2
"< Application, Lorg/apache/log4j/helpers/OptionConverter, convertSpecialChars(Ljava/lang/String;)Ljava/lang/String; >"	"bb24"	24	25
"< Application, Lorg/apache/log4j/Category, shutdown()V >"	"bb1"	0	1
"< Application, Lorg/apache/log4j/AsyncAppender, getAppender(Ljava/lang/String;)Lorg/apache/log4j/Appender; >"	"bb7"	6	7
"< Application, Lweblech/spider/Spider, checkpointIfNeeded()V >"	"bb16"	19	20
"< Application, Lorg/apache/log4j/PropertyConfigurator, parseAppender(Ljava/util/Properties;Ljava/lang/String;)Lorg/apache/log4j/Appender; >"	"bb40"	43	44
"< Application, Lorg/apache/log4j/net/SocketNode, <clinit>()V >"	"bb7"	9	10
"< Application, Lorg/apache/log4j/net/JMSSink, usage(Ljava/lang/String;)V >"	"bb1"	0	1
"< Application, Lweblech/ui/TextSpider, main([Ljava/lang/String;)V >"	"bb51"	59	60
"< Application, Lorg/apache/log4j/config/PropertyGetter, isHandledType(Ljava/lang/Class;)Z >"	"bb3"	3	4
"< Application, Lorg/apache/log4j/helpers/PatternConverter, format(Ljava/lang/StringBuffer;Lorg/apache/log4j/spi/LoggingEvent;)V >"	"bb21"	21	22
"< Application, Lorg/apache/log4j/helpers/PatternParser, finalizeConverter(C)V >"	"bb37"	36	37
"< Application, Lorg/apache/log4j/helpers/PatternParser$DatePatternConverter, convert(Lorg/apache/log4j/spi/LoggingEvent;)Ljava/lang/String; >"	"bb9"	9	10
"< Application, Lweblech/spider/URLGetter, getURL(Lweblech/spider/URLToDownload;)Lweblech/spider/URLObject; >"	"bb80"	89	90
"< Application, Lorg/apache/log4j/Priority, toPriority(Ljava/lang/String;Lorg/apache/log4j/Priority;)Lorg/apache/log4j/Priority; >"	"bb18"	21	22
"< Application, Lweblech/spider/Spider, checkpointIfNeeded()V >"	"bb7"	7	8
"< Application, Lorg/apache/log4j/net/SocketServer, main([Ljava/lang/String;)V >"	"bb18"	20	21
"< Application, Lorg/apache/log4j/BasicConfigurator, disableAll()V >"	"bb2"	1	2
"< Application, Lorg/apache/log4j/CategoryKey, equals(Ljava/lang/Object;)Z >"	"bb8"	9	10
"< Application, Lorg/apache/log4j/NDC, lazyRemove()V >"	"bb2"	4	5
"< Application, Lorg/apache/log4j/Category, fatal(Ljava/lang/Object;)V >"	"bb8"	8	9
"< Application, Lorg/apache/log4j/config/PropertyPrinter, foundProperty(Ljava/lang/Object;Ljava/lang/String;Ljava/lang/String;Ljava/lang/Object;)V >"	"bb1"	0	1
"< Application, Lorg/apache/log4j/net/SocketServer, genericHierarchy()Lorg/apache/log4j/Hierarchy; >"	"bb7"	6	7
"< Application, Lweblech/spider/URLGetter, getURL(Lweblech/spider/URLToDownload;)Lweblech/spider/URLObject; >"	"bb117"	136	137
"< Application, Lorg/apache/log4j/config/PropertySetter, setProperty(Ljava/beans/PropertyDescriptor;Ljava/lang/String;Ljava/lang/String;)V >"	"bb51"	51	52
"< Application, Lorg/apache/log4j/helpers/LogLog, setInternalDebugging(Z)V >"	"bb1"	0	1
"< Application, Lorg/apache/log4j/Category, <clinit>()V >"	"bb38"	45	46
"< Application, Lweblech/spider/Spider, run()V >"	"bb45"	47	48
"< Application, Lweblech/util/Log4j, <clinit>()V >"	"bb3"	2	3
"< Application, Lweblech/spider/HTMLParser, extractAttributesFromTags(Ljava/lang/String;Ljava/lang/String;Ljava/net/URL;Ljava/util/List;Ljava/util/Set;Ljava/lang/String;)V >"	"bb55"	61	62
"< Application, Lorg/apache/log4j/xml/DOMConfigurator, doConfigure(Ljava/lang/String;Lorg/apache/log4j/Hierarchy;)V >"	"bb43"	47	48
"< Application, Lweblech/ui/TextSpider, main([Ljava/lang/String;)V >"	"bb27"	29	30
"< Application, Lorg/apache/log4j/helpers/PatternParser, parse()Lorg/apache/log4j/helpers/PatternConverter; >"	"bb28"	30	31
"< Application, Lorg/apache/log4j/net/DefaultEvaluator, isTriggeringEvent(Lorg/apache/log4j/spi/LoggingEvent;)Z >"	"bb2"	1	2
"< Application, Lorg/apache/log4j/helpers/PatternParser, parse()Lorg/apache/log4j/helpers/PatternConverter; >"	"bb23"	23	24
"< Application, Lorg/apache/log4j/net/SocketNode, run()V >"	"bb23"	29	30
"< Application, Lorg/apache/log4j/xml/DOMConfigurator, findAppenderByReference(Lorg/w3c/dom/Element;)Lorg/apache/log4j/Appender; >"	"bb20"	19	20
"< Application, Lweblech/ui/TextSpider, main([Ljava/lang/String;)V >"	"bb53"	62	63
"< Application, Lorg/apache/log4j/helpers/CyclicBuffer, resize(I)V >"	"bb28"	28	29
"< Application, Lorg/apache/log4j/spi/LoggingEvent, readPriority(Ljava/io/ObjectInputStream;)V >"	"bb12"	12	13
"< Application, Lorg/apache/log4j/helpers/OptionConverter, substVars(Ljava/lang/String;Ljava/util/Properties;)Ljava/lang/String; >"	"bb27"	34	35
"< Application, Lorg/apache/log4j/xml/DOMConfigurator, doConfigure(Ljava/io/InputStream;Lorg/apache/log4j/Hierarchy;)V >"	"bb19"	18	19
"< Application, Lorg/apache/log4j/RollingFileAppender, rollOver()V >"	"bb34"	32	33
"< Application, Lorg/apache/log4j/spi/LocationInfo, getLineNumber()Ljava/lang/String; >"	"bb9"	8	9
"< Application, Lorg/apache/log4j/Hierarchy, exists(Ljava/lang/String;)Lorg/apache/log4j/Category; >"	"bb5"	4	5
"< Application, Lweblech/spider/SpiderConfig, <init>(Ljava/util/Properties;)V >"	"bb101"	107	108
"< Application, Lorg/apache/log4j/ConsoleAppender, <init>(Lorg/apache/log4j/Layout;Ljava/lang/String;)V >"	"bb13"	13	14
"< Application, Lweblech/ui/TextSpider, main([Ljava/lang/String;)V >"	"bb27"	28	29
"< Application, Lorg/apache/log4j/nt/NTEventLogAppender, <clinit>()V >"	"bb5"	11	12
"< Application, Lorg/apache/log4j/helpers/OptionConverter, toFileSize(Ljava/lang/String;J)J >"	"bb17"	15	16
"< Application, Lweblech/spider/URLGetter, getURL(Lweblech/spider/URLToDownload;)Lweblech/spider/URLObject; >"	"bb10"	10	11
"< Application, Lorg/apache/log4j/HTMLLayout, <clinit>()V >"	"bb1"	0	1
"< Application, Lorg/apache/log4j/config/PropertyPrinter, foundProperty(Ljava/lang/Object;Ljava/lang/String;Ljava/lang/String;Ljava/lang/Object;)V >"	"bb9"	8	9
"< Application, Lorg/apache/log4j/Hierarchy, getInstance(Ljava/lang/String;Lorg/apache/log4j/spi/CategoryFactory;)Lorg/apache/log4j/Category; >"	"bb31"	32	33
"< Application, Lweblech/spider/HTMLParser, extractAttributesFromTags(Ljava/lang/String;Ljava/lang/String;Ljava/net/URL;Ljava/util/List;Ljava/util/Set;Ljava/lang/String;)V >"	"bb27"	28	29
"< Application, Lorg/apache/log4j/net/SocketNode, <clinit>()V >"	"bb1"	0	1
"< Application, Lorg/apache/log4j/RollingFileAppenderBeanInfo, <init>()V >"	"bb6"	7	8
"< Application, Lorg/apache/log4j/net/SocketAppender$Connector, run()V >"	"bb45"	48	49
"< Application, Lweblech/spider/SpiderConfig, <init>(Ljava/util/Properties;)V >"	"bb20"	21	22
"< Application, Lorg/apache/log4j/Category, isDebugEnabled()Z >"	"bb5"	4	5
"< Application, Lorg/apache/log4j/config/PropertySetter, convertArg(Ljava/lang/String;Ljava/lang/Class;)Ljava/lang/Object; >"	"bb33"	42	43
"< Application, Lorg/apache/log4j/PropertyConfigurator, parseAppender(Ljava/util/Properties;Ljava/lang/String;)Lorg/apache/log4j/Appender; >"	"bb37"	39	40
"< Application, Lorg/apache/log4j/Category, isInfoEnabled()Z >"	"bb5"	4	5
"< Application, Lorg/apache/log4j/helpers/LogLog, warn(Ljava/lang/String;Ljava/lang/Throwable;)V >"	"bb3"	3	4
"< Application, Lorg/apache/log4j/helpers/PatternParser, extractPrecisionOption()I >"	"bb14"	13	14
"< Application, Lorg/apache/log4j/Category, info(Ljava/lang/Object;)V >"	"bb8"	9	10
"< Application, Lorg/apache/log4j/config/PropertyGetter, <clinit>()V >"	"bb2"	1	2
"< Application, Lorg/apache/log4j/HTMLLayout, getHeader()Ljava/lang/String; >"	"bb127"	145	146
"< Application, Lweblech/spider/Spider, downloadURL(Lweblech/spider/URLToDownload;Lweblech/spider/URLGetter;Lweblech/spider/HTMLParser;)Ljava/util/List; >"	"bb21"	21	22
"< Application, Lorg/apache/log4j/NDC, peek()Ljava/lang/String; >"	"bb2"	1	2
"< Application, Lorg/apache/log4j/xml/DOMConfigurator, parseFilters(Lorg/w3c/dom/Element;Lorg/apache/log4j/Appender;)V >"	"bb5"	5	6
"< Application, Lorg/apache/log4j/spi/LocationInfo, <clinit>()V >"	"bb6"	9	10
"< Application, Lweblech/spider/Spider, readCheckpoint()V >"	"bb17"	17	18
"< Application, Lorg/apache/log4j/helpers/AppenderAttachableImpl, removeAllAppenders()V >"	"bb11"	10	11
"< Application, Lorg/apache/log4j/helpers/Loader, resolveName(Ljava/lang/String;Ljava/lang/Class;)Ljava/lang/String; >"	"bb13"	11	12
"< Application, Lorg/apache/log4j/net/SimpleSocketServer, main([Ljava/lang/String;)V >"	"bb17"	19	20
"< Application, Lorg/apache/log4j/HTMLLayout, format(Lorg/apache/log4j/spi/LoggingEvent;)Ljava/lang/String; >"	"bb54"	58	59
"< Application, Lweblech/ui/TextSpider, main([Ljava/lang/String;)V >"	"bb36"	39	40
"< Application, Lorg/apache/log4j/varia/HUPNode, <init>(Ljava/net/Socket;Lorg/apache/log4j/varia/ExternallyRolledFileAppender;)V >"	"bb13"	12	13
"< Application, Lorg/apache/log4j/xml/DOMConfigurator, parseFilters(Lorg/w3c/dom/Element;Lorg/apache/log4j/Appender;)V >"	"bb3"	2	3
"< Application, Lorg/apache/log4j/net/SyslogAppender, initSyslogFacilityStr()V >"	"bb6"	5	6
"< Application, Lorg/apache/log4j/BasicConfigurator, resetConfiguration()V >"	"bb1"	0	1
"< Application, Lorg/apache/log4j/helpers/CyclicBuffer, get()Lorg/apache/log4j/spi/LoggingEvent; >"	"bb4"	3	4
"< Application, Lorg/apache/log4j/net/SocketAppender, cleanUp()V >"	"bb6"	5	6
"< Application, Lorg/apache/log4j/xml/DOMConfigurator, parsePriority(Lorg/w3c/dom/Element;Lorg/apache/log4j/Category;Z)V >"	"bb44"	44	45
"< Application, Lorg/apache/log4j/DailyRollingFileAppender, <init>(Lorg/apache/log4j/Layout;Ljava/lang/String;Ljava/lang/String;)V >"	"bb4"	3	4
"< Application, Lorg/apache/log4j/RollingFileAppenderBeanInfo, <init>()V >"	"bb34"	41	42
"< Application, Lorg/apache/log4j/helpers/BoundedFIFO, min(II)I >"	"bb4"	2	3
"< Application, Lorg/apache/log4j/spi/LocationInfo, getClassName()Ljava/lang/String; >"	"bb13"	12	13
"< Application, Lorg/apache/log4j/helpers/BoundedFIFO, put(Lorg/apache/log4j/spi/LoggingEvent;)V >"	"bb8"	7	8
"< Application, Lorg/apache/log4j/AsyncAppender, removeAppender(Lorg/apache/log4j/Appender;)V >"	"bb7"	6	7
"< Application, Lorg/apache/log4j/varia/Roller, roll()V >"	"bb27"	32	33
"< Application, Lorg/apache/log4j/varia/HUP, run()V >"	"bb21"	20	21
"< Application, Lorg/apache/log4j/Priority, getAllPossiblePriorities()[Lorg/apache/log4j/Priority; >"	"bb3"	3	4
"< Application, Lweblech/spider/URLObject, textReplace(Ljava/lang/String;Ljava/lang/String;Ljava/lang/String;)Ljava/lang/String; >"	"bb2"	0	1
"< Application, Lorg/apache/log4j/varia/Roller, <clinit>()V >"	"bb7"	9	10
"< Application, Lorg/apache/log4j/Category, log(Lorg/apache/log4j/Priority;Ljava/lang/Object;)V >"	"bb9"	8	9
"< Application, Lorg/apache/log4j/net/SocketServer, init(Ljava/lang/String;Ljava/lang/String;Ljava/lang/String;)V >"	"bb2"	1	2
"< Application, Lweblech/spider/Spider, run()V >"	"bb59"	63	64
"< Application, Lorg/apache/log4j/net/SocketServer, configureHierarchy(Ljava/net/InetAddress;)Lorg/apache/log4j/Hierarchy; >"	"bb41"	44	45
"< Application, Lorg/apache/log4j/NDC, lazyRemove()V >"	"bb5"	8	9
"< Application, Lweblech/spider/Spider, run()V >"	"bb109"	116	117
"< Application, Lorg/apache/log4j/xml/DOMConfigurator, parsePriority(Lorg/w3c/dom/Element;Lorg/apache/log4j/Category;Z)V >"	"bb4"	2	3
"< Application, Lorg/apache/log4j/helpers/OptionConverter, substVars(Ljava/lang/String;Ljava/util/Properties;)Ljava/lang/String; >"	"bb1"	0	1
"< Application, Lorg/apache/log4j/xml/DOMConfigurator, <clinit>()V >"	"bb2"	1	2
"< Application, Lorg/apache/log4j/Hierarchy, getInstance(Ljava/lang/String;Lorg/apache/log4j/spi/CategoryFactory;)Lorg/apache/log4j/Category; >"	"bb19"	19	20
"< Application, Lorg/apache/log4j/PropertyConfigurator, parseAppender(Ljava/util/Properties;Ljava/lang/String;)Lorg/apache/log4j/Appender; >"	"bb23"	23	24
"< Application, Lorg/apache/log4j/helpers/PatternConverter, format(Ljava/lang/StringBuffer;Lorg/apache/log4j/spi/LoggingEvent;)V >"	"bb12"	11	12
"< Application, Lorg/apache/log4j/xml/DOMConfigurator, parsePriority(Lorg/w3c/dom/Element;Lorg/apache/log4j/Category;Z)V >"	"bb37"	36	37
"< Application, Lorg/apache/log4j/config/PropertySetterException, getMessage()Ljava/lang/String; >"	"bb8"	6	7
"< Application, Lorg/apache/log4j/helpers/PatternParser$BasicPatternConverter, convert(Lorg/apache/log4j/spi/LoggingEvent;)Ljava/lang/String; >"	"bb5"	4	5
"< Application, Lorg/apache/log4j/net/SimpleSocketServer, <clinit>()V >"	"bb1"	0	1
"< Application, Lorg/apache/log4j/PatternLayout, format(Lorg/apache/log4j/spi/LoggingEvent;)Ljava/lang/String; >"	"bb16"	14	15
"< Application, Lweblech/spider/URLGetter, getURL(Lweblech/spider/URLToDownload;)Lweblech/spider/URLObject; >"	"bb97"	111	112
"< Application, Lorg/apache/log4j/Dispatcher, run()V >"	"bb39"	39	40
"< Application, Lorg/apache/log4j/Priority, getAllPossiblePriorities()[Lorg/apache/log4j/Priority; >"	"bb4"	5	6
"< Application, Lorg/apache/log4j/varia/HUPNode, run()V >"	"bb12"	11	12
"< Application, Lorg/apache/log4j/net/SocketNode, run()V >"	"bb23"	28	29
"< Application, Lorg/apache/log4j/HTMLLayout, getHeader()Ljava/lang/String; >"	"bb91"	103	104
"< Application, Lorg/apache/log4j/net/SocketServer, <clinit>()V >"	"bb1"	0	1
"< Application, Lorg/apache/log4j/Category, warn(Ljava/lang/Object;Ljava/lang/Throwable;)V >"	"bb3"	4	5
"< Application, Lorg/apache/log4j/spi/LoggingEvent, readPriority(Ljava/io/ObjectInputStream;)V >"	"bb13"	14	15
"< Application, Lorg/apache/log4j/Priority, isGreaterOrEqual(Lorg/apache/log4j/Priority;)Z >"	"bb6"	4	5
"< Application, Lorg/apache/log4j/helpers/PatternParser, parse()Lorg/apache/log4j/helpers/PatternConverter; >"	"bb26"	27	28
"< Application, Lorg/apache/log4j/NDC, push(Ljava/lang/String;)V >"	"bb2"	1	2
"< Application, Lorg/apache/log4j/Priority, toPriority(Ljava/lang/String;Lorg/apache/log4j/Priority;)Lorg/apache/log4j/Priority; >"	"bb15"	17	18
"< Application, Lorg/apache/log4j/helpers/OptionConverter, toPriority(Ljava/lang/String;Lorg/apache/log4j/Priority;)Lorg/apache/log4j/Priority; >"	"bb25"	27	28
"< Application, Lorg/apache/log4j/net/JMSSink, main([Ljava/lang/String;)V >"	"bb11"	11	12
"< Application, Lorg/apache/log4j/helpers/LogLog, warn(Ljava/lang/String;)V >"	"bb1"	0	1
"< Application, Lorg/apache/log4j/xml/DOMConfigurator, parseCategory(Lorg/w3c/dom/Element;Lorg/apache/log4j/Hierarchy;)V >"	"bb18"	17	18
"< Application, Lorg/apache/log4j/HTMLLayout, getHeader()Ljava/lang/String; >"	"bb12"	12	13
"< Application, Lorg/apache/log4j/HTMLLayout, appendThrowableAsHTML([Ljava/lang/String;Ljava/lang/StringBuffer;)V >"	"bb14"	15	16
"< Application, Lorg/apache/log4j/Category, info(Ljava/lang/Object;Ljava/lang/Throwable;)V >"	"bb5"	4	5
"< Application, Lweblech/spider/URLGetter, getURL(Lweblech/spider/URLToDownload;)Lweblech/spider/URLObject; >"	"bb17"	18	19
"< Application, Lorg/apache/log4j/config/PropertyGetter, isHandledType(Ljava/lang/Class;)Z >"	"bb21"	28	29
"< Application, Lorg/apache/log4j/HTMLLayout, appendThrowableAsHTML([Ljava/lang/String;Ljava/lang/StringBuffer;)V >"	"bb10"	10	11
"< Application, Lweblech/spider/URLObject, <clinit>()V >"	"bb3"	2	3
"< Application, Lorg/apache/log4j/RollingFileAppender, rollOver()V >"	"bb93"	92	93
"< Application, Lorg/apache/log4j/BasicConfigurator, addRenderer(Lorg/apache/log4j/Hierarchy;Ljava/lang/String;Ljava/lang/String;)V >"	"bb29"	31	32
"< Application, Lorg/apache/log4j/xml/DOMConfigurator, parseErrorHandler(Lorg/w3c/dom/Element;Lorg/apache/log4j/Appender;)V >"	"bb5"	5	6
"< Application, Lweblech/spider/DownloadQueue, size()I >"	"bb5"	4	5
"< Application, Lorg/apache/log4j/varia/Roller, <clinit>()V >"	"bb1"	0	1
"< Application, Lorg/apache/log4j/xml/DOMConfigurator, parseRoot(Lorg/w3c/dom/Element;Lorg/apache/log4j/Hierarchy;)V >"	"bb6"	5	6
"< Application, Lorg/apache/log4j/Category, <clinit>()V >"	"bb5"	5	6
"< Application, Lorg/apache/log4j/HTMLLayout, getHeader()Ljava/lang/String; >"	"bb27"	29	30
"< Application, Lorg/apache/log4j/CategoryKey, equals(Ljava/lang/Object;)Z >"	"bb4"	3	4
"< Application, Lweblech/spider/Spider, start()V >"	"bb12"	12	13
"< Application, Lorg/apache/log4j/PropertyConfigurator, parseAppender(Ljava/util/Properties;Ljava/lang/String;)Lorg/apache/log4j/Appender; >"	"bb42"	46	47
"< Application, Lorg/apache/log4j/xml/DOMConfigurator, parseAppender(Lorg/w3c/dom/Element;)Lorg/apache/log4j/Appender; >"	"bb80"	81	82
"< Application, Lorg/apache/log4j/PropertyConfigurator, parseAppender(Ljava/util/Properties;Ljava/lang/String;)Lorg/apache/log4j/Appender; >"	"bb21"	20	21
"< Application, Lorg/apache/log4j/helpers/PatternParser, finalizeConverter(C)V >"	"bb50"	52	53
"< Application, Lorg/apache/log4j/NDC, push(Ljava/lang/String;)V >"	"bb9"	9	10
"< Application, Lorg/apache/log4j/helpers/OptionConverter, toPriority(Ljava/lang/String;Lorg/apache/log4j/Priority;)Lorg/apache/log4j/Priority; >"	"bb23"	24	25
"< Application, Lorg/apache/log4j/xml/DOMConfigurator, parseCategory(Lorg/w3c/dom/Element;Lorg/apache/log4j/Hierarchy;)V >"	"bb50"	52	53
"< Application, Lorg/apache/log4j/RollingFileAppenderBeanInfo, <init>()V >"	"bb4"	4	5
"< Application, Lweblech/spider/Spider, writeCheckpoint()V >"	"bb1"	0	1
"< Application, Lweblech/ui/TextSpider, main([Ljava/lang/String;)V >"	"bb44"	49	50
"< Application, Lorg/apache/log4j/helpers/Loader, <clinit>()V >"	"bb1"	0	1
"< Application, Lweblech/spider/HTMLParser, extractAttributesFromTags(Ljava/lang/String;Ljava/lang/String;Ljava/net/URL;Ljava/util/List;Ljava/util/Set;Ljava/lang/String;)V >"	"bb28"	30	31
"< Application, Lorg/apache/log4j/spi/LoggingEvent, readPriority(Ljava/io/ObjectInputStream;)V >"	"bb22"	26	27
"< Application, Lorg/apache/log4j/net/SimpleSocketServer, usage(Ljava/lang/String;)V >"	"bb9"	12	13
"< Application, Lorg/apache/log4j/helpers/PatternParser, extractPrecisionOption()I >"	"bb13"	11	12
"< Application, Lorg/apache/log4j/Category, warn(Ljava/lang/Object;)V >"	"bb1"	0	1
"< Application, Lorg/apache/log4j/helpers/OptionConverter, substVars(Ljava/lang/String;Ljava/util/Properties;)Ljava/lang/String; >"	"bb34"	42	43
"< Application, Lorg/apache/log4j/HTMLLayout, getHeader()Ljava/lang/String; >"	"bb63"	71	72
"< Application, Lorg/apache/log4j/helpers/OptionConverter, selectAndConfigure(Ljava/net/URL;Lorg/apache/log4j/Hierarchy;)V >"	"bb13"	14	15
"< Application, Lorg/apache/log4j/helpers/AppenderAttachableImpl, removeAppender(Ljava/lang/String;)V >"	"bb18"	17	18
"< Application, Lorg/apache/log4j/helpers/LogLog, warn(Ljava/lang/String;Ljava/lang/Throwable;)V >"	"bb1"	0	1
"< Application, Lorg/apache/log4j/helpers/OptionConverter, substVars(Ljava/lang/String;Ljava/util/Properties;)Ljava/lang/String; >"	"bb12"	16	17
"< Application, Lweblech/spider/URLGetter, getURL(Lweblech/spider/URLToDownload;)Lweblech/spider/URLObject; >"	"bb94"	104	105
"< Application, Lorg/apache/log4j/spi/LocationInfo, getFileName()Ljava/lang/String; >"	"bb12"	11	12
"< Application, Lorg/apache/log4j/nt/NTEventLogAppender, <init>(Ljava/lang/String;Ljava/lang/String;Lorg/apache/log4j/Layout;)V >"	"bb16"	15	16
"< Application, Lorg/apache/log4j/PropertyConfigurator, configure(Ljava/util/Properties;)V >"	"bb3"	2	3
"< Application, Lorg/apache/log4j/NDC, lazyRemove()V >"	"bb1"	0	1
"< Application, Lorg/apache/log4j/net/SocketServer, main([Ljava/lang/String;)V >"	"bb31"	36	37
"< Application, Lorg/apache/log4j/Priority, toPriority(I)Lorg/apache/log4j/Priority; >"	"bb1"	0	1
"< Application, Lorg/apache/log4j/config/PropertySetter, setProperty(Ljava/beans/PropertyDescriptor;Ljava/lang/String;Ljava/lang/String;)V >"	"bb15"	14	15
"< Application, Lorg/apache/log4j/Category, error(Ljava/lang/Object;)V >"	"bb7"	8	9
"< Application, Lorg/apache/log4j/xml/DOMConfigurator, <clinit>()V >"	"bb6"	7	8
"< Application, Lorg/apache/log4j/net/JMSSink, usage(Ljava/lang/String;)V >"	"bb9"	12	13
"< Application, Lorg/apache/log4j/net/SMTPAppender, setEvaluatorClass(Ljava/lang/String;)V >"	"bb3"	3	4
"< Application, Lorg/apache/log4j/config/PropertyGetter, isHandledType(Ljava/lang/Class;)Z >"	"bb7"	9	10
"< Application, Lorg/apache/log4j/config/PropertyPrinter, genAppName()Ljava/lang/String; >"	"bb5"	4	5
"< Application, Lorg/apache/log4j/Category, exists(Ljava/lang/String;)Lorg/apache/log4j/Category; >"	"bb1"	0	1
"< Application, Lweblech/spider/URLGetter, getURL(Lweblech/spider/URLToDownload;)Lweblech/spider/URLObject; >"	"bb110"	128	129
"< Application, Lorg/apache/log4j/varia/PriorityMatchFilter, decide(Lorg/apache/log4j/spi/LoggingEvent;)I >"	"bb8"	6	7
"< Application, Lorg/apache/log4j/Hierarchy, resetConfiguration()V >"	"bb20"	20	21
"< Application, Lorg/apache/log4j/Category, warn(Ljava/lang/Object;Ljava/lang/Throwable;)V >"	"bb1"	0	1
"< Application, Lorg/apache/log4j/config/PropertyPrinter, printOptions(Ljava/io/PrintWriter;Lorg/apache/log4j/Category;)V >"	"bb44"	44	45
"< Application, Lorg/apache/log4j/FileAppender, setOption(Ljava/lang/String;Ljava/lang/String;)V >"	"bb10"	9	10
"< Application, Lorg/apache/log4j/Category, class$(Ljava/lang/String;)Ljava/lang/Class; >"	"bb3"	2	3
"< Application, Lorg/apache/log4j/helpers/QuietWriter, flush()V >"	"bb4"	3	4
"< Application, Lorg/apache/log4j/Hierarchy, isDisabled(I)Z >"	"bb5"	3	4
"< Application, Lorg/apache/log4j/DailyRollingFileAppender, <init>()V >"	"bb4"	3	4
"< Application, Lorg/apache/log4j/helpers/LogLog, error(Ljava/lang/String;)V >"	"bb1"	0	1
"< Application, Lweblech/spider/HTMLParser, isMailTo(Ljava/lang/String;)Z >"	"bb8"	6	7
"< Application, Lorg/apache/log4j/config/PropertySetter, convertArg(Ljava/lang/String;Ljava/lang/Class;)Ljava/lang/Object; >"	"bb29"	36	37
"< Application, Lorg/apache/log4j/HTMLLayout, getHeader()Ljava/lang/String; >"	"bb33"	36	37
"< Application, Lorg/apache/log4j/NDC, getDepth()I >"	"bb1"	0	1
"< Application, Lweblech/spider/Spider, run()V >"	"bb98"	103	104
"< Application, Lorg/apache/log4j/PropertyConfigurator, configureCategoryFactory(Ljava/util/Properties;)V >"	"bb12"	12	13
"< Application, Lorg/apache/log4j/Category, warn(Ljava/lang/Object;)V >"	"bb3"	3	4
"< Application, Lorg/apache/log4j/AsyncAppender, append(Lorg/apache/log4j/spi/LoggingEvent;)V >"	"bb13"	11	12
"< Application, Lorg/apache/log4j/Priority, toPriority(Ljava/lang/String;Lorg/apache/log4j/Priority;)Lorg/apache/log4j/Priority; >"	"bb6"	5	6
"< Application, Lweblech/ui/TextSpider, main([Ljava/lang/String;)V >"	"bb47"	54	55
"< Application, Lorg/apache/log4j/TTCCLayout, format(Lorg/apache/log4j/spi/LoggingEvent;)Ljava/lang/String; >"	"bb44"	40	41
"< Application, Lorg/apache/log4j/BasicConfigurator, <clinit>()V >"	"bb7"	7	8
"< Application, Lorg/apache/log4j/varia/HUPNode, run()V >"	"bb22"	22	23
"< Application, Lorg/apache/log4j/helpers/LogLog, debug(Ljava/lang/String;)V >"	"bb2"	2	3
"< Application, Lorg/apache/log4j/CategoryKey, class$(Ljava/lang/String;)Ljava/lang/Class; >"	"bb3"	2	3
"< Application, Lorg/apache/log4j/helpers/OptionConverter, findAndSubst(Ljava/lang/String;Ljava/util/Properties;)Ljava/lang/String; >"	"bb6"	5	6
"< Application, Lorg/apache/log4j/net/SMTPAppender, class$(Ljava/lang/String;)Ljava/lang/Class; >"	"bb3"	2	3
"< Application, Lorg/apache/log4j/helpers/AppenderAttachableImpl, getAppender(Ljava/lang/String;)Lorg/apache/log4j/Appender; >"	"bb16"	15	16
"< Application, Lorg/apache/log4j/net/JMSSink, usage(Ljava/lang/String;)V >"	"bb2"	2	3
"< Application, Lorg/apache/log4j/helpers/OptionConverter, toPriority(Ljava/lang/String;Lorg/apache/log4j/Priority;)Lorg/apache/log4j/Priority; >"	"bb46"	53	54
"< Application, Lorg/apache/log4j/Category, <clinit>()V >"	"bb36"	42	43
"< Application, Lweblech/spider/HTMLParser, extractAttributesFromTags(Ljava/lang/String;Ljava/lang/String;Ljava/net/URL;Ljava/util/List;Ljava/util/Set;Ljava/lang/String;)V >"	"bb54"	59	60
"< Application, Lweblech/ui/TextSpider, main([Ljava/lang/String;)V >"	"bb36"	40	41
"< Application, Lorg/apache/log4j/Category, fatal(Ljava/lang/Object;Ljava/lang/Throwable;)V >"	"bb8"	9	10
"< Application, Lorg/apache/log4j/AsyncAppender, removeAppender(Ljava/lang/String;)V >"	"bb7"	6	7
"< Application, Lorg/apache/log4j/nt/NTEventLogAppender, <clinit>()V >"	"bb1"	0	1
"< Application, Lorg/apache/log4j/varia/Roller, roll()V >"	"bb15"	17	18
"< Application, Lweblech/spider/HTMLParser, extractAttributesFromTags(Ljava/lang/String;Ljava/lang/String;Ljava/net/URL;Ljava/util/List;Ljava/util/Set;Ljava/lang/String;)V >"	"bb31"	35	36
"< Application, Lorg/apache/log4j/or/ThreadGroupRenderer, doRender(Ljava/lang/Object;)Ljava/lang/String; >"	"bb1"	0	1
"< Application, Lorg/apache/log4j/HTMLLayout, format(Lorg/apache/log4j/spi/LoggingEvent;)Ljava/lang/String; >"	"bb28"	30	31
"< Application, Lorg/apache/log4j/PropertyConfigurator, configureCategoryFactory(Ljava/util/Properties;)V >"	"bb14"	15	16
"< Application, Lweblech/spider/SpiderConfig, <init>(Ljava/util/Properties;)V >"	"bb128"	138	139
"< Application, Lweblech/ui/TextSpider, main([Ljava/lang/String;)V >"	"bb60"	72	73
"< Application, Lorg/apache/log4j/config/PropertySetter, convertArg(Ljava/lang/String;Ljava/lang/Class;)Ljava/lang/Object; >"	"bb8"	9	10
"< Application, Lorg/apache/log4j/PropertyConfigurator, doConfigure(Ljava/lang/String;Lorg/apache/log4j/Hierarchy;)V >"	"bb8"	7	8
"< Application, Lorg/apache/log4j/spi/LoggingEvent, getStartTime()J >"	"bb1"	0	1
"< Application, Lorg/apache/log4j/net/SocketServer, genericHierarchy()Lorg/apache/log4j/Hierarchy; >"	"bb24"	26	27
"< Application, Lorg/apache/log4j/net/SyslogAppender, getFacility(Ljava/lang/String;)I >"	"bb4"	2	3
"< Application, Lorg/apache/log4j/xml/DOMConfigurator, parseLayout(Lorg/w3c/dom/Element;)Lorg/apache/log4j/Layout; >"	"bb27"	26	27
"< Application, Lorg/apache/log4j/RollingFileAppenderBeanInfo, <init>()V >"	"bb36"	44	45
"< Application, Lorg/apache/log4j/net/SocketServer, genericHierarchy()Lorg/apache/log4j/Hierarchy; >"	"bb15"	16	17
"< Application, Lweblech/spider/Spider, readCheckpoint()V >"	"bb17"	16	17
"< Application, Lorg/apache/log4j/net/SocketServer, configureHierarchy(Ljava/net/InetAddress;)Lorg/apache/log4j/Hierarchy; >"	"bb32"	34	35
"< Application, Lorg/apache/log4j/PropertyConfigurator, parseCategory(Ljava/util/Properties;Lorg/apache/log4j/Category;Ljava/lang/String;Ljava/lang/String;Ljava/lang/String;)V >"	"bb33"	32	33
"< Application, Lorg/apache/log4j/Category, debug(Ljava/lang/Object;)V >"	"bb8"	9	10
"< Application, Lorg/apache/log4j/Category, getInstance(Ljava/lang/String;Lorg/apache/log4j/spi/CategoryFactory;)Lorg/apache/log4j/Category; >"	"bb1"	0	1
"< Application, Lorg/apache/log4j/net/SocketNode, <init>(Ljava/net/Socket;Lorg/apache/log4j/Hierarchy;)V >"	"bb9"	9	10
"< Application, Lorg/apache/log4j/helpers/OptionConverter, toPriority(Ljava/lang/String;Lorg/apache/log4j/Priority;)Lorg/apache/log4j/Priority; >"	"bb28"	32	33
"< Application, Lorg/apache/log4j/helpers/PatternParser, finalizeConverter(C)V >"	"bb45"	46	47
"< Application, Lweblech/spider/HTMLParser, extractAttributesFromTags(Ljava/lang/String;Ljava/lang/String;Ljava/net/URL;Ljava/util/List;Ljava/util/Set;Ljava/lang/String;)V >"	"bb31"	34	35
"< Application, Lorg/apache/log4j/helpers/PatternParser, extractPrecisionOption()I >"	"bb14"	14	15
"< Application, Lweblech/spider/Spider, run()V >"	"bb33"	34	35
"< Application, Lorg/apache/log4j/Layout, <clinit>()V >"	"bb3"	4	5
"< Application, Lweblech/spider/URLGetter, getURL(Lweblech/spider/URLToDownload;)Lweblech/spider/URLObject; >"	"bb97"	109	110
"< Application, Lorg/apache/log4j/net/SocketServer, init(Ljava/lang/String;Ljava/lang/String;Ljava/lang/String;)V >"	"bb25"	26	27
"< Application, Lorg/apache/log4j/helpers/PatternParser, finalizeConverter(C)V >"	"bb43"	43	44
"< Application, Lorg/apache/log4j/net/SocketServer, class$(Ljava/lang/String;)Ljava/lang/Class; >"	"bb3"	2	3
"< Application, Lorg/apache/log4j/Hierarchy, getInstance(Ljava/lang/String;Lorg/apache/log4j/spi/CategoryFactory;)Lorg/apache/log4j/Category; >"	"bb15"	14	15
"< Application, Lorg/apache/log4j/HTMLLayout, getHeader()Ljava/lang/String; >"	"bb18"	19	20
"< Application, Lorg/apache/log4j/Category, getResourceBundleString(Ljava/lang/String;)Ljava/lang/String; >"	"bb18"	17	18
"< Application, Lorg/apache/log4j/net/SocketServer, usage(Ljava/lang/String;)V >"	"bb2"	2	3
"< Application, Lorg/apache/log4j/varia/Roller, class$(Ljava/lang/String;)Ljava/lang/Class; >"	"bb3"	2	3
"< Application, Lorg/apache/log4j/net/SocketAppender, append(Lorg/apache/log4j/spi/LoggingEvent;)V >"	"bb32"	31	32
"< Application, Lorg/apache/log4j/helpers/LogLog, <clinit>()V >"	"bb1"	1	2
"< Application, Lorg/apache/log4j/config/PropertySetter, convertArg(Ljava/lang/String;Ljava/lang/Class;)Ljava/lang/Object; >"	"bb35"	45	46
"< Application, Lorg/apache/log4j/varia/Roller, usage(Ljava/lang/String;)V >"	"bb9"	12	13
"< Application, Lorg/apache/log4j/helpers/CyclicBuffer, get()Lorg/apache/log4j/spi/LoggingEvent; >"	"bb12"	12	13
"< Application, Lorg/apache/log4j/xml/DOMConfigurator, doConfigure(Ljava/lang/String;Lorg/apache/log4j/Hierarchy;)V >"	"bb6"	5	6
"< Application, Lweblech/ui/TextSpider, main([Ljava/lang/String;)V >"	"bb44"	50	51
"< Application, Lorg/apache/log4j/xml/DOMConfigurator, doConfigure(Ljava/net/URL;Lorg/apache/log4j/Hierarchy;)V >"	"bb4"	3	4
"< Application, Lorg/apache/log4j/RollingFileAppenderBeanInfo, <init>()V >"	"bb38"	47	48
"< Application, Lorg/apache/log4j/FileAppender, setOption(Ljava/lang/String;Ljava/lang/String;)V >"	"bb16"	16	17
"< Application, Lweblech/spider/SpiderConfig, <init>(Ljava/util/Properties;)V >"	"bb140"	152	153
"< Application, Lorg/apache/log4j/helpers/OptionConverter, substVars(Ljava/lang/String;Ljava/util/Properties;)Ljava/lang/String; >"	"bb3"	4	5
"< Application, Lorg/apache/log4j/BasicConfigurator, class$(Ljava/lang/String;)Ljava/lang/Class; >"	"bb3"	2	3
"< Application, Lweblech/spider/URLGetter, getURL(Lweblech/spider/URLToDownload;)Lweblech/spider/URLObject; >"	"bb132"	154	155
"< Application, Lorg/apache/log4j/helpers/OptionConverter, <clinit>()V >"	"bb1"	1	2
"< Application, Lorg/apache/log4j/NDC, <clinit>()V >"	"bb3"	2	3
"< Application, Lweblech/spider/Spider, start()V >"	"bb18"	20	21
"< Application, Lweblech/spider/Spider, run()V >"	"bb114"	123	124
"< Application, Lorg/apache/log4j/spi/LoggingEvent, readPriority(Ljava/io/ObjectInputStream;)V >"	"bb18"	21	22
"< Application, Lorg/apache/log4j/helpers/LogLog, warn(Ljava/lang/String;)V >"	"bb3"	3	4
"< Application, Lweblech/spider/SpiderConfig, parseSet(Ljava/lang/String;)Ljava/util/Set; >"	"bb1"	0	1
"< Application, Lorg/apache/log4j/xml/DOMConfigurator, parseChildrenOfCategoryElement(Lorg/w3c/dom/Element;Lorg/apache/log4j/Category;Z)V >"	"bb47"	46	47
"< Application, Lorg/apache/log4j/spi/LocationInfo, <init>(Ljava/lang/Throwable;Ljava/lang/String;)V >"	"bb11"	14	15
"< Application, Lorg/apache/log4j/helpers/OptionConverter, selectAndConfigure(Ljava/net/URL;Lorg/apache/log4j/Hierarchy;)V >"	"bb9"	8	9
"< Application, Lorg/apache/log4j/helpers/PatternParser, parse()Lorg/apache/log4j/helpers/PatternConverter; >"	"bb106"	114	115
"< Application, Lorg/apache/log4j/helpers/PatternParser$NamedPatternConverter, convert(Lorg/apache/log4j/spi/LoggingEvent;)Ljava/lang/String; >"	"bb6"	5	6
"< Application, Lorg/apache/log4j/Priority, <clinit>()V >"	"bb9"	11	12
"< Application, Lorg/apache/log4j/Category, warn(Ljava/lang/Object;)V >"	"bb3"	4	5
"< Application, Lweblech/spider/URLObject, textReplace(Ljava/lang/String;Ljava/lang/String;Ljava/lang/String;)Ljava/lang/String; >"	"bb15"	15	16
"< Application, Lweblech/spider/DownloadQueue, size()I >"	"bb7"	7	8
"< Application, Lweblech/spider/Spider, run()V >"	"bb106"	112	113
"< Application, Lorg/apache/log4j/nt/NTEventLogAppender, <clinit>()V >"	"bb4"	9	10
"< Application, Lweblech/ui/TextSpider, main([Ljava/lang/String;)V >"	"bb1"	0	1
"< Application, Lorg/apache/log4j/xml/DOMConfigurator, doConfigure(Ljava/lang/String;Lorg/apache/log4j/Hierarchy;)V >"	"bb15"	15	16
"< Application, Lorg/apache/log4j/Priority, <clinit>()V >"	"bb3"	2	3
"< Application, Lorg/apache/log4j/xml/DOMConfigurator, findAppenderByReference(Lorg/w3c/dom/Element;)Lorg/apache/log4j/Appender; >"	"bb22"	22	23
"< Application, Lorg/apache/log4j/helpers/PatternParser, parse()Lorg/apache/log4j/helpers/PatternConverter; >"	"bb72"	76	77
"< Application, Lorg/apache/log4j/helpers/OptionConverter, toPriority(Ljava/lang/String;Lorg/apache/log4j/Priority;)Lorg/apache/log4j/Priority; >"	"bb38"	44	45
"< Application, Lorg/apache/log4j/spi/LoggingEvent, <clinit>()V >"	"bb4"	5	6
"< Application, Lorg/apache/log4j/BasicConfigurator, addRenderer(Lorg/apache/log4j/Hierarchy;Ljava/lang/String;Ljava/lang/String;)V >"	"bb10"	9	10
"< Application, Lweblech/spider/Spider, checkpointIfNeeded()V >"	"bb3"	2	3
"< Application, Lorg/apache/log4j/NDC, lazyRemove()V >"	"bb2"	2	3
"< Application, Lorg/apache/log4j/PropertyConfigurator, parseAppender(Ljava/util/Properties;Ljava/lang/String;)Lorg/apache/log4j/Appender; >"	"bb44"	49	50
"< Application, Lorg/apache/log4j/Category, fatal(Ljava/lang/Object;)V >"	"bb8"	9	10
"< Application, Lorg/apache/log4j/helpers/OptionConverter, substVars(Ljava/lang/String;Ljava/util/Properties;)Ljava/lang/String; >"	"bb3"	3	4
"< Application, Lorg/apache/log4j/net/SocketServer, genericHierarchy()Lorg/apache/log4j/Hierarchy; >"	"bb8"	8	9
"< Application, Lorg/apache/log4j/config/PropertySetter, class$(Ljava/lang/String;)Ljava/lang/Class; >"	"bb3"	2	3
"< Application, Lorg/apache/log4j/helpers/OptionConverter, toPriority(Ljava/lang/String;Lorg/apache/log4j/Priority;)Lorg/apache/log4j/Priority; >"	"bb64"	73	74
"< Application, Lorg/apache/log4j/net/SocketServer, <clinit>()V >"	"bb1"	1	2
"< Application, Lorg/apache/log4j/net/SocketServer, usage(Ljava/lang/String;)V >"	"bb9"	12	13
"< Application, Lweblech/ui/TextSpider, main([Ljava/lang/String;)V >"	"bb58"	69	70
"< Application, Lweblech/spider/URLGetter, getURL(Lweblech/spider/URLToDownload;)Lweblech/spider/URLObject; >"	"bb132"	155	156
"< Application, Lorg/apache/log4j/helpers/OptionConverter, selectAndConfigure(Ljava/net/URL;Lorg/apache/log4j/Hierarchy;)V >"	"bb37"	39	40
"< Application, Lweblech/spider/URLObject, <init>(Ljava/net/URL;Lweblech/spider/SpiderConfig;)V >"	"bb34"	34	35
"< Application, Lweblech/spider/SpiderConfig, <init>(Ljava/util/Properties;)V >"	"bb13"	13	14
"< Application, Lorg/apache/log4j/helpers/LogLog, debug(Ljava/lang/String;Ljava/lang/Throwable;)V >"	"bb2"	2	3
"< Application, Lorg/apache/log4j/RollingFileAppenderBeanInfo, class$(Ljava/lang/String;)Ljava/lang/Class; >"	"bb3"	2	3
"< Application, Lweblech/spider/URLGetter, getURL(Lweblech/spider/URLToDownload;)Lweblech/spider/URLObject; >"	"bb140"	164	165
"< Application, Lweblech/spider/URLObject, convertToFileName()Ljava/lang/String; >"	"bb23"	21	22
"< Application, Lweblech/spider/URLGetter, getURL(Lweblech/spider/URLToDownload;)Lweblech/spider/URLObject; >"	"bb37"	40	41
"< Application, Lorg/apache/log4j/helpers/BoundedFIFO, wasEmpty()Z >"	"bb5"	3	4
"< Application, Lweblech/spider/DumbAuthenticator, getPasswordAuthentication()Ljava/net/PasswordAuthentication; >"	"bb1"	0	1
"< Application, Lorg/apache/log4j/net/SocketServer, <clinit>()V >"	"bb1"	2	3
"< Application, Lorg/apache/log4j/HTMLLayout, getHeader()Ljava/lang/String; >"	"bb51"	57	58
"< Application, Lorg/apache/log4j/config/PropertySetter, convertArg(Ljava/lang/String;Ljava/lang/Class;)Ljava/lang/Object; >"	"bb16"	19	20
"< Application, Lorg/apache/log4j/xml/DOMConfigurator, parse(Lorg/w3c/dom/Element;Lorg/apache/log4j/Hierarchy;)V >"	"bb86"	85	86
"< Application, Lorg/apache/log4j/Priority, toPriority(ILorg/apache/log4j/Priority;)Lorg/apache/log4j/Priority; >"	"bb2"	1	2
"< Application, Lorg/apache/log4j/Hierarchy, resetConfiguration()V >"	"bb2"	1	2
"< Application, Lorg/apache/log4j/spi/LocationInfo, <init>(Ljava/lang/Throwable;Ljava/lang/String;)V >"	"bb19"	25	26
"< Application, Lorg/apache/log4j/Category, debug(Ljava/lang/Object;Ljava/lang/Throwable;)V >"	"bb7"	7	8
"< Application, Lorg/apache/log4j/spi/LoggingEvent, <clinit>()V >"	"bb2"	1	2
"< Application, Lorg/apache/log4j/nt/NTEventLogAppender, activateOptions()V >"	"bb8"	7	8
"< Application, Lorg/apache/log4j/Priority, toPriority(ILorg/apache/log4j/Priority;)Lorg/apache/log4j/Priority; >"	"bb5"	7	8
"< Application, Lorg/apache/log4j/PropertyConfigurator, configureCategoryFactory(Ljava/util/Properties;)V >"	"bb10"	9	10
"< Application, Lorg/apache/log4j/net/JMSSink, usage(Ljava/lang/String;)V >"	"bb7"	9	10
"< Application, Lorg/apache/log4j/NDC, pop()Ljava/lang/String; >"	"bb2"	1	2
"< Application, Lorg/apache/log4j/spi/LocationInfo, getLineNumber()Ljava/lang/String; >"	"bb14"	14	15
"< Application, Lorg/apache/log4j/helpers/PatternParser, finalizeConverter(C)V >"	"bb47"	49	50
"< Application, Lorg/apache/log4j/net/JMSAppender, checkEntryConditions()Z >"	"bb10"	8	9
"< Application, Lorg/apache/log4j/BasicConfigurator, disableDebug()V >"	"bb2"	1	2
"< Application, Lweblech/spider/HTMLParser, extractAttributesFromTags(Ljava/lang/String;Ljava/lang/String;Ljava/net/URL;Ljava/util/List;Ljava/util/Set;Ljava/lang/String;)V >"	"bb34"	39	40
"< Application, Lorg/apache/log4j/helpers/CountingQuietWriter, write(Ljava/lang/String;)V >"	"bb5"	5	6
"< Application, Lorg/apache/log4j/Category, <clinit>()V >"	"bb3"	2	3
"< Application, Lorg/apache/log4j/spi/LocationInfo, <init>(Ljava/lang/Throwable;Ljava/lang/String;)V >"	"bb5"	5	6
"< Application, Lorg/apache/log4j/helpers/PatternParser, extractPrecisionOption()I >"	"bb21"	22	23
"< Application, Lorg/apache/log4j/Category, getChainedPriority()Lorg/apache/log4j/Priority; >"	"bb8"	6	7
"< Application, Lorg/apache/log4j/helpers/SyslogWriter, <init>(Ljava/lang/String;)V >"	"bb3"	2	3
"< Application, Lorg/apache/log4j/DailyRollingFileAppender, rollOver()V >"	"bb43"	41	42
"< Application, Lorg/apache/log4j/spi/LoggingEvent, readPriority(Ljava/io/ObjectInputStream;)V >"	"bb8"	7	8
"< Application, Lorg/apache/log4j/config/PropertyGetter, isHandledType(Ljava/lang/Class;)Z >"	"bb13"	18	19
"< Application, Lorg/apache/log4j/config/PropertySetter, convertArg(Ljava/lang/String;Ljava/lang/Class;)Ljava/lang/Object; >"	"bb25"	30	31
"< Application, Lorg/apache/log4j/ConsoleAppender, activateOptions()V >"	"bb9"	9	10
"< Application, Lorg/apache/log4j/FileAppender, setFile(Ljava/lang/String;)V >"	"bb11"	11	12
"< Application, Lorg/apache/log4j/NDC, lazyRemove()V >"	"bb2"	3	4
"< Application, Lorg/apache/log4j/config/PropertyGetter, getProperties(Lorg/apache/log4j/config/PropertyGetter$PropertyCallback;Ljava/lang/String;)V >"	"bb15"	14	15
"< Application, Lorg/apache/log4j/Category, <clinit>()V >"	"bb17"	21	22
"< Application, Lorg/apache/log4j/config/PropertySetter, setProperties(Ljava/util/Properties;Ljava/lang/String;)V >"	"bb16"	16	17
"< Application, Lweblech/spider/URLGetter, getURL(Lweblech/spider/URLToDownload;)Lweblech/spider/URLObject; >"	"bb96"	107	108
"< Application, Lorg/apache/log4j/helpers/OptionConverter, convertSpecialChars(Ljava/lang/String;)Ljava/lang/String; >"	"bb26"	26	27
"< Application, Lorg/apache/log4j/Category, error(Ljava/lang/Object;)V >"	"bb5"	4	5
"< Application, Lorg/apache/log4j/net/SimpleSocketServer, usage(Ljava/lang/String;)V >"	"bb2"	2	3
"< Application, Lorg/apache/log4j/spi/LocationInfo, <init>(Ljava/lang/Throwable;Ljava/lang/String;)V >"	"bb7"	9	10
"< Application, Lorg/apache/log4j/BasicConfigurator, disableInfo()V >"	"bb2"	1	2
"< Application, Lweblech/spider/Spider, run()V >"	"bb112"	120	121
"< Application, Lorg/apache/log4j/xml/DOMConfigurator, doConfigure(Ljava/lang/String;Lorg/apache/log4j/Hierarchy;)V >"	"bb21"	23	24
"< Application, Lweblech/ui/TextSpider, main([Ljava/lang/String;)V >"	"bb55"	65	66
"< Application, Lorg/apache/log4j/FileAppender, activateOptions()V >"	"bb7"	6	7
"< Application, Lweblech/spider/URLObject, textReplace(Ljava/lang/String;Ljava/lang/String;Ljava/lang/String;)Ljava/lang/String; >"	"bb11"	10	11
"< Application, Lorg/apache/log4j/spi/LoggingEvent, readPriority(Ljava/io/ObjectInputStream;)V >"	"bb15"	17	18
"< Application, Lorg/apache/log4j/helpers/BoundedFIFO, get()Lorg/apache/log4j/spi/LoggingEvent; >"	"bb13"	13	14
"< Application, Lorg/apache/log4j/or/ThreadGroupRenderer, doRender(Ljava/lang/Object;)Ljava/lang/String; >"	"bb16"	16	17
"< Application, Lorg/apache/log4j/nt/NTEventLogAppender, append(Lorg/apache/log4j/spi/LoggingEvent;)V >"	"bb16"	15	16
"< Application, Lorg/apache/log4j/PatternLayout, <init>(Ljava/lang/String;)V >"	"bb11"	9	10
"< Application, Lweblech/spider/URLGetter, getURL(Lweblech/spider/URLToDownload;)Lweblech/spider/URLObject; >"	"bb94"	105	106
"< Application, Lweblech/spider/URLGetter, getURL(Lweblech/spider/URLToDownload;)Lweblech/spider/URLObject; >"	"bb124"	144	145
"< Application, Lweblech/spider/Spider, start()V >"	"bb4"	2	3
"< Application, Lorg/apache/log4j/net/SocketServer, <clinit>()V >"	"bb6"	10	11
"< Application, Lorg/apache/log4j/DailyRollingFileAppender, computeCheckPeriod()I >"	"bb22"	21	22
"< Application, Lorg/apache/log4j/net/SocketServer, <clinit>()V >"	"bb5"	8	9
"< Application, Lorg/apache/log4j/helpers/BoundedFIFO, resize(I)V >"	"bb7"	6	7
"< Application, Lorg/apache/log4j/SimpleLayout, format(Lorg/apache/log4j/spi/LoggingEvent;)Ljava/lang/String; >"	"bb13"	12	13
"< Application, Lorg/apache/log4j/AsyncAppender, addAppender(Lorg/apache/log4j/Appender;)V >"	"bb7"	6	7
"< Application, Lorg/apache/log4j/net/SMTPAppender, setOption(Ljava/lang/String;Ljava/lang/String;)V >"	"bb26"	27	28
"< Application, Lorg/apache/log4j/RollingFileAppenderBeanInfo, <init>()V >"	"bb20"	23	24
"< Application, Lorg/apache/log4j/net/JMSSink, main([Ljava/lang/String;)V >"	"bb9"	8	9
"< Application, Lorg/apache/log4j/helpers/CyclicBuffer, resize(I)V >"	"bb19"	18	19
"< Application, Lorg/apache/log4j/HTMLLayout, format(Lorg/apache/log4j/spi/LoggingEvent;)Ljava/lang/String; >"	"bb138"	145	146
"< Application, Lorg/apache/log4j/Priority, <clinit>()V >"	"bb5"	5	6
"< Application, Lweblech/spider/HTMLParser, extractAttributesFromTags(Ljava/lang/String;Ljava/lang/String;Ljava/net/URL;Ljava/util/List;Ljava/util/Set;Ljava/lang/String;)V >"	"bb25"	25	26
"< Application, Lorg/apache/log4j/Hierarchy, shutdown()V >"	"bb22"	21	22
"< Application, Lweblech/spider/SpiderConfig, <init>(Ljava/util/Properties;)V >"	"bb128"	137	138
"< Application, Lorg/apache/log4j/PropertyConfigurator, doConfigure(Ljava/net/URL;Lorg/apache/log4j/Hierarchy;)V >"	"bb12"	11	12
"< Application, Lorg/apache/log4j/xml/DOMConfigurator, parseLayout(Lorg/w3c/dom/Element;)Lorg/apache/log4j/Layout; >"	"bb30"	30	31
"< Application, Lorg/apache/log4j/config/PropertySetter, convertArg(Ljava/lang/String;Ljava/lang/Class;)Ljava/lang/Object; >"	"bb11"	13	14
"< Application, Lweblech/spider/URLGetter, getURL(Lweblech/spider/URLToDownload;)Lweblech/spider/URLObject; >"	"bb124"	145	146
"< Application, Lorg/apache/log4j/BasicConfigurator, addRenderer(Lorg/apache/log4j/Hierarchy;Ljava/lang/String;Ljava/lang/String;)V >"	"bb12"	12	13
"< Application, Lorg/apache/log4j/xml/DOMConfigurator, parseErrorHandler(Lorg/w3c/dom/Element;Lorg/apache/log4j/Appender;)V >"	"bb24"	26	27
"< Application, Lorg/apache/log4j/net/SocketAppender$Connector, run()V >"	"bb32"	33	34
"< Application, Lorg/apache/log4j/net/SocketServer, main([Ljava/lang/String;)V >"	"bb16"	17	18
"< Application, Lweblech/spider/SpiderConfig, fromSet(Ljava/util/Set;)Ljava/lang/String; >"	"bb13"	11	12
"< Application, Lorg/apache/log4j/helpers/BoundedFIFO, resize(I)V >"	"bb20"	22	23
"< Application, Lorg/apache/log4j/helpers/OptionConverter, substVars(Ljava/lang/String;Ljava/util/Properties;)Ljava/lang/String; >"	"bb33"	40	41
"< Application, Lorg/apache/log4j/varia/Roller, <clinit>()V >"	"bb3"	3	4
"< Application, Lorg/apache/log4j/xml/DOMConfigurator, parseCategory(Lorg/w3c/dom/Element;Lorg/apache/log4j/Hierarchy;)V >"	"bb24"	24	25
"< Application, Lorg/apache/log4j/xml/DOMConfigurator, parseFilters(Lorg/w3c/dom/Element;Lorg/apache/log4j/Appender;)V >"	"bb7"	8	9
"< Application, Lorg/apache/log4j/helpers/FileWatchdog, checkAndConfigure()V >"	"bb4"	3	4
"< Application, Lweblech/spider/Spider, checkpointIfNeeded()V >"	"bb14"	16	17
"< Application, Lorg/apache/log4j/Category, <clinit>()V >"	"bb41"	50	51
"< Application, Lorg/apache/log4j/Category, <clinit>()V >"	"bb15"	18	19
"< Application, Lorg/apache/log4j/Hierarchy, updateParents(Lorg/apache/log4j/Category;)V >"	"bb34"	36	37
"< Application, Lorg/apache/log4j/Category, fatal(Ljava/lang/Object;Ljava/lang/Throwable;)V >"	"bb8"	8	9
"< Application, Lorg/apache/log4j/helpers/OptionConverter, toPriority(Ljava/lang/String;Lorg/apache/log4j/Priority;)Lorg/apache/log4j/Priority; >"	"bb89"	101	102
"< Application, Lorg/apache/log4j/spi/LoggingEvent, <clinit>()V >"	"bb7"	10	11
"< Application, Lorg/apache/log4j/Layout, <clinit>()V >"	"bb2"	1	2
"< Application, Lweblech/spider/SpiderConfig, <init>()V >"	"bb2"	1	2
"< Application, Lorg/apache/log4j/xml/DOMConfigurator, doConfigure(Ljava/lang/String;Lorg/apache/log4j/Hierarchy;)V >"	"bb15"	16	17
"< Application, Lorg/apache/log4j/helpers/BoundedFIFO, wasFull()Z >"	"bb6"	5	6
"< Application, Lorg/apache/log4j/helpers/PatternParser, parse()Lorg/apache/log4j/helpers/PatternConverter; >"	"bb72"	78	79
"< Application, Lorg/apache/log4j/RollingFileAppender, subAppend(Lorg/apache/log4j/spi/LoggingEvent;)V >"	"bb8"	7	8
"< Application, Lweblech/spider/URLObject, convertToFileName()Ljava/lang/String; >"	"bb15"	13	14
"< Application, Lweblech/util/Logger, <clinit>()V >"	"bb4"	5	6
"< Application, Lorg/apache/log4j/config/PropertyGetter, getProperties(Ljava/lang/Object;Lorg/apache/log4j/config/PropertyGetter$PropertyCallback;Ljava/lang/String;)V >"	"bb5"	4	5
"< Application, Lorg/apache/log4j/config/PropertySetter, setProperty(Ljava/lang/String;Ljava/lang/String;)V >"	"bb21"	20	21
"< Application, Lorg/apache/log4j/helpers/LogLog, <clinit>()V >"	"bb5"	5	6
"< Application, Lorg/apache/log4j/Category, <clinit>()V >"	"bb40"	48	49
"< Application, Lorg/apache/log4j/helpers/AppenderAttachableImpl, appendLoopOnAppenders(Lorg/apache/log4j/spi/LoggingEvent;)I >"	"bb11"	10	11
"< Application, Lorg/apache/log4j/xml/DOMConfigurator, <clinit>()V >"	"bb4"	4	5
"< Application, Lorg/apache/log4j/config/PropertySetter, introspect()V >"	"bb7"	6	7
"< Application, Lorg/apache/log4j/RollingFileAppenderBeanInfo, <init>()V >"	"bb29"	34	35
"< Application, Lweblech/spider/SpiderConfig, <init>(Ljava/util/Properties;)V >"	"bb46"	50	51
"< Application, Lorg/apache/log4j/net/SimpleSocketServer, <clinit>()V >"	"bb3"	3	4
"< Application, Lorg/apache/log4j/CategoryKey, equals(Ljava/lang/Object;)Z >"	"bb16"	17	18
"< Application, Lorg/apache/log4j/ConsoleAppender, activateOptions()V >"	"bb5"	4	5
"< Application, Lorg/apache/log4j/config/PropertyPrinter, main([Ljava/lang/String;)V >"	"bb3"	2	3
"< Application, Lweblech/spider/URLObject, <init>(Ljava/net/URL;Lweblech/spider/SpiderConfig;)V >"	"bb25"	23	24
"< Application, Lorg/apache/log4j/config/PropertyPrinter, printOptions(Ljava/io/PrintWriter;Lorg/apache/log4j/Category;)V >"	"bb19"	18	19
"< Application, Lweblech/spider/Spider, writeCheckpoint()V >"	"bb12"	13	14
"< Application, Lorg/apache/log4j/NDC, clear()V >"	"bb1"	0	1
"< Application, Lorg/apache/log4j/spi/LocationInfo, <init>(Ljava/lang/Throwable;Ljava/lang/String;)V >"	"bb6"	7	8
"< Application, Lweblech/spider/SpiderConfig, <init>(Ljava/util/Properties;)V >"	"bb111"	119	120
"< Application, Lorg/apache/log4j/Category, getRoot()Lorg/apache/log4j/Category; >"	"bb1"	0	1
"< Application, Lorg/apache/log4j/PropertyConfigurator, parseAppender(Ljava/util/Properties;Ljava/lang/String;)Lorg/apache/log4j/Appender; >"	"bb25"	26	27
"< Application, Lorg/apache/log4j/RollingFileAppenderBeanInfo, <init>()V >"	"bb40"	50	51
"< Application, Lweblech/spider/URLGetter, getURL(Lweblech/spider/URLToDownload;)Lweblech/spider/URLObject; >"	"bb97"	112	113
"< Application, Lweblech/ui/TextSpider, main([Ljava/lang/String;)V >"	"bb66"	80	81
"< Application, Lorg/apache/log4j/Category, callAppenders(Lorg/apache/log4j/spi/LoggingEvent;)V >"	"bb14"	14	15
"< Application, Lorg/apache/log4j/config/PropertyPrinter, printOptions(Ljava/io/PrintWriter;Lorg/apache/log4j/Category;)V >"	"bb37"	37	38
"< Application, Lorg/apache/log4j/helpers/OptionConverter, substVars(Ljava/lang/String;Ljava/util/Properties;)Ljava/lang/String; >"	"bb36"	44	45
"< Application, Lweblech/spider/URLObject, <init>(Ljava/net/URL;Lweblech/spider/SpiderConfig;)V >"	"bb26"	25	26
"< Application, Lorg/apache/log4j/spi/ThrowableInformation, getThrowableStrRep()[Ljava/lang/String; >"	"bb8"	7	8
"< Application, Lorg/apache/log4j/HTMLLayout, format(Lorg/apache/log4j/spi/LoggingEvent;)Ljava/lang/String; >"	"bb145"	153	154
"< Application, Lorg/apache/log4j/AppenderSkeleton, isAsSevereAsThreshold(Lorg/apache/log4j/Priority;)Z >"	"bb8"	6	7
"< Application, Lorg/apache/log4j/spi/LocationInfo, <init>(Ljava/lang/Throwable;Ljava/lang/String;)V >"	"bb16"	20	21
"< Application, Lweblech/spider/Spider, run()V >"	"bb62"	67	68
"< Application, Lweblech/spider/Spider, downloadURL(Lweblech/spider/URLToDownload;Lweblech/spider/URLGetter;Lweblech/spider/HTMLParser;)Ljava/util/List; >"	"bb86"	90	91
"< Application, Lorg/apache/log4j/net/SocketNode, run()V >"	"bb15"	15	16
"< Application, Lorg/apache/log4j/helpers/OptionConverter, <clinit>()V >"	"bb1"	2	3
"< Application, Lorg/apache/log4j/NDC, inherit(Ljava/util/Stack;)V >"	"bb2"	1	2
"< Application, Lorg/apache/log4j/NDC, setMaxDepth(I)V >"	"bb1"	0	1
"< Application, Lorg/apache/log4j/Category, info(Ljava/lang/Object;Ljava/lang/Throwable;)V >"	"bb8"	8	9
"< Application, Lorg/apache/log4j/Category, callAppenders(Lorg/apache/log4j/spi/LoggingEvent;)V >"	"bb8"	7	8
"< Application, Lorg/apache/log4j/nt/NTEventLogAppender, <clinit>()V >"	"bb3"	5	6
"< Application, Lorg/apache/log4j/helpers/PatternParser$NamedPatternConverter, convert(Lorg/apache/log4j/spi/LoggingEvent;)Ljava/lang/String; >"	"bb8"	8	9
"< Application, Lorg/apache/log4j/PropertyConfigurator, configure(Ljava/net/URL;)V >"	"bb3"	2	3
"< Application, Lorg/apache/log4j/helpers/Loader, getResource(Ljava/lang/String;Ljava/lang/Class;)Ljava/net/URL; >"	"bb16"	15	16
"< Application, Lorg/apache/log4j/xml/DOMConfigurator, parseAppender(Lorg/w3c/dom/Element;)Lorg/apache/log4j/Appender; >"	"bb51"	50	51
"< Application, Lorg/apache/log4j/RollingFileAppender, setOption(Ljava/lang/String;Ljava/lang/String;)V >"	"bb5"	4	5
"< Application, Lorg/apache/log4j/NDC, lazyRemove()V >"	"bb32"	40	41
"< Application, Lorg/apache/log4j/helpers/OptionConverter, concatanateArrays([Ljava/lang/String;[Ljava/lang/String;)[Ljava/lang/String; >"	"bb3"	2	3
"< Application, Lorg/apache/log4j/varia/Roller, <clinit>()V >"	"bb5"	6	7
"< Application, Lweblech/ui/TextSpider, usage()V >"	"bb1"	0	1
"< Application, Lorg/apache/log4j/varia/Roller, roll()V >"	"bb2"	2	3
"< Application, Lorg/apache/log4j/Category, <clinit>()V >"	"bb19"	23	24
"< Application, Lorg/apache/log4j/HTMLLayout, format(Lorg/apache/log4j/spi/LoggingEvent;)Ljava/lang/String; >"	"bb13"	12	13
"< Application, Lorg/apache/log4j/Hierarchy, disableDebug()V >"	"bb1"	0	1
"< Application, Lweblech/spider/Spider, downloadURL(Lweblech/spider/URLToDownload;Lweblech/spider/URLGetter;Lweblech/spider/HTMLParser;)Ljava/util/List; >"	"bb48"	50	51
"< Application, Lweblech/spider/SpiderConfig, <init>(Ljava/util/Properties;)V >"	"bb35"	38	39
"< Application, Lorg/apache/log4j/Category, getResourceBundle()Ljava/util/ResourceBundle; >"	"bb8"	6	7
"< Application, Lorg/apache/log4j/spi/LocationInfo, <init>(Ljava/lang/Throwable;Ljava/lang/String;)V >"	"bb19"	24	25
"< Application, Lorg/apache/log4j/helpers/PatternParser, parse()Lorg/apache/log4j/helpers/PatternConverter; >"	"bb84"	91	92
"< Application, Lorg/apache/log4j/AsyncAppender, append(Lorg/apache/log4j/spi/LoggingEvent;)V >"	"bb31"	30	31
"< Application, Lorg/apache/log4j/helpers/CountingQuietWriter, write(Ljava/lang/String;)V >"	"bb7"	8	9
"< Application, Lorg/apache/log4j/config/PropertyGetter, isHandledType(Ljava/lang/Class;)Z >"	"bb5"	6	7
"< Application, Lorg/apache/log4j/net/SocketServer, main([Ljava/lang/String;)V >"	"bb33"	38	39
"< Application, Lorg/apache/log4j/xml/DOMConfigurator, subst(Ljava/lang/String;)Ljava/lang/String; >"	"bb4"	3	4
"< Application, Lorg/apache/log4j/AppenderSkeleton, doAppend(Lorg/apache/log4j/spi/LoggingEvent;)V >"	"bb23"	21	22
"< Application, Lweblech/spider/Spider, queueSize()I >"	"bb7"	6	7
"< Application, Lorg/apache/log4j/spi/ThrowableInformation, getThrowableStrRep()[Ljava/lang/String; >"	"bb11"	12	13
"< Application, Lorg/apache/log4j/PropertyConfigurator, configure(Ljava/lang/String;)V >"	"bb3"	2	3
"< Application, Lweblech/spider/HTMLParser, logMailURL(Ljava/lang/String;)V >"	"bb13"	14	15
"< Application, Lorg/apache/log4j/Hierarchy, getCurrentCategories()Ljava/util/Enumeration; >"	"bb9"	8	9
"< Application, Lweblech/spider/Spider, run()V >"	"bb51"	54	55
"< Application, Lweblech/spider/DumbAuthenticator, <clinit>()V >"	"bb3"	2	3
"< Application, Lorg/apache/log4j/helpers/SyslogWriter, <init>(Ljava/lang/String;)V >"	"bb17"	18	19
"< Application, Lorg/apache/log4j/BasicConfigurator, addRenderer(Lorg/apache/log4j/Hierarchy;Ljava/lang/String;Ljava/lang/String;)V >"	"bb14"	15	16
"< Application, Lorg/apache/log4j/spi/LocationInfo, <clinit>()V >"	"bb5"	6	7
"< Application, Lorg/apache/log4j/helpers/CyclicBuffer, add(Lorg/apache/log4j/spi/LoggingEvent;)V >"	"bb16"	17	18
"< Application, Lorg/apache/log4j/PropertyConfigurator, class$(Ljava/lang/String;)Ljava/lang/Class; >"	"bb3"	2	3
"< Application, Lorg/apache/log4j/NDC, lazyRemove()V >"	"bb15"	21	22
"< Application, Lweblech/spider/URLObject, <init>(Ljava/net/URL;Lweblech/spider/SpiderConfig;)V >"	"bb34"	35	36
"< Application, Lorg/apache/log4j/helpers/OptionConverter, toPriority(Ljava/lang/String;Lorg/apache/log4j/Priority;)Lorg/apache/log4j/Priority; >"	"bb30"	35	36
"< Application, Lorg/apache/log4j/Priority, <clinit>()V >"	"bb7"	8	9
"< Application, Lorg/apache/log4j/Category, l7dlog(Lorg/apache/log4j/Priority;Ljava/lang/String;Ljava/lang/Throwable;)V >"	"bb12"	10	11
"< Application, Lweblech/spider/Spider, downloadURL(Lweblech/spider/URLToDownload;Lweblech/spider/URLGetter;Lweblech/spider/HTMLParser;)Ljava/util/List; >"	"bb1"	0	1
"< Application, Lweblech/ui/TextSpider, main([Ljava/lang/String;)V >"	"bb66"	79	80
"< Application, Lorg/apache/log4j/Priority, toPriority(Ljava/lang/String;)Lorg/apache/log4j/Priority; >"	"bb1"	0	1
"< Application, Lorg/apache/log4j/config/PropertyGetter, isHandledType(Ljava/lang/Class;)Z >"	"bb17"	24	25
"< Application, Lorg/apache/log4j/HTMLLayout, getHeader()Ljava/lang/String; >"	"bb133"	152	153
"< Application, Lweblech/spider/HTMLParser, logMailURL(Ljava/lang/String;)V >"	"bb1"	0	1
"< Application, Lorg/apache/log4j/Category, info(Ljava/lang/Object;)V >"	"bb5"	4	5
"< Application, Lorg/apache/log4j/net/SimpleSocketServer, class$(Ljava/lang/String;)Ljava/lang/Class; >"	"bb3"	2	3
"< Application, Lorg/apache/log4j/RollingFileAppender, rollOver()V >"	"bb52"	51	52
"< Application, Lorg/apache/log4j/helpers/CyclicBuffer, get(I)Lorg/apache/log4j/spi/LoggingEvent; >"	"bb7"	6	7
"< Application, Lorg/apache/log4j/PropertyConfigurator, parseCatsAndRenderers(Ljava/util/Properties;Lorg/apache/log4j/Hierarchy;)V >"	"bb17"	16	17
"< Application, Lorg/apache/log4j/helpers/OptionConverter, convertSpecialChars(Ljava/lang/String;)Ljava/lang/String; >"	"bb5"	4	5
"< Application, Lorg/apache/log4j/net/SimpleSocketServer, main([Ljava/lang/String;)V >"	"bb8"	7	8
"< Application, Lorg/apache/log4j/helpers/LogLog, debug(Ljava/lang/String;Ljava/lang/Throwable;)V >"	"bb3"	4	5
"< Application, Lweblech/spider/URLObject, existsOnDisk()Z >"	"bb10"	8	9
"< Application, Lorg/apache/log4j/RollingFileAppenderBeanInfo, <init>()V >"	"bb2"	1	2
"< Application, Lorg/apache/log4j/spi/LocationInfo, getClassName()Ljava/lang/String; >"	"bb17"	17	18
"< Application, Lorg/apache/log4j/helpers/PatternParser, finalizeConverter(C)V >"	"bb126"	129	130
"< Application, Lweblech/spider/Spider, writeCheckpoint()V >"	"bb12"	12	13
"< Application, Lorg/apache/log4j/varia/Roller, roll()V >"	"bb29"	35	36
"< Application, Lorg/apache/log4j/NDC, <clinit>()V >"	"bb3"	3	4
"< Application, Lorg/apache/log4j/spi/LocationInfo, <init>(Ljava/lang/Throwable;Ljava/lang/String;)V >"	"bb22"	30	31
"< Application, Lorg/apache/log4j/BasicConfigurator, <clinit>()V >"	"bb3"	2	3
"< Application, Lweblech/spider/URLGetter, getURL(Lweblech/spider/URLToDownload;)Lweblech/spider/URLObject; >"	"bb26"	28	29
"< Application, Lorg/apache/log4j/helpers/LogLog, debug(Ljava/lang/String;)V >"	"bb3"	4	5
"< Application, Lorg/apache/log4j/Category, callAppenders(Lorg/apache/log4j/spi/LoggingEvent;)V >"	"bb18"	18	19
"< Application, Lweblech/spider/URLGetter, getURL(Lweblech/spider/URLToDownload;)Lweblech/spider/URLObject; >"	"bb1"	0	1
"< Application, Lorg/apache/log4j/helpers/BoundedFIFO, resize(I)V >"	"bb17"	17	18
"< Application, Lweblech/spider/Spider, filterURLs(Ljava/util/List;)Ljava/util/List; >"	"bb25"	22	23
"< Application, Lorg/apache/log4j/helpers/PatternParser, parse()Lorg/apache/log4j/helpers/PatternConverter; >"	"bb60"	63	64
"< Application, Lweblech/spider/Spider, run()V >"	"bb70"	76	77
"< Application, Lorg/apache/log4j/HTMLLayout, format(Lorg/apache/log4j/spi/LoggingEvent;)Ljava/lang/String; >"	"bb165"	174	175
"< Application, Lorg/apache/log4j/xml/DOMConfigurator, class$(Ljava/lang/String;)Ljava/lang/Class; >"	"bb3"	2	3
"< Application, Lorg/apache/log4j/spi/LocationInfo, <init>(Ljava/lang/Throwable;Ljava/lang/String;)V >"	"bb19"	26	27
"< Application, Lorg/apache/log4j/Category, l7dlog(Lorg/apache/log4j/Priority;Ljava/lang/String;Ljava/lang/Throwable;)V >"	"bb12"	11	12
"< Application, Lorg/apache/log4j/helpers/LogLog, setQuietMode(Z)V >"	"bb1"	0	1
"< Application, Lorg/apache/log4j/net/SocketNode, class$(Ljava/lang/String;)Ljava/lang/Class; >"	"bb3"	2	3
"< Application, Lorg/apache/log4j/HTMLLayout, escapeHTMLTags(Ljava/lang/String;)Ljava/lang/String; >"	"bb19"	18	19
"< Application, Lorg/apache/log4j/or/RendererMap, <clinit>()V >"	"bb3"	2	3
"< Application, Lorg/apache/log4j/spi/ThrowableInformation, <clinit>()V >"	"bb3"	2	3
"< Application, Lorg/apache/log4j/HTMLLayout, format(Lorg/apache/log4j/spi/LoggingEvent;)Ljava/lang/String; >"	"bb23"	24	25
"< Application, Lorg/apache/log4j/Category, callAppenders(Lorg/apache/log4j/spi/LoggingEvent;)V >"	"bb19"	20	21
"< Application, Lorg/apache/log4j/varia/Roller, usage(Ljava/lang/String;)V >"	"bb1"	0	1
"< Application, Lorg/apache/log4j/Category, error(Ljava/lang/Object;)V >"	"bb7"	7	8
"< Application, Lorg/apache/log4j/spi/LoggingEvent, writePriority(Ljava/io/ObjectOutputStream;)V >"	"bb10"	11	12
"< Application, Lorg/apache/log4j/nt/NTEventLogAppender, <clinit>()V >"	"bb4"	8	9
"< Application, Lorg/apache/log4j/config/PropertySetter, convertArg(Ljava/lang/String;Ljava/lang/Class;)Ljava/lang/Object; >"	"bb4"	3	4
"< Application, Lorg/apache/log4j/helpers/CyclicBuffer, get()Lorg/apache/log4j/spi/LoggingEvent; >"	"bb16"	17	18
"< Application, Lweblech/util/Logger, <clinit>()V >"	"bb2"	1	2
"< Application, Lorg/apache/log4j/net/SimpleSocketServer, main([Ljava/lang/String;)V >"	"bb19"	22	23
"< Application, Lweblech/spider/URLGetter, <clinit>()V >"	"bb3"	2	3
"< Application, Lorg/apache/log4j/xml/DOMConfigurator, <clinit>()V >"	"bb7"	9	10
"< Application, Lorg/apache/log4j/helpers/BoundedFIFO, get()Lorg/apache/log4j/spi/LoggingEvent; >"	"bb8"	7	8
"< Application, Lweblech/spider/SpiderConfig, <init>(Ljava/util/Properties;)V >"	"bb146"	160	161
"< Application, Lorg/apache/log4j/config/PropertySetter, activate()V >"	"bb2"	1	2
"< Application, Lorg/apache/log4j/helpers/NullEnumeration, getInstance()Lorg/apache/log4j/helpers/NullEnumeration; >"	"bb1"	0	1
"< Application, Lorg/apache/log4j/net/SocketServer, <clinit>()V >"	"bb3"	5	6
"< Application, Lorg/apache/log4j/config/PropertySetter, convertArg(Ljava/lang/String;Ljava/lang/Class;)Ljava/lang/Object; >"	"bb6"	6	7
"< Application, Lorg/apache/log4j/helpers/OptionConverter, class$(Ljava/lang/String;)Ljava/lang/Class; >"	"bb3"	2	3
"< Application, Lorg/apache/log4j/net/SocketNode, run()V >"	"bb15"	14	15
"< Application, Lweblech/spider/DumbAuthenticator, <init>(Ljava/lang/String;Ljava/lang/String;)V >"	"bb2"	1	2
"< Application, Lorg/apache/log4j/net/SMTPAppender, setOption(Ljava/lang/String;Ljava/lang/String;)V >"	"bb24"	24	25
"< Application, Lorg/apache/log4j/spi/LocationInfo, <clinit>()V >"	"bb3"	2	3
"< Application, Lorg/apache/log4j/NDC, get()Ljava/lang/String; >"	"bb1"	0	1
"< Application, Lorg/apache/log4j/helpers/PatternConverter, spacePad(Ljava/lang/StringBuffer;I)V >"	"bb7"	8	9
"< Application, Lorg/apache/log4j/helpers/OptionConverter, toInt(Ljava/lang/String;I)I >"	"bb6"	5	6
"< Application, Lorg/apache/log4j/Category, error(Ljava/lang/Object;Ljava/lang/Throwable;)V >"	"bb7"	7	8
"< Application, Lorg/apache/log4j/helpers/PatternConverter, spacePad(Ljava/lang/StringBuffer;I)V >"	"bb7"	9	10
"< Application, Lweblech/spider/SpiderConfig, fromSet(Ljava/util/Set;)Ljava/lang/String; >"	"bb5"	3	4
"< Application, Lorg/apache/log4j/Category, closeNestedAppenders()V >"	"bb6"	5	6
"< Application, Lorg/apache/log4j/config/PropertyGetter, isHandledType(Ljava/lang/Class;)Z >"	"bb15"	21	22
"< Application, Lorg/apache/log4j/net/SimpleSocketServer, <clinit>()V >"	"bb7"	9	10
"< Application, Lorg/apache/log4j/net/SimpleSocketServer, init(Ljava/lang/String;Ljava/lang/String;)V >"	"bb2"	1	2
"< Application, Lorg/apache/log4j/helpers/NullEnumeration, <clinit>()V >"	"bb3"	2	3
"< Application, Lorg/apache/log4j/helpers/OptionConverter, toPriority(Ljava/lang/String;Lorg/apache/log4j/Priority;)Lorg/apache/log4j/Priority; >"	"bb80"	91	92
"< Application, Lorg/apache/log4j/xml/DOMConfigurator, parseCategory(Lorg/w3c/dom/Element;Lorg/apache/log4j/Hierarchy;)V >"	"bb32"	33	34
"< Application, Lorg/apache/log4j/net/JMSSink, main([Ljava/lang/String;)V >"	"bb13"	14	15
"< Application, Lorg/apache/log4j/HTMLLayout, getFooter()Ljava/lang/String; >"	"bb12"	12	13
"< Application, Lorg/apache/log4j/PropertyWatchdog, doOnChange()V >"	"bb4"	3	4
"< Application, Lorg/apache/log4j/Dispatcher, close()V >"	"bb11"	10	11
"< Application, Lorg/apache/log4j/config/PropertyGetter, class$(Ljava/lang/String;)Ljava/lang/Class; >"	"bb3"	2	3
"< Application, Lorg/apache/log4j/NDC, remove()V >"	"bb1"	0	1
"< Application, Lweblech/spider/SpiderConfig, <init>(Ljava/util/Properties;)V >"	"bb146"	159	160
"< Application, Lorg/apache/log4j/helpers/OptionConverter, toFileSize(Ljava/lang/String;J)J >"	"bb20"	19	20
"< Application, Lorg/apache/log4j/net/SocketNode, <clinit>()V >"	"bb5"	6	7
"< Application, Lorg/apache/log4j/RollingFileAppenderBeanInfo, <init>()V >"	"bb32"	38	39
"< Application, Lorg/apache/log4j/Category, fatal(Ljava/lang/Object;Ljava/lang/Throwable;)V >"	"bb5"	4	5
"< Application, Lorg/apache/log4j/helpers/LogLog, debug(Ljava/lang/String;)V >"	"bb1"	0	1
"< Application, Lorg/apache/log4j/or/ThreadGroupRenderer, doRender(Ljava/lang/Object;)Ljava/lang/String; >"	"bb31"	32	33
"< Application, Lorg/apache/log4j/net/SocketServer, main([Ljava/lang/String;)V >"	"bb21"	24	25
"< Application, Lorg/apache/log4j/FileAppender, setFile(Ljava/lang/String;)V >"	"bb5"	4	5
"< Application, Lweblech/spider/URLObject, writeToFile(Ljava/lang/String;)V >"	"bb1"	0	1
"< Application, Lweblech/spider/URLGetter, getURL(Lweblech/spider/URLToDownload;)Lweblech/spider/URLObject; >"	"bb71"	78	79
"< Application, Lorg/apache/log4j/net/SocketAppender, getAddressByName(Ljava/lang/String;)Ljava/net/InetAddress; >"	"bb3"	2	3
"< Application, Lorg/apache/log4j/nt/NTEventLogAppender, <clinit>()V >"	"bb2"	2	3
"< Application, Lweblech/spider/HTMLParser, logMailURL(Ljava/lang/String;)V >"	"bb13"	13	14
"< Application, Lorg/apache/log4j/HTMLLayout, format(Lorg/apache/log4j/spi/LoggingEvent;)Ljava/lang/String; >"	"bb124"	131	132
"< Application, Lorg/apache/log4j/NDC, cloneStack()Ljava/util/Stack; >"	"bb1"	0	1
"< Application, Lorg/apache/log4j/helpers/PatternParser, parse()Lorg/apache/log4j/helpers/PatternConverter; >"	"bb5"	4	5
"< Application, Lorg/apache/log4j/HTMLLayout, format(Lorg/apache/log4j/spi/LoggingEvent;)Ljava/lang/String; >"	"bb179"	188	189
"< Application, Lorg/apache/log4j/FileAppender, closeFile()V >"	"bb8"	7	8
"< Application, Lorg/apache/log4j/helpers/RelativeTimeDateFormat, format(Ljava/util/Date;Ljava/lang/StringBuffer;Ljava/text/FieldPosition;)Ljava/lang/StringBuffer; >"	"bb3"	2	3
"< Application, Lorg/apache/log4j/Hierarchy, updateParents(Lorg/apache/log4j/Category;)V >"	"bb16"	16	17
"< Application, Lweblech/util/Log4j, <clinit>()V >"	"bb7"	7	8
"< Application, Lorg/apache/log4j/config/PropertySetter, convertArg(Ljava/lang/String;Ljava/lang/Class;)Ljava/lang/Object; >"	"bb28"	34	35
"< Application, Lorg/apache/log4j/Hierarchy, updateParents(Lorg/apache/log4j/Category;)V >"	"bb20"	21	22
"< Application, Lorg/apache/log4j/helpers/CountingQuietWriter, write(Ljava/lang/String;)V >"	"bb5"	4	5
"< Application, Lorg/apache/log4j/helpers/PatternParser, finalizeConverter(C)V >"	"bb19"	17	18
"< Application, Lorg/apache/log4j/AsyncAppender, removeAllAppenders()V >"	"bb7"	6	7
"< Application, Lorg/apache/log4j/helpers/OptionConverter, toFileSize(Ljava/lang/String;J)J >"	"bb21"	21	22
"< Application, Lorg/apache/log4j/RollingFileAppender, rollOver()V >"	"bb66"	65	66
"< Application, Lorg/apache/log4j/HTMLLayout, getHeader()Ljava/lang/String; >"	"bb154"	175	176
"< Application, Lorg/apache/log4j/varia/Roller, roll()V >"	"bb24"	28	29
"< Application, Lorg/apache/log4j/helpers/OptionConverter, getSystemProperty(Ljava/lang/String;Ljava/lang/String;)Ljava/lang/String; >"	"bb3"	2	3
"< Application, Lorg/apache/log4j/Priority, <clinit>()V >"	"bb11"	14	15
"< Application, Lorg/apache/log4j/Priority, toPriority(Ljava/lang/String;Lorg/apache/log4j/Priority;)Lorg/apache/log4j/Priority; >"	"bb9"	9	10
"< Application, Lorg/apache/log4j/HTMLLayout, format(Lorg/apache/log4j/spi/LoggingEvent;)Ljava/lang/String; >"	"bb83"	88	89
"< Application, Lorg/apache/log4j/net/SocketAppender, append(Lorg/apache/log4j/spi/LoggingEvent;)V >"	"bb26"	24	25
"< Application, Lorg/apache/log4j/net/SyslogAppender, append(Lorg/apache/log4j/spi/LoggingEvent;)V >"	"bb53"	52	53
"< Application, Lorg/apache/log4j/Category, getCurrentCategories()Ljava/util/Enumeration; >"	"bb1"	0	1
"< Application, Lorg/apache/log4j/Category, error(Ljava/lang/Object;Ljava/lang/Throwable;)V >"	"bb7"	8	9
"< Application, Lorg/apache/log4j/xml/DOMConfigurator, doConfigure(Ljava/io/InputStream;Lorg/apache/log4j/Hierarchy;)V >"	"bb52"	52	53
"< Application, Lorg/apache/log4j/HTMLLayout, getHeader()Ljava/lang/String; >"	"bb115"	131	132
"< Application, Lweblech/util/Log4j, <clinit>()V >"	"bb21"	25	26
"< Application, Lorg/apache/log4j/varia/Roller, usage(Ljava/lang/String;)V >"	"bb2"	2	3
"< Application, Lweblech/spider/URLGetter, getURL(Lweblech/spider/URLToDownload;)Lweblech/spider/URLObject; >"	"bb53"	58	59
"< Application, Lorg/apache/log4j/net/SocketServer, main([Ljava/lang/String;)V >"	"bb40"	47	48
"< Application, Lorg/apache/log4j/helpers/PatternParser, extractOption()Ljava/lang/String; >"	"bb16"	16	17
"< Application, Lorg/apache/log4j/or/RendererMap, get(Ljava/lang/Class;)Lorg/apache/log4j/or/ObjectRenderer; >"	"bb12"	10	11
"< Application, Lorg/apache/log4j/nt/NTEventLogAppender, <clinit>()V >"	"bb6"	14	15
"< Application, Lorg/apache/log4j/helpers/QuietWriter, write(Ljava/lang/String;)V >"	"bb4"	3	4
"< Application, Lorg/apache/log4j/Category, warn(Ljava/lang/Object;Ljava/lang/Throwable;)V >"	"bb3"	3	4
"< Application, Lorg/apache/log4j/Category, getInstance(Ljava/lang/String;)Lorg/apache/log4j/Category; >"	"bb1"	0	1
"< Application, Lorg/apache/log4j/helpers/BoundedFIFO, resize(I)V >"	"bb23"	26	27
"< Application, Lorg/apache/log4j/Category, fatal(Ljava/lang/Object;)V >"	"bb5"	4	5
"< Application, Lorg/apache/log4j/helpers/PatternParser$DatePatternConverter, convert(Lorg/apache/log4j/spi/LoggingEvent;)Ljava/lang/String; >"	"bb8"	7	8
"< Application, Lorg/apache/log4j/helpers/PatternConverter, spacePad(Ljava/lang/StringBuffer;I)V >"	"bb2"	1	2
"< Application, Lorg/apache/log4j/nt/NTEventLogAppender, <clinit>()V >"	"bb5"	12	13
"< Application, Lorg/apache/log4j/HTMLLayout, getHeader()Ljava/lang/String; >"	"bb103"	117	118
"< Application, Lweblech/spider/HTMLParser, extractAttributesFromTags(Ljava/lang/String;Ljava/lang/String;Ljava/net/URL;Ljava/util/List;Ljava/util/Set;Ljava/lang/String;)V >"	"bb22"	21	22
"< Application, Lorg/apache/log4j/net/SimpleSocketServer, init(Ljava/lang/String;Ljava/lang/String;)V >"	"bb3"	3	4
"< Application, Lorg/apache/log4j/helpers/LogLog, error(Ljava/lang/String;)V >"	"bb3"	3	4
"< Application, Lorg/apache/log4j/config/PropertySetter, convertArg(Ljava/lang/String;Ljava/lang/Class;)Ljava/lang/Object; >"	"bb31"	39	40
"< Application, Lweblech/spider/HTMLParser, extractAttributesFromTags(Ljava/lang/String;Ljava/lang/String;Ljava/net/URL;Ljava/util/List;Ljava/util/Set;Ljava/lang/String;)V >"	"bb1"	0	1
"< Application, Lorg/apache/log4j/xml/DOMConfigurator, parseAppender(Lorg/w3c/dom/Element;)Lorg/apache/log4j/Appender; >"	"bb77"	77	78
"< Application, Lorg/apache/log4j/helpers/BoundedFIFO, wasFull()Z >"	"bb2"	1	2
"< Application, Lweblech/spider/SpiderConfig, <init>(Ljava/util/Properties;)V >"	"bb101"	108	109
"< Application, Lorg/apache/log4j/nt/NTEventLogAppender, <clinit>()V >"	"bb2"	3	4
"< Application, Lorg/apache/log4j/helpers/PatternParser, parse()Lorg/apache/log4j/helpers/PatternConverter; >"	"bb106"	116	117
"< Application, Lorg/apache/log4j/net/SyslogAppender, setFacility(Ljava/lang/String;)V >"	"bb7"	6	7
"< Application, Lweblech/spider/SpiderConfig, <init>(Ljava/util/Properties;)V >"	"bb28"	30	31
"< Application, Lorg/apache/log4j/net/SocketServer, main([Ljava/lang/String;)V >"	"bb12"	12	13
"< Application, Lorg/apache/log4j/net/SocketServer, configureHierarchy(Ljava/net/InetAddress;)Lorg/apache/log4j/Hierarchy; >"	"bb1"	0	1
"< Application, Lweblech/spider/URLGetter, getURL(Lweblech/spider/URLToDownload;)Lweblech/spider/URLObject; >"	"bb97"	114	115
"< Application, Lweblech/spider/URLGetter, getURL(Lweblech/spider/URLToDownload;)Lweblech/spider/URLObject; >"	"bb97"	113	114
"< Application, Lorg/apache/log4j/helpers/PatternConverter, spacePad(Ljava/lang/StringBuffer;I)V >"	"bb5"	5	6
"< Application, Lorg/apache/log4j/spi/LoggingEvent, writePriority(Ljava/io/ObjectOutputStream;)V >"	"bb6"	5	6
"< Application, Lweblech/spider/URLObject, writeToFile(Ljava/lang/String;)V >"	"bb19"	20	21
"< Application, Lorg/apache/log4j/NDC, lazyRemove()V >"	"bb13"	18	19
"< Application, Lweblech/spider/URLGetter, getURL(Lweblech/spider/URLToDownload;)Lweblech/spider/URLObject; >"	"bb67"	73	74
"< Application, Lweblech/spider/HTMLParser, parseAsHTML(Ljava/net/URL;Ljava/lang/String;)Ljava/util/List; >"	"bb1"	0	1
"< Application, Lorg/apache/log4j/AsyncAppender, close()V >"	"bb16"	16	17
"< Application, Lorg/apache/log4j/net/SocketServer, configureHierarchy(Ljava/net/InetAddress;)Lorg/apache/log4j/Hierarchy; >"	"bb10"	10	11
"< Application, Lorg/apache/log4j/Category, debug(Ljava/lang/Object;Ljava/lang/Throwable;)V >"	"bb5"	4	5
"< Application, Lorg/apache/log4j/WriterAppender, subAppend(Lorg/apache/log4j/spi/LoggingEvent;)V >"	"bb18"	18	19
"< Application, Lorg/apache/log4j/DailyRollingFileAppender, subAppend(Lorg/apache/log4j/spi/LoggingEvent;)V >"	"bb3"	2	3
"< Application, Lorg/apache/log4j/helpers/OptionConverter, <clinit>()V >"	"bb1"	3	4
"< Application, Lorg/apache/log4j/or/RendererMap, searchInterfaces(Ljava/lang/Class;)Lorg/apache/log4j/or/ObjectRenderer; >"	"bb13"	12	13
"< Application, Lorg/apache/log4j/net/SocketNode, run()V >"	"bb19"	22	23
"< Application, Lorg/apache/log4j/HTMLLayout, format(Lorg/apache/log4j/spi/LoggingEvent;)Ljava/lang/String; >"	"bb48"	51	52
"< Application, Lorg/apache/log4j/varia/Roller, roll()V >"	"bb24"	27	28
"< Application, Lorg/apache/log4j/helpers/OptionConverter, convertSpecialChars(Ljava/lang/String;)Ljava/lang/String; >"	"bb7"	7	8
"< Application, Lorg/apache/log4j/Layout, <clinit>()V >"	"bb2"	2	3
"< Application, Lorg/apache/log4j/helpers/OptionConverter, <clinit>()V >"	"bb3"	6	7
"< Application, Lorg/apache/log4j/net/SocketServer, configureHierarchy(Ljava/net/InetAddress;)Lorg/apache/log4j/Hierarchy; >"	"bb25"	26	27
"< Application, Lorg/apache/log4j/config/PropertyGetter, isHandledType(Ljava/lang/Class;)Z >"	"bb11"	15	16
"< Application, Lorg/apache/log4j/helpers/OptionConverter, selectAndConfigure(Ljava/net/URL;Lorg/apache/log4j/Hierarchy;)V >"	"bb11"	11	12
"< Application, Lorg/apache/log4j/HTMLLayout, appendThrowableAsHTML([Ljava/lang/String;Ljava/lang/StringBuffer;)V >"	"bb8"	7	8
"< Application, Lorg/apache/log4j/net/SimpleSocketServer, main([Ljava/lang/String;)V >"	"bb34"	39	40
"< Application, Lorg/apache/log4j/helpers/PatternConverter, <clinit>()V >"	"bb8"	7	8
"< Application, Lorg/apache/log4j/Priority, toPriority(ILorg/apache/log4j/Priority;)Lorg/apache/log4j/Priority; >"	"bb6"	9	10
"< Application, Lorg/apache/log4j/helpers/PatternConverter, spacePad(Ljava/lang/StringBuffer;I)V >"	"bb12"	15	16
"< Application, Lorg/apache/log4j/PropertyConfigurator, doConfigure(Ljava/util/Properties;Lorg/apache/log4j/Hierarchy;)V >"	"bb6"	5	6
"< Application, Lorg/apache/log4j/helpers/LogLog, error(Ljava/lang/String;Ljava/lang/Throwable;)V >"	"bb3"	3	4
"< Application, Lorg/apache/log4j/helpers/PatternConverter, format(Ljava/lang/StringBuffer;Lorg/apache/log4j/spi/LoggingEvent;)V >"	"bb24"	25	26
"< Application, Lorg/apache/log4j/ConsoleAppender, <init>(Lorg/apache/log4j/Layout;Ljava/lang/String;)V >"	"bb7"	6	7
"< Application, Lorg/apache/log4j/NDC, lazyRemove()V >"	"bb37"	46	47
"< Application, Lorg/apache/log4j/Dispatcher, run()V >"	"bb14"	13	14
"< Application, Lorg/apache/log4j/net/JMSSink, class$(Ljava/lang/String;)Ljava/lang/Class; >"	"bb3"	2	3
"< Application, Lorg/apache/log4j/AsyncAppender, close()V >"	"bb9"	8	9
"< Application, Lorg/apache/log4j/net/SocketServer, usage(Ljava/lang/String;)V >"	"bb7"	9	10
"< Application, Lorg/apache/log4j/config/PropertySetter, setProperties(Ljava/util/Properties;Ljava/lang/String;)V >"	"bb8"	7	8
"< Application, Lorg/apache/log4j/Priority, toPriority(Ljava/lang/String;Lorg/apache/log4j/Priority;)Lorg/apache/log4j/Priority; >"	"bb12"	13	14
"< Application, Lweblech/spider/URLObject, writeToFile(Ljava/lang/String;)V >"	"bb19"	19	20
"< Application, Lorg/apache/log4j/or/MessageRenderer, doRender(Ljava/lang/Object;)Ljava/lang/String; >"	"bb1"	0	1
"< Application, Lorg/apache/log4j/net/SocketNode, <clinit>()V >"	"bb3"	3	4
"< Application, Lorg/apache/log4j/HTMLLayout, getHeader()Ljava/lang/String; >"	"bb6"	5	6
"< Application, Lorg/apache/log4j/net/SocketServer, main([Ljava/lang/String;)V >"	"bb9"	8	9
"< Application, Lorg/apache/log4j/DailyRollingFileAppender, subAppend(Lorg/apache/log4j/spi/LoggingEvent;)V >"	"bb12"	12	13
"< Application, Lorg/apache/log4j/CategoryKey, equals(Ljava/lang/Object;)Z >"	"bb6"	6	7
"< Application, Lorg/apache/log4j/HTMLLayout, getHeader()Ljava/lang/String; >"	"bb109"	124	125
"< Application, Lorg/apache/log4j/helpers/PatternParser, class$(Ljava/lang/String;)Ljava/lang/Class; >"	"bb3"	2	3
"< Application, Lorg/apache/log4j/spi/LocationInfo, <init>(Ljava/lang/Throwable;Ljava/lang/String;)V >"	"bb4"	3	4
"< Application, Lorg/apache/log4j/config/PropertyPrinter, printOptions(Ljava/io/PrintWriter;Lorg/apache/log4j/Category;)V >"	"bb55"	56	57
"< Application, Lweblech/spider/URLObject, convertToFileName()Ljava/lang/String; >"	"bb7"	5	6
"< Application, Lorg/apache/log4j/NDC, lazyRemove()V >"	"bb7"	11	12
"< Application, Lorg/apache/log4j/HTMLLayout, format(Lorg/apache/log4j/spi/LoggingEvent;)Ljava/lang/String; >"	"bb15"	15	16
"< Application, Lorg/apache/log4j/HTMLLayout, getHeader()Ljava/lang/String; >"	"bb45"	50	51
"< Application, Lorg/apache/log4j/net/SocketNode, run()V >"	"bb19"	23	24
"< Application, Lorg/apache/log4j/net/SyslogAppender, append(Lorg/apache/log4j/spi/LoggingEvent;)V >"	"bb24"	22	23
"< Application, Lorg/apache/log4j/Category, getDefaultHierarchy()Lorg/apache/log4j/Hierarchy; >"	"bb1"	0	1
"< Application, Lorg/apache/log4j/helpers/OptionConverter, toPriority(Ljava/lang/String;Lorg/apache/log4j/Priority;)Lorg/apache/log4j/Priority; >"	"bb7"	6	7
"< Application, Lorg/apache/log4j/helpers/SyslogWriter, <init>(Ljava/lang/String;)V >"	"bb6"	6	7
"< Application, Lorg/apache/log4j/varia/Roller, init(Ljava/lang/String;Ljava/lang/String;)V >"	"bb1"	0	1
"< Application, Lorg/apache/log4j/varia/Roller, roll()V >"	"bb13"	14	15
"< Application, Lorg/apache/log4j/net/SimpleSocketServer, usage(Ljava/lang/String;)V >"	"bb7"	9	10
"< Application, Lweblech/spider/URLGetter, <init>(Lweblech/spider/SpiderConfig;)V >"	"bb3"	2	3
"< Application, Lorg/apache/log4j/spi/LocationInfo, <clinit>()V >"	"bb5"	7	8
"< Application, Lorg/apache/log4j/config/PropertyGetter, getProperties(Lorg/apache/log4j/config/PropertyGetter$PropertyCallback;Ljava/lang/String;)V >"	"bb27"	28	29
"< Application, Lweblech/util/Log4j, <clinit>()V >"	"bb14"	17	18
"< Application, Lorg/apache/log4j/xml/DOMConfigurator, doConfigure(Ljava/lang/String;Lorg/apache/log4j/Hierarchy;)V >"	"bb32"	35	36
"< Application, Lorg/apache/log4j/spi/VectorWriter, toStringArray()[Ljava/lang/String; >"	"bb10"	9	10
"< Application, Lorg/apache/log4j/net/JMSAppender, lookup(Ljavax/naming/Context;Ljava/lang/String;)Ljava/lang/Object; >"	"bb3"	2	3
"< Application, Lorg/apache/log4j/Category, <clinit>()V >"	"bb27"	32	33
"< Application, Lorg/apache/log4j/Category, l7dlog(Lorg/apache/log4j/Priority;Ljava/lang/String;[Ljava/lang/Object;Ljava/lang/Throwable;)V >"	"bb14"	13	14
"< Application, Lorg/apache/log4j/net/SocketServer, usage(Ljava/lang/String;)V >"	"bb1"	0	1
"< Application, Lorg/apache/log4j/varia/Roller, init(Ljava/lang/String;Ljava/lang/String;)V >"	"bb3"	4	5
"< Application, Lorg/apache/log4j/helpers/OptionConverter, <clinit>()V >"	"bb1"	0	1
"< Application, Lorg/apache/log4j/spi/LoggingEvent, <clinit>()V >"	"bb3"	3	4
"< Application, Lorg/apache/log4j/net/JMSSink, usage(Ljava/lang/String;)V >"	"bb5"	6	7
"< Application, Lorg/apache/log4j/nt/NTEventLogAppender, <clinit>()V >"	"bb3"	6	7
"< Application, Lorg/apache/log4j/helpers/LogLog, <clinit>()V >"	"bb1"	0	1
"< Application, Lorg/apache/log4j/helpers/AppenderAttachableImpl, appendLoopOnAppenders(Lorg/apache/log4j/spi/LoggingEvent;)I >"	"bb12"	12	13
"< Application, Lorg/apache/log4j/helpers/CyclicBuffer, add(Lorg/apache/log4j/spi/LoggingEvent;)V >"	"bb5"	4	5
"< Application, Lorg/apache/log4j/spi/LocationInfo, getMethodName()Ljava/lang/String; >"	"bb14"	13	14
"< Application, Lorg/apache/log4j/or/RendererMap, getDefaultRenderer()Lorg/apache/log4j/or/ObjectRenderer; >"	"bb1"	0	1
"< Application, Lorg/apache/log4j/spi/ThrowableInformation, getThrowableStrRep()[Ljava/lang/String; >"	"bb9"	9	10
"< Application, Lorg/apache/log4j/net/SMTPAppender, setEvaluatorClass(Ljava/lang/String;)V >"	"bb5"	6	7
"< Application, Lorg/apache/log4j/HTMLLayout, format(Lorg/apache/log4j/spi/LoggingEvent;)Ljava/lang/String; >"	"bb103"	109	110
"< Application, Lweblech/spider/URLGetter, getURL(Lweblech/spider/URLToDownload;)Lweblech/spider/URLObject; >"	"bb49"	53	54
"< Application, Lorg/apache/log4j/spi/LocationInfo, getFileName()Ljava/lang/String; >"	"bb14"	14	15
"< Application, Lorg/apache/log4j/helpers/OptionConverter, toPriority(Ljava/lang/String;Lorg/apache/log4j/Priority;)Lorg/apache/log4j/Priority; >"	"bb55"	63	64
"< Application, Lorg/apache/log4j/HTMLLayout, getHeader()Ljava/lang/String; >"	"bb39"	43	44
"< Application, Lweblech/spider/SpiderConfig, <init>(Ljava/util/Properties;)V >"	"bb2"	1	2
"< Application, Lorg/apache/log4j/helpers/OptionConverter, substVars(Ljava/lang/String;Ljava/util/Properties;)Ljava/lang/String; >"	"bb7"	9	10
"< Application, Lweblech/spider/URLGetter, getURL(Lweblech/spider/URLToDownload;)Lweblech/spider/URLObject; >"	"bb60"	66	67
"< Application, Lorg/apache/log4j/net/SimpleSocketServer, main([Ljava/lang/String;)V >"	"bb26"	30	31
"< Application, Lweblech/spider/Spider, run()V >"	"bb27"	27	28
"< Application, Lweblech/ui/TextSpider, main([Ljava/lang/String;)V >"	"bb27"	27	28
"< Application, Lorg/apache/log4j/helpers/OptionConverter, instantiateByClassName(Ljava/lang/String;Ljava/lang/Class;Ljava/lang/Object;)Ljava/lang/Object; >"	"bb18"	17	18
"< Application, Lorg/apache/log4j/config/PropertyPrinter, isGenAppName(Ljava/lang/String;)Z >"	"bb13"	12	13
"< Application, Lorg/apache/log4j/HTMLLayout, getHeader()Ljava/lang/String; >"	"bb75"	85	86
"< Application, Lorg/apache/log4j/HTMLLayout, getHeader()Ljava/lang/String; >"	"bb69"	78	79
"< Application, Lorg/apache/log4j/Priority, getAllPossiblePriorities()[Lorg/apache/log4j/Priority; >"	"bb6"	9	10
"< Application, Lorg/apache/log4j/PropertyConfigurator, configureRootCategory(Ljava/util/Properties;Lorg/apache/log4j/Hierarchy;)V >"	"bb10"	9	10
"< Application, Lorg/apache/log4j/xml/DOMConfigurator, parseFilters(Lorg/w3c/dom/Element;Lorg/apache/log4j/Appender;)V >"	"bb24"	26	27
"< Application, Lorg/apache/log4j/xml/DOMConfigurator, parseErrorHandler(Lorg/w3c/dom/Element;Lorg/apache/log4j/Appender;)V >"	"bb3"	2	3
"< Application, Lorg/apache/log4j/net/SocketAppender$Connector, run()V >"	"bb30"	30	31
"< Application, Lorg/apache/log4j/Category, info(Ljava/lang/Object;)V >"	"bb8"	8	9
"< Application, Lorg/apache/log4j/NDC, lazyRemove()V >"	"bb39"	49	50
"< Application, Lorg/apache/log4j/helpers/PatternParser, parse()Lorg/apache/log4j/helpers/PatternConverter; >"	"bb72"	77	78
