"< Application, Lorg/apache/log4j/xml/DOMConfigurator, <clinit>()V >"	"bb6"	11	[("bb4", 10), ("bb5", 7)]
"< Application, Lweblech/spider/URLObject, textReplace(Ljava/lang/String;Ljava/lang/String;Ljava/lang/String;)Ljava/lang/String; >"	"bb2"	29	[("bb15", 25), ("bb1", 4)]
"< Application, Lorg/apache/log4j/helpers/PatternParser, extractPrecisionOption()I >"	"bb21"	39	[("bb20", 23), ("bb13", 37), ("bb2", 5)]
"< Application, Lorg/apache/log4j/net/SyslogAppender, append(Lorg/apache/log4j/spi/LoggingEvent;)V >"	"bb53"	54	[("bb42", 38), ("bb52", 53)]
"< Application, Lorg/apache/log4j/helpers/LogLog, <clinit>()V >"	"bb5"	10	[("bb4", 9), ("bb2", 6)]
"< Application, Lorg/apache/log4j/net/JMSSink, main([Ljava/lang/String;)V >"	"bb13"	22	[("bb11", 21), ("bb12", 18)]
"< Application, Lorg/apache/log4j/HTMLLayout, escapeHTMLTags(Ljava/lang/String;)Ljava/lang/String; >"	"bb19"	32	[("bb18", 30), ("bb8", 7)]
"< Application, Lorg/apache/log4j/Priority, isGreaterOrEqual(Lorg/apache/log4j/Priority;)Z >"	"bb6"	8	[("bb5", 6), ("bb4", 7)]
"< Application, Lorg/apache/log4j/spi/LoggingEvent, readPriority(Ljava/io/ObjectInputStream;)V >"	"bb15"	23	[("bb14", 19), ("bb10", 13)]
"< Application, Lorg/apache/log4j/Category, getResourceBundle()Ljava/util/ResourceBundle; >"	"bb8"	6	[("bb7", 5), ("bb1", 1)]
"< Application, Lorg/apache/log4j/xml/DOMConfigurator, findAppenderByReference(Lorg/w3c/dom/Element;)Lorg/apache/log4j/Appender; >"	"bb22"	37	[("bb18", 36), ("bb21", 13)]
"< Application, Lorg/apache/log4j/Hierarchy, isDisabled(I)Z >"	"bb5"	7	[("bb3", 6), ("bb4", 5)]
"< Application, Lorg/apache/log4j/helpers/OptionConverter, toPriority(Ljava/lang/String;Lorg/apache/log4j/Priority;)Lorg/apache/log4j/Priority; >"	"bb25"	59	[("bb23", 58), ("bb24", 55)]
"< Application, Lorg/apache/log4j/spi/LoggingEvent, writePriority(Ljava/io/ObjectOutputStream;)V >"	"bb10"	17	[("bb9", 13), ("bb8", 16)]
"< Application, Lorg/apache/log4j/helpers/AppenderAttachableImpl, appendLoopOnAppenders(Lorg/apache/log4j/spi/LoggingEvent;)I >"	"bb12"	18	[("bb2", 4), ("bb11", 9)]
"< Application, Lweblech/ui/TextSpider, main([Ljava/lang/String;)V >"	"bb20"	23	[("bb17", 13), ("bb19", 19), ("bb11", 22)]
"< Application, Lorg/apache/log4j/xml/DOMConfigurator, parsePriority(Lorg/w3c/dom/Element;Lorg/apache/log4j/Category;Z)V >"	"bb4"	10	[("bb2", 7), ("bb3", 9)]
"< Application, Lorg/apache/log4j/helpers/CyclicBuffer, resize(I)V >"	"bb19"	9	[("bb18", 8), ("bb17", 2)]
"< Application, Lorg/apache/log4j/helpers/OptionConverter, toPriority(Ljava/lang/String;Lorg/apache/log4j/Priority;)Lorg/apache/log4j/Priority; >"	"bb30"	65	[("bb29", 61), ("bb28", 64)]
"< Application, Lorg/apache/log4j/xml/DOMConfigurator, parseAppender(Lorg/w3c/dom/Element;)Lorg/apache/log4j/Appender; >"	"bb77"	127	[("bb76", 126), ("bb20", 39)]
"< Application, Lweblech/spider/URLObject, existsOnDisk()Z >"	"bb10"	13	[("bb9", 9), ("bb8", 12)]
"< Application, Lorg/apache/log4j/config/PropertySetter, getPropertyDescriptor(Ljava/lang/String;)Ljava/beans/PropertyDescriptor; >"	"bb14"	18	[("bb13", 17), ("bb4", 7)]
"< Application, Lorg/apache/log4j/net/SyslogAppender, append(Lorg/apache/log4j/spi/LoggingEvent;)V >"	"bb24"	15	[("bb23", 13), ("bb22", 14)]
"< Application, Lorg/apache/log4j/helpers/AppenderAttachableImpl, appendLoopOnAppenders(Lorg/apache/log4j/spi/LoggingEvent;)I >"	"bb11"	17	[("bb10", 16), ("bb5", 4)]
"< Application, Lorg/apache/log4j/xml/DOMConfigurator, parseFilters(Lorg/w3c/dom/Element;Lorg/apache/log4j/Appender;)V >"	"bb24"	40	[("bb14", 26), ("bb23", 39)]
"< Application, Lorg/apache/log4j/helpers/CyclicBuffer, resize(I)V >"	"bb33"	21	[("bb32", 20), ("bb19", 4)]
"< Application, Lorg/apache/log4j/NDC, lazyRemove()V >"	"bb15"	22	[("bb8", 7), ("bb14", 7), ("bb13", 21)]
"< Application, Lorg/apache/log4j/RollingFileAppenderBeanInfo, <init>()V >"	"bb22"	35	[("bb20", 33), ("bb21", 34)]
"< Application, Lorg/apache/log4j/helpers/BoundedFIFO, min(II)I >"	"bb4"	5	[("bb2", 2), ("bb3", 3)]
"< Application, Lorg/apache/log4j/PropertyConfigurator, configureCategoryFactory(Ljava/util/Properties;)V >"	"bb14"	26	[("bb12", 25), ("bb13", 22)]
"< Application, Lorg/apache/log4j/RollingFileAppender, rollOver()V >"	"bb66"	102	[("bb65", 100), ("bb34", 51)]
"< Application, Lweblech/ui/TextSpider, main([Ljava/lang/String;)V >"	"bb20"	24	[("bb17", 11), ("bb19", 7), ("bb11", 11)]
"< Application, Lorg/apache/log4j/net/SocketServer, main([Ljava/lang/String;)V >"	"bb33"	56	[("bb30", 51), ("bb32", 55)]
"< Application, Lorg/apache/log4j/helpers/BoundedFIFO, resize(I)V >"	"bb20"	26	[("bb15", 16), ("bb19", 23), ("bb14", 16)]
"< Application, Lorg/apache/log4j/net/SocketServer, <clinit>()V >"	"bb5"	10	[("bb4", 6), ("bb3", 9)]
"< Application, Lorg/apache/log4j/helpers/OptionConverter, substVars(Ljava/lang/String;Ljava/util/Properties;)Ljava/lang/String; >"	"bb33"	28	[("bb32", 27), ("bb29", 25), ("bb30", 25)]
"< Application, Lorg/apache/log4j/helpers/PatternParser, finalizeConverter(C)V >"	"bb126"	149	[("bb8", 141), ("bb91", 50), ("bb125", 24), ("bb61", 80), ("bb103", 38), ("bb67", 74), ("bb79", 62), ("bb97", 44), ("bb109", 32), ("bb15", 134), ("bb73", 68), ("bb55", 129), ("bb85", 56)]
"< Application, Lorg/apache/log4j/config/PropertySetter, convertArg(Ljava/lang/String;Ljava/lang/Class;)Ljava/lang/Object; >"	"bb33"	31	[("bb31", 30), ("bb32", 27)]
"< Application, Lorg/apache/log4j/xml/XMLLayout, format(Lorg/apache/log4j/spi/LoggingEvent;)Ljava/lang/String; >"	"bb57"	91	[("bb56", 90), ("bb52", 9)]
"< Application, Lorg/apache/log4j/Category, <clinit>()V >"	"bb40"	65	[("bb38", 64), ("bb39", 62)]
"< Application, Lorg/apache/log4j/xml/DOMConfigurator, doConfigure(Ljava/lang/String;Lorg/apache/log4j/Hierarchy;)V >"	"bb15"	38	[("bb10", 5), ("bb8", 5), ("bb1", 5), ("bb11", 5), ("bb6", 5), ("bb7", 5), ("bb9", 5), ("bb3", 6), ("bb12", 5), ("bb2", 5)]
"< Application, Lorg/apache/log4j/config/PropertyPrinter, foundProperty(Ljava/lang/Object;Ljava/lang/String;Ljava/lang/String;Ljava/lang/Object;)V >"	"bb9"	15	[("bb8", 14), ("bb6", 4)]
"< Application, Lorg/apache/log4j/CategoryKey, equals(Ljava/lang/Object;)Z >"	"bb8"	10	[("bb7", 6), ("bb6", 9)]
"< Application, Lorg/apache/log4j/helpers/OptionConverter, convertSpecialChars(Ljava/lang/String;)Ljava/lang/String; >"	"bb26"	31	[("bb25", 28), ("bb4", 7)]
"< Application, Lweblech/spider/Spider, start()V >"	"bb4"	27	[("bb3", 3), ("bb18", 26)]
"< Application, Lorg/apache/log4j/varia/PriorityMatchFilter, getPriorityToMatch()Ljava/lang/String; >"	"bb6"	8	[("bb5", 7), ("bb3", 4)]
"< Application, Lweblech/spider/SpiderConfig, fromSet(Ljava/util/Set;)Ljava/lang/String; >"	"bb13"	18	[("bb10", 11), ("bb12", 21)]
"< Application, Lorg/apache/log4j/config/PropertyPrinter, isGenAppName(Ljava/lang/String;)Z >"	"bb13"	21	[("bb6", 7), ("bb12", 20)]
"< Application, Lorg/apache/log4j/RollingFileAppenderBeanInfo, <init>()V >"	"bb36"	47	[("bb34", 46), ("bb35", 44)]
"< Application, Lorg/apache/log4j/AppenderSkeleton, isAsSevereAsThreshold(Lorg/apache/log4j/Priority;)Z >"	"bb8"	11	[("bb7", 9), ("bb6", 10)]
"< Application, Lorg/apache/log4j/xml/DOMConfigurator, parseLayout(Lorg/w3c/dom/Element;)Lorg/apache/log4j/Layout; >"	"bb27"	47	[("bb26", 46), ("bb17", 33)]
"< Application, Lorg/apache/log4j/PropertyConfigurator, parseAppender(Ljava/util/Properties;Ljava/lang/String;)Lorg/apache/log4j/Appender; >"	"bb25"	31	[("bb23", 30), ("bb24", 27)]
"< Application, Lorg/apache/log4j/CategoryKey, equals(Ljava/lang/Object;)Z >"	"bb16"	18	[("bb15", 13), ("bb14", 17)]
"< Application, Lorg/apache/log4j/xml/DOMConfigurator, parseErrorHandler(Lorg/w3c/dom/Element;Lorg/apache/log4j/Appender;)V >"	"bb24"	40	[("bb23", 39), ("bb14", 26)]
"< Application, Lorg/apache/log4j/NDC, lazyRemove()V >"	"bb39"	56	[("bb23", 7), ("bb38", 55)]
"< Application, Lorg/apache/log4j/helpers/ISO8601DateFormat, format(Ljava/util/Date;Ljava/lang/StringBuffer;Ljava/text/FieldPosition;)Ljava/lang/StringBuffer; >"	"bb22"	31	[("bb20", 19), ("bb9", 30), ("bb12", 27), ("bb14", 25), ("bb19", 20), ("bb17", 22), ("bb10", 29), ("bb13", 26), ("bb21", 18), ("bb11", 28), ("bb16", 23), ("bb15", 24), ("bb18", 21)]
"< Application, Lorg/apache/log4j/net/SMTPAppender, getEvaluatorClass()Ljava/lang/String; >"	"bb7"	10	[("bb6", 9), ("bb3", 4)]
"< Application, Lorg/apache/log4j/Category, callAppenders(Lorg/apache/log4j/spi/LoggingEvent;)V >"	"bb8"	11	[("bb4", 14), ("bb7", 10)]
"< Application, Lorg/apache/log4j/xml/DOMConfigurator, parse(Lorg/w3c/dom/Element;Lorg/apache/log4j/Hierarchy;)V >"	"bb86"	134	[("bb85", 133), ("bb68", 10)]
"< Application, Lorg/apache/log4j/or/ThreadGroupRenderer, doRender(Ljava/lang/Object;)Ljava/lang/String; >"	"bb31"	64	[("bb30", 63), ("bb15", 5)]
"< Application, Lorg/apache/log4j/spi/LocationInfo, <init>(Ljava/lang/Throwable;Ljava/lang/String;)V >"	"bb27"	36	[("bb22", 26), ("bb26", 35)]
"< Application, Lorg/apache/log4j/HTMLLayout, appendThrowableAsHTML([Ljava/lang/String;Ljava/lang/StringBuffer;)V >"	"bb16"	29	[("bb15", 28), ("bb9", 16)]
"< Application, Lorg/apache/log4j/helpers/PatternConverter, spacePad(Ljava/lang/StringBuffer;I)V >"	"bb5"	13	[("bb1", 3), ("bb4", 12)]
"< Application, Lorg/apache/log4j/helpers/AppenderAttachableImpl, removeAllAppenders()V >"	"bb11"	16	[("bb10", 15), ("bb5", 8)]
"< Application, Lorg/apache/log4j/AppenderSkeleton, doAppend(Lorg/apache/log4j/spi/LoggingEvent;)V >"	"bb23"	28	[("bb22", 27), ("bb16", 23), ("bb18", 28)]
"< Application, Lorg/apache/log4j/helpers/OptionConverter, convertSpecialChars(Ljava/lang/String;)Ljava/lang/String; >"	"bb24"	28	[("bb22", 13), ("bb13", 13), ("bb6", 9), ("bb23", 13), ("bb21", 13), ("bb9", 13), ("bb19", 13), ("bb17", 13), ("bb11", 13), ("bb15", 13)]
"< Application, Lorg/apache/log4j/varia/PriorityMatchFilter, decide(Lorg/apache/log4j/spi/LoggingEvent;)I >"	"bb8"	10	[("bb7", 9), ("bb6", 6)]
"< Application, Lorg/apache/log4j/net/SocketNode, <clinit>()V >"	"bb5"	8	[("bb4", 4), ("bb3", 7)]
"< Application, Lorg/apache/log4j/net/SocketServer, usage(Ljava/lang/String;)V >"	"bb9"	17	[("bb8", 13), ("bb7", 16)]
"< Application, Lorg/apache/log4j/varia/Roller, <clinit>()V >"	"bb5"	8	[("bb3", 7), ("bb4", 4)]
"< Application, Lorg/apache/log4j/BasicConfigurator, addRenderer(Lorg/apache/log4j/Hierarchy;Ljava/lang/String;Ljava/lang/String;)V >"	"bb14"	30	[("bb13", 26), ("bb12", 29)]
"< Application, Lorg/apache/log4j/net/JMSAppender, checkEntryConditions()Z >"	"bb10"	10	[("bb8", 3), ("bb6", 8), ("bb3", 9), ("bb9", 7)]
"< Application, Lorg/apache/log4j/helpers/OptionConverter, toPriority(Ljava/lang/String;Lorg/apache/log4j/Priority;)Lorg/apache/log4j/Priority; >"	"bb89"	149	[("bb79", 2), ("bb54", 2), ("bb45", 2), ("bb88", 2), ("bb71", 2), ("bb63", 2), ("bb37", 134)]
"< Application, Lorg/apache/log4j/config/PropertyGetter, isHandledType(Ljava/lang/Class;)Z >"	"bb5"	10	[("bb4", 6), ("bb3", 9)]
"< Application, Lorg/apache/log4j/Category, <clinit>()V >"	"bb19"	31	[("bb12", 19), ("bb18", 29)]
"< Application, Lorg/apache/log4j/config/PropertyPrinter, printOptions(Ljava/io/PrintWriter;Lorg/apache/log4j/Category;)V >"	"bb6"	13	[("bb5", 11), ("bb4", 12)]
"< Application, Lorg/apache/log4j/config/PropertyPrinter, printOptions(Ljava/io/PrintWriter;Lorg/apache/log4j/Category;)V >"	"bb44"	72	[("bb6", 13), ("bb43", 71)]
"< Application, Lorg/apache/log4j/xml/DOMConfigurator, parseChildrenOfCategoryElement(Lorg/w3c/dom/Element;Lorg/apache/log4j/Category;Z)V >"	"bb47"	77	[("bb6", 13), ("bb46", 76)]
"< Application, Lorg/apache/log4j/PatternLayout, <init>(Ljava/lang/String;)V >"	"bb11"	11	[("bb10", 2), ("bb9", 10)]
"< Application, Lorg/apache/log4j/helpers/PatternConverter, spacePad(Ljava/lang/StringBuffer;I)V >"	"bb12"	25	[("bb6", 14), ("bb11", 24)]
"< Application, Lweblech/spider/Spider, isRunning()Z >"	"bb5"	6	[("bb4", 4), ("bb3", 5)]
"< Application, Lorg/apache/log4j/helpers/OptionConverter, substVars(Ljava/lang/String;Ljava/util/Properties;)Ljava/lang/String; >"	"bb3"	34	[("bb2", 5), ("bb36", 33)]
"< Application, Lorg/apache/log4j/helpers/OptionConverter, toFileSize(Ljava/lang/String;J)J >"	"bb17"	30	[("bb12", 26), ("bb8", 29), ("bb16", 23), ("bb14", 8)]
"< Application, Lorg/apache/log4j/config/PropertySetter, convertArg(Ljava/lang/String;Ljava/lang/Class;)Ljava/lang/Object; >"	"bb8"	13	[("bb6", 12), ("bb7", 9)]
"< Application, Lorg/apache/log4j/helpers/PatternParser$NamedPatternConverter, convert(Lorg/apache/log4j/spi/LoggingEvent;)Ljava/lang/String; >"	"bb12"	20	[("bb7", 12), ("bb11", 18)]
"< Application, Lweblech/spider/URLGetter, getURL(Lweblech/spider/URLToDownload;)Lweblech/spider/URLObject; >"	"bb96"	165	[("bb95", 164), ("bb94", 161)]
"< Application, Lorg/apache/log4j/helpers/PatternParser, extractPrecisionOption()I >"	"bb14"	23	[("bb9", 8), ("bb10", 8), ("bb7", 8), ("bb11", 8), ("bb6", 8), ("bb3", 5), ("bb8", 8)]
"< Application, Lorg/apache/log4j/net/SimpleSocketServer, usage(Ljava/lang/String;)V >"	"bb9"	17	[("bb7", 16), ("bb8", 13)]
"< Application, Lorg/apache/log4j/helpers/AppenderAttachableImpl, getAppender(Ljava/lang/String;)Lorg/apache/log4j/Appender; >"	"bb16"	20	[("bb7", 9), ("bb15", 19)]
"< Application, Lweblech/spider/HTMLParser, extractAttributesFromTags(Ljava/lang/String;Ljava/lang/String;Ljava/net/URL;Ljava/util/List;Ljava/util/Set;Ljava/lang/String;)V >"	"bb40"	82	[("bb36", 73), ("bb39", 81)]
"< Application, Lorg/apache/log4j/Category, l7dlog(Lorg/apache/log4j/Priority;Ljava/lang/String;Ljava/lang/Throwable;)V >"	"bb12"	17	[("bb11", 3), ("bb10", 15)]
"< Application, Lorg/apache/log4j/net/SimpleSocketServer, <clinit>()V >"	"bb5"	8	[("bb3", 7), ("bb4", 4)]
"< Application, Lorg/apache/log4j/WriterAppender, subAppend(Lorg/apache/log4j/spi/LoggingEvent;)V >"	"bb18"	25	[("bb11", 12), ("bb17", 24)]
"< Application, Lorg/apache/log4j/helpers/CyclicBuffer, get()Lorg/apache/log4j/spi/LoggingEvent; >"	"bb16"	17	[("bb15", 11), ("bb14", 11), ("bb2", 3)]
"< Application, Lweblech/ui/TextSpider, main([Ljava/lang/String;)V >"	"bb27"	47	[("bb21", 13), ("bb24", 27), ("bb25", 27)]
"< Application, Lorg/apache/log4j/xml/DOMConfigurator, parseErrorHandler(Lorg/w3c/dom/Element;Lorg/apache/log4j/Appender;)V >"	"bb7"	16	[("bb5", 15), ("bb6", 12)]
"< Application, Lorg/apache/log4j/net/JMSSink, usage(Ljava/lang/String;)V >"	"bb9"	17	[("bb8", 13), ("bb7", 16)]
"< Application, Lorg/apache/log4j/config/PropertyPrinter, printOptions(Ljava/io/PrintWriter;Lorg/apache/log4j/Category;)V >"	"bb19"	30	[("bb16", 25), ("bb18", 29)]
"< Application, Lorg/apache/log4j/config/PropertyGetter, getProperties(Lorg/apache/log4j/config/PropertyGetter$PropertyCallback;Ljava/lang/String;)V >"	"bb27"	42	[("bb26", 40), ("bb1", 5)]
"< Application, Lorg/apache/log4j/helpers/PatternParser, finalizeConverter(C)V >"	"bb47"	117	[("bb45", 116), ("bb46", 113)]
"< Application, Lorg/apache/log4j/PropertyConfigurator, parseAppender(Ljava/util/Properties;Ljava/lang/String;)Lorg/apache/log4j/Appender; >"	"bb44"	45	[("bb42", 44), ("bb43", 41)]
"< Application, Lorg/apache/log4j/PropertyConfigurator, doConfigure(Ljava/util/Properties;Lorg/apache/log4j/Hierarchy;)V >"	"bb6"	14	[("bb5", 11), ("bb2", 7), ("bb4", 11)]
"< Application, Lweblech/spider/URLObject, convertToFileName()Ljava/lang/String; >"	"bb23"	37	[("bb16", 25), ("bb22", 36)]
"< Application, Lorg/apache/log4j/helpers/BoundedFIFO, wasFull()Z >"	"bb6"	8	[("bb4", 4), ("bb5", 7)]
"< Application, Lorg/apache/log4j/helpers/BoundedFIFO, wasEmpty()Z >"	"bb5"	6	[("bb4", 5), ("bb3", 4)]
"< Application, Lorg/apache/log4j/helpers/PatternParser, extractPrecisionOption()I >"	"bb13"	37	[("bb12", 5), ("bb4", 8)]
"< Application, Lorg/apache/log4j/helpers/OptionConverter, selectAndConfigure(Ljava/net/URL;Lorg/apache/log4j/Hierarchy;)V >"	"bb37"	39	[("bb36", 13), ("bb33", 15), ("bb15", 38)]
"< Application, Lweblech/spider/URLGetter, getURL(Lweblech/spider/URLToDownload;)Lweblech/spider/URLObject; >"	"bb67"	140	[("bb66", 118), ("bb79", 139)]
"< Application, Lorg/apache/log4j/helpers/OptionConverter, selectAndConfigure(Ljava/net/URL;Lorg/apache/log4j/Hierarchy;)V >"	"bb13"	35	[("bb11", 34), ("bb12", 31)]
"< Application, Lorg/apache/log4j/net/SMTPAppender, setEvaluatorClass(Ljava/lang/String;)V >"	"bb5"	10	[("bb3", 9), ("bb4", 6)]
"< Application, Lorg/apache/log4j/helpers/PatternParser$NamedPatternConverter, convert(Lorg/apache/log4j/spi/LoggingEvent;)Ljava/lang/String; >"	"bb12"	19	[("bb7", 11), ("bb11", 16)]
"< Application, Lweblech/spider/HTMLParser, extractAttributesFromTags(Ljava/lang/String;Ljava/lang/String;Ljava/net/URL;Ljava/util/List;Ljava/util/Set;Ljava/lang/String;)V >"	"bb22"	57	[("bb55", 98), ("bb21", 28), ("bb27", 56), ("bb54", 96)]
"< Application, Lorg/apache/log4j/helpers/PatternParser, finalizeConverter(C)V >"	"bb19"	89	[("bb18", 88), ("bb17", 86)]
"< Application, Lweblech/ui/TextSpider, main([Ljava/lang/String;)V >"	"bb44"	62	[("bb26", 27), ("bb35", 47), ("bb43", 27)]
"< Application, Lweblech/spider/URLGetter, getURL(Lweblech/spider/URLToDownload;)Lweblech/spider/URLObject; >"	"bb88"	156	[("bb91", 155), ("bb87", 27)]
"< Application, Lorg/apache/log4j/varia/Roller, usage(Ljava/lang/String;)V >"	"bb9"	17	[("bb8", 13), ("bb7", 16)]
"< Application, Lorg/apache/log4j/Category, callAppenders(Lorg/apache/log4j/spi/LoggingEvent;)V >"	"bb18"	15	[("bb17", 13), ("bb1", 1)]
"< Application, Lorg/apache/log4j/Hierarchy, updateParents(Lorg/apache/log4j/Category;)V >"	"bb37"	53	[("bb19", 9), ("bb36", 7)]
"< Application, Lorg/apache/log4j/net/SyslogAppender, getFacility(Ljava/lang/String;)I >"	"bb4"	6	[("bb3", 5), ("bb1", 1)]
"< Application, Lorg/apache/log4j/helpers/BoundedFIFO, isFull()Z >"	"bb6"	7	[("bb4", 6), ("bb5", 5)]
"< Application, Lweblech/spider/URLObject, textReplace(Ljava/lang/String;Ljava/lang/String;Ljava/lang/String;)Ljava/lang/String; >"	"bb2"	30	[("bb15", 28), ("bb1", 6)]
"< Application, Lorg/apache/log4j/net/SMTPAppender, setOption(Ljava/lang/String;Ljava/lang/String;)V >"	"bb26"	43	[("bb24", 42), ("bb25", 39)]
"< Application, Lorg/apache/log4j/config/PropertySetterException, getMessage()Ljava/lang/String; >"	"bb8"	10	[("bb4", 4), ("bb7", 9), ("bb2", 4)]
"< Application, Lorg/apache/log4j/Category, <clinit>()V >"	"bb17"	27	[("bb16", 23), ("bb15", 26)]
"< Application, Lorg/apache/log4j/helpers/Loader, resolveName(Ljava/lang/String;Ljava/lang/Class;)Ljava/lang/String; >"	"bb13"	27	[("bb3", 1), ("bb12", 26)]
"< Application, Lorg/apache/log4j/Hierarchy, updateParents(Lorg/apache/log4j/Category;)V >"	"bb36"	51	[("bb35", 50), ("bb4", 12)]
"< Application, Lorg/apache/log4j/config/PropertyGetter, isHandledType(Ljava/lang/Class;)Z >"	"bb21"	32	[("bb19", 31), ("bb20", 13)]
"< Application, Lweblech/spider/URLObject, convertToFileName()Ljava/lang/String; >"	"bb15"	25	[("bb14", 24), ("bb8", 13)]
"< Application, Lorg/apache/log4j/helpers/OptionConverter, convertSpecialChars(Ljava/lang/String;)Ljava/lang/String; >"	"bb24"	27	[("bb22", 15), ("bb13", 25), ("bb6", 11), ("bb23", 12), ("bb21", 22), ("bb9", 23), ("bb19", 21), ("bb17", 20), ("bb11", 24), ("bb15", 26)]
"< Application, Lweblech/spider/URLObject, <init>(Ljava/net/URL;Lweblech/spider/SpiderConfig;)V >"	"bb25"	33	[("bb24", 30), ("bb21", 24)]
"< Application, Lorg/apache/log4j/spi/VectorWriter, toStringArray()[Ljava/lang/String; >"	"bb10"	14	[("bb9", 13), ("bb4", 7)]
"< Application, Lweblech/spider/URLObject, convertToFileName()Ljava/lang/String; >"	"bb7"	13	[("bb6", 12), ("bb4", 5)]
"< Application, Lorg/apache/log4j/Category, getChainedPriority()Lorg/apache/log4j/Priority; >"	"bb8"	6	[("bb1", 1), ("bb7", 5)]
"< Application, Lorg/apache/log4j/xml/DOMConfigurator, findAppenderByReference(Lorg/w3c/dom/Element;)Lorg/apache/log4j/Appender; >"	"bb20"	35	[("bb10", 19), ("bb19", 34)]
"< Application, Lorg/apache/log4j/RollingFileAppenderBeanInfo, <init>()V >"	"bb6"	10	[("bb4", 9), ("bb5", 6)]
"< Application, Lorg/apache/log4j/RollingFileAppenderBeanInfo, <init>()V >"	"bb29"	42	[("bb28", 41), ("bb11", 17)]
"< Application, Lorg/apache/log4j/or/RendererMap, searchInterfaces(Ljava/lang/Class;)Lorg/apache/log4j/or/ObjectRenderer; >"	"bb13"	19	[("bb7", 11), ("bb12", 17)]
"< Application, Lorg/apache/log4j/Category, callAppenders(Lorg/apache/log4j/spi/LoggingEvent;)V >"	"bb19"	18	[("bb11", 11), ("bb18", 14)]
"< Application, Lorg/apache/log4j/config/PropertyGetter, isHandledType(Ljava/lang/Class;)Z >"	"bb17"	28	[("bb16", 24), ("bb15", 27)]
"< Application, Lorg/apache/log4j/Category, l7dlog(Lorg/apache/log4j/Priority;Ljava/lang/String;[Ljava/lang/Object;Ljava/lang/Throwable;)V >"	"bb14"	20	[("bb11", 3), ("bb13", 19)]
"< Application, Lorg/apache/log4j/Hierarchy, updateChildren(Lorg/apache/log4j/ProvisionNode;Lorg/apache/log4j/Category;)V >"	"bb14"	19	[("bb2", 7), ("bb13", 18)]
"< Application, Lweblech/spider/Spider, downloadURL(Lweblech/spider/URLToDownload;Lweblech/spider/URLGetter;Lweblech/spider/HTMLParser;)Ljava/util/List; >"	"bb59"	93	[("bb47", 75), ("bb58", 46), ("bb36", 20), ("bb31", 92), ("bb34", 20)]
"< Application, Lorg/apache/log4j/helpers/PatternParser$DatePatternConverter, convert(Lorg/apache/log4j/spi/LoggingEvent;)Ljava/lang/String; >"	"bb9"	16	[("bb8", 7), ("bb7", 11)]
"< Application, Lorg/apache/log4j/xml/DOMConfigurator, parseFilters(Lorg/w3c/dom/Element;Lorg/apache/log4j/Appender;)V >"	"bb7"	16	[("bb6", 12), ("bb5", 15)]
"< Application, Lweblech/spider/HTMLParser, isMailTo(Ljava/lang/String;)Z >"	"bb8"	13	[("bb6", 12), ("bb7", 11)]
"< Application, Lorg/apache/log4j/nt/NTEventLogAppender, <init>(Ljava/lang/String;Ljava/lang/String;Lorg/apache/log4j/Layout;)V >"	"bb7"	10	[("bb6", 9), ("bb5", 3)]
"< Application, Lorg/apache/log4j/config/PropertyPrinter, printOptions(Ljava/io/PrintWriter;Lorg/apache/log4j/Category;)V >"	"bb55"	87	[("bb48", 86), ("bb54", 85)]
"< Application, Lorg/apache/log4j/config/PropertyPrinter, printOptions(Ljava/io/PrintWriter;Lorg/apache/log4j/Category;)V >"	"bb37"	60	[("bb12", 23), ("bb36", 30), ("bb28", 30)]
"< Application, Lorg/apache/log4j/Category, callAppenders(Lorg/apache/log4j/spi/LoggingEvent;)V >"	"bb18"	14	[("bb17", 11), ("bb1", 4)]
"< Application, Lorg/apache/log4j/helpers/OptionConverter, toFileSize(Ljava/lang/String;J)J >"	"bb17"	31	[("bb12", 24), ("bb8", 27), ("bb16", 20), ("bb14", 9)]
"< Application, Lorg/apache/log4j/xml/DOMConfigurator, parseCategory(Lorg/w3c/dom/Element;Lorg/apache/log4j/Hierarchy;)V >"	"bb32"	62	[("bb9", 61), ("bb23", 43)]
"< Application, Lorg/apache/log4j/helpers/PatternParser, finalizeConverter(C)V >"	"bb50"	128	[("bb33", 121), ("bb28", 123), ("bb49", 120), ("bb36", 98), ("bb23", 125)]
"< Application, Lorg/apache/log4j/DailyRollingFileAppender, computeCheckPeriod()I >"	"bb22"	27	[("bb7", 10), ("bb21", 26)]
"< Application, Lorg/apache/log4j/helpers/AppenderAttachableImpl, removeAppender(Ljava/lang/String;)V >"	"bb18"	20	[("bb7", 9), ("bb17", 19)]
"< Application, Lorg/apache/log4j/PatternLayout, format(Lorg/apache/log4j/spi/LoggingEvent;)Ljava/lang/String; >"	"bb16"	19	[("bb15", 18), ("bb11", 14)]
"< Application, Lweblech/spider/SpiderConfig, fromSet(Ljava/util/Set;)Ljava/lang/String; >"	"bb5"	21	[("bb4", 6), ("bb14", 18)]
"< Application, Lorg/apache/log4j/or/RendererMap, get(Ljava/lang/Class;)Lorg/apache/log4j/or/ObjectRenderer; >"	"bb12"	14	[("bb11", 12), ("bb1", 2)]
"< Application, Lorg/apache/log4j/nt/NTEventLogAppender, append(Lorg/apache/log4j/spi/LoggingEvent;)V >"	"bb16"	24	[("bb15", 23), ("bb12", 14)]
"< Application, Lorg/apache/log4j/spi/LocationInfo, getClassName()Ljava/lang/String; >"	"bb17"	23	[("bb16", 22), ("bb13", 15)]
