"< Application, Lorg/apache/log4j/helpers/OptionConverter, class$org$apache$log4j$Priority, <Application,Ljava/lang/Class> >"
"< Application, Lorg/apache/log4j/xml/DOMConfigurator, RENDERED_CLASS_ATTR, <Application,Ljava/lang/String> >"
"< Application, Lorg/apache/log4j/Category, class$org$apache$log4j$Category, <Application,Ljava/lang/Class> >"
"< Application, Lorg/apache/log4j/helpers/LogLog, CONFIG_DEBUG_KEY, <Application,Ljava/lang/String> >"
"< Application, Lorg/apache/log4j/Category, DEFAULT_INIT_OVERRIDE_KEY, <Application,Ljava/lang/String> >"
"< Application, Lweblech/spider/Constants, SPIDER_STOP_PAUSE, <Primordial,I> >"
"< Application, Lorg/apache/log4j/net/SocketServer, cat, <Application,Lorg/apache/log4j/Category> >"
"< Application, Lorg/apache/log4j/net/SyslogAppender, SYSLOG_HOST_OPTION, <Application,Ljava/lang/String> >"
"< Application, Lorg/apache/log4j/Priority, WARN, <Application,Lorg/apache/log4j/Priority> >"
"< Application, Lorg/apache/log4j/PropertyConfigurator, CATEGORY_PREFIX, <Application,Ljava/lang/String> >"
"< Application, Lorg/apache/log4j/PropertyConfigurator, INTERNAL_ROOT_NAME, <Application,Ljava/lang/String> >"
"< Application, Lorg/apache/log4j/NDC, pushCounter, <Primordial,I> >"
"< Application, Lorg/apache/log4j/BasicConfigurator, DISABLE_KEY, <Application,Ljava/lang/String> >"
"< Application, Lorg/apache/log4j/varia/Roller, port, <Primordial,I> >"
"< Application, Lorg/apache/log4j/net/JMSSink, class$javax$jms$Message, <Application,Ljava/lang/Class> >"
"< Application, Lorg/apache/log4j/net/SimpleSocketServer, cat, <Application,Lorg/apache/log4j/Category> >"
"< Application, Lorg/apache/log4j/helpers/OptionConverter, sbuf, <Application,Ljava/lang/StringBuffer> >"
"< Application, Lorg/apache/log4j/spi/LoggingEvent, methodCache, <Application,Ljava/util/Hashtable> >"
"< Application, Lorg/apache/log4j/net/SocketAppender, REMOTE_HOST_OPTION, <Application,Ljava/lang/String> >"
"< Application, Lorg/apache/log4j/xml/DOMConfigurator, CONFIG_DEBUG_ATTR, <Application,Ljava/lang/String> >"
"< Application, Lorg/apache/log4j/xml/DOMConfigurator, ONE_STRING_PARAM, <Application,[Ljava/lang/Class> >"
"< Application, Lorg/apache/log4j/nt/NTEventLogAppender, WARN, <Primordial,I> >"
"< Application, Lorg/apache/log4j/HTMLLayout, TITLE_OPTION, <Application,Ljava/lang/String> >"
"< Application, Lorg/apache/log4j/net/SyslogAppender, LOG_LOCAL6, <Primordial,I> >"
"< Application, Lorg/apache/log4j/DailyRollingFileAppender, TOP_OF_MONTH, <Primordial,I> >"
"< Application, Lorg/apache/log4j/net/SMTPAppender, SMTP_HOST_OPTION, <Application,Ljava/lang/String> >"
"< Application, Lorg/apache/log4j/net/SyslogAppender, LOG_LOCAL2, <Primordial,I> >"
"< Application, Lorg/apache/log4j/config/PropertySetter, class$org$apache$log4j$Priority, <Application,Ljava/lang/Class> >"
"< Application, Lorg/apache/log4j/WriterAppender, IMMEDIATE_FLUSH_OPTION, <Application,Ljava/lang/String> >"
"< Application, Lorg/apache/log4j/helpers/LogLog, WARN_PREFIX, <Application,Ljava/lang/String> >"
"< Application, Lorg/apache/log4j/spi/LocationInfo, pw, <Application,Ljava/io/PrintWriter> >"
"< Application, Lorg/apache/log4j/spi/ErrorCode, GENERIC_FAILURE, <Primordial,I> >"
"< Application, Lorg/apache/log4j/helpers/NullEnumeration, instance, <Application,Lorg/apache/log4j/helpers/NullEnumeration> >"
"< Application, Lorg/apache/log4j/helpers/OptionConverter, DELIM_START_LEN, <Primordial,I> >"
"< Application, Lorg/apache/log4j/PatternLayout, CONVERSION_PATTERN_OPTION, <Application,Ljava/lang/String> >"
"< Application, Lorg/apache/log4j/net/SyslogAppender, LOG_LPR, <Primordial,I> >"
"< Application, Lorg/apache/log4j/varia/PriorityMatchFilter, ACCEPT_ON_MATCH_OPTION, <Application,Ljava/lang/String> >"
"< Application, Lorg/apache/log4j/PatternLayout, DEFAULT_CONVERSION_PATTERN, <Application,Ljava/lang/String> >"
"< Application, Lorg/apache/log4j/spi/LocationInfo, inVisualAge, <Primordial,Z> >"
"< Application, Lorg/apache/log4j/net/SyslogAppender, LOG_KERN, <Primordial,I> >"
"< Application, Lweblech/util/Logger, _logClass, <Application,Lorg/apache/log4j/Category> >"
"< Application, Lorg/apache/log4j/CategoryKey, class$org$apache$log4j$CategoryKey, <Application,Ljava/lang/Class> >"
"< Application, Lorg/apache/log4j/helpers/LogLog, DEBUG_KEY, <Application,Ljava/lang/String> >"
"< Application, Lorg/apache/log4j/xml/DOMConfigurator, RENDERER_TAG, <Application,Ljava/lang/String> >"
"< Application, Lweblech/util/Log4j, _logClass, <Application,Lorg/apache/log4j/Category> >"
"< Application, Lorg/apache/log4j/net/JMSSink, class$org$apache$log4j$net$JMSSink, <Application,Ljava/lang/Class> >"
"< Application, Lorg/apache/log4j/spi/LoggingEvent, startTime, <Primordial,J> >"
"< Application, Lorg/apache/log4j/helpers/LogLog, debugEnabled, <Primordial,Z> >"
"< Application, Lorg/apache/log4j/net/SMTPAppender, LOCATION_INFO_OPTION, <Application,Ljava/lang/String> >"
"< Application, Lorg/apache/log4j/xml/DOMConfigurator, ROOT_TAG, <Application,Ljava/lang/String> >"
"< Application, Lorg/apache/log4j/xml/DOMConfigurator, APPENDER_REF_TAG, <Application,Ljava/lang/String> >"
"< Application, Lorg/apache/log4j/PropertyConfigurator, FACTORY_PREFIX, <Application,Ljava/lang/String> >"
"< Application, Lorg/apache/log4j/varia/ExternallyRolledFileAppender, ROLL_OVER, <Application,Ljava/lang/String> >"
"< Application, Lorg/apache/log4j/net/SocketServer, CONFIG_FILE_EXT, <Application,Ljava/lang/String> >"
"< Application, Lorg/apache/log4j/net/SocketServer, port, <Primordial,I> >"
"< Application, Lorg/apache/log4j/PropertyConfigurator, RENDERER_PREFIX, <Application,Ljava/lang/String> >"
"< Application, Lorg/apache/log4j/NDC, REAP_THRESHOLD, <Primordial,I> >"
"< Application, Lorg/apache/log4j/Priority, WARN_INT, <Primordial,I> >"
"< Application, Lorg/apache/log4j/NDC, ht, <Application,Ljava/util/Hashtable> >"
"< Application, Lorg/apache/log4j/PropertyConfigurator, APPENDER_PREFIX, <Application,Ljava/lang/String> >"
"< Application, Lorg/apache/log4j/DailyRollingFileAppender, TOP_OF_TROUBLE, <Primordial,I> >"
"< Application, Lorg/apache/log4j/Priority, INFO, <Application,Lorg/apache/log4j/Priority> >"
"< Application, Lorg/apache/log4j/xml/XMLLayout, LOCATION_INFO_OPTION, <Application,Ljava/lang/String> >"
"< Application, Lweblech/spider/URLGetter, _logClass, <Application,Lorg/apache/log4j/Category> >"
"< Application, Lorg/apache/log4j/helpers/PatternParser, ESCAPE_CHAR, <Primordial,C> >"
"< Application, Lorg/apache/log4j/PatternLayout, TTCC_CONVERSION_PATTERN, <Application,Ljava/lang/String> >"
"< Application, Lorg/apache/log4j/helpers/PatternParser, MESSAGE_CONVERTER, <Primordial,I> >"
"< Application, Lorg/apache/log4j/Hierarchy, DISABLE_OFF, <Primordial,I> >"
"< Application, Lorg/apache/log4j/helpers/OptionConverter, class$org$apache$log4j$spi$Configurator, <Application,Ljava/lang/Class> >"
"< Application, Lorg/apache/log4j/spi/LocationInfo, sw, <Application,Ljava/io/StringWriter> >"
"< Application, Lorg/apache/log4j/xml/DOMConfigurator, EMPTY_STR, <Application,Ljava/lang/String> >"
"< Application, Lorg/apache/log4j/xml/DOMConfigurator, REF_ATTR, <Application,Ljava/lang/String> >"
"< Application, Lorg/apache/log4j/net/SyslogAppender, LOG_SYSLOG, <Primordial,I> >"
"< Application, Lorg/apache/log4j/nt/NTEventLogAppender, DEBUG, <Primordial,I> >"
"< Application, Lorg/apache/log4j/xml/DOMConfigurator, OLD_CONFIGURATION_TAG, <Application,Ljava/lang/String> >"
"< Application, Lorg/apache/log4j/ConsoleAppender, TARGET_OPTION, <Application,Ljava/lang/String> >"
"< Application, Lorg/apache/log4j/BasicConfigurator, DISABLE_OVERRIDE_KEY, <Application,Ljava/lang/String> >"
"< Application, Lorg/apache/log4j/varia/Roller, cat, <Application,Lorg/apache/log4j/Category> >"
"< Application, Lorg/apache/log4j/net/SyslogAppender, TAB, <Application,Ljava/lang/String> >"
"< Application, Lorg/apache/log4j/BasicConfigurator, class$org$apache$log4j$or$ObjectRenderer, <Application,Ljava/lang/Class> >"
"< Application, Lorg/apache/log4j/net/SyslogAppender, LOG_CRON, <Primordial,I> >"
"< Application, Lorg/apache/log4j/spi/Filter, DENY, <Primordial,I> >"
"< Application, Lorg/apache/log4j/RollingFileAppender, MAX_FILE_SIZE_OPTION, <Application,Ljava/lang/String> >"
"< Application, Lorg/apache/log4j/net/SocketNode, class$org$apache$log4j$net$SocketNode, <Application,Ljava/lang/Class> >"
"< Application, Lorg/apache/log4j/nt/NTEventLogAppender, FATAL, <Primordial,I> >"
"< Application, Lorg/apache/log4j/helpers/PatternParser, PRIORITY_CONVERTER, <Primordial,I> >"
"< Application, Lorg/apache/log4j/PropertyConfigurator, class$org$apache$log4j$Appender, <Application,Ljava/lang/Class> >"
"< Application, Lorg/apache/log4j/helpers/PatternParser, CONVERTER_STATE, <Primordial,I> >"
"< Application, Lweblech/spider/HTMLParser, _logClass, <Application,Lorg/apache/log4j/Category> >"
"< Application, Lorg/apache/log4j/net/SimpleSocketServer, class$org$apache$log4j$net$SimpleSocketServer, <Application,Ljava/lang/Class> >"
"< Application, Lorg/apache/log4j/FileAppender, APPEND_OPTION, <Application,Ljava/lang/String> >"
"< Application, Lorg/apache/log4j/helpers/OptionConverter, DELIM_STOP, <Primordial,C> >"
"< Application, Lorg/apache/log4j/varia/PriorityRangeFilter, ACCEPT_ON_MATCH_OPTION, <Application,Ljava/lang/String> >"
"< Application, Lorg/apache/log4j/net/SMTPAppender, SUBJECT_OPTION, <Application,Ljava/lang/String> >"
"< Application, Lorg/apache/log4j/xml/DOMConfigurator, class$org$apache$log4j$spi$ErrorHandler, <Application,Ljava/lang/Class> >"
"< Application, Lorg/apache/log4j/TTCCLayout, THREAD_PRINTING_OPTION, <Application,Ljava/lang/String> >"
"< Application, Lweblech/spider/Constants, QUEUE_CHECK_INTERVAL, <Primordial,I> >"
"< Application, Lorg/apache/log4j/net/SyslogAppender, LOG_AUTH, <Primordial,I> >"
"< Application, Lorg/apache/log4j/varia/ExternallyRolledFileAppender, OK, <Application,Ljava/lang/String> >"
"< Application, Lorg/apache/log4j/helpers/PatternParser, DOT_STATE, <Primordial,I> >"
"< Application, Lorg/apache/log4j/net/SyslogAppender, FACILITY_PRINTING_OPTION, <Application,Ljava/lang/String> >"
"< Application, Lorg/apache/log4j/spi/ErrorCode, MISSING_LAYOUT, <Primordial,I> >"
"< Application, Lorg/apache/log4j/net/SyslogAppender, LOG_NEWS, <Primordial,I> >"
"< Application, Lorg/apache/log4j/RollingFileAppenderBeanInfo, class$java$lang$String, <Application,Ljava/lang/Class> >"
"< Application, Lorg/apache/log4j/varia/Roller, host, <Application,Ljava/lang/String> >"
"< Application, Lorg/apache/log4j/net/SyslogAppender, LOG_FTP, <Primordial,I> >"
"< Application, Lorg/apache/log4j/ConsoleAppender, SYSTEM_ERR, <Application,Ljava/lang/String> >"
"< Application, Lorg/apache/log4j/net/SyslogAppender, LOG_LOCAL7, <Primordial,I> >"
"< Application, Lweblech/ui/TextSpider, _logClass, <Application,Lorg/apache/log4j/Category> >"
"< Application, Lorg/apache/log4j/spi/LocationInfo, NA, <Application,Ljava/lang/String> >"
"< Application, Lorg/apache/log4j/varia/PriorityMatchFilter, PRIORITY_TO_MATCH_OPTION, <Application,Ljava/lang/String> >"
"< Application, Lorg/apache/log4j/helpers/PatternParser, THREAD_CONVERTER, <Primordial,I> >"
"< Application, Lorg/apache/log4j/spi/LoggingEvent, TO_PRIORITY_PARAMS, <Application,[Ljava/lang/Class> >"
"< Application, Lorg/apache/log4j/nt/NTEventLogAppender, INFO, <Primordial,I> >"
"< Application, Lorg/apache/log4j/net/SyslogAppender, FACILITY_OPTION, <Application,Ljava/lang/String> >"
"< Application, Lorg/apache/log4j/HTMLLayout, LOCATION_INFO_OPTION, <Application,Ljava/lang/String> >"
"< Application, Lorg/apache/log4j/helpers/PatternParser, FILE_LOCATION_CONVERTER, <Primordial,I> >"
"< Application, Lorg/apache/log4j/helpers/DateLayout, NULL_DATE_FORMAT, <Application,Ljava/lang/String> >"
"< Application, Lorg/apache/log4j/RollingFileAppender, MAX_BACKUP_INDEX_OPTION, <Application,Ljava/lang/String> >"
"< Application, Lorg/apache/log4j/Category, DEFAULT_CONFIGURATION_FILE, <Application,Ljava/lang/String> >"
"< Application, Lorg/apache/log4j/net/SocketServer, server, <Application,Lorg/apache/log4j/net/SocketServer> >"
"< Application, Lorg/apache/log4j/xml/DOMConfigurator, dbfKey, <Application,Ljava/lang/String> >"
"< Application, Lorg/apache/log4j/net/SocketAppender, DEFAULT_PORT, <Primordial,I> >"
"< Application, Lorg/apache/log4j/net/SyslogAppender, LOG_LOCAL4, <Primordial,I> >"
"< Application, Lorg/apache/log4j/PropertyConfigurator, class$org$apache$log4j$spi$CategoryFactory, <Application,Ljava/lang/Class> >"
"< Application, Lorg/apache/log4j/net/JMSAppender, TOPIC_BINDING_NAME_OPTION, <Application,Ljava/lang/String> >"
"< Application, Lorg/apache/log4j/helpers/PatternParser, FULL_LOCATION_CONVERTER, <Primordial,I> >"
"< Application, Lorg/apache/log4j/net/SyslogAppender, LOG_LOCAL3, <Primordial,I> >"
"< Application, Lorg/apache/log4j/helpers/PatternParser, MIN_STATE, <Primordial,I> >"
"< Application, Lorg/apache/log4j/config/PropertySetter, class$java$lang$String, <Application,Ljava/lang/Class> >"
"< Application, Lorg/apache/log4j/helpers/OptionConverter, DELIM_START, <Application,Ljava/lang/String> >"
"< Application, Lorg/apache/log4j/varia/StringMatchFilter, ACCEPT_ON_MATCH_OPTION, <Application,Ljava/lang/String> >"
"< Application, Lorg/apache/log4j/varia/PriorityRangeFilter, PRIORITY_MAX_OPTION, <Application,Ljava/lang/String> >"
"< Application, Lorg/apache/log4j/xml/DOMConfigurator, LAYOUT_TAG, <Application,Ljava/lang/String> >"
"< Application, Lorg/apache/log4j/xml/DOMConfigurator, INTERNAL_DEBUG_ATTR, <Application,Ljava/lang/String> >"
"< Application, Lorg/apache/log4j/AsyncAppender, BUFFER_SIZE_OPTION, <Application,Ljava/lang/String> >"
"< Application, Lorg/apache/log4j/Layout, LINE_SEP_LEN, <Primordial,I> >"
"< Application, Lorg/apache/log4j/xml/DOMConfigurator, DISABLE_OVERRIDE_ATTR, <Application,Ljava/lang/String> >"
"< Application, Lorg/apache/log4j/helpers/AbsoluteTimeDateFormat, DATE_AND_TIME_DATE_FORMAT, <Application,Ljava/lang/String> >"
"< Application, Lorg/apache/log4j/xml/DOMConfigurator, FILTER_TAG, <Application,Ljava/lang/String> >"
"< Application, Lorg/apache/log4j/xml/DOMConfigurator, class$java$lang$String, <Application,Ljava/lang/Class> >"
"< Application, Lorg/apache/log4j/HTMLLayout, TRACE_PREFIX, <Application,Ljava/lang/String> >"
"< Application, Lorg/apache/log4j/helpers/LogLog, ERR_PREFIX, <Application,Ljava/lang/String> >"
"< Application, Lorg/apache/log4j/PropertyConfigurator, ADDITIVITY_PREFIX, <Application,Ljava/lang/String> >"
"< Application, Lorg/apache/log4j/varia/PriorityRangeFilter, PRIORITY_MIN_OPTION, <Application,Ljava/lang/String> >"
"< Application, Lorg/apache/log4j/xml/DOMConfigurator, CONFIGURATION_TAG, <Application,Ljava/lang/String> >"
"< Application, Lorg/apache/log4j/helpers/PatternParser, METHOD_LOCATION_CONVERTER, <Primordial,I> >"
"< Application, Lorg/apache/log4j/helpers/LogLog, PREFIX, <Application,Ljava/lang/String> >"
"< Application, Lorg/apache/log4j/net/SyslogAppender, FACILITY_OI, <Primordial,I> >"
"< Application, Lorg/apache/log4j/xml/DOMConfigurator, CATEGORY, <Application,Ljava/lang/String> >"
"< Application, Lorg/apache/log4j/net/SyslogAppender, LOG_UUCP, <Primordial,I> >"
"< Application, Lorg/apache/log4j/net/SMTPAppender, FROM_OPTION, <Application,Ljava/lang/String> >"
"< Application, Lorg/apache/log4j/DailyRollingFileAppender, HALF_DAY, <Primordial,I> >"
"< Application, Lorg/apache/log4j/helpers/DateLayout, DATE_FORMAT_OPTION, <Application,Ljava/lang/String> >"
"< Application, Lorg/apache/log4j/net/SyslogAppender, LOG_LOCAL1, <Primordial,I> >"
"< Application, Lorg/apache/log4j/Layout, LINE_SEP, <Application,Ljava/lang/String> >"
"< Application, Lorg/apache/log4j/DailyRollingFileAppender, DATE_PATTERN_OPTION, <Application,Ljava/lang/String> >"
"< Application, Lorg/apache/log4j/helpers/PatternParser, CLASS_LOCATION_CONVERTER, <Primordial,I> >"
"< Application, Lorg/apache/log4j/spi/Filter, ACCEPT, <Primordial,I> >"
"< Application, Lorg/apache/log4j/Category, FQCN, <Application,Ljava/lang/String> >"
"< Application, Lorg/apache/log4j/xml/DOMConfigurator, PARAM_TAG, <Application,Ljava/lang/String> >"
"< Application, Lorg/apache/log4j/net/SMTPAppender, BUFFER_SIZE_OPTION, <Application,Ljava/lang/String> >"
"< Application, Lorg/apache/log4j/AsyncAppender, DEFAULT_BUFFER_SIZE, <Primordial,I> >"
"< Application, Lorg/apache/log4j/helpers/PatternParser, LITERAL_STATE, <Primordial,I> >"
"< Application, Lorg/apache/log4j/spi/LoggingEvent, serialVersionUID, <Primordial,J> >"
"< Application, Lorg/apache/log4j/PropertyConfigurator, ROOT_CATEGORY_PREFIX, <Application,Ljava/lang/String> >"
"< Application, Lorg/apache/log4j/net/SocketAppender, RESET_FREQUENCY, <Primordial,I> >"
"< Application, Lweblech/spider/DumbAuthenticator, _logClass, <Application,Lorg/apache/log4j/Category> >"
"< Application, Lorg/apache/log4j/PropertyConfigurator, CATEGORY_FACTORY_KEY, <Application,Ljava/lang/String> >"
"< Application, Lorg/apache/log4j/helpers/PatternParser, MINUS_STATE, <Primordial,I> >"
"< Application, Lorg/apache/log4j/helpers/SyslogWriter, syslogHost, <Application,Ljava/lang/String> >"
"< Application, Lorg/apache/log4j/Priority, ERROR_INT, <Primordial,I> >"
"< Application, Lorg/apache/log4j/ConsoleAppender, SYSTEM_OUT, <Application,Ljava/lang/String> >"
"< Application, Lorg/apache/log4j/spi/LoggingEvent, TO_PRIORITY, <Application,Ljava/lang/String> >"
"< Application, Lorg/apache/log4j/Priority, FATAL, <Application,Lorg/apache/log4j/Priority> >"
"< Application, Lorg/apache/log4j/TTCCLayout, CATEGORY_PREFIXING_OPTION, <Application,Ljava/lang/String> >"
"< Application, Lorg/apache/log4j/spi/LoggingEvent, PARAM_ARRAY, <Application,[Ljava/lang/Integer> >"
"< Application, Lorg/apache/log4j/Priority, ERROR, <Application,Lorg/apache/log4j/Priority> >"
"< Application, Lorg/apache/log4j/net/SimpleSocketServer, port, <Primordial,I> >"
"< Application, Lorg/apache/log4j/helpers/PatternParser, NDC_CONVERTER, <Primordial,I> >"
"< Application, Lorg/apache/log4j/helpers/FileWatchdog, DEFAULT_DELAY, <Primordial,J> >"
"< Application, Lorg/apache/log4j/config/PropertyGetter, class$org$apache$log4j$Priority, <Application,Ljava/lang/Class> >"
"< Application, Lorg/apache/log4j/DailyRollingFileAppender, TOP_OF_MINUTE, <Primordial,I> >"
"< Application, Lorg/apache/log4j/TTCCLayout, CONTEXT_PRINTING_OPTION, <Application,Ljava/lang/String> >"
"< Application, Lorg/apache/log4j/DailyRollingFileAppender, TOP_OF_WEEK, <Primordial,I> >"
"< Application, Lorg/apache/log4j/net/SMTPAppender, EVALUATOR_CLASS_OPTION, <Application,Ljava/lang/String> >"
"< Application, Lorg/apache/log4j/Priority, DEBUG_INT, <Primordial,I> >"
"< Application, Lorg/apache/log4j/net/SyslogAppender, SYSLOG_HOST_OI, <Primordial,I> >"
"< Application, Lorg/apache/log4j/AppenderSkeleton, THRESHOLD_OPTION, <Application,Ljava/lang/String> >"
"< Application, Lorg/apache/log4j/spi/Filter, NEUTRAL, <Primordial,I> >"
"< Application, Lweblech/spider/URLObject, _logClass, <Application,Lorg/apache/log4j/Category> >"
"< Application, Lorg/apache/log4j/net/SyslogAppender, LOG_USER, <Primordial,I> >"
"< Application, Lorg/apache/log4j/net/SocketAppender, LOCATION_INFO_OPTION, <Application,Ljava/lang/String> >"
"< Application, Lorg/apache/log4j/net/SocketAppender, RECONNECTION_DELAY_OPTION, <Application,Ljava/lang/String> >"
"< Application, Lorg/apache/log4j/xml/DOMConfigurator, DISABLE_ATTR, <Application,Ljava/lang/String> >"
"< Application, Lorg/apache/log4j/RollingFileAppenderBeanInfo, class$org$apache$log4j$RollingFileAppender, <Application,Ljava/lang/Class> >"
"< Application, Lorg/apache/log4j/net/SocketNode, cat, <Application,Lorg/apache/log4j/Category> >"
"< Application, Lorg/apache/log4j/spi/ErrorCode, WRITE_FAILURE, <Primordial,I> >"
"< Application, Lorg/apache/log4j/xml/DOMConfigurator, class$org$apache$log4j$spi$Filter, <Application,Ljava/lang/Class> >"
"< Application, Lorg/apache/log4j/net/SocketAppender, DEFAULT_RECONNECTION_DELAY, <Primordial,I> >"
"< Application, Lorg/apache/log4j/xml/DOMConfigurator, CLASS_ATTR, <Application,Ljava/lang/String> >"
"< Application, Lorg/apache/log4j/spi/ErrorCode, FILE_OPEN_FAILURE, <Primordial,I> >"
"< Application, Lorg/apache/log4j/PropertyConfigurator, class$org$apache$log4j$Layout, <Application,Ljava/lang/Class> >"
"< Application, Lorg/apache/log4j/config/PropertyGetter, NULL_ARG, <Application,[Ljava/lang/Object> >"
"< Application, Lorg/apache/log4j/varia/ExternallyRolledFileAppender, PORT_OPTION, <Application,Ljava/lang/String> >"
"< Application, Lorg/apache/log4j/helpers/PatternParser, MAX_STATE, <Primordial,I> >"
"< Application, Lorg/apache/log4j/Priority, INFO_INT, <Primordial,I> >"
"< Application, Lorg/apache/log4j/net/SyslogAppender, LOG_LOCAL0, <Primordial,I> >"
"< Application, Lorg/apache/log4j/helpers/DateLayout, TIMEZONE_OPTION, <Application,Ljava/lang/String> >"
"< Application, Lorg/apache/log4j/helpers/Loader, TSTR, <Application,Ljava/lang/String> >"
"< Application, Lorg/apache/log4j/net/SyslogAppender, LOG_DAEMON, <Primordial,I> >"
"< Application, Lorg/apache/log4j/DailyRollingFileAppender, TOP_OF_HOUR, <Primordial,I> >"
"< Application, Lorg/apache/log4j/varia/StringMatchFilter, STRING_TO_MATCH_OPTION, <Application,Ljava/lang/String> >"
"< Application, Lorg/apache/log4j/helpers/LogLog, quietMode, <Primordial,Z> >"
"< Application, Lorg/apache/log4j/spi/ErrorCode, CLOSE_FAILURE, <Primordial,I> >"
"< Application, Lorg/apache/log4j/Category, defaultHierarchy, <Application,Lorg/apache/log4j/Hierarchy> >"
"< Application, Lorg/apache/log4j/helpers/PatternParser, class$java$text$DateFormat, <Application,Ljava/lang/Class> >"
"< Application, Lorg/apache/log4j/Hierarchy, DISABLE_OVERRIDE, <Primordial,I> >"
"< Application, Lorg/apache/log4j/net/SMTPAppender, TO_OPTION, <Application,Ljava/lang/String> >"
"< Application, Lorg/apache/log4j/spi/ErrorCode, FLUSH_FAILURE, <Primordial,I> >"
"< Application, Lorg/apache/log4j/net/SocketAppender, PORT_OPTION, <Application,Ljava/lang/String> >"
"< Application, Lorg/apache/log4j/net/SyslogAppender, LOG_LOCAL5, <Primordial,I> >"
"< Application, Lorg/apache/log4j/helpers/OptionConverter, DELIM_STOP_LEN, <Primordial,I> >"
"< Application, Lorg/apache/log4j/BasicConfigurator, INHERITED, <Application,Ljava/lang/String> >"
"< Application, Lorg/apache/log4j/spi/ErrorCode, ADDRESS_PARSE_FAILURE, <Primordial,I> >"
"< Application, Lorg/apache/log4j/helpers/PatternConverter, SPACES, <Application,[Ljava/lang/String> >"
"< Application, Lorg/apache/log4j/helpers/AbsoluteTimeDateFormat, ABS_TIME_DATE_FORMAT, <Application,Ljava/lang/String> >"
"< Application, Lorg/apache/log4j/Category, DEFAULT_CONFIGURATION_KEY, <Application,Ljava/lang/String> >"
"< Application, Lorg/apache/log4j/spi/ThrowableInformation, vw, <Application,Lorg/apache/log4j/spi/VectorWriter> >"
"< Application, Lorg/apache/log4j/xml/DOMConfigurator, PRIORITY_TAG, <Application,Ljava/lang/String> >"
"< Application, Lorg/apache/log4j/Priority, FATAL_INT, <Primordial,I> >"
"< Application, Lorg/apache/log4j/helpers/DateLayout, RELATIVE_TIME_DATE_FORMAT, <Application,Ljava/lang/String> >"
"< Application, Lorg/apache/log4j/xml/DOMConfigurator, NAME_ATTR, <Application,Ljava/lang/String> >"
"< Application, Lorg/apache/log4j/nt/NTEventLogAppender, ERROR, <Primordial,I> >"
"< Application, Lorg/apache/log4j/nt/NTEventLogAppender, SOURCE_OPTION, <Application,Ljava/lang/String> >"
"< Application, Lorg/apache/log4j/spi/LoggingEvent, class$org$apache$log4j$Priority, <Application,Ljava/lang/Class> >"
"< Application, Lorg/apache/log4j/DailyRollingFileAppender, TOP_OF_DAY, <Primordial,I> >"
"< Application, Lorg/apache/log4j/net/JMSAppender, TOPIC_CONNECTION_FACTORY_BINDING_NAME_OPTION, <Application,Ljava/lang/String> >"
"< Application, Lorg/apache/log4j/helpers/AbsoluteTimeDateFormat, ISO8601_DATE_FORMAT, <Application,Ljava/lang/String> >"
"< Application, Lorg/apache/log4j/spi/LocationInfo, serialVersionUID, <Primordial,J> >"
"< Application, Lorg/apache/log4j/xml/DOMConfigurator, ERROR_HANDLER_TAG, <Application,Ljava/lang/String> >"
"< Application, Lorg/apache/log4j/helpers/PatternParser, LINE_LOCATION_CONVERTER, <Primordial,I> >"
"< Application, Lorg/apache/log4j/xml/DOMConfigurator, APPENDER_TAG, <Application,Ljava/lang/String> >"
"< Application, Lorg/apache/log4j/net/SocketServer, class$org$apache$log4j$net$SocketServer, <Application,Ljava/lang/Class> >"
"< Application, Lorg/apache/log4j/or/RendererMap, defaultRenderer, <Application,Lorg/apache/log4j/or/ObjectRenderer> >"
"< Application, Lorg/apache/log4j/helpers/OptionConverter, class$java$lang$String, <Application,Ljava/lang/Class> >"
"< Application, Lorg/apache/log4j/Priority, DEBUG, <Application,Lorg/apache/log4j/Priority> >"
"< Application, Lorg/apache/log4j/varia/Roller, class$org$apache$log4j$varia$Roller, <Application,Ljava/lang/Class> >"
"< Application, Lorg/apache/log4j/AsyncAppender, LOCATION_INFO_OPTION, <Application,Ljava/lang/String> >"
"< Application, Lorg/apache/log4j/xml/DOMConfigurator, VALUE_ATTR, <Application,Ljava/lang/String> >"
"< Application, Lorg/apache/log4j/config/PropertyGetter, class$java$lang$String, <Application,Ljava/lang/Class> >"
"< Application, Lorg/apache/log4j/net/SyslogAppender, LOG_AUTHPRIV, <Primordial,I> >"
"< Application, Lorg/apache/log4j/helpers/PatternParser, RELATIVE_TIME_CONVERTER, <Primordial,I> >"
"< Application, Lorg/apache/log4j/net/SocketServer, GENERIC, <Application,Ljava/lang/String> >"
"< Application, Lorg/apache/log4j/xml/DOMConfigurator, ADDITIVITY_ATTR, <Application,Ljava/lang/String> >"
"< Application, Lorg/apache/log4j/net/SyslogAppender, LOG_MAIL, <Primordial,I> >"
"< Application, Lorg/apache/log4j/FileAppender, FILE_OPTION, <Application,Ljava/lang/String> >"
"< Application, Lorg/apache/log4j/xml/DOMConfigurator, RENDERING_CLASS_ATTR, <Application,Ljava/lang/String> >"
"< Application, Lorg/apache/log4j/net/SMTPAppender, class$org$apache$log4j$spi$TriggeringEventEvaluator, <Application,Ljava/lang/Class> >"
