"< Application, Lorg/apache/log4j/varia/Roller, class$(Ljava/lang/String;)Ljava/lang/Class; >"
"< Application, Lorg/apache/log4j/PropertyConfigurator, configure(Ljava/lang/String;)V >"
"< Application, Lorg/apache/log4j/or/RendererMap, <clinit>()V >"
"< Application, Lorg/apache/log4j/BasicConfigurator, enableAll()V >"
"< Application, Lorg/apache/log4j/nt/NTEventLogAppender, <clinit>()V >"
"< Application, Lorg/apache/log4j/NDC, <clinit>()V >"
"< Application, Lorg/apache/log4j/helpers/OptionConverter, toInt(Ljava/lang/String;I)I >"
"< Application, Lorg/apache/log4j/BasicConfigurator, disableDebug()V >"
"< Application, Lorg/apache/log4j/spi/ThrowableInformation, <clinit>()V >"
"< Application, Lorg/apache/log4j/net/SimpleSocketServer, usage(Ljava/lang/String;)V >"
"< Application, Lorg/apache/log4j/net/SocketAppender, getAddressByName(Ljava/lang/String;)Ljava/net/InetAddress; >"
"< Application, Lorg/apache/log4j/helpers/OptionConverter, getSystemProperty(Ljava/lang/String;Ljava/lang/String;)Ljava/lang/String; >"
"< Application, Lorg/apache/log4j/CategoryKey, class$(Ljava/lang/String;)Ljava/lang/Class; >"
"< Application, Lorg/apache/log4j/net/JMSSink, main([Ljava/lang/String;)V >"
"< Application, Lorg/apache/log4j/helpers/NullEnumeration, <clinit>()V >"
"< Application, Lorg/apache/log4j/PropertyConfigurator, configureAndWatch(Ljava/lang/String;)V >"
"< Application, Lorg/apache/log4j/helpers/LogLog, debug(Ljava/lang/String;Ljava/lang/Throwable;)V >"
"< Application, Lweblech/util/Log4j, <clinit>()V >"
"< Application, Lweblech/ui/TextSpider, <clinit>()V >"
"< Application, Lorg/apache/log4j/net/SocketServer, main([Ljava/lang/String;)V >"
"< Application, Lorg/apache/log4j/helpers/OptionConverter, selectAndConfigure(Ljava/net/URL;Lorg/apache/log4j/Hierarchy;)V >"
"< Application, Lorg/apache/log4j/BasicConfigurator, disableAll()V >"
"< Application, Lorg/apache/log4j/NDC, clear()V >"
"< Application, Lorg/apache/log4j/NDC, remove()V >"
"< Application, Lweblech/ui/TextSpider, main([Ljava/lang/String;)V >"
"< Application, Lorg/apache/log4j/Category, getCurrentCategories()Ljava/util/Enumeration; >"
"< Application, Lorg/apache/log4j/Category, class$(Ljava/lang/String;)Ljava/lang/Class; >"
"< Application, Lorg/apache/log4j/helpers/OptionConverter, class$(Ljava/lang/String;)Ljava/lang/Class; >"
"< Application, Lorg/apache/log4j/xml/DOMConfigurator, configure(Ljava/net/URL;)V >"
"< Application, Lorg/apache/log4j/net/SocketNode, <clinit>()V >"
"< Application, Lorg/apache/log4j/net/SyslogAppender, getFacility(Ljava/lang/String;)I >"
"< Application, Lorg/apache/log4j/Category, getInstance(Ljava/lang/String;Lorg/apache/log4j/spi/CategoryFactory;)Lorg/apache/log4j/Category; >"
"< Application, Lorg/apache/log4j/NDC, get()Ljava/lang/String; >"
"< Application, Lorg/apache/log4j/BasicConfigurator, disable(Ljava/lang/String;)V >"
"< Application, Lweblech/util/Log4j, init()V >"
"< Application, Lorg/apache/log4j/net/SimpleSocketServer, class$(Ljava/lang/String;)Ljava/lang/Class; >"
"< Application, Lorg/apache/log4j/net/JMSSink, lookup(Ljavax/naming/Context;Ljava/lang/String;)Ljava/lang/Object; >"
"< Application, Lorg/apache/log4j/config/PropertyGetter, getProperties(Ljava/lang/Object;Lorg/apache/log4j/config/PropertyGetter$PropertyCallback;Ljava/lang/String;)V >"
"< Application, Lorg/apache/log4j/Category, exists(Ljava/lang/String;)Lorg/apache/log4j/Category; >"
"< Application, Lorg/apache/log4j/spi/LocationInfo, <clinit>()V >"
"< Application, Lweblech/spider/DumbAuthenticator, <clinit>()V >"
"< Application, Lorg/apache/log4j/NDC, setMaxDepth(I)V >"
"< Application, Lorg/apache/log4j/NDC, inherit(Ljava/util/Stack;)V >"
"< Application, Lorg/apache/log4j/Priority, toPriority(Ljava/lang/String;)Lorg/apache/log4j/Priority; >"
"< Application, Lorg/apache/log4j/Category, getInstance(Ljava/lang/String;)Lorg/apache/log4j/Category; >"
"< Application, Lorg/apache/log4j/net/SocketServer, <clinit>()V >"
"< Application, Lorg/apache/log4j/BasicConfigurator, <clinit>()V >"
"< Application, Lorg/apache/log4j/xml/DOMConfigurator, <clinit>()V >"
"< Application, Lorg/apache/log4j/config/PropertySetter, setProperties(Ljava/lang/Object;Ljava/util/Properties;Ljava/lang/String;)V >"
"< Application, Lorg/apache/log4j/config/PropertyPrinter, main([Ljava/lang/String;)V >"
"< Application, Lorg/apache/log4j/varia/Roller, main([Ljava/lang/String;)V >"
"< Application, Lorg/apache/log4j/net/SocketServer, init(Ljava/lang/String;Ljava/lang/String;Ljava/lang/String;)V >"
"< Application, Lorg/apache/log4j/HTMLLayout, <clinit>()V >"
"< Application, Lweblech/util/Logger, <clinit>()V >"
"< Application, Lorg/apache/log4j/config/PropertyGetter, class$(Ljava/lang/String;)Ljava/lang/Class; >"
"< Application, Lorg/apache/log4j/helpers/PatternParser, class$(Ljava/lang/String;)Ljava/lang/Class; >"
"< Application, Lorg/apache/log4j/helpers/Loader, getResource(Ljava/lang/String;Ljava/lang/Class;)Ljava/net/URL; >"
"< Application, Lorg/apache/log4j/helpers/OptionConverter, instantiateByClassName(Ljava/lang/String;Ljava/lang/Class;Ljava/lang/Object;)Ljava/lang/Object; >"
"< Application, Lorg/apache/log4j/helpers/OptionConverter, concatanateArrays([Ljava/lang/String;[Ljava/lang/String;)[Ljava/lang/String; >"
"< Application, Lorg/apache/log4j/Priority, toPriority(I)Lorg/apache/log4j/Priority; >"
"< Application, Lweblech/spider/URLGetter, <clinit>()V >"
"< Application, Lorg/apache/log4j/varia/Roller, usage(Ljava/lang/String;)V >"
"< Application, Lorg/apache/log4j/helpers/OptionConverter, toBoolean(Ljava/lang/String;Z)Z >"
"< Application, Lorg/apache/log4j/xml/DOMConfigurator, configureAndWatch(Ljava/lang/String;)V >"
"< Application, Lorg/apache/log4j/xml/DOMConfigurator, class$(Ljava/lang/String;)Ljava/lang/Class; >"
"< Application, Lorg/apache/log4j/Category, getInstance(Ljava/lang/Class;)Lorg/apache/log4j/Category; >"
"< Application, Lorg/apache/log4j/net/SMTPAppender, class$(Ljava/lang/String;)Ljava/lang/Class; >"
"< Application, Lweblech/ui/TextSpider, usage()V >"
"< Application, Lorg/apache/log4j/Layout, <clinit>()V >"
"< Application, Lorg/apache/log4j/helpers/LogLog, warn(Ljava/lang/String;)V >"
"< Application, Lorg/apache/log4j/net/SocketServer, usage(Ljava/lang/String;)V >"
"< Application, Lorg/apache/log4j/net/SimpleSocketServer, <clinit>()V >"
"< Application, Lorg/apache/log4j/Priority, toPriority(Ljava/lang/String;Lorg/apache/log4j/Priority;)Lorg/apache/log4j/Priority; >"
"< Application, Lorg/apache/log4j/Priority, getAllPossiblePriorities()[Lorg/apache/log4j/Priority; >"
"< Application, Lorg/apache/log4j/varia/Roller, <clinit>()V >"
"< Application, Lorg/apache/log4j/BasicConfigurator, configure()V >"
"< Application, Lorg/apache/log4j/net/SimpleSocketServer, main([Ljava/lang/String;)V >"
"< Application, Lorg/apache/log4j/BasicConfigurator, resetConfiguration(Lorg/apache/log4j/Hierarchy;)V >"
"< Application, Lorg/apache/log4j/net/SyslogAppender, getFacilityString(I)Ljava/lang/String; >"
"< Application, Lorg/apache/log4j/net/JMSSink, class$(Ljava/lang/String;)Ljava/lang/Class; >"
"< Application, Lorg/apache/log4j/helpers/LogLog, setQuietMode(Z)V >"
"< Application, Lorg/apache/log4j/helpers/LogLog, debug(Ljava/lang/String;)V >"
"< Application, Lorg/apache/log4j/Priority, toPriority(ILorg/apache/log4j/Priority;)Lorg/apache/log4j/Priority; >"
"< Application, Lorg/apache/log4j/helpers/Loader, resolveName(Ljava/lang/String;Ljava/lang/Class;)Ljava/lang/String; >"
"< Application, Lorg/apache/log4j/Priority, <clinit>()V >"
"< Application, Lorg/apache/log4j/NDC, peek()Ljava/lang/String; >"
"< Application, Lorg/apache/log4j/helpers/Loader, <clinit>()V >"
"< Application, Lorg/apache/log4j/net/JMSSink, usage(Ljava/lang/String;)V >"
"< Application, Lorg/apache/log4j/net/SocketServer, class$(Ljava/lang/String;)Ljava/lang/Class; >"
"< Application, Lorg/apache/log4j/Category, getDefaultHierarchy()Lorg/apache/log4j/Hierarchy; >"
"< Application, Lorg/apache/log4j/BasicConfigurator, disable(Lorg/apache/log4j/Priority;)V >"
"< Application, Lorg/apache/log4j/helpers/LogLog, setInternalDebugging(Z)V >"
"< Application, Lorg/apache/log4j/helpers/LogLog, error(Ljava/lang/String;)V >"
"< Application, Lorg/apache/log4j/spi/LoggingEvent, getStartTime()J >"
"< Application, Lorg/apache/log4j/spi/LoggingEvent, <clinit>()V >"
"< Application, Lorg/apache/log4j/BasicConfigurator, disableInfo()V >"
"< Application, Lweblech/ui/TextSpider, pause(J)V >"
"< Application, Lorg/apache/log4j/helpers/PatternConverter, <clinit>()V >"
"< Application, Lorg/apache/log4j/helpers/OptionConverter, convertSpecialChars(Ljava/lang/String;)Ljava/lang/String; >"
"< Application, Lorg/apache/log4j/PropertyConfigurator, configure(Ljava/net/URL;)V >"
"< Application, Lorg/apache/log4j/PropertyConfigurator, configureAndWatch(Ljava/lang/String;J)V >"
"< Application, Lorg/apache/log4j/NDC, pop()Ljava/lang/String; >"
"< Application, Lorg/apache/log4j/helpers/OptionConverter, toFileSize(Ljava/lang/String;J)J >"
"< Application, Lorg/apache/log4j/NDC, cloneStack()Ljava/util/Stack; >"
"< Application, Lorg/apache/log4j/helpers/OptionConverter, <clinit>()V >"
"< Application, Lorg/apache/log4j/NDC, getDepth()I >"
"< Application, Lorg/apache/log4j/BasicConfigurator, configure(Lorg/apache/log4j/Appender;)V >"
"< Application, Lorg/apache/log4j/config/PropertySetter, class$(Ljava/lang/String;)Ljava/lang/Class; >"
"< Application, Lorg/apache/log4j/helpers/OptionConverter, substVars(Ljava/lang/String;Ljava/util/Properties;)Ljava/lang/String; >"
"< Application, Lorg/apache/log4j/helpers/OptionConverter, toPriority(Ljava/lang/String;Lorg/apache/log4j/Priority;)Lorg/apache/log4j/Priority; >"
"< Application, Lorg/apache/log4j/net/SocketNode, class$(Ljava/lang/String;)Ljava/lang/Class; >"
"< Application, Lorg/apache/log4j/xml/DOMConfigurator, configureAndWatch(Ljava/lang/String;J)V >"
"< Application, Lorg/apache/log4j/PropertyConfigurator, configure(Ljava/util/Properties;)V >"
"< Application, Lorg/apache/log4j/Category, shutdown()V >"
"< Application, Lorg/apache/log4j/net/SocketAppender, access$002(Lorg/apache/log4j/net/SocketAppender;Lorg/apache/log4j/net/SocketAppender$Connector;)Lorg/apache/log4j/net/SocketAppender$Connector; >"
"< Application, Lorg/apache/log4j/varia/Roller, init(Ljava/lang/String;Ljava/lang/String;)V >"
"< Application, Lorg/apache/log4j/PropertyConfigurator, class$(Ljava/lang/String;)Ljava/lang/Class; >"
"< Application, Lweblech/spider/HTMLParser, <clinit>()V >"
"< Application, Lorg/apache/log4j/config/PropertyPrinter, capitalize(Ljava/lang/String;)Ljava/lang/String; >"
"< Application, Lorg/apache/log4j/xml/DOMConfigurator, configure(Ljava/lang/String;)V >"
"< Application, Lorg/apache/log4j/net/SimpleSocketServer, init(Ljava/lang/String;Ljava/lang/String;)V >"
"< Application, Lorg/apache/log4j/helpers/OptionConverter, instantiateByKey(Ljava/util/Properties;Ljava/lang/String;Ljava/lang/Class;Ljava/lang/Object;)Ljava/lang/Object; >"
"< Application, Lorg/apache/log4j/helpers/NullEnumeration, getInstance()Lorg/apache/log4j/helpers/NullEnumeration; >"
"< Application, Lorg/apache/log4j/varia/Roller, roll()V >"
"< Application, Lorg/apache/log4j/BasicConfigurator, class$(Ljava/lang/String;)Ljava/lang/Class; >"
"< Application, Lorg/apache/log4j/Category, <clinit>()V >"
"< Application, Lorg/apache/log4j/helpers/LogLog, <clinit>()V >"
"< Application, Lorg/apache/log4j/NDC, push(Ljava/lang/String;)V >"
"< Application, Lorg/apache/log4j/helpers/LogLog, warn(Ljava/lang/String;Ljava/lang/Throwable;)V >"
"< Application, Lorg/apache/log4j/config/PropertyGetter, <clinit>()V >"
"< Application, Lorg/apache/log4j/Category, getRoot()Lorg/apache/log4j/Category; >"
"< Application, Lorg/apache/log4j/spi/LoggingEvent, class$(Ljava/lang/String;)Ljava/lang/Class; >"
"< Application, Lorg/apache/log4j/xml/DOMConfigurator, configure(Lorg/w3c/dom/Element;)V >"
"< Application, Lweblech/spider/URLObject, <clinit>()V >"
"< Application, Lorg/apache/log4j/BasicConfigurator, resetConfiguration()V >"
"< Application, Lorg/apache/log4j/helpers/LogLog, error(Ljava/lang/String;Ljava/lang/Throwable;)V >"
"< Application, Lorg/apache/log4j/helpers/OptionConverter, findAndSubst(Ljava/lang/String;Ljava/util/Properties;)Ljava/lang/String; >"
"< Application, Lorg/apache/log4j/RollingFileAppenderBeanInfo, class$(Ljava/lang/String;)Ljava/lang/Class; >"
"< Application, Lorg/apache/log4j/NDC, lazyRemove()V >"
