"</mnt/EXSSD/formulog-artifact-evaluation/artifact/case_studies/symeval/benchmarks/shuffle-4/shuffle-4.ll>:main:0"	4
"</mnt/EXSSD/formulog-artifact-evaluation/artifact/case_studies/symeval/benchmarks/shuffle-4/shuffle-4.ll>:main:1"	8
"</mnt/EXSSD/formulog-artifact-evaluation/artifact/case_studies/symeval/benchmarks/shuffle-4/shuffle-4.ll>:main:2"	8
"</mnt/EXSSD/formulog-artifact-evaluation/artifact/case_studies/symeval/benchmarks/shuffle-4/shuffle-4.ll>:main:3"	4
"</mnt/EXSSD/formulog-artifact-evaluation/artifact/case_studies/symeval/benchmarks/shuffle-4/shuffle-4.ll>:main:4"	4
"</mnt/EXSSD/formulog-artifact-evaluation/artifact/case_studies/symeval/benchmarks/shuffle-4/shuffle-4.ll>:main:5"	4
"</mnt/EXSSD/formulog-artifact-evaluation/artifact/case_studies/symeval/benchmarks/shuffle-4/shuffle-4.ll>:main:6"	4
"</mnt/EXSSD/formulog-artifact-evaluation/artifact/case_studies/symeval/benchmarks/shuffle-4/shuffle-4.ll>:main:7"	4
"</mnt/EXSSD/formulog-artifact-evaluation/artifact/case_studies/symeval/benchmarks/shuffle-4/shuffle-4.ll>:main:8"	4
"</mnt/EXSSD/formulog-artifact-evaluation/artifact/case_studies/symeval/benchmarks/shuffle-4/shuffle-4.ll>:main:9"	4
