"</mnt/EXSSD/formulog-artifact-evaluation/artifact/case_studies/symeval/benchmarks/shuffle-4/shuffle-4.ll>:main"	main
"</mnt/EXSSD/formulog-artifact-evaluation/artifact/case_studies/symeval/benchmarks/shuffle-4/shuffle-4.ll>:malloc"	malloc
"</mnt/EXSSD/formulog-artifact-evaluation/artifact/case_studies/symeval/benchmarks/shuffle-4/shuffle-4.ll>:symexec_new_int"	symexec_new_int
"</mnt/EXSSD/formulog-artifact-evaluation/artifact/case_studies/symeval/benchmarks/shuffle-4/shuffle-4.ll>:symexec_assume"	symexec_assume
"</mnt/EXSSD/formulog-artifact-evaluation/artifact/case_studies/symeval/benchmarks/shuffle-4/shuffle-4.ll>:symexec_assert"	symexec_assert
