"</mnt/EXSSD/formulog-artifact-evaluation/artifact/case_studies/symeval/benchmarks/shuffle-4/shuffle-4.ll>:main:19"	4
"</mnt/EXSSD/formulog-artifact-evaluation/artifact/case_studies/symeval/benchmarks/shuffle-4/shuffle-4.ll>:main:23"	8
"</mnt/EXSSD/formulog-artifact-evaluation/artifact/case_studies/symeval/benchmarks/shuffle-4/shuffle-4.ll>:main:24"	4
"</mnt/EXSSD/formulog-artifact-evaluation/artifact/case_studies/symeval/benchmarks/shuffle-4/shuffle-4.ll>:main:28"	8
"</mnt/EXSSD/formulog-artifact-evaluation/artifact/case_studies/symeval/benchmarks/shuffle-4/shuffle-4.ll>:main:29"	4
"</mnt/EXSSD/formulog-artifact-evaluation/artifact/case_studies/symeval/benchmarks/shuffle-4/shuffle-4.ll>:main:32"	4
"</mnt/EXSSD/formulog-artifact-evaluation/artifact/case_studies/symeval/benchmarks/shuffle-4/shuffle-4.ll>:main:33"	8
"</mnt/EXSSD/formulog-artifact-evaluation/artifact/case_studies/symeval/benchmarks/shuffle-4/shuffle-4.ll>:main:34"	4
"</mnt/EXSSD/formulog-artifact-evaluation/artifact/case_studies/symeval/benchmarks/shuffle-4/shuffle-4.ll>:main:39"	4
"</mnt/EXSSD/formulog-artifact-evaluation/artifact/case_studies/symeval/benchmarks/shuffle-4/shuffle-4.ll>:main:45"	4
"</mnt/EXSSD/formulog-artifact-evaluation/artifact/case_studies/symeval/benchmarks/shuffle-4/shuffle-4.ll>:main:50"	4
"</mnt/EXSSD/formulog-artifact-evaluation/artifact/case_studies/symeval/benchmarks/shuffle-4/shuffle-4.ll>:main:53"	4
"</mnt/EXSSD/formulog-artifact-evaluation/artifact/case_studies/symeval/benchmarks/shuffle-4/shuffle-4.ll>:main:54"	4
"</mnt/EXSSD/formulog-artifact-evaluation/artifact/case_studies/symeval/benchmarks/shuffle-4/shuffle-4.ll>:main:60"	8
"</mnt/EXSSD/formulog-artifact-evaluation/artifact/case_studies/symeval/benchmarks/shuffle-4/shuffle-4.ll>:main:61"	4
"</mnt/EXSSD/formulog-artifact-evaluation/artifact/case_studies/symeval/benchmarks/shuffle-4/shuffle-4.ll>:main:64"	4
"</mnt/EXSSD/formulog-artifact-evaluation/artifact/case_studies/symeval/benchmarks/shuffle-4/shuffle-4.ll>:main:66"	8
"</mnt/EXSSD/formulog-artifact-evaluation/artifact/case_studies/symeval/benchmarks/shuffle-4/shuffle-4.ll>:main:67"	4
"</mnt/EXSSD/formulog-artifact-evaluation/artifact/case_studies/symeval/benchmarks/shuffle-4/shuffle-4.ll>:main:70"	4
"</mnt/EXSSD/formulog-artifact-evaluation/artifact/case_studies/symeval/benchmarks/shuffle-4/shuffle-4.ll>:main:71"	8
"</mnt/EXSSD/formulog-artifact-evaluation/artifact/case_studies/symeval/benchmarks/shuffle-4/shuffle-4.ll>:main:72"	4
"</mnt/EXSSD/formulog-artifact-evaluation/artifact/case_studies/symeval/benchmarks/shuffle-4/shuffle-4.ll>:main:76"	4
"</mnt/EXSSD/formulog-artifact-evaluation/artifact/case_studies/symeval/benchmarks/shuffle-4/shuffle-4.ll>:main:77"	8
"</mnt/EXSSD/formulog-artifact-evaluation/artifact/case_studies/symeval/benchmarks/shuffle-4/shuffle-4.ll>:main:78"	4
"</mnt/EXSSD/formulog-artifact-evaluation/artifact/case_studies/symeval/benchmarks/shuffle-4/shuffle-4.ll>:main:83"	4
"</mnt/EXSSD/formulog-artifact-evaluation/artifact/case_studies/symeval/benchmarks/shuffle-4/shuffle-4.ll>:main:89"	4
"</mnt/EXSSD/formulog-artifact-evaluation/artifact/case_studies/symeval/benchmarks/shuffle-4/shuffle-4.ll>:main:95"	4
"</mnt/EXSSD/formulog-artifact-evaluation/artifact/case_studies/symeval/benchmarks/shuffle-4/shuffle-4.ll>:main:98"	8
"</mnt/EXSSD/formulog-artifact-evaluation/artifact/case_studies/symeval/benchmarks/shuffle-4/shuffle-4.ll>:main:99"	4
"</mnt/EXSSD/formulog-artifact-evaluation/artifact/case_studies/symeval/benchmarks/shuffle-4/shuffle-4.ll>:main:102"	4
"</mnt/EXSSD/formulog-artifact-evaluation/artifact/case_studies/symeval/benchmarks/shuffle-4/shuffle-4.ll>:main:103"	8
"</mnt/EXSSD/formulog-artifact-evaluation/artifact/case_studies/symeval/benchmarks/shuffle-4/shuffle-4.ll>:main:104"	4
"</mnt/EXSSD/formulog-artifact-evaluation/artifact/case_studies/symeval/benchmarks/shuffle-4/shuffle-4.ll>:main:107"	4
"</mnt/EXSSD/formulog-artifact-evaluation/artifact/case_studies/symeval/benchmarks/shuffle-4/shuffle-4.ll>:main:113"	4
"</mnt/EXSSD/formulog-artifact-evaluation/artifact/case_studies/symeval/benchmarks/shuffle-4/shuffle-4.ll>:main:117"	4
"</mnt/EXSSD/formulog-artifact-evaluation/artifact/case_studies/symeval/benchmarks/shuffle-4/shuffle-4.ll>:main:120"	4
