"</mnt/EXSSD/formulog-artifact-evaluation/artifact/case_studies/symeval/benchmarks/shuffle-4/shuffle-4.ll>:main:10"	4
"</mnt/EXSSD/formulog-artifact-evaluation/artifact/case_studies/symeval/benchmarks/shuffle-4/shuffle-4.ll>:main:13"	8
"</mnt/EXSSD/formulog-artifact-evaluation/artifact/case_studies/symeval/benchmarks/shuffle-4/shuffle-4.ll>:main:16"	8
"</mnt/EXSSD/formulog-artifact-evaluation/artifact/case_studies/symeval/benchmarks/shuffle-4/shuffle-4.ll>:main:17"	4
"</mnt/EXSSD/formulog-artifact-evaluation/artifact/case_studies/symeval/benchmarks/shuffle-4/shuffle-4.ll>:main:27"	4
"</mnt/EXSSD/formulog-artifact-evaluation/artifact/case_studies/symeval/benchmarks/shuffle-4/shuffle-4.ll>:main:37"	4
"</mnt/EXSSD/formulog-artifact-evaluation/artifact/case_studies/symeval/benchmarks/shuffle-4/shuffle-4.ll>:main:41"	4
"</mnt/EXSSD/formulog-artifact-evaluation/artifact/case_studies/symeval/benchmarks/shuffle-4/shuffle-4.ll>:main:43"	4
"</mnt/EXSSD/formulog-artifact-evaluation/artifact/case_studies/symeval/benchmarks/shuffle-4/shuffle-4.ll>:main:49"	4
"</mnt/EXSSD/formulog-artifact-evaluation/artifact/case_studies/symeval/benchmarks/shuffle-4/shuffle-4.ll>:main:65"	4
"</mnt/EXSSD/formulog-artifact-evaluation/artifact/case_studies/symeval/benchmarks/shuffle-4/shuffle-4.ll>:main:75"	4
"</mnt/EXSSD/formulog-artifact-evaluation/artifact/case_studies/symeval/benchmarks/shuffle-4/shuffle-4.ll>:main:81"	4
"</mnt/EXSSD/formulog-artifact-evaluation/artifact/case_studies/symeval/benchmarks/shuffle-4/shuffle-4.ll>:main:85"	4
"</mnt/EXSSD/formulog-artifact-evaluation/artifact/case_studies/symeval/benchmarks/shuffle-4/shuffle-4.ll>:main:87"	4
"</mnt/EXSSD/formulog-artifact-evaluation/artifact/case_studies/symeval/benchmarks/shuffle-4/shuffle-4.ll>:main:92"	4
"</mnt/EXSSD/formulog-artifact-evaluation/artifact/case_studies/symeval/benchmarks/shuffle-4/shuffle-4.ll>:main:93"	4
"</mnt/EXSSD/formulog-artifact-evaluation/artifact/case_studies/symeval/benchmarks/shuffle-4/shuffle-4.ll>:main:110"	4
"</mnt/EXSSD/formulog-artifact-evaluation/artifact/case_studies/symeval/benchmarks/shuffle-4/shuffle-4.ll>:main:115"	4
"</mnt/EXSSD/formulog-artifact-evaluation/artifact/case_studies/symeval/benchmarks/shuffle-4/shuffle-4.ll>:main:122"	4
