"< Application, Lorg/apache/xalan/res/XSLMessages, <clinit>()V >"
"< Application, Lorg/apache/xalan/templates/ElemNumber, <clinit>()V >"
"< Application, Lorg/apache/xml/dtm/ObjectFactory, <clinit>()V >"
"< Application, Lorg/apache/xml/serializer/SerializerBase, <clinit>()V >"
"< Application, Lorg/apache/regexp/RE, <clinit>()V >"
"< Application, Lorg/apache/xalan/xsltc/compiler/CastExpr, <clinit>()V >"
"< Application, Lorg/apache/xml/serializer/utils/XML11Char, <clinit>()V >"
"< Application, Lorg/dacapo/parser/ConfigFileTokenManager, <clinit>()V >"
"< Application, Lorg/dacapo/parser/Config$1, <clinit>()V >"
"< Application, Lorg/apache/xalan/xsltc/compiler/SyntaxTreeNode, <clinit>()V >"
"< Application, Lorg/apache/xalan/xsltc/compiler/util/TestGenerator, <clinit>()V >"
"< Application, Lorg/apache/xalan/xsltc/compiler/util/ObjectFactory, <clinit>()V >"
"< Application, Lorg/apache/xml/serializer/CharInfo, <clinit>()V >"
"< Application, Lorg/apache/xalan/templates/RedundentExprEliminator, <clinit>()V >"
"< Application, Lorg/dacapo/harness/ChordHarness, <clinit>()V >"
"< Application, Lorg/apache/bcel/verifier/statics/DOUBLE_Upper, <clinit>()V >"
"< Application, Lorg/apache/xalan/xsltc/runtime/SecuritySupport, <clinit>()V >"
"< Application, Lorg/apache/regexp/REDebugCompiler, <clinit>()V >"
"< Application, Lorg/apache/xalan/lib/SecuritySupport, <clinit>()V >"
"< Application, Lorg/dacapo/harness/CommandLineArgs, <clinit>()V >"
"< Application, Lorg/apache/xml/dtm/ref/EmptyIterator, <clinit>()V >"
"< Application, Lorg/apache/xalan/xsltc/runtime/Operators, <clinit>()V >"
"< Application, Lorg/apache/bcel/classfile/Attribute, <clinit>()V >"
"< Application, Lorg/apache/xpath/jaxp/XPathImpl, <clinit>()V >"
"< Application, Lorg/apache/xalan/xsltc/compiler/util/OutlineableChunkStart, <clinit>()V >"
"< Application, Lorg/dacapo/harness/Callback, <clinit>()V >"
"< Application, Lorg/apache/xalan/xsltc/compiler/util/FilterGenerator, <clinit>()V >"
"< Application, Lorg/apache/xalan/xsltc/dom/BitArray, <clinit>()V >"
"< Application, Lorg/dacapo/parser/ConfigFile, <clinit>()V >"
"< Application, Lorg/apache/xpath/functions/SecuritySupport, <clinit>()V >"
"< Application, Lorg/apache/bcel/generic/InstructionFactory, <clinit>()V >"
"< Application, Lorg/apache/xalan/xsltc/compiler/util/OutlineableChunkEnd, <clinit>()V >"
"< Application, Lorg/apache/xml/dtm/ref/ObjectFactory, <clinit>()V >"
"< Application, Lorg/apache/xalan/lib/sql/ObjectFactory, <clinit>()V >"
"< Application, Lorg/apache/bcel/generic/Type, <clinit>()V >"
"< Application, Lorg/apache/bcel/ExceptionConstants, <clinit>()V >"
"< Application, Lorg/apache/xalan/xsltc/dom/NodeSortRecordFactory, <clinit>()V >"
"< Application, Lorg/dacapo/harness/Callback$Mode, <clinit>()V >"
"< Application, Lorg/apache/bcel/classfile/JavaClass, <clinit>()V >"
"< Application, Lorg/dacapo/harness/TestHarness, <clinit>()V >"
"< Application, Lorg/apache/xalan/processor/XSLTAttributeDef, <clinit>()V >"
"< Application, Lorg/apache/xpath/res/XPATHMessages, <clinit>()V >"
"< Application, Lorg/apache/xalan/xsltc/compiler/util/Type, <clinit>()V >"
"< Application, Lorg/apache/xml/dtm/ref/SecuritySupport, <clinit>()V >"
"< Application, Lorg/apache/xalan/lib/ExsltStrings$DocumentHolder, <clinit>()V >"
"< Application, Lorg/apache/xalan/xsltc/compiler/util/CompareGenerator, <clinit>()V >"
"< Application, Lorg/apache/bcel/util/CodeHTML, <clinit>()V >"
"< Application, Lorg/apache/xalan/xsltc/ProcessorVersion, <clinit>()V >"
"< Application, Lorg/apache/xpath/objects/XString, <clinit>()V >"
"< Application, Lorg/apache/xpath/patterns/NodeTest, <clinit>()V >"
"< Application, Lorg/dacapo/harness/Benchmark, <clinit>()V >"
"< Application, Lorg/apache/bcel/classfile/Utility, <clinit>()V >"
"< Application, Lorg/apache/xalan/xsltc/dom/KeyIndex, <clinit>()V >"
"< Application, Lorg/apache/xml/utils/URI, <clinit>()V >"
"< Application, Lorg/apache/xml/dtm/SecuritySupport, <clinit>()V >"
"< Application, Lorg/apache/xml/serializer/dom3/LSSerializerImpl$ThrowableMethods, <clinit>()V >"
"< Application, Lorg/dacapo/parser/ConfigFileConstants, <clinit>()V >"
"< Application, Lorg/apache/xalan/xsltc/runtime/ObjectFactory, <clinit>()V >"
"< Application, Lorg/apache/xalan/xsltc/compiler/LogicalExpr, <clinit>()V >"
"< Application, Lorg/apache/xml/utils/DOMHelper, <clinit>()V >"
"< Application, Lorg/apache/xalan/xslt/ObjectFactory, <clinit>()V >"
"< Application, Lorg/apache/xml/serializer/SerializerConstants, <clinit>()V >"
"< Application, Lorg/apache/xml/utils/XMLChar, <clinit>()V >"
"< Application, Lorg/apache/xalan/lib/sql/QueryParameter, <clinit>()V >"
"< Application, Lorg/apache/xml/serializer/dom3/LSSerializerImpl, <clinit>()V >"
"< Application, Lorg/dacapo/parser/Config, <clinit>()V >"
"< Application, Lorg/apache/xalan/xsltc/compiler/XPathLexer, <clinit>()V >"
"< Application, Lorg/apache/xml/serializer/ToHTMLStream, <clinit>()V >"
"< Application, Lorg/apache/xml/utils/FastStringBuffer, <clinit>()V >"
"< Application, Lorg/apache/commons/cli/PatternOptionBuilder, <clinit>()V >"
"< Application, Lorg/apache/xml/dtm/ref/ExpandedNameTable, <clinit>()V >"
"< Application, Lorg/apache/xalan/templates/FuncKey, <clinit>()V >"
"< Application, Lorg/apache/xml/serializer/utils/XMLChar, <clinit>()V >"
"< Application, Lorg/apache/xalan/xsltc/compiler/SecuritySupport, <clinit>()V >"
"< Application, Lorg/apache/xalan/extensions/ExtensionHandlerGeneral, <clinit>()V >"
"< Application, Lorg/apache/xpath/functions/ObjectFactory, <clinit>()V >"
"< Application, Lorg/apache/xml/serializer/ObjectFactory, <clinit>()V >"
"< Application, Lorg/apache/xalan/lib/sql/ConnectionPoolManager, <clinit>()V >"
"< Application, Lorg/apache/xalan/xsltc/trax/ObjectFactory, <clinit>()V >"
"< Application, Lorg/apache/bcel/verifier/VerificationResult, <clinit>()V >"
"< Application, Lorg/apache/xml/serializer/utils/Utils, <clinit>()V >"
"< Application, Lorg/apache/bcel/generic/InstructionConstants, <clinit>()V >"
"< Application, Lorg/apache/xalan/xsltc/compiler/util/ErrorMsg, <clinit>()V >"
"< Application, Lorg/apache/xml/dtm/Axis, <clinit>()V >"
"< Application, Lorg/apache/xalan/xsltc/cmdline/SecuritySupport, <clinit>()V >"
"< Application, Lorg/apache/xpath/jaxp/XPathExpressionImpl, <clinit>()V >"
"< Application, Lorg/apache/bcel/verifier/statics/LONG_Upper, <clinit>()V >"
"< Application, Lorg/dacapo/harness/Matcher, <clinit>()V >"
"< Application, Lorg/apache/xml/res/XMLMessages, <clinit>()V >"
"< Application, Lorg/apache/xalan/lib/Extensions$DocumentHolder, <clinit>()V >"
"< Application, Lorg/apache/xpath/objects/XNodeSet, <clinit>()V >"
"< Application, Lorg/apache/xml/serializer/SerializerFactory, <clinit>()V >"
"< Application, Lorg/apache/bcel/generic/ReturnaddressType, <clinit>()V >"
"< Application, Lorg/apache/xalan/lib/ObjectFactory, <clinit>()V >"
"< Application, Lorg/apache/xalan/xsltc/compiler/util/AttributeSetMethodGenerator, <clinit>()V >"
"< Application, Lorg/apache/xalan/xsltc/dom/CollatorFactoryBase, <clinit>()V >"
"< Application, Lorg/apache/xalan/lib/ExsltMath, <clinit>()V >"
"< Application, Lorg/apache/bcel/util/InstructionFinder, <clinit>()V >"
"< Application, Lorg/apache/xpath/VariableStack, <clinit>()V >"
"< Application, Lorg/apache/xalan/xsltc/compiler/util/Util, <clinit>()V >"
"< Application, Lorg/apache/xalan/xsltc/runtime/BasisLibrary, <clinit>()V >"
"< Application, Lorg/apache/xalan/extensions/ObjectFactory, <clinit>()V >"
"< Application, Lorg/apache/xml/utils/ThreadControllerWrapper, <clinit>()V >"
"< Application, Lorg/apache/xpath/compiler/Keywords, <clinit>()V >"
"< Application, Lorg/apache/xml/serializer/OutputPropertiesFactory, <clinit>()V >"
"< Application, Lorg/apache/xalan/xsltc/compiler/util/SecuritySupport, <clinit>()V >"
"< Application, Lorg/apache/xpath/objects/XBoolean, <clinit>()V >"
"< Application, Lorg/dacapo/harness/LatexDescriptions, <clinit>()V >"
"< Application, Lorg/apache/xml/dtm/ref/DTMNodeProxy, <clinit>()V >"
"< Application, Lorg/apache/xalan/xsltc/dom/AdaptiveResultTreeImpl, <clinit>()V >"
"< Application, Lorg/apache/bcel/classfile/Unknown, <clinit>()V >"
"< Application, Lorg/apache/xml/utils/StringBufferPool, <clinit>()V >"
"< Application, Lorg/apache/xalan/extensions/MethodResolver, <clinit>()V >"
"< Application, Lorg/apache/xalan/xsltc/compiler/Number, <clinit>()V >"
"< Application, Lorg/apache/xml/dtm/ref/sax2dtm/SAX2DTM, <clinit>()V >"
"< Application, Lorg/apache/xalan/xslt/EnvironmentCheck, <clinit>()V >"
"< Application, Lorg/apache/bcel/verifier/VerifierFactory, <clinit>()V >"
"< Application, Lorg/apache/xalan/xsltc/compiler/BinOpExpr, <clinit>()V >"
"< Application, Lorg/apache/xpath/objects/XMLStringFactoryImpl, <clinit>()V >"
"< Application, Lorg/apache/xalan/xsltc/compiler/ObjectFactory, <clinit>()V >"
"< Application, Lorg/apache/xml/serializer/SecuritySupport, <clinit>()V >"
"< Application, Lorg/apache/xml/serializer/dom3/DOM3TreeWalker, <clinit>()V >"
"< Application, Lorg/apache/xalan/xsltc/dom/NodeCounter, <clinit>()V >"
"< Application, Lorg/apache/xalan/transformer/NumeratorFormatter, <clinit>()V >"
"< Application, Lorg/apache/bcel/generic/InstructionHandle, <clinit>()V >"
"< Application, Lorg/apache/xml/utils/XMLReaderManager, <clinit>()V >"
"< Application, Lorg/apache/xml/serializer/ToStream, <clinit>()V >"
"< Application, Lorg/apache/xml/dtm/DTMManager, <clinit>()V >"
"< Application, Lorg/apache/xml/serializer/utils/URI, <clinit>()V >"
"< Application, Lorg/apache/xml/dtm/ref/sax2dtm/SAX2DTM2, <clinit>()V >"
"< Application, Lorg/apache/xalan/xsltc/cmdline/Compile, <clinit>()V >"
"< Application, Lorg/apache/xpath/compiler/Compiler, <clinit>()V >"
"< Application, Lorg/apache/xalan/xsltc/runtime/output/WriterOutputBuffer, <clinit>()V >"
"< Application, Lorg/apache/bcel/Constants, <clinit>()V >"
"< Application, Lorg/apache/bcel/verifier/structurals/InstConstraintVisitor, <clinit>()V >"
"< Application, Lorg/apache/xalan/xsltc/compiler/XPathParser, <clinit>()V >"
"< Application, Lorg/apache/xml/utils/ObjectFactory, <clinit>()V >"
"< Application, Lorg/apache/bcel/generic/BranchHandle, <clinit>()V >"
"< Application, Lorg/apache/xalan/extensions/SecuritySupport, <clinit>()V >"
"< Application, Lorg/apache/xalan/xsltc/trax/SecuritySupport, <clinit>()V >"
"< Application, Lorg/apache/xalan/xsltc/dom/NodeSortRecord, <clinit>()V >"
"< Application, Lorg/apache/xalan/xsltc/dom/SimpleResultTreeImpl, <clinit>()V >"
"< Application, Lorg/apache/xalan/xsltc/dom/SAXImpl, <clinit>()V >"
"< Application, Lorg/apache/xalan/transformer/TransformerHandlerImpl, <clinit>()V >"
"< Application, Lorg/apache/xpath/compiler/FunctionTable, <clinit>()V >"
"< Application, Lorg/apache/xml/serializer/dom3/NamespaceSupport, <clinit>()V >"
"< Application, Lorg/apache/commons/cli/OptionBuilder, <clinit>()V >"
"< Application, Lorg/dacapo/harness/Callback$1, <clinit>()V >"
"< Application, Lorg/apache/xalan/xslt/SecuritySupport, <clinit>()V >"
"< Application, Lorg/apache/regexp/RECompiler, <clinit>()V >"
"< Application, Lorg/apache/xalan/xsltc/compiler/util/MatchGenerator, <clinit>()V >"
"< Application, Lorg/apache/xalan/xsltc/dom/SingleNodeCounter, <clinit>()V >"
"< Application, Lorg/apache/xml/utils/XMLStringFactoryDefault, <clinit>()V >"
"< Application, Lorg/apache/bcel/Repository, <clinit>()V >"
"< Application, Lorg/apache/xalan/xsltc/dom/ObjectFactory, <clinit>()V >"
"< Application, Lorg/apache/xml/dtm/ref/DTMDocumentImpl, <clinit>()V >"
"< Application, Lorg/apache/xml/utils/SecuritySupport, <clinit>()V >"
"< Application, Lorg/apache/xalan/xsltc/compiler/Constants, <clinit>()V >"
"< Application, Lorg/apache/xml/utils/Context2, <clinit>()V >"
"< Application, Lorg/apache/xml/utils/XML11Char, <clinit>()V >"
"< Application, Lorg/apache/xalan/xsltc/trax/TemplatesImpl, <clinit>()V >"
"< Application, Lorg/dacapo/parser/Config$ThreadModel, <clinit>()V >"
"< Application, Lorg/apache/xalan/xsltc/cmdline/ObjectFactory, <clinit>()V >"
"< Application, Lorg/apache/xalan/xsltc/dom/SecuritySupport, <clinit>()V >"
"< Application, Lorg/apache/xalan/xsltc/compiler/FunctionCall, <clinit>()V >"
"< Application, Lorg/apache/xalan/extensions/ExtensionHandlerExsltFunction, <clinit>()V >"
"< Application, Lorg/dacapo/harness/CommandLineArgs$Methodology, <clinit>()V >"
"< Application, Lorg/apache/xalan/lib/sql/SecuritySupport, <clinit>()V >"
"< Application, Lorg/apache/xml/serializer/Encodings, <clinit>()V >"
