"< Application, Lorg/dacapo/harness/Benchmark, initialize()V >"	1	3
"< Application, Lorg/apache/xalan/transformer/TransformerImpl, postExceptionFromThread(Ljava/lang/Exception;)V >"	2	1
"< Application, Lorg/apache/xalan/xsltc/compiler/XSLTC, compile(Lorg/xml/sax/InputSource;Ljava/lang/String;)Z >"	67	70
"< Application, Lorg/apache/xalan/client/XSLTProcessorApplet$TrustedAgent, run()V >"	22	28
"< Application, Lorg/apache/xalan/transformer/TransformerImpl, setErrorListener(Ljavax/xml/transform/ErrorListener;)V >"	1	4
"< Application, Lorg/apache/xalan/transformer/TransformerImpl, clearParameters()V >"	1	3
"< Application, Lorg/apache/xalan/transformer/TransformerImpl, setURIResolver(Ljavax/xml/transform/URIResolver;)V >"	1	4
"< Application, Lorg/apache/xml/serializer/OutputPropertiesFactory, getDefaultMethodProperties(Ljava/lang/String;)Ljava/util/Properties; >"	1	4
"< Application, Lorg/apache/xml/utils/ObjectFactory, lookUpFactoryClassName(Ljava/lang/String;Ljava/lang/String;Ljava/lang/String;)Ljava/lang/String; >"	34	77
"< Application, Lorg/apache/xalan/transformer/TransformerImpl, transform(Ljavax/xml/transform/Source;Ljavax/xml/transform/Result;Z)V >"	1	6
"< Application, Lorg/apache/xalan/xsltc/trax/ObjectFactory, lookUpFactoryClassName(Ljava/lang/String;Ljava/lang/String;Ljava/lang/String;)Ljava/lang/String; >"	34	77
"< Application, Lorg/apache/xalan/transformer/TransformerImpl, setIsTransformDone(Z)V >"	0	1
"< Application, Lorg/apache/xalan/transformer/TransformerImpl, setOutputProperties(Ljava/util/Properties;)V >"	1	4
"< Application, Lorg/apache/xalan/transformer/TransformerImpl, transformNode(I)V >"	3	7
"< Application, Lorg/apache/xalan/xsltc/cmdline/ObjectFactory, lookUpFactoryClassName(Ljava/lang/String;Ljava/lang/String;Ljava/lang/String;)Ljava/lang/String; >"	34	77
"< Application, Lorg/apache/xalan/client/XSLTProcessorApplet$TrustedAgent, run()V >"	49	52
"< Application, Lorg/dacapo/harness/Benchmark, initialize()V >"	23	20
"< Application, Lorg/apache/xalan/client/XSLTProcessorApplet, getTreeAsText(Ljava/lang/String;)Ljava/lang/String; >"	8	9
"< Application, Lorg/apache/xalan/transformer/TransformerImpl, isTransformDone()Z >"	0	1
"< Application, Lorg/apache/xalan/lib/ExsltStrings, split(Ljava/lang/String;Ljava/lang/String;)Lorg/w3c/dom/NodeList; >"	16	25
"< Application, Lorg/apache/xalan/client/XSLTProcessorApplet, getHtmlText()Ljava/lang/String; >"	5	7
"< Application, Lorg/apache/xalan/extensions/ObjectFactory, lookUpFactoryClassName(Ljava/lang/String;Ljava/lang/String;Ljava/lang/String;)Ljava/lang/String; >"	34	77
"< Application, Lorg/apache/xalan/xsltc/runtime/ObjectFactory, lookUpFactoryClassName(Ljava/lang/String;Ljava/lang/String;Ljava/lang/String;)Ljava/lang/String; >"	34	77
"< Application, Lorg/apache/xalan/lib/Extensions, tokenize(Ljava/lang/String;Ljava/lang/String;)Lorg/w3c/dom/NodeList; >"	5	5
"< Application, Lorg/apache/xalan/lib/ExsltStrings, tokenize(Ljava/lang/String;Ljava/lang/String;)Lorg/w3c/dom/NodeList; >"	24	11
"< Application, Lorg/apache/xml/serializer/ObjectFactory, lookUpFactoryClassName(Ljava/lang/String;Ljava/lang/String;Ljava/lang/String;)Ljava/lang/String; >"	34	77
"< Application, Lorg/apache/xalan/lib/ObjectFactory, lookUpFactoryClassName(Ljava/lang/String;Ljava/lang/String;Ljava/lang/String;)Ljava/lang/String; >"	34	77
"< Application, Lorg/apache/xalan/client/XSLTProcessorApplet$TrustedAgent, run()V >"	36	37
"< Application, Lorg/apache/xalan/client/XSLTProcessorApplet, getSource()Ljava/lang/String; >"	9	13
"< Application, Lorg/apache/xalan/lib/sql/ObjectFactory, lookUpFactoryClassName(Ljava/lang/String;Ljava/lang/String;Ljava/lang/String;)Ljava/lang/String; >"	34	77
"< Application, Lorg/apache/xalan/xsltc/dom/ObjectFactory, lookUpFactoryClassName(Ljava/lang/String;Ljava/lang/String;Ljava/lang/String;)Ljava/lang/String; >"	34	77
"< Application, Lorg/apache/xalan/xslt/ObjectFactory, lookUpFactoryClassName(Ljava/lang/String;Ljava/lang/String;Ljava/lang/String;)Ljava/lang/String; >"	34	77
"< Application, Lorg/apache/xalan/client/XSLTProcessorApplet, processTransformation()Ljava/lang/String; >"	2	6
"< Application, Lorg/apache/xalan/lib/ExsltStrings, tokenize(Ljava/lang/String;Ljava/lang/String;)Lorg/w3c/dom/NodeList; >"	8	32
"< Application, Lorg/apache/xpath/functions/ObjectFactory, lookUpFactoryClassName(Ljava/lang/String;Ljava/lang/String;Ljava/lang/String;)Ljava/lang/String; >"	34	77
"< Application, Lorg/apache/xalan/xsltc/trax/TemplatesHandlerImpl, endDocument()V >"	49	58
"< Application, Lorg/apache/xalan/xsltc/compiler/util/ObjectFactory, lookUpFactoryClassName(Ljava/lang/String;Ljava/lang/String;Ljava/lang/String;)Ljava/lang/String; >"	34	77
"< Application, Lorg/apache/xml/dtm/ObjectFactory, lookUpFactoryClassName(Ljava/lang/String;Ljava/lang/String;Ljava/lang/String;)Ljava/lang/String; >"	34	77
"< Application, Lorg/apache/xalan/transformer/TransformerImpl, setOutputProperty(Ljava/lang/String;Ljava/lang/String;)V >"	1	5
"< Application, Lorg/apache/xalan/client/XSLTProcessorApplet, start()V >"	23	28
"< Application, Lorg/apache/xml/dtm/ref/ObjectFactory, lookUpFactoryClassName(Ljava/lang/String;Ljava/lang/String;Ljava/lang/String;)Ljava/lang/String; >"	34	77
"< Application, Lorg/apache/xalan/xsltc/compiler/ObjectFactory, lookUpFactoryClassName(Ljava/lang/String;Ljava/lang/String;Ljava/lang/String;)Ljava/lang/String; >"	34	77
