"< Application, Lorg/dacapo/harness/DacapoClassLoader, create(Lorg/dacapo/parser/Config;Ljava/io/File;)Lorg/dacapo/harness/DacapoClassLoader; >"	5	13	6
"< Application, Lorg/apache/bcel/verifier/structurals/LocalVariables, initializeObject(Lorg/apache/bcel/verifier/structurals/UninitializedObjectType;)V >"	10	6	5
"< Application, Lorg/apache/bcel/generic/PUTSTATIC, getExceptions()[Ljava/lang/Class; >"	9	14	13
"< Application, Lorg/apache/xalan/extensions/ExtensionHandlerJavaClass, callFunction(Ljava/lang/String;Ljava/util/Vector;Ljava/lang/Object;Lorg/apache/xalan/extensions/ExpressionContext;)Ljava/lang/Object; >"	70	23	20
"< Application, Lorg/apache/bcel/classfile/Utility, printArray([Ljava/lang/Object;Z)Ljava/lang/String; >"	14	21	1
"< Application, Lorg/apache/bcel/verifier/structurals/Subroutines, noRecursiveCalls(Lorg/apache/bcel/verifier/structurals/Subroutine;Ljava/util/HashSet;)V >"	36	8	6
"< Application, Lorg/apache/xpath/objects/XStringForFSB, getChars(II[CI)V >"	5	11	4
"< Application, Lorg/apache/xml/utils/XMLChar, <clinit>()V >"	793	1013	34
"< Application, Lorg/apache/xpath/axes/UnionPathIterator, fixupVariables(Ljava/util/Vector;I)V >"	2	7	6
"< Application, Lorg/apache/xpath/objects/XStringForFSB, getChars(II[CI)V >"	8	13	4
"< Application, Lorg/apache/bcel/generic/MULTIANEWARRAY, getExceptions()[Ljava/lang/Class; >"	1	5	4
"< Application, Lorg/apache/bcel/generic/MethodGen, removeNOPs()V >"	28	18	17
"< Application, Lorg/apache/bcel/generic/ConstantPoolGen, <init>([Lorg/apache/bcel/classfile/Constant;)V >"	32	28	2
"< Application, Lorg/dacapo/parser/ParseException, initialise(Lorg/dacapo/parser/Token;[[I[Ljava/lang/String;)Ljava/lang/String; >"	100	147	2
"< Application, Lorg/apache/xpath/axes/PredicatedNodeTest, deepEquals(Lorg/apache/xpath/Expression;)Z >"	7	12	11
"< Application, Lorg/apache/bcel/verifier/statics/LocalVariablesInfo, add(ILjava/lang/String;IILorg/apache/bcel/generic/Type;)V >"	2	10	9
"< Application, Lorg/apache/xpath/axes/UnionChildIterator, fixupVariables(Ljava/util/Vector;I)V >"	5	10	9
"< Application, Lorg/apache/xml/serializer/ToTextSAXHandler, comment(Ljava/lang/String;)V >"	2	7	6
"< Application, Lorg/apache/bcel/verifier/statics/Pass3aVerifier$InstOperandConstraintVisitor, visitINVOKEINTERFACE(Lorg/apache/bcel/generic/INVOKEINTERFACE;)V >"	29	13	10
"< Application, Lorg/apache/xml/serializer/ToUnknownStream, firePseudoElement(Ljava/lang/String;)V >"	9	20	16
"< Application, Lorg/apache/bcel/generic/PUTFIELD, getExceptions()[Ljava/lang/Class; >"	6	11	10
"< Application, Lorg/apache/xalan/xslt/Process, main([Ljava/lang/String;)V >"	35	49	1
"< Application, Lorg/apache/bcel/util/CodeHTML, writeMethod(Lorg/apache/bcel/classfile/Method;I)V >"	157	261	212
"< Application, Lorg/apache/xml/utils/FastStringBuffer, append(Ljava/lang/StringBuffer;)V >"	25	27	26
"< Application, Lorg/apache/bcel/classfile/DescendingVisitor, visitConstantPool(Lorg/apache/bcel/classfile/ConstantPool;)V >"	12	12	10
"< Application, Lorg/apache/bcel/util/CodeHTML, writeMethod(Lorg/apache/bcel/classfile/Method;I)V >"	42	71	9
"< Application, Lorg/apache/xalan/xslt/EnvironmentCheck, main([Ljava/lang/String;)V >"	10	14	1
"< Application, Lorg/apache/xalan/xslt/Process, main([Ljava/lang/String;)V >"	128	183	1
"< Application, Lorg/apache/bcel/generic/InstructionList, setPositions(Z)V >"	52	21	20
"< Application, Lorg/apache/xml/serializer/ToSAXHandler, characters(Ljava/lang/String;)V >"	2	7	6
"< Application, Lorg/apache/bcel/util/MethodHTML, writeMethod(Lorg/apache/bcel/classfile/Method;I)V >"	41	86	9
"< Application, Lorg/apache/bcel/verifier/structurals/LocalVariables, clone()Ljava/lang/Object; >"	2	5	4
"< Application, Lorg/apache/xalan/xsltc/compiler/util/ClassGenerator, addMethod(Lorg/apache/xalan/xsltc/compiler/util/MethodGenerator;)V >"	2	7	5
"< Application, Lorg/apache/xalan/xsltc/compiler/Mode, prepareTestSequences()V >"	24	31	30
"< Application, Lorg/apache/xalan/xslt/Process, main([Ljava/lang/String;)V >"	162	205	1
"< Application, Lorg/apache/xalan/xslt/Process, main([Ljava/lang/String;)V >"	303	303	1
"< Application, Lorg/apache/xpath/axes/OneStepIterator, countProximityPosition(I)V >"	5	8	7
"< Application, Lorg/apache/xalan/xsltc/runtime/AbstractTranslet, postInitialization()V >"	3	6	5
"< Application, Lorg/apache/bcel/generic/ClassGen, setMethods([Lorg/apache/bcel/classfile/Method;)V >"	7	7	2
"< Application, Lorg/apache/bcel/verifier/statics/Pass3aVerifier$InstOperandConstraintVisitor, objarrayequals([Ljava/lang/Object;[Ljava/lang/Object;)Z >"	1	6	3
"< Application, Lorg/apache/xml/serializer/ToStream, characters(Ljava/lang/String;)V >"	7	10	9
"< Application, Lorg/apache/xalan/xsltc/dom/SortingIterator, addRecord(Lorg/apache/xalan/xsltc/dom/NodeSortRecord;)V >"	5	8	7
"< Application, Lorg/apache/xalan/xsltc/dom/SAXImpl, getMapping([Ljava/lang/String;[Ljava/lang/String;[I)[S >"	4	8	2
"< Application, Lorg/apache/bcel/generic/ANEWARRAY, getExceptions()[Ljava/lang/Class; >"	6	11	10
"< Application, Lorg/dacapo/harness/Benchmark, preIteration(Ljava/lang/String;)V >"	8	13	9
"< Application, Lorg/apache/xml/serializer/dom3/DOM3TreeWalker, isWFXMLChar(Ljava/lang/String;)Ljava/lang/Character; >"	5	10	9
"< Application, Lorg/apache/xalan/extensions/ExtensionHandlerJavaPackage, isElementAvailable(Ljava/lang/String;)Z >"	11	23	22
"< Application, Lorg/apache/xalan/xsltc/dom/AdaptiveResultTreeImpl, comment(Ljava/lang/String;)V >"	6	12	9
"< Application, Lorg/apache/bcel/verifier/statics/Pass2Verifier$CPESSC_Visitor, visitCode(Lorg/apache/bcel/classfile/Code;)V >"	372	203	202
"< Application, Lorg/apache/bcel/verifier/NativeVerifier, main([Ljava/lang/String;)V >"	0	3	1
"< Application, Lorg/apache/xalan/templates/ElemExsltFunction, execute(Lorg/apache/xalan/transformer/TransformerImpl;[Lorg/apache/xpath/objects/XObject;)V >"	6	15	3
"< Application, Lorg/apache/regexp/RE, grep([Ljava/lang/Object;)[Ljava/lang/String; >"	10	7	2
"< Application, Lorg/apache/xpath/compiler/Lexer, mapPatternElemPos(IZZ)Z >"	7	12	11
"< Application, Lorg/apache/xml/dtm/ref/DTMStringPool, main([Ljava/lang/String;)V >"	48	90	4
"< Application, Lorg/apache/xalan/extensions/MethodResolver, getMethod(Ljava/lang/Class;Ljava/lang/String;[Ljava/lang/Object;[[Ljava/lang/Object;Lorg/apache/xalan/extensions/ExpressionContext;I)Ljava/lang/reflect/Method; >"	23	33	32
"< Application, Lorg/apache/xalan/xsltc/compiler/util/MethodGenerator, mergeAdjacentChunks([Lorg/apache/xalan/xsltc/compiler/util/MethodGenerator$Chunk;)Ljava/util/ArrayList; >"	34	37	2
"< Application, Lorg/apache/xpath/axes/PredicatedNodeTest, getPredicateCount()I >"	6	9	8
"< Application, Lorg/apache/xpath/axes/UnionPathIterator, detach()V >"	5	8	7
"< Application, Lorg/apache/bcel/classfile/JavaClass, dump(Ljava/io/DataOutputStream;)V >"	47	44	43
"< Application, Lorg/apache/xml/dtm/ref/sax2dtm/SAX2DTM2$TypedAncestorIterator, setStartNode(I)Lorg/apache/xml/dtm/DTMAxisIterator; >"	38	66	65
"< Application, Lorg/apache/bcel/util/Class2HTML, main([Ljava/lang/String;)V >"	0	3	1
"< Application, Lorg/apache/xalan/extensions/MethodResolver, errArgs([Ljava/lang/Object;I)Ljava/lang/String; >"	3	6	1
"< Application, Lorg/apache/xalan/xsltc/compiler/FunctionCall, findMethods()Ljava/util/Vector; >"	27	44	43
"< Application, Lorg/apache/bcel/classfile/JavaClass, copy()Lorg/apache/bcel/classfile/JavaClass; >"	62	53	52
"< Application, Lorg/apache/xpath/functions/FuncConcat, execute(Lorg/apache/xpath/XPathContext;)Lorg/apache/xpath/objects/XObject; >"	20	32	31
"< Application, Lorg/dacapo/harness/FileDigest, main([Ljava/lang/String;)V >"	36	51	1
"< Application, Lorg/apache/bcel/classfile/JavaClass, copy()Lorg/apache/bcel/classfile/JavaClass; >"	49	50	49
"< Application, Lorg/apache/xalan/extensions/MethodResolver, scoreMatch([Ljava/lang/Class;I[Ljava/lang/Object;I)I >"	4	8	1
"< Application, Lorg/dacapo/harness/FileDigest, main([Ljava/lang/String;)V >"	1	5	1
"< Application, Lorg/apache/bcel/generic/INVOKESTATIC, getExceptions()[Ljava/lang/Class; >"	9	14	13
"< Application, Lorg/apache/xml/dtm/ref/sax2dtm/SAX2DTM2$AncestorIterator, setStartNode(I)Lorg/apache/xml/dtm/DTMAxisIterator; >"	26	25	24
"< Application, Lorg/apache/xml/serializer/ToTextStream, characters(Ljava/lang/String;)V >"	2	7	6
"< Application, Lorg/apache/xpath/axes/UnionPathIterator, nextNode()I >"	6	9	8
"< Application, Lorg/apache/xalan/xsltc/cmdline/Transform, main([Ljava/lang/String;)V >"	0	3	1
"< Application, Lorg/apache/xalan/extensions/MethodResolver, getConstructor(Ljava/lang/Class;[Ljava/lang/Object;[[Ljava/lang/Object;Lorg/apache/xalan/extensions/ExpressionContext;)Ljava/lang/reflect/Constructor; >"	1	9	8
"< Application, Lorg/apache/xml/utils/res/StringArrayWrapper, getLength()I >"	1	4	3
"< Application, Lorg/apache/xml/utils/XMLChar, <clinit>()V >"	643	896	21
"< Application, Lorg/apache/xalan/xsltc/dom/SimpleResultTreeImpl, characters([CII)V >"	2	8	7
"< Application, Lorg/apache/xpath/patterns/UnionPattern, deepEquals(Lorg/apache/xpath/Expression;)Z >"	7	12	11
"< Application, Lorg/apache/xml/dtm/ref/DTMManagerDefault, getDTMIdentity(Lorg/apache/xml/dtm/DTM;)I >"	10	7	6
"< Application, Lorg/apache/xalan/xsltc/cmdline/Compile, main([Ljava/lang/String;)V >"	46	43	40
"< Application, Lorg/apache/bcel/generic/Select, updateTarget(Lorg/apache/bcel/generic/InstructionHandle;Lorg/apache/bcel/generic/InstructionHandle;)V >"	13	11	10
"< Application, Lorg/apache/bcel/generic/INVOKEINTERFACE, getExceptions()[Ljava/lang/Class; >"	1	5	4
"< Application, Lorg/apache/bcel/verifier/structurals/InstConstraintVisitor, visitINVOKEINTERFACE(Lorg/apache/bcel/generic/INVOKEINTERFACE;)V >"	28	50	49
"< Application, Lorg/apache/xml/dtm/ref/DTMDefaultBase, ensureSizeOfIndex(II)V >"	7	8	7
"< Application, Lorg/apache/xalan/transformer/NumeratorFormatter, int2alphaCount(I[C)Ljava/lang/String; >"	0	5	3
"< Application, Lorg/dacapo/harness/LatexDescriptions, print([Ljava/lang/String;Ljava/io/PrintStream;)V >"	0	4	1
"< Application, Lorg/apache/xalan/templates/TemplateList, setTemplate(Lorg/apache/xalan/templates/ElemTemplate;)V >"	43	53	52
"< Application, Lorg/apache/bcel/verifier/structurals/Subroutines, <init>(Lorg/apache/bcel/generic/MethodGen;)V >"	196	165	12
"< Application, Lorg/apache/xalan/xsltc/runtime/BasisLibrary, copy(Ljava/lang/Object;Lorg/apache/xml/serializer/SerializationHandler;ILorg/apache/xalan/xsltc/DOM;)V >"	21	15	14
"< Application, Lorg/apache/xalan/xsltc/compiler/FunctionAvailableCall, hasMethods()Z >"	42	59	58
"< Application, Lorg/apache/xml/dtm/ref/sax2dtm/SAX2DTM2$AncestorIterator, setStartNode(I)Lorg/apache/xml/dtm/DTMAxisIterator; >"	33	32	31
"< Application, Lorg/apache/bcel/verifier/structurals/InstConstraintVisitor, visitGETFIELD(Lorg/apache/bcel/generic/GETFIELD;)V >"	29	37	35
"< Application, Lorg/apache/bcel/generic/PUTFIELD, getExceptions()[Ljava/lang/Class; >"	9	14	13
"< Application, Lorg/apache/xalan/xsltc/dom/SimpleResultTreeImpl, characters(Ljava/lang/String;)V >"	10	15	14
"< Application, Lorg/apache/bcel/generic/ClassGen, <init>(Lorg/apache/bcel/classfile/JavaClass;)V >"	67	61	41
"< Application, Lorg/apache/xml/serializer/ToHTMLStream$Trie, get(Ljava/lang/String;)Ljava/lang/Object; >"	2	7	6
"< Application, Lorg/apache/xalan/processor/XSLTElementDef, getProcessorFor(Ljava/lang/String;Ljava/lang/String;)Lorg/apache/xalan/processor/XSLTElementProcessor; >"	4	8	7
"< Application, Lorg/apache/bcel/generic/MethodGen, <init>(ILorg/apache/bcel/generic/Type;[Lorg/apache/bcel/generic/Type;[Ljava/lang/String;Ljava/lang/String;Ljava/lang/String;Lorg/apache/bcel/generic/InstructionList;Lorg/apache/bcel/generic/ConstantPoolGen;)V >"	35	45	4
"< Application, Lorg/apache/xalan/xsltc/compiler/util/MethodGenerator, outline(Lorg/apache/bcel/generic/InstructionHandle;Lorg/apache/bcel/generic/InstructionHandle;Ljava/lang/String;Lorg/apache/xalan/xsltc/compiler/util/ClassGenerator;)Lorg/apache/bcel/classfile/Method; >"	324	448	447
"< Application, Lorg/apache/xalan/xsltc/compiler/util/MethodGenerator, setMaxLocals()V >"	5	9	6
"< Application, Lorg/apache/xalan/templates/ElemNumber, int2alphaCount(JLorg/apache/xml/utils/res/CharArrayWrapper;Lorg/apache/xml/utils/FastStringBuffer;)V >"	41	45	20
"< Application, Lorg/apache/xalan/xsltc/dom/NodeSortRecordFactory, <init>(Lorg/apache/xalan/xsltc/DOM;Ljava/lang/String;Lorg/apache/xalan/xsltc/Translet;[Ljava/lang/String;[Ljava/lang/String;[Ljava/lang/String;[Ljava/lang/String;)V >"	29	37	5
"< Application, Lorg/apache/bcel/generic/MethodGen, getMethod()Lorg/apache/bcel/classfile/Method; >"	37	39	38
"< Application, Lorg/apache/xpath/patterns/UnionPattern, callVisitors(Lorg/apache/xpath/ExpressionOwner;Lorg/apache/xpath/XPathVisitor;)V >"	4	10	9
"< Application, Lorg/apache/xml/dtm/ref/DTMDefaultBaseIterators$PrecedingIterator, setStartNode(I)Lorg/apache/xml/dtm/DTMAxisIterator; >"	23	29	28
"< Application, Lorg/apache/bcel/verifier/structurals/Subroutines$SubroutineImpl, getRecursivelyAccessedLocalsIndices()[I >"	10	8	6
"< Application, Lorg/apache/xpath/axes/PredicatedNodeTest, deepEquals(Lorg/apache/xpath/Expression;)Z >"	11	15	14
"< Application, Lorg/apache/xml/dtm/ref/ExpandedNameTable, getExpandedTypeID(Ljava/lang/String;Ljava/lang/String;IZ)I >"	47	46	45
"< Application, Lorg/apache/bcel/generic/MethodGen, getMethod()Lorg/apache/bcel/classfile/Method; >"	49	63	17
"< Application, Lorg/apache/bcel/classfile/Utility, decode(Ljava/lang/String;Z)[B >"	20	25	20
"< Application, Lorg/apache/xalan/xsltc/dom/MultiValuedNodeHeapIterator, cloneIterator()Lorg/apache/xml/dtm/DTMAxisIterator; >"	2	5	4
"< Application, Lorg/apache/xml/utils/res/CharArrayWrapper, getLength()I >"	1	4	3
"< Application, Lorg/apache/bcel/verifier/structurals/ExceptionHandlers, <init>(Lorg/apache/bcel/generic/MethodGen;)V >"	33	10	8
"< Application, Lorg/apache/xalan/extensions/MethodResolver, convertParams([Ljava/lang/Object;[[Ljava/lang/Object;[Ljava/lang/Class;Lorg/apache/xalan/extensions/ExpressionContext;)V >"	3	7	3
"< Application, Lorg/apache/xml/utils/NodeVector, clone()Ljava/lang/Object; >"	14	17	16
"< Application, Lorg/apache/xalan/extensions/ExtensionHandlerJavaClass, isElementAvailable(Ljava/lang/String;)Z >"	2	7	6
"< Application, Lorg/apache/xalan/xsltc/dom/NodeSortRecord, initialize(IILorg/apache/xalan/xsltc/DOM;Lorg/apache/xalan/xsltc/dom/SortSettings;)V >"	5	9	8
"< Application, Lorg/dacapo/parser/ParseException, initialise(Lorg/dacapo/parser/Token;[[I[Ljava/lang/String;)Ljava/lang/String; >"	25	33	32
"< Application, Lorg/apache/bcel/util/CodeHTML, findGotos(Lorg/apache/bcel/util/ByteSequence;Lorg/apache/bcel/classfile/Method;Lorg/apache/bcel/classfile/Code;)V >"	43	46	45
"< Application, Lorg/apache/bcel/verifier/VerifierAppFrame, verify()V >"	76	39	38
"< Application, Lorg/apache/xpath/patterns/UnionPattern, canTraverseOutsideSubtree()Z >"	3	6	5
"< Application, Lorg/apache/xpath/axes/UnionPathIterator, callVisitors(Lorg/apache/xpath/ExpressionOwner;Lorg/apache/xpath/XPathVisitor;)V >"	5	11	10
"< Application, Lorg/apache/bcel/util/ClassLoader, <init>([Ljava/lang/String;)V >"	16	22	21
"< Application, Lorg/apache/bcel/generic/MethodGen, <init>(Lorg/apache/bcel/classfile/Method;Ljava/lang/String;Lorg/apache/bcel/generic/ConstantPoolGen;)V >"	109	114	113
"< Application, Lorg/apache/bcel/verifier/structurals/LocalVariables, merge(Lorg/apache/bcel/verifier/structurals/LocalVariables;)V >"	13	10	9
"< Application, Lorg/apache/xalan/xsltc/compiler/util/MethodGenerator, outline(Lorg/apache/bcel/generic/InstructionHandle;Lorg/apache/bcel/generic/InstructionHandle;Ljava/lang/String;Lorg/apache/xalan/xsltc/compiler/util/ClassGenerator;)Lorg/apache/bcel/classfile/Method; >"	351	476	475
"< Application, Lorg/apache/bcel/classfile/DescendingVisitor, visitJavaClass(Lorg/apache/bcel/classfile/JavaClass;)V >"	10	12	10
"< Application, Lorg/apache/xalan/xsltc/trax/TemplatesImpl$TransletClassLoader, defineClass([B)Ljava/lang/Class; >"	0	6	2
"< Application, Lorg/apache/bcel/classfile/JavaClass, toString()Ljava/lang/String; >"	116	184	183
"< Application, Lorg/apache/bcel/generic/GETSTATIC, getExceptions()[Ljava/lang/Class; >"	1	5	4
"< Application, Lorg/apache/xalan/xsltc/dom/SAXImpl, getNamespaceMapping([Ljava/lang/String;)[S >"	0	4	2
"< Application, Lorg/apache/bcel/generic/MethodGen, setMaxLocals()V >"	16	12	11
"< Application, Lorg/apache/xml/serializer/ToHTMLStream$Trie, getLongestKeyLength()I >"	1	4	3
"< Application, Lorg/apache/xalan/xsltc/compiler/util/MethodGenerator, outline(Lorg/apache/bcel/generic/InstructionHandle;Lorg/apache/bcel/generic/InstructionHandle;Ljava/lang/String;Lorg/apache/xalan/xsltc/compiler/util/ClassGenerator;)Lorg/apache/bcel/classfile/Method; >"	329	452	451
"< Application, Lorg/apache/bcel/generic/InstructionList, redirectExceptionHandlers([Lorg/apache/bcel/generic/CodeExceptionGen;Lorg/apache/bcel/generic/InstructionHandle;Lorg/apache/bcel/generic/InstructionHandle;)V >"	18	7	2
"< Application, Lorg/apache/xalan/xsltc/compiler/Mode, compileApplyImports(Lorg/apache/xalan/xsltc/compiler/util/ClassGenerator;II)V >"	266	277	217
"< Application, Lorg/apache/xalan/xslt/Process, main([Ljava/lang/String;)V >"	474	461	1
"< Application, Lorg/apache/xml/utils/NodeVector, clone()Ljava/lang/Object; >"	8	11	10
"< Application, Lorg/apache/bcel/verifier/structurals/ExecutionVisitor, visitINVOKEVIRTUAL(Lorg/apache/bcel/generic/INVOKEVIRTUAL;)V >"	9	12	11
"< Application, Lorg/apache/bcel/verifier/statics/Pass2Verifier$CPESSC_Visitor, visitField(Lorg/apache/bcel/classfile/Field;)V >"	206	177	176
"< Application, Lorg/apache/bcel/generic/NEW, getExceptions()[Ljava/lang/Class; >"	9	14	13
"< Application, Lorg/apache/xml/utils/XMLChar, <clinit>()V >"	654	904	25
"< Application, Lorg/apache/bcel/generic/INVOKEVIRTUAL, getExceptions()[Ljava/lang/Class; >"	1	5	4
"< Application, Lorg/apache/bcel/generic/PUTSTATIC, getExceptions()[Ljava/lang/Class; >"	6	11	10
"< Application, Lorg/apache/bcel/util/MethodHTML, writeMethod(Lorg/apache/bcel/classfile/Method;I)V >"	77	160	152
"< Application, Lorg/apache/xml/serializer/ToStream, firePseudoAttributes()V >"	16	27	24
"< Application, Lorg/apache/xml/dtm/ref/DTMDefaultBase, findElementFromIndex(III)I >"	6	10	9
"< Application, Lorg/apache/bcel/generic/InstructionList, <init>([B)V >"	6	9	2
"< Application, Lorg/dacapo/harness/LatexDescriptions, print([Ljava/lang/String;Ljava/io/PrintStream;)V >"	3	7	1
"< Application, Lorg/apache/bcel/verifier/Verifier, main([Ljava/lang/String;)V >"	84	135	134
"< Application, Lorg/apache/xpath/res/XPATHMessages, createXPATHMsg(Ljava/util/ListResourceBundle;Ljava/lang/String;[Ljava/lang/Object;)Ljava/lang/String; >"	7	16	3
"< Application, Lorg/apache/bcel/verifier/VerifyDialog, main([Ljava/lang/String;)V >"	0	3	1
"< Application, Lorg/apache/bcel/generic/MethodGen, <init>(Lorg/apache/bcel/classfile/Method;Ljava/lang/String;Lorg/apache/bcel/generic/ConstantPoolGen;)V >"	116	91	90
"< Application, Lorg/apache/xalan/processor/XSLTElementProcessor, setPropertiesFromAttributes(Lorg/apache/xalan/processor/StylesheetHandler;Ljava/lang/String;Lorg/xml/sax/Attributes;Lorg/apache/xalan/templates/ElemTemplateElement;Z)Lorg/xml/sax/Attributes; >"	56	76	75
"< Application, Lorg/apache/bcel/generic/NEW, getExceptions()[Ljava/lang/Class; >"	14	19	18
"< Application, Lorg/apache/bcel/util/CodeHTML, codeToHTML(Lorg/apache/bcel/util/ByteSequence;I)Ljava/lang/String; >"	299	287	255
"< Application, Lorg/apache/bcel/verifier/structurals/Subroutines$SubroutineImpl, toString()Ljava/lang/String; >"	33	48	46
"< Application, Lorg/apache/bcel/generic/InstructionList, redirectLocalVariables([Lorg/apache/bcel/generic/LocalVariableGen;Lorg/apache/bcel/generic/InstructionHandle;Lorg/apache/bcel/generic/InstructionHandle;)V >"	13	7	2
"< Application, Lorg/apache/bcel/classfile/Utility, toHexString([B)Ljava/lang/String; >"	15	6	1
"< Application, Lorg/apache/xalan/xsltc/compiler/util/MethodGenerator, mergeAdjacentChunks([Lorg/apache/xalan/xsltc/compiler/util/MethodGenerator$Chunk;)Ljava/util/ArrayList; >"	30	34	2
"< Application, Lorg/apache/xalan/xsltc/compiler/CallTemplate, translate(Lorg/apache/xalan/xsltc/compiler/util/ClassGenerator;Lorg/apache/xalan/xsltc/compiler/util/MethodGenerator;)V >"	48	82	81
"< Application, Lorg/apache/bcel/classfile/JavaClass, toString()Ljava/lang/String; >"	137	214	213
"< Application, Lorg/apache/xalan/xsltc/compiler/util/MethodGenerator, mergeAdjacentChunks([Lorg/apache/xalan/xsltc/compiler/util/MethodGenerator$Chunk;)Ljava/util/ArrayList; >"	92	106	2
"< Application, Lorg/apache/xml/utils/XMLChar, <clinit>()V >"	721	956	664
"< Application, Lorg/dacapo/harness/Digest, toString([B)Ljava/lang/String; >"	1	4	1
"< Application, Lorg/apache/xalan/xsltc/compiler/Mode, compileApplyImports(Lorg/apache/xalan/xsltc/compiler/util/ClassGenerator;II)V >"	100	132	128
"< Application, Lorg/apache/xalan/xsltc/compiler/Mode, appendTestSequences(Lorg/apache/bcel/generic/InstructionList;)V >"	1	5	4
"< Application, Lorg/apache/xalan/xsltc/dom/SimpleResultTreeImpl, characters(Ljava/lang/String;)V >"	2	6	5
"< Application, Lorg/apache/bcel/generic/INVOKEVIRTUAL, getExceptions()[Ljava/lang/Class; >"	14	19	18
"< Application, Lorg/apache/bcel/generic/Select, <init>(S[I[Lorg/apache/bcel/generic/InstructionHandle;Lorg/apache/bcel/generic/InstructionHandle;)V >"	11	16	3
"< Application, Lorg/apache/xalan/xsltc/compiler/util/MethodGenerator, widenConditionalBranchTargetOffsets()Z >"	46	61	60
"< Application, Lorg/apache/bcel/classfile/ConstantPool, getConstant(I)Lorg/apache/bcel/classfile/Constant; >"	1	5	4
"< Application, Lorg/apache/bcel/verifier/statics/Pass3aVerifier, delayedPass2Checks()V >"	121	58	57
"< Application, Lorg/apache/xml/serializer/ToStream, writeAttrString(Ljava/io/Writer;Ljava/lang/String;Ljava/lang/String;)V >"	2	9	8
"< Application, Lorg/apache/xalan/templates/ElemCallTemplate, execute(Lorg/apache/xalan/transformer/TransformerImpl;)V >"	23	39	38
"< Application, Lorg/apache/xml/utils/res/IntArrayWrapper, getLength()I >"	1	4	3
"< Application, Lorg/apache/xalan/xsltc/compiler/Mode, compileApplyImports(Lorg/apache/xalan/xsltc/compiler/util/ClassGenerator;II)V >"	183	218	217
"< Application, Lorg/apache/xalan/xsltc/runtime/Hashtable, rehash()V >"	1	4	3
"< Application, Lorg/apache/bcel/classfile/Utility, encode([BZ)Ljava/lang/String; >"	5	9	1
"< Application, Lorg/apache/bcel/generic/MethodGen, getMethod()Lorg/apache/bcel/classfile/Method; >"	40	52	51
"< Application, Lorg/apache/xalan/xsltc/runtime/BasisLibrary, lookupStylesheetQNameNamespace(Ljava/lang/String;I[I[I[Ljava/lang/String;Z)Ljava/lang/String; >"	9	17	4
"< Application, Lorg/apache/xalan/extensions/ExtensionHandlerJavaClass, callFunction(Ljava/lang/String;Ljava/util/Vector;Ljava/lang/Object;Lorg/apache/xalan/extensions/ExpressionContext;)Ljava/lang/Object; >"	99	50	20
"< Application, Lorg/apache/bcel/generic/InstructionList, <init>([B)V >"	8	11	2
"< Application, Lorg/apache/xalan/xsltc/runtime/Hashtable, containsKey(Ljava/lang/Object;)Z >"	3	9	4
"< Application, Lorg/apache/bcel/classfile/DescendingVisitor, visitField(Lorg/apache/bcel/classfile/Field;)V >"	10	12	10
"< Application, Lorg/dacapo/harness/Matcher, matched()Z >"	2	5	4
"< Application, Lorg/apache/bcel/util/MethodHTML, <init>(Ljava/lang/String;Ljava/lang/String;[Lorg/apache/bcel/classfile/Method;[Lorg/apache/bcel/classfile/Field;Lorg/apache/bcel/util/ConstantHTML;Lorg/apache/bcel/util/AttributeHTML;)V >"	24	32	5
"< Application, Lorg/apache/xpath/functions/FunctionMultiArgs, setArg(Lorg/apache/xpath/Expression;I)V >"	19	19	18
"< Application, Lorg/dacapo/harness/LatexDescriptions, print([Ljava/lang/String;Ljava/io/PrintStream;)V >"	35	51	1
"< Application, Lorg/apache/bcel/generic/INVOKESPECIAL, getExceptions()[Ljava/lang/Class; >"	14	19	18
"< Application, Lorg/apache/commons/cli/Parser, processProperties(Ljava/util/Properties;)V >"	18	29	28
"< Application, Lorg/apache/xalan/xsltc/compiler/UnionPathExpr, translate(Lorg/apache/xalan/xsltc/compiler/util/ClassGenerator;Lorg/apache/xalan/xsltc/compiler/util/MethodGenerator;)V >"	16	36	35
"< Application, Lorg/apache/xalan/xsltc/dom/NodeSortRecordFactory, <init>(Lorg/apache/xalan/xsltc/DOM;Ljava/lang/String;Lorg/apache/xalan/xsltc/Translet;[Ljava/lang/String;[Ljava/lang/String;[Ljava/lang/String;[Ljava/lang/String;)V >"	10	23	5
"< Application, Lorg/apache/xml/dtm/ref/DTMDefaultBase, ensureSizeOfIndex(II)V >"	28	25	20
"< Application, Lorg/apache/xml/dtm/ref/DTMManagerDefault, getDTMHandleFromNode(Lorg/w3c/dom/Node;)I >"	11	8	7
"< Application, Lorg/apache/xpath/patterns/StepPattern, setPredicates([Lorg/apache/xpath/Expression;)V >"	3	6	2
"< Application, Lorg/apache/bcel/classfile/Code, setExceptionTable([Lorg/apache/bcel/classfile/CodeException;)V >"	3	5	2
"< Application, Lorg/apache/xml/serializer/dom3/NamespaceSupport, pushContext()V >"	11	16	15
"< Application, Lorg/apache/xpath/VariableStack, link(I)I >"	30	33	32
"< Application, Lorg/apache/bcel/generic/FieldGen, <init>(Lorg/apache/bcel/classfile/Field;Lorg/apache/bcel/generic/ConstantPoolGen;)V >"	19	17	15
"< Application, Lorg/apache/xalan/processor/XSLTElementDef, getAttributeDef(Ljava/lang/String;Ljava/lang/String;)Lorg/apache/xalan/processor/XSLTAttributeDef; >"	1	8	7
"< Application, Lorg/apache/xalan/extensions/ExtensionHandlerJavaClass, callFunction(Ljava/lang/String;Ljava/util/Vector;Ljava/lang/Object;Lorg/apache/xalan/extensions/ExpressionContext;)Ljava/lang/Object; >"	12	203	201
"< Application, Lorg/apache/xalan/templates/ElemNumber, tradAlphaCount(JLorg/apache/xml/utils/res/XResourceBundle;)Ljava/lang/String; >"	159	192	172
"< Application, Lorg/apache/bcel/classfile/JavaClass, dump(Ljava/io/DataOutputStream;)V >"	35	34	33
"< Application, Lorg/apache/bcel/util/CodeHTML, codeToHTML(Lorg/apache/bcel/util/ByteSequence;I)Ljava/lang/String; >"	53	574	573
"< Application, Lorg/apache/xalan/xsltc/compiler/util/SlotAllocator, initialize([Lorg/apache/bcel/generic/LocalVariableGen;)V >"	0	4	2
"< Application, Lorg/apache/bcel/verifier/structurals/Subroutines$SubroutineImpl, toString()Ljava/lang/String; >"	56	84	83
"< Application, Lorg/apache/xml/dtm/ref/DTMManagerDefault, getFirstFreeDTMID()I >"	1	4	3
"< Application, Lorg/apache/bcel/util/JavaWrapper, main([Ljava/lang/String;)V >"	6	6	1
"< Application, Lorg/apache/xalan/lib/ExsltDatetime, testFormats(Ljava/lang/String;[Ljava/lang/String;)Ljava/util/Date; >"	1	5	2
"< Application, Lorg/apache/bcel/generic/MethodGen, getLocalVariableTable(Lorg/apache/bcel/generic/ConstantPoolGen;)Lorg/apache/bcel/classfile/LocalVariableTable; >"	12	20	7
"< Application, Lorg/apache/bcel/util/ConstantHTML, writeConstant(I)V >"	60	441	427
"< Application, Lorg/apache/xml/utils/SuballocatedByteVector, insertElementAt(BI)V >"	16	48	47
"< Application, Lorg/apache/xalan/extensions/ExtensionHandlerExsltFunction, callFunction(Lorg/apache/xpath/functions/FuncExtFunction;Ljava/util/Vector;Lorg/apache/xalan/extensions/ExpressionContext;)Ljava/lang/Object; >"	13	19	18
"< Application, Lorg/apache/bcel/verifier/statics/Pass3aVerifier$InstOperandConstraintVisitor, visitINVOKESTATIC(Lorg/apache/bcel/generic/INVOKESTATIC;)V >"	29	13	10
"< Application, Lorg/apache/xalan/extensions/MethodResolver, convertParams([Ljava/lang/Object;[[Ljava/lang/Object;[Ljava/lang/Class;Lorg/apache/xalan/extensions/ExpressionContext;)V >"	16	18	1
"< Application, Lorg/apache/bcel/verifier/structurals/LocalVariables, clone()Ljava/lang/Object; >"	12	9	8
"< Application, Lorg/apache/xalan/xsltc/compiler/XPathLexer, yy_advance()I >"	56	44	43
"< Application, Lorg/apache/xalan/templates/ElemNumber, int2alphaCount(JLorg/apache/xml/utils/res/CharArrayWrapper;Lorg/apache/xml/utils/FastStringBuffer;)V >"	13	21	20
"< Application, Lorg/apache/bcel/generic/ConstantPoolGen, <init>([Lorg/apache/bcel/classfile/Constant;)V >"	34	29	2
"< Application, Lorg/apache/bcel/verifier/statics/Pass3aVerifier$InstOperandConstraintVisitor, visitInvokeInstruction(Lorg/apache/bcel/generic/InvokeInstruction;)V >"	122	141	140
"< Application, Lorg/apache/bcel/classfile/JavaClass, dump(Ljava/io/DataOutputStream;)V >"	61	57	56
"< Application, Lorg/apache/xpath/patterns/UnionPattern, execute(Lorg/apache/xpath/XPathContext;)Lorg/apache/xpath/objects/XObject; >"	1	6	5
"< Application, Lorg/apache/bcel/verifier/statics/Pass2Verifier$CPESSC_Visitor, visitCode(Lorg/apache/bcel/classfile/Code;)V >"	179	106	105
"< Application, Lorg/apache/bcel/classfile/DescendingVisitor, visitStackMap(Lorg/apache/bcel/classfile/StackMap;)V >"	10	12	10
"< Application, Lorg/apache/xalan/xsltc/compiler/Mode, compileApplyTemplates(Lorg/apache/xalan/xsltc/compiler/util/ClassGenerator;)V >"	77	115	109
"< Application, Lorg/apache/bcel/verifier/structurals/LocalVariables, equals(Ljava/lang/Object;)Z >"	5	8	7
"< Application, Lorg/apache/xml/dtm/ref/sax2dtm/SAX2DTM2$PrecedingIterator, setStartNode(I)Lorg/apache/xml/dtm/DTMAxisIterator; >"	23	29	28
"< Application, Lorg/apache/xpath/VariableStack, reset()V >"	4	6	5
"< Application, Lorg/apache/xml/utils/XMLChar, <clinit>()V >"	766	992	863
"< Application, Lorg/apache/xalan/extensions/MethodResolver, getMethod(Ljava/lang/Class;Ljava/lang/String;[Ljava/lang/Object;[[Ljava/lang/Object;Lorg/apache/xalan/extensions/ExpressionContext;I)Ljava/lang/reflect/Method; >"	5	18	17
"< Application, Lorg/apache/bcel/verifier/Verifier, main([Ljava/lang/String;)V >"	103	7	1
"< Application, Lorg/apache/bcel/util/MethodHTML, writeField(Lorg/apache/bcel/classfile/Field;)V >"	34	52	50
"< Application, Lorg/apache/xml/serializer/EncodingInfo, inEncoding(C[B)Z >"	1	5	2
"< Application, Lorg/apache/bcel/classfile/ExceptionTable, setExceptionIndexTable([I)V >"	3	5	2
"< Application, Lorg/apache/xml/serializer/dom3/NamespaceSupport, pushContext()V >"	3	7	6
"< Application, Lorg/apache/xml/utils/XMLChar, <clinit>()V >"	704	942	827
"< Application, Lorg/apache/xml/serializer/ToSAXHandler, comment(Ljava/lang/String;)V >"	5	10	9
"< Application, Lorg/apache/xalan/xsltc/compiler/Mode, compileApplyImports(Lorg/apache/xalan/xsltc/compiler/util/ClassGenerator;II)V >"	180	216	128
"< Application, Lorg/apache/xalan/extensions/ExtensionHandlerJavaClass, isElementAvailable(Ljava/lang/String;)Z >"	11	17	16
"< Application, Lorg/dacapo/harness/CommandLineArgs, <init>([Ljava/lang/String;)V >"	3	7	6
"< Application, Lorg/apache/bcel/verifier/statics/Pass3aVerifier$InstOperandConstraintVisitor, visitINVOKESPECIAL(Lorg/apache/bcel/generic/INVOKESPECIAL;)V >"	29	13	10
"< Application, Lorg/apache/bcel/util/CodeHTML, findGotos(Lorg/apache/bcel/util/ByteSequence;Lorg/apache/bcel/classfile/Method;Lorg/apache/bcel/classfile/Code;)V >"	48	35	34
"< Application, Lorg/apache/xml/dtm/ref/DTMDefaultBase, ensureSizeOfIndex(II)V >"	39	33	32
"< Application, Lorg/apache/xpath/functions/FunctionMultiArgs, setArg(Lorg/apache/xpath/Expression;I)V >"	11	9	8
"< Application, Lorg/apache/bcel/generic/INVOKEVIRTUAL, getExceptions()[Ljava/lang/Class; >"	6	11	10
"< Application, Lorg/apache/xml/utils/FastStringBuffer, append(Ljava/lang/String;)V >"	25	27	26
"< Application, Lorg/apache/bcel/classfile/StackMap, setStackMap([Lorg/apache/bcel/classfile/StackMapEntry;)V >"	3	5	2
"< Application, Lorg/apache/xpath/axes/PredicatedNodeTest, clone()Ljava/lang/Object; >"	8	11	10
"< Application, Lorg/apache/xml/serializer/SerializerBase, comment(Ljava/lang/String;)V >"	3	8	7
"< Application, Lorg/apache/xalan/xsltc/dom/SAXImpl, getReverseMapping([Ljava/lang/String;[Ljava/lang/String;[I)[I >"	9	14	2
"< Application, Lorg/dacapo/parser/Config, print(Ljava/io/PrintStream;)V >"	40	64	50
"< Application, Lorg/apache/bcel/verifier/Verifier, main([Ljava/lang/String;)V >"	94	139	134
"< Application, Lorg/apache/xpath/VariableStack, link(I)I >"	7	9	8
"< Application, Lorg/apache/bcel/verifier/statics/Pass3aVerifier, delayedPass2Checks()V >"	206	87	86
"< Application, Lorg/apache/bcel/classfile/Utility, codeToString(Lorg/apache/bcel/util/ByteSequence;Lorg/apache/bcel/classfile/ConstantPool;Z)Ljava/lang/String; >"	61	539	531
"< Application, Lorg/apache/xalan/xsltc/compiler/FunctionCall, getSignature(Ljava/lang/reflect/Method;)Ljava/lang/String; >"	5	11	9
"< Application, Lorg/apache/bcel/verifier/statics/Pass3aVerifier$InstOperandConstraintVisitor, visitPUTSTATIC(Lorg/apache/bcel/generic/PUTSTATIC;)V >"	16	18	15
"< Application, Lorg/apache/bcel/verifier/statics/Pass2Verifier$CPESSC_Visitor, visitExceptionTable(Lorg/apache/bcel/classfile/ExceptionTable;)V >"	110	22	21
"< Application, Lorg/apache/bcel/generic/INVOKEVIRTUAL, getExceptions()[Ljava/lang/Class; >"	24	29	28
"< Application, Lorg/apache/xpath/functions/FunctionMultiArgs, deepEquals(Lorg/apache/xpath/Expression;)Z >"	7	12	11
"< Application, Lorg/apache/xml/utils/res/LongArrayWrapper, getLength()I >"	1	4	3
"< Application, Lorg/apache/xalan/xsltc/runtime/Hashtable, get(Ljava/lang/Object;)Ljava/lang/Object; >"	3	9	4
"< Application, Lorg/apache/bcel/generic/INVOKEINTERFACE, getExceptions()[Ljava/lang/Class; >"	6	11	10
"< Application, Lorg/apache/bcel/classfile/JavaClass, toString()Ljava/lang/String; >"	110	178	177
"< Application, Lorg/apache/xalan/xsltc/compiler/LiteralAttribute, hasBadChars(Ljava/lang/String;)Z >"	1	6	5
"< Application, Lorg/apache/xalan/xsltc/compiler/Mode, compileApplyTemplates(Lorg/apache/xalan/xsltc/compiler/util/ClassGenerator;)V >"	165	208	207
"< Application, Lorg/apache/xalan/xslt/Process, main([Ljava/lang/String;)V >"	143	192	1
"< Application, Lorg/apache/bcel/classfile/LocalVariableTable, setLocalVariableTable([Lorg/apache/bcel/classfile/LocalVariable;)V >"	3	5	2
"< Application, Ljava_cup/runtime/lr_parser, unpackFromStrings([Ljava/lang/String;)[[S >"	8	8	1
"< Application, Lorg/apache/bcel/verifier/VerifierFactoryListModel, update(Ljava/lang/String;)V >"	3	9	8
"< Application, Lorg/apache/regexp/recompile, main([Ljava/lang/String;)V >"	104	14	1
"< Application, Lorg/apache/xalan/xsltc/compiler/FunctionCall, findMethods()Ljava/util/Vector; >"	39	58	57
"< Application, Lorg/apache/xpath/axes/UnionPathIterator, createUnionIterator(Lorg/apache/xpath/compiler/Compiler;I)Lorg/apache/xpath/axes/LocPathIterator; >"	3	7	6
"< Application, Lorg/apache/bcel/generic/MethodGen, getLineNumberTable(Lorg/apache/bcel/generic/ConstantPoolGen;)Lorg/apache/bcel/classfile/LineNumberTable; >"	16	26	7
"< Application, Lorg/apache/xalan/xslt/EnvironmentCheck, checkPathForJars(Ljava/lang/String;[Ljava/lang/String;)Ljava/util/Vector; >"	16	19	3
"< Application, Lorg/apache/xml/serializer/ToHTMLStream$Trie, put(Ljava/lang/String;Ljava/lang/Object;)Ljava/lang/Object; >"	2	8	7
"< Application, Lorg/apache/xml/utils/FastStringBuffer, append(C)V >"	8	7	6
"< Application, Lorg/apache/xml/serializer/ToTextStream, comment(Ljava/lang/String;)V >"	2	7	6
"< Application, Lorg/apache/xpath/axes/UnionPathIterator, setRoot(ILjava/lang/Object;)V >"	4	9	8
"< Application, Lorg/apache/bcel/verifier/statics/Pass3aVerifier, do_verify()Lorg/apache/bcel/verifier/VerificationResult; >"	10	19	17
"< Application, Lorg/apache/xml/serializer/CharInfo, mutableCopyOf(Lorg/apache/xml/serializer/CharInfo;)Lorg/apache/xml/serializer/CharInfo; >"	10	13	12
"< Application, Lorg/apache/xalan/extensions/MethodResolver, scoreMatch([Ljava/lang/Class;I[Ljava/lang/Object;I)I >"	3	7	3
"< Application, Lorg/apache/xpath/patterns/UnionPattern, deepEquals(Lorg/apache/xpath/Expression;)Z >"	11	15	14
"< Application, Lorg/apache/xpath/NodeSet, clone()Ljava/lang/Object; >"	14	17	16
"< Application, Lorg/apache/xalan/xslt/Process, main([Ljava/lang/String;)V >"	524	505	1
"< Application, Lorg/apache/bcel/util/Class2HTML, writeMainHTML(Lorg/apache/bcel/util/AttributeHTML;)V >"	61	108	23
"< Application, Lorg/apache/bcel/verifier/structurals/Subroutines, <init>(Lorg/apache/bcel/generic/MethodGen;)V >"	112	120	119
"< Application, Lorg/apache/bcel/verifier/statics/Pass2Verifier$CPESSC_Visitor, visitMethod(Lorg/apache/bcel/classfile/Method;)V >"	419	257	256
"< Application, Lorg/apache/bcel/util/Class2HTML, main([Ljava/lang/String;)V >"	57	22	1
"< Application, Lorg/apache/bcel/classfile/Utility, toHexString([B)Ljava/lang/String; >"	9	18	1
"< Application, Lorg/apache/bcel/verifier/Verifier, getMessages()[Ljava/lang/String; >"	60	60	57
"< Application, Lorg/apache/bcel/verifier/VerifierAppFrame, verify()V >"	106	130	128
"< Application, Lorg/apache/xml/serializer/dom3/NamespaceSupport, pushContext()V >"	6	9	8
"< Application, Lorg/apache/xalan/xslt/Process, main([Ljava/lang/String;)V >"	413	406	1
"< Application, Lorg/apache/xpath/VariableStack, link(I)I >"	16	19	18
"< Application, Lorg/apache/bcel/generic/GETSTATIC, getExceptions()[Ljava/lang/Class; >"	6	11	10
"< Application, Lorg/apache/xalan/xsltc/compiler/Mode, compileApplyTemplates(Lorg/apache/xalan/xsltc/compiler/util/ClassGenerator;)V >"	162	206	109
"< Application, Lorg/apache/xalan/extensions/ExtensionHandlerJavaPackage, callFunction(Ljava/lang/String;Ljava/util/Vector;Ljava/lang/Object;Lorg/apache/xalan/extensions/ExpressionContext;)Ljava/lang/Object; >"	13	164	162
"< Application, Lorg/apache/bcel/classfile/JavaClass, toString()Ljava/lang/String; >"	29	51	50
"< Application, Lorg/apache/bcel/verifier/structurals/Pass3bVerifier, circulationPump(Lorg/apache/bcel/verifier/structurals/ControlFlowGraph;Lorg/apache/bcel/verifier/structurals/InstructionContext;Lorg/apache/bcel/verifier/structurals/Frame;Lorg/apache/bcel/verifier/structurals/InstConstraintVisitor;Lorg/apache/bcel/verifier/structurals/ExecutionVisitor;)V >"	114	43	42
"< Application, Lorg/apache/xml/serializer/Encodings, getWriter(Ljava/io/OutputStream;Ljava/lang/String;)Ljava/io/Writer; >"	2	6	5
"< Application, Lorg/apache/xml/dtm/ref/DTMDefaultBase, findElementFromIndex(III)I >"	2	8	6
"< Application, Lorg/dacapo/harness/Digest, toString([B)Ljava/lang/String; >"	5	9	1
"< Application, Lorg/apache/xpath/patterns/StepPattern, deepEquals(Lorg/apache/xpath/Expression;)Z >"	11	15	14
"< Application, Lorg/apache/xml/utils/XMLChar, <clinit>()V >"	693	934	22
"< Application, Lorg/dacapo/parser/Config, main([Ljava/lang/String;)V >"	1	4	1
"< Application, Lorg/apache/xml/utils/SuballocatedByteVector, addElements(BI)V >"	26	18	17
"< Application, Lorg/apache/bcel/generic/Select, containsTarget(Lorg/apache/bcel/generic/InstructionHandle;)Z >"	11	7	6
"< Application, Lorg/apache/bcel/util/CodeHTML, codeToHTML(Lorg/apache/bcel/util/ByteSequence;I)Ljava/lang/String; >"	410	46	45
"< Application, Lorg/apache/regexp/recompile, main([Ljava/lang/String;)V >"	2	5	1
"< Application, Lorg/apache/xalan/extensions/ExtensionHandlerJavaClass, callFunction(Ljava/lang/String;Ljava/util/Vector;Ljava/lang/Object;Lorg/apache/xalan/extensions/ExpressionContext;)Ljava/lang/Object; >"	92	42	41
"< Application, Lorg/apache/bcel/classfile/JavaClass, toString()Ljava/lang/String; >"	161	231	230
"< Application, Lorg/apache/xpath/functions/FunctionMultiArgs, canTraverseOutsideSubtree()Z >"	4	7	6
"< Application, Lorg/apache/xml/dtm/ref/DTMManagerDefault, addDTM(Lorg/apache/xml/dtm/DTM;II)V >"	6	8	7
"< Application, Lorg/dacapo/harness/Benchmark, deleteTree(Ljava/io/File;)V >"	16	22	21
"< Application, Lorg/apache/bcel/verifier/statics/Pass3aVerifier$InstOperandConstraintVisitor, visitGETSTATIC(Lorg/apache/bcel/generic/GETSTATIC;)V >"	16	18	15
"< Application, Lorg/apache/xalan/templates/ElemUse, applyAttrSets(Lorg/apache/xalan/transformer/TransformerImpl;Lorg/apache/xalan/templates/StylesheetRoot;[Lorg/apache/xml/utils/QName;)V >"	1	7	4
"< Application, Lorg/apache/xpath/axes/UnionChildIterator, acceptNode(I)S >"	4	9	8
"< Application, Lorg/apache/bcel/util/ClassPath, getClassFile(Ljava/lang/String;Ljava/lang/String;)Lorg/apache/bcel/util/ClassPath$ClassFile; >"	9	7	6
"< Application, Lorg/apache/bcel/generic/GETSTATIC, getExceptions()[Ljava/lang/Class; >"	9	14	13
"< Application, Lorg/apache/xalan/lib/ExsltDatetime, formatDate(Ljava/lang/String;Ljava/lang/String;)Ljava/lang/String; >"	83	128	99
"< Application, Lorg/apache/bcel/generic/InvokeInstruction, consumeStack(Lorg/apache/bcel/generic/ConstantPoolGen;)I >"	6	13	7
"< Application, Lorg/apache/xml/dtm/ref/DTMSafeStringPool, main([Ljava/lang/String;)V >"	48	90	4
"< Application, Lorg/apache/xml/utils/SuballocatedIntVector, addElements(II)V >"	26	18	17
"< Application, Lorg/apache/xalan/xsltc/compiler/Parser, checkForSuperfluousAttributes(Lorg/apache/xalan/xsltc/compiler/SyntaxTreeNode;Lorg/xml/sax/Attributes;)V >"	25	34	12
"< Application, Lorg/apache/bcel/util/ClassLoader, loadClass(Ljava/lang/String;Z)Ljava/lang/Class; >"	14	12	11
"< Application, Lorg/apache/bcel/generic/MethodGen, getMaxStack(Lorg/apache/bcel/generic/ConstantPoolGen;Lorg/apache/bcel/generic/InstructionList;[Lorg/apache/bcel/generic/CodeExceptionGen;)I >"	33	41	40
"< Application, Lorg/apache/bcel/verifier/structurals/LocalVariables, merge(Lorg/apache/bcel/verifier/structurals/LocalVariables;)V >"	3	7	6
"< Application, Lorg/apache/xml/dtm/ref/DTMDefaultBase, ensureSizeOfIndex(II)V >"	24	21	20
"< Application, Lorg/apache/xml/serializer/ToHTMLStream$Trie, get2(Ljava/lang/String;)Ljava/lang/Object; >"	2	7	6
"< Application, Lorg/apache/xalan/extensions/MethodResolver, getElementMethod(Ljava/lang/Class;Ljava/lang/String;)Ljava/lang/reflect/Method; >"	9	16	15
"< Application, Lorg/apache/bcel/verifier/VerifyDialog, main([Ljava/lang/String;)V >"	19	5	1
"< Application, Lorg/apache/bcel/verifier/statics/Pass2Verifier$CPESSC_Visitor, visitMethod(Lorg/apache/bcel/classfile/Method;)V >"	100	88	29
"< Application, Lorg/apache/bcel/verifier/structurals/Subroutines$SubroutineImpl, _getRecursivelyAccessedLocalsIndicesHelper(Ljava/util/HashSet;[Lorg/apache/bcel/verifier/structurals/Subroutine;)V >"	21	6	3
"< Application, Lorg/apache/bcel/generic/CHECKCAST, getExceptions()[Ljava/lang/Class; >"	1	5	4
"< Application, Lorg/apache/xalan/extensions/MethodResolver, scoreMatch([Ljava/lang/Class;I[Ljava/lang/Object;I)I >"	25	22	21
"< Application, Lorg/apache/bcel/generic/ClassGen, <init>(Ljava/lang/String;Ljava/lang/String;Ljava/lang/String;I[Ljava/lang/String;)V >"	45	44	6
"< Application, Lorg/apache/xml/dtm/ref/sax2dtm/SAX2DTM2$PrecedingIterator, cloneIterator()Lorg/apache/xml/dtm/DTMAxisIterator; >"	4	15	14
"< Application, Lorg/apache/bcel/generic/INVOKEINTERFACE, getExceptions()[Ljava/lang/Class; >"	9	14	13
"< Application, Lorg/apache/commons/cli/GnuParser, flatten(Lorg/apache/commons/cli/Options;[Ljava/lang/String;Z)[Ljava/lang/String; >"	51	73	3
"< Application, Lorg/apache/xpath/patterns/StepPattern, callSubtreeVisitors(Lorg/apache/xpath/XPathVisitor;)V >"	3	7	6
"< Application, Lorg/apache/xalan/xsltc/compiler/util/MethodGenerator, mergeAdjacentChunks([Lorg/apache/xalan/xsltc/compiler/util/MethodGenerator$Chunk;)Ljava/util/ArrayList; >"	2	6	2
"< Application, Lorg/apache/bcel/verifier/statics/Pass3aVerifier, delayedPass2Checks()V >"	35	20	5
"< Application, Lorg/apache/xalan/xsltc/cmdline/Transform, main([Ljava/lang/String;)V >"	3	8	1
"< Application, Lorg/apache/bcel/verifier/statics/Pass2Verifier$CPESSC_Visitor, visitMethod(Lorg/apache/bcel/classfile/Method;)V >"	96	66	29
"< Application, Lorg/apache/bcel/Repository, implementationOf(Lorg/apache/bcel/classfile/JavaClass;Lorg/apache/bcel/classfile/JavaClass;)Z >"	9	7	5
"< Application, Lorg/apache/xalan/templates/ElemExsltFunction, execute(Lorg/apache/xalan/transformer/TransformerImpl;[Lorg/apache/xpath/objects/XObject;)V >"	20	24	3
"< Application, Lorg/apache/xalan/xsltc/compiler/Parser, checkForSuperfluousAttributes(Lorg/apache/xalan/xsltc/compiler/SyntaxTreeNode;Lorg/xml/sax/Attributes;)V >"	33	41	12
"< Application, Lorg/apache/bcel/verifier/structurals/Pass3bVerifier, do_verify()Lorg/apache/bcel/verifier/VerificationResult; >"	100	75	74
"< Application, Lorg/apache/xalan/extensions/ExtensionHandlerJavaPackage, isFunctionAvailable(Ljava/lang/String;)Z >"	11	24	23
"< Application, Lorg/dacapo/parser/ParseException, initialise(Lorg/dacapo/parser/Token;[[I[Ljava/lang/String;)Ljava/lang/String; >"	14	19	18
"< Application, Lorg/apache/bcel/generic/ClassGen, <init>(Lorg/apache/bcel/classfile/JavaClass;)V >"	46	45	43
"< Application, Lorg/apache/xalan/xsltc/compiler/XPathLexer, yy_advance()I >"	47	36	35
"< Application, Lorg/apache/xalan/xsltc/dom/SimpleResultTreeImpl, characters(Ljava/lang/String;)V >"	5	8	7
"< Application, Lorg/apache/bcel/generic/ConstantPoolGen, <init>([Lorg/apache/bcel/classfile/Constant;)V >"	21	19	2
"< Application, Lorg/apache/xpath/functions/FunctionMultiArgs, setArg(Lorg/apache/xpath/Expression;I)V >"	16	16	15
"< Application, Lorg/apache/bcel/generic/INVOKEINTERFACE, getExceptions()[Ljava/lang/Class; >"	19	24	23
"< Application, Ljava_cup/runtime/lr_parser, get_action(II)S >"	16	10	6
"< Application, Lorg/apache/xalan/transformer/NumeratorFormatter, int2alphaCount(I[C)Ljava/lang/String; >"	25	28	7
"< Application, Lorg/apache/xpath/axes/ReverseAxesWalker, countProximityPosition(I)V >"	1	5	4
"< Application, Lorg/apache/xalan/transformer/TransformerImpl, executeChildTemplates(Lorg/apache/xalan/templates/ElemTemplateElement;Z)V >"	11	48	45
"< Application, Lorg/apache/bcel/util/CodeHTML, <init>(Ljava/lang/String;Ljava/lang/String;[Lorg/apache/bcel/classfile/Method;Lorg/apache/bcel/classfile/ConstantPool;Lorg/apache/bcel/util/ConstantHTML;)V >"	23	28	4
"< Application, Lorg/apache/xalan/xsltc/runtime/Hashtable, clear()V >"	1	4	3
"< Application, Lorg/apache/xml/serializer/SerializerTraceWriter, flushBuffer()V >"	16	18	6
"< Application, Lorg/dacapo/parser/SimpleCharStream, ReInit(Ljava/io/Reader;III)V >"	7	12	11
"< Application, Lorg/apache/bcel/verifier/structurals/Subroutines, <init>(Lorg/apache/bcel/generic/MethodGen;)V >"	23	19	10
"< Application, Lorg/apache/bcel/generic/InstructionList, copy()Lorg/apache/bcel/generic/InstructionList; >"	45	45	41
"< Application, Lorg/apache/bcel/verifier/structurals/InstConstraintVisitor, visitINVOKESTATIC(Lorg/apache/bcel/generic/INVOKESTATIC;)V >"	21	40	39
"< Application, Lorg/apache/bcel/classfile/JavaClass, copy()Lorg/apache/bcel/classfile/JavaClass; >"	46	40	39
"< Application, Lorg/apache/bcel/generic/ANEWARRAY, getExceptions()[Ljava/lang/Class; >"	1	5	4
"< Application, Lorg/apache/regexp/RECompiler, ensure(I)V >"	1	5	4
"< Application, Lorg/apache/bcel/generic/ReferenceType, firstCommonSuperclass(Lorg/apache/bcel/generic/ReferenceType;)Lorg/apache/bcel/generic/ReferenceType; >"	44	41	28
"< Application, Lorg/apache/bcel/verifier/structurals/ExecutionVisitor, visitINVOKESPECIAL(Lorg/apache/bcel/generic/INVOKESPECIAL;)V >"	26	35	34
"< Application, Lorg/apache/bcel/util/CodeHTML, writeMethod(Lorg/apache/bcel/classfile/Method;I)V >"	35	77	9
"< Application, Lorg/apache/bcel/verifier/structurals/LocalVariables, merge(Lorg/apache/bcel/verifier/structurals/LocalVariables;)V >"	1	5	4
"< Application, Lorg/apache/bcel/classfile/JavaClass, dump(Ljava/io/DataOutputStream;)V >"	23	23	22
"< Application, Lorg/apache/bcel/generic/INVOKEVIRTUAL, getExceptions()[Ljava/lang/Class; >"	9	14	13
"< Application, Lorg/apache/bcel/generic/MethodGen, <init>(ILorg/apache/bcel/generic/Type;[Lorg/apache/bcel/generic/Type;[Ljava/lang/String;Ljava/lang/String;Ljava/lang/String;Lorg/apache/bcel/generic/InstructionList;Lorg/apache/bcel/generic/ConstantPoolGen;)V >"	45	80	5
"< Application, Lorg/apache/bcel/verifier/structurals/LocalVariables, equals(Ljava/lang/Object;)Z >"	7	10	9
"< Application, Lorg/apache/bcel/verifier/statics/Pass2Verifier$CPESSC_Visitor, visitCode(Lorg/apache/bcel/classfile/Code;)V >"	166	34	33
"< Application, Lorg/apache/bcel/generic/ClassGen, <init>(Lorg/apache/bcel/classfile/JavaClass;)V >"	53	51	37
"< Application, Lorg/apache/xalan/extensions/ExtensionHandlerJavaPackage, callFunction(Ljava/lang/String;Ljava/util/Vector;Ljava/lang/Object;Lorg/apache/xalan/extensions/ExpressionContext;)Ljava/lang/Object; >"	83	95	93
"< Application, Lorg/apache/xml/serializer/ToStream, setNewLine([C)V >"	1	4	2
"< Application, Lorg/apache/xml/serializer/ToHTMLStream, writeAttrURI(Ljava/io/Writer;Ljava/lang/String;Z)V >"	2	9	8
"< Application, Lorg/apache/xml/serializer/dom3/NamespaceSupport, declarePrefix(Ljava/lang/String;Ljava/lang/String;)Z >"	24	23	22
"< Application, Lorg/dacapo/harness/TestHarness, coeff_of_var([J)D >"	0	3	1
"< Application, Lorg/apache/xml/utils/XMLChar, <clinit>()V >"	665	912	42
"< Application, Lorg/apache/xalan/templates/ElemNumber, tradAlphaCount(JLorg/apache/xml/utils/res/XResourceBundle;)Ljava/lang/String; >"	93	113	90
"< Application, Lorg/apache/bcel/util/AttributeHTML, writeAttribute(Lorg/apache/bcel/classfile/Attribute;Ljava/lang/String;I)V >"	179	240	237
"< Application, Lorg/apache/bcel/verifier/structurals/LocalVariables, toString()Ljava/lang/String; >"	17	7	6
"< Application, Lorg/apache/bcel/generic/ReferenceType, firstCommonSuperclass(Lorg/apache/bcel/generic/ReferenceType;)Lorg/apache/bcel/generic/ReferenceType; >"	71	53	40
"< Application, Lorg/apache/xml/utils/SuballocatedByteVector, setElementAt(BI)V >"	17	18	17
"< Application, Ljava_cup/runtime/lr_parser, get_action(II)S >"	2	7	6
"< Application, Lorg/dacapo/harness/Callback, init(Lorg/dacapo/parser/Config;)V >"	32	30	29
"< Application, Lorg/apache/xalan/templates/ElemNumber, formatNumberList(Lorg/apache/xalan/transformer/TransformerImpl;[JI)Ljava/lang/String; >"	1	8	3
"< Application, Lorg/apache/xpath/axes/UnionPathIterator, deepEquals(Lorg/apache/xpath/Expression;)Z >"	7	12	11
"< Application, Lorg/apache/bcel/util/CodeHTML, codeToHTML(Lorg/apache/bcel/util/ByteSequence;I)Ljava/lang/String; >"	72	595	573
"< Application, Lorg/apache/bcel/util/MethodHTML, writeMethod(Lorg/apache/bcel/classfile/Method;I)V >"	48	80	9
"< Application, Lorg/apache/xalan/xsltc/compiler/Mode, compileApplyImports(Lorg/apache/xalan/xsltc/compiler/util/ClassGenerator;II)V >"	95	129	128
"< Application, Lorg/apache/bcel/generic/INVOKESTATIC, getExceptions()[Ljava/lang/Class; >"	1	5	4
"< Application, Lorg/apache/xalan/extensions/MethodResolver, getConstructor(Ljava/lang/Class;[Ljava/lang/Object;[[Ljava/lang/Object;Lorg/apache/xalan/extensions/ExpressionContext;)Ljava/lang/reflect/Constructor; >"	17	28	2
"< Application, Lorg/apache/xml/utils/SuballocatedByteVector, addElement(B)V >"	26	23	22
"< Application, Lorg/apache/bcel/generic/Select, dispose()V >"	8	6	5
"< Application, Lorg/apache/bcel/generic/MethodGen, <init>(ILorg/apache/bcel/generic/Type;[Lorg/apache/bcel/generic/Type;[Ljava/lang/String;Ljava/lang/String;Ljava/lang/String;Lorg/apache/bcel/generic/InstructionList;Lorg/apache/bcel/generic/ConstantPoolGen;)V >"	37	60	5
"< Application, Lorg/dacapo/harness/LatexDescriptions, print([Ljava/lang/String;Ljava/io/PrintStream;)V >"	22	33	32
"< Application, Lorg/apache/bcel/util/CodeHTML, writeMethod(Lorg/apache/bcel/classfile/Method;I)V >"	150	252	212
"< Application, Lorg/dacapo/harness/CommandLineArgs, extractBenchmarkSet()Ljava/util/List; >"	33	27	26
"< Application, Lorg/apache/xalan/xslt/Process, main([Ljava/lang/String;)V >"	274	273	1
"< Application, Lorg/apache/xpath/VariableStack, link(I)I >"	10	11	10
"< Application, Lorg/apache/xalan/xsltc/compiler/XPathLexer, yy_double([C)[C >"	4	9	2
"< Application, Lorg/apache/xalan/lib/sql/ObjectArray, main([Ljava/lang/String;)V >"	60	107	4
"< Application, Lorg/apache/xalan/xsltc/cmdline/Transform, main([Ljava/lang/String;)V >"	35	53	1
"< Application, Lorg/apache/xpath/VariableStack, link(I)I >"	25	27	26
"< Application, Lorg/apache/xalan/xsltc/cmdline/getopt/GetOpt, <init>([Ljava/lang/String;Ljava/lang/String;)V >"	15	14	2
"< Application, Lorg/apache/bcel/util/ClassLoader, <init>([Ljava/lang/String;)V >"	19	25	24
"< Application, Lorg/apache/xalan/extensions/ExtensionHandlerJavaPackage, callFunction(Ljava/lang/String;Ljava/util/Vector;Ljava/lang/Object;Lorg/apache/xalan/extensions/ExpressionContext;)Ljava/lang/Object; >"	165	37	35
"< Application, Lorg/apache/xpath/functions/FunctionMultiArgs, fixupVariables(Ljava/util/Vector;I)V >"	5	10	9
"< Application, Lorg/apache/xalan/xsltc/cmdline/Transform, main([Ljava/lang/String;)V >"	49	66	1
"< Application, Lorg/dacapo/parser/Config, preprocessArgs(Ljava/lang/String;Ljava/io/File;)[Ljava/lang/String; >"	4	10	6
"< Application, Lorg/apache/bcel/classfile/DescendingVisitor, visitLocalVariableTable(Lorg/apache/bcel/classfile/LocalVariableTable;)V >"	10	12	10
"< Application, Lorg/apache/xalan/xsltc/dom/SAXImpl, makeNodeList(I)Lorg/w3c/dom/NodeList; >"	9	12	11
"< Application, Lorg/apache/bcel/generic/PUTFIELD, getExceptions()[Ljava/lang/Class; >"	14	19	18
"< Application, Lorg/apache/xml/dtm/ref/DTMDefaultBaseIterators$PrecedingIterator, cloneIterator()Lorg/apache/xml/dtm/DTMAxisIterator; >"	4	15	14
"< Application, Lorg/apache/xml/dtm/ref/sax2dtm/SAX2DTM2$TypedAncestorIterator, setStartNode(I)Lorg/apache/xml/dtm/DTMAxisIterator; >"	31	60	59
"< Application, Lorg/apache/bcel/generic/SWITCH, <init>([I[Lorg/apache/bcel/generic/InstructionHandle;Lorg/apache/bcel/generic/InstructionHandle;I)V >"	7	14	2
"< Application, Lorg/apache/bcel/classfile/Utility, encode([BZ)Ljava/lang/String; >"	21	20	15
"< Application, Lorg/apache/bcel/generic/InstructionFactory, createInvoke(Ljava/lang/String;Ljava/lang/String;Lorg/apache/bcel/generic/Type;[Lorg/apache/bcel/generic/Type;S)Lorg/apache/bcel/generic/InvokeInstruction; >"	7	11	5
"< Application, Lorg/apache/bcel/verifier/structurals/ControlFlowGraph$InstructionContextImpl, _getSuccessors()[Lorg/apache/bcel/generic/InstructionHandle; >"	42	34	33
"< Application, Lorg/apache/xml/serializer/ToTextSAXHandler, characters(Ljava/lang/String;)V >"	2	7	6
"< Application, Lorg/apache/bcel/verifier/structurals/ControlFlowGraph, <init>(Lorg/apache/bcel/generic/MethodGen;)V >"	21	16	14
"< Application, Lorg/apache/bcel/util/CodeHTML, findGotos(Lorg/apache/bcel/util/ByteSequence;Lorg/apache/bcel/classfile/Method;Lorg/apache/bcel/classfile/Code;)V >"	6	13	12
"< Application, Lorg/apache/bcel/verifier/structurals/ControlFlowGraph$InstructionContextImpl, _getSuccessors()[Lorg/apache/bcel/generic/InstructionHandle; >"	48	40	33
"< Application, Lorg/apache/xpath/patterns/UnionPattern, setPatterns([Lorg/apache/xpath/patterns/StepPattern;)V >"	3	6	2
"< Application, Lorg/apache/xpath/VariableStack, reset()V >"	10	11	10
"< Application, Lorg/apache/bcel/classfile/Utility, codeToString(Lorg/apache/bcel/util/ByteSequence;Lorg/apache/bcel/classfile/ConstantPool;Z)Ljava/lang/String; >"	67	532	531
"< Application, Lorg/apache/bcel/verifier/structurals/Subroutines, <init>(Lorg/apache/bcel/generic/MethodGen;)V >"	74	84	10
"< Application, Lorg/dacapo/harness/TestHarness, coeff_of_var([J)D >"	3	7	1
"< Application, Lorg/apache/xalan/xsltc/runtime/BasisLibrary, lookupStylesheetQNameNamespace(Ljava/lang/String;I[I[I[Ljava/lang/String;Z)Ljava/lang/String; >"	14	20	5
"< Application, Lorg/apache/xml/serializer/ToUnknownStream, characters(Ljava/lang/String;)V >"	2	7	6
"< Application, Lorg/apache/bcel/classfile/Utility, searchOpcode(Ljava/lang/String;)S >"	11	7	6
"< Application, Lorg/apache/xalan/transformer/TransformerIdentityImpl, transform(Ljavax/xml/transform/Source;Ljavax/xml/transform/Result;)V >"	53	169	168
"< Application, Lorg/apache/bcel/generic/ReferenceType, firstCommonSuperclass(Lorg/apache/bcel/generic/ReferenceType;)Lorg/apache/bcel/generic/ReferenceType; >"	38	34	28
"< Application, Lorg/apache/xml/utils/XMLChar, <clinit>()V >"	630	885	871
"< Application, Lorg/apache/regexp/RE, match(Lorg/apache/regexp/CharacterIterator;I)Z >"	68	63	17
"< Application, Lorg/apache/xpath/axes/PredicatedNodeTest, initPredicateInfo(Lorg/apache/xpath/compiler/Compiler;I)V >"	8	13	12
"< Application, Lorg/apache/xalan/xsltc/compiler/util/MethodGenerator, mergeAdjacentChunks([Lorg/apache/xalan/xsltc/compiler/util/MethodGenerator$Chunk;)Ljava/util/ArrayList; >"	4	8	2
"< Application, Lorg/apache/xpath/VariableStack, link(I)I >"	22	25	24
"< Application, Lorg/apache/xalan/xsltc/util/IntegerArray, <init>([I)V >"	0	4	2
"< Application, Lorg/apache/bcel/classfile/JavaClass, dump(Ljava/io/DataOutputStream;)V >"	26	31	30
"< Application, Ljava_cup/runtime/lr_parser, get_action(II)S >"	38	26	6
"< Application, Lorg/apache/bcel/util/ClassPath, getClassPath()Ljava/lang/String; >"	32	33	31
"< Application, Lorg/apache/regexp/recompile, main([Ljava/lang/String;)V >"	55	53	52
"< Application, Lorg/apache/bcel/generic/ReferenceType, firstCommonSuperclass(Lorg/apache/bcel/generic/ReferenceType;)Lorg/apache/bcel/generic/ReferenceType; >"	67	54	37
"< Application, Lorg/apache/bcel/generic/ConstantPoolGen, <init>([Lorg/apache/bcel/classfile/Constant;)V >"	24	21	2
"< Application, Lorg/apache/bcel/classfile/ConstantPool, setConstantPool([Lorg/apache/bcel/classfile/Constant;)V >"	3	5	2
"< Application, Lorg/apache/xalan/xsltc/compiler/FunctionCall, translate(Lorg/apache/xalan/xsltc/compiler/util/ClassGenerator;Lorg/apache/xalan/xsltc/compiler/util/MethodGenerator;)V >"	117	180	116
"< Application, Lorg/apache/bcel/util/AttributeHTML, writeAttribute(Lorg/apache/bcel/classfile/Attribute;Ljava/lang/String;I)V >"	50	401	400
"< Application, Lorg/apache/xalan/xsltc/dom/NodeSortRecordFactory, <init>(Lorg/apache/xalan/xsltc/DOM;Ljava/lang/String;Lorg/apache/xalan/xsltc/Translet;[Ljava/lang/String;[Ljava/lang/String;[Ljava/lang/String;[Ljava/lang/String;)V >"	41	45	43
"< Application, Lorg/apache/xml/serializer/dom3/DOMStringListImpl, <init>([Ljava/lang/String;)V >"	6	9	2
"< Application, Lorg/apache/xalan/xsltc/compiler/UnionPathExpr, typeCheck(Lorg/apache/xalan/xsltc/compiler/SymbolTable;)Lorg/apache/xalan/xsltc/compiler/util/Type; >"	1	5	4
"< Application, Lorg/apache/bcel/util/ClassLoader, <init>([Ljava/lang/String;)V >"	20	26	2
"< Application, Lorg/apache/xalan/xsltc/cmdline/Compile, main([Ljava/lang/String;)V >"	2	7	1
"< Application, Lorg/apache/xalan/trace/PrintTraceListener, _trace(Lorg/apache/xalan/trace/TracerEvent;)V >"	32	169	168
"< Application, Lorg/apache/bcel/util/MethodHTML, writeField(Lorg/apache/bcel/classfile/Field;)V >"	61	70	50
"< Application, Lorg/apache/xalan/processor/ProcessorKey, setPropertiesFromAttributes(Lorg/apache/xalan/processor/StylesheetHandler;Ljava/lang/String;Lorg/xml/sax/Attributes;Lorg/apache/xalan/templates/ElemTemplateElement;)V >"	32	60	59
"< Application, Lorg/apache/bcel/generic/INVOKESPECIAL, getExceptions()[Ljava/lang/Class; >"	1	5	4
"< Application, Lorg/apache/xalan/extensions/MethodResolver, getConstructor(Ljava/lang/Class;[Ljava/lang/Object;[[Ljava/lang/Object;Lorg/apache/xalan/extensions/ExpressionContext;)Ljava/lang/reflect/Constructor; >"	7	16	2
"< Application, Lorg/apache/bcel/classfile/DescendingVisitor, visitCode(Lorg/apache/bcel/classfile/Code;)V >"	10	12	10
"< Application, Lorg/apache/bcel/verifier/statics/Pass3aVerifier, delayedPass2Checks()V >"	116	65	64
"< Application, Lorg/apache/bcel/classfile/Utility, equals([B[B)Z >"	0	4	1
"< Application, Lorg/apache/bcel/verifier/statics/Pass3aVerifier$InstOperandConstraintVisitor, visitINVOKEVIRTUAL(Lorg/apache/bcel/generic/INVOKEVIRTUAL;)V >"	29	13	10
"< Application, Lorg/apache/bcel/generic/ClassGen, <init>(Lorg/apache/bcel/classfile/JavaClass;)V >"	60	56	39
"< Application, Lorg/apache/xalan/extensions/MethodResolver, getMethod(Ljava/lang/Class;Ljava/lang/String;[Ljava/lang/Object;[[Ljava/lang/Object;Lorg/apache/xalan/extensions/ExpressionContext;I)Ljava/lang/reflect/Method; >"	25	34	3
"< Application, Lorg/apache/bcel/verifier/statics/Pass3aVerifier$InstOperandConstraintVisitor, objarrayequals([Ljava/lang/Object;[Ljava/lang/Object;)Z >"	12	8	2
"< Application, Lorg/apache/bcel/generic/MethodGen, removeNOPs()V >"	24	22	21
"< Application, Lorg/apache/xalan/templates/ElemTextLiteral, execute(Lorg/apache/xalan/transformer/TransformerImpl;)V >"	11	19	18
"< Application, Lorg/apache/xalan/xsltc/compiler/Mode, compileNamespaces(Lorg/apache/xalan/xsltc/compiler/util/ClassGenerator;Lorg/apache/xalan/xsltc/compiler/util/MethodGenerator;[Z[ZZLorg/apache/bcel/generic/InstructionHandle;)Lorg/apache/bcel/generic/InstructionList; >"	34	50	49
"< Application, Lorg/apache/bcel/classfile/Utility, equals([B[B)Z >"	1	5	2
"< Application, Lorg/apache/bcel/classfile/DescendingVisitor, visitCode(Lorg/apache/bcel/classfile/Code;)V >"	18	20	19
"< Application, Lorg/apache/xalan/xslt/Process, main([Ljava/lang/String;)V >"	9	14	1
"< Application, Lorg/apache/commons/cli/GnuParser, flatten(Lorg/apache/commons/cli/Options;[Ljava/lang/String;Z)[Ljava/lang/String; >"	3	9	3
"< Application, Lorg/dacapo/harness/TestHarness, rmdir(Ljava/io/File;)V >"	3	7	4
"< Application, Lorg/apache/bcel/classfile/DescendingVisitor, visitLineNumberTable(Lorg/apache/bcel/classfile/LineNumberTable;)V >"	10	12	10
"< Application, Lorg/apache/xalan/xsltc/dom/DOMWSFilter, getShouldStripSpace(ILorg/apache/xml/dtm/DTM;)S >"	31	38	35
"< Application, Lorg/apache/bcel/verifier/structurals/ExecutionVisitor, visitINVOKEINTERFACE(Lorg/apache/bcel/generic/INVOKEINTERFACE;)V >"	9	12	11
"< Application, Lorg/apache/bcel/generic/InstructionList, <init>([B)V >"	79	49	48
"< Application, Lorg/apache/xalan/xsltc/compiler/util/MethodGenerator, setMaxLocals()V >"	3	8	6
"< Application, Lorg/apache/xalan/templates/StylesheetRoot, getGlobalImportCount()I >"	3	7	6
"< Application, Lorg/apache/xalan/xsltc/dom/SAXImpl, getReverseMapping([Ljava/lang/String;[Ljava/lang/String;[I)[I >"	0	6	2
"< Application, Lorg/apache/xalan/xsltc/compiler/FunctionCall, getSignature(Ljava/lang/reflect/Constructor;)Ljava/lang/String; >"	5	11	9
"< Application, Lorg/apache/xalan/xsltc/runtime/Hashtable, put(Ljava/lang/Object;Ljava/lang/Object;)Ljava/lang/Object; >"	7	11	6
"< Application, Lorg/apache/xalan/xsltc/dom/NodeSortRecord, compareTo(Lorg/apache/xalan/xsltc/dom/NodeSortRecord;)I >"	4	10	9
"< Application, Lorg/apache/bcel/verifier/statics/Pass3aVerifier, delayedPass2Checks()V >"	4	9	8
"< Application, Lorg/apache/bcel/classfile/DescendingVisitor, visitJavaClass(Lorg/apache/bcel/classfile/JavaClass;)V >"	18	20	19
"< Application, Lorg/apache/xml/utils/FastStringBuffer, append([CII)V >"	21	25	24
"< Application, Lorg/apache/xalan/xsltc/dom/SAXImpl, makeNode(I)Lorg/w3c/dom/Node; >"	9	12	11
"< Application, Lorg/apache/xml/utils/XMLChar, <clinit>()V >"	782	1005	28
"< Application, Lorg/apache/bcel/generic/MULTIANEWARRAY, getExceptions()[Ljava/lang/Class; >"	6	11	10
"< Application, Lorg/apache/bcel/classfile/JavaClass, dump(Ljava/io/DataOutputStream;)V >"	14	19	18
"< Application, Lorg/apache/bcel/util/AttributeHTML, writeAttribute(Lorg/apache/bcel/classfile/Attribute;Ljava/lang/String;I)V >"	172	266	237
"< Application, Lorg/apache/bcel/generic/ConstantPoolGen, <init>([Lorg/apache/bcel/classfile/Constant;)V >"	30	26	2
"< Application, Lorg/apache/xalan/xsltc/trax/TransformerFactoryImpl, getFeature(Ljava/lang/String;)Z >"	17	23	5
"< Application, Lorg/apache/regexp/RETest, <init>([Ljava/lang/String;)V >"	36	45	2
"< Application, Lorg/apache/bcel/generic/INVOKEVIRTUAL, getExceptions()[Ljava/lang/Class; >"	19	24	23
"< Application, Lorg/apache/bcel/generic/MethodGen, getLocalVariableTable(Lorg/apache/bcel/generic/ConstantPoolGen;)Lorg/apache/bcel/classfile/LocalVariableTable; >"	1	6	5
"< Application, Lorg/apache/xalan/xsltc/compiler/FunctionCall, translate(Lorg/apache/xalan/xsltc/compiler/util/ClassGenerator;Lorg/apache/xalan/xsltc/compiler/util/MethodGenerator;)V >"	161	53	32
"< Application, Lorg/apache/xml/dtm/ref/DTMStringPool, main([Ljava/lang/String;)V >"	82	135	4
"< Application, Lorg/apache/bcel/verifier/statics/Pass2Verifier, do_verify()Lorg/apache/bcel/verifier/VerificationResult; >"	9	18	17
"< Application, Lorg/apache/xalan/xsltc/cmdline/getopt/GetOpt, <init>([Ljava/lang/String;Ljava/lang/String;)V >"	74	74	2
"< Application, Lorg/apache/xpath/patterns/StepPattern, toString()Ljava/lang/String; >"	73	98	97
"< Application, Lorg/apache/bcel/verifier/structurals/Subroutines, getSuccessors(Lorg/apache/bcel/generic/InstructionHandle;)[Lorg/apache/bcel/generic/InstructionHandle; >"	30	28	27
"< Application, Lorg/apache/xalan/extensions/MethodResolver, getElementMethod(Ljava/lang/Class;Ljava/lang/String;)Ljava/lang/reflect/Method; >"	1	7	6
"< Application, Lorg/apache/bcel/generic/GETFIELD, getExceptions()[Ljava/lang/Class; >"	1	5	4
"< Application, Lorg/apache/xml/serializer/CharInfo, mutableCopyOf(Lorg/apache/xml/serializer/CharInfo;)Lorg/apache/xml/serializer/CharInfo; >"	15	18	17
"< Application, Lorg/apache/xml/dtm/ref/DTMSafeStringPool, main([Ljava/lang/String;)V >"	65	112	4
"< Application, Lorg/apache/xml/utils/XMLChar, <clinit>()V >"	749	978	856
"< Application, Lorg/apache/xpath/axes/UnionPathIterator, getAnalysisBits()I >"	3	7	6
"< Application, Lorg/apache/xalan/xsltc/dom/SAXImpl, getMapping2([Ljava/lang/String;[Ljava/lang/String;[I)[S >"	0	6	2
"< Application, Lorg/apache/bcel/util/CodeHTML, writeMethod(Lorg/apache/bcel/classfile/Method;I)V >"	120	93	25
"< Application, Lorg/apache/bcel/util/MethodHTML, writeMethod(Lorg/apache/bcel/classfile/Method;I)V >"	84	153	152
"< Application, Lorg/apache/regexp/RETest, runAutomatedTests(Ljava/lang/String;)V >"	51	70	68
"< Application, Lorg/apache/xalan/xslt/Process, main([Ljava/lang/String;)V >"	459	448	1
"< Application, Lorg/apache/bcel/verifier/structurals/ExecutionVisitor, visitINVOKESPECIAL(Lorg/apache/bcel/generic/INVOKESPECIAL;)V >"	7	16	15
"< Application, Lorg/apache/xml/dtm/ref/ExpandedNameTable, getExpandedTypeID(Ljava/lang/String;Ljava/lang/String;IZ)I >"	43	43	42
"< Application, Lorg/apache/xml/serializer/ToXMLSAXHandler, characters(Ljava/lang/String;)V >"	2	7	6
"< Application, Lorg/apache/xml/utils/SuballocatedIntVector, setElementAt(II)V >"	10	11	10
"< Application, Lorg/apache/bcel/verifier/statics/Pass2Verifier, getLocalVariablesInfo(I)Lorg/apache/bcel/verifier/statics/LocalVariablesInfo; >"	6	9	8
"< Application, Lorg/apache/xalan/xsltc/trax/TemplatesImpl, defineTransletClasses()V >"	13	11	10
"< Application, Lorg/apache/xalan/extensions/ExtensionHandlerJavaClass, isFunctionAvailable(Ljava/lang/String;)Z >"	2	7	6
"< Application, Lorg/apache/bcel/generic/Type, getMethodSignature(Lorg/apache/bcel/generic/Type;[Lorg/apache/bcel/generic/Type;)Ljava/lang/String; >"	4	8	2
"< Application, Lorg/apache/regexp/RETest, <init>([Ljava/lang/String;)V >"	41	46	2
"< Application, Lorg/apache/xml/dtm/ref/sax2dtm/SAX2DTM2$TypedAncestorIterator, setStartNode(I)Lorg/apache/xml/dtm/DTMAxisIterator; >"	72	42	41
"< Application, Lorg/apache/bcel/classfile/JavaClass, toString()Ljava/lang/String; >"	143	220	219
"< Application, Lorg/apache/bcel/generic/GETFIELD, getExceptions()[Ljava/lang/Class; >"	6	11	10
"< Application, Lorg/apache/xalan/xsltc/compiler/Mode, compileApplyTemplates(Lorg/apache/xalan/xsltc/compiler/util/ClassGenerator;)V >"	75	113	109
"< Application, Lorg/apache/bcel/classfile/Utility$JavaWriter, write(I)V >"	18	16	15
"< Application, Lorg/apache/xml/serializer/ToStream, setProp(Ljava/lang/String;Ljava/lang/String;Z)V >"	113	35	34
"< Application, Lorg/apache/bcel/classfile/JavaClass, copy()Lorg/apache/bcel/classfile/JavaClass; >"	17	22	21
"< Application, Lorg/dacapo/harness/Matcher, match(C)V >"	15	15	14
"< Application, Lorg/apache/xalan/extensions/ExtensionHandlerJavaPackage, isElementAvailable(Ljava/lang/String;)Z >"	22	36	35
"< Application, Lorg/apache/bcel/verifier/statics/Pass3aVerifier, pass3StaticInstructionChecks()V >"	2	6	5
"< Application, Lorg/apache/xml/serializer/EncodingInfo$EncodingImpl, <init>(Lorg/apache/xml/serializer/EncodingInfo;Ljava/lang/String;III)V >"	55	56	55
"< Application, Lorg/apache/xalan/xslt/Process, main([Ljava/lang/String;)V >"	442	433	1
"< Application, Lorg/apache/xpath/axes/PredicatedNodeTest, clone()Ljava/lang/Object; >"	14	17	16
"< Application, Lorg/apache/bcel/classfile/JavaClass, toString()Ljava/lang/String; >"	107	168	167
"< Application, Lorg/apache/xalan/xslt/EnvironmentCheck, main([Ljava/lang/String;)V >"	4	8	1
"< Application, Lorg/apache/bcel/classfile/Utility, methodTypeToSignature(Ljava/lang/String;[Ljava/lang/String;)Ljava/lang/String; >"	20	9	2
"< Application, Lorg/apache/xpath/patterns/UnionPattern, fixupVariables(Ljava/util/Vector;I)V >"	2	7	6
"< Application, Lorg/apache/bcel/util/CodeHTML, writeMethod(Lorg/apache/bcel/classfile/Method;I)V >"	113	155	149
"< Application, Lorg/apache/xml/serializer/Encodings, convertMime2JavaEncoding(Ljava/lang/String;)Ljava/lang/String; >"	2	5	4
"< Application, Lorg/apache/bcel/util/AttributeHTML, writeAttribute(Lorg/apache/bcel/classfile/Attribute;Ljava/lang/String;I)V >"	148	278	275
"< Application, Lorg/apache/xalan/xslt/Process, main([Ljava/lang/String;)V >"	196	228	1
"< Application, Lorg/apache/bcel/util/MethodHTML, <init>(Ljava/lang/String;Ljava/lang/String;[Lorg/apache/bcel/classfile/Method;[Lorg/apache/bcel/classfile/Field;Lorg/apache/bcel/util/ConstantHTML;Lorg/apache/bcel/util/AttributeHTML;)V >"	35	44	4
"< Application, Lorg/apache/bcel/classfile/Utility, codeToString([BLorg/apache/bcel/classfile/ConstantPool;IIZ)Ljava/lang/String; >"	1	8	1
"< Application, Lorg/apache/bcel/classfile/DescendingVisitor, visitInnerClasses(Lorg/apache/bcel/classfile/InnerClasses;)V >"	10	12	10
"< Application, Lorg/apache/bcel/verifier/structurals/Subroutines, getSuccessors(Lorg/apache/bcel/generic/InstructionHandle;)[Lorg/apache/bcel/generic/InstructionHandle; >"	36	34	27
"< Application, Lorg/apache/xml/serializer/ToStream, resetToStream()V >"	12	9	8
"< Application, Lorg/apache/xpath/axes/PredicatedNodeTest, countProximityPosition(I)V >"	2	6	4
"< Application, Lorg/apache/bcel/verifier/VerifyDialog, pass4Button_ActionPerformed(Ljava/awt/event/ActionEvent;)V >"	10	20	19
"< Application, Lorg/apache/xml/utils/SuballocatedIntVector, addElement(I)V >"	19	16	15
"< Application, Lorg/apache/bcel/verifier/structurals/ControlFlowGraph, contextsOf([Lorg/apache/bcel/generic/InstructionHandle;)[Lorg/apache/bcel/verifier/structurals/InstructionContext; >"	8	7	2
"< Application, Lorg/apache/bcel/verifier/VerifierAppFrame, verify()V >"	101	72	71
"< Application, Lorg/apache/bcel/generic/INVOKESTATIC, getExceptions()[Ljava/lang/Class; >"	6	11	10
"< Application, Lorg/apache/bcel/util/CodeHTML, codeToHTML(Lorg/apache/bcel/util/ByteSequence;I)Ljava/lang/String; >"	293	293	255
"< Application, Lorg/apache/bcel/generic/NEW, getExceptions()[Ljava/lang/Class; >"	1	5	4
"< Application, Lorg/apache/bcel/generic/MULTIANEWARRAY, getExceptions()[Ljava/lang/Class; >"	14	19	18
"< Application, Lorg/apache/bcel/generic/GETFIELD, getExceptions()[Ljava/lang/Class; >"	14	19	18
"< Application, Lorg/apache/bcel/classfile/FieldOrMethod, setAttributes([Lorg/apache/bcel/classfile/Attribute;)V >"	3	5	2
"< Application, Lorg/apache/bcel/classfile/InnerClasses, setInnerClasses([Lorg/apache/bcel/classfile/InnerClass;)V >"	3	5	2
"< Application, Lorg/apache/xml/utils/SuballocatedIntVector, insertElementAt(II)V >"	16	47	46
"< Application, Lorg/apache/xpath/axes/UnionChildIterator, addNodeTest(Lorg/apache/xpath/axes/PredicatedNodeTest;)V >"	9	8	7
"< Application, Lorg/apache/bcel/util/AttributeHTML, writeAttribute(Lorg/apache/bcel/classfile/Attribute;Ljava/lang/String;I)V >"	284	68	64
"< Application, Lorg/apache/xalan/xsltc/compiler/Mode, compileNamespaces(Lorg/apache/xalan/xsltc/compiler/util/ClassGenerator;Lorg/apache/xalan/xsltc/compiler/util/MethodGenerator;[Z[ZZLorg/apache/bcel/generic/InstructionHandle;)Lorg/apache/bcel/generic/InstructionList; >"	11	28	27
"< Application, Lorg/apache/xpath/axes/UnionPathIterator, deepEquals(Lorg/apache/xpath/Expression;)Z >"	11	15	14
"< Application, Lorg/apache/xml/utils/FastStringBuffer, append(Lorg/apache/xml/utils/FastStringBuffer;)V >"	48	46	45
"< Application, Lorg/apache/xalan/xsltc/cmdline/Transform, main([Ljava/lang/String;)V >"	66	84	1
"< Application, Lorg/apache/xml/serializer/SerializerBase, characters(Lorg/w3c/dom/Node;)V >"	5	11	10
"< Application, Lorg/apache/bcel/classfile/Utility, codeToString(Lorg/apache/bcel/util/ByteSequence;Lorg/apache/bcel/classfile/ConstantPool;Z)Ljava/lang/String; >"	375	52	51
"< Application, Lorg/apache/xml/dtm/ref/DTMDefaultBaseIterators$PrecedingIterator, cloneIterator()Lorg/apache/xml/dtm/DTMAxisIterator; >"	8	19	18
"< Application, Lorg/apache/xalan/xsltc/compiler/Mode, compileApplyTemplates(Lorg/apache/xalan/xsltc/compiler/util/ClassGenerator;)V >"	248	268	207
"< Application, Lorg/apache/xml/res/XMLMessages, createMsg(Ljava/util/ListResourceBundle;Ljava/lang/String;[Ljava/lang/Object;)Ljava/lang/String; >"	7	16	3
"< Application, Lorg/apache/xml/utils/XMLChar, <clinit>()V >"	682	926	610
"< Application, Lorg/apache/bcel/verifier/structurals/Subroutines$SubroutineImpl, _getRecursivelyAccessedLocalsIndicesHelper(Ljava/util/HashSet;[Lorg/apache/bcel/verifier/structurals/Subroutine;)V >"	14	22	21
"< Application, Lorg/apache/xalan/xslt/Process, main([Ljava/lang/String;)V >"	507	490	1
"< Application, Lorg/apache/bcel/util/AttributeHTML, writeAttribute(Lorg/apache/bcel/classfile/Attribute;Ljava/lang/String;I)V >"	238	136	133
"< Application, Lorg/apache/xalan/xsltc/compiler/util/MethodGenerator, mergeAdjacentChunks([Lorg/apache/xalan/xsltc/compiler/util/MethodGenerator$Chunk;)Ljava/util/ArrayList; >"	9	14	2
"< Application, Lorg/apache/bcel/generic/ReferenceType, firstCommonSuperclass(Lorg/apache/bcel/generic/ReferenceType;)Lorg/apache/bcel/generic/ReferenceType; >"	41	38	32
"< Application, Lorg/apache/xpath/patterns/StepPattern, getPredicateCount()I >"	4	6	5
"< Application, Lorg/apache/xml/utils/XMLChar, <clinit>()V >"	613	872	5
"< Application, Lorg/apache/xml/serializer/dom3/DOM3TreeWalker, isWFXMLChar(Ljava/lang/String;Ljava/lang/Character;)Z >"	5	11	10
"< Application, Lorg/apache/bcel/verifier/statics/Pass2Verifier$CPESSC_Visitor, visitCode(Lorg/apache/bcel/classfile/Code;)V >"	396	120	119
"< Application, Lorg/apache/xpath/NodeSet, clone()Ljava/lang/Object; >"	8	11	10
"< Application, Lorg/apache/bcel/generic/ReferenceType, isAssignmentCompatibleWith(Lorg/apache/bcel/generic/Type;)Z >"	118	95	94
"< Application, Lorg/apache/xalan/extensions/ExtensionNamespaceSupport, <init>(Ljava/lang/String;Ljava/lang/String;[Ljava/lang/Object;)V >"	14	13	12
"< Application, Ljava_cup/runtime/lr_parser, get_reduce(II)S >"	13	9	6
"< Application, Lorg/apache/xml/dtm/ref/sax2dtm/SAX2DTM2$TypedAncestorIterator, setStartNode(I)Lorg/apache/xml/dtm/DTMAxisIterator; >"	65	35	34
"< Application, Lorg/apache/bcel/generic/MULTIANEWARRAY, getExceptions()[Ljava/lang/Class; >"	9	14	13
"< Application, Lorg/apache/bcel/generic/INVOKESPECIAL, getExceptions()[Ljava/lang/Class; >"	19	24	23
"< Application, Lorg/apache/bcel/classfile/Utility, fillup(Ljava/lang/String;IZC)Ljava/lang/String; >"	10	12	11
"< Application, Lorg/apache/bcel/verifier/structurals/InstConstraintVisitor, visitPUTFIELD(Lorg/apache/bcel/generic/PUTFIELD;)V >"	29	38	36
"< Application, Lorg/apache/bcel/util/ConstantHTML, getMethodNumber(Ljava/lang/String;)I >"	18	6	5
"< Application, Lorg/apache/bcel/verifier/statics/Pass2Verifier, final_methods_are_not_overridden()V >"	54	20	19
"< Application, Lorg/apache/bcel/verifier/Verifier, getMessages()[Ljava/lang/String; >"	90	105	102
"< Application, Lorg/apache/bcel/verifier/structurals/Subroutines, <init>(Lorg/apache/bcel/generic/MethodGen;)V >"	93	99	12
"< Application, Lorg/apache/bcel/classfile/ConstantValue, convertString(Ljava/lang/String;)Ljava/lang/String; >"	20	8	4
"< Application, Lorg/dacapo/harness/Callback$1, <clinit>()V >"	1	4	3
"< Application, Lorg/apache/xalan/xslt/EnvironmentCheck, checkPathForJars(Ljava/lang/String;[Ljava/lang/String;)Ljava/util/Vector; >"	4	9	3
"< Application, Lorg/apache/xml/utils/SuballocatedIntVector, insertElementAt(II)V >"	9	41	40
"< Application, Lorg/apache/bcel/classfile/Utility, printArray([Ljava/lang/Object;Z)Ljava/lang/String; >"	20	11	1
"< Application, Lorg/apache/xpath/axes/PredicatedNodeTest, callPredicateVisitors(Lorg/apache/xpath/XPathVisitor;)V >"	3	7	6
"< Application, Lorg/apache/xalan/xsltc/compiler/XPathLexer, yy_double([C)[C >"	0	5	2
"< Application, Lorg/apache/xalan/xsltc/runtime/Hashtable, remove(Ljava/lang/Object;)Ljava/lang/Object; >"	3	9	4
"< Application, Lorg/apache/bcel/Repository, instanceOf(Lorg/apache/bcel/classfile/JavaClass;Lorg/apache/bcel/classfile/JavaClass;)Z >"	9	7	5
"< Application, Lorg/apache/xalan/xsltc/compiler/XPathLexer, yy_advance()I >"	33	24	23
"< Application, Lorg/apache/xml/dtm/ref/ExpandedNameTable, getExpandedTypeID(Ljava/lang/String;Ljava/lang/String;IZ)I >"	52	52	51
"< Application, Lorg/apache/bcel/util/ConstantHTML, <init>(Ljava/lang/String;Ljava/lang/String;Ljava/lang/String;[Lorg/apache/bcel/classfile/Method;Lorg/apache/bcel/classfile/ConstantPool;)V >"	19	27	26
"< Application, Lorg/apache/xml/utils/SuballocatedIntVector, setElementAt(II)V >"	17	18	17
"< Application, Lorg/apache/xml/serializer/dom3/NamespaceSupport, getAllPrefixes()Ljava/util/Enumeration; >"	3	7	6
"< Application, Lorg/apache/xalan/xsltc/runtime/AbstractTranslet, printInternalState()V >"	48	75	74
"< Application, Lorg/apache/bcel/verifier/structurals/Pass3bVerifier, circulationPump(Lorg/apache/bcel/verifier/structurals/ControlFlowGraph;Lorg/apache/bcel/verifier/structurals/InstructionContext;Lorg/apache/bcel/verifier/structurals/Frame;Lorg/apache/bcel/verifier/structurals/InstConstraintVisitor;Lorg/apache/bcel/verifier/structurals/ExecutionVisitor;)V >"	147	126	125
"< Application, Lorg/apache/bcel/verifier/structurals/InstConstraintVisitor, visitINVOKESPECIAL(Lorg/apache/bcel/generic/INVOKESPECIAL;)V >"	33	57	56
"< Application, Lorg/apache/xml/utils/SuballocatedByteVector, setElementAt(BI)V >"	10	11	10
"< Application, Lorg/apache/xalan/templates/ElemCallTemplate, getParamElemCount()I >"	4	6	5
"< Application, Lorg/apache/xalan/xsltc/runtime/Hashtable$HashtableEnumerator, <init>(Lorg/apache/xalan/xsltc/runtime/Hashtable;[Lorg/apache/xalan/xsltc/runtime/HashtableEntry;Z)V >"	4	7	3
"< Application, Lorg/apache/bcel/generic/Select, <init>(S[I[Lorg/apache/bcel/generic/InstructionHandle;Lorg/apache/bcel/generic/InstructionHandle;)V >"	8	9	4
"< Application, Lorg/apache/bcel/verifier/VerifierAppFrame, verify()V >"	126	135	128
"< Application, Lorg/apache/bcel/verifier/structurals/InstConstraintVisitor, visitINVOKESPECIAL(Lorg/apache/bcel/generic/INVOKESPECIAL;)V >"	7	16	15
"< Application, Lorg/apache/xalan/xsltc/compiler/util/MethodGenerator, mergeAdjacentChunks([Lorg/apache/xalan/xsltc/compiler/util/MethodGenerator$Chunk;)Ljava/util/ArrayList; >"	27	32	2
"< Application, Lorg/apache/xalan/xslt/Process, main([Ljava/lang/String;)V >"	330	330	1
"< Application, Lorg/apache/bcel/generic/MethodGen, <init>(Lorg/apache/bcel/classfile/Method;Ljava/lang/String;Lorg/apache/bcel/generic/ConstantPoolGen;)V >"	77	97	96
"< Application, Lorg/apache/bcel/util/MethodHTML, writeMethod(Lorg/apache/bcel/classfile/Method;I)V >"	108	124	123
"< Application, Lorg/apache/bcel/classfile/JavaClass, toString()Ljava/lang/String; >"	134	195	194
"< Application, Lorg/apache/xalan/xsltc/runtime/AbstractTranslet, printInternalState()V >"	39	62	61
"< Application, Lorg/apache/bcel/generic/NEW, getExceptions()[Ljava/lang/Class; >"	6	11	10
"< Application, Lorg/apache/bcel/verifier/TransitiveHull, main([Ljava/lang/String;)V >"	0	3	1
"< Application, Lorg/dacapo/harness/Benchmark, prepareJars()V >"	29	40	39
"< Application, Lorg/apache/bcel/classfile/Utility, getSignature(Ljava/lang/String;)Ljava/lang/String; >"	24	9	6
"< Application, Lorg/apache/xalan/xslt/Process, main([Ljava/lang/String;)V >"	261	134	1
"< Application, Lorg/apache/bcel/util/JavaWrapper, main([Ljava/lang/String;)V >"	9	10	9
"< Application, Lorg/apache/xalan/xslt/Process, main([Ljava/lang/String;)V >"	385	381	1
"< Application, Lorg/apache/xml/serializer/CharInfo, mutableCopyOf(Lorg/apache/xml/serializer/CharInfo;)Lorg/apache/xml/serializer/CharInfo; >"	3	6	5
"< Application, Lorg/apache/xalan/xsltc/compiler/util/MethodGenerator, mergeAdjacentChunks([Lorg/apache/xalan/xsltc/compiler/util/MethodGenerator$Chunk;)Ljava/util/ArrayList; >"	0	4	2
"< Application, Lorg/apache/xalan/extensions/ExtensionNamespaceSupport, <init>(Ljava/lang/String;Ljava/lang/String;[Ljava/lang/Object;)V >"	9	9	8
"< Application, Lorg/apache/bcel/classfile/JavaClass, copy()Lorg/apache/bcel/classfile/JavaClass; >"	33	37	36
"< Application, Lorg/apache/xalan/extensions/MethodResolver, getConstructor(Ljava/lang/Class;[Ljava/lang/Object;[[Ljava/lang/Object;Lorg/apache/xalan/extensions/ExpressionContext;)Ljava/lang/reflect/Constructor; >"	6	15	14
"< Application, Lorg/apache/bcel/verifier/structurals/LocalVariables, maxLocals()I >"	1	4	3
"< Application, Lorg/apache/bcel/generic/INVOKESTATIC, getExceptions()[Ljava/lang/Class; >"	13	17	16
"< Application, Lorg/dacapo/harness/Benchmark, deleteFiles(Ljava/io/File;Ljava/lang/String;)V >"	4	9	7
"< Application, Lorg/apache/xalan/xsltc/trax/SmartTransformerFactoryImpl, getFeature(Ljava/lang/String;)Z >"	15	19	5
"< Application, Lorg/apache/bcel/generic/ANEWARRAY, getExceptions()[Ljava/lang/Class; >"	9	14	13
"< Application, Lorg/apache/xml/serializer/ToStream, <init>()V >"	16	15	14
"< Application, Lorg/apache/xalan/templates/ElemCallTemplate, setParamElem(Lorg/apache/xalan/templates/ElemWithParam;)V >"	8	7	6
"< Application, Lorg/apache/xalan/extensions/ExtensionNamespaceSupport, launch()Lorg/apache/xalan/extensions/ExtensionHandler; >"	13	15	14
"< Application, Lorg/apache/bcel/classfile/Utility, countBrackets(Ljava/lang/String;)I >"	28	6	4
"< Application, Lorg/apache/xalan/xsltc/compiler/util/MethodGenerator, outline(Lorg/apache/bcel/generic/InstructionHandle;Lorg/apache/bcel/generic/InstructionHandle;Ljava/lang/String;Lorg/apache/xalan/xsltc/compiler/util/ClassGenerator;)Lorg/apache/bcel/classfile/Method; >"	263	350	349
"< Application, Lorg/apache/xalan/xsltc/dom/SAXImpl, getReverseNamespaceMapping([Ljava/lang/String;)[S >"	0	4	2
"< Application, Lorg/apache/bcel/verifier/structurals/ControlFlowGraph, contextsOf([Lorg/apache/bcel/generic/InstructionHandle;)[Lorg/apache/bcel/verifier/structurals/InstructionContext; >"	0	4	2
"< Application, Lorg/apache/bcel/verifier/TransitiveHull, update(Ljava/lang/String;)V >"	78	54	53
"< Application, Lorg/apache/bcel/classfile/JavaClass, <init>(IILjava/lang/String;IIILorg/apache/bcel/classfile/ConstantPool;[I[Lorg/apache/bcel/classfile/Field;[Lorg/apache/bcel/classfile/Method;[Lorg/apache/bcel/classfile/Attribute;B)V >"	38	27	12
"< Application, Lorg/apache/bcel/verifier/statics/Pass3aVerifier$InstOperandConstraintVisitor, visitLOOKUPSWITCH(Lorg/apache/bcel/generic/LOOKUPSWITCH;)V >"	21	8	5
"< Application, Lorg/apache/xalan/xslt/Process, main([Ljava/lang/String;)V >"	109	169	1
"< Application, Lorg/apache/xml/utils/SuballocatedByteVector, addElements(BI)V >"	33	24	23
"< Application, Lorg/apache/bcel/verifier/Verifier, getMessages()[Ljava/lang/String; >"	32	31	30
"< Application, Lorg/apache/bcel/verifier/VerifierAppFrame, verify()V >"	94	64	63
"< Application, Lorg/apache/bcel/generic/MethodGen, <init>(Lorg/apache/bcel/classfile/Method;Ljava/lang/String;Lorg/apache/bcel/generic/ConstantPoolGen;)V >"	128	162	161
"< Application, Lorg/apache/bcel/util/ClassLoader, loadClass(Ljava/lang/String;Z)Ljava/lang/Class; >"	32	39	38
"< Application, Lorg/apache/bcel/verifier/statics/Pass3aVerifier$InstOperandConstraintVisitor, visitINVOKESPECIAL(Lorg/apache/bcel/generic/INVOKESPECIAL;)V >"	89	98	97
"< Application, Ljava_cup/runtime/lr_parser, get_action(II)S >"	13	32	6
"< Application, Lorg/apache/bcel/generic/PUTSTATIC, getExceptions()[Ljava/lang/Class; >"	1	5	4
"< Application, Lorg/apache/xalan/xsltc/dom/SortingIterator, addRecord(Lorg/apache/xalan/xsltc/dom/NodeSortRecord;)V >"	2	6	5
"< Application, Lorg/apache/bcel/util/ClassLoader, <init>([Ljava/lang/String;)V >"	9	15	2
"< Application, Lorg/apache/bcel/verifier/structurals/Subroutines, <init>(Lorg/apache/bcel/generic/MethodGen;)V >"	149	138	10
"< Application, Lorg/apache/xalan/processor/XSLTElementDef, getProcessorForUnknown(Ljava/lang/String;Ljava/lang/String;)Lorg/apache/xalan/processor/XSLTElementProcessor; >"	4	8	7
"< Application, Lorg/dacapo/harness/ChordHarness, coeff_of_var([J)D >"	0	3	1
"< Application, Lorg/apache/xml/dtm/Axis, getNamesLength()I >"	1	3	2
"< Application, Lorg/apache/xalan/xsltc/trax/TransformerFactoryImpl, getBytecodesFromClasses(Ljavax/xml/transform/Source;Ljava/lang/String;)[[B >"	96	113	112
"< Application, Lorg/apache/bcel/Repository, getInterfaces(Lorg/apache/bcel/classfile/JavaClass;)[Lorg/apache/bcel/classfile/JavaClass; >"	23	26	16
"< Application, Lorg/apache/bcel/generic/MethodGen, <init>(Lorg/apache/bcel/classfile/Method;Ljava/lang/String;Lorg/apache/bcel/generic/ConstantPoolGen;)V >"	58	46	45
"< Application, Lorg/apache/regexp/RE, match(Lorg/apache/regexp/CharacterIterator;I)Z >"	65	37	17
"< Application, Lorg/apache/xpath/functions/FunctionMultiArgs, deepEquals(Lorg/apache/xpath/Expression;)Z >"	10	14	13
"< Application, Lorg/apache/bcel/util/ConstantHTML, writeConstant(I)V >"	66	435	427
"< Application, Lorg/apache/bcel/classfile/JavaClass, dump(Ljava/io/DataOutputStream;)V >"	52	54	53
"< Application, Lorg/apache/bcel/verifier/statics/Pass3aVerifier, delayedPass2Checks()V >"	57	19	15
"< Application, Lorg/apache/bcel/classfile/JavaClass, toString()Ljava/lang/String; >"	96	163	162
"< Application, Lorg/apache/bcel/classfile/JavaClass, <init>(IILjava/lang/String;IIILorg/apache/bcel/classfile/ConstantPool;[I[Lorg/apache/bcel/classfile/Field;[Lorg/apache/bcel/classfile/Method;[Lorg/apache/bcel/classfile/Attribute;B)V >"	72	58	21
"< Application, Lorg/apache/xalan/xsltc/compiler/Mode, compileApplyImports(Lorg/apache/xalan/xsltc/compiler/util/ClassGenerator;II)V >"	102	134	128
"< Application, Lorg/apache/bcel/generic/INVOKESPECIAL, getExceptions()[Ljava/lang/Class; >"	9	14	13
"< Application, Lorg/apache/bcel/verifier/statics/Pass2Verifier$CPESSC_Visitor, visitInnerClasses(Lorg/apache/bcel/classfile/InnerClasses;)V >"	57	22	21
"< Application, Lorg/apache/xalan/xsltc/compiler/util/MethodGenerator, outline(Lorg/apache/bcel/generic/InstructionHandle;Lorg/apache/bcel/generic/InstructionHandle;Ljava/lang/String;Lorg/apache/xalan/xsltc/compiler/util/ClassGenerator;)Lorg/apache/bcel/classfile/Method; >"	1	9	8
"< Application, Lorg/apache/bcel/generic/GETFIELD, getExceptions()[Ljava/lang/Class; >"	9	14	13
"< Application, Lorg/apache/xalan/xsltc/runtime/Hashtable, contains(Ljava/lang/Object;)Z >"	5	6	5
"< Application, Lorg/apache/bcel/classfile/LineNumberTable, setLineNumberTable([Lorg/apache/bcel/classfile/LineNumber;)V >"	3	5	2
"< Application, Lorg/dacapo/harness/Matcher, match(C)V >"	48	23	22
"< Application, Lorg/apache/bcel/generic/InstructionList, redirectBranches(Lorg/apache/bcel/generic/InstructionHandle;Lorg/apache/bcel/generic/InstructionHandle;)V >"	20	19	18
"< Application, Lorg/apache/bcel/verifier/statics/Pass2Verifier$CPESSC_Visitor, visitCode(Lorg/apache/bcel/classfile/Code;)V >"	44	31	30
"< Application, Lorg/apache/bcel/util/ClassLoader, <init>([Ljava/lang/String;)V >"	11	17	16
"< Application, Lorg/apache/xml/dtm/ref/sax2dtm/SAX2DTM2$PrecedingIterator, cloneIterator()Lorg/apache/xml/dtm/DTMAxisIterator; >"	8	19	18
"< Application, Lorg/apache/bcel/generic/CHECKCAST, getExceptions()[Ljava/lang/Class; >"	6	11	10
"< Application, Lorg/dacapo/parser/ParseException, initialise(Lorg/dacapo/parser/Token;[[I[Ljava/lang/String;)Ljava/lang/String; >"	4	12	2
"< Application, Lorg/apache/bcel/generic/INVOKEINTERFACE, getExceptions()[Ljava/lang/Class; >"	24	29	28
"< Application, Lorg/apache/regexp/recompile, main([Ljava/lang/String;)V >"	4	7	1
"< Application, Lorg/apache/xalan/processor/XSLTAttributeDef, getListOfEnums()Ljava/lang/StringBuffer; >"	4	8	6
"< Application, Lorg/apache/xalan/xslt/Process, main([Ljava/lang/String;)V >"	93	157	1
"< Application, Lorg/apache/bcel/classfile/JavaClass, copy()Lorg/apache/bcel/classfile/JavaClass; >"	30	26	25
"< Application, Lorg/apache/regexp/RE, match(Lorg/apache/regexp/CharacterIterator;I)Z >"	76	18	17
"< Application, Lorg/apache/bcel/verifier/statics/Pass2Verifier$CPESSC_Visitor, visitJavaClass(Lorg/apache/bcel/classfile/JavaClass;)V >"	79	13	5
"< Application, Lorg/apache/bcel/classfile/DescendingVisitor, visitJavaClass(Lorg/apache/bcel/classfile/JavaClass;)V >"	26	27	26
"< Application, Lorg/apache/bcel/generic/PUTFIELD, getExceptions()[Ljava/lang/Class; >"	1	5	4
"< Application, Lorg/apache/xalan/xslt/Process, main([Ljava/lang/String;)V >"	181	218	1
"< Application, Lorg/apache/xpath/patterns/StepPattern, fixupVariables(Ljava/util/Vector;I)V >"	5	10	9
"< Application, Lorg/apache/xml/serializer/utils/Messages, createMsg(Ljava/util/ListResourceBundle;Ljava/lang/String;[Ljava/lang/Object;)Ljava/lang/String; >"	23	13	4
"< Application, Lorg/apache/xalan/xsltc/compiler/Mode, prepareTestSequences()V >"	50	55	54
"< Application, Lorg/dacapo/parser/Config$1, <clinit>()V >"	1	4	3
"< Application, Lorg/apache/bcel/verifier/statics/IntList, contains(I)Z >"	12	12	7
"< Application, Lorg/apache/xalan/xsltc/compiler/FunctionCall, findConstructors()Ljava/util/Vector; >"	28	46	45
"< Application, Lorg/apache/regexp/REProgram, <init>([C)V >"	0	4	2
"< Application, Lorg/apache/bcel/verifier/statics/Pass3aVerifier, contains([II)Z >"	6	5	1
"< Application, Lorg/apache/bcel/generic/MethodGen, getMaxStack(Lorg/apache/bcel/generic/ConstantPoolGen;Lorg/apache/bcel/generic/InstructionList;[Lorg/apache/bcel/generic/CodeExceptionGen;)I >"	9	8	3
"< Application, Lorg/dacapo/parser/Config, preprocessArgs(Ljava/lang/String;Ljava/io/File;)[Ljava/lang/String; >"	1	7	6
"< Application, Lorg/apache/xml/utils/SuballocatedIntVector, addElement(I)V >"	26	22	21
"< Application, Lorg/apache/xml/serializer/ToHTMLStream, writeAttrString(Ljava/io/Writer;Ljava/lang/String;Ljava/lang/String;)V >"	2	9	8
"< Application, Lorg/apache/bcel/verifier/structurals/InstConstraintVisitor, visitPUTSTATIC(Lorg/apache/bcel/generic/PUTSTATIC;)V >"	16	18	15
"< Application, Lorg/apache/xalan/xslt/Process, main([Ljava/lang/String;)V >"	398	393	1
"< Application, Lorg/apache/xml/dtm/ref/DTMDefaultBase, ensureSizeOfIndex(II)V >"	14	15	9
"< Application, Lorg/apache/bcel/classfile/JavaClass, dump(Ljava/io/DataOutputStream;)V >"	38	41	40
"< Application, Lorg/apache/xml/dtm/ref/DTMSafeStringPool, main([Ljava/lang/String;)V >"	82	135	4
"< Application, Lorg/apache/xpath/axes/UnionPathIterator, addIterator(Lorg/apache/xml/dtm/DTMIterator;)V >"	9	8	7
"< Application, Lorg/apache/bcel/verifier/structurals/LocalVariables, equals(Ljava/lang/Object;)Z >"	21	12	11
"< Application, Lorg/dacapo/harness/ChordHarness, coeff_of_var([J)D >"	3	7	1
"< Application, Lorg/apache/xml/utils/SuballocatedByteVector, addElement(B)V >"	19	16	15
"< Application, Lorg/apache/bcel/verifier/structurals/ExecutionVisitor, visitINVOKESTATIC(Lorg/apache/bcel/generic/INVOKESTATIC;)V >"	7	8	7
"< Application, Lorg/apache/xml/serializer/ToHTMLSAXHandler, characters(Ljava/lang/String;)V >"	2	7	6
"< Application, Lorg/apache/xalan/lib/ExsltDatetime, getNameOrAbbrev(Ljava/lang/String;[Ljava/lang/String;Ljava/lang/String;)Ljava/lang/String; >"	1	6	2
"< Application, Lorg/apache/xalan/xsltc/compiler/Mode, compileApplyTemplates(Lorg/apache/xalan/xsltc/compiler/util/ClassGenerator;)V >"	70	110	109
"< Application, Lorg/apache/bcel/verifier/structurals/InstConstraintVisitor, visitINVOKEVIRTUAL(Lorg/apache/bcel/generic/INVOKEVIRTUAL;)V >"	21	40	39
"< Application, Lorg/apache/bcel/classfile/JavaClass, <init>(IILjava/lang/String;IIILorg/apache/bcel/classfile/ConstantPool;[I[Lorg/apache/bcel/classfile/Field;[Lorg/apache/bcel/classfile/Method;[Lorg/apache/bcel/classfile/Attribute;B)V >"	61	56	21
"< Application, Lorg/apache/bcel/generic/ReferenceType, firstCommonSuperclass(Lorg/apache/bcel/generic/ReferenceType;)Lorg/apache/bcel/generic/ReferenceType; >"	46	43	32
"< Application, Lorg/apache/xalan/xslt/Process, main([Ljava/lang/String;)V >"	427	420	1
"< Application, Lorg/apache/xml/serializer/dom3/DOM3TreeWalker, isCommentWellFormed(Ljava/lang/String;)V >"	5	10	9
"< Application, Lorg/apache/bcel/verifier/statics/LocalVariablesInfo, getLocalVariableInfo(I)Lorg/apache/bcel/verifier/statics/LocalVariableInfo; >"	2	6	5
"< Application, Lorg/apache/bcel/classfile/ConstantPool, getConstant(I)Lorg/apache/bcel/classfile/Constant; >"	11	21	20
"< Application, Lorg/apache/xml/serializer/dom3/NamespaceSupport, getAllPrefixes()Ljava/util/Enumeration; >"	1	5	4
"< Application, Lorg/apache/bcel/generic/CHECKCAST, getExceptions()[Ljava/lang/Class; >"	9	14	13
"< Application, Lorg/apache/xalan/xsltc/dom/SimpleResultTreeImpl, characters([CII)V >"	5	10	9
"< Application, Lorg/dacapo/harness/FileDigest, getText(Ljava/io/File;ZLjava/io/File;)[B >"	26	47	46
"< Application, Lorg/apache/xalan/extensions/ExtensionNamespaceSupport, launch()Lorg/apache/xalan/extensions/ExtensionHandler; >"	15	17	16
"< Application, Lorg/apache/bcel/generic/INVOKESPECIAL, getExceptions()[Ljava/lang/Class; >"	6	11	10
"< Application, Lorg/dacapo/harness/ChordHarness, rmdir(Ljava/io/File;)V >"	3	7	4
"< Application, Lorg/apache/bcel/util/MethodHTML, writeMethod(Lorg/apache/bcel/classfile/Method;I)V >"	113	97	19
"< Application, Lorg/apache/bcel/verifier/Verifier, main([Ljava/lang/String;)V >"	78	74	73
"< Application, Lorg/apache/commons/cli/OptionValidator, validateOption(Ljava/lang/String;)V >"	19	10	8
"< Application, Lorg/apache/xalan/lib/sql/ObjectArray, main([Ljava/lang/String;)V >"	44	87	4
"< Application, Lorg/apache/bcel/verifier/structurals/Subroutines$SubroutineImpl, _getRecursivelyAccessedLocalsIndicesHelper(Ljava/util/HashSet;[Lorg/apache/bcel/verifier/structurals/Subroutine;)V >"	10	10	9
"< Application, Lorg/apache/xalan/xsltc/compiler/Mode, addPattern(ILorg/apache/xalan/xsltc/compiler/LocationPathPattern;)V >"	1	6	5
"< Application, Lorg/dacapo/parser/ParseException, initialise(Lorg/dacapo/parser/Token;[[I[Ljava/lang/String;)Ljava/lang/String; >"	7	14	13
"< Application, Lorg/apache/bcel/util/InstructionFinder, search(Ljava/lang/String;Lorg/apache/bcel/generic/InstructionHandle;Lorg/apache/bcel/util/InstructionFinder$CodeConstraint;)Ljava/util/Iterator; >"	9	11	10
"< Application, Lorg/apache/xalan/extensions/ExtensionNamespaceSupport, launch()Lorg/apache/xalan/extensions/ExtensionHandler; >"	9	11	9
"< Application, Lorg/apache/bcel/verifier/Verifier, getMessages()[Ljava/lang/String; >"	16	11	9
"< Application, Lorg/apache/xml/dtm/ref/DTMStringPool, main([Ljava/lang/String;)V >"	65	112	4
"< Application, Lorg/apache/xalan/extensions/ExtensionHandlerGeneral, callFunction(Ljava/lang/String;Ljava/util/Vector;Ljava/lang/Object;Lorg/apache/xalan/extensions/ExpressionContext;)Ljava/lang/Object; >"	3	11	9
"< Application, Lorg/apache/xml/utils/SuballocatedIntVector, addElements(II)V >"	33	24	23
"< Application, Lorg/apache/xpath/patterns/StepPattern, deepEquals(Lorg/apache/xpath/Expression;)Z >"	7	12	11
"< Application, Lorg/apache/xalan/xsltc/compiler/FunctionCall, findConstructors()Ljava/util/Vector; >"	20	37	35
"< Application, Lorg/apache/bcel/generic/Select, <init>(S[I[Lorg/apache/bcel/generic/InstructionHandle;Lorg/apache/bcel/generic/InstructionHandle;)V >"	13	17	4
"< Application, Lorg/apache/bcel/generic/MethodGen, <init>(Lorg/apache/bcel/classfile/Method;Ljava/lang/String;Lorg/apache/bcel/generic/ConstantPoolGen;)V >"	40	64	63
"< Application, Lorg/apache/xpath/axes/UnionPathIterator, clone()Ljava/lang/Object; >"	5	9	8
"< Application, Lorg/apache/xalan/xsltc/dom/SimpleResultTreeImpl, characters([CII)V >"	10	17	16
"< Application, Lorg/apache/bcel/util/ConstantHTML, <init>(Ljava/lang/String;Ljava/lang/String;Ljava/lang/String;[Lorg/apache/bcel/classfile/Method;Lorg/apache/bcel/classfile/ConstantPool;)V >"	43	37	36
"< Application, Lorg/apache/bcel/verifier/structurals/Subroutines, <init>(Lorg/apache/bcel/generic/MethodGen;)V >"	58	58	10
"< Application, Lorg/apache/bcel/verifier/VerifierAppFrame, verify()V >"	88	44	43
"< Application, Lorg/apache/xpath/compiler/Lexer, mapPatternElemPos(IZZ)Z >"	3	9	8
"< Application, Lorg/apache/bcel/classfile/Code, setCode([B)V >"	3	5	2
"< Application, Lorg/apache/bcel/generic/MethodGen, <init>(Lorg/apache/bcel/classfile/Method;Ljava/lang/String;Lorg/apache/bcel/generic/ConstantPoolGen;)V >"	135	34	33
"< Application, Lorg/apache/xalan/transformer/NumeratorFormatter, int2alphaCount(I[C)Ljava/lang/String; >"	2	8	7
"< Application, Lorg/apache/bcel/generic/INVOKESPECIAL, getExceptions()[Ljava/lang/Class; >"	24	29	28
"< Application, Lorg/apache/xalan/xsltc/compiler/util/MethodGenerator, outline(Lorg/apache/bcel/generic/InstructionHandle;Lorg/apache/bcel/generic/InstructionHandle;Ljava/lang/String;Lorg/apache/xalan/xsltc/compiler/util/ClassGenerator;)Lorg/apache/bcel/classfile/Method; >"	225	304	300
"< Application, Lorg/apache/bcel/classfile/Code, setAttributes([Lorg/apache/bcel/classfile/Attribute;)V >"	3	5	2
"< Application, Lorg/apache/xalan/processor/XSLTElementDef, build(Ljava/lang/String;Ljava/lang/String;Ljava/lang/String;[Lorg/apache/xalan/processor/XSLTElementDef;[Lorg/apache/xalan/processor/XSLTAttributeDef;Lorg/apache/xalan/processor/XSLTElementProcessor;Ljava/lang/Class;)V >"	12	17	16
"< Application, Lorg/apache/bcel/classfile/DescendingVisitor, visitMethod(Lorg/apache/bcel/classfile/Method;)V >"	10	12	10
"< Application, Lorg/apache/xpath/functions/FunctionMultiArgs, callArgVisitors(Lorg/apache/xpath/XPathVisitor;)V >"	4	8	7
"< Application, Lorg/apache/bcel/verifier/statics/Pass3aVerifier$InstOperandConstraintVisitor, objarrayequals([Ljava/lang/Object;[Ljava/lang/Object;)Z >"	0	5	2
"< Application, Lorg/dacapo/parser/ParseException, initialise(Lorg/dacapo/parser/Token;[[I[Ljava/lang/String;)Ljava/lang/String; >"	10	16	15
"< Application, Lorg/apache/xml/dtm/ref/DTMDefaultBase, ensureSizeOfIndex(II)V >"	46	41	32
"< Application, Lorg/apache/xalan/templates/ElemExsltFunction, execute(Lorg/apache/xalan/transformer/TransformerImpl;[Lorg/apache/xpath/objects/XObject;)V >"	15	20	3
"< Application, Lorg/apache/bcel/util/JavaWrapper, main([Ljava/lang/String;)V >"	0	3	1
"< Application, Lorg/apache/xalan/xslt/Process, main([Ljava/lang/String;)V >"	492	477	1
"< Application, Lorg/apache/xml/utils/XMLChar, <clinit>()V >"	738	970	797
"< Application, Lorg/dacapo/harness/DacapoClassLoader, getJars(Lorg/dacapo/parser/Config;Ljava/io/File;)[Ljava/net/URL; >"	15	21	20
"< Application, Lorg/apache/xml/utils/SuballocatedByteVector, insertElementAt(BI)V >"	9	42	41
"< Application, Lorg/apache/xalan/xsltc/dom/NodeCounter, formatNumbers([I)Ljava/lang/String; >"	0	4	2
"< Application, Lorg/apache/xalan/xslt/Process, main([Ljava/lang/String;)V >"	4	13	1
"< Application, Lorg/apache/bcel/util/CodeHTML, writeMethod(Lorg/apache/bcel/classfile/Method;I)V >"	46	89	25
"< Application, Lorg/apache/bcel/generic/INVOKEINTERFACE, getExceptions()[Ljava/lang/Class; >"	14	19	18
