"< Application, Lorg/apache/xml/dtm/ref/sax2dtm/SAX2DTM2, getStringValue(I)Lorg/apache/xml/utils/XMLString; >"	91	49	java_unary_neg	40
"< Application, Lorg/apache/xml/dtm/ref/sax2dtm/SAX2DTM, getNodeValue(I)Ljava/lang/String; >"	19	16	java_unary_neg	15
"< Application, Lorg/apache/xml/dtm/ref/sax2dtm/SAX2DTM2, processingInstruction(Ljava/lang/String;Ljava/lang/String;)V >"	6	14	java_unary_neg	8
"< Application, Ljava_cup/runtime/lr_parser, parse()Ljava_cup/runtime/Symbol; >"	55	55	java_unary_neg	35
"< Application, Lorg/apache/xml/dtm/ref/ExpandedNameTable, getExpandedTypeID(Ljava/lang/String;Ljava/lang/String;IZ)I >"	38	38	java_unary_neg	37
"< Application, Lorg/apache/xml/dtm/ref/sax2dtm/SAX2DTM2, dispatchCharactersEvents(ILorg/xml/sax/ContentHandler;Z)V >"	75	48	java_unary_neg	41
"< Application, Lorg/apache/xml/dtm/ref/sax2dtm/SAX2DTM2, copyElement(IILorg/apache/xml/serializer/SerializationHandler;)Ljava/lang/String; >"	15	18	java_unary_neg	17
"< Application, Lorg/apache/xalan/transformer/NodeSorter, compare(Lorg/apache/xalan/transformer/NodeSorter$NodeCompareElem;Lorg/apache/xalan/transformer/NodeSorter$NodeCompareElem;ILorg/apache/xpath/XPathContext;)I >"	114	63	java_unary_neg	61
"< Application, Lorg/apache/xml/dtm/ref/sax2dtm/SAX2DTM2, getStringValue(I)Lorg/apache/xml/utils/XMLString; >"	28	103	java_unary_neg	92
"< Application, Ljava_cup/runtime/lr_parser, try_parse_ahead(Z)Z >"	39	47	java_unary_neg	13
"< Application, Lorg/apache/xml/dtm/ref/sax2dtm/SAX2DTM2, getStringValueX(I)Ljava/lang/String; >"	56	36	java_unary_neg	29
"< Application, Lorg/apache/xml/dtm/ref/ExpandedNameTable, getExpandedTypeID(Ljava/lang/String;Ljava/lang/String;IZ)I >"	13	22	java_unary_neg	20
"< Application, Lorg/apache/xml/dtm/ref/sax2dtm/SAX2DTM2, getStringValueX(I)Ljava/lang/String; >"	64	17	java_unary_neg	15
"< Application, Ljava_cup/runtime/lr_parser, parse_lookahead(Z)V >"	63	68	java_unary_neg	42
"< Application, Ljava_cup/runtime/lr_parser, parse_lookahead(Z)V >"	68	73	java_unary_neg	42
"< Application, Ljava_cup/runtime/lr_parser, try_parse_ahead(Z)Z >"	34	42	java_unary_neg	13
"< Application, Ljava_cup/runtime/lr_parser, parse()Ljava_cup/runtime/Symbol; >"	60	60	java_unary_neg	35
"< Application, Lorg/apache/xml/dtm/ref/sax2dtm/SAX2DTM2, copyAttribute(IILorg/apache/xml/serializer/SerializationHandler;)V >"	7	17	java_unary_neg	14
"< Application, Lorg/apache/xml/dtm/ref/sax2dtm/SAX2DTM2, getStringValue()Ljava/lang/String; >"	17	21	java_unary_neg	18
"< Application, Lorg/apache/xpath/operations/Neg, operate(Lorg/apache/xpath/objects/XObject;)Lorg/apache/xpath/objects/XObject; >"	2	7	java_unary_neg	6
"< Application, Lorg/apache/xml/dtm/ref/sax2dtm/SAX2DTM2, getLocalName(I)Ljava/lang/String; >"	6	17	java_unary_neg	15
"< Application, Lorg/apache/xml/dtm/ref/sax2dtm/SAX2DTM2, getStringValueX(I)Ljava/lang/String; >"	23	62	java_unary_neg	56
"< Application, Lorg/apache/xml/dtm/ref/sax2dtm/SAX2DTM2, dispatchCharactersEvents(ILorg/xml/sax/ContentHandler;Z)V >"	23	88	java_unary_neg	82
"< Application, Lorg/apache/xml/dtm/ref/sax2dtm/SAX2DTM2, getNodeName(I)Ljava/lang/String; >"	38	18	java_unary_neg	17
"< Application, Ljava_cup/runtime/lr_parser, debug_parse()Ljava_cup/runtime/Symbol; >"	76	83	java_unary_neg	47
"< Application, Lorg/apache/xml/dtm/ref/DTMStringPool, stringToIndex(Ljava/lang/String;)I >"	5	10	java_unary_neg	8
"< Application, Ljava_cup/runtime/lr_parser, parse()Ljava_cup/runtime/Symbol; >"	49	48	java_unary_neg	35
"< Application, Lorg/apache/xml/dtm/ref/sax2dtm/SAX2DTM, getNodeName(I)Ljava/lang/String; >"	31	15	java_unary_neg	14
"< Application, Lorg/apache/xml/dtm/ref/sax2dtm/SAX2DTM2, startElement(Ljava/lang/String;Ljava/lang/String;Ljava/lang/String;Lorg/xml/sax/Attributes;)V >"	97	126	java_unary_neg	121
"< Application, Lorg/apache/xml/dtm/ref/sax2dtm/SAX2DTM2, getNodeNameX(I)Ljava/lang/String; >"	23	19	java_unary_neg	18
"< Application, Lorg/apache/xml/dtm/ref/sax2dtm/SAX2DTM2, getStringValue(I)Lorg/apache/xml/utils/XMLString; >"	88	45	java_unary_neg	40
"< Application, Lorg/apache/xml/dtm/ref/ExpandedNameTable, rehash()V >"	22	21	java_unary_neg	20
"< Application, Lorg/apache/xml/dtm/ref/sax2dtm/SAX2DTM, dispatchCharactersEvents(ILorg/xml/sax/ContentHandler;Z)V >"	51	19	java_unary_neg	18
"< Application, Lorg/apache/xml/dtm/ref/sax2dtm/SAX2DTM2, getNodeValue(I)Ljava/lang/String; >"	16	36	java_unary_neg	29
"< Application, Lorg/apache/xml/dtm/ref/sax2dtm/SAX2DTM2, charactersFlush()V >"	37	29	java_unary_neg	22
"< Application, Ljava_cup/runtime/lr_parser, parse_lookahead(Z)V >"	57	61	java_unary_neg	42
"< Application, Lorg/apache/xml/dtm/ref/sax2dtm/SAX2DTM2, dispatchCharactersEvents(ILorg/xml/sax/ContentHandler;Z)V >"	72	44	java_unary_neg	41
"< Application, Lorg/apache/xml/dtm/ref/sax2dtm/SAX2DTM2, copyTextNode(ILorg/apache/xml/serializer/SerializationHandler;)V >"	14	16	java_unary_neg	8
"< Application, Lorg/apache/xml/dtm/ref/sax2dtm/SAX2DTM2, dispatchCharactersEvents(ILorg/xml/sax/ContentHandler;Z)V >"	62	55	java_unary_neg	41
"< Application, Lorg/apache/xml/dtm/ref/sax2dtm/SAX2DTM2, getStringValue()Ljava/lang/String; >"	20	25	java_unary_neg	18
"< Application, Lorg/apache/xml/dtm/ref/sax2dtm/SAX2DTM, getStringValue(I)Lorg/apache/xml/utils/XMLString; >"	46	18	java_unary_neg	17
"< Application, Ljava_cup/runtime/lr_parser, parse_lookahead(Z)V >"	73	77	java_unary_neg	42
"< Application, Lorg/apache/xml/dtm/ref/sax2dtm/SAX2DTM2, copyTextNode(ILorg/apache/xml/serializer/SerializationHandler;)V >"	11	12	java_unary_neg	8
"< Application, Lorg/apache/xml/dtm/ref/sax2dtm/SAX2DTM2, dispatchCharactersEvents(ILorg/xml/sax/ContentHandler;Z)V >"	27	93	java_unary_neg	82
"< Application, Ljava_cup/runtime/lr_parser, try_parse_ahead(Z)Z >"	26	37	java_unary_neg	13
"< Application, Lorg/apache/xml/dtm/ref/sax2dtm/SAX2DTM2, getStringValueX(I)Ljava/lang/String; >"	27	67	java_unary_neg	56
"< Application, Ljava_cup/runtime/lr_parser, debug_parse()Ljava_cup/runtime/Symbol; >"	65	71	java_unary_neg	47
"< Application, Ljava_cup/runtime/lr_parser, debug_parse()Ljava_cup/runtime/Symbol; >"	80	87	java_unary_neg	47
"< Application, Lorg/apache/xml/dtm/ref/sax2dtm/SAX2DTM2, getNodeNameX(I)Ljava/lang/String; >"	5	34	java_unary_neg	32
"< Application, Lorg/apache/xml/dtm/ref/sax2dtm/SAX2DTM2, getStringValue(I)Lorg/apache/xml/utils/XMLString; >"	100	17	java_unary_neg	15
"< Application, Lorg/apache/xml/dtm/ref/sax2dtm/SAX2DTM2, getNodeValue(I)Ljava/lang/String; >"	13	32	java_unary_neg	29
"< Application, Lorg/apache/xml/dtm/ref/sax2dtm/SAX2DTM2, getNodeName(I)Ljava/lang/String; >"	22	41	java_unary_neg	39
"< Application, Ljava_cup/runtime/lr_parser, debug_parse()Ljava_cup/runtime/Symbol; >"	71	78	java_unary_neg	47
"< Application, Lorg/apache/xml/dtm/ref/sax2dtm/SAX2DTM2, getStringValueX(I)Ljava/lang/String; >"	53	32	java_unary_neg	29
"< Application, Lorg/apache/xml/dtm/ref/sax2dtm/SAX2DTM2, dispatchCharactersEvents(ILorg/xml/sax/ContentHandler;Z)V >"	65	59	java_unary_neg	41
"< Application, Lorg/apache/xml/dtm/ref/sax2dtm/SAX2DTM, getNodeNameX(I)Ljava/lang/String; >"	13	15	java_unary_neg	14
"< Application, Lorg/apache/xalan/lib/ExsltDatetime, year(Ljava/lang/String;)D >"	19	25	java_unary_neg	22
"< Application, Lorg/apache/xml/dtm/ref/sax2dtm/SAX2DTM2, getNodeValue(I)Ljava/lang/String; >"	28	17	java_unary_neg	15
"< Application, Lorg/apache/xml/dtm/ref/sax2dtm/SAX2DTM, startElement(Ljava/lang/String;Ljava/lang/String;Ljava/lang/String;Lorg/xml/sax/Attributes;)V >"	85	120	java_unary_neg	115
"< Application, Lorg/apache/xml/dtm/ref/sax2dtm/SAX2DTM2, getStringValue(I)Lorg/apache/xml/utils/XMLString; >"	24	98	java_unary_neg	92
"< Application, Lorg/apache/xml/dtm/ref/sax2dtm/SAX2DTM2, getStringValue(I)Lorg/apache/xml/utils/XMLString; >"	80	63	java_unary_neg	40
"< Application, Lorg/apache/xml/dtm/ref/sax2dtm/SAX2DTM2, getStringValue(I)Lorg/apache/xml/utils/XMLString; >"	77	59	java_unary_neg	40
"< Application, Lorg/apache/xalan/transformer/NodeSorter, compare(Lorg/apache/xalan/transformer/NodeSorter$NodeCompareElem;Lorg/apache/xalan/transformer/NodeSorter$NodeCompareElem;ILorg/apache/xpath/XPathContext;)I >"	109	59	java_unary_neg	47
"< Application, Lorg/apache/xpath/operations/Neg, num(Lorg/apache/xpath/XPathContext;)D >"	2	7	java_unary_neg	6
"< Application, Lorg/apache/xml/dtm/ref/sax2dtm/SAX2DTM, getPrefix(I)Ljava/lang/String; >"	14	15	java_unary_neg	11
"< Application, Lorg/apache/xml/dtm/ref/sax2dtm/SAX2DTM2, dispatchCharactersEvents(ILorg/xml/sax/ContentHandler;Z)V >"	83	19	java_unary_neg	17
"< Application, Lorg/apache/xml/dtm/ref/sax2dtm/SAX2DTM2, copyNS(ILorg/apache/xml/serializer/SerializationHandler;Z)V >"	33	42	java_unary_neg	41
"< Application, Lorg/apache/xml/dtm/ref/sax2dtm/SAX2DTM2, copyAttribute(IILorg/apache/xml/serializer/SerializationHandler;)V >"	10	21	java_unary_neg	14
