"< Application, Lorg/dacapo/parser/ConfigFileTokenManager, jjMoveStringLiteralDfa5_0(JJ)I >"	40	59	java_comparison_cmp	58	6
"< Application, Lorg/dacapo/parser/ConfigFileTokenManager, jjMoveNfa_0(II)I >"	234	40	java_comparison_cmp	39	34
"< Application, Lorg/dacapo/parser/ConfigFileTokenManager, jjStopStringLiteralDfa_0(IJ)I >"	109	13	java_comparison_cmp	12	8
"< Application, Lorg/apache/xalan/xsltc/compiler/Template, compareTo(Ljava/lang/Object;)I >"	3	7	java_comparison_cmpl	5	6
"< Application, Lorg/apache/xalan/xsltc/dom/DocumentCache$CachedDocument, loadDocument(Ljava/lang/String;)V >"	17	29	java_comparison_cmp	27	28
"< Application, Lorg/apache/xml/utils/ObjectFactory, lookUpFactoryClassName(Ljava/lang/String;Ljava/lang/String;Ljava/lang/String;)Ljava/lang/String; >"	42	87	java_comparison_cmp	84	86
"< Application, Lorg/apache/xalan/xsltc/compiler/Mode, compileApplyImports(Lorg/apache/xalan/xsltc/compiler/util/ClassGenerator;II)V >"	143	181	java_comparison_cmpl	178	180
"< Application, Lorg/dacapo/parser/ConfigFileTokenManager, jjStopStringLiteralDfa_0(IJ)I >"	96	19	java_comparison_cmp	18	8
"< Application, Lorg/apache/xalan/xsltc/compiler/util/ObjectFactory, lookUpFactoryClassName(Ljava/lang/String;Ljava/lang/String;Ljava/lang/String;)Ljava/lang/String; >"	42	87	java_comparison_cmp	84	86
"< Application, Lorg/dacapo/parser/ConfigFileTokenManager, jjMoveStringLiteralDfa4_0(JJ)I >"	38	33	java_comparison_cmp	32	6
"< Application, Lorg/apache/xpath/functions/FuncSubstring, execute(Lorg/apache/xpath/XPathContext;)Lorg/apache/xpath/objects/XObject; >"	15	23	java_comparison_cmpl	21	22
"< Application, Lorg/dacapo/parser/ConfigFileTokenManager, jjMoveNfa_0(II)I >"	117	87	java_comparison_cmp	86	34
"< Application, Lorg/dacapo/parser/ConfigFileTokenManager, jjMoveNfa_0(II)I >"	150	140	java_comparison_cmp	139	34
"< Application, Lorg/apache/xpath/objects/GreaterThanOrEqualComparator, compareNumbers(DD)Z >"	0	5	java_comparison_cmpl	2	3
"< Application, Lorg/dacapo/parser/ConfigFileTokenManager, jjMoveStringLiteralDfa5_0(JJ)I >"	74	20	java_comparison_cmp	19	6
"< Application, Lorg/apache/xml/dtm/ref/ObjectFactory, lookUpFactoryClassName(Ljava/lang/String;Ljava/lang/String;Ljava/lang/String;)Ljava/lang/String; >"	36	80	java_comparison_cmp	78	79
"< Application, Lorg/apache/xalan/xsltc/dom/AnyNodeCounter$DefaultAnyNodeCounter, getCounter()Ljava/lang/String; >"	1	5	java_comparison_cmpl	3	4
"< Application, Lorg/apache/xalan/transformer/NumeratorFormatter, long2roman(JZ)Ljava/lang/String; >"	9	10	java_comparison_cmp	2	9
"< Application, Lorg/apache/bcel/generic/FCONST, <init>(F)V >"	7	13	java_comparison_cmpl	11	12
"< Application, Lorg/apache/xpath/objects/XObject, lessThanOrEqual(Lorg/apache/xpath/objects/XObject;)Z >"	6	11	java_comparison_cmpg	8	10
"< Application, Lorg/dacapo/parser/ConfigFileTokenManager, jjMoveStringLiteralDfa1_3(J)I >"	9	14	java_comparison_cmp	12	13
"< Application, Lorg/apache/xalan/templates/ElemNumber, long2roman(JZ)Ljava/lang/String; >"	4	10	java_comparison_cmp	2	9
"< Application, Lorg/apache/xalan/xsltc/dom/MultipleNodeCounter, getCounter()Ljava/lang/String; >"	1	5	java_comparison_cmpl	3	4
"< Application, Lorg/apache/xalan/processor/StylesheetHandler, getElemVersion()D >"	4	9	java_comparison_cmpl	24	8
"< Application, Lorg/dacapo/parser/ConfigFileTokenManager, jjMoveStringLiteralDfa4_0(JJ)I >"	48	39	java_comparison_cmp	38	6
"< Application, Lorg/apache/xalan/xsltc/compiler/Mode, compileApplyImports(Lorg/apache/xalan/xsltc/compiler/util/ClassGenerator;II)V >"	145	182	java_comparison_cmpg	178	168
"< Application, Lorg/dacapo/parser/ConfigFileTokenManager, jjStopStringLiteralDfa_0(IJ)I >"	91	25	java_comparison_cmp	24	8
"< Application, Lorg/apache/xalan/xsltc/runtime/BasisLibrary, compareStrings(Ljava/lang/String;Ljava/lang/String;ILorg/apache/xalan/xsltc/DOM;)Z >"	31	14	java_comparison_cmpg	11	13
"< Application, Lorg/dacapo/parser/ConfigFileTokenManager, getNextToken()Lorg/dacapo/parser/Token; >"	84	48	java_comparison_cmp	46	47
"< Application, Lorg/apache/xalan/xsltc/dom/SingleNodeCounter$DefaultSingleNodeCounter, getCounter()Ljava/lang/String; >"	1	5	java_comparison_cmpl	3	4
"< Application, Lorg/apache/xalan/templates/ElemNumber, long2roman(JZ)Ljava/lang/String; >"	10	15	java_comparison_cmp	31	14
"< Application, Lorg/apache/xpath/objects/XRTreeFrag, equals(Lorg/apache/xpath/objects/XObject;)Z >"	16	45	java_comparison_cmpl	42	44
"< Application, Lorg/dacapo/parser/ConfigFileTokenManager, jjMoveStringLiteralDfa11_0(JJ)I >"	20	20	java_comparison_cmp	19	6
"< Application, Lorg/apache/xalan/templates/ElemNumber, tradAlphaCount(JLorg/apache/xml/utils/res/XResourceBundle;)Ljava/lang/String; >"	49	53	java_comparison_cmp	138	52
"< Application, Lorg/apache/xpath/objects/NotEqualComparator, compareNumbers(DD)Z >"	0	5	java_comparison_cmpl	2	3
"< Application, Lorg/dacapo/parser/ConfigFileTokenManager, jjMoveStringLiteralDfa4_0(JJ)I >"	43	36	java_comparison_cmp	35	6
"< Application, Lorg/apache/xalan/xsltc/dom/AnyNodeCounter, getCounter()Ljava/lang/String; >"	4	26	java_comparison_cmpl	24	25
"< Application, Lorg/apache/xml/serializer/ObjectFactory, lookUpFactoryClassName(Ljava/lang/String;Ljava/lang/String;Ljava/lang/String;)Ljava/lang/String; >"	42	87	java_comparison_cmp	84	86
"< Application, Lorg/apache/xalan/xsltc/dom/SingleNodeCounter, getCounter()Ljava/lang/String; >"	12	43	java_comparison_cmpg	42	37
"< Application, Lorg/apache/xalan/processor/StylesheetHandler, getElemVersion()D >"	2	6	java_comparison_cmpl	24	5
"< Application, Lorg/apache/bcel/generic/PUSH, <init>(Lorg/apache/bcel/generic/ConstantPoolGen;J)V >"	1	7	java_comparison_cmp	3	6
"< Application, Lorg/apache/xalan/templates/Stylesheet, setVersion(Ljava/lang/String;)V >"	3	9	java_comparison_cmpl	7	8
"< Application, Lorg/apache/xalan/xsltc/runtime/BasisLibrary, realToString(D)Ljava/lang/String; >"	3	9	java_comparison_cmpg	4	8
"< Application, Lorg/apache/xalan/xsltc/runtime/BasisLibrary, compare(Lorg/apache/xml/dtm/DTMAxisIterator;DILorg/apache/xalan/xsltc/DOM;)Z >"	33	25	java_comparison_cmpl	24	2
"< Application, Lorg/apache/xalan/xsltc/runtime/BasisLibrary, compare(Lorg/apache/xml/dtm/DTMAxisIterator;DILorg/apache/xalan/xsltc/DOM;)Z >"	5	53	java_comparison_cmpl	52	2
"< Application, Lorg/dacapo/parser/ConfigFileTokenManager, jjMoveStringLiteralDfa6_0(JJ)I >"	43	20	java_comparison_cmp	19	6
"< Application, Lorg/apache/xalan/xsltc/runtime/BasisLibrary, roundF(D)D >"	2	7	java_comparison_cmpl	1	6
"< Application, Lorg/apache/xml/dtm/ObjectFactory, lookUpFactoryClassName(Ljava/lang/String;Ljava/lang/String;Ljava/lang/String;)Ljava/lang/String; >"	42	87	java_comparison_cmp	84	86
"< Application, Lorg/apache/xalan/xsltc/dom/DocumentCache, getLastModified(Ljava/lang/String;)J >"	4	11	java_comparison_cmp	9	10
"< Application, Lorg/apache/xalan/xsltc/compiler/Mode, compileApplyImports(Lorg/apache/xalan/xsltc/compiler/util/ClassGenerator;II)V >"	163	198	java_comparison_cmpl	194	168
"< Application, Lorg/apache/xalan/xsltc/runtime/BasisLibrary, realToString(D)Ljava/lang/String; >"	1	6	java_comparison_cmpl	4	5
"< Application, Lorg/apache/xalan/xsltc/trax/ObjectFactory, lookUpFactoryClassName(Ljava/lang/String;Ljava/lang/String;Ljava/lang/String;)Ljava/lang/String; >"	42	87	java_comparison_cmp	84	86
"< Application, Lorg/apache/xalan/xsltc/runtime/BasisLibrary, compare(Ljava/lang/Object;Ljava/lang/Object;ILorg/apache/xalan/xsltc/DOM;)Z >"	35	174	java_comparison_cmpg	171	173
"< Application, Lorg/dacapo/harness/Callback, runAgain()Z >"	91	88	java_comparison_cmpl	84	87
"< Application, Lorg/apache/xalan/xsltc/runtime/BasisLibrary, roundF(D)D >"	7	8	java_comparison_cmpl	1	6
"< Application, Lorg/apache/xalan/xsltc/compiler/CUP$XPathParser$actions, CUP$XPathParser$do_action(ILjava_cup/runtime/lr_parser;Ljava/util/Stack;I)Ljava_cup/runtime/Symbol; >"	983	3448	java_comparison_cmpl	3447	3442
"< Application, Lorg/dacapo/parser/ConfigFileTokenManager, jjMoveNfa_1(II)I >"	19	40	java_comparison_cmp	38	39
"< Application, Lorg/apache/xalan/templates/ElemNumber, tradAlphaCount(JLorg/apache/xml/utils/res/XResourceBundle;)Ljava/lang/String; >"	61	79	java_comparison_cmp	77	78
"< Application, Lorg/apache/xalan/templates/ElemNumber, findAncestor(Lorg/apache/xpath/XPathContext;Lorg/apache/xpath/XPath;Lorg/apache/xpath/XPath;ILorg/apache/xalan/templates/ElemNumber;)I >"	10	19	java_comparison_cmpl	18	14
"< Application, Lorg/apache/xml/dtm/ObjectFactory, lookUpFactoryClassName(Ljava/lang/String;Ljava/lang/String;Ljava/lang/String;)Ljava/lang/String; >"	36	80	java_comparison_cmp	78	79
"< Application, Lorg/dacapo/parser/ConfigFileTokenManager, jjMoveStringLiteralDfa10_0(JJ)I >"	19	20	java_comparison_cmp	19	6
"< Application, Lorg/apache/xalan/templates/ElemNumber, findPrecedingOrAncestorOrSelf(Lorg/apache/xpath/XPathContext;Lorg/apache/xpath/XPath;Lorg/apache/xpath/XPath;ILorg/apache/xalan/templates/ElemNumber;)I >"	10	19	java_comparison_cmpl	18	14
"< Application, Lorg/dacapo/parser/ConfigFileTokenManager, jjMoveStringLiteralDfa5_0(JJ)I >"	45	62	java_comparison_cmp	61	6
"< Application, Lorg/apache/xalan/xsltc/dom/SingleNodeCounter$DefaultSingleNodeCounter, getCounter()Ljava/lang/String; >"	12	25	java_comparison_cmpg	24	19
"< Application, Lorg/apache/xalan/lib/ExsltMath, max(Lorg/w3c/dom/NodeList;)D >"	12	16	java_comparison_cmpl	13	20
"< Application, Lorg/apache/xalan/templates/TemplateList, insertAssociationIntoList(Lorg/apache/xalan/templates/TemplateSubPatternAssociation;Lorg/apache/xalan/templates/TemplateSubPatternAssociation;Z)Lorg/apache/xalan/templates/TemplateSubPatternAssociation; >"	36	34	java_comparison_cmpg	7	28
"< Application, Lorg/apache/xalan/templates/ElemNumber, tradAlphaCount(JLorg/apache/xml/utils/res/XResourceBundle;)Ljava/lang/String; >"	128	161	java_comparison_cmp	160	78
"< Application, Lorg/apache/xalan/transformer/NumeratorFormatter, long2roman(JZ)Ljava/lang/String; >"	34	36	java_comparison_cmp	31	35
"< Application, Lorg/apache/bcel/generic/FCONST, <init>(F)V >"	2	9	java_comparison_cmpl	7	8
"< Application, Lorg/dacapo/parser/ConfigFileTokenManager, jjMoveStringLiteralDfa6_0(JJ)I >"	38	29	java_comparison_cmp	28	6
"< Application, Lorg/apache/xalan/xsltc/dom/AnyNodeCounter, getCounter()Ljava/lang/String; >"	12	31	java_comparison_cmpg	30	25
"< Application, Lorg/apache/xalan/xsltc/dom/ObjectFactory, lookUpFactoryClassName(Ljava/lang/String;Ljava/lang/String;Ljava/lang/String;)Ljava/lang/String; >"	36	80	java_comparison_cmp	78	79
"< Application, Lorg/apache/xalan/lib/ExsltDatetime, leapYear(Ljava/lang/String;)Lorg/apache/xpath/objects/XObject; >"	12	20	java_comparison_cmpl	18	19
"< Application, Lorg/dacapo/parser/ConfigFileTokenManager, jjStopStringLiteralDfa_0(IJ)I >"	49	48	java_comparison_cmp	47	8
"< Application, Lorg/apache/xalan/templates/ElemNumber, long2roman(JZ)Ljava/lang/String; >"	29	36	java_comparison_cmp	31	35
"< Application, Lorg/apache/xpath/functions/FuncRound, execute(Lorg/apache/xpath/XPathContext;)Lorg/apache/xpath/objects/XObject; >"	5	13	java_comparison_cmpg	8	12
"< Application, Lorg/apache/bcel/generic/PUSH, <init>(Lorg/apache/bcel/generic/ConstantPoolGen;F)V >"	8	12	java_comparison_cmpl	10	11
"< Application, Lorg/apache/xalan/templates/ElemNumber, tradAlphaCount(JLorg/apache/xml/utils/res/XResourceBundle;)Ljava/lang/String; >"	32	50	java_comparison_cmp	138	49
"< Application, Lorg/apache/xalan/xsltc/dom/SingleNodeCounter, getCounter()Ljava/lang/String; >"	4	38	java_comparison_cmpl	36	37
"< Application, Lorg/apache/xalan/transformer/NodeSorter, compare(Lorg/apache/xalan/transformer/NodeSorter$NodeCompareElem;Lorg/apache/xalan/transformer/NodeSorter$NodeCompareElem;ILorg/apache/xpath/XPathContext;)I >"	34	98	java_comparison_cmpl	96	97
"< Application, Lorg/dacapo/parser/ConfigFileTokenManager, jjMoveNfa_0(II)I >"	126	92	java_comparison_cmp	91	34
"< Application, Lorg/apache/xalan/templates/ElemNumber, tradAlphaCount(JLorg/apache/xml/utils/res/XResourceBundle;)Ljava/lang/String; >"	0	6	java_comparison_cmp	2	5
"< Application, Lorg/apache/xalan/templates/ElemNumber, getPreviousNode(Lorg/apache/xpath/XPathContext;I)I >"	13	28	java_comparison_cmpl	27	18
"< Application, Lorg/apache/xalan/xsltc/trax/ObjectFactory, lookUpFactoryClassName(Ljava/lang/String;Ljava/lang/String;Ljava/lang/String;)Ljava/lang/String; >"	36	80	java_comparison_cmp	78	79
"< Application, Lorg/apache/xalan/transformer/NumeratorFormatter, long2roman(JZ)Ljava/lang/String; >"	15	15	java_comparison_cmp	31	14
"< Application, Lorg/apache/xalan/xsltc/dom/AnyNodeCounter$DefaultAnyNodeCounter, getCounter()Ljava/lang/String; >"	12	32	java_comparison_cmpg	31	26
"< Application, Lorg/dacapo/parser/ConfigFileTokenManager, jjMoveStringLiteralDfa5_0(JJ)I >"	50	47	java_comparison_cmp	46	6
"< Application, Lorg/dacapo/parser/ConfigFileTokenManager, jjMoveNfa_0(II)I >"	181	167	java_comparison_cmp	166	34
"< Application, Lorg/apache/xalan/processor/StylesheetHandler, getElemVersion()D >"	15	25	java_comparison_cmpl	24	5
"< Application, Lorg/apache/xpath/objects/XString, equals(Lorg/apache/xpath/objects/XObject;)Z >"	14	19	java_comparison_cmpl	16	18
"< Application, Lorg/dacapo/parser/ConfigFileTokenManager, jjMoveNfa_0(II)I >"	60	78	java_comparison_cmp	77	34
"< Application, Lorg/apache/bcel/generic/PUSH, <init>(Lorg/apache/bcel/generic/ConstantPoolGen;D)V >"	1	7	java_comparison_cmpl	3	6
"< Application, Lorg/apache/xalan/templates/TemplateList, getPriorityOrScore(Lorg/apache/xalan/templates/TemplateSubPatternAssociation;)D >"	2	9	java_comparison_cmpl	7	8
"< Application, Lorg/dacapo/parser/ConfigFileTokenManager, getNextToken()Lorg/dacapo/parser/Token; >"	105	57	java_comparison_cmp	56	47
"< Application, Lorg/apache/xalan/templates/ElemNumber, tradAlphaCount(JLorg/apache/xml/utils/res/XResourceBundle;)Ljava/lang/String; >"	86	105	java_comparison_cmp	68	78
"< Application, Lorg/apache/xpath/objects/GreaterThanOrEqualComparator, compareStrings(Lorg/apache/xml/utils/XMLString;Lorg/apache/xml/utils/XMLString;)Z >"	2	9	java_comparison_cmpl	6	8
"< Application, Lorg/apache/bcel/generic/LCONST, <init>(J)V >"	5	11	java_comparison_cmp	2	10
"< Application, Lorg/apache/xalan/templates/ElemNumber, int2singlealphaCount(JLorg/apache/xml/utils/res/CharArrayWrapper;)Ljava/lang/String; >"	2	8	java_comparison_cmp	2	7
"< Application, Lorg/apache/bcel/generic/DCONST, <init>(D)V >"	5	11	java_comparison_cmpl	2	10
"< Application, Lorg/apache/xalan/xsltc/compiler/CUP$XPathParser$actions, CUP$XPathParser$do_action(ILjava_cup/runtime/lr_parser;Ljava/util/Stack;I)Ljava_cup/runtime/Symbol; >"	970	3443	java_comparison_cmpl	3441	3442
"< Application, Lorg/apache/xpath/objects/LessThanComparator, compareStrings(Lorg/apache/xml/utils/XMLString;Lorg/apache/xml/utils/XMLString;)Z >"	2	9	java_comparison_cmpg	6	8
"< Application, Lorg/apache/xpath/objects/LessThanComparator, compareNumbers(DD)Z >"	0	5	java_comparison_cmpg	2	3
"< Application, Lorg/apache/xalan/xsltc/cmdline/ObjectFactory, lookUpFactoryClassName(Ljava/lang/String;Ljava/lang/String;Ljava/lang/String;)Ljava/lang/String; >"	36	80	java_comparison_cmp	78	79
"< Application, Lorg/dacapo/parser/ConfigFileTokenManager, jjMoveStringLiteralDfa8_0(JJ)I >"	17	30	java_comparison_cmp	29	6
"< Application, Lorg/apache/xalan/xsltc/compiler/CUP$XPathParser$actions, CUP$XPathParser$do_action(ILjava_cup/runtime/lr_parser;Ljava/util/Stack;I)Ljava_cup/runtime/Symbol; >"	963	3439	java_comparison_cmp	3435	3438
"< Application, Lorg/dacapo/parser/ConfigFileTokenManager, jjStopStringLiteralDfa_0(IJ)I >"	85	22	java_comparison_cmp	21	8
"< Application, Lorg/apache/xalan/lib/ExsltDynamic, min(Lorg/apache/xalan/extensions/ExpressionContext;Lorg/w3c/dom/NodeList;Ljava/lang/String;)D >"	36	43	java_comparison_cmpg	41	46
"< Application, Lorg/apache/bcel/generic/FieldGen, setInitValue(F)V >"	3	8	java_comparison_cmpl	6	7
"< Application, Lorg/apache/xalan/xsltc/runtime/BasisLibrary, compare(Ljava/lang/Object;Ljava/lang/Object;ILorg/apache/xalan/xsltc/DOM;)Z >"	77	145	java_comparison_cmpl	142	144
"< Application, Lorg/apache/xalan/xsltc/compiler/util/ObjectFactory, lookUpFactoryClassName(Ljava/lang/String;Ljava/lang/String;Ljava/lang/String;)Ljava/lang/String; >"	36	80	java_comparison_cmp	78	79
"< Application, Lorg/dacapo/parser/ConfigFileTokenManager, jjMoveStringLiteralDfa3_0(JJ)I >"	48	35	java_comparison_cmp	34	6
"< Application, Lorg/dacapo/parser/ConfigFileTokenManager, jjMoveStringLiteralDfa2_0(JJ)I >"	53	26	java_comparison_cmp	25	6
"< Application, Lorg/apache/xalan/templates/TemplateList, insertAssociationIntoList(Lorg/apache/xalan/templates/TemplateSubPatternAssociation;Lorg/apache/xalan/templates/TemplateSubPatternAssociation;Z)Lorg/apache/xalan/templates/TemplateSubPatternAssociation; >"	33	33	java_comparison_cmpl	7	28
"< Application, Lorg/dacapo/parser/ConfigFileTokenManager, jjMoveStringLiteralDfa5_0(JJ)I >"	67	32	java_comparison_cmp	31	6
"< Application, Lorg/apache/xalan/templates/ElemNumber, int2alphaCount(JLorg/apache/xml/utils/res/CharArrayWrapper;Lorg/apache/xml/utils/FastStringBuffer;)V >"	17	24	java_comparison_cmp	42	23
"< Application, Lorg/apache/xalan/xsltc/compiler/Mode, compileApplyTemplates(Lorg/apache/xalan/xsltc/compiler/util/ClassGenerator;)V >"	141	186	java_comparison_cmpl	184	170
"< Application, Lorg/apache/xpath/objects/XObject, lessThan(Lorg/apache/xpath/objects/XObject;)Z >"	6	11	java_comparison_cmpg	8	10
"< Application, Lorg/apache/xalan/templates/ElemNumber, long2roman(JZ)Ljava/lang/String; >"	0	6	java_comparison_cmp	2	5
"< Application, Lorg/apache/bcel/generic/FCONST, <init>(F)V >"	12	16	java_comparison_cmpl	14	15
"< Application, Lorg/apache/xalan/lib/sql/ObjectFactory, lookUpFactoryClassName(Ljava/lang/String;Ljava/lang/String;Ljava/lang/String;)Ljava/lang/String; >"	42	87	java_comparison_cmp	84	86
"< Application, Lorg/dacapo/parser/ConfigFileTokenManager, jjStopStringLiteralDfa_0(IJ)I >"	2	73	java_comparison_cmp	72	8
"< Application, Lorg/apache/xpath/objects/LessThanOrEqualComparator, compareStrings(Lorg/apache/xml/utils/XMLString;Lorg/apache/xml/utils/XMLString;)Z >"	2	9	java_comparison_cmpg	6	8
"< Application, Lorg/apache/xalan/templates/TemplateList, insertAssociationIntoList(Lorg/apache/xalan/templates/TemplateSubPatternAssociation;Lorg/apache/xalan/templates/TemplateSubPatternAssociation;Z)Lorg/apache/xalan/templates/TemplateSubPatternAssociation; >"	17	24	java_comparison_cmpg	7	16
"< Application, Lorg/apache/xalan/xsltc/runtime/BasisLibrary, compare(Lorg/apache/xml/dtm/DTMAxisIterator;DILorg/apache/xalan/xsltc/DOM;)Z >"	40	16	java_comparison_cmpg	15	2
"< Application, Lorg/dacapo/parser/ConfigFileTokenManager, jjMoveNfa_0(II)I >"	197	154	java_comparison_cmp	153	34
"< Application, Lorg/apache/xalan/xsltc/compiler/Template, compareTo(Ljava/lang/Object;)I >"	8	11	java_comparison_cmpg	9	10
"< Application, Lorg/apache/xalan/xsltc/compiler/ObjectFactory, lookUpFactoryClassName(Ljava/lang/String;Ljava/lang/String;Ljava/lang/String;)Ljava/lang/String; >"	36	80	java_comparison_cmp	78	79
"< Application, Lorg/dacapo/parser/ConfigFileTokenManager, jjStopStringLiteralDfa_0(IJ)I >"	34	52	java_comparison_cmp	51	8
"< Application, Lorg/apache/xalan/lib/ObjectFactory, lookUpFactoryClassName(Ljava/lang/String;Ljava/lang/String;Ljava/lang/String;)Ljava/lang/String; >"	42	87	java_comparison_cmp	84	86
"< Application, Lorg/apache/xalan/xsltc/runtime/BasisLibrary, compare(Ljava/lang/Object;Ljava/lang/Object;ILorg/apache/xalan/xsltc/DOM;)Z >"	49	162	java_comparison_cmpg	159	161
"< Application, Lorg/apache/bcel/generic/PUSH, <init>(Lorg/apache/bcel/generic/ConstantPoolGen;D)V >"	6	10	java_comparison_cmpl	3	9
"< Application, Lorg/apache/xml/utils/ObjectFactory, lookUpFactoryClassName(Ljava/lang/String;Ljava/lang/String;Ljava/lang/String;)Ljava/lang/String; >"	36	80	java_comparison_cmp	78	79
"< Application, Lorg/apache/xalan/transformer/NumeratorFormatter, long2roman(JZ)Ljava/lang/String; >"	0	6	java_comparison_cmp	2	5
"< Application, Lorg/dacapo/parser/ConfigFileTokenManager, jjStopStringLiteralDfa_0(IJ)I >"	60	42	java_comparison_cmp	41	8
"< Application, Lorg/dacapo/parser/ConfigFileTokenManager, jjMoveStringLiteralDfa6_0(JJ)I >"	33	26	java_comparison_cmp	25	6
"< Application, Lorg/apache/xalan/xsltc/trax/TransformerFactoryImpl, getBytecodesFromJar(Ljavax/xml/transform/Source;Ljava/lang/String;)[[B >"	71	94	java_comparison_cmp	92	93
"< Application, Lorg/apache/xalan/xsltc/compiler/Mode, compileApplyTemplates(Lorg/apache/xalan/xsltc/compiler/util/ClassGenerator;)V >"	129	173	java_comparison_cmpl	168	158
"< Application, Lorg/apache/xalan/xsltc/runtime/BasisLibrary, roundF(D)D >"	0	4	java_comparison_cmpg	1	3
"< Application, Lorg/dacapo/parser/ConfigFileTokenManager, jjMoveStringLiteralDfa2_0(JJ)I >"	1	7	java_comparison_cmp	5	6
"< Application, Lorg/apache/xalan/xslt/ObjectFactory, lookUpFactoryClassName(Ljava/lang/String;Ljava/lang/String;Ljava/lang/String;)Ljava/lang/String; >"	36	80	java_comparison_cmp	78	79
"< Application, Lorg/apache/bcel/generic/LCONST, <init>(J)V >"	1	8	java_comparison_cmp	2	7
"< Application, Lorg/dacapo/parser/ConfigFileTokenManager, jjMoveStringLiteralDfa2_0(JJ)I >"	29	59	java_comparison_cmp	58	6
"< Application, Lorg/apache/xpath/functions/ObjectFactory, lookUpFactoryClassName(Ljava/lang/String;Ljava/lang/String;Ljava/lang/String;)Ljava/lang/String; >"	36	80	java_comparison_cmp	78	79
"< Application, Lorg/apache/xalan/lib/ExsltMath, highest(Lorg/w3c/dom/NodeList;)Lorg/w3c/dom/NodeList; >"	12	18	java_comparison_cmpl	17	4
"< Application, Lorg/apache/xalan/templates/TemplateList, insertAssociationIntoList(Lorg/apache/xalan/templates/TemplateSubPatternAssociation;Lorg/apache/xalan/templates/TemplateSubPatternAssociation;Z)Lorg/apache/xalan/templates/TemplateSubPatternAssociation; >"	14	22	java_comparison_cmpl	7	16
"< Application, Lorg/dacapo/parser/ConfigFileTokenManager, jjMoveStringLiteralDfa1_0(J)I >"	15	49	java_comparison_cmp	47	48
"< Application, Lorg/apache/xalan/lib/ExsltMath, lowest(Lorg/w3c/dom/NodeList;)Lorg/w3c/dom/NodeList; >"	12	18	java_comparison_cmpl	17	4
"< Application, Lorg/apache/bcel/generic/ConstantPoolGen, lookupFloat(F)I >"	9	15	java_comparison_cmpl	14	2
"< Application, Lorg/apache/xalan/templates/ElemNumber, getCountString(Lorg/apache/xalan/transformer/TransformerImpl;I)Ljava/lang/String; >"	20	54	java_comparison_cmpl	45	48
"< Application, Lorg/apache/xalan/xsltc/runtime/ObjectFactory, lookUpFactoryClassName(Ljava/lang/String;Ljava/lang/String;Ljava/lang/String;)Ljava/lang/String; >"	36	80	java_comparison_cmp	78	79
"< Application, Lorg/apache/xalan/lib/sql/ObjectFactory, lookUpFactoryClassName(Ljava/lang/String;Ljava/lang/String;Ljava/lang/String;)Ljava/lang/String; >"	36	80	java_comparison_cmp	78	79
"< Application, Lorg/dacapo/parser/ConfigFileTokenManager, jjMoveStringLiteralDfa5_0(JJ)I >"	62	29	java_comparison_cmp	28	6
"< Application, Lorg/dacapo/parser/ConfigFileTokenManager, jjStopStringLiteralDfa_0(IJ)I >"	56	39	java_comparison_cmp	38	8
"< Application, Lorg/dacapo/parser/ConfigFileTokenManager, jjMoveStringLiteralDfa3_0(JJ)I >"	53	38	java_comparison_cmp	37	6
"< Application, Lorg/apache/xalan/lib/ExsltDynamic, max(Lorg/apache/xalan/extensions/ExpressionContext;Lorg/w3c/dom/NodeList;Ljava/lang/String;)D >"	36	43	java_comparison_cmpl	41	46
"< Application, Lorg/dacapo/parser/ConfigFileTokenManager, jjStopStringLiteralDfa_0(IJ)I >"	73	35	java_comparison_cmp	34	8
"< Application, Lorg/dacapo/harness/Benchmark, validate(Ljava/lang/String;)Z >"	188	268	java_comparison_cmp	249	228
"< Application, Lorg/dacapo/parser/ConfigFileTokenManager, jjMoveStringLiteralDfa3_0(JJ)I >"	21	77	java_comparison_cmp	76	6
"< Application, Lorg/apache/xalan/xsltc/runtime/Hashtable, <init>(IF)V >"	4	11	java_comparison_cmpg	9	10
"< Application, Lorg/apache/xalan/transformer/KeyIterator, acceptNode(I)S >"	17	30	java_comparison_cmpl	26	29
"< Application, Lorg/dacapo/parser/ConfigFileTokenManager, jjMoveStringLiteralDfa6_0(JJ)I >"	26	41	java_comparison_cmp	40	6
"< Application, Lorg/dacapo/parser/ConfigFileTokenManager, jjMoveStringLiteralDfa5_0(JJ)I >"	35	56	java_comparison_cmp	55	6
"< Application, Lorg/dacapo/parser/ConfigFileTokenManager, jjStopStringLiteralDfa_0(IJ)I >"	23	59	java_comparison_cmp	58	8
"< Application, Lorg/apache/xalan/extensions/ObjectFactory, lookUpFactoryClassName(Ljava/lang/String;Ljava/lang/String;Ljava/lang/String;)Ljava/lang/String; >"	36	80	java_comparison_cmp	78	79
"< Application, Lorg/apache/xalan/templates/ElemNumber, findPrecedingOrAncestorOrSelf(Lorg/apache/xpath/XPathContext;Lorg/apache/xpath/XPath;Lorg/apache/xpath/XPath;ILorg/apache/xalan/templates/ElemNumber;)I >"	5	15	java_comparison_cmpl	13	14
"< Application, Lorg/dacapo/parser/ConfigFileTokenManager, jjMoveStringLiteralDfa10_0(JJ)I >"	1	7	java_comparison_cmp	5	6
"< Application, Lorg/dacapo/parser/ConfigFileTokenManager, jjMoveStringLiteralDfa3_0(JJ)I >"	28	68	java_comparison_cmp	67	6
"< Application, Lorg/dacapo/parser/ConfigFileTokenManager, jjMoveStringLiteralDfa6_0(JJ)I >"	1	7	java_comparison_cmp	5	6
"< Application, Lorg/apache/xalan/xsltc/compiler/Mode, compileApplyTemplates(Lorg/apache/xalan/xsltc/compiler/util/ClassGenerator;)V >"	127	172	java_comparison_cmpg	168	158
"< Application, Lorg/apache/bcel/generic/FieldGen, setInitValue(D)V >"	2	7	java_comparison_cmpl	2	6
"< Application, Lorg/apache/xalan/xsltc/dom/MultipleNodeCounter, getCounter()Ljava/lang/String; >"	12	68	java_comparison_cmpg	67	62
"< Application, Lorg/dacapo/parser/ConfigFileTokenManager, jjStopStringLiteralDfa_0(IJ)I >"	40	55	java_comparison_cmp	54	8
"< Application, Lorg/apache/xalan/transformer/NodeSorter, compare(Lorg/apache/xalan/transformer/NodeSorter$NodeCompareElem;Lorg/apache/xalan/transformer/NodeSorter$NodeCompareElem;ILorg/apache/xpath/XPathContext;)I >"	54	114	java_comparison_cmpg	113	112
"< Application, Lorg/apache/xalan/xsltc/compiler/AlternativePattern, getPriority()D >"	4	9	java_comparison_cmpg	5	8
"< Application, Lorg/dacapo/parser/ConfigFileTokenManager, jjMoveStringLiteralDfa1_0(J)I >"	10	55	java_comparison_cmp	54	48
"< Application, Lorg/dacapo/parser/ConfigFileTokenManager, getNextToken()Lorg/dacapo/parser/Token; >"	26	79	java_comparison_cmp	78	47
"< Application, Lorg/dacapo/parser/ConfigFileTokenManager, jjStopStringLiteralDfa_0(IJ)I >"	12	66	java_comparison_cmp	65	8
"< Application, Lorg/apache/xpath/functions/FuncRound, execute(Lorg/apache/xpath/XPathContext;)Lorg/apache/xpath/objects/XObject; >"	3	10	java_comparison_cmpl	8	9
"< Application, Lorg/apache/xalan/xsltc/runtime/BasisLibrary, compare(Ljava/lang/Object;Ljava/lang/Object;ILorg/apache/xalan/xsltc/DOM;)Z >"	133	119	java_comparison_cmpl	116	118
"< Application, Lorg/apache/xpath/objects/XNumber, str()Ljava/lang/String; >"	8	130	java_comparison_cmpl	128	129
"< Application, Lorg/dacapo/parser/Config$OutputFile, hasBytes()Z >"	1	5	java_comparison_cmp	3	4
"< Application, Lorg/apache/xalan/xsltc/compiler/LocationPathPattern, noSmallerThan(Lorg/apache/xalan/xsltc/compiler/LocationPathPattern;)Z >"	14	14	java_comparison_cmpl	12	13
"< Application, Lorg/dacapo/parser/ConfigFileTokenManager, jjMoveNfa_0(II)I >"	171	162	java_comparison_cmp	161	34
"< Application, Lorg/apache/xpath/objects/GreaterThanComparator, compareStrings(Lorg/apache/xml/utils/XMLString;Lorg/apache/xml/utils/XMLString;)Z >"	2	9	java_comparison_cmpl	6	8
"< Application, Lorg/apache/xalan/xsltc/runtime/BasisLibrary, compareStrings(Ljava/lang/String;Ljava/lang/String;ILorg/apache/xalan/xsltc/DOM;)Z >"	10	33	java_comparison_cmpl	30	32
"< Application, Lorg/apache/xalan/templates/ElemNumber, long2roman(JZ)Ljava/lang/String; >"	45	56	java_comparison_cmp	52	5
"< Application, Lorg/dacapo/parser/ConfigFileTokenManager, jjMoveStringLiteralDfa1_2(J)I >"	9	14	java_comparison_cmp	12	13
"< Application, Lorg/dacapo/parser/ConfigFileTokenManager, jjMoveStringLiteralDfa9_0(JJ)I >"	1	7	java_comparison_cmp	5	6
"< Application, Lorg/dacapo/parser/ConfigFileTokenManager, jjStopStringLiteralDfa_0(IJ)I >"	45	45	java_comparison_cmp	44	8
"< Application, Lorg/apache/xalan/xsltc/runtime/BasisLibrary, booleanF(Ljava/lang/Object;)Z >"	4	49	java_comparison_cmpl	48	43
"< Application, Lorg/apache/xalan/lib/ObjectFactory, lookUpFactoryClassName(Ljava/lang/String;Ljava/lang/String;Ljava/lang/String;)Ljava/lang/String; >"	36	80	java_comparison_cmp	78	79
"< Application, Lorg/apache/xalan/templates/ElemNumber, int2alphaCount(JLorg/apache/xml/utils/res/CharArrayWrapper;Lorg/apache/xml/utils/FastStringBuffer;)V >"	31	34	java_comparison_cmp	33	23
"< Application, Lorg/apache/xpath/objects/XObject, greaterThan(Lorg/apache/xpath/objects/XObject;)Z >"	6	11	java_comparison_cmpl	8	10
"< Application, Lorg/dacapo/parser/ConfigFileTokenManager, jjMoveNfa_0(II)I >"	96	121	java_comparison_cmp	120	34
"< Application, Lorg/apache/xalan/xsltc/compiler/ObjectFactory, lookUpFactoryClassName(Ljava/lang/String;Ljava/lang/String;Ljava/lang/String;)Ljava/lang/String; >"	42	87	java_comparison_cmp	84	86
"< Application, Lorg/dacapo/parser/ConfigFileTokenManager, jjMoveStringLiteralDfa5_0(JJ)I >"	57	26	java_comparison_cmp	25	6
"< Application, Lorg/apache/xpath/functions/ObjectFactory, lookUpFactoryClassName(Ljava/lang/String;Ljava/lang/String;Ljava/lang/String;)Ljava/lang/String; >"	42	87	java_comparison_cmp	84	86
"< Application, Lorg/dacapo/parser/ConfigFileTokenManager, jjMoveStringLiteralDfa3_0(JJ)I >"	60	25	java_comparison_cmp	24	6
"< Application, Lorg/apache/xalan/xsltc/compiler/StepPattern, getDefaultPriority()D >"	1	5	java_comparison_cmpl	3	4
"< Application, Lorg/dacapo/parser/ConfigFileTokenManager, jjMoveNfa_0(II)I >"	145	99	java_comparison_cmp	98	34
"< Application, Lorg/dacapo/parser/ConfigFileTokenManager, jjMoveStringLiteralDfa5_0(JJ)I >"	15	94	java_comparison_cmp	93	6
"< Application, Lorg/apache/xalan/lib/ExsltMath, min(Lorg/w3c/dom/NodeList;)D >"	12	16	java_comparison_cmpg	13	20
"< Application, Lorg/apache/xalan/xsltc/runtime/BasisLibrary, compare(Lorg/apache/xml/dtm/DTMAxisIterator;DILorg/apache/xalan/xsltc/DOM;)Z >"	26	32	java_comparison_cmpg	31	2
"< Application, Lorg/apache/bcel/generic/PUSH, <init>(Lorg/apache/bcel/generic/ConstantPoolGen;F)V >"	2	8	java_comparison_cmpl	6	7
"< Application, Lorg/dacapo/parser/ConfigFileTokenManager, jjMoveNfa_0(II)I >"	112	84	java_comparison_cmp	83	34
"< Application, Lorg/dacapo/parser/ConfigFileTokenManager, jjMoveStringLiteralDfa4_0(JJ)I >"	1	7	java_comparison_cmp	5	6
"< Application, Lorg/apache/xalan/xsltc/runtime/ObjectFactory, lookUpFactoryClassName(Ljava/lang/String;Ljava/lang/String;Ljava/lang/String;)Ljava/lang/String; >"	42	87	java_comparison_cmp	84	86
"< Application, Lorg/dacapo/parser/ConfigFileTokenManager, jjMoveStringLiteralDfa4_0(JJ)I >"	55	23	java_comparison_cmp	22	6
"< Application, Lorg/dacapo/parser/ConfigFileTokenManager, jjMoveNfa_0(II)I >"	19	53	java_comparison_cmp	52	34
"< Application, Lorg/apache/xalan/templates/ElemNumber, getMatchingAncestors(Lorg/apache/xpath/XPathContext;IZ)Lorg/apache/xml/utils/NodeVector; >"	11	21	java_comparison_cmpl	19	20
"< Application, Lorg/apache/xml/serializer/ObjectFactory, lookUpFactoryClassName(Ljava/lang/String;Ljava/lang/String;Ljava/lang/String;)Ljava/lang/String; >"	36	80	java_comparison_cmp	78	79
"< Application, Lorg/dacapo/parser/ConfigFileTokenManager, jjMoveNfa_0(II)I >"	80	114	java_comparison_cmp	113	34
"< Application, Lorg/apache/xalan/xsltc/dom/MultipleNodeCounter, getCounter()Ljava/lang/String; >"	4	63	java_comparison_cmpl	61	62
"< Application, Lorg/dacapo/parser/ConfigFileTokenManager, jjMoveStringLiteralDfa8_0(JJ)I >"	24	20	java_comparison_cmp	19	6
"< Application, Lorg/apache/xalan/xsltc/dom/SingleNodeCounter$DefaultSingleNodeCounter, getCounter()Ljava/lang/String; >"	4	20	java_comparison_cmpl	18	19
"< Application, Lorg/apache/xalan/xsltc/runtime/BasisLibrary, compare(Lorg/apache/xml/dtm/DTMAxisIterator;DILorg/apache/xalan/xsltc/DOM;)Z >"	19	39	java_comparison_cmpl	38	2
"< Application, Lorg/apache/bcel/generic/PUSH, <init>(Lorg/apache/bcel/generic/ConstantPoolGen;J)V >"	6	10	java_comparison_cmp	3	9
"< Application, Lorg/apache/xpath/objects/XObject, greaterThanOrEqual(Lorg/apache/xpath/objects/XObject;)Z >"	6	11	java_comparison_cmpl	8	10
"< Application, Lorg/dacapo/parser/ConfigFileTokenManager, jjStopStringLiteralDfa_0(IJ)I >"	29	62	java_comparison_cmp	61	8
"< Application, Lorg/apache/xalan/templates/ElemNumber, getCountString(Lorg/apache/xalan/transformer/TransformerImpl;I)Ljava/lang/String; >"	12	49	java_comparison_cmpg	45	48
"< Application, Lorg/apache/xalan/xsltc/runtime/BasisLibrary, compareStrings(Ljava/lang/String;Ljava/lang/String;ILorg/apache/xalan/xsltc/DOM;)Z >"	17	27	java_comparison_cmpg	24	26
"< Application, Lorg/apache/xalan/xsltc/compiler/Mode, compileApplyTemplates(Lorg/apache/xalan/xsltc/compiler/util/ClassGenerator;)V >"	125	171	java_comparison_cmpl	168	170
"< Application, Lorg/apache/xalan/processor/StylesheetHandler, getProcessorFor(Ljava/lang/String;Ljava/lang/String;Ljava/lang/String;)Lorg/apache/xalan/processor/XSLTElementProcessor; >"	19	33	java_comparison_cmpl	32	25
"< Application, Lorg/apache/xalan/xsltc/compiler/Mode, compileApplyImports(Lorg/apache/xalan/xsltc/compiler/util/ClassGenerator;II)V >"	161	197	java_comparison_cmpg	194	168
"< Application, Lorg/dacapo/parser/ConfigFileTokenManager, jjMoveNfa_0(II)I >"	131	94	java_comparison_cmp	93	34
"< Application, Lorg/apache/xpath/compiler/Compiler, getNextMethodId()J >"	1	5	java_comparison_cmp	3	4
"< Application, Lorg/apache/xalan/transformer/NumeratorFormatter, long2roman(JZ)Ljava/lang/String; >"	50	56	java_comparison_cmp	52	5
"< Application, Lorg/apache/xalan/xsltc/dom/DocumentCache, retrieveDocument(Ljava/lang/String;Ljava/lang/String;Lorg/apache/xalan/xsltc/Translet;)Lorg/apache/xalan/xsltc/DOM; >"	21	25	java_comparison_cmp	19	24
"< Application, Lorg/dacapo/parser/ConfigFileTokenManager, jjMoveStringLiteralDfa2_0(JJ)I >"	42	41	java_comparison_cmp	40	6
"< Application, Lorg/dacapo/parser/ConfigFileTokenManager, jjMoveStringLiteralDfa7_0(JJ)I >"	1	7	java_comparison_cmp	5	6
"< Application, Lorg/apache/xalan/xsltc/runtime/BasisLibrary, compare(Ljava/lang/Object;Ljava/lang/Object;ILorg/apache/xalan/xsltc/DOM;)Z >"	28	180	java_comparison_cmpl	177	179
"< Application, Lorg/apache/xalan/transformer/NodeSorter, compare(Lorg/apache/xalan/transformer/NodeSorter$NodeCompareElem;Lorg/apache/xalan/transformer/NodeSorter$NodeCompareElem;ILorg/apache/xpath/XPathContext;)I >"	60	115	java_comparison_cmpl	113	112
"< Application, Lorg/apache/xpath/objects/XNumber, bool()Z >"	4	9	java_comparison_cmpl	7	8
"< Application, Lorg/apache/xalan/templates/ElemNumber, getPreviousNode(Lorg/apache/xpath/XPathContext;I)I >"	27	39	java_comparison_cmpl	38	18
"< Application, Lorg/apache/xpath/objects/GreaterThanComparator, compareNumbers(DD)Z >"	0	5	java_comparison_cmpl	2	3
"< Application, Lorg/apache/bcel/generic/PUSH, <init>(Lorg/apache/bcel/generic/ConstantPoolGen;F)V >"	14	15	java_comparison_cmpl	13	14
"< Application, Lorg/apache/xalan/xsltc/dom/ObjectFactory, lookUpFactoryClassName(Ljava/lang/String;Ljava/lang/String;Ljava/lang/String;)Ljava/lang/String; >"	42	87	java_comparison_cmp	84	86
"< Application, Lorg/dacapo/parser/ConfigFileTokenManager, jjMoveStringLiteralDfa11_0(JJ)I >"	15	27	java_comparison_cmp	26	6
"< Application, Lorg/apache/xalan/templates/ElemNumber, findAncestor(Lorg/apache/xpath/XPathContext;Lorg/apache/xpath/XPath;Lorg/apache/xpath/XPath;ILorg/apache/xalan/templates/ElemNumber;)I >"	5	15	java_comparison_cmpl	13	14
"< Application, Lorg/apache/xalan/xsltc/compiler/CUP$XPathParser$actions, CUP$XPathParser$do_action(ILjava_cup/runtime/lr_parser;Ljava/util/Stack;I)Ljava_cup/runtime/Symbol; >"	961	3437	java_comparison_cmp	3435	3436
"< Application, Lorg/apache/xpath/patterns/UnionPattern, execute(Lorg/apache/xpath/XPathContext;)Lorg/apache/xpath/objects/XObject; >"	13	17	java_comparison_cmpl	14	16
"< Application, Lorg/apache/xpath/objects/LessThanOrEqualComparator, compareNumbers(DD)Z >"	0	5	java_comparison_cmpg	2	3
"< Application, Lorg/apache/xpath/objects/XNumber, equals(Lorg/apache/xpath/objects/XObject;)Z >"	13	11	java_comparison_cmpl	8	10
"< Application, Lorg/apache/xalan/xsltc/runtime/BasisLibrary, booleanF(Ljava/lang/Object;)Z >"	15	44	java_comparison_cmpl	42	43
"< Application, Lorg/dacapo/parser/ConfigFileTokenManager, getNextToken()Lorg/dacapo/parser/Token; >"	115	92	java_comparison_cmp	91	47
"< Application, Lorg/apache/xalan/templates/TemplateSubPatternAssociation, matches(Lorg/apache/xpath/XPathContext;ILorg/apache/xml/utils/QName;)Z >"	2	10	java_comparison_cmpl	9	8
"< Application, Lorg/apache/xalan/xsltc/trax/TransformerFactoryImpl, getBytecodesFromJar(Ljavax/xml/transform/Source;Ljava/lang/String;)[[B >"	41	53	java_comparison_cmp	52	50
"< Application, Lorg/apache/xalan/xsltc/compiler/Mode, compileApplyTemplates(Lorg/apache/xalan/xsltc/compiler/util/ClassGenerator;)V >"	145	188	java_comparison_cmpl	184	158
"< Application, Lorg/apache/xalan/templates/ElemNumber, getMatchingAncestors(Lorg/apache/xpath/XPathContext;IZ)Lorg/apache/xml/utils/NodeVector; >"	19	28	java_comparison_cmpl	27	20
"< Application, Lorg/apache/xalan/templates/ElemNumber, getPreviousNode(Lorg/apache/xpath/XPathContext;I)I >"	39	19	java_comparison_cmpl	17	18
"< Application, Lorg/apache/xalan/xsltc/runtime/BasisLibrary, compare(Ljava/lang/Object;Ljava/lang/Object;ILorg/apache/xalan/xsltc/DOM;)Z >"	42	168	java_comparison_cmpl	165	167
"< Application, Lorg/dacapo/parser/ConfigFileTokenManager, jjStopStringLiteralDfa_0(IJ)I >"	16	69	java_comparison_cmp	68	8
"< Application, Lorg/dacapo/parser/ConfigFileTokenManager, jjMoveStringLiteralDfa3_0(JJ)I >"	1	7	java_comparison_cmp	5	6
"< Application, Lorg/dacapo/parser/ConfigFileTokenManager, jjMoveNfa_0(II)I >"	206	159	java_comparison_cmp	158	34
"< Application, Lorg/dacapo/parser/ConfigFileTokenManager, jjStopStringLiteralDfa_0(IJ)I >"	6	75	java_comparison_cmp	74	8
"< Application, Lorg/apache/xalan/templates/ElemNumber, int2alphaCount(JLorg/apache/xml/utils/res/CharArrayWrapper;Lorg/apache/xml/utils/FastStringBuffer;)V >"	37	38	java_comparison_cmp	33	23
"< Application, Lorg/apache/xalan/xsltc/trax/TransformerFactoryImpl, getBytecodesFromClasses(Ljavax/xml/transform/Source;Ljava/lang/String;)[[B >"	55	74	java_comparison_cmp	73	71
"< Application, Lorg/apache/xalan/extensions/ObjectFactory, lookUpFactoryClassName(Ljava/lang/String;Ljava/lang/String;Ljava/lang/String;)Ljava/lang/String; >"	42	87	java_comparison_cmp	84	86
"< Application, Lorg/dacapo/parser/ConfigFileTokenManager, jjMoveStringLiteralDfa3_0(JJ)I >"	39	53	java_comparison_cmp	52	6
"< Application, Lorg/dacapo/parser/ConfigFileTokenManager, jjStopStringLiteralDfa_0(IJ)I >"	103	9	java_comparison_cmp	7	8
"< Application, Lorg/apache/xalan/xsltc/dom/AnyNodeCounter$DefaultAnyNodeCounter, getCounter()Ljava/lang/String; >"	4	27	java_comparison_cmpl	25	26
"< Application, Lorg/dacapo/parser/ConfigFileTokenManager, jjMoveStringLiteralDfa11_0(JJ)I >"	1	7	java_comparison_cmp	5	6
"< Application, Lorg/apache/xalan/xsltc/dom/DocumentCache, retrieveDocument(Ljava/lang/String;Ljava/lang/String;Lorg/apache/xalan/xsltc/Translet;)Lorg/apache/xalan/xsltc/DOM; >"	26	31	java_comparison_cmp	28	30
"< Application, Lorg/dacapo/parser/ConfigFileTokenManager, jjMoveStringLiteralDfa4_0(JJ)I >"	19	75	java_comparison_cmp	74	6
"< Application, Lorg/apache/xalan/xsltc/compiler/LocationPathPattern, noSmallerThan(Lorg/apache/xalan/xsltc/compiler/LocationPathPattern;)Z >"	9	10	java_comparison_cmpl	8	9
"< Application, Lorg/apache/xml/dtm/ref/ObjectFactory, lookUpFactoryClassName(Ljava/lang/String;Ljava/lang/String;Ljava/lang/String;)Ljava/lang/String; >"	42	87	java_comparison_cmp	84	86
"< Application, Lorg/apache/bcel/generic/FieldGen, setInitValue(J)V >"	2	7	java_comparison_cmp	2	6
"< Application, Lorg/dacapo/parser/ConfigFileTokenManager, jjStopStringLiteralDfa_0(IJ)I >"	67	32	java_comparison_cmp	31	8
"< Application, Lorg/apache/xalan/xsltc/dom/SingleNodeCounter, getCounter()Ljava/lang/String; >"	1	5	java_comparison_cmpl	3	4
"< Application, Lorg/dacapo/parser/ConfigFileTokenManager, jjMoveNfa_0(II)I >"	136	97	java_comparison_cmp	96	34
"< Application, Lorg/dacapo/parser/ConfigFileTokenManager, jjMoveStringLiteralDfa6_0(JJ)I >"	19	50	java_comparison_cmp	49	6
"< Application, Lorg/apache/bcel/generic/DCONST, <init>(D)V >"	1	8	java_comparison_cmpl	2	7
"< Application, Lorg/apache/xalan/templates/ElemNumber, tradAlphaCount(JLorg/apache/xml/utils/res/XResourceBundle;)Ljava/lang/String; >"	156	191	java_comparison_cmp	190	78
"< Application, Lorg/dacapo/parser/ConfigFileTokenManager, jjMoveStringLiteralDfa8_0(JJ)I >"	1	7	java_comparison_cmp	5	6
"< Application, Lorg/apache/xalan/xsltc/runtime/BasisLibrary, compare(Lorg/apache/xml/dtm/DTMAxisIterator;DILorg/apache/xalan/xsltc/DOM;)Z >"	12	46	java_comparison_cmpl	45	2
"< Application, Lorg/apache/xalan/xsltc/cmdline/ObjectFactory, lookUpFactoryClassName(Ljava/lang/String;Ljava/lang/String;Ljava/lang/String;)Ljava/lang/String; >"	42	87	java_comparison_cmp	84	86
"< Application, Lorg/apache/xalan/xsltc/dom/AnyNodeCounter, getCounter()Ljava/lang/String; >"	1	5	java_comparison_cmpl	3	4
"< Application, Lorg/dacapo/parser/ConfigFileTokenManager, jjMoveStringLiteralDfa5_0(JJ)I >"	22	86	java_comparison_cmp	85	6
"< Application, Lorg/apache/xalan/xsltc/compiler/Mode, compileApplyTemplates(Lorg/apache/xalan/xsltc/compiler/util/ClassGenerator;)V >"	143	187	java_comparison_cmpg	184	158
"< Application, Lorg/apache/xalan/xsltc/compiler/Mode, compileApplyImports(Lorg/apache/xalan/xsltc/compiler/util/ClassGenerator;II)V >"	147	183	java_comparison_cmpl	178	168
"< Application, Lorg/apache/bcel/generic/ConstantPoolGen, lookupLong(J)I >"	9	15	java_comparison_cmp	14	2
"< Application, Lorg/apache/xalan/lib/ExsltDatetime, year(Ljava/lang/String;)D >"	16	24	java_comparison_cmpl	22	23
"< Application, Lorg/dacapo/parser/ConfigFileTokenManager, jjMoveStringLiteralDfa5_0(JJ)I >"	1	7	java_comparison_cmp	5	6
"< Application, Lorg/apache/bcel/generic/ConstantPoolGen, lookupDouble(D)I >"	9	15	java_comparison_cmpl	14	2
"< Application, Lorg/dacapo/parser/ConfigFileTokenManager, jjStopStringLiteralDfa_0(IJ)I >"	78	29	java_comparison_cmp	28	8
"< Application, Lorg/apache/xalan/templates/ElemNumber, tradAlphaCount(JLorg/apache/xml/utils/res/XResourceBundle;)Ljava/lang/String; >"	23	43	java_comparison_cmp	2	42
"< Application, Lorg/apache/xpath/functions/FuncRound, execute(Lorg/apache/xpath/XPathContext;)Lorg/apache/xpath/objects/XObject; >"	10	14	java_comparison_cmpl	8	12
"< Application, Lorg/dacapo/parser/ConfigFileTokenManager, jjMoveNfa_0(II)I >"	189	172	java_comparison_cmp	171	34
"< Application, Lorg/apache/xpath/objects/EqualComparator, compareNumbers(DD)Z >"	0	5	java_comparison_cmpl	2	3
"< Application, Lorg/apache/xalan/xsltc/compiler/Mode, compileApplyImports(Lorg/apache/xalan/xsltc/compiler/util/ClassGenerator;II)V >"	159	196	java_comparison_cmpl	194	180
"< Application, Lorg/apache/xalan/xslt/ObjectFactory, lookUpFactoryClassName(Ljava/lang/String;Ljava/lang/String;Ljava/lang/String;)Ljava/lang/String; >"	42	87	java_comparison_cmp	84	86
"< Application, Lorg/apache/xalan/processor/StylesheetHandler, getProcessorFor(Ljava/lang/String;Ljava/lang/String;Ljava/lang/String;)Lorg/apache/xalan/processor/XSLTElementProcessor; >"	12	26	java_comparison_cmpl	24	25
"< Application, Lorg/apache/xalan/xsltc/runtime/BasisLibrary, compareStrings(Ljava/lang/String;Ljava/lang/String;ILorg/apache/xalan/xsltc/DOM;)Z >"	24	21	java_comparison_cmpl	18	20
"< Application, Lorg/dacapo/parser/ConfigFileTokenManager, jjMoveNfa_0(II)I >"	227	35	java_comparison_cmp	33	34
