"< Application, Lorg/apache/xalan/xsltc/runtime/BasisLibrary, realToInt(D)I >"	0	3	java_prim_type_int	1	java_prim_type_double
"< Application, Lorg/apache/xml/serializer/WriterToUTF8Buffered, write(Ljava/lang/String;)V >"	18	105	java_prim_type_long	101	java_prim_type_int
"< Application, Lorg/apache/bcel/generic/PUSH, <init>(Lorg/apache/bcel/generic/ConstantPoolGen;F)V >"	7	10	java_prim_type_double	3	java_prim_type_float
"< Application, Lorg/dacapo/harness/TestHarness, coeff_of_var([J)D >"	6	9	java_prim_type_double	8	java_prim_type_long
"< Application, Lorg/apache/xml/serializer/WriterToUTF8Buffered, write(I)V >"	18	68	java_prim_type_byte	67	java_prim_type_int
"< Application, Lorg/apache/xml/serializer/WriterToUTF8Buffered, write(Ljava/lang/String;)V >"	115	86	java_prim_type_byte	85	java_prim_type_int
"< Application, Lorg/apache/xalan/xsltc/dom/SAXImpl, getMapping([Ljava/lang/String;[Ljava/lang/String;[I)[S >"	31	30	java_prim_type_short	29	java_prim_type_int
"< Application, Lorg/apache/xalan/templates/ElemNumber, int2alphaCount(JLorg/apache/xml/utils/res/CharArrayWrapper;Lorg/apache/xml/utils/FastStringBuffer;)V >"	22	27	java_prim_type_long	26	java_prim_type_int
"< Application, Lorg/apache/bcel/generic/TABLESWITCH, <init>([I[Lorg/apache/bcel/generic/InstructionHandle;Lorg/apache/bcel/generic/InstructionHandle;)V >"	4	13	java_prim_type_short	12	java_prim_type_int
"< Application, Lorg/apache/xml/serializer/SerializerTraceWriter, write(I)V >"	57	36	java_prim_type_byte	35	java_prim_type_int
"< Application, Lorg/apache/bcel/classfile/Signature, matchIdent(Lorg/apache/bcel/classfile/Signature$MyByteArrayInputStream;Ljava/lang/StringBuffer;)V >"	27	53	java_prim_type_long	52	java_prim_type_int
"< Application, Lorg/apache/xalan/xsltc/dom/SAXImpl, getMapping([Ljava/lang/String;[Ljava/lang/String;[I)[S >"	10	14	java_prim_type_short	17	java_prim_type_int
"< Application, Lorg/apache/xalan/xsltc/trax/TransformerFactoryImpl, getBytecodesFromClasses(Ljavax/xml/transform/Source;Ljava/lang/String;)[[B >"	62	79	java_prim_type_int	78	java_prim_type_long
"< Application, Lorg/apache/bcel/generic/FCONST, <init>(F)V >"	1	7	java_prim_type_double	2	java_prim_type_float
"< Application, Lorg/apache/bcel/generic/PUSH, <init>(Lorg/apache/bcel/generic/ConstantPoolGen;F)V >"	1	6	java_prim_type_double	3	java_prim_type_float
"< Application, Lorg/apache/xml/dtm/ref/ExpandedNameTable, rehash()V >"	5	9	java_prim_type_float	8	java_prim_type_int
"< Application, Lorg/apache/xml/dtm/ref/DTMDocumentImpl, getLevel(I)S >"	3	7	java_prim_type_short	6	java_prim_type_int
"< Application, Lorg/apache/xml/serializer/WriterToUTF8Buffered, write(Ljava/lang/String;)V >"	20	107	java_prim_type_int	106	java_prim_type_long
"< Application, Lorg/apache/bcel/classfile/Utility, codeToString(Lorg/apache/bcel/util/ByteSequence;Lorg/apache/bcel/classfile/ConstantPool;Z)Ljava/lang/String; >"	1	7	java_prim_type_short	6	java_prim_type_int
"< Application, Lorg/apache/xalan/xsltc/cmdline/Transform, doTransform()V >"	87	150	java_prim_type_double	121	java_prim_type_long
"< Application, Lorg/apache/xml/serializer/WriterToUTF8Buffered, write(Ljava/lang/String;)V >"	82	53	java_prim_type_byte	52	java_prim_type_int
"< Application, Lorg/apache/xalan/xsltc/runtime/Hashtable, <init>(IF)V >"	10	15	java_prim_type_float	8	java_prim_type_int
"< Application, Lorg/apache/bcel/classfile/Utility, byteToShort(B)S >"	2	7	java_prim_type_short	6	java_prim_type_int
"< Application, Lorg/apache/xml/dtm/ref/DTMDocumentImpl, getNodeType(I)S >"	3	10	java_prim_type_short	9	java_prim_type_int
"< Application, Lorg/apache/xalan/xsltc/compiler/CastExpr, translateDesynthesized(Lorg/apache/xalan/xsltc/compiler/util/ClassGenerator;Lorg/apache/xalan/xsltc/compiler/util/MethodGenerator;)V >"	11	40	java_prim_type_short	39	java_prim_type_int
"< Application, Lorg/apache/xalan/lib/ExsltDatetime, hourInDay()D >"	2	7	java_prim_type_double	6	java_prim_type_int
"< Application, Lorg/apache/bcel/generic/Instruction, readInstruction(Lorg/apache/bcel/util/ByteSequence;)Lorg/apache/bcel/generic/Instruction; >"	4	12	java_prim_type_short	11	java_prim_type_int
"< Application, Lorg/apache/bcel/util/InstructionFinder, precompile(SSS)Ljava/lang/String; >"	7	17	java_prim_type_short	16	java_prim_type_int
"< Application, Lorg/apache/xml/utils/XMLChar, <clinit>()V >"	638	893	java_prim_type_byte	892	java_prim_type_int
"< Application, Lorg/apache/xalan/xsltc/runtime/Hashtable, rehash()V >"	9	14	java_prim_type_int	13	java_prim_type_float
"< Application, Lorg/apache/xml/dtm/ref/DTMDocumentImpl, getAttributeNode(ILjava/lang/String;Ljava/lang/String;)I >"	11	22	java_prim_type_short	21	java_prim_type_int
"< Application, Lorg/apache/xml/serializer/SerializerTraceWriter, write([CII)V >"	52	52	java_prim_type_byte	51	java_prim_type_int
"< Application, Lorg/apache/xpath/patterns/StepPattern, executePredicates(Lorg/apache/xpath/XPathContext;Lorg/apache/xml/dtm/DTM;I)Z >"	11	23	java_prim_type_int	22	java_prim_type_double
"< Application, Lorg/apache/xalan/templates/ElemNumber, tradAlphaCount(JLorg/apache/xml/utils/res/XResourceBundle;)Ljava/lang/String; >"	82	101	java_prim_type_int	68	java_prim_type_long
"< Application, Lorg/apache/xml/serializer/WriterToUTF8Buffered, write([CII)V >"	79	50	java_prim_type_byte	49	java_prim_type_int
"< Application, Lorg/apache/xml/dtm/ref/DTMDocumentImpl, getNextSibling(I)I >"	6	12	java_prim_type_short	11	java_prim_type_int
"< Application, Lorg/apache/bcel/generic/PUSH, <init>(Lorg/apache/bcel/generic/ConstantPoolGen;I)V >"	18	17	java_prim_type_short	3	java_prim_type_int
"< Application, Lorg/apache/xpath/functions/FuncSubstring, execute(Lorg/apache/xpath/XPathContext;)Lorg/apache/xpath/objects/XObject; >"	17	24	java_prim_type_int	21	java_prim_type_double
"< Application, Lorg/apache/xalan/xsltc/dom/AnyNodeCounter, getCounter()Ljava/lang/String; >"	23	39	java_prim_type_int	38	java_prim_type_double
"< Application, Lorg/apache/bcel/classfile/Signature, matchGJIdent(Lorg/apache/bcel/classfile/Signature$MyByteArrayInputStream;Ljava/lang/StringBuffer;)V >"	4	10	java_prim_type_char	6	java_prim_type_int
"< Application, Lorg/apache/regexp/RECompiler, terminal([I)I >"	37	36	java_prim_type_char	35	java_prim_type_int
"< Application, Lorg/apache/regexp/RECompiler, nodeInsert(CII)V >"	11	18	java_prim_type_char	3	java_prim_type_int
"< Application, Lorg/apache/bcel/classfile/Signature, matchIdent(Lorg/apache/bcel/classfile/Signature$MyByteArrayInputStream;Ljava/lang/StringBuffer;)V >"	43	14	java_prim_type_char	22	java_prim_type_int
"< Application, Lorg/apache/xml/serializer/CharInfo, <init>(Ljava/lang/String;Ljava/lang/String;Z)V >"	18	124	java_prim_type_char	123	java_prim_type_int
"< Application, Lorg/apache/xalan/xsltc/dom/AnyNodeCounter$DefaultAnyNodeCounter, getCounter()Ljava/lang/String; >"	23	40	java_prim_type_int	39	java_prim_type_double
"< Application, Lorg/apache/xalan/xsltc/runtime/Hashtable, rehash()V >"	6	11	java_prim_type_float	9	java_prim_type_int
"< Application, Lorg/apache/bcel/classfile/Utility, decode(Ljava/lang/String;Z)[B >"	25	33	java_prim_type_byte	30	java_prim_type_int
"< Application, Lorg/apache/xml/utils/XMLChar, <clinit>()V >"	660	909	java_prim_type_byte	908	java_prim_type_int
"< Application, Lorg/apache/bcel/generic/LocalVariableInstruction, setIndex(I)V >"	15	14	java_prim_type_short	13	java_prim_type_int
"< Application, Lorg/apache/xml/dtm/ref/DTMDocumentImpl, getNextDescendant(II)I >"	24	26	java_prim_type_short	25	java_prim_type_int
"< Application, Lorg/apache/xml/utils/XMLChar, <clinit>()V >"	803	1020	java_prim_type_byte	1019	java_prim_type_int
"< Application, Lorg/apache/xml/serializer/WriterToUTF8Buffered, write([CII)V >"	14	100	java_prim_type_long	4	java_prim_type_int
"< Application, Lorg/apache/xalan/xsltc/runtime/BasisLibrary, substringF(Ljava/lang/String;DD)Ljava/lang/String; >"	2	9	java_prim_type_int	8	java_prim_type_long
"< Application, Lorg/apache/regexp/RECompiler, characterClass()I >"	181	186	java_prim_type_char	185	java_prim_type_int
"< Application, Lorg/apache/xml/serializer/WriterToUTF8Buffered, write(I)V >"	80	35	java_prim_type_byte	34	java_prim_type_int
"< Application, Lorg/apache/regexp/RECompiler, node(CI)I >"	7	13	java_prim_type_char	3	java_prim_type_int
"< Application, Lorg/apache/xpath/functions/FuncStringLength, execute(Lorg/apache/xpath/XPathContext;)Lorg/apache/xpath/objects/XObject; >"	3	9	java_prim_type_double	8	java_prim_type_int
"< Application, Lorg/apache/xalan/templates/ElemNumber, int2alphaCount(JLorg/apache/xml/utils/res/CharArrayWrapper;Lorg/apache/xml/utils/FastStringBuffer;)V >"	28	32	java_prim_type_long	7	java_prim_type_int
"< Application, Lorg/apache/xml/serializer/utils/XMLChar, lowSurrogate(I)C >"	3	9	java_prim_type_char	8	java_prim_type_int
"< Application, Lorg/apache/xml/utils/XMLChar, highSurrogate(I)C >"	3	9	java_prim_type_char	8	java_prim_type_int
"< Application, Lorg/apache/xpath/operations/Quo, operate(Lorg/apache/xpath/objects/XObject;Lorg/apache/xpath/objects/XObject;)Lorg/apache/xpath/objects/XObject; >"	4	11	java_prim_type_int	10	java_prim_type_double
"< Application, Lorg/apache/xml/serializer/Encodings, toUpperCaseFast(Ljava/lang/String;)Ljava/lang/String; >"	8	13	java_prim_type_char	12	java_prim_type_int
"< Application, Lorg/apache/xml/serializer/WriterToUTF8Buffered, write([CII)V >"	46	19	java_prim_type_byte	15	java_prim_type_int
"< Application, Lorg/apache/xpath/functions/FuncSubstring, execute(Lorg/apache/xpath/XPathContext;)Lorg/apache/xpath/objects/XObject; >"	29	43	java_prim_type_int	42	java_prim_type_double
"< Application, Lorg/apache/bcel/util/CodeHTML, codeToHTML(Lorg/apache/bcel/util/ByteSequence;I)Ljava/lang/String; >"	1	7	java_prim_type_short	6	java_prim_type_int
"< Application, Lorg/apache/xml/serializer/SerializerTraceWriter, write(I)V >"	49	30	java_prim_type_byte	29	java_prim_type_int
"< Application, Lorg/apache/xml/dtm/ref/DTMDocumentImpl, getNodeName(I)Ljava/lang/String; >"	6	12	java_prim_type_short	11	java_prim_type_int
"< Application, Lorg/apache/xalan/extensions/MethodResolver, convertDoubleToNumber(DLjava/lang/Class;)Ljava/lang/Object; >"	15	30	java_prim_type_long	1	java_prim_type_double
"< Application, Lorg/apache/xalan/xsltc/dom/SAXImpl, getMapping2([Ljava/lang/String;[Ljava/lang/String;[I)[S >"	26	31	java_prim_type_short	33	java_prim_type_int
"< Application, Lorg/apache/xml/serializer/SerializerTraceWriter, flushBuffer()V >"	9	10	java_prim_type_char	9	java_prim_type_int
"< Application, Lorg/apache/xalan/xsltc/trax/TransformerFactoryImpl, getBytecodesFromClasses(Ljavax/xml/transform/Source;Ljava/lang/String;)[[B >"	100	117	java_prim_type_int	116	java_prim_type_long
"< Application, Lorg/apache/xml/utils/XMLChar, <clinit>()V >"	779	1004	java_prim_type_byte	1003	java_prim_type_int
"< Application, Lorg/apache/xpath/functions/FuncSubstring, execute(Lorg/apache/xpath/XPathContext;)Lorg/apache/xpath/objects/XObject; >"	14	21	java_prim_type_double	20	java_prim_type_long
"< Application, Lorg/apache/xalan/xsltc/runtime/BasisLibrary, substringF(Ljava/lang/String;D)Ljava/lang/String; >"	2	8	java_prim_type_int	7	java_prim_type_long
"< Application, Lorg/apache/xml/serializer/WriterToUTF8Buffered, write(Ljava/lang/String;)V >"	16	103	java_prim_type_long	124	java_prim_type_int
"< Application, Lorg/apache/regexp/RE, matchNodes(III)I >"	6	12	java_prim_type_short	11	java_prim_type_int
"< Application, Lorg/apache/bcel/util/InstructionFinder, makeChar(S)C >"	1	5	java_prim_type_char	4	java_prim_type_int
"< Application, Lorg/apache/bcel/generic/FCONST, <init>(F)V >"	11	14	java_prim_type_double	2	java_prim_type_float
"< Application, Lorg/apache/xalan/templates/ElemNumber, tradAlphaCount(JLorg/apache/xml/utils/res/XResourceBundle;)Ljava/lang/String; >"	153	189	java_prim_type_long	188	java_prim_type_int
"< Application, Lorg/apache/xml/dtm/ref/DTMNamedNodeMap, getLength()I >"	8	12	java_prim_type_short	11	java_prim_type_int
"< Application, Lorg/apache/xalan/extensions/MethodResolver, convertDoubleToNumber(DLjava/lang/Class;)Ljava/lang/Object; >"	34	19	java_prim_type_int	1	java_prim_type_double
"< Application, Lorg/apache/xalan/lib/ExsltDatetime, secondInMinute()D >"	2	7	java_prim_type_double	6	java_prim_type_int
"< Application, Lorg/apache/regexp/StreamCharacterIterator, read(I)I >"	10	12	java_prim_type_char	10	java_prim_type_int
"< Application, Lorg/apache/xalan/xsltc/dom/NodeCounter, alphaValue(III)Ljava/lang/String; >"	12	13	java_prim_type_char	12	java_prim_type_int
"< Application, Lorg/apache/bcel/classfile/Attribute, readAttribute(Ljava/io/DataInputStream;Lorg/apache/bcel/classfile/ConstantPool;)Lorg/apache/bcel/classfile/Attribute; >"	12	22	java_prim_type_byte	21	java_prim_type_int
"< Application, Lorg/apache/xalan/templates/ElemNumber, int2singlealphaCount(JLorg/apache/xml/utils/res/CharArrayWrapper;)Ljava/lang/String; >"	7	11	java_prim_type_int	2	java_prim_type_long
"< Application, Lorg/apache/bcel/generic/Instruction, readInstruction(Lorg/apache/bcel/util/ByteSequence;)Lorg/apache/bcel/generic/Instruction; >"	1	6	java_prim_type_short	5	java_prim_type_int
"< Application, Lorg/apache/xml/dtm/ref/DTMDocumentImpl, getLocalName(I)Ljava/lang/String; >"	6	12	java_prim_type_short	11	java_prim_type_int
"< Application, Lorg/apache/xalan/xsltc/dom/SAXImpl, getMapping2([Ljava/lang/String;[Ljava/lang/String;[I)[S >"	43	41	java_prim_type_short	40	java_prim_type_int
"< Application, Lorg/apache/xalan/lib/ExsltStrings, padding(DLjava/lang/String;)Ljava/lang/String; >"	6	10	java_prim_type_int	1	java_prim_type_double
"< Application, Lorg/apache/regexp/RECompiler, escape()C >"	58	117	java_prim_type_char	115	java_prim_type_int
"< Application, Lorg/apache/xml/dtm/ref/ExpandedNameTable, <init>()V >"	7	10	java_prim_type_float	9	java_prim_type_int
"< Application, Lorg/apache/xalan/lib/ExsltDatetime, dayInMonth()D >"	2	7	java_prim_type_double	6	java_prim_type_int
"< Application, Lorg/apache/bcel/generic/TABLESWITCH, initFromFile(Lorg/apache/bcel/util/ByteSequence;Z)V >"	14	22	java_prim_type_short	21	java_prim_type_int
"< Application, Lorg/apache/xml/serializer/WriterToUTF8Buffered, write([CII)V >"	100	72	java_prim_type_byte	71	java_prim_type_int
"< Application, Lorg/apache/xml/serializer/WriterToUTF8Buffered, write(Ljava/lang/String;)V >"	103	75	java_prim_type_byte	74	java_prim_type_int
"< Application, Lorg/apache/xml/serializer/WriterToUTF8Buffered, write(Ljava/lang/String;)V >"	15	102	java_prim_type_long	5	java_prim_type_int
"< Application, Lorg/apache/bcel/generic/MULTIANEWARRAY, initFromFile(Lorg/apache/bcel/util/ByteSequence;Z)V >"	2	8	java_prim_type_short	7	java_prim_type_int
"< Application, Lorg/apache/xpath/functions/FuncLast, execute(Lorg/apache/xpath/XPathContext;)Lorg/apache/xpath/objects/XObject; >"	2	7	java_prim_type_double	6	java_prim_type_int
"< Application, Lorg/apache/xalan/xsltc/dom/NodeCounter, formatValue(ILjava/lang/String;Ljava/lang/StringBuffer;)V >"	70	24	java_prim_type_char	23	java_prim_type_int
"< Application, Lorg/apache/xml/dtm/ref/ExpandedNameTable, <init>()V >"	10	13	java_prim_type_int	12	java_prim_type_float
"< Application, Lorg/apache/xalan/xsltc/dom/NodeCounter, formatValue(ILjava/lang/String;Ljava/lang/StringBuffer;)V >"	17	58	java_prim_type_char	57	java_prim_type_int
"< Application, Lorg/apache/xml/utils/XMLChar, <clinit>()V >"	744	975	java_prim_type_byte	974	java_prim_type_int
"< Application, Lorg/apache/bcel/classfile/Signature, matchGJIdent(Lorg/apache/bcel/classfile/Signature$MyByteArrayInputStream;Ljava/lang/StringBuffer;)V >"	46	48	java_prim_type_char	30	java_prim_type_int
"< Application, Lorg/apache/xml/utils/XMLChar, <clinit>()V >"	788	1010	java_prim_type_byte	1009	java_prim_type_int
"< Application, Lorg/apache/bcel/classfile/Utility, searchOpcode(Ljava/lang/String;)S >"	8	14	java_prim_type_short	13	java_prim_type_int
"< Application, Lorg/apache/xalan/templates/ElemNumber, tradAlphaCount(JLorg/apache/xml/utils/res/XResourceBundle;)Ljava/lang/String; >"	126	159	java_prim_type_long	158	java_prim_type_int
"< Application, Lorg/dacapo/harness/ChordHarness, coeff_of_var([J)D >"	1	4	java_prim_type_double	3	java_prim_type_int
"< Application, Lorg/apache/xalan/xsltc/runtime/Hashtable, <init>(IF)V >"	3	9	java_prim_type_double	3	java_prim_type_float
"< Application, Lorg/apache/xml/serializer/SerializerTraceWriter, write([CII)V >"	35	37	java_prim_type_byte	36	java_prim_type_int
"< Application, Lorg/apache/xml/serializer/WriterToUTF8Buffered, write([CII)V >"	86	57	java_prim_type_byte	56	java_prim_type_int
"< Application, Lorg/apache/xalan/xsltc/trax/TransformerFactoryImpl, getBytecodesFromJar(Ljavax/xml/transform/Source;Ljava/lang/String;)[[B >"	81	105	java_prim_type_int	104	java_prim_type_long
"< Application, Lorg/apache/bcel/generic/FCONST, <init>(F)V >"	6	11	java_prim_type_double	2	java_prim_type_float
"< Application, Lorg/apache/bcel/classfile/Signature, matchIdent(Lorg/apache/bcel/classfile/Signature$MyByteArrayInputStream;Ljava/lang/StringBuffer;)V >"	47	19	java_prim_type_char	18	java_prim_type_int
"< Application, Lorg/apache/xml/utils/XMLChar, <clinit>()V >"	675	919	java_prim_type_byte	918	java_prim_type_int
"< Application, Lorg/apache/xalan/extensions/MethodResolver, convertDoubleToNumber(DLjava/lang/Class;)Ljava/lang/Object; >"	21	27	java_prim_type_int	1	java_prim_type_double
"< Application, Lorg/apache/xml/serializer/SerializerTraceWriter, write(Ljava/lang/String;)V >"	35	38	java_prim_type_byte	37	java_prim_type_int
"< Application, Lorg/apache/xml/serializer/WriterToUTF8Buffered, write(I)V >"	36	48	java_prim_type_byte	47	java_prim_type_int
"< Application, Lorg/apache/xalan/extensions/MethodResolver, convertDoubleToNumber(DLjava/lang/Class;)Ljava/lang/Object; >"	28	24	java_prim_type_short	23	java_prim_type_int
"< Application, Lorg/apache/xml/utils/XMLChar, <clinit>()V >"	731	963	java_prim_type_byte	962	java_prim_type_int
"< Application, Lorg/apache/xalan/lib/ExsltDatetime, leapYear(Ljava/lang/String;)Lorg/apache/xpath/objects/XObject; >"	17	21	java_prim_type_int	18	java_prim_type_double
"< Application, Lorg/apache/xml/serializer/utils/XMLChar, highSurrogate(I)C >"	3	9	java_prim_type_char	8	java_prim_type_int
"< Application, Lorg/apache/xml/serializer/Encodings, loadEncodingInfo()[Lorg/apache/xml/serializer/EncodingInfo; >"	25	42	java_prim_type_char	41	java_prim_type_int
"< Application, Lorg/apache/xml/utils/XMLChar, lowSurrogate(I)C >"	3	9	java_prim_type_char	8	java_prim_type_int
"< Application, Lorg/apache/xalan/xsltc/cmdline/Transform, doTransform()V >"	89	152	java_prim_type_double	151	java_prim_type_int
"< Application, Lorg/apache/regexp/RECompiler, characterClass()I >"	172	178	java_prim_type_char	177	java_prim_type_int
"< Application, Lorg/apache/xalan/lib/ExsltDatetime, monthInYear()D >"	3	9	java_prim_type_double	8	java_prim_type_int
"< Application, Lorg/apache/xml/serializer/SerializerTraceWriter, write([CII)V >"	69	65	java_prim_type_byte	64	java_prim_type_int
"< Application, Lorg/apache/xml/serializer/ToHTMLStream, isHHSign(Ljava/lang/String;)Z >"	1	10	java_prim_type_char	7	java_prim_type_int
"< Application, Lorg/apache/regexp/RECompiler, escape()C >"	107	69	java_prim_type_char	68	java_prim_type_int
"< Application, Lorg/apache/xml/serializer/WriterToUTF8Buffered, write([CII)V >"	55	25	java_prim_type_byte	23	java_prim_type_int
"< Application, Lorg/apache/xml/serializer/WriterToUTF8Buffered, write(I)V >"	88	41	java_prim_type_byte	40	java_prim_type_int
"< Application, Lorg/apache/xml/serializer/WriterToUTF8Buffered, write(Ljava/lang/String;)V >"	109	81	java_prim_type_byte	80	java_prim_type_int
"< Application, Lorg/apache/xalan/templates/ElemNumber, getCountString(Lorg/apache/xalan/transformer/TransformerImpl;I)Ljava/lang/String; >"	49	29	java_prim_type_long	28	java_prim_type_int
"< Application, Lorg/apache/regexp/RECompiler, characterClass()I >"	177	182	java_prim_type_char	181	java_prim_type_int
"< Application, Lorg/apache/xml/utils/XMLChar, <clinit>()V >"	759	985	java_prim_type_byte	984	java_prim_type_int
"< Application, Lorg/apache/xalan/extensions/MethodResolver, convertDoubleToNumber(DLjava/lang/Class;)Ljava/lang/Object; >"	42	16	java_prim_type_byte	15	java_prim_type_int
"< Application, Lorg/apache/xml/serializer/SerializerTraceWriter, write(Ljava/lang/String;)V >"	69	66	java_prim_type_byte	65	java_prim_type_int
"< Application, Lorg/apache/xalan/xsltc/compiler/CUP$XPathParser$actions, CUP$XPathParser$do_action(ILjava_cup/runtime/lr_parser;Ljava/util/Stack;I)Ljava_cup/runtime/Symbol; >"	966	3466	java_prim_type_double	3435	java_prim_type_long
"< Application, Lorg/apache/regexp/RECompiler, atom()I >"	60	59	java_prim_type_char	45	java_prim_type_int
"< Application, Lorg/apache/xalan/xsltc/dom/SingleNodeCounter, getCounter()Ljava/lang/String; >"	23	51	java_prim_type_int	50	java_prim_type_double
"< Application, Lorg/apache/xpath/functions/FuncPosition, execute(Lorg/apache/xpath/XPathContext;)Lorg/apache/xpath/objects/XObject; >"	1	6	java_prim_type_double	5	java_prim_type_int
"< Application, Lorg/apache/xml/serializer/WriterToUTF8Buffered, write(Ljava/lang/String;)V >"	89	60	java_prim_type_byte	59	java_prim_type_int
"< Application, Lorg/apache/xml/serializer/WriterToUTF8Buffered, write([CII)V >"	106	78	java_prim_type_byte	77	java_prim_type_int
"< Application, Lorg/apache/bcel/classfile/Signature, matchIdent(Lorg/apache/bcel/classfile/Signature$MyByteArrayInputStream;Ljava/lang/StringBuffer;)V >"	17	38	java_prim_type_char	44	java_prim_type_int
"< Application, Lorg/apache/bcel/classfile/Utility$JavaWriter, write(I)V >"	0	4	java_prim_type_char	2	java_prim_type_int
"< Application, Lorg/apache/xalan/templates/ElemNumber, int2alphaCount(JLorg/apache/xml/utils/res/CharArrayWrapper;Lorg/apache/xml/utils/FastStringBuffer;)V >"	26	30	java_prim_type_int	29	java_prim_type_long
"< Application, Lorg/apache/xalan/xsltc/dom/SAXImpl, getNamespaceMapping([Ljava/lang/String;)[S >"	19	24	java_prim_type_short	26	java_prim_type_int
"< Application, Lorg/apache/xml/serializer/dom3/LSSerializerImpl, getPathWithoutEscapes(Ljava/lang/String;)Ljava/lang/String; >"	27	45	java_prim_type_char	44	java_prim_type_int
"< Application, Lorg/apache/xml/serializer/WriterToUTF8Buffered, write(Ljava/lang/String;)V >"	120	90	java_prim_type_byte	89	java_prim_type_int
"< Application, Lorg/apache/xml/dtm/ref/DTMDocumentImpl, getPrefix(I)Ljava/lang/String; >"	6	12	java_prim_type_short	11	java_prim_type_int
"< Application, Lorg/apache/xml/serializer/SerializerTraceWriter, write(I)V >"	40	21	java_prim_type_byte	20	java_prim_type_int
"< Application, Lorg/apache/xml/serializer/SerializerTraceWriter, write(Ljava/lang/String;)V >"	61	60	java_prim_type_byte	59	java_prim_type_int
"< Application, Lorg/apache/xml/serializer/SerializerTraceWriter, write(Ljava/lang/String;)V >"	43	45	java_prim_type_byte	44	java_prim_type_int
"< Application, Lorg/apache/xml/serializer/WriterToUTF8Buffered, write(I)V >"	53	61	java_prim_type_byte	60	java_prim_type_int
"< Application, Lorg/apache/xml/serializer/WriterToUTF8Buffered, write(I)V >"	8	78	java_prim_type_byte	2	java_prim_type_int
"< Application, Ljava_cup/runtime/lr_parser, unpackFromStrings([Ljava/lang/String;)[[S >"	31	39	java_prim_type_short	38	java_prim_type_int
"< Application, Lorg/apache/regexp/RECompiler, setNextOfEnd(II)V >"	10	15	java_prim_type_short	14	java_prim_type_int
"< Application, Lorg/apache/xml/serializer/WriterToUTF8Buffered, write(Ljava/lang/String;)V >"	98	71	java_prim_type_byte	70	java_prim_type_int
"< Application, Lorg/apache/xml/serializer/WriterToUTF8Buffered, write([CII)V >"	117	87	java_prim_type_byte	86	java_prim_type_int
"< Application, Lorg/apache/xml/serializer/WriterToUTF8Buffered, write([CII)V >"	17	103	java_prim_type_long	99	java_prim_type_int
"< Application, Lorg/apache/xalan/xsltc/dom/DocumentCache$CachedDocument, getEstimatedSize()J >"	5	11	java_prim_type_long	10	java_prim_type_int
"< Application, Lorg/apache/bcel/generic/ICONST, <init>(I)V >"	4	21	java_prim_type_short	20	java_prim_type_int
"< Application, Lorg/apache/xml/serializer/SerializerTraceWriter, write(Ljava/lang/String;)V >"	25	29	java_prim_type_byte	24	java_prim_type_int
"< Application, Lorg/apache/xalan/extensions/MethodResolver, convertDoubleToNumber(DLjava/lang/Class;)Ljava/lang/Object; >"	41	15	java_prim_type_int	1	java_prim_type_double
"< Application, Lorg/dacapo/harness/ChordHarness, coeff_of_var([J)D >"	6	9	java_prim_type_double	8	java_prim_type_long
"< Application, Lorg/apache/xpath/axes/PredicatedNodeTest, executePredicates(ILorg/apache/xpath/XPathContext;)Z >"	20	30	java_prim_type_int	29	java_prim_type_double
"< Application, Lorg/apache/xml/serializer/WriterToUTF8Buffered, write(I)V >"	71	27	java_prim_type_byte	26	java_prim_type_int
"< Application, Lorg/apache/bcel/generic/LOOKUPSWITCH, initFromFile(Lorg/apache/bcel/util/ByteSequence;Z)V >"	11	17	java_prim_type_short	16	java_prim_type_int
"< Application, Lorg/apache/regexp/RE, matchNodes(III)I >"	402	330	java_prim_type_short	329	java_prim_type_int
"< Application, Lorg/apache/xml/dtm/ref/DTMDocumentImpl, getFirstChild(I)I >"	7	14	java_prim_type_short	13	java_prim_type_int
"< Application, Lorg/apache/bcel/util/InstructionFinder, mapName(Ljava/lang/String;)Ljava/lang/String; >"	18	16	java_prim_type_short	15	java_prim_type_int
"< Application, Lorg/apache/xml/serializer/WriterToUTF8Buffered, write([CII)V >"	15	101	java_prim_type_long	120	java_prim_type_int
"< Application, Lorg/apache/xalan/templates/ElemNumber, tradAlphaCount(JLorg/apache/xml/utils/res/XResourceBundle;)Ljava/lang/String; >"	149	183	java_prim_type_int	200	java_prim_type_long
"< Application, Lorg/apache/xml/utils/XMLChar, <clinit>()V >"	623	879	java_prim_type_byte	878	java_prim_type_int
"< Application, Lorg/apache/xml/serializer/WriterToUTF8Buffered, write(Ljava/lang/String;)V >"	58	28	java_prim_type_byte	26	java_prim_type_int
"< Application, Lorg/apache/xalan/lib/ExsltDatetime, getNumber(Ljava/lang/String;[Ljava/lang/String;I)D >"	7	15	java_prim_type_double	14	java_prim_type_int
"< Application, Lorg/apache/bcel/classfile/Utility$JavaReader, read()I >"	19	25	java_prim_type_char	20	java_prim_type_int
"< Application, Lorg/apache/xml/serializer/WriterToUTF8Buffered, write(I)V >"	62	18	java_prim_type_byte	17	java_prim_type_int
"< Application, Lorg/apache/xpath/operations/Quo, operate(Lorg/apache/xpath/objects/XObject;Lorg/apache/xpath/objects/XObject;)Lorg/apache/xpath/objects/XObject; >"	5	12	java_prim_type_double	11	java_prim_type_int
"< Application, Lorg/apache/xpath/functions/FuncSubstring, execute(Lorg/apache/xpath/XPathContext;)Lorg/apache/xpath/objects/XObject; >"	27	41	java_prim_type_double	40	java_prim_type_long
"< Application, Lorg/apache/xalan/templates/ElemNumber, int2singlealphaCount(JLorg/apache/xml/utils/res/CharArrayWrapper;)Ljava/lang/String; >"	1	7	java_prim_type_long	6	java_prim_type_int
"< Application, Lorg/apache/xalan/xsltc/cmdline/Transform, doTransform()V >"	75	131	java_prim_type_double	121	java_prim_type_long
"< Application, Lorg/apache/xml/serializer/ToStream$WritertoStringBuffer, write(I)V >"	1	5	java_prim_type_char	2	java_prim_type_int
"< Application, Lorg/apache/xml/dtm/ref/ExpandedNameTable, getType(I)S >"	3	8	java_prim_type_short	7	java_prim_type_int
"< Application, Lorg/apache/xml/serializer/WriterToUTF8Buffered, write([CII)V >"	95	68	java_prim_type_byte	67	java_prim_type_int
"< Application, Lorg/apache/xalan/lib/ExsltDatetime, minuteInHour()D >"	2	7	java_prim_type_double	6	java_prim_type_int
"< Application, Lorg/apache/xalan/extensions/MethodResolver, convertDoubleToNumber(DLjava/lang/Class;)Ljava/lang/Object; >"	27	23	java_prim_type_int	1	java_prim_type_double
"< Application, Lorg/apache/xalan/xsltc/cmdline/Transform, doTransform()V >"	77	133	java_prim_type_double	132	java_prim_type_int
"< Application, Lorg/apache/xalan/lib/ExsltDatetime, dayOfWeekInMonth()D >"	2	7	java_prim_type_double	6	java_prim_type_int
"< Application, Lorg/apache/xml/serializer/SerializerTraceWriter, write([CII)V >"	43	44	java_prim_type_byte	43	java_prim_type_int
"< Application, Lorg/apache/xml/dtm/ref/DTMDefaultBase, getLevel(I)S >"	3	10	java_prim_type_short	9	java_prim_type_int
"< Application, Lorg/apache/xml/serializer/WriterToUTF8Buffered, write([CII)V >"	19	105	java_prim_type_int	104	java_prim_type_long
"< Application, Lorg/apache/bcel/classfile/Utility$JavaReader, read([CII)I >"	3	10	java_prim_type_char	9	java_prim_type_int
"< Application, Lorg/apache/xalan/xsltc/dom/NodeCounter, formatValue(ILjava/lang/String;Ljava/lang/StringBuffer;)V >"	5	47	java_prim_type_char	46	java_prim_type_int
"< Application, Lorg/apache/bcel/classfile/Utility, byteToShort(B)S >"	4	4	java_prim_type_short	1	java_prim_type_int
"< Application, Lorg/apache/xml/serializer/WriterToUTF8Buffered, write(I)V >"	26	74	java_prim_type_byte	73	java_prim_type_int
"< Application, Lorg/apache/xalan/lib/ExsltDatetime, weekInYear()D >"	2	7	java_prim_type_double	6	java_prim_type_int
"< Application, Lorg/apache/xml/serializer/WriterToUTF8Buffered, write(Ljava/lang/String;)V >"	49	22	java_prim_type_byte	18	java_prim_type_int
"< Application, Lorg/apache/xml/serializer/SerializerTraceWriter, write([CII)V >"	25	28	java_prim_type_byte	23	java_prim_type_int
"< Application, Lorg/apache/bcel/generic/LOOKUPSWITCH, initFromFile(Lorg/apache/bcel/util/ByteSequence;Z)V >"	6	13	java_prim_type_short	12	java_prim_type_int
"< Application, Lorg/apache/xml/utils/XMLChar, <clinit>()V >"	714	949	java_prim_type_byte	948	java_prim_type_int
"< Application, Lorg/apache/xml/serializer/SerializerTraceWriter, write(Ljava/lang/String;)V >"	52	53	java_prim_type_byte	52	java_prim_type_int
"< Application, Lorg/apache/xml/serializer/WriterToUTF8Buffered, write(I)V >"	45	55	java_prim_type_byte	54	java_prim_type_int
"< Application, Lorg/apache/xml/serializer/WriterToUTF8Buffered, write([CII)V >"	62	32	java_prim_type_byte	31	java_prim_type_int
"< Application, Lorg/apache/xml/utils/XMLChar, <clinit>()V >"	649	901	java_prim_type_byte	900	java_prim_type_int
"< Application, Lorg/apache/bcel/generic/LOOKUPSWITCH, <init>([I[Lorg/apache/bcel/generic/InstructionHandle;Lorg/apache/bcel/generic/InstructionHandle;)V >"	4	13	java_prim_type_short	12	java_prim_type_int
"< Application, Lorg/apache/bcel/classfile/Signature, matchIdent(Lorg/apache/bcel/classfile/Signature$MyByteArrayInputStream;Ljava/lang/StringBuffer;)V >"	22	35	java_prim_type_char	44	java_prim_type_int
"< Application, Lorg/apache/xalan/extensions/MethodResolver, convertDoubleToNumber(DLjava/lang/Class;)Ljava/lang/Object; >"	35	20	java_prim_type_char	19	java_prim_type_int
"< Application, Lorg/apache/xml/utils/XMLChar, <clinit>()V >"	688	931	java_prim_type_byte	930	java_prim_type_int
"< Application, Lorg/apache/bcel/classfile/Signature, matchGJIdent(Lorg/apache/bcel/classfile/Signature$MyByteArrayInputStream;Ljava/lang/StringBuffer;)V >"	25	25	java_prim_type_char	15	java_prim_type_int
"< Application, Lorg/apache/xml/utils/XMLChar, <clinit>()V >"	772	997	java_prim_type_byte	996	java_prim_type_int
"< Application, Lorg/apache/xalan/lib/ExsltDatetime, dayInYear()D >"	2	7	java_prim_type_double	6	java_prim_type_int
"< Application, Lorg/apache/xml/serializer/SerializerTraceWriter, write(I)V >"	23	43	java_prim_type_byte	42	java_prim_type_int
"< Application, Lorg/apache/xml/serializer/SerializerTraceWriter, write(I)V >"	31	49	java_prim_type_byte	48	java_prim_type_int
"< Application, Lorg/apache/xalan/xsltc/dom/SingleNodeCounter$DefaultSingleNodeCounter, getCounter()Ljava/lang/String; >"	23	33	java_prim_type_int	32	java_prim_type_double
"< Application, Lorg/apache/bcel/generic/TABLESWITCH, initFromFile(Lorg/apache/bcel/util/ByteSequence;Z)V >"	9	18	java_prim_type_short	17	java_prim_type_int
"< Application, Lorg/apache/xalan/xsltc/runtime/Hashtable, <init>(IF)V >"	12	17	java_prim_type_int	16	java_prim_type_float
"< Application, Lorg/apache/xml/dtm/ref/ExpandedNameTable, rehash()V >"	8	12	java_prim_type_int	11	java_prim_type_float
"< Application, Lorg/apache/regexp/REDebugCompiler, dumpProgram(Ljava/io/PrintWriter;)V >"	9	16	java_prim_type_short	15	java_prim_type_int
"< Application, Lorg/apache/xalan/lib/ExsltDatetime, year()D >"	2	7	java_prim_type_double	6	java_prim_type_int
"< Application, Lorg/apache/bcel/generic/PUSH, <init>(Lorg/apache/bcel/generic/ConstantPoolGen;I)V >"	11	20	java_prim_type_byte	3	java_prim_type_int
"< Application, Lorg/apache/xml/serializer/WriterToUTF8Buffered, write(Ljava/lang/String;)V >"	70	40	java_prim_type_byte	39	java_prim_type_int
"< Application, Lorg/apache/xml/serializer/SerializerTraceWriter, write([CII)V >"	61	59	java_prim_type_byte	58	java_prim_type_int
"< Application, Lorg/apache/xml/serializer/SerializerTraceWriter, write(I)V >"	13	53	java_prim_type_byte	2	java_prim_type_int
"< Application, Lorg/apache/xml/serializer/WriterToUTF8Buffered, write([CII)V >"	67	37	java_prim_type_byte	36	java_prim_type_int
"< Application, Lorg/dacapo/harness/TestHarness, coeff_of_var([J)D >"	1	4	java_prim_type_double	3	java_prim_type_int
"< Application, Lorg/apache/xml/dtm/ref/DTMDocumentImpl, getNextAttribute(I)I >"	7	14	java_prim_type_short	13	java_prim_type_int
"< Application, Lorg/apache/xalan/templates/ElemNumber, tradAlphaCount(JLorg/apache/xml/utils/res/XResourceBundle;)Ljava/lang/String; >"	59	76	java_prim_type_long	75	java_prim_type_int
"< Application, Lorg/apache/bcel/generic/Select, updatePosition(II)I >"	13	18	java_prim_type_short	17	java_prim_type_int
"< Application, Lorg/apache/xalan/xsltc/runtime/BasisLibrary, substringF(Ljava/lang/String;DD)Ljava/lang/String; >"	5	14	java_prim_type_int	13	java_prim_type_long
"< Application, Lorg/apache/regexp/RECompiler, setNextOfEnd(II)V >"	11	16	java_prim_type_char	15	java_prim_type_int
"< Application, Lorg/apache/xalan/templates/ElemNumber, getCountString(Lorg/apache/xalan/transformer/TransformerImpl;I)Ljava/lang/String; >"	31	36	java_prim_type_long	35	java_prim_type_int
"< Application, Lorg/apache/xml/utils/DOMHelper, getLevel(Lorg/w3c/dom/Node;)S >"	4	9	java_prim_type_short	8	java_prim_type_int
"< Application, Lorg/apache/bcel/classfile/Utility$JavaReader, read()I >"	17	23	java_prim_type_char	9	java_prim_type_int
"< Application, Lorg/apache/bcel/util/InstructionFinder, <clinit>()V >"	157	326	java_prim_type_short	325	java_prim_type_int
"< Application, Lorg/apache/xalan/templates/ElemNumber, getCountString(Lorg/apache/xalan/transformer/TransformerImpl;I)Ljava/lang/String; >"	23	55	java_prim_type_long	45	java_prim_type_double
"< Application, Lorg/apache/xml/serializer/WriterToUTF8Buffered, write(Ljava/lang/String;)V >"	65	35	java_prim_type_byte	34	java_prim_type_int
"< Application, Lorg/apache/xalan/lib/ExsltDatetime, dayInWeek()D >"	2	7	java_prim_type_double	6	java_prim_type_int
"< Application, Lorg/apache/xpath/patterns/StepPattern, getProximityPosition(Lorg/apache/xpath/XPathContext;IZ)I >"	22	36	java_prim_type_int	35	java_prim_type_double
"< Application, Lorg/apache/xpath/functions/FuncCount, execute(Lorg/apache/xpath/XPathContext;)Lorg/apache/xpath/objects/XObject; >"	6	13	java_prim_type_double	10	java_prim_type_int
"< Application, Lorg/apache/bcel/generic/PUSH, <init>(Lorg/apache/bcel/generic/ConstantPoolGen;F)V >"	13	13	java_prim_type_double	3	java_prim_type_float
"< Application, Lorg/apache/bcel/generic/FieldGen, setInitValue(F)V >"	2	6	java_prim_type_double	2	java_prim_type_float
"< Application, Lorg/apache/xml/serializer/CharInfo, <init>(Ljava/lang/String;Ljava/lang/String;Z)V >"	82	73	java_prim_type_char	72	java_prim_type_int
"< Application, Lorg/apache/xml/serializer/WriterToUTF8Buffered, write([CII)V >"	112	83	java_prim_type_byte	82	java_prim_type_int
"< Application, Lorg/apache/xalan/xsltc/dom/MultipleNodeCounter, getCounter()Ljava/lang/String; >"	23	76	java_prim_type_int	75	java_prim_type_double
"< Application, Lorg/apache/xml/utils/XMLChar, <clinit>()V >"	699	939	java_prim_type_byte	938	java_prim_type_int
