"< Application, Lorg/dacapo/harness/Benchmark, initialize()V >"	42	20
"< Application, Lorg/apache/xalan/lib/ObjectFactory, lookUpFactoryClassName(Ljava/lang/String;Ljava/lang/String;Ljava/lang/String;)Ljava/lang/String; >"	82	77
"< Application, Lorg/apache/xalan/lib/ExsltStrings, tokenize(Ljava/lang/String;Ljava/lang/String;)Lorg/w3c/dom/NodeList; >"	17	32
"< Application, Lorg/apache/xalan/xsltc/compiler/XSLTC, compile(Lorg/xml/sax/InputSource;Ljava/lang/String;)Z >"	70	70
"< Application, Lorg/apache/xalan/client/XSLTProcessorApplet, getHtmlText()Ljava/lang/String; >"	11	7
"< Application, Lorg/dacapo/harness/Benchmark, initialize()V >"	39	20
"< Application, Lorg/dacapo/harness/Benchmark, initialize()V >"	17	3
"< Application, Lorg/apache/xalan/xsltc/trax/ObjectFactory, lookUpFactoryClassName(Ljava/lang/String;Ljava/lang/String;Ljava/lang/String;)Ljava/lang/String; >"	82	77
"< Application, Lorg/apache/xalan/transformer/TransformerImpl, setErrorListener(Ljavax/xml/transform/ErrorListener;)V >"	8	4
"< Application, Lorg/apache/xalan/extensions/ObjectFactory, lookUpFactoryClassName(Ljava/lang/String;Ljava/lang/String;Ljava/lang/String;)Ljava/lang/String; >"	85	77
"< Application, Lorg/apache/xml/dtm/ObjectFactory, lookUpFactoryClassName(Ljava/lang/String;Ljava/lang/String;Ljava/lang/String;)Ljava/lang/String; >"	85	77
"< Application, Lorg/apache/xalan/client/XSLTProcessorApplet, getTreeAsText(Ljava/lang/String;)Ljava/lang/String; >"	14	9
"< Application, Lorg/apache/xml/dtm/ref/ObjectFactory, lookUpFactoryClassName(Ljava/lang/String;Ljava/lang/String;Ljava/lang/String;)Ljava/lang/String; >"	82	77
"< Application, Lorg/apache/xalan/transformer/TransformerImpl, setIsTransformDone(Z)V >"	2	1
"< Application, Lorg/apache/xml/dtm/ref/ObjectFactory, lookUpFactoryClassName(Ljava/lang/String;Ljava/lang/String;Ljava/lang/String;)Ljava/lang/String; >"	85	77
"< Application, Lorg/apache/xalan/lib/ExsltStrings, split(Ljava/lang/String;Ljava/lang/String;)Lorg/w3c/dom/NodeList; >"	24	25
"< Application, Lorg/apache/xalan/transformer/TransformerImpl, postExceptionFromThread(Ljava/lang/Exception;)V >"	7	1
"< Application, Lorg/apache/xalan/xsltc/runtime/ObjectFactory, lookUpFactoryClassName(Ljava/lang/String;Ljava/lang/String;Ljava/lang/String;)Ljava/lang/String; >"	85	77
"< Application, Lorg/apache/xalan/transformer/TransformerImpl, postExceptionFromThread(Ljava/lang/Exception;)V >"	4	1
"< Application, Lorg/apache/xalan/lib/Extensions, tokenize(Ljava/lang/String;Ljava/lang/String;)Lorg/w3c/dom/NodeList; >"	15	5
"< Application, Lorg/apache/xalan/transformer/TransformerImpl, transform(Ljavax/xml/transform/Source;Ljavax/xml/transform/Result;Z)V >"	6	6
"< Application, Lorg/apache/xalan/xsltc/cmdline/ObjectFactory, lookUpFactoryClassName(Ljava/lang/String;Ljava/lang/String;Ljava/lang/String;)Ljava/lang/String; >"	85	77
"< Application, Lorg/apache/xalan/transformer/TransformerImpl, isTransformDone()Z >"	2	1
"< Application, Lorg/apache/xalan/lib/ObjectFactory, lookUpFactoryClassName(Ljava/lang/String;Ljava/lang/String;Ljava/lang/String;)Ljava/lang/String; >"	85	77
"< Application, Lorg/apache/xalan/transformer/TransformerImpl, setURIResolver(Ljavax/xml/transform/URIResolver;)V >"	5	4
"< Application, Lorg/apache/xalan/client/XSLTProcessorApplet, getTreeAsText(Ljava/lang/String;)Ljava/lang/String; >"	11	9
"< Application, Lorg/apache/xml/dtm/ObjectFactory, lookUpFactoryClassName(Ljava/lang/String;Ljava/lang/String;Ljava/lang/String;)Ljava/lang/String; >"	82	77
"< Application, Lorg/apache/xalan/xsltc/compiler/ObjectFactory, lookUpFactoryClassName(Ljava/lang/String;Ljava/lang/String;Ljava/lang/String;)Ljava/lang/String; >"	82	77
"< Application, Lorg/apache/xalan/client/XSLTProcessorApplet, getHtmlText()Ljava/lang/String; >"	8	7
"< Application, Lorg/apache/xalan/lib/sql/ObjectFactory, lookUpFactoryClassName(Ljava/lang/String;Ljava/lang/String;Ljava/lang/String;)Ljava/lang/String; >"	82	77
"< Application, Lorg/apache/xalan/transformer/TransformerImpl, setOutputProperties(Ljava/util/Properties;)V >"	26	4
"< Application, Lorg/apache/xalan/lib/sql/ObjectFactory, lookUpFactoryClassName(Ljava/lang/String;Ljava/lang/String;Ljava/lang/String;)Ljava/lang/String; >"	85	77
"< Application, Lorg/apache/xalan/transformer/TransformerImpl, transformNode(I)V >"	108	7
"< Application, Lorg/apache/xalan/xslt/ObjectFactory, lookUpFactoryClassName(Ljava/lang/String;Ljava/lang/String;Ljava/lang/String;)Ljava/lang/String; >"	85	77
"< Application, Lorg/apache/xalan/client/XSLTProcessorApplet$TrustedAgent, run()V >"	56	52
"< Application, Lorg/apache/xalan/client/XSLTProcessorApplet$TrustedAgent, run()V >"	53	52
"< Application, Lorg/apache/xalan/client/XSLTProcessorApplet, start()V >"	37	28
"< Application, Lorg/apache/xalan/transformer/TransformerImpl, transform(Ljavax/xml/transform/Source;Ljavax/xml/transform/Result;Z)V >"	9	6
"< Application, Lorg/apache/xalan/lib/ExsltStrings, split(Ljava/lang/String;Ljava/lang/String;)Lorg/w3c/dom/NodeList; >"	21	25
"< Application, Lorg/apache/xalan/transformer/TransformerImpl, clearParameters()V >"	10	3
"< Application, Lorg/apache/xml/serializer/ObjectFactory, lookUpFactoryClassName(Ljava/lang/String;Ljava/lang/String;Ljava/lang/String;)Ljava/lang/String; >"	82	77
"< Application, Lorg/apache/xalan/client/XSLTProcessorApplet, start()V >"	34	28
"< Application, Lorg/apache/xml/utils/ObjectFactory, lookUpFactoryClassName(Ljava/lang/String;Ljava/lang/String;Ljava/lang/String;)Ljava/lang/String; >"	85	77
"< Application, Lorg/apache/xalan/transformer/TransformerImpl, setURIResolver(Ljavax/xml/transform/URIResolver;)V >"	8	4
"< Application, Lorg/apache/xalan/transformer/TransformerImpl, setErrorListener(Ljavax/xml/transform/ErrorListener;)V >"	11	4
"< Application, Lorg/apache/xalan/lib/ExsltStrings, tokenize(Ljava/lang/String;Ljava/lang/String;)Lorg/w3c/dom/NodeList; >"	36	11
"< Application, Lorg/apache/xalan/extensions/ObjectFactory, lookUpFactoryClassName(Ljava/lang/String;Ljava/lang/String;Ljava/lang/String;)Ljava/lang/String; >"	82	77
"< Application, Lorg/apache/xalan/client/XSLTProcessorApplet, getSource()Ljava/lang/String; >"	19	13
"< Application, Lorg/apache/xalan/client/XSLTProcessorApplet$TrustedAgent, run()V >"	26	28
"< Application, Lorg/apache/xpath/functions/ObjectFactory, lookUpFactoryClassName(Ljava/lang/String;Ljava/lang/String;Ljava/lang/String;)Ljava/lang/String; >"	82	77
"< Application, Lorg/apache/xalan/xsltc/trax/TemplatesHandlerImpl, endDocument()V >"	54	58
"< Application, Lorg/apache/xml/serializer/OutputPropertiesFactory, getDefaultMethodProperties(Ljava/lang/String;)Ljava/util/Properties; >"	11	4
"< Application, Lorg/apache/xalan/lib/ExsltStrings, tokenize(Ljava/lang/String;Ljava/lang/String;)Lorg/w3c/dom/NodeList; >"	20	32
"< Application, Lorg/apache/xalan/xsltc/compiler/util/ObjectFactory, lookUpFactoryClassName(Ljava/lang/String;Ljava/lang/String;Ljava/lang/String;)Ljava/lang/String; >"	82	77
"< Application, Lorg/apache/xml/serializer/OutputPropertiesFactory, getDefaultMethodProperties(Ljava/lang/String;)Ljava/util/Properties; >"	7	4
"< Application, Lorg/apache/xalan/xsltc/trax/TemplatesHandlerImpl, endDocument()V >"	51	58
"< Application, Lorg/apache/xalan/client/XSLTProcessorApplet, getSource()Ljava/lang/String; >"	23	13
"< Application, Lorg/apache/xalan/transformer/TransformerImpl, isTransformDone()Z >"	5	1
"< Application, Lorg/apache/xalan/client/XSLTProcessorApplet$TrustedAgent, run()V >"	43	37
"< Application, Lorg/apache/xalan/xsltc/compiler/XSLTC, compile(Lorg/xml/sax/InputSource;Ljava/lang/String;)Z >"	73	70
"< Application, Lorg/apache/xalan/client/XSLTProcessorApplet$TrustedAgent, run()V >"	40	37
"< Application, Lorg/apache/xalan/client/XSLTProcessorApplet, processTransformation()Ljava/lang/String; >"	52	6
"< Application, Lorg/apache/xalan/client/XSLTProcessorApplet$TrustedAgent, run()V >"	29	28
"< Application, Lorg/apache/xalan/xsltc/runtime/ObjectFactory, lookUpFactoryClassName(Ljava/lang/String;Ljava/lang/String;Ljava/lang/String;)Ljava/lang/String; >"	82	77
"< Application, Lorg/apache/xalan/transformer/TransformerImpl, setOutputProperty(Ljava/lang/String;Ljava/lang/String;)V >"	19	5
"< Application, Lorg/apache/xalan/transformer/TransformerImpl, transformNode(I)V >"	111	7
"< Application, Lorg/dacapo/harness/Benchmark, initialize()V >"	20	3
"< Application, Lorg/apache/xalan/client/XSLTProcessorApplet, processTransformation()Ljava/lang/String; >"	55	6
"< Application, Lorg/apache/xalan/lib/ExsltStrings, tokenize(Ljava/lang/String;Ljava/lang/String;)Lorg/w3c/dom/NodeList; >"	39	11
"< Application, Lorg/apache/xalan/xsltc/dom/ObjectFactory, lookUpFactoryClassName(Ljava/lang/String;Ljava/lang/String;Ljava/lang/String;)Ljava/lang/String; >"	82	77
"< Application, Lorg/apache/xalan/xsltc/dom/ObjectFactory, lookUpFactoryClassName(Ljava/lang/String;Ljava/lang/String;Ljava/lang/String;)Ljava/lang/String; >"	85	77
"< Application, Lorg/apache/xalan/xsltc/cmdline/ObjectFactory, lookUpFactoryClassName(Ljava/lang/String;Ljava/lang/String;Ljava/lang/String;)Ljava/lang/String; >"	82	77
"< Application, Lorg/apache/xpath/functions/ObjectFactory, lookUpFactoryClassName(Ljava/lang/String;Ljava/lang/String;Ljava/lang/String;)Ljava/lang/String; >"	85	77
"< Application, Lorg/apache/xalan/transformer/TransformerImpl, clearParameters()V >"	7	3
"< Application, Lorg/apache/xalan/xsltc/compiler/ObjectFactory, lookUpFactoryClassName(Ljava/lang/String;Ljava/lang/String;Ljava/lang/String;)Ljava/lang/String; >"	85	77
"< Application, Lorg/apache/xalan/lib/Extensions, tokenize(Ljava/lang/String;Ljava/lang/String;)Lorg/w3c/dom/NodeList; >"	12	5
"< Application, Lorg/apache/xalan/xsltc/compiler/util/ObjectFactory, lookUpFactoryClassName(Ljava/lang/String;Ljava/lang/String;Ljava/lang/String;)Ljava/lang/String; >"	85	77
"< Application, Lorg/apache/xml/serializer/ObjectFactory, lookUpFactoryClassName(Ljava/lang/String;Ljava/lang/String;Ljava/lang/String;)Ljava/lang/String; >"	85	77
"< Application, Lorg/apache/xalan/transformer/TransformerImpl, setOutputProperties(Ljava/util/Properties;)V >"	23	4
"< Application, Lorg/apache/xalan/xsltc/trax/ObjectFactory, lookUpFactoryClassName(Ljava/lang/String;Ljava/lang/String;Ljava/lang/String;)Ljava/lang/String; >"	85	77
"< Application, Lorg/apache/xalan/transformer/TransformerImpl, setOutputProperty(Ljava/lang/String;Ljava/lang/String;)V >"	22	5
"< Application, Lorg/apache/xml/utils/ObjectFactory, lookUpFactoryClassName(Ljava/lang/String;Ljava/lang/String;Ljava/lang/String;)Ljava/lang/String; >"	82	77
"< Application, Lorg/apache/xalan/transformer/TransformerImpl, setIsTransformDone(Z)V >"	5	1
"< Application, Lorg/apache/xalan/xslt/ObjectFactory, lookUpFactoryClassName(Ljava/lang/String;Ljava/lang/String;Ljava/lang/String;)Ljava/lang/String; >"	82	77
