"< Application, Lorg/apache/xpath/compiler/FunctionTable, <clinit>()V >"	21	23	java_type_ref("<Application,Lorg/apache/xalan/templates/FuncKey>")
"< Application, Lorg/dacapo/harness/TestHarness, <init>(Ljava/io/InputStream;)V >"	5	9	java_type_ref("<Application,Lorg/dacapo/harness/TestHarness>")
"< Application, Lorg/apache/xpath/compiler/FunctionTable, <clinit>()V >"	90	92	java_type_ref("<Application,Lorg/apache/xpath/functions/FuncSystemProperty>")
"< Application, Lorg/apache/xalan/extensions/MethodResolver, <clinit>()V >"	94	91	java_type_ref("<Primordial,Ljava/lang/Object>")
"< Application, Lorg/apache/xpath/compiler/FunctionTable, <clinit>()V >"	45	47	java_type_ref("<Application,Lorg/apache/xpath/functions/FuncBoolean>")
"< Application, Lorg/apache/xml/serializer/ObjectFactory, findJarServiceProviderName(Ljava/lang/String;)Ljava/lang/String; >"	9	19	java_type_ref("<Application,Lorg/apache/xml/serializer/ObjectFactory>")
"< Application, Lorg/apache/xalan/extensions/ExtensionHandlerGeneral, <init>(Ljava/lang/String;Lorg/apache/xml/utils/StringVector;Lorg/apache/xml/utils/StringVector;Ljava/lang/String;Ljava/lang/String;Ljava/lang/String;Ljava/lang/String;)V >"	117	126	java_type_ref("<Primordial,Ljava/lang/Object>")
"< Application, Lorg/dacapo/harness/LatexDescriptions, print([Ljava/lang/String;Ljava/io/PrintStream;)V >"	5	8	java_type_ref("<Application,Lorg/dacapo/harness/LatexDescriptions>")
"< Application, Lorg/apache/commons/cli/PatternOptionBuilder, <clinit>()V >"	8	6	java_type_ref("<Primordial,Ljava/lang/Class>")
"< Application, Lorg/apache/xalan/xsltc/trax/ObjectFactory, findClassLoader()Ljava/lang/ClassLoader; >"	5	12	java_type_ref("<Application,Lorg/apache/xalan/xsltc/trax/ObjectFactory>")
"< Application, Lorg/apache/xalan/transformer/TransformerImpl, <init>(Lorg/apache/xalan/templates/StylesheetRoot;)V >"	11	10	java_type_ref("<Application,Lorg/apache/xml/serializer/ToTextStream>")
"< Application, Lorg/apache/xalan/extensions/ExtensionHandlerJavaClass, isElementAvailable(Ljava/lang/String;)Z >"	14	20	java_type_ref("<Application,Lorg/apache/xalan/extensions/XSLProcessorContext>")
"< Application, Lorg/apache/xalan/xsltc/compiler/util/ObjectType, hashCode()I >"	0	3	java_type_ref("<Primordial,Ljava/lang/Object>")
"< Application, Lorg/apache/xalan/xsltc/compiler/util/RealType, translateTo(Lorg/apache/xalan/xsltc/compiler/util/ClassGenerator;Lorg/apache/xalan/xsltc/compiler/util/MethodGenerator;Ljava/lang/Class;)V >"	42	15	java_type_ref("<Primordial,Ljava/lang/Double>")
"< Application, Lorg/apache/xalan/extensions/MethodResolver, convert(Ljava/lang/Object;Ljava/lang/Class;)Ljava/lang/Object; >"	54	73	java_type_ref("<Primordial,Ljava/lang/Object>")
"< Application, Lorg/apache/xalan/xsltc/runtime/ObjectFactory, findClassLoader()Ljava/lang/ClassLoader; >"	5	12	java_type_ref("<Application,Lorg/apache/xalan/xsltc/runtime/ObjectFactory>")
"< Application, Lorg/apache/xalan/processor/XSLTAttributeDef, getPrimativeClass(Ljava/lang/Object;)Ljava/lang/Class; >"	25	15	java_type_ref("<Primordial,Ljava/lang/Short>")
"< Application, Lorg/apache/xalan/processor/XSLTSchema, build()V >"	308	370	java_type_ref("<Application,Lorg/apache/xalan/templates/ElemParam>")
"< Application, Lorg/apache/xpath/compiler/FunctionTable, <clinit>()V >"	36	38	java_type_ref("<Application,Lorg/apache/xpath/functions/FuncNot>")
"< Application, Lorg/apache/xalan/extensions/ExtensionHandlerJavaClass, callFunction(Ljava/lang/String;Ljava/util/Vector;Ljava/lang/Object;Lorg/apache/xalan/extensions/ExpressionContext;)Ljava/lang/Object; >"	93	43	java_type_ref("<Application,Lorg/apache/xalan/extensions/ExpressionContext>")
"< Application, Lorg/apache/xalan/xsltc/compiler/ObjectFactory, findProviderClass(Ljava/lang/String;Ljava/lang/ClassLoader;Z)Ljava/lang/Class; >"	17	21	java_type_ref("<Application,Lorg/apache/xalan/xsltc/compiler/ObjectFactory>")
"< Application, Lorg/apache/xml/serializer/utils/Utils, <clinit>()V >"	1	3	java_type_ref("<Application,Lorg/apache/xml/serializer/utils/SerializerMessages>")
"< Application, Lorg/apache/xpath/compiler/FunctionTable, <clinit>()V >"	69	71	java_type_ref("<Application,Lorg/apache/xpath/functions/FuncStartsWith>")
"< Application, Lorg/apache/xalan/extensions/MethodResolver, <clinit>()V >"	58	62	java_type_ref("<Primordial,Ljava/lang/Double>")
"< Application, Lorg/apache/xalan/xsltc/dom/ObjectFactory, lookUpFactoryClassName(Ljava/lang/String;Ljava/lang/String;Ljava/lang/String;)Ljava/lang/String; >"	33	77	java_type_ref("<Application,Lorg/apache/xalan/xsltc/dom/ObjectFactory>")
"< Application, Lorg/apache/xalan/extensions/MethodResolver, <clinit>()V >"	90	87	java_type_ref("<Primordial,Ljava/lang/String>")
"< Application, Lorg/apache/xalan/processor/XSLTSchema, build()V >"	624	592	java_type_ref("<Application,Lorg/apache/xalan/templates/ElemExtensionScript>")
"< Application, Lorg/apache/xalan/extensions/MethodResolver, <clinit>()V >"	44	52	java_type_ref("<Primordial,Ljava/lang/Object>")
"< Application, Lorg/apache/xpath/compiler/FunctionTable, <clinit>()V >"	96	98	java_type_ref("<Application,Lorg/apache/xpath/functions/FuncExtElementAvailable>")
"< Application, Lorg/apache/xalan/xsltc/runtime/ObjectFactory, findJarServiceProviderName(Ljava/lang/String;)Ljava/lang/String; >"	9	19	java_type_ref("<Application,Lorg/apache/xalan/xsltc/runtime/ObjectFactory>")
"< Application, Lorg/apache/xalan/extensions/MethodResolver, getElementMethod(Ljava/lang/Class;Ljava/lang/String;)Ljava/lang/reflect/Method; >"	12	20	java_type_ref("<Application,Lorg/apache/xalan/templates/ElemExtensionCall>")
"< Application, Lorg/apache/xalan/xslt/EnvironmentCheck, checkSAXVersion(Ljava/util/Hashtable;)V >"	8	18	java_type_ref("<Primordial,Lorg/xml/sax/Attributes>")
"< Application, Lorg/apache/xpath/compiler/FunctionTable, <clinit>()V >"	48	50	java_type_ref("<Application,Lorg/apache/xpath/functions/FuncLang>")
"< Application, Lorg/apache/xalan/processor/XSLTSchema, build()V >"	132	230	java_type_ref("<Application,Lorg/apache/xalan/templates/ElemTextLiteral>")
"< Application, Lorg/apache/xpath/compiler/FunctionTable, <clinit>()V >"	87	89	java_type_ref("<Application,Lorg/apache/xpath/functions/FuncConcat>")
"< Application, Lorg/apache/xalan/processor/StylesheetHandler, <init>(Lorg/apache/xalan/processor/TransformerFactoryImpl;)V >"	51	37	java_type_ref("<Application,Lorg/apache/xalan/templates/FuncFormatNumb>")
"< Application, Lorg/apache/xalan/xsltc/compiler/FunctionCall, <clinit>()V >"	264	319	java_type_ref("<Primordial,Ljava/lang/String>")
"< Application, Lorg/apache/xalan/lib/ObjectFactory, findProviderClass(Ljava/lang/String;Ljava/lang/ClassLoader;Z)Ljava/lang/Class; >"	17	21	java_type_ref("<Application,Lorg/apache/xalan/lib/ObjectFactory>")
"< Application, Lorg/apache/commons/cli/PatternOptionBuilder, <clinit>()V >"	16	10	java_type_ref("<Primordial,Ljava/net/URL>")
"< Application, Lorg/apache/commons/cli/PatternOptionBuilder, <clinit>()V >"	2	3	java_type_ref("<Primordial,Ljava/lang/Object>")
"< Application, Lorg/apache/xalan/processor/XSLTSchema, build()V >"	371	427	java_type_ref("<Application,Lorg/apache/xalan/templates/ElemExsltFunction>")
"< Application, Lorg/apache/xalan/processor/XSLTSchema, build()V >"	350	405	java_type_ref("<Application,Lorg/apache/xalan/templates/ElemCopy>")
"< Application, Lorg/apache/xalan/xsltc/compiler/util/ObjectFactory, findJarServiceProviderName(Ljava/lang/String;)Ljava/lang/String; >"	9	19	java_type_ref("<Application,Lorg/apache/xalan/xsltc/compiler/util/ObjectFactory>")
"< Application, Lorg/apache/xalan/processor/XSLTSchema, build()V >"	300	363	java_type_ref("<Application,Lorg/apache/xalan/templates/ElemVariable>")
"< Application, Lorg/apache/xalan/transformer/TransformerImpl, <init>(Lorg/apache/xalan/templates/StylesheetRoot;)V >"	15	13	java_type_ref("<Primordial,Ljava/io/StringWriter>")
"< Application, Lorg/apache/xpath/compiler/FunctionTable, <clinit>()V >"	84	86	java_type_ref("<Application,Lorg/apache/xpath/functions/FuncTranslate>")
"< Application, Lorg/apache/xalan/extensions/MethodResolver, convert(Ljava/lang/Object;Ljava/lang/Class;)Ljava/lang/Object; >"	120	33	java_type_ref("<Primordial,Ljava/lang/String>")
"< Application, Lorg/apache/xalan/processor/XSLTSchema, build()V >"	197	276	java_type_ref("<Application,Lorg/apache/xalan/templates/ElemNumber>")
"< Application, Lorg/dacapo/harness/ChordHarness, <clinit>()V >"	0	2	java_type_ref("<Application,Lorg/dacapo/harness/ChordHarness>")
"< Application, Lorg/apache/xalan/lib/ObjectFactory, findJarServiceProviderName(Ljava/lang/String;)Ljava/lang/String; >"	9	19	java_type_ref("<Application,Lorg/apache/xalan/lib/ObjectFactory>")
"< Application, Lorg/apache/xalan/processor/XSLTSchema, build()V >"	264	333	java_type_ref("<Application,Lorg/apache/xalan/templates/ElemOtherwise>")
"< Application, Lorg/apache/xalan/extensions/MethodResolver, convertDoubleToNumber(DLjava/lang/Class;)Ljava/lang/Object; >"	2	5	java_type_ref("<Primordial,Ljava/lang/Double>")
"< Application, Lorg/apache/xalan/xsltc/compiler/FunctionCall, <clinit>()V >"	26	29	java_type_ref("<Primordial,Ljava/lang/Boolean>")
"< Application, Lorg/apache/xalan/extensions/MethodResolver, convert(Ljava/lang/Object;Ljava/lang/Class;)Ljava/lang/Object; >"	147	13	java_type_ref("<Primordial,Ljava/lang/String>")
"< Application, Lorg/apache/xalan/xsltc/compiler/ObjectFactory, lookUpFactoryClassName(Ljava/lang/String;Ljava/lang/String;Ljava/lang/String;)Ljava/lang/String; >"	33	77	java_type_ref("<Application,Lorg/apache/xalan/xsltc/compiler/ObjectFactory>")
"< Application, Lorg/apache/xpath/compiler/FunctionTable, <clinit>()V >"	78	80	java_type_ref("<Application,Lorg/apache/xpath/functions/FuncSubstringAfter>")
"< Application, Lorg/apache/xalan/xslt/ObjectFactory, lookUpFactoryClassName(Ljava/lang/String;Ljava/lang/String;Ljava/lang/String;)Ljava/lang/String; >"	33	77	java_type_ref("<Application,Lorg/apache/xalan/xslt/ObjectFactory>")
"< Application, Lorg/apache/xml/serializer/OutputPropertiesFactory$1, run()Ljava/lang/Object; >"	0	3	java_type_ref("<Application,Lorg/apache/xml/serializer/OutputPropertiesFactory>")
"< Application, Lorg/apache/xalan/xsltc/compiler/FunctionCall, <clinit>()V >"	140	170	java_type_ref("<Primordial,Ljava/lang/Object>")
"< Application, Lorg/apache/commons/cli/PatternOptionBuilder, <clinit>()V >"	12	8	java_type_ref("<Primordial,Ljava/io/File>")
"< Application, Lorg/apache/xalan/processor/XSLTSchema, build()V >"	335	391	java_type_ref("<Application,Lorg/apache/xalan/templates/ElemElement>")
"< Application, Lorg/apache/commons/cli/PatternOptionBuilder, <clinit>()V >"	0	2	java_type_ref("<Primordial,Ljava/lang/String>")
"< Application, Lorg/apache/xalan/processor/XSLTSchema, build()V >"	249	319	java_type_ref("<Application,Lorg/apache/xalan/templates/ElemIf>")
"< Application, Lorg/apache/xalan/processor/XSLTSchema, build()V >"	283	348	java_type_ref("<Application,Lorg/apache/xalan/templates/ElemAttribute>")
"< Application, Lorg/apache/xalan/processor/XSLTSchema, build()V >"	364	419	java_type_ref("<Application,Lorg/apache/xalan/templates/ElemFallback>")
"< Application, Lorg/apache/xalan/processor/XSLTSchema, build()V >"	227	298	java_type_ref("<Application,Lorg/apache/xalan/templates/ElemApplyTemplates>")
"< Application, Lorg/dacapo/harness/CommandLineArgs, extractBenchmarkSet()Ljava/util/List; >"	2	4	java_type_ref("<Application,Lorg/dacapo/harness/CommandLineArgs>")
"< Application, Lorg/apache/xalan/xslt/EnvironmentCheck, checkDOMVersion(Ljava/util/Hashtable;)V >"	7	18	java_type_ref("<Primordial,Ljava/lang/String>")
"< Application, Lorg/apache/xalan/xsltc/cmdline/ObjectFactory, lookUpFactoryClassName(Ljava/lang/String;Ljava/lang/String;Ljava/lang/String;)Ljava/lang/String; >"	33	77	java_type_ref("<Application,Lorg/apache/xalan/xsltc/cmdline/ObjectFactory>")
"< Application, Lorg/apache/xalan/extensions/MethodResolver, convert(Ljava/lang/Object;Ljava/lang/Class;)Ljava/lang/Object; >"	103	30	java_type_ref("<Primordial,Ljava/lang/Object>")
"< Application, Lorg/apache/xalan/extensions/MethodResolver, convert(Ljava/lang/Object;Ljava/lang/Class;)Ljava/lang/Object; >"	61	74	java_type_ref("<Primordial,Lorg/w3c/dom/NodeList>")
"< Application, Lorg/apache/xml/serializer/OutputPropertiesFactory, loadPropertiesFile(Ljava/lang/String;Ljava/util/Properties;)Ljava/util/Properties; >"	9	8	java_type_ref("<Application,Lorg/apache/xml/serializer/OutputPropertiesFactory>")
"< Application, Lorg/apache/xalan/extensions/ObjectFactory, lookUpFactoryClassName(Ljava/lang/String;Ljava/lang/String;Ljava/lang/String;)Ljava/lang/String; >"	33	77	java_type_ref("<Application,Lorg/apache/xalan/extensions/ObjectFactory>")
"< Application, Lorg/apache/xalan/extensions/MethodResolver, convert(Ljava/lang/Object;Ljava/lang/Class;)Ljava/lang/Object; >"	75	76	java_type_ref("<Primordial,Ljava/lang/String>")
"< Application, Lorg/apache/xalan/xsltc/compiler/FunctionCall, <clinit>()V >"	44	52	java_type_ref("<Primordial,Ljava/lang/Double>")
"< Application, Lorg/apache/xalan/extensions/MethodResolver, <clinit>()V >"	158	138	java_type_ref("<Primordial,Ljava/lang/Object>")
"< Application, Lorg/apache/xalan/xsltc/compiler/ObjectFactory, findClassLoader()Ljava/lang/ClassLoader; >"	5	12	java_type_ref("<Application,Lorg/apache/xalan/xsltc/compiler/ObjectFactory>")
"< Application, Lorg/apache/xalan/xsltc/compiler/FunctionCall, <clinit>()V >"	32	37	java_type_ref("<Primordial,Ljava/lang/Object>")
"< Application, Lorg/apache/xalan/extensions/MethodResolver, <clinit>()V >"	196	166	java_type_ref("<Primordial,Lorg/w3c/dom/traversal/NodeIterator>")
"< Application, Lorg/apache/xalan/processor/XSLTSchema, build()V >"	342	398	java_type_ref("<Application,Lorg/apache/xalan/templates/ElemComment>")
"< Application, Lorg/apache/xalan/extensions/MethodResolver, <clinit>()V >"	146	129	java_type_ref("<Primordial,Lorg/w3c/dom/NodeList>")
"< Application, Lorg/apache/xpath/functions/ObjectFactory, lookUpFactoryClassName(Ljava/lang/String;Ljava/lang/String;Ljava/lang/String;)Ljava/lang/String; >"	33	77	java_type_ref("<Application,Lorg/apache/xpath/functions/ObjectFactory>")
"< Application, Lorg/apache/xalan/extensions/MethodResolver, getConstructor(Ljava/lang/Class;[Ljava/lang/Object;[[Ljava/lang/Object;Lorg/apache/xalan/extensions/ExpressionContext;)Ljava/lang/reflect/Constructor; >"	11	20	java_type_ref("<Application,Lorg/apache/xalan/extensions/ExpressionContext>")
"< Application, Lorg/apache/xalan/processor/XSLTSchema, build()V >"	292	356	java_type_ref("<Application,Lorg/apache/xalan/templates/ElemCallTemplate>")
"< Application, Lorg/apache/xalan/xsltc/cmdline/ObjectFactory, findJarServiceProviderName(Ljava/lang/String;)Ljava/lang/String; >"	9	19	java_type_ref("<Application,Lorg/apache/xalan/xsltc/cmdline/ObjectFactory>")
"< Application, Lorg/apache/xml/dtm/ObjectFactory, findClassLoader()Ljava/lang/ClassLoader; >"	5	12	java_type_ref("<Application,Lorg/apache/xml/dtm/ObjectFactory>")
"< Application, Lorg/apache/xml/utils/StringBufferPool, <clinit>()V >"	1	3	java_type_ref("<Application,Lorg/apache/xml/utils/FastStringBuffer>")
"< Application, Lorg/apache/xalan/processor/XSLTAttributeDef, getPrimativeClass(Ljava/lang/Object;)Ljava/lang/Class; >"	21	14	java_type_ref("<Primordial,Ljava/lang/Character>")
"< Application, Lorg/apache/xalan/extensions/MethodResolver, convert(Ljava/lang/Object;Ljava/lang/Class;)Ljava/lang/Object; >"	111	32	java_type_ref("<Primordial,Lorg/w3c/dom/Node>")
"< Application, Lorg/apache/xalan/xsltc/compiler/FunctionCall, <clinit>()V >"	146	177	java_type_ref("<Primordial,Ljava/lang/String>")
"< Application, Lorg/apache/xalan/processor/XSLTSchema, build()V >"	614	583	java_type_ref("<Application,Lorg/apache/xalan/templates/ElemExtensionDecl>")
"< Application, Lorg/apache/xalan/xslt/ObjectFactory, findProviderClass(Ljava/lang/String;Ljava/lang/ClassLoader;Z)Ljava/lang/Class; >"	17	21	java_type_ref("<Application,Lorg/apache/xalan/xslt/ObjectFactory>")
"< Application, Lorg/apache/xalan/xsltc/compiler/ObjectFactory, findJarServiceProviderName(Ljava/lang/String;)Ljava/lang/String; >"	9	19	java_type_ref("<Application,Lorg/apache/xalan/xsltc/compiler/ObjectFactory>")
"< Application, Lorg/apache/xpath/compiler/FunctionTable, <clinit>()V >"	60	62	java_type_ref("<Application,Lorg/apache/xpath/functions/FuncRound>")
"< Application, Lorg/apache/xalan/processor/XSLTAttributeDef, getPrimativeClass(Ljava/lang/Object;)Ljava/lang/Class; >"	9	11	java_type_ref("<Primordial,Ljava/lang/Float>")
"< Application, Lorg/apache/xpath/XPathException, printStackTrace(Ljava/io/PrintWriter;)V >"	8	13	java_type_ref("<Primordial,Ljava/lang/Throwable>")
"< Application, Lorg/apache/xalan/lib/sql/JNDIConnectionPool, findDatasource()V >"	6	12	java_type_ref("<Primordial,Ljava/lang/String>")
"< Application, Lorg/apache/xalan/lib/sql/ObjectFactory, lookUpFactoryClassName(Ljava/lang/String;Ljava/lang/String;Ljava/lang/String;)Ljava/lang/String; >"	33	77	java_type_ref("<Application,Lorg/apache/xalan/lib/sql/ObjectFactory>")
"< Application, Lorg/apache/xpath/compiler/FunctionTable, <clinit>()V >"	6	8	java_type_ref("<Application,Lorg/apache/xpath/functions/FuncCurrent>")
"< Application, Lorg/apache/xalan/lib/sql/ObjectFactory, findProviderClass(Ljava/lang/String;Ljava/lang/ClassLoader;Z)Ljava/lang/Class; >"	17	21	java_type_ref("<Application,Lorg/apache/xalan/lib/sql/ObjectFactory>")
"< Application, Lorg/apache/xalan/lib/sql/ObjectFactory, findClassLoader()Ljava/lang/ClassLoader; >"	5	12	java_type_ref("<Application,Lorg/apache/xalan/lib/sql/ObjectFactory>")
"< Application, Lorg/apache/xalan/processor/XSLTSchema, build()V >"	579	555	java_type_ref("<Application,Lorg/apache/xalan/templates/ElemParam>")
"< Application, Lorg/apache/commons/cli/PatternOptionBuilder, <clinit>()V >"	4	4	java_type_ref("<Primordial,Ljava/lang/Number>")
"< Application, Lorg/apache/xalan/xsltc/dom/XSLTCDTMManager, getDTMManagerClass()Ljava/lang/Class; >"	3	6	java_type_ref("<Application,Lorg/apache/xalan/xsltc/dom/XSLTCDTMManager>")
"< Application, Lorg/apache/xalan/extensions/MethodResolver, convert(Ljava/lang/Object;Ljava/lang/Class;)Ljava/lang/Object; >"	29	125	java_type_ref("<Primordial,Ljava/lang/Object>")
"< Application, Lorg/apache/xpath/compiler/FunctionTable, <clinit>()V >"	105	107	java_type_ref("<Application,Lorg/apache/xpath/functions/FuncDoclocation>")
"< Application, Lorg/apache/xalan/lib/sql/JNDIConnectionPool, findDatasource()V >"	8	14	java_type_ref("<Primordial,Ljava/lang/String>")
"< Application, Lorg/dacapo/harness/Xalan, <init>(Lorg/dacapo/parser/Config;Ljava/io/File;)V >"	14	23	java_type_ref("<Primordial,Ljava/io/File>")
"< Application, Lorg/apache/xalan/xsltc/trax/ObjectFactory, lookUpFactoryClassName(Ljava/lang/String;Ljava/lang/String;Ljava/lang/String;)Ljava/lang/String; >"	33	77	java_type_ref("<Application,Lorg/apache/xalan/xsltc/trax/ObjectFactory>")
"< Application, Lorg/apache/xalan/xsltc/compiler/FunctionCall, <clinit>()V >"	168	203	java_type_ref("<Primordial,Ljava/lang/Object>")
"< Application, Lorg/apache/xpath/compiler/FunctionTable, <clinit>()V >"	42	44	java_type_ref("<Application,Lorg/apache/xpath/functions/FuncFalse>")
"< Application, Lorg/apache/xpath/functions/ObjectFactory, findClassLoader()Ljava/lang/ClassLoader; >"	5	12	java_type_ref("<Application,Lorg/apache/xpath/functions/ObjectFactory>")
"< Application, Lorg/apache/xml/utils/ObjectFactory, findClassLoader()Ljava/lang/ClassLoader; >"	5	12	java_type_ref("<Application,Lorg/apache/xml/utils/ObjectFactory>")
"< Application, Lorg/apache/xpath/compiler/FunctionTable, <clinit>()V >"	93	95	java_type_ref("<Application,Lorg/apache/xpath/functions/FuncExtFunctionAvailable>")
"< Application, Lorg/dacapo/harness/Callback$Mode, valueOf(Ljava/lang/String;)Lorg/dacapo/harness/Callback$Mode; >"	0	3	java_type_ref("<Application,Lorg/dacapo/harness/Callback$Mode>")
"< Application, Lorg/apache/xml/serializer/dom3/LSSerializerImpl$ThrowableMethods, <clinit>()V >"	2	4	java_type_ref("<Primordial,Ljava/lang/Throwable>")
"< Application, Lorg/apache/xalan/processor/XSLTAttributeDef, getPrimativeClass(Ljava/lang/Object;)Ljava/lang/Class; >"	29	16	java_type_ref("<Primordial,Ljava/lang/Integer>")
"< Application, Lorg/apache/xalan/lib/Extensions, checkEnvironmentUsingWhich(Lorg/apache/xalan/extensions/ExpressionContext;Lorg/w3c/dom/Document;)Lorg/w3c/dom/Node; >"	5	13	java_type_ref("<Primordial,Ljava/lang/String>")
"< Application, Lorg/apache/xml/serializer/ObjectFactory, findClassLoader()Ljava/lang/ClassLoader; >"	5	12	java_type_ref("<Application,Lorg/apache/xml/serializer/ObjectFactory>")
"< Application, Lorg/apache/xml/dtm/ObjectFactory, findProviderClass(Ljava/lang/String;Ljava/lang/ClassLoader;Z)Ljava/lang/Class; >"	17	21	java_type_ref("<Application,Lorg/apache/xml/dtm/ObjectFactory>")
"< Application, Lorg/apache/xalan/xsltc/compiler/util/ObjectFactory, lookUpFactoryClassName(Ljava/lang/String;Ljava/lang/String;Ljava/lang/String;)Ljava/lang/String; >"	33	77	java_type_ref("<Application,Lorg/apache/xalan/xsltc/compiler/util/ObjectFactory>")
"< Application, Lorg/apache/xalan/processor/XSLTAttributeDef, getPrimativeClass(Ljava/lang/Object;)Ljava/lang/Class; >"	33	17	java_type_ref("<Primordial,Ljava/lang/Long>")
"< Application, Lorg/apache/xalan/xsltc/compiler/util/StringType, translateTo(Lorg/apache/xalan/xsltc/compiler/util/ClassGenerator;Lorg/apache/xalan/xsltc/compiler/util/MethodGenerator;Ljava/lang/Class;)V >"	0	6	java_type_ref("<Primordial,Ljava/lang/String>")
"< Application, Lorg/apache/xml/serializer/dom3/LSSerializerImpl$ThrowableMethods, <clinit>()V >"	4	8	java_type_ref("<Primordial,Ljava/lang/Throwable>")
"< Application, Lorg/apache/xalan/xsltc/compiler/util/IntType, translateTo(Lorg/apache/xalan/xsltc/compiler/util/ClassGenerator;Lorg/apache/xalan/xsltc/compiler/util/MethodGenerator;Ljava/lang/Class;)V >"	36	15	java_type_ref("<Primordial,Ljava/lang/Double>")
"< Application, Lorg/apache/xalan/processor/XSLTSchema, build()V >"	175	263	java_type_ref("<Application,Lorg/apache/xalan/templates/ElemValueOf>")
"< Application, Lorg/apache/xalan/extensions/MethodResolver, convert(Ljava/lang/Object;Ljava/lang/Class;)Ljava/lang/Object; >"	14	146	java_type_ref("<Primordial,Ljava/lang/String>")
"< Application, Lorg/apache/xalan/extensions/MethodResolver, getMethod(Ljava/lang/Class;Ljava/lang/String;[Ljava/lang/Object;[[Ljava/lang/Object;Lorg/apache/xalan/extensions/ExpressionContext;I)Ljava/lang/reflect/Method; >"	32	39	java_type_ref("<Application,Lorg/apache/xalan/extensions/ExpressionContext>")
"< Application, Lorg/apache/xpath/compiler/FunctionTable, <clinit>()V >"	24	26	java_type_ref("<Application,Lorg/apache/xpath/functions/FuncLocalPart>")
"< Application, Lorg/apache/xpath/compiler/FunctionTable, <clinit>()V >"	39	41	java_type_ref("<Application,Lorg/apache/xpath/functions/FuncTrue>")
"< Application, Lorg/apache/xpath/compiler/FunctionTable, <clinit>()V >"	12	14	java_type_ref("<Application,Lorg/apache/xpath/functions/FuncPosition>")
"< Application, Lorg/apache/xalan/xsltc/compiler/util/OutlineableChunkStart, getName()Ljava/lang/String; >"	0	3	java_type_ref("<Application,Lorg/apache/xalan/xsltc/compiler/util/OutlineableChunkStart>")
"< Application, Lorg/apache/xalan/extensions/MethodResolver, <clinit>()V >"	48	55	java_type_ref("<Primordial,Ljava/lang/String>")
"< Application, Lorg/apache/xalan/processor/XSLTSchema, build()V >"	629	596	java_type_ref("<Application,Lorg/apache/xalan/templates/ElemExtensionDecl>")
"< Application, Lorg/apache/xml/utils/ObjectFactory, findJarServiceProviderName(Ljava/lang/String;)Ljava/lang/String; >"	9	19	java_type_ref("<Application,Lorg/apache/xml/utils/ObjectFactory>")
"< Application, Lorg/apache/xalan/xsltc/compiler/FunctionCall, <clinit>()V >"	98	121	java_type_ref("<Primordial,Ljava/lang/Double>")
"< Application, Lorg/apache/xalan/extensions/ExtensionHandlerJavaClass, isElementAvailable(Ljava/lang/String;)Z >"	18	25	java_type_ref("<Application,Lorg/apache/xalan/templates/ElemExtensionCall>")
"< Application, Lorg/apache/xalan/xsltc/compiler/FunctionCall, <clinit>()V >"	196	236	java_type_ref("<Primordial,Ljava/lang/String>")
"< Application, Lorg/apache/xalan/extensions/MethodResolver, <clinit>()V >"	100	95	java_type_ref("<Primordial,Ljava/lang/String>")
"< Application, Lorg/apache/xalan/lib/Extensions, checkEnvironmentUsingWhich(Lorg/apache/xalan/extensions/ExpressionContext;Lorg/w3c/dom/Document;)Lorg/w3c/dom/Node; >"	1	9	java_type_ref("<Primordial,Ljava/util/Hashtable>")
"< Application, Lorg/apache/xalan/xsltc/trax/ObjectFactory, findProviderClass(Ljava/lang/String;Ljava/lang/ClassLoader;Z)Ljava/lang/Class; >"	17	21	java_type_ref("<Application,Lorg/apache/xalan/xsltc/trax/ObjectFactory>")
"< Application, Lorg/apache/xalan/extensions/ObjectFactory, findJarServiceProviderName(Ljava/lang/String;)Ljava/lang/String; >"	9	19	java_type_ref("<Application,Lorg/apache/xalan/extensions/ObjectFactory>")
"< Application, Lorg/apache/xpath/compiler/FunctionTable, <clinit>()V >"	33	35	java_type_ref("<Application,Lorg/apache/xpath/functions/FuncGenerateId>")
"< Application, Lorg/apache/xml/dtm/ObjectFactory, lookUpFactoryClassName(Ljava/lang/String;Ljava/lang/String;Ljava/lang/String;)Ljava/lang/String; >"	33	77	java_type_ref("<Application,Lorg/apache/xml/dtm/ObjectFactory>")
"< Application, Lorg/apache/xpath/compiler/FunctionTable, <clinit>()V >"	108	110	java_type_ref("<Application,Lorg/apache/xpath/functions/FuncUnparsedEntityURI>")
"< Application, Lorg/apache/xml/serializer/ObjectFactory, lookUpFactoryClassName(Ljava/lang/String;Ljava/lang/String;Ljava/lang/String;)Ljava/lang/String; >"	33	77	java_type_ref("<Application,Lorg/apache/xml/serializer/ObjectFactory>")
"< Application, Lorg/apache/xalan/extensions/ExtensionHandlerGeneral, <init>(Ljava/lang/String;Lorg/apache/xml/utils/StringVector;Lorg/apache/xml/utils/StringVector;Ljava/lang/String;Ljava/lang/String;Ljava/lang/String;Ljava/lang/String;)V >"	101	109	java_type_ref("<Primordial,Ljava/lang/String>")
"< Application, Lorg/apache/xpath/compiler/FunctionTable, <clinit>()V >"	102	104	java_type_ref("<Application,Lorg/apache/xpath/functions/FuncStringLength>")
"< Application, Lorg/apache/xalan/processor/XSLTSchema, build()V >"	155	249	java_type_ref("<Application,Lorg/apache/xalan/templates/ElemLiteralResult>")
"< Application, Lorg/apache/xalan/lib/Extensions, checkEnvironmentUsingWhich(Lorg/apache/xalan/extensions/ExpressionContext;Lorg/w3c/dom/Document;)Lorg/w3c/dom/Node; >"	3	11	java_type_ref("<Primordial,Ljava/lang/String>")
"< Application, Lorg/apache/xalan/extensions/MethodResolver, convert(Ljava/lang/Object;Ljava/lang/Class;)Ljava/lang/Object; >"	6	158	java_type_ref("<Primordial,Ljava/lang/String>")
"< Application, Lorg/apache/xalan/xslt/EnvironmentCheck, checkDOMVersion(Ljava/util/Hashtable;)V >"	5	16	java_type_ref("<Primordial,Ljava/lang/String>")
"< Application, Lorg/apache/xalan/xsltc/trax/ObjectFactory, findJarServiceProviderName(Ljava/lang/String;)Ljava/lang/String; >"	9	19	java_type_ref("<Application,Lorg/apache/xalan/xsltc/trax/ObjectFactory>")
"< Application, Lorg/dacapo/harness/Callback, <clinit>()V >"	0	2	java_type_ref("<Application,Lorg/dacapo/harness/Callback>")
"< Application, Lorg/apache/xalan/xsltc/compiler/FunctionCall, <clinit>()V >"	190	229	java_type_ref("<Primordial,Ljava/lang/Object>")
"< Application, Lorg/apache/commons/cli/PatternOptionBuilder, <clinit>()V >"	10	7	java_type_ref("<Primordial,Ljava/io/FileInputStream>")
"< Application, Lorg/apache/xalan/processor/XSLTSchema, build()V >"	128	226	java_type_ref("<Application,Lorg/apache/xalan/templates/ElemTextLiteral>")
"< Application, Lorg/apache/xalan/xsltc/runtime/BasisLibrary, referenceToString(Ljava/lang/Object;Lorg/apache/xalan/xsltc/DOM;)Ljava/lang/String; >"	24	14	java_type_ref("<Primordial,Ljava/lang/String>")
"< Application, Lorg/apache/xalan/processor/XSLTSchema, build()V >"	167	256	java_type_ref("<Application,Lorg/apache/xalan/templates/ElemUnknown>")
"< Application, Lorg/dacapo/harness/TestHarness, runBenchmark(Ljava/io/File;Ljava/lang/String;Lorg/dacapo/harness/TestHarness;)V >"	9	19	java_type_ref("<Application,Lorg/dacapo/parser/Config>")
"< Application, Lorg/apache/xalan/extensions/MethodResolver, <clinit>()V >"	40	49	java_type_ref("<Primordial,Ljava/lang/Boolean>")
"< Application, Lorg/dacapo/harness/CommandLineArgs, printReleaseNotes()V >"	2	4	java_type_ref("<Application,Lorg/dacapo/harness/CommandLineArgs>")
"< Application, Lorg/apache/xalan/xsltc/runtime/ObjectFactory, lookUpFactoryClassName(Ljava/lang/String;Ljava/lang/String;Ljava/lang/String;)Ljava/lang/String; >"	33	77	java_type_ref("<Application,Lorg/apache/xalan/xsltc/runtime/ObjectFactory>")
"< Application, Lorg/apache/xalan/xsltc/compiler/util/OutlineableChunkEnd, getName()Ljava/lang/String; >"	0	3	java_type_ref("<Application,Lorg/apache/xalan/xsltc/compiler/util/OutlineableChunkEnd>")
"< Application, Lorg/apache/xml/serializer/SerializerBase, <clinit>()V >"	0	2	java_type_ref("<Application,Lorg/apache/xml/serializer/SerializerBase>")
"< Application, Lorg/apache/xalan/extensions/MethodResolver, <clinit>()V >"	208	175	java_type_ref("<Primordial,Ljava/lang/String>")
"< Application, Lorg/apache/xalan/xsltc/dom/ObjectFactory, findJarServiceProviderName(Ljava/lang/String;)Ljava/lang/String; >"	9	19	java_type_ref("<Application,Lorg/apache/xalan/xsltc/dom/ObjectFactory>")
"< Application, Lorg/apache/xalan/extensions/MethodResolver, getElementMethod(Ljava/lang/Class;Ljava/lang/String;)Ljava/lang/reflect/Method; >"	16	24	java_type_ref("<Application,Lorg/apache/xalan/extensions/XSLProcessorContext>")
"< Application, Lorg/apache/xpath/compiler/FunctionTable, <clinit>()V >"	15	17	java_type_ref("<Application,Lorg/apache/xpath/functions/FuncCount>")
"< Application, Lorg/apache/xpath/compiler/FunctionTable, <clinit>()V >"	75	77	java_type_ref("<Application,Lorg/apache/xpath/functions/FuncSubstringBefore>")
"< Application, Lorg/apache/xml/dtm/DTMException, printStackTrace(Ljava/io/PrintWriter;)V >"	11	18	java_type_ref("<Primordial,Ljava/lang/Throwable>")
"< Application, Lorg/apache/xalan/processor/XSLTSchema, build()V >"	378	434	java_type_ref("<Application,Lorg/apache/xalan/templates/ElemExsltFuncResult>")
"< Application, Lorg/apache/xalan/xsltc/compiler/util/ObjectType, <init>(Ljava/lang/Class;)V >"	2	6	java_type_ref("<Primordial,Ljava/lang/Object>")
"< Application, Lorg/apache/xalan/processor/XSLTSchema, build()V >"	570	549	java_type_ref("<Application,Lorg/apache/xalan/templates/ElemVariable>")
"< Application, Lorg/apache/xalan/processor/XSLTSchema, build()V >"	325	384	java_type_ref("<Application,Lorg/apache/xalan/templates/ElemPI>")
"< Application, Lorg/apache/xalan/processor/XSLTAttributeDef, getPrimativeClass(Ljava/lang/Object;)Ljava/lang/Class; >"	2	26	java_type_ref("<Application,Lorg/apache/xpath/XPath>")
"< Application, Lorg/apache/xalan/xsltc/dom/ObjectFactory, findProviderClass(Ljava/lang/String;Ljava/lang/ClassLoader;Z)Ljava/lang/Class; >"	17	21	java_type_ref("<Application,Lorg/apache/xalan/xsltc/dom/ObjectFactory>")
"< Application, Lorg/apache/xalan/xsltc/cmdline/ObjectFactory, findClassLoader()Ljava/lang/ClassLoader; >"	5	12	java_type_ref("<Application,Lorg/apache/xalan/xsltc/cmdline/ObjectFactory>")
"< Application, Lorg/apache/xalan/extensions/MethodResolver, <clinit>()V >"	104	98	java_type_ref("<Primordial,Ljava/lang/Object>")
"< Application, Lorg/apache/xml/serializer/ObjectFactory, findProviderClass(Ljava/lang/String;Ljava/lang/ClassLoader;Z)Ljava/lang/Class; >"	17	21	java_type_ref("<Application,Lorg/apache/xml/serializer/ObjectFactory>")
"< Application, Lorg/apache/xalan/extensions/ExtensionHandlerJavaPackage, isElementAvailable(Ljava/lang/String;)Z >"	25	39	java_type_ref("<Application,Lorg/apache/xalan/extensions/XSLProcessorContext>")
"< Application, Lorg/apache/xalan/xslt/EnvironmentCheck, checkSAXVersion(Ljava/util/Hashtable;)V >"	5	16	java_type_ref("<Primordial,Ljava/lang/String>")
"< Application, Lorg/apache/xalan/extensions/ExtensionHandlerGeneral, callFunction(Ljava/lang/String;Ljava/util/Vector;Ljava/lang/Object;Lorg/apache/xalan/extensions/ExpressionContext;)Ljava/lang/Object; >"	28	35	java_type_ref("<Primordial,Ljava/lang/Object>")
"< Application, Lorg/apache/xalan/xsltc/compiler/util/ObjectFactory, findClassLoader()Ljava/lang/ClassLoader; >"	5	12	java_type_ref("<Application,Lorg/apache/xalan/xsltc/compiler/util/ObjectFactory>")
"< Application, Lorg/apache/xalan/processor/XSLTSchema, build()V >"	241	312	java_type_ref("<Application,Lorg/apache/xalan/templates/ElemForEach>")
"< Application, Lorg/apache/xalan/xsltc/compiler/util/ObjectType, <init>(Ljava/lang/String;)V >"	2	6	java_type_ref("<Primordial,Ljava/lang/Object>")
"< Application, Lorg/apache/xalan/extensions/MethodResolver, convert(Ljava/lang/Object;Ljava/lang/Class;)Ljava/lang/Object; >"	66	75	java_type_ref("<Primordial,Lorg/w3c/dom/Node>")
"< Application, Lorg/apache/xalan/processor/XSLTSchema, build()V >"	357	412	java_type_ref("<Application,Lorg/apache/xalan/templates/ElemMessage>")
"< Application, Lorg/apache/xml/dtm/ref/ObjectFactory, findClassLoader()Ljava/lang/ClassLoader; >"	5	12	java_type_ref("<Application,Lorg/apache/xml/dtm/ref/ObjectFactory>")
"< Application, Lorg/dacapo/harness/CommandLineArgs$Methodology, valueOf(Ljava/lang/String;)Lorg/dacapo/harness/CommandLineArgs$Methodology; >"	0	3	java_type_ref("<Application,Lorg/dacapo/harness/CommandLineArgs$Methodology>")
"< Application, Lorg/apache/xalan/extensions/MethodResolver, <clinit>()V >"	154	135	java_type_ref("<Primordial,Ljava/lang/String>")
"< Application, Lorg/apache/xalan/extensions/MethodResolver, convert(Ljava/lang/Object;Ljava/lang/Class;)Ljava/lang/Object; >"	52	72	java_type_ref("<Primordial,Lorg/w3c/dom/traversal/NodeIterator>")
"< Application, Lorg/dacapo/harness/Benchmark, getURL(Ljava/lang/String;)Ljava/net/URL; >"	0	3	java_type_ref("<Application,Lorg/dacapo/harness/Benchmark>")
"< Application, Lorg/apache/xalan/extensions/ExtensionHandlerGeneral, callFunction(Ljava/lang/String;Ljava/util/Vector;Ljava/lang/Object;Lorg/apache/xalan/extensions/ExpressionContext;)Ljava/lang/Object; >"	30	36	java_type_ref("<Primordial,Ljava/lang/String>")
"< Application, Lorg/apache/xalan/xsltc/compiler/FunctionCall, <clinit>()V >"	218	262	java_type_ref("<Primordial,Ljava/lang/String>")
"< Application, Lorg/apache/xalan/extensions/ExtensionHandlerJavaPackage, isElementAvailable(Ljava/lang/String;)Z >"	29	43	java_type_ref("<Application,Lorg/apache/xalan/templates/ElemExtensionCall>")
"< Application, Lorg/apache/xml/dtm/ObjectFactory, findJarServiceProviderName(Ljava/lang/String;)Ljava/lang/String; >"	9	19	java_type_ref("<Application,Lorg/apache/xml/dtm/ObjectFactory>")
"< Application, Lorg/apache/xml/dtm/ref/ObjectFactory, findJarServiceProviderName(Ljava/lang/String;)Ljava/lang/String; >"	9	19	java_type_ref("<Application,Lorg/apache/xml/dtm/ref/ObjectFactory>")
"< Application, Lorg/dacapo/harness/CommandLineArgs, defineCallback()V >"	36	40	java_type_ref("<Application,Lorg/dacapo/harness/CommandLineArgs>")
"< Application, Lorg/apache/xml/dtm/ref/ObjectFactory, lookUpFactoryClassName(Ljava/lang/String;Ljava/lang/String;Ljava/lang/String;)Ljava/lang/String; >"	33	77	java_type_ref("<Application,Lorg/apache/xml/dtm/ref/ObjectFactory>")
"< Application, Lorg/apache/xalan/processor/XSLTSchema, build()V >"	216	290	java_type_ref("<Application,Lorg/apache/xalan/templates/ElemWithParam>")
"< Application, Lorg/apache/xalan/processor/XSLTSchema, build()V >"	591	562	java_type_ref("<Application,Lorg/apache/xalan/templates/ElemTemplate>")
"< Application, Lorg/apache/xalan/processor/XSLTSchema, build()V >"	609	579	java_type_ref("<Application,Lorg/apache/xalan/templates/ElemExtensionScript>")
"< Application, Lorg/apache/xalan/xsltc/compiler/FunctionCall, <clinit>()V >"	86	106	java_type_ref("<Primordial,Ljava/lang/Object>")
"< Application, Lorg/apache/xalan/extensions/MethodResolver, convert(Ljava/lang/Object;Ljava/lang/Class;)Ljava/lang/Object; >"	101	29	java_type_ref("<Primordial,Lorg/w3c/dom/traversal/NodeIterator>")
"< Application, Lorg/apache/xalan/extensions/MethodResolver, convert(Ljava/lang/Object;Ljava/lang/Class;)Ljava/lang/Object; >"	159	16	java_type_ref("<Primordial,Ljava/lang/Class>")
"< Application, Lorg/apache/xpath/compiler/FunctionTable, <clinit>()V >"	99	101	java_type_ref("<Application,Lorg/apache/xpath/functions/FuncSubstring>")
"< Application, Lorg/apache/xpath/functions/ObjectFactory, findJarServiceProviderName(Ljava/lang/String;)Ljava/lang/String; >"	9	19	java_type_ref("<Application,Lorg/apache/xpath/functions/ObjectFactory>")
"< Application, Lorg/apache/xalan/xsltc/cmdline/ObjectFactory, findProviderClass(Ljava/lang/String;Ljava/lang/ClassLoader;Z)Ljava/lang/Class; >"	17	21	java_type_ref("<Application,Lorg/apache/xalan/xsltc/cmdline/ObjectFactory>")
"< Application, Lorg/apache/xpath/compiler/FunctionTable, <clinit>()V >"	9	11	java_type_ref("<Application,Lorg/apache/xpath/functions/FuncLast>")
"< Application, Lorg/apache/xalan/xsltc/compiler/util/Type, newObjectType(Ljava/lang/Class;)Lorg/apache/xalan/xsltc/compiler/util/Type; >"	4	4	java_type_ref("<Primordial,Ljava/lang/String>")
"< Application, Lorg/apache/xpath/compiler/FunctionTable, <clinit>()V >"	66	68	java_type_ref("<Application,Lorg/apache/xpath/functions/FuncString>")
"< Application, Lorg/apache/xalan/lib/ObjectFactory, findClassLoader()Ljava/lang/ClassLoader; >"	5	12	java_type_ref("<Application,Lorg/apache/xalan/lib/ObjectFactory>")
"< Application, Lorg/dacapo/harness/ChordHarness, main([Ljava/lang/String;)V >"	42	58	java_type_ref("<Application,Lorg/dacapo/harness/ChordHarness>")
"< Application, Lorg/apache/xalan/processor/XSLTAttributeDef, getPrimativeClass(Ljava/lang/Object;)Ljava/lang/Class; >"	5	8	java_type_ref("<Primordial,Ljava/lang/Double>")
"< Application, Lorg/apache/xalan/xsltc/dom/ObjectFactory, findClassLoader()Ljava/lang/ClassLoader; >"	5	12	java_type_ref("<Application,Lorg/apache/xalan/xsltc/dom/ObjectFactory>")
"< Application, Lorg/apache/xalan/processor/XSLTSchema, build()V >"	274	341	java_type_ref("<Application,Lorg/apache/xalan/templates/ElemChoose>")
"< Application, Lorg/apache/xalan/extensions/MethodResolver, <clinit>()V >"	200	169	java_type_ref("<Primordial,Lorg/w3c/dom/NodeList>")
"< Application, Lorg/apache/xalan/xsltc/compiler/util/Type, newObjectType(Ljava/lang/Class;)Lorg/apache/xalan/xsltc/compiler/util/Type; >"	0	3	java_type_ref("<Primordial,Ljava/lang/Object>")
"< Application, Lorg/apache/xalan/extensions/ObjectFactory, findProviderClass(Ljava/lang/String;Ljava/lang/ClassLoader;Z)Ljava/lang/Class; >"	17	21	java_type_ref("<Application,Lorg/apache/xalan/extensions/ObjectFactory>")
"< Application, Lorg/apache/xpath/compiler/FunctionTable, <clinit>()V >"	27	29	java_type_ref("<Application,Lorg/apache/xpath/functions/FuncNamespace>")
"< Application, Lorg/apache/xalan/xsltc/compiler/FunctionCall, <clinit>()V >"	224	269	java_type_ref("<Primordial,Ljava/lang/Object>")
"< Application, Lorg/apache/xalan/extensions/MethodResolver, <clinit>()V >"	204	172	java_type_ref("<Primordial,Lorg/w3c/dom/Node>")
"< Application, Lorg/apache/xml/utils/ObjectFactory, findProviderClass(Ljava/lang/String;Ljava/lang/ClassLoader;Z)Ljava/lang/Class; >"	17	21	java_type_ref("<Application,Lorg/apache/xml/utils/ObjectFactory>")
"< Application, Lorg/apache/xpath/compiler/FunctionTable, <clinit>()V >"	51	53	java_type_ref("<Application,Lorg/apache/xpath/functions/FuncNumber>")
"< Application, Lorg/apache/xalan/processor/XSLTSchema, build()V >"	257	326	java_type_ref("<Application,Lorg/apache/xalan/templates/ElemWhen>")
"< Application, Lorg/apache/xalan/lib/sql/ObjectFactory, findJarServiceProviderName(Ljava/lang/String;)Ljava/lang/String; >"	9	19	java_type_ref("<Application,Lorg/apache/xalan/lib/sql/ObjectFactory>")
"< Application, Lorg/apache/xalan/extensions/MethodResolver, convert(Ljava/lang/Object;Ljava/lang/Class;)Ljava/lang/Object; >"	27	124	java_type_ref("<Primordial,Ljava/lang/String>")
"< Application, Lorg/apache/xalan/processor/XSLTAttributeDef, getPrimativeClass(Ljava/lang/Object;)Ljava/lang/Class; >"	17	13	java_type_ref("<Primordial,Ljava/lang/Byte>")
"< Application, Lorg/dacapo/harness/ChordHarness, getURL(Ljava/lang/String;)Ljava/net/URL; >"	0	3	java_type_ref("<Application,Lorg/dacapo/harness/ChordHarness>")
"< Application, Lorg/apache/xalan/extensions/MethodResolver, <clinit>()V >"	30	41	java_type_ref("<Primordial,Ljava/lang/String>")
"< Application, Lorg/apache/xalan/xsltc/compiler/util/Type, <clinit>()V >"	25	19	java_type_ref("<Primordial,Ljava/lang/Object>")
"< Application, Lorg/apache/xml/utils/ObjectFactory, lookUpFactoryClassName(Ljava/lang/String;Ljava/lang/String;Ljava/lang/String;)Ljava/lang/String; >"	33	77	java_type_ref("<Application,Lorg/apache/xml/utils/ObjectFactory>")
"< Application, Lorg/apache/xalan/xsltc/compiler/FunctionCall, <clinit>()V >"	174	210	java_type_ref("<Primordial,Ljava/lang/String>")
"< Application, Lorg/apache/xpath/compiler/FunctionTable, <clinit>()V >"	30	32	java_type_ref("<Application,Lorg/apache/xpath/functions/FuncQname>")
"< Application, Lorg/dacapo/harness/TestHarness, main([Ljava/lang/String;)V >"	36	57	java_type_ref("<Application,Lorg/dacapo/harness/TestHarness>")
"< Application, Lorg/apache/xpath/compiler/FunctionTable, <clinit>()V >"	63	65	java_type_ref("<Application,Lorg/apache/xpath/functions/FuncSum>")
"< Application, Lorg/apache/xalan/extensions/MethodResolver, <clinit>()V >"	150	132	java_type_ref("<Primordial,Lorg/w3c/dom/Node>")
"< Application, Lorg/apache/xalan/xsltc/compiler/util/BooleanType, translateTo(Lorg/apache/xalan/xsltc/compiler/util/ClassGenerator;Lorg/apache/xalan/xsltc/compiler/util/MethodGenerator;Ljava/lang/Class;)V >"	6	7	java_type_ref("<Primordial,Ljava/lang/Boolean>")
"< Application, Lorg/apache/xalan/xsltc/compiler/util/ObjectFactory, findProviderClass(Ljava/lang/String;Ljava/lang/ClassLoader;Z)Ljava/lang/Class; >"	17	21	java_type_ref("<Application,Lorg/apache/xalan/xsltc/compiler/util/ObjectFactory>")
"< Application, Lorg/dacapo/harness/CommandLineArgs, <clinit>()V >"	0	2	java_type_ref("<Application,Lorg/dacapo/harness/CommandLineArgs>")
"< Application, Lorg/apache/xalan/processor/XSLTSchema, build()V >"	208	283	java_type_ref("<Application,Lorg/apache/xalan/templates/ElemSort>")
"< Application, Lorg/apache/xalan/xsltc/compiler/FunctionCall, <clinit>()V >"	152	184	java_type_ref("<Primordial,Ljava/lang/Object>")
"< Application, Lorg/dacapo/parser/Config$ThreadModel, valueOf(Ljava/lang/String;)Lorg/dacapo/parser/Config$ThreadModel; >"	0	3	java_type_ref("<Application,Lorg/dacapo/parser/Config$ThreadModel>")
"< Application, Lorg/apache/xalan/processor/XSLTSchema, build()V >"	317	377	java_type_ref("<Application,Lorg/apache/xalan/templates/ElemText>")
"< Application, Lorg/apache/xalan/extensions/MethodResolver, convert(Ljava/lang/Object;Ljava/lang/Class;)Ljava/lang/Object; >"	107	31	java_type_ref("<Primordial,Lorg/w3c/dom/NodeList>")
"< Application, Lorg/apache/xalan/extensions/MethodResolver, <clinit>()V >"	212	178	java_type_ref("<Primordial,Ljava/lang/Object>")
"< Application, Lorg/apache/xalan/processor/StylesheetHandler, <init>(Lorg/apache/xalan/processor/TransformerFactoryImpl;)V >"	48	32	java_type_ref("<Application,Lorg/apache/xalan/templates/FuncDocument>")
"< Application, Lorg/apache/xalan/lib/ObjectFactory, lookUpFactoryClassName(Ljava/lang/String;Ljava/lang/String;Ljava/lang/String;)Ljava/lang/String; >"	33	77	java_type_ref("<Application,Lorg/apache/xalan/lib/ObjectFactory>")
"< Application, Lorg/apache/xpath/functions/ObjectFactory, findProviderClass(Ljava/lang/String;Ljava/lang/ClassLoader;Z)Ljava/lang/Class; >"	17	21	java_type_ref("<Application,Lorg/apache/xpath/functions/ObjectFactory>")
"< Application, Lorg/apache/xalan/xsltc/runtime/ObjectFactory, findProviderClass(Ljava/lang/String;Ljava/lang/ClassLoader;Z)Ljava/lang/Class; >"	17	21	java_type_ref("<Application,Lorg/apache/xalan/xsltc/runtime/ObjectFactory>")
"< Application, Lorg/apache/xalan/xsltc/compiler/FunctionCall, <clinit>()V >"	212	255	java_type_ref("<Primordial,Ljava/lang/Object>")
"< Application, Lorg/apache/commons/cli/PatternOptionBuilder, <clinit>()V >"	14	9	java_type_array(java_type_ref("<Primordial,Ljava/io/File>"))
"< Application, Lorg/apache/xalan/processor/XSLTSchema, build()V >"	233	305	java_type_ref("<Application,Lorg/apache/xalan/templates/ElemApplyImport>")
"< Application, Lorg/apache/xalan/extensions/ExtensionHandlerGeneral, <init>(Ljava/lang/String;Lorg/apache/xml/utils/StringVector;Lorg/apache/xml/utils/StringVector;Ljava/lang/String;Ljava/lang/String;Ljava/lang/String;Ljava/lang/String;)V >"	111	121	java_type_ref("<Primordial,Ljava/lang/String>")
"< Application, Lorg/apache/xalan/extensions/ObjectFactory, findClassLoader()Ljava/lang/ClassLoader; >"	5	12	java_type_ref("<Application,Lorg/apache/xalan/extensions/ObjectFactory>")
"< Application, Lorg/apache/xpath/compiler/FunctionTable, <clinit>()V >"	57	59	java_type_ref("<Application,Lorg/apache/xpath/functions/FuncCeiling>")
"< Application, Lorg/apache/xml/dtm/ref/ObjectFactory, findProviderClass(Ljava/lang/String;Ljava/lang/ClassLoader;Z)Ljava/lang/Class; >"	17	21	java_type_ref("<Application,Lorg/apache/xml/dtm/ref/ObjectFactory>")
"< Application, Lorg/apache/xml/serializer/CharInfo, <init>(Ljava/lang/String;Ljava/lang/String;Z)V >"	25	29	java_type_ref("<Application,Lorg/apache/xml/serializer/CharInfo>")
"< Application, Lorg/apache/commons/cli/PatternOptionBuilder, <clinit>()V >"	6	5	java_type_ref("<Primordial,Ljava/util/Date>")
"< Application, Lorg/apache/xalan/xslt/ObjectFactory, findJarServiceProviderName(Ljava/lang/String;)Ljava/lang/String; >"	9	19	java_type_ref("<Application,Lorg/apache/xalan/xslt/ObjectFactory>")
"< Application, Lorg/apache/xpath/compiler/FunctionTable, <clinit>()V >"	18	20	java_type_ref("<Application,Lorg/apache/xpath/functions/FuncId>")
"< Application, Lorg/apache/xalan/xsltc/compiler/FunctionCall, <clinit>()V >"	268	324	java_type_ref("<Primordial,Ljava/lang/Object>")
"< Application, Lorg/apache/xalan/extensions/MethodResolver, <clinit>()V >"	142	126	java_type_ref("<Primordial,Lorg/w3c/dom/traversal/NodeIterator>")
"< Application, Lorg/apache/xalan/xslt/ObjectFactory, findClassLoader()Ljava/lang/ClassLoader; >"	5	12	java_type_ref("<Application,Lorg/apache/xalan/xslt/ObjectFactory>")
"< Application, Lorg/apache/xpath/compiler/FunctionTable, <clinit>()V >"	54	56	java_type_ref("<Application,Lorg/apache/xpath/functions/FuncFloor>")
"< Application, Lorg/dacapo/harness/TestHarness, runBenchmark(Ljava/io/File;Ljava/lang/String;Lorg/dacapo/harness/TestHarness;)V >"	11	21	java_type_ref("<Primordial,Ljava/io/File>")
"< Application, Lorg/apache/xalan/extensions/ExtensionHandlerGeneral, callFunction(Ljava/lang/String;Ljava/util/Vector;Ljava/lang/Object;Lorg/apache/xalan/extensions/ExpressionContext;)Ljava/lang/Object; >"	32	38	java_type_array(java_type_ref("<Primordial,Ljava/lang/Object>"))
"< Application, Lorg/apache/xpath/compiler/FunctionTable, <clinit>()V >"	72	74	java_type_ref("<Application,Lorg/apache/xpath/functions/FuncContains>")
"< Application, Lorg/dacapo/harness/TestHarness, getURL(Ljava/lang/String;)Ljava/net/URL; >"	0	3	java_type_ref("<Application,Lorg/dacapo/harness/TestHarness>")
"< Application, Lorg/apache/xalan/processor/XSLTAttributeDef, getPrimativeClass(Ljava/lang/Object;)Ljava/lang/Class; >"	13	12	java_type_ref("<Primordial,Ljava/lang/Boolean>")
"< Application, Lorg/dacapo/harness/CommandLineArgs, defineCallback()V >"	21	35	java_type_ref("<Application,Lorg/dacapo/harness/Callback>")
"< Application, Lorg/apache/xalan/extensions/MethodResolver, convertParams([Ljava/lang/Object;[[Ljava/lang/Object;[Ljava/lang/Class;Lorg/apache/xalan/extensions/ExpressionContext;)V >"	7	10	java_type_ref("<Application,Lorg/apache/xalan/extensions/ExpressionContext>")
"< Application, Lorg/apache/xalan/processor/XSLTSchema, build()V >"	182	270	java_type_ref("<Application,Lorg/apache/xalan/templates/ElemCopyOf>")
"< Application, Lorg/apache/xpath/compiler/FunctionTable, <clinit>()V >"	81	83	java_type_ref("<Application,Lorg/apache/xpath/functions/FuncNormalizeSpace>")
