java_type_ref("<Application,Lorg/apache/xalan/transformer/TransformerClient>")
java_type_ref("<Application,Lorg/apache/xml/serializer/Serializer>")
java_type_ref("<Application,Lorg/apache/xml/serializer/TransformStateSetter>")
java_type_ref("<Application,Lorg/apache/xpath/axes/ContextNodeList>")
java_type_ref("<Application,Lorg/apache/bcel/ExceptionConstants>")
java_type_ref("<Application,Lorg/apache/xml/dtm/ref/CoroutineParser>")
java_type_ref("<Application,Lorg/apache/bcel/classfile/AttributeReader>")
java_type_ref("<Application,Lorg/apache/bcel/util/InstructionFinder$CodeConstraint>")
java_type_ref("<Application,Lorg/apache/xml/dtm/DTM>")
java_type_ref("<Application,Lorg/apache/regexp/CharacterIterator>")
java_type_ref("<Application,Lorg/apache/xpath/patterns/NodeTestFilter>")
java_type_ref("<Application,Ljava_cup/runtime/Scanner>")
java_type_ref("<Application,Lorg/apache/xalan/xsltc/StripFilter>")
java_type_ref("<Application,Lorg/apache/bcel/generic/PushInstruction>")
java_type_ref("<Application,Lorg/apache/xml/serializer/SerializerConstants>")
java_type_ref("<Application,Lorg/apache/bcel/generic/AllocationInstruction>")
java_type_ref("<Application,Lorg/apache/xalan/xsltc/CollatorFactory>")
java_type_ref("<Application,Lorg/apache/xml/serializer/DOMSerializer>")
java_type_ref("<Application,Lorg/apache/bcel/generic/StackConsumer>")
java_type_ref("<Application,Lorg/apache/xalan/lib/sql/DTMDocument$CharacterNodeHandler>")
java_type_ref("<Application,Lorg/apache/bcel/generic/InstructionConstants>")
java_type_ref("<Application,Lorg/apache/xpath/ExpressionNode>")
java_type_ref("<Application,Lorg/apache/xml/dtm/DTMIterator>")
java_type_ref("<Application,Lorg/apache/xalan/xsltc/Translet>")
java_type_ref("<Application,Lorg/apache/xalan/xsltc/dom/CurrentNodeListFilter>")
java_type_ref("<Application,Lorg/apache/xalan/templates/XSLTVisitable>")
java_type_ref("<Application,Lorg/apache/bcel/classfile/ConstantObject>")
java_type_ref("<Application,Lorg/apache/xml/dtm/ref/IncrementalSAXSource>")
java_type_ref("<Application,Lorg/apache/bcel/generic/InstructionTargeter>")
java_type_ref("<Application,Lorg/apache/xml/serializer/EncodingInfo$InEncoding>")
java_type_ref("<Application,Lorg/apache/xpath/XPathVisitable>")
java_type_ref("<Application,Lorg/apache/xml/serializer/XSLOutputAttributes>")
java_type_ref("<Application,Lorg/apache/xalan/serialize/DOMSerializer>")
java_type_ref("<Application,Lorg/apache/xml/serializer/ExtendedLexicalHandler>")
java_type_ref("<Application,Lorg/apache/xml/utils/PrefixResolver>")
java_type_ref("<Application,Lorg/apache/xpath/axes/PathComponent>")
java_type_ref("<Application,Lorg/apache/xml/utils/DOMOrder>")
java_type_ref("<Application,Lorg/apache/bcel/generic/ConstantPushInstruction>")
java_type_ref("<Application,Lorg/apache/bcel/classfile/Visitor>")
java_type_ref("<Application,Lorg/apache/xpath/ExtensionsProvider>")
java_type_ref("<Application,Lorg/apache/xml/utils/NodeConsumer>")
java_type_ref("<Application,Lorg/apache/xalan/lib/sql/ConnectionPool>")
java_type_ref("<Application,Lorg/apache/xml/serializer/SerializationHandler>")
java_type_ref("<Application,Lorg/apache/xalan/xsltc/dom/Filter>")
java_type_ref("<Application,Lorg/apache/bcel/verifier/VerifierFactoryObserver>")
java_type_ref("<Application,Lorg/apache/xalan/xsltc/compiler/Closure>")
java_type_ref("<Application,Lorg/apache/commons/cli/CommandLineParser>")
java_type_ref("<Application,Lorg/apache/xalan/xsltc/DOM>")
java_type_ref("<Application,Lorg/apache/xalan/xsltc/dom/ExtendedSAX>")
java_type_ref("<Application,Lorg/apache/xalan/xsltc/DOMEnhancedForDTM>")
java_type_ref("<Application,Lorg/apache/xalan/xsltc/runtime/output/OutputBuffer>")
java_type_ref("<Application,Lorg/apache/bcel/generic/UnconditionalBranch>")
java_type_ref("<Application,Lorg/apache/bcel/generic/StackProducer>")
java_type_ref("<Application,Lorg/apache/bcel/generic/IndexedInstruction>")
java_type_ref("<Application,Lorg/apache/xalan/trace/TraceListenerEx>")
java_type_ref("<Application,Lorg/apache/xml/serializer/ExtendedContentHandler>")
java_type_ref("<Application,Lorg/apache/xml/dtm/ref/dom2dtm/DOM2DTM$CharacterNodeHandler>")
java_type_ref("<Application,Lorg/apache/xalan/trace/TraceListener>")
java_type_ref("<Application,Lorg/apache/bcel/verifier/structurals/InstructionContext>")
java_type_ref("<Application,Lorg/apache/xalan/extensions/ExpressionContext>")
java_type_ref("<Application,Lorg/apache/bcel/generic/NamedAndTyped>")
java_type_ref("<Application,Lorg/apache/xpath/ExpressionOwner>")
java_type_ref("<Application,Lorg/apache/bcel/generic/LoadClass>")
java_type_ref("<Application,Lorg/apache/bcel/verifier/structurals/Subroutine>")
java_type_ref("<Application,Lorg/apache/xpath/WhitespaceStrippingElementMatcher>")
java_type_ref("<Application,Lorg/apache/xml/utils/RawCharacterHandler>")
java_type_ref("<Application,Lorg/apache/xalan/transformer/TransformState>")
java_type_ref("<Application,Lorg/dacapo/parser/ConfigFileConstants>")
java_type_ref("<Application,Lorg/apache/xalan/xsltc/dom/StripWhitespaceFilter>")
java_type_ref("<Application,Lorg/apache/bcel/generic/PopInstruction>")
java_type_ref("<Application,Lorg/apache/bcel/Constants>")
java_type_ref("<Application,Lorg/apache/xalan/xsltc/dom/DOMBuilder>")
java_type_ref("<Application,Lorg/apache/bcel/generic/ExceptionThrower>")
java_type_ref("<Application,Lorg/apache/xalan/xsltc/compiler/SourceLoader>")
java_type_ref("<Application,Lorg/apache/xalan/xsltc/compiler/NodeTest>")
java_type_ref("<Application,Lorg/apache/xml/serializer/WriterChain>")
java_type_ref("<Application,Lorg/apache/xml/dtm/DTMAxisIterator>")
java_type_ref("<Application,Lorg/apache/xalan/xsltc/compiler/Constants>")
java_type_ref("<Application,Lorg/apache/xml/utils/XMLString>")
java_type_ref("<Application,Lorg/apache/xml/serializer/SerializerTrace>")
java_type_ref("<Application,Lorg/apache/bcel/generic/VariableLengthInstruction>")
java_type_ref("<Application,Lorg/apache/xalan/xsltc/runtime/Constants>")
java_type_ref("<Application,Lorg/apache/xpath/axes/SubContextList>")
java_type_ref("<Application,Lorg/apache/xml/dtm/DTMWSFilter>")
java_type_ref("<Application,Lorg/apache/xalan/serialize/Serializer>")
java_type_ref("<Application,Lorg/apache/xalan/xsltc/DOMCache>")
java_type_ref("<Application,Lorg/apache/xalan/trace/TraceListenerEx3>")
java_type_ref("<Application,Lorg/apache/xml/dtm/DTMFilter>")
java_type_ref("<Application,Lorg/apache/bcel/generic/ClassObserver>")
java_type_ref("<Application,Lorg/apache/bcel/generic/CompoundInstruction>")
java_type_ref("<Application,Lorg/apache/bcel/generic/Visitor>")
java_type_ref("<Application,Lorg/apache/xml/serializer/DOM3Serializer>")
java_type_ref("<Application,Lorg/apache/xpath/XPathFactory>")
java_type_ref("<Application,Lorg/apache/bcel/generic/TypedInstruction>")
java_type_ref("<Application,Lorg/apache/xalan/xsltc/NodeIterator>")
java_type_ref("<Application,Lorg/apache/bcel/classfile/Node>")
java_type_ref("<Application,Lorg/apache/xalan/trace/TraceListenerEx2>")
java_type_ref("<Application,Lorg/apache/xalan/transformer/TransformSnapshot>")
java_type_ref("<Application,Lorg/apache/bcel/generic/InstructionListObserver>")
java_type_ref("<Application,Lorg/apache/bcel/generic/MethodObserver>")
java_type_ref("<Application,Lorg/apache/bcel/generic/FieldObserver>")
