"< Application, Lorg/apache/lucene/index/SegmentInfo, <clinit>()V >"
"< Application, Lorg/apache/lucene/demo/html/Entities, <clinit>()V >"
"< Application, Lorg/apache/lucene/util/UnicodeUtil, <clinit>()V >"
"< Application, Lorg/apache/lucene/analysis/Token, <clinit>()V >"
"< Application, Lorg/apache/lucene/document/Field$TermVector, <clinit>()V >"
"< Application, Lorg/apache/lucene/queryParser/QueryParserTokenManager, <clinit>()V >"
"< Application, Lorg/apache/lucene/search/spans/NearSpansOrdered, <clinit>()V >"
"< Application, Lorg/apache/lucene/search/function/FieldScoreQuery$Type, <clinit>()V >"
"< Application, Lorg/apache/lucene/analysis/TokenStream, <clinit>()V >"
"< Application, Lorg/apache/lucene/index/DocumentsWriter$WaitQueue, <clinit>()V >"
"< Application, Lorg/apache/lucene/search/function/OrdFieldSource, <clinit>()V >"
"< Application, Lorg/dacapo/harness/CommandLineArgs$Methodology, <clinit>()V >"
"< Application, Lorg/apache/lucene/search/BooleanQuery, <clinit>()V >"
"< Application, Lorg/apache/lucene/queryParser/QueryParserConstants, <clinit>()V >"
"< Application, Lorg/apache/lucene/util/DocIdBitSet$DocIdBitSetIterator, <clinit>()V >"
"< Application, Lorg/apache/lucene/search/FieldSortedHitQueue, <clinit>()V >"
"< Application, Lorg/dacapo/parser/Config, <clinit>()V >"
"< Application, Lorg/apache/lucene/index/FreqProxTermsWriterPerField, <clinit>()V >"
"< Application, Lorg/apache/lucene/index/NormsWriter, <clinit>()V >"
"< Application, Lorg/apache/lucene/analysis/PorterStemFilter, <clinit>()V >"
"< Application, Lorg/dacapo/parser/Config$1, <clinit>()V >"
"< Application, Lorg/apache/lucene/store/NIOFSDirectory$NIOFSIndexInput, <clinit>()V >"
"< Application, Lorg/apache/lucene/index/DirectoryIndexReader, <clinit>()V >"
"< Application, Lorg/apache/lucene/util/BitVector, <clinit>()V >"
"< Application, Lorg/apache/lucene/index/TermVectorsTermsWriterPerField, <clinit>()V >"
"< Application, Lorg/apache/lucene/search/ScoreDocComparator, <clinit>()V >"
"< Application, Lorg/apache/lucene/index/SegmentMerger, <clinit>()V >"
"< Application, Lorg/apache/lucene/search/BooleanScorer2, <clinit>()V >"
"< Application, Lorg/dacapo/harness/Matcher, <clinit>()V >"
"< Application, Lorg/apache/lucene/search/ExtendedFieldCacheImpl, <clinit>()V >"
"< Application, Lorg/apache/lucene/search/Similarity, <clinit>()V >"
"< Application, Lorg/apache/commons/cli/OptionBuilder, <clinit>()V >"
"< Application, Lorg/apache/lucene/store/NoLockFactory, <clinit>()V >"
"< Application, Lorg/apache/lucene/index/ConcurrentMergeScheduler, <clinit>()V >"
"< Application, Lorg/apache/lucene/search/FieldCache, <clinit>()V >"
"< Application, Lorg/apache/lucene/demo/IndexHTML, <clinit>()V >"
"< Application, Lorg/apache/lucene/index/FieldsWriter, <clinit>()V >"
"< Application, Lorg/apache/lucene/analysis/StopFilter, <clinit>()V >"
"< Application, Lorg/apache/lucene/analysis/LowerCaseFilter, <clinit>()V >"
"< Application, Lorg/apache/lucene/index/TermVectorsWriter, <clinit>()V >"
"< Application, Lorg/dacapo/harness/LatexDescriptions, <clinit>()V >"
"< Application, Lorg/apache/lucene/index/SegmentReader, <clinit>()V >"
"< Application, Lorg/apache/lucene/index/IndexReader$FieldOption, <clinit>()V >"
"< Application, Lorg/apache/lucene/index/LogMergePolicy, <clinit>()V >"
"< Application, Lorg/apache/lucene/index/TermVectorOffsetInfo, <clinit>()V >"
"< Application, Lorg/apache/lucene/index/CompoundFileWriter, <clinit>()V >"
"< Application, Lorg/apache/lucene/index/DocFieldConsumersPerThread, <clinit>()V >"
"< Application, Lorg/apache/lucene/index/CheckIndex, <clinit>()V >"
"< Application, Lorg/dacapo/harness/Callback, <clinit>()V >"
"< Application, Lorg/dacapo/parser/ConfigFileTokenManager, <clinit>()V >"
"< Application, Lorg/dacapo/harness/CommandLineArgs, <clinit>()V >"
"< Application, Lorg/apache/lucene/util/Constants, <clinit>()V >"
"< Application, Lorg/apache/lucene/index/DocFieldProcessorPerThread, <clinit>()V >"
"< Application, Lorg/apache/lucene/document/Field$Store, <clinit>()V >"
"< Application, Lorg/apache/lucene/document/DateField, <clinit>()V >"
"< Application, Lorg/apache/lucene/index/TermsHashPerField, <clinit>()V >"
"< Application, Lorg/apache/lucene/index/ByteBlockPool, <clinit>()V >"
"< Application, Lorg/apache/lucene/index/TermVectorsTermsWriter, <clinit>()V >"
"< Application, Lorg/apache/lucene/search/function/ReverseOrdFieldSource, <clinit>()V >"
"< Application, Lorg/apache/lucene/store/RAMOutputStream, <clinit>()V >"
"< Application, Lorg/apache/lucene/store/Lock, <clinit>()V >"
"< Application, Lorg/apache/lucene/index/FieldsReader, <clinit>()V >"
"< Application, Lorg/apache/lucene/search/Sort, <clinit>()V >"
"< Application, Lorg/apache/lucene/analysis/standard/StandardAnalyzer, <clinit>()V >"
"< Application, Lorg/apache/lucene/util/CloseableThreadLocal, <clinit>()V >"
"< Application, Lorg/apache/lucene/index/DocumentsWriter, <clinit>()V >"
"< Application, Lorg/apache/lucene/index/ByteSliceReader, <clinit>()V >"
"< Application, Lorg/apache/lucene/store/IndexOutput, <clinit>()V >"
"< Application, Lorg/apache/lucene/index/IndexFileDeleter, <clinit>()V >"
"< Application, Lorg/apache/lucene/document/NumberTools, <clinit>()V >"
"< Application, Lorg/apache/lucene/analysis/standard/StandardTokenizer, <clinit>()V >"
"< Application, Lorg/apache/lucene/index/SegmentInfos, <clinit>()V >"
"< Application, Lorg/apache/lucene/index/SegmentTermPositionVector, <clinit>()V >"
"< Application, Lorg/apache/lucene/document/FieldSelectorResult, <clinit>()V >"
"< Application, Lorg/dacapo/parser/ConfigFileConstants, <clinit>()V >"
"< Application, Lorg/apache/lucene/index/TermsHashPerThread, <clinit>()V >"
"< Application, Lorg/apache/commons/cli/PatternOptionBuilder, <clinit>()V >"
"< Application, Lorg/apache/lucene/index/IndexFileDeleter$RefCount, <clinit>()V >"
"< Application, Lorg/dacapo/parser/Config$ThreadModel, <clinit>()V >"
"< Application, Lorg/apache/lucene/index/StoredFieldsWriter, <clinit>()V >"
"< Application, Lorg/apache/lucene/analysis/CharTokenizer, <clinit>()V >"
"< Application, Lorg/apache/lucene/demo/HTMLDocument, <clinit>()V >"
"< Application, Lorg/apache/lucene/index/TermVectorsTermsWriterPerThread, <clinit>()V >"
"< Application, Lorg/apache/lucene/index/DocFieldConsumers, <clinit>()V >"
"< Application, Lorg/apache/lucene/index/SegmentTermPositions, <clinit>()V >"
"< Application, Lorg/apache/lucene/queryParser/QueryParser$Operator, <clinit>()V >"
"< Application, Lorg/apache/lucene/store/NativeFSLock, <clinit>()V >"
"< Application, Lorg/apache/lucene/index/IndexFileNames, <clinit>()V >"
"< Application, Lorg/apache/lucene/index/StoredFieldsWriterPerField, <clinit>()V >"
"< Application, Lorg/apache/lucene/analysis/SinkTokenizer, <clinit>()V >"
"< Application, Lorg/apache/lucene/document/DateTools$Resolution, <clinit>()V >"
"< Application, Lorg/apache/lucene/search/RemoteSearchable_Stub, <clinit>()V >"
"< Application, Lorg/apache/lucene/analysis/CachingTokenFilter, <clinit>()V >"
"< Application, Lorg/apache/lucene/index/TermsHash, <clinit>()V >"
"< Application, Lorg/apache/lucene/index/NormsWriterPerField, <clinit>()V >"
"< Application, Lorg/dacapo/parser/ConfigFile, <clinit>()V >"
"< Application, Lorg/apache/lucene/analysis/TeeTokenFilter, <clinit>()V >"
"< Application, Lorg/dacapo/harness/ChordHarness, <clinit>()V >"
"< Application, Lorg/dacapo/harness/Callback$Mode, <clinit>()V >"
"< Application, Lorg/apache/lucene/analysis/standard/StandardFilter, <clinit>()V >"
"< Application, Lorg/apache/lucene/analysis/StopAnalyzer, <clinit>()V >"
"< Application, Lorg/apache/lucene/demo/IndexFiles, <clinit>()V >"
"< Application, Lorg/apache/lucene/document/Document, <clinit>()V >"
"< Application, Lorg/apache/lucene/document/DateTools, <clinit>()V >"
"< Application, Lorg/apache/lucene/util/OpenBitSetIterator, <clinit>()V >"
"< Application, Lorg/apache/lucene/document/Field$Index, <clinit>()V >"
"< Application, Lorg/apache/lucene/index/FreqProxFieldMergeState, <clinit>()V >"
"< Application, Lorg/apache/lucene/store/FSDirectory, <clinit>()V >"
"< Application, Lorg/apache/lucene/util/BitUtil, <clinit>()V >"
"< Application, Lorg/apache/lucene/store/BufferedIndexInput, <clinit>()V >"
"< Application, Lorg/apache/lucene/search/BooleanClause$Occur, <clinit>()V >"
"< Application, Lorg/apache/lucene/analysis/ISOLatin1AccentFilter, <clinit>()V >"
"< Application, Lorg/apache/lucene/demo/html/HTMLParser, <clinit>()V >"
"< Application, Lorg/apache/lucene/demo/html/HTMLParserTokenManager, <clinit>()V >"
"< Application, Lorg/apache/lucene/util/OpenBitSetDISI, <clinit>()V >"
"< Application, Lorg/apache/lucene/index/IndexFileNameFilter, <clinit>()V >"
"< Application, Lorg/apache/lucene/index/TermInfosWriter, <clinit>()V >"
"< Application, Lorg/apache/lucene/analysis/standard/StandardTokenizerImpl, <clinit>()V >"
"< Application, Lorg/apache/lucene/index/MergeDocIDRemapper, <clinit>()V >"
"< Application, Lorg/apache/lucene/analysis/KeywordTokenizer, <clinit>()V >"
"< Application, Lorg/apache/lucene/index/IndexWriter, <clinit>()V >"
"< Application, Lorg/apache/lucene/search/SortField, <clinit>()V >"
"< Application, Lorg/apache/lucene/analysis/LengthFilter, <clinit>()V >"
"< Application, Lorg/apache/lucene/util/Parameter, <clinit>()V >"
"< Application, Lorg/apache/lucene/search/FieldCacheImpl, <clinit>()V >"
"< Application, Lorg/apache/lucene/index/ByteSliceWriter, <clinit>()V >"
"< Application, Lorg/dacapo/harness/Callback$1, <clinit>()V >"
"< Application, Lorg/apache/lucene/demo/html/HTMLParserConstants, <clinit>()V >"
"< Application, Lorg/apache/lucene/demo/html/Tags, <clinit>()V >"
"< Application, Lorg/dacapo/harness/Benchmark, <clinit>()V >"
"< Application, Lorg/apache/lucene/index/FreqProxTermsWriter, <clinit>()V >"
"< Application, Lorg/apache/lucene/index/IndexWriter$MaxFieldLength, <clinit>()V >"
"< Application, Lorg/apache/lucene/search/TimeLimitedCollector, <clinit>()V >"
"< Application, Lorg/apache/lucene/index/ConcurrentMergeScheduler$MergeThread, <clinit>()V >"
"< Application, Lorg/apache/lucene/queryParser/QueryParser, <clinit>()V >"
"< Application, Lorg/apache/lucene/index/SegmentReader$Norm, <clinit>()V >"
"< Application, Lorg/apache/lucene/search/ExtendedFieldCache, <clinit>()V >"
"< Application, Lorg/apache/lucene/index/TermVectorsReader, <clinit>()V >"
"< Application, Lorg/apache/lucene/index/DocumentsWriter$ByteBlockAllocator, <clinit>()V >"
"< Application, Lorg/apache/lucene/index/IndexReader, <clinit>()V >"
"< Application, Lorg/dacapo/harness/TestHarness, <clinit>()V >"
