java_type_ref("<Application,Lorg/apache/lucene/search/PhraseQuery>")	java_type_ref("<Primordial,Ljava/lang/Cloneable>")
java_type_ref("<Application,Lorg/apache/lucene/search/spans/NearSpansUnordered$SpansCell>")	java_type_ref("<Application,Lorg/apache/lucene/search/spans/PayloadSpans>")
java_type_ref("<Application,Lorg/apache/lucene/search/spans/NearSpansUnordered$SpansCell>")	java_type_ref("<Application,Lorg/apache/lucene/search/spans/Spans>")
java_type_ref("<Application,Lorg/apache/lucene/search/MultiSearcher>")	java_type_ref("<Application,Lorg/apache/lucene/search/Searchable>")
java_type_ref("<Application,Lorg/apache/commons/cli/AlreadySelectedException>")	java_type_ref("<Primordial,Ljava/io/Serializable>")
java_type_ref("<Application,Lorg/apache/lucene/search/RemoteSearchable_Stub>")	java_type_ref("<Primordial,Ljava/io/Serializable>")
java_type_ref("<Application,Lorg/apache/lucene/index/SegmentTermDocs>")	java_type_ref("<Application,Lorg/apache/lucene/index/TermDocs>")
java_type_ref("<Application,Lorg/apache/lucene/search/spans/SpanTermQuery>")	java_type_ref("<Primordial,Ljava/lang/Cloneable>")
java_type_ref("<Application,Lorg/apache/lucene/search/spans/NearSpansUnordered>")	java_type_ref("<Application,Lorg/apache/lucene/search/spans/PayloadSpans>")
java_type_ref("<Application,Lorg/apache/lucene/store/IndexInput>")	java_type_ref("<Primordial,Ljava/lang/Cloneable>")
java_type_ref("<Application,Lorg/apache/lucene/index/SnapshotDeletionPolicy$MyCommitPoint>")	java_type_ref("<Application,Lorg/apache/lucene/index/IndexCommitPoint>")
java_type_ref("<Application,Lorg/apache/lucene/analysis/CharArraySet>")	java_type_ref("<Primordial,Ljava/util/Set>")
java_type_ref("<Application,Lorg/apache/lucene/search/spans/NearSpansOrdered$1>")	java_type_ref("<Primordial,Ljava/util/Comparator>")
java_type_ref("<Application,Lorg/apache/lucene/search/PhraseQuery>")	java_type_ref("<Primordial,Ljava/io/Serializable>")
java_type_ref("<Application,Lorg/apache/lucene/search/TopFieldDocs>")	java_type_ref("<Primordial,Ljava/io/Serializable>")
java_type_ref("<Application,Lorg/apache/lucene/index/SegmentTermPositionVector>")	java_type_ref("<Application,Lorg/apache/lucene/index/TermPositionVector>")
java_type_ref("<Application,Lorg/apache/lucene/index/MergePolicy$MergeException>")	java_type_ref("<Primordial,Ljava/io/Serializable>")
java_type_ref("<Application,Lorg/apache/lucene/search/ScoreDoc>")	java_type_ref("<Primordial,Ljava/io/Serializable>")
java_type_ref("<Application,Lorg/apache/lucene/search/spans/SpanNotQuery$1>")	java_type_ref("<Application,Lorg/apache/lucene/search/spans/PayloadSpans>")
java_type_ref("<Application,Lorg/apache/lucene/search/spans/TermSpans>")	java_type_ref("<Application,Lorg/apache/lucene/search/spans/PayloadSpans>")
java_type_ref("<Application,Lorg/apache/lucene/search/spans/SpanFirstQuery$1>")	java_type_ref("<Application,Lorg/apache/lucene/search/spans/Spans>")
java_type_ref("<Application,Lorg/apache/lucene/demo/html/HTMLParser$MyPipedInputStream>")	java_type_ref("<Primordial,Ljava/io/Closeable>")
java_type_ref("<Application,Lorg/apache/lucene/search/spans/SpanOrQuery$1>")	java_type_ref("<Application,Lorg/apache/lucene/search/spans/Spans>")
java_type_ref("<Application,Lorg/apache/lucene/demo/html/HTMLParser$LookaheadSuccess>")	java_type_ref("<Primordial,Ljava/io/Serializable>")
java_type_ref("<Application,Lorg/apache/lucene/search/Searcher>")	java_type_ref("<Primordial,Ljava/rmi/Remote>")
java_type_ref("<Application,Lorg/apache/lucene/store/MMapDirectory$MultiMMapIndexInput>")	java_type_ref("<Primordial,Ljava/lang/Cloneable>")
java_type_ref("<Application,Lorg/apache/lucene/queryParser/QueryParser>")	java_type_ref("<Application,Lorg/apache/lucene/queryParser/QueryParserConstants>")
java_type_ref("<Application,Lorg/apache/lucene/search/ConstantScoreQuery$ConstantWeight>")	java_type_ref("<Primordial,Ljava/io/Serializable>")
java_type_ref("<Application,Lorg/apache/lucene/index/FilterIndexReader$FilterTermPositions>")	java_type_ref("<Application,Lorg/apache/lucene/index/TermDocs>")
java_type_ref("<Application,Lorg/apache/lucene/search/ComplexExplanation>")	java_type_ref("<Primordial,Ljava/io/Serializable>")
java_type_ref("<Application,Lorg/apache/lucene/search/payloads/BoostingTermQuery$BoostingTermWeight>")	java_type_ref("<Application,Lorg/apache/lucene/search/Weight>")
java_type_ref("<Application,Lorg/apache/lucene/search/SortComparatorSource>")	java_type_ref("<Primordial,Ljava/io/Serializable>")
java_type_ref("<Application,Lorg/apache/lucene/search/ConstantScoreQuery>")	java_type_ref("<Primordial,Ljava/lang/Cloneable>")
java_type_ref("<Application,Lorg/apache/lucene/index/FieldsReader$LazyField>")	java_type_ref("<Primordial,Ljava/io/Serializable>")
java_type_ref("<Application,Lorg/apache/lucene/store/FSDirectory$FSIndexInput$Descriptor>")	java_type_ref("<Primordial,Ljava/io/DataInput>")
java_type_ref("<Application,Lorg/apache/lucene/document/FieldSelectorResult>")	java_type_ref("<Primordial,Ljava/io/Serializable>")
java_type_ref("<Application,Lorg/apache/lucene/search/RangeQuery>")	java_type_ref("<Primordial,Ljava/lang/Cloneable>")
java_type_ref("<Application,Lorg/apache/lucene/queryParser/QueryParser$Operator>")	java_type_ref("<Primordial,Ljava/io/Serializable>")
java_type_ref("<Application,Lorg/apache/lucene/search/function/ValueSourceQuery$ValueSourceWeight>")	java_type_ref("<Primordial,Ljava/io/Serializable>")
java_type_ref("<Application,Lorg/apache/lucene/search/FilteredQuery$1>")	java_type_ref("<Application,Lorg/apache/lucene/search/Weight>")
java_type_ref("<Application,Lorg/apache/lucene/search/MultiSearcher>")	java_type_ref("<Primordial,Ljava/rmi/Remote>")
java_type_ref("<Application,Lorg/dacapo/harness/CommandLineArgs$Methodology>")	java_type_ref("<Primordial,Ljava/lang/Comparable>")
java_type_ref("<Application,Lorg/apache/lucene/demo/html/HTMLParser$MyPipedInputStream>")	java_type_ref("<Primordial,Ljava/lang/AutoCloseable>")
java_type_ref("<Application,Lorg/apache/lucene/index/MergePolicy$MergeAbortedException>")	java_type_ref("<Primordial,Ljava/io/Serializable>")
java_type_ref("<Application,Lorg/apache/lucene/search/Query>")	java_type_ref("<Primordial,Ljava/io/Serializable>")
java_type_ref("<Application,Lorg/apache/lucene/search/FieldCacheImpl>")	java_type_ref("<Application,Lorg/apache/lucene/search/FieldCache>")
java_type_ref("<Application,Lorg/apache/lucene/document/Field$Index>")	java_type_ref("<Primordial,Ljava/io/Serializable>")
java_type_ref("<Application,Lorg/apache/lucene/index/ParallelReader$ParallelTermDocs>")	java_type_ref("<Application,Lorg/apache/lucene/index/TermDocs>")
java_type_ref("<Application,Lorg/apache/lucene/index/StaleReaderException>")	java_type_ref("<Primordial,Ljava/io/Serializable>")
java_type_ref("<Application,Lorg/apache/lucene/search/PrefixQuery>")	java_type_ref("<Primordial,Ljava/io/Serializable>")
java_type_ref("<Application,Lorg/apache/lucene/search/function/FloatFieldSource>")	java_type_ref("<Primordial,Ljava/io/Serializable>")
java_type_ref("<Application,Lorg/apache/lucene/index/SegmentInfos>")	java_type_ref("<Primordial,Ljava/lang/Iterable>")
java_type_ref("<Application,Lorg/apache/lucene/search/FieldDoc>")	java_type_ref("<Primordial,Ljava/io/Serializable>")
java_type_ref("<Application,Lorg/apache/lucene/search/BooleanClause>")	java_type_ref("<Primordial,Ljava/io/Serializable>")
java_type_ref("<Application,Lorg/apache/lucene/index/MultiSegmentReader$MultiTermDocs>")	java_type_ref("<Application,Lorg/apache/lucene/index/TermDocs>")
java_type_ref("<Application,Lorg/apache/lucene/search/FieldSortedHitQueue$7>")	java_type_ref("<Application,Lorg/apache/lucene/search/ScoreDocComparator>")
java_type_ref("<Application,Lorg/apache/lucene/search/function/CustomScoreQuery$CustomWeight>")	java_type_ref("<Application,Lorg/apache/lucene/search/Weight>")
java_type_ref("<Application,Lorg/apache/lucene/search/TimeLimitedCollector$TimerThread>")	java_type_ref("<Primordial,Ljava/lang/Runnable>")
java_type_ref("<Application,Lorg/apache/lucene/index/NormsWriterPerField>")	java_type_ref("<Primordial,Ljava/lang/Comparable>")
java_type_ref("<Application,Lorg/apache/lucene/store/MMapDirectory$MMapIndexInput>")	java_type_ref("<Primordial,Ljava/lang/Cloneable>")
java_type_ref("<Application,Lorg/dacapo/parser/ConfigFileTokenManager>")	java_type_ref("<Application,Lorg/dacapo/parser/ConfigFileConstants>")
java_type_ref("<Application,Lorg/apache/lucene/index/ReusableStringReader>")	java_type_ref("<Primordial,Ljava/io/Closeable>")
java_type_ref("<Application,Lorg/apache/lucene/search/ConjunctionScorer$1>")	java_type_ref("<Primordial,Ljava/util/Comparator>")
java_type_ref("<Application,Lorg/apache/lucene/search/MatchAllDocsQuery>")	java_type_ref("<Primordial,Ljava/lang/Cloneable>")
java_type_ref("<Application,Lorg/apache/lucene/search/ScoreDocComparator$1>")	java_type_ref("<Application,Lorg/apache/lucene/search/ScoreDocComparator>")
java_type_ref("<Application,Lorg/dacapo/harness/TeePrintStream>")	java_type_ref("<Primordial,Ljava/lang/Appendable>")
java_type_ref("<Application,Lorg/apache/lucene/search/MultiPhraseQuery$MultiPhraseWeight>")	java_type_ref("<Application,Lorg/apache/lucene/search/Weight>")
java_type_ref("<Application,Lorg/apache/lucene/document/Field$TermVector>")	java_type_ref("<Primordial,Ljava/io/Serializable>")
java_type_ref("<Application,Lorg/apache/lucene/index/SegmentTermPositions>")	java_type_ref("<Application,Lorg/apache/lucene/index/TermDocs>")
java_type_ref("<Application,Lorg/apache/lucene/search/TermQuery$TermWeight>")	java_type_ref("<Primordial,Ljava/io/Serializable>")
java_type_ref("<Application,Lorg/apache/lucene/search/spans/SpanFirstQuery>")	java_type_ref("<Primordial,Ljava/io/Serializable>")
java_type_ref("<Application,Lorg/apache/lucene/document/MapFieldSelector>")	java_type_ref("<Application,Lorg/apache/lucene/document/FieldSelector>")
java_type_ref("<Application,Lorg/apache/lucene/index/CompoundFileReader$CSIndexInput>")	java_type_ref("<Primordial,Ljava/lang/Cloneable>")
java_type_ref("<Application,Lorg/apache/lucene/store/LockObtainFailedException>")	java_type_ref("<Primordial,Ljava/io/Serializable>")
java_type_ref("<Application,Lorg/apache/lucene/index/TermVectorEntryFreqSortedComparator>")	java_type_ref("<Primordial,Ljava/util/Comparator>")
java_type_ref("<Application,Lorg/dacapo/harness/Callback$Mode>")	java_type_ref("<Primordial,Ljava/io/Serializable>")
java_type_ref("<Application,Lorg/apache/lucene/index/SegmentTermVector>")	java_type_ref("<Application,Lorg/apache/lucene/index/TermFreqVector>")
java_type_ref("<Application,Lorg/apache/lucene/index/TermPositionVector>")	java_type_ref("<Application,Lorg/apache/lucene/index/TermFreqVector>")
java_type_ref("<Application,Lorg/apache/lucene/search/Weight>")	java_type_ref("<Primordial,Ljava/io/Serializable>")
java_type_ref("<Application,Lorg/apache/lucene/demo/html/ParserThread>")	java_type_ref("<Primordial,Ljava/lang/Runnable>")
java_type_ref("<Application,Lorg/apache/lucene/search/RemoteSearchable>")	java_type_ref("<Primordial,Ljava/io/Serializable>")
java_type_ref("<Application,Lorg/apache/lucene/index/FreqProxTermsWriterPerField>")	java_type_ref("<Primordial,Ljava/lang/Comparable>")
java_type_ref("<Application,Lorg/apache/lucene/search/function/ValueSourceQuery$ValueSourceWeight>")	java_type_ref("<Application,Lorg/apache/lucene/search/Weight>")
java_type_ref("<Application,Lorg/apache/lucene/util/OpenBitSetDISI>")	java_type_ref("<Primordial,Ljava/io/Serializable>")
java_type_ref("<Application,Lorg/apache/lucene/search/spans/NearSpansUnordered>")	java_type_ref("<Application,Lorg/apache/lucene/search/spans/Spans>")
java_type_ref("<Application,Lorg/apache/lucene/analysis/CharArraySet>")	java_type_ref("<Primordial,Ljava/util/Collection>")
java_type_ref("<Application,Lorg/apache/lucene/search/IndexSearcher>")	java_type_ref("<Application,Lorg/apache/lucene/search/Searchable>")
java_type_ref("<Application,Lorg/apache/lucene/index/SnapshotDeletionPolicy>")	java_type_ref("<Application,Lorg/apache/lucene/index/IndexDeletionPolicy>")
java_type_ref("<Application,Lorg/apache/lucene/search/BooleanQuery$BooleanWeight>")	java_type_ref("<Primordial,Ljava/io/Serializable>")
java_type_ref("<Application,Lorg/apache/lucene/search/BooleanQuery>")	java_type_ref("<Primordial,Ljava/io/Serializable>")
java_type_ref("<Application,Lorg/apache/lucene/search/TermQuery$TermWeight>")	java_type_ref("<Application,Lorg/apache/lucene/search/Weight>")
java_type_ref("<Application,Lorg/apache/lucene/search/function/CustomScoreQuery>")	java_type_ref("<Primordial,Ljava/io/Serializable>")
java_type_ref("<Application,Lorg/apache/lucene/util/Parameter>")	java_type_ref("<Primordial,Ljava/io/Serializable>")
java_type_ref("<Application,Lorg/apache/lucene/search/WildcardQuery>")	java_type_ref("<Primordial,Ljava/lang/Cloneable>")
java_type_ref("<Application,Lorg/apache/commons/cli/Option>")	java_type_ref("<Primordial,Ljava/io/Serializable>")
java_type_ref("<Application,Lorg/apache/lucene/search/Hit>")	java_type_ref("<Primordial,Ljava/io/Serializable>")
java_type_ref("<Application,Lorg/apache/lucene/search/ScoreDocComparator$2>")	java_type_ref("<Application,Lorg/apache/lucene/search/ScoreDocComparator>")
java_type_ref("<Application,Lorg/apache/lucene/index/SegmentInfos>")	java_type_ref("<Primordial,Ljava/util/List>")
java_type_ref("<Application,Lorg/apache/lucene/store/RAMDirectory>")	java_type_ref("<Primordial,Ljava/io/Serializable>")
java_type_ref("<Application,Lorg/apache/lucene/search/spans/PayloadSpans>")	java_type_ref("<Application,Lorg/apache/lucene/search/spans/Spans>")
java_type_ref("<Application,Lorg/apache/lucene/search/TimeLimitedCollector$TimeExceededException>")	java_type_ref("<Primordial,Ljava/io/Serializable>")
java_type_ref("<Application,Lorg/apache/lucene/document/LoadFirstFieldSelector>")	java_type_ref("<Primordial,Ljava/io/Serializable>")
java_type_ref("<Application,Lorg/apache/lucene/index/SegmentInfos>")	java_type_ref("<Primordial,Ljava/lang/Cloneable>")
java_type_ref("<Application,Lorg/apache/lucene/index/ReusableStringReader>")	java_type_ref("<Primordial,Ljava/lang/Readable>")
java_type_ref("<Application,Lorg/apache/lucene/search/Sort>")	java_type_ref("<Primordial,Ljava/io/Serializable>")
java_type_ref("<Application,Lorg/apache/lucene/index/FieldReaderException>")	java_type_ref("<Primordial,Ljava/io/Serializable>")
java_type_ref("<Application,Lorg/apache/lucene/search/QueryWrapperFilter>")	java_type_ref("<Primordial,Ljava/io/Serializable>")
java_type_ref("<Application,Lorg/apache/lucene/index/SegmentMerger$1>")	java_type_ref("<Primordial,Ljava/io/Serializable>")
java_type_ref("<Application,Lorg/apache/lucene/search/spans/NearSpansOrdered>")	java_type_ref("<Application,Lorg/apache/lucene/search/spans/PayloadSpans>")
java_type_ref("<Application,Lorg/apache/lucene/index/ParallelReader$ParallelTermPositions>")	java_type_ref("<Application,Lorg/apache/lucene/index/TermDocs>")
java_type_ref("<Application,Lorg/apache/lucene/document/Fieldable>")	java_type_ref("<Primordial,Ljava/io/Serializable>")
java_type_ref("<Application,Lorg/apache/lucene/search/function/ShortFieldSource>")	java_type_ref("<Primordial,Ljava/io/Serializable>")
java_type_ref("<Application,Lorg/apache/lucene/index/ConcurrentMergeScheduler$MergeThread>")	java_type_ref("<Primordial,Ljava/lang/Runnable>")
java_type_ref("<Application,Lorg/apache/commons/cli/UnrecognizedOptionException>")	java_type_ref("<Primordial,Ljava/io/Serializable>")
java_type_ref("<Application,Lorg/apache/lucene/index/SegmentTermEnum>")	java_type_ref("<Primordial,Ljava/lang/Cloneable>")
java_type_ref("<Application,Lorg/dacapo/parser/TokenMgrError>")	java_type_ref("<Primordial,Ljava/io/Serializable>")
java_type_ref("<Application,Lorg/apache/lucene/index/FilterIndexReader$FilterTermPositions>")	java_type_ref("<Application,Lorg/apache/lucene/index/TermPositions>")
java_type_ref("<Application,Lorg/apache/lucene/store/BufferedIndexInput>")	java_type_ref("<Primordial,Ljava/lang/Cloneable>")
java_type_ref("<Application,Lorg/apache/lucene/store/FSDirectory$FSIndexInput$Descriptor>")	java_type_ref("<Primordial,Ljava/io/DataOutput>")
java_type_ref("<Application,Lorg/apache/lucene/index/TermVectorsReader>")	java_type_ref("<Primordial,Ljava/lang/Cloneable>")
java_type_ref("<Application,Lorg/apache/lucene/search/BooleanQuery$TooManyClauses>")	java_type_ref("<Primordial,Ljava/io/Serializable>")
java_type_ref("<Application,Lorg/apache/lucene/index/MultiLevelSkipListReader$SkipBuffer>")	java_type_ref("<Primordial,Ljava/lang/Cloneable>")
java_type_ref("<Application,Lorg/apache/lucene/queryParser/TokenMgrError>")	java_type_ref("<Primordial,Ljava/io/Serializable>")
java_type_ref("<Application,Lorg/dacapo/parser/ConfigFile>")	java_type_ref("<Application,Lorg/dacapo/parser/ConfigFileConstants>")
java_type_ref("<Application,Lorg/apache/lucene/search/SpanQueryFilter>")	java_type_ref("<Primordial,Ljava/io/Serializable>")
java_type_ref("<Application,Lorg/apache/lucene/index/TermPositions>")	java_type_ref("<Application,Lorg/apache/lucene/index/TermDocs>")
java_type_ref("<Application,Lorg/apache/lucene/search/ExtendedFieldCacheImpl$1>")	java_type_ref("<Application,Lorg/apache/lucene/search/ExtendedFieldCache$LongParser>")
java_type_ref("<Application,Lorg/apache/lucene/util/cache/SimpleLRUCache$1>")	java_type_ref("<Primordial,Ljava/lang/Cloneable>")
java_type_ref("<Application,Lorg/apache/lucene/search/SimilarityDelegator>")	java_type_ref("<Primordial,Ljava/io/Serializable>")
java_type_ref("<Application,Lorg/apache/lucene/document/SetBasedFieldSelector>")	java_type_ref("<Primordial,Ljava/io/Serializable>")
java_type_ref("<Application,Lorg/apache/commons/cli/HelpFormatter$OptionComparator>")	java_type_ref("<Primordial,Ljava/util/Comparator>")
java_type_ref("<Application,Lorg/apache/lucene/search/WildcardQuery>")	java_type_ref("<Primordial,Ljava/io/Serializable>")
java_type_ref("<Application,Lorg/apache/lucene/search/function/IntFieldSource>")	java_type_ref("<Primordial,Ljava/io/Serializable>")
java_type_ref("<Application,Lorg/apache/lucene/util/cache/SimpleLRUCache$1>")	java_type_ref("<Primordial,Ljava/io/Serializable>")
java_type_ref("<Application,Lorg/apache/lucene/index/MultipleTermPositions>")	java_type_ref("<Application,Lorg/apache/lucene/index/TermDocs>")
java_type_ref("<Application,Lorg/apache/lucene/search/ExtendedFieldCacheImpl>")	java_type_ref("<Application,Lorg/apache/lucene/search/ExtendedFieldCache>")
java_type_ref("<Application,Lorg/apache/lucene/search/function/ReverseOrdFieldSource>")	java_type_ref("<Primordial,Ljava/io/Serializable>")
java_type_ref("<Application,Lorg/apache/lucene/search/FieldSortedHitQueue$5>")	java_type_ref("<Application,Lorg/apache/lucene/search/ScoreDocComparator>")
java_type_ref("<Application,Lorg/apache/lucene/search/spans/SpanOrQuery>")	java_type_ref("<Primordial,Ljava/io/Serializable>")
java_type_ref("<Application,Lorg/apache/lucene/search/TermQuery>")	java_type_ref("<Primordial,Ljava/io/Serializable>")
java_type_ref("<Application,Lorg/apache/lucene/demo/html/HTMLParser>")	java_type_ref("<Application,Lorg/apache/lucene/demo/html/HTMLParserConstants>")
java_type_ref("<Application,Lorg/dacapo/harness/TeeOutputStream>")	java_type_ref("<Primordial,Ljava/io/Flushable>")
java_type_ref("<Application,Lorg/apache/lucene/search/PhraseQuery$PhraseWeight>")	java_type_ref("<Primordial,Ljava/io/Serializable>")
java_type_ref("<Application,Lorg/apache/lucene/index/MultipleTermPositions>")	java_type_ref("<Application,Lorg/apache/lucene/index/TermPositions>")
java_type_ref("<Application,Lorg/apache/lucene/util/OpenBitSet>")	java_type_ref("<Primordial,Ljava/io/Serializable>")
java_type_ref("<Application,Lorg/apache/lucene/search/DisjunctionMaxQuery$DisjunctionMaxWeight>")	java_type_ref("<Application,Lorg/apache/lucene/search/Weight>")
java_type_ref("<Application,Lorg/apache/lucene/index/IndexFileDeleter$CommitPoint>")	java_type_ref("<Application,Lorg/apache/lucene/index/IndexCommitPoint>")
java_type_ref("<Application,Lorg/apache/commons/cli/Options>")	java_type_ref("<Primordial,Ljava/io/Serializable>")
java_type_ref("<Application,Lorg/apache/lucene/search/function/ByteFieldSource>")	java_type_ref("<Primordial,Ljava/io/Serializable>")
java_type_ref("<Application,Lorg/apache/lucene/search/TermQuery>")	java_type_ref("<Primordial,Ljava/lang/Cloneable>")
java_type_ref("<Application,Lorg/apache/lucene/document/SetBasedFieldSelector>")	java_type_ref("<Application,Lorg/apache/lucene/document/FieldSelector>")
java_type_ref("<Application,Lorg/apache/lucene/search/FieldSortedHitQueue$4>")	java_type_ref("<Application,Lorg/apache/lucene/search/ScoreDocComparator>")
java_type_ref("<Application,Lorg/apache/lucene/search/function/OrdFieldSource>")	java_type_ref("<Primordial,Ljava/io/Serializable>")
java_type_ref("<Application,Lorg/apache/lucene/store/NIOFSDirectory$NIOFSIndexInput>")	java_type_ref("<Primordial,Ljava/lang/Cloneable>")
java_type_ref("<Application,Lorg/apache/lucene/search/FieldCacheImpl$3>")	java_type_ref("<Application,Lorg/apache/lucene/search/FieldCache$IntParser>")
java_type_ref("<Application,Lorg/apache/lucene/search/payloads/BoostingTermQuery$BoostingTermWeight>")	java_type_ref("<Primordial,Ljava/io/Serializable>")
java_type_ref("<Application,Lorg/apache/lucene/document/Field>")	java_type_ref("<Application,Lorg/apache/lucene/document/Fieldable>")
java_type_ref("<Application,Lorg/apache/lucene/search/HitIterator>")	java_type_ref("<Primordial,Ljava/util/Iterator>")
java_type_ref("<Application,Lorg/apache/lucene/search/QueryTermVector>")	java_type_ref("<Application,Lorg/apache/lucene/index/TermFreqVector>")
java_type_ref("<Application,Lorg/apache/lucene/search/FieldSortedHitQueue$6>")	java_type_ref("<Application,Lorg/apache/lucene/search/ScoreDocComparator>")
java_type_ref("<Application,Lorg/apache/lucene/index/CorruptIndexException>")	java_type_ref("<Primordial,Ljava/io/Serializable>")
java_type_ref("<Application,Lorg/apache/lucene/index/TermBuffer>")	java_type_ref("<Primordial,Ljava/lang/Cloneable>")
java_type_ref("<Application,Lorg/apache/lucene/search/CachingSpanFilter>")	java_type_ref("<Primordial,Ljava/io/Serializable>")
java_type_ref("<Application,Lorg/apache/lucene/demo/html/TokenMgrError>")	java_type_ref("<Primordial,Ljava/io/Serializable>")
java_type_ref("<Application,Lorg/apache/lucene/search/FieldSortedHitQueue$2>")	java_type_ref("<Application,Lorg/apache/lucene/search/ScoreDocComparator>")
java_type_ref("<Application,Lorg/apache/lucene/search/function/FieldCacheSource>")	java_type_ref("<Primordial,Ljava/io/Serializable>")
java_type_ref("<Application,Lorg/apache/lucene/search/spans/SpanWeight>")	java_type_ref("<Primordial,Ljava/io/Serializable>")
java_type_ref("<Application,Lorg/apache/lucene/util/cache/SimpleLRUCache$1>")	java_type_ref("<Primordial,Ljava/util/Map>")
java_type_ref("<Application,Lorg/apache/lucene/index/Payload>")	java_type_ref("<Primordial,Ljava/io/Serializable>")
java_type_ref("<Application,Lorg/apache/lucene/search/payloads/BoostingTermQuery>")	java_type_ref("<Primordial,Ljava/io/Serializable>")
java_type_ref("<Application,Lorg/apache/commons/cli/MissingOptionException>")	java_type_ref("<Primordial,Ljava/io/Serializable>")
java_type_ref("<Application,Lorg/apache/lucene/search/FuzzyQuery>")	java_type_ref("<Primordial,Ljava/lang/Cloneable>")
java_type_ref("<Application,Lorg/dacapo/parser/Token>")	java_type_ref("<Primordial,Ljava/io/Serializable>")
java_type_ref("<Application,Lorg/apache/lucene/search/FilteredQuery>")	java_type_ref("<Primordial,Ljava/lang/Cloneable>")
java_type_ref("<Application,Lorg/apache/lucene/search/DisjunctionMaxQuery$DisjunctionMaxWeight>")	java_type_ref("<Primordial,Ljava/io/Serializable>")
java_type_ref("<Application,Lorg/apache/lucene/search/spans/SpanTermQuery>")	java_type_ref("<Primordial,Ljava/io/Serializable>")
java_type_ref("<Application,Lorg/apache/lucene/document/Document>")	java_type_ref("<Primordial,Ljava/io/Serializable>")
java_type_ref("<Application,Lorg/apache/lucene/search/BooleanQuery>")	java_type_ref("<Primordial,Ljava/lang/Cloneable>")
java_type_ref("<Application,Lorg/apache/lucene/search/FieldCacheImpl$1>")	java_type_ref("<Application,Lorg/apache/lucene/search/FieldCache$ByteParser>")
java_type_ref("<Application,Lorg/apache/lucene/search/spans/SpanFirstQuery$1>")	java_type_ref("<Application,Lorg/apache/lucene/search/spans/PayloadSpans>")
java_type_ref("<Application,Lorg/apache/commons/cli/BasicParser>")	java_type_ref("<Application,Lorg/apache/commons/cli/CommandLineParser>")
java_type_ref("<Application,Lorg/dacapo/parser/Config$ThreadModel>")	java_type_ref("<Primordial,Ljava/lang/Comparable>")
java_type_ref("<Application,Lorg/apache/lucene/store/ChecksumIndexInput>")	java_type_ref("<Primordial,Ljava/lang/Cloneable>")
java_type_ref("<Application,Lorg/apache/lucene/search/MultiPhraseQuery>")	java_type_ref("<Primordial,Ljava/io/Serializable>")
java_type_ref("<Application,Lorg/apache/lucene/search/PrefixFilter>")	java_type_ref("<Primordial,Ljava/io/Serializable>")
java_type_ref("<Application,Lorg/apache/lucene/search/spans/SpanNearQuery>")	java_type_ref("<Primordial,Ljava/lang/Cloneable>")
java_type_ref("<Application,Lorg/apache/lucene/search/MultiTermQuery>")	java_type_ref("<Primordial,Ljava/io/Serializable>")
java_type_ref("<Application,Lorg/apache/lucene/search/spans/NearSpansOrdered>")	java_type_ref("<Application,Lorg/apache/lucene/search/spans/Spans>")
java_type_ref("<Application,Lorg/apache/lucene/search/ConstantScoreRangeQuery>")	java_type_ref("<Primordial,Ljava/lang/Cloneable>")
java_type_ref("<Application,Lorg/apache/lucene/search/DefaultSimilarity>")	java_type_ref("<Primordial,Ljava/io/Serializable>")
java_type_ref("<Application,Lorg/apache/lucene/search/BooleanQuery$1>")	java_type_ref("<Primordial,Ljava/io/Serializable>")
java_type_ref("<Application,Lorg/apache/lucene/search/DisjunctionMaxQuery>")	java_type_ref("<Primordial,Ljava/io/Serializable>")
java_type_ref("<Application,Lorg/apache/lucene/document/AbstractField>")	java_type_ref("<Primordial,Ljava/io/Serializable>")
java_type_ref("<Application,Lorg/apache/lucene/document/Document$1>")	java_type_ref("<Primordial,Ljava/util/Enumeration>")
java_type_ref("<Application,Lorg/apache/lucene/search/Similarity>")	java_type_ref("<Primordial,Ljava/io/Serializable>")
java_type_ref("<Application,Lorg/apache/lucene/search/FuzzyQuery>")	java_type_ref("<Primordial,Ljava/io/Serializable>")
java_type_ref("<Application,Lorg/apache/lucene/queryParser/FastCharStream>")	java_type_ref("<Application,Lorg/apache/lucene/queryParser/CharStream>")
java_type_ref("<Application,Lorg/apache/lucene/index/ReusableStringReader>")	java_type_ref("<Primordial,Ljava/lang/AutoCloseable>")
java_type_ref("<Application,Lorg/apache/commons/cli/GnuParser>")	java_type_ref("<Application,Lorg/apache/commons/cli/CommandLineParser>")
java_type_ref("<Application,Lorg/dacapo/harness/TeeOutputStream>")	java_type_ref("<Primordial,Ljava/io/Closeable>")
java_type_ref("<Application,Lorg/apache/lucene/util/OpenBitSetDISI>")	java_type_ref("<Primordial,Ljava/lang/Cloneable>")
java_type_ref("<Application,Lorg/apache/lucene/search/spans/SpanQuery>")	java_type_ref("<Primordial,Ljava/lang/Cloneable>")
java_type_ref("<Application,Lorg/apache/lucene/index/CheckIndex$MySegmentTermDocs>")	java_type_ref("<Application,Lorg/apache/lucene/index/TermDocs>")
java_type_ref("<Application,Lorg/apache/commons/cli/OptionGroup>")	java_type_ref("<Primordial,Ljava/io/Serializable>")
java_type_ref("<Application,Lorg/apache/lucene/index/Term>")	java_type_ref("<Primordial,Ljava/lang/Comparable>")
java_type_ref("<Application,Lorg/apache/lucene/store/LockReleaseFailedException>")	java_type_ref("<Primordial,Ljava/io/Serializable>")
java_type_ref("<Application,Lorg/dacapo/harness/TeePrintStream>")	java_type_ref("<Primordial,Ljava/io/Flushable>")
java_type_ref("<Application,Lorg/apache/lucene/search/spans/TermSpans>")	java_type_ref("<Application,Lorg/apache/lucene/search/spans/Spans>")
java_type_ref("<Application,Lorg/apache/lucene/search/RemoteSearchable_Stub>")	java_type_ref("<Primordial,Ljava/rmi/Remote>")
java_type_ref("<Application,Lorg/apache/lucene/search/MultiSearcherThread>")	java_type_ref("<Primordial,Ljava/lang/Runnable>")
java_type_ref("<Application,Lorg/dacapo/harness/TeePrintStream>")	java_type_ref("<Primordial,Ljava/io/Closeable>")
java_type_ref("<Application,Lorg/apache/lucene/search/PrefixQuery>")	java_type_ref("<Primordial,Ljava/lang/Cloneable>")
java_type_ref("<Application,Lorg/apache/lucene/search/Searchable>")	java_type_ref("<Primordial,Ljava/rmi/Remote>")
java_type_ref("<Application,Lorg/apache/lucene/index/FieldsReader$LazyField>")	java_type_ref("<Application,Lorg/apache/lucene/document/Fieldable>")
java_type_ref("<Application,Lorg/apache/lucene/queryParser/QueryParser$LookaheadSuccess>")	java_type_ref("<Primordial,Ljava/io/Serializable>")
java_type_ref("<Application,Lorg/apache/lucene/search/FilteredQuery>")	java_type_ref("<Primordial,Ljava/io/Serializable>")
java_type_ref("<Application,Lorg/apache/lucene/document/FieldSelector>")	java_type_ref("<Primordial,Ljava/io/Serializable>")
java_type_ref("<Application,Lorg/apache/lucene/search/payloads/BoostingTermQuery>")	java_type_ref("<Primordial,Ljava/lang/Cloneable>")
java_type_ref("<Application,Lorg/apache/lucene/search/QueryFilter>")	java_type_ref("<Primordial,Ljava/io/Serializable>")
java_type_ref("<Application,Lorg/apache/lucene/search/SortComparator>")	java_type_ref("<Application,Lorg/apache/lucene/search/SortComparatorSource>")
java_type_ref("<Application,Lorg/apache/lucene/search/MultiPhraseQuery>")	java_type_ref("<Primordial,Ljava/lang/Cloneable>")
java_type_ref("<Application,Lorg/apache/lucene/index/SegmentMerger$1>")	java_type_ref("<Application,Lorg/apache/lucene/document/FieldSelector>")
java_type_ref("<Application,Lorg/dacapo/parser/Config$ThreadModel>")	java_type_ref("<Primordial,Ljava/io/Serializable>")
java_type_ref("<Application,Lorg/apache/lucene/search/function/ValueSource>")	java_type_ref("<Primordial,Ljava/io/Serializable>")
java_type_ref("<Application,Lorg/apache/lucene/analysis/Token>")	java_type_ref("<Primordial,Ljava/lang/Cloneable>")
java_type_ref("<Application,Lorg/apache/lucene/search/spans/SpanNearQuery>")	java_type_ref("<Primordial,Ljava/io/Serializable>")
java_type_ref("<Application,Lorg/dacapo/harness/DacapoException>")	java_type_ref("<Primordial,Ljava/io/Serializable>")
java_type_ref("<Application,Lorg/apache/lucene/index/SegmentTermPositions>")	java_type_ref("<Application,Lorg/apache/lucene/index/TermPositions>")
java_type_ref("<Application,Lorg/apache/lucene/search/SortField>")	java_type_ref("<Primordial,Ljava/io/Serializable>")
java_type_ref("<Application,Lorg/apache/lucene/search/spans/SpanWeight>")	java_type_ref("<Application,Lorg/apache/lucene/search/Weight>")
java_type_ref("<Application,Lorg/apache/lucene/search/SortComparator>")	java_type_ref("<Primordial,Ljava/io/Serializable>")
java_type_ref("<Application,Lorg/apache/lucene/index/FieldsReader$FieldForMerge>")	java_type_ref("<Application,Lorg/apache/lucene/document/Fieldable>")
java_type_ref("<Application,Lorg/apache/lucene/demo/html/HTMLParserTokenManager>")	java_type_ref("<Application,Lorg/apache/lucene/demo/html/HTMLParserConstants>")
java_type_ref("<Application,Lorg/apache/lucene/search/spans/SpanQuery>")	java_type_ref("<Primordial,Ljava/io/Serializable>")
java_type_ref("<Application,Lorg/dacapo/harness/CommandLineArgs$Methodology>")	java_type_ref("<Primordial,Ljava/io/Serializable>")
java_type_ref("<Application,Lorg/apache/lucene/util/OpenBitSet>")	java_type_ref("<Primordial,Ljava/lang/Cloneable>")
java_type_ref("<Application,Lorg/apache/lucene/index/ParallelReader$ParallelTermPositions>")	java_type_ref("<Application,Lorg/apache/lucene/index/TermPositions>")
java_type_ref("<Application,Lorg/dacapo/harness/TeeOutputStream>")	java_type_ref("<Primordial,Ljava/lang/AutoCloseable>")
java_type_ref("<Application,Lorg/apache/lucene/search/FieldSortedHitQueue$9>")	java_type_ref("<Application,Lorg/apache/lucene/search/ScoreDocComparator>")
java_type_ref("<Application,Lorg/apache/lucene/index/IndexCommit>")	java_type_ref("<Application,Lorg/apache/lucene/index/IndexCommitPoint>")
java_type_ref("<Application,Lorg/apache/lucene/search/RemoteCachingWrapperFilter>")	java_type_ref("<Primordial,Ljava/io/Serializable>")
java_type_ref("<Application,Lorg/apache/lucene/search/RangeFilter>")	java_type_ref("<Primordial,Ljava/io/Serializable>")
java_type_ref("<Application,Lorg/apache/lucene/search/PrefixFilter$2>")	java_type_ref("<Application,Lorg/apache/lucene/search/IdGenerator>")
java_type_ref("<Application,Lorg/apache/lucene/search/PhraseQuery$PhraseWeight>")	java_type_ref("<Application,Lorg/apache/lucene/search/Weight>")
java_type_ref("<Application,Lorg/apache/lucene/search/MultiSearcher$CachedDfSource>")	java_type_ref("<Application,Lorg/apache/lucene/search/Searchable>")
java_type_ref("<Application,Lorg/apache/commons/cli/Option>")	java_type_ref("<Primordial,Ljava/lang/Cloneable>")
java_type_ref("<Application,Lorg/apache/lucene/search/Filter>")	java_type_ref("<Primordial,Ljava/io/Serializable>")
java_type_ref("<Application,Lorg/apache/lucene/search/FieldCacheImpl$2>")	java_type_ref("<Application,Lorg/apache/lucene/search/FieldCache$ShortParser>")
java_type_ref("<Application,Lorg/apache/lucene/document/LoadFirstFieldSelector>")	java_type_ref("<Application,Lorg/apache/lucene/document/FieldSelector>")
java_type_ref("<Application,Lorg/apache/lucene/analysis/CharArraySet$CharArraySetIterator>")	java_type_ref("<Primordial,Ljava/util/Iterator>")
java_type_ref("<Application,Lorg/apache/lucene/index/DirectoryIndexReader$ReaderCommit>")	java_type_ref("<Application,Lorg/apache/lucene/index/IndexCommitPoint>")
java_type_ref("<Application,Lorg/apache/lucene/index/SegmentInfos>")	java_type_ref("<Primordial,Ljava/io/Serializable>")
java_type_ref("<Application,Lorg/apache/lucene/search/RemoteSearchable>")	java_type_ref("<Application,Lorg/apache/lucene/search/Searchable>")
java_type_ref("<Application,Lorg/apache/lucene/analysis/CharArraySet>")	java_type_ref("<Primordial,Ljava/lang/Iterable>")
java_type_ref("<Application,Lorg/apache/lucene/search/function/ValueSourceQuery>")	java_type_ref("<Primordial,Ljava/io/Serializable>")
java_type_ref("<Application,Lorg/apache/lucene/index/KeepOnlyLastCommitDeletionPolicy>")	java_type_ref("<Application,Lorg/apache/lucene/index/IndexDeletionPolicy>")
java_type_ref("<Application,Lorg/apache/lucene/search/ExtendedFieldCache>")	java_type_ref("<Application,Lorg/apache/lucene/search/FieldCache>")
java_type_ref("<Application,Lorg/apache/lucene/search/MatchAllDocsQuery$MatchAllDocsWeight>")	java_type_ref("<Primordial,Ljava/io/Serializable>")
java_type_ref("<Application,Lorg/apache/commons/cli/ParseException>")	java_type_ref("<Primordial,Ljava/io/Serializable>")
java_type_ref("<Application,Lorg/apache/lucene/index/FilterIndexReader$FilterTermDocs>")	java_type_ref("<Application,Lorg/apache/lucene/index/TermDocs>")
java_type_ref("<Application,Lorg/apache/lucene/index/SegmentInfos>")	java_type_ref("<Primordial,Ljava/util/RandomAccess>")
java_type_ref("<Application,Lorg/apache/lucene/search/ParallelMultiSearcher>")	java_type_ref("<Application,Lorg/apache/lucene/search/Searchable>")
java_type_ref("<Application,Lorg/apache/lucene/search/Query>")	java_type_ref("<Primordial,Ljava/lang/Cloneable>")
java_type_ref("<Application,Lorg/apache/lucene/search/FieldSortedHitQueue$3>")	java_type_ref("<Application,Lorg/apache/lucene/search/ScoreDocComparator>")
java_type_ref("<Application,Lorg/apache/lucene/search/DisjunctionMaxQuery>")	java_type_ref("<Primordial,Ljava/lang/Cloneable>")
java_type_ref("<Application,Lorg/apache/lucene/search/RemoteSearchable>")	java_type_ref("<Primordial,Ljava/rmi/Remote>")
java_type_ref("<Application,Lorg/apache/lucene/store/FSDirectory$FSIndexInput$Descriptor>")	java_type_ref("<Primordial,Ljava/io/Closeable>")
java_type_ref("<Application,Lorg/apache/lucene/store/FSDirectory$FSIndexInput$Descriptor>")	java_type_ref("<Primordial,Ljava/lang/AutoCloseable>")
java_type_ref("<Application,Lorg/apache/lucene/search/MultiSearcher$CachedDfSource>")	java_type_ref("<Primordial,Ljava/rmi/Remote>")
java_type_ref("<Application,Lorg/apache/lucene/search/FilterManager$FilterCleaner>")	java_type_ref("<Primordial,Ljava/lang/Runnable>")
java_type_ref("<Application,Lorg/apache/lucene/search/Explanation>")	java_type_ref("<Primordial,Ljava/io/Serializable>")
java_type_ref("<Application,Lorg/apache/lucene/search/function/ValueSourceQuery>")	java_type_ref("<Primordial,Ljava/lang/Cloneable>")
java_type_ref("<Application,Lorg/apache/commons/cli/Parser>")	java_type_ref("<Application,Lorg/apache/commons/cli/CommandLineParser>")
java_type_ref("<Application,Lorg/apache/lucene/search/SortComparator$1>")	java_type_ref("<Application,Lorg/apache/lucene/search/ScoreDocComparator>")
java_type_ref("<Application,Lorg/apache/lucene/search/BooleanClause$Occur>")	java_type_ref("<Primordial,Ljava/io/Serializable>")
java_type_ref("<Application,Lorg/apache/commons/cli/PosixParser>")	java_type_ref("<Application,Lorg/apache/commons/cli/CommandLineParser>")
java_type_ref("<Application,Lorg/apache/lucene/store/AlreadyClosedException>")	java_type_ref("<Primordial,Ljava/io/Serializable>")
java_type_ref("<Application,Lorg/dacapo/parser/ParseException>")	java_type_ref("<Primordial,Ljava/io/Serializable>")
java_type_ref("<Application,Lorg/apache/lucene/search/spans/SpanNotQuery>")	java_type_ref("<Primordial,Ljava/io/Serializable>")
java_type_ref("<Application,Lorg/apache/lucene/search/function/FieldScoreQuery>")	java_type_ref("<Primordial,Ljava/lang/Cloneable>")
java_type_ref("<Application,Lorg/apache/lucene/search/spans/SpanOrQuery>")	java_type_ref("<Primordial,Ljava/lang/Cloneable>")
java_type_ref("<Application,Lorg/apache/lucene/queryParser/QueryParserTokenManager>")	java_type_ref("<Application,Lorg/apache/lucene/queryParser/QueryParserConstants>")
java_type_ref("<Application,Lorg/apache/lucene/search/MatchAllDocsQuery>")	java_type_ref("<Primordial,Ljava/io/Serializable>")
java_type_ref("<Application,Lorg/apache/lucene/search/PrefixFilter$1>")	java_type_ref("<Application,Lorg/apache/lucene/search/IdGenerator>")
java_type_ref("<Application,Lorg/apache/lucene/search/FilterManager$FilterCleaner$1>")	java_type_ref("<Primordial,Ljava/util/Comparator>")
java_type_ref("<Application,Lorg/apache/lucene/index/SegmentInfos>")	java_type_ref("<Primordial,Ljava/util/Collection>")
java_type_ref("<Application,Lorg/apache/lucene/search/RemoteSearchable_Stub>")	java_type_ref("<Application,Lorg/apache/lucene/search/Searchable>")
java_type_ref("<Application,Lorg/apache/lucene/queryParser/MultiFieldQueryParser>")	java_type_ref("<Application,Lorg/apache/lucene/queryParser/QueryParserConstants>")
java_type_ref("<Application,Lorg/apache/lucene/search/spans/SpanNotQuery$1>")	java_type_ref("<Application,Lorg/apache/lucene/search/spans/Spans>")
java_type_ref("<Application,Lorg/apache/lucene/search/MatchAllDocsQuery$MatchAllDocsWeight>")	java_type_ref("<Application,Lorg/apache/lucene/search/Weight>")
java_type_ref("<Application,Lorg/apache/lucene/search/BooleanQuery$BooleanWeight>")	java_type_ref("<Application,Lorg/apache/lucene/search/Weight>")
java_type_ref("<Application,Lorg/apache/lucene/index/MultiSegmentReader$MultiTermPositions>")	java_type_ref("<Application,Lorg/apache/lucene/index/TermPositions>")
java_type_ref("<Application,Lorg/apache/lucene/search/function/CustomScoreQuery>")	java_type_ref("<Primordial,Ljava/lang/Cloneable>")
java_type_ref("<Application,Lorg/apache/lucene/search/spans/SpanOrQuery$1>")	java_type_ref("<Application,Lorg/apache/lucene/search/spans/PayloadSpans>")
java_type_ref("<Application,Lorg/apache/lucene/search/spans/SpanFirstQuery>")	java_type_ref("<Primordial,Ljava/lang/Cloneable>")
java_type_ref("<Application,Lorg/apache/lucene/index/IndexFileDeleter$CommitPoint>")	java_type_ref("<Primordial,Ljava/lang/Comparable>")
java_type_ref("<Application,Lorg/apache/lucene/search/RangeQuery>")	java_type_ref("<Primordial,Ljava/io/Serializable>")
java_type_ref("<Application,Lorg/apache/lucene/index/ByteSliceReader>")	java_type_ref("<Primordial,Ljava/lang/Cloneable>")
java_type_ref("<Application,Lorg/apache/lucene/search/function/FieldScoreQuery>")	java_type_ref("<Primordial,Ljava/io/Serializable>")
java_type_ref("<Application,Lorg/apache/lucene/search/ExtendedFieldCacheImpl$2>")	java_type_ref("<Application,Lorg/apache/lucene/search/ExtendedFieldCache$DoubleParser>")
java_type_ref("<Application,Lorg/dacapo/harness/DacapoClassLoader>")	java_type_ref("<Primordial,Ljava/lang/AutoCloseable>")
java_type_ref("<Application,Lorg/apache/lucene/document/MapFieldSelector>")	java_type_ref("<Primordial,Ljava/io/Serializable>")
java_type_ref("<Application,Lorg/apache/lucene/store/FSDirectory$FSIndexInput>")	java_type_ref("<Primordial,Ljava/lang/Cloneable>")
java_type_ref("<Application,Lorg/apache/lucene/search/FieldCacheImpl$4>")	java_type_ref("<Application,Lorg/apache/lucene/search/FieldCache$FloatParser>")
java_type_ref("<Application,Lorg/apache/lucene/search/ParallelMultiSearcher>")	java_type_ref("<Primordial,Ljava/rmi/Remote>")
java_type_ref("<Application,Lorg/apache/lucene/search/Searcher>")	java_type_ref("<Application,Lorg/apache/lucene/search/Searchable>")
java_type_ref("<Application,Lorg/apache/lucene/document/Field$Store>")	java_type_ref("<Primordial,Ljava/io/Serializable>")
java_type_ref("<Application,Lorg/apache/lucene/index/Term>")	java_type_ref("<Primordial,Ljava/io/Serializable>")
java_type_ref("<Application,Lorg/apache/lucene/store/RAMFile>")	java_type_ref("<Primordial,Ljava/io/Serializable>")
java_type_ref("<Application,Lorg/apache/lucene/index/IndexFileNameFilter>")	java_type_ref("<Primordial,Ljava/io/FilenameFilter>")
java_type_ref("<Application,Lorg/apache/lucene/index/SegmentTermPositionVector>")	java_type_ref("<Application,Lorg/apache/lucene/index/TermFreqVector>")
java_type_ref("<Application,Lorg/apache/lucene/queryParser/ParseException>")	java_type_ref("<Primordial,Ljava/io/Serializable>")
java_type_ref("<Application,Lorg/apache/lucene/index/Payload>")	java_type_ref("<Primordial,Ljava/lang/Cloneable>")
java_type_ref("<Application,Lorg/apache/lucene/search/TopDocs>")	java_type_ref("<Primordial,Ljava/io/Serializable>")
java_type_ref("<Application,Lorg/apache/lucene/search/ConstantScoreRangeQuery>")	java_type_ref("<Primordial,Ljava/io/Serializable>")
java_type_ref("<Application,Lorg/dacapo/harness/Benchmark$1>")	java_type_ref("<Primordial,Ljava/io/FilenameFilter>")
java_type_ref("<Application,Lorg/apache/lucene/search/IndexSearcher>")	java_type_ref("<Primordial,Ljava/rmi/Remote>")
java_type_ref("<Application,Lorg/apache/lucene/search/ConstantScoreQuery>")	java_type_ref("<Primordial,Ljava/io/Serializable>")
java_type_ref("<Application,Lorg/apache/lucene/search/FieldSortedHitQueue$8>")	java_type_ref("<Application,Lorg/apache/lucene/search/ScoreDocComparator>")
java_type_ref("<Application,Lorg/apache/lucene/search/FilteredQuery$1>")	java_type_ref("<Primordial,Ljava/io/Serializable>")
java_type_ref("<Application,Lorg/apache/lucene/search/MultiPhraseQuery$MultiPhraseWeight>")	java_type_ref("<Primordial,Ljava/io/Serializable>")
java_type_ref("<Application,Lorg/dacapo/harness/Callback$Mode>")	java_type_ref("<Primordial,Ljava/lang/Comparable>")
java_type_ref("<Application,Lorg/apache/lucene/index/MultiSegmentReader$MultiTermPositions>")	java_type_ref("<Application,Lorg/apache/lucene/index/TermDocs>")
java_type_ref("<Application,Lorg/apache/lucene/search/ConstantScoreQuery$ConstantWeight>")	java_type_ref("<Application,Lorg/apache/lucene/search/Weight>")
java_type_ref("<Application,Lorg/apache/lucene/search/ExtendedFieldCacheImpl>")	java_type_ref("<Application,Lorg/apache/lucene/search/FieldCache>")
java_type_ref("<Application,Lorg/dacapo/harness/TeePrintStream>")	java_type_ref("<Primordial,Ljava/lang/AutoCloseable>")
java_type_ref("<Application,Lorg/apache/lucene/index/FieldsReader$FieldForMerge>")	java_type_ref("<Primordial,Ljava/io/Serializable>")
java_type_ref("<Application,Lorg/dacapo/harness/DacapoClassLoader>")	java_type_ref("<Primordial,Ljava/io/Closeable>")
java_type_ref("<Application,Lorg/apache/lucene/search/CachingWrapperFilter>")	java_type_ref("<Primordial,Ljava/io/Serializable>")
java_type_ref("<Application,Lorg/apache/commons/cli/MissingArgumentException>")	java_type_ref("<Primordial,Ljava/io/Serializable>")
java_type_ref("<Application,Lorg/apache/lucene/search/spans/SpanNotQuery>")	java_type_ref("<Primordial,Ljava/lang/Cloneable>")
java_type_ref("<Application,Lorg/apache/lucene/demo/html/ParseException>")	java_type_ref("<Primordial,Ljava/io/Serializable>")
java_type_ref("<Application,Lorg/apache/lucene/search/function/CustomScoreQuery$CustomWeight>")	java_type_ref("<Primordial,Ljava/io/Serializable>")
java_type_ref("<Application,Lorg/apache/lucene/document/AbstractField>")	java_type_ref("<Application,Lorg/apache/lucene/document/Fieldable>")
java_type_ref("<Application,Lorg/apache/lucene/store/RAMInputStream>")	java_type_ref("<Primordial,Ljava/lang/Cloneable>")
java_type_ref("<Application,Lorg/apache/lucene/search/MultiTermQuery>")	java_type_ref("<Primordial,Ljava/lang/Cloneable>")
java_type_ref("<Application,Lorg/apache/lucene/search/SpanFilter>")	java_type_ref("<Primordial,Ljava/io/Serializable>")
java_type_ref("<Application,Lorg/apache/lucene/document/Field>")	java_type_ref("<Primordial,Ljava/io/Serializable>")
java_type_ref("<Application,Lorg/apache/commons/cli/CommandLine>")	java_type_ref("<Primordial,Ljava/io/Serializable>")
java_type_ref("<Application,Lorg/apache/lucene/search/PrefixGenerator>")	java_type_ref("<Application,Lorg/apache/lucene/search/IdGenerator>")
