"< Application, Lorg/apache/lucene/index/ReadOnlyMultiSegmentReader, <init>(Lorg/apache/lucene/store/Directory;Lorg/apache/lucene/index/SegmentInfos;Z)V >"
"< Application, Lorg/apache/lucene/demo/html/TokenMgrError, <init>(Ljava/lang/String;I)V >"
"< Application, Lorg/apache/lucene/index/FilterIndexReader$FilterTermDocs, <init>(Lorg/apache/lucene/index/TermDocs;)V >"
"< Application, Lorg/apache/lucene/index/SegmentReader, <init>()V >"
"< Application, Lorg/apache/lucene/search/FieldSortedHitQueue, <init>(Lorg/apache/lucene/index/IndexReader;[Lorg/apache/lucene/search/SortField;I)V >"
"< Application, Lorg/apache/lucene/index/IndexFileDeleter$RefCount, <init>()V >"
"< Application, Lorg/apache/lucene/index/IndexReader$1, <init>(Ljava/io/File;)V >"
"< Application, Lorg/apache/lucene/index/TermsHash, <init>(Lorg/apache/lucene/index/DocumentsWriter;ZLorg/apache/lucene/index/TermsHashConsumer;Lorg/apache/lucene/index/TermsHash;)V >"
"< Application, Lorg/apache/lucene/demo/html/TokenMgrError, <init>()V >"
"< Application, Lorg/apache/lucene/search/FuzzyQuery$ScoreTermQueue, <init>(I)V >"
"< Application, Lorg/apache/lucene/search/HitCollector, <init>()V >"
"< Application, Lorg/apache/lucene/search/DisjunctionMaxQuery, <init>(F)V >"
"< Application, Lorg/apache/lucene/util/SortedVIntList, <init>([II)V >"
"< Application, Lorg/apache/lucene/search/FieldCacheImpl$8, <init>(Lorg/apache/lucene/search/FieldCacheImpl;)V >"
"< Application, Lorg/apache/lucene/util/UnicodeUtil, <init>()V >"
"< Application, Lorg/apache/lucene/search/Sort, <init>(Ljava/lang/String;Z)V >"
"< Application, Lorg/apache/lucene/search/function/FloatFieldSource, <init>(Ljava/lang/String;Lorg/apache/lucene/search/FieldCache$FloatParser;)V >"
"< Application, Lorg/apache/lucene/index/IntBlockPool, <init>(Lorg/apache/lucene/index/DocumentsWriter;Z)V >"
"< Application, Lorg/apache/lucene/index/LogDocMergePolicy, <init>()V >"
"< Application, Lorg/apache/lucene/analysis/StopAnalyzer, <init>(Ljava/io/Reader;)V >"
"< Application, Lorg/apache/lucene/analysis/StopAnalyzer, <init>([Ljava/lang/String;)V >"
"< Application, Lorg/apache/lucene/util/SortedVIntList, <init>(Lorg/apache/lucene/util/OpenBitSet;)V >"
"< Application, Lorg/apache/lucene/search/SortComparator$1, <init>(Lorg/apache/lucene/search/SortComparator;[Ljava/lang/Comparable;)V >"
"< Application, Lorg/dacapo/harness/LatexDescriptions, <init>()V >"
"< Application, Lorg/dacapo/parser/ParseException, <init>(Lorg/dacapo/parser/Token;[[I[Ljava/lang/String;)V >"
"< Application, Lorg/apache/lucene/demo/IndexFiles, <init>()V >"
"< Application, Lorg/apache/lucene/index/MergePolicy$MergeAbortedException, <init>()V >"
"< Application, Lorg/apache/lucene/analysis/TeeTokenFilter, <init>(Lorg/apache/lucene/analysis/TokenStream;Lorg/apache/lucene/analysis/SinkTokenizer;)V >"
"< Application, Lorg/apache/lucene/index/FieldsReader, <init>(Lorg/apache/lucene/store/Directory;Ljava/lang/String;Lorg/apache/lucene/index/FieldInfos;III)V >"
"< Application, Lorg/apache/lucene/demo/html/HTMLParser$LookaheadSuccess, <init>()V >"
"< Application, Lorg/apache/lucene/index/CompoundFileWriter, <init>(Lorg/apache/lucene/store/Directory;Ljava/lang/String;Lorg/apache/lucene/index/SegmentMerger$CheckAbort;)V >"
"< Application, Lorg/apache/lucene/store/NativeFSLock, <init>(Ljava/io/File;Ljava/lang/String;)V >"
"< Application, Lorg/apache/lucene/search/MultiSearcher, <init>([Lorg/apache/lucene/search/Searchable;)V >"
"< Application, Lorg/apache/lucene/index/DocumentsWriter$FlushState, <init>()V >"
"< Application, Lorg/apache/lucene/analysis/StopAnalyzer, <init>(Ljava/util/Set;)V >"
"< Application, Lorg/apache/lucene/document/Field, <init>(Ljava/lang/String;Ljava/io/Reader;Lorg/apache/lucene/document/Field$TermVector;)V >"
"< Application, Lorg/apache/lucene/store/LockStressTest, <init>()V >"
"< Application, Lorg/apache/lucene/search/FuzzyQuery, <init>(Lorg/apache/lucene/index/Term;FI)V >"
"< Application, Lorg/apache/lucene/index/FieldsReader$LazyField, <init>(Lorg/apache/lucene/index/FieldsReader;Ljava/lang/String;Lorg/apache/lucene/document/Field$Store;IJZ)V >"
"< Application, Lorg/apache/lucene/search/BooleanQuery$TooManyClauses, <init>()V >"
"< Application, Lorg/apache/lucene/index/CompoundFileWriter, <init>(Lorg/apache/lucene/store/Directory;Ljava/lang/String;)V >"
"< Application, Lorg/apache/lucene/search/ExtendedFieldCacheImpl$3, <init>(Lorg/apache/lucene/search/ExtendedFieldCacheImpl;)V >"
"< Application, Lorg/apache/lucene/demo/html/SimpleCharStream, <init>(Ljava/io/InputStream;Ljava/lang/String;III)V >"
"< Application, Lorg/apache/lucene/index/IndexWriter, <init>(Ljava/io/File;Lorg/apache/lucene/analysis/Analyzer;ZLorg/apache/lucene/index/IndexWriter$MaxFieldLength;)V >"
"< Application, Lorg/apache/lucene/search/FieldSortedHitQueue$6, <init>([F)V >"
"< Application, Lorg/apache/lucene/analysis/standard/StandardAnalyzer$SavedStreams, <init>()V >"
"< Application, Lorg/apache/lucene/index/TermVectorsReader, <init>(Lorg/apache/lucene/store/Directory;Ljava/lang/String;Lorg/apache/lucene/index/FieldInfos;)V >"
"< Application, Lorg/apache/lucene/search/spans/SpanFirstQuery, <init>(Lorg/apache/lucene/search/spans/SpanQuery;I)V >"
"< Application, Lorg/apache/lucene/document/DateTools, <init>()V >"
"< Application, Lorg/apache/lucene/search/SortField, <init>(Ljava/lang/String;)V >"
"< Application, Lorg/apache/lucene/util/OpenBitSet, <init>([JI)V >"
"< Application, Lorg/apache/lucene/index/SegmentInfo, <init>(Ljava/lang/String;ILorg/apache/lucene/store/Directory;ZZ)V >"
"< Application, Lorg/apache/lucene/search/FilteredQuery$1, <init>(Lorg/apache/lucene/search/FilteredQuery;Lorg/apache/lucene/search/Weight;Lorg/apache/lucene/search/Similarity;)V >"
"< Application, Lorg/apache/lucene/index/DocInverterPerField, <init>(Lorg/apache/lucene/index/DocInverterPerThread;Lorg/apache/lucene/index/FieldInfo;)V >"
"< Application, Lorg/dacapo/harness/TeePrintStream, <init>(Ljava/io/OutputStream;Ljava/io/File;)V >"
"< Application, Lorg/apache/lucene/search/SpanFilterResult$StartEnd, <init>(II)V >"
"< Application, Lorg/apache/commons/cli/Options, <init>()V >"
"< Application, Lorg/apache/lucene/index/IndexWriter$MaxFieldLength, <init>(Ljava/lang/String;I)V >"
"< Application, Lorg/apache/lucene/search/WildcardTermEnum, <init>(Lorg/apache/lucene/index/IndexReader;Lorg/apache/lucene/index/Term;)V >"
"< Application, Lorg/apache/lucene/search/spans/SpanTermQuery, <init>(Lorg/apache/lucene/index/Term;)V >"
"< Application, Lorg/apache/lucene/index/SegmentInfos$FindSegmentsFile, <init>(Ljava/io/File;)V >"
"< Application, Lorg/apache/lucene/search/BooleanQuery$1, <init>(Lorg/apache/lucene/search/BooleanQuery;Lorg/apache/lucene/search/Similarity;)V >"
"< Application, Lorg/apache/lucene/index/MultiSegmentReader$MultiTermPositions, <init>([Lorg/apache/lucene/index/IndexReader;[I)V >"
"< Application, Lorg/apache/lucene/search/PhraseScorer, <init>(Lorg/apache/lucene/search/Weight;[Lorg/apache/lucene/index/TermPositions;[ILorg/apache/lucene/search/Similarity;[B)V >"
"< Application, Lorg/apache/lucene/store/NIOFSDirectory$NIOFSIndexInput, <init>(Ljava/io/File;I)V >"
"< Application, Lorg/apache/commons/cli/UnrecognizedOptionException, <init>(Ljava/lang/String;)V >"
"< Application, Lorg/apache/lucene/analysis/standard/StandardTokenizer, <init>(Ljava/io/Reader;Z)V >"
"< Application, Lorg/apache/lucene/analysis/SinkTokenizer, <init>(I)V >"
"< Application, Lorg/apache/commons/cli/Util, <init>()V >"
"< Application, Lorg/apache/lucene/index/IndexWriter, <init>(Ljava/io/File;Lorg/apache/lucene/analysis/Analyzer;Z)V >"
"< Application, Lorg/apache/lucene/search/Searcher, <init>()V >"
"< Application, Lorg/apache/lucene/index/StoredFieldsWriterPerField, <init>(Lorg/apache/lucene/index/StoredFieldsWriterPerThread;Lorg/apache/lucene/index/FieldInfo;)V >"
"< Application, Lorg/apache/lucene/index/InvertedDocEndConsumerPerThread, <init>()V >"
"< Application, Lorg/apache/lucene/store/LockFactory, <init>()V >"
"< Application, Lorg/apache/lucene/analysis/TokenStream, <init>()V >"
"< Application, Lorg/apache/lucene/index/DocumentsWriter$ByteBlockAllocator, <init>(Lorg/apache/lucene/index/DocumentsWriter;)V >"
"< Application, Lorg/dacapo/parser/Config$OutputFile, <init>(Lorg/dacapo/parser/Config;Ljava/lang/String;)V >"
"< Application, Lorg/apache/lucene/store/NativeFSLockFactory, <init>()V >"
"< Application, Lorg/apache/lucene/store/Lock$With, <init>(Lorg/apache/lucene/store/Lock;J)V >"
"< Application, Lorg/apache/lucene/util/Parameter, <init>(Ljava/lang/String;)V >"
"< Application, Lorg/apache/lucene/store/NativeFSLockFactory, <init>(Ljava/io/File;)V >"
"< Application, Lorg/apache/lucene/search/RemoteSearchable_Stub, <init>(Ljava/rmi/server/RemoteRef;)V >"
"< Application, Lorg/apache/lucene/analysis/Token, <init>(Ljava/lang/String;II)V >"
"< Application, Lorg/apache/lucene/store/RAMDirectory, <init>(Lorg/apache/lucene/store/Directory;Z)V >"
"< Application, Lorg/apache/lucene/queryParser/ParseException, <init>(Ljava/lang/String;)V >"
"< Application, Lorg/apache/lucene/search/BooleanScorer$SubScorer, <init>(Lorg/apache/lucene/search/Scorer;ZZLorg/apache/lucene/search/HitCollector;Lorg/apache/lucene/search/BooleanScorer$SubScorer;)V >"
"< Application, Lorg/apache/lucene/search/DocIdSetIterator, <init>()V >"
"< Application, Lorg/apache/lucene/search/ComplexExplanation, <init>(ZFLjava/lang/String;)V >"
"< Application, Lorg/apache/lucene/demo/SearchFiles$OneNormsReader, <init>(Lorg/apache/lucene/index/IndexReader;Ljava/lang/String;)V >"
"< Application, Lorg/dacapo/parser/Token, <init>()V >"
"< Application, Lorg/apache/lucene/index/ConcurrentMergeScheduler$MergeThread, <init>(Lorg/apache/lucene/index/ConcurrentMergeScheduler;Lorg/apache/lucene/index/IndexWriter;Lorg/apache/lucene/index/MergePolicy$OneMerge;)V >"
"< Application, Lorg/apache/lucene/index/TermInfo, <init>(IJJ)V >"
"< Application, Lorg/apache/lucene/search/RangeFilter, <init>(Ljava/lang/String;Ljava/lang/String;Ljava/lang/String;ZZ)V >"
"< Application, Lorg/apache/lucene/index/DirectoryIndexReader$1, <init>(Lorg/apache/lucene/store/Directory;ZLorg/apache/lucene/index/IndexDeletionPolicy;Z)V >"
"< Application, Lorg/apache/lucene/search/FieldCacheImpl$1, <init>()V >"
"< Application, Lorg/apache/lucene/search/ScoreDocComparator$2, <init>()V >"
"< Application, Lorg/apache/lucene/search/SpanQueryFilter, <init>(Lorg/apache/lucene/search/spans/SpanQuery;)V >"
"< Application, Lorg/apache/lucene/analysis/standard/StandardAnalyzer, <init>()V >"
"< Application, Lorg/apache/lucene/store/MMapDirectory, <init>()V >"
"< Application, Lorg/apache/lucene/search/FuzzyTermEnum, <init>(Lorg/apache/lucene/index/IndexReader;Lorg/apache/lucene/index/Term;F)V >"
"< Application, Lorg/apache/lucene/search/Hits, <init>(Lorg/apache/lucene/search/Searcher;Lorg/apache/lucene/search/Query;Lorg/apache/lucene/search/Filter;)V >"
"< Application, Lorg/apache/lucene/search/ReqOptSumScorer, <init>(Lorg/apache/lucene/search/Scorer;Lorg/apache/lucene/search/Scorer;)V >"
"< Application, Lorg/dacapo/harness/DacapoClassLoader, <init>([Ljava/net/URL;)V >"
"< Application, Lorg/apache/commons/cli/OptionBuilder, <init>()V >"
"< Application, Lorg/apache/lucene/index/IndexWriter, <init>(Lorg/apache/lucene/store/Directory;Lorg/apache/lucene/analysis/Analyzer;Lorg/apache/lucene/index/IndexWriter$MaxFieldLength;)V >"
"< Application, Lorg/apache/lucene/index/MultiSegmentReader$MultiTermDocs, <init>([Lorg/apache/lucene/index/IndexReader;[I)V >"
"< Application, Lorg/apache/lucene/index/IndexWriter, <init>(Ljava/lang/String;Lorg/apache/lucene/analysis/Analyzer;Z)V >"
"< Application, Lorg/apache/lucene/demo/html/SimpleCharStream, <init>(Ljava/io/Reader;III)V >"
"< Application, Lorg/apache/lucene/analysis/standard/StandardAnalyzer, <init>([Ljava/lang/String;Z)V >"
"< Application, Lorg/apache/lucene/index/IndexWriter, <init>(Ljava/lang/String;Lorg/apache/lucene/analysis/Analyzer;)V >"
"< Application, Lorg/apache/lucene/index/InvertedDocConsumerPerThread, <init>()V >"
"< Application, Lorg/apache/lucene/search/payloads/BoostingTermQuery$BoostingTermWeight$BoostingSpanScorer, <init>(Lorg/apache/lucene/search/payloads/BoostingTermQuery$BoostingTermWeight;Lorg/apache/lucene/search/spans/TermSpans;Lorg/apache/lucene/search/Weight;Lorg/apache/lucene/search/Similarity;[B)V >"
"< Application, Lorg/apache/lucene/index/MultiLevelSkipListWriter, <init>(III)V >"
"< Application, Lorg/apache/lucene/search/BooleanScorer, <init>(Lorg/apache/lucene/search/Similarity;I)V >"
"< Application, Lorg/dacapo/parser/SimpleCharStream, <init>(Ljava/io/InputStream;III)V >"
"< Application, Lorg/apache/lucene/index/NormsWriter, <init>()V >"
"< Application, Lorg/apache/lucene/search/QueryTermVector, <init>(Ljava/lang/String;Lorg/apache/lucene/analysis/Analyzer;)V >"
"< Application, Lorg/dacapo/harness/CommandLineArgs$Methodology, <init>(Ljava/lang/String;I)V >"
"< Application, Lorg/apache/lucene/analysis/StopAnalyzer$SavedStreams, <init>(Lorg/apache/lucene/analysis/StopAnalyzer;Lorg/apache/lucene/analysis/StopAnalyzer$1;)V >"
"< Application, Lorg/apache/lucene/search/ExtendedFieldCacheImpl$1, <init>()V >"
"< Application, Lorg/apache/lucene/index/SegmentInfos, <init>()V >"
"< Application, Lorg/apache/lucene/document/Field, <init>(Ljava/lang/String;Ljava/lang/String;Lorg/apache/lucene/document/Field$Store;Lorg/apache/lucene/document/Field$Index;)V >"
"< Application, Lorg/apache/lucene/demo/FileDocument, <init>()V >"
"< Application, Lorg/apache/lucene/store/BufferedIndexInput, <init>()V >"
"< Application, Lorg/apache/lucene/search/BooleanScorer$BucketTable, <init>()V >"
"< Application, Lorg/apache/lucene/index/ParallelArrayTermVectorMapper, <init>()V >"
"< Application, Lorg/apache/lucene/index/Payload, <init>([BII)V >"
"< Application, Lorg/apache/lucene/index/IndexReader$FieldOption, <init>(Ljava/lang/String;)V >"
"< Application, Lorg/apache/lucene/index/TermVectorsReader, <init>(Lorg/apache/lucene/store/Directory;Ljava/lang/String;Lorg/apache/lucene/index/FieldInfos;III)V >"
"< Application, LMMTkHarness, <init>()V >"
"< Application, Lorg/apache/lucene/store/MMapDirectory$MMapIndexInput, <init>(Ljava/io/RandomAccessFile;)V >"
"< Application, Lorg/apache/lucene/index/CheckIndex$Status, <init>()V >"
"< Application, Lorg/apache/lucene/index/ParallelReader$ParallelTermDocs, <init>(Lorg/apache/lucene/index/ParallelReader;)V >"
"< Application, Lorg/apache/lucene/analysis/Token, <init>([CIIII)V >"
"< Application, Lorg/apache/lucene/index/ParallelReader$ParallelTermEnum, <init>(Lorg/apache/lucene/index/ParallelReader;Lorg/apache/lucene/index/Term;)V >"
"< Application, Lorg/apache/lucene/util/ArrayUtil, <init>()V >"
"< Application, Lorg/apache/lucene/search/Similarity, <init>()V >"
"< Application, Lorg/apache/lucene/index/TermInfosReader, <init>(Lorg/apache/lucene/store/Directory;Ljava/lang/String;Lorg/apache/lucene/index/FieldInfos;I)V >"
"< Application, Lorg/apache/lucene/analysis/StopAnalyzer$SavedStreams, <init>(Lorg/apache/lucene/analysis/StopAnalyzer;)V >"
"< Application, Lorg/apache/lucene/index/MultiLevelSkipListReader, <init>(Lorg/apache/lucene/store/IndexInput;II)V >"
"< Application, Lorg/apache/lucene/demo/html/ParserThread, <init>(Lorg/apache/lucene/demo/html/HTMLParser;)V >"
"< Application, Lorg/dacapo/parser/Config$ThreadModel, <init>(Ljava/lang/String;ILjava/lang/String;)V >"
"< Application, Lorg/apache/lucene/search/FieldDoc, <init>(IF[Ljava/lang/Comparable;)V >"
"< Application, Lorg/apache/lucene/index/DocFieldConsumerPerThread, <init>()V >"
"< Application, Lorg/apache/lucene/util/OpenBitSetDISI, <init>(Lorg/apache/lucene/search/DocIdSetIterator;I)V >"
"< Application, Lorg/apache/lucene/index/ParallelReader$ParallelTermPositions, <init>(Lorg/apache/lucene/index/ParallelReader;Lorg/apache/lucene/index/Term;)V >"
"< Application, Lorg/apache/lucene/document/MapFieldSelector, <init>(Ljava/util/Map;)V >"
"< Application, Lorg/apache/lucene/search/DisjunctionSumScorer, <init>(Ljava/util/List;I)V >"
"< Application, Lorg/apache/lucene/search/spans/TermSpans, <init>(Lorg/apache/lucene/index/TermPositions;Lorg/apache/lucene/index/Term;)V >"
"< Application, Lorg/apache/lucene/search/ParallelMultiSearcher, <init>([Lorg/apache/lucene/search/Searchable;)V >"
"< Application, Lorg/apache/lucene/search/MultiSearcherThread, <init>(Lorg/apache/lucene/search/Searchable;Lorg/apache/lucene/search/Weight;Lorg/apache/lucene/search/Filter;ILorg/apache/lucene/search/HitQueue;I[ILjava/lang/String;)V >"
"< Application, Lorg/apache/lucene/search/FuzzyQuery$ScoreTerm, <init>(Lorg/apache/lucene/index/Term;F)V >"
"< Application, Lorg/apache/lucene/index/FilterIndexReader, <init>(Lorg/apache/lucene/index/IndexReader;)V >"
"< Application, Lorg/apache/lucene/util/BitVector, <init>(I)V >"
"< Application, Lorg/apache/lucene/search/function/CustomScoreQuery, <init>(Lorg/apache/lucene/search/Query;Lorg/apache/lucene/search/function/ValueSourceQuery;)V >"
"< Application, Lorg/apache/lucene/search/QueryWrapperFilter$2, <init>(Lorg/apache/lucene/search/QueryWrapperFilter;Lorg/apache/lucene/util/OpenBitSet;)V >"
"< Application, Lorg/apache/lucene/search/function/CustomScoreQuery$CustomWeight, <init>(Lorg/apache/lucene/search/function/CustomScoreQuery;Lorg/apache/lucene/search/Searcher;)V >"
"< Application, Lorg/apache/commons/cli/GnuParser, <init>()V >"
"< Application, Lorg/apache/lucene/index/SerialMergeScheduler, <init>()V >"
"< Application, Lorg/apache/lucene/analysis/WhitespaceTokenizer, <init>(Ljava/io/Reader;)V >"
"< Application, Lorg/apache/lucene/index/TermInfosReader, <init>(Lorg/apache/lucene/store/Directory;Ljava/lang/String;Lorg/apache/lucene/index/FieldInfos;)V >"
"< Application, Lorg/apache/lucene/search/FieldSortedHitQueue$9, <init>([Ljava/lang/String;Ljava/text/Collator;)V >"
"< Application, Lorg/apache/lucene/index/DocumentsWriterThreadState, <init>(Lorg/apache/lucene/index/DocumentsWriter;)V >"
"< Application, Lorg/apache/lucene/search/FieldCacheImpl$4, <init>()V >"
"< Application, Lorg/apache/lucene/demo/html/SimpleCharStream, <init>(Ljava/io/Reader;II)V >"
"< Application, Lorg/apache/lucene/queryParser/QueryParserTokenManager, <init>(Lorg/apache/lucene/queryParser/CharStream;)V >"
"< Application, Lorg/apache/lucene/search/BooleanClause$Occur, <init>(Ljava/lang/String;)V >"
"< Application, Lorg/apache/lucene/analysis/standard/StandardTokenizer, <init>(Ljava/io/Reader;)V >"
"< Application, Lorg/apache/lucene/queryParser/QueryParser$Operator, <init>(Ljava/lang/String;)V >"
"< Application, Lorg/apache/lucene/search/SpanFilterResult, <init>(Ljava/util/BitSet;Ljava/util/List;)V >"
"< Application, Lorg/apache/lucene/search/Scorer, <init>(Lorg/apache/lucene/search/Similarity;)V >"
"< Application, Lorg/apache/lucene/store/VerifyingLockFactory$CheckedLock, <init>(Lorg/apache/lucene/store/VerifyingLockFactory;Lorg/apache/lucene/store/Lock;)V >"
"< Application, Lorg/apache/lucene/search/PrefixFilter$2, <init>(Lorg/apache/lucene/search/PrefixFilter;Lorg/apache/lucene/index/Term;Lorg/apache/lucene/util/OpenBitSet;)V >"
"< Application, Lorg/apache/lucene/demo/SearchFiles$1, <init>()V >"
"< Application, Lorg/apache/lucene/index/MergePolicy$MergeAbortedException, <init>(Ljava/lang/String;)V >"
"< Application, Lorg/apache/lucene/index/IndexWriter, <init>(Lorg/apache/lucene/store/Directory;ZLorg/apache/lucene/analysis/Analyzer;)V >"
"< Application, Lorg/apache/lucene/index/DocFieldProcessorPerField, <init>(Lorg/apache/lucene/index/DocFieldProcessorPerThread;Lorg/apache/lucene/index/FieldInfo;)V >"
"< Application, Lorg/apache/lucene/search/PrefixFilter, <init>(Lorg/apache/lucene/index/Term;)V >"
"< Application, Lorg/apache/lucene/store/RAMDirectory, <init>()V >"
"< Application, Lorg/apache/lucene/index/DocFieldProcessorPerThread, <init>(Lorg/apache/lucene/index/DocumentsWriterThreadState;Lorg/apache/lucene/index/DocFieldProcessor;)V >"
"< Application, Lorg/apache/lucene/index/CompoundFileReader, <init>(Lorg/apache/lucene/store/Directory;Ljava/lang/String;I)V >"
"< Application, Lorg/apache/lucene/search/FilterManager$FilterItem, <init>(Lorg/apache/lucene/search/FilterManager;Lorg/apache/lucene/search/Filter;)V >"
"< Application, Lorg/apache/lucene/search/function/ReverseOrdFieldSource$1, <init>(Lorg/apache/lucene/search/function/ReverseOrdFieldSource;I[I)V >"
"< Application, Lorg/apache/lucene/index/CharBlockPool, <init>(Lorg/apache/lucene/index/DocumentsWriter;)V >"
"< Application, Lorg/apache/lucene/index/MultiSegmentReader$MultiTermEnum, <init>([Lorg/apache/lucene/index/IndexReader;[ILorg/apache/lucene/index/Term;)V >"
"< Application, Lorg/apache/lucene/store/SimpleFSLockFactory, <init>(Ljava/io/File;)V >"
"< Application, Lorg/apache/lucene/search/ExtendedFieldCacheImpl, <init>()V >"
"< Application, Lorg/apache/lucene/index/TermsHashConsumerPerThread, <init>()V >"
"< Application, Lorg/apache/lucene/store/NoLock, <init>()V >"
"< Application, Lorg/apache/lucene/search/RangeFilter, <init>(Ljava/lang/String;Ljava/lang/String;Ljava/lang/String;ZZLjava/text/Collator;)V >"
"< Application, Lorg/apache/lucene/search/BooleanQuery, <init>(Z)V >"
"< Application, Lorg/dacapo/parser/ConfigFileTokenManager, <init>(Lorg/dacapo/parser/SimpleCharStream;I)V >"
"< Application, Lorg/apache/lucene/LucenePackage, <init>()V >"
"< Application, Lorg/apache/lucene/index/DirectoryIndexReader$2, <init>(Lorg/apache/lucene/index/DirectoryIndexReader;Lorg/apache/lucene/store/Directory;)V >"
"< Application, Lorg/apache/lucene/search/FieldCacheImpl$Cache, <init>()V >"
"< Application, Lorg/apache/lucene/demo/IndexHTML, <init>()V >"
"< Application, Lorg/apache/lucene/queryParser/QueryParser$LookaheadSuccess, <init>()V >"
"< Application, Lorg/apache/lucene/search/function/ValueSource, <init>()V >"
"< Application, Lorg/apache/lucene/analysis/PorterStemFilter, <init>(Lorg/apache/lucene/analysis/TokenStream;)V >"
"< Application, Lorg/apache/lucene/index/TermVectorsTermsWriter, <init>(Lorg/apache/lucene/index/DocumentsWriter;)V >"
"< Application, Lorg/dacapo/parser/ParseException, <init>()V >"
"< Application, Lorg/apache/lucene/analysis/Token, <init>(IILjava/lang/String;)V >"
"< Application, Lorg/apache/lucene/search/spans/NearSpansUnordered$SpansCell, <init>(Lorg/apache/lucene/search/spans/NearSpansUnordered;Lorg/apache/lucene/search/spans/PayloadSpans;I)V >"
"< Application, Lorg/apache/lucene/index/SortedTermVectorMapper, <init>(ZZLjava/util/Comparator;)V >"
"< Application, Lorg/apache/lucene/search/TimeLimitedCollector$TimeExceededException, <init>(JJILorg/apache/lucene/search/TimeLimitedCollector$1;)V >"
"< Application, Lorg/apache/lucene/queryParser/Token, <init>(I)V >"
"< Application, Lorg/apache/lucene/search/ConstantScoreRangeQuery, <init>(Ljava/lang/String;Ljava/lang/String;Ljava/lang/String;ZZ)V >"
"< Application, Lorg/apache/lucene/search/function/CustomScoreQuery, <init>(Lorg/apache/lucene/search/Query;)V >"
"< Application, Lorg/apache/lucene/index/MergeScheduler, <init>()V >"
"< Application, Lorg/apache/lucene/search/SpanQueryFilter, <init>()V >"
"< Application, Lorg/apache/lucene/search/SpanFilterResult, <init>(Lorg/apache/lucene/search/DocIdSet;Ljava/util/List;)V >"
"< Application, Lorg/apache/lucene/search/HitQueue, <init>(I)V >"
"< Application, Lorg/apache/lucene/index/InvertedDocConsumerPerField, <init>()V >"
"< Application, Lorg/apache/lucene/util/ScorerDocQueue$HeapedScorerDoc, <init>(Lorg/apache/lucene/util/ScorerDocQueue;Lorg/apache/lucene/search/Scorer;)V >"
"< Application, Lorg/apache/lucene/search/FieldCacheImpl$5, <init>(Lorg/apache/lucene/search/FieldCacheImpl;)V >"
"< Application, Lorg/apache/lucene/search/BooleanScorer$Bucket, <init>()V >"
"< Application, Lorg/apache/lucene/demo/html/SimpleCharStream, <init>(Ljava/io/InputStream;III)V >"
"< Application, Lorg/apache/lucene/document/Field$Index, <init>(Ljava/lang/String;)V >"
"< Application, Lorg/apache/lucene/analysis/SinkTokenizer, <init>(Ljava/util/List;)V >"
"< Application, Lorg/apache/lucene/demo/html/HTMLParser, <init>(Ljava/io/Reader;)V >"
"< Application, Lorg/apache/lucene/search/ScoreDoc, <init>(IF)V >"
"< Application, Lorg/apache/lucene/search/SortField, <init>(Ljava/lang/String;Lorg/apache/lucene/search/SortComparatorSource;)V >"
"< Application, Lorg/apache/lucene/index/IndexWriter, <init>(Ljava/io/File;Lorg/apache/lucene/analysis/Analyzer;Lorg/apache/lucene/index/IndexWriter$MaxFieldLength;)V >"
"< Application, Lorg/apache/lucene/analysis/standard/StandardAnalyzer, <init>(Ljava/util/Set;Z)V >"
"< Application, Lorg/apache/lucene/index/FreqProxFieldMergeState, <init>(Lorg/apache/lucene/index/FreqProxTermsWriterPerField;)V >"
"< Application, Lorg/apache/lucene/search/payloads/PayloadSpanUtil, <init>(Lorg/apache/lucene/index/IndexReader;)V >"
"< Application, Lorg/apache/lucene/index/SegmentTermPositionVector, <init>(Ljava/lang/String;[Ljava/lang/String;[I[[I[[Lorg/apache/lucene/index/TermVectorOffsetInfo;)V >"
"< Application, Lorg/apache/lucene/search/FilteredQuery$1$1, <init>(Lorg/apache/lucene/search/FilteredQuery$1;Lorg/apache/lucene/search/Similarity;Lorg/apache/lucene/search/Scorer;Lorg/apache/lucene/search/DocIdSetIterator;)V >"
"< Application, Lorg/apache/lucene/util/OpenBitSet, <init>(J)V >"
"< Application, Lorg/apache/lucene/index/DefaultSkipListWriter, <init>(IIILorg/apache/lucene/store/IndexOutput;Lorg/apache/lucene/store/IndexOutput;)V >"
"< Application, Lorg/dacapo/harness/Matcher, <init>(Ljava/lang/String;Ljava/lang/String;)V >"
"< Application, Lorg/apache/lucene/index/DirectoryIndexReader$ReaderCommit, <init>(Lorg/apache/lucene/index/SegmentInfos;Lorg/apache/lucene/store/Directory;)V >"
"< Application, Lorg/apache/lucene/index/SegmentInfo, <init>(Lorg/apache/lucene/store/Directory;ILorg/apache/lucene/store/IndexInput;)V >"
"< Application, Lorg/apache/lucene/search/function/ReverseOrdFieldSource, <init>(Ljava/lang/String;)V >"
"< Application, Lorg/apache/lucene/document/SetBasedFieldSelector, <init>(Ljava/util/Set;Ljava/util/Set;)V >"
"< Application, Lorg/apache/lucene/demo/html/HTMLParser, <init>(Lorg/apache/lucene/demo/html/HTMLParserTokenManager;)V >"
"< Application, Lorg/apache/lucene/index/SegmentInfos$1, <init>(Lorg/apache/lucene/index/SegmentInfos;Lorg/apache/lucene/store/Directory;)V >"
"< Application, Lorg/apache/lucene/search/FieldCacheImpl, <init>()V >"
"< Application, Lorg/apache/lucene/store/BufferedIndexOutput, <init>()V >"
"< Application, Lorg/apache/lucene/search/ConstantScoreQuery$ConstantScorer, <init>(Lorg/apache/lucene/search/ConstantScoreQuery;Lorg/apache/lucene/search/Similarity;Lorg/apache/lucene/index/IndexReader;Lorg/apache/lucene/search/Weight;)V >"
"< Application, Lorg/apache/lucene/search/FieldSortedHitQueue$3, <init>([S)V >"
"< Application, Lorg/apache/lucene/index/SegmentTermDocs, <init>(Lorg/apache/lucene/index/SegmentReader;)V >"
"< Application, Lorg/apache/lucene/search/function/ByteFieldSource, <init>(Ljava/lang/String;)V >"
"< Application, Lorg/apache/lucene/search/Sort, <init>([Lorg/apache/lucene/search/SortField;)V >"
"< Application, Lorg/apache/lucene/search/BooleanScorer, <init>(Lorg/apache/lucene/search/Similarity;)V >"
"< Application, Lorg/apache/lucene/queryParser/QueryParser, <init>(Lorg/apache/lucene/queryParser/QueryParserTokenManager;)V >"
"< Application, Lorg/apache/commons/cli/Parser, <init>()V >"
"< Application, Lorg/apache/lucene/index/CorruptIndexException, <init>(Ljava/lang/String;)V >"
"< Application, Lorg/apache/lucene/index/CompoundFileReader, <init>(Lorg/apache/lucene/store/Directory;Ljava/lang/String;)V >"
"< Application, Lorg/apache/lucene/index/TermVectorsTermsWriterPerField, <init>(Lorg/apache/lucene/index/TermsHashPerField;Lorg/apache/lucene/index/TermVectorsTermsWriterPerThread;Lorg/apache/lucene/index/FieldInfo;)V >"
"< Application, Lorg/apache/lucene/index/InvertedDocEndConsumer, <init>()V >"
"< Application, Lorg/apache/lucene/index/FieldReaderException, <init>(Ljava/lang/Throwable;)V >"
"< Application, Lorg/apache/lucene/util/UnicodeUtil$UTF16Result, <init>()V >"
"< Application, Lorg/apache/lucene/document/Field, <init>(Ljava/lang/String;Ljava/lang/String;Lorg/apache/lucene/document/Field$Store;Lorg/apache/lucene/document/Field$Index;Lorg/apache/lucene/document/Field$TermVector;)V >"
"< Application, Lorg/apache/lucene/index/PositionBasedTermVectorMapper, <init>(Z)V >"
"< Application, Lorg/apache/lucene/search/ReqExclScorer, <init>(Lorg/apache/lucene/search/Scorer;Lorg/apache/lucene/search/Scorer;)V >"
"< Application, Lorg/apache/lucene/index/IndexReader$2, <init>(Lorg/apache/lucene/store/Directory;Lorg/apache/lucene/store/Directory;)V >"
"< Application, Lorg/apache/lucene/index/DocFieldConsumer, <init>()V >"
"< Application, Lorg/apache/lucene/analysis/CharArraySet, <init>(Ljava/util/Collection;Z)V >"
"< Application, Lorg/apache/lucene/store/NoLockFactory, <init>()V >"
"< Application, Lorg/apache/lucene/search/PhraseQueue, <init>(I)V >"
"< Application, Lorg/apache/lucene/search/IndexSearcher, <init>(Lorg/apache/lucene/index/IndexReader;Z)V >"
"< Application, Lorg/apache/lucene/demo/html/HTMLParserTokenManager, <init>(Lorg/apache/lucene/demo/html/SimpleCharStream;)V >"
"< Application, Lorg/apache/lucene/queryParser/QueryParser$LookaheadSuccess, <init>(Lorg/apache/lucene/queryParser/QueryParser$1;)V >"
"< Application, Lorg/apache/lucene/search/FuzzyTermEnum, <init>(Lorg/apache/lucene/index/IndexReader;Lorg/apache/lucene/index/Term;FI)V >"
"< Application, Lorg/apache/lucene/index/StoredFieldsWriterPerThread, <init>(Lorg/apache/lucene/index/DocFieldProcessorPerThread;Lorg/apache/lucene/index/StoredFieldsWriter;)V >"
"< Application, Lorg/dacapo/harness/ChordHarness, <init>(Ljava/io/InputStream;)V >"
"< Application, Lorg/apache/lucene/store/Lock, <init>()V >"
"< Application, Lorg/apache/lucene/search/TopFieldDocCollector, <init>(Lorg/apache/lucene/index/IndexReader;Lorg/apache/lucene/search/Sort;I)V >"
"< Application, Lorg/apache/lucene/document/Field, <init>(Ljava/lang/String;Lorg/apache/lucene/analysis/TokenStream;)V >"
"< Application, Lorg/apache/lucene/index/SegmentMergeQueue, <init>(I)V >"
"< Application, Lorg/apache/lucene/index/StoredFieldsWriter, <init>(Lorg/apache/lucene/index/DocumentsWriter;)V >"
"< Application, Lorg/dacapo/harness/DacapoException, <init>(Ljava/lang/String;)V >"
"< Application, Lorg/apache/lucene/search/MultiTermQuery, <init>(Lorg/apache/lucene/index/Term;)V >"
"< Application, Lorg/dacapo/parser/ParseException, <init>(Ljava/lang/String;)V >"
"< Application, Lorg/apache/lucene/index/CompoundFileWriter$FileEntry, <init>()V >"
"< Application, Lorg/apache/lucene/search/function/FieldCacheSource, <init>(Ljava/lang/String;)V >"
"< Application, Lorg/apache/lucene/search/MatchAllDocsQuery, <init>()V >"
"< Application, Lorg/apache/lucene/search/function/CustomScoreQuery$CustomScorer, <init>(Lorg/apache/lucene/search/function/CustomScoreQuery;Lorg/apache/lucene/search/Similarity;Lorg/apache/lucene/index/IndexReader;Lorg/apache/lucene/search/function/CustomScoreQuery$CustomWeight;Lorg/apache/lucene/search/Scorer;[Lorg/apache/lucene/search/Scorer;Lorg/apache/lucene/search/function/CustomScoreQuery$1;)V >"
"< Application, Lorg/apache/lucene/index/BufferedDeletes$Num, <init>(I)V >"
"< Application, Lorg/apache/lucene/search/Sort, <init>()V >"
"< Application, Lorg/apache/lucene/analysis/CharArraySet, <init>(IZ)V >"
"< Application, Lorg/apache/lucene/store/FSDirectory$FSIndexOutput, <init>(Ljava/io/File;)V >"
"< Application, Lorg/apache/lucene/index/IndexFileDeleter$CommitPoint, <init>(Ljava/util/Collection;Lorg/apache/lucene/store/Directory;Lorg/apache/lucene/index/SegmentInfos;)V >"
"< Application, Lorg/apache/lucene/index/TermInfosWriter, <init>(Lorg/apache/lucene/store/Directory;Ljava/lang/String;Lorg/apache/lucene/index/FieldInfos;I)V >"
"< Application, Lorg/apache/lucene/index/IndexWriter, <init>(Ljava/lang/String;Lorg/apache/lucene/analysis/Analyzer;ZLorg/apache/lucene/index/IndexWriter$MaxFieldLength;)V >"
"< Application, Lorg/dacapo/parser/Token, <init>(I)V >"
"< Application, Lorg/apache/lucene/index/TermVectorMapper, <init>(ZZ)V >"
"< Application, Lorg/apache/lucene/search/TopDocCollector, <init>(ILorg/apache/lucene/util/PriorityQueue;)V >"
"< Application, Lorg/apache/lucene/search/SortField, <init>(Ljava/lang/String;Ljava/util/Locale;)V >"
"< Application, Lorg/apache/lucene/search/TopDocs, <init>(I[Lorg/apache/lucene/search/ScoreDoc;F)V >"
"< Application, Lorg/apache/lucene/index/FieldInfos, <init>(Lorg/apache/lucene/store/Directory;Ljava/lang/String;)V >"
"< Application, Lorg/apache/lucene/util/DocIdBitSet$DocIdBitSetIterator, <init>(Ljava/util/BitSet;)V >"
"< Application, Lorg/apache/lucene/index/CompoundFileReader$CSIndexInput, <init>(Lorg/apache/lucene/store/IndexInput;JJI)V >"
"< Application, Lorg/apache/lucene/search/function/FloatFieldSource$1, <init>(Lorg/apache/lucene/search/function/FloatFieldSource;[F)V >"
"< Application, Lorg/apache/lucene/index/RawPostingList, <init>()V >"
"< Application, Lorg/dacapo/harness/DacapoClassLoader, <init>([Ljava/net/URL;Ljava/lang/ClassLoader;)V >"
"< Application, Lorg/apache/lucene/search/FieldCacheImpl$9, <init>(Lorg/apache/lucene/search/FieldCacheImpl;)V >"
"< Application, Lorg/apache/lucene/index/TermVectorOffsetInfo, <init>()V >"
"< Application, Lorg/dacapo/harness/Luindex, <init>(Lorg/dacapo/parser/Config;Ljava/io/File;)V >"
"< Application, Lorg/apache/lucene/search/DisjunctionMaxScorer, <init>(FLorg/apache/lucene/search/Similarity;)V >"
"< Application, Lorg/apache/lucene/index/MergeDocIDRemapper, <init>(Lorg/apache/lucene/index/SegmentInfos;[[I[ILorg/apache/lucene/index/MergePolicy$OneMerge;I)V >"
"< Application, Lorg/apache/lucene/index/DocConsumer, <init>()V >"
"< Application, Lorg/apache/lucene/index/SegmentInfo, <init>(Ljava/lang/String;ILorg/apache/lucene/store/Directory;)V >"
"< Application, Lorg/dacapo/parser/SimpleCharStream, <init>(Ljava/io/InputStream;Ljava/lang/String;)V >"
"< Application, Lorg/apache/lucene/util/CloseableThreadLocal, <init>()V >"
"< Application, Lorg/apache/lucene/demo/DeleteFiles, <init>()V >"
"< Application, Lorg/dacapo/harness/Slice, <init>()V >"
"< Application, Lorg/apache/lucene/search/SortField, <init>(Ljava/lang/String;IZ)V >"
"< Application, Lorg/apache/lucene/index/FreqProxTermsWriterPerField, <init>(Lorg/apache/lucene/index/TermsHashPerField;Lorg/apache/lucene/index/FreqProxTermsWriterPerThread;Lorg/apache/lucene/index/FieldInfo;)V >"
"< Application, Lorg/apache/lucene/store/RAMDirectory, <init>(Ljava/io/File;)V >"
"< Application, Lorg/apache/lucene/queryParser/Token, <init>()V >"
"< Application, Lorg/apache/lucene/document/Field$TermVector, <init>(Ljava/lang/String;)V >"
"< Application, Lorg/apache/lucene/index/IndexWriter, <init>(Ljava/lang/String;Lorg/apache/lucene/analysis/Analyzer;Lorg/apache/lucene/index/IndexWriter$MaxFieldLength;)V >"
"< Application, Lorg/dacapo/parser/Token, <init>(ILjava/lang/String;)V >"
"< Application, Lorg/apache/lucene/store/AlreadyClosedException, <init>(Ljava/lang/String;)V >"
"< Application, Lorg/apache/lucene/analysis/StopFilter, <init>(Lorg/apache/lucene/analysis/TokenStream;[Ljava/lang/String;)V >"
"< Application, Lorg/apache/lucene/search/MatchAllDocsQuery$MatchAllScorer, <init>(Lorg/apache/lucene/search/MatchAllDocsQuery;Lorg/apache/lucene/index/IndexReader;Lorg/apache/lucene/search/Similarity;Lorg/apache/lucene/search/Weight;)V >"
"< Application, Lorg/apache/lucene/search/spans/NearSpansOrdered$1, <init>(Lorg/apache/lucene/search/spans/NearSpansOrdered;)V >"
"< Application, Lorg/apache/lucene/index/InvertedDocEndConsumerPerField, <init>()V >"
"< Application, Lorg/apache/lucene/store/FSDirectory$FSIndexInput, <init>(Ljava/io/File;)V >"
"< Application, Lorg/apache/lucene/index/IndexReader$FieldOption, <init>()V >"
"< Application, Lorg/dacapo/harness/Callback$Mode, <init>(Ljava/lang/String;I)V >"
"< Application, Lorg/dacapo/parser/SimpleCharStream, <init>(Ljava/io/InputStream;Ljava/lang/String;II)V >"
"< Application, Lorg/apache/lucene/search/function/FieldScoreQuery$Type, <init>(Ljava/lang/String;)V >"
"< Application, Lorg/apache/lucene/search/SortComparator, <init>()V >"
"< Application, Lorg/apache/lucene/store/SimpleFSLockFactory, <init>()V >"
"< Application, Lorg/apache/lucene/util/cache/Cache$SynchronizedCache, <init>(Lorg/apache/lucene/util/cache/Cache;Ljava/lang/Object;)V >"
"< Application, Lorg/apache/lucene/demo/html/HTMLParser$LookaheadSuccess, <init>(Lorg/apache/lucene/demo/html/HTMLParser$1;)V >"
"< Application, Lorg/apache/lucene/store/SingleInstanceLockFactory, <init>()V >"
"< Application, Lorg/apache/lucene/index/SortedTermVectorMapper, <init>(Ljava/util/Comparator;)V >"
"< Application, Lorg/apache/lucene/search/MultiPhraseQuery, <init>()V >"
"< Application, Lorg/apache/lucene/search/SpanFilter, <init>()V >"
"< Application, Lorg/apache/commons/cli/CommandLine, <init>()V >"
"< Application, Lorg/apache/lucene/search/PrefixQuery, <init>(Lorg/apache/lucene/index/Term;)V >"
"< Application, Lorg/apache/lucene/util/Parameter, <init>()V >"
"< Application, Lorg/apache/lucene/util/OpenBitSet, <init>()V >"
"< Application, Lorg/apache/lucene/search/HitIterator, <init>(Lorg/apache/lucene/search/Hits;)V >"
"< Application, Lorg/apache/lucene/search/PhraseQuery, <init>()V >"
"< Application, Lorg/apache/lucene/index/MergePolicy$MergeException, <init>(Ljava/lang/String;Lorg/apache/lucene/store/Directory;)V >"
"< Application, Lorg/apache/lucene/search/function/ValueSourceQuery, <init>(Lorg/apache/lucene/search/function/ValueSource;)V >"
"< Application, Lorg/apache/lucene/document/Field, <init>(Ljava/lang/String;Ljava/io/Reader;)V >"
"< Application, Lorg/apache/lucene/index/DocumentsWriter$DocWriter, <init>()V >"
"< Application, Lorg/apache/lucene/search/function/ValueSourceQuery$ValueSourceScorer, <init>(Lorg/apache/lucene/search/function/ValueSourceQuery;Lorg/apache/lucene/search/Similarity;Lorg/apache/lucene/index/IndexReader;Lorg/apache/lucene/search/function/ValueSourceQuery$ValueSourceWeight;)V >"
"< Application, Lorg/apache/lucene/search/spans/SpanFirstQuery$1, <init>(Lorg/apache/lucene/search/spans/SpanFirstQuery;Lorg/apache/lucene/index/IndexReader;)V >"
"< Application, Lorg/dacapo/parser/SimpleCharStream, <init>(Ljava/io/InputStream;)V >"
"< Application, Lorg/apache/lucene/search/BooleanScorer2$Coordinator, <init>(Lorg/apache/lucene/search/BooleanScorer2;)V >"
"< Application, Lorg/apache/lucene/index/IndexFileDeleter, <init>(Lorg/apache/lucene/store/Directory;Lorg/apache/lucene/index/IndexDeletionPolicy;Lorg/apache/lucene/index/SegmentInfos;Ljava/io/PrintStream;Lorg/apache/lucene/index/DocumentsWriter;)V >"
"< Application, Lorg/apache/lucene/index/DocumentsWriter$ByteBlockAllocator, <init>(Lorg/apache/lucene/index/DocumentsWriter;Lorg/apache/lucene/index/DocumentsWriter$1;)V >"
"< Application, Lorg/apache/lucene/analysis/standard/StandardAnalyzer, <init>(Ljava/io/Reader;)V >"
"< Application, Lorg/dacapo/parser/SimpleCharStream, <init>(Ljava/io/InputStream;II)V >"
"< Application, Lorg/apache/lucene/search/Query, <init>()V >"
"< Application, Lorg/apache/lucene/index/SegmentMerger, <init>(Lorg/apache/lucene/index/IndexWriter;Ljava/lang/String;Lorg/apache/lucene/index/MergePolicy$OneMerge;)V >"
"< Application, Lorg/apache/lucene/search/BooleanScorer2$Coordinator, <init>(Lorg/apache/lucene/search/BooleanScorer2;Lorg/apache/lucene/search/BooleanScorer2$1;)V >"
"< Application, Lorg/apache/commons/cli/PosixParser, <init>()V >"
"< Application, Lorg/apache/lucene/search/FilteredQuery, <init>(Lorg/apache/lucene/search/Query;Lorg/apache/lucene/search/Filter;)V >"
"< Application, Lorg/apache/lucene/index/LogMergePolicy, <init>()V >"
"< Application, Lorg/apache/lucene/store/BufferedIndexInput, <init>(I)V >"
"< Application, Lorg/apache/lucene/demo/html/SimpleCharStream, <init>(Ljava/io/InputStream;II)V >"
"< Application, Lorg/apache/lucene/demo/html/Test, <init>()V >"
"< Application, Lorg/apache/lucene/index/DocInverterPerThread, <init>(Lorg/apache/lucene/index/DocFieldProcessorPerThread;Lorg/apache/lucene/index/DocInverter;)V >"
"< Application, Lorg/apache/lucene/search/ComplexExplanation, <init>()V >"
"< Application, Lorg/apache/lucene/search/function/ValueSourceQuery$ValueSourceScorer, <init>(Lorg/apache/lucene/search/function/ValueSourceQuery;Lorg/apache/lucene/search/Similarity;Lorg/apache/lucene/index/IndexReader;Lorg/apache/lucene/search/function/ValueSourceQuery$ValueSourceWeight;Lorg/apache/lucene/search/function/ValueSourceQuery$1;)V >"
"< Application, Lorg/apache/lucene/document/Field, <init>(Ljava/lang/String;Lorg/apache/lucene/analysis/TokenStream;Lorg/apache/lucene/document/Field$TermVector;)V >"
"< Application, Lorg/apache/lucene/index/ReadOnlySegmentReader, <init>()V >"
"< Application, Lorg/apache/lucene/search/FieldCacheImpl$Entry, <init>(Ljava/lang/String;ILjava/util/Locale;)V >"
"< Application, Lorg/apache/lucene/index/FieldSortedTermVectorMapper, <init>(Ljava/util/Comparator;)V >"
"< Application, Lorg/apache/lucene/index/IndexFileNames, <init>()V >"
"< Application, Lorg/apache/lucene/index/ParallelReader, <init>()V >"
"< Application, Lorg/apache/lucene/index/FieldReaderException, <init>()V >"
"< Application, Lorg/apache/lucene/util/ToStringUtils, <init>()V >"
"< Application, Lorg/apache/lucene/index/MultiReader, <init>([Lorg/apache/lucene/index/IndexReader;)V >"
"< Application, Lorg/apache/lucene/search/FieldSortedHitQueue$1, <init>()V >"
"< Application, Lorg/apache/lucene/search/spans/SpanOrQuery$1, <init>(Lorg/apache/lucene/search/spans/SpanOrQuery;Lorg/apache/lucene/index/IndexReader;)V >"
"< Application, Lorg/apache/lucene/store/RAMFile, <init>(Lorg/apache/lucene/store/RAMDirectory;)V >"
"< Application, Lorg/apache/lucene/search/DisjunctionMaxQuery, <init>(Ljava/util/Collection;F)V >"
"< Application, Lorg/apache/lucene/index/TermInfo, <init>()V >"
"< Application, Lorg/apache/lucene/demo/html/HTMLParserTokenManager, <init>(Lorg/apache/lucene/demo/html/SimpleCharStream;I)V >"
"< Application, Lorg/dacapo/harness/FileDigest, <init>()V >"
"< Application, Lorg/dacapo/parser/ConfigFile, <init>(Ljava/io/InputStream;)V >"
"< Application, Lorg/apache/lucene/search/TopDocCollector, <init>(Lorg/apache/lucene/util/PriorityQueue;)V >"
"< Application, Lorg/apache/lucene/index/IndexReader, <init>()V >"
"< Application, Lorg/apache/lucene/demo/html/HTMLParser, <init>(Ljava/io/InputStream;)V >"
"< Application, Lorg/apache/lucene/index/Term, <init>(Ljava/lang/String;Ljava/lang/String;)V >"
"< Application, Lorg/apache/lucene/index/DocumentsWriter$DocState, <init>()V >"
"< Application, Lorg/apache/lucene/search/FieldCache$StringIndex, <init>([I[Ljava/lang/String;)V >"
"< Application, Lorg/apache/commons/cli/HelpFormatter$OptionComparator, <init>(Lorg/apache/commons/cli/HelpFormatter$1;)V >"
"< Application, Lorg/apache/lucene/search/function/IntFieldSource, <init>(Ljava/lang/String;)V >"
"< Application, Lorg/apache/lucene/index/FreqProxTermsWriterPerThread, <init>(Lorg/apache/lucene/index/TermsHashPerThread;)V >"
"< Application, Lorg/apache/lucene/util/ScorerDocQueue, <init>(I)V >"
"< Application, Lorg/apache/lucene/index/MultiSegmentReader, <init>(Lorg/apache/lucene/store/Directory;Lorg/apache/lucene/index/SegmentInfos;ZZ)V >"
"< Application, Lorg/apache/lucene/search/function/ByteFieldSource$1, <init>(Lorg/apache/lucene/search/function/ByteFieldSource;[B)V >"
"< Application, Lorg/dacapo/harness/Callback, <init>(Lorg/dacapo/harness/CommandLineArgs;)V >"
"< Application, Lorg/apache/commons/cli/PatternOptionBuilder, <init>()V >"
"< Application, Lorg/apache/lucene/index/TermInfosWriter, <init>(Lorg/apache/lucene/store/Directory;Ljava/lang/String;Lorg/apache/lucene/index/FieldInfos;IZ)V >"
"< Application, Lorg/apache/lucene/search/function/ShortFieldSource, <init>(Ljava/lang/String;)V >"
"< Application, Lorg/apache/lucene/index/DocFieldConsumersPerField, <init>(Lorg/apache/lucene/index/DocFieldConsumersPerThread;Lorg/apache/lucene/index/DocFieldConsumerPerField;Lorg/apache/lucene/index/DocFieldConsumerPerField;)V >"
"< Application, Lorg/dacapo/parser/TokenMgrError, <init>(Ljava/lang/String;I)V >"
"< Application, Lorg/apache/commons/cli/HelpFormatter$OptionComparator, <init>()V >"
"< Application, Lorg/apache/lucene/index/TermVectorEntry, <init>(Ljava/lang/String;Ljava/lang/String;I[Lorg/apache/lucene/index/TermVectorOffsetInfo;[I)V >"
"< Application, Lorg/apache/lucene/analysis/PorterStemmer, <init>()V >"
"< Application, Lorg/apache/lucene/store/MMapDirectory$MultiMMapIndexInput, <init>(Ljava/io/RandomAccessFile;I)V >"
"< Application, Lorg/apache/lucene/analysis/standard/StandardAnalyzer, <init>([Ljava/lang/String;)V >"
"< Application, Lorg/apache/lucene/search/function/CustomScoreQuery, <init>(Lorg/apache/lucene/search/Query;[Lorg/apache/lucene/search/function/ValueSourceQuery;)V >"
"< Application, Lorg/apache/lucene/search/BooleanScorer2$2, <init>(Lorg/apache/lucene/search/BooleanScorer2;Lorg/apache/lucene/search/Similarity;Ljava/util/Collection;I)V >"
"< Application, Lorg/apache/lucene/demo/html/Entities, <init>()V >"
"< Application, Lorg/apache/lucene/analysis/standard/StandardAnalyzer, <init>(Ljava/io/Reader;Z)V >"
"< Application, Lorg/apache/lucene/index/TermVectorsWriter, <init>(Lorg/apache/lucene/store/Directory;Ljava/lang/String;Lorg/apache/lucene/index/FieldInfos;)V >"
"< Application, Lorg/apache/lucene/index/MultiReader, <init>([Lorg/apache/lucene/index/IndexReader;Z)V >"
"< Application, Lorg/apache/lucene/analysis/KeywordTokenizer, <init>(Ljava/io/Reader;)V >"
"< Application, Lorg/apache/lucene/index/CompoundFileReader$FileEntry, <init>(Lorg/apache/lucene/index/CompoundFileReader$1;)V >"
"< Application, Lorg/apache/lucene/index/Term, <init>(Ljava/lang/String;Ljava/lang/String;Z)V >"
"< Application, Lorg/dacapo/harness/LuindexHarness, <init>(Lorg/dacapo/parser/Config;Ljava/io/File;)V >"
"< Application, Lorg/apache/lucene/index/TermsHashPerThread, <init>(Lorg/apache/lucene/index/DocInverterPerThread;Lorg/apache/lucene/index/TermsHash;Lorg/apache/lucene/index/TermsHash;Lorg/apache/lucene/index/TermsHashPerThread;)V >"
"< Application, Lorg/apache/lucene/analysis/StopAnalyzer, <init>(Ljava/io/File;)V >"
"< Application, Lorg/apache/lucene/index/ByteBlockPool$Allocator, <init>()V >"
"< Application, Lorg/apache/lucene/index/DocumentsWriter, <init>(Lorg/apache/lucene/store/Directory;Lorg/apache/lucene/index/IndexWriter;)V >"
"< Application, Lorg/apache/lucene/search/FieldCacheImpl$3, <init>()V >"
"< Application, Lorg/apache/lucene/index/TermInfosReader$ThreadResources, <init>(Lorg/apache/lucene/index/TermInfosReader$1;)V >"
"< Application, Lorg/apache/lucene/queryParser/QueryParserTokenManager, <init>(Lorg/apache/lucene/queryParser/CharStream;I)V >"
"< Application, Lorg/apache/lucene/index/TermVectorOffsetInfo, <init>(II)V >"
"< Application, Lorg/apache/lucene/search/FieldSortedHitQueue$4, <init>([I)V >"
"< Application, Lorg/apache/lucene/document/NumberTools, <init>()V >"
"< Application, Lorg/apache/lucene/queryParser/TokenMgrError, <init>(ZIIILjava/lang/String;CI)V >"
"< Application, Lorg/apache/lucene/search/Sort, <init>([Ljava/lang/String;)V >"
"< Application, Lorg/apache/lucene/search/BooleanClause, <init>(Lorg/apache/lucene/search/Query;Lorg/apache/lucene/search/BooleanClause$Occur;)V >"
"< Application, Lorg/apache/lucene/analysis/LengthFilter, <init>(Lorg/apache/lucene/analysis/TokenStream;II)V >"
"< Application, Lorg/apache/lucene/index/ParallelReader$ParallelTermEnum, <init>(Lorg/apache/lucene/index/ParallelReader;)V >"
"< Application, Lorg/apache/lucene/index/IndexWriter, <init>(Ljava/io/File;Lorg/apache/lucene/analysis/Analyzer;)V >"
"< Application, Lorg/apache/lucene/index/ReadOnlyMultiSegmentReader, <init>(Lorg/apache/lucene/store/Directory;Lorg/apache/lucene/index/SegmentInfos;Z[Lorg/apache/lucene/index/SegmentReader;[ILjava/util/Map;)V >"
"< Application, Lorg/apache/lucene/index/MergePolicy$MergeSpecification, <init>()V >"
"< Application, Lorg/apache/lucene/index/CheckIndex$Status$SegmentInfoStatus, <init>()V >"
"< Application, Lorg/apache/commons/cli/Option, <init>(Ljava/lang/String;ZLjava/lang/String;)V >"
"< Application, Lorg/apache/lucene/index/TermsHashConsumer, <init>()V >"
"< Application, Lorg/apache/lucene/index/PositionBasedTermVectorMapper, <init>()V >"
"< Application, Lorg/apache/lucene/index/Term, <init>(Ljava/lang/String;)V >"
"< Application, Lorg/apache/lucene/store/FSDirectory$FSIndexInput$Descriptor, <init>(Ljava/io/File;Ljava/lang/String;)V >"
"< Application, Lorg/apache/lucene/search/spans/SpanQuery, <init>()V >"
"< Application, Lorg/apache/lucene/queryParser/QueryParser$JJCalls, <init>()V >"
"< Application, Lorg/apache/lucene/search/DisjunctionMaxQuery$DisjunctionMaxWeight, <init>(Lorg/apache/lucene/search/DisjunctionMaxQuery;Lorg/apache/lucene/search/Searcher;)V >"
"< Application, Lorg/apache/lucene/search/FilterManager, <init>()V >"
"< Application, Lorg/apache/lucene/index/DocFieldConsumers$PerDoc, <init>(Lorg/apache/lucene/index/DocFieldConsumers;)V >"
"< Application, Lorg/apache/lucene/index/FieldsWriter, <init>(Lorg/apache/lucene/store/Directory;Ljava/lang/String;Lorg/apache/lucene/index/FieldInfos;)V >"
"< Application, Lorg/apache/lucene/search/QueryFilter, <init>(Lorg/apache/lucene/search/Query;)V >"
"< Application, Lorg/apache/lucene/search/FieldDoc, <init>(IF)V >"
"< Application, Lorg/apache/lucene/index/TermEnum, <init>()V >"
"< Application, Lorg/apache/lucene/util/SortedVIntList, <init>([I)V >"
"< Application, Lorg/apache/lucene/search/ConjunctionScorer, <init>(Lorg/apache/lucene/search/Similarity;Ljava/util/Collection;)V >"
"< Application, Lorg/apache/lucene/search/DocIdSet, <init>()V >"
"< Application, Lorg/apache/lucene/store/LockObtainFailedException, <init>(Ljava/lang/String;)V >"
"< Application, Lorg/apache/lucene/search/FieldCacheImpl$2, <init>()V >"
"< Application, Lorg/apache/lucene/search/FieldCacheImpl$Entry, <init>(Ljava/lang/String;Ljava/lang/Object;)V >"
"< Application, Lorg/apache/lucene/analysis/StopAnalyzer, <init>()V >"
"< Application, Lorg/apache/commons/cli/OptionValidator, <init>()V >"
"< Application, Lorg/apache/lucene/search/function/CustomScoreQuery$CustomScorer, <init>(Lorg/apache/lucene/search/function/CustomScoreQuery;Lorg/apache/lucene/search/Similarity;Lorg/apache/lucene/index/IndexReader;Lorg/apache/lucene/search/function/CustomScoreQuery$CustomWeight;Lorg/apache/lucene/search/Scorer;[Lorg/apache/lucene/search/Scorer;)V >"
"< Application, Lorg/apache/lucene/search/TimeLimitedCollector$TimeExceededException, <init>(JJI)V >"
"< Application, Lorg/dacapo/parser/ConfigFile, <init>(Ljava/io/Reader;)V >"
"< Application, Lorg/apache/lucene/util/cache/SimpleMapCache$SynchronizedSimpleMapCache, <init>(Lorg/apache/lucene/util/cache/SimpleMapCache;)V >"
"< Application, Lorg/dacapo/harness/DacapoException, <init>(Ljava/lang/Exception;)V >"
"< Application, Lorg/apache/lucene/util/DocIdBitSet, <init>(Ljava/util/BitSet;)V >"
"< Application, Lorg/apache/lucene/index/StoredFieldsWriter$PerDoc, <init>(Lorg/apache/lucene/index/StoredFieldsWriter;)V >"
"< Application, Lorg/apache/lucene/search/spans/SpanScorer, <init>(Lorg/apache/lucene/search/spans/Spans;Lorg/apache/lucene/search/Weight;Lorg/apache/lucene/search/Similarity;[B)V >"
"< Application, Lorg/apache/lucene/search/BooleanScorer2$1, <init>(Lorg/apache/lucene/search/BooleanScorer2;Ljava/util/List;I)V >"
"< Application, Lorg/apache/lucene/index/MultipleTermPositions$TermPositionsQueue, <init>(Ljava/util/List;)V >"
"< Application, Lorg/apache/lucene/index/DocFieldProcessor, <init>(Lorg/apache/lucene/index/DocumentsWriter;Lorg/apache/lucene/index/DocFieldConsumer;)V >"
"< Application, Lorg/apache/lucene/analysis/LowerCaseFilter, <init>(Lorg/apache/lucene/analysis/TokenStream;)V >"
"< Application, Lorg/apache/lucene/index/FieldsReader$LazyField, <init>(Lorg/apache/lucene/index/FieldsReader;Ljava/lang/String;Lorg/apache/lucene/document/Field$Store;Lorg/apache/lucene/document/Field$Index;Lorg/apache/lucene/document/Field$TermVector;IJZ)V >"
"< Application, Lorg/apache/lucene/search/TermQuery$TermWeight, <init>(Lorg/apache/lucene/search/TermQuery;Lorg/apache/lucene/search/Searcher;)V >"
"< Application, Lorg/apache/lucene/search/ExtendedFieldCacheImpl$5, <init>(Lorg/apache/lucene/search/ExtendedFieldCacheImpl;)V >"
"< Application, Lorg/apache/lucene/analysis/LetterTokenizer, <init>(Ljava/io/Reader;)V >"
"< Application, Lorg/apache/lucene/analysis/standard/StandardAnalyzer, <init>(Ljava/io/File;)V >"
"< Application, Lorg/apache/lucene/analysis/Tokenizer, <init>()V >"
"< Application, LMyCallback, <init>(Lorg/dacapo/harness/CommandLineArgs;)V >"
"< Application, Lorg/apache/lucene/index/BufferedDeletes, <init>()V >"
"< Application, Lorg/dacapo/parser/TokenMgrError, <init>(ZIIILjava/lang/String;CI)V >"
"< Application, Lorg/apache/lucene/store/LockVerifyServer, <init>()V >"
"< Application, Lorg/apache/lucene/document/FieldSelectorResult, <init>(I)V >"
"< Application, Lorg/apache/commons/cli/HelpFormatter, <init>()V >"
"< Application, Lorg/apache/lucene/index/TermVectorMapper, <init>()V >"
"< Application, Lorg/apache/lucene/search/FilterManager$FilterCleaner, <init>(Lorg/apache/lucene/search/FilterManager;)V >"
"< Application, Lorg/apache/lucene/util/SortedVIntList, <init>(Lorg/apache/lucene/search/DocIdSetIterator;)V >"
"< Application, Lorg/apache/lucene/demo/html/HTMLParser$MyPipedInputStream, <init>(Lorg/apache/lucene/demo/html/HTMLParser;Ljava/io/PipedOutputStream;)V >"
"< Application, Lorg/apache/lucene/search/PhrasePositions, <init>(Lorg/apache/lucene/index/TermPositions;I)V >"
"< Application, Lorg/apache/lucene/document/Field$Store, <init>(Ljava/lang/String;)V >"
"< Application, Lorg/apache/lucene/index/MergePolicy$OneMerge, <init>(Lorg/apache/lucene/index/SegmentInfos;Z)V >"
"< Application, Lorg/apache/lucene/index/MultiSegmentReader, <init>(Lorg/apache/lucene/store/Directory;Lorg/apache/lucene/index/SegmentInfos;Z[Lorg/apache/lucene/index/SegmentReader;[ILjava/util/Map;Z)V >"
"< Application, Lorg/apache/lucene/search/TimeLimitedCollector, <init>(Lorg/apache/lucene/search/HitCollector;J)V >"
"< Application, Lorg/apache/lucene/search/FieldCacheImpl$6, <init>(Lorg/apache/lucene/search/FieldCacheImpl;)V >"
"< Application, Lorg/apache/lucene/index/TermsHashConsumerPerField, <init>()V >"
"< Application, Lorg/apache/lucene/index/DocumentsWriter$SkipDocWriter, <init>(Lorg/apache/lucene/index/DocumentsWriter$1;)V >"
"< Application, Lorg/apache/lucene/search/MultiSearcher$CachedDfSource, <init>(Ljava/util/Map;ILorg/apache/lucene/search/Similarity;)V >"
"< Application, Lorg/apache/lucene/search/spans/SpanOrQuery, <init>([Lorg/apache/lucene/search/spans/SpanQuery;)V >"
"< Application, Lorg/apache/lucene/index/FreqProxTermsWriter, <init>()V >"
"< Application, Lorg/apache/lucene/index/FieldInfos, <init>()V >"
"< Application, Lorg/apache/lucene/index/IndexWriter, <init>(Lorg/apache/lucene/store/Directory;Lorg/apache/lucene/analysis/Analyzer;ZLorg/apache/lucene/index/IndexDeletionPolicy;Lorg/apache/lucene/index/IndexWriter$MaxFieldLength;)V >"
"< Application, Lorg/apache/lucene/index/TermVectorsReader, <init>(Lorg/apache/lucene/store/Directory;Ljava/lang/String;Lorg/apache/lucene/index/FieldInfos;I)V >"
"< Application, Lorg/apache/lucene/index/SegmentMerger$1, <init>(Lorg/apache/lucene/index/SegmentMerger;)V >"
"< Application, Lorg/apache/lucene/demo/html/SimpleCharStream, <init>(Ljava/io/Reader;)V >"
"< Application, Lorg/apache/lucene/index/FieldReaderException, <init>(Ljava/lang/String;)V >"
"< Application, Lorg/apache/lucene/analysis/CharArraySet$CharArraySetIterator, <init>(Lorg/apache/lucene/analysis/CharArraySet;)V >"
"< Application, Lorg/apache/lucene/search/payloads/BoostingTermQuery$BoostingTermWeight, <init>(Lorg/apache/lucene/search/payloads/BoostingTermQuery;Lorg/apache/lucene/search/payloads/BoostingTermQuery;Lorg/apache/lucene/search/Searcher;)V >"
"< Application, Lorg/apache/lucene/util/cache/SimpleLRUCache, <init>(I)V >"
"< Application, Lorg/apache/lucene/search/spans/NearSpansOrdered, <init>(Lorg/apache/lucene/search/spans/SpanNearQuery;Lorg/apache/lucene/index/IndexReader;)V >"
"< Application, Lorg/apache/lucene/search/ConstantScoreQuery, <init>(Lorg/apache/lucene/search/Filter;)V >"
"< Application, Lorg/apache/lucene/search/DefaultSimilarity, <init>()V >"
"< Application, Lorg/apache/lucene/search/ConjunctionScorer$1, <init>(Lorg/apache/lucene/search/ConjunctionScorer;)V >"
"< Application, Lorg/dacapo/harness/TestHarness, <init>(Ljava/io/InputStream;)V >"
"< Application, Lorg/apache/lucene/index/MergePolicy$MergeException, <init>(Ljava/lang/Throwable;)V >"
"< Application, Lorg/apache/lucene/search/FuzzyTermEnum, <init>(Lorg/apache/lucene/index/IndexReader;Lorg/apache/lucene/index/Term;)V >"
"< Application, Lorg/apache/lucene/index/FieldsReader, <init>(Lorg/apache/lucene/store/Directory;Ljava/lang/String;Lorg/apache/lucene/index/FieldInfos;)V >"
"< Application, Lorg/apache/lucene/util/BitVector, <init>(Lorg/apache/lucene/store/Directory;Ljava/lang/String;)V >"
"< Application, Lorg/apache/lucene/search/BooleanScorer2, <init>(Lorg/apache/lucene/search/Similarity;I)V >"
"< Application, Lorg/apache/lucene/index/SegmentReader$Norm, <init>(Lorg/apache/lucene/index/SegmentReader;Lorg/apache/lucene/store/IndexInput;ZIJ)V >"
"< Application, Lorg/apache/lucene/queryParser/MultiFieldQueryParser, <init>([Ljava/lang/String;Lorg/apache/lucene/analysis/Analyzer;Ljava/util/Map;)V >"
"< Application, Lorg/apache/lucene/analysis/standard/StandardAnalyzer, <init>(Ljava/util/Set;)V >"
"< Application, Lorg/apache/lucene/document/Field, <init>(Ljava/lang/String;[BIILorg/apache/lucene/document/Field$Store;)V >"
"< Application, Lorg/apache/lucene/search/Explanation, <init>(FLjava/lang/String;)V >"
"< Application, Lorg/apache/lucene/util/cache/SimpleMapCache, <init>()V >"
"< Application, Lorg/apache/lucene/search/FieldCacheImpl$11, <init>(Lorg/apache/lucene/search/FieldCacheImpl;)V >"
"< Application, Lorg/apache/lucene/document/DateField, <init>()V >"
"< Application, Lorg/apache/lucene/search/FieldCacheImpl$CreationPlaceholder, <init>()V >"
"< Application, Lorg/apache/lucene/analysis/KeywordAnalyzer, <init>()V >"
"< Application, Lorg/apache/commons/cli/AlreadySelectedException, <init>(Lorg/apache/commons/cli/OptionGroup;Lorg/apache/commons/cli/Option;)V >"
"< Application, Lorg/apache/lucene/search/QueryTermVector, <init>([Ljava/lang/String;)V >"
"< Application, Lorg/apache/lucene/search/Hit, <init>(Lorg/apache/lucene/search/Hits;I)V >"
"< Application, Lorg/apache/lucene/search/WildcardQuery, <init>(Lorg/apache/lucene/index/Term;)V >"
"< Application, Lorg/apache/lucene/search/SortField, <init>(Ljava/lang/String;Lorg/apache/lucene/search/SortComparatorSource;Z)V >"
"< Application, Lorg/apache/lucene/index/SegmentTermVector, <init>(Ljava/lang/String;[Ljava/lang/String;[I)V >"
"< Application, Lorg/apache/lucene/search/function/IntFieldSource, <init>(Ljava/lang/String;Lorg/apache/lucene/search/FieldCache$IntParser;)V >"
"< Application, Lorg/apache/lucene/index/IndexWriter, <init>(Lorg/apache/lucene/store/Directory;Lorg/apache/lucene/analysis/Analyzer;ZLorg/apache/lucene/index/IndexWriter$MaxFieldLength;)V >"
"< Application, Lorg/apache/lucene/index/TermVectorEntryFreqSortedComparator, <init>()V >"
"< Application, Lorg/apache/lucene/index/DocInverter$FieldInvertState, <init>()V >"
"< Application, Lorg/apache/lucene/search/Explanation, <init>()V >"
"< Application, Lorg/apache/lucene/util/PriorityQueue, <init>()V >"
"< Application, Lorg/apache/lucene/demo/html/HTMLParser$JJCalls, <init>()V >"
"< Application, Lorg/apache/lucene/search/function/ShortFieldSource$1, <init>(Lorg/apache/lucene/search/function/ShortFieldSource;[S)V >"
"< Application, Lorg/apache/lucene/index/IndexWriter, <init>(Lorg/apache/lucene/store/Directory;Lorg/apache/lucene/analysis/Analyzer;)V >"
"< Application, Lorg/apache/lucene/search/PrefixFilter$1, <init>(Lorg/apache/lucene/search/PrefixFilter;Lorg/apache/lucene/index/Term;Ljava/util/BitSet;)V >"
"< Application, Lorg/apache/lucene/index/MergePolicy, <init>()V >"
"< Application, Lorg/dacapo/parser/SimpleCharStream, <init>(Ljava/io/Reader;)V >"
"< Application, Lorg/apache/lucene/search/MultiSearcherThread, <init>(Lorg/apache/lucene/search/Searchable;Lorg/apache/lucene/search/Weight;Lorg/apache/lucene/search/Filter;ILorg/apache/lucene/search/FieldDocSortedHitQueue;Lorg/apache/lucene/search/Sort;I[ILjava/lang/String;)V >"
"< Application, Lorg/apache/commons/cli/ParseException, <init>(Ljava/lang/String;)V >"
"< Application, LHarness, <init>()V >"
"< Application, Lorg/apache/lucene/index/IndexWriter, <init>(Lorg/apache/lucene/store/Directory;ZLorg/apache/lucene/analysis/Analyzer;Z)V >"
"< Application, Lorg/apache/lucene/demo/html/TokenMgrError, <init>(ZIIILjava/lang/String;CI)V >"
"< Application, Lorg/apache/lucene/search/FieldCacheImpl$7, <init>(Lorg/apache/lucene/search/FieldCacheImpl;)V >"
"< Application, Lorg/apache/lucene/analysis/Tokenizer, <init>(Ljava/io/Reader;)V >"
"< Application, Lorg/apache/lucene/search/function/DocValues, <init>()V >"
"< Application, Lorg/apache/lucene/search/BooleanScorer2$SingleMatchScorer, <init>(Lorg/apache/lucene/search/BooleanScorer2;Lorg/apache/lucene/search/Scorer;)V >"
"< Application, Lorg/dacapo/harness/Benchmark, <init>(Lorg/dacapo/parser/Config;Ljava/io/File;Z)V >"
"< Application, Lorg/apache/lucene/index/CheckIndex$MySegmentTermDocs, <init>(Lorg/apache/lucene/index/SegmentReader;)V >"
"< Application, Lorg/apache/lucene/index/SegmentMergeInfo, <init>(ILorg/apache/lucene/index/TermEnum;Lorg/apache/lucene/index/IndexReader;)V >"
"< Application, Lorg/apache/lucene/analysis/standard/StandardAnalyzer, <init>(Ljava/io/File;Z)V >"
"< Application, Lorg/apache/lucene/queryParser/MultiFieldQueryParser, <init>([Ljava/lang/String;Lorg/apache/lucene/analysis/Analyzer;)V >"
"< Application, Lorg/apache/lucene/queryParser/QueryParser, <init>(Ljava/lang/String;Lorg/apache/lucene/analysis/Analyzer;)V >"
"< Application, Lorg/apache/commons/cli/BasicParser, <init>()V >"
"< Application, Lorg/apache/lucene/analysis/Analyzer, <init>()V >"
"< Application, Lorg/apache/lucene/index/FieldReaderException, <init>(Ljava/lang/String;Ljava/lang/Throwable;)V >"
"< Application, Lorg/apache/lucene/index/ByteSliceReader, <init>()V >"
"< Application, Lorg/dacapo/harness/TeeOutputStream, <init>(Ljava/io/OutputStream;Ljava/io/File;)V >"
"< Application, Lorg/apache/lucene/search/function/ValueSourceQuery$ValueSourceWeight, <init>(Lorg/apache/lucene/search/function/ValueSourceQuery;Lorg/apache/lucene/search/Searcher;)V >"
"< Application, Lorg/apache/lucene/index/IndexWriter, <init>(Lorg/apache/lucene/store/Directory;Lorg/apache/lucene/analysis/Analyzer;Z)V >"
"< Application, Lorg/apache/lucene/search/NonMatchingScorer, <init>()V >"
"< Application, Lorg/dacapo/harness/Benchmark, <init>(Lorg/dacapo/parser/Config;Ljava/io/File;)V >"
"< Application, Lorg/apache/lucene/index/IndexWriter, <init>(Lorg/apache/lucene/store/Directory;ZLorg/apache/lucene/analysis/Analyzer;Lorg/apache/lucene/index/IndexDeletionPolicy;)V >"
"< Application, Lorg/apache/lucene/demo/HTMLDocument, <init>()V >"
"< Application, Lorg/apache/lucene/analysis/SinkTokenizer, <init>()V >"
"< Application, Lorg/apache/lucene/index/DirectoryIndexReader, <init>()V >"
"< Application, Lorg/apache/lucene/document/DateTools$Resolution, <init>(Ljava/lang/String;)V >"
"< Application, Lorg/apache/lucene/demo/html/ParseException, <init>(Lorg/apache/lucene/demo/html/Token;[[I[Ljava/lang/String;)V >"
"< Application, Lorg/apache/lucene/search/spans/SpanWeight, <init>(Lorg/apache/lucene/search/spans/SpanQuery;Lorg/apache/lucene/search/Searcher;)V >"
"< Application, Lorg/apache/lucene/document/AbstractField, <init>(Ljava/lang/String;Lorg/apache/lucene/document/Field$Store;Lorg/apache/lucene/document/Field$Index;Lorg/apache/lucene/document/Field$TermVector;)V >"
"< Application, Lorg/apache/lucene/index/DocFieldConsumerPerField, <init>()V >"
"< Application, Lorg/apache/lucene/util/cache/SimpleLRUCache$1, <init>(Lorg/apache/lucene/util/cache/SimpleLRUCache;IFZ)V >"
"< Application, Lorg/apache/lucene/store/IndexInput, <init>()V >"
"< Application, Lorg/apache/lucene/search/Sort, <init>(Ljava/lang/String;)V >"
"< Application, Lorg/apache/lucene/index/TermVectorsTermsWriterPerThread, <init>(Lorg/apache/lucene/index/TermsHashPerThread;Lorg/apache/lucene/index/TermVectorsTermsWriter;)V >"
"< Application, Lorg/apache/lucene/index/FilterIndexReader$FilterTermPositions, <init>(Lorg/apache/lucene/index/TermPositions;)V >"
"< Application, Lorg/apache/lucene/search/SpanFilterResult$PositionInfo, <init>(I)V >"
"< Application, Lorg/apache/commons/cli/OptionGroup, <init>()V >"
"< Application, Lorg/apache/lucene/search/FieldCacheImpl$10, <init>(Lorg/apache/lucene/search/FieldCacheImpl;)V >"
"< Application, Lorg/apache/lucene/index/MultipleTermPositions$IntQueue, <init>(Lorg/apache/lucene/index/MultipleTermPositions$1;)V >"
"< Application, Lorg/apache/lucene/search/ParallelMultiSearcher$1, <init>(Lorg/apache/lucene/search/ParallelMultiSearcher;Lorg/apache/lucene/search/HitCollector;I)V >"
"< Application, Lorg/apache/lucene/search/BooleanScorer2, <init>(Lorg/apache/lucene/search/Similarity;IZ)V >"
"< Application, Lorg/apache/lucene/index/TermsHashPerField, <init>(Lorg/apache/lucene/index/DocInverterPerField;Lorg/apache/lucene/index/TermsHashPerThread;Lorg/apache/lucene/index/TermsHashPerThread;Lorg/apache/lucene/index/FieldInfo;)V >"
"< Application, Lorg/apache/lucene/analysis/Token, <init>(II)V >"
"< Application, Lorg/apache/lucene/index/ConcurrentMergeScheduler, <init>()V >"
"< Application, Lorg/apache/lucene/store/RAMFile, <init>()V >"
"< Application, Lorg/apache/lucene/store/ChecksumIndexOutput, <init>(Lorg/apache/lucene/store/IndexOutput;)V >"
"< Application, Lorg/apache/lucene/search/QueryWrapperFilter, <init>(Lorg/apache/lucene/search/Query;)V >"
"< Application, Lorg/apache/lucene/search/BooleanQuery, <init>()V >"
"< Application, Lorg/apache/lucene/index/FieldsWriter, <init>(Lorg/apache/lucene/store/IndexOutput;Lorg/apache/lucene/store/IndexOutput;Lorg/apache/lucene/index/FieldInfos;)V >"
"< Application, Lorg/apache/lucene/index/ParallelReader$ParallelTermDocs, <init>(Lorg/apache/lucene/index/ParallelReader;Lorg/apache/lucene/index/Term;)V >"
"< Application, Lorg/apache/lucene/index/MultipleTermPositions, <init>(Lorg/apache/lucene/index/IndexReader;[Lorg/apache/lucene/index/Term;)V >"
"< Application, Lorg/apache/lucene/analysis/WhitespaceAnalyzer, <init>()V >"
"< Application, Lorg/apache/lucene/store/IndexOutput, <init>()V >"
"< Application, Lorg/apache/lucene/analysis/Token, <init>(Ljava/lang/String;IILjava/lang/String;)V >"
"< Application, Lorg/apache/lucene/search/spans/NearSpansUnordered, <init>(Lorg/apache/lucene/search/spans/SpanNearQuery;Lorg/apache/lucene/index/IndexReader;)V >"
"< Application, Lorg/apache/lucene/analysis/standard/StandardTokenizerImpl, <init>(Ljava/io/InputStream;)V >"
"< Application, Lorg/dacapo/harness/Digest, <init>()V >"
"< Application, Lorg/apache/lucene/search/FilterManager$FilterCleaner$1, <init>(Lorg/apache/lucene/search/FilterManager$FilterCleaner;Lorg/apache/lucene/search/FilterManager;)V >"
"< Application, Lorg/apache/lucene/search/Hits, <init>(Lorg/apache/lucene/search/Searcher;Lorg/apache/lucene/search/Query;Lorg/apache/lucene/search/Filter;Lorg/apache/lucene/search/Sort;)V >"
"< Application, Lorg/apache/lucene/index/FieldsReader, <init>(Lorg/apache/lucene/store/Directory;Ljava/lang/String;Lorg/apache/lucene/index/FieldInfos;I)V >"
"< Application, Lorg/apache/lucene/index/ParallelReader$ParallelTermPositions, <init>(Lorg/apache/lucene/index/ParallelReader;)V >"
"< Application, Lorg/apache/lucene/demo/html/SimpleCharStream, <init>(Ljava/io/InputStream;Ljava/lang/String;)V >"
"< Application, Lorg/apache/lucene/analysis/Token, <init>(III)V >"
"< Application, Lorg/apache/lucene/search/FieldSortedHitQueue$2, <init>([B)V >"
"< Application, Lorg/apache/lucene/index/TermBuffer, <init>()V >"
"< Application, Lorg/apache/lucene/search/SloppyPhraseScorer, <init>(Lorg/apache/lucene/search/Weight;[Lorg/apache/lucene/index/TermPositions;[ILorg/apache/lucene/search/Similarity;I[B)V >"
"< Application, Lorg/apache/commons/cli/MissingOptionException, <init>(Ljava/util/List;)V >"
"< Application, Lorg/apache/lucene/index/DocInverter, <init>(Lorg/apache/lucene/index/InvertedDocConsumer;Lorg/apache/lucene/index/InvertedDocEndConsumer;)V >"
"< Application, Lorg/apache/lucene/index/SegmentInfos$2, <init>(Lorg/apache/lucene/store/Directory;)V >"
"< Application, Lorg/apache/lucene/search/HitDoc, <init>(FI)V >"
"< Application, Lorg/apache/lucene/demo/SearchFiles, <init>()V >"
"< Application, Lorg/apache/lucene/search/TimeLimitedCollector$TimerThread, <init>()V >"
"< Application, Lorg/apache/lucene/analysis/TokenFilter, <init>(Lorg/apache/lucene/analysis/TokenStream;)V >"
"< Application, Lorg/apache/lucene/index/SegmentInfos$FindSegmentsFile, <init>(Lorg/apache/lucene/store/Directory;)V >"
"< Application, Lorg/apache/lucene/document/DateTools$Resolution, <init>()V >"
"< Application, Lorg/apache/lucene/search/FieldSortedHitQueue$7, <init>([D)V >"
"< Application, Lorg/apache/lucene/util/SortedVIntList$1, <init>(Lorg/apache/lucene/util/SortedVIntList;)V >"
"< Application, Lorg/apache/lucene/search/FieldSortedHitQueue$5, <init>([J)V >"
"< Application, Lorg/apache/lucene/index/KeepOnlyLastCommitDeletionPolicy, <init>()V >"
"< Application, Lorg/apache/lucene/util/OpenBitSetIterator, <init>(Lorg/apache/lucene/util/OpenBitSet;)V >"
"< Application, Lorg/apache/lucene/analysis/standard/StandardFilter, <init>(Lorg/apache/lucene/analysis/TokenStream;)V >"
"< Application, Lorg/apache/lucene/index/TermInfo, <init>(Lorg/apache/lucene/index/TermInfo;)V >"
"< Application, Lorg/apache/lucene/index/FieldsReader$FieldForMerge, <init>(Ljava/lang/Object;Lorg/apache/lucene/index/FieldInfo;ZZZ)V >"
"< Application, Lorg/apache/lucene/search/Sort, <init>(Lorg/apache/lucene/search/SortField;)V >"
"< Application, Lorg/apache/lucene/index/ByteBlockPool, <init>(Lorg/apache/lucene/index/ByteBlockPool$Allocator;Z)V >"
"< Application, Lorg/apache/lucene/search/function/IntFieldSource$1, <init>(Lorg/apache/lucene/search/function/IntFieldSource;[I)V >"
"< Application, Lorg/apache/lucene/store/RAMInputStream, <init>(Lorg/apache/lucene/store/RAMFile;)V >"
"< Application, Lorg/apache/lucene/index/PositionBasedTermVectorMapper$TVPositionInfo, <init>(IZ)V >"
"< Application, Lorg/apache/lucene/store/RAMDirectory, <init>(Lorg/apache/lucene/store/Directory;)V >"
"< Application, Lorg/apache/lucene/index/LogByteSizeMergePolicy, <init>()V >"
"< Application, Lorg/dacapo/parser/ConfigFile, <init>(Lorg/dacapo/parser/ConfigFileTokenManager;)V >"
"< Application, Lorg/apache/lucene/index/IndexModifier, <init>(Lorg/apache/lucene/store/Directory;Lorg/apache/lucene/analysis/Analyzer;Z)V >"
"< Application, Lorg/apache/lucene/search/CachingSpanFilter, <init>(Lorg/apache/lucene/search/SpanFilter;)V >"
"< Application, Lorg/apache/lucene/analysis/standard/StandardTokenizerImpl, <init>(Ljava/io/Reader;)V >"
"< Application, Lorg/apache/lucene/search/TimeLimitedCollector$TimerThread, <init>(Lorg/apache/lucene/search/TimeLimitedCollector$1;)V >"
"< Application, Lorg/apache/lucene/index/DefaultSkipListReader, <init>(Lorg/apache/lucene/store/IndexInput;II)V >"
"< Application, Lorg/apache/lucene/analysis/Token, <init>(Ljava/lang/String;III)V >"
"< Application, Lorg/apache/lucene/search/BooleanQuery$BooleanWeight, <init>(Lorg/apache/lucene/search/BooleanQuery;Lorg/apache/lucene/search/Searcher;)V >"
"< Application, Lorg/apache/lucene/demo/html/ParseException, <init>()V >"
"< Application, Lorg/apache/lucene/search/function/ShortFieldSource, <init>(Ljava/lang/String;Lorg/apache/lucene/search/FieldCache$ShortParser;)V >"
"< Application, Lorg/apache/lucene/search/function/OrdFieldSource, <init>(Ljava/lang/String;)V >"
"< Application, Lorg/apache/lucene/analysis/KeywordTokenizer, <init>(Ljava/io/Reader;I)V >"
"< Application, Lorg/apache/lucene/search/ScoreDocComparator$1, <init>()V >"
"< Application, Lorg/apache/lucene/store/ChecksumIndexInput, <init>(Lorg/apache/lucene/store/IndexInput;)V >"
"< Application, Lorg/apache/lucene/index/TermVectorsTermsWriter$PerDoc, <init>(Lorg/apache/lucene/index/TermVectorsTermsWriter;)V >"
"< Application, Lorg/apache/lucene/document/Document$1, <init>(Lorg/apache/lucene/document/Document;)V >"
"< Application, Lorg/apache/lucene/search/payloads/BoostingTermQuery, <init>(Lorg/apache/lucene/index/Term;)V >"
"< Application, Lorg/apache/lucene/demo/html/SimpleCharStream, <init>(Ljava/io/InputStream;)V >"
"< Application, Lorg/apache/lucene/util/cache/Cache, <init>()V >"
"< Application, Lorg/apache/lucene/index/CheckIndex, <init>(Lorg/apache/lucene/store/Directory;)V >"
"< Application, Lorg/apache/lucene/index/SegmentTermEnum, <init>(Lorg/apache/lucene/store/IndexInput;Lorg/apache/lucene/index/FieldInfos;Z)V >"
"< Application, Lorg/apache/lucene/search/BooleanScorer$Collector, <init>(ILorg/apache/lucene/search/BooleanScorer$BucketTable;)V >"
"< Application, Lorg/apache/lucene/search/IndexSearcher, <init>(Lorg/apache/lucene/index/IndexReader;)V >"
"< Application, Lorg/dacapo/parser/TokenMgrError, <init>()V >"
"< Application, Lorg/apache/lucene/index/InvertedDocConsumer, <init>()V >"
"< Application, Lorg/apache/lucene/search/ConstantScoreRangeQuery, <init>(Ljava/lang/String;Ljava/lang/String;Ljava/lang/String;ZZLjava/text/Collator;)V >"
"< Application, Lorg/apache/lucene/store/SimpleFSLock, <init>(Ljava/io/File;Ljava/lang/String;)V >"
"< Application, Lorg/apache/lucene/search/RangeQuery, <init>(Lorg/apache/lucene/index/Term;Lorg/apache/lucene/index/Term;ZLjava/text/Collator;)V >"
"< Application, Lorg/apache/lucene/util/SortedVIntList, <init>(Ljava/util/BitSet;)V >"
"< Application, Lorg/apache/lucene/queryParser/FastCharStream, <init>(Ljava/io/Reader;)V >"
"< Application, Lorg/apache/lucene/store/SimpleFSLockFactory, <init>(Ljava/lang/String;)V >"
"< Application, Lorg/apache/commons/cli/Option, <init>(Ljava/lang/String;Ljava/lang/String;)V >"
"< Application, Lorg/apache/lucene/index/IndexModifier, <init>(Ljava/io/File;Lorg/apache/lucene/analysis/Analyzer;Z)V >"
"< Application, Lorg/apache/lucene/index/DocFieldConsumersPerThread, <init>(Lorg/apache/lucene/index/DocFieldProcessorPerThread;Lorg/apache/lucene/index/DocFieldConsumers;Lorg/apache/lucene/index/DocFieldConsumerPerThread;Lorg/apache/lucene/index/DocFieldConsumerPerThread;)V >"
"< Application, Lorg/apache/lucene/search/IndexSearcher, <init>(Ljava/lang/String;)V >"
"< Application, Lorg/apache/commons/cli/MissingOptionException, <init>(Ljava/lang/String;)V >"
"< Application, Lorg/apache/lucene/document/MapFieldSelector, <init>([Ljava/lang/String;)V >"
"< Application, Lorg/apache/lucene/store/FSDirectory, <init>()V >"
"< Application, Lorg/apache/lucene/search/FuzzyQuery, <init>(Lorg/apache/lucene/index/Term;F)V >"
"< Application, Lorg/apache/lucene/search/spans/SpanNotQuery, <init>(Lorg/apache/lucene/search/spans/SpanQuery;Lorg/apache/lucene/search/spans/SpanQuery;)V >"
"< Application, Lorg/apache/lucene/store/RAMOutputStream, <init>()V >"
"< Application, Lorg/apache/lucene/index/MergePolicy$MergeException, <init>(Ljava/lang/String;)V >"
"< Application, Lorg/apache/lucene/index/ByteSliceWriter, <init>(Lorg/apache/lucene/index/ByteBlockPool;)V >"
"< Application, Lorg/apache/lucene/index/SegmentMerger, <init>(Lorg/apache/lucene/store/Directory;Ljava/lang/String;)V >"
"< Application, Lorg/dacapo/parser/SimpleCharStream, <init>(Ljava/io/Reader;III)V >"
"< Application, Lorg/apache/commons/cli/UnrecognizedOptionException, <init>(Ljava/lang/String;Ljava/lang/String;)V >"
"< Application, LMMTkCallback, <init>(Lorg/dacapo/harness/CommandLineArgs;)V >"
"< Application, Lorg/apache/lucene/queryParser/TokenMgrError, <init>(Ljava/lang/String;I)V >"
"< Application, Lorg/apache/lucene/store/SingleInstanceLock, <init>(Ljava/util/HashSet;Ljava/lang/String;)V >"
"< Application, Lorg/apache/lucene/index/FieldInfo, <init>(Ljava/lang/String;ZIZZZZZZ)V >"
"< Application, Lorg/apache/lucene/index/FieldSortedTermVectorMapper, <init>(ZZLjava/util/Comparator;)V >"
"< Application, Lorg/apache/lucene/analysis/PerFieldAnalyzerWrapper, <init>(Lorg/apache/lucene/analysis/Analyzer;)V >"
"< Application, Lorg/apache/lucene/analysis/SimpleAnalyzer, <init>()V >"
"< Application, Lorg/apache/lucene/store/Directory, <init>()V >"
"< Application, Lorg/apache/lucene/index/IndexFileDeleter$RefCount, <init>(Lorg/apache/lucene/index/IndexFileDeleter$1;)V >"
"< Application, Lorg/dacapo/harness/Benchmark$1, <init>(Ljava/lang/String;)V >"
"< Application, Lorg/apache/lucene/document/Document, <init>()V >"
"< Application, Lorg/apache/lucene/util/OpenBitSetIterator, <init>([JI)V >"
"< Application, Lorg/apache/lucene/index/DocConsumerPerThread, <init>()V >"
"< Application, Lorg/apache/lucene/document/LoadFirstFieldSelector, <init>()V >"
"< Application, Lorg/apache/lucene/index/MultiLevelSkipListReader$SkipBuffer, <init>(Lorg/apache/lucene/store/IndexInput;I)V >"
"< Application, Lorg/apache/lucene/index/TermInfosReader$ThreadResources, <init>()V >"
"< Application, Lorg/apache/lucene/analysis/StopFilter, <init>(Lorg/apache/lucene/analysis/TokenStream;[Ljava/lang/String;Z)V >"
"< Application, Lorg/apache/lucene/index/SegmentMerger$CheckAbort, <init>(Lorg/apache/lucene/index/MergePolicy$OneMerge;Lorg/apache/lucene/store/Directory;)V >"
"< Application, Lorg/apache/lucene/search/MultiSearcher$1, <init>(Lorg/apache/lucene/search/MultiSearcher;Lorg/apache/lucene/search/HitCollector;I)V >"
"< Application, Lorg/apache/lucene/index/ParallelReader, <init>(Z)V >"
"< Application, Lorg/apache/lucene/index/IndexModifier, <init>(Ljava/lang/String;Lorg/apache/lucene/analysis/Analyzer;Z)V >"
"< Application, Lorg/apache/lucene/analysis/ISOLatin1AccentFilter, <init>(Lorg/apache/lucene/analysis/TokenStream;)V >"
"< Application, Lorg/apache/lucene/demo/html/Tags, <init>()V >"
"< Application, Lorg/apache/lucene/search/FilteredTermEnum, <init>()V >"
"< Application, Lorg/apache/lucene/search/Filter, <init>()V >"
"< Application, Lorg/apache/lucene/queryParser/TokenMgrError, <init>()V >"
"< Application, Lorg/apache/commons/cli/Option, <init>(Ljava/lang/String;Ljava/lang/String;ZLjava/lang/String;)V >"
"< Application, Lorg/apache/lucene/store/RAMDirectory, <init>(Ljava/lang/String;)V >"
"< Application, Lorg/apache/lucene/demo/html/HTMLParser, <init>(Ljava/io/InputStream;Ljava/lang/String;)V >"
"< Application, Lorg/dacapo/parser/SimpleCharStream, <init>(Ljava/io/InputStream;Ljava/lang/String;III)V >"
"< Application, Lorg/apache/lucene/util/SmallFloat, <init>()V >"
"< Application, Lorg/apache/commons/cli/AlreadySelectedException, <init>(Ljava/lang/String;)V >"
"< Application, Lorg/apache/lucene/index/MergePolicy$MergeException, <init>(Ljava/lang/Throwable;Lorg/apache/lucene/store/Directory;)V >"
"< Application, Lorg/apache/lucene/index/MultipleTermPositions$IntQueue, <init>()V >"
"< Application, Lorg/apache/lucene/search/CachingWrapperFilter, <init>(Lorg/apache/lucene/search/Filter;)V >"
"< Application, Lorg/apache/lucene/demo/html/SimpleCharStream, <init>(Ljava/io/InputStream;Ljava/lang/String;II)V >"
"< Application, Lorg/apache/lucene/store/NIOFSDirectory, <init>()V >"
"< Application, Lorg/apache/lucene/analysis/CharTokenizer, <init>(Ljava/io/Reader;)V >"
"< Application, Lorg/apache/lucene/index/IndexWriter, <init>(Lorg/apache/lucene/store/Directory;Lorg/apache/lucene/analysis/Analyzer;Lorg/apache/lucene/index/IndexDeletionPolicy;Lorg/apache/lucene/index/IndexWriter$MaxFieldLength;)V >"
"< Application, Lorg/apache/lucene/index/TermVectorEntry, <init>()V >"
"< Application, Lorg/dacapo/parser/SimpleCharStream, <init>(Ljava/io/Reader;II)V >"
"< Application, Lorg/apache/lucene/search/RangeQuery, <init>(Lorg/apache/lucene/index/Term;Lorg/apache/lucene/index/Term;Z)V >"
"< Application, Lorg/apache/lucene/search/FieldDocSortedHitQueue, <init>([Lorg/apache/lucene/search/SortField;I)V >"
"< Application, Lorg/apache/lucene/analysis/WordlistLoader, <init>()V >"
"< Application, Lorg/apache/lucene/store/FSDirectory$FSIndexInput, <init>(Ljava/io/File;I)V >"
"< Application, Lorg/apache/lucene/search/FieldSortedHitQueue$8, <init>(Lorg/apache/lucene/search/FieldCache$StringIndex;)V >"
"< Application, Lorg/apache/lucene/util/UnicodeUtil$UTF8Result, <init>()V >"
"< Application, Lorg/apache/lucene/index/Payload, <init>()V >"
"< Application, Lorg/apache/lucene/index/TermVectorsTermsWriter$PostingList, <init>()V >"
"< Application, Lorg/apache/lucene/search/SortField, <init>(Ljava/lang/String;I)V >"
"< Application, Lorg/apache/lucene/util/Constants, <init>()V >"
"< Application, Lorg/apache/lucene/index/SnapshotDeletionPolicy, <init>(Lorg/apache/lucene/index/IndexDeletionPolicy;)V >"
"< Application, Lorg/apache/lucene/index/DocFieldConsumers, <init>(Lorg/apache/lucene/index/DocFieldConsumer;Lorg/apache/lucene/index/DocFieldConsumer;)V >"
"< Application, Lorg/apache/lucene/queryParser/Token, <init>(ILjava/lang/String;)V >"
"< Application, Lorg/apache/lucene/search/TopFieldDocs, <init>(I[Lorg/apache/lucene/search/ScoreDoc;[Lorg/apache/lucene/search/SortField;F)V >"
"< Application, Lorg/apache/lucene/search/ExtendedFieldCacheImpl$4, <init>(Lorg/apache/lucene/search/ExtendedFieldCacheImpl;)V >"
"< Application, Lorg/apache/commons/cli/TypeHandler, <init>()V >"
"< Application, Lorg/apache/lucene/search/SortField, <init>(Ljava/lang/String;Ljava/util/Locale;Z)V >"
"< Application, Lorg/apache/lucene/search/PrefixGenerator, <init>(Lorg/apache/lucene/index/Term;)V >"
"< Application, Lorg/apache/lucene/search/spans/NearSpansUnordered$CellQueue, <init>(Lorg/apache/lucene/search/spans/NearSpansUnordered;I)V >"
"< Application, Lorg/apache/lucene/analysis/LowerCaseTokenizer, <init>(Ljava/io/Reader;)V >"
"< Application, Lorg/apache/lucene/search/spans/SpanNearQuery, <init>([Lorg/apache/lucene/search/spans/SpanQuery;IZ)V >"
"< Application, Lorg/apache/lucene/queryParser/QueryParser, <init>(Lorg/apache/lucene/queryParser/CharStream;)V >"
"< Application, Lorg/apache/lucene/index/IndexWriter, <init>(Lorg/apache/lucene/store/Directory;ZLorg/apache/lucene/analysis/Analyzer;ZLorg/apache/lucene/index/IndexDeletionPolicy;)V >"
"< Application, Lorg/apache/lucene/analysis/CachingTokenFilter, <init>(Lorg/apache/lucene/analysis/TokenStream;)V >"
"< Application, Lorg/apache/lucene/search/SimilarityDelegator, <init>(Lorg/apache/lucene/search/Similarity;)V >"
"< Application, Lorg/apache/lucene/search/BooleanScorer2, <init>(Lorg/apache/lucene/search/Similarity;)V >"
"< Application, Lorg/apache/lucene/util/cache/Cache$SynchronizedCache, <init>(Lorg/apache/lucene/util/cache/Cache;)V >"
"< Application, Lorg/apache/lucene/util/SortedVIntList$SortedVIntListBuilder, <init>(Lorg/apache/lucene/util/SortedVIntList;)V >"
"< Application, Lorg/apache/lucene/index/DirectoryIndexReader, <init>(Lorg/apache/lucene/store/Directory;Lorg/apache/lucene/index/SegmentInfos;ZZ)V >"
"< Application, Lorg/apache/lucene/index/SegmentTermPositions, <init>(Lorg/apache/lucene/index/SegmentReader;)V >"
"< Application, Lorg/apache/lucene/search/RemoteCachingWrapperFilter, <init>(Lorg/apache/lucene/search/Filter;)V >"
"< Application, Lorg/apache/lucene/index/CompoundFileWriter$FileEntry, <init>(Lorg/apache/lucene/index/CompoundFileWriter$1;)V >"
"< Application, Lorg/apache/lucene/search/TermScorer, <init>(Lorg/apache/lucene/search/Weight;Lorg/apache/lucene/index/TermDocs;Lorg/apache/lucene/search/Similarity;[B)V >"
"< Application, Lorg/apache/lucene/util/StringHelper, <init>()V >"
"< Application, Lorg/apache/lucene/index/DocumentsWriter$WaitQueue, <init>(Lorg/apache/lucene/index/DocumentsWriter;)V >"
"< Application, Lorg/apache/lucene/search/DisjunctionSumScorer, <init>(Ljava/util/List;)V >"
"< Application, Lorg/apache/lucene/analysis/StopFilter, <init>(Lorg/apache/lucene/analysis/TokenStream;Ljava/util/Set;)V >"
"< Application, Lorg/apache/lucene/index/NormsWriterPerField, <init>(Lorg/apache/lucene/index/DocInverterPerField;Lorg/apache/lucene/index/NormsWriterPerThread;Lorg/apache/lucene/index/FieldInfo;)V >"
"< Application, Lorg/dacapo/harness/DacapoClassLoader, <init>([Ljava/net/URL;Ljava/lang/ClassLoader;Ljava/net/URLStreamHandlerFactory;)V >"
"< Application, Lorg/apache/lucene/index/SnapshotDeletionPolicy$MyCommitPoint, <init>(Lorg/apache/lucene/index/SnapshotDeletionPolicy;Lorg/apache/lucene/index/IndexCommit;)V >"
"< Application, Lorg/apache/lucene/util/cache/SimpleMapCache, <init>(Ljava/util/Map;)V >"
"< Application, Lorg/apache/lucene/store/NativeFSLockFactory, <init>(Ljava/lang/String;)V >"
"< Application, Lorg/apache/lucene/search/RemoteSearchable, <init>(Lorg/apache/lucene/search/Searchable;)V >"
"< Application, Lorg/apache/lucene/search/IndexSearcher, <init>(Lorg/apache/lucene/store/Directory;)V >"
"< Application, Lorg/apache/lucene/analysis/standard/StandardAnalyzer, <init>(Z)V >"
"< Application, Lorg/dacapo/parser/Config, <init>(Ljava/lang/String;)V >"
"< Application, Lorg/apache/lucene/document/AbstractField, <init>()V >"
"< Application, Lorg/apache/lucene/index/DocumentsWriter$SkipDocWriter, <init>()V >"
"< Application, Lorg/apache/lucene/index/IndexFileNameFilter, <init>()V >"
"< Application, Lorg/apache/lucene/util/BitUtil, <init>()V >"
"< Application, Lorg/apache/lucene/demo/html/HTMLParser$MyPipedInputStream, <init>(Lorg/apache/lucene/demo/html/HTMLParser;)V >"
"< Application, Lorg/apache/lucene/analysis/standard/StandardAnalyzer$SavedStreams, <init>(Lorg/apache/lucene/analysis/standard/StandardAnalyzer$1;)V >"
"< Application, Lorg/apache/lucene/demo/html/Token, <init>()V >"
"< Application, Lorg/apache/lucene/index/NormsWriterPerThread, <init>(Lorg/apache/lucene/index/DocInverterPerThread;Lorg/apache/lucene/index/NormsWriter;)V >"
"< Application, Lorg/apache/lucene/search/ExtendedFieldCacheImpl$2, <init>()V >"
"< Application, Lorg/apache/lucene/queryParser/ParseException, <init>()V >"
"< Application, Lorg/apache/lucene/search/ConstantScoreQuery$ConstantWeight, <init>(Lorg/apache/lucene/search/ConstantScoreQuery;Lorg/apache/lucene/search/Searcher;)V >"
"< Application, Lorg/apache/lucene/store/MMapDirectory$MMapIndexInput, <init>(Ljava/io/RandomAccessFile;Lorg/apache/lucene/store/MMapDirectory$1;)V >"
"< Application, Lorg/apache/lucene/search/QueryWrapperFilter$1, <init>(Lorg/apache/lucene/search/QueryWrapperFilter;Ljava/util/BitSet;)V >"
"< Application, Lorg/apache/lucene/demo/html/HTMLParser, <init>(Ljava/io/File;)V >"
"< Application, Lorg/apache/lucene/demo/html/ParseException, <init>(Ljava/lang/String;)V >"
"< Application, Lorg/apache/lucene/queryParser/ParseException, <init>(Lorg/apache/lucene/queryParser/Token;[[I[Ljava/lang/String;)V >"
"< Application, Lorg/apache/lucene/search/spans/SpanNotQuery$1, <init>(Lorg/apache/lucene/search/spans/SpanNotQuery;Lorg/apache/lucene/index/IndexReader;)V >"
"< Application, Lorg/apache/lucene/search/PhraseQuery$PhraseWeight, <init>(Lorg/apache/lucene/search/PhraseQuery;Lorg/apache/lucene/search/Searcher;)V >"
"< Application, Lorg/dacapo/harness/CommandLineArgs, <init>([Ljava/lang/String;)V >"
"< Application, Lorg/apache/lucene/search/FieldCacheImpl$12, <init>(Lorg/apache/lucene/search/FieldCacheImpl;)V >"
"< Application, Lorg/apache/lucene/util/ScorerDocQueue$HeapedScorerDoc, <init>(Lorg/apache/lucene/util/ScorerDocQueue;Lorg/apache/lucene/search/Scorer;I)V >"
"< Application, Lorg/apache/lucene/index/FilterIndexReader$FilterTermEnum, <init>(Lorg/apache/lucene/index/TermEnum;)V >"
"< Application, Lorg/apache/lucene/search/ExactPhraseScorer, <init>(Lorg/apache/lucene/search/Weight;[Lorg/apache/lucene/index/TermPositions;[ILorg/apache/lucene/search/Similarity;[B)V >"
"< Application, Lorg/apache/lucene/index/Payload, <init>([B)V >"
"< Application, Lorg/dacapo/luindex/Index, <init>(Ljava/io/File;)V >"
"< Application, Lorg/apache/lucene/index/FreqProxTermsWriter$PostingList, <init>()V >"
"< Application, Lorg/apache/lucene/search/function/FieldScoreQuery, <init>(Ljava/lang/String;Lorg/apache/lucene/search/function/FieldScoreQuery$Type;)V >"
"< Application, Lorg/dacapo/parser/ConfigFileTokenManager, <init>(Lorg/dacapo/parser/SimpleCharStream;)V >"
"< Application, Lorg/apache/lucene/index/CompoundFileReader$CSIndexInput, <init>(Lorg/apache/lucene/store/IndexInput;JJ)V >"
"< Application, Lorg/apache/commons/cli/MissingArgumentException, <init>(Lorg/apache/commons/cli/Option;)V >"
"< Application, Lorg/dacapo/parser/Config$Size, <init>(Lorg/dacapo/parser/Config;Ljava/lang/String;Ljava/util/Vector;)V >"
"< Application, Lorg/dacapo/parser/ConfigFile, <init>(Ljava/io/InputStream;Ljava/lang/String;)V >"
"< Application, Lorg/apache/lucene/index/StaleReaderException, <init>(Ljava/lang/String;)V >"
"< Application, Lorg/apache/lucene/search/ConjunctionScorer, <init>(Lorg/apache/lucene/search/Similarity;[Lorg/apache/lucene/search/Scorer;)V >"
"< Application, Lorg/apache/commons/cli/MissingArgumentException, <init>(Ljava/lang/String;)V >"
"< Application, Lorg/apache/lucene/index/SegmentInfo, <init>(Ljava/lang/String;ILorg/apache/lucene/store/Directory;ZZILjava/lang/String;ZZ)V >"
"< Application, Lorg/apache/lucene/search/TopDocCollector, <init>(I)V >"
"< Application, Lorg/apache/lucene/search/SortField, <init>(Ljava/lang/String;Z)V >"
"< Application, Lorg/apache/lucene/index/IndexCommit, <init>()V >"
"< Application, Lorg/apache/lucene/index/IndexWriter$MaxFieldLength, <init>(I)V >"
"< Application, Lorg/apache/lucene/store/LockReleaseFailedException, <init>(Ljava/lang/String;)V >"
"< Application, Lorg/apache/lucene/store/RAMOutputStream, <init>(Lorg/apache/lucene/store/RAMFile;)V >"
"< Application, Lorg/apache/lucene/search/function/OrdFieldSource$1, <init>(Lorg/apache/lucene/search/function/OrdFieldSource;[I)V >"
"< Application, Lorg/apache/lucene/search/FuzzyQuery, <init>(Lorg/apache/lucene/index/Term;)V >"
"< Application, Lorg/apache/lucene/index/IndexReader, <init>(Lorg/apache/lucene/store/Directory;)V >"
"< Application, Lorg/apache/lucene/analysis/Token, <init>()V >"
"< Application, Lorg/apache/lucene/search/MultiPhraseQuery$MultiPhraseWeight, <init>(Lorg/apache/lucene/search/MultiPhraseQuery;Lorg/apache/lucene/search/Searcher;)V >"
"< Application, Lorg/apache/lucene/search/spans/SpanOrQuery$SpanQueue, <init>(Lorg/apache/lucene/search/spans/SpanOrQuery;I)V >"
"< Application, Lorg/apache/lucene/document/MapFieldSelector, <init>(Ljava/util/List;)V >"
"< Application, Lorg/apache/lucene/search/function/FloatFieldSource, <init>(Ljava/lang/String;)V >"
"< Application, Lorg/apache/lucene/index/ReusableStringReader, <init>()V >"
"< Application, Lorg/apache/lucene/document/Field, <init>(Ljava/lang/String;[BLorg/apache/lucene/document/Field$Store;)V >"
"< Application, Lorg/apache/lucene/analysis/StopFilter, <init>(Lorg/apache/lucene/analysis/TokenStream;Ljava/util/Set;Z)V >"
"< Application, Lorg/apache/lucene/search/MatchAllDocsQuery$MatchAllDocsWeight, <init>(Lorg/apache/lucene/search/MatchAllDocsQuery;Lorg/apache/lucene/search/Searcher;)V >"
"< Application, Lorg/apache/lucene/index/CompoundFileReader$FileEntry, <init>()V >"
"< Application, Lorg/apache/lucene/util/OpenBitSetDISI, <init>(I)V >"
"< Application, Lorg/apache/lucene/search/TermQuery, <init>(Lorg/apache/lucene/index/Term;)V >"
"< Application, Lorg/apache/lucene/store/VerifyingLockFactory, <init>(BLorg/apache/lucene/store/LockFactory;Ljava/lang/String;I)V >"
"< Application, Lorg/apache/lucene/search/function/ByteFieldSource, <init>(Ljava/lang/String;Lorg/apache/lucene/search/FieldCache$ByteParser;)V >"
