"< Application, Lorg/apache/lucene/index/ByteBlockPool, nextBuffer()V >"	7	10	java_prim_type_double	9	java_prim_type_int
"< Application, Lorg/apache/lucene/index/FieldsReader, addFieldLazy(Lorg/apache/lucene/document/Document;Lorg/apache/lucene/index/FieldInfo;ZZZ)V >"	48	25	java_prim_type_long	16	java_prim_type_int
"< Application, Lorg/apache/lucene/index/LogMergePolicy, findMerges(Lorg/apache/lucene/index/SegmentInfos;Lorg/apache/lucene/index/IndexWriter;)Lorg/apache/lucene/index/MergePolicy$MergeSpecification; >"	13	25	java_prim_type_float	24	java_prim_type_double
"< Application, Lorg/apache/lucene/index/DocumentsWriter, balanceRAM()V >"	198	43	java_prim_type_double	3	java_prim_type_long
"< Application, Lorg/apache/lucene/search/function/ByteFieldSource$1, floatVal(I)F >"	2	6	java_prim_type_float	5	java_prim_type_int
"< Application, Lorg/apache/lucene/index/FieldsReader, <init>(Lorg/apache/lucene/store/Directory;Ljava/lang/String;Lorg/apache/lucene/index/FieldInfos;III)V >"	83	63	java_prim_type_int	62	java_prim_type_long
"< Application, Lorg/apache/lucene/index/DocumentsWriter, balanceRAM()V >"	156	221	java_prim_type_double	220	java_prim_type_long
"< Application, Lorg/dacapo/harness/ChordHarness, coeff_of_var([J)D >"	6	9	java_prim_type_double	8	java_prim_type_long
"< Application, Lorg/apache/lucene/store/IndexOutput, copyBytes(Lorg/apache/lucene/store/IndexInput;J)V >"	14	16	java_prim_type_int	24	java_prim_type_long
"< Application, Lorg/apache/lucene/store/IndexInput, readChars([CII)V >"	7	14	java_prim_type_char	13	java_prim_type_int
"< Application, Lorg/apache/lucene/store/IndexInput, readString()Ljava/lang/String; >"	10	11	java_prim_type_double	6	java_prim_type_int
"< Application, Lorg/apache/lucene/store/BufferedIndexInput, seek(J)V >"	11	15	java_prim_type_int	14	java_prim_type_long
"< Application, Lorg/apache/lucene/store/MMapDirectory$MultiMMapIndexInput, <init>(Ljava/io/RandomAccessFile;I)V >"	57	40	java_prim_type_long	37	java_prim_type_int
"< Application, Lorg/apache/lucene/util/OpenBitSet, clear(J)V >"	1	6	java_prim_type_int	5	java_prim_type_long
"< Application, Lorg/apache/lucene/store/MMapDirectory$MMapIndexInput, seek(J)V >"	1	5	java_prim_type_int	2	java_prim_type_long
"< Application, Lorg/apache/lucene/index/IndexWriter, syncPause(J)V >"	17	25	java_prim_type_int	24	java_prim_type_long
"< Application, Lorg/apache/lucene/util/BitUtil, pop_xor([J[JII)J >"	120	138	java_prim_type_long	137	java_prim_type_int
"< Application, Lorg/apache/lucene/store/IndexInput, readVLong()J >"	2	7	java_prim_type_long	6	java_prim_type_int
"< Application, Lorg/apache/lucene/index/DocumentsWriter, setRAMBufferSizeMB(D)V >"	23	25	java_prim_type_long	24	java_prim_type_double
"< Application, Lorg/apache/lucene/index/FieldsReader, skipField(ZZI)V >"	7	15	java_prim_type_long	4	java_prim_type_int
"< Application, Lorg/apache/lucene/index/SegmentTermEnum, <init>(Lorg/apache/lucene/store/IndexInput;Lorg/apache/lucene/index/FieldInfos;Z)V >"	24	68	java_prim_type_long	21	java_prim_type_int
"< Application, Lorg/apache/lucene/util/SmallFloat, floatToByte315(F)B >"	10	10	java_prim_type_byte	9	java_prim_type_int
"< Application, Lorg/apache/lucene/index/SegmentMerger, mergeTermInfos()V >"	71	78	java_prim_type_double	75	java_prim_type_int
"< Application, Lorg/apache/lucene/util/BitUtil, pop_andnot([J[JII)J >"	132	151	java_prim_type_long	150	java_prim_type_int
"< Application, Lorg/apache/lucene/util/UnicodeUtil, UTF16toUTF8(Ljava/lang/String;IILorg/apache/lucene/util/UnicodeUtil$UTF8Result;)V >"	85	84	java_prim_type_byte	83	java_prim_type_int
"< Application, Lorg/apache/lucene/index/ByteBlockPool, allocSlice([BI)I >"	48	52	java_prim_type_byte	51	java_prim_type_int
"< Application, Lorg/apache/lucene/search/RangeFilter, getDocIdSet(Lorg/apache/lucene/index/IndexReader;)Lorg/apache/lucene/search/DocIdSet; >"	104	60	java_prim_type_long	59	java_prim_type_int
"< Application, Lorg/apache/lucene/store/BufferedIndexInput, refill()V >"	2	5	java_prim_type_long	4	java_prim_type_int
"< Application, Lorg/apache/lucene/util/OpenBitSet, get(J)Z >"	1	6	java_prim_type_int	5	java_prim_type_long
"< Application, Lorg/apache/lucene/index/ByteSliceReader, writeTo(Lorg/apache/lucene/store/IndexOutput;)J >"	25	37	java_prim_type_long	36	java_prim_type_int
"< Application, Lorg/apache/lucene/util/UnicodeUtil, UTF16toUTF8([CILorg/apache/lucene/util/UnicodeUtil$UTF8Result;)V >"	23	66	java_prim_type_byte	9	java_prim_type_int
"< Application, Lorg/apache/lucene/util/UnicodeUtil, UTF16toUTF8(Ljava/lang/String;IILorg/apache/lucene/util/UnicodeUtil$UTF8Result;)V >"	90	88	java_prim_type_byte	87	java_prim_type_int
"< Application, Lorg/apache/lucene/util/UnicodeUtil, UTF16toUTF8([CIILorg/apache/lucene/util/UnicodeUtil$UTF8Result;)V >"	74	45	java_prim_type_byte	44	java_prim_type_int
"< Application, Lorg/apache/lucene/store/IndexOutput, writeChars(Ljava/lang/String;II)V >"	32	40	java_prim_type_byte	39	java_prim_type_int
"< Application, Lorg/apache/lucene/index/SegmentInfo, write(Lorg/apache/lucene/store/IndexOutput;)V >"	16	20	java_prim_type_byte	19	java_prim_type_int
"< Application, Lorg/apache/lucene/store/BufferedIndexInput, readBytes([BIIZ)V >"	43	26	java_prim_type_long	25	java_prim_type_int
"< Application, Lorg/apache/lucene/index/LogByteSizeMergePolicy, setMaxMergeMB(D)V >"	2	7	java_prim_type_long	6	java_prim_type_double
"< Application, Lorg/apache/lucene/util/OpenBitSet, get(J)Z >"	6	9	java_prim_type_int	2	java_prim_type_long
"< Application, Lorg/apache/lucene/store/MMapDirectory$MultiMMapIndexInput, getFilePointer()J >"	1	4	java_prim_type_long	3	java_prim_type_int
"< Application, Lorg/apache/lucene/store/IndexOutput, writeChars(Ljava/lang/String;II)V >"	23	31	java_prim_type_byte	30	java_prim_type_int
"< Application, Lorg/apache/lucene/store/IndexOutput, writeChars(Ljava/lang/String;II)V >"	18	25	java_prim_type_byte	24	java_prim_type_int
"< Application, Lorg/apache/lucene/util/BitUtil, pop_array([JII)J >"	55	68	java_prim_type_long	67	java_prim_type_int
"< Application, Lorg/apache/lucene/index/DocumentsWriter, balanceRAM()V >"	164	232	java_prim_type_double	231	java_prim_type_long
"< Application, Lorg/apache/lucene/store/MMapDirectory$MultiMMapIndexInput, seek(J)V >"	1	5	java_prim_type_long	4	java_prim_type_int
"< Application, Lorg/apache/lucene/search/DefaultSimilarity, lengthNorm(Ljava/lang/String;I)F >"	0	6	java_prim_type_double	3	java_prim_type_int
"< Application, Lorg/apache/lucene/util/cache/SimpleLRUCache, <init>(I)V >"	6	12	java_prim_type_int	11	java_prim_type_double
"< Application, Lorg/apache/lucene/index/TermsHashPerField, writeVInt(II)V >"	16	19	java_prim_type_byte	18	java_prim_type_int
"< Application, Lorg/apache/lucene/index/DocumentsWriter, <init>(Lorg/apache/lucene/store/Directory;Lorg/apache/lucene/index/IndexWriter;)V >"	23	26	java_prim_type_long	25	java_prim_type_double
"< Application, Lorg/apache/lucene/util/OpenBitSet, flipAndGet(J)Z >"	1	6	java_prim_type_int	5	java_prim_type_long
"< Application, Lorg/apache/lucene/demo/html/Entities, add(Ljava/lang/String;I)V >"	2	6	java_prim_type_char	2	java_prim_type_int
"< Application, Lorg/apache/lucene/util/OpenBitSet, expandingWordNum(J)I >"	1	6	java_prim_type_int	5	java_prim_type_long
"< Application, Lorg/apache/lucene/index/CompoundFileReader$CSIndexInput, readInternal([BII)V >"	1	8	java_prim_type_long	4	java_prim_type_int
"< Application, Lorg/apache/lucene/index/DefaultSkipListReader, readSkipData(ILorg/apache/lucene/store/IndexInput;)I >"	15	22	java_prim_type_long	21	java_prim_type_int
"< Application, Lorg/apache/lucene/index/FreqProxTermsWriter, copyBytes(Lorg/apache/lucene/store/IndexInput;Lorg/apache/lucene/store/IndexOutput;J)V >"	6	12	java_prim_type_int	20	java_prim_type_long
"< Application, Lorg/apache/lucene/util/BitUtil, ntz2(J)I >"	4	8	java_prim_type_int	7	java_prim_type_long
"< Application, Lorg/apache/lucene/util/UnicodeUtil, UTF16toUTF8([CILorg/apache/lucene/util/UnicodeUtil$UTF8Result;)V >"	30	71	java_prim_type_byte	70	java_prim_type_int
"< Application, Lorg/apache/lucene/store/MMapDirectory$MultiMMapIndexInput, getFilePointer()J >"	3	6	java_prim_type_long	5	java_prim_type_int
"< Application, Lorg/apache/lucene/index/FieldInfos, write(Lorg/apache/lucene/store/IndexOutput;)V >"	9	15	java_prim_type_byte	14	java_prim_type_int
"< Application, Lorg/apache/lucene/index/FieldsReader, addFieldSize(Lorg/apache/lucene/document/Document;Lorg/apache/lucene/index/FieldInfo;ZZ)I >"	12	22	java_prim_type_byte	21	java_prim_type_int
"< Application, Lorg/apache/lucene/util/OpenBitSetDISI, <init>(I)V >"	0	4	java_prim_type_long	2	java_prim_type_int
"< Application, Lorg/apache/lucene/index/DocumentsWriter, flush(Z)I >"	117	109	java_prim_type_double	75	java_prim_type_long
"< Application, Lorg/apache/lucene/util/BitUtil, ntz(J)I >"	0	3	java_prim_type_int	1	java_prim_type_long
"< Application, Lorg/apache/lucene/util/BitUtil, pop_array([JII)J >"	122	163	java_prim_type_long	162	java_prim_type_int
"< Application, Lorg/apache/lucene/util/cache/SimpleLRUCache, <init>(I)V >"	4	9	java_prim_type_double	8	java_prim_type_float
"< Application, Lorg/apache/lucene/search/SpanQueryFilter, bitSpans(Lorg/apache/lucene/index/IndexReader;)Lorg/apache/lucene/search/SpanFilterResult; >"	2	7	java_prim_type_long	6	java_prim_type_int
"< Application, Lorg/apache/lucene/index/FieldsReader, addFieldSize(Lorg/apache/lucene/document/Document;Lorg/apache/lucene/index/FieldInfo;ZZ)I >"	9	18	java_prim_type_byte	17	java_prim_type_int
"< Application, Lorg/apache/lucene/util/SmallFloat, floatToByte52(F)B >"	10	10	java_prim_type_byte	9	java_prim_type_int
"< Application, Lorg/apache/lucene/index/ByteBlockPool, allocSlice([BI)I >"	42	47	java_prim_type_byte	18	java_prim_type_int
"< Application, Lorg/apache/lucene/util/OpenBitSet, nextSetBit(J)J >"	5	8	java_prim_type_int	2	java_prim_type_long
"< Application, Lorg/apache/lucene/util/BitUtil, pop_xor([J[JII)J >"	153	192	java_prim_type_long	191	java_prim_type_int
"< Application, Lorg/apache/lucene/index/MultiLevelSkipListReader$SkipBuffer, getFilePointer()J >"	2	5	java_prim_type_long	4	java_prim_type_int
"< Application, Lorg/apache/lucene/util/BitUtil, pop_intersect([J[JII)J >"	163	205	java_prim_type_long	204	java_prim_type_int
"< Application, Lorg/apache/lucene/util/UnicodeUtil, UTF16toUTF8(Ljava/lang/String;IILorg/apache/lucene/util/UnicodeUtil$UTF8Result;)V >"	55	55	java_prim_type_byte	54	java_prim_type_int
"< Application, Lorg/apache/lucene/index/LogMergePolicy, findMerges(Lorg/apache/lucene/index/SegmentInfos;Lorg/apache/lucene/index/IndexWriter;)Lorg/apache/lucene/index/MergePolicy$MergeSpecification; >"	36	51	java_prim_type_double	25	java_prim_type_float
"< Application, Lorg/apache/lucene/util/OpenBitSet, fastClear(J)V >"	1	6	java_prim_type_int	5	java_prim_type_long
"< Application, Lorg/apache/lucene/index/CheckIndex, checkIndex(Ljava/util/List;)Lorg/apache/lucene/index/CheckIndex$Status; >"	183	232	java_prim_type_double	231	java_prim_type_long
"< Application, Lorg/apache/lucene/index/CheckIndex, checkIndex(Ljava/util/List;)Lorg/apache/lucene/index/CheckIndex$Status; >"	426	513	java_prim_type_long	512	java_prim_type_int
"< Application, Lorg/apache/lucene/index/LogByteSizeMergePolicy, getMaxMergeMB()D >"	1	4	java_prim_type_double	3	java_prim_type_long
"< Application, Lorg/apache/lucene/store/RAMInputStream, getFilePointer()J >"	5	7	java_prim_type_long	6	java_prim_type_int
"< Application, Lorg/apache/lucene/util/SortedVIntList$SortedVIntListBuilder, addInt(I)V >"	29	36	java_prim_type_byte	35	java_prim_type_int
"< Application, Lorg/apache/lucene/index/MultiLevelSkipListWriter, <init>(III)V >"	10	17	java_prim_type_int	16	java_prim_type_double
"< Application, Lorg/apache/lucene/index/IntBlockPool, nextBuffer()V >"	7	10	java_prim_type_double	9	java_prim_type_int
"< Application, Lorg/apache/lucene/store/IndexOutput, writeVLong(J)V >"	6	13	java_prim_type_int	12	java_prim_type_long
"< Application, Lorg/apache/lucene/util/UnicodeUtil, UTF8toUTF16([BIILorg/apache/lucene/util/UnicodeUtil$UTF16Result;)V >"	94	88	java_prim_type_long	87	java_prim_type_int
"< Application, Lorg/apache/lucene/index/FieldInfos, write(Lorg/apache/lucene/store/IndexOutput;)V >"	19	25	java_prim_type_byte	24	java_prim_type_int
"< Application, Lorg/apache/lucene/index/CheckIndex, checkIndex(Ljava/util/List;)Lorg/apache/lucene/index/CheckIndex$Status; >"	190	244	java_prim_type_double	243	java_prim_type_long
"< Application, Lorg/apache/lucene/store/IndexOutput, writeChars([CII)V >"	18	24	java_prim_type_byte	23	java_prim_type_int
"< Application, Lorg/apache/lucene/util/OpenBitSet, nextSetBit(J)J >"	12	32	java_prim_type_long	6	java_prim_type_int
"< Application, Lorg/apache/lucene/util/OpenBitSet, clear(JJ)V >"	11	16	java_prim_type_int	2	java_prim_type_long
"< Application, Lorg/apache/lucene/index/TermVectorsWriter, addAllDocVectors([Lorg/apache/lucene/index/TermFreqVector;)V >"	52	57	java_prim_type_byte	56	java_prim_type_int
"< Application, Lorg/apache/lucene/index/MultiLevelSkipListReader, loadSkipLevels()V >"	4	6	java_prim_type_double	5	java_prim_type_int
"< Application, Lorg/apache/lucene/util/BitUtil, pop_xor([J[JII)J >"	163	205	java_prim_type_long	204	java_prim_type_int
"< Application, Lorg/apache/lucene/index/FieldsReader, addFieldSize(Lorg/apache/lucene/document/Document;Lorg/apache/lucene/index/FieldInfo;ZZ)I >"	17	27	java_prim_type_byte	13	java_prim_type_int
"< Application, Lorg/apache/lucene/store/IndexOutput, writeInt(I)V >"	7	14	java_prim_type_byte	13	java_prim_type_int
"< Application, Lorg/apache/lucene/index/TermVectorsReader, seekTvx(I)V >"	13	9	java_prim_type_long	8	java_prim_type_int
"< Application, Lorg/apache/lucene/index/CheckIndex, checkIndex(Ljava/util/List;)Lorg/apache/lucene/index/CheckIndex$Status; >"	567	782	java_prim_type_float	770	java_prim_type_int
"< Application, Lorg/apache/lucene/index/DocumentsWriter, flush(Z)I >"	108	94	java_prim_type_double	93	java_prim_type_int
"< Application, Lorg/apache/lucene/index/SegmentMerger, mergeFields()I >"	150	175	java_prim_type_double	174	java_prim_type_int
"< Application, Lorg/apache/lucene/index/DocumentsWriter, setRAMBufferSizeMB(D)V >"	21	23	java_prim_type_double	22	java_prim_type_long
"< Application, Lorg/apache/lucene/search/RangeFilter, getDocIdSet(Lorg/apache/lucene/index/IndexReader;)Lorg/apache/lucene/search/DocIdSet; >"	67	107	java_prim_type_long	106	java_prim_type_int
"< Application, Lorg/apache/lucene/store/BufferedIndexOutput, writeBytes([BII)V >"	20	29	java_prim_type_long	4	java_prim_type_int
"< Application, Lorg/apache/lucene/search/function/OrdFieldSource$1, floatVal(I)F >"	2	6	java_prim_type_float	5	java_prim_type_int
"< Application, Lorg/apache/lucene/store/LockStressTest, main([Ljava/lang/String;)V >"	74	99	java_prim_type_byte	13	java_prim_type_int
"< Application, Lorg/apache/lucene/store/IndexOutput, writeVLong(J)V >"	7	14	java_prim_type_byte	13	java_prim_type_int
"< Application, Lorg/apache/lucene/index/TermInfosReader, get(Lorg/apache/lucene/index/Term;Z)Lorg/apache/lucene/index/TermInfo; >"	26	33	java_prim_type_long	32	java_prim_type_int
"< Application, Lorg/apache/lucene/store/BufferedIndexInput, getFilePointer()J >"	2	5	java_prim_type_long	4	java_prim_type_int
"< Application, Lorg/apache/lucene/store/MMapDirectory$MultiMMapIndexInput, <init>(Ljava/io/RandomAccessFile;I)V >"	28	15	java_prim_type_long	3	java_prim_type_int
"< Application, Lorg/apache/lucene/util/BitVector, set(I)V >"	11	14	java_prim_type_byte	13	java_prim_type_int
"< Application, Lorg/apache/lucene/util/UnicodeUtil, UTF16toUTF8(Ljava/lang/String;IILorg/apache/lucene/util/UnicodeUtil$UTF8Result;)V >"	31	33	java_prim_type_byte	32	java_prim_type_int
"< Application, Lorg/apache/lucene/index/TermInfosReader, get(I)Lorg/apache/lucene/index/Term; >"	16	20	java_prim_type_long	19	java_prim_type_int
"< Application, Lorg/apache/lucene/index/TermVectorsTermsWriterPerField, finish()V >"	55	38	java_prim_type_byte	37	java_prim_type_int
"< Application, Lorg/apache/lucene/util/SortedVIntList$SortedVIntListBuilder, addInt(I)V >"	37	46	java_prim_type_byte	39	java_prim_type_int
"< Application, Lorg/apache/lucene/search/FuzzyQuery, hashCode()I >"	2	7	java_prim_type_float	6	java_prim_type_int
"< Application, Lorg/apache/lucene/store/IndexOutput, writeChars(Ljava/lang/String;II)V >"	14	20	java_prim_type_byte	19	java_prim_type_int
"< Application, Lorg/apache/lucene/store/RAMOutputStream, sizeInBytes()J >"	3	8	java_prim_type_long	7	java_prim_type_int
"< Application, Lorg/apache/lucene/index/TermVectorsReader, <init>(Lorg/apache/lucene/store/Directory;Ljava/lang/String;Lorg/apache/lucene/index/FieldInfos;III)V >"	70	108	java_prim_type_int	107	java_prim_type_long
"< Application, Lorg/apache/lucene/util/BitUtil, pop_andnot([J[JII)J >"	86	101	java_prim_type_long	100	java_prim_type_int
"< Application, Lorg/apache/lucene/index/LogMergePolicy, findMerges(Lorg/apache/lucene/index/SegmentInfos;Lorg/apache/lucene/index/IndexWriter;)Lorg/apache/lucene/index/MergePolicy$MergeSpecification; >"	11	22	java_prim_type_double	21	java_prim_type_int
"< Application, Lorg/apache/lucene/store/IndexOutput, writeVInt(I)V >"	5	11	java_prim_type_byte	10	java_prim_type_int
"< Application, Lorg/apache/lucene/index/ByteSliceWriter, writeVInt(I)V >"	9	16	java_prim_type_byte	15	java_prim_type_int
"< Application, Lorg/apache/lucene/index/CheckIndex, checkIndex(Ljava/util/List;)Lorg/apache/lucene/index/CheckIndex$Status; >"	538	743	java_prim_type_float	708	java_prim_type_int
"< Application, Lorg/apache/lucene/index/LogByteSizeMergePolicy, getMinMergeMB()D >"	1	4	java_prim_type_double	3	java_prim_type_long
"< Application, Lorg/apache/lucene/index/LogDocMergePolicy, setMinMergeDocs(I)V >"	0	4	java_prim_type_long	2	java_prim_type_int
"< Application, Lorg/apache/lucene/util/OpenBitSetDISI, inPlaceOr(Lorg/apache/lucene/search/DocIdSetIterator;)V >"	3	9	java_prim_type_long	8	java_prim_type_int
"< Application, Lorg/apache/lucene/index/TermInfosWriter, writeTerm(I[BI)V >"	28	30	java_prim_type_int	29	java_prim_type_double
"< Application, Lorg/apache/lucene/util/UnicodeUtil, UTF16toUTF8([CIILorg/apache/lucene/util/UnicodeUtil$UTF8Result;)V >"	45	82	java_prim_type_byte	81	java_prim_type_int
"< Application, Lorg/apache/lucene/util/OpenBitSet, nextSetBit(J)J >"	30	30	java_prim_type_long	29	java_prim_type_int
"< Application, Lorg/apache/lucene/index/ByteBlockPool, allocSlice([BI)I >"	40	46	java_prim_type_byte	45	java_prim_type_int
"< Application, Lorg/apache/lucene/util/BitVector, getAndSet(I)Z >"	15	17	java_prim_type_byte	16	java_prim_type_int
"< Application, Lorg/apache/lucene/index/FreqProxTermsWriter, appendPostings(Lorg/apache/lucene/index/DocumentsWriter$FlushState;[Lorg/apache/lucene/index/FreqProxTermsWriterPerField;Lorg/apache/lucene/index/TermInfosWriter;Lorg/apache/lucene/store/IndexOutput;Lorg/apache/lucene/store/IndexOutput;Lorg/apache/lucene/index/DefaultSkipListWriter;)V >"	137	102	java_prim_type_long	94	java_prim_type_int
"< Application, Lorg/apache/lucene/index/SegmentMerger, mergeNorms()V >"	56	60	java_prim_type_double	42	java_prim_type_int
"< Application, Lorg/apache/lucene/search/function/DocValues, doubleVal(I)D >"	1	6	java_prim_type_double	5	java_prim_type_float
"< Application, Lorg/apache/lucene/util/OpenBitSet, set(JJ)V >"	7	15	java_prim_type_int	2	java_prim_type_long
"< Application, Lorg/apache/lucene/index/SegmentMerger, mergeFields()I >"	180	217	java_prim_type_long	193	java_prim_type_int
"< Application, Lorg/apache/lucene/index/CompoundFileWriter, copyFile(Lorg/apache/lucene/index/CompoundFileWriter$FileEntry;Lorg/apache/lucene/store/IndexOutput;[B)V >"	9	19	java_prim_type_long	15	java_prim_type_int
"< Application, Lorg/apache/lucene/store/BufferedIndexInput, setBufferSize(I)V >"	46	24	java_prim_type_long	23	java_prim_type_int
"< Application, Lorg/apache/lucene/index/MultiLevelSkipListWriter, <init>(III)V >"	6	11	java_prim_type_double	2	java_prim_type_int
"< Application, Lorg/apache/lucene/search/RangeFilter, getDocIdSet(Lorg/apache/lucene/index/IndexReader;)Lorg/apache/lucene/search/DocIdSet; >"	2	7	java_prim_type_long	6	java_prim_type_int
"< Application, Lorg/apache/lucene/search/DefaultSimilarity, lengthNorm(Ljava/lang/String;I)F >"	3	10	java_prim_type_float	9	java_prim_type_double
"< Application, Lorg/apache/lucene/store/MMapDirectory$MultiMMapIndexInput, <init>(Ljava/io/RandomAccessFile;I)V >"	53	36	java_prim_type_int	35	java_prim_type_long
"< Application, Lorg/apache/lucene/index/DocumentsWriter, setRAMBufferSizeMB(D)V >"	18	20	java_prim_type_long	19	java_prim_type_double
"< Application, Lorg/apache/lucene/index/SegmentInfo, write(Lorg/apache/lucene/store/IndexOutput;)V >"	48	45	java_prim_type_byte	44	java_prim_type_int
"< Application, Lorg/apache/lucene/util/UnicodeUtil, UTF16toUTF8([CILorg/apache/lucene/util/UnicodeUtil$UTF8Result;)V >"	35	75	java_prim_type_byte	74	java_prim_type_int
"< Application, Lorg/apache/lucene/store/NIOFSDirectory$NIOFSIndexInput, readInternal([BII)V >"	41	39	java_prim_type_long	37	java_prim_type_int
"< Application, Lorg/apache/lucene/index/DefaultSkipListReader, readSkipData(ILorg/apache/lucene/store/IndexInput;)I >"	21	28	java_prim_type_long	27	java_prim_type_int
"< Application, Lorg/apache/lucene/search/function/DocValues, compute()V >"	18	18	java_prim_type_float	4	java_prim_type_int
"< Application, Lorg/apache/lucene/index/CompoundFileWriter, copyFile(Lorg/apache/lucene/index/CompoundFileWriter$FileEntry;Lorg/apache/lucene/store/IndexOutput;[B)V >"	11	22	java_prim_type_int	21	java_prim_type_long
"< Application, Lorg/apache/lucene/index/SegmentTermDocs, seek(Lorg/apache/lucene/index/TermInfo;Lorg/apache/lucene/index/Term;)V >"	27	21	java_prim_type_long	20	java_prim_type_int
"< Application, Lorg/apache/lucene/index/IndexReader, main([Ljava/lang/String;)V >"	55	71	java_prim_type_int	70	java_prim_type_long
"< Application, Lorg/apache/lucene/util/UnicodeUtil, UTF16toUTF8([CIILorg/apache/lucene/util/UnicodeUtil$UTF8Result;)V >"	80	52	java_prim_type_byte	51	java_prim_type_int
"< Application, Lorg/apache/lucene/index/TermVectorsTermsWriter, closeDocStore(Lorg/apache/lucene/index/DocumentsWriter$FlushState;)V >"	22	23	java_prim_type_long	22	java_prim_type_int
"< Application, Lorg/apache/lucene/util/OpenBitSet, getBit(I)I >"	5	11	java_prim_type_int	10	java_prim_type_long
"< Application, Lorg/apache/lucene/index/LogDocMergePolicy, size(Lorg/apache/lucene/index/SegmentInfo;)J >"	1	5	java_prim_type_long	4	java_prim_type_int
"< Application, Lorg/apache/lucene/analysis/PorterStemmer, main([Ljava/lang/String;)V >"	37	43	java_prim_type_char	25	java_prim_type_int
"< Application, Lorg/apache/lucene/index/DocumentsWriter, balanceRAM()V >"	148	209	java_prim_type_double	208	java_prim_type_long
"< Application, Lorg/apache/lucene/store/IndexOutput, copyBytes(Lorg/apache/lucene/store/IndexInput;J)V >"	20	22	java_prim_type_long	17	java_prim_type_int
"< Application, Lorg/apache/lucene/search/QueryWrapperFilter$2, collect(IF)V >"	1	6	java_prim_type_long	2	java_prim_type_int
"< Application, Lorg/apache/lucene/util/OpenBitSet, nextSetBit(J)J >"	16	37	java_prim_type_long	36	java_prim_type_int
"< Application, Lorg/apache/lucene/search/Similarity, <clinit>()V >"	8	8	java_prim_type_byte	13	java_prim_type_int
"< Application, Lorg/apache/lucene/store/IndexOutput, writeChars([CII)V >"	14	19	java_prim_type_byte	18	java_prim_type_int
"< Application, Lorg/apache/lucene/store/BufferedIndexInput, refill()V >"	13	18	java_prim_type_int	17	java_prim_type_long
"< Application, Lorg/apache/lucene/util/OpenBitSet, flip(JJ)V >"	5	10	java_prim_type_int	9	java_prim_type_long
"< Application, Lorg/apache/lucene/analysis/PorterStemmer, main([Ljava/lang/String;)V >"	22	26	java_prim_type_char	25	java_prim_type_int
"< Application, Lorg/apache/lucene/search/function/ShortFieldSource$1, floatVal(I)F >"	2	6	java_prim_type_float	5	java_prim_type_int
"< Application, Lorg/apache/lucene/search/DefaultSimilarity, queryNorm(F)F >"	3	9	java_prim_type_float	8	java_prim_type_double
"< Application, Lorg/apache/lucene/index/DocumentsWriter, setRAMBufferSizeMB(D)V >"	16	17	java_prim_type_double	16	java_prim_type_long
"< Application, Lorg/apache/lucene/index/TermVectorsReader, readTermVector(Ljava/lang/String;JLorg/apache/lucene/index/TermVectorMapper;)V >"	42	47	java_prim_type_double	44	java_prim_type_int
"< Application, Lorg/apache/lucene/util/UnicodeUtil, UTF16toUTF8([CIILorg/apache/lucene/util/UnicodeUtil$UTF8Result;)V >"	56	91	java_prim_type_byte	90	java_prim_type_int
"< Application, Lorg/apache/lucene/util/BitUtil, pop_andnot([J[JII)J >"	158	188	java_prim_type_long	187	java_prim_type_int
"< Application, Lorg/apache/lucene/util/BitUtil, pop_array([JII)J >"	86	103	java_prim_type_long	102	java_prim_type_int
"< Application, Lorg/apache/lucene/util/UnicodeUtil, UTF8toUTF16([BIILorg/apache/lucene/util/UnicodeUtil$UTF16Result;)V >"	108	102	java_prim_type_long	94	java_prim_type_int
"< Application, Lorg/apache/lucene/index/FieldInfos, write(Lorg/apache/lucene/store/IndexOutput;)V >"	29	35	java_prim_type_byte	34	java_prim_type_int
"< Application, Lorg/apache/lucene/index/TermInfosReader, get(Lorg/apache/lucene/index/Term;Z)Lorg/apache/lucene/index/TermInfo; >"	28	35	java_prim_type_int	34	java_prim_type_long
"< Application, Lorg/apache/lucene/index/FieldsReader, <init>(Lorg/apache/lucene/store/Directory;Ljava/lang/String;Lorg/apache/lucene/index/FieldInfos;III)V >"	86	71	java_prim_type_int	70	java_prim_type_long
"< Application, Lorg/apache/lucene/util/UnicodeUtil, UTF16toUTF8([CIILorg/apache/lucene/util/UnicodeUtil$UTF8Result;)V >"	25	68	java_prim_type_byte	11	java_prim_type_int
"< Application, Lorg/apache/lucene/search/FuzzyTermEnum, calculateMaxDistance(I)I >"	8	16	java_prim_type_float	15	java_prim_type_int
"< Application, Lorg/apache/lucene/util/BitUtil, pop_xor([J[JII)J >"	78	92	java_prim_type_long	91	java_prim_type_int
"< Application, Lorg/apache/lucene/util/UnicodeUtil, UTF8toUTF16([BIILorg/apache/lucene/util/UnicodeUtil$UTF16Result;)V >"	98	92	java_prim_type_char	87	java_prim_type_int
"< Application, Lorg/apache/lucene/util/BitUtil, pop_union([J[JII)J >"	78	92	java_prim_type_long	91	java_prim_type_int
"< Application, Lorg/apache/lucene/index/SegmentInfo, <init>(Ljava/lang/String;ILorg/apache/lucene/store/Directory;ZZILjava/lang/String;ZZ)V >"	4	17	java_prim_type_byte	16	java_prim_type_int
"< Application, Lorg/apache/lucene/index/DocumentsWriter, getRAMBufferSizeMB()D >"	7	8	java_prim_type_double	7	java_prim_type_long
"< Application, Lorg/apache/lucene/store/IndexOutput, copyBytes(Lorg/apache/lucene/store/IndexInput;J)V >"	9	13	java_prim_type_long	12	java_prim_type_int
"< Application, Lorg/apache/lucene/index/DocumentsWriter, setRAMBufferSizeMB(D)V >"	13	15	java_prim_type_long	14	java_prim_type_double
"< Application, Lorg/apache/lucene/util/OpenBitSet, flip(JJ)V >"	8	16	java_prim_type_int	2	java_prim_type_long
"< Application, Lorg/apache/lucene/util/UnicodeUtil, UTF8toUTF16([BIILorg/apache/lucene/util/UnicodeUtil$UTF16Result;)V >"	112	108	java_prim_type_char	107	java_prim_type_int
"< Application, Lorg/apache/lucene/store/BufferedIndexInput, refill()V >"	5	8	java_prim_type_long	7	java_prim_type_int
"< Application, Lorg/apache/lucene/index/FieldInfos, write(Lorg/apache/lucene/store/IndexOutput;)V >"	34	40	java_prim_type_byte	39	java_prim_type_int
"< Application, Lorg/apache/lucene/util/BitUtil, pop_union([J[JII)J >"	144	173	java_prim_type_long	172	java_prim_type_int
"< Application, Lorg/apache/lucene/util/UnicodeUtil$UTF16Result, setLength(I)V >"	5	9	java_prim_type_int	8	java_prim_type_double
"< Application, Lorg/apache/lucene/store/IndexOutput, writeChars([CII)V >"	23	30	java_prim_type_byte	29	java_prim_type_int
"< Application, Lorg/apache/lucene/util/OpenBitSet, fastSet(J)V >"	1	6	java_prim_type_int	5	java_prim_type_long
"< Application, Lorg/apache/lucene/util/OpenBitSet, capacity()J >"	3	7	java_prim_type_long	6	java_prim_type_int
"< Application, Lorg/apache/lucene/store/IndexInput, readLong()J >"	1	5	java_prim_type_long	4	java_prim_type_int
"< Application, Lorg/apache/lucene/store/IndexOutput, writeChars([CII)V >"	32	39	java_prim_type_byte	38	java_prim_type_int
"< Application, Lorg/apache/lucene/search/DefaultSimilarity, idf(II)F >"	2	8	java_prim_type_double	7	java_prim_type_int
"< Application, Lorg/apache/lucene/store/MMapDirectory$MultiMMapIndexInput, seek(J)V >"	3	7	java_prim_type_int	6	java_prim_type_long
"< Application, Lorg/apache/lucene/search/DefaultSimilarity, coord(II)F >"	1	6	java_prim_type_float	3	java_prim_type_int
"< Application, Lorg/apache/lucene/index/MultiLevelSkipListReader, loadSkipLevels()V >"	43	44	java_prim_type_int	34	java_prim_type_long
"< Application, Lorg/apache/lucene/util/OpenBitSetDISI, inPlaceXor(Lorg/apache/lucene/search/DocIdSetIterator;)V >"	3	9	java_prim_type_long	8	java_prim_type_int
"< Application, Lorg/apache/lucene/index/StoredFieldsWriter, closeDocStore(Lorg/apache/lucene/index/DocumentsWriter$FlushState;)V >"	60	80	java_prim_type_long	79	java_prim_type_int
"< Application, Lorg/apache/lucene/util/BitUtil, pop_intersect([J[JII)J >"	120	138	java_prim_type_long	137	java_prim_type_int
"< Application, Lorg/apache/lucene/util/OpenBitSet, flip(JJ)V >"	11	19	java_prim_type_int	18	java_prim_type_long
"< Application, Lorg/dacapo/harness/TestHarness, coeff_of_var([J)D >"	6	9	java_prim_type_double	8	java_prim_type_long
"< Application, Lorg/apache/lucene/util/BitUtil, pop_intersect([J[JII)J >"	78	92	java_prim_type_long	91	java_prim_type_int
"< Application, Lorg/apache/lucene/util/OpenBitSet, fastFlip(J)V >"	2	7	java_prim_type_int	2	java_prim_type_long
"< Application, Lorg/apache/lucene/util/UnicodeUtil, UTF16toUTF8([CILorg/apache/lucene/util/UnicodeUtil$UTF8Result;)V >"	73	43	java_prim_type_byte	42	java_prim_type_int
"< Application, Lorg/apache/lucene/util/OpenBitSet, hashCode()I >"	14	22	java_prim_type_int	21	java_prim_type_long
"< Application, Lorg/apache/lucene/index/DocumentsWriter, setRAMBufferSizeMB(D)V >"	26	28	java_prim_type_double	27	java_prim_type_long
"< Application, Lorg/apache/lucene/queryParser/QueryParser, discardEscapeChar(Ljava/lang/String;)Ljava/lang/String; >"	13	20	java_prim_type_char	15	java_prim_type_int
"< Application, Lorg/apache/lucene/index/IntBlockPool, nextBuffer()V >"	9	13	java_prim_type_int	12	java_prim_type_double
"< Application, Lorg/apache/lucene/search/PrefixFilter$2, handleDoc(I)V >"	1	5	java_prim_type_long	2	java_prim_type_int
"< Application, Lorg/apache/lucene/store/IndexOutput, writeChars([CII)V >"	6	10	java_prim_type_byte	7	java_prim_type_int
"< Application, Lorg/apache/lucene/index/LogMergePolicy, findMerges(Lorg/apache/lucene/index/SegmentInfos;Lorg/apache/lucene/index/IndexWriter;)Lorg/apache/lucene/index/MergePolicy$MergeSpecification; >"	55	66	java_prim_type_double	63	java_prim_type_float
"< Application, Lorg/apache/lucene/index/TermInfosReader, get(I)Lorg/apache/lucene/index/Term; >"	9	14	java_prim_type_long	2	java_prim_type_int
"< Application, Lorg/apache/lucene/index/LogMergePolicy, findMerges(Lorg/apache/lucene/index/SegmentInfos;Lorg/apache/lucene/index/IndexWriter;)Lorg/apache/lucene/index/MergePolicy$MergeSpecification; >"	57	69	java_prim_type_float	68	java_prim_type_double
"< Application, Lorg/apache/lucene/store/MMapDirectory$MMapIndexInput, getFilePointer()J >"	2	6	java_prim_type_long	5	java_prim_type_int
"< Application, Lorg/apache/lucene/store/IndexInput, readString()Ljava/lang/String; >"	12	14	java_prim_type_int	13	java_prim_type_double
"< Application, Lorg/apache/lucene/index/LogMergePolicy, findMerges(Lorg/apache/lucene/index/SegmentInfos;Lorg/apache/lucene/index/IndexWriter;)Lorg/apache/lucene/index/MergePolicy$MergeSpecification; >"	24	39	java_prim_type_float	38	java_prim_type_double
"< Application, Lorg/apache/lucene/index/DocumentsWriter, balanceRAM()V >"	183	19	java_prim_type_double	18	java_prim_type_long
"< Application, Lorg/apache/lucene/store/IndexOutput, writeInt(I)V >"	1	6	java_prim_type_byte	5	java_prim_type_int
"< Application, Lorg/apache/lucene/index/LogDocMergePolicy, getMinMergeDocs()I >"	1	4	java_prim_type_int	3	java_prim_type_long
"< Application, Lorg/apache/lucene/util/BitUtil, pop_union([J[JII)J >"	163	205	java_prim_type_long	204	java_prim_type_int
"< Application, Lorg/apache/lucene/index/TermsHash, getPostings([Lorg/apache/lucene/index/RawPostingList;)V >"	110	67	java_prim_type_long	66	java_prim_type_int
"< Application, Lorg/apache/lucene/index/DocumentsWriter, <init>(Lorg/apache/lucene/store/Directory;Lorg/apache/lucene/index/IndexWriter;)V >"	16	18	java_prim_type_double	17	java_prim_type_long
"< Application, Lorg/apache/lucene/index/ByteBlockPool, allocSlice([BI)I >"	36	42	java_prim_type_byte	41	java_prim_type_int
"< Application, Lorg/apache/lucene/index/FieldsReader, addFieldLazy(Lorg/apache/lucene/document/Document;Lorg/apache/lucene/index/FieldInfo;ZZZ)V >"	35	44	java_prim_type_long	36	java_prim_type_int
"< Application, Lorg/apache/lucene/util/BitUtil, pop_andnot([J[JII)J >"	168	208	java_prim_type_long	207	java_prim_type_int
"< Application, Lorg/apache/lucene/store/BufferedIndexInput, readBytes([BIIZ)V >"	45	28	java_prim_type_long	22	java_prim_type_int
"< Application, Lorg/apache/lucene/index/TermVectorsReader, readTermVector(Ljava/lang/String;JLorg/apache/lucene/index/TermVectorMapper;)V >"	57	60	java_prim_type_int	59	java_prim_type_double
"< Application, Lorg/apache/lucene/store/RAMInputStream, seek(J)V >"	10	14	java_prim_type_int	13	java_prim_type_long
"< Application, Lorg/apache/lucene/util/BitUtil, ntz3(J)I >"	4	9	java_prim_type_int	8	java_prim_type_long
"< Application, Lorg/apache/lucene/index/DocumentsWriter, flush(Z)I >"	120	112	java_prim_type_double	111	java_prim_type_long
"< Application, Lorg/apache/lucene/store/BufferedIndexOutput, getFilePointer()J >"	2	5	java_prim_type_long	4	java_prim_type_int
"< Application, Lorg/apache/lucene/util/UnicodeUtil, UTF16toUTF8([CILorg/apache/lucene/util/UnicodeUtil$UTF8Result;)V >"	79	50	java_prim_type_byte	49	java_prim_type_int
"< Application, Lorg/apache/lucene/index/SegmentInfo, write(Lorg/apache/lucene/store/IndexOutput;)V >"	22	24	java_prim_type_byte	23	java_prim_type_int
"< Application, Lorg/apache/lucene/search/function/ReverseOrdFieldSource$1, floatVal(I)F >"	4	8	java_prim_type_float	7	java_prim_type_int
"< Application, Lorg/apache/lucene/index/CharBlockPool, nextBuffer()V >"	9	13	java_prim_type_int	12	java_prim_type_double
"< Application, Lorg/apache/lucene/search/payloads/BoostingTermQuery$BoostingTermWeight$BoostingSpanScorer, explain(I)Lorg/apache/lucene/search/Explanation; >"	11	17	java_prim_type_float	16	java_prim_type_int
"< Application, Lorg/apache/lucene/search/DefaultSimilarity, tf(F)F >"	0	4	java_prim_type_double	2	java_prim_type_float
"< Application, Lorg/dacapo/harness/TestHarness, coeff_of_var([J)D >"	1	4	java_prim_type_double	3	java_prim_type_int
"< Application, Lorg/apache/lucene/util/UnicodeUtil, UTF16toUTF8([CILorg/apache/lucene/util/UnicodeUtil$UTF8Result;)V >"	51	85	java_prim_type_byte	84	java_prim_type_int
"< Application, Lorg/apache/lucene/util/UnicodeUtil, UTF16toUTF8(Ljava/lang/String;IILorg/apache/lucene/util/UnicodeUtil$UTF8Result;)V >"	79	79	java_prim_type_byte	78	java_prim_type_int
"< Application, Lorg/apache/lucene/util/OpenBitSet, fastGet(J)Z >"	1	6	java_prim_type_int	5	java_prim_type_long
"< Application, Lorg/apache/lucene/search/FilterManager$FilterCleaner, run()V >"	26	32	java_prim_type_double	31	java_prim_type_int
"< Application, Lorg/apache/lucene/index/TermInfosReader, scanEnum(Lorg/apache/lucene/index/SegmentTermEnum;I)Lorg/apache/lucene/index/Term; >"	1	6	java_prim_type_long	3	java_prim_type_int
"< Application, Lorg/apache/lucene/store/RAMOutputStream, seek(J)V >"	15	18	java_prim_type_int	17	java_prim_type_long
"< Application, Lorg/apache/lucene/util/SmallFloat, floatToByte(FII)B >"	14	16	java_prim_type_byte	15	java_prim_type_int
"< Application, Lorg/apache/lucene/index/SegmentInfos$FindSegmentsFile, run()Ljava/lang/Object; >"	69	76	java_prim_type_long	75	java_prim_type_int
"< Application, Lorg/apache/lucene/util/BitUtil, pop_union([J[JII)J >"	120	138	java_prim_type_long	137	java_prim_type_int
"< Application, Lorg/apache/lucene/store/MMapDirectory$MultiMMapIndexInput, <init>(Ljava/io/RandomAccessFile;I)V >"	46	31	java_prim_type_long	3	java_prim_type_int
"< Application, Lorg/apache/lucene/util/OpenBitSet, flipAndGet(J)Z >"	2	7	java_prim_type_int	2	java_prim_type_long
"< Application, Lorg/apache/lucene/store/IndexOutput, writeVInt(I)V >"	9	16	java_prim_type_byte	15	java_prim_type_int
"< Application, Lorg/apache/lucene/index/TermVectorsReader, readTermVector(Ljava/lang/String;JLorg/apache/lucene/index/TermVectorMapper;)V >"	44	49	java_prim_type_int	48	java_prim_type_double
"< Application, Lorg/apache/lucene/util/OpenBitSetDISI, <init>(Lorg/apache/lucene/search/DocIdSetIterator;I)V >"	0	5	java_prim_type_long	3	java_prim_type_int
"< Application, Lorg/apache/lucene/util/OpenBitSetIterator, shift()V >"	1	4	java_prim_type_int	3	java_prim_type_long
"< Application, Lorg/apache/lucene/search/payloads/BoostingTermQuery$BoostingTermWeight$BoostingSpanScorer, score()F >"	5	10	java_prim_type_float	9	java_prim_type_int
"< Application, Lorg/apache/lucene/index/TermVectorsReader, <init>(Lorg/apache/lucene/store/Directory;Ljava/lang/String;Lorg/apache/lucene/index/FieldInfos;III)V >"	87	92	java_prim_type_int	91	java_prim_type_long
"< Application, Lorg/apache/lucene/index/FreqProxTermsWriter, appendPostings(Lorg/apache/lucene/index/DocumentsWriter$FlushState;[Lorg/apache/lucene/index/FreqProxTermsWriterPerField;Lorg/apache/lucene/index/TermInfosWriter;Lorg/apache/lucene/store/IndexOutput;Lorg/apache/lucene/store/IndexOutput;Lorg/apache/lucene/index/DefaultSkipListWriter;)V >"	213	170	java_prim_type_int	169	java_prim_type_long
"< Application, Lorg/apache/lucene/index/MultiLevelSkipListReader, loadSkipLevels()V >"	61	60	java_prim_type_int	34	java_prim_type_long
"< Application, Lorg/apache/lucene/index/SegmentTermPositions, skipPayload()V >"	8	11	java_prim_type_long	10	java_prim_type_int
"< Application, Lorg/apache/lucene/index/SegmentTermEnum, seek(JILorg/apache/lucene/index/Term;Lorg/apache/lucene/index/TermInfo;)V >"	2	9	java_prim_type_long	3	java_prim_type_int
"< Application, Lorg/apache/lucene/index/TermsHashPerField, writeVInt(II)V >"	12	14	java_prim_type_byte	13	java_prim_type_int
"< Application, Lorg/apache/lucene/util/UnicodeUtil, UTF16toUTF8([CIILorg/apache/lucene/util/UnicodeUtil$UTF8Result;)V >"	32	73	java_prim_type_byte	72	java_prim_type_int
"< Application, Lorg/apache/lucene/search/FuzzyTermEnum, similarity(Ljava/lang/String;)F >"	8	112	java_prim_type_float	5	java_prim_type_int
"< Application, Lorg/apache/lucene/index/FieldsReader, addFieldSize(Lorg/apache/lucene/document/Document;Lorg/apache/lucene/index/FieldInfo;ZZ)I >"	15	25	java_prim_type_byte	24	java_prim_type_int
"< Application, Lorg/apache/lucene/search/FilterManager$FilterCleaner, run()V >"	28	35	java_prim_type_int	34	java_prim_type_double
"< Application, Lorg/apache/lucene/store/RAMInputStream, switchCurrentBuffer(Z)V >"	20	16	java_prim_type_long	15	java_prim_type_int
"< Application, Lorg/apache/lucene/index/FieldInfos, write(Lorg/apache/lucene/store/IndexOutput;)V >"	39	45	java_prim_type_byte	44	java_prim_type_int
"< Application, Lorg/apache/lucene/util/UnicodeUtil, UTF16toUTF8([CILorg/apache/lucene/util/UnicodeUtil$UTF8Result;)V >"	85	56	java_prim_type_byte	55	java_prim_type_int
"< Application, Lorg/apache/lucene/util/OpenBitSet, fastClear(J)V >"	2	7	java_prim_type_int	2	java_prim_type_long
"< Application, Lorg/apache/lucene/index/CheckIndex, checkIndex(Ljava/util/List;)Lorg/apache/lucene/index/CheckIndex$Status; >"	537	742	java_prim_type_float	709	java_prim_type_long
"< Application, Lorg/apache/lucene/store/RAMOutputStream, getFilePointer()J >"	5	7	java_prim_type_long	6	java_prim_type_int
"< Application, Lorg/apache/lucene/store/RAMOutputStream, writeTo(Lorg/apache/lucene/store/IndexOutput;)V >"	6	11	java_prim_type_long	10	java_prim_type_int
"< Application, Lorg/apache/lucene/store/RAMOutputStream, seek(J)V >"	11	15	java_prim_type_int	14	java_prim_type_long
"< Application, Lorg/apache/lucene/index/MultiLevelSkipListWriter, <init>(III)V >"	4	8	java_prim_type_double	4	java_prim_type_int
"< Application, Lorg/apache/lucene/search/function/DocValues, intVal(I)I >"	1	6	java_prim_type_int	5	java_prim_type_float
"< Application, Lorg/apache/lucene/util/OpenBitSet, clear(JJ)V >"	14	19	java_prim_type_int	18	java_prim_type_long
"< Application, Lorg/apache/lucene/index/FieldsWriter, writeField(Lorg/apache/lucene/index/FieldInfo;Lorg/apache/lucene/document/Fieldable;)V >"	7	14	java_prim_type_byte	13	java_prim_type_int
"< Application, Lorg/apache/lucene/index/FieldsReader, <init>(Lorg/apache/lucene/store/Directory;Ljava/lang/String;Lorg/apache/lucene/index/FieldInfos;III)V >"	65	67	java_prim_type_int	66	java_prim_type_long
"< Application, Lorg/apache/lucene/search/function/DocValues, longVal(I)J >"	1	6	java_prim_type_long	5	java_prim_type_float
"< Application, Lorg/apache/lucene/search/FuzzyTermEnum, similarity(Ljava/lang/String;)F >"	11	116	java_prim_type_float	115	java_prim_type_int
"< Application, Lorg/apache/lucene/store/BufferedIndexInput, seek(J)V >"	5	9	java_prim_type_long	8	java_prim_type_int
"< Application, Lorg/apache/lucene/store/RAMOutputStream, writeTo(Lorg/apache/lucene/store/IndexOutput;)V >"	11	15	java_prim_type_int	14	java_prim_type_long
"< Application, Lorg/apache/lucene/index/MultiLevelSkipListReader, loadSkipLevels()V >"	12	17	java_prim_type_int	16	java_prim_type_double
"< Application, Lorg/apache/lucene/index/LogMergePolicy, findMerges(Lorg/apache/lucene/index/SegmentInfos;Lorg/apache/lucene/index/IndexWriter;)Lorg/apache/lucene/index/MergePolicy$MergeSpecification; >"	38	53	java_prim_type_float	52	java_prim_type_double
"< Application, Lorg/apache/lucene/search/ExactPhraseScorer, phraseFreq()F >"	21	34	java_prim_type_float	32	java_prim_type_int
"< Application, Lorg/apache/lucene/index/FieldsWriter, addRawDocuments(Lorg/apache/lucene/store/IndexInput;[II)V >"	7	13	java_prim_type_long	12	java_prim_type_int
"< Application, Lorg/apache/lucene/index/SegmentReader, openNorms(Lorg/apache/lucene/store/Directory;I)V >"	44	54	java_prim_type_long	9	java_prim_type_int
"< Application, Lorg/apache/lucene/store/IndexOutput, writeInt(I)V >"	9	16	java_prim_type_byte	2	java_prim_type_int
"< Application, Lorg/apache/lucene/search/DefaultSimilarity, idf(II)F >"	6	14	java_prim_type_float	13	java_prim_type_double
"< Application, Lorg/apache/lucene/util/BitUtil, pop_array([JII)J >"	105	133	java_prim_type_long	132	java_prim_type_int
"< Application, Lorg/apache/lucene/index/CheckIndex, checkIndex(Ljava/util/List;)Lorg/apache/lucene/index/CheckIndex$Status; >"	378	504	java_prim_type_long	502	java_prim_type_int
"< Application, Lorg/apache/lucene/index/FieldsReader, rawDocs([III)Lorg/apache/lucene/store/IndexInput; >"	26	28	java_prim_type_int	27	java_prim_type_long
"< Application, Lorg/apache/lucene/index/MultiLevelSkipListReader$SkipBuffer, length()J >"	2	5	java_prim_type_long	4	java_prim_type_int
"< Application, Lorg/apache/lucene/search/DisjunctionMaxQuery, toString(Ljava/lang/String;)Ljava/lang/String; >"	34	54	java_prim_type_double	53	java_prim_type_float
"< Application, Lorg/apache/lucene/store/Directory, copy(Lorg/apache/lucene/store/Directory;Lorg/apache/lucene/store/Directory;Z)V >"	27	26	java_prim_type_int	25	java_prim_type_long
"< Application, Lorg/apache/lucene/index/FreqProxTermsWriter, copyBytes(Lorg/apache/lucene/store/IndexInput;Lorg/apache/lucene/store/IndexOutput;J)V >"	12	18	java_prim_type_long	13	java_prim_type_int
"< Application, Lorg/apache/lucene/index/FieldsWriter, writeField(Lorg/apache/lucene/index/FieldInfo;Lorg/apache/lucene/document/Fieldable;)V >"	12	20	java_prim_type_byte	19	java_prim_type_int
"< Application, Lorg/apache/lucene/util/OpenBitSet, fastFlip(J)V >"	1	6	java_prim_type_int	5	java_prim_type_long
"< Application, Lorg/apache/lucene/store/IndexInput, readLong()J >"	4	10	java_prim_type_long	9	java_prim_type_int
"< Application, Lorg/apache/lucene/index/FieldsReader, seekIndex(I)V >"	5	9	java_prim_type_long	8	java_prim_type_int
"< Application, Lorg/apache/lucene/search/DefaultSimilarity, sloppyFreq(I)F >"	1	7	java_prim_type_float	6	java_prim_type_int
"< Application, Lorg/apache/lucene/search/ConstantScoreQuery, toString(Ljava/lang/String;)Ljava/lang/String; >"	7	16	java_prim_type_double	15	java_prim_type_float
"< Application, Lorg/apache/lucene/index/TermVectorsReader, rawDocs([I[III)V >"	52	48	java_prim_type_int	47	java_prim_type_long
"< Application, Lorg/apache/lucene/store/IndexOutput, writeVLong(J)V >"	12	20	java_prim_type_byte	19	java_prim_type_int
"< Application, Lorg/apache/lucene/store/IndexOutput, writeLong(J)V >"	3	8	java_prim_type_int	2	java_prim_type_long
"< Application, Lorg/apache/lucene/util/BitUtil, pop_array([JII)J >"	112	150	java_prim_type_long	149	java_prim_type_int
"< Application, Lorg/apache/lucene/util/OpenBitSet, clear(J)V >"	5	8	java_prim_type_int	2	java_prim_type_long
"< Application, Lorg/apache/lucene/util/BitUtil, pop(J)I >"	16	28	java_prim_type_int	27	java_prim_type_long
"< Application, Lorg/apache/lucene/index/DocumentsWriter, setRAMBufferSizeMB(D)V >"	11	12	java_prim_type_double	11	java_prim_type_long
"< Application, Lorg/apache/lucene/index/DefaultSkipListWriter, writeSkipData(ILorg/apache/lucene/store/IndexOutput;)V >"	37	40	java_prim_type_int	39	java_prim_type_long
"< Application, Lorg/apache/lucene/search/function/IntFieldSource$1, floatVal(I)F >"	2	6	java_prim_type_float	5	java_prim_type_int
"< Application, Lorg/apache/lucene/index/SegmentMerger, mergeTermInfo([Lorg/apache/lucene/index/SegmentMergeInfo;I)I >"	25	34	java_prim_type_int	33	java_prim_type_long
"< Application, Lorg/apache/lucene/index/IndexReader, main([Ljava/lang/String;)V >"	58	74	java_prim_type_long	71	java_prim_type_int
"< Application, Lorg/apache/lucene/store/FSDirectory$FSIndexInput, readInternal([BII)V >"	22	24	java_prim_type_long	20	java_prim_type_int
"< Application, Lorg/apache/lucene/search/FuzzyTermEnum, similarity(Ljava/lang/String;)F >"	115	87	java_prim_type_float	86	java_prim_type_int
"< Application, Lorg/apache/lucene/store/IndexOutput, writeChars(Ljava/lang/String;II)V >"	28	36	java_prim_type_byte	35	java_prim_type_int
"< Application, Lorg/apache/lucene/util/OpenBitSet, fastGet(J)Z >"	2	7	java_prim_type_int	2	java_prim_type_long
"< Application, Lorg/apache/lucene/search/PrefixFilter, getDocIdSet(Lorg/apache/lucene/index/IndexReader;)Lorg/apache/lucene/search/DocIdSet; >"	2	7	java_prim_type_long	6	java_prim_type_int
"< Application, Lorg/apache/lucene/store/IndexOutput, writeChars(Ljava/lang/String;II)V >"	6	11	java_prim_type_byte	8	java_prim_type_int
"< Application, Lorg/apache/lucene/search/DefaultSimilarity, coord(II)F >"	0	5	java_prim_type_float	2	java_prim_type_int
"< Application, Lorg/apache/lucene/util/OpenBitSetIterator, shift()V >"	31	32	java_prim_type_int	31	java_prim_type_long
"< Application, Lorg/apache/lucene/store/RAMFile, addBuffer(I)[B >"	9	17	java_prim_type_long	2	java_prim_type_int
"< Application, Lorg/apache/lucene/util/BitVector, clear(I)V >"	12	16	java_prim_type_byte	15	java_prim_type_int
"< Application, Lorg/apache/lucene/store/MMapDirectory$MultiMMapIndexInput, getFilePointer()J >"	7	11	java_prim_type_long	10	java_prim_type_int
"< Application, Lorg/apache/lucene/index/FieldsWriter, writeField(Lorg/apache/lucene/index/FieldInfo;Lorg/apache/lucene/document/Fieldable;)V >"	17	26	java_prim_type_byte	25	java_prim_type_int
"< Application, Lorg/apache/lucene/util/UnicodeUtil$UTF8Result, setLength(I)V >"	3	7	java_prim_type_double	2	java_prim_type_int
"< Application, Lorg/apache/lucene/search/DefaultSimilarity, idf(II)F >"	0	5	java_prim_type_double	3	java_prim_type_int
"< Application, Lorg/apache/lucene/search/ExactPhraseScorer, phraseFreq()F >"	34	33	java_prim_type_float	27	java_prim_type_int
"< Application, Lorg/apache/lucene/util/OpenBitSet, set(J)V >"	1	6	java_prim_type_int	2	java_prim_type_long
"< Application, Lorg/apache/lucene/analysis/PorterStemmer, main([Ljava/lang/String;)V >"	25	29	java_prim_type_char	25	java_prim_type_int
"< Application, Lorg/apache/lucene/index/LogByteSizeMergePolicy, setMinMergeMB(D)V >"	2	7	java_prim_type_long	6	java_prim_type_double
"< Application, Lorg/apache/lucene/index/TermVectorsTermsWriterPerField, finish()V >"	60	43	java_prim_type_byte	42	java_prim_type_int
"< Application, Lorg/apache/lucene/util/UnicodeUtil$UTF16Result, setLength(I)V >"	3	7	java_prim_type_double	2	java_prim_type_int
"< Application, Lorg/apache/lucene/util/UnicodeUtil$UTF8Result, setLength(I)V >"	5	9	java_prim_type_int	8	java_prim_type_double
"< Application, Lorg/apache/lucene/index/DefaultSkipListWriter, writeSkipData(ILorg/apache/lucene/store/IndexOutput;)V >"	31	34	java_prim_type_int	33	java_prim_type_long
"< Application, Lorg/apache/lucene/index/TermInfosWriter, add(I[BILorg/apache/lucene/index/TermInfo;)V >"	87	26	java_prim_type_long	25	java_prim_type_int
"< Application, Lorg/apache/lucene/index/DocumentsWriter, <init>(Lorg/apache/lucene/store/Directory;Lorg/apache/lucene/index/IndexWriter;)V >"	21	23	java_prim_type_double	22	java_prim_type_long
"< Application, Lorg/apache/lucene/index/TermVectorsReader, readTermVector(Ljava/lang/String;JLorg/apache/lucene/index/TermVectorMapper;)V >"	55	58	java_prim_type_double	44	java_prim_type_int
"< Application, Lorg/apache/lucene/index/ByteBlockPool, allocSlice([BI)I >"	32	38	java_prim_type_byte	37	java_prim_type_int
"< Application, Lorg/apache/lucene/index/TermVectorsWriter, addRawDocuments(Lorg/apache/lucene/index/TermVectorsReader;[I[II)V >"	9	17	java_prim_type_long	16	java_prim_type_int
"< Application, Lorg/apache/lucene/index/FieldInfos, write(Lorg/apache/lucene/store/IndexOutput;)V >"	24	30	java_prim_type_byte	29	java_prim_type_int
"< Application, Lorg/apache/lucene/index/ByteBlockPool, nextBuffer()V >"	9	13	java_prim_type_int	12	java_prim_type_double
"< Application, Lorg/apache/lucene/index/IndexReader, main([Ljava/lang/String;)V >"	53	68	java_prim_type_long	65	java_prim_type_int
"< Application, Lorg/apache/lucene/util/BitUtil, pop_intersect([J[JII)J >"	144	173	java_prim_type_long	172	java_prim_type_int
"< Application, Lorg/apache/lucene/index/CheckIndex, checkIndex(Ljava/util/List;)Lorg/apache/lucene/index/CheckIndex$Status; >"	540	745	java_prim_type_double	744	java_prim_type_float
"< Application, Lorg/apache/lucene/util/UnicodeUtil, UTF16toUTF8([CILorg/apache/lucene/util/UnicodeUtil$UTF8Result;)V >"	56	89	java_prim_type_byte	88	java_prim_type_int
"< Application, Lorg/apache/lucene/store/RAMFile, addBuffer(I)[B >"	13	20	java_prim_type_long	2	java_prim_type_int
"< Application, Lorg/apache/lucene/store/IndexInput, readChars([CII)V >"	29	40	java_prim_type_char	39	java_prim_type_int
"< Application, Lorg/apache/lucene/index/DocumentsWriter, <init>(Lorg/apache/lucene/store/Directory;Lorg/apache/lucene/index/IndexWriter;)V >"	18	21	java_prim_type_long	20	java_prim_type_double
"< Application, Lorg/apache/lucene/index/TermVectorsReader, rawDocs([I[III)V >"	55	50	java_prim_type_int	49	java_prim_type_long
"< Application, Lorg/apache/lucene/search/DefaultSimilarity, queryNorm(F)F >"	0	5	java_prim_type_double	2	java_prim_type_float
"< Application, Lorg/apache/lucene/util/BitUtil, pop_xor([J[JII)J >"	144	173	java_prim_type_long	172	java_prim_type_int
"< Application, Lorg/apache/lucene/util/BitUtil, ntz3(J)I >"	0	4	java_prim_type_int	1	java_prim_type_long
"< Application, Lorg/apache/lucene/util/BitUtil, ntz(J)I >"	27	9	java_prim_type_int	8	java_prim_type_long
"< Application, Lorg/apache/lucene/index/TermInfosWriter, writeTerm(I[BI)V >"	26	27	java_prim_type_double	4	java_prim_type_int
"< Application, Lorg/apache/lucene/store/IndexOutput, writeChars([CII)V >"	28	35	java_prim_type_byte	34	java_prim_type_int
"< Application, Lorg/apache/lucene/util/UnicodeUtil, UTF16toUTF8(Ljava/lang/String;IILorg/apache/lucene/util/UnicodeUtil$UTF8Result;)V >"	36	38	java_prim_type_byte	37	java_prim_type_int
"< Application, Lorg/apache/lucene/util/OpenBitSet, clear(JJ)V >"	10	14	java_prim_type_int	13	java_prim_type_long
"< Application, Lorg/apache/lucene/util/OpenBitSet, flip(J)V >"	1	6	java_prim_type_int	2	java_prim_type_long
"< Application, Lorg/apache/lucene/index/CheckIndex, checkIndex(Ljava/util/List;)Lorg/apache/lucene/index/CheckIndex$Status; >"	514	702	java_prim_type_long	701	java_prim_type_int
"< Application, Lorg/apache/lucene/index/TermVectorsReader, seekTvx(I)V >"	5	18	java_prim_type_long	17	java_prim_type_int
"< Application, Lorg/apache/lucene/index/DocumentsWriter, setRAMBufferSizeMB(D)V >"	28	30	java_prim_type_long	29	java_prim_type_double
"< Application, Lorg/apache/lucene/index/MultiLevelSkipListReader, loadSkipLevels()V >"	8	11	java_prim_type_double	10	java_prim_type_int
"< Application, Lorg/apache/lucene/util/UnicodeUtil, UTF16toUTF8([CILorg/apache/lucene/util/UnicodeUtil$UTF8Result;)V >"	45	80	java_prim_type_byte	79	java_prim_type_int
"< Application, Lorg/apache/lucene/store/MMapDirectory$MultiMMapIndexInput, <init>(Ljava/io/RandomAccessFile;I)V >"	32	19	java_prim_type_long	18	java_prim_type_int
"< Application, Lorg/apache/lucene/index/LogMergePolicy, findMerges(Lorg/apache/lucene/index/SegmentInfos;Lorg/apache/lucene/index/IndexWriter;)Lorg/apache/lucene/index/MergePolicy$MergeSpecification; >"	34	48	java_prim_type_double	47	java_prim_type_long
"< Application, Lorg/apache/lucene/index/DocumentsWriter, balanceRAM()V >"	191	32	java_prim_type_double	31	java_prim_type_long
"< Application, Lorg/apache/lucene/index/TermVectorsWriter, addRawDocuments(Lorg/apache/lucene/index/TermVectorsReader;[I[II)V >"	14	22	java_prim_type_long	21	java_prim_type_int
"< Application, Lorg/apache/lucene/util/OpenBitSet, getAndSet(J)Z >"	2	7	java_prim_type_int	2	java_prim_type_long
"< Application, Lorg/apache/lucene/index/LogMergePolicy, findMerges(Lorg/apache/lucene/index/SegmentInfos;Lorg/apache/lucene/index/IndexWriter;)Lorg/apache/lucene/index/MergePolicy$MergeSpecification; >"	22	36	java_prim_type_double	35	java_prim_type_long
"< Application, Lorg/apache/lucene/index/FieldsReader, addFieldLazy(Lorg/apache/lucene/document/Document;Lorg/apache/lucene/index/FieldInfo;ZZZ)V >"	18	71	java_prim_type_long	56	java_prim_type_int
"< Application, Lorg/apache/lucene/store/IndexOutput, writeInt(I)V >"	4	10	java_prim_type_byte	9	java_prim_type_int
"< Application, Lorg/apache/lucene/store/IndexOutput, writeVLong(J)V >"	11	19	java_prim_type_int	18	java_prim_type_long
"< Application, Lorg/apache/lucene/util/OpenBitSetDISI, inPlaceAnd(Lorg/apache/lucene/search/DocIdSetIterator;)V >"	26	30	java_prim_type_long	29	java_prim_type_int
"< Application, Lorg/apache/lucene/index/TermInfosReader, get(I)Lorg/apache/lucene/index/Term; >"	13	17	java_prim_type_long	2	java_prim_type_int
"< Application, Lorg/apache/lucene/search/QueryWrapperFilter, getDocIdSet(Lorg/apache/lucene/index/IndexReader;)Lorg/apache/lucene/search/DocIdSet; >"	2	7	java_prim_type_long	6	java_prim_type_int
"< Application, Lorg/apache/lucene/util/OpenBitSet, set(JJ)V >"	4	9	java_prim_type_int	8	java_prim_type_long
"< Application, Lorg/apache/lucene/demo/html/Entities, decode(Ljava/lang/String;)Ljava/lang/String; >"	19	43	java_prim_type_char	42	java_prim_type_int
"< Application, Lorg/apache/lucene/store/IndexOutput, writeLong(J)V >"	1	6	java_prim_type_int	5	java_prim_type_long
"< Application, Lorg/apache/lucene/store/Directory, copy(Lorg/apache/lucene/store/Directory;Lorg/apache/lucene/store/Directory;Z)V >"	32	30	java_prim_type_long	27	java_prim_type_int
"< Application, Lorg/apache/lucene/store/NativeFSLockFactory, acquireTestLock()V >"	6	12	java_prim_type_long	11	java_prim_type_int
"< Application, Lorg/apache/lucene/store/RAMOutputStream, seek(J)V >"	6	10	java_prim_type_long	9	java_prim_type_int
"< Application, Lorg/dacapo/harness/ChordHarness, coeff_of_var([J)D >"	1	4	java_prim_type_double	3	java_prim_type_int
"< Application, Lorg/apache/lucene/index/SegmentMerger, mergeVectors()V >"	85	88	java_prim_type_long	87	java_prim_type_int
"< Application, Lorg/apache/lucene/store/RAMInputStream, switchCurrentBuffer(Z)V >"	29	22	java_prim_type_int	20	java_prim_type_long
"< Application, Lorg/apache/lucene/util/OpenBitSet, bits2words(J)I >"	3	8	java_prim_type_int	7	java_prim_type_long
"< Application, Lorg/apache/lucene/store/IndexInput, readVLong()J >"	7	14	java_prim_type_long	13	java_prim_type_int
"< Application, Lorg/apache/lucene/util/cache/SimpleLRUCache, <init>(I)V >"	2	6	java_prim_type_float	2	java_prim_type_int
"< Application, Lorg/apache/lucene/store/RAMOutputStream, setFileLength()V >"	2	5	java_prim_type_long	4	java_prim_type_int
"< Application, Lorg/apache/lucene/store/MMapDirectory$MultiMMapIndexInput, seek(J)V >"	14	16	java_prim_type_int	15	java_prim_type_long
"< Application, Lorg/apache/lucene/index/DocumentsWriter, balanceRAM()V >"	29	96	java_prim_type_long	95	java_prim_type_int
"< Application, Lorg/apache/lucene/index/DocumentsWriter, getRAMBufferSizeMB()D >"	4	13	java_prim_type_double	12	java_prim_type_long
"< Application, Lorg/apache/lucene/index/SegmentMerger, mergeVectors()V >"	55	51	java_prim_type_double	50	java_prim_type_int
"< Application, Lorg/apache/lucene/index/CharBlockPool, nextBuffer()V >"	7	10	java_prim_type_double	9	java_prim_type_int
"< Application, Lorg/apache/lucene/util/BitUtil, pop_union([J[JII)J >"	153	192	java_prim_type_long	191	java_prim_type_int
"< Application, Lorg/apache/lucene/index/DocumentsWriter, balanceRAM()V >"	37	111	java_prim_type_long	110	java_prim_type_int
"< Application, Lorg/apache/lucene/util/UnicodeUtil, UTF16toUTF8([CILorg/apache/lucene/util/UnicodeUtil$UTF8Result;)V >"	90	60	java_prim_type_byte	59	java_prim_type_int
"< Application, Lorg/apache/lucene/search/SpanQueryFilter, bitSpans(Lorg/apache/lucene/index/IndexReader;)Lorg/apache/lucene/search/SpanFilterResult; >"	12	22	java_prim_type_long	21	java_prim_type_int
"< Application, Lorg/apache/lucene/index/ByteSliceWriter, writeVInt(I)V >"	5	11	java_prim_type_byte	10	java_prim_type_int
"< Application, Lorg/apache/lucene/index/FieldInfos, write(Lorg/apache/lucene/store/IndexOutput;)V >"	14	20	java_prim_type_byte	19	java_prim_type_int
"< Application, Lorg/apache/lucene/search/FuzzyTermEnum, similarity(Ljava/lang/String;)F >"	120	94	java_prim_type_float	93	java_prim_type_int
"< Application, Lorg/apache/lucene/index/TermsHash, freeRAM()Z >"	29	26	java_prim_type_long	25	java_prim_type_int
"< Application, Lorg/apache/lucene/index/FieldsReader, <init>(Lorg/apache/lucene/store/Directory;Ljava/lang/String;Lorg/apache/lucene/index/FieldInfos;III)V >"	57	58	java_prim_type_long	57	java_prim_type_int
"< Application, Lorg/apache/lucene/util/OpenBitSet, nextSetBit(J)J >"	1	6	java_prim_type_int	5	java_prim_type_long
"< Application, Lorg/apache/lucene/search/BooleanQuery, toString(Ljava/lang/String;)Ljava/lang/String; >"	3	8	java_prim_type_double	7	java_prim_type_float
"< Application, Lorg/apache/lucene/search/FuzzyTermEnum, similarity(Ljava/lang/String;)F >"	24	105	java_prim_type_float	104	java_prim_type_int
"< Application, Lorg/apache/lucene/index/ByteSliceReader, writeTo(Lorg/apache/lucene/store/IndexOutput;)J >"	37	18	java_prim_type_long	17	java_prim_type_int
"< Application, Lorg/apache/lucene/index/FieldsReader, seekIndex(I)V >"	2	6	java_prim_type_long	5	java_prim_type_int
"< Application, Lorg/apache/lucene/index/MultiLevelSkipListReader$SkipBuffer, seek(J)V >"	2	6	java_prim_type_int	5	java_prim_type_long
"< Application, Lorg/apache/lucene/store/MMapDirectory$MultiMMapIndexInput, <init>(Ljava/io/RandomAccessFile;I)V >"	62	44	java_prim_type_long	37	java_prim_type_int
"< Application, Lorg/apache/lucene/index/NormsWriter, flush(Ljava/util/Map;Lorg/apache/lucene/index/DocumentsWriter$FlushState;)V >"	168	156	java_prim_type_long	155	java_prim_type_int
"< Application, Lorg/apache/lucene/util/UnicodeUtil, UTF16toUTF8([CIILorg/apache/lucene/util/UnicodeUtil$UTF8Result;)V >"	37	77	java_prim_type_byte	76	java_prim_type_int
"< Application, Lorg/apache/lucene/util/OpenBitSet, nextSetBit(J)J >"	27	26	java_prim_type_long	18	java_prim_type_int
"< Application, Lorg/apache/lucene/index/DocumentsWriter, setRAMBufferSizeMB(D)V >"	8	10	java_prim_type_long	9	java_prim_type_double
"< Application, Lorg/apache/lucene/util/BitUtil, pop_andnot([J[JII)J >"	178	221	java_prim_type_long	220	java_prim_type_int
"< Application, Lorg/apache/lucene/util/UnicodeUtil, UTF8toUTF16([BIILorg/apache/lucene/util/UnicodeUtil$UTF16Result;)V >"	111	107	java_prim_type_int	106	java_prim_type_long
"< Application, Lorg/apache/lucene/search/DefaultSimilarity, tf(F)F >"	2	7	java_prim_type_float	6	java_prim_type_double
"< Application, Lorg/apache/lucene/util/OpenBitSetDISI, inPlaceNot(Lorg/apache/lucene/search/DocIdSetIterator;)V >"	3	9	java_prim_type_long	8	java_prim_type_int
"< Application, Lorg/apache/lucene/search/FuzzyTermEnum, similarity(Ljava/lang/String;)F >"	21	101	java_prim_type_float	8	java_prim_type_int
"< Application, Lorg/apache/lucene/index/TermsHash, getPostings([Lorg/apache/lucene/index/RawPostingList;)V >"	93	53	java_prim_type_long	52	java_prim_type_int
"< Application, Lorg/apache/lucene/util/UnicodeUtil, UTF16toUTF8(Ljava/lang/String;IILorg/apache/lucene/util/UnicodeUtil$UTF8Result;)V >"	73	74	java_prim_type_byte	73	java_prim_type_int
"< Application, Lorg/apache/lucene/util/UnicodeUtil, UTF16toUTF8(Ljava/lang/String;IILorg/apache/lucene/util/UnicodeUtil$UTF8Result;)V >"	44	46	java_prim_type_byte	45	java_prim_type_int
"< Application, Lorg/apache/lucene/index/DocumentsWriter, toMB(J)Ljava/lang/String; >"	1	5	java_prim_type_double	2	java_prim_type_long
"< Application, Lorg/apache/lucene/index/TermInfosReader, ensureIndexIsRead()V >"	5	8	java_prim_type_int	7	java_prim_type_long
"< Application, Lorg/apache/lucene/util/UnicodeUtil, UTF16toUTF8([CIILorg/apache/lucene/util/UnicodeUtil$UTF8Result;)V >"	91	62	java_prim_type_byte	61	java_prim_type_int
"< Application, Lorg/apache/lucene/util/OpenBitSet, clear(JJ)V >"	4	9	java_prim_type_int	8	java_prim_type_long
"< Application, Lorg/apache/lucene/search/Similarity, tf(I)F >"	0	4	java_prim_type_float	2	java_prim_type_int
"< Application, Lorg/apache/lucene/util/BitUtil, pop_intersect([J[JII)J >"	153	192	java_prim_type_long	191	java_prim_type_int
"< Application, Lorg/apache/lucene/util/UnicodeUtil, UTF16toUTF8([CIILorg/apache/lucene/util/UnicodeUtil$UTF8Result;)V >"	51	87	java_prim_type_byte	86	java_prim_type_int
"< Application, Lorg/apache/lucene/index/CheckIndex, checkIndex(Ljava/util/List;)Lorg/apache/lucene/index/CheckIndex$Status; >"	570	785	java_prim_type_double	784	java_prim_type_float
"< Application, Lorg/apache/lucene/index/IndexWriter, syncPause(J)V >"	12	20	java_prim_type_long	19	java_prim_type_double
"< Application, Lorg/apache/lucene/store/RAMOutputStream, switchCurrentBuffer()V >"	15	19	java_prim_type_long	18	java_prim_type_int
"< Application, Lorg/apache/lucene/store/LockStressTest, main([Ljava/lang/String;)V >"	87	117	java_prim_type_long	31	java_prim_type_int
"< Application, Lorg/apache/lucene/util/OpenBitSet, set(JJ)V >"	10	18	java_prim_type_int	17	java_prim_type_long
"< Application, Lorg/apache/lucene/util/BitUtil, ntz2(J)I >"	0	4	java_prim_type_int	1	java_prim_type_long
"< Application, Lorg/apache/lucene/index/SegmentReader, openNorms(Lorg/apache/lucene/store/Directory;I)V >"	2	7	java_prim_type_long	6	java_prim_type_int
"< Application, Lorg/apache/lucene/util/UnicodeUtil, UTF8toUTF16([BIILorg/apache/lucene/util/UnicodeUtil$UTF16Result;)V >"	105	100	java_prim_type_char	99	java_prim_type_int
"< Application, Lorg/apache/lucene/index/CheckIndex, checkIndex(Ljava/util/List;)Lorg/apache/lucene/index/CheckIndex$Status; >"	568	783	java_prim_type_float	708	java_prim_type_int
"< Application, Lorg/apache/lucene/store/MMapDirectory$MultiMMapIndexInput, <init>(Ljava/io/RandomAccessFile;I)V >"	30	17	java_prim_type_int	16	java_prim_type_long
"< Application, Lorg/apache/lucene/store/BufferedIndexOutput, flush()V >"	5	8	java_prim_type_long	7	java_prim_type_int
"< Application, Lorg/apache/lucene/store/MMapDirectory$MultiMMapIndexInput, seek(J)V >"	12	14	java_prim_type_long	13	java_prim_type_int
"< Application, Lorg/apache/lucene/index/CompoundFileWriter, copyFile(Lorg/apache/lucene/index/CompoundFileWriter$FileEntry;Lorg/apache/lucene/store/IndexOutput;[B)V >"	14	25	java_prim_type_long	22	java_prim_type_int
"< Application, Lorg/apache/lucene/util/UnicodeUtil, UTF16toUTF8(Ljava/lang/String;IILorg/apache/lucene/util/UnicodeUtil$UTF8Result;)V >"	50	51	java_prim_type_byte	50	java_prim_type_int
"< Application, Lorg/apache/lucene/util/UnicodeUtil, UTF16toUTF8([CIILorg/apache/lucene/util/UnicodeUtil$UTF8Result;)V >"	86	58	java_prim_type_byte	57	java_prim_type_int
"< Application, Lorg/apache/lucene/util/UnicodeUtil, UTF16toUTF8(Ljava/lang/String;IILorg/apache/lucene/util/UnicodeUtil$UTF8Result;)V >"	24	26	java_prim_type_byte	10	java_prim_type_int
"< Application, Lorg/apache/lucene/store/RAMInputStream, seek(J)V >"	14	17	java_prim_type_int	16	java_prim_type_long
"< Application, Lorg/apache/lucene/search/FuzzyTermEnum, calculateMaxDistance(I)I >"	10	18	java_prim_type_int	17	java_prim_type_float
"< Application, Lorg/apache/lucene/store/MMapDirectory$MultiMMapIndexInput, <init>(Ljava/io/RandomAccessFile;I)V >"	14	10	java_prim_type_long	3	java_prim_type_int
"< Application, Lorg/apache/lucene/index/DocumentsWriter, flush(Z)I >"	109	95	java_prim_type_double	75	java_prim_type_long
"< Application, Lorg/apache/lucene/util/OpenBitSet, getAndSet(J)Z >"	1	6	java_prim_type_int	5	java_prim_type_long
"< Application, Lorg/apache/lucene/util/OpenBitSet, fastSet(J)V >"	2	7	java_prim_type_int	2	java_prim_type_long
"< Application, Lorg/apache/lucene/store/IndexInput, readChars([CII)V >"	17	26	java_prim_type_char	25	java_prim_type_int
