"< Application, Lorg/dacapo/harness/Callback, init(Lorg/dacapo/parser/Config;)V >"	32	30	29
"< Application, Lorg/apache/lucene/search/MultiSearcher, docFreq(Lorg/apache/lucene/index/Term;)I >"	2	6	5
"< Application, Lorg/apache/lucene/search/Explanation, toString(I)Ljava/lang/String; >"	13	23	21
"< Application, Lorg/apache/lucene/util/ArrayUtil, grow([JI)[J >"	0	4	1
"< Application, Lorg/apache/lucene/search/function/CustomScoreQuery$CustomScorer, explain(I)Lorg/apache/lucene/search/Explanation; >"	12	16	15
"< Application, Lorg/apache/lucene/search/function/CustomScoreQuery$CustomScorer, <init>(Lorg/apache/lucene/search/function/CustomScoreQuery;Lorg/apache/lucene/search/Similarity;Lorg/apache/lucene/index/IndexReader;Lorg/apache/lucene/search/function/CustomScoreQuery$CustomWeight;Lorg/apache/lucene/search/Scorer;[Lorg/apache/lucene/search/Scorer;)V >"	8	12	7
"< Application, Lorg/apache/lucene/index/CheckIndex, main([Ljava/lang/String;)V >"	3	7	1
"< Application, Lorg/apache/lucene/analysis/PorterStemmer, add(C)V >"	1	5	4
"< Application, Lorg/apache/lucene/analysis/CharArraySet, getSlot(Ljava/lang/CharSequence;)I >"	16	23	22
"< Application, Lorg/apache/lucene/queryParser/MultiFieldQueryParser, parse([Ljava/lang/String;[Ljava/lang/String;[Lorg/apache/lucene/search/BooleanClause$Occur;Lorg/apache/lucene/analysis/Analyzer;)Lorg/apache/lucene/search/Query; >"	3	8	1
"< Application, Lorg/dacapo/harness/Benchmark, prepareJars()V >"	29	40	39
"< Application, Lorg/apache/lucene/search/SloppyPhraseScorer, termPositionsDiffer(Lorg/apache/lucene/search/PhrasePositions;)Lorg/apache/lucene/search/PhrasePositions; >"	5	9	8
"< Application, Lorg/apache/commons/cli/GnuParser, flatten(Lorg/apache/commons/cli/Options;[Ljava/lang/String;Z)[Ljava/lang/String; >"	3	9	3
"< Application, Lorg/apache/lucene/queryParser/MultiFieldQueryParser, parse(Ljava/lang/String;[Ljava/lang/String;[Lorg/apache/lucene/search/BooleanClause$Occur;Lorg/apache/lucene/analysis/Analyzer;)Lorg/apache/lucene/search/Query; >"	9	11	2
"< Application, Lorg/apache/lucene/search/FieldSortedHitQueue, <init>(Lorg/apache/lucene/index/IndexReader;[Lorg/apache/lucene/search/SortField;I)V >"	2	8	3
"< Application, Lorg/apache/lucene/index/TermsHash, getPostings([Lorg/apache/lucene/index/RawPostingList;)V >"	54	29	28
"< Application, Lorg/apache/lucene/demo/html/HTMLParser, <init>(Lorg/apache/lucene/demo/html/HTMLParserTokenManager;)V >"	57	37	36
"< Application, Lorg/apache/lucene/analysis/KeywordTokenizer, next(Lorg/apache/lucene/analysis/Token;)Lorg/apache/lucene/analysis/Token; >"	19	19	26
"< Application, Lorg/dacapo/parser/Config, preprocessArgs(Ljava/lang/String;Ljava/io/File;)[Ljava/lang/String; >"	1	7	6
"< Application, Lorg/apache/lucene/store/IndexInput, readString()Ljava/lang/String; >"	8	10	9
"< Application, Lorg/apache/lucene/index/MultiSegmentReader, initialize([Lorg/apache/lucene/index/SegmentReader;)V >"	6	9	2
"< Application, Lorg/apache/lucene/index/MultiLevelSkipListReader, close()V >"	2	5	4
"< Application, Lorg/apache/lucene/index/SortedTermVectorMapper, map(Ljava/lang/String;I[Lorg/apache/lucene/index/TermVectorOffsetInfo;[I)V >"	58	45	35
"< Application, Lorg/apache/lucene/analysis/CharArraySet, rehash()V >"	12	14	11
"< Application, Lorg/apache/lucene/index/DocFieldProcessorPerThread, processDocument()Lorg/apache/lucene/index/DocumentsWriter$DocWriter; >"	59	64	63
"< Application, Lorg/apache/lucene/index/TermsHashPerField, reset()V >"	7	9	8
"< Application, Lorg/apache/lucene/index/SegmentTermPositionVector, getTermPositions(I)[I >"	6	9	8
"< Application, Lorg/apache/lucene/demo/IndexHTML, main([Ljava/lang/String;)V >"	0	7	1
"< Application, Lorg/apache/lucene/index/IndexFileNameFilter, <init>()V >"	19	20	19
"< Application, Lorg/apache/lucene/index/MultiSegmentReader, setTermInfosIndexDivisor(I)V >"	2	6	5
"< Application, Lorg/apache/lucene/index/DocFieldProcessorPerThread, rehash()V >"	6	10	9
"< Application, Lorg/apache/lucene/demo/html/ParseException, getMessage()Ljava/lang/String; >"	100	127	126
"< Application, Lorg/apache/lucene/queryParser/MultiFieldQueryParser, parse([Ljava/lang/String;[Ljava/lang/String;[Lorg/apache/lucene/search/BooleanClause$Occur;Lorg/apache/lucene/analysis/Analyzer;)Lorg/apache/lucene/search/Query; >"	0	6	1
"< Application, Lorg/apache/lucene/search/MultiSearcherThread, run()V >"	32	32	30
"< Application, Lorg/apache/lucene/search/FieldSortedHitQueue, fillFields(Lorg/apache/lucene/search/FieldDoc;)Lorg/apache/lucene/search/FieldDoc; >"	1	5	4
"< Application, Lorg/apache/lucene/queryParser/FastCharStream, refill()V >"	12	16	15
"< Application, Lorg/apache/lucene/index/MultiReader, initialize([Lorg/apache/lucene/index/IndexReader;Z)V >"	12	16	2
"< Application, Lorg/apache/lucene/index/TermVectorsReader, readTermVectors([Ljava/lang/String;[JLorg/apache/lucene/index/TermVectorMapper;)V >"	1	7	2
"< Application, Lorg/apache/lucene/index/SegmentInfo, write(Lorg/apache/lucene/store/IndexOutput;)V >"	33	32	31
"< Application, Lorg/dacapo/harness/Digest, toString([B)Ljava/lang/String; >"	5	9	1
"< Application, Lorg/apache/lucene/index/IndexWriter, noDupDirs([Lorg/apache/lucene/store/Directory;)V >"	3	7	2
"< Application, Lorg/apache/lucene/util/UnicodeUtil, UTF16toUTF8(Ljava/lang/String;IILorg/apache/lucene/util/UnicodeUtil$UTF8Result;)V >"	8	15	98
"< Application, Lorg/apache/commons/cli/Parser, processProperties(Ljava/util/Properties;)V >"	18	29	28
"< Application, Lorg/apache/lucene/analysis/CharArraySet, rehash()V >"	7	10	7
"< Application, Lorg/apache/lucene/index/DocumentsWriter$WaitQueue, add(Lorg/apache/lucene/index/DocumentsWriter$DocWriter;)Z >"	46	23	22
"< Application, Lorg/apache/lucene/index/TermVectorsReader, readTermVectors(I[Ljava/lang/String;[J)[Lorg/apache/lucene/index/SegmentTermVector; >"	3	9	3
"< Application, Lorg/apache/lucene/search/function/CustomScoreQuery, customScore(IF[F)F >"	0	6	4
"< Application, Lorg/apache/lucene/index/TermVectorsReader, readTermVector(Ljava/lang/String;JLorg/apache/lucene/index/TermVectorMapper;)V >"	40	45	123
"< Application, Lorg/apache/lucene/queryParser/MultiFieldQueryParser, parse([Ljava/lang/String;[Ljava/lang/String;Lorg/apache/lucene/analysis/Analyzer;)Lorg/apache/lucene/search/Query; >"	9	10	2
"< Application, Lorg/apache/lucene/queryParser/ParseException, getMessage()Ljava/lang/String; >"	8	8	7
"< Application, Lorg/apache/lucene/analysis/KeywordTokenizer, next(Lorg/apache/lucene/analysis/Token;)Lorg/apache/lucene/analysis/Token; >"	13	13	26
"< Application, Lorg/apache/lucene/index/DocFieldProcessorPerThread, processDocument()Lorg/apache/lucene/index/DocumentsWriter$DocWriter; >"	81	88	87
"< Application, Lorg/apache/lucene/index/DocumentsWriter$WaitQueue, writeDocument(Lorg/apache/lucene/index/DocumentsWriter$DocWriter;)V >"	33	25	24
"< Application, Lorg/apache/lucene/search/function/CustomScoreQuery, equals(Ljava/lang/Object;)Z >"	16	22	21
"< Application, Lorg/apache/lucene/index/MultiReader, doCommit()V >"	2	5	4
"< Application, Lorg/apache/lucene/util/ArrayUtil, grow([B)[B >"	0	4	1
"< Application, Lorg/apache/lucene/search/SloppyPhraseScorer, initPhrasePositions()I >"	65	46	45
"< Application, Lorg/apache/lucene/analysis/PorterStemmer, add(C)V >"	11	17	16
"< Application, Lorg/dacapo/harness/Benchmark, deleteFiles(Ljava/io/File;Ljava/lang/String;)V >"	4	9	7
"< Application, Lorg/apache/lucene/index/DocFieldProcessorPerThread, processDocument()Lorg/apache/lucene/index/DocumentsWriter$DocWriter; >"	99	103	102
"< Application, Lorg/apache/lucene/index/SortedTermVectorMapper, map(Ljava/lang/String;I[Lorg/apache/lucene/index/TermVectorOffsetInfo;[I)V >"	35	29	19
"< Application, Lorg/apache/lucene/demo/html/HTMLParser, jj_consume_token(I)Lorg/apache/lucene/demo/html/Token; >"	26	26	25
"< Application, Lorg/apache/lucene/index/IntBlockPool, nextBuffer()V >"	13	18	17
"< Application, Lorg/apache/lucene/index/DocumentsWriter, setMaxFieldLength(I)V >"	3	6	5
"< Application, Lorg/apache/lucene/search/ConjunctionScorer, init(I)Z >"	2	6	5
"< Application, Lorg/apache/lucene/search/function/CustomScoreQuery, equals(Ljava/lang/Object;)Z >"	14	20	19
"< Application, Lorg/apache/lucene/index/MultiReader, doUndeleteAll()V >"	2	5	4
"< Application, Lorg/apache/lucene/index/DocumentsWriter$WaitQueue, add(Lorg/apache/lucene/index/DocumentsWriter$DocWriter;)Z >"	69	43	42
"< Application, Lorg/apache/lucene/search/function/CustomScoreQuery, customScore(IF[F)F >"	10	10	4
"< Application, Lorg/apache/lucene/search/MultiSearcher$CachedDfSource, docFreqs([Lorg/apache/lucene/index/Term;)[I >"	3	7	2
"< Application, Lorg/apache/lucene/search/MultiPhraseQuery$MultiPhraseWeight, <init>(Lorg/apache/lucene/search/MultiPhraseQuery;Lorg/apache/lucene/search/Searcher;)V >"	12	19	18
"< Application, Lorg/apache/lucene/index/SortedTermVectorMapper, map(Ljava/lang/String;I[Lorg/apache/lucene/index/TermVectorOffsetInfo;[I)V >"	33	27	19
"< Application, Lorg/apache/lucene/index/SegmentTermDocs, read([I[I)I >"	0	5	2
"< Application, Lorg/apache/lucene/document/MapFieldSelector, <init>([Ljava/lang/String;)V >"	8	13	2
"< Application, Lorg/apache/lucene/index/IndexReader, main([Ljava/lang/String;)V >"	27	33	31
"< Application, Lorg/apache/lucene/index/SegmentTermPositionVector, getOffsets(I)[Lorg/apache/lucene/index/TermVectorOffsetInfo; >"	6	9	8
"< Application, Lorg/apache/lucene/search/ParallelMultiSearcher, search(Lorg/apache/lucene/search/Weight;Lorg/apache/lucene/search/Filter;I)Lorg/apache/lucene/search/TopDocs; >"	3	10	9
"< Application, Lorg/apache/lucene/document/AbstractField, getBinaryLength()I >"	9	15	14
"< Application, Lorg/apache/lucene/search/payloads/PayloadSpanUtil, queryToSpanQuery(Lorg/apache/lucene/search/Query;Ljava/util/Collection;)V >"	124	62	32
"< Application, Lorg/apache/lucene/index/SegmentInfo, files()Ljava/util/List; >"	106	179	178
"< Application, Lorg/apache/lucene/search/MultiSearcher, subSearcher(I)I >"	1	6	5
"< Application, Lorg/apache/lucene/util/BitVector, isSparse()Z >"	25	11	10
"< Application, Lorg/apache/lucene/search/QueryTermVector, toString()Ljava/lang/String; >"	5	10	9
"< Application, Lorg/apache/lucene/index/MultiReader, docFreq(Lorg/apache/lucene/index/Term;)I >"	3	7	6
"< Application, Lorg/dacapo/parser/Config$1, <clinit>()V >"	1	4	3
"< Application, Lorg/apache/lucene/util/OpenBitSet, get(I)Z >"	2	7	6
"< Application, Lorg/apache/lucene/search/QueryTermVector, processTerms([Ljava/lang/String;)V >"	12	16	2
"< Application, Lorg/apache/lucene/index/MultiSegmentReader, initialize([Lorg/apache/lucene/index/SegmentReader;)V >"	23	23	2
"< Application, Lorg/apache/lucene/index/SegmentInfo, reset(Lorg/apache/lucene/index/SegmentInfo;)V >"	26	21	20
"< Application, Lorg/apache/lucene/search/MultiSearcher, search(Lorg/apache/lucene/search/Weight;Lorg/apache/lucene/search/Filter;Lorg/apache/lucene/search/HitCollector;)V >"	2	8	7
"< Application, Lorg/apache/lucene/analysis/StopFilter, makeStopSet([Ljava/lang/String;Z)Ljava/util/Set; >"	1	5	1
"< Application, Lorg/apache/lucene/search/spans/NearSpansOrdered, <init>(Lorg/apache/lucene/search/spans/SpanNearQuery;Lorg/apache/lucene/index/IndexReader;)V >"	11	13	12
"< Application, Lorg/apache/lucene/index/DocFieldProcessorPerThread, abort()V >"	2	5	4
"< Application, Lorg/apache/lucene/util/OpenBitSet, hashCode()I >"	1	5	4
"< Application, Lorg/apache/lucene/queryParser/MultiFieldQueryParser, getWildcardQuery(Ljava/lang/String;Ljava/lang/String;)Lorg/apache/lucene/search/Query; >"	5	12	11
"< Application, Lorg/apache/lucene/search/spans/NearSpansOrdered, <init>(Lorg/apache/lucene/search/spans/SpanNearQuery;Lorg/apache/lucene/index/IndexReader;)V >"	24	19	18
"< Application, Lorg/apache/lucene/index/SortedTermVectorMapper, map(Ljava/lang/String;I[Lorg/apache/lucene/index/TermVectorOffsetInfo;[I)V >"	42	21	4
"< Application, Lorg/apache/lucene/index/FreqProxTermsWriter, appendPostings(Lorg/apache/lucene/index/DocumentsWriter$FlushState;[Lorg/apache/lucene/index/FreqProxTermsWriterPerField;Lorg/apache/lucene/index/TermInfosWriter;Lorg/apache/lucene/store/IndexOutput;Lorg/apache/lucene/store/IndexOutput;Lorg/apache/lucene/index/DefaultSkipListWriter;)V >"	3	13	3
"< Application, Lorg/apache/lucene/store/MMapDirectory$MultiMMapIndexInput, clone()Ljava/lang/Object; >"	3	7	6
"< Application, Lorg/apache/lucene/util/SortedVIntList, resizeBytes(I)V >"	1	5	4
"< Application, Lorg/apache/lucene/index/DocFieldProcessorPerThread, trimFields(Lorg/apache/lucene/index/DocumentsWriter$FlushState;)V >"	2	6	5
"< Application, Lorg/apache/lucene/index/MergeDocIDRemapper, <init>(Lorg/apache/lucene/index/SegmentInfos;[[I[ILorg/apache/lucene/index/MergePolicy$OneMerge;I)V >"	50	51	3
"< Application, Lorg/apache/lucene/util/OpenBitSet, <init>(J)V >"	5	9	8
"< Application, Lorg/apache/lucene/search/QueryTermVector, processTerms([Ljava/lang/String;)V >"	3	7	2
"< Application, Lorg/apache/lucene/search/Hits, getMoreDocs(I)V >"	66	69	28
"< Application, Lorg/apache/lucene/search/PhraseScorer, <init>(Lorg/apache/lucene/search/Weight;[Lorg/apache/lucene/index/TermPositions;[ILorg/apache/lucene/search/Similarity;[B)V >"	24	24	3
"< Application, Lorg/apache/lucene/index/MultiSegmentReader$MultiTermDocs, skipTo(I)Z >"	10	14	13
"< Application, Lorg/apache/lucene/search/Searcher, docFreqs([Lorg/apache/lucene/index/Term;)[I >"	3	7	2
"< Application, Lorg/apache/lucene/index/MultiReader, reopen()Lorg/apache/lucene/index/IndexReader; >"	89	66	7
"< Application, Lorg/dacapo/harness/DacapoClassLoader, create(Lorg/dacapo/parser/Config;Ljava/io/File;)Lorg/dacapo/harness/DacapoClassLoader; >"	5	13	6
"< Application, Lorg/apache/lucene/index/TermsHash, getPostings([Lorg/apache/lucene/index/RawPostingList;)V >"	40	20	2
"< Application, Lorg/apache/lucene/util/UnicodeUtil$UTF8Result, setLength(I)V >"	1	5	4
"< Application, Lorg/apache/lucene/index/FreqProxTermsWriter, flush(Ljava/util/Map;Lorg/apache/lucene/index/DocumentsWriter$FlushState;)V >"	82	95	82
"< Application, Lorg/apache/lucene/util/ArrayUtil, shrink([II)[I >"	2	7	1
"< Application, Lorg/apache/lucene/util/ArrayUtil, shrink([JI)[J >"	0	4	1
"< Application, Lorg/apache/lucene/index/MultiReader, isCurrent()Z >"	2	5	4
"< Application, Lorg/apache/lucene/index/DocumentsWriter, allThreadsIdle()Z >"	2	5	4
"< Application, Lorg/apache/lucene/search/MultiSearcher, <init>([Lorg/apache/lucene/search/Searchable;)V >"	21	21	2
"< Application, Lorg/apache/lucene/index/CheckIndex, checkIndex(Ljava/util/List;)Lorg/apache/lucene/index/CheckIndex$Status; >"	557	765	764
"< Application, Lorg/apache/lucene/search/function/CustomScoreQuery, customExplain(ILorg/apache/lucene/search/Explanation;[Lorg/apache/lucene/search/Explanation;)Lorg/apache/lucene/search/Explanation; >"	5	8	4
"< Application, Lorg/apache/lucene/index/IndexReader, main([Ljava/lang/String;)V >"	49	65	64
"< Application, Lorg/apache/lucene/index/MergeDocIDRemapper, remap(I)I >"	9	8	7
"< Application, Lorg/apache/lucene/analysis/PorterStemmer, stem([C)Z >"	0	4	2
"< Application, Lorg/apache/lucene/index/ByteBlockPool, nextBuffer()V >"	3	7	6
"< Application, Lorg/apache/lucene/index/MultiSegmentReader, norms(Ljava/lang/String;[BI)V >"	15	23	22
"< Application, Lorg/apache/lucene/queryParser/MultiFieldQueryParser, parse([Ljava/lang/String;[Ljava/lang/String;Lorg/apache/lucene/analysis/Analyzer;)Lorg/apache/lucene/search/Query; >"	21	22	21
"< Application, Lorg/apache/lucene/index/MultiReader, initialize([Lorg/apache/lucene/index/IndexReader;Z)V >"	37	34	2
"< Application, Lorg/apache/lucene/index/SegmentInfos$FindSegmentsFile, run()Ljava/lang/Object; >"	90	265	14
"< Application, Lorg/apache/lucene/search/function/CustomScoreQuery, hashCode()I >"	2	5	4
"< Application, Lorg/dacapo/harness/FileDigest, main([Ljava/lang/String;)V >"	36	51	1
"< Application, Lorg/apache/lucene/index/DirectoryIndexReader, listCommits(Lorg/apache/lucene/store/Directory;)Ljava/util/Collection; >"	21	18	4
"< Application, Lorg/apache/lucene/search/function/CustomScoreQuery$CustomWeight, <init>(Lorg/apache/lucene/search/function/CustomScoreQuery;Lorg/apache/lucene/search/Searcher;)V >"	11	18	17
"< Application, Lorg/apache/lucene/index/MultiSegmentReader$MultiTermEnum, <init>([Lorg/apache/lucene/index/IndexReader;[ILorg/apache/lucene/index/Term;)V >"	6	11	2
"< Application, Lorg/apache/lucene/queryParser/QueryParser, jj_consume_token(I)Lorg/apache/lucene/queryParser/Token; >"	26	26	25
"< Application, Lorg/dacapo/parser/ParseException, initialise(Lorg/dacapo/parser/Token;[[I[Ljava/lang/String;)Ljava/lang/String; >"	100	147	2
"< Application, Lorg/dacapo/harness/LatexDescriptions, print([Ljava/lang/String;Ljava/io/PrintStream;)V >"	3	7	1
"< Application, Lorg/apache/lucene/demo/html/SimpleCharStream, ReInit(Ljava/io/Reader;III)V >"	7	12	11
"< Application, Lorg/apache/lucene/search/MultiSearcher, createWeight(Lorg/apache/lucene/search/Query;)Lorg/apache/lucene/search/Weight; >"	30	36	11
"< Application, Lorg/apache/lucene/util/SortedVIntList$SortedVIntListBuilder, addInt(I)V >"	16	20	19
"< Application, Lorg/apache/lucene/search/QueryTermVector, processTerms([Ljava/lang/String;)V >"	6	10	2
"< Application, Lorg/apache/lucene/index/MultiSegmentReader, hasNorms(Ljava/lang/String;)Z >"	3	7	6
"< Application, Lorg/apache/lucene/search/payloads/PayloadSpanUtil, queryToSpanQuery(Lorg/apache/lucene/search/Query;Ljava/util/Collection;)V >"	84	23	17
"< Application, Lorg/dacapo/parser/ParseException, initialise(Lorg/dacapo/parser/Token;[[I[Ljava/lang/String;)Ljava/lang/String; >"	4	12	2
"< Application, Lorg/apache/lucene/search/ConjunctionScorer, score()F >"	2	6	5
"< Application, Lorg/apache/lucene/index/TermsHash, recyclePostings([Lorg/apache/lucene/index/RawPostingList;I)V >"	2	7	2
"< Application, Lorg/dacapo/luindex/Index, indexDocs(Lorg/apache/lucene/index/IndexWriter;Ljava/io/File;)V >"	12	40	37
"< Application, Lorg/apache/lucene/search/function/CustomScoreQuery$CustomWeight, <init>(Lorg/apache/lucene/search/function/CustomScoreQuery;Lorg/apache/lucene/search/Searcher;)V >"	16	23	22
"< Application, Lorg/apache/lucene/search/QueryTermVector, size()I >"	1	4	3
"< Application, Lorg/apache/lucene/index/DocumentsWriter$WaitQueue, writeDocument(Lorg/apache/lucene/index/DocumentsWriter$DocWriter;)V >"	26	22	21
"< Application, Lorg/apache/lucene/search/ParallelMultiSearcher, search(Lorg/apache/lucene/search/Weight;Lorg/apache/lucene/search/Filter;ILorg/apache/lucene/search/Sort;)Lorg/apache/lucene/search/TopFieldDocs; >"	27	38	37
"< Application, Lorg/dacapo/harness/Matcher, match(C)V >"	15	15	14
"< Application, Lorg/apache/lucene/search/MultiSearcher, search(Lorg/apache/lucene/search/Weight;Lorg/apache/lucene/search/Filter;ILorg/apache/lucene/search/Sort;)Lorg/apache/lucene/search/TopFieldDocs; >"	2	11	10
"< Application, Lorg/apache/lucene/index/DocumentsWriter, getThreadState(Lorg/apache/lucene/document/Document;Lorg/apache/lucene/index/Term;)Lorg/apache/lucene/index/DocumentsWriterThreadState; >"	37	36	35
"< Application, Lorg/apache/lucene/index/TermsHash, getPostings([Lorg/apache/lucene/index/RawPostingList;)V >"	70	35	2
"< Application, Lorg/apache/lucene/analysis/CharArraySet, contains(Ljava/lang/Object;)Z >"	4	12	11
"< Application, Lorg/apache/lucene/analysis/ISOLatin1AccentFilter, removeAccents([CI)V >"	2	8	7
"< Application, Lorg/apache/lucene/index/MultiLevelSkipListReader$SkipBuffer, length()J >"	1	4	3
"< Application, Lorg/apache/lucene/util/UnicodeUtil, UTF16toUTF8([CILorg/apache/lucene/util/UnicodeUtil$UTF8Result;)V >"	5	12	63
"< Application, Lorg/apache/lucene/search/MultiSearcher, createWeight(Lorg/apache/lucene/search/Query;)Lorg/apache/lucene/search/Weight; >"	17	24	16
"< Application, Lorg/apache/lucene/analysis/Token, resizeTermBuffer(I)[C >"	20	11	10
"< Application, Lorg/dacapo/parser/ParseException, initialise(Lorg/dacapo/parser/Token;[[I[Ljava/lang/String;)Ljava/lang/String; >"	14	19	18
"< Application, Lorg/apache/lucene/util/UnicodeUtil, UTF16toUTF8(Ljava/lang/String;IILorg/apache/lucene/util/UnicodeUtil$UTF8Result;)V >"	6	13	98
"< Application, Lorg/apache/lucene/util/OpenBitSet, capacity()J >"	1	4	3
"< Application, Lorg/apache/lucene/search/function/ReverseOrdFieldSource, getValues(Lorg/apache/lucene/index/IndexReader;)Lorg/apache/lucene/search/function/DocValues; >"	5	10	9
"< Application, Lorg/apache/lucene/index/SegmentInfos, getCurrentSegmentGeneration([Ljava/lang/String;)J >"	3	6	1
"< Application, Lorg/apache/lucene/search/ConjunctionScorer, doNext()Z >"	2	6	5
"< Application, Lorg/apache/lucene/demo/html/HTMLParser, ReInit(Ljava/io/Reader;)V >"	18	19	18
"< Application, Lorg/apache/lucene/index/DocFieldProcessorPerThread, rehash()V >"	1	4	3
"< Application, Lorg/apache/lucene/index/SegmentInfo, files()Ljava/util/List; >"	210	148	147
"< Application, Lorg/apache/lucene/search/ConjunctionScorer, <init>(Lorg/apache/lucene/search/Similarity;[Lorg/apache/lucene/search/Scorer;)V >"	6	11	10
"< Application, Lorg/apache/lucene/index/SortedTermVectorMapper, map(Ljava/lang/String;I[Lorg/apache/lucene/index/TermVectorOffsetInfo;[I)V >"	53	40	5
"< Application, Lorg/apache/lucene/index/MergeDocIDRemapper, <init>(Lorg/apache/lucene/index/SegmentInfos;[[I[ILorg/apache/lucene/index/MergePolicy$OneMerge;I)V >"	40	45	3
"< Application, Lorg/apache/lucene/index/StoredFieldsWriter, getPerDoc()Lorg/apache/lucene/index/StoredFieldsWriter$PerDoc; >"	7	14	13
"< Application, Lorg/apache/lucene/index/IndexFileDeleter, refresh(Ljava/lang/String;)V >"	28	31	6
"< Application, Lorg/dacapo/harness/TestHarness, coeff_of_var([J)D >"	3	7	1
"< Application, Lorg/apache/lucene/search/function/CustomScoreQuery$CustomScorer, skipTo(I)Z >"	5	9	8
"< Application, Lorg/apache/lucene/index/MultiReader, hasNorms(Ljava/lang/String;)Z >"	3	7	6
"< Application, Lorg/apache/lucene/index/FieldsWriter, writeField(Lorg/apache/lucene/index/FieldInfo;Lorg/apache/lucene/document/Fieldable;)V >"	46	67	66
"< Application, Lorg/apache/lucene/queryParser/QueryParser, jj_add_error_token(II)V >"	34	30	29
"< Application, Lorg/apache/lucene/search/MultiSearcher$CachedDfSource, docFreqs([Lorg/apache/lucene/index/Term;)[I >"	0	4	2
"< Application, Lorg/apache/lucene/store/RAMOutputStream, writeBytes([BII)V >"	16	16	15
"< Application, Lorg/apache/lucene/demo/html/ParseException, getMessage()Ljava/lang/String; >"	21	18	17
"< Application, Lorg/apache/lucene/index/TermsHash, getPostings([Lorg/apache/lucene/index/RawPostingList;)V >"	107	64	2
"< Application, Lorg/apache/lucene/search/Hits, getMoreDocs(I)V >"	48	53	28
"< Application, Lorg/apache/lucene/queryParser/MultiFieldQueryParser, parse([Ljava/lang/String;[Ljava/lang/String;[Lorg/apache/lucene/search/BooleanClause$Occur;Lorg/apache/lucene/analysis/Analyzer;)Lorg/apache/lucene/search/Query; >"	24	25	24
"< Application, Lorg/apache/lucene/search/spans/NearSpansOrdered, toSameDoc()Z >"	5	9	8
"< Application, Lorg/apache/lucene/demo/html/HTMLParser, jj_add_error_token(II)V >"	39	32	31
"< Application, Lorg/apache/lucene/index/MultiReader, numDocs()I >"	4	7	6
"< Application, Lorg/dacapo/harness/LatexDescriptions, print([Ljava/lang/String;Ljava/io/PrintStream;)V >"	35	51	1
"< Application, Lorg/apache/lucene/search/MultiPhraseQuery, toString(Ljava/lang/String;)Ljava/lang/String; >"	25	39	27
"< Application, Lorg/apache/lucene/search/FieldDocSortedHitQueue, hasCollators([Lorg/apache/lucene/search/SortField;)[Ljava/text/Collator; >"	2	5	2
"< Application, Lorg/apache/lucene/index/MultiReader, readerIndex(I)I >"	2	6	5
"< Application, Lorg/apache/lucene/demo/html/HTMLParser, ReInit(Lorg/apache/lucene/demo/html/HTMLParserTokenManager;)V >"	14	14	13
"< Application, Lorg/apache/lucene/index/MultiSegmentReader, rollbackCommit()V >"	3	6	5
"< Application, Lorg/apache/lucene/index/MultiSegmentReader, <init>(Lorg/apache/lucene/store/Directory;Lorg/apache/lucene/index/SegmentInfos;Z[Lorg/apache/lucene/index/SegmentReader;[ILjava/util/Map;Z)V >"	87	113	112
"< Application, Lorg/apache/lucene/search/ParallelMultiSearcher, search(Lorg/apache/lucene/search/Weight;Lorg/apache/lucene/search/Filter;Lorg/apache/lucene/search/HitCollector;)V >"	2	8	7
"< Application, Lorg/apache/lucene/index/DocumentsWriter, getThreadState(Lorg/apache/lucene/document/Document;Lorg/apache/lucene/index/Term;)Lorg/apache/lucene/index/DocumentsWriterThreadState; >"	33	33	32
"< Application, Lorg/apache/lucene/util/OpenBitSet, ensureCapacityWords(I)V >"	1	5	4
"< Application, Lorg/apache/lucene/queryParser/ParseException, getMessage()Ljava/lang/String; >"	21	18	17
"< Application, Lorg/apache/lucene/document/MapFieldSelector, <init>([Ljava/lang/String;)V >"	2	6	2
"< Application, Lorg/apache/lucene/util/UnicodeUtil, UTF16toUTF8([CILorg/apache/lucene/util/UnicodeUtil$UTF8Result;)V >"	12	18	16
"< Application, Lorg/apache/lucene/search/ConjunctionScorer, init(I)Z >"	32	30	29
"< Application, Lorg/apache/lucene/search/MultiSearcher, search(Lorg/apache/lucene/search/Weight;Lorg/apache/lucene/search/Filter;ILorg/apache/lucene/search/Sort;)Lorg/apache/lucene/search/TopFieldDocs; >"	18	27	26
"< Application, Lorg/apache/lucene/index/CharBlockPool, nextBuffer()V >"	3	7	6
"< Application, Lorg/apache/lucene/queryParser/QueryParser, ReInit(Lorg/apache/lucene/queryParser/CharStream;)V >"	15	16	15
"< Application, Lorg/apache/lucene/queryParser/ParseException, getMessage()Ljava/lang/String; >"	119	158	157
"< Application, Lorg/apache/lucene/store/FSDirectory, getLockID()Ljava/lang/String; >"	23	25	17
"< Application, Lorg/apache/lucene/index/FieldsReader$LazyField, getBinaryValue([B)[B >"	7	10	2
"< Application, Lorg/apache/lucene/analysis/CharArraySet, getSlot(Ljava/lang/CharSequence;)I >"	2	7	6
"< Application, Lorg/apache/lucene/analysis/CharArraySet, rehash()V >"	1	5	4
"< Application, Lorg/apache/lucene/index/CheckIndex, checkIndex(Ljava/util/List;)Lorg/apache/lucene/index/CheckIndex$Status; >"	334	441	440
"< Application, Lorg/apache/lucene/search/MultiSearcher, search(Lorg/apache/lucene/search/Weight;Lorg/apache/lucene/search/Filter;I)Lorg/apache/lucene/search/TopDocs; >"	4	10	9
"< Application, Lorg/apache/lucene/index/TermsHash, getPostings([Lorg/apache/lucene/index/RawPostingList;)V >"	13	14	13
"< Application, Lorg/apache/lucene/demo/IndexFiles, indexDocs(Lorg/apache/lucene/index/IndexWriter;Ljava/io/File;)V >"	7	27	25
"< Application, Lorg/apache/lucene/search/ParallelMultiSearcher, search(Lorg/apache/lucene/search/Weight;Lorg/apache/lucene/search/Filter;ILorg/apache/lucene/search/Sort;)Lorg/apache/lucene/search/TopFieldDocs; >"	3	12	11
"< Application, Lorg/apache/lucene/util/UnicodeUtil, UTF16toUTF8([CIILorg/apache/lucene/util/UnicodeUtil$UTF8Result;)V >"	14	20	18
"< Application, Lorg/apache/lucene/index/DocumentsWriter$WaitQueue, add(Lorg/apache/lucene/index/DocumentsWriter$DocWriter;)Z >"	52	29	28
"< Application, Lorg/apache/lucene/store/BufferedIndexInput, setBufferSize(I)V >"	21	47	46
"< Application, Lorg/apache/lucene/index/MultiLevelSkipListWriter, writeSkip(Lorg/apache/lucene/store/IndexOutput;)J >"	4	9	8
"< Application, Lorg/dacapo/harness/Matcher, match(C)V >"	48	23	22
"< Application, Lorg/dacapo/harness/ChordHarness, coeff_of_var([J)D >"	0	3	1
"< Application, Lorg/apache/lucene/index/NormsWriter, flush(Ljava/util/Map;Lorg/apache/lucene/index/DocumentsWriter$FlushState;)V >"	73	97	96
"< Application, Lorg/apache/lucene/index/StoredFieldsWriter, free(Lorg/apache/lucene/index/StoredFieldsWriter$PerDoc;)V >"	4	8	7
"< Application, Lorg/apache/lucene/util/BitVector, readBits(Lorg/apache/lucene/store/IndexInput;)V >"	9	15	14
"< Application, Lorg/apache/lucene/index/PositionBasedTermVectorMapper, map(Ljava/lang/String;I[Lorg/apache/lucene/index/TermVectorOffsetInfo;[I)V >"	1	8	5
"< Application, Lorg/apache/lucene/queryParser/ParseException, getMessage()Ljava/lang/String; >"	16	14	13
"< Application, Lorg/apache/lucene/index/SortedTermVectorMapper, map(Ljava/lang/String;I[Lorg/apache/lucene/index/TermVectorOffsetInfo;[I)V >"	52	39	35
"< Application, Lorg/apache/lucene/util/SortedVIntList, <init>([I)V >"	0	4	2
"< Application, Lorg/apache/lucene/index/SegmentInfo, files()Ljava/util/List; >"	76	48	47
"< Application, Lorg/apache/lucene/index/DocFieldProcessorPerThread, rehash()V >"	15	15	14
"< Application, Lorg/apache/lucene/index/IndexFileNames, isDocStoreFile(Ljava/lang/String;)Z >"	5	8	7
"< Application, Lorg/apache/lucene/analysis/Token, growTermBuffer(I)[C >"	3	16	15
"< Application, Lorg/apache/lucene/index/IndexFileDeleter, <init>(Lorg/apache/lucene/store/Directory;Lorg/apache/lucene/index/IndexDeletionPolicy;Lorg/apache/lucene/index/SegmentInfos;Ljava/io/PrintStream;Lorg/apache/lucene/index/DocumentsWriter;)V >"	41	42	40
"< Application, Lorg/apache/lucene/index/MultiSegmentReader, doClose()V >"	2	5	4
"< Application, Lorg/apache/lucene/demo/html/ParseException, getMessage()Ljava/lang/String; >"	36	36	35
"< Application, Lorg/apache/lucene/util/UnicodeUtil, UTF16toUTF8([CIILorg/apache/lucene/util/UnicodeUtil$UTF8Result;)V >"	7	14	65
"< Application, Lorg/apache/lucene/search/function/CustomScoreQuery$CustomScorer, next()Z >"	5	8	7
"< Application, Lorg/apache/lucene/search/spans/SpanOrQuery, <init>([Lorg/apache/lucene/search/spans/SpanQuery;)V >"	2	6	2
"< Application, Lorg/apache/lucene/util/BitVector, writeDgaps(Lorg/apache/lucene/store/IndexOutput;)V >"	7	16	15
"< Application, Lorg/apache/lucene/index/MultiReader, reopen()Lorg/apache/lucene/index/IndexReader; >"	2	6	5
"< Application, Lorg/apache/lucene/index/MultiSegmentReader, norms(Ljava/lang/String;)[B >"	15	18	17
"< Application, Lorg/apache/lucene/store/FSDirectory, create()V >"	19	13	11
"< Application, Lorg/apache/lucene/search/MultiPhraseQuery, add([Lorg/apache/lucene/index/Term;I)V >"	7	12	2
"< Application, Lorg/apache/lucene/index/SegmentInfo, write(Lorg/apache/lucene/store/IndexOutput;)V >"	29	29	28
"< Application, Lorg/apache/lucene/search/spans/NearSpansOrdered, shrinkToAfterShortestMatch()Z >"	33	41	40
"< Application, Lorg/apache/lucene/queryParser/FastCharStream, refill()V >"	15	18	17
"< Application, Lorg/apache/lucene/search/MultiSearcher, rewrite(Lorg/apache/lucene/search/Query;)Lorg/apache/lucene/search/Query; >"	5	9	8
"< Application, Lorg/apache/lucene/index/CheckIndex, main([Ljava/lang/String;)V >"	13	20	1
"< Application, Lorg/apache/lucene/search/spans/NearSpansUnordered, <init>(Lorg/apache/lucene/search/spans/SpanNearQuery;Lorg/apache/lucene/index/IndexReader;)V >"	15	17	12
"< Application, Lorg/apache/lucene/index/TermVectorsReader, readTermVector(Ljava/lang/String;JLorg/apache/lucene/index/TermVectorMapper;)V >"	53	57	122
"< Application, Lorg/apache/lucene/store/BufferedIndexInput, setBufferSize(I)V >"	6	10	9
"< Application, Lorg/apache/lucene/index/TermVectorsTermsWriter$PerDoc, addField(I)V >"	2	6	5
"< Application, Lorg/apache/lucene/search/payloads/PayloadSpanUtil, queryToSpanQuery(Lorg/apache/lucene/search/Query;Ljava/util/Collection;)V >"	23	120	117
"< Application, Lorg/apache/lucene/index/MultiSegmentReader, readerIndex(I)I >"	2	6	5
"< Application, Lorg/apache/lucene/index/FieldsReader$FieldForMerge, <init>(Ljava/lang/Object;Lorg/apache/lucene/index/FieldInfo;ZZZ)V >"	8	13	12
"< Application, Lorg/apache/lucene/index/TermsHash, shrinkFreePostings(Ljava/util/Map;Lorg/apache/lucene/index/DocumentsWriter$FlushState;)V >"	24	10	9
"< Application, Lorg/dacapo/parser/Config, print(Ljava/io/PrintStream;)V >"	40	64	50
"< Application, Lorg/apache/lucene/search/ParallelMultiSearcher, search(Lorg/apache/lucene/search/Weight;Lorg/apache/lucene/search/Filter;ILorg/apache/lucene/search/Sort;)Lorg/apache/lucene/search/TopFieldDocs; >"	7	15	14
"< Application, Lorg/apache/lucene/index/TermVectorsWriter, addAllDocVectors([Lorg/apache/lucene/index/TermFreqVector;)V >"	9	18	2
"< Application, Lorg/dacapo/harness/ChordHarness, rmdir(Ljava/io/File;)V >"	3	7	4
"< Application, Lorg/apache/lucene/demo/SearchFiles, main([Ljava/lang/String;)V >"	5	13	1
"< Application, Lorg/apache/lucene/analysis/PorterStemmer, add(C)V >"	6	10	9
"< Application, Lorg/apache/lucene/search/ParallelMultiSearcher, search(Lorg/apache/lucene/search/Weight;Lorg/apache/lucene/search/Filter;I)Lorg/apache/lucene/search/TopDocs; >"	7	13	12
"< Application, Lorg/apache/lucene/search/Query, mergeBooleanQueries([Lorg/apache/lucene/search/Query;)Lorg/apache/lucene/search/Query; >"	17	21	1
"< Application, Lorg/apache/lucene/search/ParallelMultiSearcher, search(Lorg/apache/lucene/search/Weight;Lorg/apache/lucene/search/Filter;I)Lorg/apache/lucene/search/TopDocs; >"	27	35	34
"< Application, Lorg/dacapo/harness/Benchmark, preIteration(Ljava/lang/String;)V >"	8	13	9
"< Application, Lorg/apache/lucene/index/MultiReader, reopen()Lorg/apache/lucene/index/IndexReader; >"	51	50	7
"< Application, Lorg/apache/lucene/index/Payload, <init>([B)V >"	0	5	2
"< Application, Lorg/apache/lucene/util/ArrayUtil, shrink([JI)[J >"	2	7	1
"< Application, Lorg/dacapo/harness/FileDigest, getText(Ljava/io/File;ZLjava/io/File;)[B >"	26	47	46
"< Application, Lorg/apache/lucene/util/SortedVIntList$SortedVIntListBuilder, addInt(I)V >"	11	15	14
"< Application, Lorg/apache/lucene/search/MultiSearcher, createWeight(Lorg/apache/lucene/search/Query;)Lorg/apache/lucene/search/Weight; >"	11	19	18
"< Application, Lorg/apache/lucene/queryParser/MultiFieldQueryParser, parse([Ljava/lang/String;[Ljava/lang/String;Lorg/apache/lucene/analysis/Analyzer;)Lorg/apache/lucene/search/Query; >"	0	5	1
"< Application, Lorg/dacapo/harness/ChordHarness, coeff_of_var([J)D >"	3	7	1
"< Application, Lorg/apache/lucene/index/SegmentMerger, appendPostings([Lorg/apache/lucene/index/SegmentMergeInfo;I)I >"	86	70	69
"< Application, Lorg/dacapo/parser/ParseException, initialise(Lorg/dacapo/parser/Token;[[I[Ljava/lang/String;)Ljava/lang/String; >"	25	33	32
"< Application, Lorg/apache/lucene/analysis/CharArraySet, add([C)Z >"	10	13	2
"< Application, Lorg/apache/lucene/search/MultiPhraseQuery, rewrite(Lorg/apache/lucene/index/IndexReader;)Lorg/apache/lucene/search/Query; >"	10	16	13
"< Application, Lorg/apache/lucene/index/MultiSegmentReader, getTermInfosIndexDivisor()I >"	1	4	3
"< Application, Lorg/apache/lucene/search/spans/NearSpansOrdered, shrinkToAfterShortestMatch()Z >"	9	13	12
"< Application, Lorg/apache/lucene/util/ArrayUtil, shrink([BI)[B >"	2	7	1
"< Application, Lorg/dacapo/luindex/Index, main(Ljava/io/File;[Ljava/lang/String;)V >"	6	12	3
"< Application, Lorg/apache/lucene/demo/IndexHTML, indexDocs(Ljava/io/File;)V >"	5	125	123
"< Application, Lorg/apache/lucene/document/AbstractField, getBinaryLength()I >"	17	10	9
"< Application, Lorg/apache/lucene/util/UnicodeUtil$UTF16Result, setLength(I)V >"	1	5	4
"< Application, Lorg/apache/lucene/search/payloads/PayloadSpanUtil, queryToSpanQuery(Lorg/apache/lucene/search/Query;Ljava/util/Collection;)V >"	112	49	38
"< Application, Lorg/apache/lucene/queryParser/MultiFieldQueryParser, parse(Ljava/lang/String;[Ljava/lang/String;[Lorg/apache/lucene/search/BooleanClause$Occur;Lorg/apache/lucene/analysis/Analyzer;)Lorg/apache/lucene/search/Query; >"	20	22	21
"< Application, Lorg/apache/lucene/analysis/CharArraySet, equals(Ljava/lang/CharSequence;[C)Z >"	1	7	3
"< Application, Lorg/apache/lucene/analysis/CharArraySet, getSlot([CII)I >"	2	9	8
"< Application, Lorg/apache/lucene/queryParser/MultiFieldQueryParser, getRangeQuery(Ljava/lang/String;Ljava/lang/String;Ljava/lang/String;Z)Lorg/apache/lucene/search/Query; >"	5	14	13
"< Application, Lorg/apache/lucene/index/DocumentsWriter, getThreadState(Lorg/apache/lucene/document/Document;Lorg/apache/lucene/index/Term;)Lorg/apache/lucene/index/DocumentsWriterThreadState; >"	29	29	28
"< Application, Lorg/apache/lucene/queryParser/QueryParser, jj_add_error_token(II)V >"	32	28	27
"< Application, Lorg/dacapo/harness/Callback$1, <clinit>()V >"	1	4	3
"< Application, Lorg/apache/lucene/index/FieldsReader, addField(Lorg/apache/lucene/document/Document;Lorg/apache/lucene/index/FieldInfo;ZZZ)V >"	5	48	46
"< Application, Lorg/apache/lucene/search/function/CustomScoreQuery$CustomScorer, explain(I)Lorg/apache/lucene/search/Explanation; >"	8	13	12
"< Application, Lorg/apache/lucene/search/ConjunctionScorer, init(I)Z >"	9	10	9
"< Application, Lorg/apache/lucene/index/MultiSegmentReader, initialize([Lorg/apache/lucene/index/SegmentReader;)V >"	1	4	2
"< Application, Lorg/apache/lucene/index/TermsHashPerThread, morePostings()V >"	11	10	9
"< Application, Lorg/apache/lucene/util/UnicodeUtil, UTF8toUTF16([BIILorg/apache/lucene/util/UnicodeUtil$UTF16Result;)V >"	3	9	8
"< Application, Lorg/apache/lucene/index/SortedTermVectorMapper, map(Ljava/lang/String;I[Lorg/apache/lucene/index/TermVectorOffsetInfo;[I)V >"	50	36	5
"< Application, Lorg/apache/lucene/index/DocumentsWriter, getThreadState(Lorg/apache/lucene/document/Document;Lorg/apache/lucene/index/Term;)Lorg/apache/lucene/index/DocumentsWriterThreadState; >"	40	39	38
"< Application, Lorg/apache/lucene/demo/SearchFiles, main([Ljava/lang/String;)V >"	17	31	1
"< Application, Lorg/apache/lucene/queryParser/MultiFieldQueryParser, getFuzzyQuery(Ljava/lang/String;Ljava/lang/String;F)Lorg/apache/lucene/search/Query; >"	5	13	12
"< Application, Lorg/apache/lucene/index/MultiReader, reopen()Lorg/apache/lucene/index/IndexReader; >"	5	9	8
"< Application, Lorg/apache/lucene/search/function/CustomScoreQuery, extractTerms(Ljava/util/Set;)V >"	4	8	7
"< Application, Lorg/apache/lucene/search/function/CustomScoreQuery, rewrite(Lorg/apache/lucene/index/IndexReader;)Lorg/apache/lucene/search/Query; >"	5	9	8
"< Application, Lorg/apache/lucene/index/Payload, copyTo([BI)V >"	1	6	2
"< Application, Lorg/apache/lucene/index/CheckIndex, checkIndex(Ljava/util/List;)Lorg/apache/lucene/index/CheckIndex$Status; >"	343	454	440
"< Application, Lorg/apache/lucene/queryParser/QueryParser, <init>(Lorg/apache/lucene/queryParser/CharStream;)V >"	46	30	29
"< Application, Lorg/apache/lucene/search/QueryTermVector, processTerms([Ljava/lang/String;)V >"	9	13	2
"< Application, Lorg/apache/lucene/index/DocumentsWriter$WaitQueue, add(Lorg/apache/lucene/index/DocumentsWriter$DocWriter;)Z >"	32	14	13
"< Application, Lorg/apache/lucene/search/ConjunctionScorer, doNext()Z >"	18	21	20
"< Application, Lorg/apache/lucene/index/FieldsReader$LazyField, stringValue()Ljava/lang/String; >"	14	33	32
"< Application, Lorg/apache/lucene/search/Query, mergeBooleanQueries([Lorg/apache/lucene/search/Query;)Lorg/apache/lucene/search/Query; >"	9	11	10
"< Application, Lorg/apache/lucene/search/FuzzyTermEnum, initializeMaxDistances()V >"	2	5	4
"< Application, Lorg/apache/lucene/analysis/KeywordTokenizer, next(Lorg/apache/lucene/analysis/Token;)Lorg/apache/lucene/analysis/Token; >"	21	20	26
"< Application, Lorg/apache/lucene/index/CharBlockPool, nextBuffer()V >"	13	18	17
"< Application, Lorg/apache/lucene/search/spans/NearSpansOrdered, <init>(Lorg/apache/lucene/search/spans/SpanNearQuery;Lorg/apache/lucene/index/IndexReader;)V >"	34	25	18
"< Application, Lorg/apache/lucene/util/ArrayUtil, shrink([II)[I >"	0	4	1
"< Application, Lorg/apache/lucene/index/MultiSegmentReader$MultiTermDocs, close()V >"	2	5	4
"< Application, Lorg/dacapo/harness/FileDigest, main([Ljava/lang/String;)V >"	1	5	1
"< Application, Lorg/apache/lucene/index/SortedTermVectorMapper, map(Ljava/lang/String;I[Lorg/apache/lucene/index/TermVectorOffsetInfo;[I)V >"	65	37	5
"< Application, Lorg/apache/lucene/search/payloads/PayloadSpanUtil, queryToSpanQuery(Lorg/apache/lucene/search/Query;Ljava/util/Collection;)V >"	78	18	17
"< Application, Lorg/apache/lucene/search/spans/NearSpansOrdered, toSameDoc()Z >"	26	29	28
"< Application, Lorg/apache/lucene/search/MultiSearcher, subSearcher(I)I >"	18	21	20
"< Application, Lorg/apache/lucene/demo/html/ParseException, getMessage()Ljava/lang/String; >"	8	8	7
"< Application, Lorg/apache/lucene/index/SegmentMerger, createCompoundFile(Ljava/lang/String;)Ljava/util/List; >"	64	78	77
"< Application, Lorg/apache/lucene/search/Sort, toString()Ljava/lang/String; >"	4	7	6
"< Application, Lorg/apache/lucene/index/FieldsReader, addField(Lorg/apache/lucene/document/Document;Lorg/apache/lucene/index/FieldInfo;ZZZ)V >"	30	28	26
"< Application, Lorg/apache/lucene/index/SegmentInfo, files()Ljava/util/List; >"	58	69	68
"< Application, Lorg/apache/lucene/search/function/CustomScoreQuery$CustomWeight, normalize(F)V >"	7	12	11
"< Application, Lorg/apache/lucene/search/MultiPhraseQuery, toString(Ljava/lang/String;)Ljava/lang/String; >"	16	28	27
"< Application, Lorg/apache/lucene/index/DocumentsWriter$WaitQueue, add(Lorg/apache/lucene/index/DocumentsWriter$DocWriter;)Z >"	66	41	40
"< Application, Lorg/apache/lucene/store/Directory, copy(Lorg/apache/lucene/store/Directory;Lorg/apache/lucene/store/Directory;Z)V >"	13	11	6
"< Application, Lorg/apache/lucene/index/IntBlockPool, nextBuffer()V >"	3	7	6
"< Application, Lorg/apache/lucene/index/IntBlockPool, nextBuffer()V >"	6	9	8
"< Application, Lorg/apache/lucene/index/ByteBlockPool, nextBuffer()V >"	13	18	17
"< Application, Lorg/apache/lucene/index/NormsWriterPerField, finish()V >"	17	14	13
"< Application, Lorg/apache/lucene/util/ArrayUtil, grow([I)[I >"	0	4	1
"< Application, Lorg/apache/lucene/search/FieldCacheImpl$10, createValue(Lorg/apache/lucene/index/IndexReader;Ljava/lang/Object;)Ljava/lang/Object; >"	19	29	15
"< Application, Lorg/apache/lucene/analysis/standard/StandardTokenizerImpl, zzRefill()Z >"	42	39	38
"< Application, Lorg/apache/lucene/util/UnicodeUtil, UTF8toUTF16([BIILorg/apache/lucene/util/UnicodeUtil$UTF16Result;)V >"	9	16	15
"< Application, Lorg/apache/lucene/index/SegmentMerger, createCompoundFile(Ljava/lang/String;)Ljava/util/List; >"	11	16	15
"< Application, Lorg/apache/lucene/index/StoredFieldsWriter, getPerDoc()Lorg/apache/lucene/index/StoredFieldsWriter$PerDoc; >"	13	18	17
"< Application, Lorg/apache/lucene/demo/IndexHTML, main([Ljava/lang/String;)V >"	23	20	1
"< Application, Lorg/apache/lucene/index/MergeDocIDRemapper, <init>(Lorg/apache/lucene/index/SegmentInfos;[[I[ILorg/apache/lucene/index/MergePolicy$OneMerge;I)V >"	84	82	3
"< Application, Lorg/apache/lucene/queryParser/ParseException, getMessage()Ljava/lang/String; >"	36	36	35
"< Application, Lorg/apache/lucene/search/function/CustomScoreQuery$CustomWeight, sumOfSquaredWeights()F >"	4	8	7
"< Application, Lorg/apache/lucene/index/DocumentsWriter, setInfoStream(Ljava/io/PrintStream;)V >"	3	6	5
"< Application, Lorg/apache/lucene/index/NormsWriter, flush(Ljava/util/Map;Lorg/apache/lucene/index/DocumentsWriter$FlushState;)V >"	84	208	207
"< Application, Lorg/apache/lucene/analysis/CharArraySet, equals([CII[C)Z >"	0	7	5
"< Application, Lorg/apache/lucene/store/IndexInput, readModifiedUTF8String()Ljava/lang/String; >"	4	8	7
"< Application, Lorg/dacapo/parser/Config, main([Ljava/lang/String;)V >"	1	4	1
"< Application, Lorg/apache/lucene/index/DocumentsWriter, setSimilarity(Lorg/apache/lucene/search/Similarity;)V >"	3	6	5
"< Application, Lorg/apache/lucene/demo/html/HTMLParser, ReInit(Ljava/io/InputStream;Ljava/lang/String;)V >"	23	23	22
"< Application, Lorg/apache/lucene/index/DocFieldProcessorPerThread, processDocument()Lorg/apache/lucene/index/DocumentsWriter$DocWriter; >"	78	86	85
"< Application, Lorg/apache/lucene/queryParser/FastCharStream, refill()V >"	37	33	32
"< Application, Lorg/apache/lucene/analysis/Token, setTermLength(I)V >"	2	6	5
"< Application, Lorg/apache/lucene/search/spans/SpanNearQuery, <init>([Lorg/apache/lucene/search/spans/SpanQuery;IZ)V >"	6	11	2
"< Application, Lorg/apache/lucene/index/TermsHash, getPostings([Lorg/apache/lucene/index/RawPostingList;)V >"	36	19	2
"< Application, Lorg/apache/lucene/search/function/CustomScoreQuery, clone()Ljava/lang/Object; >"	12	15	14
"< Application, Lorg/apache/lucene/index/SegmentInfo, hasSeparateNorms()Z >"	26	41	28
"< Application, Lorg/apache/lucene/search/Query, combine([Lorg/apache/lucene/search/Query;)Lorg/apache/lucene/search/Query; >"	13	16	15
"< Application, Lorg/apache/lucene/index/DocumentsWriter, bufferDeleteQueries([Lorg/apache/lucene/search/Query;)Z >"	2	7	2
"< Application, Lorg/apache/lucene/search/FieldSortedHitQueue, lessThan(Ljava/lang/Object;Ljava/lang/Object;)Z >"	3	8	7
"< Application, Lorg/apache/lucene/index/DocumentsWriter, flush(Z)I >"	82	59	58
"< Application, Lorg/apache/lucene/index/SegmentReader, openNorms(Lorg/apache/lucene/store/Directory;I)V >"	1	6	5
"< Application, Lorg/apache/lucene/document/Field, <init>(Ljava/lang/String;[BLorg/apache/lucene/document/Field$Store;)V >"	0	7	3
"< Application, Lorg/apache/lucene/queryParser/MultiFieldQueryParser, parse([Ljava/lang/String;[Ljava/lang/String;[Lorg/apache/lucene/search/BooleanClause$Occur;Lorg/apache/lucene/analysis/Analyzer;)Lorg/apache/lucene/search/Query; >"	4	9	3
"< Application, Lorg/apache/lucene/index/NormsWriterPerField, finish()V >"	3	6	5
"< Application, Lorg/dacapo/harness/TestHarness, rmdir(Ljava/io/File;)V >"	3	7	4
"< Application, Lorg/apache/lucene/search/MultiSearcher, search(Lorg/apache/lucene/search/Weight;Lorg/apache/lucene/search/Filter;I)Lorg/apache/lucene/search/TopDocs; >"	13	18	17
"< Application, Lorg/apache/lucene/search/FieldDocSortedHitQueue, hasCollators([Lorg/apache/lucene/search/SortField;)[Ljava/text/Collator; >"	5	8	2
"< Application, Lorg/apache/lucene/index/TermVectorsTermsWriter, getPerDoc()Lorg/apache/lucene/index/TermVectorsTermsWriter$PerDoc; >"	13	18	17
"< Application, Lorg/apache/lucene/index/SortedTermVectorMapper, map(Ljava/lang/String;I[Lorg/apache/lucene/index/TermVectorOffsetInfo;[I)V >"	30	24	4
"< Application, Lorg/apache/lucene/index/IndexWriter, addIndexes([Lorg/apache/lucene/index/IndexReader;)V >"	33	34	2
"< Application, Lorg/dacapo/harness/LatexDescriptions, print([Ljava/lang/String;Ljava/io/PrintStream;)V >"	22	33	32
"< Application, Lorg/apache/lucene/index/FieldsReader, addFieldForMerge(Lorg/apache/lucene/document/Document;Lorg/apache/lucene/index/FieldInfo;ZZZ)V >"	6	17	15
"< Application, Lorg/apache/lucene/util/ArrayUtil, grow([BI)[B >"	4	9	1
"< Application, Lorg/apache/lucene/util/BitVector, count()I >"	3	7	6
"< Application, Lorg/apache/lucene/search/function/CustomScoreQuery$CustomWeight, scorer(Lorg/apache/lucene/index/IndexReader;)Lorg/apache/lucene/search/Scorer; >"	6	11	9
"< Application, Lorg/apache/lucene/index/MultiSegmentReader, <init>(Lorg/apache/lucene/store/Directory;Lorg/apache/lucene/index/SegmentInfos;Z[Lorg/apache/lucene/index/SegmentReader;[ILjava/util/Map;Z)V >"	11	18	5
"< Application, Lorg/apache/lucene/util/SortedVIntList, getByteSize()I >"	1	4	3
"< Application, Lorg/apache/lucene/search/Query, mergeBooleanQueries([Lorg/apache/lucene/search/Query;)Lorg/apache/lucene/search/Query; >"	3	6	1
"< Application, Lorg/dacapo/harness/DacapoClassLoader, getJars(Lorg/dacapo/parser/Config;Ljava/io/File;)[Ljava/net/URL; >"	15	21	20
"< Application, Lorg/apache/lucene/index/DocFieldConsumers, getPerDoc()Lorg/apache/lucene/index/DocFieldConsumers$PerDoc; >"	13	18	17
"< Application, Lorg/apache/lucene/search/function/CustomScoreQuery, customExplain(ILorg/apache/lucene/search/Explanation;[Lorg/apache/lucene/search/Explanation;)Lorg/apache/lucene/search/Explanation; >"	9	11	4
"< Application, Lorg/apache/lucene/queryParser/MultiFieldQueryParser, parse(Ljava/lang/String;[Ljava/lang/String;[Lorg/apache/lucene/search/BooleanClause$Occur;Lorg/apache/lucene/analysis/Analyzer;)Lorg/apache/lucene/search/Query; >"	1	7	3
"< Application, Lorg/apache/lucene/index/Payload, <init>([BII)V >"	3	9	2
"< Application, Lorg/apache/lucene/index/MultiSegmentReader$MultiTermDocs, read([I[I)I >"	4	9	8
"< Application, Lorg/apache/lucene/search/spans/NearSpansOrdered, shrinkToAfterShortestMatch()Z >"	25	30	29
"< Application, Lorg/apache/lucene/index/MultiSegmentReader$MultiTermDocs, next()Z >"	8	11	10
"< Application, Lorg/apache/lucene/document/Field, binaryValue()[B >"	8	9	7
"< Application, Lorg/apache/lucene/index/ReusableStringReader, read([C)I >"	0	5	2
"< Application, Lorg/apache/lucene/index/MultiSegmentReader$MultiTermDocs, <init>([Lorg/apache/lucene/index/IndexReader;[I)V >"	5	7	2
"< Application, Lorg/apache/lucene/search/MultiSearcher, <init>([Lorg/apache/lucene/search/Searchable;)V >"	3	6	2
"< Application, Lorg/apache/lucene/demo/SearchFiles, doPagingSearch(Ljava/io/BufferedReader;Lorg/apache/lucene/search/Searcher;Lorg/apache/lucene/search/Query;IZZ)V >"	43	71	70
"< Application, Lorg/apache/lucene/index/MergeDocIDRemapper, <init>(Lorg/apache/lucene/index/SegmentInfos;[[I[ILorg/apache/lucene/index/MergePolicy$OneMerge;I)V >"	37	43	3
"< Application, Lorg/apache/lucene/index/SortedTermVectorMapper, map(Ljava/lang/String;I[Lorg/apache/lucene/index/TermVectorOffsetInfo;[I)V >"	27	20	4
"< Application, Lorg/apache/lucene/index/ByteSliceWriter, writeBytes([BII)V >"	29	30	29
"< Application, Lorg/apache/lucene/search/spans/NearSpansOrdered, next()Z >"	5	6	5
"< Application, Lorg/apache/lucene/index/DocumentsWriter, abort()V >"	25	25	24
"< Application, Lorg/apache/lucene/index/MultiReader, doClose()V >"	2	5	4
"< Application, Lorg/dacapo/parser/ParseException, initialise(Lorg/dacapo/parser/Token;[[I[Ljava/lang/String;)Ljava/lang/String; >"	7	14	13
"< Application, Lorg/apache/lucene/search/payloads/PayloadSpanUtil, queryToSpanQuery(Lorg/apache/lucene/search/Query;Ljava/util/Collection;)V >"	20	118	117
"< Application, Lorg/apache/lucene/store/LockStressTest, main([Ljava/lang/String;)V >"	0	3	1
"< Application, Lorg/apache/lucene/index/TermVectorsReader, readTermVectors(I[Ljava/lang/String;[J)[Lorg/apache/lucene/index/SegmentTermVector; >"	0	6	3
"< Application, Lorg/apache/lucene/index/TermInfosWriter, writeTerm(I[BI)V >"	24	26	25
"< Application, Lorg/apache/lucene/util/BitVector, writeBits(Lorg/apache/lucene/store/IndexOutput;)V >"	6	12	11
"< Application, Lorg/apache/lucene/index/MultiSegmentReader, docFreq(Lorg/apache/lucene/index/Term;)I >"	3	7	6
"< Application, Lorg/apache/lucene/search/Sort, toString()Ljava/lang/String; >"	12	17	16
"< Application, Lorg/apache/lucene/analysis/PorterStemmer, stem([CII)Z >"	2	8	7
"< Application, Lorg/apache/lucene/util/ArrayUtil, grow([JI)[J >"	4	9	1
"< Application, Lorg/apache/lucene/util/UnicodeUtil, UTF16toUTF8(Ljava/lang/String;IILorg/apache/lucene/util/UnicodeUtil$UTF8Result;)V >"	13	19	17
"< Application, Lorg/apache/lucene/util/BitVector, isSparse()Z >"	13	8	7
"< Application, Lorg/apache/lucene/index/DocFieldConsumers, getPerDoc()Lorg/apache/lucene/index/DocFieldConsumers$PerDoc; >"	7	14	13
"< Application, Lorg/apache/lucene/index/MultiSegmentReader, doUndeleteAll()V >"	2	5	4
"< Application, Lorg/apache/lucene/queryParser/MultiFieldQueryParser, getFieldQuery(Ljava/lang/String;Ljava/lang/String;I)Lorg/apache/lucene/search/Query; >"	5	14	13
"< Application, Lorg/apache/lucene/index/MultiSegmentReader$MultiTermEnum, <init>([Lorg/apache/lucene/index/IndexReader;[ILorg/apache/lucene/index/Term;)V >"	2	8	2
"< Application, Lorg/apache/lucene/util/UnicodeUtil, UTF16toUTF8([CIILorg/apache/lucene/util/UnicodeUtil$UTF8Result;)V >"	9	16	65
"< Application, Lorg/apache/lucene/search/function/CustomScoreQuery, customExplain(ILorg/apache/lucene/search/Explanation;[Lorg/apache/lucene/search/Explanation;)Lorg/apache/lucene/search/Explanation; >"	22	26	4
"< Application, Lorg/apache/lucene/index/NormsWriterPerField, finish()V >"	5	8	7
"< Application, Lorg/apache/lucene/index/TermVectorsTermsWriter, getPerDoc()Lorg/apache/lucene/index/TermVectorsTermsWriter$PerDoc; >"	7	14	13
"< Application, Lorg/apache/lucene/search/MultiPhraseQuery$MultiPhraseWeight, scorer(Lorg/apache/lucene/index/IndexReader;)Lorg/apache/lucene/search/Scorer; >"	17	24	23
"< Application, Lorg/apache/lucene/util/ArrayUtil, grow([II)[I >"	4	9	1
"< Application, Lorg/apache/lucene/index/MultiReader, initialize([Lorg/apache/lucene/index/IndexReader;Z)V >"	4	9	2
"< Application, Lorg/dacapo/harness/LatexDescriptions, print([Ljava/lang/String;Ljava/io/PrintStream;)V >"	0	4	1
"< Application, Lorg/apache/lucene/demo/html/ParseException, getMessage()Ljava/lang/String; >"	12	11	10
"< Application, Lorg/apache/lucene/index/TermVectorsTermsWriter, free(Lorg/apache/lucene/index/TermVectorsTermsWriter$PerDoc;)V >"	4	8	7
"< Application, Lorg/apache/lucene/index/MultiReader, norms(Ljava/lang/String;)[B >"	15	18	17
"< Application, Lorg/apache/lucene/index/DocumentsWriter, getThreadState(Lorg/apache/lucene/document/Document;Lorg/apache/lucene/index/Term;)Lorg/apache/lucene/index/DocumentsWriterThreadState; >"	22	26	25
"< Application, Lorg/apache/lucene/analysis/standard/StandardTokenizerImpl, zzRefill()Z >"	28	26	25
"< Application, Lorg/apache/lucene/queryParser/QueryParser, ReInit(Lorg/apache/lucene/queryParser/QueryParserTokenManager;)V >"	14	14	13
"< Application, Lorg/apache/lucene/index/SegmentInfo, hasSeparateNorms()Z >"	41	7	6
"< Application, Lorg/apache/lucene/index/SegmentTermPositions, getPayload([BI)[B >"	6	8	2
"< Application, Lorg/apache/lucene/queryParser/QueryParser, <init>(Lorg/apache/lucene/queryParser/QueryParserTokenManager;)V >"	44	28	27
"< Application, Lorg/apache/lucene/util/BitVector, isSparse()Z >"	1	5	4
"< Application, Lorg/apache/lucene/search/FieldDocSortedHitQueue, lessThan(Ljava/lang/Object;Ljava/lang/Object;)Z >"	3	8	7
"< Application, Lorg/apache/lucene/index/TermsHash, getPostings([Lorg/apache/lucene/index/RawPostingList;)V >"	68	34	2
"< Application, Lorg/apache/lucene/index/MultiLevelSkipListWriter, resetSkip()V >"	6	7	6
"< Application, Lorg/apache/commons/cli/OptionValidator, validateOption(Ljava/lang/String;)V >"	19	10	8
"< Application, Lorg/apache/lucene/search/Query, combine([Lorg/apache/lucene/search/Query;)Lorg/apache/lucene/search/Query; >"	3	7	2
"< Application, Lorg/apache/lucene/queryParser/MultiFieldQueryParser, parse([Ljava/lang/String;[Ljava/lang/String;[Lorg/apache/lucene/search/BooleanClause$Occur;Lorg/apache/lucene/analysis/Analyzer;)Lorg/apache/lucene/search/Query; >"	1	7	2
"< Application, Lorg/apache/lucene/index/SegmentTermVector, size()I >"	4	6	5
"< Application, Lorg/apache/lucene/search/spans/NearSpansOrdered, skipTo(I)Z >"	5	16	15
"< Application, Lorg/apache/lucene/index/MergeDocIDRemapper, remap(I)I >"	26	41	40
"< Application, Lorg/apache/lucene/search/spans/NearSpansOrdered, shrinkToAfterShortestMatch()Z >"	18	22	21
"< Application, Lorg/apache/lucene/search/MultiPhraseQuery, extractTerms(Ljava/util/Set;)V >"	8	14	13
"< Application, Lorg/apache/lucene/index/MergeDocIDRemapper, <init>(Lorg/apache/lucene/index/SegmentInfos;[[I[ILorg/apache/lucene/index/MergePolicy$OneMerge;I)V >"	16	23	3
"< Application, Lorg/apache/lucene/search/FieldCacheImpl$10, createValue(Lorg/apache/lucene/index/IndexReader;Ljava/lang/Object;)Ljava/lang/Object; >"	52	66	15
"< Application, Lorg/apache/lucene/index/MultiSegmentReader, commitChanges()V >"	2	5	4
"< Application, Lorg/dacapo/parser/Config, preprocessArgs(Ljava/lang/String;Ljava/io/File;)[Ljava/lang/String; >"	4	10	6
"< Application, Lorg/apache/lucene/index/SortedTermVectorMapper, map(Ljava/lang/String;I[Lorg/apache/lucene/index/TermVectorOffsetInfo;[I)V >"	36	30	4
"< Application, Lorg/apache/lucene/analysis/CharArraySet$CharArraySetIterator, goNext()V >"	7	11	10
"< Application, Lorg/apache/lucene/store/RAMOutputStream, switchCurrentBuffer()V >"	19	22	21
"< Application, Lorg/apache/lucene/search/PhraseQuery, toString(Ljava/lang/String;)Ljava/lang/String; >"	44	61	24
"< Application, Lorg/apache/lucene/index/ByteBlockPool, nextBuffer()V >"	6	9	8
"< Application, Lorg/apache/lucene/index/TermsHashPerField, shrinkHash(I)V >"	10	9	8
"< Application, Lorg/apache/lucene/index/CompoundFileWriter, copyFile(Lorg/apache/lucene/index/CompoundFileWriter$FileEntry;Lorg/apache/lucene/store/IndexOutput;[B)V >"	5	15	4
"< Application, Lorg/apache/lucene/search/spans/NearSpansOrdered, <init>(Lorg/apache/lucene/search/spans/SpanNearQuery;Lorg/apache/lucene/index/IndexReader;)V >"	30	23	18
"< Application, Lorg/apache/lucene/index/DocumentsWriter$WaitQueue, abort()V >"	2	5	4
"< Application, Lorg/apache/lucene/index/DocFieldProcessorPerThread, fields()Ljava/util/Collection; >"	4	7	6
"< Application, Lorg/apache/lucene/index/ByteSliceWriter, writeByte(B)V >"	38	29	28
"< Application, Lorg/apache/lucene/search/MultiSearcher, <init>([Lorg/apache/lucene/search/Searchable;)V >"	8	10	2
"< Application, Lorg/apache/lucene/index/IndexWriter, addIndexes([Lorg/apache/lucene/store/Directory;)V >"	12	18	2
"< Application, Lorg/apache/lucene/util/OpenBitSet, get(J)Z >"	3	8	7
"< Application, Lorg/apache/lucene/util/ArrayUtil, grow([J)[J >"	0	4	1
"< Application, Lorg/apache/lucene/util/ArrayUtil, shrink([BI)[B >"	0	4	1
"< Application, Lorg/apache/lucene/index/MultiReader, reopen()Lorg/apache/lucene/index/IndexReader; >"	26	40	39
"< Application, Lorg/apache/lucene/index/SegmentInfo, reset(Lorg/apache/lucene/index/SegmentInfo;)V >"	20	15	14
"< Application, Lorg/apache/lucene/index/TermVectorsWriter, addAllDocVectors([Lorg/apache/lucene/index/TermFreqVector;)V >"	141	128	125
"< Application, Lorg/apache/lucene/index/SortedTermVectorMapper, map(Ljava/lang/String;I[Lorg/apache/lucene/index/TermVectorOffsetInfo;[I)V >"	29	23	19
"< Application, Lorg/apache/lucene/search/Searcher, docFreqs([Lorg/apache/lucene/index/Term;)[I >"	0	4	2
"< Application, Lorg/dacapo/harness/Digest, toString([B)Ljava/lang/String; >"	1	4	1
"< Application, Lorg/apache/lucene/analysis/CharArraySet, add([C)Z >"	26	28	27
"< Application, Lorg/apache/lucene/search/function/CustomScoreQuery, customScore(IF[F)F >"	5	8	4
"< Application, Lorg/apache/lucene/index/MultiSegmentReader, numDocs()I >"	4	7	6
"< Application, Lorg/apache/lucene/index/MultipleTermPositions, <init>(Lorg/apache/lucene/index/IndexReader;[Lorg/apache/lucene/index/Term;)V >"	4	9	3
"< Application, Lorg/apache/lucene/index/DocFieldProcessorPerThread, processDocument()Lorg/apache/lucene/index/DocumentsWriter$DocWriter; >"	96	101	100
"< Application, Lorg/apache/lucene/analysis/CharTokenizer, next(Lorg/apache/lucene/analysis/Token;)Lorg/apache/lucene/analysis/Token; >"	40	29	48
"< Application, Lorg/apache/lucene/index/SegmentInfo, hasSeparateNorms()Z >"	52	16	15
"< Application, Lorg/apache/lucene/index/TermVectorsWriter, addAllDocVectors([Lorg/apache/lucene/index/TermFreqVector;)V >"	118	116	113
"< Application, Lorg/apache/lucene/index/TermVectorsWriter, addAllDocVectors([Lorg/apache/lucene/index/TermFreqVector;)V >"	112	115	113
"< Application, Lorg/apache/lucene/util/ArrayUtil, grow([BI)[B >"	0	4	1
"< Application, Lorg/apache/lucene/index/TermInfosReader, getIndexOffset(Lorg/apache/lucene/index/Term;)I >"	1	6	5
"< Application, Lorg/apache/lucene/index/DocumentsWriter, getThreadState(Lorg/apache/lucene/document/Document;Lorg/apache/lucene/index/Term;)Lorg/apache/lucene/index/DocumentsWriterThreadState; >"	7	14	13
"< Application, Lorg/apache/lucene/analysis/Token, setTermLength(I)V >"	11	19	18
"< Application, Lorg/apache/lucene/analysis/CharArraySet, add([C)Z >"	3	6	2
"< Application, Lorg/apache/lucene/demo/html/HTMLParser, jj_add_error_token(II)V >"	33	28	27
"< Application, Lorg/dacapo/harness/CommandLineArgs, <init>([Ljava/lang/String;)V >"	3	7	6
"< Application, Lorg/apache/lucene/index/MultiSegmentReader, startCommit()V >"	3	6	5
"< Application, Lorg/apache/lucene/search/MultiSearcher, rewrite(Lorg/apache/lucene/search/Query;)Lorg/apache/lucene/search/Query; >"	1	5	4
"< Application, Lorg/apache/lucene/queryParser/MultiFieldQueryParser, getPrefixQuery(Ljava/lang/String;Ljava/lang/String;)Lorg/apache/lucene/search/Query; >"	5	12	11
"< Application, Lorg/apache/lucene/util/ArrayUtil, grow([II)[I >"	0	4	1
"< Application, Lorg/apache/lucene/search/FuzzyTermEnum, growDistanceArray(I)V >"	2	6	5
"< Application, Lorg/dacapo/harness/TestHarness, coeff_of_var([J)D >"	0	3	1
"< Application, Lorg/apache/lucene/index/SegmentMerger, mergeNorms()V >"	22	31	30
"< Application, Lorg/apache/lucene/demo/html/HTMLParser, <init>(Ljava/io/Reader;)V >"	63	42	41
"< Application, Lorg/apache/lucene/search/MultiPhraseQuery$MultiPhraseWeight, scorer(Lorg/apache/lucene/index/IndexReader;)Lorg/apache/lucene/search/Scorer; >"	10	16	15
"< Application, Lorg/apache/lucene/index/MultiReader, norms(Ljava/lang/String;[BI)V >"	15	23	22
"< Application, Lorg/dacapo/parser/ParseException, initialise(Lorg/dacapo/parser/Token;[[I[Ljava/lang/String;)Ljava/lang/String; >"	10	16	15
"< Application, Lorg/apache/lucene/index/TermVectorsWriter, addAllDocVectors([Lorg/apache/lucene/index/TermFreqVector;)V >"	135	127	125
"< Application, Lorg/apache/lucene/index/MultiReader, reopen()Lorg/apache/lucene/index/IndexReader; >"	9	12	11
"< Application, Lorg/apache/lucene/index/TermInfosReader, get(Lorg/apache/lucene/index/Term;Z)Lorg/apache/lucene/index/TermInfo; >"	31	39	38
"< Application, Lorg/apache/lucene/queryParser/MultiFieldQueryParser, parse(Ljava/lang/String;[Ljava/lang/String;[Lorg/apache/lucene/search/BooleanClause$Occur;Lorg/apache/lucene/analysis/Analyzer;)Lorg/apache/lucene/search/Query; >"	0	6	2
"< Application, Lorg/apache/lucene/queryParser/QueryParser, main([Ljava/lang/String;)V >"	0	3	1
"< Application, Lorg/apache/lucene/search/function/CustomScoreQuery$CustomWeight, scorer(Lorg/apache/lucene/index/IndexReader;)Lorg/apache/lucene/search/Scorer; >"	3	8	7
"< Application, Lorg/apache/lucene/search/function/CustomScoreQuery, equals(Ljava/lang/Object;)Z >"	21	24	23
"< Application, Lorg/apache/lucene/queryParser/ParseException, getMessage()Ljava/lang/String; >"	12	11	10
"< Application, Lorg/apache/lucene/search/spans/NearSpansOrdered, toSameDoc()Z >"	31	33	32
"< Application, Lorg/apache/lucene/index/TermsHashPerField, shrinkHash(I)V >"	18	17	16
"< Application, Lorg/apache/lucene/search/spans/SpanOrQuery, <init>([Lorg/apache/lucene/search/spans/SpanQuery;)V >"	6	9	2
"< Application, Lorg/apache/lucene/document/Field, setValue([B)V >"	1	4	2
"< Application, Lorg/apache/lucene/search/PhraseScorer, <init>(Lorg/apache/lucene/search/Weight;[Lorg/apache/lucene/index/TermPositions;[ILorg/apache/lucene/search/Similarity;[B)V >"	8	13	3
"< Application, Lorg/apache/lucene/index/SegmentTermVector, toString()Ljava/lang/String; >"	10	18	17
"< Application, Lorg/apache/lucene/search/ConjunctionScorer, skipTo(I)Z >"	8	9	8
"< Application, Lorg/apache/lucene/search/spans/NearSpansOrdered, stretchToOrder()Z >"	8	11	10
"< Application, Lorg/apache/lucene/search/function/CustomScoreQuery, toString(Ljava/lang/String;)Ljava/lang/String; >"	9	18	17
"< Application, Lorg/apache/lucene/demo/html/Test, main([Ljava/lang/String;)V >"	9	19	17
"< Application, Lorg/apache/lucene/search/payloads/PayloadSpanUtil, queryToSpanQuery(Lorg/apache/lucene/search/Query;Ljava/util/Collection;)V >"	5	139	138
"< Application, Lorg/apache/lucene/index/FieldsWriter, writeField(Lorg/apache/lucene/index/FieldInfo;Lorg/apache/lucene/document/Fieldable;)V >"	43	55	54
"< Application, Lorg/apache/lucene/queryParser/QueryParser, jj_add_error_token(II)V >"	38	32	31
"< Application, Lorg/apache/lucene/search/MultiPhraseQuery, toString(Ljava/lang/String;)Ljava/lang/String; >"	20	33	27
"< Application, Lorg/apache/lucene/search/FuzzyTermEnum, similarity(Ljava/lang/String;)F >"	36	17	16
"< Application, Lorg/apache/lucene/index/Payload, clone()Ljava/lang/Object; >"	6	10	9
"< Application, Lorg/apache/lucene/search/MultiSearcher, close()V >"	2	5	4
"< Application, Lorg/apache/lucene/search/FuzzyTermEnum, getMaxDistance(I)I >"	1	5	4
"< Application, Lorg/apache/lucene/index/SegmentInfo, files()Ljava/util/List; >"	21	11	10
"< Application, Lorg/apache/lucene/index/SegmentMerger, createCompoundFile(Ljava/lang/String;)Ljava/util/List; >"	6	10	9
"< Application, Lorg/apache/lucene/index/DocumentsWriter, doAfterFlush()V >"	18	13	12
"< Application, Lorg/apache/lucene/index/FieldsReader, uncompress([B)[B >"	1	5	2
"< Application, Lorg/apache/lucene/store/MMapDirectory$MultiMMapIndexInput, clone()Ljava/lang/Object; >"	8	11	10
"< Application, Lorg/apache/lucene/index/DocumentsWriter$WaitQueue, add(Lorg/apache/lucene/index/DocumentsWriter$DocWriter;)Z >"	75	48	47
"< Application, Lorg/apache/lucene/search/payloads/PayloadSpanUtil, queryToSpanQuery(Lorg/apache/lucene/search/Query;Ljava/util/Collection;)V >"	106	44	38
"< Application, Lorg/apache/lucene/demo/SearchFiles, doPagingSearch(Ljava/io/BufferedReader;Lorg/apache/lucene/search/Searcher;Lorg/apache/lucene/search/Query;IZZ)V >"	22	39	151
"< Application, Lorg/apache/commons/cli/GnuParser, flatten(Lorg/apache/commons/cli/Options;[Ljava/lang/String;Z)[Ljava/lang/String; >"	51	73	3
"< Application, Lorg/apache/lucene/index/IndexWriter, addIndexesNoOptimize([Lorg/apache/lucene/store/Directory;)V >"	12	18	2
"< Application, Lorg/apache/lucene/search/Explanation, toHtml()Ljava/lang/String; >"	10	22	19
"< Application, Lorg/apache/lucene/demo/IndexHTML, main([Ljava/lang/String;)V >"	11	8	1
"< Application, Lorg/apache/lucene/demo/IndexFiles, main([Ljava/lang/String;)V >"	0	4	1
"< Application, Lorg/apache/lucene/search/Sort, setSort([Ljava/lang/String;)V >"	0	4	2
"< Application, Lorg/apache/lucene/index/TermsHash, getPostings([Lorg/apache/lucene/index/RawPostingList;)V >"	96	56	55
"< Application, Lorg/dacapo/harness/Benchmark, deleteTree(Ljava/io/File;)V >"	16	22	21
"< Application, Lorg/apache/lucene/search/ConjunctionScorer, next()Z >"	8	8	7
"< Application, Lorg/apache/lucene/search/spans/SpanNearQuery, <init>([Lorg/apache/lucene/search/spans/SpanQuery;IZ)V >"	2	8	2
"< Application, Lorg/apache/lucene/index/SegmentReader, reopenSegment(Lorg/apache/lucene/index/SegmentInfo;)Lorg/apache/lucene/index/SegmentReader; >"	98	102	24
"< Application, Lorg/apache/lucene/index/CharBlockPool, nextBuffer()V >"	6	9	8
"< Application, Lorg/apache/lucene/search/spans/NearSpansUnordered, <init>(Lorg/apache/lucene/search/spans/SpanNearQuery;Lorg/apache/lucene/index/IndexReader;)V >"	11	14	12
"< Application, Lorg/apache/lucene/demo/html/ParseException, getMessage()Ljava/lang/String; >"	16	14	13
"< Application, Lorg/dacapo/harness/CommandLineArgs, extractBenchmarkSet()Ljava/util/List; >"	33	27	26
"< Application, Lorg/apache/lucene/index/DocFieldConsumers, freePerDoc(Lorg/apache/lucene/index/DocFieldConsumers$PerDoc;)V >"	4	8	7
"< Application, Lorg/apache/lucene/search/RemoteSearchable, main([Ljava/lang/String;)V >"	1	4	1
"< Application, Lorg/apache/lucene/store/LockVerifyServer, main([Ljava/lang/String;)V >"	0	3	1
"< Application, Lorg/apache/lucene/search/function/CustomScoreQuery, customExplain(ILorg/apache/lucene/search/Explanation;[Lorg/apache/lucene/search/Explanation;)Lorg/apache/lucene/search/Explanation; >"	0	6	4
"< Application, Lorg/apache/lucene/demo/SearchFiles, doPagingSearch(Ljava/io/BufferedReader;Lorg/apache/lucene/search/Searcher;Lorg/apache/lucene/search/Query;IZZ)V >"	16	32	151
"< Application, Lorg/apache/lucene/demo/html/HTMLParser, jj_add_error_token(II)V >"	35	30	29
"< Application, Lorg/apache/lucene/queryParser/MultiFieldQueryParser, parse([Ljava/lang/String;[Ljava/lang/String;Lorg/apache/lucene/analysis/Analyzer;)Lorg/apache/lucene/search/Query; >"	1	6	2
"< Application, Lorg/apache/lucene/demo/html/HTMLParser, <init>(Ljava/io/InputStream;Ljava/lang/String;)V >"	68	46	45
"< Application, Lorg/apache/lucene/search/function/CustomScoreQuery$CustomScorer, score()F >"	2	5	4
"< Application, Lorg/apache/lucene/index/MultiReader, reopen()Lorg/apache/lucene/index/IndexReader; >"	70	26	7
"< Application, Lorg/apache/lucene/analysis/standard/StandardTokenizerImpl, zzRefill()Z >"	35	33	32
"< Application, Lorg/apache/lucene/index/ByteSliceWriter, init(I)V >"	19	18	17
"< Application, Lorg/apache/lucene/search/ConjunctionScorer, <init>(Lorg/apache/lucene/search/Similarity;[Lorg/apache/lucene/search/Scorer;)V >"	8	13	12
"< Application, Lorg/apache/lucene/search/function/CustomScoreQuery, clone()Ljava/lang/Object; >"	7	11	10
"< Application, Lorg/apache/lucene/index/MultiSegmentReader, getFieldNames(Lorg/apache/lucene/index/IndexReader$FieldOption;[Lorg/apache/lucene/index/IndexReader;)Ljava/util/Collection; >"	3	7	2
"< Application, Lorg/apache/lucene/index/Payload, setData([B)V >"	0	5	2
"< Application, Lorg/apache/lucene/index/SortedTermVectorMapper, map(Ljava/lang/String;I[Lorg/apache/lucene/index/TermVectorOffsetInfo;[I)V >"	56	43	35
"< Application, Lorg/apache/lucene/search/Query, combine([Lorg/apache/lucene/search/Query;)Lorg/apache/lucene/search/Query; >"	26	28	26
"< Application, Lorg/apache/lucene/index/DocumentsWriter, bufferDeleteTerms([Lorg/apache/lucene/index/Term;)Z >"	2	7	2
"< Application, Lorg/apache/lucene/util/BitVector, isSparse()Z >"	37	14	13
"< Application, Lorg/apache/lucene/analysis/CharArraySet, getSlot([CII)I >"	16	25	24
"< Application, Lorg/apache/lucene/index/TermsHash, shrinkFreePostings(Ljava/util/Map;Lorg/apache/lucene/index/DocumentsWriter$FlushState;)V >"	28	15	14
"< Application, Lorg/apache/lucene/index/SortedTermVectorMapper, map(Ljava/lang/String;I[Lorg/apache/lucene/index/TermVectorOffsetInfo;[I)V >"	59	46	5
"< Application, Lorg/apache/lucene/util/UnicodeUtil, UTF16toUTF8([CILorg/apache/lucene/util/UnicodeUtil$UTF8Result;)V >"	7	14	63
"< Application, Lorg/apache/lucene/util/UnicodeUtil, UTF8toUTF16([BIILorg/apache/lucene/util/UnicodeUtil$UTF16Result;)V >"	20	25	7
"< Application, Lorg/apache/lucene/index/MergeDocIDRemapper, <init>(Lorg/apache/lucene/index/SegmentInfos;[[I[ILorg/apache/lucene/index/MergePolicy$OneMerge;I)V >"	80	78	3
"< Application, Lorg/apache/lucene/index/MultiReader, initialize([Lorg/apache/lucene/index/IndexReader;Z)V >"	8	13	2
"< Application, Lorg/apache/lucene/index/IndexReader, main([Ljava/lang/String;)V >"	1	5	1
"< Application, Lorg/apache/lucene/index/NormsWriter, flush(Ljava/util/Map;Lorg/apache/lucene/index/DocumentsWriter$FlushState;)V >"	44	63	62
"< Application, Lorg/apache/lucene/demo/DeleteFiles, main([Ljava/lang/String;)V >"	0	4	1
"< Application, Lorg/apache/lucene/index/SegmentMerger, mergeNorms()V >"	34	43	63
"< Application, Lorg/apache/lucene/queryParser/MultiFieldQueryParser, parse([Ljava/lang/String;[Ljava/lang/String;[Lorg/apache/lucene/search/BooleanClause$Occur;Lorg/apache/lucene/analysis/Analyzer;)Lorg/apache/lucene/search/Query; >"	12	13	2
"< Application, Lorg/apache/lucene/index/TermsHash, recyclePostings([Lorg/apache/lucene/index/RawPostingList;I)V >"	12	12	11
"< Application, Lorg/apache/lucene/analysis/ISOLatin1AccentFilter, removeAccents([CI)V >"	8	12	11
"< Application, Lorg/apache/lucene/search/payloads/PayloadSpanUtil, queryToSpanQuery(Lorg/apache/lucene/search/Query;Ljava/util/Collection;)V >"	80	19	17
"< Application, Lorg/apache/lucene/index/TermsHash, getPostings([Lorg/apache/lucene/index/RawPostingList;)V >"	61	31	2
"< Application, Lorg/apache/lucene/index/MergeDocIDRemapper, <init>(Lorg/apache/lucene/index/SegmentInfos;[[I[ILorg/apache/lucene/index/MergePolicy$OneMerge;I)V >"	89	88	3
"< Application, Lorg/apache/lucene/index/NormsWriterPerField, finish()V >"	23	18	17
"< Application, Lorg/apache/lucene/analysis/PorterStemmer, main([Ljava/lang/String;)V >"	3	6	1
"< Application, Lorg/apache/lucene/index/IndexFileNameFilter, <init>()V >"	6	8	7
"< Application, Lorg/dacapo/harness/Matcher, matched()Z >"	2	5	4
"< Application, Lorg/dacapo/parser/SimpleCharStream, ReInit(Ljava/io/Reader;III)V >"	7	12	11
"< Application, Lorg/apache/lucene/search/spans/NearSpansOrdered, shrinkToAfterShortestMatch()Z >"	2	5	4
"< Application, Lorg/apache/lucene/search/Hits, getMoreDocs(I)V >"	69	72	28
