"< Application, Lorg/dacapo/parser/ConfigFile, sizeSpec(Lorg/dacapo/parser/Config;)V >"	10	17	[java_constant_int(13), java_constant_int(20), java_constant_int(32), java_constant_int(43), java_constant_int(44)]	"bb13"
"< Application, Lorg/apache/lucene/queryParser/QueryParser, Term(Ljava/lang/String;)Lorg/apache/lucene/search/Query; >"	112	166	[java_constant_int(28), java_constant_int(29)]	"bb105"
"< Application, Lorg/apache/lucene/search/SortField, toString()Ljava/lang/String; >"	3	5	[java_constant_int(0), java_constant_int(1), java_constant_int(9)]	"bb17"
"< Application, Lorg/apache/lucene/queryParser/QueryParserTokenManager, jjStopStringLiteralDfa_2(IJ)I >"	0	2	[java_constant_int(0)]	"bb6"
"< Application, Lorg/dacapo/parser/ConfigFile, descId()Ljava/lang/String; >"	6	8	[java_constant_int(14), java_constant_int(15), java_constant_int(16), java_constant_int(17), java_constant_int(18), java_constant_int(19), java_constant_int(20), java_constant_int(21), java_constant_int(22), java_constant_int(23), java_constant_int(24), java_constant_int(25), java_constant_int(26), java_constant_int(27), java_constant_int(28), java_constant_int(29), java_constant_int(30), java_constant_int(31), java_constant_int(32), java_constant_int(33), java_constant_int(34), java_constant_int(35), java_constant_int(36), java_constant_int(37), java_constant_int(38), java_constant_int(39), java_constant_int(40), java_constant_int(41), java_constant_int(42), java_constant_int(43), java_constant_int(44), java_constant_int(45), java_constant_int(46)]	"bb25"
"< Application, Lorg/dacapo/parser/ConfigFile, digestOption(Lorg/dacapo/parser/Config;Ljava/lang/String;Ljava/lang/String;)V >"	6	11	[java_constant_int(16), java_constant_int(23), java_constant_int(34), java_constant_int(40)]	"bb19"
"< Application, Lorg/apache/lucene/analysis/standard/StandardTokenizerImpl, getNextToken()I >"	62	62	[java_constant_int(1), java_constant_int(2), java_constant_int(3), java_constant_int(4), java_constant_int(5), java_constant_int(6), java_constant_int(7), java_constant_int(8), java_constant_int(9), java_constant_int(10), java_constant_int(11), java_constant_int(12), java_constant_int(13), java_constant_int(14), java_constant_int(15), java_constant_int(16), java_constant_int(17), java_constant_int(18), java_constant_int(19), java_constant_int(20)]	"bb67"
"< Application, Lorg/apache/lucene/demo/html/HTMLParser, ArgValue()Lorg/apache/lucene/demo/html/Token; >"	23	21	[java_constant_int(20)]	"bb27"
"< Application, Lorg/apache/lucene/demo/html/HTMLParserTokenManager, jjMoveNfa_4(II)I >"	17	46	[java_constant_int(0), java_constant_int(1)]	"bb29"
"< Application, Lorg/dacapo/parser/ConfigFileTokenManager, jjMoveStringLiteralDfa3_0(JJ)I >"	13	17	[java_constant_int(95), java_constant_int(96), java_constant_int(97), java_constant_int(98), java_constant_int(99), java_constant_int(100), java_constant_int(101), java_constant_int(102), java_constant_int(103), java_constant_int(104), java_constant_int(105), java_constant_int(106), java_constant_int(107), java_constant_int(108), java_constant_int(109), java_constant_int(110), java_constant_int(111), java_constant_int(112), java_constant_int(113), java_constant_int(114), java_constant_int(115), java_constant_int(116), java_constant_int(117), java_constant_int(118), java_constant_int(119), java_constant_int(120), java_constant_int(121)]	"bb54"
"< Application, Lorg/apache/lucene/demo/html/HTMLParserTokenManager, jjMoveNfa_7(II)I >"	40	62	[java_constant_int(0)]	"bb37"
"< Application, Lorg/dacapo/parser/TokenMgrError, addEscapes(Ljava/lang/String;)Ljava/lang/String; >"	6	9	[java_constant_int(0), java_constant_int(8), java_constant_int(9), java_constant_int(10), java_constant_int(12), java_constant_int(13), java_constant_int(34), java_constant_int(39), java_constant_int(92)]	"bb25"
"< Application, Lorg/apache/lucene/queryParser/QueryParser, Term(Ljava/lang/String;)Lorg/apache/lucene/search/Query; >"	288	26	[java_constant_int(20)]	"bb261"
"< Application, Lorg/apache/lucene/demo/html/HTMLParser, Tag()V >"	20	31	[java_constant_int(16)]	"bb22"
"< Application, Lorg/apache/lucene/demo/html/HTMLParserTokenManager, jjMoveNfa_0(II)I >"	17	55	[java_constant_int(0), java_constant_int(1), java_constant_int(2), java_constant_int(3), java_constant_int(4), java_constant_int(5), java_constant_int(6), java_constant_int(7), java_constant_int(8), java_constant_int(9), java_constant_int(10), java_constant_int(11), java_constant_int(12), java_constant_int(13), java_constant_int(14), java_constant_int(15), java_constant_int(16), java_constant_int(17), java_constant_int(18), java_constant_int(19), java_constant_int(20), java_constant_int(21), java_constant_int(22), java_constant_int(23), java_constant_int(24), java_constant_int(25), java_constant_int(26), java_constant_int(27)]	"bb170"
"< Application, Lorg/apache/lucene/demo/html/HTMLParser, jj_rescan_token()V >"	14	26	[java_constant_int(0), java_constant_int(1)]	"bb20"
"< Application, Lorg/dacapo/parser/ConfigFileTokenManager, jjMoveStringLiteralDfa5_0(JJ)I >"	13	17	[java_constant_int(100), java_constant_int(101), java_constant_int(102), java_constant_int(103), java_constant_int(104), java_constant_int(105), java_constant_int(106), java_constant_int(107), java_constant_int(108), java_constant_int(109), java_constant_int(110), java_constant_int(111), java_constant_int(112), java_constant_int(113), java_constant_int(114), java_constant_int(115), java_constant_int(116), java_constant_int(117), java_constant_int(118), java_constant_int(119), java_constant_int(120), java_constant_int(121)]	"bb56"
"< Application, Lorg/dacapo/parser/ConfigFileTokenManager, SkipLexicalActions(Lorg/dacapo/parser/Token;)V >"	1	4	[]	"bb3"
"< Application, Lorg/apache/lucene/demo/html/HTMLParserTokenManager, jjMoveStringLiteralDfa1_0(J)I >"	8	12	[java_constant_int(33), java_constant_int(115)]	"bb16"
"< Application, Lorg/apache/lucene/demo/html/HTMLParserTokenManager, jjMoveNfa_1(II)I >"	17	53	[java_constant_int(0), java_constant_int(1), java_constant_int(2), java_constant_int(3), java_constant_int(4), java_constant_int(5), java_constant_int(6), java_constant_int(7), java_constant_int(8), java_constant_int(9), java_constant_int(10), java_constant_int(11)]	"bb58"
"< Application, Lorg/apache/lucene/demo/html/HTMLParserTokenManager, jjMoveNfa_1(II)I >"	147	30	[java_constant_int(0), java_constant_int(1), java_constant_int(2), java_constant_int(3)]	"bb131"
"< Application, Lorg/apache/lucene/demo/html/HTMLParser, HTMLDocument()V >"	6	8	[java_constant_int(1), java_constant_int(2), java_constant_int(3), java_constant_int(4), java_constant_int(5), java_constant_int(6), java_constant_int(7), java_constant_int(8), java_constant_int(9), java_constant_int(10), java_constant_int(11), java_constant_int(12), java_constant_int(13)]	"bb8"
"< Application, Lorg/apache/lucene/demo/html/HTMLParserTokenManager, jjMoveNfa_3(II)I >"	76	30	[java_constant_int(0), java_constant_int(1)]	"bb64"
"< Application, Lorg/dacapo/parser/ConfigFile, sizeClause(Lorg/dacapo/parser/Config;Ljava/lang/String;)V >"	25	73	[java_constant_int(51)]	"bb26"
"< Application, Lorg/dacapo/parser/ConfigFileTokenManager, jjMoveStringLiteralDfa2_0(JJ)I >"	13	17	[java_constant_int(97), java_constant_int(98), java_constant_int(99), java_constant_int(100), java_constant_int(101), java_constant_int(102), java_constant_int(103), java_constant_int(104), java_constant_int(105), java_constant_int(106), java_constant_int(107), java_constant_int(108), java_constant_int(109), java_constant_int(110), java_constant_int(111), java_constant_int(112), java_constant_int(113), java_constant_int(114), java_constant_int(115), java_constant_int(116), java_constant_int(117), java_constant_int(118), java_constant_int(119), java_constant_int(120), java_constant_int(121), java_constant_int(122)]	"bb53"
"< Application, Lorg/dacapo/parser/ConfigFileTokenManager, jjMoveStringLiteralDfa6_0(JJ)I >"	13	17	[java_constant_int(45), java_constant_int(97), java_constant_int(101), java_constant_int(103), java_constant_int(110), java_constant_int(112), java_constant_int(115), java_constant_int(117)]	"bb35"
"< Application, Lorg/apache/lucene/queryParser/ParseException, add_escapes(Ljava/lang/String;)Ljava/lang/String; >"	6	10	[java_constant_int(0), java_constant_int(8), java_constant_int(9), java_constant_int(10), java_constant_int(12), java_constant_int(13), java_constant_int(34), java_constant_int(39), java_constant_int(92)]	"bb25"
"< Application, Lorg/dacapo/harness/Callback, init(Lorg/dacapo/parser/Config;)V >"	10	15	[java_constant_int(1), java_constant_int(2)]	"bb23"
"< Application, Lorg/apache/lucene/queryParser/QueryParserTokenManager, jjMoveStringLiteralDfa0_1()I >"	1	3	[java_constant_int(84), java_constant_int(125)]	"bb7"
"< Application, Lorg/apache/lucene/queryParser/QueryParser, jj_rescan_token()V >"	14	23	[java_constant_int(0)]	"bb18"
"< Application, Lorg/apache/lucene/search/FieldDocSortedHitQueue, lessThan(Ljava/lang/Object;Ljava/lang/Object;)Z >"	10	13	[java_constant_int(0), java_constant_int(1), java_constant_int(2), java_constant_int(3), java_constant_int(4), java_constant_int(5), java_constant_int(6), java_constant_int(7), java_constant_int(8), java_constant_int(9), java_constant_int(10)]	"bb128"
"< Application, Lorg/apache/lucene/demo/html/HTMLParserTokenManager, jjMoveNfa_2(II)I >"	100	29	[java_constant_int(0), java_constant_int(1)]	"bb86"
"< Application, Lorg/apache/lucene/search/FieldSortedHitQueue$1, createValue(Lorg/apache/lucene/index/IndexReader;Ljava/lang/Object;)Ljava/lang/Object; >"	6	7	[java_constant_int(2), java_constant_int(3), java_constant_int(4), java_constant_int(5), java_constant_int(6), java_constant_int(7), java_constant_int(8), java_constant_int(9), java_constant_int(10)]	"bb29"
"< Application, Lorg/apache/lucene/demo/html/Token, newToken(I)Lorg/apache/lucene/demo/html/Token; >"	0	1	[]	"bb2"
"< Application, Lorg/apache/lucene/demo/html/HTMLParserTokenManager, jjMoveNfa_1(II)I >"	83	97	[java_constant_int(0), java_constant_int(1), java_constant_int(2), java_constant_int(3), java_constant_int(4), java_constant_int(5), java_constant_int(6), java_constant_int(7), java_constant_int(8), java_constant_int(9)]	"bb112"
"< Application, Lorg/apache/lucene/queryParser/QueryParser, Conjunction()I >"	13	17	[java_constant_int(8), java_constant_int(9)]	"bb17"
"< Application, Lorg/dacapo/parser/ConfigFile, outputClause(Lorg/dacapo/parser/Config;Ljava/lang/String;Ljava/lang/String;)V >"	6	11	[java_constant_int(17), java_constant_int(18), java_constant_int(19), java_constant_int(20), java_constant_int(21), java_constant_int(22), java_constant_int(23), java_constant_int(24), java_constant_int(25), java_constant_int(26), java_constant_int(27), java_constant_int(28), java_constant_int(29)]	"bb52"
"< Application, Lorg/apache/lucene/queryParser/QueryParser, Term(Ljava/lang/String;)Lorg/apache/lucene/search/Query; >"	301	37	[java_constant_int(17)]	"bb273"
"< Application, Lorg/apache/lucene/demo/html/HTMLParserTokenManager, jjMoveNfa_4(II)I >"	63	30	[java_constant_int(0), java_constant_int(1)]	"bb55"
"< Application, Lorg/apache/lucene/analysis/PorterStemmer, step5()V >"	8	9	[java_constant_int(97), java_constant_int(98), java_constant_int(99), java_constant_int(100), java_constant_int(101), java_constant_int(102), java_constant_int(103), java_constant_int(104), java_constant_int(105), java_constant_int(106), java_constant_int(107), java_constant_int(108), java_constant_int(109), java_constant_int(110), java_constant_int(111), java_constant_int(112), java_constant_int(113), java_constant_int(114), java_constant_int(115), java_constant_int(116), java_constant_int(117), java_constant_int(118), java_constant_int(119), java_constant_int(120), java_constant_int(121), java_constant_int(122)]	"bb88"
"< Application, Lorg/apache/lucene/demo/html/HTMLParser, ScriptTag()V >"	7	11	[java_constant_int(14)]	"bb10"
"< Application, Lorg/dacapo/parser/ConfigFile, sizeClause(Lorg/dacapo/parser/Config;Ljava/lang/String;)V >"	16	61	[java_constant_int(49)]	"bb34"
"< Application, Lorg/apache/lucene/queryParser/QueryParserTokenManager, getNextToken()Lorg/apache/lucene/queryParser/Token; >"	10	7	[java_constant_int(0), java_constant_int(1), java_constant_int(2), java_constant_int(3)]	"bb27"
"< Application, Lorg/dacapo/parser/ConfigFileTokenManager, jjMoveStringLiteralDfa1_3(J)I >"	7	9	[java_constant_int(47)]	"bb11"
"< Application, Lorg/apache/lucene/demo/html/HTMLParserTokenManager, jjMoveStringLiteralDfa0_2()I >"	1	3	[java_constant_int(34), java_constant_int(39), java_constant_int(61)]	"bb9"
"< Application, Lorg/dacapo/parser/ConfigFile, libraries(Lorg/dacapo/parser/Config;)V >"	10	15	[java_constant_int(51)]	"bb13"
"< Application, Lorg/apache/lucene/demo/html/HTMLParserTokenManager, jjMoveNfa_5(II)I >"	17	46	[java_constant_int(0), java_constant_int(1)]	"bb29"
"< Application, Lorg/apache/lucene/demo/html/HTMLParserTokenManager, jjMoveStringLiteralDfa0_0()I >"	1	3	[java_constant_int(60)]	"bb5"
"< Application, Lorg/apache/lucene/queryParser/QueryParser, Term(Ljava/lang/String;)Lorg/apache/lucene/search/Query; >"	6	11	[java_constant_int(16), java_constant_int(17), java_constant_int(18), java_constant_int(19), java_constant_int(20), java_constant_int(21), java_constant_int(22), java_constant_int(23), java_constant_int(24), java_constant_int(25)]	"bb291"
"< Application, Lorg/dacapo/parser/ConfigFile, configFile()Lorg/dacapo/parser/Config; >"	25	17	[java_constant_int(20), java_constant_int(37)]	"bb27"
"< Application, Lorg/apache/lucene/queryParser/QueryParserTokenManager, jjMoveNfa_3(II)I >"	17	86	[java_constant_int(0), java_constant_int(1), java_constant_int(2), java_constant_int(3), java_constant_int(4), java_constant_int(5), java_constant_int(6), java_constant_int(7), java_constant_int(8), java_constant_int(9), java_constant_int(10), java_constant_int(11), java_constant_int(12), java_constant_int(13), java_constant_int(14), java_constant_int(15), java_constant_int(16), java_constant_int(17), java_constant_int(18), java_constant_int(19), java_constant_int(20), java_constant_int(21), java_constant_int(22), java_constant_int(23), java_constant_int(24), java_constant_int(25), java_constant_int(26), java_constant_int(27), java_constant_int(28), java_constant_int(29), java_constant_int(30), java_constant_int(31), java_constant_int(32), java_constant_int(33), java_constant_int(34), java_constant_int(35), java_constant_int(36)]	"bb133"
"< Application, Lorg/dacapo/parser/ConfigFileTokenManager, jjMoveStringLiteralDfa10_0(JJ)I >"	13	17	[java_constant_int(101), java_constant_int(105), java_constant_int(110)]	"bb19"
"< Application, Lorg/apache/lucene/queryParser/QueryParser, Clause(Ljava/lang/String;)Lorg/apache/lucene/search/Query; >"	43	63	[java_constant_int(17)]	"bb44"
"< Application, Lorg/apache/lucene/queryParser/TokenMgrError, addEscapes(Ljava/lang/String;)Ljava/lang/String; >"	6	9	[java_constant_int(0), java_constant_int(8), java_constant_int(9), java_constant_int(10), java_constant_int(12), java_constant_int(13), java_constant_int(34), java_constant_int(39), java_constant_int(92)]	"bb25"
"< Application, Lorg/dacapo/parser/ParseException, add_escapes(Ljava/lang/String;)Ljava/lang/String; >"	6	9	[java_constant_int(0), java_constant_int(8), java_constant_int(9), java_constant_int(10), java_constant_int(12), java_constant_int(13), java_constant_int(34), java_constant_int(39), java_constant_int(92)]	"bb25"
"< Application, Lorg/apache/lucene/demo/html/HTMLParserTokenManager, jjMoveStringLiteralDfa0_7()I >"	1	3	[java_constant_int(62)]	"bb5"
"< Application, Lorg/dacapo/parser/ConfigFileTokenManager, jjMoveStringLiteralDfa4_0(JJ)I >"	13	17	[java_constant_int(97), java_constant_int(98), java_constant_int(99), java_constant_int(100), java_constant_int(101), java_constant_int(102), java_constant_int(103), java_constant_int(104), java_constant_int(105), java_constant_int(106), java_constant_int(107), java_constant_int(108), java_constant_int(109), java_constant_int(110), java_constant_int(111), java_constant_int(112), java_constant_int(113), java_constant_int(114), java_constant_int(115), java_constant_int(116), java_constant_int(117)]	"bb51"
"< Application, Lorg/apache/lucene/demo/html/HTMLParserTokenManager, jjMoveStringLiteralDfa1_6(J)I >"	8	12	[java_constant_int(45)]	"bb11"
"< Application, Lorg/apache/lucene/demo/html/HTMLParserTokenManager, jjMoveNfa_0(II)I >"	309	30	[java_constant_int(22), java_constant_int(23), java_constant_int(24), java_constant_int(25), java_constant_int(26), java_constant_int(27)]	"bb254"
"< Application, Lorg/apache/lucene/queryParser/QueryParser, Term(Ljava/lang/String;)Lorg/apache/lucene/search/Query; >"	143	196	[java_constant_int(28), java_constant_int(29)]	"bb133"
"< Application, Lorg/dacapo/parser/ConfigFileTokenManager, getNextToken()Lorg/dacapo/parser/Token; >"	17	11	[java_constant_int(0), java_constant_int(1), java_constant_int(2), java_constant_int(3)]	"bb59"
"< Application, Lorg/dacapo/parser/ConfigFile, threadModel()Lorg/dacapo/parser/Config$ThreadModel; >"	6	8	[java_constant_int(24), java_constant_int(33), java_constant_int(36)]	"bb13"
"< Application, Lorg/apache/lucene/queryParser/QueryParser, Query(Ljava/lang/String;)Lorg/apache/lucene/search/Query; >"	13	19	[java_constant_int(8), java_constant_int(9), java_constant_int(10), java_constant_int(11), java_constant_int(12), java_constant_int(13), java_constant_int(14), java_constant_int(15), java_constant_int(16), java_constant_int(17), java_constant_int(18), java_constant_int(19), java_constant_int(20), java_constant_int(21), java_constant_int(22), java_constant_int(23), java_constant_int(24), java_constant_int(25)]	"bb15"
"< Application, Lorg/apache/lucene/demo/html/HTMLParserTokenManager, jjMoveStringLiteralDfa2_0(JJ)I >"	13	17	[java_constant_int(45), java_constant_int(99)]	"bb16"
"< Application, Lorg/apache/lucene/demo/html/HTMLParser, ArgValue()Lorg/apache/lucene/demo/html/Token; >"	42	31	[java_constant_int(21)]	"bb45"
"< Application, Lorg/apache/lucene/demo/html/HTMLParserTokenManager, jjMoveStringLiteralDfa5_0(JJ)I >"	13	17	[java_constant_int(112)]	"bb14"
"< Application, Lorg/apache/lucene/queryParser/QueryParserTokenManager, jjStopStringLiteralDfa_3(IJ)I >"	0	2	[]	"bb2"
"< Application, Lorg/apache/lucene/queryParser/QueryParser, Term(Ljava/lang/String;)Lorg/apache/lucene/search/Query; >"	131	185	[java_constant_int(26)]	"bb120"
"< Application, Lorg/apache/lucene/queryParser/QueryParserTokenManager, jjMoveNfa_0(II)I >"	68	36	[]	"bb50"
"< Application, Lorg/apache/lucene/demo/html/HTMLParserTokenManager, jjMoveNfa_6(II)I >"	47	65	[java_constant_int(0), java_constant_int(1)]	"bb40"
"< Application, Lorg/apache/lucene/queryParser/QueryParser, Term(Ljava/lang/String;)Lorg/apache/lucene/search/Query; >"	251	126	[java_constant_int(17)]	"bb229"
"< Application, Lorg/apache/lucene/demo/html/HTMLParser, Tag()V >"	41	47	[java_constant_int(19), java_constant_int(20), java_constant_int(21)]	"bb86"
"< Application, Lorg/apache/lucene/demo/html/HTMLParserTokenManager, jjMoveNfa_3(II)I >"	17	46	[java_constant_int(0), java_constant_int(1), java_constant_int(2)]	"bb36"
"< Application, Lorg/apache/lucene/queryParser/QueryParser, Conjunction()I >"	6	9	[java_constant_int(8), java_constant_int(9)]	"bb24"
"< Application, Lorg/dacapo/parser/ConfigFileTokenManager, jjMoveNfa_1(II)I >"	68	30	[]	"bb54"
"< Application, Lorg/apache/lucene/demo/html/HTMLParserTokenManager, jjMoveNfa_7(II)I >"	60	29	[java_constant_int(0)]	"bb55"
"< Application, Lorg/apache/lucene/demo/html/HTMLParser, Decl()Lorg/apache/lucene/demo/html/Token; >"	7	11	[java_constant_int(16), java_constant_int(17), java_constant_int(18), java_constant_int(19), java_constant_int(20), java_constant_int(21)]	"bb10"
"< Application, Lorg/apache/lucene/queryParser/QueryParserTokenManager, jjCanMove_0(IIIJJ)Z >"	0	1	[java_constant_int(0)]	"bb7"
"< Application, Lorg/dacapo/parser/ConfigFile, configFile()Lorg/dacapo/parser/Config; >"	7	10	[java_constant_int(20), java_constant_int(37)]	"bb13"
"< Application, Lorg/apache/lucene/queryParser/QueryParserTokenManager, jjMoveNfa_3(II)I >"	171	181	[java_constant_int(0), java_constant_int(1), java_constant_int(2), java_constant_int(3), java_constant_int(4), java_constant_int(5), java_constant_int(6), java_constant_int(7), java_constant_int(8), java_constant_int(9), java_constant_int(10), java_constant_int(11), java_constant_int(12), java_constant_int(13), java_constant_int(14), java_constant_int(15), java_constant_int(16), java_constant_int(17), java_constant_int(18), java_constant_int(19), java_constant_int(20), java_constant_int(21), java_constant_int(22), java_constant_int(23), java_constant_int(24), java_constant_int(25), java_constant_int(26), java_constant_int(27), java_constant_int(28), java_constant_int(29), java_constant_int(30), java_constant_int(31), java_constant_int(32), java_constant_int(33), java_constant_int(34), java_constant_int(35), java_constant_int(36)]	"bb333"
"< Application, Lorg/apache/lucene/queryParser/QueryParserTokenManager, jjMoveStringLiteralDfa0_3()I >"	1	3	[java_constant_int(40), java_constant_int(41), java_constant_int(42), java_constant_int(43), java_constant_int(45), java_constant_int(58), java_constant_int(91), java_constant_int(94), java_constant_int(123)]	"bb21"
"< Application, Lorg/dacapo/parser/ConfigFile, outputClause(Lorg/dacapo/parser/Config;Ljava/lang/String;Ljava/lang/String;)V >"	14	46	[java_constant_int(52)]	"bb32"
"< Application, Lorg/dacapo/parser/ConfigFile, outputFile(Lorg/dacapo/parser/Config;Ljava/lang/String;)V >"	28	34	[java_constant_int(17), java_constant_int(18), java_constant_int(19), java_constant_int(20), java_constant_int(21), java_constant_int(22), java_constant_int(23), java_constant_int(24), java_constant_int(25), java_constant_int(26), java_constant_int(27), java_constant_int(28), java_constant_int(29)]	"bb28"
"< Application, Lorg/apache/lucene/demo/html/SimpleCharStream, UpdateLineColumn(C)V >"	21	2	[java_constant_int(9), java_constant_int(10), java_constant_int(11), java_constant_int(12), java_constant_int(13)]	"bb33"
"< Application, Lorg/apache/lucene/demo/html/HTMLParserTokenManager, jjMoveStringLiteralDfa6_0(JJ)I >"	13	17	[java_constant_int(116)]	"bb15"
"< Application, Lorg/apache/lucene/queryParser/QueryParser, Modifiers()I >"	13	17	[java_constant_int(10), java_constant_int(11), java_constant_int(12)]	"bb19"
"< Application, Lorg/dacapo/parser/ConfigFileTokenManager, jjMoveStringLiteralDfa0_2()I >"	1	3	[java_constant_int(42)]	"bb5"
"< Application, Lorg/apache/lucene/demo/html/HTMLParserTokenManager, jjMoveNfa_6(II)I >"	17	46	[java_constant_int(0), java_constant_int(1)]	"bb29"
"< Application, Lorg/apache/lucene/demo/html/TokenMgrError, addEscapes(Ljava/lang/String;)Ljava/lang/String; >"	6	9	[java_constant_int(0), java_constant_int(8), java_constant_int(9), java_constant_int(10), java_constant_int(12), java_constant_int(13), java_constant_int(34), java_constant_int(39), java_constant_int(92)]	"bb25"
"< Application, Lorg/dacapo/parser/ConfigFileTokenManager, jjMoveNfa_0(II)I >"	223	30	[java_constant_int(1), java_constant_int(10)]	"bb180"
"< Application, Lorg/dacapo/parser/ConfigFile, outputClause(Lorg/dacapo/parser/Config;Ljava/lang/String;Ljava/lang/String;)V >"	23	58	[java_constant_int(51)]	"bb23"
"< Application, Lorg/apache/lucene/demo/html/HTMLParserTokenManager, jjMoveNfa_2(II)I >"	17	45	[java_constant_int(0), java_constant_int(1), java_constant_int(2), java_constant_int(3), java_constant_int(4), java_constant_int(5)]	"bb58"
"< Application, Lorg/apache/lucene/demo/html/HTMLParserTokenManager, jjMoveStringLiteralDfa0_3()I >"	1	3	[java_constant_int(34), java_constant_int(39)]	"bb7"
"< Application, Lorg/apache/lucene/demo/html/HTMLParser, HTMLDocument()V >"	18	13	[java_constant_int(1), java_constant_int(2), java_constant_int(3), java_constant_int(4), java_constant_int(5), java_constant_int(6), java_constant_int(7), java_constant_int(8), java_constant_int(9), java_constant_int(10), java_constant_int(11), java_constant_int(12), java_constant_int(13)]	"bb50"
"< Application, Lorg/apache/lucene/queryParser/QueryParserTokenManager, jjMoveStringLiteralDfa1_1(J)I >"	8	12	[java_constant_int(79)]	"bb12"
"< Application, Lorg/apache/lucene/queryParser/QueryParser, Term(Ljava/lang/String;)Lorg/apache/lucene/search/Query; >"	13	253	[java_constant_int(16), java_constant_int(17), java_constant_int(18), java_constant_int(19), java_constant_int(20), java_constant_int(21), java_constant_int(22), java_constant_int(23), java_constant_int(24), java_constant_int(25)]	"bb23"
"< Application, Lorg/apache/lucene/queryParser/QueryParserTokenManager, jjMoveStringLiteralDfa1_2(J)I >"	8	12	[java_constant_int(79)]	"bb12"
"< Application, Lorg/dacapo/parser/ConfigFileTokenManager, jjMoveStringLiteralDfa1_0(J)I >"	8	12	[java_constant_int(42), java_constant_int(47), java_constant_int(97), java_constant_int(101), java_constant_int(104), java_constant_int(105), java_constant_int(108), java_constant_int(111), java_constant_int(114), java_constant_int(116), java_constant_int(117), java_constant_int(120), java_constant_int(121)]	"bb37"
"< Application, Lorg/dacapo/parser/ConfigFile, config()Lorg/dacapo/parser/Config; >"	11	17	[java_constant_int(18), java_constant_int(25), java_constant_int(27), java_constant_int(45)]	"bb14"
"< Application, Lorg/dacapo/parser/Config, getThreadCount(Ljava/lang/String;)I >"	4	9	[java_constant_int(1), java_constant_int(2), java_constant_int(3)]	"bb15"
"< Application, Lorg/apache/lucene/queryParser/QueryParserTokenManager, jjMoveNfa_1(II)I >"	17	54	[java_constant_int(0), java_constant_int(1), java_constant_int(2), java_constant_int(3), java_constant_int(4), java_constant_int(5), java_constant_int(6)]	"bb48"
"< Application, Lorg/apache/commons/cli/PatternOptionBuilder, getValueClass(C)Ljava/lang/Object; >"	0	1	[java_constant_int(35), java_constant_int(36), java_constant_int(37), java_constant_int(38), java_constant_int(39), java_constant_int(40), java_constant_int(41), java_constant_int(42), java_constant_int(43), java_constant_int(44), java_constant_int(45), java_constant_int(46), java_constant_int(47), java_constant_int(48), java_constant_int(49), java_constant_int(50), java_constant_int(51), java_constant_int(52), java_constant_int(53), java_constant_int(54), java_constant_int(55), java_constant_int(56), java_constant_int(57), java_constant_int(58), java_constant_int(59), java_constant_int(60), java_constant_int(61), java_constant_int(62), java_constant_int(63), java_constant_int(64)]	"bb11"
"< Application, Lorg/apache/lucene/queryParser/QueryParser, Modifiers()I >"	6	9	[java_constant_int(10), java_constant_int(11), java_constant_int(12)]	"bb26"
"< Application, Lorg/apache/lucene/queryParser/QueryParser, Term(Ljava/lang/String;)Lorg/apache/lucene/search/Query; >"	60	302	[java_constant_int(20)]	"bb57"
"< Application, Lorg/apache/lucene/demo/html/HTMLParser, CommentTag()V >"	31	23	[java_constant_int(29)]	"bb33"
"< Application, Lorg/apache/lucene/demo/html/HTMLParserTokenManager, jjMoveStringLiteralDfa0_6()I >"	1	3	[java_constant_int(45)]	"bb5"
"< Application, Lorg/dacapo/parser/ConfigFileTokenManager, jjMoveNfa_1(II)I >"	17	36	[java_constant_int(0), java_constant_int(1), java_constant_int(2)]	"bb37"
"< Application, Lorg/apache/lucene/analysis/ISOLatin1AccentFilter, removeAccents([CI)V >"	24	15	[java_constant_int(192), java_constant_int(193), java_constant_int(194), java_constant_int(195), java_constant_int(196), java_constant_int(197), java_constant_int(198), java_constant_int(199), java_constant_int(200), java_constant_int(201), java_constant_int(202), java_constant_int(203), java_constant_int(204), java_constant_int(205), java_constant_int(206), java_constant_int(207), java_constant_int(208), java_constant_int(209), java_constant_int(210), java_constant_int(211), java_constant_int(212), java_constant_int(213), java_constant_int(214), java_constant_int(216), java_constant_int(217), java_constant_int(218), java_constant_int(219), java_constant_int(220), java_constant_int(221), java_constant_int(222), java_constant_int(223), java_constant_int(224), java_constant_int(225), java_constant_int(226), java_constant_int(227), java_constant_int(228), java_constant_int(229), java_constant_int(230), java_constant_int(231), java_constant_int(232), java_constant_int(233), java_constant_int(234), java_constant_int(235), java_constant_int(236), java_constant_int(237), java_constant_int(238), java_constant_int(239), java_constant_int(240), java_constant_int(241), java_constant_int(242), java_constant_int(243), java_constant_int(244), java_constant_int(245), java_constant_int(246), java_constant_int(248), java_constant_int(249), java_constant_int(250), java_constant_int(251), java_constant_int(252), java_constant_int(253), java_constant_int(254), java_constant_int(255), java_constant_int(306), java_constant_int(307), java_constant_int(338), java_constant_int(339), java_constant_int(376), java_constant_int(64256), java_constant_int(64257), java_constant_int(64258), java_constant_int(64261), java_constant_int(64262)]	"bb239"
"< Application, Lorg/apache/lucene/queryParser/QueryParserTokenManager, jjMoveStringLiteralDfa0_2()I >"	1	3	[java_constant_int(84), java_constant_int(93)]	"bb7"
"< Application, Lorg/dacapo/parser/ConfigFileTokenManager, jjMoveStringLiteralDfa9_0(JJ)I >"	13	17	[java_constant_int(100), java_constant_int(109), java_constant_int(111)]	"bb18"
"< Application, Lorg/dacapo/parser/SimpleCharStream, UpdateLineColumn(C)V >"	21	2	[java_constant_int(9), java_constant_int(10), java_constant_int(11), java_constant_int(12), java_constant_int(13)]	"bb33"
"< Application, Lorg/apache/lucene/demo/html/HTMLParserTokenManager, jjMoveStringLiteralDfa4_0(JJ)I >"	13	17	[java_constant_int(105)]	"bb14"
"< Application, Lorg/dacapo/parser/ConfigFileTokenManager, jjMoveNfa_0(II)I >"	169	151	[java_constant_int(1), java_constant_int(2), java_constant_int(3), java_constant_int(4), java_constant_int(5), java_constant_int(6), java_constant_int(7), java_constant_int(8), java_constant_int(9), java_constant_int(10), java_constant_int(11), java_constant_int(12)]	"bb164"
"< Application, Lorg/apache/lucene/queryParser/Token, newToken(ILjava/lang/String;)Lorg/apache/lucene/queryParser/Token; >"	0	1	[]	"bb2"
"< Application, Lorg/apache/lucene/analysis/PorterStemmer, step4()V >"	3	5	[java_constant_int(101), java_constant_int(105), java_constant_int(108), java_constant_int(115)]	"bb32"
"< Application, Lorg/apache/commons/cli/Option, addValueForProcessing(Ljava/lang/String;)V >"	1	4	[java_constant_int(-1)]	"bb6"
"< Application, Lorg/apache/lucene/demo/html/HTMLParserTokenManager, jjMoveNfa_5(II)I >"	47	66	[java_constant_int(0), java_constant_int(1)]	"bb40"
"< Application, Lorg/apache/lucene/demo/html/HTMLParserTokenManager, jjMoveNfa_3(II)I >"	58	75	[java_constant_int(0), java_constant_int(1)]	"bb49"
"< Application, Lorg/apache/lucene/demo/html/HTMLParserTokenManager, jjMoveNfa_7(II)I >"	17	47	[java_constant_int(0)]	"bb23"
"< Application, Lorg/apache/lucene/analysis/PorterStemmer, step3()V >"	8	9	[java_constant_int(97), java_constant_int(98), java_constant_int(99), java_constant_int(100), java_constant_int(101), java_constant_int(102), java_constant_int(103), java_constant_int(104), java_constant_int(105), java_constant_int(106), java_constant_int(107), java_constant_int(108), java_constant_int(109), java_constant_int(110), java_constant_int(111), java_constant_int(112), java_constant_int(113), java_constant_int(114), java_constant_int(115), java_constant_int(116)]	"bb92"
"< Application, Lorg/dacapo/parser/ConfigFileTokenManager, jjMoveNfa_0(II)I >"	17	50	[java_constant_int(0), java_constant_int(1), java_constant_int(2), java_constant_int(3), java_constant_int(4), java_constant_int(5), java_constant_int(6), java_constant_int(7), java_constant_int(8), java_constant_int(9), java_constant_int(10), java_constant_int(11), java_constant_int(12), java_constant_int(13), java_constant_int(14), java_constant_int(15), java_constant_int(16), java_constant_int(17), java_constant_int(18)]	"bb125"
"< Application, Lorg/apache/lucene/queryParser/QueryParser, Term(Ljava/lang/String;)Lorg/apache/lucene/search/Query; >"	219	97	[java_constant_int(30)]	"bb199"
"< Application, Lorg/apache/lucene/queryParser/QueryParserTokenManager, jjMoveNfa_2(II)I >"	108	36	[java_constant_int(0), java_constant_int(2), java_constant_int(6)]	"bb92"
"< Application, Lorg/apache/lucene/demo/html/HTMLParser, Decl()Lorg/apache/lucene/demo/html/Token; >"	19	16	[java_constant_int(16), java_constant_int(17), java_constant_int(18), java_constant_int(19), java_constant_int(20), java_constant_int(21)]	"bb26"
"< Application, Lorg/apache/lucene/queryParser/QueryParser, Term(Ljava/lang/String;)Lorg/apache/lucene/search/Query; >"	163	216	[java_constant_int(17)]	"bb150"
"< Application, Lorg/apache/lucene/queryParser/QueryParser, Clause(Ljava/lang/String;)Lorg/apache/lucene/search/Query; >"	31	43	[java_constant_int(13), java_constant_int(14), java_constant_int(15), java_constant_int(16), java_constant_int(17), java_constant_int(18), java_constant_int(19), java_constant_int(20), java_constant_int(21), java_constant_int(22), java_constant_int(23), java_constant_int(24), java_constant_int(25)]	"bb48"
"< Application, Lorg/apache/lucene/demo/html/HTMLParserTokenManager, jjMoveStringLiteralDfa3_0(JJ)I >"	13	17	[java_constant_int(45), java_constant_int(114)]	"bb17"
"< Application, Lorg/apache/lucene/queryParser/QueryParser, Clause(Ljava/lang/String;)Lorg/apache/lucene/search/Query; >"	8	14	[java_constant_int(16), java_constant_int(19)]	"bb17"
"< Application, Lorg/apache/lucene/queryParser/QueryParser, Term(Ljava/lang/String;)Lorg/apache/lucene/search/Query; >"	231	107	[java_constant_int(32), java_constant_int(33)]	"bb212"
"< Application, Lorg/apache/lucene/demo/html/HTMLParserTokenManager, jjMoveNfa_0(II)I >"	226	192	[java_constant_int(4), java_constant_int(5), java_constant_int(6), java_constant_int(7), java_constant_int(8), java_constant_int(9), java_constant_int(10), java_constant_int(11), java_constant_int(12), java_constant_int(13), java_constant_int(14), java_constant_int(15), java_constant_int(16), java_constant_int(17), java_constant_int(18), java_constant_int(19), java_constant_int(20), java_constant_int(21), java_constant_int(22), java_constant_int(23), java_constant_int(24), java_constant_int(25), java_constant_int(26), java_constant_int(27)]	"bb232"
"< Application, Lorg/apache/lucene/demo/html/ParseException, add_escapes(Ljava/lang/String;)Ljava/lang/String; >"	6	10	[java_constant_int(0), java_constant_int(8), java_constant_int(9), java_constant_int(10), java_constant_int(12), java_constant_int(13), java_constant_int(34), java_constant_int(39), java_constant_int(92)]	"bb25"
"< Application, Lorg/dacapo/parser/Token, newToken(ILjava/lang/String;)Lorg/dacapo/parser/Token; >"	0	1	[]	"bb2"
"< Application, Lorg/apache/lucene/queryParser/QueryParserTokenManager, jjMoveNfa_3(II)I >"	414	36	[java_constant_int(0), java_constant_int(1), java_constant_int(2), java_constant_int(3), java_constant_int(4), java_constant_int(5), java_constant_int(6), java_constant_int(7), java_constant_int(8), java_constant_int(9), java_constant_int(10), java_constant_int(11), java_constant_int(12), java_constant_int(13), java_constant_int(14), java_constant_int(15), java_constant_int(16), java_constant_int(17), java_constant_int(18), java_constant_int(19), java_constant_int(20), java_constant_int(21), java_constant_int(22), java_constant_int(23), java_constant_int(24), java_constant_int(25), java_constant_int(26), java_constant_int(27), java_constant_int(28), java_constant_int(29), java_constant_int(30), java_constant_int(31), java_constant_int(32), java_constant_int(33), java_constant_int(34), java_constant_int(35), java_constant_int(36)]	"bb389"
"< Application, Lorg/apache/lucene/queryParser/QueryParserTokenManager, jjStopStringLiteralDfa_1(IJ)I >"	0	2	[java_constant_int(0)]	"bb6"
"< Application, Lorg/dacapo/parser/ConfigFileTokenManager, MoreLexicalActions()V >"	7	8	[java_constant_int(7)]	"bb16"
"< Application, Lorg/apache/lucene/queryParser/QueryParserTokenManager, jjMoveNfa_0(II)I >"	17	42	[java_constant_int(0), java_constant_int(1), java_constant_int(2)]	"bb32"
"< Application, Lorg/dacapo/parser/ConfigFileTokenManager, jjMoveStringLiteralDfa7_0(JJ)I >"	13	17	[java_constant_int(104), java_constant_int(105), java_constant_int(106), java_constant_int(107), java_constant_int(108), java_constant_int(109), java_constant_int(110), java_constant_int(111), java_constant_int(112), java_constant_int(113), java_constant_int(114), java_constant_int(115), java_constant_int(116)]	"bb22"
"< Application, Lorg/apache/lucene/demo/html/HTMLParserTokenManager, jjMoveStringLiteralDfa2_6(JJ)I >"	13	17	[java_constant_int(62)]	"bb15"
"< Application, Lorg/dacapo/parser/ConfigFile, sizeClause(Lorg/dacapo/parser/Config;Ljava/lang/String;)V >"	60	28	[java_constant_int(51)]	"bb60"
"< Application, Lorg/dacapo/parser/ConfigFileTokenManager, jjMoveStringLiteralDfa8_0(JJ)I >"	13	17	[java_constant_int(105), java_constant_int(107), java_constant_int(111), java_constant_int(116)]	"bb22"
"< Application, Lorg/apache/lucene/demo/html/HTMLParserTokenManager, jjStopStringLiteralDfa_3(IJ)I >"	0	2	[]	"bb2"
"< Application, Lorg/apache/lucene/demo/html/HTMLParser, ArgValue()Lorg/apache/lucene/demo/html/Token; >"	6	9	[java_constant_int(19)]	"bb9"
"< Application, Lorg/apache/lucene/demo/html/HTMLParser, Tag()V >"	33	39	[java_constant_int(17)]	"bb90"
"< Application, Lorg/dacapo/parser/ConfigFileTokenManager, jjMoveStringLiteralDfa0_0()I >"	1	3	[java_constant_int(40), java_constant_int(41), java_constant_int(42), java_constant_int(43), java_constant_int(44), java_constant_int(45), java_constant_int(46), java_constant_int(47), java_constant_int(48), java_constant_int(49), java_constant_int(50), java_constant_int(51), java_constant_int(52), java_constant_int(53), java_constant_int(54), java_constant_int(55), java_constant_int(56), java_constant_int(57), java_constant_int(58), java_constant_int(59), java_constant_int(60), java_constant_int(61), java_constant_int(62), java_constant_int(63), java_constant_int(64), java_constant_int(65), java_constant_int(66), java_constant_int(67), java_constant_int(68), java_constant_int(69), java_constant_int(70), java_constant_int(71), java_constant_int(72), java_constant_int(73), java_constant_int(74), java_constant_int(75), java_constant_int(76), java_constant_int(77), java_constant_int(78), java_constant_int(79), java_constant_int(80), java_constant_int(81), java_constant_int(82), java_constant_int(83), java_constant_int(84), java_constant_int(85), java_constant_int(86), java_constant_int(87), java_constant_int(88), java_constant_int(89), java_constant_int(90), java_constant_int(91), java_constant_int(92), java_constant_int(93), java_constant_int(94), java_constant_int(95), java_constant_int(96), java_constant_int(97), java_constant_int(98), java_constant_int(99), java_constant_int(100), java_constant_int(101), java_constant_int(102), java_constant_int(103), java_constant_int(104), java_constant_int(105), java_constant_int(106), java_constant_int(107), java_constant_int(108), java_constant_int(109), java_constant_int(110), java_constant_int(111), java_constant_int(112), java_constant_int(113), java_constant_int(114), java_constant_int(115), java_constant_int(116), java_constant_int(117), java_constant_int(118)]	"bb47"
"< Application, Lorg/apache/lucene/demo/html/HTMLParserTokenManager, jjStopStringLiteralDfa_0(IJ)I >"	0	2	[java_constant_int(0), java_constant_int(1), java_constant_int(2), java_constant_int(3), java_constant_int(4), java_constant_int(5)]	"bb34"
"< Application, Lorg/apache/lucene/demo/html/HTMLParserTokenManager, getNextToken()Lorg/apache/lucene/demo/html/Token; >"	10	8	[java_constant_int(0), java_constant_int(1), java_constant_int(2), java_constant_int(3), java_constant_int(4), java_constant_int(5), java_constant_int(6), java_constant_int(7)]	"bb48"
"< Application, Lorg/apache/lucene/queryParser/QueryParserTokenManager, jjMoveNfa_1(II)I >"	71	92	[java_constant_int(0), java_constant_int(1), java_constant_int(2), java_constant_int(3), java_constant_int(4), java_constant_int(5), java_constant_int(6)]	"bb72"
"< Application, Lorg/apache/lucene/demo/html/HTMLParser, CommentTag()V >"	14	40	[java_constant_int(27)]	"bb16"
"< Application, Lorg/apache/lucene/demo/html/HTMLParserTokenManager, jjMoveNfa_5(II)I >"	63	30	[java_constant_int(0), java_constant_int(1)]	"bb55"
"< Application, Lorg/apache/lucene/queryParser/QueryParserTokenManager, jjMoveNfa_0(II)I >"	50	68	[]	"bb41"
"< Application, Lorg/apache/lucene/demo/html/HTMLParserTokenManager, jjMoveNfa_6(II)I >"	63	30	[java_constant_int(0), java_constant_int(1)]	"bb55"
"< Application, Lorg/dacapo/parser/ConfigFile, sizeClause(Lorg/dacapo/parser/Config;Ljava/lang/String;)V >"	8	12	[java_constant_int(13), java_constant_int(20), java_constant_int(32), java_constant_int(43), java_constant_int(44)]	"bb67"
"< Application, Lorg/apache/lucene/analysis/PorterStemmer, cons(I)Z >"	2	5	[java_constant_int(97), java_constant_int(101), java_constant_int(105), java_constant_int(111), java_constant_int(117), java_constant_int(121)]	"bb13"
"< Application, Lorg/dacapo/parser/ConfigFile, outputFile(Lorg/dacapo/parser/Config;Ljava/lang/String;)V >"	6	10	[java_constant_int(38), java_constant_int(39), java_constant_int(49)]	"bb13"
"< Application, Lorg/dacapo/parser/ConfigFileTokenManager, jjMoveNfa_1(II)I >"	55	62	[]	"bb46"
"< Application, Lorg/apache/lucene/demo/html/HTMLParserTokenManager, jjStopStringLiteralDfa_7(IJ)I >"	0	2	[]	"bb2"
"< Application, Lorg/apache/lucene/queryParser/QueryParserTokenManager, jjMoveNfa_1(II)I >"	108	36	[java_constant_int(0), java_constant_int(2), java_constant_int(6)]	"bb92"
"< Application, Lorg/apache/lucene/demo/html/HTMLParserTokenManager, jjMoveNfa_2(II)I >"	82	88	[java_constant_int(0), java_constant_int(1)]	"bb71"
"< Application, Lorg/dacapo/parser/ConfigFileTokenManager, jjStopStringLiteralDfa_0(IJ)I >"	0	2	[java_constant_int(0), java_constant_int(1), java_constant_int(2), java_constant_int(3), java_constant_int(4), java_constant_int(5), java_constant_int(6), java_constant_int(7), java_constant_int(8), java_constant_int(9), java_constant_int(10)]	"bb74"
"< Application, Lorg/dacapo/parser/ConfigFile, configOption(Lorg/dacapo/parser/Config;)V >"	6	9	[java_constant_int(18), java_constant_int(25), java_constant_int(27), java_constant_int(45)]	"bb22"
"< Application, Lorg/dacapo/parser/ConfigFile, description(Lorg/dacapo/parser/Config;)V >"	8	13	[java_constant_int(51)]	"bb10"
"< Application, Lorg/apache/lucene/queryParser/QueryParserTokenManager, jjMoveNfa_2(II)I >"	17	54	[java_constant_int(0), java_constant_int(1), java_constant_int(2), java_constant_int(3), java_constant_int(4), java_constant_int(5), java_constant_int(6)]	"bb48"
"< Application, Lorg/dacapo/harness/Callback, runAgain()Z >"	25	32	[java_constant_int(1), java_constant_int(2)]	"bb85"
"< Application, Lorg/dacapo/parser/ConfigFileTokenManager, jjMoveStringLiteralDfa1_2(J)I >"	7	9	[java_constant_int(47)]	"bb11"
"< Application, Lorg/apache/lucene/demo/html/HTMLParserTokenManager, jjStopStringLiteralDfa_2(IJ)I >"	0	2	[]	"bb2"
"< Application, Lorg/dacapo/parser/ConfigFileTokenManager, jjMoveStringLiteralDfa0_3()I >"	1	3	[java_constant_int(42)]	"bb5"
"< Application, Lorg/apache/lucene/demo/html/HTMLParser, CommentTag()V >"	6	8	[java_constant_int(4), java_constant_int(5)]	"bb41"
"< Application, Lorg/apache/lucene/demo/html/HTMLParserTokenManager, jjStopStringLiteralDfa_6(IJ)I >"	0	2	[java_constant_int(0), java_constant_int(1)]	"bb13"
"< Application, Lorg/apache/lucene/queryParser/QueryParser, Term(Ljava/lang/String;)Lorg/apache/lucene/search/Query; >"	38	278	[java_constant_int(20)]	"bb38"
"< Application, Lorg/apache/lucene/queryParser/QueryParser, Term(Ljava/lang/String;)Lorg/apache/lucene/search/Query; >"	200	78	[java_constant_int(32), java_constant_int(33)]	"bb184"
"< Application, Lorg/dacapo/parser/ConfigFileTokenManager, jjMoveStringLiteralDfa11_0(JJ)I >"	13	17	[java_constant_int(108), java_constant_int(116)]	"bb18"
"< Application, Lorg/apache/lucene/queryParser/QueryParserTokenManager, jjMoveNfa_2(II)I >"	71	92	[java_constant_int(0), java_constant_int(1), java_constant_int(2), java_constant_int(3), java_constant_int(4), java_constant_int(5), java_constant_int(6)]	"bb72"
"< Application, Lorg/apache/lucene/queryParser/QueryParser, Term(Ljava/lang/String;)Lorg/apache/lucene/search/Query; >"	51	290	[java_constant_int(17)]	"bb61"
"< Application, Lorg/apache/lucene/demo/html/HTMLParserTokenManager, jjMoveNfa_4(II)I >"	47	66	[java_constant_int(0), java_constant_int(1)]	"bb40"
