"< Application, Lorg/dacapo/parser/ConfigFileTokenManager, jjStopStringLiteralDfa_0(IJ)I >"	56	39	java_comparison_cmp	38	8
"< Application, Lorg/dacapo/parser/ConfigFileTokenManager, jjMoveStringLiteralDfa5_0(JJ)I >"	45	62	java_comparison_cmp	61	6
"< Application, Lorg/apache/lucene/demo/html/HTMLParserTokenManager, jjMoveStringLiteralDfa3_0(JJ)I >"	1	7	java_comparison_cmp	5	6
"< Application, Lorg/dacapo/parser/ConfigFileTokenManager, jjMoveStringLiteralDfa10_0(JJ)I >"	1	7	java_comparison_cmp	5	6
"< Application, Lorg/dacapo/parser/ConfigFileTokenManager, jjStopStringLiteralDfa_0(IJ)I >"	49	48	java_comparison_cmp	47	8
"< Application, Lorg/apache/lucene/search/DisjunctionMaxQuery, rewrite(Lorg/apache/lucene/index/IndexReader;)Lorg/apache/lucene/search/Query; >"	8	39	java_comparison_cmpl	37	38
"< Application, Lorg/apache/lucene/index/SegmentInfos$FindSegmentsFile, run()Ljava/lang/Object; >"	117	113	java_comparison_cmp	236	112
"< Application, Lorg/apache/lucene/demo/html/HTMLParserTokenManager, jjMoveNfa_2(II)I >"	45	71	java_comparison_cmp	70	33
"< Application, Lorg/apache/lucene/queryParser/QueryParserTokenManager, jjMoveNfa_0(II)I >"	19	48	java_comparison_cmp	46	47
"< Application, Lorg/dacapo/parser/ConfigFileTokenManager, jjMoveStringLiteralDfa6_0(JJ)I >"	26	41	java_comparison_cmp	40	6
"< Application, Lorg/apache/lucene/queryParser/QueryParserTokenManager, jjMoveNfa_3(II)I >"	184	188	java_comparison_cmp	187	89
"< Application, Lorg/apache/lucene/util/OpenBitSet, nextSetBit(I)I >"	21	20	java_comparison_cmp	19	12
"< Application, Lorg/apache/lucene/index/IndexWriter, startCommit(J)V >"	40	34	java_comparison_cmp	32	33
"< Application, Lorg/apache/lucene/search/spans/SpanFirstQuery, equals(Ljava/lang/Object;)Z >"	15	17	java_comparison_cmpl	14	16
"< Application, Lorg/apache/lucene/index/IndexReader, main([Ljava/lang/String;)V >"	51	67	java_comparison_cmp	76	66
"< Application, Lorg/apache/lucene/search/FieldDocSortedHitQueue, lessThan(Ljava/lang/Object;Ljava/lang/Object;)Z >"	82	62	java_comparison_cmpg	56	61
"< Application, Lorg/dacapo/parser/ConfigFileTokenManager, jjMoveNfa_0(II)I >"	206	159	java_comparison_cmp	158	34
"< Application, Lorg/dacapo/parser/ConfigFileTokenManager, jjMoveStringLiteralDfa4_0(JJ)I >"	19	75	java_comparison_cmp	74	6
"< Application, Lorg/apache/lucene/search/ConstantScoreRangeQuery, toString(Ljava/lang/String;)Ljava/lang/String; >"	32	48	java_comparison_cmpl	46	47
"< Application, Lorg/apache/lucene/queryParser/QueryParserTokenManager, jjMoveNfa_3(II)I >"	205	203	java_comparison_cmp	202	89
"< Application, Lorg/apache/lucene/index/IndexWriter, startCommit(J)V >"	151	116	java_comparison_cmp	64	115
"< Application, Lorg/dacapo/parser/ConfigFileTokenManager, jjMoveNfa_0(II)I >"	60	78	java_comparison_cmp	77	34
"< Application, Lorg/apache/lucene/index/SegmentInfos, getNextSegmentFileName()Ljava/lang/String; >"	1	5	java_comparison_cmp	3	4
"< Application, Lorg/apache/lucene/search/DisjunctionMaxQuery, equals(Ljava/lang/Object;)Z >"	10	14	java_comparison_cmpl	12	13
"< Application, Lorg/dacapo/parser/ConfigFileTokenManager, jjMoveStringLiteralDfa1_3(J)I >"	9	14	java_comparison_cmp	12	13
"< Application, Lorg/apache/lucene/index/FieldsWriter, addRawDocuments(Lorg/apache/lucene/store/IndexInput;[II)V >"	18	26	java_comparison_cmp	25	17
"< Application, Lorg/apache/lucene/demo/html/HTMLParserTokenManager, jjMoveNfa_3(II)I >"	26	52	java_comparison_cmp	51	34
"< Application, Lorg/apache/lucene/util/OpenBitSet, set(JJ)V >"	0	5	java_comparison_cmp	3	2
"< Application, Lorg/apache/lucene/queryParser/QueryParserTokenManager, jjMoveNfa_3(II)I >"	121	156	java_comparison_cmp	155	89
"< Application, Lorg/apache/lucene/demo/html/HTMLParserTokenManager, jjMoveNfa_0(II)I >"	133	146	java_comparison_cmp	145	34
"< Application, Lorg/apache/lucene/search/FuzzyQuery$ScoreTermQueue, lessThan(Ljava/lang/Object;Ljava/lang/Object;)Z >"	15	13	java_comparison_cmpg	11	12
"< Application, Lorg/apache/lucene/search/DisjunctionSumScorer, explain(I)Lorg/apache/lucene/search/Explanation; >"	11	20	java_comparison_cmpl	19	9
"< Application, Lorg/apache/lucene/queryParser/QueryParserTokenManager, jjMoveNfa_3(II)I >"	97	145	java_comparison_cmp	144	89
"< Application, Lorg/apache/lucene/index/LogMergePolicy, findMerges(Lorg/apache/lucene/index/SegmentInfos;Lorg/apache/lucene/index/IndexWriter;)Lorg/apache/lucene/index/MergePolicy$MergeSpecification; >"	67	76	java_comparison_cmpl	75	73
"< Application, Lorg/apache/lucene/demo/html/HTMLParserTokenManager, jjMoveNfa_0(II)I >"	281	226	java_comparison_cmp	225	34
"< Application, Lorg/apache/lucene/search/spans/SpanWeight, explain(Lorg/apache/lucene/index/IndexReader;I)Lorg/apache/lucene/search/Explanation; >"	129	212	java_comparison_cmpl	211	106
"< Application, Lorg/apache/lucene/util/OpenBitSetDISI, inPlaceOr(Lorg/apache/lucene/search/DocIdSetIterator;)V >"	5	12	java_comparison_cmp	9	11
"< Application, Lorg/apache/lucene/store/Directory, copy(Lorg/apache/lucene/store/Directory;Lorg/apache/lucene/store/Directory;Z)V >"	21	21	java_comparison_cmp	32	19
"< Application, Lorg/apache/lucene/demo/html/HTMLParserTokenManager, jjMoveNfa_0(II)I >"	31	62	java_comparison_cmp	61	34
"< Application, Lorg/apache/lucene/search/TopDocCollector, collect(IF)V >"	13	15	java_comparison_cmpl	3	14
"< Application, Lorg/apache/lucene/index/DocumentsWriter, bytesAllocated(J)V >"	7	10	java_comparison_cmp	8	9
"< Application, Lorg/apache/lucene/search/Hits, getMoreDocs(I)V >"	26	34	java_comparison_cmpl	33	29
"< Application, Lorg/apache/lucene/util/OpenBitSet, nextSetBit(I)I >"	8	13	java_comparison_cmp	11	12
"< Application, Lorg/apache/lucene/demo/html/HTMLParserTokenManager, jjMoveNfa_3(II)I >"	33	61	java_comparison_cmp	60	34
"< Application, Lorg/apache/lucene/index/StoredFieldsWriterPerField, processFields([Lorg/apache/lucene/document/Fieldable;I)V >"	41	57	java_comparison_cmp	48	56
"< Application, Lorg/apache/lucene/queryParser/QueryParserTokenManager, jjMoveNfa_0(II)I >"	31	57	java_comparison_cmp	56	47
"< Application, Lorg/apache/lucene/util/OpenBitSet, flip(JJ)V >"	0	5	java_comparison_cmp	3	2
"< Application, Lorg/apache/lucene/search/HitQueue, lessThan(Ljava/lang/Object;Ljava/lang/Object;)Z >"	14	13	java_comparison_cmpg	11	12
"< Application, Lorg/apache/lucene/index/LogMergePolicy, findMerges(Lorg/apache/lucene/index/SegmentInfos;Lorg/apache/lucene/index/IndexWriter;)Lorg/apache/lucene/index/MergePolicy$MergeSpecification; >"	30	46	java_comparison_cmp	44	45
"< Application, Lorg/dacapo/parser/ConfigFileTokenManager, jjMoveStringLiteralDfa4_0(JJ)I >"	48	39	java_comparison_cmp	38	6
"< Application, Lorg/apache/lucene/index/LogMergePolicy, findMerges(Lorg/apache/lucene/index/SegmentInfos;Lorg/apache/lucene/index/IndexWriter;)Lorg/apache/lucene/index/MergePolicy$MergeSpecification; >"	60	71	java_comparison_cmpl	63	55
"< Application, Lorg/apache/lucene/util/OpenBitSet, flipAndGet(I)Z >"	10	17	java_comparison_cmp	15	16
"< Application, Lorg/apache/lucene/queryParser/QueryParserTokenManager, getNextToken()Lorg/apache/lucene/queryParser/Token; >"	45	39	java_comparison_cmp	37	38
"< Application, Lorg/apache/lucene/index/CompoundFileWriter, close()V >"	63	71	java_comparison_cmp	40	70
"< Application, Lorg/dacapo/parser/ConfigFileTokenManager, jjMoveStringLiteralDfa6_0(JJ)I >"	33	26	java_comparison_cmp	25	6
"< Application, Lorg/apache/lucene/demo/html/HTMLParserTokenManager, jjMoveNfa_5(II)I >"	19	49	java_comparison_cmp	48	34
"< Application, Lorg/apache/lucene/index/TermInfosReader, scanEnum(Lorg/apache/lucene/index/SegmentTermEnum;I)Lorg/apache/lucene/index/Term; >"	2	7	java_comparison_cmp	5	6
"< Application, Lorg/apache/lucene/demo/html/HTMLParserTokenManager, jjMoveNfa_6(II)I >"	30	55	java_comparison_cmp	54	34
"< Application, Lorg/apache/lucene/util/OpenBitSetIterator, next()Z >"	12	14	java_comparison_cmp	13	6
"< Application, Lorg/apache/lucene/index/FreqProxTermsWriter, copyBytes(Lorg/apache/lucene/store/IndexInput;Lorg/apache/lucene/store/IndexOutput;J)V >"	3	10	java_comparison_cmp	20	9
"< Application, Lorg/apache/lucene/demo/html/HTMLParserTokenManager, jjMoveNfa_6(II)I >"	67	35	java_comparison_cmp	33	34
"< Application, Lorg/apache/lucene/index/IndexWriter, startCommit(J)V >"	47	37	java_comparison_cmp	35	36
"< Application, Lorg/apache/lucene/index/MultiLevelSkipListWriter, writeSkip(Lorg/apache/lucene/store/IndexOutput;)J >"	14	19	java_comparison_cmp	17	18
"< Application, Lorg/apache/lucene/index/SegmentInfos$FindSegmentsFile, run()Ljava/lang/Object; >"	86	110	java_comparison_cmp	109	4
"< Application, Lorg/apache/lucene/index/SegmentTermEnum, next()Z >"	5	8	java_comparison_cmp	3	7
"< Application, Lorg/apache/lucene/demo/html/HTMLParserTokenManager, jjStopStringLiteralDfa_0(IJ)I >"	7	23	java_comparison_cmp	22	8
"< Application, Lorg/apache/lucene/util/OpenBitSet, getAndSet(I)Z >"	6	14	java_comparison_cmp	12	13
"< Application, Lorg/apache/lucene/index/TermInfosReader, get(I)Lorg/apache/lucene/index/Term; >"	11	16	java_comparison_cmp	14	15
"< Application, Lorg/apache/lucene/search/FuzzyQuery, equals(Ljava/lang/Object;)Z >"	11	11	java_comparison_cmpl	9	10
"< Application, Lorg/dacapo/parser/ConfigFileTokenManager, jjMoveStringLiteralDfa5_0(JJ)I >"	74	20	java_comparison_cmp	19	6
"< Application, Lorg/apache/lucene/index/CompoundFileReader$CSIndexInput, readInternal([BII)V >"	4	11	java_comparison_cmp	9	10
"< Application, Lorg/apache/lucene/index/IndexWriter, startCommit(J)V >"	162	124	java_comparison_cmp	121	123
"< Application, Lorg/apache/lucene/index/DocumentsWriter, flush(Z)I >"	34	20	java_comparison_cmp	18	19
"< Application, Lorg/apache/lucene/util/OpenBitSetIterator, shift()V >"	11	15	java_comparison_cmp	13	14
"< Application, Lorg/dacapo/parser/ConfigFileTokenManager, jjMoveStringLiteralDfa4_0(JJ)I >"	38	33	java_comparison_cmp	32	6
"< Application, Lorg/apache/lucene/search/MatchAllDocsQuery, equals(Ljava/lang/Object;)Z >"	6	11	java_comparison_cmpl	8	10
"< Application, Lorg/apache/lucene/demo/html/HTMLParserTokenManager, jjMoveNfa_0(II)I >"	112	94	java_comparison_cmp	93	34
"< Application, Lorg/apache/lucene/search/BooleanQuery, toString(Ljava/lang/String;)Ljava/lang/String; >"	4	10	java_comparison_cmpl	8	9
"< Application, Lorg/apache/lucene/queryParser/QueryParserTokenManager, jjMoveNfa_2(II)I >"	73	97	java_comparison_cmp	96	57
"< Application, Lorg/apache/lucene/store/BufferedIndexInput, refill()V >"	8	12	java_comparison_cmp	9	11
"< Application, Lorg/apache/lucene/document/NumberTools, longToString(J)Ljava/lang/String; >"	0	4	java_comparison_cmp	1	3
"< Application, Lorg/apache/lucene/search/Explanation, isMatch()Z >"	1	6	java_comparison_cmpg	3	5
"< Application, Lorg/apache/lucene/index/SegmentInfos$FindSegmentsFile, run()Ljava/lang/Object; >"	164	167	java_comparison_cmp	129	116
"< Application, Lorg/apache/lucene/demo/html/HTMLParserTokenManager, jjMoveNfa_0(II)I >"	104	131	java_comparison_cmp	130	34
"< Application, Lorg/apache/lucene/index/IndexCommit, equals(Ljava/lang/Object;)Z >"	9	17	java_comparison_cmp	14	16
"< Application, Lorg/dacapo/parser/ConfigFileTokenManager, jjMoveStringLiteralDfa10_0(JJ)I >"	19	20	java_comparison_cmp	19	6
"< Application, Lorg/dacapo/parser/ConfigFileTokenManager, jjMoveStringLiteralDfa8_0(JJ)I >"	17	30	java_comparison_cmp	29	6
"< Application, Lorg/apache/lucene/index/SegmentInfo, hasSeparateNorms()Z >"	45	11	java_comparison_cmp	9	10
"< Application, Lorg/apache/lucene/index/SegmentInfos, read(Lorg/apache/lucene/store/Directory;Ljava/lang/String;)V >"	36	34	java_comparison_cmp	31	33
"< Application, Lorg/dacapo/parser/ConfigFileTokenManager, jjMoveStringLiteralDfa7_0(JJ)I >"	1	7	java_comparison_cmp	5	6
"< Application, Lorg/apache/lucene/search/FieldDocSortedHitQueue, lessThan(Ljava/lang/Object;Ljava/lang/Object;)Z >"	45	49	java_comparison_cmp	43	48
"< Application, Lorg/apache/lucene/store/MMapDirectory$MultiMMapIndexInput, <init>(Ljava/io/RandomAccessFile;I)V >"	48	33	java_comparison_cmp	30	32
"< Application, Lorg/apache/lucene/search/PhraseQuery$PhraseWeight, explain(Lorg/apache/lucene/index/IndexReader;I)Lorg/apache/lucene/search/Explanation; >"	137	223	java_comparison_cmpl	222	119
"< Application, Lorg/apache/lucene/demo/html/HTMLParserTokenManager, jjMoveNfa_2(II)I >"	26	51	java_comparison_cmp	50	33
"< Application, Lorg/apache/lucene/search/BooleanQuery, toString(Ljava/lang/String;)Ljava/lang/String; >"	53	79	java_comparison_cmpl	77	78
"< Application, Lorg/apache/lucene/search/FieldSortedHitQueue$7, compare(Lorg/apache/lucene/search/ScoreDoc;Lorg/apache/lucene/search/ScoreDoc;)I >"	9	13	java_comparison_cmpl	7	10
"< Application, Lorg/apache/lucene/search/function/ValueSourceQuery, equals(Ljava/lang/Object;)Z >"	7	13	java_comparison_cmpl	10	12
"< Application, Lorg/apache/lucene/demo/html/HTMLParserTokenManager, jjMoveNfa_1(II)I >"	47	66	java_comparison_cmp	65	34
"< Application, Lorg/apache/lucene/search/DisjunctionMaxQuery, toString(Ljava/lang/String;)Ljava/lang/String; >"	35	56	java_comparison_cmpl	54	55
"< Application, Lorg/apache/lucene/index/IndexFileDeleter$CommitPoint, compareTo(Ljava/lang/Object;)I >"	3	7	java_comparison_cmp	5	6
"< Application, Lorg/apache/lucene/util/OpenBitSet, flipAndGet(J)Z >"	12	19	java_comparison_cmp	17	18
"< Application, Lorg/apache/lucene/index/IndexWriter, setRAMBufferSizeMB(D)V >"	7	9	java_comparison_cmpl	2	4
"< Application, Lorg/apache/lucene/demo/html/HTMLParserTokenManager, jjMoveNfa_3(II)I >"	80	35	java_comparison_cmp	33	34
"< Application, Lorg/apache/lucene/store/IndexOutput, copyBytes(Lorg/apache/lucene/store/IndexInput;J)V >"	6	10	java_comparison_cmp	24	9
"< Application, Lorg/apache/lucene/index/DocumentsWriter, getCharBlock()[C >"	21	25	java_comparison_cmp	23	24
"< Application, Lorg/dacapo/parser/ConfigFileTokenManager, jjMoveStringLiteralDfa3_0(JJ)I >"	1	7	java_comparison_cmp	5	6
"< Application, Lorg/dacapo/parser/ConfigFileTokenManager, jjStopStringLiteralDfa_0(IJ)I >"	109	13	java_comparison_cmp	12	8
"< Application, Lorg/apache/lucene/index/TermVectorsTermsWriter, finishDocument(Lorg/apache/lucene/index/TermVectorsTermsWriter$PerDoc;)V >"	38	40	java_comparison_cmp	37	39
"< Application, Lorg/dacapo/parser/ConfigFileTokenManager, getNextToken()Lorg/dacapo/parser/Token; >"	84	48	java_comparison_cmp	46	47
"< Application, Lorg/apache/lucene/index/MultiLevelSkipListReader, loadSkipLevels()V >"	56	56	java_comparison_cmp	34	55
"< Application, Lorg/apache/lucene/queryParser/QueryParserTokenManager, jjMoveNfa_3(II)I >"	19	130	java_comparison_cmp	129	89
"< Application, Lorg/dacapo/parser/ConfigFileTokenManager, jjMoveStringLiteralDfa8_0(JJ)I >"	1	7	java_comparison_cmp	5	6
"< Application, Lorg/dacapo/parser/ConfigFileTokenManager, jjMoveStringLiteralDfa3_0(JJ)I >"	60	25	java_comparison_cmp	24	6
"< Application, Lorg/apache/lucene/index/TermInfosReader, get(I)Lorg/apache/lucene/index/Term; >"	18	22	java_comparison_cmp	17	21
"< Application, Lorg/apache/lucene/index/DocumentsWriter$ByteBlockAllocator, getByteBlock(Z)[B >"	28	31	java_comparison_cmp	28	30
"< Application, Lorg/apache/lucene/util/OpenBitSet, fastGet(I)Z >"	6	14	java_comparison_cmp	12	13
"< Application, Lorg/apache/lucene/index/DirectoryIndexReader, acquireWriteLock()V >"	28	22	java_comparison_cmp	18	21
"< Application, Lorg/apache/lucene/search/ConstantScoreQuery, toString(Ljava/lang/String;)Ljava/lang/String; >"	8	18	java_comparison_cmpl	16	17
"< Application, Lorg/apache/lucene/search/FieldDocSortedHitQueue, lessThan(Ljava/lang/Object;Ljava/lang/Object;)Z >"	85	64	java_comparison_cmpl	56	61
"< Application, Lorg/apache/lucene/demo/html/HTMLParserTokenManager, jjMoveNfa_0(II)I >"	269	220	java_comparison_cmp	219	34
"< Application, Lorg/apache/lucene/util/OpenBitSet, fastGet(J)Z >"	8	16	java_comparison_cmp	14	15
"< Application, Lorg/apache/lucene/search/MultiPhraseQuery$MultiPhraseWeight, explain(Lorg/apache/lucene/index/IndexReader;I)Lorg/apache/lucene/search/Explanation; >"	109	176	java_comparison_cmpl	175	69
"< Application, Lorg/apache/lucene/search/FieldSortedHitQueue$6, compare(Lorg/apache/lucene/search/ScoreDoc;Lorg/apache/lucene/search/ScoreDoc;)I >"	9	13	java_comparison_cmpl	7	10
"< Application, Lorg/dacapo/parser/ConfigFileTokenManager, jjMoveNfa_0(II)I >"	189	172	java_comparison_cmp	171	34
"< Application, Lorg/apache/lucene/search/payloads/BoostingTermQuery$BoostingTermWeight$BoostingSpanScorer, setFreqCurrentDoc()Z >"	33	33	java_comparison_cmpl	32	8
"< Application, Lorg/apache/lucene/demo/html/HTMLParserTokenManager, jjMoveNfa_0(II)I >"	199	177	java_comparison_cmp	176	34
"< Application, Lorg/apache/lucene/search/FieldDocSortedHitQueue, lessThan(Ljava/lang/Object;Ljava/lang/Object;)Z >"	22	27	java_comparison_cmpg	18	23
"< Application, Lorg/apache/lucene/queryParser/QueryParserTokenManager, jjMoveNfa_3(II)I >"	358	296	java_comparison_cmp	295	89
"< Application, Lorg/apache/lucene/index/SegmentInfos, getCurrentSegmentGeneration([Ljava/lang/String;)J >"	11	16	java_comparison_cmp	15	20
"< Application, Lorg/apache/lucene/util/OpenBitSet, trimTrailingZeros()V >"	6	10	java_comparison_cmp	8	9
"< Application, Lorg/apache/lucene/index/StoredFieldsWriterPerField, processFields([Lorg/apache/lucene/document/Fieldable;I)V >"	32	52	java_comparison_cmp	48	51
"< Application, Lorg/apache/lucene/util/OpenBitSet, clear(JJ)V >"	0	5	java_comparison_cmp	3	2
"< Application, Lorg/apache/lucene/demo/html/HTMLParserTokenManager, jjMoveNfa_3(II)I >"	41	65	java_comparison_cmp	64	34
"< Application, Lorg/apache/lucene/index/LogMergePolicy, findMerges(Lorg/apache/lucene/index/SegmentInfos;Lorg/apache/lucene/index/IndexWriter;)Lorg/apache/lucene/index/MergePolicy$MergeSpecification; >"	58	70	java_comparison_cmpg	69	55
"< Application, Lorg/apache/lucene/store/RAMOutputStream, seek(J)V >"	8	12	java_comparison_cmp	2	11
"< Application, Lorg/apache/lucene/demo/html/HTMLParserTokenManager, jjMoveNfa_0(II)I >"	163	158	java_comparison_cmp	157	34
"< Application, Lorg/apache/lucene/index/IndexWriter, startCommit(J)V >"	22	25	java_comparison_cmp	2	22
"< Application, Lorg/dacapo/parser/ConfigFileTokenManager, jjStopStringLiteralDfa_0(IJ)I >"	96	19	java_comparison_cmp	18	8
"< Application, Lorg/apache/lucene/index/DocumentsWriter, doBalanceRAM()Z >"	7	10	java_comparison_cmp	8	9
"< Application, Lorg/apache/lucene/index/DocumentsWriter$WaitQueue, reset()V >"	10	9	java_comparison_cmp	7	8
"< Application, Lorg/dacapo/parser/ConfigFileTokenManager, jjMoveNfa_0(II)I >"	227	35	java_comparison_cmp	33	34
"< Application, Lorg/dacapo/parser/ConfigFileTokenManager, jjStopStringLiteralDfa_0(IJ)I >"	67	32	java_comparison_cmp	31	8
"< Application, Lorg/apache/lucene/store/BufferedIndexInput, seek(J)V >"	1	5	java_comparison_cmp	2	4
"< Application, Lorg/apache/lucene/index/SegmentInfo, getDelFileName()Ljava/lang/String; >"	1	5	java_comparison_cmp	3	4
"< Application, Lorg/dacapo/parser/ConfigFileTokenManager, jjMoveStringLiteralDfa2_0(JJ)I >"	29	59	java_comparison_cmp	58	6
"< Application, Lorg/apache/lucene/index/SegmentTermPositions, lazySkip()V >"	9	13	java_comparison_cmp	11	12
"< Application, Lorg/apache/lucene/index/TermInfosReader, get(I)Lorg/apache/lucene/index/Term; >"	1	6	java_comparison_cmp	4	5
"< Application, Lorg/dacapo/parser/ConfigFileTokenManager, jjMoveNfa_0(II)I >"	136	97	java_comparison_cmp	96	34
"< Application, Lorg/apache/lucene/store/BufferedIndexInput, readBytes([BIIZ)V >"	48	32	java_comparison_cmp	29	31
"< Application, Lorg/dacapo/parser/ConfigFileTokenManager, getNextToken()Lorg/dacapo/parser/Token; >"	115	92	java_comparison_cmp	91	47
"< Application, Lorg/apache/lucene/queryParser/QueryParserTokenManager, jjMoveNfa_3(II)I >"	86	119	java_comparison_cmp	118	89
"< Application, Lorg/apache/lucene/index/DocumentsWriter, doBalanceRAM()Z >"	1	5	java_comparison_cmp	3	4
"< Application, Lorg/apache/lucene/index/CompoundFileWriter, copyFile(Lorg/apache/lucene/index/CompoundFileWriter$FileEntry;Lorg/apache/lucene/store/IndexOutput;[B)V >"	41	36	java_comparison_cmp	35	14
"< Application, Lorg/apache/lucene/demo/html/HTMLParserTokenManager, jjMoveStringLiteralDfa2_6(JJ)I >"	15	20	java_comparison_cmp	19	6
"< Application, Lorg/apache/lucene/demo/html/HTMLParserTokenManager, jjMoveNfa_0(II)I >"	74	89	java_comparison_cmp	88	34
"< Application, Lorg/dacapo/parser/ConfigFileTokenManager, jjMoveNfa_0(II)I >"	131	94	java_comparison_cmp	93	34
"< Application, Lorg/dacapo/parser/ConfigFileTokenManager, jjMoveStringLiteralDfa2_0(JJ)I >"	42	41	java_comparison_cmp	40	6
"< Application, Lorg/apache/lucene/util/OpenBitSetIterator, skipTo(I)Z >"	18	18	java_comparison_cmp	16	17
"< Application, Lorg/apache/lucene/index/TermVectorsWriter, addRawDocuments(Lorg/apache/lucene/index/TermVectorsReader;[I[II)V >"	39	48	java_comparison_cmp	47	27
"< Application, Lorg/apache/lucene/search/ScoreDocComparator$1, compare(Lorg/apache/lucene/search/ScoreDoc;Lorg/apache/lucene/search/ScoreDoc;)I >"	2	7	java_comparison_cmpl	5	6
"< Application, Lorg/apache/lucene/document/NumberTools, longToString(J)Ljava/lang/String; >"	6	10	java_comparison_cmp	1	9
"< Application, Lorg/apache/lucene/store/RAMOutputStream, setFileLength()V >"	6	9	java_comparison_cmp	6	8
"< Application, Lorg/apache/lucene/util/OpenBitSet, equals(Ljava/lang/Object;)Z >"	31	28	java_comparison_cmp	25	27
"< Application, Lorg/dacapo/parser/ConfigFileTokenManager, jjStopStringLiteralDfa_0(IJ)I >"	23	59	java_comparison_cmp	58	8
"< Application, Lorg/apache/lucene/store/IndexOutput, copyBytes(Lorg/apache/lucene/store/IndexInput;J)V >"	10	14	java_comparison_cmp	24	13
"< Application, Lorg/apache/lucene/index/DocumentsWriter$WaitQueue, doPause()Z >"	3	7	java_comparison_cmp	3	6
"< Application, Lorg/apache/lucene/demo/html/HTMLParserTokenManager, jjMoveNfa_4(II)I >"	67	35	java_comparison_cmp	33	34
"< Application, Lorg/apache/lucene/index/SegmentInfo, hasSeparateNorms(I)Z >"	24	17	java_comparison_cmp	15	16
"< Application, Lorg/apache/lucene/search/MultiPhraseQuery$MultiPhraseWeight, explain(Lorg/apache/lucene/index/IndexReader;I)Lorg/apache/lucene/search/Explanation; >"	38	70	java_comparison_cmpl	68	69
"< Application, Lorg/dacapo/parser/ConfigFileTokenManager, jjMoveNfa_0(II)I >"	117	87	java_comparison_cmp	86	34
"< Application, Lorg/dacapo/parser/ConfigFileTokenManager, jjMoveNfa_0(II)I >"	181	167	java_comparison_cmp	166	34
"< Application, Lorg/apache/lucene/demo/html/HTMLParserTokenManager, jjMoveNfa_1(II)I >"	151	39	java_comparison_cmp	38	34
"< Application, Lorg/apache/lucene/index/DocumentsWriter$WaitQueue, doResume()Z >"	3	7	java_comparison_cmp	3	6
"< Application, Lorg/dacapo/parser/ConfigFileTokenManager, jjMoveStringLiteralDfa4_0(JJ)I >"	43	36	java_comparison_cmp	35	6
"< Application, Lorg/dacapo/parser/ConfigFileTokenManager, jjMoveStringLiteralDfa3_0(JJ)I >"	48	35	java_comparison_cmp	34	6
"< Application, Lorg/apache/lucene/index/TermInfosWriter, add(I[BILorg/apache/lucene/index/TermInfo;)V >"	67	22	java_comparison_cmp	19	21
"< Application, Lorg/apache/lucene/queryParser/QueryParserTokenManager, jjMoveNfa_2(II)I >"	19	58	java_comparison_cmp	56	57
"< Application, Lorg/apache/lucene/demo/html/HTMLParserTokenManager, jjMoveNfa_0(II)I >"	36	65	java_comparison_cmp	64	34
"< Application, Lorg/apache/lucene/index/IndexReader, indexExists(Ljava/io/File;)Z >"	2	8	java_comparison_cmp	6	7
"< Application, Lorg/apache/lucene/index/NormsWriter, flush(Ljava/util/Map;Lorg/apache/lucene/index/DocumentsWriter$FlushState;)V >"	170	159	java_comparison_cmp	156	158
"< Application, Lorg/apache/lucene/demo/html/HTMLParserTokenManager, jjStopStringLiteralDfa_0(IJ)I >"	15	26	java_comparison_cmp	25	8
"< Application, Lorg/apache/lucene/queryParser/QueryParserTokenManager, jjMoveNfa_3(II)I >"	153	127	java_comparison_cmp	126	89
"< Application, Lorg/apache/lucene/demo/html/HTMLParserTokenManager, jjMoveNfa_0(II)I >"	256	213	java_comparison_cmp	212	34
"< Application, Lorg/dacapo/parser/ConfigFileTokenManager, jjStopStringLiteralDfa_0(IJ)I >"	29	62	java_comparison_cmp	61	8
"< Application, Lorg/apache/lucene/store/Lock, obtain(J)Z >"	4	11	java_comparison_cmp	2	10
"< Application, Lorg/apache/lucene/index/DocumentsWriter, balanceRAM()V >"	61	187	java_comparison_cmp	186	3
"< Application, Lorg/apache/lucene/util/OpenBitSetIterator, skipTo(I)Z >"	25	20	java_comparison_cmp	19	17
"< Application, Lorg/apache/lucene/util/OpenBitSet, get(J)Z >"	12	18	java_comparison_cmp	16	17
"< Application, Lorg/apache/lucene/index/CompoundFileWriter, copyFile(Lorg/apache/lucene/index/CompoundFileWriter$FileEntry;Lorg/apache/lucene/store/IndexOutput;[B)V >"	21	32	java_comparison_cmp	31	16
"< Application, Lorg/apache/lucene/demo/html/HTMLParserTokenManager, jjMoveStringLiteralDfa5_0(JJ)I >"	1	7	java_comparison_cmp	5	6
"< Application, Lorg/apache/lucene/demo/html/HTMLParserTokenManager, getNextToken()Lorg/apache/lucene/demo/html/Token; >"	66	51	java_comparison_cmp	49	50
"< Application, Lorg/apache/lucene/queryParser/QueryParserTokenManager, jjMoveNfa_1(II)I >"	26	64	java_comparison_cmp	63	57
"< Application, Lorg/apache/lucene/index/SegmentInfo, advanceDelGen()V >"	1	5	java_comparison_cmp	3	4
"< Application, Lorg/apache/lucene/index/MultiLevelSkipListReader, skipTo(I)I >"	28	25	java_comparison_cmp	19	24
"< Application, Lorg/apache/lucene/search/FuzzyQuery, <init>(Lorg/apache/lucene/index/Term;FI)V >"	1	8	java_comparison_cmpl	3	7
"< Application, Lorg/apache/lucene/index/LogMergePolicy, findMerges(Lorg/apache/lucene/index/SegmentInfos;Lorg/apache/lucene/index/IndexWriter;)Lorg/apache/lucene/index/MergePolicy$MergeSpecification; >"	95	112	java_comparison_cmp	110	111
"< Application, Lorg/apache/lucene/search/FuzzyTermEnum, termCompare(Lorg/apache/lucene/index/Term;)Z >"	15	25	java_comparison_cmpl	23	24
"< Application, Lorg/apache/lucene/demo/html/HTMLParserTokenManager, jjMoveNfa_0(II)I >"	228	198	java_comparison_cmp	197	34
"< Application, Lorg/apache/lucene/search/FuzzyTermEnum, <init>(Lorg/apache/lucene/index/IndexReader;Lorg/apache/lucene/index/Term;FI)V >"	5	13	java_comparison_cmpl	4	12
"< Application, Lorg/apache/lucene/search/FuzzyQuery, rewrite(Lorg/apache/lucene/index/IndexReader;)Lorg/apache/lucene/search/Query; >"	13	17	java_comparison_cmpl	15	16
"< Application, Lorg/dacapo/parser/ConfigFileTokenManager, jjMoveStringLiteralDfa1_0(J)I >"	15	49	java_comparison_cmp	47	48
"< Application, Lorg/apache/lucene/demo/html/HTMLParserTokenManager, jjMoveNfa_0(II)I >"	124	97	java_comparison_cmp	96	34
"< Application, Lorg/apache/lucene/demo/html/HTMLParserTokenManager, jjMoveStringLiteralDfa6_0(JJ)I >"	1	7	java_comparison_cmp	5	6
"< Application, Lorg/dacapo/parser/ConfigFileTokenManager, jjMoveStringLiteralDfa3_0(JJ)I >"	53	38	java_comparison_cmp	37	6
"< Application, Lorg/dacapo/parser/ConfigFileTokenManager, jjStopStringLiteralDfa_0(IJ)I >"	85	22	java_comparison_cmp	21	8
"< Application, Lorg/dacapo/parser/ConfigFileTokenManager, jjMoveStringLiteralDfa2_0(JJ)I >"	1	7	java_comparison_cmp	5	6
"< Application, Lorg/apache/lucene/index/TermInfosWriter, add(I[BILorg/apache/lucene/index/TermInfo;)V >"	46	17	java_comparison_cmp	14	16
"< Application, Lorg/apache/lucene/search/payloads/BoostingTermQuery$BoostingTermWeight$BoostingSpanScorer, explain(I)Lorg/apache/lucene/search/Explanation; >"	22	32	java_comparison_cmpl	30	31
"< Application, Lorg/apache/lucene/demo/html/HTMLParserTokenManager, jjStopStringLiteralDfa_0(IJ)I >"	27	18	java_comparison_cmp	17	8
"< Application, Lorg/apache/lucene/search/FieldSortedHitQueue$6, compare(Lorg/apache/lucene/search/ScoreDoc;Lorg/apache/lucene/search/ScoreDoc;)I >"	6	11	java_comparison_cmpg	7	10
"< Application, Lorg/apache/lucene/util/OpenBitSet, nextSetBit(J)J >"	25	22	java_comparison_cmp	21	14
"< Application, Lorg/dacapo/parser/ConfigFileTokenManager, jjStopStringLiteralDfa_0(IJ)I >"	103	9	java_comparison_cmp	7	8
"< Application, Lorg/apache/lucene/demo/html/HTMLParserTokenManager, jjMoveNfa_2(II)I >"	104	34	java_comparison_cmp	32	33
"< Application, Lorg/apache/lucene/search/payloads/BoostingTermQuery, equals(Ljava/lang/Object;)Z >"	6	11	java_comparison_cmpl	8	10
"< Application, Lorg/apache/lucene/search/FilterManager$FilterCleaner$1, compare(Ljava/lang/Object;Ljava/lang/Object;)I >"	12	21	java_comparison_cmp	19	20
"< Application, Lorg/dacapo/parser/ConfigFileTokenManager, jjMoveNfa_0(II)I >"	171	162	java_comparison_cmp	161	34
"< Application, Lorg/apache/lucene/store/RAMOutputStream, writeTo(Lorg/apache/lucene/store/IndexOutput;)V >"	4	9	java_comparison_cmp	24	6
"< Application, Lorg/apache/lucene/index/IndexFileDeleter, <init>(Lorg/apache/lucene/store/Directory;Lorg/apache/lucene/index/IndexDeletionPolicy;Lorg/apache/lucene/index/SegmentInfos;Ljava/io/PrintStream;Lorg/apache/lucene/index/DocumentsWriter;)V >"	52	56	java_comparison_cmp	55	36
"< Application, Lorg/apache/lucene/index/DocumentsWriter, getIntBlock(Z)[I >"	22	26	java_comparison_cmp	24	25
"< Application, Lorg/apache/lucene/util/OpenBitSet, getAndSet(J)Z >"	8	16	java_comparison_cmp	14	15
"< Application, Lorg/apache/lucene/index/IndexWriter, setMaxBufferedDocs(I)V >"	8	10	java_comparison_cmpl	8	9
"< Application, Lorg/apache/lucene/demo/html/HTMLParserTokenManager, jjMoveNfa_0(II)I >"	264	195	java_comparison_cmp	194	34
"< Application, Lorg/apache/lucene/demo/html/HTMLParserTokenManager, jjMoveNfa_1(II)I >"	26	59	java_comparison_cmp	58	34
"< Application, Lorg/apache/lucene/util/OpenBitSetDISI, inPlaceNot(Lorg/apache/lucene/search/DocIdSetIterator;)V >"	5	12	java_comparison_cmp	9	11
"< Application, Lorg/apache/lucene/store/MMapDirectory$MultiMMapIndexInput, <init>(Ljava/io/RandomAccessFile;I)V >"	16	13	java_comparison_cmp	11	12
"< Application, Lorg/apache/lucene/store/MMapDirectory, openInput(Ljava/lang/String;)Lorg/apache/lucene/store/IndexInput; >"	6	14	java_comparison_cmp	12	13
"< Application, Lorg/apache/lucene/search/DisjunctionMaxQuery, equals(Ljava/lang/Object;)Z >"	6	11	java_comparison_cmpl	8	10
"< Application, Lorg/apache/lucene/index/DocumentsWriter, balanceRAM()V >"	174	9	java_comparison_cmp	8	3
"< Application, Lorg/apache/lucene/index/SegmentMerger, mergeVectors()V >"	88	92	java_comparison_cmp	91	85
"< Application, Lorg/apache/lucene/index/SegmentInfos$FindSegmentsFile, run()Ljava/lang/Object; >"	131	132	java_comparison_cmp	236	129
"< Application, Lorg/apache/lucene/index/TermVectorsTermsWriterPerField, start([Lorg/apache/lucene/document/Fieldable;I)Z >"	61	64	java_comparison_cmp	51	63
"< Application, Lorg/dacapo/parser/ConfigFileTokenManager, jjMoveStringLiteralDfa5_0(JJ)I >"	50	47	java_comparison_cmp	46	6
"< Application, Lorg/apache/lucene/demo/html/HTMLParserTokenManager, jjStopStringLiteralDfa_0(IJ)I >"	41	9	java_comparison_cmp	7	8
"< Application, Lorg/dacapo/parser/ConfigFileTokenManager, jjStopStringLiteralDfa_0(IJ)I >"	45	45	java_comparison_cmp	44	8
"< Application, Lorg/apache/lucene/store/BufferedIndexInput, seek(J)V >"	7	11	java_comparison_cmp	2	10
"< Application, Lorg/dacapo/parser/ConfigFileTokenManager, jjStopStringLiteralDfa_0(IJ)I >"	12	66	java_comparison_cmp	65	8
"< Application, Lorg/apache/lucene/demo/html/HTMLParserTokenManager, jjMoveNfa_1(II)I >"	161	35	java_comparison_cmp	33	34
"< Application, Lorg/apache/lucene/index/IndexReader, indexExists(Lorg/apache/lucene/store/Directory;)Z >"	1	6	java_comparison_cmp	4	5
"< Application, Lorg/apache/lucene/index/DocumentsWriter, doBalanceRAM()Z >"	11	13	java_comparison_cmp	11	12
"< Application, Lorg/apache/lucene/search/FieldDocSortedHitQueue, lessThan(Ljava/lang/Object;Ljava/lang/Object;)Z >"	99	77	java_comparison_cmpl	69	74
"< Application, Lorg/dacapo/parser/ConfigFileTokenManager, jjMoveStringLiteralDfa9_0(JJ)I >"	1	7	java_comparison_cmp	5	6
"< Application, Lorg/dacapo/parser/ConfigFileTokenManager, getNextToken()Lorg/dacapo/parser/Token; >"	105	57	java_comparison_cmp	56	47
"< Application, Lorg/apache/lucene/demo/html/HTMLParserTokenManager, jjMoveNfa_6(II)I >"	19	49	java_comparison_cmp	48	34
"< Application, Lorg/apache/lucene/demo/html/HTMLParserTokenManager, jjMoveStringLiteralDfa2_0(JJ)I >"	1	7	java_comparison_cmp	5	6
"< Application, Lorg/dacapo/parser/ConfigFileTokenManager, jjMoveStringLiteralDfa6_0(JJ)I >"	43	20	java_comparison_cmp	19	6
"< Application, Lorg/apache/lucene/index/IndexWriter, startCommit(J)V >"	18	23	java_comparison_cmp	2	22
"< Application, Lorg/apache/lucene/queryParser/QueryParserTokenManager, jjMoveNfa_3(II)I >"	342	289	java_comparison_cmp	288	89
"< Application, Lorg/dacapo/parser/ConfigFileTokenManager, jjMoveNfa_0(II)I >"	19	53	java_comparison_cmp	52	34
"< Application, Lorg/apache/lucene/demo/html/HTMLParserTokenManager, jjMoveStringLiteralDfa3_0(JJ)I >"	15	23	java_comparison_cmp	22	6
"< Application, Lorg/apache/lucene/store/Lock, obtain(J)Z >"	22	17	java_comparison_cmp	24	13
"< Application, Lorg/apache/lucene/search/TermQuery$TermWeight, explain(Lorg/apache/lucene/index/IndexReader;I)Lorg/apache/lucene/search/Explanation; >"	43	80	java_comparison_cmpl	78	79
"< Application, Lorg/dacapo/parser/ConfigFileTokenManager, jjMoveNfa_0(II)I >"	112	84	java_comparison_cmp	83	34
"< Application, Lorg/apache/lucene/queryParser/QueryParserTokenManager, jjMoveNfa_3(II)I >"	27	90	java_comparison_cmp	88	89
"< Application, Lorg/apache/lucene/demo/html/HTMLParserTokenManager, jjMoveNfa_0(II)I >"	313	35	java_comparison_cmp	33	34
"< Application, Lorg/dacapo/parser/ConfigFileTokenManager, jjMoveStringLiteralDfa5_0(JJ)I >"	1	7	java_comparison_cmp	5	6
"< Application, Lorg/apache/lucene/queryParser/QueryParserTokenManager, jjMoveNfa_3(II)I >"	109	152	java_comparison_cmp	151	89
"< Application, Lorg/apache/lucene/queryParser/QueryParser, Term(Ljava/lang/String;)Lorg/apache/lucene/search/Query; >"	94	328	java_comparison_cmpg	326	327
"< Application, Lorg/dacapo/parser/ConfigFileTokenManager, jjMoveNfa_0(II)I >"	197	154	java_comparison_cmp	153	34
"< Application, Lorg/apache/lucene/search/PhraseQuery, equals(Ljava/lang/Object;)Z >"	6	11	java_comparison_cmpl	8	10
"< Application, Lorg/apache/lucene/store/MMapDirectory$MultiMMapIndexInput, <init>(Ljava/io/RandomAccessFile;I)V >"	34	21	java_comparison_cmp	19	20
"< Application, Lorg/apache/lucene/index/DocumentsWriter, bytesUsed(J)V >"	7	10	java_comparison_cmp	8	9
"< Application, Lorg/apache/lucene/demo/html/HTMLParserTokenManager, jjMoveNfa_0(II)I >"	88	121	java_comparison_cmp	120	34
"< Application, Lorg/dacapo/parser/ConfigFileTokenManager, jjMoveStringLiteralDfa5_0(JJ)I >"	22	86	java_comparison_cmp	85	6
"< Application, Lorg/apache/lucene/index/TermVectorsWriter, addRawDocuments(Lorg/apache/lucene/index/TermVectorsReader;[I[II)V >"	30	43	java_comparison_cmp	42	26
"< Application, Lorg/dacapo/parser/ConfigFileTokenManager, jjMoveNfa_0(II)I >"	80	114	java_comparison_cmp	113	34
"< Application, Lorg/apache/lucene/demo/html/HTMLParserTokenManager, jjMoveNfa_5(II)I >"	67	35	java_comparison_cmp	33	34
"< Application, Lorg/apache/lucene/demo/html/HTMLParserTokenManager, jjMoveNfa_2(II)I >"	65	78	java_comparison_cmp	77	33
"< Application, Lorg/apache/lucene/index/FreqProxTermsWriter, copyBytes(Lorg/apache/lucene/store/IndexInput;Lorg/apache/lucene/store/IndexOutput;J)V >"	1	7	java_comparison_cmp	20	6
"< Application, Lorg/apache/lucene/search/DisjunctionMaxQuery$DisjunctionMaxWeight, explain(Lorg/apache/lucene/index/IndexReader;I)Lorg/apache/lucene/search/Explanation; >"	13	17	java_comparison_cmpl	16	13
"< Application, Lorg/dacapo/parser/ConfigFileTokenManager, jjStopStringLiteralDfa_0(IJ)I >"	34	52	java_comparison_cmp	51	8
"< Application, Lorg/apache/lucene/queryParser/QueryParserTokenManager, jjStopStringLiteralDfa_2(IJ)I >"	2	9	java_comparison_cmp	7	8
"< Application, Lorg/dacapo/parser/ConfigFileTokenManager, jjMoveNfa_0(II)I >"	234	40	java_comparison_cmp	39	34
"< Application, Lorg/apache/lucene/search/DisjunctionMaxQuery, toString(Ljava/lang/String;)Ljava/lang/String; >"	28	45	java_comparison_cmpl	43	44
"< Application, Lorg/apache/lucene/store/RAMOutputStream, seek(J)V >"	2	6	java_comparison_cmp	2	5
"< Application, Lorg/dacapo/parser/ConfigFileTokenManager, jjStopStringLiteralDfa_0(IJ)I >"	16	69	java_comparison_cmp	68	8
"< Application, Lorg/apache/lucene/index/IndexFileDeleter, <init>(Lorg/apache/lucene/store/Directory;Lorg/apache/lucene/index/IndexDeletionPolicy;Lorg/apache/lucene/index/SegmentInfos;Ljava/io/PrintStream;Lorg/apache/lucene/index/DocumentsWriter;)V >"	82	96	java_comparison_cmp	93	95
"< Application, Lorg/apache/lucene/queryParser/QueryParserTokenManager, jjMoveNfa_3(II)I >"	47	104	java_comparison_cmp	103	89
"< Application, Lorg/apache/lucene/queryParser/QueryParser, Term(Ljava/lang/String;)Lorg/apache/lucene/search/Query; >"	96	330	java_comparison_cmpl	326	329
"< Application, Lorg/dacapo/parser/ConfigFileTokenManager, jjStopStringLiteralDfa_0(IJ)I >"	6	75	java_comparison_cmp	74	8
"< Application, Lorg/apache/lucene/queryParser/QueryParserTokenManager, jjMoveNfa_2(II)I >"	52	81	java_comparison_cmp	80	57
"< Application, Lorg/apache/lucene/queryParser/QueryParserTokenManager, jjMoveNfa_2(II)I >"	26	64	java_comparison_cmp	63	57
"< Application, Lorg/dacapo/parser/ConfigFileTokenManager, jjMoveNfa_0(II)I >"	126	92	java_comparison_cmp	91	34
"< Application, Lorg/apache/lucene/index/IndexFileDeleter$CommitPoint, compareTo(Ljava/lang/Object;)I >"	8	11	java_comparison_cmp	9	10
"< Application, Lorg/apache/lucene/index/IndexWriter, setRAMBufferSizeMB(D)V >"	0	5	java_comparison_cmpl	2	4
"< Application, Lorg/apache/lucene/search/PhraseQuery$PhraseWeight, explain(Lorg/apache/lucene/index/IndexReader;I)Lorg/apache/lucene/search/Explanation; >"	68	120	java_comparison_cmpl	118	119
"< Application, Lorg/apache/lucene/index/LogMergePolicy, findMergesForOptimize(Lorg/apache/lucene/index/SegmentInfos;Lorg/apache/lucene/index/IndexWriter;ILjava/util/Set;)Lorg/apache/lucene/index/MergePolicy$MergeSpecification; >"	73	65	java_comparison_cmp	55	70
"< Application, Lorg/apache/lucene/index/TermInfosWriter, add(I[BILorg/apache/lucene/index/TermInfo;)V >"	89	29	java_comparison_cmp	27	28
"< Application, Lorg/apache/lucene/queryParser/QueryParserTokenManager, jjMoveNfa_1(II)I >"	39	70	java_comparison_cmp	69	57
"< Application, Lorg/apache/lucene/store/RAMInputStream, switchCurrentBuffer(Z)V >"	26	21	java_comparison_cmp	20	14
"< Application, Lorg/apache/lucene/index/IndexWriter, syncPause(J)V >"	13	21	java_comparison_cmp	16	20
"< Application, Lorg/apache/lucene/store/RAMOutputStream, writeTo(Lorg/apache/lucene/store/IndexOutput;)V >"	8	13	java_comparison_cmp	12	6
"< Application, Lorg/apache/lucene/search/TimeLimitedCollector, collect(IF)V >"	3	9	java_comparison_cmp	8	7
"< Application, Lorg/apache/lucene/index/TermInfosReader, getPosition(Lorg/apache/lucene/index/Term;)J >"	1	6	java_comparison_cmp	4	5
"< Application, Lorg/apache/lucene/demo/html/HTMLParserTokenManager, jjMoveNfa_3(II)I >"	19	49	java_comparison_cmp	48	34
"< Application, Lorg/apache/lucene/search/FilteredQuery, equals(Ljava/lang/Object;)Z >"	13	19	java_comparison_cmpl	16	18
"< Application, Lorg/dacapo/parser/ConfigFileTokenManager, jjMoveStringLiteralDfa5_0(JJ)I >"	40	59	java_comparison_cmp	58	6
"< Application, Lorg/apache/lucene/demo/html/HTMLParserTokenManager, jjMoveNfa_0(II)I >"	323	43	java_comparison_cmp	42	34
"< Application, Lorg/apache/lucene/search/FieldSortedHitQueue$5, compare(Lorg/apache/lucene/search/ScoreDoc;Lorg/apache/lucene/search/ScoreDoc;)I >"	9	13	java_comparison_cmp	7	10
"< Application, Lorg/apache/lucene/index/SegmentMerger, mergeFields()I >"	183	221	java_comparison_cmp	220	215
"< Application, Lorg/apache/lucene/index/StoredFieldsWriter, free(Lorg/apache/lucene/index/StoredFieldsWriter$PerDoc;)V >"	29	21	java_comparison_cmp	12	20
"< Application, Lorg/apache/lucene/store/Lock, obtain(J)Z >"	19	14	java_comparison_cmp	2	10
"< Application, Lorg/apache/lucene/search/BooleanQuery$BooleanWeight, explain(Lorg/apache/lucene/index/IndexReader;I)Lorg/apache/lucene/search/Explanation; >"	92	113	java_comparison_cmpl	111	112
"< Application, Lorg/apache/lucene/index/SegmentInfos, write(Lorg/apache/lucene/store/Directory;)V >"	2	8	java_comparison_cmp	6	7
"< Application, Lorg/apache/lucene/demo/html/HTMLParserTokenManager, jjStopStringLiteralDfa_0(IJ)I >"	34	15	java_comparison_cmp	14	8
"< Application, Lorg/dacapo/harness/Benchmark, validate(Ljava/lang/String;)Z >"	188	268	java_comparison_cmp	249	228
"< Application, Lorg/apache/lucene/index/IndexFileNames, fileNameFromGeneration(Ljava/lang/String;Ljava/lang/String;J)Ljava/lang/String; >"	0	6	java_comparison_cmp	3	5
"< Application, Lorg/apache/lucene/queryParser/QueryParserTokenManager, jjMoveNfa_1(II)I >"	73	97	java_comparison_cmp	96	57
"< Application, Lorg/apache/lucene/demo/html/HTMLParserTokenManager, jjMoveNfa_0(II)I >"	96	126	java_comparison_cmp	125	34
"< Application, Lorg/apache/lucene/index/SegmentInfo, files()Ljava/util/List; >"	122	184	java_comparison_cmp	183	181
"< Application, Lorg/apache/lucene/index/SegmentInfo, sizeInBytes()J >"	1	5	java_comparison_cmp	3	4
"< Application, Lorg/apache/lucene/index/SegmentInfo, hasSeparateNorms()Z >"	56	20	java_comparison_cmp	18	19
"< Application, Lorg/apache/lucene/queryParser/QueryParserTokenManager, jjMoveNfa_3(II)I >"	141	166	java_comparison_cmp	165	89
"< Application, Lorg/apache/lucene/search/RangeQuery, equals(Ljava/lang/Object;)Z >"	8	11	java_comparison_cmpl	8	10
"< Application, Lorg/apache/lucene/index/SegmentInfos$FindSegmentsFile, run()Ljava/lang/Object; >"	82	108	java_comparison_cmp	17	97
"< Application, Lorg/apache/lucene/index/TermInfosReader, get(Lorg/apache/lucene/index/Term;Z)Lorg/apache/lucene/index/TermInfo; >"	1	7	java_comparison_cmp	5	6
"< Application, Lorg/dacapo/parser/ConfigFileTokenManager, jjMoveStringLiteralDfa4_0(JJ)I >"	55	23	java_comparison_cmp	22	6
"< Application, Lorg/dacapo/parser/ConfigFileTokenManager, jjStopStringLiteralDfa_0(IJ)I >"	91	25	java_comparison_cmp	24	8
"< Application, Lorg/apache/lucene/store/FSDirectory$FSIndexInput, readInternal([BII)V >"	5	11	java_comparison_cmp	8	10
"< Application, Lorg/apache/lucene/queryParser/QueryParserTokenManager, jjMoveNfa_3(II)I >"	382	235	java_comparison_cmp	234	89
"< Application, Lorg/dacapo/parser/ConfigFileTokenManager, jjMoveStringLiteralDfa8_0(JJ)I >"	24	20	java_comparison_cmp	19	6
"< Application, Lorg/apache/lucene/index/LogMergePolicy, findMerges(Lorg/apache/lucene/index/SegmentInfos;Lorg/apache/lucene/index/IndexWriter;)Lorg/apache/lucene/index/MergePolicy$MergeSpecification; >"	47	60	java_comparison_cmpl	59	63
"< Application, Lorg/dacapo/parser/ConfigFileTokenManager, jjMoveStringLiteralDfa5_0(JJ)I >"	35	56	java_comparison_cmp	55	6
"< Application, Lorg/apache/lucene/queryParser/QueryParserTokenManager, jjMoveNfa_3(II)I >"	173	184	java_comparison_cmp	183	89
"< Application, Lorg/dacapo/parser/Config$OutputFile, hasBytes()Z >"	1	5	java_comparison_cmp	3	4
"< Application, Lorg/apache/lucene/demo/html/HTMLParserTokenManager, jjMoveNfa_1(II)I >"	39	78	java_comparison_cmp	77	34
"< Application, Lorg/apache/lucene/index/SegmentInfos$FindSegmentsFile, run()Ljava/lang/Object; >"	56	70	java_comparison_cmp	52	54
"< Application, Lorg/apache/lucene/search/FieldDocSortedHitQueue, lessThan(Ljava/lang/Object;Ljava/lang/Object;)Z >"	48	51	java_comparison_cmp	43	48
"< Application, Lorg/apache/lucene/index/TermVectorsReader, <init>(Lorg/apache/lucene/store/Directory;Ljava/lang/String;Lorg/apache/lucene/index/FieldInfos;III)V >"	79	87	java_comparison_cmp	85	86
"< Application, Lorg/apache/lucene/index/DocumentsWriter, balanceRAM()V >"	78	199	java_comparison_cmp	197	198
"< Application, Lorg/dacapo/parser/ConfigFileTokenManager, jjStopStringLiteralDfa_0(IJ)I >"	78	29	java_comparison_cmp	28	8
"< Application, Lorg/apache/lucene/search/ConstantScoreRangeQuery, equals(Ljava/lang/Object;)Z >"	44	35	java_comparison_cmpl	32	34
"< Application, Lorg/dacapo/parser/ConfigFileTokenManager, jjMoveStringLiteralDfa1_0(J)I >"	10	55	java_comparison_cmp	54	48
"< Application, Lorg/apache/lucene/util/OpenBitSet, equals(Ljava/lang/Object;)Z >"	18	18	java_comparison_cmp	16	17
"< Application, Lorg/apache/lucene/search/BooleanQuery, equals(Ljava/lang/Object;)Z >"	6	11	java_comparison_cmpl	8	10
"< Application, Lorg/apache/lucene/demo/html/HTMLParserTokenManager, jjMoveNfa_0(II)I >"	240	205	java_comparison_cmp	204	34
"< Application, Lorg/apache/lucene/index/DirectoryIndexReader, isCurrent()Z >"	5	10	java_comparison_cmp	6	9
"< Application, Lorg/apache/lucene/search/function/CustomScoreQuery, equals(Ljava/lang/Object;)Z >"	7	13	java_comparison_cmpl	10	12
"< Application, Lorg/apache/lucene/util/ToStringUtils, boost(F)Ljava/lang/String; >"	0	4	java_comparison_cmpl	1	3
"< Application, Lorg/apache/lucene/search/HitQueue, lessThan(Ljava/lang/Object;Ljava/lang/Object;)Z >"	4	9	java_comparison_cmpl	7	8
"< Application, Lorg/apache/lucene/index/SegmentInfo, files()Ljava/util/List; >"	95	108	java_comparison_cmp	106	107
"< Application, Lorg/apache/lucene/index/SegmentMerger$CheckAbort, work(D)V >"	4	8	java_comparison_cmpl	6	7
"< Application, Lorg/apache/lucene/search/spans/SpanNearQuery, equals(Ljava/lang/Object;)Z >"	21	19	java_comparison_cmpl	16	18
"< Application, Lorg/apache/lucene/index/StoredFieldsWriter, free(Lorg/apache/lucene/index/StoredFieldsWriter$PerDoc;)V >"	20	16	java_comparison_cmp	12	15
"< Application, Lorg/apache/lucene/demo/html/HTMLParserTokenManager, jjStopStringLiteralDfa_0(IJ)I >"	2	33	java_comparison_cmp	32	8
"< Application, Lorg/dacapo/parser/ConfigFileTokenManager, jjStopStringLiteralDfa_0(IJ)I >"	60	42	java_comparison_cmp	41	8
"< Application, Lorg/apache/lucene/index/SegmentInfo, advanceNormGen(I)V >"	2	7	java_comparison_cmp	5	6
"< Application, Lorg/apache/lucene/index/SegmentInfo, hasSeparateNorms(I)Z >"	8	12	java_comparison_cmp	10	11
"< Application, Lorg/apache/lucene/util/OpenBitSetIterator, shift()V >"	21	24	java_comparison_cmp	23	14
"< Application, Lorg/dacapo/parser/ConfigFileTokenManager, jjMoveStringLiteralDfa5_0(JJ)I >"	62	29	java_comparison_cmp	28	6
"< Application, Lorg/apache/lucene/util/OpenBitSet, isEmpty()Z >"	1	6	java_comparison_cmp	4	5
"< Application, Lorg/dacapo/parser/ConfigFileTokenManager, jjStopStringLiteralDfa_0(IJ)I >"	2	73	java_comparison_cmp	72	8
"< Application, Lorg/apache/lucene/search/FilteredQuery$1, explain(Lorg/apache/lucene/index/IndexReader;I)Lorg/apache/lucene/search/Explanation; >"	4	12	java_comparison_cmpl	10	11
"< Application, Lorg/apache/lucene/search/TermQuery$TermWeight, explain(Lorg/apache/lucene/index/IndexReader;I)Lorg/apache/lucene/search/Explanation; >"	114	186	java_comparison_cmpl	185	79
"< Application, Lorg/apache/lucene/index/DocumentsWriter, setRAMBufferSizeMB(D)V >"	0	5	java_comparison_cmpl	2	4
"< Application, Lorg/apache/lucene/index/DocumentsWriter, getRAMBufferSizeMB()D >"	1	5	java_comparison_cmp	3	4
"< Application, Lorg/dacapo/parser/ConfigFileTokenManager, jjMoveStringLiteralDfa3_0(JJ)I >"	28	68	java_comparison_cmp	67	6
"< Application, Lorg/apache/lucene/store/RAMInputStream, seek(J)V >"	3	7	java_comparison_cmp	2	6
"< Application, Lorg/apache/lucene/queryParser/QueryParserTokenManager, jjCanMove_0(IIIJJ)Z >"	4	17	java_comparison_cmp	16	10
"< Application, Lorg/apache/lucene/search/ScoreDocComparator$1, compare(Lorg/apache/lucene/search/ScoreDoc;Lorg/apache/lucene/search/ScoreDoc;)I >"	7	11	java_comparison_cmpg	9	10
"< Application, Lorg/dacapo/parser/ConfigFileTokenManager, jjStopStringLiteralDfa_0(IJ)I >"	40	55	java_comparison_cmp	54	8
"< Application, Lorg/apache/lucene/demo/html/HTMLParserTokenManager, jjMoveNfa_0(II)I >"	248	209	java_comparison_cmp	208	34
"< Application, Lorg/apache/lucene/demo/html/HTMLParserTokenManager, jjMoveNfa_7(II)I >"	64	34	java_comparison_cmp	32	33
"< Application, Lorg/apache/lucene/demo/html/HTMLParserTokenManager, jjMoveNfa_7(II)I >"	19	50	java_comparison_cmp	49	33
"< Application, Lorg/apache/lucene/index/SegmentInfos, read(Lorg/apache/lucene/store/Directory;Ljava/lang/String;)V >"	46	44	java_comparison_cmp	41	43
"< Application, Lorg/apache/lucene/index/SegmentInfo, files()Ljava/util/List; >"	110	182	java_comparison_cmp	181	107
"< Application, Lorg/dacapo/parser/ConfigFileTokenManager, jjMoveStringLiteralDfa11_0(JJ)I >"	20	20	java_comparison_cmp	19	6
"< Application, Lorg/apache/lucene/queryParser/QueryParserTokenManager, jjMoveNfa_1(II)I >"	19	58	java_comparison_cmp	56	57
"< Application, Lorg/apache/lucene/index/IndexWriter, addMergeException(Lorg/apache/lucene/index/MergePolicy$OneMerge;)V >"	12	14	java_comparison_cmp	12	13
"< Application, Lorg/apache/lucene/queryParser/QueryParserTokenManager, jjMoveNfa_3(II)I >"	34	93	java_comparison_cmp	92	89
"< Application, Lorg/dacapo/parser/ConfigFileTokenManager, jjMoveStringLiteralDfa3_0(JJ)I >"	21	77	java_comparison_cmp	76	6
"< Application, Lorg/apache/lucene/search/TopDocCollector, collect(IF)V >"	0	6	java_comparison_cmpl	3	5
"< Application, Lorg/apache/lucene/util/OpenBitSet, intersects(Lorg/apache/lucene/util/OpenBitSet;)Z >"	11	17	java_comparison_cmp	15	16
"< Application, Lorg/apache/lucene/queryParser/QueryParserTokenManager, jjStopStringLiteralDfa_1(IJ)I >"	2	9	java_comparison_cmp	7	8
"< Application, Lorg/dacapo/parser/ConfigFileTokenManager, jjMoveNfa_0(II)I >"	96	121	java_comparison_cmp	120	34
"< Application, Lorg/apache/lucene/search/FieldDocSortedHitQueue, lessThan(Ljava/lang/Object;Ljava/lang/Object;)Z >"	96	75	java_comparison_cmpg	69	74
"< Application, Lorg/dacapo/harness/Callback, runAgain()Z >"	91	88	java_comparison_cmpl	84	87
"< Application, Lorg/apache/lucene/demo/html/HTMLParserTokenManager, jjMoveNfa_0(II)I >"	147	151	java_comparison_cmp	150	34
"< Application, Lorg/apache/lucene/search/FieldDocSortedHitQueue, lessThan(Ljava/lang/Object;Ljava/lang/Object;)Z >"	19	24	java_comparison_cmpl	18	23
"< Application, Lorg/apache/lucene/search/PhraseScorer, doNext()Z >"	21	21	java_comparison_cmpl	19	20
"< Application, Lorg/apache/lucene/queryParser/QueryParserTokenManager, jjMoveNfa_2(II)I >"	39	70	java_comparison_cmp	69	57
"< Application, Lorg/apache/lucene/store/Directory, copy(Lorg/apache/lucene/store/Directory;Lorg/apache/lucene/store/Directory;Z)V >"	24	24	java_comparison_cmp	23	19
"< Application, Lorg/apache/lucene/queryParser/QueryParserTokenManager, jjMoveNfa_3(II)I >"	366	300	java_comparison_cmp	299	89
"< Application, Lorg/apache/lucene/queryParser/QueryParserTokenManager, jjCanMove_0(IIIJJ)Z >"	12	11	java_comparison_cmp	9	10
"< Application, Lorg/apache/lucene/store/Lock, obtain(J)Z >"	2	8	java_comparison_cmp	2	7
"< Application, Lorg/apache/lucene/index/IndexFileNames, fileNameFromGeneration(Ljava/lang/String;Ljava/lang/String;J)Ljava/lang/String; >"	3	9	java_comparison_cmp	3	8
"< Application, Lorg/apache/lucene/index/CompoundFileWriter, copyFile(Lorg/apache/lucene/index/CompoundFileWriter$FileEntry;Lorg/apache/lucene/store/IndexOutput;[B)V >"	7	17	java_comparison_cmp	31	16
"< Application, Lorg/apache/lucene/demo/html/HTMLParserTokenManager, jjMoveNfa_2(II)I >"	19	48	java_comparison_cmp	47	33
"< Application, Lorg/apache/lucene/search/spans/SpanOrQuery, equals(Ljava/lang/Object;)Z >"	20	23	java_comparison_cmpl	20	22
"< Application, Lorg/apache/lucene/search/FieldSortedHitQueue$7, compare(Lorg/apache/lucene/search/ScoreDoc;Lorg/apache/lucene/search/ScoreDoc;)I >"	6	11	java_comparison_cmpg	7	10
"< Application, Lorg/dacapo/parser/ConfigFileTokenManager, jjMoveStringLiteralDfa3_0(JJ)I >"	39	53	java_comparison_cmp	52	6
"< Application, Lorg/apache/lucene/search/spans/SpanWeight, explain(Lorg/apache/lucene/index/IndexReader;I)Lorg/apache/lucene/search/Explanation; >"	59	107	java_comparison_cmpl	105	106
"< Application, Lorg/apache/lucene/queryParser/QueryParserTokenManager, jjMoveStringLiteralDfa1_2(J)I >"	10	16	java_comparison_cmp	14	15
"< Application, Lorg/apache/lucene/search/spans/SpanNotQuery, equals(Ljava/lang/Object;)Z >"	16	19	java_comparison_cmpl	16	18
"< Application, Lorg/apache/lucene/search/MultiPhraseQuery, equals(Ljava/lang/Object;)Z >"	6	11	java_comparison_cmpl	8	10
"< Application, Lorg/dacapo/parser/ConfigFileTokenManager, jjStopStringLiteralDfa_0(IJ)I >"	73	35	java_comparison_cmp	34	8
"< Application, Lorg/apache/lucene/search/FuzzyQuery, hashCode()I >"	5	11	java_comparison_cmpl	9	10
"< Application, Lorg/apache/lucene/demo/html/HTMLParserTokenManager, jjMoveStringLiteralDfa1_0(J)I >"	10	21	java_comparison_cmp	19	20
"< Application, Lorg/apache/lucene/demo/html/HTMLParserTokenManager, jjMoveNfa_1(II)I >"	19	56	java_comparison_cmp	55	34
"< Application, Lorg/dacapo/parser/ConfigFileTokenManager, jjMoveStringLiteralDfa11_0(JJ)I >"	15	27	java_comparison_cmp	26	6
"< Application, Lorg/apache/lucene/demo/html/HTMLParserTokenManager, jjMoveStringLiteralDfa6_0(JJ)I >"	15	20	java_comparison_cmp	19	6
"< Application, Lorg/apache/lucene/demo/html/HTMLParserTokenManager, jjMoveNfa_0(II)I >"	207	181	java_comparison_cmp	180	34
"< Application, Lorg/apache/lucene/demo/html/HTMLParserTokenManager, jjMoveNfa_0(II)I >"	79	92	java_comparison_cmp	91	34
"< Application, Lorg/apache/lucene/search/FuzzyQuery$ScoreTermQueue, lessThan(Ljava/lang/Object;Ljava/lang/Object;)Z >"	4	9	java_comparison_cmpl	7	8
"< Application, Lorg/apache/lucene/util/OpenBitSet, get(I)Z >"	10	16	java_comparison_cmp	14	15
"< Application, Lorg/apache/lucene/index/DocumentsWriter, balanceRAM()V >"	69	191	java_comparison_cmp	190	3
"< Application, Lorg/apache/lucene/index/SegmentInfo, files()Ljava/util/List; >"	141	187	java_comparison_cmp	186	181
"< Application, Lorg/apache/lucene/util/OpenBitSet, nextSetBit(J)J >"	10	15	java_comparison_cmp	13	14
"< Application, Lorg/apache/lucene/demo/html/HTMLParserTokenManager, jjStopStringLiteralDfa_6(IJ)I >"	8	9	java_comparison_cmp	7	8
"< Application, Lorg/apache/lucene/store/RAMInputStream, seek(J)V >"	7	12	java_comparison_cmp	2	11
"< Application, Lorg/apache/lucene/demo/html/HTMLParserTokenManager, jjStopStringLiteralDfa_6(IJ)I >"	2	14	java_comparison_cmp	13	8
"< Application, Lorg/dacapo/parser/ConfigFileTokenManager, jjMoveStringLiteralDfa4_0(JJ)I >"	1	7	java_comparison_cmp	5	6
"< Application, Lorg/apache/lucene/index/LogMergePolicy, findMerges(Lorg/apache/lucene/index/SegmentInfos;Lorg/apache/lucene/index/IndexWriter;)Lorg/apache/lucene/index/MergePolicy$MergeSpecification; >"	52	65	java_comparison_cmpg	63	55
"< Application, Lorg/dacapo/parser/ConfigFileTokenManager, jjMoveNfa_0(II)I >"	145	99	java_comparison_cmp	98	34
"< Application, Lorg/apache/lucene/search/PrefixQuery, equals(Ljava/lang/Object;)Z >"	6	11	java_comparison_cmpl	8	10
"< Application, Lorg/apache/lucene/search/FieldSortedHitQueue$5, compare(Lorg/apache/lucene/search/ScoreDoc;Lorg/apache/lucene/search/ScoreDoc;)I >"	6	11	java_comparison_cmp	7	10
"< Application, Lorg/dacapo/parser/ConfigFileTokenManager, jjMoveStringLiteralDfa5_0(JJ)I >"	67	32	java_comparison_cmp	31	6
"< Application, Lorg/apache/lucene/queryParser/QueryParserTokenManager, jjMoveNfa_1(II)I >"	52	81	java_comparison_cmp	80	57
"< Application, Lorg/apache/lucene/search/TermQuery, equals(Ljava/lang/Object;)Z >"	6	11	java_comparison_cmpl	8	10
"< Application, Lorg/apache/lucene/demo/html/HTMLParserTokenManager, jjMoveNfa_0(II)I >"	59	86	java_comparison_cmp	85	34
"< Application, Lorg/apache/lucene/demo/html/HTMLParserTokenManager, jjMoveNfa_0(II)I >"	175	165	java_comparison_cmp	164	34
"< Application, Lorg/apache/lucene/search/ConstantScoreQuery, equals(Ljava/lang/Object;)Z >"	8	11	java_comparison_cmpl	8	10
"< Application, Lorg/apache/lucene/index/IndexWriter, setRAMBufferSizeMB(D)V >"	2	8	java_comparison_cmpg	2	7
"< Application, Lorg/apache/lucene/index/DirectoryIndexReader, listCommits(Lorg/apache/lucene/store/Directory;)Ljava/util/Collection; >"	29	28	java_comparison_cmp	27	12
"< Application, Lorg/apache/lucene/util/OpenBitSetIterator, next()Z >"	3	7	java_comparison_cmp	5	6
"< Application, Lorg/apache/lucene/util/UnicodeUtil, UTF8toUTF16([BIILorg/apache/lucene/util/UnicodeUtil$UTF16Result;)V >"	95	90	java_comparison_cmp	88	89
"< Application, Lorg/apache/lucene/index/DocumentsWriter, flush(Z)I >"	142	134	java_comparison_cmp	133	19
"< Application, Lorg/dacapo/parser/ConfigFileTokenManager, jjMoveStringLiteralDfa5_0(JJ)I >"	57	26	java_comparison_cmp	25	6
"< Application, Lorg/apache/lucene/search/FuzzyQuery, <init>(Lorg/apache/lucene/index/Term;FI)V >"	6	11	java_comparison_cmpg	3	10
"< Application, Lorg/apache/lucene/demo/html/HTMLParserTokenManager, jjMoveStringLiteralDfa4_0(JJ)I >"	1	7	java_comparison_cmp	5	6
"< Application, Lorg/apache/lucene/search/spans/SpanTermQuery, equals(Ljava/lang/Object;)Z >"	6	11	java_comparison_cmpl	8	10
"< Application, Lorg/apache/lucene/store/RAMDirectory, touchFile(Ljava/lang/String;)V >"	19	20	java_comparison_cmp	12	19
"< Application, Lorg/dacapo/parser/ConfigFileTokenManager, jjMoveNfa_1(II)I >"	19	40	java_comparison_cmp	38	39
"< Application, Lorg/apache/lucene/index/StoredFieldsWriter, closeDocStore(Lorg/apache/lucene/index/DocumentsWriter$FlushState;)V >"	72	98	java_comparison_cmp	83	97
"< Application, Lorg/apache/lucene/index/TermVectorsTermsWriter, closeDocStore(Lorg/apache/lucene/index/DocumentsWriter$FlushState;)V >"	34	43	java_comparison_cmp	26	42
"< Application, Lorg/apache/lucene/search/TopFieldDocCollector, collect(IF)V >"	0	6	java_comparison_cmpl	3	5
"< Application, Lorg/apache/lucene/demo/html/HTMLParserTokenManager, jjMoveNfa_4(II)I >"	19	49	java_comparison_cmp	48	34
"< Application, Lorg/apache/lucene/search/FuzzyTermEnum, <init>(Lorg/apache/lucene/index/IndexReader;Lorg/apache/lucene/index/Term;FI)V >"	10	15	java_comparison_cmpg	4	14
"< Application, Lorg/apache/lucene/search/BooleanQuery, rewrite(Lorg/apache/lucene/index/IndexReader;)Lorg/apache/lucene/search/Query; >"	13	52	java_comparison_cmpl	50	51
"< Application, Lorg/apache/lucene/index/IndexWriter, doCommitBeforeMergeCFS(Lorg/apache/lucene/index/MergePolicy$OneMerge;)Z >"	32	48	java_comparison_cmp	47	44
"< Application, Lorg/apache/lucene/queryParser/QueryParserTokenManager, jjMoveNfa_3(II)I >"	133	162	java_comparison_cmp	161	89
"< Application, Lorg/apache/lucene/queryParser/QueryParserTokenManager, jjMoveNfa_3(II)I >"	308	230	java_comparison_cmp	229	89
"< Application, Lorg/dacapo/parser/ConfigFileTokenManager, jjMoveStringLiteralDfa6_0(JJ)I >"	38	29	java_comparison_cmp	28	6
"< Application, Lorg/dacapo/parser/ConfigFileTokenManager, jjMoveStringLiteralDfa1_2(J)I >"	9	14	java_comparison_cmp	12	13
"< Application, Lorg/apache/lucene/util/BitUtil, isPowerOfTwo(J)Z >"	2	7	java_comparison_cmp	5	6
"< Application, Lorg/dacapo/parser/ConfigFileTokenManager, jjMoveStringLiteralDfa6_0(JJ)I >"	19	50	java_comparison_cmp	49	6
"< Application, Lorg/apache/lucene/queryParser/QueryParserTokenManager, jjMoveNfa_3(II)I >"	334	285	java_comparison_cmp	284	89
"< Application, Lorg/apache/lucene/search/FilterManager$FilterCleaner$1, compare(Ljava/lang/Object;Ljava/lang/Object;)I >"	17	24	java_comparison_cmp	22	23
"< Application, Lorg/dacapo/parser/ConfigFileTokenManager, jjMoveStringLiteralDfa5_0(JJ)I >"	15	94	java_comparison_cmp	93	6
"< Application, Lorg/apache/lucene/index/DocumentsWriter, balanceRAM()V >"	46	122	java_comparison_cmp	120	121
"< Application, Lorg/apache/lucene/index/SegmentInfo, hasDeletions()Z >"	1	5	java_comparison_cmp	3	4
"< Application, Lorg/apache/lucene/demo/html/HTMLParserTokenManager, jjMoveStringLiteralDfa2_6(JJ)I >"	1	7	java_comparison_cmp	5	6
"< Application, Lorg/dacapo/parser/ConfigFileTokenManager, jjMoveStringLiteralDfa2_0(JJ)I >"	53	26	java_comparison_cmp	25	6
"< Application, Lorg/apache/lucene/demo/html/HTMLParserTokenManager, jjMoveNfa_5(II)I >"	30	56	java_comparison_cmp	55	34
"< Application, Lorg/apache/lucene/store/IndexOutput, writeVLong(J)V >"	2	7	java_comparison_cmp	5	6
"< Application, Lorg/dacapo/parser/ConfigFileTokenManager, jjMoveStringLiteralDfa11_0(JJ)I >"	1	7	java_comparison_cmp	5	6
"< Application, Lorg/apache/lucene/index/TermVectorsTermsWriterPerField, start([Lorg/apache/lucene/document/Fieldable;I)Z >"	50	57	java_comparison_cmp	51	56
"< Application, Lorg/apache/lucene/demo/html/HTMLParserTokenManager, jjMoveNfa_4(II)I >"	30	56	java_comparison_cmp	55	34
"< Application, Lorg/apache/lucene/search/MatchAllDocsQuery$MatchAllDocsWeight, explain(Lorg/apache/lucene/index/IndexReader;I)Lorg/apache/lucene/search/Explanation; >"	5	15	java_comparison_cmpl	13	14
"< Application, Lorg/dacapo/parser/ConfigFileTokenManager, jjMoveStringLiteralDfa6_0(JJ)I >"	1	7	java_comparison_cmp	5	6
"< Application, Lorg/apache/lucene/index/SegmentInfo, hasDeletions()Z >"	5	9	java_comparison_cmp	7	8
"< Application, Lorg/apache/lucene/store/RAMInputStream, <init>(Lorg/apache/lucene/store/RAMFile;)V >"	7	11	java_comparison_cmp	9	10
"< Application, Lorg/apache/lucene/search/MultiTermQuery, equals(Ljava/lang/Object;)Z >"	13	15	java_comparison_cmpl	12	14
"< Application, Lorg/dacapo/parser/ConfigFileTokenManager, jjMoveNfa_0(II)I >"	150	140	java_comparison_cmp	139	34
"< Application, Lorg/dacapo/parser/ConfigFileTokenManager, getNextToken()Lorg/dacapo/parser/Token; >"	26	79	java_comparison_cmp	78	47
"< Application, Lorg/apache/lucene/document/DateField, timeToString(J)Ljava/lang/String; >"	0	4	java_comparison_cmp	1	3
"< Application, Lorg/apache/lucene/util/OpenBitSetDISI, inPlaceXor(Lorg/apache/lucene/search/DocIdSetIterator;)V >"	5	12	java_comparison_cmp	9	11
"< Application, Lorg/apache/lucene/index/LogMergePolicy, findMerges(Lorg/apache/lucene/index/SegmentInfos;Lorg/apache/lucene/index/IndexWriter;)Lorg/apache/lucene/index/MergePolicy$MergeSpecification; >"	19	34	java_comparison_cmp	32	33
"< Application, Lorg/apache/lucene/demo/html/HTMLParserTokenManager, jjStopStringLiteralDfa_0(IJ)I >"	20	21	java_comparison_cmp	20	8
"< Application, Lorg/apache/lucene/index/IndexWriter, syncPause(J)V >"	4	9	java_comparison_cmpl	7	8
"< Application, Lorg/apache/lucene/demo/html/HTMLParserTokenManager, jjMoveNfa_0(II)I >"	183	170	java_comparison_cmp	169	34
"< Application, Lorg/apache/lucene/index/DocumentsWriter, balanceRAM()V >"	3	6	java_comparison_cmp	4	5
"< Application, Lorg/apache/lucene/index/LogMergePolicy, findMergesForOptimize(Lorg/apache/lucene/index/SegmentInfos;Lorg/apache/lucene/index/IndexWriter;ILjava/util/Set;)Lorg/apache/lucene/index/MergePolicy$MergeSpecification; >"	71	64	java_comparison_cmp	55	63
"< Application, Lorg/apache/lucene/index/TermVectorsReader, <init>(Lorg/apache/lucene/store/Directory;Ljava/lang/String;Lorg/apache/lucene/index/FieldInfos;III)V >"	62	102	java_comparison_cmp	101	86
"< Application, Lorg/apache/lucene/queryParser/QueryParserTokenManager, jjMoveStringLiteralDfa1_1(J)I >"	10	16	java_comparison_cmp	14	15
