"< Application, Lorg/apache/lucene/store/FSDirectory, init(Ljava/io/File;Lorg/apache/lucene/store/LockFactory;)V >"	57	74	57	java_type_ref("<Application,Lorg/apache/lucene/store/SimpleFSLockFactory>")
"< Application, Lorg/apache/lucene/search/MultiTermQuery, equals(Ljava/lang/Object;)Z >"	2	4	2	java_type_ref("<Application,Lorg/apache/lucene/search/MultiTermQuery>")
"< Application, Lorg/apache/lucene/index/SegmentTermDocs, seek(Lorg/apache/lucene/index/TermEnum;)V >"	0	4	2	java_type_ref("<Application,Lorg/apache/lucene/index/SegmentTermEnum>")
"< Application, Lorg/apache/lucene/search/payloads/PayloadSpanUtil, queryToSpanQuery(Lorg/apache/lucene/search/Query;Ljava/util/Collection;)V >"	0	5	2	java_type_ref("<Application,Lorg/apache/lucene/search/BooleanQuery>")
"< Application, Lorg/apache/lucene/search/MultiPhraseQuery, equals(Ljava/lang/Object;)Z >"	0	4	2	java_type_ref("<Application,Lorg/apache/lucene/search/MultiPhraseQuery>")
"< Application, Lorg/apache/lucene/search/FieldSortedHitQueue, comparatorAuto(Lorg/apache/lucene/index/IndexReader;Ljava/lang/String;)Lorg/apache/lucene/search/ScoreDocComparator; >"	15	13	8	java_type_array(java_type_prim(java_prim_type_float))
"< Application, Lorg/apache/lucene/analysis/CharArraySet, contains(Ljava/lang/Object;)Z >"	0	4	2	java_type_array(java_type_prim(java_prim_type_char))
"< Application, Lorg/apache/lucene/index/IndexWriter, getLogMergePolicy()Lorg/apache/lucene/index/LogMergePolicy; >"	1	4	3	java_type_ref("<Application,Lorg/apache/lucene/index/LogMergePolicy>")
"< Application, Lorg/apache/lucene/search/PhraseQuery, equals(Ljava/lang/Object;)Z >"	0	4	2	java_type_ref("<Application,Lorg/apache/lucene/search/PhraseQuery>")
"< Application, Lorg/apache/lucene/search/QueryWrapperFilter, equals(Ljava/lang/Object;)Z >"	0	4	2	java_type_ref("<Application,Lorg/apache/lucene/search/QueryWrapperFilter>")
"< Application, Lorg/apache/lucene/search/FieldCacheImpl$Cache, get(Lorg/apache/lucene/index/IndexReader;Ljava/lang/Object;)Ljava/lang/Object; >"	23	28	24	java_type_ref("<Application,Lorg/apache/lucene/search/FieldCacheImpl$CreationPlaceholder>")
"< Application, Lorg/apache/lucene/search/ConstantScoreQuery, equals(Ljava/lang/Object;)Z >"	2	4	2	java_type_ref("<Application,Lorg/apache/lucene/search/ConstantScoreQuery>")
"< Application, Lorg/apache/lucene/search/ConstantScoreRangeQuery, equals(Ljava/lang/Object;)Z >"	2	4	2	java_type_ref("<Application,Lorg/apache/lucene/search/ConstantScoreRangeQuery>")
"< Application, Lorg/apache/lucene/index/IndexCommit, equals(Ljava/lang/Object;)Z >"	0	4	2	java_type_ref("<Application,Lorg/apache/lucene/index/IndexCommit>")
"< Application, Lorg/apache/lucene/search/DisjunctionMaxQuery, equals(Ljava/lang/Object;)Z >"	0	4	2	java_type_ref("<Application,Lorg/apache/lucene/search/DisjunctionMaxQuery>")
"< Application, Lorg/apache/lucene/search/payloads/BoostingTermQuery, equals(Ljava/lang/Object;)Z >"	0	4	2	java_type_ref("<Application,Lorg/apache/lucene/search/payloads/BoostingTermQuery>")
"< Application, Lorg/apache/lucene/queryParser/MultiFieldQueryParser, applySlop(Lorg/apache/lucene/search/Query;I)V >"	5	7	2	java_type_ref("<Application,Lorg/apache/lucene/search/MultiPhraseQuery>")
"< Application, Lorg/apache/lucene/analysis/WordlistLoader, getWordSet(Ljava/io/Reader;)Ljava/util/HashSet; >"	2	6	1	java_type_ref("<Primordial,Ljava/io/BufferedReader>")
"< Application, Lorg/apache/lucene/search/BooleanQuery, toString(Ljava/lang/String;)Ljava/lang/String; >"	27	38	37	java_type_ref("<Application,Lorg/apache/lucene/search/BooleanQuery>")
"< Application, Lorg/apache/lucene/search/CachingWrapperFilter, equals(Ljava/lang/Object;)Z >"	0	4	2	java_type_ref("<Application,Lorg/apache/lucene/search/CachingWrapperFilter>")
"< Application, Lorg/apache/lucene/index/MultiLevelSkipListReader, <init>(Lorg/apache/lucene/store/IndexInput;II)V >"	15	15	2	java_type_ref("<Application,Lorg/apache/lucene/store/BufferedIndexInput>")
"< Application, Lorg/apache/lucene/search/FilterManager$FilterCleaner$1, compare(Ljava/lang/Object;Ljava/lang/Object;)I >"	2	7	3	java_type_ref("<Primordial,Ljava/util/Map$Entry>")
"< Application, Lorg/apache/lucene/search/payloads/PayloadSpanUtil, queryToSpanQuery(Lorg/apache/lucene/search/Query;Ljava/util/Collection;)V >"	62	11	2	java_type_ref("<Application,Lorg/apache/lucene/search/DisjunctionMaxQuery>")
"< Application, Lorg/apache/lucene/search/RangeFilter, equals(Ljava/lang/Object;)Z >"	2	4	2	java_type_ref("<Application,Lorg/apache/lucene/search/RangeFilter>")
"< Application, Lorg/apache/lucene/document/Field, stringValue()Ljava/lang/String; >"	1	4	3	java_type_ref("<Primordial,Ljava/lang/String>")
"< Application, Lorg/apache/lucene/index/IndexWriter, handleMergeException(Ljava/lang/Throwable;Lorg/apache/lucene/index/MergePolicy$OneMerge;)V >"	2	7	2	java_type_ref("<Application,Lorg/apache/lucene/index/MergePolicy$MergeAbortedException>")
"< Application, Lorg/apache/lucene/store/LockStressTest, main([Ljava/lang/String;)V >"	68	91	72	java_type_ref("<Application,Lorg/apache/lucene/store/SimpleFSLockFactory>")
"< Application, Lorg/apache/lucene/queryParser/QueryParser, getFieldQuery(Ljava/lang/String;Ljava/lang/String;I)Lorg/apache/lucene/search/Query; >"	5	12	7	java_type_ref("<Application,Lorg/apache/lucene/search/MultiPhraseQuery>")
"< Application, Lorg/apache/lucene/search/RangeQuery, equals(Ljava/lang/Object;)Z >"	2	4	2	java_type_ref("<Application,Lorg/apache/lucene/search/RangeQuery>")
"< Application, Lorg/apache/lucene/search/FieldSortedHitQueue, comparatorAuto(Lorg/apache/lucene/index/IndexReader;Ljava/lang/String;)Lorg/apache/lucene/search/ScoreDocComparator; >"	3	9	8	java_type_ref("<Application,Lorg/apache/lucene/search/FieldCache$StringIndex>")
"< Application, Lorg/apache/lucene/search/spans/SpanNotQuery, equals(Ljava/lang/Object;)Z >"	2	4	2	java_type_ref("<Application,Lorg/apache/lucene/search/spans/SpanNotQuery>")
"< Application, Lorg/apache/lucene/search/payloads/PayloadSpanUtil, queryToSpanQuery(Lorg/apache/lucene/search/Query;Ljava/util/Collection;)V >"	41	8	2	java_type_ref("<Application,Lorg/apache/lucene/search/TermQuery>")
"< Application, Lorg/apache/lucene/analysis/CharArraySet, add(Ljava/lang/Object;)Z >"	0	4	2	java_type_array(java_type_prim(java_prim_type_char))
"< Application, Lorg/apache/lucene/search/spans/SpanFirstQuery, equals(Ljava/lang/Object;)Z >"	2	4	2	java_type_ref("<Application,Lorg/apache/lucene/search/spans/SpanFirstQuery>")
"< Application, Lorg/apache/lucene/search/BooleanQuery, equals(Ljava/lang/Object;)Z >"	0	4	2	java_type_ref("<Application,Lorg/apache/lucene/search/BooleanQuery>")
"< Application, Lorg/apache/lucene/search/BooleanClause, equals(Ljava/lang/Object;)Z >"	0	4	2	java_type_ref("<Application,Lorg/apache/lucene/search/BooleanClause>")
"< Application, Lorg/apache/lucene/index/DirectoryIndexReader, reopen()Lorg/apache/lucene/index/IndexReader; >"	42	19	18	java_type_ref("<Application,Lorg/apache/lucene/store/FSDirectory>")
"< Application, Lorg/apache/lucene/search/CachingWrapperFilter, bits(Lorg/apache/lucene/index/IndexReader;)Ljava/util/BitSet; >"	19	16	11	java_type_ref("<Application,Lorg/apache/lucene/util/DocIdBitSet>")
"< Application, Lorg/apache/lucene/search/spans/SpanTermQuery, equals(Ljava/lang/Object;)Z >"	0	4	2	java_type_ref("<Application,Lorg/apache/lucene/search/spans/SpanTermQuery>")
"< Application, Lorg/apache/lucene/search/FieldSortedHitQueue, comparatorAuto(Lorg/apache/lucene/index/IndexReader;Ljava/lang/String;)Lorg/apache/lucene/search/ScoreDocComparator; >"	19	14	8	java_type_array(java_type_ref("<Primordial,Ljava/lang/String>"))
"< Application, Lorg/apache/lucene/search/FilterManager$FilterCleaner$1, compare(Ljava/lang/Object;Ljava/lang/Object;)I >"	0	5	2	java_type_ref("<Primordial,Ljava/util/Map$Entry>")
"< Application, Lorg/apache/lucene/queryParser/MultiFieldQueryParser, parse([Ljava/lang/String;[Ljava/lang/String;Lorg/apache/lucene/analysis/Analyzer;)Lorg/apache/lucene/search/Query; >"	17	18	16	java_type_ref("<Application,Lorg/apache/lucene/search/BooleanQuery>")
"< Application, Lorg/apache/lucene/queryParser/MultiFieldQueryParser, applySlop(Lorg/apache/lucene/search/Query;I)V >"	0	5	2	java_type_ref("<Application,Lorg/apache/lucene/search/PhraseQuery>")
"< Application, Lorg/apache/lucene/analysis/CharArraySet, add(Ljava/lang/Object;)Z >"	11	7	2	java_type_ref("<Primordial,Ljava/lang/CharSequence>")
"< Application, Lorg/apache/lucene/store/FSDirectory, init(Ljava/io/File;Lorg/apache/lucene/store/LockFactory;)V >"	52	73	57	java_type_ref("<Application,Lorg/apache/lucene/store/NativeFSLockFactory>")
"< Application, Lorg/apache/lucene/util/OpenBitSet, equals(Ljava/lang/Object;)Z >"	2	4	2	java_type_ref("<Application,Lorg/apache/lucene/util/OpenBitSet>")
"< Application, Lorg/apache/lucene/search/payloads/PayloadSpanUtil, queryToSpanQuery(Lorg/apache/lucene/search/Query;Ljava/util/Collection;)V >"	16	7	2	java_type_ref("<Application,Lorg/apache/lucene/search/PhraseQuery>")
"< Application, Lorg/apache/lucene/document/AbstractField, getBinaryValue([B)[B >"	3	7	6	java_type_array(java_type_prim(java_prim_type_byte))
"< Application, Lorg/apache/lucene/index/IndexWriter, syncPause(J)V >"	1	5	4	java_type_ref("<Application,Lorg/apache/lucene/index/ConcurrentMergeScheduler>")
"< Application, Lorg/apache/lucene/search/CachingWrapperFilter, bits(Lorg/apache/lucene/index/IndexReader;)Ljava/util/BitSet; >"	15	14	11	java_type_ref("<Primordial,Ljava/util/BitSet>")
"< Application, Lorg/apache/lucene/analysis/CharArraySet, add(Ljava/lang/Object;)Z >"	6	6	2	java_type_ref("<Primordial,Ljava/lang/String>")
"< Application, Lorg/apache/lucene/index/FieldsWriter, writeField(Lorg/apache/lucene/index/FieldInfo;Lorg/apache/lucene/document/Fieldable;)V >"	0	5	3	java_type_ref("<Application,Lorg/apache/lucene/index/FieldsReader$FieldForMerge>")
"< Application, Lorg/apache/lucene/search/Hits, countDeletions(Lorg/apache/lucene/search/Searcher;)I >"	0	5	2	java_type_ref("<Application,Lorg/apache/lucene/search/IndexSearcher>")
"< Application, Lorg/apache/lucene/analysis/Token, equals(Ljava/lang/Object;)Z >"	2	4	2	java_type_ref("<Application,Lorg/apache/lucene/analysis/Token>")
"< Application, Lorg/apache/lucene/queryParser/MultiFieldQueryParser, parse([Ljava/lang/String;[Ljava/lang/String;[Lorg/apache/lucene/search/BooleanClause$Occur;Lorg/apache/lucene/analysis/Analyzer;)Lorg/apache/lucene/search/Query; >"	20	21	19	java_type_ref("<Application,Lorg/apache/lucene/search/BooleanQuery>")
"< Application, Lorg/apache/lucene/search/DisjunctionMaxQuery, toString(Ljava/lang/String;)Ljava/lang/String; >"	10	17	16	java_type_ref("<Application,Lorg/apache/lucene/search/BooleanQuery>")
"< Application, Lorg/apache/lucene/search/payloads/PayloadSpanUtil, queryToSpanQuery(Lorg/apache/lucene/search/Query;Ljava/util/Collection;)V >"	56	10	2	java_type_ref("<Application,Lorg/apache/lucene/search/FilteredQuery>")
"< Application, Lorg/apache/lucene/index/IndexWriter, handleMergeException(Ljava/lang/Throwable;Lorg/apache/lucene/index/MergePolicy$OneMerge;)V >"	16	11	2	java_type_ref("<Primordial,Ljava/lang/Error>")
"< Application, Lorg/apache/lucene/search/FuzzyQuery, equals(Ljava/lang/Object;)Z >"	2	4	2	java_type_ref("<Application,Lorg/apache/lucene/search/FuzzyQuery>")
"< Application, Lorg/apache/lucene/search/function/FieldCacheSource, equals(Ljava/lang/Object;)Z >"	0	4	2	java_type_ref("<Application,Lorg/apache/lucene/search/function/FieldCacheSource>")
"< Application, Lorg/apache/lucene/document/Field, readerValue()Ljava/io/Reader; >"	1	4	3	java_type_ref("<Primordial,Ljava/io/Reader>")
"< Application, Lorg/apache/lucene/analysis/CharArraySet, contains(Ljava/lang/Object;)Z >"	7	6	2	java_type_ref("<Primordial,Ljava/lang/CharSequence>")
"< Application, Lorg/apache/lucene/index/IndexWriter, handleMergeException(Ljava/lang/Throwable;Lorg/apache/lucene/index/MergePolicy$OneMerge;)V >"	8	9	2	java_type_ref("<Primordial,Ljava/io/IOException>")
"< Application, Lorg/apache/lucene/search/payloads/PayloadSpanUtil, queryToSpanQuery(Lorg/apache/lucene/search/Query;Ljava/util/Collection;)V >"	51	9	2	java_type_ref("<Application,Lorg/apache/lucene/search/spans/SpanQuery>")
"< Application, Lorg/apache/lucene/queryParser/MultiFieldQueryParser, parse(Ljava/lang/String;[Ljava/lang/String;[Lorg/apache/lucene/search/BooleanClause$Occur;Lorg/apache/lucene/analysis/Analyzer;)Lorg/apache/lucene/search/Query; >"	16	18	16	java_type_ref("<Application,Lorg/apache/lucene/search/BooleanQuery>")
"< Application, Lorg/apache/lucene/search/Query, combine([Lorg/apache/lucene/search/Query;)Lorg/apache/lucene/search/Query; >"	6	10	8	java_type_ref("<Application,Lorg/apache/lucene/search/BooleanQuery>")
"< Application, Lorg/apache/lucene/index/SegmentMerger, setMatchingSegmentReaders()V >"	11	15	14	java_type_ref("<Application,Lorg/apache/lucene/index/SegmentReader>")
"< Application, Lorg/apache/lucene/search/FieldSortedHitQueue, comparatorAuto(Lorg/apache/lucene/index/IndexReader;Ljava/lang/String;)Lorg/apache/lucene/search/ScoreDocComparator; >"	11	12	8	java_type_array(java_type_prim(java_prim_type_long))
"< Application, Lorg/apache/lucene/queryParser/QueryParser, getFieldQuery(Ljava/lang/String;Ljava/lang/String;I)Lorg/apache/lucene/search/Query; >"	1	8	7	java_type_ref("<Application,Lorg/apache/lucene/search/PhraseQuery>")
"< Application, Lorg/apache/lucene/index/Term, equals(Ljava/lang/Object;)Z >"	4	5	2	java_type_ref("<Application,Lorg/apache/lucene/index/Term>")
"< Application, Lorg/apache/lucene/search/FieldCacheImpl$Entry, equals(Ljava/lang/Object;)Z >"	0	4	2	java_type_ref("<Application,Lorg/apache/lucene/search/FieldCacheImpl$Entry>")
"< Application, Lorg/apache/lucene/search/TermQuery, equals(Ljava/lang/Object;)Z >"	0	4	2	java_type_ref("<Application,Lorg/apache/lucene/search/TermQuery>")
"< Application, Lorg/apache/lucene/document/Field, tokenStreamValue()Lorg/apache/lucene/analysis/TokenStream; >"	1	4	3	java_type_ref("<Application,Lorg/apache/lucene/analysis/TokenStream>")
"< Application, Lorg/apache/lucene/search/PrefixQuery, equals(Ljava/lang/Object;)Z >"	0	4	2	java_type_ref("<Application,Lorg/apache/lucene/search/PrefixQuery>")
"< Application, Lorg/apache/lucene/search/SpanQueryFilter, equals(Ljava/lang/Object;)Z >"	0	4	2	java_type_ref("<Application,Lorg/apache/lucene/search/SpanQueryFilter>")
"< Application, Lorg/apache/lucene/analysis/StopFilter, <init>(Lorg/apache/lucene/analysis/TokenStream;Ljava/util/Set;Z)V >"	3	8	3	java_type_ref("<Application,Lorg/apache/lucene/analysis/CharArraySet>")
"< Application, Lorg/apache/lucene/store/LockStressTest, main([Ljava/lang/String;)V >"	63	90	72	java_type_ref("<Application,Lorg/apache/lucene/store/NativeFSLockFactory>")
"< Application, Lorg/apache/lucene/search/spans/SpanNearQuery, equals(Ljava/lang/Object;)Z >"	2	4	2	java_type_ref("<Application,Lorg/apache/lucene/search/spans/SpanNearQuery>")
"< Application, Lorg/apache/lucene/search/payloads/PayloadSpanUtil, queryToSpanQuery(Lorg/apache/lucene/search/Query;Ljava/util/Collection;)V >"	73	12	2	java_type_ref("<Application,Lorg/apache/lucene/search/MultiPhraseQuery>")
"< Application, Lorg/apache/lucene/index/TermVectorOffsetInfo, equals(Ljava/lang/Object;)Z >"	2	4	2	java_type_ref("<Application,Lorg/apache/lucene/index/TermVectorOffsetInfo>")
"< Application, Lorg/apache/lucene/index/ConcurrentMergeScheduler$MergeThread, run()V >"	28	49	47	java_type_ref("<Application,Lorg/apache/lucene/index/MergePolicy$MergeAbortedException>")
"< Application, Lorg/apache/lucene/index/IndexWriter, addIndexes([Lorg/apache/lucene/index/IndexReader;)V >"	86	65	64	java_type_ref("<Application,Lorg/apache/lucene/index/LogMergePolicy>")
"< Application, Lorg/apache/lucene/index/TermVectorsWriter, addAllDocVectors([Lorg/apache/lucene/index/TermFreqVector;)V >"	29	39	38	java_type_ref("<Application,Lorg/apache/lucene/index/TermPositionVector>")
"< Application, Lorg/apache/lucene/search/MatchAllDocsQuery, equals(Ljava/lang/Object;)Z >"	0	4	2	java_type_ref("<Application,Lorg/apache/lucene/search/MatchAllDocsQuery>")
"< Application, Lorg/apache/lucene/search/WildcardQuery, equals(Ljava/lang/Object;)Z >"	0	4	2	java_type_ref("<Application,Lorg/apache/lucene/search/WildcardQuery>")
"< Application, Lorg/apache/lucene/document/AbstractField, getBinaryLength()I >"	12	6	5	java_type_array(java_type_prim(java_prim_type_byte))
"< Application, Lorg/apache/lucene/search/CachingSpanFilter, equals(Ljava/lang/Object;)Z >"	0	4	2	java_type_ref("<Application,Lorg/apache/lucene/search/CachingSpanFilter>")
"< Application, Lorg/apache/lucene/search/FilteredQuery, equals(Ljava/lang/Object;)Z >"	0	4	2	java_type_ref("<Application,Lorg/apache/lucene/search/FilteredQuery>")
"< Application, Lorg/apache/lucene/search/CachingWrapperFilter, getDocIdSet(Lorg/apache/lucene/index/IndexReader;)Lorg/apache/lucene/search/DocIdSet; >"	15	22	11	java_type_ref("<Application,Lorg/apache/lucene/search/DocIdSet>")
"< Application, Lorg/apache/lucene/index/IndexWriter, pushMaxBufferedDocs()V >"	4	8	7	java_type_ref("<Application,Lorg/apache/lucene/index/LogDocMergePolicy>")
"< Application, Lorg/apache/lucene/index/IndexWriter, handleMergeException(Ljava/lang/Throwable;Lorg/apache/lucene/index/MergePolicy$OneMerge;)V >"	12	10	2	java_type_ref("<Primordial,Ljava/lang/RuntimeException>")
"< Application, Lorg/apache/lucene/index/Payload, equals(Ljava/lang/Object;)Z >"	2	4	2	java_type_ref("<Application,Lorg/apache/lucene/index/Payload>")
"< Application, Lorg/apache/lucene/search/FieldSortedHitQueue, comparatorAuto(Lorg/apache/lucene/index/IndexReader;Ljava/lang/String;)Lorg/apache/lucene/search/ScoreDocComparator; >"	7	11	8	java_type_array(java_type_prim(java_prim_type_int))
"< Application, Lorg/apache/lucene/index/DirectoryIndexReader, reopen()Lorg/apache/lucene/index/IndexReader; >"	23	31	30	java_type_ref("<Application,Lorg/apache/lucene/store/FSDirectory>")
"< Application, Lorg/apache/lucene/index/SegmentMerger, mergeFields()I >"	23	27	26	java_type_ref("<Application,Lorg/apache/lucene/index/SegmentReader>")
