"< Application, Lorg/apache/lucene/index/IndexModifier, addDocument(Lorg/apache/lucene/document/Document;Lorg/apache/lucene/analysis/Analyzer;)V >"	13	5
"< Application, Lorg/apache/lucene/document/DateTools, timeToString(JLorg/apache/lucene/document/DateTools$Resolution;)Ljava/lang/String; >"	81	37
"< Application, Lorg/apache/lucene/demo/html/HTMLParser, addText(Ljava/lang/String;)V >"	17	1
"< Application, Lorg/apache/lucene/index/IndexWriter, addDocument(Lorg/apache/lucene/document/Document;Lorg/apache/lucene/analysis/Analyzer;)V >"	18	1
"< Application, Lorg/apache/lucene/store/FSDirectory, close()V >"	12	8
"< Application, Lorg/apache/lucene/index/DocumentsWriter, updateDocument(Lorg/apache/lucene/document/Document;Lorg/apache/lucene/analysis/Analyzer;Lorg/apache/lucene/index/Term;)Z >"	65	1
"< Application, Lorg/apache/lucene/store/SingleInstanceLock, obtain()Z >"	8	3
"< Application, Lorg/apache/lucene/document/DateTools, stringToDate(Ljava/lang/String;)Ljava/util/Date; >"	69	41
"< Application, Lorg/apache/lucene/util/cache/Cache$SynchronizedCache, get(Ljava/lang/Object;)Ljava/lang/Object; >"	7	4
"< Application, Lorg/apache/lucene/demo/html/HTMLParser, getMetaTags()Ljava/util/Properties; >"	9	1
"< Application, Lorg/apache/lucene/search/FilterManager$FilterCleaner, run()V >"	44	14
"< Application, Lorg/apache/lucene/index/DocumentsWriter, updateDocument(Lorg/apache/lucene/document/Document;Lorg/apache/lucene/analysis/Analyzer;Lorg/apache/lucene/index/Term;)Z >"	48	1
"< Application, Lorg/apache/lucene/index/IndexWriter, mergeMiddle(Lorg/apache/lucene/index/MergePolicy$OneMerge;)I >"	195	1
"< Application, Lorg/apache/lucene/store/NativeFSLock, obtain()Z >"	187	78
"< Application, Lorg/apache/lucene/index/IndexModifier, getMergeFactor()I >"	6	3
"< Application, Lorg/apache/lucene/store/FSDirectory, getDirectory(Ljava/io/File;Lorg/apache/lucene/store/LockFactory;)Lorg/apache/lucene/store/FSDirectory; >"	58	17
"< Application, Lorg/apache/lucene/store/NativeFSLock, obtain()Z >"	184	78
"< Application, Lorg/apache/lucene/index/IndexWriter, addIndexes([Lorg/apache/lucene/index/IndexReader;)V >"	25	1
"< Application, Lorg/apache/lucene/index/ConcurrentMergeScheduler, anyUnhandledExceptions()Z >"	17	2
"< Application, Lorg/apache/lucene/index/IndexWriter, waitForAllSynced(Ljava/util/Collection;)Z >"	20	4
"< Application, Lorg/apache/lucene/store/SingleInstanceLock, obtain()Z >"	5	3
"< Application, Lorg/apache/lucene/store/RAMFile, getSizeInBytes()J >"	6	3
"< Application, Lorg/apache/lucene/index/IndexWriter, startSync(Ljava/lang/String;Ljava/util/Collection;)Z >"	15	5
"< Application, Lorg/apache/lucene/index/IndexWriter, updateDocument(Lorg/apache/lucene/index/Term;Lorg/apache/lucene/document/Document;Lorg/apache/lucene/analysis/Analyzer;)V >"	16	1
"< Application, Lorg/apache/lucene/util/cache/Cache$SynchronizedCache, containsKey(Ljava/lang/Object;)Z >"	4	4
"< Application, Lorg/apache/lucene/index/IndexWriter, syncPause(J)V >"	25	1
"< Application, Lorg/apache/lucene/store/NativeFSLock, release()V >"	161	24
"< Application, Lorg/apache/lucene/document/DateTools, timeToString(JLorg/apache/lucene/document/DateTools$Resolution;)Ljava/lang/String; >"	39	58
"< Application, Lorg/apache/lucene/util/cache/SimpleMapCache$SynchronizedSimpleMapCache, keySet()Ljava/util/Set; >"	7	3
"< Application, Lorg/apache/lucene/index/SnapshotDeletionPolicy$MyCommitPoint, delete()V >"	12	3
"< Application, Lorg/apache/lucene/search/FieldCacheImpl$Cache, get(Lorg/apache/lucene/index/IndexReader;Ljava/lang/Object;)Ljava/lang/Object; >"	44	24
"< Application, Lorg/apache/lucene/index/IndexWriter, finishSync(Ljava/lang/String;Z)V >"	20	5
"< Application, Lorg/apache/lucene/index/IndexWriter, mergeMiddle(Lorg/apache/lucene/index/MergePolicy$OneMerge;)I >"	198	1
"< Application, Lorg/apache/lucene/document/DateTools, timeToString(JLorg/apache/lucene/document/DateTools$Resolution;)Ljava/lang/String; >"	13	72
"< Application, Lorg/apache/lucene/index/DocumentsWriter, finishDocument(Lorg/apache/lucene/index/DocumentsWriterThreadState;Lorg/apache/lucene/index/DocumentsWriter$DocWriter;)V >"	49	1
"< Application, Lorg/apache/lucene/index/IndexModifier, getInfoStream()Ljava/io/PrintStream; >"	6	3
"< Application, Lorg/apache/lucene/store/RAMDirectory, createOutput(Ljava/lang/String;)Lorg/apache/lucene/store/IndexOutput; >"	18	1
"< Application, Lorg/apache/lucene/store/NativeFSLock, obtain()Z >"	101	111
"< Application, Lorg/apache/lucene/store/NativeFSLock, obtain()Z >"	98	111
"< Application, Lorg/apache/lucene/store/RAMFile, addBuffer(I)[B >"	16	11
"< Application, Lorg/apache/lucene/store/SingleInstanceLock, isLocked()Z >"	5	3
"< Application, Lorg/apache/lucene/index/IndexWriter, mergeMiddle(Lorg/apache/lucene/index/MergePolicy$OneMerge;)I >"	67	1
"< Application, Lorg/apache/lucene/index/IndexWriter, expungeDeletes(Z)V >"	72	1
"< Application, Lorg/apache/lucene/index/IndexModifier, getMaxBufferedDocs()I >"	9	3
"< Application, Lorg/apache/lucene/index/IndexModifier, optimize()V >"	6	3
"< Application, Lorg/apache/lucene/demo/html/HTMLParser, getSummary()Ljava/lang/String; >"	14	1
"< Application, Lorg/apache/lucene/document/DateTools, stringToDate(Ljava/lang/String;)Ljava/util/Date; >"	42	51
"< Application, Lorg/apache/lucene/search/FieldCacheImpl$Cache, get(Lorg/apache/lucene/index/IndexReader;Ljava/lang/Object;)Ljava/lang/Object; >"	35	34
"< Application, Lorg/apache/lucene/search/MultiSearcherThread, run()V >"	46	39
"< Application, Lorg/apache/lucene/search/CachingWrapperFilter, getDocIdSet(Lorg/apache/lucene/index/IndexReader;)Lorg/apache/lucene/search/DocIdSet; >"	9	8
"< Application, Lorg/apache/lucene/index/IndexWriter, startSync(Ljava/lang/String;Ljava/util/Collection;)Z >"	18	5
"< Application, Lorg/apache/lucene/index/IndexWriter, startCommit(J)V >"	79	1
"< Application, Lorg/apache/lucene/index/IndexModifier, optimize()V >"	9	3
"< Application, Lorg/apache/lucene/index/IndexModifier, setInfoStream(Ljava/io/PrintStream;)V >"	11	4
"< Application, Lorg/apache/lucene/index/IndexWriter, addIndexes([Lorg/apache/lucene/index/IndexReader;)V >"	52	1
"< Application, Lorg/apache/lucene/index/SegmentReader, getNorms(Ljava/lang/String;)[B >"	14	7
"< Application, Lorg/apache/lucene/index/DocumentsWriter, balanceRAM()V >"	209	1
"< Application, Lorg/apache/lucene/index/ConcurrentMergeScheduler, anyUnhandledExceptions()Z >"	14	2
"< Application, Lorg/apache/lucene/index/IndexWriter, addIndexes([Lorg/apache/lucene/index/IndexReader;)V >"	113	1
"< Application, Lorg/apache/lucene/index/IndexWriter, closeInternal(Z)V >"	52	1
"< Application, Lorg/apache/lucene/search/FilterManager, getFilter(Lorg/apache/lucene/search/Filter;)Lorg/apache/lucene/search/Filter; >"	23	4
"< Application, Lorg/apache/lucene/index/IndexModifier, getUseCompoundFile()Z >"	6	3
"< Application, Lorg/apache/lucene/demo/html/HTMLParser, getSummary()Ljava/lang/String; >"	17	1
"< Application, Lorg/apache/lucene/store/RAMFile, addBuffer(I)[B >"	19	11
"< Application, Lorg/apache/lucene/index/IndexModifier, init(Lorg/apache/lucene/store/Directory;Lorg/apache/lucene/analysis/Analyzer;Z)V >"	9	6
"< Application, Lorg/apache/lucene/index/DocumentsWriter, updateDocument(Lorg/apache/lucene/document/Document;Lorg/apache/lucene/analysis/Analyzer;Lorg/apache/lucene/index/Term;)Z >"	107	1
"< Application, Lorg/apache/lucene/index/IndexModifier, close()V >"	22	3
"< Application, Lorg/apache/lucene/index/SegmentReader, norms(Ljava/lang/String;[BI)V >"	30	10
"< Application, Lorg/apache/lucene/store/SingleInstanceLock, isLocked()Z >"	8	3
"< Application, Lorg/apache/lucene/index/IndexModifier, docCount()I >"	7	3
"< Application, Lorg/apache/lucene/store/RAMDirectory, fileExists(Ljava/lang/String;)Z >"	8	1
"< Application, Lorg/apache/lucene/store/RAMDirectory, fileLength(Ljava/lang/String;)J >"	8	1
"< Application, Lorg/apache/lucene/index/IndexWriter, mergeMiddle(Lorg/apache/lucene/index/MergePolicy$OneMerge;)I >"	93	1
"< Application, Lorg/apache/lucene/index/IndexWriter, mergeMiddle(Lorg/apache/lucene/index/MergePolicy$OneMerge;)I >"	89	1
"< Application, Lorg/apache/lucene/store/FSDirectory, getLockID()Ljava/lang/String; >"	17	12
"< Application, Lorg/apache/lucene/index/IndexWriter, optimize(IZ)V >"	95	1
"< Application, Lorg/apache/lucene/store/NativeFSLock, obtain()Z >"	200	101
"< Application, Lorg/apache/lucene/search/CachingWrapperFilter, getDocIdSet(Lorg/apache/lucene/index/IndexReader;)Lorg/apache/lucene/search/DocIdSet; >"	32	17
"< Application, Lorg/apache/lucene/index/IndexModifier, deleteDocument(I)V >"	6	4
"< Application, Lorg/apache/lucene/store/RAMDirectory, touchFile(Ljava/lang/String;)V >"	8	1
"< Application, Lorg/apache/lucene/util/cache/Cache$SynchronizedCache, containsKey(Ljava/lang/Object;)Z >"	7	4
"< Application, Lorg/apache/lucene/search/CachingSpanFilter, getCachedResult(Lorg/apache/lucene/index/IndexReader;)Lorg/apache/lucene/search/SpanFilterResult; >"	19	8
"< Application, Lorg/apache/lucene/store/NativeFSLock, release()V >"	142	35
"< Application, Lorg/apache/lucene/document/DateTools, stringToDate(Ljava/lang/String;)Ljava/util/Date; >"	81	36
"< Application, Lorg/apache/lucene/index/MultiSegmentReader, doSetNorm(ILjava/lang/String;B)V >"	7	6
"< Application, Lorg/apache/lucene/index/DocumentsWriter, finishDocument(Lorg/apache/lucene/index/DocumentsWriterThreadState;Lorg/apache/lucene/index/DocumentsWriter$DocWriter;)V >"	22	1
"< Application, Lorg/apache/lucene/index/IndexWriter, setMessageID(Ljava/io/PrintStream;)V >"	12	7
"< Application, Lorg/apache/lucene/index/ConcurrentMergeScheduler, clearUnhandledExceptions()V >"	3	2
"< Application, Lorg/apache/lucene/store/NativeFSLock, release()V >"	164	24
"< Application, Lorg/apache/lucene/index/IndexWriter, mergeMiddle(Lorg/apache/lucene/index/MergePolicy$OneMerge;)I >"	172	1
"< Application, Lorg/apache/lucene/store/NativeFSLock, release()V >"	139	35
"< Application, Lorg/apache/lucene/index/MultiSegmentReader, doSetNorm(ILjava/lang/String;B)V >"	4	6
"< Application, Lorg/apache/lucene/util/cache/Cache$SynchronizedCache, close()V >"	7	3
"< Application, Lorg/apache/lucene/index/IndexModifier, getMaxFieldLength()I >"	6	3
"< Application, Lorg/apache/lucene/util/cache/SimpleMapCache$SynchronizedSimpleMapCache, close()V >"	4	3
"< Application, Lorg/apache/lucene/index/IndexWriter, mergeMiddle(Lorg/apache/lucene/index/MergePolicy$OneMerge;)I >"	139	1
"< Application, Lorg/apache/lucene/index/IndexWriter, mergeMiddle(Lorg/apache/lucene/index/MergePolicy$OneMerge;)I >"	159	1
"< Application, Lorg/apache/lucene/index/SegmentReader, norms(Ljava/lang/String;[BI)V >"	15	10
"< Application, Lorg/apache/lucene/index/IndexWriter, mergeMiddle(Lorg/apache/lucene/index/MergePolicy$OneMerge;)I >"	126	1
"< Application, Lorg/apache/lucene/index/IndexModifier, addDocument(Lorg/apache/lucene/document/Document;Lorg/apache/lucene/analysis/Analyzer;)V >"	10	5
"< Application, Lorg/apache/lucene/store/NativeFSLock, release()V >"	95	57
"< Application, Lorg/apache/lucene/index/IndexWriter, finishSync(Ljava/lang/String;Z)V >"	17	5
"< Application, Lorg/apache/lucene/store/NativeFSLock, release()V >"	98	57
"< Application, Lorg/apache/lucene/document/DateTools, stringToDate(Ljava/lang/String;)Ljava/util/Date; >"	45	51
"< Application, Lorg/apache/lucene/util/cache/SimpleMapCache$SynchronizedSimpleMapCache, keySet()Ljava/util/Set; >"	4	3
"< Application, Lorg/apache/lucene/index/DocumentsWriter$ByteBlockAllocator, getByteBlock(Z)[B >"	36	4
"< Application, Lorg/apache/lucene/document/DateTools, stringToDate(Ljava/lang/String;)Ljava/util/Date; >"	33	56
"< Application, Lorg/apache/lucene/index/IndexWriter, closeInternal(Z)V >"	33	1
"< Application, Lorg/apache/lucene/index/ConcurrentMergeScheduler, addMyself()V >"	27	3
"< Application, Lorg/apache/lucene/store/NativeFSLock, release()V >"	177	16
"< Application, Lorg/apache/lucene/demo/html/ParserThread, run()V >"	43	61
"< Application, Lorg/apache/lucene/util/cache/Cache$SynchronizedCache, put(Ljava/lang/Object;Ljava/lang/Object;)V >"	4	5
"< Application, Lorg/apache/lucene/index/DocumentsWriter$ByteBlockAllocator, recycleByteBlocks([[BII)V >"	9	6
"< Application, Lorg/apache/lucene/search/CachingSpanFilter, getCachedResult(Lorg/apache/lucene/index/IndexReader;)Lorg/apache/lucene/search/SpanFilterResult; >"	16	8
"< Application, Lorg/apache/lucene/search/CachingWrapperFilter, bits(Lorg/apache/lucene/index/IndexReader;)Ljava/util/BitSet; >"	9	8
"< Application, Lorg/apache/lucene/document/DateTools, timeToString(JLorg/apache/lucene/document/DateTools$Resolution;)Ljava/lang/String; >"	91	30
"< Application, Lorg/apache/lucene/search/CachingWrapperFilter, bits(Lorg/apache/lucene/index/IndexReader;)Ljava/util/BitSet; >"	30	20
"< Application, Lorg/apache/lucene/demo/html/HTMLParser, getTitle()Ljava/lang/String; >"	12	1
"< Application, Lorg/apache/lucene/index/IndexModifier, getMaxFieldLength()I >"	9	3
"< Application, Lorg/apache/lucene/index/ConcurrentMergeScheduler$MergeThread, run()V >"	106	64
"< Application, Lorg/apache/lucene/store/SingleInstanceLock, release()V >"	8	3
"< Application, Lorg/apache/lucene/util/CloseableThreadLocal, set(Ljava/lang/Object;)V >"	23	8
"< Application, Lorg/apache/lucene/store/RAMDirectory, fileModified(Ljava/lang/String;)J >"	8	1
"< Application, Lorg/apache/lucene/util/cache/SimpleMapCache$SynchronizedSimpleMapCache, get(Ljava/lang/Object;)Ljava/lang/Object; >"	4	4
"< Application, Lorg/apache/lucene/demo/html/HTMLParser, getSummary()Ljava/lang/String; >"	11	1
"< Application, Lorg/apache/lucene/demo/html/ParserThread, run()V >"	74	22
"< Application, Lorg/apache/lucene/store/NativeFSLock, release()V >"	63	76
"< Application, Lorg/apache/lucene/document/DateTools, timeToString(JLorg/apache/lucene/document/DateTools$Resolution;)Ljava/lang/String; >"	42	58
"< Application, Lorg/apache/lucene/index/IndexWriter, mergeMiddle(Lorg/apache/lucene/index/MergePolicy$OneMerge;)I >"	136	1
"< Application, Lorg/apache/lucene/index/IndexWriter, addDocument(Lorg/apache/lucene/document/Document;Lorg/apache/lucene/analysis/Analyzer;)V >"	15	1
"< Application, Lorg/apache/lucene/document/DateTools, stringToDate(Ljava/lang/String;)Ljava/util/Date; >"	78	36
"< Application, Lorg/apache/lucene/store/RAMFile, getSizeInBytes()J >"	3	3
"< Application, Lorg/apache/lucene/index/IndexWriter, startCommit(J)V >"	82	1
"< Application, Lorg/apache/lucene/index/DocumentsWriter$ByteBlockAllocator, getByteBlock(Z)[B >"	33	4
"< Application, Lorg/apache/lucene/index/IndexWriter, closeInternal(Z)V >"	69	1
"< Application, Lorg/apache/lucene/util/cache/SimpleMapCache$SynchronizedSimpleMapCache, put(Ljava/lang/Object;Ljava/lang/Object;)V >"	7	5
"< Application, Lorg/apache/lucene/demo/html/ParserThread, run()V >"	91	49
"< Application, Lorg/dacapo/harness/Benchmark, initialize()V >"	42	20
"< Application, Lorg/apache/lucene/store/FSDirectory$FSIndexInput, readInternal([BII)V >"	30	6
"< Application, Lorg/apache/lucene/store/NativeFSLock, release()V >"	50	84
"< Application, Lorg/apache/lucene/util/cache/SimpleMapCache$SynchronizedSimpleMapCache, containsKey(Ljava/lang/Object;)Z >"	4	4
"< Application, Lorg/dacapo/harness/Benchmark, initialize()V >"	20	3
"< Application, Lorg/apache/lucene/index/IndexWriter, addDocument(Lorg/apache/lucene/document/Document;Lorg/apache/lucene/analysis/Analyzer;)V >"	37	1
"< Application, Lorg/apache/lucene/demo/html/ParserThread, run()V >"	46	61
"< Application, Lorg/apache/lucene/index/IndexModifier, getUseCompoundFile()Z >"	9	3
"< Application, Lorg/dacapo/harness/Benchmark, initialize()V >"	17	3
"< Application, Lorg/apache/lucene/store/SingleInstanceLock, release()V >"	5	3
"< Application, Lorg/apache/lucene/document/DateTools, timeToString(JLorg/apache/lucene/document/DateTools$Resolution;)Ljava/lang/String; >"	55	51
"< Application, Lorg/apache/lucene/index/SegmentReader, norms(Ljava/lang/String;[BI)V >"	27	10
"< Application, Lorg/apache/lucene/index/ConcurrentMergeScheduler$MergeThread, run()V >"	84	75
"< Application, Lorg/apache/lucene/store/NativeFSLock, obtain()Z >"	203	101
"< Application, Lorg/apache/lucene/store/NativeFSLock, release()V >"	85	65
"< Application, Lorg/apache/lucene/index/DocumentsWriter, balanceRAM()V >"	130	1
"< Application, Lorg/apache/lucene/index/IndexWriter, startCommit(J)V >"	53	1
"< Application, Lorg/apache/lucene/document/DateTools, timeToString(JLorg/apache/lucene/document/DateTools$Resolution;)Ljava/lang/String; >"	65	44
"< Application, Lorg/apache/lucene/store/NativeFSLock, release()V >"	126	43
"< Application, Lorg/apache/lucene/index/MultiReader, doSetNorm(ILjava/lang/String;B)V >"	7	6
"< Application, Lorg/apache/lucene/util/CloseableThreadLocal, set(Ljava/lang/Object;)V >"	20	8
"< Application, Lorg/apache/lucene/index/IndexWriter, closeInternal(Z)V >"	36	1
"< Application, Lorg/apache/lucene/index/SegmentReader, getNorms(Ljava/lang/String;)[B >"	17	7
"< Application, Lorg/apache/lucene/index/IndexWriter, startCommit(J)V >"	254	1
"< Application, Lorg/apache/lucene/document/DateTools, timeToString(JLorg/apache/lucene/document/DateTools$Resolution;)Ljava/lang/String; >"	29	65
"< Application, Lorg/apache/lucene/search/MultiSearcherThread, run()V >"	51	39
"< Application, Lorg/apache/lucene/index/IndexModifier, setInfoStream(Ljava/io/PrintStream;)V >"	8	4
"< Application, Lorg/apache/lucene/index/IndexWriter, addIndexes([Lorg/apache/lucene/store/Directory;)V >"	41	1
"< Application, Lorg/apache/lucene/store/FSDirectory, getDirectory(Ljava/io/File;Lorg/apache/lucene/store/LockFactory;)Lorg/apache/lucene/store/FSDirectory; >"	70	50
"< Application, Lorg/apache/lucene/store/RAMDirectory, openInput(Ljava/lang/String;)Lorg/apache/lucene/store/IndexInput; >"	5	1
"< Application, Lorg/apache/lucene/index/IndexWriter, resolveExternalSegments()V >"	44	1
"< Application, Lorg/apache/lucene/document/DateTools, timeToString(JLorg/apache/lucene/document/DateTools$Resolution;)Ljava/lang/String; >"	68	44
"< Application, Lorg/apache/lucene/index/IndexModifier, close()V >"	19	3
"< Application, Lorg/apache/lucene/index/IndexWriter, startCommit(J)V >"	267	1
"< Application, Lorg/apache/lucene/index/IndexWriter, waitForAllSynced(Ljava/util/Collection;)Z >"	23	4
"< Application, Lorg/apache/lucene/index/IndexModifier, getInfoStream()Ljava/io/PrintStream; >"	9	3
"< Application, Lorg/apache/lucene/search/CachingWrapperFilter, getDocIdSet(Lorg/apache/lucene/index/IndexReader;)Lorg/apache/lucene/search/DocIdSet; >"	12	8
"< Application, Lorg/apache/lucene/index/IndexModifier, setMaxBufferedDocs(I)V >"	8	4
"< Application, Lorg/apache/lucene/index/IndexWriter, rollbackInternal()V >"	82	1
"< Application, Lorg/apache/lucene/index/IndexWriter, updateDocument(Lorg/apache/lucene/index/Term;Lorg/apache/lucene/document/Document;Lorg/apache/lucene/analysis/Analyzer;)V >"	33	1
"< Application, Lorg/apache/lucene/index/SnapshotDeletionPolicy$MyCommitPoint, delete()V >"	15	3
"< Application, Lorg/apache/lucene/store/RAMDirectory, fileExists(Ljava/lang/String;)Z >"	5	1
"< Application, Lorg/apache/lucene/index/IndexWriter, waitForAllSynced(Ljava/util/Collection;)Z >"	12	4
"< Application, Lorg/apache/lucene/search/FilterManager, getFilter(Lorg/apache/lucene/search/Filter;)Lorg/apache/lucene/search/Filter; >"	26	4
"< Application, Lorg/apache/lucene/index/IndexModifier, setUseCompoundFile(Z)V >"	8	4
"< Application, Lorg/apache/lucene/util/cache/SimpleMapCache$SynchronizedSimpleMapCache, containsKey(Ljava/lang/Object;)Z >"	7	4
"< Application, Lorg/apache/lucene/index/DocumentsWriter, finishDocument(Lorg/apache/lucene/index/DocumentsWriterThreadState;Lorg/apache/lucene/index/DocumentsWriter$DocWriter;)V >"	46	1
"< Application, Lorg/apache/lucene/index/IndexWriter, rollbackInternal()V >"	63	1
"< Application, Lorg/apache/lucene/index/IndexWriter, addIndexes([Lorg/apache/lucene/index/IndexReader;)V >"	98	1
"< Application, Lorg/apache/lucene/index/IndexWriter, closeInternal(Z)V >"	49	1
"< Application, Lorg/apache/lucene/util/cache/SimpleMapCache$SynchronizedSimpleMapCache, close()V >"	7	3
"< Application, Lorg/apache/lucene/store/RAMDirectory, touchFile(Ljava/lang/String;)V >"	5	1
"< Application, Lorg/apache/lucene/index/IndexWriter, addIndexes([Lorg/apache/lucene/index/IndexReader;)V >"	55	1
"< Application, Lorg/apache/lucene/store/FSDirectory, getLockID()Ljava/lang/String; >"	14	12
"< Application, Lorg/apache/lucene/index/IndexWriter, closeInternal(Z)V >"	88	1
"< Application, Lorg/apache/lucene/index/IndexModifier, setMergeFactor(I)V >"	11	4
"< Application, Lorg/dacapo/harness/Benchmark, initialize()V >"	39	20
"< Application, Lorg/apache/lucene/store/FSDirectory, getDirectory(Ljava/io/File;Lorg/apache/lucene/store/LockFactory;)Lorg/apache/lucene/store/FSDirectory; >"	67	50
"< Application, Lorg/apache/lucene/document/DateTools, stringToDate(Ljava/lang/String;)Ljava/util/Date; >"	57	46
"< Application, Lorg/apache/lucene/search/CachingWrapperFilter, bits(Lorg/apache/lucene/index/IndexReader;)Ljava/util/BitSet; >"	33	20
"< Application, Lorg/apache/lucene/index/IndexModifier, setMergeFactor(I)V >"	8	4
"< Application, Lorg/apache/lucene/index/IndexWriter, startCommit(J)V >"	192	1
"< Application, Lorg/apache/lucene/index/IndexWriter, startTransaction(Z)V >"	42	1
"< Application, Lorg/apache/lucene/index/IndexWriter, startTransaction(Z)V >"	39	1
"< Application, Lorg/apache/lucene/index/IndexWriter, setMessageID(Ljava/io/PrintStream;)V >"	9	7
"< Application, Lorg/apache/lucene/index/IndexWriter, merge(Lorg/apache/lucene/index/MergePolicy$OneMerge;)V >"	62	1
"< Application, Lorg/apache/lucene/util/cache/Cache$SynchronizedCache, put(Ljava/lang/Object;Ljava/lang/Object;)V >"	7	5
"< Application, Lorg/apache/lucene/index/IndexWriter, merge(Lorg/apache/lucene/index/MergePolicy$OneMerge;)V >"	105	1
"< Application, Lorg/apache/lucene/index/IndexWriter, startCommit(J)V >"	264	1
"< Application, Lorg/apache/lucene/demo/html/HTMLParser, getTitle()Ljava/lang/String; >"	15	1
"< Application, Lorg/apache/lucene/document/DateTools, stringToDate(Ljava/lang/String;)Ljava/util/Date; >"	9	66
"< Application, Lorg/apache/lucene/index/IndexModifier, docCount()I >"	11	3
"< Application, Lorg/apache/lucene/store/FSDirectory, getDirectory(Ljava/io/File;Lorg/apache/lucene/store/LockFactory;)Lorg/apache/lucene/store/FSDirectory; >"	61	17
"< Application, Lorg/apache/lucene/search/FilterManager, getFilter(Lorg/apache/lucene/search/Filter;)Lorg/apache/lucene/search/Filter; >"	14	4
"< Application, Lorg/apache/lucene/index/IndexWriter, rollbackInternal()V >"	44	1
"< Application, Lorg/apache/lucene/index/IndexModifier, getMaxBufferedDocs()I >"	6	3
"< Application, Lorg/apache/lucene/index/IndexWriter, mergeMiddle(Lorg/apache/lucene/index/MergePolicy$OneMerge;)I >"	70	1
"< Application, Lorg/apache/lucene/index/IndexWriter, updateDocument(Lorg/apache/lucene/index/Term;Lorg/apache/lucene/document/Document;Lorg/apache/lucene/analysis/Analyzer;)V >"	13	1
"< Application, Lorg/apache/lucene/util/cache/SimpleMapCache$SynchronizedSimpleMapCache, get(Ljava/lang/Object;)Ljava/lang/Object; >"	7	4
"< Application, Lorg/apache/lucene/index/IndexModifier, init(Lorg/apache/lucene/store/Directory;Lorg/apache/lucene/analysis/Analyzer;Z)V >"	12	6
"< Application, Lorg/apache/lucene/search/FilterManager$FilterCleaner, run()V >"	41	14
"< Application, Lorg/apache/lucene/index/ConcurrentMergeScheduler$MergeThread, run()V >"	87	75
"< Application, Lorg/apache/lucene/store/RAMDirectory, openInput(Ljava/lang/String;)Lorg/apache/lucene/store/IndexInput; >"	8	1
"< Application, Lorg/apache/lucene/index/DocumentsWriter, updateDocument(Lorg/apache/lucene/document/Document;Lorg/apache/lucene/analysis/Analyzer;Lorg/apache/lucene/index/Term;)Z >"	100	1
"< Application, Lorg/apache/lucene/index/IndexModifier, flush()V >"	14	3
"< Application, Lorg/apache/lucene/index/IndexWriter, addIndexes([Lorg/apache/lucene/index/IndexReader;)V >"	116	1
"< Application, Lorg/apache/lucene/index/IndexWriter, mergeMiddle(Lorg/apache/lucene/index/MergePolicy$OneMerge;)I >"	129	1
"< Application, Lorg/apache/lucene/index/IndexWriter, rollbackInternal()V >"	79	1
"< Application, Lorg/apache/lucene/index/ConcurrentMergeScheduler, merge(Lorg/apache/lucene/index/IndexWriter;)V >"	56	1
"< Application, Lorg/apache/lucene/index/IndexWriter, mergeMiddle(Lorg/apache/lucene/index/MergePolicy$OneMerge;)I >"	182	1
"< Application, Lorg/apache/lucene/document/DateTools, timeToString(JLorg/apache/lucene/document/DateTools$Resolution;)Ljava/lang/String; >"	78	37
"< Application, Lorg/apache/lucene/index/IndexWriter, addIndexesNoOptimize([Lorg/apache/lucene/store/Directory;)V >"	56	1
"< Application, Lorg/apache/lucene/index/IndexWriter, closeInternal(Z)V >"	66	1
"< Application, Lorg/apache/lucene/index/IndexWriter, newSegmentName()Ljava/lang/String; >"	15	3
"< Application, Lorg/apache/lucene/index/IndexModifier, deleteDocument(I)V >"	9	4
"< Application, Lorg/apache/lucene/index/DocumentsWriter, updateDocument(Lorg/apache/lucene/document/Document;Lorg/apache/lucene/analysis/Analyzer;Lorg/apache/lucene/index/Term;)Z >"	97	1
"< Application, Lorg/apache/lucene/index/IndexWriter, optimize(IZ)V >"	56	1
"< Application, Lorg/apache/lucene/index/IndexWriter, updateDocument(Lorg/apache/lucene/index/Term;Lorg/apache/lucene/document/Document;Lorg/apache/lucene/analysis/Analyzer;)V >"	30	1
"< Application, Lorg/apache/lucene/document/DateTools, stringToDate(Ljava/lang/String;)Ljava/util/Date; >"	54	46
"< Application, Lorg/apache/lucene/index/IndexWriter, startSync(Ljava/lang/String;Ljava/util/Collection;)Z >"	10	5
"< Application, Lorg/apache/lucene/index/ConcurrentMergeScheduler$MergeThread, run()V >"	35	50
"< Application, Lorg/apache/lucene/index/IndexModifier, deleteDocuments(Lorg/apache/lucene/index/Term;)I >"	9	4
"< Application, Lorg/apache/lucene/index/DocumentsWriter, updateDocument(Lorg/apache/lucene/document/Document;Lorg/apache/lucene/analysis/Analyzer;Lorg/apache/lucene/index/Term;)Z >"	114	1
"< Application, Lorg/apache/lucene/search/MultiSearcherThread, run()V >"	48	39
"< Application, Lorg/apache/lucene/demo/html/HTMLParser, addToSummary(Ljava/lang/String;)V >"	12	1
"< Application, Lorg/apache/lucene/index/IndexWriter, optimize(IZ)V >"	92	1
"< Application, Lorg/apache/lucene/index/IndexWriter, startCommit(J)V >"	257	1
"< Application, Lorg/apache/lucene/index/ConcurrentMergeScheduler$MergeThread, run()V >"	38	50
"< Application, Lorg/apache/lucene/demo/html/HTMLParser, getTitle()Ljava/lang/String; >"	9	1
"< Application, Lorg/apache/lucene/index/IndexModifier, deleteDocuments(Lorg/apache/lucene/index/Term;)I >"	6	4
"< Application, Lorg/apache/lucene/document/DateTools, timeToString(JLorg/apache/lucene/document/DateTools$Resolution;)Ljava/lang/String; >"	94	30
"< Application, Lorg/apache/lucene/index/IndexWriter, merge(Lorg/apache/lucene/index/MergePolicy$OneMerge;)V >"	108	1
"< Application, Lorg/apache/lucene/store/FSDirectory$FSIndexInput, readInternal([BII)V >"	27	6
"< Application, Lorg/apache/lucene/index/IndexWriter, rollbackInternal()V >"	60	1
"< Application, Lorg/apache/lucene/search/FieldCacheImpl$Cache, get(Lorg/apache/lucene/index/IndexReader;Ljava/lang/Object;)Ljava/lang/Object; >"	18	5
"< Application, Lorg/apache/lucene/store/RAMDirectory, fileLength(Ljava/lang/String;)J >"	5	1
"< Application, Lorg/apache/lucene/index/IndexWriter, closeInternal(Z)V >"	91	1
"< Application, Lorg/apache/lucene/index/IndexWriter, syncPause(J)V >"	27	1
"< Application, Lorg/apache/lucene/index/IndexWriter, addIndexes([Lorg/apache/lucene/store/Directory;)V >"	38	1
"< Application, Lorg/apache/lucene/util/cache/Cache$SynchronizedCache, get(Ljava/lang/Object;)Ljava/lang/Object; >"	4	4
"< Application, Lorg/apache/lucene/store/NativeFSLock, release()V >"	174	16
"< Application, Lorg/apache/lucene/demo/html/HTMLParser, getMetaTags()Ljava/util/Properties; >"	12	1
"< Application, Lorg/apache/lucene/document/DateTools, timeToString(JLorg/apache/lucene/document/DateTools$Resolution;)Ljava/lang/String; >"	26	65
"< Application, Lorg/apache/lucene/store/NativeFSLock, obtain()Z >"	39	32
"< Application, Lorg/apache/lucene/index/ConcurrentMergeScheduler, merge(Lorg/apache/lucene/index/IndexWriter;)V >"	59	1
"< Application, Lorg/apache/lucene/demo/html/HTMLParser, getMetaTags()Ljava/util/Properties; >"	15	1
"< Application, Lorg/apache/lucene/document/DateTools, timeToString(JLorg/apache/lucene/document/DateTools$Resolution;)Ljava/lang/String; >"	16	72
"< Application, Lorg/apache/lucene/index/ConcurrentMergeScheduler$MergeThread, run()V >"	65	35
"< Application, Lorg/apache/lucene/index/DocumentsWriter, balanceRAM()V >"	127	1
"< Application, Lorg/apache/lucene/search/FieldCacheImpl$Cache, get(Lorg/apache/lucene/index/IndexReader;Ljava/lang/Object;)Ljava/lang/Object; >"	38	34
"< Application, Lorg/apache/lucene/search/CachingWrapperFilter, getDocIdSet(Lorg/apache/lucene/index/IndexReader;)Lorg/apache/lucene/search/DocIdSet; >"	29	17
"< Application, Lorg/apache/lucene/index/ConcurrentMergeScheduler, clearUnhandledExceptions()V >"	6	2
"< Application, Lorg/apache/lucene/index/IndexWriter, resolveExternalSegments()V >"	41	1
"< Application, Lorg/apache/lucene/store/NativeFSLock, release()V >"	82	65
"< Application, Lorg/apache/lucene/store/NativeFSLock, release()V >"	47	84
"< Application, Lorg/apache/lucene/demo/html/HTMLParser, addToSummary(Ljava/lang/String;)V >"	15	1
"< Application, Lorg/apache/lucene/document/DateTools, stringToDate(Ljava/lang/String;)Ljava/util/Date; >"	66	41
"< Application, Lorg/apache/lucene/index/IndexModifier, setUseCompoundFile(Z)V >"	11	4
"< Application, Lorg/apache/lucene/demo/html/ParserThread, run()V >"	94	49
"< Application, Lorg/apache/lucene/index/ConcurrentMergeScheduler, addMyself()V >"	24	3
"< Application, Lorg/apache/lucene/index/IndexWriter, startCommit(J)V >"	26	1
"< Application, Lorg/apache/lucene/index/IndexModifier, setMaxFieldLength(I)V >"	8	4
"< Application, Lorg/apache/lucene/index/IndexWriter, mergeMiddle(Lorg/apache/lucene/index/MergePolicy$OneMerge;)I >"	185	1
"< Application, Lorg/apache/lucene/index/ConcurrentMergeScheduler$MergeThread, run()V >"	103	64
"< Application, Lorg/apache/lucene/index/MultiReader, doSetNorm(ILjava/lang/String;B)V >"	4	6
"< Application, Lorg/apache/lucene/store/NativeFSLock, release()V >"	129	43
"< Application, Lorg/apache/lucene/index/DocumentsWriter, updateDocument(Lorg/apache/lucene/document/Document;Lorg/apache/lucene/analysis/Analyzer;Lorg/apache/lucene/index/Term;)Z >"	51	1
"< Application, Lorg/apache/lucene/index/IndexWriter, mergeMiddle(Lorg/apache/lucene/index/MergePolicy$OneMerge;)I >"	156	1
"< Application, Lorg/apache/lucene/search/FieldCacheImpl$Cache, get(Lorg/apache/lucene/index/IndexReader;Ljava/lang/Object;)Ljava/lang/Object; >"	21	5
"< Application, Lorg/apache/lucene/index/IndexWriter, addIndexes([Lorg/apache/lucene/index/IndexReader;)V >"	28	1
"< Application, Lorg/apache/lucene/document/DateTools, stringToDate(Ljava/lang/String;)Ljava/util/Date; >"	18	61
"< Application, Lorg/apache/lucene/demo/html/ParserThread, run()V >"	15	73
"< Application, Lorg/apache/lucene/store/FSDirectory, close()V >"	15	8
"< Application, Lorg/apache/lucene/index/DocumentsWriter, balanceRAM()V >"	83	1
"< Application, Lorg/apache/lucene/index/IndexWriter, addIndexes([Lorg/apache/lucene/index/IndexReader;)V >"	101	1
"< Application, Lorg/apache/lucene/index/DocumentsWriter, updateDocument(Lorg/apache/lucene/document/Document;Lorg/apache/lucene/analysis/Analyzer;Lorg/apache/lucene/index/Term;)Z >"	58	1
"< Application, Lorg/apache/lucene/search/FieldCacheImpl$Cache, get(Lorg/apache/lucene/index/IndexReader;Ljava/lang/Object;)Ljava/lang/Object; >"	41	24
"< Application, Lorg/apache/lucene/index/DocumentsWriter$ByteBlockAllocator, recycleByteBlocks([[BII)V >"	12	6
"< Application, Lorg/apache/lucene/util/cache/Cache$SynchronizedCache, close()V >"	4	3
"< Application, Lorg/apache/lucene/index/IndexWriter, addIndexesNoOptimize([Lorg/apache/lucene/store/Directory;)V >"	53	1
"< Application, Lorg/apache/lucene/index/IndexWriter, newSegmentName()Ljava/lang/String; >"	18	3
"< Application, Lorg/apache/lucene/document/DateTools, stringToDate(Ljava/lang/String;)Ljava/util/Date; >"	21	61
"< Application, Lorg/apache/lucene/index/ConcurrentMergeScheduler$MergeThread, run()V >"	68	35
"< Application, Lorg/apache/lucene/index/IndexWriter, merge(Lorg/apache/lucene/index/MergePolicy$OneMerge;)V >"	65	1
"< Application, Lorg/apache/lucene/store/NativeFSLock, release()V >"	60	76
"< Application, Lorg/apache/lucene/index/IndexModifier, flush()V >"	17	3
"< Application, Lorg/apache/lucene/index/IndexWriter, expungeDeletes(Z)V >"	25	1
"< Application, Lorg/apache/lucene/store/NativeFSLock, obtain()Z >"	48	32
"< Application, Lorg/apache/lucene/store/NativeFSLock, obtain()Z >"	44	32
"< Application, Lorg/apache/lucene/index/IndexWriter, syncPause(J)V >"	30	1
"< Application, Lorg/apache/lucene/document/DateTools, stringToDate(Ljava/lang/String;)Ljava/util/Date; >"	30	56
"< Application, Lorg/apache/lucene/index/IndexModifier, getMergeFactor()I >"	9	3
"< Application, Lorg/apache/lucene/index/IndexWriter, expungeDeletes(Z)V >"	28	1
"< Application, Lorg/apache/lucene/index/IndexWriter, mergeMiddle(Lorg/apache/lucene/index/MergePolicy$OneMerge;)I >"	169	1
"< Application, Lorg/apache/lucene/store/RAMDirectory, fileModified(Ljava/lang/String;)J >"	5	1
"< Application, Lorg/apache/lucene/demo/html/ParserThread, run()V >"	18	73
"< Application, Lorg/apache/lucene/index/IndexWriter, expungeDeletes(Z)V >"	69	1
"< Application, Lorg/apache/lucene/index/IndexWriter, startCommit(J)V >"	196	1
"< Application, Lorg/apache/lucene/store/SingleInstanceLockFactory, clearLock(Ljava/lang/String;)V >"	10	4
"< Application, Lorg/apache/lucene/util/cache/SimpleMapCache$SynchronizedSimpleMapCache, put(Ljava/lang/Object;Ljava/lang/Object;)V >"	4	5
"< Application, Lorg/apache/lucene/index/IndexWriter, optimize(IZ)V >"	53	1
"< Application, Lorg/apache/lucene/index/IndexWriter, rollbackInternal()V >"	47	1
"< Application, Lorg/apache/lucene/index/IndexModifier, setMaxBufferedDocs(I)V >"	11	4
"< Application, Lorg/apache/lucene/index/IndexWriter, addDocument(Lorg/apache/lucene/document/Document;Lorg/apache/lucene/analysis/Analyzer;)V >"	34	1
"< Application, Lorg/apache/lucene/store/SingleInstanceLockFactory, clearLock(Ljava/lang/String;)V >"	7	4
"< Application, Lorg/apache/lucene/index/DocumentsWriter, balanceRAM()V >"	206	1
"< Application, Lorg/apache/lucene/document/DateTools, stringToDate(Ljava/lang/String;)Ljava/util/Date; >"	6	66
"< Application, Lorg/apache/lucene/demo/html/HTMLParser, addText(Ljava/lang/String;)V >"	20	1
"< Application, Lorg/apache/lucene/document/DateTools, timeToString(JLorg/apache/lucene/document/DateTools$Resolution;)Ljava/lang/String; >"	52	51
"< Application, Lorg/apache/lucene/index/IndexModifier, docCount()I >"	14	3
"< Application, Lorg/apache/lucene/index/IndexWriter, startSync(Ljava/lang/String;Ljava/util/Collection;)Z >"	13	5
"< Application, Lorg/apache/lucene/demo/html/ParserThread, run()V >"	71	22
"< Application, Lorg/apache/lucene/store/RAMDirectory, createOutput(Ljava/lang/String;)Lorg/apache/lucene/store/IndexOutput; >"	15	1
"< Application, Lorg/apache/lucene/index/IndexModifier, setMaxFieldLength(I)V >"	11	4
"< Application, Lorg/apache/lucene/search/CachingWrapperFilter, bits(Lorg/apache/lucene/index/IndexReader;)Ljava/util/BitSet; >"	12	8
