"< Application, Lorg/apache/lucene/index/MultiSegmentReader, doSetNorm(ILjava/lang/String;B)V >"	6	10
"< Application, Lorg/apache/lucene/index/DocumentsWriter$WaitQueue, writeDocument(Lorg/apache/lucene/index/DocumentsWriter$DocWriter;)V >"	38	31
"< Application, Lorg/apache/lucene/store/NativeFSLock, release()V >"	115	34
"< Application, Lorg/apache/lucene/index/IndexModifier, getMergeFactor()I >"	8	9
"< Application, Lorg/apache/lucene/index/IndexWriter, doFlush(ZZ)Z >"	219	259
"< Application, Lorg/dacapo/parser/ConfigFileTokenManager, jjMoveStringLiteralDfa1_0(J)I >"	4	7
"< Application, Lorg/apache/lucene/search/FuzzyQuery, rewrite(Lorg/apache/lucene/index/IndexReader;)Lorg/apache/lucene/search/Query; >"	25	30
"< Application, Lorg/apache/lucene/index/CheckIndex, class$(Ljava/lang/String;)Ljava/lang/Class; >"	2	5
"< Application, Lorg/apache/lucene/index/IndexReader, deleteDocuments(Lorg/apache/lucene/index/Term;)I >"	13	18
"< Application, Lorg/dacapo/parser/Config, parse(Ljava/net/URL;)Lorg/dacapo/parser/Config; >"	3	5
"< Application, Lorg/apache/lucene/store/RAMFile, getSizeInBytes()J >"	5	5
"< Application, Lorg/apache/lucene/index/DocFieldConsumers$PerDoc, abort()V >"	9	13
"< Application, Lorg/apache/lucene/index/IndexWriter, mergeMiddle(Lorg/apache/lucene/index/MergePolicy$OneMerge;)I >"	171	122
"< Application, Lorg/apache/lucene/store/NativeFSLock, obtain()Z >"	124	59
"< Application, Lorg/apache/lucene/index/IndexWriter, merge(Lorg/apache/lucene/index/MergePolicy$OneMerge;)V >"	18	35
"< Application, Lorg/apache/lucene/index/IndexWriter, addIndexes([Lorg/apache/lucene/index/IndexReader;)V >"	142	124
"< Application, Lorg/apache/lucene/demo/IndexFiles, main([Ljava/lang/String;)V >"	75	91
"< Application, Lorg/apache/lucene/index/SegmentReader, <clinit>()V >"	75	75
"< Application, Lorg/apache/lucene/index/SegmentInfos$FindSegmentsFile, run()Ljava/lang/Object; >"	148	140
"< Application, Lorg/apache/lucene/search/RemoteSearchable_Stub, explain(Lorg/apache/lucene/search/Weight;I)Lorg/apache/lucene/search/Explanation; >"	10	22
"< Application, Lorg/apache/lucene/demo/html/HTMLParserTokenManager, jjStartNfaWithStates_6(III)I >"	6	9
"< Application, Lorg/apache/lucene/index/IndexWriter, deleteDocuments(Lorg/apache/lucene/index/Term;)V >"	6	11
"< Application, Lorg/apache/lucene/util/DocIdBitSet, class$(Ljava/lang/String;)Ljava/lang/Class; >"	2	5
"< Application, Lorg/apache/lucene/search/spans/NearSpansOrdered, class$(Ljava/lang/String;)Ljava/lang/Class; >"	2	5
"< Application, Lorg/apache/lucene/index/FieldsWriter, <init>(Lorg/apache/lucene/store/Directory;Ljava/lang/String;Lorg/apache/lucene/index/FieldInfos;)V >"	59	66
"< Application, Lorg/apache/lucene/store/FSDirectory, <clinit>()V >"	54	68
"< Application, Lorg/apache/lucene/index/FieldsWriter, class$(Ljava/lang/String;)Ljava/lang/Class; >"	2	5
"< Application, Lorg/apache/lucene/index/IndexWriter, mergeMiddle(Lorg/apache/lucene/index/MergePolicy$OneMerge;)I >"	197	117
"< Application, Lorg/dacapo/luindex/Index, indexDocs(Lorg/apache/lucene/index/IndexWriter;Ljava/io/File;)V >"	33	35
"< Application, Lorg/apache/lucene/search/RemoteSearchable_Stub, search(Lorg/apache/lucene/search/Weight;Lorg/apache/lucene/search/Filter;Lorg/apache/lucene/search/HitCollector;)V >"	8	21
"< Application, Lorg/apache/lucene/index/IndexWriter, addDocument(Lorg/apache/lucene/document/Document;Lorg/apache/lucene/analysis/Analyzer;)V >"	43	33
"< Application, Lorg/apache/lucene/index/MultiReader, reopen()Lorg/apache/lucene/index/IndexReader; >"	82	33
"< Application, Lorg/apache/lucene/search/RemoteSearchable_Stub, docFreqs([Lorg/apache/lucene/index/Term;)[I >"	7	18
"< Application, Lorg/apache/lucene/demo/html/HTMLParser, addText(Ljava/lang/String;)V >"	19	15
"< Application, Lorg/apache/lucene/demo/html/ParserThread, run()V >"	73	31
"< Application, Lorg/dacapo/harness/TestHarness, main([Ljava/lang/String;)V >"	170	236
"< Application, Lorg/apache/lucene/index/DocumentsWriter, abort()V >"	38	38
"< Application, Lorg/apache/lucene/index/FreqProxFieldMergeState, class$(Ljava/lang/String;)Ljava/lang/Class; >"	2	5
"< Application, Lorg/apache/lucene/search/RemoteSearchable_Stub, docFreqs([Lorg/apache/lucene/index/Term;)[I >"	11	12
"< Application, Lorg/apache/lucene/util/cache/SimpleMapCache$SynchronizedSimpleMapCache, get(Ljava/lang/Object;)Ljava/lang/Object; >"	6	8
"< Application, Lorg/apache/lucene/index/SegmentReader, <clinit>()V >"	45	36
"< Application, Lorg/apache/commons/cli/TypeHandler, createClass(Ljava/lang/String;)Ljava/lang/Class; >"	2	5
"< Application, Lorg/apache/lucene/store/SingleInstanceLockFactory, clearLock(Ljava/lang/String;)V >"	9	12
"< Application, Lorg/apache/lucene/index/IndexModifier, setMaxFieldLength(I)V >"	10	10
"< Application, Lorg/apache/lucene/index/SegmentMerger, mergeFields()I >"	168	246
"< Application, Lorg/apache/lucene/index/ConcurrentMergeScheduler, clearUnhandledExceptions()V >"	5	4
"< Application, Lorg/apache/lucene/index/TermVectorsReader, close()V >"	21	19
"< Application, Lorg/apache/lucene/index/FieldsReader, <init>(Lorg/apache/lucene/store/Directory;Ljava/lang/String;Lorg/apache/lucene/index/FieldInfos;III)V >"	90	115
"< Application, Lorg/apache/lucene/document/DateTools, stringToDate(Ljava/lang/String;)Ljava/util/Date; >"	8	70
"< Application, Lorg/apache/lucene/index/FieldsWriter, <init>(Lorg/apache/lucene/store/Directory;Ljava/lang/String;Lorg/apache/lucene/index/FieldInfos;)V >"	37	32
"< Application, LMMTkHarness, <init>()V >"	14	17
"< Application, Lorg/dacapo/parser/Config, parse(Ljava/io/InputStream;)Lorg/dacapo/parser/Config; >"	4	7
"< Application, Lorg/apache/lucene/search/RemoteSearchable_Stub, search(Lorg/apache/lucene/search/Weight;Lorg/apache/lucene/search/Filter;ILorg/apache/lucene/search/Sort;)Lorg/apache/lucene/search/TopFieldDocs; >"	12	26
"< Application, Lorg/apache/commons/cli/TypeHandler, createNumber(Ljava/lang/String;)Ljava/lang/Number; >"	6	11
"< Application, Lorg/apache/lucene/store/FSDirectory, init(Ljava/io/File;Lorg/apache/lucene/store/LockFactory;)V >"	42	58
"< Application, Lorg/apache/lucene/search/QueryTermVector, <init>(Ljava/lang/String;Lorg/apache/lucene/analysis/Analyzer;)V >"	28	36
"< Application, Lorg/apache/lucene/index/IndexWriter, waitForAllSynced(Ljava/util/Collection;)Z >"	22	24
"< Application, Lorg/dacapo/harness/DacapoClassLoader, create(Lorg/dacapo/parser/Config;Ljava/io/File;)Lorg/dacapo/harness/DacapoClassLoader; >"	24	37
"< Application, Lorg/apache/lucene/index/Payload, clone()Ljava/lang/Object; >"	18	16
"< Application, Lorg/apache/lucene/util/cache/SimpleMapCache$SynchronizedSimpleMapCache, close()V >"	6	6
"< Application, Lorg/apache/lucene/demo/html/HTMLParser, ReInit(Ljava/io/InputStream;Ljava/lang/String;)V >"	3	8
"< Application, Lorg/apache/lucene/analysis/LowerCaseFilter, class$(Ljava/lang/String;)Ljava/lang/Class; >"	2	5
"< Application, Lorg/apache/lucene/index/TermsHashPerField, class$(Ljava/lang/String;)Ljava/lang/Class; >"	2	5
"< Application, Lorg/apache/lucene/search/CachingWrapperFilter, getDocIdSet(Lorg/apache/lucene/index/IndexReader;)Lorg/apache/lucene/search/DocIdSet; >"	31	21
"< Application, Lorg/apache/lucene/index/TermsHash, class$(Ljava/lang/String;)Ljava/lang/Class; >"	2	5
"< Application, Lorg/apache/lucene/index/ParallelReader, reopen()Lorg/apache/lucene/index/IndexReader; >"	91	38
"< Application, Lorg/apache/lucene/index/TermInfosReader, ensureIndexIsRead()V >"	45	42
"< Application, Lorg/apache/lucene/index/IndexWriter, startCommit(J)V >"	76	206
"< Application, Lorg/apache/lucene/demo/IndexFiles, indexDocs(Lorg/apache/lucene/index/IndexWriter;Ljava/io/File;)V >"	26	23
"< Application, Lorg/dacapo/parser/ConfigFileTokenManager, jjMoveStringLiteralDfa10_0(JJ)I >"	9	12
"< Application, Lorg/apache/lucene/index/IndexModifier, getMaxFieldLength()I >"	8	9
"< Application, Lorg/apache/lucene/store/FSDirectory, <clinit>()V >"	41	35
"< Application, Lorg/apache/lucene/store/NativeFSLock, release()V >"	36	75
"< Application, Lorg/apache/lucene/store/NativeFSLock, release()V >"	84	72
"< Application, Lorg/apache/lucene/search/ExtendedFieldCacheImpl$3, createValue(Lorg/apache/lucene/index/IndexReader;Ljava/lang/Object;)Ljava/lang/Object; >"	27	35
"< Application, Lorg/apache/lucene/demo/DeleteFiles, main([Ljava/lang/String;)V >"	28	48
"< Application, Lorg/apache/lucene/index/IndexWriter, mergeMiddle(Lorg/apache/lucene/index/MergePolicy$OneMerge;)I >"	138	154
"< Application, Lorg/apache/lucene/store/LockStressTest, main([Ljava/lang/String;)V >"	42	48
"< Application, Lorg/apache/lucene/search/RangeFilter, bits(Lorg/apache/lucene/index/IndexReader;)Ljava/util/BitSet; >"	114	113
"< Application, Lorg/apache/lucene/index/SegmentMerger, mergeNorms()V >"	66	78
"< Application, Lorg/apache/lucene/index/FieldsWriter, close()V >"	20	14
"< Application, Lorg/apache/lucene/index/CompoundFileWriter, close()V >"	84	81
"< Application, Lorg/apache/lucene/analysis/WordlistLoader, getWordSet(Ljava/io/Reader;)Ljava/util/HashSet; >"	18	20
"< Application, Lorg/apache/lucene/store/FSDirectory, class$(Ljava/lang/String;)Ljava/lang/Class; >"	2	5
"< Application, Lorg/apache/lucene/index/IndexWriter, flushDocStores()Z >"	55	87
"< Application, Lorg/apache/lucene/demo/html/HTMLParser, jj_2_2(I)Z >"	10	10
"< Application, Lorg/apache/lucene/index/ParallelReader, reopen()Lorg/apache/lucene/index/IndexReader; >"	111	106
"< Application, Lorg/apache/lucene/index/CheckIndex, checkIndex(Ljava/util/List;)Lorg/apache/lucene/index/CheckIndex$Status; >"	580	797
"< Application, Lorg/apache/lucene/queryParser/QueryParserTokenManager, jjStartNfaWithStates_3(III)I >"	6	9
"< Application, Lorg/apache/lucene/index/ConcurrentMergeScheduler$MergeThread, run()V >"	48	63
"< Application, Lorg/apache/lucene/index/SegmentTermEnum, clone()Ljava/lang/Object; >"	3	6
"< Application, Lorg/apache/lucene/util/OpenBitSet, clone()Ljava/lang/Object; >"	8	9
"< Application, Lorg/apache/lucene/store/FSDirectory, getLockID()Ljava/lang/String; >"	16	18
"< Application, Lorg/apache/lucene/demo/html/Test, parse(Ljava/io/File;)V >"	38	53
"< Application, Lorg/apache/lucene/index/DocumentsWriter, updateDocument(Lorg/apache/lucene/document/Document;Lorg/apache/lucene/analysis/Analyzer;Lorg/apache/lucene/index/Term;)Z >"	99	37
"< Application, Lorg/apache/lucene/store/FSDirectory$FSIndexOutput, close()V >"	24	12
"< Application, Lorg/apache/lucene/index/LogMergePolicy, class$(Ljava/lang/String;)Ljava/lang/Class; >"	2	5
"< Application, Lorg/apache/lucene/queryParser/QueryParserTokenManager, getNextToken()Lorg/apache/lucene/queryParser/Token; >"	75	61
"< Application, Lorg/apache/lucene/index/IndexWriter, syncPause(J)V >"	29	39
"< Application, Lorg/apache/lucene/util/cache/SimpleMapCache$SynchronizedSimpleMapCache, keySet()Ljava/util/Set; >"	6	7
"< Application, Lorg/apache/lucene/queryParser/FastCharStream, Done()V >"	3	5
"< Application, Lorg/apache/lucene/index/IndexReader, class$(Ljava/lang/String;)Ljava/lang/Class; >"	2	5
"< Application, Lorg/apache/lucene/search/RemoteSearchable_Stub, search(Lorg/apache/lucene/search/Weight;Lorg/apache/lucene/search/Filter;I)Lorg/apache/lucene/search/TopDocs; >"	13	22
"< Application, Lorg/apache/lucene/index/ConcurrentMergeScheduler$MergeThread, run()V >"	105	74
"< Application, Lorg/apache/lucene/search/PrefixGenerator, generate(Lorg/apache/lucene/index/IndexReader;)V >"	24	35
"< Application, Lorg/apache/lucene/store/BufferedIndexInput, class$(Ljava/lang/String;)Ljava/lang/Class; >"	2	5
"< Application, Lorg/apache/lucene/index/MultiSegmentReader, <init>(Lorg/apache/lucene/store/Directory;Lorg/apache/lucene/index/SegmentInfos;Z[Lorg/apache/lucene/index/SegmentReader;[ILjava/util/Map;Z)V >"	62	166
"< Application, Lorg/apache/lucene/index/DocumentsWriter, applyDeletes(Lorg/apache/lucene/index/SegmentInfos;)Z >"	64	73
"< Application, Lorg/apache/lucene/index/FieldsWriter, <init>(Lorg/apache/lucene/store/Directory;Ljava/lang/String;Lorg/apache/lucene/index/FieldInfos;)V >"	64	54
"< Application, Lorg/apache/lucene/index/IndexWriter, updateDocument(Lorg/apache/lucene/index/Term;Lorg/apache/lucene/document/Document;Lorg/apache/lucene/analysis/Analyzer;)V >"	19	11
"< Application, Lorg/dacapo/harness/Benchmark, initialize()V >"	19	19
"< Application, Lorg/apache/lucene/index/TermVectorsWriter, class$(Ljava/lang/String;)Ljava/lang/Class; >"	2	5
"< Application, Lorg/apache/lucene/index/DocumentsWriter, balanceRAM()V >"	208	54
"< Application, Lorg/apache/lucene/index/IndexWriter, mergeMiddle(Lorg/apache/lucene/index/MergePolicy$OneMerge;)I >"	52	166
"< Application, Lorg/apache/lucene/queryParser/QueryParser, Term(Ljava/lang/String;)Lorg/apache/lucene/search/Query; >"	92	324
"< Application, Lorg/apache/lucene/index/SegmentMerger, mergeTerms()V >"	49	55
"< Application, Lorg/apache/lucene/index/DocumentsWriter, closeDocStore()Ljava/lang/String; >"	43	49
"< Application, Lorg/apache/lucene/store/FSDirectory, renameFile(Ljava/lang/String;Ljava/lang/String;)V >"	39	79
"< Application, Lorg/apache/lucene/index/StoredFieldsWriterPerField, class$(Ljava/lang/String;)Ljava/lang/Class; >"	2	5
"< Application, Lorg/apache/lucene/index/TermVectorsReader, <init>(Lorg/apache/lucene/store/Directory;Ljava/lang/String;Lorg/apache/lucene/index/FieldInfos;III)V >"	126	149
"< Application, Lorg/apache/lucene/index/FieldInfos, write(Lorg/apache/lucene/store/Directory;Ljava/lang/String;)V >"	4	8
"< Application, Lorg/apache/lucene/queryParser/QueryParserTokenManager, jjMoveStringLiteralDfa1_1(J)I >"	4	7
"< Application, Lorg/apache/lucene/index/ConcurrentMergeScheduler, class$(Ljava/lang/String;)Ljava/lang/Class; >"	2	5
"< Application, Lorg/apache/lucene/queryParser/QueryParser, getRangeQuery(Ljava/lang/String;Ljava/lang/String;Ljava/lang/String;Z)Lorg/apache/lucene/search/Query; >"	30	54
"< Application, Lorg/apache/lucene/analysis/LengthFilter, class$(Ljava/lang/String;)Ljava/lang/Class; >"	2	5
"< Application, Lorg/apache/lucene/index/IndexWriter, updateDocument(Lorg/apache/lucene/index/Term;Lorg/apache/lucene/document/Document;Lorg/apache/lucene/analysis/Analyzer;)V >"	39	32
"< Application, Lorg/apache/lucene/index/CheckIndex, main([Ljava/lang/String;)V >"	66	86
"< Application, Lorg/apache/lucene/store/FSDirectory$FSIndexOutput, close()V >"	5	6
"< Application, Lorg/apache/lucene/index/TermVectorsWriter, close()V >"	13	13
"< Application, Lorg/apache/lucene/index/DocumentsWriter, pauseAllThreads()Z >"	7	10
"< Application, Lorg/apache/lucene/index/FieldsReader, class$(Ljava/lang/String;)Ljava/lang/Class; >"	2	5
"< Application, Lorg/apache/lucene/index/DocFieldConsumers$PerDoc, finish()V >"	9	13
"< Application, Lorg/apache/lucene/index/DocumentsWriter, getThreadState(Lorg/apache/lucene/document/Document;Lorg/apache/lucene/index/Term;)Lorg/apache/lucene/index/DocumentsWriterThreadState; >"	95	86
"< Application, Lorg/apache/lucene/index/IndexWriter, addIndexes([Lorg/apache/lucene/store/Directory;)V >"	60	58
"< Application, Lorg/apache/lucene/index/DirectoryIndexReader, open(Lorg/apache/lucene/store/Directory;ZLorg/apache/lucene/index/IndexDeletionPolicy;Lorg/apache/lucene/index/IndexCommit;Z)Lorg/apache/lucene/index/DirectoryIndexReader; >"	31	26
"< Application, Lorg/apache/lucene/store/MMapDirectory$MultiMMapIndexInput, clone()Ljava/lang/Object; >"	20	23
"< Application, Lorg/apache/lucene/index/IndexWriter, mergeMiddle(Lorg/apache/lucene/index/MergePolicy$OneMerge;)I >"	128	145
"< Application, Lorg/apache/lucene/index/SegmentInfos, rollbackCommit(Lorg/apache/lucene/store/Directory;)V >"	10	16
"< Application, Lorg/apache/lucene/index/IndexWriter, doFlush(ZZ)Z >"	193	197
"< Application, Lorg/apache/lucene/analysis/Token, class$(Ljava/lang/String;)Ljava/lang/Class; >"	2	5
"< Application, Lorg/apache/lucene/document/DateTools, timeToString(JLorg/apache/lucene/document/DateTools$Resolution;)Ljava/lang/String; >"	28	71
"< Application, Lorg/apache/lucene/demo/html/HTMLParser, jj_rescan_token()V >"	21	19
"< Application, Lorg/dacapo/parser/ConfigFileTokenManager, jjMoveNfa_1(II)I >"	85	88
"< Application, Lorg/apache/lucene/index/SegmentInfos$FindSegmentsFile, run()Ljava/lang/Object; >"	72	78
"< Application, Lorg/apache/lucene/demo/html/ParserThread, run()V >"	17	81
"< Application, Lorg/apache/lucene/search/function/DocValues, compute()V >"	8	17
"< Application, Lorg/apache/lucene/store/IndexInput, clone()Ljava/lang/Object; >"	3	6
"< Application, Lorg/apache/lucene/store/Lock$With, run()Ljava/lang/Object; >"	7	10
"< Application, Lorg/apache/lucene/search/RemoteSearchable_Stub, search(Lorg/apache/lucene/search/Weight;Lorg/apache/lucene/search/Filter;ILorg/apache/lucene/search/Sort;)Lorg/apache/lucene/search/TopFieldDocs; >"	14	24
"< Application, Lorg/apache/lucene/store/FSDirectory, init(Ljava/io/File;Lorg/apache/lucene/store/LockFactory;)V >"	12	19
"< Application, Lorg/apache/lucene/store/FSDirectory, getLockID()Ljava/lang/String; >"	4	7
"< Application, Lorg/apache/lucene/queryParser/QueryParser, jj_2_1(I)Z >"	10	11
"< Application, Lorg/apache/lucene/index/SegmentInfos, finishCommit(Lorg/apache/lucene/store/Directory;)V >"	45	40
"< Application, Lorg/apache/lucene/index/IndexWriter, addIndexes([Lorg/apache/lucene/index/IndexReader;)V >"	9	14
"< Application, Lorg/apache/lucene/index/CompoundFileWriter, close()V >"	72	78
"< Application, Lorg/apache/lucene/queryParser/QueryParserTokenManager, jjMoveNfa_1(II)I >"	137	130
"< Application, Lorg/apache/lucene/index/FieldsReader$LazyField, getBinaryValue([B)[B >"	27	26
"< Application, Lorg/apache/lucene/index/SegmentMerger, mergeVectors()V >"	72	113
"< Application, Lorg/dacapo/parser/ConfigFileTokenManager, jjMoveStringLiteralDfa7_0(JJ)I >"	9	12
"< Application, Lorg/apache/lucene/index/DocumentsWriter, abort()V >"	32	30
"< Application, Lorg/apache/lucene/index/IndexWriter, merge(Lorg/apache/lucene/index/MergePolicy$OneMerge;)V >"	102	58
"< Application, Lorg/apache/lucene/index/ByteSliceReader, class$(Ljava/lang/String;)Ljava/lang/Class; >"	2	5
"< Application, Lorg/apache/lucene/demo/html/HTMLParserTokenManager, jjStartNfaWithStates_0(III)I >"	6	9
"< Application, Lorg/apache/lucene/search/RemoteSearchable_Stub, explain(Lorg/apache/lucene/search/Weight;I)Lorg/apache/lucene/search/Explanation; >"	14	16
"< Application, Lorg/apache/lucene/document/DateTools, stringToDate(Ljava/lang/String;)Ljava/util/Date; >"	44	55
"< Application, Lorg/dacapo/parser/ConfigFileTokenManager, jjMoveStringLiteralDfa4_0(JJ)I >"	9	12
"< Application, Lorg/apache/lucene/index/MultiReader, doSetNorm(ILjava/lang/String;B)V >"	6	10
"< Application, Lorg/apache/lucene/queryParser/QueryParser, jj_rescan_token()V >"	19	16
"< Application, Lorg/apache/lucene/analysis/KeywordTokenizer, class$(Ljava/lang/String;)Ljava/lang/Class; >"	2	5
"< Application, Lorg/apache/lucene/index/SegmentInfos, write(Lorg/apache/lucene/store/Directory;)V >"	39	44
"< Application, Lorg/apache/lucene/search/FieldCacheImpl$11, createValue(Lorg/apache/lucene/index/IndexReader;Ljava/lang/Object;)Ljava/lang/Object; >"	29	46
"< Application, Lorg/apache/lucene/search/ExtendedFieldCacheImpl$5, createValue(Lorg/apache/lucene/index/IndexReader;Ljava/lang/Object;)Ljava/lang/Object; >"	24	40
"< Application, Lorg/apache/lucene/demo/html/HTMLParserTokenManager, jjMoveNfa_7(II)I >"	92	91
"< Application, Lorg/apache/lucene/index/FieldsWriter, compress([BII)[B >"	18	29
"< Application, Lorg/dacapo/harness/ChordHarness, main([Ljava/lang/String;)V >"	170	236
"< Application, Lorg/apache/lucene/store/NativeFSLockFactory, acquireTestLock()V >"	14	27
"< Application, Lorg/apache/lucene/util/cache/Cache$SynchronizedCache, close()V >"	6	6
"< Application, Lorg/apache/lucene/store/NativeFSLock, release()V >"	150	15
"< Application, Lorg/apache/lucene/search/CachingSpanFilter, getCachedResult(Lorg/apache/lucene/index/IndexReader;)Lorg/apache/lucene/search/SpanFilterResult; >"	18	20
"< Application, Lorg/apache/lucene/index/MultiReader, reopen()Lorg/apache/lucene/index/IndexReader; >"	45	63
"< Application, Lorg/apache/lucene/index/IndexWriter, startCommit(J)V >"	195	150
"< Application, Lorg/apache/lucene/index/IndexReader, main([Ljava/lang/String;)V >"	110	116
"< Application, Lorg/apache/lucene/index/NormsWriter, class$(Ljava/lang/String;)Ljava/lang/Class; >"	2	5
"< Application, Lorg/apache/lucene/store/RAMDirectory, touchFile(Ljava/lang/String;)V >"	17	16
"< Application, Lorg/apache/lucene/search/FilterManager, getFilter(Lorg/apache/lucene/search/Filter;)Lorg/apache/lucene/search/Filter; >"	25	28
"< Application, Lorg/apache/lucene/search/FieldCacheImpl$6, createValue(Lorg/apache/lucene/index/IndexReader;Ljava/lang/Object;)Ljava/lang/Object; >"	27	35
"< Application, Lorg/apache/lucene/index/SegmentTermPositions, class$(Ljava/lang/String;)Ljava/lang/Class; >"	2	5
"< Application, Lorg/apache/lucene/index/ConcurrentMergeScheduler, merge(Lorg/apache/lucene/index/IndexWriter;)V >"	24	31
"< Application, Lorg/apache/lucene/index/DocFieldConsumersPerField, abort()V >"	4	5
"< Application, Lorg/apache/lucene/index/IndexWriter, waitForAllSynced(Ljava/util/Collection;)Z >"	17	20
"< Application, Lorg/dacapo/harness/Callback$1, <clinit>()V >"	15	17
"< Application, Lorg/apache/lucene/queryParser/QueryParserTokenManager, getNextToken()Lorg/apache/lucene/queryParser/Token; >"	5	48
"< Application, Lorg/apache/lucene/index/SegmentReader, getTermVectorsReader()Lorg/apache/lucene/index/TermVectorsReader; >"	15	14
"< Application, Lorg/apache/lucene/analysis/CharTokenizer, class$(Ljava/lang/String;)Ljava/lang/Class; >"	2	5
"< Application, Lorg/apache/lucene/index/IndexWriter, addIndexes([Lorg/apache/lucene/store/Directory;)V >"	51	54
"< Application, Lorg/apache/lucene/store/RAMOutputStream, class$(Ljava/lang/String;)Ljava/lang/Class; >"	2	5
"< Application, Lorg/apache/lucene/search/FieldCacheImpl$11, createValue(Lorg/apache/lucene/index/IndexReader;Ljava/lang/Object;)Ljava/lang/Object; >"	45	67
"< Application, Lorg/apache/lucene/document/DateTools, timeToString(JLorg/apache/lucene/document/DateTools$Resolution;)Ljava/lang/String; >"	15	78
"< Application, Lorg/apache/lucene/document/DateTools, timeToString(JLorg/apache/lucene/document/DateTools$Resolution;)Ljava/lang/String; >"	93	36
"< Application, Lorg/apache/lucene/util/cache/Cache$SynchronizedCache, put(Ljava/lang/Object;Ljava/lang/Object;)V >"	6	8
"< Application, Lorg/apache/lucene/store/FSDirectory, getDirectory(Ljava/io/File;Lorg/apache/lucene/store/LockFactory;)Lorg/apache/lucene/store/FSDirectory; >"	37	32
"< Application, Lorg/apache/lucene/index/FreqProxTermsWriterPerField, class$(Ljava/lang/String;)Ljava/lang/Class; >"	2	5
"< Application, Lorg/apache/lucene/demo/html/HTMLParserTokenManager, jjStartNfaWithStates_2(III)I >"	6	9
"< Application, Lorg/apache/lucene/demo/html/HTMLParserTokenManager, jjMoveStringLiteralDfa5_0(JJ)I >"	9	12
"< Application, Lorg/apache/lucene/search/CachingWrapperFilter, bits(Lorg/apache/lucene/index/IndexReader;)Ljava/util/BitSet; >"	11	12
"< Application, Lorg/apache/lucene/search/FieldCacheImpl$Cache, get(Lorg/apache/lucene/index/IndexReader;Ljava/lang/Object;)Ljava/lang/Object; >"	20	25
"< Application, Lorg/dacapo/parser/ConfigFileTokenManager, jjMoveStringLiteralDfa11_0(JJ)I >"	9	12
"< Application, Lorg/apache/lucene/store/Directory, copy(Lorg/apache/lucene/store/Directory;Lorg/apache/lucene/store/Directory;Z)V >"	52	47
"< Application, Lorg/apache/lucene/index/DirectoryIndexReader, reopen()Lorg/apache/lucene/index/IndexReader; >"	15	16
"< Application, Lorg/apache/lucene/search/RemoteSearchable_Stub, doc(I)Lorg/apache/lucene/document/Document; >"	9	20
"< Application, Lorg/apache/lucene/index/ConcurrentMergeScheduler, addMyself()V >"	26	31
"< Application, Lorg/dacapo/harness/CommandLineArgs, <init>([Ljava/lang/String;)V >"	65	62
"< Application, Lorg/apache/lucene/index/IndexWriter, doFlush(ZZ)Z >"	120	136
"< Application, Lorg/apache/lucene/index/DirectoryIndexReader, listCommits(Lorg/apache/lucene/store/Directory;)Ljava/util/Collection; >"	35	32
"< Application, Lorg/apache/lucene/index/SegmentInfos$FindSegmentsFile, run()Ljava/lang/Object; >"	35	35
"< Application, Lorg/apache/lucene/search/FilterManager$FilterCleaner, run()V >"	52	56
"< Application, Lorg/apache/lucene/index/TermBuffer, clone()Ljava/lang/Object; >"	3	6
"< Application, Lorg/apache/lucene/index/IndexFileDeleter, <init>(Lorg/apache/lucene/store/Directory;Lorg/apache/lucene/index/IndexDeletionPolicy;Lorg/apache/lucene/index/SegmentInfos;Ljava/io/PrintStream;Lorg/apache/lucene/index/DocumentsWriter;)V >"	66	73
"< Application, Lorg/apache/lucene/search/MultiSearcherThread, run()V >"	17	18
"< Application, Lorg/apache/lucene/index/SegmentReader, reopenSegment(Lorg/apache/lucene/index/SegmentInfo;)Lorg/apache/lucene/index/SegmentReader; >"	170	163
"< Application, Lorg/apache/lucene/index/IndexWriter, isLocked(Ljava/lang/String;)Z >"	4	7
"< Application, LMMTkHarness, <init>()V >"	12	18
"< Application, Lorg/apache/commons/cli/Parser, processProperties(Ljava/util/Properties;)V >"	22	40
"< Application, Lorg/apache/lucene/store/RAMDirectory, openInput(Ljava/lang/String;)Lorg/apache/lucene/store/IndexInput; >"	7	9
"< Application, Lorg/apache/lucene/index/IndexWriter, rollbackInternal()V >"	66	56
"< Application, Lorg/apache/lucene/store/NativeFSLock, obtain()Z >"	186	85
"< Application, Lorg/apache/lucene/index/FieldsWriter, close()V >"	40	20
"< Application, Lorg/apache/lucene/index/FieldsWriter, <init>(Lorg/apache/lucene/store/Directory;Ljava/lang/String;Lorg/apache/lucene/index/FieldInfos;)V >"	56	63
"< Application, Lorg/dacapo/parser/ConfigFileTokenManager, jjMoveStringLiteralDfa8_0(JJ)I >"	9	12
"< Application, Lorg/dacapo/harness/Digest, create()Ljava/security/MessageDigest; >"	2	5
"< Application, Lorg/apache/lucene/search/RemoteSearchable_Stub, search(Lorg/apache/lucene/search/Weight;Lorg/apache/lucene/search/Filter;I)Lorg/apache/lucene/search/TopDocs; >"	15	18
"< Application, Lorg/apache/lucene/search/function/ReverseOrdFieldSource, class$(Ljava/lang/String;)Ljava/lang/Class; >"	2	5
"< Application, Lorg/apache/lucene/index/SegmentInfos, write(Lorg/apache/lucene/store/Directory;)V >"	33	37
"< Application, Lorg/apache/lucene/store/NativeFSLock, release()V >"	62	83
"< Application, Lorg/apache/lucene/store/FSDirectory, renameFile(Ljava/lang/String;Ljava/lang/String;)V >"	125	133
"< Application, Lorg/dacapo/harness/TeeOutputStream, version()V >"	19	27
"< Application, Lorg/apache/lucene/index/IndexWriter, closeInternal(Z)V >"	35	43
"< Application, Lorg/dacapo/parser/ConfigFileTokenManager, jjMoveStringLiteralDfa2_0(JJ)I >"	9	12
"< Application, Lorg/apache/lucene/store/NativeFSLock, release()V >"	97	64
"< Application, Lorg/apache/lucene/index/DocumentsWriter, balanceRAM()V >"	129	245
"< Application, Lorg/apache/lucene/index/FieldsWriter, <init>(Lorg/apache/lucene/store/Directory;Ljava/lang/String;Lorg/apache/lucene/index/FieldInfos;)V >"	14	25
"< Application, Lorg/apache/lucene/search/RemoteSearchable_Stub, close()V >"	6	13
"< Application, Lorg/apache/lucene/index/TermVectorsTermsWriter, abort()V >"	5	7
"< Application, Lorg/apache/lucene/store/FSDirectory, renameFile(Ljava/lang/String;Ljava/lang/String;)V >"	118	117
"< Application, Lorg/apache/lucene/store/FSDirectory, init(Ljava/io/File;Lorg/apache/lucene/store/LockFactory;)V >"	24	45
"< Application, Lorg/apache/lucene/store/FSDirectory, getDirectory(Ljava/io/File;Lorg/apache/lucene/store/LockFactory;)Lorg/apache/lucene/store/FSDirectory; >"	60	51
"< Application, Lorg/apache/lucene/demo/html/HTMLParserTokenManager, jjStartNfaWithStates_3(III)I >"	6	9
"< Application, Lorg/apache/lucene/index/DocumentsWriter, updateDocument(Lorg/apache/lucene/document/Document;Lorg/apache/lucene/analysis/Analyzer;Lorg/apache/lucene/index/Term;)Z >"	50	58
"< Application, Lorg/dacapo/parser/ConfigFile, main([Ljava/lang/String;)V >"	12	8
"< Application, Lorg/apache/lucene/store/LockStressTest, main([Ljava/lang/String;)V >"	79	107
"< Application, Lorg/apache/lucene/index/IndexWriter, finishCommit()V >"	22	22
"< Application, Lorg/dacapo/harness/CommandLineArgs, defineCallback()V >"	7	14
"< Application, Lorg/apache/lucene/index/IndexWriter, addIndexes([Lorg/apache/lucene/index/IndexReader;)V >"	128	92
"< Application, Lorg/apache/lucene/document/DateTools, stringToDate(Ljava/lang/String;)Ljava/util/Date; >"	20	65
"< Application, Lorg/apache/lucene/demo/html/HTMLParserTokenManager, jjMoveStringLiteralDfa2_6(JJ)I >"	9	12
"< Application, Lorg/apache/lucene/analysis/standard/StandardTokenizerImpl, zzScanError(I)V >"	3	6
"< Application, Lorg/apache/lucene/index/DocFieldConsumers, closeDocStore(Lorg/apache/lucene/index/DocumentsWriter$FlushState;)V >"	4	6
"< Application, Lorg/apache/lucene/index/DocumentsWriter, applyDeletes(Lorg/apache/lucene/index/IndexReader;I)Z >"	29	94
"< Application, Lorg/dacapo/harness/TeeOutputStream, finalize()V >"	4	6
"< Application, Lorg/dacapo/parser/ConfigFileTokenManager, getNextToken()Lorg/dacapo/parser/Token; >"	33	83
"< Application, Lorg/apache/lucene/index/IndexWriter, updateDocument(Lorg/apache/lucene/index/Term;Lorg/apache/lucene/document/Document;Lorg/apache/lucene/analysis/Analyzer;)V >"	15	30
"< Application, Lorg/apache/lucene/index/IndexModifier, optimize()V >"	8	8
"< Application, Lorg/apache/lucene/search/ParallelMultiSearcher, search(Lorg/apache/lucene/search/Weight;Lorg/apache/lucene/search/Filter;ILorg/apache/lucene/search/Sort;)Lorg/apache/lucene/search/TopFieldDocs; >"	32	41
"< Application, Lorg/apache/lucene/document/DateTools, stringToDate(Ljava/lang/String;)Ljava/util/Date; >"	68	45
"< Application, Lorg/apache/lucene/index/IndexFileDeleter, class$(Ljava/lang/String;)Ljava/lang/Class; >"	2	5
"< Application, Lorg/apache/lucene/store/NativeFSLock, release()V >"	27	53
"< Application, Lorg/apache/lucene/search/FilterManager$FilterCleaner, run()V >"	43	60
"< Application, Lorg/apache/lucene/store/SingleInstanceLock, isLocked()Z >"	7	8
"< Application, Lorg/apache/lucene/search/MultiTermQuery, rewrite(Lorg/apache/lucene/index/IndexReader;)Lorg/apache/lucene/search/Query; >"	17	25
"< Application, Lorg/apache/lucene/store/MMapDirectory, openInput(Ljava/lang/String;)Lorg/apache/lucene/store/IndexInput; >"	16	22
"< Application, Lorg/apache/lucene/demo/html/HTMLParserTokenManager, getNextToken()Lorg/apache/lucene/demo/html/Token; >"	5	60
"< Application, Lorg/apache/lucene/index/IndexWriter, startCommit(J)V >"	81	211
"< Application, Lorg/apache/lucene/store/FSDirectory, getDirectory(Ljava/io/File;Lorg/apache/lucene/store/LockFactory;)Lorg/apache/lucene/store/FSDirectory; >"	69	56
"< Application, Lorg/apache/lucene/index/IndexWriter, startTransaction(Z)V >"	88	47
"< Application, Lorg/apache/lucene/demo/html/HTMLParserTokenManager, jjMoveStringLiteralDfa1_6(J)I >"	4	7
"< Application, Lorg/apache/lucene/util/cache/Cache$SynchronizedCache, containsKey(Ljava/lang/Object;)Z >"	6	8
"< Application, Lorg/apache/lucene/search/RemoteSearchable_Stub, search(Lorg/apache/lucene/search/Weight;Lorg/apache/lucene/search/Filter;Lorg/apache/lucene/search/HitCollector;)V >"	12	16
"< Application, Lorg/dacapo/harness/FileDigest, main([Ljava/lang/String;)V >"	55	77
"< Application, Lorg/apache/lucene/store/NativeFSLock, obtain()Z >"	138	65
"< Application, Lorg/apache/lucene/queryParser/QueryParser, parse(Ljava/lang/String;)Lorg/apache/lucene/search/Query; >"	24	49
"< Application, Lorg/apache/lucene/queryParser/QueryParserTokenManager, jjStartNfaWithStates_1(III)I >"	6	9
"< Application, Lorg/apache/lucene/analysis/TokenStream, class$(Ljava/lang/String;)Ljava/lang/Class; >"	2	5
"< Application, Lorg/apache/lucene/store/NativeFSLock, release()V >"	176	23
"< Application, Lorg/apache/lucene/index/SegmentInfo, equals(Ljava/lang/Object;)Z >"	2	5
"< Application, Lorg/dacapo/parser/ConfigFile, <init>(Ljava/io/InputStream;Ljava/lang/String;)V >"	11	14
"< Application, Lorg/apache/lucene/index/CheckIndex, checkIndex(Ljava/util/List;)Lorg/apache/lucene/index/CheckIndex$Status; >"	34	37
"< Application, Lorg/apache/lucene/index/IndexWriter, init(Lorg/apache/lucene/store/Directory;Lorg/apache/lucene/analysis/Analyzer;ZZLorg/apache/lucene/index/IndexDeletionPolicy;ZI)V >"	30	49
"< Application, Lorg/apache/lucene/analysis/TeeTokenFilter, class$(Ljava/lang/String;)Ljava/lang/Class; >"	2	5
"< Application, Lorg/apache/lucene/index/DirectoryIndexReader, class$(Ljava/lang/String;)Ljava/lang/Class; >"	2	5
"< Application, Lorg/apache/lucene/util/BitVector, <init>(Lorg/apache/lucene/store/Directory;Ljava/lang/String;)V >"	12	14
"< Application, Lorg/apache/lucene/search/RemoteSearchable_Stub, maxDoc()I >"	10	9
"< Application, Lorg/apache/lucene/index/FieldsWriter, close()V >"	58	25
"< Application, Lorg/apache/lucene/index/IndexWriter, startCommit(J)V >"	131	189
"< Application, Lorg/apache/lucene/index/CompoundFileReader, <init>(Lorg/apache/lucene/store/Directory;Ljava/lang/String;I)V >"	36	43
"< Application, Lorg/apache/lucene/store/RAMOutputStream, reset()V >"	2	5
"< Application, Lorg/apache/lucene/index/IndexWriter, mergeMiddle(Lorg/apache/lucene/index/MergePolicy$OneMerge;)I >"	184	101
"< Application, Lorg/apache/lucene/index/SegmentReader, class$(Ljava/lang/String;)Ljava/lang/Class; >"	2	5
"< Application, Lorg/apache/lucene/index/IndexWriter, updateDocument(Lorg/apache/lucene/index/Term;Lorg/apache/lucene/document/Document;Lorg/apache/lucene/analysis/Analyzer;)V >"	32	21
"< Application, Lorg/apache/lucene/index/IndexModifier, docCount()I >"	13	13
"< Application, Lorg/apache/lucene/search/RemoteSearchable_Stub, class$(Ljava/lang/String;)Ljava/lang/Class; >"	2	5
"< Application, Lorg/apache/lucene/index/TermVectorsReader, close()V >"	13	13
"< Application, Lorg/apache/lucene/index/IndexWriter, merge(Lorg/apache/lucene/index/MergePolicy$OneMerge;)V >"	107	65
"< Application, Lorg/apache/lucene/store/NativeFSLock, release()V >"	71	56
"< Application, Lorg/apache/lucene/search/FieldCacheImpl$10, createValue(Lorg/apache/lucene/index/IndexReader;Ljava/lang/Object;)Ljava/lang/Object; >"	46	59
"< Application, Lorg/apache/lucene/index/IndexWriter, mergeInit(Lorg/apache/lucene/index/MergePolicy$OneMerge;)V >"	3	6
"< Application, Lorg/dacapo/harness/TeeOutputStream, newLog()V >"	5	6
"< Application, Lorg/apache/lucene/search/RemoteSearchable_Stub, doc(I)Lorg/apache/lucene/document/Document; >"	13	14
"< Application, Lorg/dacapo/harness/TestHarness, main([Ljava/lang/String;)V >"	54	80
"< Application, Lorg/apache/lucene/index/DirectoryIndexReader, open(Lorg/apache/lucene/store/Directory;ZLorg/apache/lucene/index/IndexDeletionPolicy;Lorg/apache/lucene/index/IndexCommit;Z)Lorg/apache/lucene/index/DirectoryIndexReader; >"	25	29
"< Application, Lorg/apache/lucene/queryParser/QueryParserTokenManager, jjMoveNfa_3(II)I >"	480	336
"< Application, Lorg/apache/lucene/store/FSDirectory, renameFile(Ljava/lang/String;Ljava/lang/String;)V >"	71	49
"< Application, Lorg/apache/lucene/index/MultiSegmentReader, <init>(Lorg/apache/lucene/store/Directory;Lorg/apache/lucene/index/SegmentInfos;ZZ)V >"	17	26
"< Application, Lorg/apache/lucene/util/cache/SimpleMapCache$SynchronizedSimpleMapCache, put(Ljava/lang/Object;Ljava/lang/Object;)V >"	6	8
"< Application, Lorg/apache/lucene/store/NativeFSLock, obtain()Z >"	83	96
"< Application, Lorg/apache/lucene/index/IndexReader, main([Ljava/lang/String;)V >"	85	110
"< Application, Lorg/apache/lucene/util/CloseableThreadLocal, set(Ljava/lang/Object;)V >"	22	28
"< Application, Lorg/apache/lucene/analysis/CachingTokenFilter, class$(Ljava/lang/String;)Ljava/lang/Class; >"	2	5
"< Application, Lorg/apache/lucene/queryParser/QueryParserTokenManager, jjStartNfaWithStates_2(III)I >"	6	9
"< Application, Lorg/apache/lucene/store/FSDirectory$FSIndexInput$Descriptor, finalize()V >"	3	4
"< Application, Lorg/apache/lucene/index/SegmentInfos, finishCommit(Lorg/apache/lucene/store/Directory;)V >"	25	21
"< Application, Lorg/apache/lucene/index/DocumentsWriter, updateDocument(Lorg/apache/lucene/document/Document;Lorg/apache/lucene/analysis/Analyzer;Lorg/apache/lucene/index/Term;)Z >"	84	23
"< Application, Lorg/apache/lucene/analysis/Analyzer, getPreviousTokenStream()Ljava/lang/Object; >"	3	6
"< Application, Lorg/apache/lucene/index/IndexWriter, closeInternal(Z)V >"	75	52
"< Application, Lorg/apache/commons/cli/TypeHandler, createObject(Ljava/lang/String;)Ljava/lang/Object; >"	13	20
"< Application, Lorg/apache/lucene/index/FieldsWriter, <init>(Lorg/apache/lucene/store/Directory;Ljava/lang/String;Lorg/apache/lucene/index/FieldInfos;)V >"	48	30
"< Application, Lorg/apache/lucene/index/IndexWriter, addIndexes([Lorg/apache/lucene/store/Directory;)V >"	63	59
"< Application, Lorg/apache/lucene/store/NativeFSLock, finalize()V >"	5	7
"< Application, Lorg/apache/lucene/index/SnapshotDeletionPolicy$MyCommitPoint, delete()V >"	14	18
"< Application, Lorg/apache/lucene/index/SegmentReader, norms(Ljava/lang/String;[BI)V >"	29	31
"< Application, Lorg/apache/lucene/index/FieldsWriter, close()V >"	24	15
"< Application, Lorg/apache/lucene/index/TermVectorsTermsWriter, abort()V >"	19	19
"< Application, Lorg/apache/lucene/index/IndexWriter, addIndexes([Lorg/apache/lucene/index/IndexReader;)V >"	63	110
"< Application, Lorg/apache/lucene/store/FSDirectory, init(Ljava/io/File;Lorg/apache/lucene/store/LockFactory;)V >"	33	33
"< Application, Lorg/apache/lucene/index/IndexWriter, flushDocStores()Z >"	7	7
"< Application, Lorg/apache/lucene/index/TermVectorsTermsWriterPerThread, class$(Ljava/lang/String;)Ljava/lang/Class; >"	2	5
"< Application, Lorg/apache/lucene/index/FieldsWriter, <init>(Lorg/apache/lucene/store/Directory;Ljava/lang/String;Lorg/apache/lucene/index/FieldInfos;)V >"	70	58
"< Application, Lorg/apache/lucene/index/SegmentReader, getNorms(Ljava/lang/String;)[B >"	16	21
"< Application, Lorg/apache/lucene/search/FieldCacheImpl$5, createValue(Lorg/apache/lucene/index/IndexReader;Ljava/lang/Object;)Ljava/lang/Object; >"	27	35
"< Application, Lorg/dacapo/harness/TestHarness, <init>(Ljava/io/InputStream;)V >"	25	38
"< Application, Lorg/apache/lucene/search/RemoteSearchable_Stub, docFreqs([Lorg/apache/lucene/index/Term;)[I >"	9	16
"< Application, Lorg/apache/lucene/store/NativeFSLock, obtain()Z >"	77	88
"< Application, Lorg/dacapo/harness/Matcher, <clinit>()V >"	6	6
"< Application, Lorg/apache/lucene/demo/html/HTMLParserTokenManager, jjMoveStringLiteralDfa1_0(J)I >"	4	7
"< Application, Lorg/apache/lucene/index/IndexModifier, deleteDocuments(Lorg/apache/lucene/index/Term;)I >"	8	10
"< Application, Lorg/apache/lucene/search/FieldCacheImpl$12, createValue(Lorg/apache/lucene/index/IndexReader;Ljava/lang/Object;)Ljava/lang/Object; >"	27	35
"< Application, Lorg/apache/lucene/index/ConcurrentMergeScheduler$MergeThread, run()V >"	27	47
"< Application, Lorg/apache/lucene/search/RemoteSearchable_Stub, maxDoc()I >"	8	13
"< Application, Lorg/apache/lucene/index/SegmentReader, <clinit>()V >"	87	86
"< Application, Lorg/apache/lucene/index/SegmentInfos, rollbackCommit(Lorg/apache/lucene/store/Directory;)V >"	5	8
"< Application, Lorg/dacapo/parser/Config$1, <clinit>()V >"	9	10
"< Application, Lorg/apache/lucene/util/UnicodeUtil, class$(Ljava/lang/String;)Ljava/lang/Class; >"	2	5
"< Application, Lorg/apache/lucene/index/DocInverterPerThread, abort()V >"	4	5
"< Application, Lorg/apache/lucene/util/CloseableThreadLocal, class$(Ljava/lang/String;)Ljava/lang/Class; >"	2	5
"< Application, Lorg/dacapo/harness/Benchmark, validate(Ljava/lang/String;)Z >"	173	246
"< Application, Lorg/apache/lucene/util/cache/Cache$SynchronizedCache, get(Ljava/lang/Object;)Ljava/lang/Object; >"	6	8
"< Application, Lorg/apache/lucene/analysis/WordlistLoader, getWordSet(Ljava/io/File;)Ljava/util/HashSet; >"	9	10
"< Application, Lorg/apache/lucene/index/DocumentsWriter, finishDocument(Lorg/apache/lucene/index/DocumentsWriterThreadState;Lorg/apache/lucene/index/DocumentsWriter$DocWriter;)V >"	48	37
"< Application, Lorg/dacapo/harness/Callback$1, <clinit>()V >"	9	10
"< Application, Lorg/dacapo/parser/SimpleCharStream, FillBuff()V >"	51	37
"< Application, Lorg/apache/lucene/index/SegmentInfos, write(Lorg/apache/lucene/store/Directory;)V >"	46	49
"< Application, Lorg/apache/lucene/index/IndexReader, main([Ljava/lang/String;)V >"	102	120
"< Application, Lorg/apache/lucene/index/TermsHashPerThread, class$(Ljava/lang/String;)Ljava/lang/Class; >"	2	5
"< Application, Lorg/apache/lucene/demo/html/HTMLParserTokenManager, jjMoveStringLiteralDfa6_0(JJ)I >"	9	12
"< Application, Lorg/apache/lucene/document/DateTools, timeToString(JLorg/apache/lucene/document/DateTools$Resolution;)Ljava/lang/String; >"	67	50
"< Application, Lorg/apache/lucene/index/FieldsWriter, <init>(Lorg/apache/lucene/store/Directory;Ljava/lang/String;Lorg/apache/lucene/index/FieldInfos;)V >"	29	52
"< Application, Lorg/dacapo/parser/ConfigFileTokenManager, getNextToken()Lorg/dacapo/parser/Token; >"	149	116
"< Application, Lorg/apache/lucene/index/IndexModifier, flush()V >"	16	13
"< Application, Lorg/apache/lucene/store/RAMDirectory, fileModified(Ljava/lang/String;)J >"	7	9
"< Application, Lorg/dacapo/parser/ConfigFileTokenManager, jjMoveStringLiteralDfa1_3(J)I >"	4	7
"< Application, Lorg/apache/lucene/demo/html/ParserThread, run()V >"	45	69
"< Application, Lorg/apache/lucene/index/FieldsWriter, close()V >"	8	9
"< Application, Lorg/apache/lucene/index/IndexWriter, optimize(IZ)V >"	55	104
"< Application, Lorg/apache/lucene/search/RemoteSearchable_Stub, rewrite(Lorg/apache/lucene/search/Query;)Lorg/apache/lucene/search/Query; >"	9	16
"< Application, Lorg/apache/lucene/index/IndexWriter, startCommit(J)V >"	209	191
"< Application, Lorg/apache/lucene/search/RemoteSearchable_Stub, close()V >"	8	9
"< Application, Lorg/apache/lucene/store/NativeFSLock, obtain()Z >"	110	69
"< Application, Lorg/apache/lucene/index/DocFieldConsumers, class$(Ljava/lang/String;)Ljava/lang/Class; >"	2	5
"< Application, Lorg/dacapo/parser/SimpleCharStream, ExpandBuff(Z)V >"	84	77
"< Application, Lorg/apache/lucene/index/FieldsWriter, <init>(Lorg/apache/lucene/store/Directory;Ljava/lang/String;Lorg/apache/lucene/index/FieldInfos;)V >"	53	60
"< Application, Lorg/apache/lucene/index/TermVectorsTermsWriterPerField, class$(Ljava/lang/String;)Ljava/lang/Class; >"	2	5
"< Application, Lorg/apache/lucene/index/SegmentReader, <clinit>()V >"	24	48
"< Application, Lorg/apache/lucene/demo/html/HTMLParserTokenManager, jjMoveNfa_2(II)I >"	128	116
"< Application, Lorg/apache/lucene/index/CheckIndex, checkIndex(Ljava/util/List;)Lorg/apache/lucene/index/CheckIndex$Status; >"	23	28
"< Application, Lorg/apache/lucene/demo/html/HTMLParser, jj_2_2(I)Z >"	13	7
"< Application, Lorg/apache/lucene/demo/html/SimpleCharStream, FillBuff()V >"	51	37
"< Application, Lorg/apache/lucene/store/RAMDirectory, createOutput(Ljava/lang/String;)Lorg/apache/lucene/store/IndexOutput; >"	17	18
"< Application, Lorg/apache/commons/cli/Parser, processArgs(Lorg/apache/commons/cli/Option;Ljava/util/ListIterator;)V >"	14	21
"< Application, Lorg/apache/lucene/index/IndexWriter, addIndexes([Lorg/apache/lucene/index/IndexReader;)V >"	27	31
"< Application, Lorg/apache/lucene/store/NativeFSLock, obtain()Z >"	100	118
"< Application, Lorg/apache/lucene/demo/html/HTMLParser, jj_2_1(I)Z >"	10	10
"< Application, Lorg/apache/lucene/index/IndexWriter, rollbackInternal()V >"	46	55
"< Application, Lorg/apache/lucene/analysis/WordlistLoader, getStemDict(Ljava/io/File;)Ljava/util/HashMap; >"	23	24
"< Application, Lorg/apache/lucene/index/DocFieldConsumers$PerDoc, finish()V >"	4	5
"< Application, LMMTkHarness, harnessEnd()V >"	4	9
"< Application, Lorg/apache/lucene/index/IndexWriter, addIndexes([Lorg/apache/lucene/index/IndexReader;)V >"	76	115
"< Application, Lorg/apache/lucene/index/SegmentMerger, class$(Ljava/lang/String;)Ljava/lang/Class; >"	2	5
"< Application, Lorg/apache/lucene/store/Directory, copy(Lorg/apache/lucene/store/Directory;Lorg/apache/lucene/store/Directory;Z)V >"	40	40
"< Application, Lorg/apache/lucene/search/RemoteSearchable_Stub, docFreq(Lorg/apache/lucene/index/Term;)I >"	8	20
"< Application, Lorg/apache/lucene/demo/html/ParserThread, run()V >"	77	45
"< Application, Lorg/dacapo/harness/Benchmark, initialize()V >"	41	33
"< Application, Lorg/apache/lucene/index/IndexWriter, startCommit(J)V >"	266	197
"< Application, Lorg/apache/lucene/index/DocumentsWriter$ByteBlockAllocator, getByteBlock(Z)[B >"	35	34
"< Application, Lorg/apache/lucene/index/IndexWriter, addIndexes([Lorg/apache/lucene/store/Directory;)V >"	40	52
"< Application, Lorg/apache/lucene/index/DocFieldConsumersPerThread, class$(Ljava/lang/String;)Ljava/lang/Class; >"	2	5
"< Application, Lorg/apache/lucene/demo/html/HTMLParserTokenManager, jjStartNfaWithStates_7(III)I >"	6	9
"< Application, Lorg/apache/lucene/index/ConcurrentMergeScheduler, anyUnhandledExceptions()Z >"	16	16
"< Application, Lorg/apache/lucene/index/SegmentInfos, finishCommit(Lorg/apache/lucene/store/Directory;)V >"	13	11
"< Application, Lorg/apache/lucene/index/ParallelReader, reopen()Lorg/apache/lucene/index/IndexReader; >"	71	84
"< Application, Lorg/apache/lucene/search/FieldCacheImpl$8, createValue(Lorg/apache/lucene/index/IndexReader;Ljava/lang/Object;)Ljava/lang/Object; >"	27	35
"< Application, Lorg/dacapo/parser/ConfigFile, main([Ljava/lang/String;)V >"	7	27
"< Application, Lorg/apache/lucene/store/FSDirectory, close()V >"	14	13
"< Application, Lorg/apache/lucene/index/SegmentInfos, read(Lorg/apache/lucene/store/Directory;Ljava/lang/String;)V >"	55	63
"< Application, Lorg/apache/lucene/util/cache/SimpleMapCache$SynchronizedSimpleMapCache, containsKey(Ljava/lang/Object;)Z >"	6	8
"< Application, Lorg/apache/lucene/index/IndexWriter, mergeMiddle(Lorg/apache/lucene/index/MergePolicy$OneMerge;)I >"	102	109
"< Application, Lorg/apache/lucene/index/IndexWriter, mergeMiddle(Lorg/apache/lucene/index/MergePolicy$OneMerge;)I >"	158	127
"< Application, Lorg/apache/lucene/index/DocInverterPerField, processFields([Lorg/apache/lucene/document/Fieldable;I)V >"	97	157
"< Application, Lorg/apache/lucene/search/ExtendedFieldCacheImpl$5, createValue(Lorg/apache/lucene/index/IndexReader;Ljava/lang/Object;)Ljava/lang/Object; >"	29	46
"< Application, Lorg/apache/lucene/index/MultiSegmentReader, <init>(Lorg/apache/lucene/store/Directory;Lorg/apache/lucene/index/SegmentInfos;Z[Lorg/apache/lucene/index/SegmentReader;[ILjava/util/Map;Z)V >"	147	78
"< Application, Lorg/apache/lucene/analysis/StopFilter, class$(Ljava/lang/String;)Ljava/lang/Class; >"	2	5
"< Application, Lorg/apache/lucene/index/SegmentReader, initialize(Lorg/apache/lucene/index/SegmentInfo;IZ)V >"	140	172
"< Application, Lorg/apache/lucene/demo/html/ParserThread, run()V >"	21	32
"< Application, Lorg/apache/lucene/index/IndexWriter, addDocument(Lorg/apache/lucene/document/Document;Lorg/apache/lucene/analysis/Analyzer;)V >"	21	10
"< Application, Lorg/apache/lucene/index/StoredFieldsWriterPerThread, finishDocument()Lorg/apache/lucene/index/DocumentsWriter$DocWriter; >"	3	4
"< Application, Lorg/apache/lucene/LucenePackage, class$(Ljava/lang/String;)Ljava/lang/Class; >"	2	5
"< Application, Lorg/apache/lucene/index/IndexWriter, doWait()V >"	2	5
"< Application, Lorg/apache/lucene/index/MultiReader, reopen()Lorg/apache/lucene/index/IndexReader; >"	63	57
"< Application, Lorg/apache/commons/cli/CommandLine, getOptionObject(Ljava/lang/String;)Ljava/lang/Object; >"	2	6
"< Application, Lorg/apache/lucene/index/IndexWriter, commitTransaction()V >"	15	16
"< Application, Lorg/apache/lucene/index/ConcurrentMergeScheduler, sync()V >"	30	48
"< Application, Lorg/apache/lucene/demo/html/SimpleCharStream, ExpandBuff(Z)V >"	84	77
"< Application, Lorg/apache/lucene/index/TermVectorsTermsWriter, abort()V >"	12	13
"< Application, Lorg/apache/lucene/document/DateTools, timeToString(JLorg/apache/lucene/document/DateTools$Resolution;)Ljava/lang/String; >"	41	64
"< Application, Lorg/apache/lucene/index/DirectoryIndexReader, doCommit()V >"	53	62
"< Application, Lorg/apache/lucene/store/NativeFSLock, release()V >"	6	8
"< Application, Lorg/apache/lucene/index/NormsWriterPerField, class$(Ljava/lang/String;)Ljava/lang/Class; >"	2	5
"< Application, Lorg/apache/lucene/index/IndexWriter, expungeDeletes(Z)V >"	27	78
"< Application, Lorg/apache/lucene/store/FSDirectory, renameFile(Ljava/lang/String;Ljava/lang/String;)V >"	78	66
"< Application, Lorg/apache/lucene/index/IndexWriter, closeInternal(Z)V >"	72	51
"< Application, Lorg/dacapo/harness/ChordHarness, main([Ljava/lang/String;)V >"	19	28
"< Application, Lorg/apache/lucene/store/FSDirectory, renameFile(Ljava/lang/String;Ljava/lang/String;)V >"	52	100
"< Application, Lorg/apache/lucene/index/SegmentInfos, finishCommit(Lorg/apache/lucene/store/Directory;)V >"	41	37
"< Application, Lorg/apache/lucene/index/ByteSliceWriter, class$(Ljava/lang/String;)Ljava/lang/Class; >"	2	5
"< Application, Lorg/apache/lucene/search/RemoteSearchable_Stub, rewrite(Lorg/apache/lucene/search/Query;)Lorg/apache/lucene/search/Query; >"	11	12
"< Application, Lorg/dacapo/harness/Benchmark, validate(Ljava/lang/String;)Z >"	107	153
"< Application, Lorg/apache/lucene/store/FSDirectory, sync(Ljava/lang/String;)V >"	25	29
"< Application, Lorg/apache/lucene/store/NativeFSLock, release()V >"	163	31
"< Application, Lorg/dacapo/harness/DacapoClassLoader, loadClass(Ljava/lang/String;Z)Ljava/lang/Class; >"	4	10
"< Application, Lorg/apache/lucene/index/IndexModifier, setInfoStream(Ljava/io/PrintStream;)V >"	10	10
"< Application, LMMTkHarness, harnessBegin()V >"	4	9
"< Application, Lorg/apache/lucene/queryParser/QueryParser, jj_2_1(I)Z >"	13	7
"< Application, Lorg/apache/lucene/index/IndexWriter, startSync(Ljava/lang/String;Ljava/util/Collection;)Z >"	17	19
"< Application, Lorg/apache/lucene/index/IndexModifier, close()V >"	21	16
"< Application, Lorg/apache/lucene/analysis/SinkTokenizer, class$(Ljava/lang/String;)Ljava/lang/Class; >"	2	5
"< Application, Lorg/apache/lucene/index/DocFieldProcessorPerThread, class$(Ljava/lang/String;)Ljava/lang/Class; >"	2	5
"< Application, Lorg/apache/lucene/index/IndexWriter, startCommit(J)V >"	185	141
"< Application, Lorg/apache/lucene/index/SegmentReader$Norm, reWrite(Lorg/apache/lucene/index/SegmentInfo;)V >"	13	19
"< Application, Lorg/apache/lucene/index/CheckIndex, checkIndex(Ljava/util/List;)Lorg/apache/lucene/index/CheckIndex$Status; >"	10	13
"< Application, Lorg/apache/lucene/index/SegmentInfos, write(Lorg/apache/lucene/store/Directory;)V >"	36	41
"< Application, Lorg/apache/lucene/search/RangeFilter, bits(Lorg/apache/lucene/index/IndexReader;)Ljava/util/BitSet; >"	109	111
"< Application, Lorg/apache/lucene/index/CompoundFileWriter, class$(Ljava/lang/String;)Ljava/lang/Class; >"	2	5
"< Application, Lorg/apache/lucene/index/ConcurrentMergeScheduler$MergeThread, setThreadPriority(I)V >"	4	5
"< Application, Lorg/apache/lucene/index/CompoundFileReader, <init>(Lorg/apache/lucene/store/Directory;Ljava/lang/String;I)V >"	46	41
"< Application, Lorg/apache/lucene/index/IndexWriter, startCommit(J)V >"	213	213
"< Application, Lorg/apache/lucene/index/IndexWriter, addIndexes([Lorg/apache/lucene/index/IndexReader;)V >"	54	54
"< Application, Lorg/dacapo/parser/ConfigFileTokenManager, jjMoveStringLiteralDfa1_2(J)I >"	4	7
"< Application, Lorg/apache/lucene/index/SegmentInfo, segString(Lorg/apache/lucene/store/Directory;)Ljava/lang/String; >"	5	6
"< Application, Lorg/apache/lucene/queryParser/QueryParser, Clause(Ljava/lang/String;)Lorg/apache/lucene/search/Query; >"	65	84
"< Application, Lorg/apache/lucene/index/TermVectorsWriter, close()V >"	21	19
"< Application, LMMTkHarness, <init>()V >"	10	8
"< Application, Lorg/apache/lucene/store/NIOFSDirectory$NIOFSIndexInput, close()V >"	9	9
"< Application, Lorg/apache/lucene/queryParser/QueryParserTokenManager, jjMoveNfa_2(II)I >"	137	130
"< Application, Lorg/apache/lucene/demo/html/ParserThread, run()V >"	49	5
"< Application, Lorg/apache/lucene/index/ConcurrentMergeScheduler, merge(Lorg/apache/lucene/index/IndexWriter;)V >"	58	76
"< Application, Lorg/apache/lucene/search/FieldCacheImpl$11, createValue(Lorg/apache/lucene/index/IndexReader;Ljava/lang/Object;)Ljava/lang/Object; >"	24	40
"< Application, Lorg/dacapo/harness/Benchmark, validate(Ljava/lang/String;)Z >"	116	166
"< Application, Lorg/apache/lucene/document/DateTools, timeToString(JLorg/apache/lucene/document/DateTools$Resolution;)Ljava/lang/String; >"	54	57
"< Application, Lorg/dacapo/harness/TeeOutputStream, closeLog()V >"	5	6
"< Application, Lorg/apache/lucene/index/FieldInfos, <init>(Lorg/apache/lucene/store/Directory;Ljava/lang/String;)V >"	11	13
"< Application, Lorg/apache/lucene/index/IndexWriter, doFlush(ZZ)Z >"	222	262
"< Application, Lorg/apache/lucene/search/RangeFilter, getDocIdSet(Lorg/apache/lucene/index/IndexReader;)Lorg/apache/lucene/search/DocIdSet; >"	117	116
"< Application, Lorg/apache/lucene/search/RemoteSearchable_Stub, search(Lorg/apache/lucene/search/Weight;Lorg/apache/lucene/search/Filter;ILorg/apache/lucene/search/Sort;)Lorg/apache/lucene/search/TopFieldDocs; >"	16	20
"< Application, Lorg/apache/lucene/search/FieldCacheImpl$9, createValue(Lorg/apache/lucene/index/IndexReader;Ljava/lang/Object;)Ljava/lang/Object; >"	24	32
"< Application, Lorg/apache/lucene/index/IndexWriter, resolveExternalSegments()V >"	43	53
"< Application, Lorg/apache/lucene/index/IndexWriter, addIndexes([Lorg/apache/lucene/index/IndexReader;)V >"	100	76
"< Application, Lorg/apache/lucene/index/TermVectorsReader, close()V >"	5	7
"< Application, Lorg/apache/commons/cli/OptionBuilder, create(Ljava/lang/String;)Lorg/apache/commons/cli/Option; >"	19	21
"< Application, Lorg/apache/lucene/search/function/ByteFieldSource, class$(Ljava/lang/String;)Ljava/lang/Class; >"	2	5
"< Application, Lorg/apache/lucene/index/NormsWriter, flush(Ljava/util/Map;Lorg/apache/lucene/index/DocumentsWriter$FlushState;)V >"	190	214
"< Application, Lorg/apache/lucene/index/IndexWriter, merge(Lorg/apache/lucene/index/MergePolicy$OneMerge;)V >"	64	95
"< Application, Lorg/apache/lucene/store/FSDirectory, renameFile(Ljava/lang/String;Ljava/lang/String;)V >"	92	51
"< Application, Lorg/apache/lucene/index/TermVectorsTermsWriter, class$(Ljava/lang/String;)Ljava/lang/Class; >"	2	5
"< Application, Lorg/apache/lucene/search/RemoteSearchable_Stub, doc(I)Lorg/apache/lucene/document/Document; >"	11	18
"< Application, Lorg/apache/lucene/analysis/ISOLatin1AccentFilter, class$(Ljava/lang/String;)Ljava/lang/Class; >"	2	5
"< Application, Lorg/apache/lucene/index/IndexWriter, class$(Ljava/lang/String;)Ljava/lang/Class; >"	2	5
"< Application, Lorg/apache/lucene/demo/html/HTMLParser, jj_2_1(I)Z >"	13	7
"< Application, Lorg/apache/lucene/index/IndexModifier, init(Lorg/apache/lucene/store/Directory;Lorg/apache/lucene/analysis/Analyzer;Z)V >"	11	11
"< Application, Lorg/apache/lucene/index/DocFieldConsumers, abort()V >"	4	5
"< Application, Lorg/apache/lucene/index/SegmentReader, get(ZLorg/apache/lucene/store/Directory;Lorg/apache/lucene/index/SegmentInfo;Lorg/apache/lucene/index/SegmentInfos;ZZIZ)Lorg/apache/lucene/index/SegmentReader; >"	10	19
"< Application, Lorg/apache/lucene/index/IndexWriter, addIndexesNoOptimize([Lorg/apache/lucene/store/Directory;)V >"	78	82
"< Application, Lorg/apache/lucene/store/RAMFile, addBuffer(I)[B >"	18	22
"< Application, Lorg/apache/lucene/index/DocumentsWriter, applyDeletes(Lorg/apache/lucene/index/SegmentInfos;)Z >"	38	70
"< Application, Lorg/apache/lucene/index/IndexModifier, getInfoStream()Ljava/io/PrintStream; >"	8	9
"< Application, Lorg/apache/lucene/index/DocInverterPerField, processFields([Lorg/apache/lucene/document/Fieldable;I)V >"	137	161
"< Application, Lorg/apache/lucene/index/TermVectorsWriter, close()V >"	5	7
"< Application, Lorg/apache/lucene/index/DocumentsWriter, flush(Z)I >"	135	143
"< Application, Lorg/dacapo/parser/ConfigFileTokenManager, jjMoveNfa_0(II)I >"	255	204
"< Application, Lorg/apache/lucene/search/RemoteSearchable_Stub, doc(ILorg/apache/lucene/document/FieldSelector;)Lorg/apache/lucene/document/Document; >"	10	22
"< Application, Lorg/apache/lucene/search/function/FloatFieldSource, class$(Ljava/lang/String;)Ljava/lang/Class; >"	2	5
"< Application, Lorg/dacapo/parser/ConfigFileTokenManager, jjStartNfaWithStates_0(III)I >"	6	9
"< Application, Lorg/apache/lucene/index/IndexWriter, newSegmentName()Ljava/lang/String; >"	17	23
"< Application, Lorg/apache/lucene/index/SegmentInfos$FindSegmentsFile, run()Ljava/lang/Object; >"	62	72
"< Application, Lorg/apache/lucene/index/FieldsWriter, close()V >"	26	21
"< Application, Lorg/apache/lucene/store/LockStressTest, main([Ljava/lang/String;)V >"	33	60
"< Application, Lorg/apache/lucene/search/ExtendedFieldCacheImpl$5, createValue(Lorg/apache/lucene/index/IndexReader;Ljava/lang/Object;)Ljava/lang/Object; >"	50	73
"< Application, Lorg/apache/lucene/demo/html/HTMLParserTokenManager, jjMoveNfa_0(II)I >"	347	259
"< Application, Lorg/apache/lucene/index/IndexWriter, mergeMiddle(Lorg/apache/lucene/index/MergePolicy$OneMerge;)I >"	69	75
"< Application, Lorg/apache/lucene/index/IndexWriter, expungeDeletes(Z)V >"	71	76
"< Application, Lorg/apache/lucene/index/DocFieldConsumersPerThread, abort()V >"	4	5
"< Application, Lorg/apache/lucene/search/RemoteSearchable_Stub, docFreq(Lorg/apache/lucene/index/Term;)I >"	10	16
"< Application, Lorg/apache/lucene/demo/html/HTMLParserTokenManager, jjMoveStringLiteralDfa2_0(JJ)I >"	9	12
"< Application, Lorg/apache/lucene/index/IndexWriter, merge(Lorg/apache/lucene/index/MergePolicy$OneMerge;)V >"	27	96
"< Application, Lorg/apache/lucene/store/FSDirectory, renameFile(Ljava/lang/String;Ljava/lang/String;)V >"	106	104
"< Application, Lorg/apache/lucene/search/ExtendedFieldCacheImpl$5, createValue(Lorg/apache/lucene/index/IndexReader;Ljava/lang/Object;)Ljava/lang/Object; >"	34	52
"< Application, Lorg/apache/lucene/index/DocumentsWriter, abort()V >"	17	17
"< Application, Lorg/apache/lucene/store/SingleInstanceLock, obtain()Z >"	7	8
"< Application, Lorg/apache/lucene/index/DocumentsWriter, waitForWaitQueue()V >"	2	4
"< Application, Lorg/apache/lucene/index/IndexWriter, finishSync(Ljava/lang/String;Z)V >"	19	21
"< Application, Lorg/apache/lucene/index/DocumentsWriter$ByteBlockAllocator, recycleByteBlocks([[BII)V >"	11	14
"< Application, Lorg/apache/lucene/index/CheckIndex, checkIndex(Ljava/util/List;)Lorg/apache/lucene/index/CheckIndex$Status; >"	603	867
"< Application, Lorg/apache/lucene/analysis/PorterStemFilter, class$(Ljava/lang/String;)Ljava/lang/Class; >"	2	5
"< Application, Lorg/dacapo/harness/CommandLineArgs, <init>([Ljava/lang/String;)V >"	54	79
"< Application, Lorg/apache/lucene/index/ConcurrentMergeScheduler$MergeThread, run()V >"	37	56
"< Application, Lorg/apache/lucene/store/NativeFSLock, release()V >"	128	50
"< Application, Lorg/dacapo/harness/Benchmark, enableValidationReport(Ljava/lang/String;)V >"	9	8
"< Application, Lorg/apache/lucene/index/IndexModifier, getUseCompoundFile()Z >"	8	9
"< Application, Lorg/apache/lucene/document/DateTools, stringToDate(Ljava/lang/String;)Ljava/util/Date; >"	56	50
"< Application, Lorg/apache/lucene/index/FieldsWriter, close()V >"	13	10
"< Application, Lorg/apache/lucene/store/NativeFSLock, obtain()Z >"	152	74
"< Application, Lorg/apache/lucene/store/NIOFSDirectory, class$(Ljava/lang/String;)Ljava/lang/Class; >"	2	5
"< Application, Lorg/apache/lucene/index/MergeDocIDRemapper, class$(Ljava/lang/String;)Ljava/lang/Class; >"	2	5
"< Application, Lorg/apache/lucene/search/RemoteSearchable_Stub, search(Lorg/apache/lucene/search/Weight;Lorg/apache/lucene/search/Filter;I)Lorg/apache/lucene/search/TopDocs; >"	11	24
"< Application, Lorg/apache/lucene/store/NativeFSLock, release()V >"	106	12
"< Application, Lorg/apache/lucene/search/RemoteSearchable_Stub, doc(ILorg/apache/lucene/document/FieldSelector;)Lorg/apache/lucene/document/Document; >"	12	20
"< Application, Lorg/apache/lucene/store/NativeFSLock, obtain()Z >"	72	60
"< Application, Lorg/apache/lucene/index/SegmentInfos$FindSegmentsFile, run()Ljava/lang/Object; >"	65	242
"< Application, Lorg/dacapo/parser/Config$1, <clinit>()V >"	15	17
"< Application, Lorg/apache/lucene/index/CheckIndex, checkIndex(Ljava/util/List;)Lorg/apache/lucene/index/CheckIndex$Status; >"	43	43
"< Application, Lorg/apache/lucene/index/SegmentReader, <clinit>()V >"	33	26
"< Application, Lorg/apache/lucene/search/TimeLimitedCollector$TimerThread, run()V >"	8	11
"< Application, Lorg/apache/lucene/demo/html/HTMLParser, addToSummary(Ljava/lang/String;)V >"	14	16
"< Application, Lorg/dacapo/harness/ChordHarness, findClass()Ljava/lang/Class; >"	4	7
"< Application, Lorg/apache/lucene/store/NativeFSLock, obtain()Z >"	68	55
"< Application, Lorg/apache/lucene/index/IndexWriter, mergeMiddle(Lorg/apache/lucene/index/MergePolicy$OneMerge;)I >"	82	102
"< Application, Lorg/dacapo/harness/Benchmark, validate(Ljava/lang/String;)Z >"	51	73
"< Application, Lorg/apache/lucene/search/function/ShortFieldSource, class$(Ljava/lang/String;)Ljava/lang/Class; >"	2	5
"< Application, Lorg/apache/lucene/index/StoredFieldsWriter, abort()V >"	5	7
"< Application, Lorg/apache/lucene/demo/html/HTMLParser, getSummary()Ljava/lang/String; >"	16	17
"< Application, Lorg/apache/lucene/search/ParallelMultiSearcher, search(Lorg/apache/lucene/search/Weight;Lorg/apache/lucene/search/Filter;I)Lorg/apache/lucene/search/TopDocs; >"	32	38
"< Application, Lorg/apache/lucene/index/IndexWriter, finalize()V >"	7	7
"< Application, Lorg/apache/lucene/document/DateTools, timeToString(JLorg/apache/lucene/document/DateTools$Resolution;)Ljava/lang/String; >"	80	43
"< Application, Lorg/apache/lucene/store/FSDirectory$FSIndexInput, readInternal([BII)V >"	29	31
"< Application, Lorg/apache/lucene/index/IndexWriter, optimize(IZ)V >"	94	100
"< Application, Lorg/apache/lucene/index/IndexModifier, setMaxBufferedDocs(I)V >"	10	10
"< Application, Lorg/dacapo/harness/Luindex, <init>(Lorg/dacapo/parser/Config;Ljava/io/File;)V >"	21	27
"< Application, Lorg/apache/lucene/index/IndexWriter, mergeMiddle(Lorg/apache/lucene/index/MergePolicy$OneMerge;)I >"	92	107
"< Application, Lorg/apache/lucene/index/IndexModifier, setMergeFactor(I)V >"	10	10
"< Application, Lorg/apache/lucene/demo/IndexHTML, main([Ljava/lang/String;)V >"	69	85
"< Application, Lorg/apache/lucene/index/FieldsReader, uncompress([B)[B >"	25	38
"< Application, Lorg/apache/lucene/index/TermInfosWriter, class$(Ljava/lang/String;)Ljava/lang/Class; >"	2	5
"< Application, Lorg/apache/lucene/store/Directory, copy(Lorg/apache/lucene/store/Directory;Lorg/apache/lucene/store/Directory;Z)V >"	46	42
"< Application, Lorg/apache/lucene/index/FreqProxTermsWriter, class$(Ljava/lang/String;)Ljava/lang/Class; >"	2	5
"< Application, Lorg/dacapo/parser/ConfigFileTokenManager, jjMoveStringLiteralDfa3_0(JJ)I >"	9	12
"< Application, Lorg/apache/lucene/index/IndexWriter, init(Lorg/apache/lucene/store/Directory;Lorg/apache/lucene/analysis/Analyzer;ZZLorg/apache/lucene/index/IndexDeletionPolicy;ZI)V >"	90	77
"< Application, Lorg/apache/lucene/index/IndexWriter, mergeMiddle(Lorg/apache/lucene/index/MergePolicy$OneMerge;)I >"	97	94
"< Application, Lorg/apache/lucene/store/Lock, obtain(J)Z >"	51	25
"< Application, Lorg/apache/lucene/demo/html/HTMLParserTokenManager, getNextToken()Lorg/apache/lucene/demo/html/Token; >"	96	72
"< Application, Lorg/apache/lucene/index/SegmentInfo, class$(Ljava/lang/String;)Ljava/lang/Class; >"	2	5
"< Application, Lorg/apache/lucene/index/IndexWriter, blockAddIndexes(Z)V >"	5	7
"< Application, Lorg/apache/lucene/store/FSDirectory$FSIndexOutput, close()V >"	14	18
"< Application, Lorg/dacapo/harness/FileDigest, main([Ljava/lang/String;)V >"	58	75
"< Application, Lorg/dacapo/parser/ConfigFileTokenManager, getNextToken()Lorg/dacapo/parser/Token; >"	160	128
"< Application, Lorg/apache/lucene/search/MultiSearcher$CachedDfSource, docFreq(Lorg/apache/lucene/index/Term;)I >"	5	10
"< Application, Lorg/apache/lucene/util/OpenBitSetDISI, class$(Ljava/lang/String;)Ljava/lang/Class; >"	2	5
"< Application, Lorg/apache/lucene/index/ConcurrentMergeScheduler$MergeThread, setThreadPriority(I)V >"	2	6
"< Application, Lorg/apache/lucene/index/IndexModifier, getMaxBufferedDocs()I >"	8	9
"< Application, Lorg/apache/lucene/queryParser/QueryParserTokenManager, jjMoveNfa_0(II)I >"	85	94
"< Application, Lorg/dacapo/parser/Config$1, <clinit>()V >"	21	25
"< Application, Lorg/apache/lucene/index/ConcurrentMergeScheduler$MergeThread, run()V >"	67	46
"< Application, Lorg/apache/lucene/search/function/IntFieldSource, class$(Ljava/lang/String;)Ljava/lang/Class; >"	2	5
"< Application, Lorg/apache/lucene/document/DateTools, stringToDate(Ljava/lang/String;)Ljava/util/Date; >"	80	40
"< Application, Lorg/apache/lucene/index/IndexWriter, syncPause(J)V >"	34	29
"< Application, Lorg/apache/lucene/store/FSDirectory, renameFile(Ljava/lang/String;Ljava/lang/String;)V >"	59	35
"< Application, Lorg/apache/lucene/search/RemoteSearchable_Stub, maxDoc()I >"	6	17
"< Application, Lorg/apache/lucene/store/RAMDirectory, fileExists(Ljava/lang/String;)Z >"	7	9
"< Application, Lorg/apache/lucene/index/SegmentInfos$FindSegmentsFile, run()Ljava/lang/Object; >"	195	196
"< Application, Lorg/apache/lucene/index/SegmentReader, <clinit>()V >"	66	98
"< Application, Lorg/apache/lucene/index/SegmentInfos$FindSegmentsFile, run()Ljava/lang/Object; >"	27	84
"< Application, Lorg/apache/lucene/index/StoredFieldsWriter, class$(Ljava/lang/String;)Ljava/lang/Class; >"	2	5
"< Application, Lorg/apache/lucene/index/IndexModifier, addDocument(Lorg/apache/lucene/document/Document;Lorg/apache/lucene/analysis/Analyzer;)V >"	12	13
"< Application, Lorg/apache/lucene/store/NativeFSLock, obtain()Z >"	166	93
"< Application, Lorg/apache/lucene/index/IndexWriter, startCommit(J)V >"	256	161
"< Application, Lorg/apache/lucene/search/RemoteSearchable_Stub, close()V >"	4	14
"< Application, Lorg/dacapo/parser/ConfigFile, ReInit(Ljava/io/InputStream;Ljava/lang/String;)V >"	3	8
"< Application, Lorg/dacapo/parser/ConfigFileTokenManager, jjMoveStringLiteralDfa5_0(JJ)I >"	9	12
"< Application, Lorg/apache/lucene/store/RAMDirectory, touchFile(Ljava/lang/String;)V >"	7	9
"< Application, Lorg/apache/lucene/search/function/OrdFieldSource, class$(Ljava/lang/String;)Ljava/lang/Class; >"	2	5
"< Application, Lorg/apache/lucene/index/CompoundFileReader, <init>(Lorg/apache/lucene/store/Directory;Ljava/lang/String;I)V >"	54	47
"< Application, Lorg/apache/lucene/demo/html/HTMLParserTokenManager, jjMoveStringLiteralDfa4_0(JJ)I >"	9	12
"< Application, Lorg/apache/lucene/queryParser/QueryParser, getFieldQuery(Ljava/lang/String;Ljava/lang/String;)Lorg/apache/lucene/search/Query; >"	25	35
"< Application, Lorg/apache/lucene/queryParser/QueryParser, Term(Ljava/lang/String;)Lorg/apache/lucene/search/Query; >"	316	57
"< Application, Lorg/apache/lucene/search/RangeQuery, rewrite(Lorg/apache/lucene/index/IndexReader;)Lorg/apache/lucene/search/Query; >"	89	41
"< Application, Lorg/apache/lucene/demo/html/HTMLParserTokenManager, jjMoveStringLiteralDfa3_0(JJ)I >"	9	12
"< Application, Lorg/apache/lucene/index/IndexWriter, startTransaction(Z)V >"	41	49
"< Application, Lorg/apache/lucene/demo/html/HTMLParserTokenManager, jjMoveNfa_6(II)I >"	91	92
"< Application, Lorg/apache/lucene/queryParser/QueryParser, parse(Ljava/lang/String;)Lorg/apache/lucene/search/Query; >"	12	12
"< Application, Lorg/apache/lucene/index/IndexWriter, rollbackInternal()V >"	81	63
"< Application, Lorg/apache/lucene/store/LockStressTest, main([Ljava/lang/String;)V >"	51	73
"< Application, Lorg/dacapo/parser/ConfigFileTokenManager, jjMoveStringLiteralDfa9_0(JJ)I >"	9	12
"< Application, Lorg/apache/lucene/queryParser/QueryParser, parse(Ljava/lang/String;)Lorg/apache/lucene/search/Query; >"	36	35
"< Application, Lorg/apache/lucene/index/CompoundFileWriter, close()V >"	79	74
"< Application, Lorg/apache/lucene/index/CheckIndex, main([Ljava/lang/String;)V >"	119	146
"< Application, Lorg/apache/lucene/search/FieldCacheImpl$7, createValue(Lorg/apache/lucene/index/IndexReader;Ljava/lang/Object;)Ljava/lang/Object; >"	27	35
"< Application, Lorg/apache/lucene/search/RemoteSearchable_Stub, rewrite(Lorg/apache/lucene/search/Query;)Lorg/apache/lucene/search/Query; >"	7	18
"< Application, Lorg/apache/lucene/index/SegmentInfos, finishCommit(Lorg/apache/lucene/store/Directory;)V >"	29	23
"< Application, Lorg/apache/lucene/store/FSDirectory, <clinit>()V >"	29	25
"< Application, Lorg/apache/lucene/index/IndexWriter, merge(Lorg/apache/lucene/index/MergePolicy$OneMerge;)V >"	23	37
"< Application, Lorg/dacapo/harness/TestHarness, main([Ljava/lang/String;)V >"	83	118
"< Application, Lorg/apache/lucene/index/FieldsWriter, <init>(Lorg/apache/lucene/store/Directory;Ljava/lang/String;Lorg/apache/lucene/index/FieldInfos;)V >"	67	56
"< Application, Lorg/apache/lucene/index/IndexWriter, rollbackInternal()V >"	69	57
"< Application, Lorg/apache/lucene/analysis/Token, clone()Ljava/lang/Object; >"	16	11
"< Application, Lorg/apache/lucene/index/DocumentsWriter, class$(Ljava/lang/String;)Ljava/lang/Class; >"	2	5
"< Application, Lorg/apache/lucene/search/ExtendedFieldCacheImpl$4, createValue(Lorg/apache/lucene/index/IndexReader;Ljava/lang/Object;)Ljava/lang/Object; >"	27	35
"< Application, Lorg/apache/commons/cli/TypeHandler, createObject(Ljava/lang/String;)Ljava/lang/Object; >"	2	6
"< Application, Lorg/apache/lucene/index/DocumentsWriter, finishDocument(Lorg/apache/lucene/index/DocumentsWriterThreadState;Lorg/apache/lucene/index/DocumentsWriter$DocWriter;)V >"	19	32
"< Application, Lorg/dacapo/parser/ConfigFileTokenManager, jjMoveStringLiteralDfa6_0(JJ)I >"	9	12
"< Application, Lorg/apache/lucene/index/IndexWriter, closeInternal(Z)V >"	90	61
"< Application, Lorg/apache/lucene/store/FSDirectory, <clinit>()V >"	19	49
"< Application, Lorg/apache/lucene/search/RemoteSearchable_Stub, search(Lorg/apache/lucene/search/Weight;Lorg/apache/lucene/search/Filter;Lorg/apache/lucene/search/HitCollector;)V >"	10	20
"< Application, Lorg/apache/lucene/index/IndexReader, main([Ljava/lang/String;)V >"	94	103
"< Application, Lorg/apache/lucene/search/PrefixQuery, rewrite(Lorg/apache/lucene/index/IndexReader;)Lorg/apache/lucene/search/Query; >"	25	35
"< Application, Lorg/apache/commons/cli/TypeHandler, createURL(Ljava/lang/String;)Ljava/net/URL; >"	3	5
"< Application, Lorg/apache/lucene/index/IndexWriter, addDocument(Lorg/apache/lucene/document/Document;Lorg/apache/lucene/analysis/Analyzer;)V >"	36	21
"< Application, Lorg/apache/lucene/store/NativeFSLock, release()V >"	49	91
"< Application, Lorg/dacapo/harness/ChordHarness, main([Ljava/lang/String;)V >"	83	118
"< Application, Lorg/apache/lucene/search/CachingWrapperFilter, bits(Lorg/apache/lucene/index/IndexReader;)Ljava/util/BitSet; >"	32	24
"< Application, Lorg/apache/lucene/index/DirectoryIndexReader, finalize()V >"	7	7
"< Application, Lorg/apache/lucene/index/FieldsReader$LazyField, stringValue()Ljava/lang/String; >"	41	40
"< Application, Lorg/apache/lucene/demo/html/HTMLParser, getTitle()Ljava/lang/String; >"	14	14
"< Application, Lorg/apache/lucene/analysis/standard/StandardFilter, class$(Ljava/lang/String;)Ljava/lang/Class; >"	2	5
"< Application, Lorg/apache/lucene/index/IndexWriter, addIndexes([Lorg/apache/lucene/index/IndexReader;)V >"	115	91
"< Application, Lorg/apache/lucene/document/DateTools, stringToDate(Ljava/lang/String;)Ljava/util/Date; >"	32	60
"< Application, Lorg/apache/lucene/index/FieldsReader, uncompress([B)[B >"	12	22
"< Application, Lorg/apache/lucene/search/RemoteSearchable_Stub, docFreq(Lorg/apache/lucene/index/Term;)I >"	12	12
"< Application, Lorg/apache/lucene/demo/html/ParserThread, run()V >"	93	57
"< Application, Lorg/apache/lucene/demo/html/HTMLParser, getMetaTags()Ljava/util/Properties; >"	14	14
"< Application, Lorg/apache/lucene/index/IndexWriter, addIndexesNoOptimize([Lorg/apache/lucene/store/Directory;)V >"	69	78
"< Application, Lorg/apache/lucene/util/BitVector, write(Lorg/apache/lucene/store/Directory;Ljava/lang/String;)V >"	8	12
"< Application, Lorg/apache/lucene/index/IndexFileDeleter, deleteFile(Ljava/lang/String;)V >"	12	21
"< Application, Lorg/apache/lucene/search/MultiSearcherThread, run()V >"	50	46
"< Application, Lorg/apache/lucene/index/TermVectorsTermsWriterPerThread, vectorFieldsInOrder(Lorg/apache/lucene/index/FieldInfo;)Z >"	12	12
"< Application, Lorg/apache/lucene/search/FieldCacheImpl$Cache, get(Lorg/apache/lucene/index/IndexReader;Ljava/lang/Object;)Ljava/lang/Object; >"	43	40
"< Application, Lorg/apache/lucene/index/DocumentsWriter, updateDocument(Lorg/apache/lucene/document/Document;Lorg/apache/lucene/analysis/Analyzer;Lorg/apache/lucene/index/Term;)Z >"	35	45
"< Application, Lorg/apache/lucene/search/RemoteSearchable_Stub, doc(ILorg/apache/lucene/document/FieldSelector;)Lorg/apache/lucene/document/Document; >"	14	16
"< Application, Lorg/apache/lucene/index/IndexModifier, deleteDocument(I)V >"	8	9
"< Application, Lorg/apache/lucene/index/IndexWriter, rollbackInternal()V >"	62	49
"< Application, Lorg/apache/lucene/index/TermVectorsTermsWriterPerThread, finishDocument()Lorg/apache/lucene/index/DocumentsWriter$DocWriter; >"	3	4
"< Application, Lorg/apache/lucene/index/FieldsWriter, <init>(Lorg/apache/lucene/store/Directory;Ljava/lang/String;Lorg/apache/lucene/index/FieldInfos;)V >"	45	28
"< Application, Lorg/apache/lucene/demo/html/ParserThread, run()V >"	98	82
"< Application, Lorg/apache/lucene/index/IndexWriter, startCommit(J)V >"	170	129
"< Application, Lorg/apache/lucene/search/RangeFilter, getDocIdSet(Lorg/apache/lucene/index/IndexReader;)Lorg/apache/lucene/search/DocIdSet; >"	112	114
"< Application, Lorg/apache/lucene/index/DocumentsWriter, updateDocument(Lorg/apache/lucene/document/Document;Lorg/apache/lucene/analysis/Analyzer;Lorg/apache/lucene/index/Term;)Z >"	9	14
"< Application, Lorg/apache/lucene/index/CompoundFileWriter, copyFile(Lorg/apache/lucene/index/CompoundFileWriter$FileEntry;Lorg/apache/lucene/store/IndexOutput;[B)V >"	56	84
"< Application, Lorg/apache/lucene/store/LockStressTest, main([Ljava/lang/String;)V >"	21	34
"< Application, Lorg/apache/lucene/store/FSDirectory, renameFile(Ljava/lang/String;Ljava/lang/String;)V >"	139	119
"< Application, Lorg/apache/lucene/analysis/standard/StandardTokenizer, class$(Ljava/lang/String;)Ljava/lang/Class; >"	2	5
"< Application, Lorg/apache/lucene/store/SingleInstanceLock, release()V >"	7	8
"< Application, Lorg/dacapo/parser/ConfigFileTokenManager, getNextToken()Lorg/dacapo/parser/Token; >"	5	113
"< Application, Lorg/apache/lucene/index/SegmentInfos, write(Lorg/apache/lucene/store/Directory;)V >"	43	47
"< Application, Lorg/apache/lucene/index/SegmentInfos, finishCommit(Lorg/apache/lucene/store/Directory;)V >"	23	25
"< Application, Lorg/apache/lucene/index/IndexWriter, merge(Lorg/apache/lucene/index/MergePolicy$OneMerge;)V >"	59	88
"< Application, Lorg/dacapo/harness/TestHarness, findClass()Ljava/lang/Class; >"	4	7
"< Application, Lorg/apache/lucene/index/IndexReader, main([Ljava/lang/String;)V >"	80	106
"< Application, Lorg/apache/lucene/index/IndexWriter, addIndexesNoOptimize([Lorg/apache/lucene/store/Directory;)V >"	55	76
"< Application, Lorg/dacapo/harness/Benchmark, run(Lorg/dacapo/harness/Callback;Ljava/lang/String;)Z >"	25	27
"< Application, Lorg/apache/lucene/index/MultiReader, reopen()Lorg/apache/lucene/index/IndexReader; >"	101	73
"< Application, Lorg/apache/lucene/search/RangeQuery, rewrite(Lorg/apache/lucene/index/IndexReader;)Lorg/apache/lucene/search/Query; >"	53	90
"< Application, Lorg/apache/lucene/index/IndexModifier, setUseCompoundFile(Z)V >"	10	10
"< Application, Lorg/dacapo/harness/TestHarness, main([Ljava/lang/String;)V >"	19	28
"< Application, Lorg/apache/lucene/index/DocumentsWriter, waitReady(Lorg/apache/lucene/index/DocumentsWriterThreadState;)V >"	13	12
"< Application, Lorg/apache/lucene/index/MultiSegmentReader, <init>(Lorg/apache/lucene/store/Directory;Lorg/apache/lucene/index/SegmentInfos;ZZ)V >"	25	32
"< Application, Lorg/dacapo/harness/Benchmark, validate(Ljava/lang/String;)Z >"	164	234
"< Application, Lorg/apache/lucene/index/IndexWriter, startTransaction(Z)V >"	48	78
"< Application, Lorg/apache/lucene/index/FieldsWriter, <init>(Lorg/apache/lucene/store/Directory;Ljava/lang/String;Lorg/apache/lucene/index/FieldInfos;)V >"	40	35
"< Application, Lorg/apache/lucene/demo/html/HTMLParserTokenManager, jjMoveNfa_5(II)I >"	91	93
"< Application, Lorg/apache/lucene/search/RemoteSearchable_Stub, <clinit>()V >"	225	183
"< Application, Lorg/apache/lucene/search/RemoteSearchable_Stub, explain(Lorg/apache/lucene/search/Weight;I)Lorg/apache/lucene/search/Explanation; >"	12	20
"< Application, Lorg/apache/lucene/index/TermInfosReader, <init>(Lorg/apache/lucene/store/Directory;Ljava/lang/String;Lorg/apache/lucene/index/FieldInfos;I)V >"	43	54
"< Application, Lorg/apache/lucene/search/TimeLimitedCollector$TimerThread, run()V >"	10	15
"< Application, Lorg/apache/lucene/index/IndexWriter, addDocument(Lorg/apache/lucene/document/Document;Lorg/apache/lucene/analysis/Analyzer;)V >"	17	31
"< Application, Lorg/apache/lucene/demo/html/HTMLParser, <init>(Ljava/io/InputStream;Ljava/lang/String;)V >"	47	34
"< Application, Lorg/apache/lucene/analysis/PorterStemmer, main([Ljava/lang/String;)V >"	43	46
"< Application, Lorg/apache/commons/cli/Option, clone()Ljava/lang/Object; >"	7	5
"< Application, Lorg/apache/lucene/store/FSDirectory, sync(Ljava/lang/String;)V >"	15	20
"< Application, Lorg/apache/lucene/index/DocumentsWriter, applyDeletes(Lorg/apache/lucene/index/SegmentInfos;)Z >"	51	76
"< Application, Lorg/apache/lucene/store/NativeFSLock, obtain()Z >"	202	108
"< Application, Lorg/apache/lucene/search/Query, clone()Ljava/lang/Object; >"	3	5
"< Application, Lorg/dacapo/harness/LatexDescriptions, main([Ljava/lang/String;)V >"	3	5
"< Application, Lorg/dacapo/harness/ChordHarness, main([Ljava/lang/String;)V >"	54	80
"< Application, Lorg/apache/lucene/demo/html/HTMLParserTokenManager, jjMoveNfa_4(II)I >"	91	93
"< Application, Lorg/apache/lucene/index/IndexWriter, setMessageID(Ljava/io/PrintStream;)V >"	11	11
"< Application, Lorg/apache/lucene/queryParser/QueryParserTokenManager, jjMoveStringLiteralDfa1_2(J)I >"	4	7
"< Application, Lorg/apache/lucene/index/IndexWriter, addIndexesNoOptimize([Lorg/apache/lucene/store/Directory;)V >"	81	83
"< Application, Lorg/apache/lucene/store/FSDirectory, sync(Ljava/lang/String;)V >"	20	23
"< Application, Lorg/apache/lucene/demo/html/HTMLParserTokenManager, jjMoveNfa_3(II)I >"	104	103
"< Application, Lorg/dacapo/parser/Config, parse(Ljava/io/File;)Lorg/dacapo/parser/Config; >"	4	5
"< Application, Lorg/apache/lucene/store/NativeFSLock, release()V >"	141	42
"< Application, Lorg/apache/lucene/analysis/Analyzer, setPreviousTokenStream(Ljava/lang/Object;)V >"	3	6
"< Application, Lorg/apache/lucene/index/DocumentsWriter, abort()V >"	45	46
"< Application, Lorg/apache/lucene/index/DocFieldConsumers$PerDoc, abort()V >"	4	5
"< Application, Lorg/apache/lucene/index/IndexWriter, closeInternal(Z)V >"	68	69
"< Application, Lorg/apache/lucene/store/VerifyingLockFactory$CheckedLock, verify(B)V >"	21	27
"< Application, Lorg/apache/lucene/index/IndexFileDeleter, <init>(Lorg/apache/lucene/store/Directory;Lorg/apache/lucene/index/IndexDeletionPolicy;Lorg/apache/lucene/index/SegmentInfos;Ljava/io/PrintStream;Lorg/apache/lucene/index/DocumentsWriter;)V >"	97	114
"< Application, Lorg/apache/lucene/queryParser/QueryParser, getFieldQuery(Ljava/lang/String;Ljava/lang/String;)Lorg/apache/lucene/search/Query; >"	11	17
"< Application, Lorg/apache/lucene/search/CachingWrapperFilter, getDocIdSet(Lorg/apache/lucene/index/IndexReader;)Lorg/apache/lucene/search/DocIdSet; >"	11	12
"< Application, Lorg/apache/lucene/demo/html/HTMLParserTokenManager, jjMoveNfa_1(II)I >"	182	160
"< Application, Lorg/dacapo/harness/Benchmark, validate(Ljava/lang/String;)Z >"	49	71
"< Application, Lorg/apache/lucene/queryParser/QueryParser, Term(Ljava/lang/String;)Lorg/apache/lucene/search/Query; >"	339	364
"< Application, Lorg/apache/lucene/index/IndexWriter, closeInternal(Z)V >"	51	50
"< Application, Lorg/apache/lucene/index/SegmentInfos$2, doBody(Ljava/lang/String;)Ljava/lang/Object; >"	17	37
"< Application, Lorg/apache/lucene/store/NativeFSLock, obtain()Z >"	47	94
"< Application, Lorg/apache/lucene/search/FieldCacheImpl$Cache, get(Lorg/apache/lucene/index/IndexReader;Ljava/lang/Object;)Ljava/lang/Object; >"	37	38
"< Application, Lorg/apache/lucene/index/DirectoryIndexReader, open(Lorg/apache/lucene/store/Directory;ZLorg/apache/lucene/index/IndexDeletionPolicy;Lorg/apache/lucene/index/IndexCommit;Z)Lorg/apache/lucene/index/DirectoryIndexReader; >"	17	23
"< Application, Lorg/apache/lucene/index/IndexWriter, deleteDocuments([Lorg/apache/lucene/index/Term;)V >"	6	11
"< Application, Lorg/apache/lucene/index/DocumentsWriter, abort()V >"	50	48
"< Application, Lorg/apache/lucene/store/RAMDirectory, fileLength(Ljava/lang/String;)J >"	7	9
"< Application, Lorg/apache/lucene/index/TermVectorsReader, class$(Ljava/lang/String;)Ljava/lang/Class; >"	2	5
"< Application, Lorg/apache/lucene/index/IndexWriter, applyDeletes()Z >"	15	16
"< Application, Lorg/apache/lucene/index/ConcurrentMergeScheduler$MergeThread, run()V >"	86	88
"< Application, Lorg/apache/lucene/store/NativeFSLock, obtain()Z >"	55	44
"< Application, Lorg/apache/lucene/index/IndexWriter, addIndexes([Lorg/apache/lucene/index/IndexReader;)V >"	145	129
"< Application, Lorg/apache/lucene/index/DocInverterPerField, processFields([Lorg/apache/lucene/document/Fieldable;I)V >"	38	164
"< Application, Lorg/apache/lucene/index/ParallelReader, reopen()Lorg/apache/lucene/index/IndexReader; >"	52	90
"< Application, Lorg/apache/lucene/index/MultiSegmentReader, <init>(Lorg/apache/lucene/store/Directory;Lorg/apache/lucene/index/SegmentInfos;Z[Lorg/apache/lucene/index/SegmentReader;[ILjava/util/Map;Z)V >"	167	176
