"< Application, Lorg/apache/lucene/index/DocumentsWriter, updateDocument(Lorg/apache/lucene/document/Document;Lorg/apache/lucene/analysis/Analyzer;Lorg/apache/lucene/index/Term;)Z >"	20	1
"< Application, Lorg/apache/lucene/index/IndexWriter, closeInternal(Z)V >"	47	1
"< Application, Lorg/apache/lucene/index/SegmentReader, getNorms(Ljava/lang/String;)[B >"	5	7
"< Application, Lorg/apache/lucene/store/RAMDirectory, fileLength(Ljava/lang/String;)J >"	1	1
"< Application, Lorg/apache/lucene/index/IndexWriter, startSync(Ljava/lang/String;Ljava/util/Collection;)Z >"	1	5
"< Application, Lorg/apache/lucene/index/IndexWriter, merge(Lorg/apache/lucene/index/MergePolicy$OneMerge;)V >"	31	1
"< Application, Lorg/apache/lucene/index/IndexWriter, mergeMiddle(Lorg/apache/lucene/index/MergePolicy$OneMerge;)I >"	133	1
"< Application, Lorg/apache/lucene/util/cache/Cache$SynchronizedCache, get(Ljava/lang/Object;)Ljava/lang/Object; >"	1	4
"< Application, Lorg/apache/lucene/index/IndexWriter, mergeMiddle(Lorg/apache/lucene/index/MergePolicy$OneMerge;)I >"	153	1
"< Application, Lorg/apache/lucene/store/FSDirectory$FSIndexInput, readInternal([BII)V >"	1	6
"< Application, Lorg/apache/lucene/search/FieldCacheImpl$Cache, get(Lorg/apache/lucene/index/IndexReader;Ljava/lang/Object;)Ljava/lang/Object; >"	25	24
"< Application, Lorg/apache/lucene/index/IndexModifier, docCount()I >"	1	3
"< Application, Lorg/apache/lucene/store/RAMDirectory, createOutput(Ljava/lang/String;)Lorg/apache/lucene/store/IndexOutput; >"	3	1
"< Application, Lorg/apache/lucene/document/DateTools, stringToDate(Ljava/lang/String;)Ljava/util/Date; >"	63	41
"< Application, Lorg/apache/lucene/document/DateTools, stringToDate(Ljava/lang/String;)Ljava/util/Date; >"	15	61
"< Application, Lorg/apache/lucene/index/ConcurrentMergeScheduler$MergeThread, run()V >"	31	50
"< Application, Lorg/apache/lucene/index/SnapshotDeletionPolicy$MyCommitPoint, delete()V >"	1	3
"< Application, Lorg/apache/lucene/index/IndexWriter, expungeDeletes(Z)V >"	10	1
"< Application, Lorg/apache/lucene/store/NativeFSLock, release()V >"	169	16
"< Application, Lorg/apache/lucene/store/NativeFSLock, release()V >"	42	84
"< Application, Lorg/apache/lucene/search/CachingWrapperFilter, bits(Lorg/apache/lucene/index/IndexReader;)Ljava/util/BitSet; >"	6	8
"< Application, Lorg/apache/lucene/document/DateTools, timeToString(JLorg/apache/lucene/document/DateTools$Resolution;)Ljava/lang/String; >"	22	65
"< Application, Lorg/apache/lucene/index/IndexWriter, merge(Lorg/apache/lucene/index/MergePolicy$OneMerge;)V >"	74	1
"< Application, Lorg/apache/lucene/search/FieldCacheImpl$Cache, get(Lorg/apache/lucene/index/IndexReader;Ljava/lang/Object;)Ljava/lang/Object; >"	32	34
"< Application, Lorg/apache/lucene/index/ConcurrentMergeScheduler$MergeThread, run()V >"	72	75
"< Application, Lorg/apache/lucene/index/DocumentsWriter, updateDocument(Lorg/apache/lucene/document/Document;Lorg/apache/lucene/analysis/Analyzer;Lorg/apache/lucene/index/Term;)Z >"	69	1
"< Application, Lorg/apache/lucene/index/IndexWriter, addIndexesNoOptimize([Lorg/apache/lucene/store/Directory;)V >"	9	1
"< Application, Lorg/apache/lucene/index/IndexModifier, flush()V >"	1	3
"< Application, Lorg/apache/lucene/index/ConcurrentMergeScheduler$MergeThread, run()V >"	53	35
"< Application, Lorg/apache/lucene/util/CloseableThreadLocal, set(Ljava/lang/Object;)V >"	5	8
"< Application, Lorg/apache/lucene/demo/html/HTMLParser, addToSummary(Ljava/lang/String;)V >"	10	1
"< Application, Lorg/apache/lucene/document/DateTools, stringToDate(Ljava/lang/String;)Ljava/util/Date; >"	39	51
"< Application, Lorg/dacapo/harness/Benchmark, initialize()V >"	23	20
"< Application, Lorg/apache/lucene/index/IndexWriter, expungeDeletes(Z)V >"	36	1
"< Application, Lorg/apache/lucene/search/CachingSpanFilter, getCachedResult(Lorg/apache/lucene/index/IndexReader;)Lorg/apache/lucene/search/SpanFilterResult; >"	6	8
"< Application, Lorg/apache/lucene/store/NativeFSLock, release()V >"	134	35
"< Application, Lorg/apache/lucene/index/IndexWriter, addIndexes([Lorg/apache/lucene/index/IndexReader;)V >"	43	1
"< Application, Lorg/apache/lucene/index/IndexWriter, updateDocument(Lorg/apache/lucene/index/Term;Lorg/apache/lucene/document/Document;Lorg/apache/lucene/analysis/Analyzer;)V >"	7	1
"< Application, Lorg/apache/lucene/search/CachingWrapperFilter, getDocIdSet(Lorg/apache/lucene/index/IndexReader;)Lorg/apache/lucene/search/DocIdSet; >"	6	8
"< Application, Lorg/apache/lucene/search/FilterManager, getFilter(Lorg/apache/lucene/search/Filter;)Lorg/apache/lucene/search/Filter; >"	1	4
"< Application, Lorg/apache/lucene/index/IndexModifier, setMaxFieldLength(I)V >"	1	4
"< Application, Lorg/apache/lucene/index/IndexWriter, closeInternal(Z)V >"	29	1
"< Application, Lorg/apache/lucene/store/NativeFSLock, release()V >"	77	65
"< Application, Lorg/apache/lucene/index/ConcurrentMergeScheduler, anyUnhandledExceptions()Z >"	1	2
"< Application, Lorg/apache/lucene/util/cache/Cache$SynchronizedCache, containsKey(Ljava/lang/Object;)Z >"	1	4
"< Application, Lorg/apache/lucene/index/IndexWriter, mergeMiddle(Lorg/apache/lucene/index/MergePolicy$OneMerge;)I >"	166	1
"< Application, Lorg/apache/lucene/store/SingleInstanceLock, release()V >"	1	3
"< Application, Lorg/apache/lucene/index/IndexModifier, deleteDocument(I)V >"	1	4
"< Application, Lorg/apache/lucene/index/IndexWriter, mergeMiddle(Lorg/apache/lucene/index/MergePolicy$OneMerge;)I >"	179	1
"< Application, Lorg/apache/lucene/demo/html/ParserThread, run()V >"	6	73
"< Application, Lorg/apache/lucene/search/FieldCacheImpl$Cache, get(Lorg/apache/lucene/index/IndexReader;Ljava/lang/Object;)Ljava/lang/Object; >"	1	5
"< Application, Lorg/apache/lucene/index/IndexWriter, mergeMiddle(Lorg/apache/lucene/index/MergePolicy$OneMerge;)I >"	64	1
"< Application, Lorg/apache/lucene/demo/html/ParserThread, run()V >"	34	61
"< Application, Lorg/apache/lucene/index/IndexWriter, waitForAllSynced(Ljava/util/Collection;)Z >"	1	4
"< Application, Lorg/apache/lucene/search/CachingWrapperFilter, getDocIdSet(Lorg/apache/lucene/index/IndexReader;)Lorg/apache/lucene/search/DocIdSet; >"	26	17
"< Application, Lorg/apache/lucene/store/FSDirectory, getLockID()Ljava/lang/String; >"	10	12
"< Application, Lorg/apache/lucene/index/IndexWriter, addIndexes([Lorg/apache/lucene/index/IndexReader;)V >"	111	1
"< Application, Lorg/apache/lucene/store/NativeFSLock, obtain()Z >"	92	111
"< Application, Lorg/apache/lucene/index/IndexWriter, rollbackInternal()V >"	7	1
"< Application, Lorg/apache/lucene/document/DateTools, stringToDate(Ljava/lang/String;)Ljava/util/Date; >"	75	36
"< Application, Lorg/apache/lucene/store/RAMDirectory, fileExists(Ljava/lang/String;)Z >"	1	1
"< Application, Lorg/apache/lucene/index/IndexModifier, optimize()V >"	1	3
"< Application, Lorg/apache/lucene/index/DocumentsWriter$ByteBlockAllocator, recycleByteBlocks([[BII)V >"	1	6
"< Application, Lorg/apache/lucene/index/MultiReader, doSetNorm(ILjava/lang/String;B)V >"	1	6
"< Application, Lorg/apache/lucene/index/IndexWriter, mergeMiddle(Lorg/apache/lucene/index/MergePolicy$OneMerge;)I >"	113	1
"< Application, Lorg/apache/lucene/index/IndexWriter, addIndexes([Lorg/apache/lucene/index/IndexReader;)V >"	17	1
"< Application, Lorg/apache/lucene/store/NativeFSLock, release()V >"	90	57
"< Application, Lorg/apache/lucene/index/ConcurrentMergeScheduler, addMyself()V >"	1	3
"< Application, Lorg/apache/lucene/index/ConcurrentMergeScheduler$MergeThread, run()V >"	91	64
"< Application, Lorg/apache/lucene/index/DocumentsWriter, balanceRAM()V >"	172	1
"< Application, Lorg/apache/lucene/demo/html/HTMLParser, addText(Ljava/lang/String;)V >"	14	1
"< Application, Lorg/apache/lucene/index/IndexModifier, getMaxFieldLength()I >"	1	3
"< Application, Lorg/apache/lucene/index/IndexWriter, closeInternal(Z)V >"	76	1
"< Application, Lorg/apache/lucene/index/IndexWriter, mergeMiddle(Lorg/apache/lucene/index/MergePolicy$OneMerge;)I >"	192	1
"< Application, Lorg/apache/lucene/document/DateTools, timeToString(JLorg/apache/lucene/document/DateTools$Resolution;)Ljava/lang/String; >"	9	72
"< Application, Lorg/apache/lucene/index/IndexWriter, newSegmentName()Ljava/lang/String; >"	1	3
"< Application, Lorg/apache/lucene/index/IndexWriter, addDocument(Lorg/apache/lucene/document/Document;Lorg/apache/lucene/analysis/Analyzer;)V >"	26	1
"< Application, Lorg/apache/lucene/index/IndexWriter, setMessageID(Ljava/io/PrintStream;)V >"	4	7
"< Application, Lorg/apache/lucene/index/IndexWriter, startTransaction(Z)V >"	34	1
"< Application, Lorg/apache/lucene/index/IndexModifier, setInfoStream(Ljava/io/PrintStream;)V >"	1	4
"< Application, Lorg/apache/lucene/index/SegmentReader, norms(Ljava/lang/String;[BI)V >"	9	10
"< Application, Lorg/apache/lucene/index/IndexWriter, addDocument(Lorg/apache/lucene/document/Document;Lorg/apache/lucene/analysis/Analyzer;)V >"	7	1
"< Application, Lorg/apache/lucene/store/SingleInstanceLockFactory, clearLock(Ljava/lang/String;)V >"	1	4
"< Application, Lorg/apache/lucene/index/IndexModifier, deleteDocuments(Lorg/apache/lucene/index/Term;)I >"	1	4
"< Application, Lorg/apache/lucene/index/IndexWriter, rollbackInternal()V >"	51	1
"< Application, Lorg/apache/lucene/index/IndexWriter, mergeMiddle(Lorg/apache/lucene/index/MergePolicy$OneMerge;)I >"	83	1
"< Application, Lorg/apache/lucene/store/NativeFSLock, obtain()Z >"	35	32
"< Application, Lorg/apache/lucene/document/DateTools, stringToDate(Ljava/lang/String;)Ljava/util/Date; >"	51	46
"< Application, Lorg/apache/lucene/store/RAMFile, addBuffer(I)[B >"	4	11
"< Application, Lorg/apache/lucene/index/IndexModifier, addDocument(Lorg/apache/lucene/document/Document;Lorg/apache/lucene/analysis/Analyzer;)V >"	1	5
"< Application, Lorg/apache/lucene/index/DocumentsWriter, finishDocument(Lorg/apache/lucene/index/DocumentsWriterThreadState;Lorg/apache/lucene/index/DocumentsWriter$DocWriter;)V >"	3	1
"< Application, Lorg/apache/lucene/store/RAMFile, getSizeInBytes()J >"	1	3
"< Application, Lorg/apache/lucene/util/cache/Cache$SynchronizedCache, put(Ljava/lang/Object;Ljava/lang/Object;)V >"	1	5
"< Application, Lorg/apache/lucene/index/DocumentsWriter, balanceRAM()V >"	48	1
"< Application, Lorg/apache/lucene/index/MultiSegmentReader, doSetNorm(ILjava/lang/String;B)V >"	1	6
"< Application, Lorg/apache/lucene/util/cache/SimpleMapCache$SynchronizedSimpleMapCache, put(Ljava/lang/Object;Ljava/lang/Object;)V >"	1	5
"< Application, Lorg/apache/lucene/store/NativeFSLock, obtain()Z >"	178	78
"< Application, Lorg/apache/lucene/store/SingleInstanceLock, obtain()Z >"	1	3
"< Application, Lorg/apache/lucene/demo/html/HTMLParser, getSummary()Ljava/lang/String; >"	3	1
"< Application, Lorg/apache/lucene/demo/html/ParserThread, run()V >"	82	49
"< Application, Lorg/apache/lucene/index/IndexWriter, addIndexes([Lorg/apache/lucene/index/IndexReader;)V >"	90	1
"< Application, Lorg/apache/lucene/store/RAMDirectory, openInput(Ljava/lang/String;)Lorg/apache/lucene/store/IndexInput; >"	1	1
"< Application, Lorg/apache/lucene/util/cache/Cache$SynchronizedCache, close()V >"	1	3
"< Application, Lorg/apache/lucene/store/RAMDirectory, touchFile(Ljava/lang/String;)V >"	1	1
"< Application, Lorg/apache/lucene/document/DateTools, timeToString(JLorg/apache/lucene/document/DateTools$Resolution;)Ljava/lang/String; >"	35	58
"< Application, Lorg/apache/lucene/index/ConcurrentMergeScheduler, clearUnhandledExceptions()V >"	1	2
"< Application, Lorg/apache/lucene/document/DateTools, timeToString(JLorg/apache/lucene/document/DateTools$Resolution;)Ljava/lang/String; >"	48	51
"< Application, Lorg/apache/lucene/index/DocumentsWriter$ByteBlockAllocator, getByteBlock(Z)[B >"	1	4
"< Application, Lorg/apache/lucene/index/IndexWriter, startCommit(J)V >"	149	1
"< Application, Lorg/apache/lucene/document/DateTools, timeToString(JLorg/apache/lucene/document/DateTools$Resolution;)Ljava/lang/String; >"	61	44
"< Application, Lorg/apache/lucene/search/CachingWrapperFilter, bits(Lorg/apache/lucene/index/IndexReader;)Ljava/util/BitSet; >"	27	20
"< Application, Lorg/apache/lucene/index/IndexWriter, optimize(IZ)V >"	20	1
"< Application, Lorg/apache/lucene/index/IndexModifier, init(Lorg/apache/lucene/store/Directory;Lorg/apache/lucene/analysis/Analyzer;Z)V >"	2	6
"< Application, Lorg/apache/lucene/demo/html/HTMLParser, getMetaTags()Ljava/util/Properties; >"	3	1
"< Application, Lorg/apache/lucene/index/IndexWriter, closeInternal(Z)V >"	54	1
"< Application, Lorg/apache/lucene/document/DateTools, stringToDate(Ljava/lang/String;)Ljava/util/Date; >"	27	56
"< Application, Lorg/apache/lucene/store/RAMDirectory, fileModified(Ljava/lang/String;)J >"	1	1
"< Application, Lorg/apache/lucene/index/IndexModifier, setMergeFactor(I)V >"	1	4
"< Application, Lorg/apache/lucene/index/IndexWriter, startCommit(J)V >"	260	1
"< Application, Lorg/dacapo/harness/Benchmark, initialize()V >"	1	3
"< Application, Lorg/apache/lucene/index/IndexModifier, getMaxBufferedDocs()I >"	1	3
"< Application, Lorg/apache/lucene/util/cache/SimpleMapCache$SynchronizedSimpleMapCache, keySet()Ljava/util/Set; >"	1	3
"< Application, Lorg/apache/lucene/store/NativeFSLock, release()V >"	55	76
"< Application, Lorg/apache/lucene/store/FSDirectory, getDirectory(Ljava/io/File;Lorg/apache/lucene/store/LockFactory;)Lorg/apache/lucene/store/FSDirectory; >"	63	50
"< Application, Lorg/apache/lucene/index/IndexModifier, getInfoStream()Ljava/io/PrintStream; >"	1	3
"< Application, Lorg/apache/lucene/store/NativeFSLock, obtain()Z >"	194	101
"< Application, Lorg/apache/lucene/util/cache/SimpleMapCache$SynchronizedSimpleMapCache, containsKey(Ljava/lang/Object;)Z >"	1	4
"< Application, Lorg/apache/lucene/index/IndexModifier, getUseCompoundFile()Z >"	1	3
"< Application, Lorg/apache/lucene/demo/html/HTMLParser, getTitle()Ljava/lang/String; >"	3	1
"< Application, Lorg/apache/lucene/index/IndexModifier, setUseCompoundFile(Z)V >"	1	4
"< Application, Lorg/apache/lucene/demo/html/ParserThread, run()V >"	62	22
"< Application, Lorg/apache/lucene/store/SingleInstanceLock, isLocked()Z >"	1	3
"< Application, Lorg/apache/lucene/index/IndexWriter, startCommit(J)V >"	21	1
"< Application, Lorg/apache/lucene/index/IndexWriter, syncPause(J)V >"	20	1
"< Application, Lorg/apache/lucene/store/FSDirectory, close()V >"	8	8
"< Application, Lorg/apache/lucene/index/IndexWriter, optimize(IZ)V >"	60	1
"< Application, Lorg/apache/lucene/document/DateTools, stringToDate(Ljava/lang/String;)Ljava/util/Date; >"	3	66
"< Application, Lorg/apache/lucene/document/DateTools, timeToString(JLorg/apache/lucene/document/DateTools$Resolution;)Ljava/lang/String; >"	87	30
"< Application, Lorg/apache/lucene/store/FSDirectory, getDirectory(Ljava/io/File;Lorg/apache/lucene/store/LockFactory;)Lorg/apache/lucene/store/FSDirectory; >"	28	17
"< Application, Lorg/apache/lucene/search/MultiSearcherThread, run()V >"	42	39
"< Application, Lorg/apache/lucene/store/NativeFSLock, release()V >"	121	43
"< Application, Lorg/apache/lucene/index/ConcurrentMergeScheduler, merge(Lorg/apache/lucene/index/IndexWriter;)V >"	17	1
"< Application, Lorg/apache/lucene/document/DateTools, timeToString(JLorg/apache/lucene/document/DateTools$Resolution;)Ljava/lang/String; >"	74	37
"< Application, Lorg/apache/lucene/index/IndexWriter, startCommit(J)V >"	250	1
"< Application, Lorg/apache/lucene/index/IndexWriter, finishSync(Ljava/lang/String;Z)V >"	1	5
"< Application, Lorg/apache/lucene/index/IndexWriter, updateDocument(Lorg/apache/lucene/index/Term;Lorg/apache/lucene/document/Document;Lorg/apache/lucene/analysis/Analyzer;)V >"	24	1
"< Application, Lorg/apache/lucene/util/cache/SimpleMapCache$SynchronizedSimpleMapCache, get(Ljava/lang/Object;)Ljava/lang/Object; >"	1	4
"< Application, Lorg/apache/lucene/index/IndexWriter, resolveExternalSegments()V >"	2	1
"< Application, Lorg/apache/lucene/index/IndexWriter, rollbackInternal()V >"	70	1
"< Application, Lorg/apache/lucene/index/IndexModifier, setMaxBufferedDocs(I)V >"	1	4
"< Application, Lorg/apache/lucene/index/IndexModifier, close()V >"	1	3
"< Application, Lorg/apache/lucene/index/IndexModifier, getMergeFactor()I >"	1	3
"< Application, Lorg/apache/lucene/index/IndexWriter, addIndexes([Lorg/apache/lucene/store/Directory;)V >"	9	1
"< Application, Lorg/apache/lucene/util/cache/SimpleMapCache$SynchronizedSimpleMapCache, close()V >"	1	3
"< Application, Lorg/apache/lucene/search/FilterManager$FilterCleaner, run()V >"	12	14
"< Application, Lorg/apache/lucene/store/NativeFSLock, release()V >"	156	24
