java_type_ref("<Application,Lorg/apache/lucene/search/FieldCache$IntParser>")
java_type_ref("<Application,Lorg/apache/lucene/search/ScoreDocComparator>")
java_type_ref("<Application,Lorg/apache/lucene/search/spans/Spans>")
java_type_ref("<Application,Lorg/apache/lucene/search/IdGenerator>")
java_type_ref("<Application,Lorg/apache/lucene/search/Weight>")
java_type_ref("<Application,Lorg/apache/lucene/index/IndexDeletionPolicy>")
java_type_ref("<Application,Lorg/apache/lucene/index/TermPositionVector>")
java_type_ref("<Application,Lorg/apache/lucene/search/Searchable>")
java_type_ref("<Application,Lorg/apache/lucene/index/TermFreqVector>")
java_type_ref("<Application,Lorg/apache/lucene/demo/html/HTMLParserConstants>")
java_type_ref("<Application,Lorg/apache/lucene/search/FieldCache$ByteParser>")
java_type_ref("<Application,Lorg/apache/lucene/index/IndexCommitPoint>")
java_type_ref("<Application,Lorg/apache/lucene/queryParser/QueryParserConstants>")
java_type_ref("<Application,Lorg/apache/lucene/document/Fieldable>")
java_type_ref("<Application,Lorg/apache/lucene/search/ExtendedFieldCache$LongParser>")
java_type_ref("<Application,Lorg/apache/lucene/index/TermPositions>")
java_type_ref("<Application,Lorg/apache/lucene/document/FieldSelector>")
java_type_ref("<Application,Lorg/dacapo/parser/ConfigFileConstants>")
java_type_ref("<Application,Lorg/apache/lucene/search/spans/PayloadSpans>")
java_type_ref("<Application,Lorg/apache/lucene/search/ExtendedFieldCache>")
java_type_ref("<Application,Lorg/apache/lucene/queryParser/CharStream>")
java_type_ref("<Application,Lorg/apache/lucene/search/FieldCache$FloatParser>")
java_type_ref("<Application,Lorg/apache/lucene/search/SortComparatorSource>")
java_type_ref("<Application,Lorg/apache/lucene/search/ExtendedFieldCache$DoubleParser>")
java_type_ref("<Application,Lorg/apache/lucene/search/FieldCache$ShortParser>")
java_type_ref("<Application,Lorg/apache/commons/cli/CommandLineParser>")
java_type_ref("<Application,Lorg/apache/lucene/index/TermDocs>")
java_type_ref("<Application,Lorg/apache/lucene/search/FieldCache>")
