java_type_ref("<Primordial,Ljava/lang/Object>")	java_type_ref("<Application,Lorg/apache/lucene/util/UnicodeUtil>")
java_type_ref("<Application,Lorg/apache/lucene/store/IndexInput>")	java_type_ref("<Application,Lorg/apache/lucene/store/MMapDirectory$MultiMMapIndexInput>")
java_type_ref("<Application,Lorg/apache/lucene/index/MultiSegmentReader>")	java_type_ref("<Application,Lorg/apache/lucene/index/ReadOnlyMultiSegmentReader>")
java_type_ref("<Primordial,Ljava/lang/Object>")	java_type_ref("<Application,Lorg/apache/lucene/index/SegmentReader$Norm>")
java_type_ref("<Application,Lorg/apache/lucene/search/Query>")	java_type_ref("<Application,Lorg/apache/lucene/search/BooleanQuery>")
java_type_ref("<Primordial,Ljava/lang/Object>")	java_type_ref("<Application,Lorg/apache/lucene/demo/html/HTMLParser$1>")
java_type_ref("<Application,Lorg/apache/lucene/search/function/DocValues>")	java_type_ref("<Application,Lorg/apache/lucene/search/function/OrdFieldSource$1>")
java_type_ref("<Primordial,Ljava/lang/Object>")	java_type_ref("<Application,Lorg/apache/lucene/search/Weight>")
java_type_ref("<Primordial,Ljava/lang/Object>")	java_type_ref("<Application,Lorg/apache/lucene/search/FieldCacheImpl$4>")
java_type_ref("<Primordial,Ljava/lang/Object>")	java_type_ref("<Application,Lorg/apache/lucene/index/IntBlockPool>")
java_type_ref("<Application,Lorg/apache/lucene/index/SegmentInfos$FindSegmentsFile>")	java_type_ref("<Application,Lorg/apache/lucene/index/DirectoryIndexReader$2>")
java_type_ref("<Primordial,Ljava/lang/Object>")	java_type_ref("<Application,Lorg/apache/lucene/search/SortComparatorSource>")
java_type_ref("<Application,Lorg/apache/lucene/search/HitCollector>")	java_type_ref("<Application,Lorg/apache/lucene/search/TimeLimitedCollector>")
java_type_ref("<Application,Lorg/apache/lucene/index/IndexCommit>")	java_type_ref("<Application,Lorg/apache/lucene/index/SnapshotDeletionPolicy$MyCommitPoint>")
java_type_ref("<Application,Lorg/apache/lucene/index/TermsHashConsumerPerField>")	java_type_ref("<Application,Lorg/apache/lucene/index/TermVectorsTermsWriterPerField>")
java_type_ref("<Application,Lorg/apache/lucene/store/LockFactory>")	java_type_ref("<Application,Lorg/apache/lucene/store/VerifyingLockFactory>")
java_type_ref("<Primordial,Ljava/lang/Object>")	java_type_ref("<Application,Lorg/apache/lucene/search/SortComparator>")
java_type_ref("<Application,Lorg/apache/lucene/search/spans/SpanQuery>")	java_type_ref("<Application,Lorg/apache/lucene/search/spans/SpanNearQuery>")
java_type_ref("<Primordial,Ljava/lang/Object>")	java_type_ref("<Application,Lorg/apache/lucene/search/FilterManager$FilterItem>")
java_type_ref("<Primordial,Ljava/lang/Object>")	java_type_ref("<Application,Lorg/apache/lucene/index/TermPositions>")
java_type_ref("<Primordial,Ljava/lang/Object>")	java_type_ref("<Application,LHarness>")
java_type_ref("<Application,Lorg/apache/lucene/search/HitCollector>")	java_type_ref("<Application,Lorg/apache/lucene/search/QueryWrapperFilter$2>")
java_type_ref("<Primordial,Ljava/lang/Object>")	java_type_ref("<Application,Lorg/apache/lucene/util/CloseableThreadLocal>")
java_type_ref("<Application,Lorg/apache/lucene/util/PriorityQueue>")	java_type_ref("<Application,Lorg/apache/lucene/search/FieldSortedHitQueue>")
java_type_ref("<Application,Lorg/apache/lucene/index/InvertedDocConsumer>")	java_type_ref("<Application,Lorg/apache/lucene/index/TermsHash>")
java_type_ref("<Application,Lorg/apache/lucene/search/FieldCacheImpl$Cache>")	java_type_ref("<Application,Lorg/apache/lucene/search/FieldCacheImpl$11>")
java_type_ref("<Application,Lorg/apache/lucene/store/FSDirectory>")	java_type_ref("<Application,Lorg/apache/lucene/store/NIOFSDirectory>")
java_type_ref("<Primordial,Ljava/lang/Object>")	java_type_ref("<Application,Lorg/apache/lucene/analysis/WordlistLoader>")
java_type_ref("<Application,Lorg/apache/lucene/search/FieldCacheImpl$Cache>")	java_type_ref("<Application,Lorg/apache/lucene/search/FieldCacheImpl$6>")
java_type_ref("<Application,Lorg/apache/lucene/search/PhraseScorer>")	java_type_ref("<Application,Lorg/apache/lucene/search/SloppyPhraseScorer>")
java_type_ref("<Primordial,Ljava/lang/Object>")	java_type_ref("<Application,Lorg/apache/lucene/search/FuzzyQuery$ScoreTerm>")
java_type_ref("<Application,Lorg/apache/lucene/index/IndexCommit>")	java_type_ref("<Application,Lorg/apache/lucene/index/DirectoryIndexReader$ReaderCommit>")
java_type_ref("<Application,Lorg/apache/lucene/util/PriorityQueue>")	java_type_ref("<Application,Lorg/apache/lucene/search/spans/SpanOrQuery$SpanQueue>")
java_type_ref("<Application,Lorg/apache/lucene/store/IndexInput>")	java_type_ref("<Application,Lorg/apache/lucene/store/RAMInputStream>")
java_type_ref("<Primordial,Ljava/lang/Object>")	java_type_ref("<Application,Lorg/apache/lucene/demo/IndexFiles>")
java_type_ref("<Primordial,Ljava/lang/Object>")	java_type_ref("<Application,Lorg/apache/lucene/search/spans/SpanNotQuery$1>")
java_type_ref("<Primordial,Ljava/lang/Object>")	java_type_ref("<Application,Lorg/apache/lucene/search/ConjunctionScorer$1>")
java_type_ref("<Primordial,Ljava/lang/Object>")	java_type_ref("<Application,Lorg/apache/lucene/search/spans/PayloadSpans>")
java_type_ref("<Application,Lorg/apache/lucene/index/DocFieldConsumerPerThread>")	java_type_ref("<Application,Lorg/apache/lucene/index/DocFieldConsumersPerThread>")
java_type_ref("<Primordial,Ljava/net/URLClassLoader>")	java_type_ref("<Application,Lorg/dacapo/harness/DacapoClassLoader>")
java_type_ref("<Application,Lorg/apache/lucene/search/MultiTermQuery>")	java_type_ref("<Application,Lorg/apache/lucene/search/FuzzyQuery>")
java_type_ref("<Primordial,Ljava/lang/Object>")	java_type_ref("<Application,Lorg/dacapo/parser/Config$Size>")
java_type_ref("<Primordial,Ljava/lang/Object>")	java_type_ref("<Application,Lorg/apache/lucene/index/ParallelReader$ParallelTermDocs>")
java_type_ref("<Primordial,Ljava/lang/Object>")	java_type_ref("<Application,Lorg/apache/lucene/search/BooleanScorer$SubScorer>")
java_type_ref("<Application,Lorg/apache/lucene/search/spans/SpanQuery>")	java_type_ref("<Application,Lorg/apache/lucene/search/spans/SpanFirstQuery>")
java_type_ref("<Primordial,Ljava/lang/Object>")	java_type_ref("<Application,Lorg/apache/lucene/document/DateTools>")
java_type_ref("<Application,Lorg/apache/lucene/search/DocIdSet>")	java_type_ref("<Application,Lorg/apache/lucene/util/OpenBitSet>")
java_type_ref("<Primordial,Ljava/lang/Object>")	java_type_ref("<Application,Lorg/apache/lucene/search/FieldSortedHitQueue$9>")
java_type_ref("<Application,Lorg/apache/lucene/search/spans/SpanTermQuery>")	java_type_ref("<Application,Lorg/apache/lucene/search/payloads/BoostingTermQuery>")
java_type_ref("<Primordial,Ljava/lang/Error>")	java_type_ref("<Application,Lorg/dacapo/parser/TokenMgrError>")
java_type_ref("<Primordial,Ljava/lang/Object>")	java_type_ref("<Application,Lorg/apache/lucene/util/ArrayUtil>")
java_type_ref("<Primordial,Ljava/lang/Object>")	java_type_ref("<Application,Lorg/apache/lucene/search/SortField>")
java_type_ref("<Primordial,Ljava/lang/Error>")	java_type_ref("<Application,Lorg/apache/lucene/queryParser/QueryParser$LookaheadSuccess>")
java_type_ref("<Primordial,Ljava/lang/Object>")	java_type_ref("<Application,Lorg/apache/commons/cli/Options>")
java_type_ref("<Application,Lorg/apache/lucene/search/Scorer>")	java_type_ref("<Application,Lorg/apache/lucene/search/ReqExclScorer>")
java_type_ref("<Primordial,Ljava/lang/Object>")	java_type_ref("<Application,Lorg/apache/lucene/queryParser/CharStream>")
java_type_ref("<Application,Lorg/apache/lucene/search/HitCollector>")	java_type_ref("<Application,Lorg/apache/lucene/search/QueryWrapperFilter$1>")
java_type_ref("<Application,Lorg/apache/lucene/search/Filter>")	java_type_ref("<Application,Lorg/apache/lucene/search/CachingWrapperFilter>")
java_type_ref("<Primordial,Ljava/lang/Object>")	java_type_ref("<Application,Lorg/apache/lucene/queryParser/QueryParserConstants>")
java_type_ref("<Primordial,Ljava/lang/Object>")	java_type_ref("<Application,Lorg/dacapo/harness/Digest>")
java_type_ref("<Primordial,Ljava/lang/Object>")	java_type_ref("<Application,Lorg/apache/lucene/index/TermVectorEntry>")
java_type_ref("<Primordial,Ljava/io/IOException>")	java_type_ref("<Application,Lorg/apache/lucene/store/LockObtainFailedException>")
java_type_ref("<Primordial,Ljava/lang/Object>")	java_type_ref("<Application,Lorg/apache/lucene/index/SegmentTermVector>")
java_type_ref("<Primordial,Ljava/lang/Object>")	java_type_ref("<Application,Lorg/dacapo/parser/ConfigFileTokenManager>")
java_type_ref("<Application,Lorg/apache/lucene/search/MultiSearcher>")	java_type_ref("<Application,Lorg/apache/lucene/search/ParallelMultiSearcher>")
java_type_ref("<Application,Lorg/apache/lucene/index/RawPostingList>")	java_type_ref("<Application,Lorg/apache/lucene/index/FreqProxTermsWriter$PostingList>")
java_type_ref("<Primordial,Ljava/lang/Object>")	java_type_ref("<Application,Lorg/apache/lucene/index/TermsHashConsumerPerThread>")
java_type_ref("<Application,Lorg/apache/lucene/search/Query>")	java_type_ref("<Application,Lorg/apache/lucene/search/PhraseQuery>")
java_type_ref("<Application,Lorg/apache/lucene/search/spans/SpanQuery>")	java_type_ref("<Application,Lorg/apache/lucene/search/spans/SpanOrQuery>")
java_type_ref("<Primordial,Ljava/lang/Object>")	java_type_ref("<Application,Lorg/apache/lucene/search/function/ValueSourceQuery$1>")
java_type_ref("<Primordial,Ljava/lang/Object>")	java_type_ref("<Application,Lorg/apache/lucene/search/HitIterator>")
java_type_ref("<Application,Lorg/apache/lucene/search/Query>")	java_type_ref("<Application,Lorg/apache/lucene/search/ConstantScoreRangeQuery>")
java_type_ref("<Primordial,Ljava/lang/Object>")	java_type_ref("<Application,Lorg/apache/lucene/search/spans/Spans>")
java_type_ref("<Application,Lorg/apache/lucene/search/FieldCacheImpl$Cache>")	java_type_ref("<Application,Lorg/apache/lucene/search/FieldCacheImpl$7>")
java_type_ref("<Application,Lorg/apache/lucene/search/Query>")	java_type_ref("<Application,Lorg/apache/lucene/search/FilteredQuery>")
java_type_ref("<Application,Lorg/apache/commons/cli/Parser>")	java_type_ref("<Application,Lorg/apache/commons/cli/GnuParser>")
java_type_ref("<Application,Lorg/apache/lucene/search/Query>")	java_type_ref("<Application,Lorg/apache/lucene/search/function/CustomScoreQuery>")
java_type_ref("<Primordial,Ljava/lang/Object>")	java_type_ref("<Application,Lorg/apache/lucene/index/MultipleTermPositions>")
java_type_ref("<Primordial,Ljava/lang/Object>")	java_type_ref("<Application,Lorg/apache/lucene/search/ExtendedFieldCacheImpl$2>")
java_type_ref("<Application,Lorg/apache/lucene/analysis/TokenStream>")	java_type_ref("<Application,Lorg/apache/lucene/analysis/Tokenizer>")
java_type_ref("<Primordial,Ljava/lang/Object>")	java_type_ref("<Application,Lorg/apache/lucene/analysis/CharArraySet$CharArraySetIterator>")
java_type_ref("<Application,Lorg/apache/lucene/search/FieldCacheImpl$Cache>")	java_type_ref("<Application,Lorg/apache/lucene/search/FieldCacheImpl$10>")
java_type_ref("<Primordial,Ljava/util/LinkedHashMap>")	java_type_ref("<Application,Lorg/apache/lucene/util/cache/SimpleLRUCache$1>")
java_type_ref("<Application,Lorg/apache/lucene/search/FieldCacheImpl$Cache>")	java_type_ref("<Application,Lorg/apache/lucene/search/ExtendedFieldCacheImpl$3>")
java_type_ref("<Primordial,Ljava/lang/Object>")	java_type_ref("<Application,Lorg/apache/lucene/index/TermInfo>")
java_type_ref("<Primordial,Ljava/lang/Object>")	java_type_ref("<Application,Lorg/apache/lucene/search/function/DocValues>")
java_type_ref("<Primordial,Ljava/lang/Object>")	java_type_ref("<Application,Lorg/apache/lucene/search/function/CustomScoreQuery$CustomWeight>")
java_type_ref("<Application,Lorg/apache/lucene/index/TermVectorMapper>")	java_type_ref("<Application,Lorg/apache/lucene/index/SortedTermVectorMapper>")
java_type_ref("<Application,Lorg/apache/lucene/document/AbstractField>")	java_type_ref("<Application,Lorg/apache/lucene/index/FieldsReader$LazyField>")
java_type_ref("<Primordial,Ljava/lang/Object>")	java_type_ref("<Application,Lorg/apache/lucene/document/AbstractField>")
java_type_ref("<Application,Lorg/apache/lucene/store/Lock>")	java_type_ref("<Application,Lorg/apache/lucene/store/SingleInstanceLock>")
java_type_ref("<Primordial,Ljava/lang/Object>")	java_type_ref("<Application,Lorg/apache/lucene/search/Similarity>")
java_type_ref("<Application,Lorg/apache/lucene/index/TermEnum>")	java_type_ref("<Application,Lorg/apache/lucene/index/MultiSegmentReader$MultiTermEnum>")
java_type_ref("<Application,Lorg/apache/lucene/analysis/TokenFilter>")	java_type_ref("<Application,Lorg/apache/lucene/analysis/LowerCaseFilter>")
java_type_ref("<Application,Lorg/apache/lucene/analysis/Analyzer>")	java_type_ref("<Application,Lorg/apache/lucene/analysis/KeywordAnalyzer>")
java_type_ref("<Primordial,Ljava/lang/Object>")	java_type_ref("<Application,Lorg/apache/lucene/index/CheckIndex$Status>")
java_type_ref("<Primordial,Ljava/lang/Object>")	java_type_ref("<Application,Lorg/dacapo/harness/ChordHarness>")
java_type_ref("<Application,Lorg/apache/lucene/search/FieldCacheImpl$Cache>")	java_type_ref("<Application,Lorg/apache/lucene/search/FieldCacheImpl$8>")
java_type_ref("<Primordial,Ljava/lang/Object>")	java_type_ref("<Application,Lorg/dacapo/harness/TestHarness>")
java_type_ref("<Primordial,Ljava/lang/Object>")	java_type_ref("<Application,Lorg/apache/lucene/util/BitUtil>")
java_type_ref("<Application,Lorg/apache/lucene/index/MergeScheduler>")	java_type_ref("<Application,Lorg/apache/lucene/index/SerialMergeScheduler>")
java_type_ref("<Application,Lorg/apache/lucene/search/Filter>")	java_type_ref("<Application,Lorg/apache/lucene/search/QueryWrapperFilter>")
java_type_ref("<Application,Lorg/apache/lucene/analysis/Tokenizer>")	java_type_ref("<Application,Lorg/apache/lucene/analysis/CharTokenizer>")
java_type_ref("<Primordial,Ljava/lang/Object>")	java_type_ref("<Application,Lorg/apache/lucene/search/FieldCache$IntParser>")
java_type_ref("<Primordial,Ljava/lang/Object>")	java_type_ref("<Application,Lorg/apache/lucene/demo/html/HTMLParser$JJCalls>")
java_type_ref("<Primordial,Ljava/lang/Object>")	java_type_ref("<Application,Lorg/apache/lucene/analysis/StopAnalyzer$SavedStreams>")
java_type_ref("<Application,Lorg/apache/lucene/index/DirectoryIndexReader>")	java_type_ref("<Application,Lorg/apache/lucene/index/MultiSegmentReader>")
java_type_ref("<Application,Lorg/apache/lucene/index/DocFieldConsumerPerField>")	java_type_ref("<Application,Lorg/apache/lucene/index/DocInverterPerField>")
java_type_ref("<Primordial,Ljava/lang/Object>")	java_type_ref("<Application,Lorg/apache/commons/cli/HelpFormatter>")
java_type_ref("<Primordial,Ljava/lang/Object>")	java_type_ref("<Application,Lorg/apache/lucene/store/IndexInput>")
java_type_ref("<Primordial,Ljava/lang/Object>")	java_type_ref("<Application,Lorg/apache/lucene/index/DocumentsWriter>")
java_type_ref("<Application,Lorg/apache/lucene/index/TermVectorMapper>")	java_type_ref("<Application,Lorg/apache/lucene/index/ParallelArrayTermVectorMapper>")
java_type_ref("<Application,Lorg/apache/lucene/search/HitCollector>")	java_type_ref("<Application,Lorg/apache/lucene/search/BooleanScorer$Collector>")
java_type_ref("<Primordial,Ljava/lang/Object>")	java_type_ref("<Application,Lorg/apache/lucene/search/SpanFilterResult$PositionInfo>")
java_type_ref("<Primordial,Ljava/lang/Object>")	java_type_ref("<Application,Lorg/apache/lucene/search/BooleanScorer$BucketTable>")
java_type_ref("<Application,Lorg/apache/lucene/analysis/TokenFilter>")	java_type_ref("<Application,Lorg/apache/lucene/analysis/TeeTokenFilter>")
java_type_ref("<Application,Lorg/apache/lucene/store/IndexOutput>")	java_type_ref("<Application,Lorg/apache/lucene/store/RAMOutputStream>")
java_type_ref("<Application,Lorg/apache/lucene/util/PriorityQueue>")	java_type_ref("<Application,Lorg/apache/lucene/search/PhraseQueue>")
java_type_ref("<Application,Lorg/apache/lucene/index/DocumentsWriter$DocWriter>")	java_type_ref("<Application,Lorg/apache/lucene/index/DocumentsWriter$SkipDocWriter>")
java_type_ref("<Application,Lorg/apache/lucene/index/MergeScheduler>")	java_type_ref("<Application,Lorg/apache/lucene/index/ConcurrentMergeScheduler>")
java_type_ref("<Primordial,Ljava/lang/Object>")	java_type_ref("<Application,Lorg/apache/lucene/index/FreqProxFieldMergeState>")
java_type_ref("<Primordial,Ljava/lang/Object>")	java_type_ref("<Application,Lorg/apache/lucene/index/FieldInfo>")
java_type_ref("<Primordial,Ljava/lang/Object>")	java_type_ref("<Application,Lorg/apache/lucene/index/Payload>")
java_type_ref("<Primordial,Ljava/lang/Object>")	java_type_ref("<Application,Lorg/dacapo/parser/ConfigFileConstants>")
java_type_ref("<Primordial,Ljava/lang/Object>")	java_type_ref("<Application,Lorg/apache/lucene/util/ToStringUtils>")
java_type_ref("<Primordial,Ljava/lang/Object>")	java_type_ref("<Application,Lorg/dacapo/harness/Slice>")
java_type_ref("<Primordial,Ljava/lang/Object>")	java_type_ref("<Application,Lorg/apache/lucene/search/FilterManager$FilterCleaner>")
java_type_ref("<Application,Lorg/apache/lucene/index/InvertedDocConsumerPerThread>")	java_type_ref("<Application,Lorg/apache/lucene/index/TermsHashPerThread>")
java_type_ref("<Primordial,Ljava/lang/Object>")	java_type_ref("<Application,Lorg/dacapo/harness/LatexDescriptions>")
java_type_ref("<Primordial,Ljava/lang/Object>")	java_type_ref("<Application,Lorg/apache/lucene/index/FieldsWriter>")
java_type_ref("<Primordial,Ljava/lang/Object>")	java_type_ref("<Application,Lorg/apache/lucene/demo/html/HTMLParserTokenManager>")
java_type_ref("<Primordial,Ljava/lang/Object>")	java_type_ref("<Application,Lorg/apache/lucene/document/DateTools$Resolution>")
java_type_ref("<Application,Lorg/apache/lucene/analysis/Analyzer>")	java_type_ref("<Application,Lorg/apache/lucene/analysis/standard/StandardAnalyzer>")
java_type_ref("<Primordial,Ljava/lang/Thread>")	java_type_ref("<Application,Lorg/apache/lucene/index/ConcurrentMergeScheduler$MergeThread>")
java_type_ref("<Primordial,Ljava/lang/Error>")	java_type_ref("<Application,Lorg/apache/lucene/demo/html/HTMLParser$LookaheadSuccess>")
java_type_ref("<Application,Lorg/apache/lucene/search/Query>")	java_type_ref("<Application,Lorg/apache/lucene/search/MultiTermQuery>")
java_type_ref("<Application,Lorg/apache/lucene/search/FieldCacheImpl$Cache>")	java_type_ref("<Application,Lorg/apache/lucene/search/FieldCacheImpl$12>")
java_type_ref("<Primordial,Ljava/lang/Object>")	java_type_ref("<Application,Lorg/apache/lucene/store/LockFactory>")
java_type_ref("<Application,Lorg/dacapo/harness/Callback>")	java_type_ref("<Application,LMMTkCallback>")
java_type_ref("<Application,Lorg/apache/lucene/search/Filter>")	java_type_ref("<Application,Lorg/apache/lucene/search/SpanFilter>")
java_type_ref("<Application,Lorg/dacapo/harness/Benchmark>")	java_type_ref("<Application,Lorg/dacapo/harness/Luindex>")
java_type_ref("<Primordial,Ljava/lang/Object>")	java_type_ref("<Application,Lorg/apache/lucene/demo/html/Token>")
java_type_ref("<Primordial,Ljava/lang/Object>")	java_type_ref("<Application,Lorg/apache/lucene/search/FieldCacheImpl$2>")
java_type_ref("<Primordial,Ljava/lang/Object>")	java_type_ref("<Application,Lorg/dacapo/parser/Config$OutputFile>")
java_type_ref("<Primordial,Ljava/lang/Object>")	java_type_ref("<Application,Lorg/apache/lucene/index/IndexWriter>")
java_type_ref("<Primordial,Ljava/lang/Object>")	java_type_ref("<Application,Lorg/apache/commons/cli/OptionBuilder>")
java_type_ref("<Primordial,Ljava/lang/Object>")	java_type_ref("<Application,Lorg/dacapo/harness/Matcher>")
java_type_ref("<Primordial,Ljava/lang/Object>")	java_type_ref("<Application,Lorg/apache/lucene/index/TermVectorsWriter>")
java_type_ref("<Application,Lorg/apache/lucene/search/Scorer>")	java_type_ref("<Application,Lorg/apache/lucene/search/FilteredQuery$1$1>")
java_type_ref("<Application,Lorg/apache/lucene/index/TermsHashConsumer>")	java_type_ref("<Application,Lorg/apache/lucene/index/TermVectorsTermsWriter>")
java_type_ref("<Primordial,Ljava/lang/Object>")	java_type_ref("<Application,Lorg/apache/lucene/demo/html/HTMLParser>")
java_type_ref("<Application,Lorg/apache/lucene/search/Scorer>")	java_type_ref("<Application,Lorg/apache/lucene/search/DisjunctionSumScorer>")
java_type_ref("<Application,Lorg/apache/lucene/index/DocumentsWriter$DocWriter>")	java_type_ref("<Application,Lorg/apache/lucene/index/DocFieldConsumers$PerDoc>")
java_type_ref("<Application,Lorg/apache/lucene/search/DocIdSet>")	java_type_ref("<Application,Lorg/apache/lucene/util/DocIdBitSet>")
java_type_ref("<Application,Lorg/apache/lucene/store/IndexInput>")	java_type_ref("<Application,Lorg/apache/lucene/store/ChecksumIndexInput>")
java_type_ref("<Primordial,Ljava/lang/Object>")	java_type_ref("<Application,Lorg/apache/lucene/index/SegmentMerger>")
java_type_ref("<Application,Lorg/apache/lucene/index/TermsHashConsumer>")	java_type_ref("<Application,Lorg/apache/lucene/index/FreqProxTermsWriter>")
java_type_ref("<Application,Lorg/apache/lucene/index/InvertedDocEndConsumer>")	java_type_ref("<Application,Lorg/apache/lucene/index/NormsWriter>")
java_type_ref("<Primordial,Ljava/lang/Object>")	java_type_ref("<Application,Lorg/apache/lucene/search/function/ValueSource>")
java_type_ref("<Primordial,Ljava/lang/Object>")	java_type_ref("<Application,Lorg/apache/lucene/index/SnapshotDeletionPolicy>")
java_type_ref("<Primordial,Ljava/lang/Object>")	java_type_ref("<Application,Lorg/apache/lucene/index/DocumentsWriterThreadState>")
java_type_ref("<Primordial,Ljava/util/AbstractSet>")	java_type_ref("<Application,Lorg/apache/lucene/analysis/CharArraySet>")
java_type_ref("<Primordial,Ljava/lang/Object>")	java_type_ref("<Application,Lorg/apache/lucene/index/BufferedDeletes>")
java_type_ref("<Primordial,Ljava/io/FilterOutputStream>")	java_type_ref("<Application,Lorg/dacapo/harness/TeeOutputStream>")
java_type_ref("<Application,Lorg/apache/lucene/analysis/Tokenizer>")	java_type_ref("<Application,Lorg/apache/lucene/analysis/SinkTokenizer>")
java_type_ref("<Primordial,Ljava/lang/Object>")	java_type_ref("<Application,Lorg/apache/lucene/index/SegmentInfo>")
java_type_ref("<Application,Lorg/apache/lucene/search/Query>")	java_type_ref("<Application,Lorg/apache/lucene/search/RangeQuery>")
java_type_ref("<Primordial,Ljava/lang/Object>")	java_type_ref("<Application,Lorg/apache/lucene/search/ExtendedFieldCache>")
java_type_ref("<Primordial,Ljava/lang/RuntimeException>")	java_type_ref("<Application,Lorg/apache/lucene/index/FieldReaderException>")
java_type_ref("<Application,Lorg/apache/lucene/search/Similarity>")	java_type_ref("<Application,Lorg/apache/lucene/search/SimilarityDelegator>")
java_type_ref("<Primordial,Ljava/lang/Object>")	java_type_ref("<Application,Lorg/apache/lucene/util/StringHelper>")
java_type_ref("<Primordial,Ljava/lang/Object>")	java_type_ref("<Application,Lorg/apache/lucene/document/Document>")
java_type_ref("<Application,Lorg/apache/lucene/index/MultiLevelSkipListReader>")	java_type_ref("<Application,Lorg/apache/lucene/index/DefaultSkipListReader>")
java_type_ref("<Application,Lorg/apache/lucene/search/DocIdSetIterator>")	java_type_ref("<Application,Lorg/apache/lucene/search/Scorer>")
java_type_ref("<Primordial,Ljava/lang/Object>")	java_type_ref("<Application,Lorg/apache/lucene/demo/html/SimpleCharStream>")
java_type_ref("<Application,Lorg/apache/lucene/index/TermVectorMapper>")	java_type_ref("<Application,Lorg/apache/lucene/index/FieldSortedTermVectorMapper>")
java_type_ref("<Application,Lorg/apache/lucene/queryParser/QueryParser>")	java_type_ref("<Application,Lorg/apache/lucene/queryParser/MultiFieldQueryParser>")
java_type_ref("<Primordial,Ljava/lang/Object>")	java_type_ref("<Application,Lorg/apache/lucene/search/PhraseQuery$PhraseWeight>")
java_type_ref("<Primordial,Ljava/lang/Object>")	java_type_ref("<Application,Lorg/apache/lucene/store/LockVerifyServer>")
java_type_ref("<Primordial,Ljava/lang/Object>")	java_type_ref("<Application,Lorg/apache/lucene/search/ConstantScoreQuery$ConstantWeight>")
java_type_ref("<Primordial,Ljava/lang/Object>")	java_type_ref("<Application,Lorg/apache/lucene/index/InvertedDocConsumer>")
java_type_ref("<Primordial,Ljava/lang/Object>")	java_type_ref("<Application,Lorg/apache/lucene/index/DocFieldConsumerPerField>")
java_type_ref("<Primordial,Ljava/lang/Object>")	java_type_ref("<Application,Lorg/apache/lucene/index/TermPositionVector>")
java_type_ref("<Application,Lorg/apache/commons/cli/Parser>")	java_type_ref("<Application,Lorg/apache/commons/cli/BasicParser>")
java_type_ref("<Primordial,Ljava/lang/Object>")	java_type_ref("<Application,Lorg/apache/lucene/search/spans/SpanWeight>")
java_type_ref("<Application,Lorg/apache/lucene/search/DocIdSetIterator>")	java_type_ref("<Application,Lorg/apache/lucene/util/SortedVIntList$1>")
java_type_ref("<Primordial,Ljava/lang/Object>")	java_type_ref("<Application,Lorg/apache/lucene/index/MergeScheduler>")
java_type_ref("<Application,Lorg/apache/lucene/analysis/TokenStream>")	java_type_ref("<Application,Lorg/apache/lucene/analysis/TokenFilter>")
java_type_ref("<Primordial,Ljava/lang/Object>")	java_type_ref("<Application,Lorg/apache/lucene/index/TermVectorOffsetInfo>")
java_type_ref("<Primordial,Ljava/lang/Object>")	java_type_ref("<Application,Lorg/apache/commons/cli/Parser>")
java_type_ref("<Application,Lorg/apache/lucene/search/HitCollector>")	java_type_ref("<Application,Lorg/apache/lucene/search/TopDocCollector>")
java_type_ref("<Primordial,Ljava/lang/Object>")	java_type_ref("<Application,Lorg/apache/lucene/demo/html/Tags>")
java_type_ref("<Primordial,Ljava/lang/Object>")	java_type_ref("<Application,Lorg/apache/lucene/util/SortedVIntList$SortedVIntListBuilder>")
java_type_ref("<Application,Lorg/apache/lucene/search/function/DocValues>")	java_type_ref("<Application,Lorg/apache/lucene/search/function/ByteFieldSource$1>")
java_type_ref("<Application,Lorg/apache/lucene/search/function/ValueSource>")	java_type_ref("<Application,Lorg/apache/lucene/search/function/ReverseOrdFieldSource>")
java_type_ref("<Primordial,Ljava/lang/Object>")	java_type_ref("<Application,Lorg/apache/lucene/index/TermInfosReader$1>")
java_type_ref("<Application,Lorg/apache/lucene/index/DocumentsWriter$DocWriter>")	java_type_ref("<Application,Lorg/apache/lucene/index/StoredFieldsWriter$PerDoc>")
java_type_ref("<Primordial,Ljava/lang/Object>")	java_type_ref("<Application,Lorg/apache/lucene/search/BooleanQuery$BooleanWeight>")
java_type_ref("<Primordial,Ljava/lang/Object>")	java_type_ref("<Application,Lorg/apache/lucene/index/KeepOnlyLastCommitDeletionPolicy>")
java_type_ref("<Primordial,Ljava/lang/Object>")	java_type_ref("<Application,Lorg/apache/lucene/index/CheckIndex>")
java_type_ref("<Application,Lorg/apache/lucene/analysis/Analyzer>")	java_type_ref("<Application,Lorg/apache/lucene/analysis/StopAnalyzer>")
java_type_ref("<Application,Lorg/apache/lucene/search/Scorer>")	java_type_ref("<Application,Lorg/apache/lucene/search/TermScorer>")
java_type_ref("<Application,Lorg/apache/lucene/search/Scorer>")	java_type_ref("<Application,Lorg/apache/lucene/search/DisjunctionMaxScorer>")
java_type_ref("<Primordial,Ljava/lang/Object>")	java_type_ref("<Application,Lorg/apache/lucene/document/Document$1>")
java_type_ref("<Primordial,Ljava/lang/Object>")	java_type_ref("<Application,Lorg/apache/lucene/util/Constants>")
java_type_ref("<Application,Lorg/apache/lucene/search/SpanFilter>")	java_type_ref("<Application,Lorg/apache/lucene/search/CachingSpanFilter>")
java_type_ref("<Primordial,Ljava/lang/Object>")	java_type_ref("<Application,Lorg/apache/lucene/queryParser/QueryParserTokenManager>")
java_type_ref("<Primordial,Ljava/lang/Object>")	java_type_ref("<Application,Lorg/apache/lucene/search/SpanFilterResult>")
java_type_ref("<Primordial,Ljava/lang/Object>")	java_type_ref("<Application,Lorg/apache/lucene/index/MergePolicy$OneMerge>")
java_type_ref("<Application,Lorg/apache/lucene/search/function/DocValues>")	java_type_ref("<Application,Lorg/apache/lucene/search/function/IntFieldSource$1>")
java_type_ref("<Primordial,Ljava/lang/Object>")	java_type_ref("<Application,Lorg/apache/lucene/search/FieldSortedHitQueue$7>")
java_type_ref("<Primordial,Ljava/lang/Object>")	java_type_ref("<Application,Lorg/apache/lucene/index/CompoundFileWriter$FileEntry>")
java_type_ref("<Application,Lorg/apache/lucene/search/Scorer>")	java_type_ref("<Application,Lorg/apache/lucene/search/BooleanScorer>")
java_type_ref("<Primordial,Ljava/lang/Object>")	java_type_ref("<Application,Lorg/apache/lucene/index/IndexFileDeleter>")
java_type_ref("<Application,Lorg/apache/lucene/store/LockFactory>")	java_type_ref("<Application,Lorg/apache/lucene/store/SimpleFSLockFactory>")
java_type_ref("<Primordial,Ljava/lang/Object>")	java_type_ref("<Application,Lorg/apache/lucene/demo/DeleteFiles>")
java_type_ref("<Application,Lorg/apache/lucene/search/Query>")	java_type_ref("<Application,Lorg/apache/lucene/search/PrefixQuery>")
java_type_ref("<Application,Lorg/apache/lucene/index/SegmentInfos$FindSegmentsFile>")	java_type_ref("<Application,Lorg/apache/lucene/index/SegmentInfos$2>")
java_type_ref("<Primordial,Ljava/lang/Object>")	java_type_ref("<Application,Lorg/apache/lucene/search/Filter>")
java_type_ref("<Application,Lorg/apache/lucene/store/IndexInput>")	java_type_ref("<Application,Lorg/apache/lucene/store/BufferedIndexInput>")
java_type_ref("<Primordial,Ljava/io/IOException>")	java_type_ref("<Application,Lorg/apache/lucene/store/LockReleaseFailedException>")
java_type_ref("<Primordial,Ljava/lang/Object>")	java_type_ref("<Application,Lorg/apache/lucene/search/Query>")
java_type_ref("<Application,Lorg/apache/lucene/index/FilterIndexReader>")	java_type_ref("<Application,Lorg/apache/lucene/demo/SearchFiles$OneNormsReader>")
java_type_ref("<Application,Lorg/apache/lucene/util/cache/SimpleMapCache>")	java_type_ref("<Application,Lorg/apache/lucene/util/cache/SimpleMapCache$SynchronizedSimpleMapCache>")
java_type_ref("<Primordial,Ljava/lang/Object>")	java_type_ref("<Application,Lorg/apache/lucene/search/Searchable>")
java_type_ref("<Application,Lorg/apache/lucene/search/FieldCacheImpl>")	java_type_ref("<Application,Lorg/apache/lucene/search/ExtendedFieldCacheImpl>")
java_type_ref("<Primordial,Ljava/lang/Object>")	java_type_ref("<Application,Lorg/apache/lucene/search/DocIdSetIterator>")
java_type_ref("<Primordial,Ljava/lang/Object>")	java_type_ref("<Application,Lorg/apache/lucene/search/spans/NearSpansUnordered>")
java_type_ref("<Primordial,Ljava/lang/Object>")	java_type_ref("<Application,Lorg/apache/lucene/index/IndexFileNames>")
java_type_ref("<Application,Lorg/apache/lucene/search/CachingWrapperFilter>")	java_type_ref("<Application,Lorg/apache/lucene/search/QueryFilter>")
java_type_ref("<Primordial,Ljava/lang/Object>")	java_type_ref("<Application,Lorg/apache/lucene/index/InvertedDocEndConsumerPerThread>")
java_type_ref("<Application,Lorg/apache/lucene/index/IndexReader>")	java_type_ref("<Application,Lorg/apache/lucene/index/DirectoryIndexReader>")
java_type_ref("<Primordial,Ljava/io/PipedInputStream>")	java_type_ref("<Application,Lorg/apache/lucene/demo/html/HTMLParser$MyPipedInputStream>")
java_type_ref("<Application,Lorg/apache/lucene/index/MultiLevelSkipListWriter>")	java_type_ref("<Application,Lorg/apache/lucene/index/DefaultSkipListWriter>")
java_type_ref("<Application,Lorg/dacapo/harness/Callback>")	java_type_ref("<Application,LMyCallback>")
java_type_ref("<Primordial,Ljava/lang/Object>")	java_type_ref("<Application,Lorg/apache/lucene/index/TermInfosWriter>")
java_type_ref("<Primordial,Ljava/lang/Object>")	java_type_ref("<Application,Lorg/apache/lucene/search/ScoreDoc>")
java_type_ref("<Application,Lorg/apache/lucene/util/PriorityQueue>")	java_type_ref("<Application,Lorg/apache/lucene/index/SegmentMergeQueue>")
java_type_ref("<Primordial,Ljava/lang/Object>")	java_type_ref("<Application,Lorg/apache/lucene/util/ScorerDocQueue>")
java_type_ref("<Primordial,Ljava/lang/Object>")	java_type_ref("<Application,Lorg/apache/lucene/index/DocConsumer>")
java_type_ref("<Primordial,Ljava/lang/Object>")	java_type_ref("<Application,Lorg/apache/lucene/analysis/standard/StandardAnalyzer$SavedStreams>")
java_type_ref("<Application,Lorg/apache/lucene/search/function/DocValues>")	java_type_ref("<Application,Lorg/apache/lucene/search/function/ShortFieldSource$1>")
java_type_ref("<Application,Lorg/apache/lucene/index/DirectoryIndexReader>")	java_type_ref("<Application,Lorg/apache/lucene/index/SegmentReader>")
java_type_ref("<Application,Lorg/apache/lucene/search/FieldCacheImpl$Cache>")	java_type_ref("<Application,Lorg/apache/lucene/search/FieldCacheImpl$9>")
java_type_ref("<Application,Lorg/apache/lucene/index/FilterIndexReader$FilterTermDocs>")	java_type_ref("<Application,Lorg/apache/lucene/index/FilterIndexReader$FilterTermPositions>")
java_type_ref("<Primordial,Ljava/lang/Object>")	java_type_ref("<Application,Lorg/apache/lucene/search/FieldSortedHitQueue$6>")
java_type_ref("<Primordial,Ljava/lang/Object>")	java_type_ref("<Application,Lorg/apache/lucene/search/spans/SpanOrQuery$1>")
java_type_ref("<Primordial,Ljava/lang/Object>")	java_type_ref("<Application,Lorg/apache/lucene/search/FieldCache$ShortParser>")
java_type_ref("<Primordial,Ljava/lang/Object>")	java_type_ref("<Application,Lorg/apache/lucene/search/spans/NearSpansOrdered$1>")
java_type_ref("<Primordial,Ljava/lang/Object>")	java_type_ref("<Application,Lorg/apache/lucene/store/RAMFile>")
java_type_ref("<Application,Lorg/apache/lucene/index/InvertedDocEndConsumerPerField>")	java_type_ref("<Application,Lorg/apache/lucene/index/NormsWriterPerField>")
java_type_ref("<Application,Lorg/apache/lucene/index/DocFieldConsumer>")	java_type_ref("<Application,Lorg/apache/lucene/index/DocFieldConsumers>")
java_type_ref("<Primordial,Ljava/io/IOException>")	java_type_ref("<Application,Lorg/apache/lucene/index/CorruptIndexException>")
java_type_ref("<Primordial,Ljava/lang/Object>")	java_type_ref("<Application,Lorg/dacapo/harness/CommandLineArgs>")
java_type_ref("<Primordial,Ljava/lang/Object>")	java_type_ref("<Application,Lorg/apache/lucene/document/DateField>")
java_type_ref("<Application,Lorg/apache/lucene/util/cache/Cache>")	java_type_ref("<Application,Lorg/apache/lucene/util/cache/Cache$SynchronizedCache>")
java_type_ref("<Application,Lorg/apache/lucene/search/Scorer>")	java_type_ref("<Application,Lorg/apache/lucene/search/ConjunctionScorer>")
java_type_ref("<Primordial,Ljava/lang/Object>")	java_type_ref("<Application,Lorg/apache/lucene/index/MergeDocIDRemapper>")
java_type_ref("<Primordial,Ljava/lang/Object>")	java_type_ref("<Application,Lorg/apache/lucene/util/ScorerDocQueue$HeapedScorerDoc>")
java_type_ref("<Primordial,Ljava/lang/Object>")	java_type_ref("<Application,Lorg/apache/lucene/index/SegmentTermDocs>")
java_type_ref("<Primordial,Ljava/lang/Object>")	java_type_ref("<Application,Lorg/apache/lucene/search/TimeLimitedCollector$1>")
java_type_ref("<Application,Lorg/apache/lucene/index/DocConsumerPerThread>")	java_type_ref("<Application,Lorg/apache/lucene/index/DocFieldProcessorPerThread>")
java_type_ref("<Application,Lorg/apache/lucene/index/TermsHashConsumerPerThread>")	java_type_ref("<Application,Lorg/apache/lucene/index/TermVectorsTermsWriterPerThread>")
java_type_ref("<Application,Lorg/apache/lucene/index/LogMergePolicy>")	java_type_ref("<Application,Lorg/apache/lucene/index/LogDocMergePolicy>")
java_type_ref("<Primordial,Ljava/lang/Object>")	java_type_ref("<Application,Lorg/apache/lucene/index/TermEnum>")
java_type_ref("<Primordial,Ljava/lang/Object>")	java_type_ref("<Application,Lorg/apache/lucene/search/MatchAllDocsQuery$MatchAllDocsWeight>")
java_type_ref("<Primordial,Ljava/lang/Object>")	java_type_ref("<Application,Lorg/apache/lucene/index/IndexCommitPoint>")
java_type_ref("<Primordial,Ljava/lang/Object>")	java_type_ref("<Application,Lorg/dacapo/harness/Benchmark$1>")
java_type_ref("<Primordial,Ljava/lang/Object>")	java_type_ref("<Application,Lorg/apache/lucene/store/Lock$With>")
java_type_ref("<Primordial,Ljava/lang/Object>")	java_type_ref("<Application,Lorg/apache/lucene/search/spans/TermSpans>")
java_type_ref("<Application,Lorg/apache/lucene/index/DocFieldConsumer>")	java_type_ref("<Application,Lorg/apache/lucene/index/StoredFieldsWriter>")
java_type_ref("<Application,Lorg/apache/lucene/store/Lock>")	java_type_ref("<Application,Lorg/apache/lucene/store/NativeFSLock>")
java_type_ref("<Application,Lorg/apache/lucene/analysis/Tokenizer>")	java_type_ref("<Application,Lorg/apache/lucene/analysis/standard/StandardTokenizer>")
java_type_ref("<Application,Lorg/apache/lucene/search/Filter>")	java_type_ref("<Application,Lorg/apache/lucene/search/RemoteCachingWrapperFilter>")
java_type_ref("<Primordial,Ljava/lang/Object>")	java_type_ref("<Application,Lorg/apache/lucene/document/FieldSelector>")
java_type_ref("<Application,Lorg/apache/commons/cli/Parser>")	java_type_ref("<Application,Lorg/apache/commons/cli/PosixParser>")
java_type_ref("<Primordial,Ljava/lang/Object>")	java_type_ref("<Application,Lorg/apache/lucene/search/ExtendedFieldCacheImpl$1>")
java_type_ref("<Application,Lorg/apache/lucene/document/AbstractField>")	java_type_ref("<Application,Lorg/apache/lucene/index/FieldsReader$FieldForMerge>")
java_type_ref("<Primordial,Ljava/lang/Object>")	java_type_ref("<Application,Lorg/apache/commons/cli/CommandLineParser>")
java_type_ref("<Primordial,Ljava/lang/Object>")	java_type_ref("<Application,Lorg/apache/lucene/search/Searcher>")
java_type_ref("<Application,Lorg/apache/commons/cli/ParseException>")	java_type_ref("<Application,Lorg/apache/commons/cli/UnrecognizedOptionException>")
java_type_ref("<Primordial,Ljava/lang/Object>")	java_type_ref("<Application,Lorg/apache/lucene/search/FieldSortedHitQueue$2>")
java_type_ref("<Application,Lorg/apache/lucene/util/Parameter>")	java_type_ref("<Application,Lorg/apache/lucene/document/Field$Store>")
java_type_ref("<Primordial,Ljava/lang/Object>")	java_type_ref("<Application,Lorg/apache/lucene/store/Lock>")
java_type_ref("<Application,Lorg/apache/lucene/search/DocIdSet>")	java_type_ref("<Application,Lorg/apache/lucene/util/SortedVIntList>")
java_type_ref("<Application,Lorg/apache/lucene/analysis/TokenFilter>")	java_type_ref("<Application,Lorg/apache/lucene/analysis/PorterStemFilter>")
java_type_ref("<Application,Lorg/apache/lucene/analysis/TokenFilter>")	java_type_ref("<Application,Lorg/apache/lucene/analysis/standard/StandardFilter>")
java_type_ref("<Application,Lorg/apache/lucene/index/ParallelReader$ParallelTermDocs>")	java_type_ref("<Application,Lorg/apache/lucene/index/ParallelReader$ParallelTermPositions>")
java_type_ref("<Primordial,Ljava/lang/Object>")	java_type_ref("<Application,Lorg/apache/lucene/search/FieldCache$StringIndex>")
java_type_ref("<Application,Lorg/apache/lucene/search/Query>")	java_type_ref("<Application,Lorg/apache/lucene/search/DisjunctionMaxQuery>")
java_type_ref("<Application,Lorg/apache/lucene/index/InvertedDocEndConsumerPerThread>")	java_type_ref("<Application,Lorg/apache/lucene/index/NormsWriterPerThread>")
java_type_ref("<Primordial,Ljava/lang/Object>")	java_type_ref("<Application,Lorg/apache/lucene/index/IndexFileNameFilter>")
java_type_ref("<Primordial,Ljava/lang/Object>")	java_type_ref("<Application,Lorg/apache/lucene/analysis/StopAnalyzer$1>")
java_type_ref("<Application,Lorg/apache/lucene/search/TopDocs>")	java_type_ref("<Application,Lorg/apache/lucene/search/TopFieldDocs>")
java_type_ref("<Application,Lorg/apache/lucene/index/TermsHashConsumerPerThread>")	java_type_ref("<Application,Lorg/apache/lucene/index/FreqProxTermsWriterPerThread>")
java_type_ref("<Primordial,Ljava/lang/Object>")	java_type_ref("<Application,Lorg/apache/lucene/search/FieldSortedHitQueue$3>")
java_type_ref("<Primordial,Ljava/lang/Object>")	java_type_ref("<Application,Lorg/apache/lucene/index/InvertedDocConsumerPerThread>")
java_type_ref("<Primordial,Ljava/lang/Object>")	java_type_ref("<Application,Lorg/apache/lucene/search/FilterManager>")
java_type_ref("<Primordial,Ljava/lang/Object>")	java_type_ref("<Application,Lorg/dacapo/harness/Callback>")
java_type_ref("<Primordial,Ljava/lang/Object>")	java_type_ref("<Application,Lorg/apache/lucene/index/BufferedDeletes$Num>")
java_type_ref("<Primordial,Ljava/lang/Object>")	java_type_ref("<Application,Lorg/apache/lucene/index/IndexReader$FieldOption>")
java_type_ref("<Primordial,Ljava/lang/Object>")	java_type_ref("<Application,Lorg/apache/lucene/search/MultiPhraseQuery$MultiPhraseWeight>")
java_type_ref("<Primordial,Ljava/lang/Object>")	java_type_ref("<Application,Lorg/dacapo/luindex/Index>")
java_type_ref("<Primordial,Ljava/lang/Object>")	java_type_ref("<Application,Lorg/apache/lucene/index/InvertedDocEndConsumer>")
java_type_ref("<Primordial,Ljava/lang/Object>")	java_type_ref("<Application,Lorg/apache/lucene/index/InvertedDocEndConsumerPerField>")
java_type_ref("<Application,Lorg/apache/lucene/document/AbstractField>")	java_type_ref("<Application,Lorg/apache/lucene/document/Field>")
java_type_ref("<Primordial,Ljava/lang/Object>")	java_type_ref("<Application,Lorg/apache/lucene/search/FieldCache$ByteParser>")
java_type_ref("<Primordial,Ljava/lang/Object>")	java_type_ref("<Application,Lorg/apache/lucene/queryParser/QueryParser>")
java_type_ref("<Primordial,Ljava/lang/Object>")	java_type_ref("<Application,Lorg/apache/commons/cli/HelpFormatter$OptionComparator>")
java_type_ref("<Primordial,Ljava/lang/RuntimeException>")	java_type_ref("<Application,Lorg/apache/lucene/search/TimeLimitedCollector$TimeExceededException>")
java_type_ref("<Primordial,Ljava/lang/Object>")	java_type_ref("<Application,Lorg/apache/lucene/queryParser/Token>")
java_type_ref("<Primordial,Ljava/lang/Object>")	java_type_ref("<Application,LMMTkHarness>")
java_type_ref("<Primordial,Ljava/lang/Object>")	java_type_ref("<Application,Lorg/apache/lucene/index/ByteBlockPool>")
java_type_ref("<Primordial,Ljava/lang/Object>")	java_type_ref("<Application,Lorg/dacapo/parser/Token>")
java_type_ref("<Application,Lorg/apache/lucene/index/IndexReader>")	java_type_ref("<Application,Lorg/apache/lucene/index/FilterIndexReader>")
java_type_ref("<Primordial,Ljava/lang/Object>")	java_type_ref("<Application,Lorg/apache/lucene/index/IndexWriter$MaxFieldLength>")
java_type_ref("<Primordial,Ljava/lang/Object>")	java_type_ref("<Application,Lorg/apache/lucene/search/ScoreDocComparator$2>")
java_type_ref("<Application,Lorg/apache/lucene/search/HitCollector>")	java_type_ref("<Application,Lorg/apache/lucene/search/MultiSearcher$1>")
java_type_ref("<Application,Lorg/apache/lucene/index/TermsHashConsumerPerField>")	java_type_ref("<Application,Lorg/apache/lucene/index/FreqProxTermsWriterPerField>")
java_type_ref("<Application,Lorg/apache/lucene/search/Explanation>")	java_type_ref("<Application,Lorg/apache/lucene/search/ComplexExplanation>")
java_type_ref("<Primordial,Ljava/lang/Object>")	java_type_ref("<Application,Lorg/apache/commons/cli/OptionValidator>")
java_type_ref("<Application,Lorg/apache/lucene/search/Filter>")	java_type_ref("<Application,Lorg/apache/lucene/search/PrefixFilter>")
java_type_ref("<Primordial,Ljava/lang/Object>")	java_type_ref("<Application,Lorg/apache/lucene/index/TermFreqVector>")
java_type_ref("<Primordial,Ljava/lang/Object>")	java_type_ref("<Application,Lorg/apache/lucene/index/MultiLevelSkipListWriter>")
java_type_ref("<Primordial,Ljava/lang/Enum>")	java_type_ref("<Application,Lorg/dacapo/harness/CommandLineArgs$Methodology>")
java_type_ref("<Primordial,Ljava/lang/Object>")	java_type_ref("<Application,Lorg/apache/lucene/index/ByteSliceWriter>")
java_type_ref("<Application,Lorg/apache/lucene/store/Lock>")	java_type_ref("<Application,Lorg/apache/lucene/store/SimpleFSLock>")
java_type_ref("<Primordial,Ljava/lang/Object>")	java_type_ref("<Application,Lorg/apache/lucene/search/FieldCache$FloatParser>")
java_type_ref("<Application,Lorg/apache/lucene/search/function/FieldCacheSource>")	java_type_ref("<Application,Lorg/apache/lucene/search/function/ByteFieldSource>")
java_type_ref("<Application,Lorg/apache/lucene/search/DisjunctionSumScorer>")	java_type_ref("<Application,Lorg/apache/lucene/search/BooleanScorer2$1>")
java_type_ref("<Primordial,Ljava/lang/Object>")	java_type_ref("<Application,Lorg/apache/lucene/document/LoadFirstFieldSelector>")
java_type_ref("<Application,Lorg/apache/lucene/search/Searcher>")	java_type_ref("<Application,Lorg/apache/lucene/search/MultiSearcher$CachedDfSource>")
java_type_ref("<Application,Lorg/apache/lucene/search/Query>")	java_type_ref("<Application,Lorg/apache/lucene/search/TermQuery>")
java_type_ref("<Application,Lorg/apache/lucene/index/SegmentInfos$FindSegmentsFile>")	java_type_ref("<Application,Lorg/apache/lucene/index/DirectoryIndexReader$1>")
java_type_ref("<Primordial,Ljava/lang/Object>")	java_type_ref("<Application,Lorg/apache/lucene/analysis/PorterStemmer>")
java_type_ref("<Primordial,Ljava/lang/Error>")	java_type_ref("<Application,Lorg/apache/lucene/demo/html/TokenMgrError>")
java_type_ref("<Primordial,Ljava/lang/Object>")	java_type_ref("<Application,Lorg/apache/lucene/index/PositionBasedTermVectorMapper$TVPositionInfo>")
java_type_ref("<Application,Lorg/apache/lucene/search/Query>")	java_type_ref("<Application,Lorg/apache/lucene/search/MatchAllDocsQuery>")
java_type_ref("<Primordial,Ljava/lang/Object>")	java_type_ref("<Application,Lorg/dacapo/harness/FileDigest>")
java_type_ref("<Application,Lorg/apache/lucene/search/function/FieldCacheSource>")	java_type_ref("<Application,Lorg/apache/lucene/search/function/IntFieldSource>")
java_type_ref("<Primordial,Ljava/lang/Object>")	java_type_ref("<Application,Lorg/apache/lucene/demo/html/Entities>")
java_type_ref("<Primordial,Ljava/lang/Object>")	java_type_ref("<Application,Lorg/apache/lucene/document/NumberTools>")
java_type_ref("<Primordial,Ljava/lang/Object>")	java_type_ref("<Application,Lorg/apache/lucene/search/ExtendedFieldCache$LongParser>")
java_type_ref("<Application,Lorg/apache/lucene/search/Scorer>")	java_type_ref("<Application,Lorg/apache/lucene/search/BooleanScorer2$SingleMatchScorer>")
java_type_ref("<Application,Lorg/apache/commons/cli/ParseException>")	java_type_ref("<Application,Lorg/apache/commons/cli/AlreadySelectedException>")
java_type_ref("<Primordial,Ljava/lang/Object>")	java_type_ref("<Application,Lorg/apache/lucene/demo/HTMLDocument>")
java_type_ref("<Application,Lorg/apache/lucene/index/DocFieldConsumerPerField>")	java_type_ref("<Application,Lorg/apache/lucene/index/StoredFieldsWriterPerField>")
java_type_ref("<Application,Lorg/apache/lucene/search/Scorer>")	java_type_ref("<Application,Lorg/apache/lucene/search/BooleanScorer2>")
java_type_ref("<Application,Lorg/apache/lucene/index/TermEnum>")	java_type_ref("<Application,Lorg/apache/lucene/index/SegmentTermEnum>")
java_type_ref("<Primordial,Ljava/lang/Object>")	java_type_ref("<Application,Lorg/apache/commons/cli/Option>")
java_type_ref("<Primordial,Ljava/lang/Object>")	java_type_ref("<Application,Lorg/apache/lucene/index/DocumentsWriter$1>")
java_type_ref("<Primordial,Ljava/lang/Object>")	java_type_ref("<Application,Lorg/apache/lucene/analysis/TokenStream>")
java_type_ref("<Application,Lorg/apache/lucene/store/LockFactory>")	java_type_ref("<Application,Lorg/apache/lucene/store/NoLockFactory>")
java_type_ref("<Application,Lorg/apache/lucene/index/RawPostingList>")	java_type_ref("<Application,Lorg/apache/lucene/index/TermVectorsTermsWriter$PostingList>")
java_type_ref("<Application,Lorg/apache/lucene/search/spans/SpanScorer>")	java_type_ref("<Application,Lorg/apache/lucene/search/payloads/BoostingTermQuery$BoostingTermWeight$BoostingSpanScorer>")
java_type_ref("<Application,Lorg/apache/lucene/index/MultiSegmentReader$MultiTermDocs>")	java_type_ref("<Application,Lorg/apache/lucene/index/MultiSegmentReader$MultiTermPositions>")
java_type_ref("<Application,Lorg/apache/lucene/analysis/Analyzer>")	java_type_ref("<Application,Lorg/apache/lucene/analysis/SimpleAnalyzer>")
java_type_ref("<Application,Lorg/apache/lucene/index/DocConsumer>")	java_type_ref("<Application,Lorg/apache/lucene/index/DocFieldProcessor>")
java_type_ref("<Primordial,Ljava/lang/Object>")	java_type_ref("<Application,Lorg/apache/lucene/search/BooleanScorer2$Coordinator>")
java_type_ref("<Primordial,Ljava/lang/Object>")	java_type_ref("<Application,Lorg/apache/lucene/index/TermDocs>")
java_type_ref("<Application,Lorg/apache/lucene/store/FSDirectory>")	java_type_ref("<Application,Lorg/apache/lucene/store/MMapDirectory>")
java_type_ref("<Application,Lorg/apache/lucene/search/Searcher>")	java_type_ref("<Application,Lorg/apache/lucene/search/MultiSearcher>")
java_type_ref("<Primordial,Ljava/lang/Object>")	java_type_ref("<Application,Lorg/apache/lucene/index/DocConsumerPerThread>")
java_type_ref("<Application,Lorg/apache/lucene/index/DocFieldConsumerPerThread>")	java_type_ref("<Application,Lorg/apache/lucene/index/DocInverterPerThread>")
java_type_ref("<Primordial,Ljava/lang/IllegalStateException>")	java_type_ref("<Application,Lorg/apache/lucene/store/AlreadyClosedException>")
java_type_ref("<Primordial,Ljava/lang/Object>")	java_type_ref("<Application,Lorg/apache/lucene/search/BooleanScorer$Bucket>")
java_type_ref("<Primordial,Ljava/lang/Object>")	java_type_ref("<Application,Lorg/apache/lucene/demo/html/Test>")
java_type_ref("<Application,Lorg/apache/lucene/search/Query>")	java_type_ref("<Application,Lorg/apache/lucene/search/function/ValueSourceQuery>")
java_type_ref("<Application,Lorg/apache/lucene/search/FieldCacheImpl$Cache>")	java_type_ref("<Application,Lorg/apache/lucene/search/ExtendedFieldCacheImpl$4>")
java_type_ref("<Primordial,Ljava/lang/Object>")	java_type_ref("<Application,Lorg/apache/lucene/search/FieldCacheImpl>")
java_type_ref("<Application,Lorg/apache/lucene/analysis/CharTokenizer>")	java_type_ref("<Application,Lorg/apache/lucene/analysis/LetterTokenizer>")
java_type_ref("<Application,Lorg/apache/lucene/index/SegmentTermVector>")	java_type_ref("<Application,Lorg/apache/lucene/index/SegmentTermPositionVector>")
java_type_ref("<Primordial,Ljava/lang/Object>")	java_type_ref("<Application,Lorg/apache/lucene/index/CompoundFileReader$1>")
java_type_ref("<Application,Lorg/apache/lucene/search/Query>")	java_type_ref("<Application,Lorg/apache/lucene/search/spans/SpanQuery>")
java_type_ref("<Application,Lorg/apache/lucene/search/function/DocValues>")	java_type_ref("<Application,Lorg/apache/lucene/search/function/FloatFieldSource$1>")
java_type_ref("<Primordial,Ljava/lang/Object>")	java_type_ref("<Application,Lorg/apache/lucene/index/DocFieldConsumer>")
java_type_ref("<Application,Lorg/apache/lucene/search/Scorer>")	java_type_ref("<Application,Lorg/apache/lucene/search/spans/SpanScorer>")
java_type_ref("<Application,Lorg/apache/commons/cli/ParseException>")	java_type_ref("<Application,Lorg/apache/commons/cli/MissingArgumentException>")
java_type_ref("<Primordial,Ljava/lang/Exception>")	java_type_ref("<Application,Lorg/apache/commons/cli/ParseException>")
java_type_ref("<Primordial,Ljava/lang/Object>")	java_type_ref("<Application,Lorg/apache/lucene/search/SpanFilterResult$StartEnd>")
java_type_ref("<Application,Lorg/apache/lucene/store/IndexInput>")	java_type_ref("<Application,Lorg/apache/lucene/index/ByteSliceReader>")
java_type_ref("<Application,Lorg/apache/lucene/util/cache/Cache>")	java_type_ref("<Application,Lorg/apache/lucene/util/cache/SimpleMapCache>")
java_type_ref("<Application,Lorg/apache/lucene/util/Parameter>")	java_type_ref("<Application,Lorg/apache/lucene/queryParser/QueryParser$Operator>")
java_type_ref("<Primordial,Ljava/lang/Object>")	java_type_ref("<Application,Lorg/apache/lucene/search/function/CustomScoreQuery$1>")
java_type_ref("<Application,Lorg/apache/lucene/search/ScoreDoc>")	java_type_ref("<Application,Lorg/apache/lucene/search/FieldDoc>")
java_type_ref("<Primordial,Ljava/lang/Object>")	java_type_ref("<Application,Lorg/apache/lucene/search/spans/SpanFirstQuery$1>")
java_type_ref("<Primordial,Ljava/lang/Object>")	java_type_ref("<Application,Lorg/apache/lucene/document/MapFieldSelector>")
java_type_ref("<Primordial,Ljava/lang/Object>")	java_type_ref("<Application,Lorg/apache/lucene/index/IndexModifier>")
java_type_ref("<Application,Lorg/apache/lucene/index/TermEnum>")	java_type_ref("<Application,Lorg/apache/lucene/search/FilteredTermEnum>")
java_type_ref("<Primordial,Ljava/lang/Object>")	java_type_ref("<Application,Lorg/apache/lucene/document/Fieldable>")
java_type_ref("<Primordial,Ljava/lang/Object>")	java_type_ref("<Application,Lorg/apache/lucene/search/TermQuery$TermWeight>")
java_type_ref("<Application,Lorg/apache/lucene/index/SegmentInfos$FindSegmentsFile>")	java_type_ref("<Application,Lorg/apache/lucene/index/IndexReader$1>")
java_type_ref("<Primordial,Ljava/lang/Object>")	java_type_ref("<Application,Lorg/apache/lucene/index/CheckIndex$Status$SegmentInfoStatus>")
java_type_ref("<Primordial,Ljava/lang/Object>")	java_type_ref("<Application,Lorg/apache/lucene/analysis/Analyzer>")
java_type_ref("<Application,Lorg/apache/lucene/search/ConjunctionScorer>")	java_type_ref("<Application,Lorg/apache/lucene/search/BooleanScorer2$2>")
java_type_ref("<Primordial,Ljava/rmi/server/RemoteStub>")	java_type_ref("<Application,Lorg/apache/lucene/search/RemoteSearchable_Stub>")
java_type_ref("<Primordial,Ljava/lang/Object>")	java_type_ref("<Application,Lorg/apache/lucene/search/DisjunctionMaxQuery$DisjunctionMaxWeight>")
java_type_ref("<Application,Lorg/apache/lucene/search/Scorer>")	java_type_ref("<Application,Lorg/apache/lucene/search/function/ValueSourceQuery$ValueSourceScorer>")
java_type_ref("<Application,Lorg/apache/lucene/search/Query>")	java_type_ref("<Application,Lorg/apache/lucene/search/ConstantScoreQuery>")
java_type_ref("<Application,Lorg/apache/lucene/index/SegmentReader>")	java_type_ref("<Application,Lorg/apache/lucene/index/ReadOnlySegmentReader>")
java_type_ref("<Primordial,Ljava/lang/Object>")	java_type_ref("<Application,Lorg/apache/lucene/index/DocumentsWriter$DocState>")
java_type_ref("<Primordial,Ljava/lang/Exception>")	java_type_ref("<Application,Lorg/apache/lucene/queryParser/ParseException>")
java_type_ref("<Primordial,Ljava/lang/RuntimeException>")	java_type_ref("<Application,Lorg/apache/lucene/search/BooleanQuery$TooManyClauses>")
java_type_ref("<Primordial,Ljava/lang/Object>")	java_type_ref("<Application,Lorg/apache/lucene/search/PhrasePositions>")
java_type_ref("<Application,Lorg/apache/lucene/search/Scorer>")	java_type_ref("<Application,Lorg/apache/lucene/search/PhraseScorer>")
java_type_ref("<Application,Lorg/apache/lucene/store/Lock>")	java_type_ref("<Application,Lorg/apache/lucene/store/NoLock>")
java_type_ref("<Application,Lorg/apache/lucene/search/Scorer>")	java_type_ref("<Application,Lorg/apache/lucene/search/MatchAllDocsQuery$MatchAllScorer>")
java_type_ref("<Primordial,Ljava/lang/Object>")	java_type_ref("<Application,Lorg/apache/lucene/search/FieldCacheImpl$1>")
java_type_ref("<Application,Lorg/apache/lucene/store/Directory>")	java_type_ref("<Application,Lorg/apache/lucene/store/RAMDirectory>")
java_type_ref("<Application,Lorg/apache/lucene/index/DocFieldConsumerPerField>")	java_type_ref("<Application,Lorg/apache/lucene/index/DocFieldConsumersPerField>")
java_type_ref("<Application,Lorg/apache/lucene/util/Parameter>")	java_type_ref("<Application,Lorg/apache/lucene/document/Field$TermVector>")
java_type_ref("<Primordial,Ljava/lang/Exception>")	java_type_ref("<Application,Lorg/apache/lucene/demo/html/ParseException>")
java_type_ref("<Primordial,Ljava/io/RandomAccessFile>")	java_type_ref("<Application,Lorg/apache/lucene/store/FSDirectory$FSIndexInput$Descriptor>")
java_type_ref("<Primordial,Ljava/lang/Object>")	java_type_ref("<Application,Lorg/apache/lucene/document/FieldSelectorResult>")
java_type_ref("<Primordial,Ljava/lang/Object>")	java_type_ref("<Application,Lorg/apache/lucene/search/ExtendedFieldCache$DoubleParser>")
java_type_ref("<Primordial,Ljava/lang/Object>")	java_type_ref("<Application,Lorg/dacapo/parser/Config$1>")
java_type_ref("<Primordial,Ljava/lang/Object>")	java_type_ref("<Application,Lorg/apache/lucene/search/spans/NearSpansUnordered$SpansCell>")
java_type_ref("<Primordial,Ljava/lang/Object>")	java_type_ref("<Application,Lorg/apache/lucene/index/InvertedDocConsumerPerField>")
java_type_ref("<Primordial,Ljava/lang/Object>")	java_type_ref("<Application,Lorg/apache/lucene/search/IdGenerator>")
java_type_ref("<Application,Lorg/apache/lucene/store/IndexInput>")	java_type_ref("<Application,Lorg/apache/lucene/index/MultiLevelSkipListReader$SkipBuffer>")
java_type_ref("<Application,Lorg/apache/lucene/search/Similarity>")	java_type_ref("<Application,Lorg/apache/lucene/search/DefaultSimilarity>")
java_type_ref("<Application,Lorg/apache/lucene/analysis/CharTokenizer>")	java_type_ref("<Application,Lorg/apache/lucene/analysis/WhitespaceTokenizer>")
java_type_ref("<Primordial,Ljava/lang/Object>")	java_type_ref("<Application,Lorg/apache/lucene/search/TopDocs>")
java_type_ref("<Application,Lorg/apache/lucene/store/Directory>")	java_type_ref("<Application,Lorg/apache/lucene/store/FSDirectory>")
java_type_ref("<Primordial,Ljava/io/PrintStream>")	java_type_ref("<Application,Lorg/dacapo/harness/TeePrintStream>")
java_type_ref("<Primordial,Ljava/lang/Object>")	java_type_ref("<Application,Lorg/apache/lucene/search/FieldSortedHitQueue$4>")
java_type_ref("<Application,Lorg/apache/lucene/analysis/TokenFilter>")	java_type_ref("<Application,Lorg/apache/lucene/analysis/StopFilter>")
java_type_ref("<Primordial,Ljava/lang/Object>")	java_type_ref("<Application,Lorg/apache/lucene/LucenePackage>")
java_type_ref("<Primordial,Ljava/lang/Thread>")	java_type_ref("<Application,Lorg/apache/lucene/demo/html/ParserThread>")
java_type_ref("<Primordial,Ljava/lang/Object>")	java_type_ref("<Application,Lorg/apache/lucene/index/MultipleTermPositions$1>")
java_type_ref("<Primordial,Ljava/lang/Object>")	java_type_ref("<Application,Lorg/apache/lucene/search/SortComparator$1>")
java_type_ref("<Primordial,Ljava/lang/Object>")	java_type_ref("<Application,Lorg/apache/lucene/search/BooleanClause>")
java_type_ref("<Application,Lorg/apache/lucene/index/SegmentTermDocs>")	java_type_ref("<Application,Lorg/apache/lucene/index/SegmentTermPositions>")
java_type_ref("<Primordial,Ljava/lang/Object>")	java_type_ref("<Application,Lorg/dacapo/parser/SimpleCharStream>")
java_type_ref("<Application,Lorg/dacapo/harness/Benchmark>")	java_type_ref("<Application,Lorg/dacapo/harness/LuindexHarness>")
java_type_ref("<Primordial,Ljava/lang/Exception>")	java_type_ref("<Application,Lorg/dacapo/harness/DacapoException>")
java_type_ref("<Application,Lorg/apache/lucene/index/IndexCommit>")	java_type_ref("<Application,Lorg/apache/lucene/index/IndexFileDeleter$CommitPoint>")
java_type_ref("<Primordial,Ljava/lang/Object>")	java_type_ref("<Application,Lorg/apache/lucene/search/FieldCacheImpl$Cache>")
java_type_ref("<Primordial,Ljava/lang/Object>")	java_type_ref("<Application,Lorg/apache/lucene/demo/html/HTMLParserConstants>")
java_type_ref("<Primordial,Ljava/lang/Object>")	java_type_ref("<Application,Lorg/apache/lucene/index/IndexFileDeleter$RefCount>")
java_type_ref("<Application,Lorg/apache/lucene/index/LogMergePolicy>")	java_type_ref("<Application,Lorg/apache/lucene/index/LogByteSizeMergePolicy>")
java_type_ref("<Primordial,Ljava/lang/Object>")	java_type_ref("<Application,Lorg/apache/lucene/index/FieldsReader>")
java_type_ref("<Primordial,Ljava/lang/Object>")	java_type_ref("<Application,Lorg/dacapo/parser/Config>")
java_type_ref("<Application,Lorg/apache/lucene/search/Filter>")	java_type_ref("<Application,Lorg/apache/lucene/search/RangeFilter>")
java_type_ref("<Application,Lorg/apache/lucene/search/DocIdSetIterator>")	java_type_ref("<Application,Lorg/apache/lucene/util/OpenBitSetIterator>")
java_type_ref("<Primordial,Ljava/lang/Object>")	java_type_ref("<Application,Lorg/apache/lucene/index/DocFieldConsumerPerThread>")
java_type_ref("<Primordial,Ljava/lang/Object>")	java_type_ref("<Application,Lorg/apache/lucene/search/HitCollector>")
java_type_ref("<Primordial,Ljava/lang/Object>")	java_type_ref("<Application,Lorg/apache/lucene/index/TermVectorsReader>")
java_type_ref("<Application,Lorg/apache/lucene/util/PriorityQueue>")	java_type_ref("<Application,Lorg/apache/lucene/search/HitQueue>")
java_type_ref("<Application,Lorg/apache/lucene/index/DocumentsWriter$DocWriter>")	java_type_ref("<Application,Lorg/apache/lucene/index/TermVectorsTermsWriter$PerDoc>")
java_type_ref("<Application,Lorg/apache/lucene/search/FieldCacheImpl$Cache>")	java_type_ref("<Application,Lorg/apache/lucene/search/ExtendedFieldCacheImpl$5>")
java_type_ref("<Application,Lorg/apache/lucene/store/FSDirectory$FSIndexInput>")	java_type_ref("<Application,Lorg/apache/lucene/store/NIOFSDirectory$NIOFSIndexInput>")
java_type_ref("<Application,Lorg/apache/lucene/search/PhraseScorer>")	java_type_ref("<Application,Lorg/apache/lucene/search/ExactPhraseScorer>")
java_type_ref("<Primordial,Ljava/lang/Object>")	java_type_ref("<Application,Lorg/apache/lucene/index/MultipleTermPositions$IntQueue>")
java_type_ref("<Application,Lorg/apache/lucene/search/MultiTermQuery>")	java_type_ref("<Application,Lorg/apache/lucene/search/WildcardQuery>")
java_type_ref("<Application,Lorg/apache/lucene/search/SimilarityDelegator>")	java_type_ref("<Application,Lorg/apache/lucene/search/BooleanQuery$1>")
java_type_ref("<Primordial,Ljava/lang/Object>")	java_type_ref("<Application,Lorg/apache/lucene/search/PrefixGenerator>")
java_type_ref("<Primordial,Ljava/lang/Object>")	java_type_ref("<Application,Lorg/apache/lucene/demo/FileDocument>")
java_type_ref("<Primordial,Ljava/lang/Object>")	java_type_ref("<Application,Lorg/apache/lucene/store/Directory>")
java_type_ref("<Primordial,Ljava/lang/Object>")	java_type_ref("<Application,Lorg/apache/lucene/index/IndexDeletionPolicy>")
java_type_ref("<Application,Lorg/apache/lucene/store/BufferedIndexInput>")	java_type_ref("<Application,Lorg/apache/lucene/index/CompoundFileReader$CSIndexInput>")
java_type_ref("<Primordial,Ljava/lang/Object>")	java_type_ref("<Application,Lorg/apache/lucene/index/TermVectorMapper>")
java_type_ref("<Primordial,Ljava/lang/Object>")	java_type_ref("<Application,Lorg/apache/lucene/index/TermsHashConsumer>")
java_type_ref("<Primordial,Ljava/lang/Exception>")	java_type_ref("<Application,Lorg/dacapo/parser/ParseException>")
java_type_ref("<Primordial,Ljava/lang/Object>")	java_type_ref("<Application,Lorg/apache/lucene/index/TermBuffer>")
java_type_ref("<Application,Lorg/apache/lucene/analysis/TokenFilter>")	java_type_ref("<Application,Lorg/apache/lucene/analysis/CachingTokenFilter>")
java_type_ref("<Primordial,Ljava/lang/Object>")	java_type_ref("<Application,Lorg/apache/lucene/index/TermsHashConsumerPerField>")
java_type_ref("<Primordial,Ljava/lang/Object>")	java_type_ref("<Application,Lorg/apache/commons/cli/CommandLine>")
java_type_ref("<Application,Lorg/apache/lucene/search/SpanFilter>")	java_type_ref("<Application,Lorg/apache/lucene/search/SpanQueryFilter>")
java_type_ref("<Application,Lorg/apache/lucene/search/Scorer>")	java_type_ref("<Application,Lorg/apache/lucene/search/ReqOptSumScorer>")
java_type_ref("<Primordial,Ljava/lang/RuntimeException>")	java_type_ref("<Application,Lorg/apache/lucene/index/MergePolicy$MergeException>")
java_type_ref("<Primordial,Ljava/lang/Object>")	java_type_ref("<Application,Lorg/apache/lucene/index/MergePolicy>")
java_type_ref("<Application,Lorg/apache/lucene/search/TopDocCollector>")	java_type_ref("<Application,Lorg/apache/lucene/search/TopFieldDocCollector>")
java_type_ref("<Application,Lorg/apache/lucene/search/FilteredTermEnum>")	java_type_ref("<Application,Lorg/apache/lucene/search/FuzzyTermEnum>")
java_type_ref("<Application,Lorg/apache/lucene/search/HitCollector>")	java_type_ref("<Application,Lorg/apache/lucene/demo/SearchFiles$1>")
java_type_ref("<Primordial,Ljava/lang/Object>")	java_type_ref("<Application,Lorg/apache/lucene/search/ScoreDocComparator$1>")
java_type_ref("<Primordial,Ljava/lang/Object>")	java_type_ref("<Application,Lorg/apache/lucene/search/DocIdSet>")
java_type_ref("<Application,Lorg/apache/lucene/store/BufferedIndexOutput>")	java_type_ref("<Application,Lorg/apache/lucene/store/FSDirectory$FSIndexOutput>")
java_type_ref("<Application,Lorg/apache/lucene/analysis/TokenFilter>")	java_type_ref("<Application,Lorg/apache/lucene/analysis/ISOLatin1AccentFilter>")
java_type_ref("<Primordial,Ljava/lang/Object>")	java_type_ref("<Application,Lorg/apache/lucene/demo/SearchFiles>")
java_type_ref("<Primordial,Ljava/lang/Enum>")	java_type_ref("<Application,Lorg/dacapo/harness/Callback$Mode>")
java_type_ref("<Application,Lorg/apache/lucene/index/IndexReader>")	java_type_ref("<Application,Lorg/apache/lucene/index/MultiReader>")
java_type_ref("<Primordial,Ljava/lang/Object>")	java_type_ref("<Application,Lorg/apache/lucene/index/IndexCommit>")
java_type_ref("<Application,Lorg/apache/lucene/analysis/Tokenizer>")	java_type_ref("<Application,Lorg/apache/lucene/analysis/KeywordTokenizer>")
java_type_ref("<Application,Lorg/apache/lucene/index/SegmentInfos$FindSegmentsFile>")	java_type_ref("<Application,Lorg/apache/lucene/index/SegmentInfos$1>")
java_type_ref("<Primordial,Ljava/lang/Object>")	java_type_ref("<Application,Lorg/apache/lucene/queryParser/QueryParser$JJCalls>")
java_type_ref("<Primordial,Ljava/io/IOException>")	java_type_ref("<Application,Lorg/apache/lucene/index/MergePolicy$MergeAbortedException>")
java_type_ref("<Primordial,Ljava/lang/Object>")	java_type_ref("<Application,Lorg/apache/lucene/util/UnicodeUtil$UTF16Result>")
java_type_ref("<Application,Lorg/apache/lucene/search/spans/SpanQuery>")	java_type_ref("<Application,Lorg/apache/lucene/search/spans/SpanNotQuery>")
java_type_ref("<Primordial,Ljava/lang/Thread>")	java_type_ref("<Application,Lorg/apache/lucene/search/MultiSearcherThread>")
java_type_ref("<Primordial,Ljava/lang/Object>")	java_type_ref("<Application,Lorg/apache/commons/cli/Util>")
java_type_ref("<Primordial,Ljava/lang/Object>")	java_type_ref("<Application,Lorg/apache/lucene/index/DocumentsWriter$WaitQueue>")
java_type_ref("<Primordial,Ljava/lang/Object>")	java_type_ref("<Application,Lorg/apache/lucene/index/CompoundFileReader$FileEntry>")
java_type_ref("<Primordial,Ljava/lang/Object>")	java_type_ref("<Application,Lorg/apache/lucene/util/PriorityQueue>")
java_type_ref("<Primordial,Ljava/lang/Object>")	java_type_ref("<Application,Lorg/dacapo/harness/Benchmark>")
java_type_ref("<Application,Lorg/apache/lucene/index/TermVectorMapper>")	java_type_ref("<Application,Lorg/apache/lucene/index/PositionBasedTermVectorMapper>")
java_type_ref("<Application,Lorg/apache/lucene/search/function/FieldCacheSource>")	java_type_ref("<Application,Lorg/apache/lucene/search/function/ShortFieldSource>")
java_type_ref("<Application,Lorg/apache/lucene/index/DocFieldConsumer>")	java_type_ref("<Application,Lorg/apache/lucene/index/DocInverter>")
java_type_ref("<Application,Lorg/apache/lucene/util/cache/SimpleMapCache>")	java_type_ref("<Application,Lorg/apache/lucene/util/cache/SimpleLRUCache>")
java_type_ref("<Primordial,Ljava/lang/Object>")	java_type_ref("<Application,Lorg/apache/lucene/document/SetBasedFieldSelector>")
java_type_ref("<Primordial,Ljava/lang/Object>")	java_type_ref("<Application,Lorg/apache/lucene/search/FieldCache>")
java_type_ref("<Primordial,Ljava/lang/Object>")	java_type_ref("<Application,Lorg/apache/lucene/index/DocumentsWriter$DocWriter>")
java_type_ref("<Application,Lorg/apache/lucene/store/Lock>")	java_type_ref("<Application,Lorg/apache/lucene/store/VerifyingLockFactory$CheckedLock>")
java_type_ref("<Application,Lorg/apache/lucene/index/TermEnum>")	java_type_ref("<Application,Lorg/apache/lucene/index/ParallelReader$ParallelTermEnum>")
java_type_ref("<Application,Lorg/apache/lucene/analysis/LetterTokenizer>")	java_type_ref("<Application,Lorg/apache/lucene/analysis/LowerCaseTokenizer>")
java_type_ref("<Application,Lorg/apache/lucene/index/ByteBlockPool$Allocator>")	java_type_ref("<Application,Lorg/apache/lucene/index/DocumentsWriter$ByteBlockAllocator>")
java_type_ref("<Primordial,Ljava/lang/Object>")	java_type_ref("<Application,Lorg/apache/lucene/index/DocumentsWriter$FlushState>")
java_type_ref("<Primordial,Ljava/lang/Object>")	java_type_ref("<Application,Lorg/apache/lucene/index/DocInverter$FieldInvertState>")
java_type_ref("<Application,Lorg/apache/lucene/analysis/Analyzer>")	java_type_ref("<Application,Lorg/apache/lucene/analysis/WhitespaceAnalyzer>")
java_type_ref("<Application,Lorg/apache/lucene/search/Scorer>")	java_type_ref("<Application,Lorg/apache/lucene/search/function/CustomScoreQuery$CustomScorer>")
java_type_ref("<Primordial,Ljava/lang/Object>")	java_type_ref("<Application,Lorg/apache/lucene/search/FieldSortedHitQueue$8>")
java_type_ref("<Primordial,Ljava/lang/Object>")	java_type_ref("<Application,Lorg/apache/lucene/index/MultiSegmentReader$MultiTermDocs>")
java_type_ref("<Application,Lorg/apache/lucene/search/DocIdSetIterator>")	java_type_ref("<Application,Lorg/apache/lucene/util/DocIdBitSet$DocIdBitSetIterator>")
java_type_ref("<Primordial,Ljava/lang/Object>")	java_type_ref("<Application,Lorg/apache/lucene/index/SegmentMergeInfo>")
java_type_ref("<Primordial,Ljava/lang/Object>")	java_type_ref("<Application,Lorg/dacapo/harness/Callback$1>")
java_type_ref("<Application,Lorg/apache/lucene/store/IndexOutput>")	java_type_ref("<Application,Lorg/apache/lucene/store/BufferedIndexOutput>")
java_type_ref("<Primordial,Ljava/lang/Object>")	java_type_ref("<Application,Lorg/apache/lucene/util/cache/Cache>")
java_type_ref("<Application,Lorg/apache/lucene/index/IndexReader>")	java_type_ref("<Application,Lorg/apache/lucene/index/ParallelReader>")
java_type_ref("<Primordial,Ljava/lang/Object>")	java_type_ref("<Application,Lorg/apache/lucene/index/Term>")
java_type_ref("<Application,Lorg/apache/lucene/search/spans/SpanQuery>")	java_type_ref("<Application,Lorg/apache/lucene/search/spans/SpanTermQuery>")
java_type_ref("<Application,Lorg/apache/lucene/analysis/Analyzer>")	java_type_ref("<Application,Lorg/apache/lucene/analysis/PerFieldAnalyzerWrapper>")
java_type_ref("<Primordial,Ljava/io/Reader>")	java_type_ref("<Application,Lorg/apache/lucene/index/ReusableStringReader>")
java_type_ref("<Application,Lorg/apache/lucene/util/PriorityQueue>")	java_type_ref("<Application,Lorg/apache/lucene/search/FuzzyQuery$ScoreTermQueue>")
java_type_ref("<Primordial,Ljava/lang/Object>")	java_type_ref("<Application,Lorg/apache/lucene/search/function/FieldScoreQuery$Type>")
java_type_ref("<Primordial,Ljava/lang/Object>")	java_type_ref("<Application,Lorg/apache/lucene/search/FilterManager$FilterCleaner$1>")
java_type_ref("<Primordial,Ljava/lang/Object>")	java_type_ref("<Application,Lorg/apache/commons/cli/TypeHandler>")
java_type_ref("<Application,Lorg/apache/lucene/util/Parameter>")	java_type_ref("<Application,Lorg/apache/lucene/document/Field$Index>")
java_type_ref("<Application,Lorg/apache/lucene/util/PriorityQueue>")	java_type_ref("<Application,Lorg/apache/lucene/search/FieldDocSortedHitQueue>")
java_type_ref("<Primordial,Ljava/lang/Object>")	java_type_ref("<Application,Lorg/apache/lucene/search/FieldCacheImpl$3>")
java_type_ref("<Primordial,Ljava/lang/Object>")	java_type_ref("<Application,Lorg/apache/lucene/index/CharBlockPool>")
java_type_ref("<Application,Lorg/apache/lucene/store/LockFactory>")	java_type_ref("<Application,Lorg/apache/lucene/store/SingleInstanceLockFactory>")
java_type_ref("<Primordial,Ljava/lang/Object>")	java_type_ref("<Application,Lorg/apache/lucene/index/CompoundFileWriter>")
java_type_ref("<Application,Lorg/apache/lucene/search/PrefixGenerator>")	java_type_ref("<Application,Lorg/apache/lucene/search/PrefixFilter$2>")
java_type_ref("<Application,Lorg/apache/lucene/search/Scorer>")	java_type_ref("<Application,Lorg/apache/lucene/search/ConstantScoreQuery$ConstantScorer>")
java_type_ref("<Primordial,Ljava/lang/Object>")	java_type_ref("<Application,Lorg/apache/lucene/index/TermInfosReader>")
java_type_ref("<Primordial,Ljava/lang/Object>")	java_type_ref("<Application,Lorg/apache/lucene/analysis/standard/StandardTokenizerImpl>")
java_type_ref("<Primordial,Ljava/lang/Object>")	java_type_ref("<Application,Lorg/apache/lucene/search/Explanation>")
java_type_ref("<Primordial,Ljava/lang/Object>")	java_type_ref("<Application,Lorg/apache/lucene/search/spans/NearSpansOrdered>")
java_type_ref("<Application,Lorg/apache/lucene/search/function/ValueSource>")	java_type_ref("<Application,Lorg/apache/lucene/search/function/FieldCacheSource>")
java_type_ref("<Primordial,Ljava/lang/Object>")	java_type_ref("<Application,Lorg/apache/lucene/index/TermVectorEntryFreqSortedComparator>")
java_type_ref("<Primordial,Ljava/lang/Object>")	java_type_ref("<Application,Lorg/apache/lucene/util/Parameter>")
java_type_ref("<Primordial,Ljava/lang/Object>")	java_type_ref("<Application,Lorg/apache/lucene/index/SegmentInfos$FindSegmentsFile>")
java_type_ref("<Primordial,Ljava/lang/Object>")	java_type_ref("<Application,Lorg/apache/lucene/index/TermInfosReader$ThreadResources>")
java_type_ref("<Application,Lorg/apache/lucene/store/Directory>")	java_type_ref("<Application,Lorg/apache/lucene/index/CompoundFileReader>")
java_type_ref("<Application,Lorg/apache/commons/cli/ParseException>")	java_type_ref("<Application,Lorg/apache/commons/cli/MissingOptionException>")
java_type_ref("<Primordial,Ljava/lang/Object>")	java_type_ref("<Application,Lorg/apache/lucene/search/FieldCacheImpl$Entry>")
java_type_ref("<Application,Lorg/apache/lucene/store/IndexOutput>")	java_type_ref("<Application,Lorg/apache/lucene/store/ChecksumIndexOutput>")
java_type_ref("<Primordial,Ljava/lang/Object>")	java_type_ref("<Application,Lorg/apache/lucene/analysis/standard/StandardAnalyzer$1>")
java_type_ref("<Primordial,Ljava/lang/Object>")	java_type_ref("<Application,Lorg/apache/commons/cli/OptionGroup>")
java_type_ref("<Application,Lorg/apache/lucene/search/HitCollector>")	java_type_ref("<Application,Lorg/apache/lucene/search/ParallelMultiSearcher$1>")
java_type_ref("<Application,Lorg/apache/lucene/util/OpenBitSet>")	java_type_ref("<Application,Lorg/apache/lucene/util/OpenBitSetDISI>")
java_type_ref("<Primordial,Ljava/lang/Object>")	java_type_ref("<Application,Lorg/apache/lucene/index/CompoundFileWriter$1>")
java_type_ref("<Primordial,Ljava/lang/Object>")	java_type_ref("<Application,Lorg/apache/commons/cli/PatternOptionBuilder>")
java_type_ref("<Primordial,Ljava/lang/Object>")	java_type_ref("<Application,Lorg/apache/lucene/search/payloads/PayloadSpanUtil>")
java_type_ref("<Primordial,Ljava/lang/Object>")	java_type_ref("<Application,Lorg/apache/lucene/store/IndexOutput>")
java_type_ref("<Primordial,Ljava/lang/Object>")	java_type_ref("<Application,Lorg/apache/lucene/search/Sort>")
java_type_ref("<Primordial,Ljava/lang/Object>")	java_type_ref("<Application,Lorg/apache/lucene/index/SegmentMerger$1>")
java_type_ref("<Primordial,Ljava/lang/Thread>")	java_type_ref("<Application,Lorg/apache/lucene/search/TimeLimitedCollector$TimerThread>")
java_type_ref("<Application,Lorg/apache/lucene/search/function/ValueSourceQuery>")	java_type_ref("<Application,Lorg/apache/lucene/search/function/FieldScoreQuery>")
java_type_ref("<Primordial,Ljava/lang/Object>")	java_type_ref("<Application,Lorg/apache/lucene/queryParser/FastCharStream>")
java_type_ref("<Application,Lorg/apache/lucene/search/Scorer>")	java_type_ref("<Application,Lorg/apache/lucene/search/NonMatchingScorer>")
java_type_ref("<Primordial,Ljava/lang/Object>")	java_type_ref("<Application,Lorg/apache/lucene/search/HitDoc>")
java_type_ref("<Primordial,Ljava/lang/Object>")	java_type_ref("<Application,Lorg/apache/lucene/index/ByteBlockPool$Allocator>")
java_type_ref("<Application,Lorg/apache/lucene/store/IndexInput>")	java_type_ref("<Application,Lorg/apache/lucene/store/MMapDirectory$MMapIndexInput>")
java_type_ref("<Primordial,Ljava/lang/Object>")	java_type_ref("<Application,Lorg/apache/commons/cli/HelpFormatter$1>")
java_type_ref("<Application,Lorg/apache/lucene/search/Searcher>")	java_type_ref("<Application,Lorg/apache/lucene/search/IndexSearcher>")
java_type_ref("<Primordial,Ljava/lang/Object>")	java_type_ref("<Application,Lorg/dacapo/parser/ConfigFile>")
java_type_ref("<Primordial,Ljava/lang/Object>")	java_type_ref("<Application,Lorg/apache/lucene/index/IndexFileDeleter$1>")
java_type_ref("<Primordial,Ljava/lang/Object>")	java_type_ref("<Application,Lorg/apache/lucene/queryParser/QueryParser$1>")
java_type_ref("<Application,Lorg/apache/lucene/index/DocFieldConsumerPerThread>")	java_type_ref("<Application,Lorg/apache/lucene/index/StoredFieldsWriterPerThread>")
java_type_ref("<Application,Lorg/apache/lucene/search/FieldCacheImpl$Cache>")	java_type_ref("<Application,Lorg/apache/lucene/search/FieldCacheImpl$5>")
java_type_ref("<Primordial,Ljava/lang/Object>")	java_type_ref("<Application,Lorg/apache/lucene/index/SegmentMerger$CheckAbort>")
java_type_ref("<Application,Lorg/apache/lucene/util/PriorityQueue>")	java_type_ref("<Application,Lorg/apache/lucene/search/spans/NearSpansUnordered$CellQueue>")
java_type_ref("<Primordial,Ljava/lang/Object>")	java_type_ref("<Application,Lorg/apache/lucene/index/FilterIndexReader$FilterTermDocs>")
java_type_ref("<Primordial,Ljava/lang/Object>")	java_type_ref("<Application,Lorg/apache/lucene/search/Hit>")
java_type_ref("<Primordial,Ljava/rmi/server/UnicastRemoteObject>")	java_type_ref("<Application,Lorg/apache/lucene/search/RemoteSearchable>")
java_type_ref("<Application,Lorg/apache/lucene/index/SegmentInfos$FindSegmentsFile>")	java_type_ref("<Application,Lorg/apache/lucene/index/IndexReader$2>")
java_type_ref("<Primordial,Ljava/lang/Object>")	java_type_ref("<Application,Lorg/apache/lucene/util/UnicodeUtil$UTF8Result>")
java_type_ref("<Application,Lorg/apache/lucene/index/TermEnum>")	java_type_ref("<Application,Lorg/apache/lucene/index/FilterIndexReader$FilterTermEnum>")
java_type_ref("<Primordial,Ljava/lang/Object>")	java_type_ref("<Application,Lorg/apache/lucene/demo/IndexHTML>")
java_type_ref("<Application,Lorg/apache/lucene/util/Parameter>")	java_type_ref("<Application,Lorg/apache/lucene/search/BooleanClause$Occur>")
java_type_ref("<Application,Lorg/apache/lucene/search/spans/SpanWeight>")	java_type_ref("<Application,Lorg/apache/lucene/search/payloads/BoostingTermQuery$BoostingTermWeight>")
java_type_ref("<Application,Lorg/apache/lucene/store/LockFactory>")	java_type_ref("<Application,Lorg/apache/lucene/store/NativeFSLockFactory>")
java_type_ref("<Application,Lorg/apache/lucene/search/PrefixGenerator>")	java_type_ref("<Application,Lorg/apache/lucene/search/PrefixFilter$1>")
java_type_ref("<Primordial,Ljava/lang/Object>")	java_type_ref("<Application,Lorg/apache/lucene/index/FieldInfos>")
java_type_ref("<Application,Lorg/apache/lucene/store/BufferedIndexInput>")	java_type_ref("<Application,Lorg/apache/lucene/store/FSDirectory$FSIndexInput>")
java_type_ref("<Primordial,Ljava/lang/Object>")	java_type_ref("<Application,Lorg/apache/lucene/util/BitVector>")
java_type_ref("<Application,Lorg/apache/lucene/search/function/ValueSource>")	java_type_ref("<Application,Lorg/apache/lucene/search/function/OrdFieldSource>")
java_type_ref("<Application,Lorg/apache/lucene/search/function/FieldCacheSource>")	java_type_ref("<Application,Lorg/apache/lucene/search/function/FloatFieldSource>")
java_type_ref("<Primordial,Ljava/lang/Object>")	java_type_ref("<Application,Lorg/apache/lucene/store/MMapDirectory$1>")
java_type_ref("<Application,Lorg/apache/lucene/search/FilteredTermEnum>")	java_type_ref("<Application,Lorg/apache/lucene/search/WildcardTermEnum>")
java_type_ref("<Primordial,Ljava/lang/Object>")	java_type_ref("<Application,Lorg/apache/lucene/index/MultiLevelSkipListReader>")
java_type_ref("<Application,Lorg/apache/lucene/util/PriorityQueue>")	java_type_ref("<Application,Lorg/apache/lucene/index/MultipleTermPositions$TermPositionsQueue>")
java_type_ref("<Application,Lorg/apache/lucene/index/SegmentTermDocs>")	java_type_ref("<Application,Lorg/apache/lucene/index/CheckIndex$MySegmentTermDocs>")
java_type_ref("<Primordial,Ljava/lang/Error>")	java_type_ref("<Application,Lorg/apache/lucene/queryParser/TokenMgrError>")
java_type_ref("<Application,Lorg/apache/lucene/search/FieldCacheImpl$Cache>")	java_type_ref("<Application,Lorg/apache/lucene/search/FieldSortedHitQueue$1>")
java_type_ref("<Primordial,Ljava/lang/Object>")	java_type_ref("<Application,Lorg/apache/lucene/search/ScoreDocComparator>")
java_type_ref("<Primordial,Ljava/lang/Object>")	java_type_ref("<Application,Lorg/apache/lucene/search/FilteredQuery$1>")
java_type_ref("<Primordial,Ljava/lang/Object>")	java_type_ref("<Application,Lorg/apache/lucene/index/IndexReader>")
java_type_ref("<Application,Lorg/apache/lucene/analysis/TokenFilter>")	java_type_ref("<Application,Lorg/apache/lucene/analysis/LengthFilter>")
java_type_ref("<Primordial,Ljava/lang/Object>")	java_type_ref("<Application,Lorg/apache/lucene/index/MergePolicy$MergeSpecification>")
java_type_ref("<Application,Lorg/apache/lucene/index/MergePolicy>")	java_type_ref("<Application,Lorg/apache/lucene/index/LogMergePolicy>")
java_type_ref("<Application,Lorg/apache/lucene/search/Query>")	java_type_ref("<Application,Lorg/apache/lucene/search/MultiPhraseQuery>")
java_type_ref("<Primordial,Ljava/lang/Object>")	java_type_ref("<Application,Lorg/apache/lucene/util/SmallFloat>")
java_type_ref("<Primordial,Ljava/lang/Object>")	java_type_ref("<Application,Lorg/apache/lucene/search/Hits>")
java_type_ref("<Primordial,Ljava/lang/Object>")	java_type_ref("<Application,Lorg/apache/lucene/analysis/Token>")
java_type_ref("<Application,Lorg/apache/lucene/index/InvertedDocConsumerPerField>")	java_type_ref("<Application,Lorg/apache/lucene/index/TermsHashPerField>")
java_type_ref("<Primordial,Ljava/lang/Object>")	java_type_ref("<Application,Lorg/apache/lucene/search/FieldSortedHitQueue$5>")
java_type_ref("<Primordial,Ljava/lang/Object>")	java_type_ref("<Application,Lorg/apache/lucene/search/function/ValueSourceQuery$ValueSourceWeight>")
java_type_ref("<Primordial,Ljava/lang/Object>")	java_type_ref("<Application,Lorg/apache/lucene/index/RawPostingList>")
java_type_ref("<Primordial,Ljava/lang/Object>")	java_type_ref("<Application,Lorg/apache/lucene/search/FieldCacheImpl$CreationPlaceholder>")
java_type_ref("<Primordial,Ljava/util/Vector>")	java_type_ref("<Application,Lorg/apache/lucene/index/SegmentInfos>")
java_type_ref("<Primordial,Ljava/lang/Object>")	java_type_ref("<Application,Lorg/apache/lucene/index/DocFieldProcessorPerField>")
java_type_ref("<Primordial,Ljava/lang/Object>")	java_type_ref("<Application,Lorg/apache/lucene/search/QueryTermVector>")
java_type_ref("<Application,Lorg/apache/lucene/search/function/DocValues>")	java_type_ref("<Application,Lorg/apache/lucene/search/function/ReverseOrdFieldSource$1>")
java_type_ref("<Primordial,Ljava/lang/Enum>")	java_type_ref("<Application,Lorg/dacapo/parser/Config$ThreadModel>")
java_type_ref("<Primordial,Ljava/lang/Object>")	java_type_ref("<Application,Lorg/apache/lucene/store/LockStressTest>")
java_type_ref("<Primordial,Ljava/io/IOException>")	java_type_ref("<Application,Lorg/apache/lucene/index/StaleReaderException>")
