"< Application, Lorg/apache/lucene/document/FieldSelectorResult, LOAD_AND_BREAK, <Application,Lorg/apache/lucene/document/FieldSelectorResult> >"
"< Application, Lorg/apache/lucene/index/FieldInfos, STORE_TERMVECTOR, <Primordial,B> >"
"< Application, Lorg/apache/commons/cli/PatternOptionBuilder, URL_VALUE, <Application,Ljava/lang/Class> >"
"< Application, Lorg/apache/lucene/index/TermsHashPerThread, $assertionsDisabled, <Primordial,Z> >"
"< Application, Lorg/apache/lucene/queryParser/QueryParserConstants, RANGEEX_QUOTED, <Primordial,I> >"
"< Application, Lorg/apache/lucene/index/IndexReader, class$org$apache$lucene$index$IndexReader, <Application,Ljava/lang/Class> >"
"< Application, LMMTkHarness, verbose, <Primordial,Z> >"
"< Application, Lorg/apache/lucene/index/TermVectorsReader, STORE_OFFSET_WITH_TERMVECTOR, <Primordial,B> >"
"< Application, Lorg/apache/lucene/search/function/ReverseOrdFieldSource, class$org$apache$lucene$search$function$ReverseOrdFieldSource, <Application,Ljava/lang/Class> >"
"< Application, Lorg/apache/lucene/queryParser/QueryParserConstants, Boost, <Primordial,I> >"
"< Application, Lorg/apache/lucene/index/IndexFileNames, PROX_EXTENSION, <Application,Ljava/lang/String> >"
"< Application, Lorg/apache/lucene/index/IndexFileNames, FREQ_EXTENSION, <Application,Ljava/lang/String> >"
"< Application, Lorg/apache/lucene/index/DocFieldProcessorPerThread, class$org$apache$lucene$index$DocFieldProcessorPerThread, <Application,Ljava/lang/Class> >"
"< Application, Lorg/apache/lucene/util/UnicodeUtil, UNI_SUR_LOW_END, <Primordial,I> >"
"< Application, Lorg/apache/lucene/queryParser/QueryParserTokenManager, jjbitVec2, <Primordial,[J> >"
"< Application, Lorg/apache/lucene/analysis/StopFilter, ENABLE_POSITION_INCREMENTS_DEFAULT, <Primordial,Z> >"
"< Application, Lorg/apache/lucene/index/SegmentMerger, $assertionsDisabled, <Primordial,Z> >"
"< Application, Lorg/apache/lucene/search/FilterManager, DEFAULT_CACHE_CLEAN_SIZE, <Primordial,I> >"
"< Application, Lorg/apache/lucene/index/LogMergePolicy, LEVEL_LOG_SPAN, <Primordial,D> >"
"< Application, Lorg/apache/lucene/demo/html/HTMLParserConstants, ArgName, <Primordial,I> >"
"< Application, Lorg/apache/lucene/document/Field$Index, TOKENIZED, <Application,Lorg/apache/lucene/document/Field$Index> >"
"< Application, Lorg/apache/lucene/index/CheckIndex, out, <Application,Ljava/io/PrintStream> >"
"< Application, Lorg/apache/lucene/index/IndexWriter, DEFAULT_MAX_BUFFERED_DOCS, <Primordial,I> >"
"< Application, Lorg/apache/lucene/index/TermVectorOffsetInfo, EMPTY_OFFSET_INFO, <Application,[Lorg/apache/lucene/index/TermVectorOffsetInfo> >"
"< Application, Lorg/dacapo/parser/ConfigFileConstants, BENCHMARK, <Primordial,I> >"
"< Application, Lorg/apache/lucene/analysis/standard/StandardTokenizerImpl, ZZ_TRANS, <Primordial,[I> >"
"< Application, Lorg/apache/lucene/index/CheckIndex, class$org$apache$lucene$index$CheckIndex, <Application,Ljava/lang/Class> >"
"< Application, Lorg/apache/lucene/demo/html/HTMLParserTokenManager, jjtoSkip, <Primordial,[J> >"
"< Application, Lorg/apache/lucene/index/SegmentMerger, MAX_RAW_MERGE_DOCS, <Primordial,I> >"
"< Application, Lorg/apache/lucene/document/Field$TermVector, YES, <Application,Lorg/apache/lucene/document/Field$TermVector> >"
"< Application, Lorg/apache/lucene/index/IndexFileNames, COMPOUND_EXTENSIONS, <Application,[Ljava/lang/String> >"
"< Application, Lorg/apache/lucene/store/BufferedIndexInput, class$org$apache$lucene$store$BufferedIndexInput, <Application,Ljava/lang/Class> >"
"< Application, Lorg/apache/lucene/search/ExtendedFieldCacheImpl, DOUBLE_PARSER, <Application,Lorg/apache/lucene/search/ExtendedFieldCache$DoubleParser> >"
"< Application, Lorg/apache/lucene/demo/html/TokenMgrError, LOOP_DETECTED, <Primordial,I> >"
"< Application, Lorg/apache/lucene/analysis/standard/StandardTokenizerImpl, ACRONYM_DEP, <Primordial,I> >"
"< Application, Lorg/apache/lucene/queryParser/QueryParserConstants, RANGEIN_QUOTED, <Primordial,I> >"
"< Application, Lorg/apache/lucene/index/DocFieldConsumers, class$org$apache$lucene$index$DocFieldConsumers, <Application,Ljava/lang/Class> >"
"< Application, Lorg/apache/lucene/document/Field$Store, YES, <Application,Lorg/apache/lucene/document/Field$Store> >"
"< Application, Lorg/apache/lucene/document/Field$TermVector, WITH_POSITIONS, <Application,Lorg/apache/lucene/document/Field$TermVector> >"
"< Application, Lorg/dacapo/harness/CommandLineArgs, OPT_ITERATIONS, <Application,Ljava/lang/String> >"
"< Application, Lorg/dacapo/parser/ConfigFileConstants, URL, <Primordial,I> >"
"< Application, Lorg/dacapo/harness/CommandLineArgs$Methodology, $VALUES, <Application,[Lorg/dacapo/harness/CommandLineArgs$Methodology> >"
"< Application, Lorg/apache/lucene/analysis/standard/StandardTokenizer, NUM, <Primordial,I> >"
"< Application, Lorg/apache/lucene/util/Constants, OS_NAME, <Application,Ljava/lang/String> >"
"< Application, Lorg/dacapo/parser/ConfigFileConstants, SIZE, <Primordial,I> >"
"< Application, Lorg/apache/lucene/search/RemoteSearchable_Stub, $method_docFreqs_4, <Application,Ljava/lang/reflect/Method> >"
"< Application, Lorg/apache/lucene/analysis/CharTokenizer, IO_BUFFER_SIZE, <Primordial,I> >"
"< Application, Lorg/apache/lucene/index/FreqProxTermsWriterPerField, class$org$apache$lucene$index$FreqProxTermsWriterPerField, <Application,Ljava/lang/Class> >"
"< Application, Lorg/apache/lucene/index/FreqProxFieldMergeState, class$org$apache$lucene$index$FreqProxFieldMergeState, <Application,Ljava/lang/Class> >"
"< Application, Lorg/apache/lucene/search/SortField, STRING, <Primordial,I> >"
"< Application, Lorg/apache/lucene/analysis/standard/StandardTokenizerImpl, YYEOF, <Primordial,I> >"
"< Application, Lorg/apache/lucene/document/Field$Index, NO_NORMS, <Application,Lorg/apache/lucene/document/Field$Index> >"
"< Application, Lorg/apache/commons/cli/CommandLine, serialVersionUID, <Primordial,J> >"
"< Application, Lorg/apache/lucene/search/SortField, FLOAT, <Primordial,I> >"
"< Application, Lorg/apache/commons/cli/OptionBuilder, numberOfArgs, <Primordial,I> >"
"< Application, Lorg/dacapo/parser/ConfigFileConstants, STDOUT, <Primordial,I> >"
"< Application, Lorg/dacapo/harness/Benchmark, savedErr, <Application,Ljava/io/PrintStream> >"
"< Application, Lorg/apache/lucene/analysis/standard/StandardTokenizerImpl, ALPHANUM, <Primordial,I> >"
"< Application, Lorg/apache/lucene/index/IndexFileNameFilter, singleton, <Application,Lorg/apache/lucene/index/IndexFileNameFilter> >"
"< Application, Lorg/dacapo/parser/ConfigFileTokenManager, jjnewLexState, <Primordial,[I> >"
"< Application, Lorg/apache/lucene/demo/html/HTMLParserConstants, Comment1, <Primordial,I> >"
"< Application, Lorg/apache/lucene/demo/html/HTMLParserConstants, Quote1Text, <Primordial,I> >"
"< Application, Lorg/apache/lucene/LucenePackage, class$org$apache$lucene$LucenePackage, <Application,Ljava/lang/Class> >"
"< Application, Lorg/dacapo/harness/CommandLineArgs, OPT_RELEASE_NOTES, <Application,Ljava/lang/String> >"
"< Application, Lorg/dacapo/harness/CommandLineArgs, OPT_VARIANCE, <Application,Ljava/lang/String> >"
"< Application, Lorg/apache/lucene/index/IndexFileDeleter, VERBOSE_REF_COUNTS, <Primordial,Z> >"
"< Application, Lorg/dacapo/harness/CommandLineArgs, OPT_CALLBACK, <Application,Ljava/lang/String> >"
"< Application, Lorg/apache/lucene/index/TermVectorsWriter, class$org$apache$lucene$index$TermVectorsWriter, <Application,Ljava/lang/Class> >"
"< Application, Lorg/apache/lucene/queryParser/QueryParser, CONJ_NONE, <Primordial,I> >"
"< Application, Lorg/apache/lucene/analysis/standard/StandardTokenizerImpl, ZZ_NO_MATCH, <Primordial,I> >"
"< Application, Lorg/apache/lucene/search/SortField, CUSTOM, <Primordial,I> >"
"< Application, Lorg/apache/lucene/document/NumberTools, RADIX, <Primordial,I> >"
"< Application, Lorg/apache/lucene/analysis/SinkTokenizer, $assertionsDisabled, <Primordial,Z> >"
"< Application, Lorg/apache/lucene/search/BooleanQuery, maxClauseCount, <Primordial,I> >"
"< Application, Lorg/apache/lucene/store/BufferedIndexOutput, BUFFER_SIZE, <Primordial,I> >"
"< Application, Lorg/apache/lucene/index/SegmentInfos, defaultGenLookaheadCount, <Primordial,I> >"
"< Application, Lorg/apache/lucene/index/FreqProxFieldMergeState, $assertionsDisabled, <Primordial,Z> >"
"< Application, Lorg/apache/lucene/store/RAMDirectory, serialVersionUID, <Primordial,J> >"
"< Application, Lorg/apache/lucene/store/RAMInputStream, BUFFER_SIZE, <Primordial,I> >"
"< Application, Lorg/dacapo/parser/ConfigFileConstants, MULTI_LINE_COMMENT, <Primordial,I> >"
"< Application, Lorg/apache/lucene/index/SortedTermVectorMapper, ALL, <Application,Ljava/lang/String> >"
"< Application, Lorg/apache/lucene/search/SortField, DOUBLE, <Primordial,I> >"
"< Application, Lorg/apache/lucene/search/RemoteSearchable_Stub, class$org$apache$lucene$search$Query, <Application,Ljava/lang/Class> >"
"< Application, Lorg/apache/lucene/index/IndexWriter, DEFAULT_MAX_SYNC_PAUSE_SECONDS, <Primordial,D> >"
"< Application, Lorg/apache/lucene/queryParser/QueryParserConstants, RANGEEX_START, <Primordial,I> >"
"< Application, Lorg/apache/lucene/analysis/standard/StandardTokenizerImpl, ZZ_ACTION, <Primordial,[I> >"
"< Application, Lorg/apache/lucene/document/FieldSelectorResult, LOAD, <Application,Lorg/apache/lucene/document/FieldSelectorResult> >"
"< Application, Lorg/apache/lucene/queryParser/QueryParserConstants, PREFIXTERM, <Primordial,I> >"
"< Application, Lorg/apache/lucene/search/function/ShortFieldSource, class$org$apache$lucene$search$function$ShortFieldSource, <Application,Ljava/lang/Class> >"
"< Application, Lorg/apache/lucene/queryParser/QueryParserConstants, NUMBER, <Primordial,I> >"
"< Application, Lorg/apache/lucene/store/FSDirectory, IMPL, <Application,Ljava/lang/Class> >"
"< Application, Lorg/apache/lucene/search/function/FloatFieldSource, class$java$lang$Float, <Application,Ljava/lang/Class> >"
"< Application, Lorg/apache/lucene/index/IndexFileNames, TERMS_EXTENSION, <Application,Ljava/lang/String> >"
"< Application, Lorg/apache/lucene/index/DocumentsWriter, BYTE_BLOCK_NOT_MASK, <Primordial,I> >"
"< Application, Lorg/apache/lucene/queryParser/QueryParserConstants, RANGEIN_START, <Primordial,I> >"
"< Application, Lorg/apache/lucene/store/NoLockFactory, singletonLock, <Application,Lorg/apache/lucene/store/NoLock> >"
"< Application, Lorg/apache/lucene/analysis/standard/StandardFilter, APOSTROPHE_TYPE, <Application,Ljava/lang/String> >"
"< Application, Lorg/apache/lucene/analysis/Token, class$org$apache$lucene$analysis$Token, <Application,Ljava/lang/Class> >"
"< Application, Lorg/apache/lucene/search/BooleanScorer$BucketTable, MASK, <Primordial,I> >"
"< Application, Lorg/apache/lucene/index/DocumentsWriter, CHAR_BLOCK_SHIFT, <Primordial,I> >"
"< Application, Lorg/apache/lucene/search/TimeLimitedCollector, DEFAULT_RESOLUTION, <Primordial,I> >"
"< Application, Lorg/apache/lucene/queryParser/QueryParser, OR_OPERATOR, <Application,Lorg/apache/lucene/queryParser/QueryParser$Operator> >"
"< Application, Lorg/apache/lucene/queryParser/QueryParser, MOD_REQ, <Primordial,I> >"
"< Application, Lorg/apache/lucene/index/ByteSliceWriter, $assertionsDisabled, <Primordial,Z> >"
"< Application, Lorg/dacapo/harness/Benchmark, silent, <Primordial,Z> >"
"< Application, Lorg/apache/lucene/util/UnicodeUtil, HALF_SHIFT, <Primordial,J> >"
"< Application, Lorg/apache/lucene/index/IndexWriter, class$org$apache$lucene$index$IndexWriter, <Application,Ljava/lang/Class> >"
"< Application, Lorg/apache/lucene/index/CompoundFileWriter, $assertionsDisabled, <Primordial,Z> >"
"< Application, Lorg/apache/lucene/store/FSDirectory, DIRECTORIES, <Application,Ljava/util/Map> >"
"< Application, Lorg/apache/lucene/index/LogByteSizeMergePolicy, DEFAULT_MIN_MERGE_MB, <Primordial,D> >"
"< Application, Lorg/dacapo/parser/SimpleCharStream, staticFlag, <Primordial,Z> >"
"< Application, Lorg/apache/lucene/index/FieldInfos, OMIT_TF, <Primordial,B> >"
"< Application, Lorg/dacapo/parser/ConfigFileConstants, ARGS, <Primordial,I> >"
"< Application, Lorg/apache/lucene/search/RemoteSearchable_Stub, class$org$apache$lucene$search$Filter, <Application,Ljava/lang/Class> >"
"< Application, Lorg/apache/lucene/index/FieldsWriter, class$org$apache$lucene$index$FieldsWriter, <Application,Ljava/lang/Class> >"
"< Application, Lorg/dacapo/harness/Benchmark, validate, <Primordial,Z> >"
"< Application, Lorg/apache/lucene/analysis/standard/StandardTokenizerImpl, ACRONYM, <Primordial,I> >"
"< Application, Lorg/dacapo/harness/CommandLineArgs, DEFAULT_THREAD_FACTOR, <Application,Ljava/lang/String> >"
"< Application, Lorg/apache/lucene/queryParser/QueryParserTokenManager, jjnewLexState, <Primordial,[I> >"
"< Application, Lorg/apache/lucene/index/IndexWriter, $assertionsDisabled, <Primordial,Z> >"
"< Application, Lorg/apache/commons/cli/HelpFormatter, DEFAULT_LONG_OPT_PREFIX, <Application,Ljava/lang/String> >"
"< Application, Lorg/dacapo/harness/Matcher, trace, <Primordial,Z> >"
"< Application, Lorg/apache/lucene/queryParser/QueryParserTokenManager, jjbitVec0, <Primordial,[J> >"
"< Application, Lorg/dacapo/harness/CommandLineArgs, OPT_NO_PRE_ITERATION_GC, <Application,Ljava/lang/String> >"
"< Application, Lorg/apache/commons/cli/OptionBuilder, optionalArg, <Primordial,Z> >"
"< Application, Lorg/apache/lucene/search/RemoteSearchable_Stub, $method_rewrite_7, <Application,Ljava/lang/reflect/Method> >"
"< Application, Lorg/apache/lucene/index/IndexReader$FieldOption, ALL, <Application,Lorg/apache/lucene/index/IndexReader$FieldOption> >"
"< Application, Lorg/apache/lucene/search/RemoteSearchable_Stub, $method_search_8, <Application,Ljava/lang/reflect/Method> >"
"< Application, Lorg/apache/lucene/queryParser/QueryParserConstants, RANGEIN_END, <Primordial,I> >"
"< Application, Lorg/apache/lucene/search/RemoteSearchable_Stub, $method_doc_2, <Application,Ljava/lang/reflect/Method> >"
"< Application, Lorg/apache/lucene/demo/html/HTMLParserConstants, tokenImage, <Application,[Ljava/lang/String> >"
"< Application, Lorg/apache/lucene/document/Document, NO_FIELDS, <Application,[Lorg/apache/lucene/document/Field> >"
"< Application, Lorg/apache/lucene/index/DocumentsWriter, OBJECT_HEADER_BYTES, <Primordial,I> >"
"< Application, Lorg/apache/lucene/index/TermsHashPerThread, class$org$apache$lucene$index$TermsHashPerThread, <Application,Ljava/lang/Class> >"
"< Application, Lorg/apache/commons/cli/OptionBuilder, argName, <Application,Ljava/lang/String> >"
"< Application, Lorg/dacapo/harness/CommandLineArgs, OPTIONS, <Application,[Lorg/apache/commons/cli/Option> >"
"< Application, Lorg/apache/lucene/queryParser/QueryParserConstants, _NUM_CHAR, <Primordial,I> >"
"< Application, Lorg/apache/lucene/document/Field$Index, NOT_ANALYZED, <Application,Lorg/apache/lucene/document/Field$Index> >"
"< Application, Lorg/dacapo/harness/CommandLineArgs, OPT_WINDOW, <Application,Ljava/lang/String> >"
"< Application, Lorg/apache/lucene/analysis/KeywordTokenizer, $assertionsDisabled, <Primordial,Z> >"
"< Application, Lorg/apache/lucene/index/IndexFileNames, VECTORS_DOCUMENTS_EXTENSION, <Application,Ljava/lang/String> >"
"< Application, Lorg/apache/lucene/document/FieldSelectorResult, LOAD_FOR_MERGE, <Application,Lorg/apache/lucene/document/FieldSelectorResult> >"
"< Application, Lorg/apache/lucene/util/BitVector, BYTE_COUNTS, <Primordial,[B> >"
"< Application, Lorg/apache/lucene/index/TermVectorsWriter, $assertionsDisabled, <Primordial,Z> >"
"< Application, Lorg/apache/lucene/index/FieldInfos, STORE_POSITIONS_WITH_TERMVECTOR, <Primordial,B> >"
"< Application, Lorg/dacapo/harness/Benchmark, valRepFile, <Application,Ljava/io/PrintWriter> >"
"< Application, Lorg/dacapo/harness/ChordHarness, two_dp, <Application,Ljava/text/DecimalFormat> >"
"< Application, Lorg/dacapo/harness/CommandLineArgs, OPT_CONVERGE, <Application,Ljava/lang/String> >"
"< Application, Lorg/apache/lucene/index/DocFieldProcessorPerThread, $assertionsDisabled, <Primordial,Z> >"
"< Application, Lorg/apache/lucene/document/DateTools$Resolution, MINUTE, <Application,Lorg/apache/lucene/document/DateTools$Resolution> >"
"< Application, Lorg/apache/commons/cli/OptionBuilder, valuesep, <Primordial,C> >"
"< Application, Lorg/apache/lucene/store/Lock, LOCK_POLL_INTERVAL, <Primordial,J> >"
"< Application, Lorg/apache/lucene/analysis/standard/StandardTokenizerImpl, ZZ_ROWMAP_PACKED_0, <Application,Ljava/lang/String> >"
"< Application, Lorg/dacapo/harness/Benchmark, out, <Application,Lorg/dacapo/harness/TeePrintStream> >"
"< Application, Lorg/apache/lucene/demo/html/HTMLParserConstants, LET, <Primordial,I> >"
"< Application, Lorg/apache/lucene/document/DateTools, SECOND_FORMAT, <Application,Ljava/text/SimpleDateFormat> >"
"< Application, Lorg/apache/lucene/queryParser/QueryParserTokenManager, jjnextStates, <Primordial,[I> >"
"< Application, Lorg/apache/lucene/document/Field$Index, NOT_ANALYZED_NO_NORMS, <Application,Lorg/apache/lucene/document/Field$Index> >"
"< Application, Lorg/apache/lucene/queryParser/QueryParserConstants, AND, <Primordial,I> >"
"< Application, Lorg/apache/lucene/queryParser/QueryParserConstants, RANGEEX_TO, <Primordial,I> >"
"< Application, Lorg/apache/lucene/index/IndexWriter, DISABLE_AUTO_FLUSH, <Primordial,I> >"
"< Application, Lorg/apache/lucene/search/FuzzyQuery, defaultPrefixLength, <Primordial,I> >"
"< Application, Lorg/apache/commons/cli/OptionBuilder, description, <Application,Ljava/lang/String> >"
"< Application, Lorg/apache/lucene/index/IndexFileNames, VECTOR_EXTENSIONS, <Application,[Ljava/lang/String> >"
"< Application, Lorg/apache/lucene/store/FSDirectory, disableLocks, <Primordial,Z> >"
"< Application, Lorg/apache/lucene/demo/html/HTMLParserConstants, ScriptText, <Primordial,I> >"
"< Application, Lorg/apache/lucene/queryParser/QueryParserConstants, RANGEIN_TO, <Primordial,I> >"
"< Application, Lorg/dacapo/parser/ConfigFileTokenManager, jjtoToken, <Primordial,[J> >"
"< Application, Lorg/apache/lucene/index/IndexReader$FieldOption, STORES_PAYLOADS, <Application,Lorg/apache/lucene/index/IndexReader$FieldOption> >"
"< Application, Lorg/apache/lucene/demo/html/HTMLParserConstants, ArgQuote1, <Primordial,I> >"
"< Application, Lorg/apache/lucene/index/TermVectorsReader, FORMAT_SIZE, <Primordial,I> >"
"< Application, Lorg/apache/lucene/analysis/standard/StandardTokenizerImpl, CJ, <Primordial,I> >"
"< Application, Lorg/apache/lucene/analysis/CharArraySet, INIT_SIZE, <Primordial,I> >"
"< Application, Lorg/apache/lucene/index/FieldsWriter, FIELD_IS_COMPRESSED, <Primordial,B> >"
"< Application, Lorg/dacapo/parser/ConfigFileTokenManager, jjtoSkip, <Primordial,[J> >"
"< Application, Lorg/apache/lucene/search/function/FieldScoreQuery$Type, FLOAT, <Application,Lorg/apache/lucene/search/function/FieldScoreQuery$Type> >"
"< Application, Lorg/dacapo/harness/TestHarness, PROP_BUILD_VERSION, <Application,Ljava/lang/String> >"
"< Application, Lorg/apache/lucene/index/MergeDocIDRemapper, class$org$apache$lucene$index$MergeDocIDRemapper, <Application,Ljava/lang/Class> >"
"< Application, Lorg/apache/lucene/index/IndexWriter, MESSAGE_ID_LOCK, <Application,Ljava/lang/Object> >"
"< Application, Lorg/dacapo/harness/CommandLineArgs, parser, <Application,Lorg/apache/commons/cli/CommandLineParser> >"
"< Application, Lorg/apache/lucene/index/ConcurrentMergeScheduler, class$org$apache$lucene$index$ConcurrentMergeScheduler, <Application,Ljava/lang/Class> >"
"< Application, Lorg/apache/lucene/index/DocumentsWriter$WaitQueue, $assertionsDisabled, <Primordial,Z> >"
"< Application, Lorg/apache/lucene/demo/html/HTMLParserConstants, CommentText1, <Primordial,I> >"
"< Application, Lorg/dacapo/harness/Benchmark, err, <Application,Lorg/dacapo/harness/TeePrintStream> >"
"< Application, Lorg/dacapo/parser/ConfigFileConstants, BINARY, <Primordial,I> >"
"< Application, Lorg/apache/lucene/search/BooleanScorer$BucketTable, SIZE, <Primordial,I> >"
"< Application, Lorg/apache/lucene/index/CheckIndex, $assertionsDisabled, <Primordial,Z> >"
"< Application, Lorg/apache/lucene/document/Field$Index, NO, <Application,Lorg/apache/lucene/document/Field$Index> >"
"< Application, Lorg/dacapo/harness/Callback$Mode, WARMUP, <Application,Lorg/dacapo/harness/Callback$Mode> >"
"< Application, Lorg/apache/lucene/store/RAMOutputStream, BUFFER_SIZE, <Primordial,I> >"
"< Application, Lorg/apache/lucene/index/FieldsWriter, FORMAT_CURRENT, <Primordial,I> >"
"< Application, Lorg/apache/lucene/analysis/CachingTokenFilter, class$org$apache$lucene$analysis$CachingTokenFilter, <Application,Ljava/lang/Class> >"
"< Application, Lorg/dacapo/parser/ConfigFileConstants, THREAD_LIMIT, <Primordial,I> >"
"< Application, Lorg/apache/lucene/analysis/Token, DEFAULT_TYPE, <Application,Ljava/lang/String> >"
"< Application, Lorg/apache/lucene/search/RemoteSearchable_Stub, serialVersionUID, <Primordial,J> >"
"< Application, Lorg/dacapo/parser/Token, serialVersionUID, <Primordial,J> >"
"< Application, Lorg/apache/lucene/demo/html/HTMLParserConstants, Space, <Primordial,I> >"
"< Application, Lorg/apache/lucene/util/Constants, LINUX, <Primordial,Z> >"
"< Application, Lorg/apache/lucene/search/SortField, LONG, <Primordial,I> >"
"< Application, Lorg/apache/lucene/document/DateTools, MONTH_FORMAT, <Application,Ljava/text/SimpleDateFormat> >"
"< Application, Lorg/apache/lucene/index/ConcurrentMergeScheduler, $assertionsDisabled, <Primordial,Z> >"
"< Application, Lorg/apache/lucene/analysis/KeywordTokenizer, DEFAULT_BUFFER_SIZE, <Primordial,I> >"
"< Application, Lorg/apache/commons/cli/Option, UNINITIALIZED, <Primordial,I> >"
"< Application, Lorg/apache/lucene/util/UnicodeUtil, HALF_BASE, <Primordial,I> >"
"< Application, Lorg/apache/lucene/index/TermVectorsReader, FORMAT_UTF8_LENGTH_IN_BYTES, <Primordial,I> >"
"< Application, Lorg/apache/lucene/document/NumberTools, STR_SIZE, <Primordial,I> >"
"< Application, Lorg/apache/lucene/search/ExtendedFieldCacheImpl, LONG_PARSER, <Application,Lorg/apache/lucene/search/ExtendedFieldCache$LongParser> >"
"< Application, Lorg/apache/lucene/document/NumberTools, MIN_STRING_VALUE, <Application,Ljava/lang/String> >"
"< Application, Lorg/apache/lucene/queryParser/QueryParserConstants, NOT, <Primordial,I> >"
"< Application, Lorg/apache/lucene/index/DocumentsWriter, INT_BLOCK_SIZE, <Primordial,I> >"
"< Application, Lorg/apache/lucene/search/function/ShortFieldSource, class$java$lang$Short, <Application,Ljava/lang/Class> >"
"< Application, Lorg/apache/lucene/demo/html/SimpleCharStream, staticFlag, <Primordial,Z> >"
"< Application, Lorg/apache/lucene/queryParser/QueryParserConstants, PLUS, <Primordial,I> >"
"< Application, Lorg/apache/lucene/search/function/FieldScoreQuery$Type, BYTE, <Application,Lorg/apache/lucene/search/function/FieldScoreQuery$Type> >"
"< Application, Lorg/dacapo/parser/Config$ThreadModel, $VALUES, <Application,[Lorg/dacapo/parser/Config$ThreadModel> >"
"< Application, Lorg/dacapo/parser/ConfigFileTokenManager, jjnextStates, <Primordial,[I> >"
"< Application, Lorg/apache/lucene/document/Document, NO_FIELDABLES, <Application,[Lorg/apache/lucene/document/Fieldable> >"
"< Application, Lorg/apache/lucene/analysis/standard/StandardTokenizerImpl, ZZ_ROWMAP, <Primordial,[I> >"
"< Application, Lorg/apache/lucene/demo/html/HTMLParserConstants, WithinComment1, <Primordial,I> >"
"< Application, Lorg/apache/lucene/util/Constants, JAVA_1_2, <Primordial,Z> >"
"< Application, Lorg/apache/lucene/queryParser/QueryParserConstants, _TERM_CHAR, <Primordial,I> >"
"< Application, Lorg/dacapo/parser/ConfigFileConstants, REPEATS, <Primordial,I> >"
"< Application, Lorg/dacapo/parser/ConfigFileConstants, CLASS, <Primordial,I> >"
"< Application, Lorg/apache/lucene/index/SegmentInfo, CHECK_DIR, <Primordial,I> >"
"< Application, Lorg/apache/lucene/document/DateTools, HOUR_FORMAT, <Application,Ljava/text/SimpleDateFormat> >"
"< Application, Lorg/apache/lucene/demo/IndexHTML, reader, <Application,Lorg/apache/lucene/index/IndexReader> >"
"< Application, Lorg/apache/lucene/queryParser/QueryParserConstants, MINUS, <Primordial,I> >"
"< Application, Lorg/apache/lucene/search/FilterManager, manager, <Application,Lorg/apache/lucene/search/FilterManager> >"
"< Application, Lorg/apache/lucene/index/FieldsWriter, FIELD_IS_TOKENIZED, <Primordial,B> >"
"< Application, Lorg/dacapo/harness/CommandLineArgs, OPT_VERBOSE, <Application,Ljava/lang/String> >"
"< Application, Lorg/dacapo/harness/CommandLineArgs, DEFAULT_MAX_ITERATIONS, <Application,Ljava/lang/String> >"
"< Application, Lorg/apache/lucene/index/TermsHash, $assertionsDisabled, <Primordial,Z> >"
"< Application, Lorg/apache/lucene/search/FieldCacheImpl, SHORT_PARSER, <Application,Lorg/apache/lucene/search/FieldCache$ShortParser> >"
"< Application, Lorg/dacapo/parser/ConfigFileConstants, DIGEST, <Primordial,I> >"
"< Application, Lorg/apache/lucene/index/SegmentInfos, FORMAT_SINGLE_NORM_FILE, <Primordial,I> >"
"< Application, Lorg/dacapo/parser/ConfigFileTokenManager, jjbitVec0, <Primordial,[J> >"
"< Application, Lorg/apache/lucene/document/NumberTools, MAX_STRING_VALUE, <Application,Ljava/lang/String> >"
"< Application, Lorg/apache/lucene/analysis/standard/StandardFilter, $assertionsDisabled, <Primordial,Z> >"
"< Application, Lorg/apache/lucene/analysis/standard/StandardTokenizerImpl, NUM, <Primordial,I> >"
"< Application, Lorg/apache/lucene/queryParser/QueryParser$Operator, AND, <Application,Lorg/apache/lucene/queryParser/QueryParser$Operator> >"
"< Application, Lorg/apache/lucene/util/SortedVIntList, BIT_SHIFT, <Primordial,I> >"
"< Application, Lorg/apache/lucene/analysis/standard/StandardTokenizer, EMAIL, <Primordial,I> >"
"< Application, Lorg/dacapo/parser/Config$ThreadModel, SINGLE, <Application,Lorg/dacapo/parser/Config$ThreadModel> >"
"< Application, Lorg/apache/lucene/search/SortField, BYTE, <Primordial,I> >"
"< Application, Lorg/apache/lucene/document/Field$Store, NO, <Application,Lorg/apache/lucene/document/Field$Store> >"
"< Application, Lorg/apache/lucene/analysis/standard/StandardTokenizerImpl, ZZ_ATTRIBUTE, <Primordial,[I> >"
"< Application, Lorg/dacapo/parser/ConfigFileConstants, OUTPUT, <Primordial,I> >"
"< Application, Lorg/dacapo/harness/Matcher, MATCHING, <Primordial,I> >"
"< Application, Lorg/apache/lucene/index/ByteBlockPool, FIRST_LEVEL_SIZE, <Primordial,I> >"
"< Application, Lorg/apache/lucene/search/RemoteSearchable_Stub, $method_maxDoc_6, <Application,Ljava/lang/reflect/Method> >"
"< Application, Lorg/dacapo/harness/CommandLineArgs, EXIT_BAD_CALLBACK, <Primordial,I> >"
"< Application, Lorg/apache/lucene/analysis/standard/StandardTokenizerImpl, ZZ_ERROR_MSG, <Application,[Ljava/lang/String> >"
"< Application, Lorg/apache/lucene/queryParser/QueryParserConstants, TERM, <Primordial,I> >"
"< Application, Lorg/apache/lucene/store/FSDirectory, HEX_DIGITS, <Primordial,[C> >"
"< Application, Lorg/apache/lucene/analysis/standard/StandardAnalyzer, defaultReplaceInvalidAcronym, <Primordial,Z> >"
"< Application, Lorg/apache/lucene/queryParser/QueryParserConstants, EOF, <Primordial,I> >"
"< Application, Lorg/dacapo/parser/ConfigFileConstants, THREADS, <Primordial,I> >"
"< Application, Lorg/apache/lucene/search/RemoteSearchable_Stub, $method_search_9, <Application,Ljava/lang/reflect/Method> >"
"< Application, Lorg/apache/lucene/document/FieldSelectorResult, SIZE_AND_BREAK, <Application,Lorg/apache/lucene/document/FieldSelectorResult> >"
"< Application, Lorg/apache/lucene/analysis/SinkTokenizer, class$org$apache$lucene$analysis$SinkTokenizer, <Application,Ljava/lang/Class> >"
"< Application, Lorg/apache/lucene/index/TermInfosWriter, $assertionsDisabled, <Primordial,Z> >"
"< Application, Lorg/apache/commons/cli/Options, serialVersionUID, <Primordial,J> >"
"< Application, Lorg/apache/lucene/analysis/standard/StandardTokenizerImpl, EMAIL, <Primordial,I> >"
"< Application, Lorg/dacapo/harness/CommandLineArgs, DEFAULT_SIZE, <Application,Ljava/lang/String> >"
"< Application, Lorg/apache/lucene/index/DocumentsWriter, POINTER_NUM_BYTE, <Primordial,I> >"
"< Application, Lorg/dacapo/harness/CommandLineArgs, RELEASE_NOTES, <Application,Ljava/lang/String> >"
"< Application, Lorg/apache/lucene/demo/html/Entities, encoder, <Application,[Ljava/lang/String> >"
"< Application, Lorg/apache/lucene/index/TermsHashPerField, $assertionsDisabled, <Primordial,Z> >"
"< Application, Lorg/apache/lucene/queryParser/QueryParserConstants, RANGEEX_GOOP, <Primordial,I> >"
"< Application, Lorg/apache/lucene/analysis/LowerCaseFilter, class$org$apache$lucene$analysis$LowerCaseFilter, <Application,Ljava/lang/Class> >"
"< Application, Lorg/apache/lucene/analysis/standard/StandardTokenizerImpl, TOKEN_TYPES, <Application,[Ljava/lang/String> >"
"< Application, Lorg/apache/lucene/index/IndexReader, READ_ONLY_DEFAULT, <Primordial,Z> >"
"< Application, Lorg/apache/lucene/index/IndexFileDeleter, class$org$apache$lucene$index$IndexFileDeleter, <Application,Ljava/lang/Class> >"
"< Application, Lorg/apache/lucene/index/IndexReader$FieldOption, INDEXED_NO_TERMVECTOR, <Application,Lorg/apache/lucene/index/IndexReader$FieldOption> >"
"< Application, Lorg/apache/lucene/demo/html/HTMLParserTokenManager, jjbitVec0, <Primordial,[J> >"
"< Application, Lorg/apache/lucene/store/RAMFile, serialVersionUID, <Primordial,J> >"
"< Application, Lorg/apache/lucene/index/SegmentInfo, class$org$apache$lucene$index$SegmentInfo, <Application,Ljava/lang/Class> >"
"< Application, Lorg/apache/lucene/demo/html/HTMLParserConstants, AfterEquals, <Primordial,I> >"
"< Application, Lorg/apache/lucene/analysis/ISOLatin1AccentFilter, class$org$apache$lucene$analysis$ISOLatin1AccentFilter, <Application,Ljava/lang/Class> >"
"< Application, Lorg/apache/lucene/index/SegmentInfos, FORMAT_DEL_COUNT, <Primordial,I> >"
"< Application, Lorg/apache/lucene/index/IndexFileNames, NON_STORE_INDEX_EXTENSIONS, <Application,[Ljava/lang/String> >"
"< Application, Lorg/apache/lucene/store/BufferedIndexInput, $assertionsDisabled, <Primordial,Z> >"
"< Application, Lorg/apache/lucene/queryParser/QueryParser, MOD_NOT, <Primordial,I> >"
"< Application, Lorg/dacapo/parser/ConfigFileConstants, LINES, <Primordial,I> >"
"< Application, Lorg/apache/lucene/index/TermVectorsReader, FORMAT_VERSION2, <Primordial,I> >"
"< Application, Lorg/dacapo/parser/ConfigFileConstants, DEFAULT, <Primordial,I> >"
"< Application, Lorg/dacapo/parser/ConfigFileConstants, STRING_LITERAL, <Primordial,I> >"
"< Application, Lorg/dacapo/parser/ConfigFileConstants, BYTES, <Primordial,I> >"
"< Application, Lorg/apache/lucene/demo/html/TokenMgrError, STATIC_LEXER_ERROR, <Primordial,I> >"
"< Application, Lorg/apache/lucene/document/NumberTools, NEGATIVE_PREFIX, <Primordial,C> >"
"< Application, Lorg/apache/lucene/document/Field$Index, ANALYZED_NO_NORMS, <Application,Lorg/apache/lucene/document/Field$Index> >"
"< Application, Lorg/dacapo/parser/ConfigFileConstants, LIBS, <Primordial,I> >"
"< Application, Lorg/apache/lucene/analysis/standard/StandardTokenizerImpl, COMPANY, <Primordial,I> >"
"< Application, Lorg/apache/lucene/index/StoredFieldsWriterPerField, class$org$apache$lucene$index$StoredFieldsWriterPerField, <Application,Ljava/lang/Class> >"
"< Application, Lorg/apache/lucene/queryParser/QueryParserTokenManager, jjtoToken, <Primordial,[J> >"
"< Application, Lorg/apache/commons/cli/OptionBuilder, longopt, <Application,Ljava/lang/String> >"
"< Application, Lorg/apache/lucene/queryParser/QueryParserConstants, _WHITESPACE, <Primordial,I> >"
"< Application, Lorg/apache/lucene/index/MergeDocIDRemapper, $assertionsDisabled, <Primordial,Z> >"
"< Application, Lorg/apache/lucene/index/DocumentsWriter, BYTE_BLOCK_MASK, <Primordial,I> >"
"< Application, Lorg/apache/lucene/index/SegmentInfos, CURRENT_FORMAT, <Primordial,I> >"
"< Application, Lorg/dacapo/parser/ConfigFileConstants, METHOD, <Primordial,I> >"
"< Application, Lorg/dacapo/parser/ConfigFileConstants, IDENT, <Primordial,I> >"
"< Application, Lorg/apache/lucene/index/SegmentMerger, NORMS_HEADER, <Primordial,[B> >"
"< Application, Lorg/apache/lucene/analysis/StopFilter, class$org$apache$lucene$analysis$StopFilter, <Application,Ljava/lang/Class> >"
"< Application, Lorg/apache/lucene/demo/html/Tags, WS_ELEMS, <Application,Ljava/util/Set> >"
"< Application, Lorg/apache/lucene/index/IndexReader$FieldOption, TERMVECTOR_WITH_POSITION_OFFSET, <Application,Lorg/apache/lucene/index/IndexReader$FieldOption> >"
"< Application, Lorg/apache/lucene/analysis/standard/StandardAnalyzer, STOP_WORDS, <Application,[Ljava/lang/String> >"
"< Application, Lorg/apache/lucene/document/DateTools, MINUTE_FORMAT, <Application,Ljava/text/SimpleDateFormat> >"
"< Application, Lorg/apache/lucene/queryParser/QueryParserConstants, QUOTED, <Primordial,I> >"
"< Application, Lorg/apache/lucene/analysis/standard/StandardTokenizerImpl, ZZ_CMAP, <Primordial,[C> >"
"< Application, Lorg/apache/lucene/index/NormsWriter, defaultNorm, <Primordial,B> >"
"< Application, Lorg/apache/lucene/index/ConcurrentMergeScheduler$MergeThread, $assertionsDisabled, <Primordial,Z> >"
"< Application, Lorg/apache/lucene/index/DocumentsWriter, MAX_THREAD_STATE, <Primordial,I> >"
"< Application, Lorg/dacapo/parser/TokenMgrError, LEXICAL_ERROR, <Primordial,I> >"
"< Application, Lorg/apache/lucene/index/SegmentInfos, FORMAT_SHARED_DOC_STORE, <Primordial,I> >"
"< Application, Lorg/apache/lucene/index/SegmentReader$Norm, $assertionsDisabled, <Primordial,Z> >"
"< Application, Lorg/apache/lucene/analysis/standard/StandardTokenizer, TOKEN_TYPES, <Application,[Ljava/lang/String> >"
"< Application, Lorg/apache/lucene/search/WildcardTermEnum, WILDCARD_STRING, <Primordial,C> >"
"< Application, Lorg/dacapo/harness/CommandLineArgs, EXIT_MISSING_CALLBACK, <Primordial,I> >"
"< Application, Lorg/apache/lucene/index/FieldsWriter, FORMAT_VERSION_UTF8_LENGTH_IN_BYTES, <Primordial,I> >"
"< Application, Lorg/dacapo/harness/CommandLineArgs, OPT_NO_VALIDATION, <Application,Ljava/lang/String> >"
"< Application, Lorg/dacapo/parser/ConfigFileConstants, SINGLE, <Primordial,I> >"
"< Application, Lorg/apache/lucene/search/BooleanScorer2, defaultSimilarity, <Application,Lorg/apache/lucene/search/Similarity> >"
"< Application, Lorg/dacapo/parser/ConfigFileTokenManager, jjtoMore, <Primordial,[J> >"
"< Application, Lorg/dacapo/parser/TokenMgrError, LOOP_DETECTED, <Primordial,I> >"
"< Application, Lorg/apache/lucene/demo/html/HTMLParserConstants, Punct, <Primordial,I> >"
"< Application, Lorg/apache/lucene/analysis/standard/StandardTokenizerImpl, ZZ_BUFFERSIZE, <Primordial,I> >"
"< Application, Lorg/apache/lucene/demo/html/HTMLParserTokenManager, jjtoToken, <Primordial,[J> >"
"< Application, Lorg/apache/lucene/index/SegmentInfos, defaultGenFileRetryCount, <Primordial,I> >"
"< Application, Lorg/apache/lucene/index/DocFieldConsumersPerThread, $assertionsDisabled, <Primordial,Z> >"
"< Application, Lorg/apache/lucene/analysis/standard/StandardTokenizerImpl, ZZ_PUSHBACK_2BIG, <Primordial,I> >"
"< Application, Lorg/apache/lucene/index/IndexWriter, DEFAULT_TERM_INDEX_INTERVAL, <Primordial,I> >"
"< Application, Lorg/apache/lucene/index/IndexFileNames, SEGMENTS_GEN, <Application,Ljava/lang/String> >"
"< Application, Lorg/apache/lucene/analysis/StopFilter, $assertionsDisabled, <Primordial,Z> >"
"< Application, Lorg/dacapo/harness/Callback$Mode, $VALUES, <Application,[Lorg/dacapo/harness/Callback$Mode> >"
"< Application, Lorg/apache/lucene/demo/html/HTMLParserConstants, ArgValue, <Primordial,I> >"
"< Application, Lorg/apache/lucene/index/StoredFieldsWriterPerField, $assertionsDisabled, <Primordial,Z> >"
"< Application, Lorg/dacapo/parser/Config, threadCountOverride, <Primordial,I> >"
"< Application, Lorg/apache/commons/cli/PatternOptionBuilder, EXISTING_FILE_VALUE, <Application,Ljava/lang/Class> >"
"< Application, Lorg/dacapo/parser/ConfigFileConstants, KEEP, <Primordial,I> >"
"< Application, Lorg/dacapo/parser/ConfigFileConstants, TEXT, <Primordial,I> >"
"< Application, Lorg/apache/lucene/index/DocFieldConsumersPerThread, class$org$apache$lucene$index$DocFieldConsumersPerThread, <Application,Ljava/lang/Class> >"
"< Application, Lorg/apache/lucene/index/TermVectorsTermsWriterPerField, class$org$apache$lucene$index$TermVectorsTermsWriterPerField, <Application,Ljava/lang/Class> >"
"< Application, Lorg/apache/lucene/search/function/IntFieldSource, class$org$apache$lucene$search$function$IntFieldSource, <Application,Ljava/lang/Class> >"
"< Application, Lorg/apache/lucene/document/FieldSelectorResult, LAZY_LOAD, <Application,Lorg/apache/lucene/document/FieldSelectorResult> >"
"< Application, Lorg/dacapo/harness/CommandLineArgs, OPT_HELP, <Application,Ljava/lang/String> >"
"< Application, Lorg/apache/lucene/store/NIOFSDirectory$NIOFSIndexInput, $assertionsDisabled, <Primordial,Z> >"
"< Application, Lorg/apache/lucene/queryParser/QueryParserConstants, FUZZY_SLOP, <Primordial,I> >"
"< Application, Lorg/apache/commons/cli/HelpFormatter, DEFAULT_ARG_NAME, <Application,Ljava/lang/String> >"
"< Application, Lorg/apache/lucene/queryParser/TokenMgrError, LEXICAL_ERROR, <Primordial,I> >"
"< Application, Lorg/dacapo/parser/ConfigFileConstants, STDERR, <Primordial,I> >"
"< Application, Lorg/dacapo/harness/CommandLineArgs, DEFAULT_ITERATIONS, <Application,Ljava/lang/String> >"
"< Application, Lorg/apache/lucene/demo/html/HTMLParserConstants, WithinQuote2, <Primordial,I> >"
"< Application, Lorg/apache/lucene/index/ConcurrentMergeScheduler, allInstances, <Application,Ljava/util/List> >"
"< Application, Lorg/apache/lucene/index/DocumentsWriter$ByteBlockAllocator, $assertionsDisabled, <Primordial,Z> >"
"< Application, Lorg/apache/lucene/analysis/CachingTokenFilter, $assertionsDisabled, <Primordial,Z> >"
"< Application, Lorg/apache/lucene/index/CheckIndex, assertsOn, <Primordial,Z> >"
"< Application, Lorg/apache/lucene/document/Field$TermVector, WITH_OFFSETS, <Application,Lorg/apache/lucene/document/Field$TermVector> >"
"< Application, Lorg/apache/commons/cli/PatternOptionBuilder, STRING_VALUE, <Application,Ljava/lang/Class> >"
"< Application, Lorg/apache/lucene/index/IndexWriter, MAX_TERM_LENGTH, <Primordial,I> >"
"< Application, Lorg/apache/lucene/search/Sort, INDEXORDER, <Application,Lorg/apache/lucene/search/Sort> >"
"< Application, Lorg/dacapo/parser/ConfigFileConstants, COPYRIGHT, <Primordial,I> >"
"< Application, Lorg/apache/lucene/document/Document, NO_STRINGS, <Application,[Ljava/lang/String> >"
"< Application, Lorg/apache/lucene/queryParser/QueryParserConstants, STAR, <Primordial,I> >"
"< Application, Lorg/apache/lucene/index/IndexFileNames, COMPOUND_FILE_EXTENSION, <Application,Ljava/lang/String> >"
"< Application, Lorg/apache/lucene/document/DateTools$Resolution, SECOND, <Application,Lorg/apache/lucene/document/DateTools$Resolution> >"
"< Application, Lorg/apache/lucene/search/function/ReverseOrdFieldSource, hcode, <Primordial,I> >"
"< Application, Lorg/apache/lucene/queryParser/QueryParserConstants, RangeIn, <Primordial,I> >"
"< Application, Lorg/apache/lucene/search/RemoteSearchable_Stub, class$org$apache$lucene$document$FieldSelector, <Application,Ljava/lang/Class> >"
"< Application, Lorg/dacapo/harness/CommandLineArgs, EXIT_UNKNOWN_BENCHMARK, <Primordial,I> >"
"< Application, Lorg/dacapo/parser/ConfigFileConstants, FILTER, <Primordial,I> >"
"< Application, Lorg/apache/lucene/index/SegmentReader, IMPL, <Application,Ljava/lang/Class> >"
"< Application, Lorg/apache/lucene/analysis/standard/StandardTokenizerImpl, HOST, <Primordial,I> >"
"< Application, Lorg/apache/lucene/demo/html/HTMLParserConstants, Entity, <Primordial,I> >"
"< Application, Lorg/apache/lucene/index/RawPostingList, BYTES_SIZE, <Primordial,I> >"
"< Application, Lorg/apache/lucene/search/FuzzyTermEnum, TYPICAL_LONGEST_WORD_IN_INDEX, <Primordial,I> >"
"< Application, Lorg/apache/lucene/search/BooleanClause$Occur, SHOULD, <Application,Lorg/apache/lucene/search/BooleanClause$Occur> >"
"< Application, Lorg/apache/lucene/demo/html/HTMLParserConstants, HEX, <Primordial,I> >"
"< Application, Lorg/apache/lucene/analysis/standard/StandardTokenizer, COMPANY, <Primordial,I> >"
"< Application, Lorg/apache/lucene/search/RemoteSearchable_Stub, $method_doc_1, <Application,Ljava/lang/reflect/Method> >"
"< Application, Lorg/apache/lucene/index/IndexFileNames, FIELDS_INDEX_EXTENSION, <Application,Ljava/lang/String> >"
"< Application, Lorg/apache/lucene/search/function/ByteFieldSource, class$org$apache$lucene$search$function$ByteFieldSource, <Application,Ljava/lang/Class> >"
"< Application, Lorg/apache/lucene/analysis/standard/StandardTokenizer, HOST, <Primordial,I> >"
"< Application, Lorg/dacapo/harness/Matcher, MATCHED, <Primordial,I> >"
"< Application, Lorg/apache/lucene/index/IndexReader$FieldOption, TERMVECTOR_WITH_OFFSET, <Application,Lorg/apache/lucene/index/IndexReader$FieldOption> >"
"< Application, Lorg/dacapo/harness/ChordHarness, PROP_BUILD_VERSION, <Application,Ljava/lang/String> >"
"< Application, Lorg/apache/lucene/search/FieldCacheImpl, FLOAT_PARSER, <Application,Lorg/apache/lucene/search/FieldCache$FloatParser> >"
"< Application, Lorg/apache/lucene/demo/html/HTMLParserConstants, SP, <Primordial,I> >"
"< Application, Lorg/apache/lucene/util/BitUtil, ntzTable, <Primordial,[B> >"
"< Application, Lorg/apache/lucene/analysis/LengthFilter, $assertionsDisabled, <Primordial,Z> >"
"< Application, Lorg/apache/lucene/index/NormsWriterPerField, $assertionsDisabled, <Primordial,Z> >"
"< Application, Lorg/apache/lucene/demo/HTMLDocument, dirSep, <Primordial,C> >"
"< Application, Lorg/apache/lucene/index/IndexWriter, DEFAULT_MAX_FIELD_LENGTH, <Primordial,I> >"
"< Application, Lorg/apache/lucene/index/IndexWriter, MESSAGE_ID, <Primordial,I> >"
"< Application, Lorg/apache/lucene/search/function/IntFieldSource, class$java$lang$Integer, <Application,Ljava/lang/Class> >"
"< Application, Lorg/dacapo/parser/ConfigFileConstants, LPAREN, <Primordial,I> >"
"< Application, Lorg/dacapo/parser/ConfigFileConstants, EXISTS, <Primordial,I> >"
"< Application, Lorg/apache/lucene/index/FieldInfos, OMIT_NORMS, <Primordial,B> >"
"< Application, Lorg/apache/commons/cli/HelpFormatter, DEFAULT_OPT_PREFIX, <Application,Ljava/lang/String> >"
"< Application, Lorg/dacapo/harness/CommandLineArgs, DEFAULT_SCRATCH_DIRECTORY, <Application,Ljava/lang/String> >"
"< Application, Lorg/apache/lucene/index/TermVectorsTermsWriter, class$org$apache$lucene$index$TermVectorsTermsWriter, <Application,Ljava/lang/Class> >"
"< Application, Lorg/apache/commons/cli/PatternOptionBuilder, FILES_VALUE, <Application,Ljava/lang/Class> >"
"< Application, Lorg/apache/lucene/util/UnicodeUtil, UNI_REPLACEMENT_CHAR, <Primordial,I> >"
"< Application, Lorg/apache/lucene/index/ConcurrentMergeScheduler, anyExceptions, <Primordial,Z> >"
"< Application, Lorg/apache/lucene/document/DateTools$Resolution, MILLISECOND, <Application,Lorg/apache/lucene/document/DateTools$Resolution> >"
"< Application, Lorg/apache/lucene/analysis/standard/StandardTokenizer, tokenImage, <Application,[Ljava/lang/String> >"
"< Application, Lorg/apache/lucene/index/TermsHashPerField, class$org$apache$lucene$index$TermsHashPerField, <Application,Ljava/lang/Class> >"
"< Application, Lorg/apache/lucene/index/SegmentTermPositions, $assertionsDisabled, <Primordial,Z> >"
"< Application, Lorg/apache/lucene/index/TermVectorsReader, $assertionsDisabled, <Primordial,Z> >"
"< Application, Lorg/apache/lucene/demo/html/HTMLParserConstants, WithinScript, <Primordial,I> >"
"< Application, Lorg/apache/lucene/search/SortField, SCORE, <Primordial,I> >"
"< Application, Lorg/apache/lucene/queryParser/QueryParser$Operator, OR, <Application,Lorg/apache/lucene/queryParser/QueryParser$Operator> >"
"< Application, Lorg/apache/lucene/index/SegmentTermPositionVector, EMPTY_TERM_POS, <Primordial,[I> >"
"< Application, Lorg/apache/lucene/index/LogMergePolicy, DEFAULT_MERGE_FACTOR, <Primordial,I> >"
"< Application, Lorg/apache/lucene/search/SortField, DOC, <Primordial,I> >"
"< Application, Lorg/apache/lucene/index/IndexFileNames, VECTORS_INDEX_EXTENSION, <Application,Ljava/lang/String> >"
"< Application, Lorg/apache/lucene/index/IndexFileDeleter$RefCount, $assertionsDisabled, <Primordial,Z> >"
"< Application, Lorg/apache/lucene/index/IndexWriter, DEFAULT_MAX_BUFFERED_DELETE_TERMS, <Primordial,I> >"
"< Application, Lorg/apache/lucene/index/IndexFileNames, SEGMENTS, <Application,Ljava/lang/String> >"
"< Application, Lorg/apache/lucene/index/FieldInfos, STORE_PAYLOADS, <Primordial,B> >"
"< Application, Lorg/apache/lucene/index/TermVectorsTermsWriterPerField, $assertionsDisabled, <Primordial,Z> >"
"< Application, Lorg/apache/lucene/store/NIOFSDirectory, class$org$apache$lucene$store$NIOFSDirectory, <Application,Ljava/lang/Class> >"
"< Application, Lorg/dacapo/harness/CommandLineArgs, EXIT_BAD_COMMANDLINE, <Primordial,I> >"
"< Application, Lorg/dacapo/harness/DacapoException, serialVersionUID, <Primordial,J> >"
"< Application, Lorg/apache/commons/cli/Option, UNLIMITED_VALUES, <Primordial,I> >"
"< Application, Lorg/apache/lucene/demo/html/HTMLParserConstants, TagName, <Primordial,I> >"
"< Application, Lorg/apache/lucene/index/IndexFileNames, FIELDS_EXTENSION, <Application,Ljava/lang/String> >"
"< Application, Lorg/dacapo/harness/Callback, $assertionsDisabled, <Primordial,Z> >"
"< Application, Lorg/apache/lucene/search/RemoteSearchable_Stub, $method_explain_5, <Application,Ljava/lang/reflect/Method> >"
"< Application, Lorg/apache/lucene/index/TermInfosWriter, FORMAT_CURRENT, <Primordial,I> >"
"< Application, Lorg/apache/lucene/index/DocumentsWriter, BYTE_BLOCK_SIZE, <Primordial,I> >"
"< Application, Lorg/apache/lucene/demo/html/HTMLParserConstants, NUM, <Primordial,I> >"
"< Application, Lorg/apache/lucene/analysis/standard/StandardTokenizer, ALPHANUM, <Primordial,I> >"
"< Application, Lorg/apache/lucene/analysis/PorterStemmer, EXTRA, <Primordial,I> >"
"< Application, Lorg/apache/lucene/queryParser/QueryParser, MOD_NONE, <Primordial,I> >"
"< Application, Lorg/apache/lucene/index/ByteSliceWriter, class$org$apache$lucene$index$ByteSliceWriter, <Application,Ljava/lang/Class> >"
"< Application, Lorg/dacapo/harness/TestHarness, two_dp, <Application,Ljava/text/DecimalFormat> >"
"< Application, Lorg/apache/lucene/index/LogMergePolicy, class$org$apache$lucene$index$LogMergePolicy, <Application,Ljava/lang/Class> >"
"< Application, Lorg/apache/lucene/search/RemoteSearchable_Stub, $method_close_0, <Application,Ljava/lang/reflect/Method> >"
"< Application, Lorg/dacapo/harness/CommandLineArgs, OPT_CONFIG, <Application,Ljava/lang/String> >"
"< Application, Lorg/apache/lucene/analysis/TokenStream, class$org$apache$lucene$analysis$TokenStream, <Application,Ljava/lang/Class> >"
"< Application, Lorg/apache/lucene/index/StoredFieldsWriter, $assertionsDisabled, <Primordial,Z> >"
"< Application, Lorg/apache/lucene/index/DirectoryIndexReader, class$org$apache$lucene$index$DirectoryIndexReader, <Application,Ljava/lang/Class> >"
"< Application, Lorg/apache/lucene/document/FieldSelectorResult, SIZE, <Application,Lorg/apache/lucene/document/FieldSelectorResult> >"
"< Application, Lorg/dacapo/parser/ConfigFile, jj_la1_0, <Primordial,[I> >"
"< Application, Lorg/apache/lucene/util/Constants, SUN_OS, <Primordial,Z> >"
"< Application, Lorg/apache/lucene/index/DocumentsWriter, INT_BLOCK_MASK, <Primordial,I> >"
"< Application, Lorg/apache/lucene/index/LogMergePolicy, DEFAULT_MAX_MERGE_DOCS, <Primordial,I> >"
"< Application, Lorg/apache/commons/cli/OptionBuilder, required, <Primordial,Z> >"
"< Application, Lorg/apache/lucene/document/Field$TermVector, WITH_POSITIONS_OFFSETS, <Application,Lorg/apache/lucene/document/Field$TermVector> >"
"< Application, Lorg/dacapo/harness/TestHarness, BUILD_NICKNAME, <Application,Ljava/lang/String> >"
"< Application, Lorg/apache/lucene/store/IndexOutput, COPY_BUFFER_SIZE, <Primordial,I> >"
"< Application, Lorg/apache/lucene/demo/html/HTMLParserConstants, CommentEnd2, <Primordial,I> >"
"< Application, Lorg/apache/lucene/index/IndexFileNames, SEPARATE_NORMS_EXTENSION, <Application,Ljava/lang/String> >"
"< Application, Lorg/apache/lucene/search/FieldCache, STRING_INDEX, <Primordial,I> >"
"< Application, Lorg/apache/lucene/index/TermVectorsReader, FORMAT_CURRENT, <Primordial,I> >"
"< Application, Lorg/apache/lucene/queryParser/QueryParserConstants, WILDTERM, <Primordial,I> >"
"< Application, Lorg/apache/lucene/index/DocFieldConsumers, $assertionsDisabled, <Primordial,Z> >"
"< Application, Lorg/dacapo/parser/ConfigFileConstants, IN_FORMAL_COMMENT, <Primordial,I> >"
"< Application, Lorg/apache/lucene/queryParser/QueryParserConstants, DEFAULT, <Primordial,I> >"
"< Application, Lorg/apache/lucene/index/ByteSliceReader, class$org$apache$lucene$index$ByteSliceReader, <Application,Ljava/lang/Class> >"
"< Application, Lorg/apache/lucene/analysis/standard/StandardAnalyzer, DEFAULT_MAX_TOKEN_LENGTH, <Primordial,I> >"
"< Application, Lorg/dacapo/parser/ConfigFileConstants, DESCRIPTION, <Primordial,I> >"
"< Application, Lorg/dacapo/harness/Benchmark, BUFFER_SIZE, <Primordial,I> >"
"< Application, Lorg/apache/lucene/analysis/TokenStream, $assertionsDisabled, <Primordial,Z> >"
"< Application, Lorg/apache/lucene/analysis/standard/StandardTokenizerImpl, ZZ_UNKNOWN_ERROR, <Primordial,I> >"
"< Application, Lorg/apache/lucene/util/UnicodeUtil, UNI_SUR_HIGH_START, <Primordial,I> >"
"< Application, Lorg/dacapo/harness/CommandLineArgs, options, <Application,Lorg/apache/commons/cli/Options> >"
"< Application, Lorg/apache/lucene/demo/html/HTMLParserConstants, CommentEnd1, <Primordial,I> >"
"< Application, Lorg/dacapo/parser/Config$ThreadModel, PER_CPU, <Application,Lorg/dacapo/parser/Config$ThreadModel> >"
"< Application, Lorg/apache/lucene/analysis/StopAnalyzer, ENGLISH_STOP_WORDS, <Application,[Ljava/lang/String> >"
"< Application, Lorg/apache/lucene/index/FieldsWriter, FORMAT, <Primordial,I> >"
"< Application, Lorg/apache/lucene/demo/html/HTMLParserConstants, ScriptStart, <Primordial,I> >"
"< Application, Lorg/dacapo/harness/Benchmark, validateOutput, <Primordial,Z> >"
"< Application, Lorg/apache/commons/cli/PatternOptionBuilder, OBJECT_VALUE, <Application,Ljava/lang/Class> >"
"< Application, Lorg/apache/lucene/search/Similarity, NORM_TABLE, <Primordial,[F> >"
"< Application, Lorg/apache/lucene/demo/html/HTMLParserTokenManager, lexStateNames, <Application,[Ljava/lang/String> >"
"< Application, Lorg/apache/lucene/queryParser/QueryParser, CONJ_OR, <Primordial,I> >"
"< Application, Lorg/apache/lucene/queryParser/QueryParserConstants, _ESCAPED_CHAR, <Primordial,I> >"
"< Application, Lorg/apache/lucene/analysis/standard/StandardTokenizerImpl, YYINITIAL, <Primordial,I> >"
"< Application, Lorg/apache/lucene/index/FieldsReader, $assertionsDisabled, <Primordial,Z> >"
"< Application, Lorg/dacapo/harness/CommandLineArgs, OPT_PRESERVE, <Application,Ljava/lang/String> >"
"< Application, Lorg/apache/lucene/index/IndexFileNames, VECTORS_FIELDS_EXTENSION, <Application,Ljava/lang/String> >"
"< Application, Lorg/apache/lucene/index/IndexFileNames, PLAIN_NORMS_EXTENSION, <Application,Ljava/lang/String> >"
"< Application, Lorg/apache/lucene/search/SortField, AUTO, <Primordial,I> >"
"< Application, Lorg/apache/lucene/queryParser/QueryParser, jj_la1_1, <Primordial,[I> >"
"< Application, Lorg/apache/lucene/index/IndexWriter, DEFAULT_RAM_BUFFER_SIZE_MB, <Primordial,D> >"
"< Application, Lorg/apache/commons/cli/HelpFormatter, DEFAULT_DESC_PAD, <Primordial,I> >"
"< Application, Lorg/apache/lucene/queryParser/QueryParserConstants, tokenImage, <Application,[Ljava/lang/String> >"
"< Application, Lorg/dacapo/harness/Benchmark, savedOut, <Application,Ljava/io/PrintStream> >"
"< Application, Lorg/apache/lucene/index/CompoundFileWriter, class$org$apache$lucene$index$CompoundFileWriter, <Application,Ljava/lang/Class> >"
"< Application, Lorg/dacapo/parser/ConfigFileConstants, LONG, <Primordial,I> >"
"< Application, Lorg/apache/lucene/index/IndexReader$FieldOption, UNINDEXED, <Application,Lorg/apache/lucene/index/IndexReader$FieldOption> >"
"< Application, Lorg/dacapo/harness/Matcher, NOMATCH, <Primordial,I> >"
"< Application, Lorg/apache/lucene/analysis/standard/StandardTokenizer, class$org$apache$lucene$analysis$standard$StandardTokenizer, <Application,Ljava/lang/Class> >"
"< Application, Lorg/dacapo/parser/ConfigFileConstants, THREAD_MODEL, <Primordial,I> >"
"< Application, Lorg/apache/lucene/index/IndexFileNames, TERMS_INDEX_EXTENSION, <Application,Ljava/lang/String> >"
"< Application, Lorg/dacapo/harness/ChordHarness, PROP_BUILD_NICKNAME, <Application,Ljava/lang/String> >"
"< Application, Lorg/apache/lucene/search/SortField, SHORT, <Primordial,I> >"
"< Application, Lorg/dacapo/harness/Benchmark, preserve, <Primordial,Z> >"
"< Application, Lorg/dacapo/harness/CommandLineArgs, DEFAULT_WINDOW_SIZE, <Application,Ljava/lang/String> >"
"< Application, Lorg/apache/lucene/search/TermScorer, SCORE_CACHE_SIZE, <Primordial,I> >"
"< Application, Lorg/apache/lucene/analysis/standard/StandardTokenizerImpl, ZZ_ATTRIBUTE_PACKED_0, <Application,Ljava/lang/String> >"
"< Application, Lorg/apache/lucene/analysis/standard/StandardTokenizerImpl, ZZ_TRANS_PACKED_0, <Application,Ljava/lang/String> >"
"< Application, Lorg/apache/lucene/index/IndexFileNames, COMPOUND_FILE_STORE_EXTENSION, <Application,Ljava/lang/String> >"
"< Application, Lorg/apache/lucene/index/IndexWriter, DEFAULT_MERGE_FACTOR, <Primordial,I> >"
"< Application, Lorg/dacapo/harness/Matcher, err, <Application,Ljava/io/PrintStream> >"
"< Application, Lorg/apache/lucene/index/DocumentsWriter, CHAR_BLOCK_MASK, <Primordial,I> >"
"< Application, Lorg/dacapo/harness/Benchmark, preIterationGC, <Primordial,Z> >"
"< Application, Lorg/apache/lucene/util/OpenBitSetIterator, bitlist, <Primordial,[I> >"
"< Application, Lorg/apache/lucene/index/IndexFileNames, GEN_EXTENSION, <Application,Ljava/lang/String> >"
"< Application, Lorg/dacapo/parser/ConfigFileConstants, HEX_STRING, <Primordial,I> >"
"< Application, Lorg/dacapo/harness/CommandLineArgs, OPT_SIZE, <Application,Ljava/lang/String> >"
"< Application, Lorg/apache/lucene/index/TermInfosWriter, FORMAT, <Primordial,I> >"
"< Application, Lorg/apache/lucene/search/SortField, FIELD_SCORE, <Application,Lorg/apache/lucene/search/SortField> >"
"< Application, Lorg/apache/lucene/analysis/standard/StandardTokenizer, $assertionsDisabled, <Primordial,Z> >"
"< Application, Lorg/apache/lucene/index/IndexReader$FieldOption, INDEXED, <Application,Lorg/apache/lucene/index/IndexReader$FieldOption> >"
"< Application, Lorg/apache/lucene/document/DateTools, DAY_FORMAT, <Application,Ljava/text/SimpleDateFormat> >"
"< Application, Lorg/dacapo/harness/TestHarness, commandLineArgs, <Application,Lorg/dacapo/harness/CommandLineArgs> >"
"< Application, Lorg/apache/lucene/demo/html/HTMLParserConstants, EOF, <Primordial,I> >"
"< Application, Lorg/dacapo/parser/ConfigFileConstants, SHORT, <Primordial,I> >"
"< Application, Lorg/dacapo/harness/CommandLineArgs, OPT_LIST_BENCHMARKS, <Application,Ljava/lang/String> >"
"< Application, Lorg/dacapo/harness/LatexDescriptions, items, <Application,[Ljava/lang/String> >"
"< Application, Lorg/apache/lucene/util/OpenBitSetDISI, class$org$apache$lucene$util$OpenBitSetDISI, <Application,Ljava/lang/Class> >"
"< Application, Lorg/apache/lucene/index/SegmentInfo, WITHOUT_GEN, <Primordial,I> >"
"< Application, Lorg/apache/lucene/analysis/standard/StandardTokenizerImpl, ZZ_ACTION_PACKED_0, <Application,Ljava/lang/String> >"
"< Application, Lorg/apache/lucene/demo/html/HTMLParserConstants, TagEnd, <Primordial,I> >"
"< Application, Lorg/apache/lucene/store/BufferedIndexInput, BUFFER_SIZE, <Primordial,I> >"
"< Application, Lorg/apache/lucene/analysis/standard/StandardTokenizer, ACRONYM, <Primordial,I> >"
"< Application, Lorg/apache/lucene/store/FSDirectory, DIGESTER, <Application,Ljava/security/MessageDigest> >"
"< Application, Lorg/apache/lucene/demo/html/HTMLParserConstants, DeclName, <Primordial,I> >"
"< Application, Lorg/apache/lucene/analysis/KeywordTokenizer, class$org$apache$lucene$analysis$KeywordTokenizer, <Application,Ljava/lang/Class> >"
"< Application, Lorg/apache/lucene/index/FreqProxTermsWriterPerField, $assertionsDisabled, <Primordial,Z> >"
"< Application, Lorg/apache/lucene/util/DocIdBitSet, class$org$apache$lucene$util$DocIdBitSet, <Application,Ljava/lang/Class> >"
"< Application, Lorg/apache/lucene/analysis/standard/StandardFilter, ACRONYM_TYPE, <Application,Ljava/lang/String> >"
"< Application, Lorg/apache/lucene/index/IndexReader$FieldOption, INDEXED_WITH_TERMVECTOR, <Application,Lorg/apache/lucene/index/IndexReader$FieldOption> >"
"< Application, Lorg/apache/lucene/store/RAMOutputStream, class$org$apache$lucene$store$RAMOutputStream, <Application,Ljava/lang/Class> >"
"< Application, Lorg/apache/lucene/util/OpenBitSetDISI, $assertionsDisabled, <Primordial,Z> >"
"< Application, Lorg/apache/lucene/demo/html/HTMLParserConstants, Quote2Text, <Primordial,I> >"
"< Application, Lorg/dacapo/harness/TestHarness, BUILD_VERSION, <Application,Ljava/lang/String> >"
"< Application, Lorg/apache/lucene/demo/html/HTMLParserConstants, WithinComment2, <Primordial,I> >"
"< Application, Lorg/dacapo/harness/CommandLineArgs, OPT_THREAD_FACTOR, <Application,Ljava/lang/String> >"
"< Application, Lorg/dacapo/parser/ConfigFileConstants, SINGLE_LINE_COMMENT, <Primordial,I> >"
"< Application, Lorg/apache/lucene/util/Parameter, allParameters, <Application,Ljava/util/Map> >"
"< Application, Lorg/apache/lucene/util/UnicodeUtil, UNI_SUR_HIGH_END, <Primordial,I> >"
"< Application, Lorg/apache/lucene/demo/html/HTMLParserConstants, DEFAULT, <Primordial,I> >"
"< Application, Lorg/apache/lucene/analysis/standard/StandardTokenizer, APOSTROPHE, <Primordial,I> >"
"< Application, Lorg/dacapo/harness/Benchmark, verbose, <Primordial,Z> >"
"< Application, Lorg/apache/lucene/index/SegmentInfo, NO, <Primordial,I> >"
"< Application, Lorg/apache/lucene/analysis/TeeTokenFilter, $assertionsDisabled, <Primordial,Z> >"
"< Application, Lorg/dacapo/harness/TestHarness, BuildVersion, <Application,Ljava/lang/String> >"
"< Application, Lorg/dacapo/harness/CommandLineArgs, DEFAULT_THREAD_COUNT, <Application,Ljava/lang/String> >"
"< Application, Lorg/dacapo/harness/CommandLineArgs, OPT_THREAD_COUNT, <Application,Ljava/lang/String> >"
"< Application, Lorg/apache/lucene/document/DateTools, GMT, <Application,Ljava/util/TimeZone> >"
"< Application, Lorg/apache/lucene/index/TermVectorsReader, STORE_POSITIONS_WITH_TERMVECTOR, <Primordial,B> >"
"< Application, Lorg/dacapo/harness/ChordHarness, BuildVersion, <Application,Ljava/lang/String> >"
"< Application, Lorg/apache/lucene/demo/IndexHTML, uidIter, <Application,Lorg/apache/lucene/index/TermEnum> >"
"< Application, Lorg/apache/lucene/search/function/FieldScoreQuery$Type, SHORT, <Application,Lorg/apache/lucene/search/function/FieldScoreQuery$Type> >"
"< Application, Lorg/apache/lucene/search/FieldCache, DEFAULT, <Application,Lorg/apache/lucene/search/FieldCache> >"
"< Application, Lorg/apache/lucene/search/spans/NearSpansOrdered, class$org$apache$lucene$search$spans$NearSpansOrdered, <Application,Ljava/lang/Class> >"
"< Application, Lorg/apache/lucene/document/Field$Store, COMPRESS, <Application,Lorg/apache/lucene/document/Field$Store> >"
"< Application, Lorg/apache/lucene/index/DocumentsWriter, INT_NUM_BYTE, <Primordial,I> >"
"< Application, Lorg/apache/lucene/document/NumberTools, POSITIVE_PREFIX, <Primordial,C> >"
"< Application, Lorg/apache/lucene/queryParser/QueryParserConstants, COLON, <Primordial,I> >"
"< Application, Lorg/apache/lucene/document/Field$Index, ANALYZED, <Application,Lorg/apache/lucene/document/Field$Index> >"
"< Application, Lorg/apache/commons/cli/HelpFormatter, DEFAULT_SYNTAX_PREFIX, <Application,Ljava/lang/String> >"
"< Application, Lorg/dacapo/harness/ChordHarness, BUILD_VERSION, <Application,Ljava/lang/String> >"
"< Application, Lorg/apache/lucene/search/function/FieldScoreQuery$Type, INT, <Application,Lorg/apache/lucene/search/function/FieldScoreQuery$Type> >"
"< Application, Lorg/apache/lucene/search/RemoteSearchable_Stub, class$org$apache$lucene$search$Searchable, <Application,Ljava/lang/Class> >"
"< Application, Lorg/dacapo/parser/ConfigFileConstants, AUTHOR, <Primordial,I> >"
"< Application, Lorg/apache/lucene/util/CloseableThreadLocal, $assertionsDisabled, <Primordial,Z> >"
"< Application, Lorg/apache/lucene/search/RemoteSearchable_Stub, class$org$apache$lucene$search$Weight, <Application,Ljava/lang/Class> >"
"< Application, Lorg/apache/commons/cli/PatternOptionBuilder, NUMBER_VALUE, <Application,Ljava/lang/Class> >"
"< Application, Lorg/apache/lucene/document/DateTools, MILLISECOND_FORMAT, <Application,Ljava/text/SimpleDateFormat> >"
"< Application, Lorg/apache/lucene/store/NoLockFactory, singleton, <Application,Lorg/apache/lucene/store/NoLockFactory> >"
"< Application, Lorg/apache/lucene/search/RemoteSearchable_Stub, class$org$apache$lucene$index$Term, <Application,Ljava/lang/Class> >"
"< Application, Lorg/apache/lucene/index/IndexFileNames, INDEX_EXTENSIONS, <Application,[Ljava/lang/String> >"
"< Application, Lorg/apache/lucene/index/DocumentsWriter, class$org$apache$lucene$index$DocumentsWriter, <Application,Ljava/lang/Class> >"
"< Application, Lorg/apache/lucene/demo/html/Entities, decoder, <Application,Ljava/util/Map> >"
"< Application, Lorg/apache/lucene/document/DateField, DATE_LEN, <Primordial,I> >"
"< Application, Lorg/dacapo/harness/CommandLineArgs, OPT_MAX_ITERATIONS, <Application,Ljava/lang/String> >"
"< Application, Lorg/apache/lucene/index/SegmentInfos, FORMAT_HAS_PROX, <Primordial,I> >"
"< Application, Lorg/apache/lucene/store/NativeFSLock, LOCK_HELD, <Application,Ljava/util/HashSet> >"
"< Application, Lorg/apache/lucene/index/NormsWriter, $assertionsDisabled, <Primordial,Z> >"
"< Application, Lorg/dacapo/parser/ConfigFileConstants, LICENSE, <Primordial,I> >"
"< Application, Lorg/dacapo/parser/ConfigFileConstants, RAW, <Primordial,I> >"
"< Application, Lorg/apache/lucene/search/ExtendedFieldCache, EXT_DEFAULT, <Application,Lorg/apache/lucene/search/ExtendedFieldCache> >"
"< Application, Lorg/apache/lucene/index/IndexWriter$MaxFieldLength, UNLIMITED, <Application,Lorg/apache/lucene/index/IndexWriter$MaxFieldLength> >"
"< Application, Lorg/apache/lucene/demo/html/HTMLParserConstants, Word, <Primordial,I> >"
"< Application, Lorg/dacapo/harness/CommandLineArgs$Methodology, CONVERGE, <Application,Lorg/dacapo/harness/CommandLineArgs$Methodology> >"
"< Application, Lorg/dacapo/parser/ConfigFile, jj_la1_1, <Primordial,[I> >"
"< Application, Lorg/apache/lucene/demo/IndexHTML, writer, <Application,Lorg/apache/lucene/index/IndexWriter> >"
"< Application, Lorg/apache/lucene/analysis/Token, MIN_BUFFER_SIZE, <Primordial,I> >"
"< Application, Lorg/apache/lucene/document/DateTools, YEAR_FORMAT, <Application,Ljava/text/SimpleDateFormat> >"
"< Application, Lorg/apache/lucene/index/FreqProxTermsWriter, $assertionsDisabled, <Primordial,Z> >"
"< Application, Lorg/apache/lucene/analysis/ISOLatin1AccentFilter, $assertionsDisabled, <Primordial,Z> >"
"< Application, Lorg/apache/lucene/queryParser/QueryParserConstants, LPAREN, <Primordial,I> >"
"< Application, Lorg/apache/lucene/index/TermVectorsTermsWriterPerThread, $assertionsDisabled, <Primordial,Z> >"
"< Application, Lorg/apache/lucene/index/TermInfosWriter, FORMAT_VERSION_UTF8_LENGTH_IN_BYTES, <Primordial,I> >"
"< Application, Lorg/apache/lucene/analysis/Token, $assertionsDisabled, <Primordial,Z> >"
"< Application, Lorg/apache/lucene/search/WildcardTermEnum, WILDCARD_CHAR, <Primordial,C> >"
"< Application, Lorg/apache/lucene/search/FieldSortedHitQueue, Comparators, <Application,Lorg/apache/lucene/search/FieldCacheImpl$Cache> >"
"< Application, Lorg/apache/lucene/index/SegmentReader, class$org$apache$lucene$index$SegmentReader, <Application,Ljava/lang/Class> >"
"< Application, Lorg/apache/lucene/index/SegmentReader, $assertionsDisabled, <Primordial,Z> >"
"< Application, Lorg/apache/lucene/index/IndexWriter, DEFAULT_MAX_MERGE_DOCS, <Primordial,I> >"
"< Application, Lorg/apache/lucene/util/Constants, JAVA_1_1, <Primordial,Z> >"
"< Application, Lorg/apache/commons/cli/PatternOptionBuilder, DATE_VALUE, <Application,Ljava/lang/Class> >"
"< Application, Lorg/apache/lucene/index/SegmentInfos, infoStream, <Application,Ljava/io/PrintStream> >"
"< Application, Lorg/apache/lucene/util/Constants, WINDOWS, <Primordial,Z> >"
"< Application, Lorg/apache/lucene/index/IndexWriter, MERGE_READ_BUFFER_SIZE, <Primordial,I> >"
"< Application, Lorg/apache/lucene/queryParser/QueryParserConstants, RPAREN, <Primordial,I> >"
"< Application, Lorg/apache/lucene/search/function/OrdFieldSource, hcode, <Primordial,I> >"
"< Application, Lorg/apache/lucene/index/FreqProxTermsWriter, class$org$apache$lucene$index$FreqProxTermsWriter, <Application,Ljava/lang/Class> >"
"< Application, Lorg/apache/lucene/index/StoredFieldsWriter, class$org$apache$lucene$index$StoredFieldsWriter, <Application,Ljava/lang/Class> >"
"< Application, Lorg/apache/lucene/demo/html/TokenMgrError, INVALID_LEXICAL_STATE, <Primordial,I> >"
"< Application, Lorg/apache/lucene/search/TimeLimitedCollector, TIMER_THREAD, <Application,Lorg/apache/lucene/search/TimeLimitedCollector$TimerThread> >"
"< Application, Lorg/apache/lucene/search/RemoteSearchable_Stub, class$org$apache$lucene$search$HitCollector, <Application,Ljava/lang/Class> >"
"< Application, Lorg/apache/lucene/index/ByteBlockPool, levelSizeArray, <Primordial,[I> >"
"< Application, Lorg/apache/lucene/store/RAMOutputStream, $assertionsDisabled, <Primordial,Z> >"
"< Application, Lorg/apache/lucene/index/SegmentInfo, YES, <Primordial,I> >"
"< Application, Lorg/apache/lucene/index/IndexWriter, defaultInfoStream, <Application,Ljava/io/PrintStream> >"
"< Application, Lorg/apache/lucene/search/RemoteSearchable_Stub, class$org$apache$lucene$search$Sort, <Application,Ljava/lang/Class> >"
"< Application, Lorg/apache/lucene/index/TermVectorsTermsWriter, $assertionsDisabled, <Primordial,Z> >"
"< Application, Lorg/dacapo/harness/ChordHarness, BUILD_NICKNAME, <Application,Ljava/lang/String> >"
"< Application, Lorg/dacapo/harness/TestHarness, PROP_BUILD_NICKNAME, <Application,Ljava/lang/String> >"
"< Application, Lorg/apache/lucene/document/DateTools$Resolution, DAY, <Application,Lorg/apache/lucene/document/DateTools$Resolution> >"
"< Application, Lorg/apache/commons/cli/OptionGroup, serialVersionUID, <Primordial,J> >"
"< Application, Lorg/apache/lucene/index/DirectoryIndexReader, $assertionsDisabled, <Primordial,Z> >"
"< Application, Lorg/apache/lucene/index/DocumentsWriter, $assertionsDisabled, <Primordial,Z> >"
"< Application, Lorg/apache/lucene/analysis/PorterStemFilter, class$org$apache$lucene$analysis$PorterStemFilter, <Application,Ljava/lang/Class> >"
"< Application, Lorg/dacapo/parser/ParseException, serialVersionUID, <Primordial,J> >"
"< Application, Lorg/apache/lucene/util/Constants, JAVA_VERSION, <Application,Ljava/lang/String> >"
"< Application, Lorg/dacapo/harness/CommandLineArgs, OPT_INFORMATION, <Application,Ljava/lang/String> >"
"< Application, Lorg/apache/commons/cli/HelpFormatter, DEFAULT_WIDTH, <Primordial,I> >"
"< Application, Lorg/apache/lucene/index/IndexReader$FieldOption, OMIT_TF, <Application,Lorg/apache/lucene/index/IndexReader$FieldOption> >"
"< Application, Lorg/apache/lucene/index/IndexReader, $assertionsDisabled, <Primordial,Z> >"
"< Application, Lorg/apache/commons/cli/OptionBuilder, type, <Application,Ljava/lang/Object> >"
"< Application, Lorg/apache/lucene/index/SegmentTermPositions, class$org$apache$lucene$index$SegmentTermPositions, <Application,Ljava/lang/Class> >"
"< Application, Lorg/apache/lucene/document/DateTools$Resolution, YEAR, <Application,Lorg/apache/lucene/document/DateTools$Resolution> >"
"< Application, Lorg/apache/lucene/demo/html/HTMLParserTokenManager, jjnextStates, <Primordial,[I> >"
"< Application, Lorg/apache/lucene/analysis/LengthFilter, class$org$apache$lucene$analysis$LengthFilter, <Application,Ljava/lang/Class> >"
"< Application, Lorg/apache/lucene/index/FieldsReader, class$org$apache$lucene$index$FieldsReader, <Application,Ljava/lang/Class> >"
"< Application, Lorg/apache/lucene/analysis/LowerCaseFilter, $assertionsDisabled, <Primordial,Z> >"
"< Application, Lorg/apache/lucene/search/ScoreDocComparator, RELEVANCE, <Application,Lorg/apache/lucene/search/ScoreDocComparator> >"
"< Application, Lorg/apache/lucene/search/FuzzyQuery, defaultMinSimilarity, <Primordial,F> >"
"< Application, Lorg/dacapo/harness/CommandLineArgs, OPT_SCRATCH_DIRECTORY, <Application,Ljava/lang/String> >"
"< Application, Lorg/apache/lucene/util/DocIdBitSet$DocIdBitSetIterator, $assertionsDisabled, <Primordial,Z> >"
"< Application, Lorg/dacapo/parser/TokenMgrError, INVALID_LEXICAL_STATE, <Primordial,I> >"
"< Application, Lorg/apache/commons/cli/OptionBuilder, instance, <Application,Lorg/apache/commons/cli/OptionBuilder> >"
"< Application, Lorg/dacapo/harness/CommandLineArgs, OPT_VALIDATION_REPORT, <Application,Ljava/lang/String> >"
"< Application, Lorg/apache/lucene/search/FieldCacheImpl, BYTE_PARSER, <Application,Lorg/apache/lucene/search/FieldCache$ByteParser> >"
"< Application, Lorg/apache/lucene/demo/html/HTMLParserTokenManager, jjnewLexState, <Primordial,[I> >"
"< Application, Lorg/apache/lucene/queryParser/QueryParserTokenManager, jjtoSkip, <Primordial,[J> >"
"< Application, Lorg/apache/lucene/index/TermVectorsReader, class$org$apache$lucene$index$TermVectorsReader, <Application,Ljava/lang/Class> >"
"< Application, Lorg/apache/lucene/index/SegmentInfos, defaultGenFileRetryPauseMsec, <Primordial,I> >"
"< Application, Lorg/apache/lucene/queryParser/QueryParserConstants, CARAT, <Primordial,I> >"
"< Application, Lorg/apache/lucene/search/BooleanClause$Occur, MUST, <Application,Lorg/apache/lucene/search/BooleanClause$Occur> >"
"< Application, Lorg/apache/lucene/search/RemoteSearchable_Stub, $method_docFreq_3, <Application,Ljava/lang/reflect/Method> >"
"< Application, Lorg/apache/lucene/index/ByteBlockPool, nextLevelArray, <Primordial,[I> >"
"< Application, Lorg/dacapo/parser/ConfigFileConstants, JAR, <Primordial,I> >"
"< Application, Lorg/apache/lucene/document/Document, NO_BYTES, <Primordial,[[B> >"
"< Application, Lorg/dacapo/harness/TestHarness, BuildNickName, <Application,Ljava/lang/String> >"
"< Application, Lorg/apache/lucene/index/TermInfosReader, DEFAULT_CACHE_SIZE, <Primordial,I> >"
"< Application, Lorg/dacapo/parser/ConfigFileConstants, EOF, <Primordial,I> >"
"< Application, Lorg/dacapo/harness/CommandLineArgs, DEFAULT_VARIANCE, <Application,Ljava/lang/String> >"
"< Application, Lorg/apache/lucene/demo/html/HTMLParserConstants, WithinTag, <Primordial,I> >"
"< Application, Lorg/dacapo/parser/ConfigFileConstants, IN_SINGLE_LINE_COMMENT, <Primordial,I> >"
"< Application, Lorg/apache/lucene/index/IndexWriter, WRITE_LOCK_TIMEOUT, <Primordial,J> >"
"< Application, Lorg/dacapo/harness/ChordHarness, commandLineArgs, <Application,Lorg/dacapo/harness/CommandLineArgs> >"
"< Application, Lorg/apache/lucene/util/UnicodeUtil, UNI_SUR_LOW_START, <Primordial,I> >"
"< Application, Lorg/apache/lucene/analysis/PorterStemmer, INC, <Primordial,I> >"
"< Application, Lorg/apache/lucene/analysis/PorterStemFilter, $assertionsDisabled, <Primordial,Z> >"
"< Application, Lorg/dacapo/parser/Config$1, $SwitchMap$org$dacapo$parser$Config$ThreadModel, <Primordial,[I> >"
"< Application, Lorg/apache/lucene/util/UnicodeUtil, UNI_MAX_BMP, <Primordial,J> >"
"< Application, Lorg/apache/commons/cli/PatternOptionBuilder, CLASS_VALUE, <Application,Ljava/lang/Class> >"
"< Application, Lorg/apache/lucene/queryParser/QueryParser, AND_OPERATOR, <Application,Lorg/apache/lucene/queryParser/QueryParser$Operator> >"
"< Application, Lorg/apache/lucene/index/NormsWriter, class$org$apache$lucene$index$NormsWriter, <Application,Ljava/lang/Class> >"
"< Application, Lorg/dacapo/parser/ConfigFileTokenManager, jjstrLiteralImages, <Application,[Ljava/lang/String> >"
"< Application, Lorg/apache/lucene/queryParser/QueryParserConstants, OR, <Primordial,I> >"
"< Application, Lorg/dacapo/parser/TokenMgrError, STATIC_LEXER_ERROR, <Primordial,I> >"
"< Application, Lorg/dacapo/parser/ConfigFileConstants, INT_LITERAL, <Primordial,I> >"
"< Application, Lorg/apache/lucene/search/SortField, INT, <Primordial,I> >"
"< Application, Lorg/apache/lucene/search/FieldCacheImpl, INT_PARSER, <Application,Lorg/apache/lucene/search/FieldCache$IntParser> >"
"< Application, Lorg/apache/lucene/index/NormsWriterPerField, class$org$apache$lucene$index$NormsWriterPerField, <Application,Ljava/lang/Class> >"
"< Application, Lorg/apache/lucene/analysis/standard/StandardTokenizerImpl, ZZ_CMAP_PACKED, <Application,Ljava/lang/String> >"
"< Application, Lorg/apache/lucene/demo/html/HTMLParserConstants, CloseQuote2, <Primordial,I> >"
"< Application, Lorg/dacapo/harness/CommandLineArgs$Methodology, ITERATE, <Application,Lorg/dacapo/harness/CommandLineArgs$Methodology> >"
"< Application, Lorg/apache/lucene/queryParser/TokenMgrError, LOOP_DETECTED, <Primordial,I> >"
"< Application, Lorg/dacapo/parser/ConfigFileConstants, VERSION, <Primordial,I> >"
"< Application, Lorg/dacapo/harness/CommandLineArgs, EXIT_MISSING_BENCHMARKS, <Primordial,I> >"
"< Application, Lorg/apache/lucene/search/spans/NearSpansOrdered, $assertionsDisabled, <Primordial,Z> >"
"< Application, Lorg/apache/lucene/store/FSDirectory, LOCK_DIR, <Application,Ljava/lang/String> >"
"< Application, Lorg/apache/lucene/search/ScoreDocComparator, INDEXORDER, <Application,Lorg/apache/lucene/search/ScoreDocComparator> >"
"< Application, Lorg/apache/lucene/queryParser/QueryParserTokenManager, jjstrLiteralImages, <Application,[Ljava/lang/String> >"
"< Application, Lorg/apache/lucene/demo/IndexFiles, INDEX_DIR, <Application,Ljava/io/File> >"
"< Application, Lorg/dacapo/harness/Benchmark, validationReport, <Primordial,Z> >"
"< Application, Lorg/apache/lucene/util/cache/SimpleLRUCache, LOADFACTOR, <Primordial,F> >"
"< Application, Lorg/apache/lucene/queryParser/TokenMgrError, STATIC_LEXER_ERROR, <Primordial,I> >"
"< Application, Lorg/dacapo/harness/CommandLineArgs, OPT_NO_DIGEST_OUTPUT, <Application,Ljava/lang/String> >"
"< Application, Lorg/dacapo/parser/ConfigFileConstants, FORMAL_COMMENT, <Primordial,I> >"
"< Application, Lorg/apache/lucene/search/SortField, FIELD_DOC, <Application,Lorg/apache/lucene/search/SortField> >"
"< Application, Lorg/apache/lucene/index/SegmentReader, class$org$apache$lucene$index$ReadOnlySegmentReader, <Application,Ljava/lang/Class> >"
"< Application, Lorg/apache/lucene/search/function/FloatFieldSource, class$org$apache$lucene$search$function$FloatFieldSource, <Application,Ljava/lang/Class> >"
"< Application, Lorg/apache/lucene/index/FieldsWriter, FIELD_IS_BINARY, <Primordial,B> >"
"< Application, Lorg/apache/lucene/queryParser/QueryParserConstants, RangeEx, <Primordial,I> >"
"< Application, Lorg/apache/lucene/index/IndexFileNames, NORMS_EXTENSION, <Application,Ljava/lang/String> >"
"< Application, Lorg/apache/lucene/queryParser/QueryParserConstants, RANGEIN_GOOP, <Primordial,I> >"
"< Application, Lorg/apache/lucene/queryParser/QueryParser, jj_la1_0, <Primordial,[I> >"
"< Application, Lorg/dacapo/harness/CommandLineArgs, OPT_IGNORE_VALIDATION, <Application,Ljava/lang/String> >"
"< Application, Lorg/apache/lucene/index/DocumentsWriter, MAX_TERM_LENGTH, <Primordial,I> >"
"< Application, Lorg/dacapo/parser/TokenMgrError, serialVersionUID, <Primordial,J> >"
"< Application, Lorg/apache/lucene/index/DocumentsWriter, INT_BLOCK_SHIFT, <Primordial,I> >"
"< Application, Lorg/apache/lucene/index/DocumentsWriter, BYTE_BLOCK_SHIFT, <Primordial,I> >"
"< Application, Lorg/apache/lucene/demo/html/HTMLParserConstants, CommentText2, <Primordial,I> >"
"< Application, Lorg/apache/lucene/index/SegmentMerger, class$org$apache$lucene$index$SegmentMerger, <Application,Ljava/lang/Class> >"
"< Application, Lorg/apache/lucene/index/SegmentInfos, FORMAT, <Primordial,I> >"
"< Application, Lorg/apache/lucene/search/Sort, RELEVANCE, <Application,Lorg/apache/lucene/search/Sort> >"
"< Application, Lorg/apache/lucene/search/function/OrdFieldSource, class$org$apache$lucene$search$function$OrdFieldSource, <Application,Ljava/lang/Class> >"
"< Application, Lorg/apache/lucene/document/Field$TermVector, NO, <Application,Lorg/apache/lucene/document/Field$TermVector> >"
"< Application, Lorg/apache/commons/cli/Option, serialVersionUID, <Primordial,J> >"
"< Application, Lorg/apache/lucene/util/Constants, JAVA_1_3, <Primordial,Z> >"
"< Application, Lorg/apache/lucene/demo/IndexHTML, deleting, <Primordial,Z> >"
"< Application, Lorg/dacapo/harness/Callback$1, $SwitchMap$org$dacapo$harness$CommandLineArgs$Methodology, <Primordial,[I> >"
"< Application, Lorg/dacapo/harness/CommandLineArgs, visibleOptions, <Application,Lorg/apache/commons/cli/Options> >"
"< Application, Lorg/apache/lucene/index/IndexFileNames, DELETES_EXTENSION, <Application,Ljava/lang/String> >"
"< Application, Lorg/apache/lucene/index/TermInfosWriter, class$org$apache$lucene$index$TermInfosWriter, <Application,Ljava/lang/Class> >"
"< Application, Lorg/apache/lucene/index/FieldInfos, STORE_OFFSET_WITH_TERMVECTOR, <Primordial,B> >"
"< Application, Lorg/apache/lucene/search/FilterManager, DEFAULT_CACHE_SLEEP_TIME, <Primordial,J> >"
"< Application, Lorg/apache/lucene/search/TimeLimitedCollector, resolution, <Primordial,J> >"
"< Application, Lorg/apache/lucene/index/IndexReader$FieldOption, TERMVECTOR_WITH_POSITION, <Application,Lorg/apache/lucene/index/IndexReader$FieldOption> >"
"< Application, Lorg/apache/lucene/analysis/standard/StandardTokenizer, CJ, <Primordial,I> >"
"< Application, Lorg/dacapo/harness/Callback$Mode, TIMING, <Application,Lorg/dacapo/harness/Callback$Mode> >"
"< Application, Lorg/dacapo/parser/ConfigFileConstants, SEMI, <Primordial,I> >"
"< Application, Lorg/apache/lucene/queryParser/TokenMgrError, INVALID_LEXICAL_STATE, <Primordial,I> >"
"< Application, Lorg/apache/lucene/search/BooleanQuery, allowDocsOutOfOrder, <Primordial,Z> >"
"< Application, Lorg/apache/lucene/search/Similarity, defaultImpl, <Application,Lorg/apache/lucene/search/Similarity> >"
"< Application, Lorg/apache/lucene/document/FieldSelectorResult, NO_LOAD, <Application,Lorg/apache/lucene/document/FieldSelectorResult> >"
"< Application, Lorg/apache/lucene/util/UnicodeUtil, HALF_MASK, <Primordial,J> >"
"< Application, Lorg/apache/lucene/index/IndexFileNames, INDEX_EXTENSIONS_IN_COMPOUND_FILE, <Application,[Ljava/lang/String> >"
"< Application, Lorg/apache/lucene/demo/html/TokenMgrError, LEXICAL_ERROR, <Primordial,I> >"
"< Application, Lorg/apache/lucene/demo/html/HTMLParserConstants, CloseQuote1, <Primordial,I> >"
"< Application, Lorg/apache/lucene/analysis/CharTokenizer, class$org$apache$lucene$analysis$CharTokenizer, <Application,Ljava/lang/Class> >"
"< Application, Lorg/apache/lucene/search/RemoteSearchable_Stub, array$Lorg$apache$lucene$index$Term, <Application,Ljava/lang/Class> >"
"< Application, Lorg/apache/lucene/analysis/standard/StandardFilter, class$org$apache$lucene$analysis$standard$StandardFilter, <Application,Ljava/lang/Class> >"
"< Application, Lorg/apache/lucene/analysis/TeeTokenFilter, class$org$apache$lucene$analysis$TeeTokenFilter, <Application,Ljava/lang/Class> >"
"< Application, Lorg/apache/lucene/util/SortedVIntList, BITS2VINTLIST_SIZE, <Primordial,I> >"
"< Application, Lorg/apache/lucene/queryParser/QueryParserTokenManager, lexStateNames, <Application,[Ljava/lang/String> >"
"< Application, Lorg/apache/commons/cli/HelpFormatter, DEFAULT_LEFT_PAD, <Primordial,I> >"
"< Application, Lorg/apache/lucene/demo/html/HTMLParserConstants, ArgEquals, <Primordial,I> >"
"< Application, Lorg/apache/lucene/demo/html/HTMLParserConstants, ArgQuote2, <Primordial,I> >"
"< Application, Lorg/dacapo/parser/ConfigFileConstants, IN_MULTI_LINE_COMMENT, <Primordial,I> >"
"< Application, Lorg/dacapo/parser/ConfigFileConstants, PER_CPU, <Primordial,I> >"
"< Application, Lorg/apache/lucene/document/Field$Index, UN_TOKENIZED, <Application,Lorg/apache/lucene/document/Field$Index> >"
"< Application, Lorg/apache/lucene/util/CloseableThreadLocal, class$org$apache$lucene$util$CloseableThreadLocal, <Application,Ljava/lang/Class> >"
"< Application, Lorg/apache/lucene/index/IndexWriter, WRITE_LOCK_NAME, <Application,Ljava/lang/String> >"
"< Application, Lorg/apache/lucene/index/TermVectorsReader, FORMAT_VERSION, <Primordial,I> >"
"< Application, Lorg/apache/lucene/index/LogDocMergePolicy, DEFAULT_MIN_MERGE_DOCS, <Primordial,I> >"
"< Application, Lorg/dacapo/parser/ConfigFileConstants, COMMA, <Primordial,I> >"
"< Application, Lorg/dacapo/parser/ConfigFileConstants, RPAREN, <Primordial,I> >"
"< Application, Lorg/apache/lucene/index/SegmentInfos, FORMAT_CHECKSUM, <Primordial,I> >"
"< Application, Lorg/apache/lucene/demo/html/HTMLParserConstants, WithinQuote1, <Primordial,I> >"
"< Application, Lorg/dacapo/parser/ConfigFileConstants, FIXED, <Primordial,I> >"
"< Application, Lorg/apache/lucene/demo/html/HTMLParserConstants, ScriptEnd, <Primordial,I> >"
"< Application, Lorg/apache/lucene/queryParser/QueryParserConstants, _QUOTED_CHAR, <Primordial,I> >"
"< Application, Lorg/apache/lucene/util/UnicodeUtil, class$org$apache$lucene$util$UnicodeUtil, <Application,Ljava/lang/Class> >"
"< Application, Lorg/dacapo/harness/CommandLineArgs, $assertionsDisabled, <Primordial,Z> >"
"< Application, Lorg/apache/lucene/index/FieldsWriter, $assertionsDisabled, <Primordial,Z> >"
"< Application, Lorg/dacapo/harness/CommandLineArgs, EXIT_OK, <Primordial,I> >"
"< Application, Lorg/apache/lucene/demo/html/HTMLParser, SUMMARY_LENGTH, <Primordial,I> >"
"< Application, Lorg/dacapo/parser/ConfigFileTokenManager, lexStateNames, <Application,[Ljava/lang/String> >"
"< Application, Lorg/apache/lucene/index/IndexFileNames, FIELD_INFOS_EXTENSION, <Application,Ljava/lang/String> >"
"< Application, Lorg/apache/lucene/queryParser/QueryParser, CONJ_AND, <Primordial,I> >"
"< Application, Lorg/apache/lucene/search/RemoteSearchable_Stub, $method_search_10, <Application,Ljava/lang/reflect/Method> >"
"< Application, Lorg/dacapo/parser/ConfigFileConstants, tokenImage, <Application,[Ljava/lang/String> >"
"< Application, Lorg/dacapo/harness/ChordHarness, BuildNickName, <Application,Ljava/lang/String> >"
"< Application, Lorg/apache/lucene/analysis/CharTokenizer, MAX_WORD_LEN, <Primordial,I> >"
"< Application, Lorg/apache/lucene/analysis/standard/StandardTokenizerImpl, APOSTROPHE, <Primordial,I> >"
"< Application, Lorg/apache/lucene/index/DocumentsWriter, CHAR_BLOCK_SIZE, <Primordial,I> >"
"< Application, Lorg/apache/lucene/store/FSDirectory, class$org$apache$lucene$store$FSDirectory, <Application,Ljava/lang/Class> >"
"< Application, Lorg/apache/lucene/analysis/CharTokenizer, $assertionsDisabled, <Primordial,Z> >"
"< Application, Lorg/apache/lucene/search/function/ByteFieldSource, class$java$lang$Byte, <Application,Ljava/lang/Class> >"
"< Application, Lorg/apache/lucene/queryParser/QueryParserConstants, _TERM_START_CHAR, <Primordial,I> >"
"< Application, Lorg/apache/lucene/index/SegmentInfo, $assertionsDisabled, <Primordial,Z> >"
"< Application, Lorg/apache/lucene/index/IndexReader$FieldOption, TERMVECTOR, <Application,Lorg/apache/lucene/index/IndexReader$FieldOption> >"
"< Application, Lorg/apache/lucene/document/DateTools$Resolution, HOUR, <Application,Lorg/apache/lucene/document/DateTools$Resolution> >"
"< Application, Lorg/dacapo/parser/ConfigFileTokenManager, jjtoSpecial, <Primordial,[J> >"
"< Application, Lorg/apache/lucene/util/SortedVIntList, VB1, <Primordial,I> >"
"< Application, Lorg/dacapo/harness/FileDigest, BUFLEN, <Primordial,I> >"
"< Application, Lorg/apache/lucene/analysis/standard/StandardTokenizer, ACRONYM_DEP, <Primordial,I> >"
"< Application, Lorg/apache/lucene/index/FieldInfos, IS_INDEXED, <Primordial,B> >"
"< Application, Lorg/apache/lucene/index/LogByteSizeMergePolicy, DEFAULT_MAX_MERGE_MB, <Primordial,D> >"
"< Application, Lorg/apache/lucene/index/SegmentInfos, FORMAT_LOCKLESS, <Primordial,I> >"
"< Application, Lorg/apache/lucene/demo/html/HTMLParserTokenManager, jjstrLiteralImages, <Application,[Ljava/lang/String> >"
"< Application, Lorg/apache/lucene/search/BooleanClause$Occur, MUST_NOT, <Application,Lorg/apache/lucene/search/BooleanClause$Occur> >"
"< Application, Lorg/apache/lucene/util/UnicodeUtil, $assertionsDisabled, <Primordial,Z> >"
"< Application, Lorg/dacapo/harness/CommandLineArgs, OPT_DEBUG, <Application,Ljava/lang/String> >"
"< Application, Lorg/apache/lucene/store/Lock, LOCK_OBTAIN_WAIT_FOREVER, <Primordial,J> >"
"< Application, Lorg/apache/lucene/index/DocumentsWriter, CHAR_NUM_BYTE, <Primordial,I> >"
"< Application, Lorg/apache/lucene/index/LogMergePolicy, $assertionsDisabled, <Primordial,Z> >"
"< Application, Lorg/apache/lucene/demo/html/HTMLParserConstants, Comment2, <Primordial,I> >"
"< Application, Lorg/apache/lucene/index/TermVectorsTermsWriterPerThread, class$org$apache$lucene$index$TermVectorsTermsWriterPerThread, <Application,Ljava/lang/Class> >"
"< Application, Lorg/apache/lucene/index/TermsHash, class$org$apache$lucene$index$TermsHash, <Application,Ljava/lang/Class> >"
"< Application, Lorg/dacapo/parser/Config$ThreadModel, FIXED, <Application,Lorg/dacapo/parser/Config$ThreadModel> >"
"< Application, Lorg/apache/lucene/index/IndexFileNames, DELETABLE, <Application,Ljava/lang/String> >"
"< Application, Lorg/apache/lucene/demo/html/HTMLParser, jj_la1_0, <Primordial,[I> >"
"< Application, Lorg/apache/lucene/index/SegmentReader, READONLY_IMPL, <Application,Ljava/lang/Class> >"
"< Application, Lorg/apache/lucene/document/DateTools$Resolution, MONTH, <Application,Lorg/apache/lucene/document/DateTools$Resolution> >"
"< Application, Lorg/apache/lucene/index/IndexWriter$MaxFieldLength, LIMITED, <Application,Lorg/apache/lucene/index/IndexWriter$MaxFieldLength> >"
"< Application, Lorg/apache/lucene/index/ByteSliceReader, $assertionsDisabled, <Primordial,Z> >"
"< Application, Lorg/apache/lucene/index/IndexFileNames, STORE_INDEX_EXTENSIONS, <Application,[Ljava/lang/String> >"
"< Application, Lorg/apache/commons/cli/PatternOptionBuilder, FILE_VALUE, <Application,Ljava/lang/Class> >"
"< Application, Lorg/apache/lucene/queryParser/QueryParserConstants, RANGEEX_END, <Primordial,I> >"
