"< Application, Lorg/apache/lucene/index/SegmentInfos, getCurrentSegmentGeneration(Lorg/apache/lucene/store/Directory;)J >"
"< Application, Lorg/apache/lucene/search/MultiPhraseQuery, access$200(Lorg/apache/lucene/search/MultiPhraseQuery;)Ljava/lang/String; >"
"< Application, Lorg/apache/lucene/index/SegmentTermPositionVector, <clinit>()V >"
"< Application, Lorg/dacapo/harness/LatexDescriptions, print([Ljava/lang/String;Ljava/lang/String;)V >"
"< Application, Lorg/apache/commons/cli/OptionBuilder, hasOptionalArgs()Lorg/apache/commons/cli/OptionBuilder; >"
"< Application, Lorg/apache/lucene/util/ArrayUtil, shrink([BI)[B >"
"< Application, Lorg/dacapo/parser/ParseException, add_escapes(Ljava/lang/String;)Ljava/lang/String; >"
"< Application, Lorg/apache/lucene/store/RAMOutputStream, <clinit>()V >"
"< Application, Lorg/apache/lucene/util/DocIdBitSet$DocIdBitSetIterator, <clinit>()V >"
"< Application, Lorg/dacapo/harness/Benchmark, unpackZipFileResource(Ljava/lang/String;Ljava/io/File;)V >"
"< Application, Lorg/apache/lucene/search/spans/NearSpansUnordered$SpansCell, access$300(Lorg/apache/lucene/search/spans/NearSpansUnordered$SpansCell;)Lorg/apache/lucene/search/spans/NearSpansUnordered$SpansCell; >"
"< Application, Lorg/apache/lucene/index/ConcurrentMergeScheduler, access$000(Lorg/apache/lucene/index/ConcurrentMergeScheduler;Ljava/lang/String;)V >"
"< Application, Lorg/apache/lucene/search/payloads/BoostingTermQuery$BoostingTermWeight, access$000(Lorg/apache/lucene/search/payloads/BoostingTermQuery$BoostingTermWeight;)Lorg/apache/lucene/search/payloads/BoostingTermQuery; >"
"< Application, Lorg/dacapo/harness/Benchmark, getVerbose()Z >"
"< Application, Lorg/apache/lucene/index/FieldsWriter, <clinit>()V >"
"< Application, Lorg/apache/lucene/store/Directory, copy(Lorg/apache/lucene/store/Directory;Lorg/apache/lucene/store/Directory;Z)V >"
"< Application, Lorg/apache/lucene/index/DocumentsWriter, access$200(Lorg/apache/lucene/index/DocumentsWriter;)J >"
"< Application, Lorg/apache/lucene/analysis/WordlistLoader, getWordSet(Ljava/io/File;)Ljava/util/HashSet; >"
"< Application, Lorg/apache/lucene/search/BooleanQuery, access$000()I >"
"< Application, Lorg/apache/lucene/analysis/ISOLatin1AccentFilter, <clinit>()V >"
"< Application, Lorg/apache/lucene/search/FieldSortedHitQueue, <clinit>()V >"
"< Application, Lorg/apache/lucene/analysis/TeeTokenFilter, <clinit>()V >"
"< Application, Lorg/apache/lucene/demo/SearchFiles, main([Ljava/lang/String;)V >"
"< Application, Lorg/apache/lucene/queryParser/Token, newToken(I)Lorg/apache/lucene/queryParser/Token; >"
"< Application, Lorg/apache/commons/cli/TypeHandler, createFile(Ljava/lang/String;)Ljava/io/File; >"
"< Application, Lorg/apache/lucene/search/spans/SpanNotQuery, access$000(Lorg/apache/lucene/search/spans/SpanNotQuery;)Lorg/apache/lucene/search/spans/SpanQuery; >"
"< Application, Lorg/apache/lucene/search/Sort, <clinit>()V >"
"< Application, Lorg/apache/lucene/util/BitUtil, pop_andnot([J[JII)J >"
"< Application, Lorg/dacapo/harness/FileDigest, get(Ljava/lang/String;ZZLjava/io/File;)[B >"
"< Application, Lorg/apache/lucene/index/SegmentReader, get(ZLorg/apache/lucene/store/Directory;Lorg/apache/lucene/index/SegmentInfo;Lorg/apache/lucene/index/SegmentInfos;ZZIZ)Lorg/apache/lucene/index/SegmentReader; >"
"< Application, Lorg/apache/commons/cli/OptionBuilder, withType(Ljava/lang/Object;)Lorg/apache/commons/cli/OptionBuilder; >"
"< Application, Lorg/apache/lucene/document/Field$TermVector, <clinit>()V >"
"< Application, Lorg/apache/lucene/index/SegmentInfos, getCurrentSegmentFileName([Ljava/lang/String;)Ljava/lang/String; >"
"< Application, Lorg/apache/lucene/util/BitUtil, ntz3(J)I >"
"< Application, Lorg/apache/lucene/index/FieldsReader, class$(Ljava/lang/String;)Ljava/lang/Class; >"
"< Application, Lorg/apache/lucene/index/TermInfosWriter, <clinit>()V >"
"< Application, Lorg/apache/lucene/util/UnicodeUtil, class$(Ljava/lang/String;)Ljava/lang/Class; >"
"< Application, Lorg/apache/lucene/index/TermVectorsTermsWriterPerThread, class$(Ljava/lang/String;)Ljava/lang/Class; >"
"< Application, Lorg/dacapo/parser/Token, newToken(ILjava/lang/String;)Lorg/dacapo/parser/Token; >"
"< Application, Lorg/apache/lucene/util/SortedVIntList, access$408(Lorg/apache/lucene/util/SortedVIntList;)I >"
"< Application, Lorg/apache/lucene/index/IndexWriter, getDefaultWriteLockTimeout()J >"
"< Application, Lorg/apache/lucene/analysis/WordlistLoader, getStemDict(Ljava/io/File;)Ljava/util/HashMap; >"
"< Application, Lorg/apache/lucene/analysis/standard/StandardTokenizer, class$(Ljava/lang/String;)Ljava/lang/Class; >"
"< Application, Lorg/apache/lucene/util/OpenBitSetDISI, <clinit>()V >"
"< Application, Lorg/apache/lucene/search/Similarity, getDefault()Lorg/apache/lucene/search/Similarity; >"
"< Application, Lorg/dacapo/harness/TestHarness, twoDecimalPlaces()Ljava/text/DecimalFormat; >"
"< Application, Lorg/apache/lucene/search/TimeLimitedCollector, setResolution(J)V >"
"< Application, Lorg/apache/lucene/index/IndexFileNames, isDocStoreFile(Ljava/lang/String;)Z >"
"< Application, Lorg/apache/lucene/util/CloseableThreadLocal, class$(Ljava/lang/String;)Ljava/lang/Class; >"
"< Application, Lorg/apache/lucene/index/SegmentReader$Norm, access$202(Lorg/apache/lucene/index/SegmentReader$Norm;[B)[B >"
"< Application, Lorg/dacapo/parser/Config$1, <clinit>()V >"
"< Application, Lorg/apache/lucene/search/spans/NearSpansUnordered, access$102(Lorg/apache/lucene/search/spans/NearSpansUnordered;Lorg/apache/lucene/search/spans/NearSpansUnordered$SpansCell;)Lorg/apache/lucene/search/spans/NearSpansUnordered$SpansCell; >"
"< Application, Lorg/apache/lucene/store/FSDirectory, getDirectory(Ljava/lang/String;Z)Lorg/apache/lucene/store/FSDirectory; >"
"< Application, Lorg/apache/lucene/index/TermsHash, <clinit>()V >"
"< Application, Lorg/apache/lucene/index/IndexReader, getCurrentVersion(Ljava/io/File;)J >"
"< Application, Lorg/apache/lucene/index/StoredFieldsWriter, class$(Ljava/lang/String;)Ljava/lang/Class; >"
"< Application, Lorg/apache/lucene/index/IndexReader, <clinit>()V >"
"< Application, Lorg/apache/lucene/demo/html/Test, parse(Ljava/io/File;)V >"
"< Application, Lorg/apache/lucene/search/FuzzyTermEnum, min(III)I >"
"< Application, Lorg/apache/lucene/index/LogMergePolicy, class$(Ljava/lang/String;)Ljava/lang/Class; >"
"< Application, Lorg/apache/lucene/search/function/IntFieldSource, class$(Ljava/lang/String;)Ljava/lang/Class; >"
"< Application, Lorg/dacapo/harness/CommandLineArgs$Methodology, values()[Lorg/dacapo/harness/CommandLineArgs$Methodology; >"
"< Application, Lorg/apache/lucene/index/MergeDocIDRemapper, class$(Ljava/lang/String;)Ljava/lang/Class; >"
"< Application, Lorg/apache/lucene/search/TermQuery, access$000(Lorg/apache/lucene/search/TermQuery;)Lorg/apache/lucene/index/Term; >"
"< Application, Lorg/apache/lucene/util/SortedVIntList, access$100(Lorg/apache/lucene/util/SortedVIntList;)I >"
"< Application, Lorg/apache/lucene/index/CheckIndex, main([Ljava/lang/String;)V >"
"< Application, Lorg/dacapo/parser/TokenMgrError, addEscapes(Ljava/lang/String;)Ljava/lang/String; >"
"< Application, Lorg/dacapo/parser/ParseException, initialise(Lorg/dacapo/parser/Token;[[I[Ljava/lang/String;)Ljava/lang/String; >"
"< Application, Lorg/apache/lucene/index/TermsHashPerField, <clinit>()V >"
"< Application, Lorg/apache/lucene/analysis/SinkTokenizer, class$(Ljava/lang/String;)Ljava/lang/Class; >"
"< Application, Lorg/apache/commons/cli/TypeHandler, createObject(Ljava/lang/String;)Ljava/lang/Object; >"
"< Application, Lorg/apache/lucene/search/TimeLimitedCollector, <clinit>()V >"
"< Application, Lorg/apache/lucene/index/SegmentInfo, <clinit>()V >"
"< Application, Lorg/apache/lucene/index/SegmentInfos, access$100()I >"
"< Application, Lorg/apache/lucene/index/DocFieldConsumersPerThread, class$(Ljava/lang/String;)Ljava/lang/Class; >"
"< Application, Lorg/apache/commons/cli/Util, stripLeadingHyphens(Ljava/lang/String;)Ljava/lang/String; >"
"< Application, Lorg/dacapo/harness/FileDigest, getText(Ljava/io/File;ZLjava/io/File;)[B >"
"< Application, Lorg/apache/lucene/analysis/standard/StandardTokenizerImpl, zzUnpackRowMap(Ljava/lang/String;I[I)I >"
"< Application, Lorg/apache/lucene/index/SegmentInfos, <clinit>()V >"
"< Application, Lorg/apache/lucene/index/IndexReader, indexExists(Ljava/lang/String;)Z >"
"< Application, Lorg/apache/lucene/analysis/StopFilter, makeStopSet([Ljava/lang/String;Z)Ljava/util/Set; >"
"< Application, Lorg/apache/lucene/index/SegmentInfos, setDefaultGenFileRetryCount(I)V >"
"< Application, Lorg/apache/lucene/util/BitUtil, isPowerOfTwo(I)Z >"
"< Application, Lorg/apache/lucene/index/SegmentReader, hasSeparateNorms(Lorg/apache/lucene/index/SegmentInfo;)Z >"
"< Application, Lorg/apache/lucene/index/IndexFileNames, <clinit>()V >"
"< Application, Lorg/apache/lucene/search/FieldCache, <clinit>()V >"
"< Application, Lorg/apache/lucene/demo/SearchFiles, doPagingSearch(Ljava/io/BufferedReader;Lorg/apache/lucene/search/Searcher;Lorg/apache/lucene/search/Query;IZZ)V >"
"< Application, Lorg/apache/lucene/index/SegmentInfos, access$200()I >"
"< Application, Lorg/apache/commons/cli/TypeHandler, createClass(Ljava/lang/String;)Ljava/lang/Class; >"
"< Application, Lorg/apache/lucene/index/SegmentReader, createFakeNorms(I)[B >"
"< Application, Lorg/apache/lucene/document/DateTools, stringToTime(Ljava/lang/String;)J >"
"< Application, Lorg/apache/lucene/index/SegmentReader, get(Lorg/apache/lucene/index/SegmentInfo;)Lorg/apache/lucene/index/SegmentReader; >"
"< Application, Lorg/apache/lucene/util/ArrayUtil, getShrinkSize(II)I >"
"< Application, Lorg/apache/lucene/index/SegmentReader, get(Lorg/apache/lucene/index/SegmentInfo;Z)Lorg/apache/lucene/index/SegmentReader; >"
"< Application, Lorg/apache/lucene/search/spans/NearSpansOrdered, <clinit>()V >"
"< Application, Lorg/apache/lucene/search/PhraseQuery, access$100(Lorg/apache/lucene/search/PhraseQuery;)I >"
"< Application, Lorg/dacapo/harness/CommandLineArgs, printReleaseNotes()V >"
"< Application, Lorg/apache/lucene/index/StoredFieldsWriterPerField, class$(Ljava/lang/String;)Ljava/lang/Class; >"
"< Application, Lorg/apache/lucene/index/IndexReader, isLocked(Ljava/lang/String;)Z >"
"< Application, Lorg/apache/lucene/index/DirectoryIndexReader, access$002(Lorg/apache/lucene/index/DirectoryIndexReader;Lorg/apache/lucene/index/IndexDeletionPolicy;)Lorg/apache/lucene/index/IndexDeletionPolicy; >"
"< Application, Lorg/apache/lucene/demo/html/Test, main([Ljava/lang/String;)V >"
"< Application, Lorg/apache/lucene/index/IndexFileNames, fileNameFromGeneration(Ljava/lang/String;Ljava/lang/String;J)Ljava/lang/String; >"
"< Application, Lorg/apache/lucene/index/ConcurrentMergeScheduler, class$(Ljava/lang/String;)Ljava/lang/Class; >"
"< Application, Lorg/apache/lucene/document/DateTools, dateToString(Ljava/util/Date;Lorg/apache/lucene/document/DateTools$Resolution;)Ljava/lang/String; >"
"< Application, Lorg/apache/lucene/search/ExtendedFieldCache, <clinit>()V >"
"< Application, Lorg/apache/lucene/util/ArrayUtil, shrink([JI)[J >"
"< Application, Lorg/apache/lucene/index/SegmentReader$Norm, access$300(Lorg/apache/lucene/index/SegmentReader$Norm;)V >"
"< Application, Lorg/apache/lucene/search/function/FieldScoreQuery$Type, <clinit>()V >"
"< Application, Lorg/apache/lucene/search/FieldSortedHitQueue, comparatorShort(Lorg/apache/lucene/index/IndexReader;Ljava/lang/String;)Lorg/apache/lucene/search/ScoreDocComparator; >"
"< Application, Lorg/apache/lucene/index/FieldsReader, access$100(Lorg/apache/lucene/index/FieldsReader;)Lorg/apache/lucene/store/IndexInput; >"
"< Application, Lorg/dacapo/harness/Callback$Mode, <clinit>()V >"
"< Application, Lorg/dacapo/parser/Config, parse(Ljava/net/URL;)Lorg/dacapo/parser/Config; >"
"< Application, Lorg/apache/lucene/util/ArrayUtil, grow([J)[J >"
"< Application, Lorg/apache/lucene/index/IndexReader, lastModified(Ljava/io/File;)J >"
"< Application, Lorg/apache/lucene/store/FSDirectory, getDirectory(Ljava/io/File;Z)Lorg/apache/lucene/store/FSDirectory; >"
"< Application, Lorg/apache/lucene/queryParser/Token, newToken(ILjava/lang/String;)Lorg/apache/lucene/queryParser/Token; >"
"< Application, Lorg/apache/lucene/store/RAMOutputStream, class$(Ljava/lang/String;)Ljava/lang/Class; >"
"< Application, Lorg/dacapo/parser/TokenMgrError, LexicalError(ZIIILjava/lang/String;C)Ljava/lang/String; >"
"< Application, Lorg/dacapo/parser/Config, getThreadCountOverride()I >"
"< Application, Lorg/apache/lucene/index/IndexFileDeleter$RefCount, <clinit>()V >"
"< Application, Lorg/apache/lucene/search/FieldSortedHitQueue, comparatorAuto(Lorg/apache/lucene/index/IndexReader;Ljava/lang/String;)Lorg/apache/lucene/search/ScoreDocComparator; >"
"< Application, Lorg/apache/lucene/util/ArrayUtil, hashCode([CII)I >"
"< Application, Lorg/apache/commons/cli/OptionBuilder, hasArg()Lorg/apache/commons/cli/OptionBuilder; >"
"< Application, Lorg/apache/lucene/search/BooleanQuery, getUseScorer14()Z >"
"< Application, Lorg/apache/lucene/demo/html/Entities, encode(Ljava/lang/String;)Ljava/lang/String; >"
"< Application, Lorg/apache/commons/cli/HelpFormatter, appendOption(Ljava/lang/StringBuffer;Lorg/apache/commons/cli/Option;Z)V >"
"< Application, Lorg/apache/lucene/index/ConcurrentMergeScheduler, access$200(Lorg/apache/lucene/index/ConcurrentMergeScheduler;)Z >"
"< Application, Lorg/apache/lucene/index/SegmentInfos, getDefaultGenFileRetryCount()I >"
"< Application, Lorg/apache/lucene/index/SegmentReader$Norm, access$000(Lorg/apache/lucene/index/SegmentReader$Norm;)Z >"
"< Application, Lorg/apache/lucene/document/DateTools, round(JLorg/apache/lucene/document/DateTools$Resolution;)J >"
"< Application, Lorg/dacapo/harness/Benchmark, getValidateOutput()Z >"
"< Application, Lorg/apache/lucene/search/RangeFilter, Less(Ljava/lang/String;Ljava/lang/String;)Lorg/apache/lucene/search/RangeFilter; >"
"< Application, Lorg/apache/lucene/store/Lock, <clinit>()V >"
"< Application, Lorg/apache/lucene/index/IndexReader, open(Lorg/apache/lucene/store/Directory;Lorg/apache/lucene/index/IndexDeletionPolicy;)Lorg/apache/lucene/index/IndexReader; >"
"< Application, Lorg/apache/lucene/search/TimeLimitedCollector, getResolution()J >"
"< Application, Lorg/apache/lucene/util/OpenBitSet, bits2words(J)I >"
"< Application, Lorg/apache/lucene/index/SegmentMerger, class$(Ljava/lang/String;)Ljava/lang/Class; >"
"< Application, Lorg/apache/lucene/analysis/standard/StandardTokenizerImpl, zzUnpackAttribute(Ljava/lang/String;I[I)I >"
"< Application, Lorg/apache/lucene/search/spans/NearSpansUnordered$SpansCell, access$302(Lorg/apache/lucene/search/spans/NearSpansUnordered$SpansCell;Lorg/apache/lucene/search/spans/NearSpansUnordered$SpansCell;)Lorg/apache/lucene/search/spans/NearSpansUnordered$SpansCell; >"
"< Application, Lorg/apache/lucene/index/TermsHash, class$(Ljava/lang/String;)Ljava/lang/Class; >"
"< Application, Lorg/apache/lucene/demo/html/TokenMgrError, addEscapes(Ljava/lang/String;)Ljava/lang/String; >"
"< Application, Lorg/apache/lucene/index/StoredFieldsWriterPerField, <clinit>()V >"
"< Application, Lorg/apache/commons/cli/OptionValidator, isValidOpt(C)Z >"
"< Application, Lorg/apache/lucene/index/IndexWriter$MaxFieldLength, <clinit>()V >"
"< Application, Lorg/dacapo/harness/Callback, <clinit>()V >"
"< Application, Lorg/dacapo/harness/ChordHarness, getBuildVersion()Ljava/lang/String; >"
"< Application, Lorg/apache/lucene/queryParser/MultiFieldQueryParser, parse([Ljava/lang/String;[Ljava/lang/String;Lorg/apache/lucene/analysis/Analyzer;)Lorg/apache/lucene/search/Query; >"
"< Application, Lorg/apache/lucene/store/LockVerifyServer, getTime(J)Ljava/lang/String; >"
"< Application, Lorg/apache/lucene/search/BooleanQuery, setAllowDocsOutOfOrder(Z)V >"
"< Application, Lorg/apache/commons/cli/OptionBuilder, isRequired(Z)Lorg/apache/commons/cli/OptionBuilder; >"
"< Application, Lorg/apache/lucene/util/BitUtil, isPowerOfTwo(J)Z >"
"< Application, Lorg/apache/lucene/queryParser/QueryParserTokenManager, <clinit>()V >"
"< Application, Lorg/apache/lucene/search/spans/SpanOrQuery, access$000(Lorg/apache/lucene/search/spans/SpanOrQuery;)Ljava/util/List; >"
"< Application, Lorg/apache/lucene/util/SmallFloat, floatToByte52(F)B >"
"< Application, Lorg/apache/lucene/demo/SearchFiles, doStreamingSearch(Lorg/apache/lucene/search/Searcher;Lorg/apache/lucene/search/Query;)V >"
"< Application, Lorg/apache/lucene/search/function/OrdFieldSource, class$(Ljava/lang/String;)Ljava/lang/Class; >"
"< Application, Lorg/apache/lucene/demo/html/Entities, add(Ljava/lang/String;I)V >"
"< Application, Lorg/apache/lucene/demo/html/Entities, decode(Ljava/lang/String;)Ljava/lang/String; >"
"< Application, Lorg/apache/lucene/util/OpenBitSet, intersectionCount(Lorg/apache/lucene/util/OpenBitSet;Lorg/apache/lucene/util/OpenBitSet;)J >"
"< Application, Lorg/apache/lucene/search/function/CustomScoreQuery, access$100(Lorg/apache/lucene/search/function/CustomScoreQuery;)[Lorg/apache/lucene/search/function/ValueSourceQuery; >"
"< Application, Lorg/apache/lucene/index/ConcurrentMergeScheduler$MergeThread, <clinit>()V >"
"< Application, Lorg/apache/lucene/index/TermsHashPerThread, noNullPostings([Lorg/apache/lucene/index/RawPostingList;ILjava/lang/String;)Z >"
"< Application, Lorg/apache/lucene/util/SortedVIntList, access$000(Lorg/apache/lucene/util/SortedVIntList;)V >"
"< Application, Lorg/apache/commons/cli/MissingOptionException, createMessage(Ljava/util/List;)Ljava/lang/String; >"
"< Application, Lorg/apache/lucene/store/NoLockFactory, <clinit>()V >"
"< Application, Lorg/apache/commons/cli/OptionBuilder, withDescription(Ljava/lang/String;)Lorg/apache/commons/cli/OptionBuilder; >"
"< Application, Lorg/apache/lucene/search/FieldSortedHitQueue, comparatorLong(Lorg/apache/lucene/index/IndexReader;Ljava/lang/String;)Lorg/apache/lucene/search/ScoreDocComparator; >"
"< Application, Lorg/apache/lucene/util/StringHelper, bytesDifference([BI[BI)I >"
"< Application, Lorg/apache/lucene/queryParser/QueryParser, escape(Ljava/lang/String;)Ljava/lang/String; >"
"< Application, Lorg/apache/lucene/demo/html/Tags, <clinit>()V >"
"< Application, Lorg/apache/lucene/index/SegmentInfos, setDefaultGenLookaheadCount(I)V >"
"< Application, Lorg/apache/lucene/index/IndexWriter, isLocked(Ljava/lang/String;)Z >"
"< Application, Lorg/apache/commons/cli/OptionBuilder, withValueSeparator(C)Lorg/apache/commons/cli/OptionBuilder; >"
"< Application, Lorg/apache/lucene/index/IndexWriter, <clinit>()V >"
"< Application, Lorg/apache/commons/cli/TypeHandler, createFiles(Ljava/lang/String;)[Ljava/io/File; >"
"< Application, Lorg/apache/commons/cli/TypeHandler, createNumber(Ljava/lang/String;)Ljava/lang/Number; >"
"< Application, Lorg/apache/lucene/index/SegmentReader, <clinit>()V >"
"< Application, Lorg/apache/lucene/search/BooleanClause$Occur, <clinit>()V >"
"< Application, Lorg/apache/lucene/document/DateField, <clinit>()V >"
"< Application, Lorg/apache/lucene/index/ConcurrentMergeScheduler, clearUnhandledExceptions()V >"
"< Application, Lorg/apache/lucene/demo/html/Entities, <clinit>()V >"
"< Application, Lorg/apache/lucene/search/FieldCacheImpl, <clinit>()V >"
"< Application, Lorg/apache/lucene/index/DocumentsWriter, <clinit>()V >"
"< Application, Lorg/apache/lucene/index/DirectoryIndexReader, open(Lorg/apache/lucene/store/Directory;ZLorg/apache/lucene/index/IndexDeletionPolicy;Lorg/apache/lucene/index/IndexCommit;Z)Lorg/apache/lucene/index/DirectoryIndexReader; >"
"< Application, Lorg/dacapo/parser/Token, newToken(I)Lorg/dacapo/parser/Token; >"
"< Application, Lorg/apache/lucene/queryParser/QueryParser$Operator, <clinit>()V >"
"< Application, Lorg/apache/lucene/index/IndexReader, open(Ljava/io/File;)Lorg/apache/lucene/index/IndexReader; >"
"< Application, Lorg/apache/lucene/analysis/standard/StandardTokenizer, <clinit>()V >"
"< Application, Lorg/apache/lucene/queryParser/TokenMgrError, addEscapes(Ljava/lang/String;)Ljava/lang/String; >"
"< Application, Lorg/dacapo/parser/Config, main([Ljava/lang/String;)V >"
"< Application, Lorg/dacapo/harness/TestHarness, rmdir(Ljava/io/File;)V >"
"< Application, Lorg/apache/lucene/analysis/StopFilter, getEnablePositionIncrementsDefault()Z >"
"< Application, Lorg/apache/lucene/index/IndexReader, lastModified(Lorg/apache/lucene/store/Directory;)J >"
"< Application, Lorg/apache/lucene/index/DocFieldConsumers, class$(Ljava/lang/String;)Ljava/lang/Class; >"
"< Application, Lorg/apache/lucene/index/SegmentReader, get(ZLorg/apache/lucene/index/SegmentInfos;Lorg/apache/lucene/index/SegmentInfo;Z)Lorg/apache/lucene/index/SegmentReader; >"
"< Application, Lorg/dacapo/harness/TestHarness, makeCleanScratch(Ljava/io/File;)V >"
"< Application, Lorg/dacapo/harness/DacapoClassLoader, getJars(Lorg/dacapo/parser/Config;Ljava/io/File;)[Ljava/net/URL; >"
"< Application, Lorg/apache/lucene/search/function/FieldScoreQuery, getValueSource(Ljava/lang/String;Lorg/apache/lucene/search/function/FieldScoreQuery$Type;)Lorg/apache/lucene/search/function/ValueSource; >"
"< Application, Lorg/apache/lucene/util/SortedVIntList, access$200(Lorg/apache/lucene/util/SortedVIntList;)[B >"
"< Application, Lorg/apache/lucene/search/Query, mergeBooleanQueries([Lorg/apache/lucene/search/Query;)Lorg/apache/lucene/search/Query; >"
"< Application, Lorg/apache/lucene/document/Field$Store, <clinit>()V >"
"< Application, Lorg/apache/commons/cli/OptionValidator, validateOption(Ljava/lang/String;)V >"
"< Application, Lorg/apache/lucene/analysis/standard/StandardAnalyzer, getDefaultReplaceInvalidAcronym()Z >"
"< Application, Lorg/apache/lucene/analysis/KeywordTokenizer, <clinit>()V >"
"< Application, Lorg/apache/lucene/demo/HTMLDocument, Document(Ljava/io/File;)Lorg/apache/lucene/document/Document; >"
"< Application, Lorg/apache/lucene/index/IndexReader, indexExists(Lorg/apache/lucene/store/Directory;)Z >"
"< Application, Lorg/apache/lucene/analysis/CachingTokenFilter, <clinit>()V >"
"< Application, Lorg/dacapo/harness/LatexDescriptions, main([Ljava/lang/String;)V >"
"< Application, Lorg/apache/lucene/index/SegmentInfos, access$000(Ljava/lang/String;)V >"
"< Application, Lorg/apache/lucene/search/spans/SpanFirstQuery, access$000(Lorg/apache/lucene/search/spans/SpanFirstQuery;)Lorg/apache/lucene/search/spans/SpanQuery; >"
"< Application, Lorg/apache/lucene/search/spans/NearSpansOrdered, docSpansOrdered(IIII)Z >"
"< Application, Lorg/dacapo/parser/Config, setThreadCountOverride(I)V >"
"< Application, Lorg/apache/lucene/util/SortedVIntList, access$300(Lorg/apache/lucene/util/SortedVIntList;I)V >"
"< Application, LHarness, main([Ljava/lang/String;)V >"
"< Application, Lorg/apache/lucene/util/BitUtil, pop_intersect([J[JII)J >"
"< Application, Lorg/apache/lucene/index/SegmentReader$Norm, access$600(Lorg/apache/lucene/index/SegmentReader$Norm;)Z >"
"< Application, Lorg/apache/lucene/index/IndexReader, lastModified(Ljava/lang/String;)J >"
"< Application, Lorg/dacapo/harness/TestHarness, getBuildNickName()Ljava/lang/String; >"
"< Application, Lorg/apache/commons/cli/OptionBuilder, withArgName(Ljava/lang/String;)Lorg/apache/commons/cli/OptionBuilder; >"
"< Application, Lorg/apache/lucene/index/ByteBlockPool, <clinit>()V >"
"< Application, Lorg/apache/lucene/index/IndexWriter, unlock(Lorg/apache/lucene/store/Directory;)V >"
"< Application, Lorg/apache/lucene/index/TermVectorsTermsWriterPerField, <clinit>()V >"
"< Application, Lorg/apache/lucene/analysis/CharTokenizer, class$(Ljava/lang/String;)Ljava/lang/Class; >"
"< Application, Lorg/dacapo/harness/ChordHarness, coeff_of_var([J)D >"
"< Application, Lorg/apache/lucene/index/TermVectorsTermsWriterPerThread, <clinit>()V >"
"< Application, Lorg/dacapo/harness/Benchmark, fileIn(Ljava/io/File;Ljava/lang/String;)Ljava/lang/String; >"
"< Application, Lorg/apache/lucene/search/BooleanScorer2, <clinit>()V >"
"< Application, Lorg/apache/lucene/search/ScoreDocComparator, <clinit>()V >"
"< Application, Lorg/apache/lucene/index/SegmentInfos, setInfoStream(Ljava/io/PrintStream;)V >"
"< Application, Lorg/apache/lucene/document/DateField, MAX_DATE_STRING()Ljava/lang/String; >"
"< Application, Lorg/apache/lucene/index/FreqProxTermsWriter, class$(Ljava/lang/String;)Ljava/lang/Class; >"
"< Application, Lorg/apache/lucene/index/ConcurrentMergeScheduler, access$100(Lorg/apache/lucene/index/ConcurrentMergeScheduler;)Ljava/util/List; >"
"< Application, Lorg/apache/lucene/document/DateField, MIN_DATE_STRING()Ljava/lang/String; >"
"< Application, Lorg/apache/lucene/analysis/StopFilter, <clinit>()V >"
"< Application, Lorg/apache/lucene/LucenePackage, get()Ljava/lang/Package; >"
"< Application, Lorg/dacapo/harness/Benchmark, fileFromInputStream(Ljava/io/InputStream;Ljava/io/File;)V >"
"< Application, Lorg/apache/lucene/index/TermsHashPerField, class$(Ljava/lang/String;)Ljava/lang/Class; >"
"< Application, Lorg/apache/lucene/index/FreqProxFieldMergeState, <clinit>()V >"
"< Application, Lorg/apache/lucene/util/SmallFloat, floatToByte315(F)B >"
"< Application, Lorg/apache/lucene/demo/IndexFiles, <clinit>()V >"
"< Application, Lorg/apache/lucene/index/LogMergePolicy, <clinit>()V >"
"< Application, Lorg/apache/lucene/analysis/LengthFilter, <clinit>()V >"
"< Application, Lorg/dacapo/harness/Slice, main([Ljava/lang/String;)V >"
"< Application, Lorg/dacapo/harness/ChordHarness, exists(Ljava/lang/String;)Z >"
"< Application, Lorg/apache/lucene/demo/IndexHTML, <clinit>()V >"
"< Application, Lorg/apache/lucene/index/SegmentReader$Norm, <clinit>()V >"
"< Application, Lorg/dacapo/harness/DacapoClassLoader, create(Lorg/dacapo/parser/Config;Ljava/io/File;)Lorg/dacapo/harness/DacapoClassLoader; >"
"< Application, Lorg/dacapo/harness/Benchmark, <clinit>()V >"
"< Application, Lorg/apache/lucene/search/Similarity, decodeNorm(B)F >"
"< Application, Lorg/apache/lucene/search/spans/NearSpansOrdered, docSpansOrdered(Lorg/apache/lucene/search/spans/Spans;Lorg/apache/lucene/search/spans/Spans;)Z >"
"< Application, Lorg/dacapo/parser/Config, parse(Ljava/io/File;)Lorg/dacapo/parser/Config; >"
"< Application, Lorg/apache/lucene/queryParser/QueryParser, main([Ljava/lang/String;)V >"
"< Application, Lorg/apache/lucene/index/TermVectorsReader, <clinit>()V >"
"< Application, Lorg/apache/lucene/index/SegmentInfos, getInfoStream()Ljava/io/PrintStream; >"
"< Application, Lorg/apache/commons/cli/OptionBuilder, hasArgs(I)Lorg/apache/commons/cli/OptionBuilder; >"
"< Application, Lorg/apache/lucene/index/MultiSegmentReader, getFieldNames(Lorg/apache/lucene/index/IndexReader$FieldOption;[Lorg/apache/lucene/index/IndexReader;)Ljava/util/Collection; >"
"< Application, Lorg/apache/lucene/index/DirectoryIndexReader, class$(Ljava/lang/String;)Ljava/lang/Class; >"
"< Application, Lorg/dacapo/parser/ConfigFile, unHex(Lorg/dacapo/parser/Token;)Ljava/lang/String; >"
"< Application, Lorg/apache/lucene/index/IndexWriter, setDefaultInfoStream(Ljava/io/PrintStream;)V >"
"< Application, Lorg/apache/lucene/queryParser/QueryParser, hexToInt(C)I >"
"< Application, Lorg/apache/lucene/demo/IndexFiles, indexDocs(Lorg/apache/lucene/index/IndexWriter;Ljava/io/File;)V >"
"< Application, Lorg/dacapo/parser/Config$ThreadModel, valueOf(Ljava/lang/String;)Lorg/dacapo/parser/Config$ThreadModel; >"
"< Application, Lorg/dacapo/harness/Benchmark, extractFileResource(Ljava/lang/String;Ljava/io/File;)V >"
"< Application, Lorg/apache/lucene/analysis/LengthFilter, class$(Ljava/lang/String;)Ljava/lang/Class; >"
"< Application, Lorg/apache/lucene/search/spans/NearSpansUnordered, access$100(Lorg/apache/lucene/search/spans/NearSpansUnordered;)Lorg/apache/lucene/search/spans/NearSpansUnordered$SpansCell; >"
"< Application, Lorg/apache/commons/cli/TypeHandler, createDate(Ljava/lang/String;)Ljava/util/Date; >"
"< Application, Lorg/apache/lucene/LucenePackage, class$(Ljava/lang/String;)Ljava/lang/Class; >"
"< Application, Lorg/apache/lucene/demo/html/HTMLParserConstants, <clinit>()V >"
"< Application, Lorg/dacapo/harness/FileDigest, getBinary(Ljava/io/File;)[B >"
"< Application, Lorg/apache/commons/cli/OptionBuilder, withLongOpt(Ljava/lang/String;)Lorg/apache/commons/cli/OptionBuilder; >"
"< Application, Lorg/apache/lucene/index/FieldsReader, access$200(Lorg/apache/lucene/index/FieldsReader;[B)[B >"
"< Application, Lorg/dacapo/harness/CommandLineArgs, printUsage()V >"
"< Application, Lorg/apache/lucene/search/PhraseQuery, access$000(Lorg/apache/lucene/search/PhraseQuery;)Ljava/util/ArrayList; >"
"< Application, Lorg/apache/lucene/analysis/KeywordTokenizer, class$(Ljava/lang/String;)Ljava/lang/Class; >"
"< Application, Lorg/apache/lucene/store/FSDirectory, getDisableLocks()Z >"
"< Application, Lorg/apache/lucene/index/SegmentReader, get(Lorg/apache/lucene/store/Directory;Lorg/apache/lucene/index/SegmentInfo;Lorg/apache/lucene/index/SegmentInfos;ZZI)Lorg/apache/lucene/index/SegmentReader; >"
"< Application, Lorg/apache/lucene/index/IndexReader, open(Lorg/apache/lucene/store/Directory;Lorg/apache/lucene/index/IndexDeletionPolicy;Z)Lorg/apache/lucene/index/IndexReader; >"
"< Application, Lorg/apache/lucene/index/SegmentReader$Norm, access$100(Lorg/apache/lucene/index/SegmentReader$Norm;Lorg/apache/lucene/index/SegmentInfo;)V >"
"< Application, Lorg/apache/lucene/index/IndexReader, unlock(Lorg/apache/lucene/store/Directory;)V >"
"< Application, Lorg/apache/lucene/store/NIOFSDirectory, class$(Ljava/lang/String;)Ljava/lang/Class; >"
"< Application, Lorg/apache/lucene/index/SegmentReader, get(Lorg/apache/lucene/index/SegmentInfo;I)Lorg/apache/lucene/index/SegmentReader; >"
"< Application, Lorg/apache/lucene/index/SegmentInfos, getCurrentSegmentGeneration([Ljava/lang/String;)J >"
"< Application, Lorg/apache/lucene/util/BitVector, <clinit>()V >"
"< Application, Lorg/apache/lucene/store/FSDirectory, getDirectory(Ljava/io/File;)Lorg/apache/lucene/store/FSDirectory; >"
"< Application, Lorg/dacapo/parser/ConfigFile, jj_la1_init_1()V >"
"< Application, Lorg/apache/lucene/queryParser/MultiFieldQueryParser, parse([Ljava/lang/String;[Ljava/lang/String;[Lorg/apache/lucene/search/BooleanClause$Occur;Lorg/apache/lucene/analysis/Analyzer;)Lorg/apache/lucene/search/Query; >"
"< Application, Lorg/apache/lucene/index/IndexReader, indexExists(Ljava/io/File;)Z >"
"< Application, Lorg/apache/lucene/util/ArrayUtil, grow([I)[I >"
"< Application, Lorg/apache/lucene/analysis/standard/StandardAnalyzer, setDefaultReplaceInvalidAcronym(Z)V >"
"< Application, Lorg/apache/lucene/index/SegmentMerger, <clinit>()V >"
"< Application, Lorg/apache/lucene/analysis/ISOLatin1AccentFilter, class$(Ljava/lang/String;)Ljava/lang/Class; >"
"< Application, Lorg/apache/lucene/util/BitUtil, nextHighestPowerOfTwo(J)J >"
"< Application, Lorg/apache/lucene/index/DirectoryIndexReader, <clinit>()V >"
"< Application, Lorg/apache/lucene/index/TermBuffer, compareChars([CI[CI)I >"
"< Application, Lorg/dacapo/parser/ConfigFileConstants, <clinit>()V >"
"< Application, Lorg/apache/lucene/index/TermVectorOffsetInfo, <clinit>()V >"
"< Application, Lorg/apache/lucene/analysis/PorterStemFilter, <clinit>()V >"
"< Application, Lorg/apache/lucene/index/DirectoryIndexReader, listCommits(Lorg/apache/lucene/store/Directory;)Ljava/util/Collection; >"
"< Application, Lorg/apache/lucene/document/NumberTools, longToString(J)Ljava/lang/String; >"
"< Application, Lorg/apache/lucene/util/CloseableThreadLocal, <clinit>()V >"
"< Application, Lorg/apache/lucene/index/FieldsReader, <clinit>()V >"
"< Application, Lorg/apache/lucene/search/payloads/BoostingTermQuery, access$100(Lorg/apache/lucene/search/payloads/BoostingTermQuery;)Lorg/apache/lucene/index/Term; >"
"< Application, Lorg/dacapo/harness/Benchmark, getPreserve()Z >"
"< Application, Lorg/apache/lucene/index/SegmentReader, hasDeletions(Lorg/apache/lucene/index/SegmentInfo;)Z >"
"< Application, Lorg/apache/lucene/index/SegmentReader$Norm, access$200(Lorg/apache/lucene/index/SegmentReader$Norm;)[B >"
"< Application, Lorg/apache/lucene/index/IndexReader, open(Lorg/apache/lucene/store/Directory;)Lorg/apache/lucene/index/IndexReader; >"
"< Application, Lorg/apache/lucene/util/OpenBitSet, unionCount(Lorg/apache/lucene/util/OpenBitSet;Lorg/apache/lucene/util/OpenBitSet;)J >"
"< Application, Lorg/apache/lucene/search/BooleanQuery, setMaxClauseCount(I)V >"
"< Application, Lorg/dacapo/parser/ConfigFile, unQuote(Lorg/dacapo/parser/Token;)Ljava/lang/String; >"
"< Application, Lorg/apache/lucene/util/SmallFloat, byte52ToFloat(B)F >"
"< Application, Lorg/apache/lucene/analysis/PorterStemmer, main([Ljava/lang/String;)V >"
"< Application, Lorg/dacapo/harness/TestHarness, getURL(Ljava/lang/String;)Ljava/net/URL; >"
"< Application, Lorg/apache/lucene/index/IndexFileNameFilter, <clinit>()V >"
"< Application, Lorg/apache/lucene/index/IndexWriter, isLocked(Lorg/apache/lucene/store/Directory;)Z >"
"< Application, Lorg/apache/lucene/index/CheckIndex, testAsserts()Z >"
"< Application, Lorg/apache/lucene/store/FSDirectory, class$(Ljava/lang/String;)Ljava/lang/Class; >"
"< Application, Lorg/apache/lucene/document/DateField, stringToDate(Ljava/lang/String;)Ljava/util/Date; >"
"< Application, Lorg/apache/lucene/search/DisjunctionMaxQuery, access$100(Lorg/apache/lucene/search/DisjunctionMaxQuery;)F >"
"< Application, Lorg/apache/lucene/index/ConcurrentMergeScheduler, setTestMode()V >"
"< Application, Lorg/apache/lucene/store/NoLockFactory, getNoLockFactory()Lorg/apache/lucene/store/NoLockFactory; >"
"< Application, Lorg/apache/lucene/util/cache/SimpleLRUCache, access$000(Lorg/apache/lucene/util/cache/SimpleLRUCache;)I >"
"< Application, Lorg/apache/lucene/index/ByteSliceWriter, <clinit>()V >"
"< Application, Lorg/apache/lucene/search/BooleanQuery, access$100(Lorg/apache/lucene/search/BooleanQuery;)Ljava/util/ArrayList; >"
"< Application, Lorg/dacapo/harness/Benchmark, setCommandLineOptions(Lorg/dacapo/harness/CommandLineArgs;)V >"
"< Application, Lorg/apache/lucene/index/TermsHashPerThread, <clinit>()V >"
"< Application, Lorg/apache/lucene/store/IndexOutput, <clinit>()V >"
"< Application, Lorg/dacapo/harness/Benchmark, unpackZipFile(Ljava/lang/String;Ljava/io/File;)V >"
"< Application, Lorg/apache/lucene/util/BitUtil, ntz2(J)I >"
"< Application, Lorg/apache/lucene/search/spans/NearSpansUnordered, access$020(Lorg/apache/lucene/search/spans/NearSpansUnordered;I)I >"
"< Application, Lorg/apache/lucene/search/function/CustomScoreQuery, access$000(Lorg/apache/lucene/search/function/CustomScoreQuery;)Lorg/apache/lucene/search/Query; >"
"< Application, Lorg/dacapo/harness/Benchmark, getValidate()Z >"
"< Application, Lorg/apache/commons/cli/TypeHandler, createValue(Ljava/lang/String;Ljava/lang/Object;)Ljava/lang/Object; >"
"< Application, Lorg/dacapo/harness/TestHarness, main([Ljava/lang/String;)V >"
"< Application, Lorg/dacapo/parser/ConfigFile, main([Ljava/lang/String;)V >"
"< Application, Lorg/apache/lucene/search/function/OrdFieldSource, <clinit>()V >"
"< Application, Lorg/apache/lucene/index/ParallelReader, access$000(Lorg/apache/lucene/index/ParallelReader;)Ljava/util/SortedMap; >"
"< Application, Lorg/apache/lucene/analysis/CachingTokenFilter, class$(Ljava/lang/String;)Ljava/lang/Class; >"
"< Application, Lorg/apache/lucene/index/SegmentTermPositions, class$(Ljava/lang/String;)Ljava/lang/Class; >"
"< Application, Lorg/apache/lucene/search/function/ShortFieldSource, class$(Ljava/lang/String;)Ljava/lang/Class; >"
"< Application, Lorg/apache/lucene/index/DocFieldProcessorPerThread, <clinit>()V >"
"< Application, Lorg/dacapo/harness/ChordHarness, getURL(Ljava/lang/String;)Ljava/net/URL; >"
"< Application, Lorg/apache/lucene/index/IndexReader, open(Lorg/apache/lucene/index/IndexCommit;)Lorg/apache/lucene/index/IndexReader; >"
"< Application, Lorg/apache/lucene/search/BooleanQuery, getMaxClauseCount()I >"
"< Application, Lorg/apache/lucene/index/SegmentReader, get(Lorg/apache/lucene/index/SegmentInfo;IZ)Lorg/apache/lucene/index/SegmentReader; >"
"< Application, Lorg/apache/lucene/util/ArrayUtil, grow([JI)[J >"
"< Application, Lorg/dacapo/harness/Matcher, <clinit>()V >"
"< Application, Lorg/apache/lucene/store/BufferedIndexInput, <clinit>()V >"
"< Application, Lorg/apache/lucene/search/Similarity, getNormDecoder()[F >"
"< Application, Lorg/apache/lucene/index/CompoundFileWriter, <clinit>()V >"
"< Application, Lorg/apache/lucene/index/DirectoryIndexReader, access$000(Lorg/apache/lucene/index/DirectoryIndexReader;)Lorg/apache/lucene/index/IndexDeletionPolicy; >"
"< Application, Lorg/apache/lucene/index/DocumentsWriter, class$(Ljava/lang/String;)Ljava/lang/Class; >"
"< Application, Lorg/apache/lucene/index/NormsWriterPerField, <clinit>()V >"
"< Application, Lorg/apache/lucene/search/FieldSortedHitQueue, comparatorString(Lorg/apache/lucene/index/IndexReader;Ljava/lang/String;)Lorg/apache/lucene/search/ScoreDocComparator; >"
"< Application, Lorg/apache/lucene/analysis/CharTokenizer, <clinit>()V >"
"< Application, Lorg/apache/lucene/util/ArrayUtil, getNextSize(I)I >"
"< Application, Lorg/apache/lucene/index/FieldsReader, access$300(Lorg/apache/lucene/index/FieldsReader;)I >"
"< Application, Lorg/apache/lucene/index/DocFieldConsumers, <clinit>()V >"
"< Application, Lorg/apache/lucene/index/IndexReader, class$(Ljava/lang/String;)Ljava/lang/Class; >"
"< Application, Lorg/apache/lucene/document/FieldSelectorResult, <clinit>()V >"
"< Application, Lorg/dacapo/harness/LatexDescriptions, strop(Ljava/lang/String;)Ljava/lang/String; >"
"< Application, Lorg/apache/lucene/search/FieldSortedHitQueue, comparatorByte(Lorg/apache/lucene/index/IndexReader;Ljava/lang/String;)Lorg/apache/lucene/search/ScoreDocComparator; >"
"< Application, Lorg/apache/commons/cli/PatternOptionBuilder, parsePattern(Ljava/lang/String;)Lorg/apache/commons/cli/Options; >"
"< Application, Lorg/apache/lucene/index/SegmentReader$Norm, access$602(Lorg/apache/lucene/index/SegmentReader$Norm;Z)Z >"
"< Application, Lorg/dacapo/harness/CommandLineArgs, makeOption(Ljava/lang/String;Ljava/lang/String;Ljava/lang/String;Ljava/lang/String;)Lorg/apache/commons/cli/Option; >"
"< Application, Lorg/apache/lucene/search/FieldSortedHitQueue, comparatorFloat(Lorg/apache/lucene/index/IndexReader;Ljava/lang/String;)Lorg/apache/lucene/search/ScoreDocComparator; >"
"< Application, Lorg/apache/lucene/analysis/standard/StandardTokenizerImpl, zzUnpackAction(Ljava/lang/String;I[I)I >"
"< Application, Lorg/apache/lucene/index/IndexReader, open(Lorg/apache/lucene/store/Directory;Z)Lorg/apache/lucene/index/IndexReader; >"
"< Application, Lorg/apache/lucene/index/IndexReader, listCommits(Lorg/apache/lucene/store/Directory;)Ljava/util/Collection; >"
"< Application, Lorg/apache/lucene/index/SegmentInfos, setDefaultGenFileRetryPauseMsec(I)V >"
"< Application, Lorg/apache/lucene/store/FSDirectory, getDirectory(Ljava/lang/String;Lorg/apache/lucene/store/LockFactory;)Lorg/apache/lucene/store/FSDirectory; >"
"< Application, Lorg/dacapo/harness/TestHarness, runBenchmark(Ljava/io/File;Ljava/lang/String;Lorg/dacapo/harness/TestHarness;)V >"
"< Application, Lorg/apache/commons/cli/OptionBuilder, hasArg(Z)Lorg/apache/commons/cli/OptionBuilder; >"
"< Application, Lorg/apache/lucene/index/SegmentInfos, getCurrentSegmentFileName(Lorg/apache/lucene/store/Directory;)Ljava/lang/String; >"
"< Application, Lorg/apache/lucene/document/DateField, timeToString(J)Ljava/lang/String; >"
"< Application, Lorg/apache/lucene/util/ArrayUtil, grow([B)[B >"
"< Application, Lorg/apache/lucene/analysis/TeeTokenFilter, class$(Ljava/lang/String;)Ljava/lang/Class; >"
"< Application, Lorg/apache/lucene/index/IndexReader, main([Ljava/lang/String;)V >"
"< Application, Lorg/apache/lucene/util/Parameter, <clinit>()V >"
"< Application, Lorg/apache/lucene/util/cache/Cache, synchronizedCache(Lorg/apache/lucene/util/cache/Cache;)Lorg/apache/lucene/util/cache/Cache; >"
"< Application, Lorg/dacapo/harness/ChordHarness, getBuildNickName()Ljava/lang/String; >"
"< Application, Lorg/apache/lucene/util/Constants, <clinit>()V >"
"< Application, Lorg/dacapo/harness/CommandLineArgs$Methodology, <clinit>()V >"
"< Application, Lorg/apache/lucene/index/SegmentReader$Norm, access$002(Lorg/apache/lucene/index/SegmentReader$Norm;Z)Z >"
"< Application, Lorg/apache/lucene/analysis/standard/StandardFilter, <clinit>()V >"
"< Application, Lorg/apache/lucene/demo/html/HTMLParserTokenManager, <clinit>()V >"
"< Application, Lorg/apache/lucene/index/IndexReader, open(Ljava/lang/String;)Lorg/apache/lucene/index/IndexReader; >"
"< Application, Lorg/apache/commons/cli/PatternOptionBuilder, isValueCode(C)Z >"
"< Application, Lorg/apache/lucene/search/spans/NearSpansUnordered, access$202(Lorg/apache/lucene/search/spans/NearSpansUnordered;Z)Z >"
"< Application, Lorg/apache/lucene/document/Field$Index, <clinit>()V >"
"< Application, Lorg/apache/lucene/index/FieldsWriter, class$(Ljava/lang/String;)Ljava/lang/Class; >"
"< Application, Lorg/apache/lucene/search/BooleanScorer2, access$100(Lorg/apache/lucene/search/BooleanScorer2;)Lorg/apache/lucene/search/BooleanScorer2$Coordinator; >"
"< Application, Lorg/apache/commons/cli/Util, stripLeadingAndTrailingQuotes(Ljava/lang/String;)Ljava/lang/String; >"
"< Application, Lorg/apache/lucene/search/PhraseQuery, access$200(Lorg/apache/lucene/search/PhraseQuery;)Ljava/lang/String; >"
"< Application, Lorg/apache/lucene/index/ReadOnlySegmentReader, noWrite()V >"
"< Application, Lorg/apache/lucene/search/RemoteSearchable_Stub, <clinit>()V >"
"< Application, Lorg/apache/lucene/queryParser/QueryParser, jj_la1_init_0()V >"
"< Application, Lorg/apache/lucene/index/IndexReader, isLocked(Lorg/apache/lucene/store/Directory;)Z >"
"< Application, Lorg/apache/lucene/index/SegmentReader, get(ZLorg/apache/lucene/index/SegmentInfo;)Lorg/apache/lucene/index/SegmentReader; >"
"< Application, Lorg/apache/lucene/demo/HTMLDocument, uid2url(Ljava/lang/String;)Ljava/lang/String; >"
"< Application, Lorg/apache/lucene/analysis/StopAnalyzer, <clinit>()V >"
"< Application, Lorg/apache/lucene/demo/html/HTMLParser, jj_la1_0()V >"
"< Application, Lorg/apache/lucene/analysis/standard/StandardTokenizerImpl, <clinit>()V >"
"< Application, Lorg/apache/lucene/demo/html/TokenMgrError, LexicalError(ZIIILjava/lang/String;C)Ljava/lang/String; >"
"< Application, Lorg/dacapo/harness/Benchmark, getSilent()Z >"
"< Application, Lorg/dacapo/harness/ChordHarness, exists(Ljava/io/File;)Z >"
"< Application, Lorg/dacapo/harness/Slice, extract(Ljava/io/File;Ljava/io/File;II)V >"
"< Application, Lorg/apache/lucene/index/SegmentInfos, message(Ljava/lang/String;)V >"
"< Application, Lorg/apache/lucene/demo/IndexHTML, indexDocs(Ljava/io/File;Ljava/lang/String;Z)V >"
"< Application, Lorg/apache/lucene/util/ArrayUtil, shrink([II)[I >"
"< Application, Lorg/apache/lucene/queryParser/TokenMgrError, LexicalError(ZIIILjava/lang/String;C)Ljava/lang/String; >"
"< Application, Lorg/apache/lucene/index/CheckIndex, <clinit>()V >"
"< Application, Lorg/apache/lucene/queryParser/QueryParser, <clinit>()V >"
"< Application, Lorg/dacapo/harness/Benchmark, byteCount(Ljava/lang/String;)J >"
"< Application, Lorg/apache/lucene/index/ConcurrentMergeScheduler, <clinit>()V >"
"< Application, Lorg/apache/lucene/demo/HTMLDocument, uid(Ljava/io/File;)Ljava/lang/String; >"
"< Application, Lorg/apache/lucene/store/FSDirectory, getDirectory(Ljava/lang/String;)Lorg/apache/lucene/store/FSDirectory; >"
"< Application, Lorg/dacapo/harness/CommandLineArgs$Methodology, valueOf(Ljava/lang/String;)Lorg/dacapo/harness/CommandLineArgs$Methodology; >"
"< Application, Lorg/apache/lucene/index/IndexWriter, getDefaultInfoStream()Ljava/io/PrintStream; >"
"< Application, Lorg/apache/lucene/search/ExtendedFieldCacheImpl, <clinit>()V >"
"< Application, Lorg/apache/commons/cli/OptionBuilder, create(Ljava/lang/String;)Lorg/apache/commons/cli/Option; >"
"< Application, Lorg/apache/commons/cli/OptionBuilder, reset()V >"
"< Application, Lorg/apache/lucene/util/OpenBitSet, andNotCount(Lorg/apache/lucene/util/OpenBitSet;Lorg/apache/lucene/util/OpenBitSet;)J >"
"< Application, Lorg/apache/lucene/document/DateTools, <clinit>()V >"
"< Application, Lorg/apache/lucene/index/TermVectorsWriter, class$(Ljava/lang/String;)Ljava/lang/Class; >"
"< Application, Lorg/apache/lucene/index/TermVectorsTermsWriter, class$(Ljava/lang/String;)Ljava/lang/Class; >"
"< Application, Lorg/apache/lucene/index/TermVectorsTermsWriterPerField, class$(Ljava/lang/String;)Ljava/lang/Class; >"
"< Application, Lorg/apache/lucene/search/FieldSortedHitQueue, getCachedComparator(Lorg/apache/lucene/index/IndexReader;Ljava/lang/String;ILjava/util/Locale;Lorg/apache/lucene/search/SortComparatorSource;)Lorg/apache/lucene/search/ScoreDocComparator; >"
"< Application, Lorg/dacapo/parser/Config, parse(Ljava/io/InputStream;)Lorg/dacapo/parser/Config; >"
"< Application, Lorg/apache/lucene/analysis/standard/StandardTokenizerImpl, zzUnpackTrans(Ljava/lang/String;I[I)I >"
"< Application, Lorg/apache/lucene/index/ByteSliceWriter, class$(Ljava/lang/String;)Ljava/lang/Class; >"
"< Application, Lorg/apache/lucene/analysis/StopFilter, setEnablePositionIncrementsDefault(Z)V >"
"< Application, Lorg/dacapo/harness/LatexDescriptions, <clinit>()V >"
"< Application, Lorg/apache/lucene/util/UnicodeUtil, UTF8toUTF16([BIILorg/apache/lucene/util/UnicodeUtil$UTF16Result;)V >"
"< Application, Lorg/apache/lucene/index/DocumentsWriter$WaitQueue, <clinit>()V >"
"< Application, Lorg/apache/lucene/index/FreqProxTermsWriter, <clinit>()V >"
"< Application, Lorg/apache/commons/cli/OptionBuilder, create(C)Lorg/apache/commons/cli/Option; >"
"< Application, Lorg/apache/lucene/util/BitUtil, pop(J)I >"
"< Application, Lorg/apache/lucene/search/spans/NearSpansUnordered, access$012(Lorg/apache/lucene/search/spans/NearSpansUnordered;I)I >"
"< Application, Lorg/apache/lucene/index/SegmentInfos, getDefaultGenLookahedCount()I >"
"< Application, Lorg/dacapo/harness/Digest, create()Ljava/security/MessageDigest; >"
"< Application, Lorg/apache/commons/cli/OptionBuilder, withValueSeparator()Lorg/apache/commons/cli/OptionBuilder; >"
"< Application, Lorg/dacapo/harness/Callback$Mode, values()[Lorg/dacapo/harness/Callback$Mode; >"
"< Application, Lorg/apache/lucene/search/Similarity, encodeNorm(F)B >"
"< Application, Lorg/dacapo/harness/CommandLineArgs, <clinit>()V >"
"< Application, Lorg/apache/lucene/search/WildcardTermEnum, wildcardEquals(Ljava/lang/String;ILjava/lang/String;I)Z >"
"< Application, Lorg/apache/lucene/index/FieldsReader, access$000(Lorg/apache/lucene/index/FieldsReader;)Lorg/apache/lucene/util/CloseableThreadLocal; >"
"< Application, Lorg/apache/lucene/store/LockStressTest, main([Ljava/lang/String;)V >"
"< Application, Lorg/apache/lucene/search/spans/SpanFirstQuery, access$100(Lorg/apache/lucene/search/spans/SpanFirstQuery;)I >"
"< Application, Lorg/dacapo/harness/FileDigest, replaceAllFixed(Ljava/lang/String;Ljava/lang/String;Ljava/lang/String;)Ljava/lang/String; >"
"< Application, Lorg/dacapo/harness/Benchmark, deleteFiles(Ljava/io/File;Ljava/lang/String;)V >"
"< Application, Lorg/apache/lucene/index/StoredFieldsWriter, <clinit>()V >"
"< Application, Lorg/apache/lucene/index/NormsWriter, class$(Ljava/lang/String;)Ljava/lang/Class; >"
"< Application, Lorg/apache/commons/cli/OptionValidator, isValidChar(C)Z >"
"< Application, Lorg/apache/lucene/index/SegmentInfos, access$300()I >"
"< Application, Lorg/apache/lucene/util/BitUtil, nextHighestPowerOfTwo(I)I >"
"< Application, Lorg/dacapo/harness/Benchmark, lineCount(Ljava/lang/String;)I >"
"< Application, Lorg/dacapo/harness/LatexDescriptions, print([Ljava/lang/String;Ljava/io/PrintStream;)V >"
"< Application, Lorg/apache/lucene/document/DateField, stringToTime(Ljava/lang/String;)J >"
"< Application, Lorg/dacapo/harness/Benchmark, copyFile(Ljava/io/File;Ljava/io/File;)V >"
"< Application, Lorg/apache/lucene/util/OpenBitSet, xorCount(Lorg/apache/lucene/util/OpenBitSet;Lorg/apache/lucene/util/OpenBitSet;)J >"
"< Application, Lorg/apache/lucene/index/DocumentsWriter, access$300(Lorg/apache/lucene/index/DocumentsWriter;)J >"
"< Application, Lorg/apache/lucene/analysis/PorterStemFilter, class$(Ljava/lang/String;)Ljava/lang/Class; >"
"< Application, Lorg/apache/lucene/analysis/Token, <clinit>()V >"
"< Application, Lorg/apache/lucene/util/ToStringUtils, boost(F)Ljava/lang/String; >"
"< Application, Lorg/apache/lucene/demo/HTMLDocument, <clinit>()V >"
"< Application, Lorg/apache/lucene/search/MultiPhraseQuery, access$100(Lorg/apache/lucene/search/MultiPhraseQuery;)I >"
"< Application, Lorg/dacapo/harness/Benchmark, deleteFile(Ljava/io/File;)V >"
"< Application, Lorg/apache/lucene/analysis/WordlistLoader, getWordSet(Ljava/io/Reader;)Ljava/util/HashSet; >"
"< Application, Lorg/apache/lucene/index/IndexReader, getCurrentVersion(Ljava/lang/String;)J >"
"< Application, Lorg/apache/lucene/index/SegmentInfos, getDefaultGenFileRetryPauseMsec()I >"
"< Application, Lorg/apache/lucene/search/function/ReverseOrdFieldSource, class$(Ljava/lang/String;)Ljava/lang/Class; >"
"< Application, Lorg/apache/lucene/analysis/CharArraySet, access$000(Lorg/apache/lucene/analysis/CharArraySet;)[[C >"
"< Application, Lorg/apache/lucene/index/SegmentReader, class$(Ljava/lang/String;)Ljava/lang/Class; >"
"< Application, Lorg/dacapo/harness/Benchmark, getURL(Ljava/lang/String;)Ljava/net/URL; >"
"< Application, Lorg/dacapo/harness/ChordHarness, runBenchmark(Ljava/io/File;Ljava/lang/String;Lorg/dacapo/harness/ChordHarness;)V >"
"< Application, Lorg/apache/lucene/search/FieldSortedHitQueue, comparatorDouble(Lorg/apache/lucene/index/IndexReader;Ljava/lang/String;)Lorg/apache/lucene/search/ScoreDocComparator; >"
"< Application, Lorg/apache/lucene/index/IndexReader, open(Lorg/apache/lucene/index/IndexCommit;Lorg/apache/lucene/index/IndexDeletionPolicy;Z)Lorg/apache/lucene/index/IndexReader; >"
"< Application, Lorg/apache/lucene/index/FreqProxTermsWriter, compareText([CI[CI)I >"
"< Application, Lorg/apache/lucene/util/BitUtil, ntz(J)I >"
"< Application, Lorg/apache/lucene/document/NumberTools, <clinit>()V >"
"< Application, Lorg/dacapo/parser/ConfigFileTokenManager, <clinit>()V >"
"< Application, Lorg/apache/lucene/util/UnicodeUtil, <clinit>()V >"
"< Application, Lorg/apache/lucene/util/SmallFloat, floatToByte(FII)B >"
"< Application, Lorg/dacapo/harness/Benchmark, lineCount(Ljava/io/File;)I >"
"< Application, Lorg/apache/lucene/index/SegmentReader$Norm, access$400(Lorg/apache/lucene/index/SegmentReader$Norm;)Lorg/apache/lucene/store/IndexInput; >"
"< Application, Lorg/apache/lucene/analysis/standard/StandardTokenizerImpl, zzUnpackTrans()[I >"
"< Application, Lorg/apache/commons/cli/PatternOptionBuilder, getValueClass(C)Ljava/lang/Object; >"
"< Application, Lorg/apache/lucene/index/MergeDocIDRemapper, <clinit>()V >"
"< Application, Lorg/apache/lucene/index/NormsWriter, <clinit>()V >"
"< Application, Lorg/apache/lucene/index/TermsHashPerThread, class$(Ljava/lang/String;)Ljava/lang/Class; >"
"< Application, Lorg/dacapo/harness/FileDigest, main([Ljava/lang/String;)V >"
"< Application, Lorg/apache/lucene/document/DateTools, round(Ljava/util/Date;Lorg/apache/lucene/document/DateTools$Resolution;)Ljava/util/Date; >"
"< Application, Lorg/apache/lucene/search/MultiPhraseQuery, access$000(Lorg/apache/lucene/search/MultiPhraseQuery;)Ljava/util/ArrayList; >"
"< Application, Lorg/apache/lucene/store/NIOFSDirectory$NIOFSIndexInput, <clinit>()V >"
"< Application, Lorg/apache/lucene/search/FieldSortedHitQueue, comparatorStringLocale(Lorg/apache/lucene/index/IndexReader;Ljava/lang/String;Ljava/util/Locale;)Lorg/apache/lucene/search/ScoreDocComparator; >"
"< Application, Lorg/apache/lucene/queryParser/MultiFieldQueryParser, parse(Ljava/lang/String;[Ljava/lang/String;[Lorg/apache/lucene/search/BooleanClause$Occur;Lorg/apache/lucene/analysis/Analyzer;)Lorg/apache/lucene/search/Query; >"
"< Application, Lorg/apache/lucene/util/UnicodeUtil, UTF16toUTF8(Ljava/lang/String;IILorg/apache/lucene/util/UnicodeUtil$UTF8Result;)V >"
"< Application, Lorg/apache/lucene/index/SegmentInfos, readCurrentVersion(Lorg/apache/lucene/store/Directory;)J >"
"< Application, Lorg/apache/lucene/index/IndexReader, getCurrentVersion(Lorg/apache/lucene/store/Directory;)J >"
"< Application, Lorg/apache/lucene/util/BitUtil, pop_xor([J[JII)J >"
"< Application, Lorg/apache/lucene/util/DocIdBitSet, class$(Ljava/lang/String;)Ljava/lang/Class; >"
"< Application, Lorg/apache/commons/cli/OptionBuilder, hasOptionalArgs(I)Lorg/apache/commons/cli/OptionBuilder; >"
"< Application, Lorg/apache/lucene/analysis/StopFilter, makeStopSet([Ljava/lang/String;)Ljava/util/Set; >"
"< Application, Lorg/apache/lucene/index/DirectoryIndexReader, open(Lorg/apache/lucene/store/Directory;ZLorg/apache/lucene/index/IndexDeletionPolicy;)Lorg/apache/lucene/index/DirectoryIndexReader; >"
"< Application, Lorg/apache/lucene/search/BooleanQuery, access$200()Z >"
"< Application, Lorg/apache/lucene/search/function/FloatFieldSource, class$(Ljava/lang/String;)Ljava/lang/Class; >"
"< Application, Lorg/apache/lucene/document/NumberTools, stringToLong(Ljava/lang/String;)J >"
"< Application, Lorg/apache/commons/cli/OptionBuilder, <clinit>()V >"
"< Application, Lorg/apache/lucene/analysis/LowerCaseFilter, class$(Ljava/lang/String;)Ljava/lang/Class; >"
"< Application, Lorg/apache/lucene/index/FreqProxFieldMergeState, class$(Ljava/lang/String;)Ljava/lang/Class; >"
"< Application, Lorg/apache/lucene/demo/html/Token, newToken(I)Lorg/apache/lucene/demo/html/Token; >"
"< Application, Lorg/apache/lucene/index/SegmentInfos, generationFromSegmentsFileName(Ljava/lang/String;)J >"
"< Application, Lorg/apache/lucene/demo/IndexFiles, main([Ljava/lang/String;)V >"
"< Application, Lorg/apache/lucene/index/MultiSegmentReader, readerIndex(I[II)I >"
"< Application, Lorg/apache/lucene/search/FieldSortedHitQueue, comparatorInt(Lorg/apache/lucene/index/IndexReader;Ljava/lang/String;)Lorg/apache/lucene/search/ScoreDocComparator; >"
"< Application, Lorg/apache/lucene/analysis/standard/StandardTokenizerImpl, zzUnpackCMap(Ljava/lang/String;)[C >"
"< Application, Lorg/dacapo/harness/ChordHarness, twoDecimalPlaces()Ljava/text/DecimalFormat; >"
"< Application, Lorg/apache/lucene/index/IndexFileDeleter, <clinit>()V >"
"< Application, Lorg/apache/lucene/index/CheckIndex, assertsOn()Z >"
"< Application, Lorg/apache/lucene/store/FSDirectory, fileModified(Ljava/io/File;Ljava/lang/String;)J >"
"< Application, Lorg/apache/lucene/search/FilterManager, getInstance()Lorg/apache/lucene/search/FilterManager; >"
"< Application, Lorg/apache/commons/cli/OptionBuilder, create()Lorg/apache/commons/cli/Option; >"
"< Application, Lorg/apache/lucene/index/DocFieldConsumersPerThread, <clinit>()V >"
"< Application, Lorg/apache/lucene/util/BitUtil, <clinit>()V >"
"< Application, Lorg/apache/lucene/search/function/CustomScoreQuery, access$200(Lorg/apache/lucene/search/function/CustomScoreQuery;)Z >"
"< Application, Lorg/apache/lucene/util/UnicodeUtil, UTF16toUTF8([CILorg/apache/lucene/util/UnicodeUtil$UTF8Result;)V >"
"< Application, Lorg/apache/lucene/queryParser/QueryParserConstants, <clinit>()V >"
"< Application, Lorg/apache/lucene/index/SegmentReader$Norm, access$500(Lorg/apache/lucene/index/SegmentReader$Norm;)J >"
"< Application, Lorg/apache/lucene/index/IndexReader, open(Lorg/apache/lucene/store/Directory;ZLorg/apache/lucene/index/IndexDeletionPolicy;Lorg/apache/lucene/index/IndexCommit;Z)Lorg/apache/lucene/index/IndexReader; >"
"< Application, Lorg/apache/lucene/util/UnicodeUtil, UTF16toUTF8([CIILorg/apache/lucene/util/UnicodeUtil$UTF8Result;)V >"
"< Application, Lorg/apache/lucene/index/TermVectorsReader, class$(Ljava/lang/String;)Ljava/lang/Class; >"
"< Application, Lorg/dacapo/harness/TestHarness, exists(Ljava/lang/String;)Z >"
"< Application, Lorg/apache/lucene/index/IndexReader, open(Lorg/apache/lucene/index/IndexCommit;Lorg/apache/lucene/index/IndexDeletionPolicy;)Lorg/apache/lucene/index/IndexReader; >"
"< Application, Lorg/apache/lucene/index/IndexFileNameFilter, getFilter()Lorg/apache/lucene/index/IndexFileNameFilter; >"
"< Application, Lorg/dacapo/harness/ChordHarness, main([Ljava/lang/String;)V >"
"< Application, Lorg/apache/lucene/analysis/SinkTokenizer, <clinit>()V >"
"< Application, Lorg/dacapo/harness/Benchmark, copyFileTo(Ljava/io/File;Ljava/io/File;)V >"
"< Application, Lorg/apache/lucene/util/StringHelper, stringDifference(Ljava/lang/String;Ljava/lang/String;)I >"
"< Application, Lorg/apache/lucene/search/BooleanQuery, getAllowDocsOutOfOrder()Z >"
"< Application, Lorg/apache/lucene/document/DateTools, timeToString(JLorg/apache/lucene/document/DateTools$Resolution;)Ljava/lang/String; >"
"< Application, Lorg/apache/lucene/util/SmallFloat, byte315ToFloat(B)F >"
"< Application, Lorg/apache/lucene/analysis/TokenStream, class$(Ljava/lang/String;)Ljava/lang/Class; >"
"< Application, Lorg/apache/lucene/store/LockVerifyServer, main([Ljava/lang/String;)V >"
"< Application, Lorg/apache/lucene/index/CheckIndex, check(Lorg/apache/lucene/store/Directory;Z)Z >"
"< Application, Lorg/apache/lucene/index/TermVectorsTermsWriter, <clinit>()V >"
"< Application, Lorg/apache/commons/cli/OptionBuilder, hasOptionalArg()Lorg/apache/commons/cli/OptionBuilder; >"
"< Application, Lorg/apache/lucene/util/ArrayUtil, grow([BI)[B >"
"< Application, Lorg/dacapo/harness/ChordHarness, <clinit>()V >"
"< Application, Lorg/apache/lucene/search/spans/NearSpansOrdered, class$(Ljava/lang/String;)Ljava/lang/Class; >"
"< Application, Lorg/apache/lucene/index/CheckIndex, check(Lorg/apache/lucene/store/Directory;ZLjava/util/List;)Z >"
"< Application, Lorg/apache/lucene/index/DocFieldProcessorPerThread, class$(Ljava/lang/String;)Ljava/lang/Class; >"
"< Application, Lorg/apache/lucene/index/FreqProxTermsWriterPerField, <clinit>()V >"
"< Application, Lorg/dacapo/parser/Config$ThreadModel, <clinit>()V >"
"< Application, Lorg/dacapo/harness/CommandLineArgs, extractBenchmarkSet()Ljava/util/List; >"
"< Application, Lorg/apache/commons/cli/OptionBuilder, isRequired()Lorg/apache/commons/cli/OptionBuilder; >"
"< Application, Lorg/apache/lucene/analysis/Token, class$(Ljava/lang/String;)Ljava/lang/Class; >"
"< Application, Lorg/dacapo/harness/Benchmark, unpackZipStream(Ljava/io/BufferedInputStream;Ljava/io/File;)V >"
"< Application, Lorg/apache/lucene/demo/FileDocument, Document(Ljava/io/File;)Lorg/apache/lucene/document/Document; >"
"< Application, Lorg/apache/lucene/index/ByteSliceReader, <clinit>()V >"
"< Application, Lorg/apache/lucene/store/FSDirectory, <clinit>()V >"
"< Application, Lorg/apache/lucene/analysis/standard/StandardTokenizerImpl, zzUnpackAction()[I >"
"< Application, Lorg/apache/lucene/util/BitUtil, pop_union([J[JII)J >"
"< Application, Lorg/dacapo/harness/ChordHarness, rmdir(Ljava/io/File;)V >"
"< Application, Lorg/apache/lucene/index/IndexReader$FieldOption, <clinit>()V >"
"< Application, Lorg/apache/lucene/store/NativeFSLock, <clinit>()V >"
"< Application, Lorg/apache/lucene/search/FilteredQuery$1, access$000(Lorg/apache/lucene/search/FilteredQuery$1;)Lorg/apache/lucene/search/FilteredQuery; >"
"< Application, Lorg/apache/lucene/search/TimeLimitedCollector, access$000()J >"
"< Application, Lorg/dacapo/harness/CommandLineArgs, printBenchmarks()V >"
"< Application, Lorg/dacapo/parser/ConfigFile, jj_la1_init_0()V >"
"< Application, Lorg/dacapo/parser/ConfigFile, <clinit>()V >"
"< Application, Lorg/apache/lucene/util/SmallFloat, byteToFloat(BII)F >"
"< Application, Lorg/dacapo/harness/TestHarness, coeff_of_var([J)D >"
"< Application, Lorg/dacapo/parser/Config$ThreadModel, values()[Lorg/dacapo/parser/Config$ThreadModel; >"
"< Application, Lorg/apache/lucene/index/CompoundFileWriter, class$(Ljava/lang/String;)Ljava/lang/Class; >"
"< Application, Lorg/apache/lucene/util/OpenBitSetIterator, <clinit>()V >"
"< Application, Lorg/apache/lucene/index/IndexWriter, setDefaultWriteLockTimeout(J)V >"
"< Application, Lorg/apache/lucene/analysis/StopFilter, class$(Ljava/lang/String;)Ljava/lang/Class; >"
"< Application, Lorg/apache/lucene/search/Similarity, <clinit>()V >"
"< Application, Lorg/apache/lucene/index/NormsWriterPerField, class$(Ljava/lang/String;)Ljava/lang/Class; >"
"< Application, Lorg/dacapo/harness/ChordHarness, makeCleanScratch(Ljava/io/File;)V >"
"< Application, Lorg/apache/lucene/store/FSDirectory, getDirectory(Ljava/io/File;Lorg/apache/lucene/store/LockFactory;)Lorg/apache/lucene/store/FSDirectory; >"
"< Application, Lorg/dacapo/parser/Config, <clinit>()V >"
"< Application, Lorg/apache/lucene/search/RemoteSearchable, main([Ljava/lang/String;)V >"
"< Application, Lorg/dacapo/harness/TestHarness, exists(Ljava/io/File;)Z >"
"< Application, Lorg/apache/lucene/demo/html/HTMLParser, <clinit>()V >"
"< Application, Lorg/apache/lucene/search/RemoteSearchable_Stub, class$(Ljava/lang/String;)Ljava/lang/Class; >"
"< Application, Lorg/apache/lucene/search/Similarity, setDefault(Lorg/apache/lucene/search/Similarity;)V >"
"< Application, Lorg/dacapo/harness/Digest, toString([B)Ljava/lang/String; >"
"< Application, Lorg/apache/lucene/search/RangeFilter, More(Ljava/lang/String;Ljava/lang/String;)Lorg/apache/lucene/search/RangeFilter; >"
"< Application, Lorg/dacapo/harness/Benchmark, enableValidationReport(Ljava/lang/String;)V >"
"< Application, Lorg/apache/lucene/analysis/standard/StandardTokenizerImpl, zzUnpackRowMap()[I >"
"< Application, Lorg/apache/lucene/index/ConcurrentMergeScheduler, anyUnhandledExceptions()Z >"
"< Application, Lorg/apache/lucene/util/ArrayUtil, grow([II)[I >"
"< Application, Lorg/apache/lucene/document/Document, <clinit>()V >"
"< Application, Lorg/dacapo/harness/Benchmark, byteCount(Ljava/io/File;)J >"
"< Application, Lorg/apache/commons/cli/PatternOptionBuilder, <clinit>()V >"
"< Application, Lorg/apache/commons/cli/TypeHandler, createURL(Ljava/lang/String;)Ljava/net/URL; >"
"< Application, Lorg/apache/lucene/index/ByteSliceReader, class$(Ljava/lang/String;)Ljava/lang/Class; >"
"< Application, Lorg/apache/commons/cli/OptionBuilder, hasArgs()Lorg/apache/commons/cli/OptionBuilder; >"
"< Application, Lorg/apache/lucene/analysis/standard/StandardAnalyzer, <clinit>()V >"
"< Application, Lorg/apache/lucene/index/IndexWriter, class$(Ljava/lang/String;)Ljava/lang/Class; >"
"< Application, Lorg/apache/lucene/analysis/LowerCaseFilter, <clinit>()V >"
"< Application, Lorg/apache/lucene/demo/IndexHTML, indexDocs(Ljava/io/File;)V >"
"< Application, Lorg/apache/lucene/demo/DeleteFiles, main([Ljava/lang/String;)V >"
"< Application, Lorg/apache/lucene/util/BitUtil, pop_array([JII)J >"
"< Application, Lorg/apache/lucene/index/SegmentReader, usesCompoundFile(Lorg/apache/lucene/index/SegmentInfo;)Z >"
"< Application, Lorg/dacapo/parser/Config, parse(Ljava/lang/String;)Lorg/dacapo/parser/Config; >"
"< Application, Lorg/apache/lucene/search/function/ByteFieldSource, class$(Ljava/lang/String;)Ljava/lang/Class; >"
"< Application, Lorg/apache/lucene/index/CheckIndex, class$(Ljava/lang/String;)Ljava/lang/Class; >"
"< Application, Lorg/apache/lucene/index/SegmentInfo, class$(Ljava/lang/String;)Ljava/lang/Class; >"
"< Application, Lorg/apache/lucene/search/BooleanQuery, setUseScorer14(Z)V >"
"< Application, Lorg/apache/lucene/document/DateTools, stringToDate(Ljava/lang/String;)Ljava/util/Date; >"
"< Application, Lorg/dacapo/harness/Callback$Mode, valueOf(Ljava/lang/String;)Lorg/dacapo/harness/Callback$Mode; >"
"< Application, Lorg/apache/lucene/index/TermVectorsWriter, <clinit>()V >"
"< Application, Lorg/apache/lucene/index/IndexFileDeleter, class$(Ljava/lang/String;)Ljava/lang/Class; >"
"< Application, Lorg/apache/lucene/store/BufferedIndexInput, class$(Ljava/lang/String;)Ljava/lang/Class; >"
"< Application, Lorg/apache/lucene/index/DocumentsWriter$ByteBlockAllocator, <clinit>()V >"
"< Application, Lorg/dacapo/harness/ChordHarness, TEST(I)I >"
"< Application, Lorg/apache/lucene/util/OpenBitSetDISI, class$(Ljava/lang/String;)Ljava/lang/Class; >"
"< Application, Lorg/apache/lucene/queryParser/QueryParser, jj_la1_init_1()V >"
"< Application, Lorg/apache/lucene/document/DateTools$Resolution, <clinit>()V >"
"< Application, Lorg/dacapo/harness/TestHarness, getBuildVersion()Ljava/lang/String; >"
"< Application, Lorg/apache/lucene/store/FSDirectory, setDisableLocks(Z)V >"
"< Application, Lorg/apache/lucene/analysis/standard/StandardFilter, class$(Ljava/lang/String;)Ljava/lang/Class; >"
"< Application, Lorg/apache/lucene/util/SortedVIntList, access$108(Lorg/apache/lucene/util/SortedVIntList;)I >"
"< Application, Lorg/dacapo/harness/Callback$1, <clinit>()V >"
"< Application, Lorg/apache/commons/cli/TypeHandler, createValue(Ljava/lang/String;Ljava/lang/Class;)Ljava/lang/Object; >"
"< Application, Lorg/apache/lucene/analysis/TokenStream, <clinit>()V >"
"< Application, Lorg/dacapo/harness/TestHarness, TEST(I)I >"
"< Application, Lorg/apache/lucene/queryParser/QueryParserTokenManager, jjCanMove_0(IIIJJ)Z >"
"< Application, Lorg/apache/lucene/search/spans/SpanNotQuery, access$100(Lorg/apache/lucene/search/spans/SpanNotQuery;)Lorg/apache/lucene/search/spans/SpanQuery; >"
"< Application, Lorg/apache/lucene/search/BooleanQuery, <clinit>()V >"
"< Application, Lorg/apache/lucene/index/FreqProxTermsWriterPerField, class$(Ljava/lang/String;)Ljava/lang/Class; >"
"< Application, Lorg/apache/lucene/search/SortField, <clinit>()V >"
"< Application, Lorg/apache/lucene/search/function/ReverseOrdFieldSource, <clinit>()V >"
"< Application, Lorg/dacapo/harness/Benchmark, deleteTree(Ljava/io/File;)V >"
"< Application, Lorg/apache/lucene/util/ArrayUtil, hashCode([BII)I >"
"< Application, Lorg/apache/lucene/analysis/standard/StandardTokenizerImpl, zzUnpackAttribute()[I >"
"< Application, Lorg/apache/lucene/index/SegmentReader, get(ZLorg/apache/lucene/index/SegmentInfo;IZ)Lorg/apache/lucene/index/SegmentReader; >"
"< Application, Lorg/apache/lucene/search/DisjunctionMaxQuery, access$000(Lorg/apache/lucene/search/DisjunctionMaxQuery;)Ljava/util/ArrayList; >"
"< Application, Lorg/apache/lucene/index/SegmentTermPositions, <clinit>()V >"
"< Application, Lorg/dacapo/harness/Slice, slice(Ljava/io/File;Ljava/io/File;I)V >"
"< Application, Lorg/dacapo/harness/TestHarness, <clinit>()V >"
"< Application, Lorg/apache/lucene/document/DateField, dateToString(Ljava/util/Date;)Ljava/lang/String; >"
"< Application, Lorg/apache/lucene/index/SnapshotDeletionPolicy, access$000(Lorg/apache/lucene/index/SnapshotDeletionPolicy;)Ljava/lang/String; >"
"< Application, Lorg/apache/lucene/index/TermInfosWriter, class$(Ljava/lang/String;)Ljava/lang/Class; >"
"< Application, Lorg/apache/lucene/demo/IndexHTML, main([Ljava/lang/String;)V >"
