"</mnt/EXSSD/formulog-artifact-evaluation/artifact/case_studies/symeval/benchmarks/shuffle-5/shuffle-5.ll>:main:0"	"i32"
"</mnt/EXSSD/formulog-artifact-evaluation/artifact/case_studies/symeval/benchmarks/shuffle-5/shuffle-5.ll>:main:1"	"i32*"
"</mnt/EXSSD/formulog-artifact-evaluation/artifact/case_studies/symeval/benchmarks/shuffle-5/shuffle-5.ll>:main:2"	"i32*"
"</mnt/EXSSD/formulog-artifact-evaluation/artifact/case_studies/symeval/benchmarks/shuffle-5/shuffle-5.ll>:main:3"	"i32"
"</mnt/EXSSD/formulog-artifact-evaluation/artifact/case_studies/symeval/benchmarks/shuffle-5/shuffle-5.ll>:main:4"	"i32"
"</mnt/EXSSD/formulog-artifact-evaluation/artifact/case_studies/symeval/benchmarks/shuffle-5/shuffle-5.ll>:main:5"	"i32"
"</mnt/EXSSD/formulog-artifact-evaluation/artifact/case_studies/symeval/benchmarks/shuffle-5/shuffle-5.ll>:main:6"	"i32"
"</mnt/EXSSD/formulog-artifact-evaluation/artifact/case_studies/symeval/benchmarks/shuffle-5/shuffle-5.ll>:main:7"	"i32"
"</mnt/EXSSD/formulog-artifact-evaluation/artifact/case_studies/symeval/benchmarks/shuffle-5/shuffle-5.ll>:main:8"	"i32"
"</mnt/EXSSD/formulog-artifact-evaluation/artifact/case_studies/symeval/benchmarks/shuffle-5/shuffle-5.ll>:main:9"	"i32"
