"</mnt/EXSSD/formulog-artifact-evaluation/artifact/case_studies/symeval/benchmarks/shuffle-5/shuffle-5.ll>:main:11"	"</mnt/EXSSD/formulog-artifact-evaluation/artifact/case_studies/symeval/benchmarks/shuffle-5/shuffle-5.ll>:main:11:@malloc"
"</mnt/EXSSD/formulog-artifact-evaluation/artifact/case_studies/symeval/benchmarks/shuffle-5/shuffle-5.ll>:main:14"	"</mnt/EXSSD/formulog-artifact-evaluation/artifact/case_studies/symeval/benchmarks/shuffle-5/shuffle-5.ll>:main:14:@malloc"
"</mnt/EXSSD/formulog-artifact-evaluation/artifact/case_studies/symeval/benchmarks/shuffle-5/shuffle-5.ll>:main:22"	"</mnt/EXSSD/formulog-artifact-evaluation/artifact/case_studies/symeval/benchmarks/shuffle-5/shuffle-5.ll>:main:22:@symexec_new_int"
"</mnt/EXSSD/formulog-artifact-evaluation/artifact/case_studies/symeval/benchmarks/shuffle-5/shuffle-5.ll>:main:48"	"</mnt/EXSSD/formulog-artifact-evaluation/artifact/case_studies/symeval/benchmarks/shuffle-5/shuffle-5.ll>:main:48:@symexec_new_int"
"</mnt/EXSSD/formulog-artifact-evaluation/artifact/case_studies/symeval/benchmarks/shuffle-5/shuffle-5.ll>:main:59"	"</mnt/EXSSD/formulog-artifact-evaluation/artifact/case_studies/symeval/benchmarks/shuffle-5/shuffle-5.ll>:main:59:@symexec_assume"
"</mnt/EXSSD/formulog-artifact-evaluation/artifact/case_studies/symeval/benchmarks/shuffle-5/shuffle-5.ll>:main:118"	"</mnt/EXSSD/formulog-artifact-evaluation/artifact/case_studies/symeval/benchmarks/shuffle-5/shuffle-5.ll>:main:118:@symexec_assert"
