"</mnt/EXSSD/formulog-artifact-evaluation/artifact/case_studies/symeval/benchmarks/shuffle-5/shuffle-5.ll>:main"	"default"
"</mnt/EXSSD/formulog-artifact-evaluation/artifact/case_studies/symeval/benchmarks/shuffle-5/shuffle-5.ll>:malloc"	"default"
"</mnt/EXSSD/formulog-artifact-evaluation/artifact/case_studies/symeval/benchmarks/shuffle-5/shuffle-5.ll>:symexec_new_int"	"default"
"</mnt/EXSSD/formulog-artifact-evaluation/artifact/case_studies/symeval/benchmarks/shuffle-5/shuffle-5.ll>:symexec_assume"	"default"
"</mnt/EXSSD/formulog-artifact-evaluation/artifact/case_studies/symeval/benchmarks/shuffle-5/shuffle-5.ll>:symexec_assert"	"default"
