"</mnt/EXSSD/formulog-artifact-evaluation/artifact/case_studies/symeval/benchmarks/numbrix-sat/numbrix-sat.ll>:main:25"	"</mnt/EXSSD/formulog-artifact-evaluation/artifact/case_studies/symeval/benchmarks/numbrix-sat/numbrix-sat.ll>:main:%21"
"</mnt/EXSSD/formulog-artifact-evaluation/artifact/case_studies/symeval/benchmarks/numbrix-sat/numbrix-sat.ll>:main:51"	"</mnt/EXSSD/formulog-artifact-evaluation/artifact/case_studies/symeval/benchmarks/numbrix-sat/numbrix-sat.ll>:main:%39"
"</mnt/EXSSD/formulog-artifact-evaluation/artifact/case_studies/symeval/benchmarks/numbrix-sat/numbrix-sat.ll>:main:74"	"</mnt/EXSSD/formulog-artifact-evaluation/artifact/case_studies/symeval/benchmarks/numbrix-sat/numbrix-sat.ll>:main:%59"
"</mnt/EXSSD/formulog-artifact-evaluation/artifact/case_studies/symeval/benchmarks/numbrix-sat/numbrix-sat.ll>:main:78"	"</mnt/EXSSD/formulog-artifact-evaluation/artifact/case_studies/symeval/benchmarks/numbrix-sat/numbrix-sat.ll>:main:%64"
"</mnt/EXSSD/formulog-artifact-evaluation/artifact/case_studies/symeval/benchmarks/numbrix-sat/numbrix-sat.ll>:main:82"	"</mnt/EXSSD/formulog-artifact-evaluation/artifact/case_studies/symeval/benchmarks/numbrix-sat/numbrix-sat.ll>:main:%68"
"</mnt/EXSSD/formulog-artifact-evaluation/artifact/case_studies/symeval/benchmarks/numbrix-sat/numbrix-sat.ll>:main:90"	"</mnt/EXSSD/formulog-artifact-evaluation/artifact/case_studies/symeval/benchmarks/numbrix-sat/numbrix-sat.ll>:main:%75"
"</mnt/EXSSD/formulog-artifact-evaluation/artifact/case_studies/symeval/benchmarks/numbrix-sat/numbrix-sat.ll>:main:93"	"</mnt/EXSSD/formulog-artifact-evaluation/artifact/case_studies/symeval/benchmarks/numbrix-sat/numbrix-sat.ll>:main:%77"
"</mnt/EXSSD/formulog-artifact-evaluation/artifact/case_studies/symeval/benchmarks/numbrix-sat/numbrix-sat.ll>:main:97"	"</mnt/EXSSD/formulog-artifact-evaluation/artifact/case_studies/symeval/benchmarks/numbrix-sat/numbrix-sat.ll>:main:%82"
"</mnt/EXSSD/formulog-artifact-evaluation/artifact/case_studies/symeval/benchmarks/numbrix-sat/numbrix-sat.ll>:main:101"	"</mnt/EXSSD/formulog-artifact-evaluation/artifact/case_studies/symeval/benchmarks/numbrix-sat/numbrix-sat.ll>:main:%86"
"</mnt/EXSSD/formulog-artifact-evaluation/artifact/case_studies/symeval/benchmarks/numbrix-sat/numbrix-sat.ll>:main:112"	"</mnt/EXSSD/formulog-artifact-evaluation/artifact/case_studies/symeval/benchmarks/numbrix-sat/numbrix-sat.ll>:main:%94"
"</mnt/EXSSD/formulog-artifact-evaluation/artifact/case_studies/symeval/benchmarks/numbrix-sat/numbrix-sat.ll>:main:116"	"</mnt/EXSSD/formulog-artifact-evaluation/artifact/case_studies/symeval/benchmarks/numbrix-sat/numbrix-sat.ll>:main:%100"
"</mnt/EXSSD/formulog-artifact-evaluation/artifact/case_studies/symeval/benchmarks/numbrix-sat/numbrix-sat.ll>:main:120"	"</mnt/EXSSD/formulog-artifact-evaluation/artifact/case_studies/symeval/benchmarks/numbrix-sat/numbrix-sat.ll>:main:%104"
"</mnt/EXSSD/formulog-artifact-evaluation/artifact/case_studies/symeval/benchmarks/numbrix-sat/numbrix-sat.ll>:main:130"	"</mnt/EXSSD/formulog-artifact-evaluation/artifact/case_studies/symeval/benchmarks/numbrix-sat/numbrix-sat.ll>:main:%113"
"</mnt/EXSSD/formulog-artifact-evaluation/artifact/case_studies/symeval/benchmarks/numbrix-sat/numbrix-sat.ll>:main:131"	"</mnt/EXSSD/formulog-artifact-evaluation/artifact/case_studies/symeval/benchmarks/numbrix-sat/numbrix-sat.ll>:main:%112"
"</mnt/EXSSD/formulog-artifact-evaluation/artifact/case_studies/symeval/benchmarks/numbrix-sat/numbrix-sat.ll>:main:135"	"</mnt/EXSSD/formulog-artifact-evaluation/artifact/case_studies/symeval/benchmarks/numbrix-sat/numbrix-sat.ll>:main:%118"
"</mnt/EXSSD/formulog-artifact-evaluation/artifact/case_studies/symeval/benchmarks/numbrix-sat/numbrix-sat.ll>:main:139"	"</mnt/EXSSD/formulog-artifact-evaluation/artifact/case_studies/symeval/benchmarks/numbrix-sat/numbrix-sat.ll>:main:%122"
"</mnt/EXSSD/formulog-artifact-evaluation/artifact/case_studies/symeval/benchmarks/numbrix-sat/numbrix-sat.ll>:main:146"	"</mnt/EXSSD/formulog-artifact-evaluation/artifact/case_studies/symeval/benchmarks/numbrix-sat/numbrix-sat.ll>:main:%128"
"</mnt/EXSSD/formulog-artifact-evaluation/artifact/case_studies/symeval/benchmarks/numbrix-sat/numbrix-sat.ll>:main:157"	"</mnt/EXSSD/formulog-artifact-evaluation/artifact/case_studies/symeval/benchmarks/numbrix-sat/numbrix-sat.ll>:main:%137"
"</mnt/EXSSD/formulog-artifact-evaluation/artifact/case_studies/symeval/benchmarks/numbrix-sat/numbrix-sat.ll>:main:169"	"</mnt/EXSSD/formulog-artifact-evaluation/artifact/case_studies/symeval/benchmarks/numbrix-sat/numbrix-sat.ll>:main:%147"
"</mnt/EXSSD/formulog-artifact-evaluation/artifact/case_studies/symeval/benchmarks/numbrix-sat/numbrix-sat.ll>:main:174"	"</mnt/EXSSD/formulog-artifact-evaluation/artifact/case_studies/symeval/benchmarks/numbrix-sat/numbrix-sat.ll>:main:%151"
