"</mnt/EXSSD/formulog-artifact-evaluation/artifact/case_studies/symeval/benchmarks/numbrix-sat/numbrix-sat.ll>:main:8:0"	4490122437319657922
"</mnt/EXSSD/formulog-artifact-evaluation/artifact/case_studies/symeval/benchmarks/numbrix-sat/numbrix-sat.ll>:main:9:0"	4490122437319657922
"</mnt/EXSSD/formulog-artifact-evaluation/artifact/case_studies/symeval/benchmarks/numbrix-sat/numbrix-sat.ll>:main:12:16"	12485322159463658857
"</mnt/EXSSD/formulog-artifact-evaluation/artifact/case_studies/symeval/benchmarks/numbrix-sat/numbrix-sat.ll>:main:14:@symexec_new_int"	17627518819849390939
"</mnt/EXSSD/formulog-artifact-evaluation/artifact/case_studies/symeval/benchmarks/numbrix-sat/numbrix-sat.ll>:main:17:0"	4490122437319657922
"</mnt/EXSSD/formulog-artifact-evaluation/artifact/case_studies/symeval/benchmarks/numbrix-sat/numbrix-sat.ll>:main:21:0"	4490122437319657922
"</mnt/EXSSD/formulog-artifact-evaluation/artifact/case_studies/symeval/benchmarks/numbrix-sat/numbrix-sat.ll>:main:22:0"	4490122437319657922
"</mnt/EXSSD/formulog-artifact-evaluation/artifact/case_studies/symeval/benchmarks/numbrix-sat/numbrix-sat.ll>:main:25:1"	4632970265397325641
"</mnt/EXSSD/formulog-artifact-evaluation/artifact/case_studies/symeval/benchmarks/numbrix-sat/numbrix-sat.ll>:main:29:0"	4490122437319657922
"</mnt/EXSSD/formulog-artifact-evaluation/artifact/case_studies/symeval/benchmarks/numbrix-sat/numbrix-sat.ll>:main:29:0"	4490122437319657922
"</mnt/EXSSD/formulog-artifact-evaluation/artifact/case_studies/symeval/benchmarks/numbrix-sat/numbrix-sat.ll>:main:30:1"	4632970265397325641
"</mnt/EXSSD/formulog-artifact-evaluation/artifact/case_studies/symeval/benchmarks/numbrix-sat/numbrix-sat.ll>:main:31:0"	4490122437319657922
"</mnt/EXSSD/formulog-artifact-evaluation/artifact/case_studies/symeval/benchmarks/numbrix-sat/numbrix-sat.ll>:main:31:6"	16872677909373535420
"</mnt/EXSSD/formulog-artifact-evaluation/artifact/case_studies/symeval/benchmarks/numbrix-sat/numbrix-sat.ll>:main:32:16"	12485322159463658857
"</mnt/EXSSD/formulog-artifact-evaluation/artifact/case_studies/symeval/benchmarks/numbrix-sat/numbrix-sat.ll>:main:33:0"	4490122437319657922
"</mnt/EXSSD/formulog-artifact-evaluation/artifact/case_studies/symeval/benchmarks/numbrix-sat/numbrix-sat.ll>:main:33:9"	5800058213127501355
"</mnt/EXSSD/formulog-artifact-evaluation/artifact/case_studies/symeval/benchmarks/numbrix-sat/numbrix-sat.ll>:main:34:6"	16872677909373535420
"</mnt/EXSSD/formulog-artifact-evaluation/artifact/case_studies/symeval/benchmarks/numbrix-sat/numbrix-sat.ll>:main:35:0"	4490122437319657922
"</mnt/EXSSD/formulog-artifact-evaluation/artifact/case_studies/symeval/benchmarks/numbrix-sat/numbrix-sat.ll>:main:35:15"	17315036113269627701
"</mnt/EXSSD/formulog-artifact-evaluation/artifact/case_studies/symeval/benchmarks/numbrix-sat/numbrix-sat.ll>:main:36:9"	5800058213127501355
"</mnt/EXSSD/formulog-artifact-evaluation/artifact/case_studies/symeval/benchmarks/numbrix-sat/numbrix-sat.ll>:main:38:0"	4490122437319657922
"</mnt/EXSSD/formulog-artifact-evaluation/artifact/case_studies/symeval/benchmarks/numbrix-sat/numbrix-sat.ll>:main:41:4"	1248712307065003780
"</mnt/EXSSD/formulog-artifact-evaluation/artifact/case_studies/symeval/benchmarks/numbrix-sat/numbrix-sat.ll>:main:43:0"	4490122437319657922
"</mnt/EXSSD/formulog-artifact-evaluation/artifact/case_studies/symeval/benchmarks/numbrix-sat/numbrix-sat.ll>:main:46:4"	1248712307065003780
"</mnt/EXSSD/formulog-artifact-evaluation/artifact/case_studies/symeval/benchmarks/numbrix-sat/numbrix-sat.ll>:main:49:4"	1248712307065003780
"</mnt/EXSSD/formulog-artifact-evaluation/artifact/case_studies/symeval/benchmarks/numbrix-sat/numbrix-sat.ll>:main:53:0"	4490122437319657922
"</mnt/EXSSD/formulog-artifact-evaluation/artifact/case_studies/symeval/benchmarks/numbrix-sat/numbrix-sat.ll>:main:57:1"	4632970265397325641
"</mnt/EXSSD/formulog-artifact-evaluation/artifact/case_studies/symeval/benchmarks/numbrix-sat/numbrix-sat.ll>:main:60:16"	12485322159463658857
"</mnt/EXSSD/formulog-artifact-evaluation/artifact/case_studies/symeval/benchmarks/numbrix-sat/numbrix-sat.ll>:main:62:false"	7783818190642182281
"</mnt/EXSSD/formulog-artifact-evaluation/artifact/case_studies/symeval/benchmarks/numbrix-sat/numbrix-sat.ll>:main:64:@symexec_assume"	1525612644357689663
"</mnt/EXSSD/formulog-artifact-evaluation/artifact/case_studies/symeval/benchmarks/numbrix-sat/numbrix-sat.ll>:main:65:0"	4490122437319657922
"</mnt/EXSSD/formulog-artifact-evaluation/artifact/case_studies/symeval/benchmarks/numbrix-sat/numbrix-sat.ll>:main:67:0"	4490122437319657922
"</mnt/EXSSD/formulog-artifact-evaluation/artifact/case_studies/symeval/benchmarks/numbrix-sat/numbrix-sat.ll>:main:71:1"	4632970265397325641
"</mnt/EXSSD/formulog-artifact-evaluation/artifact/case_studies/symeval/benchmarks/numbrix-sat/numbrix-sat.ll>:main:72:4"	1248712307065003780
"</mnt/EXSSD/formulog-artifact-evaluation/artifact/case_studies/symeval/benchmarks/numbrix-sat/numbrix-sat.ll>:main:76:0"	4490122437319657922
"</mnt/EXSSD/formulog-artifact-evaluation/artifact/case_studies/symeval/benchmarks/numbrix-sat/numbrix-sat.ll>:main:78:1"	4632970265397325641
"</mnt/EXSSD/formulog-artifact-evaluation/artifact/case_studies/symeval/benchmarks/numbrix-sat/numbrix-sat.ll>:main:86:3"	18284253264679626417
"</mnt/EXSSD/formulog-artifact-evaluation/artifact/case_studies/symeval/benchmarks/numbrix-sat/numbrix-sat.ll>:main:90:1"	4632970265397325641
"</mnt/EXSSD/formulog-artifact-evaluation/artifact/case_studies/symeval/benchmarks/numbrix-sat/numbrix-sat.ll>:main:91:4"	1248712307065003780
"</mnt/EXSSD/formulog-artifact-evaluation/artifact/case_studies/symeval/benchmarks/numbrix-sat/numbrix-sat.ll>:main:95:0"	4490122437319657922
"</mnt/EXSSD/formulog-artifact-evaluation/artifact/case_studies/symeval/benchmarks/numbrix-sat/numbrix-sat.ll>:main:97:1"	4632970265397325641
"</mnt/EXSSD/formulog-artifact-evaluation/artifact/case_studies/symeval/benchmarks/numbrix-sat/numbrix-sat.ll>:main:105:0"	4490122437319657922
"</mnt/EXSSD/formulog-artifact-evaluation/artifact/case_studies/symeval/benchmarks/numbrix-sat/numbrix-sat.ll>:main:109:4"	1248712307065003780
"</mnt/EXSSD/formulog-artifact-evaluation/artifact/case_studies/symeval/benchmarks/numbrix-sat/numbrix-sat.ll>:main:111:1"	4632970265397325641
"</mnt/EXSSD/formulog-artifact-evaluation/artifact/case_studies/symeval/benchmarks/numbrix-sat/numbrix-sat.ll>:main:114:0"	4490122437319657922
"</mnt/EXSSD/formulog-artifact-evaluation/artifact/case_studies/symeval/benchmarks/numbrix-sat/numbrix-sat.ll>:main:116:1"	4632970265397325641
"</mnt/EXSSD/formulog-artifact-evaluation/artifact/case_studies/symeval/benchmarks/numbrix-sat/numbrix-sat.ll>:main:124:3"	18284253264679626417
"</mnt/EXSSD/formulog-artifact-evaluation/artifact/case_studies/symeval/benchmarks/numbrix-sat/numbrix-sat.ll>:main:128:4"	1248712307065003780
"</mnt/EXSSD/formulog-artifact-evaluation/artifact/case_studies/symeval/benchmarks/numbrix-sat/numbrix-sat.ll>:main:130:1"	4632970265397325641
"</mnt/EXSSD/formulog-artifact-evaluation/artifact/case_studies/symeval/benchmarks/numbrix-sat/numbrix-sat.ll>:main:133:0"	4490122437319657922
"</mnt/EXSSD/formulog-artifact-evaluation/artifact/case_studies/symeval/benchmarks/numbrix-sat/numbrix-sat.ll>:main:135:1"	4632970265397325641
"</mnt/EXSSD/formulog-artifact-evaluation/artifact/case_studies/symeval/benchmarks/numbrix-sat/numbrix-sat.ll>:main:143:1"	4632970265397325641
"</mnt/EXSSD/formulog-artifact-evaluation/artifact/case_studies/symeval/benchmarks/numbrix-sat/numbrix-sat.ll>:main:149:1"	4632970265397325641
"</mnt/EXSSD/formulog-artifact-evaluation/artifact/case_studies/symeval/benchmarks/numbrix-sat/numbrix-sat.ll>:main:151:@symexec_assume"	1525612644357689663
"</mnt/EXSSD/formulog-artifact-evaluation/artifact/case_studies/symeval/benchmarks/numbrix-sat/numbrix-sat.ll>:main:153:1"	4632970265397325641
"</mnt/EXSSD/formulog-artifact-evaluation/artifact/case_studies/symeval/benchmarks/numbrix-sat/numbrix-sat.ll>:main:155:0"	4490122437319657922
"</mnt/EXSSD/formulog-artifact-evaluation/artifact/case_studies/symeval/benchmarks/numbrix-sat/numbrix-sat.ll>:main:157:1"	4632970265397325641
"</mnt/EXSSD/formulog-artifact-evaluation/artifact/case_studies/symeval/benchmarks/numbrix-sat/numbrix-sat.ll>:main:160:1"	4632970265397325641
"</mnt/EXSSD/formulog-artifact-evaluation/artifact/case_studies/symeval/benchmarks/numbrix-sat/numbrix-sat.ll>:main:162:0"	4490122437319657922
"</mnt/EXSSD/formulog-artifact-evaluation/artifact/case_studies/symeval/benchmarks/numbrix-sat/numbrix-sat.ll>:main:164:1"	4632970265397325641
"</mnt/EXSSD/formulog-artifact-evaluation/artifact/case_studies/symeval/benchmarks/numbrix-sat/numbrix-sat.ll>:main:166:@symexec_assume"	1525612644357689663
"</mnt/EXSSD/formulog-artifact-evaluation/artifact/case_studies/symeval/benchmarks/numbrix-sat/numbrix-sat.ll>:main:169:1"	4632970265397325641
"</mnt/EXSSD/formulog-artifact-evaluation/artifact/case_studies/symeval/benchmarks/numbrix-sat/numbrix-sat.ll>:main:174:1"	4632970265397325641
"</mnt/EXSSD/formulog-artifact-evaluation/artifact/case_studies/symeval/benchmarks/numbrix-sat/numbrix-sat.ll>:main:177:0"	4490122437319657922
