"</mnt/EXSSD/formulog-artifact-evaluation/artifact/case_studies/symeval/benchmarks/numbrix-sat/numbrix-sat.ll>:main:25"	nsw
"</mnt/EXSSD/formulog-artifact-evaluation/artifact/case_studies/symeval/benchmarks/numbrix-sat/numbrix-sat.ll>:main:49"	nsw
"</mnt/EXSSD/formulog-artifact-evaluation/artifact/case_studies/symeval/benchmarks/numbrix-sat/numbrix-sat.ll>:main:51"	nsw
"</mnt/EXSSD/formulog-artifact-evaluation/artifact/case_studies/symeval/benchmarks/numbrix-sat/numbrix-sat.ll>:main:71"	nsw
"</mnt/EXSSD/formulog-artifact-evaluation/artifact/case_studies/symeval/benchmarks/numbrix-sat/numbrix-sat.ll>:main:72"	nsw
"</mnt/EXSSD/formulog-artifact-evaluation/artifact/case_studies/symeval/benchmarks/numbrix-sat/numbrix-sat.ll>:main:74"	nsw
"</mnt/EXSSD/formulog-artifact-evaluation/artifact/case_studies/symeval/benchmarks/numbrix-sat/numbrix-sat.ll>:main:78"	nsw
"</mnt/EXSSD/formulog-artifact-evaluation/artifact/case_studies/symeval/benchmarks/numbrix-sat/numbrix-sat.ll>:main:82"	nsw
"</mnt/EXSSD/formulog-artifact-evaluation/artifact/case_studies/symeval/benchmarks/numbrix-sat/numbrix-sat.ll>:main:90"	nsw
"</mnt/EXSSD/formulog-artifact-evaluation/artifact/case_studies/symeval/benchmarks/numbrix-sat/numbrix-sat.ll>:main:91"	nsw
"</mnt/EXSSD/formulog-artifact-evaluation/artifact/case_studies/symeval/benchmarks/numbrix-sat/numbrix-sat.ll>:main:93"	nsw
"</mnt/EXSSD/formulog-artifact-evaluation/artifact/case_studies/symeval/benchmarks/numbrix-sat/numbrix-sat.ll>:main:97"	nsw
"</mnt/EXSSD/formulog-artifact-evaluation/artifact/case_studies/symeval/benchmarks/numbrix-sat/numbrix-sat.ll>:main:101"	nsw
"</mnt/EXSSD/formulog-artifact-evaluation/artifact/case_studies/symeval/benchmarks/numbrix-sat/numbrix-sat.ll>:main:109"	nsw
"</mnt/EXSSD/formulog-artifact-evaluation/artifact/case_studies/symeval/benchmarks/numbrix-sat/numbrix-sat.ll>:main:111"	nsw
"</mnt/EXSSD/formulog-artifact-evaluation/artifact/case_studies/symeval/benchmarks/numbrix-sat/numbrix-sat.ll>:main:112"	nsw
"</mnt/EXSSD/formulog-artifact-evaluation/artifact/case_studies/symeval/benchmarks/numbrix-sat/numbrix-sat.ll>:main:116"	nsw
"</mnt/EXSSD/formulog-artifact-evaluation/artifact/case_studies/symeval/benchmarks/numbrix-sat/numbrix-sat.ll>:main:120"	nsw
"</mnt/EXSSD/formulog-artifact-evaluation/artifact/case_studies/symeval/benchmarks/numbrix-sat/numbrix-sat.ll>:main:128"	nsw
"</mnt/EXSSD/formulog-artifact-evaluation/artifact/case_studies/symeval/benchmarks/numbrix-sat/numbrix-sat.ll>:main:130"	nsw
"</mnt/EXSSD/formulog-artifact-evaluation/artifact/case_studies/symeval/benchmarks/numbrix-sat/numbrix-sat.ll>:main:131"	nsw
"</mnt/EXSSD/formulog-artifact-evaluation/artifact/case_studies/symeval/benchmarks/numbrix-sat/numbrix-sat.ll>:main:135"	nsw
"</mnt/EXSSD/formulog-artifact-evaluation/artifact/case_studies/symeval/benchmarks/numbrix-sat/numbrix-sat.ll>:main:139"	nsw
"</mnt/EXSSD/formulog-artifact-evaluation/artifact/case_studies/symeval/benchmarks/numbrix-sat/numbrix-sat.ll>:main:146"	nsw
"</mnt/EXSSD/formulog-artifact-evaluation/artifact/case_studies/symeval/benchmarks/numbrix-sat/numbrix-sat.ll>:main:153"	nsw
"</mnt/EXSSD/formulog-artifact-evaluation/artifact/case_studies/symeval/benchmarks/numbrix-sat/numbrix-sat.ll>:main:157"	nsw
"</mnt/EXSSD/formulog-artifact-evaluation/artifact/case_studies/symeval/benchmarks/numbrix-sat/numbrix-sat.ll>:main:160"	nsw
"</mnt/EXSSD/formulog-artifact-evaluation/artifact/case_studies/symeval/benchmarks/numbrix-sat/numbrix-sat.ll>:main:169"	nsw
"</mnt/EXSSD/formulog-artifact-evaluation/artifact/case_studies/symeval/benchmarks/numbrix-sat/numbrix-sat.ll>:main:174"	nsw
