"</mnt/EXSSD/formulog-artifact-evaluation/artifact/case_studies/symeval/benchmarks/numbrix-sat/numbrix-sat.ll>:main:[basicblock]%0"	"label"
"</mnt/EXSSD/formulog-artifact-evaluation/artifact/case_studies/symeval/benchmarks/numbrix-sat/numbrix-sat.ll>:main:[basicblock]%9"	"label"
"</mnt/EXSSD/formulog-artifact-evaluation/artifact/case_studies/symeval/benchmarks/numbrix-sat/numbrix-sat.ll>:main:[basicblock]%12"	"label"
"</mnt/EXSSD/formulog-artifact-evaluation/artifact/case_studies/symeval/benchmarks/numbrix-sat/numbrix-sat.ll>:main:[basicblock]%20"	"label"
"</mnt/EXSSD/formulog-artifact-evaluation/artifact/case_studies/symeval/benchmarks/numbrix-sat/numbrix-sat.ll>:main:[basicblock]%23"	"label"
"</mnt/EXSSD/formulog-artifact-evaluation/artifact/case_studies/symeval/benchmarks/numbrix-sat/numbrix-sat.ll>:main:[basicblock]%24"	"label"
"</mnt/EXSSD/formulog-artifact-evaluation/artifact/case_studies/symeval/benchmarks/numbrix-sat/numbrix-sat.ll>:main:[basicblock]%29"	"label"
"</mnt/EXSSD/formulog-artifact-evaluation/artifact/case_studies/symeval/benchmarks/numbrix-sat/numbrix-sat.ll>:main:[basicblock]%30"	"label"
"</mnt/EXSSD/formulog-artifact-evaluation/artifact/case_studies/symeval/benchmarks/numbrix-sat/numbrix-sat.ll>:main:[basicblock]%33"	"label"
"</mnt/EXSSD/formulog-artifact-evaluation/artifact/case_studies/symeval/benchmarks/numbrix-sat/numbrix-sat.ll>:main:[basicblock]%34"	"label"
"</mnt/EXSSD/formulog-artifact-evaluation/artifact/case_studies/symeval/benchmarks/numbrix-sat/numbrix-sat.ll>:main:[basicblock]%37"	"label"
"</mnt/EXSSD/formulog-artifact-evaluation/artifact/case_studies/symeval/benchmarks/numbrix-sat/numbrix-sat.ll>:main:[basicblock]%47"	"label"
"</mnt/EXSSD/formulog-artifact-evaluation/artifact/case_studies/symeval/benchmarks/numbrix-sat/numbrix-sat.ll>:main:[basicblock]%50"	"label"
"</mnt/EXSSD/formulog-artifact-evaluation/artifact/case_studies/symeval/benchmarks/numbrix-sat/numbrix-sat.ll>:main:[basicblock]%55"	"label"
"</mnt/EXSSD/formulog-artifact-evaluation/artifact/case_studies/symeval/benchmarks/numbrix-sat/numbrix-sat.ll>:main:[basicblock]%70"	"label"
"</mnt/EXSSD/formulog-artifact-evaluation/artifact/case_studies/symeval/benchmarks/numbrix-sat/numbrix-sat.ll>:main:[basicblock]%73"	"label"
"</mnt/EXSSD/formulog-artifact-evaluation/artifact/case_studies/symeval/benchmarks/numbrix-sat/numbrix-sat.ll>:main:[basicblock]%88"	"label"
"</mnt/EXSSD/formulog-artifact-evaluation/artifact/case_studies/symeval/benchmarks/numbrix-sat/numbrix-sat.ll>:main:[basicblock]%91"	"label"
"</mnt/EXSSD/formulog-artifact-evaluation/artifact/case_studies/symeval/benchmarks/numbrix-sat/numbrix-sat.ll>:main:[basicblock]%106"	"label"
"</mnt/EXSSD/formulog-artifact-evaluation/artifact/case_studies/symeval/benchmarks/numbrix-sat/numbrix-sat.ll>:main:[basicblock]%109"	"label"
"</mnt/EXSSD/formulog-artifact-evaluation/artifact/case_studies/symeval/benchmarks/numbrix-sat/numbrix-sat.ll>:main:[basicblock]%124"	"label"
"</mnt/EXSSD/formulog-artifact-evaluation/artifact/case_studies/symeval/benchmarks/numbrix-sat/numbrix-sat.ll>:main:[basicblock]%146"	"label"
"</mnt/EXSSD/formulog-artifact-evaluation/artifact/case_studies/symeval/benchmarks/numbrix-sat/numbrix-sat.ll>:main:[basicblock]%149"	"label"
"</mnt/EXSSD/formulog-artifact-evaluation/artifact/case_studies/symeval/benchmarks/numbrix-sat/numbrix-sat.ll>:main:[basicblock]%150"	"label"
"</mnt/EXSSD/formulog-artifact-evaluation/artifact/case_studies/symeval/benchmarks/numbrix-sat/numbrix-sat.ll>:main:[basicblock]%153"	"label"
"</mnt/EXSSD/formulog-artifact-evaluation/artifact/case_studies/symeval/benchmarks/numbrix-sat/numbrix-sat.ll>:main:%148"	"i32"
"</mnt/EXSSD/formulog-artifact-evaluation/artifact/case_studies/symeval/benchmarks/numbrix-sat/numbrix-sat.ll>:main:[basicblock]%146"	"label"
"</mnt/EXSSD/formulog-artifact-evaluation/artifact/case_studies/symeval/benchmarks/numbrix-sat/numbrix-sat.ll>:main:%145"	"i32"
"</mnt/EXSSD/formulog-artifact-evaluation/artifact/case_studies/symeval/benchmarks/numbrix-sat/numbrix-sat.ll>:main:%144"	"i1"
"</mnt/EXSSD/formulog-artifact-evaluation/artifact/case_studies/symeval/benchmarks/numbrix-sat/numbrix-sat.ll>:main:%143"	"i32"
"</mnt/EXSSD/formulog-artifact-evaluation/artifact/case_studies/symeval/benchmarks/numbrix-sat/numbrix-sat.ll>:main:%141"	"i64"
"</mnt/EXSSD/formulog-artifact-evaluation/artifact/case_studies/symeval/benchmarks/numbrix-sat/numbrix-sat.ll>:main:%137"	"i32"
"</mnt/EXSSD/formulog-artifact-evaluation/artifact/case_studies/symeval/benchmarks/numbrix-sat/numbrix-sat.ll>:main:%136"	"i32*"
"</mnt/EXSSD/formulog-artifact-evaluation/artifact/case_studies/symeval/benchmarks/numbrix-sat/numbrix-sat.ll>:main:%135"	"i64"
"</mnt/EXSSD/formulog-artifact-evaluation/artifact/case_studies/symeval/benchmarks/numbrix-sat/numbrix-sat.ll>:main:%134"	"i32"
"</mnt/EXSSD/formulog-artifact-evaluation/artifact/case_studies/symeval/benchmarks/numbrix-sat/numbrix-sat.ll>:main:%138"	"i32"
"</mnt/EXSSD/formulog-artifact-evaluation/artifact/case_studies/symeval/benchmarks/numbrix-sat/numbrix-sat.ll>:main:%129"	"i32"
"</mnt/EXSSD/formulog-artifact-evaluation/artifact/case_studies/symeval/benchmarks/numbrix-sat/numbrix-sat.ll>:main:%127"	"i32"
"</mnt/EXSSD/formulog-artifact-evaluation/artifact/case_studies/symeval/benchmarks/numbrix-sat/numbrix-sat.ll>:main:%126"	"i1"
"</mnt/EXSSD/formulog-artifact-evaluation/artifact/case_studies/symeval/benchmarks/numbrix-sat/numbrix-sat.ll>:main:%122"	"i32"
"</mnt/EXSSD/formulog-artifact-evaluation/artifact/case_studies/symeval/benchmarks/numbrix-sat/numbrix-sat.ll>:main:%118"	"i32"
"</mnt/EXSSD/formulog-artifact-evaluation/artifact/case_studies/symeval/benchmarks/numbrix-sat/numbrix-sat.ll>:main:%115"	"i32"
"</mnt/EXSSD/formulog-artifact-evaluation/artifact/case_studies/symeval/benchmarks/numbrix-sat/numbrix-sat.ll>:main:%113"	"i32"
"</mnt/EXSSD/formulog-artifact-evaluation/artifact/case_studies/symeval/benchmarks/numbrix-sat/numbrix-sat.ll>:main:[basicblock]%109"	"label"
"</mnt/EXSSD/formulog-artifact-evaluation/artifact/case_studies/symeval/benchmarks/numbrix-sat/numbrix-sat.ll>:main:%108"	"i1"
"</mnt/EXSSD/formulog-artifact-evaluation/artifact/case_studies/symeval/benchmarks/numbrix-sat/numbrix-sat.ll>:main:%107"	"i32"
"</mnt/EXSSD/formulog-artifact-evaluation/artifact/case_studies/symeval/benchmarks/numbrix-sat/numbrix-sat.ll>:main:%110"	"i32"
"</mnt/EXSSD/formulog-artifact-evaluation/artifact/case_studies/symeval/benchmarks/numbrix-sat/numbrix-sat.ll>:main:%105"	"i32"
"</mnt/EXSSD/formulog-artifact-evaluation/artifact/case_studies/symeval/benchmarks/numbrix-sat/numbrix-sat.ll>:main:%103"	"i32"
"</mnt/EXSSD/formulog-artifact-evaluation/artifact/case_studies/symeval/benchmarks/numbrix-sat/numbrix-sat.ll>:main:%117"	"i32*"
"</mnt/EXSSD/formulog-artifact-evaluation/artifact/case_studies/symeval/benchmarks/numbrix-sat/numbrix-sat.ll>:main:%102"	"i1"
"</mnt/EXSSD/formulog-artifact-evaluation/artifact/case_studies/symeval/benchmarks/numbrix-sat/numbrix-sat.ll>:main:%101"	"i32"
"</mnt/EXSSD/formulog-artifact-evaluation/artifact/case_studies/symeval/benchmarks/numbrix-sat/numbrix-sat.ll>:main:%100"	"i32"
"</mnt/EXSSD/formulog-artifact-evaluation/artifact/case_studies/symeval/benchmarks/numbrix-sat/numbrix-sat.ll>:main:%99"	"i32*"
"</mnt/EXSSD/formulog-artifact-evaluation/artifact/case_studies/symeval/benchmarks/numbrix-sat/numbrix-sat.ll>:main:%96"	"i32"
"</mnt/EXSSD/formulog-artifact-evaluation/artifact/case_studies/symeval/benchmarks/numbrix-sat/numbrix-sat.ll>:main:%116"	"i64"
"</mnt/EXSSD/formulog-artifact-evaluation/artifact/case_studies/symeval/benchmarks/numbrix-sat/numbrix-sat.ll>:main:[basicblock]%91"	"label"
"</mnt/EXSSD/formulog-artifact-evaluation/artifact/case_studies/symeval/benchmarks/numbrix-sat/numbrix-sat.ll>:main:%89"	"i32"
"</mnt/EXSSD/formulog-artifact-evaluation/artifact/case_studies/symeval/benchmarks/numbrix-sat/numbrix-sat.ll>:main:%125"	"i32"
"</mnt/EXSSD/formulog-artifact-evaluation/artifact/case_studies/symeval/benchmarks/numbrix-sat/numbrix-sat.ll>:main:%87"	"i32"
"</mnt/EXSSD/formulog-artifact-evaluation/artifact/case_studies/symeval/benchmarks/numbrix-sat/numbrix-sat.ll>:main:%86"	"i32"
"</mnt/EXSSD/formulog-artifact-evaluation/artifact/case_studies/symeval/benchmarks/numbrix-sat/numbrix-sat.ll>:main:%128"	"i32"
"</mnt/EXSSD/formulog-artifact-evaluation/artifact/case_studies/symeval/benchmarks/numbrix-sat/numbrix-sat.ll>:main:%85"	"i32"
"</mnt/EXSSD/formulog-artifact-evaluation/artifact/case_studies/symeval/benchmarks/numbrix-sat/numbrix-sat.ll>:main:%81"	"i32*"
"</mnt/EXSSD/formulog-artifact-evaluation/artifact/case_studies/symeval/benchmarks/numbrix-sat/numbrix-sat.ll>:main:%131"	"i1"
"</mnt/EXSSD/formulog-artifact-evaluation/artifact/case_studies/symeval/benchmarks/numbrix-sat/numbrix-sat.ll>:main:%80"	"i64"
"</mnt/EXSSD/formulog-artifact-evaluation/artifact/case_studies/symeval/benchmarks/numbrix-sat/numbrix-sat.ll>:main:%98"	"i64"
"</mnt/EXSSD/formulog-artifact-evaluation/artifact/case_studies/symeval/benchmarks/numbrix-sat/numbrix-sat.ll>:main:%79"	"i32"
"</mnt/EXSSD/formulog-artifact-evaluation/artifact/case_studies/symeval/benchmarks/numbrix-sat/numbrix-sat.ll>:main:%77"	"i32"
"</mnt/EXSSD/formulog-artifact-evaluation/artifact/case_studies/symeval/benchmarks/numbrix-sat/numbrix-sat.ll>:main:%78"	"i32"
"</mnt/EXSSD/formulog-artifact-evaluation/artifact/case_studies/symeval/benchmarks/numbrix-sat/numbrix-sat.ll>:main:%76"	"i32"
"</mnt/EXSSD/formulog-artifact-evaluation/artifact/case_studies/symeval/benchmarks/numbrix-sat/numbrix-sat.ll>:main:%75"	"i32"
"</mnt/EXSSD/formulog-artifact-evaluation/artifact/case_studies/symeval/benchmarks/numbrix-sat/numbrix-sat.ll>:main:%72"	"i1"
"</mnt/EXSSD/formulog-artifact-evaluation/artifact/case_studies/symeval/benchmarks/numbrix-sat/numbrix-sat.ll>:main:%71"	"i32"
"</mnt/EXSSD/formulog-artifact-evaluation/artifact/case_studies/symeval/benchmarks/numbrix-sat/numbrix-sat.ll>:main:%67"	"i32"
"</mnt/EXSSD/formulog-artifact-evaluation/artifact/case_studies/symeval/benchmarks/numbrix-sat/numbrix-sat.ll>:main:%66"	"i1"
"</mnt/EXSSD/formulog-artifact-evaluation/artifact/case_studies/symeval/benchmarks/numbrix-sat/numbrix-sat.ll>:main:%65"	"i32"
"</mnt/EXSSD/formulog-artifact-evaluation/artifact/case_studies/symeval/benchmarks/numbrix-sat/numbrix-sat.ll>:main:%63"	"i32*"
"</mnt/EXSSD/formulog-artifact-evaluation/artifact/case_studies/symeval/benchmarks/numbrix-sat/numbrix-sat.ll>:main:%58"	"i32"
"</mnt/EXSSD/formulog-artifact-evaluation/artifact/case_studies/symeval/benchmarks/numbrix-sat/numbrix-sat.ll>:main:%57"	"i32"
"</mnt/EXSSD/formulog-artifact-evaluation/artifact/case_studies/symeval/benchmarks/numbrix-sat/numbrix-sat.ll>:main:%132"	"i32"
"</mnt/EXSSD/formulog-artifact-evaluation/artifact/case_studies/symeval/benchmarks/numbrix-sat/numbrix-sat.ll>:main:%95"	"i32"
"</mnt/EXSSD/formulog-artifact-evaluation/artifact/case_studies/symeval/benchmarks/numbrix-sat/numbrix-sat.ll>:main:[basicblock]%70"	"label"
"</mnt/EXSSD/formulog-artifact-evaluation/artifact/case_studies/symeval/benchmarks/numbrix-sat/numbrix-sat.ll>:main:%52"	"i32"
"</mnt/EXSSD/formulog-artifact-evaluation/artifact/case_studies/symeval/benchmarks/numbrix-sat/numbrix-sat.ll>:main:%51"	"i1"
"</mnt/EXSSD/formulog-artifact-evaluation/artifact/case_studies/symeval/benchmarks/numbrix-sat/numbrix-sat.ll>:main:%69"	"i32"
"</mnt/EXSSD/formulog-artifact-evaluation/artifact/case_studies/symeval/benchmarks/numbrix-sat/numbrix-sat.ll>:main:[basicblock]%50"	"label"
"</mnt/EXSSD/formulog-artifact-evaluation/artifact/case_studies/symeval/benchmarks/numbrix-sat/numbrix-sat.ll>:main:%46"	"i1"
"</mnt/EXSSD/formulog-artifact-evaluation/artifact/case_studies/symeval/benchmarks/numbrix-sat/numbrix-sat.ll>:main:%45"	"i32"
"</mnt/EXSSD/formulog-artifact-evaluation/artifact/case_studies/symeval/benchmarks/numbrix-sat/numbrix-sat.ll>:main:%44"	"i32"
"</mnt/EXSSD/formulog-artifact-evaluation/artifact/case_studies/symeval/benchmarks/numbrix-sat/numbrix-sat.ll>:main:%56"	"i32"
"</mnt/EXSSD/formulog-artifact-evaluation/artifact/case_studies/symeval/benchmarks/numbrix-sat/numbrix-sat.ll>:main:%43"	"i32*"
"</mnt/EXSSD/formulog-artifact-evaluation/artifact/case_studies/symeval/benchmarks/numbrix-sat/numbrix-sat.ll>:main:%42"	"i64"
"</mnt/EXSSD/formulog-artifact-evaluation/artifact/case_studies/symeval/benchmarks/numbrix-sat/numbrix-sat.ll>:main:%123"	"i32"
"</mnt/EXSSD/formulog-artifact-evaluation/artifact/case_studies/symeval/benchmarks/numbrix-sat/numbrix-sat.ll>:main:%61"	"i32"
"</mnt/EXSSD/formulog-artifact-evaluation/artifact/case_studies/symeval/benchmarks/numbrix-sat/numbrix-sat.ll>:main:%119"	"i32"
"</mnt/EXSSD/formulog-artifact-evaluation/artifact/case_studies/symeval/benchmarks/numbrix-sat/numbrix-sat.ll>:main:%92"	"i32"
"</mnt/EXSSD/formulog-artifact-evaluation/artifact/case_studies/symeval/benchmarks/numbrix-sat/numbrix-sat.ll>:main:%40"	"i32"
"</mnt/EXSSD/formulog-artifact-evaluation/artifact/case_studies/symeval/benchmarks/numbrix-sat/numbrix-sat.ll>:main:%114"	"i32"
"</mnt/EXSSD/formulog-artifact-evaluation/artifact/case_studies/symeval/benchmarks/numbrix-sat/numbrix-sat.ll>:main:%121"	"i32"
"</mnt/EXSSD/formulog-artifact-evaluation/artifact/case_studies/symeval/benchmarks/numbrix-sat/numbrix-sat.ll>:main:%39"	"i32"
"</mnt/EXSSD/formulog-artifact-evaluation/artifact/case_studies/symeval/benchmarks/numbrix-sat/numbrix-sat.ll>:main:[basicblock]%149"	"label"
"</mnt/EXSSD/formulog-artifact-evaluation/artifact/case_studies/symeval/benchmarks/numbrix-sat/numbrix-sat.ll>:main:%49"	"i1"
"</mnt/EXSSD/formulog-artifact-evaluation/artifact/case_studies/symeval/benchmarks/numbrix-sat/numbrix-sat.ll>:main:%35"	"i32"
"</mnt/EXSSD/formulog-artifact-evaluation/artifact/case_studies/symeval/benchmarks/numbrix-sat/numbrix-sat.ll>:main:[basicblock]%73"	"label"
"</mnt/EXSSD/formulog-artifact-evaluation/artifact/case_studies/symeval/benchmarks/numbrix-sat/numbrix-sat.ll>:main:[basicblock]%34"	"label"
"</mnt/EXSSD/formulog-artifact-evaluation/artifact/case_studies/symeval/benchmarks/numbrix-sat/numbrix-sat.ll>:main:[basicblock]%33"	"label"
"</mnt/EXSSD/formulog-artifact-evaluation/artifact/case_studies/symeval/benchmarks/numbrix-sat/numbrix-sat.ll>:main:[basicblock]%153"	"label"
"</mnt/EXSSD/formulog-artifact-evaluation/artifact/case_studies/symeval/benchmarks/numbrix-sat/numbrix-sat.ll>:main:%59"	"i32"
"</mnt/EXSSD/formulog-artifact-evaluation/artifact/case_studies/symeval/benchmarks/numbrix-sat/numbrix-sat.ll>:main:[basicblock]%106"	"label"
"</mnt/EXSSD/formulog-artifact-evaluation/artifact/case_studies/symeval/benchmarks/numbrix-sat/numbrix-sat.ll>:main:[basicblock]%29"	"label"
"</mnt/EXSSD/formulog-artifact-evaluation/artifact/case_studies/symeval/benchmarks/numbrix-sat/numbrix-sat.ll>:main:%31"	"i32"
"</mnt/EXSSD/formulog-artifact-evaluation/artifact/case_studies/symeval/benchmarks/numbrix-sat/numbrix-sat.ll>:main:%140"	"i32"
"</mnt/EXSSD/formulog-artifact-evaluation/artifact/case_studies/symeval/benchmarks/numbrix-sat/numbrix-sat.ll>:main:%26"	"i32*"
"</mnt/EXSSD/formulog-artifact-evaluation/artifact/case_studies/symeval/benchmarks/numbrix-sat/numbrix-sat.ll>:main:%25"	"i32*"
"</mnt/EXSSD/formulog-artifact-evaluation/artifact/case_studies/symeval/benchmarks/numbrix-sat/numbrix-sat.ll>:main:%94"	"i32"
"</mnt/EXSSD/formulog-artifact-evaluation/artifact/case_studies/symeval/benchmarks/numbrix-sat/numbrix-sat.ll>:main:%82"	"i32"
"</mnt/EXSSD/formulog-artifact-evaluation/artifact/case_studies/symeval/benchmarks/numbrix-sat/numbrix-sat.ll>:main:%152"	"i32"
"</mnt/EXSSD/formulog-artifact-evaluation/artifact/case_studies/symeval/benchmarks/numbrix-sat/numbrix-sat.ll>:main:%28"	"i32*"
"</mnt/EXSSD/formulog-artifact-evaluation/artifact/case_studies/symeval/benchmarks/numbrix-sat/numbrix-sat.ll>:main:%22"	"i32"
"</mnt/EXSSD/formulog-artifact-evaluation/artifact/case_studies/symeval/benchmarks/numbrix-sat/numbrix-sat.ll>:main:%41"	"i32"
"</mnt/EXSSD/formulog-artifact-evaluation/artifact/case_studies/symeval/benchmarks/numbrix-sat/numbrix-sat.ll>:main:%19"	"i32*"
"</mnt/EXSSD/formulog-artifact-evaluation/artifact/case_studies/symeval/benchmarks/numbrix-sat/numbrix-sat.ll>:main:%139"	"i32"
"</mnt/EXSSD/formulog-artifact-evaluation/artifact/case_studies/symeval/benchmarks/numbrix-sat/numbrix-sat.ll>:main:%53"	"i32"
"</mnt/EXSSD/formulog-artifact-evaluation/artifact/case_studies/symeval/benchmarks/numbrix-sat/numbrix-sat.ll>:main:%18"	"i64"
"</mnt/EXSSD/formulog-artifact-evaluation/artifact/case_studies/symeval/benchmarks/numbrix-sat/numbrix-sat.ll>:main:%17"	"i32"
"</mnt/EXSSD/formulog-artifact-evaluation/artifact/case_studies/symeval/benchmarks/numbrix-sat/numbrix-sat.ll>:main:%111"	"i32"
"</mnt/EXSSD/formulog-artifact-evaluation/artifact/case_studies/symeval/benchmarks/numbrix-sat/numbrix-sat.ll>:main:%16"	"i32*"
"</mnt/EXSSD/formulog-artifact-evaluation/artifact/case_studies/symeval/benchmarks/numbrix-sat/numbrix-sat.ll>:main:%62"	"i64"
"</mnt/EXSSD/formulog-artifact-evaluation/artifact/case_studies/symeval/benchmarks/numbrix-sat/numbrix-sat.ll>:main:%15"	"i64"
"</mnt/EXSSD/formulog-artifact-evaluation/artifact/case_studies/symeval/benchmarks/numbrix-sat/numbrix-sat.ll>:main:[basicblock]%24"	"label"
"</mnt/EXSSD/formulog-artifact-evaluation/artifact/case_studies/symeval/benchmarks/numbrix-sat/numbrix-sat.ll>:main:%120"	"i1"
"</mnt/EXSSD/formulog-artifact-evaluation/artifact/case_studies/symeval/benchmarks/numbrix-sat/numbrix-sat.ll>:main:%48"	"i32"
"</mnt/EXSSD/formulog-artifact-evaluation/artifact/case_studies/symeval/benchmarks/numbrix-sat/numbrix-sat.ll>:main:%21"	"i32"
"</mnt/EXSSD/formulog-artifact-evaluation/artifact/case_studies/symeval/benchmarks/numbrix-sat/numbrix-sat.ll>:main:%14"	"i32"
"</mnt/EXSSD/formulog-artifact-evaluation/artifact/case_studies/symeval/benchmarks/numbrix-sat/numbrix-sat.ll>:main:[basicblock]%12"	"label"
"</mnt/EXSSD/formulog-artifact-evaluation/artifact/case_studies/symeval/benchmarks/numbrix-sat/numbrix-sat.ll>:main:%11"	"i1"
"</mnt/EXSSD/formulog-artifact-evaluation/artifact/case_studies/symeval/benchmarks/numbrix-sat/numbrix-sat.ll>:main:%27"	"i32*"
"</mnt/EXSSD/formulog-artifact-evaluation/artifact/case_studies/symeval/benchmarks/numbrix-sat/numbrix-sat.ll>:main:[basicblock]%150"	"label"
"</mnt/EXSSD/formulog-artifact-evaluation/artifact/case_studies/symeval/benchmarks/numbrix-sat/numbrix-sat.ll>:main:%36"	"i1"
"</mnt/EXSSD/formulog-artifact-evaluation/artifact/case_studies/symeval/benchmarks/numbrix-sat/numbrix-sat.ll>:main:%142"	"i32*"
"</mnt/EXSSD/formulog-artifact-evaluation/artifact/case_studies/symeval/benchmarks/numbrix-sat/numbrix-sat.ll>:main:%13"	"i32"
"</mnt/EXSSD/formulog-artifact-evaluation/artifact/case_studies/symeval/benchmarks/numbrix-sat/numbrix-sat.ll>:main:[basicblock]%23"	"label"
"</mnt/EXSSD/formulog-artifact-evaluation/artifact/case_studies/symeval/benchmarks/numbrix-sat/numbrix-sat.ll>:main:%133"	"i32"
"</mnt/EXSSD/formulog-artifact-evaluation/artifact/case_studies/symeval/benchmarks/numbrix-sat/numbrix-sat.ll>:main:%74"	"i32"
"</mnt/EXSSD/formulog-artifact-evaluation/artifact/case_studies/symeval/benchmarks/numbrix-sat/numbrix-sat.ll>:main:%10"	"i32"
"</mnt/EXSSD/formulog-artifact-evaluation/artifact/case_studies/symeval/benchmarks/numbrix-sat/numbrix-sat.ll>:main:%151"	"i32"
"</mnt/EXSSD/formulog-artifact-evaluation/artifact/case_studies/symeval/benchmarks/numbrix-sat/numbrix-sat.ll>:main:%38"	"i32"
"</mnt/EXSSD/formulog-artifact-evaluation/artifact/case_studies/symeval/benchmarks/numbrix-sat/numbrix-sat.ll>:main:%83"	"i32"
"</mnt/EXSSD/formulog-artifact-evaluation/artifact/case_studies/symeval/benchmarks/numbrix-sat/numbrix-sat.ll>:main:[basicblock]%20"	"label"
"</mnt/EXSSD/formulog-artifact-evaluation/artifact/case_studies/symeval/benchmarks/numbrix-sat/numbrix-sat.ll>:main:%60"	"i32"
"</mnt/EXSSD/formulog-artifact-evaluation/artifact/case_studies/symeval/benchmarks/numbrix-sat/numbrix-sat.ll>:main:%68"	"i32"
"</mnt/EXSSD/formulog-artifact-evaluation/artifact/case_studies/symeval/benchmarks/numbrix-sat/numbrix-sat.ll>:main:%90"	"i1"
"</mnt/EXSSD/formulog-artifact-evaluation/artifact/case_studies/symeval/benchmarks/numbrix-sat/numbrix-sat.ll>:main:[basicblock]%37"	"label"
"</mnt/EXSSD/formulog-artifact-evaluation/artifact/case_studies/symeval/benchmarks/numbrix-sat/numbrix-sat.ll>:main:[basicblock]%9"	"label"
"</mnt/EXSSD/formulog-artifact-evaluation/artifact/case_studies/symeval/benchmarks/numbrix-sat/numbrix-sat.ll>:main:%97"	"i32"
"</mnt/EXSSD/formulog-artifact-evaluation/artifact/case_studies/symeval/benchmarks/numbrix-sat/numbrix-sat.ll>:main:[basicblock]%124"	"label"
"</mnt/EXSSD/formulog-artifact-evaluation/artifact/case_studies/symeval/benchmarks/numbrix-sat/numbrix-sat.ll>:main:%54"	"i1"
"</mnt/EXSSD/formulog-artifact-evaluation/artifact/case_studies/symeval/benchmarks/numbrix-sat/numbrix-sat.ll>:main:[basicblock]%88"	"label"
"</mnt/EXSSD/formulog-artifact-evaluation/artifact/case_studies/symeval/benchmarks/numbrix-sat/numbrix-sat.ll>:main:%7"	"i32*"
"</mnt/EXSSD/formulog-artifact-evaluation/artifact/case_studies/symeval/benchmarks/numbrix-sat/numbrix-sat.ll>:main:%32"	"i1"
"</mnt/EXSSD/formulog-artifact-evaluation/artifact/case_studies/symeval/benchmarks/numbrix-sat/numbrix-sat.ll>:main:%112"	"i32"
"</mnt/EXSSD/formulog-artifact-evaluation/artifact/case_studies/symeval/benchmarks/numbrix-sat/numbrix-sat.ll>:main:%64"	"i32"
"</mnt/EXSSD/formulog-artifact-evaluation/artifact/case_studies/symeval/benchmarks/numbrix-sat/numbrix-sat.ll>:main:%84"	"i1"
"</mnt/EXSSD/formulog-artifact-evaluation/artifact/case_studies/symeval/benchmarks/numbrix-sat/numbrix-sat.ll>:main:[basicblock]%55"	"label"
"</mnt/EXSSD/formulog-artifact-evaluation/artifact/case_studies/symeval/benchmarks/numbrix-sat/numbrix-sat.ll>:main:%4"	"i32*"
"</mnt/EXSSD/formulog-artifact-evaluation/artifact/case_studies/symeval/benchmarks/numbrix-sat/numbrix-sat.ll>:main:%3"	"[16 x i32]*"
"</mnt/EXSSD/formulog-artifact-evaluation/artifact/case_studies/symeval/benchmarks/numbrix-sat/numbrix-sat.ll>:main:%104"	"i32"
"</mnt/EXSSD/formulog-artifact-evaluation/artifact/case_studies/symeval/benchmarks/numbrix-sat/numbrix-sat.ll>:main:%6"	"i32*"
"</mnt/EXSSD/formulog-artifact-evaluation/artifact/case_studies/symeval/benchmarks/numbrix-sat/numbrix-sat.ll>:main:[basicblock]%47"	"label"
"</mnt/EXSSD/formulog-artifact-evaluation/artifact/case_studies/symeval/benchmarks/numbrix-sat/numbrix-sat.ll>:main:%93"	"i32"
"</mnt/EXSSD/formulog-artifact-evaluation/artifact/case_studies/symeval/benchmarks/numbrix-sat/numbrix-sat.ll>:main:%147"	"i32"
"</mnt/EXSSD/formulog-artifact-evaluation/artifact/case_studies/symeval/benchmarks/numbrix-sat/numbrix-sat.ll>:main:%5"	"i32*"
"</mnt/EXSSD/formulog-artifact-evaluation/artifact/case_studies/symeval/benchmarks/numbrix-sat/numbrix-sat.ll>:main:%2"	"[16 x i32]*"
"</mnt/EXSSD/formulog-artifact-evaluation/artifact/case_studies/symeval/benchmarks/numbrix-sat/numbrix-sat.ll>:main:[basicblock]%30"	"label"
"</mnt/EXSSD/formulog-artifact-evaluation/artifact/case_studies/symeval/benchmarks/numbrix-sat/numbrix-sat.ll>:main:%130"	"i32"
"</mnt/EXSSD/formulog-artifact-evaluation/artifact/case_studies/symeval/benchmarks/numbrix-sat/numbrix-sat.ll>:main:%1"	"i32*"
"</mnt/EXSSD/formulog-artifact-evaluation/artifact/case_studies/symeval/benchmarks/numbrix-sat/numbrix-sat.ll>:main:%8"	"i32*"
