"</mnt/EXSSD/formulog-artifact-evaluation/artifact/case_studies/symeval/benchmarks/interp-6/interp-6.ll>:main:23"	4
"</mnt/EXSSD/formulog-artifact-evaluation/artifact/case_studies/symeval/benchmarks/interp-6/interp-6.ll>:main:27"	8
"</mnt/EXSSD/formulog-artifact-evaluation/artifact/case_studies/symeval/benchmarks/interp-6/interp-6.ll>:main:28"	4
"</mnt/EXSSD/formulog-artifact-evaluation/artifact/case_studies/symeval/benchmarks/interp-6/interp-6.ll>:main:33"	4
"</mnt/EXSSD/formulog-artifact-evaluation/artifact/case_studies/symeval/benchmarks/interp-6/interp-6.ll>:main:42"	4
"</mnt/EXSSD/formulog-artifact-evaluation/artifact/case_studies/symeval/benchmarks/interp-6/interp-6.ll>:main:45"	8
"</mnt/EXSSD/formulog-artifact-evaluation/artifact/case_studies/symeval/benchmarks/interp-6/interp-6.ll>:main:46"	4
"</mnt/EXSSD/formulog-artifact-evaluation/artifact/case_studies/symeval/benchmarks/interp-6/interp-6.ll>:main:51"	4
"</mnt/EXSSD/formulog-artifact-evaluation/artifact/case_studies/symeval/benchmarks/interp-6/interp-6.ll>:main:58"	4
"</mnt/EXSSD/formulog-artifact-evaluation/artifact/case_studies/symeval/benchmarks/interp-6/interp-6.ll>:main:62"	4
"</mnt/EXSSD/formulog-artifact-evaluation/artifact/case_studies/symeval/benchmarks/interp-6/interp-6.ll>:main:65"	4
"</mnt/EXSSD/formulog-artifact-evaluation/artifact/case_studies/symeval/benchmarks/interp-6/interp-6.ll>:main:70"	8
"</mnt/EXSSD/formulog-artifact-evaluation/artifact/case_studies/symeval/benchmarks/interp-6/interp-6.ll>:main:71"	4
"</mnt/EXSSD/formulog-artifact-evaluation/artifact/case_studies/symeval/benchmarks/interp-6/interp-6.ll>:main:74"	4
"</mnt/EXSSD/formulog-artifact-evaluation/artifact/case_studies/symeval/benchmarks/interp-6/interp-6.ll>:main:77"	4
"</mnt/EXSSD/formulog-artifact-evaluation/artifact/case_studies/symeval/benchmarks/interp-6/interp-6.ll>:main:80"	4
"</mnt/EXSSD/formulog-artifact-evaluation/artifact/case_studies/symeval/benchmarks/interp-6/interp-6.ll>:main:86"	4
"</mnt/EXSSD/formulog-artifact-evaluation/artifact/case_studies/symeval/benchmarks/interp-6/interp-6.ll>:main:89"	4
"</mnt/EXSSD/formulog-artifact-evaluation/artifact/case_studies/symeval/benchmarks/interp-6/interp-6.ll>:main:92"	4
"</mnt/EXSSD/formulog-artifact-evaluation/artifact/case_studies/symeval/benchmarks/interp-6/interp-6.ll>:main:95"	4
"</mnt/EXSSD/formulog-artifact-evaluation/artifact/case_studies/symeval/benchmarks/interp-6/interp-6.ll>:main:101"	4
"</mnt/EXSSD/formulog-artifact-evaluation/artifact/case_studies/symeval/benchmarks/interp-6/interp-6.ll>:main:104"	4
"</mnt/EXSSD/formulog-artifact-evaluation/artifact/case_studies/symeval/benchmarks/interp-6/interp-6.ll>:main:108"	4
"</mnt/EXSSD/formulog-artifact-evaluation/artifact/case_studies/symeval/benchmarks/interp-6/interp-6.ll>:main:112"	4
"</mnt/EXSSD/formulog-artifact-evaluation/artifact/case_studies/symeval/benchmarks/interp-6/interp-6.ll>:main:118"	8
"</mnt/EXSSD/formulog-artifact-evaluation/artifact/case_studies/symeval/benchmarks/interp-6/interp-6.ll>:main:119"	4
"</mnt/EXSSD/formulog-artifact-evaluation/artifact/case_studies/symeval/benchmarks/interp-6/interp-6.ll>:main:123"	4
"</mnt/EXSSD/formulog-artifact-evaluation/artifact/case_studies/symeval/benchmarks/interp-6/interp-6.ll>:main:125"	8
"</mnt/EXSSD/formulog-artifact-evaluation/artifact/case_studies/symeval/benchmarks/interp-6/interp-6.ll>:main:126"	4
"</mnt/EXSSD/formulog-artifact-evaluation/artifact/case_studies/symeval/benchmarks/interp-6/interp-6.ll>:main:130"	4
"</mnt/EXSSD/formulog-artifact-evaluation/artifact/case_studies/symeval/benchmarks/interp-6/interp-6.ll>:main:134"	4
"</mnt/EXSSD/formulog-artifact-evaluation/artifact/case_studies/symeval/benchmarks/interp-6/interp-6.ll>:main:138"	4
"</mnt/EXSSD/formulog-artifact-evaluation/artifact/case_studies/symeval/benchmarks/interp-6/interp-6.ll>:main:142"	4
"</mnt/EXSSD/formulog-artifact-evaluation/artifact/case_studies/symeval/benchmarks/interp-6/interp-6.ll>:main:148"	8
"</mnt/EXSSD/formulog-artifact-evaluation/artifact/case_studies/symeval/benchmarks/interp-6/interp-6.ll>:main:149"	4
"</mnt/EXSSD/formulog-artifact-evaluation/artifact/case_studies/symeval/benchmarks/interp-6/interp-6.ll>:main:153"	4
"</mnt/EXSSD/formulog-artifact-evaluation/artifact/case_studies/symeval/benchmarks/interp-6/interp-6.ll>:main:157"	4
"</mnt/EXSSD/formulog-artifact-evaluation/artifact/case_studies/symeval/benchmarks/interp-6/interp-6.ll>:main:160"	4
"</mnt/EXSSD/formulog-artifact-evaluation/artifact/case_studies/symeval/benchmarks/interp-6/interp-6.ll>:main:165"	4
"</mnt/EXSSD/formulog-artifact-evaluation/artifact/case_studies/symeval/benchmarks/interp-6/interp-6.ll>:main:168"	4
"</mnt/EXSSD/formulog-artifact-evaluation/artifact/case_studies/symeval/benchmarks/interp-6/interp-6.ll>:main:173"	4
"</mnt/EXSSD/formulog-artifact-evaluation/artifact/case_studies/symeval/benchmarks/interp-6/interp-6.ll>:main:176"	4
"</mnt/EXSSD/formulog-artifact-evaluation/artifact/case_studies/symeval/benchmarks/interp-6/interp-6.ll>:main:177"	8
"</mnt/EXSSD/formulog-artifact-evaluation/artifact/case_studies/symeval/benchmarks/interp-6/interp-6.ll>:main:178"	4
"</mnt/EXSSD/formulog-artifact-evaluation/artifact/case_studies/symeval/benchmarks/interp-6/interp-6.ll>:main:182"	4
"</mnt/EXSSD/formulog-artifact-evaluation/artifact/case_studies/symeval/benchmarks/interp-6/interp-6.ll>:main:186"	4
"</mnt/EXSSD/formulog-artifact-evaluation/artifact/case_studies/symeval/benchmarks/interp-6/interp-6.ll>:main:189"	8
"</mnt/EXSSD/formulog-artifact-evaluation/artifact/case_studies/symeval/benchmarks/interp-6/interp-6.ll>:main:190"	4
"</mnt/EXSSD/formulog-artifact-evaluation/artifact/case_studies/symeval/benchmarks/interp-6/interp-6.ll>:main:193"	4
"</mnt/EXSSD/formulog-artifact-evaluation/artifact/case_studies/symeval/benchmarks/interp-6/interp-6.ll>:main:196"	4
"</mnt/EXSSD/formulog-artifact-evaluation/artifact/case_studies/symeval/benchmarks/interp-6/interp-6.ll>:main:199"	4
"</mnt/EXSSD/formulog-artifact-evaluation/artifact/case_studies/symeval/benchmarks/interp-6/interp-6.ll>:main:205"	4
"</mnt/EXSSD/formulog-artifact-evaluation/artifact/case_studies/symeval/benchmarks/interp-6/interp-6.ll>:main:208"	4
"</mnt/EXSSD/formulog-artifact-evaluation/artifact/case_studies/symeval/benchmarks/interp-6/interp-6.ll>:main:214"	4
"</mnt/EXSSD/formulog-artifact-evaluation/artifact/case_studies/symeval/benchmarks/interp-6/interp-6.ll>:main:217"	4
"</mnt/EXSSD/formulog-artifact-evaluation/artifact/case_studies/symeval/benchmarks/interp-6/interp-6.ll>:main:222"	8
"</mnt/EXSSD/formulog-artifact-evaluation/artifact/case_studies/symeval/benchmarks/interp-6/interp-6.ll>:main:223"	4
"</mnt/EXSSD/formulog-artifact-evaluation/artifact/case_studies/symeval/benchmarks/interp-6/interp-6.ll>:main:226"	4
"</mnt/EXSSD/formulog-artifact-evaluation/artifact/case_studies/symeval/benchmarks/interp-6/interp-6.ll>:main:228"	8
"</mnt/EXSSD/formulog-artifact-evaluation/artifact/case_studies/symeval/benchmarks/interp-6/interp-6.ll>:main:229"	4
"</mnt/EXSSD/formulog-artifact-evaluation/artifact/case_studies/symeval/benchmarks/interp-6/interp-6.ll>:main:232"	4
"</mnt/EXSSD/formulog-artifact-evaluation/artifact/case_studies/symeval/benchmarks/interp-6/interp-6.ll>:main:234"	4
"</mnt/EXSSD/formulog-artifact-evaluation/artifact/case_studies/symeval/benchmarks/interp-6/interp-6.ll>:main:237"	4
"</mnt/EXSSD/formulog-artifact-evaluation/artifact/case_studies/symeval/benchmarks/interp-6/interp-6.ll>:main:238"	4
"</mnt/EXSSD/formulog-artifact-evaluation/artifact/case_studies/symeval/benchmarks/interp-6/interp-6.ll>:main:242"	4
"</mnt/EXSSD/formulog-artifact-evaluation/artifact/case_studies/symeval/benchmarks/interp-6/interp-6.ll>:main:245"	4
"</mnt/EXSSD/formulog-artifact-evaluation/artifact/case_studies/symeval/benchmarks/interp-6/interp-6.ll>:main:246"	4
"</mnt/EXSSD/formulog-artifact-evaluation/artifact/case_studies/symeval/benchmarks/interp-6/interp-6.ll>:main:250"	4
"</mnt/EXSSD/formulog-artifact-evaluation/artifact/case_studies/symeval/benchmarks/interp-6/interp-6.ll>:main:253"	4
"</mnt/EXSSD/formulog-artifact-evaluation/artifact/case_studies/symeval/benchmarks/interp-6/interp-6.ll>:main:254"	4
"</mnt/EXSSD/formulog-artifact-evaluation/artifact/case_studies/symeval/benchmarks/interp-6/interp-6.ll>:main:259"	4
"</mnt/EXSSD/formulog-artifact-evaluation/artifact/case_studies/symeval/benchmarks/interp-6/interp-6.ll>:main:262"	4
"</mnt/EXSSD/formulog-artifact-evaluation/artifact/case_studies/symeval/benchmarks/interp-6/interp-6.ll>:main:263"	4
"</mnt/EXSSD/formulog-artifact-evaluation/artifact/case_studies/symeval/benchmarks/interp-6/interp-6.ll>:main:273"	4
"</mnt/EXSSD/formulog-artifact-evaluation/artifact/case_studies/symeval/benchmarks/interp-6/interp-6.ll>:main:274"	8
"</mnt/EXSSD/formulog-artifact-evaluation/artifact/case_studies/symeval/benchmarks/interp-6/interp-6.ll>:main:275"	4
"</mnt/EXSSD/formulog-artifact-evaluation/artifact/case_studies/symeval/benchmarks/interp-6/interp-6.ll>:main:279"	4
"</mnt/EXSSD/formulog-artifact-evaluation/artifact/case_studies/symeval/benchmarks/interp-6/interp-6.ll>:main:285"	4
