"</mnt/EXSSD/formulog-artifact-evaluation/artifact/case_studies/symeval/benchmarks/interp-6/interp-6.ll>:main:83"	0	"</mnt/EXSSD/formulog-artifact-evaluation/artifact/case_studies/symeval/benchmarks/interp-6/interp-6.ll>:main:83:true"
"</mnt/EXSSD/formulog-artifact-evaluation/artifact/case_studies/symeval/benchmarks/interp-6/interp-6.ll>:main:83"	1	"</mnt/EXSSD/formulog-artifact-evaluation/artifact/case_studies/symeval/benchmarks/interp-6/interp-6.ll>:main:%69"
"</mnt/EXSSD/formulog-artifact-evaluation/artifact/case_studies/symeval/benchmarks/interp-6/interp-6.ll>:main:98"	0	"</mnt/EXSSD/formulog-artifact-evaluation/artifact/case_studies/symeval/benchmarks/interp-6/interp-6.ll>:main:98:true"
"</mnt/EXSSD/formulog-artifact-evaluation/artifact/case_studies/symeval/benchmarks/interp-6/interp-6.ll>:main:98"	1	"</mnt/EXSSD/formulog-artifact-evaluation/artifact/case_studies/symeval/benchmarks/interp-6/interp-6.ll>:main:98:true"
"</mnt/EXSSD/formulog-artifact-evaluation/artifact/case_studies/symeval/benchmarks/interp-6/interp-6.ll>:main:98"	2	"</mnt/EXSSD/formulog-artifact-evaluation/artifact/case_studies/symeval/benchmarks/interp-6/interp-6.ll>:main:98:true"
"</mnt/EXSSD/formulog-artifact-evaluation/artifact/case_studies/symeval/benchmarks/interp-6/interp-6.ll>:main:98"	3	"</mnt/EXSSD/formulog-artifact-evaluation/artifact/case_studies/symeval/benchmarks/interp-6/interp-6.ll>:main:%83"
