"$MyModule.Expression000"	[(#{"MyModule.x5"}[value], t_any)]	t_bool	e_type_test(e_var(#{"MyModule.x5"}[value]), t_union(t_union(t_intersection(t_entity("MyModule.kind000", t_singleton(e_str("variable"), t_any)), t_entity("MyModule.name000", t_str)), t_intersection(t_entity("MyModule.kind000", t_singleton(e_str("integer"), t_any)), t_entity("MyModule.val000", t_int))), t_intersection(t_entity("MyModule.arg1000", t_refine(#{"MyModule.x4"}[value], t_any, e_app("$MyModule.Expression000", [e_var(#{"MyModule.x4"}[value])]))), t_intersection(t_entity("MyModule.operator000", t_refine(#{"MyModule.value1"}[value], t_str, e_binop(b_or, e_binop(b_or, e_binop(b_or, e_binop(b_eq, e_var(#{"MyModule.value1"}[value]), e_str("plus")), e_binop(b_eq, e_var(#{"MyModule.value1"}[value]), e_str("minus"))), e_binop(b_eq, e_var(#{"MyModule.value1"}[value]), e_str("times"))), e_binop(b_eq, e_var(#{"MyModule.value1"}[value]), e_str("<="))))), t_intersection(t_entity("MyModule.kind000", t_singleton(e_str("binary app"), t_any)), t_entity("MyModule.arg2000", t_refine(#{"MyModule.x4"}[value], t_any, e_app("$MyModule.Expression000", [e_var(#{"MyModule.x4"}[value])]))))))))
"$MyModule.Statement000"	[(#{"MyModule.x7"}[value], t_any)]	t_bool	e_type_test(e_var(#{"MyModule.x7"}[value]), t_union(t_union(t_union(t_union(t_intersection(t_entity("MyModule.var000", t_str), t_intersection(t_entity("MyModule.kind000", t_singleton(e_str("assignment"), t_any)), t_entity("MyModule.rhs000", t_refine(#{"MyModule.x4"}[value], t_any, e_app("$MyModule.Expression000", [e_var(#{"MyModule.x4"}[value])]))))), t_intersection(t_entity("MyModule.test000", t_refine(#{"MyModule.x4"}[value], t_any, e_app("$MyModule.Expression000", [e_var(#{"MyModule.x4"}[value])]))), t_intersection(t_entity("MyModule.kind000", t_singleton(e_str("while"), t_any)), t_entity("MyModule.body000", t_refine(#{"MyModule.x6"}[value], t_any, e_app("$MyModule.Statement000", [e_var(#{"MyModule.x6"}[value])])))))), t_intersection(t_entity("MyModule.tt000", t_refine(#{"MyModule.x6"}[value], t_any, e_app("$MyModule.Statement000", [e_var(#{"MyModule.x6"}[value])]))), t_intersection(t_entity("MyModule.test000", t_refine(#{"MyModule.x4"}[value], t_any, e_app("$MyModule.Expression000", [e_var(#{"MyModule.x4"}[value])]))), t_intersection(t_entity("MyModule.kind000", t_singleton(e_str("if"), t_any)), t_entity("MyModule.ff000", t_refine(#{"MyModule.x6"}[value], t_any, e_app("$MyModule.Statement000", [e_var(#{"MyModule.x6"}[value])]))))))), t_intersection(t_entity("MyModule.s1000", t_refine(#{"MyModule.x6"}[value], t_any, e_app("$MyModule.Statement000", [e_var(#{"MyModule.x6"}[value])]))), t_intersection(t_entity("MyModule.kind000", t_singleton(e_str("seq"), t_any)), t_entity("MyModule.s2000", t_refine(#{"MyModule.x6"}[value], t_any, e_app("$MyModule.Statement000", [e_var(#{"MyModule.x6"}[value])])))))), t_entity("MyModule.kind000", t_singleton(e_str("skip"), t_any))))
"MyModule.PatChris000"	[]	t_intersection(t_entity("MyModule.SpouseA000", t_refine(#{"MyModule.value1"}[value], t_intersection(t_entity("MyModule.Name000", t_str), t_entity("MyModule.Age000", t_int)), e_binop(b_gt, e_select(e_var(#{"MyModule.value1"}[value]), "MyModule.Age000"), e_int(17)))), t_entity("MyModule.SpouseB000", t_refine(#{"MyModule.value1"}[value], t_intersection(t_entity("MyModule.Name000", t_str), t_entity("MyModule.Age000", t_int)), e_binop(b_gt, e_select(e_var(#{"MyModule.value1"}[value]), "MyModule.Age000"), e_int(17)))))	e_entity([("MyModule.SpouseA000", e_entity([("MyModule.Name000", e_str("Pat")), ("MyModule.Age000", e_int(24))])), ("MyModule.SpouseB000", e_entity([("MyModule.Name000", e_str("Chris")), ("MyModule.Age000", e_int(32))]))])
"MyModule.Fact_factorial000"	[(#{"MyModule.n000"}[value], t_int)]	t_int	e_cond(e_binop(b_eq, e_var(#{"MyModule.n000"}[value]), e_int(0)), e_int(1), e_binop(b_mul, e_var(#{"MyModule.n000"}[value]), e_app("MyModule.Fact_factorial000", [e_binop(b_sub, e_var(#{"MyModule.n000"}[value]), e_int(1))])))
"MyModule.Fact_main000"	[]	t_any	e_app("MyModule.Fact_factorial000", [e_int(10)])
"MyModule.Types1_Main000"	[]	t_coll(t_intersection(t_entity("MyModule.Num000", t_int), t_entity("MyModule.Flag000", t_bool)))	e_ascribe(e_query(#{"MyModule.n000"}[value], e_add(e_int(0), e_add(e_int(4), e_add(e_int(5), e_coll([])))), e_binop(b_lt, e_var(#{"MyModule.n000"}[value]), e_int(5)), e_entity([("MyModule.Num000", e_var(#{"MyModule.n000"}[value])), ("MyModule.Flag000", e_binop(b_gt, e_var(#{"MyModule.n000"}[value]), e_int(0)))])), t_coll(t_intersection(t_entity("MyModule.Num000", t_int), t_entity("MyModule.Flag000", t_bool))))
"MyModule.Var000"	[(#{"MyModule.name000"}[value], t_str)]	t_refine(#{"MyModule.x4"}[value], t_any, e_app("$MyModule.Expression000", [e_var(#{"MyModule.x4"}[value])]))	e_entity([("MyModule.kind000", e_str("variable")), ("MyModule.name000", e_var(#{"MyModule.name000"}[value]))])
"MyModule.Int000"	[(#{"MyModule.val000"}[value], t_int)]	t_refine(#{"MyModule.x4"}[value], t_any, e_app("$MyModule.Expression000", [e_var(#{"MyModule.x4"}[value])]))	e_entity([("MyModule.kind000", e_str("integer")), ("MyModule.val000", e_var(#{"MyModule.val000"}[value]))])
"MyModule.Plus000"	[(#{"MyModule.arg1000"}[value], t_refine(#{"MyModule.x4"}[value], t_any, e_app("$MyModule.Expression000", [e_var(#{"MyModule.x4"}[value])]))), (#{"MyModule.arg2000"}[value], t_refine(#{"MyModule.x4"}[value], t_any, e_app("$MyModule.Expression000", [e_var(#{"MyModule.x4"}[value])])))]	t_refine(#{"MyModule.x4"}[value], t_any, e_app("$MyModule.Expression000", [e_var(#{"MyModule.x4"}[value])]))	e_entity([("MyModule.kind000", e_str("binary app")), ("MyModule.operator000", e_str("plus")), ("MyModule.arg1000", e_var(#{"MyModule.arg1000"}[value])), ("MyModule.arg2000", e_var(#{"MyModule.arg2000"}[value]))])
"MyModule.Minus000"	[(#{"MyModule.arg1000"}[value], t_refine(#{"MyModule.x4"}[value], t_any, e_app("$MyModule.Expression000", [e_var(#{"MyModule.x4"}[value])]))), (#{"MyModule.arg2000"}[value], t_refine(#{"MyModule.x4"}[value], t_any, e_app("$MyModule.Expression000", [e_var(#{"MyModule.x4"}[value])])))]	t_refine(#{"MyModule.x4"}[value], t_any, e_app("$MyModule.Expression000", [e_var(#{"MyModule.x4"}[value])]))	e_entity([("MyModule.kind000", e_str("binary app")), ("MyModule.operator000", e_str("minus")), ("MyModule.arg1000", e_var(#{"MyModule.arg1000"}[value])), ("MyModule.arg2000", e_var(#{"MyModule.arg2000"}[value]))])
"MyModule.Times000"	[(#{"MyModule.arg1000"}[value], t_refine(#{"MyModule.x4"}[value], t_any, e_app("$MyModule.Expression000", [e_var(#{"MyModule.x4"}[value])]))), (#{"MyModule.arg2000"}[value], t_refine(#{"MyModule.x4"}[value], t_any, e_app("$MyModule.Expression000", [e_var(#{"MyModule.x4"}[value])])))]	t_refine(#{"MyModule.x4"}[value], t_any, e_app("$MyModule.Expression000", [e_var(#{"MyModule.x4"}[value])]))	e_entity([("MyModule.kind000", e_str("binary app")), ("MyModule.operator000", e_str("times")), ("MyModule.arg1000", e_var(#{"MyModule.arg1000"}[value])), ("MyModule.arg2000", e_var(#{"MyModule.arg2000"}[value]))])
"MyModule.Leq000"	[(#{"MyModule.arg1000"}[value], t_refine(#{"MyModule.x4"}[value], t_any, e_app("$MyModule.Expression000", [e_var(#{"MyModule.x4"}[value])]))), (#{"MyModule.arg2000"}[value], t_refine(#{"MyModule.x4"}[value], t_any, e_app("$MyModule.Expression000", [e_var(#{"MyModule.x4"}[value])])))]	t_refine(#{"MyModule.x4"}[value], t_any, e_app("$MyModule.Expression000", [e_var(#{"MyModule.x4"}[value])]))	e_entity([("MyModule.kind000", e_str("binary app")), ("MyModule.operator000", e_str("<=")), ("MyModule.arg1000", e_var(#{"MyModule.arg1000"}[value])), ("MyModule.arg2000", e_var(#{"MyModule.arg2000"}[value]))])
"MyModule.Assign000"	[(#{"MyModule.var000"}[value], t_str), (#{"MyModule.rhs000"}[value], t_refine(#{"MyModule.x4"}[value], t_any, e_app("$MyModule.Expression000", [e_var(#{"MyModule.x4"}[value])])))]	t_refine(#{"MyModule.x6"}[value], t_any, e_app("$MyModule.Statement000", [e_var(#{"MyModule.x6"}[value])]))	e_entity([("MyModule.kind000", e_str("assignment")), ("MyModule.var000", e_var(#{"MyModule.var000"}[value])), ("MyModule.rhs000", e_var(#{"MyModule.rhs000"}[value]))])
"MyModule.While000"	[(#{"MyModule.test000"}[value], t_refine(#{"MyModule.x4"}[value], t_any, e_app("$MyModule.Expression000", [e_var(#{"MyModule.x4"}[value])]))), (#{"MyModule.body000"}[value], t_refine(#{"MyModule.x6"}[value], t_any, e_app("$MyModule.Statement000", [e_var(#{"MyModule.x6"}[value])])))]	t_refine(#{"MyModule.x6"}[value], t_any, e_app("$MyModule.Statement000", [e_var(#{"MyModule.x6"}[value])]))	e_entity([("MyModule.kind000", e_str("while")), ("MyModule.test000", e_var(#{"MyModule.test000"}[value])), ("MyModule.body000", e_var(#{"MyModule.body000"}[value]))])
"MyModule.If000"	[(#{"MyModule.test000"}[value], t_refine(#{"MyModule.x4"}[value], t_any, e_app("$MyModule.Expression000", [e_var(#{"MyModule.x4"}[value])]))), (#{"MyModule.tt000"}[value], t_refine(#{"MyModule.x6"}[value], t_any, e_app("$MyModule.Statement000", [e_var(#{"MyModule.x6"}[value])]))), (#{"MyModule.ff000"}[value], t_refine(#{"MyModule.x6"}[value], t_any, e_app("$MyModule.Statement000", [e_var(#{"MyModule.x6"}[value])])))]	t_refine(#{"MyModule.x6"}[value], t_any, e_app("$MyModule.Statement000", [e_var(#{"MyModule.x6"}[value])]))	e_entity([("MyModule.kind000", e_str("if")), ("MyModule.test000", e_var(#{"MyModule.test000"}[value])), ("MyModule.tt000", e_var(#{"MyModule.tt000"}[value])), ("MyModule.ff000", e_var(#{"MyModule.ff000"}[value]))])
"MyModule.Seq000"	[(#{"MyModule.s1000"}[value], t_refine(#{"MyModule.x6"}[value], t_any, e_app("$MyModule.Statement000", [e_var(#{"MyModule.x6"}[value])]))), (#{"MyModule.s2000"}[value], t_refine(#{"MyModule.x6"}[value], t_any, e_app("$MyModule.Statement000", [e_var(#{"MyModule.x6"}[value])])))]	t_refine(#{"MyModule.x6"}[value], t_any, e_app("$MyModule.Statement000", [e_var(#{"MyModule.x6"}[value])]))	e_entity([("MyModule.kind000", e_str("seq")), ("MyModule.s1000", e_var(#{"MyModule.s1000"}[value])), ("MyModule.s2000", e_var(#{"MyModule.s2000"}[value]))])
"MyModule.Skip000"	[]	t_refine(#{"MyModule.x6"}[value], t_any, e_app("$MyModule.Statement000", [e_var(#{"MyModule.x6"}[value])]))	e_entity([("MyModule.kind000", e_str("skip"))])
"MyModule.BreakSingleton000"	[(#{"MyModule.xs000"}[value], t_refine(#{"MyModule.value1"}[value], t_coll(t_intersection(t_entity("MyModule.name000", t_str), t_entity("MyModule.val000", t_int))), e_binop(b_eq, e_accum(#{"MyModule.x8"}[value], e_var(#{"MyModule.value1"}[value]), #{"MyModule.x9"}[value], e_ascribe(e_int(0), t_int), e_binop(b_add, e_var(#{"MyModule.x9"}[value]), e_int(1))), e_int(1))))]	t_int	e_accum(#{"MyModule.x000"}[value], e_var(#{"MyModule.xs000"}[value]), #{"MyModule.n000"}[value], e_ascribe(e_int(0), t_int), e_select(e_var(#{"MyModule.x000"}[value]), "MyModule.val000"))
"MyModule.Error000"	[]	t_refine(#{"MyModule.value1"}[value], t_any, e_bool(false))	e_app("MyModule.Error000", [])
"MyModule.Lookup000"	[(#{"MyModule.st000"}[value], t_coll(t_intersection(t_entity("MyModule.name000", t_str), t_entity("MyModule.val000", t_int)))), (#{"MyModule.n000"}[value], t_str)]	t_int	e_let(#{"MyModule.match000"}[value], e_query(#{"MyModule.x000"}[value], e_var(#{"MyModule.st000"}[value]), e_binop(b_eq, e_select(e_var(#{"MyModule.x000"}[value]), "MyModule.name000"), e_var(#{"MyModule.n000"}[value])), e_var(#{"MyModule.x000"}[value])), e_cond(e_binop(b_eq, e_accum(#{"MyModule.x10"}[value], e_var(#{"MyModule.match000"}[value]), #{"MyModule.x11"}[value], e_ascribe(e_int(0), t_int), e_binop(b_add, e_var(#{"MyModule.x11"}[value]), e_int(1))), e_int(1)), e_app("MyModule.BreakSingleton000", [e_var(#{"MyModule.match000"}[value])]), e_app("MyModule.Error000", [])))
"MyModule.Evaluate000"	[(#{"MyModule.e000"}[value], t_refine(#{"MyModule.x4"}[value], t_any, e_app("$MyModule.Expression000", [e_var(#{"MyModule.x4"}[value])]))), (#{"MyModule.st000"}[value], t_coll(t_intersection(t_entity("MyModule.name000", t_str), t_entity("MyModule.val000", t_int))))]	t_int	e_cond(e_binop(b_eq, e_select(e_var(#{"MyModule.e000"}[value]), "MyModule.kind000"), e_str("variable")), e_app("MyModule.Lookup000", [e_var(#{"MyModule.st000"}[value]), e_select(e_var(#{"MyModule.e000"}[value]), "MyModule.name000")]), e_cond(e_binop(b_eq, e_select(e_var(#{"MyModule.e000"}[value]), "MyModule.kind000"), e_str("integer")), e_select(e_var(#{"MyModule.e000"}[value]), "MyModule.val000"), e_cond(e_binop(b_eq, e_select(e_var(#{"MyModule.e000"}[value]), "MyModule.kind000"), e_str("binary app")), e_cond(e_binop(b_eq, e_select(e_var(#{"MyModule.e000"}[value]), "MyModule.operator000"), e_str("plus")), e_binop(b_add, e_app("MyModule.Evaluate000", [e_select(e_var(#{"MyModule.e000"}[value]), "MyModule.arg1000"), e_var(#{"MyModule.st000"}[value])]), e_app("MyModule.Evaluate000", [e_select(e_var(#{"MyModule.e000"}[value]), "MyModule.arg2000"), e_var(#{"MyModule.st000"}[value])])), e_cond(e_binop(b_eq, e_select(e_var(#{"MyModule.e000"}[value]), "MyModule.operator000"), e_str("minus")), e_binop(b_sub, e_app("MyModule.Evaluate000", [e_select(e_var(#{"MyModule.e000"}[value]), "MyModule.arg1000"), e_var(#{"MyModule.st000"}[value])]), e_app("MyModule.Evaluate000", [e_select(e_var(#{"MyModule.e000"}[value]), "MyModule.arg2000"), e_var(#{"MyModule.st000"}[value])])), e_cond(e_binop(b_eq, e_select(e_var(#{"MyModule.e000"}[value]), "MyModule.operator000"), e_str("times")), e_binop(b_mul, e_app("MyModule.Evaluate000", [e_select(e_var(#{"MyModule.e000"}[value]), "MyModule.arg1000"), e_var(#{"MyModule.st000"}[value])]), e_app("MyModule.Evaluate000", [e_select(e_var(#{"MyModule.e000"}[value]), "MyModule.arg2000"), e_var(#{"MyModule.st000"}[value])])), e_cond(e_binop(b_eq, e_select(e_var(#{"MyModule.e000"}[value]), "MyModule.operator000"), e_str("<=")), e_let(#{"MyModule.x1000"}[value], e_app("MyModule.Evaluate000", [e_select(e_var(#{"MyModule.e000"}[value]), "MyModule.arg1000"), e_var(#{"MyModule.st000"}[value])]), e_let(#{"MyModule.x2000"}[value], e_app("MyModule.Evaluate000", [e_select(e_var(#{"MyModule.e000"}[value]), "MyModule.arg2000"), e_var(#{"MyModule.st000"}[value])]), e_cond(e_binop(b_or, e_binop(b_lt, e_var(#{"MyModule.x1000"}[value]), e_var(#{"MyModule.x2000"}[value])), e_binop(b_eq, e_var(#{"MyModule.x1000"}[value]), e_var(#{"MyModule.x2000"}[value]))), e_int(1), e_int(0)))), e_str("unreachable"))))), e_str("unreachable"))))
"MyModule.UpdateStore000"	[(#{"MyModule.x000"}[value], t_str), (#{"MyModule.n000"}[value], t_int), (#{"MyModule.st000"}[value], t_coll(t_intersection(t_entity("MyModule.name000", t_str), t_entity("MyModule.val000", t_int))))]	t_coll(t_intersection(t_entity("MyModule.name000", t_str), t_entity("MyModule.val000", t_int)))	e_let(#{"MyModule.st1000"}[value], e_query(#{"MyModule.y000"}[value], e_var(#{"MyModule.st000"}[value]), e_unop(u_not, e_binop(b_eq, e_var(#{"MyModule.x000"}[value]), e_select(e_var(#{"MyModule.y000"}[value]), "MyModule.name000"))), e_var(#{"MyModule.y000"}[value])), e_union(e_add(e_entity([("MyModule.name000", e_var(#{"MyModule.x000"}[value])), ("MyModule.val000", e_var(#{"MyModule.n000"}[value]))]), e_coll([])), e_var(#{"MyModule.st1000"}[value])))
"MyModule.Interpret000"	[(#{"MyModule.s000"}[value], t_refine(#{"MyModule.x6"}[value], t_any, e_app("$MyModule.Statement000", [e_var(#{"MyModule.x6"}[value])]))), (#{"MyModule.st000"}[value], t_coll(t_intersection(t_entity("MyModule.name000", t_str), t_entity("MyModule.val000", t_int))))]	t_coll(t_intersection(t_entity("MyModule.name000", t_str), t_entity("MyModule.val000", t_int)))	e_cond(e_binop(b_eq, e_select(e_var(#{"MyModule.s000"}[value]), "MyModule.kind000"), e_str("assignment")), e_let(#{"MyModule.rhs000"}[value], e_app("MyModule.Evaluate000", [e_select(e_var(#{"MyModule.s000"}[value]), "MyModule.rhs000"), e_var(#{"MyModule.st000"}[value])]), e_app("MyModule.UpdateStore000", [e_select(e_var(#{"MyModule.s000"}[value]), "MyModule.var000"), e_var(#{"MyModule.rhs000"}[value]), e_var(#{"MyModule.st000"}[value])])), e_cond(e_binop(b_eq, e_select(e_var(#{"MyModule.s000"}[value]), "MyModule.kind000"), e_str("while")), e_let(#{"MyModule.t"}[value], e_app("MyModule.Evaluate000", [e_select(e_var(#{"MyModule.s000"}[value]), "MyModule.test000"), e_var(#{"MyModule.st000"}[value])]), e_cond(e_binop(b_eq, e_var(#{"MyModule.t"}[value]), e_int(0)), e_var(#{"MyModule.st000"}[value]), e_app("MyModule.Interpret000", [e_app("MyModule.Seq000", [e_select(e_var(#{"MyModule.s000"}[value]), "MyModule.body000"), e_var(#{"MyModule.s000"}[value])]), e_var(#{"MyModule.st000"}[value])]))), e_cond(e_binop(b_eq, e_select(e_var(#{"MyModule.s000"}[value]), "MyModule.kind000"), e_str("if")), e_let(#{"MyModule.t"}[value], e_app("MyModule.Evaluate000", [e_select(e_var(#{"MyModule.s000"}[value]), "MyModule.test000"), e_var(#{"MyModule.st000"}[value])]), e_cond(e_binop(b_eq, e_var(#{"MyModule.t"}[value]), e_int(0)), e_app("MyModule.Interpret000", [e_select(e_var(#{"MyModule.s000"}[value]), "MyModule.ff000"), e_var(#{"MyModule.st000"}[value])]), e_app("MyModule.Interpret000", [e_select(e_var(#{"MyModule.s000"}[value]), "MyModule.tt000"), e_var(#{"MyModule.st000"}[value])]))), e_cond(e_binop(b_eq, e_select(e_var(#{"MyModule.s000"}[value]), "MyModule.kind000"), e_str("seq")), e_let(#{"MyModule.st1000"}[value], e_app("MyModule.Interpret000", [e_select(e_var(#{"MyModule.s000"}[value]), "MyModule.s1000"), e_var(#{"MyModule.st000"}[value])]), e_app("MyModule.Interpret000", [e_select(e_var(#{"MyModule.s000"}[value]), "MyModule.s2000"), e_var(#{"MyModule.st1000"}[value])])), e_var(#{"MyModule.st000"}[value])))))
"MyModule.Fact10000"	[]	t_refine(#{"MyModule.x6"}[value], t_any, e_app("$MyModule.Statement000", [e_var(#{"MyModule.x6"}[value])]))	e_app("MyModule.Seq000", [e_app("MyModule.Assign000", [e_str("f"), e_app("MyModule.Int000", [e_int(1)])]), e_app("MyModule.Seq000", [e_app("MyModule.Assign000", [e_str("i"), e_app("MyModule.Int000", [e_int(1)])]), e_app("MyModule.While000", [e_app("MyModule.Leq000", [e_app("MyModule.Var000", [e_str("i")]), e_app("MyModule.Int000", [e_int(10)])]), e_app("MyModule.Seq000", [e_app("MyModule.Assign000", [e_str("f"), e_app("MyModule.Times000", [e_app("MyModule.Var000", [e_str("f")]), e_app("MyModule.Var000", [e_str("i")])])]), e_app("MyModule.Assign000", [e_str("i"), e_app("MyModule.Plus000", [e_app("MyModule.Var000", [e_str("i")]), e_app("MyModule.Int000", [e_int(1)])])])])])])])
"MyModule.While_main000"	[]	t_any	e_let(#{"MyModule.res"}[value], e_app("MyModule.Interpret000", [e_app("MyModule.Fact10000", []), e_coll([])]), e_app("MyModule.Evaluate000", [e_app("MyModule.Var000", [e_str("f")]), e_var(#{"MyModule.res"}[value])]))
"MyModule.Union_Test2000"	[(#{"MyModule.xs000"}[value], t_coll(t_union(t_intersection(t_entity("MyModule.tag000", t_singleton(e_int(42), t_any)), t_entity("MyModule.bar000", t_int)), t_intersection(t_entity("MyModule.tag000", t_singleton(e_int(43), t_any)), t_entity("MyModule.foo000", t_str)))))]	t_coll(t_str)	e_query(#{"MyModule.x000"}[value], e_var(#{"MyModule.xs000"}[value]), e_bool(true), e_cond(e_binop(b_eq, e_select(e_var(#{"MyModule.x000"}[value]), "MyModule.tag000"), e_int(42)), e_str("Hello"), e_select(e_var(#{"MyModule.x000"}[value]), "MyModule.foo000")))
"MyModule.Union_Test3000"	[(#{"MyModule.xs000"}[value], t_coll(t_union(t_intersection(t_entity("MyModule.tag000", t_singleton(e_int(42), t_any)), t_entity("MyModule.bar000", t_int)), t_intersection(t_entity("MyModule.tag000", t_singleton(e_int(43), t_any)), t_entity("MyModule.foo000", t_str)))))]	t_coll(t_str)	e_query(#{"MyModule.x000"}[value], e_var(#{"MyModule.xs000"}[value]), e_binop(b_eq, e_select(e_var(#{"MyModule.x000"}[value]), "MyModule.tag000"), e_int(43)), e_select(e_var(#{"MyModule.x000"}[value]), "MyModule.foo000"))
