"MyModule.Pos000"	t_refine(#{"MyModule.value1"}[value], t_int, e_binop(b_gt, e_var(#{"MyModule.value1"}[value]), e_int(0)))
"MyModule.U000"	t_union(t_intersection(t_entity("MyModule.tag000", t_singleton(e_int(42), t_any)), t_entity("MyModule.bar000", t_int)), t_intersection(t_entity("MyModule.tag000", t_singleton(e_int(43), t_any)), t_entity("MyModule.foo000", t_str)))
"MyModule.Store000"	t_coll(t_intersection(t_entity("MyModule.name000", t_str), t_entity("MyModule.val000", t_int)))
"MyModule.T_ff000"	t_intersection(t_entity("MyModule.tag000", t_singleton(e_int(43), t_any)), t_entity("MyModule.foo000", t_str))
"MyModule.DataCenter000"	t_refine(#{"MyModule.value1"}[value], t_entity("MyModule.serv000", t_refine(#{"MyModule.value2"}[value], t_coll(t_refine(#{"MyModule.value1"}[value], t_intersection(t_entity("MyModule.comp000", t_entity("MyModule.cost000", t_refine(#{"MyModule.value1"}[value], t_int, e_binop(b_gt, e_var(#{"MyModule.value1"}[value]), e_int(0))))), t_intersection(t_entity("MyModule.cost000", t_refine(#{"MyModule.value1"}[value], t_int, e_binop(b_gt, e_var(#{"MyModule.value1"}[value]), e_int(0)))), t_entity("MyModule.app000", t_entity("MyModule.licenseFee000", t_refine(#{"MyModule.value1"}[value], t_int, e_binop(b_gt, e_var(#{"MyModule.value1"}[value]), e_int(0))))))), e_binop(b_and, e_binop(b_eq, e_select(e_var(#{"MyModule.value1"}[value]), "MyModule.cost000"), e_binop(b_add, e_select(e_select(e_var(#{"MyModule.value1"}[value]), "MyModule.comp000"), "MyModule.cost000"), e_select(e_select(e_var(#{"MyModule.value1"}[value]), "MyModule.app000"), "MyModule.licenseFee000"))), e_binop(b_lt, e_select(e_var(#{"MyModule.value1"}[value]), "MyModule.cost000"), e_int(2000))))), e_binop(b_and, e_binop(b_gt, e_accum(#{"MyModule.x0"}[value], e_var(#{"MyModule.value2"}[value]), #{"MyModule.x1"}[value], e_ascribe(e_int(0), t_int), e_binop(b_add, e_var(#{"MyModule.x1"}[value]), e_int(1))), e_int(1)), e_binop(b_lt, e_accum(#{"MyModule.x2"}[value], e_var(#{"MyModule.value2"}[value]), #{"MyModule.x3"}[value], e_ascribe(e_int(0), t_int), e_binop(b_add, e_var(#{"MyModule.x3"}[value]), e_int(1))), e_int(13))))), e_binop(b_lt, e_accum(#{"MyModule.serv000"}[value], e_select(e_var(#{"MyModule.value1"}[value]), "MyModule.serv000"), #{"MyModule.s000"}[value], e_ascribe(e_int(0), t_int), e_binop(b_add, e_var(#{"MyModule.s000"}[value]), e_select(e_var(#{"MyModule.serv000"}[value]), "MyModule.cost000"))), e_int(10001)))
"MyModule.Computer000"	t_entity("MyModule.cost000", t_refine(#{"MyModule.value1"}[value], t_int, e_binop(b_gt, e_var(#{"MyModule.value1"}[value]), e_int(0))))
"Logical"	t_bool
"Text"	t_str
"MyModule.Server000"	t_refine(#{"MyModule.value1"}[value], t_intersection(t_entity("MyModule.comp000", t_entity("MyModule.cost000", t_refine(#{"MyModule.value1"}[value], t_int, e_binop(b_gt, e_var(#{"MyModule.value1"}[value]), e_int(0))))), t_intersection(t_entity("MyModule.cost000", t_refine(#{"MyModule.value1"}[value], t_int, e_binop(b_gt, e_var(#{"MyModule.value1"}[value]), e_int(0)))), t_entity("MyModule.app000", t_entity("MyModule.licenseFee000", t_refine(#{"MyModule.value1"}[value], t_int, e_binop(b_gt, e_var(#{"MyModule.value1"}[value]), e_int(0))))))), e_binop(b_and, e_binop(b_eq, e_select(e_var(#{"MyModule.value1"}[value]), "MyModule.cost000"), e_binop(b_add, e_select(e_select(e_var(#{"MyModule.value1"}[value]), "MyModule.comp000"), "MyModule.cost000"), e_select(e_select(e_var(#{"MyModule.value1"}[value]), "MyModule.app000"), "MyModule.licenseFee000"))), e_binop(b_lt, e_select(e_var(#{"MyModule.value1"}[value]), "MyModule.cost000"), e_int(2000))))
"MyModule.Marriage000"	t_intersection(t_entity("MyModule.SpouseA000", t_refine(#{"MyModule.value1"}[value], t_intersection(t_entity("MyModule.Name000", t_str), t_entity("MyModule.Age000", t_int)), e_binop(b_gt, e_select(e_var(#{"MyModule.value1"}[value]), "MyModule.Age000"), e_int(17)))), t_entity("MyModule.SpouseB000", t_refine(#{"MyModule.value1"}[value], t_intersection(t_entity("MyModule.Name000", t_str), t_entity("MyModule.Age000", t_int)), e_binop(b_gt, e_select(e_var(#{"MyModule.value1"}[value]), "MyModule.Age000"), e_int(17)))))
"MyModule.Expression000"	t_refine(#{"MyModule.x4"}[value], t_any, e_app("$MyModule.Expression000", [e_var(#{"MyModule.x4"}[value])]))
"Any"	t_any
"MyModule.Application000"	t_entity("MyModule.licenseFee000", t_refine(#{"MyModule.value1"}[value], t_int, e_binop(b_gt, e_var(#{"MyModule.value1"}[value]), e_int(0))))
"Integer32"	t_int
"MyModule.Person000"	t_intersection(t_entity("MyModule.Name000", t_str), t_entity("MyModule.Age000", t_int))
"MyModule.T_tt000"	t_intersection(t_entity("MyModule.tag000", t_singleton(e_int(42), t_any)), t_entity("MyModule.bar000", t_int))
"MyModule.Statement000"	t_refine(#{"MyModule.x6"}[value], t_any, e_app("$MyModule.Statement000", [e_var(#{"MyModule.x6"}[value])]))
"MyModule.EligiblePerson000"	t_refine(#{"MyModule.value1"}[value], t_intersection(t_entity("MyModule.Name000", t_str), t_entity("MyModule.Age000", t_int)), e_binop(b_gt, e_select(e_var(#{"MyModule.value1"}[value]), "MyModule.Age000"), e_int(17)))
"MyModule.Operator000"	t_refine(#{"MyModule.value1"}[value], t_str, e_binop(b_or, e_binop(b_or, e_binop(b_or, e_binop(b_eq, e_var(#{"MyModule.value1"}[value]), e_str("plus")), e_binop(b_eq, e_var(#{"MyModule.value1"}[value]), e_str("minus"))), e_binop(b_eq, e_var(#{"MyModule.value1"}[value]), e_str("times"))), e_binop(b_eq, e_var(#{"MyModule.value1"}[value]), e_str("<="))))
